瘤痢,瘤痢疙,老矫,扁柯(∑C),碍荐樊(mm),浅加(m/s),浅氢(16规困),嚼档(%),泅瘤扁拘(hPa),秦搁扁拘(hPa),老炼(hr),老荤(MJ/m2),利汲(cm),傈款樊(10盒困),瘤搁惑怕(瘤搁惑怕内靛),瘤搁柯档(∑C)
156,堡林,2022-01-01 01:00,-4.2,,2,70,52,1024.4,1033.6,,,,10,,-1.3
156,堡林,2022-01-01 02:00,-4.3,,1.6,70,52,1024.2,1033.4,,,,7,,-1.4
156,堡林,2022-01-01 03:00,-4.1,,2.9,70,51,1023.6,1032.7,,,,9,,-1.3
156,堡林,2022-01-01 04:00,-4,,3.2,70,51,1022.7,1031.8,,,,9,,-1.4
156,堡林,2022-01-01 05:00,-4.7,,1.6,50,54,1023.1,1032.3,,,,9,,-1.8
156,堡林,2022-01-01 06:00,-4.6,,2.9,70,54,1022.5,1031.7,,,,6,,-2.1
156,堡林,2022-01-01 07:00,-5.1,,1.7,70,53,1022.7,1031.9,,,,0,,-2.4
156,堡林,2022-01-01 08:00,-5,,.5,320,56,1023.2,1032.4,0,.07,,2,,-2.6
156,堡林,2022-01-01 09:00,-3.6,,1.2,50,48,1023.3,1032.4,.8,.44,,0,,-2.2
156,堡林,2022-01-01 10:00,-2.6,,.9,320,41,1024.5,1033.6,1,.99,,3,,-1.2
156,堡林,2022-01-01 11:00,-.8,,1,50,32,1024,1033,.3,1.06,,3,,-.3
156,堡林,2022-01-01 12:00,1.5,,2.3,70,22,1022.5,1031.4,1,1.98,,4,,.5
156,堡林,2022-01-01 13:00,3.2,,1.7,70,19,1021,1029.9,1,2.18,,6,,1.8
156,堡林,2022-01-01 14:00,4.9,,.8,320,17,1020.1,1028.9,1,2,,2,,3.5
156,堡林,2022-01-01 15:00,5,,.9,50,20,1019.4,1028.2,1,1.43,,4,,4.4
156,堡林,2022-01-01 16:00,5,,.9,20,21,1019.2,1028,1,1.18,,8,,4.7
156,堡林,2022-01-01 17:00,4.4,,1.3,20,24,1019.1,1027.9,.8,.48,,8,,2.4
156,堡林,2022-01-01 18:00,3.7,,.8,20,28,1019.4,1028.2,.1,.1,,6,,1.1
156,堡林,2022-01-01 19:00,2.8,,.1,0,32,1019.3,1028.2,,,,7,,.8
156,堡林,2022-01-01 20:00,2.2,,.8,50,31,1019.3,1028.2,,,,8,,.6
156,堡林,2022-01-01 21:00,1.5,,.5,140,35,1019.1,1028,,,,7,,.5
156,堡林,2022-01-01 22:00,1,,0,0,43,1019.1,1028,,,,9,,.3
156,堡林,2022-01-01 23:00,0,,.7,270,54,1019.5,1028.5,,,,6,,0
156,堡林,2022-01-02 00:00,-.4,,.2,0,57,1019.3,1028.3,,,,7,,-.3
156,堡林,2022-01-02 01:00,-.8,,.4,0,59,1019.1,1028.1,,,,6,,-.5
156,堡林,2022-01-02 02:00,-1.5,,.3,0,63,1019,1028,,,,0,,-.9
156,堡林,2022-01-02 03:00,-2.3,,0,0,67,1019.2,1028.2,,,,0,,-1.1
156,堡林,2022-01-02 04:00,-2.6,,0,0,70,1018.6,1027.6,,,,0,,-1.4
156,堡林,2022-01-02 05:00,-2.2,,.4,0,65,1017.7,1026.7,,,,0,,-1.6
156,堡林,2022-01-02 06:00,-3.1,,.4,0,72,1017.8,1026.9,,,,0,,-1.7
156,堡林,2022-01-02 07:00,-3.2,,.1,0,71,1018.5,1027.6,,,,9,,-1.1
156,堡林,2022-01-02 08:00,-2.5,,.2,0,70,1018.7,1027.7,0,.06,,8,,-1
156,堡林,2022-01-02 09:00,-1.6,,.2,0,71,1019.1,1028.1,.1,.25,,6,,-.5
156,堡林,2022-01-02 10:00,-.3,,.8,270,63,1019.6,1028.6,.3,.5,,7,,-.1
156,堡林,2022-01-02 11:00,1,,.5,270,57,1019.7,1028.6,.4,.99,,9,,.1
156,堡林,2022-01-02 12:00,2.2,,.4,0,50,1019.2,1028.1,.1,.76,,9,,.8
156,堡林,2022-01-02 13:00,4.3,,.3,0,46,1018.4,1027.2,.5,1.36,,8,,2.1
156,堡林,2022-01-02 14:00,5.7,,.9,290,58,1017.8,1026.6,.3,1.06,,9,,4.9
156,堡林,2022-01-02 15:00,6.5,,1.2,20,64,1017.7,1026.4,.3,.9,,6,,6.1
156,堡林,2022-01-02 16:00,5.9,,2.3,20,57,1017.6,1026.3,1,1.03,,2,,5.8
156,堡林,2022-01-02 17:00,4.7,,1.2,20,56,1017.8,1026.6,1,.43,,0,,3
156,堡林,2022-01-02 18:00,3.5,,1,50,62,1018.3,1027.1,0,.09,,0,,1
156,堡林,2022-01-02 19:00,1.8,,.5,20,70,1018.7,1027.6,,,,0,,.8
156,堡林,2022-01-02 20:00,2.1,,1.1,20,69,1018.9,1027.8,,,,0,,.5
156,堡林,2022-01-02 21:00,.9,,1.1,50,73,1019,1027.9,,,,0,,.1
156,堡林,2022-01-02 22:00,.1,,1.3,70,74,1019.1,1028.1,,,,0,,-.2
156,堡林,2022-01-02 23:00,-.2,,.1,0,70,1019.2,1028.2,,,,0,,-.7
156,堡林,2022-01-03 00:00,-.7,,0,0,78,1019.2,1028.2,,,,0,,-.9
156,堡林,2022-01-03 01:00,-1.9,,1.5,50,84,1018.6,1027.6,,,,0,,-1.2
156,堡林,2022-01-03 02:00,-1.8,,.4,0,77,1018.4,1027.4,,,,8,,-1.6
156,堡林,2022-01-03 03:00,-2.9,,1.1,320,87,1018.8,1027.9,,,,0,,-1.9
156,堡林,2022-01-03 04:00,-3.2,,.2,0,89,1018.2,1027.3,,,,0,,-2.2
156,堡林,2022-01-03 05:00,-3.7,,0,0,88,1018.6,1027.7,,,,3,,-2.5
156,堡林,2022-01-03 06:00,-3.9,,0,0,91,1019,1028.1,,,,2,,-2.8
156,堡林,2022-01-03 07:00,-3.8,,.1,0,91,1018.8,1027.9,,,,3,,-3.1
156,堡林,2022-01-03 08:00,-4.2,,.3,0,89,1018.9,1028,0,.07,,0,,-3.3
156,堡林,2022-01-03 09:00,-3.3,,1,250,86,1019.2,1028.3,.8,.6,,0,,-2.7
156,堡林,2022-01-03 10:00,-1.3,,.8,250,76,1019.4,1028.4,1,1.38,,0,,-1.3
156,堡林,2022-01-03 11:00,1,,.6,230,61,1019.4,1028.3,1,1.79,,2,,-.1
156,堡林,2022-01-03 12:00,3.2,,1.1,230,51,1018.3,1027.1,1,1.99,,0,,.8
156,堡林,2022-01-03 13:00,5.4,,1.7,230,46,1017.2,1026,1,2.11,,0,,2.6
156,堡林,2022-01-03 14:00,6.2,,.9,20,38,1016.2,1024.9,1,1.94,,0,,4.7
156,堡林,2022-01-03 15:00,6.3,,1.2,360,43,1015.8,1024.5,1,1.61,,0,,5.6
156,堡林,2022-01-03 16:00,5.9,,1.2,340,44,1015.9,1024.6,1,1.1,,0,,4.8
156,堡林,2022-01-03 17:00,4.9,,1,360,47,1016.3,1025.1,1,.5,,0,,2.4
156,堡林,2022-01-03 18:00,3.3,,1.8,50,56,1017.1,1025.9,.1,.09,,0,,1.1
156,堡林,2022-01-03 19:00,2,,1.4,50,62,1017.3,1026.2,,,,0,,.7
156,堡林,2022-01-03 20:00,1.2,,1,90,64,1017.4,1026.3,,,,0,,.3
156,堡林,2022-01-03 21:00,1.1,,.2,0,67,1017.5,1026.4,,,,0,,0
156,堡林,2022-01-03 22:00,.7,,.4,0,69,1017.7,1026.6,,,,0,,-.2
156,堡林,2022-01-03 23:00,.3,,.1,0,75,1017.7,1026.6,,,,0,,-.4
156,堡林,2022-01-04 00:00,-.3,,.6,250,79,1017.4,1026.3,,,,0,,-.7
156,堡林,2022-01-04 01:00,-1,,1.2,270,85,1017.3,1026.3,,,,0,,-.5
156,堡林,2022-01-04 02:00,-1,,1.3,230,86,1017.7,1026.7,,,,0,,-.5
156,堡林,2022-01-04 03:00,-.4,,0,0,83,1017.9,1026.9,,,,8,,-.4
156,堡林,2022-01-04 04:00,0,,.1,0,82,1018.2,1027.2,,,,9,,-.2
156,堡林,2022-01-04 05:00,.1,,.1,0,83,1018,1027,,,,9,,-.1
156,堡林,2022-01-04 06:00,.5,,.1,0,80,1017.9,1026.8,,,,9,,-.2
156,堡林,2022-01-04 07:00,.1,,.9,20,83,1018.6,1027.6,,,,9,,-.2
156,堡林,2022-01-04 08:00,-.5,,0,0,86,1018.9,1027.9,0,.07,,0,,-.7
156,堡林,2022-01-04 09:00,.7,,1.1,50,82,1019.6,1028.5,.3,.32,,0,,-.3
156,堡林,2022-01-04 10:00,3.2,,.3,0,69,1020,1028.8,1,.85,,0,,-.1
156,堡林,2022-01-04 11:00,4.2,,1,50,55,1020,1028.8,1,1.41,,0,,.3
156,堡林,2022-01-04 12:00,5.5,,3.1,70,40,1018.9,1027.7,1,1.89,,0,,2.2
156,堡林,2022-01-04 13:00,6.1,,1.3,20,23,1018.4,1027.1,1,2.11,,0,,5.9
156,堡林,2022-01-04 14:00,6.3,,2,320,18,1018.1,1026.8,1,2.07,,0,,7.9
156,堡林,2022-01-04 15:00,6.6,,1.2,340,20,1018.1,1026.8,1,1.73,,0,,8.2
156,堡林,2022-01-04 16:00,6,,1.3,340,16,1018.1,1026.8,1,1.2,,1,,6.2
156,堡林,2022-01-04 17:00,4.9,,1.6,20,21,1017.9,1026.7,1,.59,,1,,3.2
156,堡林,2022-01-04 18:00,3,,2.4,50,33,1018.2,1027,.2,.1,,2,,1
156,堡林,2022-01-04 19:00,1.8,,1.4,50,46,1018.8,1027.7,,,,6,,.9
156,堡林,2022-01-04 20:00,.7,,.9,90,47,1019.1,1028,,,,8,,.7
156,堡林,2022-01-04 21:00,.4,,1.1,70,51,1019.7,1028.7,,,,7,,.5
156,堡林,2022-01-04 22:00,.3,,.8,90,53,1019.5,1028.5,,,,1,,.4
156,堡林,2022-01-04 23:00,0,,1.8,70,54,1019.6,1028.6,,,,6,,.2
156,堡林,2022-01-05 00:00,-.1,,1.7,70,49,1019.5,1028.5,,,,8,,.1
156,堡林,2022-01-05 01:00,-.5,,2.4,70,46,1019.4,1028.4,,,,9,,.1
156,堡林,2022-01-05 02:00,-.5,,2.9,70,42,1019.2,1028.2,,,,9,,0
156,堡林,2022-01-05 03:00,-.6,,1.7,50,42,1019.1,1028.1,,,,8,,-.1
156,堡林,2022-01-05 04:00,-.5,,1.9,70,40,1018.1,1027.1,,,,10,,-.1
156,堡林,2022-01-05 05:00,-.4,,1,70,39,1018.2,1027.2,,,,10,,-.1
156,堡林,2022-01-05 06:00,-.3,,1.3,50,38,1018.2,1027.2,,,,10,,-.1
156,堡林,2022-01-05 07:00,-.3,,1.1,20,42,1018.6,1027.6,,,,10,,-.1
156,堡林,2022-01-05 08:00,-.4,,1.8,50,42,1018.4,1027.4,0,.07,,10,,-.1
156,堡林,2022-01-05 09:00,.1,,.6,70,36,1018.5,1027.5,0,.14,,10,,0
156,堡林,2022-01-05 10:00,.8,,1.1,50,36,1018.8,1027.7,0,.27,,10,,.1
156,堡林,2022-01-05 11:00,1.7,,.5,50,27,1018.8,1027.7,0,.55,,10,,.3
156,堡林,2022-01-05 12:00,2.7,,1,70,29,1017.7,1026.5,0,1.02,,10,,2.5
156,堡林,2022-01-05 13:00,4.1,,1.2,70,28,1016.2,1025,0,.97,,10,,5.2
156,堡林,2022-01-05 14:00,4.4,,.6,340,30,1015.5,1024.3,0,.64,,10,,5.3
156,堡林,2022-01-05 15:00,4.5,,1.1,290,28,1015.5,1024.3,0,.41,,10,,4.9
156,堡林,2022-01-05 16:00,4.6,,.1,0,29,1016,1024.8,0,.24,,10,,4.3
156,堡林,2022-01-05 17:00,4.4,,.2,0,34,1016.5,1025.3,0,.15,,10,,3.7
156,堡林,2022-01-05 18:00,4.3,,0,0,33,1016.8,1025.6,0,.07,,10,,3
156,堡林,2022-01-05 19:00,4.5,,.8,20,32,1017.1,1025.9,,,,10,,2.6
156,堡林,2022-01-05 20:00,4.4,,.4,0,34,1017.2,1026,,,,10,,2.4
156,堡林,2022-01-05 21:00,3.9,,.5,230,41,1017.4,1026.2,,,,10,,2.2
156,堡林,2022-01-05 22:00,3.6,,.9,250,47,1017.4,1026.2,,,,4,,2.2
156,堡林,2022-01-05 23:00,3.6,,.7,290,46,1017.1,1025.9,,,,0,,2.1
156,堡林,2022-01-06 00:00,3,,.1,0,50,1017,1025.8,,,,6,,2
156,堡林,2022-01-06 01:00,2.5,,.6,290,50,1016.8,1025.6,,,,9,,1.9
156,堡林,2022-01-06 02:00,2.4,,.3,0,50,1016.8,1025.7,,,,10,,1.8
156,堡林,2022-01-06 03:00,2.9,,1.1,20,46,1016.9,1025.7,,,,5,,1.4
156,堡林,2022-01-06 04:00,1.7,,.7,290,56,1017.4,1026.3,,,,6,,.8
156,堡林,2022-01-06 05:00,1.2,,.1,0,44,1017.7,1026.6,,,,6,,.7
156,堡林,2022-01-06 06:00,.2,,1.9,70,50,1018.2,1027.1,,,,0,,.1
156,堡林,2022-01-06 07:00,-.3,,.6,20,45,1019.1,1028.1,,,,0,,-.3
156,堡林,2022-01-06 08:00,-.1,,.5,340,47,1019.7,1028.7,0,.06,,0,,-.5
156,堡林,2022-01-06 09:00,.9,,.1,0,45,1020,1028.9,.8,.41,,0,,-.5
156,堡林,2022-01-06 10:00,2.5,,1.8,50,35,1020.6,1029.5,1,1.03,,0,,-.1
156,堡林,2022-01-06 11:00,4,,1.2,360,29,1020.8,1029.6,1,1.59,,0,,.4
156,堡林,2022-01-06 12:00,5.1,,1.6,50,23,1019.8,1028.6,1,1.96,,0,,3.8
156,堡林,2022-01-06 13:00,6.2,,2.7,50,17,1019.1,1027.8,1,2.14,,0,,7.1
156,堡林,2022-01-06 14:00,6.5,,2.6,340,23,1018.8,1027.5,1,2.06,,0,,8.7
156,堡林,2022-01-06 15:00,6.3,,1.9,360,22,1018.7,1027.4,1,1.78,,0,,8.8
156,堡林,2022-01-06 16:00,5.9,,2.2,50,28,1018.8,1027.6,1,1.24,,0,,7.1
156,堡林,2022-01-06 17:00,5.1,,1.3,360,33,1019.3,1028.1,1,.6,,0,,4
156,堡林,2022-01-06 18:00,3.4,,1.5,20,40,1019.9,1028.7,.4,.11,,0,,1.6
156,堡林,2022-01-06 19:00,2.2,,1,50,48,1020.4,1029.3,,,,0,,1
156,堡林,2022-01-06 20:00,1.1,,.9,50,53,1021.2,1030.1,,,,0,,.4
156,堡林,2022-01-06 21:00,.7,,1.4,70,56,1021.2,1030.2,,,,0,,0
156,堡林,2022-01-06 22:00,.1,,1.7,70,61,1021.3,1030.3,,,,0,,-.3
156,堡林,2022-01-06 23:00,-.4,,2,70,70,1020.9,1029.9,,,,0,,-.7
156,堡林,2022-01-07 00:00,-.4,,1,50,73,1021.1,1030.1,,,,0,,-.9
156,堡林,2022-01-07 01:00,-.9,,.4,0,74,1021.3,1030.3,,,,0,,-1.2
156,堡林,2022-01-07 02:00,-1.7,,.7,20,77,1021.7,1030.7,,,,0,,-1.4
156,堡林,2022-01-07 03:00,-1.6,,.9,20,75,1022,1031,,,,0,,-1.7
156,堡林,2022-01-07 04:00,-2.4,,0,0,81,1021.9,1031,,,,0,,-2
156,堡林,2022-01-07 05:00,-2.6,,0,0,80,1021.6,1030.7,,,,0,,-2.3
156,堡林,2022-01-07 06:00,-3.4,,.1,0,84,1021.9,1031,,,,0,,-2.6
156,堡林,2022-01-07 07:00,-4.2,,0,0,89,1022.3,1031.4,,,,0,,-3
156,堡林,2022-01-07 08:00,-4,,.4,0,87,1022.3,1031.4,0,.06,,0,,-3.2
156,堡林,2022-01-07 09:00,-2.4,,.4,0,83,1022.4,1031.5,.8,.53,,0,,-2.6
156,堡林,2022-01-07 10:00,-.6,,.4,0,73,1022.6,1031.6,1,1.24,,0,,-1.2
156,堡林,2022-01-07 11:00,1.2,,.9,270,63,1022.1,1031,1,1.64,,0,,0
156,堡林,2022-01-07 12:00,3.2,,1.3,250,52,1021.1,1030,1,2.01,,0,,1.4
156,堡林,2022-01-07 13:00,4.7,,1.5,270,33,1020.4,1029.2,1,2.18,,0,,3.7
156,堡林,2022-01-07 14:00,7.1,,.9,250,27,1019.7,1028.4,1,2.08,,0,,6
156,堡林,2022-01-07 15:00,8.1,,1.9,250,25,1019.3,1028,1,1.74,,0,,7.4
156,堡林,2022-01-07 16:00,7.3,,1.1,20,18,1019.1,1027.8,1,1.24,,0,,6
156,堡林,2022-01-07 17:00,5.7,,.7,290,22,1019,1027.8,1,.57,,0,,2.7
156,堡林,2022-01-07 18:00,3.7,,1.3,290,28,1019.1,1027.9,.2,.09,,0,,1
156,堡林,2022-01-07 19:00,2.3,,.7,270,38,1019.7,1028.6,,,,0,,.3
156,堡林,2022-01-07 20:00,1.2,,.4,0,45,1019.9,1028.8,,,,0,,-.2
156,堡林,2022-01-07 21:00,.6,,.6,290,49,1020,1028.9,,,,0,,-.5
156,堡林,2022-01-07 22:00,-.1,,0,0,52,1019.8,1028.8,,,,0,,-.9
156,堡林,2022-01-07 23:00,-.3,,.5,50,49,1019.7,1028.7,,,,0,,-1.2
156,堡林,2022-01-08 00:00,-.9,,.9,270,54,1019.5,1028.5,,,,0,,-1.5
156,堡林,2022-01-08 01:00,-1.8,,0,0,60,1019,1028,,,,0,,-1.8
156,堡林,2022-01-08 02:00,-1.9,,.5,270,62,1019.1,1028.1,,,,0,,-2.1
156,堡林,2022-01-08 03:00,-2.5,,0,0,66,1019.1,1028.1,,,,1,,-2.4
156,堡林,2022-01-08 04:00,-3,,0,0,66,1018.4,1027.5,,,,0,,-2.7
156,堡林,2022-01-08 05:00,-3.8,,.1,0,66,1017.8,1026.9,,,,0,,-3
156,堡林,2022-01-08 06:00,-4,,.1,0,72,1017.9,1027,,,,4,,-3.3
156,堡林,2022-01-08 07:00,-4.4,,.4,0,74,1018.1,1027.2,,,,0,,-3.5
156,堡林,2022-01-08 08:00,-4.3,,.2,0,78,1018.3,1027.4,0,.07,,0,,-3.5
156,堡林,2022-01-08 09:00,-2.9,,.1,0,73,1018.3,1027.4,.8,.41,,0,,-2.8
156,堡林,2022-01-08 10:00,-.9,,.7,230,64,1018.3,1027.3,1,1.05,,0,,-1.3
156,堡林,2022-01-08 11:00,1.8,,1,250,53,1017.9,1026.8,1,1.59,,0,,.1
156,堡林,2022-01-08 12:00,4.9,,.5,360,46,1016.7,1025.5,1,1.95,,0,,1.5
156,堡林,2022-01-08 13:00,5.5,,.8,50,42,1015.6,1024.3,1,2.1,,0,,3.9
156,堡林,2022-01-08 14:00,7.3,,1.6,270,41,1015,1023.7,1,2,,0,,6.2
156,堡林,2022-01-08 15:00,8,,1.1,340,41,1014.6,1023.2,1,1.71,,0,,7.1
156,堡林,2022-01-08 16:00,7.5,,1.5,320,45,1014.7,1023.4,1,1.16,,0,,6.1
156,堡林,2022-01-08 17:00,6.1,,1.3,340,52,1014.9,1023.6,1,.54,,0,,3.4
156,堡林,2022-01-08 18:00,4.7,,.7,20,58,1015.6,1024.4,.3,.11,,0,,1.4
156,堡林,2022-01-08 19:00,3.3,,1.2,50,62,1016,1024.8,,,,,,.7
156,堡林,2022-01-08 20:00,2.8,,1.2,70,65,1015.9,1024.7,,,,,,.3
156,堡林,2022-01-08 21:00,3.1,,0,0,65,1015.8,1024.6,,,,7,,.1
156,堡林,2022-01-08 22:00,2.4,,0,0,71,1015.7,1024.5,,,,7,,.1
156,堡林,2022-01-08 23:00,2.4,,0,0,73,1015.5,1024.3,,,,9,,.1
156,堡林,2022-01-09 00:00,1.9,,.6,270,75,1014.9,1023.8,,,,8,,0
156,堡林,2022-01-09 01:00,1.4,,.1,0,79,1014.6,1023.5,,,,9,,-.1
156,堡林,2022-01-09 02:00,1.7,,0,0,78,1014.5,1023.4,,,,0,,.1
156,堡林,2022-01-09 03:00,1.6,,0,0,79,1014.6,1023.5,,,,9,,.1
156,堡林,2022-01-09 04:00,1.8,,0,0,78,1014.2,1023.1,,,,9,,.2
156,堡林,2022-01-09 05:00,1.7,,0,0,78,1014,1022.9,,,,9,,.2
156,堡林,2022-01-09 06:00,1.2,,.1,0,81,1013.8,1022.7,,,,9,,.2
156,堡林,2022-01-09 07:00,.9,,.8,270,83,1014.2,1023.1,,,,9,,0
156,堡林,2022-01-09 08:00,.7,,.2,0,83,1014.1,1023,0,.07,,8,,-.1
156,堡林,2022-01-09 09:00,1.2,,.1,0,85,1014.5,1023.4,0,.16,,9,,.1
156,堡林,2022-01-09 10:00,2.5,,.1,0,78,1014.7,1023.5,.1,.45,,8,,.9
156,堡林,2022-01-09 11:00,4.7,,.9,230,67,1014.7,1023.4,1,1.24,,7,,3.9
156,堡林,2022-01-09 12:00,6.8,,.7,90,60,1013.8,1022.5,1,1.7,,8,,8.4
156,堡林,2022-01-09 13:00,8.2,,1.3,340,58,1012.9,1021.5,1,1.77,,7,,10.3
156,堡林,2022-01-09 14:00,8.4,,1.1,290,54,1012.3,1020.9,.5,1.24,,7,,9.7
156,堡林,2022-01-09 15:00,8.2,,1.5,290,54,1012.2,1020.8,1,1.49,,9,,11
156,堡林,2022-01-09 16:00,6.8,,1.2,20,56,1012.3,1021,.3,.86,,9,,8.5
156,堡林,2022-01-09 17:00,5.7,,1.1,20,61,1012.5,1021.2,.2,.41,,3,,5.6
156,堡林,2022-01-09 18:00,4.8,,.4,0,66,1013,1021.7,0,.11,,2,,3.3
156,堡林,2022-01-09 19:00,3.4,,1.7,70,74,1013.5,1022.3,,,,0,,1.3
156,堡林,2022-01-09 20:00,2.7,,0,0,76,1014,1022.8,,,,0,,.8
156,堡林,2022-01-09 21:00,1.9,,.8,50,80,1014.3,1023.1,,,,0,,.3
156,堡林,2022-01-09 22:00,1.4,,1.2,50,83,1014.5,1023.4,,,,0,,0
156,堡林,2022-01-09 23:00,.7,,1.1,50,87,1014.2,1023.1,,,,0,,-.3
156,堡林,2022-01-10 00:00,.4,,.5,50,89,1014,1022.9,,,,0,,-.5
156,堡林,2022-01-10 01:00,.2,,.2,0,90,1014.1,1023,,,,0,,-.7
156,堡林,2022-01-10 02:00,-.4,,.1,0,94,1013.8,1022.7,,,,0,,-.9
156,堡林,2022-01-10 03:00,-1,,.7,250,95,1014.1,1023,,,,0,,-1.1
156,堡林,2022-01-10 04:00,-1.3,,0,0,97,1014,1023,,,,0,,-1.3
156,堡林,2022-01-10 05:00,-1.4,,.1,0,97,1013.4,1022.4,,,,7,,-1.4
156,堡林,2022-01-10 06:00,-1.9,,.1,0,97,1013.6,1022.6,,,,7,,-1.5
156,堡林,2022-01-10 07:00,-1.9,,0,0,97,1013.9,1022.9,,,,6,,-1.7
156,堡林,2022-01-10 08:00,-2,,.4,0,97,1014.1,1023.1,0,.07,,8,,-1.7
156,堡林,2022-01-10 09:00,-.8,,0,0,96,1014.1,1023,.1,.38,,8,,-.5
156,堡林,2022-01-10 10:00,.7,,.4,0,88,1014.4,1023.3,.9,.86,,3,,-.2
156,堡林,2022-01-10 11:00,2,,.6,200,80,1013.7,1022.5,1,1.39,,0,,.5
156,堡林,2022-01-10 12:00,4.6,,1,270,68,1012.3,1021,1,1.77,,0,,2.5
156,堡林,2022-01-10 13:00,6.3,,.9,270,57,1011.4,1020.1,1,1.93,,0,,6.6
156,堡林,2022-01-10 14:00,8.5,,1.8,250,50,1010.5,1019.1,1,1.86,,0,,9.6
156,堡林,2022-01-10 15:00,9.4,,2,250,44,1010.1,1018.6,1,1.54,,3,,9.9
156,堡林,2022-01-10 16:00,8.9,,1.2,290,30,1009.9,1018.5,1,1.08,,5,,8
156,堡林,2022-01-10 17:00,6.2,,1.9,320,47,1009.9,1018.6,.6,.43,,2,,5
156,堡林,2022-01-10 18:00,5.3,,1,290,49,1009.9,1018.6,0,.1,,6,,3.4
156,堡林,2022-01-10 19:00,4.5,,.7,20,52,1009.9,1018.6,,,,10,,2.6
156,堡林,2022-01-10 20:00,4,,.7,50,50,1009.5,1018.2,,,,10,,2.2
156,堡林,2022-01-10 21:00,3.6,,.6,70,54,1009.8,1018.5,,,,9,,1.7
156,堡林,2022-01-10 22:00,3.1,,0,0,63,1009.9,1018.7,,,,10,,1.5
156,堡林,2022-01-10 23:00,3.1,,0,0,63,1009.8,1018.6,,,,10,,1.3
156,堡林,2022-01-11 00:00,3,,.8,320,67,1009.1,1017.9,,,,10,,1.3
156,堡林,2022-01-11 01:00,2.8,,1.1,320,63,1008.5,1017.3,,,,10,,1.3
156,堡林,2022-01-11 02:00,2.3,,.8,320,72,1008.1,1016.9,,,,9,,1.5
156,堡林,2022-01-11 03:00,1.3,0,1,290,92,1008.1,1016.9,,,,10,,1.7
156,堡林,2022-01-11 04:00,1.8,,2.8,20,90,1007.9,1016.7,,,,10,,1.4
156,堡林,2022-01-11 05:00,.9,,2.7,50,83,1008.3,1017.1,,,,10,,1.1
156,堡林,2022-01-11 06:00,-.1,0,1.5,20,92,1008.9,1017.8,,,,10,,.9
156,堡林,2022-01-11 07:00,-1.1,,1.1,50,97,1009.7,1018.6,,,1.4,10,,1.2
156,堡林,2022-01-11 08:00,-1.5,,2.2,50,92,1010.4,1019.3,0,.06,2.1,10,,1.2
156,堡林,2022-01-11 09:00,-2.3,.2,2.6,50,92,1011.5,1020.5,0,.19,2.3,10,,1.3
156,堡林,2022-01-11 10:00,-1.4,,2.9,20,63,1012.1,1021,.7,.93,1.5,2,,1.3
156,堡林,2022-01-11 11:00,-1.1,,3.3,20,63,1012.6,1021.5,1,1.39,.4,3,,1.8
156,堡林,2022-01-11 12:00,-1.1,0,2.7,340,60,1012.4,1021.3,.7,1.48,,8,,4.3
156,堡林,2022-01-11 13:00,-.8,,2.5,20,62,1011.8,1020.7,.6,1.51,,7,,6.1
156,堡林,2022-01-11 14:00,-1.8,,2.1,20,77,1011.6,1020.6,.1,.79,,10,,4.7
156,堡林,2022-01-11 15:00,-2,0,3.5,20,83,1011.4,1020.4,.1,.75,,10,,3.7
156,堡林,2022-01-11 16:00,-1.9,,2.8,50,79,1012,1021,.3,.81,,10,,3.2
156,堡林,2022-01-11 17:00,-2.4,,1.6,360,87,1012.9,1021.9,0,.22,,10,,1.6
156,堡林,2022-01-11 18:00,-2.8,0,1.7,340,88,1013.4,1022.4,0,.09,,10,,.9
156,堡林,2022-01-11 19:00,-2.9,,1.3,20,86,1014.1,1023.1,,,.4,10,,.7
156,堡林,2022-01-11 20:00,-2.6,,.9,360,71,1014.7,1023.7,,,.4,10,,.5
156,堡林,2022-01-11 21:00,-3,0,2.6,20,76,1015.1,1024.1,,,.4,10,,.3
156,堡林,2022-01-11 22:00,-3.1,,1.5,20,71,1015,1024,,,.4,5,,0
156,堡林,2022-01-11 23:00,-3.3,,1.1,320,72,1015.3,1024.3,,,.4,10,,-.3
156,堡林,2022-01-12 00:00,-3.2,0,1.6,50,76,1015.3,1024.3,,,,10,,-.3
156,堡林,2022-01-12 01:00,-2.9,,3.2,50,64,1015,1024,,,,10,,-.5
156,堡林,2022-01-12 02:00,-3.4,,2.7,50,66,1014.9,1023.9,,,,10,,-.8
156,堡林,2022-01-12 03:00,-4.3,0,3.4,70,72,1015.2,1024.3,,,,9,,-.8
156,堡林,2022-01-12 04:00,-4.4,,2.9,70,69,1015.2,1024.3,,,,9,,-.9
156,堡林,2022-01-12 05:00,-5.2,,2.3,70,70,1015,1024.1,,,,7,,-1.3
156,堡林,2022-01-12 06:00,-5.6,,2.9,70,69,1014.9,1024,,,,4,,-1.8
156,堡林,2022-01-12 07:00,-5.4,,2.3,70,68,1014.9,1024,,,,6,,-2
156,堡林,2022-01-12 08:00,-5.4,,1.9,70,69,1015.4,1024.5,0,.07,,5,,-2.1
156,堡林,2022-01-12 09:00,-4.3,,2.4,70,65,1015.4,1024.5,.5,.35,,5,,-1.9
156,堡林,2022-01-12 10:00,-2.5,,1,70,59,1015.5,1024.5,1,1.08,,0,,-1.1
156,堡林,2022-01-12 11:00,-.9,,1.2,70,57,1015.4,1024.4,1,1.64,,1,,0
156,堡林,2022-01-12 12:00,-.6,,1,20,58,1014.2,1023.1,.7,1.46,,7,,.3
156,堡林,2022-01-12 13:00,-.4,,2,340,57,1013.8,1022.7,.7,1.46,,7,,.7
156,堡林,2022-01-12 14:00,0,,1.5,360,57,1013.4,1022.3,.1,.89,,9,,1.5
156,堡林,2022-01-12 15:00,.1,,1.6,360,57,1013.4,1022.3,.6,1.1,,10,,2.3
156,堡林,2022-01-12 16:00,.8,,2.2,50,55,1013.3,1022.2,.7,.93,,7,,3.4
156,堡林,2022-01-12 17:00,.2,,2,20,58,1013.6,1022.5,1,.66,,6,,1.5
156,堡林,2022-01-12 18:00,-.7,,1.5,50,61,1013.6,1022.5,.3,.12,,1,,.1
156,堡林,2022-01-12 19:00,-1.1,,.9,50,71,1014.2,1023.1,,,,2,,-.2
156,堡林,2022-01-12 20:00,-1.5,,1.5,50,70,1014.4,1023.4,,,,0,,-.7
156,堡林,2022-01-12 21:00,-2,,1.9,50,67,1014,1023,,,,8,,-1
156,堡林,2022-01-12 22:00,-2.3,,2.1,50,67,1013.5,1022.5,,,,4,,-1.3
156,堡林,2022-01-12 23:00,-2.4,,.9,70,65,1013.7,1022.7,,,,8,,-1.3
156,堡林,2022-01-13 00:00,-2.8,,1.8,70,66,1012.9,1021.9,,,,8,,-1.5
156,堡林,2022-01-13 01:00,-2.9,,1.2,70,66,1012.1,1021.1,,,,3,,-1.8
156,堡林,2022-01-13 02:00,-2.9,,1.2,50,64,1011.5,1020.5,,,,10,,-1.9
156,堡林,2022-01-13 03:00,-3.1,,1.1,50,65,1011.6,1020.6,,,,9,,-1.5
156,堡林,2022-01-13 04:00,-2.8,,1.9,70,54,1011,1020,,,,9,,-1.1
156,堡林,2022-01-13 05:00,-3.5,,1,70,60,1010.7,1019.7,,,,10,,-2
156,堡林,2022-01-13 06:00,-3.8,0,.2,0,69,1010.2,1019.2,,,,7,,-2.5
156,堡林,2022-01-13 07:00,-3.3,,.5,20,68,1010.4,1019.4,,,,9,,-1.4
156,堡林,2022-01-13 08:00,-3.2,,.7,340,66,1010.7,1019.7,0,.06,,10,,-1.3
156,堡林,2022-01-13 09:00,-3.4,,3.3,50,64,1012.7,1021.7,0,.12,,10,,-1.1
156,堡林,2022-01-13 10:00,-2.6,,2.4,50,72,1013.6,1022.6,.2,.42,,6,,-.8
156,堡林,2022-01-13 11:00,-.7,,2.4,70,56,1014,1022.9,.9,1.44,,6,,.2
156,堡林,2022-01-13 12:00,-1.7,0,2.6,360,63,1014,1023,.2,.9,,10,,.4
156,堡林,2022-01-13 13:00,-2.3,,2.4,20,79,1013.6,1022.6,.2,.87,,10,,.2
156,堡林,2022-01-13 14:00,-.6,,.6,20,82,1013,1021.9,.4,1.2,,6,,2.5
156,堡林,2022-01-13 15:00,-.9,0,3.9,50,69,1013.3,1022.2,.1,.56,,8,,.5
156,堡林,2022-01-13 16:00,-.7,,3.3,50,62,1013.8,1022.7,.1,.47,,9,,.3
156,堡林,2022-01-13 17:00,-1.5,,3,50,75,1014.2,1023.2,0,.26,,8,,.1
156,堡林,2022-01-13 18:00,-2.1,0,1.8,340,86,1014.6,1023.6,0,.08,,10,,.1
156,堡林,2022-01-13 19:00,-2,,2.7,50,81,1014.7,1023.7,,,,10,,.1
156,堡林,2022-01-13 20:00,-2,,2.2,360,84,1014.9,1023.9,,,,10,,0
156,堡林,2022-01-13 21:00,-2.1,0,1.8,50,83,1015.2,1024.2,,,.3,10,,0
156,堡林,2022-01-13 22:00,-2.3,,.8,50,85,1015.7,1024.7,,,.3,10,,0
156,堡林,2022-01-13 23:00,-2.4,,1.3,50,84,1015.8,1024.8,,,.4,10,,0
156,堡林,2022-01-14 00:00,-2.6,0,1.3,50,77,1016,1025,,,.4,7,,-.3
156,堡林,2022-01-14 01:00,-2.8,,2,70,68,1016.4,1025.4,,,.4,4,,-.4
156,堡林,2022-01-14 02:00,-2.8,,3.6,50,64,1016.7,1025.7,,,.4,2,,-.5
156,堡林,2022-01-14 03:00,-3.9,,2.2,70,65,1017.1,1026.2,,,.4,5,,-1.1
156,堡林,2022-01-14 04:00,-4.3,,3.5,70,64,1016.9,1026,,,.3,0,,-1.4
156,堡林,2022-01-14 05:00,-4.3,,3.3,70,63,1017.2,1026.3,,,.3,3,,-1.5
156,堡林,2022-01-14 06:00,-4.3,,1.9,70,63,1017.5,1026.6,,,.3,6,,-1.7
156,堡林,2022-01-14 07:00,-4.5,,1.6,70,66,1017.9,1027,,,.3,4,,-2.2
156,堡林,2022-01-14 08:00,-4.9,,1.6,70,68,1018.3,1027.4,0,.07,,0,,-2.6
156,堡林,2022-01-14 09:00,-3.3,,1.5,50,60,1018.8,1027.9,.7,.43,,0,,-2.3
156,堡林,2022-01-14 10:00,-1.7,,2.4,70,56,1018.9,1027.9,1,1.12,,0,,-1.2
156,堡林,2022-01-14 11:00,0,,1.2,20,54,1019.1,1028.1,1,1.66,,0,,0
156,堡林,2022-01-14 12:00,1.1,,1.7,20,50,1018.3,1027.2,1,2.04,,0,,1.4
156,堡林,2022-01-14 13:00,2.9,,1.1,50,36,1017.1,1025.9,1,2.24,,0,,3.7
156,堡林,2022-01-14 14:00,3.6,,2.9,70,26,1015.8,1024.6,1,2.19,,0,,6.3
156,堡林,2022-01-14 15:00,4.2,,2.2,50,21,1015.5,1024.3,1,1.9,,0,,7.1
156,堡林,2022-01-14 16:00,4.2,,2.1,50,19,1015.2,1024,1,1.36,,6,,5.1
156,堡林,2022-01-14 17:00,3,,.7,360,22,1015.3,1024.1,.8,.6,,6,,2.1
156,堡林,2022-01-14 18:00,1.1,,.7,290,36,1015.5,1024.4,0,.11,,8,,.5
156,堡林,2022-01-14 19:00,.4,,.5,290,41,1015.3,1024.2,,,,5,,0
156,堡林,2022-01-14 20:00,-.1,,1.6,270,43,1016.1,1025,,,,9,,-.4
156,堡林,2022-01-14 21:00,-.8,,.5,250,47,1016.2,1025.2,,,,0,,-.9
156,堡林,2022-01-14 22:00,-1.2,,.3,0,49,1016.3,1025.3,,,,5,,-1.1
156,堡林,2022-01-14 23:00,-.8,,.3,0,49,1016.4,1025.4,,,,10,,-.9
156,堡林,2022-01-15 00:00,-1.1,,.1,0,52,1016.3,1025.3,,,,8,,-.9
156,堡林,2022-01-15 01:00,-1.1,,1.4,70,47,1015.4,1024.4,,,,10,,-.9
156,堡林,2022-01-15 02:00,-1.1,,.8,360,47,1015.6,1024.6,,,,10,,-.8
156,堡林,2022-01-15 03:00,-1.5,,.1,0,51,1015.8,1024.8,,,,7,,-.8
156,堡林,2022-01-15 04:00,-1.8,,.5,290,49,1015.6,1024.6,,,,7,,-1
156,堡林,2022-01-15 05:00,-1.9,,.1,0,56,1015.1,1024.1,,,,8,,-1.2
156,堡林,2022-01-15 06:00,-2.5,,.6,250,64,1015.6,1024.6,,,,8,,-1.6
156,堡林,2022-01-15 07:00,-2.4,,.2,0,55,1015.5,1024.5,,,,8,,-1.8
156,堡林,2022-01-15 08:00,-2.3,,0,0,57,1015.4,1024.4,0,.08,,8,,-1.6
156,堡林,2022-01-15 09:00,-1,,.2,0,53,1016.1,1025.1,.5,.42,,6,,-1.1
156,堡林,2022-01-15 10:00,.3,,1.1,50,44,1015.6,1024.5,.4,.88,,8,,.1
156,堡林,2022-01-15 11:00,1.4,,.4,0,47,1015.8,1024.7,.5,1.07,,7,,.7
156,堡林,2022-01-15 12:00,4.1,,1.4,270,36,1014.7,1023.5,.8,1.71,,7,,2.7
156,堡林,2022-01-15 13:00,6,,1.2,290,31,1014,1022.7,1,2.1,,6,,6.5
156,堡林,2022-01-15 14:00,5.8,,1.2,270,34,1013.7,1022.4,.2,1.19,,8,,7.9
156,堡林,2022-01-15 15:00,6.2,,1.2,250,36,1013.6,1022.3,0,.74,,9,,7.1
156,堡林,2022-01-15 16:00,7.6,,.8,290,46,1013.7,1022.3,.4,.87,,8,,8.3
156,堡林,2022-01-15 17:00,7.1,,.2,0,51,1013.5,1022.2,.8,.63,,5,,5.6
156,堡林,2022-01-15 18:00,6,,.6,90,54,1013.8,1022.5,.1,.12,,3,,3.4
156,堡林,2022-01-15 19:00,6,,0,0,56,1014.2,1022.9,,,,4,,3.2
156,堡林,2022-01-15 20:00,4.4,,1,200,61,1014.5,1023.3,,,,7,,.9
156,堡林,2022-01-15 21:00,3.3,,.9,180,67,1014.7,1023.5,,,,0,,.3
156,堡林,2022-01-15 22:00,3,,0,0,70,1014.4,1023.2,,,,0,,.4
156,堡林,2022-01-15 23:00,2.9,,.8,230,71,1014.6,1023.4,,,,8,,.3
156,堡林,2022-01-16 00:00,2.6,,0,0,75,1015.3,1024.1,,,,0,,.4
156,堡林,2022-01-16 01:00,2.5,,.1,0,77,1015.2,1024,,,,5,,.5
156,堡林,2022-01-16 02:00,2.7,,.1,0,77,1014.8,1023.6,,,,9,,.6
156,堡林,2022-01-16 03:00,2.5,,0,0,79,1014.9,1023.7,,,,9,,.9
156,堡林,2022-01-16 04:00,2.5,,.2,0,78,1014.3,1023.1,,,,10,,1
156,堡林,2022-01-16 05:00,1.9,,.2,0,90,1014.5,1023.4,,,,10,,1.5
156,堡林,2022-01-16 06:00,2.2,0,0,0,93,1014.9,1023.7,,,,8,,1.7
156,堡林,2022-01-16 07:00,2,,1,200,96,1015.3,1024.2,,,,9,,.5
156,堡林,2022-01-16 08:00,2.5,,.5,200,97,1015.8,1024.6,0,.06,,9,,.5
156,堡林,2022-01-16 09:00,3.4,,1.1,290,95,1016.4,1025.2,0,.22,,9,,1.8
156,堡林,2022-01-16 10:00,3.5,,1.8,360,80,1016.9,1025.7,0,.52,,6,,3.2
156,堡林,2022-01-16 11:00,3.4,,2.8,50,66,1017.8,1026.6,.1,.69,,8,,4.8
156,堡林,2022-01-16 12:00,5,,2,320,46,1017.8,1026.6,.6,1.67,,8,,8.8
156,堡林,2022-01-16 13:00,5,,2.1,340,44,1017.4,1026.2,1,2.65,,4,,12.3
156,堡林,2022-01-16 14:00,4.5,,2.8,290,46,1017.1,1025.9,1,2.33,,6,,13.4
156,堡林,2022-01-16 15:00,2.7,,2.8,290,49,1017.3,1026.1,.9,1.8,,5,,10.6
156,堡林,2022-01-16 16:00,2,,3.1,20,53,1017.8,1026.7,.4,.79,,8,,7.1
156,堡林,2022-01-16 17:00,1.2,,3.4,50,56,1017.6,1026.5,.6,.45,,7,,4.5
156,堡林,2022-01-16 18:00,.5,,1.6,50,53,1017.9,1026.8,0,.1,,2,,1.4
156,堡林,2022-01-16 19:00,.1,,2.5,50,55,1018.6,1027.6,,,,2,,0
156,堡林,2022-01-16 20:00,-.3,,1.7,50,58,1018.9,1027.9,,,,0,,0
156,堡林,2022-01-16 21:00,-.4,,1.5,50,59,1019,1028,,,,3,,-.3
156,堡林,2022-01-16 22:00,-.7,,1.5,50,59,1019.2,1028.2,,,,3,,-.4
156,堡林,2022-01-16 23:00,-.6,,1.3,20,58,1018.7,1027.7,,,,3,,-.5
156,堡林,2022-01-17 00:00,-.9,,2.2,50,59,1018.8,1027.8,,,,7,,-.9
156,堡林,2022-01-17 01:00,-.8,,1.8,50,58,1019,1028,,,,9,,-.9
156,堡林,2022-01-17 02:00,-.9,,1.8,20,60,1019,1028,,,,6,,-1
156,堡林,2022-01-17 03:00,-1.6,,1.3,50,63,1019.2,1028.2,,,,5,,-1.3
156,堡林,2022-01-17 04:00,-2.3,,2.4,70,66,1018.9,1027.9,,,,5,,-1.6
156,堡林,2022-01-17 05:00,-2.4,,1.7,70,68,1018.9,1027.9,,,,7,,-1.5
156,堡林,2022-01-17 06:00,-2.5,,1.9,70,68,1019.1,1028.1,,,,8,,-1.5
156,堡林,2022-01-17 07:00,-2.8,,2.2,70,67,1019.4,1028.5,,,,5,,-1.7
156,堡林,2022-01-17 08:00,-2.6,,2.1,70,66,1019.7,1028.8,0,.07,,8,,-1.9
156,堡林,2022-01-17 09:00,-1.8,,1.6,50,64,1020,1029,0,.27,,8,,-1
156,堡林,2022-01-17 10:00,-.5,,1.2,90,58,1020.5,1029.5,.3,.74,,2,,-.1
156,堡林,2022-01-17 11:00,.3,,.9,70,58,1020.4,1029.4,.6,1.27,,9,,1.1
156,堡林,2022-01-17 12:00,1.8,,1.6,50,58,1019.7,1028.6,.8,1.61,,4,,2.7
156,堡林,2022-01-17 13:00,2.2,,1.5,290,58,1018.9,1027.8,.7,1.62,,8,,5.3
156,堡林,2022-01-17 14:00,3.2,,1.8,290,59,1018.4,1027.2,.4,1.15,,9,,7
156,堡林,2022-01-17 15:00,3.3,0,2.2,290,65,1018.2,1027,.9,1.36,,10,,8.5
156,堡林,2022-01-17 16:00,3.5,,2.2,320,61,1017.8,1026.6,.7,.89,,7,,6.7
156,堡林,2022-01-17 17:00,2.1,,1.9,290,83,1017.7,1026.6,.1,.3,,10,,4.3
156,堡林,2022-01-17 18:00,2.6,0,1.4,320,73,1017.1,1025.9,0,.1,,3,,1.7
156,堡林,2022-01-17 19:00,2.8,,2.1,340,63,1017.9,1026.7,,,,9,,.6
156,堡林,2022-01-17 20:00,2.4,,1.9,360,73,1018.3,1027.2,,,,10,,1
156,堡林,2022-01-17 21:00,1.9,,2.7,20,54,1018.6,1027.5,,,,1,,.4
156,堡林,2022-01-17 22:00,1.1,,1.4,320,55,1018.8,1027.7,,,,9,,.1
156,堡林,2022-01-17 23:00,-.2,,2.1,50,66,1019.2,1028.2,,,,9,,.2
156,堡林,2022-01-18 00:00,-.8,,2.4,50,59,1019.5,1028.5,,,,5,,-.1
156,堡林,2022-01-18 01:00,-1.6,,3.6,50,55,1019.3,1028.3,,,,0,,-.7
156,堡林,2022-01-18 02:00,-2.3,,3.3,50,56,1019.5,1028.5,,,,1,,-1.2
156,堡林,2022-01-18 03:00,-2.8,,2.6,50,53,1019.6,1028.7,,,,0,,-1.6
156,堡林,2022-01-18 04:00,-3.7,,2.1,70,54,1019.5,1028.6,,,,0,,-2.1
156,堡林,2022-01-18 05:00,-4.5,,1.6,70,56,1019.8,1028.9,,,,0,,-2.6
156,堡林,2022-01-18 06:00,-5.1,,3.2,70,57,1019.9,1029,,,,0,,-3
156,堡林,2022-01-18 07:00,-5.4,,3,70,57,1020.4,1029.5,,,,0,,-3.4
156,堡林,2022-01-18 08:00,-5.5,,2.2,70,57,1020.7,1029.9,0,.07,,0,,-3.6
156,堡林,2022-01-18 09:00,-3.9,,2.1,70,53,1021.1,1030.2,.7,.46,,0,,-3.1
156,堡林,2022-01-18 10:00,-2.4,,2.1,70,49,1021.5,1030.6,1,1.17,,0,,-1.4
156,堡林,2022-01-18 11:00,-.5,,1.8,70,42,1021.3,1030.3,1,1.73,,0,,.3
156,堡林,2022-01-18 12:00,1.4,,2.8,50,26,1020.1,1029,1,2.13,,0,,2.2
156,堡林,2022-01-18 13:00,3.1,,3.3,50,19,1019.3,1028.1,1,2.32,,0,,5.1
156,堡林,2022-01-18 14:00,3.5,,3.6,50,18,1018.2,1027,1,2.24,,0,,7.7
156,堡林,2022-01-18 15:00,3.8,,2.8,70,18,1017.5,1026.3,1,1.93,,0,,8.4
156,堡林,2022-01-18 16:00,3.9,,2.4,50,18,1017.4,1026.2,1,1.43,,0,,6.4
156,堡林,2022-01-18 17:00,3.1,,2.5,50,20,1017.4,1026.2,1,.78,,0,,2.7
156,堡林,2022-01-18 18:00,1,,1.1,50,30,1017.5,1026.4,.7,.18,,0,,.3
156,堡林,2022-01-18 19:00,-.3,,1.6,50,34,1018,1027,,,,0,,-.4
156,堡林,2022-01-18 20:00,-1,,.5,20,35,1018.2,1027.2,,,,0,,-1.1
156,堡林,2022-01-18 21:00,-1.4,,.5,90,35,1018.6,1027.6,,,,0,,-1.5
156,堡林,2022-01-18 22:00,-1.9,,2.1,70,45,1018.7,1027.7,,,,0,,-1.8
156,堡林,2022-01-18 23:00,-2.5,,1.7,70,52,1018.6,1027.6,,,,0,,-2.3
156,堡林,2022-01-19 00:00,-3.4,,1.7,70,54,1018.5,1027.6,,,,0,,-2.7
156,堡林,2022-01-19 01:00,-3.2,,1,50,55,1018.3,1027.4,,,,0,,-3
156,堡林,2022-01-19 02:00,-3.5,,1.2,50,54,1018.2,1027.3,,,,0,,-3.4
156,堡林,2022-01-19 03:00,-4.1,,1.2,50,59,1018.3,1027.4,,,,0,,-3.7
156,堡林,2022-01-19 04:00,-4.7,,.3,0,61,1018.3,1027.4,,,,0,,-4.1
156,堡林,2022-01-19 05:00,-5.1,,.8,20,62,1017.9,1027,,,,0,,-4.3
156,堡林,2022-01-19 06:00,-5.4,,0,0,62,1017.7,1026.8,,,,0,,-4.6
156,堡林,2022-01-19 07:00,-6,,.6,50,68,1017.7,1026.8,,,,0,,-4.8
156,堡林,2022-01-19 08:00,-6.1,,0,0,67,1017.8,1027,0,.07,,0,,-4.7
156,堡林,2022-01-19 09:00,-4.5,,0,0,61,1017.9,1027,.7,.38,,0,,-3.4
156,堡林,2022-01-19 10:00,-2.6,,.8,230,54,1018.1,1027.1,1,.98,,0,,-1.4
156,堡林,2022-01-19 11:00,.1,,1.1,270,46,1017.8,1026.8,1,1.53,,0,,.4
156,堡林,2022-01-19 12:00,2.7,,1.1,250,38,1016.5,1025.3,1,1.9,,0,,2.4
156,堡林,2022-01-19 13:00,4.3,,.7,250,34,1015.2,1024,1,2.11,,0,,5.7
156,堡林,2022-01-19 14:00,5.6,,1.3,270,30,1014.4,1023.1,1,2.06,,0,,7.9
156,堡林,2022-01-19 15:00,6.7,,2.6,270,33,1013.7,1022.4,1,1.78,,5,,8.5
156,堡林,2022-01-19 16:00,6.3,,2,270,44,1013.3,1022,.6,1.07,,8,,7
156,堡林,2022-01-19 17:00,4.5,,2.6,290,56,1013.5,1022.2,.3,.44,,9,,4.7
156,堡林,2022-01-19 18:00,2.6,0,1.9,340,77,1014,1022.8,0,.09,,10,,3.2
156,堡林,2022-01-19 19:00,2,,1.1,20,84,1014.5,1023.3,,,,10,,2.2
156,堡林,2022-01-19 20:00,1.6,,2.9,50,74,1014.8,1023.7,,,,0,,1.3
156,堡林,2022-01-19 21:00,1.2,0,1.2,340,78,1015.2,1024.1,,,,10,,1.1
156,堡林,2022-01-19 22:00,.8,,1.4,20,82,1015.3,1024.2,,,,10,,.9
156,堡林,2022-01-19 23:00,.7,,1.5,20,71,1015.4,1024.3,,,,9,,.6
156,堡林,2022-01-20 00:00,-.2,0,2,20,71,1015.7,1024.6,,,,10,,.3
156,堡林,2022-01-20 01:00,-1.3,,3.6,50,60,1016.1,1025.1,,,,10,,-.1
156,堡林,2022-01-20 02:00,-2.5,,2.9,50,60,1016.7,1025.7,,,,10,,-.8
156,堡林,2022-01-20 03:00,-3.3,,3.3,50,60,1017.2,1026.3,,,,1,,-1.4
156,堡林,2022-01-20 04:00,-3.9,,2,70,60,1017.1,1026.2,,,,0,,-1.9
156,堡林,2022-01-20 05:00,-4.6,,2.4,50,60,1017.1,1026.2,,,,0,,-2.4
156,堡林,2022-01-20 06:00,-5.4,,2.4,70,67,1017.8,1026.9,,,,0,,-2.9
156,堡林,2022-01-20 07:00,-5.9,,1.9,70,64,1018.4,1027.6,,,,0,,-3.3
156,堡林,2022-01-20 08:00,-6.4,,2.5,70,65,1019.3,1028.5,0,.07,,0,,-3.5
156,堡林,2022-01-20 09:00,-4.9,,1.9,70,58,1019.6,1028.7,.7,.44,,0,,-2.9
156,堡林,2022-01-20 10:00,-3.3,,1.6,70,51,1020.2,1029.3,1,1.13,,0,,-1.2
156,堡林,2022-01-20 11:00,-1.8,,1.3,90,45,1020.2,1029.2,1,1.7,,1,,.5
156,堡林,2022-01-20 12:00,.4,,1.2,20,39,1019.6,1028.6,1,2.08,,0,,2.5
156,堡林,2022-01-20 13:00,1.6,,1.1,110,39,1018.9,1027.8,1,2.25,,0,,5.8
156,堡林,2022-01-20 14:00,3.5,,1.1,290,34,1018.5,1027.3,1,2.17,,0,,8.9
156,堡林,2022-01-20 15:00,3.4,,1.4,290,33,1018.3,1027.1,1,1.88,,0,,9.4
156,堡林,2022-01-20 16:00,4.9,,1.2,270,33,1018.2,1027,1,1.36,,0,,7.7
156,堡林,2022-01-20 17:00,3.3,,1,360,40,1018.5,1027.3,1,.72,,0,,4
156,堡林,2022-01-20 18:00,1.4,,.9,340,45,1018.9,1027.8,.6,.18,,0,,.9
156,堡林,2022-01-20 19:00,.2,,.4,0,50,1019.5,1028.5,,,,0,,-.1
156,堡林,2022-01-20 20:00,-.6,,.2,0,55,1020.1,1029.1,,,,0,,-.5
156,堡林,2022-01-20 21:00,-.8,,1.7,50,54,1020.3,1029.3,,,,0,,-1
156,堡林,2022-01-20 22:00,-1.6,,1.7,70,59,1020.6,1029.6,,,,0,,-1.3
156,堡林,2022-01-20 23:00,-1.9,,2,70,64,1020.8,1029.8,,,,0,,-1.7
156,堡林,2022-01-21 00:00,-2.4,,1.1,70,64,1021,1030.1,,,,0,,-2
156,堡林,2022-01-21 01:00,-2.9,,1.3,50,68,1020.7,1029.8,,,,3,,-2.4
156,堡林,2022-01-21 02:00,-3,,1.1,50,70,1020.6,1029.7,,,,0,,-2.7
156,堡林,2022-01-21 03:00,-3.4,,.1,0,71,1020.7,1029.8,,,,0,,-3
156,堡林,2022-01-21 04:00,-3.9,,.3,0,75,1020.8,1029.9,,,,0,,-3.3
156,堡林,2022-01-21 05:00,-4.3,,0,0,79,1020.8,1029.9,,,,0,,-3.6
156,堡林,2022-01-21 06:00,-4.6,,.1,0,79,1020.9,1030,,,,0,,-3.9
156,堡林,2022-01-21 07:00,-4.6,,.1,0,79,1021.3,1030.4,,,,0,,-4.1
156,堡林,2022-01-21 08:00,-4.7,,0,0,80,1022.1,1031.3,0,.07,,1,,-4.2
156,堡林,2022-01-21 09:00,-3.2,,.6,50,71,1022.4,1031.5,.7,.43,,0,,-3.2
156,堡林,2022-01-21 10:00,-1,,.6,50,59,1022.6,1031.6,1,1.1,,0,,-1.1
156,堡林,2022-01-21 11:00,1.4,,.6,90,49,1022.5,1031.4,1,1.62,,6,,.6
156,堡林,2022-01-21 12:00,4,,.8,90,40,1021.8,1030.6,1,2.08,,3,,3.2
156,堡林,2022-01-21 13:00,5.6,,1.4,250,39,1020.9,1029.7,1,2.15,,5,,6.8
156,堡林,2022-01-21 14:00,6.3,,1.1,250,44,1019.9,1028.7,1,1.95,,7,,8.6
156,堡林,2022-01-21 15:00,7.7,,1.4,250,43,1019.6,1028.3,1,1.71,,6,,9.4
156,堡林,2022-01-21 16:00,7.8,,1.4,270,45,1019.5,1028.2,1,1.08,,7,,8.2
156,堡林,2022-01-21 17:00,6.8,,.9,230,47,1019.4,1028.1,.9,.61,,6,,5.6
156,堡林,2022-01-21 18:00,5.7,,.3,0,51,1019.4,1028.2,0,.15,,6,,2.4
156,堡林,2022-01-21 19:00,4.8,,1,90,52,1019.8,1028.6,,,,5,,.8
156,堡林,2022-01-21 20:00,4.1,,.5,140,58,1019.8,1028.6,,,,6,,-.2
156,堡林,2022-01-21 21:00,3.9,,.8,90,59,1019.8,1028.6,,,,8,,.4
156,堡林,2022-01-21 22:00,3.8,,0,0,58,1019.6,1028.4,,,,5,,1.2
156,堡林,2022-01-21 23:00,3.6,,.2,0,61,1019.3,1028.1,,,,10,,1
156,堡林,2022-01-22 00:00,3.3,,0,0,63,1019.2,1028,,,,8,,.8
156,堡林,2022-01-22 01:00,3.1,,0,0,64,1019,1027.8,,,,10,,1.2
156,堡林,2022-01-22 02:00,2.9,,.6,70,62,1018.9,1027.8,,,,10,,.8
156,堡林,2022-01-22 03:00,3,,1.1,70,62,1018.5,1027.3,,,,9,,1.2
156,堡林,2022-01-22 04:00,3.1,,.5,50,61,1017.9,1026.7,,,,2,,1.3
156,堡林,2022-01-22 05:00,3.2,,.2,0,60,1017.8,1026.6,,,,6,,1.4
156,堡林,2022-01-22 06:00,3.3,,.1,0,60,1017.9,1026.7,,,,8,,1.6
156,堡林,2022-01-22 07:00,3.4,,0,0,60,1018,1026.8,,,,8,,1.7
156,堡林,2022-01-22 08:00,3.5,,1.1,270,60,1018.1,1026.9,0,.07,,8,,1.8
156,堡林,2022-01-22 09:00,4.6,,.4,0,56,1018.2,1027,0,.3,,9,,3
156,堡林,2022-01-22 10:00,5.7,,.4,0,54,1018.5,1027.3,0,.5,,9,,4.8
156,堡林,2022-01-22 11:00,7.4,,1.6,50,52,1017.9,1026.6,.1,.83,,9,,7.5
156,堡林,2022-01-22 12:00,8.8,,1,20,50,1017.3,1025.9,.1,1.12,,8,,9.4
156,堡林,2022-01-22 13:00,10.4,,.7,20,47,1016,1024.6,.6,1.68,,8,,12.2
156,堡林,2022-01-22 14:00,11.1,,.8,230,47,1015,1023.6,0,1.19,,9,,13
156,堡林,2022-01-22 15:00,11.6,0,.9,200,50,1014.6,1023.1,0,1.06,,9,,13.2
156,堡林,2022-01-22 16:00,11.3,,.6,180,51,1014.8,1023.3,0,.67,,9,,11.8
156,堡林,2022-01-22 17:00,11,,.8,70,52,1014.8,1023.4,0,.27,,9,,9.9
156,堡林,2022-01-22 18:00,10,,1,160,53,1014.5,1023.1,0,.11,,8,,7.7
156,堡林,2022-01-22 19:00,9.3,,1.9,200,55,1014.9,1023.5,,,,8,,5.8
156,堡林,2022-01-22 20:00,8.5,,1.4,180,58,1014.8,1023.4,,,,9,,4.9
156,堡林,2022-01-22 21:00,8.3,,0,0,58,1014.8,1023.4,,,,8,,4.5
156,堡林,2022-01-22 22:00,7.5,,.7,140,63,1014.9,1023.6,,,,9,,4.1
156,堡林,2022-01-22 23:00,7.2,,.5,340,64,1015.2,1023.9,,,,8,,3.7
156,堡林,2022-01-23 00:00,6.8,,.1,0,67,1014.8,1023.5,,,,10,,3.7
156,堡林,2022-01-23 01:00,6.3,,.1,0,69,1014.5,1023.2,,,,10,,3.5
156,堡林,2022-01-23 02:00,5.9,,.2,0,70,1014.5,1023.2,,,,10,,3.3
156,堡林,2022-01-23 03:00,6,,.5,50,69,1013.7,1022.4,,,,10,,3.4
156,堡林,2022-01-23 04:00,5.7,,0,0,71,1013,1021.7,,,,10,,3.5
156,堡林,2022-01-23 05:00,5.5,,.1,0,71,1013,1021.7,,,,10,,3.3
156,堡林,2022-01-23 06:00,5.4,,.1,0,71,1012.5,1021.2,,,,10,,3.3
156,堡林,2022-01-23 07:00,4.9,,.6,50,73,1012.2,1020.9,,,,7,,2.5
156,堡林,2022-01-23 08:00,4.9,,.1,0,75,1012.8,1021.5,0,.08,,8,,2.2
156,堡林,2022-01-23 09:00,6.5,,1,50,65,1012.7,1021.4,0,.31,,10,,4.3
156,堡林,2022-01-23 10:00,7.2,,.3,0,64,1013.3,1022,0,.53,,9,,6.6
156,堡林,2022-01-23 11:00,8.4,,.8,270,59,1013.2,1021.8,0,.69,,9,,8.3
156,堡林,2022-01-23 12:00,9.7,,1.1,20,53,1012,1020.5,0,.88,,9,,10.6
156,堡林,2022-01-23 13:00,10.1,,.9,20,54,1011.2,1019.8,0,.75,,9,,10.8
156,堡林,2022-01-23 14:00,11.5,,1.2,20,50,1010.3,1018.8,0,.99,,9,,12.4
156,堡林,2022-01-23 15:00,11.7,,.7,360,51,1009.8,1018.3,.1,1.08,,9,,12.9
156,堡林,2022-01-23 16:00,10.1,,1.5,360,54,1009.7,1018.2,0,.63,,9,,11.4
156,堡林,2022-01-23 17:00,9.4,,.7,340,56,1009.5,1018,0,.36,,9,,9.4
156,堡林,2022-01-23 18:00,8.5,,.1,0,58,1010.1,1018.7,0,.11,,9,,7.4
156,堡林,2022-01-23 19:00,7.2,,0,0,63,1010.4,1019,,,,8,,5.7
156,堡林,2022-01-23 20:00,6.4,,1,20,64,1010.5,1019.2,,,,8,,4.7
156,堡林,2022-01-23 21:00,5.5,,.4,0,64,1010.9,1019.6,,,,5,,3.7
156,堡林,2022-01-23 22:00,4.6,,1.1,70,65,1010.8,1019.5,,,,5,,2.3
156,堡林,2022-01-23 23:00,4.2,,.4,0,69,1010.8,1019.5,,,,3,,1.3
156,堡林,2022-01-24 00:00,3.7,,.8,20,71,1010.8,1019.5,,,,0,,.9
156,堡林,2022-01-24 01:00,3,,.3,0,77,1010.8,1019.6,,,,0,,.4
156,堡林,2022-01-24 02:00,2.7,,0,0,80,1010.9,1019.7,,,,0,,.3
156,堡林,2022-01-24 03:00,2.2,,0,0,83,1010.9,1019.7,,,,0,,.1
156,堡林,2022-01-24 04:00,2.1,,0,0,82,1011,1019.8,,,,4,,.3
156,堡林,2022-01-24 05:00,2.3,,.4,0,83,1010.9,1019.7,,,,9,,.2
156,堡林,2022-01-24 06:00,1.8,,0,0,86,1010.7,1019.5,,,,4,,0
156,堡林,2022-01-24 07:00,1.2,,.4,0,88,1011.1,1019.9,,,,0,,-.2
156,堡林,2022-01-24 08:00,.8,,.1,0,91,1011.8,1020.7,0,.07,,1,,-.3
156,堡林,2022-01-24 09:00,2.1,,.1,0,87,1012.4,1021.2,0,.32,,9,,0
156,堡林,2022-01-24 10:00,4.2,,.2,0,78,1012.5,1021.2,.2,.64,,7,,3
156,堡林,2022-01-24 11:00,5.6,,.7,230,69,1012.8,1021.5,.2,.91,,8,,6.6
156,堡林,2022-01-24 12:00,8.9,,.6,70,57,1012.3,1020.9,.6,1.39,,8,,10.4
156,堡林,2022-01-24 13:00,9.9,,1.2,200,51,1011.5,1020.1,.8,1.63,,8,,13.3
156,堡林,2022-01-24 14:00,10.9,,.9,250,51,1011.1,1019.6,0,1.13,,9,,13.1
156,堡林,2022-01-24 15:00,10.5,,1.3,50,51,1010.9,1019.4,0,.72,,9,,11.9
156,堡林,2022-01-24 16:00,10,,1.4,50,52,1011,1019.6,0,.47,,9,,10.2
156,堡林,2022-01-24 17:00,9.3,,1.3,160,53,1011.6,1020.2,0,.29,,9,,8.9
156,堡林,2022-01-24 18:00,8.7,,.8,160,55,1012,1020.6,0,.08,,9,,7.4
156,堡林,2022-01-24 19:00,8.1,,1.2,180,55,1012.2,1020.8,,,,9,,6.5
156,堡林,2022-01-24 20:00,7.9,,1.6,230,55,1012.4,1021,,,,1,,5.8
156,堡林,2022-01-24 21:00,7.5,,1.7,230,54,1013,1021.6,,,,9,,5.5
156,堡林,2022-01-24 22:00,7.1,,1.7,230,53,1013.2,1021.9,,,,6,,5.3
156,堡林,2022-01-24 23:00,7.1,,2,180,51,1013.2,1021.9,,,,8,,5.1
156,堡林,2022-01-25 00:00,6.6,,.9,250,52,1013.4,1022.1,,,,10,,4.9
156,堡林,2022-01-25 01:00,6.5,,0,0,52,1012.8,1021.5,,,,10,,4.7
156,堡林,2022-01-25 02:00,6.2,,.2,0,55,1013,1021.7,,,,3,,4.6
156,堡林,2022-01-25 03:00,6,,.7,250,57,1012.9,1021.6,,,,9,,4.5
156,堡林,2022-01-25 04:00,6,,1.1,270,55,1012.7,1021.4,,,,9,,4.5
156,堡林,2022-01-25 05:00,6,,.9,180,55,1012.3,1021,,,,9,,4.4
156,堡林,2022-01-25 06:00,5.7,,.6,200,55,1012.4,1021.1,,,,9,,4.4
156,堡林,2022-01-25 07:00,5.8,,0,0,57,1012.8,1021.5,,,,9,,4.3
156,堡林,2022-01-25 08:00,5.9,,.1,0,57,1013.7,1022.4,0,.06,,9,,4.3
156,堡林,2022-01-25 09:00,5.4,0,1.3,250,69,1014,1022.7,0,.15,,10,,4.9
156,堡林,2022-01-25 10:00,5,,1,180,77,1014.4,1023.2,0,.26,,10,,5.7
156,堡林,2022-01-25 11:00,6,,.9,230,74,1014.3,1023,0,.6,,10,,8.1
156,堡林,2022-01-25 12:00,6.3,0,1.3,230,72,1013.7,1022.4,0,.51,,9,,8.1
156,堡林,2022-01-25 13:00,7,,1.5,270,69,1013,1021.7,0,.5,,9,,8.6
156,堡林,2022-01-25 14:00,6.7,,1.2,270,68,1012.6,1021.3,0,.53,,9,,8.9
156,堡林,2022-01-25 15:00,7,,1.3,270,68,1012.2,1020.9,0,.51,,10,,9
156,堡林,2022-01-25 16:00,7.1,,1,270,69,1011.9,1020.5,0,.45,,9,,8.7
156,堡林,2022-01-25 17:00,7,,1.6,270,76,1012.2,1020.9,0,.13,,9,,7.3
156,堡林,2022-01-25 18:00,6.4,,1.2,340,84,1012.5,1021.2,0,.08,,9,,6.4
156,堡林,2022-01-25 19:00,6,,1.4,340,85,1013,1021.7,,,,9,,5.7
156,堡林,2022-01-25 20:00,5.6,,.5,360,84,1013.3,1022,,,,0,,4.9
156,堡林,2022-01-25 21:00,4.8,,.8,320,84,1013.9,1022.6,,,,3,,3.8
156,堡林,2022-01-25 22:00,4.1,,.8,290,80,1014.2,1023,,,,7,,2.5
156,堡林,2022-01-25 23:00,3.5,,.1,0,79,1014.3,1023.1,,,,0,,1.3
156,堡林,2022-01-26 00:00,3.7,,.4,0,83,1014.5,1023.3,,,,9,,.8
156,堡林,2022-01-26 01:00,3.2,,.2,0,81,1014.7,1023.5,,,,1,,1.2
156,堡林,2022-01-26 02:00,3.2,,.7,70,82,1014.9,1023.7,,,,1,,.5
156,堡林,2022-01-26 03:00,2.9,,1.1,50,80,1015,1023.8,,,,0,,.4
156,堡林,2022-01-26 04:00,2.1,,.2,0,80,1015.1,1023.9,,,,2,,.1
156,堡林,2022-01-26 05:00,2.6,,.4,0,75,1015.5,1024.3,,,,8,,.2
156,堡林,2022-01-26 06:00,2.4,,.8,360,73,1015.8,1024.6,,,,8,,0
156,堡林,2022-01-26 07:00,1.4,,.3,0,76,1016.3,1025.2,,,,7,,-.2
156,堡林,2022-01-26 08:00,1.9,,.8,50,71,1016.8,1025.7,0,.08,,7,,-.3
156,堡林,2022-01-26 09:00,3.3,,2.4,70,64,1016.8,1025.6,.6,.44,,5,,0
156,堡林,2022-01-26 10:00,4.2,,3.6,70,61,1017,1025.8,.7,.87,,3,,1.8
156,堡林,2022-01-26 11:00,5.8,,1.7,70,54,1017.5,1026.3,1,1.51,,3,,6.5
156,堡林,2022-01-26 12:00,6.5,,.8,50,48,1017.1,1025.8,.8,1.77,,6,,10.3
156,堡林,2022-01-26 13:00,8.4,,1.8,290,45,1016.2,1024.8,.4,1.51,,7,,12.1
156,堡林,2022-01-26 14:00,8.6,,1.4,20,43,1015.6,1024.2,1,2.02,,6,,14.1
156,堡林,2022-01-26 15:00,7.6,,2.1,20,44,1014.9,1023.6,.9,1.66,,2,,13.3
156,堡林,2022-01-26 16:00,7.6,,2.3,50,44,1014.7,1023.4,1,1.15,,3,,11.4
156,堡林,2022-01-26 17:00,6.2,,1.6,50,50,1015.3,1024,.5,.57,,3,,7.9
156,堡林,2022-01-26 18:00,5.1,,1.8,50,54,1015.6,1024.4,0,.17,,3,,5.2
156,堡林,2022-01-26 19:00,4.4,,2.2,50,58,1015.8,1024.6,,,,5,,3.5
156,堡林,2022-01-26 20:00,3.9,,1.5,50,58,1016.2,1025,,,,8,,2.7
156,堡林,2022-01-26 21:00,3.1,,1,70,59,1016.4,1025.2,,,,8,,2.1
156,堡林,2022-01-26 22:00,2.6,,1.6,70,62,1016.6,1025.4,,,,9,,1.9
156,堡林,2022-01-26 23:00,2.2,,2.1,70,62,1016.5,1025.4,,,,9,,1.8
156,堡林,2022-01-27 00:00,2,,1.3,70,63,1016.5,1025.4,,,,8,,1.6
156,堡林,2022-01-27 01:00,1.9,,1.2,70,61,1016.7,1025.6,,,,10,,1.3
156,堡林,2022-01-27 02:00,1.9,,.1,0,60,1016.8,1025.7,,,,9,,1.2
156,堡林,2022-01-27 03:00,1.5,,1.8,50,62,1016.4,1025.3,,,,9,,.9
156,堡林,2022-01-27 04:00,1.1,,1.3,50,59,1015.9,1024.8,,,,8,,.3
156,堡林,2022-01-27 05:00,1,,1.6,70,54,1016.1,1025,,,,7,,-.1
156,堡林,2022-01-27 06:00,.7,,1.3,70,54,1015.9,1024.8,,,,3,,0
156,堡林,2022-01-27 07:00,.5,,.5,70,55,1016.3,1025.2,,,,2,,-.3
156,堡林,2022-01-27 08:00,.2,,1.3,50,59,1016.4,1025.3,0,.08,,7,,-.4
156,堡林,2022-01-27 09:00,1.7,,1.5,70,55,1017,1025.9,.3,.43,,8,,0
156,堡林,2022-01-27 10:00,2.1,,1.1,50,53,1017.1,1026,.5,.94,,6,,2.4
156,堡林,2022-01-27 11:00,4,,1.7,50,41,1016.3,1025.1,1,1.7,,7,,6.7
156,堡林,2022-01-27 12:00,4.8,,1.4,290,42,1016.1,1024.9,1,1.86,,4,,10
156,堡林,2022-01-27 13:00,6.3,,1.2,290,33,1015.1,1023.8,1,2.15,,5,,12.9
156,堡林,2022-01-27 14:00,6.9,,1.9,340,27,1013.9,1022.6,.9,1.88,,7,,13.5
156,堡林,2022-01-27 15:00,6.5,,2,340,24,1014.1,1022.8,1,1.97,,0,,13.8
156,堡林,2022-01-27 16:00,6.6,,1.1,50,30,1013.9,1022.6,1,1.44,,0,,12.1
156,堡林,2022-01-27 17:00,5.6,,1.5,20,34,1014.9,1023.6,1,.81,,2,,8.2
156,堡林,2022-01-27 18:00,3.3,,1.6,320,50,1015.4,1024.2,.7,.22,,0,,4.8
156,堡林,2022-01-27 19:00,2.2,,1.1,290,56,1015.5,1024.3,,,,4,,2.8
156,堡林,2022-01-27 20:00,1.9,,1.2,50,55,1015.8,1024.7,,,,4,,1.7
156,堡林,2022-01-27 21:00,1,,.2,0,58,1016.2,1025.1,,,,7,,.8
156,堡林,2022-01-27 22:00,1.2,,1.2,50,60,1016.7,1025.6,,,,7,,.3
156,堡林,2022-01-27 23:00,.6,,1.1,70,61,1016.5,1025.4,,,,7,,.1
156,堡林,2022-01-28 00:00,0,,2.2,50,68,1016.3,1025.2,,,,5,,-.2
156,堡林,2022-01-28 01:00,0,,1.6,50,71,1016.7,1025.6,,,,6,,-.3
156,堡林,2022-01-28 02:00,-.4,,1.6,70,74,1016.6,1025.5,,,,8,,-.4
156,堡林,2022-01-28 03:00,-.9,,1.5,50,75,1016.5,1025.5,,,,4,,-.7
156,堡林,2022-01-28 04:00,-1,,1.3,70,76,1016.5,1025.5,,,,3,,-.9
156,堡林,2022-01-28 05:00,-.8,,.8,50,75,1016.3,1025.3,,,,3,,-.9
156,堡林,2022-01-28 06:00,-.7,,1,50,69,1016.7,1025.7,,,,3,,-1.1
156,堡林,2022-01-28 07:00,-.9,,1.3,50,63,1017.1,1026.1,,,,6,,-1.3
156,堡林,2022-01-28 08:00,-1.2,,1.4,50,64,1017.8,1026.8,0,.07,,7,,-1.5
156,堡林,2022-01-28 09:00,-.6,,1.8,50,56,1018.2,1027.2,.3,.36,,7,,-.5
156,堡林,2022-01-28 10:00,1.2,,2.3,50,48,1017.7,1026.6,1,1.16,,0,,0
156,堡林,2022-01-28 11:00,1.8,,2,70,45,1017.1,1026,1,1.77,,2,,2.2
156,堡林,2022-01-28 12:00,2.9,,1.4,320,34,1016.5,1025.3,1,2.15,,0,,7.9
156,堡林,2022-01-28 13:00,4.9,,1.2,340,29,1015.2,1024,1,2.35,,2,,11.6
156,堡林,2022-01-28 14:00,4.9,,1.7,360,31,1015.2,1024,1,2.23,,5,,13.1
156,堡林,2022-01-28 15:00,5,,2.7,340,30,1015.1,1023.9,1,1.88,,4,,12.8
156,堡林,2022-01-28 16:00,4.9,,2,290,38,1014.7,1023.5,1,1.56,,4,,11.3
156,堡林,2022-01-28 17:00,3.8,,1.8,50,36,1014.5,1023.3,1,.87,,0,,7.6
156,堡林,2022-01-28 18:00,2.1,,1.1,20,44,1014.5,1023.3,.7,.25,,2,,3.9
156,堡林,2022-01-28 19:00,1.1,,2.1,50,38,1014.7,1023.6,,,,5,,1.7
156,堡林,2022-01-28 20:00,.6,,1.3,50,35,1015.3,1024.2,,,,8,,1
156,堡林,2022-01-28 21:00,.1,,2.2,50,46,1015.4,1024.3,,,,6,,.3
156,堡林,2022-01-28 22:00,-.2,,.7,90,49,1015.7,1024.6,,,,9,,.2
156,堡林,2022-01-28 23:00,-.1,,1.5,50,57,1015.4,1024.3,,,,8,,-.2
156,堡林,2022-01-29 00:00,0,,1.1,50,60,1015.7,1024.6,,,,8,,.4
156,堡林,2022-01-29 01:00,0,,2.1,50,66,1015.4,1024.3,,,,10,,.5
156,堡林,2022-01-29 02:00,-.3,,2.4,70,63,1014.5,1023.4,,,,10,,.5
156,堡林,2022-01-29 03:00,-.3,,1.4,70,66,1015,1023.9,,,,8,,.4
156,堡林,2022-01-29 04:00,-.5,,1.4,50,66,1014.3,1023.2,,,,8,,.3
156,堡林,2022-01-29 05:00,-.8,,1.5,70,65,1013.5,1022.4,,,,9,,0
156,堡林,2022-01-29 06:00,-.8,,1.3,70,62,1013.5,1022.4,,,,9,,0
156,堡林,2022-01-29 07:00,-.8,,1.5,50,52,1014.3,1023.2,,,,8,,0
156,堡林,2022-01-29 08:00,-1.1,,1.9,50,47,1014.9,1023.9,,,,9,,-.2
156,堡林,2022-01-29 09:00,-.9,,2,50,49,1014.5,1023.4,,,,6,,.1
156,堡林,2022-01-29 10:00,.1,,2.4,50,43,1014.5,1023.4,,,,7,,1.5
156,堡林,2022-01-29 11:00,1.2,,1,70,41,1014.5,1023.4,,,,5,,5.7
156,堡林,2022-01-29 12:00,2.2,,1,290,37,1013.9,1022.7,,,,7,,8.7
156,堡林,2022-01-29 13:00,3.3,,1.7,340,28,1012.7,1021.5,,,,6,,11.3
156,堡林,2022-01-29 14:00,4.1,,2.1,360,24,1011.7,1020.4,,,,3,,13
156,堡林,2022-01-29 15:00,4.1,,2,320,28,1011.5,1020.2,,,,5,,12.5
156,堡林,2022-01-29 16:00,4,,2.2,360,28,1011.4,1020.1,,,,3,,10.8
156,堡林,2022-01-29 17:00,3,,2,20,32,1011.8,1020.6,,,,7,,7.1
156,堡林,2022-01-29 18:00,1.3,,2.1,50,43,1011.6,1020.4,,,,3,,3.8
156,堡林,2022-01-29 19:00,.5,,1.8,50,49,1012.9,1021.8,,,,7,,1.9
156,堡林,2022-01-29 20:00,-.1,,2.4,50,50,1012.8,1021.7,,,,7,,.8
156,堡林,2022-01-29 21:00,-.1,,1,20,47,1013.4,1022.3,,,,8,,.4
156,堡林,2022-01-29 22:00,-.2,,1.5,50,47,1013.4,1022.3,,,,9,,.3
156,堡林,2022-01-29 23:00,-.6,,1.5,70,49,1013.3,1022.2,,,,9,,0
156,堡林,2022-01-30 00:00,-.9,,1.2,50,50,1013.2,1022.1,,,,8,,-.2
156,堡林,2022-01-30 01:00,-.8,,.9,70,54,1013.3,1022.2,,,,10,,-.4
156,堡林,2022-01-30 02:00,-.9,,2.1,70,55,1012.9,1021.8,,,,10,,-.1
156,堡林,2022-01-30 03:00,-1.1,,1.2,50,58,1013,1021.9,,,,9,,-.2
156,堡林,2022-01-30 04:00,-1.4,,1.7,70,60,1012.6,1021.5,,,,8,,-.3
156,堡林,2022-01-30 05:00,-1.2,,1.9,70,60,1011.8,1020.7,,,,8,,-.4
156,堡林,2022-01-30 06:00,-1.5,,1.9,50,60,1011.7,1020.6,,,,8,,-.5
156,堡林,2022-01-30 07:00,-1.7,,1.5,50,61,1012.2,1021.2,,,,7,,-.9
156,堡林,2022-01-30 08:00,-2.1,,1.4,70,62,1012.8,1021.8,0,.08,,3,,-1.1
156,堡林,2022-01-30 09:00,-.7,,2.4,50,57,1013.1,1022,.7,.55,,4,,-.7
156,堡林,2022-01-30 10:00,.8,,2,70,47,1013.3,1022.2,1,1.2,,4,,.3
156,堡林,2022-01-30 11:00,1.9,,1.2,70,38,1013.8,1022.6,1,1.63,,6,,4.1
156,堡林,2022-01-30 12:00,3,,1.8,20,31,1013.1,1021.9,1,1.88,,6,,8.4
156,堡林,2022-01-30 13:00,4.5,,1.2,290,28,1012.3,1021,1,2.43,,0,,12.4
156,堡林,2022-01-30 14:00,6.1,,1.8,320,18,1011.5,1020.2,1,2.36,,4,,14.2
156,堡林,2022-01-30 15:00,5.6,,2,340,19,1011.4,1020.1,1,2.18,,4,,14.1
156,堡林,2022-01-30 16:00,4.9,,1.5,20,17,1012.1,1020.8,1,1.57,,8,,12.1
156,堡林,2022-01-30 17:00,4,,2.4,20,21,1012.5,1021.3,.9,.85,,1,,7.6
156,堡林,2022-01-30 18:00,2.3,,1.3,340,32,1013.3,1022.1,.9,.28,,1,,4
156,堡林,2022-01-30 19:00,1.1,,1.4,50,44,1014.1,1023,,,,0,,1.8
156,堡林,2022-01-30 20:00,.3,,1.7,50,51,1014.7,1023.6,,,,0,,.4
156,堡林,2022-01-30 21:00,-.7,,1.6,50,55,1015.2,1024.1,,,,0,,-.9
156,堡林,2022-01-30 22:00,-.8,,2.1,70,54,1015.6,1024.6,,,,0,,-.5
156,堡林,2022-01-30 23:00,-.9,,1.1,50,54,1015.6,1024.6,,,,0,,-.9
156,堡林,2022-01-31 00:00,-1.5,,.7,90,55,1015.8,1024.8,,,,0,,-1.3
156,堡林,2022-01-31 01:00,-1.1,,.1,0,56,1015.8,1024.8,,,,0,,-1.6
156,堡林,2022-01-31 02:00,-1.4,,.3,0,57,1015.7,1024.7,,,,0,,-1.9
156,堡林,2022-01-31 03:00,-2,,.1,0,60,1015.8,1024.8,,,,0,,-2.3
156,堡林,2022-01-31 04:00,-2,,.5,90,61,1015.6,1024.6,,,,0,,-2.6
156,堡林,2022-01-31 05:00,-2.6,,.6,270,68,1015.9,1024.9,,,,0,,-2.8
156,堡林,2022-01-31 06:00,-3.5,,.8,270,72,1016.5,1025.6,,,,0,,-3
156,堡林,2022-01-31 07:00,-3.3,,.5,290,77,1017.1,1026.2,,,,0,,-3.4
156,堡林,2022-01-31 08:00,-3.1,,.9,90,74,1016.8,1025.8,0,.08,,0,,-3.3
156,堡林,2022-01-31 09:00,-1.9,,1,250,72,1018.1,1027.1,.7,.54,,0,,-2.5
156,堡林,2022-01-31 10:00,1,,.6,70,54,1018.3,1027.2,1,1.23,,0,,-.2
156,堡林,2022-01-31 11:00,3.1,,1.9,50,46,1017.8,1026.6,1,1.82,,0,,2.1
156,堡林,2022-01-31 12:00,3.8,,1.2,340,37,1017,1025.8,1,2.18,,0,,6.1
156,堡林,2022-01-31 13:00,5.1,,1.1,50,39,1015.8,1024.6,1,2.4,,0,,10.3
156,堡林,2022-01-31 14:00,6.5,,1.2,290,33,1015.1,1023.8,1,2.3,,0,,12.9
156,堡林,2022-01-31 15:00,7,,2,320,28,1015,1023.7,1,2.06,,0,,13.6
156,堡林,2022-01-31 16:00,7.8,,1.1,290,36,1015.2,1023.9,1,1.53,,0,,12.3
156,堡林,2022-01-31 17:00,6.5,,1.2,290,37,1015.1,1023.8,1,.9,,0,,8.6
156,堡林,2022-01-31 18:00,4.5,,1.2,270,41,1015.5,1024.3,.8,.26,,0,,4.5
156,堡林,2022-01-31 19:00,3.2,,1.4,270,50,1016.1,1024.9,,,,0,,2.3
156,堡林,2022-01-31 20:00,2.2,,1,230,58,1016.3,1025.2,,,,0,,.6
156,堡林,2022-01-31 21:00,2.1,,1.4,180,60,1016.2,1025.1,,,,0,,-.2
156,堡林,2022-01-31 22:00,1.4,,1.1,200,62,1016.3,1025.2,,,,0,,-.2
156,堡林,2022-01-31 23:00,2,,1.8,200,62,1015.8,1024.7,,,,8,,.1
156,堡林,2022-02-01 00:00,.8,.1,1.4,270,80,1016.3,1025.2,,,,10,,1.1
156,堡林,2022-02-01 01:00,.5,,.4,0,97,1016.1,1025,,,.5,10,,1.2
156,堡林,2022-02-01 02:00,.7,,.1,0,98,1015.8,1024.7,,,.5,10,,1.2
156,堡林,2022-02-01 03:00,.6,.5,.5,200,99,1015.9,1024.8,,,.5,0,,.3
156,堡林,2022-02-01 04:00,.7,,1.2,270,99,1015.8,1024.7,,,.5,10,,.2
156,堡林,2022-02-01 05:00,.4,,.9,250,99,1015.8,1024.7,,,.5,10,,.1
156,堡林,2022-02-01 06:00,.3,0,.1,0,97,1016,1024.9,,,.5,3,,-.1
156,堡林,2022-02-01 07:00,.7,,.7,50,92,1016.5,1025.4,,,.5,2,,-.2
156,堡林,2022-02-01 08:00,.5,,.6,140,77,1016.6,1025.5,0,.09,.5,6,,-.3
156,堡林,2022-02-01 09:00,1.5,0,1.8,20,69,1017.1,1026,.3,.37,.5,10,,0
156,堡林,2022-02-01 10:00,2.9,,2.1,270,61,1017.5,1026.3,.5,.84,.3,8,,.4
156,堡林,2022-02-01 11:00,4.1,,2.4,290,50,1018,1026.8,.6,1.15,,7,,5.1
156,堡林,2022-02-01 12:00,4.2,0,2.4,320,52,1018.1,1026.9,.6,1.5,,7,,7.9
156,堡林,2022-02-01 13:00,2.9,,2.2,340,61,1018,1026.8,.2,1.05,,10,,7.1
156,堡林,2022-02-01 14:00,1.6,,1.7,290,78,1017.9,1026.8,.1,.78,,10,,6.3
156,堡林,2022-02-01 15:00,3.1,.1,1.7,320,60,1017.7,1026.5,.4,.87,,10,,6.4
156,堡林,2022-02-01 16:00,2.7,,2.4,340,54,1018,1026.9,.3,.62,,9,,5.3
156,堡林,2022-02-01 17:00,2.1,,2,340,66,1018.4,1027.3,.2,.31,,9,,3.8
156,堡林,2022-02-01 18:00,1.7,0,1.4,20,65,1019,1027.9,0,.15,,5,,1.5
156,堡林,2022-02-01 19:00,1.8,,.9,290,61,1019.5,1028.4,,,,7,,.9
156,堡林,2022-02-01 20:00,1.8,,.6,360,63,1019.9,1028.8,,,,2,,.8
156,堡林,2022-02-01 21:00,1.8,,1.1,50,63,1019.8,1028.7,,,,9,,.8
156,堡林,2022-02-01 22:00,1.8,,1,20,62,1020,1028.9,,,,1,,.6
156,堡林,2022-02-01 23:00,1.7,,1.4,50,62,1020.5,1029.4,,,,4,,.6
156,堡林,2022-02-02 00:00,1.2,,.7,20,62,1020.4,1029.3,,,,9,,.3
156,堡林,2022-02-02 01:00,1.6,,.8,320,61,1020.4,1029.3,,,,6,,.4
156,堡林,2022-02-02 02:00,1.5,,.4,0,61,1019.9,1028.8,,,,0,,.5
156,堡林,2022-02-02 03:00,1.4,,1.1,50,63,1019.6,1028.5,,,,6,,.4
156,堡林,2022-02-02 04:00,1,,1.1,340,66,1019.6,1028.5,,,,9,,.2
156,堡林,2022-02-02 05:00,1.1,,.2,0,68,1020.1,1029,,,,9,,.3
156,堡林,2022-02-02 06:00,1,,.7,50,69,1020,1028.9,,,,9,,.4
156,堡林,2022-02-02 07:00,.8,,.9,50,68,1020,1028.9,,,,9,,.2
156,堡林,2022-02-02 08:00,.7,,1.5,50,66,1020.1,1029,0,.08,,7,,-.1
156,堡林,2022-02-02 09:00,1.2,,1,50,65,1020.9,1029.8,.1,.31,,4,,.1
156,堡林,2022-02-02 10:00,2.2,,1.2,340,59,1021.3,1030.2,.3,.73,,8,,2
156,堡林,2022-02-02 11:00,3.2,,1.5,360,52,1021.2,1030.1,.6,1.16,,8,,6.3
156,堡林,2022-02-02 12:00,4.1,,1.8,290,46,1020.5,1029.3,.8,1.95,,3,,11
156,堡林,2022-02-02 13:00,4.9,,1.9,320,45,1019.4,1028.2,1,2.48,,6,,13.6
156,堡林,2022-02-02 14:00,4.6,,1.7,360,43,1018.7,1027.5,1,2.35,,3,,14.5
156,堡林,2022-02-02 15:00,4.5,,2.4,50,42,1018.2,1027,1,2.05,,1,,13.9
156,堡林,2022-02-02 16:00,4.2,,1.9,360,44,1018.1,1026.9,1,1.58,,0,,11.8
156,堡林,2022-02-02 17:00,3.1,,2,20,40,1018.6,1027.4,1,.92,,1,,7.8
156,堡林,2022-02-02 18:00,1.3,,1.2,20,51,1018.9,1027.8,.8,.28,,2,,3.9
156,堡林,2022-02-02 19:00,.2,,1.6,50,51,1019,1028,0,.05,,3,,1.5
156,堡林,2022-02-02 20:00,-.4,,3.1,50,48,1019.4,1028.4,,,,8,,.3
156,堡林,2022-02-02 21:00,-.7,,2.5,50,52,1019.8,1028.8,,,,7,,-.3
156,堡林,2022-02-02 22:00,-.8,,.7,50,54,1020.2,1029.2,,,,9,,0
156,堡林,2022-02-02 23:00,-1.6,,1.5,70,57,1019.5,1028.5,,,,6,,-.2
156,堡林,2022-02-03 00:00,-1.8,,2.5,70,56,1019.1,1028.1,,,,6,,-.4
156,堡林,2022-02-03 01:00,-1.7,,.7,70,53,1019.1,1028.1,,,,5,,-.9
156,堡林,2022-02-03 02:00,-1.5,,.5,270,53,1019.1,1028.1,,,,8,,-1.1
156,堡林,2022-02-03 03:00,-1.7,,.2,0,56,1018.8,1027.8,,,,8,,-.9
156,堡林,2022-02-03 04:00,-2,,.4,0,60,1018.6,1027.6,,,,7,,-1.1
156,堡林,2022-02-03 05:00,-2.1,,.7,50,62,1018.7,1027.7,,,,9,,-1.2
156,堡林,2022-02-03 06:00,-2.2,,.8,70,61,1018.9,1027.9,,,,3,,-1.5
156,堡林,2022-02-03 07:00,-2.6,,.1,0,62,1018.8,1027.8,,,,0,,-2
156,堡林,2022-02-03 08:00,-2.7,,1.4,320,62,1019.1,1028.2,0,.08,,0,,-2.1
156,堡林,2022-02-03 09:00,-.8,,.9,50,61,1019.2,1028.2,.8,.53,,4,,-1.5
156,堡林,2022-02-03 10:00,1.7,,3,70,56,1019.3,1028.2,1,1.21,,5,,0
156,堡林,2022-02-03 11:00,3.1,,1.5,50,49,1019.4,1028.2,1,1.79,,5,,2.8
156,堡林,2022-02-03 12:00,3.5,,2.6,20,45,1018.7,1027.5,1,2.16,,4,,7.6
156,堡林,2022-02-03 13:00,4.3,,2.2,20,40,1017.4,1026.2,1,2.48,,0,,11.6
156,堡林,2022-02-03 14:00,4.7,,2.2,340,36,1016,1024.8,1,2.43,,0,,13.4
156,堡林,2022-02-03 15:00,4.9,,2,360,29,1016.3,1025.1,1,2.16,,0,,13.6
156,堡林,2022-02-03 16:00,4.3,,2,20,18,1016.3,1025.1,1,1.68,,0,,11.7
156,堡林,2022-02-03 17:00,3.8,,2.6,50,21,1016.4,1025.2,1,1.02,,0,,7.7
156,堡林,2022-02-03 18:00,2.1,,3.3,50,37,1016.1,1025,.9,.32,,0,,3.8
156,堡林,2022-02-03 19:00,.8,,2.5,50,45,1016.9,1025.8,0,.06,,0,,1.6
156,堡林,2022-02-03 20:00,.2,,2.4,50,45,1017.9,1026.8,,,,7,,.6
156,堡林,2022-02-03 21:00,0,,2.4,50,42,1018.1,1027.1,,,,8,,.1
156,堡林,2022-02-03 22:00,-1,,1.9,50,40,1018.1,1027.1,,,,6,,-.2
156,堡林,2022-02-03 23:00,-1.1,,2.4,50,35,1018.5,1027.5,,,,6,,-.5
156,堡林,2022-02-04 00:00,-1.9,,1.7,50,36,1018.6,1027.6,,,,6,,-.9
156,堡林,2022-02-04 01:00,-1.8,,2.4,50,35,1018.5,1027.5,,,,8,,-1
156,堡林,2022-02-04 02:00,-2.5,,1.6,50,39,1018.3,1027.3,,,,8,,-1.3
156,堡林,2022-02-04 03:00,-2.7,,1.7,50,43,1018.3,1027.3,,,,7,,-1.5
156,堡林,2022-02-04 04:00,-3.1,,1.4,70,45,1017.8,1026.9,,,,0,,-2
156,堡林,2022-02-04 05:00,-3.2,,1.4,70,48,1017.1,1026.2,,,,0,,-2.4
156,堡林,2022-02-04 06:00,-3.4,,1,50,52,1016.9,1026,,,,0,,-2.6
156,堡林,2022-02-04 07:00,-4,,1.3,320,56,1016.9,1026,,,,0,,-2.8
156,堡林,2022-02-04 08:00,-3.5,,.7,50,54,1017,1026.1,0,.09,,5,,-2.3
156,堡林,2022-02-04 09:00,-2.3,0,.1,0,55,1017.2,1026.2,.4,.42,,9,,-.9
156,堡林,2022-02-04 10:00,-.6,,1.2,200,57,1017.7,1026.7,.8,1.04,,3,,.1
156,堡林,2022-02-04 11:00,1.2,,1.3,360,59,1017.8,1026.7,1,1.75,,4,,2.7
156,堡林,2022-02-04 12:00,2.7,0,1.7,320,55,1017,1025.8,.9,1.96,,6,,5.7
156,堡林,2022-02-04 13:00,3.3,,2.5,20,46,1016.4,1025.2,.9,2,,6,,9.5
156,堡林,2022-02-04 14:00,4.6,,2.4,50,42,1015.6,1024.4,.8,1.89,,6,,12.4
156,堡林,2022-02-04 15:00,3.8,,2.1,360,39,1015.4,1024.2,.7,1.47,,5,,10.9
156,堡林,2022-02-04 16:00,2.9,,1.8,20,42,1015.7,1024.5,.9,1.42,,6,,9.9
156,堡林,2022-02-04 17:00,1.7,,1.8,320,50,1015.8,1024.7,.5,.67,,8,,6.7
156,堡林,2022-02-04 18:00,.5,0,2.2,340,60,1016.2,1025.1,.1,.2,,9,,4
156,堡林,2022-02-04 19:00,-.2,,1.5,320,76,1016.6,1025.5,0,.06,,8,,1.9
156,堡林,2022-02-04 20:00,-1,,1.5,20,75,1016.7,1025.7,,,,7,,.8
156,堡林,2022-02-04 21:00,-1.3,0,.7,320,73,1016.9,1025.9,,,,7,,-.1
156,堡林,2022-02-04 22:00,-1.6,,1.5,50,76,1017.2,1026.2,,,,8,,0
156,堡林,2022-02-04 23:00,-2.6,,.5,50,96,1017.2,1026.2,,,1.4,10,,.1
156,堡林,2022-02-05 00:00,-2.4,.2,.4,0,97,1016.9,1025.9,,,1.5,10,,.7
156,堡林,2022-02-05 01:00,-2.4,,.9,50,94,1016.7,1025.7,,,1.9,9,,1
156,堡林,2022-02-05 02:00,-2.4,,.9,20,91,1016.7,1025.7,,,2.2,10,,1.1
156,堡林,2022-02-05 03:00,-2.7,.1,.9,20,92,1016.7,1025.7,,,2.6,10,,1.1
156,堡林,2022-02-05 04:00,-2.8,,.5,340,93,1016.6,1025.6,,,2.7,8,,1.1
156,堡林,2022-02-05 05:00,-3,,.2,0,90,1016.7,1025.7,,,2.6,7,,1
156,堡林,2022-02-05 06:00,-3.2,0,.6,20,94,1016.8,1025.8,,,3.3,3,,1.1
156,堡林,2022-02-05 07:00,-3.8,,1.8,50,89,1017.2,1026.3,,,3.1,2,,1
156,堡林,2022-02-05 08:00,-4.2,,1.5,70,85,1018,1027.1,0,.07,3,4,,.9
156,堡林,2022-02-05 09:00,-3.8,.1,1.7,50,81,1018.8,1027.9,.1,.21,2.8,8,,1.1
156,堡林,2022-02-05 10:00,-2.5,,2.5,50,65,1019.1,1028.1,.9,.72,1.9,3,,1.2
156,堡林,2022-02-05 11:00,-1.9,,2.1,50,57,1019.3,1028.3,1,1.37,.5,4,,2.1
156,堡林,2022-02-05 12:00,-1.1,0,2.3,50,54,1019.1,1028.1,.9,1.95,,4,,6.8
156,堡林,2022-02-05 13:00,0,,1.4,20,52,1018.6,1027.6,1,2.38,,4,,9.4
156,堡林,2022-02-05 14:00,-.2,,2.6,50,52,1018,1027,1,2.13,,7,,11
156,堡林,2022-02-05 15:00,-.6,0,1.6,20,56,1018,1027,.7,1.57,,9,,9.1
156,堡林,2022-02-05 16:00,-.1,,1.5,50,59,1018,1027,.1,.55,,9,,6.8
156,堡林,2022-02-05 17:00,-1.2,,.8,340,73,1018.1,1027.1,0,.36,,10,,4.4
156,堡林,2022-02-05 18:00,-1.5,0,.2,0,85,1018.2,1027.2,0,.15,,10,,2.8
156,堡林,2022-02-05 19:00,-1.7,,.5,70,91,1018.8,1027.8,0,.06,.1,10,,1.8
156,堡林,2022-02-05 20:00,-1.5,,1.6,20,85,1019.4,1028.4,,,.3,10,,1.4
156,堡林,2022-02-05 21:00,-2.1,0,1.7,50,83,1019.3,1028.3,,,.4,10,,1
156,堡林,2022-02-05 22:00,-2.3,,1.3,50,84,1019.3,1028.3,,,.7,10,,1
156,堡林,2022-02-05 23:00,-2.1,,.8,360,83,1019.3,1028.3,,,.7,10,,.9
156,堡林,2022-02-06 00:00,-2.2,.1,.7,290,85,1019.4,1028.4,,,.7,10,,.7
156,堡林,2022-02-06 01:00,-2.7,,.2,0,95,1019.1,1028.2,,,1.6,10,,.9
156,堡林,2022-02-06 02:00,-2.5,,1.3,50,95,1019.5,1028.5,,,1.9,10,,.9
156,堡林,2022-02-06 03:00,-3.2,.1,.4,0,97,1020.2,1029.3,,,2.3,9,,.9
156,堡林,2022-02-06 04:00,-3.5,,2.2,70,93,1020.3,1029.4,,,2.1,7,,.7
156,堡林,2022-02-06 05:00,-4.5,,1.9,70,85,1020.8,1029.9,,,2,5,,.4
156,堡林,2022-02-06 06:00,-5,,1.7,70,82,1021.3,1030.5,,,1.8,0,,.2
156,堡林,2022-02-06 07:00,-4.9,,.9,70,75,1021,1030.2,,,1.7,0,,-.1
156,堡林,2022-02-06 08:00,-4.3,,.2,0,71,1021.1,1030.2,0,.08,1.6,4,,-.2
156,堡林,2022-02-06 09:00,-3,,1.3,250,74,1021.8,1030.9,.8,.47,1.2,4,,-.1
156,堡林,2022-02-06 10:00,-1.4,,1.4,270,73,1021.9,1030.9,.8,1.01,.5,5,,.1
156,堡林,2022-02-06 11:00,-.8,,1.3,270,69,1021.6,1030.6,.6,1.34,,10,,3.1
156,堡林,2022-02-06 12:00,-.7,0,1,230,72,1021.6,1030.6,.2,1.16,,10,,6.4
156,堡林,2022-02-06 13:00,1.1,,.8,200,73,1020.6,1029.5,.3,1.51,,8,,10
156,堡林,2022-02-06 14:00,3.6,,1.4,290,59,1019.1,1027.9,.6,1.58,,6,,10.2
156,堡林,2022-02-06 15:00,.5,.1,3.4,50,82,1019.5,1028.4,.3,.89,,10,,6.1
156,堡林,2022-02-06 16:00,1.7,,1.1,360,81,1018.9,1027.8,.3,.81,,6,,7.1
156,堡林,2022-02-06 17:00,1.9,,1.8,340,71,1018.6,1027.5,.2,.46,,6,,5
156,堡林,2022-02-06 18:00,1.2,0,1.3,360,71,1019.2,1028.1,.5,.32,,3,,2.3
156,堡林,2022-02-06 19:00,.5,,1.9,50,74,1019.7,1028.7,0,.05,,0,,1
156,堡林,2022-02-06 20:00,.3,,.5,340,72,1019.6,1028.6,,,,0,,.4
156,堡林,2022-02-06 21:00,.3,,.5,290,73,1020,1029,,,,0,,.2
156,堡林,2022-02-06 22:00,.1,,.6,20,73,1020.2,1029.2,,,,3,,0
156,堡林,2022-02-06 23:00,-.3,,.7,20,74,1020.5,1029.5,,,,0,,-.4
156,堡林,2022-02-07 00:00,-1.1,,.7,50,72,1020.8,1029.8,,,,0,,-.9
156,堡林,2022-02-07 01:00,-1.4,,.4,0,71,1020.7,1029.7,,,,0,,-1.3
156,堡林,2022-02-07 02:00,-1.3,,1.6,50,70,1020.5,1029.5,,,,9,,-1.1
156,堡林,2022-02-07 03:00,-1.1,,1.1,50,69,1020.5,1029.5,,,,8,,-.8
156,堡林,2022-02-07 04:00,-1,,3.2,50,67,1020.3,1029.3,,,,2,,-.9
156,堡林,2022-02-07 05:00,-2.6,,3.1,70,75,1020.3,1029.4,,,,6,,-1.7
156,堡林,2022-02-07 06:00,-2.5,,2.7,70,61,1020.5,1029.6,,,,7,,-2
156,堡林,2022-02-07 07:00,-2.6,,2.7,70,59,1020.1,1029.2,,,,7,,-2.2
156,堡林,2022-02-07 08:00,-2.6,,2.4,70,60,1020.4,1029.5,0,.09,,9,,-2
156,堡林,2022-02-07 09:00,-1.7,,2.1,70,52,1020.8,1029.8,.1,.34,,7,,-1.1
156,堡林,2022-02-07 10:00,-.4,,2.6,70,49,1020.4,1029.4,.1,.77,,9,,-.2
156,堡林,2022-02-07 11:00,.4,,1.4,70,48,1020.5,1029.5,0,.83,,9,,.7
156,堡林,2022-02-07 12:00,1,,.9,50,42,1020,1028.9,0,.71,,9,,1.3
156,堡林,2022-02-07 13:00,1.8,,.6,340,40,1019.3,1028.2,0,1.18,,9,,4.6
156,堡林,2022-02-07 14:00,1.7,,1.2,360,34,1018.3,1027.2,0,.82,,9,,4.9
156,堡林,2022-02-07 15:00,2.2,,1.2,290,32,1017.4,1026.3,0,.73,,9,,5.6
156,堡林,2022-02-07 16:00,1.8,,1.3,340,31,1018.6,1027.5,0,.51,,9,,4.4
156,堡林,2022-02-07 17:00,1.5,,1.7,50,33,1018.2,1027.1,0,.34,,9,,3.2
156,堡林,2022-02-07 18:00,1.3,,1.7,50,34,1017.9,1026.8,0,.14,,9,,1.9
156,堡林,2022-02-07 19:00,1.2,,1.1,50,33,1018.4,1027.3,0,.06,,10,,1.1
156,堡林,2022-02-07 20:00,.7,,1.5,50,42,1019.1,1028,,,,10,,.7
156,堡林,2022-02-07 21:00,.6,,1.3,50,43,1019.6,1028.5,,,,10,,.4
156,堡林,2022-02-07 22:00,.4,,.9,50,46,1019.3,1028.3,,,,10,,.3
156,堡林,2022-02-07 23:00,0,,1.9,70,48,1018.8,1027.8,,,,10,,0
156,堡林,2022-02-08 00:00,-.7,,2.5,70,51,1018.2,1027.2,,,,8,,0
156,堡林,2022-02-08 01:00,-.9,,2.4,50,49,1018.3,1027.3,,,,8,,-.4
156,堡林,2022-02-08 02:00,-1.4,,1.7,70,45,1018,1027,,,,9,,-.7
156,堡林,2022-02-08 03:00,-1.3,,2.6,70,43,1018.1,1027.1,,,,6,,-1
156,堡林,2022-02-08 04:00,-2.1,,1.4,50,47,1017.9,1026.9,,,,7,,-1.4
156,堡林,2022-02-08 05:00,-2.3,,2.1,70,46,1017.7,1026.7,,,,0,,-1.9
156,堡林,2022-02-08 06:00,-2.2,,1.9,70,46,1018,1027,,,,0,,-2.3
156,堡林,2022-02-08 07:00,-2.5,,2.1,70,47,1018.4,1027.4,,,,6,,-2.5
156,堡林,2022-02-08 08:00,-2,,1.4,50,48,1018.7,1027.7,0,.1,,0,,-2.6
156,堡林,2022-02-08 09:00,.5,,2,70,45,1018.9,1027.8,.8,.6,,5,,-1.3
156,堡林,2022-02-08 10:00,2.1,,2.6,70,49,1019.2,1028.1,1,1.05,,8,,0
156,堡林,2022-02-08 11:00,3.8,,2.4,70,46,1019.3,1028.1,1,1.65,,6,,3.1
156,堡林,2022-02-08 12:00,4.6,,1.8,20,45,1019.6,1028.4,1,2.14,,5,,7.2
156,堡林,2022-02-08 13:00,6.1,,2.5,50,39,1018.6,1027.3,1,2.48,,0,,12
156,堡林,2022-02-08 14:00,6.8,,3.1,50,34,1017.9,1026.6,1,2.4,,0,,13.7
156,堡林,2022-02-08 15:00,6.8,,2,340,35,1017.7,1026.4,1,2.13,,0,,14
156,堡林,2022-02-08 16:00,6.2,,2.6,20,40,1017.6,1026.3,1,1.66,,0,,12.3
156,堡林,2022-02-08 17:00,5.6,,2,50,40,1017.8,1026.6,1,.94,,2,,8.8
156,堡林,2022-02-08 18:00,4.2,,1.7,20,47,1018.2,1027,.4,.26,,0,,4.7
156,堡林,2022-02-08 19:00,3.5,,3.2,50,51,1018.3,1027.1,0,.05,,9,,2.9
156,堡林,2022-02-08 20:00,2.8,,1.4,50,55,1018.6,1027.5,,,,8,,1.7
156,堡林,2022-02-08 21:00,1.3,,1.3,50,58,1019,1027.9,,,,5,,.5
156,堡林,2022-02-08 22:00,.8,,1.5,70,63,1019.5,1028.4,,,,8,,-.3
156,堡林,2022-02-08 23:00,.5,,2.2,70,68,1019,1027.9,,,,9,,0
156,堡林,2022-02-09 00:00,.4,,1.9,70,67,1018.7,1027.6,,,,0,,-.4
156,堡林,2022-02-09 01:00,-.3,,1.5,70,71,1018.3,1027.3,,,,0,,-.8
156,堡林,2022-02-09 02:00,-.4,,1.4,70,70,1018.3,1027.3,,,,0,,-1.1
156,堡林,2022-02-09 03:00,-.7,,.5,50,70,1018.3,1027.3,,,,0,,-1.5
156,堡林,2022-02-09 04:00,-1.6,,.3,0,76,1018.3,1027.3,,,,0,,-1.8
156,堡林,2022-02-09 05:00,-1.5,,.5,90,77,1018.4,1027.4,,,,3,,-2
156,堡林,2022-02-09 06:00,-1.5,,.6,50,77,1018.3,1027.3,,,,0,,-2.2
156,堡林,2022-02-09 07:00,-2.2,,.8,70,76,1018.5,1027.5,,,,4,,-2.3
156,堡林,2022-02-09 08:00,-2,,.9,50,76,1018.8,1027.8,0,.1,,3,,-2.4
156,堡林,2022-02-09 09:00,-.4,,.5,50,67,1019,1028,.3,.43,,5,,-1.1
156,堡林,2022-02-09 10:00,1.1,,.5,70,60,1018.9,1027.8,.9,1.01,,7,,0
156,堡林,2022-02-09 11:00,4,,.7,50,46,1018.5,1027.3,1,1.76,,6,,3.3
156,堡林,2022-02-09 12:00,5.6,,.7,70,40,1017.2,1026,1,1.9,,7,,7.1
156,堡林,2022-02-09 13:00,7.7,,.6,70,33,1015.7,1024.4,1,2.17,,7,,12.2
156,堡林,2022-02-09 14:00,9.8,,1.5,270,34,1014.9,1023.5,1,2.08,,7,,14.3
156,堡林,2022-02-09 15:00,8.5,,1,250,35,1014.3,1022.9,.7,1.51,,8,,13.3
156,堡林,2022-02-09 16:00,8.3,,1.6,250,38,1013.6,1022.2,0,.7,,9,,10.9
156,堡林,2022-02-09 17:00,7.7,,.6,340,39,1013.6,1022.2,0,.37,,9,,8.6
156,堡林,2022-02-09 18:00,6.8,,.9,290,41,1013.7,1022.4,0,.17,,9,,6.6
156,堡林,2022-02-09 19:00,6,,.5,70,43,1014.3,1023,0,.06,,10,,5.1
156,堡林,2022-02-09 20:00,5.4,,.6,340,45,1014.1,1022.8,,,,10,,4
156,堡林,2022-02-09 21:00,4.6,,.3,0,48,1013.9,1022.6,,,,6,,2.6
156,堡林,2022-02-09 22:00,4.4,,0,0,50,1013.7,1022.4,,,,9,,2.7
156,堡林,2022-02-09 23:00,4.3,,.2,0,50,1013.8,1022.6,,,,10,,2.6
156,堡林,2022-02-10 00:00,3.8,,.2,0,50,1014,1022.8,,,,10,,2.6
156,堡林,2022-02-10 01:00,3.4,,.5,320,53,1013.6,1022.4,,,,10,,2.4
156,堡林,2022-02-10 02:00,3,,.8,250,57,1013.7,1022.5,,,,9,,2.3
156,堡林,2022-02-10 03:00,2.7,,1.3,250,55,1014,1022.8,,,,10,,2.1
156,堡林,2022-02-10 04:00,2.2,,.6,250,57,1013.6,1022.4,,,,10,,1.2
156,堡林,2022-02-10 05:00,2.2,,1.1,230,59,1013.5,1022.3,,,,10,,1.5
156,堡林,2022-02-10 06:00,2,,.5,200,59,1013.9,1022.7,,,,7,,1.4
156,堡林,2022-02-10 07:00,1.2,,.5,250,65,1014.2,1023.1,,,,6,,-.6
156,堡林,2022-02-10 08:00,1.4,,.2,0,65,1014.8,1023.7,0,.1,,0,,-.2
156,堡林,2022-02-10 09:00,2.7,,0,0,60,1015.2,1024,.8,.58,,0,,0
156,堡林,2022-02-10 10:00,4.6,,.7,340,51,1015.3,1024.1,1,1.25,,0,,3.4
156,堡林,2022-02-10 11:00,6,,1.2,20,31,1015.4,1024.1,1,1.85,,0,,8.4
156,堡林,2022-02-10 12:00,6.9,,1.6,50,26,1014.9,1023.6,1,2.31,,0,,12.7
156,堡林,2022-02-10 13:00,7.5,,2.7,360,23,1014.1,1022.8,1,2.51,,0,,15.3
156,堡林,2022-02-10 14:00,8.6,,2.7,50,23,1013.4,1022,1,2.48,,0,,16.3
156,堡林,2022-02-10 15:00,8.5,,2.1,20,26,1013.3,1021.9,1,2.1,,0,,16
156,堡林,2022-02-10 16:00,8.1,,2.8,50,26,1013.3,1021.9,1,1.66,,0,,14.1
156,堡林,2022-02-10 17:00,7.4,,2.1,50,29,1013.7,1022.4,1,1.01,,0,,10.9
156,堡林,2022-02-10 18:00,5.8,,1.9,20,35,1014.4,1023.1,.8,.33,,0,,6.6
156,堡林,2022-02-10 19:00,4.9,,1.5,50,38,1014.9,1023.7,0,.05,,0,,4
156,堡林,2022-02-10 20:00,4,,1.2,70,42,1015.2,1024,,,,0,,2.5
156,堡林,2022-02-10 21:00,3.2,,.8,90,45,1015.8,1024.6,,,,0,,1.1
156,堡林,2022-02-10 22:00,2.4,,1.5,70,50,1016.3,1025.1,,,,0,,.1
156,堡林,2022-02-10 23:00,2.2,,1,50,53,1016.2,1025.1,,,,0,,-.1
156,堡林,2022-02-11 00:00,1.7,,.9,50,56,1015.5,1024.4,,,,0,,-.3
156,堡林,2022-02-11 01:00,1,,1.3,50,60,1015.9,1024.8,,,,10,,-.5
156,堡林,2022-02-11 02:00,.7,,1.2,50,61,1016,1024.9,,,,9,,-.7
156,堡林,2022-02-11 03:00,.1,,.6,50,64,1016.1,1025,,,,5,,-.9
156,堡林,2022-02-11 04:00,-.4,,1,320,69,1016.3,1025.2,,,,0,,-1.2
156,堡林,2022-02-11 05:00,-1,,.1,0,72,1016.4,1025.4,,,,0,,-1.5
156,堡林,2022-02-11 06:00,-1.4,,.1,0,72,1017,1026,,,,0,,-1.7
156,堡林,2022-02-11 07:00,-1.6,,.2,0,75,1017.5,1026.5,,,,0,,-2
156,堡林,2022-02-11 08:00,-1.6,,0,0,77,1018.2,1027.2,0,.11,,0,,-1.9
156,堡林,2022-02-11 09:00,.3,,0,0,66,1018.8,1027.8,1,.61,,0,,-1.1
156,堡林,2022-02-11 10:00,3,,.5,360,57,1019,1027.8,1,1.31,,0,,.4
156,堡林,2022-02-11 11:00,7.1,,3,70,34,1018.7,1027.4,1,1.88,,0,,4.6
156,堡林,2022-02-11 12:00,8.6,,2.5,50,28,1018.3,1026.9,1,2.31,,0,,10.9
156,堡林,2022-02-11 13:00,10.5,,1.6,90,23,1017.2,1025.8,1,2.47,,0,,15
156,堡林,2022-02-11 14:00,10.9,,1.1,50,21,1016,1024.6,1,2.45,,0,,17
156,堡林,2022-02-11 15:00,11.7,,1.7,50,17,1015.7,1024.2,1,2.14,,0,,17.2
156,堡林,2022-02-11 16:00,11.9,,2.1,50,15,1015.4,1023.9,1,1.53,,0,,15.2
156,堡林,2022-02-11 17:00,11.1,,2.8,50,17,1015.5,1024.1,1,1,,0,,12.2
156,堡林,2022-02-11 18:00,9.1,,1.8,50,21,1015.7,1024.3,.7,.34,,6,,7.8
156,堡林,2022-02-11 19:00,7,,2.1,50,26,1015.7,1024.4,0,.05,,6,,5
156,堡林,2022-02-11 20:00,6.1,,2.4,70,35,1015.9,1024.6,,,,6,,3.6
156,堡林,2022-02-11 21:00,5.6,,1.5,70,42,1016.3,1025,,,,5,,2.7
156,堡林,2022-02-11 22:00,5.4,,1.4,70,44,1016.4,1025.2,,,,8,,2.5
156,堡林,2022-02-11 23:00,4.6,,1.9,70,46,1016.6,1025.4,,,,7,,2
156,堡林,2022-02-12 00:00,4.1,,1,20,50,1017,1025.8,,,,6,,1
156,堡林,2022-02-12 01:00,3.8,,0,0,51,1017.3,1026.1,,,,8,,.4
156,堡林,2022-02-12 02:00,2.9,,.3,0,54,1017.2,1026,,,,9,,.3
156,堡林,2022-02-12 03:00,2.6,,.9,50,57,1016.8,1025.6,,,,9,,.1
156,堡林,2022-02-12 04:00,2.1,,.9,270,57,1016.6,1025.5,,,,8,,.1
156,堡林,2022-02-12 05:00,2.3,,0,0,59,1016.4,1025.3,,,,8,,.8
156,堡林,2022-02-12 06:00,1.7,,.4,0,58,1016.5,1025.4,,,,8,,.5
156,堡林,2022-02-12 07:00,2.8,,.4,0,49,1016.7,1025.5,,,,6,,.3
156,堡林,2022-02-12 08:00,2.1,,.3,0,59,1016.9,1025.8,0,.11,,2,,.3
156,堡林,2022-02-12 09:00,3.6,,.8,270,55,1017.1,1025.9,.8,.58,,2,,1.1
156,堡林,2022-02-12 10:00,6.7,,.5,340,40,1017,1025.7,1,1.28,,4,,5.3
156,堡林,2022-02-12 11:00,9.9,,1.9,50,26,1016.8,1025.4,1,1.92,,0,,11
156,堡林,2022-02-12 12:00,11.2,,3.5,50,19,1015.9,1024.5,1,2.27,,2,,14.7
156,堡林,2022-02-12 13:00,12.9,,1.9,70,17,1014.7,1023.2,1,2.51,,0,,17.8
156,堡林,2022-02-12 14:00,13.1,,1.5,50,16,1013.7,1022.2,1,2.49,,0,,19.4
156,堡林,2022-02-12 15:00,13.6,,1.1,20,17,1013,1021.4,1,2.2,,0,,19.3
156,堡林,2022-02-12 16:00,13.5,,1.4,290,18,1012.8,1021.2,1,1.61,,0,,17.3
156,堡林,2022-02-12 17:00,12.5,,1.5,290,21,1012.8,1021.3,1,.96,,0,,13.9
156,堡林,2022-02-12 18:00,10.3,,1.4,340,31,1012.9,1021.5,.7,.33,,0,,9.4
156,堡林,2022-02-12 19:00,8.4,,.4,0,39,1013.6,1022.2,0,.05,,0,,6.5
156,堡林,2022-02-12 20:00,7.3,,1.3,70,42,1013.9,1022.6,,,,0,,4.6
156,堡林,2022-02-12 21:00,6.3,,1.3,270,52,1014.5,1023.2,,,,0,,3.3
156,堡林,2022-02-12 22:00,6,,0,0,54,1014.5,1023.2,,,,4,,2.6
156,堡林,2022-02-12 23:00,6,,0,0,48,1014.2,1022.9,,,,10,,3.5
156,堡林,2022-02-13 00:00,5.5,,0,0,55,1014,1022.7,,,,7,,3.5
156,堡林,2022-02-13 01:00,4.9,,.4,0,55,1013.7,1022.5,,,,8,,2.2
156,堡林,2022-02-13 02:00,4.6,,.2,0,56,1013.6,1022.3,,,,7,,1.5
156,堡林,2022-02-13 03:00,4.4,,.4,0,56,1013.2,1021.9,,,,8,,2
156,堡林,2022-02-13 04:00,4.5,,.3,0,54,1012.5,1021.2,,,,7,,2.3
156,堡林,2022-02-13 05:00,4.1,,0,0,55,1012.4,1021.1,,,,7,,2.5
156,堡林,2022-02-13 06:00,4.3,,.3,0,54,1012.4,1021.1,,,,8,,2.4
156,堡林,2022-02-13 07:00,4.5,,.4,0,55,1012.7,1021.4,,,,9,,2.6
156,堡林,2022-02-13 08:00,4.6,,1.5,70,57,1012.7,1021.4,0,.09,,2,,3
156,堡林,2022-02-13 09:00,6.3,,1.4,70,53,1012.7,1021.4,.7,.54,,6,,5.3
156,堡林,2022-02-13 10:00,8.2,,1.8,70,48,1012.4,1021,1,1.16,,2,,10.1
156,堡林,2022-02-13 11:00,10.4,,1.2,70,40,1012.7,1021.3,1,1.68,,4,,16.4
156,堡林,2022-02-13 12:00,12,,1.8,70,30,1011.8,1020.3,.9,1.94,,6,,20.9
156,堡林,2022-02-13 13:00,12.6,,1.6,50,27,1010.7,1019.2,1,2.21,,7,,22.6
156,堡林,2022-02-13 14:00,12.4,,1.4,320,32,1010.4,1018.9,.5,1.71,,8,,20.1
156,堡林,2022-02-13 15:00,11.5,,2,360,38,1010.3,1018.8,0,.85,,10,,16.4
156,堡林,2022-02-13 16:00,11.5,,1.5,20,38,1010,1018.5,0,.74,,10,,15.3
156,堡林,2022-02-13 17:00,11,,1.4,20,40,1010.3,1018.8,0,.48,,10,,12.5
156,堡林,2022-02-13 18:00,10,,1.9,50,40,1010.2,1018.8,0,.22,,8,,8.7
156,堡林,2022-02-13 19:00,9.4,,1.2,50,41,1010.7,1019.2,0,.05,,7,,5.8
156,堡林,2022-02-13 20:00,8,,1.4,70,42,1011.1,1019.7,,,,3,,4.2
156,堡林,2022-02-13 21:00,7.7,,1.3,50,43,1011.7,1020.3,,,,8,,3.3
156,堡林,2022-02-13 22:00,7.4,,1,70,45,1011.9,1020.5,,,,5,,2.4
156,堡林,2022-02-13 23:00,7.1,,.9,70,47,1011.5,1020.1,,,,9,,2
156,堡林,2022-02-14 00:00,6,,.5,20,51,1011.8,1020.5,,,,6,,1.1
156,堡林,2022-02-14 01:00,5.2,,0,0,56,1012.1,1020.8,,,,4,,.3
156,堡林,2022-02-14 02:00,4.3,,0,0,60,1011.9,1020.6,,,,1,,-.3
156,堡林,2022-02-14 03:00,3.1,,0,0,67,1012.1,1020.9,,,,0,,-1
156,堡林,2022-02-14 04:00,2.7,,0,0,69,1011.7,1020.5,,,,0,,-1.4
156,堡林,2022-02-14 05:00,2.1,,.1,0,72,1011.7,1020.5,,,,0,,-1.8
156,堡林,2022-02-14 06:00,1.9,,0,0,73,1011.8,1020.6,,,,0,,-1.4
156,堡林,2022-02-14 07:00,1.5,,0,0,73,1012.3,1021.1,,,,0,,-1.6
156,堡林,2022-02-14 08:00,1.8,,0,0,75,1012.5,1021.3,0,.11,,0,,-1.2
156,堡林,2022-02-14 09:00,2.7,,.5,230,71,1012.7,1021.5,.6,.5,,0,,.6
156,堡林,2022-02-14 10:00,4.9,,.8,180,61,1012.7,1021.4,1,1.1,,0,,7
156,堡林,2022-02-14 11:00,7.4,,1.1,250,50,1012.9,1021.5,1,1.74,,0,,20.9
156,堡林,2022-02-14 12:00,10,,1.3,290,45,1012.9,1021.5,1,2.12,,0,,26
156,堡林,2022-02-14 13:00,11.5,,1.1,230,39,1011.6,1020.1,.8,1.92,,8,,24.5
156,堡林,2022-02-14 14:00,12,,1.5,250,36,1010.6,1019.1,.9,1.96,,7,,25.3
156,堡林,2022-02-14 15:00,11.8,,2,360,26,1010.2,1018.7,.7,1.71,,6,,20
156,堡林,2022-02-14 16:00,11.9,,1.9,340,19,1010.7,1019.2,1,1.57,,0,,21
156,堡林,2022-02-14 17:00,10.3,,2.3,290,23,1011,1019.6,1,1,,0,,13.7
156,堡林,2022-02-14 18:00,7.8,,2.4,320,37,1011.3,1019.9,.5,.34,,0,,5.8
156,堡林,2022-02-14 19:00,6.9,,1.3,290,46,1012.1,1020.8,0,.06,,0,,3.3
156,堡林,2022-02-14 20:00,6.9,,1.3,290,58,1012.5,1021.2,,,,3,,5.5
156,堡林,2022-02-14 21:00,4.8,0,2.8,320,88,1013.2,1021.9,,,,8,,3.9
156,堡林,2022-02-14 22:00,4,,1.6,360,86,1013.6,1022.4,,,,9,,3.8
156,堡林,2022-02-14 23:00,3.6,,1.5,360,80,1013.6,1022.4,,,,8,,3.5
156,堡林,2022-02-15 00:00,2.8,,2.1,20,68,1013.8,1022.6,,,,9,,1.9
156,堡林,2022-02-15 01:00,2.4,,.9,20,64,1014,1022.8,,,,0,,1.6
156,堡林,2022-02-15 02:00,2,,1.9,340,66,1013.8,1022.6,,,,0,,1.6
156,堡林,2022-02-15 03:00,1.6,,.7,340,66,1013.6,1022.5,,,,9,,1.1
156,堡林,2022-02-15 04:00,1.2,,1.6,340,61,1013.3,1022.2,,,,9,,.6
156,堡林,2022-02-15 05:00,.6,,2.2,360,64,1013.3,1022.2,,,,9,,.1
156,堡林,2022-02-15 06:00,.7,,1.4,360,60,1013.8,1022.7,,,,7,,.2
156,堡林,2022-02-15 07:00,.5,,1.4,320,66,1014.2,1023.1,,,,9,,0
156,堡林,2022-02-15 08:00,.4,,1,320,64,1014.3,1023.2,0,.11,,8,,.5
156,堡林,2022-02-15 09:00,-.1,0,1.4,290,78,1014.7,1023.6,0,.3,,9,,2.2
156,堡林,2022-02-15 10:00,.7,,1.6,360,70,1015.1,1024,.2,.73,,8,,6.4
156,堡林,2022-02-15 11:00,1.1,,2,340,60,1015.1,1024,.7,1.48,,8,,11.3
156,堡林,2022-02-15 12:00,.7,0,1.9,360,62,1014.7,1023.6,.4,1.33,,7,,11.7
156,堡林,2022-02-15 13:00,-.1,,2.6,20,68,1014.1,1023,.3,1.28,,8,,10.4
156,堡林,2022-02-15 14:00,.7,,2.8,340,54,1013.2,1022.1,.3,1.34,,7,,11.5
156,堡林,2022-02-15 15:00,.7,0,2.1,20,56,1013.1,1022,.4,1.22,,8,,11.1
156,堡林,2022-02-15 16:00,.6,,2.3,320,59,1013.6,1022.5,.3,.77,,9,,9.1
156,堡林,2022-02-15 17:00,-.5,,1.8,340,62,1014,1022.9,0,.4,,9,,5.3
156,堡林,2022-02-15 18:00,-1.5,0,2.4,50,70,1014.2,1023.2,.2,.28,,8,,1.9
156,堡林,2022-02-15 19:00,-1.7,,1.3,50,65,1014.7,1023.7,0,.07,,1,,.3
156,堡林,2022-02-15 20:00,-2.2,,1.1,360,62,1015.2,1024.2,,,,8,,-1.4
156,堡林,2022-02-15 21:00,-2.8,,2.1,50,64,1015.3,1024.3,,,,6,,-2.5
156,堡林,2022-02-15 22:00,-3,,1.8,70,65,1015.6,1024.6,,,,0,,-3
156,堡林,2022-02-15 23:00,-3,,1.1,50,65,1015.5,1024.5,,,,10,,-2.7
156,堡林,2022-02-16 00:00,-3.1,,1.1,50,67,1015.1,1024.1,,,,8,,-2.5
156,堡林,2022-02-16 01:00,-3.1,,.5,20,76,1015.1,1024.1,,,,5,,-2.3
156,堡林,2022-02-16 02:00,-3.2,,1,340,84,1015.1,1024.1,,,,0,,-2.1
156,堡林,2022-02-16 03:00,-3.3,0,.3,0,93,1015.2,1024.2,,,.5,8,,-1.9
156,堡林,2022-02-16 04:00,-3.2,,.8,360,91,1014.9,1023.9,,,.6,9,,-1.5
156,堡林,2022-02-16 05:00,-3.3,,.3,0,95,1014.9,1023.9,,,1.3,10,,-1
156,堡林,2022-02-16 06:00,-3.2,.2,.7,320,97,1015.1,1024.1,,,1.6,10,,-.5
156,堡林,2022-02-16 07:00,-3.3,,.1,0,95,1015.1,1024.1,,,1.9,10,,-.2
156,堡林,2022-02-16 08:00,-3.1,,.3,0,94,1015.1,1024.1,0,.09,2.2,10,,.6
156,堡林,2022-02-16 09:00,-2,.3,1.7,340,67,1015.6,1024.6,.2,.37,1.7,7,,.9
156,堡林,2022-02-16 10:00,-2,,2.6,320,73,1015.8,1024.8,.5,.87,.7,10,,2.2
156,堡林,2022-02-16 11:00,-2.1,,1.8,20,90,1016.3,1025.3,.1,.61,1.3,9,,4.2
156,堡林,2022-02-16 12:00,-1.6,.1,1.1,20,83,1016.2,1025.2,.3,.97,,10,,9.4
156,堡林,2022-02-16 13:00,-2.2,,3.3,360,74,1015.6,1024.6,.6,1.21,,10,,7.6
156,堡林,2022-02-16 14:00,-1.3,,1.8,320,75,1015.1,1024.1,.5,1.61,,10,,11.7
156,堡林,2022-02-16 15:00,-1.9,.3,2.2,340,72,1014.6,1023.6,.4,1.31,,5,,8.2
156,堡林,2022-02-16 16:00,-1.8,,2.2,20,71,1014.5,1023.5,.7,1.66,,8,,9.2
156,堡林,2022-02-16 17:00,-2.8,,2.5,360,76,1014.7,1023.7,.3,.66,,10,,3.3
156,堡林,2022-02-16 18:00,-3.7,0,1.4,50,87,1015.3,1024.4,0,.21,,8,,1
156,堡林,2022-02-16 19:00,-4.1,,.9,360,90,1015.6,1024.7,0,.06,.7,10,,.5
156,堡林,2022-02-16 20:00,-4.4,,1,290,94,1015.7,1024.8,,,1.1,5,,.3
156,堡林,2022-02-16 21:00,-4.4,0,.7,340,95,1015.8,1024.9,,,1.7,10,,.3
156,堡林,2022-02-16 22:00,-4.3,,.9,50,95,1016,1025.1,,,2.1,10,,.3
156,堡林,2022-02-16 23:00,-4.2,,2,50,87,1016.3,1025.4,,,2.1,2,,.3
156,堡林,2022-02-17 00:00,-4.4,.2,3.4,50,70,1016.7,1025.8,,,2,1,,0
156,堡林,2022-02-17 01:00,-5.2,,3,50,78,1017,1026.1,,,1.8,6,,-.2
156,堡林,2022-02-17 02:00,-6,,3.1,70,80,1017.2,1026.3,,,1.7,2,,-.3
156,堡林,2022-02-17 03:00,-6.3,0,1.7,70,70,1017.9,1027.1,,,1.6,3,,-.9
156,堡林,2022-02-17 04:00,-6.4,,2.8,50,65,1018.1,1027.3,,,1.5,1,,-1.5
156,堡林,2022-02-17 05:00,-6.9,,2.2,50,64,1018.3,1027.5,,,1.5,9,,-1.8
156,堡林,2022-02-17 06:00,-7.3,,1.9,70,70,1018.2,1027.4,,,1.4,6,,-2.1
156,堡林,2022-02-17 07:00,-7.6,,1.4,70,72,1018.8,1028,,,1.4,1,,-2.4
156,堡林,2022-02-17 08:00,-7,,1.4,70,72,1019.4,1028.6,0,.12,1.3,3,,-2.2
156,堡林,2022-02-17 09:00,-5.4,,1.9,70,64,1019.6,1028.7,1,.66,1.1,2,,-1.6
156,堡林,2022-02-17 10:00,-3.9,,2.2,50,59,1019.6,1028.7,1,1.4,.8,4,,-.4
156,堡林,2022-02-17 11:00,-3.3,,2.1,360,52,1019.8,1028.9,1,2.6,.8,1,,.8
156,堡林,2022-02-17 12:00,-2.4,,2.1,360,48,1019.2,1028.2,1,3.13,,0,,11.4
156,堡林,2022-02-17 13:00,-1.2,,1.9,340,41,1018.3,1027.3,1,3.05,,4,,14.2
156,堡林,2022-02-17 14:00,-.2,,2.2,340,38,1018,1027,1,2.86,,7,,15.9
156,堡林,2022-02-17 15:00,.2,,2.5,360,35,1018.4,1027.4,1,1.84,,2,,13.9
156,堡林,2022-02-17 16:00,0,,2.1,340,35,1018.8,1027.8,1,1.78,,4,,11.9
156,堡林,2022-02-17 17:00,-.4,,2.1,50,40,1018.5,1027.5,1,1.02,,6,,6.5
156,堡林,2022-02-17 18:00,-1.5,,1.2,340,45,1019,1028,.9,.41,,6,,1.1
156,堡林,2022-02-17 19:00,-2.3,,1.1,50,52,1019.7,1028.7,0,.06,,4,,-.8
156,堡林,2022-02-17 20:00,-3.2,,1.5,70,54,1019.8,1028.9,,,,0,,-2
156,堡林,2022-02-17 21:00,-3.9,,3.1,70,59,1020.3,1029.4,,,,3,,-2.9
156,堡林,2022-02-17 22:00,-4.2,,2.8,70,61,1020.6,1029.7,,,,4,,-3.4
156,堡林,2022-02-17 23:00,-4.7,,2.6,70,62,1020.8,1029.9,,,,10,,-3.8
156,堡林,2022-02-18 00:00,-4.8,,2.1,70,61,1020.9,1030,,,,0,,-4.2
156,堡林,2022-02-18 01:00,-4.9,,.9,50,61,1021.4,1030.6,,,,7,,-4.5
156,堡林,2022-02-18 02:00,-5.2,,1.6,50,63,1021.2,1030.3,,,,8,,-4.9
156,堡林,2022-02-18 03:00,-5.3,,1.9,70,63,1021.7,1030.9,,,,6,,-5.1
156,堡林,2022-02-18 04:00,-5.8,,1.1,90,68,1021.7,1030.9,,,,6,,-5.4
156,堡林,2022-02-18 05:00,-5.9,,.4,0,70,1022,1031.2,,,,5,,-5.8
156,堡林,2022-02-18 06:00,-6.2,,.8,90,72,1022.9,1032.1,,,,7,,-5.8
156,堡林,2022-02-18 07:00,-6,,.6,90,69,1022.9,1032.1,,,,6,,-6
156,堡林,2022-02-18 08:00,-5.6,,.3,0,67,1022.9,1032.1,0,.15,,7,,-4.9
156,堡林,2022-02-18 09:00,-3.3,,.9,70,54,1023.1,1032.2,.9,.64,,8,,-2.3
156,堡林,2022-02-18 10:00,-.7,,1.1,70,42,1023.3,1032.3,1,1.31,,3,,1.1
156,堡林,2022-02-18 11:00,2.2,,1.2,90,35,1022.7,1031.6,1,2.09,,0,,12.4
156,堡林,2022-02-18 12:00,4.5,,1,20,35,1021.3,1030.1,1,2.49,,0,,19.1
156,堡林,2022-02-18 13:00,6.4,,1.2,290,36,1019.9,1028.6,1,2.67,,0,,24.3
156,堡林,2022-02-18 14:00,7,,1.5,320,35,1019.2,1027.9,1,2.48,,3,,25
156,堡林,2022-02-18 15:00,8.2,,1.6,20,34,1018.6,1027.3,1,2.29,,0,,23.9
156,堡林,2022-02-18 16:00,8.4,,1.7,270,37,1018.6,1027.3,.9,1.57,,3,,18.2
156,堡林,2022-02-18 17:00,8.1,,1.2,50,37,1017.7,1026.4,.9,.94,,3,,13.5
156,堡林,2022-02-18 18:00,6.7,,1.2,50,41,1017.4,1026.1,.3,.34,,8,,6.1
156,堡林,2022-02-18 19:00,5.1,,.7,290,47,1017.9,1026.7,0,.06,,7,,3
156,堡林,2022-02-18 20:00,4.2,,.5,230,49,1018.4,1027.2,,,,8,,1.8
156,堡林,2022-02-18 21:00,3.5,,1.9,70,50,1018.3,1027.1,,,,9,,1.4
156,堡林,2022-02-18 22:00,3.6,,2.9,70,48,1017.5,1026.3,,,,9,,1.4
156,堡林,2022-02-18 23:00,3.3,,2.1,70,50,1016.9,1025.7,,,,10,,1.5
156,堡林,2022-02-19 00:00,3.2,,2.4,70,51,1016.9,1025.7,,,,10,,1.6
156,堡林,2022-02-19 01:00,3.5,,1.5,70,45,1017,1025.8,,,,10,,1.6
156,堡林,2022-02-19 02:00,3.1,,.4,0,47,1016.7,1025.5,,,,10,,1.7
156,堡林,2022-02-19 03:00,2.9,,.2,0,47,1016.3,1025.1,,,,10,,1.8
156,堡林,2022-02-19 04:00,2.7,,1,320,52,1016,1024.8,,,,10,,1.6
156,堡林,2022-02-19 05:00,2.5,,.3,0,53,1016,1024.8,,,,10,,1.5
156,堡林,2022-02-19 06:00,2.3,,1.1,290,55,1015.9,1024.7,,,,9,,.7
156,堡林,2022-02-19 07:00,1.5,,.6,290,59,1015.3,1024.2,,,,5,,-.9
156,堡林,2022-02-19 08:00,1.6,,.2,0,60,1015.2,1024.1,0,.13,,6,,0
156,堡林,2022-02-19 09:00,2.4,,.8,320,59,1015.8,1024.6,.2,.39,,10,,3.6
156,堡林,2022-02-19 10:00,2,,2,20,59,1016.5,1025.4,0,.45,,10,,4.6
156,堡林,2022-02-19 11:00,2.5,,1.2,50,49,1016.7,1025.5,0,.42,,10,,6.4
156,堡林,2022-02-19 12:00,3.3,0,2.1,50,33,1016.2,1025,0,.84,,10,,10.1
156,堡林,2022-02-19 13:00,5,,1.8,50,31,1015,1023.8,.4,1.73,,5,,20.8
156,堡林,2022-02-19 14:00,4.9,,1.8,20,47,1013.7,1022.5,.6,1.64,,10,,13.5
156,堡林,2022-02-19 15:00,4.7,,2.4,20,54,1013.6,1022.3,0,.95,,10,,13.2
156,堡林,2022-02-19 16:00,4.4,,2.1,50,55,1013.2,1021.9,0,.72,,10,,10.2
156,堡林,2022-02-19 17:00,4,,3.3,50,56,1013,1021.8,0,.55,,10,,7.6
156,堡林,2022-02-19 18:00,3,,2.5,50,58,1013.5,1022.3,0,.29,,7,,3
156,堡林,2022-02-19 19:00,2.3,,2.6,50,53,1013.3,1022.1,0,.07,,7,,.7
156,堡林,2022-02-19 20:00,1.9,,1.7,50,57,1012.8,1021.6,,,,8,,1.2
156,堡林,2022-02-19 21:00,.4,0,2.6,20,82,1014.3,1023.2,,,,9,,.4
156,堡林,2022-02-19 22:00,.1,,2.1,20,69,1015.2,1024.1,,,,9,,.1
156,堡林,2022-02-19 23:00,-.2,,1.9,360,59,1015.9,1024.8,,,,9,,-.8
156,堡林,2022-02-20 00:00,-1.3,0,1.8,360,61,1016.6,1025.6,,,,9,,-2.1
156,堡林,2022-02-20 01:00,-1.9,,1.5,20,64,1016.4,1025.4,,,,3,,-3.2
156,堡林,2022-02-20 02:00,-2.2,,1.6,320,69,1016.1,1025.1,,,,9,,-2.5
156,堡林,2022-02-20 03:00,-3.1,.1,1,290,86,1015.5,1024.5,,,.1,9,,-1.5
156,堡林,2022-02-20 04:00,-3.2,,1.1,360,93,1015.4,1024.4,,,1.4,9,,-1.1
156,堡林,2022-02-20 05:00,-3.5,,2.1,50,90,1015.4,1024.4,,,1.6,8,,-1
156,堡林,2022-02-20 06:00,-3.6,.2,2.1,50,89,1016,1025.1,,,1.8,8,,-.8
156,堡林,2022-02-20 07:00,-3.5,,2.6,50,70,1016.8,1025.9,,,1.8,8,,-1
156,堡林,2022-02-20 08:00,-3.8,,4,50,69,1017.9,1027,0,.11,1.6,5,,-.8
156,堡林,2022-02-20 09:00,-2.8,0,4.1,50,49,1018.7,1027.8,.9,.77,1.1,0,,-.4
156,堡林,2022-02-20 10:00,-2.3,,3.4,20,49,1019.1,1028.1,1,1.62,.3,0,,1
156,堡林,2022-02-20 11:00,-1.3,,2.9,50,49,1020.2,1029.2,1,2.14,,7,,13.2
156,堡林,2022-02-20 12:00,-.3,,3.4,50,46,1019.8,1028.8,.9,2.12,,7,,14.1
156,堡林,2022-02-20 13:00,-.6,,3,50,40,1019,1028,.7,1.8,,6,,9.8
156,堡林,2022-02-20 14:00,2.1,,3.2,50,35,1018.6,1027.5,.9,2.49,,6,,23.4
156,堡林,2022-02-20 15:00,-.2,,4.1,50,39,1018.3,1027.3,.8,1.59,,6,,10
156,堡林,2022-02-20 16:00,.6,,4.4,50,37,1018.6,1027.5,.9,1.49,,3,,14.3
156,堡林,2022-02-20 17:00,.2,,2.6,340,39,1018.3,1027.3,1,1.28,,2,,8.4
156,堡林,2022-02-20 18:00,-1.3,,3.6,20,46,1019.2,1028.2,1,.48,,0,,-.2
156,堡林,2022-02-20 19:00,-2,,2.2,20,51,1019.6,1028.6,.1,.07,,0,,-3.1
156,堡林,2022-02-20 20:00,-2.6,,1.3,360,55,1020,1029.1,,,,0,,-4
156,堡林,2022-02-20 21:00,-2.6,,.5,20,57,1020.4,1029.5,,,,2,,-4.3
156,堡林,2022-02-20 22:00,-2.9,,.8,50,61,1020.9,1030,,,,6,,-4.8
156,堡林,2022-02-20 23:00,-3.1,,.3,0,65,1020.9,1030,,,,0,,-5
156,堡林,2022-02-21 00:00,-3.2,,0,0,72,1020.8,1029.9,,,,0,,-5.3
156,堡林,2022-02-21 01:00,-3.4,,0,0,72,1020.8,1029.9,,,,4,,-5.6
156,堡林,2022-02-21 02:00,-3,,.7,230,72,1020.8,1029.9,,,,9,,-3.6
156,堡林,2022-02-21 03:00,-3.3,,.3,0,75,1020.5,1029.6,,,,9,,-4.3
156,堡林,2022-02-21 04:00,-3.6,,0,0,77,1020.3,1029.4,,,,2,,-5.7
156,堡林,2022-02-21 05:00,-3.8,,.4,0,81,1020.3,1029.4,,,,3,,-5
156,堡林,2022-02-21 06:00,-4.4,0,.7,320,86,1020.5,1029.6,,,,0,,-6
156,堡林,2022-02-21 07:00,-4.3,,.4,0,88,1021,1030.1,,,,0,,-5.4
156,堡林,2022-02-21 08:00,-3.9,,.5,90,88,1022,1031.1,0,.15,,0,,-5
156,堡林,2022-02-21 09:00,-2.3,,.1,0,82,1022.2,1031.3,1,.83,,0,,-.8
156,堡林,2022-02-21 10:00,-.6,,1.2,230,73,1022.5,1031.5,1,1.47,,0,,8.5
156,堡林,2022-02-21 11:00,2.1,,.9,200,61,1021.6,1030.5,1,2.03,,0,,17
156,堡林,2022-02-21 12:00,4.7,,1.9,230,43,1021.2,1030,1,2.47,,0,,24
156,堡林,2022-02-21 13:00,6.2,,2.2,250,41,1020.2,1029,1,2.55,,6,,27.5
156,堡林,2022-02-21 14:00,6,,2.1,290,28,1019.5,1028.3,.7,1.98,,7,,19
156,堡林,2022-02-21 15:00,6.4,,3.4,320,26,1019,1027.7,.9,1.73,,8,,19.8
156,堡林,2022-02-21 16:00,5.9,,2.3,320,32,1019.2,1028,.7,1.28,,7,,13.4
156,堡林,2022-02-21 17:00,5.2,,1.8,290,36,1019.2,1028,.2,.52,,10,,7.9
156,堡林,2022-02-21 18:00,4.3,0,2.1,360,48,1019.4,1028.2,0,.21,,7,,3.6
156,堡林,2022-02-21 19:00,3.7,,1,290,51,1019.5,1028.3,0,.06,,0,,.2
156,堡林,2022-02-21 20:00,2.8,,1.1,290,61,1020.4,1029.3,,,,5,,-.4
156,堡林,2022-02-21 21:00,2.3,,1.7,360,61,1020.8,1029.7,,,,6,,-1.3
156,堡林,2022-02-21 22:00,1.4,,.6,20,63,1021.6,1030.5,,,,4,,-2
156,堡林,2022-02-21 23:00,.8,,.8,340,61,1022.4,1031.4,,,,5,,-2.9
156,堡林,2022-02-22 00:00,.2,,.9,50,60,1022.6,1031.6,,,,3,,-3.4
156,堡林,2022-02-22 01:00,-.3,,1.2,50,60,1022.1,1031.1,,,,0,,-3.9
156,堡林,2022-02-22 02:00,-.6,,1.2,50,59,1022.4,1031.4,,,,0,,-4.1
156,堡林,2022-02-22 03:00,-.9,,1.2,50,58,1022.5,1031.5,,,,2,,-4.3
156,堡林,2022-02-22 04:00,-1,,.9,50,59,1022,1031,,,,7,,-4.4
156,堡林,2022-02-22 05:00,-1.1,,2,50,66,1022.4,1031.4,,,,7,,-3.2
156,堡林,2022-02-22 06:00,-1.7,0,2.6,50,72,1023.3,1032.4,,,,5,,-4.3
156,堡林,2022-02-22 07:00,-2.2,,3.2,50,54,1023.2,1032.3,,,,0,,-5.3
156,堡林,2022-02-22 08:00,-2.4,,1.9,50,48,1023.8,1032.9,.2,.15,,0,,-5
156,堡林,2022-02-22 09:00,-1,,2.9,70,41,1024.6,1033.6,1,.87,,0,,.2
156,堡林,2022-02-22 10:00,.2,,1.2,70,38,1024.5,1033.5,1,1.59,,0,,10.9
156,堡林,2022-02-22 11:00,1.6,,2.2,340,32,1024.2,1033.1,1,2.19,,0,,17.3
156,堡林,2022-02-22 12:00,2.8,,2.2,320,29,1023.8,1032.7,1,2.58,,7,,23.2
156,堡林,2022-02-22 13:00,2.7,,2.6,50,31,1023.6,1032.5,1,2.53,,6,,20.5
156,堡林,2022-02-22 14:00,3.5,,2.5,320,29,1022.8,1031.7,1,2.51,,8,,26.2
156,堡林,2022-02-22 15:00,3.6,,1.9,360,30,1022.6,1031.5,1,2.23,,8,,22
156,堡林,2022-02-22 16:00,2.5,,1.6,360,35,1022.4,1031.3,1,1.44,,8,,13.8
156,堡林,2022-02-22 17:00,2.1,,2.3,20,38,1022.5,1031.4,.5,.81,,7,,8.1
156,堡林,2022-02-22 18:00,1.2,,1.6,340,44,1022.2,1031.1,.2,.37,,6,,2.5
156,堡林,2022-02-22 19:00,.5,,1.2,340,50,1022.5,1031.5,0,.07,,8,,-1
156,堡林,2022-02-22 20:00,0,,1.2,340,54,1022.7,1031.7,,,,4,,-3.5
156,堡林,2022-02-22 21:00,-.5,,.8,340,59,1022.9,1031.9,,,,5,,-4.9
156,堡林,2022-02-22 22:00,-.9,,1.1,20,64,1023.2,1032.2,,,,8,,-3.8
156,堡林,2022-02-22 23:00,-1.2,,1,360,65,1024.3,1033.3,,,,10,,-2.8
156,堡林,2022-02-23 00:00,-1.8,0,1.3,20,71,1023.9,1033,,,,8,,-3.2
156,堡林,2022-02-23 01:00,-2,,1.7,20,72,1024.4,1033.5,,,,10,,-2.6
156,堡林,2022-02-23 02:00,-2.6,,2.4,50,65,1024,1033.1,,,,9,,-3.1
156,堡林,2022-02-23 03:00,-3,0,1.5,50,58,1024.3,1033.4,,,,9,,-3.5
156,堡林,2022-02-23 04:00,-3.5,,2.1,70,52,1024.6,1033.7,,,,9,,-4.1
156,堡林,2022-02-23 05:00,-3.9,,2.3,70,50,1024.4,1033.5,,,,9,,-4.2
156,堡林,2022-02-23 06:00,-4.4,,3.3,50,48,1024.6,1033.8,,,,9,,-4.9
156,堡林,2022-02-23 07:00,-4.9,,2.9,70,43,1025.2,1034.4,,,,9,,-5.6
156,堡林,2022-02-23 08:00,-4.6,,2.4,70,44,1025.5,1034.7,0,.15,,9,,-3.8
156,堡林,2022-02-23 09:00,-3.8,,2.8,70,43,1026.1,1035.3,0,.47,,9,,.5
156,堡林,2022-02-23 10:00,-2.8,,3.2,50,43,1025.5,1034.6,0,.91,,9,,5.3
156,堡林,2022-02-23 11:00,-.9,,2.2,70,40,1025.4,1034.4,.8,1.66,,6,,16.7
156,堡林,2022-02-23 12:00,.4,,2.4,340,39,1024.9,1033.9,1,2.4,,7,,22.3
156,堡林,2022-02-23 13:00,0,,2.5,20,37,1024,1033,1,2.41,,7,,21.9
156,堡林,2022-02-23 14:00,1.6,,2.1,340,35,1022.9,1031.8,1,2.74,,0,,24.7
156,堡林,2022-02-23 15:00,1.8,,2.9,50,32,1021.9,1030.8,1,2.51,,0,,20.8
156,堡林,2022-02-23 16:00,2.4,,2.5,20,28,1021.6,1030.5,1,2.01,,0,,16.2
156,堡林,2022-02-23 17:00,1.7,,2.6,50,26,1022,1030.9,1,1.33,,0,,10
156,堡林,2022-02-23 18:00,-.2,,1.9,360,30,1022.5,1031.5,1,.57,,0,,1.5
156,堡林,2022-02-23 19:00,-1.5,,1.3,340,39,1023.6,1032.6,.2,.08,,0,,-3.3
156,堡林,2022-02-23 20:00,-2.6,,1.7,20,44,1024.1,1033.2,,,,0,,-5
156,堡林,2022-02-23 21:00,-3.1,,1.3,70,48,1024.4,1033.5,,,,0,,-5.5
156,堡林,2022-02-23 22:00,-2.8,,2.2,50,45,1024.7,1033.8,,,,0,,-6.2
156,堡林,2022-02-23 23:00,-3,,2.8,50,49,1024.1,1033.2,,,,0,,-6.1
156,堡林,2022-02-24 00:00,-3.8,,1.4,50,52,1024.1,1033.2,,,,0,,-7.5
156,堡林,2022-02-24 01:00,-3.7,,.9,50,53,1023.9,1033,,,,0,,-7.9
156,堡林,2022-02-24 02:00,-3.3,,1.8,50,57,1024.1,1033.2,,,,1,,-7.3
156,堡林,2022-02-24 03:00,-4.3,,.9,110,57,1024,1033.2,,,,0,,-8.2
156,堡林,2022-02-24 04:00,-4.1,,.6,70,61,1023.9,1033,,,,5,,-7.8
156,堡林,2022-02-24 05:00,-4.2,,1.5,70,61,1023.8,1032.9,,,,0,,-8.5
156,堡林,2022-02-24 06:00,-4.5,,2,70,66,1023.8,1033,,,,0,,-8.9
156,堡林,2022-02-24 07:00,-4.4,,1.3,50,63,1023.8,1033,,,,2,,-8.8
156,堡林,2022-02-24 08:00,-3.8,,1.3,50,64,1024,1033.1,.1,.19,,7,,-5.6
156,堡林,2022-02-24 09:00,-1.5,,1.2,50,54,1024.5,1033.6,1,.81,,6,,3.3
156,堡林,2022-02-24 10:00,.5,,2.3,50,54,1024.6,1033.6,.8,1.28,,5,,11.4
156,堡林,2022-02-24 11:00,2.3,,.6,90,50,1024.3,1033.2,1,2.14,,0,,20.5
156,堡林,2022-02-24 12:00,3.6,,1.5,360,47,1023.6,1032.5,1,2.62,,5,,25.9
156,堡林,2022-02-24 13:00,3.8,,3,20,46,1022.9,1031.8,.8,2.16,,6,,18.9
156,堡林,2022-02-24 14:00,4.3,,2.8,50,44,1022.1,1030.9,.7,1.9,,5,,19.4
156,堡林,2022-02-24 15:00,4,,2.7,360,46,1021.5,1030.3,.6,1.67,,6,,14.2
156,堡林,2022-02-24 16:00,3.2,,2.1,20,49,1021.1,1030,.2,.74,,6,,6.9
156,堡林,2022-02-24 17:00,4.5,,1.5,20,35,1021,1029.8,.6,.76,,0,,9.6
156,堡林,2022-02-24 18:00,3,,2,20,34,1021.3,1030.2,1,.57,,0,,1.7
156,堡林,2022-02-24 19:00,1.4,,1.4,360,40,1021.6,1030.5,.2,.08,,0,,-2.5
156,堡林,2022-02-24 20:00,.8,,.9,50,41,1021.5,1030.5,,,,0,,-4.6
156,堡林,2022-02-24 21:00,.4,,.7,50,43,1021.5,1030.5,,,,0,,-7.1
156,堡林,2022-02-24 22:00,-.2,,0,0,49,1021.7,1030.7,,,,0,,-7.7
156,堡林,2022-02-24 23:00,-.8,,0,0,53,1021.5,1030.5,,,,0,,-8.1
156,堡林,2022-02-25 00:00,-.8,,.5,290,57,1021.2,1030.2,,,,0,,-8.4
156,堡林,2022-02-25 01:00,-1.5,,0,0,61,1021,1030,,,,0,,-8.6
156,堡林,2022-02-25 02:00,-2,,0,0,68,1020.9,1029.9,,,,0,,-8.7
156,堡林,2022-02-25 03:00,-2.5,,0,0,70,1020.9,1030,,,,0,,-8.9
156,堡林,2022-02-25 04:00,-2.9,,.3,0,75,1020.7,1029.8,,,,0,,-8.9
156,堡林,2022-02-25 05:00,-3.2,,0,0,76,1020.9,1030,,,,0,,-9.2
156,堡林,2022-02-25 06:00,-3.5,,0,0,75,1021.2,1030.3,,,,0,,-9.2
156,堡林,2022-02-25 07:00,-3.9,,0,0,77,1021.5,1030.6,,,,0,,-9.3
156,堡林,2022-02-25 08:00,-3.4,,0,0,77,1022.1,1031.2,.1,.18,,0,,-6.5
156,堡林,2022-02-25 09:00,-1.4,,0,0,69,1022.7,1031.7,1,.79,,0,,4.3
156,堡林,2022-02-25 10:00,.9,,1,230,61,1022.6,1031.6,1,1.52,,0,,14.1
156,堡林,2022-02-25 11:00,4.8,,1,270,52,1022,1030.8,1,2.12,,0,,23.5
156,堡林,2022-02-25 12:00,7,,1,360,53,1021.2,1029.9,1,2.54,,0,,29
156,堡林,2022-02-25 13:00,9.1,,1.5,250,41,1019.9,1028.5,1,2.69,,0,,32.4
156,堡林,2022-02-25 14:00,11.4,,1.5,290,35,1018.7,1027.3,1,2.52,,6,,34.6
156,堡林,2022-02-25 15:00,10.6,,2.5,290,29,1018.1,1026.7,1,2.26,,2,,29.2
156,堡林,2022-02-25 16:00,10.9,,1.5,340,30,1017.7,1026.3,1,1.76,,0,,26.6
156,堡林,2022-02-25 17:00,9.7,,1.7,290,31,1017.5,1026.1,1,1.07,,0,,16.2
156,堡林,2022-02-25 18:00,8,,1.3,290,54,1017.8,1026.5,.6,.4,,0,,6.9
156,堡林,2022-02-25 19:00,6.8,,1.2,290,62,1018,1026.7,0,.07,,0,,2.6
156,堡林,2022-02-25 20:00,5.7,,.4,0,72,1018.1,1026.9,,,,0,,-.2
156,堡林,2022-02-25 21:00,5.1,,1.5,270,77,1018.3,1027.1,,,,0,,-1.9
156,堡林,2022-02-25 22:00,4.6,,1.1,180,78,1018.4,1027.2,,,,2,,-2.8
156,堡林,2022-02-25 23:00,3.7,,.8,160,81,1018,1026.8,,,,5,,-3.7
156,堡林,2022-02-26 00:00,3.2,,1,200,88,1017.6,1026.4,,,,0,,-4.3
156,堡林,2022-02-26 01:00,2.9,,.6,250,90,1017.3,1026.1,,,,10,,-2.8
156,堡林,2022-02-26 02:00,2,,0,0,93,1016.9,1025.8,,,,8,,-3
156,堡林,2022-02-26 03:00,1.5,,0,0,93,1016.4,1025.3,,,,0,,-3.2
156,堡林,2022-02-26 04:00,.8,,0,0,95,1016.1,1025,,,,5,,-2.5
156,堡林,2022-02-26 05:00,.3,,0,0,95,1016,1024.9,,,,4,,-3.5
156,堡林,2022-02-26 06:00,.2,,0,0,96,1016.2,1025.1,,,,9,,-1.5
156,堡林,2022-02-26 07:00,.3,,.1,0,95,1015.8,1024.7,,,,7,,-3.1
156,堡林,2022-02-26 08:00,.3,,.3,0,95,1016.1,1025,0,.18,,7,,-1.5
156,堡林,2022-02-26 09:00,1.3,,.3,0,92,1015.9,1024.8,.1,.5,,6,,1.3
156,堡林,2022-02-26 10:00,4.4,,.8,230,79,1015.7,1024.5,1,1.43,,0,,9.6
156,堡林,2022-02-26 11:00,8.4,,2.4,270,67,1014.9,1023.5,1,2.07,,0,,17.5
156,堡林,2022-02-26 12:00,9.7,,2.7,250,57,1014,1022.6,1,2.49,,0,,23.5
156,堡林,2022-02-26 13:00,11.7,,4.6,230,44,1012.8,1021.3,1,2.65,,0,,27.1
156,堡林,2022-02-26 14:00,13.8,,5.3,250,27,1011,1019.4,1,2.65,,2,,28.8
156,堡林,2022-02-26 15:00,13.4,,5.5,250,29,1009.9,1018.3,1,2.36,,8,,27.1
156,堡林,2022-02-26 16:00,12.7,,4.9,250,27,1009.4,1017.8,1,1.59,,8,,20.9
156,堡林,2022-02-26 17:00,10.7,,5.2,250,42,1009.1,1017.6,.6,.88,,7,,14.9
156,堡林,2022-02-26 18:00,9.3,,3.1,250,61,1009.2,1017.7,.5,.42,,7,,10.9
156,堡林,2022-02-26 19:00,8.5,,3.1,230,68,1008.9,1017.5,0,.08,,6,,8
156,堡林,2022-02-26 20:00,8,,3.6,250,76,1009.2,1017.8,,,,6,,6.5
156,堡林,2022-02-26 21:00,8.1,,2.8,250,80,1009.2,1017.8,,,,8,,7.3
156,堡林,2022-02-26 22:00,8.1,,3.8,250,84,1009.2,1017.8,,,,9,,6.7
156,堡林,2022-02-26 23:00,5.4,,3.7,340,71,1011,1019.7,,,,0,,3.7
156,堡林,2022-02-27 00:00,4.1,0,2,20,63,1012,1020.7,,,,0,,1.2
156,堡林,2022-02-27 01:00,3.7,,2.7,20,57,1012.1,1020.9,,,,0,,.3
156,堡林,2022-02-27 02:00,3.1,,1.5,360,56,1013,1021.8,,,,0,,-1
156,堡林,2022-02-27 03:00,2.5,,.7,290,58,1013.3,1022.1,,,,0,,-2.8
156,堡林,2022-02-27 04:00,2.1,,.1,0,58,1013.4,1022.2,,,,0,,-3.4
156,堡林,2022-02-27 05:00,2.8,,.9,20,55,1013.7,1022.5,,,,0,,-3.3
156,堡林,2022-02-27 06:00,2.5,,.7,50,55,1014.4,1023.2,,,,0,,-3.8
156,堡林,2022-02-27 07:00,1.6,,0,0,58,1014.7,1023.6,,,,0,,-4.5
156,堡林,2022-02-27 08:00,1.7,,0,0,57,1015,1023.9,.3,.19,,0,,-3.4
156,堡林,2022-02-27 09:00,4.3,,1.5,50,43,1015.7,1024.5,1,.96,,0,,.7
156,堡林,2022-02-27 10:00,5.5,,1.9,70,36,1016.2,1025,1,1.71,,0,,13.8
156,堡林,2022-02-27 11:00,7.6,,.8,360,30,1016.1,1024.8,1,2.31,,0,,23
156,堡林,2022-02-27 12:00,9.8,,1.4,340,23,1015.9,1024.5,1,2.71,,0,,28.6
156,堡林,2022-02-27 13:00,10.4,,2,340,17,1015.2,1023.8,1,2.93,,0,,30.8
156,堡林,2022-02-27 14:00,11.8,,1.5,340,15,1014.3,1022.8,1,2.86,,0,,31.2
156,堡林,2022-02-27 15:00,12.4,,1.8,340,15,1013.7,1022.2,1,2.51,,0,,29.2
156,堡林,2022-02-27 16:00,11.6,,1.8,340,12,1013.3,1021.8,1,2.05,,0,,24.7
156,堡林,2022-02-27 17:00,11.2,,1.6,340,14,1013.4,1021.9,1,1.36,,0,,18.5
156,堡林,2022-02-27 18:00,8.7,,1.7,320,20,1013.8,1022.4,1,.6,,0,,9.2
156,堡林,2022-02-27 19:00,6.5,,1.7,340,29,1014.5,1023.2,.3,.08,,0,,4.5
156,堡林,2022-02-27 20:00,5.1,,1.4,320,38,1015.5,1024.3,,,,0,,2.2
156,堡林,2022-02-27 21:00,4.7,,.3,0,48,1016,1024.8,,,,0,,.2
156,堡林,2022-02-27 22:00,4.3,,0,0,54,1016.2,1025,,,,0,,-.9
156,堡林,2022-02-27 23:00,3.9,,0,0,54,1016.7,1025.5,,,,0,,-1.6
156,堡林,2022-02-28 00:00,2.8,,.9,250,63,1016.5,1025.3,,,,0,,-2.3
156,堡林,2022-02-28 01:00,2.1,,1.1,70,66,1016.2,1025.1,,,,0,,-2.9
156,堡林,2022-02-28 02:00,1.5,,2.7,70,64,1015.5,1024.4,,,,0,,-3.2
156,堡林,2022-02-28 03:00,.6,,1.6,250,68,1016,1024.9,,,,0,,-3.8
156,堡林,2022-02-28 04:00,-.3,,0,0,70,1015.6,1024.5,,,,0,,-4.4
156,堡林,2022-02-28 05:00,.3,,.9,50,70,1015.5,1024.4,,,,0,,-4.5
156,堡林,2022-02-28 06:00,-.4,,0,0,72,1015.9,1024.8,,,,0,,-4.9
156,堡林,2022-02-28 07:00,-.4,,.3,0,73,1015.7,1024.6,,,,2,,-4.9
156,堡林,2022-02-28 08:00,-.1,,.2,0,71,1015.8,1024.7,.1,.2,,5,,-2.5
156,堡林,2022-02-28 09:00,2.2,,.1,0,62,1016.3,1025.2,1,.88,,0,,1.2
156,堡林,2022-02-28 10:00,5.6,,1.1,70,47,1015.8,1024.5,1,1.64,,4,,14.3
156,堡林,2022-02-28 11:00,8.3,,.8,250,36,1014.9,1023.5,1,2.22,,5,,22.9
156,堡林,2022-02-28 12:00,12.4,,1.1,270,25,1014,1022.5,1,2.53,,6,,29.7
156,堡林,2022-02-28 13:00,13.6,,1.6,250,18,1012.7,1021.1,1,2.76,,5,,33.8
156,堡林,2022-02-28 14:00,15.1,,1.2,230,15,1011.3,1019.7,1,2.42,,7,,31.8
156,堡林,2022-02-28 15:00,15.2,,1.1,320,16,1010.7,1019.1,.4,1.58,,7,,26.2
156,堡林,2022-02-28 16:00,14.9,,3.6,250,15,1010.1,1018.5,0,.89,,8,,20.9
156,堡林,2022-02-28 17:00,13.1,,3.1,250,30,1009.9,1018.3,0,.53,,8,,16.4
156,堡林,2022-02-28 18:00,12.6,,3.3,230,13,1010.3,1018.7,0,.22,,9,,12.2
156,堡林,2022-02-28 19:00,11.3,,3.1,230,21,1010.7,1019.2,0,.08,,4,,9.7
156,堡林,2022-02-28 20:00,10.2,,3.2,200,38,1010.9,1019.5,,,,8,,7.3
156,堡林,2022-02-28 21:00,9.3,,1.8,180,44,1010.1,1018.6,,,,4,,4.9
156,堡林,2022-02-28 22:00,9,,1.4,230,50,1010,1018.6,,,,0,,3.2
156,堡林,2022-02-28 23:00,9.2,,1.8,230,60,1009.3,1017.8,,,,2,,4.1
156,堡林,2022-03-01 00:00,9.1,,.7,200,71,1009,1017.5,,,,6,,4
156,堡林,2022-03-01 01:00,8.6,,0,0,67,1008.4,1017,,,,8,,5.7
156,堡林,2022-03-01 02:00,8.3,,0,0,65,1007.8,1016.4,,,,5,,6.6
156,堡林,2022-03-01 03:00,8.8,,1.2,70,60,1006.4,1014.9,,,,10,,7.2
156,堡林,2022-03-01 04:00,6.4,,.2,0,97,1006.1,1014.7,,,,10,,6.7
156,堡林,2022-03-01 05:00,6.5,,.3,0,99,1005.7,1014.3,,,,10,,6.7
156,堡林,2022-03-01 06:00,6.9,2.3,.6,340,99,1005.4,1014,,,,10,,6.9
156,堡林,2022-03-01 07:00,6.4,,.6,270,99,1005.8,1014.4,,,,10,,6.9
156,堡林,2022-03-01 08:00,6.2,,0,0,99,1006.4,1015,0,.06,,10,,6.8
156,堡林,2022-03-01 09:00,7,.6,0,0,99,1006.8,1015.4,0,.12,,10,,7.5
156,堡林,2022-03-01 10:00,7.6,,0,0,99,1006.4,1015,0,.24,,10,,8.8
156,堡林,2022-03-01 11:00,9.1,,.1,0,99,1006.2,1014.7,0,.75,,10,,14.9
156,堡林,2022-03-01 12:00,10.9,,.7,290,99,1006.1,1014.6,.1,1.3,,10,,16.1
156,堡林,2022-03-01 13:00,12.8,,1.1,320,83,1005.4,1013.8,.5,1.7,,7,,20.2
156,堡林,2022-03-01 14:00,12.1,,2.6,320,75,1005.3,1013.7,.7,1.76,,10,,20.5
156,堡林,2022-03-01 15:00,10.8,,1.5,320,79,1005.7,1014.2,.9,1.98,,8,,19
156,堡林,2022-03-01 16:00,10.1,,2.1,270,78,1006.3,1014.8,.7,1.26,,7,,17.1
156,堡林,2022-03-01 17:00,8.1,,1.5,320,78,1007.3,1015.9,0,.7,,8,,12
156,堡林,2022-03-01 18:00,6.2,,2,320,86,1008.1,1016.8,0,.31,,4,,7.5
156,堡林,2022-03-01 19:00,5,,1.4,290,88,1008.6,1017.3,0,.08,,6,,4.4
156,堡林,2022-03-01 20:00,4.5,,1.3,270,88,1009.7,1018.4,,,,9,,3
156,堡林,2022-03-01 21:00,3.8,,1.2,290,86,1010.4,1019.1,,,,6,,1.9
156,堡林,2022-03-01 22:00,3.2,,1.3,320,85,1010.8,1019.6,,,,2,,1
156,堡林,2022-03-01 23:00,2.9,,1.4,320,84,1011,1019.8,,,,4,,.3
156,堡林,2022-03-02 00:00,2.5,,1.7,340,74,1011.2,1020,,,,0,,-.2
156,堡林,2022-03-02 01:00,2.1,,.9,20,73,1011.2,1020,,,,0,,-.2
156,堡林,2022-03-02 02:00,1.6,,1.3,340,74,1011.2,1020,,,,0,,-.7
156,堡林,2022-03-02 03:00,1.3,,.9,360,71,1010.9,1019.7,,,,0,,-1
156,堡林,2022-03-02 04:00,.9,,.8,20,71,1010.7,1019.6,,,,0,,-1.4
156,堡林,2022-03-02 05:00,.4,,.7,50,70,1010.5,1019.4,,,,0,,-1.9
156,堡林,2022-03-02 06:00,0,,0,0,70,1010.7,1019.6,,,,0,,-2.4
156,堡林,2022-03-02 07:00,0,,0,0,73,1010.8,1019.7,,,,6,,-2.6
156,堡林,2022-03-02 08:00,.4,,0,0,70,1011.3,1020.2,.3,.21,,5,,-2
156,堡林,2022-03-02 09:00,2.4,,.6,230,57,1012.2,1021,1,.97,,2,,-.4
156,堡林,2022-03-02 10:00,4.6,,1.6,320,51,1012.2,1020.9,1,1.76,,0,,9
156,堡林,2022-03-02 11:00,6,,1.6,340,41,1011.6,1020.3,1,2.35,,2,,17.8
156,堡林,2022-03-02 12:00,7,,1.9,290,40,1011.1,1019.7,1,2.59,,4,,20.8
156,堡林,2022-03-02 13:00,8.4,,1.8,290,35,1010.5,1019.1,1,2.62,,5,,24.2
156,堡林,2022-03-02 14:00,8.9,,2.3,290,32,1009.7,1018.3,1,2.89,,0,,25.1
156,堡林,2022-03-02 15:00,9.1,,1.9,340,33,1009.1,1017.6,1,2.65,,0,,23.2
156,堡林,2022-03-02 16:00,9.8,,2.5,320,29,1009.2,1017.7,1,2.13,,0,,19.2
156,堡林,2022-03-02 17:00,8.5,,2.3,290,34,1009.5,1018.1,1,1.41,,0,,13.4
156,堡林,2022-03-02 18:00,6.3,,2.2,320,42,1009.9,1018.6,1,.62,,0,,8.5
156,堡林,2022-03-02 19:00,5,,1.4,290,51,1010.7,1019.4,.3,.09,,0,,4.7
156,堡林,2022-03-02 20:00,4.6,,1,290,56,1011,1019.7,,,,0,,2.8
156,堡林,2022-03-02 21:00,4,,.2,0,59,1011.1,1019.8,,,,0,,1
156,堡林,2022-03-02 22:00,4,,.1,0,60,1011.4,1020.1,,,,0,,0
156,堡林,2022-03-02 23:00,3.9,,.1,0,63,1011.6,1020.3,,,,0,,-.7
156,堡林,2022-03-03 00:00,2.8,,.5,180,68,1011.2,1020,,,,0,,-1.1
156,堡林,2022-03-03 01:00,2.5,,.2,0,73,1011.2,1020,,,,3,,-.9
156,堡林,2022-03-03 02:00,1.8,,.5,270,76,1011.4,1020.2,,,,0,,-1.3
156,堡林,2022-03-03 03:00,1.1,,.2,0,81,1010.9,1019.8,,,,0,,-1.5
156,堡林,2022-03-03 04:00,.8,,0,0,82,1010.3,1019.2,,,,0,,-1.8
156,堡林,2022-03-03 05:00,-.1,,.4,0,86,1010.6,1019.5,,,,0,,-2
156,堡林,2022-03-03 06:00,0,,.2,0,87,1010.9,1019.8,,,,0,,-2.2
156,堡林,2022-03-03 07:00,-.2,,0,0,88,1011.2,1020.1,0,.06,,0,,-2.4
156,堡林,2022-03-03 08:00,.1,,.4,0,87,1012,1020.9,.3,.23,,0,,-1.4
156,堡林,2022-03-03 09:00,3,,.1,0,74,1012.5,1021.3,1,.93,,0,,2.3
156,堡林,2022-03-03 10:00,5.1,,2,250,67,1012.8,1021.5,1,1.62,,0,,12.3
156,堡林,2022-03-03 11:00,8.4,,1.5,250,66,1012.5,1021.1,1,2.18,,0,,19.4
156,堡林,2022-03-03 12:00,9.5,,.7,230,64,1011.9,1020.5,1,2.45,,0,,25
156,堡林,2022-03-03 13:00,11.9,,2.2,230,46,1011.3,1019.8,1,2.83,,0,,29.3
156,堡林,2022-03-03 14:00,12.5,,2.5,200,46,1010.3,1018.8,1,2.7,,0,,30.6
156,堡林,2022-03-03 15:00,12.9,,1.7,230,42,1009.4,1017.8,1,2.24,,0,,28.6
156,堡林,2022-03-03 16:00,13.7,,1.3,270,41,1009,1017.4,1,1.75,,0,,25.9
156,堡林,2022-03-03 17:00,13.7,,2.8,270,36,1008.8,1017.2,1,1.18,,0,,19.7
156,堡林,2022-03-03 18:00,11.9,,2.4,270,45,1008.8,1017.3,.8,.47,,0,,11.9
156,堡林,2022-03-03 19:00,10.4,,2.6,270,54,1009.1,1017.6,0,.08,,0,,7.5
156,堡林,2022-03-03 20:00,9.2,,1.9,270,60,1009.8,1018.3,,,,0,,5.5
156,堡林,2022-03-03 21:00,8.8,,.9,230,65,1010.2,1018.8,,,,0,,3.9
156,堡林,2022-03-03 22:00,7.7,,1.3,180,65,1010.4,1019,,,,0,,3.1
156,堡林,2022-03-03 23:00,6.9,,.7,180,71,1010.3,1018.9,,,,0,,2.1
156,堡林,2022-03-04 00:00,6.6,,1,180,78,1010.1,1018.8,,,,0,,1.8
156,堡林,2022-03-04 01:00,6.2,,.2,0,86,1010.2,1018.9,,,,0,,1.6
156,堡林,2022-03-04 02:00,6.1,,0,0,84,1010.1,1018.8,,,,9,,3.1
156,堡林,2022-03-04 03:00,6.3,,0,0,86,1009.7,1018.4,,,,9,,4.5
156,堡林,2022-03-04 04:00,6.4,,.2,0,85,1009.6,1018.3,,,,9,,5.1
156,堡林,2022-03-04 05:00,6.2,,.2,0,84,1009.9,1018.6,,,,8,,4.9
156,堡林,2022-03-04 06:00,6.9,,.2,0,85,1009.8,1018.4,,,,7,,5.5
156,堡林,2022-03-04 07:00,6.5,,.1,0,90,1009.2,1017.9,0,.05,,9,,3.7
156,堡林,2022-03-04 08:00,6.3,,.2,0,87,1009.2,1017.9,0,.15,,9,,5.1
156,堡林,2022-03-04 09:00,7.3,,.3,0,84,1008.9,1017.5,0,.43,,10,,8.3
156,堡林,2022-03-04 10:00,9.5,,0,0,75,1008.2,1016.7,0,.86,,9,,12.2
156,堡林,2022-03-04 11:00,11.9,,2,200,48,1007.4,1015.9,.7,1.55,,7,,19
156,堡林,2022-03-04 12:00,14.2,,2.4,230,40,1006.6,1015,1,2.56,,2,,27.8
156,堡林,2022-03-04 13:00,16,,3.6,230,37,1005.5,1013.8,1,2.7,,0,,31.2
156,堡林,2022-03-04 14:00,17.1,,4.1,230,34,1004.2,1012.4,1,2.56,,0,,31.5
156,堡林,2022-03-04 15:00,16.1,,5.3,250,35,1004.1,1012.4,1,2.23,,0,,29
156,堡林,2022-03-04 16:00,15.9,,5.5,250,36,1003.4,1011.7,1,1.74,,0,,25.1
156,堡林,2022-03-04 17:00,14.8,,5.2,250,45,1003.1,1011.4,1,1.06,,7,,19.5
156,堡林,2022-03-04 18:00,13.1,,5.4,230,58,1002.9,1011.3,.4,.44,,2,,13.3
156,堡林,2022-03-04 19:00,11.8,,4.4,230,66,1003.7,1012.1,0,.09,,6,,10.1
156,堡林,2022-03-04 20:00,10.9,,4.2,230,64,1003.8,1012.3,,,,6,,8
156,堡林,2022-03-04 21:00,10.2,,2.7,270,63,1004.7,1013.2,,,,3,,7.5
156,堡林,2022-03-04 22:00,10.2,,2.5,230,67,1005.4,1013.9,,,,9,,8.9
156,堡林,2022-03-04 23:00,10.1,,3,250,79,1005.3,1013.8,,,,10,,9.3
156,堡林,2022-03-05 00:00,9.7,,2.4,250,89,1004.9,1013.4,,,,6,,7.6
156,堡林,2022-03-05 01:00,9,,3.6,270,90,1005,1013.5,,,,5,,6.3
156,堡林,2022-03-05 02:00,8.5,,2.4,250,91,1005.1,1013.6,,,,1,,5.3
156,堡林,2022-03-05 03:00,7.6,,3.6,270,87,1005.2,1013.8,,,,1,,4.3
156,堡林,2022-03-05 04:00,6.6,,1.5,290,75,1004.9,1013.5,,,,0,,3.1
156,堡林,2022-03-05 05:00,5.6,,1.4,320,78,1005.7,1014.4,,,,1,,2.4
156,堡林,2022-03-05 06:00,5,,1.6,320,80,1006.7,1015.4,,,,0,,1.8
156,堡林,2022-03-05 07:00,4.6,,1.2,20,54,1007.5,1016.2,0,.05,,0,,1.2
156,堡林,2022-03-05 08:00,4.5,,1.2,20,55,1008.3,1017,.2,.24,,0,,2.4
156,堡林,2022-03-05 09:00,5.5,,1.5,20,46,1008.8,1017.5,1,.96,,0,,9.3
156,堡林,2022-03-05 10:00,6.4,,1.9,340,43,1009,1017.7,1,1.63,,0,,16.2
156,堡林,2022-03-05 11:00,6.8,,2,290,30,1009.3,1017.9,1,2.29,,0,,22.6
156,堡林,2022-03-05 12:00,7.1,,2.3,340,31,1009.4,1018,1,2.78,,0,,27.4
156,堡林,2022-03-05 13:00,7.1,,2.2,340,28,1009.6,1018.2,1,3.03,,0,,29.7
156,堡林,2022-03-05 14:00,6.9,,3.1,360,26,1009.2,1017.8,1,3.03,,0,,29.4
156,堡林,2022-03-05 15:00,6.6,,3.3,360,28,1009.3,1017.9,1,2.71,,0,,26.3
156,堡林,2022-03-05 16:00,7.1,,2.2,360,29,1009.6,1018.2,.2,.41,,0,,22.7
156,堡林,2022-03-05 17:00,6,,2.4,20,32,1010,1018.7,0,0,,2,,15.5
156,堡林,2022-03-05 18:00,5.2,,1.3,340,41,1010.5,1019.2,0,0,,0,,8
156,堡林,2022-03-05 19:00,4.2,,1.3,50,40,1010.5,1019.2,,,,0,,3.5
156,堡林,2022-03-05 20:00,3.7,,2,50,41,1011,1019.8,,,,0,,1.9
156,堡林,2022-03-05 21:00,3.1,,3.3,50,41,1011.5,1020.3,,,,0,,1.4
156,堡林,2022-03-05 22:00,2.3,,1.7,20,43,1012,1020.8,,,,0,,.1
156,堡林,2022-03-05 23:00,2,,1.8,20,46,1012.2,1021,,,,0,,-.5
156,堡林,2022-03-06 00:00,1.7,,1.2,20,49,1012.5,1021.3,,,,0,,-1.3
156,堡林,2022-03-06 01:00,1.4,,2.2,360,53,1012.8,1021.7,,,,0,,-1.9
156,堡林,2022-03-06 02:00,1.1,,2,50,55,1012.6,1021.5,,,,0,,-2.2
156,堡林,2022-03-06 03:00,.9,,1.3,20,56,1012.9,1021.8,,,,0,,-2.7
156,堡林,2022-03-06 04:00,.8,,.6,50,55,1013.2,1022.1,,,,0,,-3.3
156,堡林,2022-03-06 05:00,.5,,.4,0,55,1013.6,1022.5,,,,0,,-3.9
156,堡林,2022-03-06 06:00,.5,,.3,0,54,1014.2,1023.1,,,,0,,-4.1
156,堡林,2022-03-06 07:00,.7,,1,20,50,1014.2,1023.1,,,,0,,-3.9
156,堡林,2022-03-06 08:00,.7,,.6,270,49,1014.6,1023.5,,,,0,,-3
156,堡林,2022-03-06 09:00,2.9,,1.9,20,38,1015.4,1024.2,,,,0,,6.7
156,堡林,2022-03-06 10:00,3.9,,2.1,360,29,1015.5,1024.3,,,,0,,15.8
156,堡林,2022-03-06 11:00,5.1,,2.3,20,22,1015.3,1024.1,,,,0,,22.8
156,堡林,2022-03-06 12:00,6.5,,4.1,50,15,1014.8,1023.5,,,,0,,27.2
156,堡林,2022-03-06 13:00,7.2,,1.7,320,16,1014.1,1022.8,,,,0,,30.6
156,堡林,2022-03-06 14:00,7.9,,1.7,290,17,1013.1,1021.7,,,,0,,31
156,堡林,2022-03-06 15:00,8.3,,1.8,320,17,1011.9,1020.5,,,,0,,29.3
156,堡林,2022-03-06 16:00,8,,2.2,290,18,1011.8,1020.4,,,,0,,24.3
156,堡林,2022-03-06 17:00,7.1,,1.6,20,26,1011.9,1020.5,,,,3,,17.6
156,堡林,2022-03-06 18:00,4.5,,1.7,320,40,1012.8,1021.5,,,,5,,7.5
156,堡林,2022-03-06 19:00,3,,1.7,320,45,1013.1,1021.9,,,,7,,3.5
156,堡林,2022-03-06 20:00,2.4,,1.1,340,47,1013.7,1022.5,,,,8,,1.9
156,堡林,2022-03-06 21:00,1.9,,.4,0,48,1013.7,1022.5,,,,8,,.7
156,堡林,2022-03-06 22:00,1.5,,1.7,70,50,1013.9,1022.8,,,,10,,.5
156,堡林,2022-03-06 23:00,1,,3.1,70,52,1013.4,1022.3,,,,10,,.2
156,堡林,2022-03-07 00:00,.7,,1.7,50,53,1013.6,1022.5,,,,8,,-.5
156,堡林,2022-03-07 01:00,.2,,1.9,70,53,1013.4,1022.3,,,,8,,-1.8
156,堡林,2022-03-07 02:00,0,,1.6,50,54,1013,1021.9,,,,7,,-2.8
156,堡林,2022-03-07 03:00,-.5,,1.1,70,59,1013.1,1022,,,,9,,-3.3
156,堡林,2022-03-07 04:00,-.3,,1.1,50,57,1012.8,1021.7,,,,9,,-2.7
156,堡林,2022-03-07 05:00,-.1,,1.5,50,54,1012.6,1021.5,,,,9,,-2.1
156,堡林,2022-03-07 06:00,-.1,,1.1,50,56,1012.9,1021.8,,,,9,,-2.2
156,堡林,2022-03-07 07:00,-.7,,.7,50,60,1013.1,1022,0,.06,,9,,-2.4
156,堡林,2022-03-07 08:00,.3,,.7,70,57,1013.7,1022.6,0,.2,,9,,.8
156,堡林,2022-03-07 09:00,1.7,,.4,0,52,1013.9,1022.8,0,.59,,9,,5.1
156,堡林,2022-03-07 10:00,3.5,,1.1,50,42,1013.5,1022.3,.6,1.2,,6,,12.7
156,堡林,2022-03-07 11:00,5.7,,.6,230,35,1012.9,1021.6,1,2.06,,7,,22.4
156,堡林,2022-03-07 12:00,8.6,,.8,250,30,1012.5,1021.1,1,2.42,,7,,25.7
156,堡林,2022-03-07 13:00,9.5,,1.1,250,14,1011.7,1020.3,1,2.26,,7,,27
156,堡林,2022-03-07 14:00,10.7,,1.2,270,10,1010.7,1019.2,1,2.57,,7,,30.3
156,堡林,2022-03-07 15:00,11.9,,1.8,250,11,1010,1018.5,1,2.36,,5,,27.8
156,堡林,2022-03-07 16:00,12.6,,1.8,270,15,1009.7,1018.1,1,1.88,,0,,25.3
156,堡林,2022-03-07 17:00,10.9,,1.8,290,23,1009.9,1018.4,1,1.22,,0,,17.8
156,堡林,2022-03-07 18:00,8.6,,1.4,250,29,1010.5,1019.1,.8,.51,,0,,9.7
156,堡林,2022-03-07 19:00,6.5,,1.6,270,36,1011.7,1020.4,0,.09,,7,,5.2
156,堡林,2022-03-07 20:00,6,,1.4,250,41,1011.8,1020.5,,,,8,,4.9
156,堡林,2022-03-07 21:00,5.3,,1.5,250,45,1011.6,1020.3,,,,0,,2.7
156,堡林,2022-03-07 22:00,3.9,,1.3,230,57,1011.8,1020.6,,,,0,,.8
156,堡林,2022-03-07 23:00,3.3,,1.5,230,61,1012,1020.8,,,,0,,-.5
156,堡林,2022-03-08 00:00,2.7,,.1,0,67,1012.1,1020.9,,,,0,,-1.5
156,堡林,2022-03-08 01:00,2.6,,1.2,180,65,1011.7,1020.5,,,,0,,-1.8
156,堡林,2022-03-08 02:00,2,,.5,230,64,1011.6,1020.4,,,,0,,-2.6
156,堡林,2022-03-08 03:00,1.2,,0,0,74,1011.5,1020.4,,,,0,,-3.1
156,堡林,2022-03-08 04:00,1.1,,.2,0,74,1011.4,1020.3,,,,0,,-3.7
156,堡林,2022-03-08 05:00,.2,,.6,270,74,1011.1,1020,,,,0,,-4.3
156,堡林,2022-03-08 06:00,-.3,,0,0,77,1011.5,1020.4,,,,0,,-5
156,堡林,2022-03-08 07:00,-.4,,.5,270,77,1011.4,1020.3,0,.06,,0,,-5.1
156,堡林,2022-03-08 08:00,.1,,0,0,76,1012,1020.9,.4,.29,,0,,-2.1
156,堡林,2022-03-08 09:00,2.9,,.5,290,65,1012.1,1020.9,1,.99,,0,,10.5
156,堡林,2022-03-08 10:00,4.9,,.9,290,49,1012.2,1020.9,1,1.72,,0,,21
156,堡林,2022-03-08 11:00,8.3,,1.2,270,37,1011.8,1020.4,1,2.33,,0,,28.5
156,堡林,2022-03-08 12:00,11.1,,1.4,270,25,1011.6,1020.1,1,2.75,,6,,33.3
156,堡林,2022-03-08 13:00,12.2,,.8,250,27,1010.8,1019.3,1,2.95,,0,,35.4
156,堡林,2022-03-08 14:00,13.5,,1.9,250,25,1010,1018.4,1,2.89,,0,,34.7
156,堡林,2022-03-08 15:00,14.7,,1.1,50,26,1009.5,1017.9,1,2.56,,0,,31.2
156,堡林,2022-03-08 16:00,14.7,,2,270,29,1009.3,1017.7,1,2.05,,0,,26.6
156,堡林,2022-03-08 17:00,14.6,,1.2,320,29,1009.1,1017.5,1,1.34,,5,,20.6
156,堡林,2022-03-08 18:00,13.1,,.9,290,33,1009.4,1017.8,1,.61,,0,,12.6
156,堡林,2022-03-08 19:00,11,,1,270,40,1010.3,1018.8,.2,.1,,0,,6.7
156,堡林,2022-03-08 20:00,9.4,,.5,20,49,1010.7,1019.2,,,,1,,4.6
156,堡林,2022-03-08 21:00,8.3,,0,0,55,1011,1019.6,,,,0,,2.7
156,堡林,2022-03-08 22:00,7.9,,0,0,56,1011.1,1019.7,,,,0,,1.5
156,堡林,2022-03-08 23:00,7.1,,0,0,59,1011.2,1019.8,,,,4,,1.1
156,堡林,2022-03-09 00:00,6.5,,0,0,64,1011.2,1019.9,,,,6,,.4
156,堡林,2022-03-09 01:00,5.8,,.1,0,72,1011.3,1020,,,,0,,-.7
156,堡林,2022-03-09 02:00,4.9,,.2,0,75,1011.8,1020.5,,,,0,,-1.1
156,堡林,2022-03-09 03:00,4.1,,.5,270,76,1011.5,1020.2,,,,0,,-1.9
156,堡林,2022-03-09 04:00,3.5,,.1,0,79,1011.7,1020.5,,,,0,,-2.3
156,堡林,2022-03-09 05:00,3.3,,0,0,80,1012,1020.8,,,,0,,-2.7
156,堡林,2022-03-09 06:00,2.4,,.2,0,83,1012.3,1021.1,,,,0,,-3.2
156,堡林,2022-03-09 07:00,1.9,,.2,0,84,1013.3,1022.1,0,.05,,0,,-3.4
156,堡林,2022-03-09 08:00,2.5,,0,0,82,1014,1022.8,.4,.3,,0,,-.4
156,堡林,2022-03-09 09:00,4.9,,.7,250,72,1014.5,1023.3,1,1,,0,,12.1
156,堡林,2022-03-09 10:00,7.9,,.4,0,59,1014.6,1023.2,1,1.75,,0,,23
156,堡林,2022-03-09 11:00,10.9,,.6,20,48,1014.3,1022.9,1,2.4,,0,,31.1
156,堡林,2022-03-09 12:00,13.4,,1.2,270,38,1014.1,1022.5,1,2.82,,0,,36.3
156,堡林,2022-03-09 13:00,15.4,,.9,200,26,1013.4,1021.8,1,3.02,,0,,38.2
156,堡林,2022-03-09 14:00,16.3,,.9,90,21,1012.9,1021.3,1,2.95,,0,,37.5
156,堡林,2022-03-09 15:00,18,,1.1,270,21,1012.4,1020.7,1,2.6,,0,,34.6
156,堡林,2022-03-09 16:00,17.6,,.9,360,13,1012.1,1020.4,1,2.1,,0,,29.2
156,堡林,2022-03-09 17:00,17.7,,1.2,290,25,1011.9,1020.2,1,1.43,,0,,23
156,堡林,2022-03-09 18:00,15.7,,1.5,320,28,1012.3,1020.7,1,.62,,0,,14.3
156,堡林,2022-03-09 19:00,13.3,,1.3,290,38,1012.9,1021.3,.3,.11,,0,,8.6
156,堡林,2022-03-09 20:00,11.5,,1.1,270,45,1013.2,1021.7,,,,0,,5.1
156,堡林,2022-03-09 21:00,10.2,,1.5,230,48,1013.8,1022.4,,,,0,,3.5
156,堡林,2022-03-09 22:00,9.1,,1.6,250,54,1014,1022.6,,,,0,,2.3
156,堡林,2022-03-09 23:00,8.9,,0,0,52,1013.9,1022.5,,,,0,,1.2
156,堡林,2022-03-10 00:00,7.6,,0,0,61,1014.1,1022.7,,,,0,,.3
156,堡林,2022-03-10 01:00,6.9,,0,0,64,1014,1022.7,,,,0,,-.4
156,堡林,2022-03-10 02:00,5.8,,.4,0,69,1014.3,1023,,,,6,,-.3
156,堡林,2022-03-10 03:00,5.3,,.3,0,71,1013.9,1022.6,,,,8,,.1
156,堡林,2022-03-10 04:00,4.6,,.1,0,75,1013.7,1022.4,,,,0,,-1.6
156,堡林,2022-03-10 05:00,3.9,,.5,290,76,1013.7,1022.5,,,,0,,-2.5
156,堡林,2022-03-10 06:00,3.3,,.3,0,76,1013.8,1022.6,,,,0,,-2.6
156,堡林,2022-03-10 07:00,3.7,,0,0,74,1013.6,1022.4,0,.06,,7,,-.3
156,堡林,2022-03-10 08:00,4.3,,0,0,72,1014.2,1023,.3,.3,,3,,2.2
156,堡林,2022-03-10 09:00,7.9,,.3,0,57,1014.9,1023.5,1,1.12,,4,,15.1
156,堡林,2022-03-10 10:00,11.2,,.6,340,44,1014.9,1023.4,1,1.73,,5,,24
156,堡林,2022-03-10 11:00,13.1,,1,230,34,1014.4,1022.9,1,2.05,,7,,29.6
156,堡林,2022-03-10 12:00,15,,.9,270,33,1014.1,1022.5,.9,2.02,,5,,30.4
156,堡林,2022-03-10 13:00,16.2,,.5,340,31,1013,1021.4,.5,2.02,,8,,32.4
156,堡林,2022-03-10 14:00,18.5,,1,320,25,1012,1020.2,.9,2.33,,7,,36.9
156,堡林,2022-03-10 15:00,18.1,,1.1,230,22,1011.6,1019.9,1,2.6,,7,,34.7
156,堡林,2022-03-10 16:00,17.9,,1.4,270,24,1011,1019.3,.9,1.48,,7,,26.9
156,堡林,2022-03-10 17:00,17.8,,.7,290,24,1010.7,1019,.9,1.05,,7,,23
156,堡林,2022-03-10 18:00,16,,2.8,270,42,1010.3,1018.6,.6,.53,,7,,16.2
156,堡林,2022-03-10 19:00,14.3,,1.5,250,50,1010.7,1019.1,0,.09,,9,,11.3
156,堡林,2022-03-10 20:00,13.7,,2.2,230,43,1011.2,1019.6,,,,6,,8.7
156,堡林,2022-03-10 21:00,13.2,,1.9,250,48,1011.7,1020.1,,,,7,,8.8
156,堡林,2022-03-10 22:00,12.7,,.8,180,55,1011.4,1019.9,,,,10,,8.7
156,堡林,2022-03-10 23:00,12.2,,1,110,54,1011,1019.5,,,,10,,8.2
156,堡林,2022-03-11 00:00,11.9,,.9,230,53,1010.9,1019.4,,,,0,,8.2
156,堡林,2022-03-11 01:00,11.7,,0,0,59,1010.5,1019,,,,10,,8
156,堡林,2022-03-11 02:00,10.8,,.1,0,59,1010.7,1019.2,,,,6,,6
156,堡林,2022-03-11 03:00,10.1,,.2,0,62,1010.5,1019.1,,,,0,,5
156,堡林,2022-03-11 04:00,9.6,,.3,0,65,1010.1,1018.6,,,,1,,3.9
156,堡林,2022-03-11 05:00,10,,0,0,64,1010.1,1018.7,,,,7,,5.7
156,堡林,2022-03-11 06:00,9.7,,.1,0,67,1010.2,1018.7,,,,8,,6.5
156,堡林,2022-03-11 07:00,9.8,,.4,0,69,1010.4,1018.9,0,.06,,5,,8
156,堡林,2022-03-11 08:00,10.8,,.1,0,69,1010.5,1019,0,.18,,9,,10.4
156,堡林,2022-03-11 09:00,11.7,,.1,0,67,1010.8,1019.3,0,.22,,9,,12.4
156,堡林,2022-03-11 10:00,13.9,,.9,70,61,1010.8,1019.2,.4,1.08,,8,,24.5
156,堡林,2022-03-11 11:00,16.1,,.9,250,56,1010.7,1019,.4,1.51,,8,,28.9
156,堡林,2022-03-11 12:00,18.9,,.4,0,54,1010.2,1018.4,.5,2.02,,8,,37
156,堡林,2022-03-11 13:00,18.9,,3.3,230,58,1009.3,1017.5,.3,1.64,,8,,28.7
156,堡林,2022-03-11 14:00,18.9,,3.6,250,61,1008.7,1016.9,.1,.88,,9,,26.8
156,堡林,2022-03-11 15:00,19.2,,3.3,250,62,1008.2,1016.4,0,.93,,9,,28.1
156,堡林,2022-03-11 16:00,18.9,,3.1,250,64,1007.9,1016.1,.2,1.09,,9,,25.8
156,堡林,2022-03-11 17:00,18.8,,3.8,230,66,1007.9,1016.1,.5,.91,,8,,24.3
156,堡林,2022-03-11 18:00,17.8,,1.6,230,71,1008,1016.2,.4,.42,,5,,18.8
156,堡林,2022-03-11 19:00,16.9,,2,250,76,1008.3,1016.6,0,.08,,10,,16.3
156,堡林,2022-03-11 20:00,16.2,,2.8,230,81,1008.6,1016.9,,,,10,,15.3
156,堡林,2022-03-11 21:00,15.8,,1.7,250,85,1009.2,1017.5,,,,10,,14.7
156,堡林,2022-03-11 22:00,15.6,,1.2,200,87,1009.5,1017.9,,,,7,,14.1
156,堡林,2022-03-11 23:00,14.7,,2.2,230,92,1009.6,1018,,,,8,,10.6
156,堡林,2022-03-12 00:00,13.9,,.9,250,97,1009.7,1018.1,,,,4,,9.1
156,堡林,2022-03-12 01:00,13.9,,0,0,97,1009.6,1018,,,,9,,8.2
156,堡林,2022-03-12 02:00,13,,.9,110,98,1009.5,1017.9,,,,2,,7.6
156,堡林,2022-03-12 03:00,12.9,,.1,0,98,1009.5,1017.9,,,,9,,9.9
156,堡林,2022-03-12 04:00,12.7,,.1,0,98,1009,1017.4,,,,7,,9
156,堡林,2022-03-12 05:00,12.2,,.1,0,99,1009.1,1017.6,,,,8,,8.5
156,堡林,2022-03-12 06:00,12.7,,.1,0,98,1009,1017.4,,,,9,,10.9
156,堡林,2022-03-12 07:00,13,,.1,0,98,1008.9,1017.3,0,.06,,8,,11.4
156,堡林,2022-03-12 08:00,13.6,,0,0,97,1009.4,1017.8,0,.14,,9,,13.4
156,堡林,2022-03-12 09:00,14.4,,.1,0,96,1010,1018.4,0,.25,,9,,14.8
156,堡林,2022-03-12 10:00,14.4,,.2,0,93,1009.8,1018.2,0,.3,,9,,16
156,堡林,2022-03-12 11:00,17.1,,.6,270,82,1009.3,1017.6,.2,1,,9,,27.3
156,堡林,2022-03-12 12:00,21.5,,3.2,230,61,1008.5,1016.6,1,2.62,,6,,39.8
156,堡林,2022-03-12 13:00,22.5,,5.9,250,50,1007.5,1015.6,.9,2.47,,7,,40.7
156,堡林,2022-03-12 14:00,21.9,,5.3,250,49,1007,1015.1,.9,2.42,,7,,37.4
156,堡林,2022-03-12 15:00,22.2,,6.3,250,46,1007,1015.1,1,2.5,,6,,38.2
156,堡林,2022-03-12 16:00,21.9,,6.2,250,46,1006.8,1014.9,.7,1.65,,9,,32.6
156,堡林,2022-03-12 17:00,21.3,,6.9,230,43,1006.7,1014.8,1,1.49,,6,,28.6
156,堡林,2022-03-12 18:00,19.7,,4.1,250,51,1006.5,1014.6,.5,.42,,6,,19.6
156,堡林,2022-03-12 19:00,18.1,,3.6,230,70,1006.6,1014.8,0,.08,,7,,15.9
156,堡林,2022-03-12 20:00,17,,3.2,230,81,1006.3,1014.6,,,,5,,13.5
156,堡林,2022-03-12 21:00,17,,1.7,230,75,1006.4,1014.7,,,,5,,11.7
156,堡林,2022-03-12 22:00,16.8,,2.2,200,74,1006.5,1014.8,,,,8,,12
156,堡林,2022-03-12 23:00,16.7,,3.5,180,79,1006,1014.3,,,,9,,13.9
156,堡林,2022-03-13 00:00,16.5,,2.9,200,82,1005.4,1013.7,,,,8,,13.6
156,堡林,2022-03-13 01:00,16.3,,1.8,200,85,1005,1013.3,,,,7,,12.9
156,堡林,2022-03-13 02:00,16.7,,1.7,200,85,1005.1,1013.4,,,,10,,14.3
156,堡林,2022-03-13 03:00,16.6,,.9,230,85,1005.1,1013.4,,,,9,,14.4
156,堡林,2022-03-13 04:00,17,,2.9,230,83,1004.1,1012.3,,,,10,,15.1
156,堡林,2022-03-13 05:00,17.3,,2.5,250,84,1004,1012.2,,,,10,,15.1
156,堡林,2022-03-13 06:00,16.9,0,5.4,230,82,1003.8,1012,,,,10,,14.9
156,堡林,2022-03-13 07:00,16.6,,1.7,200,86,1003.4,1011.7,0,.05,,10,,13.9
156,堡林,2022-03-13 08:00,16.1,,1.9,200,93,1003.7,1012,0,.08,,10,,14.2
156,堡林,2022-03-13 09:00,14.4,9,1.6,200,99,1003.7,1012,0,.1,,10,,14.2
156,堡林,2022-03-13 10:00,14.6,,3.6,230,99,1003.8,1012.1,0,.1,,10,,14.3
156,堡林,2022-03-13 11:00,14.7,,2.9,230,99,1003.3,1011.6,0,.16,,10,,14.8
156,堡林,2022-03-13 12:00,15.1,5.5,2.7,250,99,1002.7,1011,0,.24,,10,,16.4
156,堡林,2022-03-13 13:00,15.5,,4,250,99,1002.8,1011.1,0,.35,,9,,16.6
156,堡林,2022-03-13 14:00,15.6,,2.6,230,99,1001.9,1010.2,0,.36,,10,,16.5
156,堡林,2022-03-13 15:00,15.4,1.8,.9,250,99,1001.4,1009.7,0,.24,,10,,16
156,堡林,2022-03-13 16:00,15.1,,2.9,250,99,1001.8,1010.1,0,.15,,10,,15.5
156,堡林,2022-03-13 17:00,15,,2,230,99,1002,1010.3,0,.17,,10,,15.4
156,堡林,2022-03-13 18:00,14.8,.1,2,250,99,1003,1011.3,0,.11,,9,,14.9
156,堡林,2022-03-13 19:00,14.4,,1.9,230,99,1003.7,1012,0,.07,,9,,14.4
156,堡林,2022-03-13 20:00,14.3,,.4,0,99,1003.9,1012.2,,,,8,,14.2
156,堡林,2022-03-13 21:00,14.3,,0,0,99,1004.3,1012.6,,,,8,,14
156,堡林,2022-03-13 22:00,14.1,,.2,0,99,1004.4,1012.7,,,,8,,13.8
156,堡林,2022-03-13 23:00,13.9,,1.7,270,99,1004.7,1013,,,,9,,13.8
156,堡林,2022-03-14 00:00,13.7,,.7,230,99,1004.9,1013.3,,,,9,,13.6
156,堡林,2022-03-14 01:00,13.6,,1,250,99,1005.3,1013.7,,,,10,,13.5
156,堡林,2022-03-14 02:00,13.5,,.1,0,99,1004.9,1013.3,,,,10,,13.4
156,堡林,2022-03-14 03:00,13.3,,.5,270,99,1004.3,1012.7,,,,9,,12.4
156,堡林,2022-03-14 04:00,13.4,,.9,270,99,1004.3,1012.7,,,,9,,12.9
156,堡林,2022-03-14 05:00,13.4,,.1,0,99,1004.2,1012.6,,,,9,,12.8
156,堡林,2022-03-14 06:00,13.3,,0,0,99,1004.5,1012.9,,,,8,,12.4
156,堡林,2022-03-14 07:00,13.3,,.5,250,99,1004.9,1013.3,0,.06,,9,,12.7
156,堡林,2022-03-14 08:00,13.5,,1.3,250,99,1004.8,1013.2,0,.13,,9,,13.5
156,堡林,2022-03-14 09:00,14,,4.2,200,99,1004.7,1013,0,.32,,9,,14.8
156,堡林,2022-03-14 10:00,14.2,,2.2,180,99,1005.2,1013.5,0,.41,,9,,15.9
156,堡林,2022-03-14 11:00,15.3,,2.3,200,97,1004.5,1012.8,0,.92,,9,,19.4
156,堡林,2022-03-14 12:00,15.5,,3.6,180,93,1003.9,1012.2,0,1.26,,9,,19.5
156,堡林,2022-03-14 13:00,14.9,,3.4,230,97,1003.8,1012.1,0,.4,,9,,16.5
156,堡林,2022-03-14 14:00,14.3,,2.5,230,99,1003.1,1011.4,0,.29,,10,,16.1
156,堡林,2022-03-14 15:00,13.6,.1,2.9,230,99,1003.1,1011.4,0,.25,,10,,15.1
156,堡林,2022-03-14 16:00,13.6,,2.1,250,99,1002.4,1010.7,0,.17,,10,,15
156,堡林,2022-03-14 17:00,13.1,,1.9,290,99,1002.8,1011.2,0,.15,,10,,14.2
156,堡林,2022-03-14 18:00,10.3,.9,1.5,340,99,1004.4,1012.9,0,.08,,10,,12.1
156,堡林,2022-03-14 19:00,9.7,,1.6,290,99,1004.4,1012.9,0,.06,,9,,11.1
156,堡林,2022-03-14 20:00,9.1,,.4,0,99,1004.7,1013.2,,,,10,,8.9
156,堡林,2022-03-14 21:00,8.7,,1.5,320,98,1005.6,1014.1,,,,9,,8
156,堡林,2022-03-14 22:00,8,,.7,360,93,1005.8,1014.4,,,,9,,7
156,堡林,2022-03-14 23:00,7.3,,.7,360,95,1006.1,1014.7,,,,7,,5.9
156,堡林,2022-03-15 00:00,6.4,,1,340,94,1006.7,1015.3,,,,6,,5.9
156,堡林,2022-03-15 01:00,5.9,,.9,20,93,1007.2,1015.9,,,,9,,4.7
156,堡林,2022-03-15 02:00,5.4,,1.5,20,93,1007.4,1016.1,,,,9,,3.9
156,堡林,2022-03-15 03:00,4.6,,1.9,70,96,1006.9,1015.6,,,,4,,3.9
156,堡林,2022-03-15 04:00,4.1,,1.5,70,97,1006.3,1015,,,,0,,2.6
156,堡林,2022-03-15 05:00,3.8,,2.2,50,97,1006.3,1015,,,,0,,2.1
156,堡林,2022-03-15 06:00,3.4,,.2,0,97,1007.1,1015.8,,,,0,,1.5
156,堡林,2022-03-15 07:00,3.5,,1.4,70,98,1007.5,1016.2,0,.06,,0,,1.4
156,堡林,2022-03-15 08:00,4.3,,1.2,50,96,1008.2,1016.9,.5,.4,,0,,3.2
156,堡林,2022-03-15 09:00,6.3,,1.4,50,81,1008.2,1016.9,1,1.2,,0,,11.1
156,堡林,2022-03-15 10:00,8.6,,1.5,70,66,1007.9,1016.5,1,1.96,,0,,17
156,堡林,2022-03-15 11:00,10.7,,1.2,70,54,1007.4,1015.9,1,2.57,,0,,21.6
156,堡林,2022-03-15 12:00,13.6,,.5,90,54,1006.2,1014.6,1,2.95,,0,,26
156,堡林,2022-03-15 13:00,15.6,,1.5,270,48,1005.2,1013.5,1,3.1,,0,,28.4
156,堡林,2022-03-15 14:00,16.9,,1.9,270,47,1004.5,1012.8,1,2.79,,0,,28.8
156,堡林,2022-03-15 15:00,19.4,,.9,290,34,1003.9,1012,1,2.66,,3,,28.7
156,堡林,2022-03-15 16:00,19.8,,1,270,25,1003.9,1012,1,2.15,,5,,26.7
156,堡林,2022-03-15 17:00,18.7,,1.9,230,35,1003.4,1011.6,1,1.05,,0,,20.3
156,堡林,2022-03-15 18:00,15.3,,3.3,250,57,1004.4,1012.7,.3,.47,,7,,15.7
156,堡林,2022-03-15 19:00,11.9,,2.4,270,69,1005.2,1013.6,0,.1,,10,,12.5
156,堡林,2022-03-15 20:00,10.6,,1.5,230,73,1005.7,1014.2,,,,6,,10.2
156,堡林,2022-03-15 21:00,10.3,,.4,0,76,1005.6,1014.1,,,,9,,9.2
156,堡林,2022-03-15 22:00,10.6,,.6,160,78,1005.3,1013.8,,,,7,,9.2
156,堡林,2022-03-15 23:00,9.7,,.7,50,82,1006,1014.5,,,,3,,7.5
156,堡林,2022-03-16 00:00,9.4,,.5,50,83,1006.1,1014.6,,,,2,,6.4
156,堡林,2022-03-16 01:00,8.6,,.1,0,88,1006.3,1014.8,,,,0,,5.4
156,堡林,2022-03-16 02:00,8.3,,0,0,93,1006.1,1014.7,,,,0,,4.7
156,堡林,2022-03-16 03:00,7.5,,.3,0,96,1006,1014.6,,,,0,,4.2
156,堡林,2022-03-16 04:00,6.8,,.5,290,98,1006,1014.6,,,,0,,3.6
156,堡林,2022-03-16 05:00,6.3,,.4,0,99,1006,1014.6,,,,0,,3.1
156,堡林,2022-03-16 06:00,5.9,,.1,0,99,1006.7,1015.4,,,,2,,2.6
156,堡林,2022-03-16 07:00,6.1,,0,0,99,1006.9,1015.5,0,.07,,0,,2.8
156,堡林,2022-03-16 08:00,6.5,,.1,0,99,1007.5,1016.1,.5,.4,,0,,5.1
156,堡林,2022-03-16 09:00,8.4,,.6,270,94,1007.8,1016.4,1,1.12,,0,,12.9
156,堡林,2022-03-16 10:00,10.9,,1.2,230,80,1008.3,1016.8,1,1.89,,0,,19.3
156,堡林,2022-03-16 11:00,13.7,,.5,70,57,1008.2,1016.6,1,2.53,,0,,25
156,堡林,2022-03-16 12:00,17.7,,.8,250,40,1007.6,1015.8,1,2.94,,0,,29.1
156,堡林,2022-03-16 13:00,18,,1.3,230,21,1006.8,1015,1,3.13,,0,,31.3
156,堡林,2022-03-16 14:00,20.5,,1.6,250,16,1006.4,1014.6,1,3.02,,0,,32.2
156,堡林,2022-03-16 15:00,20.7,,.6,360,20,1006.1,1014.3,1,2.65,,0,,31
156,堡林,2022-03-16 16:00,21,,.8,270,23,1005.6,1013.7,1,2.12,,6,,29
156,堡林,2022-03-16 17:00,19.9,,1.3,270,28,1006.1,1014.3,.7,.93,,6,,21.8
156,堡林,2022-03-16 18:00,18.9,,1.3,360,22,1006.6,1014.8,0,.36,,8,,17.2
156,堡林,2022-03-16 19:00,17.8,,.6,290,25,1007.3,1015.5,0,.09,,10,,14.1
156,堡林,2022-03-16 20:00,16.1,,.6,270,37,1007.8,1016.1,,,,9,,10.9
156,堡林,2022-03-16 21:00,15.1,,.6,290,41,1009.1,1017.5,,,,6,,9.7
156,堡林,2022-03-16 22:00,14,,.2,0,47,1009.1,1017.5,,,,8,,8.5
156,堡林,2022-03-16 23:00,12.8,,.9,250,49,1008.9,1017.3,,,,7,,8.3
156,堡林,2022-03-17 00:00,12.2,,1.5,270,60,1009.3,1017.8,,,,9,,9.4
156,堡林,2022-03-17 01:00,11.4,,1.3,180,61,1011,1019.5,,,,10,,9.7
156,堡林,2022-03-17 02:00,9.8,,.1,0,82,1010.1,1018.6,,,,10,,9
156,堡林,2022-03-17 03:00,10,.3,.7,200,88,1009.5,1018.1,,,,10,,8.9
156,堡林,2022-03-17 04:00,10.4,,.8,50,87,1008.6,1017.1,,,,10,,8.7
156,堡林,2022-03-17 05:00,10.2,,.3,0,90,1009,1017.5,,,,10,,9.2
156,堡林,2022-03-17 06:00,10.7,,.8,340,81,1009,1017.5,,,,10,,9.1
156,堡林,2022-03-17 07:00,11.8,,2.7,70,68,1009.5,1018,0,.06,,10,,9.9
156,堡林,2022-03-17 08:00,12.8,,1.8,70,61,1010.1,1018.5,0,.11,,10,,10.7
156,堡林,2022-03-17 09:00,12.2,0,.5,230,76,1010.6,1019.1,0,.17,,10,,11.4
156,堡林,2022-03-17 10:00,12.6,,0,0,75,1010.7,1019.2,0,.18,,10,,11.9
156,堡林,2022-03-17 11:00,13.2,,.6,250,77,1010.6,1019,0,.35,,10,,14.1
156,堡林,2022-03-17 12:00,14.1,,0,0,63,1010.1,1018.5,0,.58,,10,,15.6
156,堡林,2022-03-17 13:00,14.1,,.2,0,55,1009.5,1017.9,0,.52,,10,,15.1
156,堡林,2022-03-17 14:00,14.6,,1.4,70,53,1008.3,1016.7,0,.47,,10,,15
156,堡林,2022-03-17 15:00,14.6,0,3,70,52,1007.6,1015.9,0,.57,,10,,15.5
156,堡林,2022-03-17 16:00,14.2,,1.7,70,54,1007.9,1016.3,0,.41,,10,,14.4
156,堡林,2022-03-17 17:00,13.7,,1.6,90,58,1007.3,1015.7,0,.3,,10,,13.1
156,堡林,2022-03-17 18:00,11.6,0,2.7,70,83,1007,1015.5,0,.15,,10,,11.6
156,堡林,2022-03-17 19:00,10.1,,1.9,70,98,1006.6,1015.1,0,.06,,10,,10.8
156,堡林,2022-03-17 20:00,9.6,,2.4,70,99,1006.6,1015.1,,,,10,,10.2
156,堡林,2022-03-17 21:00,9,1.8,3.4,70,99,1006.4,1014.9,,,,10,,9.8
156,堡林,2022-03-17 22:00,9,,2.7,70,99,1005.9,1014.4,,,,10,,9.5
156,堡林,2022-03-17 23:00,8.7,,3.6,70,99,1005.3,1013.8,,,,10,,9.4
156,堡林,2022-03-18 00:00,8.4,3.5,3,70,99,1004.5,1013,,,,10,,9.2
156,堡林,2022-03-18 01:00,8.1,,1.9,70,99,1003.6,1012.1,,,,10,,8.9
156,堡林,2022-03-18 02:00,7.8,,2.9,70,99,1002.5,1011,,,,10,,8.7
156,堡林,2022-03-18 03:00,7.9,4.2,3,70,99,1001.2,1009.7,,,,10,,8.5
156,堡林,2022-03-18 04:00,7.9,,3.1,50,99,1000.1,1008.6,,,,10,,8.3
156,堡林,2022-03-18 05:00,7.7,,2.1,50,99,1000.4,1008.9,,,,10,,8.2
156,堡林,2022-03-18 06:00,7.4,.4,2.7,70,99,999.9,1008.4,,,,10,,7.9
156,堡林,2022-03-18 07:00,7.8,,2.5,70,99,1000.1,1008.6,0,.06,,9,,8.2
156,堡林,2022-03-18 08:00,8,,3,70,98,1000.4,1008.9,0,.16,,10,,8.8
156,堡林,2022-03-18 09:00,8.7,,2.8,70,98,1000.4,1008.9,0,.29,,10,,11.1
156,堡林,2022-03-18 10:00,8.8,,2.9,50,95,1001.5,1010,0,.41,,10,,11.4
156,堡林,2022-03-18 11:00,8.9,,2.8,70,98,1000.7,1009.2,0,.77,,10,,14.4
156,堡林,2022-03-18 12:00,9.4,0,1.5,70,93,1000.6,1009.1,0,.8,,10,,13.7
156,堡林,2022-03-18 13:00,10.4,,1.6,70,85,999.6,1008.1,0,.94,,10,,15.8
156,堡林,2022-03-18 14:00,10.4,,.2,0,87,999.4,1007.8,0,.55,,10,,13.7
156,堡林,2022-03-18 15:00,9.9,0,.5,70,88,999.4,1007.9,0,.33,,10,,12.7
156,堡林,2022-03-18 16:00,9.5,,.8,70,97,999,1007.4,0,.3,,10,,12.3
156,堡林,2022-03-18 17:00,9.2,,.5,320,96,999.5,1008,0,.22,,10,,11.3
156,堡林,2022-03-18 18:00,8.8,0,1,90,99,999.1,1007.6,0,.18,,10,,11.1
156,堡林,2022-03-18 19:00,9.3,,1.2,90,96,998.8,1007.3,0,.1,,0,,9.9
156,堡林,2022-03-18 20:00,9.4,,2.3,250,99,999.1,1007.6,,,,9,,9.9
156,堡林,2022-03-18 21:00,8.6,,2.1,230,99,999.6,1008.1,,,,9,,9.4
156,堡林,2022-03-18 22:00,8,,2.3,200,99,1000.1,1008.6,,,,10,,9
156,堡林,2022-03-18 23:00,7.7,,2.7,200,99,999.7,1008.2,,,,10,,8.6
156,堡林,2022-03-19 00:00,7.4,,2.7,200,98,999.5,1008,,,,8,,8.1
156,堡林,2022-03-19 01:00,7.3,,2.7,200,98,999.2,1007.7,,,,10,,7.8
156,堡林,2022-03-19 02:00,6.5,,2.4,230,99,999.7,1008.3,,,,10,,7.7
156,堡林,2022-03-19 03:00,6.1,2.9,1.9,230,99,1000,1008.6,,,,10,,7.4
156,堡林,2022-03-19 04:00,6.3,,1.9,230,99,999.3,1007.9,,,,10,,7.5
156,堡林,2022-03-19 05:00,6.4,,2.1,230,99,999,1007.6,,,,10,,7.5
156,堡林,2022-03-19 06:00,6.3,4.1,2.7,230,99,998.1,1006.7,,,,10,,7.4
156,堡林,2022-03-19 07:00,6.3,,2.3,230,99,998.5,1007.1,0,.06,,10,,7.4
156,堡林,2022-03-19 08:00,5.7,,2,270,99,998.9,1007.5,0,.07,,10,,7.1
156,堡林,2022-03-19 09:00,5.6,2.7,3.1,270,99,999,1007.6,0,.09,,10,,6.9
156,堡林,2022-03-19 10:00,5.2,,1.7,270,99,999.8,1008.4,0,.18,,10,,7.8
156,堡林,2022-03-19 11:00,5.5,,2.7,270,99,1000.2,1008.8,0,.42,,10,,8.6
156,堡林,2022-03-19 12:00,5.5,.3,2.2,270,87,1001.4,1010,.1,.94,,9,,11.7
156,堡林,2022-03-19 13:00,4.9,,5,270,73,1002.1,1010.8,0,.7,,10,,8.6
156,堡林,2022-03-19 14:00,4.2,,2.2,270,81,1002.3,1011,0,.35,,10,,7
156,堡林,2022-03-19 15:00,4.2,0,.7,290,93,1002.5,1011.2,0,.35,,10,,8.1
156,堡林,2022-03-19 16:00,4.7,,1.9,320,88,1002.7,1011.3,0,.27,,10,,6.5
156,堡林,2022-03-19 17:00,5.1,,1.1,360,80,1003.5,1012.2,0,.39,,10,,7.5
156,堡林,2022-03-19 18:00,5.3,0,1.1,20,78,1003.8,1012.5,0,.28,,9,,6.5
156,堡林,2022-03-19 19:00,5.2,,.8,50,78,1003.9,1012.6,0,.08,,8,,5.7
156,堡林,2022-03-19 20:00,5.2,,.6,50,77,1005,1013.7,,,,10,,5.3
156,堡林,2022-03-19 21:00,5.2,,.6,20,73,1005.9,1014.6,,,,10,,5.2
156,堡林,2022-03-19 22:00,4.8,,1.3,70,78,1006.4,1015.1,,,,9,,5.1
156,堡林,2022-03-19 23:00,4.9,,.4,0,78,1006.9,1015.6,,,,1,,5.1
156,堡林,2022-03-20 00:00,4.4,,.1,0,80,1008,1016.7,,,,7,,3.2
156,堡林,2022-03-20 01:00,4.1,,0,0,90,1008.7,1017.4,,,,10,,3.5
156,堡林,2022-03-20 02:00,3.9,,1,180,93,1009,1017.7,,,,9,,2.7
156,堡林,2022-03-20 03:00,3.6,,.2,0,97,1009.3,1018,,,,5,,2.2
156,堡林,2022-03-20 04:00,3.6,,.3,0,97,1009.3,1018,,,,8,,3
156,堡林,2022-03-20 05:00,3.6,,0,0,97,1009.4,1018.1,,,,9,,3.5
156,堡林,2022-03-20 06:00,3.7,,0,0,96,1009.6,1018.3,,,,8,,3.5
156,堡林,2022-03-20 07:00,3.8,,.4,0,96,1010.6,1019.3,0,.06,,7,,4.2
156,堡林,2022-03-20 08:00,4.2,,.1,0,96,1011.3,1020,0,.19,,9,,5.8
156,堡林,2022-03-20 09:00,5.1,,.3,0,91,1012.4,1021.1,0,.41,,9,,7.8
156,堡林,2022-03-20 10:00,5.6,,.7,360,87,1012.5,1021.2,0,.73,,9,,10.3
156,堡林,2022-03-20 11:00,5.8,,.8,320,84,1012.2,1020.9,0,.6,,9,,9.8
156,堡林,2022-03-20 12:00,6.5,,.5,50,79,1011.3,1020,0,.92,,9,,11.5
156,堡林,2022-03-20 13:00,7.3,,1.3,360,70,1011.1,1019.7,0,1.02,,9,,13.5
156,堡林,2022-03-20 14:00,7.5,,1,360,66,1010.7,1019.3,0,1.27,,9,,13.5
156,堡林,2022-03-20 15:00,7.9,,1.3,320,61,1010.8,1019.4,.1,1.36,,10,,14.6
156,堡林,2022-03-20 16:00,8,,.9,340,59,1010,1018.6,.1,1.11,,10,,13
156,堡林,2022-03-20 17:00,7.5,,.9,290,62,1010.6,1019.2,0,.69,,10,,10.6
156,堡林,2022-03-20 18:00,6.6,,1.2,290,69,1011.4,1020.1,0,.37,,10,,7.6
156,堡林,2022-03-20 19:00,5.7,,.9,320,75,1011.9,1020.6,0,.1,,10,,5.7
156,堡林,2022-03-20 20:00,5,,1.3,340,76,1012.8,1021.5,,,,10,,4.5
156,堡林,2022-03-20 21:00,4.8,,.7,50,76,1013,1021.7,,,,7,,3.7
156,堡林,2022-03-20 22:00,4.6,,.7,50,78,1013.9,1022.6,,,,10,,3.3
156,堡林,2022-03-20 23:00,3.5,,1.4,70,84,1013.9,1022.7,,,,10,,2.7
156,堡林,2022-03-21 00:00,3,,1.7,50,88,1014.7,1023.5,,,,7,,2.1
156,堡林,2022-03-21 01:00,3.1,,1.5,50,86,1015.1,1023.9,,,,10,,1.9
156,堡林,2022-03-21 02:00,2.7,,1.9,50,88,1015.1,1023.9,,,,10,,1.6
156,堡林,2022-03-21 03:00,2.1,,2.1,70,89,1015.3,1024.2,,,,9,,1.4
156,堡林,2022-03-21 04:00,2.1,,2.3,70,87,1014.9,1023.7,,,,8,,1.1
156,堡林,2022-03-21 05:00,1.8,,1.8,70,79,1015.2,1024.1,,,,8,,.8
156,堡林,2022-03-21 06:00,2.2,,1.6,50,73,1015.6,1024.4,,,,7,,.4
156,堡林,2022-03-21 07:00,1.7,,1.3,50,72,1016.1,1025,0,.07,,3,,.3
156,堡林,2022-03-21 08:00,3.3,,1.1,70,65,1016.9,1025.7,.7,.5,,0,,1.2
156,堡林,2022-03-21 09:00,5.3,,1.1,50,51,1016,1024.8,1,1.28,,0,,8
156,堡林,2022-03-21 10:00,7.6,,.5,50,43,1016.8,1025.5,1,2.01,,4,,15
156,堡林,2022-03-21 11:00,9.5,,1,180,39,1017.1,1025.7,1,2.58,,7,,20
156,堡林,2022-03-21 12:00,10.7,,.8,250,34,1014.8,1023.4,1,2.61,,8,,21
156,堡林,2022-03-21 13:00,13.3,,1.2,270,29,1014.1,1022.6,1,2.42,,9,,21.1
156,堡林,2022-03-21 14:00,13,,1,320,24,1013.3,1021.8,0,1.74,,8,,19.1
156,堡林,2022-03-21 15:00,12.7,,.9,340,23,1012.8,1021.3,0,1.25,,9,,15.9
156,堡林,2022-03-21 16:00,12.8,,.8,290,27,1012.8,1021.3,0,.75,,9,,13.9
156,堡林,2022-03-21 17:00,11.4,,.7,360,46,1012.7,1021.2,0,.49,,9,,11.5
156,堡林,2022-03-21 18:00,10.6,,.7,340,45,1012.6,1021.2,0,.26,,10,,9.6
156,堡林,2022-03-21 19:00,9.3,,1.8,270,53,1012.8,1021.4,0,.08,,10,,7.9
156,堡林,2022-03-21 20:00,8.5,,.8,250,52,1013.3,1021.9,,,,10,,7.6
156,堡林,2022-03-21 21:00,8.4,,1.5,70,48,1013.1,1021.7,,,,10,,7
156,堡林,2022-03-21 22:00,7.8,,1,70,49,1013.2,1021.8,,,,10,,6.5
156,堡林,2022-03-21 23:00,7.8,,1,50,47,1013.2,1021.8,,,,10,,6.2
156,堡林,2022-03-22 00:00,7.3,,2.3,70,46,1012.9,1021.6,,,,10,,5.8
156,堡林,2022-03-22 01:00,7.1,,2,70,51,1012.9,1021.6,,,,,,5.2
156,堡林,2022-03-22 02:00,6.8,,1,70,51,1013,1021.7,,,,10,,5
156,堡林,2022-03-22 03:00,6.1,,1.8,70,51,1013,1021.7,,,,9,,3.8
156,堡林,2022-03-22 04:00,5.8,,1.4,50,46,1012.6,1021.3,,,,9,,2.8
156,堡林,2022-03-22 05:00,5.4,,2,50,41,1013.1,1021.8,,,,7,,1.7
156,堡林,2022-03-22 06:00,4.6,,2.1,50,42,1013.7,1022.4,,,,8,,.8
156,堡林,2022-03-22 07:00,4.1,,1.7,70,45,1014.1,1022.9,0,.08,,6,,1.1
156,堡林,2022-03-22 08:00,5.4,,1.8,70,46,1014.3,1023,0,.36,,9,,3.9
156,堡林,2022-03-22 09:00,7.2,,2.2,50,41,1014.8,1023.5,.4,.97,,8,,8.4
156,堡林,2022-03-22 10:00,9,,2.5,70,38,1014.4,1023,1,1.75,,6,,14
156,堡林,2022-03-22 11:00,10.1,,2.3,50,31,1014.6,1023.2,1,2.49,,7,,19.1
156,堡林,2022-03-22 12:00,11.6,,1.4,50,26,1014.2,1022.7,1,2.82,,7,,23.2
156,堡林,2022-03-22 13:00,12,,2.5,50,24,1013.2,1021.7,1,3.13,,7,,24.7
156,堡林,2022-03-22 14:00,12.9,,2.6,70,28,1011.8,1020.2,1,2.86,,7,,24.8
156,堡林,2022-03-22 15:00,12.5,,2,70,27,1011,1019.5,1,2.42,,8,,23.7
156,堡林,2022-03-22 16:00,12.8,,1.8,50,27,1011,1019.4,.9,1.69,,8,,20.5
156,堡林,2022-03-22 17:00,13.2,,1.6,50,29,1010.5,1018.9,.9,1.19,,6,,17.7
156,堡林,2022-03-22 18:00,11.1,,.7,320,44,1010.1,1018.6,.5,.6,,6,,12.2
156,堡林,2022-03-22 19:00,9,,.9,320,56,1011.3,1019.9,0,.14,,5,,8
156,堡林,2022-03-22 20:00,7.4,,1.4,250,66,1012.7,1021.3,,,,6,,6.2
156,堡林,2022-03-22 21:00,6.8,,1.4,270,69,1012.6,1021.3,,,,5,,5.2
156,堡林,2022-03-22 22:00,6,,1.1,250,72,1012.6,1021.3,,,,6,,4.1
156,堡林,2022-03-22 23:00,5.3,,.5,230,78,1013,1021.7,,,,7,,3.5
156,堡林,2022-03-23 00:00,5.3,,0,0,79,1012.6,1021.3,,,,8,,3.1
156,堡林,2022-03-23 01:00,5.2,,.5,70,81,1011.8,1020.5,,,,8,,3.5
156,堡林,2022-03-23 02:00,4.9,,.6,320,84,1012.4,1021.1,,,,9,,3.8
156,堡林,2022-03-23 03:00,4.9,,.2,0,85,1011.7,1020.4,,,,9,,3.8
156,堡林,2022-03-23 04:00,4.9,,0,0,85,1011.4,1020.1,,,,9,,4
156,堡林,2022-03-23 05:00,5,,0,0,83,1011.3,1020,,,,9,,4
156,堡林,2022-03-23 06:00,4.9,,.5,70,83,1010.9,1019.6,,,,9,,4.4
156,堡林,2022-03-23 07:00,4.9,,.6,20,84,1011,1019.7,0,.06,,10,,4.9
156,堡林,2022-03-23 08:00,5,,0,0,83,1010.6,1019.3,0,.14,,10,,5.8
156,堡林,2022-03-23 09:00,6.1,,0,0,78,1011,1019.7,0,.28,,10,,7.4
156,堡林,2022-03-23 10:00,6.1,,1.3,230,85,1011.6,1020.3,0,.43,,10,,9.3
156,堡林,2022-03-23 11:00,7,,.9,250,89,1011.4,1020,0,.89,,10,,15.1
156,堡林,2022-03-23 12:00,8.9,0,1,230,68,1010.7,1019.3,.6,2.18,,10,,18.3
156,堡林,2022-03-23 13:00,10.2,,.7,160,60,1010,1018.5,0,1.39,,7,,18.5
156,堡林,2022-03-23 14:00,12.2,,1.9,230,50,1009.1,1017.6,1,2.81,,3,,26.9
156,堡林,2022-03-23 15:00,11.9,,1.5,290,40,1008.7,1017.2,.7,2.33,,8,,22.4
156,堡林,2022-03-23 16:00,10.9,,1.6,20,32,1008.9,1017.4,.1,.88,,8,,15.6
156,堡林,2022-03-23 17:00,11.1,,.8,360,32,1008.5,1017,.7,1.12,,3,,17.1
156,堡林,2022-03-23 18:00,10.3,,.8,340,37,1008.5,1017,1,.68,,0,,11.5
156,堡林,2022-03-23 19:00,9,,.8,340,41,1008.8,1017.3,.1,.15,,0,,7.2
156,堡林,2022-03-23 20:00,8,,.4,0,43,1009.5,1018.1,,,,0,,5.3
156,堡林,2022-03-23 21:00,7.3,,.6,70,50,1009.2,1017.8,,,,0,,4
156,堡林,2022-03-23 22:00,6.6,,.1,0,52,1009.7,1018.4,,,,0,,3.3
156,堡林,2022-03-23 23:00,6,,0,0,55,1010.4,1019.1,,,,0,,2.5
156,堡林,2022-03-24 00:00,5.1,,1,270,60,1011.1,1019.8,,,,0,,1.9
156,堡林,2022-03-24 01:00,4.7,,.3,0,60,1010.9,1019.6,,,,0,,1.4
156,堡林,2022-03-24 02:00,4.2,,0,0,67,1011,1019.7,,,,0,,1.1
156,堡林,2022-03-24 03:00,3.5,,0,0,74,1011.1,1019.9,,,,0,,.7
156,堡林,2022-03-24 04:00,3.2,,0,0,77,1010.7,1019.5,,,,0,,.4
156,堡林,2022-03-24 05:00,2.4,,1,270,87,1011.2,1020,,,,4,,.3
156,堡林,2022-03-24 06:00,2.3,,0,0,87,1011.8,1020.6,,,,0,,.2
156,堡林,2022-03-24 07:00,2.7,,0,0,87,1012.3,1021.1,0,.08,,2,,.4
156,堡林,2022-03-24 08:00,4.2,,0,0,80,1012.3,1021,0,.34,,9,,5
156,堡林,2022-03-24 09:00,5.8,,.8,90,69,1012.5,1021.2,.8,1.08,,2,,9.7
156,堡林,2022-03-24 10:00,8.7,,.7,230,56,1013.2,1021.8,1,1.84,,0,,16.4
156,堡林,2022-03-24 11:00,10.6,,.8,250,45,1013.1,1021.7,1,2.45,,0,,22.2
156,堡林,2022-03-24 12:00,12.5,,1.1,290,45,1012.9,1021.4,1,2.87,,0,,27.2
156,堡林,2022-03-24 13:00,14,,1.3,200,48,1012.5,1020.9,1,3.1,,0,,31.2
156,堡林,2022-03-24 14:00,16.1,,1.3,250,45,1012.3,1020.7,1,2.99,,0,,32.9
156,堡林,2022-03-24 15:00,16.6,,.7,200,45,1011.8,1020.1,1,2.68,,0,,32.4
156,堡林,2022-03-24 16:00,17.7,,1.9,200,42,1011.1,1019.4,1,2.06,,6,,28.9
156,堡林,2022-03-24 17:00,16.7,,1.7,230,43,1010.4,1018.7,.9,1.35,,7,,22.7
156,堡林,2022-03-24 18:00,15.9,,1.9,230,45,1010,1018.3,1,.73,,0,,17.2
156,堡林,2022-03-24 19:00,14.4,,2.4,250,50,1011,1019.4,0,.15,,0,,12.1
156,堡林,2022-03-24 20:00,12.9,,4.2,250,51,1012.6,1021.1,,,,0,,9.7
156,堡林,2022-03-24 21:00,11.6,,1.7,200,53,1013,1021.5,,,,0,,8
156,堡林,2022-03-24 22:00,11.5,,.6,320,54,1013.6,1022.1,,,,5,,7.1
156,堡林,2022-03-24 23:00,10.6,,0,0,60,1013.3,1021.9,,,,7,,6.2
156,堡林,2022-03-25 00:00,10.3,,1,70,65,1012.4,1021,,,,6,,6.2
156,堡林,2022-03-25 01:00,9.8,,.7,250,68,1011.8,1020.3,,,,10,,6.3
156,堡林,2022-03-25 02:00,9.2,,1.3,270,68,1013.3,1021.9,,,,10,,6.5
156,堡林,2022-03-25 03:00,10.2,,.9,180,63,1012.5,1021.1,,,,9,,6.2
156,堡林,2022-03-25 04:00,9,,1.4,90,69,1011.9,1020.5,,,,8,,5.6
156,堡林,2022-03-25 05:00,9.9,,.1,0,68,1011.1,1019.7,,,,6,,5
156,堡林,2022-03-25 06:00,9.8,,.1,0,74,1010.6,1019.1,,,,9,,5.6
156,堡林,2022-03-25 07:00,10.6,,1.4,250,74,1011.1,1019.6,0,.08,,9,,6.4
156,堡林,2022-03-25 08:00,11.9,,1.7,230,75,1011.8,1020.3,0,.38,,5,,8.9
156,堡林,2022-03-25 09:00,13.7,,3,200,68,1011.8,1020.2,.9,1.1,,0,,14.5
156,堡林,2022-03-25 10:00,14.7,,3,180,66,1011.4,1019.8,.1,1.24,,0,,17.4
156,堡林,2022-03-25 11:00,15.9,,3.1,180,64,1010.3,1018.7,.3,1.74,,8,,21.4
156,堡林,2022-03-25 12:00,16.9,,2.4,180,64,1009.5,1017.8,0,1.57,,10,,22.7
156,堡林,2022-03-25 13:00,17,,2.4,160,67,1009.3,1017.6,0,1.04,,10,,22.7
156,堡林,2022-03-25 14:00,17.2,,2.6,180,70,1007.7,1016,0,1.14,,10,,20.9
156,堡林,2022-03-25 15:00,17.3,,3.3,180,71,1006.9,1015.2,0,.81,,10,,19.7
156,堡林,2022-03-25 16:00,17.2,,4,160,73,1004.7,1012.9,0,.64,,10,,18.2
156,堡林,2022-03-25 17:00,17.4,,4.7,180,76,1003.3,1011.5,0,.64,,10,,17.4
156,堡林,2022-03-25 18:00,17.5,0,3.6,180,76,1002.3,1010.5,0,.19,,10,,15.7
156,堡林,2022-03-25 19:00,16.4,,2.6,180,92,1001.9,1010.2,0,.05,,10,,14.5
156,堡林,2022-03-25 20:00,16.1,,3.4,180,98,1000.3,1008.6,,,,10,,14.2
156,堡林,2022-03-25 21:00,15.8,5.9,3.3,180,99,998.9,1007.2,,,,10,,14.2
156,堡林,2022-03-25 22:00,15.8,,4,180,99,998,1006.3,,,,10,,14.2
156,堡林,2022-03-25 23:00,15.6,,2.9,200,99,996.7,1005,,,,10,,14.3
156,堡林,2022-03-26 00:00,15.5,21.6,2.7,200,99,995.8,1004.1,,,,10,,14.4
156,堡林,2022-03-26 01:00,15.8,,3.8,200,99,994.8,1003,,,,10,,14.6
156,堡林,2022-03-26 02:00,15.8,,2.2,200,99,993.5,1001.7,,,,10,,14.7
156,堡林,2022-03-26 03:00,15.9,27.4,3,230,99,992.6,1000.8,,,,10,,15
156,堡林,2022-03-26 04:00,16,,4.5,230,99,991.6,999.8,,,,10,,15.2
156,堡林,2022-03-26 05:00,14.9,,4.4,250,99,991.8,1000,,,,10,,14.6
156,堡林,2022-03-26 06:00,14,9.8,3.7,230,99,991.8,1000,,,,10,,14.1
156,堡林,2022-03-26 07:00,13.3,,2.5,250,99,992.3,1000.6,0,.07,,10,,13.6
156,堡林,2022-03-26 08:00,11.2,,4,250,99,993.2,1001.6,0,.11,,10,,12.8
156,堡林,2022-03-26 09:00,10.6,0,4,250,99,993.7,1002.1,0,.21,,10,,12.6
156,堡林,2022-03-26 10:00,10,,4.6,270,99,995.2,1003.6,0,.22,,10,,12.1
156,堡林,2022-03-26 11:00,9.8,,1.4,270,99,995.2,1003.6,0,.3,,9,,12.6
156,堡林,2022-03-26 12:00,9.8,0,3.4,270,99,995.3,1003.7,0,.42,,10,,12.8
156,堡林,2022-03-26 13:00,9.6,,1.7,320,99,995.6,1004,0,.39,,10,,12.8
156,堡林,2022-03-26 14:00,9.5,,1.3,290,99,996.5,1004.9,0,.36,,10,,13
156,堡林,2022-03-26 15:00,9.5,0,.9,290,99,997.6,1006,0,.42,,10,,13
156,堡林,2022-03-26 16:00,9.8,,2.1,320,98,997.9,1006.3,0,.37,,10,,12.4
156,堡林,2022-03-26 17:00,9.9,,1.7,290,94,999.3,1007.8,0,.37,,10,,12.6
156,堡林,2022-03-26 18:00,9.5,,1.2,270,93,1000.4,1008.9,0,.2,,10,,11.3
156,堡林,2022-03-26 19:00,9,,1.8,270,96,1001.9,1010.4,0,.11,,9,,10.4
156,堡林,2022-03-26 20:00,8.5,,1,270,95,1002.5,1011,,,,8,,9.1
156,堡林,2022-03-26 21:00,7.8,,.6,250,96,1003.7,1012.3,,,,9,,7.4
156,堡林,2022-03-26 22:00,7,,1.6,250,98,1004.9,1013.5,,,,6,,6.3
156,堡林,2022-03-26 23:00,7,,1.1,270,96,1005.2,1013.8,,,,10,,6.8
156,堡林,2022-03-27 00:00,6.8,,1.5,270,91,1006.3,1014.9,,,,8,,6.2
156,堡林,2022-03-27 01:00,6.6,,1.3,250,88,1006.8,1015.4,,,,9,,6
156,堡林,2022-03-27 02:00,6.7,,.5,250,84,1006.8,1015.4,,,,8,,5.2
156,堡林,2022-03-27 03:00,6.5,,.8,250,84,1006.5,1015.1,,,,8,,5.1
156,堡林,2022-03-27 04:00,6.1,,.9,200,87,1006.4,1015,,,,8,,4.7
156,堡林,2022-03-27 05:00,5.8,,.3,0,92,1006.4,1015.1,,,,6,,4.1
156,堡林,2022-03-27 06:00,5.1,,.4,0,96,1007,1015.7,,,,7,,3.2
156,堡林,2022-03-27 07:00,4.7,,0,0,98,1007.4,1016.1,0,.08,,7,,3
156,堡林,2022-03-27 08:00,5.7,,.1,0,98,1007.7,1016.4,.4,.42,,5,,4.8
156,堡林,2022-03-27 09:00,6.7,,1.2,250,95,1008.2,1016.8,.7,1.07,,5,,11
156,堡林,2022-03-27 10:00,9.1,,1.3,250,75,1008.6,1017.1,1,1.98,,6,,17.1
156,堡林,2022-03-27 11:00,11.7,,1.3,200,56,1007.8,1016.3,1,2.68,,3,,23
156,堡林,2022-03-27 12:00,14.6,,1,250,44,1007.5,1015.8,1,2.82,,7,,24.6
156,堡林,2022-03-27 13:00,16.6,,2.4,250,42,1006.9,1015.2,1,3.03,,4,,27.1
156,堡林,2022-03-27 14:00,17.4,,2.3,270,32,1006.3,1014.5,1,3.03,,1,,27.2
156,堡林,2022-03-27 15:00,15.9,,2.3,290,40,1006.3,1014.6,1,2.24,,7,,24
156,堡林,2022-03-27 16:00,15,,1.5,290,47,1006.6,1015,.7,1.66,,6,,21.9
156,堡林,2022-03-27 17:00,11.8,,1.7,320,63,1007.3,1015.8,1,1.32,,6,,18.3
156,堡林,2022-03-27 18:00,11.2,,1.9,340,47,1008.5,1017,.9,.72,,3,,13.9
156,堡林,2022-03-27 19:00,9.2,,2.1,340,45,1010.1,1018.7,0,.15,,6,,9.9
156,堡林,2022-03-27 20:00,7.2,,2.1,20,41,1011.5,1020.1,,,,5,,7.3
156,堡林,2022-03-27 21:00,6.4,,1.6,50,40,1012.3,1021,,,,6,,5.8
156,堡林,2022-03-27 22:00,5.9,,1.4,50,40,1012.8,1021.5,,,,6,,4.8
156,堡林,2022-03-27 23:00,5.7,,3.2,50,41,1013.4,1022.1,,,,6,,4
156,堡林,2022-03-28 00:00,4.4,,2.2,50,49,1013.6,1022.3,,,,0,,3.2
156,堡林,2022-03-28 01:00,4.3,,1.8,70,47,1014,1022.8,,,,4,,2.6
156,堡林,2022-03-28 02:00,4.8,,3,70,46,1014.4,1023.1,,,,9,,3.2
156,堡林,2022-03-28 03:00,4.1,,1.9,70,48,1015.1,1023.9,,,,3,,2.5
156,堡林,2022-03-28 04:00,4.3,,1.2,70,45,1014.5,1023.3,,,,5,,2
156,堡林,2022-03-28 05:00,3.5,,1.4,20,49,1015.6,1024.4,,,,5,,1.7
156,堡林,2022-03-28 06:00,4.1,,.9,70,45,1016.1,1024.9,,,,5,,2.2
156,堡林,2022-03-28 07:00,3.8,,1.8,70,47,1016.7,1025.5,0,.09,,6,,2.6
156,堡林,2022-03-28 08:00,5.9,,1.5,70,39,1017.5,1026.2,.4,.52,,8,,5.1
156,堡林,2022-03-28 09:00,8.1,,2.2,50,33,1017.8,1026.5,1,1.26,,6,,9.4
156,堡林,2022-03-28 10:00,9.4,,1.6,70,32,1017.9,1026.5,1,1.71,,8,,14
156,堡林,2022-03-28 11:00,10.5,,1.5,50,29,1018.1,1026.7,.9,2.09,,8,,17.6
156,堡林,2022-03-28 12:00,11.6,,.5,70,29,1017.3,1025.8,0,1.75,,9,,18.6
156,堡林,2022-03-28 13:00,12,,1.2,250,29,1016.9,1025.4,1,2.39,,7,,22.8
156,堡林,2022-03-28 14:00,15,,.9,270,31,1016.4,1024.8,1,3.01,,0,,27
156,堡林,2022-03-28 15:00,15.3,,.8,360,31,1015.7,1024.1,1,2.89,,0,,27.2
156,堡林,2022-03-28 16:00,15.7,,1,360,32,1015.5,1023.9,1,2.32,,0,,25
156,堡林,2022-03-28 17:00,15.3,,1,320,32,1015.7,1024.1,1,1.54,,1,,21.5
156,堡林,2022-03-28 18:00,14.2,,1.8,270,40,1016.1,1024.5,1,.78,,3,,16.2
156,堡林,2022-03-28 19:00,11.4,,1.3,320,45,1016.8,1025.4,.3,.18,,5,,11.4
156,堡林,2022-03-28 20:00,10.2,,1.3,270,49,1017.7,1026.3,,,,5,,9
156,堡林,2022-03-28 21:00,9.5,,1.1,250,47,1018.6,1027.2,,,,0,,7.7
156,堡林,2022-03-28 22:00,8.6,,1.2,250,53,1019,1027.7,,,,0,,6.7
156,堡林,2022-03-28 23:00,8.5,,1.4,230,63,1019.1,1027.8,,,,4,,6
156,堡林,2022-03-29 00:00,8.1,,.6,50,59,1019,1027.7,,,,0,,5.4
156,堡林,2022-03-29 01:00,6.9,,.6,50,62,1018.9,1027.6,,,,0,,4.7
156,堡林,2022-03-29 02:00,6.5,,.5,110,69,1018.9,1027.6,,,,0,,4.2
156,堡林,2022-03-29 03:00,6.3,,.2,0,75,1018.8,1027.5,,,,0,,3.9
156,堡林,2022-03-29 04:00,6,,.2,0,79,1018.4,1027.2,,,,0,,3.5
156,堡林,2022-03-29 05:00,4.9,,0,0,85,1018,1026.8,,,,0,,3
156,堡林,2022-03-29 06:00,4.8,,0,0,88,1018,1026.8,,,,0,,2.7
156,堡林,2022-03-29 07:00,4.6,,0,0,91,1018.2,1027,0,.11,,3,,2.9
156,堡林,2022-03-29 08:00,6.3,,.1,0,80,1017.9,1026.6,1,.64,,0,,4.5
156,堡林,2022-03-29 09:00,9,,.5,290,68,1018.5,1027.1,1,1.44,,0,,10.8
156,堡林,2022-03-29 10:00,11.9,,.6,180,58,1018.6,1027.1,1,2.18,,0,,17.8
156,堡林,2022-03-29 11:00,13.9,,.8,90,44,1017.9,1026.4,1,2.77,,0,,23.7
156,堡林,2022-03-29 12:00,14.8,,1.2,230,36,1017.3,1025.7,1,3.16,,0,,27.5
156,堡林,2022-03-29 13:00,16.4,,1.4,270,31,1016.5,1024.9,1,3.32,,0,,29.9
156,堡林,2022-03-29 14:00,17.5,,1,360,30,1015,1023.3,1,3.23,,0,,30.4
156,堡林,2022-03-29 15:00,18.7,,.9,360,26,1014.3,1022.5,1,2.91,,0,,29.7
156,堡林,2022-03-29 16:00,19.7,,1.1,270,25,1013.4,1021.6,1,2.34,,0,,27.9
156,堡林,2022-03-29 17:00,19.3,,1.1,50,21,1013.1,1021.3,1,1.61,,0,,23.6
156,堡林,2022-03-29 18:00,18.5,,1.8,270,25,1013.6,1021.9,1,.82,,0,,18
156,堡林,2022-03-29 19:00,14.7,,1.6,270,50,1014.5,1022.9,.4,.18,,1,,13.5
156,堡林,2022-03-29 20:00,12.8,,1.2,250,57,1015,1023.5,,,,1,,11
156,堡林,2022-03-29 21:00,12.5,,2.1,230,58,1014.5,1023,,,,0,,9.5
156,堡林,2022-03-29 22:00,12.3,,1.6,200,57,1014.1,1022.6,,,,0,,8.4
156,堡林,2022-03-29 23:00,11.7,,2.7,250,59,1014.1,1022.6,,,,4,,7.8
156,堡林,2022-03-30 00:00,10.2,,.8,20,68,1014.5,1023.1,,,,0,,7
156,堡林,2022-03-30 01:00,9.7,,.7,50,71,1014.3,1022.9,,,,3,,6.2
156,堡林,2022-03-30 02:00,9,,1,70,75,1014.3,1022.9,,,,2,,5.7
156,堡林,2022-03-30 03:00,8.8,,1.2,70,77,1014.4,1023,,,,0,,5.3
156,堡林,2022-03-30 04:00,8.2,,.2,0,80,1013.8,1022.4,,,,0,,5.2
156,堡林,2022-03-30 05:00,8.6,,.1,0,80,1014,1022.6,,,,1,,6.6
156,堡林,2022-03-30 06:00,9.3,,.3,0,76,1013.8,1022.4,,,,8,,8.3
156,堡林,2022-03-30 07:00,9.8,,.1,0,72,1013.9,1022.5,0,.1,,7,,8.9
156,堡林,2022-03-30 08:00,10.5,,0,0,73,1014.2,1022.8,0,.25,,9,,10.5
156,堡林,2022-03-30 09:00,12.8,,.1,0,65,1013.6,1022.1,.4,.92,,7,,15.6
156,堡林,2022-03-30 10:00,15.8,,.8,270,63,1013.3,1021.7,.6,1.67,,8,,20.8
156,堡林,2022-03-30 11:00,17,,.9,270,64,1013.2,1021.5,.5,1.9,,9,,22.9
156,堡林,2022-03-30 12:00,19.1,,1.5,20,61,1012.7,1020.9,.4,2.02,,9,,27.4
156,堡林,2022-03-30 13:00,21,,2.2,200,61,1011.2,1019.4,.7,2.35,,6,,28.7
156,堡林,2022-03-30 14:00,20.4,,1.2,200,65,1010.5,1018.7,.5,1.87,,9,,27.3
156,堡林,2022-03-30 15:00,21.4,,1.4,250,62,1009.2,1017.4,.3,1.39,,6,,26.5
156,堡林,2022-03-30 16:00,20.3,,2,270,65,1009.5,1017.7,0,.56,,10,,21
156,堡林,2022-03-30 17:00,19.2,,1.4,270,78,1009.6,1017.8,0,.33,,9,,19.3
156,堡林,2022-03-30 18:00,19,,1.3,270,79,1009.5,1017.7,0,.38,,9,,18.5
156,堡林,2022-03-30 19:00,18.5,,.9,270,83,1010.2,1018.4,0,.12,,10,,16.9
156,堡林,2022-03-30 20:00,17.2,,1.2,290,89,1010.6,1018.9,,,,10,,16.2
156,堡林,2022-03-30 21:00,16.2,,.5,290,97,1011.2,1019.5,,,,9,,15.5
156,堡林,2022-03-30 22:00,15,,1.8,270,98,1011.9,1020.3,,,,7,,15
156,堡林,2022-03-30 23:00,14,,.2,0,99,1012.1,1020.5,,,,9,,14.5
156,堡林,2022-03-31 00:00,12.9,,.8,230,99,1012.5,1021,,,,9,,13.6
156,堡林,2022-03-31 01:00,12.7,,1.4,270,99,1012.9,1021.4,,,,9,,13.1
156,堡林,2022-03-31 02:00,12,,1.5,320,98,1012.5,1021,,,,8,,11.6
156,堡林,2022-03-31 03:00,11.5,,1,320,98,1012.1,1020.6,,,,8,,10.6
156,堡林,2022-03-31 04:00,11,,1.3,320,99,1012.3,1020.8,,,,8,,10
156,堡林,2022-03-31 05:00,10.5,,1.4,320,98,1012.8,1021.4,,,,8,,10
156,堡林,2022-03-31 06:00,10,,1.3,320,95,1013.4,1022,,,,9,,10.4
156,堡林,2022-03-31 07:00,10.1,,1.3,50,95,1014.5,1023.1,0,.09,,9,,10.4
156,堡林,2022-03-31 08:00,10.9,,.9,70,89,1015.5,1024.1,0,.37,,7,,12.5
156,堡林,2022-03-31 09:00,11.7,,1.9,70,83,1015.5,1024,.3,.95,,7,,15.1
156,堡林,2022-03-31 10:00,12.1,,.9,320,80,1016,1024.5,.2,1.09,,10,,16.7
156,堡林,2022-03-31 11:00,13.6,,1.5,20,73,1015.6,1024.1,0,1.34,,10,,19.9
156,堡林,2022-03-31 12:00,13.8,,1.3,20,70,1015.2,1023.6,0,1.47,,10,,20.5
156,堡林,2022-03-31 13:00,13.4,,.9,20,70,1014.7,1023.2,0,1.33,,10,,20
156,堡林,2022-03-31 14:00,13,,.8,20,71,1014.5,1023,0,1.08,,10,,18.6
156,堡林,2022-03-31 15:00,12.4,,2.1,320,78,1014.5,1023,0,1,,10,,18.6
156,堡林,2022-03-31 16:00,11.7,,1.9,320,80,1014.7,1023.2,0,.99,,10,,17.3
156,堡林,2022-03-31 17:00,11.3,,1.1,290,79,1015.2,1023.7,0,.65,,10,,15.5
156,堡林,2022-03-31 18:00,10.7,,1.7,320,79,1015.5,1024.1,0,.41,,10,,13.8
156,堡林,2022-03-31 19:00,9.6,,.8,360,83,1015.6,1024.2,0,.13,,9,,11.3
156,堡林,2022-03-31 20:00,9,,.5,320,87,1016.2,1024.8,,,,10,,9.7
156,堡林,2022-03-31 21:00,8.6,,1.1,320,88,1017,1025.6,,,,9,,8.9
156,堡林,2022-03-31 22:00,8.3,,.5,270,87,1017.6,1026.3,,,,8,,8.1
156,堡林,2022-03-31 23:00,8.2,,.1,0,86,1018.1,1026.8,,,,6,,7.4
156,堡林,2022-04-01 00:00,7.6,,.6,110,88,1018.2,1026.9,,,,6,,6.6
156,堡林,2022-04-01 01:00,7.3,,.8,250,89,1018.5,1027.2,,,,6,,6.2
156,堡林,2022-04-01 02:00,6.7,,.4,0,94,1018.5,1027.2,,,,9,,6.3
156,堡林,2022-04-01 03:00,6.5,,.6,250,94,1018.2,1026.9,,,,8,,5.6
156,堡林,2022-04-01 04:00,6.1,,.2,0,96,1018.2,1026.9,,,,5,,4.9
156,堡林,2022-04-01 05:00,5.8,,.2,0,98,1018.7,1027.5,,,,0,,4.2
156,堡林,2022-04-01 06:00,5.5,,.1,0,98,1019.1,1027.9,,,,0,,3.6
156,堡林,2022-04-01 07:00,5.2,,.2,0,99,1019.9,1028.7,0,.12,,2,,3.8
156,堡林,2022-04-01 08:00,6.2,,.7,250,99,1020.6,1029.4,1,.69,,0,,5.5
156,堡林,2022-04-01 09:00,9.4,,.8,50,83,1021.1,1029.7,1,1.52,,2,,12.6
156,堡林,2022-04-01 10:00,11.4,,1,250,69,1021.3,1029.9,1,2.27,,0,,19.6
156,堡林,2022-04-01 11:00,12.5,,1,290,60,1021.2,1029.7,1,2.87,,3,,25.3
156,堡林,2022-04-01 12:00,14.4,,1.2,320,55,1020.4,1028.9,1,3.23,,5,,28.7
156,堡林,2022-04-01 13:00,14.8,,1.1,270,40,1019.6,1028,1,2.68,,8,,27.1
156,堡林,2022-04-01 14:00,14.9,,1.2,360,35,1019.1,1027.6,.3,1.83,,9,,25.4
156,堡林,2022-04-01 15:00,14,,.9,340,40,1018.6,1027.1,.1,1.1,,9,,19.7
156,堡林,2022-04-01 16:00,14.5,,.7,290,40,1018.3,1026.7,0,.77,,9,,18.5
156,堡林,2022-04-01 17:00,14.8,,2.1,290,40,1018,1026.4,.5,1.07,,9,,19.3
156,堡林,2022-04-01 18:00,13.2,,2,290,40,1018.2,1026.7,.9,.79,,8,,16
156,堡林,2022-04-01 19:00,11.5,,1.1,320,44,1019,1027.6,.1,.18,,8,,11.8
156,堡林,2022-04-01 20:00,10.6,,.8,320,45,1019.8,1028.4,,,,5,,9.1
156,堡林,2022-04-01 21:00,9.4,,1.2,180,52,1020.1,1028.7,,,,0,,7.6
156,堡林,2022-04-01 22:00,8.3,,.6,250,58,1020.8,1029.5,,,,0,,6.5
156,堡林,2022-04-01 23:00,8.4,,.6,200,60,1021,1029.7,,,,0,,6.8
156,堡林,2022-04-02 00:00,7.6,,1,270,64,1021.1,1029.8,,,,2,,5.8
156,堡林,2022-04-02 01:00,6.9,,.6,250,69,1020.8,1029.5,,,,0,,4.7
156,堡林,2022-04-02 02:00,6.1,,1.1,250,75,1020.7,1029.5,,,,2,,4
156,堡林,2022-04-02 03:00,5.7,,.1,0,79,1020.7,1029.5,,,,0,,3.6
156,堡林,2022-04-02 04:00,4.9,,0,0,82,1020.4,1029.2,,,,0,,3
156,堡林,2022-04-02 05:00,4.6,,0,0,85,1019.9,1028.7,,,,0,,2.5
156,堡林,2022-04-02 06:00,3.7,,.4,0,88,1020.3,1029.1,,,,0,,1.9
156,堡林,2022-04-02 07:00,3.3,,.7,250,92,1020.7,1029.6,.2,.13,,0,,2.1
156,堡林,2022-04-02 08:00,4.7,,.5,250,87,1020.9,1029.7,1,.74,,0,,3.5
156,堡林,2022-04-02 09:00,7.3,,.6,270,73,1020.8,1029.5,1,1.56,,0,,11.1
156,堡林,2022-04-02 10:00,9.3,,1.3,250,56,1020.9,1029.5,1,2.31,,0,,18.4
156,堡林,2022-04-02 11:00,11,,.8,250,33,1020.6,1029.2,1,2.94,,0,,24.7
156,堡林,2022-04-02 12:00,12.6,,1.8,250,23,1020,1028.5,1,3.33,,0,,29
156,堡林,2022-04-02 13:00,13.8,,2.6,230,24,1018.9,1027.4,1,3.47,,0,,31.7
156,堡林,2022-04-02 14:00,16.2,,2.4,230,23,1017.9,1026.3,1,3.37,,0,,33.3
156,堡林,2022-04-02 15:00,14.7,,1.6,290,26,1017.1,1025.5,1,3,,0,,32.3
156,堡林,2022-04-02 16:00,13.8,,1.8,290,27,1017.1,1025.6,1,2.44,,0,,29.4
156,堡林,2022-04-02 17:00,12.3,,2.5,320,32,1017.4,1025.9,1,1.72,,0,,24.5
156,堡林,2022-04-02 18:00,10.8,,1.7,290,36,1017.7,1026.3,1,.9,,0,,17.7
156,堡林,2022-04-02 19:00,8.7,,1.5,290,46,1017.9,1026.5,.4,.19,,0,,12.1
156,堡林,2022-04-02 20:00,7.5,,1.1,290,53,1018.6,1027.3,,,,2,,9.4
156,堡林,2022-04-02 21:00,6.9,,1.2,340,54,1019.3,1028,,,,0,,7.6
156,堡林,2022-04-02 22:00,6.4,,1.5,50,55,1019.7,1028.4,,,,0,,6.5
156,堡林,2022-04-02 23:00,5.8,,1.6,70,52,1019.8,1028.6,,,,0,,5.3
156,堡林,2022-04-03 00:00,5.5,,1.2,50,50,1020,1028.8,,,,0,,4.3
156,堡林,2022-04-03 01:00,4.7,,1.9,50,57,1019.8,1028.6,,,,0,,3.7
156,堡林,2022-04-03 02:00,4.4,,1.2,50,59,1019.5,1028.3,,,,0,,3.2
156,堡林,2022-04-03 03:00,4.1,,.8,50,65,1019.2,1028,,,,6,,2.7
156,堡林,2022-04-03 04:00,3.4,,1.1,50,73,1019.2,1028,,,,0,,2.2
156,堡林,2022-04-03 05:00,3.2,,.1,0,74,1019.2,1028,,,,0,,1.7
156,堡林,2022-04-03 06:00,2.5,,.8,320,80,1019.3,1028.2,,,,0,,1.3
156,堡林,2022-04-03 07:00,2.5,,.6,320,81,1019.8,1028.7,.2,.14,,0,,1.6
156,堡林,2022-04-03 08:00,4.1,,.2,0,74,1020.2,1029,1,.75,,0,,3.1
156,堡林,2022-04-03 09:00,6.9,,.3,0,62,1020.2,1028.9,1,1.54,,0,,10.7
156,堡林,2022-04-03 10:00,10.4,,.6,320,48,1020.3,1028.9,1,2.29,,0,,18.7
156,堡林,2022-04-03 11:00,13.4,,1.4,70,33,1020.1,1028.6,1,2.88,,0,,25.4
156,堡林,2022-04-03 12:00,14.6,,1.8,50,27,1019.7,1028.1,1,3.27,,0,,30.5
156,堡林,2022-04-03 13:00,15.1,,1.1,320,19,1019,1027.5,1,3.41,,0,,33.9
156,堡林,2022-04-03 14:00,16.9,,1.3,360,21,1018.3,1026.7,1,3.31,,0,,35.3
156,堡林,2022-04-03 15:00,17.5,,1.5,320,23,1017.5,1025.8,1,2.91,,0,,34.4
156,堡林,2022-04-03 16:00,17,,1.6,360,25,1017.1,1025.5,1,2.37,,0,,31.4
156,堡林,2022-04-03 17:00,15.6,,2.7,290,31,1017.2,1025.6,1,1.63,,0,,26
156,堡林,2022-04-03 18:00,14.4,,1.8,320,30,1017.6,1026,1,.87,,0,,19.4
156,堡林,2022-04-03 19:00,12.1,,1.3,320,35,1018.2,1026.7,.4,.2,,0,,14
156,堡林,2022-04-03 20:00,10.8,,.8,290,40,1019,1027.6,,,,0,,11
156,堡林,2022-04-03 21:00,9.9,,1,290,44,1019.9,1028.5,,,,0,,9.1
156,堡林,2022-04-03 22:00,9.3,,.7,290,46,1020.3,1028.9,,,,0,,7.8
156,堡林,2022-04-03 23:00,8.6,,.3,0,49,1020.3,1029,,,,0,,6.8
156,堡林,2022-04-04 00:00,7.5,,1.2,50,50,1020.5,1029.2,,,,0,,6
156,堡林,2022-04-04 01:00,7.8,,.5,20,51,1020.4,1029.1,,,,0,,5.4
156,堡林,2022-04-04 02:00,6.5,,.7,250,60,1020.3,1029,,,,0,,4.7
156,堡林,2022-04-04 03:00,5.8,,.7,250,68,1020.2,1029,,,,2,,4.1
156,堡林,2022-04-04 04:00,5.2,,.6,250,69,1020.3,1029.1,,,,0,,3.6
156,堡林,2022-04-04 05:00,5,,0,0,73,1020.5,1029.3,,,,0,,3.2
156,堡林,2022-04-04 06:00,4.8,,0,0,77,1020.8,1029.6,,,,0,,2.7
156,堡林,2022-04-04 07:00,4.7,,0,0,83,1020.8,1029.6,.2,.14,,0,,3.1
156,堡林,2022-04-04 08:00,6.3,,.4,0,73,1021.1,1029.9,1,.74,,0,,4.9
156,堡林,2022-04-04 09:00,8.8,,.9,250,62,1021.2,1029.9,1,1.53,,0,,12.2
156,堡林,2022-04-04 10:00,12,,.9,290,52,1021.1,1029.7,1,2.3,,0,,20.1
156,堡林,2022-04-04 11:00,14.6,,1.6,50,37,1020.7,1029.2,1,2.91,,0,,27.4
156,堡林,2022-04-04 12:00,16.5,,1,320,27,1020.3,1028.7,1,3.32,,0,,33.2
156,堡林,2022-04-04 13:00,16.9,,1.9,290,16,1019.7,1028.1,1,3.54,,0,,36.8
156,堡林,2022-04-04 14:00,18.4,,1.8,290,21,1019.2,1027.5,1,3.37,,0,,38.3
156,堡林,2022-04-04 15:00,18.5,,1.4,270,21,1018.1,1026.4,1,2.98,,0,,37.2
156,堡林,2022-04-04 16:00,19.5,,1.3,340,22,1017.4,1025.6,1,2.43,,0,,34.3
156,堡林,2022-04-04 17:00,17.6,,2.2,320,26,1017.2,1025.5,1,1.68,,0,,28.7
156,堡林,2022-04-04 18:00,15.9,,1.9,320,26,1017.4,1025.8,1,.9,,0,,20.9
156,堡林,2022-04-04 19:00,13.3,,1.2,270,29,1017.7,1026.2,.4,.22,,0,,14.9
156,堡林,2022-04-04 20:00,11.3,,1.6,250,32,1017.8,1026.4,,,,0,,11.4
156,堡林,2022-04-04 21:00,10.3,,1.4,250,34,1017.9,1026.5,,,,0,,9.1
156,堡林,2022-04-04 22:00,9.8,,.9,270,37,1018,1026.6,,,,6,,7.6
156,堡林,2022-04-04 23:00,8.8,,.8,230,40,1018,1026.6,,,,0,,6.3
156,堡林,2022-04-05 00:00,8.2,,.3,0,44,1018.2,1026.9,,,,2,,5.4
156,堡林,2022-04-05 01:00,7.4,,.5,250,48,1018.1,1026.8,,,,2,,4.5
156,堡林,2022-04-05 02:00,6.8,,.2,0,55,1017.3,1026,,,,6,,3.8
156,堡林,2022-04-05 03:00,5.1,,1.7,270,65,1016.9,1025.7,,,,4,,3.4
156,堡林,2022-04-05 04:00,4.7,,.6,250,66,1016.6,1025.4,,,,0,,2.9
156,堡林,2022-04-05 05:00,4.7,,0,0,68,1016.7,1025.5,,,,6,,2.4
156,堡林,2022-04-05 06:00,4.2,,.1,0,72,1016.6,1025.4,,,,5,,2
156,堡林,2022-04-05 07:00,3.6,,.7,270,75,1016.7,1025.5,.2,.16,,1,,2.6
156,堡林,2022-04-05 08:00,5.7,,.5,50,69,1016.5,1025.2,1,.78,,0,,5
156,堡林,2022-04-05 09:00,8.4,,.5,270,57,1016.7,1025.3,1,1.59,,0,,13
156,堡林,2022-04-05 10:00,11.2,,1,250,48,1016.4,1025,1,2.21,,4,,20.5
156,堡林,2022-04-05 11:00,14.2,,1.3,250,29,1015.9,1024.3,1,2.55,,7,,26
156,堡林,2022-04-05 12:00,15.1,,1.6,270,20,1015.2,1023.6,1,2.56,,8,,28.4
156,堡林,2022-04-05 13:00,15.6,,1.7,270,27,1014.5,1022.9,.1,2.17,,8,,28.8
156,堡林,2022-04-05 14:00,17.4,,1.6,230,22,1013.6,1021.9,1,2.43,,8,,31.7
156,堡林,2022-04-05 15:00,18.1,,1.6,230,17,1012.4,1020.7,1,2.15,,8,,30.9
156,堡林,2022-04-05 16:00,18.7,,2.3,270,14,1011.8,1020,1,2.05,,7,,30
156,堡林,2022-04-05 17:00,16.9,,3.3,270,19,1012.2,1020.5,.3,1.03,,8,,23.2
156,堡林,2022-04-05 18:00,15.2,,2.7,270,27,1012.5,1020.9,0,.58,,7,,18.9
156,堡林,2022-04-05 19:00,13.4,,2.5,270,27,1012.9,1021.3,0,.19,,8,,14.2
156,堡林,2022-04-05 20:00,12.4,,1.9,250,28,1013.2,1021.7,,,,10,,12
156,堡林,2022-04-05 21:00,11.6,,1.5,250,22,1013.7,1022.2,,,,6,,10.5
156,堡林,2022-04-05 22:00,11,,1.3,270,25,1013.8,1022.3,,,,9,,9.2
156,堡林,2022-04-05 23:00,10.6,,1,270,32,1014,1022.6,,,,9,,8.6
156,堡林,2022-04-06 00:00,10.2,,1,250,39,1014.2,1022.8,,,,7,,8
156,堡林,2022-04-06 01:00,9.8,,.4,0,39,1014.1,1022.7,,,,9,,7.2
156,堡林,2022-04-06 02:00,8.8,,.1,0,41,1014.3,1022.9,,,,0,,6
156,堡林,2022-04-06 03:00,8.1,,.1,0,49,1014.1,1022.7,,,,0,,5.3
156,堡林,2022-04-06 04:00,7.5,,.7,270,51,1013.8,1022.5,,,,0,,4.7
156,堡林,2022-04-06 05:00,6.3,,0,0,61,1014.3,1023,,,,0,,4.4
156,堡林,2022-04-06 06:00,6.4,,.1,0,59,1014.2,1022.9,,,,0,,4
156,堡林,2022-04-06 07:00,5.9,,.1,0,61,1014.2,1022.9,0,.15,,3,,4.7
156,堡林,2022-04-06 08:00,7.6,,.4,0,59,1014.2,1022.8,1,.66,,0,,7.3
156,堡林,2022-04-06 09:00,10.1,,.7,270,51,1014.3,1022.9,1,1.36,,0,,14.2
156,堡林,2022-04-06 10:00,12.6,,1.1,250,40,1014.4,1022.9,1,2.07,,0,,21.4
156,堡林,2022-04-06 11:00,14.8,,1.3,320,25,1014.5,1022.9,1,2.72,,0,,29.1
156,堡林,2022-04-06 12:00,16.5,,1.3,270,30,1013.9,1022.3,1,3.14,,0,,34.9
156,堡林,2022-04-06 13:00,19.2,,1,320,35,1013.3,1021.5,1,3.28,,0,,38.7
156,堡林,2022-04-06 14:00,19.3,,.7,340,36,1012.4,1020.6,1,3.15,,0,,40
156,堡林,2022-04-06 15:00,19.9,,1.1,250,37,1011,1019.2,1,2.81,,0,,38.8
156,堡林,2022-04-06 16:00,21.2,,1.4,290,38,1010.3,1018.5,1,2.23,,0,,35.1
156,堡林,2022-04-06 17:00,20.1,,1.5,320,47,1009.8,1018,1,1.56,,0,,29.8
156,堡林,2022-04-06 18:00,18.1,,1.5,290,54,1009.9,1018.1,1,.79,,0,,22.7
156,堡林,2022-04-06 19:00,15.8,,2.3,270,62,1010.6,1019,.3,.2,,0,,17.1
156,堡林,2022-04-06 20:00,13.3,,2.7,250,74,1011.5,1019.9,,,,0,,14
156,堡林,2022-04-06 21:00,11.4,,2.8,230,82,1011.9,1020.4,,,,0,,12.1
156,堡林,2022-04-06 22:00,10.4,,1.8,250,86,1012.1,1020.7,,,,0,,10.5
156,堡林,2022-04-06 23:00,9.9,,1.1,250,89,1011.8,1020.4,,,,3,,9.5
156,堡林,2022-04-07 00:00,9.4,,1.6,250,90,1011.5,1020.1,,,,0,,8.7
156,堡林,2022-04-07 01:00,9,,1.2,230,92,1010.9,1019.5,,,,3,,8.1
156,堡林,2022-04-07 02:00,8.2,,.9,250,97,1010.7,1019.3,,,,1,,7.7
156,堡林,2022-04-07 03:00,8.3,,.6,320,97,1010.5,1019.1,,,,6,,7.7
156,堡林,2022-04-07 04:00,8.1,,.2,0,99,1010.1,1018.7,,,,7,,7.3
156,堡林,2022-04-07 05:00,7.9,,.1,0,99,1010.1,1018.7,,,,8,,7.4
156,堡林,2022-04-07 06:00,7.8,1.1,.4,0,99,1009.7,1018.3,,,,10,,4.7
156,堡林,2022-04-07 07:00,7.2,0,.8,270,99,1010.4,1019,0,.07,,10,,8.4
156,堡林,2022-04-07 08:00,7.2,.1,.9,250,99,1011.1,1019.7,0,.26,,10,,10.3
156,堡林,2022-04-07 09:00,8.8,,.1,0,99,1011.2,1019.8,.2,.95,,6,,14.9
156,堡林,2022-04-07 10:00,10.9,,.5,250,89,1011.3,1019.8,.3,1.35,,8,,18.7
156,堡林,2022-04-07 11:00,13.3,,1,250,67,1011.2,1019.6,.3,1.88,,7,,24.1
156,堡林,2022-04-07 12:00,15.3,,1.5,250,46,1010.3,1018.7,1,3.11,,0,,30.6
156,堡林,2022-04-07 13:00,17.3,,1.7,250,28,1009.3,1017.6,1,3.4,,0,,33.9
156,堡林,2022-04-07 14:00,18.5,,1.6,290,32,1008.8,1017,1,3.32,,0,,35.8
156,堡林,2022-04-07 15:00,19.1,,2.1,290,35,1008.6,1016.8,1,2.94,,0,,35.7
156,堡林,2022-04-07 16:00,18.5,,2.1,290,29,1008.4,1016.6,1,2.46,,0,,32.8
156,堡林,2022-04-07 17:00,18,,1.8,320,28,1009.1,1017.3,1,1.75,,0,,27.9
156,堡林,2022-04-07 18:00,16.9,,1.7,290,30,1009.7,1018,1,.93,,0,,21.6
156,堡林,2022-04-07 19:00,14.4,,.8,320,34,1010.2,1018.6,.4,.23,,0,,15.6
156,堡林,2022-04-07 20:00,13,,1.5,340,34,1010.7,1019.1,,,,0,,10.6
156,堡林,2022-04-07 21:00,11.7,,.7,320,38,1011.6,1020.1,,,,0,,9
156,堡林,2022-04-07 22:00,10.9,,.6,290,40,1012.1,1020.6,,,,0,,7.9
156,堡林,2022-04-07 23:00,10,,.4,0,44,1012.6,1021.2,,,,0,,6.9
156,堡林,2022-04-08 00:00,9.9,,.6,50,41,1013,1021.6,,,,0,,6.2
156,堡林,2022-04-08 01:00,9.5,,0,0,39,1012.9,1021.5,,,,0,,5.5
156,堡林,2022-04-08 02:00,8.4,,.8,270,49,1012.8,1021.4,,,,0,,5
156,堡林,2022-04-08 03:00,7.6,,0,0,52,1012.7,1021.3,,,,0,,4.5
156,堡林,2022-04-08 04:00,7.1,,0,0,58,1012.6,1021.3,,,,0,,4
156,堡林,2022-04-08 05:00,6.1,,1.1,270,67,1012.7,1021.4,,,,0,,3.8
156,堡林,2022-04-08 06:00,6.1,,0,0,64,1013,1021.7,,,,0,,3.4
156,堡林,2022-04-08 07:00,6.5,,0,0,66,1013.5,1022.2,.3,.17,,0,,4.6
156,堡林,2022-04-08 08:00,8.4,,0,0,60,1014,1022.6,1,.81,,0,,7.3
156,堡林,2022-04-08 09:00,10.7,,1,200,49,1014.1,1022.7,1,1.61,,0,,21.6
156,堡林,2022-04-08 10:00,13.6,,.9,200,37,1013.9,1022.3,1,2.34,,0,,30.4
156,堡林,2022-04-08 11:00,16.6,,1,230,33,1013.5,1021.8,1,2.91,,0,,37.6
156,堡林,2022-04-08 12:00,19,,1.2,250,25,1012.7,1020.9,1,3.3,,0,,40.9
156,堡林,2022-04-08 13:00,21.3,,1.3,230,24,1011.8,1020,1,3.45,,0,,45.6
156,堡林,2022-04-08 14:00,22.5,,.9,250,22,1010.8,1018.9,1,3.35,,0,,46.1
156,堡林,2022-04-08 15:00,22.7,,1.2,270,22,1009.7,1017.8,1,2.98,,0,,44.4
156,堡林,2022-04-08 16:00,24.2,,2.7,230,22,1008.9,1016.9,1,2.42,,0,,42.4
156,堡林,2022-04-08 17:00,23.5,,3.2,250,22,1008.7,1016.8,1,1.72,,0,,34.6
156,堡林,2022-04-08 18:00,21.8,,2.5,270,26,1008.7,1016.8,1,.94,,0,,22.5
156,堡林,2022-04-08 19:00,19.7,,2.9,270,30,1008.9,1017.1,.4,.23,,0,,16.5
156,堡林,2022-04-08 20:00,18.2,,2.8,230,36,1009.4,1017.6,,,,0,,13.3
156,堡林,2022-04-08 21:00,16.6,,2.6,230,39,1010.3,1018.6,,,,0,,11.7
156,堡林,2022-04-08 22:00,15.4,,1.3,230,39,1010.2,1018.6,,,,0,,9.6
156,堡林,2022-04-08 23:00,15.2,,.6,230,39,1009.9,1018.3,,,,0,,8.9
156,堡林,2022-04-09 00:00,14.1,,.2,0,45,1009.7,1018.1,,,,3,,9.2
156,堡林,2022-04-09 01:00,13.9,,0,0,47,1009.3,1017.7,,,,6,,8.6
156,堡林,2022-04-09 02:00,12.7,,0,0,51,1009,1017.4,,,,0,,7.7
156,堡林,2022-04-09 03:00,12.9,,0,0,51,1008.8,1017.2,,,,6,,9.2
156,堡林,2022-04-09 04:00,11.8,,0,0,56,1008.7,1017.2,,,,0,,7.4
156,堡林,2022-04-09 05:00,11.7,,0,0,59,1008.8,1017.3,,,,0,,7.4
156,堡林,2022-04-09 06:00,11.5,,0,0,54,1009,1017.5,,,,0,,7.3
156,堡林,2022-04-09 07:00,11.9,,0,0,54,1009.5,1018,0,.17,,0,,8.9
156,堡林,2022-04-09 08:00,14,,.2,0,46,1009.6,1018,1,.71,,0,,13.2
156,堡林,2022-04-09 09:00,17.2,,.4,0,34,1009.3,1017.6,1,1.43,,0,,25.7
156,堡林,2022-04-09 10:00,20,,3.1,230,30,1009.2,1017.4,1,2.15,,0,,34.1
156,堡林,2022-04-09 11:00,21.7,,3,230,32,1009,1017.1,1,2.74,,0,,40.5
156,堡林,2022-04-09 12:00,23.2,,5.2,200,35,1008.2,1016.3,1,3.11,,2,,43.1
156,堡林,2022-04-09 13:00,24,,5.1,250,33,1007.5,1015.5,1,3.3,,0,,45.7
156,堡林,2022-04-09 14:00,24.9,,4.4,250,31,1007.3,1015.4,1,3.22,,0,,47.1
156,堡林,2022-04-09 15:00,24.7,,4.6,250,25,1007.1,1015.1,1,2.92,,0,,45.8
156,堡林,2022-04-09 16:00,24.3,,5.8,250,23,1007,1015,1,2.38,,0,,41
156,堡林,2022-04-09 17:00,23.1,,5.2,250,23,1007,1015.1,1,1.69,,0,,32.8
156,堡林,2022-04-09 18:00,21.5,,4,250,24,1007.1,1015.2,1,.9,,0,,23
156,堡林,2022-04-09 19:00,19.2,,4.8,250,25,1007.4,1015.6,.4,.24,,0,,16.8
156,堡林,2022-04-09 20:00,18,,2.4,250,30,1008.2,1016.4,0,.04,,0,,14
156,堡林,2022-04-09 21:00,16.9,,1.8,230,36,1009.1,1017.4,,,,0,,12.1
156,堡林,2022-04-09 22:00,16.2,,1.2,270,39,1009.2,1017.5,,,,2,,10.9
156,堡林,2022-04-09 23:00,15.4,,.9,270,47,1009.2,1017.6,,,,0,,9.9
156,堡林,2022-04-10 00:00,14.7,,0,0,48,1009,1017.4,,,,0,,9.5
156,堡林,2022-04-10 01:00,14.4,,0,0,52,1009.2,1017.6,,,,0,,8.8
156,堡林,2022-04-10 02:00,13.4,,0,0,56,1008.9,1017.3,,,,6,,8.5
156,堡林,2022-04-10 03:00,13,,0,0,59,1009,1017.4,,,,0,,7.9
156,堡林,2022-04-10 04:00,11.7,,1.2,250,66,1009.4,1017.9,,,,0,,7.4
156,堡林,2022-04-10 05:00,11.7,,1.1,70,66,1009.3,1017.8,,,,0,,7.1
156,堡林,2022-04-10 06:00,11.8,,.8,70,65,1009.7,1018.2,,,,0,,6.9
156,堡林,2022-04-10 07:00,11.5,,.7,90,69,1010,1018.5,.3,.19,,0,,8.4
156,堡林,2022-04-10 08:00,14.1,,.2,0,59,1010,1018.4,1,.82,,1,,12.5
156,堡林,2022-04-10 09:00,17.4,,.8,200,51,1010.3,1018.6,1,1.59,,2,,27.3
156,堡林,2022-04-10 10:00,19.9,,2.3,200,44,1010.5,1018.7,1,2.34,,4,,34.7
156,堡林,2022-04-10 11:00,21.3,,3.5,230,36,1010.1,1018.3,1,2.85,,3,,41.7
156,堡林,2022-04-10 12:00,23.5,,2.8,230,33,1009.2,1017.3,1,3.24,,5,,46.5
156,堡林,2022-04-10 13:00,25.2,,2.3,200,31,1008.2,1016.3,1,3.33,,6,,48.4
156,堡林,2022-04-10 14:00,25.7,,3.1,230,26,1007.6,1015.6,1,2.95,,7,,45
156,堡林,2022-04-10 15:00,26,,3.3,230,31,1007.1,1015.1,1,2.79,,7,,47.1
156,堡林,2022-04-10 16:00,24.5,,2.2,200,38,1006.7,1014.7,.9,1.88,,6,,36.3
156,堡林,2022-04-10 17:00,22.6,,4.9,230,42,1007.3,1015.4,.5,1.12,,8,,31.2
156,堡林,2022-04-10 18:00,20.9,,3.5,250,49,1007.7,1015.9,0,.58,,9,,23.4
156,堡林,2022-04-10 19:00,19.7,,2.5,230,54,1008.1,1016.3,0,.18,,7,,18.3
156,堡林,2022-04-10 20:00,19.3,,.6,230,57,1008.5,1016.7,0,.05,,8,,16.6
156,堡林,2022-04-10 21:00,19.2,,2.3,180,54,1008.9,1017.1,,,,8,,15.9
156,堡林,2022-04-10 22:00,18.3,,2.6,180,63,1008.9,1017.1,,,,7,,15.4
156,堡林,2022-04-10 23:00,18.1,,2.6,180,70,1008.4,1016.6,,,,9,,15.6
156,堡林,2022-04-11 00:00,17.6,,2.2,180,75,1008.6,1016.9,,,,8,,14.7
156,堡林,2022-04-11 01:00,17,,1.1,140,85,1008.5,1016.8,,,,8,,13.7
156,堡林,2022-04-11 02:00,17.2,,1.7,180,86,1008,1016.3,,,,5,,13.4
156,堡林,2022-04-11 03:00,17,,1.3,200,90,1007.4,1015.7,,,,5,,12.5
156,堡林,2022-04-11 04:00,16.5,,.1,0,94,1007.4,1015.7,,,,3,,11.6
156,堡林,2022-04-11 05:00,15.7,,.5,20,95,1007.1,1015.4,,,,7,,12
156,堡林,2022-04-11 06:00,15,,1.3,70,97,1006.8,1015.2,,,,4,,11.4
156,堡林,2022-04-11 07:00,15.6,,.4,0,97,1006.9,1015.2,.3,.2,,2,,13
156,堡林,2022-04-11 08:00,18.2,,.2,0,88,1007.1,1015.3,1,.8,,0,,17.5
156,堡林,2022-04-11 09:00,20.4,,1.3,200,82,1007.1,1015.3,.8,1.27,,0,,28.4
156,堡林,2022-04-11 10:00,20.9,,2.7,200,79,1007,1015.2,.8,1.88,,5,,30.7
156,堡林,2022-04-11 11:00,22.4,,1.3,160,69,1006.5,1014.6,.8,2.29,,6,,33.1
156,堡林,2022-04-11 12:00,24.2,,2.3,200,62,1005.7,1013.7,1,3.25,,6,,48.1
156,堡林,2022-04-11 13:00,25.1,,2.7,230,55,1004.4,1012.4,.9,2.96,,6,,44
156,堡林,2022-04-11 14:00,25.2,,2.8,230,51,1003.8,1011.8,.8,2.57,,5,,41.1
156,堡林,2022-04-11 15:00,27,,3.7,230,44,1003.1,1011,.9,2.79,,5,,46.8
156,堡林,2022-04-11 16:00,25.3,,2.1,200,49,1002.9,1010.9,.6,1.71,,4,,32.7
156,堡林,2022-04-11 17:00,25.2,,2.6,200,54,1002.6,1010.6,.6,1.15,,4,,31.4
156,堡林,2022-04-11 18:00,23,,4.7,180,63,1002.4,1010.4,.8,.66,,3,,25.1
156,堡林,2022-04-11 19:00,21.2,,4.1,200,76,1003.1,1011.2,.4,.23,,2,,20.2
156,堡林,2022-04-11 20:00,20.2,,3.8,200,83,1004,1012.2,0,.05,,0,,18.3
156,堡林,2022-04-11 21:00,19.6,,1.7,200,87,1005,1013.1,,,,2,,16.8
156,堡林,2022-04-11 22:00,19.2,,2.5,200,89,1005.1,1013.3,,,,1,,15.9
156,堡林,2022-04-11 23:00,18.5,,2.5,200,93,1005.1,1013.3,,,,4,,15.4
156,堡林,2022-04-12 00:00,18.1,,1.5,180,94,1004.7,1012.9,,,,0,,14.5
156,堡林,2022-04-12 01:00,18.1,,.8,200,94,1004.5,1012.7,,,,5,,13.4
156,堡林,2022-04-12 02:00,17,,.1,0,97,1003.9,1012.1,,,,5,,13
156,堡林,2022-04-12 03:00,17.2,,.5,200,97,1004.5,1012.7,,,,5,,12.4
156,堡林,2022-04-12 04:00,16.4,,1.3,50,98,1004.3,1012.6,,,,4,,12.7
156,堡林,2022-04-12 05:00,16.1,,.6,50,99,1004.3,1012.6,,,,5,,12
156,堡林,2022-04-12 06:00,15.3,,.2,0,99,1004.1,1012.4,,,,6,,11.1
156,堡林,2022-04-12 07:00,16.5,,0,0,99,1004.3,1012.6,0,.2,,7,,16.8
156,堡林,2022-04-12 08:00,17.5,,0,0,97,1004.1,1012.3,.1,.33,,9,,18.9
156,堡林,2022-04-12 09:00,19.5,,2.8,200,83,1004,1012.1,.2,.97,,7,,22.3
156,堡林,2022-04-12 10:00,21.2,,2.5,200,72,1004.1,1012.2,.8,1.97,,0,,30.4
156,堡林,2022-04-12 11:00,24,,2.7,230,65,1004.2,1012.2,1,2.85,,0,,38.6
156,堡林,2022-04-12 12:00,24.9,,2.4,250,59,1003.8,1011.8,1,3.19,,0,,42.5
156,堡林,2022-04-12 13:00,25.6,,2,230,51,1002.7,1010.7,1,3.33,,0,,46.5
156,堡林,2022-04-12 14:00,27.4,,1,200,51,1002.1,1010,1,3.16,,0,,47
156,堡林,2022-04-12 15:00,28.4,,3.2,230,45,1001.2,1009.1,1,2.88,,0,,46.8
156,堡林,2022-04-12 16:00,28.5,,2.9,230,44,1000.8,1008.7,1,2.33,,0,,43.6
156,堡林,2022-04-12 17:00,27.3,,1.5,270,49,1000.8,1008.7,1,1.64,,2,,38.2
156,堡林,2022-04-12 18:00,24.6,,3.3,250,64,1001.2,1009.1,1,.85,,5,,29.8
156,堡林,2022-04-12 19:00,22.3,,3.4,250,78,1001.6,1009.7,.1,.22,,6,,24.1
156,堡林,2022-04-12 20:00,20.5,,3.8,230,89,1002.4,1010.5,0,.05,,6,,21
156,堡林,2022-04-12 21:00,19.9,,2,270,92,1003.6,1011.8,,,,9,,20.9
156,堡林,2022-04-12 22:00,19.8,,2,270,93,1003.7,1011.8,,,,5,,20.8
156,堡林,2022-04-12 23:00,19.4,,1.7,250,96,1003.4,1011.5,,,,6,,20.3
156,堡林,2022-04-13 00:00,18.7,,1.5,230,97,1003.3,1011.5,,,,8,,19
156,堡林,2022-04-13 01:00,18.4,,1.2,250,99,1003.4,1011.6,,,,8,,18.8
156,堡林,2022-04-13 02:00,18.4,,1.3,200,99,1003.1,1011.3,,,,6,,18.9
156,堡林,2022-04-13 03:00,18.5,,.9,200,98,1003,1011.2,,,,8,,18.8
156,堡林,2022-04-13 04:00,18.4,,.9,250,99,1003,1011.2,,,,8,,18.6
156,堡林,2022-04-13 05:00,17.9,,.6,250,99,1003,1011.2,,,,7,,18.3
156,堡林,2022-04-13 06:00,18,,.4,0,99,1003,1011.2,,,,7,,18.4
156,堡林,2022-04-13 07:00,18,,0,0,99,1003.1,1011.3,0,.11,,10,,18.9
156,堡林,2022-04-13 08:00,18.6,,.4,0,99,1003.3,1011.5,0,.27,,10,,20.6
156,堡林,2022-04-13 09:00,19,,.5,230,98,1004.1,1012.3,0,.43,,10,,21.6
156,堡林,2022-04-13 10:00,20,,.9,250,92,1004.4,1012.6,0,.75,,10,,24.5
156,堡林,2022-04-13 11:00,19,.4,.2,0,99,1004.7,1012.9,0,.71,,10,,23.6
156,堡林,2022-04-13 12:00,20.5,,.8,340,97,1004.2,1012.4,0,1.22,,10,,26.1
156,堡林,2022-04-13 13:00,21.7,,.7,230,91,1003.5,1011.6,0,1.11,,10,,26.9
156,堡林,2022-04-13 14:00,20.8,,3.4,160,80,1002.9,1011,0,.83,,10,,26.2
156,堡林,2022-04-13 15:00,20.4,,4.2,200,78,1002.7,1010.9,0,1.03,,10,,26.5
156,堡林,2022-04-13 16:00,19.5,,2.6,160,81,1002.7,1010.8,0,.46,,10,,22.8
156,堡林,2022-04-13 17:00,18.7,,3.3,180,82,1003,1011.2,0,.28,,10,,21.3
156,堡林,2022-04-13 18:00,17.9,0,4,180,85,1003.3,1011.5,0,.14,,10,,18.7
156,堡林,2022-04-13 19:00,15.9,.2,3.7,230,98,1004.1,1012.4,0,.08,,10,,17.5
156,堡林,2022-04-13 20:00,15.2,1.1,3.4,180,99,1004.7,1013,0,.05,,10,,16.1
156,堡林,2022-04-13 21:00,14.8,.4,.1,0,99,1005.5,1013.8,,,,10,,16
156,堡林,2022-04-13 22:00,14.9,.2,.7,290,99,1006.1,1014.5,,,,10,,15.9
156,堡林,2022-04-13 23:00,14.9,.1,0,0,99,1006.2,1014.6,,,,10,,15.8
156,堡林,2022-04-14 00:00,14.4,0,0,0,98,1006.1,1014.4,,,,10,,15.4
156,堡林,2022-04-14 01:00,13.5,0,.8,360,99,1006.1,1014.5,,,,10,,14.8
156,堡林,2022-04-14 02:00,13.2,.1,.5,70,99,1005.6,1014,,,,10,,14.5
156,堡林,2022-04-14 03:00,12.9,0,.8,50,98,1005.1,1013.5,,,,10,,14.1
156,堡林,2022-04-14 04:00,12.7,,1.7,50,97,1005.2,1013.6,,,,10,,13.6
156,堡林,2022-04-14 05:00,12.6,,.7,50,97,1005.4,1013.8,,,,10,,13.4
156,堡林,2022-04-14 06:00,12.1,,1.9,50,98,1005.9,1014.3,,,,10,,13.1
156,堡林,2022-04-14 07:00,12,,1.1,70,97,1006.6,1015,0,.1,,10,,13.3
156,堡林,2022-04-14 08:00,12.7,,2.1,70,96,1006.9,1015.3,0,.31,,10,,14.9
156,堡林,2022-04-14 09:00,13.6,,2.8,70,89,1007,1015.4,0,.76,,10,,17.3
156,堡林,2022-04-14 10:00,14.8,,2.3,50,78,1007.7,1016,0,1.32,,10,,21
156,堡林,2022-04-14 11:00,15.3,,3.2,50,77,1007.5,1015.9,0,1.14,,10,,20.6
156,堡林,2022-04-14 12:00,16.2,,4.7,70,71,1007.1,1015.4,0,1.32,,10,,22.9
156,堡林,2022-04-14 13:00,16.6,,2.6,70,71,1006.4,1014.7,0,1.41,,10,,23.5
156,堡林,2022-04-14 14:00,18.5,,3.4,70,61,1005.7,1013.9,.2,2.23,,7,,30.1
156,堡林,2022-04-14 15:00,19.2,,2.3,70,59,1005.1,1013.3,1,2.66,,7,,32.1
156,堡林,2022-04-14 16:00,19.7,,2.4,50,58,1005.5,1013.6,.9,2.21,,7,,30.9
156,堡林,2022-04-14 17:00,19.2,,.9,70,60,1005.7,1013.9,.4,1.35,,8,,27.4
156,堡林,2022-04-14 18:00,18.4,,2.7,50,61,1006.3,1014.5,0,.5,,9,,22.8
156,堡林,2022-04-14 19:00,17.3,,2.2,70,66,1006.9,1015.2,0,.1,,0,,19.7
156,堡林,2022-04-14 20:00,16.9,,2.5,50,70,1007.6,1015.9,0,.05,,9,,18.2
156,堡林,2022-04-14 21:00,16,,2.2,70,79,1008.2,1016.5,,,,9,,17.3
156,堡林,2022-04-14 22:00,15.7,,2.2,70,72,1008.6,1016.9,,,,8,,16.7
156,堡林,2022-04-14 23:00,15.3,,2.4,70,73,1008.6,1017,,,,7,,16.3
156,堡林,2022-04-15 00:00,14.8,,1.5,70,71,1009.1,1017.4,,,,7,,15.7
156,堡林,2022-04-15 01:00,14.4,,1.2,70,74,1009,1017.4,,,,8,,15.4
156,堡林,2022-04-15 02:00,13.8,,2,70,74,1008.2,1016.6,,,,8,,14.8
156,堡林,2022-04-15 03:00,13.4,,2.2,50,74,1007.5,1015.9,,,,8,,14.2
156,堡林,2022-04-15 04:00,12.8,,2.5,50,78,1007.7,1016.1,,,,8,,13.2
156,堡林,2022-04-15 05:00,11.6,,1.4,50,85,1008,1016.5,,,,6,,11.5
156,堡林,2022-04-15 06:00,10.9,,.8,50,92,1008.5,1017,,,,1,,10.2
156,堡林,2022-04-15 07:00,10.9,,2,70,93,1009,1017.5,.3,.22,,0,,10.6
156,堡林,2022-04-15 08:00,12.2,,2,50,87,1009.4,1017.9,1,.9,,1,,12.6
156,堡林,2022-04-15 09:00,14.4,,2.3,70,68,1009.5,1017.9,1,1.69,,0,,19.3
156,堡林,2022-04-15 10:00,15.5,,2,90,60,1009.4,1017.8,1,2.42,,0,,26.2
156,堡林,2022-04-15 11:00,17.3,,1.5,360,51,1008.9,1017.2,1,3.01,,2,,32.2
156,堡林,2022-04-15 12:00,18.4,,1.4,290,46,1008.3,1016.5,1,3.24,,2,,36.4
156,堡林,2022-04-15 13:00,19.8,,1.9,340,34,1008,1016.1,1,3.49,,0,,39.8
156,堡林,2022-04-15 14:00,20,,2.7,20,27,1007.4,1015.6,1,3.43,,0,,40.3
156,堡林,2022-04-15 15:00,19.9,,2.8,360,26,1006.5,1014.7,1,3.1,,3,,39.5
156,堡林,2022-04-15 16:00,19.2,,4.1,50,29,1006,1014.2,1,2.48,,0,,35.3
156,堡林,2022-04-15 17:00,17.7,,2,360,38,1006.4,1014.6,1,1.75,,6,,30.2
156,堡林,2022-04-15 18:00,15.9,,1.9,360,42,1006.9,1015.2,1,.91,,7,,22.8
156,堡林,2022-04-15 19:00,14.2,,1.9,340,42,1007.4,1015.8,.5,.29,,6,,17.5
156,堡林,2022-04-15 20:00,12.7,,1.3,340,48,1008.1,1016.5,0,.05,,4,,14.5
156,堡林,2022-04-15 21:00,11.7,,1.4,340,53,1008.9,1017.4,,,,0,,12.8
156,堡林,2022-04-15 22:00,10.9,,.7,320,58,1009.5,1018,,,,3,,11.5
156,堡林,2022-04-15 23:00,10.7,,.1,0,58,1009.8,1018.3,,,,1,,10.3
156,堡林,2022-04-16 00:00,10.4,,.1,0,60,1009.8,1018.3,,,,9,,10.1
156,堡林,2022-04-16 01:00,10,,0,0,66,1009.7,1018.3,,,,6,,9.6
156,堡林,2022-04-16 02:00,9.1,,.3,0,73,1009.6,1018.2,,,,2,,8.8
156,堡林,2022-04-16 03:00,8.6,,.5,250,79,1008.9,1017.5,,,,5,,8.2
156,堡林,2022-04-16 04:00,7.8,,.7,180,87,1009.2,1017.8,,,,1,,7.7
156,堡林,2022-04-16 05:00,8.1,,.5,320,87,1009.7,1018.3,,,,0,,7.3
156,堡林,2022-04-16 06:00,7.5,,.1,0,90,1009.8,1018.4,0,.05,,6,,7
156,堡林,2022-04-16 07:00,8.2,,0,0,85,1010.3,1018.9,0,.23,,6,,8.5
156,堡林,2022-04-16 08:00,10.2,,1,50,72,1010.7,1019.3,1,.88,,6,,11.7
156,堡林,2022-04-16 09:00,12.5,,1.4,50,61,1011,1019.5,1,1.52,,0,,18.2
156,堡林,2022-04-16 10:00,14.1,,1.3,50,53,1011.1,1019.5,1,2.19,,6,,25.4
156,堡林,2022-04-16 11:00,16.7,,1.5,20,43,1010.7,1019,1,2.87,,0,,32.7
156,堡林,2022-04-16 12:00,18.5,,2.9,70,23,1009.9,1018.1,1,3.41,,0,,37.5
156,堡林,2022-04-16 13:00,19.3,,1.7,50,22,1009,1017.2,1,3.6,,0,,41.3
156,堡林,2022-04-16 14:00,19.8,,2,20,23,1008.5,1016.7,1,3.47,,0,,42.4
156,堡林,2022-04-16 15:00,19.7,,3,50,22,1007.8,1015.9,1,3.09,,0,,41.2
156,堡林,2022-04-16 16:00,19,,2.6,360,26,1007.5,1015.7,1,2.52,,0,,37
156,堡林,2022-04-16 17:00,18,,2.9,20,22,1007.7,1015.9,1,1.8,,0,,31.2
156,堡林,2022-04-16 18:00,16.6,,1.4,360,22,1008.3,1016.6,1,1.05,,0,,23.1
156,堡林,2022-04-16 19:00,14.9,,1.1,20,25,1008.7,1017.1,.6,.3,,3,,17.1
156,堡林,2022-04-16 20:00,14,,1.3,20,26,1009.4,1017.8,0,.05,,4,,14
156,堡林,2022-04-16 21:00,12.8,,.2,0,29,1010,1018.4,,,,6,,12.2
156,堡林,2022-04-16 22:00,12.4,,.3,0,31,1010.2,1018.7,,,,2,,10.6
156,堡林,2022-04-16 23:00,10.9,,.4,0,36,1010.5,1019,,,,6,,9.3
156,堡林,2022-04-17 00:00,10.5,,.6,270,38,1010.6,1019.1,,,,0,,8.3
156,堡林,2022-04-17 01:00,10.2,,.7,290,40,1010.9,1019.5,,,,6,,8
156,堡林,2022-04-17 02:00,9.3,,.2,0,47,1011,1019.6,,,,7,,7.5
156,堡林,2022-04-17 03:00,8.6,,.7,70,51,1011,1019.6,,,,3,,7
156,堡林,2022-04-17 04:00,7.8,,.3,0,57,1010.8,1019.4,,,,6,,6.4
156,堡林,2022-04-17 05:00,7.3,,0,0,58,1010.9,1019.5,,,,0,,5.6
156,堡林,2022-04-17 06:00,5.9,,1.5,270,65,1011.1,1019.8,0,.05,,0,,5
156,堡林,2022-04-17 07:00,6.5,,.4,0,60,1011.4,1020.1,.5,.26,,0,,5.9
156,堡林,2022-04-17 08:00,8.9,,.7,200,56,1011.6,1020.2,1,.96,,0,,8.8
156,堡林,2022-04-17 09:00,11.1,,.8,230,45,1012,1020.5,1,1.8,,0,,17.8
156,堡林,2022-04-17 10:00,13.5,,1.1,250,38,1012.3,1020.7,1,2.54,,0,,26.8
156,堡林,2022-04-17 11:00,16.1,,1.3,250,29,1012.2,1020.6,1,3.12,,0,,34.2
156,堡林,2022-04-17 12:00,18.6,,1.4,270,23,1011.5,1019.7,1,3.46,,0,,38.9
156,堡林,2022-04-17 13:00,20.1,,1.8,290,17,1010.5,1018.7,1,3.58,,0,,42.7
156,堡林,2022-04-17 14:00,21.6,,2.2,340,16,1009.6,1017.8,1,3.46,,0,,43.6
156,堡林,2022-04-17 15:00,21.1,,2,20,18,1009,1017.2,1,3.14,,0,,42.7
156,堡林,2022-04-17 16:00,21.4,,1.8,20,16,1008.6,1016.8,1,2.55,,0,,39
156,堡林,2022-04-17 17:00,20.5,,2.7,50,15,1008.8,1017,1,1.72,,7,,31.8
156,堡林,2022-04-17 18:00,18.8,,1.7,320,24,1008.9,1017.1,.9,.95,,7,,24.8
156,堡林,2022-04-17 19:00,16.4,,1,320,34,1009.2,1017.5,.5,.28,,0,,17.9
156,堡林,2022-04-17 20:00,15,,1.4,290,38,1010.4,1018.8,0,.05,,8,,15.3
156,堡林,2022-04-17 21:00,13.9,,1.2,250,37,1010.9,1019.3,,,,7,,13.8
156,堡林,2022-04-17 22:00,13.7,,1,200,37,1010.9,1019.3,,,,8,,12.1
156,堡林,2022-04-17 23:00,13.5,,.5,320,39,1010.7,1019.1,,,,6,,11.1
156,堡林,2022-04-18 00:00,12.7,,.6,290,45,1011.1,1019.6,,,,8,,11.3
156,堡林,2022-04-18 01:00,11.8,,.4,0,53,1011.5,1020,,,,10,,11.5
156,堡林,2022-04-18 02:00,11.4,,.6,50,57,1011.1,1019.6,,,,10,,11.1
156,堡林,2022-04-18 03:00,11.2,,.3,0,56,1010.8,1019.3,,,,9,,10.6
156,堡林,2022-04-18 04:00,10.9,,.9,50,52,1010.2,1018.7,,,,8,,9.9
156,堡林,2022-04-18 05:00,10.3,,.4,0,56,1010.1,1018.6,,,,7,,9.6
156,堡林,2022-04-18 06:00,10.5,,0,0,57,1009.9,1018.4,0,.05,,9,,10.1
156,堡林,2022-04-18 07:00,10.8,,.4,0,57,1010.5,1019,0,.18,,10,,11.6
156,堡林,2022-04-18 08:00,12.4,,0,0,51,1010.4,1018.9,.5,.66,,8,,13.8
156,堡林,2022-04-18 09:00,16.6,,.9,50,32,1010.8,1019.1,.9,1.55,,7,,21.2
156,堡林,2022-04-18 10:00,19,,2.6,70,24,1010.8,1019,1,2.23,,8,,27.9
156,堡林,2022-04-18 11:00,21.4,,1.6,50,18,1010.4,1018.6,1,2.86,,8,,36.3
156,堡林,2022-04-18 12:00,22.4,,1.6,50,13,1009.6,1017.7,.9,3.03,,7,,38.8
156,堡林,2022-04-18 13:00,22,,1.4,50,12,1009,1017.1,.3,2.39,,10,,35.4
156,堡林,2022-04-18 14:00,22,,2.5,70,14,1008.5,1016.6,.4,2.08,,10,,36.4
156,堡林,2022-04-18 15:00,22.2,,1.9,360,15,1007.9,1016,.6,1.96,,10,,35.5
156,堡林,2022-04-18 16:00,22.9,,1.9,20,13,1007.6,1015.7,1,2.11,,6,,36.3
156,堡林,2022-04-18 17:00,22.7,,2.2,50,10,1007.4,1015.5,1,1.68,,6,,33.3
156,堡林,2022-04-18 18:00,20,,1.9,340,28,1007.8,1016,1,.91,,4,,24.7
156,堡林,2022-04-18 19:00,18,,1.6,50,26,1008.1,1016.3,.3,.24,,5,,18.7
156,堡林,2022-04-18 20:00,16,,.8,340,28,1009.2,1017.5,0,.04,,5,,15.2
156,堡林,2022-04-18 21:00,14.5,,1.1,70,22,1010.3,1018.7,,,,7,,13.2
156,堡林,2022-04-18 22:00,13.4,,2.3,70,22,1010.6,1019,,,,6,,11.9
156,堡林,2022-04-18 23:00,13.4,,1.9,70,25,1010.9,1019.3,,,,7,,11.3
156,堡林,2022-04-19 00:00,13.6,,1,50,24,1011,1019.4,,,,8,,11.6
156,堡林,2022-04-19 01:00,12.8,,1.3,50,27,1010.7,1019.1,,,,7,,11.2
156,堡林,2022-04-19 02:00,12.3,,.4,0,31,1010.4,1018.9,,,,7,,10.1
156,堡林,2022-04-19 03:00,11.3,,0,0,38,1009.9,1018.4,,,,6,,8.9
156,堡林,2022-04-19 04:00,10.4,,0,0,41,1009.8,1018.3,,,,7,,8.1
156,堡林,2022-04-19 05:00,10,,0,0,45,1009.6,1018.2,,,,6,,7.5
156,堡林,2022-04-19 06:00,9.9,,1.3,90,43,1009.9,1018.5,0,.05,,6,,7.1
156,堡林,2022-04-19 07:00,10.5,,.1,0,44,1010,1018.5,.2,.22,,6,,8.7
156,堡林,2022-04-19 08:00,12.1,,.3,0,45,1010.4,1018.9,1,.95,,0,,11.2
156,堡林,2022-04-19 09:00,14.7,,.9,250,35,1010.5,1018.9,1,1.75,,0,,20.5
156,堡林,2022-04-19 10:00,18.7,,1.1,50,24,1010.4,1018.6,1,2.47,,1,,29.4
156,堡林,2022-04-19 11:00,20.9,,.6,340,19,1010.4,1018.6,1,3.07,,2,,37.6
156,堡林,2022-04-19 12:00,22,,1.4,270,12,1009.8,1017.9,1,3.3,,1,,41.7
156,堡林,2022-04-19 13:00,23,,1.4,340,12,1009.1,1017.2,1,3.55,,0,,45.8
156,堡林,2022-04-19 14:00,24.4,,2.3,250,13,1008.5,1016.5,1,3.4,,0,,47.8
156,堡林,2022-04-19 15:00,24.3,,2.1,340,17,1007.9,1015.9,1,3.07,,0,,46.5
156,堡林,2022-04-19 16:00,22.9,,2.3,320,15,1007.7,1015.8,1,2.47,,0,,41.4
156,堡林,2022-04-19 17:00,22,,1.4,320,18,1007.8,1015.9,1,1.81,,0,,35.2
156,堡林,2022-04-19 18:00,20.2,,1.6,290,21,1008.1,1016.3,1,1.02,,0,,26.4
156,堡林,2022-04-19 19:00,17.8,,2.1,270,28,1008.3,1016.5,.8,.31,,0,,19.4
156,堡林,2022-04-19 20:00,16.5,,1.2,270,29,1009,1017.3,0,.04,,0,,15.7
156,堡林,2022-04-19 21:00,14.6,,1.4,250,37,1009.9,1018.3,,,,0,,13.4
156,堡林,2022-04-19 22:00,14.1,,1.1,250,35,1010.5,1018.9,,,,0,,11.8
156,堡林,2022-04-19 23:00,13.6,,0,0,39,1010.6,1019,,,,0,,10.8
156,堡林,2022-04-20 00:00,13.1,,.1,0,44,1010.8,1019.2,,,,0,,9.8
156,堡林,2022-04-20 01:00,12.1,,0,0,51,1010.5,1019,,,,0,,9.1
156,堡林,2022-04-20 02:00,11,,1.1,250,58,1010.1,1018.6,,,,0,,8.5
156,堡林,2022-04-20 03:00,10.3,,.3,0,60,1009.6,1018.1,,,,0,,7.8
156,堡林,2022-04-20 04:00,9.6,,.7,250,64,1009.3,1017.8,,,,0,,7.3
156,堡林,2022-04-20 05:00,9.1,,0,0,70,1009.2,1017.7,,,,0,,6.8
156,堡林,2022-04-20 06:00,8.4,,.5,270,74,1009.6,1018.2,0,.05,,4,,6.4
156,堡林,2022-04-20 07:00,8.6,,.1,0,74,1010,1018.6,.5,.28,,0,,7.4
156,堡林,2022-04-20 08:00,10.9,,.7,230,64,1010.4,1018.9,1,.98,,0,,10.5
156,堡林,2022-04-20 09:00,13.7,,1.4,230,51,1010.4,1018.8,1,1.79,,0,,20.5
156,堡林,2022-04-20 10:00,16.2,,.9,230,33,1010.5,1018.8,1,2.51,,0,,29.6
156,堡林,2022-04-20 11:00,19.9,,1.9,230,24,1010.2,1018.4,1,3.1,,0,,37.9
156,堡林,2022-04-20 12:00,21.6,,1.4,250,24,1009.6,1017.8,1,3.42,,0,,42.9
156,堡林,2022-04-20 13:00,23.2,,2.5,230,23,1008.8,1016.9,1,3.53,,0,,47.3
156,堡林,2022-04-20 14:00,23,,1.9,270,20,1007.8,1015.9,1,3.43,,0,,48.6
156,堡林,2022-04-20 15:00,24.3,,3.4,230,17,1006.7,1014.7,1,3.06,,0,,48.1
156,堡林,2022-04-20 16:00,24.2,,3.4,250,19,1006.2,1014.2,1,2.5,,0,,44.1
156,堡林,2022-04-20 17:00,23,,2.9,250,20,1006,1014.1,1,1.82,,0,,37.7
156,堡林,2022-04-20 18:00,21.2,,2.2,270,22,1006,1014.1,1,1.02,,0,,28.2
156,堡林,2022-04-20 19:00,18.7,,1.6,250,28,1006.5,1014.7,.7,.32,,6,,20.6
156,堡林,2022-04-20 20:00,17,,1.5,270,31,1007,1015.3,0,.04,,0,,16.1
156,堡林,2022-04-20 21:00,16.3,,1,250,33,1007.6,1015.9,,,,0,,14
156,堡林,2022-04-20 22:00,16,,1.1,200,39,1008,1016.3,,,,6,,13.5
156,堡林,2022-04-20 23:00,15.2,,.8,200,40,1007.8,1016.2,,,,3,,11.9
156,堡林,2022-04-21 00:00,14.4,,.2,0,44,1007.6,1016,,,,0,,11.4
156,堡林,2022-04-21 01:00,14.1,,.1,0,46,1007.4,1015.8,,,,8,,11.6
156,堡林,2022-04-21 02:00,13.4,,.1,0,50,1006.8,1015.2,,,,9,,11.5
156,堡林,2022-04-21 03:00,13,,0,0,49,1006.2,1014.6,,,,7,,11.3
156,堡林,2022-04-21 04:00,12.3,,.3,0,61,1006.1,1014.5,,,,9,,11.3
156,堡林,2022-04-21 05:00,12,,0,0,61,1005.6,1014,,,,8,,10.9
156,堡林,2022-04-21 06:00,11.9,,.6,270,63,1005.7,1014.1,0,.06,,8,,11.4
156,堡林,2022-04-21 07:00,11.7,,.6,250,62,1005.8,1014.2,0,.12,,10,,12.5
156,堡林,2022-04-21 08:00,12.6,,.3,0,60,1006.1,1014.5,0,.29,,10,,14.5
156,堡林,2022-04-21 09:00,14.4,,.3,0,57,1006.1,1014.4,0,.5,,10,,17.5
156,堡林,2022-04-21 10:00,16.2,,.9,250,54,1006.2,1014.5,0,1.07,,10,,22.8
156,堡林,2022-04-21 11:00,16.4,,1.3,270,48,1006.9,1015.2,0,.61,,10,,20.6
156,堡林,2022-04-21 12:00,16.3,,1.9,200,45,1006.4,1014.7,0,.39,,10,,19.1
156,堡林,2022-04-21 13:00,16.3,,2.5,200,49,1006.1,1014.4,0,.53,,10,,20.5
156,堡林,2022-04-21 14:00,16.7,,1.9,200,50,1005.5,1013.8,0,1.05,,10,,25.6
156,堡林,2022-04-21 15:00,19.3,,1,180,39,1004.5,1012.6,.8,2.74,,4,,38.1
156,堡林,2022-04-21 16:00,20.3,,1.4,250,27,1003.9,1012.1,1,2.38,,0,,37.3
156,堡林,2022-04-21 17:00,20,,1.8,250,26,1003.5,1011.7,1,1.56,,0,,31.8
156,堡林,2022-04-21 18:00,19.2,,1.3,270,36,1003.7,1011.8,1,.82,,0,,24.7
156,堡林,2022-04-21 19:00,17.3,,1.1,250,38,1003.9,1012.1,.3,.27,,0,,18.3
156,堡林,2022-04-21 20:00,16.6,,1.1,200,39,1003.9,1012.2,0,.05,,0,,14.6
156,堡林,2022-04-21 21:00,15.1,,1.8,200,60,1004.2,1012.5,,,,0,,13.5
156,堡林,2022-04-21 22:00,15,,1.4,200,69,1004.3,1012.6,,,,1,,12.4
156,堡林,2022-04-21 23:00,14.2,,.8,250,71,1005,1013.3,,,,2,,11.5
156,堡林,2022-04-22 00:00,13.8,,.7,230,78,1005.3,1013.7,,,,0,,10.6
156,堡林,2022-04-22 01:00,12.3,,.5,290,85,1005.7,1014.1,,,,2,,10
156,堡林,2022-04-22 02:00,11.7,,.5,250,91,1005.7,1014.1,,,,7,,9.5
156,堡林,2022-04-22 03:00,11.6,,.7,250,95,1005.4,1013.8,,,,3,,9.1
156,堡林,2022-04-22 04:00,11.3,,.8,70,94,1005,1013.5,,,,4,,8.8
156,堡林,2022-04-22 05:00,10.6,,.3,0,96,1005.1,1013.6,,,,2,,8.5
156,堡林,2022-04-22 06:00,10.6,,1.3,90,96,1005.3,1013.8,0,.05,,0,,8.3
156,堡林,2022-04-22 07:00,11.5,,.8,90,92,1005.8,1014.3,.4,.29,,0,,10.1
156,堡林,2022-04-22 08:00,14.1,,0,0,77,1006,1014.4,1,.93,,0,,14
156,堡林,2022-04-22 09:00,17.1,,.4,0,61,1005.6,1013.9,1,1.67,,0,,22.2
156,堡林,2022-04-22 10:00,19.6,,1.8,250,56,1005.3,1013.4,1,2.33,,0,,31
156,堡林,2022-04-22 11:00,21.8,,3.5,230,52,1004.9,1013,1,2.88,,0,,38.6
156,堡林,2022-04-22 12:00,23.2,,4.6,230,49,1004.2,1012.2,1,3.25,,0,,44.1
156,堡林,2022-04-22 13:00,25.1,,5.1,230,46,1003.4,1011.4,1,3.34,,0,,47.7
156,堡林,2022-04-22 14:00,25.3,,3.6,250,43,1003,1011,1,3.24,,0,,49.1
156,堡林,2022-04-22 15:00,25.3,,3.5,230,43,1002.7,1010.7,1,2.88,,0,,48.1
156,堡林,2022-04-22 16:00,24,,5.1,230,47,1002.1,1010.1,1,2.34,,0,,43.7
156,堡林,2022-04-22 17:00,23.5,,3.8,230,51,1002,1010,1,1.6,,3,,37.5
156,堡林,2022-04-22 18:00,21.3,,3.6,250,60,1002.7,1010.8,.9,.84,,7,,29.3
156,堡林,2022-04-22 19:00,19,,2.8,270,74,1003.2,1011.3,0,.27,,7,,22.9
156,堡林,2022-04-22 20:00,16.7,,2.8,250,89,1003.9,1012.2,0,.05,,8,,19.3
156,堡林,2022-04-22 21:00,16.4,,3,230,93,1004.7,1013,,,,8,,19.3
156,堡林,2022-04-22 22:00,15.9,,2.9,250,95,1005.1,1013.4,,,,7,,18.8
156,堡林,2022-04-22 23:00,15.8,,2.3,250,97,1005.3,1013.6,,,,10,,18.4
156,堡林,2022-04-23 00:00,15.6,,2.5,230,98,1005.3,1013.6,,,,9,,18.1
156,堡林,2022-04-23 01:00,15.4,,1.2,230,99,1005.1,1013.4,,,,10,,17.8
156,堡林,2022-04-23 02:00,15.1,,.8,200,99,1005,1013.3,,,,2,,17.4
156,堡林,2022-04-23 03:00,15.1,,0,0,99,1004.5,1012.8,,,,2,,17.2
156,堡林,2022-04-23 04:00,15.1,,.7,70,99,1004.3,1012.6,,,,9,,16.8
156,堡林,2022-04-23 05:00,15.1,,0,0,99,1004.7,1013,,,,8,,16.6
156,堡林,2022-04-23 06:00,15.3,,.7,70,99,1004.8,1013.1,0,.05,,9,,16.7
156,堡林,2022-04-23 07:00,15.8,,.3,0,99,1005.3,1013.6,0,.16,,8,,17.7
156,堡林,2022-04-23 08:00,16.7,,.7,90,92,1005.7,1014,0,.51,,8,,20.4
156,堡林,2022-04-23 09:00,17.6,,.6,160,80,1005.7,1013.9,.5,1.22,,8,,24.4
156,堡林,2022-04-23 10:00,18.9,,.4,0,75,1005.2,1013.4,.8,1.74,,8,,29.9
156,堡林,2022-04-23 11:00,21,,.9,70,64,1004.5,1012.6,1,2.37,,8,,36.2
156,堡林,2022-04-23 12:00,22.6,,1,90,57,1003.8,1011.9,.9,2.47,,8,,39.2
156,堡林,2022-04-23 13:00,24.4,,1.4,200,49,1003.1,1011.1,1,3.07,,7,,45.3
156,堡林,2022-04-23 14:00,24.9,,1.1,140,46,1002,1010,.8,2.67,,9,,45.4
156,堡林,2022-04-23 15:00,26.5,,.9,320,44,1001.4,1009.4,.7,2.14,,9,,42
156,堡林,2022-04-23 16:00,24.6,,3.3,200,54,1001,1008.9,.1,1.24,,9,,34.8
156,堡林,2022-04-23 17:00,23.7,,3.1,200,59,1001.8,1009.8,.1,.93,,9,,31.5
156,堡林,2022-04-23 18:00,21.7,,4,180,65,1002,1010.1,.1,.47,,9,,26.2
156,堡林,2022-04-23 19:00,20.1,,4.8,230,69,1002.8,1011,0,.17,,10,,22.4
156,堡林,2022-04-23 20:00,19.5,,3.4,200,70,1003.4,1011.5,0,.05,,10,,20
156,堡林,2022-04-23 21:00,19.1,,1.8,200,74,1003.7,1011.8,,,,9,,18.6
156,堡林,2022-04-23 22:00,18.1,,2.1,230,81,1004,1012.2,,,,7,,17.5
156,堡林,2022-04-23 23:00,18,,.7,230,83,1003.6,1011.8,,,,8,,16.8
156,堡林,2022-04-24 00:00,17.8,,.5,20,82,1003.4,1011.6,,,,9,,17
156,堡林,2022-04-24 01:00,17.2,,.1,0,84,1003.2,1011.4,,,,9,,16.7
156,堡林,2022-04-24 02:00,16.7,,.4,0,86,1003,1011.3,,,,6,,16.1
156,堡林,2022-04-24 03:00,17.1,,.2,0,88,1003.5,1011.7,,,,4,,16.7
156,堡林,2022-04-24 04:00,17.2,,.1,0,88,1003.7,1011.9,,,,6,,17.4
156,堡林,2022-04-24 05:00,17.3,,.8,50,89,1003.9,1012.1,,,,6,,17.2
156,堡林,2022-04-24 06:00,16.9,,0,0,91,1003.9,1012.2,0,.06,,8,,17.5
156,堡林,2022-04-24 07:00,17.2,,.3,0,92,1003.8,1012,.3,.25,,8,,16.7
156,堡林,2022-04-24 08:00,18.8,,0,0,87,1003.8,1012,1,.94,,0,,19.4
156,堡林,2022-04-24 09:00,20.2,,.9,250,77,1004.2,1012.4,1,1.65,,2,,26.8
156,堡林,2022-04-24 10:00,21.7,,1.6,230,65,1004,1012.1,1,2.41,,0,,35.5
156,堡林,2022-04-24 11:00,22.7,,1.5,200,60,1003.7,1011.8,1,2.98,,0,,42.8
156,堡林,2022-04-24 12:00,25.7,,1.9,250,55,1003.4,1011.4,1,3.33,,0,,47.9
156,堡林,2022-04-24 13:00,26.1,,1.5,270,51,1002.2,1010.2,1,3.55,,4,,52.3
156,堡林,2022-04-24 14:00,27,,1.5,290,50,1001.6,1009.5,.9,2.99,,0,,48.4
156,堡林,2022-04-24 15:00,27.6,,2.5,250,47,1001.1,1009,1,2.94,,0,,51.1
156,堡林,2022-04-24 16:00,26.6,,2,290,48,1001.1,1009,1,2.42,,0,,47.3
156,堡林,2022-04-24 17:00,25,,2.8,250,54,1001.7,1009.7,1,1.78,,0,,40.2
156,堡林,2022-04-24 18:00,23.1,,1.5,270,60,1002.1,1010.1,1,1.01,,0,,31.5
156,堡林,2022-04-24 19:00,20.7,,1.2,270,73,1002.5,1010.6,.2,.26,,5,,24.7
156,堡林,2022-04-24 20:00,19.5,,.9,290,82,1003.3,1011.4,0,.05,,4,,20.7
156,堡林,2022-04-24 21:00,18.5,,.6,270,90,1004.1,1012.3,,,,3,,18.6
156,堡林,2022-04-24 22:00,17.8,,0,0,94,1004.6,1012.8,,,,1,,17
156,堡林,2022-04-24 23:00,17.3,,0,0,97,1004.5,1012.7,,,,1,,15.8
156,堡林,2022-04-25 00:00,16.5,,1,70,98,1004.4,1012.7,,,,0,,15
156,堡林,2022-04-25 01:00,16.6,,0,0,98,1004.7,1013,,,,9,,15
156,堡林,2022-04-25 02:00,16,,.5,250,99,1004.6,1012.9,,,,8,,14.8
156,堡林,2022-04-25 03:00,16,,0,0,99,1004.4,1012.7,,,,9,,14.6
156,堡林,2022-04-25 04:00,15.5,,0,0,99,1004.2,1012.5,,,,9,,14.5
156,堡林,2022-04-25 05:00,15,,0,0,99,1004.2,1012.5,,,,9,,13.6
156,堡林,2022-04-25 06:00,14.8,,0,0,99,1005,1013.3,0,.06,,9,,13.2
156,堡林,2022-04-25 07:00,15.5,,.6,50,99,1005.2,1013.5,.1,.3,,9,,14.9
156,堡林,2022-04-25 08:00,16.9,,1.8,70,97,1005.2,1013.5,.9,.96,,8,,19.5
156,堡林,2022-04-25 09:00,18,,.3,0,90,1005.5,1013.7,.3,1.1,,8,,23.4
156,堡林,2022-04-25 10:00,20.7,,.3,0,77,1005.3,1013.5,1,2.04,,7,,32.2
156,堡林,2022-04-25 11:00,23.2,,.6,270,59,1004.9,1012.9,1,2.34,,8,,37
156,堡林,2022-04-25 12:00,25,,.6,340,55,1004.4,1012.4,.7,2.28,,8,,39.7
156,堡林,2022-04-25 13:00,25.7,,.5,20,51,1003.2,1011.2,.1,1.96,,9,,38.3
156,堡林,2022-04-25 14:00,26.2,,1.6,180,44,1002.3,1010.3,0,1.47,,9,,36.2
156,堡林,2022-04-25 15:00,25.7,,2.9,200,45,1001.4,1009.4,0,1.13,,9,,33.2
156,堡林,2022-04-25 16:00,25.5,,3.8,200,48,1000.9,1008.9,0,1.14,,10,,32.7
156,堡林,2022-04-25 17:00,24.6,,1.8,200,51,1000.9,1008.8,0,.64,,10,,29.1
156,堡林,2022-04-25 18:00,23.1,,1.6,110,57,1000.2,1008.2,0,.25,,10,,25.3
156,堡林,2022-04-25 19:00,22,,1.8,160,59,1000.6,1008.7,0,.1,,10,,22.8
156,堡林,2022-04-25 20:00,21.4,0,2.2,230,65,1001.7,1009.8,0,.05,,10,,21.5
156,堡林,2022-04-25 21:00,17.9,2.7,1.7,70,99,999.7,1007.9,,,,10,,18.9
156,堡林,2022-04-25 22:00,17.5,.9,1.8,70,99,998,1006.2,,,,10,,18.7
156,堡林,2022-04-25 23:00,17.3,6.7,3.8,70,99,997,1005.2,,,,10,,18.2
156,堡林,2022-04-26 00:00,16.9,14.1,.7,50,99,997.6,1005.8,,,,10,,17.7
156,堡林,2022-04-26 01:00,16.9,.7,1.7,70,99,995.8,1004,,,,10,,17.9
156,堡林,2022-04-26 02:00,17.3,.5,.3,0,99,994.7,1002.9,,,,10,,18.2
156,堡林,2022-04-26 03:00,17.6,.3,.2,0,99,994,1002.1,,,,10,,18.4
156,堡林,2022-04-26 04:00,18.2,.2,.7,200,99,993.5,1001.6,,,,10,,18.7
156,堡林,2022-04-26 05:00,18.9,.2,2.5,230,99,993.4,1001.5,,,,10,,19
156,堡林,2022-04-26 06:00,18.8,1,3.4,250,99,993.4,1001.5,0,.06,,10,,19.1
156,堡林,2022-04-26 07:00,18.3,.5,3.2,230,99,993.5,1001.6,0,.07,,10,,18.9
156,堡林,2022-04-26 08:00,18.3,.8,3.7,230,99,993.6,1001.7,0,.11,,10,,19.2
156,堡林,2022-04-26 09:00,18.3,.9,3.4,230,99,993.2,1001.3,0,.19,,10,,19.6
156,堡林,2022-04-26 10:00,18.1,.2,3.3,230,99,993.6,1001.7,0,.23,,10,,19.8
156,堡林,2022-04-26 11:00,18.4,0,2,230,99,993.6,1001.7,0,.4,,10,,21.1
156,堡林,2022-04-26 12:00,19,0,2.4,200,99,993.7,1001.8,0,.78,,10,,23.5
156,堡林,2022-04-26 13:00,18.7,,1.5,270,99,993.7,1001.8,0,.68,,10,,22.6
156,堡林,2022-04-26 14:00,18.4,0,2.2,270,99,994.2,1002.3,0,.31,,10,,21.4
156,堡林,2022-04-26 15:00,17.5,.5,.8,320,99,994.6,1002.7,0,.36,,10,,21.1
156,堡林,2022-04-26 16:00,17.9,0,.2,0,99,994.4,1002.5,0,.36,,10,,21
156,堡林,2022-04-26 17:00,18.2,,.5,270,99,995.3,1003.4,0,.28,,10,,20.5
156,堡林,2022-04-26 18:00,18.1,,.1,0,99,995.8,1003.9,0,.14,,10,,20
156,堡林,2022-04-26 19:00,18.5,,.1,0,99,997,1005.1,0,.15,,10,,19.3
156,堡林,2022-04-26 20:00,17.7,,.5,360,99,998.2,1006.4,0,.06,,7,,17.4
156,堡林,2022-04-26 21:00,17.3,,.1,0,99,999.3,1007.5,,,,0,,16.2
156,堡林,2022-04-26 22:00,16.3,,.1,0,99,1000.1,1008.3,,,,0,,15.4
156,堡林,2022-04-26 23:00,16.3,,.2,0,99,1000.6,1008.9,,,,0,,14.9
156,堡林,2022-04-27 00:00,15.6,,1.1,250,99,1001.1,1009.4,,,,2,,14.4
156,堡林,2022-04-27 01:00,15.1,,1,250,98,1001.7,1010,,,,0,,13.8
156,堡林,2022-04-27 02:00,15.5,,.8,340,98,1001.9,1010.2,,,,1,,13.6
156,堡林,2022-04-27 03:00,14.2,,1.1,50,99,1002.6,1010.9,,,,0,,13
156,堡林,2022-04-27 04:00,15,,3.4,50,64,1003.2,1011.5,,,,4,,12.1
156,堡林,2022-04-27 05:00,14.1,,2.8,70,62,1003.9,1012.2,,,,2,,11.3
156,堡林,2022-04-27 06:00,12,,2.5,70,67,1004.3,1012.7,0,.05,,6,,10.5
156,堡林,2022-04-27 07:00,14.7,,1.4,20,49,1004.7,1013,.3,.32,,4,,11.8
156,堡林,2022-04-27 08:00,15.6,,3.4,50,51,1005.5,1013.8,.9,1.05,,6,,14.5
156,堡林,2022-04-27 09:00,17,,1.9,50,49,1006,1014.3,1,1.86,,6,,20
156,堡林,2022-04-27 10:00,17.2,,1.9,50,46,1006.7,1015,1,1.99,,7,,22.2
156,堡林,2022-04-27 11:00,19.1,,.8,70,37,1006.6,1014.8,1,2.68,,7,,27.2
156,堡林,2022-04-27 12:00,20.1,,1.3,250,31,1006.5,1014.7,1,2.93,,8,,28.7
156,堡林,2022-04-27 13:00,22.2,,.9,340,34,1006.5,1014.6,1,3.22,,7,,31
156,堡林,2022-04-27 14:00,22.5,,1.1,270,33,1006.3,1014.4,1,3.04,,7,,31.7
156,堡林,2022-04-27 15:00,23.6,,1.1,270,35,1006.1,1014.1,1,3.11,,6,,33
156,堡林,2022-04-27 16:00,21.7,,1.5,290,41,1006.1,1014.2,.9,1.8,,8,,27.5
156,堡林,2022-04-27 17:00,22.1,,1.7,290,43,1005.8,1013.9,1,1.74,,5,,26.4
156,堡林,2022-04-27 18:00,20.8,,1.7,270,45,1006.5,1014.7,1,.97,,3,,22.2
156,堡林,2022-04-27 19:00,18.5,,1.1,290,53,1007.5,1015.7,.3,.29,,0,,18.3
156,堡林,2022-04-27 20:00,15.7,,1.8,250,54,1008.6,1016.9,0,.05,,4,,15.8
156,堡林,2022-04-27 21:00,14.5,,1.4,250,50,1009.5,1017.9,,,,6,,14.5
156,堡林,2022-04-27 22:00,14.1,,2.1,230,57,1010,1018.4,,,,6,,13.6
156,堡林,2022-04-27 23:00,13.1,,1.5,230,58,1009.8,1018.2,,,,7,,12.9
156,堡林,2022-04-28 00:00,12.9,,1.1,270,58,1010,1018.4,,,,6,,12.4
156,堡林,2022-04-28 01:00,12.3,,.4,0,68,1010,1018.5,,,,6,,12.2
156,堡林,2022-04-28 02:00,11.9,,.3,0,74,1009.7,1018.2,,,,6,,11.9
156,堡林,2022-04-28 03:00,11.5,,0,0,79,1009.6,1018.1,,,,2,,11.4
156,堡林,2022-04-28 04:00,11,,.1,0,84,1009.6,1018.1,,,,0,,10.8
156,堡林,2022-04-28 05:00,10.6,,.2,0,84,1009.7,1018.2,,,,0,,10.4
156,堡林,2022-04-28 06:00,10.8,,0,0,86,1009.5,1018,0,.05,,0,,10.2
156,堡林,2022-04-28 07:00,11,,0,0,92,1009.7,1018.2,.1,.31,,2,,11.7
156,堡林,2022-04-28 08:00,13.1,,.4,0,76,1010.2,1018.6,1,.92,,0,,14.6
156,堡林,2022-04-28 09:00,15.3,,.3,0,69,1010.2,1018.6,1,1.69,,4,,20
156,堡林,2022-04-28 10:00,17.7,,.4,0,60,1009,1017.3,1,2.38,,0,,25.1
156,堡林,2022-04-28 11:00,18.6,,1.2,200,55,1008.6,1016.8,1,2.76,,2,,28.3
156,堡林,2022-04-28 12:00,21.8,,.7,340,57,1007.4,1015.5,.8,2.89,,8,,30.7
156,堡林,2022-04-28 13:00,24.1,,1.5,230,53,1006.7,1014.7,.7,2.61,,8,,32
156,堡林,2022-04-28 14:00,23.9,,3.2,200,41,1006.2,1014.2,.4,2.07,,8,,30.1
156,堡林,2022-04-28 15:00,23.4,,2.7,250,46,1006,1014,.4,2.04,,8,,29.5
156,堡林,2022-04-28 16:00,23.2,,2.1,250,47,1005.8,1013.8,.6,1.81,,7,,29.1
156,堡林,2022-04-28 17:00,19.6,,1.7,340,59,1005.7,1013.8,.4,1.16,,7,,24.7
156,堡林,2022-04-28 18:00,18.1,,.9,320,56,1005.9,1014.1,.1,.61,,9,,21
156,堡林,2022-04-28 19:00,17.5,,.5,250,59,1005.6,1013.8,0,.18,,8,,18.6
156,堡林,2022-04-28 20:00,17.2,,2,70,64,1005.5,1013.7,0,.06,,10,,17.6
156,堡林,2022-04-28 21:00,17,,2.3,50,65,1005.9,1014.2,,,,8,,17
156,堡林,2022-04-28 22:00,16.7,,1.5,70,68,1005.5,1013.8,,,,10,,16.6
156,堡林,2022-04-28 23:00,16.6,,.6,50,71,1005.4,1013.7,,,,10,,16.5
156,堡林,2022-04-29 00:00,16.6,,1.5,230,69,1006.2,1014.5,,,,10,,16.4
156,堡林,2022-04-29 01:00,15,0,1,200,76,1005.2,1013.6,,,,10,,15.7
156,堡林,2022-04-29 02:00,13.1,.7,2.4,230,97,1005.5,1013.9,,,,10,,15.3
156,堡林,2022-04-29 03:00,12.2,2.5,1.2,230,99,1004.5,1012.9,,,,10,,14.6
156,堡林,2022-04-29 04:00,12.1,4.3,.1,0,99,1003.9,1012.3,,,,10,,14.3
156,堡林,2022-04-29 05:00,11.4,3.3,.8,290,99,1003,1011.4,,,,10,,14
156,堡林,2022-04-29 06:00,10.7,2.5,1.1,290,99,1003.1,1011.6,0,.06,,10,,13.5
156,堡林,2022-04-29 07:00,10.9,.7,.3,0,99,1003.7,1012.2,0,.09,,10,,13.6
156,堡林,2022-04-29 08:00,11.4,1.1,0,0,99,1004,1012.4,0,.18,,10,,14.4
156,堡林,2022-04-29 09:00,11.7,.4,.4,0,99,1004.7,1013.1,0,.19,,10,,14.8
156,堡林,2022-04-29 10:00,12,,1.3,70,99,1005.5,1013.9,0,.36,,10,,15.9
156,堡林,2022-04-29 11:00,13.5,,1.6,70,99,1005.6,1014,0,.93,,9,,19.2
156,堡林,2022-04-29 12:00,15,,1.3,50,89,1005.8,1014.2,.5,2.32,,8,,24.4
156,堡林,2022-04-29 13:00,16.7,,1.6,90,77,1005.6,1013.9,.9,3.16,,5,,28.8
156,堡林,2022-04-29 14:00,17.8,,.8,360,64,1005.9,1014.1,.7,2.67,,7,,28.8
156,堡林,2022-04-29 15:00,18.9,,1.2,50,60,1005.2,1013.4,.7,2.4,,7,,29.5
156,堡林,2022-04-29 16:00,18.2,,2,50,60,1005.5,1013.7,.1,.95,,8,,23.1
156,堡林,2022-04-29 17:00,18.8,,1.3,360,57,1006.3,1014.5,.5,1.22,,7,,24
156,堡林,2022-04-29 18:00,17.4,,2.1,50,59,1007,1015.3,.9,1.1,,9,,21.1
156,堡林,2022-04-29 19:00,15.8,,2.2,70,67,1007.5,1015.8,.7,.38,,6,,17.7
156,堡林,2022-04-29 20:00,14.8,,1.2,70,76,1008.2,1016.5,0,.06,,10,,16.8
156,堡林,2022-04-29 21:00,14.5,,2.1,200,88,1009.8,1018.2,,,,10,,16.2
156,堡林,2022-04-29 22:00,14,,2.5,200,86,1010.8,1019.2,,,,10,,15.6
156,堡林,2022-04-29 23:00,13.6,,2.8,230,87,1011.2,1019.6,,,,9,,15.3
156,堡林,2022-04-30 00:00,13.4,,2.4,230,85,1011.4,1019.8,,,,10,,15
156,堡林,2022-04-30 01:00,13,,1.1,160,73,1011.2,1019.6,,,,9,,14.5
156,堡林,2022-04-30 02:00,12.7,,2,230,73,1011.3,1019.8,,,,10,,14.1
156,堡林,2022-04-30 03:00,12.5,,1.9,200,71,1011.4,1019.9,,,,8,,13.7
156,堡林,2022-04-30 04:00,12.3,,2.3,200,72,1011.6,1020.1,,,,8,,13.5
156,堡林,2022-04-30 05:00,12.2,,.6,200,71,1011.7,1020.2,,,,8,,13.4
156,堡林,2022-04-30 06:00,12.1,,1.8,200,73,1011.7,1020.2,0,.06,,9,,13.3
156,堡林,2022-04-30 07:00,12.5,,.7,200,70,1011.9,1020.4,0,.21,,9,,14.1
156,堡林,2022-04-30 08:00,13.5,,.4,0,71,1011.6,1020,0,.63,,9,,16.6
156,堡林,2022-04-30 09:00,14.2,,.6,360,67,1011.5,1019.9,.2,1.17,,9,,19.1
156,堡林,2022-04-30 10:00,14.8,,.9,250,62,1011.5,1019.9,0,1.14,,9,,20.9
156,堡林,2022-04-30 11:00,16.5,,1.9,230,63,1011.1,1019.4,.2,1.84,,9,,24.8
156,堡林,2022-04-30 12:00,15.7,,.9,340,63,1010.7,1019.1,0,1.51,,9,,22.9
156,堡林,2022-04-30 13:00,14.6,,1.4,290,73,1010.1,1018.5,0,.8,,9,,19.3
156,堡林,2022-04-30 14:00,15.1,,1.1,20,78,1009.6,1018,0,.56,,8,,19.4
156,堡林,2022-04-30 15:00,14.9,,1.3,360,74,1009.1,1017.5,0,.63,,9,,19.2
156,堡林,2022-04-30 16:00,16.5,,1.5,320,66,1008.4,1016.7,.4,1.62,,6,,23.9
156,堡林,2022-04-30 17:00,16.1,,1.6,340,65,1007.9,1016.2,1,1.81,,5,,22.7
156,堡林,2022-04-30 18:00,14.8,,.6,20,73,1007.8,1016.1,.9,.87,,4,,18.5
156,堡林,2022-04-30 19:00,13.3,,1.1,320,76,1008,1016.4,0,.27,,8,,15.3
156,堡林,2022-04-30 20:00,12.8,,1.4,290,82,1008.2,1016.6,0,.05,,10,,14
156,堡林,2022-04-30 21:00,12.1,,.9,320,88,1008.6,1017.1,,,,9,,13.6
156,堡林,2022-04-30 22:00,11.6,,.9,320,89,1009.3,1017.8,,,,10,,13.1
156,堡林,2022-04-30 23:00,11.3,,1.3,320,88,1009,1017.5,,,,10,,12.7
156,堡林,2022-05-01 00:00,11.2,,.6,50,85,1008.8,1017.3,,,,10,,12.3
156,堡林,2022-05-01 01:00,11.1,,.6,20,84,1008.7,1017.2,,,,10,,12.2
156,堡林,2022-05-01 02:00,10.8,,.9,320,88,1008.5,1017,,,,9,,11.6
156,堡林,2022-05-01 03:00,10.3,,.8,50,89,1008.1,1016.6,,,,8,,10.8
156,堡林,2022-05-01 04:00,9.5,,1,50,78,1007.8,1016.3,,,,5,,9.4
156,堡林,2022-05-01 05:00,8.5,,.8,50,86,1007.6,1016.2,,,,4,,8.5
156,堡林,2022-05-01 06:00,8.8,,.8,50,84,1007.4,1015.9,0,.06,,7,,8.4
156,堡林,2022-05-01 07:00,9.3,,.9,50,83,1007.7,1016.2,.1,.28,,0,,9.5
156,堡林,2022-05-01 08:00,11.2,,1.1,50,70,1007.9,1016.4,1,1.1,,2,,12.2
156,堡林,2022-05-01 09:00,12.8,,.7,250,61,1007.8,1016.2,1,1.96,,0,,18.5
156,堡林,2022-05-01 10:00,14.7,,.8,320,51,1007.5,1015.8,1,2.66,,0,,24.2
156,堡林,2022-05-01 11:00,16.5,,1.3,320,37,1007.6,1015.9,1,3.21,,0,,28
156,堡林,2022-05-01 12:00,17.4,,1.5,320,34,1006.9,1015.2,1,3.52,,0,,30
156,堡林,2022-05-01 13:00,18.3,,1.6,20,29,1006.4,1014.6,1,3.67,,0,,31.2
156,堡林,2022-05-01 14:00,18.3,,1.9,340,20,1006.4,1014.6,1,3.54,,0,,31.3
156,堡林,2022-05-01 15:00,19,,1.5,360,22,1006.1,1014.3,1,3.2,,0,,31.9
156,堡林,2022-05-01 16:00,18.3,,2.2,320,23,1005.6,1013.8,1,2.66,,0,,30.5
156,堡林,2022-05-01 17:00,17.4,,1.4,290,25,1005.5,1013.7,1,1.95,,0,,26.7
156,堡林,2022-05-01 18:00,16.7,,1.8,320,24,1005.8,1014.1,1,1.15,,3,,20.3
156,堡林,2022-05-01 19:00,14.9,,1.2,320,30,1006.2,1014.6,.8,.31,,0,,15.6
156,堡林,2022-05-01 20:00,13.3,,.9,290,37,1006.7,1015.1,0,.06,,0,,13.1
156,堡林,2022-05-01 21:00,12.7,,1,250,46,1007.1,1015.5,,,,0,,11.7
156,堡林,2022-05-01 22:00,12.3,,1.1,250,52,1007.2,1015.6,,,,0,,10.8
156,堡林,2022-05-01 23:00,11.7,,2.2,230,56,1007.1,1015.6,,,,0,,10.1
156,堡林,2022-05-02 00:00,11,,2.1,230,76,1007,1015.5,,,,0,,9.8
156,堡林,2022-05-02 01:00,10.5,,2.2,230,74,1006.8,1015.3,,,,0,,9.4
156,堡林,2022-05-02 02:00,10.4,,2,230,77,1006.5,1015,,,,0,,9.1
156,堡林,2022-05-02 03:00,10,,1.6,230,81,1006.3,1014.8,,,,0,,8.8
156,堡林,2022-05-02 04:00,9.8,,.7,200,81,1006.5,1015,,,,0,,8.5
156,堡林,2022-05-02 05:00,9.3,,.9,180,84,1006.4,1014.9,,,,0,,8.3
156,堡林,2022-05-02 06:00,9.2,,1.4,230,87,1006,1014.5,0,.06,,6,,8.2
156,堡林,2022-05-02 07:00,9.7,,.5,250,86,1006,1014.5,.7,.39,,1,,9.5
156,堡林,2022-05-02 08:00,11.6,,.6,230,81,1006.2,1014.7,1,1.06,,0,,12.9
156,堡林,2022-05-02 09:00,13.7,,1.1,200,73,1006.3,1014.7,1,1.86,,3,,19.2
156,堡林,2022-05-02 10:00,16,,1.3,200,69,1006.2,1014.5,1,2.57,,3,,25.4
156,堡林,2022-05-02 11:00,17.2,,1.1,230,58,1006.1,1014.4,1,3.14,,0,,30
156,堡林,2022-05-02 12:00,18.9,,1.4,250,45,1005.7,1013.9,1,3.53,,6,,34.4
156,堡林,2022-05-02 13:00,19.9,,1.3,320,38,1005.2,1013.4,.8,2.87,,6,,31.4
156,堡林,2022-05-02 14:00,21.3,,1.3,320,22,1004.9,1013,1,3.75,,7,,38.1
156,堡林,2022-05-02 15:00,20.1,,1.8,270,23,1004.8,1013,1,3.18,,0,,37.2
156,堡林,2022-05-02 16:00,19.1,,1.2,340,28,1004.9,1013.1,.9,2.13,,4,,31.8
156,堡林,2022-05-02 17:00,18.9,,1.7,320,26,1005.5,1013.7,1,1.89,,8,,29.7
156,堡林,2022-05-02 18:00,16.9,,1.7,340,24,1005.9,1014.2,.6,.95,,6,,22.9
156,堡林,2022-05-02 19:00,14.8,,1.8,320,38,1006.6,1014.9,1,.33,,0,,17.5
156,堡林,2022-05-02 20:00,13.2,,1.6,320,37,1007.5,1015.9,0,.06,,0,,14.4
156,堡林,2022-05-02 21:00,11.9,,1.3,50,39,1008.7,1017.2,,,,0,,12.5
156,堡林,2022-05-02 22:00,12.2,,1.9,50,40,1009.2,1017.7,,,,0,,11.3
156,堡林,2022-05-02 23:00,11.5,,.6,290,45,1009.7,1018.2,,,,0,,10.3
156,堡林,2022-05-03 00:00,10.4,,.1,0,50,1010,1018.5,,,,0,,9.4
156,堡林,2022-05-03 01:00,10.1,,.6,230,53,1010.5,1019.1,,,,0,,8.7
156,堡林,2022-05-03 02:00,8.8,,.8,180,59,1010.7,1019.3,,,,0,,8
156,堡林,2022-05-03 03:00,8.2,,0,0,63,1010.8,1019.4,,,,0,,7.5
156,堡林,2022-05-03 04:00,8.2,,.1,0,71,1011.1,1019.7,,,,0,,7
156,堡林,2022-05-03 05:00,7.7,,0,0,77,1011.5,1020.1,,,,0,,6.7
156,堡林,2022-05-03 06:00,7.2,,.2,0,82,1012,1020.6,0,.06,,0,,6.6
156,堡林,2022-05-03 07:00,7.9,,0,0,79,1012.2,1020.8,.8,.42,,0,,7.6
156,堡林,2022-05-03 08:00,10.3,,0,0,67,1012.6,1021.2,1,1.17,,0,,10.9
156,堡林,2022-05-03 09:00,12,,.8,250,63,1012.9,1021.4,1,1.96,,0,,18.3
156,堡林,2022-05-03 10:00,14.9,,.7,250,54,1013.3,1021.7,1,2.66,,0,,26
156,堡林,2022-05-03 11:00,16.5,,.9,290,37,1013.4,1021.7,1,3.21,,0,,32
156,堡林,2022-05-03 12:00,18.1,,1.6,200,33,1013,1021.3,1,3.55,,0,,36.7
156,堡林,2022-05-03 13:00,20.4,,1.5,230,27,1012.6,1020.8,1,3.74,,0,,39.8
156,堡林,2022-05-03 14:00,20.8,,1.3,230,31,1012.1,1020.3,1,3.56,,0,,41.1
156,堡林,2022-05-03 15:00,21.3,,1,230,27,1011.3,1019.5,1,3.16,,0,,40.7
156,堡林,2022-05-03 16:00,21.7,,2.4,200,26,1010.7,1018.9,1,2.62,,0,,38.7
156,堡林,2022-05-03 17:00,21.7,,1.8,250,32,1010.7,1018.9,1,1.89,,0,,34.2
156,堡林,2022-05-03 18:00,20.2,,1.9,250,32,1010.8,1019,1,1.12,,0,,26.3
156,堡林,2022-05-03 19:00,17.9,,2.1,250,39,1011.1,1019.4,1,.33,,0,,20.4
156,堡林,2022-05-03 20:00,16.3,,1.5,250,44,1011.5,1019.8,0,.06,,0,,17
156,堡林,2022-05-03 21:00,15.5,,1.3,230,45,1012.3,1020.7,,,,0,,15
156,堡林,2022-05-03 22:00,14.6,,1.7,200,50,1012.5,1020.9,,,,0,,13.7
156,堡林,2022-05-03 23:00,13.6,,.4,0,54,1012.5,1020.9,,,,0,,12.5
156,堡林,2022-05-04 00:00,13,,.3,0,58,1012.5,1021,,,,0,,11.5
156,堡林,2022-05-04 01:00,12.1,,.4,0,66,1012.6,1021.1,,,,0,,10.8
156,堡林,2022-05-04 02:00,11.5,,.4,0,66,1012.4,1020.9,,,,0,,10
156,堡林,2022-05-04 03:00,10.5,,0,0,71,1012.4,1021,,,,0,,9.2
156,堡林,2022-05-04 04:00,10.1,,0,0,77,1012,1020.6,,,,0,,8.8
156,堡林,2022-05-04 05:00,9.4,,0,0,87,1012.1,1020.7,,,,0,,8.3
156,堡林,2022-05-04 06:00,8.6,,.2,0,91,1012.5,1021.1,0,.06,,0,,8.2
156,堡林,2022-05-04 07:00,9.3,,0,0,86,1012.9,1021.5,.8,.43,,0,,9.2
156,堡林,2022-05-04 08:00,12.4,,.2,0,66,1013,1021.5,1,1.18,,0,,13
156,堡林,2022-05-04 09:00,15.4,,.2,0,56,1013.1,1021.5,1,1.91,,0,,20.7
156,堡林,2022-05-04 10:00,17.6,,1,270,42,1013.2,1021.5,1,2.59,,0,,28
156,堡林,2022-05-04 11:00,20.3,,1.4,270,29,1012.9,1021.1,1,3.14,,0,,34.6
156,堡林,2022-05-04 12:00,21.4,,2,270,29,1012.5,1020.7,1,3.5,,0,,39.3
156,堡林,2022-05-04 13:00,23.6,,1.8,230,34,1012.2,1020.3,1,3.61,,0,,42.6
156,堡林,2022-05-04 14:00,23.8,,1.7,250,29,1011.5,1019.6,1,3.47,,0,,44.1
156,堡林,2022-05-04 15:00,25.1,,1.6,200,34,1010.7,1018.8,1,3.09,,0,,44
156,堡林,2022-05-04 16:00,24.7,,2.6,250,37,1010.2,1018.2,1,2.53,,0,,41.2
156,堡林,2022-05-04 17:00,23.5,,1.4,270,41,1010.2,1018.3,1,1.86,,0,,36
156,堡林,2022-05-04 18:00,22.6,,1.8,250,43,1010.2,1018.3,1,1.09,,0,,28.5
156,堡林,2022-05-04 19:00,20.5,,1.4,270,43,1010.5,1018.7,1,.35,,0,,22.4
156,堡林,2022-05-04 20:00,18.9,,1.4,270,45,1011.2,1019.4,0,.06,,0,,18.8
156,堡林,2022-05-04 21:00,17.3,,1.5,230,50,1011.8,1020.1,,,,0,,16.7
156,堡林,2022-05-04 22:00,16.8,,1.5,200,57,1012.2,1020.5,,,,0,,15.5
156,堡林,2022-05-04 23:00,16.1,,.5,200,57,1012.1,1020.5,,,,0,,14.3
156,堡林,2022-05-05 00:00,14.9,,.2,0,69,1012.3,1020.7,,,,0,,13.4
156,堡林,2022-05-05 01:00,14.1,,0,0,72,1012,1020.4,,,,3,,12.6
156,堡林,2022-05-05 02:00,13.8,,0,0,78,1012,1020.4,,,,0,,12
156,堡林,2022-05-05 03:00,12.9,,0,0,83,1012,1020.5,,,,0,,11.4
156,堡林,2022-05-05 04:00,12.3,,.6,270,83,1011.9,1020.4,,,,0,,10.8
156,堡林,2022-05-05 05:00,11.4,,.2,0,90,1011.9,1020.4,,,,0,,10.2
156,堡林,2022-05-05 06:00,10.9,,.1,0,94,1012.1,1020.6,0,.06,,0,,9.8
156,堡林,2022-05-05 07:00,12.6,,.2,0,86,1012.3,1020.8,.8,.47,,0,,10.8
156,堡林,2022-05-05 08:00,15.1,,.2,0,75,1012.7,1021.1,1,1.22,,0,,14.7
156,堡林,2022-05-05 09:00,17.9,,.4,0,61,1012.7,1021,1,2,,0,,23.2
156,堡林,2022-05-05 10:00,20.3,,.8,250,55,1012.8,1021,1,2.69,,0,,31.3
156,堡林,2022-05-05 11:00,21.6,,1.8,250,49,1012.6,1020.8,1,3.23,,0,,38.2
156,堡林,2022-05-05 12:00,22.2,,1.3,270,43,1012.1,1020.2,1,3.56,,0,,42.6
156,堡林,2022-05-05 13:00,23.9,,1.4,270,42,1011.2,1019.3,1,3.69,,0,,46.2
156,堡林,2022-05-05 14:00,24.6,,1.5,230,40,1010.5,1018.5,1,3.53,,0,,47.7
156,堡林,2022-05-05 15:00,25.9,,1.9,270,39,1009.7,1017.7,1,3.17,,0,,47.1
156,堡林,2022-05-05 16:00,26,,1.7,250,35,1008.9,1016.9,1,2.62,,0,,44.3
156,堡林,2022-05-05 17:00,26.2,,2.4,250,36,1008,1016,1,1.94,,0,,39.5
156,堡林,2022-05-05 18:00,24.7,,2.2,230,45,1008.2,1016.2,1,1.15,,0,,30.4
156,堡林,2022-05-05 19:00,22.5,,2.3,250,52,1008.4,1016.5,1,.34,,0,,24.1
156,堡林,2022-05-05 20:00,20.9,,2.7,200,60,1009.2,1017.4,0,.06,,0,,20.7
156,堡林,2022-05-05 21:00,19.7,,2.1,230,65,1009.7,1017.9,,,,0,,18.8
156,堡林,2022-05-05 22:00,19.1,,2.3,200,64,1010,1018.2,,,,0,,17.6
156,堡林,2022-05-05 23:00,19.1,,1.2,200,65,1010,1018.2,,,,0,,16.7
156,堡林,2022-05-06 00:00,18.1,,.4,0,71,1009.9,1018.1,,,,0,,15.5
156,堡林,2022-05-06 01:00,17.4,,.2,0,77,1009.7,1018,,,,0,,15
156,堡林,2022-05-06 02:00,16.4,,1.1,90,83,1009.5,1017.8,,,,0,,14.4
156,堡林,2022-05-06 03:00,15.6,,0,0,89,1009,1017.4,,,,0,,13.8
156,堡林,2022-05-06 04:00,15,,.7,90,89,1008.8,1017.2,,,,3,,13.3
156,堡林,2022-05-06 05:00,14.8,,.1,0,90,1008.8,1017.1,,,,0,,13
156,堡林,2022-05-06 06:00,14.4,,.4,0,92,1008.9,1017.3,0,.07,,0,,13
156,堡林,2022-05-06 07:00,15.5,,0,0,88,1009.3,1017.7,.8,.45,,0,,13.9
156,堡林,2022-05-06 08:00,17.7,,.1,0,76,1009.4,1017.7,1,1.17,,0,,17.6
156,堡林,2022-05-06 09:00,19.9,,.2,0,63,1009.4,1017.6,1,1.94,,0,,25.7
156,堡林,2022-05-06 10:00,22.3,,.5,180,56,1009.3,1017.4,1,2.61,,0,,34.2
156,堡林,2022-05-06 11:00,23.4,,.8,200,46,1008.8,1016.9,1,3.14,,0,,40.7
156,堡林,2022-05-06 12:00,25.3,,1.2,230,42,1008.5,1016.6,1,3.55,,1,,46.3
156,堡林,2022-05-06 13:00,25.6,,1.2,290,37,1007.9,1015.9,1,3.7,,3,,49.4
156,堡林,2022-05-06 14:00,27.1,,1.8,250,41,1007.1,1015.1,1,3.53,,1,,50.5
156,堡林,2022-05-06 15:00,27.4,,1.2,230,38,1006.8,1014.8,1,3.08,,5,,48.1
156,堡林,2022-05-06 16:00,25.8,,1.3,50,41,1006.3,1014.3,.6,1.99,,5,,38.3
156,堡林,2022-05-06 17:00,25.9,,1.4,320,44,1006.2,1014.2,.9,1.78,,4,,38.7
156,堡林,2022-05-06 18:00,25,,1,320,45,1006.2,1014.2,1,1.12,,0,,30.5
156,堡林,2022-05-06 19:00,23.3,,.9,360,50,1006.5,1014.5,.9,.34,,0,,24.7
156,堡林,2022-05-06 20:00,21.8,,.7,290,54,1007.2,1015.3,0,.06,,0,,21.3
156,堡林,2022-05-06 21:00,20.7,,.1,0,61,1008,1016.2,,,,1,,19.5
156,堡林,2022-05-06 22:00,19.9,,.8,270,69,1008.5,1016.7,,,,9,,19.7
156,堡林,2022-05-06 23:00,18.3,,1.3,230,82,1008.5,1016.7,,,,0,,17.3
156,堡林,2022-05-07 00:00,17.6,,1,250,87,1008.7,1017,,,,0,,16.2
156,堡林,2022-05-07 01:00,17.5,,.2,0,87,1008.6,1016.9,,,,0,,15.5
156,堡林,2022-05-07 02:00,17.2,,.6,250,88,1008.4,1016.7,,,,2,,14.9
156,堡林,2022-05-07 03:00,16.2,,.6,70,92,1008.2,1016.5,,,,0,,14.4
156,堡林,2022-05-07 04:00,16.1,,2,70,93,1008.6,1016.9,,,,0,,14.3
156,堡林,2022-05-07 05:00,15.3,,.7,250,97,1008.6,1017,,,,2,,13.7
156,堡林,2022-05-07 06:00,14.6,,.8,320,98,1009,1017.4,0,.07,,2,,13.8
156,堡林,2022-05-07 07:00,15.6,,.4,0,97,1009.3,1017.7,.7,.43,,2,,15.3
156,堡林,2022-05-07 08:00,17.6,,.7,70,89,1009.9,1018.2,1,1.1,,6,,19.4
156,堡林,2022-05-07 09:00,19.9,,1.5,50,78,1010,1018.2,1,1.69,,7,,26.3
156,堡林,2022-05-07 10:00,20.8,,1,290,69,1010.1,1018.3,.8,1.87,,7,,29.4
156,堡林,2022-05-07 11:00,21.8,,1.9,20,64,1010.1,1018.2,.8,2.39,,8,,35.3
156,堡林,2022-05-07 12:00,21.6,,1.6,320,64,1009.9,1018.1,.8,2.63,,6,,37.1
156,堡林,2022-05-07 13:00,23.7,,1.7,320,54,1009.2,1017.3,.8,2.99,,6,,44.9
156,堡林,2022-05-07 14:00,23.9,,1.3,320,47,1008.4,1016.4,1,3.49,,0,,47.6
156,堡林,2022-05-07 15:00,23.8,,2,290,55,1008.1,1016.1,1,2.98,,0,,46.1
156,堡林,2022-05-07 16:00,22.2,,2.3,290,46,1008.2,1016.3,1,2.38,,0,,41.4
156,堡林,2022-05-07 17:00,22,,1.5,320,37,1008.2,1016.3,1,1.76,,0,,36.2
156,堡林,2022-05-07 18:00,20.3,,1.4,340,55,1008.5,1016.7,1,1.14,,0,,28.1
156,堡林,2022-05-07 19:00,18.5,,1.5,50,56,1008.8,1017,.6,.31,,1,,21.6
156,堡林,2022-05-07 20:00,17.1,,.9,20,43,1009.7,1018,0,.06,,6,,18
156,堡林,2022-05-07 21:00,15.4,,.9,70,47,1010.3,1018.7,,,,3,,15.9
156,堡林,2022-05-07 22:00,14.7,,1,70,44,1010.7,1019.1,,,,0,,14.4
156,堡林,2022-05-07 23:00,14.3,,1,70,44,1010.7,1019.1,,,,0,,13.3
156,堡林,2022-05-08 00:00,13.5,,1.3,70,40,1010.7,1019.1,,,,0,,12.5
156,堡林,2022-05-08 01:00,12.8,,1.3,70,44,1010.6,1019,,,,10,,11.9
156,堡林,2022-05-08 02:00,13.3,,.6,200,47,1010.7,1019.1,,,,10,,12.4
156,堡林,2022-05-08 03:00,12.7,,.8,270,53,1010.4,1018.8,,,,8,,12.2
156,堡林,2022-05-08 04:00,12.6,,0,0,57,1010.4,1018.8,,,,7,,14.2
156,堡林,2022-05-08 05:00,13.2,,0,0,56,1010.5,1018.9,,,,10,,15
156,堡林,2022-05-08 06:00,13.3,,.3,0,57,1011.2,1019.6,0,.06,,10,,15.3
156,堡林,2022-05-08 07:00,13.6,,0,0,56,1011.3,1019.7,.3,.33,,1,,15.5
156,堡林,2022-05-08 08:00,16.1,,.2,0,57,1011.7,1020.1,1,1.11,,3,,18.2
156,堡林,2022-05-08 09:00,17.6,,.2,0,60,1011.3,1019.6,1,1.8,,3,,24.4
156,堡林,2022-05-08 10:00,19.9,,.4,0,54,1010.9,1019.1,1,2.45,,2,,31.6
156,堡林,2022-05-08 11:00,21,,3.4,200,41,1010.4,1018.6,1,2.94,,3,,37.2
156,堡林,2022-05-08 12:00,21.7,,2.6,180,38,1010,1018.2,1,3.1,,7,,40.7
156,堡林,2022-05-08 13:00,22.1,,3.6,200,37,1009.7,1017.8,1,3.27,,6,,43
156,堡林,2022-05-08 14:00,22.4,,2.4,230,37,1009.1,1017.2,1,3.21,,6,,45.3
156,堡林,2022-05-08 15:00,23.3,,2.9,200,35,1008.2,1016.3,1,2.92,,5,,44.7
156,堡林,2022-05-08 16:00,22.2,,2.6,250,38,1007.7,1015.8,.7,1.97,,7,,37.8
156,堡林,2022-05-08 17:00,21.8,,2.7,200,49,1007.2,1015.3,.5,1.19,,4,,33.9
156,堡林,2022-05-08 18:00,19.3,,2.5,270,60,1007.8,1016,.7,.81,,8,,27.9
156,堡林,2022-05-08 19:00,17.8,,.8,320,65,1008.2,1016.4,.1,.34,,7,,23
156,堡林,2022-05-08 20:00,16.8,,.2,0,70,1008.4,1016.7,0,.06,,8,,20.2
156,堡林,2022-05-08 21:00,16.3,,1.2,250,73,1008.7,1017,,,,3,,19.3
156,堡林,2022-05-08 22:00,15.8,,.5,290,74,1009.2,1017.5,,,,8,,18
156,堡林,2022-05-08 23:00,15.2,,0,0,77,1009.2,1017.6,,,,6,,16.4
156,堡林,2022-05-09 00:00,15.3,,.6,90,78,1009.3,1017.7,,,,8,,16.7
156,堡林,2022-05-09 01:00,15.5,,.1,0,78,1008.6,1017,,,,2,,17
156,堡林,2022-05-09 02:00,15.3,,.2,0,78,1008.5,1016.9,,,,7,,17.1
156,堡林,2022-05-09 03:00,14.9,,1,250,82,1008.4,1016.8,,,,4,,17
156,堡林,2022-05-09 04:00,14.9,,.3,0,83,1008.5,1016.9,,,,1,,16.9
156,堡林,2022-05-09 05:00,14.9,,.5,110,82,1008.4,1016.8,,,,8,,16.8
156,堡林,2022-05-09 06:00,15.1,,.4,0,78,1008.9,1017.3,0,.06,,10,,16.6
156,堡林,2022-05-09 07:00,15.2,,.4,0,80,1009.3,1017.7,0,.14,,10,,17.3
156,堡林,2022-05-09 08:00,15.6,,2,70,81,1009.7,1018.1,0,.42,,9,,19.6
156,堡林,2022-05-09 09:00,16.3,,1,70,78,1010,1018.3,0,.79,,8,,22.7
156,堡林,2022-05-09 10:00,16.9,,.1,0,73,1010,1018.3,0,1.11,,10,,26
156,堡林,2022-05-09 11:00,18.4,,.2,0,64,1009.8,1018,.1,1.73,,8,,30.3
156,堡林,2022-05-09 12:00,17.9,,.9,250,68,1009.6,1017.8,0,.76,,9,,24.8
156,堡林,2022-05-09 13:00,19.4,,1.3,250,65,1009,1017.2,0,1.12,,9,,28.5
156,堡林,2022-05-09 14:00,19.8,,1.8,200,61,1008.7,1016.9,0,1.49,,7,,30.2
156,堡林,2022-05-09 15:00,20.6,,1.3,200,57,1008.2,1016.4,0,1.44,,9,,31.7
156,堡林,2022-05-09 16:00,20.7,,1.2,230,51,1007.8,1016,.1,1.36,,7,,30.6
156,堡林,2022-05-09 17:00,21,,.2,0,48,1007.7,1015.9,.6,1.56,,7,,31.1
156,堡林,2022-05-09 18:00,21,,.9,50,50,1007.8,1016,.5,.76,,6,,27.2
156,堡林,2022-05-09 19:00,19.5,,.5,230,52,1008.1,1016.3,.3,.3,,8,,22.5
156,堡林,2022-05-09 20:00,18.6,,.3,0,65,1008.7,1016.9,0,.06,,8,,19.6
156,堡林,2022-05-09 21:00,17,,1.4,230,79,1009.5,1017.8,,,,8,,17.8
156,堡林,2022-05-09 22:00,16.5,,1.8,230,84,1010.2,1018.5,,,,4,,16.5
156,堡林,2022-05-09 23:00,15.7,,1.4,250,87,1010.2,1018.6,,,,7,,15.4
156,堡林,2022-05-10 00:00,15.2,,.6,230,88,1009.8,1018.2,,,,8,,14.6
156,堡林,2022-05-10 01:00,15.3,,0,0,87,1009.4,1017.8,,,,7,,14.2
156,堡林,2022-05-10 02:00,14.3,,1,50,93,1009,1017.4,,,,9,,14
156,堡林,2022-05-10 03:00,14.1,,.3,0,89,1009.2,1017.6,,,,9,,13.6
156,堡林,2022-05-10 04:00,13.9,,.5,70,89,1008.9,1017.3,,,,9,,13.2
156,堡林,2022-05-10 05:00,13.7,,.2,0,68,1009,1017.4,,,,9,,12.9
156,堡林,2022-05-10 06:00,13.1,,1.6,70,64,1008.9,1017.3,0,.06,,9,,12.8
156,堡林,2022-05-10 07:00,14,,1.9,70,59,1009.2,1017.6,0,.29,,8,,14.6
156,堡林,2022-05-10 08:00,14.9,,2.7,70,58,1009.1,1017.5,0,.6,,8,,17.7
156,堡林,2022-05-10 09:00,16.2,,.3,0,55,1009,1017.3,0,.91,,8,,20.9
156,堡林,2022-05-10 10:00,17.6,,.5,50,50,1008.6,1016.9,.1,1.4,,7,,25
156,堡林,2022-05-10 11:00,19.9,,.2,0,40,1008.3,1016.5,1,2.3,,5,,32.9
156,堡林,2022-05-10 12:00,22.5,,1.2,250,43,1007.7,1015.8,1,3.5,,6,,42.3
156,堡林,2022-05-10 13:00,23.4,,4.5,200,40,1007.1,1015.1,1,3.37,,4,,46
156,堡林,2022-05-10 14:00,23.8,,3.8,230,40,1006.5,1014.5,1,3.4,,4,,47.7
156,堡林,2022-05-10 15:00,24,,2.2,230,41,1006.1,1014.1,1,2.97,,7,,46.2
156,堡林,2022-05-10 16:00,22.8,,1.7,180,42,1005.7,1013.8,.3,1.67,,9,,37
156,堡林,2022-05-10 17:00,22.2,,2.7,230,45,1006,1014.1,0,1.01,,9,,32.7
156,堡林,2022-05-10 18:00,21.1,,2.7,200,46,1006.2,1014.3,0,.68,,10,,28.6
156,堡林,2022-05-10 19:00,19.9,,2.8,250,48,1006.7,1014.9,0,.23,,10,,24.4
156,堡林,2022-05-10 20:00,18.8,0,2.1,230,54,1007,1015.2,0,.06,,10,,20.8
156,堡林,2022-05-10 21:00,18.6,,2.5,230,52,1007.6,1015.8,,,,10,,19.1
156,堡林,2022-05-10 22:00,18.4,,1.4,230,57,1007.9,1016.1,,,,9,,19.2
156,堡林,2022-05-10 23:00,17.7,,2.2,230,66,1007.8,1016,,,,3,,18.9
156,堡林,2022-05-11 00:00,17.4,,1.4,230,67,1007.7,1016,,,,10,,18.6
156,堡林,2022-05-11 01:00,17.1,,.1,0,69,1007.4,1015.7,,,,10,,18.3
156,堡林,2022-05-11 02:00,17.1,,.1,0,69,1006.9,1015.2,,,,3,,18.2
156,堡林,2022-05-11 03:00,17,,0,0,72,1007.1,1015.4,,,,10,,18.1
156,堡林,2022-05-11 04:00,16.7,,0,0,73,1007,1015.3,,,,10,,17.9
156,堡林,2022-05-11 05:00,16.6,,0,0,74,1006.7,1015,,,,10,,17.7
156,堡林,2022-05-11 06:00,16.7,,0,0,73,1007.1,1015.4,0,.06,,9,,17.6
156,堡林,2022-05-11 07:00,16.9,,0,0,69,1007.3,1015.6,0,.17,,9,,18.5
156,堡林,2022-05-11 08:00,18.1,,.9,50,59,1007.5,1015.7,.1,.67,,4,,21.3
156,堡林,2022-05-11 09:00,20,,1.3,70,55,1007.5,1015.7,1,1.85,,5,,27.7
156,堡林,2022-05-11 10:00,21,,1.3,50,50,1007.7,1015.9,.5,2.12,,8,,34
156,堡林,2022-05-11 11:00,22.3,,1,50,48,1007.5,1015.6,.8,2.71,,8,,39.5
156,堡林,2022-05-11 12:00,24.3,,1.6,230,45,1007.1,1015.1,.8,2.9,,7,,46.2
156,堡林,2022-05-11 13:00,23.9,,.6,110,45,1006.4,1014.4,.4,2.46,,8,,40.5
156,堡林,2022-05-11 14:00,24.2,,1.1,270,45,1006.3,1014.3,0,1.46,,9,,37.8
156,堡林,2022-05-11 15:00,25.6,,1.6,270,48,1005.8,1013.8,.2,1.99,,8,,40.9
156,堡林,2022-05-11 16:00,24.7,,1,270,46,1005.4,1013.4,.5,1.75,,8,,38.3
156,堡林,2022-05-11 17:00,25.4,,2.1,230,48,1005.3,1013.3,.3,1.25,,9,,36.4
156,堡林,2022-05-11 18:00,23.5,,.8,320,50,1005.4,1013.4,.4,.77,,8,,29.3
156,堡林,2022-05-11 19:00,22.2,,.6,290,55,1005.6,1013.7,0,.21,,10,,25.2
156,堡林,2022-05-11 20:00,20.8,,1.2,250,59,1006.1,1014.3,0,.06,,10,,22.3
156,堡林,2022-05-11 21:00,20.4,,0,0,60,1006.1,1014.3,,,,9,,20.8
156,堡林,2022-05-11 22:00,19.7,,0,0,62,1006.3,1014.4,,,,9,,20.1
156,堡林,2022-05-11 23:00,18.9,,.1,0,67,1006.3,1014.5,,,,8,,18.7
156,堡林,2022-05-12 00:00,19.1,,.2,0,66,1006.1,1014.3,,,,10,,19.4
156,堡林,2022-05-12 01:00,18.6,,0,0,68,1006,1014.2,,,,10,,19.3
156,堡林,2022-05-12 02:00,18.4,,.9,50,71,1005.2,1013.4,,,,10,,19.2
156,堡林,2022-05-12 03:00,18.2,,1.3,50,70,1004.8,1013,,,,10,,19
156,堡林,2022-05-12 04:00,18,,.7,50,71,1004.3,1012.5,,,,10,,18.6
156,堡林,2022-05-12 05:00,18,,1.1,70,71,1004.2,1012.4,,,,10,,18.5
156,堡林,2022-05-12 06:00,18.1,,1.1,50,69,1004.1,1012.3,0,.06,,10,,18.5
156,堡林,2022-05-12 07:00,18.3,,.7,50,71,1004.3,1012.5,0,.24,,10,,19.8
156,堡林,2022-05-12 08:00,19.4,,.4,0,68,1004.2,1012.3,0,.63,,9,,23.3
156,堡林,2022-05-12 09:00,22,,.4,0,59,1003.9,1012,.4,1.29,,6,,30.9
156,堡林,2022-05-12 10:00,22.9,,.5,50,58,1003.3,1011.3,.8,1.86,,8,,35.4
156,堡林,2022-05-12 11:00,23.4,,.7,270,56,1003.2,1011.2,.3,1.87,,10,,35.5
156,堡林,2022-05-12 12:00,23.9,,.6,160,55,1002.6,1010.6,0,1.42,,10,,35
156,堡林,2022-05-12 13:00,24.9,,2.1,230,55,1002.1,1010.1,0,1.96,,10,,38.5
156,堡林,2022-05-12 14:00,25.6,,1.2,270,56,1001.5,1009.5,.1,1.58,,9,,39.3
156,堡林,2022-05-12 15:00,25.2,,1.7,250,59,1001.2,1009.2,.1,1.68,,10,,33.2
156,堡林,2022-05-12 16:00,25.5,,1.7,250,55,1000.9,1008.9,0,1,,10,,33.6
156,堡林,2022-05-12 17:00,23,,1.3,320,60,1001.3,1009.3,0,.48,,10,,28
156,堡林,2022-05-12 18:00,22.5,,1.4,250,61,1001.3,1009.3,0,.26,,10,,25.4
156,堡林,2022-05-12 19:00,21.5,,2.9,230,66,1001.1,1009.2,0,.12,,9,,23.6
156,堡林,2022-05-12 20:00,21,,1,270,67,1001.5,1009.6,0,.06,,7,,22
156,堡林,2022-05-12 21:00,20.3,,.5,250,68,1001.9,1010.1,,,,7,,21.2
156,堡林,2022-05-12 22:00,20.2,,1.2,250,62,1002.3,1010.5,,,,7,,20.5
156,堡林,2022-05-12 23:00,19.2,,1,230,69,1002,1010.1,,,,6,,18.5
156,堡林,2022-05-13 00:00,18.8,,2.4,230,70,1002.2,1010.3,,,,8,,19.1
156,堡林,2022-05-13 01:00,18.1,,1.1,230,72,1001.8,1010,,,,9,,19
156,堡林,2022-05-13 02:00,18.2,,1.3,270,76,1001.4,1009.6,,,,10,,19
156,堡林,2022-05-13 03:00,17.8,,1.3,270,77,1001.2,1009.4,,,,8,,18.7
156,堡林,2022-05-13 04:00,17.7,,1.5,230,79,1000.9,1009.1,,,,9,,18.6
156,堡林,2022-05-13 05:00,17.4,,.5,270,79,1000.6,1008.8,,,,9,,18.4
156,堡林,2022-05-13 06:00,17.3,,1.4,230,79,1001,1009.2,0,.06,,9,,18.4
156,堡林,2022-05-13 07:00,17.7,,0,0,77,1000.7,1008.9,0,.13,,10,,18.9
156,堡林,2022-05-13 08:00,18.2,,1.3,250,77,1000.9,1009.1,0,.29,,10,,20.8
156,堡林,2022-05-13 09:00,18.5,,.8,270,78,1000.7,1008.8,0,.43,,10,,22.3
156,堡林,2022-05-13 10:00,18.9,,1.6,230,82,1000.6,1008.7,0,.61,,10,,24.5
156,堡林,2022-05-13 11:00,18.5,,1.3,270,83,1000.6,1008.7,0,.45,,10,,23.2
156,堡林,2022-05-13 12:00,19.2,,1,230,76,999.4,1007.5,0,.61,,10,,25.2
156,堡林,2022-05-13 13:00,19.7,,1.5,270,71,998.9,1007,0,.62,,10,,25.7
156,堡林,2022-05-13 14:00,19.6,,1.3,270,72,999.2,1007.3,0,.5,,10,,24.8
156,堡林,2022-05-13 15:00,20.5,,1.4,250,68,999.1,1007.2,0,.73,,10,,27.4
156,堡林,2022-05-13 16:00,19.8,,1.2,340,50,998.8,1006.9,0,.64,,10,,26.2
156,堡林,2022-05-13 17:00,20.5,,.9,360,46,998.8,1006.9,.1,1.05,,8,,27.3
156,堡林,2022-05-13 18:00,19.1,,.9,320,54,999,1007.1,0,.64,,9,,24.6
156,堡林,2022-05-13 19:00,18.2,,1.2,340,57,999.4,1007.6,.1,.28,,10,,21.3
156,堡林,2022-05-13 20:00,17.1,,.6,20,57,999.8,1008,0,.09,,8,,17.6
156,堡林,2022-05-13 21:00,16,,.7,320,58,1000.8,1009.1,,,,4,,14.9
156,堡林,2022-05-13 22:00,15.3,,.7,20,64,1001.1,1009.4,,,,4,,13.7
156,堡林,2022-05-13 23:00,15.2,,1.4,360,62,1002.1,1010.4,,,,2,,13.1
156,堡林,2022-05-14 00:00,14.7,,.9,50,61,1002.6,1010.9,,,,5,,12.6
156,堡林,2022-05-14 01:00,14.5,,1.1,20,56,1002.7,1011,,,,4,,11.6
156,堡林,2022-05-14 02:00,14.3,,.9,50,52,1002.6,1010.9,,,,6,,11.3
156,堡林,2022-05-14 03:00,13.7,,.9,290,61,1002.8,1011.1,,,,0,,10.2
156,堡林,2022-05-14 04:00,13,,.9,320,69,1003.1,1011.5,,,,0,,9.6
156,堡林,2022-05-14 05:00,12.3,,.4,0,69,1003.2,1011.6,,,,0,,8.8
156,堡林,2022-05-14 06:00,12,,.6,270,70,1004.2,1012.6,0,.08,,0,,8.7
156,堡林,2022-05-14 07:00,12.6,,.8,230,68,1005.1,1013.5,.9,.51,,0,,10.3
156,堡林,2022-05-14 08:00,14.7,,.5,270,54,1005.1,1013.4,1,1.28,,0,,15.4
156,堡林,2022-05-14 09:00,16.6,,.8,270,43,1006,1014.3,1,2.03,,0,,27.5
156,堡林,2022-05-14 10:00,18.7,,1,340,34,1006.3,1014.5,1,2.7,,0,,37.4
156,堡林,2022-05-14 11:00,20.7,,1,320,30,1006.1,1014.3,1,3.2,,0,,44.1
156,堡林,2022-05-14 12:00,21.4,,2.1,320,25,1005.7,1013.8,1,3.56,,0,,47.5
156,堡林,2022-05-14 13:00,21.7,,2.7,320,22,1005.3,1013.4,1,3.61,,0,,49.1
156,堡林,2022-05-14 14:00,21.5,,3.9,50,25,1005,1013.1,1,3.53,,5,,48.1
156,堡林,2022-05-14 15:00,20.7,,2,290,33,1004.9,1013.1,1,3.16,,7,,45.2
156,堡林,2022-05-14 16:00,19.9,,1.8,320,38,1005.1,1013.3,1,2.2,,7,,38.2
156,堡林,2022-05-14 17:00,19.1,,1.4,20,36,1005.4,1013.6,.7,1.42,,9,,31.8
156,堡林,2022-05-14 18:00,17.6,,3.7,50,33,1005.9,1014.1,.2,.64,,9,,24.9
156,堡林,2022-05-14 19:00,16.7,,3.2,50,26,1006.4,1014.7,0,.26,,10,,20.4
156,堡林,2022-05-14 20:00,15.8,,1.9,50,27,1007.3,1015.6,0,.07,,9,,17.3
156,堡林,2022-05-14 21:00,15.2,,1,20,27,1008.1,1016.5,,,,9,,15.9
156,堡林,2022-05-14 22:00,14.6,,1.8,20,28,1008.3,1016.7,,,,10,,15.1
156,堡林,2022-05-14 23:00,13.9,,3,50,37,1008.3,1016.7,,,,10,,14.8
156,堡林,2022-05-15 00:00,13.7,,2.8,50,40,1008.3,1016.7,,,,10,,14.6
156,堡林,2022-05-15 01:00,13.6,,2.9,50,41,1008,1016.4,,,,10,,14.5
156,堡林,2022-05-15 02:00,13,,1.7,50,46,1007.2,1015.6,,,,10,,13.8
156,堡林,2022-05-15 03:00,12.6,,1.8,70,49,1007.3,1015.7,,,,9,,13.6
156,堡林,2022-05-15 04:00,12.7,,1.6,50,52,1007.5,1015.9,,,,10,,12.8
156,堡林,2022-05-15 05:00,12.3,,.6,20,58,1007.7,1016.1,,,,10,,12.3
156,堡林,2022-05-15 06:00,11.8,,.7,70,66,1007.6,1016.1,0,.08,,7,,12
156,堡林,2022-05-15 07:00,12.5,,1.1,50,62,1008,1016.4,.1,.4,,9,,14.4
156,堡林,2022-05-15 08:00,14.1,,1.5,50,55,1008,1016.4,.9,1.01,,8,,18.8
156,堡林,2022-05-15 09:00,15.6,,1.9,50,47,1008.1,1016.4,1,1.73,,8,,26.7
156,堡林,2022-05-15 10:00,18.1,,3.2,50,37,1007.7,1015.9,1,2.71,,5,,38.9
156,堡林,2022-05-15 11:00,19.1,,3,70,25,1007.4,1015.6,1,3.2,,1,,43.9
156,堡林,2022-05-15 12:00,19.7,,2.7,50,23,1006.6,1014.7,1,3.6,,3,,48.8
156,堡林,2022-05-15 13:00,20.3,,1.9,360,23,1005.7,1013.9,1,3.71,,0,,50.2
156,堡林,2022-05-15 14:00,21.2,,1.3,320,26,1005.2,1013.3,1,3.59,,0,,49.6
156,堡林,2022-05-15 15:00,20.6,,2.2,20,28,1004.7,1012.9,1,3.21,,0,,47.2
156,堡林,2022-05-15 16:00,20.5,,1.8,360,29,1004.3,1012.5,1,2.67,,0,,42.7
156,堡林,2022-05-15 17:00,19.6,,2.2,340,30,1004.2,1012.3,1,2.01,,0,,36.5
156,堡林,2022-05-15 18:00,18.6,,1.9,20,29,1004.3,1012.5,1,1.28,,5,,29.4
156,堡林,2022-05-15 19:00,17.2,,1.7,20,29,1004.5,1012.7,1,.49,,6,,22.7
156,堡林,2022-05-15 20:00,15.9,,1.4,20,30,1005.1,1013.4,0,.09,,7,,17.7
156,堡林,2022-05-15 21:00,15,,.4,0,33,1006,1014.4,,,,4,,15.4
156,堡林,2022-05-15 22:00,14.5,,.7,50,35,1006,1014.3,,,,3,,13.7
156,堡林,2022-05-15 23:00,13.9,,.2,0,37,1006.5,1014.9,,,,9,,13.1
156,堡林,2022-05-16 00:00,14.2,,.6,340,36,1006.5,1014.9,,,,7,,12.7
156,堡林,2022-05-16 01:00,13.3,,.1,0,42,1006.5,1014.9,,,,9,,12.6
156,堡林,2022-05-16 02:00,12.5,,.5,290,47,1006.4,1014.8,,,,8,,11.8
156,堡林,2022-05-16 03:00,12.3,,.6,320,50,1006.1,1014.5,,,,4,,11.4
156,堡林,2022-05-16 04:00,11.6,,.2,0,54,1006,1014.5,,,,7,,10.8
156,堡林,2022-05-16 05:00,10.9,,.5,270,61,1005.9,1014.4,,,,6,,9.4
156,堡林,2022-05-16 06:00,10.1,,.3,0,70,1006.1,1014.6,0,.07,,5,,8.8
156,堡林,2022-05-16 07:00,10.7,,.7,270,67,1006.5,1015,.8,.5,,3,,9.9
156,堡林,2022-05-16 08:00,13.5,,.5,160,53,1006.5,1014.9,1,1.32,,3,,15.6
156,堡林,2022-05-16 09:00,16.1,,1,230,45,1006.6,1014.9,1,2.04,,0,,27.5
156,堡林,2022-05-16 10:00,17.7,,.9,250,37,1006.4,1014.6,1,2.7,,0,,37.8
156,堡林,2022-05-16 11:00,20.5,,1.6,200,23,1005.9,1014.1,1,3.22,,0,,45.1
156,堡林,2022-05-16 12:00,21.2,,1.3,270,24,1005.2,1013.3,1,3.55,,0,,49.2
156,堡林,2022-05-16 13:00,22.3,,1.2,360,27,1004.6,1012.7,1,3.59,,0,,51.4
156,堡林,2022-05-16 14:00,23.6,,2.9,270,25,1003.8,1011.8,1,3.47,,1,,51.3
156,堡林,2022-05-16 15:00,24.9,,2.1,270,26,1003.1,1011.1,1,3.16,,2,,49.7
156,堡林,2022-05-16 16:00,24.3,,2.9,270,27,1002.7,1010.7,1,2.52,,2,,45.7
156,堡林,2022-05-16 17:00,23.4,,3.4,250,30,1003,1011,1,1.97,,0,,39.5
156,堡林,2022-05-16 18:00,21.7,,3.5,270,30,1003.2,1011.3,1,1.21,,0,,31.8
156,堡林,2022-05-16 19:00,19.6,,2.5,250,35,1003.8,1011.9,1,.37,,0,,24.3
156,堡林,2022-05-16 20:00,18.2,,2.4,250,35,1004.5,1012.7,0,.08,,0,,19.2
156,堡林,2022-05-16 21:00,17.7,,2.1,250,35,1005.2,1013.4,,,,0,,16.5
156,堡林,2022-05-16 22:00,16.8,,1.9,200,39,1006,1014.3,,,,0,,14.9
156,堡林,2022-05-16 23:00,16,,2.2,230,37,1006.1,1014.4,,,,0,,13.6
156,堡林,2022-05-17 00:00,15.4,,1.7,200,47,1006.1,1014.4,,,,0,,12.9
156,堡林,2022-05-17 01:00,14.7,,1.3,200,46,1006.1,1014.4,,,,0,,12.3
156,堡林,2022-05-17 02:00,14.4,,0,0,51,1006,1014.3,,,,0,,11.6
156,堡林,2022-05-17 03:00,13.6,,0,0,56,1005.8,1014.2,,,,0,,11
156,堡林,2022-05-17 04:00,13.2,,.1,0,58,1005.9,1014.3,,,,0,,10.3
156,堡林,2022-05-17 05:00,12.2,,0,0,67,1006,1014.4,,,,0,,9.8
156,堡林,2022-05-17 06:00,11.8,,0,0,73,1006.4,1014.8,0,.08,,0,,9.8
156,堡林,2022-05-17 07:00,12.8,,0,0,69,1006.8,1015.2,.9,.5,,0,,11.9
156,堡林,2022-05-17 08:00,16.1,,.3,0,58,1007.1,1015.4,1,1.21,,0,,17.3
156,堡林,2022-05-17 09:00,18.6,,.7,320,52,1007.2,1015.4,1,1.94,,0,,28.5
156,堡林,2022-05-17 10:00,21.1,,.7,270,48,1007.1,1015.3,1,2.54,,0,,38.6
156,堡林,2022-05-17 11:00,23,,2.4,250,40,1006.9,1015,1,3.07,,0,,46
156,堡林,2022-05-17 12:00,24.9,,2.3,250,38,1006.6,1014.7,1,3.37,,0,,50.5
156,堡林,2022-05-17 13:00,26.3,,2,250,35,1006.2,1014.2,1,3.51,,0,,53.3
156,堡林,2022-05-17 14:00,27.2,,2.2,270,35,1005.7,1013.7,1,3.38,,1,,53.3
156,堡林,2022-05-17 15:00,27.1,,4.3,230,38,1005.5,1013.5,1,3.06,,6,,52.8
156,堡林,2022-05-17 16:00,27.1,,3.9,230,32,1005.3,1013.3,1,2.42,,1,,47.7
156,堡林,2022-05-17 17:00,25.6,,4.7,230,40,1005.4,1013.4,.9,1.66,,0,,40.9
156,堡林,2022-05-17 18:00,24.6,,3.5,250,39,1006,1014,1,1.1,,0,,33.6
156,堡林,2022-05-17 19:00,22.6,,2.7,230,42,1006.4,1014.5,.9,.37,,0,,26.4
156,堡林,2022-05-17 20:00,21.4,,3.1,230,42,1007,1015.1,0,.07,,0,,21.4
156,堡林,2022-05-17 21:00,20.4,,2.4,230,51,1007.8,1016,,,,0,,18.8
156,堡林,2022-05-17 22:00,19.5,,2.7,230,61,1008.4,1016.6,,,,0,,17.7
156,堡林,2022-05-17 23:00,18.6,,2.1,230,64,1008.8,1017,,,,0,,16.5
156,堡林,2022-05-18 00:00,18.4,,1.2,200,65,1009,1017.2,,,,0,,15.3
156,堡林,2022-05-18 01:00,18.1,,.9,200,58,1009.1,1017.3,,,,0,,14.5
156,堡林,2022-05-18 02:00,17.3,,.1,0,66,1009.3,1017.6,,,,0,,13.7
156,堡林,2022-05-18 03:00,16.5,,0,0,72,1009.3,1017.6,,,,0,,13.1
156,堡林,2022-05-18 04:00,15.8,,.1,0,76,1009.6,1018,,,,0,,12.5
156,堡林,2022-05-18 05:00,15.2,,0,0,79,1009.7,1018.1,,,,0,,12
156,堡林,2022-05-18 06:00,15.3,,0,0,75,1010,1018.4,0,.08,,0,,12
156,堡林,2022-05-18 07:00,15.7,,0,0,80,1010.3,1018.7,.9,.48,,0,,13.9
156,堡林,2022-05-18 08:00,19,,.1,0,60,1010.7,1018.9,1,1.14,,0,,19.1
156,堡林,2022-05-18 09:00,21.5,,2.8,230,43,1010.8,1019,1,1.84,,0,,29.3
156,堡林,2022-05-18 10:00,23.5,,2.2,230,39,1011.2,1019.3,1,2.5,,0,,39.2
156,堡林,2022-05-18 11:00,24.7,,2.8,250,35,1011,1019,1,2.97,,0,,45.8
156,堡林,2022-05-18 12:00,26.1,,3.1,230,33,1010.7,1018.7,1,3.27,,0,,50.7
156,堡林,2022-05-18 13:00,27.3,,3.7,230,32,1010.2,1018.2,1,3.38,,0,,53.4
156,堡林,2022-05-18 14:00,28.2,,3.8,230,30,1009.6,1017.6,1,3.3,,0,,54.3
156,堡林,2022-05-18 15:00,28.5,,3.7,250,25,1009,1016.9,1,3.04,,0,,52.3
156,堡林,2022-05-18 16:00,27.6,,4.7,230,24,1008.5,1016.5,1,2.53,,0,,48.3
156,堡林,2022-05-18 17:00,27.1,,4,230,24,1009.1,1017.1,1,1.87,,0,,41.7
156,堡林,2022-05-18 18:00,25.5,,3,230,22,1009.2,1017.3,1,1.14,,0,,34.3
156,堡林,2022-05-18 19:00,23.7,,4.4,230,24,1009.6,1017.7,.9,.37,,0,,26.8
156,堡林,2022-05-18 20:00,22,,3,250,28,1010.2,1018.3,0,.07,,0,,21.5
156,堡林,2022-05-18 21:00,20.7,,3.2,230,34,1011.1,1019.3,,,,0,,18.8
156,堡林,2022-05-18 22:00,19.9,,2.2,230,40,1011.6,1019.8,,,,1,,17.4
156,堡林,2022-05-18 23:00,19.2,,1.7,200,46,1011.4,1019.6,,,,0,,15.9
156,堡林,2022-05-19 00:00,18.9,,3.1,230,45,1011.6,1019.8,,,,7,,15
156,堡林,2022-05-19 01:00,18.3,,1.5,230,43,1011.4,1019.6,,,,6,,14.3
156,堡林,2022-05-19 02:00,18,,1.2,230,41,1011.1,1019.4,,,,6,,13.6
156,堡林,2022-05-19 03:00,17.3,,.6,270,54,1010.8,1019.1,,,,6,,13.4
156,堡林,2022-05-19 04:00,16.7,,1.2,180,47,1010.7,1019,,,,8,,13.1
156,堡林,2022-05-19 05:00,16.3,,.6,270,52,1010.5,1018.8,,,,8,,12.8
156,堡林,2022-05-19 06:00,16.3,,0,0,55,1010.8,1019.1,0,.08,,8,,13.3
156,堡林,2022-05-19 07:00,17,,0,0,58,1010.9,1019.2,0,.29,,9,,16.6
156,堡林,2022-05-19 08:00,17.9,,.1,0,57,1011.3,1019.6,0,.61,,9,,20.4
156,堡林,2022-05-19 09:00,19.9,,.4,0,47,1011.4,1019.6,0,1.04,,8,,25.4
156,堡林,2022-05-19 10:00,22.2,,2.4,230,32,1011.6,1019.7,.2,1.61,,9,,32.1
156,堡林,2022-05-19 11:00,22.8,,3.3,250,29,1011.7,1019.8,.7,2.09,,9,,37.9
156,堡林,2022-05-19 12:00,23.7,,3.5,230,29,1011.4,1019.5,1,2.55,,8,,43.1
156,堡林,2022-05-19 13:00,24.3,,2.9,230,32,1010.8,1018.8,.5,2.25,,8,,42.8
156,堡林,2022-05-19 14:00,24.6,,2.4,230,33,1010.1,1018.1,.2,2,,8,,41.4
156,堡林,2022-05-19 15:00,24.8,,2.9,230,31,1009.6,1017.6,.3,1.83,,8,,41.1
156,堡林,2022-05-19 16:00,25.4,,1.9,250,29,1009,1017.1,.9,1.85,,8,,40.5
156,堡林,2022-05-19 17:00,24.2,,2.4,250,27,1008.9,1016.9,.4,1.33,,7,,35.4
156,堡林,2022-05-19 18:00,23.4,,2.7,250,30,1008.8,1016.9,.6,.88,,7,,30.7
156,堡林,2022-05-19 19:00,21.7,,1.5,270,33,1008.6,1016.7,.3,.37,,7,,24.8
156,堡林,2022-05-19 20:00,21.1,,.5,290,35,1008.9,1017.1,0,.07,,7,,21
156,堡林,2022-05-19 21:00,20.8,,.1,0,36,1009.2,1017.4,,,,8,,19.1
156,堡林,2022-05-19 22:00,19.9,,.8,200,41,1009.3,1017.5,,,,10,,18.3
156,堡林,2022-05-19 23:00,19.2,,.7,180,43,1009.1,1017.3,,,,10,,17.6
156,堡林,2022-05-20 00:00,19,,.1,0,48,1009.2,1017.4,,,,9,,17.3
156,堡林,2022-05-20 01:00,18.1,,.3,0,53,1008.4,1016.6,,,,10,,16.9
156,堡林,2022-05-20 02:00,18.1,,.1,0,52,1007.8,1016,,,,10,,16.7
156,堡林,2022-05-20 03:00,17.7,,0,0,58,1007.6,1015.8,,,,10,,16.5
156,堡林,2022-05-20 04:00,17.1,,0,0,63,1007.7,1016,,,,10,,16.4
156,堡林,2022-05-20 05:00,16.9,,.9,50,63,1007.7,1016,,,,10,,16.3
156,堡林,2022-05-20 06:00,17.1,,.6,20,53,1007.8,1016.1,0,.07,,10,,16.2
156,堡林,2022-05-20 07:00,17.5,,.1,0,55,1008,1016.3,0,.18,,10,,17.5
156,堡林,2022-05-20 08:00,18.7,,.7,50,52,1007.8,1016,0,.41,,10,,20.4
156,堡林,2022-05-20 09:00,19.8,,.7,250,50,1007.7,1015.8,0,.98,,10,,26.1
156,堡林,2022-05-20 10:00,21.8,,.6,340,46,1007.6,1015.7,.7,2,,10,,36.8
156,堡林,2022-05-20 11:00,23.2,,.7,250,49,1007.1,1015.2,.7,2.22,,10,,39.7
156,堡林,2022-05-20 12:00,23.2,,.9,320,50,1006.3,1014.4,0,1.91,,10,,39.6
156,堡林,2022-05-20 13:00,24.1,,.7,360,50,1005.4,1013.4,0,1.89,,10,,40.1
156,堡林,2022-05-20 14:00,24.4,,.8,270,47,1004.8,1012.8,0,1.88,,10,,41.4
156,堡林,2022-05-20 15:00,24.9,,1.2,360,49,1004.4,1012.4,.1,1.79,,9,,40.4
156,堡林,2022-05-20 16:00,25,,1.4,250,49,1003.8,1011.8,.4,1.77,,8,,40.8
156,堡林,2022-05-20 17:00,26.6,,.7,360,46,1003.5,1011.5,.6,1.62,,5,,39.8
156,堡林,2022-05-20 18:00,24.3,,.9,360,50,1003.2,1011.2,.4,.78,,7,,31.4
156,堡林,2022-05-20 19:00,23,,1.3,320,61,1003.4,1011.4,.7,.38,,5,,27.4
156,堡林,2022-05-20 20:00,19.3,,2.8,200,72,1004.9,1013,0,.12,,10,,23.8
156,堡林,2022-05-20 21:00,17.8,,2.1,230,78,1005.3,1013.5,,,,8,,21.4
156,堡林,2022-05-20 22:00,17.8,,1.2,110,84,1005.1,1013.3,,,,7,,19.6
156,堡林,2022-05-20 23:00,17.6,,.4,0,85,1004.5,1012.7,,,,6,,17.8
156,堡林,2022-05-21 00:00,16.8,,1.7,180,93,1004.1,1012.4,,,,2,,16.4
156,堡林,2022-05-21 01:00,16.1,,.2,0,98,1003.9,1012.2,,,,0,,15.2
156,堡林,2022-05-21 02:00,15.8,,0,0,98,1003.6,1011.9,,,,0,,14.3
156,堡林,2022-05-21 03:00,15.7,,0,0,98,1003.2,1011.5,,,,0,,13.7
156,堡林,2022-05-21 04:00,15.5,,.1,0,98,1003.2,1011.5,,,,0,,13.4
156,堡林,2022-05-21 05:00,14.9,,0,0,99,1003.2,1011.5,,,,0,,12.8
156,堡林,2022-05-21 06:00,15,,.1,0,99,1003.3,1011.6,0,.09,,0,,12.9
156,堡林,2022-05-21 07:00,16.1,,0,0,97,1003.7,1012,1,.53,,0,,14.8
156,堡林,2022-05-21 08:00,18.4,,.3,0,85,1003.6,1011.8,1,1.25,,0,,23.2
156,堡林,2022-05-21 09:00,20.9,,.7,90,65,1003.6,1011.7,1,1.97,,0,,32.3
156,堡林,2022-05-21 10:00,22.6,,1.6,20,57,1003.4,1011.5,1,2.59,,0,,40.4
156,堡林,2022-05-21 11:00,24.9,,1.5,340,49,1002.9,1010.9,1,3.08,,0,,46.5
156,堡林,2022-05-21 12:00,25.2,,1.9,340,49,1002.3,1010.3,1,3.4,,0,,50.4
156,堡林,2022-05-21 13:00,25.9,,2,360,43,1001.7,1009.7,1,3.53,,1,,52.8
156,堡林,2022-05-21 14:00,26.4,,1.6,270,44,1001.2,1009.2,1,3.42,,0,,52.8
156,堡林,2022-05-21 15:00,26.5,,2.1,20,44,1000.6,1008.5,1,3.12,,2,,51.4
156,堡林,2022-05-21 16:00,26.7,,2.4,50,42,1000.4,1008.3,1,2.54,,0,,47.1
156,堡林,2022-05-21 17:00,26.4,,1.6,340,43,1000.1,1008,1,1.96,,1,,42.5
156,堡林,2022-05-21 18:00,24.8,,1.7,320,48,1000.2,1008.1,1,1.23,,0,,35
156,堡林,2022-05-21 19:00,22.5,,1.2,270,56,1000.2,1008.2,1,.41,,0,,27.2
156,堡林,2022-05-21 20:00,21.1,,.8,270,59,1000.5,1008.6,0,.08,,1,,22.4
156,堡林,2022-05-21 21:00,20.2,,1.2,320,67,1001.3,1009.5,,,,0,,19.9
156,堡林,2022-05-21 22:00,19.6,,.1,0,69,1001.9,1010,,,,0,,18.2
156,堡林,2022-05-21 23:00,18.5,,.5,270,75,1001.7,1009.9,,,,0,,17
156,堡林,2022-05-22 00:00,17.6,,.6,230,87,1001.5,1009.7,,,,0,,15.9
156,堡林,2022-05-22 01:00,16.8,,1,250,98,1001.8,1010,,,,3,,15.2
156,堡林,2022-05-22 02:00,16.5,,1.2,250,99,1001.4,1009.6,,,,3,,15.1
156,堡林,2022-05-22 03:00,16.2,,1.5,230,99,1001.5,1009.8,,,,4,,15.9
156,堡林,2022-05-22 04:00,15.9,,1,230,99,1001.4,1009.7,,,,7,,16.4
156,堡林,2022-05-22 05:00,15.6,,1.1,270,99,1001.5,1009.8,,,,7,,16.4
156,堡林,2022-05-22 06:00,15.4,,.2,0,99,1001.6,1009.9,0,.09,,0,,15.6
156,堡林,2022-05-22 07:00,15.9,,1.6,70,99,1001.8,1010.1,.1,.41,,6,,18
156,堡林,2022-05-22 08:00,17.5,,.8,50,89,1001.7,1009.9,1,1.17,,0,,23.6
156,堡林,2022-05-22 09:00,19.5,,.5,270,73,1002.1,1010.2,1,1.91,,0,,31.6
156,堡林,2022-05-22 10:00,22.5,,.7,290,59,1002.2,1010.3,1,2.55,,0,,40.5
156,堡林,2022-05-22 11:00,24.7,,.9,140,53,1002.1,1010.1,1,3.04,,0,,47
156,堡林,2022-05-22 12:00,26.4,,1.3,270,47,1001.7,1009.7,1,3.34,,0,,51.9
156,堡林,2022-05-22 13:00,27.1,,2.1,270,42,1001.2,1009.1,1,3.43,,0,,54.2
156,堡林,2022-05-22 14:00,28.5,,3.1,270,38,1000.7,1008.6,1,3.28,,0,,54.1
156,堡林,2022-05-22 15:00,29.5,,3.8,270,38,1000.1,1007.9,1,2.99,,0,,53.1
156,堡林,2022-05-22 16:00,28.2,,2.5,290,39,999.9,1007.8,1,2.49,,0,,48.2
156,堡林,2022-05-22 17:00,27.8,,1.2,340,41,1000.1,1008,1,1.85,,0,,42.9
156,堡林,2022-05-22 18:00,26.6,,1.2,340,43,1000.1,1008,1,1.15,,0,,36.1
156,堡林,2022-05-22 19:00,25,,1.9,270,50,1000.6,1008.6,.9,.39,,0,,29
156,堡林,2022-05-22 20:00,23.3,,1.5,250,56,1000.9,1008.9,0,.08,,0,,24.3
156,堡林,2022-05-22 21:00,21.5,,1.9,250,74,1001.9,1010,,,,0,,21.9
156,堡林,2022-05-22 22:00,20.1,,1.4,270,84,1002.5,1010.7,,,,0,,20.2
156,堡林,2022-05-22 23:00,19.3,,.8,250,89,1002.5,1010.6,,,,0,,18.8
156,堡林,2022-05-23 00:00,19,,1.7,200,91,1002.6,1010.7,,,,0,,17.8
156,堡林,2022-05-23 01:00,18.1,,1.2,250,96,1002.7,1010.9,,,,0,,16.8
156,堡林,2022-05-23 02:00,18.1,,1.9,230,98,1002.9,1011.1,,,,0,,16.3
156,堡林,2022-05-23 03:00,17.5,,1.3,250,99,1003.1,1011.3,,,,0,,15.7
156,堡林,2022-05-23 04:00,17.2,,.6,250,99,1003.2,1011.4,,,,0,,15.2
156,堡林,2022-05-23 05:00,17,,.7,250,99,1003.5,1011.7,,,,1,,14.9
156,堡林,2022-05-23 06:00,17.2,,.2,0,99,1004,1012.2,0,.1,,4,,15.3
156,堡林,2022-05-23 07:00,17.9,,0,0,98,1004.3,1012.5,.6,.46,,1,,17.7
156,堡林,2022-05-23 08:00,19.8,,.1,0,89,1004.7,1012.8,1,1.13,,0,,24.3
156,堡林,2022-05-23 09:00,21.5,,.3,0,76,1004.8,1012.9,1,1.85,,4,,32.2
156,堡林,2022-05-23 10:00,24,,.7,20,58,1004.9,1012.9,1,2.52,,7,,41
156,堡林,2022-05-23 11:00,25.1,,.9,320,47,1004.9,1012.9,1,2.57,,7,,43.8
156,堡林,2022-05-23 12:00,26.3,,1.2,230,46,1004.8,1012.8,1,2.92,,7,,48.3
156,堡林,2022-05-23 13:00,27.5,,1.4,20,44,1004.7,1012.6,.9,2.79,,7,,48.5
156,堡林,2022-05-23 14:00,29.2,,1,270,37,1004.6,1012.5,.4,2.29,,8,,48
156,堡林,2022-05-23 15:00,30.1,,1.3,290,30,1004.3,1012.2,1,2.87,,7,,51.5
156,堡林,2022-05-23 16:00,29.8,,1.2,340,30,1004.1,1012,1,2.44,,7,,49.4
156,堡林,2022-05-23 17:00,29.1,,1.7,320,29,1004.1,1012,.6,1.45,,8,,42.5
156,堡林,2022-05-23 18:00,27.7,,1,290,33,1004.3,1012.2,1,1.33,,6,,36.9
156,堡林,2022-05-23 19:00,24.9,,1.5,250,38,1005,1013,.4,.34,,6,,28.6
156,堡林,2022-05-23 20:00,22.7,,1.9,270,46,1005.9,1014,0,.09,,6,,23.8
156,堡林,2022-05-23 21:00,21.6,,1.7,270,46,1006.5,1014.6,,,,4,,21
156,堡林,2022-05-23 22:00,20,,1.2,250,58,1007.3,1015.5,,,,1,,19
156,堡林,2022-05-23 23:00,19.2,,.4,0,60,1007.6,1015.8,,,,0,,17.6
156,堡林,2022-05-24 00:00,19,,.8,250,59,1007.7,1015.9,,,,0,,16.4
156,堡林,2022-05-24 01:00,18.9,,0,0,59,1007.6,1015.8,,,,0,,15.5
156,堡林,2022-05-24 02:00,18,,0,0,63,1007.5,1015.7,,,,0,,14.7
156,堡林,2022-05-24 03:00,17.2,,.4,0,73,1007.6,1015.9,,,,0,,14.2
156,堡林,2022-05-24 04:00,16.9,,.3,0,76,1007.4,1015.7,,,,0,,13.6
156,堡林,2022-05-24 05:00,15.9,,0,0,80,1007.3,1015.6,,,,0,,13.1
156,堡林,2022-05-24 06:00,16,,.7,320,74,1007.5,1015.8,0,.1,,0,,13.1
156,堡林,2022-05-24 07:00,16.4,,.1,0,77,1007.3,1015.6,1,.54,,0,,14.9
156,堡林,2022-05-24 08:00,20.4,,1.8,70,56,1007.6,1015.8,1,1.25,,0,,23.5
156,堡林,2022-05-24 09:00,23.2,,2.1,70,43,1007.5,1015.6,1,1.98,,0,,32.7
156,堡林,2022-05-24 10:00,25.1,,2.7,70,34,1006.9,1014.9,1,2.59,,0,,41.4
156,堡林,2022-05-24 11:00,27.3,,1.4,20,32,1006.6,1014.6,1,3.07,,0,,48.1
156,堡林,2022-05-24 12:00,28.5,,1,50,30,1006,1013.9,1,3.37,,0,,53.3
156,堡林,2022-05-24 13:00,29.4,,2.2,50,27,1005.1,1013,1,3.49,,0,,55.4
156,堡林,2022-05-24 14:00,30.4,,1.3,270,27,1004.3,1012.2,1,3.34,,0,,56.1
156,堡林,2022-05-24 15:00,30.4,,1.2,340,27,1003.7,1011.6,1,3,,0,,54.5
156,堡林,2022-05-24 16:00,30.9,,1.5,290,27,1003.1,1011,1,2.52,,1,,51
156,堡林,2022-05-24 17:00,28.9,,1.7,290,39,1003,1010.9,1,1.88,,2,,44.9
156,堡林,2022-05-24 18:00,26.4,,1.3,290,47,1003.5,1011.5,1,1.15,,0,,36.7
156,堡林,2022-05-24 19:00,24.2,,1.4,250,51,1004,1012,.9,.42,,0,,29.4
156,堡林,2022-05-24 20:00,22.4,,1.4,250,56,1004.5,1012.6,0,.08,,2,,24.4
156,堡林,2022-05-24 21:00,21.4,,1,250,60,1004.9,1013,,,,0,,21.6
156,堡林,2022-05-24 22:00,20.9,,.1,0,62,1004.9,1013,,,,0,,19.9
156,堡林,2022-05-24 23:00,20.6,,.8,250,64,1004.9,1013.1,,,,0,,18.9
156,堡林,2022-05-25 00:00,20,,.1,0,68,1004.6,1012.8,,,,0,,17.9
156,堡林,2022-05-25 01:00,19.6,,0,0,71,1004.1,1012.2,,,,0,,17.2
156,堡林,2022-05-25 02:00,18.6,,.5,320,79,1003.8,1012,,,,0,,16.5
156,堡林,2022-05-25 03:00,18.6,,0,0,79,1003.4,1011.6,,,,0,,15.8
156,堡林,2022-05-25 04:00,17.4,,1.2,250,88,1003.3,1011.5,,,,0,,15.4
156,堡林,2022-05-25 05:00,17.1,,.4,0,89,1003.3,1011.5,,,,0,,14.9
156,堡林,2022-05-25 06:00,16.8,,.8,250,92,1003.7,1012,0,.1,,0,,13.8
156,堡林,2022-05-25 07:00,17.8,,.2,0,87,1004,1012.2,1,.52,,0,,16.9
156,堡林,2022-05-25 08:00,20.2,,.3,0,70,1003.6,1011.8,1,1.17,,0,,29
156,堡林,2022-05-25 09:00,21.9,,.5,320,62,1003.5,1011.6,1,1.89,,0,,38.6
156,堡林,2022-05-25 10:00,24.2,,.9,250,55,1003,1011,1,2.47,,0,,46.7
156,堡林,2022-05-25 11:00,26.8,,1.4,200,46,1002.4,1010.3,1,2.97,,0,,53.8
156,堡林,2022-05-25 12:00,26.9,,1.3,250,41,1001.6,1009.5,1,3.28,,0,,58.3
156,堡林,2022-05-25 13:00,28.8,,1.5,270,37,1000.6,1008.5,1,3.37,,0,,59.8
156,堡林,2022-05-25 14:00,29.8,,3.6,230,37,999.6,1007.4,1,3.2,,0,,61
156,堡林,2022-05-25 15:00,29.6,,3.5,230,40,999,1006.8,1,2.6,,6,,55.7
156,堡林,2022-05-25 16:00,27.1,,2.3,270,48,998.8,1006.7,.9,2.02,,7,,48.1
156,堡林,2022-05-25 17:00,26.5,,2.1,290,47,998.8,1006.7,1,1.61,,8,,42.3
156,堡林,2022-05-25 18:00,24.7,,1.3,290,50,999.1,1007,.4,.83,,8,,35.4
156,堡林,2022-05-25 19:00,21.8,,1.8,340,56,1000,1008.1,.1,.36,,8,,27
156,堡林,2022-05-25 20:00,20.7,,1.4,290,60,1000.5,1008.6,0,.08,,9,,22.9
156,堡林,2022-05-25 21:00,20,,.9,270,66,1000.8,1009,,,,9,,20.6
156,堡林,2022-05-25 22:00,19.7,,.1,0,66,1000.7,1008.8,,,,9,,19.2
156,堡林,2022-05-25 23:00,19.9,,.1,0,67,1000.6,1008.8,,,,10,,19.5
156,堡林,2022-05-26 00:00,19.5,,1.3,250,68,1000.2,1008.3,,,,9,,18.6
156,堡林,2022-05-26 01:00,19.3,,1.9,250,74,999.9,1008,,,,7,,19.1
156,堡林,2022-05-26 02:00,19,,1.3,230,82,999.1,1007.2,,,,9,,19.7
156,堡林,2022-05-26 03:00,18.1,0,1.5,270,94,999,1007.2,,,,10,,18.9
156,堡林,2022-05-26 04:00,17,.4,1.3,340,99,998.8,1007,,,,5,,17.3
156,堡林,2022-05-26 05:00,16.2,,1.2,320,98,998.8,1007,,,,7,,15.5
156,堡林,2022-05-26 06:00,15.7,,1.1,50,93,999.3,1007.6,0,.1,,8,,14.2
156,堡林,2022-05-26 07:00,16.1,,1.4,70,90,999.4,1007.7,.3,.44,,7,,16.7
156,堡林,2022-05-26 08:00,17.3,,.9,50,78,999.6,1007.8,1,1.27,,7,,23.2
156,堡林,2022-05-26 09:00,19.1,,.7,90,65,999.8,1007.9,1,1.81,,5,,31.6
156,堡林,2022-05-26 10:00,19.9,,1,320,52,999.4,1007.5,1,2.51,,6,,37.4
156,堡林,2022-05-26 11:00,22.1,,1.4,360,45,999.1,1007.1,1,2.61,,7,,47.1
156,堡林,2022-05-26 12:00,24.6,,1.9,70,35,998.4,1006.3,1,3.65,,2,,55.6
156,堡林,2022-05-26 13:00,24.9,,2.4,20,26,997.6,1005.6,1,3.82,,1,,57.7
156,堡林,2022-05-26 14:00,26.4,,1.6,20,28,996.8,1004.7,1,3.64,,0,,59.7
156,堡林,2022-05-26 15:00,26,,2.1,360,26,996.1,1004,1,3.32,,0,,57.4
156,堡林,2022-05-26 16:00,26.1,,2.3,340,30,995.8,1003.7,1,2.79,,3,,52.8
156,堡林,2022-05-26 17:00,25.6,,1.6,340,39,995.6,1003.5,1,2.08,,1,,45.1
156,堡林,2022-05-26 18:00,24.5,,1.6,320,38,995.5,1003.4,1,1.32,,3,,36.8
156,堡林,2022-05-26 19:00,22.2,,1.3,290,41,995.8,1003.8,.9,.54,,0,,25.3
156,堡林,2022-05-26 20:00,20,,1.3,290,58,996.4,1004.5,.1,.1,,0,,20.1
156,堡林,2022-05-26 21:00,19.1,,.9,270,48,997.3,1005.4,,,,0,,16.8
156,堡林,2022-05-26 22:00,18.4,,1.5,270,45,997.6,1005.7,,,,1,,15
156,堡林,2022-05-26 23:00,17.5,,1.9,250,57,997.3,1005.5,,,,2,,14
156,堡林,2022-05-27 00:00,16.9,,1.3,200,67,996.7,1004.9,,,,0,,12.8
156,堡林,2022-05-27 01:00,16.1,,1.3,230,76,996,1004.2,,,,0,,12.3
156,堡林,2022-05-27 02:00,15.8,,1.3,230,78,995.7,1003.9,,,,0,,11.7
156,堡林,2022-05-27 03:00,15.8,,1.3,230,75,995.6,1003.8,,,,0,,11.2
156,堡林,2022-05-27 04:00,15.6,,1.5,250,76,995.8,1004,,,,0,,10.8
156,堡林,2022-05-27 05:00,15.5,,1.2,230,73,995.8,1004.1,,,,0,,10.6
156,堡林,2022-05-27 06:00,15.2,,1.6,230,80,995.9,1004.2,0,.1,,0,,11.4
156,堡林,2022-05-27 07:00,15.9,,1.4,230,84,996,1004.2,1,.59,,0,,13.8
156,堡林,2022-05-27 08:00,18.1,,2.4,230,74,996.4,1004.5,1,1.3,,0,,28.3
156,堡林,2022-05-27 09:00,19.9,,2.5,250,66,996.2,1004.3,1,1.99,,0,,38.4
156,堡林,2022-05-27 10:00,22.8,,2.2,250,57,995.6,1003.6,1,2.64,,1,,47.1
156,堡林,2022-05-27 11:00,24,,3.4,270,49,995.5,1003.4,1,3.17,,0,,52.2
156,堡林,2022-05-27 12:00,24.8,,2.6,290,49,995.3,1003.2,1,3.47,,0,,57.1
156,堡林,2022-05-27 13:00,25.4,,2.9,270,51,995.2,1003.1,1,3.59,,0,,58.7
156,堡林,2022-05-27 14:00,25.4,,1.9,320,46,994.9,1002.8,1,3.48,,0,,58.3
156,堡林,2022-05-27 15:00,26.6,,1.9,270,42,994.7,1002.6,1,3.2,,0,,58.6
156,堡林,2022-05-27 16:00,27.8,,1.8,270,39,994.5,1002.3,1,2.71,,0,,54.7
156,堡林,2022-05-27 17:00,26.7,,1.9,290,37,994.5,1002.4,1,2.04,,0,,47.1
156,堡林,2022-05-27 18:00,25.7,,1.4,290,44,994.7,1002.6,1,1.26,,0,,37.4
156,堡林,2022-05-27 19:00,23.7,,1.2,270,50,995.3,1003.2,.9,.51,,0,,27.1
156,堡林,2022-05-27 20:00,21.4,,1.6,250,74,995.8,1003.8,0,.09,,0,,19.9
156,堡林,2022-05-27 21:00,20.1,,2.4,250,81,997,1005.1,,,,0,,17.5
156,堡林,2022-05-27 22:00,19.6,,1,250,79,997.9,1006,,,,0,,15.6
156,堡林,2022-05-27 23:00,19.2,,1.5,200,89,997.9,1006,,,,0,,14.8
156,堡林,2022-05-28 00:00,18.4,,1.6,200,91,997.8,1005.9,,,,0,,14
156,堡林,2022-05-28 01:00,17.9,,1.6,230,95,997.7,1005.9,,,,1,,12.8
156,堡林,2022-05-28 02:00,17.6,,1.9,230,96,998.1,1006.3,,,,1,,12.9
156,堡林,2022-05-28 03:00,17.3,,1.8,230,94,998.3,1006.5,,,,4,,12.3
156,堡林,2022-05-28 04:00,17.1,,1.2,230,95,998.3,1006.5,,,,4,,12
156,堡林,2022-05-28 05:00,17,,.2,0,92,998.4,1006.6,,,,6,,11.3
156,堡林,2022-05-28 06:00,17,,0,0,97,998.7,1006.9,0,.11,,8,,13.6
156,堡林,2022-05-28 07:00,17.8,,0,0,95,999.1,1007.3,.1,.45,,9,,19.7
156,堡林,2022-05-28 08:00,19.1,,.5,160,81,999.6,1007.7,.1,.85,,4,,26.6
156,堡林,2022-05-28 09:00,21.3,,1.1,230,54,999.7,1007.8,.1,1.21,,6,,33.8
156,堡林,2022-05-28 10:00,23.6,,1.2,230,42,999.6,1007.6,.9,2.22,,7,,46.4
156,堡林,2022-05-28 11:00,25.6,,1.4,200,37,999.8,1007.8,1,2.68,,8,,51.5
156,堡林,2022-05-28 12:00,26.5,,1.3,230,33,999.6,1007.5,.6,2.51,,8,,52.1
156,堡林,2022-05-28 13:00,28.5,,1.7,230,33,999.3,1007.2,1,2.85,,8,,54.4
156,堡林,2022-05-28 14:00,28.7,,1.8,250,33,998.8,1006.7,.7,2.47,,8,,50.7
156,堡林,2022-05-28 15:00,29.1,,3.1,230,33,998.7,1006.5,.7,2.2,,8,,51.9
156,堡林,2022-05-28 16:00,28.9,,2,250,21,998.3,1006.1,.9,2.03,,7,,48.2
156,堡林,2022-05-28 17:00,28.3,,3.1,250,23,998.2,1006.1,1,1.94,,6,,45.2
156,堡林,2022-05-28 18:00,26.7,,3.6,250,33,998.2,1006.1,.7,1.14,,5,,34.8
156,堡林,2022-05-28 19:00,24.4,,4.1,250,44,998.7,1006.6,.6,.53,,6,,25.8
156,堡林,2022-05-28 20:00,22.8,,3.5,250,46,999.2,1007.2,.1,.12,,6,,19.3
156,堡林,2022-05-28 21:00,21.6,,1.5,230,60,1000,1008.1,,,,6,,17.8
156,堡林,2022-05-28 22:00,20.4,,2.3,250,73,1000.7,1008.8,,,,7,,16.1
156,堡林,2022-05-28 23:00,19.5,,2,230,83,1000.7,1008.8,,,,6,,15.1
156,堡林,2022-05-29 00:00,19.1,,1.1,250,85,1000.7,1008.8,,,,3,,14.2
156,堡林,2022-05-29 01:00,18.5,,.5,250,98,1000.2,1008.3,,,,6,,13.8
156,堡林,2022-05-29 02:00,18.1,,1.8,230,99,999.8,1008,,,,1,,13.5
156,堡林,2022-05-29 03:00,17.6,,.6,180,96,999.4,1007.6,,,,4,,12.3
156,堡林,2022-05-29 04:00,16.7,,1,90,97,999.3,1007.5,,,,6,,12.2
156,堡林,2022-05-29 05:00,16.4,,.9,90,91,999.3,1007.5,,,,3,,11.3
156,堡林,2022-05-29 06:00,16.5,,.4,0,91,999.1,1007.3,.1,.12,,0,,12.1
156,堡林,2022-05-29 07:00,17.7,,0,0,83,999.2,1007.4,1,.63,,5,,15
156,堡林,2022-05-29 08:00,19.2,,.7,230,74,999.4,1007.5,1,1.34,,1,,34.8
156,堡林,2022-05-29 09:00,21.8,,.6,250,61,999.3,1007.4,1,2.08,,2,,43.8
156,堡林,2022-05-29 10:00,24.2,,1.8,200,43,998.4,1006.3,1,2.74,,4,,50.9
156,堡林,2022-05-29 11:00,25.8,,3.8,200,40,997.7,1005.6,1,3.3,,5,,54.6
156,堡林,2022-05-29 12:00,27.5,,1.6,230,41,997.1,1005,1,3.29,,7,,59.4
156,堡林,2022-05-29 13:00,28.5,,5.2,230,40,996.7,1004.5,1,3.67,,4,,62.5
156,堡林,2022-05-29 14:00,29.3,,3.5,230,38,996.1,1003.9,1,3.42,,7,,63.6
156,堡林,2022-05-29 15:00,27.9,,5.6,200,39,995.9,1003.8,1,3.19,,6,,57.6
156,堡林,2022-05-29 16:00,28.6,,4.8,230,40,995.4,1003.2,1,2.71,,6,,57.3
156,堡林,2022-05-29 17:00,26.1,,4.5,200,40,995.6,1003.5,.9,1.69,,7,,42.2
156,堡林,2022-05-29 18:00,24.4,,2.9,230,47,995.7,1003.6,0,.52,,10,,31.5
156,堡林,2022-05-29 19:00,23.3,0,2.1,180,51,995.9,1003.9,0,.19,,10,,26.6
156,堡林,2022-05-29 20:00,22.2,0,1.3,160,59,996.1,1004.1,0,.07,,10,,23.5
156,堡林,2022-05-29 21:00,20.3,0,.4,0,81,996.6,1004.7,,,,10,,20.1
156,堡林,2022-05-29 22:00,20.7,0,0,0,80,996.4,1004.5,,,,10,,19.7
156,堡林,2022-05-29 23:00,20.7,,.7,250,80,996.1,1004.2,,,,0,,19.7
156,堡林,2022-05-30 00:00,20.3,0,1.1,320,83,995.6,1003.7,,,,5,,19.1
156,堡林,2022-05-30 01:00,19.1,0,1.2,50,85,995,1003.1,,,,10,,18.6
156,堡林,2022-05-30 02:00,19.8,0,.6,90,78,994.5,1002.5,,,,10,,18.3
156,堡林,2022-05-30 03:00,19.6,,1.3,70,85,993.7,1001.7,,,,8,,18.4
156,堡林,2022-05-30 04:00,19.2,,1.8,70,89,993.7,1001.8,,,,6,,18.3
156,堡林,2022-05-30 05:00,19.2,,.8,70,89,993.7,1001.8,,,,9,,18.5
156,堡林,2022-05-30 06:00,18.3,0,1.7,70,99,993.7,1001.8,0,.06,,7,,18.3
156,堡林,2022-05-30 07:00,17.7,0,.7,50,99,994,1002.1,0,.13,,10,,18.8
156,堡林,2022-05-30 08:00,17.9,0,1.1,70,99,994.1,1002.2,0,.27,,10,,20.8
156,堡林,2022-05-30 09:00,18.6,0,1.7,50,99,994.5,1002.6,0,.44,,10,,21.7
156,堡林,2022-05-30 10:00,19.4,0,.8,70,99,994.4,1002.5,0,.82,,10,,26.3
156,堡林,2022-05-30 11:00,20,,.6,250,95,994.4,1002.5,0,.77,,10,,28.6
156,堡林,2022-05-30 12:00,20.5,,1.5,230,94,994.4,1002.5,0,.67,,10,,27.6
156,堡林,2022-05-30 13:00,20.9,,1.9,230,90,994.1,1002.2,0,.73,,10,,28.4
156,堡林,2022-05-30 14:00,21.5,,1,250,88,993.7,1001.7,0,.69,,10,,29.2
156,堡林,2022-05-30 15:00,21.4,,1.8,250,89,993.6,1001.6,0,.57,,10,,28.5
156,堡林,2022-05-30 16:00,21.4,,1.5,270,92,993.6,1001.6,0,.32,,10,,24.6
156,堡林,2022-05-30 17:00,21.4,,1,270,91,994.1,1002.1,0,.24,,10,,25.6
156,堡林,2022-05-30 18:00,21.6,,.9,290,84,994,1002,0,.51,,10,,28.2
156,堡林,2022-05-30 19:00,21,,1,290,85,994.7,1002.8,0,.29,,9,,22.7
156,堡林,2022-05-30 20:00,20.2,,1.2,320,88,995.8,1003.9,0,.07,,10,,20.9
156,堡林,2022-05-30 21:00,19.9,,.9,340,92,996.8,1004.9,,,,10,,20.3
156,堡林,2022-05-30 22:00,19.3,,1.5,20,97,997.3,1005.4,,,,10,,19.8
156,堡林,2022-05-30 23:00,19.1,,1,320,98,997.6,1005.7,,,,8,,19
156,堡林,2022-05-31 00:00,18.4,,1.4,320,94,998,1006.1,,,,7,,15.5
156,堡林,2022-05-31 01:00,17.6,,.8,50,88,998.3,1006.5,,,,0,,12.9
156,堡林,2022-05-31 02:00,17.6,,1.6,20,63,998.6,1006.8,,,,0,,12.5
156,堡林,2022-05-31 03:00,15.9,,1.7,70,69,998.3,1006.6,,,,0,,9.3
156,堡林,2022-05-31 04:00,15.6,,1.2,50,72,998.5,1006.8,,,,0,,9.1
156,堡林,2022-05-31 05:00,15,,.3,0,77,999,1007.3,,,,0,,8.1
156,堡林,2022-05-31 06:00,15,,.8,320,77,999.6,1007.9,.2,.1,,0,,9.4
156,堡林,2022-05-31 07:00,15.7,,.2,0,72,1000.5,1008.8,1,.64,,0,,11.8
156,堡林,2022-05-31 08:00,18.3,,.9,200,61,1001.2,1009.4,1,1.39,,0,,34.3
156,堡林,2022-05-31 09:00,21,,0,0,50,1001.8,1009.9,1,2.13,,0,,42.6
156,堡林,2022-05-31 10:00,23.8,,.4,0,43,1001.9,1009.9,1,2.77,,0,,49.7
156,堡林,2022-05-31 11:00,24.7,,.6,230,37,1001.9,1009.8,1,3.25,,0,,54.3
156,堡林,2022-05-31 12:00,26.7,,1.3,230,32,1001.7,1009.6,1,3.49,,0,,57.1
156,堡林,2022-05-31 13:00,28,,2.1,230,27,1001.2,1009.1,1,3.66,,0,,61.8
156,堡林,2022-05-31 14:00,29.1,,2.5,250,29,1000.5,1008.3,1,3.52,,0,,63.8
156,堡林,2022-05-31 15:00,29.7,,1.9,250,26,1000.1,1007.9,1,3.18,,0,,60.7
156,堡林,2022-05-31 16:00,28.4,,1.5,270,32,999.6,1007.5,1,2.64,,0,,53.9
156,堡林,2022-05-31 17:00,27.8,,3.2,270,41,999.7,1007.6,1,1.97,,0,,48.2
156,堡林,2022-05-31 18:00,25.9,,2,270,38,1000.2,1008.2,1,1.23,,0,,36.4
156,堡林,2022-05-31 19:00,24.2,,2.1,270,38,1000.4,1008.4,.7,.53,,0,,25.8
156,堡林,2022-05-31 20:00,22.9,,.9,250,40,1000.5,1008.5,.1,.11,,5,,20.4
156,堡林,2022-05-31 21:00,22.5,,.2,0,39,1000.8,1008.8,,,,8,,18.7
156,堡林,2022-05-31 22:00,21.3,,.2,0,43,1001.3,1009.4,,,,7,,16.2
156,堡林,2022-05-31 23:00,20.9,,.8,200,49,1001.8,1009.9,,,,8,,16.1
156,堡林,2022-06-01 00:00,20.3,,.1,0,52,1001.9,1010.1,,,,5,,16.1
156,堡林,2022-06-01 01:00,19.5,,.5,140,55,1001.7,1009.8,,,,8,,15.9
156,堡林,2022-06-01 02:00,19.4,,1,230,53,1001.4,1009.5,,,,9,,14.8
156,堡林,2022-06-01 03:00,18.8,,0,0,56,1000.8,1008.9,,,,9,,14.5
156,堡林,2022-06-01 04:00,18.3,,0,0,70,1000.6,1008.8,,,,8,,14.5
156,堡林,2022-06-01 05:00,18.4,,.7,50,61,1000.3,1008.4,,,,9,,15.4
156,堡林,2022-06-01 06:00,18.1,,0,0,60,1000.3,1008.5,0,.09,,9,,15.8
156,堡林,2022-06-01 07:00,19.4,,.3,0,58,1000,1008.1,0,.33,,7,,21.4
156,堡林,2022-06-01 08:00,20.3,,.5,70,56,999.9,1008,.6,.92,,7,,32.2
156,堡林,2022-06-01 09:00,23.3,,0,0,45,999.9,1007.9,1,1.96,,6,,43.8
156,堡林,2022-06-01 10:00,25.4,,.9,230,33,999.5,1007.5,1,2.61,,6,,50.6
156,堡林,2022-06-01 11:00,27.2,,.7,270,28,998.9,1006.8,1,3.03,,7,,54
156,堡林,2022-06-01 12:00,29.4,,1.9,230,21,998.1,1005.9,1,3.4,,6,,59.4
156,堡林,2022-06-01 13:00,30.3,,2.2,250,18,997.2,1005,1,3.67,,5,,63.2
156,堡林,2022-06-01 14:00,32.2,,1.9,250,14,996.5,1004.3,1,3.68,,3,,65.9
156,堡林,2022-06-01 15:00,31.2,,1.7,250,18,996,1003.8,1,3.33,,0,,62.9
156,堡林,2022-06-01 16:00,31.1,,2.7,250,18,995.6,1003.4,1,2.8,,3,,58.3
156,堡林,2022-06-01 17:00,30.7,,3.2,250,22,995.4,1003.2,1,2.14,,0,,53.2
156,堡林,2022-06-01 18:00,27.6,,3.2,270,35,995.9,1003.8,1,1.22,,3,,37.5
156,堡林,2022-06-01 19:00,25,,2.1,250,41,996.6,1004.6,.6,.52,,6,,26.8
156,堡林,2022-06-01 20:00,22.6,,2.3,270,53,997.4,1005.4,.2,.13,,5,,21.5
156,堡林,2022-06-01 21:00,21.2,,1.7,270,61,998.3,1006.4,,,,0,,19
156,堡林,2022-06-01 22:00,20.3,,1,250,64,998.3,1006.4,,,,0,,16.8
156,堡林,2022-06-01 23:00,19.7,,.6,250,61,998.6,1006.7,,,,0,,15.4
156,堡林,2022-06-02 00:00,19,,1.4,230,66,998.8,1006.9,,,,0,,13.4
156,堡林,2022-06-02 01:00,18.7,,.9,270,61,999.2,1007.3,,,,0,,13.1
156,堡林,2022-06-02 02:00,17.9,,1.1,230,83,999.5,1007.7,,,,0,,12.7
156,堡林,2022-06-02 03:00,16.7,,.8,250,95,999.6,1007.8,,,,0,,12.9
156,堡林,2022-06-02 04:00,16.7,,1,250,97,999.7,1007.9,,,,7,,14.5
156,堡林,2022-06-02 05:00,17.2,,1.2,230,94,1000,1008.2,,,,7,,15.9
156,堡林,2022-06-02 06:00,17.3,,1.2,200,92,1000.2,1008.4,0,.1,,7,,16.4
156,堡林,2022-06-02 07:00,18,,.8,160,89,1000.5,1008.7,.4,.53,,7,,22.4
156,堡林,2022-06-02 08:00,18.8,,.7,320,87,1000.7,1008.8,.5,1.05,,3,,29.6
156,堡林,2022-06-02 09:00,21.1,,.2,0,74,1000.6,1008.7,1,1.83,,0,,41.9
156,堡林,2022-06-02 10:00,22.6,,1.4,230,65,1000.6,1008.6,1,2.64,,0,,48.5
156,堡林,2022-06-02 11:00,24.1,,1.8,270,58,1000.3,1008.3,1,3.15,,0,,54.2
156,堡林,2022-06-02 12:00,26.6,,1.2,230,55,999.9,1007.8,1,3.42,,0,,52.2
156,堡林,2022-06-02 13:00,27,,.9,290,45,999.5,1007.4,1,3.54,,0,,56.1
156,堡林,2022-06-02 14:00,28.3,,1.9,270,44,999.2,1007.1,1,3.44,,0,,58.2
156,堡林,2022-06-02 15:00,29.7,,1.6,270,42,998.8,1006.6,1,3.14,,0,,56.5
156,堡林,2022-06-02 16:00,29.8,,1,340,41,998.7,1006.5,1,2.63,,0,,51.4
156,堡林,2022-06-02 17:00,29.4,,1.1,340,46,998.3,1006.1,1,1.96,,0,,44
156,堡林,2022-06-02 18:00,27.6,,1.1,290,57,998.3,1006.2,1,1.22,,1,,37.6
156,堡林,2022-06-02 19:00,25.7,,1.7,270,67,999.2,1007.2,.6,.52,,0,,32
156,堡林,2022-06-02 20:00,23.6,,.9,290,80,1000,1008,0,.1,,0,,27.6
156,堡林,2022-06-02 21:00,22.1,,1.7,250,88,1000.6,1008.7,,,,0,,25
156,堡林,2022-06-02 22:00,21.1,,1.1,250,96,1001.2,1009.3,,,,3,,23
156,堡林,2022-06-02 23:00,20.8,,1.1,250,97,1001.3,1009.4,,,,6,,22.9
156,堡林,2022-06-03 00:00,20.4,,1.1,250,97,1001.7,1009.8,,,,6,,21.3
156,堡林,2022-06-03 01:00,20.7,,.4,0,96,1001.3,1009.4,,,,7,,22.3
156,堡林,2022-06-03 02:00,20.6,,.4,0,95,1001.3,1009.4,,,,8,,22.6
156,堡林,2022-06-03 03:00,20,,.1,0,97,1001,1009.2,,,,6,,21.2
156,堡林,2022-06-03 04:00,19.7,,.8,50,99,1000.7,1008.8,,,,7,,19.7
156,堡林,2022-06-03 05:00,19.4,,.6,50,99,1001.2,1009.3,,,,1,,18.6
156,堡林,2022-06-03 06:00,19,,1.4,50,99,1001.5,1009.6,0,.11,,0,,18.7
156,堡林,2022-06-03 07:00,19.7,,.6,50,98,1001.6,1009.7,.9,.55,,0,,20.2
156,堡林,2022-06-03 08:00,21.7,,.7,70,84,1002.2,1010.3,1,1.24,,0,,27.4
156,堡林,2022-06-03 09:00,23.1,,.2,0,75,1002,1010,1,1.99,,0,,36.3
156,堡林,2022-06-03 10:00,24.7,,0,0,63,1002.1,1010.1,1,2.64,,0,,44.1
156,堡林,2022-06-03 11:00,27.1,,1.2,50,50,1001.8,1009.7,1,3.14,,0,,50.4
156,堡林,2022-06-03 12:00,29,,1.3,200,39,1001.4,1009.3,1,3.46,,0,,55.3
156,堡林,2022-06-03 13:00,31,,.8,20,35,1001,1008.8,1,3.55,,0,,58.2
156,堡林,2022-06-03 14:00,32.6,,.7,360,32,1000.2,1008,1,3.43,,0,,60
156,堡林,2022-06-03 15:00,32.8,,2.3,230,34,999.9,1007.7,1,3.09,,0,,58.4
156,堡林,2022-06-03 16:00,31.4,,3.1,230,40,999.7,1007.5,.5,1.75,,2,,47.1
156,堡林,2022-06-03 17:00,31.1,,3.5,200,40,1000,1007.8,1,1.97,,0,,45.5
156,堡林,2022-06-03 18:00,28.8,,3.9,230,49,1000.5,1008.4,.6,.8,,6,,37.6
156,堡林,2022-06-03 19:00,26.5,,2.6,230,71,1001.3,1009.3,0,.35,,8,,34.1
156,堡林,2022-06-03 20:00,24.8,,2,230,79,1002.1,1010,0,.12,,6,,27.1
156,堡林,2022-06-03 21:00,23.9,,3,200,66,1002.5,1010.5,,,,0,,23.5
156,堡林,2022-06-03 22:00,23.4,,2.8,200,59,1003,1011,,,,1,,21.9
156,堡林,2022-06-03 23:00,23,,.2,0,64,1003,1011,,,,1,,20.3
156,堡林,2022-06-04 00:00,22.1,,.3,0,56,1003.2,1011.3,,,,0,,18.7
156,堡林,2022-06-04 01:00,21.1,,.9,250,66,1003.4,1011.5,,,,0,,18.1
156,堡林,2022-06-04 02:00,20.6,,.3,0,67,1003.6,1011.8,,,,0,,17.2
156,堡林,2022-06-04 03:00,19.9,,.1,0,70,1004,1012.2,,,,0,,17.9
156,堡林,2022-06-04 04:00,19.3,,.5,290,78,1004.3,1012.4,,,,0,,17
156,堡林,2022-06-04 05:00,18.4,,.8,50,85,1004,1012.2,,,,3,,16.5
156,堡林,2022-06-04 06:00,19,,1,50,82,1003.8,1011.9,0,.12,,8,,17.5
156,堡林,2022-06-04 07:00,19.8,,.3,0,75,1003.5,1011.6,.4,.51,,8,,19.4
156,堡林,2022-06-04 08:00,21.7,,.9,270,61,1003.4,1011.5,1,1.18,,5,,28
156,堡林,2022-06-04 09:00,24.6,,.8,320,49,1003.5,1011.5,1,2.02,,6,,38.1
156,堡林,2022-06-04 10:00,25.7,,1,250,43,1003.4,1011.4,1,2.69,,4,,47.4
156,堡林,2022-06-04 11:00,27.8,,2.9,200,37,1002.7,1010.6,.9,2.89,,8,,49
156,堡林,2022-06-04 12:00,29.9,,2.4,200,34,1002.1,1010,1,3.16,,8,,53.7
156,堡林,2022-06-04 13:00,30.4,,4.3,200,32,1001.5,1009.4,.9,3.05,,7,,58.9
156,堡林,2022-06-04 14:00,28.6,,3.5,180,33,1001.2,1009.1,.4,2.09,,9,,47.5
156,堡林,2022-06-04 15:00,29,,1.5,160,33,1000.7,1008.6,.2,1.86,,9,,45.5
156,堡林,2022-06-04 16:00,29.6,,2.2,200,31,1000.4,1008.2,1,2.1,,9,,45.6
156,堡林,2022-06-04 17:00,29.3,,1.8,160,29,999.5,1007.3,.8,1.72,,8,,41
156,堡林,2022-06-04 18:00,27.7,,1.2,160,32,999.2,1007.1,.1,.8,,8,,35.2
156,堡林,2022-06-04 19:00,26.4,,3,200,37,999.7,1007.6,0,.35,,9,,30.4
156,堡林,2022-06-04 20:00,25.4,,2.4,180,40,1000.2,1008.2,0,.09,,9,,25.5
156,堡林,2022-06-04 21:00,24.5,,2,180,44,1000.2,1008.1,,,,8,,24.1
156,堡林,2022-06-04 22:00,24.2,,2,160,43,999.9,1007.9,,,,10,,23.5
156,堡林,2022-06-04 23:00,23.7,,3.8,200,47,999.9,1007.9,,,,10,,23.2
156,堡林,2022-06-05 00:00,22.7,0,2.4,180,53,999.2,1007.2,,,,10,,21.7
156,堡林,2022-06-05 01:00,22.6,0,2.2,180,54,998.7,1006.7,,,,10,,21.7
156,堡林,2022-06-05 02:00,22,0,2.2,180,57,997.7,1005.7,,,,10,,21.1
156,堡林,2022-06-05 03:00,22.3,0,1.1,90,60,997.8,1005.8,,,,10,,21.5
156,堡林,2022-06-05 04:00,19.5,.2,1.9,50,83,998.1,1006.2,,,,10,,19.2
156,堡林,2022-06-05 05:00,18.6,.6,2.4,70,91,996.9,1005,,,,10,,18.7
156,堡林,2022-06-05 06:00,18,0,2,50,99,996.1,1004.2,0,.06,,10,,18.7
156,堡林,2022-06-05 07:00,18.3,0,2.5,70,99,995.9,1004,0,.13,,10,,19.1
156,堡林,2022-06-05 08:00,18.2,.4,2.1,70,99,995.3,1003.4,0,.19,,10,,19.6
156,堡林,2022-06-05 09:00,18,1,1,70,99,995,1003.1,0,.26,,10,,20.4
156,堡林,2022-06-05 10:00,18.7,.4,1,70,99,995,1003.1,0,.51,,10,,22.9
156,堡林,2022-06-05 11:00,19.9,0,1.5,110,90,994.3,1002.4,0,.66,,10,,24.5
156,堡林,2022-06-05 12:00,19,.3,1.9,70,98,993.9,1002,0,.71,,10,,24.1
156,堡林,2022-06-05 13:00,19.1,0,2.5,70,93,993.1,1001.2,0,.54,,10,,22.1
156,堡林,2022-06-05 14:00,18.5,.1,2.2,70,99,992.4,1000.5,0,.46,,10,,21.7
156,堡林,2022-06-05 15:00,17.8,.9,3.1,70,99,992.1,1000.2,0,.37,,10,,20.8
156,堡林,2022-06-05 16:00,17.6,3.4,2.2,70,99,992.1,1000.2,0,.3,,10,,20.3
156,堡林,2022-06-05 17:00,17.4,4.3,2.3,70,99,991.8,999.9,0,.29,,10,,20
156,堡林,2022-06-05 18:00,17,5.7,1.9,70,99,991.4,999.5,0,.13,,10,,18.7
156,堡林,2022-06-05 19:00,17.1,2.2,2.6,70,99,990.3,998.4,0,.1,,10,,18.7
156,堡林,2022-06-05 20:00,17.1,2,3.4,70,99,989.4,997.5,0,.06,,10,,18.5
156,堡林,2022-06-05 21:00,17.2,.7,3.1,50,99,990.1,998.2,,,,10,,18.3
156,堡林,2022-06-05 22:00,17.1,,.5,270,99,990.7,998.8,,,,10,,17.9
156,堡林,2022-06-05 23:00,17.1,,0,0,99,991,999.1,,,,7,,18.3
156,堡林,2022-06-06 00:00,17.2,,0,0,99,991.4,999.5,,,,9,,18.7
156,堡林,2022-06-06 01:00,17.2,,0,0,99,991.1,999.2,,,,7,,18.9
156,堡林,2022-06-06 02:00,17.5,,1.1,70,99,990.9,999,,,,7,,18.7
156,堡林,2022-06-06 03:00,16.8,,.7,50,99,990.8,998.9,,,,6,,17.8
156,堡林,2022-06-06 04:00,16.8,,.7,50,99,990.3,998.4,,,,6,,17.7
156,堡林,2022-06-06 05:00,16.9,,.2,0,99,990.7,998.8,,,,8,,17.9
156,堡林,2022-06-06 06:00,17.2,,0,0,99,990.9,999,0,.09,,9,,18.5
156,堡林,2022-06-06 07:00,17.6,,0,0,99,991.1,999.2,0,.23,,7,,19.7
156,堡林,2022-06-06 08:00,18.1,,.7,250,99,991.7,999.8,0,.31,,10,,20.6
156,堡林,2022-06-06 09:00,19.6,,1.2,270,99,991.8,999.8,0,.76,,10,,24.1
156,堡林,2022-06-06 10:00,20,,1.2,340,88,991.7,999.8,0,.9,,10,,24.1
156,堡林,2022-06-06 11:00,20,,1.3,320,87,992.3,1000.4,0,.7,,10,,23.4
156,堡林,2022-06-06 12:00,21.3,,.8,340,73,991.9,999.9,.5,2.28,,8,,30.6
156,堡林,2022-06-06 13:00,21.7,,1.5,250,78,991.8,999.8,.2,1.65,,10,,29.7
156,堡林,2022-06-06 14:00,23.7,,1.1,290,69,991.9,999.8,.5,2.3,,8,,34.1
156,堡林,2022-06-06 15:00,23.8,,1.5,320,67,992.3,1000.2,.8,2.68,,10,,33.4
156,堡林,2022-06-06 16:00,24.2,,1.2,20,68,991.8,999.7,.7,2.04,,0,,33.7
156,堡林,2022-06-06 17:00,24.2,,1.2,20,63,991.9,999.8,.9,1.79,,3,,28.7
156,堡林,2022-06-06 18:00,23.9,,1,20,62,992.3,1000.2,.4,.66,,2,,25.1
156,堡林,2022-06-06 19:00,23.6,,1.3,50,63,992.8,1000.7,.5,.5,,1,,23.3
156,堡林,2022-06-06 20:00,22,,1.2,320,82,993.6,1001.6,.2,.12,,1,,21.3
156,堡林,2022-06-06 21:00,20,,1.7,270,96,995.1,1003.2,,,,3,,20
156,堡林,2022-06-06 22:00,19.1,,.2,0,99,996.1,1004.2,,,,5,,19.5
156,堡林,2022-06-06 23:00,18.9,,1.3,250,99,996.2,1004.3,,,,4,,19
156,堡林,2022-06-07 00:00,19.1,,1.6,250,99,996.8,1004.9,,,,8,,20
156,堡林,2022-06-07 01:00,18.8,,1,200,99,996.5,1004.6,,,,7,,20.1
156,堡林,2022-06-07 02:00,19,,.5,230,99,996.6,1004.7,,,,8,,19.9
156,堡林,2022-06-07 03:00,19.2,,2.3,200,96,996.3,1004.4,,,,8,,19.5
156,堡林,2022-06-07 04:00,18.8,,1.5,160,94,996.6,1004.7,,,,8,,19.2
156,堡林,2022-06-07 05:00,18.9,,1.9,200,91,997,1005.1,,,,8,,18.9
156,堡林,2022-06-07 06:00,18.8,,1.7,230,91,997.7,1005.8,0,.07,,7,,19.2
156,堡林,2022-06-07 07:00,19,,3.3,200,91,998,1006.1,0,.22,,7,,20.2
156,堡林,2022-06-07 08:00,19.9,,2.3,200,87,998.4,1006.5,.1,.63,,7,,22.9
156,堡林,2022-06-07 09:00,19.9,,3.4,200,82,998.5,1006.6,0,1.08,,8,,24.2
156,堡林,2022-06-07 10:00,21.2,,2.8,180,76,998.8,1006.9,.4,1.78,,7,,29
156,堡林,2022-06-07 11:00,23.1,,2.2,180,65,998.8,1006.8,.8,2.7,,8,,37.2
156,堡林,2022-06-07 12:00,22.1,,2.8,200,68,998.8,1006.8,.3,2.21,,8,,30.4
156,堡林,2022-06-07 13:00,22.8,,1.9,160,63,998.6,1006.6,.4,2.28,,9,,33.8
156,堡林,2022-06-07 14:00,23.3,,3.5,200,61,998.6,1006.6,.5,2.7,,8,,36.9
156,堡林,2022-06-07 15:00,21.6,,2.7,180,69,998.7,1006.8,0,1.17,,8,,29.6
156,堡林,2022-06-07 16:00,21.7,,1.8,230,69,998.8,1006.9,0,.89,,9,,27.6
156,堡林,2022-06-07 17:00,20.4,,2.8,200,77,999,1007.1,0,.5,,10,,24.3
156,堡林,2022-06-07 18:00,18.2,.4,1.8,230,99,999.4,1007.6,0,.18,,10,,22.2
156,堡林,2022-06-07 19:00,17,1.6,1.2,200,99,1000,1008.2,0,.14,,10,,20.4
156,堡林,2022-06-07 20:00,16.1,3.3,1.4,110,99,1000.4,1008.7,0,.06,,10,,19.4
156,堡林,2022-06-07 21:00,16.5,.3,.7,90,99,1001,1009.2,,,,10,,19.4
156,堡林,2022-06-07 22:00,16.2,.9,1.3,70,99,1001.5,1009.8,,,,10,,19
156,堡林,2022-06-07 23:00,16.4,.6,1.3,50,99,1002,1010.3,,,,10,,18.9
156,堡林,2022-06-08 00:00,16.5,0,1.4,70,99,1001.9,1010.2,,,,10,,19
156,堡林,2022-06-08 01:00,16.4,.2,1.1,70,99,1001.9,1010.2,,,,10,,18.7
156,堡林,2022-06-08 02:00,16.4,.7,1,50,99,1001.9,1010.2,,,,10,,18.6
156,堡林,2022-06-08 03:00,16.3,1.9,.3,0,99,1002.3,1010.6,,,,10,,18.4
156,堡林,2022-06-08 04:00,15.9,.3,.8,70,99,1002.1,1010.4,,,,10,,18.1
156,堡林,2022-06-08 05:00,16.1,.1,.2,0,99,1002.5,1010.8,,,,10,,18.2
156,堡林,2022-06-08 06:00,16.2,,0,0,99,1003.2,1011.5,0,.08,,8,,18.6
156,堡林,2022-06-08 07:00,16.5,,.7,50,99,1003.8,1012.1,0,.22,,10,,19.3
156,堡林,2022-06-08 08:00,17.1,,.8,70,99,1004.3,1012.5,0,.42,,10,,21.1
156,堡林,2022-06-08 09:00,17.8,,.4,0,99,1004.5,1012.7,0,.71,,9,,22.7
156,堡林,2022-06-08 10:00,18.4,,.7,70,97,1004.3,1012.5,0,.72,,10,,23.6
156,堡林,2022-06-08 11:00,19.3,,.5,50,90,1003.9,1012,0,1.05,,9,,25.1
156,堡林,2022-06-08 12:00,21.3,,.8,180,75,1003.7,1011.8,.3,1.63,,9,,32.8
156,堡林,2022-06-08 13:00,21.1,,.7,140,72,1003.2,1011.3,.3,1.88,,8,,28.9
156,堡林,2022-06-08 14:00,21.6,,.5,160,72,1003.1,1011.2,0,.94,,9,,27
156,堡林,2022-06-08 15:00,22.6,,.8,180,70,1002.6,1010.6,0,1.13,,9,,29
156,堡林,2022-06-08 16:00,23.5,,.5,140,64,1002.4,1010.4,0,1.43,,9,,29.6
156,堡林,2022-06-08 17:00,23.8,,1.6,230,64,1002.3,1010.3,.4,1.27,,6,,27.9
156,堡林,2022-06-08 18:00,22.9,,1.2,200,62,1002.3,1010.3,1,1.24,,0,,24.6
156,堡林,2022-06-08 19:00,21.6,,2.1,230,73,1002.9,1011,.2,.33,,4,,22.3
156,堡林,2022-06-08 20:00,21,,3.5,180,76,1003.5,1011.6,0,.08,,6,,20.5
156,堡林,2022-06-08 21:00,20,,2,200,82,1004.4,1012.6,,,,8,,19.3
156,堡林,2022-06-08 22:00,19.6,,1,230,83,1004.7,1012.8,,,,8,,18.5
156,堡林,2022-06-08 23:00,19.2,,.8,270,89,1005.5,1013.7,,,,7,,18.7
156,堡林,2022-06-09 00:00,18.5,,1.6,230,96,1005.3,1013.5,,,,8,,19.1
156,堡林,2022-06-09 01:00,18.1,,1.5,230,98,1004.9,1013.1,,,,7,,18.5
156,堡林,2022-06-09 02:00,17.4,,1,180,98,1004.6,1012.8,,,,7,,17.7
156,堡林,2022-06-09 03:00,17.1,,.8,230,99,1004.8,1013,,,,7,,17.6
156,堡林,2022-06-09 04:00,16.6,,0,0,99,1004.8,1013.1,,,,8,,17.2
156,堡林,2022-06-09 05:00,16.4,,.1,0,99,1004.9,1013.2,,,,3,,16.4
156,堡林,2022-06-09 06:00,16.6,,.4,0,99,1005.4,1013.7,0,.12,,0,,16.7
156,堡林,2022-06-09 07:00,17.3,,0,0,99,1005.5,1013.7,.8,.54,,0,,18.5
156,堡林,2022-06-09 08:00,18.4,,.4,0,94,1005.9,1014.1,.8,1.05,,4,,21.9
156,堡林,2022-06-09 09:00,20.6,,.5,70,83,1006.1,1014.3,.9,1.96,,2,,29.6
156,堡林,2022-06-09 10:00,21.7,,1.3,250,71,1006.1,1014.2,1,2.62,,2,,34.1
156,堡林,2022-06-09 11:00,23.3,,.4,0,67,1005.4,1013.4,.9,2.82,,3,,37.4
156,堡林,2022-06-09 12:00,24.9,,.8,340,57,1005.6,1013.6,.8,2.76,,5,,36.9
156,堡林,2022-06-09 13:00,26,,2.1,230,54,1004.8,1012.8,.9,3.11,,4,,39.3
156,堡林,2022-06-09 14:00,26.6,,1.5,250,54,1004.5,1012.5,.8,2.67,,4,,37
156,堡林,2022-06-09 15:00,27.1,,3,250,48,1003.6,1011.5,1,3.09,,5,,39
156,堡林,2022-06-09 16:00,26.8,,1.6,160,48,1003.4,1011.4,1,2.36,,7,,35.7
156,堡林,2022-06-09 17:00,26.3,,2.3,230,52,1003.7,1011.7,.9,1.5,,7,,31.7
156,堡林,2022-06-09 18:00,25.4,,1.7,250,55,1003.7,1011.7,.3,.88,,8,,28.3
156,堡林,2022-06-09 19:00,23.2,,1.3,340,77,1004.2,1012.2,0,.41,,7,,25.2
156,堡林,2022-06-09 20:00,22.4,,.7,270,80,1004.8,1012.9,0,.14,,5,,23.4
156,堡林,2022-06-09 21:00,21.4,,.5,290,84,1005.6,1013.7,,,,6,,21.6
156,堡林,2022-06-09 22:00,20.9,,.2,0,88,1005.8,1014,,,,6,,20.9
156,堡林,2022-06-09 23:00,20.3,,.3,0,92,1005.8,1014,,,,0,,20
156,堡林,2022-06-10 00:00,19.9,,1,180,91,1005.6,1013.8,,,,2,,19.2
156,堡林,2022-06-10 01:00,19.3,,0,0,93,1005.6,1013.8,,,,5,,18.7
156,堡林,2022-06-10 02:00,19,,.2,0,98,1005.6,1013.8,,,,7,,18.3
156,堡林,2022-06-10 03:00,18.1,,0,0,99,1005.5,1013.7,,,,0,,17.7
156,堡林,2022-06-10 04:00,18,,0,0,99,1005.6,1013.8,,,,0,,17.3
156,堡林,2022-06-10 05:00,17.7,,0,0,99,1005.6,1013.8,,,,0,,17
156,堡林,2022-06-10 06:00,17.2,,0,0,98,1006,1014.3,0,.12,,0,,17.3
156,堡林,2022-06-10 07:00,18.2,,.4,0,86,1005.8,1014,.7,.51,,7,,19.1
156,堡林,2022-06-10 08:00,19.7,,.6,70,74,1005.9,1014,1,1.13,,0,,24.8
156,堡林,2022-06-10 09:00,21.8,,0,0,65,1005.8,1013.9,1,1.87,,0,,29.8
156,堡林,2022-06-10 10:00,24.4,,1.8,50,58,1005.1,1013.1,1,2.42,,7,,33.9
156,堡林,2022-06-10 11:00,25.3,,.9,160,54,1005,1013,1,2.83,,8,,37.9
156,堡林,2022-06-10 12:00,27.1,,2.7,200,49,1005.3,1013.3,1,2.85,,8,,38.1
156,堡林,2022-06-10 13:00,27.1,,2.1,200,53,1004.9,1012.9,.2,2.24,,9,,36.4
156,堡林,2022-06-10 14:00,26.3,,3.1,230,55,1005.4,1013.4,0,1.73,,9,,35
156,堡林,2022-06-10 15:00,26.5,,2.8,200,51,1005.4,1013.4,0,1.6,,9,,33.8
156,堡林,2022-06-10 16:00,26.1,,1.3,180,52,1005,1013,0,1.35,,9,,31.3
156,堡林,2022-06-10 17:00,25.7,,2.3,200,53,1004.6,1012.6,0,1.11,,9,,29.6
156,堡林,2022-06-10 18:00,24.8,,1.8,250,60,1004.7,1012.7,0,.6,,9,,27.3
156,堡林,2022-06-10 19:00,23.6,,3,230,65,1005.2,1013.2,0,.23,,10,,24.4
156,堡林,2022-06-10 20:00,22.8,,2.9,230,71,1005.9,1014,0,.08,,10,,22.8
156,堡林,2022-06-10 21:00,22.6,,.3,0,74,1005.9,1014,,,,9,,22.2
156,堡林,2022-06-10 22:00,22.4,,.3,0,77,1006.3,1014.4,,,,10,,21.5
156,堡林,2022-06-10 23:00,21.8,,.4,0,80,1006,1014.1,,,,7,,20.7
156,堡林,2022-06-11 00:00,21,,1.1,70,82,1005.1,1013.2,,,,9,,20.1
156,堡林,2022-06-11 01:00,20.9,,1.3,70,82,1005,1013.1,,,,7,,19.7
156,堡林,2022-06-11 02:00,19.8,,.6,50,85,1004.7,1012.8,,,,6,,18.9
156,堡林,2022-06-11 03:00,19.9,,.2,0,87,1004.4,1012.6,,,,7,,18.8
156,堡林,2022-06-11 04:00,19.4,,0,0,92,1004.2,1012.3,,,,7,,18.5
156,堡林,2022-06-11 05:00,19.4,,.1,0,89,1004.4,1012.5,,,,8,,18.1
156,堡林,2022-06-11 06:00,18.8,,1.3,50,90,1004.4,1012.6,0,.08,,7,,18.2
156,堡林,2022-06-11 07:00,19.9,,.5,50,86,1004.5,1012.7,0,.29,,8,,20.4
156,堡林,2022-06-11 08:00,20.9,,.2,0,82,1004.6,1012.7,0,.6,,9,,23.9
156,堡林,2022-06-11 09:00,23.1,,.7,50,70,1004.2,1012.2,.8,1.75,,5,,31.5
156,堡林,2022-06-11 10:00,25.2,,.7,70,64,1003.5,1011.5,1,2.57,,3,,37.7
156,堡林,2022-06-11 11:00,27,,1.1,70,57,1003.4,1011.3,1,3.1,,0,,42.7
156,堡林,2022-06-11 12:00,28,,1.7,20,53,1002.9,1010.8,1,3.36,,2,,47.8
156,堡林,2022-06-11 13:00,29.8,,2.7,70,43,1002.2,1010,.9,3.28,,4,,50.2
156,堡林,2022-06-11 14:00,30.7,,1.6,70,42,1001.5,1009.3,1,3.44,,3,,53.5
156,堡林,2022-06-11 15:00,28.5,,2.5,20,53,1001,1008.9,.4,1.63,,5,,38
156,堡林,2022-06-11 16:00,30.2,,2.4,20,49,1000.7,1008.6,1,2.94,,7,,47.1
156,堡林,2022-06-11 17:00,29,,3.4,70,52,1001.2,1009.1,.8,1.81,,8,,38.4
156,堡林,2022-06-11 18:00,22.8,,5,230,86,1002.4,1010.4,.1,.39,,8,,31.5
156,堡林,2022-06-11 19:00,22.6,,1.6,200,85,1003,1011.1,.1,.31,,6,,26.9
156,堡林,2022-06-11 20:00,22.1,,1.7,230,88,1003.2,1011.3,0,.1,,3,,24
156,堡林,2022-06-11 21:00,21.6,,1.7,200,91,1003.5,1011.6,,,,0,,22.7
156,堡林,2022-06-11 22:00,21.5,,.2,0,90,1004.1,1012.2,,,,2,,21.7
156,堡林,2022-06-11 23:00,21.7,,.5,270,91,1004.4,1012.5,,,,3,,21.2
156,堡林,2022-06-12 00:00,21,,.8,200,91,1004.3,1012.4,,,,0,,20.6
156,堡林,2022-06-12 01:00,20.6,,.3,0,94,1004.5,1012.7,,,,4,,20.1
156,堡林,2022-06-12 02:00,20.2,,1.1,230,97,1004.4,1012.6,,,,3,,19.7
156,堡林,2022-06-12 03:00,19.9,,.1,0,99,1004.5,1012.7,,,,0,,19.5
156,堡林,2022-06-12 04:00,19.7,,0,0,99,1005,1013.1,,,,3,,19.4
156,堡林,2022-06-12 05:00,19.2,,0,0,99,1005.2,1013.4,,,,2,,19.2
156,堡林,2022-06-12 06:00,19.5,,0,0,99,1005.3,1013.4,0,.11,,0,,19.6
156,堡林,2022-06-12 07:00,20.2,,0,0,99,1005.3,1013.5,.7,.49,,0,,21.6
156,堡林,2022-06-12 08:00,21.4,,.5,270,95,1005.5,1013.6,1,1.14,,1,,27.6
156,堡林,2022-06-12 09:00,23.5,,.6,70,80,1005.2,1013.2,1,1.9,,2,,34.5
156,堡林,2022-06-12 10:00,25,,.9,360,67,1005.2,1013.2,1,2.48,,6,,40.6
156,堡林,2022-06-12 11:00,26.1,,.6,290,60,1005.2,1013.2,.9,2.41,,7,,41.8
156,堡林,2022-06-12 12:00,26.1,,.9,340,61,1004.3,1012.3,.8,2.45,,8,,41.2
156,堡林,2022-06-12 13:00,26.4,,.7,180,59,1003.6,1011.6,.1,1.61,,9,,38.2
156,堡林,2022-06-12 14:00,26.6,,.6,50,58,1003.1,1011.1,0,1.1,,8,,35.8
156,堡林,2022-06-12 15:00,25,.1,3.1,230,77,1003.2,1011.2,0,.86,,8,,30.5
156,堡林,2022-06-12 16:00,25.8,,2.6,230,64,1003.1,1011.1,0,.73,,9,,31.4
156,堡林,2022-06-12 17:00,24,,1.8,270,83,1003.4,1011.4,0,.55,,9,,27.9
156,堡林,2022-06-12 18:00,23.5,,.5,360,84,1003.4,1011.4,0,.37,,9,,27.3
156,堡林,2022-06-12 19:00,23.2,,.9,340,80,1003.5,1011.5,0,.22,,10,,25.2
156,堡林,2022-06-12 20:00,22.5,,1.1,50,86,1003.5,1011.6,0,.07,,10,,23.5
156,堡林,2022-06-12 21:00,22,,.1,0,88,1003.9,1012,,,,9,,22.4
156,堡林,2022-06-12 22:00,22.2,,.3,0,89,1004.5,1012.6,,,,9,,21.8
156,堡林,2022-06-12 23:00,21.7,,.5,90,91,1004.3,1012.4,,,,8,,22
156,堡林,2022-06-13 00:00,21.4,,.5,270,97,1004.1,1012.2,,,,9,,21.6
156,堡林,2022-06-13 01:00,20.8,,1.2,90,91,1002.8,1010.9,,,,10,,20.9
156,堡林,2022-06-13 02:00,20.5,,.2,0,92,1002.1,1010.2,,,,10,,20.5
156,堡林,2022-06-13 03:00,20.3,,0,0,94,1002,1010.2,,,,9,,20.1
156,堡林,2022-06-13 04:00,20,,.6,90,88,1001.2,1009.4,,,,9,,19.4
156,堡林,2022-06-13 05:00,19.6,,.7,270,99,1001.6,1009.7,,,,9,,18.9
156,堡林,2022-06-13 06:00,19.6,,.8,270,98,1001.6,1009.7,0,.09,,9,,19.5
156,堡林,2022-06-13 07:00,19.9,,.4,0,95,1001.4,1009.6,0,.23,,9,,20.7
156,堡林,2022-06-13 08:00,20.4,,.7,90,78,1001.3,1009.4,0,.44,,10,,23.1
156,堡林,2022-06-13 09:00,21.2,,.8,70,71,1001.6,1009.7,0,.64,,9,,23.7
156,堡林,2022-06-13 10:00,22.2,,1,70,65,1001.3,1009.4,0,1.04,,9,,26.4
156,堡林,2022-06-13 11:00,23.8,,.6,230,64,1001.1,1009.1,.1,1.73,,10,,31.8
156,堡林,2022-06-13 12:00,23.7,,1.1,70,54,1000.5,1008.5,0,1.2,,10,,29.4
156,堡林,2022-06-13 13:00,23.9,,1.6,90,54,999.7,1007.7,0,1.03,,10,,29.4
156,堡林,2022-06-13 14:00,23.8,,1.6,70,56,999.6,1007.6,0,1,,10,,29.9
156,堡林,2022-06-13 15:00,24.8,,2,90,52,998.7,1006.6,.4,1.91,,9,,35.1
156,堡林,2022-06-13 16:00,24.8,,1.1,110,54,998.8,1006.7,.2,1.4,,10,,31.9
156,堡林,2022-06-13 17:00,23.8,,1.3,140,57,998.8,1006.8,0,.74,,10,,29.2
156,堡林,2022-06-13 18:00,23.4,0,1.5,90,59,998.4,1006.4,0,.62,,9,,28.3
156,堡林,2022-06-13 19:00,23,,1.4,90,62,998.4,1006.4,0,.42,,10,,25.6
156,堡林,2022-06-13 20:00,22.2,,1.9,70,65,998.3,1006.3,0,.1,,10,,23
156,堡林,2022-06-13 21:00,22,,.9,70,68,999.3,1007.4,,,,10,,22.1
156,堡林,2022-06-13 22:00,22.1,,.9,70,68,1000.3,1008.4,,,,10,,21.9
156,堡林,2022-06-13 23:00,21.4,,2.5,70,68,1000.2,1008.3,,,,10,,21.1
156,堡林,2022-06-14 00:00,20.7,0,1.8,70,72,999.4,1007.5,,,,10,,20.5
156,堡林,2022-06-14 01:00,19.5,0,2,70,85,999.4,1007.5,,,,10,,20
156,堡林,2022-06-14 02:00,19.7,0,1.4,70,82,998.9,1007,,,,10,,19.6
156,堡林,2022-06-14 03:00,18.4,0,2,70,97,998.9,1007,,,,10,,19.3
156,堡林,2022-06-14 04:00,17.8,0,2.9,70,98,998.6,1006.8,,,,10,,18.9
156,堡林,2022-06-14 05:00,17.7,0,2.6,70,99,998.4,1006.6,,,,10,,18.5
156,堡林,2022-06-14 06:00,17.4,0,2.6,70,99,999.1,1007.3,0,.07,,10,,18.7
156,堡林,2022-06-14 07:00,17.5,.4,2.4,70,98,998.9,1007.1,0,.18,,10,,19.6
156,堡林,2022-06-14 08:00,17.2,.3,2.8,70,99,999.4,1007.6,0,.3,,10,,20
156,堡林,2022-06-14 09:00,17.3,.3,2.7,70,99,999.7,1007.9,0,.59,,10,,21.8
156,堡林,2022-06-14 10:00,18.2,0,2.7,70,98,999.7,1007.9,0,.91,,10,,24.2
156,堡林,2022-06-14 11:00,17.6,.1,3,70,99,999.9,1008.1,0,.88,,10,,24.1
156,堡林,2022-06-14 12:00,18.2,0,2.6,70,99,999.7,1007.9,0,1.26,,10,,25.7
156,堡林,2022-06-14 13:00,19.9,0,3.8,70,88,999.1,1007.2,0,1.83,,10,,28.9
156,堡林,2022-06-14 14:00,21.1,,3.1,50,83,998.8,1006.9,0,1.63,,10,,29.1
156,堡林,2022-06-14 15:00,20.3,,2.6,70,86,998.7,1006.8,0,1.06,,10,,26.1
156,堡林,2022-06-14 16:00,20.4,,2.6,70,83,998.4,1006.5,0,.64,,10,,24.3
156,堡林,2022-06-14 17:00,20.7,,1.9,70,79,998.1,1006.2,0,.6,,10,,24.1
156,堡林,2022-06-14 18:00,20.5,,1.5,70,78,998.2,1006.3,0,.36,,10,,22.6
156,堡林,2022-06-14 19:00,20,,2.2,70,79,998.1,1006.2,0,.21,,6,,21.3
156,堡林,2022-06-14 20:00,19.6,,2.7,70,82,998.3,1006.4,0,.08,,5,,20.2
156,堡林,2022-06-14 21:00,19.4,,2.1,70,82,998.7,1006.8,,,,3,,19.7
156,堡林,2022-06-14 22:00,19.2,,1.4,70,88,998.8,1006.9,,,,3,,19.6
156,堡林,2022-06-14 23:00,19.2,,.7,50,89,998.8,1006.9,,,,2,,19.6
156,堡林,2022-06-15 00:00,18.9,,.5,200,93,998.6,1006.7,,,,4,,19.4
156,堡林,2022-06-15 01:00,19,,1.2,250,93,998.5,1006.6,,,,10,,19.4
156,堡林,2022-06-15 02:00,17.6,1.1,.8,320,99,998.6,1006.8,,,,10,,18.8
156,堡林,2022-06-15 03:00,17.3,.4,.1,0,99,998.6,1006.8,,,,10,,18.8
156,堡林,2022-06-15 04:00,17.2,0,0,0,99,998.5,1006.7,,,,9,,18.9
156,堡林,2022-06-15 05:00,17.5,,1.2,200,99,998.7,1006.9,,,,8,,18.7
156,堡林,2022-06-15 06:00,17.8,0,1.6,200,99,999,1007.2,0,.08,,6,,19
156,堡林,2022-06-15 07:00,18.4,0,1.4,180,99,999.1,1007.2,0,.23,,8,,19.9
156,堡林,2022-06-15 08:00,18.7,.2,1.3,230,99,999.3,1007.4,0,.23,,7,,20.6
156,堡林,2022-06-15 09:00,19.7,,1.6,230,99,999.5,1007.6,0,.56,,8,,22.7
156,堡林,2022-06-15 10:00,21.1,,1.5,230,97,999.7,1007.8,0,.95,,8,,25.5
156,堡林,2022-06-15 11:00,23.6,,2.7,250,88,999.6,1007.6,.2,1.16,,9,,31.1
156,堡林,2022-06-15 12:00,22.8,.4,1.7,250,99,999.4,1007.4,.2,1.25,,6,,32.6
156,堡林,2022-06-15 13:00,24.5,0,4.9,230,77,999,1006.9,.7,2.7,,6,,32.3
156,堡林,2022-06-15 14:00,26.2,,3.5,250,68,998.7,1006.6,.6,2.54,,5,,36.8
156,堡林,2022-06-15 15:00,26.2,,5.3,230,68,998.5,1006.4,.9,2.7,,3,,38.5
156,堡林,2022-06-15 16:00,25.4,,5.8,250,70,998.7,1006.7,.5,1.46,,5,,33.3
156,堡林,2022-06-15 17:00,25.6,,4.6,230,65,998.7,1006.7,.8,1.67,,4,,32.8
156,堡林,2022-06-15 18:00,24.6,,3.4,250,65,998.6,1006.5,.8,1.09,,4,,29.3
156,堡林,2022-06-15 19:00,23.6,,3.6,250,70,999,1007,.5,.51,,6,,25.3
156,堡林,2022-06-15 20:00,22.7,,2.5,250,74,999.3,1007.3,0,.12,,5,,22.4
156,堡林,2022-06-15 21:00,21.7,,2.4,230,81,999.6,1007.7,,,,6,,20.8
156,堡林,2022-06-15 22:00,21.5,,2,230,82,1000.4,1008.5,,,,4,,20.5
156,堡林,2022-06-15 23:00,20.8,,3.1,230,95,1000.5,1008.6,,,,9,,20.3
156,堡林,2022-06-16 00:00,20.6,,2.7,230,98,1000.5,1008.6,,,,9,,20.5
156,堡林,2022-06-16 01:00,20.2,,3.1,230,99,1000.3,1008.4,,,,7,,20.1
156,堡林,2022-06-16 02:00,19.9,,2.7,230,99,1000.4,1008.6,,,,5,,19.5
156,堡林,2022-06-16 03:00,19.7,,2.6,230,99,1000.4,1008.5,,,,6,,19.3
156,堡林,2022-06-16 04:00,19.7,,2,250,99,1000.4,1008.5,,,,3,,19.9
156,堡林,2022-06-16 05:00,19.3,,1.3,250,99,1000.7,1008.8,,,,7,,19.1
156,堡林,2022-06-16 06:00,19.2,,1.5,250,99,1000.9,1009,0,.1,,7,,19
156,堡林,2022-06-16 07:00,19.9,,2.1,230,99,1001.1,1009.3,.6,.59,,5,,22
156,堡林,2022-06-16 08:00,20.8,,1.3,250,94,1001.3,1009.4,.4,.97,,5,,24.2
156,堡林,2022-06-16 09:00,21.7,,1.2,250,77,1001.6,1009.7,.9,1.91,,4,,29.4
156,堡林,2022-06-16 10:00,22.8,,2.4,250,75,1001.8,1009.8,.8,2.14,,7,,32.9
156,堡林,2022-06-16 11:00,24.4,,2.8,250,65,1002,1010,.9,2.42,,8,,39.6
156,堡林,2022-06-16 12:00,24.7,,2.1,270,61,1001.9,1009.8,.7,2.7,,6,,38.9
156,堡林,2022-06-16 13:00,24.6,,2.6,250,61,1001.2,1009.1,.4,2.38,,7,,38.4
156,堡林,2022-06-16 14:00,26.3,,1.1,20,55,1000.4,1008.4,.6,2.73,,2,,46.3
156,堡林,2022-06-16 15:00,27.5,,1.6,270,45,1000,1007.9,1,3.13,,0,,47.4
156,堡林,2022-06-16 16:00,26.5,,1.6,290,48,1000,1007.9,.7,2.17,,7,,38
156,堡林,2022-06-16 17:00,26.7,,.9,340,48,999.6,1007.5,0,1,,9,,35.7
156,堡林,2022-06-16 18:00,26.6,,1.4,270,52,999.3,1007.2,.1,.82,,6,,31.4
156,堡林,2022-06-16 19:00,25.5,,1.6,230,58,999.6,1007.6,.1,.43,,6,,27.7
156,堡林,2022-06-16 20:00,25,,1.3,250,55,1000,1008,0,.08,,7,,25.6
156,堡林,2022-06-16 21:00,24.3,0,1.8,230,61,1000.4,1008.4,,,,4,,23.6
156,堡林,2022-06-16 22:00,23.5,,.1,0,70,1000.9,1008.9,,,,6,,23.2
156,堡林,2022-06-16 23:00,23.1,,.8,230,71,1001.1,1009.1,,,,6,,21.9
156,堡林,2022-06-17 00:00,22.5,0,2.1,230,87,1001,1009,,,,5,,21.8
156,堡林,2022-06-17 01:00,21.2,,3.7,230,96,1001.1,1009.2,,,,6,,20.4
156,堡林,2022-06-17 02:00,20.4,,.8,270,99,1001,1009.1,,,,5,,19.6
156,堡林,2022-06-17 03:00,20,,.2,0,99,1000.1,1008.3,,,,3,,17.9
156,堡林,2022-06-17 04:00,19.9,,0,0,99,1000.4,1008.6,,,,4,,17.7
156,堡林,2022-06-17 05:00,19.8,,1.1,250,99,1000.7,1008.8,,,,3,,18
156,堡林,2022-06-17 06:00,20,,.8,180,99,1001.7,1009.9,0,.09,,4,,20.2
156,堡林,2022-06-17 07:00,20.7,,.2,0,97,1001.4,1009.5,0,.25,,7,,22.9
156,堡林,2022-06-17 08:00,21.9,,1.2,230,96,1001.4,1009.5,0,.52,,8,,26.4
156,堡林,2022-06-17 09:00,23.8,,1.8,250,86,1001.7,1009.7,.2,1.18,,8,,38.1
156,堡林,2022-06-17 10:00,22.2,.4,2.2,250,91,1001.9,1010,0,1.03,,10,,24.7
156,堡林,2022-06-17 11:00,23.3,2.9,.1,0,99,1001.8,1009.8,0,1.19,,8,,32.8
156,堡林,2022-06-17 12:00,25,,1.2,200,81,1000.7,1008.7,.8,3.04,,7,,38.5
156,堡林,2022-06-17 13:00,26.3,,1.3,180,68,1000.1,1008,.9,3.05,,7,,41.8
156,堡林,2022-06-17 14:00,27.9,,1.3,250,64,999.2,1007.1,.9,3.07,,8,,39.7
156,堡林,2022-06-17 15:00,28.6,,1.2,290,61,999,1006.9,.4,2.03,,7,,37.4
156,堡林,2022-06-17 16:00,27,,4.2,230,77,998.8,1006.7,0,1.13,,9,,32.3
156,堡林,2022-06-17 17:00,26.2,,2.7,230,83,998.6,1006.5,0,.66,,9,,29.8
156,堡林,2022-06-17 18:00,25.4,,3.5,250,89,998.6,1006.6,0,.31,,9,,27.4
156,堡林,2022-06-17 19:00,25.4,,4.1,230,77,999.2,1007.2,0,.21,,9,,25.8
156,堡林,2022-06-17 20:00,24.6,,3.2,200,79,1000,1007.9,0,.1,,9,,23.8
156,堡林,2022-06-17 21:00,23.7,,2.7,180,87,1000.5,1008.5,,,,8,,22.7
156,堡林,2022-06-17 22:00,23.4,,1.5,180,91,1000.9,1008.9,,,,5,,22.6
156,堡林,2022-06-17 23:00,23.4,,.2,0,92,1000.6,1008.6,,,,7,,22.8
156,堡林,2022-06-18 00:00,23.6,,.8,250,91,1000.6,1008.6,,,,8,,23.1
156,堡林,2022-06-18 01:00,23.1,,1.2,200,97,1000.2,1008.2,,,,2,,22.6
156,堡林,2022-06-18 02:00,23,,.7,250,97,1000.2,1008.2,,,,8,,22.7
156,堡林,2022-06-18 03:00,22.8,,.5,250,98,999.8,1007.8,,,,6,,22.7
156,堡林,2022-06-18 04:00,22.6,,.5,200,99,999.8,1007.8,,,,6,,22.6
156,堡林,2022-06-18 05:00,22,,.9,230,99,999.4,1007.5,,,,4,,20.7
156,堡林,2022-06-18 06:00,22.1,,0,0,99,999.8,1007.8,0,.1,,7,,21.6
156,堡林,2022-06-18 07:00,22.6,,1,250,99,1000.2,1008.2,.1,.33,,4,,24.5
156,堡林,2022-06-18 08:00,23.5,,1.9,250,97,1000.4,1008.4,.3,.87,,9,,28.2
156,堡林,2022-06-18 09:00,25.1,,1.2,200,80,1000.3,1008.3,.4,1.35,,5,,35.6
156,堡林,2022-06-18 10:00,26.1,,1.8,200,69,999.8,1007.8,1,2.68,,5,,41.4
156,堡林,2022-06-18 11:00,28,,2.9,200,68,999.6,1007.5,.6,2.38,,4,,49.9
156,堡林,2022-06-18 12:00,27.2,,2.6,250,62,1000.1,1008,.9,2.94,,2,,50.9
156,堡林,2022-06-18 13:00,28.3,,2.6,250,60,999.5,1007.4,1,3.61,,2,,54.1
156,堡林,2022-06-18 14:00,28.2,,3.8,230,63,999.4,1007.3,.9,3.14,,6,,48.3
156,堡林,2022-06-18 15:00,29.6,,3.4,230,61,998.5,1006.3,.9,2.91,,6,,55.4
156,堡林,2022-06-18 16:00,27.8,,4.2,230,63,999.2,1007.1,.9,2.22,,4,,46
156,堡林,2022-06-18 17:00,27.4,,3.1,250,65,998.8,1006.7,.7,1.55,,2,,42.9
156,堡林,2022-06-18 18:00,26.8,,3.4,230,69,998.8,1006.7,1,1.21,,2,,35.9
156,堡林,2022-06-18 19:00,25.5,,3.6,230,78,999.3,1007.3,.5,.51,,3,,29.3
156,堡林,2022-06-18 20:00,24.4,,3,250,86,1000.3,1008.2,0,.13,,1,,25.9
156,堡林,2022-06-18 21:00,23.5,,1.7,250,93,1000.9,1008.9,,,,4,,24.6
156,堡林,2022-06-18 22:00,23,,1.6,250,97,1001.9,1009.9,,,,7,,24.3
156,堡林,2022-06-18 23:00,23.3,,.4,0,95,1001.7,1009.7,,,,9,,24.4
156,堡林,2022-06-19 00:00,22.3,1.3,.6,200,99,1000.8,1008.8,,,,8,,23.6
156,堡林,2022-06-19 01:00,22.1,,1.3,250,99,1000.9,1009,,,,0,,23.4
156,堡林,2022-06-19 02:00,21.6,,1.3,250,99,1001.1,1009.2,,,,3,,23
156,堡林,2022-06-19 03:00,21.8,,.2,0,99,1001,1009.1,,,,9,,23
156,堡林,2022-06-19 04:00,21.9,,.7,200,99,1000.8,1008.9,,,,6,,23
156,堡林,2022-06-19 05:00,22.1,,.7,180,99,1000.9,1009,,,,4,,23
156,堡林,2022-06-19 06:00,22,,.8,200,99,1000.9,1009,0,.07,,9,,23.3
156,堡林,2022-06-19 07:00,22.2,,.1,0,99,1001,1009.1,0,.21,,9,,24.5
156,堡林,2022-06-19 08:00,22.6,,1.1,70,99,1000.5,1008.5,0,.44,,9,,26.7
156,堡林,2022-06-19 09:00,24,,.2,0,99,1000.7,1008.7,.2,.98,,3,,34.4
156,堡林,2022-06-19 10:00,25.2,,.4,0,91,1000.5,1008.5,.4,1.67,,7,,33.2
156,堡林,2022-06-19 11:00,25.7,,.8,290,89,1000.7,1008.7,0,.92,,8,,31.2
156,堡林,2022-06-19 12:00,27.3,,1,20,79,1000.1,1008,.4,2.04,,7,,43
156,堡林,2022-06-19 13:00,28.6,,1.2,290,69,999.4,1007.3,1,3.66,,7,,52.2
156,堡林,2022-06-19 14:00,29.4,,1.5,250,70,998.5,1006.3,.9,3.12,,5,,48.1
156,堡林,2022-06-19 15:00,29.7,,1.4,250,61,998,1005.8,.9,2.84,,5,,46.5
156,堡林,2022-06-19 16:00,30.7,,1.7,340,60,997.8,1005.6,.8,2.22,,3,,49.5
156,堡林,2022-06-19 17:00,30.1,,.5,20,63,997.5,1005.3,.5,1.3,,2,,40.3
156,堡林,2022-06-19 18:00,30.1,,.9,340,64,997.5,1005.3,.9,1.18,,2,,37.5
156,堡林,2022-06-19 19:00,28.7,,2.1,320,72,997.8,1005.6,.4,.57,,1,,32.2
156,堡林,2022-06-19 20:00,26.4,,1,290,86,998.1,1006,0,.13,,2,,27.7
156,堡林,2022-06-19 21:00,25.9,,.6,290,88,998.5,1006.5,,,,8,,27
156,堡林,2022-06-19 22:00,25.2,,1.1,290,89,998.9,1006.9,,,,4,,25.3
156,堡林,2022-06-19 23:00,24.6,,.3,0,92,999,1006.9,,,,4,,24.5
156,堡林,2022-06-20 00:00,24.7,,.2,0,92,999.1,1007,,,,9,,24.8
156,堡林,2022-06-20 01:00,24.3,,.7,70,97,998.7,1006.6,,,,6,,24.8
156,堡林,2022-06-20 02:00,23.4,,2.3,70,98,998,1006,,,,2,,23
156,堡林,2022-06-20 03:00,23.2,,1.5,70,99,997.8,1005.8,,,,9,,23.1
156,堡林,2022-06-20 04:00,23.5,,.7,70,98,997.5,1005.5,,,,9,,23.8
156,堡林,2022-06-20 05:00,22.5,,0,0,99,997.6,1005.6,,,,2,,21.8
156,堡林,2022-06-20 06:00,22.6,,.1,0,99,997.7,1005.7,0,.11,,0,,22.4
156,堡林,2022-06-20 07:00,23.2,,.3,0,99,997.7,1005.7,1,.53,,0,,24.5
156,堡林,2022-06-20 08:00,24.9,,1,70,91,997.8,1005.8,1,1.19,,1,,33.1
156,堡林,2022-06-20 09:00,26.9,,1,70,78,997.4,1005.3,1,1.88,,5,,40.4
156,堡林,2022-06-20 10:00,28.3,,2,50,66,997.2,1005.1,1,2.46,,5,,47.9
156,堡林,2022-06-20 11:00,29.2,,1.4,340,61,997,1004.8,1,3.1,,5,,53.7
156,堡林,2022-06-20 12:00,31.2,,1.9,50,55,996.5,1004.3,1,3.44,,5,,58.7
156,堡林,2022-06-20 13:00,31.9,,1.5,270,54,996.2,1004,1,3.11,,6,,55
156,堡林,2022-06-20 14:00,32.8,,2.9,200,51,995.1,1002.8,1,3.33,,6,,59.6
156,堡林,2022-06-20 15:00,32.5,,1.1,290,52,994.6,1002.3,.9,2.86,,6,,53.9
156,堡林,2022-06-20 16:00,32.9,,2.3,250,53,994.2,1001.9,.9,2.25,,6,,52.4
156,堡林,2022-06-20 17:00,30.9,,1.4,290,66,994.1,1001.9,.9,1.67,,6,,44.5
156,堡林,2022-06-20 18:00,24.7,12.3,6.8,200,99,994.6,1002.5,.5,.93,,8,,26.5
156,堡林,2022-06-20 19:00,25.5,12,1.1,250,99,995.1,1003,0,.29,,10,,28.3
156,堡林,2022-06-20 20:00,25.5,,.5,320,99,995.7,1003.6,0,.09,,7,,27.3
156,堡林,2022-06-20 21:00,25,,.9,250,99,996.2,1004.2,,,,9,,26.4
156,堡林,2022-06-20 22:00,24.2,,.1,0,99,996.3,1004.2,,,,7,,25.7
156,堡林,2022-06-20 23:00,24.7,,.7,200,99,996.4,1004.3,,,,8,,25.5
156,堡林,2022-06-21 00:00,24.2,,.4,0,99,995.4,1003.3,,,,6,,25.1
156,堡林,2022-06-21 01:00,24.3,,1.3,200,99,995,1002.9,,,,9,,25.2
156,堡林,2022-06-21 02:00,24.4,,.3,0,99,994.7,1002.6,,,,7,,25.2
156,堡林,2022-06-21 03:00,24,,.5,290,99,994.8,1002.7,,,,9,,25
156,堡林,2022-06-21 04:00,23.7,,.1,0,99,994.9,1002.8,,,,8,,24.3
156,堡林,2022-06-21 05:00,23.6,,.5,250,99,995.1,1003,,,,8,,24.2
156,堡林,2022-06-21 06:00,23.5,,1,230,99,995.4,1003.4,0,.08,,6,,24.5
156,堡林,2022-06-21 07:00,23.9,,.4,0,99,995.5,1003.4,.2,.4,,4,,25.6
156,堡林,2022-06-21 08:00,24.8,,1.1,250,97,995.4,1003.3,.2,.79,,1,,28.3
156,堡林,2022-06-21 09:00,25.8,,1,320,92,995.6,1003.5,.3,1.15,,3,,29.7
156,堡林,2022-06-21 10:00,27.5,,.5,20,84,995.5,1003.4,.3,1.52,,6,,34.2
156,堡林,2022-06-21 11:00,28.7,,.8,250,79,995.4,1003.2,.6,2.33,,6,,37.7
156,堡林,2022-06-21 12:00,30.5,,1,270,70,995.1,1002.9,.7,2.71,,6,,43
156,堡林,2022-06-21 13:00,31.8,,1.2,320,61,994.5,1002.3,1,3.59,,5,,45.6
156,堡林,2022-06-21 14:00,32.7,,.5,360,56,994,1001.7,.7,2.62,,5,,44.6
156,堡林,2022-06-21 15:00,31.5,,3.3,250,65,993.9,1001.7,.8,2.52,,6,,38.6
156,堡林,2022-06-21 16:00,32,,3,270,67,994.1,1001.9,.8,2.17,,4,,41
156,堡林,2022-06-21 17:00,30.9,,1.7,290,69,994.5,1002.3,1,1.91,,4,,37.3
156,堡林,2022-06-21 18:00,29.5,,1.9,270,72,994.9,1002.7,.8,1.12,,6,,32.4
156,堡林,2022-06-21 19:00,27.8,,1.7,230,78,995.7,1003.6,0,.23,,8,,29
156,堡林,2022-06-21 20:00,26.6,,2,250,85,996.7,1004.6,0,.12,,9,,27.2
156,堡林,2022-06-21 21:00,25.4,,2.1,250,90,997.5,1005.5,,,,7,,26.2
156,堡林,2022-06-21 22:00,24.9,,1,250,91,998.5,1006.5,,,,6,,25.3
156,堡林,2022-06-21 23:00,24.3,,2.2,250,97,999,1006.9,,,,7,,24.9
156,堡林,2022-06-22 00:00,23.6,,1.4,250,97,999.2,1007.2,,,,9,,24.6
156,堡林,2022-06-22 01:00,23,,1.1,250,97,999.4,1007.4,,,,8,,24.2
156,堡林,2022-06-22 02:00,22.2,,1.3,250,99,999.2,1007.2,,,,4,,23.2
156,堡林,2022-06-22 03:00,21.9,,.6,250,99,999.1,1007.2,,,,3,,22.5
156,堡林,2022-06-22 04:00,21.7,,.7,230,99,999.1,1007.2,,,,4,,22
156,堡林,2022-06-22 05:00,21.5,,0,0,99,999.2,1007.3,,,,4,,21.7
156,堡林,2022-06-22 06:00,22.1,,.2,0,99,999.8,1007.8,0,.1,,7,,22.3
156,堡林,2022-06-22 07:00,22.4,,.5,340,99,1000.5,1008.5,.6,.46,,2,,24
156,堡林,2022-06-22 08:00,23.9,,.3,0,96,1000.7,1008.7,.9,1.1,,5,,27.4
156,堡林,2022-06-22 09:00,25.3,,.5,200,85,1000.6,1008.6,.9,1.73,,1,,33.9
156,堡林,2022-06-22 10:00,27.9,,.8,230,71,1000.3,1008.2,1,2.51,,0,,39
156,堡林,2022-06-22 11:00,29.3,,2.5,250,63,1000.4,1008.2,1,2.99,,0,,42.3
156,堡林,2022-06-22 12:00,30.9,,2.4,200,59,1000,1007.8,1,3.4,,2,,45.2
156,堡林,2022-06-22 13:00,31.4,,2.1,250,56,999.4,1007.2,1,3.52,,2,,47.8
156,堡林,2022-06-22 14:00,32.2,,2.7,250,56,998.9,1006.7,1,3.45,,0,,50.3
156,堡林,2022-06-22 15:00,32.7,,2.4,250,54,998.8,1006.6,1,3.05,,5,,48.3
156,堡林,2022-06-22 16:00,33.4,,2.1,250,54,998.5,1006.2,1,2.49,,7,,49.1
156,堡林,2022-06-22 17:00,32.3,,1.7,290,63,998.2,1006,.8,1.6,,7,,45.6
156,堡林,2022-06-22 18:00,31.2,,1.5,270,66,998.3,1006.1,1,1.46,,3,,37.4
156,堡林,2022-06-22 19:00,29.8,,2.9,250,70,998.7,1006.5,.6,.66,,2,,32.3
156,堡林,2022-06-22 20:00,29,,1.5,250,75,998.8,1006.6,.3,.14,,1,,28.9
156,堡林,2022-06-22 21:00,27.8,,.4,0,83,999.2,1007.1,,,,0,,27.3
156,堡林,2022-06-22 22:00,26.6,,2.4,230,90,999.9,1007.8,,,,1,,26.2
156,堡林,2022-06-22 23:00,25.1,,2.3,230,95,1000,1008,,,,5,,24.9
156,堡林,2022-06-23 00:00,24.2,,1.9,200,95,999.4,1007.4,,,,3,,24
156,堡林,2022-06-23 01:00,23.5,,3.4,230,96,999.4,1007.4,,,,3,,23.3
156,堡林,2022-06-23 02:00,23.8,,.7,200,94,999.1,1007.1,,,,4,,23.4
156,堡林,2022-06-23 03:00,24.2,,.7,50,94,998.2,1006.1,,,,4,,23.6
156,堡林,2022-06-23 04:00,23.6,,.5,70,97,997.8,1005.8,,,,5,,23.4
156,堡林,2022-06-23 05:00,24,,.6,90,97,997.9,1005.8,,,,9,,24
156,堡林,2022-06-23 06:00,24.8,,1.7,200,98,997.7,1005.6,0,.09,,9,,24.9
156,堡林,2022-06-23 07:00,25.4,,2.4,200,97,997.3,1005.3,0,.3,,8,,27
156,堡林,2022-06-23 08:00,26.9,,2.2,200,91,996.9,1004.8,.6,.94,,7,,31.4
156,堡林,2022-06-23 09:00,27.1,,3.3,200,89,996.9,1004.8,.4,1.22,,8,,31.7
156,堡林,2022-06-23 10:00,27.5,,3.3,200,88,996.5,1004.4,0,.94,,9,,32.3
156,堡林,2022-06-23 11:00,27.4,,4.1,200,88,995.9,1003.8,0,.87,,10,,33.2
156,堡林,2022-06-23 12:00,25.8,.5,4.8,230,99,995.6,1003.5,.1,.98,,10,,29.5
156,堡林,2022-06-23 13:00,28.4,0,3.8,230,88,994.8,1002.6,.3,1.71,,8,,33.8
156,堡林,2022-06-23 14:00,28.1,,4.9,250,88,994.2,1002,0,1.25,,10,,33.5
156,堡林,2022-06-23 15:00,26.8,,4.5,230,94,994.4,1002.3,0,.55,,10,,29.3
156,堡林,2022-06-23 16:00,25.8,.2,4.2,230,99,994,1001.9,0,.26,,9,,27.7
156,堡林,2022-06-23 17:00,26.5,,4.8,230,97,993.5,1001.4,0,.41,,9,,28.4
156,堡林,2022-06-23 18:00,26.5,,4,230,96,993.1,1001,0,.23,,10,,27.1
156,堡林,2022-06-23 19:00,26.3,,3.9,230,96,992.8,1000.7,0,.1,,10,,26.2
156,堡林,2022-06-23 20:00,25.3,.1,1.5,230,99,992.6,1000.5,0,.05,,10,,25.6
156,堡林,2022-06-23 21:00,25.5,0,2.5,250,99,992.7,1000.6,,,,10,,25.6
156,堡林,2022-06-23 22:00,24.1,1.2,2.6,230,99,992.6,1000.5,,,,10,,25
156,堡林,2022-06-23 23:00,23.6,12.2,2.9,270,99,993.3,1001.2,,,,10,,24.3
156,堡林,2022-06-24 00:00,23.4,14.5,2.6,200,99,991.3,999.2,,,,10,,24
156,堡林,2022-06-24 01:00,23.1,9.5,3.1,230,99,990.7,998.6,,,,10,,23.7
156,堡林,2022-06-24 02:00,23.1,9.5,5.3,230,99,990.5,998.4,,,,10,,23.6
156,堡林,2022-06-24 03:00,23.2,1.9,5.5,230,99,989.8,997.7,,,,10,,23.8
156,堡林,2022-06-24 04:00,23.2,.4,6.2,230,99,989.8,997.7,,,,10,,23.7
156,堡林,2022-06-24 05:00,22.8,3.4,3.4,250,99,990.3,998.2,,,,10,,23.6
156,堡林,2022-06-24 06:00,22.6,2,3.4,250,99,991.1,999.1,0,.06,,10,,23.5
156,堡林,2022-06-24 07:00,22.7,.5,2.1,250,99,991.7,999.7,0,.08,,10,,23.8
156,堡林,2022-06-24 08:00,23.1,,1.8,230,99,991.9,999.8,0,.28,,10,,25.3
156,堡林,2022-06-24 09:00,23,,2.1,230,99,992.5,1000.5,0,.24,,10,,25
156,堡林,2022-06-24 10:00,23.9,0,1.3,250,99,992.8,1000.7,0,.61,,8,,28.2
156,堡林,2022-06-24 11:00,24.2,,2,250,99,993.2,1001.1,0,.84,,10,,28.2
156,堡林,2022-06-24 12:00,25.2,,3.7,230,99,993.3,1001.2,0,1.41,,10,,31.5
156,堡林,2022-06-24 13:00,25.4,,2.1,250,99,992.7,1000.6,0,1.16,,10,,30.6
156,堡林,2022-06-24 14:00,27.8,,2.5,250,87,992.5,1000.3,.2,1.74,,8,,38.2
156,堡林,2022-06-24 15:00,27.3,,3.8,250,85,992.6,1000.5,.5,2.03,,8,,35.6
156,堡林,2022-06-24 16:00,26.9,,4.7,230,81,992.8,1000.7,.3,1.49,,8,,32
156,堡林,2022-06-24 17:00,28.2,,3.3,230,81,992.9,1000.7,.6,1.57,,6,,35.1
156,堡林,2022-06-24 18:00,27.2,,4.4,230,82,993.5,1001.4,1,1.5,,5,,30.9
156,堡林,2022-06-24 19:00,25.8,,4.1,250,91,994.2,1002.1,.4,.47,,2,,27
156,堡林,2022-06-24 20:00,24.7,,3.2,230,97,994.9,1002.8,0,.13,,3,,25
156,堡林,2022-06-24 21:00,24.5,,2.3,230,99,995.2,1003.1,,,,3,,24.9
156,堡林,2022-06-24 22:00,24.2,,3.1,230,99,995.9,1003.8,,,,7,,25
156,堡林,2022-06-24 23:00,24,,3,230,99,996.1,1004,,,,6,,24.7
156,堡林,2022-06-25 00:00,23.8,,2.7,230,99,996,1003.9,,,,6,,24.2
156,堡林,2022-06-25 01:00,23.7,,1.7,230,99,996.1,1004,,,,6,,24
156,堡林,2022-06-25 02:00,23.6,,3.5,230,99,996.2,1004.2,,,,5,,23.7
156,堡林,2022-06-25 03:00,23.7,,2.3,230,99,996.4,1004.4,,,,2,,24.1
156,堡林,2022-06-25 04:00,24,,2.2,200,99,996.4,1004.3,,,,4,,24.1
156,堡林,2022-06-25 05:00,23.7,,1.4,200,99,996.4,1004.4,,,,4,,23.6
156,堡林,2022-06-25 06:00,24.3,,1.1,200,99,996.5,1004.4,0,.09,,3,,24.4
156,堡林,2022-06-25 07:00,24.9,,2.3,200,99,997.2,1005.2,0,.14,,7,,25
156,堡林,2022-06-25 08:00,25.2,,2.2,180,99,998,1006,0,.38,,9,,26.2
156,堡林,2022-06-25 09:00,26.6,,3.4,230,96,998,1005.9,.2,.84,,8,,29.7
156,堡林,2022-06-25 10:00,27.4,,2.5,230,96,997.7,1005.6,.1,1.01,,7,,33.3
156,堡林,2022-06-25 11:00,29,,2.9,230,87,997.9,1005.7,.5,2.04,,7,,37.2
156,堡林,2022-06-25 12:00,29,,2.6,200,87,997.6,1005.4,.2,1.71,,8,,35
156,堡林,2022-06-25 13:00,29.3,,3.3,230,81,997.4,1005.2,.6,2.44,,6,,36
156,堡林,2022-06-25 14:00,29.5,,4.1,250,79,997.1,1004.9,.9,2.86,,7,,40.2
156,堡林,2022-06-25 15:00,29.1,,5.3,230,81,997.4,1005.2,.8,2.67,,9,,37.2
156,堡林,2022-06-25 16:00,29.4,,4.3,230,76,998.1,1005.9,.3,1.72,,5,,37.3
156,堡林,2022-06-25 17:00,30,,3.4,230,74,997.8,1005.6,1,2.11,,2,,37
156,堡林,2022-06-25 18:00,28.1,,4.8,180,80,998.3,1006.2,.5,1.07,,8,,30.4
156,堡林,2022-06-25 19:00,27.3,,4.1,200,87,998.9,1006.8,0,.27,,0,,28.2
156,堡林,2022-06-25 20:00,26.7,,2.6,200,88,999.7,1007.6,0,.1,,2,,26.3
156,堡林,2022-06-25 21:00,25.9,,3.4,180,91,1000.5,1008.5,,,,1,,25.1
156,堡林,2022-06-25 22:00,25.4,,3.6,200,92,1001.2,1009.2,,,,3,,24.4
156,堡林,2022-06-25 23:00,25.1,,2.3,200,94,1001.3,1009.3,,,,8,,24.5
156,堡林,2022-06-26 00:00,25,,3.4,200,97,1001,1009,,,,8,,24.8
156,堡林,2022-06-26 01:00,24.9,,3.1,230,98,1000.8,1008.8,,,,8,,24.9
156,堡林,2022-06-26 02:00,24.9,,1.9,230,98,1000.5,1008.5,,,,6,,24.9
156,堡林,2022-06-26 03:00,25.1,,1.8,180,98,1000.3,1008.3,,,,6,,24.9
156,堡林,2022-06-26 04:00,25,,1.7,200,99,1000.1,1008.1,,,,8,,24.9
156,堡林,2022-06-26 05:00,24.9,,1.8,200,99,1000.3,1008.3,,,,8,,24.9
156,堡林,2022-06-26 06:00,25.2,,3.1,200,99,1001,1009,0,.06,,6,,24.9
156,堡林,2022-06-26 07:00,25.5,,1.6,200,99,1001,1009,0,.15,,7,,25.7
156,堡林,2022-06-26 08:00,26,,2.6,200,97,1002.1,1010.1,0,.31,,9,,26.7
156,堡林,2022-06-26 09:00,26.5,,2.5,230,97,1002.6,1010.6,0,.47,,9,,28
156,堡林,2022-06-26 10:00,27.9,,2,230,95,1002.8,1010.7,.1,.91,,9,,32.6
156,堡林,2022-06-26 11:00,27.9,,3.5,230,93,1003.2,1011.1,.1,1.34,,9,,32.7
156,堡林,2022-06-26 12:00,27.9,,4.6,230,90,1003.4,1011.3,.1,1.22,,9,,31.9
156,堡林,2022-06-26 13:00,28.4,,6.3,230,86,1003.4,1011.3,0,1.04,,9,,32.6
156,堡林,2022-06-26 14:00,29.9,,3.7,230,81,1002.9,1010.8,.3,1.99,,8,,37.2
156,堡林,2022-06-26 15:00,30.7,,5,230,81,1002.8,1010.7,.7,2.51,,7,,40.2
156,堡林,2022-06-26 16:00,30.4,,4,250,82,1002.6,1010.5,.6,1.81,,6,,38.7
156,堡林,2022-06-26 17:00,30.4,,3,250,80,1002,1009.9,.9,2.01,,5,,36.5
156,堡林,2022-06-26 18:00,29.9,,5.6,230,78,1001.5,1009.4,.8,1.23,,7,,32.4
156,堡林,2022-06-26 19:00,29.1,,6.2,200,77,1002,1009.9,.4,.58,,4,,28.7
156,堡林,2022-06-26 20:00,28.3,,4.3,200,81,1002.1,1010,0,.1,,6,,26.9
156,堡林,2022-06-26 21:00,27.2,,2.8,200,91,1003.2,1011.1,,,,6,,26.2
156,堡林,2022-06-26 22:00,26.5,,2.9,180,95,1004.1,1012.1,,,,10,,25.7
156,堡林,2022-06-26 23:00,26.2,,3.4,180,97,1004.4,1012.4,,,,8,,25.2
156,堡林,2022-06-27 00:00,26,,2.4,180,97,1003.9,1011.9,,,,9,,25.2
156,堡林,2022-06-27 01:00,26.2,,2.5,180,97,1003.5,1011.5,,,,8,,25.5
156,堡林,2022-06-27 02:00,26,,2.1,180,98,1003,1011,,,,9,,25.2
156,堡林,2022-06-27 03:00,26.3,,2.6,180,97,1002.7,1010.7,,,,9,,25.4
156,堡林,2022-06-27 04:00,26.4,,2.3,200,97,1002.5,1010.5,,,,9,,25.4
156,堡林,2022-06-27 05:00,26.2,,2.2,180,98,1002.3,1010.3,,,,9,,25.3
156,堡林,2022-06-27 06:00,25.9,0,2,200,99,1002.6,1010.6,0,.07,,10,,25.4
156,堡林,2022-06-27 07:00,26.1,0,2.3,200,99,1002.4,1010.4,0,.21,,10,,26.5
156,堡林,2022-06-27 08:00,25.5,.9,2.7,230,99,1002.5,1010.5,0,.33,,10,,27.1
156,堡林,2022-06-27 09:00,27.3,0,3.2,200,98,1002.1,1010,.1,1.02,,10,,30.2
156,堡林,2022-06-27 10:00,28.3,,4.2,200,96,1002.2,1010.1,0,.9,,8,,31.8
156,堡林,2022-06-27 11:00,28.4,,5.4,230,88,1002.2,1010.1,0,1.01,,8,,30.9
156,堡林,2022-06-27 12:00,28.8,,6.1,230,85,1001.8,1009.7,0,.94,,9,,32.1
156,堡林,2022-06-27 13:00,28.3,0,5.3,230,89,1001.1,1009,.1,1.12,,9,,31.8
156,堡林,2022-06-27 14:00,27.9,0,6,200,92,1000.8,1008.7,0,.67,,9,,30
156,堡林,2022-06-27 15:00,29.1,,4.5,230,87,1000.2,1008,.1,1.26,,9,,33.6
156,堡林,2022-06-27 16:00,29.2,,4.8,200,82,1000,1007.8,.2,1.2,,8,,33.3
156,堡林,2022-06-27 17:00,28.9,,5.6,200,81,999.9,1007.8,0,.78,,9,,30.4
156,堡林,2022-06-27 18:00,28.7,,5,200,83,999.6,1007.5,0,.56,,9,,29.5
156,堡林,2022-06-27 19:00,28.2,,4,200,83,999.7,1007.6,0,.33,,10,,27.7
156,堡林,2022-06-27 20:00,27.2,,3.4,200,90,999.7,1007.6,0,.1,,8,,26.2
156,堡林,2022-06-27 21:00,26.6,,3,200,95,1000,1007.9,,,,2,,25.5
156,堡林,2022-06-27 22:00,26.2,,3.6,180,97,1000.1,1008.1,,,,7,,25.1
156,堡林,2022-06-27 23:00,26.1,,4.2,200,97,1000.3,1008.3,,,,7,,24.7
156,堡林,2022-06-28 00:00,26,,3.2,200,97,1000.6,1008.6,,,,8,,24.6
156,堡林,2022-06-28 01:00,26,,3.7,200,98,1000.1,1008.1,,,,8,,24.9
156,堡林,2022-06-28 02:00,25.8,,2.6,200,98,999.6,1007.6,,,,8,,24.8
156,堡林,2022-06-28 03:00,26.1,,2.9,200,97,999.1,1007,,,,8,,24.9
156,堡林,2022-06-28 04:00,26.2,,3.3,200,96,999,1006.9,,,,9,,25
156,堡林,2022-06-28 05:00,26.3,,2.6,200,95,998.8,1006.7,,,,8,,25
156,堡林,2022-06-28 06:00,27.2,,4.5,230,87,998.9,1006.8,0,.09,,9,,25.3
156,堡林,2022-06-28 07:00,27.2,,5.7,230,88,998.9,1006.8,.1,.22,,8,,26.1
156,堡林,2022-06-28 08:00,27.9,,5.3,230,83,998.6,1006.5,.1,.65,,8,,28.1
156,堡林,2022-06-28 09:00,28.3,,5.1,230,84,998.7,1006.6,.1,.92,,9,,30.4
156,堡林,2022-06-28 10:00,28.7,,5.8,230,80,998.5,1006.3,.5,1.68,,9,,33.6
156,堡林,2022-06-28 11:00,28.8,,3.2,200,84,998.7,1006.5,0,.76,,8,,31.3
156,堡林,2022-06-28 12:00,28.8,,4.1,230,82,998.6,1006.4,.1,1.31,,9,,31.5
156,堡林,2022-06-28 13:00,30.5,,4.7,230,76,998.1,1005.9,.2,1.41,,7,,38.5
156,堡林,2022-06-28 14:00,29.5,,4.5,230,78,997.7,1005.5,.2,1.28,,9,,34.1
156,堡林,2022-06-28 15:00,29.3,,5.2,200,77,997.3,1005.1,.1,.87,,9,,31.8
156,堡林,2022-06-28 16:00,29.9,,5.2,230,75,997,1004.8,.6,1.78,,7,,35.1
156,堡林,2022-06-28 17:00,29.2,,4.1,200,78,996.9,1004.7,.2,1.03,,8,,31.6
156,堡林,2022-06-28 18:00,28.6,,4.8,200,80,997.3,1005.1,0,.54,,9,,29.4
156,堡林,2022-06-28 19:00,27.6,,3.9,200,87,997.6,1005.5,0,.2,,7,,27.6
156,堡林,2022-06-28 20:00,26.9,,4.2,200,93,997.6,1005.5,0,.1,,8,,26.5
156,堡林,2022-06-28 21:00,26.8,,3.2,200,92,997.8,1005.7,,,,8,,26
156,堡林,2022-06-28 22:00,26.6,,4.3,200,93,998.3,1006.2,,,,9,,25.7
156,堡林,2022-06-28 23:00,26.4,,5.1,200,96,998.2,1006.1,,,,10,,25.3
156,堡林,2022-06-29 00:00,26.3,,4.3,200,97,998.3,1006.2,,,,9,,25.4
156,堡林,2022-06-29 01:00,26.2,,2.9,200,97,998.2,1006.1,,,,9,,25.4
156,堡林,2022-06-29 02:00,26.1,,3.5,200,96,997.7,1005.6,,,,9,,25.3
156,堡林,2022-06-29 03:00,26.3,,3,200,94,997.4,1005.3,,,,9,,25.3
156,堡林,2022-06-29 04:00,26.5,,2.6,200,94,997.4,1005.3,,,,9,,25.4
156,堡林,2022-06-29 05:00,26.5,0,2.2,230,94,997.8,1005.7,,,,10,,25.5
156,堡林,2022-06-29 06:00,26.2,0,3.7,230,98,998.1,1006,0,.05,,10,,25.4
156,堡林,2022-06-29 07:00,25.6,0,4,230,99,998.4,1006.4,0,.1,,10,,25.7
156,堡林,2022-06-29 08:00,25,.7,3.5,250,99,998.9,1006.9,0,.28,,10,,26.4
156,堡林,2022-06-29 09:00,25.3,.7,3,230,99,999.2,1007.2,0,.66,,10,,27.6
156,堡林,2022-06-29 10:00,25.8,5.7,5.5,230,99,999.4,1007.4,.3,1.14,,10,,31.2
156,堡林,2022-06-29 11:00,26.5,,4,230,99,999.6,1007.5,.4,1.97,,10,,31.9
156,堡林,2022-06-29 12:00,28.2,,4.6,230,99,999.6,1007.5,.1,1.73,,10,,35.6
156,堡林,2022-06-29 13:00,28,,4.4,230,95,999.3,1007.2,.3,1.8,,10,,32.5
156,堡林,2022-06-29 14:00,27.8,,3.8,250,97,999.3,1007.2,.1,1.25,,10,,31.9
156,堡林,2022-06-29 15:00,28.2,.1,4,230,98,999.2,1007.1,0,1.01,,10,,32.8
156,堡林,2022-06-29 16:00,28.8,,5.1,230,88,998.9,1006.7,.1,1.41,,10,,33.2
156,堡林,2022-06-29 17:00,28.1,0,3.9,200,92,998.6,1006.5,.3,.95,,10,,29.7
156,堡林,2022-06-29 18:00,27.2,0,2.9,230,99,999.1,1007,0,.35,,10,,29.1
156,堡林,2022-06-29 19:00,26.7,0,2.1,200,99,999.5,1007.4,0,.21,,10,,27.9
156,堡林,2022-06-29 20:00,26.2,.3,3.1,200,99,999.9,1007.9,0,.08,,10,,27
156,堡林,2022-06-29 21:00,25.3,.7,2.4,200,99,1000.8,1008.8,,,,10,,26.5
156,堡林,2022-06-29 22:00,25.4,.2,2.4,200,99,1001.5,1009.5,,,,10,,26.3
156,堡林,2022-06-29 23:00,25,.1,2.4,200,99,1001.7,1009.7,,,,5,,25.8
156,堡林,2022-06-30 00:00,25.1,0,3.1,200,99,1002.3,1010.3,,,,10,,25.7
156,堡林,2022-06-30 01:00,25.2,.1,2.8,200,99,1002.3,1010.3,,,,10,,25.5
156,堡林,2022-06-30 02:00,25.2,0,2,200,99,1002.3,1010.3,,,,8,,25.7
156,堡林,2022-06-30 03:00,25.1,,2,230,99,1002.1,1010.1,,,,9,,25.6
156,堡林,2022-06-30 04:00,24.5,1.2,1.9,230,99,1002.2,1010.2,,,,10,,25.5
156,堡林,2022-06-30 05:00,24.7,.1,3.1,230,99,1002.2,1010.2,,,,10,,25.6
156,堡林,2022-06-30 06:00,24.7,.2,2.6,230,99,1002.5,1010.5,0,.08,,10,,25.7
156,堡林,2022-06-30 07:00,25.3,.1,1.8,200,99,1002.7,1010.7,0,.27,,9,,26.7
156,堡林,2022-06-30 08:00,26.9,,2.8,200,99,1002.9,1010.8,.5,1.15,,9,,30
156,堡林,2022-06-30 09:00,27.1,,2.2,200,98,1003.2,1011.1,.2,1.1,,7,,29.8
156,堡林,2022-06-30 10:00,27.9,,1.6,230,99,1003.3,1011.2,.1,.76,,8,,31.2
156,堡林,2022-06-30 11:00,27.8,,3.7,230,94,1003.6,1011.5,.3,1.28,,10,,31.2
156,堡林,2022-06-30 12:00,28.3,0,2.8,200,94,1003.9,1011.8,0,1.31,,9,,32.5
156,堡林,2022-06-30 13:00,29.6,,3.3,200,83,1003.8,1011.7,.5,2.18,,8,,37.5
156,堡林,2022-06-30 14:00,29,,3.2,230,83,1003.7,1011.6,.4,1.67,,8,,32.7
156,堡林,2022-06-30 15:00,29.4,,2.9,250,82,1003.7,1011.6,0,1.13,,9,,33.3
156,堡林,2022-06-30 16:00,29.4,,3.5,230,81,1003.6,1011.5,.1,1.27,,8,,32.3
156,堡林,2022-06-30 17:00,29.3,,2.8,230,81,1003.5,1011.4,0,.85,,8,,31.2
156,堡林,2022-06-30 18:00,29.7,,3.1,230,80,1003.6,1011.5,1,1.01,,6,,30.9
156,堡林,2022-06-30 19:00,29.1,,2.5,230,81,1003.8,1011.7,.6,.88,,7,,30
156,堡林,2022-06-30 20:00,27.5,,2.1,200,92,1004.5,1012.4,.3,.19,,7,,27.5
156,堡林,2022-06-30 21:00,26.7,,2.5,180,96,1005.4,1013.4,,,,5,,26.5
156,堡林,2022-06-30 22:00,26.2,,1.9,180,98,1006,1014,,,,4,,25.9
156,堡林,2022-06-30 23:00,25.9,,1.6,180,98,1006.3,1014.3,,,,3,,25.4
156,堡林,2022-07-01 00:00,25.6,,2.2,180,99,1006.1,1014.1,,,,3,,25
156,堡林,2022-07-01 01:00,25.1,,1.4,200,99,1006.1,1014.1,,,,2,,24.8
156,堡林,2022-07-01 02:00,25,,1.8,180,99,1005.8,1013.8,,,,4,,24.4
156,堡林,2022-07-01 03:00,24.9,,1.6,200,99,1006,1014,,,,2,,24.2
156,堡林,2022-07-01 04:00,24.5,,.4,0,99,1006.2,1014.2,,,,3,,24
156,堡林,2022-07-01 05:00,24.4,,1,50,99,1006.5,1014.5,,,,3,,24
156,堡林,2022-07-01 06:00,24,,.9,90,99,1006.7,1014.7,.1,.1,,2,,24
156,堡林,2022-07-01 07:00,25.1,,.9,70,99,1006.8,1014.8,1,.59,,2,,24.5
156,堡林,2022-07-01 08:00,27.3,,2.5,200,88,1006.8,1014.8,1,1.29,,2,,27.4
156,堡林,2022-07-01 09:00,28.4,,3.3,180,83,1006.9,1014.8,1,1.96,,1,,32
156,堡林,2022-07-01 10:00,29.8,,1.9,160,74,1006.8,1014.7,1,2.75,,1,,36
156,堡林,2022-07-01 11:00,30.1,,1.5,180,70,1007,1014.9,.9,2.62,,4,,35.1
156,堡林,2022-07-01 12:00,30.6,,3.6,230,68,1007,1014.9,.6,2.08,,5,,36.1
156,堡林,2022-07-01 13:00,31,,3.1,230,64,1006.9,1014.8,.7,2.73,,5,,36.3
156,堡林,2022-07-01 14:00,31.2,,3,200,64,1006.6,1014.5,.7,2.57,,6,,36.1
156,堡林,2022-07-01 15:00,32.5,,2.6,200,63,1006.2,1014,.9,2.76,,6,,38.9
156,堡林,2022-07-01 16:00,32.4,,2.6,180,58,1005.7,1013.5,.9,2.43,,3,,37.9
156,堡林,2022-07-01 17:00,32.3,,3.3,200,57,1005.5,1013.3,.9,1.98,,1,,35
156,堡林,2022-07-01 18:00,31.7,,3,200,54,1005.5,1013.4,1,1.44,,0,,31.6
156,堡林,2022-07-01 19:00,30.3,,2.8,200,61,1005.3,1013.2,.6,.73,,0,,29
156,堡林,2022-07-01 20:00,28.9,,3.1,180,62,1005.6,1013.5,.4,.15,,1,,26.8
156,堡林,2022-07-01 21:00,27.4,,1.4,230,67,1005.9,1013.9,,,,0,,25.7
156,堡林,2022-07-01 22:00,27.1,,1.5,200,73,1006.3,1014.3,,,,0,,25
156,堡林,2022-07-01 23:00,26.8,,.5,200,76,1006.6,1014.6,,,,0,,24.5
156,堡林,2022-07-02 00:00,25.9,,.1,0,79,1006.7,1014.7,,,,0,,24
156,堡林,2022-07-02 01:00,25.2,,.7,180,85,1006.7,1014.7,,,,0,,23.7
156,堡林,2022-07-02 02:00,24.6,,.4,0,87,1006.6,1014.6,,,,0,,23.3
156,堡林,2022-07-02 03:00,23.8,,.4,0,94,1006.3,1014.3,,,,0,,23
156,堡林,2022-07-02 04:00,23.2,,1,110,97,1006.5,1014.6,,,,3,,22.9
156,堡林,2022-07-02 05:00,23.2,,.9,90,97,1006.4,1014.5,,,,4,,22.7
156,堡林,2022-07-02 06:00,23.4,,.7,70,97,1006.2,1014.2,.1,.11,,6,,22.8
156,堡林,2022-07-02 07:00,23.8,,.1,0,97,1006.3,1014.3,1,.66,,5,,23.8
156,堡林,2022-07-02 08:00,26.3,,.4,0,85,1006.2,1014.2,1,1.24,,0,,26.8
156,堡林,2022-07-02 09:00,28.3,,.4,0,74,1005.9,1013.8,1,2.01,,0,,31.5
156,堡林,2022-07-02 10:00,30.6,,.4,0,67,1005.8,1013.7,1,2.69,,3,,37.1
156,堡林,2022-07-02 11:00,31.9,,.9,200,58,1005.7,1013.5,1,3.14,,6,,39.4
156,堡林,2022-07-02 12:00,32,,.7,250,57,1005.3,1013.1,1,3.23,,6,,42.7
156,堡林,2022-07-02 13:00,33,,.8,230,54,1004.4,1012.2,1,3.4,,5,,47.8
156,堡林,2022-07-02 14:00,33.5,,1.6,20,53,1003.6,1011.4,.7,2.5,,4,,44.5
156,堡林,2022-07-02 15:00,33.5,,1.2,50,53,1003,1010.8,.6,1.88,,5,,39.8
156,堡林,2022-07-02 16:00,34.2,,.9,20,53,1002.3,1010.1,.6,1.63,,3,,39.2
156,堡林,2022-07-02 17:00,34.5,,.9,140,48,1002,1009.7,.9,1.56,,2,,37.6
156,堡林,2022-07-02 18:00,32,,1.2,270,66,1001.9,1009.7,.7,.89,,1,,33.1
156,堡林,2022-07-02 19:00,30.6,,1.1,320,74,1002.3,1010.2,.3,.47,,1,,31.4
156,堡林,2022-07-02 20:00,29.1,,1.3,250,80,1002.3,1010.2,.2,.13,,2,,29.1
156,堡林,2022-07-02 21:00,28.3,,1.7,250,85,1002.8,1010.7,,,,3,,27.8
156,堡林,2022-07-02 22:00,27.8,,.8,270,87,1003.1,1011,,,,8,,27.2
156,堡林,2022-07-02 23:00,27.4,,1.1,250,85,1003.2,1011.1,,,,7,,26.6
156,堡林,2022-07-03 00:00,26.8,,1.5,230,87,1003.3,1011.3,,,,8,,26.6
156,堡林,2022-07-03 01:00,26.7,,.3,0,88,1003.5,1011.5,,,,10,,26.4
156,堡林,2022-07-03 02:00,26.3,,.5,290,89,1003.3,1011.3,,,,10,,25.9
156,堡林,2022-07-03 03:00,26.2,,.3,0,90,1002.8,1010.8,,,,6,,25.3
156,堡林,2022-07-03 04:00,25.6,,.8,50,96,1002.8,1010.8,,,,7,,25.2
156,堡林,2022-07-03 05:00,25.6,,.6,70,92,1002.4,1010.4,,,,5,,25
156,堡林,2022-07-03 06:00,25.2,,.1,0,94,1002.3,1010.3,0,.09,,5,,24.9
156,堡林,2022-07-03 07:00,25.7,,.7,50,90,1002.2,1010.2,.3,.35,,5,,25.8
156,堡林,2022-07-03 08:00,27.3,,1,70,80,1002.2,1010.1,1,1.17,,7,,28.8
156,堡林,2022-07-03 09:00,28.6,,.7,70,67,1002,1009.9,1,1.65,,7,,32.7
156,堡林,2022-07-03 10:00,30.3,,.5,20,62,1001.7,1009.6,1,2.16,,8,,37.1
156,堡林,2022-07-03 11:00,32.1,,1.4,200,57,1001.4,1009.2,1,2.98,,6,,44.2
156,堡林,2022-07-03 12:00,31.4,,1.3,180,63,1000.9,1008.7,.2,1.77,,8,,38.5
156,堡林,2022-07-03 13:00,32.1,,1.3,140,67,1000.4,1008.2,.3,2,,9,,39.2
156,堡林,2022-07-03 14:00,32,,2.2,180,59,1000,1007.8,0,1.41,,9,,39.5
156,堡林,2022-07-03 15:00,33.1,,2.3,230,58,999.5,1007.3,.4,1.83,,4,,42.7
156,堡林,2022-07-03 16:00,32.3,,2.6,180,59,999.3,1007.1,.8,2.18,,8,,38.2
156,堡林,2022-07-03 17:00,32.7,,1.7,180,58,999,1006.8,.3,.95,,8,,37.2
156,堡林,2022-07-03 18:00,30.8,0,2.6,200,66,999.1,1006.9,.3,.47,,10,,31
156,堡林,2022-07-03 19:00,30.1,,2.8,200,69,999.3,1007.1,0,.3,,9,,30.8
156,堡林,2022-07-03 20:00,29.5,,2.6,200,71,999.4,1007.2,0,.12,,7,,29.3
156,堡林,2022-07-03 21:00,28.6,,1.5,200,75,999.7,1007.6,,,,4,,28.1
156,堡林,2022-07-03 22:00,28.1,,1.2,200,78,999.9,1007.8,,,,4,,27.3
156,堡林,2022-07-03 23:00,27.7,,.7,200,83,999.6,1007.5,,,,4,,26.7
156,堡林,2022-07-04 00:00,27.3,,1.1,180,83,999.6,1007.5,,,,2,,26.6
156,堡林,2022-07-04 01:00,27,,.4,0,84,999.5,1007.4,,,,8,,26.6
156,堡林,2022-07-04 02:00,27,,.9,90,86,999.2,1007.1,,,,6,,26.8
156,堡林,2022-07-04 03:00,26.9,,.8,110,86,998.8,1006.7,,,,5,,26.7
156,堡林,2022-07-04 04:00,24.5,.6,0,0,99,998.6,1006.5,,,,10,,26
156,堡林,2022-07-04 05:00,24.3,.6,0,0,99,998.3,1006.2,,,,10,,25.9
156,堡林,2022-07-04 06:00,24.6,0,.5,50,99,998.4,1006.3,0,.06,,8,,26
156,堡林,2022-07-04 07:00,25.2,,.4,0,99,998.4,1006.4,0,.22,,9,,26.7
156,堡林,2022-07-04 08:00,25.6,,.1,0,99,998.4,1006.4,0,.5,,9,,28.1
156,堡林,2022-07-04 09:00,27.6,,.7,160,95,998.2,1006.1,.2,1.04,,9,,31.9
156,堡林,2022-07-04 10:00,28.8,,1.6,180,87,998,1005.8,.3,1.58,,5,,33.8
156,堡林,2022-07-04 11:00,29.5,,1.5,200,77,997.9,1005.7,1,2.97,,6,,36.6
156,堡林,2022-07-04 12:00,29.5,,1,180,77,997.7,1005.5,.1,1.27,,9,,33.7
156,堡林,2022-07-04 13:00,29.3,,1.2,70,78,997.4,1005.2,.2,1.98,,9,,33.5
156,堡林,2022-07-04 14:00,29.1,0,1,140,79,996.9,1004.7,0,.7,,9,,30.8
156,堡林,2022-07-04 15:00,29.6,0,1.4,290,79,996.6,1004.4,0,.95,,9,,33.3
156,堡林,2022-07-04 16:00,30.3,,.6,50,76,996.4,1004.2,0,1.24,,9,,33.7
156,堡林,2022-07-04 17:00,31.2,,.4,0,69,995.8,1003.6,.8,1.72,,6,,35.1
156,堡林,2022-07-04 18:00,27.2,.9,.4,0,94,995.6,1003.5,.5,.74,,9,,29.6
156,堡林,2022-07-04 19:00,27.2,0,1.5,250,97,996.2,1004.1,0,.1,,9,,28.6
156,堡林,2022-07-04 20:00,27.1,,.5,250,99,996.3,1004.2,0,.07,,10,,27.7
156,堡林,2022-07-04 21:00,26.6,,.4,0,99,996.9,1004.8,,,,7,,27
156,堡林,2022-07-04 22:00,26.5,,.2,0,99,997.4,1005.3,,,,9,,26.6
156,堡林,2022-07-04 23:00,26.1,,.3,0,99,997.6,1005.5,,,,6,,26.3
156,堡林,2022-07-05 00:00,25.9,,.3,0,99,997.3,1005.2,,,,7,,26
156,堡林,2022-07-05 01:00,25.7,,.7,230,99,997.1,1005,,,,6,,25.8
156,堡林,2022-07-05 02:00,25.6,,0,0,99,996.8,1004.7,,,,10,,25.9
156,堡林,2022-07-05 03:00,25.5,,0,0,99,996.9,1004.9,,,,5,,25.8
156,堡林,2022-07-05 04:00,25.4,,0,0,99,996.9,1004.9,,,,6,,25.7
156,堡林,2022-07-05 05:00,25.5,,0,0,99,997,1005,,,,9,,26
156,堡林,2022-07-05 06:00,25.5,,.5,270,99,997.1,1005.1,0,.08,,10,,26
156,堡林,2022-07-05 07:00,26,,.3,0,99,997.4,1005.3,0,.39,,9,,27.6
156,堡林,2022-07-05 08:00,26.2,,.8,250,99,997.8,1005.7,.1,.58,,9,,28.4
156,堡林,2022-07-05 09:00,27.5,,.9,200,98,998,1005.9,.3,1.35,,8,,31
156,堡林,2022-07-05 10:00,29.2,,.9,250,88,997.9,1005.7,.7,2.1,,8,,35.4
156,堡林,2022-07-05 11:00,30.4,,.8,340,81,997.6,1005.4,.4,1.85,,7,,35.8
156,堡林,2022-07-05 12:00,31.5,,.9,70,72,997.1,1004.9,.6,2.39,,8,,39.6
156,堡林,2022-07-05 13:00,31.3,,.9,360,71,996.8,1004.6,.3,1.9,,9,,35.4
156,堡林,2022-07-05 14:00,31.2,,1.8,20,75,996.5,1004.3,.1,1.81,,9,,37
156,堡林,2022-07-05 15:00,30.7,,.8,320,80,996.6,1004.4,.2,1.56,,9,,34.9
156,堡林,2022-07-05 16:00,31.6,,1.2,50,77,996.7,1004.5,.4,1.33,,8,,36.3
156,堡林,2022-07-05 17:00,30.7,,1,320,78,996.2,1004,.1,.94,,9,,33
156,堡林,2022-07-05 18:00,26.1,7,1.4,180,99,996.7,1004.6,0,.36,,9,,29.7
156,堡林,2022-07-05 19:00,26.5,.3,2,230,99,997.5,1005.4,0,.23,,9,,29.3
156,堡林,2022-07-05 20:00,26.7,,1.4,200,99,998.1,1006,0,.08,,9,,28.3
156,堡林,2022-07-05 21:00,26.4,,1,160,99,998.5,1006.4,,,,9,,27.8
156,堡林,2022-07-05 22:00,26.3,,1.2,180,99,999.3,1007.2,,,,8,,27.6
156,堡林,2022-07-05 23:00,26.1,,.1,0,99,999.3,1007.2,,,,9,,27.3
156,堡林,2022-07-06 00:00,25.8,,.1,0,99,999.5,1007.5,,,,7,,26.9
156,堡林,2022-07-06 01:00,26,,.8,180,99,999,1007,,,,10,,26.7
156,堡林,2022-07-06 02:00,26,,.1,0,99,999.2,1007.2,,,,10,,26.6
156,堡林,2022-07-06 03:00,25.8,,.6,180,99,999.2,1007.2,,,,7,,26.5
156,堡林,2022-07-06 04:00,26.1,,.6,230,99,999.7,1007.7,,,,7,,26.3
156,堡林,2022-07-06 05:00,25.4,,1.5,180,99,999.6,1007.6,,,,6,,26
156,堡林,2022-07-06 06:00,25.5,,1.4,70,99,999.5,1007.5,0,.09,,8,,26.1
156,堡林,2022-07-06 07:00,26.1,,.6,50,99,1000.1,1008.1,.2,.31,,4,,26.5
156,堡林,2022-07-06 08:00,27.8,,.8,200,96,1000.7,1008.6,.8,1.09,,6,,28.5
156,堡林,2022-07-06 09:00,28.8,,.9,180,92,1000.6,1008.5,1,1.62,,7,,31.1
156,堡林,2022-07-06 10:00,29.5,,1.2,200,86,1000.3,1008.1,.7,1.73,,8,,32.7
156,堡林,2022-07-06 11:00,30.8,,3.4,230,79,1000.3,1008.1,.9,2.56,,7,,35.8
156,堡林,2022-07-06 12:00,31.4,,2,180,74,1000,1007.8,.4,1.98,,8,,34.8
156,堡林,2022-07-06 13:00,32.4,,1.8,200,70,999.5,1007.3,.7,2.8,,7,,37.5
156,堡林,2022-07-06 14:00,33,,2.4,200,63,998.7,1006.5,.8,2.68,,7,,37.5
156,堡林,2022-07-06 15:00,32.5,,1.9,140,65,998.4,1006.2,.8,2.47,,7,,35.1
156,堡林,2022-07-06 16:00,32.6,,2.1,160,67,998.3,1006.1,.7,1.78,,6,,35
156,堡林,2022-07-06 17:00,32.8,,4.2,200,62,998.5,1006.3,.9,1.76,,5,,33.6
156,堡林,2022-07-06 18:00,32.1,,3.2,200,66,998.7,1006.5,1,1.53,,7,,32.2
156,堡林,2022-07-06 19:00,30,,2.5,180,77,999.3,1007.2,.5,.73,,6,,30.3
156,堡林,2022-07-06 20:00,29.1,,2.5,180,83,999.7,1007.5,0,.1,,6,,28.8
156,堡林,2022-07-06 21:00,28.6,,2.7,200,88,1000.4,1008.3,,,,6,,28.3
156,堡林,2022-07-06 22:00,28.2,,2.8,180,89,1000.6,1008.5,,,,6,,27.6
156,堡林,2022-07-06 23:00,27.8,,2.6,180,93,1000.6,1008.5,,,,8,,27.3
156,堡林,2022-07-07 00:00,28,,2.6,180,89,1000.3,1008.2,,,,7,,26.9
156,堡林,2022-07-07 01:00,27.5,,3,200,94,1000.6,1008.5,,,,9,,26.8
156,堡林,2022-07-07 02:00,27.4,,2.4,200,94,1000.7,1008.6,,,,7,,26.7
156,堡林,2022-07-07 03:00,27.4,,2.5,180,95,1000.2,1008.1,,,,4,,26.5
156,堡林,2022-07-07 04:00,27.2,,2.7,180,97,1000.1,1008,,,,0,,26.3
156,堡林,2022-07-07 05:00,27.2,,2.6,180,96,1000.2,1008.1,,,,0,,26.2
156,堡林,2022-07-07 06:00,27,,2.7,180,97,1000.3,1008.2,0,.08,,4,,26.2
156,堡林,2022-07-07 07:00,27.3,,2.6,180,96,1000.2,1008.1,.7,.39,,2,,26.5
156,堡林,2022-07-07 08:00,29.1,,2.3,200,84,1000.2,1008,1,1.19,,4,,28.9
156,堡林,2022-07-07 09:00,30,,3.6,200,80,999.9,1007.8,1,1.89,,5,,31.8
156,堡林,2022-07-07 10:00,31.3,,3.5,200,74,999.6,1007.4,1,2.58,,4,,36.1
156,堡林,2022-07-07 11:00,32.7,,3.3,200,70,999.3,1007.1,1,3.18,,5,,40.2
156,堡林,2022-07-07 12:00,32.4,,4,200,68,999,1006.8,.9,2.94,,6,,40
156,堡林,2022-07-07 13:00,31.5,,3.9,180,69,998.7,1006.5,.3,1.72,,8,,35.6
156,堡林,2022-07-07 14:00,30.4,,3.6,180,76,998.7,1006.5,0,.92,,9,,33.1
156,堡林,2022-07-07 15:00,31,,3.4,200,78,998.5,1006.3,0,1.25,,10,,35.1
156,堡林,2022-07-07 16:00,30.5,,2.7,230,81,998.2,1006,.3,1.59,,10,,34
156,堡林,2022-07-07 17:00,29.7,0,2.4,200,86,997.9,1005.7,0,.45,,10,,31.5
156,堡林,2022-07-07 18:00,29.3,0,3.8,200,89,997.7,1005.5,0,.29,,10,,30.2
156,堡林,2022-07-07 19:00,28.2,0,3,200,98,997.9,1005.8,0,.13,,10,,28.9
156,堡林,2022-07-07 20:00,26.5,1.1,1.6,230,99,998.2,1006.1,0,.06,,10,,28.3
156,堡林,2022-07-07 21:00,26.9,1.6,.8,200,99,998.3,1006.2,,,,7,,28.4
156,堡林,2022-07-07 22:00,26.7,0,1.6,270,99,998.7,1006.6,,,,10,,28
156,堡林,2022-07-07 23:00,26.2,2.2,1.5,200,99,998.4,1006.3,,,,9,,27.7
156,堡林,2022-07-08 00:00,26.1,,1.7,230,99,998.1,1006,,,,6,,27.8
156,堡林,2022-07-08 01:00,26.1,,1.5,230,99,997.9,1005.8,,,,6,,27.7
156,堡林,2022-07-08 02:00,26,,2.3,250,99,997.6,1005.5,,,,7,,27.6
156,堡林,2022-07-08 03:00,26,,2.6,230,99,997,1004.9,,,,9,,27.4
156,堡林,2022-07-08 04:00,25.9,,2.5,230,99,997,1004.9,,,,9,,27.3
156,堡林,2022-07-08 05:00,25.8,,1.2,250,99,997,1004.9,,,,9,,27.2
156,堡林,2022-07-08 06:00,25.7,,1.8,230,99,996.9,1004.8,0,.07,,7,,27.2
156,堡林,2022-07-08 07:00,26.1,,1,230,99,997.1,1005,0,.18,,9,,27.6
156,堡林,2022-07-08 08:00,26.6,,1.5,230,99,997.4,1005.3,0,.32,,10,,28.1
156,堡林,2022-07-08 09:00,27.5,,1,250,99,997.2,1005.1,0,.55,,10,,29.2
156,堡林,2022-07-08 10:00,27.9,,1.1,230,98,996.9,1004.8,0,.86,,10,,29.9
156,堡林,2022-07-08 11:00,27.8,,1,230,98,996.5,1004.4,0,.58,,8,,29.4
156,堡林,2022-07-08 12:00,26.6,.3,.6,20,99,996.2,1004.1,0,.28,,10,,28.7
156,堡林,2022-07-08 13:00,25.8,4.5,.5,230,99,996.2,1004.1,0,.37,,10,,28.3
156,堡林,2022-07-08 14:00,26.5,,.8,250,99,995.7,1003.6,0,.66,,7,,29.2
156,堡林,2022-07-08 15:00,27.2,,.8,360,99,995.1,1003,0,1.1,,9,,29.9
156,堡林,2022-07-08 16:00,29.4,,1.5,270,92,994.7,1002.5,.4,1.71,,8,,32.3
156,堡林,2022-07-08 17:00,29.1,,1.1,320,83,994.2,1002,.4,1.22,,4,,30.9
156,堡林,2022-07-08 18:00,29.4,,1.1,270,81,993.9,1001.7,.7,1.07,,4,,30.3
156,堡林,2022-07-08 19:00,28.5,,.7,270,81,994.2,1002,.4,.53,,2,,28.9
156,堡林,2022-07-08 20:00,27.1,,.8,290,93,994.8,1002.7,.1,.12,,3,,27.5
156,堡林,2022-07-08 21:00,26,,.4,0,97,995.2,1003.1,,,,3,,26.6
156,堡林,2022-07-08 22:00,24.9,,0,0,99,995.5,1003.5,,,,1,,25.9
156,堡林,2022-07-08 23:00,24.9,,1.1,250,99,995.3,1003.3,,,,0,,25.7
156,堡林,2022-07-09 00:00,24.4,,1.5,270,99,995.1,1003,,,,1,,25.5
156,堡林,2022-07-09 01:00,23.9,,2.1,250,99,994.9,1002.8,,,,,,25.2
156,堡林,2022-07-09 02:00,24,,.5,290,99,994.8,1002.7,,,,8,,25.4
156,堡林,2022-07-09 03:00,23.8,,.3,0,99,994.4,1002.3,,,,8,,25.3
156,堡林,2022-07-09 04:00,24,,.2,0,99,994.4,1002.3,,,,6,,25.3
156,堡林,2022-07-09 05:00,23.9,,.4,0,99,994.8,1002.7,,,,7,,25.1
156,堡林,2022-07-09 06:00,23.9,,.6,320,99,995.4,1003.3,0,.07,,9,,25.2
156,堡林,2022-07-09 07:00,23.8,,.3,0,99,995.7,1003.6,0,.17,,5,,25.4
156,堡林,2022-07-09 08:00,24.5,,1,340,98,995.7,1003.6,.3,.71,,4,,26.4
156,堡林,2022-07-09 09:00,26.3,,.4,0,96,995.6,1003.5,.4,1.09,,4,,28.5
156,堡林,2022-07-09 10:00,26.7,,.8,140,88,995.5,1003.4,.6,1.65,,7,,29.6
156,堡林,2022-07-09 11:00,27.6,,1.4,90,86,995.3,1003.2,.2,1.41,,10,,30.2
156,堡林,2022-07-09 12:00,27.7,,1.1,50,84,995.2,1003.1,.1,1.45,,9,,30.6
156,堡林,2022-07-09 13:00,28.1,,1.3,50,84,995,1002.8,.1,1.54,,10,,30.6
156,堡林,2022-07-09 14:00,30,,1.1,70,79,994.6,1002.4,.4,2.12,,9,,34.8
156,堡林,2022-07-09 15:00,30.6,,1.4,50,66,994.5,1002.3,.5,2.21,,8,,34.4
156,堡林,2022-07-09 16:00,30.5,,1.7,50,64,994.5,1002.3,.9,2.46,,7,,32.6
156,堡林,2022-07-09 17:00,30.9,,1.7,70,64,994.2,1002,.8,1.7,,6,,32.4
156,堡林,2022-07-09 18:00,30.2,,2,70,72,994.1,1001.9,1,1.24,,1,,30.7
156,堡林,2022-07-09 19:00,28.9,,1.5,70,77,994.3,1002.1,.6,.54,,2,,29.1
156,堡林,2022-07-09 20:00,28.1,,1.3,70,84,994.8,1002.6,0,.13,,4,,27.7
156,堡林,2022-07-09 21:00,27.8,,.2,0,90,995.5,1003.4,,,,7,,27.2
156,堡林,2022-07-09 22:00,27,,1.1,50,97,996.5,1004.4,,,,3,,26.9
156,堡林,2022-07-09 23:00,26.4,,1.1,70,98,997,1004.9,,,,4,,26.4
156,堡林,2022-07-10 00:00,25.4,,1.1,70,99,997.1,1005.1,,,,4,,26.1
156,堡林,2022-07-10 01:00,25.6,,.5,50,99,996.6,1004.5,,,,4,,25.8
156,堡林,2022-07-10 02:00,25.4,,.5,50,99,996.5,1004.5,,,,7,,25.7
156,堡林,2022-07-10 03:00,24.8,,.7,20,99,996.2,1004.1,,,,4,,25.4
156,堡林,2022-07-10 04:00,24.5,,0,0,99,996.5,1004.4,,,,7,,25.3
156,堡林,2022-07-10 05:00,24.6,,.3,0,99,996.8,1004.7,,,,3,,25.1
156,堡林,2022-07-10 06:00,24.6,,.2,0,99,997.2,1005.1,0,.07,,0,,25.2
156,堡林,2022-07-10 07:00,25,,.1,0,99,997.3,1005.3,.1,.33,,2,,26.1
156,堡林,2022-07-10 08:00,26.2,,.2,0,99,998,1005.9,.6,.96,,3,,27.8
156,堡林,2022-07-10 09:00,27.7,,.2,0,94,997.9,1005.8,1,1.73,,5,,30.3
156,堡林,2022-07-10 10:00,29.5,,.7,20,85,997.9,1005.7,1,2.44,,7,,33.2
156,堡林,2022-07-10 11:00,29.5,,.9,340,80,998.2,1006,.5,2.01,,8,,31.7
156,堡林,2022-07-10 12:00,30.7,,.9,20,77,998.2,1006,.5,1.99,,8,,33.8
156,堡林,2022-07-10 13:00,32.6,,1.3,230,65,997.8,1005.6,.8,2.67,,7,,37.9
156,堡林,2022-07-10 14:00,32.8,,2.3,250,61,997,1004.8,1,3.35,,7,,38.1
156,堡林,2022-07-10 15:00,32.6,,1.8,230,62,996.6,1004.4,.8,2.62,,7,,36
156,堡林,2022-07-10 16:00,32.6,,2,160,68,996.2,1004,.8,1.88,,7,,34.7
156,堡林,2022-07-10 17:00,31.4,,2.7,200,71,996.1,1003.9,.1,.64,,8,,32.1
156,堡林,2022-07-10 18:00,30.9,,4,230,69,996.1,1003.9,0,.51,,7,,31.2
156,堡林,2022-07-10 19:00,29.6,,4.3,230,80,996.8,1004.6,0,.34,,7,,29.9
156,堡林,2022-07-10 20:00,28.5,,3.4,230,86,997.4,1005.2,0,.11,,7,,28.6
156,堡林,2022-07-10 21:00,28.1,,2.5,230,87,997.9,1005.8,,,,9,,28.1
156,堡林,2022-07-10 22:00,27.5,,2.4,200,92,998.3,1006.2,,,,10,,27.6
156,堡林,2022-07-10 23:00,27,,2.1,200,95,998.2,1006.1,,,,10,,27.4
156,堡林,2022-07-11 00:00,26.3,0,1.4,200,97,998.2,1006.1,,,,10,,26.9
156,堡林,2022-07-11 01:00,24.6,6.9,.9,110,99,997.7,1005.6,,,,10,,26.4
156,堡林,2022-07-11 02:00,25,.4,.4,0,99,997.1,1005.1,,,,10,,26.6
156,堡林,2022-07-11 03:00,24.6,,.1,0,99,996.9,1004.8,,,,10,,26.5
156,堡林,2022-07-11 04:00,24.6,4.4,1.4,200,99,997.1,1005,,,,10,,26.2
156,堡林,2022-07-11 05:00,24.4,.6,.9,180,99,997.3,1005.2,,,,10,,26.2
156,堡林,2022-07-11 06:00,24.2,.6,1.1,70,99,997.4,1005.3,0,.06,,10,,26
156,堡林,2022-07-11 07:00,24,.5,.5,50,99,997.6,1005.5,0,.09,,10,,26.1
156,堡林,2022-07-11 08:00,24.3,.7,.9,90,99,997.4,1005.3,0,.25,,10,,26.6
156,堡林,2022-07-11 09:00,25.5,.2,.4,0,99,997.7,1005.7,0,.54,,9,,27.8
156,堡林,2022-07-11 10:00,27,,1.5,200,99,997.6,1005.5,.4,1.42,,7,,29.8
156,堡林,2022-07-11 11:00,27.7,,2,230,98,997.6,1005.5,.2,1.64,,9,,30.6
156,堡林,2022-07-11 12:00,28.1,,.3,0,90,997.2,1005.1,.1,1.41,,9,,30
156,堡林,2022-07-11 13:00,29.8,,.4,0,75,997.2,1005,.4,2.14,,9,,34
156,堡林,2022-07-11 14:00,30.1,,.9,90,74,996.8,1004.6,.5,2.29,,7,,35.8
156,堡林,2022-07-11 15:00,29.6,,1.2,200,79,996.7,1004.5,.2,1.4,,8,,31.6
156,堡林,2022-07-11 16:00,29.2,0,2.2,250,84,996.9,1004.7,.1,.62,,10,,29.8
156,堡林,2022-07-11 17:00,29.6,,1.9,250,82,997,1004.8,0,.53,,9,,30.8
156,堡林,2022-07-11 18:00,30.2,,1.2,290,78,997,1004.8,.5,1.14,,6,,31.7
156,堡林,2022-07-11 19:00,28.8,,.2,0,89,997.5,1005.3,.2,.37,,2,,28.8
156,堡林,2022-07-11 20:00,28,,.1,0,96,998.1,1006,0,.13,,5,,27.9
156,堡林,2022-07-11 21:00,27.5,,1,290,98,998.9,1006.8,,,,5,,27.3
156,堡林,2022-07-11 22:00,27.3,,.9,290,98,999.7,1007.6,,,,5,,26.9
156,堡林,2022-07-11 23:00,27,,.4,0,99,999.7,1007.6,,,,5,,26.7
156,堡林,2022-07-12 00:00,27,,1.1,250,98,999.9,1007.8,,,,6,,26.5
156,堡林,2022-07-12 01:00,26.7,,1.3,250,99,999.8,1007.7,,,,6,,26.2
156,堡林,2022-07-12 02:00,26.3,,.8,250,99,999.7,1007.6,,,,3,,26.2
156,堡林,2022-07-12 03:00,26.2,,1,200,99,999.4,1007.3,,,,8,,26
156,堡林,2022-07-12 04:00,25.9,,.6,180,99,999.1,1007.1,,,,6,,25.9
156,堡林,2022-07-12 05:00,26,,.9,200,99,999.4,1007.4,,,,7,,25.7
156,堡林,2022-07-12 06:00,25.8,,.7,250,99,999.5,1007.5,0,.08,,7,,26.2
156,堡林,2022-07-12 07:00,26.4,,.2,0,99,999.4,1007.3,0,.28,,7,,27.4
156,堡林,2022-07-12 08:00,27.2,,.5,90,98,999.4,1007.3,0,.64,,9,,29.5
156,堡林,2022-07-12 09:00,28.3,,1.8,230,93,999.9,1007.8,.3,1.37,,8,,33.2
156,堡林,2022-07-12 10:00,29.9,,2.6,200,88,1000.1,1008,.2,1.6,,7,,36.5
156,堡林,2022-07-12 11:00,29.2,,1.7,250,89,1000.5,1008.3,.1,1.41,,9,,34.5
156,堡林,2022-07-12 12:00,28.6,,2.8,180,93,1000.3,1008.2,.3,1.81,,8,,37.2
156,堡林,2022-07-12 13:00,30.7,,2.5,200,84,1000.1,1007.9,.8,3.3,,6,,41.6
156,堡林,2022-07-12 14:00,29.5,,2.5,200,82,999.7,1007.5,.7,2.61,,8,,39.3
156,堡林,2022-07-12 15:00,30.1,,2.7,200,76,999.5,1007.3,.6,2.52,,8,,37.6
156,堡林,2022-07-12 16:00,30.2,,2.4,180,77,999.1,1006.9,.5,1.85,,8,,40.5
156,堡林,2022-07-12 17:00,29.6,,2.3,200,81,998.8,1006.6,.1,1.04,,9,,35.9
156,堡林,2022-07-12 18:00,28.8,,3.2,200,82,999.2,1007.1,0,.5,,10,,32.4
156,堡林,2022-07-12 19:00,27.7,,3.4,200,85,999.2,1007.1,0,.31,,10,,29.5
156,堡林,2022-07-12 20:00,26.8,,3.5,180,90,999.1,1007,0,.1,,10,,27.2
156,堡林,2022-07-12 21:00,26.1,,3.3,200,93,1000.2,1008.2,,,,8,,26.7
156,堡林,2022-07-12 22:00,26.1,,2.3,180,90,1000.3,1008.3,,,,9,,25.7
156,堡林,2022-07-12 23:00,25.8,,2.8,180,89,999.5,1007.5,,,,10,,25.2
156,堡林,2022-07-13 00:00,25,,4.1,230,93,999.8,1007.8,,,,9,,24.6
156,堡林,2022-07-13 01:00,25.3,,1.5,160,92,999.8,1007.8,,,,6,,24.4
156,堡林,2022-07-13 02:00,25,,2.1,230,93,999.5,1007.5,,,,0,,24.7
156,堡林,2022-07-13 03:00,24.8,,2.2,200,95,999.5,1007.4,,,,10,,24.5
156,堡林,2022-07-13 04:00,24.8,,1.9,180,94,998.7,1006.6,,,,10,,24.2
156,堡林,2022-07-13 05:00,24.6,,.7,180,94,998.2,1006.1,,,,9,,24
156,堡林,2022-07-13 06:00,24.5,,1.6,230,94,999.4,1007.3,0,.07,,9,,24.1
156,堡林,2022-07-13 07:00,25,,1.9,200,93,999.3,1007.3,0,.29,,9,,26.3
156,堡林,2022-07-13 08:00,25.8,,1,140,89,999.6,1007.6,0,.41,,9,,28
156,堡林,2022-07-13 09:00,25.9,,2.3,200,88,998.9,1006.9,0,.53,,10,,28.9
156,堡林,2022-07-13 10:00,26.1,,2.6,180,90,998.8,1006.7,0,.51,,10,,29.4
156,堡林,2022-07-13 11:00,26.3,,2.2,180,91,998.5,1006.4,0,.52,,10,,29.9
156,堡林,2022-07-13 12:00,26.5,,2.4,180,92,997.5,1005.4,0,.63,,10,,31.6
156,堡林,2022-07-13 13:00,27.3,,2,180,89,996.7,1004.6,0,1.5,,10,,35.8
156,堡林,2022-07-13 14:00,26.9,,2.8,160,90,996.2,1004.1,0,.9,,10,,34.5
156,堡林,2022-07-13 15:00,27,,2.8,200,90,995.8,1003.7,0,1.06,,9,,35.3
156,堡林,2022-07-13 16:00,27.1,,2.4,180,90,995.7,1003.6,0,1.12,,9,,36.4
156,堡林,2022-07-13 17:00,27.1,,3.6,180,88,995.2,1003.1,.5,1.45,,8,,34.8
156,堡林,2022-07-13 18:00,27,,3.2,200,88,994.8,1002.7,0,.85,,8,,32.2
156,堡林,2022-07-13 19:00,26.6,,4,200,91,994.7,1002.6,.2,.56,,9,,29
156,堡林,2022-07-13 20:00,26.2,,3.3,200,93,994.8,1002.7,0,.09,,10,,26.8
156,堡林,2022-07-13 21:00,26,,3.3,200,96,994.9,1002.8,,,,8,,26
156,堡林,2022-07-13 22:00,26.1,,3.4,200,97,994.7,1002.6,,,,9,,25.6
156,堡林,2022-07-13 23:00,26.3,,2.6,200,97,994.4,1002.3,,,,9,,25.9
156,堡林,2022-07-14 00:00,26.4,,1.8,230,98,994,1001.9,,,,10,,26.2
156,堡林,2022-07-14 01:00,26.5,,1.8,180,98,993.5,1001.4,,,,5,,26.3
156,堡林,2022-07-14 02:00,26.6,0,2.6,230,99,993,1000.9,,,,10,,26.3
156,堡林,2022-07-14 03:00,25.9,0,2.8,230,99,992.5,1000.4,,,,10,,26
156,堡林,2022-07-14 04:00,25.4,4,3.8,230,99,991.9,999.8,,,,10,,25.8
156,堡林,2022-07-14 05:00,25.5,1.6,3.5,230,99,991.8,999.7,,,,10,,26
156,堡林,2022-07-14 06:00,25.8,7.4,1,320,99,992.7,1000.6,0,.06,,10,,26.1
156,堡林,2022-07-14 07:00,25.9,0,.4,0,99,993.1,1001,.1,.26,,6,,27.6
156,堡林,2022-07-14 08:00,26.9,,.9,320,99,993.2,1001.1,1,1.17,,4,,33.1
156,堡林,2022-07-14 09:00,27.2,,1.2,290,89,993.2,1001.1,.9,1.8,,7,,33.4
156,堡林,2022-07-14 10:00,27.8,,.8,290,91,993.5,1001.3,.1,1.13,,8,,33.4
156,堡林,2022-07-14 11:00,28.6,,1.4,320,86,993.6,1001.4,.2,1.4,,7,,34.5
156,堡林,2022-07-14 12:00,29.8,,1.7,290,78,993.3,1001.1,.8,2.59,,7,,40.9
156,堡林,2022-07-14 13:00,30.5,,2.1,270,75,993.3,1001.1,.9,3.16,,7,,41
156,堡林,2022-07-14 14:00,30.5,,2,320,71,993.3,1001.1,.4,2.07,,8,,40.1
156,堡林,2022-07-14 15:00,30.2,,1.7,360,75,993.4,1001.2,.9,2.71,,7,,39.1
156,堡林,2022-07-14 16:00,30,,2.3,340,73,993.6,1001.4,1,2.72,,6,,37.1
156,堡林,2022-07-14 17:00,29.7,,1.7,20,76,993.6,1001.4,1,2.1,,8,,33.9
156,堡林,2022-07-14 18:00,28.7,,1.1,320,77,993,1000.8,1,1.36,,0,,30.1
156,堡林,2022-07-14 19:00,27.8,,1.2,360,80,992.9,1000.7,.7,.57,,3,,27.9
156,堡林,2022-07-14 20:00,26.8,,1.1,320,89,993.6,1001.5,0,.12,,5,,26.4
156,堡林,2022-07-14 21:00,26,,.8,340,95,994.1,1002,,,,8,,25.7
156,堡林,2022-07-14 22:00,25.5,,.8,250,97,994.1,1002,,,,8,,25.2
156,堡林,2022-07-14 23:00,24.8,,.6,360,99,994.3,1002.2,,,,4,,24.7
156,堡林,2022-07-15 00:00,24.4,,.4,0,99,994.3,1002.2,,,,8,,24.4
156,堡林,2022-07-15 01:00,24.1,,.2,0,99,994.2,1002.1,,,,8,,24
156,堡林,2022-07-15 02:00,23.9,,.3,0,99,994.2,1002.1,,,,7,,23.9
156,堡林,2022-07-15 03:00,23.7,,.6,250,99,993.7,1001.6,,,,4,,23.4
156,堡林,2022-07-15 04:00,23.7,,.1,0,99,993.6,1001.5,,,,8,,23.3
156,堡林,2022-07-15 05:00,23.2,,.7,50,99,993.7,1001.7,,,,4,,23
156,堡林,2022-07-15 06:00,23.1,,1.1,50,99,994,1002,0,.08,,0,,23
156,堡林,2022-07-15 07:00,23.5,,.1,0,99,993.9,1001.8,.8,.46,,0,,24.2
156,堡林,2022-07-15 08:00,25.4,,1.5,70,97,993.4,1001.3,1,1.13,,0,,27
156,堡林,2022-07-15 09:00,26.7,,.8,70,85,993.4,1001.3,1,1.84,,1,,30.7
156,堡林,2022-07-15 10:00,26.9,,1.4,360,82,993.3,1001.2,.8,2.17,,7,,32
156,堡林,2022-07-15 11:00,28.8,,1.2,70,70,993.2,1001,.8,2.62,,5,,36.4
156,堡林,2022-07-15 12:00,29.8,,1.5,50,69,992.8,1000.6,1,3.35,,5,,38.2
156,堡林,2022-07-15 13:00,30.2,,1.4,20,60,992.5,1000.3,1,2.7,,8,,38.8
156,堡林,2022-07-15 14:00,30.4,,2,50,60,991.9,999.7,.8,2.57,,8,,38.5
156,堡林,2022-07-15 15:00,30.2,,1.3,50,65,991.4,999.2,.3,1.86,,8,,36.7
156,堡林,2022-07-15 16:00,30.7,,1,20,60,991.1,998.9,.6,1.88,,6,,38.3
156,堡林,2022-07-15 17:00,31,,1,50,57,990.4,998.2,1,1.77,,4,,38.9
156,堡林,2022-07-15 18:00,30.7,,2.4,50,58,990,997.8,1,1.4,,3,,36.8
156,堡林,2022-07-15 19:00,29.9,,.8,340,64,990.3,998.1,1,.63,,0,,30.1
156,堡林,2022-07-15 20:00,28.2,,1.5,20,70,990.6,998.4,.1,.15,,6,,27.2
156,堡林,2022-07-15 21:00,26.8,,.6,360,76,991.3,999.2,,,,7,,25.8
156,堡林,2022-07-15 22:00,25.8,,.1,0,80,991.9,999.8,,,,7,,24.7
156,堡林,2022-07-15 23:00,25.2,,.3,0,82,991.8,999.7,,,,7,,23.9
156,堡林,2022-07-16 00:00,24.6,,.7,50,86,991.3,999.2,,,,7,,23.4
156,堡林,2022-07-16 01:00,24,,.6,50,91,991.2,999.1,,,,7,,23.1
156,堡林,2022-07-16 02:00,23.4,,.3,0,97,991.1,999,,,,7,,22.7
156,堡林,2022-07-16 03:00,22.9,,0,0,98,990.9,998.8,,,,8,,22.4
156,堡林,2022-07-16 04:00,22.8,,.6,290,99,991,998.9,,,,7,,21.8
156,堡林,2022-07-16 05:00,22.6,,.4,0,99,991.3,999.3,,,,5,,21.5
156,堡林,2022-07-16 06:00,22.4,,.4,0,99,991.3,999.3,0,.08,,5,,21.9
156,堡林,2022-07-16 07:00,23.4,,.5,70,98,991.6,999.5,.6,.41,,4,,23.4
156,堡林,2022-07-16 08:00,24.5,,.8,250,95,992,999.9,1,.88,,4,,27.5
156,堡林,2022-07-16 09:00,25.8,,.6,270,89,992.3,1000.2,1,1.85,,1,,33.9
156,堡林,2022-07-16 10:00,27.8,,.3,0,77,992.1,999.9,1,2.39,,3,,40.2
156,堡林,2022-07-16 11:00,28.9,,1.9,200,74,991.8,999.6,1,2.73,,7,,43.5
156,堡林,2022-07-16 12:00,29.5,,1.8,270,63,991.7,999.5,1,2.92,,8,,44.9
156,堡林,2022-07-16 13:00,29.5,,1.1,290,65,991.4,999.2,.7,2.5,,5,,41.9
156,堡林,2022-07-16 14:00,31.9,,2.4,270,55,991.2,998.9,.9,3.15,,6,,53.7
156,堡林,2022-07-16 15:00,31.4,,2.7,270,56,991.1,998.8,1,3.27,,6,,53.1
156,堡林,2022-07-16 16:00,30.9,,1.9,320,55,991.1,998.9,1,2.84,,4,,50.6
156,堡林,2022-07-16 17:00,30.4,,2.1,290,59,991.2,999,.8,1.67,,6,,44.9
156,堡林,2022-07-16 18:00,29.6,,1.2,320,60,991.7,999.5,1,1.38,,7,,39.2
156,堡林,2022-07-16 19:00,27.3,,1.8,340,69,992.2,1000,.6,.49,,2,,30.3
156,堡林,2022-07-16 20:00,26.2,,1.2,290,79,992.3,1000.2,0,.11,,8,,27.4
156,堡林,2022-07-16 21:00,25.6,,1,320,87,993.1,1001,,,,8,,26.3
156,堡林,2022-07-16 22:00,25.2,,.4,0,86,993.5,1001.4,,,,4,,25.1
156,堡林,2022-07-16 23:00,25.1,,.7,290,88,993.3,1001.2,,,,9,,24.9
156,堡林,2022-07-17 00:00,25,,.8,270,91,993.4,1001.3,,,,8,,24.8
156,堡林,2022-07-17 01:00,24.6,,.7,230,95,993.2,1001.1,,,,9,,24.2
156,堡林,2022-07-17 02:00,24.5,,1,250,97,992.9,1000.8,,,,10,,24.2
156,堡林,2022-07-17 03:00,24.1,,1.1,250,98,993,1000.9,,,,8,,24
156,堡林,2022-07-17 04:00,24,,.7,230,99,992.9,1000.8,,,,9,,24.1
156,堡林,2022-07-17 05:00,23.8,,1.2,200,99,993.4,1001.3,,,,9,,24.3
156,堡林,2022-07-17 06:00,23.8,,1.2,250,99,993.8,1001.7,0,.07,,10,,24.3
156,堡林,2022-07-17 07:00,24.1,,1.4,230,99,994.2,1002.1,0,.11,,10,,24.9
156,堡林,2022-07-17 08:00,25.1,,.8,200,99,994.4,1002.3,0,.42,,10,,27.9
156,堡林,2022-07-17 09:00,26.1,,1.3,230,98,994.5,1002.4,0,.97,,10,,32
156,堡林,2022-07-17 10:00,26.5,,1.2,270,94,994.5,1002.4,0,.89,,10,,33.9
156,堡林,2022-07-17 11:00,25.3,0,2.4,200,99,994.5,1002.4,0,.59,,10,,29.2
156,堡林,2022-07-17 12:00,26.9,,2.3,250,94,994.4,1002.3,0,1.26,,10,,37
156,堡林,2022-07-17 13:00,28.3,,2.1,250,84,994.1,1001.9,0,2.16,,9,,42.7
156,堡林,2022-07-17 14:00,28.6,,1.2,360,78,993.5,1001.3,0,1.58,,10,,39.3
156,堡林,2022-07-17 15:00,29.3,,1.2,270,76,993.4,1001.2,.1,1.57,,10,,40
156,堡林,2022-07-17 16:00,28.7,,1.4,250,77,993.1,1000.9,0,1.14,,10,,36.1
156,堡林,2022-07-17 17:00,28.6,,1,230,87,993,1000.8,0,.69,,10,,34.3
156,堡林,2022-07-17 18:00,27.8,,2.7,230,92,992.7,1000.5,0,.5,,10,,31.7
156,堡林,2022-07-17 19:00,27.3,,1.9,230,92,992.9,1000.8,0,.24,,10,,29.1
156,堡林,2022-07-17 20:00,26.7,,1.4,230,96,993.5,1001.4,0,.07,,10,,27.5
156,堡林,2022-07-17 21:00,27,0,1.7,200,97,994.1,1002,,,,10,,26.9
156,堡林,2022-07-17 22:00,26.6,,1.7,180,98,994.8,1002.7,,,,10,,26.4
156,堡林,2022-07-17 23:00,26.2,,.7,110,98,994.6,1002.5,,,,10,,26.3
156,堡林,2022-07-18 00:00,26.5,,.3,0,95,994.3,1002.2,,,,7,,26.1
156,堡林,2022-07-18 01:00,24.5,2.5,2.3,200,99,994.6,1002.5,,,,10,,25
156,堡林,2022-07-18 02:00,23.5,.2,1.3,70,99,993.3,1001.2,,,,10,,24.6
156,堡林,2022-07-18 03:00,21.4,2.7,.7,340,99,993.9,1001.9,,,,10,,23.4
156,堡林,2022-07-18 04:00,20.7,6.9,1.5,90,99,993.2,1001.3,,,,10,,22.3
156,堡林,2022-07-18 05:00,20.6,6.3,2.5,70,99,993,1001.1,,,,10,,21.7
156,堡林,2022-07-18 06:00,21,13.4,.6,250,99,992.6,1000.6,0,.06,,10,,21.6
156,堡林,2022-07-18 07:00,21.2,2.2,1.9,70,99,991.7,999.7,0,.08,,10,,22.4
156,堡林,2022-07-18 08:00,21.5,4.5,1.9,320,99,991.8,999.8,0,.18,,10,,22.7
156,堡林,2022-07-18 09:00,22.3,2.5,.3,0,99,991.7,999.7,0,.35,,10,,24.9
156,堡林,2022-07-18 10:00,22.8,.6,1.1,50,99,990.9,998.8,0,.41,,10,,25.4
156,堡林,2022-07-18 11:00,23,1.7,.4,0,99,991,998.9,0,.25,,10,,25.2
156,堡林,2022-07-18 12:00,23.2,1,1.5,70,99,990.5,998.4,0,.28,,10,,25.2
156,堡林,2022-07-18 13:00,23.8,2.8,.4,0,99,990.3,998.2,0,.26,,10,,25.6
156,堡林,2022-07-18 14:00,24.1,1.3,1,180,99,989.9,997.8,0,.37,,10,,26.2
156,堡林,2022-07-18 15:00,25.3,.1,1.5,230,99,989.7,997.6,0,.4,,9,,28
156,堡林,2022-07-18 16:00,25.1,.3,2.3,200,99,989.1,997,0,.4,,10,,27.1
156,堡林,2022-07-18 17:00,25.5,3.9,2.5,200,99,988.9,996.8,0,.3,,10,,27.4
156,堡林,2022-07-18 18:00,25.7,.1,3.2,230,99,989,996.9,0,.22,,10,,27.2
156,堡林,2022-07-18 19:00,25.8,0,2.1,230,99,989.3,997.2,0,.16,,10,,26.6
156,堡林,2022-07-18 20:00,25.6,.4,2.2,230,99,989.6,997.5,0,.07,,10,,26.1
156,堡林,2022-07-18 21:00,25.6,.7,2.2,230,99,990.1,998,,,,9,,26
156,堡林,2022-07-18 22:00,25.5,,3.6,230,99,990.8,998.7,,,,8,,25.9
156,堡林,2022-07-18 23:00,25.3,,3.1,230,99,990.9,998.8,,,,7,,25.8
156,堡林,2022-07-19 00:00,24.8,,3.2,230,99,990.9,998.8,,,,3,,25.4
156,堡林,2022-07-19 01:00,24.3,,1.8,250,99,991.5,999.4,,,,6,,25.1
156,堡林,2022-07-19 02:00,24,.1,1.7,250,99,991.6,999.5,,,,5,,25
156,堡林,2022-07-19 03:00,23.9,.2,.7,230,99,991.6,999.5,,,,10,,25
156,堡林,2022-07-19 04:00,23.8,.4,.5,320,99,991.9,999.8,,,,4,,24.9
156,堡林,2022-07-19 05:00,23.3,,1.4,320,99,992.3,1000.2,,,,8,,23.9
156,堡林,2022-07-19 06:00,23.1,,1.8,340,99,993.3,1001.3,0,.07,,6,,23.7
156,堡林,2022-07-19 07:00,23,,.4,0,99,993.8,1001.8,.6,.41,,3,,23.7
156,堡林,2022-07-19 08:00,24.7,,.6,290,99,994.1,1002,1,1.14,,1,,27.9
156,堡林,2022-07-19 09:00,25.6,,1.8,340,96,995.3,1003.2,.6,1.52,,8,,30.7
156,堡林,2022-07-19 10:00,26.4,,.9,320,93,995.6,1003.5,.5,1.64,,6,,34.7
156,堡林,2022-07-19 11:00,28.1,,.8,360,84,995.4,1003.2,1,3.04,,7,,39.5
156,堡林,2022-07-19 12:00,28.7,,1.3,290,80,995.5,1003.3,.7,2.71,,6,,40
156,堡林,2022-07-19 13:00,29.8,,1.2,290,70,995.2,1003,.8,2.95,,7,,42.3
156,堡林,2022-07-19 14:00,30.3,,1.8,290,68,995.3,1003.1,.7,2.5,,8,,40.3
156,堡林,2022-07-19 15:00,30.2,,2,320,64,995.5,1003.3,.7,2.25,,3,,39.6
156,堡林,2022-07-19 16:00,29.7,,1.9,340,69,995.9,1003.7,1,2.45,,6,,38
156,堡林,2022-07-19 17:00,29.6,,1.5,270,66,996.1,1003.9,1,2.03,,5,,36.1
156,堡林,2022-07-19 18:00,28.1,,2.3,270,71,996.5,1004.4,.8,.98,,8,,30.1
156,堡林,2022-07-19 19:00,27.3,,1.4,290,78,997.4,1005.3,.5,.47,,7,,28.1
156,堡林,2022-07-19 20:00,26,,.9,290,88,998.1,1006,0,.12,,6,,25.4
156,堡林,2022-07-19 21:00,25.5,,.6,230,96,998.5,1006.5,,,,9,,24.8
156,堡林,2022-07-19 22:00,25,,.2,0,98,998.9,1006.9,,,,6,,24.3
156,堡林,2022-07-19 23:00,24.5,,.1,0,99,999,1006.9,,,,9,,24.1
156,堡林,2022-07-20 00:00,24.2,,.2,0,99,998.9,1006.8,,,,7,,23.6
156,堡林,2022-07-20 01:00,24,,0,0,99,998.9,1006.9,,,,8,,23.5
156,堡林,2022-07-20 02:00,23.9,,.8,270,99,999.1,1007.1,,,,5,,23.3
156,堡林,2022-07-20 03:00,23.3,,.4,0,99,999.1,1007.1,,,,8,,23
156,堡林,2022-07-20 04:00,23,,.3,0,99,999.4,1007.4,,,,6,,22.6
156,堡林,2022-07-20 05:00,23.1,,0,0,99,999.5,1007.5,,,,4,,23.2
156,堡林,2022-07-20 06:00,23.3,,.1,0,99,999.9,1007.9,0,.07,,4,,23.4
156,堡林,2022-07-20 07:00,23.5,,.1,0,99,1000.1,1008.1,.4,.39,,4,,24.4
156,堡林,2022-07-20 08:00,25.1,,1.3,70,99,1000.1,1008.1,1,1.12,,8,,28.9
156,堡林,2022-07-20 09:00,26.1,,.5,360,91,1000.2,1008.2,1,1.56,,3,,32
156,堡林,2022-07-20 10:00,27.9,,1.3,90,79,999.8,1007.7,1,2.45,,8,,36.1
156,堡林,2022-07-20 11:00,29.1,,1.4,70,69,999.7,1007.5,1,2.4,,8,,38.9
156,堡林,2022-07-20 12:00,30.1,,1.9,50,65,999.1,1006.9,1,3.04,,7,,40.9
156,堡林,2022-07-20 13:00,30.3,,.1,0,59,998.8,1006.6,.9,2.57,,7,,39.2
156,堡林,2022-07-20 14:00,31.8,,1.5,70,53,998.3,1006.1,1,3.27,,7,,45.3
156,堡林,2022-07-20 15:00,31.8,,1.3,230,57,997.9,1005.7,.9,2.27,,4,,41.6
156,堡林,2022-07-20 16:00,32.4,,1.9,230,57,997.7,1005.5,1,2.58,,4,,45
156,堡林,2022-07-20 17:00,31.8,,2,270,50,997.6,1005.4,.8,1.77,,8,,39.8
156,堡林,2022-07-20 18:00,30.8,,2.2,250,58,997.6,1005.4,.2,.7,,9,,33.7
156,堡林,2022-07-20 19:00,29.2,,3.9,230,72,997.5,1005.3,0,.23,,10,,30.6
156,堡林,2022-07-20 20:00,27.5,0,2.8,230,88,997.6,1005.5,0,.07,,10,,28.7
156,堡林,2022-07-20 21:00,26.8,.1,1.3,230,93,998.3,1006.2,,,,10,,27.3
156,堡林,2022-07-20 22:00,25.5,.7,.7,180,99,997.8,1005.8,,,,10,,26.9
156,堡林,2022-07-20 23:00,25.5,,.8,160,99,996.9,1004.9,,,,10,,26.4
156,堡林,2022-07-21 00:00,25.4,0,4.3,230,91,997.2,1005.2,,,,10,,25.7
156,堡林,2022-07-21 01:00,22.3,1.2,3.6,200,98,996.8,1004.8,,,,10,,24.2
156,堡林,2022-07-21 02:00,22.7,.6,2.5,180,99,995.3,1003.3,,,,10,,23.9
156,堡林,2022-07-21 03:00,24.3,,2.2,180,99,994.4,1002.3,,,,10,,24.5
156,堡林,2022-07-21 04:00,24.5,.1,2.2,230,99,993.9,1001.8,,,,10,,25
156,堡林,2022-07-21 05:00,24.3,.4,1.6,230,99,993.5,1001.4,,,,10,,25.1
156,堡林,2022-07-21 06:00,25.6,.1,4.6,200,99,992.9,1000.8,0,.07,,10,,25.6
156,堡林,2022-07-21 07:00,26.2,,4.3,230,99,993.1,1001,0,.12,,10,,26.1
156,堡林,2022-07-21 08:00,25.7,,5.7,230,98,993.2,1001.1,0,.45,,9,,27.1
156,堡林,2022-07-21 09:00,25.2,,5.7,230,99,993.2,1001.1,0,.42,,7,,27
156,堡林,2022-07-21 10:00,24.4,,4.7,230,99,993.5,1001.4,0,.35,,9,,26.6
156,堡林,2022-07-21 11:00,24,.4,3.1,230,99,993.6,1001.5,0,.32,,10,,26.8
156,堡林,2022-07-21 12:00,25.2,1,3.9,270,99,994.6,1002.5,.2,1.19,,7,,31.9
156,堡林,2022-07-21 13:00,24.7,,2.6,270,99,995.2,1003.1,0,.87,,9,,29.3
156,堡林,2022-07-21 14:00,24.8,,2,290,95,996,1003.9,.1,1.43,,9,,29.7
156,堡林,2022-07-21 15:00,24.3,,2,320,94,996.5,1004.4,0,.74,,9,,28.3
156,堡林,2022-07-21 16:00,24.7,,1.6,320,93,996.3,1004.2,.2,1.15,,8,,29.8
156,堡林,2022-07-21 17:00,25.2,,1.7,20,84,996.4,1004.4,.3,.88,,7,,30.2
156,堡林,2022-07-21 18:00,24.7,,1.2,320,85,996.6,1004.5,.2,.72,,9,,26.4
156,堡林,2022-07-21 19:00,24.8,,1.5,320,89,997,1004.9,0,.22,,6,,25.5
156,堡林,2022-07-21 20:00,24.6,,.9,320,90,997.4,1005.3,0,.08,,9,,24.6
156,堡林,2022-07-21 21:00,24.3,,1.3,270,95,998.4,1006.3,,,,8,,24.1
156,堡林,2022-07-21 22:00,24,,1,290,96,998.8,1006.8,,,,9,,23.1
156,堡林,2022-07-21 23:00,23.9,,.7,250,97,999,1007,,,,6,,22.7
156,堡林,2022-07-22 00:00,23.5,,.9,250,98,999.1,1007.1,,,,7,,22.8
156,堡林,2022-07-22 01:00,22.6,,1.3,250,99,999,1007,,,,4,,22.2
156,堡林,2022-07-22 02:00,22.7,,1,250,99,999,1007,,,,4,,21.8
156,堡林,2022-07-22 03:00,22,,.7,160,99,999.1,1007.1,,,,3,,21.6
156,堡林,2022-07-22 04:00,22.4,,.9,200,99,998.9,1006.9,,,,6,,22.1
156,堡林,2022-07-22 05:00,22.2,,.9,180,99,999.1,1007.1,,,,8,,21.8
156,堡林,2022-07-22 06:00,22.2,,1,200,99,999.2,1007.2,0,.08,,7,,22.2
156,堡林,2022-07-22 07:00,22.9,,.9,180,99,999.5,1007.5,.1,.26,,4,,23.4
156,堡林,2022-07-22 08:00,23.8,,.9,200,99,999.5,1007.5,.8,.78,,5,,25.8
156,堡林,2022-07-22 09:00,24.7,,.4,0,97,999.5,1007.4,.1,.6,,6,,26.7
156,堡林,2022-07-22 10:00,25.4,,1,250,86,999.3,1007.3,.2,.99,,7,,28.3
156,堡林,2022-07-22 11:00,25.7,,.6,270,82,999.4,1007.4,0,.77,,9,,28.2
156,堡林,2022-07-22 12:00,26,,.2,0,84,999,1007,.1,1.23,,9,,29.4
156,堡林,2022-07-22 13:00,27.6,,.7,20,77,998.5,1006.4,.3,1.7,,8,,35.4
156,堡林,2022-07-22 14:00,28.5,,.5,360,72,998.1,1006,.5,1.83,,7,,37.5
156,堡林,2022-07-22 15:00,28.8,,1.1,290,64,997.9,1005.7,.6,2.23,,7,,35.8
156,堡林,2022-07-22 16:00,28.9,,1.3,290,63,997.7,1005.5,.6,1.85,,6,,34.5
156,堡林,2022-07-22 17:00,29.1,,1.2,320,65,997.8,1005.6,.5,1.26,,4,,34.4
156,堡林,2022-07-22 18:00,27.9,,1.2,320,72,997.8,1005.7,.2,.66,,3,,29.8
156,堡林,2022-07-22 19:00,27,,.9,290,82,998.1,1006,.4,.42,,3,,27.1
156,堡林,2022-07-22 20:00,26.1,,.8,270,85,998.2,1006.1,.1,.11,,3,,24.7
156,堡林,2022-07-22 21:00,25.3,,.9,250,92,998.7,1006.7,,,,0,,23.6
156,堡林,2022-07-22 22:00,24.9,,.9,250,96,999.3,1007.3,,,,6,,23.1
156,堡林,2022-07-22 23:00,24.2,,.3,0,97,999.2,1007.1,,,,6,,22.7
156,堡林,2022-07-23 00:00,24.2,,0,0,98,999.3,1007.3,,,,2,,22.6
156,堡林,2022-07-23 01:00,23.8,,.9,250,99,999.2,1007.2,,,,7,,22.3
156,堡林,2022-07-23 02:00,23.1,,.7,160,99,999,1007,,,,5,,21.9
156,堡林,2022-07-23 03:00,23.2,,.8,230,99,998.8,1006.8,,,,8,,22.6
156,堡林,2022-07-23 04:00,23.1,,.6,180,99,998.7,1006.7,,,,9,,23.2
156,堡林,2022-07-23 05:00,23,,.3,0,99,998.3,1006.3,,,,7,,23.3
156,堡林,2022-07-23 06:00,22.8,,.8,160,99,999.1,1007.1,0,.07,,6,,22.7
156,堡林,2022-07-23 07:00,23.1,,.1,0,99,998.7,1006.7,.3,.34,,2,,23.9
156,堡林,2022-07-23 08:00,24.5,,.3,0,97,999,1006.9,.6,.84,,4,,28.1
156,堡林,2022-07-23 09:00,25.5,,1.3,70,92,998.6,1006.6,.9,1.58,,6,,32.3
156,堡林,2022-07-23 10:00,27.1,,2.3,180,79,998.8,1006.7,.5,1.75,,8,,37.3
156,堡林,2022-07-23 11:00,27.6,,2.3,230,74,999.1,1007,.4,1.84,,10,,36.9
156,堡林,2022-07-23 12:00,28.4,,2.5,230,74,998.5,1006.4,.2,1.89,,10,,38.4
156,堡林,2022-07-23 13:00,27.9,,2.5,230,75,998.2,1006.1,0,1.63,,10,,35
156,堡林,2022-07-23 14:00,27.7,0,2.8,200,80,997.6,1005.5,0,.88,,10,,32.9
156,堡林,2022-07-23 15:00,27.4,,3,180,81,997.3,1005.2,0,1.02,,10,,32.4
156,堡林,2022-07-23 16:00,26.9,0,2.4,180,82,996.6,1004.5,0,.62,,10,,29.5
156,堡林,2022-07-23 17:00,26.4,0,1.5,160,90,995.9,1003.8,0,.41,,10,,28.2
156,堡林,2022-07-23 18:00,26.5,0,1.3,200,82,995.5,1003.4,0,.33,,10,,26.5
156,堡林,2022-07-23 19:00,23.2,13.9,2.2,200,99,996.5,1004.5,0,.05,,10,,23.7
156,堡林,2022-07-23 20:00,22.8,5.7,1.9,180,99,996.4,1004.4,0,.06,,10,,23.7
156,堡林,2022-07-23 21:00,23,.7,1.5,140,99,995.9,1003.9,,,,10,,23.5
156,堡林,2022-07-23 22:00,23.6,0,3.8,200,99,995.6,1003.5,,,,10,,23.6
156,堡林,2022-07-23 23:00,23.4,1.6,3,200,99,995.4,1003.4,,,,10,,23.7
156,堡林,2022-07-24 00:00,23.8,.7,4,180,99,994.2,1002.1,,,,10,,23.6
156,堡林,2022-07-24 01:00,23.4,11.1,2.2,320,99,994.2,1002.1,,,,10,,23.5
156,堡林,2022-07-24 02:00,23.9,1.6,2.3,180,99,993.8,1001.7,,,,9,,24
156,堡林,2022-07-24 03:00,24,.2,2,200,99,993.6,1001.5,,,,10,,24.2
156,堡林,2022-07-24 04:00,24.2,0,1.9,250,99,993.5,1001.4,,,,5,,24.5
156,堡林,2022-07-24 05:00,23.9,,3.8,230,99,993.6,1001.5,,,,8,,24.3
156,堡林,2022-07-24 06:00,23.4,,2.5,230,99,993.9,1001.8,0,.06,,5,,24
156,堡林,2022-07-24 07:00,23.5,,2.9,200,99,994,1001.9,0,.12,,5,,24.4
156,堡林,2022-07-24 08:00,23.4,0,3.8,230,99,994.3,1002.2,0,.29,,10,,25.1
156,堡林,2022-07-24 09:00,23.5,.4,2.3,230,99,994.8,1002.7,0,.36,,10,,26.6
156,堡林,2022-07-24 10:00,24.3,0,2.2,250,99,995.1,1003,0,.92,,10,,28.8
156,堡林,2022-07-24 11:00,24,0,2.7,230,99,995.4,1003.3,0,.73,,10,,27.2
156,堡林,2022-07-24 12:00,24,.3,2.9,230,99,995.7,1003.6,0,.72,,10,,28.5
156,堡林,2022-07-24 13:00,23.9,.4,2.1,230,99,995.5,1003.4,0,.35,,10,,26.8
156,堡林,2022-07-24 14:00,24.1,.2,2.3,230,99,995.6,1003.5,0,.43,,10,,27.1
156,堡林,2022-07-24 15:00,24.1,,2.2,250,99,995.6,1003.5,0,.38,,10,,26.6
156,堡林,2022-07-24 16:00,24.3,,1.9,250,99,995.9,1003.8,0,.43,,10,,26.8
156,堡林,2022-07-24 17:00,24.4,,1.6,250,99,996.3,1004.2,0,.31,,10,,26.1
156,堡林,2022-07-24 18:00,24,,1.5,250,99,996.4,1004.3,0,.13,,10,,25.4
156,堡林,2022-07-24 19:00,24.2,,1.4,250,99,996.8,1004.7,0,.1,,9,,24.8
156,堡林,2022-07-24 20:00,24.1,,1.3,250,99,997.4,1005.3,0,.07,,9,,24.5
156,堡林,2022-07-24 21:00,24,,.7,230,99,998.1,1006.1,,,,8,,24.3
156,堡林,2022-07-24 22:00,24,,1.2,250,99,998.6,1006.6,,,,9,,24.3
156,堡林,2022-07-24 23:00,23.8,,.3,0,99,999.1,1007.1,,,,10,,24.1
156,堡林,2022-07-25 00:00,24,,.5,250,99,999.1,1007.1,,,,9,,24
156,堡林,2022-07-25 01:00,23.5,,1.2,230,99,999.4,1007.4,,,,10,,24.1
156,堡林,2022-07-25 02:00,23.6,,.7,230,99,999.4,1007.4,,,,10,,24
156,堡林,2022-07-25 03:00,23.7,,.1,0,99,999.5,1007.5,,,,7,,24
156,堡林,2022-07-25 04:00,23.8,,0,0,99,999.9,1007.9,,,,7,,23.9
156,堡林,2022-07-25 05:00,23.5,,0,0,99,1000.1,1008.1,,,,7,,23.9
156,堡林,2022-07-25 06:00,23.6,,0,0,99,1000.9,1008.9,0,.06,,8,,23.9
156,堡林,2022-07-25 07:00,23.9,,.2,0,99,1001,1009,0,.16,,9,,24.9
156,堡林,2022-07-25 08:00,25.3,,.2,0,99,1001.4,1009.4,.5,.92,,9,,28.4
156,堡林,2022-07-25 09:00,25.5,,.5,50,97,1001.7,1009.7,0,.81,,8,,29.8
156,堡林,2022-07-25 10:00,26,,0,0,92,1002.1,1010.1,0,1.05,,9,,30.7
156,堡林,2022-07-25 11:00,27.3,,1.2,70,86,1002.2,1010.1,0,1.46,,7,,33.8
156,堡林,2022-07-25 12:00,27.9,,.3,0,80,1002.1,1010,0,1.89,,9,,35.3
156,堡林,2022-07-25 13:00,28.8,,.8,20,76,1001.4,1009.3,0,1.7,,8,,37.3
156,堡林,2022-07-25 14:00,29.7,,1.2,70,70,1001.2,1009,.6,2.8,,7,,41.8
156,堡林,2022-07-25 15:00,30.5,,1.2,360,67,1000.8,1008.6,.8,2.5,,4,,39.9
156,堡林,2022-07-25 16:00,31.1,,1.9,320,73,1000.4,1008.2,.5,1.54,,5,,39.2
156,堡林,2022-07-25 17:00,30.2,,1.2,340,77,1000.1,1008,.9,1.84,,3,,35.2
156,堡林,2022-07-25 18:00,30.4,,1.1,360,75,1000,1007.8,1,1.49,,7,,33.8
156,堡林,2022-07-25 19:00,29.1,,.9,360,81,1000.1,1007.9,1,.64,,2,,28.9
156,堡林,2022-07-25 20:00,27.5,,1.2,50,90,1000.4,1008.3,.2,.13,,1,,26.3
156,堡林,2022-07-25 21:00,26.8,,.7,50,93,1000.9,1008.8,,,,0,,25.3
156,堡林,2022-07-25 22:00,25.7,,1,50,98,1001.5,1009.5,,,,2,,24.7
156,堡林,2022-07-25 23:00,25.3,,.4,0,99,1001.9,1009.9,,,,1,,24.2
156,堡林,2022-07-26 00:00,25.2,,.9,230,99,1002.1,1010.1,,,,0,,23.9
156,堡林,2022-07-26 01:00,25.2,,.4,0,99,1002.2,1010.2,,,,5,,24.5
156,堡林,2022-07-26 02:00,24.8,,.4,0,99,1002,1009.9,,,,6,,23.7
156,堡林,2022-07-26 03:00,24.3,,0,0,99,1001.7,1009.7,,,,3,,23.3
156,堡林,2022-07-26 04:00,24.3,,0,0,99,1001.6,1009.6,,,,1,,23
156,堡林,2022-07-26 05:00,24,,0,0,99,1001.6,1009.6,,,,0,,22.8
156,堡林,2022-07-26 06:00,24,,0,0,99,1002.3,1010.3,0,.07,,2,,24
156,堡林,2022-07-26 07:00,24.4,,.8,70,99,1002.3,1010.3,.6,.39,,2,,24.9
156,堡林,2022-07-26 08:00,25.4,,1.4,230,99,1002.5,1010.5,.4,.7,,2,,28
156,堡林,2022-07-26 09:00,26.8,,.5,360,94,1002.7,1010.7,.4,1.21,,8,,31.1
156,堡林,2022-07-26 10:00,27.5,,.6,320,90,1002.5,1010.4,.1,1.38,,8,,33.5
156,堡林,2022-07-26 11:00,28.5,,.9,200,85,1002.4,1010.3,.3,1.83,,7,,35.5
156,堡林,2022-07-26 12:00,29.6,,1.4,230,80,1002,1009.8,.3,2.03,,8,,39.1
156,堡林,2022-07-26 13:00,29.2,,2.1,230,80,1001.6,1009.5,.2,1.51,,8,,36.5
156,堡林,2022-07-26 14:00,30.4,,.9,250,78,1001.1,1009,.4,1.73,,7,,37.7
156,堡林,2022-07-26 15:00,30.9,,2.5,200,68,1000.3,1008.1,.7,2.31,,8,,39.8
156,堡林,2022-07-26 16:00,31.2,,1.5,200,67,1000.3,1008.1,.6,1.8,,6,,38.3
156,堡林,2022-07-26 17:00,31.3,,2.6,200,70,1000.3,1008.1,.4,1.11,,6,,36.9
156,堡林,2022-07-26 18:00,29.8,,2.6,200,70,1000.5,1008.3,.8,1.01,,4,,33
156,堡林,2022-07-26 19:00,29.3,,2,200,72,1000.5,1008.3,.4,.39,,0,,29.4
156,堡林,2022-07-26 20:00,28.1,,1.8,200,79,1000.7,1008.6,0,.09,,5,,27.2
156,堡林,2022-07-26 21:00,27.4,,2,230,86,1001.7,1009.6,,,,6,,26.5
156,堡林,2022-07-26 22:00,26.3,,2.3,230,96,1002.5,1010.5,,,,6,,25.4
156,堡林,2022-07-26 23:00,25.8,,1.9,230,97,1002.6,1010.6,,,,5,,24.7
156,堡林,2022-07-27 00:00,25.2,,1,230,97,1002.1,1010.1,,,,5,,24.2
156,堡林,2022-07-27 01:00,24.9,,2.4,200,97,1002.2,1010.2,,,,6,,23.7
156,堡林,2022-07-27 02:00,24,,0,0,98,1001.9,1009.9,,,,2,,23
156,堡林,2022-07-27 03:00,24,,1,50,99,1001.3,1009.3,,,,2,,22.7
156,堡林,2022-07-27 04:00,23.2,,1.1,70,99,1001.3,1009.3,,,,3,,22.2
156,堡林,2022-07-27 05:00,23.1,,0,0,99,1001.6,1009.6,,,,1,,21.7
156,堡林,2022-07-27 06:00,23.2,,.5,70,99,1001.7,1009.7,0,.07,,2,,21.7
156,堡林,2022-07-27 07:00,23.7,,.5,360,99,1002.1,1010.1,.7,.44,,5,,23.6
156,堡林,2022-07-27 08:00,25.3,,.7,70,92,1002.2,1010.2,1,.98,,3,,27.2
156,堡林,2022-07-27 09:00,27,,.4,0,82,1002.2,1010.1,1,1.81,,5,,31.8
156,堡林,2022-07-27 10:00,28,,.3,0,75,1002.4,1010.3,1,2.31,,3,,37.1
156,堡林,2022-07-27 11:00,29.5,,1.2,70,67,1002.3,1010.1,1,2.83,,6,,41.8
156,堡林,2022-07-27 12:00,30.2,,3.3,200,62,1001.6,1009.5,.9,3,,6,,44.7
156,堡林,2022-07-27 13:00,31.1,,2.3,180,62,1001.3,1009.1,1,3.45,,6,,46.1
156,堡林,2022-07-27 14:00,31.3,,3.4,200,58,1001.2,1009,1,3.42,,7,,49.2
156,堡林,2022-07-27 15:00,31.3,,2.1,180,61,1000.9,1008.7,1,2.81,,7,,46.2
156,堡林,2022-07-27 16:00,30.7,,2,180,64,1000.8,1008.6,.5,1.95,,7,,40.7
156,堡林,2022-07-27 17:00,29.7,,2.4,180,67,1000.7,1008.5,.5,1.17,,7,,36.1
156,堡林,2022-07-27 18:00,29.6,,3.1,180,67,1000.5,1008.3,.3,.69,,7,,34.6
156,堡林,2022-07-27 19:00,28.5,,2.4,180,73,1000.7,1008.6,.4,.5,,8,,31.2
156,堡林,2022-07-27 20:00,27.6,,2.3,180,78,1001.1,1009,0,.11,,8,,28.4
156,堡林,2022-07-27 21:00,27.2,,1.8,180,79,1001.7,1009.6,,,,7,,26.9
156,堡林,2022-07-27 22:00,26.8,,1.3,180,82,1002.4,1010.3,,,,8,,26.1
156,堡林,2022-07-27 23:00,26.4,,1.5,180,87,1002.6,1010.6,,,,6,,25.5
156,堡林,2022-07-28 00:00,25.8,,.4,0,91,1002.3,1010.3,,,,6,,25.1
156,堡林,2022-07-28 01:00,25.4,,.4,0,93,1002.3,1010.3,,,,6,,24.7
156,堡林,2022-07-28 02:00,25.2,,.1,0,96,1002.3,1010.3,,,,6,,24.3
156,堡林,2022-07-28 03:00,24.9,,.2,0,97,1002.2,1010.2,,,,5,,24
156,堡林,2022-07-28 04:00,24.5,,.4,0,98,1002.1,1010.1,,,,3,,23.6
156,堡林,2022-07-28 05:00,24.5,,.2,0,99,1002.2,1010.2,,,,3,,23.3
156,堡林,2022-07-28 06:00,23.8,,.3,0,99,1002.3,1010.3,0,.07,,3,,23.3
156,堡林,2022-07-28 07:00,24.6,,0,0,98,1002.5,1010.5,.7,.37,,0,,24.7
156,堡林,2022-07-28 08:00,26.7,,.1,0,91,1002.8,1010.8,1,1,,0,,28.2
156,堡林,2022-07-28 09:00,27.9,,.6,20,81,1002.7,1010.6,1,1.72,,0,,33.2
156,堡林,2022-07-28 10:00,29.2,,.6,50,77,1002.6,1010.5,1,2.3,,2,,38
156,堡林,2022-07-28 11:00,30.6,,3.8,200,71,1002.7,1010.6,.8,2.27,,0,,41.8
156,堡林,2022-07-28 12:00,31.7,,1.9,180,62,1002.5,1010.3,1,3.18,,0,,47
156,堡林,2022-07-28 13:00,32.3,,3.2,200,62,1002.1,1009.9,1,3.42,,0,,50.7
156,堡林,2022-07-28 14:00,32.4,,4,200,60,1002,1009.8,1,3.42,,0,,52.5
156,堡林,2022-07-28 15:00,32.6,,3.9,180,55,1002.1,1009.9,1,3.08,,0,,52.3
156,堡林,2022-07-28 16:00,32.5,,2.1,140,57,1002.1,1009.9,1,2.56,,0,,49.7
156,堡林,2022-07-28 17:00,32.3,,3.3,200,61,1002.2,1010,1,2,,1,,45.7
156,堡林,2022-07-28 18:00,31.3,,2.8,200,65,1002.1,1009.9,1,1.3,,3,,39.8
156,堡林,2022-07-28 19:00,30,,1.6,140,72,1002.3,1010.2,.8,.44,,2,,33
156,堡林,2022-07-28 20:00,28.9,,1.1,140,79,1002.7,1010.6,.1,.1,,5,,30.1
156,堡林,2022-07-28 21:00,28.6,,1.7,180,81,1003.2,1011.1,,,,7,,28.6
156,堡林,2022-07-28 22:00,28,,1.4,200,87,1003.7,1011.6,,,,3,,27.8
156,堡林,2022-07-28 23:00,27.7,,1.2,90,89,1004,1011.9,,,,2,,27.2
156,堡林,2022-07-29 00:00,27.4,,.8,230,94,1004.2,1012.1,,,,2,,26.7
156,堡林,2022-07-29 01:00,26.9,,.6,140,96,1004.3,1012.3,,,,2,,26.3
156,堡林,2022-07-29 02:00,26.5,,1,70,98,1003.9,1011.9,,,,2,,25.9
156,堡林,2022-07-29 03:00,26.3,,1.2,90,98,1004.1,1012.1,,,,2,,25.6
156,堡林,2022-07-29 04:00,26.3,,.2,0,97,1004.1,1012.1,,,,2,,25.2
156,堡林,2022-07-29 05:00,25.8,,1,50,99,1004.3,1012.3,,,,2,,24.9
156,堡林,2022-07-29 06:00,25.6,,.8,50,99,1004.4,1012.4,0,.06,,0,,24.8
156,堡林,2022-07-29 07:00,26.2,,1.4,50,98,1004.4,1012.4,.8,.4,,0,,25.5
156,堡林,2022-07-29 08:00,27.9,,2.5,70,91,1004.3,1012.2,1,1.08,,2,,29.5
156,堡林,2022-07-29 09:00,30.2,,1.3,70,80,1004.3,1012.2,1,1.89,,3,,36.2
156,堡林,2022-07-29 10:00,32,,1.7,70,68,1004.1,1011.9,1,2.77,,7,,45.4
156,堡林,2022-07-29 11:00,32.7,,1.8,90,63,1003.8,1011.6,1,2.45,,3,,48
156,堡林,2022-07-29 12:00,33.3,,1.4,110,68,1003.7,1011.5,.9,3.08,,6,,51.1
156,堡林,2022-07-29 13:00,33.4,,2.2,90,59,1003.2,1011,.8,2.54,,5,,50.5
156,堡林,2022-07-29 14:00,34.4,,1.7,160,58,1002.7,1010.5,.7,2.21,,2,,53.5
156,堡林,2022-07-29 15:00,34.4,,1.4,90,57,1002.3,1010.1,.8,2.06,,4,,52.8
156,堡林,2022-07-29 16:00,33.5,,2,90,58,1001.7,1009.5,.7,1.34,,5,,44.1
156,堡林,2022-07-29 17:00,34.2,,1.2,90,59,1001.5,1009.3,.9,1.68,,2,,45.9
156,堡林,2022-07-29 18:00,33.5,,1.5,140,59,1001.4,1009.2,1,1.29,,3,,40
156,堡林,2022-07-29 19:00,32.2,,1.1,90,63,1001.6,1009.4,.3,.32,,4,,33.4
156,堡林,2022-07-29 20:00,31,,1.6,110,70,1002.1,1009.9,.1,.08,,6,,30.8
156,堡林,2022-07-29 21:00,30.5,,1.2,110,73,1003,1010.9,,,,0,,29.4
156,堡林,2022-07-29 22:00,29.9,,2,90,70,1003.2,1011.1,,,,3,,28.2
156,堡林,2022-07-29 23:00,29.6,,1.9,70,70,1002.9,1010.8,,,,3,,27.6
156,堡林,2022-07-30 00:00,28.8,,1.6,70,75,1002.8,1010.7,,,,2,,27.1
156,堡林,2022-07-30 01:00,28.3,,2,70,77,1002.1,1010,,,,3,,26.5
156,堡林,2022-07-30 02:00,28.2,,1.7,50,80,1001.8,1009.7,,,,3,,26.1
156,堡林,2022-07-30 03:00,27.5,,1.7,50,82,1001.4,1009.3,,,,0,,25.7
156,堡林,2022-07-30 04:00,26.5,,2.3,70,89,1000.9,1008.8,,,,0,,25.2
156,堡林,2022-07-30 05:00,26.3,,1.1,50,90,1000.3,1008.2,,,,0,,24.9
156,堡林,2022-07-30 06:00,26.6,,1.2,20,91,1000.5,1008.4,0,.06,,2,,25
156,堡林,2022-07-30 07:00,27.4,,1.4,70,87,1000.6,1008.5,.7,.38,,4,,25.8
156,堡林,2022-07-30 08:00,28.5,,2.4,70,84,1000.7,1008.6,1,1.05,,5,,30.1
156,堡林,2022-07-30 09:00,29.9,,1.7,90,75,1001,1008.9,.5,1.17,,7,,33.4
156,堡林,2022-07-30 10:00,29.8,,2.6,90,73,1001,1008.8,.3,1.34,,8,,36.2
156,堡林,2022-07-30 11:00,30,,1.6,70,72,1001,1008.9,.1,1.26,,7,,37.8
156,堡林,2022-07-30 12:00,30,,2.4,110,75,1000.7,1008.6,.2,1.47,,10,,38.6
156,堡林,2022-07-30 13:00,29.6,,3.1,90,78,1000.5,1008.3,0,1.01,,10,,37.5
156,堡林,2022-07-30 14:00,28.8,0,2.1,70,85,1000.1,1008,0,.8,,10,,33.6
156,堡林,2022-07-30 15:00,28.3,0,2.2,70,93,999.7,1007.6,0,.65,,10,,32.4
156,堡林,2022-07-30 16:00,28.2,0,1.8,70,92,999.5,1007.4,0,.62,,10,,31.1
156,堡林,2022-07-30 17:00,28.7,0,1.5,70,90,999,1006.9,0,.51,,10,,31.6
156,堡林,2022-07-30 18:00,28.9,0,1.9,70,87,998.7,1006.5,0,.51,,10,,31.5
156,堡林,2022-07-30 19:00,29.1,,1.8,90,83,998.9,1006.7,0,.31,,8,,29.8
156,堡林,2022-07-30 20:00,28.6,,1.6,70,86,998.6,1006.5,0,.1,,8,,27.8
156,堡林,2022-07-30 21:00,28.7,,2.3,90,83,998.7,1006.5,,,,8,,27.2
156,堡林,2022-07-30 22:00,28.7,,1.4,90,83,999,1006.9,,,,10,,27.2
156,堡林,2022-07-30 23:00,28.2,,1.6,70,86,998.7,1006.6,,,,10,,27.1
156,堡林,2022-07-31 00:00,28.1,0,2.1,70,87,998.5,1006.4,,,,10,,26.8
156,堡林,2022-07-31 01:00,28.2,0,1.7,70,87,998.6,1006.5,,,,10,,26.7
156,堡林,2022-07-31 02:00,27.6,0,1,90,93,998.4,1006.3,,,,10,,26.3
156,堡林,2022-07-31 03:00,27.9,0,1.6,90,91,997.8,1005.7,,,,8,,26.1
156,堡林,2022-07-31 04:00,27.6,,1.9,70,93,996.8,1004.7,,,,9,,26.2
156,堡林,2022-07-31 05:00,26.4,0,1.7,90,99,997,1004.9,,,,10,,26.1
156,堡林,2022-07-31 06:00,25.4,1.6,1.3,110,99,997.4,1005.4,0,.05,,10,,25.9
156,堡林,2022-07-31 07:00,26.1,0,1.4,90,99,997,1004.9,0,.19,,10,,26.8
156,堡林,2022-07-31 08:00,26.7,0,2.5,140,99,996.7,1004.6,0,.42,,10,,27.9
156,堡林,2022-07-31 09:00,27.3,0,2.6,110,97,997.2,1005.1,0,.56,,10,,28.9
156,堡林,2022-07-31 10:00,27.5,0,1.2,90,97,996.8,1004.7,0,.58,,10,,29.1
156,堡林,2022-07-31 11:00,26.9,0,1.7,70,99,996.8,1004.7,0,.64,,10,,29.1
156,堡林,2022-07-31 12:00,25.7,4.9,.9,90,99,997.1,1005,0,.23,,10,,27.5
156,堡林,2022-07-31 13:00,26,1.9,1.9,160,99,996.9,1004.8,0,.53,,10,,28.5
156,堡林,2022-07-31 14:00,26,1,2.1,180,99,996.9,1004.8,0,.64,,10,,28.7
156,堡林,2022-07-31 15:00,26.8,.1,3.7,180,99,996.3,1004.2,0,1.13,,10,,31.3
156,堡林,2022-07-31 16:00,27.6,,3.3,180,97,996.1,1004,0,1.34,,10,,32
156,堡林,2022-07-31 17:00,27,0,3.1,180,99,995.8,1003.7,0,.51,,10,,29.3
156,堡林,2022-07-31 18:00,25.9,.6,2.6,180,99,996,1003.9,0,.48,,10,,27.9
156,堡林,2022-07-31 19:00,26.5,0,3.3,180,99,995.9,1003.8,0,.23,,10,,27.3
156,堡林,2022-07-31 20:00,26.2,1.3,3.7,180,99,996.1,1004,0,.09,,10,,25.9
156,堡林,2022-07-31 21:00,26.4,.1,2.2,160,99,996,1003.9,,,,9,,25.9
156,堡林,2022-07-31 22:00,26.8,.3,3,180,99,996.8,1004.7,,,,10,,26
156,堡林,2022-07-31 23:00,25.8,7.1,2.2,200,99,997,1004.9,,,,10,,25.9
156,堡林,2022-08-01 00:00,26,7.5,3.2,180,99,996.6,1004.5,,,,10,,25.8
156,堡林,2022-08-01 01:00,26.5,.3,4.1,180,99,996.7,1004.6,,,,10,,25.8
156,堡林,2022-08-01 02:00,27.2,0,4.5,180,99,996.6,1004.5,,,,8,,25.8
156,堡林,2022-08-01 03:00,27.3,,3.9,200,99,996.6,1004.5,,,,8,,25.8
156,堡林,2022-08-01 04:00,27.2,0,3.8,180,99,996.8,1004.7,,,,10,,25.8
156,堡林,2022-08-01 05:00,26.4,.4,2.8,180,99,997,1004.9,,,,10,,25.7
156,堡林,2022-08-01 06:00,25.8,.1,2.1,180,99,997.5,1005.4,0,.06,,10,,25.7
156,堡林,2022-08-01 07:00,25.7,.7,1.5,180,99,997.7,1005.7,0,.11,,10,,26.1
156,堡林,2022-08-01 08:00,26.9,0,2,180,99,997.9,1005.8,0,.35,,10,,27.9
156,堡林,2022-08-01 09:00,27.9,,1.4,180,99,997.5,1005.4,.1,.93,,7,,30.1
156,堡林,2022-08-01 10:00,28.9,0,3.3,180,97,997.4,1005.2,.4,1.36,,8,,33.9
156,堡林,2022-08-01 11:00,29.1,0,1.8,110,97,997.3,1005.1,0,1.09,,9,,33
156,堡林,2022-08-01 12:00,28.3,0,2.6,160,97,996.6,1004.4,0,1.09,,10,,31.5
156,堡林,2022-08-01 13:00,29.1,0,3,140,93,995.6,1003.4,0,1.25,,10,,32.6
156,堡林,2022-08-01 14:00,28.9,0,1.2,110,95,995,1002.8,0,1.04,,10,,31.4
156,堡林,2022-08-01 15:00,29,,1.3,110,97,994.3,1002.1,0,.83,,8,,32.1
156,堡林,2022-08-01 16:00,28.8,,2.7,110,97,993.9,1001.7,0,.9,,8,,30.4
156,堡林,2022-08-01 17:00,28.7,,4,180,97,994.4,1002.2,0,.41,,7,,29
156,堡林,2022-08-01 18:00,28.4,,4.7,200,98,995.2,1003,0,.32,,5,,27.8
156,堡林,2022-08-01 19:00,28.3,,3.5,200,98,996.1,1003.9,0,.19,,6,,27.6
156,堡林,2022-08-01 20:00,27.9,,2.8,200,99,997.2,1005.1,0,.07,,7,,26.9
156,堡林,2022-08-01 21:00,27.5,,3.1,180,99,998.2,1006.1,,,,3,,26.3
156,堡林,2022-08-01 22:00,27.4,0,3.2,200,98,999,1006.9,,,,10,,26.2
156,堡林,2022-08-01 23:00,26.7,0,3,200,99,999.4,1007.3,,,,10,,26.2
156,堡林,2022-08-02 00:00,26.9,0,2.8,200,99,999.3,1007.2,,,,9,,25.7
156,堡林,2022-08-02 01:00,27,,1.9,200,99,999.4,1007.3,,,,9,,25.9
156,堡林,2022-08-02 02:00,26.5,0,3.3,200,99,999.9,1007.8,,,,10,,25.9
156,堡林,2022-08-02 03:00,26.3,0,1.7,200,99,1000.4,1008.4,,,,10,,26
156,堡林,2022-08-02 04:00,25.8,.7,2.4,180,99,1000.9,1008.9,,,,10,,25.9
156,堡林,2022-08-02 05:00,25.6,.2,2,180,99,1001,1009,,,,10,,25.9
156,堡林,2022-08-02 06:00,25.7,.3,1.9,180,99,1001.5,1009.5,0,.07,,8,,25.7
156,堡林,2022-08-02 07:00,26.1,,2.3,180,99,1001.7,1009.7,0,.18,,8,,26.7
156,堡林,2022-08-02 08:00,26.1,.3,1.9,270,99,1002.1,1010.1,0,.48,,10,,27.7
156,堡林,2022-08-02 09:00,27.3,0,2.8,230,99,1002.7,1010.6,.2,.59,,7,,30.1
156,堡林,2022-08-02 10:00,28.7,,3.5,200,97,1002.7,1010.6,.7,1.92,,8,,34.5
156,堡林,2022-08-02 11:00,28.5,,3.5,230,98,1002.8,1010.7,.1,1.26,,9,,33
156,堡林,2022-08-02 12:00,28.5,.2,3.3,230,99,1002.9,1010.8,.3,1.56,,9,,34.2
156,堡林,2022-08-02 13:00,29.3,,2.9,230,97,1002.7,1010.6,.1,1.68,,9,,34.5
156,堡林,2022-08-02 14:00,29.1,,2.9,230,97,1002.6,1010.5,.1,1.01,,6,,33.8
156,堡林,2022-08-02 15:00,30.2,,3.2,230,89,1002.3,1010.2,.5,2.07,,8,,36.5
156,堡林,2022-08-02 16:00,30.1,,2.1,250,87,1002.4,1010.3,.3,1.33,,8,,34.3
156,堡林,2022-08-02 17:00,31.4,,2.8,270,76,1002.1,1009.9,.6,1.49,,8,,35.5
156,堡林,2022-08-02 18:00,30.7,,2.4,270,81,1002.3,1010.2,.4,.75,,8,,31.7
156,堡林,2022-08-02 19:00,29.7,,1.3,250,84,1002.7,1010.5,.9,.6,,7,,29.1
156,堡林,2022-08-02 20:00,28.5,,1.9,230,98,1002.9,1010.8,.2,.11,,5,,27.7
156,堡林,2022-08-02 21:00,28.1,,1.5,250,97,1003.6,1011.5,,,,5,,26.6
156,堡林,2022-08-02 22:00,27.6,,2,230,98,1004.1,1012,,,,3,,26.5
156,堡林,2022-08-02 23:00,27.1,,.9,230,99,1004.1,1012.1,,,,6,,26
156,堡林,2022-08-03 00:00,27,,1.2,200,99,1004.2,1012.2,,,,3,,25.8
156,堡林,2022-08-03 01:00,26.2,2.6,1.3,250,99,1004.1,1012.1,,,,10,,26.4
156,堡林,2022-08-03 02:00,25.9,0,1,230,99,1003.9,1011.9,,,,5,,25.9
156,堡林,2022-08-03 03:00,26.2,.1,.4,0,99,1004,1012,,,,8,,26.3
156,堡林,2022-08-03 04:00,26,,.8,200,99,1003.8,1011.8,,,,10,,26.1
156,堡林,2022-08-03 05:00,25.7,.1,.7,200,99,1003.9,1011.9,,,,10,,26.2
156,堡林,2022-08-03 06:00,25.9,.1,.6,180,99,1004.2,1012.2,0,.06,,7,,25.9
156,堡林,2022-08-03 07:00,26.3,,.9,180,99,1004.4,1012.4,.1,.25,,6,,27
156,堡林,2022-08-03 08:00,27.8,,1.1,180,99,1004.6,1012.5,.5,.78,,5,,30.5
156,堡林,2022-08-03 09:00,28.1,,.3,0,99,1004.8,1012.7,.1,.74,,7,,30.5
156,堡林,2022-08-03 10:00,29.8,,.5,270,90,1004.4,1012.3,.4,1.42,,5,,34.8
156,堡林,2022-08-03 11:00,26.2,7.3,1.5,250,99,1004.6,1012.6,.1,.81,,10,,28.8
156,堡林,2022-08-03 12:00,28.1,0,1.6,230,99,1004.2,1012.1,.4,1.68,,8,,37.1
156,堡林,2022-08-03 13:00,29.3,,1.9,250,99,1003.8,1011.7,.2,1.97,,8,,38.9
156,堡林,2022-08-03 14:00,29.2,,2.7,230,99,1003.4,1011.3,.1,1.76,,8,,37.4
156,堡林,2022-08-03 15:00,30.9,,2.1,250,86,1002.9,1010.8,.4,2.05,,8,,38.4
156,堡林,2022-08-03 16:00,30,1.2,.7,50,99,1002.6,1010.5,.5,1.72,,8,,39.7
156,堡林,2022-08-03 17:00,29.6,,1.1,340,97,1002.6,1010.4,.6,1.71,,8,,36.6
156,堡林,2022-08-03 18:00,29.4,,1.6,250,98,1002.3,1010.2,.5,.87,,8,,32
156,堡林,2022-08-03 19:00,28.9,0,2.6,270,98,1002.2,1010.1,.5,.44,,8,,29.8
156,堡林,2022-08-03 20:00,28.4,,.9,270,99,1002.5,1010.4,.1,.1,,8,,28.1
156,堡林,2022-08-03 21:00,27.9,,1.3,250,99,1002.7,1010.6,,,,7,,27.9
156,堡林,2022-08-03 22:00,27.3,,1.8,230,99,1003.2,1011.1,,,,7,,27
156,堡林,2022-08-03 23:00,26.9,,1.6,230,99,1003.5,1011.5,,,,6,,26.6
156,堡林,2022-08-04 00:00,26.8,,1.7,230,99,1003.6,1011.6,,,,6,,26.9
156,堡林,2022-08-04 01:00,26.8,,2.1,230,99,1003.4,1011.4,,,,6,,26.7
156,堡林,2022-08-04 02:00,26.6,,1.6,230,99,1003.2,1011.2,,,,5,,26.6
156,堡林,2022-08-04 03:00,26.4,,.9,230,99,1003.4,1011.4,,,,3,,26.3
156,堡林,2022-08-04 04:00,26.5,,1.4,230,99,1003.4,1011.4,,,,7,,26.6
156,堡林,2022-08-04 05:00,26.4,,.5,230,99,1003.6,1011.6,,,,5,,26.3
156,堡林,2022-08-04 06:00,26.5,,.5,200,99,1003.8,1011.8,0,.06,,6,,26.6
156,堡林,2022-08-04 07:00,26.9,,.6,180,99,1004.1,1012.1,.3,.29,,4,,27.6
156,堡林,2022-08-04 08:00,27.5,,1.1,230,99,1004.3,1012.2,.2,.57,,8,,29.4
156,堡林,2022-08-04 09:00,28.7,,1.3,250,98,1004,1011.9,.5,1.19,,8,,32.7
156,堡林,2022-08-04 10:00,30,,1.4,230,91,1003.9,1011.8,.8,1.92,,9,,37.8
156,堡林,2022-08-04 11:00,30.6,,1.9,250,80,1003.5,1011.4,.8,2.53,,7,,37.8
156,堡林,2022-08-04 12:00,30.8,,1.5,250,79,1003,1010.9,.7,2.8,,7,,37.2
156,堡林,2022-08-04 13:00,31.5,,1.1,340,77,1002.4,1010.2,.4,2.25,,8,,38.9
156,堡林,2022-08-04 14:00,31.3,,2.4,270,82,1002,1009.8,.4,1.83,,9,,38.6
156,堡林,2022-08-04 15:00,32.4,,.8,320,72,1001.6,1009.4,.9,2.61,,7,,39.9
156,堡林,2022-08-04 16:00,32.9,,1.9,250,77,1001.3,1009.1,.7,1.94,,8,,41
156,堡林,2022-08-04 17:00,32.6,,2.2,250,71,1001,1008.8,1,2.2,,7,,38.6
156,堡林,2022-08-04 18:00,31.5,,2,270,83,1000.8,1008.6,.6,.97,,7,,34.9
156,堡林,2022-08-04 19:00,30.3,,2.6,270,87,1000.9,1008.8,.9,.61,,7,,30.7
156,堡林,2022-08-04 20:00,29.2,,1.8,250,91,1001.1,1009,.1,.11,,4,,28.2
156,堡林,2022-08-04 21:00,28.8,,2,270,96,1001.4,1009.3,,,,2,,28.1
156,堡林,2022-08-04 22:00,28.1,,1.8,230,99,1001.7,1009.6,,,,2,,27.6
156,堡林,2022-08-04 23:00,27.7,,1,250,99,1001.6,1009.5,,,,2,,26.7
156,堡林,2022-08-05 00:00,27.1,,2.1,230,99,1001.3,1009.2,,,,2,,26.1
156,堡林,2022-08-05 01:00,27,,1.5,200,99,1001,1008.9,,,,2,,26.3
156,堡林,2022-08-05 02:00,26.8,,1.5,230,99,1000.9,1008.8,,,,1,,26.4
156,堡林,2022-08-05 03:00,27,,1.6,230,99,1000.9,1008.8,,,,4,,26.6
156,堡林,2022-08-05 04:00,26.9,,1.6,230,99,1000.8,1008.7,,,,4,,26.5
156,堡林,2022-08-05 05:00,26.7,,1.6,230,99,1000.9,1008.8,,,,6,,26.4
156,堡林,2022-08-05 06:00,26.7,0,1.4,230,99,1000.9,1008.8,0,.06,,8,,26.8
156,堡林,2022-08-05 07:00,27.1,,1.8,230,99,1001,1008.9,0,.22,,6,,28
156,堡林,2022-08-05 08:00,27.4,,2.9,230,99,1000.8,1008.7,0,.37,,9,,28.9
156,堡林,2022-08-05 09:00,28.3,,2.1,230,99,1000.6,1008.5,0,.67,,9,,31.4
156,堡林,2022-08-05 10:00,29.5,,1.8,250,98,1000.5,1008.3,.1,.98,,7,,34.5
156,堡林,2022-08-05 11:00,30.7,,2.9,250,83,1000,1007.8,.6,1.98,,7,,37.4
156,堡林,2022-08-05 12:00,31,,2,250,81,999.8,1007.6,.2,1.61,,9,,37.4
156,堡林,2022-08-05 13:00,30.8,,3,230,83,999.1,1006.9,.3,1.66,,9,,36.6
156,堡林,2022-08-05 14:00,32.5,,2.4,250,74,998.7,1006.5,.4,1.84,,6,,44
156,堡林,2022-08-05 15:00,32.3,,2.7,250,82,998.1,1005.9,.7,2.03,,8,,42.8
156,堡林,2022-08-05 16:00,32,,3.2,230,83,997.8,1005.6,.6,1.65,,7,,42.3
156,堡林,2022-08-05 17:00,31.3,,2.7,250,84,997.4,1005.2,.6,1.14,,5,,36.4
156,堡林,2022-08-05 18:00,30.6,,2.9,230,88,997.3,1005.1,.4,.66,,3,,32.5
156,堡林,2022-08-05 19:00,29.8,,2.9,250,91,997.6,1005.4,.9,.45,,3,,30.4
156,堡林,2022-08-05 20:00,29.2,,1.9,250,98,998.5,1006.3,0,.08,,2,,29.1
156,堡林,2022-08-05 21:00,28.6,,2,250,99,998.8,1006.7,,,,3,,28
156,堡林,2022-08-05 22:00,28.4,,1.6,250,99,998.9,1006.8,,,,1,,28.2
156,堡林,2022-08-05 23:00,28.1,,1.4,250,99,999,1006.9,,,,4,,28
156,堡林,2022-08-06 00:00,27.8,,1.6,250,99,999.2,1007.1,,,,7,,27.8
156,堡林,2022-08-06 01:00,27.6,,1,250,99,999.2,1007.1,,,,5,,27.8
156,堡林,2022-08-06 02:00,27.6,,1.6,230,99,999.1,1007,,,,7,,27.5
156,堡林,2022-08-06 03:00,27.5,,1.9,230,99,998.8,1006.7,,,,7,,27.1
156,堡林,2022-08-06 04:00,27.4,,1.7,230,99,998.9,1006.8,,,,7,,27.3
156,堡林,2022-08-06 05:00,27.3,,1.8,230,99,999,1006.9,,,,8,,27.2
156,堡林,2022-08-06 06:00,27.3,,1.3,230,99,999.4,1007.3,0,.06,,8,,27.2
156,堡林,2022-08-06 07:00,27.6,,1.5,230,99,999.7,1007.6,0,.26,,9,,28.3
156,堡林,2022-08-06 08:00,28.5,,1.3,250,99,999.8,1007.7,.1,.63,,7,,31
156,堡林,2022-08-06 09:00,29.3,,1.2,250,97,999.5,1007.3,.4,1.21,,8,,34.1
156,堡林,2022-08-06 10:00,29.8,,1.8,230,97,999.5,1007.3,.3,1.05,,8,,34.1
156,堡林,2022-08-06 11:00,30,,1.4,250,94,999.4,1007.3,.3,1.48,,8,,35.3
156,堡林,2022-08-06 12:00,31.3,,1.4,290,84,998.8,1006.6,.5,1.99,,7,,41.9
156,堡林,2022-08-06 13:00,32.7,,1.8,250,83,998.7,1006.5,.8,2.71,,6,,49
156,堡林,2022-08-06 14:00,33.1,,1.7,270,75,998.3,1006.1,.7,2.44,,6,,47.7
156,堡林,2022-08-06 15:00,33.4,,2.6,230,74,997.9,1005.6,.9,2.87,,6,,51.2
156,堡林,2022-08-06 16:00,32.9,,3,230,79,997.7,1005.5,.8,2.22,,5,,44.5
156,堡林,2022-08-06 17:00,32.8,,2.2,250,76,997.6,1005.4,.8,1.44,,7,,42
156,堡林,2022-08-06 18:00,32.7,,2.6,230,80,997.4,1005.2,.6,.91,,6,,38.3
156,堡林,2022-08-06 19:00,31.4,,2.3,230,84,997.7,1005.5,.5,.45,,3,,33.7
156,堡林,2022-08-06 20:00,30.3,,2.2,230,93,998.3,1006.1,0,.08,,3,,30.8
156,堡林,2022-08-06 21:00,29.6,,2.9,230,99,999.1,1006.9,,,,5,,29.8
156,堡林,2022-08-06 22:00,28.8,,2.7,230,99,999.7,1007.6,,,,2,,28.8
156,堡林,2022-08-06 23:00,28.1,,2.8,230,98,999.5,1007.4,,,,4,,27.9
156,堡林,2022-08-07 00:00,28,,1.3,250,99,999.9,1007.8,,,,8,,27.6
156,堡林,2022-08-07 01:00,27.9,,1.1,250,99,999.9,1007.8,,,,2,,27.4
156,堡林,2022-08-07 02:00,27.6,,.9,230,99,1000.2,1008.1,,,,1,,27.5
156,堡林,2022-08-07 03:00,27.5,,2.1,230,99,1000.1,1008,,,,2,,26.9
156,堡林,2022-08-07 04:00,27.7,,2.1,200,99,999.9,1007.8,,,,8,,27.3
156,堡林,2022-08-07 05:00,27.6,,1.8,200,99,999.7,1007.6,,,,7,,27.6
156,堡林,2022-08-07 06:00,27.8,,1.5,200,99,1000.2,1008.1,0,.06,,8,,27.5
156,堡林,2022-08-07 07:00,27.9,,.9,200,99,1000.4,1008.3,0,.2,,4,,28.3
156,堡林,2022-08-07 08:00,28.8,,1.6,230,99,1000.2,1008.1,.2,.53,,8,,30.7
156,堡林,2022-08-07 09:00,29.8,,2.3,200,93,1000,1007.8,.7,1.39,,2,,35.1
156,堡林,2022-08-07 10:00,31.1,,1.7,230,86,1000.2,1008,.9,1.9,,7,,41.3
156,堡林,2022-08-07 11:00,32.5,,1.9,230,81,999.9,1007.7,.8,2.52,,8,,47.5
156,堡林,2022-08-07 12:00,33.1,,2.4,230,75,999.7,1007.5,.6,2.1,,8,,51.4
156,堡林,2022-08-07 13:00,33.6,,2.4,230,73,999.4,1007.2,.9,3.15,,7,,56.1
156,堡林,2022-08-07 14:00,33,,3.1,250,77,999.1,1006.9,.9,2.85,,7,,53.9
156,堡林,2022-08-07 15:00,33.2,,5,230,67,999.1,1006.9,.9,2.7,,8,,52.4
156,堡林,2022-08-07 16:00,32.6,,3.9,250,73,998.9,1006.7,1,2.41,,8,,51.6
156,堡林,2022-08-07 17:00,32.1,,3.8,250,75,999.1,1006.9,1,1.68,,8,,43.8
156,堡林,2022-08-07 18:00,30.9,,3.1,250,84,999.1,1006.9,.3,.71,,8,,36.5
156,堡林,2022-08-07 19:00,30.1,,3,230,89,999.2,1007,0,.32,,9,,32.9
156,堡林,2022-08-07 20:00,29.1,,3.1,230,96,999.6,1007.4,0,.07,,9,,30.4
156,堡林,2022-08-07 21:00,28.6,,1.3,230,98,1000.4,1008.3,,,,4,,29.3
156,堡林,2022-08-07 22:00,28.7,,2.3,200,94,1000.4,1008.3,,,,8,,28.6
156,堡林,2022-08-07 23:00,28.4,,2.9,230,96,1000.6,1008.5,,,,9,,28.7
156,堡林,2022-08-08 00:00,28.4,,2.4,200,97,1000.9,1008.8,,,,7,,28.4
156,堡林,2022-08-08 01:00,28.2,,3.3,230,97,1000.7,1008.6,,,,8,,28.2
156,堡林,2022-08-08 02:00,28,,3,230,98,1000.9,1008.8,,,,8,,27.9
156,堡林,2022-08-08 03:00,27.9,,2.9,230,98,1000.6,1008.5,,,,8,,27.2
156,堡林,2022-08-08 04:00,27.8,,2.5,230,97,1000.5,1008.4,,,,3,,27.2
156,堡林,2022-08-08 05:00,27.8,,1.9,200,97,1000.8,1008.7,,,,6,,27.3
156,堡林,2022-08-08 06:00,27.4,,3,230,98,1001.2,1009.1,0,.06,,6,,26.4
156,堡林,2022-08-08 07:00,27.6,,3.7,230,98,1001.7,1009.6,0,.17,,6,,27
156,堡林,2022-08-08 08:00,28.4,,3,230,97,1001.7,1009.6,.3,.67,,5,,31.2
156,堡林,2022-08-08 09:00,29,,5.6,230,94,1001.9,1009.8,.2,1.06,,8,,34.6
156,堡林,2022-08-08 10:00,30.1,,5.3,230,85,1001.4,1009.3,.7,1.76,,9,,40.4
156,堡林,2022-08-08 11:00,30.8,,4.8,230,75,1001.6,1009.4,1,2.44,,8,,46.4
156,堡林,2022-08-08 12:00,30.6,,4.9,230,80,1001.3,1009.1,.4,1.96,,8,,43.3
156,堡林,2022-08-08 13:00,30.8,,4.9,230,81,1001.2,1009,0,1.83,,8,,44.2
156,堡林,2022-08-08 14:00,31.5,,3.2,230,77,1000.8,1008.6,.6,2.06,,8,,46.4
156,堡林,2022-08-08 15:00,30.8,,4.7,230,80,1000.9,1008.7,.2,1.8,,8,,43.3
156,堡林,2022-08-08 16:00,30.6,,3.8,230,82,1000.8,1008.6,0,1.32,,10,,40.5
156,堡林,2022-08-08 17:00,29.9,,3.2,250,85,1000.8,1008.7,0,.79,,10,,36.6
156,堡林,2022-08-08 18:00,29.5,,3,250,85,1000.5,1008.3,0,.5,,10,,33.8
156,堡林,2022-08-08 19:00,28.9,,4,230,90,1000.5,1008.4,0,.22,,9,,31.1
156,堡林,2022-08-08 20:00,28.4,,3,230,93,1001.3,1009.2,0,.07,,9,,29.1
156,堡林,2022-08-08 21:00,28,,2.7,230,95,1001.8,1009.7,,,,10,,28.2
156,堡林,2022-08-08 22:00,27.8,,3.2,230,96,1002.1,1010,,,,7,,27.8
156,堡林,2022-08-08 23:00,27.7,,2.6,230,94,1001.8,1009.7,,,,5,,27.6
156,堡林,2022-08-09 00:00,27.4,,2.8,200,97,1001.7,1009.6,,,,5,,27.3
156,堡林,2022-08-09 01:00,27.4,,2,200,97,1001.5,1009.4,,,,5,,27.4
156,堡林,2022-08-09 02:00,27.2,,3.2,230,98,1001.5,1009.4,,,,8,,27.3
156,堡林,2022-08-09 03:00,27.3,,2.3,230,98,1001.6,1009.5,,,,8,,27.3
156,堡林,2022-08-09 04:00,27.1,,2.5,230,99,1001.7,1009.6,,,,7,,26.7
156,堡林,2022-08-09 05:00,27,,3.3,230,99,1001.9,1009.8,,,,8,,26.9
156,堡林,2022-08-09 06:00,26.8,,2.4,230,99,1001.8,1009.7,0,.05,,10,,26.6
156,堡林,2022-08-09 07:00,26.9,,2.8,200,99,1001.7,1009.6,0,.13,,10,,27.1
156,堡林,2022-08-09 08:00,27.6,,3.2,230,98,1001.8,1009.7,0,.35,,10,,29.5
156,堡林,2022-08-09 09:00,28.5,,3.1,230,96,1001.7,1009.6,.2,.76,,9,,33.2
156,堡林,2022-08-09 10:00,29.1,,4.1,230,93,1001.8,1009.7,.5,1.17,,7,,35.6
156,堡林,2022-08-09 11:00,31.7,,3.8,230,84,1001.5,1009.3,.7,2.3,,8,,48.7
156,堡林,2022-08-09 12:00,31.1,,5,230,79,1000.9,1008.7,.4,2.36,,8,,45.9
156,堡林,2022-08-09 13:00,31.4,,4.4,250,80,1000.6,1008.4,.4,2.02,,8,,46.3
156,堡林,2022-08-09 14:00,31.7,,4.5,250,79,1000.1,1007.9,.7,2.28,,8,,49.4
156,堡林,2022-08-09 15:00,31,,5.1,230,79,999.6,1007.4,0,1.68,,10,,43.7
156,堡林,2022-08-09 16:00,30.7,,4.8,230,84,999.7,1007.5,.1,1.44,,10,,42.6
156,堡林,2022-08-09 17:00,30.2,,4.7,230,83,999.6,1007.4,.4,1.24,,8,,39.4
156,堡林,2022-08-09 18:00,29.5,,3.6,230,89,999.5,1007.3,.1,.75,,8,,35.1
156,堡林,2022-08-09 19:00,28.9,,4.4,230,88,999.8,1007.7,0,.25,,8,,31.1
156,堡林,2022-08-09 20:00,28.3,,3.9,230,93,1000.1,1008,0,.07,,9,,29
156,堡林,2022-08-09 21:00,28,,2.7,230,94,1000.5,1008.4,,,,8,,28.3
156,堡林,2022-08-09 22:00,28.1,,2.2,230,91,1000.6,1008.5,,,,8,,27.9
156,堡林,2022-08-09 23:00,28,,1.8,230,92,1000.9,1008.8,,,,9,,28.3
156,堡林,2022-08-10 00:00,27.6,,2.5,200,95,1000.5,1008.4,,,,7,,27.8
156,堡林,2022-08-10 01:00,27.4,,3.3,230,96,1000.2,1008.1,,,,10,,27
156,堡林,2022-08-10 02:00,27.5,,3.6,230,95,999.7,1007.6,,,,10,,27.3
156,堡林,2022-08-10 03:00,27.2,,3.3,230,97,999.8,1007.7,,,,7,,27
156,堡林,2022-08-10 04:00,27.1,,2.9,230,99,999.7,1007.6,,,,7,,26.6
156,堡林,2022-08-10 05:00,26.9,,3.5,230,99,999.7,1007.6,,,,8,,26.7
156,堡林,2022-08-10 06:00,26.8,,2.9,230,99,999.8,1007.7,0,.05,,10,,26.8
156,堡林,2022-08-10 07:00,27,,3.2,230,99,999.8,1007.7,0,.12,,10,,27.5
156,堡林,2022-08-10 08:00,27.6,,3.8,230,98,999.8,1007.7,0,.38,,10,,30
156,堡林,2022-08-10 09:00,28.1,,3.2,230,97,1000.1,1008,0,.67,,10,,32.3
156,堡林,2022-08-10 10:00,28.8,,3.9,230,95,1000.3,1008.2,0,.89,,10,,35.1
156,堡林,2022-08-10 11:00,29.1,,3,250,91,1000.4,1008.2,0,.93,,10,,36.7
156,堡林,2022-08-10 12:00,29.8,,3.2,250,88,1000.4,1008.2,.4,2.09,,10,,41.8
156,堡林,2022-08-10 13:00,30.4,,3.3,230,84,999.7,1007.5,.4,2.18,,10,,44.5
156,堡林,2022-08-10 14:00,30,,3.1,230,83,999.3,1007.2,0,1.32,,10,,40.3
156,堡林,2022-08-10 15:00,29.8,,3.2,250,85,999.2,1007,0,1.14,,10,,38.8
156,堡林,2022-08-10 16:00,29.7,,3.3,230,86,999.3,1007.1,0,.82,,10,,36.3
156,堡林,2022-08-10 17:00,29.1,,2.4,250,92,999.3,1007.1,0,.51,,10,,33.9
156,堡林,2022-08-10 18:00,28.9,,2.5,230,93,999.1,1006.9,.1,.41,,10,,32.6
156,堡林,2022-08-10 19:00,28.5,,3.6,230,95,999,1006.9,0,.24,,10,,30.5
156,堡林,2022-08-10 20:00,28.1,,3.3,230,93,999.5,1007.4,0,.05,,10,,28.9
156,堡林,2022-08-10 21:00,28.2,,2.1,230,92,1000.4,1008.3,,,,5,,28.4
156,堡林,2022-08-10 22:00,27.8,,1.7,180,94,1000.1,1008,,,,10,,27.8
156,堡林,2022-08-10 23:00,27.2,0,1.4,200,98,1000.2,1008.1,,,,10,,26.9
156,堡林,2022-08-11 00:00,27.2,0,1.8,200,97,999.8,1007.7,,,,10,,26.5
156,堡林,2022-08-11 01:00,27.2,,1.1,200,97,999.9,1007.8,,,,10,,26.7
156,堡林,2022-08-11 02:00,27.3,0,1.8,230,97,999.3,1007.2,,,,6,,26.3
156,堡林,2022-08-11 03:00,26.2,.4,2.3,230,99,998.9,1006.8,,,,10,,26.2
156,堡林,2022-08-11 04:00,26,.5,1.5,200,99,998.7,1006.6,,,,10,,26.2
156,堡林,2022-08-11 05:00,25.8,.3,1.3,200,99,998.7,1006.7,,,,10,,26.4
156,堡林,2022-08-11 06:00,25.8,.8,2.1,230,99,998.4,1006.4,0,.05,,10,,26.3
156,堡林,2022-08-11 07:00,25.7,.6,3.2,230,99,998.4,1006.4,0,.08,,10,,26.5
156,堡林,2022-08-11 08:00,25.9,.1,2.7,200,99,998.3,1006.2,0,.26,,10,,27.9
156,堡林,2022-08-11 09:00,26.1,,2.7,230,99,999.3,1007.2,0,.32,,10,,27.5
156,堡林,2022-08-11 10:00,26.3,0,1.7,200,99,999.6,1007.5,0,.13,,10,,27
156,堡林,2022-08-11 11:00,26.2,.6,2.1,230,99,999.6,1007.5,0,.13,,10,,27.3
156,堡林,2022-08-11 12:00,26.6,.7,2.3,200,99,999.3,1007.2,0,.51,,10,,29.7
156,堡林,2022-08-11 13:00,26.3,.7,1.6,230,99,998.9,1006.8,0,.43,,10,,28.9
156,堡林,2022-08-11 14:00,26.2,.9,1,200,99,998.5,1006.4,0,.2,,10,,27.9
156,堡林,2022-08-11 15:00,26.7,.3,1.6,230,99,998.4,1006.3,0,.34,,10,,29.1
156,堡林,2022-08-11 16:00,26.7,.6,1.8,230,99,998.3,1006.2,0,.35,,10,,28.9
156,堡林,2022-08-11 17:00,26.6,.3,1.3,200,99,998.1,1006,0,.32,,10,,28.7
156,堡林,2022-08-11 18:00,26.5,1.1,1.1,200,99,997.5,1005.4,0,.19,,10,,27.8
156,堡林,2022-08-11 19:00,26.2,1,.2,0,99,997.6,1005.5,0,.09,,10,,27.4
156,堡林,2022-08-11 20:00,26.2,.1,.8,200,99,997.9,1005.8,0,.06,,10,,27.2
156,堡林,2022-08-11 21:00,26,.1,2.1,200,99,998.2,1006.1,,,,10,,27.1
156,堡林,2022-08-11 22:00,26.4,,2.2,230,99,998.2,1006.1,,,,6,,27
156,堡林,2022-08-11 23:00,26.5,,2.4,230,99,998.5,1006.4,,,,9,,27
156,堡林,2022-08-12 00:00,26.5,,2.3,230,99,998.2,1006.1,,,,7,,26.8
156,堡林,2022-08-12 01:00,26.6,,2.5,230,99,998,1005.9,,,,7,,26.9
156,堡林,2022-08-12 02:00,26.6,0,1.6,230,99,998,1005.9,,,,6,,27.1
156,堡林,2022-08-12 03:00,26.6,.4,1.6,230,99,998,1005.9,,,,7,,27
156,堡林,2022-08-12 04:00,26.5,.1,.8,250,99,997.9,1005.8,,,,6,,26.9
156,堡林,2022-08-12 05:00,26.4,,0,0,99,998.1,1006,,,,10,,26.9
156,堡林,2022-08-12 06:00,26.4,,.6,270,99,998.4,1006.3,0,.06,,10,,26.8
156,堡林,2022-08-12 07:00,26.1,0,.6,270,99,998.5,1006.4,0,.12,,6,,27.2
156,堡林,2022-08-12 08:00,26.8,,.5,320,99,999,1006.9,.1,.46,,9,,29.1
156,堡林,2022-08-12 09:00,26.7,,1.2,270,99,999.6,1007.5,0,.36,,10,,28.4
156,堡林,2022-08-12 10:00,28.6,,.6,270,98,999.8,1007.7,.3,1.26,,8,,36
156,堡林,2022-08-12 11:00,29.5,,.9,270,93,999.3,1007.1,.7,2.22,,10,,36.2
156,堡林,2022-08-12 12:00,29.6,,1.1,270,90,999.3,1007.1,.1,1.1,,9,,35.7
156,堡林,2022-08-12 13:00,30.6,,1.6,320,83,998.9,1006.7,.6,2.23,,9,,38
156,堡林,2022-08-12 14:00,30.7,,1.4,20,76,998.3,1006.1,.9,2.54,,7,,40.9
156,堡林,2022-08-12 15:00,31.2,,1.4,290,75,998,1005.8,.9,2.76,,8,,39.2
156,堡林,2022-08-12 16:00,30.3,,1.8,250,75,997.6,1005.4,.3,1.39,,9,,34.4
156,堡林,2022-08-12 17:00,30.3,,1.3,250,76,997.6,1005.4,.8,1.42,,9,,33.2
156,堡林,2022-08-12 18:00,29.6,,1.2,270,77,997.6,1005.4,.5,.86,,9,,30
156,堡林,2022-08-12 19:00,28.9,,.7,340,81,998,1005.8,0,.28,,9,,28.1
156,堡林,2022-08-12 20:00,28,,.6,250,87,998.1,1006,0,.06,,9,,26.6
156,堡林,2022-08-12 21:00,27.4,,1.3,250,92,998.9,1006.8,,,,4,,25.8
156,堡林,2022-08-12 22:00,27.1,,1.5,250,90,999.4,1007.3,,,,9,,25.4
156,堡林,2022-08-12 23:00,26.4,,1.1,230,93,999.5,1007.4,,,,4,,24.6
156,堡林,2022-08-13 00:00,25.7,,.7,180,98,999.6,1007.6,,,,8,,24.8
156,堡林,2022-08-13 01:00,26,,.7,230,98,999.6,1007.6,,,,9,,25.2
156,堡林,2022-08-13 02:00,25.6,,.2,0,99,999.3,1007.3,,,,8,,25.4
156,堡林,2022-08-13 03:00,25.4,,0,0,99,998.8,1006.8,,,,7,,25.3
156,堡林,2022-08-13 04:00,25.2,,.1,0,99,998.7,1006.7,,,,8,,24.9
156,堡林,2022-08-13 05:00,24.9,,.4,0,99,998.4,1006.4,,,,8,,24.8
156,堡林,2022-08-13 06:00,24.5,,1,90,99,998.1,1006,0,.06,,5,,24.5
156,堡林,2022-08-13 07:00,25.2,,.1,0,99,998.9,1006.9,.5,.27,,2,,25.3
156,堡林,2022-08-13 08:00,26.8,,.5,50,98,999.2,1007.1,1,.91,,5,,27.4
156,堡林,2022-08-13 09:00,27.9,,1.6,200,97,998.9,1006.8,.5,1.27,,9,,30.8
156,堡林,2022-08-13 10:00,28.8,,2,250,95,999.6,1007.5,.3,1.3,,9,,33.9
156,堡林,2022-08-13 11:00,28.1,.1,1.5,270,99,999.6,1007.5,.1,1.05,,10,,32.3
156,堡林,2022-08-13 12:00,30.1,0,1.7,230,91,999.1,1006.9,.1,1.58,,9,,36.1
156,堡林,2022-08-13 13:00,31.3,,2.6,230,81,998.6,1006.4,.7,2.45,,10,,39
156,堡林,2022-08-13 14:00,30.6,,4.4,230,81,998.6,1006.4,0,1.46,,10,,36
156,堡林,2022-08-13 15:00,30.4,,3,250,89,997.8,1005.6,0,1.44,,10,,34.7
156,堡林,2022-08-13 16:00,30,,2.8,250,89,998,1005.8,0,.84,,10,,32.6
156,堡林,2022-08-13 17:00,29.4,0,2.8,250,92,998.4,1006.2,0,.35,,10,,30.7
156,堡林,2022-08-13 18:00,29,0,3.4,230,96,997.5,1005.3,0,.23,,9,,29.7
156,堡林,2022-08-13 19:00,28.6,,3.8,230,97,997.9,1005.7,0,.2,,,,28.4
156,堡林,2022-08-13 20:00,28.3,,1.7,230,97,998.6,1006.5,0,.07,,10,,27.7
156,堡林,2022-08-13 21:00,28.3,,2.4,200,97,998.8,1006.7,,,,5,,27.2
156,堡林,2022-08-13 22:00,28.1,,2.3,200,96,999.1,1007,,,,7,,26.9
156,堡林,2022-08-13 23:00,27.9,,1.8,200,97,999.3,1007.2,,,,3,,26.9
156,堡林,2022-08-14 00:00,27.8,,1.4,200,97,999.1,1007,,,,5,,26.7
156,堡林,2022-08-14 01:00,27.6,,2.1,230,97,998.9,1006.8,,,,8,,26.9
156,堡林,2022-08-14 02:00,27.7,,2.7,230,98,998.8,1006.7,,,,8,,26.6
156,堡林,2022-08-14 03:00,27.4,,3.4,230,99,998.9,1006.8,,,,7,,26.5
156,堡林,2022-08-14 04:00,27.1,,3.3,230,99,998.8,1006.7,,,,5,,26.1
156,堡林,2022-08-14 05:00,27.1,,2,230,99,999.2,1007.1,,,,5,,26.5
156,堡林,2022-08-14 06:00,27,,2.2,230,99,999,1006.9,0,.06,,7,,26.3
156,堡林,2022-08-14 07:00,27.5,,3.2,230,99,999.2,1007.1,0,.17,,5,,27.6
156,堡林,2022-08-14 08:00,28,,3.6,230,99,999.6,1007.5,0,.47,,7,,29.4
156,堡林,2022-08-14 09:00,28.4,,3.2,230,98,999.7,1007.6,.2,.89,,7,,30.7
156,堡林,2022-08-14 10:00,29.3,,2.2,230,97,1000.1,1007.9,.4,1.17,,8,,32.7
156,堡林,2022-08-14 11:00,29.4,,2.3,250,92,1000.2,1008,.3,1.26,,9,,32.4
156,堡林,2022-08-14 12:00,32,,4,230,79,999.6,1007.4,.9,2.95,,8,,46.4
156,堡林,2022-08-14 13:00,32.7,,4.7,230,70,999.4,1007.2,.9,2.89,,8,,50.2
156,堡林,2022-08-14 14:00,32.8,,4.8,230,69,999.4,1007.2,1,3.37,,3,,54.4
156,堡林,2022-08-14 15:00,33,,4,250,69,999.2,1007,1,2.98,,4,,53.7
156,堡林,2022-08-14 16:00,32.8,,3.6,230,75,999.2,1007,1,2.63,,6,,50.2
156,堡林,2022-08-14 17:00,31.6,,3.5,250,80,999.2,1007,1,1.63,,7,,40.9
156,堡林,2022-08-14 18:00,30.5,,4.1,230,84,998.9,1006.7,.3,.71,,8,,35.5
156,堡林,2022-08-14 19:00,29.6,,4,230,86,998.9,1006.7,0,.26,,8,,31.8
156,堡林,2022-08-14 20:00,28.8,,2.1,230,92,999.1,1006.9,0,.06,,9,,29.7
156,堡林,2022-08-14 21:00,28.7,,1.9,200,90,999.6,1007.5,,,,9,,28.7
156,堡林,2022-08-14 22:00,28.3,,2.2,200,91,999.8,1007.7,,,,8,,28
156,堡林,2022-08-14 23:00,28.2,,2.2,200,91,999.6,1007.5,,,,5,,28
156,堡林,2022-08-15 00:00,28,,2.3,200,95,999.5,1007.4,,,,8,,28
156,堡林,2022-08-15 01:00,27.8,,2.5,200,97,999.3,1007.2,,,,9,,27.6
156,堡林,2022-08-15 02:00,27.8,,2.5,200,97,999,1006.9,,,,9,,27.8
156,堡林,2022-08-15 03:00,27.9,,1.7,200,97,998.9,1006.8,,,,8,,27.8
156,堡林,2022-08-15 04:00,27.8,,2.1,200,97,998.8,1006.7,,,,9,,27.6
156,堡林,2022-08-15 05:00,27.7,,3,230,97,998.4,1006.3,,,,8,,27.2
156,堡林,2022-08-15 06:00,27.6,,3.1,230,98,998.2,1006.1,0,.06,,7,,26.9
156,堡林,2022-08-15 07:00,28,,3.9,230,98,998.2,1006.1,0,.24,,8,,28.2
156,堡林,2022-08-15 08:00,28.7,,4.1,230,97,997.9,1005.7,0,.5,,7,,30.4
156,堡林,2022-08-15 09:00,29.1,,5.5,230,93,997.5,1005.3,.6,1.11,,8,,32
156,堡林,2022-08-15 10:00,30.1,,6.7,230,88,997.7,1005.5,.8,1.72,,9,,38.9
156,堡林,2022-08-15 11:00,31.8,,8,230,78,997.6,1005.4,1,2.84,,8,,52
156,堡林,2022-08-15 12:00,31.6,,6.1,230,78,997.3,1005.1,.9,2.65,,8,,49.4
156,堡林,2022-08-15 13:00,31.4,,6.2,230,77,996.8,1004.6,.8,2.19,,8,,45.4
156,堡林,2022-08-15 14:00,32,,5.8,230,73,996.4,1004.2,.7,2.33,,8,,48.9
156,堡林,2022-08-15 15:00,32.8,,6.1,230,73,995.9,1003.6,.9,2.94,,9,,54.9
156,堡林,2022-08-15 16:00,31.2,,5.2,230,78,995.4,1003.2,.4,1.72,,7,,43.3
156,堡林,2022-08-15 17:00,30.5,,4.9,230,81,995.4,1003.2,.2,1.12,,10,,38.6
156,堡林,2022-08-15 18:00,29.7,,6.1,230,85,995,1002.8,.2,.65,,10,,34.6
156,堡林,2022-08-15 19:00,29,,5.7,230,89,994.8,1002.6,0,.24,,10,,31.4
156,堡林,2022-08-15 20:00,28.7,,5.1,230,94,995.5,1003.3,0,.06,,10,,30.2
156,堡林,2022-08-15 21:00,28.5,,6.7,230,95,995.8,1003.6,,,,9,,29.6
156,堡林,2022-08-15 22:00,28.3,,5.1,230,96,996,1003.8,,,,9,,29.2
156,堡林,2022-08-15 23:00,28.2,,4.9,230,97,996.1,1003.9,,,,8,,29
156,堡林,2022-08-16 00:00,27.8,,4.9,230,98,995.7,1003.6,,,,8,,28.2
156,堡林,2022-08-16 01:00,27.8,,4.6,230,98,995.2,1003.1,,,,9,,28.4
156,堡林,2022-08-16 02:00,27.6,,5,230,98,994.8,1002.7,,,,10,,28.2
156,堡林,2022-08-16 03:00,27.6,,4,230,98,995.4,1003.3,,,,9,,28.1
156,堡林,2022-08-16 04:00,27.4,,4.2,230,99,995.3,1003.2,,,,10,,27.9
156,堡林,2022-08-16 05:00,26.3,1.2,2.4,250,99,995.8,1003.7,,,,10,,27.1
156,堡林,2022-08-16 06:00,26.2,.4,1.9,250,99,995.9,1003.8,0,.05,,10,,27.1
156,堡林,2022-08-16 07:00,24.6,9.3,1.3,270,99,997,1004.9,0,.06,,10,,25.6
156,堡林,2022-08-16 08:00,24.9,2.7,.7,160,99,997.1,1005.1,0,.17,,10,,26.7
156,堡林,2022-08-16 09:00,25.6,.1,0,0,99,997.3,1005.3,0,.42,,10,,28.2
156,堡林,2022-08-16 10:00,25.9,.1,.7,230,99,997.7,1005.6,0,.49,,10,,29.3
156,堡林,2022-08-16 11:00,25.8,0,.8,200,99,997.8,1005.7,0,.37,,10,,28.3
156,堡林,2022-08-16 12:00,26.7,,1.2,200,99,997.2,1005.1,0,.68,,10,,31.2
156,堡林,2022-08-16 13:00,27.2,,2.5,230,99,996.8,1004.7,0,1.28,,10,,32.3
156,堡林,2022-08-16 14:00,27.3,0,1.3,250,99,996.8,1004.7,0,.61,,10,,30
156,堡林,2022-08-16 15:00,28,.1,.4,0,99,996.6,1004.5,0,.74,,10,,31.3
156,堡林,2022-08-16 16:00,27.2,0,1.9,230,99,996.6,1004.5,0,.57,,10,,30.1
156,堡林,2022-08-16 17:00,27,.1,1.4,230,99,996.8,1004.7,0,.22,,10,,28.7
156,堡林,2022-08-16 18:00,26.8,.1,1.2,250,99,997,1004.9,0,.16,,10,,28.1
156,堡林,2022-08-16 19:00,26,1.4,1.4,200,99,997,1004.9,0,.11,,10,,27.5
156,堡林,2022-08-16 20:00,25.8,.5,.9,230,99,997.7,1005.6,0,.05,,10,,27.1
156,堡林,2022-08-16 21:00,25.7,.1,0,0,99,997.8,1005.8,,,,10,,26.9
156,堡林,2022-08-16 22:00,25.6,.3,1,250,99,998.3,1006.3,,,,10,,26.7
156,堡林,2022-08-16 23:00,24.9,.4,0,0,99,997.8,1005.8,,,,9,,26.2
156,堡林,2022-08-17 00:00,25.2,.2,.6,270,99,997.9,1005.9,,,,9,,26
156,堡林,2022-08-17 01:00,24.4,,0,0,99,998,1005.9,,,,9,,25.9
156,堡林,2022-08-17 02:00,24.5,0,0,0,99,997.6,1005.5,,,,10,,25.9
156,堡林,2022-08-17 03:00,24.9,.1,.2,0,99,997.4,1005.4,,,,9,,25.9
156,堡林,2022-08-17 04:00,24.9,,0,0,99,997.7,1005.7,,,,8,,25.9
156,堡林,2022-08-17 05:00,24.9,,0,0,99,997.8,1005.8,,,,8,,25.7
156,堡林,2022-08-17 06:00,24.7,,0,0,99,997.9,1005.8,0,.06,,8,,25.6
156,堡林,2022-08-17 07:00,24.9,,.3,0,99,998.4,1006.4,0,.16,,10,,26.3
156,堡林,2022-08-17 08:00,25.3,,.4,0,99,998.6,1006.6,0,.29,,10,,27.3
156,堡林,2022-08-17 09:00,25.7,0,.9,50,99,998.4,1006.4,0,.42,,10,,28.3
156,堡林,2022-08-17 10:00,26.8,0,1.1,70,99,998.4,1006.3,0,.32,,10,,31.4
156,堡林,2022-08-17 11:00,27.1,0,1.2,50,99,998.4,1006.3,0,0,,10,,31.5
156,堡林,2022-08-17 12:00,27.2,0,.5,360,99,998.5,1006.4,0,0,,10,,30.6
156,堡林,2022-08-17 13:00,27.6,,1.1,230,99,998.2,1006.1,0,0,,10,,31.1
156,堡林,2022-08-17 14:00,28.3,,.6,250,91,997.9,1005.8,0,0,,6,,32.3
156,堡林,2022-08-17 15:00,28.6,,1.6,250,87,997.3,1005.1,0,0,,5,,31.8
156,堡林,2022-08-17 16:00,29.3,,2.3,250,81,997,1004.8,0,0,,7,,32
156,堡林,2022-08-17 17:00,29.4,,1.4,290,80,997.1,1004.9,0,0,,6,,31.5
156,堡林,2022-08-17 18:00,28.3,,1.1,340,79,997.5,1005.4,0,0,,3,,28.8
156,堡林,2022-08-17 19:00,26.5,,1,290,81,998,1005.9,0,0,,3,,25.7
156,堡林,2022-08-17 20:00,25.1,,.5,290,90,998.7,1006.7,0,0,,2,,24.3
156,堡林,2022-08-17 21:00,24.7,,.6,290,92,999.6,1007.5,,,,2,,23.6
156,堡林,2022-08-17 22:00,24.5,,.1,0,95,1000.2,1008.1,,,,7,,23.2
156,堡林,2022-08-17 23:00,24,,0,0,98,1000.3,1008.3,,,,7,,23
156,堡林,2022-08-18 00:00,23.7,,.8,70,98,1000.2,1008.2,,,,6,,22.7
156,堡林,2022-08-18 01:00,23.3,,.4,0,99,1000.1,1008.1,,,,8,,22.6
156,堡林,2022-08-18 02:00,22.9,,.3,0,99,1000,1008,,,,2,,22.5
156,堡林,2022-08-18 03:00,22.6,,.2,0,99,999.8,1007.8,,,,1,,22.2
156,堡林,2022-08-18 04:00,22,,.2,0,99,999.8,1007.9,,,,7,,21.7
156,堡林,2022-08-18 05:00,21.9,,.6,70,99,999.9,1008,,,,7,,21.5
156,堡林,2022-08-18 06:00,21.8,,.3,0,99,1000.2,1008.3,0,0,,7,,21.4
156,堡林,2022-08-18 07:00,22.2,,.9,50,99,1000.7,1008.8,0,0,,6,,22.7
156,堡林,2022-08-18 08:00,24.1,,0,0,99,1001.1,1009.1,0,0,,5,,24.5
156,堡林,2022-08-18 09:00,24.5,,.5,290,97,1001,1009,0,0,,4,,28
156,堡林,2022-08-18 10:00,25.4,,.6,70,92,1000.9,1008.9,0,0,,6,,28.8
156,堡林,2022-08-18 11:00,27.8,,1.4,90,74,1000.7,1008.6,0,0,,5,,39.3
156,堡林,2022-08-18 12:00,28.4,,1.7,50,67,1000.4,1008.3,0,0,,7,,38.8
156,堡林,2022-08-18 13:00,30.3,,.3,0,59,999.9,1007.7,0,0,,3,,43.5
156,堡林,2022-08-18 14:00,30,,.8,180,60,999.8,1007.7,0,0,,1,,38.4
156,堡林,2022-08-18 15:00,31.2,,1.5,230,57,999.6,1007.4,0,0,,4,,42.8
156,堡林,2022-08-18 16:00,31.3,,1.9,270,53,999.3,1007.1,0,0,,7,,42.7
156,堡林,2022-08-18 17:00,30.9,,2.1,250,57,999.3,1007.1,0,0,,3,,36
156,堡林,2022-08-18 18:00,29.2,,1.3,290,71,999.5,1007.3,0,0,,4,,31.6
156,堡林,2022-08-18 19:00,27.5,,.8,360,77,999.7,1007.6,0,0,,4,,28.3
156,堡林,2022-08-18 20:00,26.9,,1,250,80,1000,1007.9,0,0,,5,,26.4
156,堡林,2022-08-18 21:00,26.4,,1.3,270,79,1000.4,1008.3,,,,2,,25.5
156,堡林,2022-08-18 22:00,25.4,,1.5,200,91,1000.2,1008.2,,,,2,,24.3
156,堡林,2022-08-18 23:00,24.7,,.6,230,93,1000,1007.9,,,,7,,23.7
156,堡林,2022-08-19 00:00,24.6,,.6,230,95,999.8,1007.7,,,,5,,23.2
156,堡林,2022-08-19 01:00,23.8,,.7,200,98,999.6,1007.6,,,,7,,23
156,堡林,2022-08-19 02:00,23.2,,.5,180,99,998.9,1006.9,,,,6,,22.5
156,堡林,2022-08-19 03:00,23.2,,.2,0,99,998.5,1006.5,,,,5,,22.7
156,堡林,2022-08-19 04:00,22.9,,1,110,99,998.3,1006.3,,,,4,,22.6
156,堡林,2022-08-19 05:00,22.7,,0,0,99,998.3,1006.3,,,,4,,22.3
156,堡林,2022-08-19 06:00,23.2,,.4,0,99,998.6,1006.6,0,0,,7,,22.8
156,堡林,2022-08-19 07:00,23.2,,.3,0,98,998.2,1006.2,0,0,,6,,23.8
156,堡林,2022-08-19 08:00,24.8,,0,0,96,998.2,1006.1,0,.01,,7,,26.5
156,堡林,2022-08-19 09:00,26.3,,0,0,92,998.3,1006.2,.1,.92,,8,,29.2
156,堡林,2022-08-19 10:00,27.9,,.6,230,91,998,1005.9,.2,1.03,,8,,34.1
156,堡林,2022-08-19 11:00,29.9,,1.6,250,90,997.5,1005.3,.4,1.57,,8,,37.7
156,堡林,2022-08-19 12:00,30.4,,1.9,230,88,997.2,1005,.4,1.75,,8,,39
156,堡林,2022-08-19 13:00,31,,3.6,250,87,996.6,1004.4,.7,2.28,,7,,40.4
156,堡林,2022-08-19 14:00,31.2,,3.8,230,77,996.2,1004,.5,2.13,,9,,40.7
156,堡林,2022-08-19 15:00,31.5,,4.2,230,77,995.6,1003.4,.9,2.56,,8,,43.6
156,堡林,2022-08-19 16:00,31.8,,4.3,230,78,995.5,1003.3,.9,2.12,,8,,42.8
156,堡林,2022-08-19 17:00,30.3,,4.4,230,86,995.4,1003.2,.5,1.26,,9,,36.7
156,堡林,2022-08-19 18:00,29.4,,2.7,230,90,995.2,1003,0,.48,,10,,32.5
156,堡林,2022-08-19 19:00,28.8,,3.5,230,97,995.2,1003,0,.13,,10,,30.4
156,堡林,2022-08-19 20:00,28.3,,3.2,230,97,995.8,1003.6,0,.05,,10,,29
156,堡林,2022-08-19 21:00,27.8,,3.1,230,99,996.1,1004,,,,10,,28.2
156,堡林,2022-08-19 22:00,27.7,,3.6,230,99,996.5,1004.4,,,,10,,28
156,堡林,2022-08-19 23:00,27.4,,3.2,230,99,995.9,1003.8,,,,5,,27.7
156,堡林,2022-08-20 00:00,27.3,,3.2,230,99,995.8,1003.7,,,,7,,27.3
156,堡林,2022-08-20 01:00,27.3,,2,230,99,995.2,1003.1,,,,8,,27.3
156,堡林,2022-08-20 02:00,27.3,,2.5,230,99,994.9,1002.8,,,,5,,27.5
156,堡林,2022-08-20 03:00,27.3,,2.4,230,99,994.7,1002.6,,,,6,,27.3
156,堡林,2022-08-20 04:00,27.2,,2.9,230,99,994.6,1002.5,,,,3,,27.4
156,堡林,2022-08-20 05:00,27,,2.4,230,99,994.6,1002.5,,,,10,,27.4
156,堡林,2022-08-20 06:00,26.9,0,2.9,230,99,994.9,1002.8,0,.05,,10,,27.3
156,堡林,2022-08-20 07:00,26.6,.2,2,230,99,995.3,1003.2,0,.08,,10,,27.5
156,堡林,2022-08-20 08:00,26.8,0,1.7,230,99,995.5,1003.4,0,.12,,10,,27.8
156,堡林,2022-08-20 09:00,26.7,1,1.4,200,99,995.5,1003.4,0,.16,,10,,27.8
156,堡林,2022-08-20 10:00,26.7,14.2,.8,270,99,995.6,1003.5,0,.14,,10,,27.4
156,堡林,2022-08-20 11:00,25.8,13.4,.7,270,99,996,1003.9,0,.18,,10,,26.7
156,堡林,2022-08-20 12:00,26.1,3,.9,270,99,996,1003.9,0,.46,,10,,28.6
156,堡林,2022-08-20 13:00,27.6,.4,0,0,99,995.2,1003.1,0,1.15,,9,,33.1
156,堡林,2022-08-20 14:00,27.4,,.3,0,99,995,1002.9,0,1.08,,9,,31.1
156,堡林,2022-08-20 15:00,26.3,0,.4,0,99,995,1002.9,0,.24,,9,,28.5
156,堡林,2022-08-20 16:00,27.9,,.8,230,97,994.6,1002.4,.1,.87,,9,,32.5
156,堡林,2022-08-20 17:00,27.8,,1.1,230,97,994.5,1002.3,.3,1.12,,8,,30.5
156,堡林,2022-08-20 18:00,28.8,,.2,0,94,994.3,1002.1,.3,.54,,3,,29.4
156,堡林,2022-08-20 19:00,27.5,,.7,320,98,994.8,1002.7,.7,.36,,5,,27.3
156,堡林,2022-08-20 20:00,26.3,,1,290,99,995.2,1003.1,0,.06,,6,,26
156,堡林,2022-08-20 21:00,25.6,,.6,290,99,996.1,1004,,,,3,,25.2
156,堡林,2022-08-20 22:00,25.1,,.7,250,99,996.3,1004.3,,,,4,,25
156,堡林,2022-08-20 23:00,24.9,,.6,250,99,996.4,1004.4,,,,5,,24.3
156,堡林,2022-08-21 00:00,24.8,,.7,270,99,996.2,1004.1,,,,1,,25
156,堡林,2022-08-21 01:00,24.7,,0,0,99,996.1,1004,,,,6,,24.9
156,堡林,2022-08-21 02:00,24.6,,0,0,99,995.9,1003.8,,,,8,,25.3
156,堡林,2022-08-21 03:00,24.5,,.3,0,99,995.7,1003.6,,,,8,,25.5
156,堡林,2022-08-21 04:00,24.5,,.8,70,99,996,1003.9,,,,8,,25.4
156,堡林,2022-08-21 05:00,24.3,,1.1,70,99,996.4,1004.3,,,,7,,25.4
156,堡林,2022-08-21 06:00,24.2,,.5,50,99,996.7,1004.6,0,.05,,9,,25.4
156,堡林,2022-08-21 07:00,24.4,,.7,70,99,997.3,1005.2,.1,.19,,4,,25.5
156,堡林,2022-08-21 08:00,25.8,,0,0,98,997.6,1005.5,.8,.75,,4,,26.6
156,堡林,2022-08-21 09:00,26.9,,.1,0,95,997.9,1005.8,1,1.46,,8,,30.2
156,堡林,2022-08-21 10:00,27.9,,.4,0,95,998.1,1006,.3,1.47,,7,,32.8
156,堡林,2022-08-21 11:00,28.8,,.6,320,86,998,1005.8,.6,1.95,,8,,36.8
156,堡林,2022-08-21 12:00,30.2,,.7,320,82,997.5,1005.3,.6,2.1,,7,,37.5
156,堡林,2022-08-21 13:00,31.3,,.6,270,73,997.1,1004.9,.7,2.59,,8,,41.3
156,堡林,2022-08-21 14:00,30,,.7,320,73,996.8,1004.6,.2,1.36,,9,,34.9
156,堡林,2022-08-21 15:00,31.6,,1.4,230,68,996.5,1004.3,.5,1.78,,6,,38
156,堡林,2022-08-21 16:00,31.1,,1.1,250,76,996.3,1004.1,.8,2.2,,8,,37.7
156,堡林,2022-08-21 17:00,29.8,,.9,270,81,996.3,1004.1,.4,1.23,,9,,34
156,堡林,2022-08-21 18:00,29.5,,.2,0,84,996.2,1004,.4,.59,,9,,31.8
156,堡林,2022-08-21 19:00,28.2,,.9,290,89,996.7,1004.6,.3,.33,,8,,29.9
156,堡林,2022-08-21 20:00,27.3,,.6,290,96,997.4,1005.3,0,.05,,7,,28.1
156,堡林,2022-08-21 21:00,26.8,,.6,250,97,998.1,1006,,,,8,,27.2
156,堡林,2022-08-21 22:00,26,,1,230,99,998.2,1006.1,,,,1,,26.4
156,堡林,2022-08-21 23:00,25.7,,.5,250,99,998.2,1006.2,,,,5,,25.8
156,堡林,2022-08-22 00:00,25.4,,1.8,230,99,998,1006,,,,5,,25.5
156,堡林,2022-08-22 01:00,25.3,,.6,230,99,997.7,1005.7,,,,7,,25
156,堡林,2022-08-22 02:00,25.2,,.6,250,99,997.3,1005.3,,,,6,,24.7
156,堡林,2022-08-22 03:00,25.1,,0,0,99,997.2,1005.2,,,,6,,25.4
156,堡林,2022-08-22 04:00,25,,0,0,99,997.1,1005.1,,,,8,,25.7
156,堡林,2022-08-22 05:00,24.7,,.4,0,99,996.9,1004.8,,,,8,,24.8
156,堡林,2022-08-22 06:00,24.1,,0,0,99,997,1004.9,0,.05,,9,,24.4
156,堡林,2022-08-22 07:00,24.6,,.2,0,99,997.7,1005.6,0,.19,,4,,25
156,堡林,2022-08-22 08:00,25.6,,.1,0,99,997.9,1005.9,.6,.68,,5,,26.6
156,堡林,2022-08-22 09:00,27.3,,.5,90,96,998.1,1006,.6,1.34,,5,,29.3
156,堡林,2022-08-22 10:00,28.6,,1.2,200,74,997.6,1005.4,.9,2.04,,3,,43
156,堡林,2022-08-22 11:00,30,,1.6,230,73,997.2,1005,1,2.85,,5,,47.9
156,堡林,2022-08-22 12:00,30.9,,2,230,63,996.7,1004.5,1,3.36,,6,,56.6
156,堡林,2022-08-22 13:00,31.9,,2.6,230,60,996.5,1004.3,1,3.45,,3,,55.9
156,堡林,2022-08-22 14:00,32.5,,2.2,230,56,996.3,1004.1,1,3.32,,2,,56
156,堡林,2022-08-22 15:00,32.1,,2,230,53,995.9,1003.7,1,2.99,,4,,53.1
156,堡林,2022-08-22 16:00,32.3,,2.5,230,54,996.1,1003.9,1,2.33,,8,,49.9
156,堡林,2022-08-22 17:00,30.3,,2.6,270,61,996.2,1004,.7,1.25,,8,,35.4
156,堡林,2022-08-22 18:00,30.1,,1.5,250,67,996.2,1004,.3,.72,,9,,33.7
156,堡林,2022-08-22 19:00,28.6,,1.8,270,78,996.5,1004.3,0,.25,,6,,28.9
156,堡林,2022-08-22 20:00,27.9,,1.4,250,83,997.4,1005.3,0,.05,,5,,27
156,堡林,2022-08-22 21:00,27.6,,1.8,200,84,997.6,1005.5,,,,8,,26.6
156,堡林,2022-08-22 22:00,27,,.8,200,89,997.7,1005.6,,,,9,,26.3
156,堡林,2022-08-22 23:00,26.6,,.3,0,91,997.7,1005.6,,,,8,,25.7
156,堡林,2022-08-23 00:00,26.8,,1.2,200,87,997.7,1005.6,,,,10,,26
156,堡林,2022-08-23 01:00,26.2,,.7,230,90,997.8,1005.7,,,,10,,25.7
156,堡林,2022-08-23 02:00,26.2,,.1,0,90,997.3,1005.2,,,,10,,25.8
156,堡林,2022-08-23 03:00,25.9,,.6,200,92,997.3,1005.2,,,,10,,25.7
156,堡林,2022-08-23 04:00,26,,0,0,91,997.2,1005.1,,,,10,,25.7
156,堡林,2022-08-23 05:00,25.8,0,.1,0,95,997.3,1005.2,,,,10,,25.7
156,堡林,2022-08-23 06:00,25.4,0,.3,0,99,997.8,1005.8,0,.05,,10,,25.6
156,堡林,2022-08-23 07:00,25.6,,.6,90,99,998,1006,0,.13,,10,,26.4
156,堡林,2022-08-23 08:00,26.4,,0,0,97,998.2,1006.1,0,.32,,10,,28.4
156,堡林,2022-08-23 09:00,27.3,,1.4,200,97,998.5,1006.4,0,.51,,10,,31
156,堡林,2022-08-23 10:00,27.5,,1.4,250,91,999.1,1007,0,.84,,10,,31.7
156,堡林,2022-08-23 11:00,27.6,,2.3,230,96,999,1006.9,0,.53,,9,,31.9
156,堡林,2022-08-23 12:00,27.9,,1,200,96,998.5,1006.4,0,.66,,10,,32.6
156,堡林,2022-08-23 13:00,28.4,,1.6,200,97,998.1,1006,0,.98,,10,,34.9
156,堡林,2022-08-23 14:00,28,0,1.5,250,98,998.1,1006,0,.49,,10,,31.9
156,堡林,2022-08-23 15:00,28.4,0,2.2,230,99,997.7,1005.6,0,.6,,10,,32.9
156,堡林,2022-08-23 16:00,28.3,0,1.9,230,99,997.3,1005.2,0,.62,,10,,31
156,堡林,2022-08-23 17:00,27.3,.5,1.2,290,99,997.6,1005.5,0,.27,,10,,28.8
156,堡林,2022-08-23 18:00,26.8,0,.6,340,99,997.6,1005.5,0,.2,,10,,28.1
156,堡林,2022-08-23 19:00,25.1,22.2,1.7,50,99,997.9,1005.9,0,.07,,10,,25.4
156,堡林,2022-08-23 20:00,25.3,2,.7,90,99,998.5,1006.5,0,.06,,10,,26
156,堡林,2022-08-23 21:00,25.3,0,.2,0,99,999,1007,,,,10,,26.2
156,堡林,2022-08-23 22:00,25.2,,.1,0,99,999.2,1007.2,,,,10,,26.2
156,堡林,2022-08-23 23:00,24.8,,.5,290,99,999,1006.9,,,,7,,25.9
156,堡林,2022-08-24 00:00,24.6,,.3,0,99,999,1006.9,,,,9,,25.6
156,堡林,2022-08-24 01:00,24.3,,.2,0,99,998.9,1006.8,,,,9,,25.3
156,堡林,2022-08-24 02:00,23.6,.1,.3,0,99,998.8,1006.8,,,,10,,24.9
156,堡林,2022-08-24 03:00,23.3,.4,0,0,99,998.5,1006.5,,,,10,,24.9
156,堡林,2022-08-24 04:00,22.9,1.2,.1,0,99,998.4,1006.4,,,,10,,24.6
156,堡林,2022-08-24 05:00,23.3,.7,0,0,99,998.4,1006.4,,,,10,,24.9
156,堡林,2022-08-24 06:00,23.4,,0,0,99,998.8,1006.8,0,.06,,9,,24.8
156,堡林,2022-08-24 07:00,23.4,,.6,270,99,999.2,1007.2,0,.09,,8,,25.1
156,堡林,2022-08-24 08:00,23.6,,1.1,250,99,999.8,1007.8,0,.29,,10,,26.2
156,堡林,2022-08-24 09:00,24.3,,.7,270,99,999.9,1007.9,0,.73,,7,,28.5
156,堡林,2022-08-24 10:00,25.6,,0,0,98,1000.6,1008.6,0,1.19,,10,,31.3
156,堡林,2022-08-24 11:00,26.4,,.1,0,97,1000.4,1008.3,.1,1.43,,10,,32.2
156,堡林,2022-08-24 12:00,26.9,,.7,110,91,999.7,1007.6,0,1.18,,10,,33.2
156,堡林,2022-08-24 13:00,27.9,,.8,110,92,999.2,1007.1,.2,1.51,,8,,34.6
156,堡林,2022-08-24 14:00,29.9,,1.2,230,73,998.7,1006.5,.8,2.67,,6,,40.5
156,堡林,2022-08-24 15:00,30.6,,2.3,230,68,998.1,1005.9,.6,2.22,,8,,40.3
156,堡林,2022-08-24 16:00,28.6,,1.3,270,76,997.8,1005.6,.3,1.42,,8,,32.9
156,堡林,2022-08-24 17:00,28,,.6,340,80,998.2,1006.1,.4,1.2,,7,,30.6
156,堡林,2022-08-24 18:00,28.3,,1.4,250,75,998.2,1006.1,.9,1.01,,6,,29.7
156,堡林,2022-08-24 19:00,26.6,,1.3,270,84,998.6,1006.5,.6,.29,,4,,26.3
156,堡林,2022-08-24 20:00,25.6,,1.3,250,89,999.1,1007.1,0,.06,,3,,25
156,堡林,2022-08-24 21:00,25.3,,1,230,89,999.7,1007.7,,,,8,,25.2
156,堡林,2022-08-24 22:00,24.5,,1.6,230,94,1000,1007.9,,,,4,,24.6
156,堡林,2022-08-24 23:00,24,,1.8,230,93,1000.2,1008.2,,,,4,,24.4
156,堡林,2022-08-25 00:00,23.6,,.7,230,94,1000.3,1008.3,,,,3,,23.5
156,堡林,2022-08-25 01:00,23.3,,1.8,230,96,1000,1008,,,,5,,23
156,堡林,2022-08-25 02:00,22.9,,1.2,200,97,999.9,1007.9,,,,6,,22.5
156,堡林,2022-08-25 03:00,23,,1.1,200,98,999.9,1007.9,,,,7,,22.9
156,堡林,2022-08-25 04:00,22.7,,1.1,200,99,999.8,1007.8,,,,5,,22.3
156,堡林,2022-08-25 05:00,22.2,,.2,0,99,1000,1008,,,,7,,22
156,堡林,2022-08-25 06:00,22,,0,0,99,1000.1,1008.2,0,.05,,5,,22
156,堡林,2022-08-25 07:00,22.3,,.5,230,99,1000.5,1008.5,.1,.16,,4,,22.5
156,堡林,2022-08-25 08:00,23.5,,0,0,98,1000.7,1008.7,.7,.71,,3,,26.3
156,堡林,2022-08-25 09:00,25,,1,230,91,1000.7,1008.7,.8,1.46,,3,,33.3
156,堡林,2022-08-25 10:00,25.4,,.6,250,87,1000.5,1008.5,.8,1.86,,3,,34
156,堡林,2022-08-25 11:00,27,,1.3,230,78,1000.5,1008.4,.9,2.65,,7,,42.1
156,堡林,2022-08-25 12:00,28.1,,.9,270,70,999.9,1007.8,.8,2.63,,7,,43.9
156,堡林,2022-08-25 13:00,27.8,,.9,360,73,999.1,1007,.6,2.4,,7,,37.5
156,堡林,2022-08-25 14:00,29.1,,1.3,320,64,998.5,1006.3,.7,2.15,,7,,42.2
156,堡林,2022-08-25 15:00,29.6,,1.1,290,60,998.3,1006.1,1,2.97,,5,,44.8
156,堡林,2022-08-25 16:00,29.1,,1.1,320,64,998.3,1006.1,1,2.3,,8,,40.8
156,堡林,2022-08-25 17:00,27.3,,1.2,320,62,999.1,1007,.3,1.23,,9,,35.1
156,堡林,2022-08-25 18:00,25.6,,2.1,20,66,999.4,1007.4,.5,.86,,8,,29.3
156,堡林,2022-08-25 19:00,24.7,,1,320,68,999.4,1007.3,0,.19,,5,,25.4
156,堡林,2022-08-25 20:00,23.9,,.5,50,70,999.8,1007.8,0,.05,,5,,24
156,堡林,2022-08-25 21:00,24,,1.1,50,68,1000.8,1008.8,,,,7,,23.8
156,堡林,2022-08-25 22:00,23,,1.8,70,73,1000.9,1008.9,,,,8,,23.4
156,堡林,2022-08-25 23:00,22.2,,2.5,70,71,1000.7,1008.8,,,,9,,22.8
156,堡林,2022-08-26 00:00,22,,1.1,70,70,1000.7,1008.8,,,,7,,22.4
156,堡林,2022-08-26 01:00,21.9,,1.4,70,71,1000.5,1008.6,,,,8,,22.3
156,堡林,2022-08-26 02:00,21.7,,.6,50,72,1000.2,1008.3,,,,10,,21.7
156,堡林,2022-08-26 03:00,21.4,,1,50,76,999.6,1007.7,,,,9,,21.2
156,堡林,2022-08-26 04:00,21.7,,.7,70,73,999.5,1007.6,,,,9,,21.8
156,堡林,2022-08-26 05:00,21.9,,1.2,50,73,999.7,1007.8,,,,9,,21.9
156,堡林,2022-08-26 06:00,21.4,,1.3,70,79,1000.2,1008.3,,.05,,7,,21.9
156,堡林,2022-08-26 07:00,21.3,,1.5,70,77,1000,1008.1,.1,.18,,6,,21.6
156,堡林,2022-08-26 08:00,22.8,,1.6,50,70,1000.7,1008.7,1,.87,,0,,24
156,堡林,2022-08-26 09:00,23.8,,1.8,70,63,1000.5,1008.5,1,1.66,,2,,32.7
156,堡林,2022-08-26 10:00,25.3,,1.5,70,62,1000.4,1008.4,1,2.38,,2,,37.4
156,堡林,2022-08-26 11:00,26.2,,.7,360,59,1000.2,1008.2,1,2.91,,0,,44.3
156,堡林,2022-08-26 12:00,27.1,,1.8,20,57,1000.1,1008,1,3.2,,0,,49.3
156,堡林,2022-08-26 13:00,27.8,,.6,110,56,999.2,1007.1,1,3.43,,0,,52.7
156,堡林,2022-08-26 14:00,28.6,,1.1,360,51,999,1006.9,1,3.3,,0,,53
156,堡林,2022-08-26 15:00,28.9,,1.5,320,52,998.4,1006.2,1,3,,0,,51
156,堡林,2022-08-26 16:00,28.8,,1.3,290,55,998.2,1006,1,2.5,,0,,45.1
156,堡林,2022-08-26 17:00,27.9,,1.5,290,59,998.4,1006.3,1,1.68,,3,,35.9
156,堡林,2022-08-26 18:00,26.9,,1.1,340,68,998.7,1006.6,.7,.75,,7,,31.6
156,堡林,2022-08-26 19:00,25,,1.3,340,76,999.1,1007.1,.6,.33,,0,,27
156,堡林,2022-08-26 20:00,24.2,,1,320,79,999.5,1007.5,0,.05,,2,,24.9
156,堡林,2022-08-26 21:00,23.6,,.2,0,84,1000.3,1008.3,,,,4,,23.9
156,堡林,2022-08-26 22:00,23.1,,1,50,88,1001.1,1009.1,,,,3,,23.2
156,堡林,2022-08-26 23:00,23,,.5,50,87,1001.1,1009.1,,,,2,,22.7
156,堡林,2022-08-27 00:00,22.5,,.2,0,91,1001.5,1009.5,,,,2,,22.4
156,堡林,2022-08-27 01:00,22.3,,0,0,93,1001.3,1009.4,,,,3,,21.9
156,堡林,2022-08-27 02:00,22.3,,.6,230,96,1001.1,1009.2,,,,6,,22.2
156,堡林,2022-08-27 03:00,21.8,,.1,0,98,1000.8,1008.9,,,,0,,21.5
156,堡林,2022-08-27 04:00,21.5,,0,0,99,1001.1,1009.2,,,,2,,21.1
156,堡林,2022-08-27 05:00,21.5,,.1,0,99,1001.4,1009.5,,,,1,,22
156,堡林,2022-08-27 06:00,21.2,,0,0,99,1001.5,1009.6,,,,10,,22.3
156,堡林,2022-08-27 07:00,22,,0,0,99,1001.6,1009.7,0,.1,,10,,23
156,堡林,2022-08-27 08:00,22,,1,270,98,1001.9,1010,0,.25,,10,,24.1
156,堡林,2022-08-27 09:00,23,,1.2,250,97,1001.8,1009.8,0,.65,,10,,28
156,堡林,2022-08-27 10:00,23.6,,.9,270,94,1002.1,1010.1,0,1.05,,10,,31.5
156,堡林,2022-08-27 11:00,24.8,,.5,230,83,1002,1009.9,.2,1.7,,10,,34.7
156,堡林,2022-08-27 12:00,25.6,,1.4,270,70,1002,1010,.2,1.84,,3,,41.6
156,堡林,2022-08-27 13:00,26.1,,1.2,230,50,1001.8,1009.8,.9,2.96,,4,,50.1
156,堡林,2022-08-27 14:00,25.8,,1.4,230,54,1001.9,1009.9,.9,3.1,,8,,44.4
156,堡林,2022-08-27 15:00,25.3,,1.4,230,43,1001.7,1009.7,.3,1.47,,8,,37.5
156,堡林,2022-08-27 16:00,25.8,,2.1,180,46,1001.4,1009.4,.9,2.31,,0,,40.8
156,堡林,2022-08-27 17:00,25.8,,1.1,230,47,1001.8,1009.8,1,1.87,,0,,32.7
156,堡林,2022-08-27 18:00,24.8,,1.4,200,49,1002.4,1010.3,1,1.06,,3,,26.9
156,堡林,2022-08-27 19:00,23,,1.7,200,57,1002.9,1010.9,.7,.32,,0,,23.4
156,堡林,2022-08-27 20:00,21.8,,1.4,200,65,1003.7,1011.8,0,.05,,1,,21.6
156,堡林,2022-08-27 21:00,20.8,,.9,200,70,1004.2,1012.3,,,,0,,20.3
156,堡林,2022-08-27 22:00,19.7,,1.5,230,77,1004.4,1012.5,,,,0,,19.6
156,堡林,2022-08-27 23:00,19.3,,1.5,230,81,1004.6,1012.7,,,,0,,19
156,堡林,2022-08-28 00:00,19.5,,1.9,200,78,1005,1013.1,,,,0,,18.7
156,堡林,2022-08-28 01:00,18.7,,1.7,230,82,1004.7,1012.9,,,,8,,18.8
156,堡林,2022-08-28 02:00,18.2,,1.5,200,84,1004.9,1013.1,,,,6,,18
156,堡林,2022-08-28 03:00,18.3,,1.7,230,84,1005.4,1013.6,,,,0,,17.2
156,堡林,2022-08-28 04:00,18,,2.2,230,87,1005,1013.2,,,,4,,17.1
156,堡林,2022-08-28 05:00,17.7,,1.2,230,85,1005.3,1013.5,,,,6,,17.5
156,堡林,2022-08-28 06:00,18.3,,1.4,200,83,1005.8,1014,,,,8,,18.2
156,堡林,2022-08-28 07:00,18.8,,1,230,82,1006.5,1014.7,0,.14,,10,,19.4
156,堡林,2022-08-28 08:00,19.6,,1.2,230,76,1006.7,1014.8,0,.47,,8,,22.2
156,堡林,2022-08-28 09:00,20.8,,1.8,230,70,1006.9,1015.1,.4,1.16,,7,,29.2
156,堡林,2022-08-28 10:00,22.5,,.8,230,66,1006.9,1015,1,2.1,,7,,36.8
156,堡林,2022-08-28 11:00,24.6,,1,230,55,1007,1015,1,2.74,,6,,43.6
156,堡林,2022-08-28 12:00,26.5,,.6,250,51,1006.7,1014.7,1,2.97,,7,,47.8
156,堡林,2022-08-28 13:00,27.2,,2.9,230,49,1006.5,1014.5,1,2.92,,7,,51.2
156,堡林,2022-08-28 14:00,27.6,,2,230,49,1006.1,1014,.9,2.54,,7,,47.5
156,堡林,2022-08-28 15:00,27.6,,2.1,230,47,1005.5,1013.4,1,2.89,,6,,46.1
156,堡林,2022-08-28 16:00,28.4,,1.8,230,47,1005.2,1013.1,1,2.41,,7,,43.5
156,堡林,2022-08-28 17:00,26.6,,1.8,230,53,1005,1013,.3,1.06,,7,,34.9
156,堡林,2022-08-28 18:00,25.6,,2,230,56,1005.5,1013.5,.1,.55,,9,,29.6
156,堡林,2022-08-28 19:00,24.9,,2,230,57,1006.1,1014.1,.2,.23,,10,,26.9
156,堡林,2022-08-28 20:00,24.5,,1.7,230,58,1006.6,1014.6,0,.05,,9,,25.2
156,堡林,2022-08-28 21:00,23.8,,.2,0,65,1006.7,1014.7,,,,9,,24.1
156,堡林,2022-08-28 22:00,23.4,,1,230,67,1006.7,1014.7,,,,9,,24
156,堡林,2022-08-28 23:00,22.6,,.9,230,70,1006.9,1015,,,,9,,23.1
156,堡林,2022-08-29 00:00,22.6,,.9,250,80,1006.9,1015,,,,0,,23
156,堡林,2022-08-29 01:00,22,,.1,0,83,1006.7,1014.8,,,,9,,21.9
156,堡林,2022-08-29 02:00,21.3,,.7,250,90,1006.5,1014.6,,,,8,,21.1
156,堡林,2022-08-29 03:00,20.4,,.7,140,88,1006.3,1014.5,,,,7,,20.4
156,堡林,2022-08-29 04:00,20.3,,1.2,140,88,1006.5,1014.7,,,,9,,20.5
156,堡林,2022-08-29 05:00,19.9,,1,90,92,1006.5,1014.7,,,,7,,20.5
156,堡林,2022-08-29 06:00,20,,1.1,70,90,1006.3,1014.5,,,,5,,20.1
156,堡林,2022-08-29 07:00,20.1,,1.1,70,90,1006.5,1014.7,0,.14,,9,,21.8
156,堡林,2022-08-29 08:00,20.7,,1.7,90,85,1006.4,1014.6,0,.47,,10,,24.3
156,堡林,2022-08-29 09:00,21.2,,1.6,70,82,1006.7,1014.8,0,.52,,9,,25.1
156,堡林,2022-08-29 10:00,22.1,,1,70,78,1007.3,1015.4,0,.64,,8,,27.6
156,堡林,2022-08-29 11:00,23.2,,1.9,90,78,1007.8,1015.9,0,1.02,,10,,30.9
156,堡林,2022-08-29 12:00,21.2,0,1.6,70,91,1007.6,1015.8,0,.52,,10,,25
156,堡林,2022-08-29 13:00,22.2,0,2,90,94,1007.2,1015.3,0,.73,,10,,27.9
156,堡林,2022-08-29 14:00,22.4,0,2.5,90,89,1006.7,1014.8,0,.91,,10,,27.1
156,堡林,2022-08-29 15:00,22.6,0,2,90,88,1006.1,1014.2,0,.66,,10,,26.5
156,堡林,2022-08-29 16:00,22.8,,2.1,70,90,1005.8,1013.9,0,.44,,10,,26.8
156,堡林,2022-08-29 17:00,23.3,,2,70,88,1005.5,1013.5,0,.49,,10,,28.1
156,堡林,2022-08-29 18:00,23.2,,1.9,70,83,1005.7,1013.7,0,.37,,10,,26.2
156,堡林,2022-08-29 19:00,22.8,,1.4,70,88,1005.5,1013.6,0,.15,,10,,24
156,堡林,2022-08-29 20:00,22.8,,1.3,70,90,1006,1014.1,0,.06,,10,,23.8
156,堡林,2022-08-29 21:00,22.6,,.8,50,92,1006.7,1014.8,,,,9,,23.6
156,堡林,2022-08-29 22:00,22.5,,1.2,90,92,1006.3,1014.4,,,,8,,23
156,堡林,2022-08-29 23:00,22.4,,.9,70,92,1005.8,1013.9,,,,3,,23
156,堡林,2022-08-30 00:00,22.4,,.4,0,93,1006,1014.1,,,,0,,23
156,堡林,2022-08-30 01:00,22.2,,.5,70,94,1005.6,1013.7,,,,9,,22.9
156,堡林,2022-08-30 02:00,22.4,,.1,0,95,1005,1013.1,,,,7,,23.2
156,堡林,2022-08-30 03:00,22.3,,.7,50,96,1004.3,1012.4,,,,7,,23.2
156,堡林,2022-08-30 04:00,22.3,,0,0,97,1003.6,1011.7,,,,10,,23.1
156,堡林,2022-08-30 05:00,22,,.1,0,97,1003.2,1011.3,,,,10,,23
156,堡林,2022-08-30 06:00,22.2,,.1,0,98,1003,1011.1,,,,10,,22.6
156,堡林,2022-08-30 07:00,22.5,,.6,90,98,1003.2,1011.3,0,.12,,10,,23.6
156,堡林,2022-08-30 08:00,24.1,,.2,0,93,1003,1011,.1,.6,,10,,28.2
156,堡林,2022-08-30 09:00,24.8,,.8,140,93,1002.5,1010.4,0,.66,,10,,28.7
156,堡林,2022-08-30 10:00,25.9,,.2,0,91,1002.9,1010.9,0,.69,,9,,32.5
156,堡林,2022-08-30 11:00,26.2,,.9,230,93,1002.3,1010.3,0,.69,,8,,30.6
156,堡林,2022-08-30 12:00,27.1,,2.9,230,91,1002.1,1010,0,.92,,6,,33.9
156,堡林,2022-08-30 13:00,27.6,,2.6,200,90,1001.3,1009.2,0,1.26,,9,,38.6
156,堡林,2022-08-30 14:00,26.7,0,1.3,230,97,1000.8,1008.7,0,.86,,10,,31.5
156,堡林,2022-08-30 15:00,26.4,0,1.4,200,98,1000.6,1008.5,0,.43,,10,,29.6
156,堡林,2022-08-30 16:00,26.7,.1,1.6,200,98,999.6,1007.5,0,.51,,10,,29.5
156,堡林,2022-08-30 17:00,27,0,2.4,200,97,999.2,1007.1,0,.59,,10,,29.3
156,堡林,2022-08-30 18:00,26.7,,2,200,98,999.2,1007.1,0,.35,,10,,28.3
156,堡林,2022-08-30 19:00,26.4,,2.7,200,98,999.4,1007.3,0,.19,,8,,26.8
156,堡林,2022-08-30 20:00,24.8,1.2,.8,200,99,999.7,1007.6,0,.05,,10,,25.7
156,堡林,2022-08-30 21:00,25,0,2,200,99,999.9,1007.9,,,,10,,25.1
156,堡林,2022-08-30 22:00,24.5,0,.9,200,99,999.6,1007.5,,,,10,,25
156,堡林,2022-08-30 23:00,24.6,0,1.7,200,99,999.2,1007.1,,,,10,,24.8
156,堡林,2022-08-31 00:00,24.1,0,1.1,230,99,998.9,1006.9,,,,10,,24.8
156,堡林,2022-08-31 01:00,23.6,2.2,1.3,230,99,999,1007,,,,10,,24.6
156,堡林,2022-08-31 02:00,23.5,.2,.7,250,99,998.8,1006.8,,,,10,,24.6
156,堡林,2022-08-31 03:00,23.4,,1,230,99,998.4,1006.4,,,,9,,24.4
156,堡林,2022-08-31 04:00,23.1,.2,.5,270,99,998.3,1006.3,,,,10,,24.3
156,堡林,2022-08-31 05:00,22.6,.1,.3,0,99,998.6,1006.6,,,,10,,23.9
156,堡林,2022-08-31 06:00,22,.7,.5,270,99,999.4,1007.5,,,,10,,23.3
156,堡林,2022-08-31 07:00,21.9,.3,.1,0,99,999.5,1007.6,0,.08,,10,,23.4
156,堡林,2022-08-31 08:00,21.8,.7,1.3,290,99,999.5,1007.6,0,.25,,10,,24.5
156,堡林,2022-08-31 09:00,21.8,,.9,50,99,1000.4,1008.5,0,.38,,9,,24.6
156,堡林,2022-08-31 10:00,22.9,,1.3,90,99,1000.6,1008.6,0,.93,,8,,28
156,堡林,2022-08-31 11:00,23.1,,.6,110,98,1000.8,1008.8,0,.92,,8,,27.2
156,堡林,2022-08-31 12:00,23.8,,.7,180,93,1000.4,1008.4,0,.96,,9,,28.4
156,堡林,2022-08-31 13:00,24.3,,1.6,140,85,999.9,1007.9,0,1.47,,8,,29.8
156,堡林,2022-08-31 14:00,26,,2.7,140,77,999.8,1007.8,.4,2.05,,9,,34.8
156,堡林,2022-08-31 15:00,25.7,,2.1,160,73,999.6,1007.6,.6,1.86,,9,,31.1
156,堡林,2022-08-31 16:00,25.8,,1.4,140,72,999.4,1007.4,.7,2.22,,8,,31.2
156,堡林,2022-08-31 17:00,25.3,,1.1,140,74,999.7,1007.7,.7,1.21,,6,,27.2
156,堡林,2022-08-31 18:00,24.6,,1.7,140,83,1000,1007.9,.4,.62,,8,,25.9
156,堡林,2022-08-31 19:00,23.2,,1.5,200,92,1000.3,1008.3,0,.16,,9,,23.6
156,堡林,2022-08-31 20:00,22.4,,.5,90,97,1000.8,1008.8,0,.05,,8,,22.5
156,堡林,2022-08-31 21:00,21.7,,.4,0,98,1001.5,1009.6,,,,8,,22
156,堡林,2022-08-31 22:00,21.6,,1,70,98,1001.9,1010,,,,9,,21.6
156,堡林,2022-08-31 23:00,21.6,,.7,70,99,1002.4,1010.5,,,,8,,21.4
156,堡林,2022-09-01 00:00,21.3,,.8,70,99,1002.7,1010.8,,,,8,,21
156,堡林,2022-09-01 01:00,21.2,,.8,110,99,1002.2,1010.3,,,,10,,21.2
156,堡林,2022-09-01 02:00,20.9,,.5,70,99,1002.6,1010.7,,,,8,,20.7
156,堡林,2022-09-01 03:00,20.9,,.5,90,99,1002.8,1010.9,,,,8,,21.2
156,堡林,2022-09-01 04:00,20.4,,1,70,99,1003.1,1011.3,,,,4,,20.4
156,堡林,2022-09-01 05:00,21.1,,.8,50,99,1003.2,1011.3,,,,8,,21.3
156,堡林,2022-09-01 06:00,20.2,,1.8,70,99,1003.5,1011.7,,,,6,,20.5
156,堡林,2022-09-01 07:00,21,,1.5,90,99,1004.1,1012.2,.4,.25,,4,,21.6
156,堡林,2022-09-01 08:00,22,,1.8,110,98,1004.4,1012.5,.7,.75,,8,,23.7
156,堡林,2022-09-01 09:00,22.4,,2.6,70,97,1004.7,1012.8,.1,.66,,8,,25.4
156,堡林,2022-09-01 10:00,23.6,,2.5,110,91,1005.7,1013.7,.1,.95,,10,,27.7
156,堡林,2022-09-01 11:00,24.1,,1.3,140,88,1005.5,1013.5,0,1.16,,10,,29.3
156,堡林,2022-09-01 12:00,24.8,,1.3,140,85,1005.2,1013.2,.2,1.55,,9,,30.9
156,堡林,2022-09-01 13:00,24.8,,1.7,140,86,1004.6,1012.6,.3,1.51,,10,,28.8
156,堡林,2022-09-01 14:00,25.1,,1.7,140,84,1004.8,1012.8,0,.95,,10,,28.7
156,堡林,2022-09-01 15:00,24.1,,1.5,140,90,1004.4,1012.4,0,.43,,10,,25.6
156,堡林,2022-09-01 16:00,24,,1.7,110,88,1004.4,1012.4,0,.32,,10,,24.9
156,堡林,2022-09-01 17:00,24.1,,1.4,110,89,1004.8,1012.8,0,.27,,10,,24.6
156,堡林,2022-09-01 18:00,24.6,,1.6,110,88,1005.1,1013.1,.1,.44,,8,,25.1
156,堡林,2022-09-01 19:00,23.5,,1.5,110,96,1005,1013,0,.23,,9,,23.3
156,堡林,2022-09-01 20:00,23.1,,.7,90,98,1005.4,1013.4,0,.05,,8,,22.4
156,堡林,2022-09-01 21:00,22.4,,1.1,70,97,1005.9,1014,,,,8,,21.3
156,堡林,2022-09-01 22:00,21.8,,1.8,70,98,1006.1,1014.2,,,,5,,20.5
156,堡林,2022-09-01 23:00,21.8,,1.4,90,99,1006.3,1014.4,,,,8,,20.5
156,堡林,2022-09-02 00:00,21,,1,70,98,1006.6,1014.8,,,,9,,20
156,堡林,2022-09-02 01:00,20.8,,1.3,70,99,1006.5,1014.7,,,,8,,20
156,堡林,2022-09-02 02:00,21,,.6,160,99,1006.4,1014.6,,,,8,,19.9
156,堡林,2022-09-02 03:00,20.8,,2.8,70,98,1006.3,1014.5,,,,10,,19.6
156,堡林,2022-09-02 04:00,20.5,,2.4,70,99,1006,1014.2,,,,8,,19.6
156,堡林,2022-09-02 05:00,20.4,,3.1,70,99,1005.5,1013.7,,,,8,,19.4
156,堡林,2022-09-02 06:00,20.3,,1.8,70,98,1006.1,1014.3,,,,9,,19.7
156,堡林,2022-09-02 07:00,20.7,,2.5,70,98,1006.4,1014.6,0,.11,,10,,20.5
156,堡林,2022-09-02 08:00,21.4,,2.9,70,96,1006.3,1014.4,0,.37,,9,,22.5
156,堡林,2022-09-02 09:00,22.4,,2.1,70,90,1006.2,1014.3,.2,.71,,8,,25.4
156,堡林,2022-09-02 10:00,24.6,,2.9,110,82,1006.1,1014.1,.9,1.73,,7,,33.3
156,堡林,2022-09-02 11:00,25.2,,1.9,110,80,1006.1,1014.1,.4,1.47,,7,,30.7
156,堡林,2022-09-02 12:00,25,,3,110,83,1005.8,1013.8,.2,1.51,,7,,29.6
156,堡林,2022-09-02 13:00,24.9,,2.4,110,85,1005.3,1013.3,0,.81,,10,,27.6
156,堡林,2022-09-02 14:00,26.3,,2.3,110,78,1005.2,1013.2,.2,1.38,,10,,34
156,堡林,2022-09-02 15:00,25.8,,2.9,110,82,1004.5,1012.5,.2,1.43,,10,,31.3
156,堡林,2022-09-02 16:00,25.7,,3.7,110,79,1004.9,1012.9,.3,1.46,,10,,32.6
156,堡林,2022-09-02 17:00,25.5,,4,110,77,1005.3,1013.3,.1,.9,,8,,30
156,堡林,2022-09-02 18:00,24.9,,2.6,110,80,1005.7,1013.7,.1,.55,,8,,27.5
156,堡林,2022-09-02 19:00,24.2,,3,90,83,1005.6,1013.6,0,.17,,6,,24.6
156,堡林,2022-09-02 20:00,23.3,,2.6,70,87,1006.2,1014.2,,,,4,,23.1
156,堡林,2022-09-02 21:00,23,,3.4,70,88,1006.1,1014.2,,,,8,,23
156,堡林,2022-09-02 22:00,22.7,,3.3,70,88,1005.5,1013.6,,,,6,,22.3
156,堡林,2022-09-02 23:00,22.5,,2.9,70,89,1005.3,1013.4,,,,6,,21.9
156,堡林,2022-09-03 00:00,22.8,,3.1,70,87,1005,1013.1,,,,9,,21.9
156,堡林,2022-09-03 01:00,22.6,,2.2,70,87,1005.4,1013.5,,,,4,,22
156,堡林,2022-09-03 02:00,22.5,,1.1,90,88,1004.8,1012.9,,,,7,,21.9
156,堡林,2022-09-03 03:00,22.5,,2.7,70,90,1004.3,1012.4,,,,7,,21.9
156,堡林,2022-09-03 04:00,22.1,,.4,0,92,1004.1,1012.2,,,,7,,21.3
156,堡林,2022-09-03 05:00,22.1,,1.9,70,93,1004.2,1012.3,,,,8,,21.6
156,堡林,2022-09-03 06:00,22.3,0,3,70,95,1004.1,1012.2,,,,10,,21.7
156,堡林,2022-09-03 07:00,22.7,0,1.8,70,97,1004.6,1012.7,0,.09,,7,,22.5
156,堡林,2022-09-03 08:00,23.5,,3.8,70,95,1004.3,1012.3,0,.38,,7,,25.2
156,堡林,2022-09-03 09:00,24.5,,3.7,90,91,1004,1012,0,.99,,8,,28.8
156,堡林,2022-09-03 10:00,25.7,,3.7,110,85,1004.1,1012.1,.4,1.62,,9,,34.9
156,堡林,2022-09-03 11:00,26.1,,3.7,110,84,1004,1012,.2,1.69,,9,,36.3
156,堡林,2022-09-03 12:00,26,,2.1,140,86,1004.4,1012.4,.1,1.46,,10,,34.3
156,堡林,2022-09-03 13:00,27.9,,2.5,110,79,1004,1011.9,.3,1.77,,10,,39.8
156,堡林,2022-09-03 14:00,28.5,,2.1,110,71,1003.8,1011.7,.3,1.78,,10,,39.5
156,堡林,2022-09-03 15:00,28.1,,2.4,110,73,1003.2,1011.1,.2,1.62,,10,,38.1
156,堡林,2022-09-03 16:00,27.4,,2.9,110,75,1002.7,1010.6,.1,1.12,,8,,35.5
156,堡林,2022-09-03 17:00,26.7,,2.8,110,77,1002.9,1010.9,0,.6,,9,,30.5
156,堡林,2022-09-03 18:00,26.3,,2.5,140,77,1003,1011,0,.26,,10,,28.4
156,堡林,2022-09-03 19:00,25.4,,2.3,110,85,1003,1011,0,.11,,5,,26.4
156,堡林,2022-09-03 20:00,25.2,,2.4,110,87,1003.8,1011.8,,,,5,,25.5
156,堡林,2022-09-03 21:00,24.6,,3.2,90,92,1004.4,1012.4,,,,7,,24.9
156,堡林,2022-09-03 22:00,24,,1.3,70,96,1004.5,1012.5,,,,6,,24.6
156,堡林,2022-09-03 23:00,24.6,,1.9,90,93,1004.2,1012.2,,,,3,,24.7
156,堡林,2022-09-04 00:00,24.8,,2.1,110,90,1003.7,1011.7,,,,5,,24.1
156,堡林,2022-09-04 01:00,24.7,,2.2,110,92,1003.1,1011.1,,,,5,,24
156,堡林,2022-09-04 02:00,24.4,,2,70,94,1002.7,1010.7,,,,7,,23.5
156,堡林,2022-09-04 03:00,25.3,,1.4,140,90,1002.4,1010.4,,,,7,,24
156,堡林,2022-09-04 04:00,24.4,,.3,0,96,1002.1,1010.1,,,,5,,24
156,堡林,2022-09-04 05:00,24.5,,.2,0,95,1001.7,1009.7,,,,10,,23.9
156,堡林,2022-09-04 06:00,25,0,.9,140,96,1001.6,1009.6,,,,10,,23.8
156,堡林,2022-09-04 07:00,24.2,0,.7,250,99,1001.9,1009.9,0,.11,,10,,24.4
156,堡林,2022-09-04 08:00,24.7,,1,250,98,1002.3,1010.3,0,.48,,10,,26.6
156,堡林,2022-09-04 09:00,26.9,,1.1,180,88,1002.3,1010.2,0,.83,,10,,30.2
156,堡林,2022-09-04 10:00,29.4,,1.2,160,80,1001.8,1009.6,.2,1.62,,9,,39.7
156,堡林,2022-09-04 11:00,29.6,,2.8,160,78,1001.2,1009,.4,1.77,,8,,42.7
156,堡林,2022-09-04 12:00,30.3,,2,180,72,1000.6,1008.5,1,3.08,,8,,47.1
156,堡林,2022-09-04 13:00,29.8,,3.6,180,72,1000.5,1008.3,.3,1.93,,7,,43.4
156,堡林,2022-09-04 14:00,30.4,,2.8,180,70,999.9,1007.7,.8,2.65,,8,,46
156,堡林,2022-09-04 15:00,30.7,,2,200,72,999.5,1007.3,.2,1.63,,9,,41.9
156,堡林,2022-09-04 16:00,29.6,,3.5,200,77,999.7,1007.5,0,.96,,10,,35.6
156,堡林,2022-09-04 17:00,27.5,0,3,230,93,1000.2,1008.1,0,.42,,10,,28.7
156,堡林,2022-09-04 18:00,24.9,3.3,1.3,250,99,1000.3,1008.3,0,.19,,10,,27.6
156,堡林,2022-09-04 19:00,24.6,.1,.1,0,99,1000.3,1008.2,0,.13,,10,,26.6
156,堡林,2022-09-04 20:00,24.6,,0,0,99,1000.4,1008.3,,,,10,,25.9
156,堡林,2022-09-04 21:00,24.6,,.5,140,99,1000.6,1008.5,,,,10,,25.5
156,堡林,2022-09-04 22:00,24.3,,.9,140,99,1000.3,1008.3,,,,10,,25.4
156,堡林,2022-09-04 23:00,24,.1,1.1,110,99,1000.1,1008.1,,,,10,,25.3
156,堡林,2022-09-05 00:00,24.2,0,.5,160,99,999.9,1007.9,,,,10,,25.2
156,堡林,2022-09-05 01:00,24.6,,.9,140,99,999,1006.9,,,,10,,25
156,堡林,2022-09-05 02:00,24.4,,1.3,110,99,998.8,1006.7,,,,10,,24.9
156,堡林,2022-09-05 03:00,24.2,.1,1.9,90,99,998.2,1006.1,,,,10,,24.8
156,堡林,2022-09-05 04:00,24,.2,2.6,70,99,997.8,1005.7,,,,10,,24.6
156,堡林,2022-09-05 05:00,23.9,.2,2.3,70,99,997.5,1005.4,,,,10,,24.6
156,堡林,2022-09-05 06:00,23.9,.2,1.7,70,99,997.6,1005.6,,,,10,,24.7
156,堡林,2022-09-05 07:00,24.2,.2,1.9,70,99,997.5,1005.4,0,.08,,10,,24.7
156,堡林,2022-09-05 08:00,24.3,.5,1.5,70,99,997,1004.9,0,.13,,10,,25
156,堡林,2022-09-05 09:00,24.9,.3,1.5,50,99,996.7,1004.7,0,.27,,10,,25.9
156,堡林,2022-09-05 10:00,25.6,.1,2,140,98,997.1,1005.1,0,.31,,10,,25.8
156,堡林,2022-09-05 11:00,25,.8,2.2,110,99,996.8,1004.8,0,.3,,10,,25.7
156,堡林,2022-09-05 12:00,25.1,1.2,2.5,110,99,995.8,1003.8,0,.36,,10,,26
156,堡林,2022-09-05 13:00,24.6,2.2,2.3,110,99,994.9,1002.8,0,.29,,10,,25.6
156,堡林,2022-09-05 14:00,24.7,1.3,1.8,50,99,993.9,1001.8,0,.3,,10,,25.7
156,堡林,2022-09-05 15:00,24.3,.8,2.5,70,99,993,1000.9,0,.28,,10,,25.9
156,堡林,2022-09-05 16:00,24.6,,3.4,70,99,992.2,1000.1,0,.26,,10,,25.4
156,堡林,2022-09-05 17:00,24.7,.1,3.4,70,99,991.7,999.6,0,.11,,10,,24.9
156,堡林,2022-09-05 18:00,23.8,2.2,4.6,70,99,991,998.9,0,.07,,10,,24.4
156,堡林,2022-09-05 19:00,23.6,5.6,3.4,50,99,989.5,997.4,0,.06,,10,,24
156,堡林,2022-09-05 20:00,23.3,7.2,4.9,70,99,988.8,996.7,,,,10,,23.7
156,堡林,2022-09-05 21:00,23.5,3.8,5.2,70,99,987.6,995.5,,,,10,,23.7
156,堡林,2022-09-05 22:00,23.4,7.5,6.5,70,99,985.8,993.7,,,,10,,23.6
156,堡林,2022-09-05 23:00,22.9,7.5,3.8,50,99,984.7,992.6,,,,10,,23.3
156,堡林,2022-09-06 00:00,22.1,8.7,4.3,50,99,983.2,991.1,,,,10,,22.6
156,堡林,2022-09-06 01:00,21.5,8.4,4.8,50,99,981.1,989,,,,10,,22
156,堡林,2022-09-06 02:00,21.3,6.5,4,50,99,979.7,987.6,,,,10,,21.7
156,堡林,2022-09-06 03:00,22.2,2.2,3.9,50,99,978.7,986.6,,,,10,,21.9
156,堡林,2022-09-06 04:00,19.9,6.1,5.6,20,99,979.6,987.6,,,,10,,20.4
156,堡林,2022-09-06 05:00,19,3.8,3.2,20,99,982.7,990.7,,,,10,,19.6
156,堡林,2022-09-06 06:00,18.7,5.8,1.1,70,99,986.1,994.1,,,,10,,19.4
156,堡林,2022-09-06 07:00,20,,6.4,50,98,988.8,996.9,0,.1,,10,,19.6
156,堡林,2022-09-06 08:00,21.7,,2.6,50,93,990.7,998.7,0,.24,,9,,21.6
156,堡林,2022-09-06 09:00,20.1,0,2.5,340,99,993.8,1001.9,0,.45,,5,,21.7
156,堡林,2022-09-06 10:00,20.2,0,1.2,340,99,995.9,1004,0,.37,,10,,22.2
156,堡林,2022-09-06 11:00,21.8,,2.4,20,88,997.3,1005.3,0,.85,,9,,25.6
156,堡林,2022-09-06 12:00,23.5,,2.7,20,76,998.2,1006.2,.4,1.75,,7,,29.6
156,堡林,2022-09-06 13:00,24.3,,3.1,20,69,999,1006.9,.5,1.81,,6,,30.3
156,堡林,2022-09-06 14:00,24.9,,3.2,20,65,1000.1,1008.1,.8,2.69,,6,,34
156,堡林,2022-09-06 15:00,24.1,,2.8,340,74,1000.7,1008.7,.4,1.55,,9,,27.7
156,堡林,2022-09-06 16:00,25.2,,1.3,340,66,1001.3,1009.3,.6,1.53,,3,,29.1
156,堡林,2022-09-06 17:00,24.7,,1.8,320,69,1002.3,1010.3,1,1.56,,3,,25.4
156,堡林,2022-09-06 18:00,23.7,,1.6,290,75,1003.6,1011.6,1,.74,,1,,23.1
156,堡林,2022-09-06 19:00,22.2,,.9,320,84,1004.1,1012.2,.3,.19,,0,,20.8
156,堡林,2022-09-06 20:00,21.6,,.5,360,90,1004.7,1012.8,,,,0,,19.9
156,堡林,2022-09-06 21:00,20.6,,.1,0,97,1005.5,1013.7,,,,0,,19.2
156,堡林,2022-09-06 22:00,20.7,,0,0,97,1005.7,1013.9,,,,1,,18.8
156,堡林,2022-09-06 23:00,19.8,,0,0,99,1006.2,1014.3,,,,1,,18.4
156,堡林,2022-09-07 00:00,19.3,,0,0,99,1006.9,1015.1,,,,0,,18.1
156,堡林,2022-09-07 01:00,18.9,,0,0,99,1007.2,1015.4,,,,0,,17.7
156,堡林,2022-09-07 02:00,18.9,,0,0,99,1007.2,1015.4,,,,0,,17.5
156,堡林,2022-09-07 03:00,17.9,,0,0,99,1007.2,1015.4,,,,0,,17
156,堡林,2022-09-07 04:00,18,,0,0,99,1007.3,1015.5,,,,0,,16.8
156,堡林,2022-09-07 05:00,17.3,,0,0,99,1007.8,1016.1,,,,6,,16.6
156,堡林,2022-09-07 06:00,16.8,,0,0,99,1008.5,1016.8,,,,5,,16.1
156,堡林,2022-09-07 07:00,16.9,,.3,0,99,1009.1,1017.4,.2,.16,,0,,16.7
156,堡林,2022-09-07 08:00,17.7,,0,0,99,1009.5,1017.8,1,.78,,0,,18.3
156,堡林,2022-09-07 09:00,19.4,,1,250,99,1009.9,1018.1,1,1.59,,3,,27.3
156,堡林,2022-09-07 10:00,21.8,,.5,160,91,1010,1018.1,1,2.26,,0,,32
156,堡林,2022-09-07 11:00,24.5,,.7,50,64,1010,1018,1,2.82,,0,,35.5
156,堡林,2022-09-07 12:00,26.3,,.6,90,47,1009.6,1017.6,1,3.18,,0,,37.1
156,堡林,2022-09-07 13:00,27.5,,1.1,20,52,1009.2,1017.2,1,3.26,,0,,38.7
156,堡林,2022-09-07 14:00,27.7,,1.4,320,49,1008.8,1016.8,1,3.17,,0,,37.9
156,堡林,2022-09-07 15:00,28.7,,1.3,340,45,1008.4,1016.3,1,2.8,,3,,35
156,堡林,2022-09-07 16:00,28.5,,2,50,48,1008.2,1016.1,1,2.3,,2,,32.1
156,堡林,2022-09-07 17:00,27.5,,1.2,20,51,1008.6,1016.6,.8,1.26,,7,,28.4
156,堡林,2022-09-07 18:00,26.7,,1.7,50,54,1008.7,1016.7,.9,.94,,6,,25.3
156,堡林,2022-09-07 19:00,24.7,,1.4,20,59,1008.9,1016.9,.3,.2,,3,,22.4
156,堡林,2022-09-07 20:00,23.1,,1.5,50,70,1009.4,1017.5,,,,3,,20.9
156,堡林,2022-09-07 21:00,21.8,,1.6,50,79,1009.9,1018,,,,3,,20.1
156,堡林,2022-09-07 22:00,21.3,,2.6,70,94,1010,1018.2,,,,5,,19.8
156,堡林,2022-09-07 23:00,20.8,,1.1,70,96,1010,1018.2,,,,3,,19.2
156,堡林,2022-09-08 00:00,19.8,,1.6,70,99,1010,1018.2,,,,2,,18.8
156,堡林,2022-09-08 01:00,19.7,,.7,50,99,1010.2,1018.4,,,,0,,18.2
156,堡林,2022-09-08 02:00,19.8,,.3,0,99,1010.1,1018.3,,,,4,,17.8
156,堡林,2022-09-08 03:00,18.7,,0,0,99,1010.1,1018.3,,,,0,,17.3
156,堡林,2022-09-08 04:00,18.2,,0,0,99,1010,1018.2,,,,0,,16.9
156,堡林,2022-09-08 05:00,17.5,,.2,0,99,1009.9,1018.2,,,,0,,16.6
156,堡林,2022-09-08 06:00,17.4,,.6,70,99,1010,1018.3,,,,2,,16.1
156,堡林,2022-09-08 07:00,17.7,,0,0,99,1010.5,1018.8,.3,.16,,3,,16.6
156,堡林,2022-09-08 08:00,18.8,,0,0,97,1010.8,1019,.9,.65,,6,,18.5
156,堡林,2022-09-08 09:00,21.8,,1.2,70,70,1010.7,1018.9,1,1.38,,6,,26.2
156,堡林,2022-09-08 10:00,23.1,,2.2,70,60,1010.8,1018.9,1,2.05,,5,,29
156,堡林,2022-09-08 11:00,24.9,,1.5,50,55,1010.6,1018.7,1,2.79,,0,,36.4
156,堡林,2022-09-08 12:00,26.1,,1.2,290,50,1010,1018,1,3.23,,0,,42
156,堡林,2022-09-08 13:00,27.2,,1.4,70,48,1009.2,1017.2,1,3.28,,4,,45.1
156,堡林,2022-09-08 14:00,27.7,,1,340,48,1008.5,1016.5,1,3.09,,5,,44
156,堡林,2022-09-08 15:00,28.7,,.9,70,42,1008.1,1016,.9,2.26,,6,,40.7
156,堡林,2022-09-08 16:00,28.4,,1.2,20,44,1007.6,1015.5,.4,1.06,,6,,35.4
156,堡林,2022-09-08 17:00,28.3,,1.7,20,49,1007.7,1015.6,0,0,,7,,30.9
156,堡林,2022-09-08 18:00,26.3,,1.9,20,61,1007.7,1015.7,,,,5,,27.2
156,堡林,2022-09-08 19:00,25,,.6,320,69,1007.9,1016,,,,8,,25.1
156,堡林,2022-09-08 20:00,24.3,,.5,360,76,1008.5,1016.5,,,,9,,24
156,堡林,2022-09-08 21:00,23.4,,1.2,70,79,1009.3,1017.4,,,,9,,22.9
156,堡林,2022-09-08 22:00,22.8,,1.4,70,84,1008.9,1017,,,,9,,22.5
156,堡林,2022-09-08 23:00,22.3,,2,50,85,1008.8,1016.9,,,,9,,21.6
156,堡林,2022-09-09 00:00,21.5,,1.2,50,91,1008.9,1017.1,,,,9,,21.4
156,堡林,2022-09-09 01:00,21.4,,.3,0,91,1008.6,1016.8,,,,9,,20.7
156,堡林,2022-09-09 02:00,20.6,,0,0,98,1008.8,1017,,,,7,,20
156,堡林,2022-09-09 03:00,20.5,,.3,0,99,1008.7,1016.9,,,,8,,19.5
156,堡林,2022-09-09 04:00,20.1,,.1,0,99,1008.7,1016.9,,,,6,,19.3
156,堡林,2022-09-09 05:00,19.8,,.8,90,99,1008.7,1016.9,,,,7,,18.9
156,堡林,2022-09-09 06:00,19.6,,.5,20,99,1008.7,1016.9,,,,7,,18.8
156,堡林,2022-09-09 07:00,19.7,,.2,0,99,1009.2,1017.4,0,0,,7,,20
156,堡林,2022-09-09 08:00,20.6,,.2,0,99,1009.5,1017.7,0,0,,9,,23
156,堡林,2022-09-09 09:00,21.8,,.3,0,89,1009.5,1017.6,0,0,,7,,27.3
156,堡林,2022-09-09 10:00,24.2,,1.6,70,67,1009.5,1017.5,0,0,,2,,35.7
156,堡林,2022-09-09 11:00,26.3,,2.4,70,60,1009.5,1017.5,0,,,0,,42.6
156,堡林,2022-09-09 12:00,27.1,,2.1,90,51,1009,1017,0,,,0,,47.7
156,堡林,2022-09-09 13:00,27.9,,2.3,20,46,1008.3,1016.3,.3,1.03,,0,,50.7
156,堡林,2022-09-09 14:00,28.5,,.9,20,49,1007.7,1015.6,1,3.06,,3,,47.6
156,堡林,2022-09-09 15:00,29.6,,1.6,50,41,1007.2,1015.1,1,2.76,,5,,47.6
156,堡林,2022-09-09 16:00,28.6,,.9,50,48,1006.7,1014.6,.9,1.99,,6,,37.2
156,堡林,2022-09-09 17:00,27.2,,2.2,70,54,1006.7,1014.7,.3,.93,,7,,32.2
156,堡林,2022-09-09 18:00,27.8,,1,70,55,1006.9,1014.8,.6,.7,,7,,29.4
156,堡林,2022-09-09 19:00,25.8,,2,230,76,1007.3,1015.3,.1,.11,,7,,26.4
156,堡林,2022-09-09 20:00,24.6,,2.3,200,74,1007.9,1015.9,,,,5,,24.6
156,堡林,2022-09-09 21:00,24.2,,.9,250,78,1008.6,1016.6,,,,5,,23.3
156,堡林,2022-09-09 22:00,23.6,,.9,230,81,1009,1017.1,,,,5,,22.6
156,堡林,2022-09-09 23:00,22.3,,.9,160,81,1009.1,1017.2,,,,6,,21.9
156,堡林,2022-09-10 00:00,21.9,,0,0,86,1009.5,1017.6,,,,7,,22
156,堡林,2022-09-10 01:00,22.1,,.4,0,92,1009.1,1017.2,,,,9,,22
156,堡林,2022-09-10 02:00,22,,.3,0,92,1009,1017.1,,,,10,,22
156,堡林,2022-09-10 03:00,21.4,,.8,250,97,1009.2,1017.4,,,,8,,21.7
156,堡林,2022-09-10 04:00,20.8,,.7,270,93,1009.2,1017.4,,,,8,,21.2
156,堡林,2022-09-10 05:00,20.2,,.8,90,97,1008.8,1017,,,,8,,20.9
156,堡林,2022-09-10 06:00,19.7,,1.2,90,96,1008.8,1017,,,,8,,20.4
156,堡林,2022-09-10 07:00,20.1,,2.5,50,96,1009,1017.2,0,.12,,10,,21.1
156,堡林,2022-09-10 08:00,20.4,,2.4,70,88,1009.2,1017.4,0,.33,,10,,22.8
156,堡林,2022-09-10 09:00,20.9,,3,70,84,1009.2,1017.4,0,.57,,10,,24.4
156,堡林,2022-09-10 10:00,22.6,,2.9,70,84,1009.2,1017.3,.1,.87,,10,,30.2
156,堡林,2022-09-10 11:00,24.4,,1.7,70,68,1009.1,1017.1,.7,2.2,,7,,34.7
156,堡林,2022-09-10 12:00,24,,2.8,50,74,1008.4,1016.4,.2,1.57,,10,,35.3
156,堡林,2022-09-10 13:00,24.9,,1.7,70,71,1008.5,1016.6,.1,1.48,,8,,36.9
156,堡林,2022-09-10 14:00,25.6,,1.6,90,68,1007.9,1015.9,.5,2.49,,10,,38.2
156,堡林,2022-09-10 15:00,25.9,,1.6,90,66,1007.4,1015.4,.4,1.68,,7,,38.5
156,堡林,2022-09-10 16:00,26.6,,1.9,90,67,1007.1,1015.1,.3,1.37,,7,,35.9
156,堡林,2022-09-10 17:00,25.2,,1.8,70,72,1007.1,1015.1,.4,.97,,7,,31.1
156,堡林,2022-09-10 18:00,24.8,,1.5,90,76,1007.4,1015.4,0,.3,,9,,28.2
156,堡林,2022-09-10 19:00,24.6,,1.1,90,73,1007.4,1015.4,0,.08,,8,,26.2
156,堡林,2022-09-10 20:00,24.1,,1.2,70,75,1007.7,1015.7,,,,7,,24.6
156,堡林,2022-09-10 21:00,22.2,,1.2,50,94,1008.2,1016.3,,,,4,,23
156,堡林,2022-09-10 22:00,22.3,,1.1,50,91,1008.3,1016.4,,,,5,,22.5
156,堡林,2022-09-10 23:00,22.2,,1,50,93,1008.4,1016.5,,,,8,,23
156,堡林,2022-09-11 00:00,21.7,,1.3,70,93,1008.1,1016.2,,,,8,,22.3
156,堡林,2022-09-11 01:00,21,,1.9,50,96,1007.7,1015.9,,,,9,,21.6
156,堡林,2022-09-11 02:00,20.8,,1.3,70,94,1007.3,1015.5,,,,9,,21
156,堡林,2022-09-11 03:00,20.4,,1.3,70,96,1007.2,1015.4,,,,7,,20.5
156,堡林,2022-09-11 04:00,20,,1.3,50,98,1007.2,1015.4,,,,7,,20.3
156,堡林,2022-09-11 05:00,19.9,,1.6,50,98,1007,1015.2,,,,7,,20
156,堡林,2022-09-11 06:00,19.5,,1.7,70,98,1007.1,1015.3,,,,9,,19.7
156,堡林,2022-09-11 07:00,19.3,,1.6,70,99,1007.2,1015.4,0,.11,,6,,19.6
156,堡林,2022-09-11 08:00,20.6,,1.3,70,89,1007.6,1015.8,.8,.6,,8,,21.4
156,堡林,2022-09-11 09:00,22.5,,1.9,70,80,1007.3,1015.4,.6,1.21,,3,,29.8
156,堡林,2022-09-11 10:00,23.7,,1.3,70,73,1007.4,1015.4,.5,1.53,,2,,34.9
156,堡林,2022-09-11 11:00,25.9,,.6,110,67,1006.8,1014.8,1,2.73,,3,,43.6
156,堡林,2022-09-11 12:00,27,,1.1,70,66,1006.5,1014.5,1,2.69,,8,,46.3
156,堡林,2022-09-11 13:00,27.1,,1,50,64,1006.1,1014.1,.4,1.99,,9,,40.4
156,堡林,2022-09-11 14:00,28.3,,.7,290,60,1005.5,1013.4,.5,2.23,,8,,48.4
156,堡林,2022-09-11 15:00,28.3,,2.3,50,61,1005,1012.9,.9,2.73,,6,,43.5
156,堡林,2022-09-11 16:00,28.3,,.4,0,62,1004.9,1012.8,.4,1.5,,7,,37.2
156,堡林,2022-09-11 17:00,28.1,,.2,0,62,1004.9,1012.8,.4,1.03,,8,,34.4
156,堡林,2022-09-11 18:00,26.7,,.9,110,73,1004.9,1012.9,.1,.31,,5,,29.6
156,堡林,2022-09-11 19:00,25.8,,.6,290,79,1004.6,1012.6,0,.08,,3,,27.2
156,堡林,2022-09-11 20:00,25.2,,1.5,230,82,1005.2,1013.2,,,,5,,25.2
156,堡林,2022-09-11 21:00,24.9,,.4,0,83,1006,1014,,,,7,,25.5
156,堡林,2022-09-11 22:00,24,,.6,50,87,1005.8,1013.8,,,,7,,24.3
156,堡林,2022-09-11 23:00,23.8,,.8,90,90,1005.8,1013.8,,,,9,,23.8
156,堡林,2022-09-12 00:00,23.3,,.4,0,97,1005.7,1013.7,,,,6,,23.2
156,堡林,2022-09-12 01:00,23,,.4,0,97,1005.6,1013.7,,,,10,,23.4
156,堡林,2022-09-12 02:00,23.1,,.8,90,97,1005.6,1013.7,,,,10,,23.2
156,堡林,2022-09-12 03:00,22.9,,0,0,98,1005.7,1013.8,,,,10,,23.4
156,堡林,2022-09-12 04:00,22.5,,.8,70,98,1005.5,1013.6,,,,10,,23.1
156,堡林,2022-09-12 05:00,22.3,,1.4,70,99,1005.1,1013.2,,,,10,,22.9
156,堡林,2022-09-12 06:00,22,0,1.4,50,99,1005.2,1013.3,,,,10,,22.8
156,堡林,2022-09-12 07:00,21.6,0,.7,50,99,1005.9,1014,0,.07,,10,,22.8
156,堡林,2022-09-12 08:00,21.8,.2,.9,110,99,1005.8,1013.9,0,.22,,10,,23.9
156,堡林,2022-09-12 09:00,22.5,,1.1,70,99,1005.9,1014,0,.55,,10,,26.2
156,堡林,2022-09-12 10:00,23.8,,1.2,70,99,1006,1014,0,1.01,,10,,28.5
156,堡林,2022-09-12 11:00,24.2,0,0,0,97,1006,1014,0,.81,,10,,27.8
156,堡林,2022-09-12 12:00,23.8,.3,0,0,99,1006.2,1014.2,0,.51,,10,,27.2
156,堡林,2022-09-12 13:00,23.6,.8,.4,0,99,1006.4,1014.4,0,.53,,10,,27
156,堡林,2022-09-12 14:00,23.7,.7,1.2,50,99,1005.8,1013.8,0,.65,,10,,28.6
156,堡林,2022-09-12 15:00,24.1,0,1.5,70,99,1005,1013,0,1,,10,,28.8
156,堡林,2022-09-12 16:00,23.9,,1.3,20,99,1005.2,1013.2,0,.53,,10,,27.3
156,堡林,2022-09-12 17:00,23.9,,1.6,50,99,1005.1,1013.1,0,.44,,10,,26.6
156,堡林,2022-09-12 18:00,23.7,,1.6,70,99,1005.2,1013.2,0,.25,,10,,25.4
156,堡林,2022-09-12 19:00,23.1,,2,70,99,1004.9,1012.9,0,.08,,10,,24.3
156,堡林,2022-09-12 20:00,23,,1.7,50,99,1005.3,1013.4,,,,10,,23.7
156,堡林,2022-09-12 21:00,22.7,,1.8,70,99,1005.5,1013.6,,,,10,,23.3
156,堡林,2022-09-12 22:00,23,,.5,360,99,1005.6,1013.7,,,,10,,23.1
156,堡林,2022-09-12 23:00,22.8,,1.1,70,99,1005.1,1013.2,,,,10,,22.8
156,堡林,2022-09-13 00:00,23,,.7,360,99,1005.4,1013.5,,,,10,,22.7
156,堡林,2022-09-13 01:00,22.6,,.8,90,99,1005.3,1013.4,,,,10,,22.8
156,堡林,2022-09-13 02:00,22.6,,.5,70,99,1005,1013.1,,,,10,,22.7
156,堡林,2022-09-13 03:00,22.2,,.7,70,99,1004.8,1012.9,,,,10,,22.5
156,堡林,2022-09-13 04:00,21.9,,0,0,99,1004.6,1012.7,,,,10,,22.4
156,堡林,2022-09-13 05:00,21.9,,.7,70,99,1004.7,1012.8,,,,4,,22.3
156,堡林,2022-09-13 06:00,22.1,,.1,0,99,1005.2,1013.3,,,,10,,22.4
156,堡林,2022-09-13 07:00,22.4,,.3,0,99,1005.5,1013.6,0,.09,,10,,22.9
156,堡林,2022-09-13 08:00,23.5,,.1,0,99,1005.5,1013.5,0,.41,,9,,25.2
156,堡林,2022-09-13 09:00,24.1,,0,0,98,1005.4,1013.4,0,.48,,10,,25.9
156,堡林,2022-09-13 10:00,25.5,,.3,0,90,1005.4,1013.4,0,.81,,10,,28.3
156,堡林,2022-09-13 11:00,26.7,,.1,0,83,1005.7,1013.7,0,1.25,,10,,30.6
156,堡林,2022-09-13 12:00,26.1,,2.1,70,86,1005.8,1013.8,0,1.17,,10,,29.4
156,堡林,2022-09-13 13:00,26.6,,1.4,70,90,1005.8,1013.8,0,.71,,10,,29.3
156,堡林,2022-09-13 14:00,26.3,0,.9,90,92,1005.8,1013.8,0,.81,,10,,29
156,堡林,2022-09-13 15:00,26.4,0,2.1,70,94,1005.3,1013.3,0,.58,,10,,28.8
156,堡林,2022-09-13 16:00,26,0,1.2,70,97,1005,1013,0,.7,,10,,28.4
156,堡林,2022-09-13 17:00,25.6,0,1.5,70,98,1005.1,1013.1,0,.41,,10,,27.2
156,堡林,2022-09-13 18:00,24.6,.2,2.2,70,99,1005.1,1013.1,0,.16,,10,,25.6
156,堡林,2022-09-13 19:00,24.4,0,2.9,70,95,1005.3,1013.3,0,.08,,10,,24.3
156,堡林,2022-09-13 20:00,24.3,0,2.6,70,87,1005.8,1013.8,,,,10,,23.6
156,堡林,2022-09-13 21:00,24.2,,2.2,70,80,1005.9,1013.9,,,,10,,23.1
156,堡林,2022-09-13 22:00,24.1,,.4,0,75,1005.9,1013.9,,,,10,,22.9
156,堡林,2022-09-13 23:00,23.9,,1.6,70,71,1005.8,1013.8,,,,10,,22.2
156,堡林,2022-09-14 00:00,24.3,,2,90,65,1005.6,1013.6,,,,10,,21.7
156,堡林,2022-09-14 01:00,23.3,,2.9,70,67,1005.4,1013.4,,,,10,,21.3
156,堡林,2022-09-14 02:00,23.1,,3.3,70,63,1005,1013,,,,10,,20.9
156,堡林,2022-09-14 03:00,22.4,,3.8,70,64,1004.5,1012.6,,,,3,,20.4
156,堡林,2022-09-14 04:00,22.3,,4.2,70,65,1004.6,1012.7,,,,4,,20
156,堡林,2022-09-14 05:00,21.5,,3.8,70,73,1004.3,1012.4,,,,0,,19.8
156,堡林,2022-09-14 06:00,22.1,,4.3,70,75,1004.5,1012.6,,,,8,,20
156,堡林,2022-09-14 07:00,22.2,,2.4,90,78,1004.9,1013,.1,.12,,7,,20.3
156,堡林,2022-09-14 08:00,23.1,,1.7,90,77,1005.3,1013.3,.8,.6,,6,,21.7
156,堡林,2022-09-14 09:00,25.5,,2,70,71,1005.5,1013.5,.8,1.29,,7,,28.2
156,堡林,2022-09-14 10:00,26.2,,3,70,70,1005.6,1013.6,.9,1.64,,8,,31.2
156,堡林,2022-09-14 11:00,27.8,,2.9,70,66,1005.4,1013.3,.5,1.93,,8,,35.4
156,堡林,2022-09-14 12:00,27.4,,3,70,72,1005,1012.9,.8,2.36,,8,,33.9
156,堡林,2022-09-14 13:00,28.4,,3.5,90,72,1004.4,1012.3,.5,1.84,,7,,34.3
156,堡林,2022-09-14 14:00,28.6,,3,70,72,1003.8,1011.7,.7,2.01,,7,,34.1
156,堡林,2022-09-14 15:00,29,,4.1,70,68,1003.1,1011,.9,2.16,,7,,36.5
156,堡林,2022-09-14 16:00,29.7,,3,230,64,1002.7,1010.5,1,1.86,,5,,34.7
156,堡林,2022-09-14 17:00,29.4,,2.7,110,66,1002.9,1010.8,1,1.44,,5,,30.5
156,堡林,2022-09-14 18:00,27.6,,3.8,70,68,1003.2,1011.1,1,.63,,5,,27.5
156,堡林,2022-09-14 19:00,25.8,,3.8,250,70,1003.7,1011.7,.2,.13,,6,,24.8
156,堡林,2022-09-14 20:00,24.9,,3.7,70,70,1004.2,1012.2,,,,6,,23.5
156,堡林,2022-09-14 21:00,24.3,,4.6,70,62,1004.3,1012.3,,,,5,,22.6
156,堡林,2022-09-14 22:00,24.2,,1.9,50,62,1004.4,1012.4,,,,6,,22
156,堡林,2022-09-14 23:00,23.8,,2.7,50,64,1004.2,1012.2,,,,6,,21.7
156,堡林,2022-09-15 00:00,23.7,,3,50,67,1004.2,1012.2,,,,4,,21.3
156,堡林,2022-09-15 01:00,23.7,,4.3,70,69,1003.6,1011.6,,,,7,,21.2
156,堡林,2022-09-15 02:00,22.8,,4.2,70,73,1003.5,1011.5,,,,5,,20.9
156,堡林,2022-09-15 03:00,23.3,,3.7,70,73,1003.1,1011.1,,,,6,,20.7
156,堡林,2022-09-15 04:00,22.5,,3.6,70,78,1002.8,1010.9,,,,6,,20.5
156,堡林,2022-09-15 05:00,22.6,,3.4,50,79,1002.8,1010.9,,,,3,,20.3
156,堡林,2022-09-15 06:00,22.6,,3.5,70,81,1002.5,1010.5,,,,4,,20.2
156,堡林,2022-09-15 07:00,22.5,,3.7,70,83,1002.8,1010.9,.2,.14,,5,,20.7
156,堡林,2022-09-15 08:00,23.2,,3.6,70,81,1002.9,1010.9,.9,.67,,5,,21.8
156,堡林,2022-09-15 09:00,26.6,,2.3,70,71,1002.5,1010.5,.8,1.37,,5,,33.5
156,堡林,2022-09-15 10:00,28.2,,2.9,90,64,1003.1,1011,1,2.25,,5,,42.1
156,堡林,2022-09-15 11:00,29.3,,2.4,70,62,1002.8,1010.7,1,2.62,,6,,47.9
156,堡林,2022-09-15 12:00,29.9,,2.2,90,61,1001.9,1009.8,1,2.96,,6,,52.8
156,堡林,2022-09-15 13:00,31,,1.1,140,59,1001.2,1009,1,3.16,,7,,54.5
156,堡林,2022-09-15 14:00,30.5,,2.9,160,61,1000.5,1008.3,1,2.46,,7,,49.6
156,堡林,2022-09-15 15:00,30.7,,3.8,180,58,999.9,1007.7,1,2.66,,6,,49.3
156,堡林,2022-09-15 16:00,29.7,,3,160,61,999.9,1007.7,.8,1.65,,6,,37
156,堡林,2022-09-15 17:00,28.3,,1.7,90,69,999.9,1007.8,.5,.87,,7,,32.8
156,堡林,2022-09-15 18:00,27.4,,1.8,70,73,1000.2,1008.1,0,.3,,8,,29.7
156,堡林,2022-09-15 19:00,26.6,,1.3,90,77,1000.1,1008,0,.09,,8,,26.7
156,堡林,2022-09-15 20:00,26,,1.5,70,80,1000.2,1008.2,,,,8,,25.4
156,堡林,2022-09-15 21:00,25.9,,1.1,70,80,1000.9,1008.9,,,,3,,24.6
156,堡林,2022-09-15 22:00,25.7,,.9,90,82,1000.7,1008.7,,,,4,,24
156,堡林,2022-09-15 23:00,26,,.8,200,80,1000.6,1008.6,,,,3,,23.8
156,堡林,2022-09-16 00:00,25.3,,1.1,140,83,1000,1008,,,,0,,23.5
156,堡林,2022-09-16 01:00,25.6,,1,90,82,999.7,1007.7,,,,4,,23.2
156,堡林,2022-09-16 02:00,25,,1.4,230,85,1000.1,1008.1,,,,7,,23.6
156,堡林,2022-09-16 03:00,24.8,,1.1,180,85,1000.2,1008.1,,,,3,,23.1
156,堡林,2022-09-16 04:00,24.4,,.8,140,89,999.8,1007.7,,,,4,,22.8
156,堡林,2022-09-16 05:00,25,,.8,110,88,999.3,1007.3,,,,6,,22.8
156,堡林,2022-09-16 06:00,25,,1.5,180,89,999.4,1007.4,,,,4,,22.6
156,堡林,2022-09-16 07:00,25,,3.1,200,90,1000.2,1008.2,0,.13,,3,,23.3
156,堡林,2022-09-16 08:00,25.9,,2.3,180,87,999.9,1007.9,1,.69,,4,,25.2
156,堡林,2022-09-16 09:00,27.3,,3.3,180,79,1000.2,1008.1,1,1.49,,3,,36.7
156,堡林,2022-09-16 10:00,27.9,,4.4,200,75,1000.6,1008.5,1,2.16,,7,,44.3
156,堡林,2022-09-16 11:00,29.5,,2.7,180,67,1000.1,1007.9,1,2.62,,6,,49.8
156,堡林,2022-09-16 12:00,29.8,,3,180,65,999.6,1007.4,1,2.88,,5,,53.8
156,堡林,2022-09-16 13:00,30.3,,2.4,160,63,999.3,1007.1,.9,2.88,,4,,52.7
156,堡林,2022-09-16 14:00,30.1,,3.3,180,67,999.1,1006.9,.7,2.43,,3,,48.1
156,堡林,2022-09-16 15:00,28.7,,3.5,200,74,999,1006.9,.1,.84,,8,,36.7
156,堡林,2022-09-16 16:00,28.2,,3.1,180,77,999.1,1007,0,.65,,7,,35.1
156,堡林,2022-09-16 17:00,27.1,,2.7,180,84,999.7,1007.6,0,.35,,6,,30.4
156,堡林,2022-09-16 18:00,26.2,,1.1,160,91,999.9,1007.9,0,.14,,7,,28.1
156,堡林,2022-09-16 19:00,26.7,0,1,200,84,999.9,1007.8,0,.08,,9,,27.3
156,堡林,2022-09-16 20:00,26.9,,.4,0,82,1000.4,1008.3,,,,9,,26.6
156,堡林,2022-09-16 21:00,26.7,,.3,0,86,1000.7,1008.6,,,,9,,26.5
156,堡林,2022-09-16 22:00,26.3,,.1,0,88,1000.5,1008.5,,,,10,,26.1
156,堡林,2022-09-16 23:00,25.9,,1,110,91,1000.4,1008.4,,,,6,,25.5
156,堡林,2022-09-17 00:00,26.1,,.6,320,91,1000.4,1008.4,,,,9,,25.3
156,堡林,2022-09-17 01:00,25.6,,.3,0,92,1000.3,1008.3,,,,8,,25
156,堡林,2022-09-17 02:00,25.5,,0,0,93,1000.3,1008.3,,,,8,,25.1
156,堡林,2022-09-17 03:00,25.2,,0,0,94,1000.2,1008.2,,,,9,,25.1
156,堡林,2022-09-17 04:00,25,,0,0,94,1000,1008,,,,9,,24.7
156,堡林,2022-09-17 05:00,24.8,,0,0,94,999.8,1007.7,,,,9,,24.8
156,堡林,2022-09-17 06:00,24.9,,0,0,92,1000.3,1008.3,,,,9,,24.3
156,堡林,2022-09-17 07:00,24.9,,1.3,70,91,1000.8,1008.8,.1,.15,,5,,24.9
156,堡林,2022-09-17 08:00,25.3,,1.8,50,86,1001,1009,1,.71,,2,,25.1
156,堡林,2022-09-17 09:00,27,,.9,70,75,1001.3,1009.2,1,1.47,,2,,37.8
156,堡林,2022-09-17 10:00,29,,1.2,70,68,1001,1008.9,1,2.15,,1,,47.2
156,堡林,2022-09-17 11:00,29.9,,1.6,90,61,1000.6,1008.5,1,2.67,,0,,53
156,堡林,2022-09-17 12:00,30.7,,1.2,70,54,1000.1,1007.9,1,2.96,,3,,54
156,堡林,2022-09-17 13:00,31.9,,1.7,50,52,999.2,1007,1,3.11,,6,,55.8
156,堡林,2022-09-17 14:00,31.8,,2.1,70,51,998.3,1006.1,.9,2.71,,8,,50.3
156,堡林,2022-09-17 15:00,32.9,,1.8,70,47,997.7,1005.5,1,2.54,,7,,49.3
156,堡林,2022-09-17 16:00,31.6,,1.6,70,51,997.4,1005.2,.7,1.64,,8,,40.2
156,堡林,2022-09-17 17:00,31.4,,.6,90,51,997.6,1005.4,0,.68,,8,,35.7
156,堡林,2022-09-17 18:00,29.8,,.8,270,68,997.8,1005.6,.1,.3,,9,,31.3
156,堡林,2022-09-17 19:00,28.9,,1.5,50,74,998,1005.8,0,.08,,10,,29.3
156,堡林,2022-09-17 20:00,28,,1.5,70,79,998.5,1006.4,,,,10,,28.3
156,堡林,2022-09-17 21:00,26.9,0,.8,140,86,998.9,1006.8,,,,10,,26.3
156,堡林,2022-09-17 22:00,26.7,0,1.1,50,87,998.8,1006.7,,,,10,,26
156,堡林,2022-09-17 23:00,25.7,0,1.2,50,93,998.5,1006.5,,,,10,,25.5
156,堡林,2022-09-18 00:00,25.9,0,1.3,70,90,998.1,1006,,,,10,,25
156,堡林,2022-09-18 01:00,25.8,,1.6,50,88,997.4,1005.3,,,,10,,24.8
156,堡林,2022-09-18 02:00,25.4,,2.8,70,91,996.7,1004.7,,,,10,,24.3
156,堡林,2022-09-18 03:00,25.4,,2.9,70,90,996,1003.9,,,,10,,24.4
156,堡林,2022-09-18 04:00,25.2,,1.6,70,90,995.8,1003.8,,,,10,,24.6
156,堡林,2022-09-18 05:00,24.8,,.3,0,93,995.9,1003.8,,,,9,,24.4
156,堡林,2022-09-18 06:00,25.3,,2.7,70,91,995.9,1003.9,,,,9,,24.4
156,堡林,2022-09-18 07:00,25.2,,2.1,70,92,996,1004,0,.09,,9,,24.9
156,堡林,2022-09-18 08:00,26.1,,.4,0,87,995.8,1003.7,0,.32,,10,,27.3
156,堡林,2022-09-18 09:00,27,,1.1,50,83,995.8,1003.7,0,.59,,9,,31.4
156,堡林,2022-09-18 10:00,28.1,,1.4,50,75,995.3,1003.1,.2,1.28,,9,,38.6
156,堡林,2022-09-18 11:00,30.8,,1.9,50,66,994.3,1002.1,.5,2,,8,,54.5
156,堡林,2022-09-18 12:00,31.5,,2.5,70,58,993.3,1001.1,.8,2.47,,7,,50.9
156,堡林,2022-09-18 13:00,33.7,,3.6,70,52,991.9,999.6,1,3.15,,5,,61.3
156,堡林,2022-09-18 14:00,33.9,,3.3,50,52,990.8,998.5,1,3.02,,3,,60.3
156,堡林,2022-09-18 15:00,34.1,,3.8,50,53,989.6,997.3,1,2.67,,6,,52.8
156,堡林,2022-09-18 16:00,33.1,,3,50,56,989,996.7,.7,1.35,,8,,42.3
156,堡林,2022-09-18 17:00,31.4,,5.2,70,57,989,996.7,.5,1.02,,8,,36.2
156,堡林,2022-09-18 18:00,29.9,,5,50,61,988.9,996.7,0,.33,,8,,31
156,堡林,2022-09-18 19:00,29.1,,4.5,50,65,988.5,996.3,0,.1,,8,,28.4
156,堡林,2022-09-18 20:00,29,,4.1,50,64,988.6,996.4,,,,9,,27.5
156,堡林,2022-09-18 21:00,28.6,,4.3,50,65,988.3,996.1,,,,8,,26.8
156,堡林,2022-09-18 22:00,28.4,,3.4,50,65,987.5,995.3,,,,10,,26.4
156,堡林,2022-09-18 23:00,28.1,,3.6,50,67,986.7,994.5,,,,10,,26
156,堡林,2022-09-19 00:00,27.7,,3.8,50,67,986.7,994.5,,,,9,,25.7
156,堡林,2022-09-19 01:00,27.5,,3.9,50,68,986.3,994.1,,,,10,,25.4
156,堡林,2022-09-19 02:00,26.8,,3.4,50,71,986.2,994,,,,8,,24.8
156,堡林,2022-09-19 03:00,26.6,,3.2,50,72,985.7,993.5,,,,9,,25
156,堡林,2022-09-19 04:00,26.4,,4.4,50,72,985.5,993.3,,,,5,,24.3
156,堡林,2022-09-19 05:00,26.2,,3.8,50,72,986.3,994.1,,,,6,,24.3
156,堡林,2022-09-19 06:00,26.3,,3.4,50,71,986.6,994.4,,,,7,,23.8
156,堡林,2022-09-19 07:00,25.6,,2.6,50,75,987.4,995.3,0,.11,,5,,24
156,堡林,2022-09-19 08:00,26.3,,2.5,50,73,987.7,995.5,.9,.72,,5,,25.6
156,堡林,2022-09-19 09:00,27.4,,3.3,50,69,988.3,996.1,1,1.49,,7,,34.4
156,堡林,2022-09-19 10:00,28.2,,3.7,50,66,988.9,996.7,1,1.65,,6,,41.4
156,堡林,2022-09-19 11:00,29.1,,3.6,50,63,989.2,997,1,2.43,,8,,48.4
156,堡林,2022-09-19 12:00,28.3,,4.2,50,66,989.8,997.6,.9,2.62,,8,,45.3
156,堡林,2022-09-19 13:00,28,,1.6,20,71,990.3,998.1,.5,1.89,,8,,50.1
156,堡林,2022-09-19 14:00,29.7,,2.1,20,59,990.1,997.8,1,3.1,,6,,55
156,堡林,2022-09-19 15:00,27.9,,2.1,320,63,990.5,998.3,1,2.69,,5,,51.5
156,堡林,2022-09-19 16:00,26.1,,1.8,290,65,991.2,999.1,1,2.08,,3,,41.8
156,堡林,2022-09-19 17:00,25.3,,2.7,320,63,992.5,1000.4,1,1.35,,4,,31.6
156,堡林,2022-09-19 18:00,24,,1.2,20,63,993.4,1001.3,1,.6,,3,,26.1
156,堡林,2022-09-19 19:00,23,,3.3,340,63,994.3,1002.3,.1,.11,,4,,23.2
156,堡林,2022-09-19 20:00,22.3,,1.8,20,62,995.9,1003.9,,,,9,,21.5
156,堡林,2022-09-19 21:00,22,,2.1,50,62,997.1,1005.1,,,,0,,20.6
156,堡林,2022-09-19 22:00,21.6,,1.5,20,62,998,1006.1,,,,4,,19.8
156,堡林,2022-09-19 23:00,21.3,,1.7,50,63,998.4,1006.5,,,,4,,19.1
156,堡林,2022-09-20 00:00,21,,2.2,50,64,998.8,1006.9,,,,3,,18.4
156,堡林,2022-09-20 01:00,20.3,,.6,50,68,999.4,1007.5,,,,1,,17.1
156,堡林,2022-09-20 02:00,19.3,,1,50,69,999.9,1008,,,,1,,16.4
156,堡林,2022-09-20 03:00,18.6,,1,90,74,1000.1,1008.2,,,,2,,16
156,堡林,2022-09-20 04:00,17.7,,1.8,70,76,1000.6,1008.8,,,,2,,15.3
156,堡林,2022-09-20 05:00,17.1,,1.1,50,80,1001.5,1009.7,,,,1,,14.9
156,堡林,2022-09-20 06:00,17.1,,1.5,70,80,1002.3,1010.5,,,,2,,14.9
156,堡林,2022-09-20 07:00,17.4,,1.4,70,80,1003.2,1011.4,0,.11,,0,,15.7
156,堡林,2022-09-20 08:00,18.7,,1.6,70,71,1003.7,1011.9,1,.69,,0,,18.2
156,堡林,2022-09-20 09:00,20.7,,1.2,70,64,1004,1012.1,1,1.47,,0,,29.3
156,堡林,2022-09-20 10:00,21.8,,1.2,50,57,1004.6,1012.7,1,2.16,,2,,36.9
156,堡林,2022-09-20 11:00,22.1,,.8,90,57,1004.6,1012.7,.8,2.31,,6,,36.9
156,堡林,2022-09-20 12:00,22.8,,1.1,50,53,1004.5,1012.6,.2,1.35,,7,,34.7
156,堡林,2022-09-20 13:00,23.2,,.8,20,51,1004.3,1012.3,.4,1.77,,7,,36.3
156,堡林,2022-09-20 14:00,25.4,,1.6,70,47,1003.8,1011.8,1,2.94,,8,,47.2
156,堡林,2022-09-20 15:00,25,,1.1,320,46,1003.7,1011.7,.5,1.46,,7,,40.2
156,堡林,2022-09-20 16:00,24.2,,.2,0,47,1003.6,1011.6,.3,.84,,7,,32.9
156,堡林,2022-09-20 17:00,23.1,,2.2,320,56,1003.8,1011.8,0,.43,,8,,29.3
156,堡林,2022-09-20 18:00,22.3,,1.1,270,57,1004.4,1012.5,.1,.33,,8,,26.3
156,堡林,2022-09-20 19:00,21.6,,1,320,61,1005,1013.1,0,.06,,10,,24.1
156,堡林,2022-09-20 20:00,21.3,,.7,340,62,1005.9,1014,,,,9,,22.7
156,堡林,2022-09-20 21:00,20.9,,1.5,70,62,1006.5,1014.7,,,,6,,22.2
156,堡林,2022-09-20 22:00,19.7,,1.4,50,68,1006.8,1014.9,,,,7,,20.2
156,堡林,2022-09-20 23:00,19.9,,1.3,50,60,1007,1015.2,,,,3,,18.8
156,堡林,2022-09-21 00:00,19.3,,1.3,70,64,1007,1015.2,,,,3,,18.7
156,堡林,2022-09-21 01:00,18.6,,1.3,70,71,1007,1015.2,,,,0,,17.3
156,堡林,2022-09-21 02:00,18,,.9,90,72,1007.3,1015.5,,,,0,,16.5
156,堡林,2022-09-21 03:00,17.8,,.7,50,74,1007.2,1015.4,,,,3,,16.7
156,堡林,2022-09-21 04:00,17.4,,.8,70,78,1007.6,1015.9,,,,0,,15.6
156,堡林,2022-09-21 05:00,16.4,,1.1,70,83,1008,1016.3,,,,0,,15.2
156,堡林,2022-09-21 06:00,16.3,,1.1,50,85,1008.5,1016.8,,,,3,,15
156,堡林,2022-09-21 07:00,16,,1,70,88,1009.1,1017.4,0,.1,,0,,15.4
156,堡林,2022-09-21 08:00,17.4,,.9,50,83,1009.5,1017.8,.9,.68,,1,,17.3
156,堡林,2022-09-21 09:00,19.6,,.4,0,71,1009.9,1018.1,1,1.46,,3,,26.4
156,堡林,2022-09-21 10:00,20.2,,.9,70,71,1010.1,1018.3,.9,1.72,,4,,29.1
156,堡林,2022-09-21 11:00,20.6,,.6,110,59,1009.8,1018,.3,1.17,,6,,28.2
156,堡林,2022-09-21 12:00,21.8,,1.3,250,53,1009,1017.1,.8,2.17,,7,,34.7
156,堡林,2022-09-21 13:00,24,,1.6,70,42,1008.4,1016.4,.6,2,,5,,42.8
156,堡林,2022-09-21 14:00,24.7,,2.3,50,39,1008,1016,1,3.16,,7,,47.7
156,堡林,2022-09-21 15:00,24.7,,1.6,160,36,1007.5,1015.5,1,2.6,,4,,45.9
156,堡林,2022-09-21 16:00,24.8,,2,70,37,1007.4,1015.4,.8,1.81,,6,,38.5
156,堡林,2022-09-21 17:00,24.4,,1.6,70,40,1007.4,1015.4,.8,1.09,,5,,31.2
156,堡林,2022-09-21 18:00,22.7,,1.1,90,46,1007.6,1015.7,.7,.51,,6,,25.4
156,堡林,2022-09-21 19:00,21.9,,1.4,180,51,1007.7,1015.8,.1,.09,,4,,22.4
156,堡林,2022-09-21 20:00,20.5,,1.9,200,55,1008.4,1016.6,,,,6,,20.2
156,堡林,2022-09-21 21:00,20.2,,.7,250,57,1008.7,1016.9,,,,3,,18.4
156,堡林,2022-09-21 22:00,19.9,,.8,250,59,1009.3,1017.5,,,,2,,17.5
156,堡林,2022-09-21 23:00,18.7,,.3,0,65,1009.2,1017.4,,,,5,,16.6
156,堡林,2022-09-22 00:00,17.9,,1.1,180,70,1009,1017.2,,,,0,,16.4
156,堡林,2022-09-22 01:00,17.4,,2.1,230,67,1009.1,1017.4,,,,1,,15.4
156,堡林,2022-09-22 02:00,17,,.5,180,67,1009.3,1017.6,,,,5,,15
156,堡林,2022-09-22 03:00,15.9,,.8,70,76,1009,1017.3,,,,0,,14.3
156,堡林,2022-09-22 04:00,15.1,,1.3,70,79,1008.7,1017.1,,,,0,,13.7
156,堡林,2022-09-22 05:00,14.5,,.8,70,82,1008.5,1016.9,,,,0,,13.7
156,堡林,2022-09-22 06:00,14,,1.3,70,84,1008.8,1017.2,,,,6,,13.4
156,堡林,2022-09-22 07:00,14.6,,1.6,70,79,1008.8,1017.2,0,.1,,8,,14
156,堡林,2022-09-22 08:00,15.9,,1.4,70,72,1008.8,1017.1,.2,.51,,8,,17.9
156,堡林,2022-09-22 09:00,18.7,,1.9,70,57,1008.9,1017.1,1,1.62,,3,,27.8
156,堡林,2022-09-22 10:00,19.9,,1.4,50,57,1008.5,1016.7,1,1.78,,6,,30.3
156,堡林,2022-09-22 11:00,21.8,,2,70,51,1007.8,1015.9,.9,2.1,,2,,37.4
156,堡林,2022-09-22 12:00,22.7,,1.9,50,47,1007,1015.1,1,3.06,,2,,46.1
156,堡林,2022-09-22 13:00,23.6,,1,90,46,1005.9,1013.9,1,3.16,,2,,49.8
156,堡林,2022-09-22 14:00,24.8,,1.5,340,42,1005.2,1013.2,1,3.13,,5,,50.8
156,堡林,2022-09-22 15:00,26,,.9,20,42,1004.9,1012.9,1,2.48,,6,,47.3
156,堡林,2022-09-22 16:00,24.8,,1.4,50,39,1004.7,1012.7,.7,1.65,,8,,37.3
156,堡林,2022-09-22 17:00,24.3,,1.7,50,39,1004.8,1012.8,.5,.89,,8,,31.6
156,堡林,2022-09-22 18:00,23.1,,.7,90,45,1005.1,1013.1,.3,.51,,7,,26.9
156,堡林,2022-09-22 19:00,22.7,,1.5,180,51,1005.3,1013.4,0,.07,,10,,23.8
156,堡林,2022-09-22 20:00,21.8,,1.3,230,60,1005.6,1013.7,,,,9,,22.2
156,堡林,2022-09-22 21:00,21.4,,1.3,200,63,1006.3,1014.4,,,,8,,20.8
156,堡林,2022-09-22 22:00,20.9,,.2,0,65,1006.4,1014.6,,,,10,,20.5
156,堡林,2022-09-22 23:00,20.7,,.7,200,68,1005.9,1014.1,,,,10,,20.2
156,堡林,2022-09-23 00:00,20.3,,.4,0,71,1005.6,1013.8,,,,8,,19.7
156,堡林,2022-09-23 01:00,19.8,,.4,0,75,1005.2,1013.3,,,,10,,19.2
156,堡林,2022-09-23 02:00,19.3,,.6,230,79,1005.2,1013.3,,,,8,,17.9
156,堡林,2022-09-23 03:00,18.6,,.2,0,84,1005,1013.2,,,,7,,17.2
156,堡林,2022-09-23 04:00,18,,.2,0,88,1005.2,1013.4,,,,8,,16.9
156,堡林,2022-09-23 05:00,17.7,,0,0,87,1005.4,1013.6,,,,7,,16.4
156,堡林,2022-09-23 06:00,17.2,,0,0,91,1005.4,1013.6,,,,8,,16
156,堡林,2022-09-23 07:00,17.1,,0,0,92,1005.2,1013.5,0,.1,,6,,16.2
156,堡林,2022-09-23 08:00,17.8,,.3,0,90,1005.6,1013.8,.4,.43,,7,,19.3
156,堡林,2022-09-23 09:00,20.3,,.7,200,77,1005.8,1014,1,1.49,,7,,28.9
156,堡林,2022-09-23 10:00,22.4,,.4,0,62,1005.9,1014,.9,2.05,,4,,37.2
156,堡林,2022-09-23 11:00,23.4,,1,290,55,1005.7,1013.7,1,2.67,,4,,43.2
156,堡林,2022-09-23 12:00,24.4,,1.5,290,50,1005.3,1013.3,.9,2.42,,2,,43.3
156,堡林,2022-09-23 13:00,24.1,,1.6,360,54,1004.8,1012.8,.7,2.34,,8,,40
156,堡林,2022-09-23 14:00,24.3,,2.2,320,62,1004.5,1012.5,.6,1.76,,6,,39
156,堡林,2022-09-23 15:00,23.8,,2.4,340,62,1004.5,1012.5,.9,2.27,,6,,41.8
156,堡林,2022-09-23 16:00,22,,2.1,20,63,1004.9,1013,1,2.08,,7,,37.2
156,堡林,2022-09-23 17:00,20.9,,2.2,50,55,1005.3,1013.5,1,1.31,,7,,28.6
156,堡林,2022-09-23 18:00,19.1,,2.3,50,58,1005.8,1014,.1,.28,,9,,23.4
156,堡林,2022-09-23 19:00,18.1,,2.7,50,55,1006.6,1014.8,0,.08,,10,,20.4
156,堡林,2022-09-23 20:00,17.4,,2.1,50,59,1007.4,1015.7,,,,6,,17.7
156,堡林,2022-09-23 21:00,16.9,,2,50,62,1008,1016.3,,,,4,,16.5
156,堡林,2022-09-23 22:00,16.7,,2,50,62,1008.1,1016.4,,,,0,,15.5
156,堡林,2022-09-23 23:00,16.6,,2,50,63,1008,1016.3,,,,0,,15
156,堡林,2022-09-24 00:00,15.7,,1.7,50,69,1008.1,1016.4,,,,0,,14.4
156,堡林,2022-09-24 01:00,15.4,,1.3,50,71,1008.3,1016.7,,,,0,,13.7
156,堡林,2022-09-24 02:00,15.1,,1.6,50,72,1008.3,1016.7,,,,5,,13.3
156,堡林,2022-09-24 03:00,15.1,,1.5,70,71,1008.3,1016.7,,,,0,,13.2
156,堡林,2022-09-24 04:00,14.9,,1.6,70,71,1008.1,1016.5,,,,0,,13.1
156,堡林,2022-09-24 05:00,14.8,,1.4,50,72,1008.6,1016.9,,,,0,,12.6
156,堡林,2022-09-24 06:00,14.3,,1.5,70,73,1008.7,1017.1,,,,4,,12.7
156,堡林,2022-09-24 07:00,14.6,,1,70,73,1009.3,1017.7,0,.1,,4,,13
156,堡林,2022-09-24 08:00,16.1,,2,70,68,1009.9,1018.2,.7,.53,,8,,16.4
156,堡林,2022-09-24 09:00,18.7,,2.5,50,58,1010,1018.2,1,1.6,,5,,26.4
156,堡林,2022-09-24 10:00,20,,3.2,70,47,1010.3,1018.5,1,2.23,,5,,33.9
156,堡林,2022-09-24 11:00,21.4,,3.2,70,43,1010.1,1018.3,1,2.79,,6,,40.9
156,堡林,2022-09-24 12:00,22.5,,3.6,50,35,1009.9,1018,1,3.31,,7,,47.9
156,堡林,2022-09-24 13:00,23,,2.8,20,30,1009.1,1017.2,1,3.25,,4,,48.9
156,堡林,2022-09-24 14:00,23.3,,2.4,20,29,1008.4,1016.5,1,3.04,,3,,48
156,堡林,2022-09-24 15:00,23.9,,2.4,50,32,1007.8,1015.8,1,2.56,,4,,45.6
156,堡林,2022-09-24 16:00,23,,1.6,50,34,1007.4,1015.5,.5,1.52,,9,,35.8
156,堡林,2022-09-24 17:00,22.6,,2.2,50,39,1007.8,1015.9,0,.81,,9,,30.2
156,堡林,2022-09-24 18:00,21.4,,2.1,20,49,1007.9,1016,0,.3,,8,,24.8
156,堡林,2022-09-24 19:00,19.9,,2.1,50,64,1007.8,1016,0,.06,,10,,22
156,堡林,2022-09-24 20:00,19.5,,0,0,70,1008.8,1017,,,,10,,20.5
156,堡林,2022-09-24 21:00,19.1,,.6,50,72,1009.2,1017.4,,,,9,,19.6
156,堡林,2022-09-24 22:00,18.5,,1.2,70,78,1008.9,1017.1,,,,10,,18.8
156,堡林,2022-09-24 23:00,18.5,,2.2,70,81,1008.7,1016.9,,,,10,,18.6
156,堡林,2022-09-25 00:00,18.1,,1.4,70,84,1008.5,1016.7,,,,9,,18
156,堡林,2022-09-25 01:00,17.9,,1,50,84,1008,1016.2,,,,10,,17.8
156,堡林,2022-09-25 02:00,17.8,,1.8,70,81,1007.8,1016,,,,10,,17.5
156,堡林,2022-09-25 03:00,17.4,,1.1,70,82,1007.4,1015.7,,,,9,,17.4
156,堡林,2022-09-25 04:00,17.4,,.6,90,78,1007.4,1015.7,,,,9,,17.3
156,堡林,2022-09-25 05:00,18,,.4,0,70,1007.4,1015.6,,,,9,,17.2
156,堡林,2022-09-25 06:00,17,,1.1,50,77,1008.2,1016.5,,,,9,,17.3
156,堡林,2022-09-25 07:00,17.5,,.1,0,75,1008.4,1016.7,0,.1,,9,,17.7
156,堡林,2022-09-25 08:00,17.9,,0,0,78,1009,1017.2,0,.31,,10,,20.1
156,堡林,2022-09-25 09:00,18.8,,.4,0,73,1009.3,1017.5,0,.57,,10,,23.8
156,堡林,2022-09-25 10:00,20.3,,.5,20,65,1009.7,1017.9,.2,1.16,,9,,31.1
156,堡林,2022-09-25 11:00,21.2,,.7,50,57,1009.2,1017.4,.3,1.7,,10,,33.6
156,堡林,2022-09-25 12:00,22,,.7,90,50,1008.4,1016.5,.2,1.7,,9,,36.8
156,堡林,2022-09-25 13:00,22.4,,.5,50,50,1008,1016.1,.2,1.68,,10,,36.3
156,堡林,2022-09-25 14:00,23.2,,.6,270,48,1007.5,1015.6,0,1.44,,9,,36.4
156,堡林,2022-09-25 15:00,24,,1.3,320,45,1007.2,1015.2,.6,1.93,,8,,40.2
156,堡林,2022-09-25 16:00,25,,.5,230,44,1006.9,1015,1,2.08,,6,,38.6
156,堡林,2022-09-25 17:00,23.4,,.8,320,47,1007.1,1015.1,.4,.77,,10,,29.8
156,堡林,2022-09-25 18:00,22.4,,.7,340,53,1007.4,1015.5,0,.24,,10,,25.1
156,堡林,2022-09-25 19:00,21,,.5,50,57,1007.7,1015.9,0,.06,,10,,22.3
156,堡林,2022-09-25 20:00,20.5,,.4,0,58,1008.4,1016.6,,,,9,,20.4
156,堡林,2022-09-25 21:00,19.9,,1.2,70,62,1008.5,1016.7,,,,8,,19.8
156,堡林,2022-09-25 22:00,19.2,,1.7,50,68,1008.4,1016.6,,,,9,,18.9
156,堡林,2022-09-25 23:00,18.9,,1.4,70,72,1008.1,1016.3,,,,10,,18.7
156,堡林,2022-09-26 00:00,18.8,,.5,50,72,1008.6,1016.8,,,,8,,18.2
156,堡林,2022-09-26 01:00,18.6,,.1,0,74,1008.3,1016.5,,,,9,,18.4
156,堡林,2022-09-26 02:00,18.4,,.3,0,74,1008,1016.2,,,,9,,18.1
156,堡林,2022-09-26 03:00,17.9,,.6,50,79,1008.2,1016.4,,,,7,,17.3
156,堡林,2022-09-26 04:00,17.5,,.2,0,81,1007.8,1016.1,,,,8,,17.2
156,堡林,2022-09-26 05:00,17.4,,.2,0,83,1008.1,1016.4,,,,9,,17.3
156,堡林,2022-09-26 06:00,17.5,,.1,0,84,1008.7,1017,,,,10,,17.5
156,堡林,2022-09-26 07:00,17.3,,.4,0,84,1008.7,1017,0,.08,,10,,17.8
156,堡林,2022-09-26 08:00,18.1,,0,0,82,1009.1,1017.3,0,.23,,10,,19.9
156,堡林,2022-09-26 09:00,18.4,,0,0,80,1009.9,1018.1,0,.39,,10,,21.1
156,堡林,2022-09-26 10:00,19.5,0,.2,0,75,1009.6,1017.8,0,.48,,10,,23.8
156,堡林,2022-09-26 11:00,20.4,0,1.9,50,70,1009.2,1017.4,0,.96,,10,,27.2
156,堡林,2022-09-26 12:00,21.2,0,1.1,50,61,1008.9,1017.1,0,1,,10,,30.1
156,堡林,2022-09-26 13:00,22.4,,.9,70,55,1008.2,1016.3,.1,1.5,,10,,35.7
156,堡林,2022-09-26 14:00,23.4,,.5,50,54,1008,1016.1,.4,2.14,,10,,38.6
156,堡林,2022-09-26 15:00,23.2,,.7,70,55,1007.4,1015.5,0,1.07,,10,,33.9
156,堡林,2022-09-26 16:00,22.4,,1,70,55,1007.7,1015.8,0,.73,,10,,29.4
156,堡林,2022-09-26 17:00,22.4,,.9,70,56,1007.6,1015.7,.2,.71,,8,,27.8
156,堡林,2022-09-26 18:00,21.2,,1,110,64,1007.8,1016,0,.26,,8,,23.5
156,堡林,2022-09-26 19:00,21.2,,.7,90,63,1008,1016.2,0,.06,,7,,20.9
156,堡林,2022-09-26 20:00,20.3,,.9,90,71,1008.3,1016.5,,,,10,,20.1
156,堡林,2022-09-26 21:00,20.1,,.1,0,71,1008.9,1017.1,,,,8,,19.8
156,堡林,2022-09-26 22:00,20.2,,.2,0,73,1008.8,1017,,,,10,,19.7
156,堡林,2022-09-26 23:00,19.8,,.6,50,74,1008.4,1016.5,,,,10,,19.3
156,堡林,2022-09-27 00:00,19.1,,.7,50,80,1008.5,1016.7,,,,9,,19.1
156,堡林,2022-09-27 01:00,19.2,,.5,90,80,1008.7,1016.9,,,,10,,19
156,堡林,2022-09-27 02:00,19,,.5,200,86,1008.6,1016.8,,,,10,,18.7
156,堡林,2022-09-27 03:00,18.2,,.1,0,90,1008.6,1016.8,,,,7,,17.2
156,堡林,2022-09-27 04:00,17.6,,.4,0,92,1008.1,1016.4,,,,6,,15.9
156,堡林,2022-09-27 05:00,17,,.7,70,92,1007.9,1016.2,,,,4,,15.2
156,堡林,2022-09-27 06:00,16.4,,0,0,94,1008,1016.3,,,,1,,14.1
156,堡林,2022-09-27 07:00,15.9,,.1,0,94,1007.9,1016.2,0,.08,,0,,13.8
156,堡林,2022-09-27 08:00,17.4,,.3,0,92,1008,1016.3,.8,.58,,0,,15.4
156,堡林,2022-09-27 09:00,19.9,,.7,270,81,1008.3,1016.5,1,1.39,,0,,26
156,堡林,2022-09-27 10:00,21.3,,.1,0,69,1008.6,1016.8,1,2.05,,0,,36.5
156,堡林,2022-09-27 11:00,23.9,,.5,90,56,1008.1,1016.1,1,2.59,,0,,43.9
156,堡林,2022-09-27 12:00,26,,2,70,45,1007.7,1015.7,1,2.94,,0,,50.1
156,堡林,2022-09-27 13:00,26.7,,2,50,38,1006.7,1014.7,1,3.06,,0,,52.9
156,堡林,2022-09-27 14:00,26.6,,1.2,340,36,1006,1014,1,2.89,,0,,52.5
156,堡林,2022-09-27 15:00,27.2,,.8,360,36,1005.3,1013.3,1,2.51,,0,,48.9
156,堡林,2022-09-27 16:00,28.3,,.7,250,34,1005,1012.9,1,1.81,,0,,41.1
156,堡林,2022-09-27 17:00,27.5,,.8,230,33,1005,1012.9,1,1.16,,0,,31.1
156,堡林,2022-09-27 18:00,25.3,,.7,340,52,1005,1013,1,.47,,0,,25.6
156,堡林,2022-09-27 19:00,23.5,,.9,250,61,1005.5,1013.5,0,.06,,4,,22.2
156,堡林,2022-09-27 20:00,21.9,,1.4,230,67,1006.3,1014.4,,,,0,,20
156,堡林,2022-09-27 21:00,21.1,,1.3,230,71,1006.9,1015.1,,,,0,,18.4
156,堡林,2022-09-27 22:00,20.8,,.6,250,75,1007.1,1015.3,,,,6,,18.1
156,堡林,2022-09-27 23:00,20.5,,.5,270,75,1007.2,1015.4,,,,6,,17.8
156,堡林,2022-09-28 00:00,19.6,,.4,0,79,1007,1015.1,,,,6,,16.9
156,堡林,2022-09-28 01:00,19.3,,.8,270,84,1006.9,1015.1,,,,6,,16.5
156,堡林,2022-09-28 02:00,18.9,,.4,0,88,1006.8,1015,,,,9,,16.7
156,堡林,2022-09-28 03:00,18.6,,0,0,89,1006.5,1014.7,,,,8,,16.7
156,堡林,2022-09-28 04:00,18,,.4,0,91,1006.2,1014.4,,,,8,,16.3
156,堡林,2022-09-28 05:00,17.7,,.3,0,91,1006.2,1014.4,,,,7,,15.9
156,堡林,2022-09-28 06:00,17.5,,0,0,92,1006,1014.2,,,,9,,16.4
156,堡林,2022-09-28 07:00,17.6,,.3,0,89,1006.3,1014.5,0,.08,,10,,17.1
156,堡林,2022-09-28 08:00,18.7,,0,0,86,1006.4,1014.6,0,.37,,9,,20.9
156,堡林,2022-09-28 09:00,19.9,,0,0,77,1006.5,1014.7,.2,.84,,9,,25.7
156,堡林,2022-09-28 10:00,22.5,,.4,0,67,1006.6,1014.7,1,1.7,,8,,35.4
156,堡林,2022-09-28 11:00,23.7,,.2,0,61,1006.4,1014.4,.6,1.78,,8,,40.1
156,堡林,2022-09-28 12:00,24,,.8,20,59,1006,1014,.2,1.59,,8,,36.9
156,堡林,2022-09-28 13:00,23.9,,.9,50,59,1005.7,1013.7,.1,1.51,,9,,35.3
156,堡林,2022-09-28 14:00,24.8,,1,20,53,1005.2,1013.2,.2,1.43,,9,,39.9
156,堡林,2022-09-28 15:00,24.5,,1.1,320,56,1005,1013,0,.88,,9,,33.6
156,堡林,2022-09-28 16:00,23.9,,1,360,59,1004.9,1012.9,0,.7,,9,,30.4
156,堡林,2022-09-28 17:00,23.5,,.3,0,64,1004.5,1012.5,0,.32,,9,,27
156,堡林,2022-09-28 18:00,22.9,,.2,0,70,1004.8,1012.9,0,.16,,9,,24.2
156,堡林,2022-09-28 19:00,22.4,,.1,0,70,1005,1013.1,0,.06,,10,,22.3
156,堡林,2022-09-28 20:00,21.5,,.9,50,79,1005.4,1013.5,,,,9,,21.3
156,堡林,2022-09-28 21:00,21.4,,.2,0,80,1005.7,1013.8,,,,8,,20.7
156,堡林,2022-09-28 22:00,20.9,,.8,70,82,1006,1014.2,,,,8,,20.1
156,堡林,2022-09-28 23:00,20.4,,.1,0,86,1006,1014.2,,,,5,,18.9
156,堡林,2022-09-29 00:00,19.9,,.6,50,91,1006.1,1014.3,,,,0,,17.2
156,堡林,2022-09-29 01:00,19,,.9,50,93,1006.2,1014.4,,,,2,,16.1
156,堡林,2022-09-29 02:00,18.4,,0,0,93,1006,1014.2,,,,0,,15.4
156,堡林,2022-09-29 03:00,17.9,,0,0,94,1005.9,1014.1,,,,0,,14.7
156,堡林,2022-09-29 04:00,17.4,,0,0,95,1006,1014.2,,,,0,,14.3
156,堡林,2022-09-29 05:00,17.2,,0,0,96,1006.3,1014.6,,,,0,,13.9
156,堡林,2022-09-29 06:00,16.6,,.7,70,96,1006.5,1014.8,,,,0,,13.7
156,堡林,2022-09-29 07:00,16.5,,0,0,96,1006.9,1015.2,0,.1,,0,,13.9
156,堡林,2022-09-29 08:00,17.4,,.3,0,95,1007.3,1015.6,.8,.59,,0,,16.3
156,堡林,2022-09-29 09:00,19.7,,.5,290,89,1007.3,1015.4,1,1.36,,0,,25.5
156,堡林,2022-09-29 10:00,21.3,,.8,250,77,1007.2,1015.3,1,2.06,,0,,36.1
156,堡林,2022-09-29 11:00,23.4,,.7,270,64,1007,1015,1,2.66,,0,,43.4
156,堡林,2022-09-29 12:00,24.5,,.7,320,33,1006.4,1014.4,1,2.98,,0,,49.4
156,堡林,2022-09-29 13:00,26.7,,.9,110,35,1005.9,1013.9,1,3.06,,0,,52.6
156,堡林,2022-09-29 14:00,26.9,,.8,230,35,1005.3,1013.3,1,2.87,,0,,51.8
156,堡林,2022-09-29 15:00,26.9,,.9,20,37,1005,1013,1,2.47,,0,,47.7
156,堡林,2022-09-29 16:00,27.4,,1,20,35,1005,1012.9,1,1.9,,0,,41
156,堡林,2022-09-29 17:00,26.2,,1.2,320,45,1005.3,1013.3,1,1.17,,0,,30.5
156,堡林,2022-09-29 18:00,23.5,,.7,270,51,1005.8,1013.8,1,.46,,0,,24.3
156,堡林,2022-09-29 19:00,21.9,,.5,270,56,1006.1,1014.2,0,.06,,0,,20.3
156,堡林,2022-09-29 20:00,20.3,,.4,0,61,1006.8,1015,,,,0,,18.4
156,堡林,2022-09-29 21:00,20.2,,.4,0,63,1007.4,1015.6,,,,0,,17.2
156,堡林,2022-09-29 22:00,19.8,,.1,0,67,1007.7,1015.8,,,,0,,16.2
156,堡林,2022-09-29 23:00,18.8,,.5,270,75,1007.8,1016,,,,0,,15.5
156,堡林,2022-09-30 00:00,18.1,,.3,0,77,1007.9,1016.1,,,,0,,15
156,堡林,2022-09-30 01:00,17.7,,.3,0,81,1007.9,1016.1,,,,0,,14.3
156,堡林,2022-09-30 02:00,16.9,,.1,0,90,1008.1,1016.4,,,,0,,13.8
156,堡林,2022-09-30 03:00,16.7,,0,0,91,1008.1,1016.4,,,,0,,13.4
156,堡林,2022-09-30 04:00,15.9,,0,0,93,1008,1016.3,,,,0,,13
156,堡林,2022-09-30 05:00,15.9,,.3,0,93,1008.3,1016.6,,,,0,,12.8
156,堡林,2022-09-30 06:00,15.2,,0,0,94,1008.5,1016.9,,,,0,,12.4
156,堡林,2022-09-30 07:00,15.4,,0,0,94,1008.5,1016.9,0,.09,,0,,12.8
156,堡林,2022-09-30 08:00,17,,.2,0,92,1008.7,1017,.8,.59,,0,,15
156,堡林,2022-09-30 09:00,19.7,,0,0,81,1008.9,1017.1,1,1.34,,0,,25
156,堡林,2022-09-30 10:00,22,,.5,290,68,1008.9,1017,1,2.03,,0,,36
156,堡林,2022-09-30 11:00,24.5,,.6,230,59,1008.6,1016.6,1,2.52,,0,,43.3
156,堡林,2022-09-30 12:00,26.5,,.5,340,45,1008.1,1016.1,1,2.82,,0,,50
156,堡林,2022-09-30 13:00,28,,1.4,200,43,1007.4,1015.3,1,2.87,,0,,52.7
156,堡林,2022-09-30 14:00,28.7,,.6,110,40,1006.9,1014.8,1,2.74,,0,,52.2
156,堡林,2022-09-30 15:00,29.1,,1.4,250,35,1006.4,1014.3,1,2.36,,0,,48.6
156,堡林,2022-09-30 16:00,29,,1,320,31,1006.3,1014.2,1,1.85,,0,,41.7
156,堡林,2022-09-30 17:00,28.7,,1,320,30,1006.3,1014.2,1,1.12,,0,,31.4
156,堡林,2022-09-30 18:00,25,,.9,290,54,1006.8,1014.9,.9,.43,,0,,25.8
156,堡林,2022-09-30 19:00,23,,.5,290,57,1007.5,1015.6,0,.05,,0,,21.9
156,堡林,2022-09-30 20:00,22.3,,.9,270,55,1008,1016.1,,,,4,,19.9
156,堡林,2022-09-30 21:00,21.9,,.2,0,57,1008.6,1016.7,,,,0,,18.5
156,堡林,2022-09-30 22:00,21.3,,.1,0,58,1008.6,1016.8,,,,6,,17.4
156,堡林,2022-09-30 23:00,20.3,,.1,0,66,1008.5,1016.7,,,,6,,16.6
156,堡林,2022-10-01 00:00,19.6,,0,0,78,1008.4,1016.6,,,,3,,16
156,堡林,2022-10-01 01:00,18.6,,0,0,81,1008.6,1016.8,,,,0,,15.1
156,堡林,2022-10-01 02:00,18.1,,.5,270,89,1008.5,1016.7,,,,3,,14.7
156,堡林,2022-10-01 03:00,17.5,,.2,0,91,1008.8,1017.1,,,,0,,14.1
156,堡林,2022-10-01 04:00,16.8,,0,0,93,1009.1,1017.4,,,,0,,13.5
156,堡林,2022-10-01 05:00,16.6,,.2,0,92,1009.3,1017.6,,,,0,,13.1
156,堡林,2022-10-01 06:00,16.4,,.3,0,93,1009.5,1017.8,,,,0,,12.7
156,堡林,2022-10-01 07:00,16.2,,0,0,94,1010,1018.3,0,.08,,0,,13.1
156,堡林,2022-10-01 08:00,17.5,,.3,0,91,1010.6,1018.9,.8,.57,,1,,15.3
156,堡林,2022-10-01 09:00,20.1,,.3,0,76,1011,1019.2,1,1.32,,1,,24.7
156,堡林,2022-10-01 10:00,22.5,,.3,0,61,1011,1019.1,1,2.03,,2,,35.9
156,堡林,2022-10-01 11:00,25.2,,1,50,52,1010.8,1018.9,1,2.57,,3,,44.5
156,堡林,2022-10-01 12:00,26.4,,.8,50,47,1010.2,1018.2,1,2.55,,5,,45.6
156,堡林,2022-10-01 13:00,27.7,,1.2,250,42,1009.2,1017.2,1,2.92,,5,,51.6
156,堡林,2022-10-01 14:00,28.8,,.3,0,41,1008.6,1016.5,.7,1.9,,6,,46.7
156,堡林,2022-10-01 15:00,29.8,,.7,360,37,1008.2,1016.1,1,2.51,,4,,48.3
156,堡林,2022-10-01 16:00,29.6,,.5,50,36,1007.9,1015.8,1,1.78,,4,,42.5
156,堡林,2022-10-01 17:00,29,,.6,70,35,1008,1015.9,1,1.06,,3,,32
156,堡林,2022-10-01 18:00,27.4,,.8,250,40,1008.6,1016.6,.4,.31,,4,,26
156,堡林,2022-10-01 19:00,25.9,,1.8,180,51,1008.9,1016.9,0,.06,,8,,24
156,堡林,2022-10-01 20:00,24.7,,1.4,230,57,1009.6,1017.6,,,,10,,23.3
156,堡林,2022-10-01 21:00,24.1,,1.4,230,61,1009.5,1017.5,,,,9,,22.4
156,堡林,2022-10-01 22:00,23.6,,.4,0,62,1009.7,1017.8,,,,5,,19.9
156,堡林,2022-10-01 23:00,22.5,,.2,0,68,1009.6,1017.7,,,,9,,19.8
156,堡林,2022-10-02 00:00,21.7,,.4,0,68,1009.8,1017.9,,,,0,,18.4
156,堡林,2022-10-02 01:00,20.8,,.2,0,74,1009.3,1017.5,,,,8,,17.1
156,堡林,2022-10-02 02:00,20.3,,.1,0,78,1009.1,1017.3,,,,8,,16.5
156,堡林,2022-10-02 03:00,19.7,,.1,0,85,1009.1,1017.3,,,,7,,16.1
156,堡林,2022-10-02 04:00,19.1,,0,0,90,1009,1017.2,,,,7,,15.6
156,堡林,2022-10-02 05:00,18.8,,.1,0,91,1009,1017.2,,,,4,,15
156,堡林,2022-10-02 06:00,17.9,,.1,0,92,1009.9,1018.2,,,,6,,15.1
156,堡林,2022-10-02 07:00,18.7,,.4,0,91,1010,1018.2,0,.09,,7,,17.1
156,堡林,2022-10-02 08:00,19.8,,.6,70,81,1009.9,1018.1,.5,.55,,6,,18.4
156,堡林,2022-10-02 09:00,21.7,,.4,0,68,1010.8,1019,1,1.19,,5,,26.2
156,堡林,2022-10-02 10:00,24.6,,.7,200,53,1010.3,1018.3,1,2,,2,,36.6
156,堡林,2022-10-02 11:00,27.2,,3.4,200,41,1009.8,1017.8,1,2.51,,1,,44.7
156,堡林,2022-10-02 12:00,27.7,,2.6,180,38,1009,1017,1,2.62,,7,,48.7
156,堡林,2022-10-02 13:00,27.7,,3.6,180,34,1008.6,1016.6,.9,2.74,,6,,48.4
156,堡林,2022-10-02 14:00,29,,2,180,35,1007.9,1015.8,1,2.26,,7,,48.9
156,堡林,2022-10-02 15:00,28.6,,3.9,200,39,1007.2,1015.1,1,2.11,,8,,44.8
156,堡林,2022-10-02 16:00,27.5,,2.7,180,45,1007,1015,.8,1.43,,8,,39
156,堡林,2022-10-02 17:00,26.9,,3.9,200,52,1006.9,1014.9,.8,1.01,,7,,32.8
156,堡林,2022-10-02 18:00,25.4,,2.7,180,61,1007.3,1015.3,.5,.34,,7,,27.4
156,堡林,2022-10-02 19:00,24.3,,2.1,180,68,1007.5,1015.5,0,.07,,7,,24.5
156,堡林,2022-10-02 20:00,23.8,,2,230,77,1008.3,1016.3,,,,5,,23.4
156,堡林,2022-10-02 21:00,23.5,,2,200,76,1008.6,1016.7,,,,8,,23
156,堡林,2022-10-02 22:00,23.5,,3.4,200,79,1007.1,1015.1,,,,10,,23.1
156,堡林,2022-10-02 23:00,23.7,,3.1,180,82,1008,1016,,,,9,,23.1
156,堡林,2022-10-03 00:00,23.9,,1.9,180,82,1008.1,1016.1,,,,10,,23.8
156,堡林,2022-10-03 01:00,23.7,,3.9,200,83,1007.4,1015.4,,,,8,,22.9
156,堡林,2022-10-03 02:00,23.8,,2.5,200,85,1007.1,1015.1,,,,10,,23.5
156,堡林,2022-10-03 03:00,24,,2.4,180,87,1006.8,1014.8,,,,10,,23.8
156,堡林,2022-10-03 04:00,24.1,,1.8,180,88,1006.8,1014.8,,,,9,,23.9
156,堡林,2022-10-03 05:00,24.2,,1.5,200,88,1007.3,1015.3,,,,10,,24
156,堡林,2022-10-03 06:00,24.3,,1.1,200,88,1007.6,1015.6,,,,9,,24
156,堡林,2022-10-03 07:00,24.5,,1.3,200,88,1008.2,1016.2,0,.06,,10,,24.2
156,堡林,2022-10-03 08:00,24.9,,2.6,200,86,1008.7,1016.8,0,.21,,10,,25.8
156,堡林,2022-10-03 09:00,25.8,,2.1,200,81,1008.7,1016.7,0,.49,,10,,28.8
156,堡林,2022-10-03 10:00,25.9,,2.6,200,79,1008.9,1016.9,0,.42,,10,,29.3
156,堡林,2022-10-03 11:00,26.4,,3.2,200,77,1007.9,1015.9,0,.7,,10,,31.7
156,堡林,2022-10-03 12:00,27,,2.3,230,73,1007.8,1015.8,0,.73,,10,,33.9
156,堡林,2022-10-03 13:00,28.5,,3,230,69,1006.5,1014.4,.1,1.36,,10,,39.5
156,堡林,2022-10-03 14:00,28.9,,4.9,200,66,1005.9,1013.8,.3,1.47,,10,,41.2
156,堡林,2022-10-03 15:00,29.8,,2.4,250,63,1005.2,1013.1,.6,1.39,,10,,41.7
156,堡林,2022-10-03 16:00,28.4,,2.8,230,68,1005.4,1013.3,.2,1,,10,,36.8
156,堡林,2022-10-03 17:00,27.5,,1.8,250,71,1005,1012.9,0,.56,,10,,32.5
156,堡林,2022-10-03 18:00,26.9,,2.8,230,74,1005,1013,0,.16,,10,,28.6
156,堡林,2022-10-03 19:00,26.2,,2.2,200,79,1005.4,1013.4,0,.06,,8,,27
156,堡林,2022-10-03 20:00,25.7,,3.2,200,84,1005.4,1013.4,,,,9,,25.6
156,堡林,2022-10-03 21:00,25.4,,3.1,200,86,1005.7,1013.7,,,,9,,24.9
156,堡林,2022-10-03 22:00,25.3,,3,200,85,1005.5,1013.5,,,,8,,24.7
156,堡林,2022-10-03 23:00,25.1,,2.7,200,87,1005.3,1013.3,,,,10,,24.9
156,堡林,2022-10-04 00:00,25.2,,2.6,230,85,1004.7,1012.7,,,,10,,24.9
156,堡林,2022-10-04 01:00,25,,2.8,200,84,1003.9,1011.9,,,,6,,24.7
156,堡林,2022-10-04 02:00,24.9,,3.6,230,84,1003.5,1011.5,,,,8,,24.5
156,堡林,2022-10-04 03:00,24.7,,2.3,230,86,1003.1,1011.1,,,,9,,24.3
156,堡林,2022-10-04 04:00,24.8,,5.5,230,87,1002.5,1010.4,,,,10,,24.4
156,堡林,2022-10-04 05:00,24.7,,5.6,230,91,1002.4,1010.4,,,,10,,24.5
156,堡林,2022-10-04 06:00,23.9,.6,4.9,230,91,1001.8,1009.8,,,,10,,23.8
156,堡林,2022-10-04 07:00,22,6.3,1.1,320,96,1002.7,1010.8,0,.06,,10,,23.2
156,堡林,2022-10-04 08:00,19.9,21.4,1.6,270,96,1004.6,1012.8,0,.06,,10,,20.4
156,堡林,2022-10-04 09:00,19.3,4.4,.6,290,96,1004.6,1012.7,0,.09,,10,,20.4
156,堡林,2022-10-04 10:00,19.3,.6,.6,290,96,1004.4,1012.5,0,.34,,10,,22
156,堡林,2022-10-04 11:00,19.3,.1,1.7,290,95,1005.9,1014.1,0,.51,,10,,22.7
156,堡林,2022-10-04 12:00,19.2,,1.7,320,94,1006.1,1014.3,0,.73,,10,,24
156,堡林,2022-10-04 13:00,19.6,,2.1,340,91,1006.2,1014.3,0,.9,,9,,24.7
156,堡林,2022-10-04 14:00,19.5,,1.2,340,86,1006.3,1014.4,.1,.9,,10,,24.3
156,堡林,2022-10-04 15:00,19.7,,.3,0,83,1006.3,1014.4,0,.7,,9,,23.7
156,堡林,2022-10-04 16:00,19.5,,1.2,320,71,1006.7,1014.8,.3,.99,,8,,23.7
156,堡林,2022-10-04 17:00,18.4,,1.6,340,74,1007.4,1015.6,.4,.81,,9,,21.3
156,堡林,2022-10-04 18:00,17.1,,1.8,320,79,1008.1,1016.4,0,.2,,9,,18.7
156,堡林,2022-10-04 19:00,16.6,,1.7,340,79,1008.9,1017.2,0,.06,,10,,17.6
156,堡林,2022-10-04 20:00,16.5,,.9,360,79,1009.3,1017.6,,,,10,,17.3
156,堡林,2022-10-04 21:00,16.3,,1,50,81,1009.5,1017.8,,,,10,,17.3
156,堡林,2022-10-04 22:00,16.2,,.5,340,80,1009.9,1018.2,,,,9,,17.1
156,堡林,2022-10-04 23:00,16,,.8,320,79,1010.2,1018.5,,,,9,,16.9
156,堡林,2022-10-05 00:00,16.1,,1,340,79,1010.3,1018.6,,,,10,,16.8
156,堡林,2022-10-05 01:00,16.1,,.7,270,79,1010.9,1019.2,,,,9,,16.7
156,堡林,2022-10-05 02:00,15.9,,.2,0,79,1010.5,1018.9,,,,10,,16.5
156,堡林,2022-10-05 03:00,15.8,,1,20,78,1010.4,1018.8,,,,10,,16.2
156,堡林,2022-10-05 04:00,15.5,,.6,340,78,1010.7,1019.1,,,,10,,16.1
156,堡林,2022-10-05 05:00,15.3,,.6,50,77,1010.8,1019.2,,,,10,,15.9
156,堡林,2022-10-05 06:00,15.1,,.9,50,78,1010.9,1019.3,,,,10,,15.7
156,堡林,2022-10-05 07:00,15,,.5,90,77,1011.2,1019.6,0,.07,,10,,15.7
156,堡林,2022-10-05 08:00,15.6,,.5,50,74,1012.7,1021.1,.1,.32,,8,,17.1
156,堡林,2022-10-05 09:00,17.1,,.6,20,61,1012.9,1021.2,.6,1.07,,8,,20.6
156,堡林,2022-10-05 10:00,17.4,,1.3,320,60,1012.9,1021.2,.8,1.6,,3,,23.9
156,堡林,2022-10-05 11:00,18,,.9,270,53,1012.6,1020.9,1,2.46,,0,,28.3
156,堡林,2022-10-05 12:00,18.7,,1.2,320,45,1012.2,1020.4,1,2.86,,4,,31.7
156,堡林,2022-10-05 13:00,20.7,,.8,70,43,1011,1019.2,1,2.88,,0,,32.6
156,堡林,2022-10-05 14:00,20.7,,1.5,320,41,1010.2,1018.4,1,2.73,,0,,32.6
156,堡林,2022-10-05 15:00,20.7,,2.5,270,45,1010,1018.2,1,2.36,,0,,30.8
156,堡林,2022-10-05 16:00,20,,1.3,320,45,1009.3,1017.5,1,1.77,,0,,26
156,堡林,2022-10-05 17:00,19.4,,2.4,290,49,1010.2,1018.4,1,1.01,,0,,20.5
156,堡林,2022-10-05 18:00,17.2,,1.3,320,58,1010.9,1019.2,.4,.3,,4,,17.6
156,堡林,2022-10-05 19:00,15.7,,1.2,290,64,1011.3,1019.7,0,.05,,4,,15.8
156,堡林,2022-10-05 20:00,15.4,,1,340,68,1012.4,1020.8,,,,10,,15.7
156,堡林,2022-10-05 21:00,15.5,,.5,290,70,1012.8,1021.2,,,,10,,16
156,堡林,2022-10-05 22:00,14.8,,1.2,90,71,1012.2,1020.6,,,,10,,15.6
156,堡林,2022-10-05 23:00,14.6,,1,50,74,1013,1021.4,,,,9,,15.1
156,堡林,2022-10-06 00:00,15,,.3,0,73,1012.9,1021.3,,,,9,,15.6
156,堡林,2022-10-06 01:00,14.4,,.5,110,75,1012.5,1020.9,,,,10,,15.6
156,堡林,2022-10-06 02:00,14.5,,1.1,70,77,1012,1020.4,,,,10,,15.5
156,堡林,2022-10-06 03:00,14.9,,.7,50,76,1011.8,1020.2,,,,10,,15.5
156,堡林,2022-10-06 04:00,14.7,,.3,0,79,1012,1020.4,,,,10,,15.5
156,堡林,2022-10-06 05:00,14.7,,.3,0,81,1012,1020.4,,,,10,,15.6
156,堡林,2022-10-06 06:00,14.5,,0,0,82,1012,1020.4,,,,10,,15.6
156,堡林,2022-10-06 07:00,14.2,,.3,0,86,1012.3,1020.7,0,.07,,2,,14.4
156,堡林,2022-10-06 08:00,14.9,,.1,0,84,1012.3,1020.7,.7,.5,,3,,14.8
156,堡林,2022-10-06 09:00,16.9,,.5,20,71,1012.5,1020.8,.9,1.15,,4,,19.5
156,堡林,2022-10-06 10:00,18.5,,.6,20,58,1012.1,1020.3,1,2.09,,3,,26.8
156,堡林,2022-10-06 11:00,19.6,,.8,360,52,1011.9,1020.1,.9,2.16,,2,,28.5
156,堡林,2022-10-06 12:00,19.9,,.8,90,46,1011.3,1019.5,.9,2.28,,7,,30.6
156,堡林,2022-10-06 13:00,20.3,,1,320,43,1010.2,1018.4,.9,2.29,,8,,29.9
156,堡林,2022-10-06 14:00,20.7,,.7,360,44,1009.5,1017.7,.4,1.65,,8,,27.6
156,堡林,2022-10-06 15:00,20.7,,1.2,320,45,1009.2,1017.4,.2,1.24,,8,,26
156,堡林,2022-10-06 16:00,19.7,,1.6,320,56,1009.4,1017.6,.1,.83,,10,,23
156,堡林,2022-10-06 17:00,18.3,,.8,340,67,1009.2,1017.4,0,.32,,10,,20
156,堡林,2022-10-06 18:00,17.5,,1.1,320,74,1009.9,1018.2,0,.12,,10,,18.5
156,堡林,2022-10-06 19:00,17.1,,.7,290,80,1010.1,1018.4,0,.06,,10,,17.5
156,堡林,2022-10-06 20:00,16.5,,1.3,290,81,1010.5,1018.8,,,,10,,16.9
156,堡林,2022-10-06 21:00,16.4,,1.1,320,81,1011.1,1019.4,,,,9,,16.5
156,堡林,2022-10-06 22:00,16.2,,1,320,80,1011.1,1019.4,,,,10,,16.3
156,堡林,2022-10-06 23:00,16.1,,.8,320,78,1011.3,1019.6,,,,10,,16.2
156,堡林,2022-10-07 00:00,15.8,,.2,0,78,1010.4,1018.8,,,,10,,16
156,堡林,2022-10-07 01:00,15.8,,.8,290,77,1010.8,1019.2,,,,10,,15.6
156,堡林,2022-10-07 02:00,15.7,,.4,0,77,1011.1,1019.5,,,,10,,15.5
156,堡林,2022-10-07 03:00,15.6,0,.8,270,75,1010.9,1019.3,,,,10,,15.1
156,堡林,2022-10-07 04:00,15.4,,.6,320,73,1010.7,1019.1,,,,10,,14.9
156,堡林,2022-10-07 05:00,15.3,,.8,320,71,1010.4,1018.8,,,,10,,14.7
156,堡林,2022-10-07 06:00,14.8,,.2,0,75,1010.5,1018.9,,,,9,,14.5
156,堡林,2022-10-07 07:00,15.2,,.5,290,72,1010.6,1019,0,.06,,9,,14.6
156,堡林,2022-10-07 08:00,15.7,,1.4,360,70,1011,1019.4,0,.19,,9,,15.8
156,堡林,2022-10-07 09:00,16.9,,1.6,360,64,1011.1,1019.4,.5,.76,,1,,19.7
156,堡林,2022-10-07 10:00,17.7,,1.5,20,54,1011.2,1019.5,1,1.98,,8,,26.6
156,堡林,2022-10-07 11:00,18.6,,2.3,20,53,1011.1,1019.3,.5,1.59,,7,,27.6
156,堡林,2022-10-07 12:00,17.9,,2.8,20,51,1011,1019.3,.9,2.4,,3,,27
156,堡林,2022-10-07 13:00,18.6,,3.6,50,45,1010.2,1018.4,1,2.52,,3,,28.7
156,堡林,2022-10-07 14:00,20,,2.1,50,42,1009.6,1017.8,1,2.63,,3,,31.2
156,堡林,2022-10-07 15:00,19.4,,2.1,50,45,1009.6,1017.8,.9,1.88,,5,,28.9
156,堡林,2022-10-07 16:00,19.1,,2.3,20,49,1010,1018.2,.9,1.52,,1,,27.5
156,堡林,2022-10-07 17:00,17.9,,1.6,20,49,1010.7,1019,1,1.07,,6,,24
156,堡林,2022-10-07 18:00,16.6,,1.4,20,53,1011.1,1019.4,.3,.27,,5,,20.6
156,堡林,2022-10-07 19:00,15.8,,.7,50,55,1012.1,1020.5,0,.05,,9,,19
156,堡林,2022-10-07 20:00,15.7,,1.1,50,55,1013.2,1021.6,,,,10,,18.1
156,堡林,2022-10-07 21:00,15.1,,.9,70,59,1013.8,1022.2,,,,7,,17.3
156,堡林,2022-10-07 22:00,14.4,,1.6,70,65,1014.1,1022.5,,,,10,,16.6
156,堡林,2022-10-07 23:00,14.2,,1.1,70,65,1014.8,1023.2,,,,9,,16.1
156,堡林,2022-10-08 00:00,14,,1.1,70,68,1014.5,1022.9,,,,9,,15.6
156,堡林,2022-10-08 01:00,13.7,,1,50,70,1014.2,1022.6,,,,9,,15.1
156,堡林,2022-10-08 02:00,13.2,,1.7,70,74,1014.2,1022.7,,,,4,,14.4
156,堡林,2022-10-08 03:00,12.6,,1.3,50,77,1014.5,1023,,,,6,,13.8
156,堡林,2022-10-08 04:00,12.6,,1.5,70,82,1014.9,1023.4,,,,6,,13.7
156,堡林,2022-10-08 05:00,12.9,,1.1,70,82,1014.8,1023.3,,,,6,,14
156,堡林,2022-10-08 06:00,12.4,,1.3,70,84,1014.8,1023.3,,,,4,,13.5
156,堡林,2022-10-08 07:00,12.2,,2.4,70,88,1014.8,1023.3,0,.08,,4,,13.3
156,堡林,2022-10-08 08:00,13.4,,1.8,70,81,1015.6,1024.1,.6,.47,,0,,13.8
156,堡林,2022-10-08 09:00,14.9,,1.2,70,72,1015.9,1024.3,.9,1.13,,6,,17.8
156,堡林,2022-10-08 10:00,17.1,,.6,90,62,1015.9,1024.2,.8,1.52,,3,,22.3
156,堡林,2022-10-08 11:00,19.8,,.6,90,52,1015.3,1023.5,1,2.39,,0,,27.2
156,堡林,2022-10-08 12:00,20.4,,1,200,49,1014.9,1023.2,1,2.71,,4,,30.8
156,堡林,2022-10-08 13:00,20.1,,1.1,230,51,1014.3,1022.6,.2,1.42,,10,,27.8
156,堡林,2022-10-08 14:00,19.9,,1.5,230,56,1013.9,1022.2,0,.34,,10,,24
156,堡林,2022-10-08 15:00,19.9,,1.2,230,53,1013.6,1021.9,0,.8,,10,,24.8
156,堡林,2022-10-08 16:00,20.4,,1.4,200,48,1013.3,1021.5,0,.72,,9,,24.6
156,堡林,2022-10-08 17:00,19.8,,1.5,180,51,1013.4,1021.6,.1,.5,,9,,23.3
156,堡林,2022-10-08 18:00,18.9,,1.2,180,56,1013.3,1021.5,0,.18,,9,,21.4
156,堡林,2022-10-08 19:00,18.6,,1.2,160,53,1014.1,1022.4,0,.05,,9,,19.8
156,堡林,2022-10-08 20:00,18.3,,1,180,54,1014.5,1022.8,,,,10,,19.4
156,堡林,2022-10-08 21:00,17.7,,1.6,200,58,1014.6,1022.9,,,,4,,18.2
156,堡林,2022-10-08 22:00,17.5,,1.4,180,60,1014.9,1023.2,,,,10,,17.7
156,堡林,2022-10-08 23:00,16.8,,0,0,63,1015,1023.3,,,,10,,17.3
156,堡林,2022-10-09 00:00,16.5,,1.2,50,61,1015.1,1023.5,,,,8,,17
156,堡林,2022-10-09 01:00,16.4,,.7,50,59,1014.5,1022.9,,,,10,,16.8
156,堡林,2022-10-09 02:00,15.7,,1.7,50,63,1014.7,1023.1,,,,10,,16.7
156,堡林,2022-10-09 03:00,15.7,0,.9,90,62,1013.3,1021.7,,,,10,,16.6
156,堡林,2022-10-09 04:00,15.6,,.5,110,61,1013.2,1021.6,,,,10,,16.5
156,堡林,2022-10-09 05:00,14.1,0,1.6,50,83,1012.7,1021.1,,,,10,,16.3
156,堡林,2022-10-09 06:00,13.3,.2,1.5,70,92,1012.5,1020.9,,,,10,,15.9
156,堡林,2022-10-09 07:00,13,0,2.5,70,92,1012.2,1020.6,0,.06,,10,,15.6
156,堡林,2022-10-09 08:00,13.1,.7,1.5,50,94,1012,1020.4,0,.15,,10,,15.9
156,堡林,2022-10-09 09:00,13.3,.4,1.5,70,94,1012.2,1020.6,0,.28,,10,,16.8
156,堡林,2022-10-09 10:00,13.7,0,1.6,70,94,1011.9,1020.3,0,.47,,10,,17.9
156,堡林,2022-10-09 11:00,14.6,0,1.3,50,93,1011.2,1019.6,0,.61,,10,,19.2
156,堡林,2022-10-09 12:00,14.9,.2,2,50,93,1010.2,1018.6,0,.76,,10,,20.1
156,堡林,2022-10-09 13:00,15.5,0,1.4,50,93,1009,1017.4,0,.87,,10,,21.1
156,堡林,2022-10-09 14:00,15.8,0,1.8,50,92,1007.7,1016,0,.64,,10,,20.6
156,堡林,2022-10-09 15:00,16.2,,1.8,50,91,1006.8,1015.1,0,.58,,10,,20.4
156,堡林,2022-10-09 16:00,16.1,,1.3,50,92,1006.2,1014.5,0,.35,,10,,19.4
156,堡林,2022-10-09 17:00,15.9,0,.8,20,91,1006.3,1014.6,0,.22,,10,,18.7
156,堡林,2022-10-09 18:00,15.2,.1,.8,20,94,1006.5,1014.9,0,.09,,10,,17.8
156,堡林,2022-10-09 19:00,15.3,.5,.9,270,96,1006.9,1015.3,0,.06,,10,,17.4
156,堡林,2022-10-09 20:00,14,.2,.9,360,95,1007.5,1015.9,,,,10,,16.5
156,堡林,2022-10-09 21:00,13.9,0,.1,0,94,1008.2,1016.6,,,,10,,16.2
156,堡林,2022-10-09 22:00,13.8,0,.9,340,94,1008.4,1016.8,,,,10,,16
156,堡林,2022-10-09 23:00,13.5,,.2,0,92,1008.7,1017.1,,,,10,,15.2
156,堡林,2022-10-10 00:00,13.5,,.1,0,91,1008.4,1016.8,,,,10,,14.5
156,堡林,2022-10-10 01:00,12.9,,.1,0,89,1007.8,1016.2,,,,7,,13.6
156,堡林,2022-10-10 02:00,12.8,,.1,0,89,1007.9,1016.3,,,,9,,13.8
156,堡林,2022-10-10 03:00,12.8,0,1.2,320,86,1007.8,1016.2,,,,7,,13.3
156,堡林,2022-10-10 04:00,12.3,.2,1.3,270,88,1007.8,1016.2,,,,2,,13.1
156,堡林,2022-10-10 05:00,12.2,0,1.4,290,87,1008.4,1016.8,,,,10,,12.3
156,堡林,2022-10-10 06:00,11.2,0,.2,0,92,1008.5,1017,,,,2,,12.1
156,堡林,2022-10-10 07:00,12.3,0,2.3,320,72,1009,1017.5,0,.08,,10,,12.1
156,堡林,2022-10-10 08:00,11,.6,.9,340,91,1009.9,1018.4,0,.2,,10,,13.1
156,堡林,2022-10-10 09:00,12.8,0,.6,340,77,1009.9,1018.3,.4,.74,,3,,15.5
156,堡林,2022-10-10 10:00,14.5,,2,360,55,1009.5,1017.9,.9,1.72,,8,,19.7
156,堡林,2022-10-10 11:00,13.9,,3.1,360,49,1009.5,1017.9,.6,1.78,,8,,20.5
156,堡林,2022-10-10 12:00,14.7,0,2.4,320,50,1009,1017.4,.3,1.56,,8,,19.8
156,堡林,2022-10-10 13:00,15.1,,2.7,340,51,1008.4,1016.8,.3,1.46,,7,,20
156,堡林,2022-10-10 14:00,15,,1.2,360,47,1007.5,1015.9,.8,2.2,,8,,23.2
156,堡林,2022-10-10 15:00,15,0,2.6,250,56,1007.4,1015.8,.2,.99,,10,,21.4
156,堡林,2022-10-10 16:00,13.7,0,1.6,250,64,1007.8,1016.2,.2,.72,,7,,19.4
156,堡林,2022-10-10 17:00,14.4,0,2.6,250,57,1007.8,1016.2,.7,.84,,5,,17.5
156,堡林,2022-10-10 18:00,13.5,.1,1.9,270,59,1008,1016.4,.3,.26,,7,,15.1
156,堡林,2022-10-10 19:00,13.3,,2.3,290,57,1008.4,1016.8,0,.06,,2,,13.2
156,堡林,2022-10-10 20:00,11.1,.6,2.1,270,88,1009.5,1018,,,,10,,13.3
156,堡林,2022-10-10 21:00,11.3,0,2.8,270,82,1010,1018.5,,,,10,,13
156,堡林,2022-10-10 22:00,10.7,.6,1.7,290,92,1010.6,1019.1,,,,10,,12.8
156,堡林,2022-10-10 23:00,10.9,.1,2,270,92,1010.9,1019.4,,,,10,,12.9
156,堡林,2022-10-11 00:00,11.1,0,1.3,270,93,1011,1019.5,,,,10,,12.9
156,堡林,2022-10-11 01:00,11.5,0,1.1,290,91,1010.9,1019.4,,,,10,,13
156,堡林,2022-10-11 02:00,11.6,0,1.2,320,90,1011.5,1020,,,,10,,12.8
156,堡林,2022-10-11 03:00,11.3,,1,320,83,1011.3,1019.8,,,,2,,12.2
156,堡林,2022-10-11 04:00,11.5,,.7,20,77,1011.2,1019.7,,,,8,,11.1
156,堡林,2022-10-11 05:00,11.5,,.8,270,76,1011.8,1020.3,,,,7,,10.4
156,堡林,2022-10-11 06:00,11.7,,.2,0,75,1012.5,1021,,,,8,,11.3
156,堡林,2022-10-11 07:00,12.2,,.9,20,72,1012.8,1021.3,0,.07,,8,,11.8
156,堡林,2022-10-11 08:00,12.8,,.7,50,68,1013.4,1021.9,.3,.38,,7,,13
156,堡林,2022-10-11 09:00,13.7,,2,20,61,1013.6,1022,1,1.16,,4,,15.8
156,堡林,2022-10-11 10:00,15.1,,3.4,50,56,1014,1022.4,1,1.81,,2,,19.6
156,堡林,2022-10-11 11:00,16.2,,2.7,50,48,1013.9,1022.3,1,2.43,,0,,22.7
156,堡林,2022-10-11 12:00,17.1,,2.4,20,44,1013.8,1022.1,1,2.71,,0,,25.5
156,堡林,2022-10-11 13:00,17.7,,1.7,360,42,1013.4,1021.7,1,2.79,,0,,28.1
156,堡林,2022-10-11 14:00,18.2,,1.6,20,41,1012.9,1021.2,1,2.63,,2,,29.6
156,堡林,2022-10-11 15:00,18.4,,2.2,360,43,1012.7,1021,1,2.25,,0,,29
156,堡林,2022-10-11 16:00,18.3,,1.4,20,45,1013.1,1021.4,1,1.66,,0,,26.1
156,堡林,2022-10-11 17:00,17.3,,1.2,340,50,1013.5,1021.8,1,.96,,1,,20.9
156,堡林,2022-10-11 18:00,15.4,,.9,20,60,1014,1022.4,.8,.3,,0,,17.4
156,堡林,2022-10-11 19:00,14.4,,1.6,50,65,1014.6,1023,0,.05,,0,,15.2
156,堡林,2022-10-11 20:00,13.5,,.7,20,73,1015.5,1024,,,,0,,13.9
156,堡林,2022-10-11 21:00,12.8,,.9,110,78,1016.1,1024.6,,,,0,,12.9
156,堡林,2022-10-11 22:00,12.3,,1,90,81,1016.3,1024.8,,,,0,,12.1
156,堡林,2022-10-11 23:00,11.8,,1.1,70,85,1016.4,1024.9,,,,0,,11.5
156,堡林,2022-10-12 00:00,10.9,,1.3,50,88,1016.2,1024.8,,,,0,,10.9
156,堡林,2022-10-12 01:00,10.7,,1.2,50,91,1016.4,1025,,,,0,,10.3
156,堡林,2022-10-12 02:00,10.3,,1.2,70,91,1016.5,1025.1,,,,0,,9.9
156,堡林,2022-10-12 03:00,10.1,,1.2,50,91,1016.4,1025,,,,0,,9.5
156,堡林,2022-10-12 04:00,9.9,,1.3,50,92,1016.3,1024.9,,,,0,,9.2
156,堡林,2022-10-12 05:00,9.1,,1.1,50,93,1016.5,1025.1,,,,0,,8.6
156,堡林,2022-10-12 06:00,8.6,,1,50,94,1016.9,1025.5,,,,0,,8.1
156,堡林,2022-10-12 07:00,8.6,,.5,270,93,1017.4,1026,,,,0,,8
156,堡林,2022-10-12 08:00,9.6,,.5,290,92,1017.7,1026.3,,,,0,,9
156,堡林,2022-10-12 09:00,12.7,,.6,360,77,1018.1,1026.6,,,,0,,15.2
156,堡林,2022-10-12 10:00,14.9,,1.4,50,49,1018.3,1026.8,,,,0,,19.7
156,堡林,2022-10-12 11:00,16.9,,1.9,50,41,1018,1026.4,,,,0,,24.3
156,堡林,2022-10-12 12:00,18.6,,.7,90,38,1017.8,1026.1,,,,0,,28.6
156,堡林,2022-10-12 13:00,20,,1.1,250,37,1017.3,1025.6,,,,0,,31.1
156,堡林,2022-10-12 14:00,21,,.6,70,37,1016.8,1025,,,,0,,31.9
156,堡林,2022-10-12 15:00,21,,1.2,290,36,1016.6,1024.8,,,,0,,31
156,堡林,2022-10-12 16:00,21.5,,1.7,50,35,1016.5,1024.7,,,,0,,28.1
156,堡林,2022-10-12 17:00,20.6,,1.7,50,39,1016.7,1025,,,,0,,23
156,堡林,2022-10-12 18:00,18.2,,1.2,50,47,1016.8,1025.1,,,,0,,19.4
156,堡林,2022-10-12 19:00,17.4,,1.1,140,52,1017.2,1025.5,,,,0,,17.1
156,堡林,2022-10-12 20:00,16.6,,.7,230,61,1017.6,1026,,,,0,,15.8
156,堡林,2022-10-12 21:00,15.4,,.8,320,66,1017.9,1026.3,,,,0,,14.7
156,堡林,2022-10-12 22:00,14.3,,.2,0,74,1018,1026.4,,,,0,,13.9
156,堡林,2022-10-12 23:00,14.3,,.6,70,74,1018.1,1026.5,,,,0,,13.2
156,堡林,2022-10-13 00:00,12.8,,.2,0,84,1018.7,1027.2,,,,0,,12.7
156,堡林,2022-10-13 01:00,12.7,,1.1,90,84,1018,1026.5,,,,0,,12.2
156,堡林,2022-10-13 02:00,12.5,,.4,0,86,1018.3,1026.8,,,,0,,11.7
156,堡林,2022-10-13 03:00,11.9,,.9,70,89,1017.9,1026.4,,,,0,,11.2
156,堡林,2022-10-13 04:00,12.2,,1.5,70,87,1017.3,1025.8,,,,1,,11.1
156,堡林,2022-10-13 05:00,12.4,,2.1,70,89,1016.9,1025.4,,,,5,,11
156,堡林,2022-10-13 06:00,12.7,,.3,0,85,1017.4,1025.9,,,,5,,10.9
156,堡林,2022-10-13 07:00,11.6,,.6,160,91,1017.5,1026.1,0,0,,4,,10.4
156,堡林,2022-10-13 08:00,12.5,,.7,90,91,1017.8,1026.3,0,0,,0,,11.4
156,堡林,2022-10-13 09:00,16.1,,1.7,70,67,1018.1,1026.5,0,0,,0,,16.7
156,堡林,2022-10-13 10:00,18.5,,2.3,70,57,1017.7,1026,.2,.31,,0,,21.6
156,堡林,2022-10-13 11:00,20,,2.2,70,49,1017.1,1025.4,1,2.36,,0,,26.2
156,堡林,2022-10-13 12:00,20.8,,1.1,50,45,1016.7,1024.9,1,2.66,,2,,29.9
156,堡林,2022-10-13 13:00,21.7,,1.6,70,44,1015.7,1023.9,1,2.72,,0,,31.9
156,堡林,2022-10-13 14:00,22.5,,1.9,90,43,1014.5,1022.6,1,2.56,,0,,32.8
156,堡林,2022-10-13 15:00,22.7,,1,20,43,1013.9,1022,1,2.19,,0,,31.9
156,堡林,2022-10-13 16:00,23,,1.4,90,41,1013.1,1021.2,1,1.59,,0,,29.1
156,堡林,2022-10-13 17:00,22.3,,1.8,70,43,1013,1021.1,1,.92,,0,,24.4
156,堡林,2022-10-13 18:00,20.5,,.8,50,52,1012.9,1021.1,.8,.27,,0,,20.9
156,堡林,2022-10-13 19:00,18.8,,1.4,70,60,1013.2,1021.4,0,.05,,0,,18.7
156,堡林,2022-10-13 20:00,18.1,,.2,0,63,1013.3,1021.6,,,,0,,17.2
156,堡林,2022-10-13 21:00,17.2,,1.2,70,72,1013.6,1021.9,,,,0,,16.2
156,堡林,2022-10-13 22:00,16.1,,.8,70,75,1013.8,1022.2,,,,0,,15.3
156,堡林,2022-10-13 23:00,15.7,,.3,0,83,1014.1,1022.5,,,,0,,14.6
156,堡林,2022-10-14 00:00,14.8,,.4,0,87,1013.4,1021.8,,,,0,,14
156,堡林,2022-10-14 01:00,14.4,,.5,250,91,1013.1,1021.5,,,,0,,13.5
156,堡林,2022-10-14 02:00,13.4,,0,0,93,1013.3,1021.7,,,,1,,13
156,堡林,2022-10-14 03:00,13.2,,.1,0,93,1012.9,1021.3,,,,6,,12.7
156,堡林,2022-10-14 04:00,13.1,,0,0,93,1012.7,1021.1,,,,7,,12.9
156,堡林,2022-10-14 05:00,12.9,,.4,0,93,1012.6,1021.1,,,,2,,12.2
156,堡林,2022-10-14 06:00,12.6,,0,0,94,1012.7,1021.2,,,,8,,12.6
156,堡林,2022-10-14 07:00,12.8,,0,0,94,1012.7,1021.2,0,.07,,9,,13.1
156,堡林,2022-10-14 08:00,13.6,,.5,270,92,1013.4,1021.8,0,.28,,8,,14.7
156,堡林,2022-10-14 09:00,15.3,,.8,50,86,1013.4,1021.8,.2,.8,,7,,18
156,堡林,2022-10-14 10:00,17.7,,.4,0,74,1013.1,1021.4,.7,1.75,,6,,27.4
156,堡林,2022-10-14 11:00,19.8,,1.6,180,57,1012.7,1020.9,1,2.26,,0,,32.8
156,堡林,2022-10-14 12:00,20.6,,.7,200,53,1011.5,1019.7,1,2.58,,0,,36.6
156,堡林,2022-10-14 13:00,22.1,,1,290,48,1010.7,1018.8,1,2.64,,0,,39.1
156,堡林,2022-10-14 14:00,22.9,,1.2,20,44,1009.8,1017.9,1,2.46,,0,,39
156,堡林,2022-10-14 15:00,23.8,,1.3,70,36,1009.2,1017.2,1,2.14,,0,,36.7
156,堡林,2022-10-14 16:00,23.8,,1.1,20,36,1009.3,1017.3,1,1.58,,0,,31.1
156,堡林,2022-10-14 17:00,22.8,,.3,0,50,1009.4,1017.5,1,.88,,0,,23.3
156,堡林,2022-10-14 18:00,20.5,,1.2,340,63,1009.4,1017.6,.7,.25,,1,,19.7
156,堡林,2022-10-14 19:00,19,,0,0,71,1009.7,1017.9,,,,5,,17.3
156,堡林,2022-10-14 20:00,18.2,,.1,0,73,1010,1018.2,,,,0,,16
156,堡林,2022-10-14 21:00,17.6,,.8,180,75,1010.3,1018.6,,,,8,,15.3
156,堡林,2022-10-14 22:00,17.7,,.5,250,81,1010.6,1018.9,,,,9,,15.9
156,堡林,2022-10-14 23:00,16.8,,.1,0,83,1010.7,1019,,,,8,,15.5
156,堡林,2022-10-15 00:00,16.2,,.3,0,89,1010.8,1019.1,,,,0,,14.1
156,堡林,2022-10-15 01:00,15.4,,.3,0,91,1010.7,1019.1,,,,1,,13.5
156,堡林,2022-10-15 02:00,14.6,,0,0,93,1010.9,1019.3,,,,5,,12.9
156,堡林,2022-10-15 03:00,14.4,,0,0,94,1010.8,1019.2,,,,0,,12.6
156,堡林,2022-10-15 04:00,14.2,,.7,50,94,1010.4,1018.8,,,,0,,12.5
156,堡林,2022-10-15 05:00,13.8,,.2,0,94,1010.7,1019.1,,,,9,,13.1
156,堡林,2022-10-15 06:00,13.6,,0,0,95,1010.9,1019.3,,,,6,,12.4
156,堡林,2022-10-15 07:00,13.2,,0,0,94,1011.2,1019.6,0,.07,,5,,12
156,堡林,2022-10-15 08:00,13.3,,.6,270,95,1011.7,1020.1,.2,.26,,3,,12.7
156,堡林,2022-10-15 09:00,15.5,,.3,0,89,1012.3,1020.7,1,1.05,,2,,17.1
156,堡林,2022-10-15 10:00,17.7,,1.2,200,78,1012,1020.3,1,1.76,,0,,23
156,堡林,2022-10-15 11:00,20,,1.2,230,66,1011.5,1019.7,1,2.25,,0,,28.7
156,堡林,2022-10-15 12:00,21.8,,.5,50,57,1010.7,1018.9,1,2.52,,0,,33.5
156,堡林,2022-10-15 13:00,23.3,,.7,360,53,1009.9,1018,1,2.6,,0,,37.6
156,堡林,2022-10-15 14:00,23.8,,.7,340,50,1009.1,1017.1,1,2.39,,0,,39
156,堡林,2022-10-15 15:00,25.1,,.8,230,45,1008.8,1016.9,1,2.02,,0,,38.2
156,堡林,2022-10-15 16:00,24.8,,.3,0,36,1008.8,1016.8,1,1.5,,0,,35.5
156,堡林,2022-10-15 17:00,24.5,,1.6,50,34,1008.9,1016.9,1,.85,,0,,26.8
156,堡林,2022-10-15 18:00,22.3,,.8,270,54,1008.9,1017,.7,.24,,0,,21.4
156,堡林,2022-10-15 19:00,20.4,,.9,230,69,1009.8,1018,,,,0,,19.2
156,堡林,2022-10-15 20:00,19.2,,2.1,230,79,1010.5,1018.7,,,,4,,17.9
156,堡林,2022-10-15 21:00,18,,1.3,250,89,1011,1019.3,,,,0,,16.8
156,堡林,2022-10-15 22:00,17.8,,2,200,91,1011.4,1019.7,,,,4,,16.3
156,堡林,2022-10-15 23:00,17.6,,.6,250,91,1011.4,1019.7,,,,3,,15.4
156,堡林,2022-10-16 00:00,16.9,,0,0,92,1011.1,1019.4,,,,7,,15.1
156,堡林,2022-10-16 01:00,16.4,,0,0,93,1010.9,1019.2,,,,7,,14.6
156,堡林,2022-10-16 02:00,16.2,,0,0,94,1010.7,1019,,,,7,,14.4
156,堡林,2022-10-16 03:00,15.5,,0,0,95,1010.5,1018.9,,,,4,,13.8
156,堡林,2022-10-16 04:00,14.9,,0,0,95,1010.6,1019,,,,3,,13.3
156,堡林,2022-10-16 05:00,14.5,,0,0,96,1010.9,1019.3,,,,4,,13.2
156,堡林,2022-10-16 06:00,14.2,,0,0,96,1010.9,1019.3,,,,6,,12.7
156,堡林,2022-10-16 07:00,13.7,,.5,290,96,1011.4,1019.8,0,.07,,7,,12.8
156,堡林,2022-10-16 08:00,14.4,,0,0,95,1011.2,1019.6,.5,.35,,0,,14.3
156,堡林,2022-10-16 09:00,16.2,,.1,0,92,1011.5,1019.8,1,1.05,,0,,18.3
156,堡林,2022-10-16 10:00,17.9,,.6,270,82,1011.5,1019.8,1,1.66,,0,,23.8
156,堡林,2022-10-16 11:00,20.1,,.7,250,72,1011.1,1019.3,1,2.16,,0,,29.5
156,堡林,2022-10-16 12:00,21.7,,.7,290,57,1010.2,1018.4,1,2.45,,0,,34.6
156,堡林,2022-10-16 13:00,23.2,,1.1,250,56,1009.6,1017.7,1,2.44,,0,,38.1
156,堡林,2022-10-16 14:00,23.1,,1.7,270,56,1009.1,1017.2,.8,2.11,,3,,36.6
156,堡林,2022-10-16 15:00,23.5,,1.7,320,50,1009.1,1017.2,.6,1.4,,2,,35.1
156,堡林,2022-10-16 16:00,21.9,,1.3,320,51,1009.1,1017.2,1,1.42,,3,,32.4
156,堡林,2022-10-16 17:00,20.8,,.5,320,57,1008.8,1017,1,.8,,0,,25.3
156,堡林,2022-10-16 18:00,19.9,,.8,290,62,1009.1,1017.3,.7,.22,,1,,20.5
156,堡林,2022-10-16 19:00,19.1,,.9,320,60,1009.4,1017.6,,,,5,,18.1
156,堡林,2022-10-16 20:00,18.6,,.6,290,61,1009.8,1018,,,,8,,18
156,堡林,2022-10-16 21:00,17.7,,.3,0,65,1010.1,1018.4,,,,7,,16.9
156,堡林,2022-10-16 22:00,17.5,,.1,0,66,1010.3,1018.6,,,,9,,17.3
156,堡林,2022-10-16 23:00,16.8,,.6,340,74,1010.3,1018.6,,,,8,,17
156,堡林,2022-10-17 00:00,16.3,,1.2,50,73,1010.2,1018.5,,,,8,,15.7
156,堡林,2022-10-17 01:00,15.6,,1,50,74,1010,1018.4,,,,7,,14.6
156,堡林,2022-10-17 02:00,15,,.3,0,77,1010.2,1018.6,,,,8,,13.9
156,堡林,2022-10-17 03:00,15.4,,.2,0,77,1010.2,1018.6,,,,7,,14
156,堡林,2022-10-17 04:00,15.9,,.1,0,81,1010.1,1018.4,,,,8,,15.2
156,堡林,2022-10-17 05:00,16.1,,.5,20,84,1010.4,1018.7,,,,9,,15.9
156,堡林,2022-10-17 06:00,16,,1.2,50,81,1010.6,1018.9,,,,9,,15.7
156,堡林,2022-10-17 07:00,15.6,,1.7,50,71,1010.6,1019,0,.06,,8,,15.2
156,堡林,2022-10-17 08:00,15.1,,1.9,50,58,1011.3,1019.7,0,.22,,4,,15.5
156,堡林,2022-10-17 09:00,16,,1.9,50,45,1011.7,1020.1,.8,.95,,1,,17.7
156,堡林,2022-10-17 10:00,16.3,,2.5,50,40,1011.4,1019.7,1,1.72,,0,,22.6
156,堡林,2022-10-17 11:00,16.8,,2.6,50,26,1011.2,1019.5,1,2.29,,1,,27.6
156,堡林,2022-10-17 12:00,17.7,,2.3,360,22,1010.9,1019.2,1,2.63,,2,,31.7
156,堡林,2022-10-17 13:00,17.1,,2.3,20,22,1010.8,1019.1,1,2.97,,2,,34.5
156,堡林,2022-10-17 14:00,17,,2.5,20,28,1010.5,1018.8,1,2.57,,0,,35
156,堡林,2022-10-17 15:00,15.8,,2.5,360,26,1010.9,1019.3,1,2.21,,0,,32.4
156,堡林,2022-10-17 16:00,14.6,,2.2,360,33,1011.3,1019.7,1,1.59,,0,,28.3
156,堡林,2022-10-17 17:00,13.5,,2.8,20,36,1011.6,1020,1,.87,,2,,19.1
156,堡林,2022-10-17 18:00,12.4,,3.6,50,37,1012.1,1020.6,.6,.25,,1,,14.9
156,堡林,2022-10-17 19:00,11.8,,2.5,20,38,1012.6,1021.1,,,,0,,12.8
156,堡林,2022-10-17 20:00,11.5,,2.4,20,42,1013.2,1021.7,,,,0,,11.8
156,堡林,2022-10-17 21:00,11.3,,2.3,50,42,1013.1,1021.6,,,,3,,11.5
156,堡林,2022-10-17 22:00,11.2,,1.5,50,42,1013.2,1021.7,,,,4,,11.2
156,堡林,2022-10-17 23:00,10.7,,1.9,50,47,1013.4,1022,,,,3,,10.4
156,堡林,2022-10-18 00:00,10.5,,1.9,50,47,1013.4,1022,,,,4,,10.4
156,堡林,2022-10-18 01:00,9.6,,2.1,70,49,1013.5,1022.1,,,,0,,9.4
156,堡林,2022-10-18 02:00,9.3,,2.6,50,49,1013.8,1022.4,,,,0,,8.5
156,堡林,2022-10-18 03:00,9.4,,3.1,50,46,1014,1022.6,,,,0,,8.2
156,堡林,2022-10-18 04:00,8.9,,2.6,50,46,1014,1022.6,,,,0,,7.6
156,堡林,2022-10-18 05:00,8.4,,1.1,50,52,1014.2,1022.8,,,,0,,6.8
156,堡林,2022-10-18 06:00,7.8,,1.2,90,55,1014.3,1022.9,,,,0,,6.6
156,堡林,2022-10-18 07:00,7.8,,1.3,70,55,1014.4,1023,0,.06,,0,,6.5
156,堡林,2022-10-18 08:00,9.7,,2.2,50,51,1014.6,1023.2,.5,.4,,0,,7.5
156,堡林,2022-10-18 09:00,11.8,,2,50,43,1015.2,1023.7,1,1.18,,0,,13.1
156,堡林,2022-10-18 10:00,12.8,,3.4,50,33,1015.4,1023.9,1,1.86,,0,,18.8
156,堡林,2022-10-18 11:00,13.5,,3.4,50,28,1015.2,1023.7,1,2.37,,0,,24.4
156,堡林,2022-10-18 12:00,13.9,,3,20,28,1014.9,1023.3,1,2.66,,0,,28.7
156,堡林,2022-10-18 13:00,14.8,,2.4,360,24,1014.3,1022.7,1,2.74,,0,,31.9
156,堡林,2022-10-18 14:00,15.1,,3,50,27,1013.8,1022.2,1,2.57,,0,,32.6
156,堡林,2022-10-18 15:00,14.9,,2.5,20,27,1013.6,1022,1,2.17,,0,,30.9
156,堡林,2022-10-18 16:00,14.3,,2.9,50,28,1013.9,1022.3,1,1.58,,0,,27.9
156,堡林,2022-10-18 17:00,13.2,,2,50,30,1014.1,1022.6,1,.89,,0,,18.2
156,堡林,2022-10-18 18:00,12.1,,1.3,20,37,1014.7,1023.2,.7,.25,,0,,13.5
156,堡林,2022-10-18 19:00,11.4,,2.1,50,41,1015.3,1023.8,,,,0,,11.5
156,堡林,2022-10-18 20:00,10.8,,1.6,50,45,1015.8,1024.4,,,,0,,9.9
156,堡林,2022-10-18 21:00,10.6,,2,50,48,1015.8,1024.4,,,,0,,9.3
156,堡林,2022-10-18 22:00,8.8,,.8,50,54,1016.2,1024.8,,,,0,,8.1
156,堡林,2022-10-18 23:00,9.6,,.6,50,52,1016.3,1024.9,,,,0,,7.4
156,堡林,2022-10-19 00:00,8.4,,.6,50,57,1016.2,1024.8,,,,0,,6.7
156,堡林,2022-10-19 01:00,7.8,,0,0,65,1016.2,1024.9,,,,0,,6.2
156,堡林,2022-10-19 02:00,7,,0,0,71,1016.5,1025.2,,,,0,,5.7
156,堡林,2022-10-19 03:00,6.1,,0,0,74,1016.5,1025.2,,,,0,,5.3
156,堡林,2022-10-19 04:00,5.8,,0,0,77,1016.4,1025.1,,,,0,,5
156,堡林,2022-10-19 05:00,5.3,,.2,0,81,1016.6,1025.4,,,,0,,4.7
156,堡林,2022-10-19 06:00,5,,.1,0,83,1016.9,1025.7,,,,0,,4.4
156,堡林,2022-10-19 07:00,5,,.6,290,82,1017,1025.8,0,.06,,0,,4.4
156,堡林,2022-10-19 08:00,6.4,,1,50,78,1017.7,1026.4,.5,.39,,0,,5.4
156,堡林,2022-10-19 09:00,11,,2.1,70,45,1018.3,1026.9,1,1.17,,0,,11.4
156,堡林,2022-10-19 10:00,13,,2.9,70,35,1018.7,1027.2,1,1.85,,0,,18.3
156,堡林,2022-10-19 11:00,14.8,,3,50,30,1018.3,1026.7,1,2.32,,0,,24.3
156,堡林,2022-10-19 12:00,15.9,,3.3,50,31,1018,1026.4,1,2.61,,0,,29.3
156,堡林,2022-10-19 13:00,16.3,,2.8,50,31,1017.2,1025.6,1,2.66,,0,,32.8
156,堡林,2022-10-19 14:00,16.8,,1.5,20,28,1016.8,1025.2,1,2.48,,0,,34.4
156,堡林,2022-10-19 15:00,17.1,,2.4,20,28,1016.6,1024.9,1,2.09,,0,,32.5
156,堡林,2022-10-19 16:00,16.9,,2.7,50,31,1016.9,1025.3,1,1.49,,0,,29.1
156,堡林,2022-10-19 17:00,15.5,,1.2,20,42,1017.3,1025.7,1,.8,,0,,19.8
156,堡林,2022-10-19 18:00,14.2,,1.6,20,49,1017.7,1026.1,.7,.22,,0,,15.1
156,堡林,2022-10-19 19:00,13.4,,2.1,50,54,1018.4,1026.9,,,,0,,12.9
156,堡林,2022-10-19 20:00,11.5,,1.1,70,64,1018.5,1027.1,,,,0,,10.9
156,堡林,2022-10-19 21:00,11.3,,1.5,70,66,1018.6,1027.2,,,,0,,9.9
156,堡林,2022-10-19 22:00,10.4,,1,70,73,1018.8,1027.4,,,,0,,8.8
156,堡林,2022-10-19 23:00,11,,.9,70,72,1019,1027.6,,,,0,,8.1
156,堡林,2022-10-20 00:00,10,,.2,0,78,1019.2,1027.8,,,,0,,7.6
156,堡林,2022-10-20 01:00,8.9,,0,0,83,1019.5,1028.1,,,,0,,7
156,堡林,2022-10-20 02:00,8.4,,0,0,87,1019.8,1028.5,,,,0,,6.5
156,堡林,2022-10-20 03:00,8.1,,0,0,87,1019.6,1028.3,,,,0,,6.2
156,堡林,2022-10-20 04:00,7.2,,0,0,91,1019.8,1028.5,,,,0,,5.5
156,堡林,2022-10-20 05:00,6.8,,0,0,92,1019.9,1028.6,,,,0,,5
156,堡林,2022-10-20 06:00,6.5,,.7,70,92,1020.4,1029.1,,,,0,,4.6
156,堡林,2022-10-20 07:00,6,,.7,20,93,1020.3,1029.1,0,.06,,0,,4.4
156,堡林,2022-10-20 08:00,7.7,,.7,50,85,1020.5,1029.2,.4,.38,,0,,5.6
156,堡林,2022-10-20 09:00,11.8,,2.4,70,51,1020.6,1029.2,1,1.17,,0,,11.4
156,堡林,2022-10-20 10:00,13.8,,2.7,70,41,1020.7,1029.2,1,1.85,,0,,18.4
156,堡林,2022-10-20 11:00,16.5,,2.4,70,27,1020.3,1028.7,1,2.33,,0,,25.3
156,堡林,2022-10-20 12:00,18,,1.8,70,22,1019.7,1028,1,2.61,,0,,30.8
156,堡林,2022-10-20 13:00,19.3,,.9,50,22,1019,1027.3,1,2.67,,0,,35.1
156,堡林,2022-10-20 14:00,19.6,,1.3,250,22,1018.1,1026.3,1,2.48,,0,,36.8
156,堡林,2022-10-20 15:00,21.2,,.8,140,21,1017.4,1025.6,1,2.06,,0,,35.6
156,堡林,2022-10-20 16:00,21,,1.3,250,20,1017.6,1025.8,1,1.48,,0,,32
156,堡林,2022-10-20 17:00,19.8,,.2,0,22,1017.5,1025.7,1,.81,,0,,21.5
156,堡林,2022-10-20 18:00,18.6,,.6,270,23,1017.3,1025.6,.6,.2,,0,,16.2
156,堡林,2022-10-20 19:00,16.5,,1.2,200,36,1017.9,1026.3,,,,1,,13.2
156,堡林,2022-10-20 20:00,14.7,,1.4,180,46,1018.4,1026.8,,,,7,,12.3
156,堡林,2022-10-20 21:00,14.2,,.9,200,49,1018.5,1027,,,,6,,11.4
156,堡林,2022-10-20 22:00,13.6,,0,0,53,1018.7,1027.2,,,,7,,11.1
156,堡林,2022-10-20 23:00,12.9,,0,0,58,1018.6,1027.1,,,,7,,10.5
156,堡林,2022-10-21 00:00,12.8,,.5,70,60,1018.3,1026.8,,,,8,,10.3
156,堡林,2022-10-21 01:00,12.1,,.3,0,69,1018.2,1026.7,,,,9,,10.2
156,堡林,2022-10-21 02:00,11.6,,0,0,70,1018.3,1026.9,,,,9,,10
156,堡林,2022-10-21 03:00,10.9,,.6,320,74,1018.4,1027,,,,9,,9.6
156,堡林,2022-10-21 04:00,10,,.2,0,80,1017.9,1026.5,,,,8,,9
156,堡林,2022-10-21 05:00,10,,.7,290,78,1017.8,1026.4,,,,6,,8.4
156,堡林,2022-10-21 06:00,9.1,,.2,0,83,1018,1026.6,,,,5,,7.8
156,堡林,2022-10-21 07:00,9.2,,.5,270,82,1018.3,1026.9,0,.06,,6,,7.8
156,堡林,2022-10-21 08:00,10.8,,.2,0,76,1018.3,1026.9,.4,.41,,8,,10.2
156,堡林,2022-10-21 09:00,12.9,,.4,0,64,1018.9,1027.4,.6,.96,,8,,16.1
156,堡林,2022-10-21 10:00,14.8,,.6,360,60,1018.4,1026.8,.6,1.28,,7,,20.7
156,堡林,2022-10-21 11:00,17.5,,.7,320,51,1017.8,1026.1,.8,2.17,,8,,28.8
156,堡林,2022-10-21 12:00,18.4,,.4,0,48,1017.3,1025.6,0,1.39,,9,,27.6
156,堡林,2022-10-21 13:00,19.4,,.2,0,50,1016.6,1024.8,0,1.27,,9,,28.6
156,堡林,2022-10-21 14:00,19.1,,.6,20,51,1016,1024.2,0,1.19,,10,,29.4
156,堡林,2022-10-21 15:00,18.9,,1,50,54,1015.6,1023.9,0,.78,,10,,24.8
156,堡林,2022-10-21 16:00,18.7,,1.3,50,57,1015.6,1023.9,0,.36,,10,,22
156,堡林,2022-10-21 17:00,17.7,0,.9,70,64,1015.3,1023.6,0,.18,,10,,19.7
156,堡林,2022-10-21 18:00,17.2,0,1.1,70,68,1014.9,1023.2,0,.08,,10,,17.8
156,堡林,2022-10-21 19:00,16.6,0,.8,140,76,1015.2,1023.6,,,,10,,17
156,堡林,2022-10-21 20:00,16.3,0,.1,0,82,1015.6,1024,,,,10,,16.4
156,堡林,2022-10-21 21:00,15.7,0,.8,70,90,1015,1023.4,,,,10,,16.1
156,堡林,2022-10-21 22:00,15.8,0,.6,230,92,1015.4,1023.8,,,,10,,15.7
156,堡林,2022-10-21 23:00,15.3,0,.9,70,93,1015.1,1023.5,,,,10,,15.5
156,堡林,2022-10-22 00:00,15.3,0,.6,320,94,1015.1,1023.5,,,,10,,15.4
156,堡林,2022-10-22 01:00,15.1,0,0,0,94,1015.1,1023.5,,,,10,,15.2
156,堡林,2022-10-22 02:00,15.1,,.1,0,94,1014.8,1023.2,,,,9,,14.8
156,堡林,2022-10-22 03:00,14.9,,0,0,95,1014.8,1023.2,,,,10,,14.6
156,堡林,2022-10-22 04:00,14.7,0,.3,0,94,1014.5,1022.9,,,,10,,14.7
156,堡林,2022-10-22 05:00,14.3,.4,.3,0,96,1014.2,1022.6,,,,10,,14.7
156,堡林,2022-10-22 06:00,13.9,,.3,0,96,1014,1022.4,,,,9,,13.5
156,堡林,2022-10-22 07:00,13.8,,.1,0,95,1014,1022.4,0,.06,,6,,13.4
156,堡林,2022-10-22 08:00,14.7,,.5,270,95,1014.1,1022.5,.5,.38,,8,,14.9
156,堡林,2022-10-22 09:00,17.6,,1.7,70,72,1014.3,1022.6,1,1.16,,3,,18.7
156,堡林,2022-10-22 10:00,18.5,,1.9,70,66,1014.1,1022.4,.9,1.45,,2,,22.2
156,堡林,2022-10-22 11:00,19.9,,.6,50,60,1013.5,1021.8,1,2.06,,4,,27.1
156,堡林,2022-10-22 12:00,21.2,,1.6,50,55,1013.1,1021.3,1,2.4,,3,,32
156,堡林,2022-10-22 13:00,21.8,,1.5,290,47,1012.3,1020.5,1,2.5,,0,,34.9
156,堡林,2022-10-22 14:00,22.1,,1.5,340,47,1011.4,1019.5,1,2.31,,0,,36.4
156,堡林,2022-10-22 15:00,22.6,,1,20,45,1010.8,1018.9,1,1.96,,0,,35.6
156,堡林,2022-10-22 16:00,22.1,,1.5,50,42,1010.8,1018.9,1,1.36,,0,,31.9
156,堡林,2022-10-22 17:00,20.6,,1.4,20,46,1010.6,1018.8,1,.74,,0,,22.3
156,堡林,2022-10-22 18:00,18.7,,1,50,52,1010.9,1019.1,.6,.18,,0,,17.9
156,堡林,2022-10-22 19:00,17.1,,1.2,50,55,1011.5,1019.8,,,,0,,15.4
156,堡林,2022-10-22 20:00,16.9,,.5,360,54,1012.1,1020.4,,,,0,,13.7
156,堡林,2022-10-22 21:00,15.3,,.6,50,60,1012.1,1020.5,,,,0,,12.4
156,堡林,2022-10-22 22:00,14.8,,.2,0,73,1012.5,1020.9,,,,2,,11.9
156,堡林,2022-10-22 23:00,14.3,,.6,50,79,1012.7,1021.1,,,,8,,11.6
156,堡林,2022-10-23 00:00,13.9,,.5,20,83,1012,1020.4,,,,0,,11.1
156,堡林,2022-10-23 01:00,13.6,,.7,50,89,1011.6,1020,,,,0,,10.8
156,堡林,2022-10-23 02:00,13.7,,.4,0,88,1011.6,1020,,,,7,,10.9
156,堡林,2022-10-23 03:00,13.7,,.7,270,87,1011.3,1019.7,,,,8,,11.7
156,堡林,2022-10-23 04:00,13.3,,.6,270,92,1010.7,1019.1,,,,8,,11.3
156,堡林,2022-10-23 05:00,13.3,,.7,320,92,1010.6,1019,,,,8,,12.6
156,堡林,2022-10-23 06:00,12.7,,0,0,94,1010.9,1019.3,,,,6,,11
156,堡林,2022-10-23 07:00,12.4,,.1,0,95,1011,1019.5,0,.06,,7,,10.9
156,堡林,2022-10-23 08:00,13,,.5,320,94,1011.3,1019.7,.1,.27,,3,,12.2
156,堡林,2022-10-23 09:00,15,,1.2,320,85,1011.7,1020.1,1,.92,,0,,15.9
156,堡林,2022-10-23 10:00,16.9,,1.4,50,66,1011.6,1019.9,1,1.44,,3,,20.8
156,堡林,2022-10-23 11:00,17.7,,2.4,50,51,1011.2,1019.5,1,2.09,,3,,27.3
156,堡林,2022-10-23 12:00,18.6,,1.8,20,45,1010.7,1018.9,1,2.25,,0,,31
156,堡林,2022-10-23 13:00,19.3,,1.7,50,42,1009.9,1018.1,1,2.45,,0,,34.3
156,堡林,2022-10-23 14:00,19.8,,2.1,20,40,1009.2,1017.4,1,2.35,,0,,34.9
156,堡林,2022-10-23 15:00,19,,2.2,20,41,1009.1,1017.3,1,2.01,,0,,33.7
156,堡林,2022-10-23 16:00,18.3,,2,20,44,1009.3,1017.5,1,1.46,,0,,29.7
156,堡林,2022-10-23 17:00,16.5,,1.9,20,46,1009.5,1017.8,1,.76,,0,,19.3
156,堡林,2022-10-23 18:00,15,,2,50,48,1009.9,1018.3,.7,.19,,0,,15.4
156,堡林,2022-10-23 19:00,13.9,,2.1,20,49,1010.8,1019.2,,,,0,,13.2
156,堡林,2022-10-23 20:00,13.1,,1,50,53,1011.3,1019.7,,,,0,,12
156,堡林,2022-10-23 21:00,12.7,,1.1,70,53,1011.8,1020.3,,,,0,,10.4
156,堡林,2022-10-23 22:00,12.4,,.7,90,49,1012.4,1020.9,,,,0,,9.3
156,堡林,2022-10-23 23:00,12.1,,1,70,47,1012.8,1021.3,,,,0,,8.6
156,堡林,2022-10-24 00:00,11.1,,1,70,49,1012.7,1021.2,,,,0,,8
156,堡林,2022-10-24 01:00,11.1,,.6,50,51,1012.4,1020.9,,,,0,,7.5
156,堡林,2022-10-24 02:00,10.9,,.2,0,52,1012.4,1020.9,,,,0,,7.1
156,堡林,2022-10-24 03:00,10.7,,0,0,54,1012.5,1021,,,,0,,6.8
156,堡林,2022-10-24 04:00,10.7,,.2,0,58,1012,1020.5,,,,0,,6.7
156,堡林,2022-10-24 05:00,9.8,,.7,250,65,1011.9,1020.4,,,,0,,6.9
156,堡林,2022-10-24 06:00,9.5,,0,0,70,1011.8,1020.4,,,,0,,7.2
156,堡林,2022-10-24 07:00,8.8,,.8,270,75,1012.3,1020.9,0,.05,,3,,6.9
156,堡林,2022-10-24 08:00,9.9,,.4,0,75,1012.9,1021.5,.2,.26,,0,,8
156,堡林,2022-10-24 09:00,13,,1,360,60,1013.7,1022.2,1,1.09,,3,,13.9
156,堡林,2022-10-24 10:00,14.1,,2.6,50,46,1013.5,1021.9,1,1.61,,2,,19.1
156,堡林,2022-10-24 11:00,14.7,,2.4,20,39,1013.2,1021.6,1,2.17,,1,,24.2
156,堡林,2022-10-24 12:00,15.1,,2.4,20,34,1012.9,1021.3,1,2.57,,1,,28.9
156,堡林,2022-10-24 13:00,15.2,,2.4,360,27,1012.5,1020.9,1,2.62,,0,,31
156,堡林,2022-10-24 14:00,15.3,,3.1,360,28,1012.2,1020.6,1,2.46,,0,,31.5
156,堡林,2022-10-24 15:00,15.1,,2.6,20,28,1011.9,1020.3,1,2.1,,0,,30.1
156,堡林,2022-10-24 16:00,14.6,,1.8,20,34,1012.3,1020.7,1,1.48,,0,,26.3
156,堡林,2022-10-24 17:00,12.9,,2.6,20,36,1012.4,1020.9,1,.79,,0,,15.8
156,堡林,2022-10-24 18:00,11.7,,2.2,20,36,1013.1,1021.6,.6,.19,,0,,12.2
156,堡林,2022-10-24 19:00,11.3,,1.2,50,39,1013.9,1022.4,,,,0,,10.1
156,堡林,2022-10-24 20:00,11.2,,2,50,37,1014.6,1023.1,,,,0,,9
156,堡林,2022-10-24 21:00,9.2,,2.3,70,44,1015.1,1023.7,,,,0,,7.3
156,堡林,2022-10-24 22:00,9.1,,1.7,50,43,1015.4,1024,,,,0,,6.6
156,堡林,2022-10-24 23:00,8.5,,.8,70,47,1015.8,1024.4,,,,0,,6
156,堡林,2022-10-25 00:00,8.6,,.7,90,46,1016.2,1024.8,,,,0,,5.4
156,堡林,2022-10-25 01:00,8.5,,.2,0,47,1016.4,1025,,,,0,,4.9
156,堡林,2022-10-25 02:00,8.1,,0,0,50,1016.8,1025.5,,,,0,,4.5
156,堡林,2022-10-25 03:00,7.2,,.2,0,55,1017,1025.7,,,,0,,4.2
156,堡林,2022-10-25 04:00,6.3,,.9,50,58,1016.9,1025.6,,,,0,,4
156,堡林,2022-10-25 05:00,6.5,,.9,50,58,1017.5,1026.2,,,,0,,3.7
156,堡林,2022-10-25 06:00,5.3,,1.1,290,68,1018.1,1026.9,,,,0,,3.4
156,堡林,2022-10-25 07:00,4.9,,.4,0,74,1018.8,1027.6,0,.06,,0,,3.3
156,堡林,2022-10-25 08:00,6.4,,.5,50,69,1019.7,1028.4,.4,.34,,0,,4.5
156,堡林,2022-10-25 09:00,9.8,,.6,50,49,1020.3,1028.9,1,1.04,,0,,9.3
156,堡林,2022-10-25 10:00,12.2,,2.5,70,43,1020,1028.5,1,1.68,,0,,17.1
156,堡林,2022-10-25 11:00,14.2,,2.3,70,36,1019.7,1028.2,1,2.17,,0,,23.8
156,堡林,2022-10-25 12:00,16.1,,1.9,70,28,1019,1027.4,1,2.47,,0,,28.9
156,堡林,2022-10-25 13:00,16,,2.3,70,26,1018.5,1026.9,1,2.52,,0,,32
156,堡林,2022-10-25 14:00,17.8,,1,110,27,1017.8,1026.1,1,2.35,,0,,33.8
156,堡林,2022-10-25 15:00,17.4,,1.3,250,25,1017.4,1025.7,1,1.95,,0,,32.1
156,堡林,2022-10-25 16:00,17.6,,1.2,50,26,1017.5,1025.8,1,1.37,,0,,28.3
156,堡林,2022-10-25 17:00,16.5,,.8,70,27,1017.8,1026.2,1,.72,,0,,17.8
156,堡林,2022-10-25 18:00,15,,1,50,34,1017.9,1026.4,.6,.16,,0,,13.2
156,堡林,2022-10-25 19:00,13.5,,1.6,180,42,1018.6,1027.1,,,,0,,11
156,堡林,2022-10-25 20:00,13.1,,1.4,230,43,1019.2,1027.7,,,,0,,9.4
156,堡林,2022-10-25 21:00,12.4,,.6,270,51,1019.5,1028,,,,0,,8.7
156,堡林,2022-10-25 22:00,11.2,,0,0,56,1020,1028.6,,,,0,,7.6
156,堡林,2022-10-25 23:00,10.4,,0,0,58,1020.1,1028.7,,,,0,,7
156,堡林,2022-10-26 00:00,9.6,,0,0,60,1020,1028.6,,,,0,,6.5
156,堡林,2022-10-26 01:00,9.5,,0,0,66,1019.9,1028.5,,,,0,,6.2
156,堡林,2022-10-26 02:00,8.3,,.5,70,70,1019.8,1028.5,,,,0,,5.8
156,堡林,2022-10-26 03:00,8.2,,.8,110,68,1019.9,1028.6,,,,0,,5.3
156,堡林,2022-10-26 04:00,8,,.6,70,70,1019.8,1028.5,,,,0,,5
156,堡林,2022-10-26 05:00,7.8,,.5,50,72,1019.7,1028.4,,,,0,,4.8
156,堡林,2022-10-26 06:00,7.4,,.1,0,74,1020.1,1028.8,,,,0,,4.5
156,堡林,2022-10-26 07:00,7.5,,.2,0,75,1019.9,1028.6,0,.06,,0,,4.7
156,堡林,2022-10-26 08:00,9.4,,1.3,70,65,1020.3,1028.9,.4,.32,,2,,6
156,堡林,2022-10-26 09:00,12.2,,1.4,70,52,1020.7,1029.3,1,1.05,,7,,11.1
156,堡林,2022-10-26 10:00,14.3,,1.2,70,49,1020.7,1029.2,1,1.57,,7,,18.4
156,堡林,2022-10-26 11:00,17,,1.5,50,41,1019.6,1028,1,2.15,,3,,26
156,堡林,2022-10-26 12:00,18.6,,1.5,70,35,1019.1,1027.4,1,2.22,,8,,29.8
156,堡林,2022-10-26 13:00,19.5,,.6,340,33,1018.3,1026.5,1,2.4,,8,,33.8
156,堡林,2022-10-26 14:00,19.4,,.7,360,30,1017.3,1025.5,.6,1.66,,9,,30.5
156,堡林,2022-10-26 15:00,19,,1.1,20,30,1017.1,1025.4,.5,1.25,,9,,27
156,堡林,2022-10-26 16:00,18.4,,1.2,50,30,1017.2,1025.5,0,.71,,9,,23.4
156,堡林,2022-10-26 17:00,17.6,,1,70,32,1016.9,1025.2,0,.35,,10,,19.6
156,堡林,2022-10-26 18:00,16.1,,1,70,34,1016.8,1025.2,0,.11,,10,,16
156,堡林,2022-10-26 19:00,15.8,,.4,0,37,1017.1,1025.5,,,,8,,13.9
156,堡林,2022-10-26 20:00,15.1,,.8,70,43,1017.1,1025.5,,,,8,,12.4
156,堡林,2022-10-26 21:00,14.3,,.6,110,46,1017.4,1025.8,,,,8,,12.4
156,堡林,2022-10-26 22:00,14,,.1,0,49,1017.6,1026.1,,,,10,,12.3
156,堡林,2022-10-26 23:00,13.1,,.2,0,55,1017.9,1026.4,,,,9,,12
156,堡林,2022-10-27 00:00,13.2,,.3,0,53,1017.5,1026,,,,9,,11.5
156,堡林,2022-10-27 01:00,12.9,,.1,0,55,1017.4,1025.9,,,,10,,11.7
156,堡林,2022-10-27 02:00,12.4,,.4,0,59,1017.3,1025.8,,,,10,,11.4
156,堡林,2022-10-27 03:00,11.7,,.1,0,66,1017.3,1025.8,,,,9,,10.6
156,堡林,2022-10-27 04:00,11.3,,.2,0,68,1016.9,1025.5,,,,8,,10.4
156,堡林,2022-10-27 05:00,10.8,,0,0,70,1016.8,1025.4,,,,7,,9.5
156,堡林,2022-10-27 06:00,10.6,,.7,290,72,1017.1,1025.7,,,,8,,9.3
156,堡林,2022-10-27 07:00,10.4,,.6,70,75,1017.2,1025.8,0,0,,6,,8.8
156,堡林,2022-10-27 08:00,10.8,,0,0,75,1017.5,1026.1,.4,.3,,1,,8.8
156,堡林,2022-10-27 09:00,13.7,,.4,0,59,1017.8,1026.3,1,1,,0,,11.9
156,堡林,2022-10-27 10:00,16.1,,1.7,70,45,1017.5,1025.9,1,1.64,,0,,20.1
156,堡林,2022-10-27 11:00,18.1,,2.7,50,38,1017.3,1025.6,1,2.1,,0,,26.8
156,堡林,2022-10-27 12:00,19.2,,2.2,70,33,1016.6,1024.8,1,2.38,,0,,31.8
156,堡林,2022-10-27 13:00,20.4,,2.3,20,28,1015.9,1024.2,1,2.35,,0,,34.6
156,堡林,2022-10-27 14:00,21.2,,2.3,50,26,1014.9,1023.1,1,2.34,,0,,35.5
156,堡林,2022-10-27 15:00,21.4,,1.7,70,29,1014.7,1022.9,1,1.85,,0,,33.6
156,堡林,2022-10-27 16:00,20.9,,1.5,50,29,1014.7,1022.9,1,1.26,,0,,28.8
156,堡林,2022-10-27 17:00,19.5,,2.5,50,31,1015.3,1023.5,1,.62,,0,,20.3
156,堡林,2022-10-27 18:00,17.6,,1.5,50,45,1015.7,1024,.3,.13,,0,,16.1
156,堡林,2022-10-27 19:00,15.9,,.7,70,54,1016.4,1024.8,,,,0,,13.4
156,堡林,2022-10-27 20:00,14.9,,1.7,50,59,1016.8,1025.3,,,,0,,12.1
156,堡林,2022-10-27 21:00,14.2,,1,50,65,1017.1,1025.5,,,,0,,11
156,堡林,2022-10-27 22:00,13.9,,1.9,70,71,1017.3,1025.8,,,,0,,10.3
156,堡林,2022-10-27 23:00,13.1,,1,50,77,1017.6,1026.1,,,,0,,9.6
156,堡林,2022-10-28 00:00,12.6,,.4,0,79,1017.7,1026.2,,,,0,,9.1
156,堡林,2022-10-28 01:00,12,,.5,50,84,1017.4,1025.9,,,,0,,8.5
156,堡林,2022-10-28 02:00,11.6,,.2,0,87,1017.2,1025.7,,,,0,,8
156,堡林,2022-10-28 03:00,11.7,,.9,20,90,1017.1,1025.6,,,,0,,7.9
156,堡林,2022-10-28 04:00,10.4,,.5,20,92,1016.8,1025.4,,,,0,,7.4
156,堡林,2022-10-28 05:00,10,,.8,290,92,1017.2,1025.8,,,,0,,7.2
156,堡林,2022-10-28 06:00,9.6,,.1,0,93,1017.5,1026.1,,,,0,,6.5
156,堡林,2022-10-28 07:00,9.2,,0,0,93,1017.7,1026.3,0,.05,,1,,6.2
156,堡林,2022-10-28 08:00,10.1,,0,0,93,1018,1026.6,.4,.28,,0,,7.8
156,堡林,2022-10-28 09:00,12.1,,0,0,84,1018.4,1026.9,1,.88,,0,,11.7
156,堡林,2022-10-28 10:00,14.4,,.1,0,71,1018.1,1026.5,1,1.53,,0,,18.8
156,堡林,2022-10-28 11:00,15.8,,1.2,200,60,1017.9,1026.3,1,1.99,,0,,25.4
156,堡林,2022-10-28 12:00,18.5,,.9,250,53,1017.5,1025.8,1,2.2,,0,,30.6
156,堡林,2022-10-28 13:00,20,,.7,290,43,1016.8,1025.1,1,2.36,,0,,34
156,堡林,2022-10-28 14:00,20.6,,1.1,340,30,1016,1024.3,1,2.2,,0,,35.2
156,堡林,2022-10-28 15:00,21.1,,.8,340,30,1015.7,1023.9,1,1.82,,0,,33.6
156,堡林,2022-10-28 16:00,20.5,,.7,320,36,1015.4,1023.7,1,1.27,,0,,29.7
156,堡林,2022-10-28 17:00,19.5,,.8,270,46,1015.3,1023.5,1,.61,,0,,20.7
156,堡林,2022-10-28 18:00,17.6,,1,320,59,1015.4,1023.7,.3,.13,,0,,16.6
156,堡林,2022-10-28 19:00,16.4,,.2,0,65,1016.1,1024.5,,,,0,,13.9
156,堡林,2022-10-28 20:00,15.6,,.2,0,68,1016.5,1024.9,,,,0,,12.4
156,堡林,2022-10-28 21:00,14.4,,.5,230,76,1017.2,1025.6,,,,0,,11.5
156,堡林,2022-10-28 22:00,13.4,,.4,0,82,1017.8,1026.3,,,,0,,10.6
156,堡林,2022-10-28 23:00,13.1,,.1,0,86,1018,1026.5,,,,0,,9.8
156,堡林,2022-10-29 00:00,12.6,,.4,0,87,1017.8,1026.3,,,,0,,9.3
156,堡林,2022-10-29 01:00,12.1,,.5,230,91,1017.8,1026.3,,,,0,,8.9
156,堡林,2022-10-29 02:00,11.3,,0,0,92,1017.9,1026.5,,,,0,,8.4
156,堡林,2022-10-29 03:00,11.2,,0,0,91,1018.1,1026.7,,,,0,,8.2
156,堡林,2022-10-29 04:00,10.8,,0,0,92,1017.8,1026.4,,,,0,,7.6
156,堡林,2022-10-29 05:00,10.3,,0,0,92,1017.8,1026.4,,,,0,,7.3
156,堡林,2022-10-29 06:00,10,,0,0,93,1017.9,1026.5,,,,0,,7.1
156,堡林,2022-10-29 07:00,9.8,,.5,50,92,1018.1,1026.7,0,.06,,3,,7.1
156,堡林,2022-10-29 08:00,10.9,,0,0,91,1018.5,1027.1,.4,.29,,4,,9.2
156,堡林,2022-10-29 09:00,13,,.3,0,77,1018.8,1027.3,1,.76,,6,,12.6
156,堡林,2022-10-29 10:00,15.9,,.7,70,65,1018.7,1027.1,1,1.44,,4,,19.6
156,堡林,2022-10-29 11:00,17.5,,.3,0,58,1018.4,1026.7,1,1.71,,6,,24.4
156,堡林,2022-10-29 12:00,18.6,,.6,200,53,1017.9,1026.2,.8,1.61,,7,,26.9
156,堡林,2022-10-29 13:00,19.6,,.7,360,47,1017.2,1025.4,.7,1.56,,8,,27.4
156,堡林,2022-10-29 14:00,20.6,,1,90,40,1016.4,1024.7,.8,1.61,,8,,30.2
156,堡林,2022-10-29 15:00,21.3,,1.7,50,36,1015.8,1024,1,1.86,,8,,33.8
156,堡林,2022-10-29 16:00,20.1,,1.3,70,39,1015.7,1024,.7,1.05,,7,,26.2
156,堡林,2022-10-29 17:00,19.6,,1.4,20,43,1015.8,1024,.3,.51,,6,,21.7
156,堡林,2022-10-29 18:00,18.3,,.5,20,48,1015.8,1024.1,0,.13,,6,,16.8
156,堡林,2022-10-29 19:00,16.7,,.7,50,55,1016.2,1024.6,,,,6,,14.3
156,堡林,2022-10-29 20:00,15.6,,1.1,70,56,1016.7,1025.1,,,,5,,12.7
156,堡林,2022-10-29 21:00,15.4,,.4,0,57,1016.9,1025.3,,,,0,,11.6
156,堡林,2022-10-29 22:00,14.4,,.8,140,64,1017,1025.4,,,,2,,10.8
156,堡林,2022-10-29 23:00,14,,.1,0,69,1017.3,1025.7,,,,0,,10.1
156,堡林,2022-10-30 00:00,13.3,,.7,110,73,1017.2,1025.7,,,,0,,9.5
156,堡林,2022-10-30 01:00,12.5,,.5,70,75,1017.3,1025.8,,,,0,,9.3
156,堡林,2022-10-30 02:00,11.9,,0,0,82,1017.2,1025.7,,,,0,,8.8
156,堡林,2022-10-30 03:00,11.6,,.5,50,85,1016.9,1025.4,,,,0,,8.4
156,堡林,2022-10-30 04:00,10.8,,0,0,90,1016.9,1025.5,,,,0,,7.8
156,堡林,2022-10-30 05:00,10.6,,.1,0,92,1017,1025.6,,,,0,,7.4
156,堡林,2022-10-30 06:00,10.5,,.1,0,92,1017.4,1026,,,,0,,7.2
156,堡林,2022-10-30 07:00,10.1,,.1,0,93,1017.4,1026,0,.06,,0,,7.1
156,堡林,2022-10-30 08:00,10.8,,0,0,91,1017.7,1026.3,.4,.27,,0,,8.8
156,堡林,2022-10-30 09:00,14,,.4,0,79,1017.8,1026.3,1,.86,,0,,12.6
156,堡林,2022-10-30 10:00,16.3,,2,70,63,1017.4,1025.8,1,1.49,,0,,19.6
156,堡林,2022-10-30 11:00,18.3,,1.8,70,54,1017,1025.3,1,1.98,,0,,26
156,堡林,2022-10-30 12:00,19.8,,1.9,70,42,1016.4,1024.6,1,2.29,,2,,31
156,堡林,2022-10-30 13:00,20.7,,1,50,35,1015.7,1023.9,1,2.36,,0,,34.5
156,堡林,2022-10-30 14:00,21,,1.1,50,34,1015,1023.2,1,2.21,,0,,35.7
156,堡林,2022-10-30 15:00,21.2,,1.4,70,35,1014.6,1022.8,1,1.79,,0,,34.2
156,堡林,2022-10-30 16:00,20.9,,.8,70,35,1014.7,1022.9,1,1.29,,0,,30.8
156,堡林,2022-10-30 17:00,20.1,,1.2,70,37,1014.8,1023.1,1,.68,,0,,21.4
156,堡林,2022-10-30 18:00,18.9,,2.3,200,48,1015.1,1023.3,.4,.13,,6,,18.4
156,堡林,2022-10-30 19:00,17.6,,1.1,200,53,1015.5,1023.8,,,,5,,15.7
156,堡林,2022-10-30 20:00,16.8,,.8,250,56,1016,1024.4,,,,4,,13.9
156,堡林,2022-10-30 21:00,16.1,,1.2,230,65,1016.5,1024.9,,,,4,,13.5
156,堡林,2022-10-30 22:00,15.9,,2.1,200,71,1016.7,1025.1,,,,8,,14
156,堡林,2022-10-30 23:00,15.6,,.8,200,73,1017.1,1025.5,,,,7,,14.2
156,堡林,2022-10-31 00:00,15.4,,.7,200,74,1016.7,1025.1,,,,8,,14.4
156,堡林,2022-10-31 01:00,14.5,,.1,0,76,1016.6,1025,,,,6,,13.3
156,堡林,2022-10-31 02:00,13.6,,.8,90,78,1016.4,1024.9,,,,7,,11.4
156,堡林,2022-10-31 03:00,12.6,,.6,90,84,1016.5,1025,,,,0,,10.1
156,堡林,2022-10-31 04:00,12.6,,0,0,89,1016.6,1025.1,,,,8,,10.4
156,堡林,2022-10-31 05:00,12.3,,.7,90,87,1016.4,1024.9,,,,3,,10.4
156,堡林,2022-10-31 06:00,12.2,,.5,50,86,1016.7,1025.2,,,,9,,10.9
156,堡林,2022-10-31 07:00,12,,.8,90,85,1016.9,1025.4,0,.06,,8,,10.2
156,堡林,2022-10-31 08:00,12.6,,.1,0,80,1017,1025.5,.1,.26,,3,,11.5
156,堡林,2022-10-31 09:00,14.3,,1.4,70,68,1017,1025.4,.9,.84,,1,,14
156,堡林,2022-10-31 10:00,16.3,,.9,50,57,1016.9,1025.3,1,1.49,,2,,20.7
156,堡林,2022-10-31 11:00,17.3,,.9,250,50,1016.4,1024.7,1,1.98,,1,,27.4
156,堡林,2022-10-31 12:00,18.9,,1.3,50,45,1015.6,1023.9,1,2.23,,1,,31.6
156,堡林,2022-10-31 13:00,19.6,,.9,20,41,1014.9,1023.1,1,2.31,,1,,34.5
156,堡林,2022-10-31 14:00,20.2,,1.8,50,37,1014.1,1022.4,1,2.09,,3,,34.7
156,堡林,2022-10-31 15:00,20.5,,1.6,70,36,1013.7,1021.9,1,1.79,,7,,33.2
156,堡林,2022-10-31 16:00,20.4,,.9,20,38,1013.4,1021.6,1,1.3,,2,,30
156,堡林,2022-10-31 17:00,19.4,,.6,70,42,1013.7,1021.9,1,.59,,2,,20.2
156,堡林,2022-10-31 18:00,17.3,,1.1,360,59,1014.1,1022.4,.3,.12,,1,,16.6
156,堡林,2022-10-31 19:00,16.2,,.5,50,65,1014.5,1022.9,,,,0,,14.3
156,堡林,2022-10-31 20:00,15.2,,1.2,70,67,1014.6,1023,,,,0,,12.7
156,堡林,2022-10-31 21:00,14.5,,1.5,70,69,1014.7,1023.1,,,,0,,12.1
156,堡林,2022-10-31 22:00,14.4,,1,50,71,1015,1023.4,,,,0,,11
156,堡林,2022-10-31 23:00,13.5,,.2,0,74,1015.2,1023.7,,,,0,,10.2
156,堡林,2022-11-01 00:00,12.8,,.3,0,80,1014.8,1023.3,,,,0,,9.6
156,堡林,2022-11-01 01:00,12.7,,.3,0,81,1014.6,1023.1,,,,0,,9.1
156,堡林,2022-11-01 02:00,12.1,,.5,290,84,1014.7,1023.2,,,,1,,8.8
156,堡林,2022-11-01 03:00,11.1,,.1,0,91,1014.5,1023,,,,0,,8.3
156,堡林,2022-11-01 04:00,11,,.1,0,91,1014.2,1022.7,,,,0,,7.9
156,堡林,2022-11-01 05:00,10.6,,.2,0,91,1014.1,1022.7,,,,0,,7.6
156,堡林,2022-11-01 06:00,9.7,,.9,320,92,1014.1,1022.7,,,,0,,7.3
156,堡林,2022-11-01 07:00,9.4,,.9,70,94,1014.1,1022.7,0,.05,,0,,7.2
156,堡林,2022-11-01 08:00,10.6,,1.2,320,93,1014.7,1023.3,.3,.26,,0,,9
156,堡林,2022-11-01 09:00,13.6,,.4,0,82,1015,1023.4,1,.85,,0,,13
156,堡林,2022-11-01 10:00,16.2,,.5,50,66,1014.8,1023.2,1,1.46,,0,,19.8
156,堡林,2022-11-01 11:00,18,,1.5,90,57,1014.1,1022.4,1,1.93,,0,,26.4
156,堡林,2022-11-01 12:00,18.4,,1,20,56,1013.4,1021.7,1,2.01,,0,,29.5
156,堡林,2022-11-01 13:00,19.8,,1.1,50,51,1012.6,1020.8,1,2.24,,0,,33.3
156,堡林,2022-11-01 14:00,20.2,,1.1,20,47,1011.9,1020.1,1,2.08,,0,,34.6
156,堡林,2022-11-01 15:00,20.3,,2,340,43,1011.8,1020,1,1.73,,0,,32
156,堡林,2022-11-01 16:00,19.5,,1.1,20,49,1011.9,1020.1,1,1.13,,0,,27
156,堡林,2022-11-01 17:00,18.3,,1.2,20,54,1012.2,1020.5,1,.53,,0,,20
156,堡林,2022-11-01 18:00,17,,1.7,50,63,1012.5,1020.8,0,.11,,0,,16.1
156,堡林,2022-11-01 19:00,15.9,,.8,50,71,1013.3,1021.7,,,,5,,14.1
156,堡林,2022-11-01 20:00,14.6,,.8,50,78,1013.4,1021.8,,,,3,,12.6
156,堡林,2022-11-01 21:00,14.1,,.5,50,83,1013.4,1021.8,,,,0,,11
156,堡林,2022-11-01 22:00,13.2,,.9,70,85,1013.5,1022,,,,0,,10.3
156,堡林,2022-11-01 23:00,12.8,,1.2,70,87,1013.4,1021.9,,,,0,,9.3
156,堡林,2022-11-02 00:00,11.8,,1.1,70,88,1013.1,1021.6,,,,0,,8.5
156,堡林,2022-11-02 01:00,11.5,,1,50,90,1013.1,1021.6,,,,2,,8.1
156,堡林,2022-11-02 02:00,11.1,,.9,50,92,1013.3,1021.8,,,,7,,7.4
156,堡林,2022-11-02 03:00,10.4,,1.5,70,93,1013.1,1021.7,,,,0,,7.2
156,堡林,2022-11-02 04:00,10.6,,.8,70,94,1012.6,1021.2,,,,0,,6.7
156,堡林,2022-11-02 05:00,9.3,,.7,290,94,1013.2,1021.8,,,,0,,6.3
156,堡林,2022-11-02 06:00,9,,0,0,95,1013.5,1022.1,,,,0,,5.7
156,堡林,2022-11-02 07:00,9,,.2,0,95,1013.7,1022.3,0,.06,,0,,5.4
156,堡林,2022-11-02 08:00,9.1,,0,0,94,1014.1,1022.7,.3,.25,,0,,7.2
156,堡林,2022-11-02 09:00,11.8,,1.7,50,88,1014,1022.5,1,.87,,0,,11.4
156,堡林,2022-11-02 10:00,14.1,,1,20,72,1013.9,1022.3,1,1.54,,0,,17.8
156,堡林,2022-11-02 11:00,15.6,,1.5,230,69,1013.6,1022,1,1.97,,0,,24.3
156,堡林,2022-11-02 12:00,16.7,,.8,230,56,1012.6,1020.9,1,2.26,,0,,29.4
156,堡林,2022-11-02 13:00,18.5,,1.4,250,47,1011.7,1019.9,1,2.34,,0,,32.6
156,堡林,2022-11-02 14:00,19.6,,1,230,35,1011,1019.2,1,2.19,,0,,34.4
156,堡林,2022-11-02 15:00,19.4,,1,250,28,1010.7,1018.9,1,1.82,,0,,31.3
156,堡林,2022-11-02 16:00,20,,.9,360,33,1010.5,1018.7,1,1.21,,0,,25.8
156,堡林,2022-11-02 17:00,18.1,,.8,340,27,1010.8,1019,1,.62,,0,,16.3
156,堡林,2022-11-02 18:00,16,,1.1,340,37,1010.9,1019.3,.4,.12,,0,,12.4
156,堡林,2022-11-02 19:00,14.4,,.5,320,45,1011.4,1019.8,,,,0,,9.4
156,堡林,2022-11-02 20:00,13,,1,320,50,1011.7,1020.1,,,,0,,8.5
156,堡林,2022-11-02 21:00,11.7,,.1,0,55,1011.8,1020.3,,,,0,,6.5
156,堡林,2022-11-02 22:00,10.4,,1.5,50,57,1011.5,1020.1,,,,0,,5.7
156,堡林,2022-11-02 23:00,10.4,,1.2,70,59,1011.1,1019.6,,,,0,,5.4
156,堡林,2022-11-03 00:00,9.2,,.8,70,68,1010.7,1019.3,,,,0,,4.2
156,堡林,2022-11-03 01:00,8.9,,.1,0,69,1010.4,1019,,,,0,,3.4
156,堡林,2022-11-03 02:00,8.2,,.2,0,77,1010.8,1019.4,,,,0,,2.8
156,堡林,2022-11-03 03:00,7.5,,.6,290,79,1011,1019.6,,,,0,,2.7
156,堡林,2022-11-03 04:00,6.9,,.2,0,84,1010.7,1019.3,,,,0,,2.1
156,堡林,2022-11-03 05:00,6.2,,.3,0,85,1010.6,1019.3,,,,0,,2
156,堡林,2022-11-03 06:00,5.7,,0,0,89,1011,1019.7,,,,0,,1.9
156,堡林,2022-11-03 07:00,5.8,,0,0,87,1011,1019.7,0,.05,,0,,1.9
156,堡林,2022-11-03 08:00,6.7,,0,0,86,1011.4,1020.1,.2,.26,,0,,4.3
156,堡林,2022-11-03 09:00,8.3,,0,0,74,1011.9,1020.5,.9,.72,,3,,8.8
156,堡林,2022-11-03 10:00,11,,.3,0,64,1012,1020.5,1,1.25,,3,,17.5
156,堡林,2022-11-03 11:00,14.7,,1.2,70,43,1010.6,1019,1,1.99,,1,,25.4
156,堡林,2022-11-03 12:00,17.8,,1.6,50,27,1009.9,1018.2,1,2.06,,4,,28.8
156,堡林,2022-11-03 13:00,18.8,,1.4,340,26,1009.5,1017.7,1,2.25,,0,,32
156,堡林,2022-11-03 14:00,19.4,,.5,250,23,1009.4,1017.6,1,2.07,,0,,32.2
156,堡林,2022-11-03 15:00,19.4,,1.6,20,25,1009.2,1017.4,1,1.69,,1,,28.6
156,堡林,2022-11-03 16:00,17.9,,1.6,20,26,1009.5,1017.7,1,1.06,,0,,22.8
156,堡林,2022-11-03 17:00,16.3,,1.1,20,28,1010,1018.3,.8,.5,,0,,16.2
156,堡林,2022-11-03 18:00,14.7,,.6,50,37,1010.2,1018.6,0,.09,,0,,12.2
156,堡林,2022-11-03 19:00,13.8,,.5,360,44,1011,1019.4,,,,5,,10.4
156,堡林,2022-11-03 20:00,13.1,,1.1,50,47,1011.5,1019.9,,,,7,,9.4
156,堡林,2022-11-03 21:00,12.6,,1.3,20,53,1012,1020.5,,,,5,,9.5
156,堡林,2022-11-03 22:00,11.8,,1.1,50,63,1012.3,1020.8,,,,5,,8.7
156,堡林,2022-11-03 23:00,11.7,,1,50,70,1012.7,1021.2,,,,9,,9.1
156,堡林,2022-11-04 00:00,11.6,,1.6,340,71,1012.3,1020.8,,,,7,,9.5
156,堡林,2022-11-04 01:00,10.6,,.8,50,64,1012.6,1021.2,,,,5,,7.8
156,堡林,2022-11-04 02:00,10,,1.9,20,58,1012.8,1021.4,,,,7,,6.8
156,堡林,2022-11-04 03:00,9.6,,2.7,50,60,1013,1021.6,,,,1,,6.2
156,堡林,2022-11-04 04:00,9.1,,2.7,50,58,1013.3,1021.9,,,,3,,6.1
156,堡林,2022-11-04 05:00,8.8,,2.2,50,58,1013.5,1022.1,,,,0,,5.4
156,堡林,2022-11-04 06:00,8.3,,2.2,50,56,1013.8,1022.4,,,,0,,4.7
156,堡林,2022-11-04 07:00,7.9,,2.2,20,58,1014,1022.6,0,.05,,0,,4.4
156,堡林,2022-11-04 08:00,7.6,,3.2,50,57,1014.7,1023.4,.2,.24,,0,,5.2
156,堡林,2022-11-04 09:00,8.5,,2.8,50,48,1015.4,1024,1,.9,,0,,8.3
156,堡林,2022-11-04 10:00,9.4,,1.6,20,41,1015.7,1024.3,1,1.52,,0,,16.9
156,堡林,2022-11-04 11:00,10.3,,1.6,20,38,1015.3,1023.9,1,2.01,,0,,22.8
156,堡林,2022-11-04 12:00,11.2,,2,50,36,1014.7,1023.2,1,2.3,,0,,26.4
156,堡林,2022-11-04 13:00,11.5,,2.2,340,30,1014.3,1022.8,1,2.36,,0,,28
156,堡林,2022-11-04 14:00,11.7,,2.6,340,23,1013.9,1022.4,1,2.24,,1,,27.4
156,堡林,2022-11-04 15:00,12.1,,1.7,340,25,1013.9,1022.4,1,1.82,,6,,25.4
156,堡林,2022-11-04 16:00,10.8,,2.6,20,24,1014.2,1022.8,1,1.32,,7,,19.5
156,堡林,2022-11-04 17:00,9.7,,2.1,50,29,1014.6,1023.2,.9,.52,,7,,11.1
156,堡林,2022-11-04 18:00,8.8,,1.6,50,34,1015,1023.6,.3,.11,,7,,8
156,堡林,2022-11-04 19:00,8.1,,.9,20,38,1015.8,1024.4,,,,2,,5.5
156,堡林,2022-11-04 20:00,7.5,,1.3,50,41,1016.3,1025,,,,4,,4.4
156,堡林,2022-11-04 21:00,6.8,,1.5,70,45,1016.4,1025.1,,,,5,,4.3
156,堡林,2022-11-04 22:00,6.6,,1.4,70,46,1016.7,1025.4,,,,1,,3
156,堡林,2022-11-04 23:00,5.9,,1.2,50,47,1016.7,1025.4,,,,5,,2.5
156,堡林,2022-11-05 00:00,5.9,,1.1,50,47,1016.5,1025.2,,,,5,,2.5
156,堡林,2022-11-05 01:00,5.4,,1.3,50,48,1016.6,1025.4,,,,4,,2.1
156,堡林,2022-11-05 02:00,5.9,,1,50,48,1016.8,1025.5,,,,6,,2.3
156,堡林,2022-11-05 03:00,5.3,,1.2,50,50,1017.1,1025.9,,,,4,,1.4
156,堡林,2022-11-05 04:00,4.9,,1.7,70,52,1016.9,1025.7,,,,1,,.8
156,堡林,2022-11-05 05:00,4.9,,2.3,70,50,1017,1025.8,,,,0,,.5
156,堡林,2022-11-05 06:00,4.1,,2.2,70,54,1017,1025.8,,,,0,,-.1
156,堡林,2022-11-05 07:00,4.3,,2.4,70,52,1017.3,1026.1,0,.06,,0,,-.2
156,堡林,2022-11-05 08:00,5.8,,1.8,70,46,1017.9,1026.7,.2,.21,,0,,1.5
156,堡林,2022-11-05 09:00,8.5,,2.8,70,37,1018.4,1027,1,.95,,0,,6.1
156,堡林,2022-11-05 10:00,10.4,,1.9,70,37,1018.5,1027.1,1,1.57,,0,,17
156,堡林,2022-11-05 11:00,12.1,,1.9,50,37,1017.9,1026.4,1,2.03,,0,,24.2
156,堡林,2022-11-05 12:00,14.2,,1.9,50,32,1017.2,1025.6,1,2.33,,0,,28.4
156,堡林,2022-11-05 13:00,13.7,,1.9,20,28,1016.4,1024.9,1,2.39,,0,,29.5
156,堡林,2022-11-05 14:00,15.1,,1.7,360,25,1015.8,1024.2,1,2.24,,0,,29.6
156,堡林,2022-11-05 15:00,14.7,,1.9,50,25,1015.7,1024.1,1,1.85,,0,,26.4
156,堡林,2022-11-05 16:00,13.8,,2.3,50,32,1015.9,1024.3,1,1.22,,0,,21.1
156,堡林,2022-11-05 17:00,12.5,,1.8,20,34,1016.2,1024.7,1,.63,,0,,11.8
156,堡林,2022-11-05 18:00,11.3,,1.5,50,37,1016.7,1025.3,.4,.12,,0,,8.4
156,堡林,2022-11-05 19:00,10.3,,1.2,50,44,1017.1,1025.7,,,,0,,6.1
156,堡林,2022-11-05 20:00,9,,1.1,50,45,1017.4,1026,,,,0,,4.6
156,堡林,2022-11-05 21:00,8,,1.2,50,50,1017.3,1026,,,,0,,3.1
156,堡林,2022-11-05 22:00,7.6,,1,90,54,1017.4,1026.1,,,,0,,2.6
156,堡林,2022-11-05 23:00,7.4,,.7,50,59,1017.6,1026.3,,,,0,,2
156,堡林,2022-11-06 00:00,7,,.2,0,64,1017.6,1026.3,,,,0,,1.5
156,堡林,2022-11-06 01:00,6.1,,.4,0,67,1017.4,1026.1,,,,0,,1.3
156,堡林,2022-11-06 02:00,5,,.3,0,73,1017.5,1026.3,,,,0,,1.1
156,堡林,2022-11-06 03:00,4.3,,0,0,79,1017.4,1026.2,,,,0,,.8
156,堡林,2022-11-06 04:00,4.6,,0,0,81,1017.2,1026,,,,0,,.6
156,堡林,2022-11-06 05:00,4.2,,.2,0,82,1017.2,1026,,,,0,,.5
156,堡林,2022-11-06 06:00,4,,0,0,83,1017.5,1026.3,,,,0,,.5
156,堡林,2022-11-06 07:00,3.4,,0,0,87,1017.9,1026.7,0,.06,,0,,.3
156,堡林,2022-11-06 08:00,4.5,,0,0,83,1018.2,1027,.2,.23,,0,,2.5
156,堡林,2022-11-06 09:00,6.6,,.5,270,73,1018.7,1027.4,1,.83,,0,,6.7
156,堡林,2022-11-06 10:00,8.5,,.8,230,61,1018.5,1027.2,1,1.45,,0,,15.9
156,堡林,2022-11-06 11:00,12,,1,270,49,1018.2,1026.7,1,1.94,,2,,23.4
156,堡林,2022-11-06 12:00,14.5,,.9,230,45,1017.5,1025.9,1,2.22,,0,,28.2
156,堡林,2022-11-06 13:00,15.2,,1,270,42,1016.5,1024.9,1,2.27,,0,,30.4
156,堡林,2022-11-06 14:00,16.1,,1.3,290,39,1015.5,1023.9,1,2.04,,0,,29.5
156,堡林,2022-11-06 15:00,16.7,,.9,50,37,1014.9,1023.3,1,1.61,,0,,26.8
156,堡林,2022-11-06 16:00,15.6,,1.1,320,41,1014.5,1022.9,1,1.03,,0,,21
156,堡林,2022-11-06 17:00,14.6,,1.4,50,43,1014.4,1022.8,1,.51,,3,,14
156,堡林,2022-11-06 18:00,13.1,,.8,320,48,1014.6,1023.1,.1,.09,,5,,9.9
156,堡林,2022-11-06 19:00,11.4,,.7,20,54,1015.1,1023.6,,,,4,,7.7
156,堡林,2022-11-06 20:00,11.2,,.8,70,54,1015.2,1023.7,,,,6,,6.8
156,堡林,2022-11-06 21:00,10.4,,.6,50,59,1015.2,1023.8,,,,7,,6.1
156,堡林,2022-11-06 22:00,10,,.1,0,62,1015.7,1024.3,,,,5,,4.9
156,堡林,2022-11-06 23:00,9,,0,0,69,1016.1,1024.7,,,,2,,4.1
156,堡林,2022-11-07 00:00,8.3,,0,0,73,1016.2,1024.8,,,,0,,3.5
156,堡林,2022-11-07 01:00,7.9,,.5,90,77,1016.1,1024.8,,,,0,,3.3
156,堡林,2022-11-07 02:00,7.5,,.2,0,79,1015.6,1024.3,,,,0,,2.6
156,堡林,2022-11-07 03:00,6.6,,.5,270,84,1015.3,1024,,,,0,,2.5
156,堡林,2022-11-07 04:00,5.5,,.2,0,88,1015.7,1024.4,,,,0,,2.1
156,堡林,2022-11-07 05:00,5.9,,0,0,90,1015.2,1023.9,,,,0,,1.9
156,堡林,2022-11-07 06:00,5.6,,.6,90,88,1015.4,1024.1,,,,0,,1.8
156,堡林,2022-11-07 07:00,5.5,,.7,290,89,1015.6,1024.3,0,.06,,0,,1.9
156,堡林,2022-11-07 08:00,5.9,,.2,0,88,1016,1024.7,.2,.2,,0,,3.6
156,堡林,2022-11-07 09:00,8.3,,.4,0,77,1016.5,1025.1,1,.78,,0,,7.8
156,堡林,2022-11-07 10:00,10.4,,.8,290,65,1016.8,1025.4,1,1.37,,0,,16.4
156,堡林,2022-11-07 11:00,13.3,,.6,140,54,1016.2,1024.7,1,1.76,,2,,22.7
156,堡林,2022-11-07 12:00,15.4,,.6,320,45,1015.3,1023.7,1,2.12,,5,,28.1
156,堡林,2022-11-07 13:00,16.2,,.5,20,33,1014,1022.4,.9,1.98,,3,,27.2
156,堡林,2022-11-07 14:00,17.3,,.6,290,30,1013.2,1021.5,.9,1.81,,0,,30
156,堡林,2022-11-07 15:00,18.3,,1.1,270,24,1013.1,1021.4,1,1.62,,0,,27.4
156,堡林,2022-11-07 16:00,18.1,,.5,270,19,1013.1,1021.4,1,1.02,,0,,22.4
156,堡林,2022-11-07 17:00,17.1,,1.5,270,23,1013.3,1021.6,1,.49,,0,,14.6
156,堡林,2022-11-07 18:00,15.4,,.8,270,44,1013.8,1022.2,0,.09,,0,,11.4
156,堡林,2022-11-07 19:00,14,,.4,0,49,1014.5,1022.9,,,,6,,10.1
156,堡林,2022-11-07 20:00,13.2,,.2,0,52,1015,1023.5,,,,4,,7.8
156,堡林,2022-11-07 21:00,12.4,,.8,250,54,1015.5,1024,,,,0,,7
156,堡林,2022-11-07 22:00,11,,.4,0,61,1016.2,1024.8,,,,0,,5.7
156,堡林,2022-11-07 23:00,10.1,,.9,180,65,1016.3,1024.9,,,,0,,4.8
156,堡林,2022-11-08 00:00,9.5,,.4,0,68,1016,1024.6,,,,0,,4.2
156,堡林,2022-11-08 01:00,8.7,,0,0,73,1016.1,1024.7,,,,0,,3.7
156,堡林,2022-11-08 02:00,8.2,,0,0,77,1016.2,1024.8,,,,0,,3.2
156,堡林,2022-11-08 03:00,7.5,,0,0,82,1015.9,1024.6,,,,0,,2.7
156,堡林,2022-11-08 04:00,7,,0,0,84,1015.9,1024.6,,,,0,,2.4
156,堡林,2022-11-08 05:00,6.3,,.1,0,86,1016.1,1024.8,,,,0,,2.4
156,堡林,2022-11-08 06:00,6.5,,0,0,84,1016.6,1025.3,,,,0,,2.7
156,堡林,2022-11-08 07:00,6.3,,0,0,86,1017,1025.7,0,.06,,4,,2.8
156,堡林,2022-11-08 08:00,7,,.6,270,82,1017.6,1026.3,.2,.2,,0,,4.9
156,堡林,2022-11-08 09:00,8.9,,.1,0,72,1018.1,1026.7,1,.75,,0,,9.2
156,堡林,2022-11-08 10:00,11.6,,.6,230,60,1018.3,1026.9,1,1.35,,0,,17.1
156,堡林,2022-11-08 11:00,14.2,,.4,0,50,1018,1026.4,1,1.81,,0,,24
156,堡林,2022-11-08 12:00,16.7,,.6,360,49,1017.4,1025.8,1,2.09,,0,,28.8
156,堡林,2022-11-08 13:00,17.5,,1.2,290,49,1016.5,1024.8,1,2.18,,0,,30.8
156,堡林,2022-11-08 14:00,18.9,,1,70,43,1015.8,1024.1,1,2.03,,0,,31.4
156,堡林,2022-11-08 15:00,18.9,,.6,360,40,1015.6,1023.9,1,1.6,,1,,27.8
156,堡林,2022-11-08 16:00,19,,.6,360,38,1015.6,1023.8,1,1.07,,0,,23.6
156,堡林,2022-11-08 17:00,17.7,,1.4,270,37,1015.8,1024.1,1,.51,,0,,15.8
156,堡林,2022-11-08 18:00,16.1,,1.1,320,42,1015.9,1024.3,.3,.1,,0,,11.4
156,堡林,2022-11-08 19:00,14.5,,.4,0,60,1016.4,1024.8,,,,0,,9.6
156,堡林,2022-11-08 20:00,14.1,,.5,270,66,1016.7,1025.1,,,,4,,8.3
156,堡林,2022-11-08 21:00,12.4,,.1,0,68,1016.8,1025.3,,,,7,,6.9
156,堡林,2022-11-08 22:00,11.3,,.8,180,71,1017.2,1025.8,,,,1,,6.1
156,堡林,2022-11-08 23:00,10.7,,.3,0,79,1017.6,1026.2,,,,0,,5.3
156,堡林,2022-11-09 00:00,10,,.4,0,86,1017.5,1026.1,,,,0,,4.7
156,堡林,2022-11-09 01:00,9.5,,0,0,91,1017.8,1026.4,,,,0,,4.3
156,堡林,2022-11-09 02:00,8.9,,0,0,93,1017.9,1026.5,,,,1,,3.4
156,堡林,2022-11-09 03:00,8.1,,0,0,93,1017.7,1026.4,,,,7,,2.9
156,堡林,2022-11-09 04:00,7.4,,0,0,93,1017.6,1026.3,,,,0,,2.2
156,堡林,2022-11-09 05:00,6.5,,0,0,93,1017.8,1026.5,,,,0,,1.8
156,堡林,2022-11-09 06:00,6,,.4,0,93,1017.9,1026.6,,,,0,,1.8
156,堡林,2022-11-09 07:00,5.8,,.3,0,93,1018.1,1026.9,,,,0,,1.5
156,堡林,2022-11-09 08:00,6.6,,0,0,93,1018.6,1027.3,.2,.2,,0,,3.4
156,堡林,2022-11-09 09:00,8.7,,0,0,85,1018.7,1027.3,1,.78,,0,,8.1
156,堡林,2022-11-09 10:00,11.2,,.8,250,72,1018.7,1027.3,1,1.38,,0,,16.2
156,堡林,2022-11-09 11:00,13.9,,.7,270,57,1018.3,1026.8,1,1.84,,0,,23.3
156,堡林,2022-11-09 12:00,16.5,,.1,0,39,1017.5,1025.9,1,2.13,,0,,28
156,堡林,2022-11-09 13:00,19.1,,0,0,34,1016.6,1024.8,1,2.14,,0,,30.2
156,堡林,2022-11-09 14:00,18.8,,.5,270,27,1015.9,1024.2,1,1.83,,0,,29.1
156,堡林,2022-11-09 15:00,19,,1,250,27,1015.6,1023.8,1,1.52,,5,,27.3
156,堡林,2022-11-09 16:00,18.9,,.8,320,28,1015.3,1023.5,1,.94,,5,,22.4
156,堡林,2022-11-09 17:00,18,,.6,340,30,1015.5,1023.8,.7,.42,,6,,16.3
156,堡林,2022-11-09 18:00,16.6,,.6,20,31,1016,1024.4,0,.09,,4,,11.6
156,堡林,2022-11-09 19:00,15,,1.2,110,38,1016.6,1025,,,,5,,9.2
156,堡林,2022-11-09 20:00,13.9,,.6,160,43,1016.6,1025,,,,0,,7.9
156,堡林,2022-11-09 21:00,12.8,,.3,0,48,1016.6,1025.1,,,,0,,7.1
156,堡林,2022-11-09 22:00,11.9,,.1,0,52,1016.8,1025.3,,,,6,,6.4
156,堡林,2022-11-09 23:00,11.4,,0,0,55,1016.7,1025.3,,,,4,,5.7
156,堡林,2022-11-10 00:00,11.2,,0,0,61,1016.6,1025.2,,,,7,,6.7
156,堡林,2022-11-10 01:00,10.6,,.3,0,58,1016.2,1024.8,,,,6,,5.8
156,堡林,2022-11-10 02:00,9.8,,0,0,63,1016,1024.6,,,,6,,5.5
156,堡林,2022-11-10 03:00,8.8,,0,0,70,1016,1024.6,,,,2,,4.6
156,堡林,2022-11-10 04:00,9,,.1,0,72,1015.8,1024.4,,,,6,,4.5
156,堡林,2022-11-10 05:00,9,,.1,0,72,1015.9,1024.5,,,,9,,6.5
156,堡林,2022-11-10 06:00,8.7,,.7,50,73,1015.8,1024.4,,,,9,,7
156,堡林,2022-11-10 07:00,9.2,,.3,0,73,1016,1024.6,,,,9,,7.8
156,堡林,2022-11-10 08:00,8.9,,.1,0,73,1016.4,1025,.1,.17,,3,,7.1
156,堡林,2022-11-10 09:00,11.5,0,.5,290,59,1016.9,1025.4,1,.71,,1,,11
156,堡林,2022-11-10 10:00,14.4,,.7,270,48,1016.7,1025.1,1,1.29,,2,,19.1
156,堡林,2022-11-10 11:00,16.6,,1.3,230,42,1016.7,1025.1,1,1.72,,0,,25.8
156,堡林,2022-11-10 12:00,19.8,,.8,20,31,1015.8,1024,1,2.01,,0,,30.4
156,堡林,2022-11-10 13:00,20.7,,.5,250,29,1014.8,1023,1,2.09,,0,,32.8
156,堡林,2022-11-10 14:00,22,,1,270,32,1014,1022.2,1,1.94,,0,,33.1
156,堡林,2022-11-10 15:00,21.9,,.5,360,35,1013.9,1022.1,1,1.57,,1,,30.1
156,堡林,2022-11-10 16:00,20.9,,.5,290,37,1014,1022.2,.7,.82,,6,,22.9
156,堡林,2022-11-10 17:00,20.5,,.5,290,40,1014.3,1022.5,1,.43,,3,,17.8
156,堡林,2022-11-10 18:00,19.2,,.8,50,37,1014.7,1022.9,0,.08,,2,,14.6
156,堡林,2022-11-10 19:00,17.4,,1.1,110,42,1015.3,1023.6,,,,2,,12.1
156,堡林,2022-11-10 20:00,16.8,,1,50,39,1015.6,1024,,,,7,,11.6
156,堡林,2022-11-10 21:00,16.1,,.9,70,42,1016,1024.4,,,,6,,10.2
156,堡林,2022-11-10 22:00,14.8,,.9,70,55,1016.5,1024.9,,,,5,,9.4
156,堡林,2022-11-10 23:00,14.3,,.2,0,55,1016.5,1024.9,,,,6,,8.8
156,堡林,2022-11-11 00:00,13.7,,.3,0,58,1016.3,1024.8,,,,0,,8.1
156,堡林,2022-11-11 01:00,12.9,,0,0,62,1016.2,1024.7,,,,0,,7.5
156,堡林,2022-11-11 02:00,12.3,,0,0,69,1016.4,1024.9,,,,0,,7.1
156,堡林,2022-11-11 03:00,11.8,,0,0,68,1016.3,1024.8,,,,0,,6.8
156,堡林,2022-11-11 04:00,11.4,,0,0,72,1016.4,1024.9,,,,2,,6.6
156,堡林,2022-11-11 05:00,11.5,,0,0,69,1016.8,1025.3,,,,8,,8.3
156,堡林,2022-11-11 06:00,11.3,,.3,0,69,1017,1025.6,,,,4,,8.4
156,堡林,2022-11-11 07:00,11.4,,0,0,67,1017.1,1025.7,,,,4,,7.7
156,堡林,2022-11-11 08:00,12.3,,0,0,64,1017.6,1026.1,.2,.2,,7,,10.3
156,堡林,2022-11-11 09:00,14.7,,.5,90,54,1018,1026.4,.8,.79,,7,,15
156,堡林,2022-11-11 10:00,17.9,,.3,0,48,1018.1,1026.4,.9,1.22,,5,,21.9
156,堡林,2022-11-11 11:00,19.7,,.8,70,45,1017.6,1025.8,1,1.74,,3,,28.8
156,堡林,2022-11-11 12:00,21.1,,.5,20,40,1017.1,1025.3,1,1.88,,3,,31
156,堡林,2022-11-11 13:00,23.1,,2.1,230,36,1016.2,1024.3,1,2.11,,3,,34.8
156,堡林,2022-11-11 14:00,23.5,,1.2,230,37,1015.6,1023.7,1,1.93,,4,,34.9
156,堡林,2022-11-11 15:00,23,,1.1,250,39,1015.1,1023.2,.9,1.38,,2,,31.3
156,堡林,2022-11-11 16:00,22.8,,1.6,230,39,1015.1,1023.2,1,1,,2,,26.9
156,堡林,2022-11-11 17:00,20.9,,2.4,200,44,1015.5,1023.7,.5,.39,,2,,19.6
156,堡林,2022-11-11 18:00,19.6,,2.3,200,48,1015.7,1023.9,0,.08,,0,,15.9
156,堡林,2022-11-11 19:00,19.3,,1.4,160,50,1016,1024.2,,,,4,,15.8
156,堡林,2022-11-11 20:00,18.6,,1.4,200,55,1016.1,1024.4,,,,4,,13.6
156,堡林,2022-11-11 21:00,17.4,,0,0,61,1016.1,1024.4,,,,0,,12.2
156,堡林,2022-11-11 22:00,16.4,,.1,0,63,1016,1024.4,,,,0,,11.4
156,堡林,2022-11-11 23:00,15.9,,0,0,67,1015.6,1024,,,,0,,10.4
156,堡林,2022-11-12 00:00,15,,.1,0,72,1015.6,1024,,,,0,,10
156,堡林,2022-11-12 01:00,14.4,,0,0,76,1015.2,1023.6,,,,0,,9.3
156,堡林,2022-11-12 02:00,13.9,,.4,0,81,1015,1023.4,,,,0,,9.1
156,堡林,2022-11-12 03:00,13.6,,.2,0,83,1014.4,1022.8,,,,0,,8.7
156,堡林,2022-11-12 04:00,13.4,,0,0,86,1014.2,1022.6,,,,0,,8.5
156,堡林,2022-11-12 05:00,13,,.2,0,88,1013.8,1022.3,,,,0,,8.6
156,堡林,2022-11-12 06:00,13.1,,.2,0,89,1013.5,1022,,,,8,,9.6
156,堡林,2022-11-12 07:00,13,,.2,0,88,1013.1,1021.6,,,,3,,9.3
156,堡林,2022-11-12 08:00,13.8,,.6,90,85,1012.9,1021.3,.1,.18,,1,,11.1
156,堡林,2022-11-12 09:00,16.5,,.1,0,73,1012.8,1021.1,.9,.69,,2,,15.7
156,堡林,2022-11-12 10:00,19.2,,.1,0,62,1012.4,1020.6,1,1.27,,1,,22.5
156,堡林,2022-11-12 11:00,21.6,,.9,180,59,1011.5,1019.7,.7,1.41,,7,,29
156,堡林,2022-11-12 12:00,22.7,,2.8,200,60,1010.4,1018.5,.7,1.86,,8,,32
156,堡林,2022-11-12 13:00,23.9,,2.6,180,58,1009,1017,.4,1.43,,8,,33
156,堡林,2022-11-12 14:00,23.4,,2.4,200,60,1008.1,1016.2,0,.94,,9,,29.3
156,堡林,2022-11-12 15:00,22.3,,4.3,180,63,1007.5,1015.6,.3,1.16,,9,,29.1
156,堡林,2022-11-12 16:00,21.6,,2.3,180,70,1007.1,1015.2,0,.5,,10,,25.2
156,堡林,2022-11-12 17:00,21,,2.7,200,77,1007,1015.2,0,.26,,10,,22.3
156,堡林,2022-11-12 18:00,20.4,0,2.8,200,83,1006.7,1014.9,0,.07,,10,,20.3
156,堡林,2022-11-12 19:00,20.3,,3.2,200,85,1006.4,1014.6,,,,10,,19.2
156,堡林,2022-11-12 20:00,20.1,,2.9,200,88,1005.9,1014.1,,,,10,,18.8
156,堡林,2022-11-12 21:00,20.1,,2.8,200,90,1005.1,1013.3,,,,10,,18.9
156,堡林,2022-11-12 22:00,19.6,,2.4,180,93,1004.2,1012.3,,,,10,,18.6
156,堡林,2022-11-12 23:00,18.9,,2.5,200,96,1003.7,1011.9,,,,10,,18.5
156,堡林,2022-11-13 00:00,18.9,21.1,4.6,200,96,1003.2,1011.3,,,,10,,18.6
156,堡林,2022-11-13 01:00,19.2,,3.5,230,96,1003.1,1011.2,,,,10,,18.7
156,堡林,2022-11-13 02:00,18.9,,2.5,250,96,1003.4,1011.6,,,,10,,18.6
156,堡林,2022-11-13 03:00,15.9,10.5,1.9,320,96,1004.1,1012.4,,,,10,,17.2
156,堡林,2022-11-13 04:00,14.4,,1.8,290,96,1004.8,1013.1,,,,10,,15.7
156,堡林,2022-11-13 05:00,13.1,,1.4,320,94,1004.7,1013.1,,,,10,,14.7
156,堡林,2022-11-13 06:00,12.4,0,1.9,290,94,1005.6,1014,,,,10,,13.8
156,堡林,2022-11-13 07:00,12,,1,290,93,1006.2,1014.6,,,,8,,13.7
156,堡林,2022-11-13 08:00,11.6,,1.8,340,91,1007,1015.5,0,.09,,10,,13.3
156,堡林,2022-11-13 09:00,11.5,,1.4,360,86,1007.6,1016.1,0,.13,,9,,13.2
156,堡林,2022-11-13 10:00,11.5,,1.2,360,81,1008.1,1016.6,0,.22,,10,,13.4
156,堡林,2022-11-13 11:00,11.4,,1.6,360,78,1008.5,1017,0,.34,,9,,13.7
156,堡林,2022-11-13 12:00,11.5,,1.6,340,72,1008.6,1017.1,0,.71,,9,,15.5
156,堡林,2022-11-13 13:00,11.2,,1.3,360,75,1008.3,1016.8,0,.55,,9,,14.7
156,堡林,2022-11-13 14:00,11.3,,1.4,360,71,1008,1016.5,0,.61,,9,,15
156,堡林,2022-11-13 15:00,11.5,,1.6,360,67,1007.9,1016.4,0,.49,,9,,14.7
156,堡林,2022-11-13 16:00,11.4,,2,320,69,1008.8,1017.3,0,.47,,9,,14.1
156,堡林,2022-11-13 17:00,11.2,,1.6,320,72,1009.7,1018.2,0,.25,,9,,13.2
156,堡林,2022-11-13 18:00,10.5,,1,320,72,1009.9,1018.4,0,.09,,9,,11
156,堡林,2022-11-13 19:00,10.5,,1.9,20,68,1010.5,1019,,,,9,,10.5
156,堡林,2022-11-13 20:00,10.2,,2.2,70,70,1010.4,1018.9,,,,9,,10.5
156,堡林,2022-11-13 21:00,10.3,,1.4,50,70,1011.2,1019.8,,,,9,,10.8
156,堡林,2022-11-13 22:00,9.9,,.6,50,72,1011.3,1019.9,,,,10,,10.2
156,堡林,2022-11-13 23:00,10.1,,.5,340,73,1011.5,1020.1,,,,10,,10.1
156,堡林,2022-11-14 00:00,9.5,,.3,0,76,1011.1,1019.6,,,,9,,9.5
156,堡林,2022-11-14 01:00,9.2,,.4,0,81,1011.5,1020.1,,,,5,,8.7
156,堡林,2022-11-14 02:00,9.4,,0,0,82,1011.5,1020.1,,,,9,,9.3
156,堡林,2022-11-14 03:00,9.5,,0,0,85,1011.7,1020.3,,,,10,,10.1
156,堡林,2022-11-14 04:00,9.5,,.1,0,85,1011.7,1020.3,,,,10,,10.3
156,堡林,2022-11-14 05:00,9.6,,.1,0,82,1011.5,1020,,,,8,,10.6
156,堡林,2022-11-14 06:00,9.6,,0,0,82,1011.3,1019.8,,,,9,,10.6
156,堡林,2022-11-14 07:00,9.9,,.8,320,84,1011.5,1020.1,,,,10,,10.6
156,堡林,2022-11-14 08:00,10,,1.1,270,87,1011.5,1020.1,0,.13,,9,,11.4
156,堡林,2022-11-14 09:00,10.2,,.6,320,85,1012.2,1020.8,0,.33,,9,,12.5
156,堡林,2022-11-14 10:00,10.6,,.3,0,79,1011.9,1020.4,0,.55,,9,,14.3
156,堡林,2022-11-14 11:00,12.5,,.7,200,72,1011.5,1020,0,.9,,9,,16.5
156,堡林,2022-11-14 12:00,14,,.8,320,59,1010.2,1018.6,.6,1.74,,6,,18.8
156,堡林,2022-11-14 13:00,16,,1.8,270,50,1009.7,1018,.9,2.12,,5,,20.4
156,堡林,2022-11-14 14:00,14.1,,1.2,20,51,1009.4,1017.8,.5,1.28,,6,,17
156,堡林,2022-11-14 15:00,13.9,,1.2,340,52,1009,1017.4,.7,1.06,,6,,16.1
156,堡林,2022-11-14 16:00,12.9,,1.8,340,57,1009,1017.4,1,.94,,7,,14.3
156,堡林,2022-11-14 17:00,11.6,,1.7,340,60,1009.6,1018.1,.6,.36,,6,,10.5
156,堡林,2022-11-14 18:00,10.4,,1.4,320,67,1009.9,1018.4,0,.07,,3,,8.4
156,堡林,2022-11-14 19:00,9.7,,.8,320,64,1010.5,1019,,,,2,,7.1
156,堡林,2022-11-14 20:00,9.7,,.7,320,65,1010,1018.5,,,,6,,6.6
156,堡林,2022-11-14 21:00,9.5,,.8,290,67,1010.4,1018.9,,,,3,,6.5
156,堡林,2022-11-14 22:00,9.1,,1,320,68,1010.4,1019,,,,9,,6.6
156,堡林,2022-11-14 23:00,9.3,,1.4,50,61,1010.5,1019.1,,,,0,,8
156,堡林,2022-11-15 00:00,8.3,,.8,70,63,1010.3,1018.9,,,,7,,6.1
156,堡林,2022-11-15 01:00,7,,1.2,70,70,1010.1,1018.7,,,,3,,4.8
156,堡林,2022-11-15 02:00,7.3,,1.5,50,69,1009.9,1018.5,,,,1,,4.1
156,堡林,2022-11-15 03:00,7,,1.5,70,72,1009.9,1018.5,,,,0,,3.5
156,堡林,2022-11-15 04:00,6.9,,1.3,50,76,1009.8,1018.4,,,,0,,3.1
156,堡林,2022-11-15 05:00,6,,1.2,70,77,1009.7,1018.4,,,,0,,2.8
156,堡林,2022-11-15 06:00,5.5,,1,50,81,1009.6,1018.3,,,,0,,2.6
156,堡林,2022-11-15 07:00,5.4,,1.1,320,84,1009.8,1018.5,,,,0,,2.5
156,堡林,2022-11-15 08:00,5.3,,.1,0,89,1010.1,1018.8,.1,.17,,1,,3.9
156,堡林,2022-11-15 09:00,7.6,,.3,0,73,1010.5,1019.1,1,.75,,0,,10.4
156,堡林,2022-11-15 10:00,10.6,,.5,50,54,1010.9,1019.4,1,1.38,,0,,16.4
156,堡林,2022-11-15 11:00,11.9,,.6,200,53,1010.7,1019.2,1,1.83,,1,,20.5
156,堡林,2022-11-15 12:00,12.6,,1,270,52,1010.1,1018.5,1,2.16,,2,,22.9
156,堡林,2022-11-15 13:00,12.9,,1.4,270,49,1009.4,1017.8,.8,1.65,,5,,19
156,堡林,2022-11-15 14:00,13.9,,1.5,290,44,1008.7,1017.1,.9,1.87,,6,,20
156,堡林,2022-11-15 15:00,14.1,,1.5,290,42,1008.4,1016.8,.9,1.31,,0,,19.6
156,堡林,2022-11-15 16:00,13.7,,1.6,270,43,1008.9,1017.3,1,1.1,,1,,15.4
156,堡林,2022-11-15 17:00,12.8,,1.7,340,47,1009.6,1018,1,.48,,0,,10.4
156,堡林,2022-11-15 18:00,11.6,,.8,290,50,1010,1018.5,.2,.08,,0,,7.8
156,堡林,2022-11-15 19:00,11.2,,.5,320,55,1010.6,1019.1,,,,0,,6.8
156,堡林,2022-11-15 20:00,11.4,,.3,0,56,1010.8,1019.3,,,,0,,6.3
156,堡林,2022-11-15 21:00,9.6,,.9,180,66,1011.2,1019.7,,,,0,,5.5
156,堡林,2022-11-15 22:00,8.9,,1,200,71,1011.6,1020.2,,,,0,,4.9
156,堡林,2022-11-15 23:00,8.6,,1,230,72,1011.5,1020.1,,,,8,,4.6
156,堡林,2022-11-16 00:00,8.2,,.3,0,79,1011.3,1019.9,,,,0,,4.3
156,堡林,2022-11-16 01:00,7.5,,.1,0,83,1011.5,1020.1,,,,0,,4.1
156,堡林,2022-11-16 02:00,8.7,,1.2,230,78,1011.3,1019.9,,,,7,,6.3
156,堡林,2022-11-16 03:00,8.4,,.4,0,81,1011,1019.6,,,,7,,5.5
156,堡林,2022-11-16 04:00,7.8,,.7,270,85,1010.8,1019.4,,,,4,,5.7
156,堡林,2022-11-16 05:00,8.1,,.8,200,86,1010.7,1019.3,,,,9,,6.4
156,堡林,2022-11-16 06:00,7.7,0,.7,140,92,1011.1,1019.7,,,,10,,7.9
156,堡林,2022-11-16 07:00,8.2,,.8,50,90,1011.6,1020.2,,,,1,,5.5
156,堡林,2022-11-16 08:00,8,,.6,270,92,1012.2,1020.8,0,.15,,2,,6.1
156,堡林,2022-11-16 09:00,9.4,,.3,0,87,1013,1021.6,.9,.64,,0,,11.3
156,堡林,2022-11-16 10:00,11.2,,.8,270,78,1013.5,1022,1,1.25,,0,,17.2
156,堡林,2022-11-16 11:00,13.1,,.9,250,68,1013.6,1022.1,1,1.81,,2,,21.5
156,堡林,2022-11-16 12:00,14.5,,1.7,270,54,1013,1021.4,1,2.13,,3,,24.1
156,堡林,2022-11-16 13:00,15.4,,2,50,51,1012.3,1020.7,1,2.08,,7,,25.1
156,堡林,2022-11-16 14:00,16,,1.6,50,36,1011.9,1020.3,.7,1.42,,2,,23.4
156,堡林,2022-11-16 15:00,15.7,,1.5,20,30,1011.8,1020.2,1,1.68,,0,,21.7
156,堡林,2022-11-16 16:00,15,,1.8,290,30,1012.1,1020.5,1,1.13,,0,,16.8
156,堡林,2022-11-16 17:00,13.9,,1,340,36,1012.1,1020.5,1,.52,,0,,10.8
156,堡林,2022-11-16 18:00,12.5,,1.1,290,38,1012.7,1021.2,.3,.08,,0,,7.9
156,堡林,2022-11-16 19:00,11.3,,.2,0,44,1013.8,1022.3,,,,0,,6.4
156,堡林,2022-11-16 20:00,10.5,,.3,0,47,1014.3,1022.9,,,,0,,5.4
156,堡林,2022-11-16 21:00,9.8,,.8,70,51,1014.2,1022.8,,,,2,,4.9
156,堡林,2022-11-16 22:00,8.3,,1.5,70,61,1013.8,1022.4,,,,6,,4.4
156,堡林,2022-11-16 23:00,8.8,,1.1,50,58,1014.3,1022.9,,,,7,,4.3
156,堡林,2022-11-17 00:00,8.2,,.1,0,66,1014.2,1022.8,,,,8,,5.6
156,堡林,2022-11-17 01:00,8.1,,0,0,67,1014,1022.6,,,,10,,6.1
156,堡林,2022-11-17 02:00,7.9,,.5,320,70,1013.6,1022.2,,,,10,,6.4
156,堡林,2022-11-17 03:00,7.8,,.7,290,71,1014.2,1022.8,,,,8,,5.8
156,堡林,2022-11-17 04:00,7.2,,.8,290,75,1014.4,1023.1,,,,6,,4.2
156,堡林,2022-11-17 05:00,7.2,,.1,0,79,1014.2,1022.9,,,,7,,5.4
156,堡林,2022-11-17 06:00,7,,.3,0,82,1014.5,1023.2,,,,6,,4.8
156,堡林,2022-11-17 07:00,7,,.3,0,81,1014.7,1023.4,,,,8,,4
156,堡林,2022-11-17 08:00,7,,.4,0,81,1015.1,1023.8,.1,.14,,8,,4.9
156,堡林,2022-11-17 09:00,9,,.6,200,68,1015.8,1024.4,.7,.54,,7,,9.7
156,堡林,2022-11-17 10:00,12.1,,1.6,50,49,1015.9,1024.4,1,1.25,,6,,16
156,堡林,2022-11-17 11:00,14.2,,1.6,70,39,1015.9,1024.3,1,1.9,,2,,21.3
156,堡林,2022-11-17 12:00,14.9,,1.5,50,34,1014.9,1023.3,1,2.1,,0,,24.7
156,堡林,2022-11-17 13:00,16.3,,1,50,29,1013.9,1022.3,1,2.22,,2,,27
156,堡林,2022-11-17 14:00,17.5,,.7,230,26,1013.4,1021.7,1,2.08,,2,,26.4
156,堡林,2022-11-17 15:00,17.3,,.4,0,25,1013.4,1021.7,1,1.64,,3,,23.2
156,堡林,2022-11-17 16:00,17.5,,2.1,50,19,1013.6,1021.9,1,1.1,,2,,18.8
156,堡林,2022-11-17 17:00,15.7,,1.5,70,23,1014.1,1022.5,1,.49,,0,,11.4
156,堡林,2022-11-17 18:00,14,,1.1,70,26,1014.4,1022.8,.2,.07,,0,,8.1
156,堡林,2022-11-17 19:00,13.3,,.8,160,32,1015.1,1023.6,,,,0,,6.7
156,堡林,2022-11-17 20:00,12.8,,.6,320,38,1015.5,1024,,,,0,,5.8
156,堡林,2022-11-17 21:00,11.5,,.4,0,39,1016,1024.5,,,,0,,5.1
156,堡林,2022-11-17 22:00,10.3,,.4,0,52,1016.5,1025.1,,,,0,,4.4
156,堡林,2022-11-17 23:00,9.4,,.6,70,55,1016.4,1025,,,,0,,3.8
156,堡林,2022-11-18 00:00,9,,.5,180,61,1016.4,1025,,,,0,,3.4
156,堡林,2022-11-18 01:00,7.9,,.1,0,67,1016.7,1025.4,,,,0,,2.9
156,堡林,2022-11-18 02:00,7.5,,0,0,70,1016.8,1025.5,,,,0,,2.4
156,堡林,2022-11-18 03:00,6.9,,.3,0,70,1017,1025.7,,,,0,,2
156,堡林,2022-11-18 04:00,6.3,,.3,0,74,1016.9,1025.6,,,,0,,1.6
156,堡林,2022-11-18 05:00,6,,0,0,72,1016.8,1025.5,,,,0,,1.2
156,堡林,2022-11-18 06:00,5.8,,.4,0,79,1017.3,1026,,,,0,,1
156,堡林,2022-11-18 07:00,5,,.5,270,82,1017.5,1026.3,,,,0,,.6
156,堡林,2022-11-18 08:00,5.1,,0,0,83,1017.9,1026.7,.1,.15,,0,,1.5
156,堡林,2022-11-18 09:00,8,,.8,230,69,1018.2,1026.9,1,.8,,0,,9.2
156,堡林,2022-11-18 10:00,10.7,,.3,0,54,1018.2,1026.8,1,1.41,,0,,16.2
156,堡林,2022-11-18 11:00,13.5,,1.3,230,45,1018.1,1026.6,1,1.89,,0,,22.2
156,堡林,2022-11-18 12:00,15.9,,1,250,34,1017.2,1025.6,1,2.21,,0,,26.8
156,堡林,2022-11-18 13:00,17.5,,.4,0,27,1016.2,1024.5,1,2.24,,0,,29
156,堡林,2022-11-18 14:00,18.2,,.9,160,26,1015.4,1023.7,1,2.08,,0,,28.1
156,堡林,2022-11-18 15:00,19.3,,.8,270,19,1014.8,1023,1,1.69,,0,,26.2
156,堡林,2022-11-18 16:00,19.9,,.8,50,19,1015,1023.3,1,1.1,,0,,20.3
156,堡林,2022-11-18 17:00,17.9,,1,50,24,1015.2,1023.5,1,.49,,0,,12.6
156,堡林,2022-11-18 18:00,16.9,,.3,0,26,1015.8,1024.1,.2,.07,,0,,9.2
156,堡林,2022-11-18 19:00,14.8,,.5,200,34,1016.3,1024.7,,,,0,,6.7
156,堡林,2022-11-18 20:00,13.5,,.3,0,40,1016.3,1024.8,,,,0,,5.6
156,堡林,2022-11-18 21:00,12,,.8,70,47,1016.1,1024.6,,,,0,,4.8
156,堡林,2022-11-18 22:00,11.3,,1.1,90,50,1015.8,1024.3,,,,0,,4.2
156,堡林,2022-11-18 23:00,10.3,,.1,0,58,1015.9,1024.5,,,,0,,3.3
156,堡林,2022-11-19 00:00,9.6,,.6,200,63,1016.1,1024.7,,,,0,,2.9
156,堡林,2022-11-19 01:00,8.9,,.4,0,62,1015.8,1024.4,,,,2,,2.6
156,堡林,2022-11-19 02:00,8.3,,.8,70,67,1015.7,1024.3,,,,4,,2.4
156,堡林,2022-11-19 03:00,7.4,,0,0,72,1015.7,1024.4,,,,0,,1.9
156,堡林,2022-11-19 04:00,7.1,,.3,0,73,1015.3,1024,,,,0,,1.5
156,堡林,2022-11-19 05:00,7,,.4,0,74,1014.9,1023.6,,,,0,,1.3
156,堡林,2022-11-19 06:00,6.9,,.5,90,68,1014.7,1023.4,,,,0,,1.3
156,堡林,2022-11-19 07:00,7.1,,.7,270,72,1015,1023.7,,,,4,,1.5
156,堡林,2022-11-19 08:00,8.1,,.3,0,63,1015.3,1023.9,.1,.2,,9,,4.9
156,堡林,2022-11-19 09:00,10.8,,.8,70,55,1015.5,1024.1,.5,.61,,8,,11.5
156,堡林,2022-11-19 10:00,13.9,,.7,90,44,1015.3,1023.7,.7,1.06,,8,,20.1
156,堡林,2022-11-19 11:00,16.6,,1.8,50,39,1015.1,1023.5,1,1.81,,6,,32.1
156,堡林,2022-11-19 12:00,17.7,,1.1,90,37,1013.7,1022,.8,1.96,,4,,32.1
156,堡林,2022-11-19 13:00,19.2,,1,70,36,1012.7,1020.9,.6,1.72,,2,,35.1
156,堡林,2022-11-19 14:00,19.9,,1.3,50,28,1011.4,1019.6,1,2.01,,1,,33.3
156,堡林,2022-11-19 15:00,20.9,,1.5,50,26,1010.4,1018.6,1,1.65,,0,,30.6
156,堡林,2022-11-19 16:00,20,,2,50,21,1010.6,1018.8,1,1.07,,0,,23
156,堡林,2022-11-19 17:00,18.7,,2.6,50,25,1011,1019.2,1,.47,,2,,14.8
156,堡林,2022-11-19 18:00,17.4,,1,90,31,1011.5,1019.8,.1,.06,,0,,12.1
156,堡林,2022-11-19 19:00,16.4,,1.1,160,43,1011.4,1019.7,,,,3,,11.3
156,堡林,2022-11-19 20:00,15.2,,.5,360,46,1011.6,1020,,,,5,,10.3
156,堡林,2022-11-19 21:00,13.8,,.4,0,50,1012.1,1020.5,,,,4,,9.6
156,堡林,2022-11-19 22:00,13.8,,0,0,53,1012.3,1020.7,,,,8,,10
156,堡林,2022-11-19 23:00,13.5,,.3,0,54,1012.3,1020.7,,,,10,,10.9
156,堡林,2022-11-20 00:00,12.9,0,.3,0,62,1012,1020.5,,,,10,,11.2
156,堡林,2022-11-20 01:00,12.2,,1.2,70,69,1011.8,1020.3,,,,10,,11.1
156,堡林,2022-11-20 02:00,11.8,,.5,270,78,1011.6,1020.1,,,,10,,11
156,堡林,2022-11-20 03:00,11.8,.1,1.5,70,79,1011.1,1019.6,,,,10,,10.9
156,堡林,2022-11-20 04:00,11.8,,1.1,250,79,1011.3,1019.8,,,,10,,11
156,堡林,2022-11-20 05:00,11.9,,.7,90,80,1011,1019.5,,,,9,,10.9
156,堡林,2022-11-20 06:00,11.6,,1.1,70,82,1011,1019.5,,,,6,,10.4
156,堡林,2022-11-20 07:00,11.9,,.5,20,77,1011.3,1019.8,,,,8,,10.3
156,堡林,2022-11-20 08:00,11.7,,.3,0,82,1011.9,1020.4,0,.12,,8,,10.8
156,堡林,2022-11-20 09:00,12.8,,.1,0,77,1012,1020.5,0,.3,,9,,12.4
156,堡林,2022-11-20 10:00,14.5,,0,0,68,1012.3,1020.7,.1,.68,,9,,16.5
156,堡林,2022-11-20 11:00,15.5,,.4,0,65,1011.7,1020.1,.1,.82,,10,,17.9
156,堡林,2022-11-20 12:00,16.5,,.4,0,62,1011.1,1019.4,0,.89,,10,,18.3
156,堡林,2022-11-20 13:00,17.2,,1.4,70,59,1010.2,1018.5,0,.8,,10,,18.9
156,堡林,2022-11-20 14:00,17.7,,.9,70,55,1010,1018.3,.5,1.31,,10,,20.6
156,堡林,2022-11-20 15:00,17.6,0,.3,0,57,1009.6,1017.9,0,.52,,10,,18.8
156,堡林,2022-11-20 16:00,17.1,,.3,0,58,1010,1018.3,0,.4,,10,,17.3
156,堡林,2022-11-20 17:00,16,,.7,290,73,1010.6,1018.9,.1,.21,,8,,15.2
156,堡林,2022-11-20 18:00,14.9,.3,0,0,79,1010.8,1019.2,.1,.08,,2,,12.4
156,堡林,2022-11-20 19:00,14.2,,.6,90,91,1010.9,1019.3,,,,2,,11.2
156,堡林,2022-11-20 20:00,13.5,,.7,90,92,1011.2,1019.6,,,,3,,10.3
156,堡林,2022-11-20 21:00,12.7,,0,0,92,1011.6,1020.1,,,,0,,9.3
156,堡林,2022-11-20 22:00,11.8,,.7,180,93,1011.7,1020.2,,,,0,,8.8
156,堡林,2022-11-20 23:00,11.8,,.2,0,92,1012,1020.5,,,,0,,8.3
156,堡林,2022-11-21 00:00,11,,.4,0,95,1012.3,1020.8,,,,0,,7.8
156,堡林,2022-11-21 01:00,10,,0,0,95,1013.1,1021.7,,,,0,,7.5
156,堡林,2022-11-21 02:00,10.2,,0,0,96,1013.1,1021.7,,,,0,,7.1
156,堡林,2022-11-21 03:00,9.8,,0,0,96,1012.4,1020.9,,,,0,,6.9
156,堡林,2022-11-21 04:00,8.7,,0,0,96,1012,1020.6,,,,0,,6.5
156,堡林,2022-11-21 05:00,8.4,,0,0,96,1012.2,1020.8,,,,0,,6
156,堡林,2022-11-21 06:00,7.8,,0,0,96,1012.8,1021.4,,,,0,,5.7
156,堡林,2022-11-21 07:00,7.8,,0,0,96,1013.5,1022.1,,,,3,,5.7
156,堡林,2022-11-21 08:00,8.3,,0,0,96,1014.2,1022.8,0,.13,,9,,6.6
156,堡林,2022-11-21 09:00,10.1,,0,0,94,1014.4,1023,.5,.58,,9,,11.1
156,堡林,2022-11-21 10:00,10.9,,0,0,92,1014.6,1023.2,.2,.88,,9,,14.7
156,堡林,2022-11-21 11:00,12.9,,0,0,87,1013.7,1022.2,0,1.14,,9,,16.8
156,堡林,2022-11-21 12:00,14.3,,0,0,76,1013.2,1021.6,.1,1.36,,9,,19.2
156,堡林,2022-11-21 13:00,15.5,,0,0,68,1012.3,1020.7,0,1.25,,9,,19.7
156,堡林,2022-11-21 14:00,16.8,,.5,340,63,1011.9,1020.2,0,1.01,,9,,19.1
156,堡林,2022-11-21 15:00,17.1,,.2,0,53,1011.8,1020.1,.2,1,,9,,18.9
156,堡林,2022-11-21 16:00,18.1,,.4,0,49,1011.7,1020,.6,.75,,4,,16.7
156,堡林,2022-11-21 17:00,16.8,,0,0,52,1012,1020.3,1,.42,,4,,14.1
156,堡林,2022-11-21 18:00,15.9,,0,0,53,1012.3,1020.7,.1,.06,,2,,11.7
156,堡林,2022-11-21 19:00,14.2,,.2,0,64,1013.2,1021.6,,,,4,,10.2
156,堡林,2022-11-21 20:00,13.9,,.7,70,62,1013,1021.4,,,,6,,9.3
156,堡林,2022-11-21 21:00,13.1,,1.4,70,62,1013.5,1022,,,,7,,9.2
156,堡林,2022-11-21 22:00,13.2,,1.3,70,60,1013.6,1022.1,,,,10,,9.9
156,堡林,2022-11-21 23:00,12.4,,.1,0,67,1014.1,1022.6,,,,10,,9.9
156,堡林,2022-11-22 00:00,12.3,,0,0,69,1014,1022.5,,,,8,,10
156,堡林,2022-11-22 01:00,12.1,,1.2,50,70,1013.4,1021.9,,,,10,,10
156,堡林,2022-11-22 02:00,11.7,,.5,270,69,1013.7,1022.2,,,,10,,9.8
156,堡林,2022-11-22 03:00,11.7,,.3,0,72,1013.5,1022,,,,10,,9.7
156,堡林,2022-11-22 04:00,11.1,,.5,290,75,1013.3,1021.8,,,,10,,9.7
156,堡林,2022-11-22 05:00,11.1,,.1,0,77,1012.7,1021.2,,,,10,,9.7
156,堡林,2022-11-22 06:00,10.8,,0,0,78,1012.4,1020.9,,,,10,,9.7
156,堡林,2022-11-22 07:00,11.3,,2.4,50,78,1012,1020.5,,,,10,,9.7
156,堡林,2022-11-22 08:00,11.9,,1.9,70,70,1012.6,1021.1,0,.11,,10,,10.1
156,堡林,2022-11-22 09:00,12.4,,.2,0,72,1012.8,1021.3,0,.25,,10,,11.8
156,堡林,2022-11-22 10:00,13.8,,.4,0,62,1012.2,1020.6,0,.54,,10,,14.2
156,堡林,2022-11-22 11:00,14.7,,1.1,50,54,1012,1020.4,0,.57,,10,,15.1
156,堡林,2022-11-22 12:00,15,,0,0,55,1011.5,1019.9,0,.49,,10,,15.3
156,堡林,2022-11-22 13:00,15.1,,.5,50,58,1010.7,1019.1,0,.5,,10,,15.8
156,堡林,2022-11-22 14:00,15.5,,.5,70,57,1010.3,1018.7,0,.59,,10,,16.4
156,堡林,2022-11-22 15:00,15,0,.8,50,61,1010.6,1019,0,.28,,10,,15.1
156,堡林,2022-11-22 16:00,12.9,,1.9,70,88,1010.7,1019.1,0,.25,,10,,14.3
156,堡林,2022-11-22 17:00,12.4,,2.2,70,92,1010.9,1019.4,0,.12,,10,,13.1
156,堡林,2022-11-22 18:00,11.7,.9,2.7,70,95,1010.4,1018.9,0,.06,,10,,12.3
156,堡林,2022-11-22 19:00,11.7,,2.3,70,94,1010,1018.5,,,,10,,11.9
156,堡林,2022-11-22 20:00,11.6,,2.4,70,95,1009.4,1017.9,,,,10,,11.7
156,堡林,2022-11-22 21:00,11.8,.4,1.7,70,95,1010,1018.5,,,,10,,11.7
156,堡林,2022-11-22 22:00,11.5,,2,50,96,1009.3,1017.8,,,,10,,11.5
156,堡林,2022-11-22 23:00,11.3,,1.9,70,95,1008.3,1016.8,,,,10,,11.4
156,堡林,2022-11-23 00:00,11.3,.6,2,70,96,1007.8,1016.3,,,,10,,11.1
156,堡林,2022-11-23 01:00,11.5,,.5,360,95,1007.9,1016.4,,,,10,,11.3
156,堡林,2022-11-23 02:00,11.3,,.5,320,95,1008.2,1016.7,,,,10,,11.3
156,堡林,2022-11-23 03:00,11.1,.3,1,70,96,1008.1,1016.6,,,,10,,11.2
156,堡林,2022-11-23 04:00,11.1,,0,0,96,1007.9,1016.4,,,,10,,11.2
156,堡林,2022-11-23 05:00,11.2,,.3,0,96,1007.7,1016.2,,,,10,,11.3
156,堡林,2022-11-23 06:00,11.1,.5,0,0,96,1007.9,1016.4,,,,10,,11.2
156,堡林,2022-11-23 07:00,10.9,,.2,0,96,1008.1,1016.6,,,,10,,10.6
156,堡林,2022-11-23 08:00,10.7,,0,0,96,1008.7,1017.2,0,.11,,7,,9.8
156,堡林,2022-11-23 09:00,11.5,,0,0,95,1009,1017.5,.4,.36,,6,,11
156,堡林,2022-11-23 10:00,12.9,,.6,70,90,1009.4,1017.8,1,1.03,,5,,15.3
156,堡林,2022-11-23 11:00,14.3,,.4,0,76,1009.3,1017.7,.8,1.34,,7,,17.8
156,堡林,2022-11-23 12:00,15.6,,1.9,340,62,1009.1,1017.5,.7,1.64,,6,,19.9
156,堡林,2022-11-23 13:00,16,,2.1,360,57,1008.6,1016.9,1,2.03,,5,,20.4
156,堡林,2022-11-23 14:00,16.2,,2.1,20,56,1008.5,1016.8,1,1.78,,3,,19.1
156,堡林,2022-11-23 15:00,16.2,,2.2,360,52,1008.6,1016.9,1,1.55,,0,,17.3
156,堡林,2022-11-23 16:00,15.5,,1.8,20,38,1009.1,1017.5,1,.93,,0,,14.5
156,堡林,2022-11-23 17:00,13.8,,1.3,20,47,1009.3,1017.7,1,.43,,0,,11.9
156,堡林,2022-11-23 18:00,12.4,,.8,50,49,1009.3,1017.7,.2,.07,,0,,9.6
156,堡林,2022-11-23 19:00,11.3,,.6,320,45,1010.1,1018.6,,,,0,,7.9
156,堡林,2022-11-23 20:00,10.5,,.8,70,44,1010.4,1018.9,,,,0,,6.9
156,堡林,2022-11-23 21:00,9.3,,.7,90,51,1010.4,1019,,,,0,,6.2
156,堡林,2022-11-23 22:00,9.2,,.6,50,58,1011.3,1019.9,,,,4,,5.8
156,堡林,2022-11-23 23:00,8.9,,.1,0,60,1011.5,1020.1,,,,4,,5.4
156,堡林,2022-11-24 00:00,7.9,,.2,0,65,1011.5,1020.1,,,,4,,5.2
156,堡林,2022-11-24 01:00,7.7,,.3,0,68,1012.5,1021.1,,,,5,,5
156,堡林,2022-11-24 02:00,7.5,,.4,0,71,1012.4,1021,,,,9,,5.2
156,堡林,2022-11-24 03:00,7.5,,.1,0,71,1012.6,1021.2,,,,9,,5.5
156,堡林,2022-11-24 04:00,7.2,,.2,0,76,1013,1021.7,,,,9,,5.6
156,堡林,2022-11-24 05:00,7.1,,1.5,70,73,1012.2,1020.9,,,,9,,5.7
156,堡林,2022-11-24 06:00,7.7,,1.3,50,71,1011.9,1020.5,,,,9,,5.9
156,堡林,2022-11-24 07:00,6.6,,1.3,250,81,1012.9,1021.6,,,,8,,6.1
156,堡林,2022-11-24 08:00,7,,.2,0,79,1013.1,1021.8,0,.15,,9,,6.8
156,堡林,2022-11-24 09:00,8.2,,0,0,73,1013.6,1022.2,0,.44,,9,,9.3
156,堡林,2022-11-24 10:00,10.9,,1.2,70,60,1013.4,1021.9,.3,.88,,8,,12.6
156,堡林,2022-11-24 11:00,12.4,,2.2,70,50,1013,1021.5,.8,1.33,,7,,16
156,堡林,2022-11-24 12:00,13.3,,1.9,70,45,1012.2,1020.6,.9,1.56,,7,,16.5
156,堡林,2022-11-24 13:00,14.8,,.8,90,41,1011.8,1020.2,1,1.89,,8,,19.3
156,堡林,2022-11-24 14:00,16.2,,.8,50,36,1011.2,1019.5,.9,1.86,,0,,19.3
156,堡林,2022-11-24 15:00,16.8,,.6,290,36,1011.2,1019.5,1,1.58,,0,,17.2
156,堡林,2022-11-24 16:00,16.3,,.7,250,35,1011.7,1020,1,1.02,,0,,15.3
156,堡林,2022-11-24 17:00,15.9,,.2,0,38,1011.9,1020.3,1,.4,,0,,12.6
156,堡林,2022-11-24 18:00,14.5,,1.4,250,43,1012.4,1020.8,.1,.06,,0,,10
156,堡林,2022-11-24 19:00,13.7,,.6,250,54,1013,1021.4,,,,0,,9
156,堡林,2022-11-24 20:00,12.3,,.8,250,58,1013.7,1022.2,,,,0,,8
156,堡林,2022-11-24 21:00,11,,.9,200,67,1013.7,1022.2,,,,0,,7
156,堡林,2022-11-24 22:00,9.8,,.7,180,68,1013.8,1022.4,,,,0,,6.3
156,堡林,2022-11-24 23:00,9.2,,0,0,77,1014.1,1022.7,,,,0,,5.6
156,堡林,2022-11-25 00:00,8.7,,.2,0,81,1014.5,1023.1,,,,0,,5.2
156,堡林,2022-11-25 01:00,8,,0,0,83,1014.4,1023,,,,0,,4.7
156,堡林,2022-11-25 02:00,7.2,,.1,0,88,1014.3,1023,,,,0,,4.4
156,堡林,2022-11-25 03:00,6.6,,.1,0,87,1014.2,1022.9,,,,0,,3.9
156,堡林,2022-11-25 04:00,6.2,,0,0,89,1013.6,1022.3,,,,0,,3.6
156,堡林,2022-11-25 05:00,5.6,,.4,0,90,1013.4,1022.1,,,,0,,3.1
156,堡林,2022-11-25 06:00,5.3,,0,0,90,1013,1021.7,,,,0,,2.8
156,堡林,2022-11-25 07:00,5,,0,0,90,1012.9,1021.6,,,,0,,2.5
156,堡林,2022-11-25 08:00,5.4,,0,0,88,1012.6,1021.3,.1,.14,,4,,3
156,堡林,2022-11-25 09:00,7.3,,.5,270,77,1013.3,1022,1,.73,,7,,6.9
156,堡林,2022-11-25 10:00,9.8,,.5,70,66,1012.8,1021.4,1,1.21,,7,,11.9
156,堡林,2022-11-25 11:00,11.7,,0,0,57,1012.4,1020.9,1,1.3,,7,,14.5
156,堡林,2022-11-25 12:00,14.4,,.7,250,44,1011.5,1019.9,1,2.04,,7,,19.1
156,堡林,2022-11-25 13:00,16.9,,.7,340,38,1010,1018.3,1,1.99,,6,,20.7
156,堡林,2022-11-25 14:00,17.9,,1.1,250,34,1009.2,1017.4,1,1.75,,6,,20.4
156,堡林,2022-11-25 15:00,17.9,,2.5,270,30,1008.3,1016.5,1,1.27,,7,,18.1
156,堡林,2022-11-25 16:00,17.4,,1,250,30,1008.2,1016.5,.5,.71,,7,,16.1
156,堡林,2022-11-25 17:00,16.3,,1.3,250,38,1008.3,1016.6,.1,.34,,7,,13.6
156,堡林,2022-11-25 18:00,15.8,,1.7,200,46,1008.1,1016.4,0,.06,,5,,11.3
156,堡林,2022-11-25 19:00,14.8,,.9,160,54,1008.3,1016.6,,,,1,,9.9
156,堡林,2022-11-25 20:00,14.5,,0,0,58,1008.9,1017.3,,,,7,,9.9
156,堡林,2022-11-25 21:00,13.8,,.5,90,56,1009,1017.4,,,,5,,10.6
156,堡林,2022-11-25 22:00,12.7,,.9,160,63,1009.2,1017.6,,,,0,,8.8
156,堡林,2022-11-25 23:00,12.8,,0,0,64,1009.2,1017.6,,,,10,,9
156,堡林,2022-11-26 00:00,11.8,,0,0,71,1008.7,1017.2,,,,5,,7.7
156,堡林,2022-11-26 01:00,11.2,,.6,160,77,1007.9,1016.4,,,,2,,7
156,堡林,2022-11-26 02:00,10.3,,0,0,81,1007.8,1016.3,,,,4,,6.7
156,堡林,2022-11-26 03:00,9.8,,.7,270,83,1007.7,1016.2,,,,6,,6.3
156,堡林,2022-11-26 04:00,9.2,,.6,290,85,1007.4,1015.9,,,,5,,7
156,堡林,2022-11-26 05:00,9.5,,.6,250,81,1007.2,1015.7,,,,7,,7.9
156,堡林,2022-11-26 06:00,9.1,,0,0,85,1007.5,1016,,,,8,,7.1
156,堡林,2022-11-26 07:00,9.5,,.4,0,81,1007.8,1016.3,,,,9,,8.1
156,堡林,2022-11-26 08:00,9.1,,.3,0,85,1008.7,1017.2,0,.1,,6,,7.9
156,堡林,2022-11-26 09:00,11.6,,1,90,78,1009.8,1018.3,1,.57,,0,,9.8
156,堡林,2022-11-26 10:00,13.9,,2.2,70,51,1010.2,1018.6,1,1.17,,0,,14.2
156,堡林,2022-11-26 11:00,15.4,,2.6,70,38,1010.2,1018.6,1,1.64,,0,,17.7
156,堡林,2022-11-26 12:00,16.2,,2.2,70,32,1009.7,1018,1,1.96,,0,,19.8
156,堡林,2022-11-26 13:00,16.5,,1.9,20,31,1009.1,1017.4,1,2.04,,0,,21.2
156,堡林,2022-11-26 14:00,16.4,,2.3,360,32,1009.3,1017.6,1,1.88,,0,,20.1
156,堡林,2022-11-26 15:00,15.6,,2.4,20,25,1009.5,1017.9,1,1.47,,0,,17.6
156,堡林,2022-11-26 16:00,14.6,,2.2,50,23,1009.5,1017.9,1,.93,,0,,14.7
156,堡林,2022-11-26 17:00,13.2,,1.7,50,24,1010.1,1018.5,.7,.37,,0,,12
156,堡林,2022-11-26 18:00,11.9,,.8,20,22,1010.3,1018.8,0,.07,,0,,9.2
156,堡林,2022-11-26 19:00,10.5,,.7,20,31,1011,1019.5,,,,0,,7.8
156,堡林,2022-11-26 20:00,9.3,,1.1,20,41,1011.1,1019.7,,,,0,,6.6
156,堡林,2022-11-26 21:00,7.9,,1.7,50,46,1011.7,1020.3,,,,0,,5.7
156,堡林,2022-11-26 22:00,7.3,,1.6,70,51,1012.1,1020.7,,,,0,,4.8
156,堡林,2022-11-26 23:00,6.4,,2.2,70,54,1012,1020.7,,,,0,,4
156,堡林,2022-11-27 00:00,6.5,,2.2,50,48,1013,1021.7,,,,0,,3.6
156,堡林,2022-11-27 01:00,5.6,,.9,270,54,1013.1,1021.8,,,,0,,3.1
156,堡林,2022-11-27 02:00,4.7,,.9,50,49,1012.7,1021.4,,,,0,,2.4
156,堡林,2022-11-27 03:00,4,,2.4,70,53,1013,1021.8,,,,0,,2.1
156,堡林,2022-11-27 04:00,3.9,,1.4,70,50,1012.8,1021.6,,,,0,,1.7
156,堡林,2022-11-27 05:00,3.6,,1.7,50,52,1012.3,1021.1,,,,0,,1.6
156,堡林,2022-11-27 06:00,3.2,,.9,90,56,1012,1020.8,,,,0,,1.4
156,堡林,2022-11-27 07:00,3.2,,.8,70,55,1012.5,1021.3,,,,0,,1.1
156,堡林,2022-11-27 08:00,3.3,,1.3,50,56,1012.8,1021.6,.1,.12,,0,,1.3
156,堡林,2022-11-27 09:00,5.5,,.8,50,48,1012.7,1021.4,1,.66,,0,,4
156,堡林,2022-11-27 10:00,8,,.6,90,38,1012.1,1020.7,1,1.28,,0,,10.3
156,堡林,2022-11-27 11:00,10.2,,1.2,270,33,1012.7,1021.3,1,1.77,,0,,15.2
156,堡林,2022-11-27 12:00,11.8,,.6,320,29,1011.9,1020.4,1,2.05,,0,,18.1
156,堡林,2022-11-27 13:00,14.8,,.4,0,22,1010.8,1019.2,1,2.12,,2,,19.9
156,堡林,2022-11-27 14:00,16.7,,.3,0,19,1010.2,1018.5,1,1.54,,7,,18.4
156,堡林,2022-11-27 15:00,16.2,,.6,340,20,1010,1018.3,.4,1.02,,8,,16.8
156,堡林,2022-11-27 16:00,16,,.2,0,19,1010.4,1018.7,0,.58,,8,,14.8
156,堡林,2022-11-27 17:00,15.4,,.6,250,19,1010.8,1019.2,0,.25,,9,,12.2
156,堡林,2022-11-27 18:00,14.1,,.7,180,25,1010.8,1019.2,0,.06,,9,,9.8
156,堡林,2022-11-27 19:00,13.1,,.2,0,33,1011.4,1019.8,,,,9,,9.1
156,堡林,2022-11-27 20:00,12.5,,.8,50,34,1011.6,1020.1,,,,10,,8.9
156,堡林,2022-11-27 21:00,11.8,,.1,0,36,1011.8,1020.3,,,,9,,8.5
156,堡林,2022-11-27 22:00,11.5,,.7,50,38,1012,1020.5,,,,8,,7.7
156,堡林,2022-11-27 23:00,10.6,,.7,70,42,1011.5,1020,,,,8,,6.9
156,堡林,2022-11-28 00:00,10.6,,.7,50,50,1011.3,1019.8,,,,8,,6.6
156,堡林,2022-11-28 01:00,10.3,,.4,0,54,1011.2,1019.8,,,,9,,7.1
156,堡林,2022-11-28 02:00,10.5,,1.5,70,59,1010.8,1019.3,,,,7,,7
156,堡林,2022-11-28 03:00,11.5,,.5,340,69,1010.8,1019.3,,,,3,,6.9
156,堡林,2022-11-28 04:00,11.4,,.7,70,71,1010.3,1018.8,,,,0,,6.7
156,堡林,2022-11-28 05:00,11.3,,1.4,50,73,1009,1017.5,,,,0,,6.9
156,堡林,2022-11-28 06:00,11.8,,1.6,320,78,1009.6,1018.1,,,,0,,7
156,堡林,2022-11-28 07:00,12,,1.3,50,77,1009.7,1018.2,,,,0,,7.4
156,堡林,2022-11-28 08:00,12.6,,.9,70,78,1009.7,1018.1,0,.1,,8,,8.5
156,堡林,2022-11-28 09:00,13.8,,.6,290,75,1009.3,1017.7,.3,.32,,10,,11.2
156,堡林,2022-11-28 10:00,13.2,,.8,50,88,1009.4,1017.8,0,.21,,10,,12
156,堡林,2022-11-28 11:00,16,,.4,0,90,1008.2,1016.5,0,.5,,10,,15.6
156,堡林,2022-11-28 12:00,15.9,1.1,1.2,270,92,1007.4,1015.7,.1,.35,,10,,14.9
156,堡林,2022-11-28 13:00,16.3,,1.7,200,96,1007.3,1015.6,0,.29,,10,,15.3
156,堡林,2022-11-28 14:00,16.8,,1.2,70,95,1006.2,1014.5,0,.5,,10,,17.1
156,堡林,2022-11-28 15:00,17.8,.6,1.1,70,95,1005.6,1013.8,.1,.56,,10,,18
156,堡林,2022-11-28 16:00,17.6,,.6,20,94,1005.4,1013.6,.1,.5,,9,,17.5
156,堡林,2022-11-28 17:00,17.2,,.9,50,95,1005.5,1013.7,0,.24,,10,,15.9
156,堡林,2022-11-28 18:00,18.2,,.8,290,95,1005.1,1013.3,0,.06,,7,,14.9
156,堡林,2022-11-28 19:00,19.1,,3,180,92,1003.4,1011.5,,,,10,,15.3
156,堡林,2022-11-28 20:00,19.5,,2.3,180,92,1003.3,1011.4,,,,10,,15.7
156,堡林,2022-11-28 21:00,18.5,.4,.7,160,97,1002.3,1010.5,,,,10,,15.7
156,堡林,2022-11-28 22:00,18.7,,.9,270,96,1001.6,1009.7,,,,10,,15.7
156,堡林,2022-11-28 23:00,18,,.7,200,98,1001.2,1009.4,,,,10,,15.6
156,堡林,2022-11-29 00:00,17.5,2.7,.9,270,98,1000.6,1008.8,,,,10,,15.9
156,堡林,2022-11-29 01:00,17.8,,.6,270,98,1000,1008.2,,,,10,,16.1
156,堡林,2022-11-29 02:00,17.9,,0,0,98,999.7,1007.9,,,,10,,16.1
156,堡林,2022-11-29 03:00,17.5,3.3,.8,290,98,1000.1,1008.3,,,,10,,16.1
156,堡林,2022-11-29 04:00,17.5,,.1,0,98,999.9,1008.1,,,,10,,15.9
156,堡林,2022-11-29 05:00,16.8,,1.7,50,98,1000.1,1008.3,,,,10,,15.8
156,堡林,2022-11-29 06:00,15.5,1.3,1.5,50,95,1001.2,1009.5,,,,10,,15
156,堡林,2022-11-29 07:00,15.3,,1.9,50,96,1002.4,1010.7,,,,8,,14.6
156,堡林,2022-11-29 08:00,15.1,,1.6,70,95,1002.8,1011.1,0,.07,,10,,14.3
156,堡林,2022-11-29 09:00,14.2,1.8,1.1,360,96,1004.5,1012.8,0,.13,,10,,14.3
156,堡林,2022-11-29 10:00,13.6,,3.2,50,94,1004.6,1013,0,.32,,10,,14.6
156,堡林,2022-11-29 11:00,13,,2.3,50,87,1006.6,1015,0,.42,,10,,14.6
156,堡林,2022-11-29 12:00,12.7,.8,2.7,50,82,1006.5,1014.9,0,.58,,10,,15.2
156,堡林,2022-11-29 13:00,12.5,,2.2,50,72,1006.8,1015.2,0,.73,,10,,14.9
156,堡林,2022-11-29 14:00,11.4,,3,50,55,1007,1015.5,0,.66,,10,,14.1
156,堡林,2022-11-29 15:00,10.7,,3.3,50,49,1007.4,1015.9,0,.37,,10,,12
156,堡林,2022-11-29 16:00,9.6,,3.5,50,38,1009.1,1017.6,0,.25,,10,,9.8
156,堡林,2022-11-29 17:00,8.9,,3.1,50,44,1010.3,1018.9,0,.12,,10,,8.8
156,堡林,2022-11-29 18:00,8.5,,2.9,50,45,1011.2,1019.8,0,.06,,10,,8
156,堡林,2022-11-29 19:00,8.2,,1.9,50,43,1011.7,1020.3,,,,9,,7.7
156,堡林,2022-11-29 20:00,7.5,,2.9,50,42,1013.7,1022.3,,,,10,,7.3
156,堡林,2022-11-29 21:00,7,,3.2,50,38,1015.1,1023.8,,,,10,,6.6
156,堡林,2022-11-29 22:00,6.2,,4.6,50,38,1015.2,1023.9,,,,10,,6.1
156,堡林,2022-11-29 23:00,5.4,,2.1,20,37,1016.9,1025.7,,,,10,,5.7
156,堡林,2022-11-30 00:00,4.5,,4.2,20,51,1017.4,1026.2,,,,8,,5.1
156,堡林,2022-11-30 01:00,4.1,,4.1,50,59,1017.1,1025.9,,,,10,,5
156,堡林,2022-11-30 02:00,3.6,,4.5,50,63,1017.9,1026.7,,,,10,,4.7
156,堡林,2022-11-30 03:00,3.1,,3.9,50,62,1018.1,1026.9,,,,10,,4.5
156,堡林,2022-11-30 04:00,2.6,,3.2,50,58,1019,1027.9,,,,10,,4.1
156,堡林,2022-11-30 05:00,1.8,,3.4,50,57,1019.3,1028.2,,,,10,,3.6
156,堡林,2022-11-30 06:00,1,,5.2,50,53,1019.9,1028.8,,,,10,,2.9
156,堡林,2022-11-30 07:00,.4,,3.1,50,53,1021.2,1030.2,,,,9,,2.6
156,堡林,2022-11-30 08:00,-.3,,4,70,52,1021.4,1030.4,0,.09,,9,,1.9
156,堡林,2022-11-30 09:00,.5,,3.8,50,47,1022.3,1031.3,.3,.49,,9,,4.4
156,堡林,2022-11-30 10:00,1,,3.2,50,46,1022.4,1031.4,.3,.87,,9,,6.1
156,堡林,2022-11-30 11:00,.9,,3.6,50,44,1022.6,1031.6,.6,1.11,,9,,7.5
156,堡林,2022-11-30 12:00,.9,,4.5,50,44,1022.5,1031.5,.8,1.43,,9,,8
156,堡林,2022-11-30 13:00,1.6,,3.1,50,42,1022.3,1031.2,.9,1.58,,8,,9.6
156,堡林,2022-11-30 14:00,1.5,,4,50,41,1021.1,1030,.6,1.33,,9,,8.1
156,堡林,2022-11-30 15:00,1.6,,3.8,20,43,1021.7,1030.6,.9,1.28,,8,,7.3
156,堡林,2022-11-30 16:00,.7,,2.7,50,46,1022.4,1031.4,.8,.86,,9,,5.4
156,堡林,2022-11-30 17:00,0,,3.6,50,49,1022.6,1031.6,0,.3,,6,,3
156,堡林,2022-11-30 18:00,-.5,,3.7,50,51,1022.8,1031.8,0,.07,,7,,1.6
156,堡林,2022-11-30 19:00,-1,,3.1,50,50,1023.2,1032.2,,,,9,,1.5
156,堡林,2022-11-30 20:00,-1.1,,2.9,70,46,1023.5,1032.5,,,,10,,1.3
156,堡林,2022-11-30 21:00,-1.2,,3,70,44,1023.8,1032.8,,,,8,,1.2
156,堡林,2022-11-30 22:00,-1.3,,2.3,70,48,1024,1033,,,,10,,1.1
156,堡林,2022-11-30 23:00,-1.5,,3.5,70,50,1023.9,1032.9,,,,10,,1
156,堡林,2022-12-01 00:00,-1.7,,3.5,70,50,1024.2,1033.3,,,,9,,1.1
156,堡林,2022-12-01 01:00,-1.9,,3.2,70,49,1023.8,1032.9,,,,10,,1.1
156,堡林,2022-12-01 02:00,-1.9,,2.9,70,49,1024,1033.1,,,,10,,1
156,堡林,2022-12-01 03:00,-1.8,,3.3,70,49,1023.3,1032.4,,,,9,,.9
156,堡林,2022-12-01 04:00,-1.9,,3,70,51,1022.7,1031.8,,,,9,,.9
156,堡林,2022-12-01 05:00,-2.1,,2.8,70,53,1022.2,1031.3,,,,0,,.5
156,堡林,2022-12-01 06:00,-2.2,,2.8,70,53,1021.9,1031,,,,7,,.3
156,堡林,2022-12-01 07:00,-2.4,,3.2,70,51,1022.2,1031.3,,,,8,,0
156,堡林,2022-12-01 08:00,-2.3,,3.7,70,48,1023.1,1032.2,0,.11,,9,,-.1
156,堡林,2022-12-01 09:00,-2.1,,2.8,70,47,1023.7,1032.8,.3,.37,,9,,.1
156,堡林,2022-12-01 10:00,-1.1,,2.9,50,39,1024.1,1033.1,.3,.74,,8,,.5
156,堡林,2022-12-01 11:00,.6,,4.5,50,26,1023.9,1032.9,1,1.67,,0,,5.3
156,堡林,2022-12-01 12:00,2.4,,3.5,70,25,1023.2,1032.1,1,2.1,,7,,9.4
156,堡林,2022-12-01 13:00,2.7,,1.4,70,23,1021.9,1030.8,1,2.06,,5,,10.7
156,堡林,2022-12-01 14:00,3.1,,2.4,50,28,1021.4,1030.3,.5,1.48,,8,,8.9
156,堡林,2022-12-01 15:00,3.6,,1,360,27,1021.2,1030,1,1.35,,4,,7.4
156,堡林,2022-12-01 16:00,3.4,,1.9,50,30,1020.7,1029.5,1,.95,,3,,5.8
156,堡林,2022-12-01 17:00,2.2,,1,50,36,1021.3,1030.2,1,.41,,1,,3.3
156,堡林,2022-12-01 18:00,1.5,,.7,360,39,1021,1029.9,.1,.07,,0,,1.4
156,堡林,2022-12-01 19:00,1.4,,1.1,50,42,1021,1029.9,,,,6,,1.4
156,堡林,2022-12-01 20:00,.5,,1.4,50,45,1021.3,1030.3,,,,5,,.8
156,堡林,2022-12-01 21:00,.2,,1.3,50,47,1021.8,1030.8,,,,9,,.7
156,堡林,2022-12-01 22:00,.4,,1.7,70,48,1021.9,1030.9,,,,10,,1
156,堡林,2022-12-01 23:00,.2,,2.6,70,50,1022.2,1031.2,,,,10,,1.3
156,堡林,2022-12-02 00:00,-.3,,2.4,50,47,1022.5,1031.5,,,,6,,1.1
156,堡林,2022-12-02 01:00,-.7,,2.3,70,47,1022.6,1031.6,,,,10,,.7
156,堡林,2022-12-02 02:00,-1.1,,2.1,70,48,1022.6,1031.6,,,,9,,.5
156,堡林,2022-12-02 03:00,-.8,,2.8,70,46,1022.6,1031.6,,,,8,,.3
156,堡林,2022-12-02 04:00,-1,,3,70,48,1022,1031,,,,9,,.2
156,堡林,2022-12-02 05:00,-1.4,,2.1,70,50,1021.7,1030.7,,,,7,,.1
156,堡林,2022-12-02 06:00,-1.7,,2.3,70,51,1022.1,1031.1,,,,7,,-.3
156,堡林,2022-12-02 07:00,-1.4,,.4,0,49,1022.2,1031.2,,,,4,,-.8
156,堡林,2022-12-02 08:00,-1.6,,1.9,50,52,1022.8,1031.8,.1,.1,,2,,-1
156,堡林,2022-12-02 09:00,.1,,1.9,50,44,1023.1,1032.1,1,.64,,2,,-.3
156,堡林,2022-12-02 10:00,2.4,,1.7,50,41,1023.3,1032.2,1,1.22,,3,,.4
156,堡林,2022-12-02 11:00,3.5,,.8,50,35,1022.7,1031.6,1,1.75,,0,,7.9
156,堡林,2022-12-02 12:00,4.5,,1,90,34,1022,1030.8,1,2.07,,0,,11.2
156,堡林,2022-12-02 13:00,7.2,,1,250,32,1020.8,1029.5,1,2.16,,0,,13.5
156,堡林,2022-12-02 14:00,6.2,,1,320,31,1020.1,1028.9,1,1.98,,0,,12.4
156,堡林,2022-12-02 15:00,6.7,,1.1,50,32,1019.3,1028,1,1.62,,0,,9.9
156,堡林,2022-12-02 16:00,6.5,,1,320,33,1019.6,1028.3,1,1.06,,0,,7.7
156,堡林,2022-12-02 17:00,5.6,,.9,180,35,1018.9,1027.7,1,.4,,0,,5.3
156,堡林,2022-12-02 18:00,4.7,,.9,250,40,1019.4,1028.2,.2,.07,,0,,2.9
156,堡林,2022-12-02 19:00,4,,1.6,180,45,1019.2,1028,,,,0,,2
156,堡林,2022-12-02 20:00,2.9,,1.3,180,47,1018.7,1027.5,,,,0,,1.5
156,堡林,2022-12-02 21:00,2.6,,.4,0,48,1019.1,1028,,,,0,,.9
156,堡林,2022-12-02 22:00,2.1,,.1,0,52,1019.2,1028.1,,,,0,,.5
156,堡林,2022-12-02 23:00,1.8,,1,90,55,1019.4,1028.3,,,,10,,.6
156,堡林,2022-12-03 00:00,1.6,,.6,50,54,1019,1027.9,,,,8,,.6
156,堡林,2022-12-03 01:00,2.1,,.5,110,53,1018.8,1027.7,,,,9,,.8
156,堡林,2022-12-03 02:00,2.4,,.1,0,57,1019,1027.9,,,,4,,1.3
156,堡林,2022-12-03 03:00,1.8,,.5,110,59,1019.1,1028,,,,9,,1.5
156,堡林,2022-12-03 04:00,1.6,,.3,0,61,1018.8,1027.7,,,,9,,1.4
156,堡林,2022-12-03 05:00,1.4,,.6,70,61,1018.3,1027.2,,,,9,,1.2
156,堡林,2022-12-03 06:00,1.2,,.2,0,64,1018,1026.9,,,,2,,.7
156,堡林,2022-12-03 07:00,1.4,,.1,0,64,1018,1026.9,,,,8,,.8
156,堡林,2022-12-03 08:00,1.2,,.3,0,66,1017.6,1026.5,0,.09,,8,,1.1
156,堡林,2022-12-03 09:00,2.8,,.3,0,60,1018,1026.8,0,.25,,9,,3
156,堡林,2022-12-03 10:00,3.9,,.7,70,57,1018.1,1026.9,0,.4,,9,,5.7
156,堡林,2022-12-03 11:00,5.1,,.4,0,53,1017.5,1026.3,0,.76,,9,,9.2
156,堡林,2022-12-03 12:00,5.9,,.5,290,53,1017.2,1025.9,0,.91,,10,,10.3
156,堡林,2022-12-03 13:00,6.6,,.9,250,53,1016.8,1025.5,0,.52,,10,,9.5
156,堡林,2022-12-03 14:00,8.8,,.5,200,50,1015.9,1024.5,.8,1.55,,9,,12.7
156,堡林,2022-12-03 15:00,9.7,,1,230,50,1015.5,1024.1,.3,1.05,,9,,12.9
156,堡林,2022-12-03 16:00,9.5,,1.1,20,52,1015.4,1024,0,.49,,10,,11.3
156,堡林,2022-12-03 17:00,8.9,,.6,360,59,1015.9,1024.5,.1,.3,,9,,9
156,堡林,2022-12-03 18:00,8.2,,.4,0,66,1016.1,1024.7,0,.08,,9,,7.2
156,堡林,2022-12-03 19:00,7.9,,1.6,50,71,1016.7,1025.4,,,,6,,7.3
156,堡林,2022-12-03 20:00,7.7,,1.9,50,74,1017.3,1026,,,,0,,6.8
156,堡林,2022-12-03 21:00,7.5,,1.6,70,72,1017.6,1026.3,,,,9,,6.6
156,堡林,2022-12-03 22:00,7.3,,1,50,73,1017.7,1026.4,,,,9,,6.4
156,堡林,2022-12-03 23:00,7.5,,1.1,50,71,1018,1026.7,,,,10,,6.3
156,堡林,2022-12-04 00:00,7.3,,2.3,50,63,1018,1026.7,,,,9,,6.2
156,堡林,2022-12-04 01:00,6.9,,.9,70,61,1018.1,1026.8,,,,7,,5.9
156,堡林,2022-12-04 02:00,6.9,,2.8,50,58,1018.7,1027.4,,,,10,,5.8
156,堡林,2022-12-04 03:00,6,,4,50,60,1019.5,1028.3,,,,10,,5.5
156,堡林,2022-12-04 04:00,5,,3.5,50,59,1019.3,1028.1,,,,10,,4.9
156,堡林,2022-12-04 05:00,4.3,,4.3,50,57,1019.8,1028.6,,,,10,,4.3
156,堡林,2022-12-04 06:00,3.3,,3.5,50,57,1019.9,1028.7,,,,4,,3.3
156,堡林,2022-12-04 07:00,2.2,,2.8,50,61,1020.2,1029.1,,,,5,,1.8
156,堡林,2022-12-04 08:00,1.5,,3.5,50,60,1020.7,1029.6,0,.1,,4,,1.5
156,堡林,2022-12-04 09:00,1.6,,3.6,70,54,1021.1,1030,.7,.46,,2,,2.1
156,堡林,2022-12-04 10:00,1.8,,5.1,50,48,1022.1,1031,.8,1.02,,7,,5.3
156,堡林,2022-12-04 11:00,3.1,,4.1,50,34,1021.6,1030.5,.6,1.15,,7,,8
156,堡林,2022-12-04 12:00,3.8,,2.5,70,26,1020.7,1029.5,.1,1.12,,8,,8.8
156,堡林,2022-12-04 13:00,4,,3.1,50,20,1020.6,1029.4,.3,1.31,,10,,10.4
156,堡林,2022-12-04 14:00,3.8,,1.4,340,16,1020.3,1029.1,.6,1.36,,9,,10.5
156,堡林,2022-12-04 15:00,4.2,,1.1,340,17,1020.4,1029.2,.6,1.12,,9,,9.3
156,堡林,2022-12-04 16:00,2.8,,2.3,50,17,1020.8,1029.7,.5,.8,,8,,7.1
156,堡林,2022-12-04 17:00,1.8,,1,50,23,1021.7,1030.6,0,.27,,8,,4.5
156,堡林,2022-12-04 18:00,1,,1.4,50,24,1022.3,1031.3,0,.07,,9,,2.7
156,堡林,2022-12-04 19:00,.7,,2,50,24,1022.3,1031.3,,,,10,,2.4
156,堡林,2022-12-04 20:00,.4,,3.1,70,21,1022.2,1031.2,,,,10,,2
156,堡林,2022-12-04 21:00,.3,,1.7,50,21,1022.8,1031.8,,,,9,,1.7
156,堡林,2022-12-04 22:00,.2,,1.8,70,21,1022.4,1031.4,,,,9,,1.3
156,堡林,2022-12-04 23:00,-.3,,2,70,26,1022,1031,,,,9,,.6
156,堡林,2022-12-05 00:00,-.9,,2.5,70,30,1022.1,1031.1,,,,4,,.3
156,堡林,2022-12-05 01:00,-1,,2.4,70,31,1022.2,1031.2,,,,7,,0
156,堡林,2022-12-05 02:00,-1,,2.9,70,33,1021.6,1030.6,,,,8,,-.2
156,堡林,2022-12-05 03:00,-.1,,3,70,42,1021.5,1030.5,,,,7,,.1
156,堡林,2022-12-05 04:00,0,,2.6,70,47,1021.3,1030.3,,,,10,,.2
156,堡林,2022-12-05 05:00,-.2,,2.7,50,47,1021.2,1030.2,,,,10,,.5
156,堡林,2022-12-05 06:00,-.7,,3.5,70,47,1020.9,1029.9,,,,6,,.5
156,堡林,2022-12-05 07:00,-1,,2.9,70,50,1020.8,1029.8,,,,10,,.5
156,堡林,2022-12-05 08:00,-1.1,,4,50,49,1021,1030,0,.1,,10,,.4
156,堡林,2022-12-05 09:00,-.6,,3.8,50,43,1021.6,1030.6,0,.37,,10,,.9
156,堡林,2022-12-05 10:00,.5,,3.3,70,29,1022,1031,.1,.71,,10,,4.8
156,堡林,2022-12-05 11:00,1.8,,3.1,50,16,1021.9,1030.8,.4,1.14,,8,,7.9
156,堡林,2022-12-05 12:00,2.7,,3.2,50,16,1020.7,1029.6,.7,1.47,,8,,9.7
156,堡林,2022-12-05 13:00,3,,2.6,50,15,1019.5,1028.4,.9,1.56,,10,,10.4
156,堡林,2022-12-05 14:00,3.7,,2.9,50,12,1018.8,1027.6,1,1.59,,3,,10.2
156,堡林,2022-12-05 15:00,3.9,,1.5,20,10,1018.5,1027.3,1,1.64,,4,,8.3
156,堡林,2022-12-05 16:00,3.3,,1.5,20,15,1018.5,1027.3,1,1.09,,0,,6
156,堡林,2022-12-05 17:00,2.1,,1.6,50,21,1018.8,1027.7,1,.4,,0,,3.2
156,堡林,2022-12-05 18:00,1.2,,1.5,50,25,1019,1027.9,.2,.08,,0,,.9
156,堡林,2022-12-05 19:00,.7,,1.8,50,27,1019.3,1028.2,,,,0,,.5
156,堡林,2022-12-05 20:00,.1,,2.8,50,27,1019.7,1028.7,,,,0,,-.1
156,堡林,2022-12-05 21:00,-.3,,2.5,50,25,1019.7,1028.7,,,,0,,-.5
156,堡林,2022-12-05 22:00,-.8,,1.8,70,27,1019.6,1028.6,,,,0,,-1.1
156,堡林,2022-12-05 23:00,-1.1,,2.1,70,29,1019.4,1028.4,,,,0,,-1.5
156,堡林,2022-12-06 00:00,-.7,,1.2,50,32,1019.4,1028.4,,,,0,,-1.7
156,堡林,2022-12-06 01:00,-1.4,,1.6,70,36,1019.1,1028.1,,,,0,,-1.9
156,堡林,2022-12-06 02:00,-1.4,,1.3,320,38,1018.8,1027.8,,,,0,,-2
156,堡林,2022-12-06 03:00,-1.6,,.3,0,41,1018.6,1027.6,,,,9,,-1.5
156,堡林,2022-12-06 04:00,-1.1,,0,0,42,1017.9,1026.9,,,,9,,-.7
156,堡林,2022-12-06 05:00,-1.2,,.1,0,46,1017.5,1026.5,,,,9,,-.7
156,堡林,2022-12-06 06:00,-1.1,,.4,0,45,1017.4,1026.4,,,,8,,-1
156,堡林,2022-12-06 07:00,-.8,,1,270,48,1017.3,1026.3,,,,10,,-.4
156,堡林,2022-12-06 08:00,-.6,,0,0,47,1017.6,1026.6,0,.07,,10,,-.2
156,堡林,2022-12-06 09:00,.2,0,.5,70,45,1017.5,1026.4,.1,.31,,6,,0
156,堡林,2022-12-06 10:00,2.1,,.5,290,41,1017.9,1026.8,.9,1.03,,4,,1.3
156,堡林,2022-12-06 11:00,4.3,,.9,250,42,1017.2,1026,.9,1.47,,0,,7.8
156,堡林,2022-12-06 12:00,5.5,0,.8,230,39,1016.4,1025.2,.9,1.59,,5,,10.8
156,堡林,2022-12-06 13:00,6.6,,1.2,290,37,1015.5,1024.2,.7,1.34,,3,,10.9
156,堡林,2022-12-06 14:00,8.4,,3.4,290,29,1015.1,1023.7,1,1.81,,2,,12.7
156,堡林,2022-12-06 15:00,8.7,,2.1,320,34,1015,1023.6,1,1.51,,3,,10.8
156,堡林,2022-12-06 16:00,7.7,,2.3,360,36,1015.1,1023.8,1,.93,,2,,8.2
156,堡林,2022-12-06 17:00,7,,1.3,290,41,1015.5,1024.2,1,.42,,3,,6.4
156,堡林,2022-12-06 18:00,6.2,,1.3,270,45,1015.5,1024.2,0,.07,,0,,4.1
156,堡林,2022-12-06 19:00,5.8,,1.2,270,45,1015.8,1024.5,,,,0,,2.7
156,堡林,2022-12-06 20:00,5.5,,.6,250,46,1015.6,1024.3,,,,0,,1.7
156,堡林,2022-12-06 21:00,5.2,,.7,250,47,1015.8,1024.6,,,,0,,1
156,堡林,2022-12-06 22:00,3.8,,.7,200,54,1016,1024.8,,,,1,,.5
156,堡林,2022-12-06 23:00,3.3,,1,230,57,1016.5,1025.3,,,,6,,.7
156,堡林,2022-12-07 00:00,2.9,,.9,180,59,1016.5,1025.3,,,,4,,.4
156,堡林,2022-12-07 01:00,2.7,,1.1,180,60,1016.2,1025,,,,0,,.1
156,堡林,2022-12-07 02:00,2.5,,.6,250,61,1015.9,1024.7,,,,2,,.2
156,堡林,2022-12-07 03:00,1.9,,0,0,66,1015.7,1024.6,,,,1,,-.1
156,堡林,2022-12-07 04:00,2,,0,0,69,1015.5,1024.4,,,,5,,0
156,堡林,2022-12-07 05:00,1.8,,0,0,70,1015.3,1024.2,,,,6,,-.1
156,堡林,2022-12-07 06:00,1.9,,.1,0,70,1015.8,1024.7,,,,8,,.1
156,堡林,2022-12-07 07:00,1.5,,.3,0,72,1016.1,1025,,,,8,,-.1
156,堡林,2022-12-07 08:00,1.8,,0,0,73,1016.6,1025.5,0,.09,,8,,-.2
156,堡林,2022-12-07 09:00,3.2,,.5,270,68,1017.2,1026,.7,.5,,2,,.1
156,堡林,2022-12-07 10:00,5.1,,.3,0,57,1017.8,1026.6,1,1,,0,,5.1
156,堡林,2022-12-07 11:00,8.2,,1.2,250,49,1017.5,1026.2,1,1.52,,0,,10.4
156,堡林,2022-12-07 12:00,9.4,,2.4,290,34,1017.1,1025.7,1,1.84,,0,,12.9
156,堡林,2022-12-07 13:00,10.3,,2.2,320,34,1016.4,1025,1,1.99,,0,,14.8
156,堡林,2022-12-07 14:00,10.7,,2.9,290,27,1015.9,1024.5,1,1.88,,0,,14.2
156,堡林,2022-12-07 15:00,10.3,,2.6,290,26,1016.3,1024.9,1,1.53,,0,,11.8
156,堡林,2022-12-07 16:00,9.7,,1.9,20,31,1016.9,1025.5,1,.98,,0,,9.3
156,堡林,2022-12-07 17:00,8.8,,1.9,360,37,1017.3,1025.9,1,.37,,0,,6.9
156,堡林,2022-12-07 18:00,7.7,,.6,20,44,1017.3,1026,0,.07,,0,,4.7
156,堡林,2022-12-07 19:00,7,,.6,180,47,1017.2,1025.9,,,,1,,3
156,堡林,2022-12-07 20:00,6.4,,0,0,50,1017.1,1025.8,,,,0,,1.9
156,堡林,2022-12-07 21:00,5.5,,.9,200,55,1017.5,1026.3,,,,0,,1.2
156,堡林,2022-12-07 22:00,4.7,,.7,180,59,1017.9,1026.7,,,,0,,.9
156,堡林,2022-12-07 23:00,4.2,,.5,70,64,1018,1026.8,,,,0,,.6
156,堡林,2022-12-08 00:00,4,,0,0,67,1018.2,1027,,,,0,,.3
156,堡林,2022-12-08 01:00,2.9,,0,0,73,1018.2,1027,,,,0,,.1
156,堡林,2022-12-08 02:00,2.3,,.1,0,76,1018.2,1027.1,,,,0,,0
156,堡林,2022-12-08 03:00,1.7,,.2,0,76,1018.4,1027.3,,,,2,,-.2
156,堡林,2022-12-08 04:00,1.5,,0,0,80,1017.8,1026.7,,,,0,,-.3
156,堡林,2022-12-08 05:00,1,,0,0,83,1017.5,1026.4,,,,0,,-.5
156,堡林,2022-12-08 06:00,.8,,.2,0,82,1017.9,1026.8,,,,1,,-.8
156,堡林,2022-12-08 07:00,.9,,.1,0,83,1018.3,1027.2,,,,0,,-.9
156,堡林,2022-12-08 08:00,.7,,.4,0,82,1018.8,1027.7,0,.08,,5,,-.9
156,堡林,2022-12-08 09:00,2.4,,0,0,73,1019,1027.9,.8,.47,,5,,-.2
156,堡林,2022-12-08 10:00,4.5,,.1,0,68,1019.4,1028.2,1,1.08,,7,,2.5
156,堡林,2022-12-08 11:00,8.8,,1.7,70,56,1018.7,1027.3,1,1.59,,6,,9.8
156,堡林,2022-12-08 12:00,10.4,,2.3,70,45,1017.6,1026.2,1,1.99,,6,,13.4
156,堡林,2022-12-08 13:00,11,,2.7,50,32,1016.8,1025.4,1,2.06,,5,,15.5
156,堡林,2022-12-08 14:00,12.4,,1,90,29,1016.5,1025,1,1.9,,4,,15.2
156,堡林,2022-12-08 15:00,11.7,,.6,360,34,1016.4,1024.9,.5,1.18,,7,,12.9
156,堡林,2022-12-08 16:00,11.5,,.6,320,34,1016.3,1024.8,.3,.76,,7,,11.5
156,堡林,2022-12-08 17:00,11.1,,.9,270,37,1016.4,1025,0,.2,,8,,9.7
156,堡林,2022-12-08 18:00,10.4,,.6,270,32,1016.3,1024.9,0,.06,,9,,8.2
156,堡林,2022-12-08 19:00,9.3,,.8,290,45,1016.4,1025,,,,8,,7
156,堡林,2022-12-08 20:00,8.1,,.2,0,48,1016.5,1025.1,,,,8,,5.5
156,堡林,2022-12-08 21:00,8.3,,.2,0,48,1016.3,1024.9,,,,10,,6.1
156,堡林,2022-12-08 22:00,7.8,,.1,0,50,1016.2,1024.9,,,,0,,6.1
156,堡林,2022-12-08 23:00,7.8,,1.2,50,45,1016.3,1025,,,,0,,5.7
156,堡林,2022-12-09 00:00,6,,1,50,51,1016.5,1025.2,,,,1,,3.2
156,堡林,2022-12-09 01:00,5.2,,.9,50,54,1016.2,1025,,,,4,,2.2
156,堡林,2022-12-09 02:00,5.1,,0,0,56,1016.2,1025,,,,6,,2
156,堡林,2022-12-09 03:00,4.5,,.7,50,60,1015.6,1024.4,,,,0,,1.4
156,堡林,2022-12-09 04:00,3.2,,.4,0,69,1015.7,1024.5,,,,1,,1.1
156,堡林,2022-12-09 05:00,3,,0,0,70,1015.2,1024,,,,0,,.8
156,堡林,2022-12-09 06:00,3.8,,.6,70,67,1015.1,1023.9,,,,9,,1.1
156,堡林,2022-12-09 07:00,4.3,,.2,0,65,1015,1023.8,,,,10,,3
156,堡林,2022-12-09 08:00,4.4,,.3,0,66,1015.4,1024.2,0,.08,,9,,3.7
156,堡林,2022-12-09 09:00,5.4,,0,0,58,1015.5,1024.2,0,.22,,9,,5.4
156,堡林,2022-12-09 10:00,6.8,,.9,270,54,1015.6,1024.3,.4,.9,,10,,9.4
156,堡林,2022-12-09 11:00,7.9,,1.1,250,49,1016,1024.7,.5,1.06,,10,,11.8
156,堡林,2022-12-09 12:00,10,,.9,230,43,1014.5,1023.1,.6,1.33,,7,,13.6
156,堡林,2022-12-09 13:00,10.6,,1.1,270,41,1014,1022.6,.7,1.29,,7,,13.5
156,堡林,2022-12-09 14:00,10.8,,.1,0,41,1013.5,1022.1,0,.63,,7,,12.4
156,堡林,2022-12-09 15:00,11.6,,1,270,46,1013.2,1021.7,.1,.74,,8,,12.6
156,堡林,2022-12-09 16:00,11.7,,.8,250,48,1013.2,1021.7,0,.49,,8,,12
156,堡林,2022-12-09 17:00,11.2,,1,290,58,1013.1,1021.6,0,.18,,7,,9.9
156,堡林,2022-12-09 18:00,10.4,,.5,340,64,1012.9,1021.5,0,.06,,6,,7.9
156,堡林,2022-12-09 19:00,9.2,,.9,340,69,1013,1021.6,,,,0,,5.9
156,堡林,2022-12-09 20:00,8.6,,.8,20,72,1013.5,1022.1,,,,1,,5
156,堡林,2022-12-09 21:00,7.7,,.4,0,76,1013.6,1022.2,,,,0,,3.9
156,堡林,2022-12-09 22:00,7.3,,.4,0,79,1013.7,1022.4,,,,0,,3.2
156,堡林,2022-12-09 23:00,6.1,,1.5,70,86,1013.5,1022.2,,,,0,,2.5
156,堡林,2022-12-10 00:00,5.7,,1.7,50,85,1013.4,1022.1,,,,0,,1.9
156,堡林,2022-12-10 01:00,5.3,,1.5,70,88,1012.8,1021.5,,,,0,,1.4
156,堡林,2022-12-10 02:00,4.6,,1.1,70,91,1013.1,1021.8,,,,0,,1
156,堡林,2022-12-10 03:00,4.5,,1.5,50,86,1013,1021.7,,,,0,,.7
156,堡林,2022-12-10 04:00,3.6,,1.1,50,89,1012.6,1021.4,,,,0,,.4
156,堡林,2022-12-10 05:00,3,,1.3,50,91,1012.2,1021,,,,2,,.2
156,堡林,2022-12-10 06:00,2.1,,.2,0,92,1012.3,1021.1,,,,0,,0
156,堡林,2022-12-10 07:00,1.8,,1,50,93,1012.1,1020.9,,,,0,,-.2
156,堡林,2022-12-10 08:00,3.3,,1.4,20,90,1012.1,1020.9,0,.09,,0,,-.2
156,堡林,2022-12-10 09:00,2.4,,1,230,88,1012.7,1021.5,.6,.4,,8,,.2
156,堡林,2022-12-10 10:00,3.8,,.6,50,83,1012.4,1021.2,0,.39,,9,,4.4
156,堡林,2022-12-10 11:00,5.9,,1,50,70,1011.9,1020.6,0,.66,,9,,7.8
156,堡林,2022-12-10 12:00,6.6,,1.9,70,61,1010.7,1019.4,0,.75,,10,,9.1
156,堡林,2022-12-10 13:00,7.6,,2.3,50,55,1009.7,1018.3,0,.81,,10,,10.5
156,堡林,2022-12-10 14:00,7.3,,1.8,50,56,1009.9,1018.5,0,.75,,10,,10.1
156,堡林,2022-12-10 15:00,7.4,,.5,110,57,1009.7,1018.3,0,.42,,10,,9.4
156,堡林,2022-12-10 16:00,7.7,,.4,0,48,1010.2,1018.8,0,.29,,10,,8.5
156,堡林,2022-12-10 17:00,6.8,,.4,0,46,1010.5,1019.2,0,.1,,10,,6.2
156,堡林,2022-12-10 18:00,6.8,0,1.6,70,47,1010.5,1019.2,0,.07,,10,,5.7
156,堡林,2022-12-10 19:00,6.4,,1.6,70,49,1010.8,1019.5,,,,10,,4.9
156,堡林,2022-12-10 20:00,6.2,,.5,50,51,1011.1,1019.8,,,,9,,4.4
156,堡林,2022-12-10 21:00,6,,.2,0,51,1011.6,1020.3,,,,10,,4
156,堡林,2022-12-10 22:00,5.5,,.6,290,51,1011.4,1020.1,,,,10,,3.5
156,堡林,2022-12-10 23:00,5.5,,.4,0,51,1011.8,1020.5,,,,10,,3.5
156,堡林,2022-12-11 00:00,5.1,,.4,0,48,1011.8,1020.5,,,,2,,1.2
156,堡林,2022-12-11 01:00,4.5,,.3,0,54,1012.1,1020.8,,,,10,,2.5
156,堡林,2022-12-11 02:00,4.7,,.3,0,54,1012.6,1021.3,,,,10,,2.8
156,堡林,2022-12-11 03:00,4.6,,.3,0,54,1012.3,1021,,,,9,,2.7
156,堡林,2022-12-11 04:00,4.6,,.7,50,57,1012.4,1021.1,,,,9,,2.8
156,堡林,2022-12-11 05:00,4.2,,.5,20,63,1012.3,1021,,,,9,,2.6
156,堡林,2022-12-11 06:00,4.3,,1.1,20,61,1012.7,1021.4,,,,7,,2.7
156,堡林,2022-12-11 07:00,4.1,,1.9,50,52,1013.5,1022.3,,,,9,,1.9
156,堡林,2022-12-11 08:00,3.2,,1.5,50,54,1014.2,1023,0,.09,,0,,.1
156,堡林,2022-12-11 09:00,4.9,,.6,70,44,1014.9,1023.7,.9,.46,,0,,2.1
156,堡林,2022-12-11 10:00,6.1,,1.3,90,37,1015.1,1023.8,1,1.07,,0,,7.9
156,堡林,2022-12-11 11:00,7.6,,1.9,50,36,1015.2,1023.9,1,1.55,,0,,13
156,堡林,2022-12-11 12:00,7.8,,2.3,50,32,1014.6,1023.2,1,1.9,,0,,16.5
156,堡林,2022-12-11 13:00,8.7,,2.3,20,24,1014.1,1022.7,1,2,,0,,18.4
156,堡林,2022-12-11 14:00,8.8,,1.6,20,25,1013.7,1022.3,1,1.88,,0,,18.3
156,堡林,2022-12-11 15:00,8.3,,2.2,360,28,1013.7,1022.3,1,1.52,,0,,15.9
156,堡林,2022-12-11 16:00,8,,1.8,50,30,1013.9,1022.5,1,1,,0,,10.6
156,堡林,2022-12-11 17:00,6.8,,1.7,50,36,1014.7,1023.4,1,.37,,0,,5.6
156,堡林,2022-12-11 18:00,5.9,,2.2,50,44,1015,1023.7,0,.07,,0,,3
156,堡林,2022-12-11 19:00,4.9,,1.3,50,52,1015.4,1024.2,,,,0,,1.3
156,堡林,2022-12-11 20:00,3.6,,1.9,70,61,1015.2,1024,,,,0,,-.3
156,堡林,2022-12-11 21:00,2.9,,1.7,70,67,1015.4,1024.2,,,,0,,-.8
156,堡林,2022-12-11 22:00,2.8,,.2,0,68,1015.2,1024,,,,0,,-1.2
156,堡林,2022-12-11 23:00,2.6,,.5,290,68,1015.8,1024.6,,,,0,,-1.4
156,堡林,2022-12-12 00:00,1.9,,.8,140,71,1015.6,1024.5,,,,0,,-1.6
156,堡林,2022-12-12 01:00,1.6,,.4,0,73,1016,1024.9,,,,0,,-1.9
156,堡林,2022-12-12 02:00,1,,.5,180,76,1016,1024.9,,,,8,,-2
156,堡林,2022-12-12 03:00,.2,,.7,270,78,1016.5,1025.4,,,,0,,-2.1
156,堡林,2022-12-12 04:00,-.3,,.3,0,80,1016,1024.9,,,,6,,-1.9
156,堡林,2022-12-12 05:00,.5,,.9,70,75,1015.1,1024,,,,9,,-1.2
156,堡林,2022-12-12 06:00,-.2,,1.1,320,75,1015.3,1024.2,,,,8,,-1.4
156,堡林,2022-12-12 07:00,.2,,.3,0,71,1014.2,1023.1,,,,9,,-1
156,堡林,2022-12-12 08:00,.1,,.8,290,75,1014,1022.9,0,.08,,5,,-1.2
156,堡林,2022-12-12 09:00,1.1,,.2,0,71,1014.2,1023.1,.5,.4,,7,,0
156,堡林,2022-12-12 10:00,3.3,,1,320,61,1014.2,1023,.7,.83,,6,,3.4
156,堡林,2022-12-12 11:00,5.1,,.9,250,50,1014.2,1023,.7,1.33,,8,,9.7
156,堡林,2022-12-12 12:00,5.7,,.2,0,44,1012.9,1021.6,0,.75,,10,,10.4
156,堡林,2022-12-12 13:00,6.2,,.7,270,40,1012.5,1021.2,0,.56,,10,,9.3
156,堡林,2022-12-12 14:00,7,,1,250,44,1011.7,1020.4,0,.62,,10,,10.3
156,堡林,2022-12-12 15:00,7.3,,1.4,290,53,1011.5,1020.1,0,.69,,10,,10.1
156,堡林,2022-12-12 16:00,7.2,,.5,20,54,1011.2,1019.8,0,.34,,10,,8.4
156,堡林,2022-12-12 17:00,6.8,,.1,0,55,1011,1019.7,0,.15,,7,,6.4
156,堡林,2022-12-12 18:00,5.8,,.1,0,60,1010.7,1019.4,0,.07,,6,,2.8
156,堡林,2022-12-12 19:00,5.8,,.4,0,61,1010.4,1019.1,,,,0,,1.2
156,堡林,2022-12-12 20:00,5.4,,1.1,180,64,1010.1,1018.8,,,,3,,2.8
156,堡林,2022-12-12 21:00,5.3,,.8,200,65,1010.3,1019,,,,9,,3.3
156,堡林,2022-12-12 22:00,5.1,,1,230,79,1010.3,1019,,,,7,,3.9
156,堡林,2022-12-12 23:00,5.1,,.7,270,81,1010.4,1019.1,,,,10,,2.9
156,堡林,2022-12-13 00:00,4.9,0,.5,320,82,1010.8,1019.5,,,,9,,2.7
156,堡林,2022-12-13 01:00,4.6,,.1,0,84,1011,1019.7,,,,2,,2.6
156,堡林,2022-12-13 02:00,5,,.3,0,77,1011.1,1019.8,,,,8,,1.8
156,堡林,2022-12-13 03:00,5.3,,.4,0,68,1011.4,1020.1,,,,6,,1.2
156,堡林,2022-12-13 04:00,4.9,,.7,250,65,1011.3,1020,,,,2,,.5
156,堡林,2022-12-13 05:00,4,,.6,270,74,1011.2,1019.9,,,,0,,.3
156,堡林,2022-12-13 06:00,4.3,,1.1,250,70,1010.9,1019.6,,,,9,,.3
156,堡林,2022-12-13 07:00,4.8,,3.7,290,55,1011.5,1020.2,,,,8,,.7
156,堡林,2022-12-13 08:00,4.9,,2.4,270,49,1012.3,1021,0,.09,,3,,.3
156,堡林,2022-12-13 09:00,5.7,,2.3,270,45,1013.3,1022,.2,.39,,0,,2.9
156,堡林,2022-12-13 10:00,7.1,,1.8,290,42,1013,1021.7,1,.89,,5,,7.2
156,堡林,2022-12-13 11:00,7.6,,2.2,290,36,1012.8,1021.4,1,1.21,,6,,10.1
156,堡林,2022-12-13 12:00,7.4,,2.6,290,36,1012,1020.6,.7,1.12,,8,,10.1
156,堡林,2022-12-13 13:00,8.1,,2.1,290,37,1011.3,1019.9,.3,1.03,,7,,14
156,堡林,2022-12-13 14:00,7.5,,2.2,290,39,1011.2,1019.8,.1,.82,,9,,11.1
156,堡林,2022-12-13 15:00,6.6,,2.9,270,45,1011.4,1020.1,0,.43,,10,,8.6
156,堡林,2022-12-13 16:00,6.4,,2.6,270,50,1011,1019.7,0,.36,,8,,8.1
156,堡林,2022-12-13 17:00,6.7,,2.2,270,49,1011,1019.7,0,.25,,8,,6
156,堡林,2022-12-13 18:00,6.3,,1.7,290,49,1011.4,1020.1,0,.07,,4,,3.5
156,堡林,2022-12-13 19:00,6.2,,2.2,290,46,1011.8,1020.5,,,,6,,2.9
156,堡林,2022-12-13 20:00,5.9,,2.9,290,38,1012.4,1021.1,,,,10,,3.6
156,堡林,2022-12-13 21:00,3.9,0,2,360,69,1013.2,1022,,,,10,,3.3
156,堡林,2022-12-13 22:00,2,,1.8,320,89,1014.1,1022.9,,,,10,,1.8
156,堡林,2022-12-13 23:00,3,,2.7,290,63,1014.5,1023.3,,,,10,,1.3
156,堡林,2022-12-14 00:00,.9,.5,2.5,320,81,1014.9,1023.8,,,.2,9,,.6
156,堡林,2022-12-14 01:00,.7,,1.4,290,86,1015.1,1024,,,.6,9,,.7
156,堡林,2022-12-14 02:00,-.3,,1.7,320,88,1015.6,1024.5,,,2.8,9,,.7
156,堡林,2022-12-14 03:00,-.7,1.5,.6,340,93,1016.1,1025.1,,,4.6,9,,.7
156,堡林,2022-12-14 04:00,-1.2,,1.5,50,92,1016.4,1025.4,,,5,9,,.8
156,堡林,2022-12-14 05:00,-1.9,,2.3,70,87,1017.1,1026.1,,,5.3,9,,.8
156,堡林,2022-12-14 06:00,-2.8,.2,2.8,50,82,1018,1027,,,5.4,7,,.7
156,堡林,2022-12-14 07:00,-3.6,,2.5,70,80,1018.9,1028,,,5.4,6,,.8
156,堡林,2022-12-14 08:00,-4.3,,2.7,70,80,1020,1029.1,0,.07,5.3,4,,.7
156,堡林,2022-12-14 09:00,-3.7,0,2.9,50,70,1020.3,1029.4,.9,.37,4.8,1,,.8
156,堡林,2022-12-14 10:00,-3,,3.2,70,61,1020.6,1029.7,1,.67,4.5,2,,.9
156,堡林,2022-12-14 11:00,-2.1,,2.1,70,57,1020.8,1029.8,1,.95,4,1,,1.3
156,堡林,2022-12-14 12:00,-1,,1.1,360,53,1020.4,1029.4,1,1.54,2.6,2,,6.1
156,堡林,2022-12-14 13:00,-.2,,1.6,360,53,1019.9,1028.9,1,2.41,1.5,3,,11.1
156,堡林,2022-12-14 14:00,.4,,1.3,20,50,1019,1027.9,1,2.54,,2,,12.2
156,堡林,2022-12-14 15:00,.2,,2.7,20,46,1018.5,1027.5,1,1.92,,1,,10.1
156,堡林,2022-12-14 16:00,.1,,1.5,340,44,1018.3,1027.3,1,1.2,,0,,4.5
156,堡林,2022-12-14 17:00,-1.2,,.9,20,48,1018.5,1027.5,1,.39,,0,,.6
156,堡林,2022-12-14 18:00,-2.3,,2.3,70,53,1018.4,1027.4,0,.07,,0,,.1
156,堡林,2022-12-14 19:00,-3.1,,2.6,70,55,1018.6,1027.7,,,,0,,-.8
156,堡林,2022-12-14 20:00,-3.3,,2.4,70,56,1018.7,1027.8,,,,0,,-1.7
156,堡林,2022-12-14 21:00,-3.6,,1.9,70,55,1019.2,1028.3,,,,0,,-2.3
156,堡林,2022-12-14 22:00,-4.2,,2.1,70,57,1019,1028.1,,,,0,,-2.9
156,堡林,2022-12-14 23:00,-4.4,,1,70,57,1019,1028.1,,,,1,,-3.3
156,堡林,2022-12-15 00:00,-4.5,,1.4,50,59,1018.7,1027.8,,,,4,,-3.4
156,堡林,2022-12-15 01:00,-4.8,,1,70,61,1018.4,1027.5,,,,0,,-3.9
156,堡林,2022-12-15 02:00,-4.7,,.1,0,62,1018.6,1027.7,,,,1,,-3.6
156,堡林,2022-12-15 03:00,-5,,1,70,65,1018.5,1027.6,,,,1,,-4.2
156,堡林,2022-12-15 04:00,-5.2,,.6,90,67,1018.2,1027.3,,,,2,,-4.3
156,堡林,2022-12-15 05:00,-5,,1.1,70,66,1018.4,1027.5,,,,7,,-3.8
156,堡林,2022-12-15 06:00,-4.4,,.8,50,67,1018.4,1027.5,,,,8,,-2.6
156,堡林,2022-12-15 07:00,-4,,.1,0,63,1018.5,1027.6,,,,9,,-2.2
156,堡林,2022-12-15 08:00,-4,,0,0,64,1018.8,1027.9,0,.08,,8,,-3.1
156,堡林,2022-12-15 09:00,-3.1,,1.1,70,62,1019.1,1028.2,.4,.4,,8,,-1
156,堡林,2022-12-15 10:00,-1.5,,.2,0,58,1018.9,1027.9,.6,.77,,1,,-.1
156,堡林,2022-12-15 11:00,1.5,,.6,340,51,1018.8,1027.7,1,1.66,,8,,4.4
156,堡林,2022-12-15 12:00,3,,1.4,270,51,1017.9,1026.7,.9,1.66,,7,,6.8
156,堡林,2022-12-15 13:00,4,,1,180,49,1017.2,1026,.9,1.65,,8,,11.8
156,堡林,2022-12-15 14:00,6.2,,1.7,250,44,1015.8,1024.5,.9,1.82,,1,,13.3
156,堡林,2022-12-15 15:00,7,,1.7,230,41,1015.5,1024.2,1,1.51,,0,,12.3
156,堡林,2022-12-15 16:00,6.1,,3.1,230,44,1015.3,1024,1,.96,,1,,7.4
156,堡林,2022-12-15 17:00,5.1,,2.2,230,51,1015.3,1024.1,.8,.39,,1,,3.4
156,堡林,2022-12-15 18:00,4.9,,2.1,230,54,1015.3,1024.1,0,.08,,6,,2.7
156,堡林,2022-12-15 19:00,4.5,,2,200,56,1015.5,1024.3,,,,9,,.7
156,堡林,2022-12-15 20:00,4.7,,1,230,57,1015.3,1024.1,,,,7,,2
156,堡林,2022-12-15 21:00,4.8,0,.6,290,59,1015.5,1024.2,,,,10,,2.9
156,堡林,2022-12-15 22:00,3.8,,.1,0,76,1016.2,1025,,,,10,,3.2
156,堡林,2022-12-15 23:00,3.3,,.1,0,84,1016.8,1025.6,,,,10,,3.3
156,堡林,2022-12-16 00:00,3.4,.1,1.1,20,91,1017.6,1026.4,,,,10,,3.4
156,堡林,2022-12-16 01:00,2.7,,1.1,20,81,1018.1,1027,,,,10,,2.9
156,堡林,2022-12-16 02:00,2.5,,3.3,50,70,1018.2,1027.1,,,,6,,2.3
156,堡林,2022-12-16 03:00,2,0,1.7,50,73,1018.6,1027.5,,,,8,,1.1
156,堡林,2022-12-16 04:00,1.6,,1.9,20,71,1018.8,1027.7,,,,8,,.5
156,堡林,2022-12-16 05:00,.9,,3.1,50,71,1018.4,1027.3,,,,7,,.2
156,堡林,2022-12-16 06:00,.1,,2.5,50,68,1018.6,1027.6,,,,7,,.3
156,堡林,2022-12-16 07:00,-.4,,1.5,70,53,1020.2,1029.2,,,,8,,.3
156,堡林,2022-12-16 08:00,-.8,,2.4,50,47,1021.2,1030.2,0,.08,,9,,.2
156,堡林,2022-12-16 09:00,-.7,,1.4,50,54,1022,1031,0,.3,,6,,.3
156,堡林,2022-12-16 10:00,.2,,2.1,50,51,1022.4,1031.4,.4,.77,,9,,2.8
156,堡林,2022-12-16 11:00,.1,,2.6,50,46,1022.5,1031.5,1,1.24,,8,,6.4
156,堡林,2022-12-16 12:00,1.1,,2.6,70,31,1021.2,1030.1,1,1.41,,6,,9.1
156,堡林,2022-12-16 13:00,1.3,,2.3,70,26,1019.9,1028.8,.7,1.32,,7,,8.3
156,堡林,2022-12-16 14:00,1.7,,2.8,50,16,1019.7,1028.6,1,1.45,,8,,8.9
156,堡林,2022-12-16 15:00,2.3,,2.7,50,9,1019.4,1028.3,.5,1.09,,8,,7.6
156,堡林,2022-12-16 16:00,1.9,,1,20,18,1020,1028.9,.1,.68,,8,,4.6
156,堡林,2022-12-16 17:00,.8,,1.1,20,26,1020,1028.9,0,.23,,9,,2
156,堡林,2022-12-16 18:00,.2,,1,20,28,1020.7,1029.7,0,.07,,10,,.5
156,堡林,2022-12-16 19:00,-.3,,1,20,31,1020.8,1029.8,,,,10,,.5
156,堡林,2022-12-16 20:00,-.5,,1.3,50,29,1021.4,1030.4,,,,10,,.4
156,堡林,2022-12-16 21:00,-.7,,2,70,28,1021.7,1030.7,,,,10,,.2
156,堡林,2022-12-16 22:00,-1,,1.7,70,27,1021.8,1030.8,,,,10,,.1
156,堡林,2022-12-16 23:00,-.8,,1.7,50,27,1021.6,1030.6,,,,10,,.1
156,堡林,2022-12-17 00:00,-1.1,,1.5,70,28,1021.1,1030.1,,,,10,,-.1
156,堡林,2022-12-17 01:00,-2,,1.8,70,30,1020.7,1029.7,,,,7,,-.7
156,堡林,2022-12-17 02:00,-2.6,,2.1,70,29,1020.1,1029.2,,,,4,,-1.5
156,堡林,2022-12-17 03:00,-2.4,,2.3,70,27,1019.5,1028.5,,,,2,,-1.7
156,堡林,2022-12-17 04:00,-2.2,,1.9,70,26,1018.9,1027.9,,,,10,,-1.3
156,堡林,2022-12-17 05:00,-2.2,,1.6,70,28,1018.5,1027.5,,,,8,,-1.5
156,堡林,2022-12-17 06:00,-2.1,,1.3,50,29,1018.5,1027.5,,,,8,,-1.5
156,堡林,2022-12-17 07:00,-1.9,,.6,250,37,1018.7,1027.7,,,,9,,-1.1
156,堡林,2022-12-17 08:00,-2.8,,.7,270,63,1018.6,1027.7,0,.07,,10,,-.9
156,堡林,2022-12-17 09:00,-3.4,0,.3,0,83,1018.4,1027.5,0,.19,,6,,-.9
156,堡林,2022-12-17 10:00,-2.1,,2.1,250,78,1017.8,1026.8,.8,.83,,7,,0
156,堡林,2022-12-17 11:00,-1.2,,1.5,250,89,1017.5,1026.5,.3,.76,.4,10,,.2
156,堡林,2022-12-17 12:00,-.5,2.1,1.3,360,93,1017.4,1026.4,0,.23,3.3,10,,.2
156,堡林,2022-12-17 13:00,-1,,.5,290,92,1016.4,1025.4,0,.35,4.5,9,,.2
156,堡林,2022-12-17 14:00,.3,,1.2,270,77,1015.2,1024.1,.6,.46,3.8,4,,.2
156,堡林,2022-12-17 15:00,1.7,.8,4.3,320,35,1014.4,1023.3,1,1.16,3.1,1,,.6
156,堡林,2022-12-17 16:00,1,,3.7,290,32,1014.4,1023.3,1,1.15,3,3,,.7
156,堡林,2022-12-17 17:00,.2,,3.7,270,35,1014.1,1023,.5,.3,3,3,,.7
156,堡林,2022-12-17 18:00,-1.8,0,2.1,340,71,1014.7,1023.7,0,.06,2.8,5,,.6
156,堡林,2022-12-17 19:00,-3.3,,3.7,50,73,1015.3,1024.3,,,3,10,,.7
156,堡林,2022-12-17 20:00,-3.7,,2.5,70,61,1016,1025.1,,,2.9,10,,.7
156,堡林,2022-12-17 21:00,-3.8,0,2.8,70,52,1016,1025.1,,,2.8,9,,.7
156,堡林,2022-12-17 22:00,-4.7,,2.5,70,54,1016,1025.1,,,2.7,7,,.6
156,堡林,2022-12-17 23:00,-4.5,,1.1,70,50,1015.7,1024.8,,,2.5,9,,.6
156,堡林,2022-12-18 00:00,-5.7,0,1.3,70,71,1015.3,1024.4,,,2.7,9,,.6
156,堡林,2022-12-18 01:00,-6,,.1,0,87,1015.4,1024.5,,,4.5,9,,.7
156,堡林,2022-12-18 02:00,-5.8,,.3,0,90,1015.2,1024.3,,,5.5,10,,.7
156,堡林,2022-12-18 03:00,-5.7,1.1,.4,0,91,1015.1,1024.2,,,6.5,10,,.6
156,堡林,2022-12-18 04:00,-5.8,,.5,90,91,1014.5,1023.6,,,7.6,10,,.6
156,堡林,2022-12-18 05:00,-6.1,,.6,70,91,1014.3,1023.4,,,10.7,10,,.6
156,堡林,2022-12-18 06:00,-6,2.2,.9,50,92,1014.3,1023.4,,,12.8,10,,.6
156,堡林,2022-12-18 07:00,-6.7,,1.9,70,91,1014,1023.1,,,14,10,,.6
156,堡林,2022-12-18 08:00,-6.9,,2.1,70,91,1014.6,1023.8,0,.07,14.5,10,,.5
156,堡林,2022-12-18 09:00,-6.5,1.3,1.6,70,89,1014.7,1023.8,0,.1,14,10,,.5
156,堡林,2022-12-18 10:00,-5.5,,1.8,70,79,1015,1024.1,0,.24,13,5,,.5
156,堡林,2022-12-18 11:00,-4.3,,2.3,70,62,1014.8,1023.9,0,.45,11.8,3,,.5
156,堡林,2022-12-18 12:00,-3.6,0,1.7,70,58,1014.1,1023.1,.2,.47,11.1,8,,.5
156,堡林,2022-12-18 13:00,-2.9,,1.1,70,51,1013.2,1022.2,.8,.54,10.5,3,,.5
156,堡林,2022-12-18 14:00,-2,,2,70,51,1012.6,1021.6,1,.83,9.6,2,,.5
156,堡林,2022-12-18 15:00,-1.8,,2.3,50,52,1013,1022,1,1.28,9,2,,.5
156,堡林,2022-12-18 16:00,-2.3,,1.9,70,51,1013.3,1022.3,1,1.3,8.8,2,,.5
156,堡林,2022-12-18 17:00,-3.5,,1.2,50,52,1013.6,1022.6,.9,.7,8.8,0,,.5
156,堡林,2022-12-18 18:00,-4.4,,1,50,59,1014.1,1023.2,.1,.1,8.6,0,,.5
156,堡林,2022-12-18 19:00,-4.8,,.6,20,59,1014.8,1023.9,,,8.4,4,,.5
156,堡林,2022-12-18 20:00,-5.7,,1.1,50,64,1015.5,1024.6,,,8.2,0,,.5
156,堡林,2022-12-18 21:00,-5.4,,.3,0,65,1015.8,1024.9,,,7.9,0,,.5
156,堡林,2022-12-18 22:00,-5.3,,.3,0,59,1015.9,1025,,,7.7,5,,.5
156,堡林,2022-12-18 23:00,-6.5,,.5,270,71,1016,1025.2,,,7.4,5,,.5
156,堡林,2022-12-19 00:00,-6.6,,.1,0,76,1015.8,1025,,,7.3,5,,.5
156,堡林,2022-12-19 01:00,-6.2,,.3,0,79,1015.9,1025,,,7.1,9,,.5
156,堡林,2022-12-19 02:00,-6.5,,.8,90,82,1016.4,1025.6,,,6.9,9,,.5
156,堡林,2022-12-19 03:00,-6.8,0,1.6,70,78,1016.6,1025.8,,,6.8,8,,.5
156,堡林,2022-12-19 04:00,-6.7,,.9,50,78,1016.5,1025.7,,,6.8,6,,.5
156,堡林,2022-12-19 05:00,-6.3,,.7,70,79,1016.9,1026.1,,,7,9,,.5
156,堡林,2022-12-19 06:00,-6.5,.1,.6,70,87,1017.3,1026.5,,,7.7,10,,.5
156,堡林,2022-12-19 07:00,-6.7,,1.3,70,86,1018.1,1027.3,,,7.6,7,,.5
156,堡林,2022-12-19 08:00,-7.3,,1.1,70,86,1018.4,1027.6,0,.08,7.6,0,,.5
156,堡林,2022-12-19 09:00,-5.4,0,1.6,70,80,1018.9,1028,.9,.33,7.6,0,,.5
156,堡林,2022-12-19 10:00,-3.3,,1.6,70,63,1019.2,1028.3,1,.76,7.3,0,,.5
156,堡林,2022-12-19 11:00,-1.2,,.5,70,53,1019.3,1028.3,1,1.2,7.3,0,,.5
156,堡林,2022-12-19 12:00,-1,,.9,270,59,1018.6,1027.6,.7,1.41,6.7,8,,.5
156,堡林,2022-12-19 13:00,-.4,,.8,250,55,1017.9,1026.9,.7,1.8,6.2,2,,.5
156,堡林,2022-12-19 14:00,1.2,,.6,290,56,1017.4,1026.3,1,1.79,5.7,3,,.4
156,堡林,2022-12-19 15:00,1.4,,1.1,250,54,1017.1,1026,.7,1.12,5.6,4,,.4
156,堡林,2022-12-19 16:00,1.1,,.1,0,53,1017.3,1026.2,.5,.73,5.4,8,,.5
156,堡林,2022-12-19 17:00,.9,,.5,20,59,1017.6,1026.5,0,.13,4.9,6,,.5
156,堡林,2022-12-19 18:00,-.6,0,.8,180,70,1017.8,1026.8,0,.08,4.9,0,,.5
156,堡林,2022-12-19 19:00,-.8,,.4,0,73,1018.5,1027.5,,,4.9,0,,.5
156,堡林,2022-12-19 20:00,-1,,.4,0,80,1018.8,1027.8,,,4.9,1,,.5
156,堡林,2022-12-19 21:00,-1.3,,.5,50,79,1018.9,1027.9,,,4.9,0,,.6
156,堡林,2022-12-19 22:00,-2,,.8,70,85,1018.8,1027.8,,,4.9,0,,.6
156,堡林,2022-12-19 23:00,-2.2,,.6,70,87,1019.1,1028.1,,,4.9,0,,.5
156,堡林,2022-12-20 00:00,-2.9,,0,0,90,1019.5,1028.6,,,4.9,0,,.5
156,堡林,2022-12-20 01:00,-3.4,,.1,0,91,1019.4,1028.5,,,4.9,1,,.4
156,堡林,2022-12-20 02:00,-3.8,,0,0,92,1019.6,1028.7,,,4.8,0,,.3
156,堡林,2022-12-20 03:00,-4.1,,0,0,92,1019.9,1029,,,4.8,0,,.2
156,堡林,2022-12-20 04:00,-4.4,,.2,0,92,1019.6,1028.7,,,4.8,0,,-.1
156,堡林,2022-12-20 05:00,-4.9,,0,0,92,1019.6,1028.7,,,4.8,0,,-.3
156,堡林,2022-12-20 06:00,-4.8,,.3,0,92,1019.4,1028.5,,,4.8,0,,-.7
156,堡林,2022-12-20 07:00,-5.2,,.3,0,91,1019.8,1028.9,,,4.8,0,,-1
156,堡林,2022-12-20 08:00,-4.9,,.3,0,92,1019.9,1029,0,.08,4.8,0,,-1.1
156,堡林,2022-12-20 09:00,-3.4,,0,0,91,1020.9,1030,.8,.59,4.5,0,,-1
156,堡林,2022-12-20 10:00,-1.4,,.4,0,80,1021.4,1030.4,1,1.22,4.2,0,,-.1
156,堡林,2022-12-20 11:00,1,,.3,0,68,1020.7,1029.6,1,1.71,4.1,0,,.1
156,堡林,2022-12-20 12:00,4.3,,1.4,90,60,1019.1,1027.9,1,2,4,0,,.1
156,堡林,2022-12-20 13:00,5.4,,.8,70,54,1018.5,1027.3,1,1.99,3.9,0,,.5
156,堡林,2022-12-20 14:00,6.3,,1.9,70,52,1017.3,1026,1,1.88,3.8,0,,.5
156,堡林,2022-12-20 15:00,6.6,,1.1,70,50,1016.4,1025.1,1,1.56,3.5,0,,.5
156,堡林,2022-12-20 16:00,6.6,,.9,70,50,1015.9,1024.6,1,1.03,3.3,0,,1.3
156,堡林,2022-12-20 17:00,4.9,,.9,50,58,1015.2,1024,,,3.1,7,,1
156,堡林,2022-12-20 18:00,4,,1.6,70,62,1014.8,1023.6,0,.07,3.1,7,,.5
156,堡林,2022-12-20 19:00,3.2,,1.4,70,68,1014.5,1023.3,,,2.9,6,,.4
156,堡林,2022-12-20 20:00,2.5,,.9,110,76,1013.7,1022.5,,,2.9,8,,.5
156,堡林,2022-12-20 21:00,1.8,,.8,270,77,1012.7,1021.5,,,2.9,8,,.5
156,堡林,2022-12-20 22:00,1.7,,.1,0,70,1013.9,1022.8,,,2.9,8,,.5
156,堡林,2022-12-20 23:00,1.9,,.8,160,77,1013.6,1022.4,,,2.9,10,,.5
156,堡林,2022-12-21 00:00,2.2,,.9,70,71,1012.6,1021.4,,,2.9,9,,.5
156,堡林,2022-12-21 01:00,2,,1.2,50,69,1011.4,1020.2,,,2.9,10,,.5
156,堡林,2022-12-21 02:00,1.6,,1.2,70,74,1010,1018.8,,,2.9,10,,.5
156,堡林,2022-12-21 03:00,1.9,0,.1,0,71,1009.3,1018.1,,,2.9,10,,.5
156,堡林,2022-12-21 04:00,1.8,,1,50,73,1007.7,1016.5,,,2.9,10,,.5
156,堡林,2022-12-21 05:00,1.6,,.6,200,83,1007.4,1016.2,,,2.9,10,,.6
156,堡林,2022-12-21 06:00,1.3,.3,.5,90,91,1006.9,1015.7,,,2.9,10,,.5
156,堡林,2022-12-21 07:00,1.5,,.2,0,93,1006.6,1015.4,,,2.9,10,,.6
156,堡林,2022-12-21 08:00,1.7,,.4,0,95,1005.9,1014.7,0,.07,2.9,10,,.7
156,堡林,2022-12-21 09:00,2,1.5,0,0,95,1005.5,1014.3,0,.1,2.9,10,,1.3
156,堡林,2022-12-21 10:00,2.2,,.2,0,95,1005.1,1013.9,0,.16,2.8,10,,2.7
156,堡林,2022-12-21 11:00,3,,.1,0,96,1004.4,1013.1,0,.3,2.7,10,,4.9
156,堡林,2022-12-21 12:00,2.8,1.8,.7,90,96,1003.6,1012.3,0,.4,2.7,10,,5.2
156,堡林,2022-12-21 13:00,4,,0,0,96,1002.4,1011.1,0,.57,2.5,10,,8.4
156,堡林,2022-12-21 14:00,4.7,,.7,70,98,1001.5,1010.1,.1,.59,2.3,10,,8.6
156,堡林,2022-12-21 15:00,5,.1,0,0,96,1001,1009.6,0,.68,2,9,,8.8
156,堡林,2022-12-21 16:00,4.7,,.1,0,95,1001,1009.6,0,.24,1.8,10,,6.8
156,堡林,2022-12-21 17:00,4,,1.5,340,94,1002.2,1010.9,0,.1,1.2,10,,4.6
156,堡林,2022-12-21 18:00,3.3,.5,.9,110,93,1002.5,1011.2,0,.07,1.1,6,,2.5
156,堡林,2022-12-21 19:00,3.5,,0,0,94,1002.7,1011.4,,,1.1,0,,.9
156,堡林,2022-12-21 20:00,3,,1.4,270,93,1003,1011.7,,,1.1,1,,.3
156,堡林,2022-12-21 21:00,2.4,,0,0,94,1002.8,1011.5,,,1.1,0,,.3
156,堡林,2022-12-21 22:00,2.2,,.3,0,95,1002.8,1011.5,,,1.1,6,,.3
156,堡林,2022-12-21 23:00,1.8,,.1,0,95,1002.6,1011.4,,,1.1,0,,.3
156,堡林,2022-12-22 00:00,2,,.8,290,87,1002.7,1011.4,,,.9,10,,.3
156,堡林,2022-12-22 01:00,2,,.6,340,85,1002.6,1011.3,,,.9,10,,.3
156,堡林,2022-12-22 02:00,1.8,,1.7,50,74,1002.8,1011.6,,,.9,10,,.3
156,堡林,2022-12-22 03:00,1.7,0,.9,50,67,1002.9,1011.7,,,.9,10,,.3
156,堡林,2022-12-22 04:00,1.6,,1.4,20,60,1002.4,1011.2,,,.9,10,,.1
156,堡林,2022-12-22 05:00,.8,,.9,20,68,1001.7,1010.5,,,.9,3,,-.3
156,堡林,2022-12-22 06:00,-.3,0,.4,0,90,1002,1010.8,,,2,9,,.1
156,堡林,2022-12-22 07:00,-.5,,.7,320,93,1002.2,1011,,,2.4,5,,.1
156,堡林,2022-12-22 08:00,-.5,,1,340,77,1002,1010.8,0,.07,2.4,8,,.1
156,堡林,2022-12-22 09:00,-1.1,.2,1.1,320,90,1002.4,1011.2,0,.16,3,10,,.2
156,堡林,2022-12-22 10:00,-1.6,,2.6,20,88,1002.8,1011.7,0,.2,4.5,10,,.3
156,堡林,2022-12-22 11:00,-1.1,,1.9,50,81,1002.5,1011.3,0,.32,5.7,10,,.4
156,堡林,2022-12-22 12:00,-1.2,.4,1.3,20,82,1001.8,1010.6,.1,.51,5.4,6,,.4
156,堡林,2022-12-22 13:00,-.6,,1.9,360,70,1001,1009.8,.1,.47,5.8,8,,.4
156,堡林,2022-12-22 14:00,-1.7,,2,340,78,1000.9,1009.8,.1,.41,5.8,9,,.4
156,堡林,2022-12-22 15:00,-.8,.5,1.6,340,71,1001.1,1009.9,.2,.4,5.6,8,,.4
156,堡林,2022-12-22 16:00,-2.3,,2,20,71,1001.6,1010.5,.1,.23,5.8,7,,.4
156,堡林,2022-12-22 17:00,-2.8,,2.9,50,72,1001.8,1010.7,0,.11,6.2,9,,.4
156,堡林,2022-12-22 18:00,-3.2,0,3.1,20,74,1002.4,1011.3,0,.06,6.3,9,,.5
156,堡林,2022-12-22 19:00,-3.5,,1.5,340,83,1002.8,1011.7,,,6.7,9,,.5
156,堡林,2022-12-22 20:00,-3.8,,1.3,290,89,1003.1,1012,,,8.1,7,,.5
156,堡林,2022-12-22 21:00,-3.6,1,1.3,290,90,1002.8,1011.7,,,9,7,,.5
156,堡林,2022-12-22 22:00,-4,,3.6,340,72,1003.6,1012.6,,,9,7,,.5
156,堡林,2022-12-22 23:00,-3.5,,2.1,340,71,1003.7,1012.6,,,9.5,7,,.5
156,堡林,2022-12-23 00:00,-3.9,.4,2.2,320,63,1003.7,1012.7,,,9.8,7,,.5
156,堡林,2022-12-23 01:00,-4.2,,2.2,290,77,1003.6,1012.6,,,9.8,7,,.5
156,堡林,2022-12-23 02:00,-4.1,,1.4,340,69,1003.9,1012.9,,,9.6,7,,.5
156,堡林,2022-12-23 03:00,-4.2,0,1.7,320,75,1004,1013,,,9.4,7,,.5
156,堡林,2022-12-23 04:00,-4.7,,1.4,360,87,1004,1013,,,12,9,,.5
156,堡林,2022-12-23 05:00,-4.5,,1.9,290,86,1003.8,1012.8,,,14,7,,.5
156,堡林,2022-12-23 06:00,-4.7,2.1,1.6,320,90,1004.1,1013.1,,,17.3,7,,.4
156,堡林,2022-12-23 07:00,-4.8,,2,320,91,1004.7,1013.7,,,19.3,7,,.4
156,堡林,2022-12-23 08:00,-4.8,,1.7,320,92,1005,1014,0,.06,21.8,7,,.4
156,堡林,2022-12-23 09:00,-4.6,2.7,1.1,20,90,1005.4,1014.4,0,.09,22.7,8,,.4
156,堡林,2022-12-23 10:00,-4.4,,1,320,91,1005.8,1014.8,0,.1,26.5,9,,.4
156,堡林,2022-12-23 11:00,-3.7,,1.2,340,89,1005.8,1014.8,0,.16,27.9,9,,.4
156,堡林,2022-12-23 12:00,-4.1,2.5,1.1,20,87,1005.4,1014.4,0,.16,28.9,9,,.4
156,堡林,2022-12-23 13:00,-4.1,,1.7,50,87,1004.9,1013.9,0,.16,29.4,9,,.4
156,堡林,2022-12-23 14:00,-3.3,,1.7,340,88,1004.8,1013.7,0,.16,30.7,9,,.4
156,堡林,2022-12-23 15:00,-3.8,2.6,1.7,20,91,1005.2,1014.2,0,.17,32.8,9,,.4
156,堡林,2022-12-23 16:00,-4.1,,1.4,50,92,1005.7,1014.7,0,.11,38.8,9,,.4
156,堡林,2022-12-23 17:00,-4.1,,.5,360,92,1006.2,1015.2,0,.09,39,9,,.4
156,堡林,2022-12-23 18:00,-3.9,3.1,.4,0,92,1006.5,1015.5,0,.06,40,9,,.4
156,堡林,2022-12-23 19:00,-3.9,,.9,320,91,1007,1016,,,39,7,,.4
156,堡林,2022-12-23 20:00,-3.9,,.6,340,85,1007.2,1016.2,,,38.7,6,,.4
156,堡林,2022-12-23 21:00,-3.8,.2,.7,320,90,1007.3,1016.3,,,39,7,,.4
156,堡林,2022-12-23 22:00,-3.5,,.2,0,93,1007.4,1016.4,,,39.5,7,,.4
156,堡林,2022-12-23 23:00,-3.1,,.2,0,93,1007.6,1016.6,,,39.8,7,,.4
156,堡林,2022-12-24 00:00,-3.4,.7,1,340,92,1007.3,1016.3,,,40,8,,.4
156,堡林,2022-12-24 01:00,-3.8,,1.2,50,92,1007.6,1016.6,,,39.8,7,,.4
156,堡林,2022-12-24 02:00,-4.6,,.4,0,92,1007.9,1016.9,,,39.5,6,,.4
156,堡林,2022-12-24 03:00,-5.1,.1,1.2,70,88,1008.5,1017.5,,,39,6,,.4
156,堡林,2022-12-24 04:00,-5.8,,1.2,70,87,1009,1018.1,,,38.3,6,,.4
156,堡林,2022-12-24 05:00,-6.2,,1.6,70,85,1009.2,1018.3,,,37.1,5,,.4
156,堡林,2022-12-24 06:00,-6.1,0,2.2,70,83,1009.2,1018.3,,,36.1,8,,.4
156,堡林,2022-12-24 07:00,-6.6,,1.9,70,83,1010,1019.1,,,35.8,8,,.4
156,堡林,2022-12-24 08:00,-6.2,,1.6,70,82,1010.4,1019.5,0,.07,35.5,8,,.4
156,堡林,2022-12-24 09:00,-5.6,,1.3,70,80,1011,1020.1,0,.08,34.9,9,,.4
156,堡林,2022-12-24 10:00,-5.3,,2.1,70,81,1011.9,1021,0,.1,34.1,9,,.4
156,堡林,2022-12-24 11:00,-4.5,,2.2,70,79,1012.1,1021.2,0,.16,33.7,9,,.4
156,堡林,2022-12-24 12:00,-3.2,,1.7,70,67,1011.5,1020.5,0,.36,32.7,0,,.4
156,堡林,2022-12-24 13:00,-2.1,,1.2,50,59,1010.9,1019.9,.6,1.57,31,0,,.4
156,堡林,2022-12-24 14:00,-2.6,,1,290,61,1010.7,1019.7,.8,1.77,29.3,0,,.4
156,堡林,2022-12-24 15:00,-2.1,,.8,340,58,1010.9,1019.9,1,1.75,27.8,4,,.4
156,堡林,2022-12-24 16:00,-2.2,,.8,360,55,1011.3,1020.3,1,1.11,26.7,0,,.4
156,堡林,2022-12-24 17:00,-4,,1.3,320,63,1011.7,1020.7,.9,.44,26.5,0,,.4
156,堡林,2022-12-24 18:00,-4.8,,.9,270,69,1012,1021.1,.2,.09,26.1,0,,.4
156,堡林,2022-12-24 19:00,-6,,0,0,72,1012.6,1021.7,,,26,8,,.4
156,堡林,2022-12-24 20:00,-6.1,,0,0,74,1013.1,1022.2,,,25.8,7,,.4
156,堡林,2022-12-24 21:00,-6.2,,.3,0,80,1013.5,1022.6,,,25.6,0,,.4
156,堡林,2022-12-24 22:00,-6.8,,1.6,70,77,1013.7,1022.8,,,25.5,5,,.4
156,堡林,2022-12-24 23:00,-6.9,,.8,70,78,1014.4,1023.6,,,25.3,9,,.4
156,堡林,2022-12-25 00:00,-7.3,,.3,0,81,1014.4,1023.6,,,25.3,0,,.4
156,堡林,2022-12-25 01:00,-7.1,,1,90,83,1014.6,1023.8,,,25.3,10,,.4
156,堡林,2022-12-25 02:00,-7.7,,1.1,50,81,1014.7,1023.9,,,25.2,0,,.4
156,堡林,2022-12-25 03:00,-7.4,,0,0,81,1014.6,1023.8,,,25.2,1,,.4
156,堡林,2022-12-25 04:00,-6.7,,.6,50,83,1014.4,1023.5,,,25.1,9,,.4
156,堡林,2022-12-25 05:00,-6.8,,1.1,320,83,1014.2,1023.3,,,25.1,9,,.4
156,堡林,2022-12-25 06:00,-7.7,,.7,250,83,1014.4,1023.6,,,24.9,9,,.4
156,堡林,2022-12-25 07:00,-7.4,,0,0,83,1014.6,1023.8,,,24.5,9,,.4
156,堡林,2022-12-25 08:00,-7,,.2,0,84,1014.7,1023.9,0,.08,24.2,8,,.4
156,堡林,2022-12-25 09:00,-5.4,,.5,270,80,1014.7,1023.8,.7,.58,23.7,7,,.4
156,堡林,2022-12-25 10:00,-4.6,,1.3,270,77,1015.3,1024.4,.2,.71,23.3,9,,.4
156,堡林,2022-12-25 11:00,-3.4,,.7,250,76,1015.5,1024.5,0,.76,22.8,9,,.4
156,堡林,2022-12-25 12:00,-2,,.3,0,74,1014.8,1023.8,0,.96,22.4,9,,.4
156,堡林,2022-12-25 13:00,.4,,1.2,250,71,1014.9,1023.8,.4,1.33,21.9,6,,.4
156,堡林,2022-12-25 14:00,3.2,,1.5,290,62,1014.8,1023.6,1,2,21,2,,.3
156,堡林,2022-12-25 15:00,3.4,,1.3,290,58,1014.9,1023.7,1,1.67,19.8,0,,.3
156,堡林,2022-12-25 16:00,2.9,,3.6,20,54,1015.1,1023.9,1,1.09,19.1,2,,.3
156,堡林,2022-12-25 17:00,2.2,,1.9,50,59,1014.8,1023.6,1,.43,18.9,0,,.4
156,堡林,2022-12-25 18:00,.5,,2.1,50,66,1014.8,1023.7,.2,.09,18.7,0,,.4
156,堡林,2022-12-25 19:00,-.3,,.2,0,74,1015.7,1024.6,,,18.5,0,,.4
156,堡林,2022-12-25 20:00,-.4,,.7,110,75,1016.1,1025,,,18.4,1,,.4
156,堡林,2022-12-25 21:00,-.9,,.7,70,82,1016.4,1025.4,,,18.4,7,,.4
156,堡林,2022-12-25 22:00,-1.3,,1.9,70,87,1016.4,1025.4,,,18.3,0,,.4
156,堡林,2022-12-25 23:00,-1.5,,.7,340,87,1016.5,1025.5,,,18.3,0,,.4
156,堡林,2022-12-26 00:00,-1.8,,.2,0,91,1016.8,1025.8,,,18.2,0,,.4
156,堡林,2022-12-26 01:00,-2.3,,1.1,50,92,1016.4,1025.4,,,18.2,1,,.4
156,堡林,2022-12-26 02:00,-2.9,,.4,0,92,1016.4,1025.4,,,18.2,2,,.4
156,堡林,2022-12-26 03:00,-3.7,,0,0,93,1017,1026.1,,,18.1,0,,.4
156,堡林,2022-12-26 04:00,-4,,0,0,93,1016.8,1025.9,,,18.1,2,,.4
156,堡林,2022-12-26 05:00,-4.5,,.3,0,93,1016.6,1025.7,,,18.1,0,,.4
156,堡林,2022-12-26 06:00,-4.7,,0,0,93,1017,1026.1,,,18,8,,.4
156,堡林,2022-12-26 07:00,-4.8,,.1,0,93,1017.4,1026.5,,,18,0,,.4
156,堡林,2022-12-26 08:00,-4.7,,.7,90,93,1017.7,1026.8,0,.07,18,1,,.4
156,堡林,2022-12-26 09:00,-2.8,,.9,50,92,1017.8,1026.8,.8,.54,17,1,,.4
156,堡林,2022-12-26 10:00,-2.1,,.8,290,88,1018.3,1027.3,.4,.62,16.5,6,,.4
156,堡林,2022-12-26 11:00,.8,,1.7,50,73,1018.4,1027.3,1,1.56,16.3,3,,.4
156,堡林,2022-12-26 12:00,2.8,,1.3,50,61,1017.2,1026,1,1.99,16.2,6,,.3
156,堡林,2022-12-26 13:00,3.2,,1,50,59,1016.6,1025.4,.8,1.54,15.7,7,,.3
156,堡林,2022-12-26 14:00,3.3,,1.2,70,60,1016.2,1025,0,1.12,15,7,,.3
156,堡林,2022-12-26 15:00,4.1,,1.3,50,56,1016.3,1025.1,.9,1.34,14.7,4,,.3
156,堡林,2022-12-26 16:00,3.5,,1.1,360,61,1016.8,1025.6,.9,.81,14.4,3,,.3
156,堡林,2022-12-26 17:00,2.7,,1.8,50,60,1017,1025.8,.7,.37,14,1,,.3
156,堡林,2022-12-26 18:00,1.7,,.9,50,63,1017.6,1026.5,.1,.08,14,2,,.4
156,堡林,2022-12-26 19:00,1,,.2,0,72,1018,1026.9,,,14,0,,.4
156,堡林,2022-12-26 20:00,.5,,.6,20,78,1018.2,1027.1,,,14,4,,.4
156,堡林,2022-12-26 21:00,-1,,2.5,70,88,1018.3,1027.3,,,13.9,0,,.4
156,堡林,2022-12-26 22:00,-1.2,,2,70,84,1018.6,1027.6,,,13.9,0,,.5
156,堡林,2022-12-26 23:00,-1.4,,1,50,82,1018.7,1027.7,,,13.9,0,,.6
156,堡林,2022-12-27 00:00,-1.6,,.9,50,84,1018.9,1027.9,,,13.9,0,,.7
156,堡林,2022-12-27 01:00,-1.5,,.1,0,86,1019,1028,,,13.9,0,,.7
156,堡林,2022-12-27 02:00,-1.9,,1.2,50,88,1019.1,1028.1,,,13.9,2,,.8
156,堡林,2022-12-27 03:00,-1.9,,.8,50,90,1019.4,1028.4,,,13.8,0,,.9
156,堡林,2022-12-27 04:00,-2.5,,.7,50,91,1019.5,1028.5,,,13.8,0,,.9
156,堡林,2022-12-27 05:00,-3.6,,1.2,320,91,1019.8,1028.9,,,13.8,0,,.9
156,堡林,2022-12-27 06:00,-4,,0,0,92,1020.1,1029.2,,,13.8,0,,.9
156,堡林,2022-12-27 07:00,-3.9,,0,0,92,1020.9,1030,,,13.8,0,,.9
156,堡林,2022-12-27 08:00,-4.1,,.3,0,92,1020.9,1030,0,.07,13.8,0,,.9
156,堡林,2022-12-27 09:00,-2.7,,1.3,270,91,1021.4,1030.5,.8,.62,13.5,0,,.9
156,堡林,2022-12-27 10:00,-.5,,1.4,320,76,1021.6,1030.6,1,1.42,13.2,0,,.9
156,堡林,2022-12-27 11:00,2.8,,2.1,70,58,1021.7,1030.6,1,1.74,13,0,,.7
156,堡林,2022-12-27 12:00,4.2,,1.7,70,53,1021,1029.8,1,1.93,12.9,0,,.4
156,堡林,2022-12-27 13:00,5.1,,1.2,20,48,1019.8,1028.6,1,2.06,12.6,0,,.3
156,堡林,2022-12-27 14:00,5.2,,1.7,20,47,1019.1,1027.9,1,1.93,12.1,0,,.3
156,堡林,2022-12-27 15:00,5.3,,1.7,360,44,1019.4,1028.2,1,1.64,11.8,0,,.3
156,堡林,2022-12-27 16:00,4.8,,2.1,20,46,1019.6,1028.4,1,1.13,11.5,0,,.3
156,堡林,2022-12-27 17:00,3.6,,1.5,50,51,1019.7,1028.5,1,.46,11.5,0,,.3
156,堡林,2022-12-27 18:00,2.2,,1.3,50,57,1020.4,1029.3,.2,.08,11.3,0,,.4
156,堡林,2022-12-27 19:00,1.8,,.3,0,64,1020.7,1029.6,,,11.1,0,,.4
156,堡林,2022-12-27 20:00,1.7,,.1,0,67,1021.3,1030.2,,,11,5,,.5
156,堡林,2022-12-27 21:00,.5,,0,0,79,1021.2,1030.2,,,11,8,,.5
156,堡林,2022-12-27 22:00,.4,,0,0,76,1021.2,1030.2,,,11,4,,.6
156,堡林,2022-12-27 23:00,-.3,,.9,70,83,1021,1030,,,11,3,,.6
156,堡林,2022-12-28 00:00,-1,,0,0,87,1020.5,1029.5,,,11,6,,.6
156,堡林,2022-12-28 01:00,-2,,1.3,290,91,1020.2,1029.2,,,11,8,,.6
156,堡林,2022-12-28 02:00,-2.5,,0,0,91,1020.9,1030,,,11,0,,.6
156,堡林,2022-12-28 03:00,-2.2,,0,0,91,1021,1030,,,11,2,,.7
156,堡林,2022-12-28 04:00,-2.5,,0,0,91,1020.9,1030,,,11,0,,.6
156,堡林,2022-12-28 05:00,-2.3,,0,0,92,1020.8,1029.9,,,10.9,8,,.7
156,堡林,2022-12-28 06:00,-2.5,,0,0,92,1020.8,1029.9,,,10.9,6,,.7
156,堡林,2022-12-28 07:00,-2.9,,0,0,92,1021.1,1030.2,,,10.9,7,,.7
156,堡林,2022-12-28 08:00,-3.3,,0,0,92,1021.3,1030.4,0,.07,10.9,7,,.6
156,堡林,2022-12-28 09:00,-2.2,,0,0,92,1021.4,1030.5,0,.21,10.9,8,,.8
156,堡林,2022-12-28 10:00,-.6,,0,0,87,1021.9,1030.9,.2,.56,10.8,7,,.9
156,堡林,2022-12-28 11:00,1,,.4,0,75,1022,1031,.7,1.22,10.8,3,,1
156,堡林,2022-12-28 12:00,2.8,,.2,0,68,1021.3,1030.2,1,1.66,10.5,3,,.9
156,堡林,2022-12-28 13:00,4.2,,1.4,50,58,1020.5,1029.3,1,1.92,10.4,3,,.5
156,堡林,2022-12-28 14:00,3.9,,2,20,58,1020.5,1029.3,.7,1.53,10.3,8,,.4
156,堡林,2022-12-28 15:00,3.2,,2,20,61,1020.7,1029.6,.6,1.02,10.2,8,,.4
156,堡林,2022-12-28 16:00,2.9,,2.2,20,54,1021.3,1030.2,.9,.97,10.2,4,,.3
156,堡林,2022-12-28 17:00,2.2,,2.1,50,54,1022,1030.9,.4,.37,10.2,4,,.4
156,堡林,2022-12-28 18:00,.9,,1.3,50,58,1021.9,1030.9,0,.09,10.2,6,,.4
156,堡林,2022-12-28 19:00,.8,,.9,70,60,1022.5,1031.5,,,10.2,8,,.4
156,堡林,2022-12-28 20:00,.2,,1.9,70,63,1022.8,1031.8,,,10.2,8,,.5
156,堡林,2022-12-28 21:00,-.3,,1.3,50,67,1023.5,1032.5,,,10.2,5,,.6
156,堡林,2022-12-28 22:00,-1,,1.2,70,70,1024,1033,,,10.2,7,,.5
156,堡林,2022-12-28 23:00,-1,,2.2,70,73,1024,1033,,,10.2,0,,.5
156,堡林,2022-12-29 00:00,-1.2,,1.2,70,74,1024.5,1033.5,,,10.2,4,,.4
156,堡林,2022-12-29 01:00,-1.1,,1.9,70,74,1024,1033,,,10.2,0,,.5
156,堡林,2022-12-29 02:00,-1.8,,1.6,70,74,1024.4,1033.5,,,10.2,1,,.4
156,堡林,2022-12-29 03:00,-1.8,,1.7,70,71,1024.4,1033.5,,,10.2,3,,.4
156,堡林,2022-12-29 04:00,-1.4,,1.5,50,68,1024.2,1033.2,,,10.2,5,,.4
156,堡林,2022-12-29 05:00,-2.2,,1.3,50,71,1023.9,1033,,,10.2,3,,.4
156,堡林,2022-12-29 06:00,-3.1,,.8,20,78,1023.7,1032.8,,,10.2,0,,.3
156,堡林,2022-12-29 07:00,-3.2,,1.6,50,80,1023.7,1032.8,,,10.2,0,,.3
156,堡林,2022-12-29 08:00,-2.5,,.8,50,75,1023.9,1033,0,.08,10.2,7,,.2
156,堡林,2022-12-29 09:00,-1.3,,1.1,50,70,1024,1033,.7,.43,10.2,0,,.2
156,堡林,2022-12-29 10:00,.9,,1.7,70,58,1024.4,1033.4,1,1.05,10.1,0,,.2
156,堡林,2022-12-29 11:00,2.6,,2.2,70,52,1024,1032.9,1,1.58,10,0,,.3
156,堡林,2022-12-29 12:00,3.6,,.7,50,50,1023.6,1032.5,1,1.93,10,0,,.4
156,堡林,2022-12-29 13:00,3.9,,1.3,360,50,1023,1031.8,1,2.06,9.9,2,,.5
156,堡林,2022-12-29 14:00,4.3,,1.4,320,50,1022.7,1031.5,1,1.93,9.8,5,,.4
156,堡林,2022-12-29 15:00,4.8,,2.9,50,44,1022.8,1031.6,1,1.73,9.5,2,,.3
156,堡林,2022-12-29 16:00,4.1,,1.8,20,43,1023.1,1031.9,1,1.01,9.5,4,,.4
156,堡林,2022-12-29 17:00,3.3,,.9,360,45,1023.1,1032,.9,.38,9.4,4,,.4
156,堡林,2022-12-29 18:00,2.5,,.6,20,49,1023.5,1032.4,0,.07,9.4,4,,.4
156,堡林,2022-12-29 19:00,2,,.2,0,52,1024.3,1033.2,,,9.4,4,,.3
156,堡林,2022-12-29 20:00,2,,0,0,57,1024.6,1033.5,,,9.4,8,,.3
156,堡林,2022-12-29 21:00,1.4,,0,0,65,1024.7,1033.7,,,9.4,8,,.3
156,堡林,2022-12-29 22:00,.8,,0,0,68,1024.7,1033.7,,,9.4,8,,.3
156,堡林,2022-12-29 23:00,-.1,,.3,0,76,1024.6,1033.6,,,9.4,6,,.3
156,堡林,2022-12-30 00:00,-.8,,0,0,79,1024.7,1033.7,,,9.4,0,,.3
156,堡林,2022-12-30 01:00,-1.2,,0,0,82,1024.7,1033.7,,,9.4,7,,.3
156,堡林,2022-12-30 02:00,-1.8,,.7,270,86,1024.5,1033.6,,,9.4,10,,.2
156,堡林,2022-12-30 03:00,-2.2,,0,0,86,1024.5,1033.6,,,9.4,6,,.2
156,堡林,2022-12-30 04:00,-1.7,,.1,0,85,1024.3,1033.4,,,9.4,10,,.2
156,堡林,2022-12-30 05:00,-1.6,,0,0,86,1023.8,1032.9,,,9.4,8,,.2
156,堡林,2022-12-30 06:00,-1.3,,0,0,86,1023.7,1032.7,,,9.4,9,,.2
156,堡林,2022-12-30 07:00,-1.6,,.1,0,88,1024.1,1033.2,,,9.4,6,,.2
156,堡林,2022-12-30 08:00,-2.1,,.6,270,89,1024.4,1033.5,0,.07,9.4,1,,.1
156,堡林,2022-12-30 09:00,-1.3,,.1,0,86,1024.5,1033.5,.1,.26,9.4,7,,.1
156,堡林,2022-12-30 10:00,-.1,,0,0,79,1024.5,1033.5,.4,.69,9.3,8,,.2
156,堡林,2022-12-30 11:00,1.2,,.4,0,69,1024.1,1033.1,.8,1.31,9.3,8,,.2
156,堡林,2022-12-30 12:00,2.8,,.5,270,60,1023.6,1032.5,.7,1.53,9.2,8,,.3
156,堡林,2022-12-30 13:00,3.7,,.6,70,57,1022.4,1031.3,.7,1.49,9,6,,.2
156,堡林,2022-12-30 14:00,4.8,,.8,320,48,1022,1030.8,1,1.67,8.9,1,,.2
156,堡林,2022-12-30 15:00,4.5,,1.1,320,49,1022,1030.8,.7,1.12,8.9,6,,.2
156,堡林,2022-12-30 16:00,4.3,,1.1,270,48,1022.1,1030.9,.6,.71,8.9,2,,.3
156,堡林,2022-12-30 17:00,4,,.8,290,48,1022.4,1031.2,.5,.32,8.9,3,,.4
156,堡林,2022-12-30 18:00,3.1,,.6,320,53,1023,1031.9,0,.08,8.9,3,,.3
156,堡林,2022-12-30 19:00,2.7,,.4,0,54,1022.9,1031.8,,,8.9,0,,.3
156,堡林,2022-12-30 20:00,2.4,,.4,0,59,1023.1,1032,,,8.9,3,,.3
156,堡林,2022-12-30 21:00,1.7,,0,0,65,1022.9,1031.8,,,8.9,5,,.3
156,堡林,2022-12-30 22:00,1.3,,.5,50,72,1023,1031.9,,,8.9,9,,.3
156,堡林,2022-12-30 23:00,1.2,,0,0,75,1023.3,1032.3,,,8.9,7,,.3
156,堡林,2022-12-31 00:00,.7,,.8,50,78,1023.1,1032.1,,,8.9,6,,.3
