瘤痢,瘤痢疙,老矫,扁柯(∑C),碍荐樊(mm),浅加(m/s),浅氢(16规困),嚼档(%),泅瘤扁拘(hPa),秦搁扁拘(hPa),老炼(hr),老荤(MJ/m2),利汲(cm),傈款樊(10盒困),瘤搁惑怕(瘤搁惑怕内靛),瘤搁柯档(∑C)
156,堡林,2023-01-01 01:00,-.5,,.1,0,82,1022.7,1031.7,,,8,0,,-.3
156,堡林,2023-01-01 02:00,-.7,,0,0,84,1022.4,1031.4,,,8,0,,-.5
156,堡林,2023-01-01 03:00,-.9,,.5,70,85,1022.4,1031.4,,,8,3,,-.8
156,堡林,2023-01-01 04:00,-1.5,,.2,0,90,1021.9,1030.9,,,8,3,,-1.1
156,堡林,2023-01-01 05:00,-1.6,,.1,0,90,1021.5,1030.5,,,8,2,,-1.3
156,堡林,2023-01-01 06:00,-2.2,,.5,290,91,1021.7,1030.8,,,8,0,,-1.5
156,堡林,2023-01-01 07:00,-2.8,,.7,270,91,1022.5,1031.6,,,8,0,,-1.8
156,堡林,2023-01-01 08:00,-2.6,,.3,0,91,1022.7,1031.8,0,.07,8,0,,-1.9
156,堡林,2023-01-01 09:00,-1.7,,.1,0,90,1023.3,1032.4,0,.33,7.9,0,,-1.4
156,堡林,2023-01-01 10:00,-.4,,.2,0,82,1023.5,1032.5,.6,.78,7.8,0,,-.4
156,堡林,2023-01-01 11:00,1.7,,0,0,72,1023.2,1032.1,1,1.27,7.6,0,,.1
156,堡林,2023-01-01 12:00,3.6,,1.1,250,62,1022.6,1031.5,1,1.6,7.5,0,,.1
156,堡林,2023-01-01 13:00,6.1,,1,320,53,1021.3,1030.1,1,1.78,7.3,0,,.1
156,堡林,2023-01-01 14:00,6.8,,2,50,49,1021.2,1029.9,1,1.55,7.2,0,,.2
156,堡林,2023-01-01 15:00,6.3,,2.1,340,50,1020.9,1029.7,.9,1.21,7,0,,.2
156,堡林,2023-01-01 16:00,5.3,,1.2,360,49,1020.9,1029.7,1,.9,6.9,0,,.3
156,堡林,2023-01-01 17:00,4.3,,1,340,47,1021.3,1030.1,.9,.4,6.8,0,,.2
156,堡林,2023-01-01 18:00,3.5,,1,50,42,1021.7,1030.6,.1,.09,6.7,0,,.2
156,堡林,2023-01-01 19:00,2.4,,1,50,47,1022.3,1031.2,,,6.6,7,,.2
156,堡林,2023-01-01 20:00,2,,1.1,70,49,1022.6,1031.5,,,6.6,8,,.2
156,堡林,2023-01-01 21:00,2.2,,1.6,50,43,1023.1,1032,,,6.6,3,,-.1
156,堡林,2023-01-01 22:00,1.7,,1.6,50,43,1023.7,1032.6,,,6.5,7,,-.4
156,堡林,2023-01-01 23:00,.8,,1.2,50,48,1024,1033,,,6.5,6,,-.8
156,堡林,2023-01-02 00:00,-.5,,1.6,70,54,1023.9,1032.9,,,6.5,2,,-1.3
156,堡林,2023-01-02 01:00,-.9,,2.2,70,52,1023.5,1032.5,,,6.5,5,,-1.5
156,堡林,2023-01-02 02:00,-.8,,1.8,50,48,1023.7,1032.7,,,6.5,6,,-1.8
156,堡林,2023-01-02 03:00,.1,,1.4,50,49,1023.9,1032.9,,,6.4,7,,-1.6
156,堡林,2023-01-02 04:00,-.1,,1.6,20,49,1024,1033,,,6.4,3,,-1.9
156,堡林,2023-01-02 05:00,-.1,,2.7,50,40,1023.6,1032.6,,,6.4,8,,-1.9
156,堡林,2023-01-02 06:00,-1.9,,1.9,70,51,1023.7,1032.8,,,6.4,4,,-2.6
156,堡林,2023-01-02 07:00,-2.3,,2,70,53,1024.2,1033.3,,,6.4,7,,-2.7
156,堡林,2023-01-02 08:00,-2.3,,2.2,70,49,1024.5,1033.6,0,.07,6.4,3,,-3.1
156,堡林,2023-01-02 09:00,-1,,1.5,50,43,1024.7,1033.7,.4,.34,6.4,0,,-2.5
156,堡林,2023-01-02 10:00,.6,,1.2,50,39,1025,1034,1,1.07,6.3,0,,-.4
156,堡林,2023-01-02 11:00,1.3,,1.4,50,37,1024.5,1033.5,1,1.62,6.3,0,,.2
156,堡林,2023-01-02 12:00,2.1,,1.7,20,34,1023.7,1032.6,1,1.9,6.1,6,,.5
156,堡林,2023-01-02 13:00,2.9,,1.5,20,32,1022.4,1031.3,1,2.01,6,3,,.6
156,堡林,2023-01-02 14:00,3.1,,2,50,26,1021.9,1030.8,1,1.9,6,0,,1.1
156,堡林,2023-01-02 15:00,2.7,,1.8,20,26,1021.4,1030.3,1,1.69,6,6,,1.8
156,堡林,2023-01-02 16:00,2.1,,2.2,50,27,1021.5,1030.4,1,1.21,6,0,,.6
156,堡林,2023-01-02 17:00,1,,.9,50,35,1022.1,1031.1,1,.5,5.9,0,,.3
156,堡林,2023-01-02 18:00,.1,,1.7,20,47,1022.8,1031.8,.3,.11,5.9,6,,.2
156,堡林,2023-01-02 19:00,-.5,,2.2,20,51,1023.8,1032.8,,,5.9,7,,-.2
156,堡林,2023-01-02 20:00,-1,,1.1,50,55,1024.2,1033.2,,,5.9,6,,-.5
156,堡林,2023-01-02 21:00,-1.6,,2.3,70,58,1023.3,1032.3,,,5.9,0,,-1
156,堡林,2023-01-02 22:00,-2,,1.7,70,64,1023.1,1032.2,,,5.9,0,,-1.4
156,堡林,2023-01-02 23:00,-2.1,,.9,70,69,1023.1,1032.2,,,5.8,0,,-1.8
156,堡林,2023-01-03 00:00,-2.1,,1.1,50,71,1022.6,1031.7,,,5.8,0,,-2.3
156,堡林,2023-01-03 01:00,-2.5,,1.1,70,71,1022.6,1031.7,,,5.8,0,,-2.7
156,堡林,2023-01-03 02:00,-2.1,,1.5,50,68,1022.5,1031.6,,,5.8,2,,-2.9
156,堡林,2023-01-03 03:00,-1.6,,0,0,67,1023,1032,,,5.8,0,,-3.1
156,堡林,2023-01-03 04:00,-1.7,,.1,0,69,1023,1032,,,5.8,7,,-3.2
156,堡林,2023-01-03 05:00,-2.4,,1.8,70,71,1022.4,1031.5,,,5.8,7,,-2.9
156,堡林,2023-01-03 06:00,-2.2,,1.9,70,68,1022.2,1031.3,,,5.8,6,,-3.2
156,堡林,2023-01-03 07:00,-2.7,,1.5,50,67,1022.5,1031.6,,,5.8,4,,-3.6
156,堡林,2023-01-03 08:00,-2.8,,1.9,70,71,1022.9,1032,0,.06,5.8,0,,-3.8
156,堡林,2023-01-03 09:00,-1.1,,2.3,70,52,1022.8,1031.8,.7,.42,5.8,0,,-3
156,堡林,2023-01-03 10:00,.3,,2.3,70,43,1023.1,1032.1,1,1.09,5.5,0,,-.6
156,堡林,2023-01-03 11:00,1.7,,1.7,70,43,1023,1031.9,1,1.63,5.4,0,,.2
156,堡林,2023-01-03 12:00,3,,.8,70,42,1022.1,1031,1,1.97,5.3,0,,.7
156,堡林,2023-01-03 13:00,4.1,,2.5,50,42,1021.1,1029.9,1,2.11,5.2,0,,1.4
156,堡林,2023-01-03 14:00,4.4,,2.4,50,40,1020.6,1029.4,1,1.77,5,0,,1.8
156,堡林,2023-01-03 15:00,4.2,,2.5,20,42,1020.2,1029,1,1.68,4.8,0,,2.3
156,堡林,2023-01-03 16:00,3.8,,2.2,20,43,1020.3,1029.1,1,1.12,4.6,0,,1.1
156,堡林,2023-01-03 17:00,2.7,,1.5,20,47,1020.4,1029.3,1,.52,4.6,0,,.3
156,堡林,2023-01-03 18:00,1.4,,1.2,50,51,1020.8,1029.7,.4,.1,4.6,0,,.2
156,堡林,2023-01-03 19:00,1,,1.8,20,51,1021.1,1030,,,4.6,0,,.1
156,堡林,2023-01-03 20:00,.3,,1.3,50,56,1021.5,1030.5,,,4.6,0,,-.3
156,堡林,2023-01-03 21:00,-.4,,1.2,50,66,1021.7,1030.7,,,4.6,0,,-.7
156,堡林,2023-01-03 22:00,-.8,,1.3,50,71,1021.8,1030.8,,,4.6,0,,-1
156,堡林,2023-01-03 23:00,-1.6,,1.7,50,69,1021.9,1030.9,,,4.6,0,,-1.3
156,堡林,2023-01-04 00:00,-2,,1.5,70,68,1022.3,1031.4,,,4.6,0,,-1.7
156,堡林,2023-01-04 01:00,-2.8,,2.1,70,64,1022.5,1031.6,,,4.6,0,,-2.4
156,堡林,2023-01-04 02:00,-3.2,,1.9,70,55,1022.5,1031.6,,,4.6,0,,-2.9
156,堡林,2023-01-04 03:00,-3.3,,1.6,70,51,1022.4,1031.5,,,4.6,0,,-3.2
156,堡林,2023-01-04 04:00,-3.1,,1,50,45,1021.9,1031,,,4.6,0,,-3.4
156,堡林,2023-01-04 05:00,-3.3,,1.1,290,52,1021.5,1030.6,,,4.6,0,,-3.6
156,堡林,2023-01-04 06:00,-3.9,,.5,290,60,1022.2,1031.3,,,4.6,0,,-3.8
156,堡林,2023-01-04 07:00,-4,,0,0,62,1022.5,1031.6,,,4.6,5,,-3.7
156,堡林,2023-01-04 08:00,-3.6,,0,0,61,1022.9,1032,0,.07,4.6,0,,-3.7
156,堡林,2023-01-04 09:00,-2.4,,0,0,57,1023.2,1032.3,.7,.37,4,0,,-2.6
156,堡林,2023-01-04 10:00,-1.3,,.1,0,52,1023.5,1032.5,1,.94,3.8,0,,-.3
156,堡林,2023-01-04 11:00,.4,,.8,230,49,1023.7,1032.7,1,1.39,3.8,0,,.2
156,堡林,2023-01-04 12:00,2.8,,1.1,200,44,1023.3,1032.2,1,1.75,3.7,6,,.7
156,堡林,2023-01-04 13:00,4.3,,.8,290,47,1022.4,1031.2,.9,1.81,3.6,8,,1.6
156,堡林,2023-01-04 14:00,4.9,,1,50,48,1021.9,1030.7,.5,1.18,3.5,9,,2
156,堡林,2023-01-04 15:00,5,,.6,290,54,1021.6,1030.4,.4,.97,3.3,9,,2.7
156,堡林,2023-01-04 16:00,5.1,,.4,0,55,1021.5,1030.3,.6,.74,3,9,,2
156,堡林,2023-01-04 17:00,4.6,,.6,320,58,1021.5,1030.3,0,.33,2.7,7,,.5
156,堡林,2023-01-04 18:00,3.5,,0,0,64,1021.6,1030.5,0,.08,2.7,0,,.2
156,堡林,2023-01-04 19:00,3.3,,0,0,66,1022.2,1031.1,,,2.7,0,,.2
156,堡林,2023-01-04 20:00,2.3,,1,70,73,1022.3,1031.2,,,2.5,0,,0
156,堡林,2023-01-04 21:00,1.7,,0,0,78,1022.5,1031.4,,,2.5,0,,-.1
156,堡林,2023-01-04 22:00,1,,.4,0,82,1022.8,1031.8,,,2.5,0,,-.3
156,堡林,2023-01-04 23:00,.5,,0,0,86,1022.7,1031.7,,,2.5,0,,-.5
156,堡林,2023-01-05 00:00,-.2,,0,0,91,1022.9,1031.9,,,2.5,0,,-.8
156,堡林,2023-01-05 01:00,-.5,,0,0,91,1023.2,1032.2,,,2.5,7,,-.4
156,堡林,2023-01-05 02:00,-.1,,0,0,91,1023.2,1032.2,,,2.5,7,,-.5
156,堡林,2023-01-05 03:00,-.1,,.2,0,91,1023.4,1032.4,,,2.5,8,,-.5
156,堡林,2023-01-05 04:00,-.1,,.1,0,91,1022.9,1031.9,,,2.5,9,,-.5
156,堡林,2023-01-05 05:00,-.5,,.3,0,91,1022.4,1031.4,,,2.5,9,,-.3
156,堡林,2023-01-05 06:00,-.3,,.5,270,90,1022.6,1031.6,,,2.5,9,,-.4
156,堡林,2023-01-05 07:00,0,,.6,50,90,1023,1032,,,2.5,9,,-.2
156,堡林,2023-01-05 08:00,.1,,.3,0,89,1023,1032,0,.07,2.5,9,,-.3
156,堡林,2023-01-05 09:00,.8,,.1,0,86,1023.3,1032.3,0,.19,2.5,9,,.1
156,堡林,2023-01-05 10:00,2,,.4,0,77,1023.4,1032.3,0,.59,2.4,8,,.2
156,堡林,2023-01-05 11:00,2.8,,.1,0,72,1023.1,1032,.4,.98,2.4,2,,.7
156,堡林,2023-01-05 12:00,4.5,,.4,0,65,1021.9,1030.7,.5,1.28,2.3,9,,1.4
156,堡林,2023-01-05 13:00,5.8,,.6,140,58,1020.9,1029.7,1,1.61,2.1,7,,6.7
156,堡林,2023-01-05 14:00,7.5,,.7,270,55,1020.6,1029.3,1,1.63,1.9,0,,10.1
156,堡林,2023-01-05 15:00,7.6,,1.2,270,53,1020.5,1029.2,1,1.29,1.6,1,,9.7
156,堡林,2023-01-05 16:00,7.6,,.8,270,49,1020.9,1029.6,.9,.85,1.3,3,,7.4
156,堡林,2023-01-05 17:00,6.9,,.3,0,53,1021.1,1029.8,.3,.37,1.2,1,,3.8
156,堡林,2023-01-05 18:00,6,,.5,320,59,1020.9,1029.7,0,.09,,0,,1.3
156,堡林,2023-01-05 19:00,5.1,,.6,320,63,1020.8,1029.6,,,,4,,0
156,堡林,2023-01-05 20:00,4.7,,.5,360,65,1021,1029.8,,,,2,,.4
156,堡林,2023-01-05 21:00,3.4,,.6,90,73,1021.2,1030.1,,,,6,,.2
156,堡林,2023-01-05 22:00,3,,.4,0,80,1021.2,1030.1,,,,6,,.2
156,堡林,2023-01-05 23:00,2.4,,0,0,83,1020.8,1029.7,,,,6,,.2
156,堡林,2023-01-06 00:00,2,,0,0,85,1021,1029.9,,,,8,,.2
156,堡林,2023-01-06 01:00,1.5,,0,0,85,1020.7,1029.6,,,,6,,0
156,堡林,2023-01-06 02:00,.9,,0,0,89,1020.5,1029.4,,,,6,,-.2
156,堡林,2023-01-06 03:00,.4,,0,0,91,1020.1,1029.1,,,,8,,-.3
156,堡林,2023-01-06 04:00,-.2,,0,0,92,1019.4,1028.4,,,,8,,-.7
156,堡林,2023-01-06 05:00,-.6,,.6,270,92,1019,1028,,,,6,,-.9
156,堡林,2023-01-06 06:00,-1.1,,1,270,92,1018.9,1027.9,,,,7,,-1.2
156,堡林,2023-01-06 07:00,-1.1,,.3,0,93,1018.4,1027.4,,,,4,,-1.4
156,堡林,2023-01-06 08:00,-.8,,.1,0,93,1018.5,1027.5,0,.06,,5,,-1.6
156,堡林,2023-01-06 09:00,-.4,,0,0,93,1017.9,1026.9,0,.22,,0,,-.5
156,堡林,2023-01-06 10:00,1.3,,0,0,90,1018.3,1027.2,.3,.73,,0,,.2
156,堡林,2023-01-06 11:00,3.2,,0,0,79,1017.7,1026.5,1,1.21,,0,,1.9
156,堡林,2023-01-06 12:00,5.5,,.3,0,67,1016.2,1025,1,1.63,,0,,6.4
156,堡林,2023-01-06 13:00,6.7,,.7,270,64,1015,1023.7,1,1.84,,0,,13.3
156,堡林,2023-01-06 14:00,7.4,,.5,250,58,1013.5,1022.2,1,1.69,,0,,14.4
156,堡林,2023-01-06 15:00,8.1,,.2,0,56,1013,1021.6,1,1.29,,0,,12.8
156,堡林,2023-01-06 16:00,8.1,,.3,0,57,1011.8,1020.4,1,.89,,0,,9.6
156,堡林,2023-01-06 17:00,7.6,,.1,0,59,1011.8,1020.4,.3,.3,,7,,6.5
156,堡林,2023-01-06 18:00,6.5,,.7,180,65,1011,1019.7,0,.08,,4,,3.9
156,堡林,2023-01-06 19:00,6.3,,.5,180,67,1010.3,1019,,,,4,,3.4
156,堡林,2023-01-06 20:00,5.7,,.8,230,77,1010.1,1018.8,,,,10,,4
156,堡林,2023-01-06 21:00,4.8,.5,.7,140,92,1009.2,1017.9,,,,10,,3.9
156,堡林,2023-01-06 22:00,4.3,,1.3,180,94,1009.4,1018.1,,,,10,,3.3
156,堡林,2023-01-06 23:00,4.9,,1,250,94,1008.9,1017.6,,,,9,,3.6
156,堡林,2023-01-07 00:00,5.4,1.9,2.4,270,95,1009,1017.7,,,,10,,3.6
156,堡林,2023-01-07 01:00,5.2,,1.6,290,87,1009.2,1017.9,,,,8,,2.1
156,堡林,2023-01-07 02:00,4.7,,1.6,290,62,1009.5,1018.2,,,,4,,.9
156,堡林,2023-01-07 03:00,4.8,,1.2,290,56,1009.6,1018.3,,,,8,,1
156,堡林,2023-01-07 04:00,4.6,,1.7,270,58,1009.3,1018,,,,6,,.8
156,堡林,2023-01-07 05:00,4.7,,1.2,290,61,1009.6,1018.3,,,,9,,1.2
156,堡林,2023-01-07 06:00,4.8,,1.1,340,58,1010.3,1019,,,,8,,1.6
156,堡林,2023-01-07 07:00,4.9,,1,290,57,1011.1,1019.8,,,,9,,1.6
156,堡林,2023-01-07 08:00,4.8,,1,290,54,1011.9,1020.6,0,.07,,8,,1.6
156,堡林,2023-01-07 09:00,5,,1.8,340,54,1012.2,1020.9,0,.17,,7,,2.6
156,堡林,2023-01-07 10:00,5.4,,1.1,50,51,1012.7,1021.4,.1,.41,,7,,3.8
156,堡林,2023-01-07 11:00,5.8,,1.9,360,45,1013.2,1021.9,0,.52,,8,,4.9
156,堡林,2023-01-07 12:00,6,,2,20,45,1013,1021.7,0,.57,,8,,5.9
156,堡林,2023-01-07 13:00,6.5,,2.1,360,43,1012.5,1021.2,.2,.92,,8,,8.7
156,堡林,2023-01-07 14:00,6.3,,2,20,44,1012.6,1021.3,.3,.88,,7,,7.5
156,堡林,2023-01-07 15:00,7.3,,1.8,360,42,1012.3,1020.9,.8,1.24,,4,,11.4
156,堡林,2023-01-07 16:00,6.6,,1.3,340,45,1012.6,1021.3,1,1.13,,1,,7.9
156,堡林,2023-01-07 17:00,5.5,,1.1,360,48,1012.9,1021.6,.9,.51,,0,,3.5
156,堡林,2023-01-07 18:00,4.9,,1.6,20,50,1013.5,1022.3,0,.1,,0,,.9
156,堡林,2023-01-07 19:00,4.4,,1.3,50,52,1014.6,1023.4,,,,0,,-.3
156,堡林,2023-01-07 20:00,3.7,,.9,50,57,1015.1,1023.9,,,,0,,.2
156,堡林,2023-01-07 21:00,3,,.9,50,61,1015.3,1024.1,,,,0,,.2
156,堡林,2023-01-07 22:00,2.1,,.6,70,66,1015.6,1024.5,,,,0,,-.1
156,堡林,2023-01-07 23:00,2.2,,.3,0,69,1015.9,1024.8,,,,0,,-.5
156,堡林,2023-01-08 00:00,1.2,,.3,0,72,1016.3,1025.2,,,,0,,-.9
156,堡林,2023-01-08 01:00,.9,,.7,230,82,1015.9,1024.8,,,,0,,-1.2
156,堡林,2023-01-08 02:00,.4,,.5,290,84,1016.5,1025.4,,,,0,,-1.5
156,堡林,2023-01-08 03:00,-.3,,.7,70,88,1017,1025.9,,,,0,,-1.9
156,堡林,2023-01-08 04:00,-.7,,0,0,91,1017.1,1026.1,,,,0,,-2.3
156,堡林,2023-01-08 05:00,-.8,,.6,50,91,1016.9,1025.9,,,,0,,-2.6
156,堡林,2023-01-08 06:00,-1.1,,.3,0,91,1016.7,1025.7,,,,0,,-2.9
156,堡林,2023-01-08 07:00,-1.6,,.4,0,91,1016.6,1025.6,,,,0,,-3.2
156,堡林,2023-01-08 08:00,-2.2,,.1,0,92,1018,1027,0,.07,,0,,-3.3
156,堡林,2023-01-08 09:00,-.4,,.7,70,91,1018.8,1027.8,.6,.46,,0,,-.9
156,堡林,2023-01-08 10:00,2.4,,.2,0,70,1018.4,1027.3,1,1.12,,0,,.9
156,堡林,2023-01-08 11:00,3.5,,.8,290,67,1018,1026.8,1,1.43,,0,,4.1
156,堡林,2023-01-08 12:00,5.4,,1,250,59,1017.3,1026.1,1,1.76,,0,,9
156,堡林,2023-01-08 13:00,6.5,,1.3,250,51,1016.9,1025.6,1,1.88,,0,,14.2
156,堡林,2023-01-08 14:00,7.8,,1.3,270,39,1016,1024.7,1,1.76,,0,,15.1
156,堡林,2023-01-08 15:00,8.4,,.2,0,34,1015.7,1024.3,1,1.43,,0,,13.7
156,堡林,2023-01-08 16:00,8.7,,.1,0,34,1015.5,1024.1,1,.97,,0,,9.8
156,堡林,2023-01-08 17:00,7.9,,.2,0,38,1015.5,1024.1,.7,.44,,0,,5.5
156,堡林,2023-01-08 18:00,7,,.5,90,41,1015.8,1024.5,0,.1,,0,,2
156,堡林,2023-01-08 19:00,6,,.9,90,44,1016.3,1025,,,,0,,.5
156,堡林,2023-01-08 20:00,5,,.3,0,48,1016.6,1025.4,,,,0,,-.4
156,堡林,2023-01-08 21:00,4.4,,1.2,70,56,1016.5,1025.3,,,,0,,-1
156,堡林,2023-01-08 22:00,3.6,,.3,0,56,1016.4,1025.2,,,,0,,.2
156,堡林,2023-01-08 23:00,3.3,,0,0,62,1016.3,1025.1,,,,0,,.2
156,堡林,2023-01-09 00:00,2.3,,0,0,71,1016.1,1024.9,,,,0,,0
156,堡林,2023-01-09 01:00,1.6,,.3,0,73,1015.8,1024.7,,,,0,,-.2
156,堡林,2023-01-09 02:00,1.3,,0,0,77,1015.8,1024.7,,,,0,,-.4
156,堡林,2023-01-09 03:00,1,,0,0,80,1015.7,1024.6,,,,0,,-.7
156,堡林,2023-01-09 04:00,.8,,0,0,80,1015.3,1024.2,,,,0,,-.9
156,堡林,2023-01-09 05:00,.8,,0,0,80,1014.9,1023.8,,,,9,,-.4
156,堡林,2023-01-09 06:00,1.1,,0,0,79,1014.9,1023.8,,,,7,,-.1
156,堡林,2023-01-09 07:00,1.4,,0,0,78,1014.9,1023.8,,,,6,,-.1
156,堡林,2023-01-09 08:00,2,,0,0,77,1014.9,1023.8,0,.07,,10,,.1
156,堡林,2023-01-09 09:00,2.8,,0,0,75,1015.1,1023.9,0,.14,,10,,.2
156,堡林,2023-01-09 10:00,3.8,,0,0,72,1015.6,1024.4,0,.3,,10,,.3
156,堡林,2023-01-09 11:00,4.8,,.2,0,70,1015.6,1024.3,0,.44,,9,,1.9
156,堡林,2023-01-09 12:00,7,,.1,0,62,1015,1023.7,.2,.93,,9,,9.6
156,堡林,2023-01-09 13:00,9.4,,.6,230,60,1014.1,1022.7,.4,1.34,,9,,13.8
156,堡林,2023-01-09 14:00,11.3,,1.2,270,60,1014,1022.5,.9,1.61,,8,,17.6
156,堡林,2023-01-09 15:00,10.1,,2.5,340,65,1014.2,1022.8,.8,1.32,,7,,15
156,堡林,2023-01-09 16:00,9,,1,340,58,1014.8,1023.4,1,1.04,,6,,11
156,堡林,2023-01-09 17:00,7.1,,1.4,20,61,1015.5,1024.2,1,.54,,2,,6.4
156,堡林,2023-01-09 18:00,5.8,,.9,360,60,1016.1,1024.8,.1,.11,,0,,2.8
156,堡林,2023-01-09 19:00,4.4,,1.3,20,48,1017.1,1025.9,,,,0,,.5
156,堡林,2023-01-09 20:00,3.2,,1.4,50,54,1017.8,1026.6,,,,0,,.2
156,堡林,2023-01-09 21:00,2.4,,.8,50,54,1018.2,1027.1,,,,0,,.3
156,堡林,2023-01-09 22:00,1.6,,1.1,70,65,1018.7,1027.6,,,,0,,-.1
156,堡林,2023-01-09 23:00,1.3,,1.4,70,72,1019.1,1028,,,,0,,-.8
156,堡林,2023-01-10 00:00,.9,,1.4,50,71,1019.2,1028.1,,,,0,,-1.4
156,堡林,2023-01-10 01:00,.3,,1.6,70,72,1019.4,1028.4,,,,0,,-1.9
156,堡林,2023-01-10 02:00,-.4,,1.2,50,69,1019.6,1028.6,,,,0,,-2.5
156,堡林,2023-01-10 03:00,-.8,,1.6,70,70,1019.7,1028.7,,,,0,,-3.1
156,堡林,2023-01-10 04:00,-1.2,,.6,20,72,1019.8,1028.8,,,,0,,-3.6
156,堡林,2023-01-10 05:00,-1.6,,.7,90,74,1019.5,1028.5,,,,0,,-4.1
156,堡林,2023-01-10 06:00,-1.6,,.2,0,79,1019.7,1028.7,,,,0,,-4.5
156,堡林,2023-01-10 07:00,-2.1,,.9,50,82,1020.5,1029.5,,,,0,,-4.7
156,堡林,2023-01-10 08:00,-2,,.6,70,84,1020.9,1029.9,0,.06,,0,,-4.8
156,堡林,2023-01-10 09:00,-.8,,0,0,77,1021.5,1030.5,.8,.51,,0,,-2
156,堡林,2023-01-10 10:00,1.1,,.4,0,60,1021.8,1030.7,1,1.21,,0,,.4
156,堡林,2023-01-10 11:00,3.6,,.9,70,49,1021.5,1030.3,1,1.65,,0,,5.4
156,堡林,2023-01-10 12:00,6.2,,.2,0,42,1020.3,1029.1,1,1.97,,0,,11.1
156,堡林,2023-01-10 13:00,7.5,,1,270,37,1019.5,1028.2,1,2.12,,0,,15.2
156,堡林,2023-01-10 14:00,9.5,,.6,320,33,1018.8,1027.4,1,2.02,,0,,17.1
156,堡林,2023-01-10 15:00,10.2,,.5,320,33,1018.6,1027.2,1,1.66,,0,,16.4
156,堡林,2023-01-10 16:00,10.8,,.2,0,36,1018.4,1027,1,.96,,5,,11.3
156,堡林,2023-01-10 17:00,9.8,,.5,230,39,1018.3,1026.9,.4,.47,,7,,7.2
156,堡林,2023-01-10 18:00,8.7,,.7,230,44,1018.4,1027,0,.1,,6,,3.8
156,堡林,2023-01-10 19:00,7.7,,.3,0,47,1019,1027.7,,,,7,,2.6
156,堡林,2023-01-10 20:00,6.9,,.1,0,51,1019.3,1028,,,,5,,.8
156,堡林,2023-01-10 21:00,5.6,,1.1,70,58,1019,1027.8,,,,6,,-.5
156,堡林,2023-01-10 22:00,4.7,,.4,0,65,1019.3,1028.1,,,,5,,.1
156,堡林,2023-01-10 23:00,3.7,,.4,0,70,1019.3,1028.1,,,,5,,.3
156,堡林,2023-01-11 00:00,3,,.7,290,74,1019,1027.8,,,,6,,.2
156,堡林,2023-01-11 01:00,2.3,,.3,0,80,1018.8,1027.7,,,,4,,.1
156,堡林,2023-01-11 02:00,2.1,,.4,0,81,1018.8,1027.7,,,,0,,-.2
156,堡林,2023-01-11 03:00,1.4,,0,0,85,1018.9,1027.8,,,,6,,-.5
156,堡林,2023-01-11 04:00,.9,,.3,0,89,1018.6,1027.5,,,,4,,-.7
156,堡林,2023-01-11 05:00,.3,,.4,0,90,1018.6,1027.5,,,,0,,-1
156,堡林,2023-01-11 06:00,.3,,.5,320,89,1018.6,1027.5,,,,0,,-1.3
156,堡林,2023-01-11 07:00,0,,0,0,91,1018.7,1027.7,,,,0,,-1.6
156,堡林,2023-01-11 08:00,.1,,0,0,91,1018.7,1027.7,0,.07,,0,,-1.7
156,堡林,2023-01-11 09:00,1.2,,0,0,89,1019.2,1028.1,.3,.31,,4,,-.3
156,堡林,2023-01-11 10:00,3.6,,0,0,76,1019.2,1028,1,.92,,0,,.6
156,堡林,2023-01-11 11:00,5.5,,.4,0,69,1019.2,1028,1,1.48,,0,,5.7
156,堡林,2023-01-11 12:00,8,,.2,0,55,1018.3,1027,1,1.84,,0,,14.7
156,堡林,2023-01-11 13:00,10.7,,.8,230,44,1017.4,1026,1,2.06,,0,,18.8
156,堡林,2023-01-11 14:00,12,,1.3,250,30,1016.8,1025.3,1,1.96,,0,,19.2
156,堡林,2023-01-11 15:00,12.4,,1.3,270,33,1016.4,1024.9,1,1.64,,0,,17.8
156,堡林,2023-01-11 16:00,12.7,,1,250,32,1015.9,1024.4,1,1.15,,0,,13.4
156,堡林,2023-01-11 17:00,11.8,,.1,0,37,1015.7,1024.2,1,.52,,0,,7.5
156,堡林,2023-01-11 18:00,10.1,,0,0,41,1015.9,1024.5,.3,.12,,0,,3.8
156,堡林,2023-01-11 19:00,8.2,,.9,160,48,1016.1,1024.7,,,,0,,1.9
156,堡林,2023-01-11 20:00,7.6,,.6,160,51,1016.4,1025.1,,,,0,,.7
156,堡林,2023-01-11 21:00,6.5,,.9,90,54,1016.3,1025,,,,0,,-.1
156,堡林,2023-01-11 22:00,5.4,,.2,0,63,1016.4,1025.2,,,,0,,-.9
156,堡林,2023-01-11 23:00,4.9,,0,0,66,1016.2,1025,,,,0,,.3
156,堡林,2023-01-12 00:00,4.2,,0,0,71,1016.1,1024.9,,,,0,,.2
156,堡林,2023-01-12 01:00,3,,0,0,75,1016,1024.8,,,,0,,.1
156,堡林,2023-01-12 02:00,2.5,,.3,0,81,1016.3,1025.1,,,,0,,-.2
156,堡林,2023-01-12 03:00,2,,0,0,80,1016.1,1025,,,,0,,-.5
156,堡林,2023-01-12 04:00,1.5,,.3,0,81,1016,1024.9,,,,0,,-.9
156,堡林,2023-01-12 05:00,.8,,0,0,80,1016.1,1025,,,,0,,-1.2
156,堡林,2023-01-12 06:00,1,,.1,0,83,1015.8,1024.7,,,,0,,-1.4
156,堡林,2023-01-12 07:00,1,,0,0,83,1015.9,1024.8,,,,0,,-1.7
156,堡林,2023-01-12 08:00,1,,.1,0,82,1015.9,1024.8,0,.07,,0,,-1.7
156,堡林,2023-01-12 09:00,2.8,,.3,0,75,1015.8,1024.6,.8,.41,,0,,-.3
156,堡林,2023-01-12 10:00,5.3,,.9,270,61,1015.9,1024.7,1,1.05,,0,,1.3
156,堡林,2023-01-12 11:00,9.1,,.4,0,47,1015.5,1024.1,1,1.6,,0,,9.8
156,堡林,2023-01-12 12:00,11.6,,.5,270,40,1015.1,1023.6,1,1.91,,0,,17.2
156,堡林,2023-01-12 13:00,14.5,,.2,0,40,1013.6,1022,1,2.07,,0,,20.8
156,堡林,2023-01-12 14:00,15.7,,.5,50,45,1012.5,1020.9,.8,1.7,,8,,19.2
156,堡林,2023-01-12 15:00,16.3,,.8,230,47,1012,1020.3,.3,1.02,,9,,16.4
156,堡林,2023-01-12 16:00,16.3,,.1,0,49,1011.6,1019.9,0,.59,,9,,14.8
156,堡林,2023-01-12 17:00,15.2,,1,200,56,1011.5,1019.9,0,.32,,8,,12.3
156,堡林,2023-01-12 18:00,14.4,0,1.9,180,64,1011.3,1019.7,0,.09,,10,,10.1
156,堡林,2023-01-12 19:00,14,,.5,290,72,1011.3,1019.7,,,,5,,9.3
156,堡林,2023-01-12 20:00,14,,.9,340,76,1010.9,1019.3,,,,8,,9.3
156,堡林,2023-01-12 21:00,13.6,0,.5,200,85,1010.7,1019.1,,,,7,,9.4
156,堡林,2023-01-12 22:00,13.8,,1.9,200,91,1010.1,1018.5,,,,7,,9.9
156,堡林,2023-01-12 23:00,13.7,,2.5,230,93,1009.5,1017.9,,,,10,,10.2
156,堡林,2023-01-13 00:00,14.4,.1,2.8,180,92,1008.5,1016.9,,,,10,,10.5
156,堡林,2023-01-13 01:00,14.6,,2.4,180,94,1007.9,1016.2,,,,7,,11.1
156,堡林,2023-01-13 02:00,15.1,,2,180,93,1007.3,1015.7,,,,10,,11.5
156,堡林,2023-01-13 03:00,14.8,2.1,2.1,200,95,1006.6,1014.9,,,,10,,12
156,堡林,2023-01-13 04:00,15.1,,3.2,180,96,1005.1,1013.4,,,,10,,12.5
156,堡林,2023-01-13 05:00,15.3,,3.3,180,96,1003.8,1012.1,,,,10,,12.9
156,堡林,2023-01-13 06:00,15.1,12.4,1.7,200,96,1003.7,1012,,,,10,,13.1
156,堡林,2023-01-13 07:00,15.3,,1.5,250,96,1003.5,1011.8,,,,10,,13
156,堡林,2023-01-13 08:00,15.3,,.6,230,96,1003,1011.3,0,.06,,10,,13.1
156,堡林,2023-01-13 09:00,15.6,7.2,.9,250,96,1002.8,1011.1,0,.09,,10,,13.4
156,堡林,2023-01-13 10:00,15.9,,2.7,230,96,1002.8,1011.1,0,.17,,10,,14.5
156,堡林,2023-01-13 11:00,15.9,,1.7,270,96,1002.8,1011.1,0,.27,,10,,15
156,堡林,2023-01-13 12:00,15.1,2.5,2.3,270,96,1002.5,1010.8,0,.21,,10,,14.6
156,堡林,2023-01-13 13:00,15.1,,.6,250,96,1001.8,1010.1,0,.48,,10,,16.4
156,堡林,2023-01-13 14:00,15.7,,1.1,270,96,1001.6,1009.9,0,.42,,10,,16.5
156,堡林,2023-01-13 15:00,15.1,,1.2,230,96,1001.8,1010.1,0,.43,,10,,16.1
156,堡林,2023-01-13 16:00,15,,1.4,230,96,1002.1,1010.4,0,.25,,10,,14.9
156,堡林,2023-01-13 17:00,14.7,,.9,250,96,1002.2,1010.5,0,.17,,10,,13.9
156,堡林,2023-01-13 18:00,14.4,,1.2,250,96,1002.6,1010.9,0,.08,,10,,13
156,堡林,2023-01-13 19:00,13.6,,.8,270,96,1003.4,1011.8,,,,9,,12.5
156,堡林,2023-01-13 20:00,13,,.9,270,96,1003.6,1012,,,,8,,12
156,堡林,2023-01-13 21:00,12.8,,.2,0,96,1003.5,1011.9,,,,9,,11.7
156,堡林,2023-01-13 22:00,12.5,,.5,270,96,1003.4,1011.8,,,,10,,11.3
156,堡林,2023-01-13 23:00,12,,.4,0,96,1003.4,1011.8,,,,10,,11.2
156,堡林,2023-01-14 00:00,11.5,,.7,270,96,1003.7,1012.1,,,,9,,11
156,堡林,2023-01-14 01:00,10.3,,.2,0,96,1003.5,1012,,,,10,,10.5
156,堡林,2023-01-14 02:00,9.7,,1,270,96,1003.7,1012.2,,,,9,,9.9
156,堡林,2023-01-14 03:00,9.5,,.7,270,96,1003.3,1011.8,,,,9,,9.5
156,堡林,2023-01-14 04:00,9.4,,0,0,96,1002.7,1011.2,,,,9,,9.3
156,堡林,2023-01-14 05:00,9.1,,.5,270,96,1002.4,1010.9,,,,8,,9.2
156,堡林,2023-01-14 06:00,8.9,,.3,0,96,1003.1,1011.6,,,,9,,8.9
156,堡林,2023-01-14 07:00,9,,.3,0,96,1003.5,1012,,,,9,,8.8
156,堡林,2023-01-14 08:00,8.6,,.5,290,96,1004.2,1012.7,0,.06,,10,,8.7
156,堡林,2023-01-14 09:00,9,0,.4,0,95,1004.6,1013.1,0,.14,,10,,9.4
156,堡林,2023-01-14 10:00,9.1,,.7,360,94,1005.2,1013.7,0,.21,,10,,9.8
156,堡林,2023-01-14 11:00,8.9,,.6,20,94,1005.1,1013.6,0,.25,,10,,10.4
156,堡林,2023-01-14 12:00,9.4,,.8,340,93,1004.6,1013.1,0,.51,,9,,12.1
156,堡林,2023-01-14 13:00,9.7,,.5,290,91,1003.8,1012.3,0,.59,,9,,13.3
156,堡林,2023-01-14 14:00,9.8,,1.6,320,89,1003.8,1012.3,0,.64,,9,,12.9
156,堡林,2023-01-14 15:00,9.3,,1.4,320,91,1003.3,1011.8,0,.38,,10,,11.6
156,堡林,2023-01-14 16:00,9.1,,1.4,290,91,1004.5,1013,0,.24,,10,,10.2
156,堡林,2023-01-14 17:00,7.8,,1.4,320,93,1005.3,1013.9,0,.14,,10,,9.1
156,堡林,2023-01-14 18:00,6.9,,.7,290,94,1005.9,1014.5,0,.07,,10,,8
156,堡林,2023-01-14 19:00,6.3,,1.6,290,94,1007.2,1015.8,,,,9,,7.4
156,堡林,2023-01-14 20:00,5.9,,1.9,270,93,1007.8,1016.5,,,,10,,6.9
156,堡林,2023-01-14 21:00,5.6,,1.6,290,93,1008.3,1017,,,,10,,6.5
156,堡林,2023-01-14 22:00,5.5,,.1,0,93,1007.7,1016.4,,,,10,,6.3
156,堡林,2023-01-14 23:00,5.5,,.8,290,93,1008.5,1017.2,,,,10,,6.3
156,堡林,2023-01-15 00:00,5.6,,.2,0,94,1007.9,1016.6,,,,10,,6.3
156,堡林,2023-01-15 01:00,5.1,,2,320,94,1009.1,1017.8,,,,7,,6
156,堡林,2023-01-15 02:00,4.8,,.7,290,94,1009.1,1017.8,,,,10,,5.7
156,堡林,2023-01-15 03:00,4.6,0,1.2,320,95,1009.6,1018.3,,,,10,,5.4
156,堡林,2023-01-15 04:00,4.5,,.9,340,94,1009.7,1018.4,,,,10,,5.3
156,堡林,2023-01-15 05:00,4.1,,1,320,94,1009.2,1017.9,,,,10,,5
156,堡林,2023-01-15 06:00,3.6,0,1,290,94,1009,1017.7,,,,10,,4.7
156,堡林,2023-01-15 07:00,2.7,,1.4,340,94,1010.4,1019.2,,,,10,,4
156,堡林,2023-01-15 08:00,2.5,,.9,340,92,1010.4,1019.2,0,.06,,10,,3.6
156,堡林,2023-01-15 09:00,2.2,0,1.5,290,88,1011.1,1019.9,0,.08,,10,,3.3
156,堡林,2023-01-15 10:00,2.1,,1.7,360,79,1010.7,1019.5,0,.21,,10,,3.9
156,堡林,2023-01-15 11:00,2.3,,1.4,360,77,1011.7,1020.5,0,.4,,10,,5.2
156,堡林,2023-01-15 12:00,2,,1.1,360,76,1011.2,1020,0,.36,,10,,4.6
156,堡林,2023-01-15 13:00,1.9,,1.6,360,71,1009.6,1018.4,0,.44,,10,,5.6
156,堡林,2023-01-15 14:00,1.8,,1.7,360,67,1009.2,1018,0,.59,,10,,5.5
156,堡林,2023-01-15 15:00,1.9,,1.7,50,68,1010,1018.8,0,.36,,10,,4.5
156,堡林,2023-01-15 16:00,1.4,,2.3,20,66,1009.9,1018.7,0,.21,,9,,3.2
156,堡林,2023-01-15 17:00,1.1,,1.9,360,63,1010.2,1019,0,.22,,9,,2.2
156,堡林,2023-01-15 18:00,1,,1.9,50,61,1011.6,1020.5,0,.1,,10,,1.4
156,堡林,2023-01-15 19:00,.6,,3.4,50,61,1012.4,1021.3,,,,10,,.8
156,堡林,2023-01-15 20:00,.5,,2.8,50,55,1012.3,1021.2,,,,10,,.4
156,堡林,2023-01-15 21:00,.2,,2.2,50,57,1012,1020.9,,,,9,,.3
156,堡林,2023-01-15 22:00,0,,1.5,20,57,1012.4,1021.3,,,,10,,.3
156,堡林,2023-01-15 23:00,0,,2,20,56,1013.1,1022,,,,2,,.2
156,堡林,2023-01-16 00:00,-.1,,1.4,20,56,1012.8,1021.7,,,,10,,.2
156,堡林,2023-01-16 01:00,-.2,,2.6,50,56,1012.8,1021.7,,,,0,,.2
156,堡林,2023-01-16 02:00,-.3,,2.1,20,55,1013.1,1022,,,,0,,.2
156,堡林,2023-01-16 03:00,-.4,,3.1,50,57,1013.5,1022.4,,,,8,,.1
156,堡林,2023-01-16 04:00,-.7,,3.5,50,58,1013.9,1022.8,,,,9,,.1
156,堡林,2023-01-16 05:00,-1,,2.2,50,59,1014.1,1023,,,,9,,0
156,堡林,2023-01-16 06:00,-1.3,,3.1,50,58,1014.6,1023.6,,,,8,,-.2
156,堡林,2023-01-16 07:00,-1.6,,3,50,58,1015.5,1024.5,,,,7,,-.5
156,堡林,2023-01-16 08:00,-2,,2.1,50,60,1016,1025,0,.07,,4,,-1
156,堡林,2023-01-16 09:00,-1.1,,1.2,50,54,1016.7,1025.7,.6,.43,,7,,.1
156,堡林,2023-01-16 10:00,-.9,,2,20,54,1017.5,1026.5,.9,.95,,5,,.7
156,堡林,2023-01-16 11:00,-.6,,1.6,20,51,1017.5,1026.5,.9,1.37,,5,,1.3
156,堡林,2023-01-16 12:00,.5,,2.1,360,47,1017.1,1026,1,2.06,,2,,11.4
156,堡林,2023-01-16 13:00,1.1,,2.4,20,45,1016.9,1025.8,1,2.24,,3,,14.7
156,堡林,2023-01-16 14:00,1.4,,2,360,44,1016.5,1025.4,1,2.29,,2,,15.3
156,堡林,2023-01-16 15:00,1.3,,2.6,340,44,1015.9,1024.8,1,1.83,,0,,13.1
156,堡林,2023-01-16 16:00,1,,2.4,20,42,1016.1,1025,1,1.38,,0,,8.3
156,堡林,2023-01-16 17:00,.2,,2.1,50,46,1016.7,1025.6,1,.71,,0,,1.9
156,堡林,2023-01-16 18:00,-.8,,2,50,49,1017.4,1026.4,.4,.16,,0,,.2
156,堡林,2023-01-16 19:00,-1.6,,.9,20,55,1018,1027,,,,0,,-.2
156,堡林,2023-01-16 20:00,-2.3,,2.2,50,55,1017.8,1026.8,,,,0,,-.9
156,堡林,2023-01-16 21:00,-2.4,,1.4,50,58,1018.2,1027.2,,,,0,,-1.5
156,堡林,2023-01-16 22:00,-3.1,,1.2,70,64,1017.9,1027,,,,5,,-2
156,堡林,2023-01-16 23:00,-3.4,,1.6,70,66,1017.5,1026.6,,,,0,,-2.6
156,堡林,2023-01-17 00:00,-3.7,,1.3,70,65,1017.8,1026.9,,,,0,,-2.8
156,堡林,2023-01-17 01:00,-3.5,,.8,50,62,1018.3,1027.4,,,,5,,-3
156,堡林,2023-01-17 02:00,-3.7,,.4,0,63,1018.9,1028,,,,5,,-3.5
156,堡林,2023-01-17 03:00,-3.8,,.7,90,61,1019.9,1029,,,,6,,-3.6
156,堡林,2023-01-17 04:00,-3.7,,1,70,58,1019.6,1028.7,,,,4,,-3.8
156,堡林,2023-01-17 05:00,-3.7,,3.1,70,64,1017.7,1026.8,,,,0,,-4.3
156,堡林,2023-01-17 06:00,-4.2,,2.5,70,66,1017.9,1027,,,,0,,-4.5
156,堡林,2023-01-17 07:00,-4.1,,1.1,70,66,1018.7,1027.8,,,,2,,-4.7
156,堡林,2023-01-17 08:00,-4.6,,1.7,70,67,1018.8,1027.9,0,.07,,1,,-4.9
156,堡林,2023-01-17 09:00,-2.8,,2.6,70,60,1019,1028.1,.7,.38,,4,,-2.4
156,堡林,2023-01-17 10:00,-1.1,,1.4,70,49,1019.4,1028.4,1,1.05,,4,,.4
156,堡林,2023-01-17 11:00,.5,,1.3,70,44,1018.6,1027.5,1,1.62,,2,,4
156,堡林,2023-01-17 12:00,2,,1.3,20,35,1018.3,1027.2,1,1.75,,8,,7.5
156,堡林,2023-01-17 13:00,2.5,,1.6,20,31,1017.1,1026,.5,1.78,,8,,11.4
156,堡林,2023-01-17 14:00,3.7,,1.9,20,33,1016.7,1025.5,1,2.15,,3,,13.9
156,堡林,2023-01-17 15:00,4,,2.5,50,32,1016.7,1025.5,1,1.86,,0,,13.2
156,堡林,2023-01-17 16:00,3.3,,2.2,340,37,1016.5,1025.3,1,1.33,,0,,8.8
156,堡林,2023-01-17 17:00,2.6,,1.5,360,40,1016.8,1025.6,1,.68,,0,,2.3
156,堡林,2023-01-17 18:00,1.8,,1.8,50,45,1017.1,1026,.2,.14,,0,,.2
156,堡林,2023-01-17 19:00,.8,,1.3,50,49,1017.6,1026.5,,,,0,,0
156,堡林,2023-01-17 20:00,.1,,1.2,50,53,1017.5,1026.4,,,,1,,-.2
156,堡林,2023-01-17 21:00,.4,,.7,50,54,1017.8,1026.7,,,,0,,-.7
156,堡林,2023-01-17 22:00,-.5,,.9,50,61,1017.9,1026.9,,,,0,,-1.2
156,堡林,2023-01-17 23:00,-.8,,.3,0,62,1018.2,1027.2,,,,0,,-1.6
156,堡林,2023-01-18 00:00,-.7,,.2,0,64,1018.6,1027.6,,,,0,,-2
156,堡林,2023-01-18 01:00,-1.1,,0,0,68,1018.3,1027.3,,,,0,,-2.4
156,堡林,2023-01-18 02:00,-1.3,,0,0,68,1018.5,1027.5,,,,0,,-2.7
156,堡林,2023-01-18 03:00,-1.6,,0,0,73,1018.4,1027.4,,,,0,,-3
156,堡林,2023-01-18 04:00,-2.1,,0,0,78,1018.4,1027.4,,,,0,,-3.3
156,堡林,2023-01-18 05:00,-2.5,,.3,0,81,1017.6,1026.6,,,,6,,-3.4
156,堡林,2023-01-18 06:00,-2.4,,0,0,82,1017.8,1026.8,,,,0,,-3.7
156,堡林,2023-01-18 07:00,-2.7,,.8,50,83,1018.2,1027.2,,,,0,,-3.9
156,堡林,2023-01-18 08:00,-2.3,,.2,0,83,1018.5,1027.5,0,.08,,7,,-3
156,堡林,2023-01-18 09:00,-1.2,,0,0,78,1019.1,1028.1,0,.31,,4,,-1.1
156,堡林,2023-01-18 10:00,-.2,,.3,0,75,1019.3,1028.3,.9,.8,,3,,.2
156,堡林,2023-01-18 11:00,2,,.4,0,64,1019.1,1028,1,1.34,,5,,2.9
156,堡林,2023-01-18 12:00,3,,1.2,250,60,1018,1026.8,.2,1.24,,7,,3.7
156,堡林,2023-01-18 13:00,3.9,,1.3,250,56,1017.2,1026,.2,1.28,,8,,9.6
156,堡林,2023-01-18 14:00,4.9,,.9,250,53,1016.7,1025.5,.7,1.49,,7,,11.2
156,堡林,2023-01-18 15:00,4.4,,1,340,52,1016.6,1025.4,.7,1.26,,8,,8.4
156,堡林,2023-01-18 16:00,4.6,,1,290,51,1016.5,1025.3,.9,1,,7,,8.4
156,堡林,2023-01-18 17:00,4.1,,1,320,56,1016.6,1025.4,.9,.57,,5,,3.8
156,堡林,2023-01-18 18:00,3.3,,.9,20,55,1016.7,1025.5,.2,.17,,4,,1
156,堡林,2023-01-18 19:00,2.5,,.6,50,59,1017,1025.8,,,,0,,.1
156,堡林,2023-01-18 20:00,2,,.8,50,61,1017.1,1026,,,,1,,0
156,堡林,2023-01-18 21:00,1.8,,.7,70,66,1017.4,1026.3,,,,9,,.1
156,堡林,2023-01-18 22:00,1.4,,0,0,68,1017.4,1026.3,,,,0,,-.1
156,堡林,2023-01-18 23:00,.7,,0,0,72,1017.5,1026.4,,,,0,,-.5
156,堡林,2023-01-19 00:00,0,,0,0,78,1017.7,1026.7,,,,4,,-1
156,堡林,2023-01-19 01:00,-.6,,.1,0,84,1017.5,1026.5,,,,0,,-1.5
156,堡林,2023-01-19 02:00,-1,,0,0,87,1017.7,1026.7,,,,0,,-2.1
156,堡林,2023-01-19 03:00,-1.4,,0,0,90,1017.6,1026.6,,,,0,,-2.5
156,堡林,2023-01-19 04:00,-1.2,,0,0,91,1017,1026,,,,9,,-2.4
156,堡林,2023-01-19 05:00,-1.2,,0,0,90,1017.1,1026.1,,,,9,,-1.2
156,堡林,2023-01-19 06:00,-1.2,,0,0,91,1017.1,1026.1,,,,9,,-1.5
156,堡林,2023-01-19 07:00,-1.2,,.1,0,89,1017.4,1026.4,,,,9,,-1.2
156,堡林,2023-01-19 08:00,-1,,.2,0,86,1017.4,1026.4,0,.07,,7,,-1.8
156,堡林,2023-01-19 09:00,0,,.7,270,83,1017.4,1026.4,.5,.37,,2,,-.5
156,堡林,2023-01-19 10:00,.3,,.4,0,77,1018.5,1027.4,1,1.07,,2,,1.1
156,堡林,2023-01-19 11:00,3.1,,.8,270,71,1018.1,1026.9,.9,1.45,,2,,5.2
156,堡林,2023-01-19 12:00,4.2,,1.3,250,57,1017,1025.8,1,2,,3,,12.5
156,堡林,2023-01-19 13:00,4.5,,1.1,340,50,1015.8,1024.6,.8,1.76,,6,,11.4
156,堡林,2023-01-19 14:00,5.5,,.7,290,42,1015.1,1023.8,.2,.98,,4,,12.4
156,堡林,2023-01-19 15:00,6.6,,3.2,270,35,1014.4,1023.1,1,1.87,,3,,13.8
156,堡林,2023-01-19 16:00,6.1,,1.2,290,37,1014.4,1023.1,.9,1.13,,4,,8.5
156,堡林,2023-01-19 17:00,5.6,,.9,270,40,1014.6,1023.3,.2,.44,,3,,4.3
156,堡林,2023-01-19 18:00,5.2,,1.1,250,44,1014.7,1023.5,0,.12,,8,,3
156,堡林,2023-01-19 19:00,4.9,,1.6,230,46,1015,1023.8,,,,8,,2.4
156,堡林,2023-01-19 20:00,4.7,,1.1,230,49,1015.1,1023.8,,,,0,,1.8
156,堡林,2023-01-19 21:00,3.8,,1.1,230,52,1015.4,1024.2,,,,7,,-.4
156,堡林,2023-01-19 22:00,3.6,,1.3,180,53,1015.5,1024.3,,,,6,,.1
156,堡林,2023-01-19 23:00,3.6,,1.4,200,57,1015.6,1024.4,,,,7,,.1
156,堡林,2023-01-20 00:00,3.3,,.8,200,59,1015.7,1024.5,,,,6,,.1
156,堡林,2023-01-20 01:00,2.9,,1,200,63,1015.6,1024.4,,,,5,,-.1
156,堡林,2023-01-20 02:00,3.1,,.4,0,64,1015.5,1024.3,,,,10,,0
156,堡林,2023-01-20 03:00,2.7,,.9,230,70,1015.5,1024.3,,,,6,,-.3
156,堡林,2023-01-20 04:00,2.6,,1.2,320,71,1015.7,1024.5,,,,8,,0
156,堡林,2023-01-20 05:00,2.2,,.7,200,78,1015.6,1024.4,,,,0,,-.5
156,堡林,2023-01-20 06:00,2.8,,.5,270,70,1016.3,1025.1,,,,8,,-.2
156,堡林,2023-01-20 07:00,3,,.2,0,60,1016.8,1025.6,,,,9,,-1
156,堡林,2023-01-20 08:00,2.8,,.7,320,54,1017,1025.8,0,.07,,2,,-1.2
156,堡林,2023-01-20 09:00,3.8,,1,360,50,1017.9,1026.7,.2,.37,,2,,0
156,堡林,2023-01-20 10:00,4.2,,2.5,360,43,1018.9,1027.7,1,.96,,6,,1.1
156,堡林,2023-01-20 11:00,3.6,,2.9,340,40,1019.4,1028.2,.8,1.21,,7,,5.3
156,堡林,2023-01-20 12:00,1.6,0,4.1,50,54,1019.7,1028.6,.4,1.13,,10,,6.8
156,堡林,2023-01-20 13:00,2.3,,2.4,20,41,1019.6,1028.5,.7,1.66,,9,,10.7
156,堡林,2023-01-20 14:00,2.7,,2,20,34,1019.4,1028.3,.8,1.62,,7,,12.7
156,堡林,2023-01-20 15:00,1.3,0,2,360,38,1020.2,1029.1,.9,1.85,,4,,11.7
156,堡林,2023-01-20 16:00,1,,2.6,20,35,1020.6,1029.5,1,1.37,,0,,7.4
156,堡林,2023-01-20 17:00,-.2,,2,360,39,1020.2,1029.2,1,.75,,0,,.4
156,堡林,2023-01-20 18:00,-1.1,,2.3,50,41,1020.5,1029.5,.6,.18,,0,,-.3
156,堡林,2023-01-20 19:00,-1.7,,2.5,50,43,1021.6,1030.6,,,,0,,-1.5
156,堡林,2023-01-20 20:00,-2.1,,1.9,50,45,1022.5,1031.6,,,,0,,-2.3
156,堡林,2023-01-20 21:00,-2.3,,1.5,50,48,1022.7,1031.8,,,,6,,-2.8
156,堡林,2023-01-20 22:00,-2.4,,2.2,50,50,1022.8,1031.9,,,,7,,-3
156,堡林,2023-01-20 23:00,-2.9,,1.6,50,50,1022.8,1031.9,,,,9,,-3.6
156,堡林,2023-01-21 00:00,-3.2,,.5,70,52,1022.7,1031.8,,,,5,,-4.4
156,堡林,2023-01-21 01:00,-3.8,,1.7,50,54,1022.6,1031.7,,,,9,,-4.7
156,堡林,2023-01-21 02:00,-4.4,,1.6,50,56,1022.8,1031.9,,,,5,,-5.3
156,堡林,2023-01-21 03:00,-4.5,,2.2,70,56,1022.8,1032,,,,7,,-5.6
156,堡林,2023-01-21 04:00,-4.5,,3.1,70,59,1022.2,1031.3,,,,3,,-5.9
156,堡林,2023-01-21 05:00,-4.8,,2.8,70,61,1021.9,1031.1,,,,8,,-6
156,堡林,2023-01-21 06:00,-4.9,,2.9,70,61,1021.6,1030.8,,,,7,,-6.2
156,堡林,2023-01-21 07:00,-5,,2.7,70,60,1021.4,1030.6,,,,4,,-6.5
156,堡林,2023-01-21 08:00,-5.1,,2.4,70,60,1021.9,1031.1,0,.07,,4,,-6.3
156,堡林,2023-01-21 09:00,-3.3,,2.8,70,51,1022.5,1031.6,.7,.51,,8,,-2.2
156,堡林,2023-01-21 10:00,-1.7,,2.4,70,46,1023.1,1032.1,1,1,,7,,.4
156,堡林,2023-01-21 11:00,-.6,,1.5,70,43,1023,1032,1,1.59,,0,,5.6
156,堡林,2023-01-21 12:00,.9,,1.4,90,38,1022.4,1031.4,1,2.17,,0,,11.4
156,堡林,2023-01-21 13:00,2,,1.4,50,35,1021.3,1030.2,1,2.34,,0,,14.6
156,堡林,2023-01-21 14:00,3.5,,1.2,320,31,1020.7,1029.5,1,2.27,,0,,15.4
156,堡林,2023-01-21 15:00,4.1,,1.3,50,23,1020.2,1029,1,1.93,,0,,14.9
156,堡林,2023-01-21 16:00,4.3,,1.3,50,24,1019.5,1028.3,1,1.41,,0,,10.4
156,堡林,2023-01-21 17:00,3.3,,1.5,50,24,1019.5,1028.3,1,.74,,0,,2.2
156,堡林,2023-01-21 18:00,1.5,,1.9,70,29,1019.6,1028.5,.5,.17,,0,,.1
156,堡林,2023-01-21 19:00,1,,1.3,70,34,1019.4,1028.3,,,,0,,-.8
156,堡林,2023-01-21 20:00,-.3,,1.8,70,43,1020.4,1029.4,,,,0,,-1.6
156,堡林,2023-01-21 21:00,-.2,,.9,70,44,1020.4,1029.4,,,,6,,-1.7
156,堡林,2023-01-21 22:00,-.6,,1.3,50,44,1019.9,1028.9,,,,8,,-2.2
156,堡林,2023-01-21 23:00,-1,,1.3,70,45,1019.4,1028.4,,,,6,,-2.6
156,堡林,2023-01-22 00:00,-1,,2,90,44,1018.4,1027.4,,,,4,,-2.9
156,堡林,2023-01-22 01:00,-1.5,,0,0,46,1018,1027,,,,5,,-3.4
156,堡林,2023-01-22 02:00,-1.9,,0,0,47,1018.6,1027.6,,,,1,,-4.1
156,堡林,2023-01-22 03:00,-1.6,,0,0,47,1018.8,1027.8,,,,8,,-3.2
156,堡林,2023-01-22 04:00,-1.4,,0,0,48,1019.4,1028.4,,,,9,,-2.9
156,堡林,2023-01-22 05:00,-1.4,,0,0,48,1019.3,1028.3,,,,8,,-2.6
156,堡林,2023-01-22 06:00,-1.4,,.9,70,49,1018.9,1027.9,,,,9,,-2.2
156,堡林,2023-01-22 07:00,-.8,,2.5,50,40,1017.2,1026.2,,,,9,,-2.1
156,堡林,2023-01-22 08:00,-.7,,1.1,70,41,1018.3,1027.3,0,.07,,9,,-1.6
156,堡林,2023-01-22 09:00,0,,1.1,70,40,1018.8,1027.8,0,.21,,10,,-.2
156,堡林,2023-01-22 10:00,1.8,,.9,50,32,1018.3,1027.2,0,.43,,10,,.3
156,堡林,2023-01-22 11:00,3,,.8,70,29,1018.2,1027,0,.73,,10,,1.7
156,堡林,2023-01-22 12:00,4.5,,1,50,30,1017,1025.8,0,.78,,10,,3.2
156,堡林,2023-01-22 13:00,5.6,,1.5,50,29,1016,1024.7,0,.92,,10,,6.8
156,堡林,2023-01-22 14:00,6.1,,1.7,70,29,1015,1023.7,0,.89,,10,,8.1
156,堡林,2023-01-22 15:00,5.9,,2.8,70,30,1014.8,1023.5,0,.65,,10,,5.8
156,堡林,2023-01-22 16:00,6,,3,70,24,1014.7,1023.4,0,.28,,10,,4.9
156,堡林,2023-01-22 17:00,5.7,,2.3,70,24,1014.3,1023,0,.19,,10,,3.9
156,堡林,2023-01-22 18:00,5.3,,2.1,70,31,1014.3,1023,0,.11,,10,,2.5
156,堡林,2023-01-22 19:00,5.3,,1.4,70,37,1014.5,1023.2,,,,10,,2
156,堡林,2023-01-22 20:00,5.1,,1.5,70,37,1014.3,1023.1,,,,10,,2
156,堡林,2023-01-22 21:00,4.9,,1.7,70,40,1014.2,1023,,,,9,,1.8
156,堡林,2023-01-22 22:00,4.9,,1.4,90,42,1014.7,1023.5,,,,10,,1.7
156,堡林,2023-01-22 23:00,4.3,,1.2,70,40,1014.9,1023.7,,,,10,,1.3
156,堡林,2023-01-23 00:00,3.3,,1.5,70,43,1014.7,1023.5,,,,5,,-.1
156,堡林,2023-01-23 01:00,3.2,,.6,50,45,1015,1023.8,,,,5,,-.1
156,堡林,2023-01-23 02:00,2.1,,0,0,50,1015.1,1023.9,,,,3,,-.5
156,堡林,2023-01-23 03:00,1.6,,.5,90,54,1015.7,1024.6,,,,0,,-1.1
156,堡林,2023-01-23 04:00,1,,.5,290,58,1015.2,1024.1,,,,8,,-1.2
156,堡林,2023-01-23 05:00,.9,,0,0,60,1013.2,1022.1,,,,7,,-1.7
156,堡林,2023-01-23 06:00,-.3,,0,0,68,1012.9,1021.8,,,,0,,-2.4
156,堡林,2023-01-23 07:00,-.8,,1.4,270,72,1012.6,1021.5,,,,0,,-2.8
156,堡林,2023-01-23 08:00,-.9,,.6,50,74,1014.4,1023.3,0,.07,,0,,-2.8
156,堡林,2023-01-23 09:00,1.2,,0,0,68,1015.9,1024.8,.7,.44,,0,,-.7
156,堡林,2023-01-23 10:00,3.1,,.6,270,56,1016.3,1025.1,1,1.05,,0,,1.9
156,堡林,2023-01-23 11:00,6.1,,.6,290,48,1015.2,1023.9,1,1.61,,0,,8.9
156,堡林,2023-01-23 12:00,8,,2.5,50,43,1014.2,1022.8,1,2.03,,0,,16
156,堡林,2023-01-23 13:00,8.5,,2,50,39,1012.4,1021,1,2.14,,1,,18.8
156,堡林,2023-01-23 14:00,9.4,,1.2,20,35,1011.6,1020.2,1,2.1,,1,,19.5
156,堡林,2023-01-23 15:00,8.9,,1.7,340,31,1010.7,1019.3,.8,1.41,,9,,13.8
156,堡林,2023-01-23 16:00,7.5,,2,340,43,1011.5,1020.1,.1,.8,,8,,9.2
156,堡林,2023-01-23 17:00,5.6,,2.3,20,54,1012.1,1020.8,0,.47,,9,,5.9
156,堡林,2023-01-23 18:00,3.9,,1.9,50,64,1013.6,1022.4,0,.14,,9,,2.8
156,堡林,2023-01-23 19:00,3.2,,2.4,20,60,1014.5,1023.3,,,,10,,1.8
156,堡林,2023-01-23 20:00,2.5,,3,50,59,1014.8,1023.6,,,,10,,1.1
156,堡林,2023-01-23 21:00,2.1,,2.6,50,63,1015.4,1024.3,,,,10,,1.3
156,堡林,2023-01-23 22:00,1.6,,.9,340,62,1015.9,1024.8,,,,9,,1
156,堡林,2023-01-23 23:00,.9,,3.1,20,64,1016.6,1025.5,,,,10,,.7
156,堡林,2023-01-24 00:00,-.4,0,2,340,70,1016.8,1025.7,,,,10,,.3
156,堡林,2023-01-24 01:00,-1.3,,3.1,20,50,1016.9,1025.9,,,,10,,-.1
156,堡林,2023-01-24 02:00,-2.3,,3.6,20,42,1017.2,1026.2,,,,9,,-1
156,堡林,2023-01-24 03:00,-3.3,0,3.1,20,45,1017,1026.1,,,,10,,-2.2
156,堡林,2023-01-24 04:00,-4.2,,3.3,20,67,1016.8,1025.9,,,,10,,-1.8
156,堡林,2023-01-24 05:00,-4.5,,3.3,50,59,1017,1026.1,,,,10,,-2.2
156,堡林,2023-01-24 06:00,-5.9,0,2.9,20,70,1017.1,1026.2,,,.1,10,,-2.3
156,堡林,2023-01-24 07:00,-7.4,,3.5,20,76,1018,1027.2,,,.6,10,,-1.8
156,堡林,2023-01-24 08:00,-8,,3.3,20,69,1018.2,1027.4,0,.08,.8,9,,-1.7
156,堡林,2023-01-24 09:00,-8.4,.1,2.6,50,81,1018.5,1027.7,0,.2,1.5,9,,-1.2
156,堡林,2023-01-24 10:00,-8.9,,3.5,50,81,1018.8,1028.1,0,.34,2.3,9,,-.8
156,堡林,2023-01-24 11:00,-8.9,,4.4,50,64,1019.6,1028.9,0,.59,2.5,9,,-.5
156,堡林,2023-01-24 12:00,-8.5,0,2.8,50,59,1019.2,1028.5,0,.99,2.3,9,,-.3
156,堡林,2023-01-24 13:00,-8.1,,2.6,50,64,1018.2,1027.4,.1,1.31,2.4,9,,-.1
156,堡林,2023-01-24 14:00,-7.4,,1.9,20,50,1018.4,1027.6,.5,1.56,2.2,6,,0
156,堡林,2023-01-24 15:00,-7.9,0,2.4,50,46,1018.8,1028,.6,1.46,2,8,,0
156,堡林,2023-01-24 16:00,-8,,3.1,50,48,1019.5,1028.7,.9,1.16,1.8,8,,-.2
156,堡林,2023-01-24 17:00,-8.8,,3.5,50,53,1019.8,1029.1,.2,.5,1.8,6,,-.8
156,堡林,2023-01-24 18:00,-9.2,0,2.1,50,64,1020.5,1029.8,.1,.14,1.8,9,,-1
156,堡林,2023-01-24 19:00,-9.3,,3.2,50,72,1021.5,1030.8,,,1.9,8,,-1
156,堡林,2023-01-24 20:00,-9.5,,1.8,70,77,1021.9,1031.2,,,2,8,,-.9
156,堡林,2023-01-24 21:00,-8.8,0,2,50,78,1022.1,1031.4,,,2,6,,-1.1
156,堡林,2023-01-24 22:00,-9.7,,3.8,70,78,1022.6,1031.9,,,2,6,,-1.2
156,堡林,2023-01-24 23:00,-9.8,,3.2,50,72,1022.9,1032.2,,,2,6,,-1.3
156,堡林,2023-01-25 00:00,-9.9,0,3.5,50,65,1022.9,1032.2,,,2,2,,-1.7
156,堡林,2023-01-25 01:00,-10.2,,3.6,50,60,1023.1,1032.4,,,2,1,,-2
156,堡林,2023-01-25 02:00,-10.5,,3.1,50,55,1023.2,1032.6,,,2,0,,-2.3
156,堡林,2023-01-25 03:00,-10.8,,2.7,50,51,1023.7,1033.1,,,2,0,,-2.6
156,堡林,2023-01-25 04:00,-12,,1.6,70,53,1023.7,1033.1,,,2,0,,-3
156,堡林,2023-01-25 05:00,-12.4,,3,70,53,1023.6,1033,,,2,0,,-3.4
156,堡林,2023-01-25 06:00,-12.9,,3.7,70,52,1023.4,1032.9,,,2,0,,-3.7
156,堡林,2023-01-25 07:00,-13.3,,3.7,70,53,1023.7,1033.2,,,2,0,,-4
156,堡林,2023-01-25 08:00,-13.1,,2.5,70,51,1023.9,1033.4,0,.07,2,0,,-4.2
156,堡林,2023-01-25 09:00,-11.6,,2.2,70,40,1024.5,1033.9,.7,.52,2,0,,-3.7
156,堡林,2023-01-25 10:00,-10.1,,1.3,70,34,1025.1,1034.5,1,1.29,1.7,0,,-2
156,堡林,2023-01-25 11:00,-9.2,,1.1,70,31,1025.1,1034.4,1,1.89,1.5,0,,-.5
156,堡林,2023-01-25 12:00,-8,,1.1,250,28,1024.7,1034,1,2.3,1.3,0,,0
156,堡林,2023-01-25 13:00,-5.6,,1.3,50,23,1023,1032.2,1,2.48,1,0,,.2
156,堡林,2023-01-25 14:00,-3.9,,2.1,90,21,1021,1030.1,1,2.4,.8,0,,.2
156,堡林,2023-01-25 15:00,-3.1,,2.3,50,20,1020,1029.1,1,2.08,.5,0,,.4
156,堡林,2023-01-25 16:00,-2.6,,1.7,70,22,1019.4,1028.5,1,1.54,,0,,.3
156,堡林,2023-01-25 17:00,-3.2,,.8,270,27,1019.5,1028.6,1,.87,,0,,0
156,堡林,2023-01-25 18:00,-3.9,,.3,0,35,1019.2,1028.3,.5,.21,,0,,-.7
156,堡林,2023-01-25 19:00,-4.6,,1.1,50,39,1018.9,1028,,,,1,,-1.9
156,堡林,2023-01-25 20:00,-4.9,,.6,70,38,1019.2,1028.3,,,,0,,-3.1
156,堡林,2023-01-25 21:00,-5.4,,.9,270,52,1018.7,1027.8,,,,0,,-3.7
156,堡林,2023-01-25 22:00,-6.3,,.6,200,55,1018,1027.2,,,,2,,-4.2
156,堡林,2023-01-25 23:00,-6.9,,.5,290,61,1018.3,1027.5,,,,6,,-4.5
156,堡林,2023-01-26 00:00,-7.2,,0,0,65,1018.3,1027.5,,,,0,,-4.8
156,堡林,2023-01-26 01:00,-7.3,,.8,70,63,1018.6,1027.8,,,,10,,-4.5
156,堡林,2023-01-26 02:00,-6.4,,1,50,47,1018,1027.2,,,,10,,-3.3
156,堡林,2023-01-26 03:00,-6.8,,.2,0,53,1017.9,1027.1,,,,9,,-3.8
156,堡林,2023-01-26 04:00,-6.8,,.4,0,59,1017.9,1027.1,,,,9,,-3.2
156,堡林,2023-01-26 05:00,-6.7,,1.5,270,59,1016.9,1026.1,,,,9,,-2.8
156,堡林,2023-01-26 06:00,-6.2,,1.2,50,57,1016.1,1025.2,,,,9,,-2.7
156,堡林,2023-01-26 07:00,-5.6,,.4,0,51,1016.3,1025.4,,,,9,,-2.5
156,堡林,2023-01-26 08:00,-5.1,,.5,50,50,1016.7,1025.8,0,.07,,9,,-2.3
156,堡林,2023-01-26 09:00,-4.3,,.6,230,51,1016.9,1026,0,.15,,9,,-1.7
156,堡林,2023-01-26 10:00,-3.9,,.1,0,53,1016.8,1025.9,0,.28,,9,,-1.1
156,堡林,2023-01-26 11:00,-2.7,,.3,0,51,1016.7,1025.7,0,.46,,9,,-.3
156,堡林,2023-01-26 12:00,-2.2,,.3,0,53,1016.2,1025.2,0,.59,,9,,0
156,堡林,2023-01-26 13:00,-.8,,.5,360,53,1015.2,1024.1,0,.6,,9,,.1
156,堡林,2023-01-26 14:00,.1,,.6,290,51,1013.6,1022.5,0,.84,,9,,.4
156,堡林,2023-01-26 15:00,.2,,0,0,54,1013.9,1022.8,0,.32,,9,,.2
156,堡林,2023-01-26 16:00,.4,,.5,270,57,1013.5,1022.4,0,.17,,9,,.2
156,堡林,2023-01-26 17:00,0,,.7,20,62,1013.3,1022.2,0,.12,,10,,.1
156,堡林,2023-01-26 18:00,-1,0,.1,0,84,1013.6,1022.5,0,.07,,10,,.1
156,堡林,2023-01-26 19:00,-1,,.2,0,91,1013.6,1022.5,,,,10,,.1
156,堡林,2023-01-26 20:00,-.7,,.4,0,92,1014.7,1023.6,,,,10,,.1
156,堡林,2023-01-26 21:00,-.8,0,.1,0,91,1013.5,1022.4,,,,10,,0
156,堡林,2023-01-26 22:00,-.4,,.9,320,91,1013.8,1022.7,,,,10,,-.1
156,堡林,2023-01-26 23:00,-.6,,.4,0,91,1013.6,1022.5,,,,10,,-.2
156,堡林,2023-01-27 00:00,-.7,,1.1,50,91,1013.7,1022.6,,,,10,,-.3
156,堡林,2023-01-27 01:00,-.5,,3.7,50,69,1013.1,1022,,,,10,,-.7
156,堡林,2023-01-27 02:00,-1.4,,3.9,70,66,1012.9,1021.8,,,,6,,-1.2
156,堡林,2023-01-27 03:00,-2,,2.5,70,73,1013,1022,,,,6,,-2
156,堡林,2023-01-27 04:00,-2.4,,3,50,57,1012.5,1021.5,,,,0,,-2.6
156,堡林,2023-01-27 05:00,-2.9,,2.7,70,51,1012.1,1021.1,,,,0,,-3.2
156,堡林,2023-01-27 06:00,-3,,2.3,50,46,1013.2,1022.2,,,,0,,-3.6
156,堡林,2023-01-27 07:00,-3.8,,2.3,50,50,1013.5,1022.5,,,,0,,-4.1
156,堡林,2023-01-27 08:00,-4.1,,1.9,50,56,1013.8,1022.9,0,.09,,6,,-3.9
156,堡林,2023-01-27 09:00,-3,,1.6,50,56,1014.5,1023.5,.6,.4,,2,,-2.5
156,堡林,2023-01-27 10:00,-2.4,,2,20,63,1015.3,1024.3,.5,.65,,9,,-.4
156,堡林,2023-01-27 11:00,-2,,2.8,20,65,1015.3,1024.3,.4,1,,5,,.3
156,堡林,2023-01-27 12:00,-1.3,0,3.7,360,40,1014.5,1023.5,1,2.26,,7,,3.4
156,堡林,2023-01-27 13:00,-1,,3.8,50,35,1013.9,1022.8,1,2.21,,4,,6.6
156,堡林,2023-01-27 14:00,-1.3,,3.8,50,36,1013.7,1022.7,.9,2.05,,2,,8
156,堡林,2023-01-27 15:00,-1.2,,3.2,50,36,1013.6,1022.5,1,1.96,,0,,8.1
156,堡林,2023-01-27 16:00,-1.4,,3,20,40,1013.9,1022.9,1,1.48,,1,,5
156,堡林,2023-01-27 17:00,-2.2,,2.7,360,45,1014.2,1023.2,.9,.76,,1,,.1
156,堡林,2023-01-27 18:00,-3.2,,2.6,50,49,1014.7,1023.7,0,.16,,4,,-.7
156,堡林,2023-01-27 19:00,-3.7,,1.9,50,52,1015.1,1024.2,,,,4,,-1.4
156,堡林,2023-01-27 20:00,-4.2,,1.3,340,65,1015.6,1024.7,,,,7,,-1.7
156,堡林,2023-01-27 21:00,-4.4,0,.8,290,81,1015.6,1024.7,,,,9,,-1.5
156,堡林,2023-01-27 22:00,-4.2,,1.9,50,82,1015.4,1024.5,,,,6,,-1.5
156,堡林,2023-01-27 23:00,-4.3,,1.4,50,76,1015.1,1024.2,,,,6,,-2.1
156,堡林,2023-01-28 00:00,-4.3,0,1.9,50,68,1015.3,1024.4,,,,3,,-2.3
156,堡林,2023-01-28 01:00,-4.9,,3.6,50,63,1014.9,1024,,,,4,,-3.3
156,堡林,2023-01-28 02:00,-5.7,,2.2,70,63,1015.3,1024.4,,,,4,,-4.1
156,堡林,2023-01-28 03:00,-6.4,,2.8,70,63,1015.4,1024.5,,,,8,,-4.5
156,堡林,2023-01-28 04:00,-6.4,,2,70,60,1015.3,1024.4,,,,7,,-4.9
156,堡林,2023-01-28 05:00,-7.2,,2.2,70,62,1015.3,1024.5,,,,0,,-6.1
156,堡林,2023-01-28 06:00,-7,,1.8,70,61,1015.5,1024.7,,,,0,,-6.7
156,堡林,2023-01-28 07:00,-7.3,,1.4,70,62,1016,1025.2,,,,0,,-7.3
156,堡林,2023-01-28 08:00,-7,,1.6,70,50,1016.1,1025.3,0,.07,,0,,-7.5
156,堡林,2023-01-28 09:00,-5,,3,70,35,1015.9,1025,.7,.5,,0,,-4.2
156,堡林,2023-01-28 10:00,-3.3,,1.4,70,31,1016.1,1025.1,1,1.26,,0,,.2
156,堡林,2023-01-28 11:00,-1.4,,1.3,200,31,1016.1,1025.1,1,1.83,,0,,3.8
156,堡林,2023-01-28 12:00,-1.5,,1.5,290,34,1015.5,1024.5,.7,1.66,,6,,4.5
156,堡林,2023-01-28 13:00,-.5,,2.1,250,47,1014.6,1023.5,1,2.34,,4,,12.2
156,堡林,2023-01-28 14:00,.8,,1.9,250,42,1013.7,1022.6,.9,2.26,,8,,11.3
156,堡林,2023-01-28 15:00,-1.3,0,2.4,270,72,1013.7,1022.7,.2,1,,8,,6
156,堡林,2023-01-28 16:00,-.8,,1.2,250,80,1013.6,1022.5,.5,.84,,7,,4.6
156,堡林,2023-01-28 17:00,-.3,,1.3,230,79,1013.5,1022.4,.5,.6,,9,,2.1
156,堡林,2023-01-28 18:00,-.4,0,.9,50,70,1013.7,1022.6,.2,.2,,6,,.1
156,堡林,2023-01-28 19:00,0,,.6,270,59,1013.7,1022.6,,,,6,,-.2
156,堡林,2023-01-28 20:00,.1,,.8,290,48,1013.9,1022.8,,,,3,,-.7
156,堡林,2023-01-28 21:00,.7,0,1,20,46,1014.1,1023,,,,10,,-.2
156,堡林,2023-01-28 22:00,-.9,,.2,0,86,1014.3,1023.2,,,,10,,-.3
156,堡林,2023-01-28 23:00,-.9,,.9,340,88,1014.4,1023.3,,,,9,,-.3
156,堡林,2023-01-29 00:00,-1.5,0,.4,0,91,1013.9,1022.9,,,,4,,-1.2
156,堡林,2023-01-29 01:00,-1.7,,.2,0,91,1013.7,1022.7,,,,0,,-1.8
156,堡林,2023-01-29 02:00,-1.9,,.2,0,91,1013.8,1022.8,,,,0,,-2.1
156,堡林,2023-01-29 03:00,-2,0,.2,0,92,1014.2,1023.2,,,,6,,-2.1
156,堡林,2023-01-29 04:00,-2.6,,.5,90,92,1013.8,1022.8,,,,5,,-2.6
156,堡林,2023-01-29 05:00,-2.5,,.5,200,93,1013.6,1022.6,,,,5,,-2.4
156,堡林,2023-01-29 06:00,-2.9,0,.7,110,92,1013.6,1022.6,,,,7,,-2.7
156,堡林,2023-01-29 07:00,-3.4,,.5,90,92,1013.5,1022.5,,,,3,,-3.6
156,堡林,2023-01-29 08:00,-3.4,,.6,70,93,1013.8,1022.8,0,.08,,1,,-3.7
156,堡林,2023-01-29 09:00,-2.1,,.6,70,92,1014.2,1023.2,.6,.64,,1,,-1.2
156,堡林,2023-01-29 10:00,0,,0,0,79,1014.4,1023.3,1,1.49,,0,,.3
156,堡林,2023-01-29 11:00,1.7,,1.2,230,66,1014,1022.9,1,2.09,,0,,5.1
156,堡林,2023-01-29 12:00,3.4,,2.2,270,58,1013.3,1022.1,1,2.19,,0,,12.2
156,堡林,2023-01-29 13:00,5.3,,2,230,45,1012.3,1021,1,2.36,,2,,16.8
156,堡林,2023-01-29 14:00,3.7,,.6,290,50,1011.6,1020.4,.7,1.32,,3,,8.3
156,堡林,2023-01-29 15:00,4.2,,.6,340,49,1011.4,1020.1,.2,.67,,5,,6.2
156,堡林,2023-01-29 16:00,5.8,,3.5,250,39,1011.1,1019.8,.5,.9,,5,,10
156,堡林,2023-01-29 17:00,4.9,,2.5,250,44,1010.9,1019.6,.9,.83,,3,,4.3
156,堡林,2023-01-29 18:00,3.8,,2,230,51,1010.7,1019.4,.5,.23,,0,,.5
156,堡林,2023-01-29 19:00,3.9,,2.5,230,52,1010.6,1019.3,,,,0,,.4
156,堡林,2023-01-29 20:00,3.4,,1.1,250,56,1011.3,1020.1,,,,0,,.2
156,堡林,2023-01-29 21:00,3.1,,2.4,230,62,1011.2,1020,,,,8,,.1
156,堡林,2023-01-29 22:00,3.6,,1.7,270,62,1011.7,1020.5,,,,7,,.2
156,堡林,2023-01-29 23:00,3.5,,.7,270,62,1012.2,1021,,,,0,,0
156,堡林,2023-01-30 00:00,3.1,,.8,340,64,1012.5,1021.3,,,,4,,-.1
156,堡林,2023-01-30 01:00,2.5,,2.3,20,58,1012.9,1021.7,,,,0,,-.4
156,堡林,2023-01-30 02:00,1.7,,1.7,20,52,1013.5,1022.3,,,,0,,-.9
156,堡林,2023-01-30 03:00,1.1,,2.3,50,46,1013.8,1022.7,,,,0,,-1.5
156,堡林,2023-01-30 04:00,.1,,1.7,50,49,1013.8,1022.7,,,,0,,-2.1
156,堡林,2023-01-30 05:00,-.5,,1.1,70,52,1014.2,1023.1,,,,0,,-2.8
156,堡林,2023-01-30 06:00,-.7,,.9,90,54,1014.8,1023.7,,,,0,,-3.4
156,堡林,2023-01-30 07:00,-1,,0,0,54,1015.3,1024.3,,,,0,,-3.9
156,堡林,2023-01-30 08:00,-.9,,0,0,56,1016.1,1025.1,0,.08,,0,,-3.9
156,堡林,2023-01-30 09:00,.5,,.5,290,52,1017.3,1026.2,.6,.48,,0,,-.9
156,堡林,2023-01-30 10:00,1.7,,.8,270,45,1017.8,1026.7,1,1.23,,0,,1.6
156,堡林,2023-01-30 11:00,3.2,,1.7,340,31,1017.8,1026.6,1,1.82,,0,,6.2
156,堡林,2023-01-30 12:00,4.6,,2,360,18,1017.1,1025.9,1,2.27,,0,,12.6
156,堡林,2023-01-30 13:00,5.6,,1.8,20,17,1015.9,1024.6,1,2.46,,0,,17.1
156,堡林,2023-01-30 14:00,5.4,,2.2,340,14,1015.1,1023.8,1,2.41,,0,,17.8
156,堡林,2023-01-30 15:00,4.9,,3,360,15,1015,1023.8,1,2.13,,0,,15.6
156,堡林,2023-01-30 16:00,5,,1.6,20,20,1014.9,1023.7,1,1.6,,0,,12.6
156,堡林,2023-01-30 17:00,4.1,,2.3,50,25,1015,1023.8,1,.91,,0,,3.3
156,堡林,2023-01-30 18:00,3.3,,1.1,360,30,1015,1023.8,.8,.27,,0,,-.1
156,堡林,2023-01-30 19:00,2.5,,1,50,35,1015.2,1024,,,,0,,-.1
156,堡林,2023-01-30 20:00,2,,.4,0,38,1015.2,1024.1,,,,0,,-.7
156,堡林,2023-01-30 21:00,1.3,,0,0,43,1015.5,1024.4,,,,0,,-1.3
156,堡林,2023-01-30 22:00,.3,,.8,90,46,1015.6,1024.5,,,,0,,-1.8
156,堡林,2023-01-30 23:00,-.4,,.8,180,48,1015.4,1024.3,,,,0,,-2.5
156,堡林,2023-01-31 00:00,-.4,,.5,320,51,1015.3,1024.2,,,,0,,-3
156,堡林,2023-01-31 01:00,-1.6,,.8,110,60,1015.2,1024.2,,,,0,,-3.5
156,堡林,2023-01-31 02:00,-1.6,,.2,0,59,1014.7,1023.7,,,,0,,-3.9
156,堡林,2023-01-31 03:00,-1.8,,0,0,60,1014.6,1023.6,,,,0,,-4.4
156,堡林,2023-01-31 04:00,-2.3,,.5,90,60,1014.2,1023.2,,,,0,,-4.7
156,堡林,2023-01-31 05:00,-2.6,,.1,0,62,1013.2,1022.2,,,,0,,-5.1
156,堡林,2023-01-31 06:00,-2.6,,.4,0,66,1013.3,1022.3,,,,0,,-5.5
156,堡林,2023-01-31 07:00,-3.7,,0,0,74,1013,1022,,,,0,,-5.9
156,堡林,2023-01-31 08:00,-3.1,,0,0,73,1013.5,1022.5,0,.08,,0,,-5.7
156,堡林,2023-01-31 09:00,-1.7,,.5,270,65,1013.8,1022.8,.7,.51,,0,,-1.9
156,堡林,2023-01-31 10:00,1.1,,.8,70,49,1013.8,1022.7,1,1.26,,0,,1.5
156,堡林,2023-01-31 11:00,4,,.4,0,38,1013.4,1022.2,1,1.83,,0,,8.1
156,堡林,2023-01-31 12:00,6.3,,.9,270,28,1012.6,1021.3,1,2.19,,0,,14.4
156,堡林,2023-01-31 13:00,9.2,,1.1,230,32,1011.2,1019.8,1,2.36,,2,,18.6
156,堡林,2023-01-31 14:00,11.4,,3.2,230,38,1009.8,1018.3,1,2.3,,0,,20.4
156,堡林,2023-01-31 15:00,11,,3.8,250,43,1009.3,1017.8,1,2,,0,,18.8
156,堡林,2023-01-31 16:00,10.9,,3.2,230,45,1008.9,1017.4,1,1.39,,3,,15.2
156,堡林,2023-01-31 17:00,9.7,,2.8,250,48,1008.6,1017.1,1,.82,,1,,7.7
156,堡林,2023-01-31 18:00,8.3,,1.5,230,52,1009,1017.6,.6,.23,,0,,3.6
156,堡林,2023-01-31 19:00,7.6,,1.9,230,59,1008.9,1017.5,,,,0,,1.4
156,堡林,2023-01-31 20:00,7.2,,1.1,200,61,1008.9,1017.5,,,,0,,.1
156,堡林,2023-01-31 21:00,5.9,,.8,160,63,1008.8,1017.5,,,,0,,-.8
156,堡林,2023-01-31 22:00,5.7,,1.2,200,65,1009,1017.7,,,,5,,-1.3
156,堡林,2023-01-31 23:00,4.7,,.5,50,72,1008.4,1017.1,,,,6,,0
156,堡林,2023-02-01 00:00,4.4,,0,0,75,1008.2,1016.9,,,,6,,.1
156,堡林,2023-02-01 01:00,4.1,,0,0,77,1008.1,1016.8,,,,6,,.1
156,堡林,2023-02-01 02:00,3.3,,.5,270,81,1008.1,1016.8,,,,6,,.1
156,堡林,2023-02-01 03:00,3.2,,0,0,81,1008.1,1016.8,,,,5,,.1
156,堡林,2023-02-01 04:00,3,,0,0,82,1008,1016.8,,,,4,,.1
156,堡林,2023-02-01 05:00,3.1,,0,0,83,1008,1016.7,,,,5,,0
156,堡林,2023-02-01 06:00,3.5,,0,0,82,1007.8,1016.5,,,,8,,.1
156,堡林,2023-02-01 07:00,3.2,,0,0,83,1008.1,1016.8,,,,6,,.1
156,堡林,2023-02-01 08:00,2.9,,.5,270,85,1008.6,1017.4,0,.08,,8,,.1
156,堡林,2023-02-01 09:00,3.6,,.3,0,82,1009.3,1018,0,.28,,7,,.5
156,堡林,2023-02-01 10:00,5.8,,.2,0,73,1009.8,1018.5,.9,.99,,0,,8.2
156,堡林,2023-02-01 11:00,8,,1.4,270,71,1010.5,1019.1,1,1.53,,1,,14.3
156,堡林,2023-02-01 12:00,9.8,,1.5,340,47,1009.8,1018.3,1,1.95,,2,,18.4
156,堡林,2023-02-01 13:00,9.9,,2,320,41,1009.2,1017.8,1,2.25,,5,,20.3
156,堡林,2023-02-01 14:00,9.7,,2.4,290,33,1009.2,1017.7,1,2.09,,0,,19.1
156,堡林,2023-02-01 15:00,8,,3.1,20,33,1010.4,1019,1,1.81,,3,,16.9
156,堡林,2023-02-01 16:00,6.9,,2.6,340,32,1011.3,1020,1,1.41,,6,,13.2
156,堡林,2023-02-01 17:00,4.9,,3,50,30,1012.1,1020.8,1,.86,,7,,5.6
156,堡林,2023-02-01 18:00,3.1,,2.2,360,41,1013.1,1021.9,.6,.26,,2,,1.3
156,堡林,2023-02-01 19:00,1.7,,2.4,20,46,1014.4,1023.3,0,.05,,5,,-.7
156,堡林,2023-02-01 20:00,1,,2,20,49,1014.7,1023.6,,,,5,,-.3
156,堡林,2023-02-01 21:00,.7,,2.6,50,50,1015.2,1024.1,,,,7,,-.4
156,堡林,2023-02-01 22:00,.5,,3.1,50,49,1015.7,1024.6,,,,9,,-.7
156,堡林,2023-02-01 23:00,-.3,,2.2,70,52,1015.9,1024.8,,,,8,,-1.1
156,堡林,2023-02-02 00:00,-.4,,2.4,50,49,1016.2,1025.1,,,,8,,-1.4
156,堡林,2023-02-02 01:00,-.7,,1.7,50,49,1016.8,1025.8,,,,9,,-1.6
156,堡林,2023-02-02 02:00,-1,,2.4,50,49,1017.7,1026.7,,,,9,,-1.9
156,堡林,2023-02-02 03:00,-1.2,,1.3,50,49,1018.5,1027.5,,,,8,,-2.3
156,堡林,2023-02-02 04:00,-1.3,,1.2,50,47,1018.6,1027.6,,,,9,,-2.3
156,堡林,2023-02-02 05:00,-1.6,,2.2,50,48,1017.9,1026.9,,,,9,,-2.4
156,堡林,2023-02-02 06:00,-2,,3.1,70,50,1017.9,1026.9,,,,8,,-2.9
156,堡林,2023-02-02 07:00,-2.2,,3.1,70,51,1018.2,1027.2,,,,9,,-3.1
156,堡林,2023-02-02 08:00,-2.2,,2.4,70,51,1018.8,1027.8,0,.09,,7,,-2.8
156,堡林,2023-02-02 09:00,-1.2,,2,70,46,1018.7,1027.7,.4,.45,,6,,-.7
156,堡林,2023-02-02 10:00,.8,,1.8,70,40,1019.4,1028.3,1,1.28,,4,,3.5
156,堡林,2023-02-02 11:00,1.6,,1,340,33,1019.8,1028.7,1,1.84,,2,,9.4
156,堡林,2023-02-02 12:00,3,,1.2,360,29,1019.8,1028.7,1,2.24,,1,,15
156,堡林,2023-02-02 13:00,3.5,,1.4,50,23,1018.3,1027.1,.7,1.8,,7,,11.5
156,堡林,2023-02-02 14:00,5.6,,2.3,70,20,1016.4,1025.1,.3,1.41,,8,,15.7
156,堡林,2023-02-02 15:00,5.4,,2.3,70,13,1015.8,1024.6,1,1.8,,6,,14.8
156,堡林,2023-02-02 16:00,4.6,,1.5,290,21,1015.8,1024.6,.7,1.18,,8,,9.5
156,堡林,2023-02-02 17:00,3.5,,1.5,20,25,1016.1,1024.9,.1,.65,,8,,5.2
156,堡林,2023-02-02 18:00,2.3,,1.2,340,35,1016.4,1025.3,0,.21,,6,,.9
156,堡林,2023-02-02 19:00,1.2,,1.5,320,40,1017,1025.9,0,.06,,6,,-.3
156,堡林,2023-02-02 20:00,.5,,.9,320,45,1017,1025.9,,,,8,,-.7
156,堡林,2023-02-02 21:00,-.3,,1.7,70,49,1016.7,1025.6,,,,7,,-1.1
156,堡林,2023-02-02 22:00,-.6,,.9,50,49,1016.5,1025.5,,,,10,,-1.5
156,堡林,2023-02-02 23:00,-.8,,1.8,70,50,1016.1,1025.1,,,,6,,-1.5
156,堡林,2023-02-03 00:00,-.5,,.9,90,47,1016.1,1025,,,,8,,-1.3
156,堡林,2023-02-03 01:00,-.6,,1.4,70,48,1015.6,1024.5,,,,10,,-1.1
156,堡林,2023-02-03 02:00,-.6,,.9,70,47,1015.4,1024.3,,,,10,,-1.1
156,堡林,2023-02-03 03:00,-.4,,1.6,50,42,1015.2,1024.1,,,,9,,-1.3
156,堡林,2023-02-03 04:00,-.7,,.5,360,50,1015.3,1024.2,,,,10,,-1.2
156,堡林,2023-02-03 05:00,-.9,,.2,0,49,1014.9,1023.8,,,,10,,-1.1
156,堡林,2023-02-03 06:00,-1.2,,1.3,50,43,1013.9,1022.9,,,,7,,-1.7
156,堡林,2023-02-03 07:00,-1,,.9,50,39,1014.4,1023.3,,,,8,,-1.5
156,堡林,2023-02-03 08:00,-1.2,,.6,360,41,1015.5,1024.5,0,.08,,9,,-1.3
156,堡林,2023-02-03 09:00,-.5,,.9,340,34,1015.7,1024.6,0,.33,,9,,.1
156,堡林,2023-02-03 10:00,.9,,.8,50,33,1015.8,1024.7,.5,.85,,0,,3.1
156,堡林,2023-02-03 11:00,2.4,,.8,20,25,1016.2,1025,1,1.7,,3,,10.2
156,堡林,2023-02-03 12:00,3.4,,1.5,360,23,1016,1024.8,1,2.14,,0,,17
156,堡林,2023-02-03 13:00,4.7,,2.3,290,22,1015.1,1023.8,1,2.39,,4,,20.5
156,堡林,2023-02-03 14:00,5.1,,1.5,320,32,1013.9,1022.6,1,2.35,,0,,21.7
156,堡林,2023-02-03 15:00,5.2,,1.8,340,29,1013.2,1021.9,1,2.04,,0,,20.1
156,堡林,2023-02-03 16:00,5,,2.2,340,24,1013.2,1021.9,1,1.54,,0,,15.5
156,堡林,2023-02-03 17:00,3.7,,1.6,360,30,1014.1,1022.9,1,.92,,0,,5.5
156,堡林,2023-02-03 18:00,2,,2.3,50,28,1014.9,1023.8,.8,.28,,0,,1
156,堡林,2023-02-03 19:00,.6,,1.5,70,37,1014.8,1023.7,0,.05,,0,,-.9
156,堡林,2023-02-03 20:00,.1,,1,50,46,1014.8,1023.7,,,,0,,-1.5
156,堡林,2023-02-03 21:00,-.2,,1.6,50,51,1015.1,1024,,,,0,,-2
156,堡林,2023-02-03 22:00,-.9,,1.7,70,50,1015.1,1024.1,,,,0,,-2.6
156,堡林,2023-02-03 23:00,-1,,1.3,50,54,1015.1,1024.1,,,,0,,-3.1
156,堡林,2023-02-04 00:00,-.9,,.4,0,55,1015.9,1024.9,,,,0,,-3.5
156,堡林,2023-02-04 01:00,-1,,.7,20,59,1015.7,1024.7,,,,0,,-3.8
156,堡林,2023-02-04 02:00,-1.8,,.7,50,62,1016.1,1025.1,,,,0,,-4.2
156,堡林,2023-02-04 03:00,-2.1,,1.5,70,66,1016.3,1025.3,,,,0,,-4.6
156,堡林,2023-02-04 04:00,-2.1,,.4,0,66,1015.9,1024.9,,,,0,,-4.8
156,堡林,2023-02-04 05:00,-2.2,,.2,0,69,1015.7,1024.7,,,,0,,-5.1
156,堡林,2023-02-04 06:00,-1.7,,.1,0,70,1016.1,1025.1,,,,0,,-5.3
156,堡林,2023-02-04 07:00,-2.3,,0,0,73,1016.8,1025.8,,,,0,,-5.6
156,堡林,2023-02-04 08:00,-2.2,,.3,0,77,1017.2,1026.2,0,.09,,0,,-5.2
156,堡林,2023-02-04 09:00,-.8,,0,0,70,1017.6,1026.6,.8,.51,,0,,-1.3
156,堡林,2023-02-04 10:00,1.7,,2,50,40,1018.1,1027,1,1.22,,0,,3.6
156,堡林,2023-02-04 11:00,2.8,,1,20,32,1018.2,1027,1,1.7,,0,,9.7
156,堡林,2023-02-04 12:00,3.9,,1.7,50,36,1017.9,1026.7,1,1.79,,0,,13.9
156,堡林,2023-02-04 13:00,5.5,,1.7,50,35,1016.7,1025.5,1,2.29,,0,,19.2
156,堡林,2023-02-04 14:00,6.5,,2.2,20,31,1015.8,1024.5,1,2.27,,0,,21.2
156,堡林,2023-02-04 15:00,7,,1.6,340,32,1015.7,1024.4,1,2,,0,,20.4
156,堡林,2023-02-04 16:00,6.8,,1.2,20,33,1015.9,1024.6,1,1.5,,0,,16.2
156,堡林,2023-02-04 17:00,5.8,,2.4,50,34,1015.8,1024.5,1,.83,,0,,6.2
156,堡林,2023-02-04 18:00,4.9,,.9,340,39,1016.1,1024.9,.7,.25,,0,,1.9
156,堡林,2023-02-04 19:00,3.8,,1,50,47,1016.7,1025.5,0,.05,,0,,-.8
156,堡林,2023-02-04 20:00,3.2,,1.5,20,51,1017.3,1026.1,,,,0,,-1.1
156,堡林,2023-02-04 21:00,1.6,,1.4,50,57,1017.5,1026.4,,,,0,,-1.9
156,堡林,2023-02-04 22:00,1.1,,.6,70,56,1017.7,1026.6,,,,0,,-2.6
156,堡林,2023-02-04 23:00,.9,,0,0,59,1017.9,1026.8,,,,2,,-3.1
156,堡林,2023-02-05 00:00,.1,,.1,0,64,1018.2,1027.2,,,,0,,-3.4
156,堡林,2023-02-05 01:00,-.4,,0,0,69,1017.6,1026.6,,,,5,,-3.7
156,堡林,2023-02-05 02:00,-.9,,0,0,71,1017.3,1026.3,,,,1,,-4.3
156,堡林,2023-02-05 03:00,-1.8,,1,290,73,1017.4,1026.4,,,,0,,-4.8
156,堡林,2023-02-05 04:00,-2.5,,.7,270,79,1017.3,1026.3,,,,0,,-5.2
156,堡林,2023-02-05 05:00,-2.3,,0,0,80,1017.2,1026.2,,,,0,,-5.6
156,堡林,2023-02-05 06:00,-2.5,,.5,270,81,1017.8,1026.8,,,,0,,-5.9
156,堡林,2023-02-05 07:00,-3.1,,0,0,82,1018,1027.1,,,,0,,-6.3
156,堡林,2023-02-05 08:00,-3.3,,0,0,83,1018.1,1027.2,0,.09,,0,,-5.9
156,堡林,2023-02-05 09:00,-1.6,,.7,270,77,1018.4,1027.4,.8,.65,,0,,-1.4
156,堡林,2023-02-05 10:00,-.1,,.9,270,68,1018.5,1027.5,1,1.43,,0,,4.1
156,堡林,2023-02-05 11:00,3,,.7,270,53,1018.6,1027.4,1,1.9,,0,,12.3
156,堡林,2023-02-05 12:00,5.2,,1.1,320,37,1017.7,1026.5,1,2.3,,0,,18.9
156,堡林,2023-02-05 13:00,7.1,,1.3,230,22,1016.5,1025.2,1,2.51,,0,,24.1
156,堡林,2023-02-05 14:00,8.2,,1.4,270,15,1015.6,1024.2,1,2.48,,0,,25.6
156,堡林,2023-02-05 15:00,10.3,,.7,250,12,1015.1,1023.7,1,2.21,,0,,25.1
156,堡林,2023-02-05 16:00,10,,1.4,270,11,1014.4,1023,1,1.68,,0,,20.8
156,堡林,2023-02-05 17:00,8.9,,.9,340,9,1014.1,1022.7,1,1,,0,,7.5
156,堡林,2023-02-05 18:00,8,,.6,360,13,1014.4,1023,.9,.32,,0,,2.2
156,堡林,2023-02-05 19:00,5.8,,.5,270,24,1015,1023.7,0,.04,,0,,-.7
156,堡林,2023-02-05 20:00,5,,1.1,320,28,1015.5,1024.3,,,,0,,-1.7
156,堡林,2023-02-05 21:00,3.6,,.7,50,32,1015.6,1024.4,,,,0,,-2.3
156,堡林,2023-02-05 22:00,3.1,,1,70,31,1015.5,1024.3,,,,0,,-2.8
156,堡林,2023-02-05 23:00,1.7,,.6,160,42,1015.7,1024.6,,,,0,,-3.3
156,堡林,2023-02-06 00:00,1,,.8,160,42,1015.3,1024.2,,,,0,,-3.8
156,堡林,2023-02-06 01:00,.3,,0,0,47,1015.3,1024.2,,,,0,,-4.1
156,堡林,2023-02-06 02:00,-.5,,0,0,50,1015.3,1024.2,,,,0,,-4.5
156,堡林,2023-02-06 03:00,-.7,,0,0,54,1015.5,1024.4,,,,0,,-4.9
156,堡林,2023-02-06 04:00,-1.4,,0,0,55,1015.3,1024.3,,,,0,,-5.3
156,堡林,2023-02-06 05:00,-2,,0,0,60,1015.4,1024.4,,,,0,,-5.6
156,堡林,2023-02-06 06:00,-2,,0,0,59,1015.2,1024.2,,,,0,,-5.8
156,堡林,2023-02-06 07:00,-2.2,,0,0,60,1015,1024,,,,0,,-5.9
156,堡林,2023-02-06 08:00,-2.2,,0,0,58,1014.5,1023.5,0,.09,,6,,-5.2
156,堡林,2023-02-06 09:00,-.5,,0,0,54,1014.4,1023.3,.7,.5,,5,,-1
156,堡林,2023-02-06 10:00,2.2,,.7,250,43,1014.2,1023,1,1.18,,4,,5.4
156,堡林,2023-02-06 11:00,5.5,,1.4,230,32,1014.8,1023.5,1,2.03,,5,,15.4
156,堡林,2023-02-06 12:00,8.5,,.9,250,18,1013.7,1022.3,1,2.33,,7,,20.8
156,堡林,2023-02-06 13:00,10.7,,1.2,250,11,1012,1020.5,1,2.5,,8,,25.5
156,堡林,2023-02-06 14:00,12.9,,.9,230,10,1010.9,1019.3,1,2.07,,5,,24.6
156,堡林,2023-02-06 15:00,12.2,,1.4,250,9,1010.7,1019.2,.1,1.07,,10,,17
156,堡林,2023-02-06 16:00,11.8,,.8,270,9,1010.3,1018.8,0,.57,,10,,12.4
156,堡林,2023-02-06 17:00,11.4,,1,230,7,1010,1018.5,0,.3,,10,,9.4
156,堡林,2023-02-06 18:00,10.8,,1.2,270,14,1010.4,1018.9,0,.14,,10,,7
156,堡林,2023-02-06 19:00,9.6,,1.4,200,20,1010.9,1019.4,0,.06,,10,,5.5
156,堡林,2023-02-06 20:00,8.6,,1.1,230,28,1011.3,1019.9,,,,10,,4.9
156,堡林,2023-02-06 21:00,7.7,,.7,180,32,1011.3,1019.9,,,,9,,3.8
156,堡林,2023-02-06 22:00,7.1,,0,0,32,1011.2,1019.8,,,,7,,2
156,堡林,2023-02-06 23:00,6.7,,.6,20,33,1011.2,1019.9,,,,4,,-.7
156,堡林,2023-02-07 00:00,5.3,,1.1,250,39,1011.4,1020.1,,,,0,,-1.5
156,堡林,2023-02-07 01:00,4.2,,0,0,45,1010.9,1019.6,,,,0,,-1.9
156,堡林,2023-02-07 02:00,3,,0,0,47,1010.6,1019.4,,,,1,,-2.3
156,堡林,2023-02-07 03:00,2.6,,0,0,48,1010.5,1019.3,,,,0,,-2.7
156,堡林,2023-02-07 04:00,1.3,,0,0,55,1010.8,1019.6,,,,3,,-2.9
156,堡林,2023-02-07 05:00,1.1,,.5,270,54,1010.7,1019.5,,,,4,,-3.1
156,堡林,2023-02-07 06:00,.9,,.5,290,50,1010.8,1019.7,,,,5,,-3.2
156,堡林,2023-02-07 07:00,.4,,.2,0,53,1011.3,1020.2,,,,5,,-3
156,堡林,2023-02-07 08:00,.6,,0,0,57,1012.1,1021,0,.09,,8,,-2.4
156,堡林,2023-02-07 09:00,2.1,,.2,0,53,1012,1020.8,0,.41,,8,,.5
156,堡林,2023-02-07 10:00,3.5,,.4,0,47,1012.2,1021,.8,.92,,7,,5.4
156,堡林,2023-02-07 11:00,6.1,,.3,0,38,1012,1020.7,1,1.64,,6,,14.1
156,堡林,2023-02-07 12:00,10.2,,1.6,270,26,1011.8,1020.4,1,2.27,,3,,23.7
156,堡林,2023-02-07 13:00,12.3,,1.2,290,16,1011.3,1019.8,1,2.41,,0,,27.8
156,堡林,2023-02-07 14:00,12.9,,1.3,290,13,1010.6,1019,1,2.36,,0,,28.8
156,堡林,2023-02-07 15:00,13.4,,1.3,340,12,1010.6,1019,1,1.96,,0,,25.9
156,堡林,2023-02-07 16:00,12.8,,1.3,320,11,1010.5,1018.9,1,1.49,,1,,20.4
156,堡林,2023-02-07 17:00,11.5,,1.5,290,12,1010.9,1019.4,1,.84,,3,,10.8
156,堡林,2023-02-07 18:00,10,,1.5,320,20,1010.9,1019.5,0,.23,,2,,6
156,堡林,2023-02-07 19:00,7.8,,1.2,290,29,1011.8,1020.4,0,.05,,0,,2.7
156,堡林,2023-02-07 20:00,6.9,,.6,270,37,1012.5,1021.2,,,,0,,.9
156,堡林,2023-02-07 21:00,5.7,,0,0,50,1013.1,1021.8,,,,0,,-.1
156,堡林,2023-02-07 22:00,5,,0,0,57,1013.7,1022.5,,,,0,,-1.5
156,堡林,2023-02-07 23:00,4.2,,0,0,62,1013.8,1022.6,,,,0,,-1.8
156,堡林,2023-02-08 00:00,3.8,,.1,0,69,1014.2,1023,,,,0,,-2
156,堡林,2023-02-08 01:00,3.2,,0,0,75,1014.2,1023,,,,0,,-2.4
156,堡林,2023-02-08 02:00,2.3,,.4,0,78,1014.6,1023.4,,,,0,,-2.8
156,堡林,2023-02-08 03:00,1.9,,.8,270,82,1015.3,1024.2,,,,0,,-2.7
156,堡林,2023-02-08 04:00,1.2,,.5,270,84,1015.6,1024.5,,,,0,,-3.2
156,堡林,2023-02-08 05:00,1,,0,0,86,1016.1,1025,,,,0,,-3.4
156,堡林,2023-02-08 06:00,.6,,.4,0,88,1016.5,1025.4,,,,0,,-3.3
156,堡林,2023-02-08 07:00,0,,.4,0,91,1016.9,1025.8,,,,6,,-3.7
156,堡林,2023-02-08 08:00,.1,,0,0,91,1017.7,1026.6,0,.1,,7,,-3.1
156,堡林,2023-02-08 09:00,1.4,,.8,270,81,1018.3,1027.2,.7,.52,,0,,.3
156,堡林,2023-02-08 10:00,3.7,,1.4,270,68,1018.7,1027.5,1,1.23,,0,,6.9
156,堡林,2023-02-08 11:00,5.7,,1.3,250,55,1018.9,1027.7,1,1.79,,0,,15.3
156,堡林,2023-02-08 12:00,8.2,,1.3,250,39,1018.3,1027,1,2.18,,0,,22.5
156,堡林,2023-02-08 13:00,9.7,,1.9,290,18,1017.4,1026,1,2.24,,0,,25.7
156,堡林,2023-02-08 14:00,10.4,,1.9,340,21,1017.1,1025.7,1,2.39,,1,,27.1
156,堡林,2023-02-08 15:00,10.8,,1.9,50,15,1016.7,1025.3,1,2.11,,0,,26.1
156,堡林,2023-02-08 16:00,10,,2,360,13,1017.1,1025.7,1,1.67,,0,,20.9
156,堡林,2023-02-08 17:00,8.5,,2,20,14,1017.7,1026.3,1,.98,,0,,8.5
156,堡林,2023-02-08 18:00,7.1,,.8,20,25,1018.3,1027,.3,.27,,7,,3.9
156,堡林,2023-02-08 19:00,5.1,,1.7,20,47,1019,1027.8,0,.05,,5,,2.2
156,堡林,2023-02-08 20:00,4.4,,.8,70,47,1019.6,1028.4,,,,9,,1.2
156,堡林,2023-02-08 21:00,3.8,,1.8,70,44,1019.6,1028.4,,,,7,,.5
156,堡林,2023-02-08 22:00,3.1,,1.7,50,47,1019.7,1028.5,,,,9,,-.2
156,堡林,2023-02-08 23:00,3,,.8,70,48,1019.7,1028.6,,,,8,,-.9
156,堡林,2023-02-09 00:00,2.5,,2.1,70,52,1019.6,1028.5,,,,8,,-1.2
156,堡林,2023-02-09 01:00,2.2,,2.3,70,53,1019.4,1028.3,,,,6,,-2.1
156,堡林,2023-02-09 02:00,1.7,,2.3,70,56,1018.9,1027.8,,,,2,,-2.7
156,堡林,2023-02-09 03:00,2.1,,1.8,50,54,1019.6,1028.5,,,,7,,-2.3
156,堡林,2023-02-09 04:00,1.3,,1.9,70,61,1019.1,1028,,,,4,,-2.9
156,堡林,2023-02-09 05:00,1.5,,2.4,70,60,1018.6,1027.5,,,,8,,-2.3
156,堡林,2023-02-09 06:00,1,,1.6,70,61,1019.2,1028.1,,,,9,,-1.8
156,堡林,2023-02-09 07:00,.6,,1.2,70,60,1019.6,1028.5,,,,7,,-2.2
156,堡林,2023-02-09 08:00,.8,,.4,0,62,1019.8,1028.7,0,.1,,8,,-2.2
156,堡林,2023-02-09 09:00,2.3,,.8,70,54,1020,1028.9,.6,.51,,8,,1.4
156,堡林,2023-02-09 10:00,5,,1.3,70,42,1019.7,1028.5,1,1.25,,8,,9.7
156,堡林,2023-02-09 11:00,6.6,,.8,70,35,1019.2,1027.9,.7,1.43,,9,,13.3
156,堡林,2023-02-09 12:00,9.4,,.6,20,30,1018,1026.6,.5,1.58,,9,,18.3
156,堡林,2023-02-09 13:00,11,,1.3,230,31,1016.5,1025.1,.4,1.34,,8,,18.4
156,堡林,2023-02-09 14:00,12.2,,3,200,29,1015.9,1024.4,.5,1.57,,9,,21
156,堡林,2023-02-09 15:00,11,,2.7,180,30,1014.7,1023.3,0,.79,,10,,16.3
156,堡林,2023-02-09 16:00,11,,.9,110,30,1015,1023.6,0,.73,,10,,14.3
156,堡林,2023-02-09 17:00,10,,2.5,180,31,1015,1023.6,0,.29,,10,,9.9
156,堡林,2023-02-09 18:00,9.5,,1,180,34,1014.6,1023.2,0,.11,,10,,7.5
156,堡林,2023-02-09 19:00,9.4,,1.7,180,38,1015.1,1023.7,0,.06,,10,,6.5
156,堡林,2023-02-09 20:00,9.1,,1.2,90,45,1014.7,1023.3,,,,10,,6.2
156,堡林,2023-02-09 21:00,7.5,0,2.3,70,62,1014.5,1023.2,,,,10,,5.4
156,堡林,2023-02-09 22:00,6.9,,3,70,67,1013.6,1022.3,,,,10,,5
156,堡林,2023-02-09 23:00,5.3,,2.6,70,87,1013,1021.7,,,,10,,4.7
156,堡林,2023-02-10 00:00,4.3,2.1,3.2,70,93,1012.3,1021,,,,10,,4.3
156,堡林,2023-02-10 01:00,2.3,,3.6,70,94,1012.3,1021.1,,,,10,,2.5
156,堡林,2023-02-10 02:00,1.7,,2.6,70,95,1011.4,1020.2,,,,10,,2
156,堡林,2023-02-10 03:00,1.8,6.5,2.2,70,95,1009.9,1018.7,,,,10,,2.5
156,堡林,2023-02-10 04:00,2,,1.9,50,95,1009.5,1018.3,,,,10,,2.5
156,堡林,2023-02-10 05:00,2,,1.4,70,95,1009.3,1018.1,,,,10,,2.5
156,堡林,2023-02-10 06:00,2.6,.1,1.6,50,96,1009.2,1018,,,,10,,2.9
156,堡林,2023-02-10 07:00,3,,.5,70,95,1009.7,1018.5,,,,10,,3.2
156,堡林,2023-02-10 08:00,3.2,,.7,20,94,1010.3,1019.1,0,.09,,10,,3.4
156,堡林,2023-02-10 09:00,4.1,,.8,50,93,1011.1,1019.8,0,.26,,10,,5.7
156,堡林,2023-02-10 10:00,4.9,,.6,70,91,1011.6,1020.3,0,.66,,9,,9
156,堡林,2023-02-10 11:00,6.3,,.8,270,84,1011.9,1020.6,.1,1.18,,5,,13
156,堡林,2023-02-10 12:00,8,,.6,270,72,1011.2,1019.8,.8,1.77,,8,,17
156,堡林,2023-02-10 13:00,9.4,,1.8,360,62,1010.7,1019.2,.8,1.84,,5,,20
156,堡林,2023-02-10 14:00,9.6,,1.9,340,57,1010.6,1019.1,.9,2.32,,8,,21
156,堡林,2023-02-10 15:00,8.7,,1.9,20,58,1010.5,1019.1,.4,1.4,,7,,15.1
156,堡林,2023-02-10 16:00,8.5,,2.6,20,56,1011,1019.6,.4,1.02,,3,,13.6
156,堡林,2023-02-10 17:00,8.2,,2.6,50,54,1011,1019.6,1,.99,,0,,8
156,堡林,2023-02-10 18:00,7.3,,1.4,20,59,1012.3,1020.9,.8,.34,,0,,4.9
156,堡林,2023-02-10 19:00,5.2,,1.7,320,82,1012.9,1021.6,0,.06,,1,,3
156,堡林,2023-02-10 20:00,4.4,,.4,0,88,1013.2,1021.9,,,,0,,1.5
156,堡林,2023-02-10 21:00,3.8,,.1,0,91,1013.9,1022.7,,,,0,,.5
156,堡林,2023-02-10 22:00,3.1,,1,50,91,1014.4,1023.2,,,,5,,-.1
156,堡林,2023-02-10 23:00,3,,2.1,50,92,1014.1,1022.9,,,,7,,-.5
156,堡林,2023-02-11 00:00,2,,2.7,70,92,1013.8,1022.6,,,,0,,.2
156,堡林,2023-02-11 01:00,1.9,,2.5,70,93,1013.7,1022.5,,,,0,,.1
156,堡林,2023-02-11 02:00,2,,.5,230,94,1014.4,1023.2,,,,5,,-.1
156,堡林,2023-02-11 03:00,1.4,,.5,50,94,1014.4,1023.3,,,,6,,-.1
156,堡林,2023-02-11 04:00,.9,,1.8,70,94,1013.1,1022,,,,7,,-.3
156,堡林,2023-02-11 05:00,.6,,2.1,70,94,1012.3,1021.2,,,,7,,-.5
156,堡林,2023-02-11 06:00,.7,,.9,90,93,1013.1,1022,,,,4,,-.9
156,堡林,2023-02-11 07:00,.3,,1.6,270,94,1014.4,1023.3,,,,6,,-.8
156,堡林,2023-02-11 08:00,.5,,.1,0,95,1015.2,1024.1,0,.09,,8,,.1
156,堡林,2023-02-11 09:00,1,,0,0,95,1016.2,1025.1,0,.26,,10,,.2
156,堡林,2023-02-11 10:00,1.6,,.8,70,94,1016.3,1025.2,0,.41,,10,,.7
156,堡林,2023-02-11 11:00,2.9,,1.2,70,92,1015.2,1024,.2,.98,,9,,7.2
156,堡林,2023-02-11 12:00,5.7,,2,70,71,1014.2,1022.9,1,1.68,,7,,14.4
156,堡林,2023-02-11 13:00,7.2,,.8,290,61,1014.1,1022.8,.6,1.63,,8,,14.3
156,堡林,2023-02-11 14:00,7.7,,.9,230,61,1014.1,1022.7,.1,1.07,,10,,12.4
156,堡林,2023-02-11 15:00,8.3,,.4,0,58,1014.1,1022.7,0,.59,,9,,12.3
156,堡林,2023-02-11 16:00,8.4,,0,0,58,1014.2,1022.8,0,.65,,9,,10.2
156,堡林,2023-02-11 17:00,8.6,,.7,50,58,1014,1022.6,0,.35,,9,,8.8
156,堡林,2023-02-11 18:00,7.9,,1.6,50,63,1013.9,1022.5,0,.19,,9,,6.8
156,堡林,2023-02-11 19:00,7.1,,1.6,70,63,1014,1022.7,0,.06,,6,,4.4
156,堡林,2023-02-11 20:00,6.7,,.4,0,69,1014.8,1023.5,,,,0,,2.8
156,堡林,2023-02-11 21:00,6,,.5,230,73,1015.3,1024,,,,2,,1.2
156,堡林,2023-02-11 22:00,5.1,,.8,90,79,1015.4,1024.2,,,,0,,.2
156,堡林,2023-02-11 23:00,4.6,,0,0,83,1015.6,1024.4,,,,0,,.2
156,堡林,2023-02-12 00:00,3.6,,0,0,87,1015.6,1024.4,,,,0,,.2
156,堡林,2023-02-12 01:00,3,,.8,70,89,1015.1,1023.9,,,,0,,.2
156,堡林,2023-02-12 02:00,2.3,,.4,0,91,1015.6,1024.4,,,,0,,.1
156,堡林,2023-02-12 03:00,1.8,,0,0,93,1015.4,1024.3,,,,0,,-.1
156,堡林,2023-02-12 04:00,1.2,,0,0,93,1015.1,1024,,,,0,,-.4
156,堡林,2023-02-12 05:00,.9,,1.6,70,93,1015,1023.9,,,,0,,-.8
156,堡林,2023-02-12 06:00,.7,,.5,290,93,1014.4,1023.3,,,,7,,-1
156,堡林,2023-02-12 07:00,.4,,.2,0,94,1014.9,1023.8,,,,8,,-1.1
156,堡林,2023-02-12 08:00,1,,.7,50,94,1014.4,1023.3,0,.1,,8,,-.5
156,堡林,2023-02-12 09:00,2,,1.4,270,92,1015.4,1024.3,.3,.51,,9,,.2
156,堡林,2023-02-12 10:00,4.1,,.3,0,85,1014.2,1023,.2,.8,,9,,1.9
156,堡林,2023-02-12 11:00,6.9,,.9,270,66,1013.9,1022.6,.7,1.44,,9,,10.8
156,堡林,2023-02-12 12:00,7.6,,.8,250,62,1012.9,1021.5,0,1.01,,9,,10.4
156,堡林,2023-02-12 13:00,7.9,,0,0,66,1011.5,1020.1,0,.75,,9,,10.1
156,堡林,2023-02-12 14:00,8.5,,1,70,64,1010.4,1019,0,.53,,9,,9.2
156,堡林,2023-02-12 15:00,8.6,,1.6,90,57,1010.3,1018.9,0,.44,,9,,8.8
156,堡林,2023-02-12 16:00,8.8,,0,0,53,1009.7,1018.3,0,.39,,9,,8.5
156,堡林,2023-02-12 17:00,8.7,,1.6,70,54,1007.9,1016.5,0,.32,,9,,8.1
156,堡林,2023-02-12 18:00,8.5,,3.1,50,47,1008,1016.6,.1,.22,,9,,6
156,堡林,2023-02-12 19:00,6.5,,3,70,72,1008.5,1017.1,0,.05,,10,,5.6
156,堡林,2023-02-12 20:00,6.6,,1.3,70,73,1008.9,1017.5,,,,10,,5.2
156,堡林,2023-02-12 21:00,6.3,.8,1.7,70,74,1008.3,1017,,,,10,,5.1
156,堡林,2023-02-12 22:00,6.3,,.6,360,75,1008.7,1017.4,,,,10,,5.1
156,堡林,2023-02-12 23:00,5.8,,1.6,70,75,1008,1016.7,,,,10,,4.9
156,堡林,2023-02-13 00:00,6.1,,1.3,50,69,1007.6,1016.3,,,,10,,4.9
156,堡林,2023-02-13 01:00,5.8,,2,70,74,1006.1,1014.8,,,,5,,4.7
156,堡林,2023-02-13 02:00,6.2,,1.6,70,70,1006.7,1015.3,,,,5,,4.9
156,堡林,2023-02-13 03:00,6.1,,1.4,70,74,1008.1,1016.8,,,,10,,4.6
156,堡林,2023-02-13 04:00,6.5,,.2,0,73,1008.7,1017.3,,,,10,,4.7
156,堡林,2023-02-13 05:00,6.4,,1.3,50,75,1007.8,1016.4,,,,8,,3.8
156,堡林,2023-02-13 06:00,6,,.1,0,78,1007.9,1016.6,,,,10,,4.2
156,堡林,2023-02-13 07:00,6,,1.5,70,81,1007.7,1016.4,,,,10,,4.2
156,堡林,2023-02-13 08:00,6.2,,.4,0,80,1008,1016.7,0,.08,,10,,4.5
156,堡林,2023-02-13 09:00,6.8,,.6,360,82,1008.1,1016.7,0,.4,,6,,7.4
156,堡林,2023-02-13 10:00,8.8,,.6,50,66,1008.2,1016.8,.7,1.03,,6,,11.8
156,堡林,2023-02-13 11:00,9.6,,.4,0,60,1008.4,1016.9,.2,1.16,,7,,15.8
156,堡林,2023-02-13 12:00,10.4,,1.1,20,53,1008.4,1016.9,.1,1.3,,10,,15.3
156,堡林,2023-02-13 13:00,10.7,,1.4,270,52,1007.4,1015.9,0,1.41,,9,,17.2
156,堡林,2023-02-13 14:00,11.1,,1,320,47,1006.9,1015.4,0,1.21,,10,,15.5
156,堡林,2023-02-13 15:00,11.6,,1.8,290,46,1006.9,1015.4,.7,1.78,,6,,18.5
156,堡林,2023-02-13 16:00,11.6,,1.9,340,49,1006.8,1015.3,.9,1.42,,6,,16.6
156,堡林,2023-02-13 17:00,10.5,,1.7,320,54,1007.7,1016.2,1,.91,,5,,11.2
156,堡林,2023-02-13 18:00,8.8,,1.9,320,65,1008.6,1017.2,.2,.31,,6,,7.9
156,堡林,2023-02-13 19:00,6.4,,1.2,320,77,1009.5,1018.2,0,.05,,0,,4.5
156,堡林,2023-02-13 20:00,5.6,,.9,290,80,1010.2,1018.9,,,,0,,3.1
156,堡林,2023-02-13 21:00,4.9,,1.8,320,82,1010.8,1019.5,,,,0,,2.3
156,堡林,2023-02-13 22:00,4.2,,1,320,84,1011.3,1020,,,,1,,1.3
156,堡林,2023-02-13 23:00,3.9,,1,270,85,1011.2,1019.9,,,,5,,.9
156,堡林,2023-02-14 00:00,4,,.6,270,85,1011.5,1020.2,,,,8,,2.5
156,堡林,2023-02-14 01:00,3.8,,1.4,320,84,1011.8,1020.6,,,,10,,2.4
156,堡林,2023-02-14 02:00,3.4,,.1,0,85,1012,1020.8,,,,10,,.9
156,堡林,2023-02-14 03:00,3.3,,.1,0,85,1012.4,1021.2,,,,7,,1.4
156,堡林,2023-02-14 04:00,3,,.7,270,85,1012.2,1021,,,,7,,.6
156,堡林,2023-02-14 05:00,2.1,,1.7,270,88,1012.8,1021.6,,,,5,,-.4
156,堡林,2023-02-14 06:00,1.7,,.4,0,88,1013.1,1021.9,,,,8,,-.9
156,堡林,2023-02-14 07:00,1.6,,0,0,87,1013.6,1022.5,,,,10,,.2
156,堡林,2023-02-14 08:00,1.6,,1.9,320,80,1014.4,1023.3,0,.11,,10,,.2
156,堡林,2023-02-14 09:00,2,,.7,90,76,1014.9,1023.8,0,.34,,6,,.3
156,堡林,2023-02-14 10:00,3.8,,1.1,360,64,1014.9,1023.7,1,1.2,,3,,8.4
156,堡林,2023-02-14 11:00,4.7,,.8,320,56,1014.6,1023.3,1,1.82,,4,,13.4
156,堡林,2023-02-14 12:00,6.6,,1.7,340,44,1014,1022.7,1,2.4,,2,,18.9
156,堡林,2023-02-14 13:00,7.4,,1.7,290,41,1012.9,1021.5,1,2.59,,2,,20.8
156,堡林,2023-02-14 14:00,7.8,,2.3,290,33,1012,1020.6,1,2.56,,0,,21.3
156,堡林,2023-02-14 15:00,8.3,,1.9,320,35,1011.8,1020.4,1,2.27,,0,,19.3
156,堡林,2023-02-14 16:00,7.5,,3,320,35,1012.1,1020.7,1,1.74,,3,,15.6
156,堡林,2023-02-14 17:00,5.1,,2.8,320,46,1012.8,1021.5,1,1.06,,0,,6.5
156,堡林,2023-02-14 18:00,4,,1.7,340,48,1013.3,1022.1,1,.4,,0,,2.7
156,堡林,2023-02-14 19:00,2.7,,.7,360,51,1014.2,1023,0,.06,,0,,.2
156,堡林,2023-02-14 20:00,1.4,,1,290,52,1014.7,1023.6,,,,0,,-1.5
156,堡林,2023-02-14 21:00,.6,,1.5,320,58,1015.4,1024.3,,,,0,,-.3
156,堡林,2023-02-14 22:00,.2,,.2,0,61,1015.9,1024.8,,,,0,,-.9
156,堡林,2023-02-14 23:00,-.2,,.9,50,62,1016.1,1025,,,,0,,-1.3
156,堡林,2023-02-15 00:00,-.4,,.8,50,65,1015.9,1024.8,,,,0,,-1.7
156,堡林,2023-02-15 01:00,0,,.4,0,63,1016.1,1025,,,,7,,-1.7
156,堡林,2023-02-15 02:00,-.4,,0,0,70,1016,1024.9,,,,7,,-1.9
156,堡林,2023-02-15 03:00,-.5,,.5,270,70,1016.3,1025.2,,,,7,,-1.5
156,堡林,2023-02-15 04:00,-.5,,0,0,71,1016.1,1025,,,,9,,-1
156,堡林,2023-02-15 05:00,-.4,,.7,270,73,1016.5,1025.4,,,,9,,-.8
156,堡林,2023-02-15 06:00,-.3,,.3,0,72,1017.4,1026.3,,,,8,,-.9
156,堡林,2023-02-15 07:00,0,,.1,0,71,1018.4,1027.4,,,,9,,-.3
156,堡林,2023-02-15 08:00,.4,,.1,0,71,1019,1027.9,0,.08,,10,,-.1
156,堡林,2023-02-15 09:00,1,,.2,0,67,1019.4,1028.3,0,.16,,10,,.1
156,堡林,2023-02-15 10:00,2,,.6,50,59,1019.8,1028.7,0,.37,,10,,.7
156,堡林,2023-02-15 11:00,2.6,,.4,0,59,1020,1028.9,0,.63,,10,,4.2
156,堡林,2023-02-15 12:00,4,0,.5,320,56,1019.9,1028.7,0,.98,,10,,10.4
156,堡林,2023-02-15 13:00,4.8,,.6,320,54,1019.7,1028.5,0,1.19,,10,,11.2
156,堡林,2023-02-15 14:00,5,,.7,50,54,1019.3,1028.1,0,.71,,10,,9.9
156,堡林,2023-02-15 15:00,5.8,,.6,360,53,1019,1027.8,0,.8,,9,,11.3
156,堡林,2023-02-15 16:00,6,,.5,20,52,1019.4,1028.2,0,.77,,9,,9.8
156,堡林,2023-02-15 17:00,5.9,,.7,50,52,1020,1028.8,0,.4,,9,,7.4
156,堡林,2023-02-15 18:00,5.8,,.5,320,54,1020.4,1029.2,0,.17,,10,,5.5
156,堡林,2023-02-15 19:00,5.3,,.7,290,56,1021.1,1029.9,0,.06,,7,,4.1
156,堡林,2023-02-15 20:00,4.9,,.6,290,58,1021.5,1030.3,,,,0,,3.6
156,堡林,2023-02-15 21:00,4.6,,1.1,270,59,1022.2,1031,,,,9,,3.4
156,堡林,2023-02-15 22:00,4.3,,1,230,64,1022.6,1031.4,,,,0,,3.1
156,堡林,2023-02-15 23:00,3.8,,.4,0,67,1022.7,1031.5,,,,0,,2.8
156,堡林,2023-02-16 00:00,3.5,,.9,230,67,1022.8,1031.7,,,,9,,2.8
156,堡林,2023-02-16 01:00,3.4,,0,0,69,1022.5,1031.4,,,,0,,2.8
156,堡林,2023-02-16 02:00,3.5,,.8,270,69,1022.6,1031.5,,,,0,,2.8
156,堡林,2023-02-16 03:00,3.3,,.8,270,69,1022.6,1031.5,,,,9,,2.5
156,堡林,2023-02-16 04:00,3.2,,1.2,270,71,1022.6,1031.5,,,,9,,2.5
156,堡林,2023-02-16 05:00,3,,.5,250,73,1022.4,1031.3,,,,9,,1.8
156,堡林,2023-02-16 06:00,2.4,,0,0,75,1022.3,1031.2,,,,6,,.7
156,堡林,2023-02-16 07:00,2.9,,.1,0,74,1022.8,1031.7,,,,8,,1.3
156,堡林,2023-02-16 08:00,3.2,,0,0,75,1023.2,1032.1,0,.09,,9,,2.5
156,堡林,2023-02-16 09:00,3.7,0,.5,230,74,1023.7,1032.6,0,.33,,9,,5.2
156,堡林,2023-02-16 10:00,4.4,,.5,230,72,1023.7,1032.5,0,.56,,9,,7.8
156,堡林,2023-02-16 11:00,5.3,,1.2,200,64,1024,1032.8,0,.97,,9,,11.9
156,堡林,2023-02-16 12:00,6.8,0,.8,290,58,1023.3,1032.1,.4,1.64,,8,,18.7
156,堡林,2023-02-16 13:00,7.8,,2.3,230,55,1022.3,1031,.3,1.61,,8,,19.6
156,堡林,2023-02-16 14:00,7.6,,1.7,320,54,1022,1030.7,.2,1.23,,9,,13.3
156,堡林,2023-02-16 15:00,7.6,,1.3,290,54,1021.7,1030.4,0,.9,,9,,12.9
156,堡林,2023-02-16 16:00,7.4,,1.3,290,56,1021.5,1030.2,0,.63,,9,,10.4
156,堡林,2023-02-16 17:00,7.2,,.5,270,55,1021.3,1030,.1,.64,,8,,9.4
156,堡林,2023-02-16 18:00,6.6,,1,320,56,1021.2,1029.9,.6,.38,,5,,5.5
156,堡林,2023-02-16 19:00,4.7,,1.1,340,65,1021.3,1030.1,0,.06,,0,,2
156,堡林,2023-02-16 20:00,3.9,,.3,0,66,1021.6,1030.4,,,,0,,.5
156,堡林,2023-02-16 21:00,3.4,,.9,50,68,1021.3,1030.2,,,,0,,-.5
156,堡林,2023-02-16 22:00,2.5,,0,0,71,1021.2,1030.1,,,,0,,.1
156,堡林,2023-02-16 23:00,2.1,,.3,0,76,1020.8,1029.7,,,,0,,-.2
156,堡林,2023-02-17 00:00,1.7,,.6,270,80,1020.9,1029.8,,,,3,,-.4
156,堡林,2023-02-17 01:00,1.4,,.4,0,81,1021.2,1030.1,,,,6,,-.5
156,堡林,2023-02-17 02:00,1.3,,.5,70,83,1021.1,1030,,,,7,,-.3
156,堡林,2023-02-17 03:00,1,,.9,50,85,1020.7,1029.6,,,,7,,-.4
156,堡林,2023-02-17 04:00,1.3,,1.3,70,86,1020,1028.9,,,,7,,-.3
156,堡林,2023-02-17 05:00,.3,,1.2,270,89,1020.7,1029.7,,,,6,,-.8
156,堡林,2023-02-17 06:00,.6,,.8,50,90,1020.5,1029.5,,,,9,,-.2
156,堡林,2023-02-17 07:00,.8,,.6,70,87,1020.2,1029.1,,,,9,,-.2
156,堡林,2023-02-17 08:00,1.5,,0,0,83,1019.9,1028.8,0,.12,,8,,.1
156,堡林,2023-02-17 09:00,2.6,,.4,0,79,1020.2,1029.1,0,.35,,10,,.5
156,堡林,2023-02-17 10:00,3.4,,.3,0,73,1019.7,1028.5,0,.44,,10,,4.1
156,堡林,2023-02-17 11:00,3.6,,.1,0,75,1019.8,1028.6,0,.45,,10,,5.9
156,堡林,2023-02-17 12:00,4.8,,.3,0,68,1020,1028.8,0,.56,,10,,7.4
156,堡林,2023-02-17 13:00,6.5,,.5,50,52,1018.8,1027.5,0,1.04,,10,,11.5
156,堡林,2023-02-17 14:00,7.9,,.8,250,39,1017.7,1026.4,0,1.45,,9,,14.5
156,堡林,2023-02-17 15:00,9,,.1,0,29,1017.1,1025.7,0,1.17,,9,,13.3
156,堡林,2023-02-17 16:00,9,,.5,50,35,1016.8,1025.4,0,.63,,10,,11
156,堡林,2023-02-17 17:00,8.6,,1.2,50,38,1017,1025.6,0,.23,,10,,8.1
156,堡林,2023-02-17 18:00,8.2,,1,50,34,1016.9,1025.5,0,.12,,10,,7
156,堡林,2023-02-17 19:00,8,,1.1,70,34,1017.2,1025.9,0,.06,,9,,6.1
156,堡林,2023-02-17 20:00,7.9,,.4,0,42,1016.5,1025.2,,,,8,,5.8
156,堡林,2023-02-17 21:00,7.9,0,1.1,90,42,1016.7,1025.4,,,,10,,5.8
156,堡林,2023-02-17 22:00,7.6,,.8,70,43,1016.3,1025,,,,0,,5.8
156,堡林,2023-02-17 23:00,7.8,,1.4,50,42,1015.9,1024.6,,,,9,,5.8
156,堡林,2023-02-18 00:00,7.8,0,.3,0,44,1016.1,1024.8,,,,10,,6.1
156,堡林,2023-02-18 01:00,7.8,,0,0,46,1015.5,1024.2,,,,10,,6.2
156,堡林,2023-02-18 02:00,6.4,,.3,0,68,1014.9,1023.6,,,,10,,6.1
156,堡林,2023-02-18 03:00,6.8,0,.7,70,69,1014,1022.7,,,,10,,6.2
156,堡林,2023-02-18 04:00,7,,.3,0,69,1013.1,1021.8,,,,10,,6.3
156,堡林,2023-02-18 05:00,7.1,,.1,0,71,1013.1,1021.8,,,,10,,6.4
156,堡林,2023-02-18 06:00,7.2,,0,0,75,1013.5,1022.2,,,,10,,6.5
156,堡林,2023-02-18 07:00,7.3,,.2,0,75,1013.3,1022,,,,10,,6.5
156,堡林,2023-02-18 08:00,7.6,,0,0,77,1013.2,1021.8,0,.08,,9,,6.9
156,堡林,2023-02-18 09:00,8.3,,.1,0,73,1013.6,1022.2,0,.23,,9,,8.2
156,堡林,2023-02-18 10:00,8.9,,.1,0,69,1013.6,1022.2,0,.39,,9,,9.9
156,堡林,2023-02-18 11:00,9.2,,.3,0,70,1013.5,1022.1,0,.27,,9,,9.3
156,堡林,2023-02-18 12:00,9.6,,.2,0,72,1012.9,1021.5,0,.36,,10,,9.8
156,堡林,2023-02-18 13:00,9.4,,.2,0,78,1011.8,1020.4,0,.29,,10,,10.3
156,堡林,2023-02-18 14:00,9.5,,.3,0,78,1010.6,1019.1,0,.28,,10,,9.9
156,堡林,2023-02-18 15:00,8.6,.5,.8,320,93,1010.7,1019.3,0,.22,,10,,9.5
156,堡林,2023-02-18 16:00,8.4,,.1,0,96,1010.2,1018.8,0,.14,,10,,9
156,堡林,2023-02-18 17:00,8.6,,.5,90,96,1009.6,1018.2,0,.17,,10,,9
156,堡林,2023-02-18 18:00,8.8,.8,0,0,96,1009.8,1018.4,0,.09,,10,,8.4
156,堡林,2023-02-18 19:00,8.8,,0,0,96,1010.1,1018.7,0,.06,,10,,8
156,堡林,2023-02-18 20:00,8.8,,0,0,96,1010.2,1018.8,,,,10,,8
156,堡林,2023-02-18 21:00,8.4,.5,.1,0,96,1009.6,1018.2,,,,10,,7.8
156,堡林,2023-02-18 22:00,8.4,,.5,180,96,1009.7,1018.3,,,,10,,7.7
156,堡林,2023-02-18 23:00,8.4,,0,0,96,1009.6,1018.2,,,,10,,7.6
156,堡林,2023-02-19 00:00,8.4,.3,.4,0,96,1009.1,1017.7,,,,10,,7.6
156,堡林,2023-02-19 01:00,8.3,,.5,250,96,1008.9,1017.5,,,,10,,7.6
156,堡林,2023-02-19 02:00,8,,1.4,270,96,1009,1017.6,,,,10,,7.6
156,堡林,2023-02-19 03:00,7.7,1.1,1.6,270,96,1009,1017.6,,,,10,,7.5
156,堡林,2023-02-19 04:00,7.2,,1.6,290,96,1009,1017.6,,,,10,,7.2
156,堡林,2023-02-19 05:00,6.4,,2.2,340,96,1009.4,1018.1,,,,10,,6.7
156,堡林,2023-02-19 06:00,5.5,.3,1.3,320,96,1009.9,1018.6,,,,9,,6.1
156,堡林,2023-02-19 07:00,5.3,,1.2,320,95,1010.6,1019.3,,,,10,,5.6
156,堡林,2023-02-19 08:00,5.7,,.8,290,94,1011,1019.7,0,.07,,10,,5.7
156,堡林,2023-02-19 09:00,5.8,0,.7,270,94,1011.2,1019.9,0,.09,,10,,6.1
156,堡林,2023-02-19 10:00,5.9,,1.7,320,92,1012,1020.7,0,.15,,10,,6.3
156,堡林,2023-02-19 11:00,5.2,,2.9,320,80,1012.6,1021.3,0,.4,,10,,7.2
156,堡林,2023-02-19 12:00,4.7,,2.2,360,76,1013.2,1021.9,0,.57,,10,,7.2
156,堡林,2023-02-19 13:00,5.1,,2.4,20,66,1012.7,1021.4,.1,1.05,,9,,10.1
156,堡林,2023-02-19 14:00,6.5,,2.9,360,52,1011.9,1020.6,.7,1.97,,7,,16.7
156,堡林,2023-02-19 15:00,6.3,,2.9,360,43,1012,1020.7,1,2.5,,0,,16.6
156,堡林,2023-02-19 16:00,6.3,,2.9,360,36,1012.3,1021,1,1.95,,0,,14.3
156,堡林,2023-02-19 17:00,4.9,,2.9,20,36,1012.7,1021.4,1,1.23,,0,,6.4
156,堡林,2023-02-19 18:00,3.7,,1.8,50,40,1013.4,1022.2,1,.5,,0,,2.6
156,堡林,2023-02-19 19:00,2.5,,1.5,290,52,1014.4,1023.2,.1,.07,,0,,.5
156,堡林,2023-02-19 20:00,1.8,,2.8,50,52,1014.6,1023.5,,,,0,,-.5
156,堡林,2023-02-19 21:00,1.3,,1.5,50,56,1015.1,1024,,,,0,,.2
156,堡林,2023-02-19 22:00,1.3,,1.8,50,53,1015.6,1024.5,,,,0,,.3
156,堡林,2023-02-19 23:00,1.3,,2.5,50,54,1016,1024.9,,,,0,,-.2
156,堡林,2023-02-20 00:00,.9,,1.6,50,57,1016.4,1025.3,,,,0,,-.7
156,堡林,2023-02-20 01:00,.1,,1.2,50,63,1016.8,1025.7,,,,0,,-1.1
156,堡林,2023-02-20 02:00,.2,,.5,20,67,1016.9,1025.8,,,,0,,-1.6
156,堡林,2023-02-20 03:00,-.2,,.7,70,71,1016.4,1025.3,,,,0,,-2
156,堡林,2023-02-20 04:00,-.2,,.4,0,72,1016.3,1025.2,,,,0,,-2.3
156,堡林,2023-02-20 05:00,-.3,,0,0,73,1016.1,1025,,,,0,,-2.6
156,堡林,2023-02-20 06:00,-.8,,.2,0,79,1016.3,1025.3,,,,0,,-2.8
156,堡林,2023-02-20 07:00,-.9,,.4,0,83,1016.6,1025.6,,,,0,,-3
156,堡林,2023-02-20 08:00,-.6,,.8,270,84,1017.4,1026.4,0,.14,,0,,-2.3
156,堡林,2023-02-20 09:00,1.3,,.7,270,77,1017.8,1026.7,1,.79,,0,,0
156,堡林,2023-02-20 10:00,4,,.7,250,66,1018,1026.8,1,1.47,,0,,2.1
156,堡林,2023-02-20 11:00,6,,2,320,53,1017.7,1026.4,1,2.03,,4,,11.2
156,堡林,2023-02-20 12:00,6.9,,2.6,340,38,1017.9,1026.6,.8,1.84,,6,,11.8
156,堡林,2023-02-20 13:00,7.3,,2.5,360,31,1017.7,1026.4,1,2.67,,3,,17.2
156,堡林,2023-02-20 14:00,6.5,,3.9,20,27,1017.9,1026.6,1,2.78,,4,,18.2
156,堡林,2023-02-20 15:00,5.2,,3.6,50,27,1017.9,1026.7,1,2.57,,1,,16.4
156,堡林,2023-02-20 16:00,4,,5,50,21,1018.4,1027.2,1,1.95,,0,,12.7
156,堡林,2023-02-20 17:00,2.3,,2.9,360,27,1019.1,1028,1,1.23,,0,,4.5
156,堡林,2023-02-20 18:00,1,,3.4,50,33,1019.7,1028.6,1,.52,,0,,.5
156,堡林,2023-02-20 19:00,0,,3.2,20,39,1020.3,1029.3,.1,.07,,0,,.3
156,堡林,2023-02-20 20:00,-.4,,2.8,360,44,1020.7,1029.7,,,,0,,-.4
156,堡林,2023-02-20 21:00,-.6,,2.4,20,44,1021.2,1030.2,,,,0,,-1
156,堡林,2023-02-20 22:00,-.9,,2.1,50,46,1022,1031,,,,0,,-1.6
156,堡林,2023-02-20 23:00,-.8,,3.2,50,48,1022.6,1031.6,,,,0,,-1.9
156,堡林,2023-02-21 00:00,-1.2,,2.7,50,50,1022.8,1031.8,,,,3,,-2.1
156,堡林,2023-02-21 01:00,-1.4,,3.6,50,45,1023.4,1032.4,,,,0,,-2.7
156,堡林,2023-02-21 02:00,-2.1,,2,50,48,1023.8,1032.9,,,,0,,-3.4
156,堡林,2023-02-21 03:00,-2.8,,3.2,50,47,1024.7,1033.8,,,,0,,-3.7
156,堡林,2023-02-21 04:00,-3.3,,2.4,50,47,1024.6,1033.7,,,,0,,-4.3
156,堡林,2023-02-21 05:00,-3.8,,2.2,70,48,1024.7,1033.8,,,,0,,-4.7
156,堡林,2023-02-21 06:00,-4,,1.4,70,49,1024.9,1034.1,,,,0,,-5.1
156,堡林,2023-02-21 07:00,-4.2,,1.5,70,49,1025.4,1034.6,,,,0,,-5.5
156,堡林,2023-02-21 08:00,-3.7,,1.8,50,48,1026.3,1035.5,0,.14,,0,,-4.9
156,堡林,2023-02-21 09:00,-1.5,,2.2,50,39,1026.8,1035.9,1,.85,,0,,-.7
156,堡林,2023-02-21 10:00,0,,1.4,70,35,1026.9,1035.9,1,1.61,,0,,1.8
156,堡林,2023-02-21 11:00,.8,,1.6,360,31,1027.1,1036.1,1,2.23,,0,,8.3
156,堡林,2023-02-21 12:00,2.7,,1.4,50,23,1025.7,1034.6,1,2.6,,0,,12.9
156,堡林,2023-02-21 13:00,4.2,,1.4,20,18,1024.9,1033.8,1,2.75,,0,,17.4
156,堡林,2023-02-21 14:00,5.1,,2.8,50,12,1024.2,1033,1,2.72,,4,,17.5
156,堡林,2023-02-21 15:00,5,,1.9,50,13,1024.1,1032.9,1,2.07,,6,,15.4
156,堡林,2023-02-21 16:00,5.8,,1.3,20,14,1024,1032.8,1,1.84,,6,,14.4
156,堡林,2023-02-21 17:00,4.8,,.9,340,18,1024,1032.8,1,1.17,,0,,6.9
156,堡林,2023-02-21 18:00,3.9,,1.1,320,23,1024.3,1033.2,1,.48,,0,,2.2
156,堡林,2023-02-21 19:00,2.2,,1.1,340,34,1025,1033.9,.2,.06,,0,,-.5
156,堡林,2023-02-21 20:00,1.3,,.5,290,40,1025.2,1034.2,,,,0,,.1
156,堡林,2023-02-21 21:00,.9,,1.1,270,43,1025.7,1034.7,,,,0,,-.4
156,堡林,2023-02-21 22:00,.3,,.2,0,48,1026.2,1035.2,,,,0,,-1.1
156,堡林,2023-02-21 23:00,-.5,,.6,50,52,1026,1035,,,,5,,-1.8
156,堡林,2023-02-22 00:00,-1,,.7,50,52,1025.7,1034.7,,,,0,,-2.2
156,堡林,2023-02-22 01:00,-.9,,.7,70,54,1025.4,1034.4,,,,4,,-2.6
156,堡林,2023-02-22 02:00,-1.4,,.5,90,51,1025.4,1034.5,,,,0,,-3
156,堡林,2023-02-22 03:00,-1.8,,.2,0,55,1025.4,1034.5,,,,0,,-3.2
156,堡林,2023-02-22 04:00,-2.1,,0,0,56,1025.2,1034.3,,,,2,,-3.4
156,堡林,2023-02-22 05:00,-2.3,,0,0,55,1024.6,1033.7,,,,2,,-3.7
156,堡林,2023-02-22 06:00,-2.4,,.4,0,61,1024.4,1033.5,,,,0,,-3.9
156,堡林,2023-02-22 07:00,-2.4,,.6,110,59,1023.9,1033,,,,0,,-4.1
156,堡林,2023-02-22 08:00,-2.2,,.6,270,63,1023.9,1033,.1,.15,,0,,-3.4
156,堡林,2023-02-22 09:00,.3,,.2,0,54,1023.8,1032.8,1,.83,,0,,-.2
156,堡林,2023-02-22 10:00,3.3,,.5,110,44,1023.7,1032.6,1,1.56,,0,,4.6
156,堡林,2023-02-22 11:00,5.2,,1,250,40,1023.4,1032.2,1,2.17,,2,,11.8
156,堡林,2023-02-22 12:00,8.2,,.6,290,35,1022.5,1031.2,1,2.59,,6,,19
156,堡林,2023-02-22 13:00,9.6,,1.2,270,35,1021.1,1029.7,1,2.58,,8,,20.3
156,堡林,2023-02-22 14:00,10.1,,2.6,270,40,1020,1028.6,1,2.37,,6,,21.4
156,堡林,2023-02-22 15:00,11.1,,2.9,270,39,1019.1,1027.7,1,2.3,,6,,20.6
156,堡林,2023-02-22 16:00,10.3,,2.8,270,42,1018.8,1027.4,.6,1.45,,9,,15.9
156,堡林,2023-02-22 17:00,9.4,,1.4,290,43,1018.2,1026.8,0,.58,,10,,11.5
156,堡林,2023-02-22 18:00,7.5,,1.4,290,46,1018.2,1026.9,0,.2,,10,,7.9
156,堡林,2023-02-22 19:00,6.4,,.5,290,50,1018.4,1027.1,0,.07,,10,,6.1
156,堡林,2023-02-22 20:00,5.9,,1,250,52,1018.4,1027.2,,,,10,,5.3
156,堡林,2023-02-22 21:00,5.6,,1.3,270,54,1018.4,1027.2,,,,10,,4.7
156,堡林,2023-02-22 22:00,5.2,,1.3,270,59,1018.2,1027,,,,10,,4.4
156,堡林,2023-02-22 23:00,3.8,,1.8,250,72,1018.5,1027.3,,,,10,,4.2
156,堡林,2023-02-23 00:00,2.2,.8,.9,250,92,1018.3,1027.2,,,,10,,3.5
156,堡林,2023-02-23 01:00,1.3,,.6,270,94,1018.2,1027.1,,,,10,,2.3
156,堡林,2023-02-23 02:00,1.4,,.1,0,95,1017.9,1026.8,,,,10,,2.9
156,堡林,2023-02-23 03:00,1.7,1,.5,290,95,1017.6,1026.5,,,,10,,3
156,堡林,2023-02-23 04:00,1.7,,.4,0,95,1017.1,1026,,,,9,,3.1
156,堡林,2023-02-23 05:00,1.5,,1.5,70,95,1017,1025.9,,,,9,,2.9
156,堡林,2023-02-23 06:00,1.6,,1.5,50,94,1017.1,1026,,,,9,,2.8
156,堡林,2023-02-23 07:00,.7,,1.9,70,92,1017.3,1026.2,,,,2,,1
156,堡林,2023-02-23 08:00,.9,,2.6,50,90,1017.5,1026.4,.2,.16,,1,,.7
156,堡林,2023-02-23 09:00,2.3,,2.6,70,77,1017.9,1026.8,1,.86,,1,,4.4
156,堡林,2023-02-23 10:00,3.7,,2.6,70,55,1017.3,1026.1,1,1.63,,2,,11.3
156,堡林,2023-02-23 11:00,5.5,,2.5,70,38,1016.8,1025.6,1,2.22,,4,,16
156,堡林,2023-02-23 12:00,7.6,,1.7,70,37,1015.9,1024.6,1,2.56,,3,,19.5
156,堡林,2023-02-23 13:00,8.3,,1.3,360,32,1014.6,1023.2,1,2.8,,2,,21.8
156,堡林,2023-02-23 14:00,9.9,,.9,320,31,1013.4,1022,1,2.65,,5,,22.3
156,堡林,2023-02-23 15:00,10.3,,1.6,290,31,1013.4,1022,1,2.31,,5,,19.9
156,堡林,2023-02-23 16:00,10.8,,1,20,28,1013,1021.5,1,1.44,,8,,16.2
156,堡林,2023-02-23 17:00,10,,1,360,30,1012.8,1021.4,.8,.9,,8,,11.8
156,堡林,2023-02-23 18:00,8.8,,1,340,32,1013.1,1021.7,0,.33,,7,,7.9
156,堡林,2023-02-23 19:00,7.3,,1.4,320,44,1013.3,1022,0,.07,,8,,5.6
156,堡林,2023-02-23 20:00,6.3,,1,320,50,1014,1022.7,,,,9,,4.8
156,堡林,2023-02-23 21:00,5.9,,1.3,90,50,1014.1,1022.8,,,,9,,4.5
156,堡林,2023-02-23 22:00,5.5,,1.6,70,51,1014.4,1023.1,,,,10,,4
156,堡林,2023-02-23 23:00,5.4,,.6,50,52,1013.9,1022.6,,,,10,,3.8
156,堡林,2023-02-24 00:00,5.2,,1,50,53,1013.5,1022.2,,,,9,,3.6
156,堡林,2023-02-24 01:00,4.9,,1.2,50,57,1013.5,1022.3,,,,10,,3.2
156,堡林,2023-02-24 02:00,4.7,,1,50,60,1013.8,1022.5,,,,7,,2.8
156,堡林,2023-02-24 03:00,4.2,,1.1,50,62,1013.7,1022.5,,,,7,,2.2
156,堡林,2023-02-24 04:00,4.1,,1.3,50,58,1013.7,1022.5,,,,8,,1.5
156,堡林,2023-02-24 05:00,4,,1.2,50,56,1013.8,1022.6,,,,9,,1.9
156,堡林,2023-02-24 06:00,3.9,,1.2,20,54,1014.2,1023,,,,6,,.8
156,堡林,2023-02-24 07:00,3.4,,.5,360,53,1014.4,1023.2,,,,5,,-.5
156,堡林,2023-02-24 08:00,3.3,,1.2,50,52,1014.8,1023.6,0,.13,,8,,.4
156,堡林,2023-02-24 09:00,4.9,,1.2,50,57,1015.2,1024,.3,.6,,7,,5.4
156,堡林,2023-02-24 10:00,6.4,,1,20,54,1015.6,1024.3,1,1.38,,2,,11.6
156,堡林,2023-02-24 11:00,7.5,,.8,320,47,1015.6,1024.3,1,1.93,,8,,15.9
156,堡林,2023-02-24 12:00,9.9,,1.1,290,43,1015.2,1023.8,1,2.48,,5,,21.2
156,堡林,2023-02-24 13:00,10,,1.4,290,36,1014.5,1023.1,1,2.72,,2,,23.3
156,堡林,2023-02-24 14:00,12.2,,3.7,50,22,1014.5,1023,1,2.66,,2,,24.1
156,堡林,2023-02-24 15:00,11.7,,2.4,360,24,1014.5,1023,1,2.34,,2,,23.1
156,堡林,2023-02-24 16:00,10.5,,3,20,25,1015.2,1023.8,1,1.77,,0,,18.4
156,堡林,2023-02-24 17:00,9.4,,2.4,50,38,1015.8,1024.4,1,1.07,,0,,12.5
156,堡林,2023-02-24 18:00,7.8,,1.8,20,33,1017,1025.7,1,.47,,0,,7.3
156,堡林,2023-02-24 19:00,6.1,,2.9,20,26,1018.1,1026.8,.1,.07,,0,,3.7
156,堡林,2023-02-24 20:00,5.1,,1.4,20,28,1018.9,1027.7,,,,0,,1.7
156,堡林,2023-02-24 21:00,4.2,,1.4,50,29,1019.3,1028.1,,,,0,,.3
156,堡林,2023-02-24 22:00,2.8,,1.8,320,44,1020,1028.9,,,,0,,-.5
156,堡林,2023-02-24 23:00,2.1,,1.2,50,48,1020.2,1029.1,,,,0,,-1.2
156,堡林,2023-02-25 00:00,1.5,,1.5,20,52,1020.2,1029.1,,,,0,,-.2
156,堡林,2023-02-25 01:00,1.1,,1,340,53,1020.7,1029.6,,,,0,,-.7
156,堡林,2023-02-25 02:00,.8,,.9,50,53,1020.9,1029.8,,,,0,,-1.1
156,堡林,2023-02-25 03:00,.6,,2.3,50,51,1020.9,1029.9,,,,0,,-1.4
156,堡林,2023-02-25 04:00,-.2,,1.5,50,49,1021,1030,,,,0,,-1.8
156,堡林,2023-02-25 05:00,-.5,,.7,70,53,1021.3,1030.3,,,,2,,-2.2
156,堡林,2023-02-25 06:00,-.2,,.4,0,53,1021.6,1030.6,,,,6,,-2.2
156,堡林,2023-02-25 07:00,.1,,1,50,53,1022.1,1031.1,,,,5,,-2.2
156,堡林,2023-02-25 08:00,.7,,1.7,50,52,1022.7,1031.7,.2,.21,,4,,-1.3
156,堡林,2023-02-25 09:00,1.8,,2.1,20,45,1023.1,1032,1,.9,,4,,.3
156,堡林,2023-02-25 10:00,3,,3.2,50,42,1023.4,1032.3,.9,1.29,,3,,4.5
156,堡林,2023-02-25 11:00,3.7,,2.1,320,37,1023.6,1032.5,1,2.05,,0,,13
156,堡林,2023-02-25 12:00,4.9,,3.7,50,29,1023.4,1032.2,1,2.73,,0,,18.9
156,堡林,2023-02-25 13:00,5.2,,1.9,290,30,1022.8,1031.6,1,2.91,,0,,21.8
156,堡林,2023-02-25 14:00,5.7,,2.9,340,22,1022.5,1031.3,1,2.87,,0,,22.9
156,堡林,2023-02-25 15:00,5.8,,2.7,50,23,1022.8,1031.6,1,2.6,,0,,21.9
156,堡林,2023-02-25 16:00,5.2,,2.7,290,30,1022.9,1031.7,1,2.02,,0,,18.6
156,堡林,2023-02-25 17:00,3.7,,2.6,320,34,1023.4,1032.3,1,1.34,,0,,9.8
156,堡林,2023-02-25 18:00,2.6,,2,340,35,1024.3,1033.2,1,.56,,0,,3.9
156,堡林,2023-02-25 19:00,1.4,,1.3,20,37,1025.5,1034.5,.2,.08,,0,,.7
156,堡林,2023-02-25 20:00,.9,,1.4,50,38,1026.4,1035.4,,,,0,,-.2
156,堡林,2023-02-25 21:00,.5,,1.2,50,40,1027,1036,,,,0,,-.9
156,堡林,2023-02-25 22:00,.2,,.3,0,43,1027.2,1036.2,,,,0,,-1.4
156,堡林,2023-02-25 23:00,.1,,.3,0,46,1027.3,1036.3,,,,0,,-1.9
156,堡林,2023-02-26 00:00,-.6,,.8,50,47,1027.6,1036.6,,,,0,,-2.4
156,堡林,2023-02-26 01:00,-.9,,.7,90,47,1027.7,1036.8,,,,0,,-2.8
156,堡林,2023-02-26 02:00,-1.2,,1.2,50,44,1027.9,1037,,,,0,,-3.3
156,堡林,2023-02-26 03:00,-1.2,,.1,0,51,1028,1037.1,,,,0,,-3.5
156,堡林,2023-02-26 04:00,-1.8,,.3,0,54,1028,1037.1,,,,0,,-3.8
156,堡林,2023-02-26 05:00,-2.3,,1,50,55,1028.2,1037.3,,,,0,,-4.1
156,堡林,2023-02-26 06:00,-2.6,,1.9,70,53,1028.4,1037.5,,,,0,,-4.5
156,堡林,2023-02-26 07:00,-2.3,,1.3,50,52,1028.9,1038,,,,0,,-4.6
156,堡林,2023-02-26 08:00,-2,,1,50,52,1029.3,1038.4,.3,.18,,0,,-3.6
156,堡林,2023-02-26 09:00,.4,,.7,50,42,1029.8,1038.8,1,.9,,0,,.2
156,堡林,2023-02-26 10:00,3,,2.6,70,27,1029.7,1038.6,1,1.67,,0,,6.1
156,堡林,2023-02-26 11:00,4.8,,2.1,70,21,1029.4,1038.3,1,2.31,,0,,13.4
156,堡林,2023-02-26 12:00,5.8,,1.2,320,20,1028.8,1037.6,1,2.73,,0,,20.7
156,堡林,2023-02-26 13:00,7.6,,1.6,20,12,1028,1036.8,1,2.93,,0,,24.8
156,堡林,2023-02-26 14:00,9.6,,1.7,290,8,1026.9,1035.6,1,2.88,,0,,26.4
156,堡林,2023-02-26 15:00,9.8,,1.7,270,8,1026.4,1035.1,1,2.55,,0,,25.6
156,堡林,2023-02-26 16:00,10.2,,1.5,320,10,1026.3,1035,1,2.03,,0,,22.2
156,堡林,2023-02-26 17:00,9,,2,290,14,1026.3,1035,1,1.31,,0,,13.3
156,堡林,2023-02-26 18:00,7.3,,2,320,25,1026.6,1035.4,1,.55,,0,,6.7
156,堡林,2023-02-26 19:00,5.2,,2.2,320,35,1026.9,1035.8,.2,.09,,0,,3.2
156,堡林,2023-02-26 20:00,3.5,,1,320,46,1027.4,1036.3,,,,0,,1.2
156,堡林,2023-02-26 21:00,3,,.5,290,51,1027.7,1036.6,,,,0,,-.5
156,堡林,2023-02-26 22:00,2.7,,.2,0,53,1028.1,1037,,,,0,,-.7
156,堡林,2023-02-26 23:00,2.1,,.1,0,54,1028.1,1037.1,,,,0,,-1.1
156,堡林,2023-02-27 00:00,1.5,,.2,0,56,1027.9,1036.9,,,,0,,-1.5
156,堡林,2023-02-27 01:00,.7,,0,0,60,1027.8,1036.8,,,,0,,-1.9
156,堡林,2023-02-27 02:00,.1,,0,0,60,1027.7,1036.7,,,,0,,-2.3
156,堡林,2023-02-27 03:00,-.6,,0,0,57,1027.5,1036.5,,,,0,,-2.6
156,堡林,2023-02-27 04:00,-.8,,0,0,57,1027.2,1036.3,,,,0,,-3
156,堡林,2023-02-27 05:00,-1.5,,.5,270,66,1027.3,1036.4,,,,0,,-3.3
156,堡林,2023-02-27 06:00,-1.5,,0,0,67,1027.4,1036.5,,,,0,,-3.6
156,堡林,2023-02-27 07:00,-1.9,,0,0,70,1027.6,1036.7,,,,0,,-3.9
156,堡林,2023-02-27 08:00,-1.3,,0,0,70,1027.9,1037,.3,.18,,0,,-3.2
156,堡林,2023-02-27 09:00,.8,,.1,0,59,1028.3,1037.3,1,.93,,0,,.3
156,堡林,2023-02-27 10:00,4,,.5,50,44,1028,1036.9,1,1.71,,0,,7.1
156,堡林,2023-02-27 11:00,7.1,,.9,250,37,1027.6,1036.4,1,2.3,,0,,16.5
156,堡林,2023-02-27 12:00,9.6,,1.3,290,25,1026.9,1035.6,1,2.77,,0,,23.8
156,堡林,2023-02-27 13:00,11.7,,1.7,270,12,1025.8,1034.4,1,3,,0,,27.9
156,堡林,2023-02-27 14:00,13.5,,1.4,270,11,1024.7,1033.2,1,2.95,,0,,29.9
156,堡林,2023-02-27 15:00,13.6,,2.3,270,7,1024,1032.5,1,2.6,,0,,28.8
156,堡林,2023-02-27 16:00,14.7,,1.4,270,4,1023.7,1032.2,1,2.05,,0,,25.8
156,堡林,2023-02-27 17:00,13.4,,2.3,230,9,1023.3,1031.8,1,1.33,,0,,16.5
156,堡林,2023-02-27 18:00,11.5,,1.6,270,24,1023.4,1032,1,.55,,0,,9.6
156,堡林,2023-02-27 19:00,9.4,,.7,290,30,1023.7,1032.4,.3,.08,,0,,5.7
156,堡林,2023-02-27 20:00,8.3,,.8,270,34,1024,1032.7,,,,0,,3.5
156,堡林,2023-02-27 21:00,7.5,,.4,0,38,1024.1,1032.8,,,,0,,1.7
156,堡林,2023-02-27 22:00,6.2,,.9,250,45,1024.1,1032.9,,,,0,,.6
156,堡林,2023-02-27 23:00,5.4,,1.3,200,49,1023.9,1032.7,,,,0,,-.3
156,堡林,2023-02-28 00:00,4.5,,.6,290,55,1023.4,1032.2,,,,0,,-.7
156,堡林,2023-02-28 01:00,3.2,,0,0,60,1023,1031.9,,,,0,,-1.1
156,堡林,2023-02-28 02:00,2.7,,.1,0,63,1022.9,1031.8,,,,0,,-1.4
156,堡林,2023-02-28 03:00,1.7,,0,0,68,1022.2,1031.1,,,,0,,-1.7
156,堡林,2023-02-28 04:00,1.3,,0,0,71,1021.7,1030.6,,,,0,,-2.1
156,堡林,2023-02-28 05:00,.5,,0,0,75,1021.6,1030.6,,,,0,,-2.4
156,堡林,2023-02-28 06:00,0,,0,0,77,1021.7,1030.7,,,,0,,-2.6
156,堡林,2023-02-28 07:00,-.2,,0,0,79,1022.1,1031.1,,,,0,,-2.7
156,堡林,2023-02-28 08:00,.3,,0,0,77,1022.2,1031.2,.3,.19,,0,,-1.8
156,堡林,2023-02-28 09:00,3,,0,0,65,1022.7,1031.6,1,.91,,0,,1.7
156,堡林,2023-02-28 10:00,6,,.7,250,55,1022.4,1031.2,1,1.64,,0,,10.5
156,堡林,2023-02-28 11:00,10.6,,1.1,230,55,1021.8,1030.4,1,2.29,,0,,20.3
156,堡林,2023-02-28 12:00,12.6,,2.6,230,49,1020.7,1029.2,1,2.73,,2,,26.8
156,堡林,2023-02-28 13:00,14.2,,3.1,230,43,1019.5,1028,1,2.95,,4,,30.5
156,堡林,2023-02-28 14:00,16.3,,2.9,250,32,1018.3,1026.7,1,2.85,,0,,32.4
156,堡林,2023-02-28 15:00,15.4,,2.1,250,32,1017.4,1025.8,1,2.53,,0,,31.2
156,堡林,2023-02-28 16:00,15,,1,250,35,1016.2,1024.6,1,1.95,,0,,27.6
156,堡林,2023-02-28 17:00,14.6,,2.8,270,33,1015.9,1024.3,1,1.27,,0,,18.6
156,堡林,2023-02-28 18:00,13.4,,2.6,250,44,1016,1024.5,.9,.55,,0,,11.7
156,堡林,2023-02-28 19:00,12.2,,1.7,250,50,1016.4,1024.9,0,.08,,4,,8.2
156,堡林,2023-02-28 20:00,10.8,,1.9,270,60,1016.7,1025.3,,,,0,,6.5
156,堡林,2023-02-28 21:00,9.5,,1.1,250,68,1016.9,1025.5,,,,3,,5.2
156,堡林,2023-02-28 22:00,8.6,,1.3,230,67,1016.9,1025.5,,,,2,,4.1
156,堡林,2023-02-28 23:00,9.1,,.7,200,69,1017,1025.6,,,,8,,6.5
156,堡林,2023-03-01 00:00,9.2,,.9,180,71,1016.5,1025.1,,,,9,,7
156,堡林,2023-03-01 01:00,9.3,,.2,0,72,1015.9,1024.5,,,,0,,5.8
156,堡林,2023-03-01 02:00,8.8,,.5,90,74,1015.5,1024.1,,,,9,,6.9
156,堡林,2023-03-01 03:00,9.1,,0,0,72,1015,1023.6,,,,8,,7
156,堡林,2023-03-01 04:00,8.7,,.4,0,75,1013.6,1022.2,,,,7,,6.4
156,堡林,2023-03-01 05:00,8.1,,0,0,79,1013.5,1022.1,,,,9,,6.3
156,堡林,2023-03-01 06:00,7.9,,0,0,80,1013.8,1022.4,,,,9,,6.8
156,堡林,2023-03-01 07:00,8,,0,0,78,1013.4,1022,,,,10,,6.6
156,堡林,2023-03-01 08:00,8.2,,0,0,78,1013.6,1022.2,0,.09,,9,,7.2
156,堡林,2023-03-01 09:00,8.1,,.1,0,76,1013.4,1022,0,.25,,9,,8.5
156,堡林,2023-03-01 10:00,10.5,,.1,0,66,1013,1021.6,.3,.97,,8,,15.7
156,堡林,2023-03-01 11:00,10.9,,1.7,270,65,1013.2,1021.7,.4,1.61,,8,,19.8
156,堡林,2023-03-01 12:00,11.5,,.9,360,63,1012.9,1021.4,0,1.11,,9,,19.1
156,堡林,2023-03-01 13:00,11.5,,2.1,320,58,1012.6,1021.1,.2,1.64,,7,,21.6
156,堡林,2023-03-01 14:00,11.9,,1.9,340,45,1011.8,1020.3,.4,1.55,,8,,21.8
156,堡林,2023-03-01 15:00,11.9,,2.6,320,35,1011.7,1020.2,1,2.16,,7,,24.7
156,堡林,2023-03-01 16:00,10.1,,2.4,340,50,1012.2,1020.8,1,1.6,,7,,20.4
156,堡林,2023-03-01 17:00,8.9,,2.7,50,51,1012.9,1021.5,.4,.88,,7,,15.8
156,堡林,2023-03-01 18:00,7.5,,2.3,50,45,1013.6,1022.2,.9,.47,,0,,8.6
156,堡林,2023-03-01 19:00,6.4,,1.3,360,38,1014.7,1023.4,.1,.08,,0,,5
156,堡林,2023-03-01 20:00,6.1,,2.1,20,30,1015.3,1024,,,,0,,3.2
156,堡林,2023-03-01 21:00,5.5,,1.8,20,28,1015.9,1024.6,,,,0,,1.9
156,堡林,2023-03-01 22:00,5.1,,1.3,20,30,1016.4,1025.2,,,,0,,.9
156,堡林,2023-03-01 23:00,4.9,,1.3,20,33,1016.8,1025.6,,,,0,,.4
156,堡林,2023-03-02 00:00,4.6,,1.5,340,33,1016.8,1025.6,,,,0,,-.2
156,堡林,2023-03-02 01:00,4.3,,1.1,20,35,1017.3,1026.1,,,,0,,-.4
156,堡林,2023-03-02 02:00,4,,1.5,50,44,1017.3,1026.1,,,,5,,-.1
156,堡林,2023-03-02 03:00,4.1,,2.1,20,59,1017.3,1026.1,,,,0,,-.3
156,堡林,2023-03-02 04:00,3.6,,2.5,20,44,1017.6,1026.4,,,,0,,-.5
156,堡林,2023-03-02 05:00,2.9,,3.4,50,32,1018.2,1027,,,,0,,-1.3
156,堡林,2023-03-02 06:00,2.4,,3.5,50,27,1018.6,1027.5,,,,0,,-1.6
156,堡林,2023-03-02 07:00,1.9,,3.3,50,26,1019.1,1028,,,,0,,-1.2
156,堡林,2023-03-02 08:00,2,,3,50,26,1019.7,1028.6,.3,.23,,0,,-1
156,堡林,2023-03-02 09:00,3.3,,2.7,50,23,1020.4,1029.2,1,1.01,,0,,3.9
156,堡林,2023-03-02 10:00,4,,2.9,50,20,1020.8,1029.6,1,1.78,,0,,12.5
156,堡林,2023-03-02 11:00,5.2,,2.4,20,20,1020.9,1029.7,1,2.39,,0,,19.4
156,堡林,2023-03-02 12:00,6.2,,2.8,50,17,1020.7,1029.5,1,2.83,,0,,24.9
156,堡林,2023-03-02 13:00,6.4,,2.2,360,16,1020,1028.7,1,3.01,,0,,28.5
156,堡林,2023-03-02 14:00,7.1,,2.9,50,15,1019,1027.7,1,2.96,,0,,29.4
156,堡林,2023-03-02 15:00,6.5,,2.4,20,15,1019.2,1027.9,1,2.64,,0,,27.2
156,堡林,2023-03-02 16:00,6.8,,2.2,20,16,1019,1027.7,1,2.1,,0,,23.6
156,堡林,2023-03-02 17:00,5.7,,2.3,360,20,1019,1027.8,1,1.4,,0,,13.9
156,堡林,2023-03-02 18:00,4.5,,1.3,360,30,1019.2,1028,1,.59,,0,,6.2
156,堡林,2023-03-02 19:00,2.7,,2,320,39,1020.1,1029,.2,.1,,0,,2.7
156,堡林,2023-03-02 20:00,1.9,,1.8,320,43,1021.1,1030,,,,0,,1
156,堡林,2023-03-02 21:00,1.3,,.9,340,44,1021.4,1030.3,,,,0,,-.7
156,堡林,2023-03-02 22:00,1.1,,.9,50,46,1021.7,1030.6,,,,0,,-1.5
156,堡林,2023-03-02 23:00,-.1,,1.8,70,46,1021.5,1030.5,,,,0,,-2
156,堡林,2023-03-03 00:00,-.1,,1.9,70,46,1021.4,1030.4,,,,0,,-2.5
156,堡林,2023-03-03 01:00,-.7,,1.7,70,49,1021.3,1030.3,,,,0,,-2.7
156,堡林,2023-03-03 02:00,-.5,,.7,50,51,1020.9,1029.9,,,,0,,-3
156,堡林,2023-03-03 03:00,-1.2,,1.1,50,54,1020.5,1029.5,,,,0,,-3.2
156,堡林,2023-03-03 04:00,-1,,0,0,56,1020.5,1029.5,,,,0,,-3.4
156,堡林,2023-03-03 05:00,-1.3,,.3,0,59,1020.5,1029.5,,,,0,,-3.6
156,堡林,2023-03-03 06:00,-2,,1,50,63,1020.3,1029.3,,,,0,,-3.9
156,堡林,2023-03-03 07:00,-2.1,,1,320,63,1020.8,1029.8,0,.05,,0,,-3.9
156,堡林,2023-03-03 08:00,-1.8,,.8,290,63,1021.1,1030.1,.4,.25,,0,,-2.9
156,堡林,2023-03-03 09:00,.7,,.9,290,50,1021.6,1030.6,1,.99,,0,,2.2
156,堡林,2023-03-03 10:00,3.3,,.9,290,41,1021.6,1030.5,1,1.73,,0,,10.2
156,堡林,2023-03-03 11:00,6.7,,.7,340,27,1021.1,1029.8,1,2.33,,0,,20
156,堡林,2023-03-03 12:00,8.5,,1.1,250,18,1020.1,1028.8,1,2.76,,0,,26.7
156,堡林,2023-03-03 13:00,11.4,,2.2,270,17,1019.3,1027.9,1,2.91,,0,,30.9
156,堡林,2023-03-03 14:00,11.8,,1.6,230,17,1018.1,1026.6,1,2.85,,2,,32.6
156,堡林,2023-03-03 15:00,13.1,,1.8,360,15,1017.5,1026,1,2.49,,1,,30.1
156,堡林,2023-03-03 16:00,13.4,,1.9,320,16,1017.2,1025.7,1,1.97,,4,,26.7
156,堡林,2023-03-03 17:00,12.1,,1.4,320,17,1017.4,1025.9,1,1.29,,5,,17.3
156,堡林,2023-03-03 18:00,10.4,,1.9,340,20,1017.9,1026.5,.9,.52,,5,,9.8
156,堡林,2023-03-03 19:00,8.5,,1.7,320,24,1018.7,1027.4,0,.09,,3,,5.9
156,堡林,2023-03-03 20:00,7.3,,.6,20,27,1019.5,1028.2,,,,0,,3.7
156,堡林,2023-03-03 21:00,6.4,,1.1,320,26,1020.2,1028.9,,,,0,,2.3
156,堡林,2023-03-03 22:00,5.6,,1.2,270,32,1020.6,1029.4,,,,2,,1.2
156,堡林,2023-03-03 23:00,5.1,,.3,0,36,1020.7,1029.5,,,,5,,.1
156,堡林,2023-03-04 00:00,4.6,,0,0,39,1020.6,1029.4,,,,5,,-.4
156,堡林,2023-03-04 01:00,3.8,,1.5,70,42,1020.1,1028.9,,,,5,,-.7
156,堡林,2023-03-04 02:00,3.5,,.5,270,44,1020.2,1029,,,,5,,-.9
156,堡林,2023-03-04 03:00,2.8,,.9,50,50,1019.9,1028.8,,,,5,,-.9
156,堡林,2023-03-04 04:00,2.6,,.8,320,53,1019.7,1028.6,,,,4,,-.4
156,堡林,2023-03-04 05:00,2.1,,0,0,58,1019.9,1028.8,,,,8,,-.1
156,堡林,2023-03-04 06:00,2.1,,1,50,62,1019.7,1028.6,,,,8,,.1
156,堡林,2023-03-04 07:00,2.6,,1,290,63,1019.9,1028.8,0,.06,,9,,.4
156,堡林,2023-03-04 08:00,2.8,,0,0,65,1020.3,1029.2,0,.22,,9,,2.8
156,堡林,2023-03-04 09:00,4.4,,0,0,58,1020.7,1029.5,.3,.8,,9,,8.8
156,堡林,2023-03-04 10:00,6.2,,0,0,53,1021,1029.8,.3,1.13,,9,,12.8
156,堡林,2023-03-04 11:00,10.9,,.7,270,40,1020.7,1029.3,1,2.15,,7,,22.7
156,堡林,2023-03-04 12:00,12.5,,1,270,31,1020,1028.5,1,2.46,,7,,27.3
156,堡林,2023-03-04 13:00,15,,1.1,290,20,1019.1,1027.6,1,2.88,,7,,33.6
156,堡林,2023-03-04 14:00,15.4,,1,290,14,1018.2,1026.6,1,2.91,,8,,35.8
156,堡林,2023-03-04 15:00,16.5,,1,340,10,1017.7,1026.1,1,2.52,,8,,34.1
156,堡林,2023-03-04 16:00,16.2,,1.8,20,17,1017.5,1025.9,1,1.95,,9,,28.9
156,堡林,2023-03-04 17:00,14.6,,1.4,50,22,1017.9,1026.3,.6,.96,,8,,19.4
156,堡林,2023-03-04 18:00,13.5,,1.2,20,26,1018.2,1026.7,.4,.41,,6,,12.9
156,堡林,2023-03-04 19:00,11.4,,.5,20,28,1018.6,1027.2,0,.08,,0,,7.8
156,堡林,2023-03-04 20:00,9.9,,.6,320,27,1019.3,1027.9,,,,0,,5
156,堡林,2023-03-04 21:00,8.8,,1.7,70,26,1019.6,1028.2,,,,0,,3.5
156,堡林,2023-03-04 22:00,8.8,,.5,320,24,1020.4,1029.1,,,,0,,2.5
156,堡林,2023-03-04 23:00,7.5,,1.3,70,28,1020.3,1029,,,,0,,1.6
156,堡林,2023-03-05 00:00,7.6,,0,0,29,1020.2,1028.9,,,,0,,1.2
156,堡林,2023-03-05 01:00,6.4,,0,0,35,1020.2,1028.9,,,,0,,.5
156,堡林,2023-03-05 02:00,5.4,,0,0,40,1020.3,1029.1,,,,0,,.1
156,堡林,2023-03-05 03:00,4.8,,0,0,45,1020.1,1028.9,,,,0,,-.4
156,堡林,2023-03-05 04:00,4.5,,0,0,47,1019.7,1028.5,,,,0,,-.8
156,堡林,2023-03-05 05:00,3.3,,0,0,55,1020,1028.8,,,,0,,-1.1
156,堡林,2023-03-05 06:00,2.9,,0,0,58,1020.3,1029.2,,,,0,,-1.4
156,堡林,2023-03-05 07:00,2.6,,0,0,62,1020.7,1029.6,0,.06,,0,,-1.6
156,堡林,2023-03-05 08:00,3.4,,0,0,61,1020.9,1029.7,.2,.24,,0,,.5
156,堡林,2023-03-05 09:00,5.5,,0,0,54,1021.3,1030.1,1,.86,,0,,7.3
156,堡林,2023-03-05 10:00,8.1,,.6,250,46,1021.3,1030,1,1.58,,0,,15.7
156,堡林,2023-03-05 11:00,11.2,,.8,270,41,1020.9,1029.5,1,2.18,,0,,23.8
156,堡林,2023-03-05 12:00,13.6,,1.6,270,38,1020,1028.5,1,2.6,,0,,30.2
156,堡林,2023-03-05 13:00,14.6,,1.8,270,34,1018.8,1027.2,1,2.59,,7,,31.2
156,堡林,2023-03-05 14:00,15.6,,1.3,360,22,1017.6,1026,1,2.67,,8,,34.8
156,堡林,2023-03-05 15:00,17.1,,1.4,250,20,1016.9,1025.2,1,2.21,,9,,33.6
156,堡林,2023-03-05 16:00,17,,.9,230,19,1016.4,1024.7,.7,1.41,,7,,28
156,堡林,2023-03-05 17:00,14.9,,1.2,50,37,1016.1,1024.5,1,1.27,,7,,20
156,堡林,2023-03-05 18:00,13.1,,2,320,41,1016.4,1024.9,.9,.54,,6,,13.8
156,堡林,2023-03-05 19:00,11.6,,.9,320,45,1016.9,1025.4,0,.1,,5,,8.8
156,堡林,2023-03-05 20:00,10.7,,.7,250,48,1017.2,1025.8,,,,0,,6.4
156,堡林,2023-03-05 21:00,9.6,,.8,250,51,1017.5,1026.1,,,,0,,4.7
156,堡林,2023-03-05 22:00,9,,.9,250,55,1018.1,1026.7,,,,0,,3.5
156,堡林,2023-03-05 23:00,8.3,,0,0,57,1018,1026.7,,,,0,,2.4
156,堡林,2023-03-06 00:00,7.5,,.7,270,61,1017.9,1026.6,,,,0,,1.7
156,堡林,2023-03-06 01:00,6.5,,0,0,67,1017.9,1026.6,,,,0,,.9
156,堡林,2023-03-06 02:00,5.9,,0,0,69,1017.9,1026.6,,,,0,,.3
156,堡林,2023-03-06 03:00,4.9,,0,0,73,1017.5,1026.3,,,,0,,-.5
156,堡林,2023-03-06 04:00,4.1,,0,0,78,1017.2,1026,,,,0,,-1
156,堡林,2023-03-06 05:00,3.3,,0,0,79,1017.3,1026.1,,,,0,,-1.4
156,堡林,2023-03-06 06:00,3,,0,0,83,1017.6,1026.4,,,,0,,-1.9
156,堡林,2023-03-06 07:00,2.6,,0,0,84,1017.8,1026.7,0,.05,,0,,-2.1
156,堡林,2023-03-06 08:00,3.2,,0,0,82,1018.1,1026.9,.3,.26,,0,,0
156,堡林,2023-03-06 09:00,5.3,,0,0,71,1018.2,1027,1,.94,,0,,7.5
156,堡林,2023-03-06 10:00,8.2,,0,0,56,1018.2,1026.9,1,1.66,,0,,16.2
156,堡林,2023-03-06 11:00,11.5,,.8,230,40,1017.9,1026.5,1,2.28,,0,,24.9
156,堡林,2023-03-06 12:00,14.4,,1.6,250,33,1017.3,1025.7,1,2.73,,0,,31.7
156,堡林,2023-03-06 13:00,16.8,,2,230,26,1016.1,1024.5,1,2.91,,0,,35.8
156,堡林,2023-03-06 14:00,16.1,,1.6,270,22,1014.7,1023.1,1,2.82,,0,,37.1
156,堡林,2023-03-06 15:00,17.1,,2.1,270,18,1013.8,1022.1,1,2.53,,0,,35.7
156,堡林,2023-03-06 16:00,17,,3.1,270,20,1013.6,1021.9,1,2.03,,0,,31.1
156,堡林,2023-03-06 17:00,16.2,,2.7,270,23,1013.4,1021.8,1,1.34,,0,,21.7
156,堡林,2023-03-06 18:00,14.6,,3.3,270,27,1013.4,1021.8,1,.59,,0,,13.2
156,堡林,2023-03-06 19:00,13.3,,1.6,250,37,1013.7,1022.1,.1,.09,,0,,8.9
156,堡林,2023-03-06 20:00,11.9,,1.8,270,47,1014.3,1022.8,,,,0,,6.9
156,堡林,2023-03-06 21:00,10.6,,1,230,51,1014.5,1023.1,,,,0,,5.1
156,堡林,2023-03-06 22:00,10.2,,1.3,200,53,1014.6,1023.2,,,,0,,4.4
156,堡林,2023-03-06 23:00,9.6,,.8,200,64,1014.8,1023.4,,,,0,,3.6
156,堡林,2023-03-07 00:00,9.1,,.6,90,64,1014.7,1023.3,,,,0,,3.1
156,堡林,2023-03-07 01:00,8.6,,.9,70,66,1014.7,1023.3,,,,2,,2.9
156,堡林,2023-03-07 02:00,8.2,,.2,0,68,1014.7,1023.3,,,,0,,2.6
156,堡林,2023-03-07 03:00,7.6,,.1,0,70,1014.3,1023,,,,0,,2.2
156,堡林,2023-03-07 04:00,6.7,,.7,360,73,1013.9,1022.6,,,,0,,2.1
156,堡林,2023-03-07 05:00,6.7,,.5,70,75,1013.7,1022.4,,,,0,,1.9
156,堡林,2023-03-07 06:00,6,,1.3,20,75,1013.8,1022.5,,,,0,,2.1
156,堡林,2023-03-07 07:00,6,,.6,340,76,1014,1022.7,0,.05,,1,,2
156,堡林,2023-03-07 08:00,6.8,,1,320,74,1014.7,1023.4,0,.22,,5,,4.5
156,堡林,2023-03-07 09:00,8.3,,.2,0,67,1015,1023.6,.5,.76,,0,,9.8
156,堡林,2023-03-07 10:00,11.8,,1,270,53,1015.1,1023.6,.9,1.32,,0,,16.2
156,堡林,2023-03-07 11:00,15.3,,1.1,270,42,1014.9,1023.3,.9,1.89,,4,,25.3
156,堡林,2023-03-07 12:00,17.6,,2.4,230,38,1014.5,1022.8,.9,2.08,,6,,29.3
156,堡林,2023-03-07 13:00,19.5,,3.2,230,33,1013.6,1021.8,1,2.53,,4,,35
156,堡林,2023-03-07 14:00,20.4,,3.5,250,25,1012.8,1021,1,2.62,,0,,36.3
156,堡林,2023-03-07 15:00,21.4,,3.7,230,24,1012.3,1020.5,1,2.31,,0,,35
156,堡林,2023-03-07 16:00,20.6,,3.1,230,25,1012.3,1020.5,1,1.82,,0,,31.3
156,堡林,2023-03-07 17:00,18.8,,4.9,200,30,1012.3,1020.5,1,1.14,,0,,22.9
156,堡林,2023-03-07 18:00,17,,3.2,200,32,1012.5,1020.8,.8,.5,,0,,15.5
156,堡林,2023-03-07 19:00,15.3,,2.4,230,36,1012.8,1021.2,0,.09,,0,,11
156,堡林,2023-03-07 20:00,14.7,,2.4,230,41,1013,1021.4,,,,0,,8.8
156,堡林,2023-03-07 21:00,14.3,,1.8,230,40,1013.3,1021.7,,,,0,,7.7
156,堡林,2023-03-07 22:00,13.7,,1.2,200,37,1013.7,1022.1,,,,0,,6.3
156,堡林,2023-03-07 23:00,13.1,,1.1,250,41,1013.9,1022.4,,,,0,,5.4
156,堡林,2023-03-08 00:00,12.5,,.8,290,45,1013.8,1022.3,,,,0,,4.9
156,堡林,2023-03-08 01:00,11.6,,.8,290,52,1013.7,1022.2,,,,0,,4.3
156,堡林,2023-03-08 02:00,10.4,,.9,70,54,1013.6,1022.2,,,,0,,3.6
156,堡林,2023-03-08 03:00,9.6,,.6,110,56,1013.2,1021.8,,,,0,,3
156,堡林,2023-03-08 04:00,8.8,,0,0,64,1012.8,1021.4,,,,0,,2.4
156,堡林,2023-03-08 05:00,8,,.2,0,73,1013.1,1021.7,,,,0,,2.1
156,堡林,2023-03-08 06:00,7.8,,.9,50,75,1013,1021.6,,,,0,,1.7
156,堡林,2023-03-08 07:00,7.1,,.8,270,81,1013.9,1022.6,0,.06,,1,,1.5
156,堡林,2023-03-08 08:00,7.8,,.1,0,77,1014.1,1022.7,.3,.27,,0,,3.8
156,堡林,2023-03-08 09:00,11.2,,.6,70,58,1014.1,1022.6,1,.91,,2,,11.3
156,堡林,2023-03-08 10:00,14.6,,0,0,40,1014,1022.4,1,1.48,,7,,18.8
156,堡林,2023-03-08 11:00,17.7,,2.4,250,29,1013.7,1022,1,1.98,,7,,26.4
156,堡林,2023-03-08 12:00,19.3,,3.5,230,26,1012.9,1021.1,1,2.54,,6,,34.8
156,堡林,2023-03-08 13:00,18.6,,2.8,250,21,1012.3,1020.5,.7,2.17,,6,,31.2
156,堡林,2023-03-08 14:00,19.1,,4.4,250,23,1011.3,1019.5,1,2.44,,6,,35.2
156,堡林,2023-03-08 15:00,19.6,,4.1,270,33,1010.7,1018.9,1,2.39,,3,,35.7
156,堡林,2023-03-08 16:00,19.5,,4.3,250,38,1010.6,1018.8,1,2,,0,,31.9
156,堡林,2023-03-08 17:00,18.8,,5.1,230,44,1009.8,1018,1,1.33,,0,,23.9
156,堡林,2023-03-08 18:00,17.3,,3.1,250,52,1010.2,1018.5,1,.56,,0,,16.2
156,堡林,2023-03-08 19:00,16.4,,2.5,250,57,1010.6,1018.9,0,.09,,6,,14.7
156,堡林,2023-03-08 20:00,16,,1.6,230,58,1010.6,1018.9,,,,6,,13.5
156,堡林,2023-03-08 21:00,16,,2.6,200,58,1010.5,1018.8,,,,6,,12.6
156,堡林,2023-03-08 22:00,15.6,,2.4,180,59,1010.6,1019,,,,7,,12
156,堡林,2023-03-08 23:00,14.9,,2,180,59,1010,1018.4,,,,6,,10.1
156,堡林,2023-03-09 00:00,15.1,,2.1,180,60,1009.8,1018.2,,,,4,,11.8
156,堡林,2023-03-09 01:00,15.2,,2.4,180,63,1009.3,1017.7,,,,6,,11.9
156,堡林,2023-03-09 02:00,15,,3.1,200,67,1009,1017.4,,,,6,,12.4
156,堡林,2023-03-09 03:00,14.1,,1.4,200,74,1008.4,1016.8,,,,2,,9.5
156,堡林,2023-03-09 04:00,14.3,,2.2,180,74,1007.7,1016.1,,,,2,,9.4
156,堡林,2023-03-09 05:00,14,,1.4,200,76,1007.1,1015.5,,,,6,,8.9
156,堡林,2023-03-09 06:00,14.2,,1.9,200,77,1007.1,1015.5,,,,6,,9.6
156,堡林,2023-03-09 07:00,13.8,,1.7,230,82,1007.3,1015.7,0,.05,,7,,8.6
156,堡林,2023-03-09 08:00,13.9,,1.2,270,82,1007.5,1015.9,0,.16,,9,,11.3
156,堡林,2023-03-09 09:00,15.1,,.9,270,77,1007.8,1016.2,0,.4,,9,,14.8
156,堡林,2023-03-09 10:00,15.6,,2,270,78,1008.1,1016.4,0,.72,,9,,18.3
156,堡林,2023-03-09 11:00,17.1,,2.1,230,67,1007.6,1015.9,.6,1.61,,7,,25.2
156,堡林,2023-03-09 12:00,18.7,,2.2,230,62,1007.4,1015.6,.8,2.1,,6,,32.4
156,堡林,2023-03-09 13:00,19.6,,1.4,270,55,1006.9,1015,1,2.49,,7,,36.7
156,堡林,2023-03-09 14:00,20.3,,1.5,290,49,1006.2,1014.4,1,2.5,,7,,38.7
156,堡林,2023-03-09 15:00,20.8,,1.3,290,47,1005.6,1013.8,.9,2.19,,2,,35.1
156,堡林,2023-03-09 16:00,21.5,,1.4,320,33,1005.9,1014,1,1.85,,0,,32.9
156,堡林,2023-03-09 17:00,20.1,,1.7,290,41,1006.2,1014.4,1,1.2,,0,,25.5
156,堡林,2023-03-09 18:00,18.2,,.8,290,43,1006.8,1015,.7,.51,,0,,17.5
156,堡林,2023-03-09 19:00,17,,1,270,43,1007.5,1015.8,0,.09,,0,,13.1
156,堡林,2023-03-09 20:00,15.1,,1.6,270,57,1008.2,1016.6,,,,0,,11
156,堡林,2023-03-09 21:00,13,,.7,230,72,1008.9,1017.3,,,,0,,9.1
156,堡林,2023-03-09 22:00,12,,.6,230,77,1009.9,1018.4,,,,0,,7.4
156,堡林,2023-03-09 23:00,11.7,,.8,270,80,1010.4,1018.9,,,,0,,6.6
156,堡林,2023-03-10 00:00,10.5,,1.3,270,86,1010.8,1019.3,,,,0,,6
156,堡林,2023-03-10 01:00,9.9,,0,0,89,1010.5,1019.1,,,,1,,5.2
156,堡林,2023-03-10 02:00,9.3,,0,0,92,1010.6,1019.2,,,,0,,4.6
156,堡林,2023-03-10 03:00,8.8,,0,0,92,1010.5,1019.1,,,,0,,4.1
156,堡林,2023-03-10 04:00,7.9,,0,0,93,1010.4,1019,,,,0,,3.8
156,堡林,2023-03-10 05:00,7.5,,0,0,92,1010.5,1019.1,,,,0,,3.3
156,堡林,2023-03-10 06:00,7.1,,0,0,91,1011.1,1019.7,,,,0,,3.1
156,堡林,2023-03-10 07:00,6.9,,0,0,91,1011.6,1020.3,0,.05,,0,,2.7
156,堡林,2023-03-10 08:00,8.2,,0,0,90,1012,1020.6,.2,.28,,0,,5.4
156,堡林,2023-03-10 09:00,10,,0,0,77,1012.4,1021,1,.88,,0,,12.3
156,堡林,2023-03-10 10:00,12.2,,0,0,62,1012.7,1021.2,1,1.56,,0,,20.3
156,堡林,2023-03-10 11:00,16.1,,0,0,43,1012.3,1020.7,1,2.17,,0,,28.8
156,堡林,2023-03-10 12:00,20.9,,1.3,270,26,1012.2,1020.4,1,2.61,,0,,35.9
156,堡林,2023-03-10 13:00,23,,1.6,230,15,1011.5,1019.6,1,2.72,,0,,39.5
156,堡林,2023-03-10 14:00,23.5,,2.3,290,19,1010.6,1018.7,1,2.59,,0,,40.6
156,堡林,2023-03-10 15:00,23.5,,2.1,250,20,1010.1,1018.2,1,2.31,,0,,38.9
156,堡林,2023-03-10 16:00,23.7,,1.8,230,21,1010,1018.1,1,1.78,,0,,34.1
156,堡林,2023-03-10 17:00,23,,2.3,230,24,1010,1018.1,1,1.08,,0,,26.7
156,堡林,2023-03-10 18:00,20.7,,2,230,30,1010.4,1018.6,.4,.47,,0,,19.1
156,堡林,2023-03-10 19:00,19.2,,1.8,230,29,1011.2,1019.4,0,.09,,0,,14.5
156,堡林,2023-03-10 20:00,17.8,,2,200,29,1011.8,1020.1,,,,0,,11.9
156,堡林,2023-03-10 21:00,17.4,,1.1,250,32,1012.3,1020.6,,,,0,,10.4
156,堡林,2023-03-10 22:00,16.5,,1.1,230,37,1012.7,1021,,,,0,,9.1
156,堡林,2023-03-10 23:00,15.3,,.6,70,39,1013.2,1021.6,,,,0,,8.1
156,堡林,2023-03-11 00:00,14.2,,0,0,44,1013.3,1021.7,,,,0,,7.3
156,堡林,2023-03-11 01:00,13.6,,0,0,47,1013.5,1021.9,,,,0,,6.7
156,堡林,2023-03-11 02:00,12.9,,0,0,51,1013.5,1022,,,,0,,6.2
156,堡林,2023-03-11 03:00,12.1,,0,0,54,1013.3,1021.8,,,,0,,5.7
156,堡林,2023-03-11 04:00,11.2,,0,0,58,1013.4,1021.9,,,,0,,5.1
156,堡林,2023-03-11 05:00,10.3,,.2,0,63,1013.5,1022.1,,,,0,,4.5
156,堡林,2023-03-11 06:00,9.6,,.6,270,66,1014.5,1023.1,,,,0,,4.1
156,堡林,2023-03-11 07:00,9.5,,0,0,68,1014.9,1023.5,0,.06,,0,,3.8
156,堡林,2023-03-11 08:00,10.1,,0,0,67,1015.2,1023.8,.4,.3,,3,,6.1
156,堡林,2023-03-11 09:00,12.2,,0,0,56,1015.6,1024.1,1,.97,,2,,13.8
156,堡林,2023-03-11 10:00,15.8,,0,0,43,1015.5,1023.9,1,1.69,,2,,23
156,堡林,2023-03-11 11:00,19.5,,0,0,27,1015.3,1023.5,1,2.28,,4,,31.8
156,堡林,2023-03-11 12:00,21.3,,1.1,270,16,1014.9,1023.1,1,2.43,,6,,34.4
156,堡林,2023-03-11 13:00,24.2,,1.9,250,11,1014.2,1022.3,1,2.71,,7,,40.3
156,堡林,2023-03-11 14:00,24,,2.8,270,10,1013.4,1021.5,1,2.62,,7,,41.6
156,堡林,2023-03-11 15:00,22.8,,2.8,270,14,1013.1,1021.2,.9,1.93,,8,,34
156,堡林,2023-03-11 16:00,22.2,,2.2,250,19,1013,1021.2,.1,1.06,,9,,28
156,堡林,2023-03-11 17:00,21.5,,1.8,270,24,1013,1021.2,0,.61,,9,,23.3
156,堡林,2023-03-11 18:00,20.5,,1,250,24,1013.1,1021.3,0,.29,,8,,18.3
156,堡林,2023-03-11 19:00,19.9,,1.8,250,19,1013.3,1021.6,0,.08,,10,,15
156,堡林,2023-03-11 20:00,18.3,,2.1,230,28,1013.6,1021.9,,,,9,,13.2
156,堡林,2023-03-11 21:00,18,,2.3,180,21,1013.6,1021.9,,,,9,,12.4
156,堡林,2023-03-11 22:00,17.2,,1.2,230,24,1013.6,1021.9,,,,8,,11.1
156,堡林,2023-03-11 23:00,16,,1.1,250,35,1013.7,1022.1,,,,8,,10.5
156,堡林,2023-03-12 00:00,15.5,,1.5,200,45,1014.3,1022.7,,,,8,,10.2
156,堡林,2023-03-12 01:00,15,,1.6,200,72,1014.1,1022.5,,,,8,,10.3
156,堡林,2023-03-12 02:00,14.6,,.7,270,77,1013.9,1022.3,,,,7,,10.1
156,堡林,2023-03-12 03:00,13.8,,0,0,78,1013.2,1021.6,,,,4,,9.4
156,堡林,2023-03-12 04:00,13.5,,0,0,81,1012.5,1020.9,,,,7,,8.8
156,堡林,2023-03-12 05:00,13.2,,1,90,77,1012,1020.4,,,,6,,9.6
156,堡林,2023-03-12 06:00,13.1,,0,0,77,1011.6,1020,,,,7,,10
156,堡林,2023-03-12 07:00,12.8,,0,0,71,1011,1019.4,0,.06,,8,,10.4
156,堡林,2023-03-12 08:00,13.2,,.2,0,64,1010.3,1018.7,0,.18,,7,,12.1
156,堡林,2023-03-12 09:00,16.8,,1.8,230,68,1009.7,1018,.7,.98,,10,,19.3
156,堡林,2023-03-12 10:00,11.5,,1.2,320,94,1010.5,1019,0,.23,,10,,12.8
156,堡林,2023-03-12 11:00,9.6,,2,290,95,1011.3,1019.8,0,.17,,10,,11.3
156,堡林,2023-03-12 12:00,8.6,8.8,2.1,290,93,1012.3,1020.9,0,.17,,10,,10.4
156,堡林,2023-03-12 13:00,8.3,,2.8,320,87,1012.7,1021.3,0,.23,,10,,9.6
156,堡林,2023-03-12 14:00,6.7,,.9,360,92,1012.8,1021.5,0,.18,,10,,9
156,堡林,2023-03-12 15:00,6.8,1.9,.9,360,92,1012.8,1021.5,0,.49,,10,,11.8
156,堡林,2023-03-12 16:00,6.4,,1.3,20,89,1012.5,1021.2,0,.28,,10,,9
156,堡林,2023-03-12 17:00,6.3,,1.6,360,73,1013.2,1021.9,0,.38,,10,,9.1
156,堡林,2023-03-12 18:00,5.4,0,2,360,61,1014.2,1022.9,0,.31,,10,,6.7
156,堡林,2023-03-12 19:00,4.4,,2.2,360,53,1015.1,1023.9,0,.13,,9,,3.7
156,堡林,2023-03-12 20:00,3.6,,2.3,360,50,1016.4,1025.2,,,,0,,1.5
156,堡林,2023-03-12 21:00,3.4,,1.8,360,50,1017.1,1025.9,,,,5,,1.5
156,堡林,2023-03-12 22:00,3.1,,2.3,360,44,1017.5,1026.3,,,,6,,.9
156,堡林,2023-03-12 23:00,2.5,,1.5,360,41,1017.7,1026.6,,,,3,,.1
156,堡林,2023-03-13 00:00,2.2,,1.8,340,38,1017.6,1026.5,,,,3,,-.9
156,堡林,2023-03-13 01:00,2.2,,1.9,20,37,1017.3,1026.2,,,,4,,.3
156,堡林,2023-03-13 02:00,2,,3,20,38,1017.4,1026.3,,,,3,,.3
156,堡林,2023-03-13 03:00,1.7,,1.8,20,35,1017.3,1026.2,,,,0,,.2
156,堡林,2023-03-13 04:00,1.5,,1.8,50,35,1017.1,1026,,,,0,,-.1
156,堡林,2023-03-13 05:00,1.4,,1.9,50,35,1017.1,1026,,,,0,,-.4
156,堡林,2023-03-13 06:00,1.4,,1.6,20,34,1017.5,1026.4,,,,0,,-.8
156,堡林,2023-03-13 07:00,1.1,,1.1,50,36,1017.7,1026.6,0,.06,,0,,-1.1
156,堡林,2023-03-13 08:00,1.9,,1.2,50,35,1017.9,1026.8,.5,.38,,0,,-.9
156,堡林,2023-03-13 09:00,3.7,,1.2,360,32,1018.1,1026.9,1,1.22,,0,,.2
156,堡林,2023-03-13 10:00,4.8,,2,50,30,1017.7,1026.5,1,1.99,,0,,9.4
156,堡林,2023-03-13 11:00,6.4,,.9,50,21,1016.8,1025.5,1,2.6,,0,,18.1
156,堡林,2023-03-13 12:00,7.5,,1.5,20,16,1016,1024.7,1,3.02,,0,,22.1
156,堡林,2023-03-13 13:00,9.1,,1.4,320,12,1015.4,1024,1,3.19,,0,,23.7
156,堡林,2023-03-13 14:00,8.7,,2,290,15,1014.6,1023.2,1,3.08,,0,,24
156,堡林,2023-03-13 15:00,9.7,,1.6,270,21,1013.6,1022.2,1,2.72,,0,,23.2
156,堡林,2023-03-13 16:00,9.6,,1.8,270,23,1013.3,1021.9,1,2.14,,0,,19.7
156,堡林,2023-03-13 17:00,9.2,,1.2,340,19,1013.2,1021.8,1,1.46,,0,,14
156,堡林,2023-03-13 18:00,8.2,,1.1,290,17,1013,1021.6,1,.68,,0,,6.9
156,堡林,2023-03-13 19:00,7.2,,1.6,270,18,1012.8,1021.5,.2,.12,,0,,3.7
156,堡林,2023-03-13 20:00,6.6,,.5,290,21,1012.7,1021.4,,,,0,,2.2
156,堡林,2023-03-13 21:00,6.2,,.2,0,24,1013,1021.7,,,,0,,1.1
156,堡林,2023-03-13 22:00,5.5,,1,270,30,1013.3,1022,,,,6,,.4
156,堡林,2023-03-13 23:00,4.3,,.9,180,38,1013.3,1022,,,,2,,-.3
156,堡林,2023-03-14 00:00,3.7,,.6,270,41,1013.1,1021.9,,,,6,,-.5
156,堡林,2023-03-14 01:00,3.9,,.4,0,41,1013.1,1021.9,,,,9,,1
156,堡林,2023-03-14 02:00,3.7,,.2,0,44,1013,1021.8,,,,8,,1.7
156,堡林,2023-03-14 03:00,3.5,,.6,270,47,1012.8,1021.6,,,,8,,1.1
156,堡林,2023-03-14 04:00,2.8,,.1,0,54,1012.5,1021.3,,,,9,,-.1
156,堡林,2023-03-14 05:00,2.1,,0,0,49,1012.5,1021.3,,,,0,,.2
156,堡林,2023-03-14 06:00,1.9,,.1,0,52,1012.4,1021.2,,,,0,,.1
156,堡林,2023-03-14 07:00,1.3,,0,0,48,1012.4,1021.3,0,.06,,0,,-.1
156,堡林,2023-03-14 08:00,2.5,,.5,270,57,1012.6,1021.4,.5,.39,,0,,0
156,堡林,2023-03-14 09:00,4.9,,0,0,47,1012.8,1021.5,1,1.2,,0,,4
156,堡林,2023-03-14 10:00,8.3,,.8,200,33,1012.6,1021.2,1,1.95,,0,,15.7
156,堡林,2023-03-14 11:00,11.7,,1.6,250,32,1012,1020.5,1,2.54,,0,,21.9
156,堡林,2023-03-14 12:00,15.1,,2.2,250,24,1011.5,1019.9,1,2.99,,0,,25.5
156,堡林,2023-03-14 13:00,17.4,,3.7,230,19,1010.8,1019.1,1,3.18,,0,,27.9
156,堡林,2023-03-14 14:00,18.3,,3.9,230,19,1009.8,1018,1,3.11,,0,,28.5
156,堡林,2023-03-14 15:00,18.2,,3.2,250,19,1009.3,1017.5,1,2.77,,0,,27.8
156,堡林,2023-03-14 16:00,18.2,,3.2,230,24,1008.9,1017.1,1,2.22,,0,,26.1
156,堡林,2023-03-14 17:00,16.8,,3.3,200,31,1008.9,1017.2,1,1.52,,0,,20.4
156,堡林,2023-03-14 18:00,14.4,,4.5,200,41,1009.5,1017.9,1,.72,,0,,12.3
156,堡林,2023-03-14 19:00,12.4,,3,180,47,1010.1,1018.6,.3,.13,,0,,8.9
156,堡林,2023-03-14 20:00,11.4,,3.1,200,54,1010.7,1019.2,,,,0,,7.3
156,堡林,2023-03-14 21:00,11,,2.1,180,59,1010.8,1019.3,,,,0,,6.4
156,堡林,2023-03-14 22:00,11.1,,3,180,60,1010.9,1019.4,,,,0,,6
156,堡林,2023-03-14 23:00,10.8,,2.6,200,63,1011.1,1019.6,,,,0,,5.4
156,堡林,2023-03-15 00:00,10.5,,2,200,67,1011.1,1019.6,,,,0,,4.6
156,堡林,2023-03-15 01:00,10.6,,2,200,68,1011.1,1019.6,,,,0,,4.5
156,堡林,2023-03-15 02:00,10.7,,1.2,230,71,1011.4,1019.9,,,,0,,4
156,堡林,2023-03-15 03:00,10.5,,1.6,200,73,1011.4,1019.9,,,,0,,4
156,堡林,2023-03-15 04:00,10,,1.2,230,78,1011.2,1019.8,,,,2,,3.3
156,堡林,2023-03-15 05:00,9.9,,2,200,80,1011.4,1020,,,,1,,3.6
156,堡林,2023-03-15 06:00,10.2,,1.3,200,80,1011.8,1020.4,,,,7,,4.3
156,堡林,2023-03-15 07:00,9.6,,.8,180,83,1011.9,1020.5,0,.06,,6,,4
156,堡林,2023-03-15 08:00,10.9,,1.2,200,77,1012.4,1020.9,.5,.4,,0,,5.1
156,堡林,2023-03-15 09:00,13.4,,.2,0,64,1012.9,1021.3,1,1.21,,0,,14.6
156,堡林,2023-03-15 10:00,16.8,,2.7,230,53,1012.9,1021.2,1,1.96,,0,,21.7
156,堡林,2023-03-15 11:00,18,,4.9,230,45,1012.9,1021.2,1,2.47,,5,,24.1
156,堡林,2023-03-15 12:00,19.4,,4.8,230,36,1012.2,1020.4,1,2.69,,6,,27.9
156,堡林,2023-03-15 13:00,20.5,,5.1,270,30,1011.4,1019.6,.9,2.81,,6,,33.6
156,堡林,2023-03-15 14:00,20.7,,5.1,270,30,1010.9,1019.1,1,3.1,,6,,35.9
156,堡林,2023-03-15 15:00,21.8,,3.3,250,28,1010.9,1019.1,1,2.77,,7,,35.7
156,堡林,2023-03-15 16:00,19,,4.9,270,42,1011.3,1019.5,.2,.79,,7,,23.3
156,堡林,2023-03-15 17:00,18.5,,3.2,250,43,1011.3,1019.5,.3,.79,,6,,17.4
156,堡林,2023-03-15 18:00,17.5,,4.1,270,52,1012,1020.3,.9,.64,,4,,15.7
156,堡林,2023-03-15 19:00,13.5,,1.6,290,79,1013.1,1021.5,.2,.14,,6,,11.9
156,堡林,2023-03-15 20:00,12.2,,.6,290,88,1013.8,1022.3,,,,6,,9.7
156,堡林,2023-03-15 21:00,11.1,,1.5,270,88,1014.1,1022.6,,,,8,,9.9
156,堡林,2023-03-15 22:00,11.2,,1.7,270,87,1014.6,1023.1,,,,10,,11
156,堡林,2023-03-15 23:00,9.5,,1.8,270,80,1015.7,1024.3,,,,10,,10.2
156,堡林,2023-03-16 00:00,8,,1.5,320,73,1016.6,1025.3,,,,9,,9
156,堡林,2023-03-16 01:00,8.5,,0,0,63,1016.6,1025.2,,,,0,,8.7
156,堡林,2023-03-16 02:00,7.3,,1.4,340,48,1017,1025.7,,,,1,,6.3
156,堡林,2023-03-16 03:00,6.4,,2.9,50,44,1017.2,1025.9,,,,0,,4.1
156,堡林,2023-03-16 04:00,5.1,,2.8,70,47,1017.6,1026.4,,,,0,,2.8
156,堡林,2023-03-16 05:00,4.9,,3.7,70,49,1018.2,1027,,,,7,,2.6
156,堡林,2023-03-16 06:00,4.3,,3.3,70,41,1018.9,1027.7,,,,3,,1.2
156,堡林,2023-03-16 07:00,4,,2.9,70,33,1019.3,1028.1,0,.06,,0,,.4
156,堡林,2023-03-16 08:00,4.9,,3.9,70,27,1020.2,1029,.5,.37,,3,,2.6
156,堡林,2023-03-16 09:00,6.8,,2.9,70,20,1020.4,1029.1,.9,1.01,,3,,10.4
156,堡林,2023-03-16 10:00,8.2,,2.7,70,16,1020.5,1029.2,1,1.66,,3,,17.3
156,堡林,2023-03-16 11:00,10.2,,3.4,70,10,1020,1028.6,1,2.24,,3,,24.2
156,堡林,2023-03-16 12:00,12.5,,2.4,70,7,1019.4,1027.9,1,2.83,,3,,31.5
156,堡林,2023-03-16 13:00,14,,3.7,50,3,1018.6,1027.1,1,3.1,,3,,33.3
156,堡林,2023-03-16 14:00,14.1,,4.7,50,3,1018.2,1026.7,1,2.92,,0,,33.9
156,堡林,2023-03-16 15:00,14.9,,4.2,50,3,1017.8,1026.3,1,2.79,,5,,33.3
156,堡林,2023-03-16 16:00,13.6,,3.5,50,2,1018.1,1026.6,1,2.11,,6,,26.8
156,堡林,2023-03-16 17:00,12,,1.1,20,13,1018,1026.5,.7,1.09,,7,,17.9
156,堡林,2023-03-16 18:00,10.7,,.5,50,18,1018.2,1026.8,.3,.51,,7,,12.5
156,堡林,2023-03-16 19:00,8.9,,.2,0,22,1018.3,1026.9,0,.11,,9,,8.2
156,堡林,2023-03-16 20:00,8.4,,2.3,70,19,1018.2,1026.9,,,,9,,6.4
156,堡林,2023-03-16 21:00,8,,2.4,70,19,1018.8,1027.5,,,,9,,5.9
156,堡林,2023-03-16 22:00,7.5,,0,0,24,1019.1,1027.8,,,,10,,5.7
156,堡林,2023-03-16 23:00,7.1,,2.7,70,24,1018.6,1027.3,,,,10,,5.6
156,堡林,2023-03-17 00:00,6.3,,2.2,70,26,1017.9,1026.6,,,,9,,5.1
156,堡林,2023-03-17 01:00,6.1,,2.6,70,26,1018,1026.7,,,,10,,4.9
156,堡林,2023-03-17 02:00,6,,2.5,50,25,1017.9,1026.6,,,,10,,4.8
156,堡林,2023-03-17 03:00,5.7,,2.3,70,25,1017.2,1026,,,,9,,5
156,堡林,2023-03-17 04:00,5.6,,2.6,70,24,1017.1,1025.9,,,,9,,5.2
156,堡林,2023-03-17 05:00,5.5,,2.5,70,27,1016.5,1025.3,,,,8,,5
156,堡林,2023-03-17 06:00,5.3,,2.2,70,27,1016.1,1024.9,,,,9,,3.9
156,堡林,2023-03-17 07:00,5.8,,2.6,70,25,1016.2,1024.9,0,.06,,10,,5
156,堡林,2023-03-17 08:00,6.4,,2.1,70,24,1016.6,1025.3,0,.27,,8,,8.1
156,堡林,2023-03-17 09:00,8,,2.3,70,23,1016.7,1025.4,0,.65,,9,,13.5
156,堡林,2023-03-17 10:00,8.8,,1.6,70,22,1016.6,1025.2,0,.84,,10,,16
156,堡林,2023-03-17 11:00,9.9,,.9,50,19,1015.9,1024.5,0,1.39,,10,,20.6
156,堡林,2023-03-17 12:00,11.2,,.9,160,19,1014.7,1023.2,0,1.16,,10,,20.5
156,堡林,2023-03-17 13:00,11.6,,.7,290,19,1013.7,1022.2,0,1.12,,10,,20.7
156,堡林,2023-03-17 14:00,11.9,,.5,270,20,1012.6,1021.1,0,.8,,10,,18.3
156,堡林,2023-03-17 15:00,12,,.4,0,21,1011.6,1020.1,0,.57,,10,,16.4
156,堡林,2023-03-17 16:00,12.4,,1.2,200,21,1011.9,1020.4,0,.45,,10,,15
156,堡林,2023-03-17 17:00,12.4,,.5,320,24,1012.2,1020.7,0,.29,,10,,13.6
156,堡林,2023-03-17 18:00,12.1,,.5,360,25,1012.1,1020.6,0,.2,,10,,11.6
156,堡林,2023-03-17 19:00,11.2,,1,50,26,1011.6,1020.1,0,.08,,10,,9.8
156,堡林,2023-03-17 20:00,11.2,,.9,70,26,1011.5,1020,,,,10,,9.2
156,堡林,2023-03-17 21:00,10.7,,1,70,32,1011.8,1020.3,,,,10,,8.8
156,堡林,2023-03-17 22:00,10.2,,.4,0,33,1011.8,1020.4,,,,10,,8.8
156,堡林,2023-03-17 23:00,10.4,,.2,0,35,1011.4,1019.9,,,,10,,7.9
156,堡林,2023-03-18 00:00,10.2,,1,50,36,1010.9,1019.5,,,,6,,8
156,堡林,2023-03-18 01:00,9.9,,.6,20,36,1010.6,1019.2,,,,0,,7.6
156,堡林,2023-03-18 02:00,9.1,,1.1,70,40,1010.6,1019.2,,,,5,,7.3
156,堡林,2023-03-18 03:00,8.8,,.7,110,38,1010.3,1018.9,,,,9,,7.1
156,堡林,2023-03-18 04:00,9.1,,.3,0,33,1010.3,1018.9,,,,8,,7
156,堡林,2023-03-18 05:00,9,,.5,20,32,1010.5,1019.1,,,,8,,6.8
156,堡林,2023-03-18 06:00,8.5,,1.6,50,34,1010.6,1019.2,,,,8,,6.6
156,堡林,2023-03-18 07:00,8.7,,0,0,34,1011,1019.6,0,.06,,10,,6.9
156,堡林,2023-03-18 08:00,8.8,,.3,0,36,1011.5,1020.1,0,.26,,9,,10.8
156,堡林,2023-03-18 09:00,9.9,,.7,290,34,1011.7,1020.3,.1,.75,,9,,16.8
156,堡林,2023-03-18 10:00,10.9,,1.7,290,29,1011.7,1020.2,.2,1.1,,5,,25.6
156,堡林,2023-03-18 11:00,12.4,,1.4,290,20,1011.4,1019.9,1,2.54,,2,,33.6
156,堡林,2023-03-18 12:00,13.9,,1,320,13,1010.6,1019,1,2.78,,0,,39.3
156,堡林,2023-03-18 13:00,15.1,,.8,360,12,1009.8,1018.2,1,3.13,,0,,37.7
156,堡林,2023-03-18 14:00,15.3,,1.8,360,12,1009.4,1017.8,1,3.06,,0,,38.1
156,堡林,2023-03-18 15:00,15.5,,2,320,13,1009.2,1017.6,1,2.72,,2,,34.9
156,堡林,2023-03-18 16:00,13.7,,1.9,290,16,1009.4,1017.8,1,2.18,,0,,26.3
156,堡林,2023-03-18 17:00,13.1,,2.3,340,14,1009.7,1018.1,1,1.48,,0,,18.4
156,堡林,2023-03-18 18:00,11.4,,1.5,20,15,1010.2,1018.7,1,.7,,0,,11.4
156,堡林,2023-03-18 19:00,9.8,,.9,20,19,1010.9,1019.4,.1,.13,,0,,7
156,堡林,2023-03-18 20:00,8.7,,1.4,50,28,1011.7,1020.3,,,,0,,5.5
156,堡林,2023-03-18 21:00,7.8,,1,320,38,1012.5,1021.1,,,,0,,4.7
156,堡林,2023-03-18 22:00,7.2,,2,50,41,1013.1,1021.8,,,,0,,3.5
156,堡林,2023-03-18 23:00,6.7,,0,0,39,1013.1,1021.8,,,,0,,1.7
156,堡林,2023-03-19 00:00,6.7,,0,0,38,1013,1021.7,,,,0,,1.4
156,堡林,2023-03-19 01:00,6.2,,0,0,40,1013.2,1021.9,,,,0,,.7
156,堡林,2023-03-19 02:00,5.5,,.1,0,44,1012.9,1021.6,,,,0,,0
156,堡林,2023-03-19 03:00,5.3,,1.6,70,51,1012.5,1021.2,,,,0,,-.1
156,堡林,2023-03-19 04:00,5.1,,.6,50,50,1012.6,1021.3,,,,0,,-.1
156,堡林,2023-03-19 05:00,4.1,,.5,340,55,1013,1021.8,,,,0,,-.9
156,堡林,2023-03-19 06:00,4.2,,0,0,58,1013.4,1022.2,,,,0,,-1.3
156,堡林,2023-03-19 07:00,4.3,,0,0,59,1013.8,1022.6,0,.08,,3,,-.5
156,堡林,2023-03-19 08:00,4.5,,0,0,62,1014.4,1023.2,.6,.4,,0,,4.4
156,堡林,2023-03-19 09:00,6.6,,0,0,58,1014.7,1023.4,1,1.14,,0,,16.8
156,堡林,2023-03-19 10:00,8.1,,.8,20,54,1014.7,1023.3,1,1.89,,2,,25.4
156,堡林,2023-03-19 11:00,10.9,,1.2,70,44,1014.3,1022.9,1,2.54,,0,,33
156,堡林,2023-03-19 12:00,13.7,,1.3,70,28,1013.1,1021.5,1,2.98,,0,,37.5
156,堡林,2023-03-19 13:00,15,,1.3,70,25,1011.8,1020.2,1,3.16,,1,,40.9
156,堡林,2023-03-19 14:00,16.2,,1.3,360,23,1010.6,1018.9,1,3.07,,0,,41
156,堡林,2023-03-19 15:00,16.7,,1.1,250,11,1009.8,1018.1,1,2.8,,2,,40.2
156,堡林,2023-03-19 16:00,17.3,,.7,20,12,1009.2,1017.5,1,2.22,,2,,32
156,堡林,2023-03-19 17:00,17.8,,1,250,15,1009,1017.2,1,1.43,,4,,23
156,堡林,2023-03-19 18:00,15,,1.3,340,28,1009.2,1017.6,.9,.64,,7,,14.6
156,堡林,2023-03-19 19:00,12.7,,1.6,270,40,1009.8,1018.2,0,.14,,5,,9.3
156,堡林,2023-03-19 20:00,10.9,,1.1,230,40,1010.1,1018.6,,,,5,,6.5
156,堡林,2023-03-19 21:00,9.1,,2.3,230,57,1010.7,1019.3,,,,6,,5.6
156,堡林,2023-03-19 22:00,8.3,,.8,270,66,1010.9,1019.5,,,,6,,4.2
156,堡林,2023-03-19 23:00,7.7,,.9,270,67,1010.8,1019.4,,,,5,,2.8
156,堡林,2023-03-20 00:00,7.1,,0,0,70,1010.3,1018.9,,,,6,,2.1
156,堡林,2023-03-20 01:00,6.8,,.3,0,74,1010.3,1018.9,,,,6,,1.8
156,堡林,2023-03-20 02:00,6,,.7,270,77,1010.1,1018.8,,,,3,,1.8
156,堡林,2023-03-20 03:00,5.6,,0,0,81,1009.6,1018.3,,,,0,,.5
156,堡林,2023-03-20 04:00,4.9,,0,0,81,1009.3,1018,,,,0,,.1
156,堡林,2023-03-20 05:00,4.9,,0,0,79,1008.8,1017.5,,,,0,,-.3
156,堡林,2023-03-20 06:00,4.4,,.6,270,81,1009.1,1017.8,,,,0,,-.8
156,堡林,2023-03-20 07:00,3.7,,.9,270,83,1009.5,1018.2,0,.07,,0,,0
156,堡林,2023-03-20 08:00,4.9,,0,0,77,1009.8,1018.5,.7,.46,,0,,4
156,堡林,2023-03-20 09:00,7.9,,.8,70,61,1009.5,1018.1,1,1.22,,6,,18.6
156,堡林,2023-03-20 10:00,10.9,,.4,0,48,1009.5,1018,1,1.98,,0,,29
156,堡林,2023-03-20 11:00,13.7,,1,230,34,1009.1,1017.5,1,2.6,,0,,35.6
156,堡林,2023-03-20 12:00,15.2,,1.3,320,24,1008.2,1016.6,1,2.99,,0,,38.7
156,堡林,2023-03-20 13:00,18.1,,2.6,250,19,1007.3,1015.5,1,3.12,,5,,41.8
156,堡林,2023-03-20 14:00,18,,2.5,270,18,1006.7,1014.9,1,2.9,,7,,41.2
156,堡林,2023-03-20 15:00,18.2,,2.2,270,20,1006.3,1014.5,1,2.61,,7,,36.6
156,堡林,2023-03-20 16:00,18.4,,2.6,250,18,1006,1014.2,1,2.12,,8,,31.1
156,堡林,2023-03-20 17:00,16.9,,2.1,250,22,1005.3,1013.6,.1,.9,,9,,21.8
156,堡林,2023-03-20 18:00,15.5,,1.9,270,26,1005.2,1013.5,0,.48,,9,,16.1
156,堡林,2023-03-20 19:00,13.8,,1.2,320,36,1005.7,1014.1,0,.11,,7,,11
156,堡林,2023-03-20 20:00,12.8,,.2,0,39,1005.7,1014.1,,,,8,,9.4
156,堡林,2023-03-20 21:00,12.3,,.3,0,42,1006.6,1015,,,,7,,8.1
156,堡林,2023-03-20 22:00,11.5,,.9,230,45,1006.8,1015.3,,,,8,,7.7
156,堡林,2023-03-20 23:00,11.6,,.1,0,44,1006.9,1015.4,,,,9,,7.5
156,堡林,2023-03-21 00:00,10.9,,1,50,48,1006.6,1015.1,,,,9,,7.4
156,堡林,2023-03-21 01:00,10.5,,.6,70,47,1005.8,1014.3,,,,8,,6.6
156,堡林,2023-03-21 02:00,11.1,,1.4,70,46,1005.2,1013.7,,,,10,,9.2
156,堡林,2023-03-21 03:00,11,,.3,0,46,1005.3,1013.8,,,,9,,9.6
156,堡林,2023-03-21 04:00,10.8,,.7,90,47,1004.9,1013.4,,,,10,,9.8
156,堡林,2023-03-21 05:00,10.6,,0,0,49,1005,1013.5,,,,10,,9.8
156,堡林,2023-03-21 06:00,10.7,,0,0,47,1004.8,1013.3,,,,8,,9.5
156,堡林,2023-03-21 07:00,9.9,,1.5,70,50,1004.2,1012.7,0,.07,,7,,7.5
156,堡林,2023-03-21 08:00,11.1,,2,70,48,1004,1012.5,.2,.34,,7,,10.1
156,堡林,2023-03-21 09:00,14,,1.3,50,36,1004.2,1012.5,1,1.24,,7,,21.8
156,堡林,2023-03-21 10:00,16.8,,1.5,70,31,1004.2,1012.5,1,1.82,,7,,29.7
156,堡林,2023-03-21 11:00,18.3,,1.3,50,21,1003.9,1012.1,1,2.45,,1,,38.1
156,堡林,2023-03-21 12:00,19.8,,.9,230,18,1003.1,1011.2,1,2.91,,4,,43
156,堡林,2023-03-21 13:00,21.8,,1.3,230,20,1002.4,1010.5,1,2.89,,7,,43.7
156,堡林,2023-03-21 14:00,22.9,,2,230,21,1001.4,1009.4,.8,2.42,,5,,44.5
156,堡林,2023-03-21 15:00,23.8,,.5,200,22,1000.8,1008.8,1,2.66,,3,,43.8
156,堡林,2023-03-21 16:00,23.2,,1.7,270,25,1000.4,1008.4,1,2.14,,2,,36.4
156,堡林,2023-03-21 17:00,22.6,,2.2,230,28,1000.3,1008.3,1,1.47,,1,,26.6
156,堡林,2023-03-21 18:00,20.2,,3,230,33,1001,1009.1,1,.69,,1,,19.6
156,堡林,2023-03-21 19:00,18.4,,1.1,250,40,1001.1,1009.3,.2,.12,,1,,14.6
156,堡林,2023-03-21 20:00,17.3,,1.4,230,47,1001.8,1010,,,,2,,12.7
156,堡林,2023-03-21 21:00,16.4,,.5,290,49,1002.4,1010.7,,,,0,,11.2
156,堡林,2023-03-21 22:00,15.3,,.3,0,50,1002.6,1010.9,,,,5,,10.1
156,堡林,2023-03-21 23:00,14.7,,0,0,52,1003.3,1011.6,,,,4,,9.1
156,堡林,2023-03-22 00:00,14.1,,.2,0,56,1003.1,1011.4,,,,0,,8.3
156,堡林,2023-03-22 01:00,13.7,,.6,90,60,1003,1011.3,,,,5,,8.2
156,堡林,2023-03-22 02:00,13.1,,0,0,62,1002.7,1011.1,,,,6,,7.8
156,堡林,2023-03-22 03:00,12.8,,0,0,64,1002,1010.4,,,,4,,7.5
156,堡林,2023-03-22 04:00,12,,0,0,68,1002,1010.4,,,,2,,6.9
156,堡林,2023-03-22 05:00,12,,0,0,72,1002.2,1010.6,,,,1,,6.6
156,堡林,2023-03-22 06:00,11.6,,0,0,69,1002.9,1011.3,,,,0,,6.4
156,堡林,2023-03-22 07:00,11.4,,0,0,72,1003.5,1011.9,0,.09,,6,,7
156,堡林,2023-03-22 08:00,13,,0,0,66,1003.9,1012.3,.7,.49,,6,,11.2
156,堡林,2023-03-22 09:00,15.5,,.3,0,64,1003.7,1012,1,1.17,,7,,22.3
156,堡林,2023-03-22 10:00,17.1,,1.3,250,56,1003.5,1011.7,1,1.86,,6,,32.4
156,堡林,2023-03-22 11:00,19.2,,1.6,50,56,1002.5,1010.6,.6,1.87,,7,,34.4
156,堡林,2023-03-22 12:00,21.6,,.9,230,52,1001.6,1009.7,.3,2.02,,7,,39.7
156,堡林,2023-03-22 13:00,21.5,,1.9,230,54,1001.3,1009.4,.2,1.39,,7,,33.3
156,堡林,2023-03-22 14:00,21.7,,1.2,160,57,1000.6,1008.7,0,1.21,,8,,34.3
156,堡林,2023-03-22 15:00,19.9,,1.8,180,67,1000.7,1008.9,0,.49,,9,,23.2
156,堡林,2023-03-22 16:00,19.1,,1.2,140,73,1000.2,1008.3,0,.32,,9,,21.1
156,堡林,2023-03-22 17:00,18.8,,1.2,70,75,999.9,1008,0,.18,,9,,18.8
156,堡林,2023-03-22 18:00,16.4,.6,1.3,50,95,999.7,1007.9,0,.14,,10,,16.8
156,堡林,2023-03-22 19:00,16.6,,1.4,50,95,999.6,1007.8,0,.07,,10,,15.9
156,堡林,2023-03-22 20:00,16.3,,1,50,95,999.4,1007.6,,,,10,,15.6
156,堡林,2023-03-22 21:00,16.1,.7,.3,0,96,999.7,1008,,,,10,,15.4
156,堡林,2023-03-22 22:00,15.9,,0,0,96,999.5,1007.8,,,,10,,15.3
156,堡林,2023-03-22 23:00,15.8,,1.4,70,96,999.1,1007.4,,,,10,,15.2
156,堡林,2023-03-23 00:00,15.7,.3,1.6,50,96,998.3,1006.6,,,,10,,15.1
156,堡林,2023-03-23 01:00,15.5,,1.3,70,96,997.9,1006.2,,,,10,,15
156,堡林,2023-03-23 02:00,15.4,,1.5,70,96,997.1,1005.4,,,,10,,14.9
156,堡林,2023-03-23 03:00,15.3,4.8,1.2,70,96,996.3,1004.6,,,,10,,14.9
156,堡林,2023-03-23 04:00,15.2,,1.5,70,96,995.6,1003.9,,,,10,,14.8
156,堡林,2023-03-23 05:00,15.2,,1.3,70,96,995.4,1003.7,,,,10,,14.7
156,堡林,2023-03-23 06:00,15.2,6.8,.3,0,96,995.8,1004.1,,,,10,,14.7
156,堡林,2023-03-23 07:00,15.3,,.2,0,96,996,1004.3,0,.07,,10,,14.8
156,堡林,2023-03-23 08:00,15.3,,1.1,50,96,996.1,1004.4,0,.1,,10,,15
156,堡林,2023-03-23 09:00,15.2,9.2,0,0,96,996.1,1004.4,0,.18,,10,,15.6
156,堡林,2023-03-23 10:00,14.7,,.1,0,96,996.6,1004.8,0,.46,,10,,18.4
156,堡林,2023-03-23 11:00,15.7,,.7,320,96,996.6,1004.8,0,1.05,,10,,20.9
156,堡林,2023-03-23 12:00,16.7,1.6,.4,0,96,996.6,1004.8,.1,1.32,,10,,22.5
156,堡林,2023-03-23 13:00,16.8,,.7,320,94,997.1,1005.3,0,.66,,10,,20
156,堡林,2023-03-23 14:00,16.5,,.9,20,93,997.3,1005.5,0,.31,,10,,18.2
156,堡林,2023-03-23 15:00,17.3,.1,.5,20,93,996.9,1005.1,0,1.11,,10,,23.5
156,堡林,2023-03-23 16:00,17.3,,.4,0,91,997.2,1005.4,.1,1.06,,10,,21.9
156,堡林,2023-03-23 17:00,16.3,,2,320,89,998.2,1006.4,0,.64,,10,,19
156,堡林,2023-03-23 18:00,15.6,,.6,290,89,999.1,1007.4,0,.31,,10,,16.8
156,堡林,2023-03-23 19:00,14.2,,1.3,290,88,1000.1,1008.4,0,.11,,10,,14.6
156,堡林,2023-03-23 20:00,13.1,,0,0,89,1000.8,1009.1,,,,8,,12.9
156,堡林,2023-03-23 21:00,12.4,,1.6,270,83,1002.2,1010.6,,,,9,,12.4
156,堡林,2023-03-23 22:00,11,,1.2,230,84,1003,1011.5,,,,9,,12
156,堡林,2023-03-23 23:00,10.4,,1.2,230,82,1003.1,1011.6,,,,10,,11.3
156,堡林,2023-03-24 00:00,9.8,0,1.4,200,80,1003.7,1012.2,,,,10,,10.5
156,堡林,2023-03-24 01:00,9.7,,1.9,230,75,1003.9,1012.4,,,,10,,10.5
156,堡林,2023-03-24 02:00,9.7,,.2,0,73,1003.7,1012.2,,,,10,,10.4
156,堡林,2023-03-24 03:00,9.7,,.6,230,70,1003.4,1011.9,,,,8,,10.1
156,堡林,2023-03-24 04:00,9.1,,.8,250,72,1003.8,1012.3,,,,7,,9.3
156,堡林,2023-03-24 05:00,8.4,,.9,180,76,1003.9,1012.4,,,,1,,8.1
156,堡林,2023-03-24 06:00,8.3,,.8,230,77,1004.3,1012.8,,,,1,,7.4
156,堡林,2023-03-24 07:00,8,,.7,230,79,1005.8,1014.4,0,.08,,7,,7.8
156,堡林,2023-03-24 08:00,8.8,,1.9,270,71,1007,1015.5,0,.38,,8,,11
156,堡林,2023-03-24 09:00,9.2,,1.3,270,65,1007.4,1015.9,0,.44,,9,,12.4
156,堡林,2023-03-24 10:00,9.4,,.4,0,65,1007.6,1016.1,0,.38,,9,,12.4
156,堡林,2023-03-24 11:00,10.2,,.6,230,64,1008.1,1016.6,0,.57,,9,,13.9
156,堡林,2023-03-24 12:00,12.2,,.4,0,58,1007.5,1015.9,0,.94,,9,,19.4
156,堡林,2023-03-24 13:00,12.4,,.6,70,62,1006.9,1015.3,0,1.11,,9,,16
156,堡林,2023-03-24 14:00,14.1,,.9,290,58,1006.7,1015.1,0,1.02,,9,,16.5
156,堡林,2023-03-24 15:00,13.8,,1.6,230,60,1006.7,1015.1,0,1.31,,9,,17.6
156,堡林,2023-03-24 16:00,13.2,,1.6,200,61,1006.9,1015.3,0,.53,,9,,16.4
156,堡林,2023-03-24 17:00,12.5,,2.1,230,68,1007.4,1015.8,0,.36,,9,,15.3
156,堡林,2023-03-24 18:00,11.6,,2.5,230,69,1007.8,1016.3,0,.15,,9,,14.1
156,堡林,2023-03-24 19:00,10.9,,1,230,69,1008.9,1017.4,0,.08,,10,,13.2
156,堡林,2023-03-24 20:00,10.1,,1.6,270,68,1009.3,1017.8,,,,10,,12.5
156,堡林,2023-03-24 21:00,9.6,,1.5,270,71,1009.9,1018.4,,,,9,,12.1
156,堡林,2023-03-24 22:00,9,,1.1,200,72,1010.3,1018.9,,,,10,,11.7
156,堡林,2023-03-24 23:00,9.2,,1.1,270,65,1010.9,1019.5,,,,10,,11.4
156,堡林,2023-03-25 00:00,8.7,,1.3,200,76,1011.1,1019.7,,,,9,,11.2
156,堡林,2023-03-25 01:00,8.6,,.7,200,79,1011.3,1019.9,,,,10,,11
156,堡林,2023-03-25 02:00,8.4,,.5,250,76,1011.5,1020.1,,,,6,,10.8
156,堡林,2023-03-25 03:00,8.4,,1,270,76,1011.1,1019.7,,,,9,,10.6
156,堡林,2023-03-25 04:00,8.4,,1.3,270,77,1010.5,1019.1,,,,7,,10.5
156,堡林,2023-03-25 05:00,7.8,,.8,290,74,1010.3,1018.9,,,,9,,10.3
156,堡林,2023-03-25 06:00,7.7,,.1,0,78,1010.3,1018.9,,,,9,,9.9
156,堡林,2023-03-25 07:00,8.2,,.4,0,74,1011,1019.6,0,.08,,9,,9.9
156,堡林,2023-03-25 08:00,8.8,,.6,200,74,1011.5,1020.1,0,.24,,9,,10.5
156,堡林,2023-03-25 09:00,9.4,,.9,270,69,1012,1020.6,.1,.78,,9,,12.6
156,堡林,2023-03-25 10:00,10.2,,.3,0,71,1012,1020.6,0,.42,,9,,12.6
156,堡林,2023-03-25 11:00,10.6,,1.4,270,70,1012.1,1020.6,0,.53,,9,,13.1
156,堡林,2023-03-25 12:00,11.7,,.6,20,72,1011.3,1019.8,0,1.02,,8,,14.7
156,堡林,2023-03-25 13:00,12.5,,2.2,50,68,1010,1018.5,0,1.39,,8,,16.3
156,堡林,2023-03-25 14:00,13.3,,.9,50,70,1009.7,1018.1,0,1.31,,9,,17.1
156,堡林,2023-03-25 15:00,13.3,,.6,50,72,1009.7,1018.1,0,.75,,9,,16.5
156,堡林,2023-03-25 16:00,13.6,,1,70,72,1008.8,1017.2,0,.56,,9,,15.9
156,堡林,2023-03-25 17:00,13.3,,.4,0,72,1008.9,1017.3,0,.25,,9,,14.9
156,堡林,2023-03-25 18:00,12.8,,0,0,76,1008.6,1017,0,.1,,9,,14
156,堡林,2023-03-25 19:00,12.9,,.3,0,74,1008.4,1016.8,0,.07,,10,,13.4
156,堡林,2023-03-25 20:00,12.2,,.4,0,78,1008.6,1017.1,,,,10,,12.9
156,堡林,2023-03-25 21:00,11.9,,.4,0,80,1009.3,1017.8,,,,9,,12.6
156,堡林,2023-03-25 22:00,11.9,,1.1,270,80,1009.6,1018.1,,,,10,,12.3
156,堡林,2023-03-25 23:00,10.5,,.3,0,92,1009.5,1018,,,,10,,12.1
156,堡林,2023-03-26 00:00,10.6,0,0,0,93,1009.1,1017.6,,,,9,,12
156,堡林,2023-03-26 01:00,10.2,,1.1,270,93,1009.1,1017.6,,,,10,,11.8
156,堡林,2023-03-26 02:00,10,,.9,270,93,1008.5,1017,,,,10,,11.7
156,堡林,2023-03-26 03:00,9.7,0,.8,250,91,1008.2,1016.7,,,,10,,11.5
156,堡林,2023-03-26 04:00,9.4,,.6,230,88,1007.8,1016.3,,,,10,,11.2
156,堡林,2023-03-26 05:00,8.6,,.9,270,77,1007.8,1016.4,,,,10,,10.6
156,堡林,2023-03-26 06:00,7.9,0,1.6,270,63,1008.3,1016.9,,,,10,,10
156,堡林,2023-03-26 07:00,7.4,,1,290,70,1009,1017.6,0,.07,,9,,9.5
156,堡林,2023-03-26 08:00,7.9,,.4,0,75,1009.4,1018,0,.36,,9,,9.9
156,堡林,2023-03-26 09:00,8.5,,1,320,72,1009.4,1018,0,.8,,8,,11.3
156,堡林,2023-03-26 10:00,10.5,,.7,70,60,1009.6,1018.1,.9,1.55,,5,,14
156,堡林,2023-03-26 11:00,12.2,,.4,0,50,1009.4,1017.9,1,2.5,,0,,17.8
156,堡林,2023-03-26 12:00,13.4,,1.8,360,41,1008.8,1017.2,1,2.94,,0,,20.6
156,堡林,2023-03-26 13:00,15.4,,1.6,360,31,1008.4,1016.8,1,3.17,,0,,22.3
156,堡林,2023-03-26 14:00,15.4,,1.6,340,33,1008.3,1016.7,1,3.09,,0,,22.7
156,堡林,2023-03-26 15:00,15,,2.4,360,15,1007.8,1016.2,1,2.76,,0,,22.2
156,堡林,2023-03-26 16:00,14.7,,2.3,360,21,1008,1016.3,1,2.37,,0,,20.9
156,堡林,2023-03-26 17:00,13.5,,2.3,20,18,1008.4,1016.8,1,1.65,,0,,18.4
156,堡林,2023-03-26 18:00,11.5,,1.9,360,12,1008.9,1017.4,1,.87,,0,,15
156,堡林,2023-03-26 19:00,9.6,,1.4,20,17,1009.7,1018.2,.5,.19,,0,,12.1
156,堡林,2023-03-26 20:00,8.4,,1.5,50,24,1010.7,1019.3,,,,0,,10.2
156,堡林,2023-03-26 21:00,7.6,,1.1,50,25,1012.1,1020.7,,,,0,,8.9
156,堡林,2023-03-26 22:00,6.8,,.4,0,27,1013.2,1021.9,,,,0,,7.9
156,堡林,2023-03-26 23:00,6.1,,.7,320,31,1013.6,1022.3,,,,0,,7.1
156,堡林,2023-03-27 00:00,5.8,,1.9,50,32,1013.2,1021.9,,,,5,,6.4
156,堡林,2023-03-27 01:00,4.7,,1.1,50,38,1012.9,1021.6,,,,5,,6
156,堡林,2023-03-27 02:00,4.2,,1,70,37,1012.3,1021,,,,9,,5.8
156,堡林,2023-03-27 03:00,3.4,,2.3,70,43,1012.2,1021,,,,9,,5.4
156,堡林,2023-03-27 04:00,3.9,,1.8,50,46,1012.4,1021.2,,,,9,,5.2
156,堡林,2023-03-27 05:00,3.7,,1.7,70,45,1012.8,1021.6,,,,9,,5.1
156,堡林,2023-03-27 06:00,3.5,,1.8,70,40,1013.3,1022.1,,,,5,,4.6
156,堡林,2023-03-27 07:00,3.2,,1.6,70,40,1013.7,1022.5,0,.08,,0,,4
156,堡林,2023-03-27 08:00,4.6,,1.1,90,35,1014.5,1023.2,.9,.66,,0,,4.3
156,堡林,2023-03-27 09:00,6.9,,1.4,50,24,1015,1023.7,1,1.48,,0,,8.4
156,堡林,2023-03-27 10:00,9,,1.3,50,22,1015,1023.6,1,2.26,,0,,13.3
156,堡林,2023-03-27 11:00,10.5,,.8,70,19,1014.8,1023.4,1,2.85,,0,,17.1
156,堡林,2023-03-27 12:00,11.8,,.3,0,13,1014.3,1022.8,1,3.24,,0,,20.5
156,堡林,2023-03-27 13:00,13.1,,1.5,290,10,1013.5,1022,1,3.39,,0,,23.2
156,堡林,2023-03-27 14:00,13.7,,1.7,360,10,1012.8,1021.2,1,3.33,,0,,23.3
156,堡林,2023-03-27 15:00,14.8,,1.2,340,11,1012.4,1020.8,1,2.97,,0,,22.9
156,堡林,2023-03-27 16:00,14.5,,.9,340,8,1012,1020.4,1,2.38,,0,,21.2
156,堡林,2023-03-27 17:00,14,,1.8,320,14,1012,1020.4,1,1.59,,0,,17.9
156,堡林,2023-03-27 18:00,11.7,,2.4,320,17,1012.9,1021.4,1,.77,,0,,14.1
156,堡林,2023-03-27 19:00,9.6,,1.6,320,23,1014,1022.6,.3,.17,,0,,11.3
156,堡林,2023-03-27 20:00,8.2,,1.2,320,36,1014.6,1023.2,,,,0,,9.5
156,堡林,2023-03-27 21:00,7.3,,.7,320,44,1015.3,1024,,,,0,,8.4
156,堡林,2023-03-27 22:00,6.7,,.7,50,45,1015.6,1024.3,,,,0,,7.5
156,堡林,2023-03-27 23:00,6.5,,1.2,70,39,1015.6,1024.3,,,,0,,6.6
156,堡林,2023-03-28 00:00,5.7,,2.3,70,40,1015.3,1024,,,,0,,5.8
156,堡林,2023-03-28 01:00,5,,1.5,50,42,1015.3,1024.1,,,,0,,5.3
156,堡林,2023-03-28 02:00,4.8,,.4,0,43,1015.4,1024.1,,,,0,,4.7
156,堡林,2023-03-28 03:00,4.3,,0,0,48,1015.2,1024,,,,0,,4.3
156,堡林,2023-03-28 04:00,3.7,,.6,140,50,1015.2,1024,,,,0,,3.9
156,堡林,2023-03-28 05:00,3.6,,0,0,55,1015.7,1024.5,,,,0,,3.8
156,堡林,2023-03-28 06:00,3.5,,.6,270,56,1016.2,1025,,,,0,,3.8
156,堡林,2023-03-28 07:00,3.5,,0,0,56,1016.7,1025.5,0,.1,,0,,4
156,堡林,2023-03-28 08:00,5,,.3,0,50,1017.1,1025.9,.7,.53,,0,,5.7
156,堡林,2023-03-28 09:00,7.5,,.6,90,43,1017.8,1026.5,1,1.2,,0,,10
156,堡林,2023-03-28 10:00,9.8,,0,0,35,1018.1,1026.7,1,1.78,,0,,14.2
156,堡林,2023-03-28 11:00,11.7,,1,230,28,1018,1026.6,1,2.39,,0,,18
156,堡林,2023-03-28 12:00,14.3,,1,250,17,1017.3,1025.7,1,2.8,,0,,21.1
156,堡林,2023-03-28 13:00,16,,.8,270,25,1016.5,1024.9,1,2.9,,5,,23.3
156,堡林,2023-03-28 14:00,17,,0,0,28,1015.8,1024.1,.6,2.13,,8,,22.5
156,堡林,2023-03-28 15:00,16.1,,1,290,31,1015.4,1023.8,.5,1.66,,9,,21
156,堡林,2023-03-28 16:00,17,,2,250,30,1014.8,1023.1,.6,1.6,,5,,20.8
156,堡林,2023-03-28 17:00,15.7,,1.7,250,33,1014.4,1022.8,.4,1.13,,9,,18.5
156,堡林,2023-03-28 18:00,15.3,,1.9,270,35,1014.4,1022.8,0,.45,,4,,15.8
156,堡林,2023-03-28 19:00,14.1,,1.8,270,37,1014.5,1022.9,0,.15,,0,,13.1
156,堡林,2023-03-28 20:00,12,,1.1,320,39,1015,1023.5,,,,0,,11.3
156,堡林,2023-03-28 21:00,10.4,,.6,230,41,1015.5,1024.1,,,,0,,9.8
156,堡林,2023-03-28 22:00,10.2,,0,0,43,1015.5,1024.1,,,,0,,8.7
156,堡林,2023-03-28 23:00,9.4,,0,0,51,1015.5,1024.1,,,,0,,7.9
156,堡林,2023-03-29 00:00,9.2,,.6,270,56,1015.8,1024.4,,,,0,,7.3
156,堡林,2023-03-29 01:00,7.7,,0,0,64,1015.5,1024.2,,,,5,,6.7
156,堡林,2023-03-29 02:00,7.1,,0,0,67,1015.6,1024.3,,,,5,,6.2
156,堡林,2023-03-29 03:00,6.6,,0,0,70,1015.4,1024.1,,,,0,,5.7
156,堡林,2023-03-29 04:00,5.6,,0,0,75,1015,1023.7,,,,0,,5.3
156,堡林,2023-03-29 05:00,5.2,,0,0,78,1014.7,1023.5,,,,0,,4.8
156,堡林,2023-03-29 06:00,4.7,,0,0,82,1014.9,1023.6,,,,0,,4.5
156,堡林,2023-03-29 07:00,4.9,,0,0,82,1015.3,1024.1,0,.11,,7,,4.7
156,堡林,2023-03-29 08:00,5.7,,0,0,78,1015.6,1024.3,.9,.56,,5,,6.3
156,堡林,2023-03-29 09:00,8.1,,0,0,64,1015.8,1024.4,1,1.22,,7,,11.4
156,堡林,2023-03-29 10:00,11.3,,.3,0,50,1015.7,1024.2,1,2.09,,3,,16.8
156,堡林,2023-03-29 11:00,16.2,,1,360,36,1015.3,1023.7,1,2.81,,6,,21.6
156,堡林,2023-03-29 12:00,18.5,,0,0,26,1014.8,1023.1,1,3.11,,3,,25
156,堡林,2023-03-29 13:00,20,,1.2,50,10,1013.6,1021.9,1,3.32,,0,,27.3
156,堡林,2023-03-29 14:00,21,,1.1,270,10,1012.6,1020.8,1,3.21,,2,,28.1
156,堡林,2023-03-29 15:00,21.5,,.5,340,11,1012,1020.2,1,2.82,,1,,27.6
156,堡林,2023-03-29 16:00,21.2,,.6,320,12,1011.5,1019.7,1,2.25,,0,,25.9
156,堡林,2023-03-29 17:00,21.3,,1.2,250,10,1011.3,1019.5,1,1.55,,0,,22.6
156,堡林,2023-03-29 18:00,20.2,,1.5,270,15,1010.9,1019.1,1,.79,,0,,18.6
156,堡林,2023-03-29 19:00,17.9,,.8,290,27,1011.2,1019.5,.3,.17,,1,,15.6
156,堡林,2023-03-29 20:00,15.3,,2.6,230,38,1012.5,1020.9,,,,0,,13.7
156,堡林,2023-03-29 21:00,13.3,,1.7,230,45,1013.1,1021.5,,,,3,,12.2
156,堡林,2023-03-29 22:00,12.7,,.9,250,48,1013.6,1022.1,,,,0,,11.1
156,堡林,2023-03-29 23:00,11.8,,1,230,51,1013.5,1022,,,,4,,10.1
156,堡林,2023-03-30 00:00,10.5,,.8,250,57,1013.3,1021.9,,,,6,,9.3
156,堡林,2023-03-30 01:00,9.7,,.2,0,67,1013.5,1022.1,,,,6,,8.7
156,堡林,2023-03-30 02:00,9.1,,.1,0,73,1013.2,1021.8,,,,4,,8.1
156,堡林,2023-03-30 03:00,8.7,,0,0,75,1012.5,1021.1,,,,3,,7.7
156,堡林,2023-03-30 04:00,8.2,,0,0,79,1012,1020.6,,,,6,,7.3
156,堡林,2023-03-30 05:00,7.7,,0,0,79,1012,1020.6,,,,3,,6.9
156,堡林,2023-03-30 06:00,7.3,,0,0,79,1012.2,1020.8,,,,6,,6.5
156,堡林,2023-03-30 07:00,7.1,,0,0,74,1012.6,1021.3,0,.1,,4,,6.6
156,堡林,2023-03-30 08:00,8.4,,0,0,71,1012.8,1021.4,.9,.56,,5,,8.3
156,堡林,2023-03-30 09:00,11.4,,.7,70,54,1012.6,1021.1,1,1.18,,7,,12.9
156,堡林,2023-03-30 10:00,14.8,,.7,270,43,1012.7,1021.1,1,1.98,,6,,17.9
156,堡林,2023-03-30 11:00,17.1,,1,230,32,1012,1020.3,1,2.26,,7,,24.6
156,堡林,2023-03-30 12:00,19.8,,.9,70,21,1010.9,1019.1,.9,2.51,,7,,27.9
156,堡林,2023-03-30 13:00,22.5,,1,70,16,1010.2,1018.3,.8,2.32,,9,,31.4
156,堡林,2023-03-30 14:00,22.7,,1.2,230,17,1009.6,1017.7,.8,2.19,,8,,31.4
156,堡林,2023-03-30 15:00,21.8,,1.3,250,17,1009,1017.1,.6,1.94,,9,,29.7
156,堡林,2023-03-30 16:00,22.2,,.4,0,18,1008.4,1016.5,.5,1.55,,8,,28.1
156,堡林,2023-03-30 17:00,21.2,,1.9,290,25,1008.4,1016.6,.6,1.12,,7,,24.4
156,堡林,2023-03-30 18:00,19.4,,1.5,290,20,1009,1017.2,0,.52,,8,,19.6
156,堡林,2023-03-30 19:00,17.9,,0,0,20,1009.6,1017.8,0,.12,,8,,15.9
156,堡林,2023-03-30 20:00,16.3,,0,0,23,1009.8,1018.1,,,,8,,13.9
156,堡林,2023-03-30 21:00,15.9,,0,0,22,1010.5,1018.9,,,,8,,12.7
156,堡林,2023-03-30 22:00,15.1,,0,0,27,1010.5,1018.9,,,,9,,12
156,堡林,2023-03-30 23:00,14.5,,0,0,30,1010.6,1019,,,,9,,11.4
156,堡林,2023-03-31 00:00,13.5,,0,0,34,1010.7,1019.1,,,,9,,10.6
156,堡林,2023-03-31 01:00,12.8,,0,0,37,1010.8,1019.2,,,,6,,9.2
156,堡林,2023-03-31 02:00,12.3,,0,0,40,1010.5,1019,,,,1,,8.1
156,堡林,2023-03-31 03:00,10.8,,0,0,45,1010.3,1018.8,,,,0,,7.2
156,堡林,2023-03-31 04:00,10.7,,0,0,47,1010.4,1018.9,,,,0,,6.6
156,堡林,2023-03-31 05:00,10,,0,0,51,1010.7,1019.3,,,,0,,6
156,堡林,2023-03-31 06:00,9.4,,0,0,56,1011,1019.6,,,,0,,5.5
156,堡林,2023-03-31 07:00,8.7,,0,0,62,1011.5,1020.1,0,.11,,0,,5.6
156,堡林,2023-03-31 08:00,9.9,,0,0,59,1011.8,1020.4,1,.64,,0,,7.6
156,堡林,2023-03-31 09:00,13.1,,0,0,48,1012.1,1020.5,1,1.43,,0,,16.2
156,堡林,2023-03-31 10:00,15.8,,0,0,35,1011.9,1020.3,1,2.18,,0,,23.7
156,堡林,2023-03-31 11:00,18.7,,0,0,23,1011.7,1019.9,1,2.83,,0,,30.3
156,堡林,2023-03-31 12:00,22,,.2,0,15,1010.6,1018.7,1,3.24,,0,,35.1
156,堡林,2023-03-31 13:00,23.1,,.1,0,7,1009.6,1017.7,1,3.38,,0,,37.8
156,堡林,2023-03-31 14:00,23.7,,1.5,290,3,1008.7,1016.7,1,3.3,,0,,38.1
156,堡林,2023-03-31 15:00,24,,1,290,3,1007.7,1015.7,1,2.96,,0,,36.6
156,堡林,2023-03-31 16:00,24.4,,1.3,290,7,1006.9,1014.9,1,2.3,,0,,32.8
156,堡林,2023-03-31 17:00,23.4,,1.4,320,11,1006.8,1014.8,1,1.55,,1,,27.1
156,堡林,2023-03-31 18:00,21.5,,2.1,320,14,1007.3,1015.4,1,.74,,6,,21.3
156,堡林,2023-03-31 19:00,18.3,,1,250,18,1008,1016.2,0,.17,,6,,16.9
156,堡林,2023-03-31 20:00,17.1,,0,0,19,1008.6,1016.9,,,,0,,14
156,堡林,2023-03-31 21:00,15.9,,0,0,21,1008.8,1017.1,,,,0,,12.2
156,堡林,2023-03-31 22:00,15.2,,.1,0,24,1009.5,1017.9,,,,0,,11.1
156,堡林,2023-03-31 23:00,14.5,,0,0,24,1009.5,1017.9,,,,0,,10.1
156,堡林,2023-04-01 00:00,13.4,,0,0,28,1009.4,1017.8,,,,0,,9.2
156,堡林,2023-04-01 01:00,12.6,,0,0,32,1009.5,1017.9,,,,0,,8.4
156,堡林,2023-04-01 02:00,11.6,,0,0,37,1009.2,1017.7,,,,0,,7.8
156,堡林,2023-04-01 03:00,10.9,,0,0,43,1008.9,1017.4,,,,0,,7.3
156,堡林,2023-04-01 04:00,10.2,,0,0,45,1008.6,1017.1,,,,0,,6.8
156,堡林,2023-04-01 05:00,9.5,,0,0,49,1008.4,1016.9,,,,0,,6.3
156,堡林,2023-04-01 06:00,9,,0,0,53,1008.4,1016.9,,,,0,,6
156,堡林,2023-04-01 07:00,9.1,,0,0,54,1008.6,1017.1,0,.12,,3,,6.3
156,堡林,2023-04-01 08:00,10.7,,0,0,51,1008.8,1017.3,1,.65,,0,,8.6
156,堡林,2023-04-01 09:00,14,,0,0,41,1009,1017.4,1,1.32,,3,,16.3
156,堡林,2023-04-01 10:00,17.8,,0,0,32,1009,1017.2,1,2.15,,3,,24.4
156,堡林,2023-04-01 11:00,21.5,,0,0,19,1008.3,1016.4,1,2.72,,6,,30.7
156,堡林,2023-04-01 12:00,23.5,,.1,0,17,1007.3,1015.3,1,2.86,,6,,33.7
156,堡林,2023-04-01 13:00,25.2,,2.1,200,10,1006.5,1014.5,1,3.16,,6,,38.2
156,堡林,2023-04-01 14:00,25.7,,2.1,50,6,1005.7,1013.7,1,3.15,,6,,38.5
156,堡林,2023-04-01 15:00,25.6,,2.8,200,7,1005.2,1013.2,1,2.52,,6,,36.4
156,堡林,2023-04-01 16:00,26.1,,1.1,230,7,1004.6,1012.6,1,2.28,,6,,34.5
156,堡林,2023-04-01 17:00,23,,2.1,270,12,1005,1013.1,1,1.57,,2,,28.1
156,堡林,2023-04-01 18:00,21.2,,.8,290,14,1005.6,1013.7,1,.74,,0,,21.5
156,堡林,2023-04-01 19:00,19.2,,2.1,270,16,1006.2,1014.4,.2,.17,,0,,16.9
156,堡林,2023-04-01 20:00,17.9,,.6,250,17,1006.7,1014.9,,,,4,,14.4
156,堡林,2023-04-01 21:00,16.7,,.9,250,22,1007.5,1015.8,,,,0,,12.6
156,堡林,2023-04-01 22:00,16.5,,.6,270,21,1008,1016.3,,,,0,,11.4
156,堡林,2023-04-01 23:00,15,,0,0,27,1008.3,1016.7,,,,0,,10.4
156,堡林,2023-04-02 00:00,14.1,,0,0,28,1008.4,1016.8,,,,0,,9.6
156,堡林,2023-04-02 01:00,13.6,,0,0,31,1008.4,1016.8,,,,0,,9.1
156,堡林,2023-04-02 02:00,13,,0,0,34,1008.3,1016.7,,,,0,,8.7
156,堡林,2023-04-02 03:00,12,,0,0,39,1008,1016.5,,,,0,,8.2
156,堡林,2023-04-02 04:00,11.1,,0,0,45,1008.3,1016.8,,,,0,,7.7
156,堡林,2023-04-02 05:00,10.7,,0,0,48,1008.3,1016.8,,,,0,,7.4
156,堡林,2023-04-02 06:00,10.1,,0,0,51,1008.6,1017.1,,,,0,,6.8
156,堡林,2023-04-02 07:00,9.7,,0,0,54,1009.4,1017.9,.1,.12,,0,,7.2
156,堡林,2023-04-02 08:00,13.8,,.7,50,37,1009.9,1018.3,1,.67,,0,,9.5
156,堡林,2023-04-02 09:00,16.8,,2.7,70,27,1010.2,1018.5,1,1.47,,0,,18.3
156,堡林,2023-04-02 10:00,19.5,,2.7,70,22,1010.4,1018.6,1,2.21,,0,,25.9
156,堡林,2023-04-02 11:00,21,,2.9,70,12,1010.2,1018.4,1,2.81,,0,,31.8
156,堡林,2023-04-02 12:00,22.2,,2.1,50,9,1009.6,1017.7,1,3.18,,0,,35.9
156,堡林,2023-04-02 13:00,23.6,,3.7,50,7,1009,1017.1,1,3.35,,0,,38.3
156,堡林,2023-04-02 14:00,24.7,,3.8,50,3,1008.3,1016.3,1,3.32,,0,,39.2
156,堡林,2023-04-02 15:00,24.3,,3.3,50,6,1007.7,1015.7,1,3,,0,,37.3
156,堡林,2023-04-02 16:00,24.8,,3.7,70,8,1007.5,1015.5,1,2.43,,0,,34.5
156,堡林,2023-04-02 17:00,23.8,,3.3,70,10,1007.7,1015.7,1,1.7,,0,,28.9
156,堡林,2023-04-02 18:00,22.1,,3.8,70,15,1008.2,1016.3,1,.89,,0,,21.7
156,堡林,2023-04-02 19:00,19.4,,1.3,180,28,1009.7,1017.9,.4,.19,,1,,17.5
156,堡林,2023-04-02 20:00,17.9,,2.2,200,33,1010.7,1019,,,,0,,15
156,堡林,2023-04-02 21:00,17.2,,.2,0,33,1011.5,1019.8,,,,0,,13.2
156,堡林,2023-04-02 22:00,16.4,,.8,50,36,1011.7,1020,,,,0,,11.9
156,堡林,2023-04-02 23:00,14.7,,2.9,70,27,1011.8,1020.2,,,,0,,10.6
156,堡林,2023-04-03 00:00,15.1,,.7,110,24,1012.2,1020.6,,,,0,,9.5
156,堡林,2023-04-03 01:00,13.7,,2.3,70,27,1012.2,1020.6,,,,0,,8.7
156,堡林,2023-04-03 02:00,13.3,,2,50,28,1012.2,1020.6,,,,0,,8.2
156,堡林,2023-04-03 03:00,12.8,,1.8,70,30,1012.2,1020.7,,,,0,,7.8
156,堡林,2023-04-03 04:00,13.1,,.8,270,31,1013.2,1021.7,,,,0,,7.4
156,堡林,2023-04-03 05:00,10.7,,1.9,70,39,1012.7,1021.2,,,,0,,6.9
156,堡林,2023-04-03 06:00,10.8,,1.7,70,36,1012.7,1021.2,,,,0,,6.5
156,堡林,2023-04-03 07:00,11.2,,2.2,70,36,1013.3,1021.8,.2,.13,,0,,6.9
156,堡林,2023-04-03 08:00,13.4,,1.8,50,33,1013.9,1022.3,1,.73,,2,,9
156,堡林,2023-04-03 09:00,16.7,,3.3,70,26,1014.4,1022.7,1,1.56,,3,,18.8
156,堡林,2023-04-03 10:00,18.7,,3.8,70,23,1013.9,1022.1,1,2.28,,3,,26.3
156,堡林,2023-04-03 11:00,21.2,,4.1,70,13,1013.6,1021.8,1,2.82,,6,,31.1
156,堡林,2023-04-03 12:00,23.6,,2.4,90,11,1012.9,1021,1,3.14,,1,,36.7
156,堡林,2023-04-03 13:00,24.3,,3.6,70,7,1012.1,1020.1,1,3.46,,2,,39.1
156,堡林,2023-04-03 14:00,24.7,,3.9,90,9,1011.4,1019.4,1,3.32,,3,,39
156,堡林,2023-04-03 15:00,24.6,,3.1,70,8,1011,1019,1,3.04,,6,,37.5
156,堡林,2023-04-03 16:00,24.8,,2.1,90,11,1011.1,1019.1,1,2.25,,3,,33.7
156,堡林,2023-04-03 17:00,23.4,,2.1,90,13,1011.3,1019.4,1,1.37,,5,,27.4
156,堡林,2023-04-03 18:00,22.1,,1.3,110,16,1011.7,1019.8,1,.63,,5,,21.3
156,堡林,2023-04-03 19:00,21,,2.8,180,20,1011.9,1020.1,.2,.14,,1,,17.4
156,堡林,2023-04-03 20:00,18.9,,2.7,180,30,1012.5,1020.7,,,,5,,15.5
156,堡林,2023-04-03 21:00,17.5,,2.2,200,34,1013.3,1021.6,,,,8,,14.7
156,堡林,2023-04-03 22:00,17.2,,.8,340,36,1013.4,1021.7,,,,10,,13.7
156,堡林,2023-04-03 23:00,16.1,,.9,250,41,1013.5,1021.9,,,,8,,13.2
156,堡林,2023-04-04 00:00,14.9,,.4,0,46,1013.4,1021.8,,,,9,,12.7
156,堡林,2023-04-04 01:00,14.3,,.6,320,50,1013.4,1021.8,,,,10,,12.3
156,堡林,2023-04-04 02:00,13.8,,.1,0,52,1013.3,1021.7,,,,10,,12.2
156,堡林,2023-04-04 03:00,13.7,,.5,290,52,1012.9,1021.3,,,,9,,11.6
156,堡林,2023-04-04 04:00,13.8,,.7,320,51,1012.7,1021.1,,,,9,,11.6
156,堡林,2023-04-04 05:00,13.3,,1.1,340,44,1012,1020.4,,,,8,,10.3
156,堡林,2023-04-04 06:00,13.2,,.5,50,43,1012.4,1020.8,,,,8,,10.4
156,堡林,2023-04-04 07:00,13.2,,0,0,42,1012.6,1021,0,.11,,9,,11.1
156,堡林,2023-04-04 08:00,14.3,,1.3,70,41,1012.5,1020.9,.2,.5,,7,,13
156,堡林,2023-04-04 09:00,16.8,,.7,320,40,1012.5,1020.8,.7,1.25,,7,,20.1
156,堡林,2023-04-04 10:00,18,,2.3,200,44,1012.4,1020.7,.1,1.23,,9,,22.2
156,堡林,2023-04-04 11:00,19.1,,1.8,200,44,1012,1020.2,.2,1.52,,10,,25.6
156,堡林,2023-04-04 12:00,19.2,,3.5,180,43,1011.4,1019.6,.1,1.49,,10,,26.1
156,堡林,2023-04-04 13:00,19.7,,3.7,180,48,1010.5,1018.7,0,1.66,,9,,27.3
156,堡林,2023-04-04 14:00,19,,3.6,160,49,1010.2,1018.4,.1,1.65,,10,,26.4
156,堡林,2023-04-04 15:00,18.5,,5.5,180,52,1009.3,1017.5,0,.67,,10,,23
156,堡林,2023-04-04 16:00,17.5,0,1.9,160,61,1009.1,1017.4,0,.38,,10,,18.9
156,堡林,2023-04-04 17:00,15.5,.6,1.5,90,87,1008.8,1017.2,0,.17,,10,,16.7
156,堡林,2023-04-04 18:00,15.3,.3,1.4,140,87,1008.3,1016.7,0,.15,,10,,15.7
156,堡林,2023-04-04 19:00,14.6,3.2,1.5,160,94,1008.6,1017,0,.06,,10,,15
156,堡林,2023-04-04 20:00,14.7,1.4,2.4,160,94,1008,1016.3,,,,10,,14.7
156,堡林,2023-04-04 21:00,14.9,1.6,2.8,160,93,1007.5,1015.9,,,,10,,14.5
156,堡林,2023-04-04 22:00,15.2,2.2,4.2,180,94,1007.1,1015.5,,,,10,,14.5
156,堡林,2023-04-04 23:00,15.5,3.1,5.5,180,92,1006.9,1015.2,,,,10,,14.4
156,堡林,2023-04-05 00:00,15.7,.4,3.1,180,88,1006.4,1014.7,,,,10,,14.2
156,堡林,2023-04-05 01:00,15.4,.3,3.1,180,88,1005.8,1014.1,,,,10,,14.1
156,堡林,2023-04-05 02:00,15.4,.7,4.3,200,91,1004.9,1013.2,,,,10,,14.1
156,堡林,2023-04-05 03:00,15.3,1.5,4.1,180,94,1004.2,1012.5,,,,10,,14.3
156,堡林,2023-04-05 04:00,15.4,2.3,4.2,180,95,1003.8,1012.1,,,,10,,14.4
156,堡林,2023-04-05 05:00,15.7,2.1,3.8,180,95,1002.8,1011.1,,,,10,,14.5
156,堡林,2023-04-05 06:00,15.8,2.8,3.2,180,95,1002.8,1011.1,,,,10,,14.7
156,堡林,2023-04-05 07:00,15.7,3.4,2.9,180,96,1002.8,1011.1,0,.07,,10,,14.9
156,堡林,2023-04-05 08:00,15.8,3.9,3.1,180,96,1002.4,1010.7,0,.11,,10,,15.2
156,堡林,2023-04-05 09:00,16.1,5.5,3.6,200,96,1001.9,1010.2,0,.18,,10,,15.7
156,堡林,2023-04-05 10:00,16.2,3.5,4.2,200,96,1001.7,1010,0,.27,,10,,16.3
156,堡林,2023-04-05 11:00,16.4,3,3.3,180,96,1001.4,1009.7,0,.37,,10,,17.3
156,堡林,2023-04-05 12:00,16.4,1.5,3.2,200,96,1001.2,1009.5,0,.37,,10,,17.4
156,堡林,2023-04-05 13:00,14.9,2,3.7,250,96,1001.4,1009.7,0,.18,,10,,16.2
156,堡林,2023-04-05 14:00,14.6,1.7,2.3,200,96,1000.8,1009.1,0,.28,,10,,16.8
156,堡林,2023-04-05 15:00,14.4,0,2.5,230,96,1000.7,1009,0,.36,,10,,16.8
156,堡林,2023-04-05 16:00,14.2,,2.8,250,96,1001,1009.3,0,.26,,10,,16.1
156,堡林,2023-04-05 17:00,11.9,,3.6,270,96,1002,1010.4,0,.13,,10,,14.5
156,堡林,2023-04-05 18:00,11.3,0,3.4,270,96,1002.2,1010.6,0,.11,,10,,13.6
156,堡林,2023-04-05 19:00,11.3,0,3.4,270,93,1002.7,1011.1,0,.07,,10,,12.9
156,堡林,2023-04-05 20:00,10.7,,2.3,250,93,1003.2,1011.7,,,,10,,12.4
156,堡林,2023-04-05 21:00,10.5,,1.8,230,93,1003.6,1012.1,,,,10,,12.1
156,堡林,2023-04-05 22:00,10.4,,2,250,93,1004.4,1012.9,,,,9,,11.8
156,堡林,2023-04-05 23:00,9.9,,3.5,270,90,1004.8,1013.3,,,,9,,11.4
156,堡林,2023-04-06 00:00,9.3,,2.6,270,90,1004.5,1013,,,,10,,11
156,堡林,2023-04-06 01:00,9.1,,2.1,250,91,1004.2,1012.7,,,,6,,10.8
156,堡林,2023-04-06 02:00,9,0,1.7,250,92,1004.3,1012.8,,,,10,,10.6
156,堡林,2023-04-06 03:00,8.9,0,1.7,230,94,1004.2,1012.7,,,,10,,10.5
156,堡林,2023-04-06 04:00,8.6,0,2.5,230,95,1004.1,1012.6,,,,10,,10.5
156,堡林,2023-04-06 05:00,8.7,0,1.8,230,96,1003.9,1012.4,,,,10,,10.5
156,堡林,2023-04-06 06:00,8.8,0,1.1,200,96,1004,1012.5,,,,10,,10.6
156,堡林,2023-04-06 07:00,9.1,0,1.3,230,96,1004.4,1012.9,0,.07,,10,,10.9
156,堡林,2023-04-06 08:00,9.2,0,1.4,230,96,1004.6,1013.1,0,.1,,10,,11.1
156,堡林,2023-04-06 09:00,9.5,0,1.4,230,96,1004.6,1013.1,0,.16,,10,,11.7
156,堡林,2023-04-06 10:00,9.9,0,1.6,230,96,1004.5,1013,0,.28,,10,,12.6
156,堡林,2023-04-06 11:00,10.4,0,1.3,270,95,1004.7,1013.2,0,.39,,10,,13.5
156,堡林,2023-04-06 12:00,10.7,,1.8,270,93,1004.9,1013.4,0,.47,,10,,14.3
156,堡林,2023-04-06 13:00,10.8,0,1.8,270,93,1004.5,1013,0,.67,,10,,14.8
156,堡林,2023-04-06 14:00,11.3,0,1.4,270,92,1004,1012.4,0,.44,,10,,14.8
156,堡林,2023-04-06 15:00,11.6,0,1.8,270,92,1003,1011.4,0,.46,,10,,15.1
156,堡林,2023-04-06 16:00,10.9,0,1.9,270,93,1003.3,1011.8,0,.36,,10,,14.3
156,堡林,2023-04-06 17:00,10.4,0,1.9,270,95,1003.7,1012.2,0,.23,,10,,13.3
156,堡林,2023-04-06 18:00,10.3,0,1.3,290,94,1004.4,1012.9,0,.15,,10,,12.4
156,堡林,2023-04-06 19:00,9.6,0,1.3,290,93,1004.9,1013.4,0,.08,,10,,11.5
156,堡林,2023-04-06 20:00,9.2,.7,.5,20,95,1004.5,1013,,,,10,,11.1
156,堡林,2023-04-06 21:00,9.2,1.2,.1,0,95,1005.2,1013.7,,,,10,,10.8
156,堡林,2023-04-06 22:00,8.7,1.7,.1,0,96,1005.3,1013.8,,,,10,,10.4
156,堡林,2023-04-06 23:00,8.4,1.7,1,320,96,1005.8,1014.3,,,,10,,10
156,堡林,2023-04-07 00:00,7.8,1.6,.7,290,96,1006.3,1014.9,,,,10,,9.5
156,堡林,2023-04-07 01:00,7.7,.6,.4,0,95,1006.2,1014.8,,,,10,,9.5
156,堡林,2023-04-07 02:00,7.5,0,0,0,95,1005.8,1014.4,,,,10,,9.1
156,堡林,2023-04-07 03:00,7.5,,.5,320,96,1006.2,1014.8,,,,9,,8.6
156,堡林,2023-04-07 04:00,7.3,,0,0,95,1006.2,1014.8,,,,7,,8.3
156,堡林,2023-04-07 05:00,6.8,,0,0,94,1006.3,1014.9,,,,2,,6.7
156,堡林,2023-04-07 06:00,5.8,,0,0,93,1006.5,1015.2,,,,0,,5.8
156,堡林,2023-04-07 07:00,6.1,,0,0,94,1007.2,1015.8,.2,.16,,1,,6
156,堡林,2023-04-07 08:00,7.6,,0,0,91,1007.4,1016,1,.73,,0,,8
156,堡林,2023-04-07 09:00,9.7,,1.1,270,80,1007.9,1016.4,1,1.44,,0,,14.9
156,堡林,2023-04-07 10:00,10.8,,1.2,270,79,1007.9,1016.4,.8,1.89,,7,,19.4
156,堡林,2023-04-07 11:00,12,,1.1,290,72,1008.2,1016.7,.7,2.02,,7,,21.2
156,堡林,2023-04-07 12:00,13.4,,1.3,290,69,1007.8,1016.2,.5,1.92,,8,,20.3
156,堡林,2023-04-07 13:00,14.4,,1.4,340,58,1007.3,1015.7,.3,1.76,,8,,21.2
156,堡林,2023-04-07 14:00,13.2,,2.9,340,61,1007.5,1015.9,.2,1.87,,9,,21.2
156,堡林,2023-04-07 15:00,12,,2.6,320,67,1007.5,1016,.1,1.43,,9,,19.3
156,堡林,2023-04-07 16:00,12,,.8,20,70,1007,1015.4,.1,1.09,,9,,18
156,堡林,2023-04-07 17:00,12,,2.1,290,71,1007,1015.4,.7,1.26,,9,,17.2
156,堡林,2023-04-07 18:00,9.9,0,2.4,340,86,1008,1016.5,.1,.4,,9,,13.6
156,堡林,2023-04-07 19:00,8.9,,1.4,320,75,1008.4,1016.9,0,.1,,5,,10.5
156,堡林,2023-04-07 20:00,7.6,,2.4,320,71,1009.2,1017.8,,,,0,,8.1
156,堡林,2023-04-07 21:00,6.7,,2.3,320,70,1010.5,1019.2,,,,2,,6.7
156,堡林,2023-04-07 22:00,6.1,,2.6,320,63,1011.4,1020.1,,,,0,,5.4
156,堡林,2023-04-07 23:00,5.3,,2.2,360,55,1011.7,1020.4,,,,0,,4.3
156,堡林,2023-04-08 00:00,5,,1.6,340,57,1012,1020.7,,,,3,,3.8
156,堡林,2023-04-08 01:00,4.9,,1.3,360,56,1012.4,1021.1,,,,0,,3.4
156,堡林,2023-04-08 02:00,4.7,,.7,360,55,1012.1,1020.8,,,,0,,3
156,堡林,2023-04-08 03:00,4.1,,.7,290,58,1012.1,1020.8,,,,0,,2.6
156,堡林,2023-04-08 04:00,4.5,,.3,0,55,1012.1,1020.8,,,,0,,2.3
156,堡林,2023-04-08 05:00,4.3,,.5,270,59,1012.3,1021,,,,0,,2.1
156,堡林,2023-04-08 06:00,3.5,,1.3,200,69,1012.5,1021.3,,,,0,,1.9
156,堡林,2023-04-08 07:00,3.3,,1.5,200,74,1013,1021.8,.3,.18,,0,,2.3
156,堡林,2023-04-08 08:00,5.2,,.8,200,62,1013.7,1022.4,1,.86,,0,,3.7
156,堡林,2023-04-08 09:00,7.9,,1.5,230,53,1014.4,1023,1,1.68,,0,,13.9
156,堡林,2023-04-08 10:00,9.4,,1.5,230,48,1014.7,1023.3,1,2.4,,0,,20
156,堡林,2023-04-08 11:00,11.6,,1.7,290,45,1014.3,1022.8,.5,1.64,,6,,17.6
156,堡林,2023-04-08 12:00,13.1,,1.5,360,42,1013.7,1022.2,.9,2.79,,6,,23.2
156,堡林,2023-04-08 13:00,13.9,,1.6,290,36,1013.2,1021.6,1,3.45,,6,,26.9
156,堡林,2023-04-08 14:00,14.5,,2.3,340,23,1012.6,1021,1,3.42,,5,,25.9
156,堡林,2023-04-08 15:00,15.1,,2.7,360,14,1012.3,1020.7,1,3.12,,0,,23.5
156,堡林,2023-04-08 16:00,15.1,,2.4,20,10,1011.9,1020.3,1,2.58,,0,,21.2
156,堡林,2023-04-08 17:00,14.6,,2.2,290,12,1011.6,1020,1,1.81,,0,,16.9
156,堡林,2023-04-08 18:00,13.1,,2.3,340,17,1011.9,1020.3,1,.98,,0,,11.8
156,堡林,2023-04-08 19:00,11.1,,1.5,320,33,1012.3,1020.8,.4,.24,,0,,9.1
156,堡林,2023-04-08 20:00,9.8,,.9,320,47,1013.1,1021.7,,,,0,,7.7
156,堡林,2023-04-08 21:00,8.9,,.9,320,59,1013.8,1022.4,,,,0,,6.9
156,堡林,2023-04-08 22:00,8.4,,.2,0,64,1014,1022.6,,,,0,,6.3
156,堡林,2023-04-08 23:00,7.6,,0,0,68,1014.2,1022.8,,,,0,,5.5
156,堡林,2023-04-09 00:00,7.5,,0,0,69,1014.5,1023.2,,,,0,,5.1
156,堡林,2023-04-09 01:00,6.9,,0,0,73,1014.4,1023.1,,,,0,,4.5
156,堡林,2023-04-09 02:00,6.5,,0,0,80,1014.3,1023,,,,0,,4.1
156,堡林,2023-04-09 03:00,5.4,,0,0,85,1014,1022.7,,,,0,,3.7
156,堡林,2023-04-09 04:00,4.9,,0,0,89,1013.7,1022.5,,,,1,,3.3
156,堡林,2023-04-09 05:00,4.6,,0,0,91,1013.6,1022.3,,,,0,,2.9
156,堡林,2023-04-09 06:00,3.8,,0,0,92,1013.5,1022.3,,,,2,,2.6
156,堡林,2023-04-09 07:00,4,,0,0,91,1013.8,1022.6,.3,.18,,0,,3.2
156,堡林,2023-04-09 08:00,5.3,,.6,200,86,1013.8,1022.5,1,.82,,0,,5.2
156,堡林,2023-04-09 09:00,7.9,,.3,0,71,1013.9,1022.5,1,1.67,,0,,15.3
156,堡林,2023-04-09 10:00,10.8,,1,250,57,1014.1,1022.7,1,2.42,,0,,21.7
156,堡林,2023-04-09 11:00,14,,1.3,230,32,1014.2,1022.6,1,3,,0,,25.9
156,堡林,2023-04-09 12:00,15.7,,1.4,270,31,1013.7,1022.1,1,3.38,,0,,28.3
156,堡林,2023-04-09 13:00,17,,1.4,290,24,1012.5,1020.8,1,3.49,,0,,30.3
156,堡林,2023-04-09 14:00,18.1,,2.3,250,17,1011.8,1020.1,1,3.41,,0,,31.8
156,堡林,2023-04-09 15:00,18,,1.5,290,19,1011.2,1019.5,1,3.03,,0,,31.3
156,堡林,2023-04-09 16:00,17.8,,2,270,16,1010.6,1018.9,1,2.48,,0,,28.2
156,堡林,2023-04-09 17:00,17,,3,270,14,1010.2,1018.5,1,1.76,,0,,23.3
156,堡林,2023-04-09 18:00,16,,1.3,290,14,1010,1018.3,1,.96,,0,,17.1
156,堡林,2023-04-09 19:00,14.3,,2.6,270,16,1010.1,1018.5,.4,.24,,0,,13.1
156,堡林,2023-04-09 20:00,13.1,,1.2,270,21,1010.6,1019,0,.05,,0,,10.5
156,堡林,2023-04-09 21:00,12.2,,.7,270,27,1010.8,1019.3,,,,0,,9
156,堡林,2023-04-09 22:00,10.6,,.7,180,32,1010.8,1019.3,,,,0,,7.6
156,堡林,2023-04-09 23:00,9.7,,.7,200,35,1010.9,1019.4,,,,0,,6.6
156,堡林,2023-04-10 00:00,8.7,,0,0,41,1010.9,1019.5,,,,0,,5.8
156,堡林,2023-04-10 01:00,8.3,,0,0,46,1011.1,1019.7,,,,0,,5.1
156,堡林,2023-04-10 02:00,7,,.3,0,54,1011,1019.6,,,,0,,4.5
156,堡林,2023-04-10 03:00,7,,.5,70,57,1010.9,1019.5,,,,0,,4.3
156,堡林,2023-04-10 04:00,6.7,,0,0,55,1010.5,1019.2,,,,0,,4.1
156,堡林,2023-04-10 05:00,5.7,,0,0,58,1010.6,1019.3,,,,0,,3.9
156,堡林,2023-04-10 06:00,5.1,,0,0,74,1010.8,1019.5,,,,0,,3.7
156,堡林,2023-04-10 07:00,5.8,,0,0,68,1010.9,1019.6,.1,.19,,0,,4.9
156,堡林,2023-04-10 08:00,8,,0,0,59,1010.9,1019.5,1,.79,,0,,8.4
156,堡林,2023-04-10 09:00,11.3,,.5,270,49,1010.6,1019.1,1,1.47,,0,,16.3
156,堡林,2023-04-10 10:00,14.7,,2,230,47,1010.9,1019.3,1,2.24,,0,,22.4
156,堡林,2023-04-10 11:00,17.7,,3.1,200,40,1010.2,1018.5,1,2.87,,0,,28.4
156,堡林,2023-04-10 12:00,18.2,,2.2,250,38,1009.4,1017.6,1,3.23,,0,,32.6
156,堡林,2023-04-10 13:00,19.9,,2.6,230,35,1008.4,1016.6,1,3.34,,0,,35.1
156,堡林,2023-04-10 14:00,20.1,,3,250,39,1007.6,1015.8,1,3.23,,0,,35.6
156,堡林,2023-04-10 15:00,20.7,,3.4,270,35,1007.3,1015.5,1,2.91,,0,,34.5
156,堡林,2023-04-10 16:00,21,,2.9,250,32,1006.9,1015.1,1,2.35,,0,,31.3
156,堡林,2023-04-10 17:00,19.8,,3.2,230,28,1006.6,1014.7,1,1.64,,0,,26.1
156,堡林,2023-04-10 18:00,17.7,,2.9,250,35,1006.4,1014.6,1,.86,,0,,20.3
156,堡林,2023-04-10 19:00,16.1,,2.3,250,44,1006.2,1014.5,.2,.23,,0,,16.3
156,堡林,2023-04-10 20:00,15.8,,3.3,200,45,1006.2,1014.5,0,.04,,0,,13.8
156,堡林,2023-04-10 21:00,14.8,,2.4,200,46,1006.5,1014.8,,,,0,,12.4
156,堡林,2023-04-10 22:00,13.9,,2.3,200,48,1006.5,1014.9,,,,0,,11.2
156,堡林,2023-04-10 23:00,13.7,,2.4,200,51,1006.9,1015.3,,,,3,,10.3
156,堡林,2023-04-11 00:00,13.4,,2.8,200,63,1007.1,1015.5,,,,0,,9.9
156,堡林,2023-04-11 01:00,13,,2.3,200,70,1007.9,1016.3,,,,2,,9.6
156,堡林,2023-04-11 02:00,13,,2.1,180,72,1007.6,1016,,,,0,,9.4
156,堡林,2023-04-11 03:00,13.6,,2.3,180,72,1007.1,1015.5,,,,5,,10
156,堡林,2023-04-11 04:00,13.5,,2,200,74,1006.5,1014.9,,,,7,,9.9
156,堡林,2023-04-11 05:00,13.7,,2,180,77,1006.1,1014.5,,,,6,,9.9
156,堡林,2023-04-11 06:00,14.2,,2.1,180,76,1005.8,1014.1,,,,6,,10.5
156,堡林,2023-04-11 07:00,15,,2.8,180,73,1005.9,1014.3,.1,.15,,9,,12.3
156,堡林,2023-04-11 08:00,16.2,,2.8,200,69,1005.8,1014.1,.1,.37,,9,,15.2
156,堡林,2023-04-11 09:00,17.9,,2.5,200,64,1005.8,1014,.2,.73,,9,,18.9
156,堡林,2023-04-11 10:00,18.7,,3.6,200,60,1005.5,1013.7,.5,1.41,,9,,21.9
156,堡林,2023-04-11 11:00,19.9,,3.3,230,55,1004.7,1012.9,.2,1.36,,9,,24.3
156,堡林,2023-04-11 12:00,19.5,,2.6,230,60,1004.1,1012.2,0,.62,,9,,20.7
156,堡林,2023-04-11 13:00,20.1,,4.5,230,59,1003.2,1011.4,0,.62,,9,,21.5
156,堡林,2023-04-11 14:00,19.8,,5.3,230,68,1002.7,1010.8,0,.42,,10,,19.6
156,堡林,2023-04-11 15:00,18.9,,4.4,230,75,1002.8,1010.9,0,.25,,10,,18.6
156,堡林,2023-04-11 16:00,17.4,0,2.3,230,91,1002.6,1010.8,0,.27,,10,,18.1
156,堡林,2023-04-11 17:00,17.2,0,2.7,230,92,1002.7,1010.9,0,.3,,10,,17.6
156,堡林,2023-04-11 18:00,16.9,,2.4,250,92,1002.8,1011,0,.1,,10,,16.6
156,堡林,2023-04-11 19:00,14.5,0,2.1,290,93,1004.1,1012.4,0,.07,,10,,15.5
156,堡林,2023-04-11 20:00,14,0,.6,270,94,1004.2,1012.5,0,.05,,5,,14.1
156,堡林,2023-04-11 21:00,14.4,,.9,270,93,1005.2,1013.5,,,,9,,14.4
156,堡林,2023-04-11 22:00,13.6,,.4,0,93,1006.1,1014.5,,,,5,,13.6
156,堡林,2023-04-11 23:00,12.7,,.2,0,92,1006.8,1015.2,,,,0,,11.8
156,堡林,2023-04-12 00:00,12.5,,1.8,340,87,1007.7,1016.1,,,,9,,10.8
156,堡林,2023-04-12 01:00,12.1,,.9,20,68,1008.1,1016.6,,,,5,,9.6
156,堡林,2023-04-12 02:00,11.4,,1.5,50,60,1008,1016.5,,,,5,,8.5
156,堡林,2023-04-12 03:00,10.5,,.9,50,49,1008.1,1016.6,,,,4,,7.6
156,堡林,2023-04-12 04:00,9.1,,1.6,50,41,1008.6,1017.1,,,,0,,6.5
156,堡林,2023-04-12 05:00,8.9,,1.5,70,35,1009,1017.6,,,,0,,5.8
156,堡林,2023-04-12 06:00,8.7,,1.2,70,37,1009.5,1018.1,,,,0,,5.1
156,堡林,2023-04-12 07:00,8.3,,2.4,70,42,1010.1,1018.7,.1,.19,,0,,5.5
156,堡林,2023-04-12 08:00,10.7,,.7,50,35,1010.8,1019.3,1,.84,,0,,8.9
156,堡林,2023-04-12 09:00,13.2,,1.6,50,22,1011.2,1019.6,1,1.67,,0,,17
156,堡林,2023-04-12 10:00,15,,2.2,50,13,1011.2,1019.6,1,2.42,,0,,23.9
156,堡林,2023-04-12 11:00,16.4,,2.4,20,2,1011.2,1019.5,1,3.06,,0,,29.6
156,堡林,2023-04-12 12:00,17.7,,2,340,2,1010.6,1018.9,1,3.44,,0,,33.3
156,堡林,2023-04-12 13:00,18.1,,2.7,20,4,1010.5,1018.7,1,3.53,,0,,35
156,堡林,2023-04-12 14:00,18.6,,3,50,7,1009.7,1017.9,1,3.37,,0,,35.3
156,堡林,2023-04-12 15:00,19.1,,3.3,50,2,1009.3,1017.5,1,3.01,,0,,33.9
156,堡林,2023-04-12 16:00,18.6,,1.8,20,4,1008.9,1017.1,1,2.48,,0,,30.6
156,堡林,2023-04-12 17:00,17.1,,2.3,50,3,1008.6,1016.9,1,1.76,,0,,24.9
156,堡林,2023-04-12 18:00,16.2,,1.7,20,5,1009,1017.3,1,.97,,0,,18.7
156,堡林,2023-04-12 19:00,14.5,,1.7,50,5,1009.6,1018,.4,.26,,0,,14.3
156,堡林,2023-04-12 20:00,12.9,,.8,50,10,1010.2,1018.6,0,.04,,0,,11.5
156,堡林,2023-04-12 21:00,11.2,,1.4,50,16,1011.1,1019.6,,,,0,,9.5
156,堡林,2023-04-12 22:00,11,,1,340,17,1011,1019.5,,,,0,,8.1
156,堡林,2023-04-12 23:00,9,,.2,0,20,1012.4,1021,,,,0,,7.2
156,堡林,2023-04-13 00:00,9.2,,.2,0,22,1013.1,1021.7,,,,0,,6.3
156,堡林,2023-04-13 01:00,8.1,,.4,0,29,1012.8,1021.4,,,,0,,5.6
156,堡林,2023-04-13 02:00,7.4,,.8,50,34,1012.4,1021,,,,0,,5
156,堡林,2023-04-13 03:00,6.8,,.9,20,32,1011.6,1020.3,,,,0,,4.5
156,堡林,2023-04-13 04:00,6.3,,.5,70,27,1010.9,1019.6,,,,0,,4.2
156,堡林,2023-04-13 05:00,5.9,,1,90,34,1010.9,1019.6,,,,0,,4.2
156,堡林,2023-04-13 06:00,5.7,,.6,160,35,1010.8,1019.5,,,,0,,4.1
156,堡林,2023-04-13 07:00,6.3,,1,70,40,1010.6,1019.3,0,.19,,0,,5.5
156,堡林,2023-04-13 08:00,8.7,,.8,110,29,1010.9,1019.5,.7,.74,,0,,9.1
156,堡林,2023-04-13 09:00,10.9,,.5,270,31,1011.3,1019.8,.9,1.44,,4,,16.6
156,堡林,2023-04-13 10:00,13.6,,.6,250,20,1011.6,1020,1,2.2,,0,,24.3
156,堡林,2023-04-13 11:00,16.5,,1.1,290,12,1011.8,1020.1,1,2.8,,0,,30.2
156,堡林,2023-04-13 12:00,19.8,,1,250,12,1010.5,1018.7,1,3.17,,0,,34.9
156,堡林,2023-04-13 13:00,22.3,,3,250,7,1009.4,1017.5,1,3.37,,0,,37.8
156,堡林,2023-04-13 14:00,22.6,,1.2,270,,1008,1016.1,1,3.27,,0,,38.6
156,堡林,2023-04-13 15:00,23.4,,2,270,9,1007.2,1015.2,1,2.84,,0,,37.2
156,堡林,2023-04-13 16:00,24.7,,1.7,250,15,1006.5,1014.5,1,2.32,,0,,34.3
156,堡林,2023-04-13 17:00,23.4,,2.1,250,19,1006.9,1014.9,1,1.58,,0,,28.5
156,堡林,2023-04-13 18:00,22,,1.7,250,21,1007.1,1015.2,.7,.76,,4,,22.8
156,堡林,2023-04-13 19:00,19.9,,2.6,230,17,1007.2,1015.4,0,.21,,7,,18.1
156,堡林,2023-04-13 20:00,18.6,,1.8,230,19,1008,1016.2,0,.04,,6,,15.4
156,堡林,2023-04-13 21:00,17.4,,.9,200,22,1008.6,1016.9,,,,8,,13.7
156,堡林,2023-04-13 22:00,16.5,,1,200,26,1008.8,1017.1,,,,6,,12.4
156,堡林,2023-04-13 23:00,16,,1.1,250,27,1008.4,1016.7,,,,6,,11.3
156,堡林,2023-04-14 00:00,14.5,,1.3,270,37,1008.9,1017.3,,,,0,,10.2
156,堡林,2023-04-14 01:00,13.5,,1.1,90,35,1008.4,1016.8,,,,0,,9.1
156,堡林,2023-04-14 02:00,12.1,,0,0,43,1007.7,1016.1,,,,6,,8.6
156,堡林,2023-04-14 03:00,11,,.6,50,53,1007.5,1016,,,,3,,7.5
156,堡林,2023-04-14 04:00,11,,0,0,52,1006.8,1015.3,,,,5,,7.5
156,堡林,2023-04-14 05:00,11,,.7,70,53,1006.2,1014.7,,,,6,,7.9
156,堡林,2023-04-14 06:00,10.2,,0,0,61,1007.1,1015.6,,,,6,,7.5
156,堡林,2023-04-14 07:00,11.4,,0,0,58,1007.7,1016.2,.2,.25,,8,,9.8
156,堡林,2023-04-14 08:00,12.4,,0,0,57,1007.9,1016.3,.1,.33,,10,,12.1
156,堡林,2023-04-14 09:00,13.3,,0,0,56,1008.3,1016.7,0,.4,,10,,13.6
156,堡林,2023-04-14 10:00,13.9,,0,0,56,1008.2,1016.6,0,.3,,10,,14.6
156,堡林,2023-04-14 11:00,15.5,.1,.2,0,60,1007.4,1015.7,0,.81,,10,,19.1
156,堡林,2023-04-14 12:00,17.3,0,1.3,70,64,1006,1014.2,0,1.09,,10,,19.9
156,堡林,2023-04-14 13:00,17.5,0,.7,70,65,1005.1,1013.3,0,.94,,10,,20.7
156,堡林,2023-04-14 14:00,18.3,0,1.6,70,68,1004.1,1012.3,0,.95,,10,,21.5
156,堡林,2023-04-14 15:00,17.4,0,1.4,70,82,1003.3,1011.5,0,.64,,10,,19.4
156,堡林,2023-04-14 16:00,17.9,0,0,0,88,1002.4,1010.6,0,.64,,10,,20.6
156,堡林,2023-04-14 17:00,17.8,0,2.2,90,73,1001.7,1009.9,0,.57,,10,,18.7
156,堡林,2023-04-14 18:00,16,.4,1.1,110,94,1002.1,1010.4,0,.18,,10,,16.6
156,堡林,2023-04-14 19:00,15.2,.4,0,0,99,1001.8,1010.1,0,.09,,10,,15.7
156,堡林,2023-04-14 20:00,14.2,.9,.7,70,99,1002.2,1010.5,0,.06,,10,,15
156,堡林,2023-04-14 21:00,13.9,1.1,.1,0,99,1002.6,1010.9,,,,10,,14.5
156,堡林,2023-04-14 22:00,13.7,.9,.4,0,99,1002.5,1010.8,,,,10,,14.2
156,堡林,2023-04-14 23:00,12.9,.2,.7,70,99,1001.1,1009.5,,,,10,,13.8
156,堡林,2023-04-15 00:00,12.8,0,2.1,50,99,1000.8,1009.2,,,,10,,13.5
156,堡林,2023-04-15 01:00,13.1,.1,1.9,50,99,1000.7,1009,,,,10,,13.3
156,堡林,2023-04-15 02:00,12.6,.3,.9,70,99,999.7,1008.1,,,,10,,13.1
156,堡林,2023-04-15 03:00,12.8,0,.3,0,99,998.9,1007.2,,,,10,,13
156,堡林,2023-04-15 04:00,12.8,,0,0,99,998.8,1007.1,,,,10,,12.9
156,堡林,2023-04-15 05:00,12.7,.1,.4,0,99,998,1006.3,,,,10,,12.8
156,堡林,2023-04-15 06:00,12.5,,.2,0,99,997.7,1006,,,,10,,12.7
156,堡林,2023-04-15 07:00,13.1,,0,0,99,997.6,1005.9,0,.11,,10,,13.3
156,堡林,2023-04-15 08:00,13.9,,0,0,99,997.7,1006,0,.32,,10,,15.1
156,堡林,2023-04-15 09:00,15,,.8,270,98,997.8,1006.1,0,.96,,9,,18.9
156,堡林,2023-04-15 10:00,17.2,,.5,290,82,997.5,1005.7,.3,1.64,,8,,23.7
156,堡林,2023-04-15 11:00,19,,.9,50,65,997.5,1005.6,.7,2.25,,8,,27.4
156,堡林,2023-04-15 12:00,19.3,,1.6,340,61,997.2,1005.3,.9,3.14,,8,,30.3
156,堡林,2023-04-15 13:00,16.2,,2.2,360,80,997.2,1005.4,.4,2.41,,10,,24.1
156,堡林,2023-04-15 14:00,15.1,,2.5,70,82,996.6,1004.9,0,.63,,10,,19.2
156,堡林,2023-04-15 15:00,16.5,0,1.2,50,68,996,1004.2,.6,1.88,,8,,24.7
156,堡林,2023-04-15 16:00,17.9,,1.9,320,61,995.4,1003.5,1,2.27,,4,,25.1
156,堡林,2023-04-15 17:00,18.4,,1.5,340,63,995.2,1003.3,.9,1.43,,5,,21.3
156,堡林,2023-04-15 18:00,16.4,,1.7,340,63,996,1004.2,1,.9,,2,,17.3
156,堡林,2023-04-15 19:00,14.7,,1,290,76,996.6,1004.8,.2,.25,,0,,14.2
156,堡林,2023-04-15 20:00,13.3,,1.1,320,87,996.7,1005,0,.05,,0,,12.4
156,堡林,2023-04-15 21:00,12.1,,1.2,290,96,997,1005.4,,,,0,,11.3
156,堡林,2023-04-15 22:00,11.3,,.8,270,98,996.7,1005.1,,,,0,,10.1
156,堡林,2023-04-15 23:00,10.5,,1.1,230,99,997.2,1005.6,,,,6,,9.6
156,堡林,2023-04-16 00:00,10,,1,250,99,996.5,1004.9,,,,1,,8.9
156,堡林,2023-04-16 01:00,10,,2,200,99,996.2,1004.6,,,,5,,10.9
156,堡林,2023-04-16 02:00,9.8,,1.7,230,99,996.5,1004.9,,,,10,,11
156,堡林,2023-04-16 03:00,9.8,,1.3,270,99,995.7,1004.1,,,,10,,11.1
156,堡林,2023-04-16 04:00,9.6,,1.4,270,99,996.2,1004.6,,,,10,,11.1
156,堡林,2023-04-16 05:00,9.5,,.9,270,99,996.2,1004.6,,,,10,,11
156,堡林,2023-04-16 06:00,9.3,,.9,230,99,996,1004.4,0,.06,,9,,10.6
156,堡林,2023-04-16 07:00,9.6,,3,70,99,995.1,1003.5,0,.14,,9,,11.2
156,堡林,2023-04-16 08:00,9.9,,.9,180,98,996.1,1004.5,0,.27,,10,,11.8
156,堡林,2023-04-16 09:00,11,,1.5,70,93,996,1004.4,.1,.63,,8,,15.8
156,堡林,2023-04-16 10:00,12.7,,1.6,230,85,996.1,1004.4,.2,1.08,,7,,17
156,堡林,2023-04-16 11:00,14.8,,2.8,270,56,996.2,1004.4,1,2.83,,2,,26.1
156,堡林,2023-04-16 12:00,16.6,,1.2,320,47,995.7,1003.9,1,3.25,,8,,29.1
156,堡林,2023-04-16 13:00,17,,1.7,320,41,995.7,1003.9,.9,3.29,,8,,30
156,堡林,2023-04-16 14:00,16.1,,1.5,340,53,995.7,1003.9,.4,1.79,,7,,24.3
156,堡林,2023-04-16 15:00,15.2,,1.1,70,55,995.9,1004.2,.2,1.1,,8,,23.1
156,堡林,2023-04-16 16:00,16.2,,2.1,340,51,996.6,1004.8,.9,2.12,,7,,26.2
156,堡林,2023-04-16 17:00,15.2,,1.7,360,57,997.6,1005.9,1,1.67,,1,,22.3
156,堡林,2023-04-16 18:00,13.4,,3.8,70,62,998.7,1007,1,.85,,6,,18.4
156,堡林,2023-04-16 19:00,11.7,,1.7,70,67,999.6,1008,0,.23,,0,,14.3
156,堡林,2023-04-16 20:00,11.1,,0,0,72,1000.8,1009.2,0,.05,,0,,11.8
156,堡林,2023-04-16 21:00,11.3,,.4,0,78,1002.1,1010.5,,,,0,,10.6
156,堡林,2023-04-16 22:00,10.4,,.2,0,89,1003,1011.5,,,,0,,9.8
156,堡林,2023-04-16 23:00,10.1,,1.3,270,89,1004.1,1012.6,,,,0,,9
156,堡林,2023-04-17 00:00,9.4,,.5,160,92,1004.7,1013.2,,,,0,,8.4
156,堡林,2023-04-17 01:00,9.1,,.4,0,97,1004.8,1013.3,,,,0,,7.7
156,堡林,2023-04-17 02:00,8.6,,.6,70,98,1004.9,1013.4,,,,0,,7.2
156,堡林,2023-04-17 03:00,8.1,,.7,90,99,1005.3,1013.9,,,,0,,6.8
156,堡林,2023-04-17 04:00,7.5,,.8,270,99,1005.9,1014.5,,,,0,,6.2
156,堡林,2023-04-17 05:00,7,,.6,270,99,1006.5,1015.1,,,,0,,5.9
156,堡林,2023-04-17 06:00,6.9,,0,0,99,1007.2,1015.8,0,.05,,0,,5.7
156,堡林,2023-04-17 07:00,7.2,,0,0,99,1008.1,1016.7,.2,.24,,0,,7
156,堡林,2023-04-17 08:00,9.2,,.9,70,97,1008.2,1016.7,1,.86,,0,,10.8
156,堡林,2023-04-17 09:00,11.4,,.6,20,83,1008.7,1017.2,1,1.59,,0,,17.9
156,堡林,2023-04-17 10:00,13.9,,.8,50,62,1009,1017.4,1,2.29,,0,,23.9
156,堡林,2023-04-17 11:00,16.5,,.7,230,45,1009.4,1017.7,1,2.85,,0,,29.5
156,堡林,2023-04-17 12:00,18.4,,1.1,270,31,1009,1017.2,1,3.21,,0,,33.7
156,堡林,2023-04-17 13:00,18.7,,1.3,290,30,1008.2,1016.4,1,3.38,,0,,38.9
156,堡林,2023-04-17 14:00,20.7,,0,0,28,1007.4,1015.6,1,3.23,,0,,40.9
156,堡林,2023-04-17 15:00,21.6,,.9,20,20,1006.9,1015,1,2.94,,0,,39.7
156,堡林,2023-04-17 16:00,22.9,,2.1,230,31,1006,1014.1,1,2.39,,0,,36.6
156,堡林,2023-04-17 17:00,21.8,,3.3,200,28,1005.9,1014,1,1.64,,0,,31
156,堡林,2023-04-17 18:00,19.8,,3.2,200,29,1006.4,1014.5,1,.88,,0,,23.2
156,堡林,2023-04-17 19:00,17.9,,2.6,180,28,1007,1015.2,.1,.24,,0,,18.3
156,堡林,2023-04-17 20:00,16.4,,3.3,180,35,1007.8,1016.1,0,.05,,0,,16.4
156,堡林,2023-04-17 21:00,15.5,,3.1,180,46,1008.4,1016.8,,,,0,,14.4
156,堡林,2023-04-17 22:00,15.7,,1.7,160,54,1007.5,1015.8,,,,4,,14.9
156,堡林,2023-04-17 23:00,15.8,,2.9,180,56,1007.9,1016.2,,,,7,,15.3
156,堡林,2023-04-18 00:00,16.1,,1.7,200,56,1007.2,1015.5,,,,6,,15.5
156,堡林,2023-04-18 01:00,16.4,,3.2,180,54,1006.4,1014.7,,,,7,,15.6
156,堡林,2023-04-18 02:00,16.4,,3.2,180,57,1005.3,1013.6,,,,6,,15.5
156,堡林,2023-04-18 03:00,16.1,,3.2,200,64,1004.7,1013,,,,7,,15.5
156,堡林,2023-04-18 04:00,16.4,,4,180,72,1003.7,1012,,,,8,,15.5
156,堡林,2023-04-18 05:00,16.7,0,4,180,78,1003.3,1011.6,,,,10,,15.5
156,堡林,2023-04-18 06:00,16.9,0,3.4,200,81,1002.9,1011.1,0,.06,,10,,15.5
156,堡林,2023-04-18 07:00,17.3,0,1.8,200,86,1003.8,1012,0,.08,,10,,15.8
156,堡林,2023-04-18 08:00,17.9,,2.2,180,88,1003.3,1011.5,0,.14,,10,,16.5
156,堡林,2023-04-18 09:00,18.5,,2.8,200,89,1003.4,1011.6,0,.22,,9,,17.8
156,堡林,2023-04-18 10:00,19.4,,1.9,230,89,1003.9,1012,0,.37,,9,,19.1
156,堡林,2023-04-18 11:00,19.9,,3.9,230,92,1003.3,1011.5,0,.38,,9,,20.2
156,堡林,2023-04-18 12:00,20,,3.1,250,92,1002.7,1010.9,0,.46,,9,,21.3
156,堡林,2023-04-18 13:00,19.9,,2.6,250,93,1002.8,1011,0,.57,,9,,21.6
156,堡林,2023-04-18 14:00,19.2,,2.7,230,97,1002.8,1010.9,0,.46,,9,,21.1
156,堡林,2023-04-18 15:00,19.1,,1.6,250,98,1002.6,1010.7,0,.54,,9,,21.8
156,堡林,2023-04-18 16:00,18.6,,1.4,230,99,1002.3,1010.5,0,.35,,10,,20.8
156,堡林,2023-04-18 17:00,18.8,,1.3,230,99,1002,1010.1,0,.39,,9,,20.9
156,堡林,2023-04-18 18:00,18.6,,.3,0,99,1002.5,1010.7,0,.2,,9,,19.4
156,堡林,2023-04-18 19:00,18.4,,.1,0,99,1002.5,1010.7,0,.1,,7,,18.5
156,堡林,2023-04-18 20:00,18.3,,1,90,99,1002.4,1010.6,0,.05,,6,,18
156,堡林,2023-04-18 21:00,18.2,,.6,70,99,1003,1011.2,,,,8,,17.6
156,堡林,2023-04-18 22:00,18.2,,.3,0,99,1003.4,1011.6,,,,6,,17
156,堡林,2023-04-18 23:00,17.9,,0,0,99,1003.3,1011.5,,,,6,,17.2
156,堡林,2023-04-19 00:00,17.8,,0,0,99,1002.9,1011.1,,,,8,,17.1
156,堡林,2023-04-19 01:00,17.8,,0,0,99,1002.5,1010.7,,,,5,,17
156,堡林,2023-04-19 02:00,17.6,,0,0,99,1002.3,1010.5,,,,6,,16.9
156,堡林,2023-04-19 03:00,17.5,,.3,0,99,1002.1,1010.3,,,,9,,16.9
156,堡林,2023-04-19 04:00,17.3,,.1,0,99,1001.6,1009.8,,,,9,,16.8
156,堡林,2023-04-19 05:00,17.2,,0,0,99,1001.6,1009.8,,,,9,,16.7
156,堡林,2023-04-19 06:00,17.3,,0,0,99,1001.7,1009.9,0,.06,,9,,16.6
156,堡林,2023-04-19 07:00,17.6,,.3,0,99,1001.6,1009.8,0,.12,,8,,17.3
156,堡林,2023-04-19 08:00,18.4,,.1,0,98,1001.6,1009.8,0,.42,,8,,19.5
156,堡林,2023-04-19 09:00,19.5,,.8,50,95,1001.9,1010,.1,.94,,10,,23
156,堡林,2023-04-19 10:00,20,,.8,200,91,1002.2,1010.4,0,.86,,9,,23.7
156,堡林,2023-04-19 11:00,20.3,,3,200,92,1002.2,1010.4,0,.69,,10,,23.5
156,堡林,2023-04-19 12:00,21.1,,1.4,180,90,1001.9,1010,0,.76,,7,,25.2
156,堡林,2023-04-19 13:00,23.1,,.4,0,78,1001.1,1009.1,.4,2.04,,7,,31.9
156,堡林,2023-04-19 14:00,22.1,,2.6,200,83,1000.8,1008.9,0,.86,,10,,27.5
156,堡林,2023-04-19 15:00,22.9,,2,200,79,999.9,1007.9,0,.99,,10,,29.5
156,堡林,2023-04-19 16:00,23,,3.5,180,81,999.7,1007.7,.1,1.03,,8,,28.9
156,堡林,2023-04-19 17:00,23.6,,2.7,200,74,999.8,1007.8,.8,1.46,,5,,30.3
156,堡林,2023-04-19 18:00,22.4,,2.6,200,80,1000.2,1008.2,.8,.72,,2,,24.6
156,堡林,2023-04-19 19:00,21.1,,1.4,200,89,1000.5,1008.6,0,.22,,1,,20.8
156,堡林,2023-04-19 20:00,20.2,,1.6,200,96,1001.1,1009.2,0,.05,,8,,19.7
156,堡林,2023-04-19 21:00,20.1,,2.4,200,95,1001.7,1009.9,,,,7,,19.1
156,堡林,2023-04-19 22:00,19.8,,2.1,200,97,1002.6,1010.7,,,,9,,18.9
156,堡林,2023-04-19 23:00,19.3,,2.2,200,98,1002.6,1010.7,,,,7,,18.2
156,堡林,2023-04-20 00:00,18.7,,2.2,180,99,1002.8,1011,,,,5,,17.3
156,堡林,2023-04-20 01:00,18.1,,0,0,99,1002.4,1010.6,,,,2,,16
156,堡林,2023-04-20 02:00,17.7,,.1,0,99,1002.5,1010.7,,,,0,,14.9
156,堡林,2023-04-20 03:00,17.1,,.3,0,99,1002.3,1010.5,,,,0,,14.5
156,堡林,2023-04-20 04:00,17,,0,0,99,1002.2,1010.4,,,,8,,15.7
156,堡林,2023-04-20 05:00,16.5,,.1,0,99,1001.9,1010.2,,,,0,,13.8
156,堡林,2023-04-20 06:00,15.6,,1.2,50,99,1001.6,1009.9,0,.05,,0,,13.1
156,堡林,2023-04-20 07:00,16.3,,.3,0,99,1002.1,1010.4,.3,.26,,0,,14.4
156,堡林,2023-04-20 08:00,18.3,,.6,70,99,1002.8,1011,1,.88,,0,,17.6
156,堡林,2023-04-20 09:00,20.3,,.2,0,86,1003,1011.2,1,1.64,,0,,24.9
156,堡林,2023-04-20 10:00,21.7,,.5,50,73,1002.7,1010.8,1,2.32,,0,,32.4
156,堡林,2023-04-20 11:00,23.4,,.8,200,65,1002.3,1010.3,1,2.88,,0,,39.4
156,堡林,2023-04-20 12:00,25.1,,.9,250,55,1001.5,1009.5,1,3.21,,1,,43.8
156,堡林,2023-04-20 13:00,26.4,,1.4,270,55,1001,1009,1,3.35,,0,,46.1
156,堡林,2023-04-20 14:00,27.3,,1.3,320,49,1000.1,1008,1,3.29,,4,,47.5
156,堡林,2023-04-20 15:00,26.6,,1.2,290,54,999.5,1007.4,.7,2.41,,6,,39
156,堡林,2023-04-20 16:00,27.6,,1,20,54,998.6,1006.5,.5,1.5,,4,,39.3
156,堡林,2023-04-20 17:00,26.9,,1.5,290,56,998.4,1006.3,1,1.72,,2,,35.3
156,堡林,2023-04-20 18:00,24.3,,1.9,320,59,999,1006.9,1,.99,,1,,28
156,堡林,2023-04-20 19:00,22.2,,.9,270,63,1000,1008,.6,.3,,1,,22.9
156,堡林,2023-04-20 20:00,20.2,,.3,0,75,1001.1,1009.2,0,.05,,2,,20.3
156,堡林,2023-04-20 21:00,18.9,,.1,0,85,1002.2,1010.3,,,,0,,18.6
156,堡林,2023-04-20 22:00,17.6,,.4,0,95,1002.9,1011.1,,,,5,,17.2
156,堡林,2023-04-20 23:00,17.4,,.3,0,96,1003.1,1011.3,,,,4,,16.2
156,堡林,2023-04-21 00:00,16.7,,.3,0,96,1002.9,1011.2,,,,0,,15.3
156,堡林,2023-04-21 01:00,16.2,,.6,70,97,1002.4,1010.7,,,,3,,14.7
156,堡林,2023-04-21 02:00,16,,.1,0,98,1001.8,1010.1,,,,6,,14.3
156,堡林,2023-04-21 03:00,15.5,,.2,0,99,1001.2,1009.5,,,,0,,14.2
156,堡林,2023-04-21 04:00,14.9,,.6,320,99,1001.2,1009.5,,,,6,,14.1
156,堡林,2023-04-21 05:00,14.2,,0,0,99,1001.6,1009.9,,,,3,,13.6
156,堡林,2023-04-21 06:00,14.2,,.1,0,99,1002,1010.3,0,.05,,6,,13.3
156,堡林,2023-04-21 07:00,14.9,,1.5,50,99,1002.3,1010.6,0,.2,,6,,14.5
156,堡林,2023-04-21 08:00,15.7,,1.1,70,99,1002.8,1011.1,0,.48,,6,,17.6
156,堡林,2023-04-21 09:00,16.9,,1.5,90,96,1003.3,1011.5,0,.71,,9,,20.6
156,堡林,2023-04-21 10:00,18.6,,1.6,70,85,1003.5,1011.7,.1,1.2,,8,,26.2
156,堡林,2023-04-21 11:00,19.5,,.8,50,78,1003.2,1011.3,.4,2.05,,6,,32.6
156,堡林,2023-04-21 12:00,21.2,,1.2,50,68,1002.7,1010.8,1,3.15,,1,,41.8
156,堡林,2023-04-21 13:00,23.5,,.8,270,62,1002.3,1010.3,1,3.35,,1,,45.6
156,堡林,2023-04-21 14:00,23.8,,1.3,340,54,1001.9,1009.9,1,3.19,,3,,45.4
156,堡林,2023-04-21 15:00,25,,1.2,270,49,1001.3,1009.3,1,2.83,,0,,44.2
156,堡林,2023-04-21 16:00,24.3,,2.4,270,52,1001,1009,1,2.32,,0,,39.8
156,堡林,2023-04-21 17:00,22.2,,1.7,290,52,1001.4,1009.5,1,1.61,,0,,32.9
156,堡林,2023-04-21 18:00,21,,1.1,250,55,1001.4,1009.5,1,.88,,0,,26.3
156,堡林,2023-04-21 19:00,19.6,,1.9,270,59,1002.1,1010.2,.4,.27,,1,,21.2
156,堡林,2023-04-21 20:00,17.7,,1.3,230,65,1003.1,1011.3,0,.06,,0,,18.3
156,堡林,2023-04-21 21:00,16.4,,2.6,200,65,1004.4,1012.7,,,,1,,16.6
156,堡林,2023-04-21 22:00,15.2,,1.7,250,69,1005.5,1013.8,,,,6,,15.5
156,堡林,2023-04-21 23:00,14.7,,1.5,270,71,1005.9,1014.2,,,,6,,15.2
156,堡林,2023-04-22 00:00,14.5,,1.2,230,77,1006.2,1014.5,,,,9,,15.6
156,堡林,2023-04-22 01:00,14.3,,1.5,230,75,1006.6,1014.9,,,,9,,16
156,堡林,2023-04-22 02:00,14.1,,1.1,270,72,1006.7,1015.1,,,,9,,16
156,堡林,2023-04-22 03:00,14.4,,0,0,76,1007.1,1015.4,,,,9,,16
156,堡林,2023-04-22 04:00,14.3,,1.1,70,78,1007.8,1016.2,,,,10,,15.7
156,堡林,2023-04-22 05:00,14.4,,0,0,79,1008.2,1016.6,,,,10,,15.5
156,堡林,2023-04-22 06:00,14.1,,.5,70,84,1008.6,1017,0,.05,,7,,15.1
156,堡林,2023-04-22 07:00,14.5,,1,70,76,1008.9,1017.3,0,.19,,8,,16.1
156,堡林,2023-04-22 08:00,15.2,,2.1,70,63,1009.6,1018,.2,.71,,8,,18.4
156,堡林,2023-04-22 09:00,17,,1.6,70,43,1010.3,1018.6,.6,1.46,,1,,25.6
156,堡林,2023-04-22 10:00,18,,1.8,50,35,1010.4,1018.7,1,2.29,,0,,32.7
156,堡林,2023-04-22 11:00,19.8,,1.5,70,30,1010.1,1018.3,1,2.82,,0,,38.9
156,堡林,2023-04-22 12:00,20,,1,200,24,1009.4,1017.6,1,3.18,,0,,43.4
156,堡林,2023-04-22 13:00,22.4,,1,70,23,1009,1017.1,1,3.22,,6,,45.7
156,堡林,2023-04-22 14:00,22.6,,.7,200,24,1008.8,1016.9,1,3.07,,7,,44
156,堡林,2023-04-22 15:00,23.9,,1.8,250,20,1008.6,1016.6,1,2.7,,6,,42.8
156,堡林,2023-04-22 16:00,21.7,,2.1,290,29,1008.5,1016.6,1,2.22,,6,,38.4
156,堡林,2023-04-22 17:00,21.2,,1.3,340,26,1009,1017.2,1,1.57,,2,,31.9
156,堡林,2023-04-22 18:00,19.6,,1.3,290,26,1010,1018.2,1,.87,,0,,24.6
156,堡林,2023-04-22 19:00,17.8,,.8,270,27,1010.7,1019,.2,.25,,2,,19.3
156,堡林,2023-04-22 20:00,17.1,,.7,230,29,1011.3,1019.6,0,.05,,5,,17
156,堡林,2023-04-22 21:00,16.3,,1.5,200,32,1011.9,1020.2,,,,7,,15.8
156,堡林,2023-04-22 22:00,16.5,,0,0,33,1012.2,1020.5,,,,9,,16.4
156,堡林,2023-04-22 23:00,15.5,,.1,0,38,1012.4,1020.8,,,,6,,15.1
156,堡林,2023-04-23 00:00,14.7,,.4,0,38,1012.5,1020.9,,,,0,,12.7
156,堡林,2023-04-23 01:00,14.2,,0,0,46,1012.6,1021,,,,0,,11.7
156,堡林,2023-04-23 02:00,13.5,,1,70,48,1012.6,1021,,,,2,,11
156,堡林,2023-04-23 03:00,13.2,,1.1,70,48,1012.6,1021,,,,2,,10.5
156,堡林,2023-04-23 04:00,11.8,,1.4,50,47,1012.8,1021.3,,,,3,,9.9
156,堡林,2023-04-23 05:00,12.7,,2,70,39,1013.3,1021.8,,,,6,,11.7
156,堡林,2023-04-23 06:00,12.4,,.3,0,45,1013.9,1022.4,0,.06,,9,,12.4
156,堡林,2023-04-23 07:00,13,,.5,90,43,1014.5,1023,0,.16,,10,,13.7
156,堡林,2023-04-23 08:00,13.8,,.8,290,54,1015.2,1023.6,0,.5,,10,,17.8
156,堡林,2023-04-23 09:00,15.1,,.7,200,45,1015.7,1024.1,0,1.02,,10,,22.2
156,堡林,2023-04-23 10:00,15.7,,.7,250,45,1016,1024.4,0,1.19,,10,,24.1
156,堡林,2023-04-23 11:00,16.7,,.7,230,40,1015.8,1024.2,0,1.23,,10,,26.1
156,堡林,2023-04-23 12:00,17.1,,.7,340,35,1015.2,1023.5,0,1.29,,10,,27.3
156,堡林,2023-04-23 13:00,18.9,,.7,110,31,1014.3,1022.5,.2,2.06,,10,,34.4
156,堡林,2023-04-23 14:00,20.2,,1.6,230,29,1013.4,1021.6,.5,2.53,,10,,37.4
156,堡林,2023-04-23 15:00,19.5,,.7,270,27,1013.3,1021.5,0,.86,,10,,26.8
156,堡林,2023-04-23 16:00,20.1,,.4,0,22,1012.9,1021.1,0,.96,,10,,28.4
156,堡林,2023-04-23 17:00,19.7,,3,180,29,1012.8,1021,.1,1.06,,8,,26.7
156,堡林,2023-04-23 18:00,19,,1.3,250,36,1013.3,1021.5,0,.44,,10,,22.2
156,堡林,2023-04-23 19:00,17.4,,2.1,200,42,1013.9,1022.2,0,.13,,6,,19
156,堡林,2023-04-23 20:00,16.8,,1.7,200,43,1014.2,1022.5,0,.06,,10,,17.4
156,堡林,2023-04-23 21:00,16.4,,1.1,230,45,1014.5,1022.9,,,,9,,16.6
156,堡林,2023-04-23 22:00,16,,1.6,230,48,1014.7,1023.1,,,,10,,16
156,堡林,2023-04-23 23:00,15.6,,.7,180,51,1014.4,1022.8,,,,10,,15.5
156,堡林,2023-04-24 00:00,15.1,,0,0,53,1014,1022.4,,,,10,,15.1
156,堡林,2023-04-24 01:00,15.2,,.2,0,54,1014,1022.4,,,,10,,14.8
156,堡林,2023-04-24 02:00,14.7,,.1,0,55,1013.9,1022.3,,,,10,,14.4
156,堡林,2023-04-24 03:00,14.5,,.2,0,58,1014.4,1022.8,,,,10,,14.1
156,堡林,2023-04-24 04:00,14,,.7,50,58,1014.8,1023.2,,,,10,,13.8
156,堡林,2023-04-24 05:00,14.1,,.1,0,59,1015.6,1024,,,,10,,13.7
156,堡林,2023-04-24 06:00,15.1,,1.8,200,48,1015.3,1023.7,0,.06,,10,,13.7
156,堡林,2023-04-24 07:00,14.5,,2.6,200,49,1015.4,1023.8,0,.11,,10,,14.2
156,堡林,2023-04-24 08:00,14.2,,3,200,54,1015.8,1024.2,0,.28,,10,,16.1
156,堡林,2023-04-24 09:00,15.7,,1.3,200,46,1016.2,1024.6,0,.72,,10,,20.8
156,堡林,2023-04-24 10:00,15.4,,1.2,200,47,1016.4,1024.8,0,.78,,10,,19.9
156,堡林,2023-04-24 11:00,16.1,,.5,140,44,1016.2,1024.6,0,.69,,10,,21.3
156,堡林,2023-04-24 12:00,17.1,,1.1,180,37.6,1015.8,1024.1,0,1.29,,10,,27.7
156,堡林,2023-04-24 13:00,16.7,,1.3,200,40,1015.5,1023.9,0,1.56,,10,,26.4
156,堡林,2023-04-24 14:00,16.5,,1.9,90,39,1014.9,1023.3,0,.76,,10,,23.9
156,堡林,2023-04-24 15:00,17.9,,.8,110,40,1014.6,1022.9,.3,1.58,,10,,31.4
156,堡林,2023-04-24 16:00,16.8,,.2,0,41,1013.9,1022.2,.6,1.84,,9,,31.7
156,堡林,2023-04-24 17:00,16.9,,1.8,90,45,1013.8,1022.1,.1,1.09,,9,,25.9
156,堡林,2023-04-24 18:00,15.5,,2.1,180,55,1013.9,1022.3,0,.64,,9,,21.8
156,堡林,2023-04-24 19:00,14.3,,1.9,180,59,1014,1022.4,.3,.28,,8,,17.2
156,堡林,2023-04-24 20:00,13.6,,1.6,200,60,1013.9,1022.3,0,.05,,8,,14.9
156,堡林,2023-04-24 21:00,13.7,,1.1,50,56,1014.5,1022.9,,,,8,,15
156,堡林,2023-04-24 22:00,13.5,,1.9,70,57,1014.6,1023,,,,10,,14.5
156,堡林,2023-04-24 23:00,13.4,,2.4,70,58,1013.7,1022.1,,,,9,,14
156,堡林,2023-04-25 00:00,12.9,,.9,70,61,1013.4,1021.9,,,,10,,13.9
156,堡林,2023-04-25 01:00,12.8,,1.5,70,61,1012.9,1021.4,,,,8,,13.7
156,堡林,2023-04-25 02:00,12.5,,1.7,70,62,1012.3,1020.8,,,,9,,13.5
156,堡林,2023-04-25 03:00,12.2,,1.7,70,64,1011.6,1020.1,,,,10,,13.3
156,堡林,2023-04-25 04:00,12.3,,1.6,70,60,1011.5,1020,,,,10,,13
156,堡林,2023-04-25 05:00,12,,1.5,70,61,1010.5,1019,,,,10,,12.8
156,堡林,2023-04-25 06:00,11.9,0,1.9,70,61,1009.8,1018.3,0,.06,,10,,12.7
156,堡林,2023-04-25 07:00,11.2,0,2.1,70,70,1009.5,1018,0,.09,,10,,12.6
156,堡林,2023-04-25 08:00,10.8,0,1.4,70,76,1009.5,1018,0,.17,,10,,12.8
156,堡林,2023-04-25 09:00,10.5,.2,2.1,70,80,1008.9,1017.4,0,.28,,10,,13.3
156,堡林,2023-04-25 10:00,10.1,.5,2.2,70,97,1008.3,1016.8,0,.39,,10,,14.7
156,堡林,2023-04-25 11:00,10.8,0,2.3,70,90,1007.9,1016.4,0,.57,,10,,16.1
156,堡林,2023-04-25 12:00,11.1,0,1.8,70,90,1006.7,1015.2,0,.53,,10,,16
156,堡林,2023-04-25 13:00,11.2,0,1.1,70,90,1005.9,1014.4,0,.42,,10,,15
156,堡林,2023-04-25 14:00,10.6,.6,1.3,50,98,1005.5,1014,0,.36,,10,,15.1
156,堡林,2023-04-25 15:00,11.1,0,1.9,70,96,1004.5,1013,0,.52,,10,,15.9
156,堡林,2023-04-25 16:00,10.9,,.9,70,93,1004,1012.5,0,.36,,10,,14.9
156,堡林,2023-04-25 17:00,11.2,,1.2,50,93,1003.9,1012.4,0,.29,,10,,14.3
156,堡林,2023-04-25 18:00,10.7,0,.9,90,97,1003.8,1012.3,0,.18,,10,,13.4
156,堡林,2023-04-25 19:00,10.7,,1.1,70,98,1003.8,1012.3,0,.12,,10,,12.8
156,堡林,2023-04-25 20:00,10.9,,.2,0,96,1004.3,1012.8,0,.05,,10,,12.4
156,堡林,2023-04-25 21:00,10.5,,.6,50,93,1004.6,1013.1,,,,9,,11.8
156,堡林,2023-04-25 22:00,9.6,,0,0,95,1005.1,1013.6,,,,1,,9.9
156,堡林,2023-04-25 23:00,9.5,,.5,320,96,1005.5,1014,,,,6,,8.6
156,堡林,2023-04-26 00:00,8.8,,.2,0,98,1005.5,1014,,,,4,,7.4
156,堡林,2023-04-26 01:00,8.7,,.6,320,93,1005.7,1014.2,,,,1,,6.8
156,堡林,2023-04-26 02:00,8.1,,0,0,91,1005.4,1014,,,,0,,6.1
156,堡林,2023-04-26 03:00,7.8,,.4,0,96,1005.4,1014,,,,0,,5.8
156,堡林,2023-04-26 04:00,7.1,,0,0,98,1005.3,1013.9,,,,0,,5.4
156,堡林,2023-04-26 05:00,7.3,,0,0,99,1005.6,1014.2,,,,0,,5.2
156,堡林,2023-04-26 06:00,7.1,,0,0,99,1005.9,1014.5,0,.06,,7,,5.3
156,堡林,2023-04-26 07:00,7.4,,0,0,99,1006.1,1014.7,.1,.28,,4,,7.5
156,堡林,2023-04-26 08:00,9.1,,1.7,200,98,1006.1,1014.6,.9,.89,,7,,12.2
156,堡林,2023-04-26 09:00,10.1,,1.5,230,96,1006.1,1014.6,0,.62,,9,,14.1
156,堡林,2023-04-26 10:00,10.2,,1.3,230,96,1006.5,1015,0,.41,,9,,13.3
156,堡林,2023-04-26 11:00,13.5,,1.1,270,80,1006.4,1014.8,.4,1.85,,7,,23.1
156,堡林,2023-04-26 12:00,15.7,,2.5,320,48,1006.2,1014.5,1,3.45,,2,,32.5
156,堡林,2023-04-26 13:00,15.6,,2.1,320,44,1006.4,1014.7,1,3.71,,0,,37.5
156,堡林,2023-04-26 14:00,15.4,,1.6,320,46,1006.4,1014.7,1,3.65,,0,,39.2
156,堡林,2023-04-26 15:00,14.8,,1.4,320,42,1007,1015.3,1,3.29,,0,,38.1
156,堡林,2023-04-26 16:00,14.1,,1.7,340,44,1007.2,1015.6,1,2.69,,0,,34.6
156,堡林,2023-04-26 17:00,12.4,,1.6,290,49,1007.9,1016.3,1,2,,0,,27.3
156,堡林,2023-04-26 18:00,11.5,,2.5,340,54,1008,1016.5,1,1.15,,0,,19.1
156,堡林,2023-04-26 19:00,9.8,,1.3,290,64,1008.7,1017.2,.8,.36,,0,,14.1
156,堡林,2023-04-26 20:00,8.9,,.8,340,71,1009.1,1017.7,0,.06,,0,,11.3
156,堡林,2023-04-26 21:00,8.2,,.2,0,74,1010.1,1018.7,,,,0,,9.7
156,堡林,2023-04-26 22:00,7.4,,1.2,70,79,1010.4,1019,,,,1,,8.5
156,堡林,2023-04-26 23:00,6.4,,.6,70,82,1011.1,1019.8,,,,0,,7.6
156,堡林,2023-04-27 00:00,6,,.3,0,87,1011.2,1019.9,,,,0,,6.5
156,堡林,2023-04-27 01:00,5.7,,.5,90,88,1011.2,1019.9,,,,0,,6
156,堡林,2023-04-27 02:00,5.8,,.3,0,87,1011.4,1020.1,,,,0,,5.4
156,堡林,2023-04-27 03:00,4.8,,1.1,50,93,1011.2,1019.9,,,,0,,4.8
156,堡林,2023-04-27 04:00,4.5,,.5,70,95,1011.2,1019.9,,,,0,,4.4
156,堡林,2023-04-27 05:00,4.4,,.6,70,97,1011.9,1020.6,,,,0,,4.1
156,堡林,2023-04-27 06:00,4.6,,0,0,97,1012.5,1021.2,0,.06,,0,,3.8
156,堡林,2023-04-27 07:00,4.9,,0,0,95,1012.9,1021.6,.6,.38,,0,,4.9
156,堡林,2023-04-27 08:00,7.4,,0,0,81,1013.5,1022.2,1,1.14,,0,,9.6
156,堡林,2023-04-27 09:00,10.3,,.1,0,70,1013.4,1022,1,1.93,,0,,19.6
156,堡林,2023-04-27 10:00,13,,.7,20,57,1013.4,1021.9,1,2.64,,0,,28.9
156,堡林,2023-04-27 11:00,16,,.5,270,52,1013.2,1021.6,1,3.15,,0,,36.7
156,堡林,2023-04-27 12:00,18.5,,.2,0,45,1012.5,1020.7,1,3.49,,0,,41.7
156,堡林,2023-04-27 13:00,20.4,,1.2,250,41,1011.8,1020,1,3.6,,0,,45
156,堡林,2023-04-27 14:00,23.8,,1.5,270,32,1011.3,1019.4,1,3.47,,3,,46
156,堡林,2023-04-27 15:00,23.7,,1.8,230,32,1010.7,1018.8,1,3.06,,4,,44.1
156,堡林,2023-04-27 16:00,23.3,,2,250,37,1010.4,1018.5,1,2.49,,4,,40.2
156,堡林,2023-04-27 17:00,22.5,,3.2,230,38,1010.2,1018.3,1,1.8,,6,,33.4
156,堡林,2023-04-27 18:00,20.7,,1.7,250,48,1010.5,1018.7,1,.98,,5,,25.6
156,堡林,2023-04-27 19:00,18.3,,1.9,250,56,1010.8,1019,.8,.35,,6,,20
156,堡林,2023-04-27 20:00,16.8,,1.6,230,64,1011.3,1019.6,0,.06,,6,,16.5
156,堡林,2023-04-27 21:00,15.6,,1.5,250,69,1012.1,1020.5,,,,4,,14.5
156,堡林,2023-04-27 22:00,14.6,,.9,230,76,1012.5,1020.9,,,,2,,12.7
156,堡林,2023-04-27 23:00,13.8,,0,0,80,1012.2,1020.6,,,,4,,11.2
156,堡林,2023-04-28 00:00,13.4,,.4,0,82,1012.3,1020.7,,,,3,,10.4
156,堡林,2023-04-28 01:00,12.5,,0,0,89,1011.9,1020.4,,,,2,,9.3
156,堡林,2023-04-28 02:00,12,,.5,270,89,1011.6,1020.1,,,,0,,8.7
156,堡林,2023-04-28 03:00,11,,.7,70,97,1011.4,1019.9,,,,0,,8
156,堡林,2023-04-28 04:00,10.2,,.3,0,99,1011.8,1020.4,,,,0,,7.5
156,堡林,2023-04-28 05:00,9.2,,.9,90,99,1011.7,1020.3,,,,0,,7.1
156,堡林,2023-04-28 06:00,9.4,,.2,0,99,1011.4,1020,0,.06,,3,,6.9
156,堡林,2023-04-28 07:00,10,,.9,70,99,1011.6,1020.2,.7,.41,,5,,8.4
156,堡林,2023-04-28 08:00,12.8,,.3,0,82,1012,1020.5,1,1.12,,2,,13.3
156,堡林,2023-04-28 09:00,16.1,,.5,90,68,1011,1019.3,1,1.94,,1,,24
156,堡林,2023-04-28 10:00,18.5,,2,230,51,1010.5,1018.7,1,2.67,,1,,33.8
156,堡林,2023-04-28 11:00,20.2,,.6,320,50,1010.5,1018.7,.9,2.92,,6,,38.6
156,堡林,2023-04-28 12:00,20.8,,1.4,180,54,1009.5,1017.7,.7,2.59,,8,,36.7
156,堡林,2023-04-28 13:00,21.6,,1.8,200,59,1008.7,1016.8,.3,1.84,,9,,32.7
156,堡林,2023-04-28 14:00,20.4,,3.3,200,58,1008,1016.2,0,1.21,,9,,29.2
156,堡林,2023-04-28 15:00,20,,3.4,200,56,1007.7,1015.9,0,.75,,9,,26.9
156,堡林,2023-04-28 16:00,20.2,,3,180,57,1006.9,1015.1,.1,1.2,,5,,29
156,堡林,2023-04-28 17:00,20.1,,4.2,200,57,1006.3,1014.5,.5,1.37,,6,,27.4
156,堡林,2023-04-28 18:00,20.2,,1.3,180,58,1006.4,1014.6,0,.6,,8,,24.8
156,堡林,2023-04-28 19:00,19.2,,1.1,160,60,1006,1014.2,0,.18,,6,,20.5
156,堡林,2023-04-28 20:00,18.9,,2.5,180,65,1006.1,1014.3,0,.06,,6,,19.2
156,堡林,2023-04-28 21:00,18.5,,1.6,200,76,1006.7,1014.9,,,,8,,18.6
156,堡林,2023-04-28 22:00,18.4,,1.9,180,84,1006.1,1014.3,,,,5,,18.3
156,堡林,2023-04-28 23:00,18.4,,1.8,230,90,1005.4,1013.6,,,,8,,17.7
156,堡林,2023-04-29 00:00,18.6,,1.7,200,91,1004.9,1013.1,,,,9,,17.9
156,堡林,2023-04-29 01:00,18.2,0,1.5,200,98,1004.2,1012.4,,,,10,,17.7
156,堡林,2023-04-29 02:00,17.4,.5,.7,200,99,1003.1,1011.3,,,,10,,17.4
156,堡林,2023-04-29 03:00,17.2,2.4,.1,0,99,1001.9,1010.1,,,,10,,17.4
156,堡林,2023-04-29 04:00,17.1,1,0,0,99,1000.7,1008.9,,,,10,,17.4
156,堡林,2023-04-29 05:00,17.1,0,.8,270,99,1000.7,1008.9,,,,10,,17.4
156,堡林,2023-04-29 06:00,17.4,,.4,0,99,1000.3,1008.5,0,.06,,9,,17.4
156,堡林,2023-04-29 07:00,17.4,,.8,230,99,1000.4,1008.6,0,.11,,9,,17.7
156,堡林,2023-04-29 08:00,17.9,,1.2,250,99,1000.3,1008.5,0,.28,,10,,19
156,堡林,2023-04-29 09:00,18,,.8,250,99,1000,1008.2,0,.31,,10,,19.1
156,堡林,2023-04-29 10:00,17.9,,2.3,270,99,1000.1,1008.3,0,.27,,10,,19
156,堡林,2023-04-29 11:00,17.6,0,1.8,250,99,1000.2,1008.4,0,.21,,10,,18.5
156,堡林,2023-04-29 12:00,16.9,.6,2.2,270,99,999.8,1008,0,.19,,10,,18.1
156,堡林,2023-04-29 13:00,16.4,.6,1.1,270,99,999.5,1007.7,0,.27,,10,,18.2
156,堡林,2023-04-29 14:00,15.3,.4,1,270,99,999.5,1007.8,0,.27,,10,,17.5
156,堡林,2023-04-29 15:00,15.2,.2,.9,270,99,999.6,1007.9,0,.24,,10,,17.5
156,堡林,2023-04-29 16:00,13.6,.5,1.4,360,99,999.4,1007.7,0,.24,,10,,16.6
156,堡林,2023-04-29 17:00,13.4,0,1.2,320,99,999.7,1008,0,.29,,10,,16.3
156,堡林,2023-04-29 18:00,13.4,0,.9,320,93,1000.1,1008.4,.1,.41,,9,,16.3
156,堡林,2023-04-29 19:00,12.8,,1.5,320,84,1000.8,1009.2,0,.27,,9,,14.3
156,堡林,2023-04-29 20:00,12.2,,1.6,290,90,1001.9,1010.3,0,.06,,9,,12.7
156,堡林,2023-04-29 21:00,11.9,,1.1,290,91,1002.3,1010.7,,,,8,,12.4
156,堡林,2023-04-29 22:00,11,,1.9,340,88,1003.4,1011.9,,,,9,,12
156,堡林,2023-04-29 23:00,10.3,,1.1,360,84,1003.6,1012.1,,,,9,,11.6
156,堡林,2023-04-30 00:00,10.1,,1.8,20,81,1004.1,1012.6,,,,9,,11
156,堡林,2023-04-30 01:00,10.1,,1,340,82,1004.1,1012.6,,,,9,,11
156,堡林,2023-04-30 02:00,9.8,,1.4,20,82,1003.8,1012.3,,,,7,,9.4
156,堡林,2023-04-30 03:00,9.2,,.9,20,85,1003.7,1012.2,,,,2,,8.3
156,堡林,2023-04-30 04:00,8.6,,.1,0,89,1003.7,1012.2,,,,0,,7.6
156,堡林,2023-04-30 05:00,8.5,,.1,0,93,1004.1,1012.6,,,,0,,6.9
156,堡林,2023-04-30 06:00,8.2,,0,0,94,1004.4,1012.9,0,.06,,0,,6.7
156,堡林,2023-04-30 07:00,8.8,,.5,270,94,1005,1013.5,.7,.4,,0,,7.7
156,堡林,2023-04-30 08:00,10.4,,.2,0,82,1005,1013.5,1,1.11,,0,,11.8
156,堡林,2023-04-30 09:00,11.8,,.6,230,71,1005.2,1013.6,1,1.89,,1,,19.1
156,堡林,2023-04-30 10:00,14.3,,1.7,250,61,1005.5,1013.8,1,2.61,,0,,25
156,堡林,2023-04-30 11:00,16.1,,1,200,55,1005.2,1013.5,1,3.18,,0,,29.2
156,堡林,2023-04-30 12:00,18.8,,1.6,270,48,1004.7,1012.9,1,3.5,,0,,31.9
156,堡林,2023-04-30 13:00,20.8,,1.6,200,43,1003.8,1011.9,1,3.59,,0,,33.6
156,堡林,2023-04-30 14:00,21.1,,2.2,270,36,1003.2,1011.3,1,3.46,,0,,33.7
156,堡林,2023-04-30 15:00,20.9,,3.6,270,40,1003.4,1011.5,1,3.1,,0,,33.6
156,堡林,2023-04-30 16:00,19.9,,4.2,270,35,1003.6,1011.8,1,2.53,,0,,30.7
156,堡林,2023-04-30 17:00,19.6,,2.6,270,37,1003.5,1011.6,1,1.82,,0,,26.8
156,堡林,2023-04-30 18:00,18.6,,2.4,290,39,1003.7,1011.9,1,1.05,,0,,21.1
156,堡林,2023-04-30 19:00,16.6,,1.9,230,48,1003.9,1012.2,.6,.31,,0,,17.1
156,堡林,2023-04-30 20:00,16,,1.9,250,54,1004.5,1012.8,0,.06,,0,,14.5
156,堡林,2023-04-30 21:00,14.5,,2.1,230,65,1005.2,1013.5,,,,0,,13.1
156,堡林,2023-04-30 22:00,13.4,,2.1,230,75,1005.6,1014,,,,0,,12
156,堡林,2023-04-30 23:00,12.8,,2,230,80,1005.7,1014.1,,,,0,,11.3
156,堡林,2023-05-01 00:00,12.4,,1.8,230,82,1005.9,1014.3,,,,0,,10.6
156,堡林,2023-05-01 01:00,12.3,,1.8,230,84,1006.2,1014.6,,,,0,,10.4
156,堡林,2023-05-01 02:00,11.7,,1,230,85,1005.9,1014.3,,,,2,,9.8
156,堡林,2023-05-01 03:00,11.9,,.5,250,86,1006.1,1014.5,,,,1,,9.3
156,堡林,2023-05-01 04:00,11.6,,.6,270,91,1006.3,1014.8,,,,0,,9
156,堡林,2023-05-01 05:00,11.2,,0,0,96,1006.4,1014.9,,,,0,,8.3
156,堡林,2023-05-01 06:00,10.5,,.2,0,98,1006.9,1015.4,0,.06,,0,,7.9
156,堡林,2023-05-01 07:00,10.6,,0,0,98,1007.8,1016.3,.8,.4,,0,,9
156,堡林,2023-05-01 08:00,12.6,,.4,0,93,1008.7,1017.1,1,1.14,,0,,13.7
156,堡林,2023-05-01 09:00,14.4,,.6,70,65,1009.6,1018,1,1.92,,0,,21
156,堡林,2023-05-01 10:00,17.1,,.8,250,45,1009.8,1018.1,1,2.63,,0,,27.5
156,堡林,2023-05-01 11:00,18.7,,1.5,320,29,1010.1,1018.3,1,3.17,,0,,32.8
156,堡林,2023-05-01 12:00,19.9,,1.7,50,25,1010.3,1018.5,1,3.49,,0,,37.1
156,堡林,2023-05-01 13:00,20.7,,1.6,340,23,1010.7,1018.9,1,3.58,,0,,39.5
156,堡林,2023-05-01 14:00,21.7,,1.6,20,28,1010.4,1018.6,1,3.43,,0,,40.9
156,堡林,2023-05-01 15:00,22.2,,1.2,360,20,1010.1,1018.2,1,3.12,,0,,40.2
156,堡林,2023-05-01 16:00,22.2,,1.5,360,16,1009.7,1017.8,1,2.62,,0,,37.4
156,堡林,2023-05-01 17:00,22.1,,1.3,320,15,1009.5,1017.6,1,1.92,,0,,31.9
156,堡林,2023-05-01 18:00,21.4,,.8,50,19,1009.8,1018,1,1.11,,0,,24.7
156,堡林,2023-05-01 19:00,20,,.4,0,20,1010.1,1018.3,.8,.31,,0,,19.7
156,堡林,2023-05-01 20:00,19,,.7,20,21,1010.9,1019.1,0,.05,,0,,16.4
156,堡林,2023-05-01 21:00,17.2,,.7,110,26,1011.8,1020.1,,,,0,,14.5
156,堡林,2023-05-01 22:00,15.6,,.6,180,37,1012.4,1020.8,,,,0,,13.2
156,堡林,2023-05-01 23:00,15.8,,.6,270,39,1013,1021.4,,,,0,,12.1
156,堡林,2023-05-02 00:00,14,,.2,0,43,1013.2,1021.6,,,,0,,11.2
156,堡林,2023-05-02 01:00,13.4,,.6,290,51,1013.5,1021.9,,,,0,,10.5
156,堡林,2023-05-02 02:00,12.6,,.7,90,50,1013.6,1022.1,,,,0,,9.9
156,堡林,2023-05-02 03:00,12.2,,.7,90,46,1013.1,1021.6,,,,0,,9.4
156,堡林,2023-05-02 04:00,11,,.3,0,66,1013.8,1022.3,,,,6,,9.1
156,堡林,2023-05-02 05:00,10.6,,0,0,68,1014,1022.6,,,,8,,9.1
156,堡林,2023-05-02 06:00,10.5,,.2,0,62,1014.4,1023,0,.06,,7,,9.1
156,堡林,2023-05-02 07:00,11.5,,.1,0,58,1014.7,1023.2,0,.31,,6,,11.2
156,堡林,2023-05-02 08:00,14,,0,0,56,1015.3,1023.7,.8,.96,,6,,14.5
156,堡林,2023-05-02 09:00,16,,.7,270,43,1015.8,1024.2,1,1.66,,6,,21.1
156,堡林,2023-05-02 10:00,19.7,,1.3,270,38,1016.1,1024.3,1,2.51,,6,,30.5
156,堡林,2023-05-02 11:00,21.4,,1.2,200,35,1016.2,1024.4,1,2.89,,5,,37.2
156,堡林,2023-05-02 12:00,24.5,,2,230,26,1015.5,1023.6,1,3.49,,0,,42.7
156,堡林,2023-05-02 13:00,25,,2.9,200,26,1014.7,1022.8,1,3.53,,0,,45
156,堡林,2023-05-02 14:00,26.4,,1.9,250,30,1014,1022.1,1,3.14,,7,,44.6
156,堡林,2023-05-02 15:00,25.8,,2.4,230,29,1013.5,1021.6,1,2.96,,7,,44.4
156,堡林,2023-05-02 16:00,24.8,,2.7,180,30,1013.1,1021.1,1,2.36,,6,,38.4
156,堡林,2023-05-02 17:00,25,,2.9,230,32,1013,1021.1,.9,1.6,,7,,32.6
156,堡林,2023-05-02 18:00,22.3,,2.8,230,36,1013.3,1021.4,.6,.87,,6,,24.8
156,堡林,2023-05-02 19:00,20.6,,2.9,200,39,1013,1021.2,.1,.32,,7,,19.9
156,堡林,2023-05-02 20:00,18.9,,3.4,180,36,1013,1021.2,0,.06,,6,,16.1
156,堡林,2023-05-02 21:00,18.1,,2,200,41,1013.8,1022.1,,,,6,,14.6
156,堡林,2023-05-02 22:00,17.3,,1.6,200,41,1014.4,1022.7,,,,6,,13.9
156,堡林,2023-05-02 23:00,17.1,,1.8,230,39,1015.1,1023.4,,,,7,,12.9
156,堡林,2023-05-03 00:00,16.5,,.4,0,40,1014.8,1023.2,,,,6,,11.4
156,堡林,2023-05-03 01:00,15.9,,1.1,110,48,1014.1,1022.5,,,,10,,13.2
156,堡林,2023-05-03 02:00,16.2,,.3,0,46,1013.8,1022.2,,,,10,,13.3
156,堡林,2023-05-03 03:00,15.1,,.5,70,49,1013.4,1021.8,,,,8,,12.9
156,堡林,2023-05-03 04:00,14.9,,.2,0,48,1013.8,1022.2,,,,7,,11.9
156,堡林,2023-05-03 05:00,14.3,,0,0,51,1014.4,1022.8,,,,8,,12
156,堡林,2023-05-03 06:00,13.9,,.7,70,49,1014.6,1023,0,.06,,8,,10.4
156,堡林,2023-05-03 07:00,14.8,,.8,50,51,1015,1023.4,.1,.32,,9,,14.1
156,堡林,2023-05-03 08:00,16.3,,.6,70,53,1014.9,1023.3,0,.54,,9,,17.8
156,堡林,2023-05-03 09:00,17.6,,1.2,70,55,1014.7,1023,0,.73,,9,,21
156,堡林,2023-05-03 10:00,19.2,,1.6,50,55,1014.8,1023,0,1.15,,9,,27.4
156,堡林,2023-05-03 11:00,19.9,,2,180,64,1014.7,1023,0,1.24,,9,,27.4
156,堡林,2023-05-03 12:00,21.1,,2,180,64,1014,1022.2,.1,1.33,,9,,34.1
156,堡林,2023-05-03 13:00,20.8,,3.5,180,67,1013.3,1021.5,0,1.57,,10,,30.5
156,堡林,2023-05-03 14:00,20.7,,2.5,180,69,1013.1,1021.3,0,1.36,,10,,31.5
156,堡林,2023-05-03 15:00,21.5,,2.7,200,64,1012.6,1020.8,.1,1.42,,9,,36.1
156,堡林,2023-05-03 16:00,20.6,,2.5,180,70,1012.1,1020.3,.1,1.26,,10,,28.9
156,堡林,2023-05-03 17:00,19.4,,3,180,73,1012.3,1020.5,0,.59,,10,,24.4
156,堡林,2023-05-03 18:00,18.8,,2.7,180,76,1012,1020.2,0,.28,,10,,21.4
156,堡林,2023-05-03 19:00,18.2,,2.4,200,80,1011.9,1020.2,0,.13,,10,,19.3
156,堡林,2023-05-03 20:00,17.8,,2,200,82,1012.3,1020.6,0,.05,,10,,18.3
156,堡林,2023-05-03 21:00,17.8,,2.8,180,80,1012.1,1020.4,,,,6,,17.5
156,堡林,2023-05-03 22:00,17.8,,2.7,200,78,1012.4,1020.7,,,,10,,17.3
156,堡林,2023-05-03 23:00,17.6,,2.4,200,80,1012.1,1020.4,,,,10,,17.3
156,堡林,2023-05-04 00:00,17.7,,2.7,200,79,1011.9,1020.2,,,,10,,17.2
156,堡林,2023-05-04 01:00,17.6,,1.6,180,78,1011.1,1019.4,,,,10,,17
156,堡林,2023-05-04 02:00,17.7,,3.5,180,78,1010.5,1018.8,,,,10,,17.1
156,堡林,2023-05-04 03:00,17.9,,2,200,79,1009.5,1017.7,,,,10,,17
156,堡林,2023-05-04 04:00,18.1,,1.5,160,79,1009,1017.2,,,,10,,17
156,堡林,2023-05-04 05:00,18.2,,1.8,180,79,1008.5,1016.7,,,,10,,16.9
156,堡林,2023-05-04 06:00,17.9,,1.2,140,83,1008.6,1016.8,0,.06,,10,,17.1
156,堡林,2023-05-04 07:00,18.2,,.8,110,83,1008.7,1016.9,0,.12,,10,,17.8
156,堡林,2023-05-04 08:00,18.6,0,1.4,180,81,1008.5,1016.7,0,.24,,10,,19.2
156,堡林,2023-05-04 09:00,18.9,0,1.6,160,80,1008.5,1016.7,0,.32,,10,,20.5
156,堡林,2023-05-04 10:00,19.3,0,1,140,78,1008.1,1016.3,0,.45,,10,,21.9
156,堡林,2023-05-04 11:00,19.2,0,2.9,160,80,1007.7,1015.9,0,.38,,10,,21
156,堡林,2023-05-04 12:00,18.9,0,1.5,70,83,1006.5,1014.7,0,.44,,10,,21.4
156,堡林,2023-05-04 13:00,17.8,.2,2.1,140,94,1005.5,1013.7,0,.37,,10,,19.1
156,堡林,2023-05-04 14:00,17.4,2.3,1.9,180,99,1004.7,1012.9,0,.57,,10,,20.9
156,堡林,2023-05-04 15:00,18,.3,1.1,180,98,1003.9,1012.1,0,.7,,10,,21
156,堡林,2023-05-04 16:00,17.8,0,1.7,180,98,1003.8,1012,0,.38,,10,,20
156,堡林,2023-05-04 17:00,18,0,3,180,97,1003.7,1011.9,0,.38,,10,,19.4
156,堡林,2023-05-04 18:00,17.5,.2,1.4,180,98,1003,1011.2,0,.23,,10,,18.5
156,堡林,2023-05-04 19:00,17.2,1.7,2.7,200,99,1002.9,1011.1,0,.09,,10,,17.5
156,堡林,2023-05-04 20:00,17.3,3.3,1.1,180,99,1002.7,1010.9,0,.06,,10,,17.1
156,堡林,2023-05-04 21:00,17.8,.7,2.3,180,99,1002.8,1011,,,,10,,17.2
156,堡林,2023-05-04 22:00,17.7,1.1,2.5,200,99,1003.1,1011.3,,,,10,,17.1
156,堡林,2023-05-04 23:00,17.7,6.8,.7,20,99,1002.2,1010.4,,,,10,,17.1
156,堡林,2023-05-05 00:00,18.2,2.5,1.5,180,99,1001.2,1009.4,,,,10,,17.3
156,堡林,2023-05-05 01:00,18.9,1.7,1.9,160,99,1000.1,1008.2,,,,10,,17.4
156,堡林,2023-05-05 02:00,18.7,5.7,1.6,160,99,999.2,1007.3,,,,10,,17.4
156,堡林,2023-05-05 03:00,18.3,1.5,1,110,99,998.4,1006.5,,,,10,,17.4
156,堡林,2023-05-05 04:00,18.3,2.9,.7,140,99,997.9,1006,,,,10,,17.5
156,堡林,2023-05-05 05:00,18.1,3.2,1,270,99,997.5,1005.6,,,,10,,17.5
156,堡林,2023-05-05 06:00,18.7,.5,2.1,200,99,997.3,1005.4,0,.06,,10,,17.7
156,堡林,2023-05-05 07:00,19.7,.5,2.8,180,99,996.6,1004.7,0,.14,,10,,18.7
156,堡林,2023-05-05 08:00,19.6,4.5,2.4,200,99,996.9,1005,0,.17,,10,,19
156,堡林,2023-05-05 09:00,19.6,8.1,2.1,180,99,997.2,1005.3,0,.18,,10,,19.4
156,堡林,2023-05-05 10:00,20.2,1.8,2.5,200,99,997,1005.1,0,.5,,10,,21.2
156,堡林,2023-05-05 11:00,20.2,2.2,2.1,200,99,996.7,1004.8,0,.42,,10,,21.2
156,堡林,2023-05-05 12:00,20.4,3.5,2,200,99,996.6,1004.7,0,.33,,10,,21.1
156,堡林,2023-05-05 13:00,20.5,4.6,2.8,200,99,995.6,1003.7,0,.37,,10,,21.5
156,堡林,2023-05-05 14:00,21.5,1.3,2.5,180,99,994.6,1002.6,0,.5,,10,,24
156,堡林,2023-05-05 15:00,20.8,6.6,2,180,99,993.9,1002,0,.56,,10,,21.6
156,堡林,2023-05-05 16:00,20.4,9.9,2.3,200,99,993.1,1001.2,0,.18,,10,,20.4
156,堡林,2023-05-05 17:00,20.1,22.2,1.1,230,99,993.2,1001.3,0,.09,,10,,20
156,堡林,2023-05-05 18:00,20.1,10,.2,0,99,993.3,1001.4,0,.08,,10,,19.9
156,堡林,2023-05-05 19:00,20.7,.3,1.9,180,99,992.9,1001,0,.09,,10,,19.8
156,堡林,2023-05-05 20:00,20.7,3.1,3.3,180,99,992.7,1000.8,0,.06,,10,,19.8
156,堡林,2023-05-05 21:00,20.6,1.2,2.3,200,99,993.3,1001.4,,,,10,,19.7
156,堡林,2023-05-05 22:00,20.5,.1,1.6,180,99,993.2,1001.3,,,,10,,19.6
156,堡林,2023-05-05 23:00,20.4,.3,.4,0,99,992.9,1001,,,,10,,19.6
156,堡林,2023-05-06 00:00,20.6,0,2,200,99,992.4,1000.5,,,,10,,19.6
156,堡林,2023-05-06 01:00,20.5,.1,2,180,99,992.2,1000.3,,,,10,,19.5
156,堡林,2023-05-06 02:00,20,1.6,1.7,230,99,992,1000.1,,,,10,,19.5
156,堡林,2023-05-06 03:00,19.5,.1,1.6,250,99,991.7,999.7,,,,10,,19.3
156,堡林,2023-05-06 04:00,19.3,.1,.6,270,99,991.1,999.1,,,,10,,19.1
156,堡林,2023-05-06 05:00,18.4,1,2.9,270,99,991.3,999.4,,,,10,,18.8
156,堡林,2023-05-06 06:00,17,.9,3.9,250,99,992,1000.1,0,.06,,10,,18
156,堡林,2023-05-06 07:00,16.1,1,2.7,250,99,993.2,1001.4,0,.08,,10,,17.4
156,堡林,2023-05-06 08:00,15.2,.1,3.1,230,99,994.1,1002.4,0,.13,,10,,17.1
156,堡林,2023-05-06 09:00,15.4,.8,2.6,230,99,994.4,1002.6,0,.33,,10,,18.2
156,堡林,2023-05-06 10:00,15.9,,1.8,230,99,995,1003.2,0,.4,,10,,19
156,堡林,2023-05-06 11:00,16.1,,1.7,230,99,995.5,1003.7,0,.4,,10,,18.9
156,堡林,2023-05-06 12:00,17.1,,1.3,230,99,995.4,1003.6,0,.93,,10,,21.5
156,堡林,2023-05-06 13:00,16.9,,1.8,270,99,995.6,1003.8,0,.51,,10,,20.2
156,堡林,2023-05-06 14:00,17.6,0,.7,270,99,995.7,1003.8,0,.55,,10,,20.8
156,堡林,2023-05-06 15:00,18,0,0,0,99,995.5,1003.6,0,.65,,10,,21.4
156,堡林,2023-05-06 16:00,18.2,,.1,0,99,995.8,1003.9,0,.55,,10,,21
156,堡林,2023-05-06 17:00,17.9,,0,0,99,996.5,1004.6,0,.19,,10,,19.4
156,堡林,2023-05-06 18:00,17.8,,2.7,200,99,996.7,1004.8,0,.11,,10,,18.5
156,堡林,2023-05-06 19:00,17.3,,3.1,200,98,997.6,1005.8,0,.09,,3,,17.6
156,堡林,2023-05-06 20:00,17.1,,.4,0,99,998.2,1006.4,0,.06,,7,,17.2
156,堡林,2023-05-06 21:00,17.1,,.2,0,99,998.9,1007.1,,,,9,,17.1
156,堡林,2023-05-06 22:00,17.1,,.1,0,99,999.1,1007.3,,,,10,,16.9
156,堡林,2023-05-06 23:00,16.1,,1.7,50,99,999.7,1008,,,,3,,16.5
156,堡林,2023-05-07 00:00,15.3,0,1.1,50,99,1000.1,1008.4,,,,10,,16.2
156,堡林,2023-05-07 01:00,14.5,0,1.3,50,99,1000.1,1008.4,,,,9,,15.9
156,堡林,2023-05-07 02:00,14.5,0,1.3,50,99,999.9,1008.2,,,,10,,15.8
156,堡林,2023-05-07 03:00,13.9,.4,1.3,70,99,1000,1008.3,,,,10,,15.5
156,堡林,2023-05-07 04:00,13.4,0,1.8,70,99,1000.2,1008.5,,,,10,,15.2
156,堡林,2023-05-07 05:00,12.6,.6,3,70,99,1000.5,1008.9,,,,10,,14.7
156,堡林,2023-05-07 06:00,12.3,.1,2,70,99,1000.7,1009.1,0,.06,,10,,14.3
156,堡林,2023-05-07 07:00,12.3,.1,3.4,70,99,1000.7,1009.1,0,.12,,10,,14.7
156,堡林,2023-05-07 08:00,12.5,.1,2.2,70,99,1000.9,1009.3,0,.22,,10,,15.4
156,堡林,2023-05-07 09:00,12.8,.1,2.2,70,99,1001.5,1009.9,0,.37,,10,,16.2
156,堡林,2023-05-07 10:00,13.2,0,1.7,70,99,1001.7,1010.1,0,.66,,10,,18.1
156,堡林,2023-05-07 11:00,13.2,0,2.8,50,99,1002.1,1010.5,0,.69,,10,,18
156,堡林,2023-05-07 12:00,13.1,0,3.7,70,99,1002,1010.4,0,.61,,10,,17.9
156,堡林,2023-05-07 13:00,12.8,0,3.2,70,99,1001.5,1009.9,0,.83,,10,,19
156,堡林,2023-05-07 14:00,12.4,0,3.9,70,98,1001.2,1009.6,0,.66,,10,,17.9
156,堡林,2023-05-07 15:00,12.2,0,3.2,70,99,1001.4,1009.8,0,.67,,10,,17.8
156,堡林,2023-05-07 16:00,12.6,0,2.2,70,97,1001.4,1009.8,0,.8,,10,,18.4
156,堡林,2023-05-07 17:00,13.5,0,2.2,70,86,1001.4,1009.7,0,.73,,10,,18.2
156,堡林,2023-05-07 18:00,13.2,0,2.6,70,86,1001.2,1009.5,0,.5,,10,,16.8
156,堡林,2023-05-07 19:00,13,0,2.8,50,84,1001.8,1010.2,.1,.23,,6,,14.8
156,堡林,2023-05-07 20:00,11.9,,1.4,70,89,1002.4,1010.8,0,.07,,3,,12.4
156,堡林,2023-05-07 21:00,10.7,,1.4,70,98,1003.8,1012.3,,,,0,,11.4
156,堡林,2023-05-07 22:00,10.6,,1.6,70,98,1005.1,1013.6,,,,0,,10.6
156,堡林,2023-05-07 23:00,10.2,,.9,50,98,1005.5,1014,,,,0,,9.9
156,堡林,2023-05-08 00:00,9.5,,1,70,97,1006.4,1014.9,,,,0,,9.3
156,堡林,2023-05-08 01:00,9.4,,1.5,50,97,1006.6,1015.1,,,,0,,8.8
156,堡林,2023-05-08 02:00,9.3,,.2,0,97,1006.5,1015,,,,0,,8.3
156,堡林,2023-05-08 03:00,8.2,,0,0,99,1006.9,1015.5,,,,0,,7.7
156,堡林,2023-05-08 04:00,8,,0,0,99,1007.3,1015.9,,,,0,,7.3
156,堡林,2023-05-08 05:00,8.1,,0,0,99,1007.5,1016.1,,,,0,,7.1
156,堡林,2023-05-08 06:00,8.2,,1.3,70,99,1007.3,1015.9,0,.09,,5,,7.4
156,堡林,2023-05-08 07:00,9.5,,1.9,50,91,1007.4,1015.9,.7,.48,,3,,8.5
156,堡林,2023-05-08 08:00,12.1,,1.2,50,75,1007.8,1016.2,1,1.24,,3,,14
156,堡林,2023-05-08 09:00,14.9,,2.4,70,54,1008,1016.4,1,2.02,,7,,20.1
156,堡林,2023-05-08 10:00,16.6,,1.8,50,46,1008.2,1016.5,1,2.47,,7,,24.4
156,堡林,2023-05-08 11:00,18.3,,.4,0,41,1008.4,1016.6,1,3,,6,,28.5
156,堡林,2023-05-08 12:00,20.2,,0,0,41,1008.5,1016.7,1,3.43,,7,,31.4
156,堡林,2023-05-08 13:00,20.9,,0,0,33,1008.2,1016.4,1,3.43,,8,,30.5
156,堡林,2023-05-08 14:00,21.9,,.4,0,37,1007.8,1015.9,1,3.27,,8,,31.8
156,堡林,2023-05-08 15:00,22.6,,1.2,320,35,1007.4,1015.5,1,2.71,,8,,30.3
156,堡林,2023-05-08 16:00,21.5,,1.7,290,37,1007.3,1015.4,1,2.51,,7,,27.9
156,堡林,2023-05-08 17:00,20.7,,2.4,360,39,1007.5,1015.7,1,1.88,,5,,24
156,堡林,2023-05-08 18:00,19.9,,1.3,360,37,1008.1,1016.3,1,.98,,8,,19.5
156,堡林,2023-05-08 19:00,18.2,,.9,20,33,1008.5,1016.7,.1,.31,,7,,16
156,堡林,2023-05-08 20:00,16.5,,1.4,50,42,1008.7,1017,0,.07,,7,,14.5
156,堡林,2023-05-08 21:00,15.3,,1.4,70,41,1009.3,1017.7,,,,9,,13.4
156,堡林,2023-05-08 22:00,16,,.1,0,36,1009.8,1018.1,,,,9,,12.8
156,堡林,2023-05-08 23:00,14.8,,.6,110,41,1009.8,1018.2,,,,8,,11.8
156,堡林,2023-05-09 00:00,13.7,,.5,270,56,1009.9,1018.3,,,,6,,10.9
156,堡林,2023-05-09 01:00,12.6,,.7,270,65,1010.1,1018.5,,,,5,,10.2
156,堡林,2023-05-09 02:00,11.8,,.1,0,73,1009.8,1018.3,,,,1,,9.5
156,堡林,2023-05-09 03:00,10.9,,0,0,81,1010.1,1018.6,,,,0,,9
156,堡林,2023-05-09 04:00,10.2,,0,0,87,1009.9,1018.4,,,,0,,8.4
156,堡林,2023-05-09 05:00,9.5,,0,0,97,1010.1,1018.6,,,,0,,7.9
156,堡林,2023-05-09 06:00,8.9,,0,0,97,1010.5,1019.1,0,.07,,0,,7.8
156,堡林,2023-05-09 07:00,9.9,,0,0,91,1010.7,1019.3,.9,.5,,0,,8.9
156,堡林,2023-05-09 08:00,12.6,,.7,270,77,1010.8,1019.3,1,1.25,,0,,15.1
156,堡林,2023-05-09 09:00,14.6,,.7,230,64,1011,1019.4,1,2.02,,0,,21.4
156,堡林,2023-05-09 10:00,17.5,,.1,0,51,1011,1019.3,1,2.71,,0,,27
156,堡林,2023-05-09 11:00,20.2,,0,0,43,1010.6,1018.8,1,3.23,,0,,31
156,堡林,2023-05-09 12:00,22.3,,.1,0,37,1009.7,1017.8,1,3.56,,1,,33.6
156,堡林,2023-05-09 13:00,23.4,,.5,320,29,1008.7,1016.8,1,3.52,,8,,33.8
156,堡林,2023-05-09 14:00,23.8,,1.5,20,25,1007.8,1015.8,1,3.37,,7,,33.6
156,堡林,2023-05-09 15:00,25.1,,1.6,50,24,1007.3,1015.4,1,3.21,,3,,32.9
156,堡林,2023-05-09 16:00,24.8,,1.6,360,27,1006.7,1014.7,1,2.59,,0,,30
156,堡林,2023-05-09 17:00,23,,2.2,340,31,1006.7,1014.8,1,1.96,,0,,25.9
156,堡林,2023-05-09 18:00,21.7,,1.7,320,36,1006.7,1014.8,1,1.19,,0,,20.7
156,堡林,2023-05-09 19:00,19.9,,1.4,340,41,1007.2,1015.4,.9,.36,,0,,16.9
156,堡林,2023-05-09 20:00,18.4,,1.6,320,45,1008,1016.2,0,.06,,0,,14.6
156,堡林,2023-05-09 21:00,16.9,,.5,50,48,1008.7,1017,,,,0,,13.5
156,堡林,2023-05-09 22:00,17,,.4,0,48,1009.1,1017.4,,,,2,,12.6
156,堡林,2023-05-09 23:00,15.8,,0,0,52,1008.9,1017.2,,,,5,,11.9
156,堡林,2023-05-10 00:00,15.2,,.5,270,59,1009.1,1017.5,,,,0,,11.5
156,堡林,2023-05-10 01:00,14.1,,0,0,65,1009.3,1017.7,,,,7,,11.2
156,堡林,2023-05-10 02:00,13.7,,0,0,71,1009.1,1017.5,,,,7,,11.2
156,堡林,2023-05-10 03:00,13.2,,.1,0,76,1008.5,1016.9,,,,7,,11.1
156,堡林,2023-05-10 04:00,12.5,,.6,250,83,1008.6,1017,,,,6,,10.8
156,堡林,2023-05-10 05:00,11.8,,0,0,80,1008.6,1017.1,,,,6,,10
156,堡林,2023-05-10 06:00,11.4,,0,0,86,1008.7,1017.2,0,.07,,6,,10
156,堡林,2023-05-10 07:00,12.6,,0,0,79,1009.1,1017.5,.7,.51,,5,,12.7
156,堡林,2023-05-10 08:00,14.5,,.3,0,69,1009.6,1018,1,1.1,,0,,17.1
156,堡林,2023-05-10 09:00,16.3,,.9,250,59,1009.7,1018,1,1.9,,3,,22.3
156,堡林,2023-05-10 10:00,19.4,,.6,230,53,1009.5,1017.7,1,2.63,,0,,28.8
156,堡林,2023-05-10 11:00,21.7,,0,0,40,1009.3,1017.4,1,3.13,,5,,33
156,堡林,2023-05-10 12:00,23.6,,.8,320,33,1008.7,1016.8,1,3.52,,2,,37.2
156,堡林,2023-05-10 13:00,25.1,,1.1,340,27,1007.9,1016,1,3.66,,1,,40.8
156,堡林,2023-05-10 14:00,25.8,,2.4,20,26,1007.4,1015.4,1,3.5,,0,,41.7
156,堡林,2023-05-10 15:00,26.4,,1.8,360,25,1006.9,1014.9,1,3.16,,0,,40.9
156,堡林,2023-05-10 16:00,26.1,,2.1,340,21,1006.5,1014.5,1,2.66,,0,,38.4
156,堡林,2023-05-10 17:00,25.4,,2,360,23,1006.4,1014.4,1,1.99,,1,,33.7
156,堡林,2023-05-10 18:00,24,,1.3,320,30,1006.6,1014.6,1,1.18,,3,,26.5
156,堡林,2023-05-10 19:00,21.9,,1,360,31,1007.2,1015.3,.4,.33,,2,,21.2
156,堡林,2023-05-10 20:00,19.8,,.8,320,37,1008.1,1016.2,0,.07,,4,,17.9
156,堡林,2023-05-10 21:00,18.7,,0,0,38,1008.9,1017.1,,,,2,,16.2
156,堡林,2023-05-10 22:00,18.7,,1,360,38,1009.4,1017.6,,,,5,,15.2
156,堡林,2023-05-10 23:00,18,,.5,270,43,1009.5,1017.7,,,,6,,14.4
156,堡林,2023-05-11 00:00,16.7,,.8,270,48,1009.6,1017.9,,,,0,,13.4
156,堡林,2023-05-11 01:00,16.1,,.5,320,52,1009.7,1018,,,,1,,12.8
156,堡林,2023-05-11 02:00,15.2,,.4,0,57,1009.5,1017.9,,,,5,,12.1
156,堡林,2023-05-11 03:00,14.7,,0,0,67,1009.6,1018,,,,2,,11.8
156,堡林,2023-05-11 04:00,13.9,,.5,270,74,1009.9,1018.3,,,,5,,11.5
156,堡林,2023-05-11 05:00,13.6,,0,0,81,1010.1,1018.5,,,,2,,11
156,堡林,2023-05-11 06:00,12.8,,0,0,83,1010.4,1018.8,0,.07,,0,,10.9
156,堡林,2023-05-11 07:00,13.8,,.2,0,78,1010.5,1018.9,.9,.45,,0,,12.7
156,堡林,2023-05-11 08:00,16.4,,.6,270,67,1011,1019.3,1,1.15,,0,,18.4
156,堡林,2023-05-11 09:00,18.4,,.2,0,59,1011.1,1019.3,1,1.87,,5,,24.9
156,堡林,2023-05-11 10:00,21.6,,.5,320,50,1011,1019.2,1,2.52,,5,,32.2
156,堡林,2023-05-11 11:00,23.7,,.9,270,42,1010.7,1018.8,1,2.86,,7,,36.8
156,堡林,2023-05-11 12:00,25.3,,1.3,290,36,1010.4,1018.5,1,3.08,,7,,40.4
156,堡林,2023-05-11 13:00,26.2,,1.5,290,34,1009.7,1017.7,1,3.22,,6,,43.7
156,堡林,2023-05-11 14:00,26.9,,2,290,31,1009.3,1017.3,1,3.31,,6,,44.5
156,堡林,2023-05-11 15:00,27.2,,2.8,200,31,1008.6,1016.6,1,2.96,,7,,43.8
156,堡林,2023-05-11 16:00,24.6,,1.9,320,48,1008.4,1016.4,.1,1.26,,8,,32.2
156,堡林,2023-05-11 17:00,23.4,,1.4,270,51,1008.7,1016.8,.2,.73,,8,,28.9
156,堡林,2023-05-11 18:00,22.5,,1.3,290,52,1008.7,1016.8,.4,.77,,8,,26.3
156,堡林,2023-05-11 19:00,21.3,,2.1,270,50,1009.2,1017.4,0,.26,,8,,22.8
156,堡林,2023-05-11 20:00,19.6,,.4,0,51,1010.1,1018.3,0,.07,,6,,19.6
156,堡林,2023-05-11 21:00,18.9,,.4,0,52,1010.8,1019,,,,1,,17.6
156,堡林,2023-05-11 22:00,18.6,,.7,250,52,1011.7,1019.9,,,,5,,16.3
156,堡林,2023-05-11 23:00,17.6,,.7,180,55,1011.2,1019.5,,,,6,,15.5
156,堡林,2023-05-12 00:00,17,,0,0,57,1010.9,1019.2,,,,0,,14.5
156,堡林,2023-05-12 01:00,15.5,,.5,50,65,1010.6,1019,,,,6,,13.8
156,堡林,2023-05-12 02:00,15.3,,0,0,68,1010.4,1018.8,,,,5,,13.6
156,堡林,2023-05-12 03:00,15.1,,0,0,75,1010.3,1018.7,,,,7,,13.3
156,堡林,2023-05-12 04:00,15.1,,0,0,79,1010.4,1018.8,,,,8,,13.9
156,堡林,2023-05-12 05:00,15,,0,0,82,1009.9,1018.3,,,,10,,14.3
156,堡林,2023-05-12 06:00,14.7,,0,0,85,1009.9,1018.3,0,.07,,9,,14.5
156,堡林,2023-05-12 07:00,15.6,,0,0,82,1009.9,1018.3,0,.26,,9,,16.2
156,堡林,2023-05-12 08:00,16.7,,0,0,78,1010,1018.3,.1,.74,,7,,19.4
156,堡林,2023-05-12 09:00,18,,.7,50,73,1009.9,1018.1,0,.75,,9,,21.6
156,堡林,2023-05-12 10:00,19.5,,1.2,230,70,1009.9,1018.1,0,1.5,,8,,27.3
156,堡林,2023-05-12 11:00,21,,1.1,200,59,1009.8,1018,.3,2.14,,9,,32.2
156,堡林,2023-05-12 12:00,22.4,,.4,0,52,1009.3,1017.4,.5,2.48,,8,,36
156,堡林,2023-05-12 13:00,23.4,,2.3,270,53,1008.7,1016.8,.2,2.38,,9,,37.3
156,堡林,2023-05-12 14:00,24.3,,2.4,270,41,1008,1016,.6,2.45,,9,,40
156,堡林,2023-05-12 15:00,22.9,,2,250,42,1007.6,1015.7,.3,1.83,,10,,34.3
156,堡林,2023-05-12 16:00,22.6,,2.4,200,41,1007.1,1015.2,0,1.19,,10,,31.2
156,堡林,2023-05-12 17:00,21.9,,2,270,54,1006.9,1015,0,.94,,9,,28.8
156,堡林,2023-05-12 18:00,20.8,,2.9,270,58,1007,1015.2,0,.73,,9,,25.9
156,堡林,2023-05-12 19:00,20,0,2,270,63,1007.3,1015.5,0,.23,,10,,22.3
156,堡林,2023-05-12 20:00,18.6,0,1.3,70,74,1008,1016.2,0,.05,,10,,20.5
156,堡林,2023-05-12 21:00,17.9,0,.5,90,84,1008.6,1016.8,,,,10,,19.3
156,堡林,2023-05-12 22:00,18.4,,2.3,270,76,1008.9,1017.1,,,,9,,18.9
156,堡林,2023-05-12 23:00,17.2,0,1.7,200,89,1009.1,1017.4,,,,10,,18.1
156,堡林,2023-05-13 00:00,17.1,,1.1,200,91,1009,1017.3,,,,8,,17.7
156,堡林,2023-05-13 01:00,17.1,,.6,230,90,1008.5,1016.8,,,,10,,17.4
156,堡林,2023-05-13 02:00,16.7,,0,0,97,1007.8,1016.1,,,,6,,17.5
156,堡林,2023-05-13 03:00,16.4,,1.2,200,92,1007.4,1015.7,,,,6,,16.9
156,堡林,2023-05-13 04:00,16,,.1,0,94,1007,1015.3,,,,7,,16.5
156,堡林,2023-05-13 05:00,15.5,,0,0,96,1006.6,1014.9,,,,9,,15.7
156,堡林,2023-05-13 06:00,15.1,,.1,0,99,1006.4,1014.8,0,.07,,7,,15
156,堡林,2023-05-13 07:00,15.4,,.1,0,99,1006.4,1014.7,.5,.34,,3,,15.6
156,堡林,2023-05-13 08:00,16.8,,0,0,93,1007.1,1015.4,.9,1.03,,5,,19.6
156,堡林,2023-05-13 09:00,18.5,,.9,110,76,1006.7,1014.9,.8,1.68,,5,,26.4
156,堡林,2023-05-13 10:00,20.3,,1.9,90,64,1006.1,1014.3,1,2.69,,3,,36.3
156,堡林,2023-05-13 11:00,21,,1.8,90,56,1005.8,1013.9,1,3.1,,0,,41.7
156,堡林,2023-05-13 12:00,22.8,,2.3,70,51,1004.7,1012.8,1,3.59,,4,,46
156,堡林,2023-05-13 13:00,23.2,,2.1,50,50,1003.5,1011.5,.9,2.85,,5,,42.2
156,堡林,2023-05-13 14:00,23.7,,.8,70,44,1002.8,1010.8,.7,2.88,,7,,44
156,堡林,2023-05-13 15:00,23.1,,.8,290,55,1002.2,1010.2,.4,1.64,,8,,40.2
156,堡林,2023-05-13 16:00,24.3,,1.7,340,55,1001.6,1009.6,.7,2.03,,7,,40.9
156,堡林,2023-05-13 17:00,22.3,,1.4,320,59,1001.6,1009.7,.3,.97,,7,,30.7
156,堡林,2023-05-13 18:00,22,,2.3,320,58,1001.8,1009.9,.9,1.15,,5,,28.5
156,堡林,2023-05-13 19:00,20.3,,1.1,270,57,1002.3,1010.5,.7,.39,,5,,23.5
156,堡林,2023-05-13 20:00,18.2,,1.9,270,60,1003.1,1011.3,0,.07,,5,,19.8
156,堡林,2023-05-13 21:00,16.8,,.4,0,72,1003.9,1012.2,,,,0,,17.5
156,堡林,2023-05-13 22:00,16.2,,0,0,76,1004.3,1012.6,,,,2,,16.2
156,堡林,2023-05-13 23:00,16.1,,.4,0,71,1003.9,1012.2,,,,3,,15.3
156,堡林,2023-05-14 00:00,15.2,,0,0,73,1003.8,1012.1,,,,0,,14.3
156,堡林,2023-05-14 01:00,15,,.7,270,86,1003.5,1011.8,,,,0,,13.9
156,堡林,2023-05-14 02:00,14.4,,.2,0,90,1002.9,1011.2,,,,0,,13.3
156,堡林,2023-05-14 03:00,14.3,,0,0,93,1002.8,1011.1,,,,0,,12.8
156,堡林,2023-05-14 04:00,13.4,,0,0,96,1002.6,1011,,,,0,,12.4
156,堡林,2023-05-14 05:00,12.8,,.5,250,99,1002.8,1011.2,,,,0,,12.1
156,堡林,2023-05-14 06:00,12.6,,0,0,99,1002.8,1011.2,0,.08,,0,,11.9
156,堡林,2023-05-14 07:00,13.6,,0,0,96,1003,1011.3,.9,.48,,0,,13.6
156,堡林,2023-05-14 08:00,15.4,,0,0,83,1003.1,1011.4,1,1.17,,1,,19.6
156,堡林,2023-05-14 09:00,18.2,,.7,90,68,1002.8,1011,1,1.89,,0,,27.7
156,堡林,2023-05-14 10:00,20.6,,.9,270,59,1002.6,1010.7,1,2.6,,0,,36.2
156,堡林,2023-05-14 11:00,22.3,,.8,250,50,1002.5,1010.6,1,3.14,,0,,42.4
156,堡林,2023-05-14 12:00,24.9,,1.5,250,45,1001.7,1009.7,1,3.48,,0,,47.6
156,堡林,2023-05-14 13:00,24.5,,.6,230,34,1001,1009,1,3.64,,0,,49.7
156,堡林,2023-05-14 14:00,26.3,,1.1,270,35,1000.5,1008.5,1,3.53,,2,,50.3
156,堡林,2023-05-14 15:00,25.4,,1.1,270,36,999.8,1007.8,.8,2.63,,4,,41.7
156,堡林,2023-05-14 16:00,25.3,,1.5,290,42,999.5,1007.5,.6,1.68,,7,,38.9
156,堡林,2023-05-14 17:00,24.2,,1.6,320,47,999.7,1007.7,.9,1.68,,4,,35.4
156,堡林,2023-05-14 18:00,22.9,,1.2,290,49,999.9,1007.9,1,1.01,,3,,28.2
156,堡林,2023-05-14 19:00,21.4,,.7,290,49,1000.1,1008.2,.6,.34,,0,,22.9
156,堡林,2023-05-14 20:00,20.5,,.6,270,50,1000.6,1008.7,0,.07,,5,,20.1
156,堡林,2023-05-14 21:00,19.1,,0,0,54,1001,1009.1,,,,0,,17.7
156,堡林,2023-05-14 22:00,18.9,,.2,0,54,1001.3,1009.4,,,,0,,16.7
156,堡林,2023-05-14 23:00,17.9,,0,0,58,1001.2,1009.4,,,,0,,15.4
156,堡林,2023-05-15 00:00,17.2,,0,0,63,1001.1,1009.3,,,,0,,14.5
156,堡林,2023-05-15 01:00,16.5,,0,0,68,1001.1,1009.3,,,,0,,13.7
156,堡林,2023-05-15 02:00,15.4,,0,0,78,1001,1009.3,,,,0,,13.1
156,堡林,2023-05-15 03:00,15.1,,0,0,88,1001.3,1009.6,,,,0,,12.9
156,堡林,2023-05-15 04:00,14.5,,.8,270,88,1000.9,1009.2,,,,0,,12.5
156,堡林,2023-05-15 05:00,13.7,,0,0,95,1000,1008.3,,,,0,,12.1
156,堡林,2023-05-15 06:00,13.6,,0,0,95,1000.8,1009.1,0,.08,,7,,12.4
156,堡林,2023-05-15 07:00,15,,.6,70,84,1001,1009.3,.4,.52,,7,,15.8
156,堡林,2023-05-15 08:00,17.3,,0,0,64,1001.7,1009.9,.9,1.19,,7,,21.1
156,堡林,2023-05-15 09:00,18.7,,.4,0,64,1002.2,1010.4,.3,1.35,,9,,25.4
156,堡林,2023-05-15 10:00,19.7,,1.6,230,62,1002.7,1010.8,.2,1.63,,9,,29.4
156,堡林,2023-05-15 11:00,21.3,,1.3,230,58,1002.2,1010.3,.3,2.01,,9,,34.2
156,堡林,2023-05-15 12:00,23.5,,1.8,180,50,1001.2,1009.2,1,2.53,,9,,39.5
156,堡林,2023-05-15 13:00,26.8,,1.7,230,43,1000.7,1008.6,1,3.25,,7,,48.1
156,堡林,2023-05-15 14:00,26.9,,1.5,230,39,1000.1,1008,1,3.32,,4,,49.6
156,堡林,2023-05-15 15:00,28.1,,2.4,200,41,999.6,1007.5,1,3.03,,0,,48.3
156,堡林,2023-05-15 16:00,28.4,,2.3,200,40,999.6,1007.5,1,2.5,,1,,44.6
156,堡林,2023-05-15 17:00,27.5,,2.6,230,43,999.7,1007.6,1,1.84,,0,,38
156,堡林,2023-05-15 18:00,26.4,,2.1,230,46,999.8,1007.7,1,1.12,,0,,30.3
156,堡林,2023-05-15 19:00,24.8,,1.9,230,48,1000.3,1008.2,.9,.37,,0,,24.9
156,堡林,2023-05-15 20:00,23.1,,3.1,200,51,1001,1009,0,.08,,2,,21.2
156,堡林,2023-05-15 21:00,21.9,,2.3,200,57,1001.8,1009.9,,,,0,,19.5
156,堡林,2023-05-15 22:00,21.3,,1.6,200,61,1002.3,1010.4,,,,0,,18.6
156,堡林,2023-05-15 23:00,20.6,,1.7,200,61,1002.5,1010.6,,,,0,,17.7
156,堡林,2023-05-16 00:00,20.1,,.2,0,66,1002.7,1010.9,,,,0,,16.9
156,堡林,2023-05-16 01:00,19.5,,0,0,71,1002.9,1011,,,,0,,16.4
156,堡林,2023-05-16 02:00,19,,0,0,75,1002.7,1010.8,,,,0,,15.9
156,堡林,2023-05-16 03:00,18,,0,0,83,1002.7,1010.9,,,,0,,15
156,堡林,2023-05-16 04:00,17.4,,.1,0,87,1003,1011.2,,,,0,,14.5
156,堡林,2023-05-16 05:00,17,,0,0,85,1003.1,1011.3,,,,0,,14.1
156,堡林,2023-05-16 06:00,16.3,,0,0,91,1003.5,1011.8,0,.07,,2,,14.1
156,堡林,2023-05-16 07:00,17.1,,0,0,95,1004.3,1012.5,.2,.32,,0,,15.9
156,堡林,2023-05-16 08:00,19.7,,0,0,81,1004.7,1012.8,1,1.12,,0,,23.2
156,堡林,2023-05-16 09:00,22.6,,0,0,64,1004.8,1012.9,1,1.88,,0,,31.5
156,堡林,2023-05-16 10:00,25.2,,1.1,250,54,1004.7,1012.7,1,2.55,,0,,40.1
156,堡林,2023-05-16 11:00,27.4,,1.5,230,47,1004.7,1012.6,1,3.1,,0,,46.9
156,堡林,2023-05-16 12:00,28.5,,.5,270,40,1004.3,1012.2,1,3.43,,0,,51.4
156,堡林,2023-05-16 13:00,30.6,,2.4,230,36,1003.8,1011.7,1,3.55,,0,,54.1
156,堡林,2023-05-16 14:00,31,,3.1,230,35,1003.3,1011.2,1,3.45,,0,,54.2
156,堡林,2023-05-16 15:00,31.3,,2.5,250,37,1003.1,1010.9,1,3.12,,0,,52.2
156,堡林,2023-05-16 16:00,30.9,,3.3,230,34,1002.8,1010.7,1,2.6,,0,,48
156,堡林,2023-05-16 17:00,29.7,,3.1,230,32,1003,1010.8,1,1.92,,0,,40.9
156,堡林,2023-05-16 18:00,28.4,,3.2,230,30,1003.1,1011,1,1.19,,0,,31.9
156,堡林,2023-05-16 19:00,26.5,,1.9,250,31,1003.6,1011.6,.9,.39,,0,,25.4
156,堡林,2023-05-16 20:00,24.5,,2.9,230,46,1004.3,1012.3,0,.08,,0,,21.6
156,堡林,2023-05-16 21:00,22.1,,3.6,230,61,1005.1,1013.2,,,,0,,19.8
156,堡林,2023-05-16 22:00,20.5,,2.6,230,72,1005.7,1013.9,,,,5,,18.4
156,堡林,2023-05-16 23:00,19.4,,1.6,270,85,1006.5,1014.7,,,,0,,17.4
156,堡林,2023-05-17 00:00,18.6,,1.2,270,96,1007,1015.2,,,,0,,16.5
156,堡林,2023-05-17 01:00,18,,.8,200,98,1006.8,1015,,,,2,,15.9
156,堡林,2023-05-17 02:00,17.9,,0,0,99,1006.7,1014.9,,,,6,,15.4
156,堡林,2023-05-17 03:00,17.3,,1.2,70,99,1006.5,1014.8,,,,0,,15.2
156,堡林,2023-05-17 04:00,17.1,,0,0,96,1006.7,1015,,,,0,,14.6
156,堡林,2023-05-17 05:00,17.4,,1.2,70,86,1006.6,1014.8,,,,7,,14.6
156,堡林,2023-05-17 06:00,17.4,,0,0,93,1006.6,1014.8,0,.08,,6,,14.7
156,堡林,2023-05-17 07:00,18.5,,0,0,94,1006.9,1015.1,.7,.56,,6,,17.3
156,堡林,2023-05-17 08:00,21,,0,0,79,1007,1015.2,1,1.19,,2,,24.2
156,堡林,2023-05-17 09:00,23.9,,2.2,230,57,1007.2,1015.2,1,1.92,,1,,32.7
156,堡林,2023-05-17 10:00,25.6,,2.8,200,47,1007,1015,1,2.65,,1,,41.9
156,堡林,2023-05-17 11:00,28,,2.2,200,48,1006.7,1014.6,1,3.19,,0,,48.5
156,堡林,2023-05-17 12:00,29.3,,2.7,200,39,1006.3,1014.2,1,3.51,,0,,53.1
156,堡林,2023-05-17 13:00,29.3,,2,200,43,1005.8,1013.7,1,3.61,,1,,55.1
156,堡林,2023-05-17 14:00,29.3,,3.3,250,41,1005.3,1013.2,1,3.41,,2,,53.3
156,堡林,2023-05-17 15:00,29.5,,5,200,39,1004.8,1012.7,1,3.09,,3,,51.6
156,堡林,2023-05-17 16:00,28.7,,3.2,250,39,1004.6,1012.5,1,2.29,,5,,43.8
156,堡林,2023-05-17 17:00,27.4,,3.6,200,51,1004.4,1012.3,1,1.85,,6,,39
156,堡林,2023-05-17 18:00,25.5,,3.3,230,61,1004.4,1012.4,.2,.74,,8,,31.6
156,堡林,2023-05-17 19:00,24.4,,1.9,200,65,1004.8,1012.8,0,.27,,8,,26.4
156,堡林,2023-05-17 20:00,23.3,,2.3,200,75,1005.1,1013.1,0,.07,,9,,23.8
156,堡林,2023-05-17 21:00,22.6,,3.4,180,80,1006,1014.1,,,,9,,22.6
156,堡林,2023-05-17 22:00,22.2,,2.2,200,85,1006.1,1014.2,,,,8,,21.8
156,堡林,2023-05-17 23:00,22,,.6,140,81,1005.7,1013.8,,,,9,,21.2
156,堡林,2023-05-18 00:00,21.9,,1.2,160,86,1005.3,1013.4,,,,8,,20.7
156,堡林,2023-05-18 01:00,21.7,,1.2,200,88,1004.6,1012.7,,,,7,,20.9
156,堡林,2023-05-18 02:00,21.7,,.9,200,89,1003.7,1011.8,,,,10,,20.8
156,堡林,2023-05-18 03:00,21.6,0,1.9,180,90,1003.5,1011.6,,,,10,,20.8
156,堡林,2023-05-18 04:00,20.4,0,.7,180,98,1003.3,1011.5,,,,10,,20.1
156,堡林,2023-05-18 05:00,18.5,4,2,180,99,1003.7,1011.9,,,,10,,19.5
156,堡林,2023-05-18 06:00,18,1.6,1.1,90,99,1003.4,1011.6,0,.06,,10,,19.3
156,堡林,2023-05-18 07:00,17.6,.8,1.9,70,98,1003.3,1011.5,0,.09,,10,,18.9
156,堡林,2023-05-18 08:00,16.5,1,1.4,90,99,1003.4,1011.7,0,.16,,10,,18.8
156,堡林,2023-05-18 09:00,16.8,.5,.3,0,99,1003.4,1011.7,0,.28,,10,,19.8
156,堡林,2023-05-18 10:00,17.1,.1,2.1,70,98,1002.9,1011.1,0,.56,,10,,21.2
156,堡林,2023-05-18 11:00,17,0,4,70,92,1002.7,1010.9,0,.84,,10,,21.9
156,堡林,2023-05-18 12:00,19.6,,2.3,70,84,1001.9,1010,0,1.14,,10,,25.4
156,堡林,2023-05-18 13:00,18.3,.1,2.4,70,90,1001.7,1009.9,0,.77,,10,,23.1
156,堡林,2023-05-18 14:00,18.4,0,2.9,70,97,1001.2,1009.4,0,.68,,10,,22.4
156,堡林,2023-05-18 15:00,17.9,.7,2.2,70,99,1000.3,1008.5,0,.66,,10,,22.3
156,堡林,2023-05-18 16:00,18,2.3,2.1,70,99,999.5,1007.7,0,.66,,10,,22.3
156,堡林,2023-05-18 17:00,17.7,4.6,1.2,70,99,999.3,1007.5,0,.48,,10,,21.2
156,堡林,2023-05-18 18:00,17.7,1.5,2.4,70,99,998.9,1007.1,0,.41,,10,,20.9
156,堡林,2023-05-18 19:00,17.6,0,2.4,70,99,999,1007.2,0,.16,,10,,19.6
156,堡林,2023-05-18 20:00,17.3,.5,3.5,70,99,998.6,1006.8,0,.07,,10,,18.9
156,堡林,2023-05-18 21:00,17.3,.1,2,70,99,999.4,1007.6,,,,10,,18.6
156,堡林,2023-05-18 22:00,17.5,,2.4,50,99,999.7,1007.9,,,,10,,18.4
156,堡林,2023-05-18 23:00,17.2,,2.1,70,99,999.4,1007.6,,,,9,,18.3
156,堡林,2023-05-19 00:00,16.6,,2.2,70,99,999.1,1007.3,,,,8,,17.7
156,堡林,2023-05-19 01:00,16.4,,1.3,50,99,998.6,1006.8,,,,5,,17.1
156,堡林,2023-05-19 02:00,16.1,,1.6,70,99,998.2,1006.4,,,,4,,16.2
156,堡林,2023-05-19 03:00,15.8,,2.2,70,99,997.7,1006,,,,0,,15.7
156,堡林,2023-05-19 04:00,15.4,,1.7,70,99,997.6,1005.9,,,,0,,15.2
156,堡林,2023-05-19 05:00,15.5,,.7,70,99,998.2,1006.5,,,,0,,15
156,堡林,2023-05-19 06:00,15.3,,.9,70,99,999,1007.3,0,.09,,0,,15.1
156,堡林,2023-05-19 07:00,16.9,,1.2,50,99,999.3,1007.5,.9,.61,,7,,17
156,堡林,2023-05-19 08:00,19.1,,1.2,70,90,999.8,1007.9,1,1.38,,2,,22.4
156,堡林,2023-05-19 09:00,20.4,,1.5,70,83,1000.2,1008.3,1,2.05,,0,,27.3
156,堡林,2023-05-19 10:00,21.9,,1.3,50,77,1000.4,1008.5,1,2.74,,2,,32.4
156,堡林,2023-05-19 11:00,22.9,,.9,70,65,1000.4,1008.4,1,3.22,,8,,36.2
156,堡林,2023-05-19 12:00,23.2,,1.1,340,65,1000.3,1008.3,.5,2.51,,8,,33.2
156,堡林,2023-05-19 13:00,23.8,,.6,180,63,1000.1,1008.1,.1,1.49,,9,,30.3
156,堡林,2023-05-19 14:00,24.7,,1.4,20,59,999.9,1007.8,0,1.98,,9,,30.8
156,堡林,2023-05-19 15:00,24.1,,.1,0,61,999.8,1007.8,.1,1.31,,9,,27.6
156,堡林,2023-05-19 16:00,24.9,,1.5,70,62,999.5,1007.5,.1,1.07,,9,,28.9
156,堡林,2023-05-19 17:00,24.4,,.9,70,63,999.6,1007.5,0,.95,,9,,26.9
156,堡林,2023-05-19 18:00,24.2,,.5,110,65,999.9,1007.9,.1,.56,,9,,25.1
156,堡林,2023-05-19 19:00,22.6,,2.5,180,79,1000.8,1008.8,.4,.29,,4,,22.5
156,堡林,2023-05-19 20:00,21.7,,1.8,230,81,1001.5,1009.6,0,.07,,7,,21.2
156,堡林,2023-05-19 21:00,20.9,,2.5,200,80,1002.1,1010.2,,,,3,,19.6
156,堡林,2023-05-19 22:00,20,,2.4,230,94,1002.7,1010.9,,,,5,,18.8
156,堡林,2023-05-19 23:00,19.2,,1.1,230,95,1003,1011.1,,,,3,,18
156,堡林,2023-05-20 00:00,19.1,,.3,0,97,1003.1,1011.2,,,,4,,17.9
156,堡林,2023-05-20 01:00,18.2,,.7,180,98,1002.9,1011.1,,,,0,,17
156,堡林,2023-05-20 02:00,17.7,,0,0,99,1002.7,1010.9,,,,1,,16.3
156,堡林,2023-05-20 03:00,17.5,,0,0,99,1003.1,1011.3,,,,4,,15.9
156,堡林,2023-05-20 04:00,16.9,,0,0,99,1003,1011.2,,,,0,,15.6
156,堡林,2023-05-20 05:00,17,,0,0,99,1003.4,1011.6,,,,0,,15.3
156,堡林,2023-05-20 06:00,17.2,,0,0,99,1004.4,1012.6,0,.09,,7,,16.7
156,堡林,2023-05-20 07:00,17.8,,1.3,200,99,1004.2,1012.4,.3,.5,,5,,19
156,堡林,2023-05-20 08:00,18.3,,.8,250,98,1004.8,1013,.7,1.04,,7,,21.8
156,堡林,2023-05-20 09:00,20.4,,.9,250,87,1004.7,1012.9,.8,1.84,,2,,28.3
156,堡林,2023-05-20 10:00,21.6,,.8,230,83,1004.6,1012.7,.9,2.38,,6,,30
156,堡林,2023-05-20 11:00,22.7,,1.2,230,70,1004.3,1012.4,.7,2.38,,6,,31.1
156,堡林,2023-05-20 12:00,24.6,,1.2,200,63,1003.2,1011.2,.8,3,,7,,37.2
156,堡林,2023-05-20 13:00,24.9,,2.4,230,68,1002.9,1010.9,.4,2.24,,8,,33
156,堡林,2023-05-20 14:00,25.2,,1.5,250,60,1002.8,1010.8,.7,2.71,,8,,32.4
156,堡林,2023-05-20 15:00,26.8,,0,0,52,1002.2,1010.1,1,2.93,,6,,34.5
156,堡林,2023-05-20 16:00,27.3,,1.5,270,53,1001.5,1009.4,1,2.64,,3,,34.8
156,堡林,2023-05-20 17:00,24.2,,1.7,320,69,1002.1,1010.1,.5,1.16,,9,,27.1
156,堡林,2023-05-20 18:00,22.6,,1.5,290,71,1002.3,1010.3,.8,1.07,,2,,25.1
156,堡林,2023-05-20 19:00,21.2,,.7,290,77,1002.6,1010.7,.6,.4,,1,,21.8
156,堡林,2023-05-20 20:00,19.9,,1.6,270,78,1003.1,1011.3,0,.09,,0,,19.4
156,堡林,2023-05-20 21:00,19,,1,270,86,1004.2,1012.4,,,,0,,18.2
156,堡林,2023-05-20 22:00,18.2,,.4,0,93,1004.5,1012.7,,,,2,,17.5
156,堡林,2023-05-20 23:00,17,,.9,290,98,1004.8,1013.1,,,,1,,16.8
156,堡林,2023-05-21 00:00,16.4,,.5,230,99,1004.2,1012.5,,,,5,,16.5
156,堡林,2023-05-21 01:00,16.8,,1.1,270,99,1003.9,1012.2,,,,5,,17.5
156,堡林,2023-05-21 02:00,16.8,,.2,0,98,1003.1,1011.3,,,,7,,17.8
156,堡林,2023-05-21 03:00,16.7,,.3,0,98,1002.9,1011.2,,,,9,,17.9
156,堡林,2023-05-21 04:00,16.6,,.1,0,98,1002.7,1011,,,,9,,17.9
156,堡林,2023-05-21 05:00,16.5,,.1,0,98,1002.4,1010.7,,,,9,,17.8
156,堡林,2023-05-21 06:00,16.6,,.3,0,97,1002.8,1011.1,0,.09,,9,,17.7
156,堡林,2023-05-21 07:00,16.7,,.7,320,97,1003.5,1011.8,0,.21,,9,,18.6
156,堡林,2023-05-21 08:00,16.9,,1.6,270,97,1003.8,1012,0,.34,,10,,19.5
156,堡林,2023-05-21 09:00,17.2,,.4,0,98,1003.8,1012,0,.58,,10,,22.1
156,堡林,2023-05-21 10:00,18.4,,1,230,83,1003.3,1011.5,.5,1.91,,9,,28.3
156,堡林,2023-05-21 11:00,20,,1.1,230,75,1003.1,1011.3,.7,2.93,,2,,34.4
156,堡林,2023-05-21 12:00,21.1,,2.1,270,70,1003.1,1011.2,1,3.5,,3,,38.1
156,堡林,2023-05-21 13:00,23.6,,2.1,250,67,1002.8,1010.8,1,3.69,,3,,42.2
156,堡林,2023-05-21 14:00,22.9,,1.9,230,67,1002.4,1010.4,.9,3.31,,5,,40
156,堡林,2023-05-21 15:00,23.6,,2.4,250,66,1001.9,1009.9,1,3.03,,0,,41.7
156,堡林,2023-05-21 16:00,23.3,,2.2,250,63,1001.5,1009.5,1,2.59,,0,,39
156,堡林,2023-05-21 17:00,22.8,,1.7,290,66,1001.4,1009.4,1,1.85,,0,,33.9
156,堡林,2023-05-21 18:00,20.8,,1,320,75,1001.3,1009.4,1,1.09,,1,,27.9
156,堡林,2023-05-21 19:00,18.6,,.7,290,86,1001.8,1010,.6,.41,,3,,23.4
156,堡林,2023-05-21 20:00,17.4,,.6,290,91,1002,1010.2,0,.08,,3,,20.3
156,堡林,2023-05-21 21:00,17.4,,.2,0,92,1002.1,1010.3,,,,5,,18.7
156,堡林,2023-05-21 22:00,16.8,,.6,270,95,1002.6,1010.8,,,,5,,17.6
156,堡林,2023-05-21 23:00,16.6,,0,0,95,1002.3,1010.6,,,,7,,16.8
156,堡林,2023-05-22 00:00,16.1,,0,0,97,1002,1010.3,,,,7,,16.4
156,堡林,2023-05-22 01:00,16.1,,0,0,98,1001.2,1009.5,,,,9,,16.7
156,堡林,2023-05-22 02:00,15.7,,.2,0,99,1000.9,1009.2,,,,9,,16.8
156,堡林,2023-05-22 03:00,15.8,,.2,0,99,1000.1,1008.4,,,,9,,17
156,堡林,2023-05-22 04:00,15.9,,1.2,50,85,1000,1008.3,,,,9,,16.7
156,堡林,2023-05-22 05:00,15.8,,.1,0,84,1000.3,1008.6,,,,8,,16.5
156,堡林,2023-05-22 06:00,16,,.2,0,81,1000.7,1009,0,.07,,10,,16.6
156,堡林,2023-05-22 07:00,16.2,,.3,0,85,1001.1,1009.4,0,.21,,10,,17.6
156,堡林,2023-05-22 08:00,16.3,,.1,0,85,1001.1,1009.4,0,.37,,10,,18.4
156,堡林,2023-05-22 09:00,16.4,,1.7,70,84,1000.9,1009.1,0,.54,,10,,19.4
156,堡林,2023-05-22 10:00,16.2,0,.5,70,89,1000.9,1009.2,0,.4,,10,,19.5
156,堡林,2023-05-22 11:00,16.7,0,3.2,50,83,1000.2,1008.4,0,.57,,10,,20.1
156,堡林,2023-05-22 12:00,16.8,0,.3,0,84,1001.1,1009.3,0,.63,,10,,20.8
156,堡林,2023-05-22 13:00,17.4,0,.5,180,84,1000.5,1008.7,0,.87,,10,,22.9
156,堡林,2023-05-22 14:00,18.4,0,1.4,50,71,999.5,1007.6,0,1.28,,10,,23.4
156,堡林,2023-05-22 15:00,19.2,,.8,50,67,999.2,1007.3,0,.87,,10,,24.8
156,堡林,2023-05-22 16:00,19.3,,.5,340,62,1000.1,1008.2,0,.88,,10,,23.8
156,堡林,2023-05-22 17:00,20.1,,0,0,56,999.9,1008,.3,1.19,,6,,25.1
156,堡林,2023-05-22 18:00,20.3,,.7,50,57,999.8,1007.9,1,1.21,,1,,21.9
156,堡林,2023-05-22 19:00,19,,1.4,340,71,1000.1,1008.2,.6,.43,,1,,19.2
156,堡林,2023-05-22 20:00,17.8,,.2,0,77,1000.7,1008.9,0,.09,,1,,16.8
156,堡林,2023-05-22 21:00,16.9,,.4,0,81,1001.1,1009.3,,,,3,,15.6
156,堡林,2023-05-22 22:00,15.8,,.9,250,83,1001.7,1010,,,,0,,14.8
156,堡林,2023-05-22 23:00,15.3,,0,0,88,1001.9,1010.2,,,,4,,14
156,堡林,2023-05-23 00:00,14.5,,0,0,90,1002.1,1010.4,,,,0,,13.5
156,堡林,2023-05-23 01:00,14.5,,0,0,94,1002,1010.3,,,,0,,13.1
156,堡林,2023-05-23 02:00,14.5,,0,0,97,1001.6,1009.9,,,,0,,13
156,堡林,2023-05-23 03:00,13.8,,.1,0,98,1001.3,1009.6,,,,0,,12.7
156,堡林,2023-05-23 04:00,13.4,,0,0,99,1001.4,1009.7,,,,0,,12.5
156,堡林,2023-05-23 05:00,12.8,,0,0,99,1001.6,1010,,,,0,,12.1
156,堡林,2023-05-23 06:00,12.9,,0,0,99,1002.1,1010.5,0,.1,,0,,12.5
156,堡林,2023-05-23 07:00,13.6,,0,0,99,1002.3,1010.6,.6,.49,,0,,14.4
156,堡林,2023-05-23 08:00,15.6,,0,0,95,1002.5,1010.8,1,1.16,,0,,19.9
156,堡林,2023-05-23 09:00,17.8,,.1,0,79,1002.6,1010.8,1,1.92,,0,,26.5
156,堡林,2023-05-23 10:00,20.2,,.7,360,71,1002.6,1010.8,1,2.6,,0,,32.8
156,堡林,2023-05-23 11:00,21.2,,1.2,270,60,1002.6,1010.7,1,3.15,,0,,39.3
156,堡林,2023-05-23 12:00,24.2,,1.2,50,51,1002.2,1010.2,1,3.46,,0,,44
156,堡林,2023-05-23 13:00,25.4,,1.6,360,35,1001.9,1009.9,.9,3.22,,6,,43
156,堡林,2023-05-23 14:00,25.3,,1.8,50,36,1001.5,1009.5,1,3.54,,4,,42.6
156,堡林,2023-05-23 15:00,24.5,,1.9,20,35,1001.4,1009.4,.8,2.63,,2,,37.5
156,堡林,2023-05-23 16:00,25,,1.8,340,26,1001.4,1009.4,.9,2.56,,0,,39.8
156,堡林,2023-05-23 17:00,24.5,,1.5,320,32,1001.5,1009.5,1,2.05,,0,,34.6
156,堡林,2023-05-23 18:00,23.4,,1.1,320,35,1001.8,1009.8,1,1.31,,0,,27.5
156,堡林,2023-05-23 19:00,21.7,,1.3,340,41,1002.3,1010.4,1,.45,,0,,23.2
156,堡林,2023-05-23 20:00,19.9,,.7,320,50,1003.1,1011.3,0,.09,,0,,20.3
156,堡林,2023-05-23 21:00,19,,.6,250,55,1004.2,1012.4,,,,0,,18.6
156,堡林,2023-05-23 22:00,18.4,,.5,270,60,1005.1,1013.3,,,,0,,17.5
156,堡林,2023-05-23 23:00,17.3,,1.1,200,64,1005.3,1013.5,,,,0,,16.6
156,堡林,2023-05-24 00:00,16.7,,.6,180,69,1005.8,1014.1,,,,0,,15.9
156,堡林,2023-05-24 01:00,16.3,,.8,230,76,1005.7,1014,,,,0,,15.3
156,堡林,2023-05-24 02:00,15.7,,0,0,83,1005.7,1014,,,,0,,14.8
156,堡林,2023-05-24 03:00,15.4,,0,0,84,1006,1014.3,,,,3,,14.5
156,堡林,2023-05-24 04:00,15.3,,0,0,82,1005.9,1014.2,,,,8,,14.4
156,堡林,2023-05-24 05:00,15,,0,0,87,1005.8,1014.2,,,,8,,14.4
156,堡林,2023-05-24 06:00,14.2,,0,0,92,1006,1014.3,0,.1,,8,,14.8
156,堡林,2023-05-24 07:00,15.7,,0,0,83,1006.4,1014.7,.1,.43,,9,,17
156,堡林,2023-05-24 08:00,17.1,,.2,0,79,1006.6,1014.9,.3,.85,,7,,20.9
156,堡林,2023-05-24 09:00,19.7,,.1,0,70,1007.3,1015.4,1,1.96,,5,,28.6
156,堡林,2023-05-24 10:00,21.2,,0,0,58,1007.2,1015.4,1,2.45,,5,,35.1
156,堡林,2023-05-24 11:00,22.6,,0,0,57,1007.3,1015.4,.8,2.23,,8,,33.5
156,堡林,2023-05-24 12:00,24.4,,.2,0,49,1007,1015,.7,2.4,,8,,39.5
156,堡林,2023-05-24 13:00,24,,2.2,180,47,1006.5,1014.5,.5,2.22,,9,,35.2
156,堡林,2023-05-24 14:00,23.5,,.7,200,44,1006.3,1014.3,.2,1.43,,9,,30.1
156,堡林,2023-05-24 15:00,24,,.5,140,47,1005.9,1013.9,.2,1.49,,9,,32.9
156,堡林,2023-05-24 16:00,24.2,,1.5,200,42,1006.2,1014.2,.4,1.83,,8,,33.7
156,堡林,2023-05-24 17:00,23.9,,2.5,200,41,1006.3,1014.3,.1,1.3,,9,,31.4
156,堡林,2023-05-24 18:00,23.6,,1.8,200,39,1006.2,1014.2,.9,1.11,,5,,26.4
156,堡林,2023-05-24 19:00,21.7,,2.4,250,56,1006.8,1014.9,0,.25,,10,,23.3
156,堡林,2023-05-24 20:00,20.9,,1.4,250,60,1007.1,1015.3,0,.07,,6,,21.3
156,堡林,2023-05-24 21:00,20.1,,1.9,270,59,1008,1016.2,,,,9,,20.5
156,堡林,2023-05-24 22:00,19.9,,.4,0,51,1008.5,1016.7,,,,10,,19.7
156,堡林,2023-05-24 23:00,19.5,,0,0,44,1008.9,1017.1,,,,10,,19
156,堡林,2023-05-25 00:00,18.9,,0,0,52,1008.9,1017.1,,,,10,,18.7
156,堡林,2023-05-25 01:00,18.9,,.5,230,54,1008.7,1016.9,,,,10,,18.7
156,堡林,2023-05-25 02:00,18.5,,0,0,57,1008.5,1016.7,,,,10,,18.3
156,堡林,2023-05-25 03:00,18.1,,0,0,56,1008,1016.2,,,,8,,18
156,堡林,2023-05-25 04:00,17.8,,.8,50,59,1007.9,1016.1,,,,10,,17.8
156,堡林,2023-05-25 05:00,17.2,,.7,50,62,1008.1,1016.4,,,,10,,17.5
156,堡林,2023-05-25 06:00,17,,.3,0,66,1008.3,1016.6,0,.09,,8,,17.5
156,堡林,2023-05-25 07:00,17.7,,1.3,70,65,1009.1,1017.4,0,.26,,10,,18.7
156,堡林,2023-05-25 08:00,19.6,,0,0,60,1009.7,1017.9,.2,.83,,9,,22.2
156,堡林,2023-05-25 09:00,21.6,,.8,70,55,1009.3,1017.4,1,1.98,,0,,28.3
156,堡林,2023-05-25 10:00,24,,1.3,70,46,1008.7,1016.7,1,2.67,,0,,34.8
156,堡林,2023-05-25 11:00,25,,0,0,44,1008.4,1016.5,1,3.22,,0,,40
156,堡林,2023-05-25 12:00,26.2,,3,200,39,1007.9,1015.9,.9,3.08,,4,,42.8
156,堡林,2023-05-25 13:00,26.2,,1.4,160,41,1008,1016,.8,3.09,,6,,43
156,堡林,2023-05-25 14:00,23.7,,2.8,180,46,1007.7,1015.7,0,.75,,9,,31
156,堡林,2023-05-25 15:00,25.5,,.9,230,46,1007.7,1015.7,.2,1.46,,7,,35.3
156,堡林,2023-05-25 16:00,24.8,,.6,250,41,1007.4,1015.4,.3,1.41,,7,,32.7
156,堡林,2023-05-25 17:00,22.9,,.8,340,52,1007.2,1015.3,.1,.73,,8,,29.4
156,堡林,2023-05-25 18:00,22.3,,.4,0,55,1007.1,1015.2,0,.58,,9,,26.8
156,堡林,2023-05-25 19:00,21.9,,.8,320,54,1008.8,1016.9,.1,.35,,9,,24.9
156,堡林,2023-05-25 20:00,20.6,,0,0,58,1008.4,1016.6,0,.09,,7,,21.4
156,堡林,2023-05-25 21:00,20.3,,1.8,200,51,1008.3,1016.5,,,,9,,20.5
156,堡林,2023-05-25 22:00,19.4,,1.1,200,55,1008.9,1017.1,,,,7,,18.8
156,堡林,2023-05-25 23:00,19,,.4,0,61,1009.5,1017.7,,,,10,,19
156,堡林,2023-05-26 00:00,18.7,,.6,200,59,1008.9,1017.1,,,,9,,18.5
156,堡林,2023-05-26 01:00,18.5,,0,0,58,1009,1017.2,,,,8,,18.1
156,堡林,2023-05-26 02:00,18.9,,0,0,60,1009.3,1017.5,,,,8,,18.8
156,堡林,2023-05-26 03:00,18.2,,0,0,65,1009.9,1018.1,,,,8,,18.5
156,堡林,2023-05-26 04:00,17.7,,0,0,66,1009.8,1018.1,,,,7,,18
156,堡林,2023-05-26 05:00,18,,0,0,64,1009.9,1018.1,,,,8,,18
156,堡林,2023-05-26 06:00,18,,0,0,68,1010,1018.2,0,.09,,9,,18.5
156,堡林,2023-05-26 07:00,18.4,,.6,70,71,1010.7,1018.9,0,.31,,9,,19.8
156,堡林,2023-05-26 08:00,19.5,,0,0,70,1010.7,1018.9,.1,.72,,6,,22.7
156,堡林,2023-05-26 09:00,20.9,,0,0,70,1010.8,1019,.7,1.37,,4,,26.8
156,堡林,2023-05-26 10:00,23.2,,0,0,61,1010.8,1018.9,.8,2.34,,6,,34.3
156,堡林,2023-05-26 11:00,23.1,,.1,0,59,1010.8,1018.9,.4,2.06,,9,,32.8
156,堡林,2023-05-26 12:00,24,,.2,0,57,1010.6,1018.6,.5,2.42,,9,,36.1
156,堡林,2023-05-26 13:00,25,,.1,0,55,1010.5,1018.6,.3,2.21,,10,,37.6
156,堡林,2023-05-26 14:00,24,,.8,230,61,1010.1,1018.1,0,.82,,10,,31
156,堡林,2023-05-26 15:00,23.4,,1.1,70,65,1009.7,1017.8,0,.59,,10,,28.4
156,堡林,2023-05-26 16:00,23.1,0,1.3,50,67,1009.8,1017.9,0,.44,,10,,27.1
156,堡林,2023-05-26 17:00,23,0,1.2,70,68,1010.1,1018.2,0,.44,,10,,26.2
156,堡林,2023-05-26 18:00,23,0,1.6,200,70,1010.2,1018.3,0,.36,,10,,25.3
156,堡林,2023-05-26 19:00,22.5,,2.2,200,76,1010,1018.1,0,.16,,10,,23.7
156,堡林,2023-05-26 20:00,21.9,,1.1,180,80,1010.3,1018.4,0,.07,,10,,22.4
156,堡林,2023-05-26 21:00,21.8,,3,180,79,1010.5,1018.7,,,,10,,21.7
156,堡林,2023-05-26 22:00,21.8,,1.5,160,78,1010.8,1019,,,,10,,21.3
156,堡林,2023-05-26 23:00,21.5,,2,200,77,1010.8,1019,,,,8,,20.7
156,堡林,2023-05-27 00:00,21.5,,0,0,83,1010.8,1019,,,,9,,21.2
156,堡林,2023-05-27 01:00,21.4,,0,0,88,1010.4,1018.6,,,,9,,21
156,堡林,2023-05-27 02:00,21.2,,1,230,95,1010.2,1018.4,,,,9,,20.7
156,堡林,2023-05-27 03:00,21.3,,.2,0,95,1010,1018.2,,,,10,,20.8
156,堡林,2023-05-27 04:00,21.1,,.1,0,94,1009.9,1018.1,,,,9,,20.6
156,堡林,2023-05-27 05:00,21.5,,1.9,180,95,1010.2,1018.4,,,,10,,20.6
156,堡林,2023-05-27 06:00,21.7,,2.4,200,91,1010.3,1018.5,0,.07,,10,,20.7
156,堡林,2023-05-27 07:00,21.7,,2.1,180,87,1010.4,1018.6,0,.12,,10,,21
156,堡林,2023-05-27 08:00,22.2,,2,180,86,1010.4,1018.5,0,.35,,10,,22.8
156,堡林,2023-05-27 09:00,23,,1.9,180,84,1010.6,1018.7,0,.86,,10,,25.9
156,堡林,2023-05-27 10:00,22.7,,2.5,180,91,1010.5,1018.6,0,.94,,10,,27.3
156,堡林,2023-05-27 11:00,23,,3,200,87,1010.5,1018.6,0,1.12,,10,,27.2
156,堡林,2023-05-27 12:00,23.6,0,2,180,81,1010.3,1018.4,0,.8,,10,,28
156,堡林,2023-05-27 13:00,25.7,,3.5,200,74,1009.4,1017.4,.2,1.95,,9,,33.8
156,堡林,2023-05-27 14:00,27.2,,4,200,59,1008.7,1016.7,.7,3.12,,6,,42.7
156,堡林,2023-05-27 15:00,25.2,,4.7,180,60,1008.3,1016.4,.4,1.96,,7,,35.9
156,堡林,2023-05-27 16:00,24.8,,4.4,180,63,1008.1,1016.1,.7,2.1,,7,,36
156,堡林,2023-05-27 17:00,24.1,,5.1,200,67,1008.2,1016.2,.2,1.09,,8,,32.3
156,堡林,2023-05-27 18:00,23.2,,4.6,200,74,1008,1016.1,.1,.75,,8,,29.8
156,堡林,2023-05-27 19:00,22.5,,3.7,200,80,1008.3,1016.4,0,.24,,10,,26.3
156,堡林,2023-05-27 20:00,22.2,,2.6,200,81,1008.1,1016.2,0,.06,,9,,24.4
156,堡林,2023-05-27 21:00,21.9,,2.9,200,84,1008.4,1016.5,,,,8,,23.3
156,堡林,2023-05-27 22:00,21.7,,2.2,180,87,1008.4,1016.5,,,,7,,21.9
156,堡林,2023-05-27 23:00,22,,2.8,180,83,1008,1016.1,,,,7,,22.2
156,堡林,2023-05-28 00:00,22,,2.5,200,86,1008,1016.1,,,,10,,22.2
156,堡林,2023-05-28 01:00,21.6,0,3.5,200,90,1007.8,1015.9,,,,10,,21.7
156,堡林,2023-05-28 02:00,21.5,0,2.1,180,92,1007,1015.1,,,,10,,21.3
156,堡林,2023-05-28 03:00,21.5,0,2.2,180,92,1006.6,1014.7,,,,10,,21.3
156,堡林,2023-05-28 04:00,21.1,0,2,180,98,1006.3,1014.4,,,,10,,21.1
156,堡林,2023-05-28 05:00,21.2,0,1.7,200,98,1006.1,1014.2,,,,10,,20.9
156,堡林,2023-05-28 06:00,20.2,.3,.3,0,99,1006.1,1014.3,0,.07,,10,,20.9
156,堡林,2023-05-28 07:00,20.6,0,1.7,200,99,1006.3,1014.5,0,.12,,10,,21.4
156,堡林,2023-05-28 08:00,20.6,.3,0,0,99,1006.4,1014.6,0,.18,,10,,21.7
156,堡林,2023-05-28 09:00,21.4,0,.6,200,99,1006.3,1014.4,0,.29,,10,,22.9
156,堡林,2023-05-28 10:00,21.6,.1,1.2,230,99,1006.3,1014.4,0,.38,,10,,23.7
156,堡林,2023-05-28 11:00,21.5,.1,2.1,200,99,1006.4,1014.5,0,.41,,10,,23.9
156,堡林,2023-05-28 12:00,22.8,0,1.1,180,99,1005.8,1013.9,0,.75,,10,,26
156,堡林,2023-05-28 13:00,23.7,0,1.1,200,99,1005.3,1013.3,0,.94,,10,,27
156,堡林,2023-05-28 14:00,24.6,,2.5,230,99,1004.8,1012.8,0,.77,,9,,27.3
156,堡林,2023-05-28 15:00,26.3,,2.4,230,94,1004.5,1012.5,.1,1.54,,8,,30.6
156,堡林,2023-05-28 16:00,25.5,,3.3,250,89,1004.1,1012.1,0,1.31,,9,,29.8
156,堡林,2023-05-28 17:00,25.5,,3.8,230,89,1003.9,1011.9,.4,1.43,,8,,29.8
156,堡林,2023-05-28 18:00,24.3,,2.6,250,96,1003.9,1011.9,0,.57,,7,,26.8
156,堡林,2023-05-28 19:00,23.5,0,2.4,230,99,1004.3,1012.3,0,.16,,10,,24.7
156,堡林,2023-05-28 20:00,23,,1.4,250,99,1004.5,1012.5,0,.08,,9,,23.7
156,堡林,2023-05-28 21:00,22.5,0,1.7,270,99,1004.7,1012.8,,,,10,,23.2
156,堡林,2023-05-28 22:00,22.1,.1,1.2,250,99,1005,1013.1,,,,10,,22.9
156,堡林,2023-05-28 23:00,22.2,0,0,0,99,1004.5,1012.6,,,,10,,22.8
156,堡林,2023-05-29 00:00,22.2,.4,1,250,99,1004.3,1012.4,,,,10,,22.6
156,堡林,2023-05-29 01:00,21.9,10.3,2.4,230,99,1004.2,1012.3,,,,10,,22
156,堡林,2023-05-29 02:00,21.9,3.7,3.5,230,99,1002.8,1010.9,,,,10,,22.2
156,堡林,2023-05-29 03:00,21.9,1,4.7,230,99,1002.4,1010.5,,,,10,,22.2
156,堡林,2023-05-29 04:00,21.8,.2,3.2,230,99,1002.1,1010.2,,,,10,,22.2
156,堡林,2023-05-29 05:00,21.5,5,3.5,230,99,1002.2,1010.3,,,,10,,21.8
156,堡林,2023-05-29 06:00,21.3,.4,4.4,230,99,1002.2,1010.3,0,.06,,10,,21.8
156,堡林,2023-05-29 07:00,21.3,1.6,2.5,230,99,1002.5,1010.6,0,.09,,10,,21.9
156,堡林,2023-05-29 08:00,21.2,1.1,1.9,230,99,1002.7,1010.8,0,.12,,10,,22.2
156,堡林,2023-05-29 09:00,21.3,.4,1.6,230,99,1002.2,1010.3,0,.19,,10,,22.5
156,堡林,2023-05-29 10:00,21.3,1.2,.8,230,99,1002.3,1010.4,0,.19,,10,,22.6
156,堡林,2023-05-29 11:00,21.4,4,.7,250,99,1002.7,1010.8,0,.22,,10,,22.6
156,堡林,2023-05-29 12:00,21,8.6,.6,270,99,1002.6,1010.7,0,.25,,10,,22.6
156,堡林,2023-05-29 13:00,21.3,3.6,.5,200,99,1002.2,1010.3,0,.33,,10,,23
156,堡林,2023-05-29 14:00,21.4,2.3,.7,250,99,1002,1010.1,0,.34,,10,,23.5
156,堡林,2023-05-29 15:00,21.3,0,1.2,230,99,1001.9,1010,0,.41,,10,,23.7
156,堡林,2023-05-29 16:00,21.1,.1,.7,230,99,1001.4,1009.5,0,.28,,10,,23.1
156,堡林,2023-05-29 17:00,21.6,.1,.9,250,99,1001.8,1009.9,0,.41,,10,,23.7
156,堡林,2023-05-29 18:00,21.3,,.8,230,99,1001.5,1009.6,0,.24,,10,,23.3
156,堡林,2023-05-29 19:00,21.3,,.3,0,99,1002.1,1010.2,0,.16,,9,,22.8
156,堡林,2023-05-29 20:00,21.1,,.2,0,99,1002.7,1010.8,0,.08,,9,,22.3
156,堡林,2023-05-29 21:00,20.9,0,0,0,99,1002.8,1010.9,,,,10,,21.9
156,堡林,2023-05-29 22:00,20.8,0,0,0,99,1002.8,1010.9,,,,10,,21.7
156,堡林,2023-05-29 23:00,20.9,.1,0,0,99,1002.8,1010.9,,,,10,,21.7
156,堡林,2023-05-30 00:00,20.8,0,0,0,99,1002.6,1010.7,,,,10,,21.6
156,堡林,2023-05-30 01:00,20.8,.1,0,0,99,1002.5,1010.6,,,,10,,21.6
156,堡林,2023-05-30 02:00,20.8,.3,0,0,99,1002.2,1010.3,,,,10,,21.5
156,堡林,2023-05-30 03:00,20.8,.6,0,0,99,1001.9,1010,,,,10,,21.5
156,堡林,2023-05-30 04:00,20.8,1.6,0,0,99,1001.7,1009.8,,,,10,,21.4
156,堡林,2023-05-30 05:00,20.5,.4,0,0,99,1001.8,1009.9,,,,10,,21.3
156,堡林,2023-05-30 06:00,20.7,.5,0,0,99,1001.9,1010,0,.08,,10,,21.4
156,堡林,2023-05-30 07:00,20.4,.2,0,0,99,1002.1,1010.2,0,.12,,10,,21.6
156,堡林,2023-05-30 08:00,20.7,.3,0,0,99,1002.2,1010.3,0,.3,,10,,22.6
156,堡林,2023-05-30 09:00,21.2,.1,0,0,99,1002,1010.1,0,.57,,10,,24.2
156,堡林,2023-05-30 10:00,22.3,0,0,0,99,1002,1010.1,0,.97,,9,,26.4
156,堡林,2023-05-30 11:00,23.1,,.1,0,99,1001.6,1009.6,0,1.23,,10,,27.7
156,堡林,2023-05-30 12:00,22.4,,1.4,180,99,1001.6,1009.7,0,.63,,10,,26.2
156,堡林,2023-05-30 13:00,23.4,,.3,0,98,1001.4,1009.4,0,.91,,10,,26.8
156,堡林,2023-05-30 14:00,22.7,,2.9,180,97,1001.4,1009.4,0,.76,,10,,26.4
156,堡林,2023-05-30 15:00,22.8,,3.1,200,94,1001.1,1009.1,0,1.33,,10,,27.3
156,堡林,2023-05-30 16:00,22.6,,2.5,180,94,1000.7,1008.7,0,.9,,10,,26.1
156,堡林,2023-05-30 17:00,22.5,0,.9,200,97,1000.7,1008.7,0,.54,,10,,25.1
156,堡林,2023-05-30 18:00,22.5,0,2.5,200,98,1000.8,1008.8,0,.55,,9,,25.2
156,堡林,2023-05-30 19:00,22,0,.4,0,98,1001.2,1009.3,0,.29,,10,,23.7
156,堡林,2023-05-30 20:00,21.2,,.7,200,98,1001.6,1009.7,0,.07,,10,,22.5
156,堡林,2023-05-30 21:00,21,,.1,0,98,1001.9,1010,,,,9,,21.8
156,堡林,2023-05-30 22:00,20.8,,.4,0,98,1002,1010.1,,,,0,,21.5
156,堡林,2023-05-30 23:00,20.5,0,.6,250,98,1002.4,1010.5,,,,10,,21.2
156,堡林,2023-05-31 00:00,20.1,0,0,0,99,1002.3,1010.5,,,,10,,20.9
156,堡林,2023-05-31 01:00,19.4,.2,.1,0,99,1002.2,1010.3,,,,10,,20.7
156,堡林,2023-05-31 02:00,18.7,.9,.1,0,99,1001.9,1010,,,,10,,20.3
156,堡林,2023-05-31 03:00,18.9,.2,.1,0,99,1001.6,1009.7,,,,10,,20.1
156,堡林,2023-05-31 04:00,18.7,0,0,0,99,1001.8,1009.9,,,,10,,20
156,堡林,2023-05-31 05:00,18.6,0,.6,50,99,1002,1010.2,,,,9,,19.7
156,堡林,2023-05-31 06:00,18.5,,.9,50,99,1002.4,1010.6,.1,.12,,9,,19.6
156,堡林,2023-05-31 07:00,18.8,,.9,50,99,1002.5,1010.6,.9,.62,,2,,20
156,堡林,2023-05-31 08:00,20.7,,1.6,50,99,1003.2,1011.3,1,1.33,,1,,23.3
156,堡林,2023-05-31 09:00,22.5,,1.8,70,93,1003.8,1011.9,.9,1.93,,3,,27.1
156,堡林,2023-05-31 10:00,23.2,,1.4,20,75,1003.4,1011.4,.9,2.15,,2,,29.6
156,堡林,2023-05-31 11:00,25.3,,2,70,60,1003.1,1011.1,.9,2.72,,1,,33.9
156,堡林,2023-05-31 12:00,26.2,,1.4,140,54,1002.7,1010.7,1,3.52,,1,,36.4
156,堡林,2023-05-31 13:00,27.4,,.8,200,45,1002.3,1010.2,1,3.63,,0,,37.4
156,堡林,2023-05-31 14:00,28,,2.3,90,45,1001.7,1009.6,1,3.56,,0,,37.3
156,堡林,2023-05-31 15:00,28.1,,1.7,70,42,1001,1008.9,1,3.23,,0,,36.6
156,堡林,2023-05-31 16:00,27.7,,1.3,200,43,1000.7,1008.6,1,2.71,,0,,34.6
156,堡林,2023-05-31 17:00,27.8,,1,140,42,1000.7,1008.6,1,2.05,,0,,31.2
156,堡林,2023-05-31 18:00,26.7,,3,200,49,1000.5,1008.4,1,1.34,,1,,27.3
156,堡林,2023-05-31 19:00,24.8,,3.5,200,51,1000.9,1008.8,.7,.53,,6,,24.1
156,堡林,2023-05-31 20:00,23.4,,2.5,200,55,1001.4,1009.4,.1,.1,,3,,22
156,堡林,2023-05-31 21:00,22.1,,1.9,230,61,1002.4,1010.5,,,,6,,20.8
156,堡林,2023-05-31 22:00,21.6,,.5,270,61,1003,1011.1,,,,4,,20
156,堡林,2023-05-31 23:00,20.9,,0,0,65,1003,1011.1,,,,4,,19.4
156,堡林,2023-06-01 00:00,20.4,,0,0,68,1002.9,1011.1,,,,5,,18.9
156,堡林,2023-06-01 01:00,19.3,,0,0,79,1002.1,1010.2,,,,7,,18.5
156,堡林,2023-06-01 02:00,19.4,,0,0,78,1001.2,1009.3,,,,9,,18.9
156,堡林,2023-06-01 03:00,18.8,,.1,0,70,1000.6,1008.7,,,,5,,18.1
156,堡林,2023-06-01 04:00,18,,.4,0,80,1000.1,1008.3,,,,4,,17.6
156,堡林,2023-06-01 05:00,18.2,,0,0,82,999.7,1007.9,,,,8,,17.8
156,堡林,2023-06-01 06:00,18.3,,1,70,80,1000.3,1008.5,0,.07,,9,,18.7
156,堡林,2023-06-01 07:00,18.8,0,0,0,75,1000.4,1008.5,0,.2,,10,,19.6
156,堡林,2023-06-01 08:00,18.9,0,1.6,50,79,1000.8,1008.9,0,.25,,10,,20.2
156,堡林,2023-06-01 09:00,18.5,0,.6,70,86,1001,1009.2,0,.24,,10,,20.2
156,堡林,2023-06-01 10:00,20.9,0,0,0,75,1000.1,1008.2,0,1.11,,10,,24.5
156,堡林,2023-06-01 11:00,18.6,.5,.7,20,97,1000.8,1008.9,0,.59,,10,,22.6
156,堡林,2023-06-01 12:00,18.1,6,1,90,99,999.7,1007.9,0,.61,,10,,22.7
156,堡林,2023-06-01 13:00,18.6,.1,1.5,50,99,999.4,1007.5,0,.59,,10,,22.6
156,堡林,2023-06-01 14:00,18.9,0,1.2,70,99,998.7,1006.8,0,.45,,10,,22.6
156,堡林,2023-06-01 15:00,19.4,0,1.1,70,99,997.8,1005.9,0,.6,,10,,23.4
156,堡林,2023-06-01 16:00,19.3,3.8,1.2,70,99,997.1,1005.2,0,.4,,10,,22.8
156,堡林,2023-06-01 17:00,19.7,0,.8,90,99,996.9,1005,0,.49,,10,,23
156,堡林,2023-06-01 18:00,20,,.2,0,99,996.4,1004.5,0,.27,,10,,22.7
156,堡林,2023-06-01 19:00,19.9,,0,0,99,996.6,1004.7,0,.18,,7,,22.2
156,堡林,2023-06-01 20:00,19.6,,.8,70,99,996.4,1004.5,0,.08,,7,,21.4
156,堡林,2023-06-01 21:00,19.6,,.3,0,99,996.6,1004.7,,,,9,,21.1
156,堡林,2023-06-01 22:00,19.5,,0,0,99,996.6,1004.7,,,,7,,21
156,堡林,2023-06-01 23:00,19.6,0,.7,50,99,996.4,1004.5,,,,10,,21
156,堡林,2023-06-02 00:00,19.6,0,.3,0,99,996,1004.1,,,,10,,20.9
156,堡林,2023-06-02 01:00,19.6,.7,.4,0,99,995.8,1003.9,,,,10,,20.8
156,堡林,2023-06-02 02:00,19.5,2.6,.5,50,99,995.3,1003.4,,,,10,,20.6
156,堡林,2023-06-02 03:00,19.5,.1,.6,50,99,994.7,1002.8,,,,10,,20.7
156,堡林,2023-06-02 04:00,19.4,.1,.6,70,99,994.2,1002.3,,,,10,,20.7
156,堡林,2023-06-02 05:00,19.5,,.5,70,99,993.9,1001.9,,,,8,,20.6
156,堡林,2023-06-02 06:00,19.6,,1,50,99,994,1002,0,.08,,7,,20.7
156,堡林,2023-06-02 07:00,20.6,,1.3,50,99,994.1,1002.2,.7,.68,,9,,22.2
156,堡林,2023-06-02 08:00,21.3,,2.3,70,99,993.9,1001.9,.4,1.06,,9,,25.1
156,堡林,2023-06-02 09:00,21.9,,2.1,70,98,993.5,1001.5,.6,1.52,,1,,27.5
156,堡林,2023-06-02 10:00,23.3,,2.1,50,88,993.7,1001.6,.9,2.55,,1,,30.9
156,堡林,2023-06-02 11:00,24.9,,1.6,20,78,993.8,1001.7,1,3.16,,0,,34.4
156,堡林,2023-06-02 12:00,26.5,,1.6,360,69,993.4,1001.3,1,3.53,,0,,36.8
156,堡林,2023-06-02 13:00,27.6,,2.2,340,58,993.6,1001.4,1,3.66,,1,,37.3
156,堡林,2023-06-02 14:00,27.1,,1.9,360,58,993.7,1001.6,1,3.34,,1,,35.8
156,堡林,2023-06-02 15:00,27.2,,1.8,360,55,993.8,1001.7,1,3.22,,0,,35.8
156,堡林,2023-06-02 16:00,27.1,,1.8,320,52,993.8,1001.7,1,2.69,,6,,33.8
156,堡林,2023-06-02 17:00,26.8,,1,360,56,993.9,1001.8,1,1.63,,6,,30.7
156,堡林,2023-06-02 18:00,24.9,,1.5,320,69,994.2,1002.2,1,1.28,,5,,27.9
156,堡林,2023-06-02 19:00,22.7,,1.3,320,80,994.9,1002.9,.7,.57,,0,,24.3
156,堡林,2023-06-02 20:00,21,,1.3,320,84,996.1,1004.2,.1,.09,,2,,21.8
156,堡林,2023-06-02 21:00,19.7,,2.5,320,86,996.9,1005,,,,5,,20.2
156,堡林,2023-06-02 22:00,19,,.9,320,94,997.9,1006,,,,7,,19.5
156,堡林,2023-06-02 23:00,18.5,,.5,340,97,998,1006.1,,,,6,,18.9
156,堡林,2023-06-03 00:00,18.2,,.5,340,98,998.1,1006.2,,,,4,,18.7
156,堡林,2023-06-03 01:00,17.9,,.4,0,98,998.1,1006.3,,,,6,,18.2
156,堡林,2023-06-03 02:00,17.4,,.3,0,99,998.2,1006.4,,,,1,,17.5
156,堡林,2023-06-03 03:00,17.1,,.6,20,99,998.4,1006.6,,,,0,,17.1
156,堡林,2023-06-03 04:00,16.5,,.2,0,99,998.7,1006.9,,,,0,,16.6
156,堡林,2023-06-03 05:00,16.3,,0,0,99,999,1007.2,,,,0,,16.3
156,堡林,2023-06-03 06:00,16.4,,0,0,99,999.6,1007.8,0,.12,,0,,16.4
156,堡林,2023-06-03 07:00,17.1,,0,0,99,1000.5,1008.7,1,.58,,0,,17.5
156,堡林,2023-06-03 08:00,19.2,,0,0,92,1000.8,1008.9,1,1.3,,0,,22.3
156,堡林,2023-06-03 09:00,20.6,,.5,360,83,1001.3,1009.4,1,2.04,,0,,27.2
156,堡林,2023-06-03 10:00,22.5,,.7,250,75,1001.7,1009.7,1,2.66,,0,,31.1
156,堡林,2023-06-03 11:00,24.8,,1.3,110,64,1001.7,1009.6,1,3.09,,0,,34.2
156,堡林,2023-06-03 12:00,25.6,,1.8,20,56,1001.2,1009.2,.9,3.3,,3,,35.3
156,堡林,2023-06-03 13:00,27.3,,3.9,50,41,1000.8,1008.7,.9,3.57,,1,,37.3
156,堡林,2023-06-03 14:00,27.9,,4.1,50,34,1000.5,1008.4,1,3.71,,0,,37.1
156,堡林,2023-06-03 15:00,28,,3.5,70,38,1000.2,1008.1,1,3.33,,0,,37.1
156,堡林,2023-06-03 16:00,27.1,,1.6,20,48,1000.6,1008.5,1,2.66,,0,,35.4
156,堡林,2023-06-03 17:00,26.4,,1.9,20,47,1001,1009,1,2.08,,0,,32.3
156,堡林,2023-06-03 18:00,25.9,,1.6,20,40,1001.4,1009.4,1,1.34,,0,,28.5
156,堡林,2023-06-03 19:00,24.8,,0,0,34,1002,1009.9,.6,.62,,0,,24.6
156,堡林,2023-06-03 20:00,22.8,,.9,50,39,1002.6,1010.6,.2,.11,,0,,21.7
156,堡林,2023-06-03 21:00,22.5,,.4,0,40,1003.2,1011.3,,,,4,,20.1
156,堡林,2023-06-03 22:00,21.6,,0,0,43,1003.4,1011.5,,,,4,,19.1
156,堡林,2023-06-03 23:00,21.4,,.1,0,45,1003.7,1011.8,,,,5,,18.6
156,堡林,2023-06-04 00:00,19.8,,0,0,54,1003.7,1011.8,,,,7,,18.4
156,堡林,2023-06-04 01:00,19.2,,0,0,57,1003.6,1011.7,,,,8,,18.1
156,堡林,2023-06-04 02:00,18.8,,0,0,61,1003.5,1011.7,,,,6,,17.4
156,堡林,2023-06-04 03:00,18,,0,0,65,1003.7,1011.9,,,,3,,16.8
156,堡林,2023-06-04 04:00,17.7,,0,0,72,1004.1,1012.3,,,,3,,16.6
156,堡林,2023-06-04 05:00,17.3,,.7,250,76,1004.5,1012.7,,,,7,,16.5
156,堡林,2023-06-04 06:00,17.3,,.7,230,79,1004.6,1012.8,0,.09,,9,,17.1
156,堡林,2023-06-04 07:00,17.9,,.3,0,87,1005.1,1013.3,0,.28,,9,,18.5
156,堡林,2023-06-04 08:00,18.7,,.6,250,86,1005.2,1013.4,0,.75,,9,,21.1
156,堡林,2023-06-04 09:00,20.9,,1,230,76,1005.1,1013.2,.7,1.5,,5,,25.7
156,堡林,2023-06-04 10:00,21.9,,1.1,270,62,1004.8,1012.9,1,2.5,,7,,30.8
156,堡林,2023-06-04 11:00,23.5,,1.6,270,56,1004.6,1012.6,1,2.74,,7,,33.8
156,堡林,2023-06-04 12:00,25.8,,2.3,230,48,1004.5,1012.5,1,3.27,,8,,38.2
156,堡林,2023-06-04 13:00,28,,1.2,270,45,1004.2,1012.1,1,3.44,,7,,40.2
156,堡林,2023-06-04 14:00,26.7,,1.7,340,38,1003.8,1011.8,.8,2.56,,7,,37.5
156,堡林,2023-06-04 15:00,27.7,,2.4,20,34,1003.3,1011.2,.8,2.46,,8,,37.2
156,堡林,2023-06-04 16:00,26.8,,1.1,320,39,1003.1,1011.1,1,2.47,,4,,36.6
156,堡林,2023-06-04 17:00,27.1,,.6,340,38,1002.5,1010.4,1,2.12,,2,,34.6
156,堡林,2023-06-04 18:00,26.3,,1.2,290,39,1002.7,1010.7,1,1.1,,3,,30.2
156,堡林,2023-06-04 19:00,24.8,,.9,270,46,1003.1,1011.1,.5,.48,,3,,26.3
156,堡林,2023-06-04 20:00,24,,1.1,250,52,1003.6,1011.6,0,.09,,7,,24
156,堡林,2023-06-04 21:00,22.7,,1,250,45,1004,1012.1,,,,8,,22.7
156,堡林,2023-06-04 22:00,22.6,,1,250,49,1004.5,1012.6,,,,8,,21.5
156,堡林,2023-06-04 23:00,21.7,,1.3,250,59,1004.8,1012.9,,,,10,,21.2
156,堡林,2023-06-05 00:00,20.4,,.8,230,76,1004.6,1012.8,,,,9,,20.9
156,堡林,2023-06-05 01:00,19.9,,1.7,230,76,1004.7,1012.9,,,,10,,20.4
156,堡林,2023-06-05 02:00,19.5,,1.2,250,84,1004.3,1012.4,,,,10,,20
156,堡林,2023-06-05 03:00,19.2,,.7,250,89,1004.4,1012.5,,,,9,,19.9
156,堡林,2023-06-05 04:00,19.3,,.8,230,92,1004.6,1012.7,,,,9,,19.7
156,堡林,2023-06-05 05:00,19,,.7,230,96,1004.8,1013,,,,9,,19.6
156,堡林,2023-06-05 06:00,19.2,,0,0,97,1004.9,1013,0,.11,,9,,19.8
156,堡林,2023-06-05 07:00,19.3,,1.3,230,97,1005.4,1013.5,0,.26,,9,,20.5
156,堡林,2023-06-05 08:00,19.9,,1.2,230,96,1005.8,1014,0,.39,,9,,21.6
156,堡林,2023-06-05 09:00,20.1,,1,270,94,1006.2,1014.4,0,.55,,9,,22.7
156,堡林,2023-06-05 10:00,21.4,,0,0,73,1006,1014.1,0,1.07,,9,,26.1
156,堡林,2023-06-05 11:00,23.3,,.7,360,63,1005.7,1013.7,.2,1.92,,9,,31.1
156,堡林,2023-06-05 12:00,23.3,,1.6,50,55,1005.5,1013.5,.1,1.87,,9,,30.7
156,堡林,2023-06-05 13:00,23.5,,.9,20,57,1005.1,1013.1,0,1.43,,9,,30.4
156,堡林,2023-06-05 14:00,24.2,,1.4,320,57,1004.4,1012.4,0,1.52,,9,,31.4
156,堡林,2023-06-05 15:00,24,,1,270,58,1003.9,1011.9,0,2.03,,9,,33.7
156,堡林,2023-06-05 16:00,24.4,,.9,360,57,1003.4,1011.4,.3,1.73,,8,,33
156,堡林,2023-06-05 17:00,24.8,,1.1,360,55,1003.1,1011.1,1,2,,7,,32.9
156,堡林,2023-06-05 18:00,24.2,,1.2,270,57,1002.9,1010.9,1,1.2,,6,,29.6
156,堡林,2023-06-05 19:00,23.1,,1,340,61,1003,1011,.5,.52,,6,,26
156,堡林,2023-06-05 20:00,21.4,,.8,290,67,1003.1,1011.2,.1,.11,,5,,23.1
156,堡林,2023-06-05 21:00,20.3,,.5,290,74,1003.5,1011.7,,,,4,,21.4
156,堡林,2023-06-05 22:00,20.3,,.6,250,73,1003.7,1011.9,,,,7,,20.7
156,堡林,2023-06-05 23:00,19.8,,.1,0,74,1003.5,1011.6,,,,7,,20.1
156,堡林,2023-06-06 00:00,19.3,,0,0,78,1003.3,1011.4,,,,8,,19.6
156,堡林,2023-06-06 01:00,19.1,,0,0,81,1002.7,1010.8,,,,9,,19.2
156,堡林,2023-06-06 02:00,18.4,,.7,230,90,1002.2,1010.4,,,,9,,18.8
156,堡林,2023-06-06 03:00,17.9,,.5,200,89,1001.5,1009.7,,,,9,,18.7
156,堡林,2023-06-06 04:00,18,,0,0,86,1000.9,1009.1,,,,8,,18.7
156,堡林,2023-06-06 05:00,17.9,,0,0,94,1000.8,1009,,,,9,,18.7
156,堡林,2023-06-06 06:00,17.8,,0,0,95,1000.8,1009,0,.08,,9,,18.8
156,堡林,2023-06-06 07:00,18.1,,0,0,94,1000.6,1008.8,0,.28,,8,,19.8
156,堡林,2023-06-06 08:00,19.3,,.6,20,88,1000.4,1008.5,.1,.79,,8,,22.6
156,堡林,2023-06-06 09:00,21.2,,1.6,70,72,1000,1008.1,.8,1.63,,5,,28
156,堡林,2023-06-06 10:00,22.5,,1.2,90,66,999.6,1007.6,1,2.42,,7,,32.3
156,堡林,2023-06-06 11:00,23.5,,1.7,360,62,999.3,1007.3,1,2.96,,4,,37.2
156,堡林,2023-06-06 12:00,24.9,,.8,200,57,998.5,1006.5,1,3.51,,2,,41.2
156,堡林,2023-06-06 13:00,25.8,,1.5,340,56,998.4,1006.4,1,3.64,,2,,42.9
156,堡林,2023-06-06 14:00,27,,1.2,20,53,997.9,1005.8,1,3.57,,1,,44.2
156,堡林,2023-06-06 15:00,27.6,,1.3,290,50,997.4,1005.3,1,3.23,,0,,43.4
156,堡林,2023-06-06 16:00,27.9,,0,0,50,997.1,1005,1,2.61,,0,,41.1
156,堡林,2023-06-06 17:00,26.7,,1.2,270,60,997.3,1005.2,.8,1.73,,4,,36.1
156,堡林,2023-06-06 18:00,24.4,,1.5,270,68,997.6,1005.5,1,1.31,,2,,32.1
156,堡林,2023-06-06 19:00,22.7,,2.9,270,73,998.7,1006.7,.5,.59,,0,,27.9
156,堡林,2023-06-06 20:00,21.2,,1.1,290,80,999.2,1007.3,.3,.12,,0,,24.6
156,堡林,2023-06-06 21:00,20.2,,1.4,270,81,999.9,1008,,,,0,,22.8
156,堡林,2023-06-06 22:00,19.6,,1.3,250,86,1001.1,1009.2,,,,0,,21.3
156,堡林,2023-06-06 23:00,18.9,,1.2,270,88,1001.5,1009.6,,,,0,,20.4
156,堡林,2023-06-07 00:00,18.4,,.4,0,94,1002,1010.2,,,,2,,19.6
156,堡林,2023-06-07 01:00,17.9,,0,0,97,1002,1010.2,,,,5,,19
156,堡林,2023-06-07 02:00,17.8,,0,0,97,1002,1010.2,,,,6,,18.6
156,堡林,2023-06-07 03:00,17.3,,0,0,99,1001.9,1010.1,,,,3,,18
156,堡林,2023-06-07 04:00,17.2,,0,0,99,1002.1,1010.3,,,,2,,17.4
156,堡林,2023-06-07 05:00,16.6,,1.4,270,99,1002.5,1010.8,,,,4,,17.1
156,堡林,2023-06-07 06:00,16.8,,.3,0,99,1002.5,1010.7,0,.1,,7,,17.6
156,堡林,2023-06-07 07:00,17.4,,.1,0,99,1002.6,1010.8,.4,.44,,7,,18.4
156,堡林,2023-06-07 08:00,18.8,,.6,200,97,1002.9,1011.1,.9,1.12,,7,,22.4
156,堡林,2023-06-07 09:00,20.5,,.7,230,87,1002.9,1011,1,1.76,,5,,27.9
156,堡林,2023-06-07 10:00,22.5,,2,270,76,1002.8,1010.9,1,2.29,,6,,33.6
156,堡林,2023-06-07 11:00,24.3,,1.5,250,69,1002.5,1010.5,1,2.76,,7,,37.3
156,堡林,2023-06-07 12:00,25.1,,1.3,290,62,1002.2,1010.2,1,3.25,,7,,41.4
156,堡林,2023-06-07 13:00,26.6,,2.6,200,58,1002,1010,1,3.13,,8,,42.6
156,堡林,2023-06-07 14:00,26.7,,1.9,230,58,1001.5,1009.4,1,2.88,,6,,42.4
156,堡林,2023-06-07 15:00,27.5,,2.2,250,49,1000.8,1008.7,1,2.66,,8,,41.4
156,堡林,2023-06-07 16:00,28.6,,2.8,270,52,1000.5,1008.4,1,2.55,,5,,40.6
156,堡林,2023-06-07 17:00,27.5,,2.4,250,53,1000.3,1008.2,1,1.96,,4,,37.1
156,堡林,2023-06-07 18:00,26.4,,3,250,50,1000.3,1008.2,1,1.19,,6,,32.2
156,堡林,2023-06-07 19:00,23.8,,2.6,250,68,1000.7,1008.7,.2,.33,,7,,27.3
156,堡林,2023-06-07 20:00,22,,1.6,230,85,1001,1009.1,0,.09,,5,,24.7
156,堡林,2023-06-07 21:00,21,,1.7,250,91,1001.3,1009.4,,,,8,,23.3
156,堡林,2023-06-07 22:00,20.2,,1.6,250,94,1001.6,1009.8,,,,10,,22.5
156,堡林,2023-06-07 23:00,19.4,,1.4,230,97,1001.5,1009.6,,,,9,,21.7
156,堡林,2023-06-08 00:00,19.1,,1,230,98,1000.8,1008.9,,,,8,,21.1
156,堡林,2023-06-08 01:00,18.6,,1,250,98,1000.8,1008.9,,,,8,,20.5
156,堡林,2023-06-08 02:00,18.5,,.9,230,99,1000.5,1008.6,,,,10,,20.3
156,堡林,2023-06-08 03:00,18.5,,1.1,230,99,1000,1008.1,,,,9,,20.1
156,堡林,2023-06-08 04:00,18.2,,1,200,99,1000,1008.2,,,,9,,19.9
156,堡林,2023-06-08 05:00,18.8,,.6,340,99,999.6,1007.7,,,,9,,19.8
156,堡林,2023-06-08 06:00,18.5,,.7,230,99,999.8,1007.9,0,.07,,9,,19.8
156,堡林,2023-06-08 07:00,19.3,,1.7,200,98,999.6,1007.7,0,.21,,9,,21
156,堡林,2023-06-08 08:00,19.9,,.5,340,93,1000,1008.2,0,.49,,10,,22.9
156,堡林,2023-06-08 09:00,20.9,,.9,90,89,999.3,1007.4,.4,1.24,,8,,27.7
156,堡林,2023-06-08 10:00,22.9,,2,200,78,998.4,1006.4,.9,2.34,,7,,34.3
156,堡林,2023-06-08 11:00,24.4,,1.8,180,71,998,1005.9,1,2.83,,7,,39.7
156,堡林,2023-06-08 12:00,25.5,,2.1,160,64,997.1,1005.1,.9,3.15,,7,,43.7
156,堡林,2023-06-08 13:00,26.8,,3.7,200,62,996.9,1004.8,1,3.17,,7,,44.2
156,堡林,2023-06-08 14:00,27.4,,2.3,200,60,996.1,1004,1,3.36,,5,,45.5
156,堡林,2023-06-08 15:00,28.6,,2.3,180,57,995.6,1003.4,.9,2.88,,4,,46
156,堡林,2023-06-08 16:00,28,,3.6,200,58,995.8,1003.7,.8,2.24,,5,,41.4
156,堡林,2023-06-08 17:00,25.5,,2.2,180,58.7,995,1002.9,.2,.86,,8,,32.7
156,堡林,2023-06-08 18:00,25.2,,2.6,230,62,995.4,1003.4,0,.45,,7,,30.1
156,堡林,2023-06-08 19:00,23.6,,.9,290,80,996.3,1004.3,0,.21,,9,,27.6
156,堡林,2023-06-08 20:00,22.9,,2.1,230,86,995.6,1003.6,0,.08,,7,,25
156,堡林,2023-06-08 21:00,22.6,,3.3,230,76,995.7,1003.7,,,,3,,23.3
156,堡林,2023-06-08 22:00,21.9,,1.9,230,84,996.5,1004.5,,,,6,,22.7
156,堡林,2023-06-08 23:00,21.1,,.8,230,93,996.5,1004.6,,,,6,,21.4
156,堡林,2023-06-09 00:00,20.2,,.9,230,91,996.5,1004.6,,,,1,,20.6
156,堡林,2023-06-09 01:00,20,,1.6,250,96,996.4,1004.5,,,,3,,20.2
156,堡林,2023-06-09 02:00,19.9,,1.6,250,97,996.5,1004.6,,,,7,,20.8
156,堡林,2023-06-09 03:00,19.9,,1.9,230,97,996.5,1004.6,,,,9,,21.4
156,堡林,2023-06-09 04:00,20.1,,1.3,200,97,996.2,1004.3,,,,9,,21.4
156,堡林,2023-06-09 05:00,19.7,0,1.8,230,99,996.3,1004.4,,,,10,,21.4
156,堡林,2023-06-09 06:00,19.7,0,.6,230,99,996.5,1004.6,0,.07,,10,,21.5
156,堡林,2023-06-09 07:00,19.2,0,0,0,99,996.8,1004.9,0,.11,,10,,21.5
156,堡林,2023-06-09 08:00,20.5,0,0,0,99,996.7,1004.8,.2,.6,,8,,24.7
156,堡林,2023-06-09 09:00,21.9,,0,0,95,996.9,1004.9,.4,1.35,,5,,27.2
156,堡林,2023-06-09 10:00,23.5,,0,0,72,996.8,1004.8,.6,1.99,,4,,33.6
156,堡林,2023-06-09 11:00,24.6,,.7,50,65,996.8,1004.7,1,3.32,,1,,41.9
156,堡林,2023-06-09 12:00,26.7,,0,0,55,996.5,1004.4,1,3.58,,0,,46.3
156,堡林,2023-06-09 13:00,28.3,,.4,0,48,996.6,1004.4,1,3.65,,0,,48.4
156,堡林,2023-06-09 14:00,29.3,,.1,0,45,996.1,1003.9,1,3.55,,0,,49
156,堡林,2023-06-09 15:00,29.8,,.6,340,40,996,1003.8,1,3.16,,0,,47.6
156,堡林,2023-06-09 16:00,30.3,,1,20,36,995.8,1003.6,1,2.69,,0,,44.4
156,堡林,2023-06-09 17:00,29,,0,0,36,995.3,1003.1,.8,1.72,,7,,38.1
156,堡林,2023-06-09 18:00,29.5,,2.3,200,34,995.4,1003.2,.4,.96,,6,,34.7
156,堡林,2023-06-09 19:00,27.4,,2.8,200,63,996,1003.9,.5,.53,,0,,29.6
156,堡林,2023-06-09 20:00,25.8,,3.7,180,66,996.5,1004.4,0,.1,,3,,26.5
156,堡林,2023-06-09 21:00,25,,3.7,200,61,997.2,1005.2,,,,3,,24.9
156,堡林,2023-06-09 22:00,23,,3.3,230,80,997.7,1005.7,,,,6,,23.1
156,堡林,2023-06-09 23:00,22.2,,3,200,84,998.3,1006.3,,,,6,,22.5
156,堡林,2023-06-10 00:00,21.4,,3.3,200,90,998.1,1006.2,,,,1,,21.3
156,堡林,2023-06-10 01:00,20.9,,.6,200,94,998.5,1006.6,,,,6,,20.9
156,堡林,2023-06-10 02:00,21.3,,2.2,200,97,998.1,1006.2,,,,8,,21
156,堡林,2023-06-10 03:00,21.2,,0,0,97,998.2,1006.3,,,,9,,21.3
156,堡林,2023-06-10 04:00,21.3,,2.2,180,96,997.8,1005.9,,,,8,,21.1
156,堡林,2023-06-10 05:00,21.1,,2.4,200,92,998.1,1006.2,,,,9,,21.1
156,堡林,2023-06-10 06:00,21.3,,2.9,230,89,997.8,1005.9,0,.08,,10,,21.2
156,堡林,2023-06-10 07:00,21.2,,1.2,200,92,998.1,1006.2,0,.24,,10,,22.3
156,堡林,2023-06-10 08:00,22.2,,1.9,180,82,997.4,1005.4,0,.59,,9,,24.4
156,堡林,2023-06-10 09:00,24.4,,1.4,180,71,997.5,1005.4,.5,1.32,,4,,30.1
156,堡林,2023-06-10 10:00,27.2,,1.5,200,54,997.1,1005,1,2.57,,1,,38
156,堡林,2023-06-10 11:00,28.9,,.2,0,51,996.9,1004.7,1,3.05,,0,,44.2
156,堡林,2023-06-10 12:00,30.3,,2.9,200,51,996,1003.8,1,3.48,,0,,48
156,堡林,2023-06-10 13:00,30.7,,3.5,200,53,996.4,1004.2,1,3.55,,2,,49.9
156,堡林,2023-06-10 14:00,29.8,,4,200,58,996.6,1004.4,1,3.48,,2,,49.6
156,堡林,2023-06-10 15:00,27.9,,4.7,180,61,997.1,1005,.9,2.97,,4,,45.5
156,堡林,2023-06-10 16:00,27.4,,3.7,180,65,997,1004.9,.9,2.32,,1,,43
156,堡林,2023-06-10 17:00,26.5,,2.1,250,70,997,1004.9,.7,1.67,,8,,38
156,堡林,2023-06-10 18:00,23.2,,1.5,290,83,998.5,1006.5,0,.28,,9,,30.8
156,堡林,2023-06-10 19:00,22.3,,.9,50,87,998.5,1006.5,0,.26,,5,,28.1
156,堡林,2023-06-10 20:00,22.1,,.8,200,85,997.3,1005.3,0,.07,,1,,26.3
156,堡林,2023-06-10 21:00,21.8,,.6,70,88,996.5,1004.5,,,,5,,23.6
156,堡林,2023-06-10 22:00,21.4,,1.4,70,93,996.7,1004.8,,,,5,,22.6
156,堡林,2023-06-10 23:00,21.8,,0,0,90,997,1005,,,,2,,23.2
156,堡林,2023-06-11 00:00,23,,2.1,200,90,996.6,1004.6,,,,9,,23.4
156,堡林,2023-06-11 01:00,22.9,,1.3,200,91,996.5,1004.5,,,,8,,23.8
156,堡林,2023-06-11 02:00,22.7,,1.1,180,91,996.6,1004.6,,,,6,,23.7
156,堡林,2023-06-11 03:00,22.5,,.5,200,90,996.7,1004.7,,,,9,,23.2
156,堡林,2023-06-11 04:00,22.3,,1,230,91,996.8,1004.8,,,,7,,23.1
156,堡林,2023-06-11 05:00,22.5,,1.1,290,90,997.1,1005.1,,,,8,,23.1
156,堡林,2023-06-11 06:00,21.6,0,.1,0,97,997.3,1005.4,0,.08,,3,,22.2
156,堡林,2023-06-11 07:00,22,,0,0,97,997.1,1005.1,.6,.45,,0,,22.3
156,堡林,2023-06-11 08:00,23.9,,.1,0,82,997.6,1005.6,1,1.21,,3,,27
156,堡林,2023-06-11 09:00,24.4,,0,0,84,997.7,1005.6,.4,1.06,,5,,28.1
156,堡林,2023-06-11 10:00,24.6,,.9,250,82,997.6,1005.5,.4,1.38,,8,,31.3
156,堡林,2023-06-11 11:00,26.6,,1.4,200,72,997.5,1005.4,.4,1.65,,7,,37.1
156,堡林,2023-06-11 12:00,27.3,,1.2,270,67,997,1004.9,.7,2.49,,4,,42.8
156,堡林,2023-06-11 13:00,28.2,,0,0,61,996.4,1004.2,.6,2.38,,3,,43.4
156,堡林,2023-06-11 14:00,29.4,,.7,200,59,996,1003.8,.6,2.38,,3,,44.6
156,堡林,2023-06-11 15:00,28.9,,2.2,230,59,996,1003.8,.7,2.41,,8,,43.9
156,堡林,2023-06-11 16:00,27.8,,4,230,61,995.8,1003.7,.6,1.75,,7,,39.2
156,堡林,2023-06-11 17:00,26.8,0,1.3,320,78,995.8,1003.7,.2,.82,,9,,34.6
156,堡林,2023-06-11 18:00,25.7,0,2.2,270,79,996.6,1004.5,.4,.76,,8,,32.6
156,堡林,2023-06-11 19:00,24.7,,.7,290,84,997.3,1005.2,0,.3,,3,,28.6
156,堡林,2023-06-11 20:00,23.9,,.6,320,88,997.8,1005.8,0,.09,,1,,26.7
156,堡林,2023-06-11 21:00,23.3,,.7,270,90,998.4,1006.4,,,,9,,25.3
156,堡林,2023-06-11 22:00,23,,.1,0,90,998.9,1006.9,,,,4,,24.2
156,堡林,2023-06-11 23:00,22.8,,0,0,89,999,1007,,,,5,,23.4
156,堡林,2023-06-12 00:00,22.5,,.7,230,90,998.7,1006.7,,,,9,,23.2
156,堡林,2023-06-12 01:00,21.4,,0,0,98,998.5,1006.6,,,,6,,21.5
156,堡林,2023-06-12 02:00,21,,0,0,99,998.2,1006.3,,,,3,,20.7
156,堡林,2023-06-12 03:00,20.7,,0,0,99,998.1,1006.2,,,,0,,20.1
156,堡林,2023-06-12 04:00,20.2,,0,0,99,998.1,1006.2,,,,0,,19.6
156,堡林,2023-06-12 05:00,20.4,,0,0,99,998.6,1006.7,,,,6,,20.5
156,堡林,2023-06-12 06:00,20,,0,0,99,998.9,1007,0,.11,,5,,20
156,堡林,2023-06-12 07:00,20.9,,0,0,99,999.3,1007.4,0,.32,,9,,22.7
156,堡林,2023-06-12 08:00,21.5,,0,0,99,999.2,1007.3,0,.65,,9,,25.9
156,堡林,2023-06-12 09:00,22.8,,0,0,94,999.1,1007.1,.4,1.2,,4,,29.4
156,堡林,2023-06-12 10:00,25,,.4,0,80,998.8,1006.8,.7,1.98,,3,,37.8
156,堡林,2023-06-12 11:00,26.3,,1.2,90,63,998.3,1006.2,1,3.65,,4,,46.8
156,堡林,2023-06-12 12:00,27,,0,0,60,997.9,1005.8,1,3.27,,1,,48.3
156,堡林,2023-06-12 13:00,28.5,,2,70,51,997.2,1005,1,3.6,,1,,50.7
156,堡林,2023-06-12 14:00,29.3,,1.3,20,43,996.5,1004.3,1,3.79,,3,,52.1
156,堡林,2023-06-12 15:00,30.3,,1.6,50,38,995.9,1003.7,1,3.45,,2,,50.8
156,堡林,2023-06-12 16:00,29.2,,.2,0,41,995.6,1003.4,.9,2.71,,2,,45.5
156,堡林,2023-06-12 17:00,27.9,,1.8,290,60,995.3,1003.2,.4,1.11,,8,,38
156,堡林,2023-06-12 18:00,24.8,0,0,0,62,995.8,1003.7,.6,1.03,,2,,33.6
156,堡林,2023-06-12 19:00,25.1,,.6,340,73,996.2,1004.2,.5,.44,,5,,29
156,堡林,2023-06-12 20:00,24,,.9,230,75,996.6,1004.5,0,.09,,7,,26.1
156,堡林,2023-06-12 21:00,23.2,,.8,230,86,996.9,1004.9,,,,8,,24.7
156,堡林,2023-06-12 22:00,22.1,,.8,230,91,997.5,1005.5,,,,5,,23.4
156,堡林,2023-06-12 23:00,21.7,,.7,250,90,997.8,1005.9,,,,3,,22.6
156,堡林,2023-06-13 00:00,21.3,,.7,230,92,997.8,1005.9,,,,4,,21.5
156,堡林,2023-06-13 01:00,20.6,,1,250,97,997.5,1005.6,,,,4,,20.8
156,堡林,2023-06-13 02:00,20.4,,.9,270,98,997.5,1005.6,,,,1,,20.1
156,堡林,2023-06-13 03:00,19.8,,.8,250,98,997.3,1005.4,,,,4,,19.6
156,堡林,2023-06-13 04:00,19.4,,1.2,270,99,997.5,1005.6,,,,6,,19.4
156,堡林,2023-06-13 05:00,18.9,,0,0,99,997.7,1005.8,,,,4,,18.9
156,堡林,2023-06-13 06:00,19,,0,0,99,997.6,1005.7,0,.09,,5,,18.7
156,堡林,2023-06-13 07:00,19.4,,0,0,99,997.9,1006,.4,.44,,3,,20.3
156,堡林,2023-06-13 08:00,21.1,,.1,0,95,997.7,1005.8,.9,1.21,,3,,26
156,堡林,2023-06-13 09:00,23.3,,.4,0,81,997.6,1005.6,1,1.99,,0,,33.1
156,堡林,2023-06-13 10:00,24.7,,1.1,90,63,997.2,1005.1,1,2.7,,2,,40.5
156,堡林,2023-06-13 11:00,26.1,,0,0,55,997.2,1005.1,1,3.14,,7,,45.3
156,堡林,2023-06-13 12:00,27.5,,.3,0,45,997,1004.9,1,3.35,,8,,48
156,堡林,2023-06-13 13:00,27.2,,1.4,320,46,996.4,1004.3,.4,2.17,,9,,41.8
156,堡林,2023-06-13 14:00,28.1,,.7,20,43,996,1003.9,.5,2.38,,8,,45.1
156,堡林,2023-06-13 15:00,27.7,,1,340,47,996,1003.9,.8,2.38,,8,,42.4
156,堡林,2023-06-13 16:00,29.1,,.3,0,45,995.8,1003.6,.9,2.36,,8,,43.7
156,堡林,2023-06-13 17:00,28.8,,1,290,51,995.2,1003,1,2.09,,6,,40.7
156,堡林,2023-06-13 18:00,27.1,,.5,340,54,995.2,1003.1,1,1.31,,2,,34.7
156,堡林,2023-06-13 19:00,25.4,,.6,340,61,995.6,1003.5,.5,.53,,2,,29.2
156,堡林,2023-06-13 20:00,23.7,,1.3,320,66,996.2,1004.1,.2,.15,,7,,25.7
156,堡林,2023-06-13 21:00,22.7,,.6,270,69,996.4,1004.4,,,,7,,23.6
156,堡林,2023-06-13 22:00,21.9,,.4,0,76,996.9,1004.9,,,,6,,22
156,堡林,2023-06-13 23:00,21.3,,.8,90,80,996.9,1005,,,,1,,21
156,堡林,2023-06-14 00:00,20.4,,1.3,70,86,996.8,1004.9,,,,0,,20.3
156,堡林,2023-06-14 01:00,19.9,,0,0,93,996.9,1005,,,,3,,19.5
156,堡林,2023-06-14 02:00,19.5,,1.2,50,96,996.9,1005,,,,3,,19.1
156,堡林,2023-06-14 03:00,19.1,,.4,0,97,997.1,1005.2,,,,2,,18.6
156,堡林,2023-06-14 04:00,19,,0,0,99,997,1005.1,,,,4,,18.2
156,堡林,2023-06-14 05:00,18.9,,0,0,98,997.4,1005.5,,,,4,,18.2
156,堡林,2023-06-14 06:00,18.9,,0,0,99,998.3,1006.4,0,.11,,4,,18.5
156,堡林,2023-06-14 07:00,19.4,,0,0,98,998.6,1006.7,.4,.39,,2,,20.1
156,堡林,2023-06-14 08:00,20.6,,0,0,87,998.6,1006.7,1,1,,7,,24.6
156,堡林,2023-06-14 09:00,23.1,,0,0,71,998.9,1006.9,1,1.92,,4,,32.5
156,堡林,2023-06-14 10:00,23.7,,.3,0,65,998.6,1006.6,.3,1.68,,8,,33.2
156,堡林,2023-06-14 11:00,25.6,,.8,230,57,998.3,1006.3,1,2.97,,0,,43.9
156,堡林,2023-06-14 12:00,26.3,,1.2,360,52,998.2,1006.1,1,3.45,,0,,48.5
156,堡林,2023-06-14 13:00,28.1,,2.2,270,49,997.8,1005.7,.9,3.24,,3,,48.7
156,堡林,2023-06-14 14:00,28,,1.5,270,48,997.3,1005.2,.6,2.45,,7,,46.3
156,堡林,2023-06-14 15:00,26.9,,1.9,270,52,997,1004.9,.1,1.38,,7,,39
156,堡林,2023-06-14 16:00,27.8,0,2.4,270,48,996.8,1004.7,.3,1.3,,3,,40.3
156,堡林,2023-06-14 17:00,26.7,,2.4,270,51,996.9,1004.8,.9,2.06,,1,,39.3
156,堡林,2023-06-14 18:00,26,,2.1,340,48,997.4,1005.3,1,1.33,,0,,33.2
156,堡林,2023-06-14 19:00,24.6,,.4,0,51,997.7,1005.6,.6,.63,,0,,27.5
156,堡林,2023-06-14 20:00,23.2,,1.4,320,60,998.3,1006.3,.3,.13,,0,,24
156,堡林,2023-06-14 21:00,22.7,,.6,290,58,999.1,1007.1,,,,0,,21.9
156,堡林,2023-06-14 22:00,21.4,,1,320,65,999.9,1008,,,,2,,20.7
156,堡林,2023-06-14 23:00,20.4,,.4,0,70,1000,1008.1,,,,1,,19.8
156,堡林,2023-06-15 00:00,19.7,,1.3,270,81,1000.1,1008.2,,,,0,,19.1
156,堡林,2023-06-15 01:00,19.2,,.1,0,90,1000.1,1008.2,,,,0,,18.6
156,堡林,2023-06-15 02:00,18.9,,0,0,93,999.7,1007.8,,,,0,,18.1
156,堡林,2023-06-15 03:00,18.5,,.2,0,95,999.8,1007.9,,,,0,,17.5
156,堡林,2023-06-15 04:00,18.3,,.1,0,96,999.7,1007.8,,,,6,,17.2
156,堡林,2023-06-15 05:00,18,,0,0,96,1000,1008.2,,,,2,,16.8
156,堡林,2023-06-15 06:00,17.7,,0,0,97,1000.3,1008.5,.1,.11,,5,,17.1
156,堡林,2023-06-15 07:00,18.6,,0,0,93,1000.7,1008.8,1,.56,,0,,18.6
156,堡林,2023-06-15 08:00,20.6,,.6,70,82,1001,1009.1,1,1.28,,0,,25.5
156,堡林,2023-06-15 09:00,22.5,,.7,50,68,1001,1009,1,2.03,,0,,34.1
156,堡林,2023-06-15 10:00,23.8,,0,0,58,1001,1009,1,2.71,,0,,40.7
156,堡林,2023-06-15 11:00,25.6,,1,320,42,1001,1009,1,3.21,,0,,44.9
156,堡林,2023-06-15 12:00,26.6,,1.6,20,39,1000.8,1008.7,1,3.59,,0,,49.4
156,堡林,2023-06-15 13:00,26.6,,1.6,290,47,1000.3,1008.2,1,3.67,,3,,51
156,堡林,2023-06-15 14:00,28.1,,.8,360,42,999.8,1007.7,1,3.74,,1,,51.7
156,堡林,2023-06-15 15:00,28.5,,.9,360,39,999.6,1007.5,1,3.15,,2,,49.4
156,堡林,2023-06-15 16:00,28.2,,1.2,360,46,999.6,1007.5,1,2.73,,1,,46.3
156,堡林,2023-06-15 17:00,27.4,,1.4,360,50,999.6,1007.5,.7,1.52,,2,,38.5
156,堡林,2023-06-15 18:00,26.7,,1.5,320,52,999.9,1007.8,1,1.36,,0,,35.4
156,堡林,2023-06-15 19:00,25.3,,2.1,320,56,1000.7,1008.7,.6,.66,,2,,29.5
156,堡林,2023-06-15 20:00,23.2,,1.2,320,61,1001.5,1009.5,.3,.15,,0,,25.4
156,堡林,2023-06-15 21:00,21.9,,.5,290,64,1002.3,1010.4,,,,0,,22.9
156,堡林,2023-06-15 22:00,21.2,,.9,290,70,1003.3,1011.4,,,,0,,21.3
156,堡林,2023-06-15 23:00,20.4,,0,0,80,1003.8,1012,,,,0,,20.2
156,堡林,2023-06-16 00:00,20.2,,0,0,81,1003.5,1011.7,,,,0,,19.3
156,堡林,2023-06-16 01:00,19.1,,.1,0,89,1003.5,1011.6,,,,0,,18.5
156,堡林,2023-06-16 02:00,18.7,,0,0,93,1003.6,1011.8,,,,0,,18
156,堡林,2023-06-16 03:00,18.6,,0,0,97,1004,1012.2,,,,0,,17.3
156,堡林,2023-06-16 04:00,18.5,,0,0,94,1004.4,1012.6,,,,0,,16.9
156,堡林,2023-06-16 05:00,18.2,,0,0,98,1004.9,1013.1,,,,0,,16.7
156,堡林,2023-06-16 06:00,17.8,,0,0,99,1005.2,1013.4,.1,.11,,0,,16.8
156,堡林,2023-06-16 07:00,18.7,,0,0,97,1005.7,1013.9,1,.6,,0,,18.2
156,堡林,2023-06-16 08:00,20.7,,0,0,88,1006.1,1014.3,1,1.3,,0,,24.8
156,堡林,2023-06-16 09:00,22.5,,0,0,73,1006.5,1014.6,1,2.03,,0,,33.5
156,堡林,2023-06-16 10:00,24.8,,.2,0,57,1006.5,1014.5,1,2.69,,0,,40.4
156,堡林,2023-06-16 11:00,26.3,,.6,320,50,1006.3,1014.3,1,3.21,,0,,46
156,堡林,2023-06-16 12:00,28.3,,0,0,41,1005.9,1013.8,1,3.55,,0,,50.5
156,堡林,2023-06-16 13:00,29,,.7,290,41,1005.4,1013.3,1,3.67,,0,,52.3
156,堡林,2023-06-16 14:00,31.7,,.2,0,36,1004.6,1012.4,1,3.57,,0,,52.9
156,堡林,2023-06-16 15:00,31.3,,1.2,50,34,1004.2,1012.1,1,3.18,,0,,50.7
156,堡林,2023-06-16 16:00,31.5,,1.1,290,33,1003.6,1011.4,1,2.74,,3,,47.9
156,堡林,2023-06-16 17:00,30.6,,1.7,290,50,1003.5,1011.4,1,1.86,,6,,42.3
156,堡林,2023-06-16 18:00,28.9,,2.3,270,59,1003.9,1011.8,1,1.13,,5,,36.8
156,堡林,2023-06-16 19:00,27.6,,1.3,290,64,1004.3,1012.2,.6,.54,,6,,31.6
156,堡林,2023-06-16 20:00,25.9,,2.3,250,73,1005.2,1013.2,.1,.14,,6,,27.9
156,堡林,2023-06-16 21:00,24.3,,1.9,270,77,1006.1,1014.1,,,,4,,25.5
156,堡林,2023-06-16 22:00,24.1,,1.3,250,79,1006.7,1014.7,,,,5,,23.9
156,堡林,2023-06-16 23:00,23.2,,1.2,230,83,1006.7,1014.8,,,,5,,22.7
156,堡林,2023-06-17 00:00,22.6,,0,0,79,1006.8,1014.9,,,,3,,21.6
156,堡林,2023-06-17 01:00,22.1,,1.2,230,82,1006.8,1014.9,,,,5,,21
156,堡林,2023-06-17 02:00,21.3,,1.1,200,89,1006.9,1015,,,,6,,20.3
156,堡林,2023-06-17 03:00,20.6,,0,0,92,1006.7,1014.9,,,,6,,19.5
156,堡林,2023-06-17 04:00,20.6,,0,0,96,1006.6,1014.8,,,,6,,19.1
156,堡林,2023-06-17 05:00,20.1,,0,0,96,1006.7,1014.9,,,,5,,18.7
156,堡林,2023-06-17 06:00,20.2,,0,0,97,1006.8,1015,.1,.12,,5,,18.9
156,堡林,2023-06-17 07:00,20.9,,0,0,91,1006.6,1014.8,.8,.48,,0,,20.2
156,堡林,2023-06-17 08:00,23.1,,0,0,79,1006.4,1014.5,1,1.22,,0,,26.1
156,堡林,2023-06-17 09:00,25.1,,.7,50,61,1006.2,1014.2,1,1.78,,6,,33.2
156,堡林,2023-06-17 10:00,27.5,,1.4,250,62,1005.9,1013.9,1,2.62,,6,,40.9
156,堡林,2023-06-17 11:00,28.3,,1.2,250,59,1005.6,1013.5,1,2.85,,7,,44.5
156,堡林,2023-06-17 12:00,29.2,,1.7,270,57,1005.4,1013.3,1,3.3,,5,,49.9
156,堡林,2023-06-17 13:00,30.6,,1.1,230,53,1004.9,1012.8,1,3.42,,7,,51.9
156,堡林,2023-06-17 14:00,30.4,,1.9,230,52,1004.3,1012.2,.9,2.69,,7,,47.3
156,堡林,2023-06-17 15:00,30.8,,2.2,230,52,1003.8,1011.7,.4,1.96,,8,,45
156,堡林,2023-06-17 16:00,28.6,,1.7,320,61,1003.8,1011.7,.4,1.68,,7,,41
156,堡林,2023-06-17 17:00,26.7,,1.4,290,64,1003.7,1011.7,0,.8,,9,,35.3
156,堡林,2023-06-17 18:00,25.6,,1,290,67,1003.7,1011.7,0,.34,,10,,31
156,堡林,2023-06-17 19:00,25.1,,.8,290,67,1003.9,1011.9,0,.2,,10,,28.4
156,堡林,2023-06-17 20:00,24.6,,.3,0,63,1003.8,1011.8,0,.09,,10,,26.5
156,堡林,2023-06-17 21:00,24.1,,.9,250,61,1003.8,1011.8,,,,10,,24.4
156,堡林,2023-06-17 22:00,23.6,,0,0,60,1003.9,1011.9,,,,9,,23.7
156,堡林,2023-06-17 23:00,23.3,,.1,0,63,1003.9,1011.9,,,,9,,23.1
156,堡林,2023-06-18 00:00,22.9,,0,0,64,1003.5,1011.5,,,,10,,22.8
156,堡林,2023-06-18 01:00,22.7,,.2,0,70,1003.2,1011.2,,,,10,,22.5
156,堡林,2023-06-18 02:00,22.2,,.2,0,74,1002.8,1010.9,,,,10,,22.2
156,堡林,2023-06-18 03:00,22.1,,0,0,73,1002.4,1010.5,,,,8,,21.7
156,堡林,2023-06-18 04:00,21.8,,0,0,80,1001.9,1010,,,,7,,21.9
156,堡林,2023-06-18 05:00,21.3,,0,0,82,1001.5,1009.6,,,,8,,23.2
156,堡林,2023-06-18 06:00,21.3,,0,0,79,1001.5,1009.6,0,.09,,9,,21.9
156,堡林,2023-06-18 07:00,21.6,,0,0,78,1001.4,1009.5,0,.27,,9,,22.5
156,堡林,2023-06-18 08:00,22.4,,0,0,76,1001.4,1009.4,0,.59,,9,,24
156,堡林,2023-06-18 09:00,24.3,,0,0,72,1000.9,1008.9,.4,1.42,,8,,28.1
156,堡林,2023-06-18 10:00,25.2,,.6,200,64,1000.7,1008.7,.2,1.75,,9,,32.2
156,堡林,2023-06-18 11:00,26.7,,.4,0,55,1000.6,1008.5,.8,2.77,,6,,37.5
156,堡林,2023-06-18 12:00,29,,.4,0,50,999.9,1007.7,1,3.58,,2,,43.3
156,堡林,2023-06-18 13:00,30.3,,1.3,250,44,998.9,1006.7,1,3.88,,2,,46.8
156,堡林,2023-06-18 14:00,31.9,,.4,0,37,998.1,1005.9,1,3.56,,1,,47.7
156,堡林,2023-06-18 15:00,32.2,,.9,270,35,997.4,1005.2,1,3.14,,4,,46.9
156,堡林,2023-06-18 16:00,31.6,,1,290,42,996.8,1004.6,1,2.7,,2,,45.3
156,堡林,2023-06-18 17:00,30.9,,1.3,320,46,996.7,1004.5,1,2.08,,2,,42.4
156,堡林,2023-06-18 18:00,29.5,,1.8,290,48,996.8,1004.6,1,1.35,,2,,38.4
156,堡林,2023-06-18 19:00,28,,.6,290,49,997.6,1005.5,.6,.63,,0,,33.3
156,堡林,2023-06-18 20:00,26.3,,1,270,53,998.1,1006,.3,.13,,0,,29.3
156,堡林,2023-06-18 21:00,25.1,,1,250,57,998.5,1006.5,,,,0,,26.6
156,堡林,2023-06-18 22:00,24.4,,.3,0,58,998.9,1006.8,,,,2,,24.9
156,堡林,2023-06-18 23:00,23.1,,0,0,61,999.2,1007.2,,,,0,,23.7
156,堡林,2023-06-19 00:00,22.5,,.1,0,67,999.3,1007.3,,,,0,,22.8
156,堡林,2023-06-19 01:00,22.5,,.2,0,73,999,1007,,,,0,,22.2
156,堡林,2023-06-19 02:00,22,,0,0,80,998.8,1006.8,,,,0,,21.6
156,堡林,2023-06-19 03:00,21.5,,0,0,83,999,1007.1,,,,0,,21.2
156,堡林,2023-06-19 04:00,21.2,,.5,70,80,998.7,1006.8,,,,0,,20.7
156,堡林,2023-06-19 05:00,21.4,,0,0,80,998.5,1006.6,,,,0,,20.3
156,堡林,2023-06-19 06:00,20.2,,0,0,94,998.8,1006.9,.1,.11,,0,,20.2
156,堡林,2023-06-19 07:00,21.3,,0,0,89,999.1,1007.2,1,.56,,0,,20.9
156,堡林,2023-06-19 08:00,24,,0,0,73,999.6,1007.6,1,1.21,,1,,24.2
156,堡林,2023-06-19 09:00,25.9,,0,0,63,999.5,1007.5,1,1.95,,3,,30.9
156,堡林,2023-06-19 10:00,28.7,,0,0,58,999.1,1007,1,2.49,,1,,36.8
156,堡林,2023-06-19 11:00,30,,.6,200,55,998.5,1006.3,1,3.07,,3,,41.9
156,堡林,2023-06-19 12:00,32.3,,2.4,70,48,997.8,1005.6,1,3.29,,5,,45.1
156,堡林,2023-06-19 13:00,33,,.9,140,45,997,1004.7,1,3.2,,7,,46.3
156,堡林,2023-06-19 14:00,33.2,,2.2,160,42,996.7,1004.4,1,2.83,,8,,45.8
156,堡林,2023-06-19 15:00,33,,2.6,200,46,996.7,1004.4,.8,2.28,,9,,43.9
156,堡林,2023-06-19 16:00,33.2,,2.3,180,43,996.8,1004.5,1,2.54,,8,,44
156,堡林,2023-06-19 17:00,31,,3.3,200,52,997.2,1005,.2,1.08,,8,,39.6
156,堡林,2023-06-19 18:00,30.2,,2.8,200,56,997.5,1005.3,.5,.96,,9,,37
156,堡林,2023-06-19 19:00,27.1,,1.3,320,72,998.2,1006.1,0,.33,,7,,32.9
156,堡林,2023-06-19 20:00,26.1,,0,0,76,998.8,1006.7,0,.11,,7,,29.7
156,堡林,2023-06-19 21:00,25.4,,.2,0,81,998.8,1006.8,,,,7,,27.6
156,堡林,2023-06-19 22:00,25.4,,0,0,81,998.2,1006.2,,,,8,,26.5
156,堡林,2023-06-19 23:00,25,,1.8,230,82,997.4,1005.4,,,,9,,25.8
156,堡林,2023-06-20 00:00,24.2,,.6,270,90,998.2,1006.1,,,,8,,25.2
156,堡林,2023-06-20 01:00,24.3,,0,0,89,997.6,1005.5,,,,5,,24.2
156,堡林,2023-06-20 02:00,23.8,,0,0,91,997.2,1005.2,,,,5,,23.5
156,堡林,2023-06-20 03:00,23,,0,0,94,996.7,1004.7,,,,3,,22.8
156,堡林,2023-06-20 04:00,22.9,,0,0,92,996.9,1004.9,,,,7,,22.2
156,堡林,2023-06-20 05:00,22.3,,0,0,86,997.4,1005.4,,,,8,,21.7
156,堡林,2023-06-20 06:00,22.4,,0,0,75,997.4,1005.4,0,.13,,7,,21.2
156,堡林,2023-06-20 07:00,22.4,,0,0,69,997.6,1005.6,.7,.54,,7,,21.7
156,堡林,2023-06-20 08:00,24.8,,.4,0,68,997.2,1005.1,1,1.27,,9,,24.8
156,堡林,2023-06-20 09:00,26.6,,.7,270,48,997.1,1005,1,1.95,,8,,31.3
156,堡林,2023-06-20 10:00,28.9,,3,180,40,997.2,1005,1,2.65,,7,,36.7
156,堡林,2023-06-20 11:00,29.1,,1.8,160,42,997.4,1005.2,.4,2.2,,8,,42.2
156,堡林,2023-06-20 12:00,27.5,,3.6,200,47,997.3,1005.2,.5,2.42,,9,,39.7
156,堡林,2023-06-20 13:00,27.3,,1.4,140,52,996.4,1004.3,0,1.08,,10,,35.6
156,堡林,2023-06-20 14:00,27.3,0,2.4,160,56,996.1,1004,0,.83,,10,,33.8
156,堡林,2023-06-20 15:00,27.2,0,2.4,200,57,995.8,1003.7,0,1.01,,10,,34.7
156,堡林,2023-06-20 16:00,25.4,0,1.9,180,64,996.1,1004,0,.53,,10,,31.2
156,堡林,2023-06-20 17:00,24.8,0,.8,230,69,995.3,1003.2,0,.61,,10,,29.6
156,堡林,2023-06-20 18:00,24.1,0,1.7,110,73,994.5,1002.4,0,.19,,10,,27.2
156,堡林,2023-06-20 19:00,23.6,0,1.7,180,80,994.6,1002.5,0,.2,,9,,26.3
156,堡林,2023-06-20 20:00,23,0,.4,0,86,995.1,1003.1,0,.07,,10,,24.9
156,堡林,2023-06-20 21:00,21.8,.4,1.4,200,98,995,1003,,,,10,,23.6
156,堡林,2023-06-20 22:00,21.1,6.5,.4,0,99,995.1,1003.2,,,,10,,22.5
156,堡林,2023-06-20 23:00,21,1.2,1.3,50,99,994.5,1002.6,,,,10,,22.8
156,堡林,2023-06-21 00:00,21.4,.8,0,0,99,994.3,1002.3,,,,10,,22.8
156,堡林,2023-06-21 01:00,21.9,.2,0,0,99,993.9,1001.9,,,,10,,22.8
156,堡林,2023-06-21 02:00,22.2,0,3.1,180,99,993.5,1001.5,,,,10,,22.5
156,堡林,2023-06-21 03:00,22.2,,2.2,200,99,992.9,1000.9,,,,10,,22.4
156,堡林,2023-06-21 04:00,22,,1.2,180,99,992.8,1000.8,,,,10,,22.3
156,堡林,2023-06-21 05:00,22,,.1,0,99,992.7,1000.7,,,,10,,22.4
156,堡林,2023-06-21 06:00,22.1,,.4,0,99,993.1,1001.1,0,.07,,10,,22.5
156,堡林,2023-06-21 07:00,21.1,0,.3,0,99,993.8,1001.8,0,.12,,10,,22.6
156,堡林,2023-06-21 08:00,21.5,.3,.5,200,99,993.9,1001.9,0,.39,,10,,24.1
156,堡林,2023-06-21 09:00,22.3,,.1,0,99,993.7,1001.7,0,.42,,10,,24.9
156,堡林,2023-06-21 10:00,22.7,,0,0,99,993.4,1001.4,0,.53,,10,,25.2
156,堡林,2023-06-21 11:00,22.7,0,.9,270,99,993.4,1001.4,0,.5,,10,,25.5
156,堡林,2023-06-21 12:00,22.5,,2.1,230,99,993.3,1001.3,0,.45,,10,,25.5
156,堡林,2023-06-21 13:00,22.8,0,1,230,99,993.5,1001.5,0,.52,,10,,25.7
156,堡林,2023-06-21 14:00,22.4,0,2.1,230,99,993.4,1001.4,0,.39,,10,,25.6
156,堡林,2023-06-21 15:00,23.2,0,.5,270,99,993.3,1001.2,0,.65,,10,,27.7
156,堡林,2023-06-21 16:00,22.5,0,0,0,99,993.6,1001.6,0,.55,,10,,25.8
156,堡林,2023-06-21 17:00,23,0,.3,0,98,993.5,1001.5,.2,.97,,9,,27.1
156,堡林,2023-06-21 18:00,22.6,,1,270,98,993.9,1001.9,.1,.54,,8,,25.7
156,堡林,2023-06-21 19:00,21.8,,.6,290,98,994.7,1002.7,0,.3,,8,,23.5
156,堡林,2023-06-21 20:00,21.4,,.6,270,97,995.4,1003.4,0,.1,,7,,21.9
156,堡林,2023-06-21 21:00,21.3,,.3,0,97,995.8,1003.9,,,,9,,21.7
156,堡林,2023-06-21 22:00,21.2,,.2,0,98,996.1,1004.2,,,,9,,21.4
156,堡林,2023-06-21 23:00,20.9,,0,0,98,996.1,1004.2,,,,9,,21.2
156,堡林,2023-06-22 00:00,21,,0,0,97,996.1,1004.2,,,,9,,20.9
156,堡林,2023-06-22 01:00,20.7,,0,0,98,996.2,1004.3,,,,6,,20.7
156,堡林,2023-06-22 02:00,20.5,,0,0,98,996.2,1004.3,,,,7,,20.4
156,堡林,2023-06-22 03:00,20.4,,.7,270,99,996.5,1004.6,,,,8,,20.6
156,堡林,2023-06-22 04:00,20.3,,0,0,98,996.9,1005,,,,9,,20.3
156,堡林,2023-06-22 05:00,20.3,,0,0,97,997.1,1005.2,,,,6,,20.3
156,堡林,2023-06-22 06:00,20.3,,0,0,97,997.4,1005.5,0,.07,,9,,20.5
156,堡林,2023-06-22 07:00,20.7,,0,0,95,997.1,1005.2,.4,.5,,5,,21
156,堡林,2023-06-22 08:00,21.6,,.2,0,89,997.4,1005.5,.4,.97,,7,,23.4
156,堡林,2023-06-22 09:00,21.8,,0,0,90,997.8,1005.8,.2,.94,,9,,24
156,堡林,2023-06-22 10:00,23,,0,0,85,997.6,1005.6,0,.93,,9,,26
156,堡林,2023-06-22 11:00,24.1,,0,0,81,997.4,1005.3,0,1.42,,9,,28.6
156,堡林,2023-06-22 12:00,24,,.8,340,80,997.2,1005.1,.2,1.76,,9,,28.9
156,堡林,2023-06-22 13:00,25.3,,1.7,320,76,996.9,1004.9,.7,3.01,,7,,34.4
156,堡林,2023-06-22 14:00,26.5,,2.2,360,69,996.6,1004.5,.8,2.95,,8,,37.5
156,堡林,2023-06-22 15:00,27.2,,1.8,320,61,996.4,1004.3,.9,2.98,,2,,39.7
156,堡林,2023-06-22 16:00,25.8,,1.4,290,70,996.6,1004.5,.7,1.96,,7,,34.4
156,堡林,2023-06-22 17:00,25.5,,.9,340,69,996.4,1004.3,.5,1.23,,6,,31
156,堡林,2023-06-22 18:00,26,,.9,290,68,996.5,1004.4,.6,.97,,3,,29.8
156,堡林,2023-06-22 19:00,24.4,,1.5,320,74,997.3,1005.2,.5,.65,,2,,26.4
156,堡林,2023-06-22 20:00,23.1,,.6,320,83,997.6,1005.6,.3,.17,,3,,23.8
156,堡林,2023-06-22 21:00,22.3,,.8,340,91,998.2,1006.2,,,,3,,22.3
156,堡林,2023-06-22 22:00,21.7,,.1,0,95,998.8,1006.9,,,,2,,21.3
156,堡林,2023-06-22 23:00,21.3,,.1,0,97,998.9,1007,,,,3,,20.6
156,堡林,2023-06-23 00:00,20.2,,1.3,70,99,999,1007.1,,,,1,,20
156,堡林,2023-06-23 01:00,20.1,,.1,0,99,998.9,1007,,,,0,,19.4
156,堡林,2023-06-23 02:00,20.2,,.4,0,99,999.2,1007.3,,,,0,,19.1
156,堡林,2023-06-23 03:00,19.6,,1.1,70,99,999.2,1007.3,,,,0,,18.8
156,堡林,2023-06-23 04:00,19.3,,0,0,99,999.6,1007.7,,,,2,,18.4
156,堡林,2023-06-23 05:00,19,,0,0,99,999.9,1008,,,,1,,18.1
156,堡林,2023-06-23 06:00,19.4,,.1,0,99,1000.4,1008.5,0,.11,,4,,18.5
156,堡林,2023-06-23 07:00,20.1,,.5,290,99,1000.8,1009,.9,.53,,2,,19.9
156,堡林,2023-06-23 08:00,21.6,,1,180,96,1001.5,1009.6,1,1.25,,0,,24.3
156,堡林,2023-06-23 09:00,23.4,,.4,0,85,1001.6,1009.6,1,1.94,,1,,29.5
156,堡林,2023-06-23 10:00,25.6,,.2,0,74,1001.7,1009.7,1,2.7,,0,,34.9
156,堡林,2023-06-23 11:00,26.9,,.6,140,63,1001.7,1009.6,1,3.23,,1,,40
156,堡林,2023-06-23 12:00,28.6,,.5,90,59,1001.5,1009.4,1,3.51,,2,,43.7
156,堡林,2023-06-23 13:00,29.3,,.4,0,55,1001.1,1008.9,1,3.59,,4,,46.2
156,堡林,2023-06-23 14:00,30.3,,.7,290,54,1000.6,1008.5,1,3.23,,6,,45
156,堡林,2023-06-23 15:00,30.9,,0,0,48,1000.4,1008.2,.8,2.49,,8,,42.5
156,堡林,2023-06-23 16:00,31.2,,.5,360,48,1000.4,1008.2,.8,2.13,,6,,41.8
156,堡林,2023-06-23 17:00,29.8,,2.7,270,65,1000.7,1008.5,.9,1.61,,3,,38.6
156,堡林,2023-06-23 18:00,29.9,,1.7,230,65,1001.1,1009,1,1.29,,8,,37
156,堡林,2023-06-23 19:00,26.9,,4.2,200,70,1002.1,1010,.4,.4,,6,,31.1
156,堡林,2023-06-23 20:00,25.3,,2.8,200,77,1003,1011,0,.09,,6,,27.9
156,堡林,2023-06-23 21:00,24.4,,2.4,200,85,1004.2,1012.2,,,,6,,26.2
156,堡林,2023-06-23 22:00,24,,1.6,200,86,1004.7,1012.7,,,,7,,25
156,堡林,2023-06-23 23:00,23.7,,1.5,200,82,1004.7,1012.7,,,,7,,24
156,堡林,2023-06-24 00:00,23.4,,1.8,200,84,1005.1,1013.1,,,,8,,23.3
156,堡林,2023-06-24 01:00,22.9,,0,0,87,1004.8,1012.9,,,,7,,22.9
156,堡林,2023-06-24 02:00,22.8,,.7,50,92,1005.1,1013.2,,,,6,,22.4
156,堡林,2023-06-24 03:00,22.1,,.5,50,93,1005.4,1013.5,,,,9,,22.2
156,堡林,2023-06-24 04:00,21.7,,.1,0,97,1005.5,1013.6,,,,9,,21.7
156,堡林,2023-06-24 05:00,21.6,,0,0,97,1005.8,1013.9,,,,9,,21.6
156,堡林,2023-06-24 06:00,21.9,,.2,0,97,1006.3,1014.4,0,.08,,9,,21.6
156,堡林,2023-06-24 07:00,22.2,,0,0,95,1006.2,1014.3,0,.28,,9,,22.9
156,堡林,2023-06-24 08:00,22.9,,.1,0,91,1006.5,1014.6,.2,.78,,8,,25.8
156,堡林,2023-06-24 09:00,24.8,,.5,70,82,1006.7,1014.7,.8,1.47,,4,,30.6
156,堡林,2023-06-24 10:00,26.8,,.8,50,71,1006.5,1014.5,1,2.36,,4,,36.9
156,堡林,2023-06-24 11:00,28.1,,.5,20,61,1006.2,1014.1,1,3.04,,2,,43
156,堡林,2023-06-24 12:00,30.2,,2.4,160,54,1006,1013.9,1,3.3,,5,,47.3
156,堡林,2023-06-24 13:00,31.2,,1.6,230,51,1005.8,1013.7,1,2.92,,7,,47.1
156,堡林,2023-06-24 14:00,31.7,,.7,160,51,1005.4,1013.3,.8,2.78,,7,,48.4
156,堡林,2023-06-24 15:00,30.8,,3,200,52,1005.2,1013.1,.7,2.1,,8,,44.6
156,堡林,2023-06-24 16:00,29.3,,2.9,180,54,1005.2,1013.1,.6,1.8,,9,,40.6
156,堡林,2023-06-24 17:00,28.7,,3.3,200,56,1005.1,1013,.2,1.19,,9,,36.7
156,堡林,2023-06-24 18:00,27.7,,2.7,180,58,1005.3,1013.2,.2,.7,,9,,32.9
156,堡林,2023-06-24 19:00,27.1,,2.3,200,60,1005.6,1013.6,0,.3,,10,,29.8
156,堡林,2023-06-24 20:00,26,,1.9,230,68,1006.3,1014.3,0,.09,,10,,27.3
156,堡林,2023-06-24 21:00,25,,2,230,75,1006.7,1014.7,,,,9,,25.7
156,堡林,2023-06-24 22:00,24,,1,230,84,1007.3,1015.3,,,,10,,24.7
156,堡林,2023-06-24 23:00,23.5,,1.3,230,88,1007.6,1015.6,,,,10,,24
156,堡林,2023-06-25 00:00,22.6,,.8,230,95,1007.4,1015.5,,,,9,,23.2
156,堡林,2023-06-25 01:00,22.3,,0,0,97,1007,1015.1,,,,10,,22.5
156,堡林,2023-06-25 02:00,21.6,,.9,70,97,1006.7,1014.8,,,,10,,21.8
156,堡林,2023-06-25 03:00,21.4,,.5,50,98,1006.3,1014.4,,,,9,,21.5
156,堡林,2023-06-25 04:00,21.6,,0,0,98,1006.2,1014.3,,,,9,,21.1
156,堡林,2023-06-25 05:00,20.9,,0,0,99,1006.2,1014.4,,,,7,,20.5
156,堡林,2023-06-25 06:00,21.1,,0,0,98,1006,1014.1,0,.1,,9,,20
156,堡林,2023-06-25 07:00,21.8,,0,0,97,1005.9,1014,.5,.49,,7,,22.2
156,堡林,2023-06-25 08:00,22.8,,1.2,70,90,1005.6,1013.7,.4,.79,,9,,25.6
156,堡林,2023-06-25 09:00,23.8,,.2,0,81,1005.5,1013.5,.2,1.08,,10,,28.8
156,堡林,2023-06-25 10:00,24.8,,.9,180,71,1005.3,1013.3,0,1.25,,10,,32.7
156,堡林,2023-06-25 11:00,26.1,,1.5,70,69,1004.7,1012.7,.2,1.78,,10,,38.5
156,堡林,2023-06-25 12:00,27,,.2,0,65,1004.2,1012.2,.4,2.25,,10,,39.8
156,堡林,2023-06-25 13:00,27.3,,1.6,200,68,1003.9,1011.8,0,1.5,,10,,38.2
156,堡林,2023-06-25 14:00,25.7,,3.3,180,73,1003.7,1011.7,0,1.1,,10,,34
156,堡林,2023-06-25 15:00,23.9,.4,1.5,90,90,1003.2,1011.2,0,.52,,10,,29
156,堡林,2023-06-25 16:00,22.4,1.7,1.3,70,99,1002.7,1010.8,0,.63,,10,,27.2
156,堡林,2023-06-25 17:00,22.1,.2,1.6,90,99,1002.6,1010.7,0,.4,,10,,25
156,堡林,2023-06-25 18:00,21.5,1.3,1.1,70,99,1002.5,1010.6,0,.24,,10,,23.7
156,堡林,2023-06-25 19:00,21.2,1.9,0,0,99,1003,1011.1,0,.14,,10,,23.4
156,堡林,2023-06-25 20:00,21.3,.7,1,50,99,1002.6,1010.7,0,.09,,10,,23
156,堡林,2023-06-25 21:00,21.4,.5,.7,70,99,1002.6,1010.7,,,,10,,22.6
156,堡林,2023-06-25 22:00,21.2,.1,0,0,99,1003.1,1011.2,,,,10,,22.5
156,堡林,2023-06-25 23:00,21.1,.1,.4,0,99,1002.7,1010.8,,,,10,,22.4
156,堡林,2023-06-26 00:00,21.2,.2,0,0,99,1002.2,1010.3,,,,10,,22.5
156,堡林,2023-06-26 01:00,21.2,3.6,0,0,99,1001.3,1009.4,,,,10,,22
156,堡林,2023-06-26 02:00,21.3,.7,.7,50,99,1000.7,1008.8,,,,10,,22.2
156,堡林,2023-06-26 03:00,21.6,1.5,.8,70,99,999.8,1007.9,,,,10,,22.2
156,堡林,2023-06-26 04:00,22,18,2.3,200,99,999.4,1007.5,,,,10,,21.6
156,堡林,2023-06-26 05:00,22.5,15.9,2.2,230,99,1000,1008,,,,10,,21.9
156,堡林,2023-06-26 06:00,23.2,.4,3.2,230,99,1000.2,1008.2,0,.07,,10,,22.5
156,堡林,2023-06-26 07:00,23.7,.1,3.1,230,99,1000.7,1008.7,0,.1,,10,,23.2
156,堡林,2023-06-26 08:00,24,0,2.8,230,99,1001,1009,0,.2,,10,,24.1
156,堡林,2023-06-26 09:00,24.5,,2.6,230,99,1001,1009,0,.57,,10,,26.1
156,堡林,2023-06-26 10:00,24.5,0,2.5,230,99,1001.2,1009.2,0,.38,,10,,25.5
156,堡林,2023-06-26 11:00,25.1,0,3.5,230,99,1001.2,1009.2,0,.47,,10,,26.7
156,堡林,2023-06-26 12:00,24.3,4.9,4.1,230,99,1001.5,1009.5,0,.57,,10,,25.4
156,堡林,2023-06-26 13:00,24.4,18.2,3.4,230,99,1000.8,1008.8,0,.6,,10,,26.8
156,堡林,2023-06-26 14:00,24.9,,2.3,230,99,1000.5,1008.5,0,.45,,10,,26.4
156,堡林,2023-06-26 15:00,25.3,,2.7,250,99,1000.3,1008.3,0,.49,,10,,26.5
156,堡林,2023-06-26 16:00,25.9,0,1,230,99,999.7,1007.7,0,.64,,10,,27.6
156,堡林,2023-06-26 17:00,25,5.1,1.8,200,99,999.4,1007.4,0,.27,,10,,25.8
156,堡林,2023-06-26 18:00,24.7,2.3,1.7,250,99,999.2,1007.1,0,.29,,10,,25.6
156,堡林,2023-06-26 19:00,24.5,2.6,2,230,99,999.3,1007.2,0,.13,,9,,25
156,堡林,2023-06-26 20:00,24.4,.1,2.9,230,99,999.5,1007.4,0,.08,,10,,24.6
156,堡林,2023-06-26 21:00,24.3,.2,3.2,250,99,999.7,1007.6,,,,10,,24.3
156,堡林,2023-06-26 22:00,24.1,.3,3.4,230,99,1000,1008,,,,10,,24
156,堡林,2023-06-26 23:00,24.1,.4,3.1,230,99,1000.2,1008.2,,,,10,,23.9
156,堡林,2023-06-27 00:00,24,0,4.3,230,99,1000,1008,,,,10,,23.9
156,堡林,2023-06-27 01:00,24,,3.1,230,99,1000.2,1008.2,,,,10,,23.8
156,堡林,2023-06-27 02:00,23.7,8.5,3.6,230,99,999.9,1007.9,,,,10,,23.5
156,堡林,2023-06-27 03:00,23.2,.7,3,230,99,1000.1,1008.1,,,,8,,23.2
156,堡林,2023-06-27 04:00,23.4,,2,230,99,1000.9,1008.9,,,,10,,23.2
156,堡林,2023-06-27 05:00,23.2,,1.2,230,99,1001.3,1009.3,,,,10,,23.2
156,堡林,2023-06-27 06:00,23.2,0,0,0,99,1001.6,1009.6,0,.07,,10,,23.3
156,堡林,2023-06-27 07:00,23.2,0,0,0,99,1002,1010,0,.16,,10,,23.8
156,堡林,2023-06-27 08:00,23.9,,1.6,250,99,1002.3,1010.3,0,.39,,10,,25.3
156,堡林,2023-06-27 09:00,24,,.9,230,99,1002.6,1010.6,0,.48,,10,,25.6
156,堡林,2023-06-27 10:00,24.7,,.6,230,99,1002.9,1010.9,0,.73,,10,,27.2
156,堡林,2023-06-27 11:00,27.6,,2.5,230,98,1002.8,1010.7,.6,2.18,,9,,34.8
156,堡林,2023-06-27 12:00,28.1,,1.9,250,88,1002.6,1010.5,.8,2.84,,9,,36.4
156,堡林,2023-06-27 13:00,27.7,,1.6,250,93,1002.4,1010.3,.1,1.63,,10,,33
156,堡林,2023-06-27 14:00,28.3,,2.8,230,91,1002.3,1010.2,.4,1.9,,9,,33.3
156,堡林,2023-06-27 15:00,28.6,,2,250,87,1002.3,1010.2,.5,2.03,,10,,33.3
156,堡林,2023-06-27 16:00,29.8,,3.4,230,80,1001.8,1009.6,.8,2.25,,3,,36
156,堡林,2023-06-27 17:00,30.1,,3.8,230,77,1001.7,1009.6,.9,1.81,,6,,34.3
156,堡林,2023-06-27 18:00,28.4,,3.8,230,87,1002,1009.9,1,1.38,,5,,30.9
156,堡林,2023-06-27 19:00,27,,2.5,230,95,1002.7,1010.6,.6,.57,,4,,27.9
156,堡林,2023-06-27 20:00,26,0,2.4,230,99,1001.9,1009.9,0,.09,,10,,26.4
156,堡林,2023-06-27 21:00,23.7,8.2,2.7,230,99,1002.6,1010.6,,,,10,,24.9
156,堡林,2023-06-27 22:00,21.2,45.6,1,230,99,1004.3,1012.4,,,,10,,22.4
156,堡林,2023-06-27 23:00,21.1,44,,,99,1003.7,1011.8,,,,10,,21.7
156,堡林,2023-06-28 00:00,20.8,23.2,,,99,1003.9,1012,,,,10,,21.4
156,堡林,2023-06-28 01:00,20.6,36.5,,,99,1003,1011.1,,,,10,,21.2
156,堡林,2023-06-28 02:00,20.2,38.4,,,99,1002.6,1010.8,,,,10,,20.8
156,堡林,2023-06-28 03:00,20.1,9.7,,,99,1002.1,1010.3,,,,10,,20.7
156,堡林,2023-06-28 04:00,19.9,29,,,99,1002.8,1011,,,,10,,20.3
156,堡林,2023-06-28 05:00,19.6,26.6,,,99,1002.8,1010.9,,,,10,,19.9
156,堡林,2023-06-28 06:00,19.9,6.5,,,99,1002.9,1011.1,0,.06,,10,,20
156,堡林,2023-06-28 07:00,19.9,6.6,,,99,1002.9,1011.1,0,.14,,10,,20.6
156,堡林,2023-06-28 08:00,20.7,0,.2,0,99,1003.1,1011.2,0,.42,,10,,22.2
156,堡林,2023-06-28 09:00,21.1,0,.7,230,99,1002.7,1010.8,0,.37,,10,,22.6
156,堡林,2023-06-28 10:00,21.5,,.4,0,99,1003,1011.1,0,.44,,10,,23.9
156,堡林,2023-06-28 11:00,22.2,,.5,50,99,1002.9,1011,0,.86,,10,,25.7
156,堡林,2023-06-28 12:00,22.8,,1.7,200,99,1002.5,1010.5,0,.75,,10,,25.5
156,堡林,2023-06-28 13:00,23.5,,.4,0,99,1001.9,1009.9,0,.89,,10,,26.5
156,堡林,2023-06-28 14:00,24.3,,1.3,200,99,1001.2,1009.2,0,.88,,10,,27.5
156,堡林,2023-06-28 15:00,24.7,,1.4,200,99,1000.9,1008.8,0,1.17,,10,,28.4
156,堡林,2023-06-28 16:00,24.7,,1.1,200,99,1000.6,1008.5,0,.69,,10,,27.3
156,堡林,2023-06-28 17:00,25.1,,.2,0,99,1000.3,1008.3,0,.56,,10,,27.1
156,堡林,2023-06-28 18:00,24.6,,0,0,99,1000.4,1008.3,0,.29,,10,,25.7
156,堡林,2023-06-28 19:00,24.5,,.2,0,99,1000.1,1008,0,.2,,10,,25.2
156,堡林,2023-06-28 20:00,24.5,,.6,200,99,1000.4,1008.3,0,.09,,9,,24.5
156,堡林,2023-06-28 21:00,24.6,,0,0,99,1000.4,1008.3,,,,10,,24.2
156,堡林,2023-06-28 22:00,24.3,,0,0,99,1000.5,1008.5,,,,10,,24
156,堡林,2023-06-28 23:00,24.4,,.2,0,99,1000.2,1008.1,,,,7,,23.8
156,堡林,2023-06-29 00:00,24.1,,1.3,200,99,1000,1008,,,,10,,23.6
156,堡林,2023-06-29 01:00,24.3,,1.9,180,99,998.8,1006.7,,,,7,,23.4
156,堡林,2023-06-29 02:00,24.2,,.9,200,99,998.8,1006.7,,,,6,,23.4
156,堡林,2023-06-29 03:00,24.3,0,0,0,99,998.6,1006.5,,,,10,,23.5
156,堡林,2023-06-29 04:00,24,0,0,0,99,998.2,1006.2,,,,10,,23.5
156,堡林,2023-06-29 05:00,23.8,0,.2,0,99,998.3,1006.3,,,,10,,23.5
156,堡林,2023-06-29 06:00,23.8,.3,0,0,99,998,1006,0,.07,,10,,23.7
156,堡林,2023-06-29 07:00,24.3,,1.3,200,99,997.4,1005.3,0,.13,,10,,24
156,堡林,2023-06-29 08:00,25.3,,2.4,200,99,997.5,1005.5,0,.48,,10,,25.9
156,堡林,2023-06-29 09:00,25.7,,2.6,180,99,996.7,1004.6,0,.53,,10,,26.2
156,堡林,2023-06-29 10:00,25.9,,2.2,200,99,996.7,1004.6,0,.52,,10,,26.6
156,堡林,2023-06-29 11:00,25.8,,2.6,200,99,996,1003.9,0,.45,,10,,26.3
156,堡林,2023-06-29 12:00,24.5,3.4,2.8,230,99,996.4,1004.3,0,.29,,10,,24.9
156,堡林,2023-06-29 13:00,24.6,9.6,.8,180,99,995.1,1003,0,.24,,10,,25.4
156,堡林,2023-06-29 14:00,25,0,3.3,200,99,993.7,1001.6,0,.47,,10,,26
156,堡林,2023-06-29 15:00,25,,3,230,99,993.2,1001.1,0,.24,,10,,25.5
156,堡林,2023-06-29 16:00,25.1,,2.3,230,99,993.5,1001.4,0,.23,,10,,25.5
156,堡林,2023-06-29 17:00,24.8,.1,3.4,230,99,993.6,1001.5,0,.18,,10,,25.2
156,堡林,2023-06-29 18:00,25.2,,2.4,230,99,993.3,1001.2,0,.29,,10,,25.7
156,堡林,2023-06-29 19:00,25.2,.7,2.4,230,99,993.6,1001.5,0,.15,,10,,24.9
156,堡林,2023-06-29 20:00,24.4,3.2,2,230,99,993.3,1001.2,0,.08,,10,,24.4
156,堡林,2023-06-29 21:00,25.1,,.8,250,99,993.8,1001.7,,,,10,,24.3
156,堡林,2023-06-29 22:00,24.4,1,1,230,99,994.5,1002.4,,,,10,,24.2
156,堡林,2023-06-29 23:00,23.9,9.4,3.8,200,99,994.5,1002.4,,,,10,,23.8
156,堡林,2023-06-30 00:00,23.3,10.6,4.4,230,99,994.3,1002.3,,,,10,,23.5
156,堡林,2023-06-30 01:00,23.3,1.3,3.1,230,99,993.8,1001.7,,,,10,,23.3
156,堡林,2023-06-30 02:00,23.3,.2,1.7,200,99,993.1,1001,,,,10,,23.2
156,堡林,2023-06-30 03:00,23,0,2.9,230,99,993.4,1001.4,,,,10,,23.1
156,堡林,2023-06-30 04:00,22.9,1.1,2.2,230,99,992.8,1000.8,,,,10,,23
156,堡林,2023-06-30 05:00,22.8,1.2,2.7,200,99,992.4,1000.4,,,,10,,22.9
156,堡林,2023-06-30 06:00,22.9,2,1.4,250,99,992.6,1000.6,0,.06,,10,,22.9
156,堡林,2023-06-30 07:00,23,2.6,.9,250,99,992.6,1000.6,0,.09,,10,,23.2
156,堡林,2023-06-30 08:00,23.2,2.3,1.2,230,99,993.1,1001,0,.16,,10,,23.7
156,堡林,2023-06-30 09:00,23.1,1.7,2.2,230,99,993.2,1001.2,0,.23,,10,,24
156,堡林,2023-06-30 10:00,23.4,.6,1.1,230,99,993.3,1001.2,0,.29,,10,,24.7
156,堡林,2023-06-30 11:00,24.3,,1.6,230,99,993.5,1001.4,0,.73,,10,,26.6
156,堡林,2023-06-30 12:00,24.5,,1.9,230,99,993.6,1001.5,0,.36,,10,,25.8
156,堡林,2023-06-30 13:00,25,,1.7,230,99,993.4,1001.3,0,.79,,10,,27.2
156,堡林,2023-06-30 14:00,25.5,,1.9,250,99,993,1000.9,0,1.04,,10,,28.3
156,堡林,2023-06-30 15:00,25.7,,2,250,99,992.4,1000.3,0,.54,,10,,27.9
156,堡林,2023-06-30 16:00,25.7,,1.9,250,99,992.6,1000.5,0,.64,,10,,27.4
156,堡林,2023-06-30 17:00,25.2,,3,230,99,992.6,1000.5,0,.55,,10,,27.3
156,堡林,2023-06-30 18:00,25.5,,.5,250,99,992.5,1000.4,0,.56,,10,,27.2
156,堡林,2023-06-30 19:00,25.3,,.1,0,99,992.9,1000.8,.1,.35,,9,,26.3
156,堡林,2023-06-30 20:00,24.9,,1,50,99,993.3,1001.2,0,.09,,10,,25.2
156,堡林,2023-06-30 21:00,24.1,.1,0,0,99,993.9,1001.8,,,,10,,24.8
156,堡林,2023-06-30 22:00,23.8,.2,0,0,99,994.7,1002.6,,,,10,,24.4
156,堡林,2023-06-30 23:00,23.7,.9,0,0,99,995.2,1003.1,,,,10,,24.2
156,堡林,2023-07-01 00:00,23.7,.5,0,0,99,995.6,1003.5,,,,10,,24.2
156,堡林,2023-07-01 01:00,23.7,.3,0,0,99,995.5,1003.4,,,,10,,24.1
156,堡林,2023-07-01 02:00,23.5,.3,0,0,99,995,1002.9,,,,10,,24
156,堡林,2023-07-01 03:00,23.5,0,0,0,99,995,1002.9,,,,10,,24
156,堡林,2023-07-01 04:00,23.5,.1,0,0,99,995,1002.9,,,,10,,23.9
156,堡林,2023-07-01 05:00,23.1,.1,1.7,230,99,995.9,1003.9,,,,10,,23.7
156,堡林,2023-07-01 06:00,22.9,.1,0,0,99,996.5,1004.5,0,.07,,10,,23.7
156,堡林,2023-07-01 07:00,22.8,0,.2,0,99,996.9,1004.9,0,.12,,10,,23.9
156,堡林,2023-07-01 08:00,23,0,.3,0,99,997.4,1005.4,0,.26,,10,,24.4
156,堡林,2023-07-01 09:00,23.3,.2,.4,0,99,997.9,1005.9,0,.37,,10,,25.3
156,堡林,2023-07-01 10:00,23.3,.5,.7,270,99,998.6,1006.6,0,.42,,10,,25.7
156,堡林,2023-07-01 11:00,23.7,0,.4,0,99,999.4,1007.4,0,.51,,10,,26.6
156,堡林,2023-07-01 12:00,25.1,0,0,0,99,999.5,1007.5,0,1.1,,10,,30.1
156,堡林,2023-07-01 13:00,27,,.4,0,97,998.7,1006.6,.6,2.8,,5,,36.6
156,堡林,2023-07-01 14:00,28.3,,.4,0,88,998.3,1006.2,.7,2.86,,5,,36.8
156,堡林,2023-07-01 15:00,29.2,,.7,180,85,997.8,1005.6,.6,2.34,,6,,36.6
156,堡林,2023-07-01 16:00,29.3,,.1,0,83,997.9,1005.7,.6,1.7,,7,,35.2
156,堡林,2023-07-01 17:00,29.8,,1.6,230,85,997.8,1005.6,.5,1.37,,6,,33.4
156,堡林,2023-07-01 18:00,28.7,,2.7,230,90,998,1005.8,.3,.65,,4,,30.4
156,堡林,2023-07-01 19:00,27.1,,3.4,230,95,999.3,1007.2,.4,.47,,2,,28.5
156,堡林,2023-07-01 20:00,26,,1.7,230,99,999.8,1007.8,0,.1,,2,,26.8
156,堡林,2023-07-01 21:00,25.5,,.3,0,99,1000.3,1008.3,,,,7,,25.7
156,堡林,2023-07-01 22:00,25.4,,.6,250,99,1000.7,1008.7,,,,6,,24.7
156,堡林,2023-07-01 23:00,24.2,,0,0,99,1000.5,1008.5,,,,6,,24
156,堡林,2023-07-02 00:00,24,,0,0,99,1000.7,1008.7,,,,5,,23.4
156,堡林,2023-07-02 01:00,23.7,,.3,0,99,1000.6,1008.6,,,,6,,23.4
156,堡林,2023-07-02 02:00,23.4,,0,0,99,1000.8,1008.8,,,,6,,23.5
156,堡林,2023-07-02 03:00,23.2,,.2,0,99,1000.9,1008.9,,,,5,,23.2
156,堡林,2023-07-02 04:00,22.6,,0,0,99,1000.3,1008.3,,,,7,,22.6
156,堡林,2023-07-02 05:00,23.2,,.3,0,99,1000.5,1008.5,,,,8,,23.3
156,堡林,2023-07-02 06:00,23,,0,0,99,1000.5,1008.5,0,.11,,8,,23.1
156,堡林,2023-07-02 07:00,23.9,,0,0,99,1001.3,1009.3,0,.4,,9,,24.6
156,堡林,2023-07-02 08:00,24.7,,0,0,99,1001.8,1009.7,0,.81,,9,,26.8
156,堡林,2023-07-02 09:00,25.8,,.3,0,98,1002.1,1010.1,.7,1.52,,9,,30.9
156,堡林,2023-07-02 10:00,27.5,,1,230,96,1001.9,1009.8,.4,1.71,,7,,33.9
156,堡林,2023-07-02 11:00,28.4,,.2,0,86,1001.3,1009.2,1,2.81,,7,,38.2
156,堡林,2023-07-02 12:00,28.7,,.5,360,80,1001.1,1009,.7,2.64,,8,,36.6
156,堡林,2023-07-02 13:00,29.9,,1.1,250,76,1000.5,1008.4,.9,3.06,,7,,39.9
156,堡林,2023-07-02 14:00,30.4,,1.1,140,70,999.7,1007.5,.9,3.1,,7,,39.9
156,堡林,2023-07-02 15:00,30.6,,1.4,230,78,999,1006.8,.6,2.17,,8,,37.5
156,堡林,2023-07-02 16:00,30,,1,230,79,999.4,1007.3,.2,1.46,,8,,34.8
156,堡林,2023-07-02 17:00,30.9,,1.5,230,74,999.7,1007.5,.1,1.16,,9,,34.2
156,堡林,2023-07-02 18:00,30.9,,2.4,200,78,999.5,1007.3,.8,1.36,,5,,32.6
156,堡林,2023-07-02 19:00,29.6,,2.2,230,89,999.8,1007.6,.5,.67,,7,,30.4
156,堡林,2023-07-02 20:00,27.8,,1.8,200,93,1000.4,1008.3,.3,.18,,4,,27.8
156,堡林,2023-07-02 21:00,26.9,,1.7,230,97,1000.8,1008.7,,,,3,,26.2
156,堡林,2023-07-02 22:00,26.5,,.9,200,98,1000.8,1008.7,,,,5,,25.5
156,堡林,2023-07-02 23:00,26,,1.2,200,99,1000.8,1008.8,,,,4,,25.1
156,堡林,2023-07-03 00:00,25.2,,.2,0,99,1000.5,1008.5,,,,2,,24.6
156,堡林,2023-07-03 01:00,25,,0,0,99,1000,1008,,,,4,,24.1
156,堡林,2023-07-03 02:00,24.9,,.8,180,99,999.5,1007.5,,,,9,,24.5
156,堡林,2023-07-03 03:00,24.8,,.1,0,99,999.2,1007.1,,,,8,,24.4
156,堡林,2023-07-03 04:00,24.9,,0,0,99,998.8,1006.8,,,,10,,24.7
156,堡林,2023-07-03 05:00,24.7,,0,0,99,998.9,1006.8,,,,10,,24.6
156,堡林,2023-07-03 06:00,24.5,,.6,70,99,998.5,1006.4,0,.08,,10,,24.7
156,堡林,2023-07-03 07:00,24.8,,0,0,99,998.7,1006.6,0,.18,,10,,25.4
156,堡林,2023-07-03 08:00,25.9,,1.6,70,99,998.7,1006.7,.5,.95,,8,,28.4
156,堡林,2023-07-03 09:00,27.4,,.4,0,97,998.9,1006.8,.3,1.33,,7,,30.9
156,堡林,2023-07-03 10:00,27.7,,1,250,95,998.8,1006.7,.3,1.37,,9,,31.2
156,堡林,2023-07-03 11:00,28.5,,2.2,200,91,998.7,1006.6,.1,1.67,,8,,34.3
156,堡林,2023-07-03 12:00,29.1,,1.5,180,89,998.6,1006.4,.1,1.7,,9,,34.7
156,堡林,2023-07-03 13:00,31.3,,.9,200,78,997.8,1005.6,.8,2.97,,8,,41
156,堡林,2023-07-03 14:00,30.7,,1.5,200,76,997.2,1005,.5,2.37,,9,,37.8
156,堡林,2023-07-03 15:00,30,,2,230,82,996.8,1004.6,.3,1.66,,9,,34.7
156,堡林,2023-07-03 16:00,30.2,,2.1,200,84,996.8,1004.6,0,1,,10,,33.8
156,堡林,2023-07-03 17:00,29.5,,3.1,200,88,996.6,1004.4,.1,.93,,8,,32.2
156,堡林,2023-07-03 18:00,28.4,,2.9,250,92,996.6,1004.4,.2,.74,,7,,30.8
156,堡林,2023-07-03 19:00,27.4,,2.2,270,97,996.6,1004.5,0,.39,,7,,29
156,堡林,2023-07-03 20:00,26.8,,.7,230,99,996.5,1004.4,0,.13,,6,,27.3
156,堡林,2023-07-03 21:00,26.7,,1.6,200,99,996.7,1004.6,,,,7,,26.2
156,堡林,2023-07-03 22:00,26.1,,1.6,230,99,997.3,1005.2,,,,7,,25.6
156,堡林,2023-07-03 23:00,25.8,,1.7,180,99,997.3,1005.2,,,,7,,25.2
156,堡林,2023-07-04 00:00,25.9,,0,0,99,997.2,1005.1,,,,8,,25.1
156,堡林,2023-07-04 01:00,25.7,,2.4,200,98,997.1,1005,,,,8,,25
156,堡林,2023-07-04 02:00,25.4,,1.2,230,98,996.7,1004.7,,,,10,,25
156,堡林,2023-07-04 03:00,25.5,,0,0,98,996.4,1004.3,,,,7,,25
156,堡林,2023-07-04 04:00,25.1,,1.8,230,98,995.9,1003.9,,,,8,,24.7
156,堡林,2023-07-04 05:00,24.9,0,1.3,180,99,995.7,1003.7,,,,10,,24.7
156,堡林,2023-07-04 06:00,24.6,0,0,0,99,995.9,1003.8,0,.06,,10,,24.9
156,堡林,2023-07-04 07:00,23.7,5.1,0,0,99,995.8,1003.7,0,.12,,10,,24.4
156,堡林,2023-07-04 08:00,23.7,4.7,0,0,99,995.9,1003.8,0,.13,,10,,24.7
156,堡林,2023-07-04 09:00,23.8,3.7,0,0,99,995.6,1003.5,0,.2,,10,,25.2
156,堡林,2023-07-04 10:00,24.5,,1.6,200,99,995.5,1003.4,0,.62,,10,,27.7
156,堡林,2023-07-04 11:00,23.8,3,.9,160,99,995.4,1003.3,0,.47,,10,,26.1
156,堡林,2023-07-04 12:00,23.6,8.1,.8,50,99,994.7,1002.6,0,.36,,10,,25.3
156,堡林,2023-07-04 13:00,23.9,.9,.2,0,99,994.7,1002.6,0,.35,,10,,26.2
156,堡林,2023-07-04 14:00,24.4,.1,0,0,99,994.3,1002.2,0,.5,,10,,27.1
156,堡林,2023-07-04 15:00,25.1,0,.7,160,99,993.7,1001.6,0,.75,,10,,28.5
156,堡林,2023-07-04 16:00,24.5,0,1.4,230,99,993,1000.9,0,.69,,10,,27.9
156,堡林,2023-07-04 17:00,24.8,0,1.9,200,99,992.3,1000.2,0,.45,,10,,27.3
156,堡林,2023-07-04 18:00,25,,2,200,99,991.9,999.8,0,.48,,10,,26.9
156,堡林,2023-07-04 19:00,24.7,,3,200,99,991.7,999.6,0,.25,,10,,25.8
156,堡林,2023-07-04 20:00,24.9,,2.4,200,99,991.5,999.4,0,.09,,10,,25.1
156,堡林,2023-07-04 21:00,24.7,0,2.5,200,99,991.4,999.3,,,,10,,24.8
156,堡林,2023-07-04 22:00,24.2,1.4,2.1,200,99,991.2,999.1,,,,10,,24.6
156,堡林,2023-07-04 23:00,24.6,0,2.6,180,99,990.1,998,,,,10,,24.5
156,堡林,2023-07-05 00:00,24.9,,2.7,200,99,989.5,997.4,,,,10,,24.4
156,堡林,2023-07-05 01:00,25.3,0,2.9,180,99,988.5,996.4,,,,10,,24.5
156,堡林,2023-07-05 02:00,24.5,4,2.9,200,99,988.4,996.3,,,,10,,24.5
156,堡林,2023-07-05 03:00,24.3,18,2.5,230,99,988,995.9,,,,10,,24.3
156,堡林,2023-07-05 04:00,24.1,9.1,2.5,230,99,988.4,996.3,,,,10,,24.4
156,堡林,2023-07-05 05:00,23.9,.6,1.6,270,99,988.4,996.3,,,,10,,24.3
156,堡林,2023-07-05 06:00,24,.3,1,250,99,988.4,996.3,0,.07,,10,,24.3
156,堡林,2023-07-05 07:00,23.9,,1.6,270,99,988.8,996.7,0,.16,,10,,24.5
156,堡林,2023-07-05 08:00,23.6,0,.9,320,99,989.5,997.4,0,.28,,10,,24.8
156,堡林,2023-07-05 09:00,24,,.7,360,99,990.1,998,0,.45,,10,,25.4
156,堡林,2023-07-05 10:00,24.8,,.6,320,96,990.2,998.1,.1,1.23,,9,,27.9
156,堡林,2023-07-05 11:00,25.4,,1,20,90,990.4,998.3,0,1.31,,9,,29.2
156,堡林,2023-07-05 12:00,27.4,,1,320,81,990.4,998.2,.6,2.54,,3,,36.2
156,堡林,2023-07-05 13:00,27.9,,1.6,270,75,990,997.8,1,3.57,,2,,39.5
156,堡林,2023-07-05 14:00,29,,1.3,270,69,989.8,997.6,1,3.51,,1,,40.2
156,堡林,2023-07-05 15:00,29.5,,2.2,270,70,989.6,997.3,1,3.25,,0,,39.6
156,堡林,2023-07-05 16:00,29.3,,2.3,270,68,989.9,997.7,1,2.75,,0,,37.5
156,堡林,2023-07-05 17:00,28.9,,1.5,270,70,990.2,998,1,2.1,,0,,34.6
156,堡林,2023-07-05 18:00,28,,1.7,270,73,990.5,998.3,1,1.36,,0,,30.4
156,堡林,2023-07-05 19:00,26.6,,1.9,270,83,991.1,999,.6,.6,,0,,27.4
156,堡林,2023-07-05 20:00,25.1,,2.1,230,87,991.7,999.6,0,.14,,0,,25.1
156,堡林,2023-07-05 21:00,24.5,,1.2,250,87,992.6,1000.5,,,,0,,23.8
156,堡林,2023-07-05 22:00,24,,2.1,230,97,993.5,1001.4,,,,0,,23.1
156,堡林,2023-07-05 23:00,23.1,,1.3,230,99,993.9,1001.9,,,,0,,22.5
156,堡林,2023-07-06 00:00,22.8,,1,200,99,994.4,1002.4,,,,0,,21.9
156,堡林,2023-07-06 01:00,22.2,,0,0,99,994.4,1002.4,,,,0,,21.5
156,堡林,2023-07-06 02:00,22.4,,0,0,99,994.2,1002.2,,,,0,,21.1
156,堡林,2023-07-06 03:00,21.5,,0,0,99,994.6,1002.6,,,,6,,20.9
156,堡林,2023-07-06 04:00,21.5,,0,0,99,994.7,1002.7,,,,7,,20.9
156,堡林,2023-07-06 05:00,21.7,,0,0,99,994.8,1002.8,,,,8,,21
156,堡林,2023-07-06 06:00,21.9,,0,0,99,995,1003,0,.08,,9,,21.7
156,堡林,2023-07-06 07:00,22.3,,0,0,99,995.7,1003.7,.1,.35,,7,,22.9
156,堡林,2023-07-06 08:00,23.6,,.6,90,99,996.2,1004.2,.6,.99,,8,,25.6
156,堡林,2023-07-06 09:00,24.8,,0,0,95,996.6,1004.5,.6,1.4,,4,,29.2
156,堡林,2023-07-06 10:00,27.4,,0,0,74,996.5,1004.4,1,2.37,,5,,34.7
156,堡林,2023-07-06 11:00,27.2,,2,200,67,996.7,1004.6,.5,1.88,,7,,31.5
156,堡林,2023-07-06 12:00,28.6,,1.5,230,60,996,1003.8,.5,2.13,,7,,33.9
156,堡林,2023-07-06 13:00,30.6,,.5,290,58,995.7,1003.5,.9,3.16,,7,,39.2
156,堡林,2023-07-06 14:00,32.4,,1.1,270,56,995.2,1003,1,3.3,,3,,41
156,堡林,2023-07-06 15:00,32,,1.6,270,58,994.8,1002.6,1,2.86,,2,,39.4
156,堡林,2023-07-06 16:00,33.2,,1.7,230,60,994.2,1001.9,1,2.83,,3,,39.5
156,堡林,2023-07-06 17:00,31.5,,1.8,250,62,994.2,1002,.9,2.08,,6,,35.4
156,堡林,2023-07-06 18:00,29.7,,1.5,230,69,994.3,1002.1,.2,.79,,8,,31.2
156,堡林,2023-07-06 19:00,29.1,,1.1,230,78,994.8,1002.6,0,.37,,9,,29.2
156,堡林,2023-07-06 20:00,28.3,,2.6,200,62,995.4,1003.2,0,.11,,10,,26.7
156,堡林,2023-07-06 21:00,27.1,,1.5,230,70,995.8,1003.7,,,,9,,25.6
156,堡林,2023-07-06 22:00,26.2,,.6,230,85,996.2,1004.1,,,,9,,25
156,堡林,2023-07-06 23:00,25.7,,2,200,90,995.8,1003.7,,,,10,,24.5
156,堡林,2023-07-07 00:00,24.5,,2.1,200,98,995.9,1003.8,,,,9,,24.1
156,堡林,2023-07-07 01:00,24.5,,2.3,180,97,995.9,1003.8,,,,10,,23.8
156,堡林,2023-07-07 02:00,24.3,,2.1,180,96,995.4,1003.3,,,,10,,23.4
156,堡林,2023-07-07 03:00,24.1,,.5,140,97,996.1,1004,,,,9,,23.4
156,堡林,2023-07-07 04:00,24.2,,0,0,98,995.6,1003.5,,,,9,,23.4
156,堡林,2023-07-07 05:00,24,,.8,70,97,995.6,1003.5,,,,10,,23.4
156,堡林,2023-07-07 06:00,23.6,,.6,90,98,995.6,1003.5,0,.06,,10,,23.4
156,堡林,2023-07-07 07:00,24,0,.4,0,98,996.2,1004.1,0,.13,,10,,24.1
156,堡林,2023-07-07 08:00,24.1,0,.4,0,99,996,1003.9,0,.29,,10,,24.9
156,堡林,2023-07-07 09:00,23.7,1.1,.1,0,99,995.8,1003.7,0,.28,,10,,25.2
156,堡林,2023-07-07 10:00,23.2,.9,.8,90,99,994.8,1002.8,0,.33,,10,,25.1
156,堡林,2023-07-07 11:00,22.5,5.8,.9,360,99,995,1003,0,.24,,10,,24.2
156,堡林,2023-07-07 12:00,22.2,5.1,.6,50,99,993.7,1001.7,0,.25,,10,,24.1
156,堡林,2023-07-07 13:00,22,15.6,.2,0,99,994.2,1002.2,0,.2,,10,,23.3
156,堡林,2023-07-07 14:00,21.8,23.9,1.2,50,99,993.2,1001.2,0,.15,,10,,22.8
156,堡林,2023-07-07 15:00,22.4,7.2,.7,70,99,991.9,999.9,0,.3,,10,,23.8
156,堡林,2023-07-07 16:00,23.1,.1,0,0,99,991.8,999.7,0,.38,,10,,24.7
156,堡林,2023-07-07 17:00,23.7,0,0,0,99,991.7,999.6,0,.24,,10,,24.7
156,堡林,2023-07-07 18:00,24.4,,3.2,180,99,991.8,999.7,0,.21,,10,,24.7
156,堡林,2023-07-07 19:00,24.6,0,2.5,200,99,992.4,1000.3,0,.11,,10,,24.5
156,堡林,2023-07-07 20:00,24.7,,1.2,200,99,992.9,1000.8,0,.08,,7,,24.3
156,堡林,2023-07-07 21:00,24.6,0,1.8,200,99,993.9,1001.8,,,,10,,24.2
156,堡林,2023-07-07 22:00,24.3,.1,1.4,230,99,994.5,1002.4,,,,10,,24.2
156,堡林,2023-07-07 23:00,24.3,.1,2,230,99,994.5,1002.4,,,,10,,24.2
156,堡林,2023-07-08 00:00,24.3,,1.6,230,99,994.2,1002.1,,,,10,,24.2
156,堡林,2023-07-08 01:00,24.5,,2,230,99,994.4,1002.3,,,,7,,24.2
156,堡林,2023-07-08 02:00,24.4,,.6,200,99,994.1,1002,,,,7,,24.2
156,堡林,2023-07-08 03:00,24.4,,0,0,99,993.9,1001.8,,,,10,,24.1
156,堡林,2023-07-08 04:00,24.4,,0,0,99,993.9,1001.8,,,,10,,24.2
156,堡林,2023-07-08 05:00,24.5,,0,0,99,994.1,1002,,,,10,,24.2
156,堡林,2023-07-08 06:00,24.3,,0,0,99,994.4,1002.3,0,.06,,10,,24.3
156,堡林,2023-07-08 07:00,24.6,,0,0,99,995,1002.9,0,.1,,10,,24.7
156,堡林,2023-07-08 08:00,25.1,,0,0,99,995,1003,0,.24,,10,,25.5
156,堡林,2023-07-08 09:00,25.2,,0,0,99,994.8,1002.7,0,.38,,10,,26.2
156,堡林,2023-07-08 10:00,26,,0,0,99,994.5,1002.4,0,.62,,10,,27.9
156,堡林,2023-07-08 11:00,26.7,,0,0,99,994.7,1002.6,0,1,,10,,29.7
156,堡林,2023-07-08 12:00,27.8,,0,0,97,994.5,1002.3,.3,1.94,,10,,33
156,堡林,2023-07-08 13:00,29.6,,.6,200,92,994.2,1002,.2,1.8,,8,,37
156,堡林,2023-07-08 14:00,30.4,,.8,230,91,993.9,1001.7,.7,2.94,,8,,39.1
156,堡林,2023-07-08 15:00,29.1,,2.4,230,90,994.5,1002.3,.6,2.04,,9,,35.2
156,堡林,2023-07-08 16:00,29,,3.1,200,93,994.5,1002.3,.2,1.33,,9,,33.7
156,堡林,2023-07-08 17:00,28.7,,2.5,230,94,994.7,1002.5,.3,1.07,,9,,32.1
156,堡林,2023-07-08 18:00,28.5,,2.6,250,95,994.9,1002.7,.9,1.39,,3,,30.9
156,堡林,2023-07-08 19:00,27.2,,1.8,250,97,995.6,1003.5,.6,.68,,8,,28.6
156,堡林,2023-07-08 20:00,26.5,,.8,230,99,995.9,1003.8,0,.14,,7,,26.8
156,堡林,2023-07-08 21:00,26.3,,0,0,99,996.4,1004.3,,,,8,,26.4
156,堡林,2023-07-08 22:00,25.6,,0,0,99,996.5,1004.4,,,,7,,25.5
156,堡林,2023-07-08 23:00,26.2,,0,0,99,996.5,1004.4,,,,7,,25.9
156,堡林,2023-07-09 00:00,26.1,,0,0,99,996.4,1004.3,,,,7,,25.9
156,堡林,2023-07-09 01:00,26,,0,0,99,996.2,1004.1,,,,7,,25.7
156,堡林,2023-07-09 02:00,25.8,,.1,0,99,996,1003.9,,,,5,,25.7
156,堡林,2023-07-09 03:00,25.9,,.2,0,99,995.9,1003.8,,,,7,,25.5
156,堡林,2023-07-09 04:00,25.9,,1.5,230,99,995.7,1003.6,,,,6,,25.5
156,堡林,2023-07-09 05:00,25.6,,.9,200,99,995.5,1003.4,,,,6,,25.4
156,堡林,2023-07-09 06:00,25.5,,.2,0,99,995.6,1003.5,0,.07,,9,,25.5
156,堡林,2023-07-09 07:00,25.8,,0,0,99,996.1,1004,0,.13,,9,,25.9
156,堡林,2023-07-09 08:00,25.9,,.8,180,99,996.1,1004,0,.17,,10,,26.1
156,堡林,2023-07-09 09:00,26.4,,1.3,180,99,996.3,1004.2,0,.44,,10,,27.5
156,堡林,2023-07-09 10:00,27.2,,1.8,230,99,996.4,1004.3,0,.57,,10,,28.5
156,堡林,2023-07-09 11:00,27.3,,2.6,230,99,996.3,1004.2,0,.72,,10,,29.6
156,堡林,2023-07-09 12:00,27.3,,2.6,230,99,996.3,1004.2,0,.7,,10,,29.6
156,堡林,2023-07-09 13:00,27.3,,3.4,230,99,995.6,1003.5,0,.41,,10,,28.8
156,堡林,2023-07-09 14:00,28.5,0,2.6,230,98,995.1,1002.9,.1,1.11,,9,,32.8
156,堡林,2023-07-09 15:00,30,,2.8,230,92,995,1002.8,.5,2.16,,7,,36.6
156,堡林,2023-07-09 16:00,29.9,,1.9,230,91,995.1,1002.9,.6,1.84,,8,,34.9
156,堡林,2023-07-09 17:00,29.8,,2.7,270,96,995.3,1003.1,.2,1.16,,10,,33.6
156,堡林,2023-07-09 18:00,28.8,,1.6,230,99,995.5,1003.3,0,.72,,10,,31.6
156,堡林,2023-07-09 19:00,28.1,,1.9,230,99,995.8,1003.6,0,.26,,6,,29.3
156,堡林,2023-07-09 20:00,27.6,,1.6,270,99,996.2,1004.1,0,.09,,5,,28.1
156,堡林,2023-07-09 21:00,27.3,,2.2,230,99,997,1004.9,,,,9,,27.4
156,堡林,2023-07-09 22:00,27,,2.2,250,99,997.7,1005.6,,,,6,,27
156,堡林,2023-07-09 23:00,26.6,,2.7,230,99,997.8,1005.7,,,,6,,26.7
156,堡林,2023-07-10 00:00,26.5,,1.5,200,99,997.5,1005.4,,,,9,,26.6
156,堡林,2023-07-10 01:00,26.4,,2,200,99,997,1004.9,,,,5,,26.4
156,堡林,2023-07-10 02:00,26.3,,1.9,200,99,996.7,1004.6,,,,6,,26.1
156,堡林,2023-07-10 03:00,26.2,,.6,250,99,996.7,1004.6,,,,7,,25.6
156,堡林,2023-07-10 04:00,25.9,,2.2,230,99,996.6,1004.5,,,,9,,25.4
156,堡林,2023-07-10 05:00,25.8,,1.5,230,99,997.2,1005.1,,,,10,,25.5
156,堡林,2023-07-10 06:00,25.9,,.4,0,99,997.8,1005.7,0,.07,,10,,25.5
156,堡林,2023-07-10 07:00,22.9,6.4,3.7,200,99,996,1004,0,.08,,10,,24
156,堡林,2023-07-10 08:00,23.8,,1.5,200,99,995.5,1003.4,.1,.47,,8,,25.5
156,堡林,2023-07-10 09:00,25.8,,1.4,200,98,996.6,1004.5,.3,1,,7,,29.1
156,堡林,2023-07-10 10:00,28,,1.2,180,88,997,1004.9,.9,2.45,,6,,34.9
156,堡林,2023-07-10 11:00,27.8,,1.2,70,95,997.2,1005.1,.3,1.74,,10,,34.2
156,堡林,2023-07-10 12:00,27.9,,1.5,50,95,997.6,1005.5,.1,1.19,,8,,32.9
156,堡林,2023-07-10 13:00,30.6,,.3,0,83,997.2,1005,1,3.27,,7,,39.4
156,堡林,2023-07-10 14:00,31.1,,1.7,200,83,997.2,1005,.8,2.96,,8,,39.4
156,堡林,2023-07-10 15:00,30.7,,2.5,230,79,997.2,1005,.9,2.76,,7,,38.3
156,堡林,2023-07-10 16:00,31.4,,2.9,250,74,997,1004.8,.9,2.26,,8,,37.7
156,堡林,2023-07-10 17:00,30.6,,2.9,230,79,997.3,1005.1,.7,1.53,,8,,34.8
156,堡林,2023-07-10 18:00,29.5,,3,230,87,997.6,1005.4,.7,.95,,6,,31.5
156,堡林,2023-07-10 19:00,28.5,,2.9,230,92,997.8,1005.7,.6,.55,,4,,29.2
156,堡林,2023-07-10 20:00,28.1,,1.9,230,97,998.5,1006.4,0,.11,,5,,27.9
156,堡林,2023-07-10 21:00,27.2,,1.6,250,99,998.9,1006.8,,,,7,,27.1
156,堡林,2023-07-10 22:00,26.5,,1.2,230,99,999.2,1007.1,,,,3,,26.4
156,堡林,2023-07-10 23:00,26.7,,1.6,200,99,999.1,1007,,,,7,,26
156,堡林,2023-07-11 00:00,26.3,,.3,0,99,999.1,1007,,,,8,,25.7
156,堡林,2023-07-11 01:00,26.5,,0,0,99,999.3,1007.2,,,,5,,25.9
156,堡林,2023-07-11 02:00,26.3,,0,0,99,998.6,1006.5,,,,3,,25.4
156,堡林,2023-07-11 03:00,26,,.5,180,99,998.6,1006.5,,,,7,,25.3
156,堡林,2023-07-11 04:00,26,,1.6,230,99,998.5,1006.4,,,,9,,25.3
156,堡林,2023-07-11 05:00,26.1,,0,0,99,998.6,1006.5,,,,8,,25.5
156,堡林,2023-07-11 06:00,26.1,,.4,0,99,999.5,1007.5,0,.07,,10,,25.6
156,堡林,2023-07-11 07:00,25.8,0,2.1,250,99,1000.4,1008.4,0,.14,,10,,25.8
156,堡林,2023-07-11 08:00,25.3,.1,1.8,200,99,1000,1008,0,.14,,10,,26.1
156,堡林,2023-07-11 09:00,25.7,.3,.7,200,99,999.2,1007.2,0,.32,,10,,27
156,堡林,2023-07-11 10:00,26.8,0,0,0,99,1000.3,1008.2,0,.7,,10,,28.9
156,堡林,2023-07-11 11:00,27.2,.2,.3,0,99,999.1,1007,.1,.92,,10,,30.1
156,堡林,2023-07-11 12:00,22.4,36,1.6,270,99,1000.6,1008.6,0,.47,,10,,24.6
156,堡林,2023-07-11 13:00,23.5,15.9,,,99,999.6,1007.6,0,.43,,10,,25.9
156,堡林,2023-07-11 14:00,22.9,13.3,,,99,999.7,1007.7,0,.37,,10,,24.5
156,堡林,2023-07-11 15:00,23.3,1.2,,,99,999,1007,0,.41,,10,,25.5
156,堡林,2023-07-11 16:00,23.4,.6,,,99,998.8,1006.8,0,.29,,10,,24.9
156,堡林,2023-07-11 17:00,23.2,19.9,,,99,998.9,1006.9,0,.26,,10,,24.3
156,堡林,2023-07-11 18:00,24.8,.1,,,99,997.9,1005.8,0,.28,,10,,25.2
156,堡林,2023-07-11 19:00,25.1,,,,99,998.2,1006.2,0,.11,,10,,25
156,堡林,2023-07-11 20:00,25.2,,,,99,998.2,1006.2,0,.08,,9,,25
156,堡林,2023-07-11 21:00,25,,,,99,998.2,1006.2,,,,9,,24.9
156,堡林,2023-07-11 22:00,25.6,,.8,250,99,999.1,1007.1,,,,7,,24.9
156,堡林,2023-07-11 23:00,25.1,,.9,230,99,999.1,1007.1,,,,9,,25
156,堡林,2023-07-12 00:00,25,0,1.5,250,99,999,1007,,,,10,,24.9
156,堡林,2023-07-12 01:00,24.9,1.8,.9,270,99,998,1006,,,,10,,24.8
156,堡林,2023-07-12 02:00,24.8,.1,0,0,99,997.5,1005.4,,,,10,,24.9
156,堡林,2023-07-12 03:00,24.8,0,.8,200,99,997.4,1005.3,,,,10,,25
156,堡林,2023-07-12 04:00,24.7,0,1.7,230,99,997.4,1005.3,,,,10,,24.8
156,堡林,2023-07-12 05:00,24.3,.2,2.6,230,99,998.3,1006.2,,,,10,,24.7
156,堡林,2023-07-12 06:00,23.9,.7,1.2,230,99,998.2,1006.2,0,.06,,10,,24.4
156,堡林,2023-07-12 07:00,23.7,0,1.7,230,99,998.7,1006.7,0,.1,,10,,24.5
156,堡林,2023-07-12 08:00,24.1,0,.7,230,99,998.9,1006.9,0,.15,,10,,25
156,堡林,2023-07-12 09:00,24.7,,1.3,230,99,998.9,1006.8,0,.32,,10,,26
156,堡林,2023-07-12 10:00,24.8,,1.2,230,99,998.9,1006.8,0,.31,,10,,26.3
156,堡林,2023-07-12 11:00,25.3,0,1.3,250,99,999,1007,0,.31,,10,,26.8
156,堡林,2023-07-12 12:00,25.6,0,2.3,230,99,998.8,1006.8,0,.51,,10,,27.9
156,堡林,2023-07-12 13:00,26.8,,1.8,230,99,998.2,1006.1,0,1.18,,10,,30.7
156,堡林,2023-07-12 14:00,27.4,,2,230,99,998,1005.9,0,1.26,,10,,32.1
156,堡林,2023-07-12 15:00,27.4,,1.7,230,99,997.9,1005.8,.1,1.39,,10,,31.7
156,堡林,2023-07-12 16:00,28.2,,4,200,99,997.8,1005.7,.1,1.13,,10,,32.8
156,堡林,2023-07-12 17:00,27.2,,2.4,230,99,997.6,1005.5,.2,1.2,,10,,31
156,堡林,2023-07-12 18:00,26.9,,1.7,230,99,998,1005.9,0,.26,,10,,28.9
156,堡林,2023-07-12 19:00,26.7,,1.6,200,99,998.3,1006.2,0,.17,,7,,28.1
156,堡林,2023-07-12 20:00,26.5,,1.9,230,99,998.4,1006.3,0,.08,,7,,27.2
156,堡林,2023-07-12 21:00,26.5,,.8,230,99,998.7,1006.6,,,,9,,26.7
156,堡林,2023-07-12 22:00,26,,1.1,230,99,999.1,1007.1,,,,8,,26.2
156,堡林,2023-07-12 23:00,25.9,,.1,0,99,999.3,1007.3,,,,9,,26
156,堡林,2023-07-13 00:00,26.2,,1.6,200,99,999.2,1007.1,,,,9,,26
156,堡林,2023-07-13 01:00,26.1,,.6,200,99,999.1,1007,,,,10,,26
156,堡林,2023-07-13 02:00,26,,.8,200,99,998.9,1006.8,,,,8,,25.9
156,堡林,2023-07-13 03:00,26,,.9,200,99,998.4,1006.3,,,,10,,25.9
156,堡林,2023-07-13 04:00,25.4,.1,.2,0,99,998.3,1006.3,,,,10,,25.8
156,堡林,2023-07-13 05:00,25.2,2.8,.8,90,99,998.4,1006.4,,,,10,,25.6
156,堡林,2023-07-13 06:00,25.1,,.9,70,99,998.2,1006.2,0,.07,,10,,25.6
156,堡林,2023-07-13 07:00,25.3,,1.4,200,99,998.4,1006.4,0,.1,,10,,25.8
156,堡林,2023-07-13 08:00,25.1,.4,1.5,180,99,998.8,1006.8,0,.12,,10,,25.8
156,堡林,2023-07-13 09:00,25.6,0,1.3,180,99,998.7,1006.7,0,.31,,10,,27
156,堡林,2023-07-13 10:00,25.8,0,2.4,180,99,999,1007,0,.48,,10,,27.6
156,堡林,2023-07-13 11:00,26.3,,1.5,180,99,998.8,1006.7,0,.49,,10,,28.2
156,堡林,2023-07-13 12:00,27.1,,2.1,200,99,998.5,1006.4,0,.81,,10,,29.7
156,堡林,2023-07-13 13:00,27.2,,2,200,99,997.7,1005.6,0,.67,,10,,29.5
156,堡林,2023-07-13 14:00,27.4,,2.5,200,98,997.4,1005.3,0,.64,,10,,29.1
156,堡林,2023-07-13 15:00,27.1,,2.5,200,99,997.3,1005.2,0,.36,,10,,28.1
156,堡林,2023-07-13 16:00,26.9,,2.2,200,99,997,1004.9,0,.28,,10,,27.6
156,堡林,2023-07-13 17:00,26.7,,2.4,180,99,996.4,1004.3,0,.24,,10,,27.2
156,堡林,2023-07-13 18:00,26.4,0,2.2,180,99,996.3,1004.2,0,.16,,10,,26.7
156,堡林,2023-07-13 19:00,25.5,0,2.5,180,99,996.7,1004.7,0,.08,,10,,26.2
156,堡林,2023-07-13 20:00,25.4,0,2,200,99,996.7,1004.7,0,.06,,10,,26
156,堡林,2023-07-13 21:00,25.4,.3,2.5,200,99,996.9,1004.9,,,,10,,25.8
156,堡林,2023-07-13 22:00,25.6,.3,2.4,200,99,997,1004.9,,,,10,,25.8
156,堡林,2023-07-13 23:00,25.5,.3,2.2,180,99,996,1003.9,,,,10,,25.6
156,堡林,2023-07-14 00:00,25.7,.2,3.6,200,99,995.7,1003.6,,,,10,,25.6
156,堡林,2023-07-14 01:00,25.8,0,3.4,200,99,995.3,1003.2,,,,10,,25.5
156,堡林,2023-07-14 02:00,25.1,1.3,3.5,200,99,994.8,1002.8,,,,10,,25.4
156,堡林,2023-07-14 03:00,24.9,1.9,3.3,200,99,994.2,1002.2,,,,10,,25.2
156,堡林,2023-07-14 04:00,24.7,3.1,3,230,99,994.8,1002.7,,,,10,,25
156,堡林,2023-07-14 05:00,24.5,5.2,2.7,230,99,994.5,1002.4,,,,10,,24.8
156,堡林,2023-07-14 06:00,24.5,2,2.2,230,99,994,1001.9,0,.06,,10,,24.9
156,堡林,2023-07-14 07:00,24.4,14.7,4.1,230,99,994.7,1002.6,0,.06,,10,,24.7
156,堡林,2023-07-14 08:00,24.5,14.2,6.5,230,99,994.8,1002.7,0,.11,,10,,24.9
156,堡林,2023-07-14 09:00,24.4,5.9,4.2,230,99,995,1002.9,0,.12,,10,,24.9
156,堡林,2023-07-14 10:00,24.6,2.9,2.8,200,99,994.8,1002.7,0,.13,,10,,25.2
156,堡林,2023-07-14 11:00,24.9,0,4.4,230,99,995,1003,0,.22,,10,,25.6
156,堡林,2023-07-14 12:00,25.4,,3,230,99,994.8,1002.7,0,.22,,10,,25.8
156,堡林,2023-07-14 13:00,25.9,0,6.2,230,99,994.5,1002.4,0,.29,,10,,26.2
156,堡林,2023-07-14 14:00,26,,5.5,230,99,994.4,1002.3,0,.23,,10,,26.1
156,堡林,2023-07-14 15:00,26.3,,5.6,230,99,993.9,1001.8,0,.29,,10,,26.5
156,堡林,2023-07-14 16:00,26.3,,4,230,99,993.6,1001.5,0,.27,,10,,26.4
156,堡林,2023-07-14 17:00,25.9,.1,5.4,230,99,993.8,1001.7,0,.21,,10,,26.2
156,堡林,2023-07-14 18:00,26.1,0,4.2,230,99,993.5,1001.4,0,.15,,10,,25.9
156,堡林,2023-07-14 19:00,26.3,,3.4,250,99,993.7,1001.6,0,.08,,10,,25.7
156,堡林,2023-07-14 20:00,26.1,,3.6,230,99,993.9,1001.8,0,.07,,10,,25.5
156,堡林,2023-07-14 21:00,26.1,,3.8,230,99,994.5,1002.4,,,,10,,25.5
156,堡林,2023-07-14 22:00,26.2,,2.6,230,99,994.4,1002.3,,,,10,,25.4
156,堡林,2023-07-14 23:00,26.2,0,2.2,230,99,994.4,1002.3,,,,10,,25.3
156,堡林,2023-07-15 00:00,25.4,.3,2.9,250,99,994.6,1002.5,,,,10,,25.2
156,堡林,2023-07-15 01:00,25.2,1.4,4.4,230,99,994.1,1002,,,,10,,25.1
156,堡林,2023-07-15 02:00,25.7,,3.4,250,99,994.3,1002.2,,,,10,,25.1
156,堡林,2023-07-15 03:00,26.2,,4.5,230,99,994,1001.9,,,,10,,25
156,堡林,2023-07-15 04:00,26.5,,5.3,230,99,994.3,1002.2,,,,10,,25
156,堡林,2023-07-15 05:00,26.4,,5.4,230,99,994.1,1002,,,,10,,25
156,堡林,2023-07-15 06:00,26,0,4.4,230,99,994.1,1002,0,.06,,10,,25.1
156,堡林,2023-07-15 07:00,25.9,0,5.4,230,99,994.2,1002.1,0,.1,,10,,25.3
156,堡林,2023-07-15 08:00,26,0,5.3,230,99,994.2,1002.1,0,.15,,10,,25.6
156,堡林,2023-07-15 09:00,25.1,3.9,3.4,230,99,995,1003,0,.17,,10,,25.6
156,堡林,2023-07-15 10:00,25.1,1.1,3.5,230,99,995,1003,0,.19,,10,,25.9
156,堡林,2023-07-15 11:00,25.5,0,3.9,230,99,995.5,1003.4,0,.23,,10,,26.1
156,堡林,2023-07-15 12:00,25.3,.8,5.3,230,99,995.3,1003.2,0,.24,,10,,26.2
156,堡林,2023-07-15 13:00,25.5,.5,3.9,230,99,995.6,1003.5,0,.29,,10,,26.5
156,堡林,2023-07-15 14:00,25.9,.3,3.6,230,99,995.5,1003.4,0,.44,,10,,27.3
156,堡林,2023-07-15 15:00,25.1,5.9,1.4,250,99,995.3,1003.3,0,.24,,10,,26.4
156,堡林,2023-07-15 16:00,25.5,1.1,2.2,230,99,995.1,1003,0,.39,,10,,27.2
156,堡林,2023-07-15 17:00,25.4,.1,3.3,230,99,994.4,1002.3,0,.31,,10,,26.9
156,堡林,2023-07-15 18:00,24.8,20.9,1.6,270,99,995.1,1003,0,.12,,10,,25.6
156,堡林,2023-07-15 19:00,23.6,16.9,3.7,230,99,995.7,1003.6,0,.08,,10,,24.9
156,堡林,2023-07-15 20:00,23.4,2.8,1.9,200,99,997,1005,0,.07,,10,,24.5
156,堡林,2023-07-15 21:00,23.1,.1,2.2,200,99,998.2,1006.2,,,,10,,24.3
156,堡林,2023-07-15 22:00,22.7,.1,2.5,200,99,998.4,1006.4,,,,10,,23.9
156,堡林,2023-07-15 23:00,22.4,.4,1.2,230,99,998.5,1006.5,,,,10,,23.5
156,堡林,2023-07-16 00:00,22.3,,1.9,230,99,999.1,1007.1,,,,10,,23.4
156,堡林,2023-07-16 01:00,22.5,,1.3,200,99,999.3,1007.3,,,,10,,23.3
156,堡林,2023-07-16 02:00,22.5,,.6,200,99,999.1,1007.1,,,,8,,23.3
156,堡林,2023-07-16 03:00,22.2,,.1,0,99,998.9,1006.9,,,,10,,23.3
156,堡林,2023-07-16 04:00,22.2,,.5,70,99,998.4,1006.4,,,,10,,22.9
156,堡林,2023-07-16 05:00,22.2,,.7,90,99,998.4,1006.4,,,,10,,22.8
156,堡林,2023-07-16 06:00,22.2,,.7,70,99,998.8,1006.8,0,.08,,10,,23.1
156,堡林,2023-07-16 07:00,22.8,.2,.2,0,99,999.1,1007.1,0,.23,,10,,24.1
156,堡林,2023-07-16 08:00,22.6,5.4,1,160,99,999.5,1007.5,0,.17,,10,,23.6
156,堡林,2023-07-16 09:00,22.3,4.3,.5,160,99,1000.3,1008.3,0,.13,,10,,23.5
156,堡林,2023-07-16 10:00,22.1,4,.1,0,99,1000.8,1008.9,0,.15,,10,,23.6
156,堡林,2023-07-16 11:00,22.5,14.3,.3,0,99,1001.1,1009.1,0,.27,,10,,24
156,堡林,2023-07-16 12:00,23.2,10.5,.6,90,99,1001.1,1009.1,0,.6,,10,,26.1
156,堡林,2023-07-16 13:00,24.5,2.7,.9,250,99,1001.4,1009.4,0,.98,,10,,28.1
156,堡林,2023-07-16 14:00,26.7,.3,1.1,230,99,1001.1,1009,.2,1.87,,9,,32.5
156,堡林,2023-07-16 15:00,27.1,.1,.6,270,99,1000.3,1008.2,.1,1.4,,9,,32.1
156,堡林,2023-07-16 16:00,27.4,0,1.2,200,98,1000.4,1008.3,.3,1.54,,9,,32.2
156,堡林,2023-07-16 17:00,26.8,,1.8,230,98,1000.3,1008.2,.6,1.46,,6,,31.1
156,堡林,2023-07-16 18:00,29,,1.6,270,91,1000.1,1008,.6,1.2,,7,,30.5
156,堡林,2023-07-16 19:00,26.8,0,2.1,230,99,1000.7,1008.6,.1,.38,,8,,28.4
156,堡林,2023-07-16 20:00,25.4,1.2,1.9,200,99,1001.5,1009.5,0,.08,,10,,26.9
156,堡林,2023-07-16 21:00,24.3,1.5,2.6,230,99,1002.4,1010.4,,,,10,,25.9
156,堡林,2023-07-16 22:00,23.6,1.1,2.2,230,99,1003.1,1011.1,,,,10,,25.2
156,堡林,2023-07-16 23:00,23.5,.5,.7,200,99,1003.6,1011.6,,,,10,,24.9
156,堡林,2023-07-17 00:00,22.9,8.1,.4,0,99,1003.7,1011.7,,,,10,,24.1
156,堡林,2023-07-17 01:00,23,13,.1,0,99,1003.1,1011.1,,,,10,,24
156,堡林,2023-07-17 02:00,23,7.9,1.3,50,99,1002.6,1010.6,,,,10,,24
156,堡林,2023-07-17 03:00,23.3,5.2,.8,360,99,1002.8,1010.8,,,,10,,24
156,堡林,2023-07-17 04:00,23.3,10.8,.5,70,99,1002.8,1010.8,,,,10,,23.9
156,堡林,2023-07-17 05:00,23.5,1.8,.8,70,99,1002.9,1010.9,,,,10,,24
156,堡林,2023-07-17 06:00,23.6,0,.1,0,99,1003.6,1011.6,0,.08,,6,,24.1
156,堡林,2023-07-17 07:00,23.9,.9,0,0,99,1004.5,1012.5,.1,.2,,10,,24.7
156,堡林,2023-07-17 08:00,24.4,.3,.4,0,99,1004.6,1012.6,0,.3,,10,,25.8
156,堡林,2023-07-17 09:00,24.3,.1,1.5,360,99,1005.1,1013.1,0,.68,,10,,26.9
156,堡林,2023-07-17 10:00,25.8,.8,.7,70,99,1004.7,1012.7,.3,1.16,,5,,31.4
156,堡林,2023-07-17 11:00,29.2,,1.4,250,99,1004.8,1012.7,1,3.08,,6,,38.1
156,堡林,2023-07-17 12:00,29.4,,1.7,250,94,1004.7,1012.6,.9,3.03,,9,,37.2
156,堡林,2023-07-17 13:00,29.1,,1.7,270,98,1004.5,1012.4,.1,1.28,,9,,34
156,堡林,2023-07-17 14:00,31.1,,2.7,270,86,1003.8,1011.7,.7,2.64,,9,,39.6
156,堡林,2023-07-17 15:00,26.4,3.4,.8,230,99,1004.3,1012.3,.4,1.64,,10,,32
156,堡林,2023-07-17 16:00,25,1,1.3,270,99,1004.6,1012.6,0,.36,,10,,29.9
156,堡林,2023-07-17 17:00,24.9,0,.7,230,99,1004.5,1012.5,0,.25,,10,,28.1
156,堡林,2023-07-17 18:00,24.4,6.9,1.1,250,99,1005.1,1013.1,0,.11,,10,,26.4
156,堡林,2023-07-17 19:00,24.1,14.3,0,0,99,1005.7,1013.7,0,.13,,10,,26.1
156,堡林,2023-07-17 20:00,24.2,.2,.8,70,99,1005.9,1013.9,0,.09,,10,,25.8
156,堡林,2023-07-17 21:00,24.2,0,.8,90,99,1006.1,1014.1,,,,10,,25.5
156,堡林,2023-07-17 22:00,24.2,0,.4,0,99,1006.2,1014.2,,,,10,,25.2
156,堡林,2023-07-17 23:00,24.1,,.6,90,99,1005.8,1013.8,,,,10,,25
156,堡林,2023-07-18 00:00,24,,1,70,99,1005.7,1013.7,,,,10,,24.8
156,堡林,2023-07-18 01:00,23.9,0,1,90,99,1005.5,1013.5,,,,10,,24.7
156,堡林,2023-07-18 02:00,23.7,.2,.8,50,99,1005.3,1013.3,,,,10,,24.6
156,堡林,2023-07-18 03:00,23.6,.2,0,0,99,1004.9,1012.9,,,,10,,24.5
156,堡林,2023-07-18 04:00,23.6,1.6,1.4,70,99,1004.9,1012.9,,,,10,,24.5
156,堡林,2023-07-18 05:00,23.5,6.1,1.4,70,99,1004.5,1012.5,,,,10,,24.3
156,堡林,2023-07-18 06:00,23.5,8.7,.9,50,99,1004.5,1012.5,0,.06,,10,,24.1
156,堡林,2023-07-18 07:00,23.4,15.5,1.1,70,99,1004.5,1012.5,0,.08,,10,,24.2
156,堡林,2023-07-18 08:00,23.4,4.4,2.1,70,99,1004,1012,0,.19,,10,,24.5
156,堡林,2023-07-18 09:00,24.2,.2,1.9,70,99,1003.4,1011.4,0,.6,,10,,27
156,堡林,2023-07-18 10:00,24.4,0,1.1,70,99,1003,1011,0,.68,,10,,27.3
156,堡林,2023-07-18 11:00,24.8,.5,1.6,70,99,1002.4,1010.3,0,.71,,10,,27.6
156,堡林,2023-07-18 12:00,24.5,3.5,1.1,70,99,1001.9,1009.9,0,.34,,10,,26.6
156,堡林,2023-07-18 13:00,24.8,6,.4,0,99,1001.4,1009.3,0,.47,,10,,26.9
156,堡林,2023-07-18 14:00,26.3,2.7,1.9,70,99,1000.1,1008,0,1.08,,10,,30.6
156,堡林,2023-07-18 15:00,25.2,10.3,2.1,70,99,999.3,1007.3,0,.48,,10,,27
156,堡林,2023-07-18 16:00,25.5,3.1,.4,0,99,999.3,1007.3,0,.48,,10,,27.8
156,堡林,2023-07-18 17:00,25.3,1.5,2.1,250,99,998.7,1006.7,0,.21,,10,,27
156,堡林,2023-07-18 18:00,25.3,0,1.1,250,99,998.5,1006.5,0,.2,,10,,26.7
156,堡林,2023-07-18 19:00,25.8,,1.2,230,99,998.5,1006.5,.1,.21,,8,,26.6
156,堡林,2023-07-18 20:00,25.2,,.1,0,99,998.6,1006.6,.1,.19,,8,,26.1
156,堡林,2023-07-18 21:00,24.9,,.1,0,99,998.9,1006.9,,,,9,,25.8
156,堡林,2023-07-18 22:00,25.2,,.7,90,99,999.1,1007.1,,,,7,,25.7
156,堡林,2023-07-18 23:00,25.1,0,.2,0,99,999,1007,,,,10,,25.6
156,堡林,2023-07-19 00:00,25,.2,.1,0,99,998.8,1006.8,,,,8,,25.6
156,堡林,2023-07-19 01:00,25,,.3,0,99,998.6,1006.6,,,,0,,25.5
156,堡林,2023-07-19 02:00,24.7,.4,.4,0,99,998.4,1006.3,,,,10,,25.5
156,堡林,2023-07-19 03:00,24.4,1,.4,0,99,998.4,1006.3,,,,10,,25.4
156,堡林,2023-07-19 04:00,24.3,.9,.2,0,99,998.7,1006.6,,,,10,,25.3
156,堡林,2023-07-19 05:00,23.6,.6,.7,320,99,998.9,1006.9,,,,10,,25
156,堡林,2023-07-19 06:00,23.6,0,.1,0,99,999.1,1007.1,0,.07,,9,,24.9
156,堡林,2023-07-19 07:00,24,,.3,0,99,999.5,1007.5,0,.31,,7,,25.7
156,堡林,2023-07-19 08:00,24.2,,.8,320,99,999.9,1007.9,.5,.68,,9,,26.5
156,堡林,2023-07-19 09:00,24.8,,.9,360,99,1000.1,1008,0,.62,,10,,27.5
156,堡林,2023-07-19 10:00,25.7,,.8,20,99,1000.2,1008.2,.1,1.06,,10,,29.1
156,堡林,2023-07-19 11:00,27,,.9,70,98,1000.2,1008.1,.1,1.36,,8,,31.7
156,堡林,2023-07-19 12:00,27.9,,.8,20,86,1000.2,1008.1,.7,2.74,,8,,35.3
156,堡林,2023-07-19 13:00,28.6,,.8,340,85,1000,1007.9,.2,1.78,,9,,34.6
156,堡林,2023-07-19 14:00,29.8,,.7,270,81,999.8,1007.6,.4,1.97,,8,,36.2
156,堡林,2023-07-19 15:00,29.7,,.7,320,79,999.3,1007.1,.3,1.68,,9,,34.3
156,堡林,2023-07-19 16:00,29.9,,.7,250,77,998.9,1006.8,.6,1.8,,7,,34.5
156,堡林,2023-07-19 17:00,28.8,,2,270,91,998.7,1006.5,.5,1.04,,5,,31.4
156,堡林,2023-07-19 18:00,28.5,,1.3,290,93,998.6,1006.5,0,.42,,7,,29.3
156,堡林,2023-07-19 19:00,28.4,,.7,290,93,998.9,1006.8,.6,.46,,6,,28.6
156,堡林,2023-07-19 20:00,26.9,,1.3,250,97,999.3,1007.2,.1,.16,,4,,27.2
156,堡林,2023-07-19 21:00,26.3,,.8,250,98,999.9,1007.8,,,,8,,26.4
156,堡林,2023-07-19 22:00,25.1,,1.4,230,99,1000.8,1008.8,,,,7,,25.8
156,堡林,2023-07-19 23:00,25.2,,1.2,230,99,1000.8,1008.8,,,,5,,25.8
156,堡林,2023-07-20 00:00,24.7,,1.8,230,99,1001,1008.9,,,,8,,25.6
156,堡林,2023-07-20 01:00,24.4,,1.3,230,99,1001,1009,,,,8,,25.4
156,堡林,2023-07-20 02:00,24.1,,.9,230,99,1001.2,1009.2,,,,6,,25.3
156,堡林,2023-07-20 03:00,24.1,,0,0,99,1001.2,1009.2,,,,9,,25.2
156,堡林,2023-07-20 04:00,24,,0,0,99,1001.3,1009.3,,,,9,,25.1
156,堡林,2023-07-20 05:00,23.7,,0,0,99,1001.7,1009.7,,,,9,,24.6
156,堡林,2023-07-20 06:00,23.8,,0,0,99,1001.7,1009.7,0,.07,,8,,24.9
156,堡林,2023-07-20 07:00,24.1,,0,0,99,1001.8,1009.8,0,.19,,10,,25.5
156,堡林,2023-07-20 08:00,24.5,,0,0,99,1002,1010,0,.39,,10,,26.7
156,堡林,2023-07-20 09:00,26.2,,0,0,99,1001.8,1009.8,.5,1.48,,7,,29.9
156,堡林,2023-07-20 10:00,27.8,,0,0,95,1001.5,1009.4,.9,2.21,,5,,33.7
156,堡林,2023-07-20 11:00,29.9,,0,0,82,1001.3,1009.2,1,3.07,,4,,38.7
156,堡林,2023-07-20 12:00,30.6,,.1,0,70,1001.1,1008.9,1,3.16,,8,,39.1
156,堡林,2023-07-20 13:00,30.9,,0,0,74,1001,1008.8,.6,2.3,,8,,37.9
156,堡林,2023-07-20 14:00,31.1,,.2,0,69,1000.7,1008.5,.5,2.51,,9,,37.5
156,堡林,2023-07-20 15:00,30.9,,0,0,66,1000.5,1008.3,.4,1.78,,9,,35.1
156,堡林,2023-07-20 16:00,30.6,,.9,270,71,1000.5,1008.3,.2,1.3,,9,,33.8
156,堡林,2023-07-20 17:00,29.2,,1.1,20,88,1000.5,1008.3,.3,1.13,,9,,31.7
156,堡林,2023-07-20 18:00,29.5,0,.6,320,85,1000.7,1008.5,.4,.91,,8,,31.3
156,堡林,2023-07-20 19:00,25.3,3.7,1.4,180,99,1001,1009,0,.25,,9,,28.7
156,堡林,2023-07-20 20:00,25.2,0,.7,180,99,1001.7,1009.7,0,.17,,5,,27.8
156,堡林,2023-07-20 21:00,25.1,,0,0,99,1001.9,1009.9,,,,7,,27
156,堡林,2023-07-20 22:00,25.2,,0,0,99,1002.6,1010.6,,,,3,,26.4
156,堡林,2023-07-20 23:00,25,,0,0,99,1002.9,1010.9,,,,5,,25.9
156,堡林,2023-07-21 00:00,24.6,,0,0,99,1003.1,1011.1,,,,2,,25.6
156,堡林,2023-07-21 01:00,24.4,,0,0,99,1003.3,1011.3,,,,2,,25.2
156,堡林,2023-07-21 02:00,24.3,,0,0,99,1003.2,1011.2,,,,0,,24.9
156,堡林,2023-07-21 03:00,24,,0,0,99,1003.2,1011.2,,,,0,,24.7
156,堡林,2023-07-21 04:00,23.6,,.6,110,99,1003,1011,,,,3,,24.4
156,堡林,2023-07-21 05:00,23.6,,0,0,99,1003.4,1011.4,,,,5,,24.1
156,堡林,2023-07-21 06:00,23.6,,0,0,99,1003.6,1011.6,0,.07,,6,,24.8
156,堡林,2023-07-21 07:00,23.9,,0,0,99,1003.6,1011.6,0,.19,,0,,25.7
156,堡林,2023-07-21 08:00,24.1,,.4,0,99,1004,1012,0,.51,,10,,27
156,堡林,2023-07-21 09:00,25.8,,0,0,99,1004.2,1012.2,.5,1.44,,1,,29.5
156,堡林,2023-07-21 10:00,28.2,,0,0,95,1004.1,1012,1,2.46,,0,,33.1
156,堡林,2023-07-21 11:00,30.4,,0,0,79,1004,1011.9,1,2.99,,0,,37.8
156,堡林,2023-07-21 12:00,31.6,,2.8,180,66,1003.9,1011.7,1,3.36,,0,,40.4
156,堡林,2023-07-21 13:00,32.5,,1.9,180,65,1004.2,1012,1,3.53,,1,,42.1
156,堡林,2023-07-21 14:00,32.5,,2.3,200,58,1003.9,1011.7,1,3.39,,4,,41.7
156,堡林,2023-07-21 15:00,31.6,,2.7,160,64,1003.8,1011.6,1,2.64,,7,,39.9
156,堡林,2023-07-21 16:00,31.4,,3.4,180,63,1003.7,1011.5,1,2.09,,7,,38
156,堡林,2023-07-21 17:00,30.3,,4,200,66,1003.6,1011.5,.9,1.77,,8,,35.4
156,堡林,2023-07-21 18:00,29,,.8,200,62,1003.6,1011.5,.1,.68,,8,,32.2
156,堡林,2023-07-21 19:00,28.5,,1.4,160,64,1003.9,1011.8,.4,.37,,7,,29.8
156,堡林,2023-07-21 20:00,27.1,,1.2,230,69,1004.1,1012.1,0,.09,,4,,27.8
156,堡林,2023-07-21 21:00,26.4,,1.1,180,74,1004.5,1012.5,,,,2,,26.6
156,堡林,2023-07-21 22:00,26.3,,0,0,80,1005.2,1013.2,,,,2,,26
156,堡林,2023-07-21 23:00,25.4,,1.1,230,83,1005.8,1013.8,,,,2,,25.4
156,堡林,2023-07-22 00:00,25.1,,.7,200,84,1005.9,1013.9,,,,1,,25
156,堡林,2023-07-22 01:00,24.9,,1.3,160,85,1005.7,1013.7,,,,3,,24.5
156,堡林,2023-07-22 02:00,24.8,,1.3,110,88,1005.2,1013.2,,,,3,,24.3
156,堡林,2023-07-22 03:00,24.7,,.7,50,89,1005,1013,,,,2,,24.2
156,堡林,2023-07-22 04:00,24.4,,1.3,90,94,1004.6,1012.6,,,,2,,24.5
156,堡林,2023-07-22 05:00,24.6,,.8,90,97,1004.8,1012.8,,,,5,,24.4
156,堡林,2023-07-22 06:00,25.3,,1.5,140,97,1004.9,1012.9,0,.08,,8,,24.8
156,堡林,2023-07-22 07:00,26,,2.9,180,95,1004.5,1012.5,.1,.33,,9,,25.9
156,堡林,2023-07-22 08:00,26.5,,2.4,180,94,1004.7,1012.7,0,.6,,10,,27.4
156,堡林,2023-07-22 09:00,25.4,,1.4,180,97,1005.2,1013.2,0,.48,,10,,27.1
156,堡林,2023-07-22 10:00,24.4,0,3.1,200,99,1005.5,1013.5,0,.34,,10,,26.8
156,堡林,2023-07-22 11:00,22.9,2.5,4.1,200,99,1005.9,1014,0,.24,,10,,25.7
156,堡林,2023-07-22 12:00,21.9,3.7,.8,200,99,1005.6,1013.7,0,.18,,10,,24.7
156,堡林,2023-07-22 13:00,22.4,3.2,1.4,160,99,1004.9,1013,0,.27,,10,,25
156,堡林,2023-07-22 14:00,22.8,2.5,0,0,99,1004.9,1013,0,.29,,10,,25.2
156,堡林,2023-07-22 15:00,23.5,.5,0,0,99,1004.7,1012.7,0,.43,,10,,26.2
156,堡林,2023-07-22 16:00,24.3,.2,0,0,99,1004.3,1012.3,0,.64,,10,,27.4
156,堡林,2023-07-22 17:00,24.3,.4,0,0,99,1004,1012,0,.42,,10,,26.9
156,堡林,2023-07-22 18:00,24.2,.7,0,0,99,1004.1,1012.1,0,.18,,10,,26.2
156,堡林,2023-07-22 19:00,24.3,.2,0,0,99,1004.3,1012.3,0,.13,,10,,25.9
156,堡林,2023-07-22 20:00,24.5,0,.8,140,99,1004.1,1012.1,0,.07,,10,,25.6
156,堡林,2023-07-22 21:00,25,,.1,0,99,1004.3,1012.3,,,,10,,25.5
156,堡林,2023-07-22 22:00,25.2,,1.7,180,99,1004.2,1012.2,,,,9,,25.4
156,堡林,2023-07-22 23:00,25.5,,2.5,200,99,1004.2,1012.2,,,,9,,25.3
156,堡林,2023-07-23 00:00,25.7,,1.7,200,99,1004.4,1012.4,,,,10,,25.3
156,堡林,2023-07-23 01:00,25.7,,2.3,180,99,1003.8,1011.8,,,,10,,25.3
156,堡林,2023-07-23 02:00,25.6,,2.4,200,99,1003.5,1011.5,,,,9,,25.3
156,堡林,2023-07-23 03:00,25.7,,1.8,200,99,1002.9,1010.9,,,,10,,25.3
156,堡林,2023-07-23 04:00,26,,2.3,200,99,1002.5,1010.5,,,,10,,25.3
156,堡林,2023-07-23 05:00,26.1,,2.1,200,99,1002.5,1010.5,,,,10,,25.3
156,堡林,2023-07-23 06:00,25.8,,2,200,99,1002.7,1010.7,0,.07,,10,,25.3
156,堡林,2023-07-23 07:00,26.5,,2.7,200,99,1002.6,1010.6,0,.22,,10,,26
156,堡林,2023-07-23 08:00,26.7,,2.2,180,99,1002.3,1010.3,0,.44,,10,,26.9
156,堡林,2023-07-23 09:00,28,,3.1,200,97,1002.2,1010.1,.1,1.03,,10,,29.4
156,堡林,2023-07-23 10:00,28.8,,3.3,200,95,1001.9,1009.8,.1,1.39,,10,,31
156,堡林,2023-07-23 11:00,28.5,,4.3,200,94,1001.7,1009.6,0,1.23,,10,,30.8
156,堡林,2023-07-23 12:00,26.7,.4,2,200,99,1001.5,1009.4,0,.68,,10,,29.8
156,堡林,2023-07-23 13:00,25.7,3.1,2.9,200,99,1001.4,1009.4,0,.43,,10,,28.5
156,堡林,2023-07-23 14:00,25.6,2.7,2.4,200,99,1001,1009,0,.49,,10,,28.5
156,堡林,2023-07-23 15:00,25.1,4.7,2.5,230,99,1001,1009,0,.33,,10,,27.5
156,堡林,2023-07-23 16:00,25,.7,2.1,230,99,1000.8,1008.8,0,.27,,10,,27.5
156,堡林,2023-07-23 17:00,25.4,3.9,0,0,99,1000.5,1008.5,0,.33,,10,,27.4
156,堡林,2023-07-23 18:00,25.7,.1,.3,0,99,1000,1008,0,.41,,10,,27.8
156,堡林,2023-07-23 19:00,25.6,,2.1,180,99,999.6,1007.6,0,.22,,8,,26.9
156,堡林,2023-07-23 20:00,25.9,,3.7,180,99,999.7,1007.7,0,.08,,9,,26.3
156,堡林,2023-07-23 21:00,25.1,.7,3.1,200,99,1000.7,1008.7,,,,10,,26
156,堡林,2023-07-23 22:00,25.3,.6,2.3,200,99,1000.9,1008.9,,,,10,,25.9
156,堡林,2023-07-23 23:00,25.1,3.7,1,250,99,1001,1009,,,,10,,25.6
156,堡林,2023-07-24 00:00,24.7,27.4,1.4,200,99,1001.2,1009.1,,,,10,,25.4
156,堡林,2023-07-24 01:00,24.8,12.2,.4,0,99,1000.7,1008.6,,,,10,,25.2
156,堡林,2023-07-24 02:00,24.9,2.4,0,0,99,1000.5,1008.5,,,,10,,25.3
156,堡林,2023-07-24 03:00,24.3,4.8,1.1,90,99,1000,1008,,,,10,,25.1
156,堡林,2023-07-24 04:00,23.6,29.7,1.4,230,99,1000.8,1008.8,,,,10,,24.4
156,堡林,2023-07-24 05:00,23.2,21.2,1.5,230,99,1001.2,1009.2,,,,10,,24.2
156,堡林,2023-07-24 06:00,22.4,4.9,0,0,99,1001.7,1009.8,0,.06,,10,,24
156,堡林,2023-07-24 07:00,21.7,3.4,.1,0,99,1002.5,1010.6,0,.09,,10,,23.6
156,堡林,2023-07-24 08:00,21.8,7.5,.5,200,99,1002.8,1010.9,0,.2,,10,,23.5
156,堡林,2023-07-24 09:00,22.4,8,.6,90,99,1002.6,1010.7,0,.19,,10,,23.9
156,堡林,2023-07-24 10:00,23.1,2.8,.2,0,99,1001.8,1009.8,0,.31,,10,,24.6
156,堡林,2023-07-24 11:00,23.7,.3,0,0,99,1001.8,1009.8,0,.6,,10,,25.9
156,堡林,2023-07-24 12:00,24.9,,0,0,99,1001.5,1009.5,0,1.12,,10,,28.7
156,堡林,2023-07-24 13:00,26.9,,.4,0,99,1001.6,1009.5,.4,2.48,,10,,33.3
156,堡林,2023-07-24 14:00,27.2,,0,0,99,1001.5,1009.4,.1,1.41,,10,,31.6
156,堡林,2023-07-24 15:00,28.6,,0,0,99,1001.2,1009.1,.2,1.73,,10,,33.1
156,堡林,2023-07-24 16:00,27.8,,3.6,230,99,1001.2,1009.1,.2,1.42,,8,,32.3
156,堡林,2023-07-24 17:00,28.7,,2.5,230,98,1001.3,1009.2,.2,1.29,,8,,32.2
156,堡林,2023-07-24 18:00,28,,2.2,250,98,1001.5,1009.4,.3,1.17,,9,,31.1
156,堡林,2023-07-24 19:00,26.9,,1.6,230,99,1001.9,1009.8,.1,.43,,10,,29.1
156,堡林,2023-07-24 20:00,26.3,,.9,250,99,1002.1,1010.1,0,.1,,8,,27.6
156,堡林,2023-07-24 21:00,26.1,0,2.5,200,99,1002.7,1010.7,,,,7,,27
156,堡林,2023-07-24 22:00,26,,1.5,200,99,1003.3,1011.3,,,,9,,26.7
156,堡林,2023-07-24 23:00,25.2,1.8,1.9,200,99,1003.7,1011.7,,,,10,,26.2
156,堡林,2023-07-25 00:00,24.9,1.3,0,0,99,1003.8,1011.8,,,,10,,26.1
156,堡林,2023-07-25 01:00,24.7,0,0,0,99,1003.5,1011.5,,,,10,,26
156,堡林,2023-07-25 02:00,24.7,0,1.3,180,99,1003.6,1011.6,,,,10,,25.9
156,堡林,2023-07-25 03:00,24.6,,0,0,99,1004.1,1012.1,,,,10,,25.8
156,堡林,2023-07-25 04:00,24.8,,1.6,200,99,1004.2,1012.2,,,,10,,25.5
156,堡林,2023-07-25 05:00,24.6,,1.1,180,99,1004.3,1012.3,,,,9,,25.3
156,堡林,2023-07-25 06:00,24.7,,0,0,99,1004.7,1012.7,0,.07,,10,,25.2
156,堡林,2023-07-25 07:00,24.9,0,1.3,200,99,1004.9,1012.9,0,.16,,10,,25.7
156,堡林,2023-07-25 08:00,25.9,,.4,0,99,1005.4,1013.4,0,.41,,9,,26.9
156,堡林,2023-07-25 09:00,26.4,,2.6,200,99,1005.9,1013.9,0,.77,,8,,28.6
156,堡林,2023-07-25 10:00,27.4,,1,200,99,1005.9,1013.9,0,1.14,,7,,30.3
156,堡林,2023-07-25 11:00,28.1,,1,160,97,1006.4,1014.3,.2,1.72,,10,,32.1
156,堡林,2023-07-25 12:00,28.4,0,2.6,200,96,1006.1,1014,0,1.5,,8,,32.9
156,堡林,2023-07-25 13:00,29.3,,1.7,270,95,1005.8,1013.7,.2,1.71,,9,,33.3
156,堡林,2023-07-25 14:00,30.2,0,3.2,230,83,1005.7,1013.6,.3,1.78,,8,,36
156,堡林,2023-07-25 15:00,29.6,,3.9,200,84,1005.3,1013.2,.5,1.82,,7,,34.7
156,堡林,2023-07-25 16:00,30.1,,1.8,230,87,1004.9,1012.8,.6,1.65,,7,,34.5
156,堡林,2023-07-25 17:00,29.6,,1.9,200,83,1005,1012.9,.5,1.23,,5,,32.4
156,堡林,2023-07-25 18:00,29.6,,1.8,200,83,1004.9,1012.8,.7,.94,,4,,29.9
156,堡林,2023-07-25 19:00,28,,1.4,180,85,1005.3,1013.2,.6,.46,,4,,27.8
156,堡林,2023-07-25 20:00,27.2,,2,180,90,1006.1,1014.1,0,.1,,7,,26.2
156,堡林,2023-07-25 21:00,26.6,,1.4,180,95,1006.5,1014.5,,,,5,,25.3
156,堡林,2023-07-25 22:00,26.6,,.6,230,98,1006.7,1014.7,,,,2,,25.4
156,堡林,2023-07-25 23:00,26.4,,0,0,98,1006.7,1014.7,,,,8,,25.4
156,堡林,2023-07-26 00:00,26.7,,.8,250,99,1007.1,1015.1,,,,5,,25.5
156,堡林,2023-07-26 01:00,25.8,,0,0,99,1007,1015,,,,7,,25.5
156,堡林,2023-07-26 02:00,25.6,,.1,0,99,1006.7,1014.7,,,,10,,25.3
156,堡林,2023-07-26 03:00,25.4,,0,0,99,1006.8,1014.8,,,,9,,25.3
156,堡林,2023-07-26 04:00,25,,.4,0,99,1007,1015.1,,,,9,,25.1
156,堡林,2023-07-26 05:00,25.2,,0,0,99,1007.2,1015.2,,,,10,,25.1
156,堡林,2023-07-26 06:00,25,,0,0,99,1007.4,1015.5,0,.07,,10,,24.8
156,堡林,2023-07-26 07:00,25.6,,0,0,99,1007.9,1015.9,0,.16,,9,,25.7
156,堡林,2023-07-26 08:00,26.1,,0,0,99,1008.4,1016.4,0,.36,,8,,27.2
156,堡林,2023-07-26 09:00,28.2,,0,0,92,1008.1,1016,.8,1.43,,7,,33.1
156,堡林,2023-07-26 10:00,29.4,,2,180,89,1008.1,1016,.8,1.93,,6,,36.6
156,堡林,2023-07-26 11:00,30.2,,2,180,87,1007.6,1015.5,1,2.91,,6,,39.3
156,堡林,2023-07-26 12:00,31.1,,1.7,200,81,1007.1,1015,.9,2.97,,7,,41.1
156,堡林,2023-07-26 13:00,31.9,,2.4,230,75,1006.6,1014.5,1,3.49,,7,,43
156,堡林,2023-07-26 14:00,31.8,,2.3,180,82,1006.4,1014.3,.7,2.68,,6,,44
156,堡林,2023-07-26 15:00,32,,2.9,200,75,1005.6,1013.4,.9,2.83,,7,,42.5
156,堡林,2023-07-26 16:00,30,0,3.8,200,89,1005.3,1013.2,.1,.73,,7,,32.7
156,堡林,2023-07-26 17:00,30.5,,1.6,290,86,1005.6,1013.5,.5,1.27,,6,,33.3
156,堡林,2023-07-26 18:00,27.2,.6,1.8,70,98,1005.9,1013.9,.1,.56,,8,,30.9
156,堡林,2023-07-26 19:00,26.6,0,1.3,50,99,1006.7,1014.7,0,.22,,7,,28.4
156,堡林,2023-07-26 20:00,25.4,,2,70,99,1007.5,1015.5,0,.08,,8,,26.6
156,堡林,2023-07-26 21:00,25.2,,.6,90,99,1008,1016.1,,,,2,,25.9
156,堡林,2023-07-26 22:00,25.3,,1.6,70,99,1008.2,1016.3,,,,0,,25.5
156,堡林,2023-07-26 23:00,25.1,,.9,110,99,1007.9,1016,,,,6,,25.2
156,堡林,2023-07-27 00:00,24.8,,.1,0,99,1007.8,1015.8,,,,0,,24.9
156,堡林,2023-07-27 01:00,24.5,,0,0,99,1007.1,1015.1,,,,5,,24.6
156,堡林,2023-07-27 02:00,24.2,,0,0,99,1006.7,1014.7,,,,3,,24.3
156,堡林,2023-07-27 03:00,24.5,,0,0,99,1006.5,1014.5,,,,0,,24.1
156,堡林,2023-07-27 04:00,24.4,,0,0,99,1006.6,1014.6,,,,2,,24
156,堡林,2023-07-27 05:00,24,,.6,50,99,1006.4,1014.4,,,,7,,24.2
156,堡林,2023-07-27 06:00,24.4,,0,0,99,1006.7,1014.7,0,.09,,9,,24.9
156,堡林,2023-07-27 07:00,24.9,,.3,0,99,1006.8,1014.9,.1,.24,,9,,26.1
156,堡林,2023-07-27 08:00,26.1,,0,0,99,1007.2,1015.2,0,.54,,5,,28.5
156,堡林,2023-07-27 09:00,27.9,,.2,0,97,1007.7,1015.6,.7,1.53,,8,,31.5
156,堡林,2023-07-27 10:00,29.8,,1.3,160,89,1007.4,1015.3,.8,2,,5,,38.1
156,堡林,2023-07-27 11:00,31.2,,1.2,140,84,1007,1014.9,1,3.06,,4,,41.9
156,堡林,2023-07-27 12:00,31.9,,1.8,230,75,1006.7,1014.6,1,3.43,,5,,45.2
156,堡林,2023-07-27 13:00,32.9,,1.6,230,80,1006.2,1014,.9,3.28,,4,,46.1
156,堡林,2023-07-27 14:00,33,,2.2,200,68,1005.8,1013.6,.9,3.22,,4,,46.3
156,堡林,2023-07-27 15:00,31.4,,2.6,200,75,1005.4,1013.3,.5,2.06,,4,,37.6
156,堡林,2023-07-27 16:00,33.1,,3.2,230,71,1005,1012.8,.8,2.1,,5,,42
156,堡林,2023-07-27 17:00,31.7,,2.8,200,69,1005.2,1013,.9,1.79,,5,,37.7
156,堡林,2023-07-27 18:00,30.9,,3.1,200,72,1005,1012.9,.4,.94,,6,,34
156,堡林,2023-07-27 19:00,30.1,,2.8,180,77,1005.6,1013.5,.8,.53,,7,,30.8
156,堡林,2023-07-27 20:00,28.8,,1.2,200,88,1005.9,1013.8,.2,.1,,2,,28.5
156,堡林,2023-07-27 21:00,28.1,,0,0,94,1006.7,1014.6,,,,0,,27.4
156,堡林,2023-07-27 22:00,28.1,,1.4,200,95,1006.9,1014.8,,,,7,,26.8
156,堡林,2023-07-27 23:00,27.5,,0,0,92,1006.3,1014.3,,,,6,,26.2
156,堡林,2023-07-28 00:00,26.5,,1.3,50,98,1006.3,1014.3,,,,0,,25.6
156,堡林,2023-07-28 01:00,25.9,,0,0,99,1006.6,1014.6,,,,7,,25.5
156,堡林,2023-07-28 02:00,26.2,,0,0,99,1006.4,1014.4,,,,6,,25.2
156,堡林,2023-07-28 03:00,25.9,,0,0,99,1006.2,1014.2,,,,7,,25.1
156,堡林,2023-07-28 04:00,25.8,,0,0,99,1006.1,1014.1,,,,7,,24.9
156,堡林,2023-07-28 05:00,25.3,,0,0,99,1006.2,1014.2,,,,8,,24.9
156,堡林,2023-07-28 06:00,25.1,,0,0,99,1006.2,1014.2,0,.07,,9,,25.1
156,堡林,2023-07-28 07:00,25.6,,0,0,99,1006.4,1014.4,0,.21,,9,,26.2
156,堡林,2023-07-28 08:00,26.8,,0,0,99,1006.3,1014.3,0,.54,,9,,28.4
156,堡林,2023-07-28 09:00,28.1,,0,0,92,1006.5,1014.4,.2,1.05,,9,,30.5
156,堡林,2023-07-28 10:00,29.1,,0,0,89,1006.8,1014.7,0,1.23,,9,,32.9
156,堡林,2023-07-28 11:00,29.2,,1.1,250,86,1006.8,1014.7,0,1.26,,9,,34.2
156,堡林,2023-07-28 12:00,30.2,,1.7,180,79,1006.8,1014.7,0,1.8,,9,,37.8
156,堡林,2023-07-28 13:00,30.5,,1.8,180,84,1006.6,1014.5,0,1.88,,8,,37.6
156,堡林,2023-07-28 14:00,30.8,,1.1,110,81,1006.2,1014.1,.2,1.82,,9,,38.8
156,堡林,2023-07-28 15:00,30.5,,1.3,180,82,1006,1013.9,.7,2.23,,7,,38.7
156,堡林,2023-07-28 16:00,30.6,,1.4,200,81,1005.8,1013.7,.6,1.76,,7,,37.8
156,堡林,2023-07-28 17:00,30,,1.4,180,84,1005.8,1013.7,0,.86,,7,,34.6
156,堡林,2023-07-28 18:00,29.4,,.2,0,89,1005.4,1013.3,0,.59,,6,,31.9
156,堡林,2023-07-28 19:00,29,,0,0,86,1005.8,1013.7,0,.26,,7,,29.8
156,堡林,2023-07-28 20:00,28.8,,0,0,89,1006.2,1014.1,0,.07,,10,,28.1
156,堡林,2023-07-28 21:00,28.2,,1.1,180,94,1006.9,1014.8,,,,6,,27.1
156,堡林,2023-07-28 22:00,27.3,,1,180,97,1007.2,1015.2,,,,3,,26.4
156,堡林,2023-07-28 23:00,27,,0,0,98,1007.4,1015.4,,,,3,,26
156,堡林,2023-07-29 00:00,26.7,,0,0,99,1007.4,1015.4,,,,9,,26.3
156,堡林,2023-07-29 01:00,26.2,,0,0,99,1007.3,1015.3,,,,10,,26.1
156,堡林,2023-07-29 02:00,26.2,,0,0,99,1007.1,1015.1,,,,9,,25.8
156,堡林,2023-07-29 03:00,25.8,,0,0,99,1006.9,1014.9,,,,7,,25.2
156,堡林,2023-07-29 04:00,25.2,,0,0,99,1006.9,1014.9,,,,6,,24.7
156,堡林,2023-07-29 05:00,24.8,,0,0,99,1006.8,1014.8,,,,6,,24.4
156,堡林,2023-07-29 06:00,24.8,,0,0,99,1006.9,1014.9,0,.08,,4,,24.5
156,堡林,2023-07-29 07:00,25.4,,0,0,99,1006.8,1014.8,.5,.3,,3,,24.9
156,堡林,2023-07-29 08:00,27.2,,0,0,97,1006.9,1014.9,.7,.9,,2,,28.7
156,堡林,2023-07-29 09:00,29.4,,0,0,80,1007,1014.9,1,1.79,,1,,34.5
156,堡林,2023-07-29 10:00,30.4,,0,0,75,1007.1,1015,1,2.46,,2,,42.5
156,堡林,2023-07-29 11:00,32.1,,2,200,66,1007,1014.9,1,2.99,,3,,47.5
156,堡林,2023-07-29 12:00,32.9,,1.2,200,67,1006.5,1014.3,.9,2.89,,3,,49.2
156,堡林,2023-07-29 13:00,33.5,,2,270,66,1006.1,1013.9,.9,3.07,,7,,50.9
156,堡林,2023-07-29 14:00,33.8,,1,160,62,1006,1013.8,.7,2.65,,6,,51.9
156,堡林,2023-07-29 15:00,34.1,,1.7,200,60,1005.5,1013.3,1,3.24,,5,,52.5
156,堡林,2023-07-29 16:00,34,,.5,160,64,1005.1,1012.9,1,2.57,,6,,46.8
156,堡林,2023-07-29 17:00,33.4,,1.9,230,68,1004.8,1012.6,1,1.78,,5,,43.7
156,堡林,2023-07-29 18:00,32.6,,2.4,230,73,1004.9,1012.7,1,1.18,,3,,37.9
156,堡林,2023-07-29 19:00,30.3,,.4,0,80,1005.5,1013.4,.1,.3,,7,,33.4
156,堡林,2023-07-29 20:00,29.9,,.5,340,81,1005.8,1013.7,0,.07,,7,,31.3
156,堡林,2023-07-29 21:00,29,,.7,320,84,1006.5,1014.4,,,,8,,29.8
156,堡林,2023-07-29 22:00,28.7,,0,0,88,1006.9,1014.8,,,,7,,29.2
156,堡林,2023-07-29 23:00,27.7,,.1,0,94,1006.9,1014.9,,,,6,,28.1
156,堡林,2023-07-30 00:00,27.8,,0,0,97,1006.5,1014.4,,,,3,,27.6
156,堡林,2023-07-30 01:00,27.3,,0,0,98,1006.4,1014.4,,,,3,,26.9
156,堡林,2023-07-30 02:00,26.6,,0,0,99,1005.8,1013.8,,,,6,,26.3
156,堡林,2023-07-30 03:00,26.3,,0,0,99,1005.6,1013.6,,,,0,,25.8
156,堡林,2023-07-30 04:00,25.9,,0,0,99,1005.6,1013.6,,,,0,,25.4
156,堡林,2023-07-30 05:00,25.9,,0,0,99,1005.5,1013.5,,,,0,,25.2
156,堡林,2023-07-30 06:00,25.2,,.7,50,99,1005.6,1013.6,0,.07,,0,,25
156,堡林,2023-07-30 07:00,25.8,,0,0,99,1006.1,1014.1,.7,.36,,0,,26.1
156,堡林,2023-07-30 08:00,27.3,,0,0,98,1006.6,1014.6,1,1.02,,0,,29.2
156,堡林,2023-07-30 09:00,28.9,,.6,230,85,1006.9,1014.8,1,1.76,,0,,36
156,堡林,2023-07-30 10:00,30.3,,1.6,200,68,1006.8,1014.7,1,2.44,,0,,44.3
156,堡林,2023-07-30 11:00,31,,2.9,180,71,1006.2,1014.1,1,2.96,,0,,49.7
156,堡林,2023-07-30 12:00,31.3,,1,90,68,1005.8,1013.7,.9,3.24,,5,,49.3
156,堡林,2023-07-30 13:00,32.2,,2.3,230,66,1005,1012.8,.8,2.54,,7,,50.4
156,堡林,2023-07-30 14:00,32.9,,1.8,200,67,1004.8,1012.6,.5,2.25,,5,,52.5
156,堡林,2023-07-30 15:00,31.6,,2.2,160,70,1004.5,1012.3,.8,2.27,,7,,44.1
156,堡林,2023-07-30 16:00,30.6,,2.7,200,76,1004.6,1012.5,.3,1.27,,8,,42.2
156,堡林,2023-07-30 17:00,30.1,,2.1,180,67,1004,1011.9,.6,1.51,,2,,39.1
156,堡林,2023-07-30 18:00,30.1,,3.6,180,72,1004,1011.9,.9,1.18,,2,,34.8
156,堡林,2023-07-30 19:00,29.3,,1.8,180,85,1004.4,1012.3,.6,.39,,5,,31
156,堡林,2023-07-30 20:00,28.8,,1.7,180,87,1004.9,1012.8,0,.08,,4,,29.2
156,堡林,2023-07-30 21:00,28.1,,2,200,90,1005.9,1013.8,,,,5,,28.2
156,堡林,2023-07-30 22:00,27.6,,1.8,180,96,1006.5,1014.5,,,,5,,27.2
156,堡林,2023-07-30 23:00,26.9,,.3,0,96,1006.4,1014.4,,,,4,,26.5
156,堡林,2023-07-31 00:00,26.7,,.5,90,98,1006.2,1014.2,,,,3,,26
156,堡林,2023-07-31 01:00,25.9,,.1,0,99,1006,1014,,,,5,,25.5
156,堡林,2023-07-31 02:00,25.8,,0,0,99,1005.9,1013.9,,,,4,,25.2
156,堡林,2023-07-31 03:00,25.6,,0,0,99,1005.5,1013.5,,,,4,,24.8
156,堡林,2023-07-31 04:00,25.2,,0,0,99,1005.6,1013.6,,,,3,,24.6
156,堡林,2023-07-31 05:00,24.3,,.7,50,99,1005.6,1013.6,,,,3,,24.1
156,堡林,2023-07-31 06:00,24,,.8,90,99,1005.7,1013.7,0,.07,,4,,24.1
156,堡林,2023-07-31 07:00,25,,.5,50,99,1006.3,1014.3,.7,.35,,4,,25.4
156,堡林,2023-07-31 08:00,27,,.8,90,96,1006.2,1014.2,1,.95,,4,,35.2
156,堡林,2023-07-31 09:00,28.4,,.8,70,88,1006.1,1014,1,1.75,,4,,43.8
156,堡林,2023-07-31 10:00,30,,.6,20,74,1005.8,1013.7,1,2.41,,3,,47.1
156,堡林,2023-07-31 11:00,30.5,,.3,0,69,1005.6,1013.5,1,2.95,,2,,49.9
156,堡林,2023-07-31 12:00,31.1,,.7,360,69,1005.3,1013.2,.9,2.7,,8,,48.4
156,堡林,2023-07-31 13:00,31.9,,0,0,66,1004.6,1012.4,.2,1.33,,2,,48.5
156,堡林,2023-07-31 14:00,32.5,,.6,50,63,1003.8,1011.6,1,3.09,,5,,50.3
156,堡林,2023-07-31 15:00,32.2,,.5,340,70,1003.3,1011.1,.5,1.86,,5,,44.5
156,堡林,2023-07-31 16:00,33.8,,.5,110,58,1002.7,1010.5,.9,2.57,,8,,52.7
156,堡林,2023-07-31 17:00,31.6,,.8,110,68,1002.5,1010.3,.2,.87,,8,,37.9
156,堡林,2023-07-31 18:00,31.6,,1.3,230,73,1002.4,1010.2,0,.44,,9,,34.2
156,堡林,2023-07-31 19:00,29.7,0,1.4,230,88,1002.8,1010.6,0,.23,,7,,30.6
156,堡林,2023-07-31 20:00,28.7,,1.9,230,97,1003.2,1011.1,0,.08,,7,,28.8
156,堡林,2023-07-31 21:00,27.8,,.1,0,99,1003.8,1011.7,,,,7,,27.6
156,堡林,2023-07-31 22:00,27.6,,0,0,98,1004.1,1012,,,,6,,26.8
156,堡林,2023-07-31 23:00,27.3,,0,0,98,1004.2,1012.1,,,,4,,26.1
156,堡林,2023-08-01 00:00,27.7,,0,0,97,1003.8,1011.7,,,,0,,25.7
156,堡林,2023-08-01 01:00,26.7,,0,0,99,1003.7,1011.7,,,,2,,25.3
156,堡林,2023-08-01 02:00,26.3,,0,0,99,1003.7,1011.7,,,,2,,25
156,堡林,2023-08-01 03:00,26.6,,0,0,99,1003.5,1011.5,,,,3,,24.9
156,堡林,2023-08-01 04:00,26.1,,0,0,99,1003.3,1011.3,,,,6,,24.8
156,堡林,2023-08-01 05:00,25.9,,.5,50,99,1003.3,1011.3,,,,5,,24.6
156,堡林,2023-08-01 06:00,25.3,,0,0,99,1003.5,1011.5,0,.07,,3,,24.7
156,堡林,2023-08-01 07:00,26.2,,.4,0,99,1003.7,1011.7,.8,.35,,1,,26.1
156,堡林,2023-08-01 08:00,27.8,,.5,70,98,1004.1,1012,1,1,,3,,33
156,堡林,2023-08-01 09:00,29.7,,.4,0,92,1004.1,1012,1,1.73,,2,,40.1
156,堡林,2023-08-01 10:00,31,,.1,0,81,1003.8,1011.7,1,2.39,,1,,49.5
156,堡林,2023-08-01 11:00,32.7,,1.3,90,66,1003.4,1011.2,1,2.85,,2,,54.8
156,堡林,2023-08-01 12:00,33.5,,1.8,90,58,1002.9,1010.7,1,3.48,,1,,60.5
156,堡林,2023-08-01 13:00,34.3,,1.6,70,54,1002.3,1010.1,1,3.6,,1,,62.6
156,堡林,2023-08-01 14:00,33.4,,1.7,70,57,1001.9,1009.7,1,3.22,,8,,55.1
156,堡林,2023-08-01 15:00,33.2,,.6,110,59,1001.2,1009,.7,2.01,,7,,46.1
156,堡林,2023-08-01 16:00,33.7,,0,0,57,1000.9,1008.7,.7,2.07,,8,,45.4
156,堡林,2023-08-01 17:00,32.6,,.2,0,65,1000.8,1008.6,.5,1.32,,6,,40.9
156,堡林,2023-08-01 18:00,32.6,,.8,200,67,1000.9,1008.7,.5,.8,,6,,36.3
156,堡林,2023-08-01 19:00,31.5,,2.2,200,72,1000.9,1008.7,.2,.3,,5,,32.1
156,堡林,2023-08-01 20:00,30.9,,2.5,200,81,1001.2,1009,0,.08,,5,,29.8
156,堡林,2023-08-01 21:00,29.9,,3.6,200,86,1001.8,1009.7,,,,5,,28.6
156,堡林,2023-08-01 22:00,29.2,,2.5,230,88,1002.1,1010,,,,5,,27.8
156,堡林,2023-08-01 23:00,28.9,,1.4,200,91,1002.2,1010.1,,,,2,,27.1
156,堡林,2023-08-02 00:00,28.2,,1.1,200,97,1002.2,1010.1,,,,1,,26.7
156,堡林,2023-08-02 01:00,27.4,,.4,0,99,1002.3,1010.2,,,,2,,26.2
156,堡林,2023-08-02 02:00,27.1,,0,0,99,1002,1009.9,,,,4,,25.8
156,堡林,2023-08-02 03:00,26.9,,.2,0,99,1001.9,1009.8,,,,0,,25.5
156,堡林,2023-08-02 04:00,26.6,,.3,0,99,1001.8,1009.8,,,,2,,25.3
156,堡林,2023-08-02 05:00,26.4,,0,0,99,1001.6,1009.6,,,,2,,25
156,堡林,2023-08-02 06:00,25.9,,0,0,99,1001.6,1009.6,0,.06,,2,,24.9
156,堡林,2023-08-02 07:00,26.4,,.5,70,99,1001.4,1009.4,.7,.37,,3,,26.2
156,堡林,2023-08-02 08:00,27.9,,.4,0,96,1001.6,1009.5,1,1.02,,3,,33.9
156,堡林,2023-08-02 09:00,29.8,,1.3,70,86,1001.9,1009.7,1,1.74,,4,,41.4
156,堡林,2023-08-02 10:00,31.1,,1.6,50,74,1001.5,1009.3,1,2.33,,3,,49.7
156,堡林,2023-08-02 11:00,32.6,,.8,90,77,1001.4,1009.2,1,2.88,,5,,57.8
156,堡林,2023-08-02 12:00,33.3,,.9,50,68,1000.8,1008.6,.8,2.78,,5,,58.6
156,堡林,2023-08-02 13:00,34,,.5,180,62,1000.2,1007.9,1,3.56,,6,,64.9
156,堡林,2023-08-02 14:00,33.7,,.7,160,63,999.4,1007.1,.8,2.86,,6,,49.6
156,堡林,2023-08-02 15:00,34,,0,0,65,999,1006.7,.1,1.05,,5,,46.2
156,堡林,2023-08-02 16:00,33.2,,0,0,70,998.7,1006.5,.1,.96,,6,,42.3
156,堡林,2023-08-02 17:00,32.7,,.1,0,72,998.2,1006,.1,.71,,6,,37.6
156,堡林,2023-08-02 18:00,28.8,2.3,2.1,20,98,998,1005.8,0,.32,,8,,30.3
156,堡林,2023-08-02 19:00,29.3,1.1,0,0,98,998.5,1006.3,0,.3,,9,,29.5
156,堡林,2023-08-02 20:00,28.1,0,1.9,180,99,999.1,1007,0,.1,,9,,28.1
156,堡林,2023-08-02 21:00,27.9,0,.4,0,99,999.2,1007.1,,,,8,,27.6
156,堡林,2023-08-02 22:00,28.2,,.5,180,99,999.4,1007.3,,,,9,,27.5
156,堡林,2023-08-02 23:00,27.7,,0,0,99,999.4,1007.3,,,,8,,26.9
156,堡林,2023-08-03 00:00,27.5,,0,0,99,999.6,1007.5,,,,1,,26.2
156,堡林,2023-08-03 01:00,27.1,,0,0,99,999.6,1007.5,,,,7,,26.1
156,堡林,2023-08-03 02:00,26.7,,0,0,99,999.8,1007.7,,,,4,,25.8
156,堡林,2023-08-03 03:00,26.7,,0,0,99,999.7,1007.6,,,,0,,25.4
156,堡林,2023-08-03 04:00,26.1,,0,0,99,999.5,1007.5,,,,0,,25.2
156,堡林,2023-08-03 05:00,26,,0,0,99,999.5,1007.5,,,,0,,24.9
156,堡林,2023-08-03 06:00,26,,0,0,99,999.3,1007.3,0,.07,,0,,24.9
156,堡林,2023-08-03 07:00,26.3,,0,0,99,999.2,1007.1,.8,.37,,0,,25.7
156,堡林,2023-08-03 08:00,28.5,,0,0,98,999.3,1007.2,1,1.06,,0,,31.7
156,堡林,2023-08-03 09:00,30.1,,.1,0,87,999.4,1007.2,1,1.79,,2,,35.8
156,堡林,2023-08-03 10:00,31.2,,.1,0,77,999.6,1007.4,1,2.27,,3,,36.8
156,堡林,2023-08-03 11:00,32.5,,2.1,200,70,999.3,1007.1,.7,2.17,,6,,44.9
156,堡林,2023-08-03 12:00,31.6,,.6,200,73,998.8,1006.6,.4,1.64,,5,,36.4
156,堡林,2023-08-03 13:00,31.4,,0,0,75,998.3,1006.1,.2,1.19,,6,,35.3
156,堡林,2023-08-03 14:00,31.6,,0,0,76,997.8,1005.6,.1,.89,,7,,36.2
156,堡林,2023-08-03 15:00,31.9,,1.4,180,74,997.4,1005.2,.1,.97,,7,,36.1
156,堡林,2023-08-03 16:00,33.1,,2.5,230,73,997.3,1005,.2,1.02,,7,,40.4
156,堡林,2023-08-03 17:00,32.4,,3.1,200,70,997.1,1004.9,.7,1.55,,4,,37
156,堡林,2023-08-03 18:00,32.2,,2.1,180,68,997.1,1004.9,1,1.18,,4,,33.2
156,堡林,2023-08-03 19:00,31.6,,2.4,180,70,997.4,1005.2,.8,.39,,7,,31.1
156,堡林,2023-08-03 20:00,30.1,,2,180,78,997.9,1005.7,.1,.11,,5,,28.5
156,堡林,2023-08-03 21:00,29.4,,1.2,200,80,998.4,1006.2,,,,2,,27.2
156,堡林,2023-08-03 22:00,29.2,,.9,230,77,998.4,1006.2,,,,3,,26.5
156,堡林,2023-08-03 23:00,28.9,,.7,200,80,998.2,1006,,,,2,,25.9
156,堡林,2023-08-04 00:00,27.5,,.7,110,93,998.1,1006,,,,0,,25.7
156,堡林,2023-08-04 01:00,27.4,,.2,0,90,998.5,1006.4,,,,2,,25.4
156,堡林,2023-08-04 02:00,26.9,,.3,0,95,998.3,1006.2,,,,3,,25.2
156,堡林,2023-08-04 03:00,26,,1,90,97,998.2,1006.1,,,,4,,24.9
156,堡林,2023-08-04 04:00,26.2,,.3,0,96,998,1005.9,,,,7,,24.9
156,堡林,2023-08-04 05:00,25.4,,.8,70,98,997.7,1005.7,,,,7,,24.5
156,堡林,2023-08-04 06:00,25.3,,0,0,99,997.9,1005.9,0,.07,,1,,24.3
156,堡林,2023-08-04 07:00,26.1,,0,0,98,998.1,1006,.7,.33,,1,,25.2
156,堡林,2023-08-04 08:00,28.1,,0,0,89,998.1,1006,1,1.06,,2,,31.9
156,堡林,2023-08-04 09:00,30.2,,0,0,81,997.8,1005.6,1,1.81,,5,,39.2
156,堡林,2023-08-04 10:00,31.6,,1.2,50,75,997.8,1005.6,1,2.48,,1,,48.5
156,堡林,2023-08-04 11:00,30.4,,0,0,82,997.5,1005.3,.4,1.55,,6,,38.6
156,堡林,2023-08-04 12:00,33,,.9,140,72,997,1004.7,.7,2.57,,7,,51.8
156,堡林,2023-08-04 13:00,31.5,,.8,70,79,996.5,1004.3,.3,1.58,,7,,44.2
156,堡林,2023-08-04 14:00,32.8,,.7,140,71,996,1003.7,.6,1.99,,6,,50.1
156,堡林,2023-08-04 15:00,31.4,,1.3,140,79,995.5,1003.3,.1,.85,,6,,38.8
156,堡林,2023-08-04 16:00,34,,1.2,200,63,995.5,1003.2,.7,1.81,,7,,50.3
156,堡林,2023-08-04 17:00,33.6,,.2,0,63,995.3,1003,1,1.96,,4,,43
156,堡林,2023-08-04 18:00,33.2,,2.3,200,63,995,1002.7,.8,1.04,,2,,35.4
156,堡林,2023-08-04 19:00,31.5,,1.4,180,71,995.2,1003,1,.44,,0,,31.7
156,堡林,2023-08-04 20:00,30.2,,1.3,180,79,995.5,1003.3,.2,.08,,1,,29.4
156,堡林,2023-08-04 21:00,29.5,,1.8,230,86,996.1,1003.9,,,,1,,28.4
156,堡林,2023-08-04 22:00,28.9,,1.2,230,89,996.1,1003.9,,,,1,,27.6
156,堡林,2023-08-04 23:00,28.6,,0,0,90,995.8,1003.6,,,,2,,27
156,堡林,2023-08-05 00:00,27.8,,.1,0,95,995.3,1003.2,,,,0,,26.5
156,堡林,2023-08-05 01:00,27.6,,0,0,98,994.8,1002.7,,,,4,,26.1
156,堡林,2023-08-05 02:00,27,,.3,0,99,994.3,1002.2,,,,3,,25.6
156,堡林,2023-08-05 03:00,26.5,,.7,50,98,994.1,1002,,,,0,,25.2
156,堡林,2023-08-05 04:00,26.8,,0,0,97,994.3,1002.2,,,,0,,24.9
156,堡林,2023-08-05 05:00,26,,0,0,99,994.5,1002.4,,,,1,,24.7
156,堡林,2023-08-05 06:00,25.5,,0,0,99,994.9,1002.8,0,.06,,0,,24.6
156,堡林,2023-08-05 07:00,25.9,,1.2,50,99,994.8,1002.7,.7,.36,,0,,25.5
156,堡林,2023-08-05 08:00,28.2,,0,0,96,994.6,1002.4,1,1.05,,0,,33
156,堡林,2023-08-05 09:00,29.8,,.7,50,85,994.6,1002.4,1,1.78,,0,,41.5
156,堡林,2023-08-05 10:00,32,,1.5,50,78,994.2,1002,1,2.44,,0,,50.8
156,堡林,2023-08-05 11:00,32.3,,.9,90,75,993.5,1001.2,1,2.95,,1,,57.4
156,堡林,2023-08-05 12:00,33.4,,.2,0,68,992.9,1000.6,1,3.53,,2,,62.9
156,堡林,2023-08-05 13:00,34.8,,.6,50,67,992.2,999.9,.8,2.69,,4,,61.9
156,堡林,2023-08-05 14:00,33.1,,.3,0,68,991.6,999.3,.8,2.78,,4,,53.1
156,堡林,2023-08-05 15:00,34.9,,.3,0,57,991.4,999.1,.8,2.5,,3,,56.4
156,堡林,2023-08-05 16:00,35.1,,.1,0,61,990.8,998.5,.6,1.65,,4,,52.4
156,堡林,2023-08-05 17:00,34.4,,1.8,50,67,990.4,998.1,.9,1.81,,2,,46.2
156,堡林,2023-08-05 18:00,33.7,,1.1,50,71,990.3,998,.9,1.03,,1,,37.7
156,堡林,2023-08-05 19:00,32.5,,1,50,76,990.3,998,1,.45,,1,,33.8
156,堡林,2023-08-05 20:00,30.8,,0,0,85,991,998.8,.1,.09,,3,,30.7
156,堡林,2023-08-05 21:00,29.7,,1.6,70,90,991.5,999.3,,,,0,,29.3
156,堡林,2023-08-05 22:00,28.9,,2.2,70,92,991.8,999.6,,,,3,,28.6
156,堡林,2023-08-05 23:00,28.9,,1.5,70,88,991.7,999.5,,,,3,,28.2
156,堡林,2023-08-06 00:00,27.9,,1.6,70,93,991.5,999.3,,,,1,,27.5
156,堡林,2023-08-06 01:00,27.9,,1.1,50,93,991.2,999,,,,5,,27.8
156,堡林,2023-08-06 02:00,28.2,,1,50,95,991.1,998.9,,,,4,,28
156,堡林,2023-08-06 03:00,27.5,,0,0,97,990.7,998.5,,,,0,,26.9
156,堡林,2023-08-06 04:00,27.2,,1.1,50,98,990.8,998.6,,,,0,,26.4
156,堡林,2023-08-06 05:00,26.6,,.3,0,99,990.4,998.3,,,,2,,26.1
156,堡林,2023-08-06 06:00,26.9,,.7,50,99,990.3,998.1,0,.07,,3,,26.1
156,堡林,2023-08-06 07:00,27.4,,0,0,99,990.6,998.4,.6,.34,,5,,28.4
156,堡林,2023-08-06 08:00,28.7,,.4,0,97,990.7,998.5,1,.93,,0,,34.6
156,堡林,2023-08-06 09:00,30.1,,.2,0,89,990.7,998.5,.9,1.55,,4,,42.7
156,堡林,2023-08-06 10:00,31.6,,1,70,83,990.7,998.4,1,2.33,,4,,51.1
156,堡林,2023-08-06 11:00,33.3,,.1,0,74,990.4,998.1,1,3.01,,4,,59.7
156,堡林,2023-08-06 12:00,33.6,,1,90,69,989.9,997.6,1,3.16,,3,,62.1
156,堡林,2023-08-06 13:00,34.5,,1.4,70,61,989.4,997,1,3.45,,5,,65.7
156,堡林,2023-08-06 14:00,35.2,,.5,110,58,988.7,996.3,1,3.41,,4,,65.9
156,堡林,2023-08-06 15:00,34,,1.3,90,65,988.1,995.8,.7,2.03,,6,,49.3
156,堡林,2023-08-06 16:00,32.6,,1,110,76,987.8,995.5,.2,1.06,,7,,40.7
156,堡林,2023-08-06 17:00,32.7,,1.4,200,77,987.8,995.5,.2,.45,,4,,36.6
156,堡林,2023-08-06 18:00,30.8,,2.5,270,88,988.6,996.3,0,.2,,6,,33.8
156,堡林,2023-08-06 19:00,30.4,,.5,320,91,989.8,997.6,.4,.29,,8,,33
156,堡林,2023-08-06 20:00,29.4,,0,0,90,990.2,998,0,.1,,10,,30.3
156,堡林,2023-08-06 21:00,28.6,0,0,0,97,990.8,998.6,,,,8,,28.6
156,堡林,2023-08-06 22:00,28,,0,0,98,991.4,999.2,,,,7,,27.9
156,堡林,2023-08-06 23:00,27.9,,0,0,98,991.2,999,,,,5,,27.5
156,堡林,2023-08-07 00:00,27.7,,0,0,99,991.1,998.9,,,,5,,27
156,堡林,2023-08-07 01:00,27.6,,0,0,99,990.8,998.6,,,,3,,26.5
156,堡林,2023-08-07 02:00,27.5,,0,0,99,990.6,998.4,,,,5,,26.4
156,堡林,2023-08-07 03:00,27,,0,0,99,990.6,998.4,,,,5,,26.1
156,堡林,2023-08-07 04:00,27,,0,0,99,990.8,998.6,,,,5,,26
156,堡林,2023-08-07 05:00,27.3,,0,0,99,990.9,998.7,,,,5,,27
156,堡林,2023-08-07 06:00,27.1,,0,0,99,991.5,999.4,0,.06,,5,,27.1
156,堡林,2023-08-07 07:00,27.3,,0,0,99,991.7,999.5,.2,.24,,5,,27.9
156,堡林,2023-08-07 08:00,28.6,,0,0,98,991.8,999.6,.5,.56,,3,,32.3
156,堡林,2023-08-07 09:00,30,,1.2,70,91,991.7,999.5,.8,1.57,,4,,39.3
156,堡林,2023-08-07 10:00,31.6,,1.4,50,77,991.5,999.2,1,2.18,,2,,50.5
156,堡林,2023-08-07 11:00,32.9,,.2,0,76,991.2,998.9,1,2.86,,2,,57.7
156,堡林,2023-08-07 12:00,33.6,,.3,0,70,990.7,998.4,1,3.12,,3,,58.6
156,堡林,2023-08-07 13:00,34.1,,1.1,340,70,990.2,997.9,.9,3.15,,5,,61
156,堡林,2023-08-07 14:00,34.7,,.3,0,68,989.4,997,.5,1.93,,6,,56.2
156,堡林,2023-08-07 15:00,35.1,,1.4,320,66,989,996.6,.8,2.49,,7,,59
156,堡林,2023-08-07 16:00,29.3,0,3.2,180,84,991.2,999,.5,1.26,,8,,39.2
156,堡林,2023-08-07 17:00,25.8,8.4,1.1,270,99,991.5,999.4,0,.25,,9,,30.1
156,堡林,2023-08-07 18:00,26.9,,.3,0,99,990.3,998.1,.1,.31,,9,,29.7
156,堡林,2023-08-07 19:00,27,,.6,90,99,990.7,998.5,.3,.36,,9,,29.2
156,堡林,2023-08-07 20:00,26.4,,0,0,99,991,998.9,0,.09,,5,,27.8
156,堡林,2023-08-07 21:00,26.5,,1,50,99,991.8,999.7,,,,3,,27
156,堡林,2023-08-07 22:00,26.5,,.7,90,99,992.2,1000.1,,,,4,,26.8
156,堡林,2023-08-07 23:00,26.9,,.6,270,99,992.4,1000.3,,,,6,,26.6
156,堡林,2023-08-08 00:00,26.4,,0,0,99,992.4,1000.3,,,,5,,26.7
156,堡林,2023-08-08 01:00,26.4,,0,0,99,992.3,1000.2,,,,4,,26.2
156,堡林,2023-08-08 02:00,26.4,,0,0,99,992.7,1000.6,,,,6,,25.9
156,堡林,2023-08-08 03:00,25.9,,.4,0,99,992.5,1000.4,,,,3,,25.6
156,堡林,2023-08-08 04:00,25.5,,0,0,99,992.4,1000.3,,,,0,,25.3
156,堡林,2023-08-08 05:00,25,,1.3,70,99,992.6,1000.5,,,,0,,25
156,堡林,2023-08-08 06:00,25.1,,1.2,70,99,993.2,1001.1,0,.06,,1,,25
156,堡林,2023-08-08 07:00,26,,1.6,70,99,993.6,1001.5,.7,.31,,0,,25.7
156,堡林,2023-08-08 08:00,27.7,,.5,70,98,993.7,1001.5,.8,.77,,1,,30.1
156,堡林,2023-08-08 09:00,29.3,,1.2,70,90,993.6,1001.4,1,1.72,,1,,35.2
156,堡林,2023-08-08 10:00,31.5,,.3,0,80,993.5,1001.3,1,2.42,,0,,39.5
156,堡林,2023-08-08 11:00,33,,1.1,70,74,993.5,1001.2,1,2.95,,1,,42.2
156,堡林,2023-08-08 12:00,33.7,,1.2,70,73,993,1000.7,1,3.3,,3,,43.9
156,堡林,2023-08-08 13:00,34.5,,1.9,70,63,992.7,1000.4,1,3.59,,4,,46.2
156,堡林,2023-08-08 14:00,35,,1.4,90,60,992.3,1000,1,3.4,,5,,48.1
156,堡林,2023-08-08 15:00,34.2,,1.6,50,66,991.8,999.5,.7,2.18,,5,,41.4
156,堡林,2023-08-08 16:00,35.1,,1.5,70,65,991.7,999.4,.6,1.68,,7,,44
156,堡林,2023-08-08 17:00,31.3,,2.1,180,79,991.8,999.6,.6,1.22,,7,,36.4
156,堡林,2023-08-08 18:00,30.5,,1.9,250,89,992.5,1000.3,0,.25,,8,,32.5
156,堡林,2023-08-08 19:00,29,,1.9,200,98,993.6,1001.4,0,.09,,10,,30.6
156,堡林,2023-08-08 20:00,25.5,5.1,.1,0,99,994,1001.9,0,.06,,9,,27.9
156,堡林,2023-08-08 21:00,25.9,.4,0,0,99,994.1,1002,,,,9,,27.4
156,堡林,2023-08-08 22:00,25.8,,1.1,50,99,993.9,1001.8,,,,6,,27
156,堡林,2023-08-08 23:00,25.8,,.8,70,99,993.9,1001.8,,,,3,,26.6
156,堡林,2023-08-09 00:00,25.5,,1.6,50,99,993.7,1001.6,,,,3,,26.3
156,堡林,2023-08-09 01:00,25.2,,1.9,70,99,993.5,1001.4,,,,3,,26
156,堡林,2023-08-09 02:00,25.3,,2.3,70,99,993.3,1001.2,,,,3,,25.7
156,堡林,2023-08-09 03:00,25.3,,2.4,70,99,993,1000.9,,,,4,,25.3
156,堡林,2023-08-09 04:00,25.2,,1.7,70,99,992.8,1000.7,,,,7,,25.1
156,堡林,2023-08-09 05:00,25.4,,1.2,70,99,993.1,1001,,,,4,,24.9
156,堡林,2023-08-09 06:00,25,,1.7,50,99,993.4,1001.3,0,.06,,4,,24.8
156,堡林,2023-08-09 07:00,25.1,,1.1,70,99,993.6,1001.5,0,.16,,6,,25.6
156,堡林,2023-08-09 08:00,26.5,,1.7,70,99,993.5,1001.4,0,.49,,8,,28.2
156,堡林,2023-08-09 09:00,28.7,,1.9,70,92,993.3,1001.1,.3,1.1,,9,,32.7
156,堡林,2023-08-09 10:00,28.9,,1.4,70,91,993.7,1001.5,.1,1.2,,9,,32.1
156,堡林,2023-08-09 11:00,28.5,,1.9,70,92,993.5,1001.3,0,.97,,9,,31.4
156,堡林,2023-08-09 12:00,27.8,0,1.2,50,99,993.3,1001.1,0,.66,,10,,31.2
156,堡林,2023-08-09 13:00,28.4,0,1.5,70,97,992.8,1000.6,0,1,,10,,32.4
156,堡林,2023-08-09 14:00,27.3,0,2.6,50,98,992.4,1000.3,0,.85,,10,,30.8
156,堡林,2023-08-09 15:00,26.7,.3,2.6,70,99,992,999.9,0,.68,,10,,30.3
156,堡林,2023-08-09 16:00,26.9,0,1.6,50,98,992,999.9,0,.67,,10,,29.9
156,堡林,2023-08-09 17:00,26.5,0,2.8,70,99,991.7,999.6,0,.56,,10,,29.1
156,堡林,2023-08-09 18:00,25.9,0,2.9,70,99,991.3,999.2,0,.28,,10,,27.3
156,堡林,2023-08-09 19:00,25.9,0,2.1,70,99,991.4,999.3,0,.15,,10,,26.4
156,堡林,2023-08-09 20:00,26.3,0,2.5,50,98,991.4,999.3,0,.06,,10,,25.9
156,堡林,2023-08-09 21:00,25.7,0,3.6,70,99,991.4,999.3,,,,10,,25.4
156,堡林,2023-08-09 22:00,25.6,0,1.7,50,99,991.2,999.1,,,,10,,25.3
156,堡林,2023-08-09 23:00,25.2,0,2.1,50,99,990.6,998.5,,,,10,,25.1
156,堡林,2023-08-10 00:00,24.4,.7,2.3,70,99,990.1,998,,,,10,,25
156,堡林,2023-08-10 01:00,24,2.9,2,70,99,989.2,997.1,,,,10,,24.9
156,堡林,2023-08-10 02:00,23.9,6.6,3.1,50,99,988.3,996.2,,,,10,,24.5
156,堡林,2023-08-10 03:00,23.9,6.7,2.2,50,99,987.5,995.4,,,,10,,24.3
156,堡林,2023-08-10 04:00,23.7,9.1,1,50,99,986.6,994.5,,,,10,,24.2
156,堡林,2023-08-10 05:00,23.8,9.3,2,50,99,986.1,994,,,,10,,24.1
156,堡林,2023-08-10 06:00,23.6,12.4,3.6,50,99,985.7,993.6,0,.06,,10,,23.9
156,堡林,2023-08-10 07:00,23.4,17.6,4.5,50,99,985.5,993.4,0,.07,,10,,23.5
156,堡林,2023-08-10 08:00,23.4,6.6,2.8,50,99,985.1,993,0,.14,,10,,23.9
156,堡林,2023-08-10 09:00,23.4,2.8,5.1,50,99,984.5,992.4,0,.26,,10,,24.3
156,堡林,2023-08-10 10:00,22.8,4.5,4.8,50,99,984.8,992.7,0,.4,,10,,24.2
156,堡林,2023-08-10 11:00,22.9,5.9,4,50,99,985,992.9,0,.37,,10,,24.1
156,堡林,2023-08-10 12:00,22.2,5.2,2.3,290,99,985.9,993.8,0,.29,,10,,23.3
156,堡林,2023-08-10 13:00,23.2,1.2,1.6,340,99,986.4,994.3,0,.66,,10,,26.9
156,堡林,2023-08-10 14:00,24.5,0,1.6,320,98,986.9,994.7,.2,2,,9,,31.8
156,堡林,2023-08-10 15:00,22.9,1,1.3,320,99,987.7,995.6,0,.38,,10,,25.3
156,堡林,2023-08-10 16:00,23.3,.6,1.1,290,99,988,995.9,0,.37,,10,,25.1
156,堡林,2023-08-10 17:00,24,0,1.4,270,99,988.6,996.5,0,.6,,10,,26.5
156,堡林,2023-08-10 18:00,23.8,,2,270,99,989.2,997.1,0,.32,,10,,25.1
156,堡林,2023-08-10 19:00,23.9,0,1.1,270,99,990.2,998.1,0,.2,,9,,24.2
156,堡林,2023-08-10 20:00,23.5,,1.3,250,99,990.6,998.5,0,.07,,6,,23.7
156,堡林,2023-08-10 21:00,23.4,,1.5,250,99,991.3,999.2,,,,7,,23.1
156,堡林,2023-08-10 22:00,22.7,,2.3,230,99,991.9,999.9,,,,7,,22.8
156,堡林,2023-08-10 23:00,22.7,,.4,0,99,992.2,1000.2,,,,6,,22.2
156,堡林,2023-08-11 00:00,23.2,,2,200,99,992.3,1000.2,,,,9,,23
156,堡林,2023-08-11 01:00,23.1,,1.9,230,99,992.2,1000.1,,,,6,,22.7
156,堡林,2023-08-11 02:00,23.5,,2.3,230,99,992.6,1000.5,,,,5,,22.9
156,堡林,2023-08-11 03:00,23,,.9,230,99,992.8,1000.8,,,,1,,22.5
156,堡林,2023-08-11 04:00,23.2,,1.8,230,99,993.1,1001,,,,6,,22.7
156,堡林,2023-08-11 05:00,23.7,,2.8,200,99,993.2,1001.1,,,,9,,23.1
156,堡林,2023-08-11 06:00,23.9,,2.6,230,99,993.7,1001.6,0,.06,,5,,23.2
156,堡林,2023-08-11 07:00,24.4,,.2,0,99,994,1001.9,0,.17,,9,,24.5
156,堡林,2023-08-11 08:00,25.4,,2.7,200,99,993.9,1001.8,.5,.72,,3,,26.8
156,堡林,2023-08-11 09:00,26.5,,1.4,250,98,994.4,1002.3,.8,1.43,,7,,31.6
156,堡林,2023-08-11 10:00,27.9,,3,200,94,994.5,1002.3,.9,2.07,,7,,35.8
156,堡林,2023-08-11 11:00,29.2,,2.8,250,79,994.4,1002.2,1,3.16,,4,,41.5
156,堡林,2023-08-11 12:00,29.6,,2.7,230,83,994,1001.8,.8,2.51,,3,,40.2
156,堡林,2023-08-11 13:00,30.3,,2.7,250,77,993.6,1001.4,1,3.36,,3,,42.5
156,堡林,2023-08-11 14:00,30.9,,3.1,250,71,993.3,1001.1,1,3.34,,5,,43.9
156,堡林,2023-08-11 15:00,30.3,,2.9,250,73,993.1,1000.9,1,2.55,,6,,38.5
156,堡林,2023-08-11 16:00,30.1,,3.1,230,73,993.1,1000.9,.9,2.38,,8,,37.2
156,堡林,2023-08-11 17:00,29,,2.3,230,77,993.2,1001,.4,1.3,,7,,32.9
156,堡林,2023-08-11 18:00,28.6,,2.2,250,74,993.5,1001.3,0,.41,,10,,29.1
156,堡林,2023-08-11 19:00,27.7,,1.5,230,81,993.7,1001.5,0,.22,,10,,27.8
156,堡林,2023-08-11 20:00,27,,1.7,250,90,994.3,1002.2,0,.06,,10,,26.5
156,堡林,2023-08-11 21:00,26.9,,1.5,270,83,995.1,1003,,,,7,,25.8
156,堡林,2023-08-11 22:00,26.2,,.4,0,93,995.6,1003.5,,,,9,,25.6
156,堡林,2023-08-11 23:00,26.2,,.9,270,95,995.8,1003.7,,,,9,,25.6
156,堡林,2023-08-12 00:00,25.4,0,1.1,230,98,996,1003.9,,,,8,,25.2
156,堡林,2023-08-12 01:00,25.2,,0,0,99,996,1004,,,,10,,25
156,堡林,2023-08-12 02:00,24.9,,1,230,99,995.7,1003.7,,,,9,,24.8
156,堡林,2023-08-12 03:00,24.4,,2.2,230,99,995.8,1003.7,,,,4,,24.1
156,堡林,2023-08-12 04:00,24.1,,1.7,200,99,995.8,1003.7,,,,5,,23.8
156,堡林,2023-08-12 05:00,23.6,,1.2,230,99,996.1,1004.1,,,,3,,23.1
156,堡林,2023-08-12 06:00,23.3,,.8,160,99,996.4,1004.4,0,.05,,0,,22.7
156,堡林,2023-08-12 07:00,23.6,,.4,0,99,996.6,1004.6,.5,.27,,3,,23.4
156,堡林,2023-08-12 08:00,25,,0,0,97,996.9,1004.9,.8,.92,,0,,27.7
156,堡林,2023-08-12 09:00,25.8,,.5,290,95,997.1,1005,.7,1.31,,7,,30.4
156,堡林,2023-08-12 10:00,27.3,,0,0,89,997.1,1005,1,2.15,,2,,35.3
156,堡林,2023-08-12 11:00,29,,1.2,270,77,997,1004.8,1,3.05,,4,,41.4
156,堡林,2023-08-12 12:00,29.4,,.4,0,75,996.6,1004.4,.8,2.67,,7,,40
156,堡林,2023-08-12 13:00,29.2,,.4,0,78,996.3,1004.1,.5,2.08,,9,,35.8
156,堡林,2023-08-12 14:00,28.6,0,.6,290,84,996.2,1004,0,.88,,10,,31.6
156,堡林,2023-08-12 15:00,29.2,.2,.5,270,79,995.9,1003.7,.3,1.35,,10,,34.9
156,堡林,2023-08-12 16:00,30.1,,.5,320,72,995.6,1003.4,.1,1.32,,10,,35.8
156,堡林,2023-08-12 17:00,29.2,,.4,0,74,995.8,1003.6,.1,.97,,10,,31.7
156,堡林,2023-08-12 18:00,29.1,0,.7,270,79,995.7,1003.5,0,.26,,10,,29.1
156,堡林,2023-08-12 19:00,28.2,0,0,0,85,995.9,1003.7,0,.27,,3,,27.9
156,堡林,2023-08-12 20:00,27.1,,0,0,96,996.3,1004.2,0,.07,,7,,26.5
156,堡林,2023-08-12 21:00,26.4,,0,0,98,996.9,1004.8,,,,2,,25.8
156,堡林,2023-08-12 22:00,25.8,,0,0,98,997.3,1005.2,,,,3,,25.3
156,堡林,2023-08-12 23:00,25.6,,0,0,98,997.2,1005.2,,,,5,,25.3
156,堡林,2023-08-13 00:00,25.2,,0,0,99,997,1005,,,,3,,24.7
156,堡林,2023-08-13 01:00,25,,0,0,99,996.9,1004.9,,,,5,,24.4
156,堡林,2023-08-13 02:00,24.5,,0,0,99,996.5,1004.4,,,,3,,24.1
156,堡林,2023-08-13 03:00,24.5,,0,0,99,996.2,1004.1,,,,2,,23.8
156,堡林,2023-08-13 04:00,24.1,,0,0,99,996.2,1004.1,,,,3,,23.7
156,堡林,2023-08-13 05:00,23.9,,0,0,99,996.6,1004.5,,,,3,,23.4
156,堡林,2023-08-13 06:00,23.6,,0,0,99,996.9,1004.9,0,.06,,1,,23.3
156,堡林,2023-08-13 07:00,24,,0,0,99,997.1,1005,0,.22,,1,,24.5
156,堡林,2023-08-13 08:00,25.4,,0,0,99,997.4,1005.4,1,.84,,0,,28.2
156,堡林,2023-08-13 09:00,26.8,,0,0,96,997.3,1005.2,1,1.5,,2,,33.1
156,堡林,2023-08-13 10:00,29,,0,0,79,997.4,1005.2,1,2.17,,4,,37
156,堡林,2023-08-13 11:00,30.3,,1,230,76,997.5,1005.3,1,2.76,,8,,40.9
156,堡林,2023-08-13 12:00,31.2,,0,0,67,997,1004.8,1,3.26,,7,,43.2
156,堡林,2023-08-13 13:00,30.7,,0,0,71,996.8,1004.6,.4,1.83,,7,,36.8
156,堡林,2023-08-13 14:00,31,,0,0,71,996.4,1004.2,.3,1.43,,9,,35.1
156,堡林,2023-08-13 15:00,29.8,,.9,200,75,995.9,1003.7,0,.77,,10,,32.2
156,堡林,2023-08-13 16:00,30.1,,0,0,79,995.7,1003.5,0,.55,,9,,31.3
156,堡林,2023-08-13 17:00,31,,0,0,68,995.6,1003.4,.4,.8,,9,,32.6
156,堡林,2023-08-13 18:00,29.8,,0,0,79,995.5,1003.3,.1,.54,,9,,30.4
156,堡林,2023-08-13 19:00,30.2,,.2,0,79,995.9,1003.7,.1,.21,,7,,28.8
156,堡林,2023-08-13 20:00,29,,0,0,91,996.3,1004.1,0,.07,,6,,28
156,堡林,2023-08-13 21:00,28.4,,0,0,94,997.2,1005,,,,5,,27.6
156,堡林,2023-08-13 22:00,28,,0,0,95,997.6,1005.5,,,,5,,27.2
156,堡林,2023-08-13 23:00,27.6,,.5,230,90,997.6,1005.5,,,,5,,26.6
156,堡林,2023-08-14 00:00,27.2,,0,0,98,998.1,1006,,,,5,,26.2
156,堡林,2023-08-14 01:00,27,,0,0,97,997.9,1005.8,,,,5,,25.9
156,堡林,2023-08-14 02:00,26.5,,0,0,98,997.8,1005.7,,,,3,,25.9
156,堡林,2023-08-14 03:00,26.5,,0,0,99,997.8,1005.7,,,,4,,26.1
156,堡林,2023-08-14 04:00,26.6,,0,0,99,997.8,1005.7,,,,5,,26
156,堡林,2023-08-14 05:00,25.6,,0,0,99,998,1006,,,,3,,25.2
156,堡林,2023-08-14 06:00,26,,0,0,99,998.1,1006,0,.05,,7,,26
156,堡林,2023-08-14 07:00,25.8,0,0,0,99,998.4,1006.4,0,.09,,8,,26.4
156,堡林,2023-08-14 08:00,26.4,0,0,0,99,998.4,1006.3,0,.65,,9,,29
156,堡林,2023-08-14 09:00,27.5,,0,0,99,998.4,1006.3,.2,.75,,8,,31.8
156,堡林,2023-08-14 10:00,29,,.2,0,91,998.8,1006.6,1,2.08,,7,,37.4
156,堡林,2023-08-14 11:00,30.4,,.2,0,82,998.7,1006.5,.8,2.57,,6,,42.8
156,堡林,2023-08-14 12:00,31.5,,.8,70,77,998,1005.8,.7,2.55,,5,,43.6
156,堡林,2023-08-14 13:00,32.1,,1.2,70,65,997.4,1005.2,.8,2.8,,4,,46.9
156,堡林,2023-08-14 14:00,32.7,,1.6,90,64,996.9,1004.7,.9,3.01,,2,,47.9
156,堡林,2023-08-14 15:00,32.7,,1.3,50,63,996.4,1004.2,1,2.83,,2,,43.5
156,堡林,2023-08-14 16:00,31.5,,0,0,70,996.1,1003.9,.6,1.6,,3,,37.8
156,堡林,2023-08-14 17:00,31.8,,.2,0,69,996.1,1003.9,.2,.74,,7,,35.2
156,堡林,2023-08-14 18:00,31,,.4,0,87,995.8,1003.6,.1,.56,,8,,33.8
156,堡林,2023-08-14 19:00,29.7,0,0,0,92,996.1,1003.9,.2,.49,,8,,31.6
156,堡林,2023-08-14 20:00,27.4,0,1.2,250,98,997.1,1005,0,.05,,8,,29.1
156,堡林,2023-08-14 21:00,27.3,,1.1,200,99,998,1005.9,,,,9,,28.5
156,堡林,2023-08-14 22:00,25.6,2.2,.8,50,99,998.1,1006.1,,,,9,,27.2
156,堡林,2023-08-14 23:00,25.4,.9,.7,70,99,998,1006,,,,9,,27.1
156,堡林,2023-08-15 00:00,25.5,.6,0,0,99,998,1006,,,,9,,27
156,堡林,2023-08-15 01:00,25.6,,0,0,99,997.9,1005.9,,,,4,,27.1
156,堡林,2023-08-15 02:00,25.5,,.7,50,99,997.5,1005.5,,,,4,,26.4
156,堡林,2023-08-15 03:00,25.3,,.2,0,99,997.3,1005.3,,,,8,,25.8
156,堡林,2023-08-15 04:00,25.3,,0,0,99,997,1005,,,,6,,25.6
156,堡林,2023-08-15 05:00,25,,.1,0,99,997.4,1005.4,,,,8,,25.8
156,堡林,2023-08-15 06:00,24.8,,0,0,99,997.8,1005.7,0,.06,,8,,25.8
156,堡林,2023-08-15 07:00,25,,0,0,99,998.1,1006.1,0,.19,,6,,26.6
156,堡林,2023-08-15 08:00,26.2,,0,0,99,998.2,1006.1,.3,.68,,5,,29.7
156,堡林,2023-08-15 09:00,27.4,,0,0,99,998.3,1006.2,.3,1.24,,7,,33.1
156,堡林,2023-08-15 10:00,28.3,,.8,90,97,997.9,1005.8,.8,2.01,,5,,36.4
156,堡林,2023-08-15 11:00,29.7,,.3,0,89,997.3,1005.1,.8,2.46,,5,,41.2
156,堡林,2023-08-15 12:00,30.7,,.8,340,84,996.7,1004.5,.9,2.78,,7,,41.7
156,堡林,2023-08-15 13:00,31.1,,.4,0,80,996.2,1004,.7,2.16,,6,,38.7
156,堡林,2023-08-15 14:00,31.7,,1.3,50,82,995.7,1003.5,.6,2.25,,8,,40.9
156,堡林,2023-08-15 15:00,31.7,,.5,360,76,995.4,1003.2,.7,2.2,,7,,39.5
156,堡林,2023-08-15 16:00,31.9,,1.3,20,74,994.8,1002.6,1,2.29,,5,,38.2
156,堡林,2023-08-15 17:00,31.9,,.5,20,74,994.6,1002.4,.9,1.57,,4,,34.8
156,堡林,2023-08-15 18:00,30.9,,.6,20,78,995,1002.8,1,1.06,,4,,31.6
156,堡林,2023-08-15 19:00,29.4,,.1,0,88,995.4,1003.2,.5,.33,,6,,29.3
156,堡林,2023-08-15 20:00,28.5,,.3,0,89,996.1,1003.9,0,.05,,10,,27.9
156,堡林,2023-08-15 21:00,27.8,,.2,0,87,996.4,1004.3,,,,9,,27.1
156,堡林,2023-08-15 22:00,26.5,,0,0,95,996.6,1004.5,,,,7,,26.3
156,堡林,2023-08-15 23:00,27.2,,0,0,91,996.8,1004.7,,,,7,,26
156,堡林,2023-08-16 00:00,26.1,,0,0,93,996.8,1004.7,,,,0,,25.4
156,堡林,2023-08-16 01:00,25.7,,0,0,97,996.7,1004.6,,,,2,,25.1
156,堡林,2023-08-16 02:00,25.6,,.1,0,97,996.6,1004.5,,,,7,,24.9
156,堡林,2023-08-16 03:00,25.6,,0,0,98,996.6,1004.5,,,,9,,25.2
156,堡林,2023-08-16 04:00,25.4,,.1,0,99,996.4,1004.4,,,,7,,25.1
156,堡林,2023-08-16 05:00,25,,0,0,99,996.4,1004.4,,,,9,,24.9
156,堡林,2023-08-16 06:00,24.5,,0,0,99,996.7,1004.6,0,.06,,9,,24.9
156,堡林,2023-08-16 07:00,24.9,,0,0,99,997.1,1005.1,0,.18,,9,,26
156,堡林,2023-08-16 08:00,25.8,,0,0,99,997.4,1005.3,.5,.81,,7,,28.7
156,堡林,2023-08-16 09:00,26.9,,0,0,94,997.5,1005.4,.4,1.01,,3,,31.2
156,堡林,2023-08-16 10:00,28.7,,0,0,82,997.3,1005.1,1,2.31,,4,,38.5
156,堡林,2023-08-16 11:00,30.5,,.5,200,75,996.9,1004.7,1,2.86,,4,,43.5
156,堡林,2023-08-16 12:00,30.2,,1.5,250,76,996.5,1004.3,.9,2.86,,5,,42.3
156,堡林,2023-08-16 13:00,31.2,,.5,250,66,996.2,1004,.8,2.76,,6,,47
156,堡林,2023-08-16 14:00,31.9,,1,270,66,995.9,1003.7,1,3.21,,6,,47.8
156,堡林,2023-08-16 15:00,32.5,,.1,0,60,995.6,1003.4,.8,2.64,,7,,49.1
156,堡林,2023-08-16 16:00,31.2,,1.2,290,68,995.5,1003.3,.9,2.37,,2,,45.7
156,堡林,2023-08-16 17:00,31.4,,1.3,270,69,995.3,1003.1,1,1.83,,3,,39.7
156,堡林,2023-08-16 18:00,30,,.6,340,77,995.3,1003.1,.7,.98,,4,,34.7
156,堡林,2023-08-16 19:00,28.5,,1.3,320,83,995.7,1003.5,.4,.32,,5,,31
156,堡林,2023-08-16 20:00,27.6,,.9,340,88,996.1,1004,0,.06,,4,,28.7
156,堡林,2023-08-16 21:00,26.7,,.7,320,94,996.7,1004.6,,,,0,,27.8
156,堡林,2023-08-16 22:00,26.4,,.2,0,97,997.2,1005.1,,,,2,,26.8
156,堡林,2023-08-16 23:00,26,,.4,0,97,997.4,1005.3,,,,4,,26.3
156,堡林,2023-08-17 00:00,25.3,,1.1,70,98,997.3,1005.3,,,,3,,25.7
156,堡林,2023-08-17 01:00,25.2,,.6,70,99,997.1,1005.1,,,,6,,25.5
156,堡林,2023-08-17 02:00,24.9,,.1,0,99,996.8,1004.8,,,,7,,25.1
156,堡林,2023-08-17 03:00,25.2,,0,0,99,996.7,1004.7,,,,7,,25.2
156,堡林,2023-08-17 04:00,24.3,,0,0,99,996.4,1004.3,,,,0,,24.3
156,堡林,2023-08-17 05:00,24.5,,0,0,99,996.5,1004.4,,,,1,,24
156,堡林,2023-08-17 06:00,24,,0,0,99,996.8,1004.7,0,.05,,8,,24.4
156,堡林,2023-08-17 07:00,24.4,,0,0,99,997.1,1005,.3,.26,,7,,25.9
156,堡林,2023-08-17 08:00,26.2,,.2,0,99,997.4,1005.3,.9,.98,,6,,30
156,堡林,2023-08-17 09:00,26.9,,.7,70,95,997.7,1005.6,.5,1.24,,7,,34.8
156,堡林,2023-08-17 10:00,27.5,,0,0,90,997.8,1005.7,.5,1.48,,7,,36.5
156,堡林,2023-08-17 11:00,29.1,,.1,0,82,997.6,1005.4,.6,1.82,,8,,40.2
156,堡林,2023-08-17 12:00,29.2,,.8,70,78,997.2,1005,.8,2.14,,7,,43
156,堡林,2023-08-17 13:00,30.1,,0,0,70,996.9,1004.7,.8,2.68,,7,,43.7
156,堡林,2023-08-17 14:00,30.8,,.2,0,64,996.5,1004.3,.4,1.62,,7,,41.8
156,堡林,2023-08-17 15:00,32.6,,.1,0,60,996,1003.8,.8,2.52,,6,,51.9
156,堡林,2023-08-17 16:00,31.6,,0,0,61,995.6,1003.4,.9,2.27,,6,,43.5
156,堡林,2023-08-17 17:00,30,,1.8,180,78,995.7,1003.5,.2,.69,,7,,36.4
156,堡林,2023-08-17 18:00,29.1,,2.1,180,81,996,1003.8,0,.4,,6,,31.8
156,堡林,2023-08-17 19:00,28.2,,0,0,91,996.5,1004.4,0,.13,,7,,29.9
156,堡林,2023-08-17 20:00,27.9,,.8,230,94,997.3,1005.2,0,.06,,7,,29.1
156,堡林,2023-08-17 21:00,27.4,,1.4,250,94,998.2,1006.1,,,,9,,28.5
156,堡林,2023-08-17 22:00,26.4,0,0,0,99,998.4,1006.3,,,,9,,27.6
156,堡林,2023-08-17 23:00,25.9,0,1.7,230,99,998.9,1006.9,,,,10,,27.2
156,堡林,2023-08-18 00:00,25.3,,1,200,99,999,1007,,,,7,,26.1
156,堡林,2023-08-18 01:00,25.6,,.1,0,99,998.4,1006.4,,,,7,,25.4
156,堡林,2023-08-18 02:00,25.3,,.6,50,99,998.6,1006.6,,,,6,,25.6
156,堡林,2023-08-18 03:00,25.4,,0,0,99,998.5,1006.5,,,,9,,26.3
156,堡林,2023-08-18 04:00,25.3,,.3,0,99,998.4,1006.4,,,,1,,25.3
156,堡林,2023-08-18 05:00,24.8,,.3,0,99,998.3,1006.2,,,,0,,24.9
156,堡林,2023-08-18 06:00,24.6,,0,0,99,998.5,1006.4,0,.06,,1,,24.6
156,堡林,2023-08-18 07:00,25,,0,0,99,998.9,1006.9,.2,.24,,0,,26.3
156,堡林,2023-08-18 08:00,26.4,,.8,70,99,999.1,1007,1,.91,,1,,30.3
156,堡林,2023-08-18 09:00,27.6,,.8,70,89,999.2,1007.1,1,1.61,,1,,37.7
156,堡林,2023-08-18 10:00,29.4,,.8,70,81,999.2,1007,1,2.33,,2,,46
156,堡林,2023-08-18 11:00,30.5,,1,70,80,999.1,1006.9,1,2.92,,6,,53.3
156,堡林,2023-08-18 12:00,31,,.2,0,75,998.6,1006.4,1,3.1,,5,,56.6
156,堡林,2023-08-18 13:00,31.9,,2.1,70,65,998.2,1006,1,3.46,,6,,59.7
156,堡林,2023-08-18 14:00,33.1,,.1,0,56,997.9,1005.7,1,3.48,,6,,60.4
156,堡林,2023-08-18 15:00,31.7,,.2,0,64,997.7,1005.5,.7,2.44,,7,,47.7
156,堡林,2023-08-18 16:00,31.9,,3.1,180,73,997.5,1005.3,.6,1.87,,6,,49.5
156,堡林,2023-08-18 17:00,31.1,,1.8,200,77,997.6,1005.4,.9,1.84,,7,,41.2
156,堡林,2023-08-18 18:00,28.3,.4,.3,0,97,998.2,1006.1,.4,.46,,8,,32.8
156,堡林,2023-08-18 19:00,25.3,38.7,1.8,50,99,998.9,1006.9,0,.22,,10,,25.9
156,堡林,2023-08-18 20:00,24.3,34.7,1.1,90,99,999.5,1007.4,0,.06,,10,,25.6
156,堡林,2023-08-18 21:00,24.9,.7,.3,0,99,1000,1008,,,,8,,25.6
156,堡林,2023-08-18 22:00,25.2,,1,50,99,1000.6,1008.6,,,,6,,25.8
156,堡林,2023-08-18 23:00,25.3,,.4,0,99,1000.8,1008.8,,,,8,,26.1
156,堡林,2023-08-19 00:00,25.2,,.9,50,99,1001,1009,,,,5,,26.1
156,堡林,2023-08-19 01:00,24.9,,0,0,99,1001,1009,,,,6,,25.8
156,堡林,2023-08-19 02:00,24.9,,.5,70,99,1000.8,1008.8,,,,6,,25.5
156,堡林,2023-08-19 03:00,25,,.2,0,99,1001,1009,,,,6,,25.9
156,堡林,2023-08-19 04:00,24.8,,0,0,99,1001.2,1009.1,,,,7,,25.9
156,堡林,2023-08-19 05:00,24.8,,0,0,99,1001.1,1009,,,,2,,25.4
156,堡林,2023-08-19 06:00,24.6,,0,0,99,1001.5,1009.5,0,.06,,5,,25.3
156,堡林,2023-08-19 07:00,24.9,,0,0,99,1001.6,1009.6,.2,.24,,3,,26.1
156,堡林,2023-08-19 08:00,26.3,,0,0,99,1002.1,1010.1,.9,.77,,3,,28.6
156,堡林,2023-08-19 09:00,27.5,,.3,0,99,1002.4,1010.3,.9,1.47,,7,,32.7
156,堡林,2023-08-19 10:00,29.5,,.4,0,93,1002.4,1010.3,1,2.35,,6,,37.5
156,堡林,2023-08-19 11:00,30.6,,.4,0,89,1002.3,1010.2,.9,2.6,,7,,39.7
156,堡林,2023-08-19 12:00,30.1,,0,0,87,1002.1,1010,.6,2.01,,6,,36.7
156,堡林,2023-08-19 13:00,30.8,,0,0,82,1001.8,1009.6,.4,1.98,,7,,37
156,堡林,2023-08-19 14:00,31.7,,.4,0,76,1001.3,1009.1,.6,2.26,,5,,38.1
156,堡林,2023-08-19 15:00,32.5,,0,0,71,1000.9,1008.7,.4,1.64,,6,,38.3
156,堡林,2023-08-19 16:00,31.2,,.7,320,81,1000.9,1008.7,.1,1.07,,8,,34.2
156,堡林,2023-08-19 17:00,31.8,,2.2,270,79,1000.8,1008.6,.1,.91,,7,,34.5
156,堡林,2023-08-19 18:00,31,,1,340,79,1001,1008.8,.9,1.17,,7,,33.1
156,堡林,2023-08-19 19:00,29.6,,.2,0,82,1001.4,1009.2,0,.28,,6,,30.4
156,堡林,2023-08-19 20:00,28.6,,0,0,87,1002.2,1010.1,0,.06,,5,,28.9
156,堡林,2023-08-19 21:00,28.4,,0,0,87,1002.9,1010.8,,,,7,,28.3
156,堡林,2023-08-19 22:00,27.5,,0,0,92,1003.2,1011.1,,,,8,,28
156,堡林,2023-08-19 23:00,27.4,,0,0,93,1003.6,1011.5,,,,7,,27.5
156,堡林,2023-08-20 00:00,26.9,,0,0,93,1003.9,1011.9,,,,6,,26.9
156,堡林,2023-08-20 01:00,26.6,,0,0,96,1003.8,1011.8,,,,4,,26.4
156,堡林,2023-08-20 02:00,26.6,,0,0,97,1003.6,1011.6,,,,5,,26.2
156,堡林,2023-08-20 03:00,26.2,,0,0,99,1003.4,1011.4,,,,0,,25.9
156,堡林,2023-08-20 04:00,25.4,,0,0,99,1003.5,1011.5,,,,0,,25.7
156,堡林,2023-08-20 05:00,25.6,,0,0,99,1003.7,1011.7,,,,1,,25.5
156,堡林,2023-08-20 06:00,24.9,,0,0,99,1004,1012,0,.05,,0,,25.3
156,堡林,2023-08-20 07:00,25.5,,0,0,99,1004.3,1012.3,.4,.24,,2,,26.1
156,堡林,2023-08-20 08:00,26.9,,0,0,99,1004.5,1012.5,1,.85,,4,,28.7
156,堡林,2023-08-20 09:00,28.3,,0,0,93,1004.5,1012.4,1,1.63,,1,,33.6
156,堡林,2023-08-20 10:00,30.2,,0,0,87,1004.2,1012.1,1,2.34,,2,,37.7
156,堡林,2023-08-20 11:00,30.8,,.1,0,83,1004,1011.9,1,2.6,,5,,40.6
156,堡林,2023-08-20 12:00,31,,.1,0,77,1004,1011.9,.7,2.52,,7,,38.1
156,堡林,2023-08-20 13:00,31.3,,.8,50,74,1003.6,1011.4,.2,1.11,,6,,34.9
156,堡林,2023-08-20 14:00,33.2,,1.2,270,70,1003.2,1011,.6,2.12,,6,,41.1
156,堡林,2023-08-20 15:00,33,,1.6,290,66,1002.5,1010.3,.7,2.22,,5,,39.1
156,堡林,2023-08-20 16:00,32.3,,3.4,230,65,1002.2,1010,.9,2.6,,7,,38.4
156,堡林,2023-08-20 17:00,31.9,,2.2,250,73,1002.1,1009.9,.6,1.37,,6,,34.9
156,堡林,2023-08-20 18:00,30.8,,2.1,230,79,1002.3,1010.2,.3,.79,,6,,32.6
156,堡林,2023-08-20 19:00,30.2,,1.8,270,81,1002.5,1010.4,.2,.32,,5,,30.7
156,堡林,2023-08-20 20:00,29.2,,.5,360,83,1003.1,1011,0,.06,,3,,29.3
156,堡林,2023-08-20 21:00,27.8,,0,0,87,1003.6,1011.5,,,,3,,28.2
156,堡林,2023-08-20 22:00,28,,.2,0,86,1003.5,1011.4,,,,1,,27.5
156,堡林,2023-08-20 23:00,28,,.1,0,87,1003.6,1011.5,,,,2,,27.1
156,堡林,2023-08-21 00:00,26.9,,0,0,92,1003.2,1011.2,,,,4,,26.8
156,堡林,2023-08-21 01:00,27.1,,0,0,97,1002.8,1010.7,,,,2,,26.3
156,堡林,2023-08-21 02:00,26.4,,.9,270,99,1002.8,1010.8,,,,1,,26.1
156,堡林,2023-08-21 03:00,25.8,,0,0,99,1002.8,1010.8,,,,5,,25.9
156,堡林,2023-08-21 04:00,25.7,,.1,0,99,1002.3,1010.3,,,,8,,26
156,堡林,2023-08-21 05:00,25.6,,1.1,230,99,1001.9,1009.9,,,,5,,25.7
156,堡林,2023-08-21 06:00,25.8,,.8,200,99,1001.9,1009.9,0,.05,,4,,25.5
156,堡林,2023-08-21 07:00,26.2,,0,0,99,1001.9,1009.9,.4,.23,,0,,26.1
156,堡林,2023-08-21 08:00,27.7,,.3,0,97,1001.7,1009.6,1,.91,,1,,28.7
156,堡林,2023-08-21 09:00,28.8,,3.5,200,89,1001.6,1009.5,1,1.61,,1,,33.1
156,堡林,2023-08-21 10:00,29.8,,2.3,180,83,1001.2,1009,1,2.32,,2,,37.7
156,堡林,2023-08-21 11:00,31.2,,2.6,180,78,1001.1,1008.9,1,3.05,,3,,42.1
156,堡林,2023-08-21 12:00,31.9,,3,230,76,1000.5,1008.3,.9,2.64,,6,,41.5
156,堡林,2023-08-21 13:00,32.1,,4.5,200,71,1000.3,1008.1,.9,2.89,,4,,41.7
156,堡林,2023-08-21 14:00,31.8,,4.4,200,65,1000,1007.8,.8,2.62,,4,,41.1
156,堡林,2023-08-21 15:00,32.4,,3.8,200,67,999.7,1007.5,.9,2.42,,3,,41.1
156,堡林,2023-08-21 16:00,32.5,,3.6,180,65,999.1,1006.9,1,2.55,,2,,39.2
156,堡林,2023-08-21 17:00,31.7,,3.9,200,67,998.9,1006.7,1,1.87,,2,,35.2
156,堡林,2023-08-21 18:00,30.5,,1.8,160,75,998.6,1006.4,1,.91,,2,,32.1
156,堡林,2023-08-21 19:00,29.4,,2.7,200,81,998.8,1006.6,.6,.29,,7,,30.1
156,堡林,2023-08-21 20:00,28.6,,4.1,200,85,999.1,1007,0,.07,,7,,28.4
156,堡林,2023-08-21 21:00,28,,3.2,180,93,999.7,1007.6,,,,5,,27.7
156,堡林,2023-08-21 22:00,27.6,,3.2,200,94,999.8,1007.7,,,,2,,27
156,堡林,2023-08-21 23:00,27.2,,2.9,200,95,999.8,1007.7,,,,2,,26.5
156,堡林,2023-08-22 00:00,27.1,,2.5,200,97,999.6,1007.5,,,,2,,26.2
156,堡林,2023-08-22 01:00,26.8,,.9,200,98,999.3,1007.2,,,,2,,26
156,堡林,2023-08-22 02:00,26.5,,1.2,200,98,999.1,1007,,,,2,,25.8
156,堡林,2023-08-22 03:00,26.3,,1.4,180,99,998.4,1006.3,,,,2,,25.7
156,堡林,2023-08-22 04:00,26.6,,2.2,180,98,998.1,1006,,,,1,,25.5
156,堡林,2023-08-22 05:00,26.6,,1.3,200,98,997.9,1005.8,,,,1,,25.4
156,堡林,2023-08-22 06:00,26.6,,1.9,180,98,997.9,1005.8,0,.05,,6,,25.3
156,堡林,2023-08-22 07:00,27.3,,2.6,200,97,998.4,1006.3,.4,.32,,7,,26.9
156,堡林,2023-08-22 08:00,28,,3,200,95,998.2,1006.1,.8,.81,,6,,27.9
156,堡林,2023-08-22 09:00,28.7,,3.5,180,89,997.9,1005.7,.5,1.08,,6,,31.2
156,堡林,2023-08-22 10:00,29.9,,4.7,180,80,997.9,1005.7,.6,1.92,,6,,35.7
156,堡林,2023-08-22 11:00,30.2,,3.3,200,80,997.7,1005.5,.9,2.34,,6,,38.1
156,堡林,2023-08-22 12:00,30.7,,2.4,180,78,997.1,1004.9,.7,2.32,,6,,39.1
156,堡林,2023-08-22 13:00,31.7,,4.6,200,74,996.7,1004.5,1,3.18,,6,,43.6
156,堡林,2023-08-22 14:00,32.1,,2.9,180,70,996.3,1004.1,.9,3.07,,2,,45.8
156,堡林,2023-08-22 15:00,31.3,,3.5,180,76,995.9,1003.7,.9,2.71,,3,,41.9
156,堡林,2023-08-22 16:00,31.5,,3.5,200,71,995.8,1003.6,.8,2.08,,3,,40.2
156,堡林,2023-08-22 17:00,30.2,,3.9,200,77,996,1003.8,.7,1.37,,4,,35.6
156,堡林,2023-08-22 18:00,29.4,,3.3,180,84,995.8,1003.6,.3,.43,,2,,31.8
156,堡林,2023-08-22 19:00,28.7,,2.6,180,88,996.3,1004.1,0,.11,,2,,29.8
156,堡林,2023-08-22 20:00,28.2,0,2.9,200,93,996.8,1004.7,0,.06,,9,,29.2
156,堡林,2023-08-22 21:00,27.9,0,2.5,200,97,997.7,1005.6,,,,9,,28.6
156,堡林,2023-08-22 22:00,27.6,0,2.1,180,96,997.7,1005.6,,,,5,,27.7
156,堡林,2023-08-22 23:00,27.5,0,2.4,200,97,997.8,1005.7,,,,10,,27.7
156,堡林,2023-08-23 00:00,26.5,.3,1.2,200,99,997.7,1005.6,,,,10,,27.4
156,堡林,2023-08-23 01:00,25.8,.9,1.6,160,99,997.7,1005.6,,,,10,,26.9
156,堡林,2023-08-23 02:00,24.9,7.9,.9,200,99,997.6,1005.6,,,,10,,26.2
156,堡林,2023-08-23 03:00,25.2,.2,.1,0,99,997.1,1005.1,,,,10,,26.7
156,堡林,2023-08-23 04:00,25.3,,0,0,99,997.3,1005.3,,,,10,,26.6
156,堡林,2023-08-23 05:00,25.3,.1,0,0,99,997,1005,,,,10,,26.5
156,堡林,2023-08-23 06:00,25.1,0,.3,0,99,997.4,1005.4,0,.07,,9,,26.7
156,堡林,2023-08-23 07:00,25.4,,0,0,99,997.7,1005.7,0,.17,,10,,27
156,堡林,2023-08-23 08:00,25.1,2.8,1.9,160,99,997.5,1005.5,0,.19,,10,,26.7
156,堡林,2023-08-23 09:00,26.1,.3,1.7,200,99,997.2,1005.1,0,.43,,9,,28.4
156,堡林,2023-08-23 10:00,26.8,,2.3,200,99,997.1,1005,0,.76,,10,,30.3
156,堡林,2023-08-23 11:00,27.9,0,3.3,200,99,997.4,1005.3,0,1.05,,10,,31.8
156,堡林,2023-08-23 12:00,28.1,0,1.2,200,99,997.3,1005.2,0,1.16,,10,,32.6
156,堡林,2023-08-23 13:00,29.4,0,2.6,180,93,997.2,1005,.3,1.72,,9,,38.1
156,堡林,2023-08-23 14:00,29.2,,3.2,200,94,996.5,1004.3,.3,1.99,,9,,36.2
156,堡林,2023-08-23 15:00,27.5,.4,1.4,180,99,996.1,1004,0,1.02,,10,,31
156,堡林,2023-08-23 16:00,25.3,1.2,0,0,99,995.9,1003.9,0,.37,,10,,28.7
156,堡林,2023-08-23 17:00,24.2,34.1,1.3,180,99,996.7,1004.6,0,.09,,10,,25.3
156,堡林,2023-08-23 18:00,23.2,10.6,.7,110,99,997.3,1005.3,0,.07,,10,,25.1
156,堡林,2023-08-23 19:00,23.9,.4,0,0,99,997.1,1005,0,.08,,10,,25.5
156,堡林,2023-08-23 20:00,24,0,0,0,99,997.1,1005,0,.08,,8,,25.4
156,堡林,2023-08-23 21:00,24,,1.2,70,99,997.5,1005.4,,,,9,,25.2
156,堡林,2023-08-23 22:00,24.2,,0,0,99,997.9,1005.8,,,,7,,25.5
156,堡林,2023-08-23 23:00,24.2,,0,0,99,997.8,1005.7,,,,7,,26.1
156,堡林,2023-08-24 00:00,24.1,,0,0,99,998.2,1006.1,,,,7,,26
156,堡林,2023-08-24 01:00,24.2,0,0,0,99,998.1,1006,,,,10,,26
156,堡林,2023-08-24 02:00,24.5,.1,0,0,99,997.7,1005.6,,,,8,,26
156,堡林,2023-08-24 03:00,24.2,,0,0,99,997.3,1005.2,,,,9,,25.7
156,堡林,2023-08-24 04:00,24.8,,0,0,99,997.3,1005.2,,,,7,,25.7
156,堡林,2023-08-24 05:00,24.6,,0,0,99,997.7,1005.6,,,,5,,25.9
156,堡林,2023-08-24 06:00,24.4,,0,0,99,997.8,1005.7,0,.06,,4,,25.4
156,堡林,2023-08-24 07:00,24.8,,0,0,99,998.1,1006,0,.15,,5,,26
156,堡林,2023-08-24 08:00,25.5,0,0,0,99,998.4,1006.4,0,.36,,10,,27.1
156,堡林,2023-08-24 09:00,26.6,.1,0,0,99,998.6,1006.5,.1,.83,,9,,29.1
156,堡林,2023-08-24 10:00,27.7,,0,0,99,998.6,1006.5,.5,1.55,,9,,31.3
156,堡林,2023-08-24 11:00,27.7,,0,0,99,998.3,1006.2,.4,1.28,,10,,32.1
156,堡林,2023-08-24 12:00,27,0,1.8,230,99,998.1,1006,0,.47,,10,,30
156,堡林,2023-08-24 13:00,25.3,9.6,2.7,200,99,998.5,1006.5,0,.34,,10,,28.1
156,堡林,2023-08-24 14:00,25.2,10.3,,,99,998.2,1006.2,0,.38,,10,,27.8
156,堡林,2023-08-24 15:00,25.7,.3,.2,0,99,997.9,1005.9,0,.44,,10,,28.2
156,堡林,2023-08-24 16:00,25.3,2.3,,,99,997.7,1005.7,0,.22,,10,,27.8
156,堡林,2023-08-24 17:00,25.2,3,,,99,997.6,1005.6,0,.25,,10,,27.6
156,堡林,2023-08-24 18:00,25.2,.1,,,99,998,1006,0,.26,,10,,27.5
156,堡林,2023-08-24 19:00,24.3,8.7,.3,0,99,998.5,1006.4,0,.11,,10,,26.6
156,堡林,2023-08-24 20:00,24.6,.4,.6,230,99,999.1,1007,0,.06,,10,,26.5
156,堡林,2023-08-24 21:00,24.9,,1.2,250,99,999.2,1007.2,,,,4,,26.1
156,堡林,2023-08-24 22:00,24.6,,1.3,270,99,999.8,1007.7,,,,7,,25.9
156,堡林,2023-08-24 23:00,23.9,,.7,230,99,1000.1,1008.1,,,,6,,25.5
156,堡林,2023-08-25 00:00,23.7,,1,230,99,1000.2,1008.2,,,,4,,25.4
156,堡林,2023-08-25 01:00,23.8,,1.4,230,99,1000.1,1008.1,,,,1,,25.2
156,堡林,2023-08-25 02:00,23.7,,0,0,99,1000.1,1008.1,,,,3,,24.9
156,堡林,2023-08-25 03:00,23.6,,0,0,99,999.8,1007.8,,,,6,,24.9
156,堡林,2023-08-25 04:00,23.3,,0,0,99,999.7,1007.7,,,,4,,24.6
156,堡林,2023-08-25 05:00,23.2,,1,200,99,999.9,1007.9,,,,6,,24.5
156,堡林,2023-08-25 06:00,23.1,,.8,200,99,1000.4,1008.4,0,.06,,3,,24.4
156,堡林,2023-08-25 07:00,23.4,,.6,200,99,1001,1009,0,.16,,3,,24.7
156,堡林,2023-08-25 08:00,24.2,,.7,230,99,1001.3,1009.3,.1,.52,,8,,26.4
156,堡林,2023-08-25 09:00,25.6,,0,0,99,1001.7,1009.7,.5,1.09,,9,,28.8
156,堡林,2023-08-25 10:00,27.1,,1.5,250,91,1002,1009.9,.8,2.09,,9,,33
156,堡林,2023-08-25 11:00,28.8,,.9,320,73,1001.5,1009.4,.8,2.41,,1,,34.9
156,堡林,2023-08-25 12:00,29.1,,.4,0,79,1001.2,1009.1,.6,2.03,,6,,33
156,堡林,2023-08-25 13:00,30.1,,.9,340,64,1000.8,1008.7,.9,3.19,,2,,36.9
156,堡林,2023-08-25 14:00,30.5,,.8,360,66,1000.2,1008,.8,2.38,,2,,34.3
156,堡林,2023-08-25 15:00,30.3,,1.4,320,64,999.9,1007.7,1,2.87,,2,,34.6
156,堡林,2023-08-25 16:00,29.2,,1.2,360,68,999.9,1007.7,.4,1.22,,3,,30.7
156,堡林,2023-08-25 17:00,30,,1.3,340,71,1000,1007.9,.9,1.36,,1,,29.7
156,堡林,2023-08-25 18:00,28.7,,1.4,290,77,1000.3,1008.2,1,.89,,0,,28.7
156,堡林,2023-08-25 19:00,27.2,,.3,0,85,1000.9,1008.8,.8,.33,,1,,27.5
156,堡林,2023-08-25 20:00,25.9,,.6,320,92,1001.2,1009.2,0,.05,,3,,26.3
156,堡林,2023-08-25 21:00,25.2,,.2,0,95,1001.7,1009.7,,,,0,,25.6
156,堡林,2023-08-25 22:00,25,,1.1,20,97,1002.2,1010.2,,,,0,,25.1
156,堡林,2023-08-25 23:00,24.1,,.5,50,99,1002.3,1010.3,,,,0,,24.7
156,堡林,2023-08-26 00:00,23.6,,0,0,99,1002.3,1010.3,,,,0,,24.3
156,堡林,2023-08-26 01:00,23.4,,0,0,99,1002.3,1010.3,,,,0,,23.9
156,堡林,2023-08-26 02:00,22.8,,0,0,99,1002.2,1010.2,,,,0,,23.6
156,堡林,2023-08-26 03:00,22.6,,0,0,99,1002.3,1010.3,,,,0,,23.3
156,堡林,2023-08-26 04:00,21.8,,0,0,99,1002.2,1010.3,,,,0,,23
156,堡林,2023-08-26 05:00,21.3,,0,0,99,1002.5,1010.6,,,,0,,22.6
156,堡林,2023-08-26 06:00,20.7,,0,0,99,1002.7,1010.8,0,.05,,0,,22.2
156,堡林,2023-08-26 07:00,21.6,,1.1,50,99,1002.7,1010.8,.5,.24,,0,,22.4
156,堡林,2023-08-26 08:00,22.8,,1.6,50,99,1002.6,1010.6,1,.93,,0,,23.1
156,堡林,2023-08-26 09:00,25,,1.8,70,96,1002.1,1010.1,1,1.71,,0,,27.6
156,堡林,2023-08-26 10:00,26.8,,,,81,1002.1,1010,1,2.42,,1,,31.8
156,堡林,2023-08-26 11:00,28.7,,1.5,70,67,1001.8,1009.7,1,3.05,,7,,35.5
156,堡林,2023-08-26 12:00,29.5,,1.2,90,62,1001.2,1009,1,3.22,,7,,36.5
156,堡林,2023-08-26 13:00,30.6,,1,90,51,1000.8,1008.6,.9,2.99,,8,,36.4
156,堡林,2023-08-26 14:00,30.9,,1.4,340,54,1000.4,1008.2,.8,2.72,,7,,35.6
156,堡林,2023-08-26 15:00,31.7,,.7,20,48,1000.1,1007.9,1,3,,1,,34.3
156,堡林,2023-08-26 16:00,31.6,,2.3,20,51,999.6,1007.4,1,2.46,,5,,32.5
156,堡林,2023-08-26 17:00,30.5,,1.5,20,61,999.6,1007.4,.8,1.4,,3,,30.7
156,堡林,2023-08-26 18:00,29.2,,1.7,20,71,999.6,1007.4,1,.89,,4,,29.5
156,堡林,2023-08-26 19:00,27.4,,1.2,340,77,1000.2,1008.1,.6,.32,,5,,28
156,堡林,2023-08-26 20:00,26.2,,1.3,70,89,1000.9,1008.9,0,.05,,4,,26.9
156,堡林,2023-08-26 21:00,25.3,,2,70,94,1001.5,1009.5,,,,1,,26.1
156,堡林,2023-08-26 22:00,24.4,,1.4,70,98,1001.6,1009.6,,,,5,,25.5
156,堡林,2023-08-26 23:00,24.8,,.9,70,96,1001.7,1009.6,,,,6,,25.2
156,堡林,2023-08-27 00:00,24,,.8,50,98,1001.2,1009.2,,,,4,,24.8
156,堡林,2023-08-27 01:00,23.9,,.3,0,99,1001,1009,,,,7,,24.6
156,堡林,2023-08-27 02:00,23.6,,.3,0,99,1000.8,1008.8,,,,7,,24.4
156,堡林,2023-08-27 03:00,23.7,,.6,50,99,1000.6,1008.6,,,,0,,24.1
156,堡林,2023-08-27 04:00,23,,.3,0,99,1000.6,1008.6,,,,0,,23.9
156,堡林,2023-08-27 05:00,22.7,,.5,90,99,1000.8,1008.8,,,,2,,23.9
156,堡林,2023-08-27 06:00,23.1,,.8,70,99,1001,1009,,,,2,,23.8
156,堡林,2023-08-27 07:00,23.3,,.5,110,99,1001.1,1009.1,0,.2,,3,,24.3
156,堡林,2023-08-27 08:00,24.7,,1.2,70,99,1001.1,1009,.9,.8,,6,,25.6
156,堡林,2023-08-27 09:00,26.3,,.4,0,93,1001.2,1009.2,1,1.42,,4,,28.5
156,堡林,2023-08-27 10:00,28.6,,.4,0,87,1001.1,1009,1,2.09,,4,,32.1
156,堡林,2023-08-27 11:00,29.4,,.9,160,74,1000.8,1008.6,1,2.69,,7,,35.4
156,堡林,2023-08-27 12:00,29.3,,1.2,110,77,1000,1007.8,.6,1.96,,6,,33
156,堡林,2023-08-27 13:00,29.7,,.2,0,70,999.4,1007.2,.1,1.14,,7,,31.8
156,堡林,2023-08-27 14:00,32.1,,1.5,230,62,999,1006.8,.6,2.67,,7,,36.1
156,堡林,2023-08-27 15:00,30.9,,1.1,180,67,998.5,1006.3,.8,2.24,,8,,34.4
156,堡林,2023-08-27 16:00,31.6,,1.5,160,61,998.4,1006.2,1,2.29,,7,,33.2
156,堡林,2023-08-27 17:00,30.4,,1.6,230,72,998.6,1006.4,.5,1.05,,8,,32.2
156,堡林,2023-08-27 18:00,29.5,,2.4,180,75,998.8,1006.6,0,.54,,9,,30.6
156,堡林,2023-08-27 19:00,29,,2.7,200,81,998.7,1006.5,0,.18,,9,,29
156,堡林,2023-08-27 20:00,28.1,,1.9,200,87,999.5,1007.4,0,.05,,7,,27.8
156,堡林,2023-08-27 21:00,27.4,,1.9,230,93,1000,1007.9,,,,8,,27.3
156,堡林,2023-08-27 22:00,26.7,,1.4,200,97,999.8,1007.7,,,,7,,26.8
156,堡林,2023-08-27 23:00,26.8,,1,180,97,999.6,1007.5,,,,6,,26.4
156,堡林,2023-08-28 00:00,26,,.6,70,99,999.6,1007.6,,,,6,,26
156,堡林,2023-08-28 01:00,25.9,,.3,0,99,999.4,1007.4,,,,8,,26
156,堡林,2023-08-28 02:00,25.8,,.4,0,99,999,1007,,,,5,,25.9
156,堡林,2023-08-28 03:00,25.4,,1,50,99,998.7,1006.7,,,,7,,25.6
156,堡林,2023-08-28 04:00,25.5,,.9,90,98,998.7,1006.7,,,,9,,25.8
156,堡林,2023-08-28 05:00,25.7,,1.2,70,97,998.5,1006.5,,,,10,,25.8
156,堡林,2023-08-28 06:00,25.5,,1.1,70,98,998.4,1006.4,,,,8,,25.6
156,堡林,2023-08-28 07:00,25.5,,1.2,70,98,998.6,1006.6,0,.17,,10,,25.7
156,堡林,2023-08-28 08:00,26.7,0,.1,0,94,998.7,1006.6,.2,.47,,10,,27.4
156,堡林,2023-08-28 09:00,24.6,2.2,.6,250,99,999.9,1007.8,0,.24,,10,,26.5
156,堡林,2023-08-28 10:00,25.2,3.8,.9,90,99,999.9,1007.9,0,.59,,10,,29.8
156,堡林,2023-08-28 11:00,26.9,,1.4,70,99,999.3,1007.2,.8,2.14,,9,,34.4
156,堡林,2023-08-28 12:00,28.3,,2.3,140,91,998.4,1006.3,.4,2.09,,9,,35.5
156,堡林,2023-08-28 13:00,29,,2,140,90,998.2,1006,.5,2.17,,9,,35.2
156,堡林,2023-08-28 14:00,29.4,,4.8,180,81,997.8,1005.6,1,3.09,,7,,36.7
156,堡林,2023-08-28 15:00,29.6,,2.5,180,80,997.4,1005.2,1,2.34,,8,,35.5
156,堡林,2023-08-28 16:00,28.9,,3.9,180,86,997.2,1005,.5,1.43,,8,,31.8
156,堡林,2023-08-28 17:00,28.4,,3.8,180,87,997.1,1004.9,.1,.92,,9,,29.7
156,堡林,2023-08-28 18:00,27.9,,3.1,180,89,997.3,1005.2,0,.37,,10,,28.2
156,堡林,2023-08-28 19:00,25.7,.4,2.9,180,99,997.9,1005.9,0,.12,,10,,27.1
156,堡林,2023-08-28 20:00,25.7,0,1.8,180,99,997.8,1005.8,0,.06,,10,,26.8
156,堡林,2023-08-28 21:00,26.6,,3.1,180,99,997.8,1005.7,,,,10,,26.3
156,堡林,2023-08-28 22:00,26.8,0,2.7,180,98,998.3,1006.2,,,,10,,26.2
156,堡林,2023-08-28 23:00,27,0,2.6,180,94,998.4,1006.3,,,,10,,25.9
156,堡林,2023-08-29 00:00,27.2,0,3,180,92,998.1,1006,,,,10,,25.6
156,堡林,2023-08-29 01:00,25.9,.2,2.8,230,99,997.9,1005.8,,,,10,,26
156,堡林,2023-08-29 02:00,24.7,3.4,2.2,180,99,997.9,1005.8,,,,10,,25.8
156,堡林,2023-08-29 03:00,24.8,.2,2.7,200,99,997.6,1005.5,,,,7,,25.7
156,堡林,2023-08-29 04:00,25.2,,2,180,99,997.5,1005.5,,,,10,,25.7
156,堡林,2023-08-29 05:00,25,1.4,1.8,160,99,997.5,1005.5,,,,10,,25.7
156,堡林,2023-08-29 06:00,25,,2.3,180,99,997.4,1005.4,,,,10,,25.9
156,堡林,2023-08-29 07:00,25.2,.8,1.6,180,99,997.7,1005.7,0,.1,,10,,26.2
156,堡林,2023-08-29 08:00,26,,1.9,180,99,997.5,1005.4,0,.4,,10,,27.5
156,堡林,2023-08-29 09:00,26.7,,1.9,200,99,997.8,1005.7,0,.57,,10,,28.8
156,堡林,2023-08-29 10:00,27.8,,2.8,200,99,998.1,1006,0,1.16,,10,,32
156,堡林,2023-08-29 11:00,28.2,,2.3,200,99,997.9,1005.8,.1,1.63,,10,,32.6
156,堡林,2023-08-29 12:00,28.3,,1.9,230,99,997.5,1005.4,0,1.02,,10,,31.6
156,堡林,2023-08-29 13:00,25.1,5.8,4.4,230,99,997.9,1005.9,0,.63,,10,,27.7
156,堡林,2023-08-29 14:00,25.2,1.8,2.1,230,99,998.3,1006.3,0,.3,,10,,28
156,堡林,2023-08-29 15:00,26.2,.3,1.6,200,99,998.2,1006.1,0,.82,,10,,30.4
156,堡林,2023-08-29 16:00,25.9,,2.3,230,99,998.1,1006,0,.42,,10,,28.6
156,堡林,2023-08-29 17:00,25.3,20.5,1.4,230,99,998.4,1006.4,0,.21,,10,,27
156,堡林,2023-08-29 18:00,25.3,2.8,1.3,250,99,998.6,1006.6,0,.16,,10,,27.1
156,堡林,2023-08-29 19:00,24.9,.3,.5,250,99,999.3,1007.3,0,.08,,10,,26.5
156,堡林,2023-08-29 20:00,24.4,0,.7,290,99,1000.1,1008,0,.06,,10,,26.1
156,堡林,2023-08-29 21:00,24.2,0,.1,0,99,1000.6,1008.6,,,,10,,25.9
156,堡林,2023-08-29 22:00,24,0,.4,0,99,1000.9,1008.9,,,,10,,25.7
156,堡林,2023-08-29 23:00,23.6,,1.3,250,99,1001.1,1009.1,,,,10,,25.4
156,堡林,2023-08-30 00:00,23.1,0,.8,230,99,1001.2,1009.2,,,,10,,25.1
156,堡林,2023-08-30 01:00,23.1,.1,.9,270,99,1001.2,1009.2,,,,10,,25
156,堡林,2023-08-30 02:00,23.1,.1,.5,290,99,1001,1009,,,,10,,24.9
156,堡林,2023-08-30 03:00,22.9,.1,0,0,99,1000.8,1008.8,,,,10,,24.7
156,堡林,2023-08-30 04:00,22.7,.1,.1,0,99,1000.9,1008.9,,,,10,,24.7
156,堡林,2023-08-30 05:00,22.5,.4,1.5,70,99,1000.9,1008.9,,,,10,,24.6
156,堡林,2023-08-30 06:00,22.5,0,1.1,50,99,1001.1,1009.1,,,,10,,24.5
156,堡林,2023-08-30 07:00,22.4,.2,1.5,70,99,1001.3,1009.3,0,.08,,10,,24.7
156,堡林,2023-08-30 08:00,22.5,.1,1.5,50,99,1001.4,1009.4,0,.18,,10,,25
156,堡林,2023-08-30 09:00,22.9,.2,.7,50,99,1001.5,1009.5,0,.26,,10,,25.9
156,堡林,2023-08-30 10:00,23.3,0,1.1,70,99,1001.5,1009.5,0,.5,,10,,27.1
156,堡林,2023-08-30 11:00,23,0,0,0,99,1001.9,1009.9,0,.36,,10,,25.9
156,堡林,2023-08-30 12:00,22.8,0,1,340,99,1001.6,1009.6,0,.24,,10,,26
156,堡林,2023-08-30 13:00,22.5,.2,.5,290,99,1001.2,1009.2,0,.46,,10,,26.3
156,堡林,2023-08-30 14:00,23,0,.3,0,99,1001.2,1009.2,0,.51,,10,,26.8
156,堡林,2023-08-30 15:00,22.9,.3,.5,320,99,1000.9,1008.9,0,.46,,10,,26.7
156,堡林,2023-08-30 16:00,22.7,1,1.1,290,99,1001,1009,0,.44,,10,,25.9
156,堡林,2023-08-30 17:00,21.6,7.4,1,270,99,1001.4,1009.5,0,.25,,10,,24.5
156,堡林,2023-08-30 18:00,20.1,2.9,1.2,290,99,1001.9,1010.1,0,.16,,10,,23.6
156,堡林,2023-08-30 19:00,19.9,.8,.2,0,99,1002,1010.2,0,.08,,10,,23
156,堡林,2023-08-30 20:00,20.1,,1.1,90,99,1001.7,1009.9,0,.06,,8,,22.9
156,堡林,2023-08-30 21:00,20.6,,.9,50,99,1002.1,1010.2,,,,5,,23.1
156,堡林,2023-08-30 22:00,20.5,.1,.2,0,99,1002.2,1010.3,,,,9,,22.8
156,堡林,2023-08-30 23:00,20.8,,0,0,99,1002.5,1010.6,,,,4,,23
156,堡林,2023-08-31 00:00,20.4,,.7,250,99,1002.6,1010.8,,,,7,,22.4
156,堡林,2023-08-31 01:00,20.3,,.4,0,99,1002.6,1010.8,,,,7,,22.4
156,堡林,2023-08-31 02:00,20.1,,.2,0,99,1002.1,1010.3,,,,5,,21.8
156,堡林,2023-08-31 03:00,20.2,,0,0,99,1002,1010.2,,,,7,,22
156,堡林,2023-08-31 04:00,20.5,,.6,320,99,1002,1010.1,,,,7,,22.3
156,堡林,2023-08-31 05:00,20.4,,.1,0,99,1002.2,1010.3,,,,8,,22.4
156,堡林,2023-08-31 06:00,20.4,,.4,0,99,1002.5,1010.7,,,,10,,22.4
156,堡林,2023-08-31 07:00,20.8,,.4,0,99,1002.6,1010.7,0,.21,,8,,23.5
156,堡林,2023-08-31 08:00,21.7,,0,0,99,1003.1,1011.2,.2,.5,,7,,24.5
156,堡林,2023-08-31 09:00,22,.1,1.1,50,99,1003.3,1011.4,0,.66,,8,,26.2
156,堡林,2023-08-31 10:00,24.1,,1.2,70,97,1003.3,1011.3,.7,1.98,,8,,32.2
156,堡林,2023-08-31 11:00,25.5,,1.2,50,85,1003.3,1011.3,.8,2.26,,8,,34.1
156,堡林,2023-08-31 12:00,25.8,,1.2,70,85,1002.8,1010.8,.8,2.42,,6,,34.7
156,堡林,2023-08-31 13:00,26.4,,1.6,50,78,1002.4,1010.4,.6,2.46,,7,,34
156,堡林,2023-08-31 14:00,27.3,,1.2,50,71,1001.9,1009.8,.9,3.17,,7,,36
156,堡林,2023-08-31 15:00,28.3,,1.2,20,67,1001.5,1009.4,.9,2.82,,5,,36
156,堡林,2023-08-31 16:00,28.2,,1.5,20,69,1001.3,1009.2,1,2.4,,6,,32.4
156,堡林,2023-08-31 17:00,27.6,,1.2,360,76,1001.6,1009.5,1,1.64,,5,,29.2
156,堡林,2023-08-31 18:00,27.3,,.8,360,77,1001.4,1009.3,1,.97,,6,,27.1
156,堡林,2023-08-31 19:00,25.2,,.7,20,88,1001.7,1009.7,.4,.24,,7,,25.7
156,堡林,2023-08-31 20:00,24,,.6,50,96,1002.4,1010.4,0,.05,,7,,24.6
156,堡林,2023-08-31 21:00,22.9,,1.9,70,97,1002.7,1010.7,,,,0,,23.6
156,堡林,2023-08-31 22:00,22.5,,2,70,99,1003,1011.1,,,,5,,23
156,堡林,2023-08-31 23:00,22.8,,1.2,70,99,1002.9,1010.9,,,,7,,22.7
156,堡林,2023-09-01 00:00,22.1,,.6,50,99,1003.3,1011.4,,,,0,,22.4
156,堡林,2023-09-01 01:00,21.3,,.8,50,99,1003,1011.1,,,,1,,22
156,堡林,2023-09-01 02:00,21.6,,.1,0,99,1002.8,1010.9,,,,0,,21.6
156,堡林,2023-09-01 03:00,21.1,,.8,50,99,1002.3,1010.4,,,,6,,21.5
156,堡林,2023-09-01 04:00,21,,1.1,50,99,1002.6,1010.7,,,,7,,21.3
156,堡林,2023-09-01 05:00,20.8,,1,50,99,1002.9,1011,,,,9,,21.1
156,堡林,2023-09-01 06:00,20.7,,.6,50,99,1003.4,1011.5,,,,5,,21.4
156,堡林,2023-09-01 07:00,21,,.4,0,99,1004,1012.1,0,.13,,9,,22.2
156,堡林,2023-09-01 08:00,21.9,,1.7,70,99,1003.8,1011.9,0,.4,,9,,23.9
156,堡林,2023-09-01 09:00,22.7,,2,70,99,1004.1,1012.2,0,.66,,8,,25.9
156,堡林,2023-09-01 10:00,23.4,,2.1,50,96,1004.1,1012.1,0,1.03,,8,,27.8
156,堡林,2023-09-01 11:00,25.1,,1.7,70,89,1004.1,1012.1,.7,1.83,,7,,32.6
156,堡林,2023-09-01 12:00,26.9,,2.1,70,81,1003.7,1011.7,.9,2.42,,6,,37.3
156,堡林,2023-09-01 13:00,27.8,,2.6,50,74,1003.4,1011.3,1,2.61,,7,,37.3
156,堡林,2023-09-01 14:00,29.2,,2.8,70,58,1002.8,1010.7,1,3.03,,6,,39.9
156,堡林,2023-09-01 15:00,28.9,,1.4,70,56,1002.2,1010.1,1,2.3,,6,,35
156,堡林,2023-09-01 16:00,29.7,,2.1,70,51,1002.1,1009.9,.9,2.11,,6,,32.9
156,堡林,2023-09-01 17:00,29.8,,1.7,70,57,1002.1,1009.9,1,1.62,,7,,30.7
156,堡林,2023-09-01 18:00,28.6,,2.2,70,62,1002.2,1010.1,1,.98,,6,,28.2
156,堡林,2023-09-01 19:00,26.4,,2,70,68,1002.4,1010.4,.4,.32,,6,,26
156,堡林,2023-09-01 20:00,25.7,,2,70,78,1003.1,1011.1,0,0,,3,,24.6
156,堡林,2023-09-01 21:00,25,,1.6,70,82,1003.6,1011.6,,,,0,,23.6
156,堡林,2023-09-01 22:00,23.7,,2,70,83,1003.7,1011.7,,,,0,,22.9
156,堡林,2023-09-01 23:00,23.7,,.9,70,83,1003.7,1011.7,,,,3,,22.4
156,堡林,2023-09-02 00:00,22.8,,1.2,70,90,1004,1012.1,,,,2,,22
156,堡林,2023-09-02 01:00,22.5,,.8,50,94,1003.6,1011.7,,,,3,,21.9
156,堡林,2023-09-02 02:00,22.8,,1.1,70,92,1003.7,1011.7,,,,1,,23
156,堡林,2023-09-02 03:00,23.3,,1.5,70,93,1003.4,1011.4,,,,0,,23.4
156,堡林,2023-09-02 04:00,23.3,,.6,50,94,1003.2,1011.2,,,,0,,23.6
156,堡林,2023-09-02 05:00,22.8,,.5,90,97,1002.9,1010.9,,,,0,,23.5
156,堡林,2023-09-02 06:00,22.3,0,1.5,70,99,1002.8,1010.9,,,,10,,23.6
156,堡林,2023-09-02 07:00,22.5,0,1,90,99,1003.1,1011.2,0,.1,,9,,24
156,堡林,2023-09-02 08:00,22.3,.1,2.1,70,99,1003.3,1011.4,0,.26,,10,,24.9
156,堡林,2023-09-02 09:00,23,1.4,1.6,70,99,1003.6,1011.6,0,.75,,10,,28.3
156,堡林,2023-09-02 10:00,24.4,,.3,0,99,1004,1012,0,.96,,10,,28.6
156,堡林,2023-09-02 11:00,23.2,1,1.2,70,99,1004.1,1012.1,0,.72,,10,,28
156,堡林,2023-09-02 12:00,24.9,0,.6,70,99,1003.8,1011.8,0,1.25,,10,,32
156,堡林,2023-09-02 13:00,25.5,0,.4,0,99,1003.5,1011.5,0,1.72,,10,,32.6
156,堡林,2023-09-02 14:00,25.5,0,.3,0,98,1003.2,1011.2,0,1.03,,10,,30.2
156,堡林,2023-09-02 15:00,26.4,0,.1,0,98,1002.8,1010.8,.4,1.74,,10,,31.8
156,堡林,2023-09-02 16:00,26,0,0,0,99,1002.7,1010.7,0,.63,,10,,29.2
156,堡林,2023-09-02 17:00,26.9,0,.3,0,97,1002.5,1010.4,.2,.69,,10,,29.9
156,堡林,2023-09-02 18:00,26.2,0,.5,20,99,1002.7,1010.7,0,.27,,10,,27.9
156,堡林,2023-09-02 19:00,24.9,0,.6,50,99,1003,1011,0,.1,,10,,26.6
156,堡林,2023-09-02 20:00,24.7,0,1,70,99,1003.3,1011.3,,,,10,,26.2
156,堡林,2023-09-02 21:00,24.6,,.1,0,99,1004,1012,,,,4,,25.2
156,堡林,2023-09-02 22:00,24.2,,0,0,99,1004.1,1012.1,,,,6,,24.6
156,堡林,2023-09-02 23:00,24.3,,0,0,99,1004.2,1012.2,,,,6,,24.2
156,堡林,2023-09-03 00:00,23.9,,0,0,99,1004.3,1012.3,,,,0,,23.9
156,堡林,2023-09-03 01:00,23.5,,.8,50,99,1004.3,1012.3,,,,6,,23.6
156,堡林,2023-09-03 02:00,23.4,,.7,50,99,1004,1012,,,,5,,24.2
156,堡林,2023-09-03 03:00,23.4,,.6,70,99,1004.1,1012.1,,,,7,,24.3
156,堡林,2023-09-03 04:00,23.8,,1,20,99,1003.9,1011.9,,,,6,,24.2
156,堡林,2023-09-03 05:00,23.4,,.6,70,99,1003.9,1011.9,,,,9,,24.2
156,堡林,2023-09-03 06:00,23.4,,.5,90,99,1004,1012,,,,9,,24.2
156,堡林,2023-09-03 07:00,24.1,,.5,70,99,1004.4,1012.4,0,.15,,7,,25.2
156,堡林,2023-09-03 08:00,25,,1.3,70,99,1004.7,1012.7,0,.47,,8,,27.2
156,堡林,2023-09-03 09:00,26.5,,.6,50,98,1004.6,1012.6,.4,1.09,,9,,29.7
156,堡林,2023-09-03 10:00,28.1,,.5,20,92,1004.6,1012.5,.7,1.62,,4,,33.2
156,堡林,2023-09-03 11:00,29.9,,2.1,180,81,1004.3,1012.2,.8,2.37,,4,,38.3
156,堡林,2023-09-03 12:00,30.3,,2,180,80,1004.1,1012,.9,3.06,,5,,40.3
156,堡林,2023-09-03 13:00,30,,1,230,78,1003.6,1011.5,.5,1.94,,6,,35.5
156,堡林,2023-09-03 14:00,29.8,,2.8,200,79,1003.1,1010.9,.1,1.3,,8,,34.2
156,堡林,2023-09-03 15:00,30.2,,.6,200,79,1003,1010.9,.6,1.94,,7,,33.8
156,堡林,2023-09-03 16:00,30,,1.3,160,77,1003,1010.9,.6,1.53,,8,,32.2
156,堡林,2023-09-03 17:00,29.9,,1.8,200,78,1003,1010.9,.8,1.22,,6,,31.1
156,堡林,2023-09-03 18:00,29.6,,1.4,230,81,1003.2,1011.1,.4,.58,,4,,29.2
156,堡林,2023-09-03 19:00,28,,1.2,230,90,1003.4,1011.3,.1,.19,,7,,27.4
156,堡林,2023-09-03 20:00,27.1,,.9,200,97,1003.8,1011.7,,,,6,,26.4
156,堡林,2023-09-03 21:00,27.1,,0,0,97,1004.1,1012.1,,,,0,,25.8
156,堡林,2023-09-03 22:00,26.6,,1.3,200,98,1004.5,1012.5,,,,5,,25.3
156,堡林,2023-09-03 23:00,26.4,,.5,200,99,1004.5,1012.5,,,,5,,25.2
156,堡林,2023-09-04 00:00,26.1,,.6,250,99,1004.6,1012.6,,,,8,,24.9
156,堡林,2023-09-04 01:00,25.2,,0,0,99,1004.3,1012.3,,,,9,,24.9
156,堡林,2023-09-04 02:00,24.6,,.1,0,99,1004.4,1012.4,,,,5,,24
156,堡林,2023-09-04 03:00,24.5,,1,110,99,1004.1,1012.1,,,,5,,24.3
156,堡林,2023-09-04 04:00,24.2,,.7,90,99,1004,1012,,,,3,,24
156,堡林,2023-09-04 05:00,23.6,,.3,0,99,1003.9,1011.9,,,,5,,23.5
156,堡林,2023-09-04 06:00,23.5,,0,0,99,1004,1012,,,,3,,23.1
156,堡林,2023-09-04 07:00,23.8,,0,0,99,1004,1012,.3,.22,,3,,23.9
156,堡林,2023-09-04 08:00,25.2,,.1,0,99,1004.1,1012.1,1,.78,,3,,25
156,堡林,2023-09-04 09:00,26.6,,.7,270,98,1004.3,1012.3,1,1.37,,5,,29.9
156,堡林,2023-09-04 10:00,28.6,,.9,200,89,1004.6,1012.5,1,2.12,,7,,36.1
156,堡林,2023-09-04 11:00,29.2,,.8,230,88,1004.6,1012.5,.6,1.86,,4,,36.7
156,堡林,2023-09-04 12:00,30.9,,.6,270,77,1004.3,1012.2,.9,2.94,,4,,41.8
156,堡林,2023-09-04 13:00,31.9,,.3,0,68,1003.7,1011.5,.8,2.63,,3,,43.2
156,堡林,2023-09-04 14:00,31.2,,.9,50,65,1002.9,1010.7,.7,2.33,,4,,37.3
156,堡林,2023-09-04 15:00,31,,2.3,50,72,1002.3,1010.1,.8,2.3,,4,,36
156,堡林,2023-09-04 16:00,31.5,,.9,340,68,1002.2,1010,.8,1.93,,2,,34.7
156,堡林,2023-09-04 17:00,31.5,,1.5,50,69,1002.3,1010.1,.9,1.53,,6,,33.1
156,堡林,2023-09-04 18:00,28.5,.2,1.7,90,78,1003.1,1011,.1,.34,,10,,29.4
156,堡林,2023-09-04 19:00,25.2,3.1,1.6,340,99,1004,1012,0,.08,,10,,27.1
156,堡林,2023-09-04 20:00,23.8,4.7,0,0,99,1004,1012,,,,10,,26.3
156,堡林,2023-09-04 21:00,23.9,0,.8,50,99,1003.7,1011.7,,,,9,,26
156,堡林,2023-09-04 22:00,24.6,,.5,320,99,1003.6,1011.6,,,,9,,25.9
156,堡林,2023-09-04 23:00,24.1,,0,0,99,1003.6,1011.6,,,,7,,25.6
156,堡林,2023-09-05 00:00,23.9,,.4,0,99,1003.4,1011.4,,,,8,,25.3
156,堡林,2023-09-05 01:00,23.8,,0,0,99,1003.5,1011.5,,,,5,,24.8
156,堡林,2023-09-05 02:00,23.7,,0,0,99,1003.7,1011.7,,,,5,,24.5
156,堡林,2023-09-05 03:00,23.5,,0,0,99,1003.3,1011.3,,,,2,,24.3
156,堡林,2023-09-05 04:00,23.3,,.2,0,99,1003.4,1011.4,,,,1,,24
156,堡林,2023-09-05 05:00,23.1,,.1,0,99,1003.6,1011.6,,,,2,,23.7
156,堡林,2023-09-05 06:00,23,,0,0,99,1003.6,1011.6,,,,1,,23.4
156,堡林,2023-09-05 07:00,23.4,,.2,0,99,1003.6,1011.6,.4,.19,,4,,23.8
156,堡林,2023-09-05 08:00,24.6,,1.8,70,99,1003.5,1011.5,1,.86,,3,,24.4
156,堡林,2023-09-05 09:00,26.6,,1.4,50,92,1003.8,1011.8,1,1.6,,3,,30.2
156,堡林,2023-09-05 10:00,27.2,,1.2,70,91,1004,1011.9,.9,1.92,,7,,32.2
156,堡林,2023-09-05 11:00,28.9,,1.8,70,79,1003.9,1011.8,.8,2.36,,9,,38.3
156,堡林,2023-09-05 12:00,29.6,,.5,20,74,1003.5,1011.4,.9,2.8,,9,,37.7
156,堡林,2023-09-05 13:00,30,,1.4,50,74,1003,1010.9,.7,2.34,,8,,37.4
156,堡林,2023-09-05 14:00,31.1,,1.5,50,68,1002.4,1010.2,.6,2.26,,5,,39.8
156,堡林,2023-09-05 15:00,31.4,,.8,20,52,1002,1009.8,1,2.91,,4,,36.6
156,堡林,2023-09-05 16:00,31.5,,1,70,56,1001.6,1009.4,.5,1.69,,8,,34
156,堡林,2023-09-05 17:00,31.3,,1.1,70,60,1001.6,1009.4,.8,1.39,,8,,31.5
156,堡林,2023-09-05 18:00,29.8,,.5,20,69,1001.6,1009.4,.1,.41,,8,,29.4
156,堡林,2023-09-05 19:00,28,,2.2,70,80,1001.7,1009.6,0,.14,,10,,27.8
156,堡林,2023-09-05 20:00,27,,.8,50,86,1002.2,1010.1,,,,8,,26.6
156,堡林,2023-09-05 21:00,27.3,,1,50,81,1002.8,1010.7,,,,6,,25.9
156,堡林,2023-09-05 22:00,26.4,,1.4,180,93,1002.7,1010.7,,,,6,,25.3
156,堡林,2023-09-05 23:00,26.2,,.4,0,97,1002.6,1010.6,,,,5,,24.9
156,堡林,2023-09-06 00:00,25,,0,0,99,1002.6,1010.6,,,,0,,24.6
156,堡林,2023-09-06 01:00,24.7,,0,0,99,1002.6,1010.6,,,,1,,24.2
156,堡林,2023-09-06 02:00,24.4,,.6,90,99,1002.6,1010.6,,,,3,,23.9
156,堡林,2023-09-06 03:00,24,,0,0,99,1002.8,1010.8,,,,0,,23.4
156,堡林,2023-09-06 04:00,23.4,,0,0,99,1002.7,1010.7,,,,0,,23
156,堡林,2023-09-06 05:00,23.2,,0,0,99,1002.8,1010.8,,,,0,,22.7
156,堡林,2023-09-06 06:00,22.5,,0,0,99,1003,1011.1,,,,0,,22.4
156,堡林,2023-09-06 07:00,22.7,,0,0,99,1003.2,1011.2,.3,.18,,0,,22.8
156,堡林,2023-09-06 08:00,24.7,,.2,0,90,1003.5,1011.5,1,.82,,0,,23.5
156,堡林,2023-09-06 09:00,26.7,,1.1,50,79,1003.6,1011.6,1,1.56,,0,,29.3
156,堡林,2023-09-06 10:00,28,,1.9,70,72,1003.7,1011.6,1,2.26,,0,,35.3
156,堡林,2023-09-06 11:00,29.4,,1.4,50,72,1003.7,1011.6,1,2.78,,0,,39.3
156,堡林,2023-09-06 12:00,30.6,,1.1,70,70,1003.1,1011,1,3.17,,2,,42.2
156,堡林,2023-09-06 13:00,31.2,,1.6,20,63,1002.7,1010.5,.9,3.09,,6,,42.8
156,堡林,2023-09-06 14:00,30.7,,1.4,20,65,1002.4,1010.3,.8,2.85,,7,,37.6
156,堡林,2023-09-06 15:00,32,,1.6,20,61,1001.9,1009.7,.9,2.61,,5,,37.6
156,堡林,2023-09-06 16:00,30.8,,2.7,70,64,1001.5,1009.3,.7,1.84,,5,,32.9
156,堡林,2023-09-06 17:00,30.5,,1.8,70,67,1001.6,1009.5,.9,1.38,,3,,31
156,堡林,2023-09-06 18:00,29.4,,.9,90,65,1002.1,1010,.9,.67,,2,,28.7
156,堡林,2023-09-06 19:00,27,0,1,200,86,1002.7,1010.6,.1,.16,,7,,27.3
156,堡林,2023-09-06 20:00,26.4,,2,230,88,1003.7,1011.7,,,,7,,26
156,堡林,2023-09-06 21:00,26.1,,.8,200,87,1004.5,1012.5,,,,3,,25.4
156,堡林,2023-09-06 22:00,25.5,,.2,0,93,1004.8,1012.8,,,,2,,24.9
156,堡林,2023-09-06 23:00,24.7,,0,0,98,1005,1013,,,,1,,24.4
156,堡林,2023-09-07 00:00,25,,.5,50,98,1005.4,1013.4,,,,0,,24.1
156,堡林,2023-09-07 01:00,24,,1,90,99,1005.3,1013.3,,,,2,,23.7
156,堡林,2023-09-07 02:00,24.2,,.2,0,99,1004.9,1012.9,,,,0,,23.4
156,堡林,2023-09-07 03:00,22.7,,.8,70,99,1005,1013.1,,,,0,,23
156,堡林,2023-09-07 04:00,22.4,,1.2,70,99,1004.8,1012.9,,,,0,,22.3
156,堡林,2023-09-07 05:00,21.8,,1.4,50,99,1005,1013.1,,,,0,,21.7
156,堡林,2023-09-07 06:00,22.3,,1.6,70,97,1005.4,1013.5,,,,0,,21.3
156,堡林,2023-09-07 07:00,22,,1.1,70,98,1006,1014.1,.3,.17,,0,,21.3
156,堡林,2023-09-07 08:00,23.8,,1.5,50,77,1006.2,1014.2,1,.85,,0,,21.8
156,堡林,2023-09-07 09:00,25.1,,1.7,70,64,1006.7,1014.7,1,1.61,,0,,27.8
156,堡林,2023-09-07 10:00,26.2,,2.1,70,54,1006.7,1014.7,1,2.34,,0,,34
156,堡林,2023-09-07 11:00,27.6,,1.5,70,53,1006.6,1014.6,1,2.94,,0,,38.4
156,堡林,2023-09-07 12:00,28.3,,1.8,50,55,1006.3,1014.2,1,3.26,,0,,42.5
156,堡林,2023-09-07 13:00,29.4,,2.1,50,50,1005.7,1013.6,1,3.33,,0,,45.6
156,堡林,2023-09-07 14:00,29.8,,1.4,70,50,1005.2,1013.1,1,3.18,,0,,45.6
156,堡林,2023-09-07 15:00,30,,.9,70,45,1004.8,1012.7,1,2.82,,0,,40.3
156,堡林,2023-09-07 16:00,30.2,,2,50,44,1004.6,1012.5,1,2.29,,0,,35.2
156,堡林,2023-09-07 17:00,29.6,,2.6,70,47,1004.5,1012.4,1,1.61,,0,,31.4
156,堡林,2023-09-07 18:00,28.9,,1.5,70,46,1004.4,1012.3,1,.82,,0,,28.4
156,堡林,2023-09-07 19:00,26.7,,1.6,70,55,1004.7,1012.7,.3,.17,,0,,26
156,堡林,2023-09-07 20:00,26.4,,1.2,90,58,1005.2,1013.2,,,,0,,24.7
156,堡林,2023-09-07 21:00,25.2,,.5,90,65,1005.8,1013.8,,,,0,,23.7
156,堡林,2023-09-07 22:00,25.2,,.1,0,75,1006.1,1014.1,,,,0,,23.2
156,堡林,2023-09-07 23:00,24.2,,1,70,75,1006.4,1014.4,,,,0,,22.5
156,堡林,2023-09-08 00:00,23.1,,.6,90,77,1006.3,1014.4,,,,0,,21.6
156,堡林,2023-09-08 01:00,22.7,,1,70,79,1006.3,1014.4,,,,0,,21.1
156,堡林,2023-09-08 02:00,21.1,,1.8,70,91,1005.9,1014,,,,0,,20.5
156,堡林,2023-09-08 03:00,20.7,,1.1,70,87,1005.9,1014.1,,,,0,,19.9
156,堡林,2023-09-08 04:00,20.3,,1.7,50,87,1005.8,1014,,,,0,,19.4
156,堡林,2023-09-08 05:00,20,,0,0,88,1006,1014.2,,,,0,,19.1
156,堡林,2023-09-08 06:00,19.9,,0,0,89,1006.2,1014.4,,,,0,,18.8
156,堡林,2023-09-08 07:00,20,,0,0,91,1006.4,1014.6,.3,.17,,0,,19.1
156,堡林,2023-09-08 08:00,21.4,,.5,90,86,1006.6,1014.7,1,.82,,0,,20.2
156,堡林,2023-09-08 09:00,23.5,,1.2,50,73,1006.5,1014.5,1,1.58,,0,,26.7
156,堡林,2023-09-08 10:00,24.9,,1.1,70,69,1006.5,1014.6,1,2.29,,0,,33.9
156,堡林,2023-09-08 11:00,26.6,,.1,0,60,1006.1,1014.1,1,2.85,,0,,40.5
156,堡林,2023-09-08 12:00,28,,.7,110,56,1005.4,1013.3,1,3.22,,0,,45.8
156,堡林,2023-09-08 13:00,28.3,,.7,270,49,1004.8,1012.7,1,3.31,,0,,49.3
156,堡林,2023-09-08 14:00,29,,.5,320,47,1004.1,1012,1,3.2,,0,,48.4
156,堡林,2023-09-08 15:00,29.6,,1,50,50,1003.4,1011.3,1,2.83,,0,,42.2
156,堡林,2023-09-08 16:00,29.6,,1.5,70,52,1002.9,1010.8,1,2.3,,0,,35.6
156,堡林,2023-09-08 17:00,29.2,,2,50,49,1002.8,1010.7,1,1.59,,0,,31.7
156,堡林,2023-09-08 18:00,28.5,,.8,50,52,1002.9,1010.8,1,.81,,0,,28.8
156,堡林,2023-09-08 19:00,26.4,,.9,340,68,1002.9,1010.9,.3,.16,,0,,26.4
156,堡林,2023-09-08 20:00,25.5,,.1,0,72,1003.6,1011.6,,,,0,,25.1
156,堡林,2023-09-08 21:00,24.3,,1.2,90,75,1004,1012,,,,0,,24.1
156,堡林,2023-09-08 22:00,23.5,,.5,90,78,1004,1012,,,,0,,23.3
156,堡林,2023-09-08 23:00,23.3,,.9,230,85,1004,1012,,,,0,,22.7
156,堡林,2023-09-09 00:00,23,,0,0,90,1004.1,1012.1,,,,0,,22.2
156,堡林,2023-09-09 01:00,22.6,,.2,0,92,1004,1012.1,,,,0,,21.7
156,堡林,2023-09-09 02:00,21.7,,0,0,97,1003.7,1011.8,,,,0,,21.4
156,堡林,2023-09-09 03:00,21.2,,0,0,98,1003.9,1012,,,,0,,21
156,堡林,2023-09-09 04:00,21.1,,0,0,99,1003.9,1012,,,,0,,20.5
156,堡林,2023-09-09 05:00,20.3,,0,0,99,1003.9,1012.1,,,,0,,20.2
156,堡林,2023-09-09 06:00,19.9,,0,0,99,1004.1,1012.3,,,,0,,19.8
156,堡林,2023-09-09 07:00,20.6,,0,0,99,1004.3,1012.5,.2,.17,,0,,20.4
156,堡林,2023-09-09 08:00,21.9,,0,0,97,1004.5,1012.6,1,.78,,0,,21.5
156,堡林,2023-09-09 09:00,24.3,,.2,0,87,1004.4,1012.4,1,1.55,,0,,27.7
156,堡林,2023-09-09 10:00,25.5,,.1,0,76,1004.3,1012.3,1,2.25,,0,,35.7
156,堡林,2023-09-09 11:00,27.1,,.1,0,71,1003.9,1011.8,1,2.81,,0,,43.3
156,堡林,2023-09-09 12:00,28.2,,1,270,67,1003.7,1011.6,1,2.85,,1,,48.4
156,堡林,2023-09-09 13:00,29.2,,1.4,50,59,1003,1010.9,1,3.32,,0,,51.8
156,堡林,2023-09-09 14:00,28.7,,1.4,360,58,1002.6,1010.5,.9,2.76,,0,,42.5
156,堡林,2023-09-09 15:00,30.3,,1.1,360,50,1001.9,1009.8,1,2.78,,0,,43.2
156,堡林,2023-09-09 16:00,30.3,,.5,50,53,1001.6,1009.5,1,2.31,,0,,37.1
156,堡林,2023-09-09 17:00,29.5,,.6,110,51,1001.6,1009.4,.9,1.24,,2,,31.8
156,堡林,2023-09-09 18:00,28.2,,.8,320,69,1001.8,1009.7,.7,.52,,1,,29.5
156,堡林,2023-09-09 19:00,26.4,,.5,290,75,1002.1,1010.1,.1,.13,,6,,27
156,堡林,2023-09-09 20:00,25.3,,0,0,80,1002.7,1010.7,,,,7,,25.6
156,堡林,2023-09-09 21:00,25.1,,.5,250,83,1003.2,1011.2,,,,4,,24.7
156,堡林,2023-09-09 22:00,24.3,,1.5,180,89,1003.6,1011.6,,,,4,,24.2
156,堡林,2023-09-09 23:00,24.3,,1.2,250,90,1003.8,1011.8,,,,6,,24
156,堡林,2023-09-10 00:00,23.6,,1.1,200,94,1003.7,1011.7,,,,6,,23.4
156,堡林,2023-09-10 01:00,23.3,,.6,230,96,1003.4,1011.4,,,,6,,23.3
156,堡林,2023-09-10 02:00,23.5,,.3,0,95,1003.1,1011.1,,,,8,,23.8
156,堡林,2023-09-10 03:00,23.2,,0,0,97,1003.1,1011.1,,,,7,,23.5
156,堡林,2023-09-10 04:00,22.6,,0,0,99,1002.9,1011,,,,5,,22.9
156,堡林,2023-09-10 05:00,22.3,,0,0,99,1002.9,1011,,,,7,,22.5
156,堡林,2023-09-10 06:00,22.2,,0,0,99,1003.1,1011.2,,,,7,,22.5
156,堡林,2023-09-10 07:00,22.4,,0,0,99,1003.5,1011.6,0,.11,,7,,23.2
156,堡林,2023-09-10 08:00,22.4,,0,0,99,1003.7,1011.8,0,.28,,8,,24
156,堡林,2023-09-10 09:00,24.2,,.5,180,92,1003.8,1011.8,.8,1.26,,4,,28.5
156,堡林,2023-09-10 10:00,26.5,,.2,0,83,1003.8,1011.8,1,2.19,,4,,37.3
156,堡林,2023-09-10 11:00,27,,1.3,270,79,1003.3,1011.2,1,2.71,,6,,41.6
156,堡林,2023-09-10 12:00,27.1,,.3,0,78,1002.7,1010.6,.6,1.95,,6,,37.2
156,堡林,2023-09-10 13:00,28.6,,.7,20,64,1002,1009.9,.2,1.85,,8,,40.9
156,堡林,2023-09-10 14:00,29.4,,1.2,320,55,1001.6,1009.4,.8,2.78,,7,,47.9
156,堡林,2023-09-10 15:00,28.6,,1.3,270,68,1001.1,1009,.5,2.29,,7,,39.8
156,堡林,2023-09-10 16:00,28.5,,.1,0,67,1000.9,1008.8,.6,1.26,,8,,35.3
156,堡林,2023-09-10 17:00,28,,.3,0,75,1001.1,1009,.3,.62,,7,,32.4
156,堡林,2023-09-10 18:00,27.3,,.9,340,77,1001.2,1009.1,0,.32,,8,,30.5
156,堡林,2023-09-10 19:00,26.4,,.8,20,77,1001.5,1009.5,0,.1,,8,,28.3
156,堡林,2023-09-10 20:00,26.1,,0,0,77,1002.1,1010.1,,,,7,,27.2
156,堡林,2023-09-10 21:00,25.5,,.9,110,82,1002.6,1010.6,,,,7,,25.7
156,堡林,2023-09-10 22:00,24.8,,1.6,160,88,1002.6,1010.6,,,,7,,24.9
156,堡林,2023-09-10 23:00,24.4,,1.3,200,94,1002.3,1010.3,,,,2,,24
156,堡林,2023-09-11 00:00,24.2,,.2,0,97,1002.3,1010.3,,,,8,,23.9
156,堡林,2023-09-11 01:00,23.7,,0,0,97,1001.9,1009.9,,,,6,,23.1
156,堡林,2023-09-11 02:00,22.8,,0,0,99,1001.8,1009.8,,,,5,,22.4
156,堡林,2023-09-11 03:00,22.3,,0,0,99,1001.7,1009.8,,,,6,,22.2
156,堡林,2023-09-11 04:00,22.4,,0,0,99,1001.6,1009.7,,,,7,,22.4
156,堡林,2023-09-11 05:00,22,,0,0,99,1001.6,1009.7,,,,0,,21.6
156,堡林,2023-09-11 06:00,21.4,,0,0,99,1001.8,1009.9,,,,0,,21.2
156,堡林,2023-09-11 07:00,21.5,,0,0,99,1002.1,1010.2,0,.15,,0,,22
156,堡林,2023-09-11 08:00,23.1,,0,0,98,1001.9,1009.9,.7,.64,,1,,25.1
156,堡林,2023-09-11 09:00,24.9,,.7,70,93,1002.1,1010.1,1,1.42,,0,,36.1
156,堡林,2023-09-11 10:00,26.8,,.5,90,85,1002.3,1010.2,1,2.15,,0,,42.1
156,堡林,2023-09-11 11:00,27.2,,1.1,20,72,1002.2,1010.1,1,2.54,,5,,42.3
156,堡林,2023-09-11 12:00,28.4,,.6,50,65,1001.6,1009.5,.7,2.5,,6,,49.6
156,堡林,2023-09-11 13:00,28.6,,1.6,50,58,1001,1008.9,.8,2.89,,6,,40.5
156,堡林,2023-09-11 14:00,30.5,,1.2,250,55,1000.5,1008.3,.5,2.02,,6,,52.2
156,堡林,2023-09-11 15:00,30.1,,1,290,55,1000.1,1008,.7,1.82,,7,,44.4
156,堡林,2023-09-11 16:00,29.7,,.8,20,52,1000,1007.8,.7,1.39,,5,,38.5
156,堡林,2023-09-11 17:00,29.7,,1.5,250,56,1000.2,1008,.9,1.29,,6,,34.8
156,堡林,2023-09-11 18:00,27.7,,1.2,360,61,1001,1008.9,.5,.68,,6,,29.3
156,堡林,2023-09-11 19:00,26.1,,.1,0,69,1001.1,1009.1,0,.1,,7,,25.4
156,堡林,2023-09-11 20:00,25.6,,.1,0,74,1001.8,1009.8,,,,8,,24.7
156,堡林,2023-09-11 21:00,24.7,,0,0,79,1002.4,1010.4,,,,9,,23.9
156,堡林,2023-09-11 22:00,24.3,,.5,70,80,1003.1,1011.1,,,,5,,22.7
156,堡林,2023-09-11 23:00,23.9,,.3,0,85,1003.6,1011.6,,,,6,,22.3
156,堡林,2023-09-12 00:00,23.4,,.5,90,88,1003.4,1011.4,,,,8,,22.2
156,堡林,2023-09-12 01:00,23.1,,.4,0,90,1003.2,1011.2,,,,7,,22.4
156,堡林,2023-09-12 02:00,22.9,,1.1,50,91,1002.8,1010.8,,,,7,,21.3
156,堡林,2023-09-12 03:00,22.1,,0,0,96,1002.8,1010.9,,,,7,,20.9
156,堡林,2023-09-12 04:00,21.9,,.6,50,97,1002.7,1010.8,,,,7,,20.9
156,堡林,2023-09-12 05:00,21.6,,.1,0,98,1002.8,1010.9,,,,6,,20.6
156,堡林,2023-09-12 06:00,22.2,,0,0,97,1003.5,1011.6,,,,7,,21.8
156,堡林,2023-09-12 07:00,21.9,,.3,0,98,1003.4,1011.5,0,.1,,9,,22.5
156,堡林,2023-09-12 08:00,22.4,,.1,0,98,1003.6,1011.7,0,.35,,9,,26.1
156,堡林,2023-09-12 09:00,23.2,,0,0,93,1003.7,1011.7,0,.7,,9,,30.9
156,堡林,2023-09-12 10:00,24.8,,.5,90,85,1003.8,1011.8,.6,1.75,,8,,40
156,堡林,2023-09-12 11:00,26.3,,.2,0,76,1003.7,1011.7,.4,1.98,,7,,42.7
156,堡林,2023-09-12 12:00,28,,1.2,50,67,1003.1,1011,.7,2.78,,8,,51
156,堡林,2023-09-12 13:00,29,,.5,340,64,1002.8,1010.7,.6,2.32,,8,,44.5
156,堡林,2023-09-12 14:00,28.9,,.9,20,59,1002.4,1010.3,.1,1.73,,9,,41.6
156,堡林,2023-09-12 15:00,28.6,,.6,20,59,1001.8,1009.7,0,1.35,,9,,41.2
156,堡林,2023-09-12 16:00,28.4,,.7,360,62,1001.6,1009.5,.2,1.23,,6,,40.4
156,堡林,2023-09-12 17:00,28.2,,.4,0,59,1001.5,1009.4,.3,.89,,8,,35.8
156,堡林,2023-09-12 18:00,27.1,,0,0,64,1001.7,1009.6,.2,.42,,7,,29.8
156,堡林,2023-09-12 19:00,26.3,,.1,0,68,1002,1010,0,.12,,7,,25.9
156,堡林,2023-09-12 20:00,26.1,,.4,0,75,1002.7,1010.7,,,,8,,25.1
156,堡林,2023-09-12 21:00,25.6,,.2,0,78,1003.6,1011.6,,,,9,,25.1
156,堡林,2023-09-12 22:00,24.9,,.7,90,80,1003.8,1011.8,,,,10,,24.6
156,堡林,2023-09-12 23:00,24.7,,.2,0,84,1003.6,1011.6,,,,10,,24.5
156,堡林,2023-09-13 00:00,24.1,,.6,70,87,1003.6,1011.6,,,,9,,24.3
156,堡林,2023-09-13 01:00,24,,.9,90,87,1003.6,1011.6,,,,9,,24
156,堡林,2023-09-13 02:00,24.1,0,0,0,88,1003.3,1011.3,,,,10,,23.9
156,堡林,2023-09-13 03:00,22.9,0,.2,0,98,1003.2,1011.2,,,,10,,23.5
156,堡林,2023-09-13 04:00,22.7,0,.2,0,99,1003.3,1011.4,,,,10,,23.2
156,堡林,2023-09-13 05:00,22.7,0,.1,0,99,1003.7,1011.8,,,,10,,23.2
156,堡林,2023-09-13 06:00,20.3,17,2.5,50,99,1004.1,1012.3,,,,10,,22
156,堡林,2023-09-13 07:00,20.2,0,1.9,70,99,1003.9,1012.1,0,.1,,10,,22.2
156,堡林,2023-09-13 08:00,21,0,1.3,50,99,1003.9,1012,0,.36,,5,,23.9
156,堡林,2023-09-13 09:00,21.6,,1.3,50,99,1003.7,1011.8,0,.53,,10,,25.5
156,堡林,2023-09-13 10:00,23.2,0,1.6,70,98,1003.7,1011.7,0,1.06,,10,,28.9
156,堡林,2023-09-13 11:00,23.4,0,1,50,99,1003.9,1011.9,0,1.01,,10,,27.9
156,堡林,2023-09-13 12:00,23.6,,1.4,50,99,1003.3,1011.3,0,.62,,10,,27.2
156,堡林,2023-09-13 13:00,24.1,,1.5,50,99,1002.9,1010.9,0,.67,,10,,28.2
156,堡林,2023-09-13 14:00,25.2,,1.5,50,98,1002.1,1010.1,0,.99,,10,,29.6
156,堡林,2023-09-13 15:00,25.4,,1.7,50,99,1001.3,1009.3,0,.96,,10,,29.5
156,堡林,2023-09-13 16:00,25.2,,1.2,70,98,1001.1,1009.1,0,.67,,10,,27.9
156,堡林,2023-09-13 17:00,24.8,,2.1,50,99,1001.3,1009.2,0,.37,,10,,26.2
156,堡林,2023-09-13 18:00,23.9,0,.6,20,99,1001.4,1009.4,0,.13,,10,,25.1
156,堡林,2023-09-13 19:00,23.1,0,1.4,50,99,1001.5,1009.5,0,.07,,10,,24.1
156,堡林,2023-09-13 20:00,22.5,,1.4,50,99,1001.8,1009.8,,,,10,,23.6
156,堡林,2023-09-13 21:00,21.6,.4,1.4,20,99,1002.8,1010.9,,,,10,,22.9
156,堡林,2023-09-13 22:00,20.7,8.6,1.9,50,99,1003,1011.1,,,,10,,21.8
156,堡林,2023-09-13 23:00,20.6,2.5,1.1,70,99,1003.1,1011.2,,,,10,,21.8
156,堡林,2023-09-14 00:00,20.6,1.6,1.7,70,99,1002.6,1010.7,,,,10,,21.7
156,堡林,2023-09-14 01:00,20.6,2.2,.4,0,99,1002.8,1010.9,,,,10,,21.7
156,堡林,2023-09-14 02:00,20.3,1.4,0,0,99,1002.8,1011,,,,10,,21.7
156,堡林,2023-09-14 03:00,20.3,.5,1.1,90,99,1002,1010.2,,,,10,,21.5
156,堡林,2023-09-14 04:00,20.5,,1,70,99,1001.8,1009.9,,,,10,,21.6
156,堡林,2023-09-14 05:00,20.7,,.6,360,99,1002.3,1010.4,,,,10,,21.5
156,堡林,2023-09-14 06:00,20.6,,.4,0,99,1002.4,1010.5,,,,10,,21.8
156,堡林,2023-09-14 07:00,20.7,.1,.6,90,99,1002.6,1010.7,0,.07,,10,,22
156,堡林,2023-09-14 08:00,21.4,0,.7,50,99,1002.9,1011,0,.22,,10,,23.8
156,堡林,2023-09-14 09:00,22.1,,1.5,70,99,1003.1,1011.2,0,.81,,8,,25.8
156,堡林,2023-09-14 10:00,23.7,,0,0,99,1003.8,1011.8,.1,1.27,,10,,28.8
156,堡林,2023-09-14 11:00,24,,.2,0,99,1004.1,1012.1,0,.95,,10,,28.6
156,堡林,2023-09-14 12:00,25,,.8,230,95,1003.9,1011.9,.3,1.35,,9,,32.7
156,堡林,2023-09-14 13:00,24.7,,3.6,200,96,1003.9,1011.9,.2,1.25,,10,,28.7
156,堡林,2023-09-14 14:00,24.1,0,1.9,230,98,1003.9,1011.9,0,.75,,10,,27.7
156,堡林,2023-09-14 15:00,23.9,.2,1,250,99,1004,1012,0,.51,,10,,27.1
156,堡林,2023-09-14 16:00,22.9,1.7,0,0,99,1003.6,1011.6,0,.31,,10,,25.4
156,堡林,2023-09-14 17:00,23.3,.5,.2,0,99,1004.4,1012.4,0,.31,,10,,25.3
156,堡林,2023-09-14 18:00,22.8,.7,.3,0,99,1004.6,1012.7,0,.1,,10,,24.3
156,堡林,2023-09-14 19:00,21.5,1.4,1.8,200,99,1005.1,1013.2,0,.07,,10,,23.1
156,堡林,2023-09-14 20:00,21,.5,.3,0,99,1005.5,1013.6,,,,10,,23
156,堡林,2023-09-14 21:00,21.1,.4,.8,70,99,1006.1,1014.2,,,,10,,22.9
156,堡林,2023-09-14 22:00,21.7,.7,1.4,70,99,1006.2,1014.3,,,,10,,22.6
156,堡林,2023-09-14 23:00,21.4,1.8,0,0,99,1005.9,1014,,,,10,,22.6
156,堡林,2023-09-15 00:00,21.6,2,.8,50,99,1006.1,1014.2,,,,10,,22.6
156,堡林,2023-09-15 01:00,21.7,.5,1.3,70,99,1005.6,1013.7,,,,10,,22.6
156,堡林,2023-09-15 02:00,21.6,.4,1.8,70,99,1004.9,1013,,,,10,,22.6
156,堡林,2023-09-15 03:00,21.7,2.2,.3,0,99,1005.2,1013.3,,,,10,,22.6
156,堡林,2023-09-15 04:00,21.7,1.6,2.2,70,99,1004.8,1012.9,,,,10,,22.6
156,堡林,2023-09-15 05:00,21.7,6.7,1.6,70,99,1004.7,1012.8,,,,10,,22.4
156,堡林,2023-09-15 06:00,21.7,7.2,1.2,70,99,1004.7,1012.8,,,,10,,22.3
156,堡林,2023-09-15 07:00,21.6,8.2,,,99,1005.4,1013.5,0,.06,,10,,22.2
156,堡林,2023-09-15 08:00,21.6,6.5,,,99,1005.6,1013.7,0,.08,,10,,22.2
156,堡林,2023-09-15 09:00,21.7,4.8,,,99,1005.8,1013.9,0,.15,,10,,22.8
156,堡林,2023-09-15 10:00,21.8,3.6,,,99,1005.8,1013.9,0,.24,,10,,23.6
156,堡林,2023-09-15 11:00,22.3,.4,,,99,1005.8,1013.9,0,.58,,10,,25.4
156,堡林,2023-09-15 12:00,23.3,.7,,,99,1005.4,1013.4,0,.56,,9,,28.6
156,堡林,2023-09-15 13:00,25.5,,,,99,1004.6,1012.6,.7,2.64,,3,,38
156,堡林,2023-09-15 14:00,26.6,,.6,50,98,1003.9,1011.9,.8,2.41,,8,,35.6
156,堡林,2023-09-15 15:00,27.4,,.4,0,97,1003.6,1011.5,.3,1.3,,9,,33.4
156,堡林,2023-09-15 16:00,26.9,,1.4,180,97,1003.6,1011.6,0,.59,,9,,29.5
156,堡林,2023-09-15 17:00,26.9,0,1.8,200,99,1003.7,1011.7,0,.44,,9,,28.7
156,堡林,2023-09-15 18:00,26.1,,1.9,180,99,1003.9,1011.9,.1,.36,,6,,26.5
156,堡林,2023-09-15 19:00,25.3,,1.3,180,99,1004,1012,0,.09,,4,,24.8
156,堡林,2023-09-15 20:00,25.7,,1.1,200,99,1005,1013,,,,7,,24.1
156,堡林,2023-09-15 21:00,24.5,,1.6,180,99,1005.1,1013.1,,,,5,,23.7
156,堡林,2023-09-15 22:00,24.8,,2.1,200,99,1005.4,1013.4,,,,7,,23.6
156,堡林,2023-09-15 23:00,24.4,,1.6,180,99,1005.1,1013.1,,,,6,,23.6
156,堡林,2023-09-16 00:00,24.7,,.8,230,99,1005,1013,,,,7,,23.3
156,堡林,2023-09-16 01:00,24.2,,.1,0,99,1005,1013,,,,4,,23.1
156,堡林,2023-09-16 02:00,23.6,,.5,50,99,1005,1013,,,,5,,23.1
156,堡林,2023-09-16 03:00,23.4,,1.3,90,99,1004.7,1012.7,,,,1,,22.9
156,堡林,2023-09-16 04:00,23.6,,.7,70,99,1004.7,1012.7,,,,8,,23.3
156,堡林,2023-09-16 05:00,23.6,,0,0,99,1004.6,1012.6,,,,9,,23.5
156,堡林,2023-09-16 06:00,23.6,,.1,0,99,1004.9,1012.9,,,,7,,23.4
156,堡林,2023-09-16 07:00,23.8,,.1,0,99,1004.9,1012.9,0,.11,,9,,24
156,堡林,2023-09-16 08:00,24.1,,1,50,99,1005,1013,0,.26,,8,,24.8
156,堡林,2023-09-16 09:00,25,,.2,0,99,1004.7,1012.7,.1,.39,,5,,26.2
156,堡林,2023-09-16 10:00,26.7,,1.2,90,99,1004.6,1012.6,.3,1.08,,9,,32.4
156,堡林,2023-09-16 11:00,26.9,0,.5,90,99,1004.8,1012.8,.1,.99,,10,,30.1
156,堡林,2023-09-16 12:00,24.5,2.1,0,0,99,1004.5,1012.5,0,.36,,10,,26.6
156,堡林,2023-09-16 13:00,24.7,3.2,0,0,99,1004.1,1012.1,0,.39,,10,,28
156,堡林,2023-09-16 14:00,24.3,1.7,.3,0,99,1003.6,1011.6,0,.29,,10,,26
156,堡林,2023-09-16 15:00,23.1,22.5,1.3,200,99,1004.3,1012.3,0,.1,,10,,24.6
156,堡林,2023-09-16 16:00,23.4,4.4,1.1,70,99,1002.8,1010.8,0,.13,,10,,24.8
156,堡林,2023-09-16 17:00,23.8,.1,.3,0,99,1002.1,1010.1,0,.41,,10,,26
156,堡林,2023-09-16 18:00,23.9,0,.8,70,99,1002.1,1010.1,.1,.36,,8,,25.4
156,堡林,2023-09-16 19:00,23.7,,.5,270,99,1002.2,1010.2,0,.08,,1,,24.3
156,堡林,2023-09-16 20:00,23.2,,0,0,99,1002.7,1010.7,,,,5,,23.8
156,堡林,2023-09-16 21:00,23.2,,.4,0,99,1003.1,1011.1,,,,5,,23.5
156,堡林,2023-09-16 22:00,23.1,,.2,0,99,1003.4,1011.4,,,,9,,23.5
156,堡林,2023-09-16 23:00,22.9,,0,0,99,1003.3,1011.3,,,,10,,23.8
156,堡林,2023-09-17 00:00,22.8,,.5,70,99,1003.6,1011.6,,,,10,,23.8
156,堡林,2023-09-17 01:00,22.9,,1.3,90,99,1003.1,1011.1,,,,9,,23.6
156,堡林,2023-09-17 02:00,22.9,,.4,0,99,1002.6,1010.6,,,,10,,23.4
156,堡林,2023-09-17 03:00,22.5,1.1,.7,140,99,1002.2,1010.3,,,,6,,23.2
156,堡林,2023-09-17 04:00,22.6,,.2,0,99,1001.9,1009.9,,,,2,,22.8
156,堡林,2023-09-17 05:00,22.5,,0,0,99,1001.9,1009.9,,,,8,,23.1
156,堡林,2023-09-17 06:00,22.2,,.7,110,99,1002.1,1010.2,,,,9,,22.4
156,堡林,2023-09-17 07:00,22.8,,0,0,99,1002.6,1010.6,0,.14,,8,,23.5
156,堡林,2023-09-17 08:00,23.5,,.3,0,99,1003.3,1011.3,0,.63,,10,,27.6
156,堡林,2023-09-17 09:00,24.6,,.8,230,99,1003.7,1011.7,.3,1.13,,9,,30.7
156,堡林,2023-09-17 10:00,25.4,,.2,0,99,1004,1012,.4,1.33,,8,,31.1
156,堡林,2023-09-17 11:00,26.2,,.7,290,97,1003.6,1011.6,.6,1.76,,9,,34.4
156,堡林,2023-09-17 12:00,26.7,,1,270,97,1002.9,1010.9,.2,1.75,,9,,33.7
156,堡林,2023-09-17 13:00,26.8,,1.1,270,87,1002.7,1010.7,0,1.45,,9,,32.6
156,堡林,2023-09-17 14:00,28.1,,.8,270,80,1002.2,1010.1,.3,2.17,,8,,38.7
156,堡林,2023-09-17 15:00,28.2,,1.2,200,78,1001.9,1009.8,.3,1.89,,9,,33.4
156,堡林,2023-09-17 16:00,27.7,,2.6,200,85,1001.8,1009.7,.2,1.35,,9,,32.4
156,堡林,2023-09-17 17:00,28.2,,1,270,79,1001.9,1009.8,.4,1.07,,7,,30.3
156,堡林,2023-09-17 18:00,25.9,0,1.9,180,93,1002.3,1010.3,.5,.53,,9,,27.1
156,堡林,2023-09-17 19:00,24.3,2.1,1.7,200,99,1002.7,1010.7,0,.09,,9,,25.7
156,堡林,2023-09-17 20:00,24.7,0,1,250,99,1003.3,1011.3,,,,9,,25.5
156,堡林,2023-09-17 21:00,24,,.7,250,99,1003.7,1011.7,,,,8,,24.7
156,堡林,2023-09-17 22:00,24.4,0,.7,250,99,1004.2,1012.2,,,,5,,24.7
156,堡林,2023-09-17 23:00,23.7,,0,0,99,1004.2,1012.2,,,,7,,24.7
156,堡林,2023-09-18 00:00,23.6,0,0,0,99,1004.1,1012.1,,,,3,,23.7
156,堡林,2023-09-18 01:00,23.3,,0,0,99,1004.1,1012.1,,,,5,,23.9
156,堡林,2023-09-18 02:00,23.1,,0,0,99,1003.7,1011.7,,,,5,,23.2
156,堡林,2023-09-18 03:00,23.1,,0,0,99,1003.9,1011.9,,,,9,,23.5
156,堡林,2023-09-18 04:00,22.7,,0,0,99,1004,1012.1,,,,3,,22.8
156,堡林,2023-09-18 05:00,22.7,,0,0,99,1004.2,1012.3,,,,7,,23
156,堡林,2023-09-18 06:00,22.3,,.2,0,99,1004.4,1012.5,,,,8,,23.4
156,堡林,2023-09-18 07:00,22.4,,0,0,99,1004.8,1012.9,0,.09,,2,,23.9
156,堡林,2023-09-18 08:00,23.7,,0,0,99,1005.2,1013.2,.2,.45,,8,,26.7
156,堡林,2023-09-18 09:00,24.5,,.2,0,99,1005.5,1013.5,.8,1.29,,2,,29.9
156,堡林,2023-09-18 10:00,26,,.6,270,88,1005.9,1013.9,1,2.05,,2,,32.2
156,堡林,2023-09-18 11:00,26.8,,.4,0,83,1005.8,1013.8,1,2.44,,2,,36.2
156,堡林,2023-09-18 12:00,27.1,,.3,0,81,1005.5,1013.5,.6,2,,7,,31.6
156,堡林,2023-09-18 13:00,28.4,,.5,70,74,1004.9,1012.8,.9,2.59,,2,,38
156,堡林,2023-09-18 14:00,29.1,,1.1,230,69,1004.5,1012.4,.6,2.18,,6,,33.7
156,堡林,2023-09-18 15:00,29.6,,1.6,270,70,1004,1011.9,.5,1.67,,6,,35.6
156,堡林,2023-09-18 16:00,29.9,,2.2,270,70,1004.2,1012.1,.8,1.84,,7,,34.4
156,堡林,2023-09-18 17:00,29,,.8,340,73,1004.2,1012.1,1,1.67,,8,,31.1
156,堡林,2023-09-18 18:00,27.7,,.9,290,79,1004.5,1012.4,1,.8,,2,,26.8
156,堡林,2023-09-18 19:00,26,,.9,320,92,1004.9,1012.9,.3,.11,,5,,24.8
156,堡林,2023-09-18 20:00,25.3,,.4,0,95,1005.5,1013.5,,,,1,,23.9
156,堡林,2023-09-18 21:00,25,,1.7,270,94,1006.2,1014.2,,,,1,,23.1
156,堡林,2023-09-18 22:00,24.1,,1.1,270,98,1006.3,1014.3,,,,0,,22.6
156,堡林,2023-09-18 23:00,23.4,,.7,270,99,1006.4,1014.4,,,,1,,22
156,堡林,2023-09-19 00:00,23.2,,.1,0,99,1006.6,1014.7,,,,1,,21.7
156,堡林,2023-09-19 01:00,23.2,,.2,0,99,1006.9,1015,,,,0,,22.3
156,堡林,2023-09-19 02:00,22.5,,.5,270,99,1006.6,1014.7,,,,1,,22.2
156,堡林,2023-09-19 03:00,21.8,,.1,0,99,1006.7,1014.8,,,,4,,21.6
156,堡林,2023-09-19 04:00,21.7,,0,0,99,1006.1,1014.2,,,,4,,21.7
156,堡林,2023-09-19 05:00,21.8,,0,0,99,1006,1014.1,,,,6,,21.7
156,堡林,2023-09-19 06:00,21.7,,.7,340,99,1006.6,1014.7,,,,7,,22.6
156,堡林,2023-09-19 07:00,21.2,,.5,70,99,1007.1,1015.3,0,.1,,8,,22.9
156,堡林,2023-09-19 08:00,22,,.2,0,99,1007.4,1015.5,0,.33,,9,,24.3
156,堡林,2023-09-19 09:00,23.5,,1,70,99,1007.8,1015.9,.6,1.1,,9,,28.4
156,堡林,2023-09-19 10:00,24.6,,.8,20,95,1008,1016,.8,1.55,,8,,30.4
156,堡林,2023-09-19 11:00,24.4,,.6,50,87,1007.5,1015.5,.3,1.54,,9,,30.5
156,堡林,2023-09-19 12:00,26.9,,.3,0,74,1007.1,1015.1,.9,2.56,,4,,37.2
156,堡林,2023-09-19 13:00,26.1,,.4,0,76,1006.7,1014.7,.2,1.42,,8,,30.7
156,堡林,2023-09-19 14:00,27.5,,.9,70,65,1006.1,1014.1,.8,2.5,,7,,34.1
156,堡林,2023-09-19 15:00,28.4,,1.2,70,60,1005.6,1013.5,1,2.6,,2,,37.1
156,堡林,2023-09-19 16:00,28.5,,.6,50,59,1005.5,1013.4,1,2.01,,4,,33.6
156,堡林,2023-09-19 17:00,27.6,,.6,290,61,1005.8,1013.7,.7,.9,,6,,28.1
156,堡林,2023-09-19 18:00,26.8,,1.5,290,69,1006.2,1014.2,.4,.42,,7,,25.4
156,堡林,2023-09-19 19:00,25,,.6,50,91,1005.8,1013.8,.1,.11,,7,,23.7
156,堡林,2023-09-19 20:00,24.7,,.1,0,95,1006.5,1014.5,,,,6,,23
156,堡林,2023-09-19 21:00,24,,.7,230,96,1006.6,1014.6,,,,9,,22.7
156,堡林,2023-09-19 22:00,23.2,,.3,0,98,1006.7,1014.8,,,,6,,21.7
156,堡林,2023-09-19 23:00,22.5,,.8,110,99,1006.4,1014.5,,,,7,,21.4
156,堡林,2023-09-20 00:00,22.6,,.3,0,99,1006.4,1014.5,,,,8,,21.3
156,堡林,2023-09-20 01:00,22,,.3,0,99,1005.7,1013.8,,,,7,,20.9
156,堡林,2023-09-20 02:00,22,,.5,250,99,1005.6,1013.7,,,,8,,20.9
156,堡林,2023-09-20 03:00,21.7,,0,0,99,1005.3,1013.4,,,,9,,21.4
156,堡林,2023-09-20 04:00,21.8,,.3,0,99,1005,1013.1,,,,9,,21.7
156,堡林,2023-09-20 05:00,21.5,,.7,90,99,1005.1,1013.2,,,,9,,21.7
156,堡林,2023-09-20 06:00,21.3,,.5,70,99,1004.9,1013,,,,9,,21.7
156,堡林,2023-09-20 07:00,21.5,,1.2,70,99,1004,1012.1,0,.09,,9,,21.8
156,堡林,2023-09-20 08:00,22.2,,0,0,99,1003.9,1012,0,.18,,10,,22.9
156,堡林,2023-09-20 09:00,22.5,,1.1,70,99,1003.5,1011.6,0,.25,,10,,23.5
156,堡林,2023-09-20 10:00,23.4,0,.5,50,99,1003.2,1011.2,0,.36,,10,,24.2
156,堡林,2023-09-20 11:00,23.9,0,0,0,99,1002.8,1010.8,0,.51,,10,,25.9
156,堡林,2023-09-20 12:00,24.5,.1,.7,70,99,1001,1009,0,.51,,10,,27.2
156,堡林,2023-09-20 13:00,24.1,1.9,1.8,200,99,1000.2,1008.2,0,.44,,10,,25.7
156,堡林,2023-09-20 14:00,23.9,1.7,3.3,180,99,998.6,1006.6,0,.53,,10,,25.8
156,堡林,2023-09-20 15:00,24.4,1.4,2.6,180,99,997.8,1005.7,0,.59,,10,,26.3
156,堡林,2023-09-20 16:00,24.7,2.1,3.1,200,99,996.8,1004.7,0,.29,,10,,25.7
156,堡林,2023-09-20 17:00,24.8,1.1,3.1,200,99,996.6,1004.5,0,.2,,10,,25.3
156,堡林,2023-09-20 18:00,25,.4,3.3,200,99,996,1004,0,.14,,10,,25
156,堡林,2023-09-20 19:00,25,.1,3.5,200,99,996.2,1004.2,0,.06,,10,,24.9
156,堡林,2023-09-20 20:00,24.6,2,2.3,200,99,996.4,1004.3,,,,10,,24.8
156,堡林,2023-09-20 21:00,24.5,.1,1.8,180,99,996,1003.9,,,,10,,24.9
156,堡林,2023-09-20 22:00,25.1,.1,4.7,230,99,996,1004,,,,4,,24.3
156,堡林,2023-09-20 23:00,25.1,,5.1,200,99,995.7,1003.7,,,,4,,24.3
156,堡林,2023-09-21 00:00,25,0,.7,270,99,995.2,1003.2,,,,10,,24.4
156,堡林,2023-09-21 01:00,23.6,0,.6,200,99,995.2,1003.1,,,,10,,24.3
156,堡林,2023-09-21 02:00,23.2,1.6,.6,270,99,995.5,1003.5,,,,10,,24.2
156,堡林,2023-09-21 03:00,23.2,0,.1,0,99,995.9,1003.9,,,,10,,24.3
156,堡林,2023-09-21 04:00,23.1,1.1,.9,290,99,996.5,1004.5,,,,10,,24.2
156,堡林,2023-09-21 05:00,21,.3,1.4,270,99,997.5,1005.6,,,,8,,22.6
156,堡林,2023-09-21 06:00,21,,1.5,320,99,998.2,1006.3,,,,9,,22
156,堡林,2023-09-21 07:00,20.7,,1.1,270,99,999.5,1007.6,0,.09,,9,,22
156,堡林,2023-09-21 08:00,21,,.8,270,99,1000.7,1008.8,0,.32,,7,,23.9
156,堡林,2023-09-21 09:00,21.3,,.5,320,98,1001.2,1009.3,0,.74,,7,,25.7
156,堡林,2023-09-21 10:00,20.7,,.8,270,99,1002.6,1010.7,0,.95,,10,,25.7
156,堡林,2023-09-21 11:00,21.3,,1.6,320,98,1002.9,1011,0,1.2,,10,,28.1
156,堡林,2023-09-21 12:00,21.5,,1.9,320,98,1003,1011.1,0,1.4,,10,,29.7
156,堡林,2023-09-21 13:00,21.1,,1.6,320,97,1003.2,1011.3,0,1.41,,10,,27.7
156,堡林,2023-09-21 14:00,21.3,,.4,0,98,1002.9,1011,0,.84,,10,,26.6
156,堡林,2023-09-21 15:00,21.5,,.5,320,98,1003.2,1011.3,0,.67,,10,,25
156,堡林,2023-09-21 16:00,21.7,,.5,50,97,1003.7,1011.8,0,.3,,10,,24.1
156,堡林,2023-09-21 17:00,21.9,,.9,50,97,1004.1,1012.2,0,.24,,10,,24
156,堡林,2023-09-21 18:00,21.5,,.9,360,96,1004.4,1012.5,0,.14,,10,,22.4
156,堡林,2023-09-21 19:00,20.9,0,.4,0,98,1004.3,1012.4,0,.07,,10,,21.8
156,堡林,2023-09-21 20:00,20.5,0,.5,20,99,1005,1013.2,,,,6,,21.5
156,堡林,2023-09-21 21:00,20.7,,.3,0,98,1005.6,1013.8,,,,10,,21.4
156,堡林,2023-09-21 22:00,20.4,,.9,90,99,1005.5,1013.7,,,,9,,21
156,堡林,2023-09-21 23:00,19.8,,0,0,99,1005.8,1013.9,,,,7,,19.9
156,堡林,2023-09-22 00:00,19.7,,.8,50,99,1006,1014.1,,,,3,,19.4
156,堡林,2023-09-22 01:00,19,,0,0,99,1006.2,1014.4,,,,3,,19
156,堡林,2023-09-22 02:00,18.7,,.3,0,99,1006,1014.2,,,,4,,18.3
156,堡林,2023-09-22 03:00,18.3,,.9,50,99,1006.1,1014.3,,,,0,,17.6
156,堡林,2023-09-22 04:00,17,,.9,70,99,1006.3,1014.6,,,,0,,17
156,堡林,2023-09-22 05:00,17.1,,.8,50,99,1006.3,1014.6,,,,2,,16.8
156,堡林,2023-09-22 06:00,17.1,,1.3,50,99,1006.6,1014.9,,,,4,,17
156,堡林,2023-09-22 07:00,17.4,,1,50,99,1007,1015.3,0,.13,,5,,17.5
156,堡林,2023-09-22 08:00,18.4,,1,50,99,1007.6,1015.8,0,.34,,8,,20.5
156,堡林,2023-09-22 09:00,19.5,,1,70,99,1007.9,1016.1,0,.67,,7,,23.7
156,堡林,2023-09-22 10:00,20.3,,.9,70,99,1008.3,1016.5,.1,1.15,,8,,26.3
156,堡林,2023-09-22 11:00,22.1,,1.4,50,93,1008.1,1016.2,.9,2.48,,6,,31.4
156,堡林,2023-09-22 12:00,23.6,,1.1,50,75,1007.6,1015.6,1,3.1,,7,,33.8
156,堡林,2023-09-22 13:00,25.2,,1,50,68,1007,1015,1,3.14,,6,,36.8
156,堡林,2023-09-22 14:00,25.6,,1.3,340,64,1006.6,1014.6,.9,2.56,,6,,34.5
156,堡林,2023-09-22 15:00,25.8,,.9,360,63,1006.3,1014.3,1,2.45,,4,,34.8
156,堡林,2023-09-22 16:00,25.2,,1.5,320,64,1006.2,1014.2,1,2.1,,0,,30
156,堡林,2023-09-22 17:00,25.1,,.7,50,64,1006.4,1014.4,1,1.35,,0,,25
156,堡林,2023-09-22 18:00,23.8,,.4,0,70,1006.7,1014.7,1,.59,,0,,22.2
156,堡林,2023-09-22 19:00,22.2,,.1,0,78,1007.3,1015.4,.1,.09,,0,,20.4
156,堡林,2023-09-22 20:00,21,,1,70,80,1007.9,1016.1,,,,0,,19.1
156,堡林,2023-09-22 21:00,20.1,,1.1,70,84,1008.9,1017.1,,,,0,,18.4
156,堡林,2023-09-22 22:00,19.1,,1,70,87,1009.2,1017.4,,,,5,,17.8
156,堡林,2023-09-22 23:00,19,,1,70,88,1009.6,1017.8,,,,0,,17.4
156,堡林,2023-09-23 00:00,19,,.8,50,92,1009.5,1017.7,,,,9,,17.4
156,堡林,2023-09-23 01:00,18.2,,0,0,97,1010,1018.2,,,,6,,17.1
156,堡林,2023-09-23 02:00,18.4,,.1,0,95,1009.9,1018.1,,,,9,,17.1
156,堡林,2023-09-23 03:00,17.4,,.8,290,99,1009.7,1018,,,,3,,16.4
156,堡林,2023-09-23 04:00,16.7,,0,0,99,1009.5,1017.8,,,,5,,16.1
156,堡林,2023-09-23 05:00,16.3,,.5,70,99,1009.9,1018.2,,,,5,,15.8
156,堡林,2023-09-23 06:00,16.8,,.2,0,99,1010.4,1018.7,,,,8,,16.3
156,堡林,2023-09-23 07:00,16.8,,.3,0,99,1010.8,1019.1,0,.12,,9,,17
156,堡林,2023-09-23 08:00,17.5,,1.5,70,99,1010.7,1019,0,.31,,9,,18.8
156,堡林,2023-09-23 09:00,20.1,,1.7,50,81,1011.2,1019.4,.7,1.12,,8,,23.1
156,堡林,2023-09-23 10:00,22.1,,2.1,70,76,1011.6,1019.7,.9,1.88,,8,,28.1
156,堡林,2023-09-23 11:00,23.6,,2.7,70,71,1011.2,1019.3,.9,2.13,,9,,31.2
156,堡林,2023-09-23 12:00,23.8,,2.5,70,63,1010.9,1019,.5,1.99,,9,,31.2
156,堡林,2023-09-23 13:00,24.6,,2,70,60,1010.5,1018.5,.6,2.14,,8,,30.8
156,堡林,2023-09-23 14:00,24.5,,2.1,70,57,1010.4,1018.4,.2,1.52,,8,,29.7
156,堡林,2023-09-23 15:00,23.7,,1.8,70,68,1010.2,1018.3,0,1.09,,9,,26.4
156,堡林,2023-09-23 16:00,23.7,,1.5,70,67,1009.4,1017.5,0,.72,,9,,25.2
156,堡林,2023-09-23 17:00,23,,1.4,70,75,1010.2,1018.3,.1,.52,,7,,23.4
156,堡林,2023-09-23 18:00,22.3,,1.1,70,73,1010.2,1018.3,0,.22,,9,,21.7
156,堡林,2023-09-23 19:00,21.2,,1.1,50,80,1010.3,1018.5,0,.08,,9,,20.1
156,堡林,2023-09-23 20:00,20.6,,1.1,50,80,1011.1,1019.3,,,,8,,19.5
156,堡林,2023-09-23 21:00,20.9,,.5,50,79,1011.6,1019.8,,,,7,,19.1
156,堡林,2023-09-23 22:00,20.9,,1.5,70,78,1011.8,1020,,,,9,,19.1
156,堡林,2023-09-23 23:00,19.4,,1.4,70,86,1011.8,1020,,,,9,,18.6
156,堡林,2023-09-24 00:00,18.6,,2.3,70,82,1011.5,1019.7,,,,6,,17.1
156,堡林,2023-09-24 01:00,17.7,,2.5,70,85,1011.3,1019.6,,,,6,,16.3
156,堡林,2023-09-24 02:00,17.7,,1.3,70,81,1011.3,1019.6,,,,8,,16.4
156,堡林,2023-09-24 03:00,17.8,,2.1,70,87,1011.1,1019.4,,,,0,,15.8
156,堡林,2023-09-24 04:00,16.9,,2.1,70,96,1011,1019.3,,,,0,,15.5
156,堡林,2023-09-24 05:00,17,,1.8,70,97,1010.8,1019.1,,,,0,,15.4
156,堡林,2023-09-24 06:00,17,,2.1,70,98,1010.7,1019,,,,0,,15.4
156,堡林,2023-09-24 07:00,17.1,,2.5,70,98,1011,1019.3,0,.11,,0,,15.9
156,堡林,2023-09-24 08:00,19.2,,3.9,70,87,1011,1019.2,1,.69,,6,,17.4
156,堡林,2023-09-24 09:00,21,,2.9,70,77,1011.3,1019.5,1,1.4,,7,,22.7
156,堡林,2023-09-24 10:00,23.1,,3.2,70,70,1011.3,1019.4,1,2.06,,8,,28.4
156,堡林,2023-09-24 11:00,24.2,,2.2,70,68,1011.3,1019.3,1,2.37,,7,,31
156,堡林,2023-09-24 12:00,25.3,,2.3,70,63,1010.3,1018.4,1,2.76,,7,,33.8
156,堡林,2023-09-24 13:00,26.3,,.9,50,60,1009.9,1017.9,1,2.98,,3,,37.1
156,堡林,2023-09-24 14:00,26.5,,.8,360,57,1008.8,1016.8,1,2.78,,5,,37.2
156,堡林,2023-09-24 15:00,25.4,,1.2,160,63,1008.2,1016.2,.4,1.4,,5,,29
156,堡林,2023-09-24 16:00,25.4,,1.7,200,60,1008.3,1016.3,.3,.98,,6,,27.5
156,堡林,2023-09-24 17:00,26,,1.2,90,56,1008.6,1016.6,.2,.56,,7,,26.6
156,堡林,2023-09-24 18:00,24,,1.4,70,63,1008.8,1016.8,.1,.27,,7,,23.5
156,堡林,2023-09-24 19:00,22.1,,1.2,70,73,1008.9,1017,0,.07,,5,,21.3
156,堡林,2023-09-24 20:00,21.2,,1.6,70,74,1009,1017.2,,,,6,,19.8
156,堡林,2023-09-24 21:00,21.9,,2.4,50,68,1009.7,1017.8,,,,9,,20.1
156,堡林,2023-09-24 22:00,20.7,,3,70,73,1009.5,1017.7,,,,9,,19.6
156,堡林,2023-09-24 23:00,20,,3,70,79,1009.4,1017.6,,,,5,,18.5
156,堡林,2023-09-25 00:00,19.6,,1.8,70,81,1009.1,1017.3,,,,3,,18.1
156,堡林,2023-09-25 01:00,19.5,,3,70,82,1008.7,1016.9,,,,9,,18.6
156,堡林,2023-09-25 02:00,19.1,,3.5,70,85,1008.3,1016.5,,,,6,,18.3
156,堡林,2023-09-25 03:00,19.2,,3.4,70,85,1007.9,1016.1,,,,8,,18.6
156,堡林,2023-09-25 04:00,19.2,,2.2,70,85,1007.7,1015.9,,,,8,,18.1
156,堡林,2023-09-25 05:00,19.2,,3,70,86,1007.8,1016,,,,9,,18.6
156,堡林,2023-09-25 06:00,19.4,,2.6,70,86,1008.1,1016.3,,,,8,,18.9
156,堡林,2023-09-25 07:00,19.5,,2.2,70,88,1008.3,1016.5,0,.08,,9,,19.4
156,堡林,2023-09-25 08:00,20.7,,1.7,70,84,1008.6,1016.8,0,.44,,9,,22.2
156,堡林,2023-09-25 09:00,21.2,,1.1,70,83,1008.6,1016.8,0,.65,,10,,24.1
156,堡林,2023-09-25 10:00,22,0,1.4,70,83,1008.6,1016.7,0,.81,,10,,26.1
156,堡林,2023-09-25 11:00,23,,1.1,90,80,1008.3,1016.4,0,1.2,,10,,27.8
156,堡林,2023-09-25 12:00,23.4,,.8,90,79,1007.9,1016,0,1.1,,10,,29
156,堡林,2023-09-25 13:00,24.6,,.4,0,74,1007.3,1015.3,.2,1.76,,10,,32.9
156,堡林,2023-09-25 14:00,25.1,0,.8,50,74,1006.7,1014.7,0,1.36,,10,,29.5
156,堡林,2023-09-25 15:00,25.9,0,2,200,73,1006.1,1014.1,.2,1.48,,8,,32.4
156,堡林,2023-09-25 16:00,26.4,,.8,200,72,1005.9,1013.9,.3,1.45,,6,,34.2
156,堡林,2023-09-25 17:00,25.3,,.7,180,76,1006.2,1014.2,.1,.56,,7,,26.8
156,堡林,2023-09-25 18:00,24.5,,.8,180,83,1006.1,1014.1,0,.23,,9,,24.8
156,堡林,2023-09-25 19:00,24.4,,1.3,200,83,1006.4,1014.4,0,.06,,2,,23.4
156,堡林,2023-09-25 20:00,24,,1.6,230,85,1006.8,1014.8,,,,9,,23.1
156,堡林,2023-09-25 21:00,24,,1.3,200,85,1007.1,1015.1,,,,10,,22.9
156,堡林,2023-09-25 22:00,23.3,,.5,90,91,1007,1015.1,,,,6,,22.8
156,堡林,2023-09-25 23:00,23.5,,0,0,90,1006.6,1014.6,,,,10,,22.7
156,堡林,2023-09-26 00:00,23.4,,1.6,230,90,1006.5,1014.5,,,,10,,22.5
156,堡林,2023-09-26 01:00,23.4,,.3,0,91,1005.9,1013.9,,,,10,,22.2
156,堡林,2023-09-26 02:00,22.9,,0,0,95,1005.4,1013.5,,,,9,,22.4
156,堡林,2023-09-26 03:00,23,,1.7,200,95,1005.1,1013.2,,,,10,,21.9
156,堡林,2023-09-26 04:00,22.9,,1.1,270,97,1004.9,1013,,,,10,,22
156,堡林,2023-09-26 05:00,22.5,,1.4,270,98,1004.9,1013,,,,10,,22.2
156,堡林,2023-09-26 06:00,22.7,,.9,230,99,1005.1,1013.2,,,,9,,22.3
156,堡林,2023-09-26 07:00,22.9,,.9,180,99,1005.6,1013.7,0,.06,,10,,22.5
156,堡林,2023-09-26 08:00,23.6,,2.7,200,98,1005.7,1013.7,0,.24,,10,,23.6
156,堡林,2023-09-26 09:00,23.5,0,1.5,250,99,1006,1014,0,.2,,10,,23.7
156,堡林,2023-09-26 10:00,23.3,.1,.5,230,99,1006.1,1014.1,0,.3,,10,,26.2
156,堡林,2023-09-26 11:00,24.9,,1.7,230,99,1005.8,1013.8,0,1.29,,10,,30.2
156,堡林,2023-09-26 12:00,24.6,,1,250,99,1005.2,1013.2,0,.63,,10,,26.5
156,堡林,2023-09-26 13:00,25.1,,1.7,290,92,1004.7,1012.7,0,.54,,10,,26.9
156,堡林,2023-09-26 14:00,24.8,,2.2,270,90,1004.3,1012.3,0,.87,,10,,28.9
156,堡林,2023-09-26 15:00,24.6,,1.5,270,91,1004,1012,0,.49,,10,,27.4
156,堡林,2023-09-26 16:00,24.9,,1.4,250,89,1003.8,1011.8,.1,.66,,10,,27.7
156,堡林,2023-09-26 17:00,24.8,,2.1,270,90,1004,1012,0,.37,,10,,26.5
156,堡林,2023-09-26 18:00,24.2,,2.6,270,88,1004.4,1012.4,0,.14,,10,,24.6
156,堡林,2023-09-26 19:00,23.8,,1.6,270,90,1004.7,1012.7,0,.06,,7,,23.7
156,堡林,2023-09-26 20:00,23.2,,1,230,97,1005,1013,,,,6,,23.2
156,堡林,2023-09-26 21:00,21.9,0,1.3,230,99,1005.5,1013.6,,,,10,,22.5
156,堡林,2023-09-26 22:00,22.2,,1.6,200,99,1005.4,1013.5,,,,6,,22.2
156,堡林,2023-09-26 23:00,22.1,,2.2,200,99,1005,1013.1,,,,7,,22.4
156,堡林,2023-09-27 00:00,21.4,.2,1.5,230,99,1004.8,1012.9,,,,10,,22.4
156,堡林,2023-09-27 01:00,21.3,.6,1.1,230,99,1004.7,1012.8,,,,10,,22.5
156,堡林,2023-09-27 02:00,21.3,0,1.6,230,99,1004.6,1012.7,,,,10,,22.3
156,堡林,2023-09-27 03:00,21.6,,.7,250,99,1004.6,1012.7,,,,9,,22.4
156,堡林,2023-09-27 04:00,21.5,,.5,230,99,1004.4,1012.5,,,,9,,22.2
156,堡林,2023-09-27 05:00,21.6,,1.2,230,99,1004.5,1012.6,,,,8,,22.3
156,堡林,2023-09-27 06:00,21.7,,.1,0,99,1004.8,1012.9,,,,9,,22
156,堡林,2023-09-27 07:00,21,.2,.7,250,99,1005.1,1013.2,0,.07,,10,,22.3
156,堡林,2023-09-27 08:00,21.3,.1,.4,0,99,1005.4,1013.5,0,.23,,10,,23.5
156,堡林,2023-09-27 09:00,22,0,.9,200,99,1005.5,1013.6,0,.57,,10,,25.8
156,堡林,2023-09-27 10:00,23.1,,.9,200,99,1005.6,1013.7,0,.85,,9,,28.4
156,堡林,2023-09-27 11:00,23.8,,1.2,230,98,1005.4,1013.4,.3,1.57,,10,,29.9
156,堡林,2023-09-27 12:00,24.1,0,1,20,97,1005,1013,0,.86,,9,,30.6
156,堡林,2023-09-27 13:00,24.6,,.4,0,91,1004.2,1012.2,0,1.28,,10,,30.8
156,堡林,2023-09-27 14:00,25,,1.3,320,92,1003.6,1011.6,.1,1.22,,8,,33
156,堡林,2023-09-27 15:00,24.3,,1.5,340,90,1003.3,1011.3,.5,1.43,,9,,29.9
156,堡林,2023-09-27 16:00,23.3,,.5,360,96,1003.4,1011.4,0,.48,,9,,27.2
156,堡林,2023-09-27 17:00,24.2,,.3,0,90,1003.3,1011.3,.4,.84,,8,,27.9
156,堡林,2023-09-27 18:00,22.9,0,2.1,340,95,1003.9,1011.9,.2,.26,,9,,25.1
156,堡林,2023-09-27 19:00,21.7,0,.5,50,99,1004.3,1012.4,0,.06,,6,,22.8
156,堡林,2023-09-27 20:00,22.1,,.3,0,99,1004.9,1013,,,,9,,23
156,堡林,2023-09-27 21:00,21.5,,.3,0,99,1005.6,1013.7,,,,7,,21.9
156,堡林,2023-09-27 22:00,21.6,,.4,0,99,1005.8,1013.9,,,,4,,20.9
156,堡林,2023-09-27 23:00,21.4,,.9,270,99,1005.7,1013.8,,,,6,,21.4
156,堡林,2023-09-28 00:00,21.6,,.4,0,99,1005.6,1013.7,,,,9,,21.8
156,堡林,2023-09-28 01:00,21.4,,.6,230,99,1005.3,1013.4,,,,9,,21.8
156,堡林,2023-09-28 02:00,21.4,,.8,230,99,1005.3,1013.4,,,,9,,21.9
156,堡林,2023-09-28 03:00,21.4,,.6,270,99,1005.5,1013.6,,,,10,,21.8
156,堡林,2023-09-28 04:00,21.4,,.2,0,99,1005.4,1013.5,,,,10,,21.5
156,堡林,2023-09-28 05:00,21,,.1,0,99,1005.6,1013.7,,,,7,,20.5
156,堡林,2023-09-28 06:00,21.1,,0,0,99,1006.3,1014.4,,,,9,,20.9
156,堡林,2023-09-28 07:00,20.8,,.4,0,99,1006.7,1014.9,0,.09,,0,,20.1
156,堡林,2023-09-28 08:00,21.6,,.7,250,99,1007.3,1015.4,.4,.42,,1,,22.5
156,堡林,2023-09-28 09:00,23.1,,.4,0,98,1007.6,1015.7,.9,1.17,,6,,27.8
156,堡林,2023-09-28 10:00,23.4,,.4,0,95,1007.6,1015.7,.1,.82,,7,,28.9
156,堡林,2023-09-28 11:00,25,,.7,360,85,1007.3,1015.4,.9,2.33,,5,,39.3
156,堡林,2023-09-28 12:00,25.2,,.9,20,80,1007,1015,.6,2.27,,8,,39.2
156,堡林,2023-09-28 13:00,25.8,,1.4,340,74,1006.6,1014.6,.5,2.06,,3,,43.2
156,堡林,2023-09-28 14:00,26.4,,1.3,50,69,1005.9,1013.9,.7,2.13,,4,,43.8
156,堡林,2023-09-28 15:00,26.6,,1.2,270,66,1005.4,1013.4,.9,2.29,,2,,42.2
156,堡林,2023-09-28 16:00,26.9,,1.5,320,66,1005.3,1013.3,1,1.92,,1,,38.9
156,堡林,2023-09-28 17:00,26.1,,.8,20,72,1005.6,1013.6,1,1.17,,1,,31.4
156,堡林,2023-09-28 18:00,24.2,,1.5,50,80,1005.7,1013.7,.9,.44,,0,,25.9
156,堡林,2023-09-28 19:00,23,,.7,360,90,1006.1,1014.2,0,.06,,0,,23.1
156,堡林,2023-09-28 20:00,22.2,,1.2,20,95,1006.8,1014.9,,,,1,,21.7
156,堡林,2023-09-28 21:00,21.4,,.6,20,98,1007.5,1015.6,,,,0,,20.6
156,堡林,2023-09-28 22:00,20.8,,.1,0,98,1007.8,1016,,,,2,,19.8
156,堡林,2023-09-28 23:00,20.2,,.5,50,99,1007.9,1016.1,,,,6,,19.2
156,堡林,2023-09-29 00:00,20.2,,0,0,99,1007.7,1015.9,,,,0,,18.6
156,堡林,2023-09-29 01:00,19.7,,0,0,99,1007.4,1015.5,,,,1,,18
156,堡林,2023-09-29 02:00,19.1,,.7,50,99,1007.5,1015.7,,,,0,,17.5
156,堡林,2023-09-29 03:00,18.7,,.7,90,99,1007.1,1015.3,,,,0,,17
156,堡林,2023-09-29 04:00,18.4,,0,0,99,1007.1,1015.3,,,,2,,16.5
156,堡林,2023-09-29 05:00,18.4,,0,0,99,1007.2,1015.4,,,,3,,16.4
156,堡林,2023-09-29 06:00,17.5,,.1,0,99,1007.4,1015.7,,,,0,,15.8
156,堡林,2023-09-29 07:00,16.9,,0,0,99,1008,1016.3,0,.1,,1,,16.2
156,堡林,2023-09-29 08:00,17.7,,0,0,99,1008.1,1016.3,.6,.56,,3,,18.7
156,堡林,2023-09-29 09:00,20.2,,.7,50,99,1008.2,1016.4,1,1.35,,0,,25.6
156,堡林,2023-09-29 10:00,21.4,,1.3,50,91,1008.3,1016.5,.9,1.92,,0,,33.3
156,堡林,2023-09-29 11:00,22.6,,.9,50,86,1008.1,1016.2,1,2.57,,7,,39.1
156,堡林,2023-09-29 12:00,24.7,,.3,0,70,1007.3,1015.3,.9,2.72,,8,,43.4
156,堡林,2023-09-29 13:00,25.7,,.9,360,62,1006.7,1014.7,.9,2.77,,1,,47.1
156,堡林,2023-09-29 14:00,26,,.7,320,67,1005.8,1013.8,.6,2.3,,9,,41.5
156,堡林,2023-09-29 15:00,26.5,,1.3,20,52,1005,1013,.7,2.22,,6,,44.5
156,堡林,2023-09-29 16:00,26,,.8,340,54,1004.7,1012.7,.8,1.58,,8,,38.3
156,堡林,2023-09-29 17:00,24.8,,.8,340,58,1005,1013,.2,.71,,9,,30.7
156,堡林,2023-09-29 18:00,23.5,,.6,20,65,1004.9,1012.9,0,.23,,9,,26.2
156,堡林,2023-09-29 19:00,22.5,,.9,320,73,1005,1013.1,0,.06,,8,,23.5
156,堡林,2023-09-29 20:00,22.2,,.8,70,77,1005.1,1013.2,,,,9,,22.9
156,堡林,2023-09-29 21:00,21.8,,.2,0,81,1005.5,1013.6,,,,9,,22.3
156,堡林,2023-09-29 22:00,21.3,0,1.2,50,86,1005,1013.1,,,,9,,21.5
156,堡林,2023-09-29 23:00,20.6,,.7,70,86,1004.8,1013,,,,8,,20.7
156,堡林,2023-09-30 00:00,20.3,,.3,0,86,1004.1,1012.3,,,,9,,20.6
156,堡林,2023-09-30 01:00,20,,.3,0,89,1004.7,1012.9,,,,9,,20.4
156,堡林,2023-09-30 02:00,19.9,,.6,290,92,1004.8,1013,,,,10,,20.7
156,堡林,2023-09-30 03:00,18.9,0,.9,50,95,1004.6,1012.8,,,,10,,19.7
156,堡林,2023-09-30 04:00,18.4,.1,1.2,70,99,1004.8,1013,,,,10,,19.1
156,堡林,2023-09-30 05:00,16.7,.7,2.7,50,99,1004.9,1013.2,,,,10,,18.4
156,堡林,2023-09-30 06:00,15.6,1,2,70,99,1005.8,1014.1,,,,10,,17.7
156,堡林,2023-09-30 07:00,15.2,.5,1.4,70,99,1005.2,1013.5,0,.07,,10,,17.4
156,堡林,2023-09-30 08:00,15.2,.2,1.1,90,99,1005.2,1013.5,0,.14,,10,,18.1
156,堡林,2023-09-30 09:00,16.2,.1,.5,90,98,1005.3,1013.6,0,.42,,10,,20.5
156,堡林,2023-09-30 10:00,16.9,,.3,0,95,1005.3,1013.6,0,.69,,8,,22.5
156,堡林,2023-09-30 11:00,19,,1,360,82,1004.6,1012.8,.9,2.12,,9,,30.1
156,堡林,2023-09-30 12:00,19.9,,1,360,72,1004.7,1012.9,.5,2.09,,8,,32
156,堡林,2023-09-30 13:00,20.7,,.7,50,67,1003.9,1012,1,2.43,,6,,33
156,堡林,2023-09-30 14:00,22.1,,.9,50,69,1003.1,1011.2,1,2.45,,5,,34.9
156,堡林,2023-09-30 15:00,22.9,,.4,0,67,1002.7,1010.7,.9,2.03,,6,,32.3
156,堡林,2023-09-30 16:00,23.6,,1.5,20,66,1002.6,1010.6,.6,1.21,,4,,31.2
156,堡林,2023-09-30 17:00,22.6,,1.5,50,71,1003,1011.1,.9,1.09,,4,,26.7
156,堡林,2023-09-30 18:00,21.4,,1,360,79,1003.4,1011.5,.6,.37,,6,,23.1
156,堡林,2023-09-30 19:00,19.9,,.5,340,89,1003.9,1012.1,0,.07,,4,,20.1
156,堡林,2023-09-30 20:00,19.7,,.2,0,94,1004.3,1012.4,,,,8,,18.9
156,堡林,2023-09-30 21:00,20,,1.1,50,92,1004.5,1012.7,,,,7,,19.6
156,堡林,2023-09-30 22:00,19,,.1,0,97,1004.5,1012.7,,,,7,,18.5
156,堡林,2023-09-30 23:00,19.1,,0,0,98,1004.6,1012.8,,,,7,,18.2
156,堡林,2023-10-01 00:00,19,,.8,250,99,1004.6,1012.8,,,,4,,18.4
156,堡林,2023-10-01 01:00,18.1,,.6,230,99,1004.4,1012.6,,,,6,,17.1
156,堡林,2023-10-01 02:00,18.1,,.7,340,99,1004.8,1013,,,,7,,18
156,堡林,2023-10-01 03:00,17.5,,0,0,99,1004.5,1012.7,,,,7,,17.3
156,堡林,2023-10-01 04:00,17.7,,.6,50,99,1004.5,1012.7,,,,9,,16.9
156,堡林,2023-10-01 05:00,17.3,,.5,70,99,1004.9,1013.1,,,,6,,16.1
156,堡林,2023-10-01 06:00,17,,.3,0,99,1005.4,1013.7,,,,9,,15.1
156,堡林,2023-10-01 07:00,16.7,,0,0,99,1005.9,1014.2,0,.08,,6,,14.8
156,堡林,2023-10-01 08:00,17.4,,0,0,98,1006.6,1014.8,.4,.39,,1,,15.9
156,堡林,2023-10-01 09:00,19.9,,1,20,76,1007.1,1015.3,1,1.31,,0,,23.8
156,堡林,2023-10-01 10:00,21.3,,1.5,50,65,1007.3,1015.4,1,2.04,,4,,31.2
156,堡林,2023-10-01 11:00,22.2,,2.9,50,56,1007.2,1015.3,1,2.42,,1,,36.9
156,堡林,2023-10-01 12:00,23.2,,2.2,20,45,1006.9,1015,1,2.99,,0,,41.6
156,堡林,2023-10-01 13:00,23.8,,3.1,50,43,1006.4,1014.4,1,3.07,,0,,43.8
156,堡林,2023-10-01 14:00,23.8,,3.4,50,42,1006.1,1014.1,1,2.9,,0,,43.2
156,堡林,2023-10-01 15:00,23.7,,3.4,50,37,1006.1,1014.1,1,2.54,,0,,41
156,堡林,2023-10-01 16:00,23.4,,3.4,50,35,1006.4,1014.4,1,1.95,,0,,36
156,堡林,2023-10-01 17:00,22.5,,2.2,20,36,1006.7,1014.8,1,1.21,,0,,25.9
156,堡林,2023-10-01 18:00,21.2,,2.5,50,38,1007.6,1015.8,1,.47,,0,,20.6
156,堡林,2023-10-01 19:00,19.5,,1.9,50,46,1007.7,1015.9,0,.07,,0,,17.9
156,堡林,2023-10-01 20:00,19,,1.8,50,51,1007.8,1016,,,,0,,16.5
156,堡林,2023-10-01 21:00,17.8,,.3,0,63,1008.9,1017.1,,,,0,,15.4
156,堡林,2023-10-01 22:00,16.9,,0,0,68,1009.3,1017.6,,,,0,,14.6
156,堡林,2023-10-01 23:00,16.7,,1,90,64,1009.4,1017.7,,,,0,,14.1
156,堡林,2023-10-02 00:00,16.4,,.1,0,71,1009.5,1017.8,,,,0,,13.6
156,堡林,2023-10-02 01:00,16.4,,.2,0,77,1009.4,1017.7,,,,1,,13.3
156,堡林,2023-10-02 02:00,15.7,,.8,290,82,1009.8,1018.2,,,,6,,13.2
156,堡林,2023-10-02 03:00,14.6,,.4,0,90,1009.6,1018,,,,8,,13.3
156,堡林,2023-10-02 04:00,13.8,,0,0,94,1009.7,1018.1,,,,8,,12.9
156,堡林,2023-10-02 05:00,14,,.2,0,96,1009.7,1018.1,,,,9,,13.4
156,堡林,2023-10-02 06:00,13.8,,1.2,270,93,1010.3,1018.7,,,,8,,12.9
156,堡林,2023-10-02 07:00,14.1,,0,0,92,1010.4,1018.8,0,.09,,8,,13.6
156,堡林,2023-10-02 08:00,14.6,,0,0,93,1011.1,1019.5,0,.34,,9,,16.1
156,堡林,2023-10-02 09:00,16.3,,.1,0,84,1011.8,1020.1,.4,.86,,8,,21.6
156,堡林,2023-10-02 10:00,18.8,,.4,0,71,1011.9,1020.1,1,2.03,,3,,32.2
156,堡林,2023-10-02 11:00,21.4,,2.4,70,51,1011.2,1019.4,1,2.54,,6,,39.3
156,堡林,2023-10-02 12:00,22.5,,3.6,70,44,1010.3,1018.4,1,2.72,,3,,42.3
156,堡林,2023-10-02 13:00,23.8,,2.9,70,39,1009.4,1017.4,1,3.09,,0,,45.9
156,堡林,2023-10-02 14:00,24.1,,3.2,70,39,1008.6,1016.6,1,2.92,,0,,44.7
156,堡林,2023-10-02 15:00,24.4,,2.2,70,42,1008.1,1016.1,1,2.53,,0,,42.2
156,堡林,2023-10-02 16:00,24.1,,2.3,50,42,1007.9,1015.9,1,1.92,,0,,37.1
156,堡林,2023-10-02 17:00,23.1,,1.7,50,42,1008.3,1016.4,1,1.16,,0,,26.4
156,堡林,2023-10-02 18:00,21.7,,2,20,47,1008.4,1016.5,.7,.38,,0,,21.1
156,堡林,2023-10-02 19:00,20.3,,1.3,70,54,1008.5,1016.7,0,.06,,7,,19.7
156,堡林,2023-10-02 20:00,20.2,,1,70,57,1009.2,1017.4,,,,8,,19.4
156,堡林,2023-10-02 21:00,19.6,,1.9,70,58,1009.3,1017.5,,,,9,,18.5
156,堡林,2023-10-02 22:00,18.9,,.6,90,62,1009.7,1017.9,,,,6,,17.7
156,堡林,2023-10-02 23:00,18.6,,.1,0,68,1010.1,1018.3,,,,9,,17.4
156,堡林,2023-10-03 00:00,18.5,,.5,270,72,1010.2,1018.4,,,,7,,16.2
156,堡林,2023-10-03 01:00,17.7,,.7,50,77,1010.1,1018.4,,,,7,,15.7
156,堡林,2023-10-03 02:00,16.2,,.5,70,82,1010,1018.3,,,,7,,14.8
156,堡林,2023-10-03 03:00,16.5,,.1,0,82,1009.4,1017.7,,,,8,,14.9
156,堡林,2023-10-03 04:00,16,,.4,0,85,1009.1,1017.4,,,,8,,14.9
156,堡林,2023-10-03 05:00,15.3,,1.3,70,89,1009.2,1017.6,,,,8,,14.8
156,堡林,2023-10-03 06:00,16,,1.2,70,83,1009.6,1017.9,,,,9,,15.6
156,堡林,2023-10-03 07:00,16.1,,1.5,70,83,1009.5,1017.8,0,.07,,10,,16.3
156,堡林,2023-10-03 08:00,17,,.8,70,77,1009.7,1018,0,.3,,8,,18.7
156,堡林,2023-10-03 09:00,17.2,,1.4,90,79,1010,1018.3,0,.47,,9,,20.2
156,堡林,2023-10-03 10:00,18.7,,.7,50,77,1010.5,1018.7,0,.77,,9,,23.6
156,堡林,2023-10-03 11:00,18.6,,1.1,70,79,1010.7,1018.9,0,.52,,10,,22.4
156,堡林,2023-10-03 12:00,19,,1.5,70,79,1010.1,1018.3,0,.62,,10,,23.7
156,堡林,2023-10-03 13:00,19.5,,1.7,50,76,1009,1017.2,0,.62,,10,,23.9
156,堡林,2023-10-03 14:00,19.2,,1.8,50,76,1008.7,1016.9,0,.56,,10,,23.6
156,堡林,2023-10-03 15:00,18.7,,2.3,70,80,1008.6,1016.8,0,.42,,10,,21.8
156,堡林,2023-10-03 16:00,16.9,.8,2,50,99,1008.4,1016.7,0,.23,,10,,19.3
156,堡林,2023-10-03 17:00,17,.6,1.2,70,99,1008.7,1017,0,.26,,10,,19.7
156,堡林,2023-10-03 18:00,17,,.9,110,99,1008.5,1016.8,.1,.26,,8,,18.4
156,堡林,2023-10-03 19:00,16.9,,1,110,99,1008.1,1016.4,0,.06,,7,,16.4
156,堡林,2023-10-03 20:00,16.3,,.2,0,99,1009,1017.3,,,,6,,15.4
156,堡林,2023-10-03 21:00,15.9,,1.1,90,99,1009.1,1017.4,,,,0,,14.6
156,堡林,2023-10-03 22:00,15.7,,.8,70,99,1009,1017.4,,,,0,,13.9
156,堡林,2023-10-03 23:00,15.4,,.7,50,99,1009,1017.4,,,,0,,13.4
156,堡林,2023-10-04 00:00,14.7,,.2,0,99,1008.7,1017,,,,0,,12.9
156,堡林,2023-10-04 01:00,14.2,,.3,0,99,1008.6,1017,,,,6,,12.5
156,堡林,2023-10-04 02:00,13.9,,.3,0,99,1008.2,1016.6,,,,0,,12.2
156,堡林,2023-10-04 03:00,13.5,,.6,140,99,1008,1016.4,,,,4,,11.7
156,堡林,2023-10-04 04:00,13.5,,.3,0,99,1008.3,1016.7,,,,5,,11.5
156,堡林,2023-10-04 05:00,13.3,,.8,90,99,1008,1016.4,,,,3,,11.3
156,堡林,2023-10-04 06:00,13.2,,.7,70,99,1008,1016.4,,,,6,,11.9
156,堡林,2023-10-04 07:00,13.4,,.4,0,99,1008.1,1016.5,0,.08,,7,,12.7
156,堡林,2023-10-04 08:00,13.9,,.3,0,99,1008.6,1017,0,.37,,8,,16
156,堡林,2023-10-04 09:00,15.3,,.2,0,99,1008,1016.4,.5,.9,,7,,21
156,堡林,2023-10-04 10:00,21.4,,.5,320,62,1008.2,1016.4,1,1.97,,5,,29.1
156,堡林,2023-10-04 11:00,21,,.3,0,72,1007.8,1016,1,2.56,,4,,34.9
156,堡林,2023-10-04 12:00,21.9,,.7,360,66,1006.6,1014.7,1,2.75,,3,,38.4
156,堡林,2023-10-04 13:00,22.8,,1,360,60,1006,1014.1,1,2.71,,6,,41.5
156,堡林,2023-10-04 14:00,23.5,,1.5,340,55,1005.1,1013.1,1,2.47,,7,,38.3
156,堡林,2023-10-04 15:00,24.4,,1.9,50,53,1004.8,1012.8,1,2.31,,4,,40
156,堡林,2023-10-04 16:00,24.2,,1.6,50,55,1004.6,1012.6,1,1.79,,2,,35.5
156,堡林,2023-10-04 17:00,22.4,,.9,360,68,1005.1,1013.2,.6,.78,,7,,26.9
156,堡林,2023-10-04 18:00,21,,1.2,320,76,1005.5,1013.6,.3,.29,,7,,22.3
156,堡林,2023-10-04 19:00,19.7,,.5,20,78,1005.5,1013.6,0,.06,,9,,20
156,堡林,2023-10-04 20:00,19.9,,.5,290,77,1006,1014.2,,,,8,,19
156,堡林,2023-10-04 21:00,19.6,,.5,270,84,1006.5,1014.6,,,,9,,19.2
156,堡林,2023-10-04 22:00,19.2,,.9,250,89,1006.2,1014.4,,,,10,,18.9
156,堡林,2023-10-04 23:00,18,.5,1.1,230,97,1006.2,1014.4,,,,10,,18.6
156,堡林,2023-10-05 00:00,17.4,.4,.4,0,99,1006.5,1014.7,,,,9,,18
156,堡林,2023-10-05 01:00,18,,.9,20,82,1006.6,1014.8,,,,7,,16.5
156,堡林,2023-10-05 02:00,18.1,,1.3,20,70,1006.7,1014.9,,,,8,,15.6
156,堡林,2023-10-05 03:00,17.9,,2.9,50,56,1006.6,1014.8,,,,9,,14.4
156,堡林,2023-10-05 04:00,16.9,,4.8,50,47,1007.3,1015.6,,,,9,,12.8
156,堡林,2023-10-05 05:00,15.9,,3.6,50,42,1007.5,1015.8,,,,7,,11.5
156,堡林,2023-10-05 06:00,15.3,,2.8,50,47,1008.2,1016.6,,,,9,,11.4
156,堡林,2023-10-05 07:00,15.4,,2.3,50,47,1008.6,1017,0,.08,,8,,11.9
156,堡林,2023-10-05 08:00,14.8,,1.8,70,54,1009.1,1017.4,0,.37,,8,,14.4
156,堡林,2023-10-05 09:00,15.5,,2.3,70,51,1009.4,1017.8,.1,.81,,6,,17.2
156,堡林,2023-10-05 10:00,17.3,,2.7,20,42,1009.3,1017.6,.9,1.98,,0,,27.4
156,堡林,2023-10-05 11:00,18.7,,1.6,50,41,1009.1,1017.3,1,2.64,,0,,34.9
156,堡林,2023-10-05 12:00,19,,2.1,340,39,1008.6,1016.8,1,2.96,,0,,39.4
156,堡林,2023-10-05 13:00,19.4,,2.5,360,36,1008.1,1016.3,1,3.07,,0,,41.6
156,堡林,2023-10-05 14:00,19.9,,3,50,39,1007.5,1015.7,1,2.91,,0,,41.3
156,堡林,2023-10-05 15:00,20.1,,1.5,20,38,1007.3,1015.5,1,2.51,,1,,39
156,堡林,2023-10-05 16:00,19.7,,1.7,360,42,1007.4,1015.5,1,1.92,,2,,33.4
156,堡林,2023-10-05 17:00,18.1,,1.8,20,45,1007.7,1015.9,1,1.09,,5,,22.2
156,堡林,2023-10-05 18:00,17,,1.6,50,53,1008.2,1016.5,.9,.42,,4,,17.7
156,堡林,2023-10-05 19:00,16,,2.4,20,57,1008.6,1016.9,0,.05,,0,,15.1
156,堡林,2023-10-05 20:00,15.4,,1.3,50,59,1009.4,1017.8,,,,0,,13.9
156,堡林,2023-10-05 21:00,14.7,,.5,70,63,1010,1018.4,,,,7,,12.9
156,堡林,2023-10-05 22:00,15.1,,1.1,20,61,1010.3,1018.7,,,,7,,13.8
156,堡林,2023-10-05 23:00,14.9,,.6,90,61,1010.5,1018.9,,,,10,,13.9
156,堡林,2023-10-06 00:00,14.2,,1,50,66,1009.8,1018.2,,,,9,,14.2
156,堡林,2023-10-06 01:00,13.8,,1.8,70,65,1009.9,1018.3,,,,10,,13.8
156,堡林,2023-10-06 02:00,13.7,,1.4,70,64,1010.2,1018.6,,,,10,,13.4
156,堡林,2023-10-06 03:00,14,,1.6,50,62,1010.4,1018.8,,,,9,,13.2
156,堡林,2023-10-06 04:00,14,,1.6,70,59,1010.4,1018.8,,,,8,,13.2
156,堡林,2023-10-06 05:00,13.7,,1.2,70,61,1010.7,1019.1,,,,9,,13.2
156,堡林,2023-10-06 06:00,13.3,,1.6,70,62,1010.6,1019,,,,9,,13.2
156,堡林,2023-10-06 07:00,13,,1.6,50,62,1010.9,1019.3,0,.08,,7,,12.6
156,堡林,2023-10-06 08:00,14.4,,1.8,70,58,1011.7,1020.1,.2,.4,,8,,15.4
156,堡林,2023-10-06 09:00,15.8,,1.6,70,51,1011.8,1020.2,.2,.84,,9,,20
156,堡林,2023-10-06 10:00,17.3,,1.3,70,51,1012.1,1020.4,.6,1.45,,7,,28.2
156,堡林,2023-10-06 11:00,18.8,,1.3,70,46,1011.9,1020.1,.9,2.16,,7,,35.2
156,堡林,2023-10-06 12:00,19.5,,.5,20,48,1011.1,1019.3,.4,1.98,,8,,35
156,堡林,2023-10-06 13:00,20.1,,.7,90,41,1010.1,1018.3,.8,2.28,,8,,41.8
156,堡林,2023-10-06 14:00,20.7,,1.6,320,38,1009.7,1017.9,.5,1.78,,7,,34.7
156,堡林,2023-10-06 15:00,20.3,,1,320,43,1009.3,1017.5,.1,1.26,,9,,29.9
156,堡林,2023-10-06 16:00,19.9,,.7,20,48,1009.6,1017.8,0,.73,,9,,26.7
156,堡林,2023-10-06 17:00,19.1,,1.2,360,47,1009.8,1018,.1,.56,,9,,23.1
156,堡林,2023-10-06 18:00,18.2,,1.2,340,54,1010.6,1018.8,0,.14,,9,,19.4
156,堡林,2023-10-06 19:00,17.5,,1.6,50,59,1011,1019.3,0,.05,,10,,17.9
156,堡林,2023-10-06 20:00,16.7,,.9,50,62,1011.2,1019.5,,,,10,,17.3
156,堡林,2023-10-06 21:00,17,,.4,0,63,1012.1,1020.4,,,,9,,16.8
156,堡林,2023-10-06 22:00,16.6,,.7,70,66,1012.1,1020.4,,,,10,,16.4
156,堡林,2023-10-06 23:00,16.2,,1.9,70,67,1012.2,1020.6,,,,10,,16.1
156,堡林,2023-10-07 00:00,15.6,,1.4,70,70,1012.5,1020.9,,,,9,,15.8
156,堡林,2023-10-07 01:00,15.7,,1.5,70,67,1012.4,1020.8,,,,10,,15.5
156,堡林,2023-10-07 02:00,15.2,,1.5,70,70,1012.2,1020.6,,,,10,,15.4
156,堡林,2023-10-07 03:00,15.4,,.8,70,68,1011.9,1020.3,,,,9,,15.4
156,堡林,2023-10-07 04:00,15.4,,1.2,50,66,1011.6,1020,,,,9,,15.1
156,堡林,2023-10-07 05:00,15.3,,.7,50,67,1011.8,1020.2,,,,9,,14.7
156,堡林,2023-10-07 06:00,15,,.7,250,81,1012.4,1020.8,,,,9,,14.3
156,堡林,2023-10-07 07:00,14.7,,.5,270,85,1013.1,1021.5,0,.08,,9,,14.6
156,堡林,2023-10-07 08:00,15.1,,.1,0,87,1013.7,1022.1,0,.31,,7,,17
156,堡林,2023-10-07 09:00,16.8,,.8,50,73,1013.7,1022,.5,.96,,10,,22.5
156,堡林,2023-10-07 10:00,17.4,,1.1,70,60,1014.1,1022.4,0,.88,,10,,23.8
156,堡林,2023-10-07 11:00,18.7,,.7,70,57,1013.7,1021.9,.3,1.61,,7,,31.2
156,堡林,2023-10-07 12:00,19.7,,.6,90,55,1013.3,1021.5,.1,1.62,,9,,30.9
156,堡林,2023-10-07 13:00,20.1,,.8,50,56,1013,1021.3,0,1.12,,10,,28.8
156,堡林,2023-10-07 14:00,20.3,,.5,90,62,1012.4,1020.6,0,.81,,10,,28.6
156,堡林,2023-10-07 15:00,20,,.8,90,70,1012.4,1020.7,0,.6,,10,,25.8
156,堡林,2023-10-07 16:00,19.9,,1,90,69,1012.5,1020.8,0,.5,,10,,24.4
156,堡林,2023-10-07 17:00,19.4,,.3,0,72,1012.8,1021,0,.26,,10,,22
156,堡林,2023-10-07 18:00,19.4,,1.1,200,71,1012.9,1021.1,0,.12,,10,,19.8
156,堡林,2023-10-07 19:00,19,,.6,200,74,1013.5,1021.7,0,.05,,10,,18.9
156,堡林,2023-10-07 20:00,19,,1.9,200,76,1014,1022.2,,,,10,,18.7
156,堡林,2023-10-07 21:00,17.9,0,2,200,88,1014.5,1022.8,,,,10,,17.4
156,堡林,2023-10-07 22:00,17.4,0,.8,180,90,1014.4,1022.7,,,,10,,17.1
156,堡林,2023-10-07 23:00,16.6,.1,.4,0,99,1014.5,1022.9,,,,10,,17
156,堡林,2023-10-08 00:00,16,0,.1,0,99,1014.7,1023.1,,,,10,,16.8
156,堡林,2023-10-08 01:00,15.6,0,1,70,99,1014.3,1022.7,,,,10,,16.5
156,堡林,2023-10-08 02:00,15.4,0,1.9,70,99,1014.3,1022.7,,,,10,,16.5
156,堡林,2023-10-08 03:00,15.3,.8,1.4,70,99,1014.2,1022.6,,,,10,,16.3
156,堡林,2023-10-08 04:00,15.3,.2,1.7,70,99,1013.7,1022.1,,,,10,,16.3
156,堡林,2023-10-08 05:00,15,.2,1.9,70,99,1013.4,1021.8,,,,10,,16.1
156,堡林,2023-10-08 06:00,15.2,,1.8,70,99,1013.3,1021.7,,,,10,,16.1
156,堡林,2023-10-08 07:00,15,0,2,70,99,1013.6,1022,0,.07,,10,,16.1
156,堡林,2023-10-08 08:00,15.2,.2,1.5,70,99,1013.6,1022,0,.15,,10,,16.8
156,堡林,2023-10-08 09:00,16.3,,2.2,70,99,1013.7,1022.1,0,.4,,10,,19.3
156,堡林,2023-10-08 10:00,17.8,,2.2,70,97,1013.5,1021.8,0,.85,,10,,22.6
156,堡林,2023-10-08 11:00,18.7,,2,70,86,1013.6,1021.8,.1,1.27,,10,,23.6
156,堡林,2023-10-08 12:00,19.4,,1.5,70,85,1013,1021.2,0,.96,,10,,23.4
156,堡林,2023-10-08 13:00,20.4,0,1.5,70,75,1012.5,1020.7,0,1.38,,9,,28.1
156,堡林,2023-10-08 14:00,20.7,,2,70,69,1011.8,1020,.2,1.66,,6,,29.9
156,堡林,2023-10-08 15:00,22.5,,1.4,70,61,1011.5,1019.6,1,2.23,,3,,34.8
156,堡林,2023-10-08 16:00,21.7,,2.2,70,63,1011.5,1019.7,.6,1.43,,8,,30.6
156,堡林,2023-10-08 17:00,20.8,,2.1,70,66,1011.6,1019.8,.8,1.09,,7,,24.9
156,堡林,2023-10-08 18:00,19.6,,1.9,70,71,1011.6,1019.8,.7,.38,,3,,20.8
156,堡林,2023-10-08 19:00,19.2,,2.2,70,74,1012.3,1020.5,0,.05,,7,,19.3
156,堡林,2023-10-08 20:00,18.6,,1,70,75,1013,1021.2,,,,2,,18.3
156,堡林,2023-10-08 21:00,18,,1.2,50,76,1013,1021.3,,,,7,,17.5
156,堡林,2023-10-08 22:00,18,,1.4,70,76,1013,1021.3,,,,9,,17.7
156,堡林,2023-10-08 23:00,17.8,,1.3,50,76,1012.7,1021,,,,10,,17.5
156,堡林,2023-10-09 00:00,17,,1.3,70,82,1012.8,1021.1,,,,9,,17
156,堡林,2023-10-09 01:00,17.2,,2.7,70,82,1012.3,1020.6,,,,9,,16.8
156,堡林,2023-10-09 02:00,16.5,,1.7,70,88,1012.2,1020.5,,,,8,,16.1
156,堡林,2023-10-09 03:00,16.3,,1.4,70,90,1011.6,1019.9,,,,8,,16.2
156,堡林,2023-10-09 04:00,16.4,,1,90,88,1011.8,1020.1,,,,8,,15.6
156,堡林,2023-10-09 05:00,16.2,,0,0,89,1011.9,1020.3,,,,7,,15.6
156,堡林,2023-10-09 06:00,15.9,,.8,50,94,1012,1020.4,,,,8,,15.8
156,堡林,2023-10-09 07:00,16.1,,0,0,94,1011.7,1020.1,0,.09,,9,,16.1
156,堡林,2023-10-09 08:00,17.3,,.7,50,90,1012.1,1020.4,0,.3,,9,,18.4
156,堡林,2023-10-09 09:00,18.2,,.6,50,82,1012.5,1020.8,.1,.72,,9,,21.8
156,堡林,2023-10-09 10:00,19.7,,.7,70,77,1012.4,1020.6,.2,1.08,,9,,26.5
156,堡林,2023-10-09 11:00,20.8,,.1,0,75,1012.2,1020.4,.1,1.49,,8,,30.9
156,堡林,2023-10-09 12:00,21.4,,.7,320,70,1011.5,1019.7,.4,1.63,,9,,36.1
156,堡林,2023-10-09 13:00,22.3,,1.3,340,61,1011.3,1019.4,.4,1.92,,3,,40.4
156,堡林,2023-10-09 14:00,22.8,,.9,340,59,1010.2,1018.3,.9,2.39,,7,,38.2
156,堡林,2023-10-09 15:00,22.6,,1.2,320,60,1009.9,1018,.2,1.26,,9,,32.6
156,堡林,2023-10-09 16:00,21.9,,1.2,340,63,1010,1018.1,.2,.95,,9,,28.7
156,堡林,2023-10-09 17:00,21.4,,.9,20,66,1010.3,1018.5,.4,.72,,4,,25.3
156,堡林,2023-10-09 18:00,20.3,,1.1,290,69,1010.8,1019,.5,.29,,3,,20.4
156,堡林,2023-10-09 19:00,19.7,,.8,290,74,1011.3,1019.5,0,.05,,2,,18.7
156,堡林,2023-10-09 20:00,18.6,,.4,0,83,1012,1020.2,,,,6,,17.1
156,堡林,2023-10-09 21:00,18,,1.3,320,83,1012.3,1020.6,,,,8,,16.2
156,堡林,2023-10-09 22:00,17.4,,.3,0,86,1012.1,1020.4,,,,7,,15.8
156,堡林,2023-10-09 23:00,17.1,,.4,0,89,1012.5,1020.8,,,,9,,15.6
156,堡林,2023-10-10 00:00,17.1,,0,0,92,1012.3,1020.6,,,,8,,15.5
156,堡林,2023-10-10 01:00,16.6,,.2,0,97,1012,1020.3,,,,5,,14
156,堡林,2023-10-10 02:00,16.2,,0,0,98,1012.3,1020.7,,,,5,,13.4
156,堡林,2023-10-10 03:00,15.3,,.3,0,99,1011.9,1020.3,,,,0,,13
156,堡林,2023-10-10 04:00,15.7,,.3,0,99,1011.8,1020.2,,,,0,,12.5
156,堡林,2023-10-10 05:00,15,,.4,0,97,1011.7,1020.1,,,,0,,12.2
156,堡林,2023-10-10 06:00,15.3,,.7,70,97,1012.1,1020.5,,,,0,,11.8
156,堡林,2023-10-10 07:00,14.8,,.1,0,98,1012.2,1020.6,0,.08,,0,,11.7
156,堡林,2023-10-10 08:00,16,,1.3,50,92,1013,1021.4,.6,.47,,0,,13.5
156,堡林,2023-10-10 09:00,18.1,,1.9,50,76,1013.5,1021.8,1,1.26,,0,,21.9
156,堡林,2023-10-10 10:00,18.3,,1.1,360,72,1013.7,1022,1,1.75,,2,,26.5
156,堡林,2023-10-10 11:00,19.5,,2.5,50,61,1013.4,1021.6,.8,1.9,,3,,32
156,堡林,2023-10-10 12:00,20.8,,1.7,50,56,1012.9,1021.1,1,2.61,,3,,41.2
156,堡林,2023-10-10 13:00,21.3,,1.5,50,55,1011.8,1020,1,2.73,,4,,41
156,堡林,2023-10-10 14:00,22,,2.2,70,54,1011.4,1019.5,1,2.5,,6,,39.2
156,堡林,2023-10-10 15:00,21.7,,1.3,50,54,1011.2,1019.4,1,1.84,,7,,36.2
156,堡林,2023-10-10 16:00,21,,1.6,50,58,1011.5,1019.7,.7,1.15,,8,,29.4
156,堡林,2023-10-10 17:00,20.5,,2,50,60,1011.6,1019.8,.1,.61,,7,,24.3
156,堡林,2023-10-10 18:00,19.6,,.9,50,71,1012.2,1020.4,0,.22,,4,,20.2
156,堡林,2023-10-10 19:00,18.4,,.7,340,81,1012.9,1021.2,0,.05,,9,,18.5
156,堡林,2023-10-10 20:00,17.8,,.4,0,84,1013.4,1021.7,,,,8,,16.7
156,堡林,2023-10-10 21:00,17.3,,.8,70,87,1013.7,1022,,,,6,,16.3
156,堡林,2023-10-10 22:00,16.8,,2.2,70,92,1014,1022.3,,,,6,,15.5
156,堡林,2023-10-10 23:00,16.2,,1.4,70,94,1014.2,1022.6,,,,7,,14.7
156,堡林,2023-10-11 00:00,15.7,,1.6,70,98,1014.2,1022.6,,,,3,,13.8
156,堡林,2023-10-11 01:00,15.7,,.9,50,98,1014.5,1022.9,,,,0,,13
156,堡林,2023-10-11 02:00,15,,.3,0,98,1014.9,1023.3,,,,0,,12.5
156,堡林,2023-10-11 03:00,14.9,,.7,90,99,1014.7,1023.1,,,,0,,12.2
156,堡林,2023-10-11 04:00,14.2,,.5,90,99,1014.7,1023.1,,,,0,,11.8
156,堡林,2023-10-11 05:00,13.9,,.8,90,99,1015,1023.4,,,,0,,11.8
156,堡林,2023-10-11 06:00,13.6,,.7,90,99,1015.4,1023.9,,,,0,,11.1
156,堡林,2023-10-11 07:00,13.9,,0,0,99,1015.8,1024.2,0,.07,,0,,11.2
156,堡林,2023-10-11 08:00,14.7,,.8,90,99,1016.5,1024.9,.5,.46,,0,,13
156,堡林,2023-10-11 09:00,17.5,,1.1,70,82,1017,1025.3,1,1.23,,0,,22.4
156,堡林,2023-10-11 10:00,19.6,,.6,50,70,1016.9,1025.1,1,1.91,,0,,32.1
156,堡林,2023-10-11 11:00,21.3,,.5,90,64,1016.4,1024.6,1,2.41,,0,,39.7
156,堡林,2023-10-11 12:00,22.9,,.8,200,56,1015.6,1023.7,1,2.74,,0,,43.9
156,堡林,2023-10-11 13:00,23,,1.1,50,45,1015,1023.1,1,2.73,,2,,45.8
156,堡林,2023-10-11 14:00,23.5,,.3,0,42,1014.6,1022.7,.8,2.1,,2,,42
156,堡林,2023-10-11 15:00,23.8,,2.2,70,40,1014.3,1022.4,1,2.32,,2,,40.6
156,堡林,2023-10-11 16:00,23.8,,.9,70,42,1014.2,1022.3,1,1.72,,1,,35.6
156,堡林,2023-10-11 17:00,22.7,,.8,360,46,1014.2,1022.3,1,.94,,0,,24.7
156,堡林,2023-10-11 18:00,21.1,,1.9,340,60,1014.4,1022.6,.8,.3,,0,,20.2
156,堡林,2023-10-11 19:00,19.9,,.9,50,65,1014.9,1023.2,0,.05,,4,,17.3
156,堡林,2023-10-11 20:00,19.4,,0,0,69,1015.4,1023.6,,,,0,,15.6
156,堡林,2023-10-11 21:00,18.6,,1.1,70,68,1015.8,1024.1,,,,5,,15.7
156,堡林,2023-10-11 22:00,17.8,,1.4,70,71,1016.3,1024.6,,,,5,,14.7
156,堡林,2023-10-11 23:00,17.2,,0,0,79,1016.5,1024.8,,,,6,,14.3
156,堡林,2023-10-12 00:00,16.7,,.2,0,79,1016.5,1024.9,,,,0,,13.3
156,堡林,2023-10-12 01:00,16,,.6,70,85,1016.4,1024.8,,,,0,,12.6
156,堡林,2023-10-12 02:00,15.3,,.6,90,89,1016.6,1025,,,,4,,12.2
156,堡林,2023-10-12 03:00,14.9,,.5,90,88,1016.5,1025,,,,0,,11.9
156,堡林,2023-10-12 04:00,14.3,,0,0,94,1016.5,1024.9,,,,0,,11.4
156,堡林,2023-10-12 05:00,14,,.2,0,95,1016.6,1025,,,,0,,11
156,堡林,2023-10-12 06:00,13.7,,.4,0,93,1016.8,1025.3,,,,0,,10.6
156,堡林,2023-10-12 07:00,13.4,,.4,0,96,1017.2,1025.7,0,.08,,0,,10.9
156,堡林,2023-10-12 08:00,14.6,,.1,0,90,1017.4,1025.8,.5,.43,,0,,12.8
156,堡林,2023-10-12 09:00,17.3,,.9,90,75,1017.9,1026.2,1,1.22,,0,,22.7
156,堡林,2023-10-12 10:00,19.9,,1,70,55,1017.8,1026.1,1,1.92,,1,,32.6
156,堡林,2023-10-12 11:00,21.4,,1.4,90,57,1017.3,1025.5,1,2.47,,3,,40.4
156,堡林,2023-10-12 12:00,22.5,,2.1,70,43,1016.1,1024.3,1,2.84,,4,,44.6
156,堡林,2023-10-12 13:00,23.5,,2.3,70,37,1014.9,1023,1,2.91,,0,,45.7
156,堡林,2023-10-12 14:00,23.9,,1.6,70,35,1014.3,1022.4,1,2.67,,0,,44.7
156,堡林,2023-10-12 15:00,23.6,,2.2,70,39,1013.7,1021.8,1,2.06,,3,,38.6
156,堡林,2023-10-12 16:00,23.5,,1.4,50,36,1013.8,1021.9,1,1.68,,3,,35.2
156,堡林,2023-10-12 17:00,22.3,,.7,50,40,1013.7,1021.9,.9,.8,,8,,24.2
156,堡林,2023-10-12 18:00,20.4,,1,90,47,1013.7,1021.9,.3,.26,,8,,19.8
156,堡林,2023-10-12 19:00,20.3,,.4,0,56,1014.1,1022.3,0,.05,,6,,16.7
156,堡林,2023-10-12 20:00,18.8,,.9,140,63,1014.5,1022.7,,,,7,,15.8
156,堡林,2023-10-12 21:00,18.2,,1.6,70,63,1014.4,1022.7,,,,7,,15.7
156,堡林,2023-10-12 22:00,18.2,,.4,0,64,1014.7,1023,,,,8,,15.5
156,堡林,2023-10-12 23:00,17.2,,.8,180,70,1014.8,1023.1,,,,10,,15.1
156,堡林,2023-10-13 00:00,16.8,,.8,180,74,1014.5,1022.8,,,,8,,14.4
156,堡林,2023-10-13 01:00,16.6,,.4,0,74,1014.1,1022.4,,,,8,,14.3
156,堡林,2023-10-13 02:00,16.4,,.2,0,81,1013.7,1022.1,,,,10,,14.3
156,堡林,2023-10-13 03:00,15.5,,.7,70,84,1013.1,1021.5,,,,7,,13.4
156,堡林,2023-10-13 04:00,15,,0,0,83,1012.8,1021.2,,,,7,,13.3
156,堡林,2023-10-13 05:00,14.9,,.4,0,82,1012.7,1021.1,,,,9,,13.2
156,堡林,2023-10-13 06:00,14.6,,.3,0,84,1012.7,1021.1,,,,9,,12.8
156,堡林,2023-10-13 07:00,14.6,,.5,50,87,1012.7,1021.1,0,.07,,6,,13
156,堡林,2023-10-13 08:00,15.4,,.4,0,83,1012.8,1021.2,0,.36,,9,,16.3
156,堡林,2023-10-13 09:00,16.4,,1.1,70,77,1012.7,1021,0,.67,,9,,20.4
156,堡林,2023-10-13 10:00,18.1,,.9,50,69,1012.3,1020.6,.2,1.06,,9,,26.7
156,堡林,2023-10-13 11:00,19.9,,.4,0,63,1011.7,1019.9,.3,1.49,,9,,31.8
156,堡林,2023-10-13 12:00,20.6,,.7,340,58,1010.5,1018.7,.4,1.78,,9,,35.3
156,堡林,2023-10-13 13:00,21.1,,.6,250,56,1009.5,1017.7,.1,1.71,,9,,34.6
156,堡林,2023-10-13 14:00,21.8,,.9,250,50,1008.4,1016.5,.1,1.47,,9,,34.8
156,堡林,2023-10-13 15:00,22,,.5,20,51,1007.6,1015.7,.1,1.35,,9,,33
156,堡林,2023-10-13 16:00,21.5,,.6,290,53,1007.3,1015.4,0,.85,,10,,28
156,堡林,2023-10-13 17:00,21,,.7,20,56,1007.4,1015.6,0,.37,,10,,23.8
156,堡林,2023-10-13 18:00,20.1,,.9,50,59,1007.2,1015.4,0,.14,,9,,20.4
156,堡林,2023-10-13 19:00,19.6,,.5,20,59,1007.2,1015.3,0,.06,,5,,18.7
156,堡林,2023-10-13 20:00,18.7,,.1,0,67,1007.3,1015.5,,,,9,,17.8
156,堡林,2023-10-13 21:00,18.4,,.6,90,68,1007.5,1015.7,,,,10,,17.3
156,堡林,2023-10-13 22:00,18.1,,0,0,73,1007.6,1015.8,,,,10,,16.6
156,堡林,2023-10-13 23:00,17.6,,0,0,80,1007.2,1015.4,,,,9,,15.6
156,堡林,2023-10-14 00:00,17,,0,0,83,1006.6,1014.9,,,,9,,14.6
156,堡林,2023-10-14 01:00,16.1,,.6,270,94,1006.2,1014.5,,,,6,,13.3
156,堡林,2023-10-14 02:00,15.6,,.7,90,97,1005.7,1014,,,,6,,12.9
156,堡林,2023-10-14 03:00,15.2,,.5,90,98,1005,1013.3,,,,7,,12.5
156,堡林,2023-10-14 04:00,14.6,,.6,50,99,1004.7,1013,,,,6,,11.6
156,堡林,2023-10-14 05:00,13.4,,.1,0,99,1004.6,1013,,,,2,,10.9
156,堡林,2023-10-14 06:00,13.3,,.4,0,99,1004.5,1012.9,,,,7,,11.7
156,堡林,2023-10-14 07:00,14,,0,0,99,1004.5,1012.8,0,.07,,8,,13.4
156,堡林,2023-10-14 08:00,14.6,,.7,70,98,1004.4,1012.7,.1,.3,,8,,15.7
156,堡林,2023-10-14 09:00,16.6,,.2,0,89,1004.6,1012.9,.8,1.04,,6,,22.6
156,堡林,2023-10-14 10:00,18.4,,.6,250,85,1004.5,1012.7,.7,1.62,,7,,32.6
156,堡林,2023-10-14 11:00,20,,1,270,68,1004,1012.2,.9,2.23,,8,,37.4
156,堡林,2023-10-14 12:00,21.7,,1.3,250,69,1003.2,1011.3,.5,1.81,,8,,41.7
156,堡林,2023-10-14 13:00,20.7,,2.3,270,63,1002.1,1010.2,.4,1.65,,8,,32.7
156,堡林,2023-10-14 14:00,20.7,,2.2,270,61,1001.5,1009.6,.3,1.17,,8,,27.7
156,堡林,2023-10-14 15:00,22.3,,2.2,290,52,1001,1009.1,1,2.09,,2,,37.2
156,堡林,2023-10-14 16:00,20.4,,2.3,270,61,1000.8,1008.9,.6,1.03,,4,,27
156,堡林,2023-10-14 17:00,19.9,,2.1,270,62,1001,1009.2,.5,.6,,4,,22.5
156,堡林,2023-10-14 18:00,19.3,,1.4,270,61,1001.4,1009.5,.1,.15,,8,,19.6
156,堡林,2023-10-14 19:00,18,0,1.9,270,77,1001.7,1009.9,0,.05,,10,,17.7
156,堡林,2023-10-14 20:00,16.4,0,1.2,230,86,1002,1010.3,,,,6,,15.6
156,堡林,2023-10-14 21:00,16.3,0,.8,250,91,1002.1,1010.4,,,,10,,15.6
156,堡林,2023-10-14 22:00,15.5,0,.9,270,96,1002.5,1010.8,,,,4,,13.9
156,堡林,2023-10-14 23:00,15.4,,.6,270,97,1002.4,1010.7,,,,5,,12.8
156,堡林,2023-10-15 00:00,14.9,,.8,270,98,1002.4,1010.7,,,,2,,11.9
156,堡林,2023-10-15 01:00,14.4,,.5,250,99,1002.5,1010.8,,,,2,,11.5
156,堡林,2023-10-15 02:00,14.1,,.3,0,99,1002.5,1010.8,,,,2,,11.3
156,堡林,2023-10-15 03:00,14,,.6,200,99,1002.3,1010.6,,,,0,,11
156,堡林,2023-10-15 04:00,14,,.7,230,99,1002.1,1010.4,,,,9,,12.3
156,堡林,2023-10-15 05:00,14,,.5,270,99,1002.4,1010.7,,,,8,,12.3
156,堡林,2023-10-15 06:00,13.8,0,.5,270,99,1003,1011.3,,,,5,,12.8
156,堡林,2023-10-15 07:00,13.5,,.6,250,99,1003.2,1011.6,0,.07,,0,,11.4
156,堡林,2023-10-15 08:00,14.1,,.5,250,99,1003.7,1012,.4,.39,,0,,14
156,堡林,2023-10-15 09:00,15.8,,.5,200,98,1004.3,1012.6,1,1.1,,0,,21.2
156,堡林,2023-10-15 10:00,18.2,,1.3,250,85,1004.3,1012.5,1,1.74,,3,,30.1
156,堡林,2023-10-15 11:00,19,,1.2,290,79,1004.2,1012.4,.9,2.04,,7,,33.6
156,堡林,2023-10-15 12:00,20.8,,2.5,320,64,1003.8,1011.9,.5,1.72,,7,,40.8
156,堡林,2023-10-15 13:00,21.8,,2.3,320,60,1003.4,1011.5,.7,2.03,,7,,40.8
156,堡林,2023-10-15 14:00,21.5,,2.1,320,55,1002.9,1011,1,2.43,,6,,38.9
156,堡林,2023-10-15 15:00,21.3,,1.6,360,56,1003,1011.1,.9,1.97,,4,,37.7
156,堡林,2023-10-15 16:00,20.6,,1.8,340,56,1003.4,1011.5,.9,1.39,,0,,31
156,堡林,2023-10-15 17:00,19.7,,1.6,320,60,1003.8,1011.9,1,.9,,0,,21.7
156,堡林,2023-10-15 18:00,18.5,,1.5,340,67,1004.6,1012.8,.7,.25,,0,,17.3
156,堡林,2023-10-15 19:00,17.7,,1.4,320,76,1005.3,1013.5,,,,0,,15.1
156,堡林,2023-10-15 20:00,16.7,,.3,0,84,1005.9,1014.2,,,,0,,13.9
156,堡林,2023-10-15 21:00,17.2,,.2,0,85,1006.2,1014.5,,,,4,,13.4
156,堡林,2023-10-15 22:00,16.5,,1,200,89,1006.2,1014.5,,,,8,,13.1
156,堡林,2023-10-15 23:00,15.6,,.1,0,94,1006.5,1014.8,,,,0,,11.9
156,堡林,2023-10-16 00:00,15,,.1,0,97,1006.5,1014.9,,,,0,,11.2
156,堡林,2023-10-16 01:00,14.6,,.3,0,98,1006.8,1015.1,,,,0,,10.7
156,堡林,2023-10-16 02:00,14.6,,.7,230,99,1007,1015.3,,,,0,,10.5
156,堡林,2023-10-16 03:00,14,,.3,0,99,1006.7,1015.1,,,,2,,10.9
156,堡林,2023-10-16 04:00,13.9,,.9,270,99,1006.7,1015.1,,,,3,,11.1
156,堡林,2023-10-16 05:00,13.6,,.5,290,99,1007.1,1015.5,,,,3,,11.2
156,堡林,2023-10-16 06:00,13.1,,.2,0,99,1007.6,1016,,,,2,,10.4
156,堡林,2023-10-16 07:00,13.2,,0,0,99,1007.8,1016.2,0,.07,,2,,10.9
156,堡林,2023-10-16 08:00,14.1,,.1,0,99,1008.5,1016.9,.5,.36,,0,,12.8
156,堡林,2023-10-16 09:00,16.8,,.6,250,93,1009,1017.3,1,1.15,,0,,22
156,堡林,2023-10-16 10:00,18,,.9,290,69,1008.8,1017,1,1.79,,2,,29.7
156,堡林,2023-10-16 11:00,19.1,,1.2,320,57,1008.6,1016.8,.8,2.06,,6,,37.7
156,堡林,2023-10-16 12:00,19.8,,1.7,320,54,1008.2,1016.3,.9,2.47,,4,,40.7
156,堡林,2023-10-16 13:00,19.1,,1.4,270,53,1007.5,1015.7,.9,2.47,,0,,40.7
156,堡林,2023-10-16 14:00,19.6,,1.9,290,52,1007.2,1015.3,1,2.66,,0,,41.5
156,堡林,2023-10-16 15:00,19.7,,1.8,290,51,1007.3,1015.4,1,2.17,,0,,37
156,堡林,2023-10-16 16:00,19,,1.9,340,53,1007.6,1015.8,1,1.52,,0,,31.6
156,堡林,2023-10-16 17:00,17.6,,1.1,360,60,1007.8,1016,1,.91,,0,,19.9
156,堡林,2023-10-16 18:00,16,,1.9,320,66,1008.2,1016.5,.6,.25,,0,,15.7
156,堡林,2023-10-16 19:00,15.3,,.9,20,69,1009,1017.4,,,,0,,13.2
156,堡林,2023-10-16 20:00,14.5,,.9,50,73,1009.3,1017.7,,,,0,,11.8
156,堡林,2023-10-16 21:00,14.2,,.5,20,74,1009.6,1018,,,,0,,10.6
156,堡林,2023-10-16 22:00,13.7,,.5,20,76,1010,1018.4,,,,0,,9.8
156,堡林,2023-10-16 23:00,13.1,,0,0,81,1010,1018.4,,,,0,,8.9
156,堡林,2023-10-17 00:00,12.5,,.1,0,86,1010,1018.5,,,,0,,8.5
156,堡林,2023-10-17 01:00,12.3,,0,0,91,1010.3,1018.8,,,,0,,8.2
156,堡林,2023-10-17 02:00,11.7,,.2,0,96,1010.5,1019,,,,0,,7.8
156,堡林,2023-10-17 03:00,11,,.3,0,98,1010.5,1019,,,,0,,7.5
156,堡林,2023-10-17 04:00,10.8,,.6,270,99,1010.4,1018.9,,,,0,,7.2
156,堡林,2023-10-17 05:00,10.1,,.5,290,99,1010.6,1019.2,,,,0,,6.9
156,堡林,2023-10-17 06:00,9.7,,.4,0,99,1010.9,1019.4,,,,0,,6.4
156,堡林,2023-10-17 07:00,9.5,,0,0,99,1011.3,1019.8,0,.07,,0,,6.5
156,堡林,2023-10-17 08:00,10.6,,.5,290,98,1011.9,1020.4,.5,.4,,0,,8.4
156,堡林,2023-10-17 09:00,13.8,,.6,320,84,1012.6,1021,1,1.22,,0,,19.2
156,堡林,2023-10-17 10:00,16.1,,.9,20,62,1012.6,1021,1,1.89,,0,,30.7
156,堡林,2023-10-17 11:00,17.5,,.7,360,56,1012.3,1020.6,1,2.41,,0,,37.6
156,堡林,2023-10-17 12:00,18.7,,.9,340,52,1011.9,1020.1,1,2.71,,0,,42.3
156,堡林,2023-10-17 13:00,20.1,,.9,250,42,1011.1,1019.3,1,2.79,,0,,44.1
156,堡林,2023-10-17 14:00,21.2,,1.3,20,39,1010.5,1018.7,1,2.63,,0,,43.5
156,堡林,2023-10-17 15:00,20.8,,1.7,250,41,1010.2,1018.4,1,2.22,,0,,39.4
156,堡林,2023-10-17 16:00,21.3,,1.6,340,43,1010.4,1018.6,1,1.64,,0,,33.1
156,堡林,2023-10-17 17:00,19.4,,1.1,340,54,1010.5,1018.7,1,.89,,0,,21
156,堡林,2023-10-17 18:00,17.9,,1.7,320,59,1011.2,1019.5,.7,.24,,0,,16.5
156,堡林,2023-10-17 19:00,16.1,,.1,0,68,1011.7,1020.1,,,,0,,13.3
156,堡林,2023-10-17 20:00,15.4,,.4,0,73,1012.1,1020.5,,,,0,,11.8
156,堡林,2023-10-17 21:00,14.7,,.3,0,77,1012.3,1020.7,,,,0,,10.4
156,堡林,2023-10-17 22:00,14,,.3,0,80,1012.8,1021.2,,,,0,,9.6
156,堡林,2023-10-17 23:00,13.6,,.2,0,86,1013,1021.4,,,,0,,8.9
156,堡林,2023-10-18 00:00,12.8,,.5,200,91,1013,1021.5,,,,0,,8.4
156,堡林,2023-10-18 01:00,12.3,,.6,270,96,1013.1,1021.6,,,,0,,8
156,堡林,2023-10-18 02:00,11.7,,.8,70,97,1012.9,1021.4,,,,0,,7.5
156,堡林,2023-10-18 03:00,10.9,,.2,0,99,1013.3,1021.8,,,,0,,7.4
156,堡林,2023-10-18 04:00,10.3,,0,0,99,1013.1,1021.7,,,,0,,6.6
156,堡林,2023-10-18 05:00,10,,.5,320,99,1013,1021.6,,,,0,,6.5
156,堡林,2023-10-18 06:00,9.6,,.2,0,99,1012.9,1021.5,,,,0,,6.1
156,堡林,2023-10-18 07:00,9.6,,1.2,290,99,1013.4,1022,0,.07,,0,,6.3
156,堡林,2023-10-18 08:00,10.6,,.3,0,98,1013.6,1022.2,.5,.41,,2,,8.2
156,堡林,2023-10-18 09:00,13.2,,.3,0,89,1014.2,1022.7,1,1.2,,2,,18.9
156,堡林,2023-10-18 10:00,15.1,,.8,250,76,1014.2,1022.6,1,1.88,,1,,30
156,堡林,2023-10-18 11:00,17.8,,.6,270,63,1013.7,1022,1,2.39,,0,,37.9
156,堡林,2023-10-18 12:00,20.6,,1,230,48,1012.9,1021.1,1,2.7,,0,,43.2
156,堡林,2023-10-18 13:00,21.8,,2.4,250,37,1011.7,1019.9,1,2.76,,0,,43.8
156,堡林,2023-10-18 14:00,23,,2.1,230,32,1010.8,1018.9,1,2.56,,6,,43.4
156,堡林,2023-10-18 15:00,23.3,,2.1,270,34,1010.2,1018.3,1,2.07,,4,,40.2
156,堡林,2023-10-18 16:00,23.2,,2.3,270,40,1010.3,1018.4,1,1.59,,2,,34.5
156,堡林,2023-10-18 17:00,21.7,,1.4,230,39,1010,1018.2,1,.89,,2,,21.6
156,堡林,2023-10-18 18:00,20.5,,1.2,230,41,1010.2,1018.4,.7,.22,,0,,17.2
156,堡林,2023-10-18 19:00,19.4,,.9,250,55,1010.4,1018.6,,,,1,,14.9
156,堡林,2023-10-18 20:00,18.1,,.9,250,65,1011.4,1019.7,,,,4,,13.8
156,堡林,2023-10-18 21:00,17.1,,1,230,68,1011.6,1019.9,,,,0,,12.7
156,堡林,2023-10-18 22:00,16.5,,1.4,230,75,1012.2,1020.5,,,,6,,12
156,堡林,2023-10-18 23:00,15.5,,.4,0,86,1012.1,1020.5,,,,6,,11.2
156,堡林,2023-10-19 00:00,15.3,,.6,200,91,1011.9,1020.3,,,,3,,12.6
156,堡林,2023-10-19 01:00,14.7,,.4,0,93,1011.5,1019.9,,,,7,,10.8
156,堡林,2023-10-19 02:00,14.3,,.3,0,93,1011.1,1019.5,,,,2,,11.1
156,堡林,2023-10-19 03:00,13.7,,0,0,97,1010.9,1019.3,,,,1,,10
156,堡林,2023-10-19 04:00,13.4,,0,0,99,1010.5,1018.9,,,,3,,10.3
156,堡林,2023-10-19 05:00,12.7,,0,0,98,1010.4,1018.8,,,,2,,10.3
156,堡林,2023-10-19 06:00,12.5,,.4,0,98,1010.8,1019.3,,,,3,,10.7
156,堡林,2023-10-19 07:00,12.8,,.2,0,99,1010.8,1019.2,0,.07,,6,,12.3
156,堡林,2023-10-19 08:00,13.9,0,.2,0,98,1010.8,1019.2,0,.2,,8,,14.8
156,堡林,2023-10-19 09:00,15.5,,.2,0,95,1011.1,1019.5,.1,.67,,10,,20
156,堡林,2023-10-19 10:00,17.4,,.2,0,85,1010.5,1018.8,.4,1.24,,9,,27.5
156,堡林,2023-10-19 11:00,19.3,,.6,230,79,1010.2,1018.4,.5,1.7,,8,,35.8
156,堡林,2023-10-19 12:00,21.9,,2,230,77,1009.4,1017.5,.8,2.15,,9,,39.9
156,堡林,2023-10-19 13:00,22.7,,1.9,270,70,1008.4,1016.5,.9,2.49,,8,,43.4
156,堡林,2023-10-19 14:00,22.7,,1.5,250,67,1007.3,1015.4,.2,1.61,,9,,36
156,堡林,2023-10-19 15:00,22.2,,2.3,270,70,1006.6,1014.7,.2,1.04,,9,,30.7
156,堡林,2023-10-19 16:00,21.7,,2.4,270,73,1006.8,1014.9,.3,.75,,8,,26.9
156,堡林,2023-10-19 17:00,21.3,,2,270,73,1006.7,1014.8,0,.44,,8,,24
156,堡林,2023-10-19 18:00,20.6,,1.3,270,80,1006.6,1014.8,0,.11,,7,,20.9
156,堡林,2023-10-19 19:00,20.1,,.9,320,88,1006.6,1014.8,,,,9,,20.4
156,堡林,2023-10-19 20:00,18.1,.4,1.2,270,99,1007.1,1015.3,,,,10,,18.4
156,堡林,2023-10-19 21:00,17.3,1,.9,50,99,1007,1015.3,,,,10,,17.9
156,堡林,2023-10-19 22:00,15.2,2.4,2.5,70,99,1007.7,1016.1,,,,10,,17
156,堡林,2023-10-19 23:00,15.4,.4,1.7,20,99,1008.5,1016.9,,,,10,,16.2
156,堡林,2023-10-20 00:00,14.2,1.2,.4,0,99,1008.2,1016.6,,,,10,,15.8
156,堡林,2023-10-20 01:00,14.1,.5,.9,90,99,1007.9,1016.3,,,,10,,15.6
156,堡林,2023-10-20 02:00,13.2,.1,1.6,50,99,1008,1016.4,,,,10,,15
156,堡林,2023-10-20 03:00,13.2,.1,.7,50,99,1007.7,1016.1,,,,10,,14.7
156,堡林,2023-10-20 04:00,12.6,.1,.8,360,99,1007.9,1016.3,,,,10,,14.3
156,堡林,2023-10-20 05:00,12.3,.5,2,50,99,1008.3,1016.7,,,,10,,13.9
156,堡林,2023-10-20 06:00,11.9,.3,.7,20,99,1008.8,1017.3,,,,10,,13.7
156,堡林,2023-10-20 07:00,11.6,.2,2.7,50,98,1009.3,1017.8,0,.06,,10,,12.9
156,堡林,2023-10-20 08:00,11.4,.1,2.1,70,98,1009.5,1018,0,.24,,10,,14.6
156,堡林,2023-10-20 09:00,12.2,,.5,70,90,1010.1,1018.6,0,.58,,6,,16.5
156,堡林,2023-10-20 10:00,14.7,,1,20,71,1010.1,1018.5,1,1.83,,0,,24.1
156,堡林,2023-10-20 11:00,16.6,,2.4,20,56,1010,1018.3,1,2.34,,8,,26.3
156,堡林,2023-10-20 12:00,16.7,,2.9,20,47,1009.7,1018,.8,2.02,,5,,25.4
156,堡林,2023-10-20 13:00,16.8,,2.9,20,37,1009.3,1017.6,.8,2.21,,4,,25.9
156,堡林,2023-10-20 14:00,16.7,,2.6,360,40,1009.1,1017.4,1,2.37,,6,,26.6
156,堡林,2023-10-20 15:00,16.1,,2.6,20,45,1009,1017.3,1,2.2,,4,,25.1
156,堡林,2023-10-20 16:00,15.7,,2,20,47,1009.3,1017.7,1,1.58,,4,,23.4
156,堡林,2023-10-20 17:00,14,,2.1,340,50,1009.9,1018.3,1,.94,,2,,14.8
156,堡林,2023-10-20 18:00,13.2,,1.1,20,55,1010.5,1018.9,.3,.18,,6,,12.9
156,堡林,2023-10-20 19:00,12.6,,1.8,50,56,1011.2,1019.7,,,,0,,11.3
156,堡林,2023-10-20 20:00,11.6,,1.4,50,60,1012,1020.5,,,,3,,10
156,堡林,2023-10-20 21:00,11.5,,1.6,50,60,1012.5,1021,,,,2,,9.3
156,堡林,2023-10-20 22:00,11.5,,1.2,50,59,1012.9,1021.4,,,,1,,9.5
156,堡林,2023-10-20 23:00,11.2,,.6,50,61,1013.2,1021.7,,,,0,,8.9
156,堡林,2023-10-21 00:00,11.2,,.7,360,61,1013,1021.5,,,,0,,8.1
156,堡林,2023-10-21 01:00,11.5,,1.1,50,63,1013,1021.5,,,,0,,9.4
156,堡林,2023-10-21 02:00,10.4,,2.4,70,68,1013.2,1021.8,,,,0,,9
156,堡林,2023-10-21 03:00,9.2,,1.5,70,71,1013.2,1021.8,,,,0,,7.9
156,堡林,2023-10-21 04:00,9.3,,.3,0,70,1013,1021.6,,,,0,,6.9
156,堡林,2023-10-21 05:00,9.2,,.9,90,71,1013,1021.6,,,,0,,6.1
156,堡林,2023-10-21 06:00,8.9,,0,0,72,1013.5,1022.1,,,,0,,5.7
156,堡林,2023-10-21 07:00,8.6,,0,0,78,1014,1022.6,0,.06,,0,,5.7
156,堡林,2023-10-21 08:00,9.7,,.6,230,74,1014.6,1023.2,.4,.36,,0,,7.2
156,堡林,2023-10-21 09:00,12,,.9,270,70,1015,1023.5,1,1.15,,0,,16.3
156,堡林,2023-10-21 10:00,14.2,,1.6,250,54,1014.7,1023.1,1,1.82,,0,,22.6
156,堡林,2023-10-21 11:00,15.7,,2,250,55,1014.5,1022.9,1,2.34,,3,,27.2
156,堡林,2023-10-21 12:00,15.8,,2.8,270,58,1013.9,1022.3,.7,2,,9,,23.4
156,堡林,2023-10-21 13:00,15.8,0,2.9,290,63,1013.4,1021.8,.2,1.19,,10,,20.6
156,堡林,2023-10-21 14:00,13.6,.4,1.3,270,98,1013.5,1021.9,0,.39,,9,,17.7
156,堡林,2023-10-21 15:00,15.8,,1.4,290,84,1013.2,1021.6,.8,1.7,,2,,25.2
156,堡林,2023-10-21 16:00,17.2,,1.5,320,62,1013,1021.3,1,1.57,,2,,22.8
156,堡林,2023-10-21 17:00,16.3,,2.4,20,52,1013.4,1021.8,1,.85,,0,,15.2
156,堡林,2023-10-21 18:00,15.1,,1,270,58,1014,1022.4,.6,.21,,0,,12.2
156,堡林,2023-10-21 19:00,14.2,,.8,320,61,1014.4,1022.8,,,,0,,10.5
156,堡林,2023-10-21 20:00,13.3,,.2,0,62,1014.7,1023.2,,,,0,,9.4
156,堡林,2023-10-21 21:00,12.6,,.1,0,67,1015.2,1023.7,,,,0,,8.4
156,堡林,2023-10-21 22:00,12.4,,.8,180,71,1015.6,1024.1,,,,0,,7.8
156,堡林,2023-10-21 23:00,12.3,,0,0,72,1015.7,1024.2,,,,0,,7.3
156,堡林,2023-10-22 00:00,10.6,,0,0,85,1015.7,1024.3,,,,0,,6.8
156,堡林,2023-10-22 01:00,10.6,,.4,0,86,1015.8,1024.4,,,,0,,6.4
156,堡林,2023-10-22 02:00,9.7,,0,0,94,1016,1024.6,,,,0,,6.1
156,堡林,2023-10-22 03:00,8.8,,0,0,98,1016,1024.6,,,,3,,5.9
156,堡林,2023-10-22 04:00,8.3,,0,0,99,1015.8,1024.4,,,,0,,5.5
156,堡林,2023-10-22 05:00,7.8,,0,0,99,1015.9,1024.6,,,,0,,5.2
156,堡林,2023-10-22 06:00,7.5,,0,0,99,1015.9,1024.6,,,,2,,5
156,堡林,2023-10-22 07:00,7.4,,0,0,99,1016.3,1025,0,.06,,3,,5.2
156,堡林,2023-10-22 08:00,8.4,,.5,270,98,1016.7,1025.3,.4,.37,,7,,8.1
156,堡林,2023-10-22 09:00,10.2,,0,0,89,1017,1025.6,.9,.91,,7,,14
156,堡林,2023-10-22 10:00,12.4,,.7,270,80,1016.8,1025.3,1,1.41,,8,,20.1
156,堡林,2023-10-22 11:00,14.1,,.4,0,74,1016.8,1025.2,.5,1.49,,9,,21.3
156,堡林,2023-10-22 12:00,14.9,,.4,0,62,1016.5,1025,.2,1.47,,9,,23.3
156,堡林,2023-10-22 13:00,16.5,,.6,290,56,1015.7,1024.1,.5,1.76,,8,,27.2
156,堡林,2023-10-22 14:00,17.3,,.3,0,58,1015.3,1023.6,.6,1.61,,8,,26
156,堡林,2023-10-22 15:00,18.5,,.8,230,59,1015.1,1023.4,.4,1.29,,8,,27.3
156,堡林,2023-10-22 16:00,18.4,,.7,290,58,1015,1023.3,.6,1.1,,4,,26.1
156,堡林,2023-10-22 17:00,17.3,,.6,20,65,1014.8,1023.1,.7,.57,,4,,18.8
156,堡林,2023-10-22 18:00,16.3,,.1,0,69,1014.9,1023.3,.1,.17,,7,,15.2
156,堡林,2023-10-22 19:00,15.9,,.4,0,73,1015.3,1023.7,,,,7,,13.6
156,堡林,2023-10-22 20:00,14.7,,.6,110,85,1015.7,1024.1,,,,9,,13.6
156,堡林,2023-10-22 21:00,14.4,,0,0,87,1016,1024.4,,,,9,,13.2
156,堡林,2023-10-22 22:00,13.7,,.2,0,91,1016,1024.5,,,,6,,12
156,堡林,2023-10-22 23:00,13.5,,0,0,95,1016.1,1024.6,,,,2,,11.6
156,堡林,2023-10-23 00:00,12.9,,0,0,99,1016.3,1024.8,,,,4,,10.1
156,堡林,2023-10-23 01:00,12.3,,.5,50,99,1016.1,1024.6,,,,0,,9.4
156,堡林,2023-10-23 02:00,11.4,,0,0,99,1016.2,1024.7,,,,1,,8.7
156,堡林,2023-10-23 03:00,11.2,,0,0,99,1015.8,1024.4,,,,0,,8.3
156,堡林,2023-10-23 04:00,10.6,,0,0,99,1015.8,1024.4,,,,0,,7.9
156,堡林,2023-10-23 05:00,10.4,,0,0,99,1016,1024.6,,,,0,,7.6
156,堡林,2023-10-23 06:00,10,,0,0,99,1016.1,1024.7,,,,0,,7.2
156,堡林,2023-10-23 07:00,9.8,,0,0,99,1016.5,1025.1,0,.06,,0,,7.2
156,堡林,2023-10-23 08:00,10.8,,0,0,99,1017,1025.6,.5,.34,,0,,9.3
156,堡林,2023-10-23 09:00,13,,.5,230,98,1017.3,1025.8,1,1.05,,0,,17.4
156,堡林,2023-10-23 10:00,14.9,,.8,250,89,1017.2,1025.7,1,1.69,,0,,24.6
156,堡林,2023-10-23 11:00,17,,.9,250,82,1016.8,1025.2,1,2.22,,0,,30.8
156,堡林,2023-10-23 12:00,19.2,,1.6,230,61,1016.2,1024.4,.9,2.42,,2,,34.5
156,堡林,2023-10-23 13:00,20.1,,1,200,52,1014.9,1023.2,1,2.61,,0,,37.8
156,堡林,2023-10-23 14:00,20.9,,1.3,290,50,1014.2,1022.4,1,2.48,,0,,38
156,堡林,2023-10-23 15:00,21.2,,1.3,230,48,1013.8,1022,.9,1.95,,2,,35.2
156,堡林,2023-10-23 16:00,20.3,,.6,290,49,1013.5,1021.7,.7,.96,,5,,28
156,堡林,2023-10-23 17:00,19,,.6,320,57,1013.3,1021.5,.7,.51,,1,,19.4
156,堡林,2023-10-23 18:00,17.7,,.4,0,60,1013.5,1021.8,.6,.18,,0,,15.8
156,堡林,2023-10-23 19:00,16.9,,.3,0,63,1013.8,1022.1,,,,0,,13.8
156,堡林,2023-10-23 20:00,15.7,,0,0,70,1013.8,1022.2,,,,0,,12.2
156,堡林,2023-10-23 21:00,14.5,,1,200,81,1014.2,1022.6,,,,0,,11.3
156,堡林,2023-10-23 22:00,13.6,,.7,90,86,1014.4,1022.8,,,,0,,10.4
156,堡林,2023-10-23 23:00,13.4,,.4,0,89,1014.5,1023,,,,0,,9.9
156,堡林,2023-10-24 00:00,12.4,,0,0,97,1014.4,1022.9,,,,0,,9.2
156,堡林,2023-10-24 01:00,11.9,,0,0,99,1014.4,1022.9,,,,0,,8.7
156,堡林,2023-10-24 02:00,11.4,,0,0,99,1014.3,1022.8,,,,3,,8.6
156,堡林,2023-10-24 03:00,11.2,,0,0,99,1014,1022.5,,,,1,,8.1
156,堡林,2023-10-24 04:00,10.3,,0,0,99,1013.6,1022.2,,,,0,,8
156,堡林,2023-10-24 05:00,10.3,,.8,270,99,1013.8,1022.4,,,,3,,8
156,堡林,2023-10-24 06:00,9.7,,.4,0,99,1013.9,1022.5,,,,8,,8.3
156,堡林,2023-10-24 07:00,10.2,,.8,50,99,1013.9,1022.5,0,.07,,4,,9
156,堡林,2023-10-24 08:00,10.9,,.3,0,99,1014.5,1023.1,.3,.31,,4,,10.5
156,堡林,2023-10-24 09:00,13.2,,.3,0,94,1014.3,1022.8,1,.79,,2,,16.9
156,堡林,2023-10-24 10:00,15.6,,.3,0,79,1014,1022.4,1,1.62,,5,,25.3
156,堡林,2023-10-24 11:00,17.1,,1.1,250,75,1013.9,1022.2,.8,1.65,,8,,26.6
156,堡林,2023-10-24 12:00,17.6,,.5,110,64,1013.1,1021.4,.7,1.63,,8,,30.2
156,堡林,2023-10-24 13:00,18.4,,.4,0,60,1012,1020.2,.6,1.76,,9,,28.5
156,堡林,2023-10-24 14:00,20,,.4,0,57,1011.5,1019.7,.8,1.84,,2,,33.9
156,堡林,2023-10-24 15:00,19.6,,.9,250,53,1011.1,1019.3,.6,1.38,,3,,27.6
156,堡林,2023-10-24 16:00,20.2,,.6,250,48,1010.7,1018.9,.7,1.03,,0,,27
156,堡林,2023-10-24 17:00,18.9,,.9,250,55,1010.3,1018.5,1,.65,,0,,18.8
156,堡林,2023-10-24 18:00,18.6,,.3,0,57,1010.8,1019,.1,.11,,1,,15.2
156,堡林,2023-10-24 19:00,17,,.3,0,66,1011.1,1019.4,,,,2,,13.3
156,堡林,2023-10-24 20:00,15.5,,.5,160,74,1011.3,1019.7,,,,7,,14.2
156,堡林,2023-10-24 21:00,15.1,,.2,0,76,1011.6,1020,,,,5,,12.6
156,堡林,2023-10-24 22:00,15.1,,.3,0,79,1011.7,1020.1,,,,8,,13.7
156,堡林,2023-10-24 23:00,15.5,,.4,0,80,1011.9,1020.3,,,,7,,14.3
156,堡林,2023-10-25 00:00,14.6,,.6,250,84,1012,1020.4,,,,6,,14.5
156,堡林,2023-10-25 01:00,14.5,,.2,0,85,1012.2,1020.6,,,,8,,14
156,堡林,2023-10-25 02:00,13.8,,0,0,91,1011.7,1020.1,,,,6,,12.1
156,堡林,2023-10-25 03:00,13.3,,0,0,95,1011.4,1019.8,,,,0,,11.3
156,堡林,2023-10-25 04:00,12.8,,.2,0,98,1011.1,1019.5,,,,4,,10.3
156,堡林,2023-10-25 05:00,12,,0,0,99,1010.9,1019.4,,,,2,,9.8
156,堡林,2023-10-25 06:00,12.1,,0,0,99,1011.1,1019.6,,,,4,,10.5
156,堡林,2023-10-25 07:00,11.8,,0,0,99,1011,1019.5,0,.07,,3,,9.8
156,堡林,2023-10-25 08:00,12.7,,.3,0,98,1011.6,1020.1,.4,.3,,0,,11.6
156,堡林,2023-10-25 09:00,14.9,,.5,270,89,1011.9,1020.3,1,1,,0,,18.9
156,堡林,2023-10-25 10:00,17.1,,.6,230,76,1011.8,1020.1,1,1.63,,0,,26.1
156,堡林,2023-10-25 11:00,19.5,,.1,0,70,1011.3,1019.5,1,2.13,,0,,32.9
156,堡林,2023-10-25 12:00,20.5,,.9,270,73,1010.6,1018.8,1,2.41,,1,,37.3
156,堡林,2023-10-25 13:00,21.7,,1.1,270,61,1009.7,1017.8,1,2.47,,0,,39
156,堡林,2023-10-25 14:00,22.8,,.8,230,55,1008.8,1016.9,1,2.3,,0,,39.4
156,堡林,2023-10-25 15:00,23.3,,1,340,52,1008.5,1016.6,1,1.9,,0,,36.4
156,堡林,2023-10-25 16:00,22.9,,1.2,250,57,1008.5,1016.6,1,1.25,,1,,30.3
156,堡林,2023-10-25 17:00,22.1,,.2,0,63,1008.5,1016.6,1,.64,,1,,22.9
156,堡林,2023-10-25 18:00,20.7,,.9,290,77,1009.1,1017.3,.3,.14,,0,,19
156,堡林,2023-10-25 19:00,19.5,,1.3,270,88,1009.5,1017.7,,,,0,,16.9
156,堡林,2023-10-25 20:00,19.1,,.1,0,92,1009.8,1018,,,,0,,15.6
156,堡林,2023-10-25 21:00,17.2,,.9,180,98,1009.9,1018.2,,,,0,,14.1
156,堡林,2023-10-25 22:00,16.5,,1,180,99,1010.3,1018.6,,,,0,,13.1
156,堡林,2023-10-25 23:00,16.2,,1.1,200,99,1010.2,1018.5,,,,0,,12.5
156,堡林,2023-10-26 00:00,15.9,,.5,250,99,1010.2,1018.6,,,,0,,12.1
156,堡林,2023-10-26 01:00,15.3,,.2,0,99,1010,1018.4,,,,4,,11.6
156,堡林,2023-10-26 02:00,14.9,,0,0,99,1009.5,1017.9,,,,6,,12.6
156,堡林,2023-10-26 03:00,14.8,,.1,0,99,1009.2,1017.5,,,,8,,13.4
156,堡林,2023-10-26 04:00,14.5,,.2,0,99,1009,1017.4,,,,6,,13.1
156,堡林,2023-10-26 05:00,14.3,,.2,0,99,1009,1017.4,,,,6,,12.8
156,堡林,2023-10-26 06:00,13.7,,.5,270,99,1009,1017.4,,,,2,,11.6
156,堡林,2023-10-26 07:00,13.5,,.1,0,99,1008.8,1017.2,0,.06,,3,,11.7
156,堡林,2023-10-26 08:00,14,,.4,0,99,1009.3,1017.7,.1,.3,,8,,14
156,堡林,2023-10-26 09:00,15.4,,0,0,99,1009.7,1018.1,.8,.76,,6,,17.1
156,堡林,2023-10-26 10:00,17.5,,.8,290,94,1009.7,1018,1,1.47,,4,,25.2
156,堡林,2023-10-26 11:00,18.6,,1,270,91,1009.8,1018,1,1.99,,2,,31.5
156,堡林,2023-10-26 12:00,20.2,,1,250,78,1008.9,1017.1,1,2.25,,1,,36.1
156,堡林,2023-10-26 13:00,22.5,,1.9,180,70,1007.8,1015.9,1,2.38,,1,,39
156,堡林,2023-10-26 14:00,21.9,,.7,250,66,1007,1015.1,1,2.06,,2,,36.4
156,堡林,2023-10-26 15:00,22.2,,1.2,230,58,1006.3,1014.4,1,1.81,,0,,34.4
156,堡林,2023-10-26 16:00,22.8,,1.4,270,58,1005.9,1014,1,1.27,,0,,30.4
156,堡林,2023-10-26 17:00,21.5,,1.9,270,60,1006,1014.1,1,.63,,0,,22.1
156,堡林,2023-10-26 18:00,19.9,,2.1,270,73,1006.5,1014.7,.1,.13,,0,,18.4
156,堡林,2023-10-26 19:00,19.2,,1,270,90,1006.9,1015.1,,,,0,,17.1
156,堡林,2023-10-26 20:00,19,,1.5,250,95,1007,1015.2,,,,5,,17.6
156,堡林,2023-10-26 21:00,18.5,0,1.2,200,99,1006.9,1015.1,,,,10,,17.6
156,堡林,2023-10-26 22:00,18.3,0,1.4,200,99,1006.8,1015,,,,9,,17.2
156,堡林,2023-10-26 23:00,18.1,,1.4,270,99,1006.8,1015,,,,6,,16.1
156,堡林,2023-10-27 00:00,17.5,,.9,270,99,1006.7,1014.9,,,,9,,16.6
156,堡林,2023-10-27 01:00,16.6,,.9,290,99,1006.6,1014.9,,,,6,,14.3
156,堡林,2023-10-27 02:00,15.9,,.8,270,99,1006.6,1014.9,,,,1,,13.1
156,堡林,2023-10-27 03:00,15.7,,.9,270,99,1006.3,1014.6,,,,8,,14
156,堡林,2023-10-27 04:00,14.9,,1,250,99,1006,1014.4,,,,1,,12.6
156,堡林,2023-10-27 05:00,14.4,,.7,250,98,1006.3,1014.6,,,,2,,11.9
156,堡林,2023-10-27 06:00,14,,.8,250,98,1006.7,1015.1,,,,0,,10.9
156,堡林,2023-10-27 07:00,13.7,,.2,0,85,1006.6,1015,0,.05,,0,,9.8
156,堡林,2023-10-27 08:00,14,,.6,290,74,1007.4,1015.8,.4,.31,,0,,11.1
156,堡林,2023-10-27 09:00,16.1,,.5,320,66,1007.8,1016.1,1,1.04,,0,,17.1
156,堡林,2023-10-27 10:00,16.7,,1.2,340,59,1007.8,1016.1,1,1.67,,4,,26.8
156,堡林,2023-10-27 11:00,17.4,,1.1,340,55,1007.7,1016,1,2.26,,4,,32.6
156,堡林,2023-10-27 12:00,18,,1.2,360,50,1007.2,1015.4,1,2.52,,3,,37.5
156,堡林,2023-10-27 13:00,18.7,,1.2,320,52,1006.3,1014.5,1,2.62,,0,,39.2
156,堡林,2023-10-27 14:00,19.2,,1.6,320,47,1005.7,1013.9,1,2.41,,0,,39.2
156,堡林,2023-10-27 15:00,18.8,,1.5,320,48,1005.4,1013.6,1,1.94,,0,,33.8
156,堡林,2023-10-27 16:00,19,,1.1,340,49,1005.6,1013.8,1,1.32,,0,,28.2
156,堡林,2023-10-27 17:00,17.4,,1.2,320,58,1006.1,1014.3,1,.66,,0,,19.1
156,堡林,2023-10-27 18:00,16,,1.3,320,65,1006.9,1015.2,.3,.13,,0,,14.8
156,堡林,2023-10-27 19:00,15,,.5,290,69,1007.9,1016.3,,,,0,,12.9
156,堡林,2023-10-27 20:00,14.6,,.2,0,71,1008.4,1016.8,,,,0,,11.6
156,堡林,2023-10-27 21:00,13.6,,0,0,74,1009.2,1017.6,,,,0,,10.6
156,堡林,2023-10-27 22:00,14.2,,.1,0,75,1009.6,1018,,,,0,,10
156,堡林,2023-10-27 23:00,13.2,,.1,0,80,1009.9,1018.3,,,,0,,9.5
156,堡林,2023-10-28 00:00,12.5,,0,0,86,1010,1018.5,,,,0,,9.1
156,堡林,2023-10-28 01:00,11.8,,0,0,93,1010.2,1018.7,,,,0,,8.7
156,堡林,2023-10-28 02:00,11.8,,.8,270,95,1010,1018.5,,,,0,,8.3
156,堡林,2023-10-28 03:00,10.9,,.6,250,97,1010,1018.5,,,,0,,8
156,堡林,2023-10-28 04:00,10.8,,.1,0,99,1009.7,1018.2,,,,0,,7.8
156,堡林,2023-10-28 05:00,10.3,,0,0,99,1009.8,1018.3,,,,3,,7.9
156,堡林,2023-10-28 06:00,10,,.4,0,99,1010,1018.6,,,,0,,7.2
156,堡林,2023-10-28 07:00,9.2,,0,0,99,1010.5,1019.1,0,.06,,0,,7.1
156,堡林,2023-10-28 08:00,10.4,,.3,0,99,1011,1019.5,.4,.3,,0,,8.8
156,堡林,2023-10-28 09:00,12.5,,.2,0,94,1011.8,1020.3,1,1,,0,,14.6
156,堡林,2023-10-28 10:00,14.6,,.4,0,82,1011.9,1020.3,1,1.61,,0,,25.8
156,堡林,2023-10-28 11:00,16.5,,.7,180,75,1011.7,1020,1,2.05,,0,,32.4
156,堡林,2023-10-28 12:00,18.6,,1,250,67,1011,1019.2,1,2.38,,0,,37.7
156,堡林,2023-10-28 13:00,20.2,,.7,110,59,1010.2,1018.4,1,2.49,,0,,40.7
156,堡林,2023-10-28 14:00,20.8,,1,360,51,1009.5,1017.7,1,2.4,,0,,39
156,堡林,2023-10-28 15:00,20.4,,1.4,50,49,1009.4,1017.6,1,1.83,,0,,33.6
156,堡林,2023-10-28 16:00,20.3,,1.5,360,49,1009.5,1017.7,1,1.32,,0,,29.3
156,堡林,2023-10-28 17:00,19.2,,1,360,55,1009.6,1017.8,1,.69,,0,,19.1
156,堡林,2023-10-28 18:00,17.9,,.3,0,66,1009.9,1018.2,.4,.13,,0,,15.2
156,堡林,2023-10-28 19:00,16.7,,.4,0,75,1010.6,1018.9,,,,0,,13.3
156,堡林,2023-10-28 20:00,16,,.7,50,80,1011.1,1019.5,,,,0,,12.2
156,堡林,2023-10-28 21:00,15.2,,.3,0,84,1011.5,1019.9,,,,0,,11.2
156,堡林,2023-10-28 22:00,14.2,,.3,0,90,1012,1020.4,,,,0,,10.4
156,堡林,2023-10-28 23:00,13.8,,0,0,93,1011.8,1020.2,,,,0,,9.8
156,堡林,2023-10-29 00:00,13.3,,.8,70,97,1011.8,1020.2,,,,0,,9.5
156,堡林,2023-10-29 01:00,12.8,,.1,0,98,1011.9,1020.4,,,,0,,9
156,堡林,2023-10-29 02:00,12.2,,.4,0,99,1012.1,1020.6,,,,7,,8.6
156,堡林,2023-10-29 03:00,11.6,,0,0,99,1012.2,1020.7,,,,0,,8.2
156,堡林,2023-10-29 04:00,11.5,,0,0,99,1012.1,1020.6,,,,0,,7.9
156,堡林,2023-10-29 05:00,11.2,,0,0,99,1012.4,1020.9,,,,0,,7.7
156,堡林,2023-10-29 06:00,10.9,,0,0,99,1012.5,1021,,,,0,,7.5
156,堡林,2023-10-29 07:00,10.4,,.1,0,99,1012.7,1021.3,0,.06,,0,,7.4
156,堡林,2023-10-29 08:00,11.3,,0,0,99,1013.7,1022.2,.4,.29,,0,,9.7
156,堡林,2023-10-29 09:00,13.8,,0,0,93,1014.1,1022.5,1,.94,,0,,15.3
156,堡林,2023-10-29 10:00,16.1,,.4,0,81,1014.2,1022.6,1,1.59,,0,,26.8
156,堡林,2023-10-29 11:00,19.2,,.5,200,71,1014,1022.2,1,2.11,,1,,34.2
156,堡林,2023-10-29 12:00,19.3,,.4,0,66,1013.5,1021.7,1,2.21,,2,,37.8
156,堡林,2023-10-29 13:00,20.4,,1.1,270,55,1012.7,1020.9,1,2.55,,2,,40.8
156,堡林,2023-10-29 14:00,21.3,,.8,230,51,1012.1,1020.3,1,2.12,,2,,38.5
156,堡林,2023-10-29 15:00,21.9,,1.4,250,48,1011.8,1020,1,1.98,,3,,37.3
156,堡林,2023-10-29 16:00,20.7,,.3,0,53,1011.8,1020,1,1.29,,3,,28.6
156,堡林,2023-10-29 17:00,20.1,,1.3,250,54,1012.1,1020.3,1,.62,,3,,20.6
156,堡林,2023-10-29 18:00,19.3,,.4,0,60,1012.6,1020.8,.4,.14,,3,,16.4
156,堡林,2023-10-29 19:00,17.7,,1,320,76,1013.2,1021.5,,,,4,,15.1
156,堡林,2023-10-29 20:00,17.2,,.7,250,81,1013.7,1022,,,,5,,14.9
156,堡林,2023-10-29 21:00,16.5,,.6,250,85,1014.1,1022.5,,,,5,,13.3
156,堡林,2023-10-29 22:00,15.8,,.3,0,92,1014.5,1022.9,,,,5,,13.2
156,堡林,2023-10-29 23:00,15.4,,0,0,95,1014.6,1023,,,,3,,12.2
156,堡林,2023-10-30 00:00,14.4,,0,0,98,1014.5,1022.9,,,,4,,11
156,堡林,2023-10-30 01:00,13.9,,.2,0,99,1014.6,1023,,,,3,,10.3
156,堡林,2023-10-30 02:00,13.3,,0,0,99,1014.5,1023,,,,2,,9.7
156,堡林,2023-10-30 03:00,12.7,,.1,0,99,1014.3,1022.8,,,,2,,9.4
156,堡林,2023-10-30 04:00,12.3,,.1,0,99,1014.1,1022.6,,,,3,,8.8
156,堡林,2023-10-30 05:00,11.8,,.2,0,99,1014,1022.5,,,,0,,8.3
156,堡林,2023-10-30 06:00,11.4,,0,0,99,1014.3,1022.8,,,,2,,7.9
156,堡林,2023-10-30 07:00,11.4,,.5,50,99,1014.4,1022.9,0,.06,,1,,7.9
156,堡林,2023-10-30 08:00,12.2,,0,0,99,1015.1,1023.6,.4,.29,,1,,9.9
156,堡林,2023-10-30 09:00,14.4,,.1,0,98,1015.6,1024,1,.97,,1,,15.9
156,堡林,2023-10-30 10:00,16.6,,.4,0,86,1015.7,1024.1,1,1.61,,1,,27.7
156,堡林,2023-10-30 11:00,18.5,,.7,270,77,1015.5,1023.8,1,2.09,,1,,34.8
156,堡林,2023-10-30 12:00,19.1,,1.1,270,62,1015,1023.2,1,2.42,,0,,38.7
156,堡林,2023-10-30 13:00,20.3,,.8,250,52,1014,1022.2,1,2.49,,0,,41
156,堡林,2023-10-30 14:00,21.9,,1.3,250,49,1013.2,1021.4,1,2.28,,0,,40.1
156,堡林,2023-10-30 15:00,21.8,,.7,90,48,1012.9,1021.1,1,1.86,,0,,36.6
156,堡林,2023-10-30 16:00,21.8,,.6,270,52,1013,1021.2,1,1.28,,0,,30.5
156,堡林,2023-10-30 17:00,20.7,,1.1,270,51,1013.2,1021.4,1,.63,,0,,20.3
156,堡林,2023-10-30 18:00,19.3,,1,320,68,1013.5,1021.7,.3,.13,,0,,16.5
156,堡林,2023-10-30 19:00,17.8,,.4,0,77,1014.1,1022.4,,,,0,,14.2
156,堡林,2023-10-30 20:00,17,,.1,0,82,1014.6,1022.9,,,,0,,12.9
156,堡林,2023-10-30 21:00,16.2,,.5,230,85,1014.8,1023.2,,,,0,,11.8
156,堡林,2023-10-30 22:00,14.9,,.6,180,93,1015.3,1023.7,,,,0,,10.4
156,堡林,2023-10-30 23:00,14.3,,.8,200,97,1015.5,1023.9,,,,0,,9.8
156,堡林,2023-10-31 00:00,13.6,,0,0,98,1015.6,1024.1,,,,0,,9.1
156,堡林,2023-10-31 01:00,12.9,,0,0,99,1015.4,1023.9,,,,5,,8.4
156,堡林,2023-10-31 02:00,12.5,,.7,290,99,1015.4,1023.9,,,,6,,8.1
156,堡林,2023-10-31 03:00,11.6,,.5,270,99,1015.6,1024.1,,,,0,,7.6
156,堡林,2023-10-31 04:00,11.1,,0,0,99,1015.1,1023.7,,,,0,,7.1
156,堡林,2023-10-31 05:00,11.1,,.2,0,99,1015.1,1023.7,,,,0,,6.8
156,堡林,2023-10-31 06:00,10.3,,.2,0,99,1015.2,1023.8,,,,0,,6.3
156,堡林,2023-10-31 07:00,9.7,,.5,270,99,1015.7,1024.3,0,.05,,0,,6.3
156,堡林,2023-10-31 08:00,10.6,,0,0,99,1016.1,1024.7,.4,.28,,0,,8.2
156,堡林,2023-10-31 09:00,12.7,,.3,0,97,1016.2,1024.7,1,.96,,0,,14.3
156,堡林,2023-10-31 10:00,14.8,,.4,0,84,1016.1,1024.5,1,1.63,,0,,26.3
156,堡林,2023-10-31 11:00,17.3,,1,200,73,1015.9,1024.2,1,2.12,,0,,33.8
156,堡林,2023-10-31 12:00,19.7,,.9,250,59,1015.3,1023.5,1,2.43,,0,,38.7
156,堡林,2023-10-31 13:00,21.7,,.9,250,35,1014,1022.2,1,2.5,,0,,41.2
156,堡林,2023-10-31 14:00,22,,1.7,270,28,1013.7,1021.9,1,2.31,,0,,40
156,堡林,2023-10-31 15:00,22.5,,1.5,230,41,1013.2,1021.3,1,1.85,,0,,36.1
156,堡林,2023-10-31 16:00,22.2,,1.3,270,34,1013.1,1021.3,1,1.26,,0,,29.6
156,堡林,2023-10-31 17:00,20.4,,.7,270,43,1013.1,1021.3,1,.57,,0,,20
156,堡林,2023-10-31 18:00,19.3,,1.6,270,53,1013.3,1021.5,.2,.12,,0,,15.6
156,堡林,2023-10-31 19:00,18.3,,.7,230,61,1013.7,1022,,,,0,,13.4
156,堡林,2023-10-31 20:00,16.3,,1.1,180,63,1013.9,1022.3,,,,0,,11.7
156,堡林,2023-10-31 21:00,15,,.5,180,68,1013.9,1022.3,,,,0,,10.4
156,堡林,2023-10-31 22:00,14.8,,.5,180,72,1014.2,1022.6,,,,1,,9.9
156,堡林,2023-10-31 23:00,14.8,,.4,0,79,1014.1,1022.5,,,,7,,10.7
156,堡林,2023-11-01 00:00,14.2,,.1,0,85,1013.8,1022.2,,,,6,,10.8
156,堡林,2023-11-01 01:00,14.7,,.2,0,89,1013.6,1022,,,,8,,12.5
156,堡林,2023-11-01 02:00,14.6,,1.2,90,89,1013.5,1021.9,,,,9,,12.7
156,堡林,2023-11-01 03:00,14.7,,.1,0,92,1013.3,1021.7,,,,9,,13.3
156,堡林,2023-11-01 04:00,14.5,,.2,0,91,1012.9,1021.3,,,,8,,13.5
156,堡林,2023-11-01 05:00,13.4,,0,0,94,1013.2,1021.6,,,,8,,12
156,堡林,2023-11-01 06:00,13.3,,.2,0,96,1013.1,1021.5,,,,8,,11.4
156,堡林,2023-11-01 07:00,13.9,,.1,0,94,1012.9,1021.3,0,.06,,9,,12.9
156,堡林,2023-11-01 08:00,14.7,,.3,0,92,1013.4,1021.8,0,.18,,7,,15.7
156,堡林,2023-11-01 09:00,16.2,,.1,0,89,1013.5,1021.9,0,.49,,7,,19.4
156,堡林,2023-11-01 10:00,18.9,,.7,270,82,1013.2,1021.4,.3,1.06,,0,,27.6
156,堡林,2023-11-01 11:00,21.7,,1.4,230,81,1012.8,1021,1,1.89,,0,,34.6
156,堡林,2023-11-01 12:00,22.8,,1.8,250,71,1012,1020.1,1,2.17,,3,,38.3
156,堡林,2023-11-01 13:00,23.5,,3.4,230,68,1011.1,1019.2,1,2.1,,2,,40.3
156,堡林,2023-11-01 14:00,24.1,,2.7,250,61,1010.5,1018.5,1,2.16,,2,,40.2
156,堡林,2023-11-01 15:00,24.5,,3,230,57,1010.4,1018.4,1,1.78,,0,,37.2
156,堡林,2023-11-01 16:00,23.5,,2.7,230,57,1010.6,1018.7,1,1.19,,0,,30.3
156,堡林,2023-11-01 17:00,21.9,,2.9,230,68,1010.8,1018.9,1,.56,,0,,22.2
156,堡林,2023-11-01 18:00,20.6,,1.7,230,78,1010.8,1019,.1,.11,,0,,18.3
156,堡林,2023-11-01 19:00,20,,1.6,230,89,1011,1019.2,,,,0,,16.5
156,堡林,2023-11-01 20:00,19.4,,1.8,230,97,1011.4,1019.6,,,,0,,15.4
156,堡林,2023-11-01 21:00,18.8,,1.4,200,98,1011.7,1019.9,,,,2,,14.6
156,堡林,2023-11-01 22:00,18.3,,1.2,200,99,1012,1020.2,,,,6,,13.9
156,堡林,2023-11-01 23:00,18,,1.3,180,99,1011.9,1020.2,,,,0,,13.3
156,堡林,2023-11-02 00:00,17.9,,.9,200,99,1012,1020.3,,,,0,,12.7
156,堡林,2023-11-02 01:00,16.8,,.6,90,99,1012,1020.3,,,,5,,11.9
156,堡林,2023-11-02 02:00,16.4,,1,90,99,1012,1020.3,,,,6,,11.7
156,堡林,2023-11-02 03:00,15.8,,0,0,99,1011.9,1020.3,,,,0,,11.2
156,堡林,2023-11-02 04:00,15.6,,.7,90,99,1011.6,1020,,,,0,,10.8
156,堡林,2023-11-02 05:00,15.2,,.2,0,99,1011.7,1020.1,,,,6,,10.7
156,堡林,2023-11-02 06:00,15.5,,.5,90,99,1011.7,1020.1,,,,8,,13.5
156,堡林,2023-11-02 07:00,15.7,,.8,50,99,1011.7,1020.1,0,.06,,9,,14.4
156,堡林,2023-11-02 08:00,16.6,,.7,70,99,1012.2,1020.5,.1,.21,,8,,16.7
156,堡林,2023-11-02 09:00,18.8,,.6,200,97,1012.6,1020.8,.8,.81,,6,,21.3
156,堡林,2023-11-02 10:00,19.9,,1.6,230,94,1012.5,1020.8,1,1.36,,1,,28.3
156,堡林,2023-11-02 11:00,21.9,,1.1,290,83,1012,1020.2,1,2.06,,0,,36.9
156,堡林,2023-11-02 12:00,23.6,,1.2,270,65,1011.2,1019.3,1,2.36,,0,,41.9
156,堡林,2023-11-02 13:00,24.7,,2,230,54,1010.2,1018.2,1,2.45,,0,,44.1
156,堡林,2023-11-02 14:00,26.1,,1.1,230,51,1009.5,1017.5,1,2.25,,0,,43.3
156,堡林,2023-11-02 15:00,26.4,,2.8,250,41,1009.3,1017.3,1,1.86,,0,,39.5
156,堡林,2023-11-02 16:00,25.6,,2.2,230,39,1009,1017,1,1.3,,0,,32.5
156,堡林,2023-11-02 17:00,23.8,,2.2,230,39,1008.8,1016.8,1,.63,,0,,21.7
156,堡林,2023-11-02 18:00,22.3,,2.2,200,54,1009.2,1017.3,.4,.11,,0,,17.6
156,堡林,2023-11-02 19:00,20.8,,1,230,56,1009.9,1018.1,,,,0,,15.2
156,堡林,2023-11-02 20:00,19.3,,1.5,230,58,1009.9,1018.1,,,,0,,13.8
156,堡林,2023-11-02 21:00,18.5,,1.8,230,69,1010,1018.2,,,,0,,13.1
156,堡林,2023-11-02 22:00,17.6,,.2,0,77,1010.1,1018.4,,,,0,,12.1
156,堡林,2023-11-02 23:00,17,,.9,110,69,1009.9,1018.2,,,,0,,11.4
156,堡林,2023-11-03 00:00,16.6,,1.3,90,75,1009.4,1017.7,,,,0,,11
156,堡林,2023-11-03 01:00,16.2,,.7,140,77,1009.1,1017.4,,,,1,,11.1
156,堡林,2023-11-03 02:00,16.6,,.1,0,85,1008.5,1016.8,,,,6,,11.2
156,堡林,2023-11-03 03:00,15.7,,.9,50,89,1008.8,1017.1,,,,6,,12.3
156,堡林,2023-11-03 04:00,15.1,,.3,0,94,1009,1017.4,,,,6,,12
156,堡林,2023-11-03 05:00,15,,.2,0,93,1008.7,1017.1,,,,5,,11.7
156,堡林,2023-11-03 06:00,15.2,,.6,290,95,1008.7,1017.1,,,,1,,11.4
156,堡林,2023-11-03 07:00,14.7,,.7,50,97,1008.5,1016.8,0,.05,,0,,10.8
156,堡林,2023-11-03 08:00,15.3,,.3,0,98,1008.7,1017.1,.2,.23,,1,,12.8
156,堡林,2023-11-03 09:00,17.8,,.5,250,84,1009.4,1017.7,1,.92,,0,,19.7
156,堡林,2023-11-03 10:00,20.1,,.6,250,77,1009.5,1017.7,1,1.44,,0,,29.6
156,堡林,2023-11-03 11:00,22.5,,2.7,250,74,1009.3,1017.4,1,1.87,,3,,34.2
156,堡林,2023-11-03 12:00,22.4,,2.7,230,73,1008.7,1016.8,.7,1.56,,4,,32
156,堡林,2023-11-03 13:00,24.7,,2.3,230,66,1007.6,1015.6,.9,2.39,,4,,40.1
156,堡林,2023-11-03 14:00,25.2,,2.1,230,60,1007,1015,.7,1.61,,4,,39.5
156,堡林,2023-11-03 15:00,23.7,,.8,270,66,1007,1015,.6,1.28,,3,,31.5
156,堡林,2023-11-03 16:00,24.6,,1.9,270,61,1007,1015,.7,1.04,,2,,31.1
156,堡林,2023-11-03 17:00,23.5,,1.5,250,67,1007.5,1015.5,.6,.47,,3,,23.9
156,堡林,2023-11-03 18:00,22.1,,1.5,270,77,1008.3,1016.4,.3,.14,,1,,19.8
156,堡林,2023-11-03 19:00,21.5,,1,270,86,1009,1017.2,,,,7,,18.8
156,堡林,2023-11-03 20:00,20.4,,.9,200,94,1008.9,1017.1,,,,3,,16.5
156,堡林,2023-11-03 21:00,19.3,,.7,160,98,1009,1017.2,,,,2,,15.4
156,堡林,2023-11-03 22:00,18.7,,.4,0,99,1009.2,1017.4,,,,6,,14.5
156,堡林,2023-11-03 23:00,18.4,,0,0,99,1009.4,1017.6,,,,5,,14.3
156,堡林,2023-11-04 00:00,18.6,,.1,0,99,1009.7,1017.9,,,,5,,14.5
156,堡林,2023-11-04 01:00,18.1,,.7,70,99,1009.8,1018,,,,4,,14.5
156,堡林,2023-11-04 02:00,17.7,,.4,0,99,1009.9,1018.2,,,,6,,14.8
156,堡林,2023-11-04 03:00,17.7,,.2,0,99,1010,1018.3,,,,5,,15.7
156,堡林,2023-11-04 04:00,17.4,,.6,270,99,1010.2,1018.5,,,,8,,16.2
156,堡林,2023-11-04 05:00,17.2,,.4,0,99,1010.4,1018.7,,,,7,,16.4
156,堡林,2023-11-04 06:00,17.2,0,.2,0,99,1010.6,1018.9,,,,6,,15.2
156,堡林,2023-11-04 07:00,16.9,,.2,0,99,1010.7,1019,0,.05,,8,,15.2
156,堡林,2023-11-04 08:00,17.5,,.5,340,99,1011.5,1019.8,0,.17,,9,,17.2
156,堡林,2023-11-04 09:00,18.6,,.5,70,99,1011.8,1020,.2,.54,,9,,21.3
156,堡林,2023-11-04 10:00,21.1,,.2,0,95,1011.8,1020,.6,1.25,,8,,30.8
156,堡林,2023-11-04 11:00,22.1,,.4,0,88,1012.2,1020.3,.5,1.49,,8,,33.1
156,堡林,2023-11-04 12:00,23.4,,.9,20,80,1011.4,1019.5,.9,2.03,,2,,39.7
156,堡林,2023-11-04 13:00,23.6,,.5,50,75,1010.7,1018.8,.2,1.33,,9,,34.7
156,堡林,2023-11-04 14:00,24.3,,.8,70,72,1010.4,1018.4,.1,1.12,,10,,33.8
156,堡林,2023-11-04 15:00,23.9,,.1,0,72,1010.3,1018.4,0,.66,,9,,28.9
156,堡林,2023-11-04 16:00,21.6,,2.3,200,83,1010.9,1019.1,0,.29,,10,,24.2
156,堡林,2023-11-04 17:00,19.6,,1.6,70,99,1011.6,1019.8,0,.15,,10,,20.5
156,堡林,2023-11-04 18:00,19.9,.4,1.2,50,99,1011.9,1020.2,0,.07,,10,,19
156,堡林,2023-11-04 19:00,19.9,,1,70,99,1012.2,1020.5,,,,10,,18.2
156,堡林,2023-11-04 20:00,19.8,,1.1,50,99,1012.2,1020.4,,,,9,,17.9
156,堡林,2023-11-04 21:00,19.9,,.5,90,99,1012.6,1020.9,,,,7,,18.3
156,堡林,2023-11-04 22:00,19.5,,.9,50,99,1012.9,1021.1,,,,7,,17
156,堡林,2023-11-04 23:00,19.4,,.5,320,99,1013.2,1021.4,,,,8,,17.2
156,堡林,2023-11-05 00:00,19,,1.3,50,99,1012.5,1020.7,,,,4,,16.6
156,堡林,2023-11-05 01:00,19.2,,.8,290,99,1012.7,1020.9,,,,6,,16.5
156,堡林,2023-11-05 02:00,19.2,,.8,70,99,1012.6,1020.8,,,,7,,17.2
156,堡林,2023-11-05 03:00,19.1,,.7,360,99,1012.5,1020.7,,,,10,,17.5
156,堡林,2023-11-05 04:00,19.2,,.8,70,99,1012.2,1020.4,,,,10,,17.9
156,堡林,2023-11-05 05:00,18.9,,1.1,50,99,1011.6,1019.8,,,,8,,17.2
156,堡林,2023-11-05 06:00,19.5,0,1.1,180,99,1011.4,1019.6,,,,3,,16.5
156,堡林,2023-11-05 07:00,19.3,,1.6,180,99,1011.7,1019.9,0,.05,,7,,16.1
156,堡林,2023-11-05 08:00,20.6,,1.9,180,93,1011.9,1020.1,.1,.17,,9,,18.6
156,堡林,2023-11-05 09:00,21.3,,2,160,88,1011.9,1020.1,.5,.65,,8,,20.9
156,堡林,2023-11-05 10:00,23,,2.1,180,81,1011.7,1019.8,.3,.95,,2,,28.2
156,堡林,2023-11-05 11:00,22.7,,1.9,110,80,1010.6,1018.7,.6,1.35,,7,,27.5
156,堡林,2023-11-05 12:00,23.2,,2.9,180,73,1009.7,1017.8,.5,1.56,,7,,30.5
156,堡林,2023-11-05 13:00,22.7,,3.1,180,77,1009.1,1017.2,0,.79,,10,,27.1
156,堡林,2023-11-05 14:00,22.5,,3.8,180,76,1008.3,1016.4,0,.61,,10,,25.3
156,堡林,2023-11-05 15:00,21.2,0,1.8,140,90,1007.4,1015.6,0,.38,,10,,21.3
156,堡林,2023-11-05 16:00,20,,1.3,140,98,1006.8,1015,0,.2,,10,,20.2
156,堡林,2023-11-05 17:00,19.5,,1.7,160,99,1006.5,1014.6,0,.1,,10,,19.7
156,堡林,2023-11-05 18:00,19.8,1.3,3.1,180,99,1006.1,1014.2,0,.07,,10,,19.2
156,堡林,2023-11-05 19:00,19.4,,1.4,140,99,1005.6,1013.7,,,,10,,19
156,堡林,2023-11-05 20:00,20.1,,2.7,180,99,1005,1013.2,,,,6,,18.3
156,堡林,2023-11-05 21:00,20.5,.5,2.4,180,99,1004.7,1012.9,,,,10,,18.8
156,堡林,2023-11-05 22:00,21,,2.3,180,99,1003.7,1011.8,,,,10,,19
156,堡林,2023-11-05 23:00,21.1,,3.2,180,99,1002.2,1010.3,,,,10,,19.4
156,堡林,2023-11-06 00:00,21.3,0,1.8,180,99,1001,1009.1,,,,10,,19.3
156,堡林,2023-11-06 01:00,22.2,,4.7,200,99,1000.4,1008.5,,,,10,,19.7
156,堡林,2023-11-06 02:00,22,,3.7,200,98,1000,1008.1,,,,10,,19.9
156,堡林,2023-11-06 03:00,20.4,2.7,3.9,200,99,999.3,1007.4,,,,10,,19.8
156,堡林,2023-11-06 04:00,20.2,,4.6,200,99,997.3,1005.4,,,,10,,19.6
156,堡林,2023-11-06 05:00,19.7,,2.5,250,99,997.8,1005.9,,,,10,,19.6
156,堡林,2023-11-06 06:00,19.6,20.7,1.9,250,99,997.9,1006,,,,10,,19.6
156,堡林,2023-11-06 07:00,19.6,,3.4,230,99,998.1,1006.2,0,.06,,10,,19.3
156,堡林,2023-11-06 08:00,18.6,,4.4,270,99,999.2,1007.3,0,.07,,10,,18.8
156,堡林,2023-11-06 09:00,17,3.4,2.5,270,99,1001.2,1009.4,0,.09,,10,,18.1
156,堡林,2023-11-06 10:00,17.3,,2.3,290,98,1002.4,1010.6,0,.36,,10,,19
156,堡林,2023-11-06 11:00,17.4,,2.3,270,93,1003.2,1011.4,0,.63,,10,,19.3
156,堡林,2023-11-06 12:00,16.9,0,2.7,270,95,1003.3,1011.5,0,.6,,10,,19.8
156,堡林,2023-11-06 13:00,17.1,,3.3,290,81,1003,1011.2,.2,.93,,8,,19.6
156,堡林,2023-11-06 14:00,17.5,,3.9,270,66,1003.1,1011.3,.6,1.35,,6,,20.6
156,堡林,2023-11-06 15:00,17.1,0,4.7,270,58,1003.7,1011.9,.8,1.56,,7,,20.6
156,堡林,2023-11-06 16:00,16.5,,4,270,51,1004.4,1012.7,.8,1.07,,1,,17.8
156,堡林,2023-11-06 17:00,14.8,,2.6,290,63,1005,1013.3,.6,.54,,2,,13.9
156,堡林,2023-11-06 18:00,13.7,,2.3,290,61,1006,1014.4,0,.09,,1,,11.7
156,堡林,2023-11-06 19:00,13,,1.7,270,66,1006.7,1015.1,,,,3,,11
156,堡林,2023-11-06 20:00,13.1,,4,270,67,1007.1,1015.5,,,,10,,11.6
156,堡林,2023-11-06 21:00,12.6,0,3.3,290,56,1008.4,1016.8,,,,3,,10
156,堡林,2023-11-06 22:00,12.4,,2.6,270,52,1009.1,1017.5,,,,0,,9.8
156,堡林,2023-11-06 23:00,12.4,,2.4,270,54,1009.6,1018.1,,,,9,,10.5
156,堡林,2023-11-07 00:00,12.2,0,2.8,290,55,1009.8,1018.3,,,,7,,10.1
156,堡林,2023-11-07 01:00,11.7,,2.1,290,55,1009.8,1018.3,,,,0,,9.4
156,堡林,2023-11-07 02:00,11.6,,2.2,290,54,1010.3,1018.8,,,,1,,8.7
156,堡林,2023-11-07 03:00,11.1,,2,290,55,1010.5,1019,,,,2,,7.9
156,堡林,2023-11-07 04:00,10.7,,1.5,270,54,1010.6,1019.1,,,,0,,7.5
156,堡林,2023-11-07 05:00,10.8,,1.4,270,57,1010.6,1019.1,,,,8,,8.4
156,堡林,2023-11-07 06:00,11.4,,.9,340,61,1011,1019.5,,,,9,,9.9
156,堡林,2023-11-07 07:00,11.1,,2.8,20,80,1011.6,1020.1,0,.06,,8,,9.9
156,堡林,2023-11-07 08:00,10.9,,1.2,360,81,1012.6,1021.1,0,.15,,9,,11
156,堡林,2023-11-07 09:00,11.3,0,1.1,360,78,1013.4,1021.9,0,.22,,9,,12.3
156,堡林,2023-11-07 10:00,11.9,,2.2,50,73,1013.5,1022,0,.49,,9,,14.3
156,堡林,2023-11-07 11:00,12.7,,2.2,50,67,1013.9,1022.4,.3,1.19,,6,,19.7
156,堡林,2023-11-07 12:00,12.9,,2.3,20,61,1013.7,1022.2,.7,1.79,,7,,19.9
156,堡林,2023-11-07 13:00,14.2,,2.3,50,55,1013.3,1021.7,.8,2.04,,3,,24.2
156,堡林,2023-11-07 14:00,14.4,,2.3,50,52,1013,1021.4,1,2.25,,2,,24.8
156,堡林,2023-11-07 15:00,13.8,,2.1,20,53,1013.3,1021.7,1,1.8,,0,,21.7
156,堡林,2023-11-07 16:00,13.6,,1.7,50,53,1013.7,1022.1,1,1.28,,0,,18.6
156,堡林,2023-11-07 17:00,12.2,,1.8,20,56,1014.1,1022.6,1,.6,,0,,12.4
156,堡林,2023-11-07 18:00,10.5,,1.2,50,67,1014.6,1023.2,.3,.1,,0,,10
156,堡林,2023-11-07 19:00,10.3,,1.4,50,69,1015.3,1023.9,,,,0,,8.8
156,堡林,2023-11-07 20:00,9.6,,2,50,64,1015.6,1024.2,,,,0,,7.8
156,堡林,2023-11-07 21:00,8.7,,1.2,50,70,1015.6,1024.2,,,,0,,7
156,堡林,2023-11-07 22:00,7.5,,.7,50,77,1015.6,1024.3,,,,0,,6.2
156,堡林,2023-11-07 23:00,7.5,,.2,0,72,1015.3,1024,,,,0,,5.7
156,堡林,2023-11-08 00:00,6.5,,1.1,70,77,1014.7,1023.4,,,,0,,5.3
156,堡林,2023-11-08 01:00,6.7,,.8,50,75,1014.6,1023.3,,,,0,,4.8
156,堡林,2023-11-08 02:00,6.3,,1,50,76,1014.5,1023.2,,,,0,,4.5
156,堡林,2023-11-08 03:00,5.8,,.7,290,80,1014.5,1023.2,,,,0,,4
156,堡林,2023-11-08 04:00,5.6,,.5,50,82,1013.9,1022.6,,,,0,,3.8
156,堡林,2023-11-08 05:00,4.8,,.5,70,81,1014,1022.7,,,,0,,3.4
156,堡林,2023-11-08 06:00,4.2,,.1,0,84,1014.5,1023.3,,,,0,,3
156,堡林,2023-11-08 07:00,3.9,,1.1,70,86,1014.4,1023.2,0,.06,,0,,2.8
156,堡林,2023-11-08 08:00,5,,.6,50,86,1014.6,1023.4,.2,.21,,1,,3.7
156,堡林,2023-11-08 09:00,7.4,,1,270,76,1015.4,1024.1,1,.92,,0,,8.6
156,堡林,2023-11-08 10:00,9.2,,.2,0,67,1015.3,1023.9,1,1.6,,0,,17.7
156,堡林,2023-11-08 11:00,12.2,,.6,70,44,1014.9,1023.4,1,2.12,,1,,23
156,堡林,2023-11-08 12:00,15.1,,.9,90,42,1013.5,1021.9,1,2.33,,4,,24.8
156,堡林,2023-11-08 13:00,17.1,,.6,270,39,1012.6,1020.9,1,2.02,,6,,25.4
156,堡林,2023-11-08 14:00,18,,.8,340,39,1012.4,1020.7,1,2.29,,3,,26.3
156,堡林,2023-11-08 15:00,18.9,,1.9,250,40,1012.5,1020.7,1,1.85,,0,,24.3
156,堡林,2023-11-08 16:00,18.1,,1,230,43,1012.5,1020.8,.7,.89,,7,,19
156,堡林,2023-11-08 17:00,16.3,,1.6,250,47,1012.5,1020.9,.3,.36,,6,,14
156,堡林,2023-11-08 18:00,15.4,,.9,200,45,1012.7,1021.1,0,.09,,3,,11.6
156,堡林,2023-11-08 19:00,14.8,,1.1,230,43,1013.4,1021.8,,,,6,,10.8
156,堡林,2023-11-08 20:00,14.2,,1.6,230,49,1013.9,1022.3,,,,8,,10.1
156,堡林,2023-11-08 21:00,13.2,,1.3,50,57,1013.3,1021.7,,,,5,,9.9
156,堡林,2023-11-08 22:00,12.8,,1,270,62,1013.9,1022.4,,,,3,,9
156,堡林,2023-11-08 23:00,11.4,,.5,50,75,1013.9,1022.4,,,,7,,8.2
156,堡林,2023-11-09 00:00,10.9,,.1,0,78,1013.9,1022.4,,,,3,,7.9
156,堡林,2023-11-09 01:00,10.4,,.7,50,82,1013.6,1022.2,,,,4,,7.4
156,堡林,2023-11-09 02:00,10.2,,.6,110,85,1013.6,1022.2,,,,7,,7.5
156,堡林,2023-11-09 03:00,10,,0,0,86,1013.2,1021.8,,,,4,,7.2
156,堡林,2023-11-09 04:00,9.5,,.5,290,92,1013.1,1021.7,,,,6,,7.4
156,堡林,2023-11-09 05:00,9.2,,.2,0,95,1012.7,1021.3,,,,0,,6.9
156,堡林,2023-11-09 06:00,8.9,,.6,230,98,1013.1,1021.7,,,,0,,6.8
156,堡林,2023-11-09 07:00,9.1,,.4,0,97,1013.3,1021.9,,,,3,,6.7
156,堡林,2023-11-09 08:00,10,,.1,0,96,1013.1,1021.7,.2,.22,,3,,8.6
156,堡林,2023-11-09 09:00,12.6,,.3,0,87,1013.5,1022,1,.85,,1,,13.3
156,堡林,2023-11-09 10:00,16.2,,.5,70,76,1013.2,1021.6,1,1.51,,7,,22.3
156,堡林,2023-11-09 11:00,18.4,,.3,0,72,1012.6,1020.8,.9,1.71,,7,,24.4
156,堡林,2023-11-09 12:00,19.3,,.6,270,71,1012.1,1020.3,.4,1.43,,9,,24
156,堡林,2023-11-09 13:00,19.9,,.6,290,68,1011.2,1019.4,.4,1.38,,8,,23.4
156,堡林,2023-11-09 14:00,19.9,,.2,0,70,1010.4,1018.6,0,1.08,,10,,22.7
156,堡林,2023-11-09 15:00,19.9,,.7,70,73,1010.4,1018.6,0,.49,,9,,20.7
156,堡林,2023-11-09 16:00,19.9,,1.5,180,76,1010.2,1018.4,0,.27,,10,,19.1
156,堡林,2023-11-09 17:00,19.4,,.6,200,79,1009.8,1018,0,.22,,10,,18
156,堡林,2023-11-09 18:00,19.2,,2.2,200,81,1010.1,1018.3,0,.06,,10,,16.9
156,堡林,2023-11-09 19:00,18.7,,1.4,200,84,1010.3,1018.5,,,,10,,16.6
156,堡林,2023-11-09 20:00,17.5,,1.6,200,94,1010.4,1018.7,,,,10,,16.4
156,堡林,2023-11-09 21:00,17.8,.2,1.2,230,91,1010.1,1018.4,,,,10,,16.3
156,堡林,2023-11-09 22:00,16.1,,.7,270,99,1011.2,1019.5,,,,10,,16
156,堡林,2023-11-09 23:00,15.7,,.7,50,99,1010.8,1019.2,,,,10,,15.9
156,堡林,2023-11-10 00:00,15.6,14.5,1,250,99,1010.8,1019.2,,,,10,,15.8
156,堡林,2023-11-10 01:00,13.7,,1.5,20,99,1011.3,1019.7,,,,10,,14.8
156,堡林,2023-11-10 02:00,12.3,,2.9,70,99,1011.4,1019.9,,,,10,,14.3
156,堡林,2023-11-10 03:00,11.6,3.5,2.7,70,99,1011.4,1019.9,,,,10,,13.6
156,堡林,2023-11-10 04:00,10.8,,1.1,50,99,1011.8,1020.3,,,,10,,13
156,堡林,2023-11-10 05:00,10.9,,1.6,50,97,1011.9,1020.4,,,,10,,12.2
156,堡林,2023-11-10 06:00,10,,2,50,86,1012.4,1021,,,,9,,11.1
156,堡林,2023-11-10 07:00,9.2,,2.2,50,87,1013.3,1021.9,,,,9,,10.2
156,堡林,2023-11-10 08:00,8.6,,2.2,50,90,1014.1,1022.7,0,.15,,8,,9.7
156,堡林,2023-11-10 09:00,8.4,,2.9,70,83,1015,1023.6,.7,.65,,6,,11.4
156,堡林,2023-11-10 10:00,8.6,,2.6,50,56,1015.6,1024.2,.7,1.16,,7,,14.1
156,堡林,2023-11-10 11:00,9.3,,2.2,50,49,1015.7,1024.3,.7,1.37,,7,,15.7
156,堡林,2023-11-10 12:00,10.9,,1.8,50,49,1015.4,1024,1,2.09,,6,,21.7
156,堡林,2023-11-10 13:00,11.1,,4.8,50,37,1014.9,1023.4,.9,2.04,,8,,22.4
156,堡林,2023-11-10 14:00,10.8,,2.7,50,40,1015,1023.6,1,2.31,,8,,20.5
156,堡林,2023-11-10 15:00,10.2,,3,50,45,1015.5,1024.1,1,1.47,,8,,18.2
156,堡林,2023-11-10 16:00,9.8,,1.6,50,50,1016.4,1025,.9,1.13,,7,,15.7
156,堡林,2023-11-10 17:00,8.7,,2.4,50,51,1016.8,1025.4,1,.57,,3,,9.6
156,堡林,2023-11-10 18:00,7.8,,2.5,20,51,1017.6,1026.3,.3,.1,,0,,7.1
156,堡林,2023-11-10 19:00,6.7,,2.8,50,52,1018.3,1027,,,,0,,5.8
156,堡林,2023-11-10 20:00,6.3,,2.5,50,49,1018.5,1027.2,,,,0,,4.8
156,堡林,2023-11-10 21:00,5.2,,2.6,50,56,1019.1,1027.9,,,,0,,4
156,堡林,2023-11-10 22:00,4.4,,2.3,70,53,1019.2,1028,,,,4,,3.3
156,堡林,2023-11-10 23:00,3.6,,2.5,70,57,1019.4,1028.2,,,,1,,2.7
156,堡林,2023-11-11 00:00,3.9,,3.6,70,54,1019,1027.8,,,,0,,2.7
156,堡林,2023-11-11 01:00,3.3,,1.3,50,58,1019.1,1027.9,,,,7,,2.6
156,堡林,2023-11-11 02:00,3.1,,2.6,50,58,1019.2,1028,,,,7,,2.6
156,堡林,2023-11-11 03:00,3.1,,1.5,70,59,1019.2,1028,,,,7,,2.5
156,堡林,2023-11-11 04:00,2.5,,1.9,70,63,1019.3,1028.2,,,,8,,2.2
156,堡林,2023-11-11 05:00,2.3,,2.7,70,66,1018.8,1027.7,,,,5,,1.8
156,堡林,2023-11-11 06:00,2.2,,3.1,70,64,1018.5,1027.4,,,,0,,1.3
156,堡林,2023-11-11 07:00,2.3,,2,50,61,1019.9,1028.8,,,,0,,1.2
156,堡林,2023-11-11 08:00,2.2,,1.2,50,66,1020.4,1029.3,0,.15,,4,,2.2
156,堡林,2023-11-11 09:00,4.3,,1.1,50,51,1020.7,1029.5,.6,.66,,7,,6.9
156,堡林,2023-11-11 10:00,5.8,,1,290,52,1021.3,1030.1,.7,1.3,,5,,15
156,堡林,2023-11-11 11:00,6.2,,1.4,50,31,1020.8,1029.6,.6,1.44,,7,,13.7
156,堡林,2023-11-11 12:00,7.7,,1.2,70,33,1020.1,1028.8,.5,1.69,,7,,16.8
156,堡林,2023-11-11 13:00,8.6,,.8,360,30,1019.2,1027.9,.9,2.24,,1,,21.4
156,堡林,2023-11-11 14:00,9.4,,1.5,340,31,1018.5,1027.1,1,2.21,,0,,21.3
156,堡林,2023-11-11 15:00,9.9,,1.4,340,35,1018.1,1026.7,1,1.75,,0,,18
156,堡林,2023-11-11 16:00,8.8,,1.5,20,40,1019,1027.6,1,1.21,,1,,14
156,堡林,2023-11-11 17:00,7,,2.7,50,60,1019.5,1028.2,1,.52,,0,,8.2
156,堡林,2023-11-11 18:00,6.1,,1.4,50,67,1019.6,1028.4,0,.08,,4,,6.6
156,堡林,2023-11-11 19:00,5.8,,2,70,71,1019.3,1028.1,,,,8,,6.3
156,堡林,2023-11-11 20:00,5.8,,1.9,50,71,1019.8,1028.6,,,,6,,6.7
156,堡林,2023-11-11 21:00,5.7,,2.3,70,70,1020.2,1029,,,,9,,6.3
156,堡林,2023-11-11 22:00,5.2,,2.2,70,71,1020,1028.8,,,,9,,5.8
156,堡林,2023-11-11 23:00,4.9,,1.9,70,70,1020,1028.8,,,,8,,4.7
156,堡林,2023-11-12 00:00,4.6,,2.3,70,73,1019.7,1028.5,,,,8,,4.3
156,堡林,2023-11-12 01:00,4.9,,2.1,70,69,1020.1,1028.9,,,,7,,5.1
156,堡林,2023-11-12 02:00,5,,1.6,70,66,1019.7,1028.5,,,,10,,5.5
156,堡林,2023-11-12 03:00,5,,1.3,50,66,1020,1028.8,,,,9,,5.8
156,堡林,2023-11-12 04:00,4.6,,1.8,70,68,1019.5,1028.3,,,,4,,4.8
156,堡林,2023-11-12 05:00,4.9,,2,50,66,1019.8,1028.6,,,,9,,5.5
156,堡林,2023-11-12 06:00,4.5,,2.5,70,64,1019.1,1027.9,,,,9,,5.1
156,堡林,2023-11-12 07:00,4.2,,2.4,70,65,1019.2,1028,,,,7,,4.8
156,堡林,2023-11-12 08:00,4.5,,1.8,70,65,1019.5,1028.3,0,.12,,8,,5.3
156,堡林,2023-11-12 09:00,6,,1.8,50,59,1019.6,1028.4,.8,.77,,3,,9.4
156,堡林,2023-11-12 10:00,6.6,,1.1,20,60,1019.6,1028.3,.8,1.2,,7,,12
156,堡林,2023-11-12 11:00,8,,2,360,53,1019.3,1028,.8,1.67,,5,,16.9
156,堡林,2023-11-12 12:00,8.1,,1.8,20,52,1019,1027.7,.8,1.84,,6,,19.5
156,堡林,2023-11-12 13:00,8.7,,2.6,20,50,1018.1,1026.7,.4,1.39,,6,,17.7
156,堡林,2023-11-12 14:00,8.8,,1.4,360,52,1017.4,1026,.7,1.58,,6,,18
156,堡林,2023-11-12 15:00,8.2,,2.4,20,53,1017.2,1025.9,.8,1.55,,4,,17
156,堡林,2023-11-12 16:00,7,,1.8,360,59,1017.6,1026.3,.7,.94,,8,,12.9
156,堡林,2023-11-12 17:00,6.3,,2.3,50,57,1017.5,1026.2,.4,.37,,6,,8.3
156,堡林,2023-11-12 18:00,5.3,,1.6,50,74,1018,1026.8,.3,.1,,9,,7.1
156,堡林,2023-11-12 19:00,5.4,,1.8,50,67,1018.3,1027.1,,,,3,,5.4
156,堡林,2023-11-12 20:00,5.1,,1.1,20,70,1018.5,1027.3,,,,7,,4.9
156,堡林,2023-11-12 21:00,5.2,,1.9,20,68,1018.8,1027.6,,,,5,,4.1
156,堡林,2023-11-12 22:00,4.5,,1.7,50,70,1019,1027.8,,,,5,,3.2
156,堡林,2023-11-12 23:00,3.7,,2.2,70,79,1019.4,1028.2,,,,4,,3.5
156,堡林,2023-11-13 00:00,3.6,,.7,90,81,1019.1,1027.9,,,,5,,3.6
156,堡林,2023-11-13 01:00,3,,1.2,70,87,1019,1027.8,,,,1,,2.9
156,堡林,2023-11-13 02:00,3,,1.6,70,86,1018.9,1027.7,,,,6,,2.7
156,堡林,2023-11-13 03:00,3,,2,70,91,1018.7,1027.5,,,,6,,3.5
156,堡林,2023-11-13 04:00,2.3,,1.5,70,90,1018.8,1027.7,,,,0,,2.2
156,堡林,2023-11-13 05:00,1.7,,2,70,89,1018.7,1027.6,,,,0,,1.2
156,堡林,2023-11-13 06:00,2.4,,1.4,70,75,1019.1,1028,,,,0,,1
156,堡林,2023-11-13 07:00,2.5,,2.6,70,64,1019.8,1028.7,,,,0,,.6
156,堡林,2023-11-13 08:00,3.5,,2.8,50,60,1020.3,1029.1,.1,.16,,0,,1.2
156,堡林,2023-11-13 09:00,5,,2.3,50,56,1021,1029.8,1,.86,,0,,7.2
156,堡林,2023-11-13 10:00,6.8,,3,50,51,1021.2,1029.9,1,1.53,,0,,14.1
156,堡林,2023-11-13 11:00,8.1,,3.1,50,48,1021.2,1029.9,1,2.07,,1,,18.3
156,堡林,2023-11-13 12:00,8.2,,2,20,47,1020.7,1029.4,1,2.28,,1,,21
156,堡林,2023-11-13 13:00,8.8,,3,50,46,1020.1,1028.8,1,2.41,,1,,21.7
156,堡林,2023-11-13 14:00,9.5,,2.8,50,50,1019.3,1027.9,1,2.27,,3,,21.9
156,堡林,2023-11-13 15:00,9.2,,3.1,50,52,1019,1027.6,1,1.8,,4,,19.3
156,堡林,2023-11-13 16:00,8.5,,2.1,50,56,1019,1027.7,.9,1.01,,1,,13.4
156,堡林,2023-11-13 17:00,7.5,,1.7,20,61,1019.2,1027.9,.8,.49,,1,,7.8
156,堡林,2023-11-13 18:00,6.4,,1.7,50,65,1019.4,1028.1,0,.08,,2,,5.3
156,堡林,2023-11-13 19:00,5.5,,1,50,74,1019.8,1028.6,,,,0,,4.1
156,堡林,2023-11-13 20:00,5.3,,1,50,75,1020.2,1029,,,,0,,3.6
156,堡林,2023-11-13 21:00,5.3,,.9,50,76,1020.3,1029.1,,,,2,,2.9
156,堡林,2023-11-13 22:00,4.9,,.2,0,79,1020.6,1029.4,,,,4,,2.5
156,堡林,2023-11-13 23:00,4.9,,.8,70,79,1020.4,1029.2,,,,0,,2.8
156,堡林,2023-11-14 00:00,4,,1.4,70,85,1020.2,1029,,,,2,,2.5
156,堡林,2023-11-14 01:00,4.2,,.2,0,87,1020.1,1028.9,,,,0,,1.7
156,堡林,2023-11-14 02:00,4.2,,.9,70,85,1020.1,1028.9,,,,0,,2.8
156,堡林,2023-11-14 03:00,4.2,,.4,0,86,1019.7,1028.5,,,,6,,2.7
156,堡林,2023-11-14 04:00,4.5,,.6,20,87,1019.2,1028,,,,9,,4
156,堡林,2023-11-14 05:00,4.3,,.3,0,90,1019,1027.8,,,,9,,5.1
156,堡林,2023-11-14 06:00,4.7,,.5,320,88,1019,1027.8,,,,9,,5.5
156,堡林,2023-11-14 07:00,4.9,,.7,20,88,1019,1027.8,,,,9,,5.7
156,堡林,2023-11-14 08:00,5.8,,1.1,70,80,1019.2,1028,.1,.19,,6,,6.1
156,堡林,2023-11-14 09:00,7.6,,1.6,50,69,1019.6,1028.3,.7,.73,,8,,9.6
156,堡林,2023-11-14 10:00,8.5,,2.1,70,65,1019.9,1028.6,.1,.91,,9,,12.5
156,堡林,2023-11-14 11:00,10,,1.2,90,60,1019.7,1028.3,.6,1.54,,1,,19.4
156,堡林,2023-11-14 12:00,11.9,,3.2,50,54,1018.8,1027.3,1,2.26,,1,,22.5
156,堡林,2023-11-14 13:00,12.2,,1.7,20,52,1017.8,1026.3,.8,1.85,,6,,19
156,堡林,2023-11-14 14:00,12.2,,1.1,340,53,1017.3,1025.8,.2,.9,,7,,16.7
156,堡林,2023-11-14 15:00,11.1,,.9,290,59,1017.2,1025.8,0,.47,,9,,12.4
156,堡林,2023-11-14 16:00,10.5,,.9,360,63,1017.1,1025.7,0,.21,,9,,11
156,堡林,2023-11-14 17:00,10.1,,.7,340,66,1017.4,1026,0,.13,,9,,10.1
156,堡林,2023-11-14 18:00,9.8,,.6,20,68,1017.3,1025.9,0,.06,,9,,9.4
156,堡林,2023-11-14 19:00,9.7,,.8,50,69,1017.7,1026.3,,,,7,,8.8
156,堡林,2023-11-14 20:00,9,,.2,0,73,1018.1,1026.7,,,,0,,7.9
156,堡林,2023-11-14 21:00,8.6,,.4,0,77,1018.2,1026.8,,,,9,,7.3
156,堡林,2023-11-14 22:00,8.3,,.1,0,78,1018.5,1027.2,,,,6,,6.4
156,堡林,2023-11-14 23:00,7.4,,0,0,83,1018.4,1027.1,,,,4,,4.7
156,堡林,2023-11-15 00:00,7.3,,.7,340,91,1018.4,1027.1,,,,0,,4.1
156,堡林,2023-11-15 01:00,6.4,,.1,0,97,1018.8,1027.5,,,,0,,3.9
156,堡林,2023-11-15 02:00,6,,.6,70,98,1019.1,1027.9,,,,0,,3.3
156,堡林,2023-11-15 03:00,5.6,,.6,270,98,1019.2,1028,,,,0,,2.7
156,堡林,2023-11-15 04:00,4.7,,0,0,99,1019.1,1027.9,,,,0,,2.3
156,堡林,2023-11-15 05:00,4.7,,.2,0,99,1019.3,1028.1,,,,0,,2
156,堡林,2023-11-15 06:00,4.4,,.1,0,99,1019.7,1028.5,,,,1,,2
156,堡林,2023-11-15 07:00,5.2,,.1,0,99,1020,1028.8,,,,8,,4.9
156,堡林,2023-11-15 08:00,5.6,,.1,0,99,1020.7,1029.5,0,.07,,9,,6.2
156,堡林,2023-11-15 09:00,6.4,,.3,0,98,1020.9,1029.7,.1,.31,,2,,8.4
156,堡林,2023-11-15 10:00,8.7,,.5,290,83,1021,1029.7,1,1.35,,0,,16
156,堡林,2023-11-15 11:00,11.6,,1.4,50,66,1020.5,1029.1,1,1.82,,0,,20.4
156,堡林,2023-11-15 12:00,13.2,,1.2,90,58,1019.8,1028.3,1,2.16,,0,,23.4
156,堡林,2023-11-15 13:00,13.5,,1.1,180,57,1018.8,1027.3,1,2.36,,0,,24.9
156,堡林,2023-11-15 14:00,14.6,,1.6,270,53,1018.8,1027.2,1,1.93,,1,,23.8
156,堡林,2023-11-15 15:00,14.6,,1.4,270,50,1018.9,1027.3,.7,1.29,,4,,20.4
156,堡林,2023-11-15 16:00,13.5,,.9,360,49,1019,1027.5,.9,1,,1,,15.1
156,堡林,2023-11-15 17:00,12.2,,1.3,20,55,1018.3,1026.8,.9,.42,,0,,10.5
156,堡林,2023-11-15 18:00,10.3,,1.7,50,64,1018.7,1027.3,0,.06,,0,,7.6
156,堡林,2023-11-15 19:00,10.2,,.5,290,65,1019.7,1028.3,,,,5,,6.7
156,堡林,2023-11-15 20:00,9.1,,0,0,71,1019.2,1027.8,,,,5,,5.8
156,堡林,2023-11-15 21:00,8.4,,.5,160,76,1019.1,1027.8,,,,4,,5.3
156,堡林,2023-11-15 22:00,7.9,,.3,0,79,1018.9,1027.6,,,,7,,4.6
156,堡林,2023-11-15 23:00,7.6,,.3,0,81,1018.8,1027.5,,,,0,,4
156,堡林,2023-11-16 00:00,6.8,,.3,0,90,1018.7,1027.4,,,,5,,3.7
156,堡林,2023-11-16 01:00,6.8,,.2,0,88,1018.3,1027,,,,10,,5.1
156,堡林,2023-11-16 02:00,6.5,,.9,50,92,1017.7,1026.4,,,,9,,5
156,堡林,2023-11-16 03:00,5.9,,.4,0,96,1017.8,1026.5,,,,9,,4.7
156,堡林,2023-11-16 04:00,5.7,,.8,250,97,1017.7,1026.5,,,,9,,5
156,堡林,2023-11-16 05:00,5.7,,.2,0,97,1017.3,1026.1,,,,10,,5.2
156,堡林,2023-11-16 06:00,6.1,,.7,90,95,1015.6,1024.3,,,,9,,5.7
156,堡林,2023-11-16 07:00,6,,1.1,270,95,1015.8,1024.5,,,,10,,6
156,堡林,2023-11-16 08:00,6.2,,.3,0,95,1015.5,1024.2,0,.1,,10,,6.8
156,堡林,2023-11-16 09:00,7.8,,.4,0,84,1014.2,1022.8,0,.32,,10,,9.4
156,堡林,2023-11-16 10:00,8.1,,.8,270,92,1014.3,1022.9,0,.39,,10,,10.8
156,堡林,2023-11-16 11:00,7.3,,1.5,70,99,1013,1021.7,0,.27,,10,,10.2
156,堡林,2023-11-16 12:00,7.9,1.6,1,50,99,1011.6,1020.2,0,.36,,10,,11.2
156,堡林,2023-11-16 13:00,7.9,,.5,320,99,1010.3,1018.9,0,.37,,10,,10.9
156,堡林,2023-11-16 14:00,7.6,,.7,250,99,1011,1019.6,0,.21,,10,,10
156,堡林,2023-11-16 15:00,7.9,7.5,.4,0,99,1010.4,1019,0,.17,,10,,9.6
156,堡林,2023-11-16 16:00,8.1,,.1,0,99,1010.6,1019.2,0,.14,,10,,9.6
156,堡林,2023-11-16 17:00,8.1,,.3,0,99,1009.8,1018.4,0,.14,,10,,9.4
156,堡林,2023-11-16 18:00,7.4,3.3,.7,180,99,1009.6,1018.2,0,.1,,8,,7.5
156,堡林,2023-11-16 19:00,7.6,,.3,0,99,1009.9,1018.5,,,,9,,7.8
156,堡林,2023-11-16 20:00,7.7,,.8,230,99,1009.9,1018.5,,,,10,,8.2
156,堡林,2023-11-16 21:00,7.3,0,1.3,230,99,1010.1,1018.7,,,,3,,6.7
156,堡林,2023-11-16 22:00,7,,.6,160,99,1009.5,1018.1,,,,4,,6.7
156,堡林,2023-11-16 23:00,7.3,,.9,250,99,1009.7,1018.3,,,,10,,6.9
156,堡林,2023-11-17 00:00,7,.3,1,200,99,1009.5,1018.1,,,,10,,7
156,堡林,2023-11-17 01:00,7.4,,.8,320,99,1009.2,1017.8,,,,10,,7.6
156,堡林,2023-11-17 02:00,7,,1,250,99,1008.8,1017.4,,,,10,,7.6
156,堡林,2023-11-17 03:00,7,.8,.8,270,99,1008.7,1017.3,,,,9,,7.2
156,堡林,2023-11-17 04:00,6.7,,.4,0,99,1008.1,1016.7,,,,10,,6.8
156,堡林,2023-11-17 05:00,6.8,,2.2,20,98,1008.1,1016.7,,,,3,,6
156,堡林,2023-11-17 06:00,5.5,0,1.8,50,98,1008.3,1017,,,,4,,5.4
156,堡林,2023-11-17 07:00,5.5,,1.3,50,97,1009.2,1017.9,,,,10,,6.1
156,堡林,2023-11-17 08:00,4.9,,.4,0,98,1009.1,1017.8,.1,.14,,1,,5.3
156,堡林,2023-11-17 09:00,6.1,.2,.8,70,67,1009,1017.7,.9,.71,,7,,8.5
156,堡林,2023-11-17 10:00,6.5,,1.6,230,86,1008.8,1017.4,.5,.95,,8,,12
156,堡林,2023-11-17 11:00,6.7,,1.8,250,74,1008.6,1017.2,.8,1.68,,10,,15
156,堡林,2023-11-17 12:00,6.8,.3,3.2,230,85,1007.1,1015.7,.6,1.27,,10,,15.7
156,堡林,2023-11-17 13:00,5.6,,1.5,290,97,1006.3,1015,.1,.64,,10,,11.6
156,堡林,2023-11-17 14:00,6.1,,1.1,270,97,1005.2,1013.8,.1,.73,,10,,12
156,堡林,2023-11-17 15:00,6.7,1.6,1.4,340,85,1005.2,1013.8,.1,.54,,10,,11.5
156,堡林,2023-11-17 16:00,5.1,,.6,340,97,1005.6,1014.3,.4,.61,,10,,9.5
156,堡林,2023-11-17 17:00,5.7,,1.8,320,88,1006.1,1014.8,0,.19,,10,,8.1
156,堡林,2023-11-17 18:00,5.2,.4,1.4,20,68,1006.1,1014.8,0,.07,,10,,6.2
156,堡林,2023-11-17 19:00,4.8,,1,20,63,1006.3,1015,,,,7,,4.8
156,堡林,2023-11-17 20:00,2.3,,1.3,320,95,1006.8,1015.6,,,,10,,4.8
156,堡林,2023-11-17 21:00,1.4,1.1,.8,230,99,1006.3,1015.1,,,,10,,4.1
156,堡林,2023-11-17 22:00,.6,,.2,0,99,1006.3,1015.1,,,,10,,.5
156,堡林,2023-11-17 23:00,.5,,.9,250,99,1006.8,1015.6,,,1,10,,.6
156,堡林,2023-11-18 00:00,.7,4.9,1.2,180,99,1006.4,1015.2,,,1,10,,.7
156,堡林,2023-11-18 01:00,2.6,,1.8,360,99,1005.9,1014.6,,,.8,8,,1.4
156,堡林,2023-11-18 02:00,2.4,,2,320,83,1006,1014.8,,,.6,6,,2.6
156,堡林,2023-11-18 03:00,2.1,0,3.2,320,84,1006.4,1015.2,,,.5,8,,2.6
156,堡林,2023-11-18 04:00,2,,3.2,360,75,1007.1,1015.9,,,.5,7,,1.5
156,堡林,2023-11-18 05:00,-.2,,1,20,99,1008.8,1017.7,,,3.3,10,,.7
156,堡林,2023-11-18 06:00,-.3,1.5,.9,50,99,1009.9,1018.8,,,3.8,4,,.8
156,堡林,2023-11-18 07:00,-.4,,.9,180,99,1010.3,1019.2,,,3.6,8,,.8
156,堡林,2023-11-18 08:00,.5,,1.2,140,98,1011.3,1020.2,0,.11,3.3,8,,2
156,堡林,2023-11-18 09:00,1.3,,1.1,180,95,1012.3,1021.2,0,.12,3.1,9,,3.7
156,堡林,2023-11-18 10:00,2.5,,.3,0,89,1012.6,1021.4,.1,.27,2.8,9,,5.2
156,堡林,2023-11-18 11:00,4.2,,.8,320,83,1012.8,1021.5,0,.42,2.1,9,,5.9
156,堡林,2023-11-18 12:00,6,,1.5,340,72,1012.4,1021.1,.1,.64,.9,9,,9.8
156,堡林,2023-11-18 13:00,6.5,,1.3,360,71,1012.2,1020.9,0,.51,,9,,8.6
156,堡林,2023-11-18 14:00,6.9,,2,340,71,1012,1020.7,.1,.57,,9,,9.3
156,堡林,2023-11-18 15:00,7.4,,2.6,340,70,1011.4,1020,.2,.65,,9,,10.1
156,堡林,2023-11-18 16:00,7.6,,1.6,360,68,1011.5,1020.1,.7,.81,,9,,10
156,堡林,2023-11-18 17:00,7.3,,3,340,68,1012.2,1020.8,.6,.39,,9,,7.5
156,堡林,2023-11-18 18:00,7.2,,1.8,340,69,1012.7,1021.4,0,.07,,9,,6.5
156,堡林,2023-11-18 19:00,7.1,,1,360,70,1012.8,1021.5,,,,0,,6.4
156,堡林,2023-11-18 20:00,7.2,,1.6,320,68,1013.3,1022,,,,5,,6.1
156,堡林,2023-11-18 21:00,6.7,,.8,360,69,1013.1,1021.8,,,,4,,4.6
156,堡林,2023-11-18 22:00,6.7,,.4,0,70,1013.5,1022.2,,,,2,,5.2
156,堡林,2023-11-18 23:00,6.4,,.2,0,73,1013.5,1022.2,,,,2,,5.4
156,堡林,2023-11-19 00:00,6.4,,0,0,72,1013.6,1022.3,,,,8,,5.5
156,堡林,2023-11-19 01:00,5.6,,.3,0,85,1013.4,1022.1,,,,0,,3.5
156,堡林,2023-11-19 02:00,4.3,,1.1,70,94,1013.4,1022.1,,,,0,,2.5
156,堡林,2023-11-19 03:00,4,,.3,0,97,1012.7,1021.5,,,,0,,1.9
156,堡林,2023-11-19 04:00,3.4,,.2,0,98,1012.3,1021.1,,,,0,,1.5
156,堡林,2023-11-19 05:00,3.1,,.3,0,99,1012.4,1021.2,,,,6,,1.7
156,堡林,2023-11-19 06:00,3.6,,.2,0,99,1012.4,1021.2,,,,9,,3.9
156,堡林,2023-11-19 07:00,3.7,,.1,0,99,1012.6,1021.4,,,,8,,4.3
156,堡林,2023-11-19 08:00,4.1,,.1,0,99,1012.8,1021.6,0,.12,,8,,5
156,堡林,2023-11-19 09:00,5.3,,.1,0,97,1012.9,1021.6,.2,.49,,2,,8.4
156,堡林,2023-11-19 10:00,7.4,,.6,320,83,1012.5,1021.1,1,1.38,,0,,14.7
156,堡林,2023-11-19 11:00,9.9,,.8,270,74,1012.1,1020.7,1,1.86,,0,,19.7
156,堡林,2023-11-19 12:00,12.7,,1.5,250,68,1011.1,1019.6,1,2.09,,4,,22.5
156,堡林,2023-11-19 13:00,13.5,,1.7,250,69,1010.3,1018.7,1,1.99,,4,,21.9
156,堡林,2023-11-19 14:00,13.7,,1.7,250,67,1009.7,1018.1,.9,1.8,,8,,20.1
156,堡林,2023-11-19 15:00,13.9,,2.1,270,63,1009.4,1017.8,.3,.95,,9,,16.1
156,堡林,2023-11-19 16:00,13.7,,2.4,270,68,1009.3,1017.7,0,.38,,9,,13.5
156,堡林,2023-11-19 17:00,13.5,,2.9,270,69,1009.1,1017.5,.3,.32,,7,,11.8
156,堡林,2023-11-19 18:00,12.9,,1.2,270,75,1009.6,1018,0,.07,,7,,10.6
156,堡林,2023-11-19 19:00,11.4,,1.2,230,87,1009.6,1018.1,,,,6,,8.4
156,堡林,2023-11-19 20:00,11.7,,.6,270,88,1010,1018.5,,,,8,,7.6
156,堡林,2023-11-19 21:00,11.5,,.9,270,94,1010.2,1018.7,,,,2,,7.3
156,堡林,2023-11-19 22:00,11.4,,1.8,320,92,1010.7,1019.2,,,,2,,7
156,堡林,2023-11-19 23:00,10.9,,.5,50,85,1011.3,1019.8,,,,4,,6.4
156,堡林,2023-11-20 00:00,9.9,,.6,230,90,1011.8,1020.4,,,,0,,5.6
156,堡林,2023-11-20 01:00,9.8,,1.9,20,82,1012.1,1020.6,,,,0,,5.2
156,堡林,2023-11-20 02:00,8.7,,1,50,83,1012.5,1021.1,,,,0,,4.5
156,堡林,2023-11-20 03:00,7.4,,2.1,50,84,1013,1021.6,,,,0,,3.9
156,堡林,2023-11-20 04:00,6.3,,1.3,50,71,1013.2,1021.9,,,,0,,2.9
156,堡林,2023-11-20 05:00,5.5,,2.5,70,75,1013.5,1022.2,,,,0,,2.2
156,堡林,2023-11-20 06:00,4.9,,2.2,70,80,1014,1022.8,,,,0,,1.8
156,堡林,2023-11-20 07:00,4.8,,1.3,70,81,1014.8,1023.5,,,,0,,1.5
156,堡林,2023-11-20 08:00,5.8,,0,0,73,1015.8,1024.5,.1,.14,,0,,2
156,堡林,2023-11-20 09:00,7.9,,1,70,66,1016.3,1025,1,.77,,0,,7.9
156,堡林,2023-11-20 10:00,9.7,,1.2,70,58,1016.7,1025.3,1,1.42,,0,,14.6
156,堡林,2023-11-20 11:00,11,,1.4,70,53,1016.4,1025,1,1.92,,0,,19.2
156,堡林,2023-11-20 12:00,12.6,,1,50,50,1015.9,1024.4,1,2.2,,0,,22.2
156,堡林,2023-11-20 13:00,13.5,,.7,50,42,1015.3,1023.8,1,2.28,,0,,23.9
156,堡林,2023-11-20 14:00,14.6,,.8,20,39,1014.6,1023,1,2.13,,0,,22.8
156,堡林,2023-11-20 15:00,14.7,,.9,320,30,1014.5,1022.9,1,1.74,,0,,20.7
156,堡林,2023-11-20 16:00,14.6,,1,320,30,1014.6,1023,1,1.18,,0,,15.9
156,堡林,2023-11-20 17:00,12.6,,1.2,320,37,1015,1023.5,1,.51,,0,,9.6
156,堡林,2023-11-20 18:00,11.2,,1,290,43,1015.5,1024.1,.3,.07,,0,,6.8
156,堡林,2023-11-20 19:00,9.7,,.6,290,53,1015.9,1024.5,,,,0,,5.4
156,堡林,2023-11-20 20:00,8.7,,.5,50,59,1015.8,1024.4,,,,0,,4.4
156,堡林,2023-11-20 21:00,7.7,,0,0,64,1015.9,1024.6,,,,0,,3.6
156,堡林,2023-11-20 22:00,6.7,,.6,180,68,1016,1024.7,,,,0,,2.9
156,堡林,2023-11-20 23:00,6.2,,.1,0,73,1016.1,1024.8,,,,0,,2.4
156,堡林,2023-11-21 00:00,5.6,,.2,0,78,1016.1,1024.8,,,,0,,2
156,堡林,2023-11-21 01:00,4.9,,.4,0,83,1015.9,1024.7,,,,0,,1.6
156,堡林,2023-11-21 02:00,4.4,,.2,0,88,1015.6,1024.4,,,,0,,1.2
156,堡林,2023-11-21 03:00,3.7,,.1,0,97,1015.4,1024.2,,,,0,,.9
156,堡林,2023-11-21 04:00,3.4,,0,0,94,1015.2,1024,,,,0,,.6
156,堡林,2023-11-21 05:00,2.7,,.4,0,97,1015.1,1023.9,,,,0,,.3
156,堡林,2023-11-21 06:00,2.6,,.2,0,98,1014.9,1023.7,,,,0,,.3
156,堡林,2023-11-21 07:00,2.4,,.3,0,97,1015.2,1024,,,,0,,.3
156,堡林,2023-11-21 08:00,2.8,,.4,0,98,1015.5,1024.3,.1,.14,,0,,.4
156,堡林,2023-11-21 09:00,4.9,,.4,0,88,1016.1,1024.9,1,.77,,0,,6.3
156,堡林,2023-11-21 10:00,7.9,,.5,50,69,1015.8,1024.5,1,1.39,,0,,13.9
156,堡林,2023-11-21 11:00,10.6,,.5,290,65,1015.3,1023.9,1,1.89,,0,,19
156,堡林,2023-11-21 12:00,13.4,,1.4,270,59,1014.4,1022.9,1,2.2,,0,,22.7
156,堡林,2023-11-21 13:00,14.4,,2.8,250,64,1013.4,1021.8,1,2.27,,0,,23.6
156,堡林,2023-11-21 14:00,15.4,,1.3,270,53,1012.3,1020.7,1,2.12,,0,,23.5
156,堡林,2023-11-21 15:00,16.3,,2,200,47,1011.7,1020,1,1.71,,0,,21.6
156,堡林,2023-11-21 16:00,15.8,,1.6,230,46,1011.8,1020.2,1,1.15,,0,,17
156,堡林,2023-11-21 17:00,14.1,,.7,230,53,1011.7,1020.1,1,.5,,0,,11.4
156,堡林,2023-11-21 18:00,12.9,,1.1,200,64,1011.9,1020.3,.2,.07,,0,,8.6
156,堡林,2023-11-21 19:00,11.5,,1,200,76,1012.2,1020.7,,,,0,,7.1
156,堡林,2023-11-21 20:00,10.4,,.1,0,85,1012.6,1021.2,,,,0,,6.1
156,堡林,2023-11-21 21:00,9.5,,.1,0,91,1012.7,1021.3,,,,0,,5.4
156,堡林,2023-11-21 22:00,8.9,,0,0,95,1012.8,1021.4,,,,0,,4.7
156,堡林,2023-11-21 23:00,7.9,,0,0,98,1012.5,1021.1,,,,0,,4.2
156,堡林,2023-11-22 00:00,7.1,,.4,0,99,1012.5,1021.2,,,,0,,3.7
156,堡林,2023-11-22 01:00,7,,.8,70,99,1012,1020.7,,,,0,,3.2
156,堡林,2023-11-22 02:00,6.2,,1,270,99,1012.2,1020.9,,,,0,,2.9
156,堡林,2023-11-22 03:00,5.1,,0,0,99,1012.3,1021,,,,0,,2.3
156,堡林,2023-11-22 04:00,4.9,,.3,0,99,1012.1,1020.8,,,,0,,2
156,堡林,2023-11-22 05:00,4.7,,.1,0,99,1012,1020.7,,,,0,,1.8
156,堡林,2023-11-22 06:00,4.4,,.2,0,99,1012,1020.7,,,,0,,1.7
156,堡林,2023-11-22 07:00,4.2,,.5,270,99,1011.9,1020.6,,,,1,,1.6
156,堡林,2023-11-22 08:00,4.3,,.8,290,99,1011.5,1020.2,0,.12,,2,,2.3
156,堡林,2023-11-22 09:00,6.7,,.5,290,99,1011.5,1020.2,.8,.6,,0,,7.7
156,堡林,2023-11-22 10:00,9.4,,.4,0,89,1011.6,1020.2,1,1.4,,8,,15.9
156,堡林,2023-11-22 11:00,12.6,,.7,320,74,1011.1,1019.6,1,1.83,,1,,20.5
156,堡林,2023-11-22 12:00,15.4,,.8,160,71,1009.8,1018.2,1,2.12,,2,,23.5
156,堡林,2023-11-22 13:00,16.8,,2.9,270,71,1009.3,1017.6,.9,1.91,,5,,23.3
156,堡林,2023-11-22 14:00,17.8,,2.4,230,64,1008.2,1016.4,1,2.06,,3,,24.3
156,堡林,2023-11-22 15:00,17.9,,1.9,230,62,1007.2,1015.4,1,1.59,,2,,22.4
156,堡林,2023-11-22 16:00,17.1,,2,250,66,1006.8,1015.1,1,1.05,,0,,18.1
156,堡林,2023-11-22 17:00,16.4,,.8,270,71,1007.3,1015.6,1,.44,,1,,13.4
156,堡林,2023-11-22 18:00,14.8,,1,250,80,1007.5,1015.8,.1,.08,,1,,10.9
156,堡林,2023-11-22 19:00,13.8,,1.3,180,87,1007.2,1015.6,,,,7,,9.6
156,堡林,2023-11-22 20:00,13.2,,.6,140,93,1007.1,1015.5,,,,6,,9.2
156,堡林,2023-11-22 21:00,13.3,,1.8,180,92,1006.7,1015.1,,,,8,,9.5
156,堡林,2023-11-22 22:00,13.9,,1.2,200,91,1006.7,1015.1,,,,9,,9.8
156,堡林,2023-11-22 23:00,13.6,,1.2,200,94,1006.6,1015,,,,8,,10.1
156,堡林,2023-11-23 00:00,13.1,,.7,250,97,1006.8,1015.2,,,,8,,10.8
156,堡林,2023-11-23 01:00,13.5,,.9,270,96,1006.5,1014.9,,,,10,,11.3
156,堡林,2023-11-23 02:00,12.9,,.8,270,97,1006.3,1014.7,,,,9,,11.5
156,堡林,2023-11-23 03:00,13.5,,1.4,270,98,1006.2,1014.6,,,,9,,11.4
156,堡林,2023-11-23 04:00,13.4,,.2,0,99,1005.9,1014.3,,,,6,,11.2
156,堡林,2023-11-23 05:00,13.9,,.9,250,99,1005.7,1014.1,,,,6,,10.3
156,堡林,2023-11-23 06:00,13.2,,.4,0,99,1005.5,1013.9,,,,9,,9.4
156,堡林,2023-11-23 07:00,13.1,,.7,230,99,1005.7,1014.1,,,,7,,9.1
156,堡林,2023-11-23 08:00,13.6,,.7,270,99,1006,1014.4,0,.09,,9,,10
156,堡林,2023-11-23 09:00,13.8,,.2,0,99,1006.6,1015,0,.4,,8,,12.9
156,堡林,2023-11-23 10:00,15.5,,1.1,230,99,1006.3,1014.6,.8,.91,,2,,17.4
156,堡林,2023-11-23 11:00,17,,1.4,230,86,1005.9,1014.2,.9,1.39,,4,,21.1
156,堡林,2023-11-23 12:00,17.4,,1.5,230,79,1005,1013.2,.8,1.7,,7,,22.4
156,堡林,2023-11-23 13:00,18.2,,2.1,200,72,1003.8,1012,.7,1.56,,4,,24.2
156,堡林,2023-11-23 14:00,18.9,,2,270,69,1004.1,1012.3,.9,1.61,,6,,24
156,堡林,2023-11-23 15:00,17.6,,3.4,270,66,1004.6,1012.8,.9,1.34,,4,,20.6
156,堡林,2023-11-23 16:00,15.4,,2.4,290,72,1005.6,1013.9,.7,.75,,0,,16
156,堡林,2023-11-23 17:00,13.7,,1.5,290,62,1006.7,1015.1,.3,.34,,0,,12.1
156,堡林,2023-11-23 18:00,12.8,,.8,270,69,1007.2,1015.6,0,.07,,0,,9.7
156,堡林,2023-11-23 19:00,12.6,,1.3,270,78,1007.5,1015.9,,,,5,,10.1
156,堡林,2023-11-23 20:00,12.4,,1.6,340,81,1008.5,1016.9,,,,9,,10.8
156,堡林,2023-11-23 21:00,10.9,0,2.1,320,77,1009.9,1018.4,,,,8,,9.6
156,堡林,2023-11-23 22:00,9.8,,1.2,290,73,1010.5,1019,,,,0,,7.9
156,堡林,2023-11-23 23:00,8.4,,2.9,340,82,1011.6,1020.2,,,,2,,7.5
156,堡林,2023-11-24 00:00,7.1,0,2.2,50,88,1012.5,1021.2,,,,10,,7.3
156,堡林,2023-11-24 01:00,7.3,,2.8,20,76,1012.6,1021.2,,,,8,,7.2
156,堡林,2023-11-24 02:00,7.1,,3.6,50,68,1013,1021.7,,,,9,,6.2
156,堡林,2023-11-24 03:00,6.6,0,3.2,50,58,1013.8,1022.5,,,,4,,5.3
156,堡林,2023-11-24 04:00,6.1,,3.2,50,61,1014.5,1023.2,,,,7,,5
156,堡林,2023-11-24 05:00,5.6,,3.3,50,57,1015.2,1023.9,,,,5,,4.6
156,堡林,2023-11-24 06:00,5.3,,2.8,20,61,1016,1024.8,,,,9,,4.5
156,堡林,2023-11-24 07:00,4.9,,2.2,50,56,1017.1,1025.9,,,,9,,4.4
156,堡林,2023-11-24 08:00,4.7,,3.3,50,58,1018,1026.8,0,.09,,8,,4.4
156,堡林,2023-11-24 09:00,4.1,,3.8,50,64,1019.3,1028.1,0,.26,,9,,5.7
156,堡林,2023-11-24 10:00,4,,3.2,50,64,1020.1,1028.9,0,.51,,8,,7.5
156,堡林,2023-11-24 11:00,4.6,,2.6,20,63,1020.2,1029,.2,.95,,8,,10.2
156,堡林,2023-11-24 12:00,4.6,0,2.7,20,60,1020.5,1029.3,.2,1.11,,8,,11.8
156,堡林,2023-11-24 13:00,4.5,,2,20,60,1020.4,1029.2,.2,1.06,,8,,11.6
156,堡林,2023-11-24 14:00,5.7,,2.6,50,60,1020,1028.8,.7,1.57,,6,,14.7
156,堡林,2023-11-24 15:00,4.7,0,3.5,20,53,1020.1,1028.9,.2,.29,,4,,10.4
156,堡林,2023-11-24 16:00,4.2,,3.2,50,56,1020.6,1029.4,0,0,,5,,7.3
156,堡林,2023-11-24 17:00,3.9,,2,50,53,1021,1029.8,0,0,,7,,4.7
156,堡林,2023-11-24 18:00,3.5,,3.6,50,52,1021.7,1030.6,0,0,,7,,3.6
156,堡林,2023-11-24 19:00,3.1,,2.6,20,53,1022.3,1031.2,,,,0,,2
156,堡林,2023-11-24 20:00,2.8,,2.2,50,57,1022.7,1031.6,,,,0,,1.8
156,堡林,2023-11-24 21:00,2.6,,2.8,50,58,1023,1031.9,,,,0,,2.1
156,堡林,2023-11-24 22:00,2.1,,2.2,50,59,1023.2,1032.1,,,,0,,1.5
156,堡林,2023-11-24 23:00,1.4,,2.5,70,61,1023.4,1032.3,,,,9,,.9
156,堡林,2023-11-25 00:00,.8,,2.1,70,59,1023.7,1032.7,,,,7,,.6
156,堡林,2023-11-25 01:00,.2,,2.4,70,59,1024,1033,,,,0,,.3
156,堡林,2023-11-25 02:00,-.3,,2.5,70,63,1024.1,1033.1,,,,0,,.1
156,堡林,2023-11-25 03:00,-.6,,2.2,50,64,1024.2,1033.2,,,,0,,-.2
156,堡林,2023-11-25 04:00,-.6,,3.4,70,63,1024.2,1033.2,,,,0,,-.4
156,堡林,2023-11-25 05:00,-1.2,,3.4,70,64,1024.2,1033.2,,,,0,,-.8
156,堡林,2023-11-25 06:00,-1.5,,2.4,70,65,1024.6,1033.7,,,,0,,-1.1
156,堡林,2023-11-25 07:00,-1.4,,3.4,70,63,1024.7,1033.8,,,,0,,-1.4
156,堡林,2023-11-25 08:00,-1.4,,1.7,70,64,1025.4,1034.5,,,,0,,-1.3
156,堡林,2023-11-25 09:00,.5,,3.3,70,51,1025.8,1034.8,,,,0,,.1
156,堡林,2023-11-25 10:00,1.8,,3.7,70,29,1025.6,1034.6,,,,0,,5.3
156,堡林,2023-11-25 11:00,3.2,,2.4,70,21,1024.9,1033.8,,,,0,,13.3
156,堡林,2023-11-25 12:00,4.7,,1.6,70,18,1024,1032.8,,,,0,,16.9
156,堡林,2023-11-25 13:00,5.3,,1,20,17,1023,1031.8,,,,0,,18.7
156,堡林,2023-11-25 14:00,6.2,,1.2,360,19,1022.2,1031,,,,0,,18.6
156,堡林,2023-11-25 15:00,6.5,,1.1,270,21,1021.7,1030.5,,,,0,,16.5
156,堡林,2023-11-25 16:00,6.1,,.7,360,23,1021.4,1030.2,,,,0,,11.2
156,堡林,2023-11-25 17:00,4.7,,1.3,320,31,1021.4,1030.2,,,,0,,4.6
156,堡林,2023-11-25 18:00,3.3,,1.1,290,34,1021.3,1030.2,,,,0,,1.7
156,堡林,2023-11-25 19:00,2.4,,.5,290,38,1021.9,1030.8,,,,0,,.3
156,堡林,2023-11-25 20:00,1.9,,.5,70,39,1022,1030.9,,,,0,,-.7
156,堡林,2023-11-25 21:00,1.5,,1.5,50,41,1021.9,1030.8,,,,0,,-.1
156,堡林,2023-11-25 22:00,.9,,.3,0,44,1022.2,1031.2,,,,0,,-.4
156,堡林,2023-11-25 23:00,.4,,.9,50,49,1021.9,1030.9,,,,0,,-.5
156,堡林,2023-11-26 00:00,.4,,1,90,48,1021.5,1030.5,,,,0,,-.7
156,堡林,2023-11-26 01:00,.2,,.5,70,51,1021,1030,,,,0,,-.8
156,堡林,2023-11-26 02:00,.1,,.3,0,53,1020.5,1029.5,,,,3,,-.7
156,堡林,2023-11-26 03:00,-.5,,.4,0,63,1020.4,1029.4,,,,1,,-1
156,堡林,2023-11-26 04:00,-.6,,.9,90,59,1020.3,1029.3,,,,1,,-1.1
156,堡林,2023-11-26 05:00,-.1,,.5,70,55,1019.3,1028.3,,,,0,,-1
156,堡林,2023-11-26 06:00,-1.2,,.5,320,65,1019.9,1028.9,,,,0,,-1.2
156,堡林,2023-11-26 07:00,-1.1,,.3,0,64,1019.8,1028.8,,,,2,,-1.3
156,堡林,2023-11-26 08:00,-.4,,.8,320,59,1019.7,1028.7,,,,3,,-.7
156,堡林,2023-11-26 09:00,.8,,.5,270,56,1019.3,1028.2,,,,1,,.1
156,堡林,2023-11-26 10:00,3,,.4,0,51,1018.8,1027.6,,,,2,,5.8
156,堡林,2023-11-26 11:00,5.6,,.8,270,44,1018.3,1027.1,,,,3,,13.1
156,堡林,2023-11-26 12:00,8.5,,.7,340,35,1017.4,1026,,,,5,,16.5
156,堡林,2023-11-26 13:00,11.2,,2,70,26,1015.9,1024.5,1,1.89,,8,,19
156,堡林,2023-11-26 14:00,10.4,,1.3,50,34,1015.3,1023.9,.2,.9,,9,,13.3
156,堡林,2023-11-26 15:00,11.2,,1.3,70,39,1014.2,1022.7,.1,.83,,9,,13.9
156,堡林,2023-11-26 16:00,10.8,,.8,70,42,1014,1022.6,0,.64,,8,,11.7
156,堡林,2023-11-26 17:00,10.2,,.6,70,43,1013.9,1022.5,0,.29,,3,,8.9
156,堡林,2023-11-26 18:00,8.4,,1.1,70,50,1013.5,1022.1,0,.06,,6,,5.7
156,堡林,2023-11-26 19:00,8.3,,.6,70,51,1013.2,1021.8,,,,8,,5.4
156,堡林,2023-11-26 20:00,7.3,,.4,0,58,1013,1021.7,,,,7,,4.1
156,堡林,2023-11-26 21:00,7.5,,.7,180,58,1013.2,1021.8,,,,10,,5.8
156,堡林,2023-11-26 22:00,7.7,,.1,0,55,1012.7,1021.3,,,,10,,6.3
156,堡林,2023-11-26 23:00,7.6,,0,0,58,1012.4,1021,,,,10,,6.5
156,堡林,2023-11-27 00:00,7.5,0,.2,0,57,1011.9,1020.5,,,,10,,6.5
156,堡林,2023-11-27 01:00,7.4,,.2,0,60,1011.4,1020,,,,10,,6.3
156,堡林,2023-11-27 02:00,6.9,,.2,0,65,1010.5,1019.1,,,,6,,5.9
156,堡林,2023-11-27 03:00,6.8,0,.2,0,65,1010.3,1018.9,,,,8,,5.2
156,堡林,2023-11-27 04:00,6.6,,.4,0,64,1009.4,1018,,,,9,,5.2
156,堡林,2023-11-27 05:00,6.6,,0,0,66,1008.8,1017.4,,,,10,,5.8
156,堡林,2023-11-27 06:00,6.6,0,.2,0,69,1008.6,1017.2,,,,10,,6.4
156,堡林,2023-11-27 07:00,7.2,,.3,0,58,1008.1,1016.7,,,,9,,6.7
156,堡林,2023-11-27 08:00,6.9,,0,0,78,1008.3,1016.9,0,.07,,10,,7.1
156,堡林,2023-11-27 09:00,7.9,0,.5,320,72,1007.8,1016.4,0,.16,,10,,8.1
156,堡林,2023-11-27 10:00,7.3,,0,0,98,1007.9,1016.5,0,.22,,10,,9.3
156,堡林,2023-11-27 11:00,7.9,,.2,0,99,1007.5,1016.1,0,.41,,10,,11.2
156,堡林,2023-11-27 12:00,9.4,.9,.2,0,99,1006.5,1015,0,.8,,10,,14.5
156,堡林,2023-11-27 13:00,9.8,,.2,0,98,1006.1,1014.6,0,.47,,10,,13.1
156,堡林,2023-11-27 14:00,10.5,,.3,0,96,1005.9,1014.4,0,.61,,9,,14.5
156,堡林,2023-11-27 15:00,11.9,,.5,230,90,1005.5,1013.9,.3,.86,,6,,16.1
156,堡林,2023-11-27 16:00,11.7,0,.5,230,93,1005.7,1014.1,.1,.43,,10,,13.2
156,堡林,2023-11-27 17:00,11.7,,.6,270,94,1006.1,1014.6,0,.14,,8,,11.5
156,堡林,2023-11-27 18:00,11.1,0,.9,290,89,1006.7,1015.2,0,.07,,9,,9.8
156,堡林,2023-11-27 19:00,10.9,,1.1,270,88,1007.4,1015.9,,,,6,,9.3
156,堡林,2023-11-27 20:00,9.8,,1.6,270,88,1007.8,1016.3,,,,1,,6.8
156,堡林,2023-11-27 21:00,9.3,,1.4,270,85,1008.2,1016.7,,,,1,,6.1
156,堡林,2023-11-27 22:00,8.9,,.9,270,86,1008.6,1017.2,,,,3,,5.3
156,堡林,2023-11-27 23:00,8.7,,1.1,250,88,1008.9,1017.5,,,,0,,5.1
156,堡林,2023-11-28 00:00,8.5,,.5,250,87,1008.9,1017.5,,,,0,,4.4
156,堡林,2023-11-28 01:00,7.7,,.8,320,98,1009.4,1018,,,,9,,6
156,堡林,2023-11-28 02:00,7.5,,.9,270,97,1009.8,1018.4,,,,6,,5.8
156,堡林,2023-11-28 03:00,7.2,.3,.6,340,94,1009.6,1018.2,,,,0,,4.3
156,堡林,2023-11-28 04:00,7.1,,.5,290,93,1009.7,1018.3,,,,8,,4.2
156,堡林,2023-11-28 05:00,6.9,,1,320,89,1009.7,1018.3,,,,7,,3.7
156,堡林,2023-11-28 06:00,7.3,,2.1,320,80,1010.8,1019.4,,,,8,,4.7
156,堡林,2023-11-28 07:00,6.4,,.8,290,73,1011.3,1020,,,,9,,3.9
156,堡林,2023-11-28 08:00,6.3,,1,320,73,1012.8,1021.5,0,.11,,1,,3.7
156,堡林,2023-11-28 09:00,7,,1.5,20,68,1013.3,1022,.7,.51,,0,,6.8
156,堡林,2023-11-28 10:00,7.3,,2.4,50,55,1014.2,1022.9,1,1.24,,0,,12.4
156,堡林,2023-11-28 11:00,8,,.9,20,49,1014.4,1023,1,1.79,,0,,16.8
156,堡林,2023-11-28 12:00,8.3,,1.2,340,49,1014.3,1022.9,1,2.01,,2,,18
156,堡林,2023-11-28 13:00,8.6,,1.7,50,49,1014.4,1023,.9,1.83,,4,,17.3
156,堡林,2023-11-28 14:00,8,,1.8,340,50,1014.5,1023.1,.6,1.36,,8,,15.3
156,堡林,2023-11-28 15:00,8.1,,1,290,50,1014.4,1023,.7,1.17,,6,,14
156,堡林,2023-11-28 16:00,7.9,,1.7,270,52,1014.5,1023.1,.5,.74,,7,,11
156,堡林,2023-11-28 17:00,6.9,,1.3,50,57,1014.7,1023.4,.3,.31,,8,,7.3
156,堡林,2023-11-28 18:00,5.8,,.9,50,63,1014.9,1023.6,.1,.07,,0,,4.2
156,堡林,2023-11-28 19:00,4.8,,.6,50,71,1014.1,1022.8,,,,0,,2.6
156,堡林,2023-11-28 20:00,4.6,,.7,50,73,1014.2,1022.9,,,,0,,1.8
156,堡林,2023-11-28 21:00,3.9,,.4,0,77,1014.7,1023.5,,,,0,,1.3
156,堡林,2023-11-28 22:00,3.6,,.3,0,78,1015,1023.8,,,,0,,.8
156,堡林,2023-11-28 23:00,4.1,,.4,0,79,1015.8,1024.6,,,,1,,3.2
156,堡林,2023-11-29 00:00,3.6,,.3,0,84,1015.9,1024.7,,,,6,,1.8
156,堡林,2023-11-29 01:00,3.5,,.6,270,87,1016.1,1024.9,,,,0,,2.8
156,堡林,2023-11-29 02:00,3.4,,.4,0,89,1016.1,1024.9,,,,6,,2.9
156,堡林,2023-11-29 03:00,3.4,,0,0,89,1016,1024.8,,,,9,,3.3
156,堡林,2023-11-29 04:00,3.5,,.1,0,88,1016.2,1025,,,,9,,3.6
156,堡林,2023-11-29 05:00,3.2,,.3,0,91,1015.8,1024.6,,,,8,,2.6
156,堡林,2023-11-29 06:00,3.7,,.3,0,83,1015.9,1024.7,,,,9,,3.7
156,堡林,2023-11-29 07:00,2.7,,.8,50,89,1015.6,1024.4,,,,0,,1.5
156,堡林,2023-11-29 08:00,2.9,,0,0,92,1016.4,1025.2,0,.11,,2,,1.4
156,堡林,2023-11-29 09:00,3.8,,.1,0,86,1016.8,1025.6,.7,.46,,2,,4.7
156,堡林,2023-11-29 10:00,5.8,,.4,0,78,1016.7,1025.4,1,.95,,6,,10.5
156,堡林,2023-11-29 11:00,7,,.5,70,71,1016.7,1025.4,.6,1.16,,9,,13.3
156,堡林,2023-11-29 12:00,7,,.3,0,70,1016.4,1025.1,.1,.91,,9,,12.5
156,堡林,2023-11-29 13:00,7.3,,.3,0,68,1015.8,1024.5,0,.88,,10,,12.4
156,堡林,2023-11-29 14:00,7.8,,.8,250,66,1015.5,1024.2,0,.6,,10,,11.5
156,堡林,2023-11-29 15:00,8,,.7,290,60,1015.3,1023.9,0,.47,,10,,10.1
156,堡林,2023-11-29 16:00,8,,.9,290,59,1015.5,1024.1,0,.26,,10,,8.3
156,堡林,2023-11-29 17:00,7.9,,1.4,270,61,1016,1024.7,0,.11,,10,,6.9
156,堡林,2023-11-29 18:00,7.3,0,.8,290,72,1016.3,1025,0,.05,,10,,6.5
156,堡林,2023-11-29 19:00,7.3,,1.2,270,72,1016.4,1025.1,,,,10,,6.3
156,堡林,2023-11-29 20:00,6.1,,1,270,85,1016.9,1025.6,,,,10,,6.2
156,堡林,2023-11-29 21:00,6.3,0,2.8,20,78,1017.7,1026.4,,,,10,,5.8
156,堡林,2023-11-29 22:00,5.4,,2.5,50,71,1018.2,1027,,,,10,,5.1
156,堡林,2023-11-29 23:00,4.8,,1.4,20,71,1018.5,1027.3,,,,10,,4.6
156,堡林,2023-11-30 00:00,4.4,,1.8,50,67,1018.7,1027.5,,,,9,,3.5
156,堡林,2023-11-30 01:00,3.9,,1.9,50,63,1018.7,1027.5,,,,9,,3.2
156,堡林,2023-11-30 02:00,3.4,,1.6,50,60,1018.7,1027.5,,,,10,,2.8
156,堡林,2023-11-30 03:00,2.5,,1.4,20,71,1019.1,1028,,,,8,,2.9
156,堡林,2023-11-30 04:00,2.4,,1.1,50,70,1018.8,1027.7,,,,9,,2.9
156,堡林,2023-11-30 05:00,1.6,,3.7,50,65,1019.2,1028.1,,,,9,,2.1
156,堡林,2023-11-30 06:00,1.1,,2.3,50,69,1019.7,1028.6,,,,9,,2
156,堡林,2023-11-30 07:00,.7,,2.7,50,65,1020.4,1029.3,,,,8,,1.6
156,堡林,2023-11-30 08:00,-.3,,2,70,67,1021.3,1030.3,0,.08,,8,,1.5
156,堡林,2023-11-30 09:00,-.3,,3.2,70,61,1021.5,1030.5,0,.29,,8,,3
156,堡林,2023-11-30 10:00,1,,1.9,70,52,1022,1031,.5,1.12,,7,,9.1
156,堡林,2023-11-30 11:00,2.4,,1.9,70,47,1021.8,1030.7,1,1.82,,2,,14
156,堡林,2023-11-30 12:00,3.1,,1.3,50,46,1021.1,1030,1,1.97,,4,,15.6
156,堡林,2023-11-30 13:00,3.3,,2.8,20,45,1019.8,1028.6,1,2.24,,1,,18.1
156,堡林,2023-11-30 14:00,3.3,,3.1,50,47,1019.1,1027.9,1,2.14,,5,,18.1
156,堡林,2023-11-30 15:00,2.7,,4.3,50,50,1019.4,1028.3,1,1.63,,6,,13.3
156,堡林,2023-11-30 16:00,2.4,,2.4,20,54,1019.2,1028.1,.6,.85,,10,,9.3
156,堡林,2023-11-30 17:00,2,,1.6,50,59,1019.1,1028,.2,.23,,7,,5.1
156,堡林,2023-11-30 18:00,1.5,,1.8,50,65,1019.3,1028.2,0,.08,,7,,2.8
156,堡林,2023-11-30 19:00,.9,,1.8,70,71,1019.6,1028.5,,,,7,,1.6
156,堡林,2023-11-30 20:00,.4,,1.8,70,75,1019.4,1028.4,,,,9,,.9
156,堡林,2023-11-30 21:00,-.3,,2.1,70,76,1019.3,1028.3,,,,2,,-.4
156,堡林,2023-11-30 22:00,-.4,,1.8,70,73,1019.3,1028.3,,,,3,,-.2
156,堡林,2023-11-30 23:00,-.5,,1.4,70,74,1018.9,1027.9,,,,2,,-.7
156,堡林,2023-12-01 00:00,-1,,1.6,70,76,1018.6,1027.6,,,,1,,-1
156,堡林,2023-12-01 01:00,0,,1,70,72,1018.2,1027.2,,,,2,,-.1
156,堡林,2023-12-01 02:00,0,,1.1,70,72,1017.9,1026.9,,,,9,,-.1
156,堡林,2023-12-01 03:00,.2,0,1.1,50,74,1017.6,1026.5,,,,9,,.1
156,堡林,2023-12-01 04:00,-.3,,1,50,84,1017.4,1026.3,,,,9,,.5
156,堡林,2023-12-01 05:00,-.6,,1.5,50,92,1017.2,1026.2,,,,9,,.9
156,堡林,2023-12-01 06:00,-.7,0,.2,0,97,1017.5,1026.5,,,,9,,.9
156,堡林,2023-12-01 07:00,-.5,,.2,0,97,1017.7,1026.7,,,,9,,1.3
156,堡林,2023-12-01 08:00,-.2,,.9,50,93,1017.9,1026.8,0,.09,,9,,1.6
156,堡林,2023-12-01 09:00,.4,0,1.5,70,83,1018.2,1027.1,0,.3,,10,,4
156,堡林,2023-12-01 10:00,1.4,,1.6,70,74,1018.3,1027.2,.2,.74,,10,,8.6
156,堡林,2023-12-01 11:00,2.7,,1.6,50,65,1018.2,1027.1,.4,1.21,,8,,12.2
156,堡林,2023-12-01 12:00,3.5,0,1.3,70,62,1017.7,1026.5,.4,1.2,,8,,13.4
156,堡林,2023-12-01 13:00,4.1,,1.9,50,57,1017.2,1026,.2,1.29,,8,,13.6
156,堡林,2023-12-01 14:00,4,,2.7,50,57,1016.8,1025.6,.1,1.02,,8,,12
156,堡林,2023-12-01 15:00,4.7,,1.7,340,53,1017.1,1025.9,.8,1.37,,4,,14.7
156,堡林,2023-12-01 16:00,3.3,,1.6,20,61,1017.6,1026.4,.5,.78,,8,,8.3
156,堡林,2023-12-01 17:00,2.3,,1.4,20,70,1018,1026.9,.3,.25,,6,,3.2
156,堡林,2023-12-01 18:00,2.3,,.9,50,72,1018.2,1027.1,0,.08,,0,,3.1
156,堡林,2023-12-01 19:00,2,,1.5,70,72,1018.3,1027.2,,,,0,,3.1
156,堡林,2023-12-01 20:00,1.8,,2,70,70,1018.7,1027.6,,,,3,,2.7
156,堡林,2023-12-01 21:00,1.7,,1.4,50,69,1018.8,1027.7,,,,9,,2
156,堡林,2023-12-01 22:00,1,,.9,70,68,1018.9,1027.8,,,,7,,.5
156,堡林,2023-12-01 23:00,1.2,,.9,70,68,1019,1027.9,,,,0,,.5
156,堡林,2023-12-02 00:00,1.4,,.4,0,69,1019.1,1028,,,,9,,.9
156,堡林,2023-12-02 01:00,1.5,,1.4,70,70,1018.8,1027.7,,,,0,,1.6
156,堡林,2023-12-02 02:00,1.4,,.9,50,73,1019,1027.9,,,,3,,1
156,堡林,2023-12-02 03:00,1,,0,0,75,1019,1027.9,,,,9,,.6
156,堡林,2023-12-02 04:00,1,,.4,0,77,1018.6,1027.5,,,,8,,.1
156,堡林,2023-12-02 05:00,.5,,.3,0,78,1018.7,1027.6,,,,1,,-.2
156,堡林,2023-12-02 06:00,0,,1,70,81,1018.7,1027.7,,,,8,,-.3
156,堡林,2023-12-02 07:00,0,,.1,0,82,1018.9,1027.9,,,,4,,-.2
156,堡林,2023-12-02 08:00,1.1,,.3,0,79,1019.5,1028.4,0,.08,,8,,.4
156,堡林,2023-12-02 09:00,1.8,,.6,180,76,1020,1028.9,0,.17,,9,,3.1
156,堡林,2023-12-02 10:00,2.7,,.4,0,74,1020.4,1029.3,0,.4,,9,,5.4
156,堡林,2023-12-02 11:00,3.5,,.4,0,69,1020.2,1029,0,.55,,9,,7.1
156,堡林,2023-12-02 12:00,4.8,,.2,0,66,1019.2,1028,0,.78,,9,,9.7
156,堡林,2023-12-02 13:00,5.2,,.4,0,64,1018.4,1027.2,0,.51,,9,,9
156,堡林,2023-12-02 14:00,6.2,,.6,270,65,1017.8,1026.5,0,.79,,9,,10.5
156,堡林,2023-12-02 15:00,6.7,,.8,250,67,1017.4,1026.1,0,.54,,9,,9.5
156,堡林,2023-12-02 16:00,6.7,,.4,0,70,1017.2,1025.9,0,.31,,9,,8
156,堡林,2023-12-02 17:00,6.5,,.6,200,69,1016.8,1025.5,0,.15,,8,,6.3
156,堡林,2023-12-02 18:00,6.2,,.8,230,73,1017,1025.7,0,.07,,7,,5.3
156,堡林,2023-12-02 19:00,6.4,,.9,200,74,1016.8,1025.5,,,,0,,5.4
156,堡林,2023-12-02 20:00,6.7,,.9,250,73,1016.9,1025.6,,,,4,,5.3
156,堡林,2023-12-02 21:00,6.2,,.8,270,78,1017.1,1025.8,,,,9,,4.4
156,堡林,2023-12-02 22:00,6.3,,1.1,230,78,1016.9,1025.6,,,,0,,4.8
156,堡林,2023-12-02 23:00,6.7,,1,200,75,1016.8,1025.5,,,,4,,5.2
156,堡林,2023-12-03 00:00,6.3,0,.2,0,79,1017.1,1025.8,,,,10,,5.6
156,堡林,2023-12-03 01:00,6.2,,.4,0,80,1016.9,1025.6,,,,9,,5.3
156,堡林,2023-12-03 02:00,5.8,,.1,0,84,1017.1,1025.8,,,,6,,3.2
156,堡林,2023-12-03 03:00,5.5,0,.4,0,87,1017.1,1025.9,,,,6,,2.2
156,堡林,2023-12-03 04:00,4.8,,.9,180,89,1016.9,1025.7,,,,3,,.7
156,堡林,2023-12-03 05:00,4.9,,.9,50,96,1016.9,1025.7,,,,9,,2.5
156,堡林,2023-12-03 06:00,4.9,,1.6,50,87,1017.2,1026,,,,4,,1.7
156,堡林,2023-12-03 07:00,3.5,,1.2,70,94,1017.7,1026.5,,,,0,,.4
156,堡林,2023-12-03 08:00,3.7,,1.9,70,93,1018.3,1027.1,0,.1,,0,,.3
156,堡林,2023-12-03 09:00,5.3,,.7,50,76,1019.2,1028,.9,.55,,0,,4.7
156,堡林,2023-12-03 10:00,6.6,,.9,70,65,1019.6,1028.3,1,1.17,,0,,11.2
156,堡林,2023-12-03 11:00,7.7,,.8,50,61,1019.7,1028.4,1,1.63,,0,,15.8
156,堡林,2023-12-03 12:00,8.5,,1.1,340,56,1019.1,1027.8,1,2.02,,1,,19.3
156,堡林,2023-12-03 13:00,9.1,,1.2,20,51,1018.2,1026.8,1,2.01,,0,,20.7
156,堡林,2023-12-03 14:00,9.5,,1,20,48,1017.6,1026.2,1,1.97,,0,,21.1
156,堡林,2023-12-03 15:00,9.2,,.8,360,49,1017.3,1025.9,1,1.59,,0,,18.6
156,堡林,2023-12-03 16:00,8.3,,.8,320,51,1017.3,1025.9,1,1.04,,0,,13
156,堡林,2023-12-03 17:00,6.9,,.4,0,57,1017.7,1026.4,1,.42,,0,,7
156,堡林,2023-12-03 18:00,5.8,,.5,360,61,1017.8,1026.6,.1,.07,,0,,3.9
156,堡林,2023-12-03 19:00,4.4,,1.8,70,68,1018,1026.8,,,,0,,2
156,堡林,2023-12-03 20:00,3.7,,1.5,50,71,1018.3,1027.1,,,,0,,.8
156,堡林,2023-12-03 21:00,2.8,,1.1,50,75,1018.1,1026.9,,,,0,,-.1
156,堡林,2023-12-03 22:00,2.5,,1.2,50,79,1018,1026.9,,,,0,,-.3
156,堡林,2023-12-03 23:00,2.2,,.9,50,82,1018.1,1027,,,,0,,-.5
156,堡林,2023-12-04 00:00,2,,.6,50,85,1018,1026.9,,,,0,,-.9
156,堡林,2023-12-04 01:00,1.1,,.1,0,90,1017.5,1026.4,,,,0,,-1.2
156,堡林,2023-12-04 02:00,.8,,.2,0,91,1017.2,1026.1,,,,0,,-1.4
156,堡林,2023-12-04 03:00,-.1,,0,0,96,1016.8,1025.7,,,,0,,-1.7
156,堡林,2023-12-04 04:00,-.3,,.2,0,97,1016.3,1025.2,,,,0,,-2
156,堡林,2023-12-04 05:00,-1,,.1,0,98,1015.7,1024.7,,,,0,,-2.2
156,堡林,2023-12-04 06:00,-.9,,.5,290,98,1015.7,1024.7,,,,0,,-2.5
156,堡林,2023-12-04 07:00,-1.2,,.1,0,98,1016,1025,,,,0,,-2.7
156,堡林,2023-12-04 08:00,-1.2,,0,0,98,1015.9,1024.9,0,.09,,0,,-2.5
156,堡林,2023-12-04 09:00,.9,,.1,0,93,1016.1,1025,1,.69,,0,,.1
156,堡林,2023-12-04 10:00,2.6,,1,230,80,1016.1,1024.9,1,1.22,,0,,5.6
156,堡林,2023-12-04 11:00,4.8,,.7,230,69,1015.6,1024.3,1,1.74,,1,,14
156,堡林,2023-12-04 12:00,6.4,,1.4,250,59,1014.7,1023.4,1,2.07,,1,,19.1
156,堡林,2023-12-04 13:00,8.3,,.6,200,42,1013.2,1021.8,1,1.92,,5,,19.8
156,堡林,2023-12-04 14:00,8.5,,.6,250,36,1012,1020.6,.6,1.25,,9,,15.2
156,堡林,2023-12-04 15:00,8.8,,.4,0,42,1011.3,1019.9,.8,1.2,,9,,14.5
156,堡林,2023-12-04 16:00,9,,.1,0,45,1011.5,1020.1,.3,.69,,9,,11.6
156,堡林,2023-12-04 17:00,8.8,,.6,250,47,1011.8,1020.4,0,.24,,8,,7.8
156,堡林,2023-12-04 18:00,8.2,,.2,0,50,1011.7,1020.3,0,.07,,9,,5.8
156,堡林,2023-12-04 19:00,7.4,,.4,0,54,1011.7,1020.3,,,,9,,4.8
156,堡林,2023-12-04 20:00,7.2,,.1,0,55,1011.7,1020.3,,,,10,,4.1
156,堡林,2023-12-04 21:00,6.7,,.2,0,60,1012.1,1020.8,,,,5,,3.5
156,堡林,2023-12-04 22:00,5.8,,.1,0,60,1011.8,1020.5,,,,9,,3.4
156,堡林,2023-12-04 23:00,5.4,,.4,0,70,1011.9,1020.6,,,,8,,2.4
156,堡林,2023-12-05 00:00,4.9,,.1,0,76,1011.6,1020.3,,,,7,,1.9
156,堡林,2023-12-05 01:00,4.9,,.6,70,76,1011,1019.7,,,,9,,2.2
156,堡林,2023-12-05 02:00,4.4,,1,320,74,1010.6,1019.3,,,,9,,1.9
156,堡林,2023-12-05 03:00,3.3,,.7,110,78,1010.3,1019.1,,,,4,,.1
156,堡林,2023-12-05 04:00,3.3,,.6,70,76,1010,1018.8,,,,3,,-.2
156,堡林,2023-12-05 05:00,3.1,,.4,0,83,1010.3,1019.1,,,,6,,-.1
156,堡林,2023-12-05 06:00,2,,.4,0,87,1010.4,1019.2,,,,7,,-.2
156,堡林,2023-12-05 07:00,2.4,,.3,0,86,1010.5,1019.3,,,,6,,-.1
156,堡林,2023-12-05 08:00,2.9,,0,0,84,1010.3,1019.1,0,.11,,8,,1.2
156,堡林,2023-12-05 09:00,4.2,,.4,0,74,1010.5,1019.2,1,.53,,2,,4.4
156,堡林,2023-12-05 10:00,6.1,,.4,0,63,1010.5,1019.2,1,1.16,,6,,10.5
156,堡林,2023-12-05 11:00,8.9,,.8,270,52,1010,1018.6,1,1.61,,8,,17.1
156,堡林,2023-12-05 12:00,11.4,,.9,290,40,1009,1017.5,1,1.88,,6,,21.2
156,堡林,2023-12-05 13:00,13.7,,.4,0,43,1008,1016.4,1,2,,5,,23.5
156,堡林,2023-12-05 14:00,13.8,,.5,110,45,1007.3,1015.7,1,1.73,,5,,21.4
156,堡林,2023-12-05 15:00,14.6,,.9,270,45,1007.2,1015.5,1,1.48,,5,,21
156,堡林,2023-12-05 16:00,13.8,,1.4,290,49,1007.4,1015.8,1,.9,,4,,15.6
156,堡林,2023-12-05 17:00,12.1,,.5,270,55,1007.4,1015.8,.4,.24,,1,,9.7
156,堡林,2023-12-05 18:00,11.1,,.7,320,59,1008.3,1016.8,0,.07,,0,,6.8
156,堡林,2023-12-05 19:00,10.1,,.4,0,65,1008.6,1017.1,,,,0,,4.8
156,堡林,2023-12-05 20:00,8.8,,.2,0,72,1009.2,1017.8,,,,0,,3.7
156,堡林,2023-12-05 21:00,8.4,,.4,0,75,1009.1,1017.7,,,,3,,3
156,堡林,2023-12-05 22:00,7.4,,1.3,70,81,1008.6,1017.2,,,,7,,2.9
156,堡林,2023-12-05 23:00,6.8,,0,0,87,1008.3,1016.9,,,,0,,2
156,堡林,2023-12-06 00:00,5.9,,.4,0,92,1008.3,1017,,,,0,,1.5
156,堡林,2023-12-06 01:00,5.6,,.4,0,92,1008.6,1017.3,,,,6,,2.7
156,堡林,2023-12-06 02:00,5.6,,.6,360,95,1008,1016.7,,,,6,,1.9
156,堡林,2023-12-06 03:00,5.1,,.2,0,97,1008.1,1016.8,,,,8,,2.5
156,堡林,2023-12-06 04:00,5,,.3,0,97,1007.6,1016.3,,,,2,,2.4
156,堡林,2023-12-06 05:00,4.6,,.5,270,98,1007,1015.7,,,,6,,1.8
156,堡林,2023-12-06 06:00,4.1,,0,0,98,1006.6,1015.3,,,,2,,1.7
156,堡林,2023-12-06 07:00,4,,.3,0,98,1006.4,1015.1,,,,6,,1.5
156,堡林,2023-12-06 08:00,4,,0,0,99,1006.1,1014.8,0,.08,,3,,1.2
156,堡林,2023-12-06 09:00,4.9,,.3,0,97,1005.9,1014.6,.1,.37,,6,,4.7
156,堡林,2023-12-06 10:00,6.7,,.3,0,91,1005.3,1013.9,0,.59,,9,,9.1
156,堡林,2023-12-06 11:00,8.1,,.4,0,83,1004.8,1013.3,.5,1.06,,6,,13
156,堡林,2023-12-06 12:00,10.1,,.6,270,76,1004.4,1012.9,0,1.18,,9,,15.4
156,堡林,2023-12-06 13:00,11.7,,.2,0,73,1002.9,1011.3,0,.74,,9,,14.8
156,堡林,2023-12-06 14:00,13.5,,.8,320,70,1001.5,1009.8,0,.89,,8,,15.9
156,堡林,2023-12-06 15:00,14.7,,2,250,70,1001,1009.3,.1,.78,,10,,15.4
156,堡林,2023-12-06 16:00,14.5,,3.6,230,73,1000.3,1008.6,0,.3,,10,,13.2
156,堡林,2023-12-06 17:00,14.1,,3.8,230,81,999.4,1007.7,0,.15,,8,,11.8
156,堡林,2023-12-06 18:00,12.6,.4,3.5,250,95,1000,1008.4,0,.06,,10,,9.4
156,堡林,2023-12-06 19:00,12,,1.9,290,92,1001.3,1009.7,,,,1,,9.7
156,堡林,2023-12-06 20:00,10.8,,1.5,290,85,1002.4,1010.9,,,,8,,8.6
156,堡林,2023-12-06 21:00,9.7,,1.8,290,79,1003.4,1011.9,,,,9,,6.9
156,堡林,2023-12-06 22:00,9.2,,1.7,340,76,1004.1,1012.6,,,,1,,6.2
156,堡林,2023-12-06 23:00,8.9,,1.5,320,77,1004.9,1013.4,,,,5,,5.6
156,堡林,2023-12-07 00:00,8.7,,2.1,320,72,1005.5,1014,,,,5,,5.3
156,堡林,2023-12-07 01:00,8.3,,1.8,340,64,1006.1,1014.7,,,,0,,5.8
156,堡林,2023-12-07 02:00,7.6,,1,290,64,1006.5,1015.1,,,,0,,4.8
156,堡林,2023-12-07 03:00,7.5,,1,360,58,1007,1015.6,,,,0,,4
156,堡林,2023-12-07 04:00,7.2,,1.2,360,58,1007,1015.6,,,,0,,3.6
156,堡林,2023-12-07 05:00,6.8,,1.2,20,56,1007.4,1016,,,,0,,2.9
156,堡林,2023-12-07 06:00,6.3,,1.5,50,54,1007.6,1016.2,,,,0,,2
156,堡林,2023-12-07 07:00,5.8,,.8,360,54,1008.1,1016.8,,,,0,,1.6
156,堡林,2023-12-07 08:00,5.3,,.3,0,57,1008.8,1017.5,0,.09,,0,,1.3
156,堡林,2023-12-07 09:00,7,,.1,0,52,1009.5,1018.1,.9,.53,,0,,4.8
156,堡林,2023-12-07 10:00,8.7,,.4,0,48,1009.9,1018.5,1,1.12,,0,,10.8
156,堡林,2023-12-07 11:00,9.8,,1.4,230,49,1010,1018.5,1,1.62,,0,,15
156,堡林,2023-12-07 12:00,10.5,,.7,290,49,1009.7,1018.2,1,1.93,,0,,17.7
156,堡林,2023-12-07 13:00,11.8,,.7,270,46,1009.4,1017.9,1,1.95,,0,,19
156,堡林,2023-12-07 14:00,13.1,,2.1,250,38,1008.8,1017.2,1,1.86,,0,,20.5
156,堡林,2023-12-07 15:00,13.2,,2.1,250,40,1008.5,1016.9,1,1.52,,0,,20
156,堡林,2023-12-07 16:00,12.3,,1.4,250,42,1008.5,1016.9,1,.97,,0,,14.7
156,堡林,2023-12-07 17:00,11.2,,1.7,230,45,1008.7,1017.2,.8,.39,,0,,9.2
156,堡林,2023-12-07 18:00,10,,1.9,200,51,1009.3,1017.8,0,.07,,0,,6.1
156,堡林,2023-12-07 19:00,9.2,,1.2,180,55,1009.5,1018,,,,0,,4.6
156,堡林,2023-12-07 20:00,8.1,,1.4,180,60,1009.7,1018.3,,,,0,,3.6
156,堡林,2023-12-07 21:00,7.9,,.8,180,61,1010,1018.6,,,,0,,3
156,堡林,2023-12-07 22:00,8.5,,.9,180,61,1009.8,1018.4,,,,0,,2.7
156,堡林,2023-12-07 23:00,7.7,,.5,230,65,1010,1018.6,,,,0,,2.5
156,堡林,2023-12-08 00:00,6.8,,.4,0,73,1009.9,1018.5,,,,0,,2
156,堡林,2023-12-08 01:00,6.9,,.2,0,77,1009.4,1018,,,,0,,1.8
156,堡林,2023-12-08 02:00,7.1,,.9,230,80,1009.4,1018,,,,0,,1.9
156,堡林,2023-12-08 03:00,8.8,,1.6,200,79,1009.1,1017.7,,,,0,,2.1
156,堡林,2023-12-08 04:00,8.4,,1.9,200,81,1008.7,1017.3,,,,0,,2.6
156,堡林,2023-12-08 05:00,8.7,,1.3,200,79,1008.7,1017.3,,,,0,,2.5
156,堡林,2023-12-08 06:00,9.1,,1.4,180,80,1008.3,1016.8,,,,0,,2.7
156,堡林,2023-12-08 07:00,7.7,,.4,0,88,1008.7,1017.3,,,,0,,2.3
156,堡林,2023-12-08 08:00,9.5,,2.2,180,89,1009,1017.5,0,.09,,0,,3.3
156,堡林,2023-12-08 09:00,11.6,,1.2,230,77,1009.3,1017.8,.8,.47,,0,,7.7
156,堡林,2023-12-08 10:00,14.6,,2.2,200,65,1009.2,1017.6,1,1.04,,0,,14.1
156,堡林,2023-12-08 11:00,16.6,,3.2,200,60,1008.8,1017.1,1,1.53,,0,,19.4
156,堡林,2023-12-08 12:00,18.3,,2.8,200,57,1007.7,1015.9,1,1.83,,0,,23.7
156,堡林,2023-12-08 13:00,19.2,,3.4,200,55,1006.8,1015,1,1.94,,1,,26.4
156,堡林,2023-12-08 14:00,19.4,,3.5,250,56,1006.2,1014.4,1,1.85,,2,,26.5
156,堡林,2023-12-08 15:00,19.4,,2.9,250,59,1005.8,1013.9,.9,1.25,,1,,23.7
156,堡林,2023-12-08 16:00,18.6,,2.9,250,62,1006,1014.2,1,.93,,0,,18.9
156,堡林,2023-12-08 17:00,17.1,,3.1,250,69,1006.4,1014.7,.8,.38,,0,,14
156,堡林,2023-12-08 18:00,16.1,,2.7,230,76,1007.1,1015.4,0,.06,,2,,11.4
156,堡林,2023-12-08 19:00,15.7,,1.5,200,76,1007.1,1015.4,,,,3,,10.4
156,堡林,2023-12-08 20:00,14.9,,1.5,180,82,1007.4,1015.8,,,,7,,9.2
156,堡林,2023-12-08 21:00,14.5,,2,180,86,1007.8,1016.2,,,,6,,8.9
156,堡林,2023-12-08 22:00,14.4,,1.8,200,89,1007.9,1016.3,,,,6,,9.3
156,堡林,2023-12-08 23:00,14.7,,1.4,200,90,1008,1016.3,,,,6,,9.9
156,堡林,2023-12-09 00:00,14.7,,2.1,200,91,1008.3,1016.6,,,,8,,9.5
156,堡林,2023-12-09 01:00,15.1,,1.9,200,91,1008,1016.4,,,,6,,9.6
156,堡林,2023-12-09 02:00,15.1,,2.6,200,91,1008.2,1016.6,,,,7,,9.9
156,堡林,2023-12-09 03:00,14.9,,1.4,200,92,1008.3,1016.7,,,,9,,10.1
156,堡林,2023-12-09 04:00,14.3,,1.1,200,94,1008.3,1016.7,,,,8,,9.4
156,堡林,2023-12-09 05:00,13.8,,.3,0,97,1008.6,1017,,,,5,,8.3
156,堡林,2023-12-09 06:00,13.4,,.6,200,98,1009.1,1017.5,,,,6,,7.7
156,堡林,2023-12-09 07:00,12.9,,1.2,180,99,1009.5,1017.9,,,,2,,6.9
156,堡林,2023-12-09 08:00,12.8,,.7,160,99,1009.8,1018.2,0,.08,,7,,7.3
156,堡林,2023-12-09 09:00,14.6,,1.6,180,97,1010.4,1018.8,.2,.4,,6,,11.1
156,堡林,2023-12-09 10:00,15.2,,.2,0,93,1011,1019.4,.1,.64,,6,,14.4
156,堡林,2023-12-09 11:00,17,,1.9,200,86,1011,1019.3,.2,.99,,7,,17.5
156,堡林,2023-12-09 12:00,18.5,,1.5,230,77,1010.4,1018.6,.2,1.14,,8,,22.2
156,堡林,2023-12-09 13:00,19,,2.5,200,73,1009.9,1018.1,.2,1.12,,9,,21.2
156,堡林,2023-12-09 14:00,19.5,,2.1,230,69,1009.4,1017.6,.2,1.06,,8,,21.9
156,堡林,2023-12-09 15:00,19.5,,2.6,270,71,1009.4,1017.6,.5,.92,,4,,20.8
156,堡林,2023-12-09 16:00,19.5,,2.2,230,72,1009.1,1017.3,.9,.82,,4,,18.9
156,堡林,2023-12-09 17:00,18.6,,2,270,75,1009.8,1018,.9,.42,,3,,15.4
156,堡林,2023-12-09 18:00,17.8,,1.7,270,81,1010.4,1018.7,0,.07,,2,,13.1
156,堡林,2023-12-09 19:00,16.4,,.9,200,90,1010.9,1019.2,,,,0,,11
156,堡林,2023-12-09 20:00,15.9,,.7,70,95,1011.3,1019.7,,,,0,,9.8
156,堡林,2023-12-09 21:00,14.7,,.4,0,98,1011.7,1020.1,,,,3,,9
156,堡林,2023-12-09 22:00,14.3,,.6,90,99,1012,1020.4,,,,6,,9.7
156,堡林,2023-12-09 23:00,14,,.2,0,99,1012.4,1020.8,,,,6,,9.6
156,堡林,2023-12-10 00:00,13.5,,.5,70,99,1012.2,1020.6,,,,4,,9.5
156,堡林,2023-12-10 01:00,13.2,,.7,340,99,1012.1,1020.5,,,,6,,9.8
156,堡林,2023-12-10 02:00,12.4,,.3,0,99,1012.4,1020.9,,,,6,,8.4
156,堡林,2023-12-10 03:00,12.5,,.6,140,99,1012.5,1021,,,,7,,9.9
156,堡林,2023-12-10 04:00,12.5,,.6,290,99,1012.4,1020.9,,,,9,,10.9
156,堡林,2023-12-10 05:00,12,,.6,90,99,1012.7,1021.2,,,,3,,9.5
156,堡林,2023-12-10 06:00,12.1,0,.1,0,99,1013.1,1021.6,,,,3,,9.4
156,堡林,2023-12-10 07:00,11.9,,.1,0,99,1013.3,1021.8,,,,8,,8.8
156,堡林,2023-12-10 08:00,12.1,,.6,90,99,1013.9,1022.4,0,.08,,9,,9.8
156,堡林,2023-12-10 09:00,13.3,,.2,0,99,1014.2,1022.7,.1,.36,,9,,12.9
156,堡林,2023-12-10 10:00,16,,.4,0,90,1014.4,1022.8,.7,1.03,,4,,19.1
156,堡林,2023-12-10 11:00,16.9,,.3,0,89,1014.3,1022.6,.4,1.01,,9,,20.2
156,堡林,2023-12-10 12:00,17.5,,.9,50,83,1013.8,1022.1,.2,.97,,9,,21.5
156,堡林,2023-12-10 13:00,17.3,,.4,0,85,1013.3,1021.6,0,.47,,9,,18
156,堡林,2023-12-10 14:00,17.9,,.6,20,82,1011.6,1019.9,0,.61,,9,,19.5
156,堡林,2023-12-10 15:00,19.8,0,.7,270,70,1011.7,1019.9,.8,1.56,,9,,27.1
156,堡林,2023-12-10 16:00,18.8,,1.1,70,78,1011.7,1019.9,.2,.52,,9,,19.8
156,堡林,2023-12-10 17:00,18.2,,1,180,75,1011.8,1020.1,0,.26,,9,,17.2
156,堡林,2023-12-10 18:00,17.4,,1.5,200,79,1012.1,1020.4,0,.06,,9,,14.5
156,堡林,2023-12-10 19:00,17,,.3,0,80,1012.1,1020.4,,,,10,,13.7
156,堡林,2023-12-10 20:00,17,,.7,290,79,1012.9,1021.2,,,,10,,13.6
156,堡林,2023-12-10 21:00,16,,1.5,50,84,1012.4,1020.8,,,,10,,13.2
156,堡林,2023-12-10 22:00,15.9,,.8,250,86,1013.1,1021.5,,,,10,,13
156,堡林,2023-12-10 23:00,14.5,,.5,320,98,1013.3,1021.7,,,,10,,12.9
156,堡林,2023-12-11 00:00,13.9,1.4,.5,340,99,1013.3,1021.7,,,,10,,12.7
156,堡林,2023-12-11 01:00,13,,1.3,70,99,1012.7,1021.2,,,,10,,12.5
156,堡林,2023-12-11 02:00,12.9,,1.3,70,99,1012.1,1020.6,,,,10,,12.3
156,堡林,2023-12-11 03:00,12.8,1.9,1,70,99,1011.1,1019.5,,,,10,,12
156,堡林,2023-12-11 04:00,13.1,,1.2,270,99,1010.4,1018.8,,,,10,,11.9
156,堡林,2023-12-11 05:00,13.1,,1.2,20,99,1009.7,1018.1,,,,10,,12
156,堡林,2023-12-11 06:00,12.6,.6,2.6,70,99,1009,1017.4,,,,10,,11.9
156,堡林,2023-12-11 07:00,12.6,,2.1,70,99,1008.9,1017.3,,,,10,,12
156,堡林,2023-12-11 08:00,12.8,,3.7,70,99,1008.5,1016.9,0,.07,,10,,12.1
156,堡林,2023-12-11 09:00,13.1,.3,3.3,50,99,1008.5,1016.9,0,.13,,10,,12.4
156,堡林,2023-12-11 10:00,13.3,,.7,50,99,1008.3,1016.7,0,.15,,10,,12.9
156,堡林,2023-12-11 11:00,12.9,,1.5,50,99,1006.9,1015.3,0,.2,,10,,13.6
156,堡林,2023-12-11 12:00,13.9,2.2,.8,360,99,1005.6,1014,0,.19,,10,,13.7
156,堡林,2023-12-11 13:00,13.5,,1.4,50,99,1004.4,1012.8,0,.18,,10,,13.7
156,堡林,2023-12-11 14:00,13.4,,1.2,50,99,1002.8,1011.2,0,.2,,10,,14
156,堡林,2023-12-11 15:00,13.6,8.2,1.4,50,99,1001.6,1009.9,0,.19,,10,,14
156,堡林,2023-12-11 16:00,13.7,,1.1,320,99,1000.3,1008.6,0,.2,,10,,14.2
156,堡林,2023-12-11 17:00,13.5,,.6,270,99,1000.6,1008.9,0,.11,,10,,13.7
156,堡林,2023-12-11 18:00,13.6,4.5,.9,320,99,1000.9,1009.2,0,.06,,10,,13.4
156,堡林,2023-12-11 19:00,13.4,,.2,0,99,1001.5,1009.8,,,,10,,13.3
156,堡林,2023-12-11 20:00,13.3,,1.3,70,99,1001.5,1009.8,,,,10,,13.3
156,堡林,2023-12-11 21:00,13.4,3,.8,20,99,1002,1010.3,,,,10,,13.2
156,堡林,2023-12-11 22:00,13.3,,.7,50,99,1002.1,1010.5,,,,10,,13.1
156,堡林,2023-12-11 23:00,13.1,,.8,50,99,1002.4,1010.8,,,,7,,13
156,堡林,2023-12-12 00:00,13.1,.7,.6,270,99,1002.8,1011.2,,,,10,,13
156,堡林,2023-12-12 01:00,13.1,,.9,290,99,1003.2,1011.6,,,,6,,13
156,堡林,2023-12-12 02:00,12.2,,1.3,290,99,1003.6,1012,,,,10,,12.7
156,堡林,2023-12-12 03:00,11.5,.2,2.5,270,99,1004,1012.4,,,,8,,12.3
156,堡林,2023-12-12 04:00,11,,2.3,270,99,1005.4,1013.9,,,,9,,11.9
156,堡林,2023-12-12 05:00,10.8,,.9,270,99,1005.3,1013.8,,,,6,,11.5
156,堡林,2023-12-12 06:00,10.4,,1.2,290,99,1006.3,1014.8,,,,6,,11.1
156,堡林,2023-12-12 07:00,9.8,,1.5,270,99,1007.1,1015.6,,,,9,,10.8
156,堡林,2023-12-12 08:00,9.2,,1,290,99,1007.4,1015.9,0,.06,,10,,10.5
156,堡林,2023-12-12 09:00,8.7,0,2.2,270,99,1008.7,1017.3,0,.13,,10,,10.9
156,堡林,2023-12-12 10:00,8.3,,1.9,270,99,1009.7,1018.3,0,.21,,10,,11.2
156,堡林,2023-12-12 11:00,9,,1.4,270,99,1010.1,1018.7,0,.36,,10,,12.6
156,堡林,2023-12-12 12:00,9.2,0,1.5,250,99,1010.4,1019,0,.31,,10,,12.1
156,堡林,2023-12-12 13:00,9.2,,1.3,290,99,1010.6,1019.2,0,.2,,10,,11.5
156,堡林,2023-12-12 14:00,8.9,,.7,320,99,1010.8,1019.4,0,.27,,10,,11.8
156,堡林,2023-12-12 15:00,8.7,0,.9,320,99,1011.2,1019.8,0,.35,,10,,12
156,堡林,2023-12-12 16:00,9.1,,.2,0,99,1011.6,1020.2,.2,.56,,9,,13.2
156,堡林,2023-12-12 17:00,9.1,,.5,340,99,1012.8,1021.4,0,.13,,10,,11.3
156,堡林,2023-12-12 18:00,8.5,0,.5,320,99,1013.8,1022.4,0,.06,,10,,10.4
156,堡林,2023-12-12 19:00,8.5,,.3,0,99,1014.4,1023,,,,10,,10.1
156,堡林,2023-12-12 20:00,8.7,,.5,200,99,1015.1,1023.7,,,,10,,10
156,堡林,2023-12-12 21:00,8.9,0,.8,270,99,1015.8,1024.4,,,,10,,10.1
156,堡林,2023-12-12 22:00,8.9,,1.3,270,99,1016.7,1025.3,,,,0,,10
156,堡林,2023-12-12 23:00,8.9,,.4,0,99,1017.2,1025.8,,,,1,,9.9
156,堡林,2023-12-13 00:00,9.1,,.3,0,99,1017.6,1026.2,,,,10,,9.9
156,堡林,2023-12-13 01:00,9.1,,0,0,99,1017.7,1026.3,,,,2,,9.8
156,堡林,2023-12-13 02:00,9,,0,0,99,1018,1026.6,,,,8,,9.4
156,堡林,2023-12-13 03:00,8.8,,.8,50,99,1018.3,1026.9,,,,9,,9.4
156,堡林,2023-12-13 04:00,8.8,,.8,50,99,1018.2,1026.8,,,,9,,9.5
156,堡林,2023-12-13 05:00,7.7,,2.1,70,99,1018.2,1026.9,,,,8,,7.5
156,堡林,2023-12-13 06:00,7.6,,1.2,70,99,1018.4,1027.1,,,,4,,6.1
156,堡林,2023-12-13 07:00,7.4,,1.8,70,99,1018.6,1027.3,,,,3,,5.7
156,堡林,2023-12-13 08:00,7.4,,.4,0,99,1018.9,1027.6,0,.07,,9,,6.9
156,堡林,2023-12-13 09:00,8,,.3,0,99,1019.3,1028,0,.29,,9,,9.7
156,堡林,2023-12-13 10:00,9,,.2,0,99,1019.7,1028.3,.2,.69,,8,,12.6
156,堡林,2023-12-13 11:00,10.5,,1,200,95,1019.8,1028.4,.8,1.56,,3,,19
156,堡林,2023-12-13 12:00,11.4,,.5,180,90,1019.6,1028.2,.3,1.32,,8,,18.5
156,堡林,2023-12-13 13:00,12.8,,.6,70,84,1018,1026.5,0,1.28,,8,,19.1
156,堡林,2023-12-13 14:00,15,,.8,250,68,1017.8,1026.3,1,1.91,,6,,21.1
156,堡林,2023-12-13 15:00,14.8,,.5,90,66,1017.8,1026.2,.1,.83,,9,,18.2
156,堡林,2023-12-13 16:00,14,,1.8,70,73,1017.8,1026.3,0,.44,,9,,15
156,堡林,2023-12-13 17:00,13.2,,2.8,70,79,1018,1026.5,0,.18,,9,,13.4
156,堡林,2023-12-13 18:00,12.6,,1.1,90,79,1017.9,1026.4,0,.07,,8,,11.8
156,堡林,2023-12-13 19:00,11.8,,1.3,70,83,1018.1,1026.6,,,,6,,9.7
156,堡林,2023-12-13 20:00,11.6,,1.1,90,83,1017.8,1026.4,,,,8,,9.2
156,堡林,2023-12-13 21:00,11.8,,.6,360,79,1017.8,1026.3,,,,8,,9.2
156,堡林,2023-12-13 22:00,11.5,,1,320,84,1018.4,1027,,,,9,,9.4
156,堡林,2023-12-13 23:00,11.5,,.5,20,83,1018.7,1027.3,,,,10,,9.7
156,堡林,2023-12-14 00:00,11.6,,.7,320,82,1018.4,1027,,,,9,,9.7
156,堡林,2023-12-14 01:00,11.2,,.9,340,87,1018,1026.6,,,,8,,9.7
156,堡林,2023-12-14 02:00,11,,.6,20,85,1018,1026.6,,,,2,,9.8
156,堡林,2023-12-14 03:00,11,0,1.6,70,81,1017.9,1026.5,,,,10,,9.7
156,堡林,2023-12-14 04:00,11.2,,2.2,70,81,1016.7,1025.3,,,,10,,9.7
156,堡林,2023-12-14 05:00,10.8,,1.6,50,82,1016.2,1024.8,,,,9,,9.5
156,堡林,2023-12-14 06:00,10.7,,.9,50,84,1015.8,1024.4,,,,8,,8.9
156,堡林,2023-12-14 07:00,11.1,,1.1,50,82,1014.9,1023.4,,,,10,,9.4
156,堡林,2023-12-14 08:00,11.2,,.8,290,84,1015.6,1024.2,0,.07,,10,,9.8
156,堡林,2023-12-14 09:00,11.4,,.3,0,85,1016,1024.5,0,.11,,10,,10.4
156,堡林,2023-12-14 10:00,11.5,,.6,360,95,1015.8,1024.3,0,.22,,10,,11.5
156,堡林,2023-12-14 11:00,11,,.9,320,99,1016.1,1024.7,0,.21,,10,,11.8
156,堡林,2023-12-14 12:00,11.1,2.2,1.3,340,99,1014.6,1023.1,0,.26,,10,,12.6
156,堡林,2023-12-14 13:00,11.9,,.9,50,99,1013,1021.5,0,.52,,10,,15
156,堡林,2023-12-14 14:00,12.1,,1,360,99,1012,1020.5,0,,,10,,
156,堡林,2023-12-14 15:00,,1,,,99,,,0,,,10,,
156,堡林,2023-12-14 16:00,11.9,,1,20,99,1010.4,1018.9,0,,,10,,12.7
156,堡林,2023-12-14 17:00,11.9,,.2,0,99,1009.9,1018.4,0,.08,,10,,12.3
156,堡林,2023-12-14 18:00,11.8,9.2,.5,340,99,1010.1,1018.6,0,.06,,10,,12.1
156,堡林,2023-12-14 19:00,11.7,,.3,0,99,1009.7,1018.2,,,,10,,12
156,堡林,2023-12-14 20:00,11.8,,1,290,99,1009.2,1017.7,,,,10,,12.1
156,堡林,2023-12-14 21:00,11.9,4.2,.8,290,99,1008.6,1017.1,,,,10,,12.1
156,堡林,2023-12-14 22:00,11.8,,.8,70,99,1008.5,1017,,,,10,,12.1
156,堡林,2023-12-14 23:00,11.9,,.9,70,99,1007.5,1016,,,,10,,12.1
156,堡林,2023-12-15 00:00,12.1,2.8,0,0,99,1007.1,1015.5,,,,10,,12.2
156,堡林,2023-12-15 01:00,12.5,,.2,0,99,1006.2,1014.6,,,,10,,12.3
156,堡林,2023-12-15 02:00,13,,.7,270,99,1005.7,1014.1,,,,10,,12.6
156,堡林,2023-12-15 03:00,13.2,5,1.3,20,99,1005.6,1014,,,,10,,12.9
156,堡林,2023-12-15 04:00,13.5,,1.1,160,99,1003.5,1011.9,,,,10,,13
156,堡林,2023-12-15 05:00,14.8,,2.2,200,99,1002.2,1010.5,,,,10,,13.6
156,堡林,2023-12-15 06:00,15.4,3.3,.9,230,99,1002.3,1010.6,,,,10,,14.1
156,堡林,2023-12-15 07:00,16.2,,2.6,230,99,1002,1010.3,,,,10,,14.4
156,堡林,2023-12-15 08:00,14.6,,2.6,320,99,1002.5,1010.8,0,.06,,10,,14.7
156,堡林,2023-12-15 09:00,14.1,4.8,1.3,200,99,1002.8,1011.1,0,.07,,10,,14
156,堡林,2023-12-15 10:00,14.2,,1.2,230,99,1002.9,1011.2,0,.1,,10,,14.1
156,堡林,2023-12-15 11:00,13.3,,1.5,250,99,1002.7,1011.1,0,.09,,10,,13.8
156,堡林,2023-12-15 12:00,12.8,10.8,2.2,270,99,1002.8,1011.2,0,.16,,10,,13.9
156,堡林,2023-12-15 13:00,11.6,,2.1,270,99,1002.8,1011.2,0,.2,,10,,13.1
156,堡林,2023-12-15 14:00,10.1,,1.3,290,99,1003.5,1012,0,.17,,10,,12.3
156,堡林,2023-12-15 15:00,9.6,3,1.1,270,99,1004,1012.5,0,.24,,10,,12
156,堡林,2023-12-15 16:00,9.2,,1.1,290,99,1004.4,1012.9,0,.36,,10,,11.6
156,堡林,2023-12-15 17:00,9,,1.3,340,99,1005,1013.5,0,.13,,10,,10.8
156,堡林,2023-12-15 18:00,8.7,,1.2,290,99,1006.7,1015.2,0,.07,,10,,9.8
156,堡林,2023-12-15 19:00,8.3,,1,290,99,1007.7,1016.3,,,,10,,9.7
156,堡林,2023-12-15 20:00,8,,1.4,320,99,1008.8,1017.4,,,,10,,9.5
156,堡林,2023-12-15 21:00,7.7,.2,1.2,320,99,1008.9,1017.5,,,,10,,9.2
156,堡林,2023-12-15 22:00,7.7,,1,290,99,1009.1,1017.7,,,,10,,8.9
156,堡林,2023-12-15 23:00,7.4,,1.4,290,99,1009.3,1017.9,,,,10,,8.5
156,堡林,2023-12-16 00:00,6.8,0,1.9,320,99,1010.1,1018.7,,,,10,,8.1
156,堡林,2023-12-16 01:00,6.4,,1.9,290,99,1009.9,1018.6,,,,10,,7.9
156,堡林,2023-12-16 02:00,5.7,,1.4,290,99,1010.2,1018.9,,,,10,,7.4
156,堡林,2023-12-16 03:00,4.8,.4,2,290,99,1011.5,1020.2,,,,10,,6.7
156,堡林,2023-12-16 04:00,4.3,,1.7,320,97,1011,1019.7,,,,10,,6.2
156,堡林,2023-12-16 05:00,3.8,,2.2,320,93,1011.7,1020.5,,,,10,,5.6
156,堡林,2023-12-16 06:00,2.5,1,1.4,320,99,1011.4,1020.2,,,,10,,5.1
156,堡林,2023-12-16 07:00,2.4,,1.1,320,99,1012.1,1020.9,,,,10,,4.9
156,堡林,2023-12-16 08:00,2.3,,1.7,290,98,1012.5,1021.3,0,.07,,10,,4.6
156,堡林,2023-12-16 09:00,1.3,.2,2.3,320,99,1013.7,1022.6,0,.13,,10,,4.3
156,堡林,2023-12-16 10:00,.8,,2.5,290,99,1014.7,1023.6,.1,.45,,10,,3.5
156,堡林,2023-12-16 11:00,.9,,2.2,340,98,1015,1023.9,.3,.73,,10,,6.3
156,堡林,2023-12-16 12:00,.9,.6,1.4,340,99,1015,1023.9,0,.57,,10,,6.8
156,堡林,2023-12-16 13:00,.2,,1.5,290,99,1014.9,1023.8,0,.57,,10,,6.3
156,堡林,2023-12-16 14:00,.1,,1.5,320,99,1014.9,1023.8,0,.45,,10,,5.8
156,堡林,2023-12-16 15:00,-.9,1,1.9,320,99,1015.2,1024.2,0,.28,.5,10,,3.3
156,堡林,2023-12-16 16:00,-.8,,1.9,320,99,1015.1,1024,0,.3,.8,10,,3.7
156,堡林,2023-12-16 17:00,-1,,1,320,99,1015.7,1024.7,0,.12,2.1,10,,.8
156,堡林,2023-12-16 18:00,-1.4,2.7,1.1,320,99,1016.9,1025.9,0,.06,5.9,10,,1.4
156,堡林,2023-12-16 19:00,-1.5,,.9,340,99,1017.7,1026.7,,,7.9,10,,1.4
156,堡林,2023-12-16 20:00,-2,,1.3,20,99,1018.6,1027.6,,,9.1,10,,1.4
156,堡林,2023-12-16 21:00,-2,1.2,.9,20,98,1019.3,1028.3,,,9.2,10,,1.5
156,堡林,2023-12-16 22:00,-2.8,,1.3,50,97,1020,1029.1,,,9.6,10,,1.3
156,堡林,2023-12-16 23:00,-2.8,,.5,20,99,1020.3,1029.4,,,10.8,10,,1.4
156,堡林,2023-12-17 00:00,-2.6,.4,1,20,98,1020.5,1029.6,,,11,10,,1.4
156,堡林,2023-12-17 01:00,-2.8,,.7,20,92,1020.7,1029.8,,,11,10,,1.4
156,堡林,2023-12-17 02:00,-3.2,,1.7,20,94,1020.8,1029.9,,,10.5,10,,1.2
156,堡林,2023-12-17 03:00,-2.8,0,.9,360,76,1021.1,1030.2,,,9.7,8,,.7
156,堡林,2023-12-17 04:00,-2.9,,2.8,50,81,1021.7,1030.8,,,9,9,,.7
156,堡林,2023-12-17 05:00,-4.2,,1.9,50,82,1021.8,1030.9,,,8.5,8,,.4
156,堡林,2023-12-17 06:00,-4.9,,2.1,70,87,1022.2,1031.4,,,8,9,,.3
156,堡林,2023-12-17 07:00,-5.6,,1.8,70,95,1023,1032.2,,,7.7,9,,.3
156,堡林,2023-12-17 08:00,-5.9,,1.9,70,93,1023.6,1032.8,0,.07,7.3,7,,.4
156,堡林,2023-12-17 09:00,-5.6,0,2,70,91,1023.9,1033.1,.2,.15,7.4,7,,.6
156,堡林,2023-12-17 10:00,-4.5,,2.9,50,81,1024.4,1033.6,.9,.39,6.9,6,,1.2
156,堡林,2023-12-17 11:00,-4.1,,3.1,70,81,1025.2,1034.4,.7,.45,6.2,5,,4.5
156,堡林,2023-12-17 12:00,-3.4,0,3,70,74,1025,1034.1,.7,.46,5.4,7,,7.4
156,堡林,2023-12-17 13:00,-3.1,,3,70,73,1024.4,1033.5,.6,.46,4.6,5,,8.5
156,堡林,2023-12-17 14:00,-2.3,,2.6,70,66,1023.8,1032.9,.9,.57,3.8,6,,9.7
156,堡林,2023-12-17 15:00,-2,,2.6,50,63,1023.8,1032.9,1,.6,2.4,4,,9.7
156,堡林,2023-12-17 16:00,-2.6,,2,50,61,1024,1033.1,1,.59,2.2,3,,3.3
156,堡林,2023-12-17 17:00,-3.5,,2,70,66,1024.7,1033.8,1,.41,2.1,0,,.6
156,堡林,2023-12-17 18:00,-4.3,,1.9,50,70,1025.5,1034.7,0,.07,1.9,0,,.3
156,堡林,2023-12-17 19:00,-4.9,,1.7,70,73,1026.1,1035.3,,,1.9,1,,.1
156,堡林,2023-12-17 20:00,-5.5,,1.6,70,77,1025.8,1035,,,1.9,4,,-.2
156,堡林,2023-12-17 21:00,-5.7,,3.1,70,78,1025.8,1035,,,1.9,0,,-.9
156,堡林,2023-12-17 22:00,-6,,2,50,81,1026.4,1035.6,,,1.9,4,,-1.5
156,堡林,2023-12-17 23:00,-5.8,,1,70,75,1026.6,1035.8,,,1.9,8,,-1.8
156,堡林,2023-12-18 00:00,-6.1,,1.9,70,73,1026.6,1035.8,,,1.9,0,,-2.4
156,堡林,2023-12-18 01:00,-6.4,,2.6,70,77,1026.8,1036,,,1.9,7,,-2.9
156,堡林,2023-12-18 02:00,-6.2,,2.3,70,76,1027,1036.2,,,1.9,6,,-3
156,堡林,2023-12-18 03:00,-6.2,,1.8,50,75,1027.6,1036.8,,,1.9,8,,-3.1
156,堡林,2023-12-18 04:00,-6.1,,3.4,70,79,1026.4,1035.6,,,1.9,8,,-2.7
156,堡林,2023-12-18 05:00,-6,,3.3,70,75,1025.8,1035,,,1.9,3,,-3.2
156,堡林,2023-12-18 06:00,-6.1,,3.2,70,74,1025.4,1034.6,,,1.9,0,,-3.6
156,堡林,2023-12-18 07:00,-6.1,,2.6,70,75,1025.9,1035.1,,,1.9,5,,-3.8
156,堡林,2023-12-18 08:00,-5.6,,2,70,75,1026.4,1035.6,0,.09,1.9,6,,-3.2
156,堡林,2023-12-18 09:00,-4.2,,1.8,70,63,1027.2,1036.4,.8,.43,1.9,6,,-1.2
156,堡林,2023-12-18 10:00,-3.2,,2.7,70,64,1026.9,1036,.6,.55,1.8,7,,.1
156,堡林,2023-12-18 11:00,-1.4,,1.9,50,59,1027.1,1036.2,.5,1.09,1.7,9,,.3
156,堡林,2023-12-18 12:00,-.4,,3.1,70,60,1024.7,1033.7,.9,1.55,1.4,9,,1.6
156,堡林,2023-12-18 13:00,.2,,3.1,70,56,1024.3,1033.3,.8,1.46,1.2,9,,2.8
156,堡林,2023-12-18 14:00,.8,,1.2,90,59,1024.5,1033.5,.7,1.51,,9,,7.2
156,堡林,2023-12-18 15:00,.3,,1.5,70,60,1023.5,1032.5,0,.57,,9,,4.7
156,堡林,2023-12-18 16:00,.1,,1.6,70,60,1023.1,1032.1,0,.32,,9,,3.6
156,堡林,2023-12-18 17:00,0,,1.4,70,63,1023.5,1032.5,0,.2,,10,,2.6
156,堡林,2023-12-18 18:00,-.3,,2.3,70,69,1022.9,1031.9,0,.07,,10,,1.7
156,堡林,2023-12-18 19:00,-.2,,2.1,70,67,1023.4,1032.4,,,,10,,1.4
156,堡林,2023-12-18 20:00,-.3,,2.2,50,71,1023.8,1032.8,,,,10,,1.3
156,堡林,2023-12-18 21:00,-.4,,1.7,70,71,1023.9,1032.9,,,,10,,1.3
156,堡林,2023-12-18 22:00,-.6,,1.2,70,73,1023.6,1032.6,,,,10,,1.2
156,堡林,2023-12-18 23:00,-.8,,1.2,70,79,1023.2,1032.2,,,,10,,1.1
156,堡林,2023-12-19 00:00,-.9,,1.4,70,78,1023.1,1032.1,,,,10,,1
156,堡林,2023-12-19 01:00,-1,,1.9,70,73,1022.4,1031.4,,,,10,,.7
156,堡林,2023-12-19 02:00,-1,,2.1,70,70,1022.2,1031.2,,,,10,,.5
156,堡林,2023-12-19 03:00,-1,,2.8,70,70,1021.8,1030.8,,,,10,,.5
156,堡林,2023-12-19 04:00,-1,,3.1,70,64,1021,1030,,,,10,,.3
156,堡林,2023-12-19 05:00,-.6,,3,70,56,1019.6,1028.6,,,,7,,.3
156,堡林,2023-12-19 06:00,-.9,,2.8,70,62,1020,1029,,,,5,,.4
156,堡林,2023-12-19 07:00,-1.7,,2.5,70,65,1019.9,1028.9,,,,1,,.3
156,堡林,2023-12-19 08:00,-.8,,1.8,70,57,1020,1029,0,.08,,4,,.2
156,堡林,2023-12-19 09:00,.3,,1.9,70,58,1019.7,1028.7,0,.29,,8,,.3
156,堡林,2023-12-19 10:00,1.8,,2.1,70,46,1020.6,1029.5,.3,.75,,8,,3.5
156,堡林,2023-12-19 11:00,3.2,,1.6,70,44,1020.3,1029.2,.6,1.16,,8,,9.8
156,堡林,2023-12-19 12:00,3.9,,1.9,50,49,1018.7,1027.5,.5,1.53,,9,,11.1
156,堡林,2023-12-19 13:00,3.8,,.9,50,50,1018.3,1027.1,0,.72,,9,,9.2
156,堡林,2023-12-19 14:00,4,,.3,0,52,1018,1026.8,0,.56,,10,,8.5
156,堡林,2023-12-19 15:00,3.4,,1.3,20,57,1017.9,1026.7,0,.44,,9,,7
156,堡林,2023-12-19 16:00,3.4,,.4,0,59,1018,1026.8,.1,.34,,10,,6.3
156,堡林,2023-12-19 17:00,3.4,,.1,0,61,1018.5,1027.3,0,.11,,9,,4.8
156,堡林,2023-12-19 18:00,2.8,,.4,0,71,1018.5,1027.4,0,.06,,3,,2.7
156,堡林,2023-12-19 19:00,2.8,,.4,0,73,1018.9,1027.8,,,,8,,2.2
156,堡林,2023-12-19 20:00,2.9,,.2,0,74,1018.8,1027.6,,,,8,,2.5
156,堡林,2023-12-19 21:00,2.8,,1,270,73,1018.5,1027.4,,,,7,,2.2
156,堡林,2023-12-19 22:00,2.3,,1.1,230,78,1018.7,1027.6,,,,10,,2.3
156,堡林,2023-12-19 23:00,1.9,,.8,200,81,1018.3,1027.2,,,,10,,2
156,堡林,2023-12-20 00:00,2,,1.1,230,84,1017.7,1026.6,,,,9,,2.2
156,堡林,2023-12-20 01:00,2.3,,1,230,85,1017.3,1026.2,,,,10,,2.6
156,堡林,2023-12-20 02:00,2.6,,.4,0,84,1017.2,1026,,,,3,,2.7
156,堡林,2023-12-20 03:00,2.3,0,1.8,340,93,1017.6,1026.5,,,,10,,2.9
156,堡林,2023-12-20 04:00,1.9,,1.2,360,96,1017.7,1026.6,,,,10,,2.5
156,堡林,2023-12-20 05:00,1.4,,1.7,360,92,1017.6,1026.5,,,,10,,2.3
156,堡林,2023-12-20 06:00,.8,0,2.2,360,89,1017.8,1026.7,,,,10,,1.9
156,堡林,2023-12-20 07:00,-.2,,1.5,340,97,1018.4,1027.4,,,,10,,1.5
156,堡林,2023-12-20 08:00,-.2,,1.8,320,87,1018.8,1027.8,0,.07,.3,2,,.7
156,堡林,2023-12-20 09:00,-.9,0,1.9,320,83,1019.1,1028.1,.4,.33,.7,7,,1
156,堡林,2023-12-20 10:00,-.1,,1.2,320,98,1019.3,1028.3,.3,.67,1,8,,5.3
156,堡林,2023-12-20 11:00,.7,,1.1,360,92,1018.8,1027.7,.7,1.22,,6,,10.3
156,堡林,2023-12-20 12:00,.1,.1,1.3,290,87,1018.4,1027.4,.4,1.08,,3,,11
156,堡林,2023-12-20 13:00,-.4,,1.5,340,97,1017.9,1026.9,.1,.62,,6,,7.7
156,堡林,2023-12-20 14:00,-.8,,1.5,320,95,1017.6,1026.6,.1,.7,,10,,6.4
156,堡林,2023-12-20 15:00,-1.1,.4,1.9,320,98,1017.7,1026.7,.2,.74,.3,10,,5.8
156,堡林,2023-12-20 16:00,-1.9,,1.1,20,97,1017.7,1026.7,.1,.44,.6,9,,4.1
156,堡林,2023-12-20 17:00,-2.6,,1.8,50,97,1017.8,1026.8,.1,.2,.8,3,,1.9
156,堡林,2023-12-20 18:00,-3.2,0,.9,20,95,1018.3,1027.4,0,.07,1,5,,1
156,堡林,2023-12-20 19:00,-3.8,,2.3,50,98,1018.7,1027.8,,,1.4,9,,1.1
156,堡林,2023-12-20 20:00,-4.3,,1.3,20,97,1018.8,1027.9,,,2,8,,1.2
156,堡林,2023-12-20 21:00,-4.6,.3,1.1,50,97,1019.3,1028.4,,,2.5,9,,1.2
156,堡林,2023-12-20 22:00,-5.2,,2.3,70,98,1019.3,1028.4,,,3.1,8,,1.2
156,堡林,2023-12-20 23:00,-6.1,,2.2,70,97,1019.4,1028.6,,,3.1,7,,1.1
156,堡林,2023-12-21 00:00,-6.4,.1,2.1,70,97,1019.3,1028.5,,,3,6,,1.1
156,堡林,2023-12-21 01:00,-6.5,,2.1,70,95,1018.9,1028.1,,,3.1,7,,1.1
156,堡林,2023-12-21 02:00,-6.5,,1,70,92,1019,1028.2,,,3.1,7,,1.1
156,堡林,2023-12-21 03:00,-6.8,0,.4,0,93,1018.9,1028.1,,,3.2,8,,1.1
156,堡林,2023-12-21 04:00,-6.7,,.8,70,97,1018.2,1027.4,,,3.6,9,,1
156,堡林,2023-12-21 05:00,-6.7,,2.6,70,98,1018,1027.2,,,4.7,9,,1
156,堡林,2023-12-21 06:00,-7.3,.5,3.8,70,98,1018.9,1028.1,,,6.3,9,,.9
156,堡林,2023-12-21 07:00,-7.8,,1.5,70,97,1019.4,1028.6,,,6.4,8,,1
156,堡林,2023-12-21 08:00,-7.6,,2.4,70,94,1020.4,1029.6,0,.07,5.2,2,,1
156,堡林,2023-12-21 09:00,-7.2,0,2.7,70,85,1021.2,1030.4,0,.19,5,0,,1
156,堡林,2023-12-21 10:00,-6.5,,2.6,70,75,1021.9,1031.1,.7,.87,5,1,,1.1
156,堡林,2023-12-21 11:00,-5.8,,2.5,50,72,1021.9,1031.1,.9,1.3,4.9,2,,1.2
156,堡林,2023-12-21 12:00,-5.7,0,1.7,70,81,1021.6,1030.8,.2,1.22,4.8,9,,1.4
156,堡林,2023-12-21 13:00,-4.9,,2.2,50,81,1021.2,1030.4,.2,1.29,4.2,6,,3.9
156,堡林,2023-12-21 14:00,-4.2,,1.6,70,74,1020.9,1030,.7,1.69,3.9,3,,8.8
156,堡林,2023-12-21 15:00,-4.7,0,1.4,360,74,1021.1,1030.2,.6,1.21,3.2,4,,5
156,堡林,2023-12-21 16:00,-3.7,,1.5,340,66,1021.3,1030.4,.9,1.04,3.1,1,,1.7
156,堡林,2023-12-21 17:00,-4.5,,3.2,70,68,1021.6,1030.7,1,.52,2.4,1,,.4
156,堡林,2023-12-21 18:00,-5.9,0,2,70,74,1022.1,1031.3,.1,.08,2.4,3,,.1
156,堡林,2023-12-21 19:00,-6,,1.4,50,73,1022.5,1031.7,,,2.3,0,,-.4
156,堡林,2023-12-21 20:00,-5.9,,1.9,70,74,1022.9,1032.1,,,2.3,6,,-.7
156,堡林,2023-12-21 21:00,-6.2,0,1.3,50,79,1023.4,1032.6,,,2.3,4,,-1
156,堡林,2023-12-21 22:00,-6.6,,1.1,70,82,1023.7,1032.9,,,2.3,3,,-1.4
156,堡林,2023-12-21 23:00,-7,,1.8,70,85,1024.2,1033.4,,,2.3,0,,-1.6
156,堡林,2023-12-22 00:00,-7.3,0,2.3,70,87,1023.8,1033.1,,,2.3,8,,-2.1
156,堡林,2023-12-22 01:00,-7.1,,.3,0,85,1023,1032.2,,,2.3,3,,-1.8
156,堡林,2023-12-22 02:00,-7,,2.9,50,90,1023.5,1032.7,,,2.6,9,,-1.4
156,堡林,2023-12-22 03:00,-7.5,0,2,70,96,1024.3,1033.6,,,3.5,8,,-.8
156,堡林,2023-12-22 04:00,-7.7,,2.4,70,94,1024.2,1033.5,,,3.6,4,,-1.1
156,堡林,2023-12-22 05:00,-8.3,,3.3,70,93,1024.4,1033.7,,,3.6,3,,-1.6
156,堡林,2023-12-22 06:00,-9,0,2.5,70,88,1024.6,1033.9,,,3.6,2,,-1.8
156,堡林,2023-12-22 07:00,-9.1,,3.4,70,84,1025.5,1034.8,,,3.6,4,,-2
156,堡林,2023-12-22 08:00,-9.4,,3.2,70,80,1025.9,1035.3,0,.07,3.3,0,,-2.3
156,堡林,2023-12-22 09:00,-7.9,,3.1,70,73,1026.3,1035.6,.9,.34,3.2,0,,-1.8
156,堡林,2023-12-22 10:00,-6.8,,3.8,70,66,1027,1036.3,1,1.16,3,0,,-.1
156,堡林,2023-12-22 11:00,-5.1,,2.5,50,61,1027.3,1036.5,1,1.71,2.8,0,,.2
156,堡林,2023-12-22 12:00,-3.9,,2.8,70,60,1027.1,1036.3,1,2.02,2.7,0,,.3
156,堡林,2023-12-22 13:00,-2.9,,1.6,70,57,1026.6,1035.7,1,2.16,2.6,0,,1.4
156,堡林,2023-12-22 14:00,-2.2,,2.1,50,56,1026.8,1035.9,1,2.02,2.5,0,,6.3
156,堡林,2023-12-22 15:00,-1.8,,2.6,50,54,1026.5,1035.6,1,1.68,2.2,0,,8
156,堡林,2023-12-22 16:00,-1.9,,3.1,50,55,1027,1036.1,1,1.17,2.1,1,,3.5
156,堡林,2023-12-22 17:00,-3,,1.5,50,60,1027.6,1036.7,1,.52,2.1,0,,.5
156,堡林,2023-12-22 18:00,-4.4,,2.7,70,66,1027.9,1037.1,.2,.08,2.1,0,,.1
156,堡林,2023-12-22 19:00,-5,,2.3,70,70,1028.3,1037.5,,,2.1,0,,-1.4
156,堡林,2023-12-22 20:00,-5.4,,2,70,71,1028.8,1038,,,2.1,0,,-2.3
156,堡林,2023-12-22 21:00,-5.8,,1.4,70,74,1028.9,1038.1,,,2.1,0,,-2.9
156,堡林,2023-12-22 22:00,-5.9,,1.3,50,73,1029.3,1038.5,,,2.1,0,,-3.4
156,堡林,2023-12-22 23:00,-6.1,,1,50,76,1029.2,1038.5,,,2.1,0,,-3.9
156,堡林,2023-12-23 00:00,-6.3,,2.2,70,77,1029.4,1038.7,,,2.1,1,,-4.4
156,堡林,2023-12-23 01:00,-6.6,,2.2,70,78,1029.1,1038.4,,,2.1,0,,-4.8
156,堡林,2023-12-23 02:00,-6.4,,2.1,50,79,1029.1,1038.4,,,2.1,0,,-5.1
156,堡林,2023-12-23 03:00,-6.9,,1.8,70,79,1029.1,1038.4,,,2.1,1,,-5.5
156,堡林,2023-12-23 04:00,-6.7,,.1,0,80,1029.2,1038.5,,,2.1,0,,-5.6
156,堡林,2023-12-23 05:00,-7,,1.3,50,82,1028.7,1038,,,2.1,0,,-5.9
156,堡林,2023-12-23 06:00,-7.3,,1.6,50,86,1029,1038.3,,,2.1,0,,-5.9
156,堡林,2023-12-23 07:00,-7,,.8,360,85,1029.8,1039.1,,,2.1,0,,-5.4
156,堡林,2023-12-23 08:00,-6.9,,.6,320,89,1029.3,1038.6,0,.08,2.1,3,,-5.6
156,堡林,2023-12-23 09:00,-4.6,,1.6,70,78,1029.4,1038.6,.8,.43,2.1,3,,-3.1
156,堡林,2023-12-23 10:00,-2.5,,2.4,70,67,1029.5,1038.6,1,1.07,2,3,,.2
156,堡林,2023-12-23 11:00,-1.2,,2.9,70,60,1029.3,1038.4,1,1.6,1.6,2,,.9
156,堡林,2023-12-23 12:00,.1,,2.6,70,57,1028.4,1037.4,1,1.86,,3,,1.7
156,堡林,2023-12-23 13:00,1.1,,2.1,70,55,1027.5,1036.5,1,1.62,,7,,3.7
156,堡林,2023-12-23 14:00,1.7,,1.3,70,55,1026.9,1035.9,1,1.74,,2,,7.7
156,堡林,2023-12-23 15:00,2.8,,.8,110,53,1027.1,1036,1,1.36,,7,,8.3
156,堡林,2023-12-23 16:00,2.2,,1,50,54,1026.9,1035.8,1,.91,,7,,5.6
156,堡林,2023-12-23 17:00,1.4,,.7,110,58,1026.3,1035.3,.4,.37,,7,,2.2
156,堡林,2023-12-23 18:00,.6,,1.1,270,67,1027,1036,.2,.09,,1,,.7
156,堡林,2023-12-23 19:00,-.4,,.8,200,77,1026.8,1035.8,,,,7,,.4
156,堡林,2023-12-23 20:00,-.3,,.6,320,81,1026.8,1035.8,,,,6,,.2
156,堡林,2023-12-23 21:00,-.7,,.2,0,83,1026.4,1035.4,,,,4,,.1
156,堡林,2023-12-23 22:00,-.8,,.4,0,85,1026,1035,,,,7,,-.3
156,堡林,2023-12-23 23:00,-.7,,0,0,81,1025.4,1034.4,,,,9,,0
156,堡林,2023-12-24 00:00,-.7,,.2,0,86,1025,1034,,,,10,,0
156,堡林,2023-12-24 01:00,-.6,,.1,0,87,1024.6,1033.6,,,,10,,.1
156,堡林,2023-12-24 02:00,-.7,,.2,0,90,1024.4,1033.4,,,,10,,.1
156,堡林,2023-12-24 03:00,-.9,0,.3,0,94,1024.2,1033.2,,,,9,,.1
156,堡林,2023-12-24 04:00,-1.4,,.4,0,99,1023.7,1032.7,,,.8,10,,.2
156,堡林,2023-12-24 05:00,-1.6,,.2,0,99,1023,1032,,,1.6,10,,.2
156,堡林,2023-12-24 06:00,-1.5,.1,.1,0,99,1023,1032,,,2,10,,.2
156,堡林,2023-12-24 07:00,-1.4,,.1,0,99,1023.4,1032.4,,,2.2,10,,.6
156,堡林,2023-12-24 08:00,-1.3,,.3,0,99,1023.7,1032.7,0,.07,2.4,10,,.6
156,堡林,2023-12-24 09:00,-1,0,.1,0,99,1024.1,1033.1,0,.16,2.4,9,,.7
156,堡林,2023-12-24 10:00,0,,.3,0,99,1024.7,1033.7,.2,.43,2.3,7,,.7
156,堡林,2023-12-24 11:00,.6,,0,0,98,1024.5,1033.5,.3,.77,1.3,7,,.9
156,堡林,2023-12-24 12:00,1.8,0,1.3,50,94,1023.7,1032.6,.4,1.35,,7,,6.1
156,堡林,2023-12-24 13:00,2.2,,1.4,270,84,1023.2,1032.1,.5,1.33,,7,,9.4
156,堡林,2023-12-24 14:00,2.1,,.8,290,85,1022.4,1031.3,.4,1.13,,6,,9.1
156,堡林,2023-12-24 15:00,2.5,0,1,340,76,1021.9,1030.8,.5,.85,,9,,7.2
156,堡林,2023-12-24 16:00,2.5,,1,20,68,1021.6,1030.5,.4,.51,,7,,5.8
156,堡林,2023-12-24 17:00,2.2,,.7,50,70,1021.6,1030.5,.5,.34,,7,,3.3
156,堡林,2023-12-24 18:00,1.5,,.8,320,72,1021.7,1030.6,0,.08,,7,,1
156,堡林,2023-12-24 19:00,1.1,,1,250,71,1022,1030.9,,,,0,,.9
156,堡林,2023-12-24 20:00,.5,,.9,90,80,1021.7,1030.7,,,,0,,.8
156,堡林,2023-12-24 21:00,-.2,,.5,140,88,1021.6,1030.6,,,,3,,.7
156,堡林,2023-12-24 22:00,-.1,,1,70,88,1021.4,1030.4,,,,3,,.7
156,堡林,2023-12-24 23:00,-.3,,.7,160,92,1021.3,1030.3,,,,0,,.4
156,堡林,2023-12-25 00:00,.1,,.7,340,84,1020.9,1029.9,,,,9,,.5
156,堡林,2023-12-25 01:00,.1,,.2,0,92,1020.7,1029.7,,,,5,,.6
156,堡林,2023-12-25 02:00,-1.1,,.7,70,96,1020.5,1029.5,,,,0,,.2
156,堡林,2023-12-25 03:00,-.5,,.8,230,97,1020.5,1029.5,,,,8,,.1
156,堡林,2023-12-25 04:00,-.5,,.7,160,97,1020.3,1029.3,,,,8,,.2
156,堡林,2023-12-25 05:00,-.4,,.3,0,97,1020.2,1029.2,,,,7,,.2
156,堡林,2023-12-25 06:00,-.3,0,.3,0,98,1020.4,1029.4,,,,8,,.2
156,堡林,2023-12-25 07:00,-1.1,,1,320,99,1021.1,1030.1,,,,8,,0
156,堡林,2023-12-25 08:00,-1.1,,.1,0,99,1021.5,1030.5,0,.08,,7,,-.1
156,堡林,2023-12-25 09:00,0,0,.3,0,99,1022.1,1031.1,.4,.35,,7,,.2
156,堡林,2023-12-25 10:00,1.9,,.1,0,96,1022.5,1031.4,.7,.9,,6,,.9
156,堡林,2023-12-25 11:00,2.6,,.8,250,81,1022.8,1031.7,.7,1.21,,8,,5.5
156,堡林,2023-12-25 12:00,2.9,0,.4,0,77,1022.3,1031.2,.1,.8,,7,,7.3
156,堡林,2023-12-25 13:00,3.3,,.8,320,71,1021.8,1030.7,.4,1.32,,7,,9.7
156,堡林,2023-12-25 14:00,4.4,,1.3,360,58,1021.1,1029.9,.3,1.1,,7,,10.6
156,堡林,2023-12-25 15:00,3.9,,2,320,60,1021,1029.8,.4,.93,,8,,8.3
156,堡林,2023-12-25 16:00,3.9,,1.3,320,63,1021.3,1030.1,.1,.44,,7,,6.3
156,堡林,2023-12-25 17:00,3.5,,.4,0,66,1021.3,1030.1,0,.19,,8,,4.6
156,堡林,2023-12-25 18:00,2.4,,.1,0,74,1021.5,1030.4,0,.07,,2,,2
156,堡林,2023-12-25 19:00,2.6,,.7,250,75,1022,1030.9,,,,0,,1.3
156,堡林,2023-12-25 20:00,2.1,,1.5,180,81,1022.4,1031.3,,,,0,,1.2
156,堡林,2023-12-25 21:00,1.6,,.7,200,83,1022.5,1031.4,,,,9,,1.2
156,堡林,2023-12-25 22:00,.8,,1.3,180,88,1022.2,1031.2,,,,0,,.9
156,堡林,2023-12-25 23:00,.4,,.9,180,90,1022.4,1031.4,,,,0,,.6
156,堡林,2023-12-26 00:00,-.1,,1.1,180,91,1022.3,1031.3,,,,2,,.2
156,堡林,2023-12-26 01:00,-.5,,.6,200,94,1022.3,1031.3,,,,0,,-.2
156,堡林,2023-12-26 02:00,-.6,,.4,0,95,1022.3,1031.3,,,,0,,-.4
156,堡林,2023-12-26 03:00,-.1,,.9,70,92,1022,1031,,,,9,,0
156,堡林,2023-12-26 04:00,0,,1.2,70,96,1021.5,1030.5,,,,9,,0
156,堡林,2023-12-26 05:00,.2,,.1,0,97,1020.9,1029.9,,,,9,,.2
156,堡林,2023-12-26 06:00,.3,,.4,0,97,1021.1,1030.1,,,,9,,.2
156,堡林,2023-12-26 07:00,-.1,,.3,0,98,1021.4,1030.4,,,,9,,.1
156,堡林,2023-12-26 08:00,-.1,,.5,320,99,1021.8,1030.8,0,.07,,8,,.1
156,堡林,2023-12-26 09:00,.9,,0,0,98,1022.6,1031.6,.1,.28,,9,,.5
156,堡林,2023-12-26 10:00,3,,.3,0,84,1023,1031.9,.8,.91,,5,,.9
156,堡林,2023-12-26 11:00,5,,1,200,74,1022.9,1031.7,1,1.48,,6,,9.5
156,堡林,2023-12-26 12:00,6.5,,.9,180,68,1022,1030.8,1,1.65,,7,,12.5
156,堡林,2023-12-26 13:00,7.1,,1,20,62,1021.2,1029.9,.9,1.61,,7,,13.5
156,堡林,2023-12-26 14:00,7.6,,1.3,320,60,1020.9,1029.6,.8,1.51,,7,,13.3
156,堡林,2023-12-26 15:00,7.9,,1.6,50,62,1020.7,1029.4,.8,1.37,,6,,12.9
156,堡林,2023-12-26 16:00,7.2,,1,20,63,1021,1029.7,.1,.44,,7,,8.4
156,堡林,2023-12-26 17:00,6.4,,.7,340,66,1021.5,1030.3,.1,.32,,6,,6.3
156,堡林,2023-12-26 18:00,5.9,,.4,0,68,1021.9,1030.7,0,.06,,7,,4.1
156,堡林,2023-12-26 19:00,4.9,,.6,70,76,1021.6,1030.4,,,,6,,2.4
156,堡林,2023-12-26 20:00,4.3,,.7,90,81,1021.8,1030.6,,,,6,,1.4
156,堡林,2023-12-26 21:00,3.8,,0,0,85,1022.6,1031.4,,,,9,,1.7
156,堡林,2023-12-26 22:00,3.3,,.2,0,89,1022.5,1031.4,,,,7,,1.4
156,堡林,2023-12-26 23:00,2.7,,.9,50,91,1022.6,1031.5,,,,8,,1.3
156,堡林,2023-12-27 00:00,2.5,,1.3,270,96,1023.2,1032.1,,,,10,,1.5
156,堡林,2023-12-27 01:00,2.5,,.5,340,96,1022.6,1031.5,,,,10,,1.6
156,堡林,2023-12-27 02:00,2.2,,.7,270,97,1022.9,1031.8,,,,8,,1.4
156,堡林,2023-12-27 03:00,1.9,,0,0,98,1022.7,1031.6,,,,7,,1.4
156,堡林,2023-12-27 04:00,2,,.7,50,98,1022.3,1031.2,,,,10,,1.6
156,堡林,2023-12-27 05:00,1.9,,0,0,98,1022,1030.9,,,,10,,1.6
156,堡林,2023-12-27 06:00,1.9,,.1,0,98,1022,1030.9,,,,8,,1.4
156,堡林,2023-12-27 07:00,1.6,,.5,290,99,1022.1,1031,,,,7,,.9
156,堡林,2023-12-27 08:00,1.2,,1,270,99,1022.7,1031.6,0,.07,,0,,.9
156,堡林,2023-12-27 09:00,2.3,,.2,0,99,1023.1,1032,.7,.4,,0,,1
156,堡林,2023-12-27 10:00,3.8,,.6,250,91,1023.3,1032.2,1,.97,,0,,6.4
156,堡林,2023-12-27 11:00,6,,0,0,81,1023.1,1031.9,1,1.45,,0,,11.8
156,堡林,2023-12-27 12:00,7.7,,.8,250,68,1022.6,1031.3,1,1.78,,0,,15.9
156,堡林,2023-12-27 13:00,9.6,,1.4,270,63,1021.7,1030.3,1,1.9,,0,,17.1
156,堡林,2023-12-27 14:00,9.9,,1.1,230,60,1021,1029.7,1,1.81,,0,,16.6
156,堡林,2023-12-27 15:00,9.9,,1.7,250,54,1020.9,1029.6,1,1.45,,0,,14.7
156,堡林,2023-12-27 16:00,9.5,,1.3,250,60,1020.9,1029.5,1,.88,,0,,11.7
156,堡林,2023-12-27 17:00,8.8,,1.1,270,63,1021.1,1029.8,.3,.28,,5,,8.5
156,堡林,2023-12-27 18:00,7.2,,1.4,340,76,1021.1,1029.8,0,.09,,5,,5.9
156,堡林,2023-12-27 19:00,6.1,,.3,0,83,1021.3,1030.1,,,,6,,4.4
156,堡林,2023-12-27 20:00,5.7,,.5,340,87,1020.9,1029.7,,,,0,,2.9
156,堡林,2023-12-27 21:00,4.8,,.9,230,93,1021.4,1030.2,,,,0,,1.9
156,堡林,2023-12-27 22:00,4.7,,.6,70,95,1021.2,1030,,,,0,,2.5
156,堡林,2023-12-27 23:00,4.3,,.2,0,97,1021,1029.8,,,,1,,2
156,堡林,2023-12-28 00:00,3.4,,.6,230,98,1020.8,1029.6,,,,1,,1.2
156,堡林,2023-12-28 01:00,3,,.2,0,99,1020.4,1029.3,,,,0,,1.2
156,堡林,2023-12-28 02:00,2.1,,.4,0,99,1020.3,1029.2,,,,0,,1.1
156,堡林,2023-12-28 03:00,1.9,,.8,70,99,1020,1028.9,,,,0,,.9
156,堡林,2023-12-28 04:00,1.4,,1,270,99,1020,1028.9,,,,0,,.7
156,堡林,2023-12-28 05:00,.5,,.2,0,99,1020.2,1029.2,,,,0,,.4
156,堡林,2023-12-28 06:00,.9,,.3,0,99,1020.3,1029.2,,,,0,,0
156,堡林,2023-12-28 07:00,.1,,.4,0,99,1020.6,1029.6,,,,0,,-.4
156,堡林,2023-12-28 08:00,0,,1.1,90,99,1020.3,1029.3,0,.07,,0,,-.5
156,堡林,2023-12-28 09:00,.4,,.6,270,99,1020.8,1029.8,.7,.36,,0,,.2
156,堡林,2023-12-28 10:00,2.3,,.7,270,99,1020.8,1029.7,1,.91,,0,,.9
156,堡林,2023-12-28 11:00,2.9,,.5,360,98,1020.9,1029.8,.3,.93,,8,,6.5
156,堡林,2023-12-28 12:00,4.9,,1.2,290,91,1020.2,1029,0,.81,,9,,8.5
156,堡林,2023-12-28 13:00,5.7,,.4,0,87,1019.6,1028.4,0,.77,,9,,9.5
156,堡林,2023-12-28 14:00,7.6,,.9,270,69,1019.2,1027.9,.5,1.3,,0,,13.4
156,堡林,2023-12-28 15:00,8.8,,1.4,290,65,1019,1027.6,1,1.42,,0,,12.3
156,堡林,2023-12-28 16:00,8.4,,2.6,50,61,1019,1027.7,.9,.95,,6,,10
156,堡林,2023-12-28 17:00,7.2,,2,50,65,1019.2,1027.9,.7,.35,,0,,6.1
156,堡林,2023-12-28 18:00,5.9,,1.5,50,71,1019.8,1028.6,0,.08,,0,,3.6
156,堡林,2023-12-28 19:00,5.1,,1.3,20,72,1020.2,1029,,,,0,,2.3
156,堡林,2023-12-28 20:00,3.8,,1.9,70,79,1020.5,1029.3,,,,0,,1.4
156,堡林,2023-12-28 21:00,3.2,,1.6,70,84,1020.7,1029.6,,,,0,,1.3
156,堡林,2023-12-28 22:00,2.6,,2.4,70,89,1020.7,1029.6,,,,0,,1.2
156,堡林,2023-12-28 23:00,2.3,,1,50,91,1020.9,1029.8,,,,0,,1
156,堡林,2023-12-29 00:00,1.8,,1.1,50,91,1020.8,1029.7,,,,0,,.6
156,堡林,2023-12-29 01:00,1,,.1,0,97,1020.6,1029.5,,,,0,,-.1
156,堡林,2023-12-29 02:00,.8,,.2,0,98,1020.7,1029.6,,,,0,,-.7
156,堡林,2023-12-29 03:00,.5,,.7,50,98,1020.9,1029.9,,,,0,,-1.1
156,堡林,2023-12-29 04:00,.3,,1.7,70,98,1020.4,1029.4,,,,0,,-1.3
156,堡林,2023-12-29 05:00,.2,,1.8,70,98,1020,1029,,,,0,,-1.4
156,堡林,2023-12-29 06:00,-.7,,1.1,50,98,1019.4,1028.4,,,,0,,-1.7
156,堡林,2023-12-29 07:00,-.9,,.5,340,99,1019.6,1028.6,,,,0,,-1.8
156,堡林,2023-12-29 08:00,-.8,,.7,290,99,1019.8,1028.8,0,.08,,0,,-1.8
156,堡林,2023-12-29 09:00,-.1,,1.3,270,99,1020.3,1029.3,.7,.38,,0,,-.2
156,堡林,2023-12-29 10:00,2,,.7,250,95,1020.8,1029.7,1,.95,,0,,.2
156,堡林,2023-12-29 11:00,3.9,,.9,250,80,1020.4,1029.2,1,1.43,,0,,4.5
156,堡林,2023-12-29 12:00,6.8,,.9,160,61,1019.2,1027.9,1,1.77,,0,,12
156,堡林,2023-12-29 13:00,7.1,,1,290,60,1018.7,1027.4,1,1.86,,0,,14.5
156,堡林,2023-12-29 14:00,7.9,,1.9,270,58,1018.2,1026.9,1,1.76,,0,,14.5
156,堡林,2023-12-29 15:00,8,,.6,360,59,1017.5,1026.2,1,1.42,,0,,13.1
156,堡林,2023-12-29 16:00,7.4,,1,290,64,1017.3,1026,.9,.81,,3,,9.3
156,堡林,2023-12-29 17:00,6.7,,.9,360,70,1016.8,1025.5,.3,.38,,6,,6.7
156,堡林,2023-12-29 18:00,5.7,,.5,20,75,1016.6,1025.3,0,.1,,5,,4.2
156,堡林,2023-12-29 19:00,5.2,,.8,20,80,1016.8,1025.6,,,,7,,2.8
156,堡林,2023-12-29 20:00,4.2,,1.7,70,83,1016.6,1025.4,,,,6,,1.7
156,堡林,2023-12-29 21:00,3.6,,.5,20,87,1016.8,1025.6,,,,0,,1.4
156,堡林,2023-12-29 22:00,3.3,,0,0,89,1016.6,1025.4,,,,0,,1.2
156,堡林,2023-12-29 23:00,2.6,,.3,0,95,1016.6,1025.4,,,,0,,1
156,堡林,2023-12-30 00:00,1.8,,.5,200,97,1016.3,1025.2,,,,0,,.8
156,堡林,2023-12-30 01:00,1.2,,1,110,99,1015.7,1024.6,,,,0,,.3
156,堡林,2023-12-30 02:00,1.2,,.2,0,99,1015.4,1024.3,,,,0,,-.2
156,堡林,2023-12-30 03:00,.5,,.5,90,99,1015,1023.9,,,,0,,-.5
156,堡林,2023-12-30 04:00,.1,,0,0,99,1014.6,1023.5,,,,0,,-.9
156,堡林,2023-12-30 05:00,-.3,,.5,200,99,1013.6,1022.5,,,,0,,-1.2
156,堡林,2023-12-30 06:00,-.4,,1.3,110,99,1012.8,1021.7,,,,0,,-1.3
156,堡林,2023-12-30 07:00,-.3,,.4,0,99,1012.3,1021.2,,,,0,,-1.2
156,堡林,2023-12-30 08:00,-.6,,.2,0,99,1012.4,1021.3,0,.07,,2,,-1.3
156,堡林,2023-12-30 09:00,.7,,.7,70,99,1012.3,1021.2,.1,.3,,6,,.1
156,堡林,2023-12-30 10:00,2.1,,.2,0,97,1012.1,1020.9,0,.42,,8,,.3
156,堡林,2023-12-30 11:00,3.6,,.4,0,89,1011.3,1020.1,.5,.98,,9,,3.9
156,堡林,2023-12-30 12:00,4.9,,.4,0,78,1010.7,1019.4,.2,.87,,9,,7.8
156,堡林,2023-12-30 13:00,6.3,,.6,50,66,1009.2,1017.9,.1,.92,,9,,10.1
156,堡林,2023-12-30 14:00,7,,.7,20,71,1008.6,1017.2,0,.8,,10,,10.3
156,堡林,2023-12-30 15:00,7.5,,.6,90,67,1008,1016.6,0,.52,,10,,8.8
156,堡林,2023-12-30 16:00,7.6,,1,90,65,1006.5,1015.1,0,.28,,10,,7.7
156,堡林,2023-12-30 17:00,7.5,,.9,360,67,1006.4,1015,0,.14,,10,,6.9
156,堡林,2023-12-30 18:00,5.6,.2,.1,0,92,1007.3,1016,0,.06,,10,,6
156,堡林,2023-12-30 19:00,5.7,,1.3,70,88,1006.7,1015.4,,,,10,,5.7
156,堡林,2023-12-30 20:00,6.3,,1.2,20,88,1006.1,1014.7,,,,9,,5.7
156,堡林,2023-12-30 21:00,6.5,0,.6,180,89,1005.7,1014.3,,,,9,,5.9
156,堡林,2023-12-30 22:00,6.6,,.1,0,90,1005.4,1014,,,,10,,6
156,堡林,2023-12-30 23:00,6.1,,.3,0,98,1004.6,1013.2,,,,9,,6
156,堡林,2023-12-31 00:00,6,.3,.7,250,99,1004.4,1013,,,,10,,6
