瘤痢,瘤痢疙,老矫,扁柯(∑C),碍荐樊(mm),浅加(m/s),浅氢(16规困),嚼档(%),泅瘤扁拘(hPa),秦搁扁拘(hPa),老炼(hr),老荤(MJ/m2),利汲(cm),傈款樊(10盒困),瘤搁惑怕(瘤搁惑怕内靛),瘤搁柯档(∑C)
156,堡林,2024-01-01 01:00,4.6,,.3,0,84,1018,1026.8,,,,10,,4.2
156,堡林,2024-01-01 02:00,4.7,,.3,0,84,1018.2,1027,,,,10,,4.2
156,堡林,2024-01-01 03:00,3.7,,.1,0,89,1018.5,1027.3,,,,5,,2.3
156,堡林,2024-01-01 04:00,3.1,,.6,90,96,1018.6,1027.4,,,,2,,1.4
156,堡林,2024-01-01 05:00,2.5,,.7,140,98,1018.8,1027.7,,,,0,,1.3
156,堡林,2024-01-01 06:00,2,,.5,70,99,1019.2,1028.1,,,,0,,1.2
156,堡林,2024-01-01 07:00,1.5,,.1,0,99,1019.7,1028.6,,,,0,,1.1
156,堡林,2024-01-01 08:00,1.4,,.8,50,99,1020.2,1029.1,0,.07,,0,,.9
156,堡林,2024-01-01 09:00,2.5,,.1,0,99,1020.4,1029.3,.7,.38,,0,,1.1
156,堡林,2024-01-01 10:00,4,,.2,0,94,1020.9,1029.7,1,.96,,0,,3.5
156,堡林,2024-01-01 11:00,6.2,,.7,250,87,1021,1029.8,1,1.48,,1,,11.8
156,堡林,2024-01-01 12:00,6.5,,1.2,250,79,1020.5,1029.2,.6,1.45,,9,,12.3
156,堡林,2024-01-01 13:00,7.1,,1.4,250,73,1019.6,1028.3,0,.84,,9,,11.2
156,堡林,2024-01-01 14:00,8.1,,1.1,90,65,1018.3,1027,.5,1.41,,8,,13.9
156,堡林,2024-01-01 15:00,8.8,,1.6,270,63,1018.1,1026.7,.5,1.19,,7,,13.1
156,堡林,2024-01-01 16:00,8.6,,1.2,270,66,1017.7,1026.3,0,.48,,9,,10.1
156,堡林,2024-01-01 17:00,8,,1.4,230,69,1017.4,1026.1,0,.27,,8,,8.3
156,堡林,2024-01-01 18:00,7.5,,.9,250,71,1017.6,1026.3,0,.09,,8,,6.5
156,堡林,2024-01-01 19:00,7.4,,.6,200,73,1017.5,1026.2,,,,0,,6.3
156,堡林,2024-01-01 20:00,7,,.9,230,76,1017.6,1026.3,,,,0,,6
156,堡林,2024-01-01 21:00,6.7,,1.5,270,75,1017.8,1026.5,,,,9,,5.7
156,堡林,2024-01-01 22:00,6.4,,.4,0,73,1018,1026.7,,,,0,,5.5
156,堡林,2024-01-01 23:00,5.8,,.5,230,75,1017.7,1026.5,,,,0,,4.9
156,堡林,2024-01-02 00:00,5.9,,.3,0,77,1017.5,1026.2,,,,9,,5
156,堡林,2024-01-02 01:00,5.7,,.6,250,76,1017,1025.8,,,,10,,4.7
156,堡林,2024-01-02 02:00,5.3,,.5,270,76,1016.7,1025.5,,,,8,,3.8
156,堡林,2024-01-02 03:00,5.2,,0,0,78,1016.5,1025.3,,,,9,,4.3
156,堡林,2024-01-02 04:00,5,,.4,0,81,1016.3,1025.1,,,,8,,3.6
156,堡林,2024-01-02 05:00,3.8,,.3,0,93,1015.9,1024.7,,,,5,,1.7
156,堡林,2024-01-02 06:00,4.3,,.3,0,93,1015.6,1024.4,,,,9,,3.3
156,堡林,2024-01-02 07:00,4.7,,.3,0,92,1015.6,1024.4,,,,9,,3.8
156,堡林,2024-01-02 08:00,4.4,,.7,320,95,1015.3,1024.1,0,.07,,9,,3.9
156,堡林,2024-01-02 09:00,4.8,,.4,0,95,1015.7,1024.5,0,.14,,9,,4.8
156,堡林,2024-01-02 10:00,5.1,,.5,200,90,1015.8,1024.6,0,.29,,9,,6.4
156,堡林,2024-01-02 11:00,6,,.5,200,81,1015.4,1024.1,0,.57,,9,,8.4
156,堡林,2024-01-02 12:00,6.8,,.7,290,77,1014.5,1023.2,.1,.96,,9,,11.3
156,堡林,2024-01-02 13:00,7.2,,.8,320,76,1013.8,1022.5,0,.82,,9,,11.1
156,堡林,2024-01-02 14:00,7.7,,.6,270,73,1012.9,1021.5,0,.85,,8,,12.5
156,堡林,2024-01-02 15:00,8,,1.4,290,65,1012.8,1021.4,.2,.73,,8,,11
156,堡林,2024-01-02 16:00,7.8,,1.1,360,64,1012.7,1021.3,0,.49,,8,,9.3
156,堡林,2024-01-02 17:00,7.3,,1.1,360,65,1012.8,1021.4,0,.19,,9,,7.5
156,堡林,2024-01-02 18:00,6.8,,.9,50,69,1012.8,1021.5,0,.08,,9,,5.8
156,堡林,2024-01-02 19:00,6.1,,.6,50,68,1012.7,1021.4,,,,9,,4.5
156,堡林,2024-01-02 20:00,6,,.6,340,74,1012.6,1021.3,,,,8,,4.1
156,堡林,2024-01-02 21:00,5.2,,.5,290,82,1012.6,1021.3,,,,10,,3.9
156,堡林,2024-01-02 22:00,5.3,,.4,0,86,1012.1,1020.8,,,,10,,4.2
156,堡林,2024-01-02 23:00,5.1,,.3,0,87,1012.2,1020.9,,,,10,,4.4
156,堡林,2024-01-03 00:00,5,,1.1,50,88,1011.7,1020.4,,,,10,,4.5
156,堡林,2024-01-03 01:00,5,,.8,320,88,1012,1020.7,,,,10,,4.4
156,堡林,2024-01-03 02:00,3.8,,2,50,97,1011.9,1020.7,,,,10,,4.4
156,堡林,2024-01-03 03:00,3,1.6,.7,180,99,1012,1020.8,,,,10,,4.3
156,堡林,2024-01-03 04:00,2.4,,.7,230,99,1011.6,1020.4,,,,10,,4
156,堡林,2024-01-03 05:00,2.3,,.2,0,99,1011,1019.8,,,,10,,4
156,堡林,2024-01-03 06:00,2.1,2.9,.4,0,99,1010.6,1019.4,,,,10,,3.9
156,堡林,2024-01-03 07:00,2.3,,.2,0,99,1010.8,1019.6,,,,10,,3.9
156,堡林,2024-01-03 08:00,2.7,,.4,0,99,1011,1019.8,0,.06,,10,,4.1
156,堡林,2024-01-03 09:00,2.8,.3,.5,50,99,1011.6,1020.4,0,.14,,9,,4.7
156,堡林,2024-01-03 10:00,3.3,,.4,0,99,1011.8,1020.6,0,.3,,10,,6.2
156,堡林,2024-01-03 11:00,3.9,,.8,340,99,1011.7,1020.5,0,.55,,9,,8.2
156,堡林,2024-01-03 12:00,5.1,,.7,290,98,1011.3,1020,.3,1.23,,8,,12.4
156,堡林,2024-01-03 13:00,6.4,,1.3,290,79,1010.5,1019.2,.9,1.66,,9,,15.4
156,堡林,2024-01-03 14:00,6.3,,1.7,20,70,1010.2,1018.9,.5,1.02,,8,,11.8
156,堡林,2024-01-03 15:00,6.4,,2.5,320,66,1010.6,1019.3,.4,1.08,,9,,9.8
156,堡林,2024-01-03 16:00,6.7,,1.2,290,61,1011,1019.7,.3,.62,,8,,8.6
156,堡林,2024-01-03 17:00,5.8,,1.8,340,61,1011.8,1020.5,.2,.33,,6,,5.9
156,堡林,2024-01-03 18:00,5.1,0,1.4,320,65,1012.2,1020.9,0,.08,,2,,3.4
156,堡林,2024-01-03 19:00,4.6,,1.3,320,67,1012.8,1021.5,,,,1,,2.2
156,堡林,2024-01-03 20:00,4.4,,.9,340,75,1013.1,1021.8,,,,4,,2
156,堡林,2024-01-03 21:00,4.2,,1.7,20,77,1013.6,1022.4,,,,2,,1.4
156,堡林,2024-01-03 22:00,3.6,,.7,20,81,1014.1,1022.9,,,,0,,1
156,堡林,2024-01-03 23:00,3.7,,1.8,50,78,1014.3,1023.1,,,,4,,1.4
156,堡林,2024-01-04 00:00,3.5,,1.1,50,73,1014.2,1023,,,,4,,2.2
156,堡林,2024-01-04 01:00,3.1,,1.4,50,75,1014.4,1023.2,,,,8,,1
156,堡林,2024-01-04 02:00,2.3,,1.7,50,77,1014.5,1023.3,,,,0,,1
156,堡林,2024-01-04 03:00,1.6,,1.4,70,80,1014.4,1023.3,,,,0,,1
156,堡林,2024-01-04 04:00,.7,,1.1,50,86,1014.5,1023.4,,,,0,,.7
156,堡林,2024-01-04 05:00,1.3,,.3,0,86,1014.7,1023.6,,,,3,,.1
156,堡林,2024-01-04 06:00,.3,,.7,90,94,1014.9,1023.8,,,,0,,-.9
156,堡林,2024-01-04 07:00,0,,1,50,93,1015.1,1024,,,,0,,-1.4
156,堡林,2024-01-04 08:00,-.3,,.8,50,94,1015.6,1024.5,0,.07,,0,,-1.7
156,堡林,2024-01-04 09:00,1.4,,.6,270,90,1016,1024.9,.8,.4,,0,,-.2
156,堡林,2024-01-04 10:00,2.4,,1.7,270,82,1016.8,1025.7,1,1.01,,0,,.2
156,堡林,2024-01-04 11:00,3.7,,1,270,71,1016.6,1025.4,1,1.54,,0,,8.9
156,堡林,2024-01-04 12:00,6,,.9,230,65,1015.9,1024.6,1,1.91,,0,,14.1
156,堡林,2024-01-04 13:00,6.5,,1.8,270,60,1015.5,1024.2,1,2.05,,0,,16.1
156,堡林,2024-01-04 14:00,7.5,,.7,70,57,1014.6,1023.3,1,1.95,,0,,16.3
156,堡林,2024-01-04 15:00,7.5,,1,250,56,1014.1,1022.8,1,1.6,,0,,14.8
156,堡林,2024-01-04 16:00,8,,.8,230,57,1013.9,1022.5,1,.96,,0,,11.3
156,堡林,2024-01-04 17:00,7,,2,270,59,1014.2,1022.9,1,.51,,0,,6.9
156,堡林,2024-01-04 18:00,5.8,,.6,270,66,1014.3,1023,0,.09,,0,,4
156,堡林,2024-01-04 19:00,5.4,,.6,250,72,1014.3,1023,,,,0,,2.4
156,堡林,2024-01-04 20:00,3.9,,.8,140,81,1014.3,1023.1,,,,0,,1.3
156,堡林,2024-01-04 21:00,3.7,,.6,140,86,1014.3,1023.1,,,,0,,1.4
156,堡林,2024-01-04 22:00,3.6,,.4,0,86,1014.2,1023,,,,0,,1.3
156,堡林,2024-01-04 23:00,2.8,,.5,50,94,1014,1022.8,,,,0,,1.2
156,堡林,2024-01-05 00:00,2.3,,.3,0,96,1013.9,1022.7,,,,0,,1.1
156,堡林,2024-01-05 01:00,2,,.2,0,97,1013.6,1022.4,,,,0,,.9
156,堡林,2024-01-05 02:00,1.5,,0,0,98,1013.8,1022.7,,,,0,,.4
156,堡林,2024-01-05 03:00,1.8,,.1,0,99,1014,1022.9,,,,0,,.4
156,堡林,2024-01-05 04:00,1.8,,.6,50,98,1014,1022.9,,,,8,,.4
156,堡林,2024-01-05 05:00,1.8,,.1,0,98,1014,1022.9,,,,8,,.4
156,堡林,2024-01-05 06:00,2.1,,.3,0,98,1013.9,1022.7,,,,7,,.7
156,堡林,2024-01-05 07:00,2.3,,.3,0,98,1014.1,1022.9,,,,9,,1
156,堡林,2024-01-05 08:00,2,,0,0,98,1014.2,1023,0,.07,,3,,1
156,堡林,2024-01-05 09:00,3.7,,.6,290,97,1014.6,1023.4,.3,.39,,9,,1.3
156,堡林,2024-01-05 10:00,5.8,,.7,200,87,1015,1023.7,.9,.97,,9,,7.2
156,堡林,2024-01-05 11:00,7.8,,.4,0,80,1014.9,1023.5,.4,.96,,9,,11.6
156,堡林,2024-01-05 12:00,9.7,,.4,0,71,1014,1022.6,.9,1.73,,2,,15.6
156,堡林,2024-01-05 13:00,10.9,,1.4,200,67,1013.2,1021.7,.6,1.25,,7,,14.5
156,堡林,2024-01-05 14:00,11.7,,2,270,59,1012.2,1020.7,.8,1.51,,7,,15.3
156,堡林,2024-01-05 15:00,11.7,,2.8,270,57,1011.8,1020.3,.5,1.12,,9,,13.5
156,堡林,2024-01-05 16:00,11.4,,2.1,270,58,1011.6,1020.1,.4,.75,,7,,11.6
156,堡林,2024-01-05 17:00,10.7,,2.5,270,60,1011.7,1020.2,.2,.33,,9,,9.2
156,堡林,2024-01-05 18:00,10.3,,.5,290,63,1012.1,1020.7,0,.1,,9,,7.9
156,堡林,2024-01-05 19:00,9.4,,1.1,290,68,1012.2,1020.8,,,,0,,6.1
156,堡林,2024-01-05 20:00,8.6,,.4,0,73,1012.4,1021,,,,0,,4.6
156,堡林,2024-01-05 21:00,8.7,,.3,0,74,1012.7,1021.3,,,,9,,5.3
156,堡林,2024-01-05 22:00,8.3,,.2,0,81,1012.9,1021.5,,,,0,,5.9
156,堡林,2024-01-05 23:00,7.9,,.2,0,87,1012.9,1021.5,,,,7,,5.9
156,堡林,2024-01-06 00:00,7.3,,.7,20,90,1013,1021.7,,,,7,,5
156,堡林,2024-01-06 01:00,6.4,,.4,0,92,1012.9,1021.6,,,,0,,3.1
156,堡林,2024-01-06 02:00,5.6,,.7,290,97,1012.9,1021.6,,,,6,,2.1
156,堡林,2024-01-06 03:00,4.9,,1,340,97,1013.2,1022,,,,0,,1.6
156,堡林,2024-01-06 04:00,4.1,,.6,340,97,1013,1021.8,,,,0,,1.2
156,堡林,2024-01-06 05:00,3.1,,.9,50,95,1013.1,1021.9,,,,0,,1.3
156,堡林,2024-01-06 06:00,2.2,,.8,70,93,1013.2,1022,,,,0,,1.1
156,堡林,2024-01-06 07:00,2,,1.1,50,93,1013.7,1022.5,,,,0,,.9
156,堡林,2024-01-06 08:00,1.6,,1,50,94,1014.3,1023.2,0,.07,,0,,.2
156,堡林,2024-01-06 09:00,2.9,,2.1,50,84,1014.9,1023.7,.8,.4,,0,,.8
156,堡林,2024-01-06 10:00,4.4,,1.9,70,69,1014.9,1023.7,1,1.06,,0,,3.9
156,堡林,2024-01-06 11:00,5.3,,1.6,20,56,1014.6,1023.3,1,1.6,,0,,11.4
156,堡林,2024-01-06 12:00,7,,1.2,70,47,1013.7,1022.4,1,1.97,,0,,15.5
156,堡林,2024-01-06 13:00,7.3,,1.3,50,41,1013.5,1022.2,1,2.09,,0,,16.7
156,堡林,2024-01-06 14:00,7.2,,1.7,50,32,1012.9,1021.6,.9,1.72,,5,,12.8
156,堡林,2024-01-06 15:00,7.8,,1.8,340,32,1012.9,1021.5,.7,1.19,,7,,12
156,堡林,2024-01-06 16:00,7.5,,1.4,20,29,1012.9,1021.5,1,1.17,,0,,10
156,堡林,2024-01-06 17:00,6.2,,1,340,37,1013.5,1022.2,1,.59,,0,,5.6
156,堡林,2024-01-06 18:00,5.2,,.6,20,45,1014,1022.7,.4,.12,,0,,2.9
156,堡林,2024-01-06 19:00,3.8,,1.6,320,66,1014.9,1023.7,,,,0,,1.7
156,堡林,2024-01-06 20:00,2.9,,.6,320,74,1015.1,1023.9,,,,0,,1.5
156,堡林,2024-01-06 21:00,2.6,,.2,0,78,1015.2,1024,,,,0,,1.3
156,堡林,2024-01-06 22:00,3,,.3,0,80,1015.2,1024,,,,2,,1.3
156,堡林,2024-01-06 23:00,3.2,,.3,0,81,1015.3,1024.1,,,,9,,1.3
156,堡林,2024-01-07 00:00,2.4,0,1.2,290,86,1015.6,1024.4,,,,9,,1.2
156,堡林,2024-01-07 01:00,2.2,,.9,290,93,1015.5,1024.3,,,,8,,1.2
156,堡林,2024-01-07 02:00,2.5,,.9,320,88,1015.4,1024.2,,,,0,,1.1
156,堡林,2024-01-07 03:00,2.4,0,1.4,320,62,1015.7,1024.5,,,,0,,.8
156,堡林,2024-01-07 04:00,2.5,,1,270,53,1015.4,1024.2,,,,8,,.5
156,堡林,2024-01-07 05:00,2.4,,2,360,57,1015.5,1024.3,,,,6,,.4
156,堡林,2024-01-07 06:00,1.2,0,1.2,340,85,1015.8,1024.7,,,,8,,.6
156,堡林,2024-01-07 07:00,.9,,1.1,20,87,1016.3,1025.2,,,,4,,.7
156,堡林,2024-01-07 08:00,.9,,1.1,20,90,1017,1025.9,0,.06,,7,,.8
156,堡林,2024-01-07 09:00,0,0,2.9,50,97,1018,1027,0,.16,,9,,1
156,堡林,2024-01-07 10:00,1.1,,3.6,50,63,1018.8,1027.7,.5,.59,.2,7,,1.2
156,堡林,2024-01-07 11:00,1.2,,3.7,50,52,1019,1027.9,.9,1.19,,3,,4.9
156,堡林,2024-01-07 12:00,2.7,0,2.7,50,46,1018.6,1027.5,1,2.01,,6,,11.7
156,堡林,2024-01-07 13:00,3,,1.9,360,48,1018.2,1027,1,2.08,,6,,13.4
156,堡林,2024-01-07 14:00,3.2,,3.2,50,49,1017.7,1026.5,1,2.29,,7,,14.2
156,堡林,2024-01-07 15:00,2.1,,3.2,50,53,1017.9,1026.8,.6,1.2,,7,,8.6
156,堡林,2024-01-07 16:00,1.9,,1.6,340,56,1017.9,1026.8,.6,.85,,7,,7.2
156,堡林,2024-01-07 17:00,1,,1.7,20,62,1018.4,1027.3,.6,.48,,5,,3.8
156,堡林,2024-01-07 18:00,.3,,2.7,50,68,1018.8,1027.8,0,.09,,2,,1.9
156,堡林,2024-01-07 19:00,-.1,,2.4,50,67,1019.3,1028.3,,,,4,,1.1
156,堡林,2024-01-07 20:00,-.3,,2.3,50,62,1019.5,1028.5,,,,0,,.5
156,堡林,2024-01-07 21:00,-.6,,2.9,50,58,1019.6,1028.6,,,,1,,-.2
156,堡林,2024-01-07 22:00,-1.2,,1.7,50,59,1020,1029,,,,0,,-.9
156,堡林,2024-01-07 23:00,-1.5,,2.1,50,60,1020.1,1029.1,,,,0,,-1.4
156,堡林,2024-01-08 00:00,-1.8,,1.2,50,63,1020,1029,,,,0,,-1.8
156,堡林,2024-01-08 01:00,-2.5,,1.9,50,65,1020.3,1029.4,,,,0,,-2
156,堡林,2024-01-08 02:00,-3.3,,1.6,70,70,1019.9,1029,,,,0,,-2.4
156,堡林,2024-01-08 03:00,-3.6,,1.2,70,70,1020.1,1029.2,,,,0,,-2.8
156,堡林,2024-01-08 04:00,-3.9,,1.5,70,70,1019.7,1028.8,,,,0,,-3
156,堡林,2024-01-08 05:00,-4.2,,1.1,50,72,1019.7,1028.8,,,,0,,-3.4
156,堡林,2024-01-08 06:00,-4.5,,1.5,50,71,1019.8,1028.9,,,,0,,-3.6
156,堡林,2024-01-08 07:00,-4.6,,1.1,50,70,1020.1,1029.2,,,,0,,-3.9
156,堡林,2024-01-08 08:00,-4.9,,1.7,70,72,1020,1029.1,0,.07,,0,,-4
156,堡林,2024-01-08 09:00,-3.1,,1.6,70,65,1020.5,1029.6,.8,.43,,0,,-2
156,堡林,2024-01-08 10:00,-1.7,,1.4,70,61,1020.4,1029.4,1,1.13,,0,,0
156,堡林,2024-01-08 11:00,-.4,,1.1,90,48,1020,1029,1,1.68,,0,,2
156,堡林,2024-01-08 12:00,1.2,,.9,340,40,1019.1,1028,1,2.06,,0,,6.3
156,堡林,2024-01-08 13:00,2.1,,1,320,39,1018.2,1027.1,1,2.21,,0,,12.2
156,堡林,2024-01-08 14:00,3.4,,.8,360,36,1017.1,1025.9,1,2.11,,0,,12.9
156,堡林,2024-01-08 15:00,4.2,,.9,320,34,1016.7,1025.5,1,1.79,,0,,12.2
156,堡林,2024-01-08 16:00,4,,1.1,250,38,1016.8,1025.6,1,1.21,,0,,8.7
156,堡林,2024-01-08 17:00,3.1,,.9,250,36,1016.8,1025.6,.8,.57,,6,,4.3
156,堡林,2024-01-08 18:00,2.4,,.7,290,41,1016.9,1025.8,.1,.11,,6,,1.7
156,堡林,2024-01-08 19:00,.9,,.7,290,57,1017.5,1026.4,,,,0,,.8
156,堡林,2024-01-08 20:00,0,,.6,250,64,1017.5,1026.5,,,,0,,.1
156,堡林,2024-01-08 21:00,-.2,,.6,230,63,1017.2,1026.1,,,,0,,-.7
156,堡林,2024-01-08 22:00,-.8,,.1,0,66,1016.9,1025.9,,,,4,,-1.2
156,堡林,2024-01-08 23:00,-1.3,,1,70,69,1016.2,1025.2,,,,0,,-1.6
156,堡林,2024-01-09 00:00,-1.2,,1,70,68,1016.1,1025.1,,,,1,,-1
156,堡林,2024-01-09 01:00,-1.4,,1,50,68,1015.6,1024.6,,,,0,,-1.5
156,堡林,2024-01-09 02:00,-1.9,,1,50,69,1015,1024,,,,0,,-2
156,堡林,2024-01-09 03:00,-1.5,,.4,0,69,1014.7,1023.7,,,,9,,-1.2
156,堡林,2024-01-09 04:00,-1.2,,0,0,66,1014.8,1023.8,,,,9,,-.5
156,堡林,2024-01-09 05:00,-1,,.2,0,67,1014.7,1023.7,,,,9,,-.5
156,堡林,2024-01-09 06:00,-1.3,,.3,0,70,1014.4,1023.4,,,,9,,-1
156,堡林,2024-01-09 07:00,-.7,,.3,0,69,1014.1,1023,,,,9,,-.5
156,堡林,2024-01-09 08:00,-.6,,1.6,70,70,1013.6,1022.5,0,.07,,9,,-.2
156,堡林,2024-01-09 09:00,0,,.9,70,68,1013.8,1022.7,0,.15,,9,,0
156,堡林,2024-01-09 10:00,.9,,.2,0,63,1013.9,1022.8,0,.35,,9,,.1
156,堡林,2024-01-09 11:00,1.8,,1.2,70,64,1013.6,1022.4,0,.41,,9,,.2
156,堡林,2024-01-09 12:00,3,,.6,20,61,1012.6,1021.4,0,.58,,10,,2.5
156,堡林,2024-01-09 13:00,4.3,,.9,50,59,1011.2,1019.9,0,1.01,,10,,7.8
156,堡林,2024-01-09 14:00,5.1,,.5,70,60,1010.4,1019.1,0,.64,,10,,7.3
156,堡林,2024-01-09 15:00,5.8,,.3,0,60,1009.7,1018.4,0,.54,,10,,7.2
156,堡林,2024-01-09 16:00,6.1,,1.3,70,63,1009.2,1017.9,0,.38,,10,,6.8
156,堡林,2024-01-09 17:00,5.9,,.1,0,71,1009,1017.7,0,.19,,10,,5.5
156,堡林,2024-01-09 18:00,4.6,0,.3,0,93,1008.9,1017.6,0,.07,,10,,4.6
156,堡林,2024-01-09 19:00,3.9,,.9,110,99,1009.2,1017.9,,,,10,,4.3
156,堡林,2024-01-09 20:00,3.8,,.7,90,99,1009.2,1017.9,,,,10,,4.2
156,堡林,2024-01-09 21:00,3.6,2.1,.4,0,99,1009.1,1017.8,,,,10,,4.1
156,堡林,2024-01-09 22:00,3.8,,.2,0,99,1009.2,1017.9,,,,9,,4.1
156,堡林,2024-01-09 23:00,3.8,,.5,340,99,1008.9,1017.6,,,,0,,4.1
156,堡林,2024-01-10 00:00,3.6,0,.4,0,99,1009,1017.7,,,,9,,4.1
156,堡林,2024-01-10 01:00,3.7,,.4,0,99,1009.3,1018,,,,0,,4
156,堡林,2024-01-10 02:00,3.4,,0,0,99,1009.4,1018.1,,,,0,,3.8
156,堡林,2024-01-10 03:00,2.9,,.4,0,99,1009.9,1018.7,,,,9,,3.6
156,堡林,2024-01-10 04:00,2.6,,1.3,20,99,1010,1018.8,,,,9,,3.2
156,堡林,2024-01-10 05:00,2.4,,2.4,50,99,1010,1018.8,,,,8,,2.7
156,堡林,2024-01-10 06:00,2.2,,1.3,50,99,1010.4,1019.2,,,,9,,2.7
156,堡林,2024-01-10 07:00,2,,2.4,50,96,1010.7,1019.5,,,,9,,2.2
156,堡林,2024-01-10 08:00,.8,,2.2,70,97,1011.3,1020.2,0,.08,,3,,.9
156,堡林,2024-01-10 09:00,1.4,,2.7,70,88,1011.7,1020.5,.7,.37,,0,,1.2
156,堡林,2024-01-10 10:00,2.8,,1.9,50,72,1012.3,1021.1,1,1.02,,0,,6.1
156,堡林,2024-01-10 11:00,4.1,,1.3,70,60,1012.5,1021.2,1,1.55,,0,,10.9
156,堡林,2024-01-10 12:00,4.9,,1.4,340,54,1011.8,1020.5,1,1.94,,0,,14.3
156,堡林,2024-01-10 13:00,5.7,,1.1,360,55,1011.2,1019.9,1,2.07,,0,,15.3
156,堡林,2024-01-10 14:00,5.4,,1.4,290,55,1010.9,1019.6,1,1.98,,0,,13.7
156,堡林,2024-01-10 15:00,6.2,,1.4,360,48,1011.1,1019.8,1,1.67,,0,,12.9
156,堡林,2024-01-10 16:00,5.3,,1.1,320,54,1011.2,1019.9,1,1.15,,0,,9.6
156,堡林,2024-01-10 17:00,4.3,,1.5,360,58,1011.6,1020.3,1,.56,,0,,5.4
156,堡林,2024-01-10 18:00,2.7,,1.7,320,68,1012.5,1021.3,.3,.13,,0,,2.4
156,堡林,2024-01-10 19:00,1.9,,.9,360,73,1013.5,1022.3,,,,0,,1.4
156,堡林,2024-01-10 20:00,1.1,,.8,20,78,1013.7,1022.6,,,,0,,1.3
156,堡林,2024-01-10 21:00,0,,1.3,70,81,1013.7,1022.6,,,,0,,.7
156,堡林,2024-01-10 22:00,0,,.9,70,84,1013.5,1022.4,,,,0,,0
156,堡林,2024-01-10 23:00,-.7,,.5,50,86,1013.8,1022.7,,,,0,,-1
156,堡林,2024-01-11 00:00,-1.1,,.9,70,86,1013.1,1022,,,,0,,-1.6
156,堡林,2024-01-11 01:00,-1.3,,.4,0,91,1013.6,1022.6,,,,0,,-2
156,堡林,2024-01-11 02:00,-2.1,,.5,200,97,1013.7,1022.7,,,,0,,-2.5
156,堡林,2024-01-11 03:00,-2,,.5,250,97,1013.5,1022.5,,,,1,,-2.8
156,堡林,2024-01-11 04:00,-2.2,,.7,50,97,1013.3,1022.3,,,,0,,-3
156,堡林,2024-01-11 05:00,-2.6,,.9,90,98,1013.2,1022.2,,,,0,,-3.4
156,堡林,2024-01-11 06:00,-2.4,,.5,70,97,1013.2,1022.2,,,,0,,-3.5
156,堡林,2024-01-11 07:00,-2.1,,.2,0,97,1013.5,1022.5,,,,9,,-2.7
156,堡林,2024-01-11 08:00,-2,,.2,0,97,1013.2,1022.2,0,.07,,7,,-1.9
156,堡林,2024-01-11 09:00,-1,,.7,290,94,1013.3,1022.2,0,.24,,8,,-.2
156,堡林,2024-01-11 10:00,-.1,,1.1,270,91,1013.4,1022.3,0,.55,,8,,.1
156,堡林,2024-01-11 11:00,1.6,,.9,250,84,1013.1,1022,.5,1.17,,5,,1.9
156,堡林,2024-01-11 12:00,3.7,,.8,270,67,1012.2,1021,1,1.85,,6,,9.4
156,堡林,2024-01-11 13:00,5,,1.8,250,60,1011.3,1020,1,2.07,,4,,13.7
156,堡林,2024-01-11 14:00,5.1,,1.6,250,62,1010.5,1019.2,1,1.96,,3,,14.1
156,堡林,2024-01-11 15:00,6.1,,2.5,270,59,1010.2,1018.9,.8,1.37,,3,,10.9
156,堡林,2024-01-11 16:00,6.4,,.9,340,58,1010.3,1019,1,1.22,,6,,10.1
156,堡林,2024-01-11 17:00,5.8,,1,270,62,1010.3,1019,.1,.33,,9,,6.8
156,堡林,2024-01-11 18:00,5.6,,1.3,270,64,1010.1,1018.8,0,.08,,9,,5.2
156,堡林,2024-01-11 19:00,5.2,,.9,230,70,1009.9,1018.6,,,,0,,4.2
156,堡林,2024-01-11 20:00,4.4,,1.3,200,74,1009.8,1018.5,,,,0,,2.1
156,堡林,2024-01-11 21:00,4.4,,.7,180,76,1009.8,1018.5,,,,8,,2.1
156,堡林,2024-01-11 22:00,4.5,,.8,180,79,1009.9,1018.6,,,,2,,3
156,堡林,2024-01-11 23:00,4.8,,.4,0,80,1009.8,1018.5,,,,5,,3.3
156,堡林,2024-01-12 00:00,4.9,,.5,270,80,1009.8,1018.5,,,,9,,3.4
156,堡林,2024-01-12 01:00,4.8,,.6,250,80,1009.7,1018.4,,,,0,,3.6
156,堡林,2024-01-12 02:00,4.8,,.1,0,82,1009.8,1018.5,,,,1,,3.7
156,堡林,2024-01-12 03:00,4.8,,.4,0,83,1009.9,1018.6,,,,9,,3.8
156,堡林,2024-01-12 04:00,4.8,,.3,0,84,1009.7,1018.4,,,,8,,3.8
156,堡林,2024-01-12 05:00,4.6,,.2,0,86,1009.4,1018.1,,,,8,,3.7
156,堡林,2024-01-12 06:00,4.4,,.2,0,88,1009.5,1018.2,,,,7,,3.4
156,堡林,2024-01-12 07:00,3.9,,.3,0,92,1009.7,1018.4,,,,2,,1.6
156,堡林,2024-01-12 08:00,3.2,,.2,0,94,1010.3,1019.1,0,.07,,0,,1.1
156,堡林,2024-01-12 09:00,3.6,,.1,0,96,1010.8,1019.6,0,.27,,0,,1.4
156,堡林,2024-01-12 10:00,5.4,,.1,0,86,1011.1,1019.8,.7,.76,,0,,6.1
156,堡林,2024-01-12 11:00,7.1,,1.1,20,73,1011.1,1019.7,1,1.37,,0,,11.2
156,堡林,2024-01-12 12:00,7.9,,1.2,270,63,1010.7,1019.3,1,1.68,,0,,14.4
156,堡林,2024-01-12 13:00,9.1,,1.3,290,37,1010.4,1019,1,1.96,,0,,16.1
156,堡林,2024-01-12 14:00,10,,1.7,340,31,1010.2,1018.8,1,2.04,,0,,16.1
156,堡林,2024-01-12 15:00,9.6,,1.7,50,35,1009.9,1018.4,1,1.7,,0,,14.6
156,堡林,2024-01-12 16:00,9.2,,1.3,320,41,1010,1018.6,1,1.16,,0,,11.5
156,堡林,2024-01-12 17:00,7.7,,2,50,38,1010.7,1019.3,1,.54,,0,,6.8
156,堡林,2024-01-12 18:00,6.2,,1.8,50,29,1011.3,1020,.4,.13,,0,,3.3
156,堡林,2024-01-12 19:00,4.9,,.8,50,32,1012.1,1020.8,,,,0,,1.9
156,堡林,2024-01-12 20:00,4.1,,.4,0,39,1012.4,1021.1,,,,0,,1.5
156,堡林,2024-01-12 21:00,3.5,,1.3,50,41,1012.8,1021.6,,,,0,,.9
156,堡林,2024-01-12 22:00,2.8,,.9,50,43,1012.9,1021.7,,,,0,,.5
156,堡林,2024-01-12 23:00,2.4,,.5,90,44,1013.1,1021.9,,,,0,,-.1
156,堡林,2024-01-13 00:00,1.7,,.8,50,48,1013.3,1022.1,,,,0,,-.8
156,堡林,2024-01-13 01:00,.9,,1.4,50,51,1013.5,1022.4,,,,0,,-1.2
156,堡林,2024-01-13 02:00,1.1,,.6,50,49,1013.9,1022.8,,,,0,,-1.4
156,堡林,2024-01-13 03:00,1.1,,.9,20,51,1014,1022.9,,,,0,,-1.7
156,堡林,2024-01-13 04:00,-.3,,.6,50,53,1013.8,1022.7,,,,0,,-1.9
156,堡林,2024-01-13 05:00,.1,,.3,0,50,1014.2,1023.1,,,,0,,-2.2
156,堡林,2024-01-13 06:00,-.2,,1.4,50,53,1014.7,1023.6,,,,0,,-2.4
156,堡林,2024-01-13 07:00,-.4,,1.2,50,53,1015.5,1024.4,,,,0,,-2.6
156,堡林,2024-01-13 08:00,-.8,,1.1,50,60,1016.3,1025.3,0,.07,,0,,-2.6
156,堡林,2024-01-13 09:00,1,,.6,340,56,1017,1025.9,.7,.41,,0,,-1
156,堡林,2024-01-13 10:00,3.6,,1.3,50,46,1017.7,1026.5,1,1.06,,0,,.2
156,堡林,2024-01-13 11:00,4.6,,.6,360,42,1018,1026.8,1,1.61,,0,,3.2
156,堡林,2024-01-13 12:00,6.2,,1.1,50,36,1017.4,1026.1,1,2.01,,0,,12.3
156,堡林,2024-01-13 13:00,7.5,,1.1,320,34,1016.9,1025.6,1,2.16,,0,,14.8
156,堡林,2024-01-13 14:00,8.1,,.9,360,33,1016.5,1025.1,1,2.09,,0,,15.3
156,堡林,2024-01-13 15:00,8.2,,1.1,320,33,1016.5,1025.1,1,1.79,,0,,12.9
156,堡林,2024-01-13 16:00,7.7,,.8,340,33,1016.7,1025.4,1,1.29,,0,,10.8
156,堡林,2024-01-13 17:00,6.8,,1,320,38,1016.7,1025.4,1,.65,,0,,5.8
156,堡林,2024-01-13 18:00,5.6,,.8,320,41,1016.9,1025.7,.5,.14,,0,,2.5
156,堡林,2024-01-13 19:00,4.8,,.1,0,46,1017.3,1026.1,,,,0,,1.6
156,堡林,2024-01-13 20:00,4,,.4,0,52,1018,1026.8,,,,0,,1
156,堡林,2024-01-13 21:00,2.9,,1,180,56,1017.8,1026.6,,,,0,,.4
156,堡林,2024-01-13 22:00,2.6,,.2,0,57,1018,1026.9,,,,0,,-.1
156,堡林,2024-01-13 23:00,1.9,,.5,200,63,1017.4,1026.3,,,,0,,-.7
156,堡林,2024-01-14 00:00,1.2,,.3,0,67,1017.4,1026.3,,,,0,,-1
156,堡林,2024-01-14 01:00,.7,,.2,0,67,1017.3,1026.2,,,,0,,-1.2
156,堡林,2024-01-14 02:00,.3,,.8,70,70,1016.7,1025.6,,,,0,,-1.3
156,堡林,2024-01-14 03:00,.1,,.1,0,72,1016.4,1025.3,,,,0,,-1.5
156,堡林,2024-01-14 04:00,-.4,,.1,0,71,1016.6,1025.5,,,,0,,-1.6
156,堡林,2024-01-14 05:00,-.4,,.3,0,79,1016.3,1025.2,,,,0,,-1.6
156,堡林,2024-01-14 06:00,-.2,,.3,0,74,1015.4,1024.3,,,,0,,-1.6
156,堡林,2024-01-14 07:00,-.6,,.4,0,79,1015.3,1024.2,,,,0,,-1.7
156,堡林,2024-01-14 08:00,-.8,,.3,0,84,1015.5,1024.5,0,.08,,0,,-1.7
156,堡林,2024-01-14 09:00,1,,0,0,77,1015.6,1024.5,.7,.39,,0,,-.5
156,堡林,2024-01-14 10:00,3.2,,.3,0,71,1015.2,1024,.8,.92,,3,,.2
156,堡林,2024-01-14 11:00,6.3,,.5,270,61,1014.9,1023.6,1,1.47,,0,,5
156,堡林,2024-01-14 12:00,9.5,,.7,270,56,1014,1022.6,1,1.89,,2,,13.7
156,堡林,2024-01-14 13:00,12.6,,1.7,270,59,1012.8,1021.3,1,1.73,,1,,15.6
156,堡林,2024-01-14 14:00,14,,2.2,270,57,1011.7,1020.1,1,1.84,,2,,16.8
156,堡林,2024-01-14 15:00,13.3,,3.6,270,63,1010.9,1019.3,.5,1.01,,8,,12.7
156,堡林,2024-01-14 16:00,12.6,,2.6,270,72,1010.7,1019.2,0,.29,,10,,10.3
156,堡林,2024-01-14 17:00,11.4,,1.5,250,86,1010.7,1019.2,0,.11,,10,,9
156,堡林,2024-01-14 18:00,10.1,.6,1.9,320,98,1011.2,1019.8,0,.06,,10,,8.5
156,堡林,2024-01-14 19:00,7.9,,1.1,320,99,1012,1020.6,,,,10,,7.5
156,堡林,2024-01-14 20:00,6.8,,1.2,360,98,1012.7,1021.4,,,,10,,6.6
156,堡林,2024-01-14 21:00,6.2,.1,1.1,20,94,1013.2,1021.9,,,,10,,6
156,堡林,2024-01-14 22:00,5,,1.5,360,95,1013.5,1022.2,,,,0,,4.4
156,堡林,2024-01-14 23:00,3.9,,1.6,50,91,1014,1022.8,,,,7,,3
156,堡林,2024-01-15 00:00,3,,1.1,340,92,1014.4,1023.2,,,,8,,3
156,堡林,2024-01-15 01:00,2.1,,1.1,50,91,1014.7,1023.5,,,,5,,1.3
156,堡林,2024-01-15 02:00,1.4,,1.1,50,90,1015.2,1024.1,,,,0,,1
156,堡林,2024-01-15 03:00,.5,,1.3,20,85,1015.9,1024.8,,,,2,,.9
156,堡林,2024-01-15 04:00,-.4,,.8,50,73,1016.4,1025.3,,,,1,,.3
156,堡林,2024-01-15 05:00,-.7,,2.2,50,67,1016.6,1025.6,,,,0,,-.5
156,堡林,2024-01-15 06:00,-1.8,,1.6,70,79,1017.1,1026.1,,,,0,,-1.3
156,堡林,2024-01-15 07:00,-2,,1,90,76,1018,1027,,,,0,,-1.8
156,堡林,2024-01-15 08:00,-2.4,,1.9,70,76,1018.7,1027.7,0,.07,,0,,-2.2
156,堡林,2024-01-15 09:00,-1.3,,1.5,70,72,1019.6,1028.6,.7,.43,,0,,-1.1
156,堡林,2024-01-15 10:00,.2,,1.6,70,60,1020.4,1029.4,1,1.13,,0,,.1
156,堡林,2024-01-15 11:00,1.3,,.9,50,49,1020.3,1029.2,1,1.71,,0,,5.1
156,堡林,2024-01-15 12:00,2.7,,.8,340,35,1019.7,1028.6,1,2.09,,0,,12.5
156,堡林,2024-01-15 13:00,4,,1.6,360,29,1018.8,1027.6,1,2.3,,0,,14.2
156,堡林,2024-01-15 14:00,4.1,,1.5,20,31,1018.5,1027.3,1,2.21,,0,,14
156,堡林,2024-01-15 15:00,4.9,,1.2,50,35,1018.5,1027.3,1,1.89,,0,,13.3
156,堡林,2024-01-15 16:00,4.4,,1,320,37,1019.1,1027.9,1,1.38,,0,,9.9
156,堡林,2024-01-15 17:00,3.2,,1.7,340,35,1019.8,1028.6,1,.73,,0,,4.5
156,堡林,2024-01-15 18:00,2.1,,1.6,20,43,1020.5,1029.4,.6,.16,,0,,2
156,堡林,2024-01-15 19:00,1.4,,1.5,50,47,1021.3,1030.2,,,,0,,1
156,堡林,2024-01-15 20:00,.8,,1.1,50,51,1021.7,1030.7,,,,0,,.2
156,堡林,2024-01-15 21:00,-.5,,1.3,70,59,1021.9,1030.9,,,,0,,-.5
156,堡林,2024-01-15 22:00,-.6,,.5,50,63,1022.2,1031.2,,,,0,,-1
156,堡林,2024-01-15 23:00,-.8,,.9,70,65,1022.2,1031.2,,,,0,,-1.4
156,堡林,2024-01-16 00:00,-1.5,,2.1,50,67,1022.2,1031.2,,,,0,,-1.7
156,堡林,2024-01-16 01:00,-1.9,,1.5,70,62,1021.8,1030.8,,,,0,,-2.2
156,堡林,2024-01-16 02:00,-1.9,,1.9,70,56,1021.7,1030.7,,,,0,,-2.5
156,堡林,2024-01-16 03:00,-2,,.9,70,55,1022.2,1031.3,,,,0,,-2.8
156,堡林,2024-01-16 04:00,-2.2,,.9,20,57,1022.5,1031.6,,,,0,,-3.1
156,堡林,2024-01-16 05:00,-2.6,,2,70,61,1022.5,1031.6,,,,0,,-3.3
156,堡林,2024-01-16 06:00,-2.7,,1.4,50,60,1022.8,1031.9,,,,0,,-3.5
156,堡林,2024-01-16 07:00,-2.8,,2,50,59,1022.9,1032,,,,0,,-3.5
156,堡林,2024-01-16 08:00,-2.6,,1.9,50,58,1023.2,1032.3,0,.07,,0,,-3.7
156,堡林,2024-01-16 09:00,-1.2,,.7,20,58,1023.2,1032.2,.7,.46,,0,,-2
156,堡林,2024-01-16 10:00,1.2,,.7,340,49,1023.8,1032.8,1,1.19,,7,,.2
156,堡林,2024-01-16 11:00,2.3,,1.7,270,40,1024.3,1033.2,1,1.54,,2,,3.8
156,堡林,2024-01-16 12:00,4,,1.9,200,34,1024,1032.9,1,2.08,,6,,8.8
156,堡林,2024-01-16 13:00,5.1,,1,50,35,1022.9,1031.7,1,2.07,,8,,12.9
156,堡林,2024-01-16 14:00,7,,1.1,290,31,1022.5,1031.2,.9,1.8,,8,,14.1
156,堡林,2024-01-16 15:00,8.4,,1,270,28,1022.7,1031.4,1,1.4,,9,,12.9
156,堡林,2024-01-16 16:00,7.8,,.7,230,29,1022.4,1031.1,.8,1.13,,7,,10
156,堡林,2024-01-16 17:00,7.6,,.6,270,29,1022.6,1031.3,.7,.6,,8,,7
156,堡林,2024-01-16 18:00,5.3,,.8,230,40,1023.2,1032,0,.11,,6,,3.2
156,堡林,2024-01-16 19:00,5,,.8,270,43,1023.5,1032.3,,,,7,,1.9
156,堡林,2024-01-16 20:00,5.1,,.7,250,43,1023.6,1032.4,,,,7,,1.5
156,堡林,2024-01-16 21:00,4.4,,.1,0,48,1023.8,1032.6,,,,6,,.8
156,堡林,2024-01-16 22:00,3.6,,.4,0,53,1023.4,1032.3,,,,6,,.8
156,堡林,2024-01-16 23:00,2.5,,.2,0,58,1023.1,1032,,,,5,,.4
156,堡林,2024-01-17 00:00,3.3,,.4,0,55,1022.8,1031.7,,,,9,,.7
156,堡林,2024-01-17 01:00,3.3,,.2,0,55,1022.4,1031.3,,,,10,,.8
156,堡林,2024-01-17 02:00,3.2,,.6,50,57,1021.6,1030.5,,,,1,,.9
156,堡林,2024-01-17 03:00,3.2,,.4,0,58,1021.8,1030.7,,,,8,,1.2
156,堡林,2024-01-17 04:00,3.4,,.3,0,60,1020.9,1029.7,,,,6,,1.7
156,堡林,2024-01-17 05:00,3.3,,.2,0,62,1020.6,1029.5,,,,6,,1.8
156,堡林,2024-01-17 06:00,3.6,,.4,0,63,1020.6,1029.4,,,,7,,1.9
156,堡林,2024-01-17 07:00,3.7,,0,0,64,1020.2,1029,,,,9,,1.9
156,堡林,2024-01-17 08:00,3.9,,0,0,67,1020.4,1029.2,0,.07,,10,,2.5
156,堡林,2024-01-17 09:00,4.8,,.4,0,64,1020.2,1029,0,.23,,10,,4.5
156,堡林,2024-01-17 10:00,5.4,,.2,0,66,1020.3,1029.1,0,.27,,10,,4.8
156,堡林,2024-01-17 11:00,6.8,,.4,0,65,1018.7,1027.4,0,.5,,10,,8.3
156,堡林,2024-01-17 12:00,7.1,0,.2,0,71,1017.8,1026.5,0,.43,,10,,7.7
156,堡林,2024-01-17 13:00,7.6,,.4,0,76,1016.8,1025.5,0,.3,,10,,7.8
156,堡林,2024-01-17 14:00,8.3,,.4,0,75,1015.8,1024.4,0,.38,,10,,8.2
156,堡林,2024-01-17 15:00,8.6,0,.6,70,75,1015.2,1023.8,0,.26,,10,,7.8
156,堡林,2024-01-17 16:00,9.6,,.8,90,75,1014.6,1023.2,0,.37,,10,,8.9
156,堡林,2024-01-17 17:00,9.3,,.3,0,77,1014.2,1022.8,0,.17,,10,,7.8
156,堡林,2024-01-17 18:00,8.9,0,.7,70,82,1014.3,1022.9,0,.08,,10,,7
156,堡林,2024-01-17 19:00,8,,.4,0,95,1014.5,1023.1,,,,10,,6.7
156,堡林,2024-01-17 20:00,7.8,,.5,340,99,1014.1,1022.7,,,,10,,6.7
156,堡林,2024-01-17 21:00,7.6,.3,.6,90,99,1013.8,1022.4,,,,10,,6.6
156,堡林,2024-01-17 22:00,7.6,,.3,0,99,1013.6,1022.2,,,,10,,6.6
156,堡林,2024-01-17 23:00,7.7,,.5,20,99,1013,1021.6,,,,10,,6.8
156,堡林,2024-01-18 00:00,7.7,.6,.4,0,99,1012.4,1021,,,,10,,6.9
156,堡林,2024-01-18 01:00,7.7,,.2,0,99,1012.4,1021,,,,10,,7.1
156,堡林,2024-01-18 02:00,8.1,,0,0,99,1012.2,1020.8,,,,10,,7.2
156,堡林,2024-01-18 03:00,9,.2,1.1,160,99,1011.9,1020.5,,,,10,,7.3
156,堡林,2024-01-18 04:00,8.5,,1.1,270,99,1011.8,1020.4,,,,10,,7.6
156,堡林,2024-01-18 05:00,8.9,,1.1,160,99,1011.8,1020.4,,,,10,,7.5
156,堡林,2024-01-18 06:00,9.2,2.3,1.3,200,99,1012.1,1020.7,,,,10,,7.5
156,堡林,2024-01-18 07:00,9.2,,1.3,270,99,1012.8,1021.4,,,,10,,7.5
156,堡林,2024-01-18 08:00,9,,.3,0,99,1013,1021.6,0,.06,,10,,7.5
156,堡林,2024-01-18 09:00,8.9,.7,.1,0,99,1013.2,1021.8,0,.1,,10,,7.7
156,堡林,2024-01-18 10:00,9,,1.2,270,99,1013.6,1022.2,0,.16,,10,,8.5
156,堡林,2024-01-18 11:00,9.1,,.3,0,99,1013.4,1022,0,.34,,10,,10.1
156,堡林,2024-01-18 12:00,9,.5,.9,320,99,1013.1,1021.7,0,.4,,10,,10.2
156,堡林,2024-01-18 13:00,8.1,,1,320,99,1012.9,1021.5,0,.41,,10,,10.1
156,堡林,2024-01-18 14:00,8,,1,340,99,1012.3,1020.9,0,.33,,10,,9.9
156,堡林,2024-01-18 15:00,8.1,.4,.9,50,99,1011.9,1020.5,0,.28,,10,,9.9
156,堡林,2024-01-18 16:00,8.7,,1.9,70,99,1012.5,1021.1,0,.4,,10,,10.1
156,堡林,2024-01-18 17:00,8.4,,1.8,70,99,1012.6,1021.2,0,.25,,10,,9.1
156,堡林,2024-01-18 18:00,8.1,,1.2,50,99,1013.5,1022.1,0,.09,,10,,8.1
156,堡林,2024-01-18 19:00,7.7,,.3,0,99,1014,1022.6,,,,9,,7.8
156,堡林,2024-01-18 20:00,7.6,,1.6,70,99,1014,1022.6,,,,10,,7.6
156,堡林,2024-01-18 21:00,7.7,,.5,70,99,1014.6,1023.2,,,,10,,7.4
156,堡林,2024-01-18 22:00,7.7,,.5,70,99,1015.1,1023.8,,,,10,,7.4
156,堡林,2024-01-18 23:00,7.8,,.2,0,99,1015.2,1023.9,,,,10,,7.3
156,堡林,2024-01-19 00:00,7.7,,.2,0,99,1015.2,1023.9,,,,10,,7.3
156,堡林,2024-01-19 01:00,7.7,,.2,0,99,1015.4,1024.1,,,,10,,7.3
156,堡林,2024-01-19 02:00,7.5,,.8,70,99,1015.4,1024.1,,,,10,,7.2
156,堡林,2024-01-19 03:00,7.6,0,2.5,70,99,1015.8,1024.5,,,,10,,7
156,堡林,2024-01-19 04:00,7,,1.9,70,99,1015.7,1024.4,,,,10,,6.9
156,堡林,2024-01-19 05:00,6.9,,1.9,70,99,1015.7,1024.4,,,,10,,6.8
156,堡林,2024-01-19 06:00,7,.1,2.2,70,99,1016,1024.7,,,,10,,6.7
156,堡林,2024-01-19 07:00,6.9,,1.8,70,99,1016.6,1025.3,,,,10,,6.6
156,堡林,2024-01-19 08:00,6.8,,3.3,70,99,1017,1025.7,0,.07,,10,,6.6
156,堡林,2024-01-19 09:00,6.9,,2.5,70,98,1017.7,1026.4,0,.16,,10,,7.3
156,堡林,2024-01-19 10:00,7.1,,2.5,70,97,1017.9,1026.6,0,.24,,10,,7.8
156,堡林,2024-01-19 11:00,8.4,,2.2,70,95,1018,1026.7,0,.5,,10,,10.2
156,堡林,2024-01-19 12:00,8.5,,1.8,70,89,1017.5,1026.1,0,.71,,10,,11.1
156,堡林,2024-01-19 13:00,8.4,,2.5,70,92,1016.6,1025.2,0,.41,,10,,10.3
156,堡林,2024-01-19 14:00,8.8,,1.6,70,89,1016.1,1024.7,0,.44,,10,,10.4
156,堡林,2024-01-19 15:00,9.2,,1.8,70,86,1015.7,1024.3,0,.37,,10,,10.2
156,堡林,2024-01-19 16:00,8.9,,3.1,70,87,1015.6,1024.2,0,.28,,10,,9.5
156,堡林,2024-01-19 17:00,8.3,,3.3,70,86,1015.8,1024.4,0,.17,,10,,8.3
156,堡林,2024-01-19 18:00,7.8,0,3.3,70,85,1016,1024.7,0,.08,,10,,7.4
156,堡林,2024-01-19 19:00,7.1,,2.9,70,87,1016.2,1024.9,,,,10,,6.8
156,堡林,2024-01-19 20:00,6.7,,2.7,70,88,1016.8,1025.5,,,,10,,6.5
156,堡林,2024-01-19 21:00,6.2,0,3.1,70,98,1016.5,1025.2,,,,10,,6.2
156,堡林,2024-01-19 22:00,6,,3.3,70,97,1016.9,1025.6,,,,10,,6
156,堡林,2024-01-19 23:00,5.9,,3.5,70,97,1016.8,1025.5,,,,10,,5.9
156,堡林,2024-01-20 00:00,5.9,0,3,70,94,1016.8,1025.5,,,,10,,5.8
156,堡林,2024-01-20 01:00,5.4,,1.8,70,99,1016.7,1025.5,,,,10,,5.7
156,堡林,2024-01-20 02:00,5.6,,2.9,70,99,1016.1,1024.8,,,,10,,5.7
156,堡林,2024-01-20 03:00,5.7,.1,4,70,98,1015.9,1024.6,,,,10,,5.7
156,堡林,2024-01-20 04:00,6,,3.7,70,98,1014.9,1023.6,,,,10,,5.6
156,堡林,2024-01-20 05:00,6.3,,5,70,96,1014.2,1022.9,,,,10,,5.7
156,堡林,2024-01-20 06:00,6.4,0,5.2,70,95,1013.9,1022.6,,,,10,,5.8
156,堡林,2024-01-20 07:00,5.9,,4,70,99,1013.9,1022.6,,,,10,,5.8
156,堡林,2024-01-20 08:00,5.5,,4.9,70,99,1013.9,1022.6,0,.06,,10,,5.8
156,堡林,2024-01-20 09:00,5.7,2.5,5.5,70,99,1013.7,1022.4,0,.15,,10,,6.5
156,堡林,2024-01-20 10:00,6,,3.9,70,99,1013.8,1022.5,0,.23,,10,,7
156,堡林,2024-01-20 11:00,6,,4.9,70,99,1013.4,1022.1,0,.22,,10,,7.3
156,堡林,2024-01-20 12:00,6.5,2.8,4.6,70,99,1012.3,1021,0,.44,,10,,8.9
156,堡林,2024-01-20 13:00,6.7,,4.7,70,99,1011.1,1019.8,0,.46,,10,,9.1
156,堡林,2024-01-20 14:00,6.5,,5.4,70,99,1010,1018.7,0,.45,,10,,9.2
156,堡林,2024-01-20 15:00,6.3,2.6,4.3,70,99,1009.9,1018.6,0,.33,,10,,8.5
156,堡林,2024-01-20 16:00,6.1,,4.2,70,99,1010.1,1018.8,0,.25,,10,,8
156,堡林,2024-01-20 17:00,5.8,,4.1,70,99,1010.3,1019,0,.16,,10,,7.1
156,堡林,2024-01-20 18:00,5.4,3.7,4.2,70,99,1010.5,1019.2,0,.08,,10,,6.4
156,堡林,2024-01-20 19:00,5.2,,3.6,70,99,1010.9,1019.6,,,,10,,6
156,堡林,2024-01-20 20:00,5,,5.8,70,99,1011.4,1020.1,,,,10,,5.7
156,堡林,2024-01-20 21:00,4.8,3.4,4.5,70,99,1011.7,1020.4,,,,10,,5.5
156,堡林,2024-01-20 22:00,4.7,,4.2,70,99,1011.8,1020.5,,,,10,,5.4
156,堡林,2024-01-20 23:00,4.6,,3.7,70,99,1011.8,1020.5,,,,10,,5.2
156,堡林,2024-01-21 00:00,4.6,.6,2.5,70,99,1012,1020.7,,,,10,,5.1
156,堡林,2024-01-21 01:00,4.5,,1.7,70,99,1011.8,1020.5,,,,10,,4.9
156,堡林,2024-01-21 02:00,4.8,,.5,90,99,1012.3,1021,,,,10,,5
156,堡林,2024-01-21 03:00,4.9,0,0,0,99,1012.6,1021.3,,,,10,,5
156,堡林,2024-01-21 04:00,4.9,,.1,0,99,1012.7,1021.4,,,,10,,5
156,堡林,2024-01-21 05:00,4.9,,.3,0,99,1013,1021.7,,,,9,,4.9
156,堡林,2024-01-21 06:00,5,.1,.1,0,99,1013.4,1022.1,,,,10,,4.9
156,堡林,2024-01-21 07:00,4.9,,.1,0,99,1014,1022.8,,,,9,,4.2
156,堡林,2024-01-21 08:00,5.2,,.1,0,99,1014.6,1023.4,0,.08,,8,,4.8
156,堡林,2024-01-21 09:00,5.5,.1,.5,270,99,1015.3,1024,0,.24,,8,,6.7
156,堡林,2024-01-21 10:00,6.5,,.6,250,99,1016,1024.7,0,.6,,9,,9.7
156,堡林,2024-01-21 11:00,8,,.7,230,98,1015.6,1024.2,.8,1.48,,4,,15.8
156,堡林,2024-01-21 12:00,8.2,,2.1,270,94,1015.5,1024.1,.3,1.21,,8,,13.9
156,堡林,2024-01-21 13:00,8.7,,1.7,230,92,1014.9,1023.5,0,1.03,,9,,14.6
156,堡林,2024-01-21 14:00,7.5,,1.4,270,92,1014.8,1023.5,0,.56,,10,,10.7
156,堡林,2024-01-21 15:00,6.4,0,1,320,97,1015.3,1024,0,.24,,10,,9
156,堡林,2024-01-21 16:00,5.4,0,1.3,320,96,1016.1,1024.9,0,.22,,10,,7.6
156,堡林,2024-01-21 17:00,4.9,,.8,320,97,1016.6,1025.4,0,.12,,10,,6.5
156,堡林,2024-01-21 18:00,4.7,0,1.6,340,97,1017.6,1026.4,0,.08,,10,,5.8
156,堡林,2024-01-21 19:00,4.1,,1.1,50,99,1017.8,1026.6,,,,10,,5.5
156,堡林,2024-01-21 20:00,4,,1.6,50,97,1018.4,1027.2,,,,5,,5.1
156,堡林,2024-01-21 21:00,3.5,0,2.6,50,94,1018.9,1027.7,,,,9,,4.6
156,堡林,2024-01-21 22:00,3.1,,2,20,94,1019.3,1028.1,,,,0,,4.3
156,堡林,2024-01-21 23:00,2.5,,1.9,20,90,1019.3,1028.2,,,,0,,3.8
156,堡林,2024-01-22 00:00,2,,1.5,20,90,1019.2,1028.1,,,,9,,3.4
156,堡林,2024-01-22 01:00,1.7,,1.4,360,86,1019.7,1028.6,,,,2,,3
156,堡林,2024-01-22 02:00,1.3,,1.9,360,79,1019.8,1028.7,,,,10,,2.5
156,堡林,2024-01-22 03:00,.8,,2.8,340,74,1020.1,1029,,,,10,,2
156,堡林,2024-01-22 04:00,.4,,1.4,340,78,1020.1,1029.1,,,,9,,1.8
156,堡林,2024-01-22 05:00,-.4,,1.9,20,81,1019.8,1028.8,,,,9,,1.3
156,堡林,2024-01-22 06:00,-.9,0,2,340,83,1019.7,1028.7,,,,9,,1
156,堡林,2024-01-22 07:00,-1.7,,2.8,50,95,1019.6,1028.6,,,,10,,.9
156,堡林,2024-01-22 08:00,-2.2,,1.9,360,90,1020.2,1029.2,0,.06,.1,10,,.9
156,堡林,2024-01-22 09:00,-2.9,0,2,360,94,1020.8,1029.9,0,.23,.9,10,,1.3
156,堡林,2024-01-22 10:00,-1.8,,2.3,360,77,1020.7,1029.7,.6,.88,.3,8,,4.7
156,堡林,2024-01-22 11:00,-2.2,,3.3,50,68,1020.6,1029.6,.6,1.07,0,8,,6.3
156,堡林,2024-01-22 12:00,-2.4,0,4,20,68,1020.1,1029.1,.4,1.16,,7,,6.3
156,堡林,2024-01-22 13:00,-2.6,,2.9,50,73,1019.7,1028.8,.2,1.02,,9,,6
156,堡林,2024-01-22 14:00,-1.8,,2.9,50,66,1018.9,1027.9,.3,1.17,,7,,7.4
156,堡林,2024-01-22 15:00,-2.8,0,3.3,20,71,1019.1,1028.2,.3,.99,,9,,4.8
156,堡林,2024-01-22 16:00,-3.3,,2.5,20,81,1018.9,1028,.3,.74,,9,,3.5
156,堡林,2024-01-22 17:00,-3,,2,20,71,1019.5,1028.6,0,.34,,9,,1.6
156,堡林,2024-01-22 18:00,-3.6,0,1.6,50,76,1019.9,1029,0,.14,,9,,.8
156,堡林,2024-01-22 19:00,-4.2,,1.2,340,91,1020.2,1029.3,,,.6,9,,.9
156,堡林,2024-01-22 20:00,-4,,1.9,20,85,1019.9,1029,,,.7,9,,.8
156,堡林,2024-01-22 21:00,-4.6,0,2,50,95,1020.5,1029.6,,,1.7,9,,.9
156,堡林,2024-01-22 22:00,-4.6,,2.4,50,91,1020,1029.1,,,2,9,,.9
156,堡林,2024-01-22 23:00,-4.7,,1.6,20,88,1019.9,1029,,,2,9,,.9
156,堡林,2024-01-23 00:00,-5,0,1.9,20,89,1019.1,1028.2,,,2.1,9,,.9
156,堡林,2024-01-23 01:00,-5.2,,1.8,50,93,1019,1028.1,,,2.4,9,,.9
156,堡林,2024-01-23 02:00,-5.5,,1.2,50,97,1019.5,1028.6,,,3.4,9,,1
156,堡林,2024-01-23 03:00,-5.8,0,.8,360,98,1019.7,1028.9,,,4.3,9,,1.1
156,堡林,2024-01-23 04:00,-5.8,,1.2,360,97,1019.2,1028.4,,,4.5,9,,1.1
156,堡林,2024-01-23 05:00,-6,,.9,20,96,1019.1,1028.3,,,4.7,9,,1.2
156,堡林,2024-01-23 06:00,-6.1,0,.6,360,96,1019.1,1028.3,,,4.7,9,,1.3
156,堡林,2024-01-23 07:00,-6.4,,1.9,50,97,1019.2,1028.4,,,5.3,9,,1.3
156,堡林,2024-01-23 08:00,-6.4,,1.4,50,96,1019.2,1028.4,0,.07,5.8,8,,1.4
156,堡林,2024-01-23 09:00,-6,0,1.2,360,89,1019.5,1028.7,0,.19,5.9,9,,1.5
156,堡林,2024-01-23 10:00,-5.7,,1.9,50,92,1019.6,1028.8,0,.32,6.1,9,,1.6
156,堡林,2024-01-23 11:00,-5,,1.5,50,92,1019.5,1028.6,0,.41,6.3,9,,1.5
156,堡林,2024-01-23 12:00,-4.5,.1,1.5,50,88,1018.8,1027.9,0,.59,6.6,9,,1.6
156,堡林,2024-01-23 13:00,-3.8,,1.5,340,89,1017.6,1026.7,0,.54,6.7,9,,1.9
156,堡林,2024-01-23 14:00,-3.8,,2,50,85,1016.9,1026,0,.45,6.7,9,,2.5
156,堡林,2024-01-23 15:00,-4.3,0,1.9,320,84,1016.6,1025.7,.2,.42,6.7,9,,2.2
156,堡林,2024-01-23 16:00,-4.7,,1.3,340,95,1016.5,1025.6,0,.34,6.8,9,,1.6
156,堡林,2024-01-23 17:00,-4.5,,2.3,20,92,1016.3,1025.4,.1,.22,6.8,7,,1.2
156,堡林,2024-01-23 18:00,-4.7,.2,1.4,360,85,1016.6,1025.7,0,.09,6.8,8,,.8
156,堡林,2024-01-23 19:00,-5.3,,.7,360,97,1016.8,1025.9,,,6.9,8,,1
156,堡林,2024-01-23 20:00,-5.2,,.6,20,98,1017.1,1026.2,,,8.7,9,,1.2
156,堡林,2024-01-23 21:00,-4.8,.9,1.3,360,98,1017.4,1026.5,,,9.4,9,,1.3
156,堡林,2024-01-23 22:00,-5.1,,1.5,50,98,1017.7,1026.8,,,10.6,8,,1.4
156,堡林,2024-01-23 23:00,-4.9,,1.5,360,95,1017.8,1026.9,,,10.3,9,,1.4
156,堡林,2024-01-24 00:00,-5.1,.1,1.8,50,97,1017.2,1026.3,,,10,6,,1.4
156,堡林,2024-01-24 01:00,-6.1,,2.7,70,97,1017.2,1026.3,,,9.6,7,,1.4
156,堡林,2024-01-24 02:00,-6.8,,1.8,70,97,1017.2,1026.4,,,9.2,5,,1.3
156,堡林,2024-01-24 03:00,-7,0,1.1,70,95,1017.6,1026.8,,,9,2,,1.2
156,堡林,2024-01-24 04:00,-6.6,,1.7,70,95,1017.5,1026.7,,,9.1,7,,1.2
156,堡林,2024-01-24 05:00,-6.8,,.5,50,97,1017.3,1026.5,,,8.4,7,,1.2
156,堡林,2024-01-24 06:00,-6.3,0,1.5,270,97,1017.3,1026.5,,,8.5,8,,1.2
156,堡林,2024-01-24 07:00,-5.4,,1,20,98,1017.1,1026.2,,,9,1,,1.2
156,堡林,2024-01-24 08:00,-5.7,,.7,70,97,1017.5,1026.6,0,.07,9,8,,1.3
156,堡林,2024-01-24 09:00,-5,0,1,70,98,1018,1027.1,0,.13,9.2,7,,1.3
156,堡林,2024-01-24 10:00,-3.4,,1.8,50,93,1018.7,1027.8,0,.29,9,3,,1.4
156,堡林,2024-01-24 11:00,-2.5,,2.3,50,81,1019.1,1028.1,.3,.58,8.5,3,,1.6
156,堡林,2024-01-24 12:00,-1.9,0,3.2,50,76,1018.7,1027.7,1,.91,7.5,4,,5.1
156,堡林,2024-01-24 13:00,-1.9,,2.8,50,72,1017.9,1026.9,.8,.82,6.8,7,,5.9
156,堡林,2024-01-24 14:00,-1.9,,4.3,50,65,1017.4,1026.4,.2,.25,5.2,3,,4.3
156,堡林,2024-01-24 15:00,-1.9,0,4.6,50,59,1017.5,1026.5,.9,1.49,4.8,4,,5.1
156,堡林,2024-01-24 16:00,-1.8,,2.8,50,66,1017.5,1026.5,.6,.88,4.5,5,,2.2
156,堡林,2024-01-24 17:00,-2.1,,1.9,360,66,1017.8,1026.8,.3,.44,4.3,7,,.9
156,堡林,2024-01-24 18:00,-2.3,,1.3,50,70,1018.3,1027.3,.1,.16,4.3,8,,.7
156,堡林,2024-01-24 19:00,-2.4,,1.3,20,67,1018.9,1027.9,,,4.3,2,,.5
156,堡林,2024-01-24 20:00,-2.3,,.9,50,68,1019,1028,,,4.3,0,,.3
156,堡林,2024-01-24 21:00,-2.3,,1.3,20,69,1019,1028,,,4.3,7,,-.4
156,堡林,2024-01-24 22:00,-2.2,,1.8,50,69,1019.3,1028.3,,,4.3,9,,-.9
156,堡林,2024-01-24 23:00,-2.4,,2.4,50,71,1019.7,1028.7,,,4.3,0,,-1.5
156,堡林,2024-01-25 00:00,-3.1,,1.4,50,73,1020.1,1029.2,,,4.3,6,,-1.9
156,堡林,2024-01-25 01:00,-3.6,,1.4,20,74,1020,1029.1,,,4.3,2,,-1.8
156,堡林,2024-01-25 02:00,-4,,2.9,50,71,1019.9,1029,,,4.3,2,,-2.4
156,堡林,2024-01-25 03:00,-4.9,,2.5,70,73,1019.7,1028.8,,,4.3,1,,-3.6
156,堡林,2024-01-25 04:00,-5.4,,2.4,70,74,1019.7,1028.8,,,4.3,4,,-3.9
156,堡林,2024-01-25 05:00,-5.1,,1.5,70,71,1019.5,1028.6,,,4.3,8,,-3.5
156,堡林,2024-01-25 06:00,-4.5,,.6,70,69,1020,1029.1,,,4.3,9,,-2.2
156,堡林,2024-01-25 07:00,-4.8,,.8,70,72,1020.5,1029.6,,,4.1,8,,-3.3
156,堡林,2024-01-25 08:00,-4.6,,1.2,70,73,1020.8,1029.9,0,.08,4.1,4,,-3.4
156,堡林,2024-01-25 09:00,-3.2,,.3,0,69,1021.2,1030.3,.4,.4,3.8,1,,-2
156,堡林,2024-01-25 10:00,-1.9,,.4,0,61,1021.5,1030.5,1,1.09,3.5,0,,0
156,堡林,2024-01-25 11:00,-.3,,1.6,50,59,1021.6,1030.6,1,1.66,3.4,1,,1.9
156,堡林,2024-01-25 12:00,.5,,1.6,360,54,1021,1030,1,1.92,2.8,6,,3.1
156,堡林,2024-01-25 13:00,1.8,,1.3,50,47,1020.2,1029.1,1,2.11,2.5,4,,9
156,堡林,2024-01-25 14:00,1.6,,2,340,43,1019.5,1028.4,1,2.18,1.5,0,,12
156,堡林,2024-01-25 15:00,2.1,,2.3,20,44,1019.4,1028.3,1,1.89,,0,,11.1
156,堡林,2024-01-25 16:00,1.9,,1.5,360,49,1019.8,1028.7,1,1.4,,0,,8.9
156,堡林,2024-01-25 17:00,.6,,1.3,20,58,1020.6,1029.6,1,.76,,0,,3.7
156,堡林,2024-01-25 18:00,-.3,,1.2,320,66,1021,1030,.6,.19,,0,,1.1
156,堡林,2024-01-25 19:00,-.8,,1,50,67,1021.5,1030.5,,,,0,,.8
156,堡林,2024-01-25 20:00,-.8,,2.2,50,70,1021.5,1030.5,,,,0,,.4
156,堡林,2024-01-25 21:00,-1.7,,1,70,74,1021.6,1030.6,,,,1,,0
156,堡林,2024-01-25 22:00,-1.6,,.5,90,77,1021.7,1030.7,,,,0,,-1
156,堡林,2024-01-25 23:00,-1.8,,0,0,79,1022,1031,,,,0,,-1.7
156,堡林,2024-01-26 00:00,-1.8,,.6,70,81,1022.1,1031.1,,,,0,,-2.1
156,堡林,2024-01-26 01:00,-2.4,,.9,70,87,1021.8,1030.9,,,,0,,-2.6
156,堡林,2024-01-26 02:00,-2.6,,1.5,70,88,1021.7,1030.8,,,,0,,-2.9
156,堡林,2024-01-26 03:00,-2.5,,2,70,85,1021.3,1030.4,,,,0,,-3.2
156,堡林,2024-01-26 04:00,-2.4,,1.2,50,81,1021,1030.1,,,,0,,-3.5
156,堡林,2024-01-26 05:00,-3.4,,.9,50,88,1021,1030.1,,,,2,,-3.7
156,堡林,2024-01-26 06:00,-2.5,,1.2,70,87,1021,1030.1,,,,9,,-2.3
156,堡林,2024-01-26 07:00,-2.5,,2.2,70,84,1021.3,1030.4,,,,0,,-3.8
156,堡林,2024-01-26 08:00,-2.5,,1.5,70,87,1021.3,1030.4,0,.08,,2,,-3.7
156,堡林,2024-01-26 09:00,-.5,,1.4,50,82,1021.5,1030.5,.7,.47,,0,,-.8
156,堡林,2024-01-26 10:00,2.1,,1.5,70,70,1021.8,1030.7,1,1.14,,0,,.1
156,堡林,2024-01-26 11:00,3.1,,1.2,270,67,1021.8,1030.7,1,1.71,,0,,2
156,堡林,2024-01-26 12:00,4.6,,1.2,20,58,1021,1029.8,1,2.1,,1,,7.7
156,堡林,2024-01-26 13:00,5.5,,2.3,50,56,1020.3,1029.1,1,2.13,,2,,13.6
156,堡林,2024-01-26 14:00,5.7,,1.8,360,54,1019.9,1028.7,1,2.24,,2,,14.8
156,堡林,2024-01-26 15:00,6.1,,1.6,320,56,1019.8,1028.6,1,1.8,,1,,13.4
156,堡林,2024-01-26 16:00,4.9,,1.3,20,59,1020,1028.8,.8,1.09,,2,,9.1
156,堡林,2024-01-26 17:00,4.4,,1.2,20,61,1020.1,1028.9,.8,.61,,2,,6
156,堡林,2024-01-26 18:00,3.7,,1.7,20,65,1020.6,1029.4,0,.13,,2,,2.7
156,堡林,2024-01-26 19:00,2.7,,1.6,50,67,1020.9,1029.8,,,,3,,1
156,堡林,2024-01-26 20:00,1.7,,.9,70,74,1020.8,1029.7,,,,2,,.9
156,堡林,2024-01-26 21:00,1.6,,.8,70,77,1020.8,1029.7,,,,6,,.9
156,堡林,2024-01-26 22:00,.9,,1.1,70,79,1020.8,1029.7,,,,0,,.7
156,堡林,2024-01-26 23:00,.4,,1.5,70,82,1020.7,1029.7,,,,0,,.6
156,堡林,2024-01-27 00:00,.7,,1,50,81,1020.4,1029.3,,,,0,,.1
156,堡林,2024-01-27 01:00,-.1,,1.1,290,89,1020.4,1029.4,,,,0,,-.5
156,堡林,2024-01-27 02:00,-.6,,.1,0,94,1020,1029,,,,0,,-1
156,堡林,2024-01-27 03:00,-.9,,0,0,97,1019.9,1028.9,,,,7,,-1.2
156,堡林,2024-01-27 04:00,-.6,,.4,0,94,1019.6,1028.6,,,,7,,-.8
156,堡林,2024-01-27 05:00,-.6,,.2,0,97,1019.6,1028.6,,,,8,,-1.2
156,堡林,2024-01-27 06:00,-.6,,.4,0,97,1019.8,1028.8,,,,9,,-.3
156,堡林,2024-01-27 07:00,-.3,,.2,0,97,1020,1029,,,,9,,-.2
156,堡林,2024-01-27 08:00,.3,,.1,0,97,1020.1,1029.1,0,.08,,9,,-.1
156,堡林,2024-01-27 09:00,.6,,.1,0,97,1020.4,1029.4,0,.23,,9,,.2
156,堡林,2024-01-27 10:00,1.9,,.7,360,88,1020.6,1029.5,.1,.68,,8,,.5
156,堡林,2024-01-27 11:00,4.4,,.7,250,71,1020.8,1029.6,.8,1.48,,5,,4.3
156,堡林,2024-01-27 12:00,5.8,,1.3,50,58,1020,1028.8,1,2.05,,2,,12.9
156,堡林,2024-01-27 13:00,6.4,,1.8,320,55,1018.7,1027.4,.9,2.07,,5,,15.3
156,堡林,2024-01-27 14:00,6.5,,1.7,320,52,1018.2,1026.9,1,2.11,,7,,14.2
156,堡林,2024-01-27 15:00,6.9,,1.7,290,52,1017.6,1026.3,1,1.84,,0,,13.4
156,堡林,2024-01-27 16:00,6.5,,1.3,290,46,1017.4,1026.1,1,1.42,,0,,11.1
156,堡林,2024-01-27 17:00,5.4,,1.6,340,52,1017.3,1026.1,1,.79,,0,,6.8
156,堡林,2024-01-27 18:00,4.3,,1,20,48,1017.7,1026.5,.6,.17,,0,,3.2
156,堡林,2024-01-27 19:00,3.3,,.9,20,56,1017.8,1026.6,,,,0,,1.3
156,堡林,2024-01-27 20:00,2.4,,.6,50,61,1018.2,1027.1,,,,5,,1.2
156,堡林,2024-01-27 21:00,2.3,,1.5,50,64,1018.1,1027,,,,7,,1.2
156,堡林,2024-01-27 22:00,1.1,,1.2,70,68,1018.1,1027,,,,0,,1
156,堡林,2024-01-27 23:00,1.5,,1.2,50,68,1018.1,1027,,,,8,,.9
156,堡林,2024-01-28 00:00,.8,,.3,0,75,1018.4,1027.3,,,,6,,.7
156,堡林,2024-01-28 01:00,.4,,.7,50,76,1018.2,1027.1,,,,8,,.5
156,堡林,2024-01-28 02:00,.9,,.6,360,79,1018,1026.9,,,,6,,.1
156,堡林,2024-01-28 03:00,.4,,.6,320,81,1018.3,1027.2,,,,8,,0
156,堡林,2024-01-28 04:00,0,,.6,90,84,1018.2,1027.2,,,,1,,.1
156,堡林,2024-01-28 05:00,.3,,.2,0,87,1018.4,1027.3,,,,8,,-.1
156,堡林,2024-01-28 06:00,.2,,.8,20,87,1018.6,1027.6,,,,1,,-.8
156,堡林,2024-01-28 07:00,0,,3.3,50,67,1019.7,1028.7,,,,0,,-1.4
156,堡林,2024-01-28 08:00,-1,,2.1,70,71,1020.2,1029.2,0,.09,,0,,-1.7
156,堡林,2024-01-28 09:00,.4,,1.9,70,64,1020.5,1029.5,.6,.44,,0,,-.3
156,堡林,2024-01-28 10:00,2.2,,1.7,70,61,1021.1,1030,1,1.14,,0,,.2
156,堡林,2024-01-28 11:00,3.2,,.8,90,58,1021.6,1030.5,.8,1.4,,3,,3.2
156,堡林,2024-01-28 12:00,4.8,,.7,360,54,1021.3,1030.1,1,2.13,,7,,13.1
156,堡林,2024-01-28 13:00,4.9,,1.3,20,52,1020.7,1029.5,.4,1.27,,8,,10.9
156,堡林,2024-01-28 14:00,4.9,,1.4,360,53,1019.9,1028.7,.7,1.65,,8,,12
156,堡林,2024-01-28 15:00,4.9,,1.5,290,54,1019.8,1028.6,.5,1.13,,7,,9.8
156,堡林,2024-01-28 16:00,4.7,,1.9,20,55,1020.4,1029.2,.7,1.16,,7,,9.5
156,堡林,2024-01-28 17:00,4.3,,2.1,290,56,1020.9,1029.7,.6,.6,,8,,6.1
156,堡林,2024-01-28 18:00,2.7,,1.3,340,60,1021.5,1030.4,.4,.21,,0,,2.5
156,堡林,2024-01-28 19:00,2.3,,1,360,60,1021.8,1030.7,,,,0,,1.1
156,堡林,2024-01-28 20:00,1.7,,1.2,320,62,1022.3,1031.2,,,,0,,1.1
156,堡林,2024-01-28 21:00,1.3,,1.2,50,65,1022.4,1031.3,,,,0,,.8
156,堡林,2024-01-28 22:00,.7,,1,20,68,1022.6,1031.6,,,,0,,.3
156,堡林,2024-01-28 23:00,-.1,,.8,50,73,1022.6,1031.6,,,,0,,-.5
156,堡林,2024-01-29 00:00,-.4,,1.1,50,74,1022.7,1031.7,,,,0,,-1.2
156,堡林,2024-01-29 01:00,-1,,.7,50,79,1022.2,1031.2,,,,0,,-1.7
156,堡林,2024-01-29 02:00,-1.6,,.4,0,87,1022.1,1031.1,,,,0,,-2
156,堡林,2024-01-29 03:00,-2,,.8,290,91,1022.5,1031.6,,,,0,,-2.3
156,堡林,2024-01-29 04:00,-2,,.2,0,94,1022.8,1031.9,,,,7,,-2.2
156,堡林,2024-01-29 05:00,-1.7,,.8,70,93,1022.5,1031.5,,,,9,,-1.6
156,堡林,2024-01-29 06:00,-1.4,,.7,50,89,1022.6,1031.6,,,,9,,-1.2
156,堡林,2024-01-29 07:00,-.9,,1.1,70,82,1023,1032,,,,9,,-1
156,堡林,2024-01-29 08:00,-.5,,1.8,70,78,1023.3,1032.3,0,.08,,9,,-1.2
156,堡林,2024-01-29 09:00,.7,,1.1,70,70,1023.6,1032.6,.1,.38,,9,,-.1
156,堡林,2024-01-29 10:00,1.7,,2.4,70,65,1023.4,1032.3,.2,.85,,8,,.1
156,堡林,2024-01-29 11:00,3.4,,1.7,70,59,1023.8,1032.7,.8,1.41,,7,,2.1
156,堡林,2024-01-29 12:00,3.7,,2.3,70,56,1023.3,1032.2,1,2.09,,4,,10.8
156,堡林,2024-01-29 13:00,4.9,,1.1,360,54,1022.4,1031.2,1,2.39,,0,,15.2
156,堡林,2024-01-29 14:00,4.9,,1.5,360,49,1021.6,1030.4,1,2.33,,0,,15.8
156,堡林,2024-01-29 15:00,5.5,,1.3,290,44,1021.5,1030.3,1,2.01,,0,,14
156,堡林,2024-01-29 16:00,5.2,,1,290,42,1021.5,1030.3,1,1.47,,2,,11.2
156,堡林,2024-01-29 17:00,4.6,,1.9,50,45,1021.2,1030,1,.86,,0,,6.4
156,堡林,2024-01-29 18:00,3.6,,1.4,50,53,1021.3,1030.1,.7,.18,,0,,2.6
156,堡林,2024-01-29 19:00,2,,1.5,70,56,1021.7,1030.6,,,,0,,1.4
156,堡林,2024-01-29 20:00,1,,1.8,70,61,1022.2,1031.2,,,,0,,1.1
156,堡林,2024-01-29 21:00,1.4,,.9,90,60,1022.6,1031.5,,,,0,,.7
156,堡林,2024-01-29 22:00,.2,,1.4,70,65,1022.4,1031.4,,,,0,,-.1
156,堡林,2024-01-29 23:00,0,,1.1,70,69,1022.5,1031.5,,,,0,,-.8
156,堡林,2024-01-30 00:00,-.4,,1.2,50,74,1022.5,1031.5,,,,0,,-1.3
156,堡林,2024-01-30 01:00,-.8,,1.2,50,76,1022.2,1031.2,,,,0,,-1.6
156,堡林,2024-01-30 02:00,-1.6,,.1,0,78,1022.1,1031.1,,,,0,,-2
156,堡林,2024-01-30 03:00,-1.8,,1,70,83,1021.6,1030.6,,,,3,,-2.3
156,堡林,2024-01-30 04:00,-1.6,,1.2,70,83,1021.3,1030.3,,,,3,,-2.4
156,堡林,2024-01-30 05:00,-1.6,,.4,0,82,1021.2,1030.2,,,,3,,-2.2
156,堡林,2024-01-30 06:00,-2,,.2,0,87,1021.2,1030.2,,,,1,,-2.7
156,堡林,2024-01-30 07:00,-1.9,,.5,270,91,1022.1,1031.1,,,,9,,-2.1
156,堡林,2024-01-30 08:00,-1.5,,.7,110,85,1022,1031,0,.08,,9,,-1.4
156,堡林,2024-01-30 09:00,-.5,,.4,0,77,1022.1,1031.1,.1,.31,,8,,-.5
156,堡林,2024-01-30 10:00,1.4,,.8,90,65,1021.7,1030.6,1,1.1,,0,,.2
156,堡林,2024-01-30 11:00,4.4,,.4,0,54,1021.5,1030.3,1,1.81,,0,,4.6
156,堡林,2024-01-30 12:00,7,,1.3,70,41,1020.1,1028.8,1,2.22,,0,,13.5
156,堡林,2024-01-30 13:00,9,,1,320,38,1019.3,1027.9,1,2.41,,0,,17.3
156,堡林,2024-01-30 14:00,9.8,,.9,270,35,1018.6,1027.2,1,2.2,,0,,17.7
156,堡林,2024-01-30 15:00,9.7,,.7,270,32,1017.8,1026.4,.5,1.27,,8,,12.8
156,堡林,2024-01-30 16:00,9.7,,1.1,270,38,1017.9,1026.5,0,.57,,8,,10.2
156,堡林,2024-01-30 17:00,9,,.9,250,43,1018.3,1026.9,0,.29,,10,,8.1
156,堡林,2024-01-30 18:00,8.5,,.7,250,46,1018.4,1027,0,.11,,10,,6.4
156,堡林,2024-01-30 19:00,8.3,,2,200,41,1018.4,1027.1,,,,9,,5.3
156,堡林,2024-01-30 20:00,7.7,,1,180,42,1018.3,1027,,,,10,,4.9
156,堡林,2024-01-30 21:00,7.6,,.1,0,45,1017.7,1026.4,,,,10,,4.9
156,堡林,2024-01-30 22:00,7.5,,.4,0,51,1017.8,1026.5,,,,10,,4.9
156,堡林,2024-01-30 23:00,6.9,,.6,270,57,1017.7,1026.4,,,,10,,4.9
156,堡林,2024-01-31 00:00,5.1,.2,.1,0,84,1017.4,1026.2,,,,10,,4.9
156,堡林,2024-01-31 01:00,5,,.5,250,95,1017.7,1026.5,,,,10,,4.9
156,堡林,2024-01-31 02:00,4.8,,.5,90,98,1017.3,1026.1,,,,10,,4.9
156,堡林,2024-01-31 03:00,4.8,.3,1.8,70,97,1017.1,1025.9,,,,10,,4.9
156,堡林,2024-01-31 04:00,4.3,,1.7,70,99,1016.2,1025,,,,10,,4.7
156,堡林,2024-01-31 05:00,4.6,,2,70,99,1016.1,1024.9,,,,10,,4.7
156,堡林,2024-01-31 06:00,4.2,0,2.5,70,99,1016.2,1025,,,,10,,4.7
156,堡林,2024-01-31 07:00,3.9,,2.9,70,99,1015.9,1024.7,,,,10,,4.5
156,堡林,2024-01-31 08:00,4.4,,1.6,70,99,1016.5,1025.3,0,.08,,9,,4.6
156,堡林,2024-01-31 09:00,5.3,.3,1.1,70,99,1016.5,1025.3,0,.26,,9,,6.1
156,堡林,2024-01-31 10:00,7.3,,2.2,70,96,1016.5,1025.2,.7,1.04,,8,,10.5
156,堡林,2024-01-31 11:00,10.1,,2.4,70,82,1016.1,1024.7,.6,1.4,,7,,15.4
156,堡林,2024-01-31 12:00,11.9,,1.6,70,69,1015.3,1023.8,1,2.18,,0,,19.2
156,堡林,2024-01-31 13:00,13.5,,.6,110,61,1014.1,1022.5,1,2.32,,0,,21.4
156,堡林,2024-01-31 14:00,14.6,,1.4,70,58,1012.7,1021.1,1,2.23,,0,,21.7
156,堡林,2024-01-31 15:00,15.7,,1.9,230,57,1012.3,1020.7,1,1.94,,0,,20.2
156,堡林,2024-01-31 16:00,14.4,,1.5,290,60,1012.7,1021.1,.9,1.42,,0,,17.5
156,堡林,2024-01-31 17:00,13.4,,1.4,20,60,1012.6,1021,.1,.36,,7,,12.5
156,堡林,2024-01-31 18:00,11.9,,1.5,340,56,1013.1,1021.6,.1,.17,,6,,9.2
156,堡林,2024-01-31 19:00,10.9,,.8,20,57,1013.5,1022,,,,8,,8.3
156,堡林,2024-01-31 20:00,10,,1.4,70,56,1013.8,1022.4,,,,10,,7.8
156,堡林,2024-01-31 21:00,10.4,0,.8,20,53,1014.1,1022.7,,,,10,,7.7
156,堡林,2024-01-31 22:00,8.4,,.6,340,74,1014.6,1023.2,,,,10,,7.4
156,堡林,2024-01-31 23:00,7.2,,1.4,50,89,1014.4,1023.1,,,,10,,7.1
156,堡林,2024-02-01 00:00,6.8,.4,.4,0,94,1014.8,1023.5,,,,10,,6.9
156,堡林,2024-02-01 01:00,6.7,,1.8,50,93,1014.5,1023.2,,,,10,,6.7
156,堡林,2024-02-01 02:00,6.4,,2.6,70,88,1013.8,1022.5,,,,10,,6.3
156,堡林,2024-02-01 03:00,6.8,0,.5,50,77,1014.3,1023,,,,10,,6.2
156,堡林,2024-02-01 04:00,5.9,,.5,50,88,1014.3,1023,,,,10,,6.1
156,堡林,2024-02-01 05:00,5.9,,.8,250,86,1014.7,1023.4,,,,10,,5.9
156,堡林,2024-02-01 06:00,6,.4,1.1,50,72,1015.2,1023.9,,,,10,,5.7
156,堡林,2024-02-01 07:00,5.6,,1.4,70,68,1015.6,1024.3,,,,10,,5.3
156,堡林,2024-02-01 08:00,5.5,,2,70,70,1015.6,1024.3,0,.07,,10,,5.3
156,堡林,2024-02-01 09:00,5.8,,2.5,70,69,1015.9,1024.6,0,.14,,10,,5.7
156,堡林,2024-02-01 10:00,5.9,,.9,70,74,1016.4,1025.1,0,.2,,10,,6.5
156,堡林,2024-02-01 11:00,6.5,,2,70,71,1015.9,1024.6,0,.42,,10,,7.8
156,堡林,2024-02-01 12:00,7.1,0,1.9,50,68,1015.2,1023.9,0,.7,,10,,10.1
156,堡林,2024-02-01 13:00,7.8,,1.6,50,64,1014,1022.6,0,.9,,10,,11.4
156,堡林,2024-02-01 14:00,8.1,,.9,50,62,1013.8,1022.4,0,.7,,10,,11.3
156,堡林,2024-02-01 15:00,8.4,,.8,320,66,1013.7,1022.3,0,.62,,10,,11.3
156,堡林,2024-02-01 16:00,8.6,,.6,180,62,1014.1,1022.7,0,.69,,10,,10.8
156,堡林,2024-02-01 17:00,8.1,,.6,290,66,1014.5,1023.1,0,.23,,10,,8.7
156,堡林,2024-02-01 18:00,7.1,,1.2,290,70,1015,1023.7,0,.1,,10,,7.3
156,堡林,2024-02-01 19:00,6.7,,.5,320,73,1015.5,1024.2,,,,10,,6.6
156,堡林,2024-02-01 20:00,6.2,,.5,290,74,1016.6,1025.3,,,,9,,6.2
156,堡林,2024-02-01 21:00,5.7,,.7,250,76,1016.7,1025.4,,,,10,,5.9
156,堡林,2024-02-01 22:00,5.5,,1.3,270,75,1016.7,1025.5,,,,10,,5.7
156,堡林,2024-02-01 23:00,5.3,,.3,0,75,1017.1,1025.9,,,,10,,5.4
156,堡林,2024-02-02 00:00,4.9,,.2,0,79,1016.9,1025.7,,,,10,,5.1
156,堡林,2024-02-02 01:00,4.7,,.9,290,80,1017.4,1026.2,,,,10,,4.9
156,堡林,2024-02-02 02:00,4.6,,1.2,270,80,1017.1,1025.9,,,,10,,5
156,堡林,2024-02-02 03:00,4.2,,1.1,270,82,1017.2,1026,,,,10,,4.8
156,堡林,2024-02-02 04:00,4.2,,.3,0,83,1016.6,1025.4,,,,10,,4.7
156,堡林,2024-02-02 05:00,4.1,,.4,0,84,1017,1025.8,,,,9,,4.7
156,堡林,2024-02-02 06:00,3.9,,1,270,86,1017.7,1026.5,,,,9,,4.6
156,堡林,2024-02-02 07:00,3.8,,.4,0,87,1018.1,1026.9,,,,9,,4.5
156,堡林,2024-02-02 08:00,4,,.7,320,87,1018.6,1027.4,0,.07,,9,,4.5
156,堡林,2024-02-02 09:00,3.9,,.3,0,88,1018.8,1027.6,0,.19,,10,,5.5
156,堡林,2024-02-02 10:00,4.9,,.1,0,82,1019.1,1027.9,0,.52,,8,,8
156,堡林,2024-02-02 11:00,6.4,,.8,200,74,1019.3,1028,.3,1.21,,9,,12.6
156,堡林,2024-02-02 12:00,7.9,,.9,250,68,1018.5,1027.2,.8,1.85,,5,,16.4
156,堡林,2024-02-02 13:00,8.9,,1,270,64,1017.6,1026.2,1,2.17,,4,,18.7
156,堡林,2024-02-02 14:00,9.3,,1.2,290,62,1017.8,1026.4,.9,1.87,,5,,17.3
156,堡林,2024-02-02 15:00,9.7,,1.1,50,63,1017.4,1026,.4,1.29,,3,,16
156,堡林,2024-02-02 16:00,8.9,,1.7,270,65,1017.3,1025.9,.7,1.13,,4,,13
156,堡林,2024-02-02 17:00,7.7,,1.3,270,66,1017.8,1026.5,.9,.73,,3,,9.7
156,堡林,2024-02-02 18:00,6.1,,1.1,290,72,1018.9,1027.7,.1,.15,,4,,6.5
156,堡林,2024-02-02 19:00,5,,.9,320,77,1018.8,1027.6,0,.06,,9,,5.2
156,堡林,2024-02-02 20:00,4.5,,1.3,270,80,1019.1,1027.9,,,,6,,4
156,堡林,2024-02-02 21:00,3.8,,.7,50,83,1018.8,1027.6,,,,6,,2.9
156,堡林,2024-02-02 22:00,3.8,,.9,270,84,1020,1028.8,,,,6,,2.4
156,堡林,2024-02-02 23:00,3,,.6,50,89,1019.6,1028.5,,,,0,,1.7
156,堡林,2024-02-03 00:00,3.7,,.3,0,88,1019.5,1028.3,,,,6,,3.5
156,堡林,2024-02-03 01:00,3.6,,.5,50,88,1019.7,1028.5,,,,9,,3.7
156,堡林,2024-02-03 02:00,2.8,,.9,50,91,1019.5,1028.4,,,,7,,2.6
156,堡林,2024-02-03 03:00,2.7,,.6,50,94,1019.4,1028.3,,,,7,,2.5
156,堡林,2024-02-03 04:00,3.3,,.8,70,92,1018.8,1027.6,,,,9,,3
156,堡林,2024-02-03 05:00,3.5,,.1,0,91,1018.8,1027.6,,,,10,,3.6
156,堡林,2024-02-03 06:00,3.8,,.1,0,91,1019,1027.8,,,,10,,4.1
156,堡林,2024-02-03 07:00,3.9,,.2,0,92,1018.8,1027.6,,,,10,,4.1
156,堡林,2024-02-03 08:00,4.3,,.4,0,91,1018.8,1027.6,0,.07,,10,,4.4
156,堡林,2024-02-03 09:00,5.2,,.3,0,90,1019.1,1027.9,0,.18,,10,,5.6
156,堡林,2024-02-03 10:00,6.8,,.6,70,82,1018.7,1027.4,0,.62,,10,,9
156,堡林,2024-02-03 11:00,7.9,,.2,0,76,1019.4,1028.1,0,.75,,10,,10.3
156,堡林,2024-02-03 12:00,8.9,,.6,70,70,1018.2,1026.8,0,.92,,9,,12.9
156,堡林,2024-02-03 13:00,9.4,,.5,320,69,1017.7,1026.3,0,.88,,10,,12.9
156,堡林,2024-02-03 14:00,9.8,,.5,360,67,1016.6,1025.2,0,.63,,10,,12
156,堡林,2024-02-03 15:00,10,0,.6,180,61,1015.5,1024.1,0,.73,,10,,12.1
156,堡林,2024-02-03 16:00,9.1,,2.2,70,73,1015.3,1023.9,0,.33,,10,,10.1
156,堡林,2024-02-03 17:00,7.7,,1.4,90,88,1015.8,1024.5,0,.18,,10,,8.7
156,堡林,2024-02-03 18:00,6.6,1.4,1.7,70,99,1016,1024.7,0,.09,,10,,7.7
156,堡林,2024-02-03 19:00,6.1,,1.9,70,99,1016.7,1025.4,0,.06,,10,,7.1
156,堡林,2024-02-03 20:00,5.9,,1.3,70,99,1017.1,1025.8,,,,10,,6.7
156,堡林,2024-02-03 21:00,5.4,2.8,2.1,70,99,1016.9,1025.7,,,,10,,6.4
156,堡林,2024-02-03 22:00,5,,2.5,70,99,1017.1,1025.9,,,,10,,6.1
156,堡林,2024-02-03 23:00,4.9,,2.4,70,99,1017,1025.8,,,,10,,5.7
156,堡林,2024-02-04 00:00,4.9,.3,2.1,70,99,1017,1025.8,,,,10,,5.6
156,堡林,2024-02-04 01:00,4.8,,2.2,70,99,1016.5,1025.3,,,,10,,5.5
156,堡林,2024-02-04 02:00,4.6,,2.5,70,99,1016.5,1025.3,,,,7,,5
156,堡林,2024-02-04 03:00,4.5,.1,2.3,70,99,1016.3,1025.1,,,,9,,5
156,堡林,2024-02-04 04:00,4.7,,.7,70,99,1016.5,1025.3,,,,10,,5.2
156,堡林,2024-02-04 05:00,4.7,,1.2,50,99,1016.4,1025.2,,,,10,,5.1
156,堡林,2024-02-04 06:00,4.5,0,2.3,70,99,1016,1024.8,,,,9,,4.8
156,堡林,2024-02-04 07:00,4.7,,1.6,70,99,1016.9,1025.7,,,,10,,4.9
156,堡林,2024-02-04 08:00,4.6,,1.3,70,99,1016.9,1025.7,0,.07,,10,,5.1
156,堡林,2024-02-04 09:00,5.8,,.7,70,99,1017,1025.7,0,.37,,8,,7.2
156,堡林,2024-02-04 10:00,6.9,,1.1,90,95,1017.4,1026.1,0,.84,,9,,11.2
156,堡林,2024-02-04 11:00,7.8,,1.2,70,90,1017.5,1026.2,0,.83,,9,,12.4
156,堡林,2024-02-04 12:00,9.4,,.6,20,83,1016.6,1025.2,.3,1.54,,9,,16.2
156,堡林,2024-02-04 13:00,10.7,,.8,20,77,1015.5,1024.1,.1,1.56,,8,,18
156,堡林,2024-02-04 14:00,11.4,,1.2,70,75,1014.3,1022.8,0,1.05,,9,,15.6
156,堡林,2024-02-04 15:00,10.8,,1.7,50,78,1014,1022.6,0,.58,,10,,12.8
156,堡林,2024-02-04 16:00,10.5,,2.4,70,81,1014,1022.6,0,.25,,10,,11
156,堡林,2024-02-04 17:00,10,,2.2,70,83,1013.9,1022.5,0,.14,,10,,9.9
156,堡林,2024-02-04 18:00,9.2,0,3.6,70,84,1013,1021.6,0,.11,,10,,8.6
156,堡林,2024-02-04 19:00,8.9,,2.6,70,85,1012.9,1021.5,0,.05,,10,,8.1
156,堡林,2024-02-04 20:00,7.6,,1.9,70,98,1013.4,1022,,,,10,,7.8
156,堡林,2024-02-04 21:00,7.1,1.8,1.2,50,99,1013.7,1022.4,,,,10,,7.5
156,堡林,2024-02-04 22:00,6.9,,2.1,70,99,1013.3,1022,,,,10,,7.3
156,堡林,2024-02-04 23:00,6.5,,4,70,99,1012.5,1021.2,,,,10,,7
156,堡林,2024-02-05 00:00,6.3,5.5,3.5,70,99,1011.3,1020,,,,10,,6.8
156,堡林,2024-02-05 01:00,5.9,,3,70,99,1010,1018.7,,,,10,,6.6
156,堡林,2024-02-05 02:00,5.7,,3.5,70,99,1007.9,1016.6,,,,10,,6.5
156,堡林,2024-02-05 03:00,5.3,3.3,2.9,70,99,1007,1015.7,,,,10,,6.2
156,堡林,2024-02-05 04:00,4.9,,5.3,70,99,1005.4,1014.1,,,,10,,6
156,堡林,2024-02-05 05:00,5,,3.3,70,99,1004.9,1013.6,,,,10,,6
156,堡林,2024-02-05 06:00,5.2,1.8,2.1,70,99,1004.3,1013,,,,10,,6
156,堡林,2024-02-05 07:00,5.2,,2,70,99,1004.6,1013.3,,,,10,,6
156,堡林,2024-02-05 08:00,5.1,,2,50,99,1005,1013.7,0,.07,,10,,6
156,堡林,2024-02-05 09:00,5.1,2.4,1.7,50,99,1006.3,1015,0,.12,,10,,6.2
156,堡林,2024-02-05 10:00,5.3,,2.7,70,99,1007.4,1016.1,0,.21,,10,,6.8
156,堡林,2024-02-05 11:00,5.8,,2.1,70,99,1007.1,1015.8,0,.42,,10,,8.6
156,堡林,2024-02-05 12:00,6.4,3,2.3,50,99,1007.7,1016.3,0,.59,,10,,9.9
156,堡林,2024-02-05 13:00,6.7,,.8,20,99,1007.8,1016.4,0,.77,,10,,11.6
156,堡林,2024-02-05 14:00,6.5,,1.1,270,99,1008.6,1017.2,0,.47,,10,,10.1
156,堡林,2024-02-05 15:00,6.8,1.1,.2,0,99,1009.1,1017.7,0,.59,,10,,11.1
156,堡林,2024-02-05 16:00,6.9,,.9,200,99,1010.4,1019,0,.32,,10,,9.7
156,堡林,2024-02-05 17:00,6.7,,1.7,230,99,1011.3,1020,0,.18,,10,,8.7
156,堡林,2024-02-05 18:00,6.7,1.6,2,200,99,1012,1020.7,0,.09,,10,,7.8
156,堡林,2024-02-05 19:00,6.1,,1.3,250,99,1012.9,1021.6,0,.07,,10,,7.3
156,堡林,2024-02-05 20:00,6.1,,1.1,270,99,1013.3,1022,,,,10,,6.9
156,堡林,2024-02-05 21:00,6,.6,1.7,270,99,1014,1022.7,,,,10,,6.8
156,堡林,2024-02-05 22:00,5.8,,1.3,270,99,1014.8,1023.5,,,,10,,6.7
156,堡林,2024-02-05 23:00,5.6,,.9,290,99,1015,1023.7,,,,10,,6.2
156,堡林,2024-02-06 00:00,5.3,,1.6,270,99,1015.2,1024,,,,10,,6
156,堡林,2024-02-06 01:00,5.2,,1,270,99,1015,1023.8,,,,10,,5.7
156,堡林,2024-02-06 02:00,5,,.7,230,99,1015.1,1023.9,,,,10,,5.8
156,堡林,2024-02-06 03:00,4.9,,.8,250,99,1015,1023.8,,,,10,,5.8
156,堡林,2024-02-06 04:00,4.8,,1.2,290,99,1015.3,1024,,,,10,,5.5
156,堡林,2024-02-06 05:00,4.5,,.5,290,99,1015.5,1024.3,,,,10,,5.4
156,堡林,2024-02-06 06:00,4.5,0,1.2,270,99,1015.9,1024.7,,,,10,,5.2
156,堡林,2024-02-06 07:00,4.5,,1.1,320,99,1016.4,1025.2,,,,10,,5.1
156,堡林,2024-02-06 08:00,4.2,,1.1,320,99,1016.7,1025.5,0,.07,,10,,5.1
156,堡林,2024-02-06 09:00,4.5,0,1.9,320,97,1016.9,1025.7,0,.18,,10,,5.9
156,堡林,2024-02-06 10:00,4.4,,1.1,320,95,1017.7,1026.5,0,.19,,10,,5.8
156,堡林,2024-02-06 11:00,4.9,,1.8,270,87,1017.5,1026.3,0,.44,,10,,8
156,堡林,2024-02-06 12:00,5.2,0,1.6,270,87,1017.1,1025.9,0,.72,,10,,9.3
156,堡林,2024-02-06 13:00,4.7,,.7,290,94,1016.3,1025.1,0,.54,,10,,8.4
156,堡林,2024-02-06 14:00,5.3,,1.1,360,81,1015.6,1024.4,0,.74,,10,,10.2
156,堡林,2024-02-06 15:00,5.6,,2.3,50,77,1015.4,1024.1,0,.7,,10,,9.4
156,堡林,2024-02-06 16:00,5.8,,2.3,20,75,1015.4,1024.1,0,.53,,9,,8.8
156,堡林,2024-02-06 17:00,5.7,,1.8,50,65,1015.4,1024.1,0,.51,,9,,7.9
156,堡林,2024-02-06 18:00,5.1,,1,20,70,1015.7,1024.5,0,.2,,8,,5.1
156,堡林,2024-02-06 19:00,4.2,,1.5,50,83,1015.9,1024.7,0,.06,,9,,3.7
156,堡林,2024-02-06 20:00,3.9,,1.1,50,85,1016.2,1025,,,,9,,3.9
156,堡林,2024-02-06 21:00,3.7,,.5,50,84,1016.5,1025.3,,,,9,,3.9
156,堡林,2024-02-06 22:00,3.8,,1,50,85,1016.5,1025.3,,,,9,,3.7
156,堡林,2024-02-06 23:00,3.8,,1.3,50,85,1016.8,1025.6,,,,10,,3.7
156,堡林,2024-02-07 00:00,3.2,,1.2,50,84,1016.5,1025.3,,,,8,,2.3
156,堡林,2024-02-07 01:00,2.6,,1.1,20,83,1016.1,1024.9,,,,6,,1.2
156,堡林,2024-02-07 02:00,2.2,,.7,290,83,1016,1024.9,,,,7,,.2
156,堡林,2024-02-07 03:00,2.3,,.6,340,84,1016.1,1024.9,,,,8,,1.3
156,堡林,2024-02-07 04:00,1.8,,.9,320,88,1016,1024.9,,,,7,,.6
156,堡林,2024-02-07 05:00,1.3,,.7,20,88,1015.8,1024.7,,,,2,,.5
156,堡林,2024-02-07 06:00,1,,1.3,320,80,1016,1024.9,,,,7,,.5
156,堡林,2024-02-07 07:00,.6,,1.7,320,76,1016.3,1025.2,,,,2,,.3
156,堡林,2024-02-07 08:00,.6,,1.9,50,72,1016.5,1025.4,0,.09,,3,,.1
156,堡林,2024-02-07 09:00,1.9,,1.3,90,66,1016.1,1025,.7,.61,,4,,.6
156,堡林,2024-02-07 10:00,2.3,,1.6,20,60,1016.3,1025.2,1,1.29,,1,,7
156,堡林,2024-02-07 11:00,3.3,,1.8,20,56,1016.1,1024.9,1,1.83,,0,,13.6
156,堡林,2024-02-07 12:00,4.8,,.7,320,54,1015.3,1024,1,2.29,,1,,16.5
156,堡林,2024-02-07 13:00,4.7,,1.6,290,50,1014.3,1023,1,2.49,,1,,17.7
156,堡林,2024-02-07 14:00,5.5,,2,360,51,1013.6,1022.3,1,2.5,,1,,19.1
156,堡林,2024-02-07 15:00,5.8,,.9,20,50,1013.2,1021.9,1,2.07,,1,,17.2
156,堡林,2024-02-07 16:00,5.2,,1.5,360,53,1013.1,1021.8,1,1.59,,1,,14.4
156,堡林,2024-02-07 17:00,4.2,,1.2,50,59,1013.6,1022.4,1,.89,,1,,8.3
156,堡林,2024-02-07 18:00,2.7,,1.3,320,64,1013.7,1022.5,.7,.31,,1,,4.1
156,堡林,2024-02-07 19:00,1.7,,1.7,320,68,1014,1022.9,0,.06,,0,,1.7
156,堡林,2024-02-07 20:00,1,,.6,360,70,1014.3,1023.2,,,,0,,1
156,堡林,2024-02-07 21:00,.7,,.3,0,73,1014.9,1023.8,,,,0,,.6
156,堡林,2024-02-07 22:00,.1,,.6,50,76,1014.9,1023.8,,,,0,,.1
156,堡林,2024-02-07 23:00,.1,,.7,70,77,1015,1023.9,,,,0,,-.1
156,堡林,2024-02-08 00:00,-.3,,.7,90,82,1014.5,1023.4,,,,0,,-.3
156,堡林,2024-02-08 01:00,-.5,,.7,90,82,1014.4,1023.3,,,,3,,-.5
156,堡林,2024-02-08 02:00,-.7,,.9,50,83,1013.9,1022.8,,,,3,,-.8
156,堡林,2024-02-08 03:00,-1.2,,.3,0,89,1013.6,1022.5,,,,0,,-1.1
156,堡林,2024-02-08 04:00,-1.7,,.8,50,95,1013.2,1022.2,,,,0,,-1.4
156,堡林,2024-02-08 05:00,-1.8,,.2,0,97,1013.4,1022.4,,,,0,,-1.6
156,堡林,2024-02-08 06:00,-1.9,,.6,290,97,1013.8,1022.8,,,,0,,-1.7
156,堡林,2024-02-08 07:00,-2.5,,.7,250,98,1014.7,1023.7,,,,0,,-2
156,堡林,2024-02-08 08:00,-1.9,,.6,70,99,1014.7,1023.7,0,.1,,0,,-1.8
156,堡林,2024-02-08 09:00,-.4,,.6,70,97,1014.6,1023.5,.7,.68,,0,,-.3
156,堡林,2024-02-08 10:00,1.2,,1.6,90,83,1014.5,1023.4,1,1.29,,4,,.8
156,堡林,2024-02-08 11:00,2.7,,.7,50,72,1014.7,1023.5,1,1.8,,7,,5.8
156,堡林,2024-02-08 12:00,3.9,,.9,340,61,1013.8,1022.6,1,2.16,,8,,14.2
156,堡林,2024-02-08 13:00,4.9,,1.1,360,54,1012.9,1021.6,1,2.25,,8,,16.8
156,堡林,2024-02-08 14:00,5.9,,1.1,340,51,1012.2,1020.9,1,2.27,,7,,17.3
156,堡林,2024-02-08 15:00,6.4,,1,340,47,1011.7,1020.4,1,2.03,,7,,16.7
156,堡林,2024-02-08 16:00,6.3,,1,20,50,1011.3,1020,1,1.54,,6,,13.7
156,堡林,2024-02-08 17:00,5.3,,1.5,290,57,1011.7,1020.4,1,.86,,8,,8
156,堡林,2024-02-08 18:00,4.2,,1.2,320,67,1012,1020.7,0,.22,,6,,4.3
156,堡林,2024-02-08 19:00,2.9,,1.1,320,74,1012.6,1021.4,0,.06,,6,,2.4
156,堡林,2024-02-08 20:00,1.9,,1.2,320,77,1013.1,1021.9,,,,6,,1
156,堡林,2024-02-08 21:00,1.6,,.9,320,79,1013.9,1022.8,,,,4,,.8
156,堡林,2024-02-08 22:00,1.1,,.7,70,81,1013.2,1022.1,,,,8,,.7
156,堡林,2024-02-08 23:00,.7,,1.3,70,83,1013.1,1022,,,,2,,.3
156,堡林,2024-02-09 00:00,.6,,.4,0,83,1013.6,1022.5,,,,0,,.1
156,堡林,2024-02-09 01:00,.4,,.6,250,88,1014.1,1023,,,,0,,-.2
156,堡林,2024-02-09 02:00,-.2,,.2,0,88,1013.6,1022.5,,,,0,,-.5
156,堡林,2024-02-09 03:00,-.4,,.2,0,94,1013.4,1022.3,,,,0,,-.9
156,堡林,2024-02-09 04:00,-1.2,,1.3,270,96,1014.3,1023.3,,,,0,,-1.2
156,堡林,2024-02-09 05:00,-1.3,,.1,0,98,1014,1023,,,,0,,-1.5
156,堡林,2024-02-09 06:00,-1.2,,.5,70,98,1014,1023,,,,0,,-1.8
156,堡林,2024-02-09 07:00,-1.5,,.5,50,98,1014.1,1023.1,,,,1,,-2.1
156,堡林,2024-02-09 08:00,-1.6,,.1,0,99,1014.9,1023.9,0,.09,,5,,-1.8
156,堡林,2024-02-09 09:00,.2,,.6,70,97,1015.3,1024.2,.8,.63,,3,,-.3
156,堡林,2024-02-09 10:00,3,,1,70,72,1015.5,1024.3,1,1.31,,0,,1.7
156,堡林,2024-02-09 11:00,4.7,,1.1,70,62,1015.3,1024.1,1,1.97,,0,,9.7
156,堡林,2024-02-09 12:00,5.4,,1.2,290,55,1015.1,1023.8,1,2.26,,7,,15.1
156,堡林,2024-02-09 13:00,5.7,,1.4,360,52,1014.2,1022.9,.8,2.25,,6,,15.5
156,堡林,2024-02-09 14:00,6.4,,2.2,360,48,1013.4,1022.1,.8,1.93,,2,,17.1
156,堡林,2024-02-09 15:00,6.2,,1.4,360,49,1013.3,1022,.9,1.99,,2,,15.4
156,堡林,2024-02-09 16:00,5.9,,1.7,360,50,1013.8,1022.5,.7,1.21,,3,,12.7
156,堡林,2024-02-09 17:00,4.9,,1.4,320,55,1014,1022.8,.7,.83,,1,,7.6
156,堡林,2024-02-09 18:00,4.2,,1.8,340,59,1014,1022.8,.6,.3,,0,,3.8
156,堡林,2024-02-09 19:00,3.3,,1,320,64,1014.6,1023.4,0,.06,,0,,1.4
156,堡林,2024-02-09 20:00,2.9,,.5,20,64,1015.2,1024,,,,0,,.7
156,堡林,2024-02-09 21:00,2.5,,.7,50,65,1015.3,1024.1,,,,0,,.4
156,堡林,2024-02-09 22:00,1.8,,0,0,71,1015.6,1024.5,,,,0,,.1
156,堡林,2024-02-09 23:00,1.8,,0,0,72,1015.8,1024.7,,,,0,,-.1
156,堡林,2024-02-10 00:00,1.2,,.2,0,78,1015.5,1024.4,,,,0,,-.4
156,堡林,2024-02-10 01:00,.4,,.1,0,84,1015.4,1024.3,,,,0,,-.8
156,堡林,2024-02-10 02:00,-.3,,0,0,90,1015.2,1024.1,,,,3,,-1.1
156,堡林,2024-02-10 03:00,-.6,,.1,0,94,1015.3,1024.2,,,,0,,-1.4
156,堡林,2024-02-10 04:00,-1,,.9,270,95,1015.1,1024.1,,,,0,,-1.7
156,堡林,2024-02-10 05:00,-1.2,,.4,0,97,1015.4,1024.4,,,,0,,-1.9
156,堡林,2024-02-10 06:00,-1.4,,.4,0,97,1015.6,1024.6,,,,0,,-2.1
156,堡林,2024-02-10 07:00,-1.6,,.5,70,98,1015.9,1024.9,,,,0,,-2.4
156,堡林,2024-02-10 08:00,-1.4,,.3,0,98,1016.6,1025.6,0,.1,,0,,-2.1
156,堡林,2024-02-10 09:00,.2,,0,0,95,1017.1,1026,.8,.56,,0,,-.3
156,堡林,2024-02-10 10:00,2.3,,.4,0,82,1017.2,1026.1,1,1.21,,0,,1.5
156,堡林,2024-02-10 11:00,5.1,,.6,50,67,1016.8,1025.6,1,1.79,,0,,8.1
156,堡林,2024-02-10 12:00,6.6,,.6,290,57,1016.5,1025.2,1,2.15,,0,,15.1
156,堡林,2024-02-10 13:00,8.1,,.6,340,52,1016,1024.6,1,2.36,,0,,18.2
156,堡林,2024-02-10 14:00,9,,1.5,250,50,1015.2,1023.8,1,2.32,,2,,19.5
156,堡林,2024-02-10 15:00,8.5,,1.1,20,51,1014.7,1023.3,.5,1.28,,6,,14.9
156,堡林,2024-02-10 16:00,8.2,,1.3,50,49,1014.7,1023.3,.7,1.09,,2,,11.9
156,堡林,2024-02-10 17:00,7.6,,1.4,320,47,1015,1023.7,.9,.72,,0,,8.3
156,堡林,2024-02-10 18:00,6.4,,.8,290,56,1015.4,1024.1,.5,.29,,0,,4.7
156,堡林,2024-02-10 19:00,5.3,,1,320,63,1016.1,1024.9,0,.05,,0,,2.1
156,堡林,2024-02-10 20:00,4.7,,.7,320,72,1016.5,1025.3,,,,0,,.9
156,堡林,2024-02-10 21:00,4.1,,.5,320,78,1016.8,1025.6,,,,0,,.5
156,堡林,2024-02-10 22:00,3.8,,.5,320,83,1017,1025.8,,,,0,,.5
156,堡林,2024-02-10 23:00,3,,.1,0,90,1016.8,1025.6,,,,0,,.3
156,堡林,2024-02-11 00:00,2,,.3,0,96,1016.8,1025.7,,,,0,,0
156,堡林,2024-02-11 01:00,1.2,,0,0,98,1016.6,1025.5,,,,0,,-.4
156,堡林,2024-02-11 02:00,1.1,,.4,0,95,1016.9,1025.8,,,,0,,-.8
156,堡林,2024-02-11 03:00,.7,,.4,0,95,1017.1,1026,,,,0,,-1.2
156,堡林,2024-02-11 04:00,.2,,.2,0,97,1016.7,1025.6,,,,0,,-1.5
156,堡林,2024-02-11 05:00,-.3,,.1,0,98,1016.6,1025.5,,,,0,,-1.8
156,堡林,2024-02-11 06:00,-.4,,.8,270,99,1016.6,1025.5,,,,0,,-2
156,堡林,2024-02-11 07:00,-1,,.2,0,99,1016.9,1025.9,,,,0,,-2.3
156,堡林,2024-02-11 08:00,-1,,.5,270,99,1017.2,1026.2,0,.1,,0,,-1.9
156,堡林,2024-02-11 09:00,-.2,,.3,0,99,1017.5,1026.4,.1,.48,,0,,-.3
156,堡林,2024-02-11 10:00,1.5,,.6,250,97,1017.5,1026.4,1,1.06,,1,,1.1
156,堡林,2024-02-11 11:00,3.8,,1,270,82,1017.3,1026.1,.9,1.54,,2,,6.8
156,堡林,2024-02-11 12:00,5.6,,1.6,270,69,1016.8,1025.6,1,2.06,,1,,14.9
156,堡林,2024-02-11 13:00,6.8,,1.6,250,67,1016,1024.7,.8,1.89,,6,,13.5
156,堡林,2024-02-11 14:00,7.6,,2.2,290,53,1015.1,1023.8,.7,1.58,,7,,14.6
156,堡林,2024-02-11 15:00,8.1,,2.6,320,44,1015.5,1024.1,1,2.14,,0,,16.7
156,堡林,2024-02-11 16:00,6.9,,1.9,320,54,1016.2,1024.9,.9,1.6,,8,,14.3
156,堡林,2024-02-11 17:00,6.6,,1.7,290,56,1016.8,1025.5,.7,.99,,7,,10.9
156,堡林,2024-02-11 18:00,5.2,,1.4,340,57,1017.3,1026.1,.5,.29,,0,,5.2
156,堡林,2024-02-11 19:00,4.9,,.9,320,63,1018,1026.8,0,.06,,0,,3.3
156,堡林,2024-02-11 20:00,4.7,,.8,290,63,1018.4,1027.2,,,,0,,2.2
156,堡林,2024-02-11 21:00,4.2,,.3,0,66,1018.9,1027.7,,,,7,,.8
156,堡林,2024-02-11 22:00,3.8,,.7,250,70,1019.5,1028.3,,,,0,,-.1
156,堡林,2024-02-11 23:00,3.8,,.7,320,71,1019.7,1028.5,,,,0,,.3
156,堡林,2024-02-12 00:00,2.7,,.7,50,77,1019.8,1028.7,,,,0,,0
156,堡林,2024-02-12 01:00,2.8,,1,50,78,1019.8,1028.7,,,,0,,-.2
156,堡林,2024-02-12 02:00,2.6,,.7,290,81,1020.7,1029.6,,,,0,,-.5
156,堡林,2024-02-12 03:00,1.5,,.2,0,88,1020.7,1029.6,,,,0,,-.9
156,堡林,2024-02-12 04:00,1,,.6,90,90,1020.6,1029.5,,,,0,,-1.2
156,堡林,2024-02-12 05:00,.6,,.4,0,95,1021.1,1030.1,,,,0,,-1.5
156,堡林,2024-02-12 06:00,0,,.1,0,97,1021.5,1030.5,,,,0,,-1.8
156,堡林,2024-02-12 07:00,-.4,,1.2,70,98,1021.7,1030.7,,,,0,,-2
156,堡林,2024-02-12 08:00,.1,,.6,270,98,1022.7,1031.7,0,.11,,0,,-1.8
156,堡林,2024-02-12 09:00,1.4,,.3,0,92,1023,1031.9,.9,.61,,0,,-.2
156,堡林,2024-02-12 10:00,3.8,,.3,0,79,1023.2,1032.1,1,1.33,,0,,2.7
156,堡林,2024-02-12 11:00,6.3,,.7,50,66,1022.9,1031.7,1,1.97,,0,,12.3
156,堡林,2024-02-12 12:00,8.6,,.8,200,51,1022.5,1031.2,1,2.44,,0,,18.8
156,堡林,2024-02-12 13:00,11.1,,1.1,270,40,1021.7,1030.3,1,2.66,,0,,22.4
156,堡林,2024-02-12 14:00,11.2,,.9,270,36,1020.8,1029.4,1,2.57,,0,,23.3
156,堡林,2024-02-12 15:00,12.5,,1.7,250,34,1020.5,1029,1,2.31,,0,,22.5
156,堡林,2024-02-12 16:00,12.8,,2,250,35,1020.3,1028.8,1,1.71,,0,,19.3
156,堡林,2024-02-12 17:00,11.3,,1.9,230,43,1020.4,1029,1,1.04,,0,,12.5
156,堡林,2024-02-12 18:00,10.2,,1.6,230,45,1020.4,1029,.8,.35,,0,,7.6
156,堡林,2024-02-12 19:00,9.5,,.5,250,44,1021,1029.6,0,.05,,0,,4.6
156,堡林,2024-02-12 20:00,7.7,,.9,230,52,1021.3,1030,,,,0,,2.8
156,堡林,2024-02-12 21:00,6.6,,1,180,60,1021.4,1030.2,,,,0,,1.8
156,堡林,2024-02-12 22:00,6.1,,.8,160,65,1021.3,1030.1,,,,0,,1.1
156,堡林,2024-02-12 23:00,6.1,,.8,160,67,1020.9,1029.7,,,,0,,.6
156,堡林,2024-02-13 00:00,5.8,,.6,250,71,1021,1029.8,,,,0,,.3
156,堡林,2024-02-13 01:00,5.4,,.4,0,77,1020.7,1029.5,,,,0,,.3
156,堡林,2024-02-13 02:00,4.3,,.1,0,82,1020.6,1029.4,,,,9,,.8
156,堡林,2024-02-13 03:00,4,,.9,70,86,1020.4,1029.2,,,,5,,.7
156,堡林,2024-02-13 04:00,4,,.8,70,88,1019.8,1028.6,,,,5,,.6
156,堡林,2024-02-13 05:00,3.9,,.2,0,87,1019.6,1028.4,,,,6,,.7
156,堡林,2024-02-13 06:00,3.8,,.4,0,87,1019.6,1028.4,,,,5,,.7
156,堡林,2024-02-13 07:00,3.8,,.3,0,92,1019.7,1028.5,,,,6,,.6
156,堡林,2024-02-13 08:00,4.3,,.4,0,92,1019.8,1028.6,0,.12,,7,,.7
156,堡林,2024-02-13 09:00,5.7,,.4,0,86,1020.3,1029.1,.7,.54,,7,,5.3
156,堡林,2024-02-13 10:00,8.1,,.8,290,77,1020.4,1029.1,.8,1.08,,7,,11.7
156,堡林,2024-02-13 11:00,12.1,,.8,230,65,1020.2,1028.8,.8,1.64,,6,,17
156,堡林,2024-02-13 12:00,15,,2.7,230,61,1019.5,1028,.8,1.82,,5,,20.9
156,堡林,2024-02-13 13:00,15.8,,3.1,250,56,1018.3,1026.7,1,2.59,,0,,24.9
156,堡林,2024-02-13 14:00,16.3,,3.7,250,50,1017.5,1025.9,1,2.54,,0,,25.7
156,堡林,2024-02-13 15:00,16.9,,4.6,230,53,1017.3,1025.7,1,2.2,,0,,24.5
156,堡林,2024-02-13 16:00,16.5,,3.5,230,54,1017.1,1025.5,1,1.7,,0,,21.9
156,堡林,2024-02-13 17:00,15.3,,3.4,230,62,1016.9,1025.3,1,.94,,0,,15.8
156,堡林,2024-02-13 18:00,14.2,,2.3,230,70,1016.9,1025.3,.6,.31,,0,,11.5
156,堡林,2024-02-13 19:00,13,,1.3,230,73,1017,1025.5,0,.06,,0,,8.3
156,堡林,2024-02-13 20:00,13,,1.3,200,73,1017.2,1025.7,,,,0,,8.2
156,堡林,2024-02-13 21:00,12.7,,.6,160,73,1017.1,1025.6,,,,7,,7.1
156,堡林,2024-02-13 22:00,12.8,,1.2,200,70,1017.2,1025.7,,,,0,,6
156,堡林,2024-02-13 23:00,12.3,,1.4,200,71,1016.9,1025.4,,,,0,,5.6
156,堡林,2024-02-14 00:00,12.7,,.8,250,72,1016.9,1025.4,,,,8,,6
156,堡林,2024-02-14 01:00,12.3,,.5,230,79,1016.6,1025.1,,,,8,,5.5
156,堡林,2024-02-14 02:00,12.3,,1.1,200,84,1016.1,1024.6,,,,10,,6.7
156,堡林,2024-02-14 03:00,10.9,,1,200,89,1015.8,1024.4,,,,9,,7.3
156,堡林,2024-02-14 04:00,12.8,,.3,0,92,1015.4,1023.9,,,,9,,7.6
156,堡林,2024-02-14 05:00,12.8,,.7,160,94,1014.9,1023.4,,,,10,,8
156,堡林,2024-02-14 06:00,12.3,0,1.4,180,99,1014.9,1023.4,,,,10,,8.6
156,堡林,2024-02-14 07:00,12.5,,.5,230,99,1014.8,1023.3,,,,10,,9.3
156,堡林,2024-02-14 08:00,11.6,,.6,140,99,1015.1,1023.6,0,.07,,10,,9.6
156,堡林,2024-02-14 09:00,12.2,4.1,1.2,180,99,1015.4,1023.9,0,.15,,10,,10.5
156,堡林,2024-02-14 10:00,12.5,,.5,160,99,1015.4,1023.9,0,.24,,10,,11.8
156,堡林,2024-02-14 11:00,12.8,,.1,0,99,1015.3,1023.8,0,.34,,10,,13.3
156,堡林,2024-02-14 12:00,13.3,1.7,0,0,99,1014.5,1023,0,.47,,10,,14.6
156,堡林,2024-02-14 13:00,15,,.9,270,99,1013.1,1021.5,.2,1.08,,10,,16.9
156,堡林,2024-02-14 14:00,16.3,,1.7,230,99,1012.1,1020.4,.2,1.06,,8,,19.6
156,堡林,2024-02-14 15:00,17.4,,3.1,250,87,1011.8,1020.1,.7,1.71,,7,,21.4
156,堡林,2024-02-14 16:00,18.2,,2.6,250,79,1011.7,1020,.8,1.45,,5,,22.4
156,堡林,2024-02-14 17:00,17.3,,2.1,230,86,1011.7,1020,1,1.09,,3,,17
156,堡林,2024-02-14 18:00,16.1,,2,270,94,1011.9,1020.3,.7,.38,,5,,13.8
156,堡林,2024-02-14 19:00,15.4,,1,250,99,1011.9,1020.3,0,.06,,4,,12.5
156,堡林,2024-02-14 20:00,14.4,,.8,250,99,1012.7,1021.1,,,,5,,10
156,堡林,2024-02-14 21:00,13.6,,1.5,230,99,1012.9,1021.3,,,,6,,9.1
156,堡林,2024-02-14 22:00,13.3,,.8,200,99,1013.4,1021.8,,,,6,,9.3
156,堡林,2024-02-14 23:00,12.9,,.6,70,99,1013.1,1021.6,,,,0,,8.1
156,堡林,2024-02-15 00:00,12.3,,.7,320,99,1012.5,1021,,,,0,,7.1
156,堡林,2024-02-15 01:00,11.2,,.2,0,99,1011.8,1020.3,,,,0,,6.5
156,堡林,2024-02-15 02:00,10.9,,1.2,70,99,1010.6,1019.1,,,,0,,7
156,堡林,2024-02-15 03:00,11,,.2,0,99,1010.3,1018.8,,,,4,,7.4
156,堡林,2024-02-15 04:00,11.1,,0,0,99,1009.5,1018,,,,8,,8.6
156,堡林,2024-02-15 05:00,10.8,,.5,250,99,1009.3,1017.8,,,,9,,8.9
156,堡林,2024-02-15 06:00,10.9,,.2,0,99,1009.4,1017.9,,,,8,,9.2
156,堡林,2024-02-15 07:00,11.1,,.1,0,99,1009.2,1017.7,,,,9,,9
156,堡林,2024-02-15 08:00,10.9,,.8,200,99,1009.1,1017.6,0,.09,,8,,9.9
156,堡林,2024-02-15 09:00,11.8,0,1,270,99,1008.8,1017.3,0,.26,,9,,11.8
156,堡林,2024-02-15 10:00,11.5,,1.4,230,99,1008.7,1017.2,0,.26,,10,,12.4
156,堡林,2024-02-15 11:00,8.3,,1.8,320,99,1010.2,1018.8,0,.18,,10,,9.9
156,堡林,2024-02-15 12:00,6.5,0,2,290,97,1010.4,1019.1,0,.29,,10,,9.1
156,堡林,2024-02-15 13:00,6,,2.4,20,92,1011.4,1020.1,0,.42,,10,,8.8
156,堡林,2024-02-15 14:00,4.4,,2.8,20,96,1011.5,1020.2,0,.32,,10,,7.4
156,堡林,2024-02-15 15:00,4.1,,1.6,360,92,1011.6,1020.3,0,.21,,10,,6.7
156,堡林,2024-02-15 16:00,3.8,,2.2,50,87,1012.3,1021.1,0,.32,,10,,7.1
156,堡林,2024-02-15 17:00,4.2,,2.9,50,66,1012.4,1021.1,.6,.8,,7,,6
156,堡林,2024-02-15 18:00,3.7,0,1.9,20,56,1013.4,1022.2,.3,.3,,4,,3.2
156,堡林,2024-02-15 19:00,3.2,,2.1,20,49,1013.7,1022.5,0,.06,,9,,1.2
156,堡林,2024-02-15 20:00,2.8,,2.5,50,53,1014.6,1023.4,,,,8,,.5
156,堡林,2024-02-15 21:00,2.6,,1.5,50,57,1015.8,1024.6,,,,8,,.5
156,堡林,2024-02-15 22:00,2.4,,2.4,50,55,1016.7,1025.6,,,,6,,.5
156,堡林,2024-02-15 23:00,.7,,1.9,70,62,1016.7,1025.6,,,,0,,.5
156,堡林,2024-02-16 00:00,.5,,1.2,50,64,1017.2,1026.1,,,,3,,0
156,堡林,2024-02-16 01:00,.7,,1.8,50,67,1016.9,1025.8,,,,10,,-.4
156,堡林,2024-02-16 02:00,1.1,,1.4,50,64,1017,1025.9,,,,10,,-.7
156,堡林,2024-02-16 03:00,.2,,.1,0,69,1017.2,1026.1,,,,8,,-1.3
156,堡林,2024-02-16 04:00,-.3,,.6,50,76,1016.7,1025.6,,,,4,,-1.9
156,堡林,2024-02-16 05:00,-.6,,.7,50,77,1016.8,1025.8,,,,0,,-2.3
156,堡林,2024-02-16 06:00,-.4,,.3,0,79,1017.4,1026.4,,,,4,,-2.4
156,堡林,2024-02-16 07:00,-1,,1.1,70,81,1017.5,1026.5,,,,2,,-2.9
156,堡林,2024-02-16 08:00,-.3,,1.4,50,81,1017.9,1026.9,0,.1,,0,,-2.3
156,堡林,2024-02-16 09:00,1.2,,1.2,50,74,1018.5,1027.4,.7,.59,,8,,.1
156,堡林,2024-02-16 10:00,2.6,,1.2,50,67,1018.3,1027.2,.7,1.18,,3,,.9
156,堡林,2024-02-16 11:00,5.5,,.7,20,58,1018.1,1026.9,1,1.96,,0,,12.7
156,堡林,2024-02-16 12:00,6.2,,1.1,250,53,1017.6,1026.3,1,2.54,,0,,19.2
156,堡林,2024-02-16 13:00,7.3,,1,270,52,1016.4,1025.1,1,2.73,,0,,21.7
156,堡林,2024-02-16 14:00,9.1,,1.4,290,47,1015.3,1023.9,1,2.66,,0,,22.2
156,堡林,2024-02-16 15:00,9.5,,.6,290,44,1014.4,1023,1,2.38,,0,,21
156,堡林,2024-02-16 16:00,10.2,,1.4,270,45,1014,1022.6,1,1.86,,0,,17.9
156,堡林,2024-02-16 17:00,9.1,,1.4,270,48,1013.9,1022.5,1,1.16,,0,,10.9
156,堡林,2024-02-16 18:00,8.7,,1,250,50,1014.2,1022.8,1,.43,,0,,6.6
156,堡林,2024-02-16 19:00,6.5,,.6,270,64,1014.7,1023.4,.1,.06,,0,,4.1
156,堡林,2024-02-16 20:00,5.5,,.6,270,69,1014.9,1023.6,,,,0,,2.6
156,堡林,2024-02-16 21:00,5,,.7,270,73,1015.1,1023.9,,,,0,,1.5
156,堡林,2024-02-16 22:00,4.4,,.2,0,76,1015.3,1024.1,,,,0,,.7
156,堡林,2024-02-16 23:00,3.8,,.3,0,83,1015.2,1024,,,,0,,1
156,堡林,2024-02-17 00:00,3.2,,.2,0,86,1014.6,1023.4,,,,0,,.7
156,堡林,2024-02-17 01:00,2.8,,.9,90,90,1014.5,1023.3,,,,0,,.4
156,堡林,2024-02-17 02:00,2.2,,.6,90,92,1014.1,1022.9,,,,0,,0
156,堡林,2024-02-17 03:00,1.7,,0,0,96,1014,1022.9,,,,0,,-.3
156,堡林,2024-02-17 04:00,1.3,,.1,0,97,1013.4,1022.3,,,,0,,-.5
156,堡林,2024-02-17 05:00,1.2,,.6,290,98,1013.3,1022.2,,,,0,,-.8
156,堡林,2024-02-17 06:00,.6,,.4,0,99,1013.6,1022.5,,,,0,,-1.1
156,堡林,2024-02-17 07:00,.9,,.3,0,99,1014.2,1023.1,,,,0,,-1.3
156,堡林,2024-02-17 08:00,1.1,,.2,0,99,1014.8,1023.7,0,.12,,0,,-1.1
156,堡林,2024-02-17 09:00,3.3,,.3,0,94,1015.3,1024.1,1,.76,,0,,.1
156,堡林,2024-02-17 10:00,6.4,,.2,0,78,1015.2,1023.9,1,1.48,,0,,6.4
156,堡林,2024-02-17 11:00,8.7,,.9,250,64,1015.2,1023.8,1,2.09,,0,,17.4
156,堡林,2024-02-17 12:00,11,,1.8,230,58,1014.4,1022.9,1,2.53,,0,,21.8
156,堡林,2024-02-17 13:00,13.1,,1.3,320,55,1013.1,1021.6,1,2.73,,0,,23.6
156,堡林,2024-02-17 14:00,13.9,,.9,320,52,1012,1020.4,1,2.69,,0,,24.9
156,堡林,2024-02-17 15:00,15.3,,1.2,270,49,1011.6,1020,1,2.39,,0,,24.8
156,堡林,2024-02-17 16:00,14.8,,1.4,290,49,1011.6,1020,1,1.86,,0,,22.6
156,堡林,2024-02-17 17:00,14.3,,1.4,270,51,1011.8,1020.2,1,1.17,,0,,15.1
156,堡林,2024-02-17 18:00,13.3,,2.5,250,52,1012.3,1020.7,1,.46,,0,,10.1
156,堡林,2024-02-17 19:00,11.7,,2.2,230,59,1012.6,1021.1,.1,.07,,0,,7.1
156,堡林,2024-02-17 20:00,10.4,,1.8,230,66,1012.6,1021.2,,,,0,,5.5
156,堡林,2024-02-17 21:00,9.4,,.5,230,69,1013,1021.6,,,,0,,3.9
156,堡林,2024-02-17 22:00,8.3,,.8,160,70,1012.9,1021.5,,,,0,,2.8
156,堡林,2024-02-17 23:00,7.6,,.4,0,73,1013.2,1021.8,,,,0,,1.7
156,堡林,2024-02-18 00:00,6.7,,.6,360,85,1013.1,1021.8,,,,0,,1.1
156,堡林,2024-02-18 01:00,5.3,,.9,70,87,1013.1,1021.8,,,,0,,.5
156,堡林,2024-02-18 02:00,5.3,,1.1,50,92,1013,1021.7,,,,0,,.2
156,堡林,2024-02-18 03:00,4.2,,.5,50,95,1013,1021.8,,,,0,,.8
156,堡林,2024-02-18 04:00,4.4,,.6,320,96,1012.8,1021.5,,,,2,,.6
156,堡林,2024-02-18 05:00,4.8,,1.9,70,91,1012.5,1021.2,,,,9,,1.1
156,堡林,2024-02-18 06:00,5.6,,.6,50,85,1012.2,1020.9,,,,8,,3
156,堡林,2024-02-18 07:00,6,,.4,0,86,1012.7,1021.4,,,,9,,3.9
156,堡林,2024-02-18 08:00,7.1,,.5,50,87,1012.6,1021.3,0,.09,,9,,5.5
156,堡林,2024-02-18 09:00,8.8,,.8,50,86,1012.6,1021.2,0,.24,,9,,7.8
156,堡林,2024-02-18 10:00,10,,1,50,84,1012.2,1020.8,0,.39,,10,,10.3
156,堡林,2024-02-18 11:00,12.2,,1.2,160,83,1012.1,1020.6,0,.44,,10,,11.2
156,堡林,2024-02-18 12:00,13.2,,.8,200,83,1011.5,1019.9,0,.41,,10,,11.7
156,堡林,2024-02-18 13:00,13.4,,1.1,70,83,1010.6,1019,0,.26,,10,,11.3
156,堡林,2024-02-18 14:00,14.1,,2.1,180,89,1009.7,1018.1,0,.25,,10,,11.7
156,堡林,2024-02-18 15:00,14.4,0,3,180,96,1009.2,1017.6,0,.26,,10,,12.2
156,堡林,2024-02-18 16:00,13.6,,.8,230,99,1008.6,1017,0,.26,,10,,13.1
156,堡林,2024-02-18 17:00,12.8,,.6,340,99,1008.3,1016.7,0,.16,,10,,12.1
156,堡林,2024-02-18 18:00,12.8,7.6,.9,110,99,1007.7,1016.1,0,.09,,10,,11.6
156,堡林,2024-02-18 19:00,13.3,,.9,160,99,1007.1,1015.5,0,.06,,10,,11.8
156,堡林,2024-02-18 20:00,14,,1.4,250,99,1006.6,1015,,,,10,,12
156,堡林,2024-02-18 21:00,14.1,13.5,1.4,200,99,1005.7,1014,,,,10,,12.3
156,堡林,2024-02-18 22:00,14.2,,.9,250,99,1005.3,1013.6,,,,10,,12.8
156,堡林,2024-02-18 23:00,14.3,,1,180,99,1004.7,1013,,,,10,,12.9
156,堡林,2024-02-19 00:00,14.2,16.6,.5,160,99,1004.3,1012.6,,,,10,,12.9
156,堡林,2024-02-19 01:00,14.1,,.9,110,99,1003.9,1012.2,,,,10,,12.7
156,堡林,2024-02-19 02:00,15.5,,.9,250,99,1003.5,1011.8,,,,10,,12.9
156,堡林,2024-02-19 03:00,15.6,.5,2,200,99,1002.5,1010.8,,,,10,,13.4
156,堡林,2024-02-19 04:00,16.9,,3.9,230,99,1001.3,1009.5,,,,10,,14.4
156,堡林,2024-02-19 05:00,16.1,,2.1,250,99,1001.4,1009.7,,,,10,,14.3
156,堡林,2024-02-19 06:00,15.5,1.2,1.9,270,99,1001.5,1009.8,,,,10,,13.9
156,堡林,2024-02-19 07:00,15,,1,200,99,1000.8,1009.1,,,,10,,13.4
156,堡林,2024-02-19 08:00,15,,2,270,99,1001.8,1010.1,0,.07,,10,,13.5
156,堡林,2024-02-19 09:00,14.6,2.5,2.1,270,99,1002.4,1010.7,0,.15,,10,,14.1
156,堡林,2024-02-19 10:00,14,,3.1,270,99,1003,1011.3,0,.19,,10,,13.8
156,堡林,2024-02-19 11:00,13.8,,1.8,250,99,1003.3,1011.6,0,.19,,10,,13.9
156,堡林,2024-02-19 12:00,13.6,0,1.4,250,99,1003.6,1012,0,.23,,10,,14.3
156,堡林,2024-02-19 13:00,13.3,,1.4,250,99,1003.6,1012,0,.23,,10,,14
156,堡林,2024-02-19 14:00,12.7,,1.8,270,99,1003.8,1012.2,0,.15,,10,,13.3
156,堡林,2024-02-19 15:00,12,0,2.5,270,99,1003.7,1012.1,0,.14,,10,,12.9
156,堡林,2024-02-19 16:00,11.6,,2.1,250,99,1004.3,1012.7,0,.19,,10,,12.7
156,堡林,2024-02-19 17:00,10.3,,2.5,270,99,1006.1,1014.6,0,.11,,10,,11.5
156,堡林,2024-02-19 18:00,8.6,0,.9,290,99,1007.2,1015.8,0,.07,,10,,10
156,堡林,2024-02-19 19:00,7.7,,1.7,250,99,1008.4,1017,0,.06,,10,,9.2
156,堡林,2024-02-19 20:00,7.3,,1.2,270,99,1009.1,1017.7,,,,10,,8.7
156,堡林,2024-02-19 21:00,6.9,,1.4,320,99,1009.6,1018.2,,,,10,,8.2
156,堡林,2024-02-19 22:00,6.9,,.5,50,99,1009.4,1018,,,,7,,8.1
156,堡林,2024-02-19 23:00,6.5,,2.2,320,99,1010.9,1019.6,,,,6,,7.8
156,堡林,2024-02-20 00:00,5.6,,1,360,99,1011,1019.7,,,,10,,7.2
156,堡林,2024-02-20 01:00,5.3,,1.1,320,99,1011.4,1020.1,,,,10,,6.8
156,堡林,2024-02-20 02:00,5.2,,1.1,320,99,1012.3,1021,,,,10,,6.6
156,堡林,2024-02-20 03:00,5,.1,.2,0,99,1012.1,1020.8,,,,10,,6.7
156,堡林,2024-02-20 04:00,5.2,,1.1,50,99,1011.5,1020.2,,,,10,,6.7
156,堡林,2024-02-20 05:00,5.3,,1.9,50,99,1011.1,1019.8,,,,8,,6.3
156,堡林,2024-02-20 06:00,5.1,0,2,70,99,1011.6,1020.3,,,,8,,5.4
156,堡林,2024-02-20 07:00,5.2,,3.3,70,99,1011.4,1020.1,,,,10,,5.6
156,堡林,2024-02-20 08:00,6,,2.3,70,99,1012.6,1021.3,0,.1,,10,,6.8
156,堡林,2024-02-20 09:00,6.1,.8,1.6,70,99,1012.8,1021.5,0,.16,,10,,7.5
156,堡林,2024-02-20 10:00,6.6,,.8,70,99,1013.2,1021.9,0,.19,,10,,8.3
156,堡林,2024-02-20 11:00,7.1,,1.1,50,99,1013.2,1021.9,0,.29,,10,,9.3
156,堡林,2024-02-20 12:00,7.5,.6,.6,50,99,1012.9,1021.5,0,.37,,10,,10.4
156,堡林,2024-02-20 13:00,7.6,,.6,90,99,1012.2,1020.8,0,.24,,10,,9.8
156,堡林,2024-02-20 14:00,7.7,,.7,70,99,1011.4,1020,0,.3,,10,,10.5
156,堡林,2024-02-20 15:00,7.8,.8,.5,290,99,1011.2,1019.8,0,.24,,10,,10
156,堡林,2024-02-20 16:00,8.1,,.7,50,99,1010.8,1019.4,0,.18,,10,,9.8
156,堡林,2024-02-20 17:00,8.3,,.4,0,99,1011,1019.6,0,.12,,10,,9.3
156,堡林,2024-02-20 18:00,8.5,1.8,1.5,50,99,1011.5,1020.1,0,.08,,10,,8.9
156,堡林,2024-02-20 19:00,8.3,,1.4,70,99,1012.3,1020.9,0,.06,,10,,8.6
156,堡林,2024-02-20 20:00,7.9,,2.7,70,99,1012.1,1020.7,,,,10,,8.4
156,堡林,2024-02-20 21:00,7.7,2.7,2.1,70,99,1012.4,1021,,,,10,,8.3
156,堡林,2024-02-20 22:00,7.8,,1.9,70,99,1012,1020.6,,,,10,,8.2
156,堡林,2024-02-20 23:00,7.7,,2.2,50,99,1011.8,1020.4,,,,10,,8.2
156,堡林,2024-02-21 00:00,7.7,.3,1.4,50,99,1011.7,1020.3,,,,10,,8.2
156,堡林,2024-02-21 01:00,7.7,,1.8,50,99,1011.1,1019.7,,,,10,,8.2
156,堡林,2024-02-21 02:00,7.8,,1.4,70,99,1010.4,1019,,,,10,,8.2
156,堡林,2024-02-21 03:00,7.9,0,1.8,50,99,1009,1017.6,,,,10,,8.2
156,堡林,2024-02-21 04:00,8.1,,1.8,50,99,1008,1016.6,,,,10,,8.2
156,堡林,2024-02-21 05:00,8,,1.7,50,99,1008,1016.6,,,,10,,8.2
156,堡林,2024-02-21 06:00,7.6,1.6,1.4,70,99,1008,1016.6,,,,10,,8
156,堡林,2024-02-21 07:00,7.6,,1.2,50,99,1008.1,1016.7,,,,10,,8
156,堡林,2024-02-21 08:00,7.1,,1.4,360,99,1008.7,1017.3,0,.08,,10,,8
156,堡林,2024-02-21 09:00,7.5,2.6,2.5,20,99,1007.9,1016.5,0,.17,,10,,8.7
156,堡林,2024-02-21 10:00,8.9,,.5,290,99,1008.6,1017.2,0,.47,,10,,11.3
156,堡林,2024-02-21 11:00,8.6,,.8,50,99,1008.8,1017.4,0,.26,,10,,10.4
156,堡林,2024-02-21 12:00,8.1,.6,1.2,70,99,1008.9,1017.5,0,.3,,10,,10.9
156,堡林,2024-02-21 13:00,8.4,,1.1,70,99,1008,1016.6,0,.52,,10,,12.1
156,堡林,2024-02-21 14:00,8.4,,1.7,70,99,1006.6,1015.2,0,.38,,10,,11.9
156,堡林,2024-02-21 15:00,8,1.4,3.1,70,99,1007,1015.6,0,.48,,10,,11.7
156,堡林,2024-02-21 16:00,7.4,,2.9,70,99,1007.4,1016,0,.2,,10,,9.7
156,堡林,2024-02-21 17:00,7,,2.3,70,99,1007.6,1016.2,0,.15,,10,,9
156,堡林,2024-02-21 18:00,6.8,3.2,2.3,70,99,1008.1,1016.7,0,.09,,10,,8.2
156,堡林,2024-02-21 19:00,6.5,,1.4,70,99,1008.7,1017.3,0,.06,,10,,7.8
156,堡林,2024-02-21 20:00,6.2,,3,70,99,1008.6,1017.3,,,,10,,7.4
156,堡林,2024-02-21 21:00,5.9,2.6,2.3,70,99,1009.2,1017.9,,,,10,,7.1
156,堡林,2024-02-21 22:00,5.6,,2.2,70,99,1009.3,1018,,,,10,,6.8
156,堡林,2024-02-21 23:00,5.4,,2.3,90,99,1010,1018.7,,,,10,,6.6
156,堡林,2024-02-22 00:00,5.2,2.3,1.8,70,99,1010.8,1019.5,,,,10,,6.4
156,堡林,2024-02-22 01:00,5,,1.9,70,99,1011.4,1020.1,,,,10,,6.2
156,堡林,2024-02-22 02:00,4.9,,2.7,70,99,1011.4,1020.1,,,,10,,6.1
156,堡林,2024-02-22 03:00,4.8,1.5,2.9,70,99,1011.8,1020.5,,,,10,,5.9
156,堡林,2024-02-22 04:00,4.7,,3.5,70,99,1011.9,1020.6,,,,10,,5.8
156,堡林,2024-02-22 05:00,4.5,,2.2,70,99,1012.3,1021,,,,10,,5.7
156,堡林,2024-02-22 06:00,4.4,.7,2.8,70,99,1012.5,1021.2,,,,10,,5.6
156,堡林,2024-02-22 07:00,4.4,,2,70,99,1012.6,1021.3,,,,10,,5.5
156,堡林,2024-02-22 08:00,4.4,,2.6,70,99,1013.6,1022.3,0,.08,,10,,5.8
156,堡林,2024-02-22 09:00,4.6,.7,2.4,70,99,1014.2,1022.9,0,.13,,10,,6.2
156,堡林,2024-02-22 10:00,4.8,,1.9,70,99,1015.5,1024.2,0,.26,,10,,7.1
156,堡林,2024-02-22 11:00,4.9,,1.8,70,99,1015.8,1024.6,0,.3,,10,,7.9
156,堡林,2024-02-22 12:00,4.9,0,2.2,70,99,1016.1,1024.9,0,.35,,10,,8.4
156,堡林,2024-02-22 13:00,5.4,,2.2,70,99,1015.3,1024,0,.54,,10,,10.8
156,堡林,2024-02-22 14:00,5.3,,2,70,99,1015.1,1023.9,0,.57,,10,,10.1
156,堡林,2024-02-22 15:00,5.2,.4,2.2,70,99,1015.1,1023.9,0,.5,,10,,9.5
156,堡林,2024-02-22 16:00,5,,1.7,70,99,1015.3,1024.1,0,.34,,10,,8.7
156,堡林,2024-02-22 17:00,4.7,,2.5,70,99,1015.7,1024.5,0,.23,,10,,7.6
156,堡林,2024-02-22 18:00,4.5,0,2.2,70,99,1016,1024.8,0,.12,,10,,6.5
156,堡林,2024-02-22 19:00,4.3,,2.2,70,99,1016.6,1025.4,0,.07,,10,,6
156,堡林,2024-02-22 20:00,4.2,,1.4,70,99,1016.7,1025.5,,,,10,,5.9
156,堡林,2024-02-22 21:00,4,.5,1.2,70,99,1017.3,1026.1,,,,10,,5.7
156,堡林,2024-02-22 22:00,3.8,,1.1,70,99,1017.5,1026.3,,,,10,,5.5
156,堡林,2024-02-22 23:00,3.8,,1.2,50,99,1017.4,1026.2,,,,10,,5.4
156,堡林,2024-02-23 00:00,3.6,.8,1.1,70,99,1017.4,1026.2,,,,10,,5.2
156,堡林,2024-02-23 01:00,3.5,,1.4,70,99,1017.4,1026.2,,,,10,,5.2
156,堡林,2024-02-23 02:00,3.6,,.8,50,99,1017.3,1026.1,,,,10,,5.2
156,堡林,2024-02-23 03:00,3.4,.3,1.4,70,99,1017,1025.8,,,,10,,5.1
156,堡林,2024-02-23 04:00,3.3,,.8,70,99,1016.7,1025.5,,,,10,,4.9
156,堡林,2024-02-23 05:00,3.4,,1,50,99,1017.3,1026.1,,,,10,,5
156,堡林,2024-02-23 06:00,3.3,.7,.9,50,99,1017.9,1026.7,,,,10,,4.9
156,堡林,2024-02-23 07:00,3.3,,.3,0,99,1018.2,1027,,,,10,,4.9
156,堡林,2024-02-23 08:00,3.4,,.6,90,99,1018.8,1027.6,0,.08,,10,,5.2
156,堡林,2024-02-23 09:00,3.6,.7,.7,50,99,1019.6,1028.4,0,.18,,10,,6.1
156,堡林,2024-02-23 10:00,4.1,,1.1,50,99,1019.6,1028.4,0,.4,,10,,8
156,堡林,2024-02-23 11:00,4.5,,1.8,70,99,1019.1,1027.9,0,.62,,9,,9.2
156,堡林,2024-02-23 12:00,4.3,0,1.5,50,99,1019.2,1028,0,.34,,9,,8.1
156,堡林,2024-02-23 13:00,4.4,,1.8,70,99,1018.8,1027.6,0,.35,,9,,8.4
156,堡林,2024-02-23 14:00,4.7,,1.6,70,99,1018.8,1027.6,0,.38,,9,,8.4
156,堡林,2024-02-23 15:00,5,0,.4,0,99,1019,1027.8,0,.34,,10,,8.4
156,堡林,2024-02-23 16:00,5,,.5,110,99,1018.8,1027.6,0,.22,,10,,7.9
156,堡林,2024-02-23 17:00,5,,.2,0,99,1019.2,1028,0,.15,,9,,7.1
156,堡林,2024-02-23 18:00,5.1,0,.6,70,99,1019.4,1028.2,0,.1,,10,,6.4
156,堡林,2024-02-23 19:00,5.1,,1.1,90,99,1019.6,1028.4,0,.06,,10,,5.8
156,堡林,2024-02-23 20:00,4.8,,1.8,70,98,1021.2,1030,,,,10,,5.6
156,堡林,2024-02-23 21:00,4.5,0,.7,90,99,1021.4,1030.2,,,,10,,5.3
156,堡林,2024-02-23 22:00,4.3,,1.6,70,99,1020.3,1029.1,,,,10,,5.2
156,堡林,2024-02-23 23:00,3.4,,3.2,70,99,1019.8,1028.6,,,,9,,4.2
156,堡林,2024-02-24 00:00,3.5,0,2.1,70,99,1020.5,1029.3,,,,9,,4.2
156,堡林,2024-02-24 01:00,3.4,,3.4,70,98,1020.6,1029.4,,,,10,,3.9
156,堡林,2024-02-24 02:00,3.1,,3.6,70,97,1020.7,1029.6,,,,10,,3.8
156,堡林,2024-02-24 03:00,3.2,,2.9,70,96,1020.7,1029.6,,,,10,,3.7
156,堡林,2024-02-24 04:00,2.7,,3.4,70,95,1020.4,1029.3,,,,10,,3.5
156,堡林,2024-02-24 05:00,2.6,,2.8,70,92,1020.7,1029.6,,,,10,,3.3
156,堡林,2024-02-24 06:00,2.4,0,1.6,70,94,1021,1029.9,,,,10,,3.3
156,堡林,2024-02-24 07:00,2.1,,1.9,70,98,1021.1,1030,,,,10,,3.2
156,堡林,2024-02-24 08:00,1.9,,2.7,70,99,1020.9,1029.8,0,.11,,10,,3.6
156,堡林,2024-02-24 09:00,2.9,0,1.5,70,99,1021.2,1030.1,0,.35,,10,,5.7
156,堡林,2024-02-24 10:00,4.5,,2.1,70,94,1020.6,1029.4,0,.69,,10,,9.6
156,堡林,2024-02-24 11:00,6.1,,1.4,70,78,1020,1028.8,.4,1.42,,8,,15.4
156,堡林,2024-02-24 12:00,7.6,,.9,230,71,1019.2,1027.9,.8,1.85,,9,,17.4
156,堡林,2024-02-24 13:00,7.3,,.7,250,63,1018.1,1026.8,0,1.24,,10,,15.2
156,堡林,2024-02-24 14:00,7.8,,.9,200,64,1016.8,1025.5,0,.9,,10,,12.9
156,堡林,2024-02-24 15:00,7.8,,1.2,50,67,1016.6,1025.3,0,.5,,10,,11.5
156,堡林,2024-02-24 16:00,7.6,,.4,0,67,1015.9,1024.6,0,.37,,10,,9.9
156,堡林,2024-02-24 17:00,7.1,,2.3,200,73,1016.2,1024.9,0,.23,,10,,8.1
156,堡林,2024-02-24 18:00,5.1,0,1.5,140,93,1016.6,1025.4,0,.1,,10,,6.7
156,堡林,2024-02-24 19:00,4.2,,.6,160,99,1016.6,1025.4,0,.06,,10,,5.9
156,堡林,2024-02-24 20:00,3.6,,1.6,70,99,1016.8,1025.6,,,,10,,5.4
156,堡林,2024-02-24 21:00,2.6,5.1,1.9,70,99,1016.5,1025.3,,,,10,,4.3
156,堡林,2024-02-24 22:00,2.1,,1.8,70,99,1016.3,1025.2,,,,10,,4.4
156,堡林,2024-02-24 23:00,2,,1.7,50,99,1015.9,1024.8,,,,10,,4.2
156,堡林,2024-02-25 00:00,1.8,1.5,1.7,50,99,1015.7,1024.6,,,,10,,3.9
156,堡林,2024-02-25 01:00,1.7,,2.1,70,99,1015.2,1024.1,,,,10,,3.5
156,堡林,2024-02-25 02:00,1.8,,1.9,70,99,1015,1023.9,,,,10,,3.6
156,堡林,2024-02-25 03:00,1.9,.8,2.2,70,99,1014.1,1022.9,,,,10,,3.4
156,堡林,2024-02-25 04:00,2.1,,2.1,70,99,1013.4,1022.2,,,,10,,3.5
156,堡林,2024-02-25 05:00,2.3,,1.7,70,99,1013.4,1022.2,,,,10,,3.5
156,堡林,2024-02-25 06:00,2.3,0,1,70,99,1013.3,1022.1,,,,10,,3.4
156,堡林,2024-02-25 07:00,2.7,,1.2,70,99,1013.9,1022.7,,,,10,,3.7
156,堡林,2024-02-25 08:00,2.8,,1.3,50,99,1014.4,1023.2,0,.08,,10,,4
156,堡林,2024-02-25 09:00,3.1,.1,2,70,99,1014,1022.8,0,.22,,10,,5.2
156,堡林,2024-02-25 10:00,4.1,,2,70,99,1013.7,1022.5,0,.56,,10,,8.2
156,堡林,2024-02-25 11:00,4.8,,1.8,50,99,1014,1022.7,0,.73,,10,,9.7
156,堡林,2024-02-25 12:00,5.5,0,.3,0,99,1014.2,1022.9,0,.8,,10,,11.2
156,堡林,2024-02-25 13:00,6.3,,1.4,70,97,1013.5,1022.2,0,1.01,,10,,12.7
156,堡林,2024-02-25 14:00,6.4,,2.1,50,93,1013.2,1021.9,0,.67,,9,,11.1
156,堡林,2024-02-25 15:00,6.6,,1.5,50,89,1013.2,1021.9,0,.53,,9,,10.3
156,堡林,2024-02-25 16:00,6.7,,2.4,50,89,1013.4,1022.1,0,.43,,9,,9.6
156,堡林,2024-02-25 17:00,6.3,,1.8,50,87,1013.9,1022.6,0,.34,,9,,8.2
156,堡林,2024-02-25 18:00,5.6,,2,50,90,1014.6,1023.3,0,.16,,9,,6.8
156,堡林,2024-02-25 19:00,5,,1.3,360,92,1015.4,1024.2,0,.06,,9,,5.6
156,堡林,2024-02-25 20:00,4.6,,1.2,50,94,1016,1024.8,,,,9,,4.8
156,堡林,2024-02-25 21:00,4.4,,.9,20,96,1016.6,1025.4,,,,9,,4.8
156,堡林,2024-02-25 22:00,3.6,,2,320,97,1017.2,1026,,,,9,,2.8
156,堡林,2024-02-25 23:00,2.9,,.1,0,98,1017.2,1026,,,,2,,1.4
156,堡林,2024-02-26 00:00,3.1,,1.1,50,98,1017.5,1026.3,,,,0,,.5
156,堡林,2024-02-26 01:00,2.7,,.9,50,97,1017.8,1026.6,,,,0,,0
156,堡林,2024-02-26 02:00,2.3,,.9,20,97,1017.6,1026.5,,,,0,,.3
156,堡林,2024-02-26 03:00,2.2,,1.4,50,97,1017.4,1026.3,,,,0,,.3
156,堡林,2024-02-26 04:00,1.1,,.9,20,97,1017.4,1026.3,,,,0,,.3
156,堡林,2024-02-26 05:00,.9,,1.2,50,99,1017.7,1026.6,,,,3,,.2
156,堡林,2024-02-26 06:00,.9,,.5,20,99,1018.6,1027.5,,,,4,,.1
156,堡林,2024-02-26 07:00,1,,.8,70,99,1019.1,1028,,,,2,,-.1
156,堡林,2024-02-26 08:00,1.6,,1.1,50,99,1019.9,1028.8,0,.21,,6,,.1
156,堡林,2024-02-26 09:00,3.3,,2.4,50,91,1019.6,1028.4,1,.71,,5,,.2
156,堡林,2024-02-26 10:00,4.5,,2.3,70,82,1019.3,1028.1,1,1.35,,4,,8.8
156,堡林,2024-02-26 11:00,6.7,,3.4,50,68,1018.7,1027.4,1,2.09,,4,,17.3
156,堡林,2024-02-26 12:00,7.9,,2.3,70,64,1018.4,1027.1,1,2.69,,3,,21.4
156,堡林,2024-02-26 13:00,9,,1.2,50,49,1018,1026.6,1,2.65,,3,,22.5
156,堡林,2024-02-26 14:00,10.7,,1.5,340,48,1017.3,1025.9,1,2.83,,3,,23.4
156,堡林,2024-02-26 15:00,10.9,,.8,50,50,1017.1,1025.7,1,2.54,,3,,22.3
156,堡林,2024-02-26 16:00,10.8,,1.1,290,50,1016.8,1025.4,1,1.94,,4,,19.4
156,堡林,2024-02-26 17:00,9.9,,1.1,360,54,1016.6,1025.2,1,1.18,,4,,13
156,堡林,2024-02-26 18:00,8.5,,1.1,20,63,1017.2,1025.8,.8,.47,,4,,8.1
156,堡林,2024-02-26 19:00,7,,.6,340,73,1018,1026.7,0,.07,,6,,5.1
156,堡林,2024-02-26 20:00,5.7,,1.8,70,79,1018.3,1027.1,,,,6,,3.5
156,堡林,2024-02-26 21:00,5,,2.5,70,86,1018.6,1027.4,,,,0,,2.6
156,堡林,2024-02-26 22:00,5.1,,1.4,50,84,1019.1,1027.9,,,,7,,3.3
156,堡林,2024-02-26 23:00,4.9,,.8,70,85,1019.2,1028,,,,4,,2.2
156,堡林,2024-02-27 00:00,4.9,,.3,0,91,1019.6,1028.4,,,,6,,2.4
156,堡林,2024-02-27 01:00,4.3,,.2,0,93,1020.2,1029,,,,6,,2.3
156,堡林,2024-02-27 02:00,3.9,,0,0,97,1020.3,1029.1,,,,8,,1.2
156,堡林,2024-02-27 03:00,3.5,,.2,0,96,1020.2,1029,,,,8,,1.9
156,堡林,2024-02-27 04:00,3.4,,.6,70,96,1019.8,1028.6,,,,8,,1.4
156,堡林,2024-02-27 05:00,3.2,,1.2,70,93,1020.1,1028.9,,,,6,,.9
156,堡林,2024-02-27 06:00,2.9,,2.1,70,95,1020,1028.9,,,,4,,.4
156,堡林,2024-02-27 07:00,2.6,,1,90,94,1020.2,1029.1,,,,8,,.7
156,堡林,2024-02-27 08:00,3.7,,.5,90,85,1020.8,1029.6,0,.19,,8,,2.4
156,堡林,2024-02-27 09:00,5.4,,1.7,70,75,1020.5,1029.3,.2,.55,,7,,6.5
156,堡林,2024-02-27 10:00,7.9,,2,50,55,1021.3,1030,1,1.51,,7,,14.4
156,堡林,2024-02-27 11:00,8.3,,.7,250,48,1021.4,1030.1,.2,1.26,,9,,13.8
156,堡林,2024-02-27 12:00,9.5,,1.2,70,46,1021.1,1029.7,.3,1.67,,7,,18.3
156,堡林,2024-02-27 13:00,10.7,,1.6,200,42,1020.3,1028.9,1,2.41,,6,,21.4
156,堡林,2024-02-27 14:00,10.7,,2.1,50,44,1020,1028.6,.5,1.95,,8,,19.5
156,堡林,2024-02-27 15:00,12.1,,1.3,50,42,1019.4,1027.9,.3,1.61,,5,,22.7
156,堡林,2024-02-27 16:00,11.2,,.9,70,43,1019.2,1027.8,.5,1.43,,6,,16
156,堡林,2024-02-27 17:00,10.9,,.5,90,45,1019.2,1027.8,.9,1.22,,4,,13.1
156,堡林,2024-02-27 18:00,10.3,,1.8,70,47,1019.1,1027.7,.7,.46,,5,,9.4
156,堡林,2024-02-27 19:00,9.1,,2.1,200,50,1019.9,1028.5,.1,.08,,4,,6.2
156,堡林,2024-02-27 20:00,8,,1.4,140,52,1019.6,1028.3,,,,7,,5.1
156,堡林,2024-02-27 21:00,6.9,,1.9,180,56,1020.2,1028.9,,,,0,,3.6
156,堡林,2024-02-27 22:00,5.8,,1.6,200,60,1020.9,1029.7,,,,0,,2.2
156,堡林,2024-02-27 23:00,5.7,,.6,230,60,1021.2,1030,,,,7,,2.5
156,堡林,2024-02-28 00:00,5.7,,.2,0,59,1021.4,1030.2,,,,9,,3.9
156,堡林,2024-02-28 01:00,4.8,,.8,70,63,1021.3,1030.1,,,,5,,1.9
156,堡林,2024-02-28 02:00,4.4,,.8,230,64,1021.3,1030.1,,,,3,,1
156,堡林,2024-02-28 03:00,4.4,,.3,0,63,1021.2,1030,,,,7,,1.8
156,堡林,2024-02-28 04:00,3.4,,.4,0,70,1020.5,1029.3,,,,0,,.1
156,堡林,2024-02-28 05:00,2.4,,1.6,70,77,1020.5,1029.4,,,,5,,-.3
156,堡林,2024-02-28 06:00,2.2,,1.6,70,79,1020.2,1029.1,,,,1,,-.9
156,堡林,2024-02-28 07:00,2.2,,.8,70,79,1020.6,1029.5,,,,8,,.2
156,堡林,2024-02-28 08:00,3.2,,.4,0,76,1020.9,1029.8,0,.17,,9,,2.9
156,堡林,2024-02-28 09:00,4.4,,.9,70,68,1021.3,1030.1,0,.49,,9,,6.3
156,堡林,2024-02-28 10:00,6.1,,1.6,70,61,1021.1,1029.9,.2,.99,,7,,12.6
156,堡林,2024-02-28 11:00,8.8,,.7,360,51,1020.8,1029.5,1,2.18,,1,,19.8
156,堡林,2024-02-28 12:00,10.9,,1.5,360,50,1019.9,1028.5,1,2.64,,3,,22.8
156,堡林,2024-02-28 13:00,13.1,,1,340,44,1018.9,1027.4,1,2.85,,2,,25.5
156,堡林,2024-02-28 14:00,14.5,,2.2,70,38,1017.5,1025.9,1,2.71,,5,,24.7
156,堡林,2024-02-28 15:00,15.2,,2.6,70,37,1016.8,1025.2,1,2.27,,2,,24.4
156,堡林,2024-02-28 16:00,14.9,,1.9,90,38,1016.4,1024.9,1,1.97,,1,,21.6
156,堡林,2024-02-28 17:00,13.9,,2.2,70,39,1016.2,1024.6,1,1.26,,0,,15.4
156,堡林,2024-02-28 18:00,12.9,,.9,110,42,1016.6,1025.1,1,.51,,1,,10.1
156,堡林,2024-02-28 19:00,11.5,,3.9,200,52,1017.7,1026.3,0,.07,,9,,9.2
156,堡林,2024-02-28 20:00,10.5,,1.6,230,55,1018.1,1026.7,,,,7,,7.6
156,堡林,2024-02-28 21:00,9.3,,3.6,230,59,1018.1,1026.7,,,,9,,7.1
156,堡林,2024-02-28 22:00,9.1,,1.2,200,59,1017.7,1026.3,,,,9,,6.9
156,堡林,2024-02-28 23:00,9.1,,.8,230,60,1017.6,1026.2,,,,9,,6.6
156,堡林,2024-02-29 00:00,8.9,,1.3,50,63,1017.9,1026.5,,,,9,,6.6
156,堡林,2024-02-29 01:00,8.6,,.7,20,66,1017.2,1025.8,,,,7,,6
156,堡林,2024-02-29 02:00,7.5,,.4,0,71,1017.4,1026.1,,,,5,,3.6
156,堡林,2024-02-29 03:00,7.4,,.4,0,74,1016.3,1025,,,,9,,5.3
156,堡林,2024-02-29 04:00,7.7,,.9,50,73,1016,1024.7,,,,10,,5.6
156,堡林,2024-02-29 05:00,7.1,,1,50,77,1016,1024.7,,,,10,,5.7
156,堡林,2024-02-29 06:00,7,,.7,70,77,1015.1,1023.8,,,,10,,5.6
156,堡林,2024-02-29 07:00,7.1,,.7,50,74,1014.6,1023.3,,,,10,,5.7
156,堡林,2024-02-29 08:00,7.2,,1,70,74,1014.5,1023.2,0,.1,,10,,6.3
156,堡林,2024-02-29 09:00,7.2,0,1.1,50,77,1014.9,1023.6,0,.17,,10,,7.2
156,堡林,2024-02-29 10:00,6.2,,2.2,50,97,1015.3,1024,0,.25,,10,,8
156,堡林,2024-02-29 11:00,6.1,,2.2,70,99,1014.8,1023.5,0,.33,,10,,8.5
156,堡林,2024-02-29 12:00,6.3,1.7,2.3,70,99,1013.8,1022.5,0,.44,,10,,9.6
156,堡林,2024-02-29 13:00,5.9,,2.5,70,99,1012.6,1021.3,0,.59,,10,,10.3
156,堡林,2024-02-29 14:00,6.3,,3.3,70,99,1011.7,1020.4,0,.69,,10,,11.1
156,堡林,2024-02-29 15:00,6.6,.5,2.7,70,95,1011.1,1019.8,0,.58,,10,,10.5
156,堡林,2024-02-29 16:00,6.4,,2.4,70,94,1011,1019.7,0,.49,,10,,9.9
156,堡林,2024-02-29 17:00,6.7,,1.5,50,92,1011.2,1019.9,0,.38,,10,,9.1
156,堡林,2024-02-29 18:00,6.7,.1,1.7,50,89,1011.6,1020.3,0,.17,,10,,7.7
156,堡林,2024-02-29 19:00,6.8,,2.6,50,79,1012,1020.7,0,.07,,10,,6.3
156,堡林,2024-02-29 20:00,6.5,,1.4,50,81,1012.1,1020.8,,,,10,,5.7
156,堡林,2024-02-29 21:00,5.7,,1.8,50,86,1012.6,1021.3,,,,10,,4.5
156,堡林,2024-02-29 22:00,5.1,,.8,20,88,1012.7,1021.4,,,,10,,4.1
156,堡林,2024-02-29 23:00,4.7,,1.2,360,87,1012.9,1021.6,,,,6,,2.8
156,堡林,2024-03-01 00:00,4.2,,.9,20,84,1013.9,1022.7,,,,5,,2.2
156,堡林,2024-03-01 01:00,3.3,,1.3,20,77,1014.2,1023,,,,6,,1.1
156,堡林,2024-03-01 02:00,2.4,,2.1,360,65,1015,1023.8,,,,2,,0
156,堡林,2024-03-01 03:00,1.7,,1.1,360,69,1015.3,1024.2,,,,3,,.2
156,堡林,2024-03-01 04:00,1.2,,2.2,20,67,1015.2,1024.1,,,,2,,.3
156,堡林,2024-03-01 05:00,.6,,2.7,50,62,1015.4,1024.3,,,,2,,0
156,堡林,2024-03-01 06:00,-.2,,2.8,50,47,1015.5,1024.4,,,,0,,-.9
156,堡林,2024-03-01 07:00,-.5,,2.8,50,49,1016.1,1025,,,,0,,-1.4
156,堡林,2024-03-01 08:00,-.8,,2.6,20,41,1016.7,1025.7,.1,.23,,0,,-1.1
156,堡林,2024-03-01 09:00,-.2,,3.1,20,44,1017.2,1026.1,1,.9,,0,,.2
156,堡林,2024-03-01 10:00,.2,,3,20,47,1017,1025.9,1,1.62,,0,,4.3
156,堡林,2024-03-01 11:00,.7,,5.1,50,44,1017.3,1026.2,1,2.36,,2,,12.8
156,堡林,2024-03-01 12:00,1,,4.2,20,42,1016.7,1025.6,1,2.59,,3,,14.7
156,堡林,2024-03-01 13:00,1,,3.9,50,43,1016.3,1025.2,.9,2.16,,3,,12.5
156,堡林,2024-03-01 14:00,1.4,,3.7,50,42,1016,1024.9,.9,2.35,,5,,16.9
156,堡林,2024-03-01 15:00,-.2,,4.8,50,41,1015.7,1024.6,.9,2.02,,4,,10.7
156,堡林,2024-03-01 16:00,-.2,,2.9,360,46,1015.3,1024.2,1,1.61,,3,,10.7
156,堡林,2024-03-01 17:00,-.7,,3.3,340,48,1015.6,1024.5,1,1.19,,3,,4.8
156,堡林,2024-03-01 18:00,-2.2,,3.3,20,47,1015.9,1024.9,.2,.3,,2,,-1.6
156,堡林,2024-03-01 19:00,-2.8,,3.2,50,53,1016.7,1025.7,0,.09,,5,,-2.9
156,堡林,2024-03-01 20:00,-2.9,,2.1,50,54,1017.5,1026.5,,,,6,,-3
156,堡林,2024-03-01 21:00,-3.5,0,2.5,20,67,1018.1,1027.2,,,,6,,-2.8
156,堡林,2024-03-01 22:00,-3.5,,1.5,360,70,1018.4,1027.5,,,,1,,-4.3
156,堡林,2024-03-01 23:00,-3.6,,2,50,69,1018,1027.1,,,,0,,-4.5
156,堡林,2024-03-02 00:00,-3.5,0,2,20,68,1018,1027.1,,,,0,,-4.7
156,堡林,2024-03-02 01:00,-3.5,,.8,360,70,1018.2,1027.3,,,,1,,-4.2
156,堡林,2024-03-02 02:00,-4.3,,2.4,70,80,1018.1,1027.2,,,,0,,-5
156,堡林,2024-03-02 03:00,-4.8,,1.9,70,85,1017.4,1026.5,,,,1,,-5.6
156,堡林,2024-03-02 04:00,-5.1,,1.9,70,84,1017.3,1026.4,,,,1,,-6.1
156,堡林,2024-03-02 05:00,-5.3,,1.2,70,80,1017.1,1026.2,,,,0,,-6.4
156,堡林,2024-03-02 06:00,-5,,.9,90,74,1017.1,1026.2,,,,0,,-6.8
156,堡林,2024-03-02 07:00,-5.3,,1,50,75,1017,1026.1,,,,0,,-7.2
156,堡林,2024-03-02 08:00,-4.5,,.6,50,72,1017.3,1026.4,.4,.23,,0,,-5.4
156,堡林,2024-03-02 09:00,-2.8,,.5,140,66,1017.2,1026.2,1,1.02,,0,,7.3
156,堡林,2024-03-02 10:00,-1.3,,1,270,60,1017.1,1026.1,1,1.79,,0,,12.8
156,堡林,2024-03-02 11:00,1.8,,1,290,53,1016.8,1025.7,1,2.42,,0,,17.2
156,堡林,2024-03-02 12:00,3,,1.2,250,44,1016.1,1024.9,1,2.85,,0,,19.5
156,堡林,2024-03-02 13:00,5.2,,3,200,42,1014.8,1023.6,1,3.21,,4,,26.3
156,堡林,2024-03-02 14:00,5.2,,1.7,290,41,1013.6,1022.3,.9,2.56,,3,,24.1
156,堡林,2024-03-02 15:00,5.9,,2.4,270,37,1012.9,1021.6,1,2.5,,2,,21.8
156,堡林,2024-03-02 16:00,5.9,,3.2,270,39,1012.4,1021.1,.7,1.55,,6,,21.3
156,堡林,2024-03-02 17:00,4.8,,3.3,270,42,1012.1,1020.8,1,1.4,,2,,10.5
156,堡林,2024-03-02 18:00,3.9,,1.5,270,50,1011.8,1020.6,1,.64,,0,,3.2
156,堡林,2024-03-02 19:00,3.3,,1.9,270,53,1011.9,1020.7,.1,.09,,0,,-.1
156,堡林,2024-03-02 20:00,2.7,,1.4,230,57,1012,1020.8,,,,0,,-1.8
156,堡林,2024-03-02 21:00,2,,1.8,200,61,1012.2,1021,,,,0,,-1.4
156,堡林,2024-03-02 22:00,1.8,,1.3,200,63,1012.2,1021,,,,0,,-1.6
156,堡林,2024-03-02 23:00,1.8,,1.4,200,65,1012.1,1020.9,,,,0,,-2
156,堡林,2024-03-03 00:00,1.7,,.5,200,70,1012,1020.8,,,,2,,-2.1
156,堡林,2024-03-03 01:00,2.1,,.5,270,71,1012.3,1021.1,,,,7,,-.9
156,堡林,2024-03-03 02:00,2.4,,.9,180,73,1012.1,1020.9,,,,7,,-.7
156,堡林,2024-03-03 03:00,2.7,,1.4,290,74,1012.1,1020.9,,,,6,,-.9
156,堡林,2024-03-03 04:00,2,,.7,270,78,1011.6,1020.4,,,,7,,-.7
156,堡林,2024-03-03 05:00,2,,1.2,200,86,1011.4,1020.2,,,,2,,-1.8
156,堡林,2024-03-03 06:00,2.2,,1,180,94,1011.4,1020.2,,,,0,,-1.7
156,堡林,2024-03-03 07:00,2,,.9,180,97,1011.4,1020.2,0,.06,,0,,-2
156,堡林,2024-03-03 08:00,2.4,,.3,0,97,1011.8,1020.6,0,.22,,4,,.2
156,堡林,2024-03-03 09:00,4.1,,.6,230,90,1011.9,1020.6,.8,.76,,0,,5.3
156,堡林,2024-03-03 10:00,6.7,,1.3,270,77,1012.1,1020.8,1,1.48,,0,,16.3
156,堡林,2024-03-03 11:00,8.9,,2,270,69,1012.4,1021,1,2.09,,1,,22.5
156,堡林,2024-03-03 12:00,9.1,,3.5,270,63,1012.1,1020.7,.8,2.1,,8,,18.6
156,堡林,2024-03-03 13:00,8.3,,1.8,230,81,1011.4,1020,.5,1.45,,7,,14.8
156,堡林,2024-03-03 14:00,10.7,,1.8,250,70,1010.7,1019.2,.4,1.38,,3,,21
156,堡林,2024-03-03 15:00,10.8,.4,3.6,270,54,1010.1,1018.6,.7,1.84,,9,,19.3
156,堡林,2024-03-03 16:00,10.7,,3.6,270,49,1010.1,1018.6,.4,.93,,8,,15.4
156,堡林,2024-03-03 17:00,10.3,,3.4,270,47,1010.2,1018.7,.6,.8,,6,,11.4
156,堡林,2024-03-03 18:00,9.6,0,1.5,290,55,1010.6,1019.1,.5,.42,,5,,7.6
156,堡林,2024-03-03 19:00,8.3,,2.6,270,64,1010.8,1019.4,0,.08,,0,,4.2
156,堡林,2024-03-03 20:00,7.9,,1.3,270,73,1011.6,1020.2,,,,0,,2.4
156,堡林,2024-03-03 21:00,7.3,,1.1,270,76,1011.8,1020.4,,,,0,,1.5
156,堡林,2024-03-03 22:00,5.7,,1.2,180,87,1012.1,1020.8,,,,0,,.4
156,堡林,2024-03-03 23:00,5.2,,1.2,180,92,1012.4,1021.1,,,,0,,.2
156,堡林,2024-03-04 00:00,5,,.7,160,97,1012.9,1021.6,,,,3,,-.4
156,堡林,2024-03-04 01:00,4.8,,0,0,98,1013.3,1022,,,,6,,-.7
156,堡林,2024-03-04 02:00,4.5,,0,0,99,1013.6,1022.3,,,,8,,-.2
156,堡林,2024-03-04 03:00,3.8,,.2,0,99,1013.7,1022.5,,,,0,,-.4
156,堡林,2024-03-04 04:00,4,,0,0,99,1013.8,1022.6,,,,8,,.2
156,堡林,2024-03-04 05:00,3.8,,.3,0,99,1014,1022.8,,,,4,,.1
156,堡林,2024-03-04 06:00,3.2,,.5,50,99,1013.9,1022.7,,,,2,,-.2
156,堡林,2024-03-04 07:00,3.2,,.5,290,99,1014.1,1022.9,,,,6,,-.2
156,堡林,2024-03-04 08:00,3.7,,.5,70,99,1014.3,1023.1,,,,8,,.9
156,堡林,2024-03-04 09:00,5.3,,.5,270,99,1014.7,1023.4,,,,7,,9.8
156,堡林,2024-03-04 10:00,8.1,,.4,0,90,1014.6,1023.2,,,,3,,19
156,堡林,2024-03-04 11:00,11.1,,.7,110,56,1014.2,1022.7,,,,2,,25.5
156,堡林,2024-03-04 12:00,11.7,,.9,50,47,1013.3,1021.8,,,,7,,27.9
156,堡林,2024-03-04 13:00,12.5,,.6,290,47,1012.1,1020.6,,,,9,,27.7
156,堡林,2024-03-04 14:00,12.3,,1.1,270,50,1011.6,1020.1,,,,9,,20.6
156,堡林,2024-03-04 15:00,12.2,,1.3,290,51,1011.4,1019.9,,,,9,,16.3
156,堡林,2024-03-04 16:00,12.1,,1,160,51,1010.8,1019.3,,,,9,,13.8
156,堡林,2024-03-04 17:00,11.8,,1.8,180,39,1010.5,1019,,,,10,,11.1
156,堡林,2024-03-04 18:00,11.1,,1.4,180,41,1010,1018.5,,,,10,,9.1
156,堡林,2024-03-04 19:00,10.8,,.9,140,45,1010.1,1018.6,,,,10,,7.8
156,堡林,2024-03-04 20:00,10.2,,.4,0,47,1010.4,1018.9,,,,10,,7.4
156,堡林,2024-03-04 21:00,10.3,,.9,70,51,1010,1018.5,,,,10,,7.3
156,堡林,2024-03-04 22:00,10.2,,1,70,55,1009.7,1018.2,,,,10,,7.2
156,堡林,2024-03-04 23:00,9.2,,1.9,70,66,1009.2,1017.7,,,,10,,6.8
156,堡林,2024-03-05 00:00,8.9,0,4.2,70,63,1008.2,1016.7,,,,10,,6.5
156,堡林,2024-03-05 01:00,7.7,,4.6,70,80,1008.4,1017,,,,10,,6.2
156,堡林,2024-03-05 02:00,7.1,,5.1,70,79,1007.8,1016.4,,,,10,,5.9
156,堡林,2024-03-05 03:00,6.7,0,4.5,70,88,1006.9,1015.5,,,,10,,5.8
156,堡林,2024-03-05 04:00,5.8,,3.4,70,98,1006,1014.7,,,,10,,5.8
156,堡林,2024-03-05 05:00,5.4,,2.9,70,99,1005.5,1014.2,,,,10,,5.7
156,堡林,2024-03-05 06:00,5.4,2.8,3.1,70,99,1005.4,1014.1,,,,10,,5.8
156,堡林,2024-03-05 07:00,5.2,,5.2,70,99,1004.7,1013.4,0,.06,,10,,5.7
156,堡林,2024-03-05 08:00,5.4,,3.9,70,99,1004.9,1013.6,0,.09,,10,,6
156,堡林,2024-03-05 09:00,5.7,1.3,3.4,70,99,1004.3,1012.9,0,.18,,10,,6.8
156,堡林,2024-03-05 10:00,6.3,,4.5,70,99,1003.6,1012.2,0,.26,,10,,8
156,堡林,2024-03-05 11:00,6.9,,4.6,70,99,1003,1011.6,0,.37,,10,,9.6
156,堡林,2024-03-05 12:00,7,0,3.5,70,99,1002.6,1011.2,0,.39,,10,,9.5
156,堡林,2024-03-05 13:00,7.1,,2.4,70,99,1002.1,1010.7,0,.32,,10,,9.3
156,堡林,2024-03-05 14:00,7.5,,3,70,99,1001.5,1010,0,.34,,10,,10.1
156,堡林,2024-03-05 15:00,7.6,0,4.5,70,98,1000.9,1009.4,0,.42,,10,,9.9
156,堡林,2024-03-05 16:00,7.5,,3.7,70,98,1000.9,1009.4,0,.23,,10,,9
156,堡林,2024-03-05 17:00,7.5,,3.6,70,98,1001,1009.5,0,.22,,10,,8.3
156,堡林,2024-03-05 18:00,7.7,0,3.5,70,97,1000.8,1009.3,0,.15,,10,,7.7
156,堡林,2024-03-05 19:00,7.5,,3.5,70,96,1001.3,1009.8,0,.07,,10,,7.1
156,堡林,2024-03-05 20:00,7.5,,3,70,94,1001.9,1010.4,,,,10,,6.7
156,堡林,2024-03-05 21:00,7.5,,1.8,70,94,1002.4,1011,,,,10,,6.5
156,堡林,2024-03-05 22:00,7.4,,1.4,70,95,1003.5,1012.1,,,,10,,6.5
156,堡林,2024-03-05 23:00,7.5,,2.7,70,93,1004.1,1012.7,,,,10,,6.5
156,堡林,2024-03-06 00:00,7.4,,1.6,70,93,1004,1012.6,,,,9,,6.4
156,堡林,2024-03-06 01:00,7.6,,1.6,70,90,1003.6,1012.2,,,,10,,6.3
156,堡林,2024-03-06 02:00,7.3,,2.3,70,92,1003.3,1011.9,,,,10,,6.2
156,堡林,2024-03-06 03:00,7.3,,1.5,50,91,1004,1012.6,,,,9,,6.2
156,堡林,2024-03-06 04:00,7.3,,.6,50,90,1004.3,1012.9,,,,9,,6.2
156,堡林,2024-03-06 05:00,7.2,,1.8,50,89,1004.8,1013.4,,,,9,,6
156,堡林,2024-03-06 06:00,7,,1.7,70,89,1005.3,1013.9,,,,9,,5.3
156,堡林,2024-03-06 07:00,6.7,,2.1,70,90,1006,1014.6,0,.06,,8,,4.9
156,堡林,2024-03-06 08:00,7.1,,1.9,70,88,1006.6,1015.2,.3,.3,,0,,5.5
156,堡林,2024-03-06 09:00,8.9,,2.2,70,73,1006.8,1015.3,1,.97,,0,,12.6
156,堡林,2024-03-06 10:00,10.4,,2,70,62,1007.1,1015.6,1,1.69,,0,,17.7
156,堡林,2024-03-06 11:00,11.9,,1.6,90,55,1006.8,1015.2,1,2.32,,0,,22.7
156,堡林,2024-03-06 12:00,13.3,,1.4,90,51,1006.6,1015,1,2.63,,7,,25.9
156,堡林,2024-03-06 13:00,13.3,,1.4,340,46,1006.2,1014.6,.7,2.33,,8,,23.3
156,堡林,2024-03-06 14:00,14.6,,1.1,20,46,1006,1014.3,.6,2.15,,8,,26.8
156,堡林,2024-03-06 15:00,14.1,,2.1,320,43,1005.4,1013.7,.6,1.84,,6,,24.8
156,堡林,2024-03-06 16:00,13.3,,2.7,340,48,1005.6,1014,1,1.88,,7,,21.1
156,堡林,2024-03-06 17:00,12.2,,1.5,340,56,1006.3,1014.7,1,1.23,,2,,15.6
156,堡林,2024-03-06 18:00,10.1,,1.4,290,62,1006.9,1015.4,.6,.47,,4,,9.6
156,堡林,2024-03-06 19:00,8.7,,1.6,270,69,1007.8,1016.4,0,.09,,4,,6.3
156,堡林,2024-03-06 20:00,7.6,,1.1,290,75,1008.6,1017.2,,,,5,,4.9
156,堡林,2024-03-06 21:00,6.7,,2,270,81,1009.3,1017.9,,,,6,,3.8
156,堡林,2024-03-06 22:00,6,,1.3,250,89,1009.8,1018.5,,,,0,,2.9
156,堡林,2024-03-06 23:00,5.2,,1.3,270,92,1010.1,1018.8,,,,0,,2.4
156,堡林,2024-03-07 00:00,4.5,,1.5,270,97,1010.3,1019,,,,0,,1.5
156,堡林,2024-03-07 01:00,4.7,,1.6,270,97,1010.5,1019.2,,,,6,,2.9
156,堡林,2024-03-07 02:00,4.4,,1.6,270,97,1010.5,1019.2,,,,2,,3
156,堡林,2024-03-07 03:00,4.1,,1.2,250,97,1010.6,1019.3,,,,8,,3
156,堡林,2024-03-07 04:00,3.9,,1.5,270,97,1010.7,1019.4,,,,9,,2.5
156,堡林,2024-03-07 05:00,3.3,,.9,250,97,1010.4,1019.2,,,,0,,.8
156,堡林,2024-03-07 06:00,3.2,,1,270,97,1010.6,1019.4,,,,7,,.3
156,堡林,2024-03-07 07:00,2.7,,.8,250,97,1011,1019.8,0,.06,,1,,.7
156,堡林,2024-03-07 08:00,3.2,,.8,250,93,1011.5,1020.3,.3,.32,,3,,2
156,堡林,2024-03-07 09:00,4.2,,.7,320,80,1011.5,1020.2,.7,.82,,6,,6.5
156,堡林,2024-03-07 10:00,4.9,,.9,290,69,1010.9,1019.6,.2,1.1,,3,,12.8
156,堡林,2024-03-07 11:00,6.2,,1.9,270,62,1010.8,1019.5,.3,1.48,,8,,16.8
156,堡林,2024-03-07 12:00,7.3,,1.8,320,52,1010.7,1019.3,1,2.35,,7,,22.9
156,堡林,2024-03-07 13:00,7.2,,2,340,52,1010.2,1018.8,.5,1.86,,6,,18.8
156,堡林,2024-03-07 14:00,7.6,,1.8,320,49,1008.8,1017.4,.9,2.24,,8,,22.9
156,堡林,2024-03-07 15:00,7.7,,2.9,290,48,1008.5,1017.1,.7,1.72,,8,,20.1
156,堡林,2024-03-07 16:00,7.2,,2,320,46,1008.8,1017.4,.6,1.41,,7,,18.2
156,堡林,2024-03-07 17:00,6,,2,20,51,1008.9,1017.6,.6,.99,,6,,10.4
156,堡林,2024-03-07 18:00,5.5,,2,320,52,1009,1017.7,1,.55,,1,,5.7
156,堡林,2024-03-07 19:00,4.6,,2.2,340,55,1009.7,1018.4,0,.11,,0,,2.1
156,堡林,2024-03-07 20:00,4,,2,320,58,1009.9,1018.6,,,,0,,.5
156,堡林,2024-03-07 21:00,3.5,,.7,20,61,1010.1,1018.9,,,,0,,-.5
156,堡林,2024-03-07 22:00,3.2,,.8,360,64,1010.4,1019.2,,,,0,,-1.3
156,堡林,2024-03-07 23:00,2.8,,1.6,320,68,1011,1019.8,,,,0,,-.8
156,堡林,2024-03-08 00:00,2.7,,.7,360,69,1011.1,1019.9,,,,0,,-1.1
156,堡林,2024-03-08 01:00,2.6,,.6,50,66,1011.1,1019.9,,,,0,,-1.1
156,堡林,2024-03-08 02:00,2,,.6,110,68,1011.2,1020,,,,0,,-1
156,堡林,2024-03-08 03:00,1.9,,.1,0,72,1010.9,1019.7,,,,0,,-1.4
156,堡林,2024-03-08 04:00,2.3,,.8,230,73,1010.3,1019.1,,,,7,,-1.4
156,堡林,2024-03-08 05:00,1.4,,1.1,200,86,1010.4,1019.2,,,,6,,-1.1
156,堡林,2024-03-08 06:00,1.8,0,.7,200,90,1010.4,1019.2,,,,7,,-.4
156,堡林,2024-03-08 07:00,1.5,,.5,270,93,1010.7,1019.5,0,.06,,2,,-1.4
156,堡林,2024-03-08 08:00,3.2,,1.1,360,84,1011.2,1020,.4,.3,,0,,-.4
156,堡林,2024-03-08 09:00,5,,1.9,340,52,1011.3,1020,1,1.07,,0,,4
156,堡林,2024-03-08 10:00,6.2,,2.3,360,39,1011.4,1020.1,1,1.84,,0,,14.3
156,堡林,2024-03-08 11:00,7.3,,3,340,31,1011.4,1020,1,2.49,,0,,21
156,堡林,2024-03-08 12:00,7.3,,2.8,20,31,1011.6,1020.2,1,2.88,,0,,24.1
156,堡林,2024-03-08 13:00,8.4,,2.8,340,29,1011.4,1020,.9,2.96,,2,,26.9
156,堡林,2024-03-08 14:00,8.1,,3.3,290,31,1011.2,1019.8,1,3.01,,0,,27.5
156,堡林,2024-03-08 15:00,7.8,,3.7,340,32,1011.3,1019.9,1,2.69,,0,,26.7
156,堡林,2024-03-08 16:00,7.1,,3.6,20,39,1011.6,1020.2,1,2.08,,0,,22.2
156,堡林,2024-03-08 17:00,6.1,,2.8,20,46,1011.7,1020.4,.9,1.34,,4,,14.1
156,堡林,2024-03-08 18:00,4.8,,2.7,20,54,1012,1020.7,.2,.37,,6,,6.6
156,堡林,2024-03-08 19:00,4.4,,1.6,360,55,1012,1020.7,0,.09,,5,,3.2
156,堡林,2024-03-08 20:00,3.9,,1.9,340,54,1012.2,1021,,,,5,,1.3
156,堡林,2024-03-08 21:00,3.4,,1.7,360,55,1012.8,1021.6,,,,1,,.4
156,堡林,2024-03-08 22:00,2.7,,1.4,20,58,1013.2,1022,,,,0,,-.5
156,堡林,2024-03-08 23:00,2.3,,1.9,50,59,1013.7,1022.5,,,,0,,-1.3
156,堡林,2024-03-09 00:00,1.8,,2.1,50,60,1014.1,1023,,,,1,,-1.8
156,堡林,2024-03-09 01:00,1.5,,1.5,20,60,1014.5,1023.4,,,,0,,-.9
156,堡林,2024-03-09 02:00,1.4,,1.3,20,59,1014.8,1023.7,,,,0,,-1.6
156,堡林,2024-03-09 03:00,1.3,,2.5,50,57,1014.7,1023.6,,,,0,,-2
156,堡林,2024-03-09 04:00,-.2,,1.3,50,63,1014.7,1023.6,,,,0,,-2.7
156,堡林,2024-03-09 05:00,.2,,.7,50,60,1014.9,1023.8,,,,0,,-3
156,堡林,2024-03-09 06:00,-.1,,.3,0,64,1015.4,1024.3,,,,0,,-3.4
156,堡林,2024-03-09 07:00,-.6,,.2,0,67,1015.6,1024.5,0,.06,,0,,-3.5
156,堡林,2024-03-09 08:00,.3,,.2,0,63,1016.4,1025.3,.5,.34,,0,,-2.1
156,堡林,2024-03-09 09:00,2.5,,.6,270,56,1017.1,1026,1,1.11,,0,,4.2
156,堡林,2024-03-09 10:00,4.1,,.6,70,49,1017.3,1026.1,1,1.86,,0,,14.5
156,堡林,2024-03-09 11:00,4.7,,1.7,270,43,1017,1025.8,1,2.51,,0,,21.3
156,堡林,2024-03-09 12:00,6.8,,1.7,20,38,1016.5,1025.2,1,2.92,,0,,27.6
156,堡林,2024-03-09 13:00,7.2,,1.2,320,34,1015.9,1024.6,1,3.1,,0,,31.6
156,堡林,2024-03-09 14:00,8.6,,1.2,360,35,1015.2,1023.8,1,3.02,,0,,32.2
156,堡林,2024-03-09 15:00,9.1,,1.5,340,35,1015,1023.6,1,2.68,,0,,30.4
156,堡林,2024-03-09 16:00,8.3,,2.6,290,37,1015.2,1023.8,1,2.14,,0,,25.6
156,堡林,2024-03-09 17:00,7.4,,2.1,320,38,1015.3,1024,1,1.45,,0,,17.3
156,堡林,2024-03-09 18:00,5.5,,1.1,320,42,1015.9,1024.6,1,.68,,0,,6.2
156,堡林,2024-03-09 19:00,4.2,,2.1,340,46,1016.9,1025.7,.3,.11,,0,,2.2
156,堡林,2024-03-09 20:00,2.9,,2.1,340,55,1017.7,1026.5,,,,0,,.4
156,堡林,2024-03-09 21:00,2.4,,1.1,340,58,1018.3,1027.2,,,,0,,-1.1
156,堡林,2024-03-09 22:00,1.7,,.3,0,62,1018.6,1027.5,,,,0,,-2.3
156,堡林,2024-03-09 23:00,1.4,,1.3,70,63,1018.9,1027.8,,,,0,,-1.9
156,堡林,2024-03-10 00:00,.8,,1.6,70,66,1019,1027.9,,,,0,,-2.5
156,堡林,2024-03-10 01:00,.3,,1.3,70,69,1019.2,1028.2,,,,0,,-2.8
156,堡林,2024-03-10 02:00,.3,,1,50,71,1019.3,1028.3,,,,0,,-3.1
156,堡林,2024-03-10 03:00,-.3,,1.1,20,77,1019.3,1028.3,,,,0,,-3.4
156,堡林,2024-03-10 04:00,-.7,,.5,20,76,1019.5,1028.5,,,,0,,-3.8
156,堡林,2024-03-10 05:00,-1,,.6,340,79,1019.8,1028.8,,,,0,,-4
156,堡林,2024-03-10 06:00,-1.3,,0,0,78,1020.3,1029.3,,,,0,,-4.2
156,堡林,2024-03-10 07:00,-1.4,,.1,0,80,1020.6,1029.6,0,.06,,0,,-4.2
156,堡林,2024-03-10 08:00,-1,,.5,290,80,1021.3,1030.3,.5,.36,,0,,-2.6
156,堡林,2024-03-10 09:00,2.2,,.8,290,65,1021.9,1030.8,1,1.17,,0,,5.4
156,堡林,2024-03-10 10:00,6,,.9,50,45,1022.1,1030.9,1,1.93,,0,,15.8
156,堡林,2024-03-10 11:00,8,,2,70,29,1022.2,1030.9,1,2.54,,0,,25.1
156,堡林,2024-03-10 12:00,9.2,,.9,340,29,1021.8,1030.5,1,2.95,,0,,31.7
156,堡林,2024-03-10 13:00,10.8,,2.2,200,29,1021.3,1029.9,1,3.09,,0,,34.8
156,堡林,2024-03-10 14:00,12.2,,1.2,320,24,1020.1,1028.6,1,2.99,,0,,35.6
156,堡林,2024-03-10 15:00,12.5,,1.5,320,23,1019.2,1027.7,1,2.68,,0,,34.3
156,堡林,2024-03-10 16:00,12.5,,.9,20,21,1018.5,1027,1,2.1,,0,,29.3
156,堡林,2024-03-10 17:00,12.4,,.8,320,19,1018.2,1026.7,1,1.41,,0,,22.3
156,堡林,2024-03-10 18:00,11.5,,.8,20,26,1018.3,1026.9,1,.63,,0,,9.5
156,堡林,2024-03-10 19:00,9,,1.1,270,40,1019,1027.6,.3,.11,,0,,5.4
156,堡林,2024-03-10 20:00,7.1,,1.3,250,49,1019.7,1028.4,,,,0,,2.8
156,堡林,2024-03-10 21:00,6.1,,.8,250,48,1020.1,1028.9,,,,0,,1.2
156,堡林,2024-03-10 22:00,5.8,,.2,0,50,1020.1,1028.9,,,,6,,.5
156,堡林,2024-03-10 23:00,5.2,,1.2,50,53,1019.4,1028.2,,,,7,,.4
156,堡林,2024-03-11 00:00,4.9,,.4,0,56,1019.2,1028,,,,8,,.5
156,堡林,2024-03-11 01:00,4.6,,.4,0,64,1018.7,1027.5,,,,10,,.6
156,堡林,2024-03-11 02:00,4.1,,.8,70,62,1017.8,1026.6,,,,9,,.4
156,堡林,2024-03-11 03:00,3.8,,.4,0,59,1018.2,1027,,,,7,,-1.3
156,堡林,2024-03-11 04:00,3.7,,.5,270,66,1016.8,1025.6,,,,5,,-1.8
156,堡林,2024-03-11 05:00,2.4,,0,0,67,1016.2,1025,,,,0,,-2
156,堡林,2024-03-11 06:00,2.2,,.4,0,69,1015.5,1024.3,,,,0,,-2.4
156,堡林,2024-03-11 07:00,1.7,,.4,0,70,1014.9,1023.8,0,.06,,0,,-2.6
156,堡林,2024-03-11 08:00,2.4,,.1,0,74,1015.3,1024.1,.5,.4,,8,,0
156,堡林,2024-03-11 09:00,5.4,,.8,50,56,1015.1,1023.8,1,1.14,,7,,10.2
156,堡林,2024-03-11 10:00,8.6,,1.1,200,51,1015.6,1024.2,1,1.71,,9,,18.5
156,堡林,2024-03-11 11:00,10.5,,.7,230,54,1014.2,1022.8,.1,1.34,,9,,20.5
156,堡林,2024-03-11 12:00,12.2,,2,230,53,1013.7,1022.2,.1,1.69,,9,,23.2
156,堡林,2024-03-11 13:00,12.1,,2.5,270,54,1013.2,1021.7,0,1.03,,10,,19
156,堡林,2024-03-11 14:00,12.2,,2,200,58,1011.8,1020.3,0,.74,,10,,17.1
156,堡林,2024-03-11 15:00,12.2,0,1.6,160,57,1010.3,1018.8,0,.56,,10,,14.6
156,堡林,2024-03-11 16:00,12.1,,1.8,230,57,1009.6,1018.1,0,.42,,10,,13.5
156,堡林,2024-03-11 17:00,9.8,,2.5,180,69,1010.3,1018.8,0,.23,,10,,10.1
156,堡林,2024-03-11 18:00,8.5,0,.8,110,84,1009.7,1018.3,0,.15,,10,,8.2
156,堡林,2024-03-11 19:00,8.4,,1.1,90,78,1009.1,1017.7,0,.08,,10,,7.2
156,堡林,2024-03-11 20:00,8.2,,.9,90,81,1009.2,1017.8,,,,10,,6.8
156,堡林,2024-03-11 21:00,7.6,0,.2,0,89,1008.8,1017.4,,,,7,,3.9
156,堡林,2024-03-11 22:00,6.2,,1.6,50,93,1008.4,1017.1,,,,0,,1.8
156,堡林,2024-03-11 23:00,5.8,,.8,110,98,1008,1016.7,,,,0,,.9
156,堡林,2024-03-12 00:00,5.5,,.8,70,99,1007.8,1016.5,,,,0,,.3
156,堡林,2024-03-12 01:00,5,,.2,0,99,1007.7,1016.4,,,,0,,-.2
156,堡林,2024-03-12 02:00,4.7,,.3,0,99,1007.3,1016,,,,0,,-.7
156,堡林,2024-03-12 03:00,3.9,,0,0,99,1006.7,1015.4,,,,0,,-.5
156,堡林,2024-03-12 04:00,3.1,,.1,0,99,1006.4,1015.1,,,,0,,-.8
156,堡林,2024-03-12 05:00,3.3,,.1,0,99,1006.7,1015.4,,,,7,,.1
156,堡林,2024-03-12 06:00,3.7,,.9,70,99,1006.5,1015.2,,,,6,,2
156,堡林,2024-03-12 07:00,3,,.6,270,99,1006.6,1015.3,0,.07,,7,,1.6
156,堡林,2024-03-12 08:00,3.3,,.5,290,99,1006.8,1015.5,0,.23,,9,,4.7
156,堡林,2024-03-12 09:00,4.2,,.7,200,99,1007.6,1016.3,0,.35,,10,,6.9
156,堡林,2024-03-12 10:00,5,,.9,180,99,1007.5,1016.2,0,.39,,10,,7.9
156,堡林,2024-03-12 11:00,6.1,,.8,200,99,1007.7,1016.4,0,.54,,10,,10.4
156,堡林,2024-03-12 12:00,6.8,0,1.5,250,99,1007.5,1016.1,0,.71,,10,,13.4
156,堡林,2024-03-12 13:00,7.5,,.6,270,99,1007.1,1015.7,0,.81,,9,,12.2
156,堡林,2024-03-12 14:00,8.9,,1.3,290,91,1006.5,1015,.1,.92,,9,,14.3
156,堡林,2024-03-12 15:00,8.6,0,2.3,320,83,1006.2,1014.7,.1,1.25,,8,,16.1
156,堡林,2024-03-12 16:00,8.1,,1.7,340,84,1006.7,1015.3,.2,1,,9,,13.9
156,堡林,2024-03-12 17:00,6.9,,1.9,340,94,1007.5,1016.1,0,.2,,9,,9.1
156,堡林,2024-03-12 18:00,6.4,,2.6,320,89,1008.2,1016.8,0,.13,,9,,7.4
156,堡林,2024-03-12 19:00,5.8,,1.7,290,89,1008.9,1017.6,0,.07,,8,,6.1
156,堡林,2024-03-12 20:00,5.2,,1.5,340,88,1009.7,1018.4,,,,2,,2.9
156,堡林,2024-03-12 21:00,4.9,,2,320,89,1010.7,1019.4,,,,1,,1.3
156,堡林,2024-03-12 22:00,4.6,,.7,290,90,1011.4,1020.1,,,,0,,.9
156,堡林,2024-03-12 23:00,4.1,,.5,360,89,1012,1020.7,,,,0,,-.5
156,堡林,2024-03-13 00:00,4.1,,.2,0,91,1011.6,1020.3,,,,0,,-1.3
156,堡林,2024-03-13 01:00,3.6,,.5,250,95,1012,1020.8,,,,0,,-1.8
156,堡林,2024-03-13 02:00,3.1,,.7,250,97,1012.8,1021.6,,,,0,,-1
156,堡林,2024-03-13 03:00,2.1,,.7,200,99,1013.9,1022.7,,,,0,,-1.3
156,堡林,2024-03-13 04:00,1.7,,1.2,200,99,1014.1,1023,,,,0,,-1.7
156,堡林,2024-03-13 05:00,1.6,,1.4,200,99,1013.9,1022.8,,,,0,,-2.1
156,堡林,2024-03-13 06:00,1.5,,.2,0,99,1013.9,1022.8,,,,0,,-2.4
156,堡林,2024-03-13 07:00,1,,.4,0,99,1015.2,1024.1,0,.06,,0,,-2.3
156,堡林,2024-03-13 08:00,1.9,,.4,0,99,1015.2,1024.1,.5,.4,,0,,-.9
156,堡林,2024-03-13 09:00,4.4,,.6,230,89,1015.2,1024,1,1.19,,0,,7
156,堡林,2024-03-13 10:00,6.7,,1,200,77,1015.3,1024,1,1.93,,0,,17.8
156,堡林,2024-03-13 11:00,9.1,,1.3,270,60,1015.3,1023.9,1,2.58,,0,,26.4
156,堡林,2024-03-13 12:00,10.8,,1.2,230,46,1014.9,1023.5,1,3,,0,,32.3
156,堡林,2024-03-13 13:00,11.9,,1.5,320,41,1014,1022.5,1,3.15,,0,,36.7
156,堡林,2024-03-13 14:00,13.4,,2.8,250,38,1013,1021.4,1,3.06,,0,,37.5
156,堡林,2024-03-13 15:00,12.6,,2.9,290,34,1012.6,1021.1,1,2.73,,0,,34.2
156,堡林,2024-03-13 16:00,12.4,,2.5,290,33,1012.4,1020.9,1,2.2,,0,,29.7
156,堡林,2024-03-13 17:00,11.6,,1.8,360,24,1012.5,1021,1,1.51,,0,,23
156,堡林,2024-03-13 18:00,9.9,,2.1,320,35,1012.8,1021.4,1,.7,,4,,9.5
156,堡林,2024-03-13 19:00,7.8,,1.8,320,47,1013.8,1022.4,.1,.1,,4,,5.4
156,堡林,2024-03-13 20:00,7,,.8,20,49,1014.1,1022.8,,,,6,,4.2
156,堡林,2024-03-13 21:00,6,,.2,0,51,1014.2,1022.9,,,,6,,2
156,堡林,2024-03-13 22:00,6.1,,.3,0,51,1014.3,1023,,,,4,,.5
156,堡林,2024-03-13 23:00,5.9,,1.3,270,56,1014.5,1023.2,,,,4,,0
156,堡林,2024-03-14 00:00,4.7,,.8,180,61,1014.5,1023.2,,,,0,,-1
156,堡林,2024-03-14 01:00,4.1,,.7,160,63,1014.6,1023.4,,,,0,,-1.5
156,堡林,2024-03-14 02:00,3.7,,.1,0,70,1014.9,1023.7,,,,0,,-2
156,堡林,2024-03-14 03:00,3,,.6,70,77,1014.6,1023.4,,,,0,,-2.3
156,堡林,2024-03-14 04:00,2.8,,.4,0,78,1014.1,1022.9,,,,0,,-1.6
156,堡林,2024-03-14 05:00,2,,0,0,79,1014.1,1022.9,,,,0,,-2.1
156,堡林,2024-03-14 06:00,1.7,,.8,270,81,1014.5,1023.4,,,,3,,-2.1
156,堡林,2024-03-14 07:00,1.5,,.4,0,86,1014.8,1023.7,0,.06,,7,,-1.5
156,堡林,2024-03-14 08:00,2.3,,.1,0,82,1015.3,1024.1,.4,.35,,3,,.1
156,堡林,2024-03-14 09:00,4.6,,.6,250,74,1015.8,1024.6,1,1,,5,,9.8
156,堡林,2024-03-14 10:00,6.7,,.9,200,63,1015.8,1024.5,1,1.76,,4,,20.2
156,堡林,2024-03-14 11:00,10.7,,1.1,250,54,1015.5,1024.1,1,2.42,,3,,28.9
156,堡林,2024-03-14 12:00,11.7,,1.4,290,46,1015.1,1023.6,1,3.03,,3,,37.4
156,堡林,2024-03-14 13:00,13.5,,1.1,290,39,1014.5,1022.9,1,2.74,,3,,37.9
156,堡林,2024-03-14 14:00,14.9,,1.7,290,34,1013.8,1022.2,.9,2.52,,0,,38.2
156,堡林,2024-03-14 15:00,15.8,,1.3,360,32,1013,1021.4,1,2.61,,0,,36.2
156,堡林,2024-03-14 16:00,15.6,,1.6,290,29,1013,1021.4,1,2.09,,0,,31.7
156,堡林,2024-03-14 17:00,14.7,,1.7,340,31,1013,1021.4,1,1.42,,0,,22.7
156,堡林,2024-03-14 18:00,12.4,,1.9,320,42,1013.3,1021.8,1,.65,,0,,11.9
156,堡林,2024-03-14 19:00,10.5,,1.3,320,51,1014,1022.6,.3,.12,,0,,7.2
156,堡林,2024-03-14 20:00,9.1,,1.2,320,51,1014.8,1023.4,,,,0,,4.7
156,堡林,2024-03-14 21:00,8.3,,.8,270,56,1015.1,1023.7,,,,0,,3.6
156,堡林,2024-03-14 22:00,7.3,,.5,50,59,1015.6,1024.3,,,,0,,1.8
156,堡林,2024-03-14 23:00,6.9,,.3,0,61,1016,1024.7,,,,0,,.6
156,堡林,2024-03-15 00:00,5.8,,.1,0,71,1016.2,1024.9,,,,0,,-.1
156,堡林,2024-03-15 01:00,5.1,,.1,0,79,1016.1,1024.9,,,,0,,-.7
156,堡林,2024-03-15 02:00,4.6,,.3,0,87,1016.3,1025.1,,,,0,,-1.2
156,堡林,2024-03-15 03:00,3.6,,0,0,85,1016,1024.8,,,,0,,-1.7
156,堡林,2024-03-15 04:00,3.2,,.8,70,90,1016.1,1024.9,,,,0,,-1.7
156,堡林,2024-03-15 05:00,2.8,,.1,0,88,1015.8,1024.6,,,,0,,-2
156,堡林,2024-03-15 06:00,2.2,,0,0,88,1016.4,1025.3,,,,0,,-2.2
156,堡林,2024-03-15 07:00,2.1,,.7,270,91,1016.6,1025.5,0,.06,,0,,-2.1
156,堡林,2024-03-15 08:00,2.4,,.5,270,91,1017.3,1026.2,.5,.42,,0,,-.6
156,堡林,2024-03-15 09:00,5.1,,.5,250,79,1018,1026.8,1,1.22,,0,,10.1
156,堡林,2024-03-15 10:00,8,,1.2,200,61,1017.8,1026.5,1,1.98,,0,,21.2
156,堡林,2024-03-15 11:00,11.7,,.8,270,45,1017.6,1026.1,1,2.59,,0,,30.4
156,堡林,2024-03-15 12:00,14.8,,1.2,290,32,1017.1,1025.5,1,3,,0,,36.5
156,堡林,2024-03-15 13:00,16.1,,1.3,290,24,1016.4,1024.8,1,3.2,,0,,40.2
156,堡林,2024-03-15 14:00,17.4,,1.1,250,21,1015.4,1023.7,1,3.1,,0,,40.4
156,堡林,2024-03-15 15:00,19.5,,1.7,290,15,1014.8,1023,1,2.8,,0,,38.3
156,堡林,2024-03-15 16:00,18.1,,1.8,320,15,1014.7,1023,1,2.21,,0,,32.9
156,堡林,2024-03-15 17:00,16.9,,1.6,340,23,1014.9,1023.2,1,1.5,,0,,25.2
156,堡林,2024-03-15 18:00,14.7,,2.2,320,29,1015.3,1023.7,1,.73,,0,,13.5
156,堡林,2024-03-15 19:00,12.8,,1.4,320,35,1015.6,1024.1,.3,.14,,0,,8.3
156,堡林,2024-03-15 20:00,11.5,,.5,20,42,1016.5,1025,,,,0,,5.6
156,堡林,2024-03-15 21:00,10.7,,.6,290,44,1016.8,1025.4,,,,0,,4
156,堡林,2024-03-15 22:00,9.7,,.5,250,45,1017.1,1025.7,,,,0,,2.8
156,堡林,2024-03-15 23:00,8.6,,.3,0,52,1017,1025.6,,,,0,,1.7
156,堡林,2024-03-16 00:00,7.7,,.5,290,60,1016.6,1025.3,,,,0,,1
156,堡林,2024-03-16 01:00,6.7,,.8,270,67,1017.1,1025.8,,,,0,,.7
156,堡林,2024-03-16 02:00,5.7,,.1,0,71,1017.1,1025.9,,,,0,,-.1
156,堡林,2024-03-16 03:00,5.5,,.6,50,73,1016.8,1025.6,,,,0,,-.7
156,堡林,2024-03-16 04:00,4.9,,.9,70,77,1016,1024.8,,,,0,,-1.1
156,堡林,2024-03-16 05:00,4.5,,.1,0,74,1015.4,1024.2,,,,0,,-1.5
156,堡林,2024-03-16 06:00,2.8,,.3,0,87,1015.5,1024.3,,,,0,,-1.6
156,堡林,2024-03-16 07:00,2.9,,.2,0,87,1015.3,1024.1,0,.07,,0,,-1.4
156,堡林,2024-03-16 08:00,4,,0,0,84,1016,1024.8,.6,.45,,6,,1
156,堡林,2024-03-16 09:00,7,,.3,0,65,1016.4,1025.1,1,1.22,,5,,12
156,堡林,2024-03-16 10:00,10.8,,1,50,45,1015.3,1023.9,1,1.93,,5,,25.4
156,堡林,2024-03-16 11:00,14.4,,1.1,50,34,1014.3,1022.7,1,2.56,,0,,33.6
156,堡林,2024-03-16 12:00,17.5,,1.6,250,25,1013.6,1021.9,1,3.07,,2,,40.3
156,堡林,2024-03-16 13:00,18.5,,2.7,270,27,1012.8,1021,1,3.07,,7,,37.1
156,堡林,2024-03-16 14:00,20.7,,2.7,250,35,1011.7,1019.9,1,3.07,,0,,43.2
156,堡林,2024-03-16 15:00,20.4,,2.7,230,33,1011,1019.2,1,2.71,,7,,39.7
156,堡林,2024-03-16 16:00,19.5,,2.5,250,36,1010.5,1018.7,.4,1.29,,9,,27.7
156,堡林,2024-03-16 17:00,17.9,,3.2,270,41,1010.4,1018.7,0,.4,,10,,20.2
156,堡林,2024-03-16 18:00,16.4,,2.8,270,37,1010.3,1018.6,0,.28,,10,,16.7
156,堡林,2024-03-16 19:00,15.2,,3.1,270,36,1010.9,1019.3,0,.07,,10,,14.2
156,堡林,2024-03-16 20:00,13.6,,2.6,270,43,1011.5,1019.9,,,,10,,12.7
156,堡林,2024-03-16 21:00,12.2,0,1.8,250,58,1012.1,1020.6,,,,10,,10.5
156,堡林,2024-03-16 22:00,10.9,,.8,270,76,1012.2,1020.7,,,,10,,10.4
156,堡林,2024-03-16 23:00,9.9,,.1,0,90,1011.5,1020.1,,,,10,,10.2
156,堡林,2024-03-17 00:00,9,.2,.7,90,99,1011,1019.6,,,,10,,9.9
156,堡林,2024-03-17 01:00,9.3,,.1,0,99,1010.3,1018.8,,,,6,,10.1
156,堡林,2024-03-17 02:00,9.3,,.9,70,99,1010.1,1018.6,,,,6,,9.9
156,堡林,2024-03-17 03:00,9.3,0,.9,90,99,1009,1017.5,,,,6,,9.9
156,堡林,2024-03-17 04:00,9.2,,.2,0,99,1008.4,1016.9,,,,8,,8.1
156,堡林,2024-03-17 05:00,9.6,,.8,50,99,1008.3,1016.8,,,,10,,9.7
156,堡林,2024-03-17 06:00,9.8,,.1,0,99,1008.9,1017.4,,,,9,,9.8
156,堡林,2024-03-17 07:00,10,,.3,0,99,1008.7,1017.2,0,.07,,9,,9.9
156,堡林,2024-03-17 08:00,10.9,,.2,0,99,1008.5,1017,0,.19,,9,,11.7
156,堡林,2024-03-17 09:00,11.8,,1,270,98,1008.5,1017,0,.52,,9,,15.2
156,堡林,2024-03-17 10:00,12,,1.7,340,99,1008.9,1017.4,.1,.77,,9,,16.8
156,堡林,2024-03-17 11:00,13.4,,1.5,320,86,1008.3,1016.7,.5,1.54,,9,,22.4
156,堡林,2024-03-17 12:00,14.3,,1.8,20,75,1008.1,1016.5,.8,2.42,,8,,32.5
156,堡林,2024-03-17 13:00,13.6,,2.7,340,67,1008.5,1016.9,.9,2.47,,1,,34.9
156,堡林,2024-03-17 14:00,13.9,,2.8,360,37,1008.1,1016.5,1,2.79,,8,,35.2
156,堡林,2024-03-17 15:00,13.5,,1.6,320,36,1007.9,1016.3,1,2.54,,8,,32.3
156,堡林,2024-03-17 16:00,11.8,,1.6,320,46,1007.9,1016.4,.6,1.54,,9,,22.6
156,堡林,2024-03-17 17:00,10.3,,2.4,340,46,1007.2,1015.7,.6,1,,8,,18.4
156,堡林,2024-03-17 18:00,8.5,,1.3,20,52,1008.7,1017.3,.5,.56,,8,,11.8
156,堡林,2024-03-17 19:00,7.2,,1.8,50,58,1009.9,1018.5,0,.11,,8,,7.9
156,堡林,2024-03-17 20:00,6.6,,1.8,20,60,1010.9,1019.6,,,,3,,6.1
156,堡林,2024-03-17 21:00,6.2,,2.2,50,62,1011.9,1020.6,,,,0,,4.3
156,堡林,2024-03-17 22:00,5.8,,2.7,50,63,1012.3,1021,,,,2,,3.6
156,堡林,2024-03-17 23:00,5.5,,1.2,20,67,1012.8,1021.5,,,,0,,2.5
156,堡林,2024-03-18 00:00,4.9,,.7,340,73,1013.8,1022.6,,,,0,,1.5
156,堡林,2024-03-18 01:00,4.5,,1.2,50,73,1013.8,1022.5,,,,0,,1
156,堡林,2024-03-18 02:00,4,,.5,90,77,1013.5,1022.3,,,,2,,.2
156,堡林,2024-03-18 03:00,3.2,,1.7,70,76,1013.6,1022.4,,,,0,,-.5
156,堡林,2024-03-18 04:00,3.1,,1.3,50,71,1013.8,1022.6,,,,0,,-1.2
156,堡林,2024-03-18 05:00,2.8,,.9,70,69,1014.3,1023.1,,,,0,,-1.7
156,堡林,2024-03-18 06:00,2.3,,1.9,70,69,1014.1,1022.9,,,,2,,-1.6
156,堡林,2024-03-18 07:00,2.1,,1.3,70,73,1015.2,1024,0,.08,,0,,-1.3
156,堡林,2024-03-18 08:00,3.6,,1.5,50,64,1015.9,1024.7,.7,.47,,0,,.8
156,堡林,2024-03-18 09:00,5.9,,2,70,52,1016,1024.7,1,1.28,,0,,12.2
156,堡林,2024-03-18 10:00,8.4,,1.3,70,44,1015.6,1024.2,1,2.03,,0,,22.6
156,堡林,2024-03-18 11:00,11.1,,.7,250,39,1015.3,1023.9,1,2.63,,0,,31.2
156,堡林,2024-03-18 12:00,12.5,,.8,70,32,1014.6,1023.1,1,3.01,,0,,37
156,堡林,2024-03-18 13:00,14.2,,1.4,230,23,1013.5,1021.9,1,3.16,,4,,40.3
156,堡林,2024-03-18 14:00,15.6,,1.5,250,21,1012.2,1020.6,1,3.02,,3,,39.8
156,堡林,2024-03-18 15:00,16.6,,1.4,270,19,1012.1,1020.4,1,2.71,,1,,37.3
156,堡林,2024-03-18 16:00,17.1,,2.1,250,20,1011.5,1019.8,1,2.13,,4,,31.9
156,堡林,2024-03-18 17:00,15.4,,1.8,290,29,1010.9,1019.3,.6,1.07,,7,,21.5
156,堡林,2024-03-18 18:00,12.9,,2.1,270,36,1011.7,1020.1,0,.39,,9,,15
156,堡林,2024-03-18 19:00,11.1,,1.9,270,42,1012.1,1020.6,0,.1,,9,,10.6
156,堡林,2024-03-18 20:00,10.1,,1.3,270,37,1012.8,1021.4,,,,10,,8.9
156,堡林,2024-03-18 21:00,9.5,,1.6,270,38,1012.9,1021.5,,,,9,,8.3
156,堡林,2024-03-18 22:00,8.6,,1.7,230,45,1013.4,1022,,,,10,,7.7
156,堡林,2024-03-18 23:00,7.9,,1,200,48,1013.2,1021.8,,,,10,,7
156,堡林,2024-03-19 00:00,7.6,,1.3,230,52,1013.4,1022,,,,9,,6.5
156,堡林,2024-03-19 01:00,7.3,,1.4,230,50,1013.4,1022.1,,,,10,,6.1
156,堡林,2024-03-19 02:00,7.4,,.9,270,47,1012.9,1021.5,,,,10,,5.7
156,堡林,2024-03-19 03:00,6.8,,1.8,270,55,1012.8,1021.5,,,,10,,5.7
156,堡林,2024-03-19 04:00,6.7,,1.7,230,58,1012.2,1020.9,,,,10,,5.9
156,堡林,2024-03-19 05:00,6.6,,.9,250,60,1012.2,1020.9,,,,10,,5.6
156,堡林,2024-03-19 06:00,6.3,,.5,160,66,1011.9,1020.6,,,,10,,5.6
156,堡林,2024-03-19 07:00,6.9,,.5,140,62,1011.6,1020.3,0,.06,,10,,6.3
156,堡林,2024-03-19 08:00,8,,.7,230,51,1011.3,1019.9,0,.24,,10,,8.7
156,堡林,2024-03-19 09:00,8.4,,.9,270,58,1011.5,1020.1,0,.56,,10,,12.7
156,堡林,2024-03-19 10:00,10.6,,1.6,200,58,1010.5,1019,.1,.98,,7,,17.6
156,堡林,2024-03-19 11:00,13.7,,4.9,270,42,1009.8,1018.2,.8,2.28,,3,,31.2
156,堡林,2024-03-19 12:00,14.1,,4.4,250,38,1008.6,1017,.9,2.33,,5,,29.7
156,堡林,2024-03-19 13:00,12.5,,6.4,270,51,1008.3,1016.7,.4,1.68,,6,,24.3
156,堡林,2024-03-19 14:00,10.6,,4.5,270,66,1007.9,1016.4,0,.34,,9,,14.2
156,堡林,2024-03-19 15:00,10.9,,3.4,290,63,1007.6,1016.1,.1,.58,,9,,17.5
156,堡林,2024-03-19 16:00,11.9,,4.5,270,49,1007.3,1015.8,.9,1.89,,4,,23.8
156,堡林,2024-03-19 17:00,10.1,,2.4,290,51,1008.2,1016.7,.7,1.02,,3,,16.7
156,堡林,2024-03-19 18:00,8.3,,3.1,340,55,1009,1017.6,1,.69,,0,,10.8
156,堡林,2024-03-19 19:00,7,,2.4,290,60,1009.8,1018.4,0,.12,,3,,6.7
156,堡林,2024-03-19 20:00,6.2,,2.8,320,62,1010.9,1019.6,,,,5,,6.1
156,堡林,2024-03-19 21:00,5.6,,2.5,320,61,1011.6,1020.3,,,,2,,4.1
156,堡林,2024-03-19 22:00,5.4,,1.5,360,60,1011.7,1020.4,,,,5,,3.1
156,堡林,2024-03-19 23:00,5.1,,2.5,360,58,1012.1,1020.8,,,,5,,2.4
156,堡林,2024-03-20 00:00,4.8,,1.1,20,55,1011.5,1020.2,,,,0,,1.3
156,堡林,2024-03-20 01:00,4.6,,1.5,290,59,1011.7,1020.4,,,,0,,1
156,堡林,2024-03-20 02:00,4.5,,1.1,290,61,1011.7,1020.4,,,,0,,.7
156,堡林,2024-03-20 03:00,4.3,,1.3,320,64,1012.1,1020.8,,,,0,,.8
156,堡林,2024-03-20 04:00,4.4,,.7,320,66,1011.9,1020.6,,,,3,,1.3
156,堡林,2024-03-20 05:00,4.8,,1.7,360,63,1012.4,1021.1,,,,2,,1.6
156,堡林,2024-03-20 06:00,4.7,,1.4,20,58,1013,1021.7,,,,0,,.9
156,堡林,2024-03-20 07:00,4.4,,1.3,20,57,1013.6,1022.3,0,.07,,0,,.3
156,堡林,2024-03-20 08:00,4.9,,1.9,360,56,1014.5,1023.3,.5,.42,,0,,2.2
156,堡林,2024-03-20 09:00,6,,1.8,360,49,1014.9,1023.6,.9,1.23,,2,,10.6
156,堡林,2024-03-20 10:00,7.3,,2,360,41,1015.2,1023.9,.7,1.33,,4,,19.4
156,堡林,2024-03-20 11:00,7.8,,3.2,20,36,1015,1023.6,.8,2.15,,6,,25.5
156,堡林,2024-03-20 12:00,7.8,,2.4,320,32,1014.7,1023.3,.7,2.2,,6,,25
156,堡林,2024-03-20 13:00,9.5,,2.2,340,28,1014.2,1022.8,1,3.3,,3,,36.9
156,堡林,2024-03-20 14:00,8.3,,2.7,340,32,1013.7,1022.3,1,3.11,,3,,30.3
156,堡林,2024-03-20 15:00,8.4,,2.8,360,29,1013,1021.6,1,2.75,,0,,30.6
156,堡林,2024-03-20 16:00,8.5,,2.9,320,34,1012.9,1021.5,1,2.37,,0,,27.5
156,堡林,2024-03-20 17:00,7.5,,2.6,320,37,1012.9,1021.5,1,1.6,,0,,19.8
156,堡林,2024-03-20 18:00,5.8,,2.5,320,40,1013,1021.7,1,.82,,0,,8.6
156,堡林,2024-03-20 19:00,4.6,,1.6,320,49,1013.3,1022,.4,.15,,0,,4.1
156,堡林,2024-03-20 20:00,3.9,,1.4,50,53,1013.5,1022.3,,,,0,,2.1
156,堡林,2024-03-20 21:00,3.5,,.6,50,58,1014,1022.8,,,,0,,1
156,堡林,2024-03-20 22:00,3.4,,1.2,50,61,1014.2,1023,,,,0,,.3
156,堡林,2024-03-20 23:00,3.2,,.8,50,63,1013.9,1022.7,,,,0,,-.1
156,堡林,2024-03-21 00:00,2.9,,1.2,50,64,1013.6,1022.4,,,,0,,-.7
156,堡林,2024-03-21 01:00,2.8,,.9,50,66,1013.3,1022.1,,,,0,,-1.4
156,堡林,2024-03-21 02:00,2.5,,.5,50,69,1013.3,1022.1,,,,0,,-2.2
156,堡林,2024-03-21 03:00,2,,.7,320,72,1013.1,1021.9,,,,0,,-2.6
156,堡林,2024-03-21 04:00,1.7,,.3,0,74,1012.5,1021.3,,,,0,,-3.1
156,堡林,2024-03-21 05:00,1.5,,.3,0,77,1012.3,1021.1,,,,1,,-3.3
156,堡林,2024-03-21 06:00,.7,,.4,0,82,1012,1020.9,,,,0,,-3.3
156,堡林,2024-03-21 07:00,1.1,,.6,270,83,1012.3,1021.2,0,.08,,0,,-2.9
156,堡林,2024-03-21 08:00,1.5,,.5,250,86,1012.6,1021.4,.7,.53,,0,,-.8
156,堡林,2024-03-21 09:00,4.3,,.8,70,64,1013,1021.7,1,1.37,,0,,13.3
156,堡林,2024-03-21 10:00,4.9,,1.7,50,55,1013,1021.7,1,1.85,,0,,17.1
156,堡林,2024-03-21 11:00,6.9,,1,320,49,1012.7,1021.4,1,2.67,,1,,30.8
156,堡林,2024-03-21 12:00,9.1,,1.4,250,42,1012.3,1020.9,1,3.14,,2,,36.6
156,堡林,2024-03-21 13:00,10.6,,1.3,250,38,1011.6,1020.1,1,3.19,,0,,39
156,堡林,2024-03-21 14:00,11.2,,2,200,38,1010.3,1018.8,1,3.17,,0,,38.8
156,堡林,2024-03-21 15:00,12.3,,1.7,200,32,1009.7,1018.2,1,2.82,,0,,36.8
156,堡林,2024-03-21 16:00,12.1,,1.8,230,32,1009.1,1017.6,1,2.26,,0,,31.6
156,堡林,2024-03-21 17:00,12.2,,2.1,250,35,1008.7,1017.2,1,1.54,,0,,24
156,堡林,2024-03-21 18:00,10.7,,1.1,340,39,1008.2,1016.7,1,.74,,0,,12.8
156,堡林,2024-03-21 19:00,9.5,,.7,340,43,1008.5,1017,.4,.14,,0,,7
156,堡林,2024-03-21 20:00,9.1,,.4,0,44,1008.6,1017.1,,,,4,,4.6
156,堡林,2024-03-21 21:00,8,,.8,230,50,1008.9,1017.5,,,,2,,3.4
156,堡林,2024-03-21 22:00,7.2,,.9,230,54,1009.4,1018,,,,0,,2.4
156,堡林,2024-03-21 23:00,6.7,,1.4,230,55,1010.1,1018.8,,,,6,,2.2
156,堡林,2024-03-22 00:00,6.6,,1.2,230,58,1010.7,1019.4,,,,7,,2.3
156,堡林,2024-03-22 01:00,5.9,,.8,230,61,1010.9,1019.6,,,,5,,1.3
156,堡林,2024-03-22 02:00,5.3,,1.1,90,65,1010.3,1019,,,,5,,.8
156,堡林,2024-03-22 03:00,4.9,,.9,70,67,1009.6,1018.3,,,,5,,.1
156,堡林,2024-03-22 04:00,4,,.2,0,73,1009.1,1017.8,,,,6,,-.3
156,堡林,2024-03-22 05:00,4.9,,1.4,50,68,1008.5,1017.2,,,,8,,.8
156,堡林,2024-03-22 06:00,5.7,,.7,70,70,1008.6,1017.3,,,,9,,2.1
156,堡林,2024-03-22 07:00,5.7,,.7,290,75,1008.7,1017.4,0,.08,,5,,1.4
156,堡林,2024-03-22 08:00,8.8,,2.3,200,72,1008.2,1016.8,.5,.43,,2,,5.3
156,堡林,2024-03-22 09:00,10.8,,3.6,160,56,1008.2,1016.7,1,1.26,,2,,15.8
156,堡林,2024-03-22 10:00,13.2,,4.3,180,51,1008,1016.4,1,2.11,,2,,26.4
156,堡林,2024-03-22 11:00,14.9,,3.7,180,47,1007.7,1016.1,.9,2.58,,3,,33.8
156,堡林,2024-03-22 12:00,14.9,,4.8,180,51,1007.6,1016,.7,2.34,,8,,29.8
156,堡林,2024-03-22 13:00,15.9,,5.9,180,48,1006.4,1014.7,.7,2.94,,3,,37.4
156,堡林,2024-03-22 14:00,16.3,,4.7,180,48,1004.8,1013.1,.7,2.3,,6,,29.8
156,堡林,2024-03-22 15:00,15.7,,4.5,200,52,1004,1012.3,.1,1.12,,10,,23.6
156,堡林,2024-03-22 16:00,15,,3.7,200,58,1003.9,1012.2,0,.53,,10,,17.4
156,堡林,2024-03-22 17:00,13.8,,4.5,180,72,1003.4,1011.7,0,.2,,10,,14.6
156,堡林,2024-03-22 18:00,13.1,0,4.6,200,87,1003.2,1011.6,0,.09,,10,,12.2
156,堡林,2024-03-22 19:00,12.2,,2.9,200,98,1003.7,1012.1,0,.06,,10,,11.8
156,堡林,2024-03-22 20:00,11.9,,2.5,200,99,1003.3,1011.7,,,,10,,11.7
156,堡林,2024-03-22 21:00,12.4,1,2.3,200,99,1003,1011.4,,,,10,,11.9
156,堡林,2024-03-22 22:00,13.1,,.9,270,99,1003.4,1011.8,,,,10,,12.1
156,堡林,2024-03-22 23:00,13.2,,2.4,200,99,1003.3,1011.7,,,,10,,12.3
156,堡林,2024-03-23 00:00,13.7,.2,2.5,230,99,1003,1011.3,,,,10,,12.5
156,堡林,2024-03-23 01:00,14.6,,2.1,250,99,1003.1,1011.4,,,,9,,12.6
156,堡林,2024-03-23 02:00,14.3,,2.3,230,99,1003.1,1011.4,,,,9,,12.5
156,堡林,2024-03-23 03:00,14.2,,2,250,99,1003.3,1011.6,,,,9,,12.5
156,堡林,2024-03-23 04:00,13.8,,1.9,270,99,1003.5,1011.8,,,,9,,12.3
156,堡林,2024-03-23 05:00,13.7,,1.3,270,99,1004.1,1012.5,,,,9,,12.1
156,堡林,2024-03-23 06:00,13.5,,1,270,99,1004.8,1013.2,,,,9,,11.8
156,堡林,2024-03-23 07:00,13.4,,.2,0,99,1005.6,1014,0,.07,,7,,11.5
156,堡林,2024-03-23 08:00,13.6,,.6,250,99,1006.3,1014.7,0,.4,,4,,13.7
156,堡林,2024-03-23 09:00,14.2,,.3,0,98,1007,1015.4,.6,.97,,4,,19.4
156,堡林,2024-03-23 10:00,16,,.6,90,85,1007.6,1015.9,.9,1.9,,1,,26.7
156,堡林,2024-03-23 11:00,18.3,,.8,70,68,1007.7,1015.9,1,2.61,,0,,33.1
156,堡林,2024-03-23 12:00,20.7,,2,70,41,1007.3,1015.5,1,2.98,,2,,39.3
156,堡林,2024-03-23 13:00,21.5,,2.6,70,32,1006.7,1014.8,1,3.08,,6,,40.9
156,堡林,2024-03-23 14:00,22.7,,1.7,50,26,1005.7,1013.8,1,2.9,,7,,42.5
156,堡林,2024-03-23 15:00,22.6,,1.6,50,22,1005,1013.1,1,2.64,,8,,39
156,堡林,2024-03-23 16:00,23.2,,1.2,50,26,1004.9,1012.9,1,1.81,,6,,36.6
156,堡林,2024-03-23 17:00,22.3,,.9,50,26,1005.1,1013.2,.9,1.18,,6,,25.8
156,堡林,2024-03-23 18:00,20.9,,1.5,20,28,1005.2,1013.3,.4,.49,,8,,19.9
156,堡林,2024-03-23 19:00,19.5,,.4,0,33,1005.8,1013.9,0,.12,,10,,16.1
156,堡林,2024-03-23 20:00,18.2,,1.2,200,50,1007,1015.2,,,,10,,14.6
156,堡林,2024-03-23 21:00,17.1,,.6,110,63,1006.9,1015.2,,,,9,,13.9
156,堡林,2024-03-23 22:00,16.7,,.2,0,53,1007.3,1015.6,,,,9,,12.6
156,堡林,2024-03-23 23:00,16.3,,.7,270,59,1007.8,1016.1,,,,10,,12.9
156,堡林,2024-03-24 00:00,15.6,0,.8,230,69,1007.6,1015.9,,,,10,,13.2
156,堡林,2024-03-24 01:00,12.7,,1.7,70,99,1006.5,1014.9,,,,10,,12.7
156,堡林,2024-03-24 02:00,13.8,,1.4,270,99,1006.9,1015.3,,,,10,,12.6
156,堡林,2024-03-24 03:00,13.2,1.3,1.5,50,99,1006.7,1015.1,,,,10,,12.5
156,堡林,2024-03-24 04:00,12.8,,.9,320,99,1006.7,1015.1,,,,10,,12.5
156,堡林,2024-03-24 05:00,12.4,,.7,20,99,1006.7,1015.1,,,,10,,12.4
156,堡林,2024-03-24 06:00,12.5,3.9,.5,90,99,1007.4,1015.8,,,,10,,12.5
156,堡林,2024-03-24 07:00,12.6,,.5,200,99,1007.7,1016.1,0,.06,,10,,12.6
156,堡林,2024-03-24 08:00,13,,.2,0,99,1008.3,1016.7,0,.13,,10,,13.4
156,堡林,2024-03-24 09:00,13.4,.7,.1,0,99,1008.6,1017,0,.25,,10,,14.3
156,堡林,2024-03-24 10:00,13.5,,2.4,70,99,1008.5,1016.9,0,.41,,10,,15.5
156,堡林,2024-03-24 11:00,13.7,,1.2,50,96,1009,1017.4,0,.42,,10,,15.6
156,堡林,2024-03-24 12:00,14.1,0,.7,50,92,1009,1017.4,0,.46,,10,,16.4
156,堡林,2024-03-24 13:00,13.9,,1.3,70,93,1008.1,1016.5,0,.41,,10,,16
156,堡林,2024-03-24 14:00,12.7,,2.3,70,99,1007.2,1015.6,0,.5,,10,,16.1
156,堡林,2024-03-24 15:00,13.1,.8,2.4,70,99,1006.8,1015.2,0,.5,,10,,16.6
156,堡林,2024-03-24 16:00,12.9,,2.1,70,99,1006.8,1015.2,0,.51,,10,,16.1
156,堡林,2024-03-24 17:00,12.7,,2,70,99,1006.6,1015,0,.32,,10,,14.9
156,堡林,2024-03-24 18:00,12.1,.9,1.2,70,99,1006.7,1015.1,0,.18,,10,,13.9
156,堡林,2024-03-24 19:00,12.1,,.4,0,99,1006.9,1015.3,0,.07,,10,,13.1
156,堡林,2024-03-24 20:00,11.5,,1.3,200,99,1007.4,1015.9,,,,10,,12.4
156,堡林,2024-03-24 21:00,11.8,0,.4,0,99,1008.2,1016.7,,,,9,,12.3
156,堡林,2024-03-24 22:00,11.4,,1.5,70,99,1008.3,1016.8,,,,9,,12
156,堡林,2024-03-24 23:00,11.7,,2.1,70,98,1008.4,1016.9,,,,9,,11.7
156,堡林,2024-03-25 00:00,11.5,,1.6,70,98,1008.5,1017,,,,9,,11.6
156,堡林,2024-03-25 01:00,11.4,,2,70,98,1008.2,1016.7,,,,10,,11.5
156,堡林,2024-03-25 02:00,11.3,,2.1,70,98,1007,1015.5,,,,10,,11.3
156,堡林,2024-03-25 03:00,11.4,,.9,50,98,1006.5,1015,,,,8,,11.4
156,堡林,2024-03-25 04:00,11.4,,1.1,50,98,1006.4,1014.9,,,,10,,11.2
156,堡林,2024-03-25 05:00,11.3,,.6,70,98,1006.3,1014.8,,,,9,,11.2
156,堡林,2024-03-25 06:00,11.5,,.4,0,98,1006.6,1015.1,,,,10,,11.3
156,堡林,2024-03-25 07:00,11.5,,.7,50,97,1006.9,1015.4,0,.07,,10,,11.5
156,堡林,2024-03-25 08:00,12.1,,.8,90,95,1006.7,1015.1,0,.23,,9,,13.3
156,堡林,2024-03-25 09:00,13.2,,1.3,50,90,1006.3,1014.7,0,.63,,9,,16.3
156,堡林,2024-03-25 10:00,14.2,,1.8,70,80,1006.3,1014.7,0,.69,,9,,17.4
156,堡林,2024-03-25 11:00,14.3,,1.4,50,76,1006,1014.3,0,.64,,10,,16.6
156,堡林,2024-03-25 12:00,12.5,.4,.5,50,98,1006.8,1015.2,0,.34,,10,,14.6
156,堡林,2024-03-25 13:00,11.7,,1.1,50,99,1004.4,1012.8,0,.34,,10,,15
156,堡林,2024-03-25 14:00,11.8,,1.2,90,99,1003.4,1011.8,0,.49,,10,,14.7
156,堡林,2024-03-25 15:00,11.9,5.6,.6,50,99,1002.8,1011.2,0,.22,,10,,13.9
156,堡林,2024-03-25 16:00,11.4,,1.6,70,99,1002.8,1011.2,0,.17,,10,,13.1
156,堡林,2024-03-25 17:00,10.6,,2.8,70,99,1002.8,1011.3,0,.13,,10,,12.1
156,堡林,2024-03-25 18:00,10,9.7,3.5,70,99,1003.3,1011.8,0,.11,,10,,11.4
156,堡林,2024-03-25 19:00,9.5,,3.8,70,99,1003.5,1012,0,.08,,10,,10.8
156,堡林,2024-03-25 20:00,9.3,,3.6,70,99,1003.5,1012,,,,10,,10.4
156,堡林,2024-03-25 21:00,9.1,.5,3.3,70,99,1003.2,1011.7,,,,10,,10.2
156,堡林,2024-03-25 22:00,9.3,,1.6,70,99,1003,1011.5,,,,10,,10.1
156,堡林,2024-03-25 23:00,9.1,,1.3,70,99,1003.1,1011.6,,,,10,,9.9
156,堡林,2024-03-26 00:00,8.7,2.8,1.7,70,99,1001.9,1010.4,,,,10,,9.6
156,堡林,2024-03-26 01:00,8.4,,2.1,70,99,1001,1009.5,,,,10,,9.5
156,堡林,2024-03-26 02:00,8.2,,1.3,20,99,1000.5,1009,,,,10,,9.3
156,堡林,2024-03-26 03:00,7.7,9.7,.7,50,99,1002.2,1010.7,,,,10,,8.8
156,堡林,2024-03-26 04:00,7.7,,1.8,70,99,1003,1011.6,,,,10,,8.6
156,堡林,2024-03-26 05:00,7.6,,1.4,50,99,1002.5,1011,,,,10,,8.3
156,堡林,2024-03-26 06:00,7.7,8.5,2.2,50,99,1004.2,1012.8,,,,10,,8.3
156,堡林,2024-03-26 07:00,7.7,,1.3,50,99,1005.1,1013.7,0,.07,,10,,8.3
156,堡林,2024-03-26 08:00,8.3,,1,50,99,1006,1014.6,0,.21,,10,,10.2
156,堡林,2024-03-26 09:00,9.2,4.3,1.8,70,99,1006.6,1015.1,0,.68,,9,,14
156,堡林,2024-03-26 10:00,8.7,,1.3,340,99,1008.4,1017,0,.55,,10,,12.3
156,堡林,2024-03-26 11:00,9,,.7,290,99,1009.3,1017.9,0,.58,,10,,13.5
156,堡林,2024-03-26 12:00,8.8,.3,.5,20,99,1010,1018.6,0,.54,,10,,14
156,堡林,2024-03-26 13:00,9.1,,.9,340,99,1010.6,1019.2,0,.96,,10,,14.7
156,堡林,2024-03-26 14:00,10.3,,1.5,320,97,1010.7,1019.2,0,1.26,,9,,19.4
156,堡林,2024-03-26 15:00,11.9,.2,1,270,89,1011.2,1019.7,0,1.44,,9,,20.3
156,堡林,2024-03-26 16:00,11.9,,.6,320,83,1011.2,1019.7,0,.97,,9,,17.1
156,堡林,2024-03-26 17:00,11.5,,1.1,320,85,1011.6,1020.1,.1,.51,,9,,15
156,堡林,2024-03-26 18:00,10.7,,1,320,90,1012.2,1020.7,0,.25,,7,,12.3
156,堡林,2024-03-26 19:00,10.3,,1,290,90,1013.3,1021.9,.1,.15,,10,,10.8
156,堡林,2024-03-26 20:00,8.3,,.6,290,98,1014.1,1022.7,,,,6,,7.7
156,堡林,2024-03-26 21:00,7.4,,.1,0,99,1014.5,1023.2,,,,1,,6.3
156,堡林,2024-03-26 22:00,7.6,,1.2,270,99,1015.3,1024,,,,4,,5.7
156,堡林,2024-03-26 23:00,6.5,,1.2,230,99,1016,1024.7,,,,6,,5.2
156,堡林,2024-03-27 00:00,6,,.8,230,99,1016,1024.7,,,,0,,4.5
156,堡林,2024-03-27 01:00,6.4,,.3,0,99,1016,1024.7,,,,0,,4.1
156,堡林,2024-03-27 02:00,6,,.9,250,99,1016.4,1025.1,,,,6,,5.1
156,堡林,2024-03-27 03:00,6.3,,.1,0,99,1016.1,1024.8,,,,8,,6.5
156,堡林,2024-03-27 04:00,6.3,,.6,50,99,1016,1024.7,,,,9,,7.2
156,堡林,2024-03-27 05:00,6,,.7,50,99,1016.2,1024.9,,,,10,,7.4
156,堡林,2024-03-27 06:00,5.9,,.4,0,99,1016.7,1025.4,,,,10,,7.5
156,堡林,2024-03-27 07:00,5.2,,1.6,70,99,1016.4,1025.2,0,.08,,10,,7.6
156,堡林,2024-03-27 08:00,5.2,,1.2,50,99,1017.2,1026,0,.22,,10,,8.7
156,堡林,2024-03-27 09:00,6.3,,1,50,99,1017.3,1026,0,.48,,9,,11.6
156,堡林,2024-03-27 10:00,7.8,,.9,70,99,1017.1,1025.8,.2,1.36,,3,,19.9
156,堡林,2024-03-27 11:00,11,,.5,360,89,1016.7,1025.3,1,2.63,,7,,25.6
156,堡林,2024-03-27 12:00,13.2,,.8,320,80,1016.1,1024.6,1,2.9,,6,,28.5
156,堡林,2024-03-27 13:00,15,,1,250,70,1015.1,1023.5,1,2.83,,8,,28.3
156,堡林,2024-03-27 14:00,15.4,,.9,270,69,1014.4,1022.8,.1,1.6,,9,,22.8
156,堡林,2024-03-27 15:00,15.6,,2,270,70,1014.3,1022.7,0,1.32,,9,,21.4
156,堡林,2024-03-27 16:00,15.2,,2.7,270,70,1014,1022.4,0,.81,,9,,18.2
156,堡林,2024-03-27 17:00,14.8,,1.6,250,74,1013.4,1021.8,0,.53,,10,,16.6
156,堡林,2024-03-27 18:00,13.6,,1.4,250,78,1013.2,1021.6,0,.36,,10,,14.2
156,堡林,2024-03-27 19:00,12.8,,2,230,78,1012.8,1021.3,0,.1,,10,,12
156,堡林,2024-03-27 20:00,12.4,,1.8,200,78,1012.5,1021,,,,10,,11
156,堡林,2024-03-27 21:00,11.8,,.7,160,83,1012.1,1020.6,,,,10,,10.5
156,堡林,2024-03-27 22:00,11.7,,1.7,200,84,1011.9,1020.4,,,,10,,10.1
156,堡林,2024-03-27 23:00,11.5,,1,20,85,1011.2,1019.7,,,,10,,10
156,堡林,2024-03-28 00:00,11.3,,1,50,86,1010.5,1019,,,,9,,9.9
156,堡林,2024-03-28 01:00,10.8,,.2,0,90,1010,1018.5,,,,10,,9.5
156,堡林,2024-03-28 02:00,10.8,,1.7,250,86,1010.1,1018.6,,,,10,,9.3
156,堡林,2024-03-28 03:00,11.1,,1.2,180,72,1009,1017.5,,,,10,,9.2
156,堡林,2024-03-28 04:00,10.9,,1.2,70,77,1007.2,1015.7,,,,10,,9.4
156,堡林,2024-03-28 05:00,10.5,,.1,0,87,1006.7,1015.2,,,,9,,9.5
156,堡林,2024-03-28 06:00,10.4,0,.6,360,94,1005.7,1014.2,,,,10,,9.7
156,堡林,2024-03-28 07:00,10.1,,.4,0,97,1005.2,1013.7,0,.06,,10,,9.8
156,堡林,2024-03-28 08:00,9.8,,1,90,99,1004.2,1012.7,0,.15,,10,,10.5
156,堡林,2024-03-28 09:00,10,.2,1.2,50,99,1003.5,1012,0,.18,,10,,11
156,堡林,2024-03-28 10:00,9.9,,1.8,70,99,1002.7,1011.2,0,.18,,10,,11.4
156,堡林,2024-03-28 11:00,10,,1.4,70,99,1001.6,1010.1,0,.28,,10,,12
156,堡林,2024-03-28 12:00,10,4.9,2.1,50,99,999.7,1008.2,0,.26,,10,,12.2
156,堡林,2024-03-28 13:00,10.1,,1.4,70,99,999.4,1007.9,0,.29,,10,,12.2
156,堡林,2024-03-28 14:00,10.4,,1.9,70,99,997.4,1005.8,0,.34,,10,,12.8
156,堡林,2024-03-28 15:00,10.5,14.3,1.2,70,99,996.4,1004.8,0,.32,,10,,12.8
156,堡林,2024-03-28 16:00,10.9,,.4,0,99,996,1004.4,0,.28,,10,,13
156,堡林,2024-03-28 17:00,10.8,,1.6,50,99,996,1004.4,0,.19,,10,,12.3
156,堡林,2024-03-28 18:00,10.9,4.6,.3,0,99,995.9,1004.3,0,.14,,10,,12.4
156,堡林,2024-03-28 19:00,11.2,,.3,0,99,996.5,1004.9,0,.11,,9,,11.9
156,堡林,2024-03-28 20:00,11.2,,1.1,290,99,997.7,1006.1,,,,10,,11.5
156,堡林,2024-03-28 21:00,11.2,,1.2,340,99,999,1007.4,,,,9,,11.2
156,堡林,2024-03-28 22:00,11,,.9,340,99,1000.1,1008.5,,,,9,,10.9
156,堡林,2024-03-28 23:00,10.1,,.6,290,99,1000.5,1009,,,,0,,8.4
156,堡林,2024-03-29 00:00,9.6,,.7,270,99,1001,1009.5,,,,0,,7.5
156,堡林,2024-03-29 01:00,9.6,,1.5,270,99,1001.7,1010.2,,,,0,,8.6
156,堡林,2024-03-29 02:00,8.7,,1,270,99,1001.7,1010.2,,,,0,,6.6
156,堡林,2024-03-29 03:00,7.9,,1.4,270,99,1001.8,1010.3,,,,0,,5.5
156,堡林,2024-03-29 04:00,7.6,,.8,250,99,1001.2,1009.7,,,,0,,5.7
156,堡林,2024-03-29 05:00,7.5,,1.7,200,99,1000.9,1009.4,,,,0,,5.7
156,堡林,2024-03-29 06:00,7.4,,1,250,99,1001.1,1009.6,,,,0,,5.4
156,堡林,2024-03-29 07:00,7.8,,.9,230,99,1001,1009.5,0,.1,,7,,6.8
156,堡林,2024-03-29 08:00,8.4,,1.5,200,99,1000.4,1008.9,.3,.52,,1,,9.5
156,堡林,2024-03-29 09:00,10.2,,1.8,230,95,1000.5,1009,.9,1.22,,1,,16.2
156,堡林,2024-03-29 10:00,11.6,,2.5,230,80,1000.3,1008.7,1,2.04,,4,,20.9
156,堡林,2024-03-29 11:00,14,,2.4,230,84,1000.4,1008.7,.8,1.93,,2,,22.8
156,堡林,2024-03-29 12:00,14.8,,4.1,230,80,999.9,1008.2,.8,2.44,,9,,21.3
156,堡林,2024-03-29 13:00,14.2,,3,230,90,999.7,1008,0,.42,,10,,15.5
156,堡林,2024-03-29 14:00,14.3,,4.4,270,92,999.9,1008.2,0,.21,,10,,14.3
156,堡林,2024-03-29 15:00,14,,4.1,270,96,1000.1,1008.4,0,.26,,10,,14.1
156,堡林,2024-03-29 16:00,13.9,,2.7,270,97,1000.1,1008.4,0,.22,,10,,13.8
156,堡林,2024-03-29 17:00,13.8,,2.7,270,96,1000.3,1008.6,0,.22,,9,,13.8
156,堡林,2024-03-29 18:00,13.5,,2.1,270,95,1000.8,1009.1,0,.19,,9,,13.1
156,堡林,2024-03-29 19:00,12.6,,1.5,270,96,1002,1010.4,0,.1,,0,,11.6
156,堡林,2024-03-29 20:00,11.3,,.7,320,97,1003.6,1012,,,,0,,9.2
156,堡林,2024-03-29 21:00,10.5,,.6,230,99,1004.4,1012.9,,,,0,,7.4
156,堡林,2024-03-29 22:00,10.2,,.3,0,99,1005.4,1013.9,,,,0,,6.3
156,堡林,2024-03-29 23:00,9.5,,.8,230,99,1005.9,1014.4,,,,0,,5.4
156,堡林,2024-03-30 00:00,8.7,,.6,90,99,1005.9,1014.4,,,,0,,4.6
156,堡林,2024-03-30 01:00,8,,0,0,99,1006.5,1015.1,,,,0,,4.1
156,堡林,2024-03-30 02:00,7.4,,.1,0,99,1007,1015.6,,,,0,,3.9
156,堡林,2024-03-30 03:00,6.7,,.4,0,99,1006.4,1015,,,,0,,3.5
156,堡林,2024-03-30 04:00,6,,.7,200,99,1006.1,1014.7,,,,0,,2.9
156,堡林,2024-03-30 05:00,5.6,,.6,90,98,1006.1,1014.8,,,,0,,2.5
156,堡林,2024-03-30 06:00,4.9,,.8,110,88,1005.1,1013.8,,,,0,,2.1
156,堡林,2024-03-30 07:00,5,,.3,0,97,1005.3,1014,.1,.12,,0,,2.8
156,堡林,2024-03-30 08:00,6.9,,1.5,50,85,1004.7,1013.3,1,.67,,0,,5.7
156,堡林,2024-03-30 09:00,9.8,,1,250,64,1004.5,1013,.9,1.25,,2,,13.6
156,堡林,2024-03-30 10:00,12.2,,.7,50,57,1004.5,1012.9,1,1.79,,6,,19.4
156,堡林,2024-03-30 11:00,16.7,,2.9,180,35,1003.4,1011.7,1,2.37,,6,,23
156,堡林,2024-03-30 12:00,20,,3.1,200,45,1003,1011.2,.8,2.84,,8,,29.4
156,堡林,2024-03-30 13:00,20.8,,2.7,200,54,1002.3,1010.4,1,3.09,,7,,30.2
156,堡林,2024-03-30 14:00,21.7,,3.6,200,57,1000.9,1009,1,2.85,,7,,30.6
156,堡林,2024-03-30 15:00,22,,3.9,230,61,1000.3,1008.4,1,2.66,,7,,30.7
156,堡林,2024-03-30 16:00,19.6,,2.8,230,73,1000.4,1008.5,.4,1.26,,6,,22.1
156,堡林,2024-03-30 17:00,19.7,,2.6,270,70,1000.7,1008.8,.3,.76,,4,,21.4
156,堡林,2024-03-30 18:00,17.9,,3.2,270,80,1001.4,1009.6,.1,.51,,7,,17.1
156,堡林,2024-03-30 19:00,15.8,,1.2,290,90,1002.4,1010.7,0,.16,,0,,14.7
156,堡林,2024-03-30 20:00,14.2,,.8,340,96,1003.3,1011.6,,,,0,,12.1
156,堡林,2024-03-30 21:00,13.4,,.7,290,97,1004.5,1012.9,,,,0,,10.5
156,堡林,2024-03-30 22:00,12.7,,.5,360,98,1005,1013.4,,,,0,,9.3
156,堡林,2024-03-30 23:00,11.3,,.8,320,99,1005.1,1013.6,,,,0,,8.3
156,堡林,2024-03-31 00:00,10.4,,.4,0,99,1005.4,1013.9,,,,0,,7.3
156,堡林,2024-03-31 01:00,9.8,,.9,320,99,1005.6,1014.1,,,,0,,6.7
156,堡林,2024-03-31 02:00,8.9,,1.8,50,99,1005.6,1014.1,,,,0,,6.1
156,堡林,2024-03-31 03:00,7.5,,2.4,70,97,1005.2,1013.8,,,,0,,5.1
156,堡林,2024-03-31 04:00,7.4,,3,70,97,1005.1,1013.7,,,,2,,4.8
156,堡林,2024-03-31 05:00,6.6,,3.8,70,97,1004.9,1013.5,,,,0,,4.2
156,堡林,2024-03-31 06:00,6.1,,1.7,70,99,1005.7,1014.3,,,,4,,3.6
156,堡林,2024-03-31 07:00,6.6,,1.7,70,99,1005.8,1014.4,0,.12,,3,,4.2
156,堡林,2024-03-31 08:00,8.9,,2.1,50,87,1005.7,1014.2,1,.68,,6,,8.4
156,堡林,2024-03-31 09:00,10.5,,2.1,70,68,1005.6,1014.1,.8,1.11,,8,,14.3
156,堡林,2024-03-31 10:00,13.5,,1.1,70,56,1005.3,1013.7,.9,1.79,,6,,22.3
156,堡林,2024-03-31 11:00,15.3,,1.3,70,43,1004.1,1012.4,1,2.55,,7,,26.3
156,堡林,2024-03-31 12:00,17.5,,1.4,50,41,1002.5,1010.7,1,2.72,,8,,27.8
156,堡林,2024-03-31 13:00,19.1,,1,50,42,1001.7,1009.8,1,2.43,,8,,29.6
156,堡林,2024-03-31 14:00,19.4,,.7,340,39,1001.4,1009.5,.6,2.15,,9,,27.9
156,堡林,2024-03-31 15:00,20.3,,.8,70,36,1000.4,1008.5,0,1.65,,9,,26.1
156,堡林,2024-03-31 16:00,20.1,,1.3,270,34,1000.5,1008.6,0,1.22,,9,,23.6
156,堡林,2024-03-31 17:00,20,,1.3,270,35,1000.5,1008.7,.2,1.08,,8,,21.7
156,堡林,2024-03-31 18:00,19.7,,1.4,230,36,1000.5,1008.6,1,.83,,0,,17.4
156,堡林,2024-03-31 19:00,17.3,,1.6,270,45,1001,1009.2,.4,.22,,0,,12.5
156,堡林,2024-03-31 20:00,15.1,,1.3,230,57,1001.4,1009.7,,,,0,,9.9
156,堡林,2024-03-31 21:00,14.2,,1.6,200,55,1001.9,1010.2,,,,0,,8.8
156,堡林,2024-03-31 22:00,13.7,,.7,250,55,1002.7,1011,,,,0,,7.9
156,堡林,2024-03-31 23:00,12.5,,.9,270,63,1003.3,1011.7,,,,0,,7.1
156,堡林,2024-04-01 00:00,11.8,,.5,270,65,1004,1012.4,,,,0,,6.5
156,堡林,2024-04-01 01:00,10.9,,.9,290,72,1004.5,1013,,,,0,,5.8
156,堡林,2024-04-01 02:00,9.9,,.7,250,81,1004.7,1013.2,,,,0,,5.1
156,堡林,2024-04-01 03:00,9.1,,0,0,85,1004.5,1013,,,,0,,4.6
156,堡林,2024-04-01 04:00,8.4,,1.1,270,91,1004.5,1013,,,,0,,4.2
156,堡林,2024-04-01 05:00,7.6,,.4,0,97,1004.3,1012.9,,,,0,,3.6
156,堡林,2024-04-01 06:00,7.4,,.5,290,98,1005.3,1013.9,,,,0,,3.2
156,堡林,2024-04-01 07:00,7.3,,.6,90,98,1006.4,1015,.1,.13,,0,,4.1
156,堡林,2024-04-01 08:00,9.2,,.5,270,94,1007.3,1015.8,1,.73,,0,,7.2
156,堡林,2024-04-01 09:00,11.8,,.7,270,77,1008,1016.5,1,1.51,,0,,18.5
156,堡林,2024-04-01 10:00,15,,.7,290,55,1008.6,1017,1,2.25,,0,,25.5
156,堡林,2024-04-01 11:00,18.3,,1.2,50,20,1008.6,1016.8,1,2.84,,0,,30.5
156,堡林,2024-04-01 12:00,18.9,,.8,160,21,1007.8,1016,1,3.23,,0,,36.4
156,堡林,2024-04-01 13:00,20.4,,1,320,22,1007.1,1015.3,1,3.34,,0,,40
156,堡林,2024-04-01 14:00,21.7,,1.2,20,20,1006.5,1014.6,1,3.25,,0,,41.7
156,堡林,2024-04-01 15:00,23.3,,.6,200,20,1006.3,1014.3,1,2.9,,0,,40.2
156,堡林,2024-04-01 16:00,23.2,,2.5,270,21,1006.2,1014.3,1,2.34,,0,,36.1
156,堡林,2024-04-01 17:00,23,,1.2,320,20,1005.9,1014,1,1.61,,0,,30
156,堡林,2024-04-01 18:00,21.9,,.6,320,25,1005.6,1013.7,1,.82,,0,,21.4
156,堡林,2024-04-01 19:00,20.5,,1,270,33,1005.9,1014.1,.4,.19,,0,,15.9
156,堡林,2024-04-01 20:00,18.4,,.3,0,42,1006,1014.2,,,,0,,13.1
156,堡林,2024-04-01 21:00,16.6,,1.4,230,47,1006.3,1014.6,,,,0,,11.2
156,堡林,2024-04-01 22:00,15.9,,.8,250,51,1006.2,1014.5,,,,0,,10
156,堡林,2024-04-01 23:00,15.4,,.7,270,48,1006.4,1014.7,,,,0,,9
156,堡林,2024-04-02 00:00,14.1,,.4,0,58,1006.4,1014.8,,,,4,,8.3
156,堡林,2024-04-02 01:00,13.1,,.7,70,63,1006.5,1014.9,,,,5,,7.7
156,堡林,2024-04-02 02:00,12.5,,.4,0,66,1006.3,1014.7,,,,6,,7.4
156,堡林,2024-04-02 03:00,11.6,,.2,0,72,1006.2,1014.7,,,,6,,7
156,堡林,2024-04-02 04:00,10.8,,1.1,270,82,1006.3,1014.8,,,,8,,7
156,堡林,2024-04-02 05:00,10.7,,.3,0,84,1006.3,1014.8,,,,9,,6.7
156,堡林,2024-04-02 06:00,10.1,,.5,270,84,1006.8,1015.3,,,,9,,6.9
156,堡林,2024-04-02 07:00,10.6,,.4,0,82,1007.1,1015.6,0,.1,,9,,8.1
156,堡林,2024-04-02 08:00,11.3,,.2,0,79,1007.1,1015.6,0,.47,,9,,11.9
156,堡林,2024-04-02 09:00,13.6,,.6,90,65,1006.7,1015.1,.2,.98,,8,,16.9
156,堡林,2024-04-02 10:00,15.7,,.4,0,59,1007,1015.3,.9,1.57,,9,,23.2
156,堡林,2024-04-02 11:00,18.3,,.4,0,50,1007.1,1015.3,.6,1.91,,8,,27.7
156,堡林,2024-04-02 12:00,20.1,,.6,340,42,1006.4,1014.6,.6,2.13,,9,,32.1
156,堡林,2024-04-02 13:00,22,,.7,270,38,1005,1013.1,.7,2.27,,9,,34.9
156,堡林,2024-04-02 14:00,23.4,,3.2,230,35,1004.1,1012.1,.7,2.18,,8,,35
156,堡林,2024-04-02 15:00,22,,3.7,200,46,1004,1012.1,0,1.32,,9,,29.9
156,堡林,2024-04-02 16:00,19.9,,3.2,180,62,1003.5,1011.7,0,.66,,10,,23.2
156,堡林,2024-04-02 17:00,19.3,,2.7,180,62,1003.1,1011.2,0,.28,,10,,20
156,堡林,2024-04-02 18:00,18.4,0,3.6,180,69,1002.6,1010.8,0,.21,,10,,18
156,堡林,2024-04-02 19:00,16.6,.2,2.1,140,59,1002.2,1010.5,0,.07,,10,,14.4
156,堡林,2024-04-02 20:00,14,3.6,1.1,90,98,1002.4,1010.7,,,,10,,13.7
156,堡林,2024-04-02 21:00,13.9,4.4,1.4,140,99,1002.4,1010.7,,,,10,,13.8
156,堡林,2024-04-02 22:00,15.1,3.5,.9,230,99,1001.4,1009.7,,,,10,,13.8
156,堡林,2024-04-02 23:00,14.9,.2,1.7,50,97,1000.9,1009.2,,,,10,,13.9
156,堡林,2024-04-03 00:00,13.9,4.4,1.1,20,99,1000.2,1008.5,,,,10,,13.8
156,堡林,2024-04-03 01:00,13.7,4.5,1.6,50,99,999,1007.3,,,,10,,13.7
156,堡林,2024-04-03 02:00,13.6,5.1,1.1,360,99,998,1006.3,,,,10,,13.6
156,堡林,2024-04-03 03:00,14,2.8,1.3,50,99,996.6,1004.9,,,,10,,13.7
156,堡林,2024-04-03 04:00,13.8,.3,1,50,99,995.9,1004.2,,,,10,,13.7
156,堡林,2024-04-03 05:00,14,.3,1,270,99,996,1004.3,,,,10,,13.7
156,堡林,2024-04-03 06:00,13.5,2.3,1.3,50,99,996.3,1004.6,,,,10,,13.6
156,堡林,2024-04-03 07:00,13.6,.8,2,50,99,995.9,1004.2,0,.07,,10,,13.9
156,堡林,2024-04-03 08:00,13.7,.1,2.8,70,99,995.6,1003.9,0,.19,,10,,14.7
156,堡林,2024-04-03 09:00,14,.1,.9,70,99,996.5,1004.8,0,.17,,10,,14.7
156,堡林,2024-04-03 10:00,14.1,.2,1.5,50,99,996.4,1004.7,0,.2,,10,,15.3
156,堡林,2024-04-03 11:00,14.1,.7,.4,0,99,996.2,1004.5,0,.25,,10,,15.8
156,堡林,2024-04-03 12:00,14.6,1.8,1.3,50,99,995.3,1003.5,0,.47,,10,,17.4
156,堡林,2024-04-03 13:00,14.5,2.2,1.2,50,99,995.2,1003.4,0,.43,,10,,17.2
156,堡林,2024-04-03 14:00,15.1,1.5,1.5,70,99,994.8,1003.1,0,.59,,10,,18.4
156,堡林,2024-04-03 15:00,14.9,2.7,1.5,70,99,994.5,1002.8,0,.5,,10,,18
156,堡林,2024-04-03 16:00,14.9,3,1,70,99,994.9,1003.2,0,.42,,10,,17.4
156,堡林,2024-04-03 17:00,15.2,1.5,1.9,70,99,995.3,1003.6,0,.39,,10,,17.7
156,堡林,2024-04-03 18:00,14.9,.1,1.9,70,99,995.5,1003.8,0,.26,,10,,16.7
156,堡林,2024-04-03 19:00,14.6,0,1.5,50,99,997.2,1005.5,0,.12,,10,,15.4
156,堡林,2024-04-03 20:00,14.6,.1,.2,0,99,998.4,1006.7,,,,10,,15
156,堡林,2024-04-03 21:00,14.6,.2,.2,0,99,1000,1008.3,,,,10,,14.9
156,堡林,2024-04-03 22:00,14.4,.7,0,0,99,1000.9,1009.2,,,,10,,14.8
156,堡林,2024-04-03 23:00,14.1,.6,1,70,99,1000.5,1008.8,,,,10,,14.7
156,堡林,2024-04-04 00:00,14.2,.2,0,0,99,1001.4,1009.7,,,,9,,14.5
156,堡林,2024-04-04 01:00,14.5,,.4,0,99,1002.2,1010.5,,,,7,,14.3
156,堡林,2024-04-04 02:00,13.7,,0,0,99,1001.5,1009.8,,,,0,,12.1
156,堡林,2024-04-04 03:00,13.7,,.8,270,99,1001.7,1010,,,,10,,12.3
156,堡林,2024-04-04 04:00,13.6,,1.1,270,99,1002.9,1011.2,,,,10,,13.5
156,堡林,2024-04-04 05:00,13.3,,.7,290,99,1003.6,1012,,,,10,,13.7
156,堡林,2024-04-04 06:00,13.2,0,.4,0,99,1004.1,1012.5,,,,10,,13.7
156,堡林,2024-04-04 07:00,13.3,.1,.5,200,99,1004.5,1012.9,0,.07,,10,,13.9
156,堡林,2024-04-04 08:00,13.5,.1,1.1,200,99,1005.4,1013.8,0,.19,,7,,15
156,堡林,2024-04-04 09:00,14.2,0,.9,270,99,1005.7,1014,0,.45,,10,,17.1
156,堡林,2024-04-04 10:00,14.1,,1.2,270,99,1006.4,1014.8,0,.48,,10,,17.3
156,堡林,2024-04-04 11:00,14.6,,1.2,270,99,1006.6,1014.9,0,.57,,10,,18.1
156,堡林,2024-04-04 12:00,15.1,,1.2,250,99,1006.9,1015.3,0,.43,,10,,17.4
156,堡林,2024-04-04 13:00,14.8,0,1.7,270,99,1006.9,1015.2,0,.42,,10,,17.6
156,堡林,2024-04-04 14:00,14.7,.1,1.4,270,99,1006.6,1014.9,0,.38,,10,,17.8
156,堡林,2024-04-04 15:00,15.3,0,1.3,270,99,1006.5,1014.8,0,.58,,10,,19.2
156,堡林,2024-04-04 16:00,15.1,0,1,230,99,1006.3,1014.7,0,.4,,10,,17.5
156,堡林,2024-04-04 17:00,14.4,.2,1.3,200,99,1006.6,1014.9,0,.16,,10,,16
156,堡林,2024-04-04 18:00,14.4,0,2.3,200,99,1007.3,1015.7,0,.16,,10,,15.4
156,堡林,2024-04-04 19:00,14.2,,2.2,200,99,1008,1016.4,0,.09,,8,,14.6
156,堡林,2024-04-04 20:00,13.6,0,1.1,250,99,1008.8,1017.2,,,,9,,14.1
156,堡林,2024-04-04 21:00,13.2,,1.1,230,99,1009.9,1018.3,,,,9,,13.8
156,堡林,2024-04-04 22:00,13.3,,2,200,99,1010.4,1018.8,,,,8,,13.6
156,堡林,2024-04-04 23:00,12.9,,1.1,200,99,1010.4,1018.8,,,,8,,13.3
156,堡林,2024-04-05 00:00,13,,.3,0,99,1010.1,1018.5,,,,9,,13.2
156,堡林,2024-04-05 01:00,13,,1,200,99,1009.9,1018.3,,,,8,,13.1
156,堡林,2024-04-05 02:00,12.9,,.6,270,99,1010.3,1018.7,,,,6,,12.7
156,堡林,2024-04-05 03:00,12.6,,.8,250,99,1010.3,1018.7,,,,9,,12.8
156,堡林,2024-04-05 04:00,12.5,,1.2,200,98,1010.1,1018.6,,,,9,,12.6
156,堡林,2024-04-05 05:00,12.5,,.3,0,99,1010.3,1018.8,,,,8,,12.7
156,堡林,2024-04-05 06:00,12,,.6,50,99,1010.4,1018.9,,,,8,,12.6
156,堡林,2024-04-05 07:00,12.1,,.4,0,99,1011.1,1019.6,0,.09,,9,,12.8
156,堡林,2024-04-05 08:00,12.5,,.7,50,99,1011.5,1020,0,.23,,9,,13.9
156,堡林,2024-04-05 09:00,12.9,,.5,200,98,1011.8,1020.2,0,.46,,9,,15.8
156,堡林,2024-04-05 10:00,13.6,,1,320,97,1012,1020.4,0,.48,,9,,16.9
156,堡林,2024-04-05 11:00,14.3,,1.3,50,96,1012.3,1020.7,0,1.01,,8,,20.8
156,堡林,2024-04-05 12:00,16.5,,1.2,90,81,1011.9,1020.2,.3,2.28,,5,,30.3
156,堡林,2024-04-05 13:00,18.1,,1,50,68,1010.7,1018.9,1,3.33,,4,,33
156,堡林,2024-04-05 14:00,18.3,,1.9,50,60,1010,1018.2,.9,2.75,,6,,29.1
156,堡林,2024-04-05 15:00,19.6,,2,270,58,1009.1,1017.3,.9,2.66,,4,,31.2
156,堡林,2024-04-05 16:00,18.6,,1.3,320,51,1009.1,1017.3,1,2.33,,3,,25.1
156,堡林,2024-04-05 17:00,18.4,,1.2,360,62,1009.3,1017.5,.3,.74,,2,,20.9
156,堡林,2024-04-05 18:00,16.5,,1.7,290,64,1009.9,1018.2,1,.82,,0,,16.6
156,堡林,2024-04-05 19:00,14.9,,.7,270,71,1010.6,1019,.3,.19,,5,,13.2
156,堡林,2024-04-05 20:00,13.7,,.9,290,78,1011,1019.4,,,,3,,11.7
156,堡林,2024-04-05 21:00,13.1,,1.4,270,81,1012,1020.4,,,,3,,10.6
156,堡林,2024-04-05 22:00,12.6,,.9,250,83,1012.3,1020.8,,,,7,,10.2
156,堡林,2024-04-05 23:00,12,,.8,230,90,1012.3,1020.8,,,,4,,9.7
156,堡林,2024-04-06 00:00,11.4,,.7,180,95,1011.9,1020.4,,,,4,,9.3
156,堡林,2024-04-06 01:00,10.8,,1.2,70,98,1011.8,1020.3,,,,4,,8.8
156,堡林,2024-04-06 02:00,11,,.5,250,98,1011.9,1020.4,,,,6,,8.3
156,堡林,2024-04-06 03:00,10.2,,.1,0,99,1011.8,1020.4,,,,8,,8.2
156,堡林,2024-04-06 04:00,9.5,,.1,0,99,1011.6,1020.2,,,,7,,7.7
156,堡林,2024-04-06 05:00,9.9,,.4,0,99,1011.8,1020.4,,,,8,,8.1
156,堡林,2024-04-06 06:00,9.5,,.7,50,99,1011.9,1020.5,,,,5,,7.8
156,堡林,2024-04-06 07:00,9.3,,.3,0,99,1012.1,1020.7,0,.16,,7,,8.9
156,堡林,2024-04-06 08:00,10.4,,.5,270,99,1012.3,1020.9,.1,.51,,2,,11.5
156,堡林,2024-04-06 09:00,12.2,,.7,230,97,1012.6,1021.1,1,1.39,,7,,19.6
156,堡林,2024-04-06 10:00,14.4,,.8,270,84,1012.4,1020.8,1,1.68,,7,,23.6
156,堡林,2024-04-06 11:00,15.6,,.5,270,77,1012.2,1020.6,.2,1.46,,9,,21.9
156,堡林,2024-04-06 12:00,16.2,,1.2,230,68,1011.8,1020.1,0,1.34,,9,,20.3
156,堡林,2024-04-06 13:00,16.6,,.3,0,55,1011.4,1019.7,0,1.16,,9,,20.7
156,堡林,2024-04-06 14:00,17.9,,.9,230,52,1010.4,1018.7,0,1.23,,9,,22.3
156,堡林,2024-04-06 15:00,19,,.7,200,53,1009.8,1018,.2,1.6,,9,,24.7
156,堡林,2024-04-06 16:00,19.7,,1,250,55,1009.1,1017.3,.8,1.97,,8,,24.5
156,堡林,2024-04-06 17:00,19.2,,1.4,200,54,1008,1016.2,.9,1.28,,6,,21.5
156,堡林,2024-04-06 18:00,19,,1.1,270,53,1007.7,1015.9,.8,.79,,0,,17.7
156,堡林,2024-04-06 19:00,17.5,,2.2,270,59,1008.3,1016.6,.4,.21,,0,,13.7
156,堡林,2024-04-06 20:00,15.7,,.9,290,67,1008.5,1016.8,,,,0,,11.8
156,堡林,2024-04-06 21:00,14.9,,.8,270,71,1009.3,1017.7,,,,0,,10.5
156,堡林,2024-04-06 22:00,13.8,,.8,270,78,1009.8,1018.2,,,,3,,9.9
156,堡林,2024-04-06 23:00,13,,.4,0,75,1010.4,1018.8,,,,5,,9.2
156,堡林,2024-04-07 00:00,12.8,,.7,270,76,1010.8,1019.2,,,,6,,9.2
156,堡林,2024-04-07 01:00,11.7,,.7,270,83,1010.6,1019.1,,,,6,,8.8
156,堡林,2024-04-07 02:00,10.6,,1.2,50,90,1009.7,1018.2,,,,8,,8.2
156,堡林,2024-04-07 03:00,10.8,,1.5,70,90,1009.3,1017.8,,,,5,,7.5
156,堡林,2024-04-07 04:00,9.9,,.8,250,97,1009.9,1018.5,,,,0,,7
156,堡林,2024-04-07 05:00,9.7,,.9,290,97,1010,1018.5,,,,0,,6.5
156,堡林,2024-04-07 06:00,9.2,,.8,70,97,1010.1,1018.7,,,,0,,6.2
156,堡林,2024-04-07 07:00,9.5,,.2,0,99,1009.8,1018.3,.1,.17,,2,,7.2
156,堡林,2024-04-07 08:00,11.3,,.6,290,89,1010.1,1018.6,1,.75,,0,,10.3
156,堡林,2024-04-07 09:00,13.3,,1.2,270,76,1010.7,1019.1,1,1.52,,0,,20.9
156,堡林,2024-04-07 10:00,16.3,,.9,270,64,1010.5,1018.8,1,2.27,,0,,27
156,堡林,2024-04-07 11:00,19.7,,.6,320,52,1010,1018.2,1,2.61,,2,,28.8
156,堡林,2024-04-07 12:00,21.8,,1.4,70,36,1009.4,1017.5,1,3.04,,7,,32.9
156,堡林,2024-04-07 13:00,23,,1.6,70,32,1008.8,1016.9,1,2.82,,7,,34
156,堡林,2024-04-07 14:00,24.5,,1.3,50,28,1007.8,1015.8,1,2.95,,8,,36.5
156,堡林,2024-04-07 15:00,24.9,,1,340,27,1007,1015.1,1,2.7,,7,,36.2
156,堡林,2024-04-07 16:00,24,,1.2,340,23,1006.3,1014.3,1,1.98,,7,,32.4
156,堡林,2024-04-07 17:00,23.9,,1.2,340,26,1006.5,1014.5,1,1.64,,0,,29.2
156,堡林,2024-04-07 18:00,22.3,,1.2,290,36,1007,1015.1,1,.83,,1,,22.1
156,堡林,2024-04-07 19:00,19.7,,1.2,270,43,1007.5,1015.6,.3,.19,,4,,16.9
156,堡林,2024-04-07 20:00,17.8,,.9,250,48,1008.4,1016.6,,,,7,,14.3
156,堡林,2024-04-07 21:00,16.4,,.6,230,50,1008.7,1017,,,,9,,13.1
156,堡林,2024-04-07 22:00,16.7,,.3,0,48,1008.9,1017.2,,,,8,,12.9
156,堡林,2024-04-07 23:00,16,,1.1,70,51,1008.9,1017.2,,,,9,,12
156,堡林,2024-04-08 00:00,15.5,,1.3,270,52,1009,1017.4,,,,9,,11.9
156,堡林,2024-04-08 01:00,14.9,,.6,250,56,1009,1017.4,,,,8,,11.4
156,堡林,2024-04-08 02:00,14.6,,.6,320,61,1008.8,1017.2,,,,9,,11.2
156,堡林,2024-04-08 03:00,14.2,,.4,0,62,1008.4,1016.8,,,,8,,10.9
156,堡林,2024-04-08 04:00,12.9,,.2,0,70,1007.9,1016.3,,,,0,,9.1
156,堡林,2024-04-08 05:00,11.9,,.5,230,82,1008.1,1016.6,,,,2,,8.4
156,堡林,2024-04-08 06:00,11.8,,0,0,85,1008.3,1016.8,,,,3,,8.2
156,堡林,2024-04-08 07:00,11.7,,.1,0,85,1008.8,1017.3,.1,.15,,3,,9.1
156,堡林,2024-04-08 08:00,13.6,,.2,0,77,1008.5,1016.9,.6,.62,,7,,13.7
156,堡林,2024-04-08 09:00,16.2,,.5,320,64,1008.3,1016.6,.6,1.15,,7,,20.6
156,堡林,2024-04-08 10:00,19.8,,1,70,45,1008.2,1016.3,.3,1.42,,9,,22.1
156,堡林,2024-04-08 11:00,22.3,,2.4,70,31,1008.1,1016.2,.2,1.98,,9,,29.1
156,堡林,2024-04-08 12:00,22.6,,.4,0,38,1007.8,1015.9,0,1.56,,9,,26.6
156,堡林,2024-04-08 13:00,22.8,,.8,290,31,1007.2,1015.3,0,1.37,,9,,27.9
156,堡林,2024-04-08 14:00,23,,.8,340,29,1006.4,1014.5,0,1.35,,9,,27.9
156,堡林,2024-04-08 15:00,22.3,,.8,320,36,1006.2,1014.3,0,.84,,10,,24.3
156,堡林,2024-04-08 16:00,21.3,,.8,340,35,1006.1,1014.2,0,.61,,10,,22.2
156,堡林,2024-04-08 17:00,21.3,,.7,20,36,1005.8,1013.9,0,.5,,10,,20.8
156,堡林,2024-04-08 18:00,19.9,,.6,360,41,1006.5,1014.7,0,.23,,10,,18.1
156,堡林,2024-04-08 19:00,18.9,,.3,0,44,1006.9,1015.1,0,.1,,10,,16.1
156,堡林,2024-04-08 20:00,18.1,,.7,50,43,1007.2,1015.4,,,,10,,14.9
156,堡林,2024-04-08 21:00,17.9,,.4,0,41,1007.5,1015.7,,,,10,,14.3
156,堡林,2024-04-08 22:00,17.4,,.9,290,44,1007.3,1015.6,,,,8,,13.4
156,堡林,2024-04-08 23:00,16.1,,.6,250,48,1007.5,1015.8,,,,6,,11.8
156,堡林,2024-04-09 00:00,15.2,,.1,0,51,1007.6,1016,,,,4,,11.1
156,堡林,2024-04-09 01:00,14.8,,.8,250,52,1007.5,1015.8,,,,6,,9.8
156,堡林,2024-04-09 02:00,13.7,,1.7,270,54,1007.6,1016,,,,0,,9.1
156,堡林,2024-04-09 03:00,12.4,,.5,200,63,1007.6,1016,,,,0,,8.2
156,堡林,2024-04-09 04:00,11.9,,.5,230,68,1007.5,1016,,,,0,,7.6
156,堡林,2024-04-09 05:00,11.5,,1.1,270,69,1007.9,1016.4,,,,0,,7.2
156,堡林,2024-04-09 06:00,10.8,,1,270,75,1009.3,1017.8,,,,0,,6.7
156,堡林,2024-04-09 07:00,10.9,,1,200,76,1009.9,1018.4,.2,.18,,0,,7.8
156,堡林,2024-04-09 08:00,12.3,,1.3,270,75,1010.8,1019.3,1,.78,,0,,11.4
156,堡林,2024-04-09 09:00,13.6,,.9,290,70,1011,1019.4,1,1.52,,0,,21.3
156,堡林,2024-04-09 10:00,16.5,,1.5,270,60,1011.4,1019.7,1,2.28,,0,,29.4
156,堡林,2024-04-09 11:00,18.8,,3.2,270,54,1011.5,1019.7,1,2.84,,0,,36.2
156,堡林,2024-04-09 12:00,20.8,,2.4,270,51,1011.6,1019.8,1,3.25,,0,,41.1
156,堡林,2024-04-09 13:00,20.9,,2.8,270,44,1011.4,1019.6,1,3.39,,0,,43.4
156,堡林,2024-04-09 14:00,23.1,,1.7,250,39,1011.4,1019.5,1,3.29,,0,,43.8
156,堡林,2024-04-09 15:00,23,,2.8,250,46,1011.2,1019.3,1,2.86,,2,,40.4
156,堡林,2024-04-09 16:00,21,,4.3,270,49,1011.5,1019.7,1,2.28,,0,,35.8
156,堡林,2024-04-09 17:00,19.1,,4.5,270,48,1012,1020.2,1,1.59,,1,,29.3
156,堡林,2024-04-09 18:00,17.6,,4.3,270,59,1012.5,1020.8,1,.93,,8,,23.7
156,堡林,2024-04-09 19:00,16.3,,2.4,250,65,1013.3,1021.7,.3,.22,,7,,19
156,堡林,2024-04-09 20:00,15.4,,2.9,270,69,1014.3,1022.7,0,.06,,9,,17.4
156,堡林,2024-04-09 21:00,14.8,,3.5,200,75,1015.1,1023.5,,,,9,,16.2
156,堡林,2024-04-09 22:00,14.1,,2.8,200,77,1015.6,1024,,,,9,,15.5
156,堡林,2024-04-09 23:00,13.6,,2,200,78,1016,1024.5,,,,9,,14.6
156,堡林,2024-04-10 00:00,13,,2.4,180,79,1016.1,1024.6,,,,9,,13.9
156,堡林,2024-04-10 01:00,12.8,,2,230,77,1017,1025.5,,,,9,,13.9
156,堡林,2024-04-10 02:00,12.5,,3.4,180,76,1016.5,1025,,,,9,,13.4
156,堡林,2024-04-10 03:00,11.7,,.7,230,79,1016.1,1024.6,,,,4,,10.9
156,堡林,2024-04-10 04:00,11.3,,1.4,230,82,1016.2,1024.8,,,,4,,9.6
156,堡林,2024-04-10 05:00,10.9,,2.1,200,84,1017,1025.6,,,,6,,9
156,堡林,2024-04-10 06:00,10.6,,1.5,200,86,1017.7,1026.3,,,,0,,8.2
156,堡林,2024-04-10 07:00,10.6,,.2,0,87,1018.2,1026.8,0,.18,,0,,9.2
156,堡林,2024-04-10 08:00,11.6,,1.2,50,84,1018.4,1027,.6,.66,,5,,12.7
156,堡林,2024-04-10 09:00,13.4,,.6,180,76,1018.5,1027,1,1.38,,7,,21.8
156,堡林,2024-04-10 10:00,14.7,,.8,70,65,1018.4,1026.8,1,2.23,,6,,31.5
156,堡林,2024-04-10 11:00,16,,1.1,180,60,1018.4,1026.8,1,2.52,,8,,33.8
156,堡林,2024-04-10 12:00,17,,1.2,70,55,1017.5,1025.9,1,3.06,,0,,41.9
156,堡林,2024-04-10 13:00,19.1,,.9,70,49,1016.4,1024.6,1,3.34,,0,,44.5
156,堡林,2024-04-10 14:00,19,,.8,360,47,1015.7,1023.9,1,3.19,,0,,43.6
156,堡林,2024-04-10 15:00,20.9,,1.7,270,48,1015.2,1023.4,1,2.83,,0,,42
156,堡林,2024-04-10 16:00,20.9,,1.8,250,46,1014.7,1022.9,1,2.27,,3,,36.9
156,堡林,2024-04-10 17:00,20.5,,1.3,250,44,1014.2,1022.4,1,1.45,,8,,30.5
156,堡林,2024-04-10 18:00,19.9,,1.9,270,45,1014,1022.3,.4,.65,,8,,23.1
156,堡林,2024-04-10 19:00,17.3,,1.5,290,63,1014.9,1023.2,0,.2,,7,,17.9
156,堡林,2024-04-10 20:00,15.9,,1.6,270,69,1015.2,1023.6,0,.05,,7,,15.3
156,堡林,2024-04-10 21:00,15.5,,.3,0,71,1015.5,1023.9,,,,9,,15.1
156,堡林,2024-04-10 22:00,15.3,,.9,250,70,1015.9,1024.3,,,,10,,14.7
156,堡林,2024-04-10 23:00,14.7,,.8,230,71,1016,1024.4,,,,10,,14.2
156,堡林,2024-04-11 00:00,14.3,,1,180,74,1016.1,1024.5,,,,9,,13.7
156,堡林,2024-04-11 01:00,14,,.3,0,76,1016,1024.4,,,,10,,13.4
156,堡林,2024-04-11 02:00,14.1,,.6,70,81,1015.3,1023.7,,,,10,,13.2
156,堡林,2024-04-11 03:00,13.7,,.8,140,83,1014.9,1023.3,,,,9,,12.8
156,堡林,2024-04-11 04:00,13.6,,1.2,270,84,1014.8,1023.2,,,,9,,12.5
156,堡林,2024-04-11 05:00,13,,.9,270,88,1014.5,1023,,,,9,,12.2
156,堡林,2024-04-11 06:00,13.3,,.7,250,69,1014.4,1022.9,,,,9,,11.7
156,堡林,2024-04-11 07:00,12.8,,.6,20,90,1014.7,1023.2,0,.13,,9,,13.3
156,堡林,2024-04-11 08:00,13.3,,.4,0,79,1014.3,1022.8,0,.3,,9,,15.4
156,堡林,2024-04-11 09:00,14.3,,.3,0,65,1015,1023.4,0,.75,,9,,22.2
156,堡林,2024-04-11 10:00,16.5,,1.1,160,49,1014.7,1023.1,.7,1.65,,7,,33
156,堡林,2024-04-11 11:00,17.3,,.9,200,51,1014.5,1022.8,.2,1.61,,9,,29.3
156,堡林,2024-04-11 12:00,18,,1.1,230,57,1013.9,1022.2,0,1.39,,9,,29.1
156,堡林,2024-04-11 13:00,19.4,,1.1,250,63,1013.4,1021.6,.1,1.78,,9,,34.3
156,堡林,2024-04-11 14:00,18.9,,.9,200,66,1012.8,1021,0,1.03,,9,,28.1
156,堡林,2024-04-11 15:00,19.3,,2.8,200,69,1012.3,1020.5,0,1.16,,9,,28.6
156,堡林,2024-04-11 16:00,19.8,,1.2,180,63,1011.9,1020.1,.4,1.57,,8,,34.3
156,堡林,2024-04-11 17:00,20,,1.4,250,69,1011.4,1019.6,.7,1.35,,6,,30.7
156,堡林,2024-04-11 18:00,19.5,,2.2,250,65,1011.6,1019.8,1,.98,,2,,23
156,堡林,2024-04-11 19:00,17.6,,1.6,200,76,1011.6,1019.9,.5,.26,,2,,16.3
156,堡林,2024-04-11 20:00,16.8,,1,200,85,1011.9,1020.2,0,.05,,0,,14
156,堡林,2024-04-11 21:00,16,,1.9,200,89,1012.4,1020.8,,,,0,,13.5
156,堡林,2024-04-11 22:00,15.5,,1.3,200,91,1012.8,1021.2,,,,0,,12.3
156,堡林,2024-04-11 23:00,15,,.6,180,94,1012.6,1021,,,,0,,11.3
156,堡林,2024-04-12 00:00,14.6,,.7,230,96,1012.7,1021.1,,,,2,,10.6
156,堡林,2024-04-12 01:00,14.1,,.3,0,99,1012.5,1020.9,,,,0,,10
156,堡林,2024-04-12 02:00,13.5,,.9,50,98,1012,1020.4,,,,0,,9.6
156,堡林,2024-04-12 03:00,12.9,,.2,0,99,1011.6,1020,,,,2,,8.9
156,堡林,2024-04-12 04:00,12,,.6,90,99,1011.4,1019.9,,,,0,,8.4
156,堡林,2024-04-12 05:00,12.2,,.4,0,99,1011.5,1020,,,,0,,8.1
156,堡林,2024-04-12 06:00,11.5,,.2,0,99,1011.4,1019.9,,,,7,,7.9
156,堡林,2024-04-12 07:00,11.6,,.3,0,99,1011.4,1019.9,.1,.19,,8,,10.6
156,堡林,2024-04-12 08:00,13.7,,.5,50,98,1011.5,1019.9,.9,.8,,7,,16.8
156,堡林,2024-04-12 09:00,15.3,,.2,0,91,1011.3,1019.7,.7,1.2,,7,,23.2
156,堡林,2024-04-12 10:00,18.6,,.9,50,73,1011,1019.2,.9,2.06,,4,,39.9
156,堡林,2024-04-12 11:00,20.9,,1.8,70,52,1010.6,1018.8,1,2.94,,3,,45.1
156,堡林,2024-04-12 12:00,21.5,,1,200,51,1009.9,1018.1,1,2.96,,7,,38.8
156,堡林,2024-04-12 13:00,23.5,,1.4,360,45,1009.1,1017.2,1,3.56,,0,,52.8
156,堡林,2024-04-12 14:00,24.2,,1.4,320,44,1008.2,1016.2,1,3.18,,5,,48.8
156,堡林,2024-04-12 15:00,24.1,,.9,340,42,1007.4,1015.4,1,2.12,,7,,42.5
156,堡林,2024-04-12 16:00,25.6,,1.5,270,38,1006.8,1014.8,1,2.08,,6,,46
156,堡林,2024-04-12 17:00,22.2,,2,360,55,1006.6,1014.7,.3,.86,,9,,27.1
156,堡林,2024-04-12 18:00,20.4,,2.5,270,60,1007.4,1015.6,0,.42,,9,,22.8
156,堡林,2024-04-12 19:00,19.9,,1.8,270,62,1008.2,1016.4,0,.18,,7,,19.7
156,堡林,2024-04-12 20:00,18.8,,.7,230,68,1008.6,1016.8,0,.05,,6,,17.7
156,堡林,2024-04-12 21:00,17.7,,1.1,230,72,1009.4,1017.7,,,,3,,14.7
156,堡林,2024-04-12 22:00,17.2,,.6,230,70,1009.6,1017.9,,,,0,,13.8
156,堡林,2024-04-12 23:00,17.1,,.5,270,77,1009.5,1017.8,,,,0,,12.7
156,堡林,2024-04-13 00:00,16.1,,.6,50,82,1009.5,1017.8,,,,1,,11.8
156,堡林,2024-04-13 01:00,15.7,,.6,270,89,1009.6,1018,,,,0,,11
156,堡林,2024-04-13 02:00,14.6,,.2,0,92,1009.3,1017.7,,,,0,,10.5
156,堡林,2024-04-13 03:00,14.2,,.8,70,97,1009.3,1017.7,,,,1,,10.1
156,堡林,2024-04-13 04:00,13.4,,.7,250,99,1009.3,1017.7,,,,0,,9.6
156,堡林,2024-04-13 05:00,13.4,,.5,270,99,1009.2,1017.6,,,,0,,8.9
156,堡林,2024-04-13 06:00,12.3,,.9,270,99,1009.5,1018,,,,0,,8.5
156,堡林,2024-04-13 07:00,12.8,,.4,0,99,1009.9,1018.3,.3,.2,,0,,10.5
156,堡林,2024-04-13 08:00,14.3,,.4,0,98,1010.3,1018.7,1,.85,,0,,17.9
156,堡林,2024-04-13 09:00,17,,.7,20,83,1010.6,1018.9,1,1.63,,0,,32
156,堡林,2024-04-13 10:00,19.4,,.8,270,68,1010.6,1018.8,1,2.36,,0,,39.9
156,堡林,2024-04-13 11:00,21.9,,1.2,270,58,1009.9,1018,1,2.94,,0,,47.1
156,堡林,2024-04-13 12:00,24.3,,1.2,270,52,1009.1,1017.1,1,3.29,,0,,51.3
156,堡林,2024-04-13 13:00,24.9,,1.5,290,44,1008.4,1016.5,1,3.36,,0,,55.2
156,堡林,2024-04-13 14:00,25.7,,2.3,270,38,1008.2,1016.2,1,3.15,,0,,49.7
156,堡林,2024-04-13 15:00,27.4,,2.5,250,39,1007.6,1015.6,1,2.95,,0,,51.3
156,堡林,2024-04-13 16:00,27,,1.7,290,37,1007.4,1015.4,1,2.35,,0,,46.4
156,堡林,2024-04-13 17:00,24.9,,1.9,270,49,1007.4,1015.5,1,1.63,,0,,36.2
156,堡林,2024-04-13 18:00,23.5,,1.5,290,53,1007.7,1015.7,1,.86,,0,,26.4
156,堡林,2024-04-13 19:00,21.6,,2,270,56,1008.6,1016.7,.4,.24,,0,,20.7
156,堡林,2024-04-13 20:00,20.4,,.7,270,56,1009.5,1017.7,0,.04,,0,,18
156,堡林,2024-04-13 21:00,19.9,,.5,250,54,1010,1018.2,,,,3,,16.5
156,堡林,2024-04-13 22:00,18.6,,1.5,230,64,1010.3,1018.5,,,,0,,14.7
156,堡林,2024-04-13 23:00,18.2,,.7,270,66,1010.4,1018.6,,,,0,,14.5
156,堡林,2024-04-14 00:00,17.1,,.5,270,76,1010.3,1018.6,,,,0,,12.9
156,堡林,2024-04-14 01:00,16.7,,.3,0,78,1010.5,1018.8,,,,0,,12.1
156,堡林,2024-04-14 02:00,16.3,,.7,270,76,1010.8,1019.1,,,,0,,11.4
156,堡林,2024-04-14 03:00,15,,.3,0,88,1010.5,1018.9,,,,0,,10.6
156,堡林,2024-04-14 04:00,14.8,,.6,50,91,1010.3,1018.7,,,,0,,10.2
156,堡林,2024-04-14 05:00,14,,.5,50,97,1010.1,1018.5,,,,0,,9.4
156,堡林,2024-04-14 06:00,13.8,,.4,0,97,1010,1018.4,,,,0,,9.1
156,堡林,2024-04-14 07:00,13.2,,.3,0,99,1010.1,1018.5,.4,.24,,0,,11
156,堡林,2024-04-14 08:00,16.1,,.4,0,89,1010.7,1019,1,.96,,3,,14.8
156,堡林,2024-04-14 09:00,18.9,,.4,0,70,1010.8,1019,1,1.67,,3,,26.4
156,堡林,2024-04-14 10:00,22.3,,.9,70,50,1010.3,1018.4,1,2.35,,4,,35.5
156,堡林,2024-04-14 11:00,23.9,,2.2,180,41,1009.6,1017.6,1,2.79,,7,,41.1
156,堡林,2024-04-14 12:00,25.3,,4,180,40,1009.3,1017.4,1,2.94,,7,,43
156,堡林,2024-04-14 13:00,24.9,,3.7,180,39,1008.5,1016.6,1,2.94,,8,,43.5
156,堡林,2024-04-14 14:00,25,,5.2,180,38,1007.9,1016,1,2.65,,9,,41.1
156,堡林,2024-04-14 15:00,24.7,,4.6,180,38,1007.5,1015.5,1,2.22,,9,,39
156,堡林,2024-04-14 16:00,24,,3.8,180,39,1007.7,1015.7,.3,1.52,,9,,34
156,堡林,2024-04-14 17:00,23.2,,3.7,180,45,1008.1,1016.2,.9,1.45,,8,,31.6
156,堡林,2024-04-14 18:00,22.3,,1.9,140,47,1008,1016.1,1,.9,,5,,25.6
156,堡林,2024-04-14 19:00,20.7,,2.4,140,54,1008,1016.2,.5,.27,,7,,20.6
156,堡林,2024-04-14 20:00,20.3,,1.7,160,61,1008.2,1016.4,0,.05,,10,,19.8
156,堡林,2024-04-14 21:00,20.2,,.2,0,67,1008.2,1016.4,,,,10,,19.6
156,堡林,2024-04-14 22:00,20.2,,.9,180,69,1007.7,1015.9,,,,8,,18.7
156,堡林,2024-04-14 23:00,20.4,,.9,110,69,1006.9,1015.1,,,,10,,18.4
156,堡林,2024-04-15 00:00,20.1,,2.5,160,69,1006.2,1014.4,,,,1,,17.8
156,堡林,2024-04-15 01:00,19.9,,3.3,160,71,1005.4,1013.6,,,,10,,17.8
156,堡林,2024-04-15 02:00,20,,3.2,180,71,1004,1012.2,,,,10,,17.8
156,堡林,2024-04-15 03:00,19.9,,3.8,180,64,1003.7,1011.9,,,,10,,18
156,堡林,2024-04-15 04:00,19.6,,3.9,180,66,1003.4,1011.5,,,,10,,18
156,堡林,2024-04-15 05:00,19.5,0,4.2,180,64,1002.8,1010.9,,,,10,,16.9
156,堡林,2024-04-15 06:00,19.1,0,3.7,180,69,1002.4,1010.5,0,.06,,10,,17.2
156,堡林,2024-04-15 07:00,17.7,,3.1,180,91,1001.9,1010.1,0,.09,,10,,17.7
156,堡林,2024-04-15 08:00,16.1,1,3.5,200,99,1001.9,1010.2,0,.1,,10,,16.7
156,堡林,2024-04-15 09:00,16.6,.4,3.4,200,99,1002.6,1010.9,0,.32,,10,,18
156,堡林,2024-04-15 10:00,16.9,.6,1.9,200,99,1002.7,1010.9,0,.46,,10,,20.2
156,堡林,2024-04-15 11:00,17.2,.2,2.3,200,99,1003.2,1011.4,0,.71,,10,,21
156,堡林,2024-04-15 12:00,18.4,.1,4,200,98,1002.7,1010.9,0,1.14,,10,,23.5
156,堡林,2024-04-15 13:00,18.5,,4.6,180,97,1002.4,1010.6,0,.95,,9,,21
156,堡林,2024-04-15 14:00,18.7,0,2.4,200,95,1002.7,1010.9,0,.72,,10,,20.9
156,堡林,2024-04-15 15:00,19.1,0,3.2,180,92,1002.1,1010.2,0,.79,,10,,22.1
156,堡林,2024-04-15 16:00,19.1,,1.8,180,91,1001.7,1009.8,0,.98,,9,,23.1
156,堡林,2024-04-15 17:00,19,,2,230,96,1002,1010.1,0,.45,,9,,21.2
156,堡林,2024-04-15 18:00,19,,1.2,230,97,1002,1010.1,0,.47,,7,,20.7
156,堡林,2024-04-15 19:00,17.6,,1.2,290,99,1002.6,1010.8,.1,.2,,0,,18.4
156,堡林,2024-04-15 20:00,16.1,,1,320,99,1003.8,1012.1,0,.06,,2,,17.2
156,堡林,2024-04-15 21:00,15.3,,.5,360,99,1004.1,1012.4,,,,9,,16.7
156,堡林,2024-04-15 22:00,14.7,,1.5,270,99,1004.9,1013.2,,,,2,,15.9
156,堡林,2024-04-15 23:00,14.1,,1.2,230,99,1005,1013.3,,,,0,,14.8
156,堡林,2024-04-16 00:00,14.1,,1.3,250,99,1005.5,1013.8,,,,9,,15.2
156,堡林,2024-04-16 01:00,13.8,,.8,180,99,1005,1013.4,,,,0,,15
156,堡林,2024-04-16 02:00,13.8,,.7,230,99,1004.6,1013,,,,2,,14.8
156,堡林,2024-04-16 03:00,13.7,,1.3,230,99,1004.6,1013,,,,9,,14.9
156,堡林,2024-04-16 04:00,13.7,,.7,250,99,1004.2,1012.6,,,,9,,14.8
156,堡林,2024-04-16 05:00,13.3,,1.1,230,99,1004.3,1012.7,,,,9,,14.7
156,堡林,2024-04-16 06:00,13,,2.1,270,99,1004.8,1013.2,0,.06,,9,,14.4
156,堡林,2024-04-16 07:00,13.1,,.6,250,99,1005.3,1013.7,0,.11,,9,,14.8
156,堡林,2024-04-16 08:00,13.8,,1.6,270,99,1005.8,1014.2,0,.34,,9,,16.6
156,堡林,2024-04-16 09:00,13.8,,1.7,270,99,1006.1,1014.5,0,.57,,9,,18
156,堡林,2024-04-16 10:00,14.1,,1.2,270,99,1006.6,1015,0,.79,,10,,19.9
156,堡林,2024-04-16 11:00,15.4,,1,270,97,1006.4,1014.7,0,1.18,,9,,22.3
156,堡林,2024-04-16 12:00,17.1,,1.9,270,88,1005.9,1014.2,.2,1.73,,9,,28.2
156,堡林,2024-04-16 13:00,17.8,,1.6,180,83,1005.2,1013.4,.5,2.21,,6,,31.5
156,堡林,2024-04-16 14:00,20.1,,1.7,320,74,1004.6,1012.8,1,3.23,,3,,38.2
156,堡林,2024-04-16 15:00,20.4,,2.6,290,60,1003.9,1012.1,1,3,,0,,39.3
156,堡林,2024-04-16 16:00,21.2,,1.9,270,51,1003.6,1011.7,1,2.45,,0,,36.8
156,堡林,2024-04-16 17:00,20.8,,1.2,360,49,1004.2,1012.3,1,1.69,,0,,30.8
156,堡林,2024-04-16 18:00,19.3,,1.6,320,45,1004.5,1012.6,1,.95,,0,,23
156,堡林,2024-04-16 19:00,17.6,,1.3,50,42,1004.3,1012.5,.4,.28,,0,,17.3
156,堡林,2024-04-16 20:00,16.2,,.8,290,51,1004.2,1012.5,0,.05,,0,,14.2
156,堡林,2024-04-16 21:00,15.2,,1.3,320,61,1005,1013.3,,,,0,,12.7
156,堡林,2024-04-16 22:00,13.5,,1.2,230,75,1005.6,1014,,,,0,,11.7
156,堡林,2024-04-16 23:00,12.2,,.7,230,91,1005.9,1014.3,,,,0,,10.5
156,堡林,2024-04-17 00:00,11.5,,1.1,200,98,1006.4,1014.9,,,,0,,9.9
156,堡林,2024-04-17 01:00,11.1,,.9,230,99,1006.2,1014.7,,,,3,,9.3
156,堡林,2024-04-17 02:00,11,,.2,0,99,1006.1,1014.6,,,,0,,8.8
156,堡林,2024-04-17 03:00,9.9,,1,50,99,1005.6,1014.1,,,,7,,8.5
156,堡林,2024-04-17 04:00,10.2,,.6,270,99,1005.3,1013.8,,,,2,,8
156,堡林,2024-04-17 05:00,9.4,,1.1,50,99,1004.5,1013,,,,5,,7.9
156,堡林,2024-04-17 06:00,9.1,,2.3,70,98,1004.4,1012.9,0,.05,,6,,7.9
156,堡林,2024-04-17 07:00,11.2,,2.3,70,85,1004.8,1013.3,0,.26,,9,,10.1
156,堡林,2024-04-17 08:00,12.8,,1.3,50,77,1005,1013.4,0,.4,,3,,14.5
156,堡林,2024-04-17 09:00,12.5,,.8,270,89,1005.2,1013.6,,,,2,,21.7
156,堡林,2024-04-17 10:00,15.8,,1.2,270,72,1005.1,1013.4,,,,4,,28.5
156,堡林,2024-04-17 11:00,17.9,,.7,180,55,1004.7,1012.9,,,,5,,35.4
156,堡林,2024-04-17 12:00,20.4,,1.4,250,46,1004.1,1012.3,,,,4,,41.4
156,堡林,2024-04-17 13:00,22.6,,.8,360,40,1003.6,1011.7,,,,4,,45.7
156,堡林,2024-04-17 14:00,23.3,,1.9,230,35,1002.8,1010.8,,,,4,,46.8
156,堡林,2024-04-17 15:00,23.2,,1.6,270,30,1001.8,1009.8,,,,6,,42.3
156,堡林,2024-04-17 16:00,22.7,,2.1,270,38,1001.2,1009.2,.5,1.27,,7,,34.9
156,堡林,2024-04-17 17:00,22,,2.3,270,53,1001,1009.1,.7,1.29,,7,,31.4
156,堡林,2024-04-17 18:00,20.1,,2.1,290,55,1001.1,1009.3,.2,.63,,8,,24.8
156,堡林,2024-04-17 19:00,18.6,,.8,290,61,1001.3,1009.4,0,.21,,8,,19.9
156,堡林,2024-04-17 20:00,17.5,,.5,340,59,1001.5,1009.7,0,.05,,8,,17.1
156,堡林,2024-04-17 21:00,16.6,,.6,110,62,1001.7,1009.9,,,,9,,15.6
156,堡林,2024-04-17 22:00,16,,1.5,70,63,1001.7,1010,,,,9,,14.7
156,堡林,2024-04-17 23:00,15.7,,1.3,50,62,1001.9,1010.2,,,,9,,14
156,堡林,2024-04-18 00:00,15,,1.3,70,64,1001.7,1010,,,,9,,13.5
156,堡林,2024-04-18 01:00,14.8,,.3,0,66,1001.8,1010.1,,,,8,,12.2
156,堡林,2024-04-18 02:00,14,,.5,270,70,1001.6,1009.9,,,,6,,11.3
156,堡林,2024-04-18 03:00,13.3,,.5,270,76,1001.3,1009.6,,,,0,,10.1
156,堡林,2024-04-18 04:00,13,,.6,270,78,1001.1,1009.5,,,,0,,9.4
156,堡林,2024-04-18 05:00,12.1,,.3,0,87,1001.2,1009.6,,,,0,,8.7
156,堡林,2024-04-18 06:00,11.6,,1.1,270,95,1001.4,1009.8,0,.05,,0,,8.2
156,堡林,2024-04-18 07:00,11.8,,.5,270,95,1002.1,1010.5,.4,.27,,0,,9.4
156,堡林,2024-04-18 08:00,13,,.6,200,87,1002.9,1011.3,1,.98,,0,,15.4
156,堡林,2024-04-18 09:00,15.7,,.7,340,72,1002.9,1011.2,1,1.78,,0,,26.5
156,堡林,2024-04-18 10:00,18.3,,1.2,230,60,1003,1011.2,1,2.49,,0,,35.5
156,堡林,2024-04-18 11:00,20.2,,1.7,320,47,1002.9,1011.1,1,3.01,,0,,42.3
156,堡林,2024-04-18 12:00,22,,1.5,50,42,1002.5,1010.6,1,3.31,,0,,46.7
156,堡林,2024-04-18 13:00,23.3,,1.9,360,42,1002,1010,1,3.36,,0,,48.7
156,堡林,2024-04-18 14:00,23.4,,2,20,39,1001.5,1009.5,1,3.29,,0,,49.3
156,堡林,2024-04-18 15:00,24,,2.2,50,40,1000.4,1008.4,1,2.95,,0,,47.1
156,堡林,2024-04-18 16:00,24.4,,3,50,33,1000,1007.9,1,2.39,,0,,42.5
156,堡林,2024-04-18 17:00,24.4,,2.2,50,34,1000.2,1008.1,1,1.69,,0,,35.2
156,堡林,2024-04-18 18:00,23.4,,.9,360,34,1000.8,1008.8,1,.92,,0,,26.6
156,堡林,2024-04-18 19:00,20.7,,1.4,290,47,1001.7,1009.8,.4,.27,,0,,20.6
156,堡林,2024-04-18 20:00,18.9,,.7,270,48,1002.9,1011,0,.05,,0,,17
156,堡林,2024-04-18 21:00,17.9,,.8,250,48,1003.5,1011.7,,,,0,,14.8
156,堡林,2024-04-18 22:00,16.2,,1,230,48,1004.5,1012.8,,,,0,,13.4
156,堡林,2024-04-18 23:00,15.1,,1.2,230,55,1005.2,1013.5,,,,0,,12.3
156,堡林,2024-04-19 00:00,14.9,,.3,0,58,1005.4,1013.8,,,,0,,11.4
156,堡林,2024-04-19 01:00,14,,.5,160,62,1004.9,1013.2,,,,0,,10.4
156,堡林,2024-04-19 02:00,13.5,,.7,290,69,1005,1013.4,,,,0,,9.7
156,堡林,2024-04-19 03:00,13,,.7,290,72,1004.8,1013.2,,,,0,,9
156,堡林,2024-04-19 04:00,12.4,,.9,270,80,1004.8,1013.2,,,,4,,8.6
156,堡林,2024-04-19 05:00,11.6,,1.2,270,83,1005.6,1014.1,,,,6,,8.6
156,堡林,2024-04-19 06:00,11.2,,0,0,88,1005.8,1014.3,0,.05,,7,,8.4
156,堡林,2024-04-19 07:00,11.9,,.3,0,87,1006,1014.4,.4,.33,,6,,10
156,堡林,2024-04-19 08:00,13.6,,.9,270,83,1006.6,1015,.8,.85,,1,,16.2
156,堡林,2024-04-19 09:00,15.9,,.6,250,68,1006.7,1015,1,1.64,,5,,25.7
156,堡林,2024-04-19 10:00,18.9,,.9,270,51,1006.7,1014.9,1,2.38,,2,,36.9
156,堡林,2024-04-19 11:00,21.3,,.7,250,35,1006.1,1014.2,1,2.97,,2,,43.7
156,堡林,2024-04-19 12:00,22.9,,1.1,230,27,1005.4,1013.5,1,3.31,,2,,49
156,堡林,2024-04-19 13:00,24.9,,1.4,270,24,1004.5,1012.5,1,3.39,,3,,51.5
156,堡林,2024-04-19 14:00,25.5,,1.8,250,23,1004,1012,1,3.07,,6,,48.7
156,堡林,2024-04-19 15:00,26,,1,270,27,1003,1011,1,2.42,,6,,44.7
156,堡林,2024-04-19 16:00,25.5,,1.3,270,28,1002.5,1010.5,.6,1.67,,8,,38
156,堡林,2024-04-19 17:00,26.2,,2.4,230,29,1002.1,1010.1,.7,1.48,,3,,36
156,堡林,2024-04-19 18:00,24.1,,1.6,270,33,1002.4,1010.4,.8,.91,,3,,26.3
156,堡林,2024-04-19 19:00,22.4,,1.9,270,37,1003.2,1011.3,.4,.29,,0,,21.2
156,堡林,2024-04-19 20:00,21.5,,.8,270,37,1003.9,1012,0,.05,,8,,17.9
156,堡林,2024-04-19 21:00,20.6,,.2,0,43,1004.5,1012.7,,,,9,,16.5
156,堡林,2024-04-19 22:00,19.3,,.9,180,51,1004.7,1012.8,,,,8,,16.1
156,堡林,2024-04-19 23:00,19,,.9,200,51,1004.8,1013,,,,10,,15.8
156,堡林,2024-04-20 00:00,18.9,,.5,90,48,1004.6,1012.8,,,,9,,15.7
156,堡林,2024-04-20 01:00,17.7,,.9,50,56,1003.8,1012,,,,10,,15.3
156,堡林,2024-04-20 02:00,17.6,,.9,230,56,1003.2,1011.4,,,,10,,15.2
156,堡林,2024-04-20 03:00,17.9,,.9,70,50,1002.4,1010.6,,,,10,,15.4
156,堡林,2024-04-20 04:00,18.8,,1.2,160,35,1001.2,1009.3,,,,10,,15.5
156,堡林,2024-04-20 05:00,18.4,,.8,50,43,1000.9,1009.1,,,,10,,15.7
156,堡林,2024-04-20 06:00,18.1,0,1.2,230,45,1001.5,1009.7,0,.06,,10,,15.7
156,堡林,2024-04-20 07:00,13.8,.9,.9,230,82,1002.2,1010.5,0,.06,,10,,14.6
156,堡林,2024-04-20 08:00,12.6,2.6,1.5,110,99,1001.8,1010.2,0,.09,,10,,14.3
156,堡林,2024-04-20 09:00,12.8,3.4,2.1,70,99,1001.6,1010,0,.2,,10,,15.4
156,堡林,2024-04-20 10:00,13.5,1.6,1.5,70,99,1001.4,1009.7,0,.32,,10,,15.9
156,堡林,2024-04-20 11:00,13.9,.6,2,70,99,1000.7,1009,0,.27,,10,,16.3
156,堡林,2024-04-20 12:00,15,0,1,90,99,999.7,1008,0,.24,,10,,16.6
156,堡林,2024-04-20 13:00,16.2,0,2.1,180,99,998.7,1006.9,0,.29,,10,,17.5
156,堡林,2024-04-20 14:00,16.7,.1,1.1,160,99,997.8,1006,0,.45,,10,,18.6
156,堡林,2024-04-20 15:00,17.7,,1.1,140,97,997.2,1005.4,0,.51,,10,,19.5
156,堡林,2024-04-20 16:00,17.5,0,3,160,96,996.5,1004.7,0,.38,,10,,18.3
156,堡林,2024-04-20 17:00,17.9,0,2.8,140,96,996.2,1004.3,0,.37,,10,,18.3
156,堡林,2024-04-20 18:00,17.6,,2.6,140,95,996.9,1005.1,0,.21,,10,,17.5
156,堡林,2024-04-20 19:00,17.6,,1.9,140,96,997.1,1005.3,0,.1,,6,,16.6
156,堡林,2024-04-20 20:00,17.7,,1.8,160,97,997.5,1005.7,0,.06,,8,,16.4
156,堡林,2024-04-20 21:00,17.6,,.7,200,97,998,1006.2,,,,9,,16.5
156,堡林,2024-04-20 22:00,17.1,0,1.5,200,98,998.3,1006.5,,,,10,,16.5
156,堡林,2024-04-20 23:00,16.3,0,1.1,20,99,998.3,1006.5,,,,10,,16.4
156,堡林,2024-04-21 00:00,15.6,.8,.8,290,99,999,1007.3,,,,10,,16.4
156,堡林,2024-04-21 01:00,15.3,.8,.8,200,99,998.9,1007.2,,,,10,,16.2
156,堡林,2024-04-21 02:00,14.9,.2,1.1,230,99,999.4,1007.7,,,,10,,16.1
156,堡林,2024-04-21 03:00,14.4,1.1,.9,270,99,999.4,1007.7,,,,10,,15.8
156,堡林,2024-04-21 04:00,14.3,.5,.3,0,99,999.2,1007.5,,,,10,,15.7
156,堡林,2024-04-21 05:00,14.5,0,0,0,99,999.5,1007.8,,,,10,,15.7
156,堡林,2024-04-21 06:00,14.6,.1,.2,0,99,999.7,1008,0,.06,,10,,15.8
156,堡林,2024-04-21 07:00,14.8,0,.2,0,99,1000.3,1008.6,0,.08,,10,,16
156,堡林,2024-04-21 08:00,14.5,0,.7,50,99,1000.8,1009.1,0,.11,,10,,16.2
156,堡林,2024-04-21 09:00,14.7,.1,1.8,70,99,1001.3,1009.6,0,.2,,10,,16.7
156,堡林,2024-04-21 10:00,15.1,0,1.2,70,99,1001.3,1009.6,0,.34,,10,,17.7
156,堡林,2024-04-21 11:00,15.4,0,1.2,50,99,1001.5,1009.8,0,.29,,10,,17.9
156,堡林,2024-04-21 12:00,16,0,.7,50,99,1001.3,1009.6,0,.47,,10,,19.1
156,堡林,2024-04-21 13:00,16.4,0,1.1,50,99,1001.3,1009.6,0,.54,,10,,19.6
156,堡林,2024-04-21 14:00,16.4,0,.8,70,99,1001.2,1009.5,0,.38,,10,,18.8
156,堡林,2024-04-21 15:00,16.8,0,.6,110,99,1001.2,1009.4,0,.28,,10,,18.7
156,堡林,2024-04-21 16:00,16.5,0,.2,0,99,1000.8,1009,0,.21,,10,,18.4
156,堡林,2024-04-21 17:00,16.7,0,.5,70,99,1001.5,1009.7,0,.22,,10,,18.3
156,堡林,2024-04-21 18:00,16.4,0,.8,70,99,1001.9,1010.2,0,.16,,10,,17.6
156,堡林,2024-04-21 19:00,16,0,.6,90,99,1001.9,1010.2,0,.1,,10,,17.2
156,堡林,2024-04-21 20:00,15.9,0,.9,70,99,1002.2,1010.5,0,.06,,10,,16.7
156,堡林,2024-04-21 21:00,15.7,,0,0,99,1002.4,1010.7,,,,7,,16.2
156,堡林,2024-04-21 22:00,15.9,,.2,0,99,1002.9,1011.2,,,,6,,16.3
156,堡林,2024-04-21 23:00,16,,.2,0,99,1002.9,1011.2,,,,9,,16.4
156,堡林,2024-04-22 00:00,16.2,0,0,0,99,1003.6,1011.9,,,,10,,16.4
156,堡林,2024-04-22 01:00,15.8,2.1,.2,0,99,1003.5,1011.8,,,,10,,16.3
156,堡林,2024-04-22 02:00,15.6,.2,.1,0,99,1003.1,1011.4,,,,10,,16.3
156,堡林,2024-04-22 03:00,15.6,0,.6,50,99,1003,1011.3,,,,10,,16.2
156,堡林,2024-04-22 04:00,15.5,,.4,0,99,1003,1011.3,,,,10,,16.1
156,堡林,2024-04-22 05:00,15.4,,.1,0,99,1003.2,1011.5,,,,9,,16
156,堡林,2024-04-22 06:00,15.2,.1,.8,90,99,1003.3,1011.6,0,.06,,10,,15.9
156,堡林,2024-04-22 07:00,15,0,1.2,50,99,1003.9,1012.2,0,.13,,10,,16.4
156,堡林,2024-04-22 08:00,15.6,,1.2,70,99,1004.3,1012.6,0,.31,,10,,17.6
156,堡林,2024-04-22 09:00,16.7,,.3,0,99,1004.4,1012.7,0,.76,,10,,21.3
156,堡林,2024-04-22 10:00,16.7,,.1,0,99,1004.5,1012.8,0,.51,,10,,19.7
156,堡林,2024-04-22 11:00,17.2,0,.2,0,99,1004.7,1012.9,0,.64,,10,,21.5
156,堡林,2024-04-22 12:00,17.7,0,.9,200,99,1004.6,1012.8,0,1.11,,10,,22.8
156,堡林,2024-04-22 13:00,18.1,0,.4,0,98,1004.5,1012.7,0,.7,,10,,22.3
156,堡林,2024-04-22 14:00,18.9,0,1.4,200,99,1003.9,1012.1,0,.97,,10,,24.2
156,堡林,2024-04-22 15:00,17.7,0,1.2,200,99,1004.1,1012.3,0,.87,,10,,21.8
156,堡林,2024-04-22 16:00,18.8,0,1.4,180,97,1003.9,1012.1,0,.7,,9,,22.7
156,堡林,2024-04-22 17:00,17.8,,1.9,180,97,1004,1012.2,0,.81,,10,,20.7
156,堡林,2024-04-22 18:00,17.2,0,1.6,200,99,1004.1,1012.3,0,.19,,10,,18.4
156,堡林,2024-04-22 19:00,17.1,0,1,200,98,1004.4,1012.6,0,.09,,8,,17.6
156,堡林,2024-04-22 20:00,16.9,,.1,0,98,1004.9,1013.2,0,.06,,10,,17.2
156,堡林,2024-04-22 21:00,16.7,,.5,90,99,1005.8,1014.1,,,,9,,16.9
156,堡林,2024-04-22 22:00,16.4,,.4,0,99,1005.9,1014.2,,,,10,,16.6
156,堡林,2024-04-22 23:00,15.7,,1.6,70,99,1005.8,1014.1,,,,6,,15.9
156,堡林,2024-04-23 00:00,15.3,,.9,50,90,1006,1014.3,,,,6,,14.7
156,堡林,2024-04-23 01:00,14.4,,.9,90,94,1005.6,1013.9,,,,4,,13.1
156,堡林,2024-04-23 02:00,13.4,,.8,70,99,1005.2,1013.6,,,,7,,12.2
156,堡林,2024-04-23 03:00,13.5,,.3,0,99,1004.8,1013.2,,,,3,,12.1
156,堡林,2024-04-23 04:00,12.9,,.4,0,99,1004.7,1013.1,,,,3,,11.8
156,堡林,2024-04-23 05:00,12.4,,1,70,99,1004.3,1012.7,,,,2,,11.1
156,堡林,2024-04-23 06:00,12,,1.2,50,99,1004.4,1012.8,0,.06,,1,,10.5
156,堡林,2024-04-23 07:00,12.2,,1.5,70,99,1004.4,1012.8,.5,.32,,2,,11.9
156,堡林,2024-04-23 08:00,14,,1.4,70,96,1004.4,1012.7,1,1,,1,,17.1
156,堡林,2024-04-23 09:00,16.1,,1.3,70,85,1003.8,1012.1,1,1.81,,4,,23.7
156,堡林,2024-04-23 10:00,17.7,,.7,20,69,1003.6,1011.8,1,2.4,,5,,28.3
156,堡林,2024-04-23 11:00,19.1,,1.8,230,65,1003.3,1011.4,1,2.87,,7,,30.6
156,堡林,2024-04-23 12:00,19.1,,.4,0,65,1003.1,1011.2,.2,1.87,,8,,27.3
156,堡林,2024-04-23 13:00,19.4,,.8,70,59,1002.1,1010.2,0,1.49,,9,,25.4
156,堡林,2024-04-23 14:00,19.8,,1.8,230,60,1001.2,1009.3,0,1.3,,9,,24.8
156,堡林,2024-04-23 15:00,19.3,,1.8,270,64,1000.8,1008.9,0,.67,,9,,21.6
156,堡林,2024-04-23 16:00,18.4,,1,320,69,1000.4,1008.6,0,.2,,9,,18.5
156,堡林,2024-04-23 17:00,17.5,,1.9,270,83,1000.9,1009.1,0,.21,,9,,18.1
156,堡林,2024-04-23 18:00,16.2,.1,1.5,270,92,1001.4,1009.7,0,.14,,10,,16.9
156,堡林,2024-04-23 19:00,14.1,1.3,.6,110,99,1000.1,1008.4,0,.1,,10,,16.1
156,堡林,2024-04-23 20:00,14.9,.1,.4,0,99,1001,1009.3,0,.06,,10,,16
156,堡林,2024-04-23 21:00,14.5,0,1.1,230,99,1001.9,1010.2,,,,10,,15.7
156,堡林,2024-04-23 22:00,13.7,1.1,2.1,270,99,1002.8,1011.1,,,,10,,15.3
156,堡林,2024-04-23 23:00,13.6,.8,.5,250,99,1001.7,1010,,,,10,,15.3
156,堡林,2024-04-24 00:00,13.5,0,.3,0,99,1000.9,1009.2,,,,10,,15
156,堡林,2024-04-24 01:00,13.6,,1.1,250,99,1001,1009.3,,,,10,,14.7
156,堡林,2024-04-24 02:00,13.5,,.8,270,99,1000.5,1008.8,,,,9,,14.7
156,堡林,2024-04-24 03:00,13.2,,1.1,230,99,1000.1,1008.4,,,,9,,14.2
156,堡林,2024-04-24 04:00,13.1,0,.9,230,99,999.7,1008,,,,10,,14.3
156,堡林,2024-04-24 05:00,13.2,0,1,200,99,999.3,1007.6,,,,10,,14.3
156,堡林,2024-04-24 06:00,13.2,.8,1.4,250,99,999.4,1007.7,0,.06,,10,,14.3
156,堡林,2024-04-24 07:00,13.3,0,2.3,230,99,999.7,1008,0,.13,,10,,14.7
156,堡林,2024-04-24 08:00,13.5,.5,3.5,270,99,1000.2,1008.5,0,.28,,8,,15.2
156,堡林,2024-04-24 09:00,14.3,,2.6,290,95,1000.6,1008.9,.4,1.01,,9,,18.3
156,堡林,2024-04-24 10:00,15.4,.1,3.3,270,87,1000.3,1008.6,.5,1.62,,6,,24.7
156,堡林,2024-04-24 11:00,15.4,,1.9,290,78,1000.5,1008.8,.3,1.26,,9,,20.6
156,堡林,2024-04-24 12:00,15.6,,3.3,290,79,1000.7,1009,0,1.27,,9,,21.6
156,堡林,2024-04-24 13:00,14.8,,2.4,290,83,1001.2,1009.5,.1,.83,,8,,19.1
156,堡林,2024-04-24 14:00,15.5,,2.2,320,79,1001.4,1009.7,.5,2.36,,6,,26.4
156,堡林,2024-04-24 15:00,17.2,,1.5,20,69,1000.9,1009.1,1,3.06,,8,,30.7
156,堡林,2024-04-24 16:00,15.4,,1.8,360,70,1000.8,1009.1,.5,1.39,,5,,21.7
156,堡林,2024-04-24 17:00,16.8,,2,340,69,1000.9,1009.1,.8,1.57,,5,,22.2
156,堡林,2024-04-24 18:00,15.8,,1.4,320,72,1001.1,1009.4,1,1.06,,2,,17
156,堡林,2024-04-24 19:00,14.1,,1.7,320,82,1001.7,1010,.9,.35,,0,,14.1
156,堡林,2024-04-24 20:00,12.7,,1.7,320,91,1002.1,1010.5,0,.06,,0,,12.3
156,堡林,2024-04-24 21:00,12.2,,1.2,290,93,1003,1011.4,,,,0,,11.3
156,堡林,2024-04-24 22:00,11.6,,.5,20,98,1003.7,1012.1,,,,0,,10.4
156,堡林,2024-04-24 23:00,11,,.8,290,98,1004.1,1012.6,,,,0,,9.9
156,堡林,2024-04-25 00:00,10.7,,.2,0,99,1004.1,1012.6,,,,0,,9.3
156,堡林,2024-04-25 01:00,10.4,,.3,0,99,1003.8,1012.3,,,,0,,8.9
156,堡林,2024-04-25 02:00,10,,.5,50,99,1003.9,1012.4,,,,0,,8.5
156,堡林,2024-04-25 03:00,9.7,,.7,320,99,1004.2,1012.7,,,,0,,8
156,堡林,2024-04-25 04:00,9.4,,.3,0,99,1004.4,1012.9,,,,5,,8.4
156,堡林,2024-04-25 05:00,8.4,,1.6,70,99,1004.4,1012.9,,,,5,,7.9
156,堡林,2024-04-25 06:00,8.2,,1.8,70,99,1004.3,1012.8,0,.06,,0,,7.4
156,堡林,2024-04-25 07:00,9.3,,1.3,50,99,1004.8,1013.3,.6,.38,,0,,8.4
156,堡林,2024-04-25 08:00,11.4,,1.9,70,98,1004.9,1013.4,1,1.18,,0,,15.3
156,堡林,2024-04-25 09:00,14.1,,1.3,50,87,1004.6,1012.9,1,1.96,,0,,23.5
156,堡林,2024-04-25 10:00,16.4,,.7,50,73,1004.5,1012.8,1,2.67,,0,,28.9
156,堡林,2024-04-25 11:00,18,,.9,360,67,1004.2,1012.4,1,3.21,,0,,33
156,堡林,2024-04-25 12:00,19.9,,.8,320,62,1003.4,1011.6,1,3.52,,2,,34.8
156,堡林,2024-04-25 13:00,22,,1.3,360,56,1002.3,1010.4,1,3.49,,0,,37.1
156,堡林,2024-04-25 14:00,24.2,,1.2,340,48,1001.7,1009.7,1,3.49,,0,,38.5
156,堡林,2024-04-25 15:00,24.8,,.9,290,46,1001.5,1009.4,1,3.12,,0,,38.1
156,堡林,2024-04-25 16:00,25.3,,1.8,230,46,1001,1009,1,2.56,,0,,35.4
156,堡林,2024-04-25 17:00,24.7,,2.4,270,43,1001.2,1009.1,1,1.81,,0,,29.9
156,堡林,2024-04-25 18:00,23.4,,1.5,290,55,1001.6,1009.6,1,1.05,,0,,23.9
156,堡林,2024-04-25 19:00,20.1,,1.8,270,64,1002.1,1010.3,.5,.3,,5,,19.4
156,堡林,2024-04-25 20:00,17.8,,1.6,270,71,1002.7,1010.9,0,.06,,3,,16.6
156,堡林,2024-04-25 21:00,16.5,,.9,230,80,1003.1,1011.4,,,,0,,14.8
156,堡林,2024-04-25 22:00,15.6,,.1,0,81,1003.2,1011.5,,,,5,,13.7
156,堡林,2024-04-25 23:00,15.7,,.8,250,81,1003.3,1011.6,,,,4,,13.2
156,堡林,2024-04-26 00:00,14.9,,.9,250,88,1003.1,1011.4,,,,7,,12.8
156,堡林,2024-04-26 01:00,14.2,,.7,270,89,1003.1,1011.4,,,,8,,12.4
156,堡林,2024-04-26 02:00,13.5,,.1,0,93,1002.8,1011.1,,,,9,,12.3
156,堡林,2024-04-26 03:00,13.2,,.7,50,98,1002.5,1010.9,,,,7,,11.6
156,堡林,2024-04-26 04:00,13.1,,.8,250,98,1002.6,1011,,,,9,,12
156,堡林,2024-04-26 05:00,12.7,,.3,0,99,1002.5,1010.9,,,,9,,12
156,堡林,2024-04-26 06:00,13,,.1,0,99,1002.5,1010.9,0,.05,,9,,11.9
156,堡林,2024-04-26 07:00,13.4,,.1,0,99,1002.6,1011,0,.21,,9,,13.8
156,堡林,2024-04-26 08:00,14.4,,.8,50,99,1002.5,1010.8,0,.46,,9,,16.5
156,堡林,2024-04-26 09:00,16.5,,.3,0,97,1002.9,1011.2,.5,1.22,,8,,22.6
156,堡林,2024-04-26 10:00,18,,.4,0,84,1003.1,1011.3,.7,1.68,,8,,25.2
156,堡林,2024-04-26 11:00,20.4,,1.1,250,75,1002.9,1011.1,.4,1.78,,7,,29.6
156,堡林,2024-04-26 12:00,21.8,,1.9,270,66,1002.4,1010.5,.9,2.69,,6,,34.7
156,堡林,2024-04-26 13:00,21.2,,1.5,270,67,1001.8,1009.9,.3,1.44,,9,,27.1
156,堡林,2024-04-26 14:00,23.3,,2.6,270,52,1001.6,1009.6,.7,2.43,,8,,34.9
156,堡林,2024-04-26 15:00,22.4,,1.4,270,45,1001.1,1009.1,.6,1.79,,9,,29.6
156,堡林,2024-04-26 16:00,23.1,,.7,290,40,1000.5,1008.5,.2,1.43,,8,,30.4
156,堡林,2024-04-26 17:00,23.6,,.4,0,40,1000,1008,1,1.76,,7,,29.4
156,堡林,2024-04-26 18:00,23,,.8,250,44,1000.4,1008.4,.9,.93,,8,,24.9
156,堡林,2024-04-26 19:00,20.5,,.6,320,71,1000.9,1009,.2,.27,,5,,20.3
156,堡林,2024-04-26 20:00,19,,.9,250,77,1001.5,1009.6,0,.06,,2,,17.1
156,堡林,2024-04-26 21:00,18,,.7,290,78,1002,1010.2,,,,3,,15.6
156,堡林,2024-04-26 22:00,16.8,,.6,200,82,1002.4,1010.6,,,,0,,14.3
156,堡林,2024-04-26 23:00,16.8,,.5,270,80,1002.4,1010.6,,,,0,,13.5
156,堡林,2024-04-27 00:00,15.4,,.8,270,87,1002.5,1010.8,,,,0,,12.8
156,堡林,2024-04-27 01:00,14.9,,.5,270,90,1002.7,1011,,,,0,,12.3
156,堡林,2024-04-27 02:00,14.8,,.6,250,94,1002.7,1011,,,,0,,11.7
156,堡林,2024-04-27 03:00,13.9,,.7,270,96,1002.6,1010.9,,,,0,,11.3
156,堡林,2024-04-27 04:00,13.3,,.3,0,99,1002.5,1010.9,,,,0,,10.6
156,堡林,2024-04-27 05:00,12.6,,.3,0,99,1002.7,1011.1,,,,0,,10
156,堡林,2024-04-27 06:00,12.2,,.3,0,99,1002.6,1011,0,.06,,0,,9.6
156,堡林,2024-04-27 07:00,12.7,,1,320,99,1003.2,1011.6,.6,.4,,0,,11
156,堡林,2024-04-27 08:00,15.3,,.7,360,99,1003.6,1011.9,1,1.17,,0,,18.5
156,堡林,2024-04-27 09:00,17.5,,.7,320,87,1003.6,1011.8,1,1.96,,0,,27
156,堡林,2024-04-27 10:00,20.5,,.9,70,62,1003.3,1011.5,1,2.65,,0,,33.8
156,堡林,2024-04-27 11:00,23.2,,1.2,50,45,1003.3,1011.3,1,3.21,,0,,40
156,堡林,2024-04-27 12:00,24,,1.3,340,36,1003.2,1011.2,1,3.51,,0,,44.2
156,堡林,2024-04-27 13:00,25.6,,1,20,33,1002.2,1010.2,1,3.64,,0,,47.6
156,堡林,2024-04-27 14:00,26.6,,1.4,290,32,1001.8,1009.8,1,3.48,,0,,47.3
156,堡林,2024-04-27 15:00,27.2,,1.5,320,29,1001.4,1009.3,1,3.12,,0,,45.9
156,堡林,2024-04-27 16:00,27.2,,1.6,360,28,1000.8,1008.7,1,2.58,,0,,41.9
156,堡林,2024-04-27 17:00,26.8,,1.1,340,31,1000.8,1008.7,1,1.85,,0,,34.5
156,堡林,2024-04-27 18:00,25.1,,1.3,360,33,1001.3,1009.3,1,1.08,,0,,26.8
156,堡林,2024-04-27 19:00,22.6,,.8,290,44,1002,1010,.8,.33,,0,,21.5
156,堡林,2024-04-27 20:00,20.9,,.7,340,49,1002.8,1010.9,0,.05,,0,,18.1
156,堡林,2024-04-27 21:00,19.5,,.9,320,53,1004.2,1012.3,,,,0,,16.2
156,堡林,2024-04-27 22:00,17.9,,1.5,70,58,1004.5,1012.7,,,,0,,15.1
156,堡林,2024-04-27 23:00,18.2,,.4,0,57,1004.7,1012.9,,,,0,,14.2
156,堡林,2024-04-28 00:00,17.1,,.6,250,63,1005.5,1013.8,,,,0,,13.7
156,堡林,2024-04-28 01:00,16.3,,.8,250,66,1005.5,1013.8,,,,0,,12.8
156,堡林,2024-04-28 02:00,15.6,,.7,50,71,1004.9,1013.2,,,,0,,12.1
156,堡林,2024-04-28 03:00,14.3,,.9,50,84,1004.5,1012.8,,,,0,,11.4
156,堡林,2024-04-28 04:00,14.6,,.8,270,83,1004.5,1012.8,,,,0,,11.1
156,堡林,2024-04-28 05:00,13.3,,.4,0,94,1005.2,1013.6,,,,4,,10.9
156,堡林,2024-04-28 06:00,13.4,,.2,0,94,1005.3,1013.7,0,.07,,6,,11
156,堡林,2024-04-28 07:00,14.2,,0,0,93,1005.6,1013.9,0,.3,,8,,13.7
156,堡林,2024-04-28 08:00,15.6,,.4,0,87,1006.3,1014.6,.1,.76,,9,,18.6
156,堡林,2024-04-28 09:00,17.9,,.6,50,72,1005.2,1013.4,.4,1.23,,7,,24.2
156,堡林,2024-04-28 10:00,20.6,,1.3,250,68,1005.9,1014.1,.9,2.1,,6,,33.9
156,堡林,2024-04-28 11:00,23.5,,.7,230,55,1005.6,1013.6,1,3.09,,6,,43
156,堡林,2024-04-28 12:00,26,,1.3,250,50,1005,1013,1,3.23,,6,,46.6
156,堡林,2024-04-28 13:00,28,,.5,320,48,1004.5,1012.4,1,3.23,,7,,49
156,堡林,2024-04-28 14:00,28.8,,2.4,230,37,1003.7,1011.6,1,3.34,,6,,49.7
156,堡林,2024-04-28 15:00,28.6,,3.3,230,34,1003.4,1011.3,1,2.88,,7,,47.1
156,堡林,2024-04-28 16:00,28.1,,2.5,200,37,1003,1010.9,1,2.34,,6,,41.8
156,堡林,2024-04-28 17:00,27.3,,2.2,230,47,1003,1010.9,1,1.51,,8,,35.5
156,堡林,2024-04-28 18:00,24.9,,3.6,230,54,1003.3,1011.3,.2,.72,,8,,28.6
156,堡林,2024-04-28 19:00,23.4,,1.6,230,59,1003.4,1011.4,0,.22,,7,,23.6
156,堡林,2024-04-28 20:00,22.4,,1.6,250,61,1003.9,1012,0,.05,,8,,20.7
156,堡林,2024-04-28 21:00,21.5,,.6,50,69,1003.9,1012,,,,7,,20.3
156,堡林,2024-04-28 22:00,21.5,,.3,0,68,1004.3,1012.4,,,,10,,20
156,堡林,2024-04-28 23:00,21,,.4,0,70,1003.7,1011.8,,,,10,,19.8
156,堡林,2024-04-29 00:00,20.3,,.7,50,67,1003.3,1011.5,,,,9,,19.3
156,堡林,2024-04-29 01:00,20.4,,.3,0,57,1002.7,1010.9,,,,10,,19
156,堡林,2024-04-29 02:00,18.4,0,1.2,50,62,1001.9,1010.1,,,,10,,18
156,堡林,2024-04-29 03:00,15.8,.5,1.5,70,84,1001.5,1009.8,,,,10,,16.4
156,堡林,2024-04-29 04:00,15.1,2.1,1,70,99,1001,1009.3,,,,10,,16.4
156,堡林,2024-04-29 05:00,14.4,1.5,1.2,70,99,1000.8,1009.1,,,,10,,16.1
156,堡林,2024-04-29 06:00,14.9,1.3,3.1,70,99,1000.2,1008.5,0,.07,,10,,16.2
156,堡林,2024-04-29 07:00,15,.1,3.3,70,99,1000.2,1008.5,0,.1,,10,,16.7
156,堡林,2024-04-29 08:00,15.5,1.3,1.9,70,99,1000.3,1008.6,0,.15,,10,,17.2
156,堡林,2024-04-29 09:00,15.9,.3,2.4,70,99,1000.1,1008.4,0,.29,,10,,18.1
156,堡林,2024-04-29 10:00,16.2,.1,2.8,70,99,1000.1,1008.4,0,.34,,10,,18.8
156,堡林,2024-04-29 11:00,17.3,.2,2.2,70,99,999.9,1008.1,0,.76,,10,,22.4
156,堡林,2024-04-29 12:00,17.5,0,2.5,70,99,999.3,1007.5,0,.87,,10,,22.3
156,堡林,2024-04-29 13:00,17.2,.3,1.6,50,99,998.8,1007,0,.6,,10,,21.8
156,堡林,2024-04-29 14:00,17.2,.4,1.5,50,99,998.5,1006.7,0,.59,,10,,21.6
156,堡林,2024-04-29 15:00,17.3,.5,1.7,50,99,997.9,1006.1,0,.54,,10,,21.5
156,堡林,2024-04-29 16:00,17.2,0,1.5,70,99,997.1,1005.3,0,.43,,10,,20.6
156,堡林,2024-04-29 17:00,17.4,0,1.2,70,99,997.2,1005.4,0,.3,,10,,20.1
156,堡林,2024-04-29 18:00,17.2,0,.9,50,99,997.7,1005.9,0,.21,,10,,19.4
156,堡林,2024-04-29 19:00,16.5,.1,1,70,99,998.4,1006.6,0,.09,,10,,18.5
156,堡林,2024-04-29 20:00,16.4,0,1.2,70,99,998.9,1007.1,0,.06,,10,,17.9
156,堡林,2024-04-29 21:00,16.3,,.8,70,99,999.2,1007.4,,,,10,,17.6
156,堡林,2024-04-29 22:00,16.3,,.7,90,99,999.6,1007.8,,,,10,,17.4
156,堡林,2024-04-29 23:00,16,,.9,50,99,999.1,1007.4,,,,10,,17.2
156,堡林,2024-04-30 00:00,16.1,,.9,20,99,999.5,1007.8,,,,10,,17.3
156,堡林,2024-04-30 01:00,15.8,,0,0,99,998.8,1007.1,,,,10,,17.1
156,堡林,2024-04-30 02:00,15.7,,.4,0,99,997.8,1006.1,,,,10,,17
156,堡林,2024-04-30 03:00,15.7,,.2,0,99,997.8,1006.1,,,,9,,16.9
156,堡林,2024-04-30 04:00,15.7,,0,0,99,998.1,1006.4,,,,10,,16.9
156,堡林,2024-04-30 05:00,15.8,,1.3,290,99,998.9,1007.2,,,,9,,16.6
156,堡林,2024-04-30 06:00,15.6,,.8,250,99,998.9,1007.2,0,.06,,9,,16.3
156,堡林,2024-04-30 07:00,16.1,,.1,0,99,998.9,1007.1,0,.23,,7,,17.5
156,堡林,2024-04-30 08:00,16.9,,.2,0,99,998.5,1006.7,.2,.8,,7,,20.8
156,堡林,2024-04-30 09:00,18,,1.1,290,97,999.1,1007.3,.2,1.02,,9,,23.8
156,堡林,2024-04-30 10:00,17.9,,1.2,320,97,999.2,1007.4,.6,1.64,,9,,26.7
156,堡林,2024-04-30 11:00,18.8,,1.9,270,87,999.4,1007.5,.9,2.6,,8,,31.2
156,堡林,2024-04-30 12:00,19.9,,2.6,270,75,999.3,1007.4,1,3.39,,5,,33.1
156,堡林,2024-04-30 13:00,20.4,,1.5,270,68,998.7,1006.8,1,3.4,,3,,33.8
156,堡林,2024-04-30 14:00,21.1,,1.5,290,62,997.5,1005.6,1,3.35,,5,,35
156,堡林,2024-04-30 15:00,20.3,,1.4,320,64,997.6,1005.7,.7,2.5,,9,,30.9
156,堡林,2024-04-30 16:00,19,,1.2,290,71,997.7,1005.8,0,1.36,,9,,26.3
156,堡林,2024-04-30 17:00,18.3,,1.6,290,73,998,1006.1,0,.65,,10,,22.9
156,堡林,2024-04-30 18:00,16.9,,1.4,270,78,998.2,1006.4,0,.34,,10,,19.7
156,堡林,2024-04-30 19:00,16,,1.9,270,80,999.5,1007.8,0,.15,,10,,17.8
156,堡林,2024-04-30 20:00,14.6,,1.7,250,85,1000.3,1008.6,0,.06,,10,,16.1
156,堡林,2024-04-30 21:00,14.4,,1,250,91,1000.9,1009.2,,,,10,,15.5
156,堡林,2024-04-30 22:00,14,,1.3,200,90,1001,1009.3,,,,10,,15
156,堡林,2024-04-30 23:00,13.3,,.9,250,94,1000.6,1008.9,,,,9,,14.4
156,堡林,2024-05-01 00:00,13.4,,.5,360,95,1000.4,1008.7,,,,9,,14.4
156,堡林,2024-05-01 01:00,13.5,,.5,90,96,1000,1008.3,,,,10,,14.6
156,堡林,2024-05-01 02:00,13.7,,.8,270,96,1000,1008.3,,,,10,,15.1
156,堡林,2024-05-01 03:00,12.7,.1,.8,200,99,1000.5,1008.9,,,,10,,14.9
156,堡林,2024-05-01 04:00,12.9,0,0,0,99,1000.7,1009.1,,,,10,,15
156,堡林,2024-05-01 05:00,13.2,0,0,0,99,1000.9,1009.2,,,,10,,15.1
156,堡林,2024-05-01 06:00,13.8,0,.3,0,99,1000.7,1009,0,.06,,9,,15.4
156,堡林,2024-05-01 07:00,14,,.9,50,99,1001.3,1009.6,0,.11,,9,,15.5
156,堡林,2024-05-01 08:00,14.1,0,.3,0,99,1001.9,1010.2,0,.18,,10,,16.2
156,堡林,2024-05-01 09:00,14.6,0,.8,70,99,1002.4,1010.7,0,.34,,10,,17.5
156,堡林,2024-05-01 10:00,14.4,0,1.6,70,99,1003.1,1011.4,0,.35,,10,,17.6
156,堡林,2024-05-01 11:00,14.5,1.3,1.4,70,99,1003.2,1011.5,0,.66,,10,,20
156,堡林,2024-05-01 12:00,14.6,0,1.7,70,99,1003.5,1011.8,0,.94,,10,,22
156,堡林,2024-05-01 13:00,15,0,.8,50,99,1003.4,1011.7,0,.75,,10,,20.4
156,堡林,2024-05-01 14:00,15.4,,.8,180,99,1003.1,1011.4,0,.43,,10,,18.8
156,堡林,2024-05-01 15:00,15.4,0,1.1,200,99,1003.4,1011.7,0,.3,,10,,18.6
156,堡林,2024-05-01 16:00,15.8,1,.4,0,99,1003.3,1011.6,0,.61,,9,,20.4
156,堡林,2024-05-01 17:00,16.5,,1.2,290,99,1003.7,1012,.1,.99,,9,,21.4
156,堡林,2024-05-01 18:00,17.1,,1.6,250,97,1004.1,1012.3,.7,.98,,7,,20.5
156,堡林,2024-05-01 19:00,16,,1.2,250,99,1005.5,1013.8,.1,.23,,7,,17.6
156,堡林,2024-05-01 20:00,16.1,,1.3,270,99,1006.1,1014.4,0,.06,,10,,16.8
156,堡林,2024-05-01 21:00,15.6,,1.5,250,99,1007.6,1015.9,,,,10,,16.4
156,堡林,2024-05-01 22:00,15.3,,1.9,270,99,1008.5,1016.9,,,,7,,15.9
156,堡林,2024-05-01 23:00,14.9,,.8,270,99,1008.4,1016.8,,,,0,,15.3
156,堡林,2024-05-02 00:00,14.2,,.7,270,99,1008.4,1016.8,,,,3,,13.5
156,堡林,2024-05-02 01:00,13.9,,.4,0,99,1008.3,1016.7,,,,0,,12.8
156,堡林,2024-05-02 02:00,13.5,,.3,0,99,1007.8,1016.2,,,,4,,12.1
156,堡林,2024-05-02 03:00,13.4,,.9,90,99,1008.2,1016.6,,,,7,,12.3
156,堡林,2024-05-02 04:00,12.9,,.6,250,99,1008.7,1017.1,,,,2,,11.7
156,堡林,2024-05-02 05:00,12.7,,.1,0,99,1009.6,1018,,,,4,,12.2
156,堡林,2024-05-02 06:00,13,,.2,0,99,1010.6,1019,0,.06,,10,,13.6
156,堡林,2024-05-02 07:00,13.2,,.8,270,99,1011.4,1019.8,0,.18,,9,,14.9
156,堡林,2024-05-02 08:00,13.7,,.6,200,99,1011.7,1020.1,0,.62,,6,,17.6
156,堡林,2024-05-02 09:00,15.6,,.9,50,97,1011.6,1020,.5,1.36,,6,,22.9
156,堡林,2024-05-02 10:00,15.9,,.6,360,90,1011.7,1020.1,.5,1.73,,5,,22.7
156,堡林,2024-05-02 11:00,19.1,,.9,360,73,1011.5,1019.7,1,3.1,,6,,32
156,堡林,2024-05-02 12:00,19.7,,1.1,340,71,1010.8,1019,1,3.4,,5,,32
156,堡林,2024-05-02 13:00,21.1,,.9,320,59,1010,1018.2,1,3.32,,6,,33.5
156,堡林,2024-05-02 14:00,23,,.7,50,55,1009.1,1017.2,.8,2.91,,4,,34.8
156,堡林,2024-05-02 15:00,21.7,,1.7,50,51,1008.6,1016.7,.5,1.84,,6,,29
156,堡林,2024-05-02 16:00,22.1,,1,50,53,1008.5,1016.6,.4,1.55,,6,,27
156,堡林,2024-05-02 17:00,21.6,,2.3,50,58,1008.9,1017,.5,1.15,,6,,25.1
156,堡林,2024-05-02 18:00,21,,.9,340,60,1008.7,1016.9,.5,.84,,8,,23
156,堡林,2024-05-02 19:00,19.7,,1.6,50,65,1009,1017.2,.7,.34,,3,,19.4
156,堡林,2024-05-02 20:00,18.1,,.7,360,69,1009.7,1017.9,0,.06,,0,,17.3
156,堡林,2024-05-02 21:00,17.2,,.7,320,70,1010.3,1018.6,,,,0,,16.1
156,堡林,2024-05-02 22:00,16.6,,.7,250,72,1010.6,1018.9,,,,0,,15.2
156,堡林,2024-05-02 23:00,15.1,,.8,230,81,1011,1019.4,,,,0,,14.3
156,堡林,2024-05-03 00:00,14.1,,.7,230,84,1011,1019.4,,,,0,,13.5
156,堡林,2024-05-03 01:00,14.3,,.6,270,91,1011,1019.4,,,,0,,13
156,堡林,2024-05-03 02:00,13.2,,.6,270,96,1010.9,1019.3,,,,0,,12.4
156,堡林,2024-05-03 03:00,12.8,,.7,50,97,1010.7,1019.1,,,,0,,11.9
156,堡林,2024-05-03 04:00,12.4,,.6,70,99,1010.9,1019.4,,,,0,,11.3
156,堡林,2024-05-03 05:00,11.5,,.5,360,99,1011.1,1019.6,,,,0,,10.8
156,堡林,2024-05-03 06:00,11.1,,.4,0,99,1011.7,1020.2,0,.07,,0,,10.4
156,堡林,2024-05-03 07:00,11.7,,.1,0,99,1011.9,1020.4,.8,.47,,0,,11.4
156,堡林,2024-05-03 08:00,14.8,,.5,320,89,1012.1,1020.5,1,1.24,,0,,17.7
156,堡林,2024-05-03 09:00,18.5,,1.7,70,57,1011.7,1019.9,1,2.03,,0,,24
156,堡林,2024-05-03 10:00,20.4,,.8,50,48,1011.5,1019.7,1,2.71,,0,,29.5
156,堡林,2024-05-03 11:00,22.6,,1.7,20,38,1011.1,1019.2,1,3.26,,0,,33.8
156,堡林,2024-05-03 12:00,24.7,,1.8,70,36,1010.2,1018.2,1,3.6,,0,,36.8
156,堡林,2024-05-03 13:00,25.7,,1.7,90,33,1009.2,1017.2,1,3.7,,0,,39.4
156,堡林,2024-05-03 14:00,26.4,,1.6,50,28,1008.4,1016.4,1,3.54,,0,,41
156,堡林,2024-05-03 15:00,26.8,,1.2,250,27,1007.7,1015.7,1,3.15,,0,,40.4
156,堡林,2024-05-03 16:00,27,,1,340,27,1007.2,1015.2,1,2.57,,0,,37.7
156,堡林,2024-05-03 17:00,26.2,,2,290,33,1007.4,1015.4,1,1.84,,0,,31.6
156,堡林,2024-05-03 18:00,24,,1.2,270,40,1007.9,1015.9,1,1.07,,0,,25.7
156,堡林,2024-05-03 19:00,21.7,,1.5,270,43,1008.6,1016.7,.8,.32,,0,,22
156,堡林,2024-05-03 20:00,20.7,,1,250,45,1009.2,1017.4,0,.06,,0,,19.5
156,堡林,2024-05-03 21:00,19.7,,.5,250,49,1009.7,1017.9,,,,0,,18.1
156,堡林,2024-05-03 22:00,18.9,,.6,270,54,1010.1,1018.3,,,,0,,17
156,堡林,2024-05-03 23:00,18.1,,.4,0,53,1010.1,1018.3,,,,0,,16
156,堡林,2024-05-04 00:00,16.9,,.3,0,61,1010.2,1018.5,,,,0,,15.2
156,堡林,2024-05-04 01:00,15.7,,.2,0,72,1009.9,1018.3,,,,0,,14.6
156,堡林,2024-05-04 02:00,15.8,,.4,0,75,1009.8,1018.2,,,,0,,13.9
156,堡林,2024-05-04 03:00,14.7,,4,270,89,1009.5,1017.9,,,,0,,13.3
156,堡林,2024-05-04 04:00,14,,.7,270,92,1009.4,1017.8,,,,0,,12.5
156,堡林,2024-05-04 05:00,13.3,,.4,0,97,1009.7,1018.1,,,,5,,11.9
156,堡林,2024-05-04 06:00,12.4,,1,50,99,1010,1018.5,0,.07,,0,,11.8
156,堡林,2024-05-04 07:00,13.4,,.1,0,93,1010,1018.4,.8,.51,,0,,13.1
156,堡林,2024-05-04 08:00,16.9,,.9,50,60,1010.1,1018.4,1,1.23,,0,,19.1
156,堡林,2024-05-04 09:00,19.4,,.8,70,51,1009.6,1017.8,1,2.01,,0,,25.2
156,堡林,2024-05-04 10:00,21.7,,.9,140,55,1009.6,1017.7,1,2.68,,0,,32.4
156,堡林,2024-05-04 11:00,23.6,,.6,320,55,1009.1,1017.2,1,3.16,,4,,38.5
156,堡林,2024-05-04 12:00,25.6,,3.6,230,55,1008.5,1016.5,1,3.45,,4,,43.1
156,堡林,2024-05-04 13:00,26,,3.3,180,54,1008.2,1016.2,1,3.28,,8,,44.6
156,堡林,2024-05-04 14:00,26.5,,3.3,200,55,1007.6,1015.6,1,3.44,,8,,45.4
156,堡林,2024-05-04 15:00,25.6,,2,160,55,1006.9,1014.9,1,2.62,,9,,40.1
156,堡林,2024-05-04 16:00,26.3,,2,180,57,1006.8,1014.8,.6,1.93,,9,,37.7
156,堡林,2024-05-04 17:00,24.2,,2.6,180,59,1006.9,1014.9,.1,1.01,,9,,30.7
156,堡林,2024-05-04 18:00,23.6,,2.5,180,61,1006.9,1014.9,0,.41,,9,,27.5
156,堡林,2024-05-04 19:00,22.7,,2.4,200,61,1007.3,1015.4,0,.21,,10,,24.5
156,堡林,2024-05-04 20:00,21.7,,1.4,160,65,1007.3,1015.4,0,.06,,7,,22.5
156,堡林,2024-05-04 21:00,21.8,,1.7,180,64,1007.5,1015.6,,,,10,,21.8
156,堡林,2024-05-04 22:00,19.2,0,4.2,180,82,1008.2,1016.4,,,,10,,20.7
156,堡林,2024-05-04 23:00,19.1,0,.7,250,96,1007.8,1016,,,,10,,20.2
156,堡林,2024-05-05 00:00,19.4,0,2,180,94,1007.5,1015.7,,,,10,,19.6
156,堡林,2024-05-05 01:00,19.3,0,2.5,180,98,1006.6,1014.8,,,,10,,19.5
156,堡林,2024-05-05 02:00,19.4,0,3.3,180,98,1006.3,1014.5,,,,10,,19.3
156,堡林,2024-05-05 03:00,19.4,,3.1,200,99,1005.9,1014,,,,10,,19.3
156,堡林,2024-05-05 04:00,19.5,,2.6,180,99,1005.3,1013.4,,,,10,,19.3
156,堡林,2024-05-05 05:00,19.7,0,2,180,99,1004.6,1012.7,,,,10,,19.4
156,堡林,2024-05-05 06:00,19.5,0,2.1,200,99,1004.3,1012.4,0,.06,,10,,19.3
156,堡林,2024-05-05 07:00,19.1,0,3.1,180,99,1004.3,1012.4,0,.14,,10,,19.6
156,堡林,2024-05-05 08:00,18.5,1.2,2.5,180,99,1004.3,1012.5,0,.23,,10,,19.9
156,堡林,2024-05-05 09:00,18.7,2.9,1.6,180,99,1004.1,1012.3,0,.31,,10,,20.4
156,堡林,2024-05-05 10:00,18.8,3.3,1.9,200,99,1004,1012.2,0,.38,,10,,20.8
156,堡林,2024-05-05 11:00,19,1.1,3.3,180,99,1003.4,1011.5,0,.47,,10,,21
156,堡林,2024-05-05 12:00,18.9,3.3,2.8,200,99,1002.8,1010.9,0,.42,,10,,20.8
156,堡林,2024-05-05 13:00,19.2,2.3,4.1,180,99,1002,1010.1,0,.43,,10,,21
156,堡林,2024-05-05 14:00,19,4.6,3.1,180,99,1001.2,1009.3,0,.54,,10,,20.9
156,堡林,2024-05-05 15:00,19.5,3,4.2,180,99,1000.2,1008.3,0,.47,,10,,21.1
156,堡林,2024-05-05 16:00,19.7,1.4,4.1,200,99,999.3,1007.4,0,.27,,10,,20.4
156,堡林,2024-05-05 17:00,20,.6,5.7,200,99,999.2,1007.3,0,.21,,10,,20.4
156,堡林,2024-05-05 18:00,19.7,9.5,3.4,230,99,1000.2,1008.3,0,.14,,10,,20.1
156,堡林,2024-05-05 19:00,19.5,10.8,3.2,230,99,1000.1,1008.2,0,.08,,10,,19.9
156,堡林,2024-05-05 20:00,19.2,6.8,2.2,230,99,1000,1008.1,0,.07,,10,,19.6
156,堡林,2024-05-05 21:00,19.3,3.8,1,270,99,999.8,1007.9,,,,10,,19.6
156,堡林,2024-05-05 22:00,19.4,3.3,1.5,230,99,999.4,1007.5,,,,10,,19.6
156,堡林,2024-05-05 23:00,19.3,2.4,1.1,250,99,998.9,1007,,,,10,,19.6
156,堡林,2024-05-06 00:00,17.9,1.6,3.5,270,99,999.5,1007.7,,,,10,,19.1
156,堡林,2024-05-06 01:00,17,.4,1.4,250,99,999.8,1008,,,,10,,18.5
156,堡林,2024-05-06 02:00,16.3,0,2.5,270,99,1000,1008.2,,,,10,,18.1
156,堡林,2024-05-06 03:00,15.8,,2,270,99,1000.3,1008.6,,,,10,,17.5
156,堡林,2024-05-06 04:00,15.2,,1.5,250,99,1000,1008.3,,,,10,,17.1
156,堡林,2024-05-06 05:00,15,,2.7,270,99,1000.5,1008.8,,,,9,,16.6
156,堡林,2024-05-06 06:00,14.8,,1.3,250,99,1000.6,1008.9,0,.07,,10,,16.6
156,堡林,2024-05-06 07:00,14.7,,1.1,250,99,1000.8,1009.1,0,.12,,10,,16.9
156,堡林,2024-05-06 08:00,15,,2.8,270,99,1001.4,1009.7,0,.27,,10,,17.9
156,堡林,2024-05-06 09:00,14.7,,2.8,270,99,1001.7,1010,0,.23,,10,,17.2
156,堡林,2024-05-06 10:00,15.1,,2.5,270,99,1002.5,1010.8,0,.45,,10,,18.1
156,堡林,2024-05-06 11:00,16.2,,1.6,250,98,1002.4,1010.7,0,.78,,9,,21.3
156,堡林,2024-05-06 12:00,16.6,,2.1,250,96,1002.4,1010.7,0,.9,,9,,20.8
156,堡林,2024-05-06 13:00,16.5,,4.1,270,89,1002.6,1010.9,0,.77,,9,,20
156,堡林,2024-05-06 14:00,16.6,,2.1,270,90,1002.3,1010.6,0,.61,,10,,19.6
156,堡林,2024-05-06 15:00,16.8,,2.7,270,92,1001.8,1010,0,.61,,10,,19.8
156,堡林,2024-05-06 16:00,16,0,2.5,270,97,1001.6,1009.9,0,.56,,10,,19.2
156,堡林,2024-05-06 17:00,15.4,0,1.1,250,99,1001.3,1009.6,0,.3,,10,,18.4
156,堡林,2024-05-06 18:00,15.4,0,1,230,99,1001.5,1009.8,0,.18,,10,,17.8
156,堡林,2024-05-06 19:00,15.6,,1.9,270,99,1001.9,1010.2,0,.11,,9,,17.2
156,堡林,2024-05-06 20:00,15.5,,1.8,250,98,1002.2,1010.5,0,.07,,10,,16.4
156,堡林,2024-05-06 21:00,15.2,0,1.5,230,99,1002.6,1010.9,,,,10,,16.2
156,堡林,2024-05-06 22:00,15,,1.6,250,99,1002.8,1011.1,,,,9,,16.1
156,堡林,2024-05-06 23:00,14.8,,1.5,230,99,1002.7,1011,,,,9,,15.9
156,堡林,2024-05-07 00:00,14.7,,1.5,230,99,1002.4,1010.7,,,,10,,15.6
156,堡林,2024-05-07 01:00,14.5,0,1.9,230,99,1002.4,1010.7,,,,10,,15.6
156,堡林,2024-05-07 02:00,14.1,0,2.4,230,99,1002.2,1010.5,,,,10,,15.6
156,堡林,2024-05-07 03:00,14.2,,2,230,99,1002,1010.3,,,,10,,15.5
156,堡林,2024-05-07 04:00,14.5,,1.7,250,98,1002,1010.3,,,,10,,15.2
156,堡林,2024-05-07 05:00,14.3,,2.1,230,99,1001.9,1010.2,,,,10,,15.2
156,堡林,2024-05-07 06:00,14.2,,1.7,230,99,1002.1,1010.4,0,.06,,10,,15.3
156,堡林,2024-05-07 07:00,14.7,,1.6,230,99,1002.3,1010.6,0,.12,,10,,15.7
156,堡林,2024-05-07 08:00,14.8,0,2.6,250,99,1002.8,1011.1,0,.2,,9,,16.2
156,堡林,2024-05-07 09:00,15.3,0,1.5,250,98,1003,1011.3,0,.39,,10,,17.1
156,堡林,2024-05-07 10:00,15.8,,2.5,270,96,1003,1011.3,0,.47,,9,,18.4
156,堡林,2024-05-07 11:00,15.1,0,2.2,270,99,1003.2,1011.5,0,.44,,9,,17.7
156,堡林,2024-05-07 12:00,15.7,,1,320,97,1003.1,1011.4,0,.47,,9,,18.2
156,堡林,2024-05-07 13:00,15.5,,1.7,270,95,1003.3,1011.6,0,.46,,9,,17.8
156,堡林,2024-05-07 14:00,15.4,,1.9,250,97,1003.3,1011.6,0,.4,,9,,17.8
156,堡林,2024-05-07 15:00,15.5,0,1.1,270,99,1003.1,1011.4,0,.58,,9,,20.5
156,堡林,2024-05-07 16:00,15.4,,.8,290,98,1003.1,1011.4,.1,.71,,9,,18.8
156,堡林,2024-05-07 17:00,15.4,,.9,230,98,1003,1011.3,0,.36,,9,,18.1
156,堡林,2024-05-07 18:00,14.9,0,1.1,250,99,1002.9,1011.2,0,.14,,9,,16.8
156,堡林,2024-05-07 19:00,15.1,,1.7,250,98,1003,1011.3,0,.11,,10,,16.3
156,堡林,2024-05-07 20:00,13.9,,1.5,230,99,1003.6,1011.9,0,.06,,10,,15.7
156,堡林,2024-05-07 21:00,14.1,,1.1,200,99,1004.2,1012.5,,,,10,,15.6
156,堡林,2024-05-07 22:00,14.3,0,1.6,180,99,1004.6,1012.9,,,,10,,15.5
156,堡林,2024-05-07 23:00,13.5,.6,1.4,180,99,1004.9,1013.3,,,,10,,15.3
156,堡林,2024-05-08 00:00,13.4,2.4,.4,0,99,1005,1013.4,,,,10,,15.3
156,堡林,2024-05-08 01:00,13.3,2.5,1.1,70,99,1005.1,1013.5,,,,10,,15
156,堡林,2024-05-08 02:00,11.9,1.7,3.3,70,99,1005.3,1013.7,,,,10,,14.3
156,堡林,2024-05-08 03:00,11.4,.1,4.5,70,99,1005.8,1014.3,,,,10,,13.7
156,堡林,2024-05-08 04:00,11,0,3.1,70,99,1006.2,1014.7,,,,10,,13.3
156,堡林,2024-05-08 05:00,10.8,.4,2.5,70,99,1006.6,1015.1,,,,10,,13.1
156,堡林,2024-05-08 06:00,10.6,.3,2.5,70,99,1007.1,1015.6,0,.07,,10,,13.1
156,堡林,2024-05-08 07:00,11.1,.3,1.5,70,99,1007.8,1016.3,0,.26,,10,,14.3
156,堡林,2024-05-08 08:00,12.1,0,1.6,70,99,1008.4,1016.9,0,.77,,9,,16.6
156,堡林,2024-05-08 09:00,13.4,0,2.6,70,99,1009,1017.4,.2,1.02,,8,,20
156,堡林,2024-05-08 10:00,15.7,0,1.5,70,83,1009.2,1017.6,1,2.63,,5,,26.9
156,堡林,2024-05-08 11:00,16,,.9,20,81,1009.4,1017.7,.6,2.35,,6,,25.7
156,堡林,2024-05-08 12:00,17.9,,1.6,70,65,1009.3,1017.5,.9,3.35,,5,,29.3
156,堡林,2024-05-08 13:00,19.2,,1.6,50,55,1009.1,1017.3,.9,3.56,,5,,33.2
156,堡林,2024-05-08 14:00,19.5,,1.6,70,57,1008.6,1016.8,.9,3.19,,6,,30.3
156,堡林,2024-05-08 15:00,21.1,,.9,320,52,1008.4,1016.6,.9,2.91,,6,,32.5
156,堡林,2024-05-08 16:00,19.2,,1.8,20,50,1008.2,1016.4,.2,.99,,7,,23.2
156,堡林,2024-05-08 17:00,18.9,,2.5,50,51,1007.9,1016.1,.5,1.11,,4,,21.2
156,堡林,2024-05-08 18:00,18.8,,3.3,50,51,1008.2,1016.4,.8,1,,5,,19.2
156,堡林,2024-05-08 19:00,17.8,,3.3,50,57,1008.6,1016.8,1,.37,,3,,17.1
156,堡林,2024-05-08 20:00,16.5,,1,20,65,1009.2,1017.5,.1,.08,,4,,15.6
156,堡林,2024-05-08 21:00,15.8,,.6,50,64,1010,1018.4,,,,2,,14.6
156,堡林,2024-05-08 22:00,14.5,,1.2,230,77,1010.8,1019.2,,,,0,,13.7
156,堡林,2024-05-08 23:00,13.5,,1.7,200,91,1011,1019.4,,,,0,,13
156,堡林,2024-05-09 00:00,13.1,,.7,200,96,1011,1019.4,,,,0,,12.5
156,堡林,2024-05-09 01:00,12.9,,.6,250,98,1011.1,1019.5,,,,0,,12
156,堡林,2024-05-09 02:00,11.9,,.8,200,99,1011.2,1019.7,,,,0,,11.5
156,堡林,2024-05-09 03:00,11.3,,0,0,99,1011.5,1020,,,,0,,11.1
156,堡林,2024-05-09 04:00,11.1,,.5,270,99,1011.6,1020.1,,,,0,,10.7
156,堡林,2024-05-09 05:00,10.4,,.1,0,99,1011.7,1020.3,,,,0,,10.3
156,堡林,2024-05-09 06:00,10.3,,.4,0,99,1011.9,1020.5,0,.08,,0,,10.2
156,堡林,2024-05-09 07:00,10.9,,.4,0,99,1012.5,1021,.9,.5,,0,,11.3
156,堡林,2024-05-09 08:00,13.1,,.3,0,99,1012.8,1021.2,1,1.25,,0,,16.9
156,堡林,2024-05-09 09:00,15.6,,.9,50,77,1012.4,1020.8,1,2.04,,0,,23.2
156,堡林,2024-05-09 10:00,17.5,,.9,290,65,1012.2,1020.5,1,2.72,,0,,28.6
156,堡林,2024-05-09 11:00,19.3,,1.2,270,55,1012.1,1020.3,1,3.2,,0,,31.6
156,堡林,2024-05-09 12:00,20.8,,1.3,320,43,1011.9,1020.1,1,3.48,,0,,33.8
156,堡林,2024-05-09 13:00,21.9,,2.2,250,40,1011.5,1019.7,1,3.55,,0,,34.6
156,堡林,2024-05-09 14:00,22.5,,1.5,340,40,1010.9,1019,1,3.43,,0,,35.2
156,堡林,2024-05-09 15:00,22.4,,2.5,270,32,1010.5,1018.6,1,3.08,,0,,34.4
156,堡林,2024-05-09 16:00,22.3,,1.7,320,29,1009.9,1018,1,2.56,,0,,31.9
156,堡林,2024-05-09 17:00,21.7,,1.3,290,33,1010,1018.2,1,1.89,,0,,27
156,堡林,2024-05-09 18:00,20.6,,2.5,270,34,1010.3,1018.5,1,1.13,,0,,21.6
156,堡林,2024-05-09 19:00,18.9,,1.7,290,43,1010.6,1018.8,1,.35,,0,,18.4
156,堡林,2024-05-09 20:00,16.8,,.4,0,52,1011.1,1019.4,0,.07,,0,,16.3
156,堡林,2024-05-09 21:00,16.3,,1.1,270,52,1011.6,1019.9,,,,0,,15
156,堡林,2024-05-09 22:00,15.6,,1.1,250,53,1012.1,1020.5,,,,0,,14.1
156,堡林,2024-05-09 23:00,15.4,,1.2,250,53,1012.5,1020.9,,,,0,,13.4
156,堡林,2024-05-10 00:00,15.1,,.8,270,57,1012.3,1020.7,,,,0,,12.9
156,堡林,2024-05-10 01:00,13.5,,1.1,160,66,1012.2,1020.6,,,,0,,12.4
156,堡林,2024-05-10 02:00,13.5,,.4,0,70,1012,1020.4,,,,0,,12
156,堡林,2024-05-10 03:00,12.7,,.3,0,80,1011.3,1019.8,,,,0,,11.6
156,堡林,2024-05-10 04:00,11.9,,.3,0,93,1011.5,1020,,,,0,,11.3
156,堡林,2024-05-10 05:00,11.4,,.3,0,91,1011.1,1019.6,,,,0,,10.8
156,堡林,2024-05-10 06:00,11.2,,.7,250,97,1011.2,1019.7,0,.08,,0,,10.8
156,堡林,2024-05-10 07:00,11.6,,.2,0,90,1011.7,1020.2,.8,.47,,0,,12
156,堡林,2024-05-10 08:00,14.5,,.6,50,80,1012.2,1020.6,1,1.19,,0,,17.5
156,堡林,2024-05-10 09:00,16.1,,.7,250,68,1012.3,1020.7,1,1.96,,0,,23.4
156,堡林,2024-05-10 10:00,18.8,,.6,250,51,1012.1,1020.3,1,2.64,,0,,29.1
156,堡林,2024-05-10 11:00,21.9,,.8,250,43,1012.1,1020.3,1,3.17,,0,,33.7
156,堡林,2024-05-10 12:00,22.9,,2.5,270,38,1011.8,1019.9,1,3.5,,0,,38
156,堡林,2024-05-10 13:00,23.9,,2.8,250,39,1011.5,1019.6,1,3.6,,0,,40.3
156,堡林,2024-05-10 14:00,24.1,,3.5,270,39,1010.4,1018.4,1,3.48,,0,,41.1
156,堡林,2024-05-10 15:00,25.4,,3.4,230,36,1009.5,1017.6,1,3.15,,0,,40.2
156,堡林,2024-05-10 16:00,24.7,,3.2,250,32,1009,1017,1,2.61,,0,,37.1
156,堡林,2024-05-10 17:00,23.9,,3.1,230,39,1008.7,1016.7,1,1.92,,0,,31.6
156,堡林,2024-05-10 18:00,22,,2.2,230,39,1008.8,1016.9,1,1.2,,3,,25.7
156,堡林,2024-05-10 19:00,19.8,,1.8,230,54,1008.8,1017,.7,.37,,3,,21.9
156,堡林,2024-05-10 20:00,18.3,,1.7,250,66,1009.2,1017.4,0,.08,,5,,19.1
156,堡林,2024-05-10 21:00,17.9,,1.7,200,59,1009.6,1017.8,,,,5,,17.5
156,堡林,2024-05-10 22:00,17.7,,3.1,200,59,1010,1018.3,,,,5,,16.3
156,堡林,2024-05-10 23:00,17,,3.7,200,80,1010.1,1018.4,,,,0,,15.8
156,堡林,2024-05-11 00:00,16.6,,2.6,180,92,1009.9,1018.2,,,,0,,15.4
156,堡林,2024-05-11 01:00,16.5,,2.8,180,96,1009.7,1018,,,,0,,15.2
156,堡林,2024-05-11 02:00,16,,1.8,200,97,1009.3,1017.6,,,,0,,14.9
156,堡林,2024-05-11 03:00,16.2,,1.7,200,97,1009,1017.3,,,,0,,14.5
156,堡林,2024-05-11 04:00,16.5,,1.9,200,97,1008.6,1016.9,,,,0,,14.3
156,堡林,2024-05-11 05:00,16.5,,2.4,200,96,1008.2,1016.5,,,,0,,14.2
156,堡林,2024-05-11 06:00,16.9,,2.4,180,96,1007.9,1016.2,0,.08,,0,,14.9
156,堡林,2024-05-11 07:00,18.1,,3.3,180,90,1007.8,1016,.9,.6,,3,,16.1
156,堡林,2024-05-11 08:00,19.4,,3.2,200,86,1007.6,1015.8,.8,1.15,,9,,20.3
156,堡林,2024-05-11 09:00,20.4,,3.6,200,82,1007.3,1015.5,.5,1.34,,7,,23.7
156,堡林,2024-05-11 10:00,22.3,,2.9,200,75,1007.1,1015.2,.9,2.28,,8,,29.9
156,堡林,2024-05-11 11:00,23.4,,5.4,200,66,1006.8,1014.8,.9,2.44,,9,,33.4
156,堡林,2024-05-11 12:00,25,,5,200,63,1006.3,1014.3,.7,2.86,,6,,38.3
156,堡林,2024-05-11 13:00,24.5,,4.5,200,59,1005.3,1013.3,.7,2.14,,6,,35.3
156,堡林,2024-05-11 14:00,24.5,,5.6,200,57,1004.6,1012.6,.5,2.17,,9,,34.1
156,堡林,2024-05-11 15:00,23.5,,6,200,64,1003.7,1011.7,.2,1.58,,10,,30.6
156,堡林,2024-05-11 16:00,22.5,,4.5,200,68,1003.3,1011.4,0,.57,,10,,27
156,堡林,2024-05-11 17:00,19.2,0,3.6,230,93,1003.3,1011.4,0,.25,,10,,22.7
156,堡林,2024-05-11 18:00,17.9,1.2,3.1,200,99,1003,1011.2,0,.12,,10,,20.3
156,堡林,2024-05-11 19:00,17.7,.7,2.7,200,99,1002.6,1010.8,0,.08,,10,,19.7
156,堡林,2024-05-11 20:00,17.4,.7,2.8,200,99,1002.4,1010.6,0,.06,,10,,19.1
156,堡林,2024-05-11 21:00,17.5,1.8,1.6,200,99,1002.4,1010.6,,,,10,,19
156,堡林,2024-05-11 22:00,17.6,.8,1.8,200,99,1002.5,1010.7,,,,10,,18.9
156,堡林,2024-05-11 23:00,17.5,4.2,1,270,99,1003.3,1011.5,,,,10,,18.4
156,堡林,2024-05-12 00:00,17.3,7.6,1,230,99,1002.9,1011.1,,,,10,,18.3
156,堡林,2024-05-12 01:00,17.4,2.7,2.1,230,99,1002.4,1010.6,,,,10,,18.4
156,堡林,2024-05-12 02:00,17.3,3.7,.5,290,99,1001.9,1010.1,,,,10,,18.4
156,堡林,2024-05-12 03:00,16.1,1.6,1.3,320,99,1002,1010.3,,,,10,,17.7
156,堡林,2024-05-12 04:00,15.9,.8,.5,50,99,1002.1,1010.4,,,,10,,17.6
156,堡林,2024-05-12 05:00,13.6,,1.6,70,99,1002,1010.3,,,,7,,16.2
156,堡林,2024-05-12 06:00,12.6,,1.1,20,99,1002.6,1011,0,.08,,8,,15.4
156,堡林,2024-05-12 07:00,12.9,,1.6,70,99,1003.1,1011.5,.2,.36,,8,,15.9
156,堡林,2024-05-12 08:00,14.9,,2,70,98,1003.3,1011.6,.7,.98,,5,,19.4
156,堡林,2024-05-12 09:00,17.3,,2,70,69,1003.2,1011.4,1,2.06,,4,,24.3
156,堡林,2024-05-12 10:00,18.9,,1.8,50,55,1003.3,1011.5,1,2.63,,6,,28.2
156,堡林,2024-05-12 11:00,21.2,,1.1,50,40,1002.9,1011,1,3.06,,5,,30.8
156,堡林,2024-05-12 12:00,22.3,,2.9,50,33,1002.5,1010.6,1,3.34,,4,,32.6
156,堡林,2024-05-12 13:00,22.5,,2.5,20,32,1002.3,1010.4,1,3.62,,3,,34.2
156,堡林,2024-05-12 14:00,22.6,,3.5,50,36,1001.9,1009.9,1,3.8,,7,,34.5
156,堡林,2024-05-12 15:00,21.8,,2.4,20,39,1001.5,1009.6,1,3.07,,6,,32.1
156,堡林,2024-05-12 16:00,21.3,,2,360,37,1002,1010.1,1,2.72,,8,,30
156,堡林,2024-05-12 17:00,20.1,,2.3,20,40,1002,1010.2,.7,1.58,,7,,25
156,堡林,2024-05-12 18:00,19,,1.6,20,45,1002.4,1010.5,.5,.86,,8,,21.2
156,堡林,2024-05-12 19:00,17.5,,1.8,20,49,1003,1011.2,.4,.37,,8,,18.4
156,堡林,2024-05-12 20:00,16.6,,1.9,50,52,1003.3,1011.6,0,.09,,6,,16.2
156,堡林,2024-05-12 21:00,15.6,,1.4,50,56,1004.2,1012.5,,,,3,,15
156,堡林,2024-05-12 22:00,14.8,,1.2,50,60,1004.8,1013.1,,,,3,,14.1
156,堡林,2024-05-12 23:00,14.5,,1.2,50,61,1005.1,1013.4,,,,2,,13.3
156,堡林,2024-05-13 00:00,13.5,,.1,0,66,1005.2,1013.6,,,,0,,12.6
156,堡林,2024-05-13 01:00,13.8,,.8,50,67,1005.3,1013.7,,,,0,,12.2
156,堡林,2024-05-13 02:00,13.6,,.4,0,68,1005.2,1013.6,,,,0,,11.9
156,堡林,2024-05-13 03:00,12.3,,.8,20,78,1005.3,1013.7,,,,0,,11.5
156,堡林,2024-05-13 04:00,12.2,,1,70,80,1005.1,1013.5,,,,0,,11.1
156,堡林,2024-05-13 05:00,12.3,,.1,0,82,1005.5,1013.9,,,,0,,10.9
156,堡林,2024-05-13 06:00,11.8,,.1,0,89,1006,1014.4,0,.08,,0,,11
156,堡林,2024-05-13 07:00,12.8,,.8,320,86,1006.6,1015,.9,.54,,0,,12
156,堡林,2024-05-13 08:00,15.4,,.5,270,74,1006.9,1015.2,1,1.3,,0,,18.2
156,堡林,2024-05-13 09:00,18.2,,.9,50,62,1007,1015.2,1,2.07,,0,,24.6
156,堡林,2024-05-13 10:00,20.2,,1.1,360,54,1007.1,1015.3,1,2.75,,0,,29.6
156,堡林,2024-05-13 11:00,22.3,,1.9,50,41,1007,1015.1,1,3.29,,0,,32.8
156,堡林,2024-05-13 12:00,23.1,,1.9,70,38,1006.6,1014.7,1,3.63,,0,,37.1
156,堡林,2024-05-13 13:00,23.6,,1.3,340,34,1006.2,1014.2,1,3.7,,0,,40.2
156,堡林,2024-05-13 14:00,25.2,,1.4,50,28,1005.8,1013.8,1,3.63,,0,,41
156,堡林,2024-05-13 15:00,24.9,,1.7,290,30,1005.3,1013.3,1,3.27,,0,,39.7
156,堡林,2024-05-13 16:00,25.2,,1.3,20,29,1005,1013,1,2.71,,0,,37.1
156,堡林,2024-05-13 17:00,23.7,,1.3,340,38,1005,1013,1,2,,0,,31.1
156,堡林,2024-05-13 18:00,22.4,,1,360,39,1005.4,1013.5,1,1.24,,0,,25.1
156,堡林,2024-05-13 19:00,20.8,,1,340,43,1006,1014.2,1,.37,,0,,21.4
156,堡林,2024-05-13 20:00,19.1,,1.3,320,49,1006.6,1014.8,0,.07,,0,,18.8
156,堡林,2024-05-13 21:00,17.9,,.7,290,52,1007.4,1015.6,,,,0,,17.2
156,堡林,2024-05-13 22:00,17,,.5,230,56,1007.8,1016.1,,,,0,,16
156,堡林,2024-05-13 23:00,16.3,,.2,0,62,1007.8,1016.1,,,,0,,15
156,堡林,2024-05-14 00:00,15.7,,.2,0,66,1007.9,1016.2,,,,0,,14.2
156,堡林,2024-05-14 01:00,14.6,,.1,0,77,1007.9,1016.2,,,,0,,13.5
156,堡林,2024-05-14 02:00,14.5,,.5,250,80,1007.7,1016,,,,0,,13
156,堡林,2024-05-14 03:00,13.9,,.7,250,86,1007.7,1016.1,,,,0,,12.5
156,堡林,2024-05-14 04:00,13.1,,.5,70,95,1007.7,1016.1,,,,0,,11.9
156,堡林,2024-05-14 05:00,12.1,,0,0,97,1007.9,1016.3,,,,0,,11.5
156,堡林,2024-05-14 06:00,12,,.4,0,97,1008.7,1017.2,0,.09,,0,,11.5
156,堡林,2024-05-14 07:00,13.1,,.2,0,88,1009.2,1017.6,.9,.53,,0,,12.8
156,堡林,2024-05-14 08:00,15.6,,.4,0,73,1009.4,1017.8,1,1.27,,0,,18.7
156,堡林,2024-05-14 09:00,17.9,,.6,270,62,1009.5,1017.7,1,2.06,,0,,25.2
156,堡林,2024-05-14 10:00,20.1,,.7,250,52,1009.4,1017.6,1,2.72,,0,,31
156,堡林,2024-05-14 11:00,21.7,,1.2,230,43,1009.3,1017.4,1,3.28,,0,,36.6
156,堡林,2024-05-14 12:00,23.6,,1.3,270,43,1008.8,1016.9,1,3.56,,0,,40.2
156,堡林,2024-05-14 13:00,24.1,,1.7,250,36,1008.5,1016.5,1,3.66,,0,,42.5
156,堡林,2024-05-14 14:00,25.1,,1.3,340,35,1007.6,1015.7,1,3.52,,0,,43
156,堡林,2024-05-14 15:00,26.4,,2.1,270,35,1006.9,1014.9,1,3.18,,0,,42
156,堡林,2024-05-14 16:00,25.9,,1.8,270,33,1006.4,1014.4,1,2.67,,0,,38.9
156,堡林,2024-05-14 17:00,24.8,,1.7,290,37,1006.4,1014.4,1,1.94,,0,,32.8
156,堡林,2024-05-14 18:00,23.6,,2.1,270,36,1006.6,1014.6,1,1.19,,0,,26.7
156,堡林,2024-05-14 19:00,21.7,,1.9,270,39,1007,1015.1,1,.38,,0,,22.9
156,堡林,2024-05-14 20:00,20.6,,.7,230,40,1007.4,1015.6,0,.08,,0,,19.8
156,堡林,2024-05-14 21:00,19.9,,.5,250,40,1008,1016.2,,,,0,,18.1
156,堡林,2024-05-14 22:00,18.1,,.5,270,48,1008.3,1016.5,,,,0,,16.9
156,堡林,2024-05-14 23:00,17.8,,.6,250,48,1008.3,1016.5,,,,0,,15.7
156,堡林,2024-05-15 00:00,15.8,,.8,180,61,1008.2,1016.5,,,,0,,14.7
156,堡林,2024-05-15 01:00,15.3,,.5,230,65,1007.8,1016.2,,,,0,,13.7
156,堡林,2024-05-15 02:00,14.6,,.7,270,69,1007.4,1015.7,,,,0,,13
156,堡林,2024-05-15 03:00,13.6,,.4,0,84,1007.3,1015.7,,,,0,,12.3
156,堡林,2024-05-15 04:00,12.7,,.1,0,95,1007.4,1015.8,,,,0,,11.7
156,堡林,2024-05-15 05:00,12.1,,.2,0,98,1007.7,1016.1,,,,0,,11.4
156,堡林,2024-05-15 06:00,11.6,,0,0,99,1007.6,1016.1,0,.09,,0,,11.2
156,堡林,2024-05-15 07:00,12.6,,.5,230,97,1007.4,1015.8,.9,.57,,0,,12.2
156,堡林,2024-05-15 08:00,14.8,,.3,0,87,1007.2,1015.5,1,1.35,,0,,18.5
156,堡林,2024-05-15 09:00,17.6,,.9,290,70,1007,1015.2,1,2.13,,0,,26.2
156,堡林,2024-05-15 10:00,19.2,,1.9,270,49,1006.8,1015,1,2.8,,0,,32.8
156,堡林,2024-05-15 11:00,21.4,,1.8,270,43,1006.4,1014.5,1,3.25,,0,,37.6
156,堡林,2024-05-15 12:00,22.9,,2.5,250,42,1005.4,1013.5,1,3.57,,0,,41.5
156,堡林,2024-05-15 13:00,23,,1.7,270,45,1004.4,1012.4,1,3.64,,0,,43.6
156,堡林,2024-05-15 14:00,21.1,,2.4,290,68,1003.5,1011.6,.7,2.69,,8,,37.3
156,堡林,2024-05-15 15:00,16.9,,2.4,320,84,1003.7,1011.9,.7,2.43,,10,,33.4
156,堡林,2024-05-15 16:00,14.4,,2.9,320,83,1003.9,1012.2,0,.88,,10,,25.1
156,堡林,2024-05-15 17:00,12.4,0,1.3,320,99,1004.3,1012.7,0,.12,,10,,19.1
156,堡林,2024-05-15 18:00,11.6,.3,1.3,320,99,1004.6,1013,0,.12,,10,,17.1
156,堡林,2024-05-15 19:00,11.7,,1,340,93,1004.5,1012.9,0,.25,,9,,16.3
156,堡林,2024-05-15 20:00,12.2,,.9,340,89,1004.3,1012.7,0,.07,,5,,14.9
156,堡林,2024-05-15 21:00,12.4,,1.5,270,88,1003.7,1012.1,,,,5,,14.4
156,堡林,2024-05-15 22:00,10.6,.3,1.8,320,87,1003.4,1011.9,,,,10,,13.1
156,堡林,2024-05-15 23:00,10.9,0,1.7,270,87,1003.4,1011.9,,,,10,,11.6
156,堡林,2024-05-16 00:00,11.4,,2.9,290,79,1003.3,1011.7,,,,8,,11.3
156,堡林,2024-05-16 01:00,11.1,,3.1,290,81,1003.2,1011.7,,,,8,,11.8
156,堡林,2024-05-16 02:00,11,,3,320,80,1003.2,1011.7,,,,7,,11.1
156,堡林,2024-05-16 03:00,10.9,,2,320,81,1003.7,1012.2,,,,5,,10.4
156,堡林,2024-05-16 04:00,10.8,,1.3,20,82,1004.2,1012.7,,,,3,,10.1
156,堡林,2024-05-16 05:00,10.3,,1,50,82,1004.4,1012.9,,,,0,,9.5
156,堡林,2024-05-16 06:00,10.2,,.7,250,83,1004.5,1013,0,.07,,0,,9.4
156,堡林,2024-05-16 07:00,10.7,,1.2,270,89,1004.9,1013.4,.9,.58,,0,,10.3
156,堡林,2024-05-16 08:00,13.5,,.9,290,76,1005.2,1013.6,1,1.35,,0,,16.9
156,堡林,2024-05-16 09:00,15.6,,1.4,270,59,1005.1,1013.4,1,2.11,,0,,23.4
156,堡林,2024-05-16 10:00,17.2,,1.8,290,47,1005.1,1013.3,1,2.77,,0,,29.4
156,堡林,2024-05-16 11:00,18.6,,1.9,270,39,1004.5,1012.7,1,3.28,,0,,34.8
156,堡林,2024-05-16 12:00,19.7,,3.5,270,33,1003.9,1012,1,3.62,,0,,38.4
156,堡林,2024-05-16 13:00,20.5,,4.4,270,38,1003.2,1011.4,1,3.72,,0,,40.9
156,堡林,2024-05-16 14:00,21.4,,2.4,320,44,1002.8,1010.9,1,3.59,,0,,41.2
156,堡林,2024-05-16 15:00,20.5,,3.9,270,48,1002.3,1010.4,1,3.22,,0,,39.6
156,堡林,2024-05-16 16:00,20.5,,2.2,290,48,1002.2,1010.3,1,2.7,,0,,35.7
156,堡林,2024-05-16 17:00,19.8,,4,270,56,1002.4,1010.5,1,1.99,,0,,30.1
156,堡林,2024-05-16 18:00,18.9,,3.5,270,60,1002.7,1010.8,1,1.18,,4,,24.3
156,堡林,2024-05-16 19:00,17.5,,3.2,270,69,1003,1011.2,.9,.4,,0,,20.6
156,堡林,2024-05-16 20:00,16.2,,.9,290,81,1003.5,1011.8,0,.08,,0,,18
156,堡林,2024-05-16 21:00,15.8,,1.3,250,84,1004.3,1012.6,,,,0,,16.7
156,堡林,2024-05-16 22:00,15.2,,1,230,92,1004.9,1013.2,,,,0,,15.7
156,堡林,2024-05-16 23:00,15.1,,2,200,95,1005.5,1013.9,,,,0,,15.1
156,堡林,2024-05-17 00:00,14.3,,1.2,200,98,1005.7,1014,,,,0,,14.5
156,堡林,2024-05-17 01:00,14.2,,.9,200,99,1005.8,1014.1,,,,0,,14
156,堡林,2024-05-17 02:00,14.5,,1.1,200,99,1006.2,1014.5,,,,2,,13.6
156,堡林,2024-05-17 03:00,13.7,,.9,180,97,1006.4,1014.8,,,,2,,12.9
156,堡林,2024-05-17 04:00,13.8,,1.1,180,91,1006.7,1015.1,,,,4,,12.4
156,堡林,2024-05-17 05:00,13.4,,.5,200,90,1006.9,1015.3,,,,6,,11.8
156,堡林,2024-05-17 06:00,13.2,,.3,0,95,1007.2,1015.6,0,.08,,2,,11.6
156,堡林,2024-05-17 07:00,13.9,,.4,0,97,1007.4,1015.8,.7,.51,,2,,12.8
156,堡林,2024-05-17 08:00,16.9,,.3,0,70,1007.7,1016,1,1.28,,5,,19.4
156,堡林,2024-05-17 09:00,19.1,,2.1,200,47,1007.7,1015.9,1,1.78,,4,,25.8
156,堡林,2024-05-17 10:00,20.3,,2.2,230,49,1007.7,1015.9,1,2.33,,7,,30.1
156,堡林,2024-05-17 11:00,22.5,,2.8,250,49,1007.7,1015.8,1,3.43,,5,,39.3
156,堡林,2024-05-17 12:00,22.5,,2.1,250,39,1007.5,1015.6,.6,2.93,,5,,39.1
156,堡林,2024-05-17 13:00,23,,2.6,230,40,1007.2,1015.3,.1,1.73,,7,,34.1
156,堡林,2024-05-17 14:00,24.7,,2,250,36,1007,1015,.5,2.37,,6,,37.2
156,堡林,2024-05-17 15:00,25.2,,4.7,230,33,1006.8,1014.8,1,2.99,,1,,41.3
156,堡林,2024-05-17 16:00,24.7,,2.5,230,32,1006.7,1014.7,1,2.67,,0,,38.5
156,堡林,2024-05-17 17:00,24.3,,2.9,250,29,1006.4,1014.4,1,2.03,,1,,32.5
156,堡林,2024-05-17 18:00,22.9,,2.2,250,43,1006.7,1014.8,1,1.14,,0,,25.9
156,堡林,2024-05-17 19:00,21.1,,1.5,250,53,1007.2,1015.4,.8,.38,,0,,22.2
156,堡林,2024-05-17 20:00,19.4,,1.4,250,65,1007.9,1016.1,0,.08,,0,,19.6
156,堡林,2024-05-17 21:00,18.2,,2.3,230,91,1008.6,1016.8,,,,0,,18.2
156,堡林,2024-05-17 22:00,17.9,,1.5,200,81,1009.2,1017.4,,,,0,,17.3
156,堡林,2024-05-17 23:00,17.9,,1.4,180,79,1009.4,1017.6,,,,0,,16.7
156,堡林,2024-05-18 00:00,17.8,,1.7,180,88,1009.4,1017.7,,,,0,,16.2
156,堡林,2024-05-18 01:00,17.2,,1.3,180,93,1009.2,1017.5,,,,0,,15.9
156,堡林,2024-05-18 02:00,16.6,,.5,70,92,1009,1017.3,,,,0,,15.3
156,堡林,2024-05-18 03:00,15.8,,.2,0,97,1009,1017.3,,,,0,,14.6
156,堡林,2024-05-18 04:00,15.1,,.5,50,98,1009,1017.4,,,,0,,14.2
156,堡林,2024-05-18 05:00,14.8,,.7,90,99,1009.4,1017.8,,,,0,,13.7
156,堡林,2024-05-18 06:00,14.9,,.4,0,99,1009.5,1017.9,0,.09,,0,,13.8
156,堡林,2024-05-18 07:00,15.6,,.2,0,99,1010,1018.4,.8,.53,,0,,15.1
156,堡林,2024-05-18 08:00,18.5,,.2,0,87,1010.2,1018.4,1,1.26,,0,,21.2
156,堡林,2024-05-18 09:00,21,,.3,0,73,1010.2,1018.4,1,2.01,,0,,28.8
156,堡林,2024-05-18 10:00,22.8,,.8,230,63,1010.2,1018.3,1,2.67,,0,,35.8
156,堡林,2024-05-18 11:00,24.5,,1.9,230,51,1010.1,1018.1,1,3.24,,0,,42.2
156,堡林,2024-05-18 12:00,25.4,,2,200,43,1009.6,1017.7,1,3.57,,0,,46.5
156,堡林,2024-05-18 13:00,26.5,,1,230,40,1008.7,1016.7,1,3.66,,0,,49.3
156,堡林,2024-05-18 14:00,27.4,,1.7,200,35,1008.1,1016.1,1,3.52,,0,,49.6
156,堡林,2024-05-18 15:00,27.8,,.8,140,37,1007.3,1015.3,1,3.13,,0,,47.8
156,堡林,2024-05-18 16:00,28.6,,1.5,230,45,1006.8,1014.7,1,2.58,,0,,43.6
156,堡林,2024-05-18 17:00,27.6,,1.9,200,41,1006.6,1014.6,1,1.93,,0,,36.8
156,堡林,2024-05-18 18:00,26.5,,2.6,200,46,1006.6,1014.6,1,1.19,,0,,29.4
156,堡林,2024-05-18 19:00,24.7,,2.6,200,52,1007.2,1015.2,1,.38,,0,,25.3
156,堡林,2024-05-18 20:00,22.8,,1.6,230,61,1007.7,1015.8,0,.08,,0,,22
156,堡林,2024-05-18 21:00,22.4,,.7,250,63,1008.5,1016.6,,,,0,,20.1
156,堡林,2024-05-18 22:00,21.6,,.2,0,65,1009,1017.1,,,,0,,18.9
156,堡林,2024-05-18 23:00,19.9,,.1,0,64,1009,1017.2,,,,0,,17.5
156,堡林,2024-05-19 00:00,18.5,,.1,0,60,1009,1017.2,,,,0,,16.5
156,堡林,2024-05-19 01:00,17.7,,.3,0,58,1008.9,1017.2,,,,0,,15.8
156,堡林,2024-05-19 02:00,17.2,,.2,0,62,1008.4,1016.7,,,,0,,15.1
156,堡林,2024-05-19 03:00,16.6,,.3,0,97,1008.2,1016.5,,,,0,,14.9
156,堡林,2024-05-19 04:00,15.8,,.2,0,73,1008.3,1016.6,,,,0,,14.1
156,堡林,2024-05-19 05:00,15.2,,.1,0,89,1007.8,1016.2,,,,0,,13.5
156,堡林,2024-05-19 06:00,14.8,,.3,0,96,1007.9,1016.2,0,.09,,0,,13.4
156,堡林,2024-05-19 07:00,15,,.2,0,89,1008.2,1016.6,.9,.56,,0,,14.4
156,堡林,2024-05-19 08:00,18.2,,.5,70,72,1008.2,1016.4,1,1.35,,0,,21.3
156,堡林,2024-05-19 09:00,21,,.3,0,59,1008.2,1016.4,1,2.12,,0,,29.7
156,堡林,2024-05-19 10:00,23.1,,.6,200,44,1008,1016.1,1,2.77,,0,,38
156,堡林,2024-05-19 11:00,25.6,,1.1,250,36,1007.7,1015.7,1,3.29,,0,,44.6
156,堡林,2024-05-19 12:00,26.7,,1.8,270,33,1007.5,1015.5,1,3.62,,0,,49.1
156,堡林,2024-05-19 13:00,28.6,,2.4,230,25,1006.8,1014.7,1,3.74,,0,,51.6
156,堡林,2024-05-19 14:00,28.6,,1.7,270,21,1005.9,1013.8,1,3.62,,0,,51.7
156,堡林,2024-05-19 15:00,29.2,,2,230,25,1005.3,1013.2,1,3.26,,0,,50.1
156,堡林,2024-05-19 16:00,29.3,,1.6,270,28,1005.2,1013.1,1,2.68,,0,,45.4
156,堡林,2024-05-19 17:00,28.4,,1.4,320,28,1005,1012.9,1,1.97,,0,,37.7
156,堡林,2024-05-19 18:00,26.3,,1,360,34,1005.2,1013.2,1,1.23,,0,,29.6
156,堡林,2024-05-19 19:00,24.1,,1.2,340,39,1005.8,1013.8,1,.38,,0,,25.1
156,堡林,2024-05-19 20:00,22.5,,.9,320,41,1006.6,1014.7,0,.08,,1,,21.8
156,堡林,2024-05-19 21:00,21.4,,.2,0,40,1006.9,1015,,,,0,,19.8
156,堡林,2024-05-19 22:00,20.9,,.3,0,44,1007.3,1015.5,,,,0,,18.5
156,堡林,2024-05-19 23:00,19.9,,.4,0,49,1007.3,1015.5,,,,0,,17.3
156,堡林,2024-05-20 00:00,18.1,,.3,0,60,1007.1,1015.3,,,,4,,16.5
156,堡林,2024-05-20 01:00,17.3,,.5,90,59,1006.1,1014.3,,,,0,,15.6
156,堡林,2024-05-20 02:00,16.9,,.8,270,68,1005.8,1014.1,,,,0,,14.9
156,堡林,2024-05-20 03:00,16,,.2,0,81,1005.3,1013.6,,,,6,,14.3
156,堡林,2024-05-20 04:00,15.5,,.5,250,80,1005.6,1013.9,,,,6,,14.3
156,堡林,2024-05-20 05:00,14.3,,.2,0,86,1006.4,1014.7,,,,3,,13.8
156,堡林,2024-05-20 06:00,15.4,,.2,0,84,1007.1,1015.4,0,.11,,8,,14.3
156,堡林,2024-05-20 07:00,15.8,,.1,0,85,1007.8,1016.1,.8,.53,,7,,16.1
156,堡林,2024-05-20 08:00,17.7,,.6,250,77,1008.8,1017.1,1,1.3,,7,,22
156,堡林,2024-05-20 09:00,19.9,,.3,0,56,1008.7,1016.9,1,1.99,,2,,30.4
156,堡林,2024-05-20 10:00,22.2,,1,320,47,1008.8,1016.9,1,2.69,,1,,38.4
156,堡林,2024-05-20 11:00,23.9,,.8,340,45,1008.2,1016.2,1,3.21,,1,,45.3
156,堡林,2024-05-20 12:00,25.6,,1.1,20,42,1007.7,1015.7,1,3.54,,2,,49.9
156,堡林,2024-05-20 13:00,26.4,,.9,250,37,1006.7,1014.7,1,3.53,,5,,50.4
156,堡林,2024-05-20 14:00,28.2,,.9,50,36,1006.1,1014,1,3.37,,5,,51.7
156,堡林,2024-05-20 15:00,27.9,,1.9,270,36,1005.9,1013.8,1,3.02,,6,,49.2
156,堡林,2024-05-20 16:00,27.7,,1.2,20,35,1006,1013.9,1,2.41,,6,,43.2
156,堡林,2024-05-20 17:00,27.6,,1.2,320,45,1005.9,1013.8,1,1.77,,1,,37.7
156,堡林,2024-05-20 18:00,26.7,,1.1,340,47,1006,1014,1,1.15,,1,,30.5
156,堡林,2024-05-20 19:00,24.1,,1,340,60,1006.9,1014.9,.9,.39,,0,,26.1
156,堡林,2024-05-20 20:00,21.9,,1,290,72,1007.9,1016,0,.09,,4,,22.9
156,堡林,2024-05-20 21:00,20.7,,.7,250,80,1008.6,1016.8,,,,0,,20.9
156,堡林,2024-05-20 22:00,19.9,,.7,230,87,1009.1,1017.3,,,,0,,19.6
156,堡林,2024-05-20 23:00,19.3,,1.1,90,88,1009.2,1017.4,,,,0,,18.8
156,堡林,2024-05-21 00:00,18.4,,1.5,70,93,1009.2,1017.4,,,,0,,18.2
156,堡林,2024-05-21 01:00,18,,1.5,70,95,1009,1017.2,,,,0,,17.6
156,堡林,2024-05-21 02:00,17.2,,1.3,70,98,1008.7,1017,,,,0,,16.9
156,堡林,2024-05-21 03:00,16.8,,1,50,99,1008.9,1017.2,,,,3,,16.3
156,堡林,2024-05-21 04:00,16.6,,.3,0,99,1009.1,1017.4,,,,0,,15.7
156,堡林,2024-05-21 05:00,16.5,,.7,230,99,1009.5,1017.8,,,,0,,15.4
156,堡林,2024-05-21 06:00,16.4,,0,0,99,1010.2,1018.5,0,.09,,0,,15.6
156,堡林,2024-05-21 07:00,17,,.3,0,99,1010.8,1019.1,.9,.54,,0,,17.1
156,堡林,2024-05-21 08:00,19.2,,.3,0,96,1011.3,1019.5,1,1.26,,0,,23.5
156,堡林,2024-05-21 09:00,20.4,,.4,0,83,1011.3,1019.5,1,1.96,,0,,32
156,堡林,2024-05-21 10:00,22,,.3,0,75,1011.2,1019.3,1,2.65,,2,,39.4
156,堡林,2024-05-21 11:00,23.8,,1.3,70,67,1010.5,1018.6,1,3.15,,1,,45.5
156,堡林,2024-05-21 12:00,24.8,,1.3,360,67,1010.1,1018.1,1,3.32,,4,,49.1
156,堡林,2024-05-21 13:00,25.7,,1,360,63,1009.9,1017.9,.6,2.35,,4,,43.4
156,堡林,2024-05-21 14:00,26.3,,1,20,61,1009.2,1017.2,.8,2.64,,4,,44.3
156,堡林,2024-05-21 15:00,27.8,,2.2,230,55,1008.7,1016.7,.8,2.74,,5,,48.4
156,堡林,2024-05-21 16:00,26.3,,1.2,140,61,1008.2,1016.2,.7,1.76,,3,,37.8
156,堡林,2024-05-21 17:00,25.9,,1.7,200,60,1007.8,1015.8,.5,1.14,,3,,33
156,堡林,2024-05-21 18:00,25.4,,2.2,230,60,1008.5,1016.5,.4,.76,,6,,30.2
156,堡林,2024-05-21 19:00,23.6,,2.5,270,81,1009.3,1017.4,.1,.31,,6,,27.5
156,堡林,2024-05-21 20:00,22,,1.9,270,91,1009.9,1018,0,.08,,6,,24.7
156,堡林,2024-05-21 21:00,21.1,,1.9,270,94,1010.6,1018.8,,,,9,,23.7
156,堡林,2024-05-21 22:00,20.5,,1.5,250,97,1011.2,1019.4,,,,4,,23.3
156,堡林,2024-05-21 23:00,19.5,,.8,200,99,1011.3,1019.5,,,,4,,20.5
156,堡林,2024-05-22 00:00,19,,1.1,270,99,1011.2,1019.4,,,,7,,19.8
156,堡林,2024-05-22 01:00,18.5,,.3,0,99,1010.7,1018.9,,,,4,,18.8
156,堡林,2024-05-22 02:00,18.5,,.6,250,99,1010.2,1018.4,,,,0,,18.7
156,堡林,2024-05-22 03:00,18.1,,.6,230,99,1009.9,1018.1,,,,4,,18.5
156,堡林,2024-05-22 04:00,17.5,,1.1,230,99,1009.9,1018.2,,,,7,,17.8
156,堡林,2024-05-22 05:00,17,,.1,0,99,1009.6,1017.9,,,,6,,16.9
156,堡林,2024-05-22 06:00,17,,1.3,50,99,1009.6,1017.9,0,.1,,3,,17.2
156,堡林,2024-05-22 07:00,17.8,,.8,70,99,1009.6,1017.9,0,.38,,7,,19.8
156,堡林,2024-05-22 08:00,19.6,,1.3,70,99,1009.8,1018,.7,1.03,,6,,24.5
156,堡林,2024-05-22 09:00,21.5,,1.6,70,91,1009.3,1017.5,1,1.73,,5,,31.4
156,堡林,2024-05-22 10:00,22.9,,1,200,81,1009,1017.1,1,2.43,,6,,39.2
156,堡林,2024-05-22 11:00,24.5,,.9,250,73,1008.6,1016.6,1,2.85,,5,,44.1
156,堡林,2024-05-22 12:00,25.6,,1.3,270,71,1008.2,1016.2,1,3.28,,6,,49.5
156,堡林,2024-05-22 13:00,27.1,,1.3,200,62,1007.3,1015.3,1,3.25,,6,,51.2
156,堡林,2024-05-22 14:00,27.8,,1.4,270,56,1006.8,1014.7,1,3.06,,5,,50
156,堡林,2024-05-22 15:00,27.8,,2.1,270,52,1006.1,1014,1,2.5,,7,,46.6
156,堡林,2024-05-22 16:00,28.4,,1.5,270,50,1005.5,1013.4,1,2.52,,7,,46.3
156,堡林,2024-05-22 17:00,28.2,,2.3,250,50,1005.2,1013.1,1,1.66,,7,,38.7
156,堡林,2024-05-22 18:00,25.8,,1,320,70,1005.1,1013.1,1,1.11,,4,,32.2
156,堡林,2024-05-22 19:00,24.2,,2,270,75,1005.5,1013.5,.5,.4,,5,,27.8
156,堡林,2024-05-22 20:00,22.7,,1,320,87,1005.5,1013.6,0,.09,,7,,24.5
156,堡林,2024-05-22 21:00,21.9,,1.4,270,91,1006.1,1014.2,,,,4,,23
156,堡林,2024-05-22 22:00,21,,1,250,94,1006.7,1014.9,,,,7,,21.9
156,堡林,2024-05-22 23:00,20.8,,1.1,270,92,1006.6,1014.8,,,,8,,21.3
156,堡林,2024-05-23 00:00,20,,.3,0,97,1005.9,1014.1,,,,6,,20.1
156,堡林,2024-05-23 01:00,20.1,,.2,0,97,1005.2,1013.4,,,,10,,20.5
156,堡林,2024-05-23 02:00,19.9,,.1,0,98,1004.8,1013,,,,8,,20.1
156,堡林,2024-05-23 03:00,19,,.6,250,99,1004.4,1012.6,,,,6,,19.1
156,堡林,2024-05-23 04:00,18.6,,.4,0,99,1004.2,1012.4,,,,0,,17.9
156,堡林,2024-05-23 05:00,18.1,,.1,0,99,1004,1012.2,,,,0,,17.1
156,堡林,2024-05-23 06:00,17.9,,0,0,99,1004.1,1012.3,0,.09,,2,,17.3
156,堡林,2024-05-23 07:00,18.9,,.3,0,99,1004.1,1012.3,.8,.53,,0,,19.4
156,堡林,2024-05-23 08:00,20.9,,.4,0,97,1004.1,1012.2,1,1.24,,1,,25.5
156,堡林,2024-05-23 09:00,22.4,,.6,50,78,1003.8,1011.9,1,2,,0,,34.3
156,堡林,2024-05-23 10:00,24.5,,.8,340,62,1003.7,1011.7,1,2.68,,1,,42
156,堡林,2024-05-23 11:00,26,,1.6,320,49,1003.4,1011.4,1,2.89,,3,,45.9
156,堡林,2024-05-23 12:00,27.8,,.8,20,45,1003.2,1011.1,1,3.28,,3,,51.8
156,堡林,2024-05-23 13:00,28,,1.2,320,39,1002.6,1010.5,1,3.69,,3,,54
156,堡林,2024-05-23 14:00,28.6,,1.3,320,36,1001.9,1009.8,1,3.53,,2,,55.5
156,堡林,2024-05-23 15:00,29.1,,1.7,340,34,1001.4,1009.3,1,3.14,,0,,53.4
156,堡林,2024-05-23 16:00,28.6,,1.5,320,49,1000.8,1008.7,1,2.59,,0,,48
156,堡林,2024-05-23 17:00,27.5,,1.5,340,49,1000.8,1008.7,1,1.85,,0,,40
156,堡林,2024-05-23 18:00,26.1,,1.6,320,48,1001,1009,1,1.19,,0,,31.6
156,堡林,2024-05-23 19:00,24,,1.8,290,49,1001.8,1009.8,.9,.43,,0,,26.5
156,堡林,2024-05-23 20:00,22.5,,1,320,54,1002.4,1010.5,0,.09,,0,,23.3
156,堡林,2024-05-23 21:00,21.3,,.8,320,57,1003.2,1011.3,,,,3,,21.3
156,堡林,2024-05-23 22:00,20.7,,.4,0,60,1003.6,1011.7,,,,6,,20
156,堡林,2024-05-23 23:00,19.7,,.1,0,65,1003.8,1011.9,,,,3,,18.9
156,堡林,2024-05-24 00:00,19.3,,.4,0,70,1003.6,1011.7,,,,0,,17.9
156,堡林,2024-05-24 01:00,18.3,,.4,0,80,1003.2,1011.4,,,,0,,17.2
156,堡林,2024-05-24 02:00,18.3,,.3,0,84,1003.1,1011.3,,,,0,,16.6
156,堡林,2024-05-24 03:00,17.5,,.6,250,83,1002.8,1011,,,,0,,16.3
156,堡林,2024-05-24 04:00,16.9,,.4,0,93,1002.8,1011,,,,0,,15.6
156,堡林,2024-05-24 05:00,16.3,,0,0,98,1003,1011.3,,,,0,,15.1
156,堡林,2024-05-24 06:00,16.3,,.5,250,98,1003.2,1011.5,0,.1,,0,,15.6
156,堡林,2024-05-24 07:00,16.8,,.5,230,97,1004,1012.3,.9,.57,,0,,17.1
156,堡林,2024-05-24 08:00,18.8,,.7,270,86,1004.1,1012.3,1,1.28,,0,,23.6
156,堡林,2024-05-24 09:00,21.1,,.8,320,70,1004.8,1012.9,1,2.02,,0,,33.2
156,堡林,2024-05-24 10:00,22.9,,.6,340,55,1004.9,1013,1,2.65,,0,,41.2
156,堡林,2024-05-24 11:00,25.6,,1.1,20,47,1004.9,1012.9,1,3.14,,0,,48.4
156,堡林,2024-05-24 12:00,26.9,,.7,70,43,1004.8,1012.8,1,3.46,,0,,53.1
156,堡林,2024-05-24 13:00,28.3,,1,230,35,1004.1,1012,1,3.57,,0,,55.6
156,堡林,2024-05-24 14:00,29,,.6,340,36,1003.1,1011,1,3.43,,0,,55.8
156,堡林,2024-05-24 15:00,30,,1,20,35,1002.9,1010.8,1,3.06,,0,,53.3
156,堡林,2024-05-24 16:00,30,,1.2,20,34,1002.6,1010.5,1,2.49,,0,,48.5
156,堡林,2024-05-24 17:00,29.1,,1.3,320,49,1002.5,1010.4,1,1.77,,0,,40.6
156,堡林,2024-05-24 18:00,26.7,,1.2,270,61,1003.1,1011.1,1,1.05,,0,,33.1
156,堡林,2024-05-24 19:00,24.5,,1.6,250,69,1004,1012,.5,.41,,1,,28.1
156,堡林,2024-05-24 20:00,21.8,,1.5,230,81,1004.9,1013,0,.09,,1,,24.3
156,堡林,2024-05-24 21:00,20.8,,2.2,230,86,1006,1014.2,,,,0,,22.4
156,堡林,2024-05-24 22:00,20.3,,2,270,87,1006.8,1015,,,,2,,21.1
156,堡林,2024-05-24 23:00,19.9,,1.4,230,91,1007,1015.2,,,,0,,20.3
156,堡林,2024-05-25 00:00,19.4,,1.4,250,94,1007.1,1015.3,,,,0,,19.8
156,堡林,2024-05-25 01:00,18.9,,.9,230,95,1007.1,1015.3,,,,0,,19.2
156,堡林,2024-05-25 02:00,18.6,,.8,230,97,1007.1,1015.3,,,,0,,18.6
156,堡林,2024-05-25 03:00,18.4,,.3,0,98,1007.2,1015.4,,,,0,,18.1
156,堡林,2024-05-25 04:00,18.3,,.5,270,98,1007,1015.2,,,,0,,17.8
156,堡林,2024-05-25 05:00,17.8,,.4,0,99,1007.5,1015.7,,,,0,,17.4
156,堡林,2024-05-25 06:00,17.8,,.7,50,99,1008,1016.2,0,.1,,0,,17.8
156,堡林,2024-05-25 07:00,18.5,,.2,0,98,1008.3,1016.5,.1,.43,,0,,20.1
156,堡林,2024-05-25 08:00,19.6,,.8,70,92,1008.8,1017,1,1.05,,3,,27.3
156,堡林,2024-05-25 09:00,21.7,,.6,160,85,1008.5,1016.6,1,1.7,,0,,36.1
156,堡林,2024-05-25 10:00,23.2,,.9,110,68,1008.3,1016.4,1,2.39,,0,,44.2
156,堡林,2024-05-25 11:00,24.4,,.8,110,63,1008.1,1016.1,1,2.83,,0,,52.9
156,堡林,2024-05-25 12:00,25.7,,2.5,230,55,1007.8,1015.8,1,3.12,,0,,56.4
156,堡林,2024-05-25 13:00,26.5,,1.8,180,54,1007.3,1015.3,1,3.31,,0,,58.2
156,堡林,2024-05-25 14:00,26.6,,2,200,50,1006.9,1014.9,1,3.09,,3,,55.4
156,堡林,2024-05-25 15:00,27.1,,3.1,200,48,1006.5,1014.5,1,2.9,,0,,54.9
156,堡林,2024-05-25 16:00,26.9,,2.4,200,49,1005.9,1013.9,1,2.44,,0,,49.3
156,堡林,2024-05-25 17:00,25.8,,2.5,200,50,1005.6,1013.6,1,1.75,,2,,39.6
156,堡林,2024-05-25 18:00,24.6,,2.7,180,52,1005.5,1013.5,.5,.85,,7,,31.4
156,堡林,2024-05-25 19:00,23.1,,2.7,200,55,1005.3,1013.3,.5,.46,,4,,25.5
156,堡林,2024-05-25 20:00,22,,2.5,180,56,1005.4,1013.5,0,.08,,8,,21.9
156,堡林,2024-05-25 21:00,20.9,,1.4,180,57,1006,1014.2,,,,8,,20.1
156,堡林,2024-05-25 22:00,20.7,,1.2,200,57,1006.4,1014.6,,,,5,,18.7
156,堡林,2024-05-25 23:00,20.4,,.4,0,57,1006.5,1014.7,,,,0,,17.6
156,堡林,2024-05-26 00:00,20.1,,.9,50,59,1005.7,1013.9,,,,0,,17
156,堡林,2024-05-26 01:00,19.4,,.5,20,58,1005.2,1013.3,,,,0,,16
156,堡林,2024-05-26 02:00,18.5,,.2,0,59,1004.6,1012.8,,,,0,,15.3
156,堡林,2024-05-26 03:00,18.6,,.5,270,61,1003.9,1012.1,,,,0,,14.6
156,堡林,2024-05-26 04:00,16.8,,.2,0,64,1003.5,1011.8,,,,0,,13.7
156,堡林,2024-05-26 05:00,16.8,,.3,0,66,1003.4,1011.7,,,,1,,13.3
156,堡林,2024-05-26 06:00,17,,.7,360,65,1003.3,1011.5,0,.11,,5,,14.2
156,堡林,2024-05-26 07:00,18.4,,.4,0,58,1003.1,1011.3,.8,.56,,6,,17.9
156,堡林,2024-05-26 08:00,21,,1.8,200,60,1002.7,1010.8,1,1.26,,7,,28.7
156,堡林,2024-05-26 09:00,21.9,,2.6,180,61,1002.3,1010.4,1,1.88,,8,,38.9
156,堡林,2024-05-26 10:00,22.4,,3.6,180,67,1001.7,1009.8,.5,1.93,,9,,40.9
156,堡林,2024-05-26 11:00,22.3,,3.2,200,78,1001.2,1009.3,0,1.21,,9,,33
156,堡林,2024-05-26 12:00,22.6,,2.8,230,81,1000.8,1008.8,0,1.21,,9,,33.1
156,堡林,2024-05-26 13:00,22.9,,3.5,180,81,999.7,1007.7,0,1.3,,9,,33.1
156,堡林,2024-05-26 14:00,22.8,,3.4,200,88,998.8,1006.8,0,.71,,10,,30.1
156,堡林,2024-05-26 15:00,23.2,,2.7,200,89,997.5,1005.5,0,.97,,10,,33.6
156,堡林,2024-05-26 16:00,22.8,,2.6,200,91,996.7,1004.7,0,.95,,10,,31.1
156,堡林,2024-05-26 17:00,21.8,0,3.8,200,99,996.3,1004.3,0,.32,,10,,24.4
156,堡林,2024-05-26 18:00,21.8,0,3.8,200,99,994.9,1002.9,0,.25,,10,,22.7
156,堡林,2024-05-26 19:00,21.8,0,3.1,200,99,995.3,1003.3,0,.16,,10,,22.2
156,堡林,2024-05-26 20:00,22,.1,1.3,200,99,994.8,1002.8,0,.07,,10,,21.9
156,堡林,2024-05-26 21:00,21.1,1.4,1.9,200,99,994.9,1003,,,,10,,22.2
156,堡林,2024-05-26 22:00,20.8,.3,1.3,250,99,995.6,1003.7,,,,10,,21.9
156,堡林,2024-05-26 23:00,21,.5,1.8,250,99,995.4,1003.5,,,,10,,22
156,堡林,2024-05-27 00:00,20.5,.2,1.1,290,99,995.5,1003.6,,,,10,,21.4
156,堡林,2024-05-27 01:00,19.6,,.6,320,99,995.5,1003.6,,,,6,,20.5
156,堡林,2024-05-27 02:00,19.3,,.8,290,99,995.1,1003.2,,,,3,,20
156,堡林,2024-05-27 03:00,18.5,,1.2,320,99,995.5,1003.6,,,,9,,19.1
156,堡林,2024-05-27 04:00,17.7,,.7,50,99,995.7,1003.8,,,,2,,17.8
156,堡林,2024-05-27 05:00,16.7,,1.5,50,96,996.2,1004.4,,,,3,,15.9
156,堡林,2024-05-27 06:00,16.3,,.7,50,93,997,1005.2,0,.11,,3,,15.4
156,堡林,2024-05-27 07:00,16.5,,1.7,70,91,997.7,1005.9,.9,.63,,4,,16.1
156,堡林,2024-05-27 08:00,18.6,,2.6,70,73,997.9,1006,1,1.34,,6,,22.9
156,堡林,2024-05-27 09:00,19.9,,2.1,70,65,998.1,1006.2,1,2.12,,6,,30.2
156,堡林,2024-05-27 10:00,21.2,,2.5,70,53,997.8,1005.9,1,2.63,,7,,35.6
156,堡林,2024-05-27 11:00,22.2,,2.5,50,50,997.7,1005.7,.9,2.6,,9,,37.2
156,堡林,2024-05-27 12:00,22.2,,3.7,50,44,997.6,1005.6,.9,2.6,,9,,41.3
156,堡林,2024-05-27 13:00,23.1,,2.8,50,44,997.7,1005.7,.8,2.78,,8,,47.7
156,堡林,2024-05-27 14:00,23.4,,2.5,50,43,997.1,1005.1,1,3.32,,8,,47.3
156,堡林,2024-05-27 15:00,22.6,,1.6,360,43,997.2,1005.2,.5,2.17,,9,,38.7
156,堡林,2024-05-27 16:00,23,,1.7,320,41,997.4,1005.4,.6,1.9,,10,,38.1
156,堡林,2024-05-27 17:00,22.6,,1.7,360,41,997.1,1005.1,.8,1.52,,8,,33.3
156,堡林,2024-05-27 18:00,20.9,,2.1,320,44,997.3,1005.4,.4,.89,,9,,27.3
156,堡林,2024-05-27 19:00,19.5,,1.3,340,54,997.6,1005.7,0,.31,,9,,22.6
156,堡林,2024-05-27 20:00,18.5,,.9,360,59,998.4,1006.5,0,.08,,10,,19.7
156,堡林,2024-05-27 21:00,18.2,,2.5,50,52,998.3,1006.4,,,,9,,18.2
156,堡林,2024-05-27 22:00,17,,1.4,50,60,998.3,1006.5,,,,10,,17.2
156,堡林,2024-05-27 23:00,16.6,,.9,90,60,998.4,1006.6,,,,10,,16.4
156,堡林,2024-05-28 00:00,16.3,,1,70,63,997.3,1005.5,,,,9,,15.9
156,堡林,2024-05-28 01:00,15.9,,1.7,50,68,997,1005.2,,,,9,,15.2
156,堡林,2024-05-28 02:00,15.3,,1.4,50,74,997.1,1005.4,,,,10,,15
156,堡林,2024-05-28 03:00,15.8,,.8,70,72,997,1005.2,,,,9,,14.5
156,堡林,2024-05-28 04:00,15,,1.5,70,73,996.7,1005,,,,9,,14.1
156,堡林,2024-05-28 05:00,14.8,,.6,20,79,996.2,1004.4,,,,9,,13.8
156,堡林,2024-05-28 06:00,14.8,,.2,0,85,996.4,1004.6,0,.11,,8,,14.2
156,堡林,2024-05-28 07:00,15.1,,.5,290,89,996.5,1004.8,.6,.49,,7,,16.4
156,堡林,2024-05-28 08:00,17.3,,.5,320,74,996.5,1004.7,.9,.98,,1,,23.8
156,堡林,2024-05-28 09:00,20.6,,2,70,60,996.4,1004.5,1,2.16,,0,,36.7
156,堡林,2024-05-28 10:00,21.8,,2.3,70,51,996.2,1004.2,1,2.83,,0,,45.8
156,堡林,2024-05-28 11:00,23.6,,1.7,70,50,996.4,1004.4,1,3.39,,1,,53.9
156,堡林,2024-05-28 12:00,24.6,,1.3,20,44,996,1003.9,1,3.71,,2,,58.3
156,堡林,2024-05-28 13:00,24.1,,2.3,50,43,995.7,1003.6,1,3.42,,1,,57.6
156,堡林,2024-05-28 14:00,24.9,,3.1,50,42,996.3,1004.3,.8,2.61,,2,,53.9
156,堡林,2024-05-28 15:00,25.8,,2.3,50,43,996,1003.9,1,3.23,,4,,55.6
156,堡林,2024-05-28 16:00,25.4,,2.3,50,44,996.1,1004,.9,2.36,,4,,48.5
156,堡林,2024-05-28 17:00,25,,1.7,70,44,996.5,1004.5,.6,1.42,,7,,36.5
156,堡林,2024-05-28 18:00,24.1,,1.9,20,55,997,1004.9,.8,1.17,,4,,32.4
156,堡林,2024-05-28 19:00,23.1,,1.8,50,57,997.7,1005.7,.8,.56,,0,,24.7
156,堡林,2024-05-28 20:00,21.4,,.7,50,63,999,1007.1,.1,.1,,0,,20.8
156,堡林,2024-05-28 21:00,20.4,,.3,0,68,1000.4,1008.5,,,,0,,18.8
156,堡林,2024-05-28 22:00,19.5,,0,0,74,1001.4,1009.5,,,,0,,17.4
156,堡林,2024-05-28 23:00,19.4,,1,90,74,1002,1010.1,,,,0,,16.9
156,堡林,2024-05-29 00:00,18.7,,.9,230,79,1002.4,1010.6,,,,0,,16.1
156,堡林,2024-05-29 01:00,18.5,,.8,200,77,1002.8,1011,,,,0,,15.3
156,堡林,2024-05-29 02:00,17.3,,.7,230,85,1003.2,1011.4,,,,0,,14.6
156,堡林,2024-05-29 03:00,17.5,,.5,250,87,1003.8,1012,,,,0,,14.2
156,堡林,2024-05-29 04:00,16.2,,.6,70,94,1004.3,1012.6,,,,0,,13.4
156,堡林,2024-05-29 05:00,16.2,,.6,250,98,1004.8,1013.1,,,,0,,12.9
156,堡林,2024-05-29 06:00,15.5,,.1,0,99,1005.2,1013.5,,,,0,,13.5
156,堡林,2024-05-29 07:00,16.5,,.6,250,99,1006,1014.3,,,,0,,15.4
156,堡林,2024-05-29 08:00,19,,.3,0,89,1006.5,1014.7,,,,0,,26.6
156,堡林,2024-05-29 09:00,21.3,,1,20,78,1006.3,1014.4,,,,0,,39.1
156,堡林,2024-05-29 10:00,23,,.7,360,63,1006.1,1014.2,,,,0,,49.2
156,堡林,2024-05-29 11:00,24.6,,1.9,50,51,1005.8,1013.8,,,,0,,55.4
156,堡林,2024-05-29 12:00,26.2,,1.1,360,45,1005.9,1013.9,,,,2,,59.9
156,堡林,2024-05-29 13:00,26.6,,.7,20,42,1005.4,1013.4,,,,2,,62.2
156,堡林,2024-05-29 14:00,27.8,,.9,340,36,1004.9,1012.8,,,,3,,61.1
156,堡林,2024-05-29 15:00,29.1,,1.5,270,33,1004,1011.9,,,,2,,58.4
156,堡林,2024-05-29 16:00,28.5,,1.1,320,37,1003.2,1011.1,,,,2,,52.5
156,堡林,2024-05-29 17:00,28,,1.9,250,36,1002.7,1010.6,,,,5,,42.7
156,堡林,2024-05-29 18:00,26.3,,2.4,270,54,1002.7,1010.7,,,,5,,32.8
156,堡林,2024-05-29 19:00,23.7,,1.9,270,61,1003.6,1011.6,,,,0,,26.2
156,堡林,2024-05-29 20:00,22.1,,2.1,270,66,1004.8,1012.9,,,,0,,22.4
156,堡林,2024-05-29 21:00,21.1,,.3,0,76,1005.6,1013.7,,,,0,,20.5
156,堡林,2024-05-29 22:00,20.1,,.1,0,83,1006,1014.2,,,,4,,19.1
156,堡林,2024-05-29 23:00,19.9,,.1,0,84,1005.8,1014,,,,4,,18.2
156,堡林,2024-05-30 00:00,19.8,,1.1,50,84,1005.4,1013.5,,,,7,,17.9
156,堡林,2024-05-30 01:00,19,,.5,90,90,1004.9,1013.1,,,,7,,17.7
156,堡林,2024-05-30 02:00,19.2,,1.1,50,87,1004.3,1012.4,,,,9,,17.7
156,堡林,2024-05-30 03:00,18.8,,.7,50,89,1004.5,1012.7,,,,8,,17.3
156,堡林,2024-05-30 04:00,18.1,,.2,0,92,1004.9,1013.1,,,,9,,17.5
156,堡林,2024-05-30 05:00,18.2,,.7,50,92,1004.3,1012.5,,,,9,,17.7
156,堡林,2024-05-30 06:00,18.2,,.9,50,90,1005,1013.2,,,,9,,18.1
156,堡林,2024-05-30 07:00,18.1,,.9,70,92,1003.6,1011.8,,,,9,,19.3
156,堡林,2024-05-30 08:00,19.3,,.8,290,80,1004.5,1012.6,0,.46,,9,,23.8
156,堡林,2024-05-30 09:00,20.3,,.4,0,79,1004.5,1012.7,0,.98,,9,,29.8
156,堡林,2024-05-30 10:00,22,,.7,320,71,1003.8,1011.9,.1,1.67,,9,,37.2
156,堡林,2024-05-30 11:00,22.1,,1.5,270,70,1004.1,1012.2,0,.99,,9,,30.7
156,堡林,2024-05-30 12:00,23.7,,1.2,320,64,1003.5,1011.5,0,1.38,,9,,39.6
156,堡林,2024-05-30 13:00,23.8,,.8,140,54,1002.7,1010.7,.2,2.23,,8,,40.8
156,堡林,2024-05-30 14:00,25,,1.5,70,55,1002.8,1010.8,.4,2.28,,8,,46.7
156,堡林,2024-05-30 15:00,26,,.8,340,52,1001.9,1009.9,.4,2.22,,9,,45.2
156,堡林,2024-05-30 16:00,24.7,,.7,20,56,1001.8,1009.7,0,.99,,10,,34.1
156,堡林,2024-05-30 17:00,25.2,,.8,360,52,1001.3,1009.3,.1,1.11,,10,,35.4
156,堡林,2024-05-30 18:00,24.5,,2.1,230,50,1001.3,1009.3,0,.59,,10,,30.2
156,堡林,2024-05-30 19:00,22.6,,1.8,270,67,1002.4,1010.4,0,.25,,10,,25.5
156,堡林,2024-05-30 20:00,21.5,,1.3,270,67,1002.5,1010.6,0,.06,,10,,22.8
156,堡林,2024-05-30 21:00,21.2,,1.2,270,69,1002.8,1010.9,,,,10,,21.8
156,堡林,2024-05-30 22:00,19.7,.1,1.1,230,88,1003.4,1011.5,,,,10,,19.9
156,堡林,2024-05-30 23:00,19.3,0,2.3,230,94,1003.8,1011.9,,,,10,,19.2
156,堡林,2024-05-31 00:00,19,0,1.3,230,98,1003.7,1011.8,,,,10,,19
156,堡林,2024-05-31 01:00,19.2,0,1.8,200,98,1002.9,1011,,,,10,,18.7
156,堡林,2024-05-31 02:00,18.3,,3.3,200,99,1002.9,1011.1,,,,10,,18.4
156,堡林,2024-05-31 03:00,17.5,,2.7,200,99,1002.4,1010.6,,,,10,,18
156,堡林,2024-05-31 04:00,17.4,,.7,180,97,1002.4,1010.6,,,,10,,17.8
156,堡林,2024-05-31 05:00,17.6,,.3,0,87,1002.3,1010.5,,,,8,,17.4
156,堡林,2024-05-31 06:00,18,,1.5,50,91,1002.7,1010.9,0,.1,,9,,17.8
156,堡林,2024-05-31 07:00,18.4,,.5,360,92,1003.1,1011.3,.2,.46,,8,,20.1
156,堡林,2024-05-31 08:00,19.8,,1.1,50,76,1003.2,1011.3,1,1.26,,6,,26.9
156,堡林,2024-05-31 09:00,20.8,,1.3,320,67,1003.5,1011.6,1,1.91,,5,,37.3
156,堡林,2024-05-31 10:00,22.7,,1.3,20,64,1003.1,1011.1,.9,2.73,,3,,49.5
156,堡林,2024-05-31 11:00,23,,1.2,90,59,1002.7,1010.7,1,3,,5,,53.7
156,堡林,2024-05-31 12:00,24.7,,1.8,20,52,1002.2,1010.2,1,3.66,,2,,59.5
156,堡林,2024-05-31 13:00,26.3,,1.4,360,48,1001.6,1009.6,1,3.71,,3,,62.4
156,堡林,2024-05-31 14:00,26.7,,1.4,320,48,1001.2,1009.1,1,3.6,,0,,62.2
156,堡林,2024-05-31 15:00,26.6,,1.9,20,49,1000.9,1008.8,1,3.27,,0,,59.6
156,堡林,2024-05-31 16:00,26,,1.7,320,51,1000.2,1008.2,1,2.72,,0,,54
156,堡林,2024-05-31 17:00,26.8,,1.2,340,49,1000.2,1008.1,1,2.08,,0,,43.1
156,堡林,2024-05-31 18:00,24.8,,2.1,290,53,1001.2,1009.1,1,1.3,,0,,30.8
156,堡林,2024-05-31 19:00,22.4,,1.5,290,59,1002.3,1010.4,.6,.45,,0,,24.2
156,堡林,2024-05-31 20:00,20.1,,1,360,60,1003.5,1011.7,.1,.1,,1,,19.9
156,堡林,2024-05-31 21:00,19,,1.6,290,72,1004,1012.2,,,,0,,18.2
156,堡林,2024-05-31 22:00,18.6,,1.4,340,67,1004.3,1012.5,,,,1,,17
156,堡林,2024-05-31 23:00,18.1,,.5,340,67,1004.3,1012.5,,,,1,,15.7
156,堡林,2024-06-01 00:00,17.6,,.7,320,75,1004.1,1012.3,,,,2,,15.2
156,堡林,2024-06-01 01:00,17.1,,.2,0,84,1004,1012.2,,,,6,,14.8
156,堡林,2024-06-01 02:00,16.7,,.3,0,83,1003.7,1012,,,,3,,14.6
156,堡林,2024-06-01 03:00,17,,1,250,95,1003.9,1012.1,,,,8,,15.5
156,堡林,2024-06-01 04:00,17,,1.3,200,98,1003.4,1011.6,,,,9,,17.2
156,堡林,2024-06-01 05:00,17.2,0,.9,230,97,1003.6,1011.8,,,,9,,18.3
156,堡林,2024-06-01 06:00,17.2,,.7,290,98,1004,1012.2,0,.07,,9,,19.2
156,堡林,2024-06-01 07:00,17.3,,1.1,340,99,1004,1012.2,0,.3,,9,,21.5
156,堡林,2024-06-01 08:00,18.2,,1,340,92,1004.4,1012.6,.2,.7,,7,,25
156,堡林,2024-06-01 09:00,18.5,,1.2,340,81,1004.5,1012.7,.3,1.08,,8,,26.1
156,堡林,2024-06-01 10:00,20.1,,1.8,290,71,1004.4,1012.6,.9,2.3,,7,,38.5
156,堡林,2024-06-01 11:00,21.6,,1.6,320,64,1004.3,1012.4,.9,3.03,,8,,46.5
156,堡林,2024-06-01 12:00,21.6,,2.3,20,68,1003.8,1011.9,.9,3.28,,8,,49.5
156,堡林,2024-06-01 13:00,23.1,,2.2,20,60,1003.5,1011.5,1,3.68,,6,,55.8
156,堡林,2024-06-01 14:00,23,,2.9,20,58,1002.9,1010.9,.8,2.85,,6,,51.2
156,堡林,2024-06-01 15:00,23.8,,2.4,360,47,1003,1011,1,3.11,,3,,53
156,堡林,2024-06-01 16:00,24.4,,2.6,360,39,1002.3,1010.3,1,2.8,,1,,49.8
156,堡林,2024-06-01 17:00,24,,2.4,20,39,1002.3,1010.3,1,2.13,,0,,42.6
156,堡林,2024-06-01 18:00,22.8,,2.4,340,42,1002.3,1010.3,1,1.39,,0,,31.3
156,堡林,2024-06-01 19:00,20.9,,2.1,320,53,1002.6,1010.7,.8,.58,,0,,23.4
156,堡林,2024-06-01 20:00,19.3,,2,320,63,1003,1011.1,.2,.11,,1,,19.4
156,堡林,2024-06-01 21:00,18.4,,1.4,360,67,1003.7,1011.9,,,,2,,17.6
156,堡林,2024-06-01 22:00,17.5,,1.1,320,83,1004.1,1012.3,,,,3,,16.7
156,堡林,2024-06-01 23:00,16.9,,1.5,320,91,1004.2,1012.5,,,,0,,15.7
156,堡林,2024-06-02 00:00,16.9,,1.2,340,92,1004.1,1012.4,,,,4,,15.5
156,堡林,2024-06-02 01:00,16.5,,.7,50,94,1004.1,1012.4,,,,2,,14.6
156,堡林,2024-06-02 02:00,15.4,,.6,110,95,1003.9,1012.2,,,,6,,13.6
156,堡林,2024-06-02 03:00,15.7,,.4,0,98,1003.6,1011.9,,,,9,,13.8
156,堡林,2024-06-02 04:00,15.4,,.4,0,98,1003.8,1012.1,,,,5,,13.1
156,堡林,2024-06-02 05:00,15.1,,.6,70,98,1003.7,1012,,,,4,,12.8
156,堡林,2024-06-02 06:00,15.6,,.5,290,92,1004.1,1012.4,0,.11,,4,,13.5
156,堡林,2024-06-02 07:00,16.7,,.3,0,87,1004.1,1012.4,1,.61,,8,,18.6
156,堡林,2024-06-02 08:00,17.9,,.1,0,81,1004,1012.2,.7,1.03,,9,,25.8
156,堡林,2024-06-02 09:00,19.7,,.6,270,67,1003.9,1012,.9,1.64,,6,,37.2
156,堡林,2024-06-02 10:00,21.8,,.4,0,60,1003.6,1011.7,1,2.39,,8,,44.1
156,堡林,2024-06-02 11:00,23.6,,1.1,70,48,1003,1011,1,3.11,,8,,48.6
156,堡林,2024-06-02 12:00,24.9,,2.2,20,40,1002.6,1010.6,1,3.33,,7,,52.4
156,堡林,2024-06-02 13:00,25.8,,2.8,20,34,1001.9,1009.9,1,3.41,,8,,51.7
156,堡林,2024-06-02 14:00,26,,2.8,20,33,1001.7,1009.7,1,2.95,,8,,50.1
156,堡林,2024-06-02 15:00,26.3,,2.4,340,31,1001.4,1009.4,1,3.06,,7,,52.8
156,堡林,2024-06-02 16:00,26.3,,2.5,20,32,1001.1,1009.1,1,2.63,,6,,49.2
156,堡林,2024-06-02 17:00,24.9,,2.3,340,32,1001.1,1009.1,.8,1.39,,6,,38.1
156,堡林,2024-06-02 18:00,24.6,,1.6,360,37,1001.4,1009.3,.7,.99,,7,,31.6
156,堡林,2024-06-02 19:00,23.3,,.9,360,40,1001.5,1009.5,.6,.57,,5,,24.4
156,堡林,2024-06-02 20:00,21.8,,1.8,340,49,1002.1,1010.2,.2,.12,,3,,20.2
156,堡林,2024-06-02 21:00,19.9,,0,0,56,1002.3,1010.5,,,,4,,18
156,堡林,2024-06-02 22:00,19.9,,.6,270,55,1002.8,1011,,,,7,,16.7
156,堡林,2024-06-02 23:00,19.4,,.9,270,55,1002.9,1011,,,,6,,16.1
156,堡林,2024-06-03 00:00,18.6,,.9,270,60,1003,1011.2,,,,3,,15.2
156,堡林,2024-06-03 01:00,17.7,,.6,200,71,1003,1011.2,,,,7,,15.1
156,堡林,2024-06-03 02:00,17.3,,1,180,75,1002.7,1010.9,,,,7,,14.5
156,堡林,2024-06-03 03:00,16.5,,.5,200,78,1002.6,1010.9,,,,6,,13.8
156,堡林,2024-06-03 04:00,16,,.8,270,95,1002.7,1011,,,,0,,13.1
156,堡林,2024-06-03 05:00,15.3,,.4,0,97,1002.7,1011,,,,0,,12.5
156,堡林,2024-06-03 06:00,15.5,,.5,140,89,1002.9,1011.2,.1,.12,,0,,12.8
156,堡林,2024-06-03 07:00,16.3,,.1,0,83,1003.4,1011.7,1,.62,,0,,14.8
156,堡林,2024-06-03 08:00,18.8,,.7,70,65,1003.3,1011.5,1,1.36,,0,,25.5
156,堡林,2024-06-03 09:00,21.4,,.7,140,56,1002.9,1011,1,2.1,,0,,39.5
156,堡林,2024-06-03 10:00,23.5,,.6,320,47,1002.5,1010.5,1,2.75,,0,,49.1
156,堡林,2024-06-03 11:00,24.7,,.9,360,39,1002.3,1010.3,1,3.27,,0,,53.1
156,堡林,2024-06-03 12:00,26.3,,1.1,270,32,1001.7,1009.7,1,3.58,,0,,56.1
156,堡林,2024-06-03 13:00,27,,1.6,270,32,1001.3,1009.2,1,3.69,,0,,59.8
156,堡林,2024-06-03 14:00,27.7,,1.2,320,29,1000.9,1008.8,1,3.59,,1,,60.3
156,堡林,2024-06-03 15:00,28.5,,2.1,50,30,1000.5,1008.4,.9,2.99,,3,,55.8
156,堡林,2024-06-03 16:00,28.4,,2,320,34,1000.4,1008.3,1,2.72,,4,,52.7
156,堡林,2024-06-03 17:00,26.8,,1.8,320,38,1000.7,1008.6,1,2.11,,4,,44.5
156,堡林,2024-06-03 18:00,25.7,,2.8,270,42,1001.3,1009.3,1,1.38,,5,,35.1
156,堡林,2024-06-03 19:00,23.8,,2.3,270,46,1002.1,1010.1,.5,.63,,0,,27.6
156,堡林,2024-06-03 20:00,22,,.8,320,60,1003.1,1011.2,.2,.13,,4,,23.8
156,堡林,2024-06-03 21:00,20.8,,2.7,200,78,1004.3,1012.4,,,,4,,22.6
156,堡林,2024-06-03 22:00,19.8,,2.7,230,85,1004.9,1013,,,,4,,20.5
156,堡林,2024-06-03 23:00,19,,2.5,200,91,1005.5,1013.7,,,,0,,18.9
156,堡林,2024-06-04 00:00,18.7,,2.1,230,94,1005.7,1013.9,,,,1,,18.1
156,堡林,2024-06-04 01:00,18.7,,1.4,200,96,1005.8,1014,,,,1,,18.2
156,堡林,2024-06-04 02:00,18,,1.1,200,97,1005.8,1014,,,,0,,17.2
156,堡林,2024-06-04 03:00,17.9,,.9,50,98,1006,1014.2,,,,0,,16.8
156,堡林,2024-06-04 04:00,17.2,,.4,0,99,1006.1,1014.4,,,,0,,16
156,堡林,2024-06-04 05:00,17.1,,.6,90,99,1006.4,1014.7,,,,0,,16
156,堡林,2024-06-04 06:00,17,,.6,180,99,1007.2,1015.5,0,.11,,0,,15.9
156,堡林,2024-06-04 07:00,18,,.7,50,98,1007.7,1015.9,.9,.56,,0,,18.1
156,堡林,2024-06-04 08:00,19.9,,.6,270,89,1007.9,1016.1,1,1.31,,0,,26
156,堡林,2024-06-04 09:00,20.5,,1.4,70,78,1008.2,1016.4,1,2.01,,1,,37.4
156,堡林,2024-06-04 10:00,21.9,,1.4,50,73,1008.2,1016.3,.9,2.61,,6,,39.8
156,堡林,2024-06-04 11:00,23,,1.5,20,62,1008,1016.1,.8,2.9,,6,,49.5
156,堡林,2024-06-04 12:00,25,,1.3,50,54,1007.4,1015.5,.6,2.7,,3,,56.5
156,堡林,2024-06-04 13:00,25.6,,1.5,50,49,1006.9,1014.9,1,3.88,,2,,57.4
156,堡林,2024-06-04 14:00,26.8,,1.9,70,45,1006.5,1014.5,.9,3.26,,3,,55.8
156,堡林,2024-06-04 15:00,27,,1.8,70,40,1006.3,1014.3,1,3,,3,,53.7
156,堡林,2024-06-04 16:00,26.9,,1.6,20,55,1006.2,1014.2,1,2.92,,6,,50.9
156,堡林,2024-06-04 17:00,25.3,,1.8,320,59,1006.4,1014.4,1,2.03,,2,,41
156,堡林,2024-06-04 18:00,24.6,,2,340,63,1006.6,1014.6,1,1.27,,4,,32.8
156,堡林,2024-06-04 19:00,23.9,,1.8,270,67,1007.1,1015.1,.5,.58,,4,,29.2
156,堡林,2024-06-04 20:00,22.8,,2.3,270,72,1008.2,1016.3,.2,.17,,8,,26.4
156,堡林,2024-06-04 21:00,21.9,,2,250,79,1009.3,1017.4,,,,8,,25
156,堡林,2024-06-04 22:00,20.4,,2.2,230,97,1010.1,1018.3,,,,3,,23.2
156,堡林,2024-06-04 23:00,20,,1,230,97,1010.6,1018.8,,,,5,,23
156,堡林,2024-06-05 00:00,19.1,,1.8,230,98,1010.4,1018.6,,,,1,,20.5
156,堡林,2024-06-05 01:00,18.6,,1.1,230,99,1010.5,1018.7,,,,0,,18.7
156,堡林,2024-06-05 02:00,18.6,,1.2,270,99,1010.6,1018.8,,,,0,,19.2
156,堡林,2024-06-05 03:00,18.3,,.8,320,99,1010.5,1018.7,,,,7,,19.1
156,堡林,2024-06-05 04:00,18.4,,.6,360,99,1010.7,1018.9,,,,8,,19.6
156,堡林,2024-06-05 05:00,18.3,,.2,0,99,1010.7,1018.9,,,,9,,19
156,堡林,2024-06-05 06:00,18.5,,1,50,99,1010.9,1019.1,0,.11,,9,,20.5
156,堡林,2024-06-05 07:00,18.9,,.9,70,98,1011.1,1019.3,.5,.59,,8,,22.3
156,堡林,2024-06-05 08:00,20.2,,1.6,70,96,1011.2,1019.4,1,1.17,,4,,28.7
156,堡林,2024-06-05 09:00,22,,1.8,70,82,1010.9,1019,1,1.98,,6,,38
156,堡林,2024-06-05 10:00,24.1,,.9,50,67,1010.7,1018.7,1,2.54,,6,,49.5
156,堡林,2024-06-05 11:00,25.5,,1.1,70,61,1010.1,1018.2,1,2.73,,7,,51.9
156,堡林,2024-06-05 12:00,26.6,,1.7,70,50,1009.7,1017.7,1,2.95,,8,,55
156,堡林,2024-06-05 13:00,27.2,,1.1,290,51,1009.3,1017.3,.9,2.78,,8,,53.2
156,堡林,2024-06-05 14:00,28.1,,.7,180,42,1009,1017,.7,2.47,,9,,50.2
156,堡林,2024-06-05 15:00,27.6,,2.7,200,42,1008.9,1016.9,0,1.89,,9,,45.4
156,堡林,2024-06-05 16:00,26.5,,2.5,250,53,1009,1017,0,1.44,,9,,40.2
156,堡林,2024-06-05 17:00,25.4,,2.5,230,56,1009.1,1017.2,.4,1.36,,8,,36.9
156,堡林,2024-06-05 18:00,24,,1.7,270,75,1008.8,1016.8,0,.6,,9,,32.1
156,堡林,2024-06-05 19:00,23.1,,1.8,250,79,1009.7,1017.8,0,.29,,10,,27.5
156,堡林,2024-06-05 20:00,22.6,,.7,320,83,1010.3,1018.4,0,.07,,10,,25.5
156,堡林,2024-06-05 21:00,21.9,,.6,320,86,1010.4,1018.5,,,,9,,23.7
156,堡林,2024-06-05 22:00,21.3,,.9,50,88,1010.4,1018.6,,,,10,,22
156,堡林,2024-06-05 23:00,20.7,,.5,290,91,1010.5,1018.7,,,,8,,20.3
156,堡林,2024-06-06 00:00,20.2,,1.1,250,94,1010.6,1018.8,,,,7,,19.2
156,堡林,2024-06-06 01:00,19.4,,1.7,200,95,1010.5,1018.7,,,,5,,17.8
156,堡林,2024-06-06 02:00,18.5,,.8,140,89,1010.2,1018.4,,,,0,,16.3
156,堡林,2024-06-06 03:00,18.4,,.6,110,82,1009.8,1018,,,,7,,16.6
156,堡林,2024-06-06 04:00,18.9,,.4,0,93,1010,1018.2,,,,8,,16.9
156,堡林,2024-06-06 05:00,18.4,,.2,0,98,1009.9,1018.1,,,,9,,18.1
156,堡林,2024-06-06 06:00,18.3,,1.5,70,92,1009.6,1017.8,0,.09,,9,,18.5
156,堡林,2024-06-06 07:00,19.1,,.7,290,91,1010.2,1018.4,0,.29,,9,,20.9
156,堡林,2024-06-06 08:00,20,,1.1,290,87,1010.5,1018.7,.5,.93,,6,,27.9
156,堡林,2024-06-06 09:00,20.8,,.9,70,82,1009.8,1018,.4,1.4,,8,,31.9
156,堡林,2024-06-06 10:00,22.1,,1.1,200,72,1009.6,1017.7,.5,1.79,,8,,38.7
156,堡林,2024-06-06 11:00,23.6,,1,290,62,1009.5,1017.6,.4,2.19,,7,,46.5
156,堡林,2024-06-06 12:00,26,,1.4,200,55,1009.3,1017.3,1,3.39,,6,,56
156,堡林,2024-06-06 13:00,25.5,,1.8,230,49,1009.1,1017.1,.6,2.39,,9,,46.5
156,堡林,2024-06-06 14:00,24.9,,2.5,180,50,1008.8,1016.9,.5,2.46,,9,,45.7
156,堡林,2024-06-06 15:00,25.4,,1.9,230,53,1008.2,1016.2,.2,1.79,,8,,45
156,堡林,2024-06-06 16:00,25.7,,1.6,200,48,1007.6,1015.6,.6,2.23,,7,,46.2
156,堡林,2024-06-06 17:00,26.2,,.4,0,47,1007.2,1015.2,.8,1.69,,4,,40.6
156,堡林,2024-06-06 18:00,25.9,,2.7,180,47,1007,1015,1,1.64,,5,,36.7
156,堡林,2024-06-06 19:00,24.3,,2.5,230,57,1007,1015,.5,.83,,7,,29.9
156,堡林,2024-06-06 20:00,22.8,,1.7,250,70,1007.5,1015.6,.3,.14,,9,,25.6
156,堡林,2024-06-06 21:00,22,,.8,270,73,1008.1,1016.2,,,,7,,23.1
156,堡林,2024-06-06 22:00,21.3,,.2,0,75,1008.5,1016.7,,,,5,,21.8
156,堡林,2024-06-06 23:00,21.3,,.7,250,74,1008.6,1016.8,,,,6,,21.1
156,堡林,2024-06-07 00:00,20.1,,0,0,82,1008.4,1016.6,,,,5,,19.2
156,堡林,2024-06-07 01:00,19.6,,1,200,86,1008.1,1016.3,,,,6,,18
156,堡林,2024-06-07 02:00,19.5,,.8,180,86,1007.9,1016.1,,,,10,,19.2
156,堡林,2024-06-07 03:00,19.8,,.6,250,86,1007.4,1015.5,,,,9,,19.4
156,堡林,2024-06-07 04:00,19.1,,.4,0,94,1007.4,1015.6,,,,7,,18.1
156,堡林,2024-06-07 05:00,18.7,,.3,0,97,1007.6,1015.8,,,,8,,17.1
156,堡林,2024-06-07 06:00,18.7,,.4,0,97,1007.6,1015.8,0,.11,,8,,17.7
156,堡林,2024-06-07 07:00,19.2,,.7,70,94,1007.7,1015.9,.1,.45,,7,,22.2
156,堡林,2024-06-07 08:00,21,,.9,70,81,1007.4,1015.6,.9,1.14,,8,,31.9
156,堡林,2024-06-07 09:00,22.6,,1.3,50,72,1007.2,1015.3,.8,1.53,,6,,40.8
156,堡林,2024-06-07 10:00,24.7,,.7,360,64,1006.7,1014.7,1,2.47,,7,,45.1
156,堡林,2024-06-07 11:00,24.7,,1.1,230,59,1006.3,1014.3,.8,2.47,,9,,42.7
156,堡林,2024-06-07 12:00,24.9,,1.1,50,61,1006.1,1014.1,0,1.31,,9,,40
156,堡林,2024-06-07 13:00,27.2,,2.3,160,49,1005.3,1013.3,.7,2.67,,8,,52.4
156,堡林,2024-06-07 14:00,26.5,,2.4,200,51,1004.8,1012.8,.7,2.44,,8,,48.2
156,堡林,2024-06-07 15:00,26.1,,3.4,180,51,1004.4,1012.4,0,1.33,,9,,41.5
156,堡林,2024-06-07 16:00,25.6,,3.6,200,54,1004,1012,.6,1.99,,8,,40.7
156,堡林,2024-06-07 17:00,25.2,,2.8,200,58,1003.8,1011.8,0,.67,,10,,34.2
156,堡林,2024-06-07 18:00,24.2,,2.7,230,61,1004,1012,0,.36,,10,,29.8
156,堡林,2024-06-07 19:00,23.8,,2.8,200,60,1004.1,1012.1,.1,.3,,8,,27.5
156,堡林,2024-06-07 20:00,23.2,,2.7,180,61,1004.6,1012.6,0,.08,,9,,25.3
156,堡林,2024-06-07 21:00,20.7,0,3.5,180,72,1005.1,1013.3,,,,10,,22.6
156,堡林,2024-06-07 22:00,20.8,0,.2,0,76,1005.1,1013.3,,,,10,,22.7
156,堡林,2024-06-07 23:00,20.9,0,.3,0,78,1005,1013.1,,,,10,,22.5
156,堡林,2024-06-08 00:00,20.9,,.5,70,79,1004.6,1012.7,,,,10,,22.4
156,堡林,2024-06-08 01:00,20.8,,.5,160,80,1004.1,1012.2,,,,9,,21.9
156,堡林,2024-06-08 02:00,20.3,,.5,70,87,1003.7,1011.9,,,,8,,21.9
156,堡林,2024-06-08 03:00,20.6,,.7,180,86,1003,1011.1,,,,10,,21.9
156,堡林,2024-06-08 04:00,20.6,0,1.3,230,87,1002.7,1010.8,,,,10,,21.6
156,堡林,2024-06-08 05:00,19.1,0,.8,50,99,1002.9,1011,,,,10,,20.5
156,堡林,2024-06-08 06:00,19.2,0,1,50,99,1003,1011.1,0,.06,,10,,20.2
156,堡林,2024-06-08 07:00,18.8,.2,.6,50,99,1002.5,1010.6,0,.16,,10,,21.1
156,堡林,2024-06-08 08:00,19.9,,.6,70,99,1002.5,1010.7,0,.41,,10,,23
156,堡林,2024-06-08 09:00,20.4,0,1.6,180,99,1002.5,1010.7,0,.28,,10,,22.3
156,堡林,2024-06-08 10:00,20.8,0,1.1,200,99,1002.3,1010.4,0,.34,,10,,23
156,堡林,2024-06-08 11:00,19.9,2.3,1.2,230,99,1002.6,1010.8,0,.36,,10,,23.1
156,堡林,2024-06-08 12:00,19.9,2.5,0,0,99,1002.5,1010.7,0,.42,,10,,23.7
156,堡林,2024-06-08 13:00,20.4,1.4,1.1,200,99,1001.9,1010,0,.84,,10,,26.2
156,堡林,2024-06-08 14:00,21.3,0,.2,0,99,1001.3,1009.4,0,.87,,10,,27.2
156,堡林,2024-06-08 15:00,20.9,0,1.3,50,99,1000.6,1008.7,0,.75,,10,,25.3
156,堡林,2024-06-08 16:00,20.9,.1,1.2,50,99,1000.3,1008.4,0,.64,,10,,25.7
156,堡林,2024-06-08 17:00,21.3,0,1.4,70,99,1000,1008.1,0,.64,,10,,26
156,堡林,2024-06-08 18:00,20.6,0,.9,70,99,999.9,1008,0,.31,,10,,23.3
156,堡林,2024-06-08 19:00,20.7,.2,.9,90,99,999.8,1007.9,0,.21,,8,,22.8
156,堡林,2024-06-08 20:00,20.1,,1.2,50,99,1000.1,1008.2,0,.09,,9,,21.7
156,堡林,2024-06-08 21:00,19.9,,1.6,70,99,1000.1,1008.3,,,,8,,21.2
156,堡林,2024-06-08 22:00,19.6,,1,70,99,1000.1,1008.2,,,,7,,20.8
156,堡林,2024-06-08 23:00,19.6,,.8,50,99,1000.2,1008.3,,,,8,,21
156,堡林,2024-06-09 00:00,19.9,,.9,70,99,999.8,1008,,,,6,,20.8
156,堡林,2024-06-09 01:00,19.8,,1,50,99,999.5,1007.6,,,,4,,20.6
156,堡林,2024-06-09 02:00,18.9,,1.7,70,99,999.6,1007.7,,,,7,,19.2
156,堡林,2024-06-09 03:00,18.6,,1.2,70,99,1000.1,1008.2,,,,7,,18.2
156,堡林,2024-06-09 04:00,18.5,,1.4,70,99,1000,1008.1,,,,8,,18
156,堡林,2024-06-09 05:00,18.6,,1,70,99,1000,1008.1,,,,8,,17.9
156,堡林,2024-06-09 06:00,18.7,,1.1,70,99,999.9,1008,0,.1,,8,,19.4
156,堡林,2024-06-09 07:00,19.8,,.3,0,99,1000.2,1008.3,0,.4,,8,,21.6
156,堡林,2024-06-09 08:00,21.5,,.6,70,99,1000.3,1008.4,.2,.94,,9,,27.2
156,堡林,2024-06-09 09:00,22.7,,1.5,50,96,1000.5,1008.5,.5,1.41,,8,,31.5
156,堡林,2024-06-09 10:00,23.9,,1.8,70,91,1000.3,1008.3,.9,2.01,,8,,35.7
156,堡林,2024-06-09 11:00,24.3,,1.7,50,86,1000.6,1008.6,.5,2.04,,8,,36
156,堡林,2024-06-09 12:00,24.9,,1,20,76,1000.4,1008.4,.5,2.11,,9,,36.7
156,堡林,2024-06-09 13:00,26.5,,1.2,270,69,1000.2,1008.1,.7,2.82,,7,,43.9
156,堡林,2024-06-09 14:00,27,,1,70,63,999.9,1007.8,.7,2.74,,9,,38.2
156,堡林,2024-06-09 15:00,27.2,,1.2,340,62,999.7,1007.6,.6,2.11,,8,,43.8
156,堡林,2024-06-09 16:00,28.2,,1.2,340,62,999.2,1007.1,1,2.34,,7,,44.6
156,堡林,2024-06-09 17:00,27.9,,1.5,270,63,998.9,1006.8,1,2.16,,2,,42.9
156,堡林,2024-06-09 18:00,27.5,,.6,270,64,999,1006.9,.8,1.08,,1,,32.6
156,堡林,2024-06-09 19:00,26,,1.2,340,73,999.5,1007.5,.6,.63,,0,,26.1
156,堡林,2024-06-09 20:00,24.4,,.8,290,81,999.7,1007.6,.3,.12,,0,,22.8
156,堡林,2024-06-09 21:00,23.1,,.8,290,86,1000.7,1008.7,,,,0,,20.9
156,堡林,2024-06-09 22:00,22,,.8,290,90,1001.4,1009.5,,,,0,,19.6
156,堡林,2024-06-09 23:00,20.8,,1.3,250,91,1001.8,1009.9,,,,7,,18.9
156,堡林,2024-06-10 00:00,20.5,,.6,230,91,1001.7,1009.8,,,,7,,18.3
156,堡林,2024-06-10 01:00,20.3,,.7,250,96,1001.2,1009.3,,,,6,,17.9
156,堡林,2024-06-10 02:00,19.5,,.5,230,99,1001,1009.1,,,,0,,17.2
156,堡林,2024-06-10 03:00,18.8,,.5,180,99,1001,1009.1,,,,6,,16.7
156,堡林,2024-06-10 04:00,18.9,,.6,270,99,1001.5,1009.6,,,,8,,16.9
156,堡林,2024-06-10 05:00,18.8,,1.4,250,99,1001.9,1010,,,,9,,19.1
156,堡林,2024-06-10 06:00,18.3,,1.1,270,99,1003.1,1011.3,0,.08,,9,,19.7
156,堡林,2024-06-10 07:00,19.2,,.4,0,99,1002.8,1010.9,.1,.42,,9,,21.7
156,堡林,2024-06-10 08:00,21,,.7,340,99,1002.8,1010.9,1,1.16,,4,,26.6
156,堡林,2024-06-10 09:00,23.1,,.8,90,89,1002.3,1010.3,1,1.93,,5,,37.5
156,堡林,2024-06-10 10:00,25.4,,1.2,230,67,1001.4,1009.4,1,2.63,,6,,45.4
156,堡林,2024-06-10 11:00,27.1,,.9,290,61,1000.9,1008.8,1,3.18,,2,,51
156,堡林,2024-06-10 12:00,28.4,,1.1,230,52,1000.4,1008.3,1,3.33,,5,,54.5
156,堡林,2024-06-10 13:00,29.9,,1.6,270,49,999.9,1007.8,1,3.57,,0,,57.7
156,堡林,2024-06-10 14:00,30.4,,1.9,230,51,999.5,1007.3,1,3.39,,0,,57.8
156,堡林,2024-06-10 15:00,31.2,,2.6,250,51,999.1,1006.9,1,3.14,,0,,56.5
156,堡林,2024-06-10 16:00,31.1,,2.8,270,48,998.9,1006.7,1,2.56,,0,,52.9
156,堡林,2024-06-10 17:00,30.4,,1.9,250,50,998.9,1006.7,1,1.93,,0,,45.6
156,堡林,2024-06-10 18:00,29.1,,2,230,55,999,1006.8,1,1.17,,0,,35.5
156,堡林,2024-06-10 19:00,27.4,,2.6,270,60,999.4,1007.3,.5,.5,,0,,29
156,堡林,2024-06-10 20:00,25.7,,1.8,250,65,1000.2,1008.2,0,.11,,0,,24.9
156,堡林,2024-06-10 21:00,24.9,,1.8,250,64,1000.8,1008.8,,,,0,,23.1
156,堡林,2024-06-10 22:00,23.8,,1.3,230,70,1001.3,1009.3,,,,0,,21.6
156,堡林,2024-06-10 23:00,23.2,,1.8,180,75,1001.6,1009.6,,,,0,,21.1
156,堡林,2024-06-11 00:00,22.8,,.7,250,79,1001.6,1009.6,,,,0,,20.2
156,堡林,2024-06-11 01:00,22,,1.1,200,87,1001.3,1009.4,,,,0,,19.6
156,堡林,2024-06-11 02:00,21.6,,1.1,200,92,1001.4,1009.5,,,,0,,19.1
156,堡林,2024-06-11 03:00,21.1,,.8,200,94,1001.4,1009.5,,,,0,,18.6
156,堡林,2024-06-11 04:00,20.7,,.5,200,93,1001.4,1009.5,,,,0,,17.9
156,堡林,2024-06-11 05:00,20.4,,.5,250,98,1001.5,1009.6,,,,0,,17.5
156,堡林,2024-06-11 06:00,20.1,,.8,250,99,1001.7,1009.9,0,.11,,2,,18.9
156,堡林,2024-06-11 07:00,20.8,,.7,270,99,1001.7,1009.8,.9,.56,,2,,21.3
156,堡林,2024-06-11 08:00,22.7,,.6,230,91,1001.8,1009.8,1,1.23,,5,,29.4
156,堡林,2024-06-11 09:00,24.3,,.5,90,79,1001.5,1009.5,1,1.93,,4,,42.4
156,堡林,2024-06-11 10:00,26.6,,.6,340,65,1000.9,1008.8,1,2.6,,4,,49.9
156,堡林,2024-06-11 11:00,28.1,,1.4,320,53,1000.5,1008.4,1,3.14,,4,,57.3
156,堡林,2024-06-11 12:00,29.1,,1.3,50,49,999.8,1007.6,1,3.5,,3,,54.5
156,堡林,2024-06-11 13:00,30.5,,2.5,290,49,999.3,1007.1,1,3.5,,6,,57
156,堡林,2024-06-11 14:00,31,,1.4,230,50,998.7,1006.5,1,3.18,,6,,54.4
156,堡林,2024-06-11 15:00,30.4,,1.3,270,52,998.4,1006.2,.8,2.42,,8,,48.1
156,堡林,2024-06-11 16:00,30.4,,1.5,290,55,998.2,1006,1,2.24,,7,,48.7
156,堡林,2024-06-11 17:00,29.9,,2.8,270,58,998.4,1006.2,.7,1.59,,5,,42.6
156,堡林,2024-06-11 18:00,28.5,,1.6,270,61,998.3,1006.2,.8,1.04,,8,,38.6
156,堡林,2024-06-11 19:00,27.3,,1.2,290,64,998.5,1006.4,0,.45,,7,,31.4
156,堡林,2024-06-11 20:00,25.1,,1.7,270,77,999,1007,0,.13,,7,,26.1
156,堡林,2024-06-11 21:00,24.7,,.5,250,81,999.1,1007,,,,7,,23.9
156,堡林,2024-06-11 22:00,24.1,,.7,270,85,999.4,1007.4,,,,3,,22
156,堡林,2024-06-11 23:00,23.2,,.8,230,92,999.7,1007.7,,,,0,,21
156,堡林,2024-06-12 00:00,22.5,,0,0,94,999.1,1007.1,,,,0,,19.9
156,堡林,2024-06-12 01:00,22.1,,1.2,270,96,998.9,1006.9,,,,0,,19.7
156,堡林,2024-06-12 02:00,21.1,,0,0,99,998.1,1006.2,,,,0,,18.5
156,堡林,2024-06-12 03:00,20.5,,0,0,99,998,1006.1,,,,0,,17.7
156,堡林,2024-06-12 04:00,20.3,,.7,250,99,998.2,1006.3,,,,4,,18.3
156,堡林,2024-06-12 05:00,20.2,,.5,250,99,999,1007.1,,,,2,,17.7
156,堡林,2024-06-12 06:00,19.9,,.4,0,99,999.7,1007.9,0,.11,,1,,18
156,堡林,2024-06-12 07:00,20.7,,0,0,99,999.4,1007.5,1,.57,,0,,19.9
156,堡林,2024-06-12 08:00,23.1,,.4,0,95,999.5,1007.5,1,1.28,,0,,24.1
156,堡林,2024-06-12 09:00,24.5,,.9,360,85,1000,1007.9,1,2.03,,0,,27.6
156,堡林,2024-06-12 10:00,26,,1.2,360,67,999.4,1007.4,1,2.71,,0,,36.2
156,堡林,2024-06-12 11:00,28.1,,1.3,70,58,998.5,1006.4,1,3.22,,0,,50.3
156,堡林,2024-06-12 12:00,28.6,,.8,230,47,998.1,1005.9,1,3.56,,0,,59.8
156,堡林,2024-06-12 13:00,30.7,,1.2,270,44,997.3,1005.1,1,3.64,,0,,64.3
156,堡林,2024-06-12 14:00,31.8,,1.2,320,43,996.9,1004.7,1,3.48,,0,,66.2
156,堡林,2024-06-12 15:00,31.8,,.4,0,42,996.1,1003.9,1,3.18,,6,,57.5
156,堡林,2024-06-12 16:00,32.4,,1,340,39,995.7,1003.5,1,2.67,,0,,54
156,堡林,2024-06-12 17:00,32.6,,.9,340,37,995.5,1003.2,1,2.01,,0,,48.3
156,堡林,2024-06-12 18:00,30.8,,2.3,250,44,995.6,1003.4,1,1.02,,8,,37.8
156,堡林,2024-06-12 19:00,27.8,,1.5,290,61,996.8,1004.7,.2,.53,,0,,32.1
156,堡林,2024-06-12 20:00,25.8,,1.1,320,65,997,1004.9,.2,.13,,4,,27
156,堡林,2024-06-12 21:00,24.8,,.6,320,63,997.4,1005.3,,,,0,,24.5
156,堡林,2024-06-12 22:00,24.4,,.5,250,59,997.8,1005.7,,,,4,,23.2
156,堡林,2024-06-12 23:00,23.7,,.7,320,61,997.9,1005.9,,,,0,,22.2
156,堡林,2024-06-13 00:00,22.9,,.4,0,64,997.4,1005.4,,,,4,,21.1
156,堡林,2024-06-13 01:00,22,,.6,110,71,996.9,1004.9,,,,3,,20.3
156,堡林,2024-06-13 02:00,22.1,,.4,0,70,997,1005,,,,2,,19.7
156,堡林,2024-06-13 03:00,21.4,,.7,340,76,996.9,1005,,,,0,,19.2
156,堡林,2024-06-13 04:00,20.4,,.5,50,77,996.9,1005,,,,0,,18.3
156,堡林,2024-06-13 05:00,20.5,,.5,320,79,996.8,1004.9,,,,0,,18.1
156,堡林,2024-06-13 06:00,19.9,,.3,0,88,997,1005.1,.1,.12,,0,,18.8
156,堡林,2024-06-13 07:00,20.7,,.2,0,87,997.6,1005.7,1,.57,,0,,21.1
156,堡林,2024-06-13 08:00,22.8,,.3,0,71,997.7,1005.7,1,1.19,,0,,27.6
156,堡林,2024-06-13 09:00,25.5,,.8,50,54,997.5,1005.5,1,1.99,,0,,37.5
156,堡林,2024-06-13 10:00,27.6,,1.4,70,51,997,1004.9,1,2.66,,0,,45.3
156,堡林,2024-06-13 11:00,30,,1.6,50,43,996.3,1004.1,1,3.2,,0,,51.4
156,堡林,2024-06-13 12:00,31.9,,1.7,50,36,996.2,1004,1,3.51,,0,,56.6
156,堡林,2024-06-13 13:00,32.7,,1.1,340,37,995.7,1003.4,1,3.62,,0,,60.1
156,堡林,2024-06-13 14:00,34.2,,1.1,180,35,995.2,1002.9,1,3.52,,3,,61.2
156,堡林,2024-06-13 15:00,33.3,,2.9,270,42,995.1,1002.8,1,3.32,,3,,60.8
156,堡林,2024-06-13 16:00,32.9,,1.7,340,42,995.1,1002.8,1,2.69,,5,,55.4
156,堡林,2024-06-13 17:00,32.1,,1.6,270,44,995.3,1003.1,1,1.96,,6,,48.6
156,堡林,2024-06-13 18:00,30.7,,2.4,250,46,995.7,1003.5,.5,.95,,7,,39.9
156,堡林,2024-06-13 19:00,28.8,,2.3,230,58,996.1,1003.9,0,.41,,1,,33.6
156,堡林,2024-06-13 20:00,28,,1.4,270,54,996.7,1004.6,0,.11,,0,,28.9
156,堡林,2024-06-13 21:00,26.7,,1.7,200,59,997.2,1005.1,,,,0,,26.4
156,堡林,2024-06-13 22:00,25.3,,1.1,230,63,997.8,1005.8,,,,0,,24.7
156,堡林,2024-06-13 23:00,25.1,,.9,250,67,997.8,1005.8,,,,0,,23.7
156,堡林,2024-06-14 00:00,24.2,,.6,320,74,997.6,1005.5,,,,0,,22.6
156,堡林,2024-06-14 01:00,23.6,,.9,250,79,997.7,1005.7,,,,0,,21.6
156,堡林,2024-06-14 02:00,23.4,,.3,0,80,997.7,1005.7,,,,0,,20.6
156,堡林,2024-06-14 03:00,22.1,,.7,250,90,997.5,1005.5,,,,0,,19.8
156,堡林,2024-06-14 04:00,21.5,,.2,0,93,997.9,1006,,,,0,,19.3
156,堡林,2024-06-14 05:00,20.9,,.6,70,97,999.1,1007.2,,,,0,,19.1
156,堡林,2024-06-14 06:00,21.4,,.7,90,97,998.8,1006.9,.1,.11,,0,,19.6
156,堡林,2024-06-14 07:00,22.2,,0,0,93,999.3,1007.3,1,.59,,0,,21.9
156,堡林,2024-06-14 08:00,24.4,,.6,180,80,998.9,1006.8,1,1.28,,2,,31.9
156,堡林,2024-06-14 09:00,27.1,,1.3,250,68,998.5,1006.4,1,1.96,,3,,43.6
156,堡林,2024-06-14 10:00,27.6,,1.2,250,62,998.5,1006.4,1,2.53,,3,,50.9
156,堡林,2024-06-14 11:00,28.8,,1.2,320,59,997.8,1005.6,1,2.87,,6,,55.2
156,堡林,2024-06-14 12:00,30.9,,1.9,200,57,997.2,1005,1,3.3,,5,,62
156,堡林,2024-06-14 13:00,30,,1.6,230,58,996.7,1004.5,.5,2.17,,6,,53.6
156,堡林,2024-06-14 14:00,32.3,,2,230,55,995.9,1003.7,.7,2.45,,6,,61.1
156,堡林,2024-06-14 15:00,30.7,,1.3,180,53,996,1003.8,.4,1.65,,7,,45.5
156,堡林,2024-06-14 16:00,31.7,,2.6,200,49,996.4,1004.2,.6,1.98,,7,,48.1
156,堡林,2024-06-14 17:00,31.2,,2,200,51,996,1003.8,.9,1.59,,5,,44.2
156,堡林,2024-06-14 18:00,30.1,,2.3,200,52,996.3,1004.1,.8,1.04,,7,,36.5
156,堡林,2024-06-14 19:00,27.3,,1.5,320,75,996.9,1004.8,.1,.2,,9,,31.2
156,堡林,2024-06-14 20:00,25.9,,.7,50,85,997,1004.9,0,.09,,8,,28.2
156,堡林,2024-06-14 21:00,25,,.2,0,88,997.3,1005.3,,,,7,,25.4
156,堡林,2024-06-14 22:00,25,,.9,340,88,998.2,1006.2,,,,8,,25
156,堡林,2024-06-14 23:00,24.5,,.3,0,90,998.3,1006.2,,,,8,,23.9
156,堡林,2024-06-15 00:00,24.2,,.7,320,90,998.1,1006,,,,8,,23.8
156,堡林,2024-06-15 01:00,23.7,,.2,0,95,997.8,1005.8,,,,6,,23.7
156,堡林,2024-06-15 02:00,23.5,,1.1,50,94,997.2,1005.2,,,,8,,24.1
156,堡林,2024-06-15 03:00,23.2,,1.3,50,97,996.4,1004.4,,,,8,,22.9
156,堡林,2024-06-15 04:00,23.1,,.8,70,97,996.5,1004.5,,,,1,,21.5
156,堡林,2024-06-15 05:00,22.2,,1.1,70,99,996.5,1004.5,,,,0,,20.5
156,堡林,2024-06-15 06:00,22.3,,1,70,99,996.7,1004.7,0,.12,,0,,21.4
156,堡林,2024-06-15 07:00,23.3,,1.4,50,98,997.1,1005.1,.5,.45,,8,,25.6
156,堡林,2024-06-15 08:00,25.8,,1.1,90,83,996.9,1004.8,.8,1.25,,1,,35.5
156,堡林,2024-06-15 09:00,27,,1,20,75,996.7,1004.6,.8,1.79,,3,,45.8
156,堡林,2024-06-15 10:00,27.1,,.5,230,71,996.5,1004.4,.9,2.35,,4,,45.1
156,堡林,2024-06-15 11:00,28.4,,1.2,270,65,996.2,1004,.9,2.93,,4,,49.6
156,堡林,2024-06-15 12:00,30.5,,1.9,200,53,995.7,1003.5,.8,2.81,,6,,60.4
156,堡林,2024-06-15 13:00,31.2,,2.1,230,52,995.1,1002.9,.9,3.3,,7,,62.6
156,堡林,2024-06-15 14:00,31.4,,1.2,270,49,994.1,1001.9,.8,3.05,,6,,57.7
156,堡林,2024-06-15 15:00,31,,1.6,340,58,993.7,1001.5,.9,2.93,,6,,57.8
156,堡林,2024-06-15 16:00,29.3,,2.1,320,63,993.8,1001.6,.9,2.08,,7,,48.8
156,堡林,2024-06-15 17:00,28.6,,1.2,20,63,993.7,1001.5,1,1.71,,6,,43
156,堡林,2024-06-15 18:00,27.6,,1.9,290,63,994.6,1002.5,.9,1.14,,6,,35.9
156,堡林,2024-06-15 19:00,26.4,,1.9,320,75,994.9,1002.8,.3,.58,,4,,30.8
156,堡林,2024-06-15 20:00,25.1,,1.4,320,83,995.5,1003.5,.2,.17,,6,,26.4
156,堡林,2024-06-15 21:00,24.4,,1.1,320,88,996.3,1004.2,,,,5,,25
156,堡林,2024-06-15 22:00,24.2,,1.2,320,90,997.1,1005,,,,5,,24.9
156,堡林,2024-06-15 23:00,23.2,,.1,0,96,997.3,1005.3,,,,5,,22.8
156,堡林,2024-06-16 00:00,23.6,,.4,0,94,997.2,1005.2,,,,5,,23
156,堡林,2024-06-16 01:00,23.2,,.8,290,96,996.8,1004.8,,,,5,,22
156,堡林,2024-06-16 02:00,22.7,,1,290,98,996.9,1004.9,,,,2,,21.4
156,堡林,2024-06-16 03:00,22.3,,1,290,99,997,1005,,,,2,,20.8
156,堡林,2024-06-16 04:00,21.9,,1.9,320,99,997.5,1005.5,,,,2,,20.7
156,堡林,2024-06-16 05:00,21.7,,1.3,250,99,998,1006.1,,,,0,,19.8
156,堡林,2024-06-16 06:00,21.5,,.9,290,98,998.8,1006.9,.1,.11,,0,,20.2
156,堡林,2024-06-16 07:00,21.8,,.8,320,97,999,1007.1,1,.58,,1,,21.9
156,堡林,2024-06-16 08:00,22.8,,.7,340,88,999.4,1007.4,.6,.77,,2,,28.5
156,堡林,2024-06-16 09:00,24.7,,1.3,360,70,999.6,1007.5,.9,1.85,,0,,42.5
156,堡林,2024-06-16 10:00,25.7,,1.1,250,63,999.6,1007.6,1,2.76,,0,,52.3
156,堡林,2024-06-16 11:00,26.9,,1,270,58,999.7,1007.6,1,3.27,,1,,58.1
156,堡林,2024-06-16 12:00,27.8,,1.7,270,54,999.6,1007.5,1,3.7,,2,,62.7
156,堡林,2024-06-16 13:00,29,,1.3,340,48,999.3,1007.1,1,3.27,,6,,61
156,堡林,2024-06-16 14:00,29.1,,1.4,290,45,998.8,1006.6,1,3.13,,7,,58
156,堡林,2024-06-16 15:00,28.7,,1.4,360,47,998.5,1006.3,.9,2.6,,8,,51.8
156,堡林,2024-06-16 16:00,27.6,,1.6,320,57,998.4,1006.3,.9,2.06,,7,,45.5
156,堡林,2024-06-16 17:00,26.9,,2.1,320,62,998.9,1006.8,.7,1.33,,8,,39.8
156,堡林,2024-06-16 18:00,26.6,,1.2,320,61,999.5,1007.4,.7,1.15,,3,,34.3
156,堡林,2024-06-16 19:00,25.5,,1,320,62,999.9,1007.9,.6,.65,,7,,28.9
156,堡林,2024-06-16 20:00,24.1,,1.1,320,67,1000.7,1008.7,0,.13,,5,,24.7
156,堡林,2024-06-16 21:00,23.4,,.4,0,71,1001.1,1009.1,,,,9,,22.9
156,堡林,2024-06-16 22:00,22.2,,.5,50,82,1001.4,1009.5,,,,7,,21.2
156,堡林,2024-06-16 23:00,21.4,,.3,0,87,1001.4,1009.5,,,,6,,20.3
156,堡林,2024-06-17 00:00,21.7,,.2,0,88,1001.4,1009.5,,,,8,,19.2
156,堡林,2024-06-17 01:00,20.6,,.4,0,97,1001.3,1009.4,,,,7,,18.6
156,堡林,2024-06-17 02:00,20,,.5,20,97,1001.3,1009.5,,,,6,,17.7
156,堡林,2024-06-17 03:00,20.1,,.3,0,97,1001.3,1009.5,,,,7,,17.2
156,堡林,2024-06-17 04:00,19.1,,.2,0,99,1001.5,1009.6,,,,8,,16.8
156,堡林,2024-06-17 05:00,18.8,,.1,0,99,1002,1010.1,,,,8,,16.6
156,堡林,2024-06-17 06:00,19.1,,.1,0,98,1001.8,1009.9,0,.09,,9,,17.7
156,堡林,2024-06-17 07:00,19.9,,.2,0,96,1002,1010.2,0,.34,,8,,21.4
156,堡林,2024-06-17 08:00,20.4,,.3,0,93,1001.8,1009.9,0,.61,,9,,24.9
156,堡林,2024-06-17 09:00,22.3,,.7,50,81,1001.5,1009.6,.1,1.16,,9,,32.1
156,堡林,2024-06-17 10:00,23.6,,1,50,69,1001.3,1009.3,0,1.34,,9,,34.2
156,堡林,2024-06-17 11:00,24.3,,.6,50,72,1001.3,1009.3,0,1.29,,9,,37.3
156,堡林,2024-06-17 12:00,25.4,,.5,20,61,1001.1,1009.1,.3,1.84,,9,,46.5
156,堡林,2024-06-17 13:00,26.7,,.9,230,58,1000.6,1008.5,.1,1.7,,9,,42.2
156,堡林,2024-06-17 14:00,27.1,,1.3,230,64,1000.2,1008.1,0,1.22,,9,,42.3
156,堡林,2024-06-17 15:00,27,,.4,0,55,999.6,1007.5,.6,2.12,,9,,42.7
156,堡林,2024-06-17 16:00,28,,.6,250,53,998.9,1006.8,.1,1.33,,8,,42.6
156,堡林,2024-06-17 17:00,27.7,,.7,320,54,998.6,1006.5,.6,1.55,,8,,40.1
156,堡林,2024-06-17 18:00,26.7,,1.1,230,57,998.4,1006.3,0,.66,,9,,33.7
156,堡林,2024-06-17 19:00,25.3,,1.6,230,62,998.8,1006.8,.2,.42,,8,,28.6
156,堡林,2024-06-17 20:00,24.6,,1.4,230,64,998.9,1006.8,0,.11,,8,,25.3
156,堡林,2024-06-17 21:00,23.8,,1.2,250,67,999.7,1007.7,,,,7,,22.6
156,堡林,2024-06-17 22:00,23.1,,1.4,200,76,999.9,1007.9,,,,0,,21.1
156,堡林,2024-06-17 23:00,22.1,,1,200,83,999.5,1007.5,,,,2,,20.1
156,堡林,2024-06-18 00:00,21.3,,1.3,200,93,998.8,1006.9,,,,0,,19.4
156,堡林,2024-06-18 01:00,20.4,,.5,230,98,998.6,1006.7,,,,0,,18.5
156,堡林,2024-06-18 02:00,20.2,,.4,0,99,998.7,1006.8,,,,3,,18
156,堡林,2024-06-18 03:00,19.7,,.3,0,99,998.7,1006.8,,,,0,,17.4
156,堡林,2024-06-18 04:00,19.4,,.5,200,99,998.8,1006.9,,,,0,,16.7
156,堡林,2024-06-18 05:00,19.3,,0,0,99,999.3,1007.4,,,,0,,16.2
156,堡林,2024-06-18 06:00,19,,.5,250,99,1000,1008.1,.1,.11,,0,,16.7
156,堡林,2024-06-18 07:00,19.7,,.2,0,99,1000.2,1008.3,1,.61,,0,,18.7
156,堡林,2024-06-18 08:00,21.7,,.5,270,80,1000.7,1008.8,1,1.32,,0,,30.2
156,堡林,2024-06-18 09:00,24.3,,.5,50,59,1000.5,1008.5,1,2.08,,0,,42
156,堡林,2024-06-18 10:00,27.1,,.8,50,41,1000,1007.9,1,2.71,,0,,51.5
156,堡林,2024-06-18 11:00,29,,1.2,70,38,999.9,1007.7,1,3.23,,0,,58.7
156,堡林,2024-06-18 12:00,31,,1.3,20,34,999.4,1007.2,1,3.51,,0,,63.6
156,堡林,2024-06-18 13:00,32,,1.3,20,33,998.9,1006.7,1,3.65,,0,,65.6
156,堡林,2024-06-18 14:00,32.9,,1.2,20,29,998.4,1006.2,1,3.53,,0,,65.6
156,堡林,2024-06-18 15:00,33.1,,1.6,360,28,998.2,1006,1,3.21,,0,,62.4
156,堡林,2024-06-18 16:00,32.4,,1.7,340,33,998.3,1006.1,1,2.72,,0,,56
156,堡林,2024-06-18 17:00,31,,1.3,320,36,998.3,1006.1,1,2.02,,0,,45.1
156,堡林,2024-06-18 18:00,30.3,,1.1,360,37,998.6,1006.4,1,1.25,,4,,36.6
156,堡林,2024-06-18 19:00,28.9,,.9,340,37,999.6,1007.4,.6,.68,,0,,30.4
156,堡林,2024-06-18 20:00,27.1,,.9,340,46,1000,1007.9,.3,.14,,0,,26.2
156,堡林,2024-06-18 21:00,26,,.5,320,48,1000.3,1008.3,,,,0,,23.3
156,堡林,2024-06-18 22:00,25.8,,.6,250,49,1000.9,1008.9,,,,0,,21.7
156,堡林,2024-06-18 23:00,24.4,,.5,90,52,1001,1009,,,,0,,20.4
156,堡林,2024-06-19 00:00,23.3,,.9,50,53,1000.9,1008.9,,,,5,,19.5
156,堡林,2024-06-19 01:00,22.5,,.5,50,55,1001.1,1009.1,,,,5,,19
156,堡林,2024-06-19 02:00,22.4,,.5,270,57,1001.1,1009.1,,,,8,,18.7
156,堡林,2024-06-19 03:00,21.6,,.5,230,70,1001.4,1009.5,,,,9,,19.1
156,堡林,2024-06-19 04:00,21.4,,.7,70,74,1001.2,1009.3,,,,9,,19.2
156,堡林,2024-06-19 05:00,20.4,,0,0,76,1001.3,1009.4,,,,8,,18.5
156,堡林,2024-06-19 06:00,20.4,,0,0,74,1001.8,1009.9,0,.09,,7,,18.7
156,堡林,2024-06-19 07:00,22,,.7,20,69,1002,1010.1,.5,.52,,8,,22.4
156,堡林,2024-06-19 08:00,23.3,,.1,0,61,1001.9,1009.9,.7,1.04,,9,,29.9
156,堡林,2024-06-19 09:00,24.8,,.4,0,59,1001.6,1009.5,.1,1.05,,9,,33.8
156,堡林,2024-06-19 10:00,27.7,,.3,0,50,1001.3,1009.2,.9,2.11,,5,,48.3
156,堡林,2024-06-19 11:00,31.5,,.7,340,44,1000.9,1008.7,1,3.2,,5,,56.3
156,堡林,2024-06-19 12:00,34.5,,1.2,200,39,1000.4,1008.1,1,3.29,,4,,63.3
156,堡林,2024-06-19 13:00,36.3,,2.2,230,30,1000,1007.7,1,3.64,,6,,67.1
156,堡林,2024-06-19 14:00,35.9,,2.1,200,31,999.8,1007.5,1,3.36,,7,,65.4
156,堡林,2024-06-19 15:00,35.3,,4.3,200,33,999.5,1007.2,1,3.07,,3,,62.8
156,堡林,2024-06-19 16:00,34.4,,2.2,200,32,999.1,1006.8,1,2.36,,7,,54.1
156,堡林,2024-06-19 17:00,33.4,,3.7,230,36,999.1,1006.9,1,1.73,,7,,47.2
156,堡林,2024-06-19 18:00,31,,3.2,230,42,999.3,1007.1,.3,.83,,9,,38.6
156,堡林,2024-06-19 19:00,29.2,,3,200,44,999.6,1007.4,0,.32,,9,,32.5
156,堡林,2024-06-19 20:00,28.1,,2.6,230,42,999.8,1007.7,0,.11,,10,,28.4
156,堡林,2024-06-19 21:00,27.1,,.9,200,45,1000.5,1008.4,,,,8,,26.5
156,堡林,2024-06-19 22:00,25.7,,1.6,230,58,1000.8,1008.8,,,,9,,25
156,堡林,2024-06-19 23:00,24,,.9,230,74,1000.8,1008.8,,,,9,,23.2
156,堡林,2024-06-20 00:00,23.5,,1.3,230,66,1000.4,1008.4,,,,7,,21.6
156,堡林,2024-06-20 01:00,23.1,,.2,0,64,999.9,1007.9,,,,9,,20.6
156,堡林,2024-06-20 02:00,22.7,,.2,0,79,999.6,1007.6,,,,9,,19.9
156,堡林,2024-06-20 03:00,22.5,,.5,50,78,999,1007,,,,8,,19.7
156,堡林,2024-06-20 04:00,22.5,,.4,0,72,998.8,1006.8,,,,8,,19.4
156,堡林,2024-06-20 05:00,21.8,,.4,0,70,998.7,1006.8,,,,8,,19.1
156,堡林,2024-06-20 06:00,22.4,,.4,0,65,998.9,1006.9,0,.08,,9,,20
156,堡林,2024-06-20 07:00,22.7,,.7,90,66,998.7,1006.7,0,.31,,7,,22.9
156,堡林,2024-06-20 08:00,24.8,,.6,230,55,998.8,1006.7,.7,1.07,,8,,31.3
156,堡林,2024-06-20 09:00,24.3,,2,140,53,998.3,1006.2,.1,.62,,9,,28.2
156,堡林,2024-06-20 10:00,24.3,,2.1,160,59,998.1,1006,0,.74,,9,,30.7
156,堡林,2024-06-20 11:00,24.2,,2,160,66,998,1005.9,0,.72,,10,,31.5
156,堡林,2024-06-20 12:00,24.3,,1.9,160,70,997.2,1005.1,0,.68,,10,,31.4
156,堡林,2024-06-20 13:00,24.2,0,2,160,74,996.5,1004.4,0,.88,,10,,32.5
156,堡林,2024-06-20 14:00,24.1,,1.6,160,78,996,1003.9,0,.7,,10,,31.8
156,堡林,2024-06-20 15:00,23.9,,.8,70,82,995.7,1003.6,0,.4,,10,,29.8
156,堡林,2024-06-20 16:00,23.7,,1.4,70,86,995.2,1003.1,0,.54,,10,,29.7
156,堡林,2024-06-20 17:00,23.6,,1.8,90,88,994.4,1002.3,0,.51,,10,,30
156,堡林,2024-06-20 18:00,23.4,,1.4,90,89,993.9,1001.8,0,.3,,10,,27.6
156,堡林,2024-06-20 19:00,23.3,,1.2,90,89,994.3,1002.3,0,.23,,10,,26.1
156,堡林,2024-06-20 20:00,23.3,,.9,70,89,995,1003,0,.12,,10,,24.1
156,堡林,2024-06-20 21:00,22.8,,.5,50,92,994.9,1002.9,,,,9,,24
156,堡林,2024-06-20 22:00,23.2,,1.3,70,89,995.6,1003.6,,,,10,,23.9
156,堡林,2024-06-20 23:00,22.9,,.5,70,92,995.7,1003.7,,,,9,,23.6
156,堡林,2024-06-21 00:00,22.6,,1.4,70,93,995.2,1003.2,,,,7,,22.6
156,堡林,2024-06-21 01:00,22.1,,1.6,70,97,994.7,1002.7,,,,4,,21.1
156,堡林,2024-06-21 02:00,21.4,,.7,50,98,994.8,1002.8,,,,1,,20
156,堡林,2024-06-21 03:00,21.7,,1.1,50,97,994.9,1002.9,,,,8,,20.9
156,堡林,2024-06-21 04:00,21.7,,0,0,96,995.1,1003.1,,,,9,,21.3
156,堡林,2024-06-21 05:00,21.3,,.8,50,95,994.9,1002.9,,,,7,,20.2
156,堡林,2024-06-21 06:00,22,,.4,0,91,995,1003,0,.11,,8,,20.9
156,堡林,2024-06-21 07:00,22.2,,1.1,200,97,995.1,1003.1,.4,.47,,7,,24.1
156,堡林,2024-06-21 08:00,24,,.7,270,84,995.5,1003.4,.9,1.05,,6,,32.9
156,堡林,2024-06-21 09:00,26.2,,.4,0,75,995.4,1003.3,1,1.77,,2,,42.7
156,堡林,2024-06-21 10:00,27.7,,1.2,270,68,995.7,1003.6,1,2.76,,4,,54
156,堡林,2024-06-21 11:00,29.1,,2,250,63,995.7,1003.5,.8,2.55,,7,,56.5
156,堡林,2024-06-21 12:00,29.4,,1.7,230,66,995.3,1003.1,.6,2.65,,8,,51.1
156,堡林,2024-06-21 13:00,29.6,,2,270,61,994.7,1002.5,.4,2.51,,8,,53
156,堡林,2024-06-21 14:00,31.1,,1.1,70,57,994,1001.8,1,3.37,,8,,62.6
156,堡林,2024-06-21 15:00,31,,.4,0,58,993.8,1001.6,.9,2.75,,7,,54.1
156,堡林,2024-06-21 16:00,30.3,,1.1,50,63,993.8,1001.6,0,.72,,10,,40.8
156,堡林,2024-06-21 17:00,28.9,,3,250,74,993.9,1001.7,0,.4,,10,,37.4
156,堡林,2024-06-21 18:00,27.8,,2.2,250,80,994.4,1002.2,.1,.65,,9,,35.5
156,堡林,2024-06-21 19:00,26.8,,3.6,230,77,995,1002.9,0,.29,,8,,31.6
156,堡林,2024-06-21 20:00,25.9,,3.3,200,79,995.7,1003.6,0,.09,,7,,28.4
156,堡林,2024-06-21 21:00,25.5,,2.5,200,81,996.3,1004.2,,,,6,,27.3
156,堡林,2024-06-21 22:00,25,,2.4,200,85,996.8,1004.8,,,,9,,26.4
156,堡林,2024-06-21 23:00,24.6,,1.6,180,89,996.4,1004.3,,,,9,,25.2
156,堡林,2024-06-22 00:00,24.5,,2.1,230,90,995.7,1003.6,,,,9,,25
156,堡林,2024-06-22 01:00,24.5,,2,200,91,995.5,1003.4,,,,10,,25.5
156,堡林,2024-06-22 02:00,24.6,,.4,0,94,994.6,1002.5,,,,9,,25.6
156,堡林,2024-06-22 03:00,24.5,,1.6,200,97,994.5,1002.4,,,,10,,25.6
156,堡林,2024-06-22 04:00,24.4,,1,180,97,994.2,1002.1,,,,10,,25.4
156,堡林,2024-06-22 05:00,23.8,,.6,50,98,993.9,1001.8,,,,10,,25.2
156,堡林,2024-06-22 06:00,23.4,0,1.9,200,99,993.5,1001.4,0,.07,,10,,24.4
156,堡林,2024-06-22 07:00,21.7,5.2,.4,0,99,993.7,1001.7,0,.09,,10,,23.9
156,堡林,2024-06-22 08:00,21.9,1.6,1,90,99,993.1,1001.1,0,.15,,10,,24.2
156,堡林,2024-06-22 09:00,22.3,5.9,1.1,70,99,992.4,1000.4,0,.31,,10,,25.4
156,堡林,2024-06-22 10:00,23,.2,.5,70,99,991.9,999.8,0,.4,,10,,26
156,堡林,2024-06-22 11:00,23.5,1.2,.2,0,99,991.3,999.2,0,.32,,10,,26.4
156,堡林,2024-06-22 12:00,24,1.5,2,200,99,991,998.9,0,.51,,10,,27
156,堡林,2024-06-22 13:00,23.7,5.1,2,200,99,990.4,998.3,0,.35,,10,,25.7
156,堡林,2024-06-22 14:00,24.2,6.3,2.3,180,99,988.9,996.8,0,.42,,10,,26.5
156,堡林,2024-06-22 15:00,24.2,3.6,2.9,200,99,987.8,995.7,0,.44,,10,,26.3
156,堡林,2024-06-22 16:00,24.1,4.2,3.4,230,99,987.9,995.8,0,.22,,10,,25.7
156,堡林,2024-06-22 17:00,24.1,1.7,2.7,230,99,987.8,995.7,0,.24,,10,,25.8
156,堡林,2024-06-22 18:00,24,1,4,230,99,988.1,996,0,.13,,10,,25.4
156,堡林,2024-06-22 19:00,24.2,.1,3,230,99,988.9,996.8,0,.1,,10,,25.2
156,堡林,2024-06-22 20:00,24,0,3.7,230,99,989.5,997.4,0,.08,,10,,24.9
156,堡林,2024-06-22 21:00,23.8,,4,230,99,989.8,997.7,,,,10,,24.4
156,堡林,2024-06-22 22:00,23.4,,4.1,230,99,990.6,998.5,,,,10,,24.3
156,堡林,2024-06-22 23:00,22.8,0,3.7,230,99,991,998.9,,,,10,,24
156,堡林,2024-06-23 00:00,22.6,0,3,200,99,990.7,998.7,,,,10,,23.9
156,堡林,2024-06-23 01:00,22.5,0,2.9,230,99,990.6,998.6,,,,10,,23.8
156,堡林,2024-06-23 02:00,22.3,0,3.4,230,99,990.6,998.6,,,,10,,23.7
156,堡林,2024-06-23 03:00,22.3,.1,2.4,230,99,990.6,998.6,,,,10,,23.7
156,堡林,2024-06-23 04:00,22.2,0,1.1,230,99,990.7,998.7,,,,10,,23.7
156,堡林,2024-06-23 05:00,22.2,.1,.9,250,99,991.2,999.2,,,,10,,23.6
156,堡林,2024-06-23 06:00,22.2,.1,.9,230,99,991.3,999.3,0,.07,,10,,23.6
156,堡林,2024-06-23 07:00,22.4,,1.4,270,99,991.5,999.5,0,.17,,10,,24.5
156,堡林,2024-06-23 08:00,22.4,,1.2,270,99,992.1,1000.1,0,.2,,10,,24.3
156,堡林,2024-06-23 09:00,22.9,,1.4,270,99,992.4,1000.4,0,.34,,10,,25
156,堡林,2024-06-23 10:00,23.1,,1,270,99,992.5,1000.4,0,.25,,10,,24.9
156,堡林,2024-06-23 11:00,23.2,,1.5,270,99,992.7,1000.6,0,.46,,10,,26.1
156,堡林,2024-06-23 12:00,23.4,0,1.1,320,99,992.8,1000.7,0,.52,,10,,25.9
156,堡林,2024-06-23 13:00,24,0,.9,270,99,992.8,1000.7,0,.56,,10,,26.5
156,堡林,2024-06-23 14:00,26.1,,.4,0,97,992.4,1000.3,0,1.34,,9,,31.2
156,堡林,2024-06-23 15:00,26.7,,.7,340,91,992.5,1000.4,.2,1.35,,9,,31
156,堡林,2024-06-23 16:00,27.4,,1.5,270,85,992.2,1000,.3,1.47,,7,,31.5
156,堡林,2024-06-23 17:00,27.7,,1.3,270,86,992.2,1000,.7,1.65,,7,,30.7
156,堡林,2024-06-23 18:00,26.6,,2.3,270,91,993.3,1001.2,.3,.95,,6,,28.5
156,堡林,2024-06-23 19:00,25.4,,2.2,270,95,993.8,1001.7,.3,.48,,3,,26.3
156,堡林,2024-06-23 20:00,25.1,,1.2,250,97,994.8,1002.8,0,.11,,6,,25.3
156,堡林,2024-06-23 21:00,24.4,,1.7,230,99,995.1,1003,,,,8,,25
156,堡林,2024-06-23 22:00,23.8,,1.4,200,99,995.3,1003.2,,,,5,,24.1
156,堡林,2024-06-23 23:00,23.7,,1.7,200,99,995.3,1003.2,,,,4,,24.2
156,堡林,2024-06-24 00:00,23.1,,2.5,230,99,995.2,1003.2,,,,7,,23.1
156,堡林,2024-06-24 01:00,22.6,,3.5,230,99,995.1,1003.1,,,,7,,22.7
156,堡林,2024-06-24 02:00,22.5,,1.9,230,99,995.1,1003.1,,,,6,,22.3
156,堡林,2024-06-24 03:00,22.9,,2.5,230,99,995.5,1003.5,,,,9,,22.9
156,堡林,2024-06-24 04:00,22.9,,2.1,200,99,995.5,1003.5,,,,9,,22.9
156,堡林,2024-06-24 05:00,23.3,,.6,230,99,995.6,1003.6,,,,10,,23.5
156,堡林,2024-06-24 06:00,23.5,,1.5,200,99,995.5,1003.5,0,.07,,10,,23.7
156,堡林,2024-06-24 07:00,23,0,1.7,230,99,996.2,1004.2,0,.09,,10,,23.9
156,堡林,2024-06-24 08:00,23.7,0,1.9,230,99,996.7,1004.7,0,.2,,10,,24.4
156,堡林,2024-06-24 09:00,23.9,,2.6,230,99,996.3,1004.2,0,.4,,10,,25.7
156,堡林,2024-06-24 10:00,25.5,,1.9,230,99,995.9,1003.8,0,.94,,10,,29.3
156,堡林,2024-06-24 11:00,23.9,,1.7,230,99,996.4,1004.3,0,.69,,10,,26.9
156,堡林,2024-06-24 12:00,24.8,,2,230,99,997.2,1005.1,0,.75,,10,,28.1
156,堡林,2024-06-24 13:00,26.2,,2.7,200,96,997.2,1005.1,.3,2.11,,10,,33.8
156,堡林,2024-06-24 14:00,26.4,,1.8,230,97,997,1004.9,.1,1.56,,10,,33.1
156,堡林,2024-06-24 15:00,27.8,,1.9,230,87,996.6,1004.5,.7,2.04,,7,,34.8
156,堡林,2024-06-24 16:00,27.4,,2.5,200,86,996.7,1004.6,.6,1.65,,8,,32.1
156,堡林,2024-06-24 17:00,27.1,,3,270,79,997,1004.9,.1,1.04,,9,,29.4
156,堡林,2024-06-24 18:00,25.4,,1.3,270,93,997.8,1005.8,0,.47,,10,,27.4
156,堡林,2024-06-24 19:00,24.8,,1.5,270,93,998.5,1006.4,0,.36,,10,,25.9
156,堡林,2024-06-24 20:00,24.2,,.6,320,97,998.9,1006.8,0,.12,,10,,24.7
156,堡林,2024-06-24 21:00,23.4,,1.2,290,94,999.6,1007.6,,,,9,,23.8
156,堡林,2024-06-24 22:00,22.4,,.9,290,91,1000.2,1008.2,,,,8,,22.5
156,堡林,2024-06-24 23:00,22.2,,.9,50,97,1000.5,1008.6,,,,9,,22.4
156,堡林,2024-06-25 00:00,21.6,,.1,0,99,1000.4,1008.5,,,,9,,22.2
156,堡林,2024-06-25 01:00,21.7,,1.3,50,99,1000.6,1008.7,,,,9,,21.8
156,堡林,2024-06-25 02:00,21.2,,1.8,50,97,1000.7,1008.8,,,,9,,21.2
156,堡林,2024-06-25 03:00,20.9,,1.8,50,90,1001.1,1009.2,,,,7,,20.3
156,堡林,2024-06-25 04:00,19.9,,.9,90,97,1001.9,1010.1,,,,9,,20
156,堡林,2024-06-25 05:00,19.5,,.7,50,97,1002.4,1010.5,,,,9,,19.7
156,堡林,2024-06-25 06:00,19.4,,.3,0,96,1003,1011.1,0,.1,,5,,19.5
156,堡林,2024-06-25 07:00,20.1,,.5,50,95,1003.2,1011.4,.4,.46,,6,,21.3
156,堡林,2024-06-25 08:00,22.4,,.7,70,76,1003.5,1011.6,1,1.33,,7,,26.8
156,堡林,2024-06-25 09:00,22.7,,.9,360,76,1003.7,1011.8,.7,1.53,,8,,28.4
156,堡林,2024-06-25 10:00,23.8,,2,20,67,1003.8,1011.8,.2,1.61,,9,,30
156,堡林,2024-06-25 11:00,25.7,,2.3,50,58,1003.7,1011.7,1,2.77,,8,,35.6
156,堡林,2024-06-25 12:00,26,,1.7,70,53,1003.9,1011.9,.9,2.48,,9,,35
156,堡林,2024-06-25 13:00,27.2,,1.2,50,50,1003.7,1011.6,1,2.79,,8,,36.4
156,堡林,2024-06-25 14:00,27.3,,1.2,250,48,1003.3,1011.2,1,3.05,,7,,36.7
156,堡林,2024-06-25 15:00,28.2,,.9,360,47,1003.3,1011.2,.8,2.52,,7,,35.8
156,堡林,2024-06-25 16:00,28.4,,1.6,20,47,1003.6,1011.5,.8,2.32,,7,,34.5
156,堡林,2024-06-25 17:00,27.2,,.6,20,51,1003.9,1011.8,.5,1.23,,8,,30.1
156,堡林,2024-06-25 18:00,26.1,,1.5,340,57,1004.1,1012.1,.7,.96,,7,,26.9
156,堡林,2024-06-25 19:00,25.1,,1.5,360,56,1004.7,1012.7,0,.53,,9,,25.4
156,堡林,2024-06-25 20:00,24,,.7,20,57,1005.4,1013.4,0,.16,,7,,22.9
156,堡林,2024-06-25 21:00,23.4,,1.4,50,56,1006.1,1014.1,,,,7,,21.5
156,堡林,2024-06-25 22:00,23.1,,1,50,60,1006.6,1014.7,,,,9,,21.2
156,堡林,2024-06-25 23:00,22,,.3,0,69,1006.8,1014.9,,,,7,,20.6
156,堡林,2024-06-26 00:00,21.5,,.4,0,77,1006.9,1015,,,,7,,20
156,堡林,2024-06-26 01:00,20.3,,.4,0,79,1006.9,1015.1,,,,8,,19.6
156,堡林,2024-06-26 02:00,19.9,,.7,50,84,1007,1015.2,,,,8,,19.3
156,堡林,2024-06-26 03:00,19.6,,.5,70,86,1006.9,1015,,,,5,,18.6
156,堡林,2024-06-26 04:00,18.6,,.6,50,91,1007.3,1015.5,,,,5,,18
156,堡林,2024-06-26 05:00,18.3,,.8,50,98,1007.5,1015.7,,,,7,,17.6
156,堡林,2024-06-26 06:00,18.8,,.1,0,98,1007.8,1016,0,.11,,8,,18.5
156,堡林,2024-06-26 07:00,19.7,,.4,0,98,1008.2,1016.4,0,.4,,9,,21
156,堡林,2024-06-26 08:00,20.9,,.8,250,95,1008.7,1016.9,.3,.9,,9,,24.6
156,堡林,2024-06-26 09:00,23.4,,.8,140,84,1008.5,1016.6,1,1.7,,7,,31.1
156,堡林,2024-06-26 10:00,24.9,,1.1,90,72,1008.1,1016.2,1,2.59,,7,,34.4
156,堡林,2024-06-26 11:00,27,,1.1,70,60,1007.9,1015.9,1,2.95,,7,,37.5
156,堡林,2024-06-26 12:00,27.5,,1.4,70,59,1007.6,1015.6,1,3.12,,7,,39.5
156,堡林,2024-06-26 13:00,28.4,,2.2,50,52,1007,1014.9,1,3.31,,6,,41.5
156,堡林,2024-06-26 14:00,28.9,,1.7,70,49,1006,1013.9,1,3.56,,5,,43.4
156,堡林,2024-06-26 15:00,29.1,,1.1,340,43,1005.6,1013.5,1,3.28,,5,,43.5
156,堡林,2024-06-26 16:00,29.8,,1,230,45,1005.4,1013.3,1,2.83,,4,,41.2
156,堡林,2024-06-26 17:00,30.1,,.9,20,40,1005.6,1013.5,1,2.11,,4,,35.3
156,堡林,2024-06-26 18:00,29.2,,.5,70,41,1005.4,1013.3,.9,1.28,,6,,31.9
156,堡林,2024-06-26 19:00,27.2,,3.5,200,59,1006.1,1014.1,0,.47,,7,,29.5
156,堡林,2024-06-26 20:00,25.4,,3.7,200,65,1006.8,1014.8,.3,.15,,7,,26.5
156,堡林,2024-06-26 21:00,24.4,,3.5,200,67,1007.5,1015.5,,,,1,,24.5
156,堡林,2024-06-26 22:00,23.4,,1.6,200,70,1008,1016.1,,,,0,,23.2
156,堡林,2024-06-26 23:00,23.4,,1.5,200,71,1008,1016.1,,,,5,,23.2
156,堡林,2024-06-27 00:00,22.3,,.7,180,74,1007.7,1015.8,,,,3,,21.9
156,堡林,2024-06-27 01:00,21.8,,0,0,78,1007,1015.1,,,,6,,21.3
156,堡林,2024-06-27 02:00,21.6,,.4,0,84,1006.6,1014.7,,,,9,,21
156,堡林,2024-06-27 03:00,20.9,,.2,0,90,1006.9,1015.1,,,,9,,20.8
156,堡林,2024-06-27 04:00,20.5,,.1,0,90,1006.8,1015,,,,9,,20.5
156,堡林,2024-06-27 05:00,20.6,,.6,70,90,1006.7,1014.9,,,,9,,20.2
156,堡林,2024-06-27 06:00,20,,.8,70,93,1006.4,1014.6,0,.08,,9,,20.3
156,堡林,2024-06-27 07:00,20.1,,1,70,92,1006.1,1014.3,0,.24,,9,,21.3
156,堡林,2024-06-27 08:00,20.6,,.5,70,89,1006,1014.2,0,.43,,9,,22.6
156,堡林,2024-06-27 09:00,21.6,,.1,0,85,1005.6,1013.7,0,.61,,9,,23.9
156,堡林,2024-06-27 10:00,22.4,,.3,0,83,1005.3,1013.4,0,.69,,9,,25.3
156,堡林,2024-06-27 11:00,23.3,,.8,50,80,1005.1,1013.1,0,1.06,,9,,27.4
156,堡林,2024-06-27 12:00,23.4,,1,50,75,1004.5,1012.5,0,.9,,10,,27.3
156,堡林,2024-06-27 13:00,23.7,,.8,50,71,1003.7,1011.7,0,.77,,10,,27
156,堡林,2024-06-27 14:00,22.9,,.8,50,68,1003.1,1011.1,0,.4,,10,,25.4
156,堡林,2024-06-27 15:00,23.1,,.9,70,62,1002.9,1010.9,0,.3,,10,,24.8
156,堡林,2024-06-27 16:00,23.5,,1.4,70,64,1002.1,1010.1,0,.49,,10,,25.9
156,堡林,2024-06-27 17:00,23.4,,1.1,70,68,1001.3,1009.3,0,.53,,10,,25.8
156,堡林,2024-06-27 18:00,23.8,,1.4,90,68,1001.7,1009.7,.1,.79,,10,,26.4
156,堡林,2024-06-27 19:00,24.5,,1,50,72,1001.4,1009.4,.6,.84,,8,,25.8
156,堡林,2024-06-27 20:00,22.6,,1.6,50,77,1001.4,1009.4,.4,.29,,7,,23.3
156,堡林,2024-06-27 21:00,22.1,,2.1,70,81,1001.7,1009.8,,,,7,,22
156,堡林,2024-06-27 22:00,21.6,,2.1,70,79,1001.5,1009.6,,,,7,,21.1
156,堡林,2024-06-27 23:00,20.7,,1.4,50,88,1001.1,1009.2,,,,7,,20.6
156,堡林,2024-06-28 00:00,20.9,,.9,70,84,1000.7,1008.8,,,,5,,20
156,堡林,2024-06-28 01:00,20.5,,.8,90,87,1000.6,1008.7,,,,1,,19.7
156,堡林,2024-06-28 02:00,19.7,,.4,0,98,1000.5,1008.6,,,,3,,19.4
156,堡林,2024-06-28 03:00,19.9,,.9,70,94,1000.3,1008.5,,,,2,,19.1
156,堡林,2024-06-28 04:00,19.4,,.8,90,97,1000.2,1008.3,,,,2,,18.9
156,堡林,2024-06-28 05:00,19.2,,.2,0,97,1000.6,1008.7,,,,2,,18.6
156,堡林,2024-06-28 06:00,18.7,,.2,0,99,1001,1009.1,.1,.1,,2,,18.8
156,堡林,2024-06-28 07:00,20,,0,0,97,1001.3,1009.5,1,.6,,1,,19.6
156,堡林,2024-06-28 08:00,21.8,,.2,0,89,1001.5,1009.6,.6,1.07,,7,,24.5
156,堡林,2024-06-28 09:00,24.4,,.6,340,80,1001.3,1009.3,.9,1.86,,0,,33.3
156,堡林,2024-06-28 10:00,26.3,,.9,20,73,1001,1009,1,2.68,,2,,40.2
156,堡林,2024-06-28 11:00,27.7,,1,50,64,1000.6,1008.5,1,3.18,,1,,45.7
156,堡林,2024-06-28 12:00,29.3,,1.6,200,64,999.5,1007.3,1,3.46,,2,,50.5
156,堡林,2024-06-28 13:00,30.1,,.9,230,63,998.6,1006.4,1,3.34,,3,,53.2
156,堡林,2024-06-28 14:00,29.2,,.6,320,63,998.3,1006.1,.6,2.32,,8,,39.8
156,堡林,2024-06-28 15:00,30.2,,.3,0,61,998.1,1005.9,.2,1.55,,7,,41.2
156,堡林,2024-06-28 16:00,29.9,,1.5,230,64,997.9,1005.7,.2,1.13,,5,,37.3
156,堡林,2024-06-28 17:00,29.7,,2.3,250,72,998.1,1005.9,.4,1.27,,8,,35.9
156,堡林,2024-06-28 18:00,28.6,,2.6,250,72,998.6,1006.5,.3,.57,,9,,32
156,堡林,2024-06-28 19:00,27.8,,2.2,270,80,999.2,1007.1,.1,.19,,7,,29.9
156,堡林,2024-06-28 20:00,26.5,,1.4,250,86,999.7,1007.6,0,.11,,8,,27.9
156,堡林,2024-06-28 21:00,25.6,,1.5,250,91,1000.3,1008.3,,,,5,,26.6
156,堡林,2024-06-28 22:00,25.2,,1.1,230,93,1000.5,1008.5,,,,7,,26
156,堡林,2024-06-28 23:00,24.1,,1.5,230,96,1000.5,1008.5,,,,7,,24.8
156,堡林,2024-06-29 00:00,23.5,,2.1,230,96,1000.4,1008.4,,,,8,,23.9
156,堡林,2024-06-29 01:00,23,,1.4,200,98,1000.1,1008.1,,,,10,,23.4
156,堡林,2024-06-29 02:00,22.6,,.5,160,98,1000.3,1008.3,,,,9,,23.1
156,堡林,2024-06-29 03:00,23,,.8,180,97,1000.3,1008.3,,,,9,,23.9
156,堡林,2024-06-29 04:00,23,,1.3,200,98,1000.3,1008.3,,,,10,,24
156,堡林,2024-06-29 05:00,22.9,0,1.3,180,99,999.8,1007.8,,,,8,,23.7
156,堡林,2024-06-29 06:00,23.2,,2.5,200,99,1000.1,1008.1,0,.09,,9,,23.9
156,堡林,2024-06-29 07:00,23.6,,2.5,180,99,1000,1008,.1,.42,,9,,25.9
156,堡林,2024-06-29 08:00,24.1,,3.2,200,97,999.9,1007.9,0,.62,,10,,27.4
156,堡林,2024-06-29 09:00,23.9,,.9,160,98,999.3,1007.3,0,.44,,10,,26.6
156,堡林,2024-06-29 10:00,24.2,,1.9,200,97,999.2,1007.1,0,.32,,10,,26.5
156,堡林,2024-06-29 11:00,25,0,.7,90,96,998.6,1006.6,0,.49,,10,,27.7
156,堡林,2024-06-29 12:00,25.5,0,3.4,180,92,998.1,1006.1,0,1.03,,10,,30.3
156,堡林,2024-06-29 13:00,23.5,.8,1.2,110,99,997.4,1005.4,0,.57,,10,,26.8
156,堡林,2024-06-29 14:00,23.1,5.3,1.5,110,99,995.8,1003.8,0,.24,,10,,25.5
156,堡林,2024-06-29 15:00,23.2,6.8,.9,110,99,995,1003,0,.21,,10,,24.8
156,堡林,2024-06-29 16:00,23.3,5.5,3.8,180,99,994.1,1002,0,.19,,10,,24.7
156,堡林,2024-06-29 17:00,23.7,2.8,3.1,200,99,993.7,1001.6,0,.24,,10,,24.9
156,堡林,2024-06-29 18:00,23.9,6,2.5,200,99,993.4,1001.3,0,.18,,10,,25
156,堡林,2024-06-29 19:00,24.1,.6,2.8,200,99,993.4,1001.3,0,.11,,10,,24.8
156,堡林,2024-06-29 20:00,23.8,14,3.5,200,99,993.7,1001.6,0,.06,,10,,24.3
156,堡林,2024-06-29 21:00,24.2,.4,2.3,230,99,994,1001.9,,,,10,,24.5
156,堡林,2024-06-29 22:00,24.2,.6,2.7,230,99,994.1,1002,,,,10,,24.6
156,堡林,2024-06-29 23:00,24.1,.4,1.8,230,99,994.1,1002,,,,10,,24.6
156,堡林,2024-06-30 00:00,24.2,.1,3.3,200,99,993.5,1001.4,,,,10,,24.6
156,堡林,2024-06-30 01:00,24.2,.4,3,200,99,993.1,1001,,,,10,,24.5
156,堡林,2024-06-30 02:00,24,3.3,4.7,200,99,992.3,1000.2,,,,10,,24.4
156,堡林,2024-06-30 03:00,24.1,.3,4.5,230,99,991.8,999.7,,,,10,,24.5
156,堡林,2024-06-30 04:00,24.1,.7,3.8,230,99,991.7,999.6,,,,10,,24.5
156,堡林,2024-06-30 05:00,24.3,.3,3.4,230,99,991.6,999.5,,,,10,,24.5
156,堡林,2024-06-30 06:00,23.8,23.9,3.6,230,99,991.6,999.5,0,.06,,10,,24.3
156,堡林,2024-06-30 07:00,23.8,15.7,2.3,230,99,992.3,1000.2,0,.07,,10,,24.2
156,堡林,2024-06-30 08:00,23.8,4.1,2,230,99,992.5,1000.4,0,.16,,10,,24.4
156,堡林,2024-06-30 09:00,23.7,8.9,3.7,230,99,992.9,1000.8,0,.15,,10,,24.7
156,堡林,2024-06-30 10:00,23.9,1.1,2.7,230,99,992.8,1000.7,0,.35,,10,,25.8
156,堡林,2024-06-30 11:00,24.1,1.2,2.3,230,99,992.6,1000.5,0,.48,,10,,26.6
156,堡林,2024-06-30 12:00,25.7,0,2.5,230,99,991.9,999.8,0,1.09,,10,,31.5
156,堡林,2024-06-30 13:00,24.6,.4,3.1,230,99,992.1,1000,0,.85,,10,,28.7
156,堡林,2024-06-30 14:00,24.5,.3,2.3,230,99,992,999.9,0,.91,,10,,28.3
156,堡林,2024-06-30 15:00,24.2,.5,2.2,230,99,991.9,999.8,0,.58,,10,,27.4
156,堡林,2024-06-30 16:00,24.4,0,2.2,230,99,991.9,999.8,0,.45,,10,,27.5
156,堡林,2024-06-30 17:00,24.3,,1.3,250,99,992,999.9,0,.3,,10,,26.7
156,堡林,2024-06-30 18:00,23.9,0,1.5,230,99,992.3,1000.2,0,.2,,10,,26
156,堡林,2024-06-30 19:00,23.8,.1,1,250,99,993.1,1001,0,.11,,10,,25.6
156,堡林,2024-06-30 20:00,23.7,,1.3,230,99,993.6,1001.5,0,.08,,9,,25.1
156,堡林,2024-06-30 21:00,23.9,,.8,250,99,994.2,1002.1,,,,7,,24.9
156,堡林,2024-06-30 22:00,23.6,,.2,0,99,994.2,1002.1,,,,8,,24.5
156,堡林,2024-06-30 23:00,23.5,,.5,230,99,994.5,1002.4,,,,8,,24.4
156,堡林,2024-07-01 00:00,23.3,,1.7,230,99,994.8,1002.8,,,,9,,24.4
156,堡林,2024-07-01 01:00,23.2,,1.5,230,99,995.1,1003.1,,,,10,,24.3
156,堡林,2024-07-01 02:00,23.1,1.3,1.3,250,99,995.2,1003.2,,,,10,,24.2
156,堡林,2024-07-01 03:00,22.8,3.4,1.6,250,99,995.5,1003.5,,,,10,,24
156,堡林,2024-07-01 04:00,22.7,.5,1.1,270,99,995.6,1003.6,,,,10,,24
156,堡林,2024-07-01 05:00,22.7,,1,250,99,995.6,1003.6,,,,9,,23.8
156,堡林,2024-07-01 06:00,22.4,,0,0,99,995.6,1003.6,0,.09,,9,,23.5
156,堡林,2024-07-01 07:00,23.1,,.3,0,99,996.1,1004.1,0,.31,,8,,25
156,堡林,2024-07-01 08:00,23.3,,.6,320,99,996.5,1004.5,0,.4,,9,,25.6
156,堡林,2024-07-01 09:00,23.8,,.3,0,99,996.7,1004.6,0,.49,,9,,26.4
156,堡林,2024-07-01 10:00,25.8,,.3,0,99,996.5,1004.4,.4,2.01,,6,,33.3
156,堡林,2024-07-01 11:00,26.9,,1,160,90,996.8,1004.7,.9,2.97,,8,,35.4
156,堡林,2024-07-01 12:00,29.2,,1.4,250,86,996.8,1004.6,1,3.95,,7,,41
156,堡林,2024-07-01 13:00,27.9,,1.5,230,91,996.6,1004.5,.5,2.33,,9,,34.5
156,堡林,2024-07-01 14:00,28.9,,.8,250,83,996.1,1003.9,.5,2.16,,9,,35.5
156,堡林,2024-07-01 15:00,29.8,,1.5,250,76,995.6,1003.4,.8,2.2,,9,,35.5
156,堡林,2024-07-01 16:00,29.2,,2,230,78,995.7,1003.5,.9,2.15,,8,,34.2
156,堡林,2024-07-01 17:00,29.3,,1.9,250,80,995.7,1003.5,.9,1.65,,7,,32.4
156,堡林,2024-07-01 18:00,28.9,,2.1,230,84,995.9,1003.7,.9,1.41,,6,,30.3
156,堡林,2024-07-01 19:00,28.4,,1.4,270,85,996.1,1003.9,.6,.64,,2,,28.5
156,堡林,2024-07-01 20:00,26.4,,1.3,230,98,996.7,1004.6,.3,.15,,2,,27
156,堡林,2024-07-01 21:00,26.1,,1.3,200,98,996.9,1004.8,,,,0,,26.1
156,堡林,2024-07-01 22:00,25.6,,1.1,200,99,997.6,1005.6,,,,3,,25.7
156,堡林,2024-07-01 23:00,25.8,,.9,180,99,997.8,1005.7,,,,10,,25.8
156,堡林,2024-07-02 00:00,24.9,0,2.9,180,99,997.4,1005.4,,,,10,,25.7
156,堡林,2024-07-02 01:00,23.8,2.8,1.9,180,99,997.1,1005.1,,,,10,,25.4
156,堡林,2024-07-02 02:00,23.9,2.9,.6,90,99,996.1,1004,,,,10,,25.3
156,堡林,2024-07-02 03:00,23.7,3.8,.8,70,99,996.1,1004,,,,10,,25.2
156,堡林,2024-07-02 04:00,23.9,.6,.8,70,99,995.8,1003.7,,,,10,,25.2
156,堡林,2024-07-02 05:00,24.4,0,2.7,180,99,995.5,1003.4,,,,10,,25.1
156,堡林,2024-07-02 06:00,24.7,,2.8,180,99,995.6,1003.5,0,.07,,10,,25.1
156,堡林,2024-07-02 07:00,25,,2.6,200,99,996.2,1004.2,0,.13,,10,,25.5
156,堡林,2024-07-02 08:00,25.4,0,3.4,200,99,996.6,1004.6,0,.18,,10,,25.8
156,堡林,2024-07-02 09:00,25,.4,2.7,230,99,996.9,1004.9,0,.18,,10,,26.1
156,堡林,2024-07-02 10:00,25.8,.1,3.4,230,99,997.2,1005.1,0,.3,,10,,27
156,堡林,2024-07-02 11:00,27.8,,1.8,230,99,997.2,1005.1,0,1.09,,10,,30.5
156,堡林,2024-07-02 12:00,29.3,,4.4,200,97,996.5,1004.3,.2,1.96,,9,,33.7
156,堡林,2024-07-02 13:00,30.5,,4.1,200,90,996.3,1004.1,.7,2.34,,9,,34.7
156,堡林,2024-07-02 14:00,30.8,,3.2,230,91,996.5,1004.3,.5,1.73,,9,,33.7
156,堡林,2024-07-02 15:00,30.5,,3.8,230,86,996.4,1004.2,.6,1.9,,9,,33.9
156,堡林,2024-07-02 16:00,29.7,,3.3,200,90,996.3,1004.1,.2,1.12,,9,,31.4
156,堡林,2024-07-02 17:00,29.3,,4.7,200,90,996.2,1004,0,.81,,10,,30.3
156,堡林,2024-07-02 18:00,28.5,,3.7,200,96,996.2,1004,0,.6,,9,,29.3
156,堡林,2024-07-02 19:00,28,,3.2,200,97,996.3,1004.2,0,.3,,10,,28.1
156,堡林,2024-07-02 20:00,27.5,,3.9,200,98,997.2,1005.1,0,.09,,10,,27.1
156,堡林,2024-07-02 21:00,27.2,,3.4,200,98,998,1005.9,,,,10,,26.7
156,堡林,2024-07-02 22:00,27.2,,4,200,98,998.5,1006.4,,,,10,,26.4
156,堡林,2024-07-02 23:00,26.9,,2.7,200,99,998.8,1006.7,,,,10,,26.4
156,堡林,2024-07-03 00:00,26.7,,3.2,230,99,999,1006.9,,,,10,,26.2
156,堡林,2024-07-03 01:00,25.8,0,3.2,200,99,998.7,1006.7,,,,10,,26.1
156,堡林,2024-07-03 02:00,24.8,3.6,1.2,230,99,998.7,1006.6,,,,10,,25.9
156,堡林,2024-07-03 03:00,24.7,1,1.3,250,99,998.7,1006.6,,,,10,,25.9
156,堡林,2024-07-03 04:00,24.6,6.3,3.7,230,99,999.2,1007.1,,,,10,,25.6
156,堡林,2024-07-03 05:00,24.1,8.3,2.2,230,99,999.7,1007.7,,,,10,,25.3
156,堡林,2024-07-03 06:00,23.9,5.2,1.7,250,99,1000.5,1008.5,0,.06,,10,,25.1
156,堡林,2024-07-03 07:00,23.9,.5,1.7,230,99,1001.5,1009.5,0,.14,,10,,25.4
156,堡林,2024-07-03 08:00,24.6,,1.3,230,99,1002.3,1010.3,0,.55,,7,,27.7
156,堡林,2024-07-03 09:00,25.6,,2,230,99,1002.8,1010.8,.3,1.27,,8,,30.6
156,堡林,2024-07-03 10:00,26.4,,1.5,230,99,1003.1,1011.1,.2,1.39,,8,,31.7
156,堡林,2024-07-03 11:00,28.4,,2.3,230,98,1003,1010.9,.7,2.56,,6,,37.7
156,堡林,2024-07-03 12:00,29.1,,2.5,250,86,1003.1,1011,.9,3.08,,5,,38.1
156,堡林,2024-07-03 13:00,28.8,,2.5,250,87,1002.8,1010.7,.6,2.67,,6,,35.7
156,堡林,2024-07-03 14:00,29.5,,3,230,85,1002.5,1010.4,.8,2.82,,5,,36.6
156,堡林,2024-07-03 15:00,30.5,,2.1,250,76,1002.2,1010.1,.9,2.52,,5,,35.9
156,堡林,2024-07-03 16:00,29.7,,1.9,250,74,1001.9,1009.7,.9,2.36,,5,,34.1
156,堡林,2024-07-03 17:00,29.3,,2.6,230,77,1002,1009.9,.8,1.48,,0,,31.8
156,堡林,2024-07-03 18:00,29.5,,1.7,250,72,1001.9,1009.7,.8,.91,,0,,29.6
156,堡林,2024-07-03 19:00,29.1,,2.3,270,75,1002.4,1010.3,.6,.59,,3,,28.3
156,堡林,2024-07-03 20:00,27.7,,2.3,270,85,1003.1,1011,.3,.14,,5,,27
156,堡林,2024-07-03 21:00,26.9,,2.1,270,97,1003.7,1011.7,,,,9,,26.4
156,堡林,2024-07-03 22:00,26.1,,1,230,99,1004,1012,,,,8,,26.2
156,堡林,2024-07-03 23:00,25.7,,2,200,99,1004,1012,,,,9,,26
156,堡林,2024-07-04 00:00,25,,1.2,230,99,1004,1012,,,,0,,25.2
156,堡林,2024-07-04 01:00,24.6,,2,200,99,1003.6,1011.6,,,,0,,24.8
156,堡林,2024-07-04 02:00,24.2,,.7,230,99,1003.5,1011.5,,,,0,,24.7
156,堡林,2024-07-04 03:00,24,,.7,230,99,1003.3,1011.3,,,,9,,24.6
156,堡林,2024-07-04 04:00,23.6,,.9,230,99,1003.2,1011.2,,,,6,,24.4
156,堡林,2024-07-04 05:00,23.6,,.6,250,99,1003.4,1011.4,,,,7,,24.6
156,堡林,2024-07-04 06:00,23.7,,.7,200,99,1003.7,1011.7,0,.08,,3,,24.7
156,堡林,2024-07-04 07:00,23.9,,1,200,99,1003.8,1011.8,.4,.4,,2,,25.4
156,堡林,2024-07-04 08:00,25.1,,.9,180,99,1003.7,1011.7,.5,1.05,,0,,29.1
156,堡林,2024-07-04 09:00,26.7,,.8,160,93,1003.2,1011.2,1,1.99,,3,,33.6
156,堡林,2024-07-04 10:00,28.2,,.8,270,81,1002.5,1010.4,1,2.52,,5,,36.8
156,堡林,2024-07-04 11:00,29.9,,1.8,270,74,1002.4,1010.3,1,3.06,,6,,39.1
156,堡林,2024-07-04 12:00,29.4,,3.7,200,76,1001.9,1009.7,.1,1.87,,8,,35.2
156,堡林,2024-07-04 13:00,30,,1,250,80,1001.1,1009,.2,1.83,,6,,34.9
156,堡林,2024-07-04 14:00,32.2,,3,230,81,999.9,1007.7,.7,2.62,,6,,38.2
156,堡林,2024-07-04 15:00,31.9,,2.8,230,84,999.5,1007.3,.6,2.11,,7,,36.7
156,堡林,2024-07-04 16:00,31.5,,2.5,230,83,998.6,1006.4,.9,2.29,,4,,34.8
156,堡林,2024-07-04 17:00,32.4,,2.6,230,85,997.9,1005.7,.9,1.54,,0,,32.9
156,堡林,2024-07-04 18:00,31,,2.6,250,91,997.9,1005.7,1,1.37,,0,,31.4
156,堡林,2024-07-04 19:00,29.4,,2.5,250,96,997.6,1005.4,.6,.65,,0,,29.7
156,堡林,2024-07-04 20:00,27.8,,2.1,230,99,997.5,1005.4,.1,.11,,0,,28.5
156,堡林,2024-07-04 21:00,27.3,,1.4,230,99,997.7,1005.6,,,,6,,27.7
156,堡林,2024-07-04 22:00,26.7,,1.9,250,99,998.7,1006.6,,,,0,,27
156,堡林,2024-07-04 23:00,25.9,,2.5,250,99,999.2,1007.2,,,,0,,26.6
156,堡林,2024-07-05 00:00,25.8,,3.4,230,99,998.5,1006.5,,,,10,,26.6
156,堡林,2024-07-05 01:00,25.2,0,4,230,99,998.4,1006.4,,,,10,,26.3
156,堡林,2024-07-05 02:00,25,0,3.5,230,99,997.7,1005.7,,,,9,,26.2
156,堡林,2024-07-05 03:00,25,,2.9,230,99,997.6,1005.6,,,,10,,26.1
156,堡林,2024-07-05 04:00,24.8,.1,2.3,230,99,998,1005.9,,,,10,,25.9
156,堡林,2024-07-05 05:00,24.1,5,2,250,99,998,1005.9,,,,10,,25.7
156,堡林,2024-07-05 06:00,23.4,4.5,1.7,270,99,998.8,1006.8,0,.07,,10,,25.2
156,堡林,2024-07-05 07:00,23.7,0,1,250,99,999,1007,.1,.26,,7,,25.9
156,堡林,2024-07-05 08:00,24.2,,1.4,270,99,999.3,1007.3,,,,6,,27
156,堡林,2024-07-05 09:00,25.3,,1.7,270,99,999.2,1007.2,,,,6,,30
156,堡林,2024-07-05 10:00,26.3,,1.2,250,95,999.3,1007.2,,,,6,,33.2
156,堡林,2024-07-05 11:00,27.5,,2.4,270,83,999.1,1007,,,,6,,35.2
156,堡林,2024-07-05 12:00,28.4,,2.3,250,79,998.7,1006.6,,,,6,,36.6
156,堡林,2024-07-05 13:00,29.6,,2.2,200,87,998.4,1006.2,,,,6,,37.9
156,堡林,2024-07-05 14:00,29.4,,1.2,270,75,997.8,1005.6,,,,4,,36.4
156,堡林,2024-07-05 15:00,29.9,,1.8,230,79,997.7,1005.5,,,,4,,37
156,堡林,2024-07-05 16:00,29.9,,2.6,270,73,997.7,1005.5,,,,4,,34.3
156,堡林,2024-07-05 17:00,29.4,,2.2,250,80,997.5,1005.3,,,,7,,32.3
156,堡林,2024-07-05 18:00,28.4,,2,230,86,997.5,1005.4,,,,7,,30.8
156,堡林,2024-07-05 19:00,27.5,0,1.9,250,95,997.9,1005.8,,,,8,,29.4
156,堡林,2024-07-05 20:00,27.2,,1.5,230,97,998.2,1006.1,,,,7,,28.1
156,堡林,2024-07-05 21:00,26.9,,1.3,250,98,998.8,1006.7,,,,7,,27.8
156,堡林,2024-07-05 22:00,26.4,,1.4,200,99,998.8,1006.7,,,,5,,27.3
156,堡林,2024-07-05 23:00,26.2,,2.1,200,99,999,1006.9,,,,4,,27
156,堡林,2024-07-06 00:00,26.3,,1.4,230,98,998.8,1006.7,,,,9,,26.9
156,堡林,2024-07-06 01:00,26,,1.3,200,99,998.5,1006.4,,,,0,,26.3
156,堡林,2024-07-06 02:00,26,,1.5,230,99,997.9,1005.8,,,,0,,26
156,堡林,2024-07-06 03:00,25.9,,1.7,200,99,997.5,1005.4,,,,3,,25.8
156,堡林,2024-07-06 04:00,25.3,,1.8,200,99,997.9,1005.9,,,,2,,25.5
156,堡林,2024-07-06 05:00,25.7,,2.1,200,99,998.3,1006.3,,,,7,,25.9
156,堡林,2024-07-06 06:00,25.9,,1.4,200,99,998,1005.9,,,,9,,26.2
156,堡林,2024-07-06 07:00,26.5,,1.5,200,99,998.1,1006,,,,8,,27.1
156,堡林,2024-07-06 08:00,27,,3.2,180,99,998.5,1006.4,,,,9,,28.3
156,堡林,2024-07-06 09:00,27.8,,3.2,230,97,999,1006.9,0,.99,,9,,29.7
156,堡林,2024-07-06 10:00,28.6,,3.9,230,93,998.8,1006.7,.3,1.54,,8,,32
156,堡林,2024-07-06 11:00,29.5,,2.9,230,87,998.8,1006.6,.8,2.33,,8,,34.5
156,堡林,2024-07-06 12:00,29.8,,3.5,230,89,998.7,1006.5,.1,1.99,,9,,34.4
156,堡林,2024-07-06 13:00,29.5,,5.2,230,91,998.5,1006.3,.3,2.35,,8,,35.5
156,堡林,2024-07-06 14:00,28.5,,3.7,230,96,998,1005.9,0,1.02,,8,,31.9
156,堡林,2024-07-06 15:00,28.2,,3.6,200,98,997.8,1005.7,0,.55,,9,,30.2
156,堡林,2024-07-06 16:00,28,,3.2,230,99,997.5,1005.4,0,.37,,8,,29.6
156,堡林,2024-07-06 17:00,27.9,,2.4,250,99,998,1005.9,0,.39,,8,,29.4
156,堡林,2024-07-06 18:00,27.9,,3.4,230,99,997.7,1005.6,0,.57,,8,,29.6
156,堡林,2024-07-06 19:00,27.7,,3.1,230,99,997.8,1005.7,0,.26,,8,,28.5
156,堡林,2024-07-06 20:00,27.1,,2.1,230,99,998,1005.9,0,.13,,8,,27.5
156,堡林,2024-07-06 21:00,27,,.9,230,99,998.3,1006.2,,,,9,,27.3
156,堡林,2024-07-06 22:00,26.9,,.7,250,99,998.7,1006.6,,,,6,,27.3
156,堡林,2024-07-06 23:00,26.7,,1.2,230,99,998.9,1006.8,,,,6,,27.2
156,堡林,2024-07-07 00:00,26.5,,1.1,200,99,998.9,1006.8,,,,9,,27.1
156,堡林,2024-07-07 01:00,26.3,,1.3,230,99,999,1006.9,,,,6,,26.9
156,堡林,2024-07-07 02:00,26.1,,2.7,200,99,998.2,1006.1,,,,6,,26.7
156,堡林,2024-07-07 03:00,26.4,,1.3,230,99,997.8,1005.7,,,,9,,26.6
156,堡林,2024-07-07 04:00,26.4,,1.6,200,99,997.6,1005.5,,,,9,,26.6
156,堡林,2024-07-07 05:00,26.4,,2.1,200,99,997.8,1005.7,,,,9,,26.5
156,堡林,2024-07-07 06:00,26.3,,2.9,230,99,998.2,1006.1,0,.07,,9,,26.5
156,堡林,2024-07-07 07:00,26.2,,1.8,230,99,998.8,1006.7,0,.13,,9,,26.7
156,堡林,2024-07-07 08:00,26.5,,2.9,230,99,998.9,1006.8,0,.32,,9,,27.4
156,堡林,2024-07-07 09:00,26.5,,3,230,99,998.9,1006.8,0,.34,,10,,27.7
156,堡林,2024-07-07 10:00,26.8,0,2.1,250,99,999.8,1007.7,0,.42,,10,,27.9
156,堡林,2024-07-07 11:00,26.9,,2.7,230,99,999.5,1007.4,0,.35,,10,,28.3
156,堡林,2024-07-07 12:00,27.3,,2.2,230,99,999,1006.9,0,.89,,10,,29.7
156,堡林,2024-07-07 13:00,27.3,,2.7,200,99,998.7,1006.6,0,.53,,10,,29.6
156,堡林,2024-07-07 14:00,27.8,,2.1,230,99,998,1005.9,0,.87,,10,,30.4
156,堡林,2024-07-07 15:00,28.5,,1.5,230,99,997.8,1005.7,0,1.04,,10,,31.5
156,堡林,2024-07-07 16:00,27.9,,1.6,250,99,998,1005.9,0,.46,,10,,29.8
156,堡林,2024-07-07 17:00,27.6,,2.2,250,99,997.8,1005.7,0,.37,,10,,29.3
156,堡林,2024-07-07 18:00,27.3,,2,230,99,997.4,1005.3,0,.37,,10,,28.8
156,堡林,2024-07-07 19:00,26.9,,1.4,230,99,997.4,1005.3,0,.25,,10,,28.1
156,堡林,2024-07-07 20:00,27,,1.4,230,99,997.8,1005.7,0,.12,,10,,27.4
156,堡林,2024-07-07 21:00,26.2,,1.3,270,99,998.1,1006,,,,10,,26.8
156,堡林,2024-07-07 22:00,25.9,,1.4,270,99,998.8,1006.8,,,,8,,26.6
156,堡林,2024-07-07 23:00,25.9,,1,230,99,998.6,1006.6,,,,9,,26.7
156,堡林,2024-07-08 00:00,25.7,,2,230,99,998.4,1006.4,,,,10,,26.6
156,堡林,2024-07-08 01:00,25.7,,1,250,99,998.3,1006.3,,,,10,,26.5
156,堡林,2024-07-08 02:00,25.6,,1.7,230,99,997.6,1005.6,,,,8,,26.4
156,堡林,2024-07-08 03:00,25.6,,1.8,230,99,997.6,1005.6,,,,9,,26.5
156,堡林,2024-07-08 04:00,25.8,,1,250,99,997.1,1005,,,,10,,26.4
156,堡林,2024-07-08 05:00,25.7,,1.5,230,99,997.3,1005.2,,,,10,,26.4
156,堡林,2024-07-08 06:00,25.9,,.8,230,99,997.3,1005.2,0,.06,,10,,26.4
156,堡林,2024-07-08 07:00,25.9,,1.4,230,99,997.6,1005.5,0,.09,,10,,26.5
156,堡林,2024-07-08 08:00,26.1,,1.1,250,99,997.8,1005.7,0,.14,,10,,26.7
156,堡林,2024-07-08 09:00,26.4,,1,250,99,997.3,1005.2,0,.21,,10,,27
156,堡林,2024-07-08 10:00,26.7,,1,250,99,997.5,1005.4,0,.25,,10,,27.2
156,堡林,2024-07-08 11:00,27,0,3.4,200,99,996.9,1004.8,0,.59,,10,,28.9
156,堡林,2024-07-08 12:00,26.6,.2,2.5,270,99,997.5,1005.4,0,.69,,10,,27.9
156,堡林,2024-07-08 13:00,26.2,.5,,,99,996.8,1004.7,0,.32,,10,,28.2
156,堡林,2024-07-08 14:00,25.4,8,,,99,996.7,1004.7,0,.21,,10,,27
156,堡林,2024-07-08 15:00,25.9,.1,,,99,996.3,1004.2,0,.44,,10,,27.7
156,堡林,2024-07-08 16:00,26.1,.1,,,99,996.2,1004.1,0,.35,,10,,28
156,堡林,2024-07-08 17:00,26.1,,,,99,995.9,1003.8,0,.25,,10,,27.9
156,堡林,2024-07-08 18:00,26,,2.4,200,99,995.7,1003.6,0,.23,,10,,27.5
156,堡林,2024-07-08 19:00,26.3,,.9,200,99,996,1003.9,0,.11,,10,,27.1
156,堡林,2024-07-08 20:00,26,,2.2,230,99,996,1003.9,0,.07,,10,,26.7
156,堡林,2024-07-08 21:00,25.7,,2.2,230,99,995.9,1003.8,,,,10,,26.6
156,堡林,2024-07-08 22:00,26.2,,1.6,250,99,997,1004.9,,,,10,,26.4
156,堡林,2024-07-08 23:00,25.7,0,3.3,230,99,996.9,1004.8,,,,10,,26.2
156,堡林,2024-07-09 00:00,25.5,,1.8,250,99,996.9,1004.9,,,,10,,26.1
156,堡林,2024-07-09 01:00,24.8,2.7,2.3,230,99,996.5,1004.4,,,,10,,25.9
156,堡林,2024-07-09 02:00,24.6,,3.2,230,99,996.1,1004,,,,10,,25.8
156,堡林,2024-07-09 03:00,24.6,,1.6,230,99,995.8,1003.7,,,,10,,25.7
156,堡林,2024-07-09 04:00,24.5,,1.9,230,99,995.6,1003.5,,,,10,,25.7
156,堡林,2024-07-09 05:00,24.5,,2.7,230,99,996.4,1004.3,,,,10,,25.6
156,堡林,2024-07-09 06:00,24.5,0,1.4,230,99,997,1004.9,0,.06,,10,,25.6
156,堡林,2024-07-09 07:00,24.5,.1,.9,230,99,997.5,1005.4,0,.08,,10,,25.8
156,堡林,2024-07-09 08:00,24.6,.5,.9,200,99,998.2,1006.1,0,.11,,10,,26
156,堡林,2024-07-09 09:00,24.7,.8,.3,0,99,998.7,1006.6,0,.14,,10,,26.2
156,堡林,2024-07-09 10:00,25.7,0,.1,0,99,998.4,1006.4,0,.94,,10,,29.3
156,堡林,2024-07-09 11:00,26.7,,.9,90,99,998.6,1006.5,0,.8,,10,,30.7
156,堡林,2024-07-09 12:00,25.8,,1.4,50,99,998.9,1006.9,0,.58,,10,,28.5
156,堡林,2024-07-09 13:00,25.8,,1.1,50,99,998.8,1006.8,0,.36,,10,,28
156,堡林,2024-07-09 14:00,25.6,.4,1.6,70,99,998.6,1006.6,0,.43,,10,,29
156,堡林,2024-07-09 15:00,25.1,,1.5,70,99,998.5,1006.5,0,.56,,10,,27.9
156,堡林,2024-07-09 16:00,25.2,0,1.5,70,99,997.8,1005.8,0,.4,,10,,27.4
156,堡林,2024-07-09 17:00,25.4,0,1.4,50,99,997.5,1005.5,0,.26,,10,,27.5
156,堡林,2024-07-09 18:00,24.1,2,1.8,90,99,997.3,1005.2,0,.15,,10,,26.1
156,堡林,2024-07-09 19:00,24.3,.3,1.4,50,99,997.1,1005,0,.1,,10,,25.8
156,堡林,2024-07-09 20:00,24,.6,1.1,70,99,997.1,1005,0,.07,,10,,25.7
156,堡林,2024-07-09 21:00,24.7,.1,.8,140,99,996.7,1004.6,,,,10,,25.7
156,堡林,2024-07-09 22:00,24.9,1,2,160,99,996.4,1004.4,,,,10,,25.7
156,堡林,2024-07-09 23:00,25,0,2.9,180,99,995.9,1003.9,,,,10,,25.4
156,堡林,2024-07-10 00:00,25.2,,3.4,200,99,995.2,1003.2,,,,10,,25.2
156,堡林,2024-07-10 01:00,25.3,.1,5.1,200,99,993.2,1001.1,,,,10,,25.1
156,堡林,2024-07-10 02:00,24.9,.8,4.2,200,99,992.4,1000.3,,,,10,,25.2
156,堡林,2024-07-10 03:00,25.1,1.5,4.1,230,99,991.8,999.7,,,,10,,25.3
156,堡林,2024-07-10 04:00,24.7,16.3,4.3,230,99,992.3,1000.2,,,,10,,25.2
156,堡林,2024-07-10 05:00,24.5,2.5,3.8,230,99,992,999.9,,,,10,,25.1
156,堡林,2024-07-10 06:00,24.4,1.5,3.9,230,99,991.3,999.2,0,.07,,10,,25.1
156,堡林,2024-07-10 07:00,24.5,,4.1,230,99,991.8,999.7,0,.1,,10,,25.3
156,堡林,2024-07-10 08:00,24.3,,4,230,99,992.2,1000.1,0,.28,,9,,26.1
156,堡林,2024-07-10 09:00,24.5,,2.9,230,99,992.7,1000.6,0,.51,,9,,26.6
156,堡林,2024-07-10 10:00,23.8,0,4,230,99,992.9,1000.8,0,.26,,10,,26
156,堡林,2024-07-10 11:00,23.5,0,2.6,230,99,993.2,1001.1,0,.3,,10,,26.2
156,堡林,2024-07-10 12:00,23.8,0,2,230,99,993.1,1001,0,.44,,10,,26.9
156,堡林,2024-07-10 13:00,24.9,0,2,230,99,993.2,1001.1,0,1.39,,10,,29
156,堡林,2024-07-10 14:00,26.9,,2.1,250,99,993.6,1001.5,.3,2.16,,9,,34.5
156,堡林,2024-07-10 15:00,27.1,,1.6,270,93,993.6,1001.5,.2,1.89,,8,,32.9
156,堡林,2024-07-10 16:00,27.5,,2.8,270,90,993.4,1001.3,.1,.91,,8,,30.8
156,堡林,2024-07-10 17:00,26.8,,3,270,90,993.6,1001.5,.2,1.01,,10,,29.9
156,堡林,2024-07-10 18:00,24.7,0,2.6,230,99,993.8,1001.7,0,.31,,10,,27.2
156,堡林,2024-07-10 19:00,24.2,0,1.6,200,99,993.4,1001.3,0,.15,,10,,26.5
156,堡林,2024-07-10 20:00,24,,1.1,250,99,993.2,1001.1,0,.15,,9,,25.5
156,堡林,2024-07-10 21:00,24.2,,1.3,290,99,994.2,1002.1,,,,10,,25.3
156,堡林,2024-07-10 22:00,23.8,,1,270,99,995.1,1003,,,,9,,25
156,堡林,2024-07-10 23:00,23.8,,.5,320,99,995.2,1003.1,,,,9,,24.8
156,堡林,2024-07-11 00:00,23.6,,.5,270,99,995.1,1003,,,,9,,24.6
156,堡林,2024-07-11 01:00,23.3,,1.1,270,99,995.1,1003.1,,,,9,,24.5
156,堡林,2024-07-11 02:00,23.3,,.6,270,99,994.9,1002.9,,,,7,,24.4
156,堡林,2024-07-11 03:00,23.2,,1.4,270,99,994.9,1002.9,,,,9,,24.2
156,堡林,2024-07-11 04:00,23.2,,1,270,99,994.9,1002.9,,,,10,,24.3
156,堡林,2024-07-11 05:00,22.5,0,.2,0,99,995.1,1003.1,,,,10,,24.3
156,堡林,2024-07-11 06:00,22.4,0,.5,90,99,995.1,1003.1,0,.08,,10,,24.3
156,堡林,2024-07-11 07:00,22.9,0,.4,0,99,995.3,1003.3,0,.2,,10,,24.9
156,堡林,2024-07-11 08:00,23.8,,.2,0,99,995.9,1003.8,0,.46,,10,,26.2
156,堡林,2024-07-11 09:00,23.9,,0,0,99,995.8,1003.7,0,.41,,10,,26
156,堡林,2024-07-11 10:00,23.7,0,.6,50,99,995.7,1003.6,0,.24,,10,,25.7
156,堡林,2024-07-11 11:00,24.5,0,.4,0,99,995.6,1003.5,0,.67,,9,,28.6
156,堡林,2024-07-11 12:00,25.3,,.7,70,99,995.1,1003,0,.9,,9,,29.1
156,堡林,2024-07-11 13:00,26.4,,.4,0,97,994.7,1002.6,0,1.5,,9,,33.7
156,堡林,2024-07-11 14:00,26.6,,.6,200,91,994.5,1002.4,.1,1.65,,9,,32.1
156,堡林,2024-07-11 15:00,25.9,,2.3,270,98,994.7,1002.6,0,.73,,10,,29.8
156,堡林,2024-07-11 16:00,25.8,,1.9,270,98,994.4,1002.3,0,.68,,10,,29.2
156,堡林,2024-07-11 17:00,25.3,,1.7,270,98,993.6,1001.5,0,.53,,10,,28.2
156,堡林,2024-07-11 18:00,24.7,,1.5,320,99,993.9,1001.8,0,.36,,10,,27.2
156,堡林,2024-07-11 19:00,24.1,,1.6,250,99,994.1,1002,0,.15,,10,,26
156,堡林,2024-07-11 20:00,23.8,,1.1,250,99,994.5,1002.4,0,.09,,8,,25.3
156,堡林,2024-07-11 21:00,23.6,,.3,0,99,994.8,1002.7,,,,9,,24.7
156,堡林,2024-07-11 22:00,23.3,,.5,230,99,995.3,1003.3,,,,8,,24.3
156,堡林,2024-07-11 23:00,23,,.3,0,99,995,1003,,,,5,,23.7
156,堡林,2024-07-12 00:00,22.8,,.7,270,99,995,1003,,,,7,,23.4
156,堡林,2024-07-12 01:00,22.8,,.2,0,99,994.5,1002.5,,,,3,,23.9
156,堡林,2024-07-12 02:00,22.9,,.1,0,99,994.3,1002.3,,,,8,,24
156,堡林,2024-07-12 03:00,22.8,,.1,0,99,994.1,1002.1,,,,9,,24
156,堡林,2024-07-12 04:00,22.7,,1.2,270,99,994.4,1002.4,,,,9,,24
156,堡林,2024-07-12 05:00,22.5,,1.1,270,99,994.7,1002.7,,,,9,,23.9
156,堡林,2024-07-12 06:00,22.6,,.5,250,99,995.2,1003.2,0,.07,,10,,24
156,堡林,2024-07-12 07:00,23.1,,.4,0,99,995.5,1003.5,0,.2,,10,,24.8
156,堡林,2024-07-12 08:00,22.9,0,.4,0,99,995.6,1003.6,0,.23,,10,,24.8
156,堡林,2024-07-12 09:00,24.5,0,.8,250,99,995.4,1003.3,.2,.98,,7,,29.8
156,堡林,2024-07-12 10:00,25.1,,.8,20,99,995.2,1003.2,.1,1.3,,9,,30
156,堡林,2024-07-12 11:00,25.9,,.6,360,93,994.8,1002.7,.4,1.8,,7,,33.1
156,堡林,2024-07-12 12:00,27.8,,.5,250,90,994.6,1002.5,.2,1.5,,8,,35.4
156,堡林,2024-07-12 13:00,28.3,,.9,360,85,994.3,1002.1,.6,2.37,,6,,37.2
156,堡林,2024-07-12 14:00,28,,.8,230,83,994.1,1001.9,.5,2.19,,5,,34.7
156,堡林,2024-07-12 15:00,28.9,,.5,270,82,993.9,1001.7,.4,1.79,,6,,33.3
156,堡林,2024-07-12 16:00,28.3,0,.6,250,85,994.1,1001.9,0,.45,,8,,30.2
156,堡林,2024-07-12 17:00,28.6,,2.2,270,83,993.9,1001.7,.4,1.15,,6,,31.2
156,堡林,2024-07-12 18:00,27.9,,2,230,89,993.9,1001.7,.2,.74,,7,,29.9
156,堡林,2024-07-12 19:00,26.7,,2.7,270,95,994.8,1002.7,0,.18,,7,,27.9
156,堡林,2024-07-12 20:00,25.8,,2,270,98,995.3,1003.2,0,.09,,8,,26.6
156,堡林,2024-07-12 21:00,25.3,,.8,320,98,995.9,1003.9,,,,8,,26.2
156,堡林,2024-07-12 22:00,25,,1.2,270,97,996.4,1004.4,,,,7,,25.6
156,堡林,2024-07-12 23:00,24.2,,.1,0,99,996.3,1004.2,,,,7,,24.8
156,堡林,2024-07-13 00:00,23.8,,1,230,99,996.3,1004.2,,,,6,,24.2
156,堡林,2024-07-13 01:00,23.7,,.5,250,99,996.3,1004.2,,,,7,,24.7
156,堡林,2024-07-13 02:00,23.3,,.9,230,99,996.1,1004.1,,,,6,,24.3
156,堡林,2024-07-13 03:00,23.1,,.4,0,99,996.2,1004.2,,,,4,,24.2
156,堡林,2024-07-13 04:00,22.6,,.7,200,99,996.4,1004.4,,,,0,,23.3
156,堡林,2024-07-13 05:00,22.7,,.4,0,99,996.7,1004.7,,,,3,,23
156,堡林,2024-07-13 06:00,22.9,,.6,70,99,996.8,1004.8,0,.08,,4,,23.7
156,堡林,2024-07-13 07:00,23.3,,.1,0,99,997.1,1005.1,0,.33,,5,,25
156,堡林,2024-07-13 08:00,24.2,,.5,200,99,997.6,1005.5,0,.65,,7,,26.7
156,堡林,2024-07-13 09:00,25.9,,.2,0,99,997.7,1005.6,.5,1.34,,5,,30.5
156,堡林,2024-07-13 10:00,26.9,,.7,160,87,998.1,1006,1,2.14,,7,,34.6
156,堡林,2024-07-13 11:00,28.1,,2,180,84,998,1005.9,.7,2.17,,8,,36.2
156,堡林,2024-07-13 12:00,26.9,,3.7,230,85,998.2,1006.1,.1,1.31,,9,,31.9
156,堡林,2024-07-13 13:00,27.8,,1.7,180,83,998.1,1006,.1,1.58,,9,,34.2
156,堡林,2024-07-13 14:00,27.9,,1.6,180,85,997.9,1005.8,.3,1.91,,9,,34
156,堡林,2024-07-13 15:00,29.8,,3.2,200,79,997.7,1005.5,.5,2.3,,7,,38.2
156,堡林,2024-07-13 16:00,28.8,,3.7,180,76,997.8,1005.6,.8,2.28,,7,,34.5
156,堡林,2024-07-13 17:00,27.5,,2.2,180,86,997.9,1005.8,.1,1.12,,10,,31.4
156,堡林,2024-07-13 18:00,26.4,,3,180,92,998,1005.9,0,.62,,10,,29.7
156,堡林,2024-07-13 19:00,24.8,.8,2.6,180,99,998.2,1006.1,.4,.6,,5,,27.6
156,堡林,2024-07-13 20:00,24.7,,2.6,180,98,998.7,1006.6,.1,.19,,9,,25.7
156,堡林,2024-07-13 21:00,25.4,,.9,230,95,999.4,1007.4,,,,6,,25.3
156,堡林,2024-07-13 22:00,25.4,,1.9,180,97,1000.3,1008.3,,,,8,,25.1
156,堡林,2024-07-13 23:00,25.3,,.9,70,97,1000.5,1008.5,,,,10,,25.2
156,堡林,2024-07-14 00:00,25.4,,1.4,180,98,1000.4,1008.4,,,,10,,25
156,堡林,2024-07-14 01:00,24.3,.1,.8,250,99,1000.5,1008.5,,,,10,,25.1
156,堡林,2024-07-14 02:00,23.2,3.4,.8,200,99,999.9,1007.9,,,,10,,24.7
156,堡林,2024-07-14 03:00,23.1,1.6,.3,0,99,999.9,1007.9,,,,10,,24.7
156,堡林,2024-07-14 04:00,23.1,1.3,1.5,70,99,999.2,1007.2,,,,10,,24.5
156,堡林,2024-07-14 05:00,22.9,0,1.3,20,99,999.5,1007.5,,,,8,,24
156,堡林,2024-07-14 06:00,23,,.7,70,99,999.3,1007.3,0,.07,,6,,24.1
156,堡林,2024-07-14 07:00,23.5,,.7,50,99,1000,1008,.1,.21,,9,,25.1
156,堡林,2024-07-14 08:00,23.5,.9,.8,50,99,1000.2,1008.2,0,.28,,10,,25.4
156,堡林,2024-07-14 09:00,24.2,.5,1.2,70,99,1000.4,1008.4,0,.56,,10,,27.5
156,堡林,2024-07-14 10:00,26.6,,1,70,99,1000.4,1008.3,.3,1.54,,8,,34.3
156,堡林,2024-07-14 11:00,25.9,,.8,230,99,1001,1009,0,.71,,10,,28.7
156,堡林,2024-07-14 12:00,26,,.5,250,99,1000.5,1008.5,0,.4,,10,,28.4
156,堡林,2024-07-14 13:00,26,,2,180,99,1000.7,1008.7,.1,.98,,10,,29.4
156,堡林,2024-07-14 14:00,24.9,0,2.8,200,99,1001.7,1009.7,0,.35,,10,,27.3
156,堡林,2024-07-14 15:00,25,.8,.5,20,99,1000.9,1008.9,0,.62,,10,,29.1
156,堡林,2024-07-14 16:00,26.2,,.6,140,99,1000.6,1008.6,0,1.19,,9,,31.2
156,堡林,2024-07-14 17:00,26.1,,1.5,200,99,1001,1009,0,.82,,8,,29.7
156,堡林,2024-07-14 18:00,26.6,,2.4,180,98,1000.9,1008.8,.7,1.19,,7,,28.4
156,堡林,2024-07-14 19:00,25.5,,1.2,90,99,1001.4,1009.4,.8,.63,,3,,27.2
156,堡林,2024-07-14 20:00,24.9,,1.3,200,99,1001.9,1009.9,0,.08,,6,,25.9
156,堡林,2024-07-14 21:00,24.5,,.8,110,99,1002.5,1010.5,,,,7,,25.7
156,堡林,2024-07-14 22:00,24.9,,.8,70,99,1002.9,1010.9,,,,4,,25.1
156,堡林,2024-07-14 23:00,24.5,,.8,50,99,1003.1,1011.1,,,,8,,25.3
156,堡林,2024-07-15 00:00,24.5,,.3,0,99,1003.1,1011.1,,,,8,,25.3
156,堡林,2024-07-15 01:00,24.2,,.3,0,99,1002.7,1010.7,,,,7,,25.1
156,堡林,2024-07-15 02:00,23.7,,.6,90,99,1002.7,1010.7,,,,8,,24.9
156,堡林,2024-07-15 03:00,23.8,,.5,90,99,1002.4,1010.4,,,,7,,24.3
156,堡林,2024-07-15 04:00,23.5,,1.1,70,99,1002.3,1010.3,,,,8,,24.5
156,堡林,2024-07-15 05:00,23.3,,.3,0,99,1002.8,1010.8,,,,8,,24.3
156,堡林,2024-07-15 06:00,23.5,,.3,0,99,1003.5,1011.5,0,.07,,6,,24.6
156,堡林,2024-07-15 07:00,23.8,,.6,110,99,1003.7,1011.7,0,.14,,8,,25.1
156,堡林,2024-07-15 08:00,24.5,,.4,0,99,1004,1012,0,.31,,10,,26.1
156,堡林,2024-07-15 09:00,25.1,,.3,0,99,1004.1,1012.1,0,.7,,10,,27.9
156,堡林,2024-07-15 10:00,27.6,,.3,0,94,1004,1011.9,.4,1.71,,1,,34.5
156,堡林,2024-07-15 11:00,28.4,,.7,250,89,1004.2,1012.1,.6,2.4,,7,,34.8
156,堡林,2024-07-15 12:00,28.7,,2.2,230,90,1003.7,1011.6,.6,2.39,,9,,35.1
156,堡林,2024-07-15 13:00,28.9,,2,180,87,1003.4,1011.3,.5,2.38,,7,,35.6
156,堡林,2024-07-15 14:00,29.1,,3,180,90,1003.2,1011.1,.5,2.04,,7,,35.5
156,堡林,2024-07-15 15:00,28.9,,3,200,89,1003.1,1011,.9,2.53,,7,,35.7
156,堡林,2024-07-15 16:00,30.3,,2.8,200,67,1002.8,1010.7,1,2.51,,3,,35.6
156,堡林,2024-07-15 17:00,28.7,,3.1,230,72,1002.5,1010.4,1,1.91,,3,,32.2
156,堡林,2024-07-15 18:00,27.9,,3,200,74,1003,1010.9,.7,1.13,,3,,30.2
156,堡林,2024-07-15 19:00,26.6,,3.1,180,79,1003,1011,.6,.4,,1,,28
156,堡林,2024-07-15 20:00,26.1,,2.4,180,81,1003.2,1011.2,0,.1,,1,,26.7
156,堡林,2024-07-15 21:00,26,,2.1,180,81,1004,1012,,,,9,,26.6
156,堡林,2024-07-15 22:00,26.1,,1.4,200,80,1004.1,1012.1,,,,6,,26.6
156,堡林,2024-07-15 23:00,25.5,,2.5,230,82,1004.3,1012.3,,,,7,,26.2
156,堡林,2024-07-16 00:00,25.1,,1.7,140,83,1003.5,1011.5,,,,9,,25.7
156,堡林,2024-07-16 01:00,25.2,0,.5,110,84,1003.5,1011.5,,,,10,,25.8
156,堡林,2024-07-16 02:00,25.4,0,.7,250,85,1002.6,1010.6,,,,10,,25.9
156,堡林,2024-07-16 03:00,23.9,1.7,1.4,200,97,1002.7,1010.7,,,,10,,25.4
156,堡林,2024-07-16 04:00,23.8,6,.7,90,99,1002.2,1010.2,,,,10,,25.2
156,堡林,2024-07-16 05:00,23.8,0,.2,0,99,1002.9,1010.9,,,,10,,25.5
156,堡林,2024-07-16 06:00,23.7,.6,2.3,200,97,1003.5,1011.5,0,.06,,10,,25.2
156,堡林,2024-07-16 07:00,22.9,10.7,2.1,90,99,1003.4,1011.4,0,.1,,10,,24.6
156,堡林,2024-07-16 08:00,23.7,1.1,.6,360,99,1003.9,1011.9,0,.16,,10,,25.5
156,堡林,2024-07-16 09:00,23.9,,.5,110,100,1003.8,1011.8,0,.4,,10,,26.5
156,堡林,2024-07-16 10:00,23.4,13.4,.8,70,100,1003.6,1011.6,0,.26,,10,,25.3
156,堡林,2024-07-16 11:00,23.8,6.7,.6,70,100,1003.6,1011.6,0,.42,,10,,26.8
156,堡林,2024-07-16 12:00,24.3,.3,.6,90,100,1003.7,1011.7,0,.51,,10,,27.4
156,堡林,2024-07-16 13:00,24.9,,.9,70,100,1003.4,1011.4,0,.63,,10,,28.3
156,堡林,2024-07-16 14:00,25.8,,.7,90,98,1003.2,1011.2,0,.67,,10,,29.5
156,堡林,2024-07-16 15:00,25.8,,.3,0,97,1003,1011,0,.57,,10,,29
156,堡林,2024-07-16 16:00,26.1,,1.3,200,91,1003.2,1011.2,0,.78,,10,,28.8
156,堡林,2024-07-16 17:00,24.9,3.8,1.4,180,95,1002.9,1010.9,0,.16,,10,,26.7
156,堡林,2024-07-16 18:00,24.8,4.5,.6,180,100,1003.2,1011.2,0,.15,,10,,26.9
156,堡林,2024-07-16 19:00,25,.9,1.7,180,100,1003.1,1011.1,0,.13,,10,,26.6
156,堡林,2024-07-16 20:00,25.1,,2,200,97,1003.5,1011.5,0,.1,,9,,26.2
156,堡林,2024-07-16 21:00,25.2,,1.8,200,95,1004,1012,,,,9,,25.8
156,堡林,2024-07-16 22:00,25.1,,1.9,200,94,1004.4,1012.4,,,,8,,25.8
156,堡林,2024-07-16 23:00,24.9,,1.7,200,94,1004.4,1012.4,,,,10,,25.5
156,堡林,2024-07-17 00:00,24.5,,1.8,200,94,1004.4,1012.4,,,,5,,24.9
156,堡林,2024-07-17 01:00,24.5,,1.5,180,93,1004.2,1012.2,,,,7,,25
156,堡林,2024-07-17 02:00,24.4,,1.1,180,92,1003.8,1011.8,,,,10,,25
156,堡林,2024-07-17 03:00,24.6,,2.3,200,91,1003.5,1011.5,,,,10,,25
156,堡林,2024-07-17 04:00,24.7,,1.7,200,91,1003.2,1011.2,,,,10,,25.1
156,堡林,2024-07-17 05:00,24.9,,2,180,89,1002.5,1010.5,,,,10,,25.1
156,堡林,2024-07-17 06:00,24.8,,1.9,180,90,1002.8,1010.8,0,.06,,10,,25.1
156,堡林,2024-07-17 07:00,25.2,,1.2,180,90,1003.3,1011.3,0,.12,,10,,25.5
156,堡林,2024-07-17 08:00,25.8,,2.6,200,87,1003.2,1011.2,0,.25,,10,,26.3
156,堡林,2024-07-17 09:00,26,,1.6,200,87,1003.8,1011.8,0,.39,,10,,26.9
156,堡林,2024-07-17 10:00,26.4,,2.1,200,85,1003.4,1011.4,0,.57,,10,,28.2
156,堡林,2024-07-17 11:00,26.7,,2.1,200,86,1003.5,1011.5,0,.6,,10,,29.3
156,堡林,2024-07-17 12:00,27.3,0,2.7,200,86,1003.6,1011.5,0,1.37,,10,,30.9
156,堡林,2024-07-17 13:00,28.9,0,3.1,230,81,1002.9,1010.8,0,1.42,,9,,33.6
156,堡林,2024-07-17 14:00,29.5,,4.9,230,76,1002.3,1010.1,.3,2.23,,9,,35.6
156,堡林,2024-07-17 15:00,29.6,,3.1,230,75,1001.9,1009.7,.3,2.06,,9,,35.2
156,堡林,2024-07-17 16:00,27.2,3.9,3.6,230,89,1001.8,1009.7,.1,.92,,10,,31.7
156,堡林,2024-07-17 17:00,27.7,,3,230,83,1001.3,1009.2,0,1.06,,10,,31.5
156,堡林,2024-07-17 18:00,27.8,,3.3,230,84,1000.8,1008.7,0,.65,,10,,29.8
156,堡林,2024-07-17 19:00,27.7,,3,230,80,1000.9,1008.8,0,.37,,9,,28.7
156,堡林,2024-07-17 20:00,27.2,,2.9,200,85,1000.9,1008.8,0,.12,,8,,27.4
156,堡林,2024-07-17 21:00,26.9,,2.7,200,87,1001.4,1009.3,,,,8,,26.7
156,堡林,2024-07-17 22:00,26.8,,2.3,200,87,1001,1008.9,,,,8,,26.4
156,堡林,2024-07-17 23:00,26.4,,2.1,200,86,1000.5,1008.4,,,,8,,26
156,堡林,2024-07-18 00:00,26.3,,1.8,200,87,1000.3,1008.2,,,,9,,26
156,堡林,2024-07-18 01:00,26.4,,2.2,200,88,1000,1007.9,,,,10,,26
156,堡林,2024-07-18 02:00,26.4,,2.6,200,87,999.4,1007.3,,,,10,,25.9
156,堡林,2024-07-18 03:00,26.5,,2.9,200,87,999,1006.9,,,,9,,25.9
156,堡林,2024-07-18 04:00,26.6,0,3.1,200,86,998.7,1006.6,,,,10,,25.9
156,堡林,2024-07-18 05:00,26.5,0,2.9,180,86,998.1,1006,,,,10,,25.7
156,堡林,2024-07-18 06:00,26.5,,2.9,180,85,998.1,1006,0,.07,,9,,25.8
156,堡林,2024-07-18 07:00,26.7,,2.8,200,85,998,1005.9,0,.17,,10,,26.3
156,堡林,2024-07-18 08:00,27,,2.6,200,83,997.8,1005.7,0,.3,,10,,27.1
156,堡林,2024-07-18 09:00,27.1,,3.5,200,92.6,997.4,1005.3,0,.32,,10,,27.2
156,堡林,2024-07-18 10:00,26.2,.3,4.3,200,99.9,997.2,1005.1,0,.2,,10,,26.9
156,堡林,2024-07-18 11:00,25.6,2.3,1.6,200,99.9,997.1,1005.1,0,.27,,10,,27.5
156,堡林,2024-07-18 12:00,26.3,0,3.4,200,99.9,996.7,1004.6,0,.47,,10,,28.3
156,堡林,2024-07-18 13:00,26.7,.6,4.5,230,99.9,996.3,1004.2,0,.56,,10,,28.5
156,堡林,2024-07-18 14:00,27.4,,4.6,230,92,996.3,1004.2,0,.64,,10,,29.4
156,堡林,2024-07-18 15:00,27.9,,3.7,230,89,996.4,1004.3,0,.89,,10,,30.5
156,堡林,2024-07-18 16:00,28.1,,2.3,230,81,996.6,1004.5,0,1.09,,10,,30.8
156,堡林,2024-07-18 17:00,27.5,,3.2,230,83,996.7,1004.6,0,.6,,10,,29.3
156,堡林,2024-07-18 18:00,27,,2.2,230,82,997.1,1005,0,.35,,10,,28.2
156,堡林,2024-07-18 19:00,26.6,0,2.7,230,84,997.7,1005.6,0,.16,,10,,27.3
156,堡林,2024-07-18 20:00,24.8,1.8,2.5,200,92,997.6,1005.5,0,.07,,10,,26.3
156,堡林,2024-07-18 21:00,24.5,,2.1,200,92,997.9,1005.8,,,,7,,25.7
156,堡林,2024-07-18 22:00,25.2,,1.1,250,92,998.1,1006.1,,,,10,,25.6
156,堡林,2024-07-18 23:00,24.8,,2,230,92,998.6,1006.5,,,,10,,25.5
156,堡林,2024-07-19 00:00,25.2,0,2.7,200,92,999,1007,,,,10,,25.6
156,堡林,2024-07-19 01:00,23.3,4,2.5,200,92,998.4,1006.4,,,,10,,24.9
156,堡林,2024-07-19 02:00,23.3,1.6,.8,200,92,998.4,1006.4,,,,10,,25
156,堡林,2024-07-19 03:00,23.4,3.3,.6,270,92,998.2,1006.2,,,,10,,24.9
156,堡林,2024-07-19 04:00,23.2,4.2,.8,230,92,997.8,1005.8,,,,10,,24.7
156,堡林,2024-07-19 05:00,23.1,6.7,.5,200,92,998,1006,,,,10,,24.6
156,堡林,2024-07-19 06:00,23.2,.1,.3,0,91,998.2,1006.2,0,.07,,9,,24.8
156,堡林,2024-07-19 07:00,23.8,,.3,0,92,998.7,1006.7,0,.28,,9,,25.9
156,堡林,2024-07-19 08:00,24,0,1.4,250,92,999.6,1007.6,0,.35,,10,,25.8
156,堡林,2024-07-19 09:00,23.9,.4,1.5,200,92,999.1,1007.1,0,.22,,10,,26
156,堡林,2024-07-19 10:00,24,2.1,1.7,230,92,999.6,1007.6,0,.15,,10,,25.7
156,堡林,2024-07-19 11:00,24.4,2.4,.6,250,92,998.2,1006.1,0,.31,,10,,26.4
156,堡林,2024-07-19 12:00,25.3,0,.8,270,91,998.2,1006.2,0,.59,,10,,28
156,堡林,2024-07-19 13:00,23.9,1.9,2.7,270,92,998.6,1006.6,0,.44,,10,,26.7
156,堡林,2024-07-19 14:00,25.2,1.7,2.1,270,92,998.8,1006.8,0,1.38,,10,,30.6
156,堡林,2024-07-19 15:00,27.7,,1.7,230,79,999,1006.9,.6,2.56,,8,,36
156,堡林,2024-07-19 16:00,27.5,,1.3,250,75,998.8,1006.7,.7,2.14,,7,,32.2
156,堡林,2024-07-19 17:00,26.3,,2.7,230,82,998.6,1006.5,.2,.78,,9,,29.6
156,堡林,2024-07-19 18:00,25.9,,1.2,200,86,998.3,1006.2,0,.45,,8,,28.6
156,堡林,2024-07-19 19:00,26.7,,.9,230,81,998.6,1006.5,.2,.34,,8,,27.8
156,堡林,2024-07-19 20:00,25.5,,1,230,87,999.6,1007.6,.1,.14,,6,,26.5
156,堡林,2024-07-19 21:00,25.3,,.8,250,89,1000.1,1008.1,,,,0,,25.6
156,堡林,2024-07-19 22:00,25.4,,.9,270,89,1000.6,1008.6,,,,6,,25.3
156,堡林,2024-07-19 23:00,24.4,,.9,230,91,1000.8,1008.8,,,,6,,24.9
156,堡林,2024-07-20 00:00,24.1,,.2,0,91,1001,1009,,,,4,,24.5
156,堡林,2024-07-20 01:00,24.4,,.3,0,92,1000.9,1008.9,,,,4,,24.3
156,堡林,2024-07-20 02:00,23.7,,.9,90,91,1000.4,1008.4,,,,7,,24.1
156,堡林,2024-07-20 03:00,23.2,,.9,70,91,1000.5,1008.5,,,,7,,23.7
156,堡林,2024-07-20 04:00,22.8,,.3,0,91,1000.8,1008.8,,,,6,,23.6
156,堡林,2024-07-20 05:00,23.4,,1.2,90,92,1000.7,1008.7,,,,7,,24.3
156,堡林,2024-07-20 06:00,23.5,,1.1,70,92,1000.6,1008.6,0,.07,,7,,24.7
156,堡林,2024-07-20 07:00,24.5,,.2,0,92,1000.8,1008.7,0,.2,,9,,25.7
156,堡林,2024-07-20 08:00,25.5,,.3,0,86,1001.1,1009.1,0,.54,,10,,27.1
156,堡林,2024-07-20 09:00,23.9,4.1,1.7,50,92,1001.9,1009.9,0,.27,,10,,26.1
156,堡林,2024-07-20 10:00,23.5,32.3,,,92,1002.4,1010.4,0,.1,,10,,24.8
156,堡林,2024-07-20 11:00,24.1,.7,,,91,1002.6,1010.6,0,.28,,10,,26.1
156,堡林,2024-07-20 12:00,25.6,,,,91,1002.3,1010.3,0,.86,,9,,28.9
156,堡林,2024-07-20 13:00,27.5,,,,84,1001.3,1009.2,.5,2.3,,8,,34.1
156,堡林,2024-07-20 14:00,29.5,,,,82,1000.5,1008.3,.5,2.11,,8,,35
156,堡林,2024-07-20 15:00,30.7,,4.4,200,57,999.7,1007.5,.8,2.59,,5,,36.5
156,堡林,2024-07-20 16:00,30.2,,4,230,64,999.6,1007.4,.5,1.38,,6,,32.4
156,堡林,2024-07-20 17:00,30.8,,4.2,200,61,999.6,1007.4,.3,1.14,,6,,31.9
156,堡林,2024-07-20 18:00,29.3,,3.5,230,67,999.9,1007.7,.4,.64,,7,,30.1
156,堡林,2024-07-20 19:00,29.1,,3.7,200,65,999.6,1007.4,.7,.49,,3,,28.9
156,堡林,2024-07-20 20:00,28.2,,2.9,230,71,1000.2,1008.1,0,.08,,7,,28
156,堡林,2024-07-20 21:00,28,,4.2,230,76,1000.4,1008.3,,,,10,,27.4
156,堡林,2024-07-20 22:00,27.8,0,3.9,230,78,1000.7,1008.6,,,,9,,27.1
156,堡林,2024-07-20 23:00,27.7,,2.5,230,80,1000.7,1008.6,,,,8,,27
156,堡林,2024-07-21 00:00,27.4,0,4.3,230,84,1000.4,1008.3,,,,10,,26.9
156,堡林,2024-07-21 01:00,26.6,0,3.4,230,92,1000.5,1008.4,,,,10,,26.9
156,堡林,2024-07-21 02:00,25.9,2.6,2.4,230,91,999.9,1007.9,,,,10,,26.8
156,堡林,2024-07-21 03:00,25.7,.5,1.5,230,91,999.8,1007.8,,,,10,,26.8
156,堡林,2024-07-21 04:00,24.1,.4,2.7,200,91,1000.5,1008.5,,,,10,,25.9
156,堡林,2024-07-21 05:00,23.8,.5,2.3,200,92,1001.2,1009.2,,,,10,,25.7
156,堡林,2024-07-21 06:00,23.9,1.9,2.2,200,92,1001.7,1009.7,0,.06,,10,,25.5
156,堡林,2024-07-21 07:00,23.7,.9,1.1,230,91,1001.9,1009.9,0,.14,,10,,25.8
156,堡林,2024-07-21 08:00,24.5,,.5,180,91,1002,1010,0,.4,,10,,27.1
156,堡林,2024-07-21 09:00,26.6,,.6,200,88,1002,1010,.2,1.09,,6,,31.2
156,堡林,2024-07-21 10:00,27.8,,1.7,270,78,1002.3,1010.2,.7,1.98,,6,,34.6
156,堡林,2024-07-21 11:00,29,,2.7,200,79,1002.3,1010.2,.8,2.65,,5,,39.6
156,堡林,2024-07-21 12:00,30.2,,2.4,230,63,1002.1,1010,1,3.2,,3,,41.5
156,堡林,2024-07-21 13:00,31.3,,2.1,230,59,1001.6,1009.4,1,3.27,,2,,42
156,堡林,2024-07-21 14:00,31.9,,2.8,230,57,1001.1,1008.9,1,3.12,,4,,41.7
156,堡林,2024-07-21 15:00,31.2,,3.8,200,61,1000.9,1008.7,.7,2.39,,5,,39
156,堡林,2024-07-21 16:00,32.2,,1.7,230,55,1001,1008.8,1,2.49,,5,,37.2
156,堡林,2024-07-21 17:00,30.8,,3.6,230,58,1000.6,1008.4,.9,1.74,,3,,34
156,堡林,2024-07-21 18:00,30.6,,3.2,230,62,1000.6,1008.4,.9,1.17,,2,,32.2
156,堡林,2024-07-21 19:00,29.3,,1.3,230,68,1001.1,1008.9,.3,.38,,0,,30.3
156,堡林,2024-07-21 20:00,28.7,,2,230,72,1001.5,1009.4,.1,.11,,8,,29.1
156,堡林,2024-07-21 21:00,28,,1.8,230,79,1001.9,1009.8,,,,7,,28.4
156,堡林,2024-07-21 22:00,27.7,,2.8,230,87,1002.3,1010.2,,,,6,,28.4
156,堡林,2024-07-21 23:00,27.4,,2,200,86,1002.2,1010.1,,,,0,,27.8
156,堡林,2024-07-22 00:00,27.1,,2,200,82,1002.4,1010.3,,,,0,,27.3
156,堡林,2024-07-22 01:00,27.1,,1.7,200,82,1002.9,1010.8,,,,6,,27.1
156,堡林,2024-07-22 02:00,26.7,,1.3,200,85,1002.8,1010.8,,,,6,,26.8
156,堡林,2024-07-22 03:00,26.4,,1.5,200,85,1002.4,1010.4,,,,6,,26.5
156,堡林,2024-07-22 04:00,26.3,,1.6,200,84,1001.7,1009.7,,,,6,,26.2
156,堡林,2024-07-22 05:00,26.3,,1.4,200,80,1001.3,1009.3,,,,0,,25.8
156,堡林,2024-07-22 06:00,26.3,,1.3,200,78,1001.7,1009.7,0,.08,,6,,25.7
156,堡林,2024-07-22 07:00,26.6,,2.2,200,77,1001.8,1009.8,.2,.33,,6,,26.8
156,堡林,2024-07-22 08:00,28,,2.5,200,69,1001.2,1009.1,.8,1.02,,7,,29.6
156,堡林,2024-07-22 09:00,28.8,,2.3,200,67,1001.6,1009.5,.5,1.33,,7,,32.2
156,堡林,2024-07-22 10:00,29.3,,2.7,200,68,1001,1008.8,.5,1.53,,8,,33.6
156,堡林,2024-07-22 11:00,29.8,,4.2,230,67,1001,1008.8,.6,1.88,,8,,34.9
156,堡林,2024-07-22 12:00,30.9,,3.6,230,62,1000.6,1008.4,.6,1.88,,8,,36.7
156,堡林,2024-07-22 13:00,31.5,,4,230,58,1000.1,1007.9,.8,2.53,,6,,39.3
156,堡林,2024-07-22 14:00,31,,3.4,230,56,999.9,1007.7,.5,1.96,,8,,36.8
156,堡林,2024-07-22 15:00,31.2,,3.3,250,57,999.1,1006.9,.5,1.61,,8,,36.1
156,堡林,2024-07-22 16:00,30.8,,3.4,200,60,998.8,1006.6,.5,1.69,,8,,35
156,堡林,2024-07-22 17:00,30.3,,4.6,200,56,998.4,1006.2,0,1.11,,8,,32.7
156,堡林,2024-07-22 18:00,29.7,,4.9,200,60,998.1,1005.9,0,.7,,8,,31.3
156,堡林,2024-07-22 19:00,29.1,,3.5,200,61,998.5,1006.3,0,.35,,9,,29.7
156,堡林,2024-07-22 20:00,28.5,,3.9,230,63,998.5,1006.4,0,.09,,9,,28.3
156,堡林,2024-07-22 21:00,27.9,,2.8,200,72,998.4,1006.3,,,,9,,27.7
156,堡林,2024-07-22 22:00,27.6,,3.5,200,74,998.1,1006,,,,7,,27.2
156,堡林,2024-07-22 23:00,27.5,,3.2,200,72,998.6,1006.5,,,,7,,26.9
156,堡林,2024-07-23 00:00,27.2,,2.4,230,75,999,1006.9,,,,8,,26.6
156,堡林,2024-07-23 01:00,26.9,,2.4,200,78,999.6,1007.5,,,,8,,26.7
156,堡林,2024-07-23 02:00,26.9,,1.5,200,77,999.6,1007.5,,,,10,,26.7
156,堡林,2024-07-23 03:00,27.1,,1.4,200,75,999.8,1007.7,,,,8,,26.7
156,堡林,2024-07-23 04:00,27.2,,1.6,200,73,999.8,1007.7,,,,9,,26.8
156,堡林,2024-07-23 05:00,27.1,0,1.9,200,73,999.4,1007.3,,,,9,,26.8
156,堡林,2024-07-23 06:00,27.2,,2.3,180,73,998.8,1006.7,0,.07,,9,,26.8
156,堡林,2024-07-23 07:00,27.3,,3,200,73,998.4,1006.3,.1,.29,,9,,27.5
156,堡林,2024-07-23 08:00,27.6,,2.1,230,74,999.1,1007,0,.41,,10,,28.5
156,堡林,2024-07-23 09:00,28.2,,2.4,180,71,999.3,1007.2,0,.6,,10,,29.5
156,堡林,2024-07-23 10:00,28.3,,2.5,200,73,999.3,1007.2,0,.58,,10,,29.7
156,堡林,2024-07-23 11:00,29.1,,2.6,200,70,998.8,1006.6,0,.82,,10,,31.4
156,堡林,2024-07-23 12:00,29.3,,1.7,180,68,998.8,1006.6,0,1.06,,10,,31.9
156,堡林,2024-07-23 13:00,30.2,,2.1,230,64,998.3,1006.1,0,1.49,,9,,34.4
156,堡林,2024-07-23 14:00,30.5,,1.8,230,60,998,1005.8,0,1.38,,9,,34.4
156,堡林,2024-07-23 15:00,30.7,,2.7,250,58,997.6,1005.4,.2,1.89,,9,,34.8
156,堡林,2024-07-23 16:00,31.4,,3.8,230,49,997.4,1005.2,.8,2.3,,7,,34.9
156,堡林,2024-07-23 17:00,30.6,,2.4,250,59,997.4,1005.2,.3,1.21,,8,,32.9
156,堡林,2024-07-23 18:00,28.6,0,2.3,250,71,997.2,1005,0,.57,,9,,30.6
156,堡林,2024-07-23 19:00,28.4,0,1,250,76,997.3,1005.1,0,.14,,9,,29.7
156,堡林,2024-07-23 20:00,28.4,,3.5,230,70,996.7,1004.5,0,.1,,9,,28.3
156,堡林,2024-07-23 21:00,28.2,,2.2,200,69,997.4,1005.3,,,,9,,27.8
156,堡林,2024-07-23 22:00,28.2,,1.1,160,73,998.4,1006.3,,,,10,,28
156,堡林,2024-07-23 23:00,28.1,,.5,180,74,999,1006.9,,,,10,,28
156,堡林,2024-07-24 00:00,27.2,,1.5,180,82,997.9,1005.8,,,,9,,27.5
156,堡林,2024-07-24 01:00,27.8,,2.4,230,79,998.2,1006.1,,,,0,,27.3
156,堡林,2024-07-24 02:00,27.3,,.2,0,84,998.1,1006,,,,6,,27.1
156,堡林,2024-07-24 03:00,27.3,,2.1,200,82,997.5,1005.4,,,,9,,27.2
156,堡林,2024-07-24 04:00,27.6,,.5,250,80,997.6,1005.5,,,,8,,27.1
156,堡林,2024-07-24 05:00,27.2,,1.3,200,83,997.6,1005.5,,,,9,,27.2
156,堡林,2024-07-24 06:00,27.1,,1.5,180,82,997.4,1005.3,0,.07,,7,,27
156,堡林,2024-07-24 07:00,27.4,,1.7,200,79,997.5,1005.4,.2,.29,,7,,27.9
156,堡林,2024-07-24 08:00,28,,1.3,230,77,998,1005.9,.4,.74,,6,,29.5
156,堡林,2024-07-24 09:00,28.7,,1.5,230,72,998.3,1006.1,.5,1.15,,7,,31.7
156,堡林,2024-07-24 10:00,30.1,0,1.9,200,65,998.2,1006,.5,1.68,,4,,35.2
156,堡林,2024-07-24 11:00,31.4,,2,230,53,998,1005.8,.9,2.69,,4,,39.6
156,堡林,2024-07-24 12:00,30.7,0,3.9,230,60,997.5,1005.3,.8,2.44,,4,,38.3
156,堡林,2024-07-24 13:00,31.2,0,3,200,58,997.4,1005.2,.9,3.1,,7,,39.5
156,堡林,2024-07-24 14:00,32.6,0,2.6,250,56,997,1004.8,.6,2.27,,6,,41.3
156,堡林,2024-07-24 15:00,32.8,,3.5,230,55,996.8,1004.6,.8,2.69,,7,,40.8
156,堡林,2024-07-24 16:00,30.8,,2.7,200,61,996.7,1004.5,.2,1.1,,5,,36.2
156,堡林,2024-07-24 17:00,30.3,,1.9,180,64,996.4,1004.2,.8,1.72,,8,,34.8
156,堡林,2024-07-24 18:00,31.6,,1.8,200,55,996.9,1004.7,.7,1.21,,3,,33.6
156,堡林,2024-07-24 19:00,30.3,,2.3,230,56,997.3,1005.1,.1,.31,,6,,31
156,堡林,2024-07-24 20:00,29.2,,1.2,180,67,997.5,1005.3,0,.1,,6,,29.9
156,堡林,2024-07-24 21:00,26,4.8,.1,0,91,997.7,1005.6,,,,6,,28.7
156,堡林,2024-07-24 22:00,26.2,,.9,160,92,998.3,1006.2,,,,0,,28.2
156,堡林,2024-07-24 23:00,26.1,,.8,140,91,998.5,1006.4,,,,0,,27.8
156,堡林,2024-07-25 00:00,26.1,,1,180,91,998.4,1006.3,,,,0,,27.5
156,堡林,2024-07-25 01:00,26.1,,.2,0,91,998.6,1006.5,,,,0,,27.2
156,堡林,2024-07-25 02:00,26.4,,1.2,200,92,998.7,1006.6,,,,0,,26.9
156,堡林,2024-07-25 03:00,25.9,,.1,0,92,998.2,1006.1,,,,0,,26.7
156,堡林,2024-07-25 04:00,26.2,,.6,70,91,997.7,1005.6,,,,0,,26.5
156,堡林,2024-07-25 05:00,26,,.5,140,91,997.1,1005,,,,0,,26.2
156,堡林,2024-07-25 06:00,26.1,,1.1,50,91,997.7,1005.6,0,.07,,0,,26.2
156,堡林,2024-07-25 07:00,26.5,,.7,50,90,998,1005.9,.7,.42,,0,,26.8
156,堡林,2024-07-25 08:00,28.2,,.2,0,75,998.4,1006.3,1,1.1,,1,,31
156,堡林,2024-07-25 09:00,29.5,,2.8,200,66,998.3,1006.1,.9,1.42,,1,,33.4
156,堡林,2024-07-25 10:00,31,,2.5,200,58,998.7,1006.5,.9,2.37,,7,,38.2
156,堡林,2024-07-25 11:00,32,,2.5,180,63,998.8,1006.6,1,3.12,,6,,41.7
156,堡林,2024-07-25 12:00,32.1,,3.1,180,64,998.4,1006.2,.9,3.21,,5,,41.9
156,堡林,2024-07-25 13:00,32.2,,2.2,160,61,998.1,1005.9,.9,3.08,,6,,40
156,堡林,2024-07-25 14:00,32.2,,2.6,160,65,998.1,1005.9,.8,2.46,,8,,39.7
156,堡林,2024-07-25 15:00,32.5,,3.4,180,62,998,1005.8,.8,2.53,,7,,40.2
156,堡林,2024-07-25 16:00,31,,3.4,180,66,997.8,1005.6,.7,1.95,,7,,36.4
156,堡林,2024-07-25 17:00,32.2,,2.7,180,63,997.7,1005.5,.6,1.67,,9,,35.9
156,堡林,2024-07-25 18:00,30.7,,2.8,180,67,998.2,1006,.6,1.16,,7,,32.7
156,堡林,2024-07-25 19:00,29.8,0,3.4,200,71,998.8,1006.6,.2,.39,,3,,30.5
156,堡林,2024-07-25 20:00,29.2,0,1.8,180,74,999.7,1007.5,0,.08,,8,,29.5
156,堡林,2024-07-25 21:00,28.3,.2,.7,160,79,1000.5,1008.4,,,,3,,28.5
156,堡林,2024-07-25 22:00,28.2,,1.8,200,77,1000.6,1008.5,,,,8,,28.1
156,堡林,2024-07-25 23:00,28,,1.6,180,78,1000.4,1008.3,,,,6,,27.7
156,堡林,2024-07-26 00:00,28.5,,2.8,180,76,1000.1,1008,,,,9,,27.6
156,堡林,2024-07-26 01:00,26.8,.2,1.8,160,85,999.9,1007.8,,,,9,,27.4
156,堡林,2024-07-26 02:00,27.6,,1.5,200,80,999.6,1007.5,,,,7,,27.2
156,堡林,2024-07-26 03:00,27.3,,1,160,80,999.6,1007.5,,,,5,,26.8
156,堡林,2024-07-26 04:00,27.4,,.5,140,79,999.5,1007.4,,,,6,,27
156,堡林,2024-07-26 05:00,27.4,,2,140,79,999.8,1007.7,,,,4,,26.5
156,堡林,2024-07-26 06:00,27.5,,2.5,180,79,1000.5,1008.4,0,.06,,3,,26.4
156,堡林,2024-07-26 07:00,27.6,,1.5,160,78,1001,1008.9,.2,.25,,3,,27.1
156,堡林,2024-07-26 08:00,28.9,,3.9,180,74,1001.1,1009,.8,.97,,6,,30.5
156,堡林,2024-07-26 09:00,29.7,,3.5,180,73,1001.2,1009,1,1.61,,6,,34.1
156,堡林,2024-07-26 10:00,30.1,0,2.6,160,72,1001.3,1009.2,.9,2.22,,7,,38
156,堡林,2024-07-26 11:00,29.8,0,4.3,180,70,1001.8,1009.6,.6,2.1,,9,,35.6
156,堡林,2024-07-26 12:00,29.3,0,3,180,73,1001.8,1009.7,0,1.18,,10,,33.6
156,堡林,2024-07-26 13:00,27.7,.1,3.1,200,83,1002.1,1010,0,1,,10,,31.6
156,堡林,2024-07-26 14:00,28.1,0,3.5,180,81,1002.4,1010.3,0,.89,,10,,32
156,堡林,2024-07-26 15:00,28.9,0,3.2,180,76,1002.4,1010.3,.1,1.66,,9,,34.8
156,堡林,2024-07-26 16:00,29.3,,2.6,180,77,1002.3,1010.2,0,1.16,,9,,33.7
156,堡林,2024-07-26 17:00,28.1,.1,2,180,83,1002.2,1010.1,0,.85,,10,,31.8
156,堡林,2024-07-26 18:00,27.5,.1,3.4,200,84,1003,1010.9,0,.39,,10,,29.6
156,堡林,2024-07-26 19:00,25.9,1.3,.9,180,91,1003.6,1011.6,0,.08,,10,,28.5
156,堡林,2024-07-26 20:00,25.7,5.1,.9,110,92,1003.9,1011.9,0,.07,,10,,27.8
156,堡林,2024-07-26 21:00,25.9,.1,1.8,200,91,1004.6,1012.6,,,,10,,27.5
156,堡林,2024-07-26 22:00,26,,1.3,200,91,1005.6,1013.6,,,,10,,27.5
156,堡林,2024-07-26 23:00,26,.1,2.4,180,91,1005.8,1013.8,,,,10,,27.3
156,堡林,2024-07-27 00:00,26.3,,2.7,200,90,1005.8,1013.8,,,,10,,27.2
156,堡林,2024-07-27 01:00,26.4,,.7,70,90,1005.8,1013.8,,,,10,,27.2
156,堡林,2024-07-27 02:00,25.8,.8,1.4,180,93,1005.8,1013.8,,,,10,,27.1
156,堡林,2024-07-27 03:00,25.7,2.9,1.2,160,94,1005.8,1013.8,,,,10,,26.9
156,堡林,2024-07-27 04:00,26,.5,1.3,160,93,1005.8,1013.8,,,,10,,26.8
156,堡林,2024-07-27 05:00,26.1,,1.2,160,92,1006.3,1014.3,,,,9,,26.8
156,堡林,2024-07-27 06:00,25.9,,2,180,89,1006.6,1014.6,0,.07,,9,,26.4
156,堡林,2024-07-27 07:00,26.2,,2.1,200,88,1006.8,1014.8,0,.2,,7,,27
156,堡林,2024-07-27 08:00,27,,3.2,180,85,1007.4,1015.4,.2,.49,,9,,28.3
156,堡林,2024-07-27 09:00,28.9,,1.8,180,85,1007.4,1015.3,.5,1.17,,8,,32.7
156,堡林,2024-07-27 10:00,27.1,.2,1.4,160,88,1007.6,1015.6,.2,1.07,,10,,31.4
156,堡林,2024-07-27 11:00,27.6,.1,.9,160,89,1007.6,1015.6,0,.94,,10,,31.3
156,堡林,2024-07-27 12:00,27.1,.8,2.2,180,90,1007.6,1015.6,0,.73,,10,,30.7
156,堡林,2024-07-27 13:00,27.5,.3,2,200,91,1007.5,1015.5,0,.7,,10,,31.2
156,堡林,2024-07-27 14:00,28.2,0,2.3,200,86,1007.1,1015,.1,1.35,,10,,32.6
156,堡林,2024-07-27 15:00,30.1,2,1.9,180,81,1006.9,1014.8,.8,2.51,,8,,38.1
156,堡林,2024-07-27 16:00,30.8,,4.1,200,78,1006.7,1014.6,.8,2.18,,7,,36.1
156,堡林,2024-07-27 17:00,30.1,,2.8,200,78,1006.8,1014.7,.8,1.37,,6,,32.8
156,堡林,2024-07-27 18:00,29.6,,3.3,180,77,1006.9,1014.8,.7,.68,,6,,30.9
156,堡林,2024-07-27 19:00,29,,2.7,180,79,1007.4,1015.3,.7,.37,,6,,29.7
156,堡林,2024-07-27 20:00,28.4,,2.6,160,81,1007.9,1015.8,.1,.13,,6,,28.4
156,堡林,2024-07-27 21:00,28.3,,3.1,180,82,1008.5,1016.4,,,,0,,27.9
156,堡林,2024-07-27 22:00,27.9,,2.8,180,83,1008.6,1016.6,,,,6,,27.5
156,堡林,2024-07-27 23:00,27.9,,2.6,180,83,1009,1017,,,,4,,27.3
156,堡林,2024-07-28 00:00,27.1,,1.3,200,85,1008.8,1016.8,,,,2,,27.1
156,堡林,2024-07-28 01:00,27.6,,1.6,180,84,1008.3,1016.3,,,,1,,27.1
156,堡林,2024-07-28 02:00,27.5,,2.2,180,84,1007.8,1015.8,,,,0,,26.9
156,堡林,2024-07-28 03:00,27.5,,2.1,200,83,1007.6,1015.6,,,,3,,26.9
156,堡林,2024-07-28 04:00,27.3,,2.4,180,83,1007.3,1015.3,,,,1,,26.7
156,堡林,2024-07-28 05:00,27.1,,2.3,200,84,1007.2,1015.2,,,,3,,26.3
156,堡林,2024-07-28 06:00,26.8,,1.5,200,85,1007.7,1015.7,0,.08,,6,,26.5
156,堡林,2024-07-28 07:00,27,,1.5,180,84,1007.7,1015.7,.4,.32,,2,,26.9
156,堡林,2024-07-28 08:00,28.5,,1.9,180,78,1007.5,1015.4,1,1.18,,4,,30.4
156,堡林,2024-07-28 09:00,29.7,,4.4,200,73,1007.4,1015.3,1,1.82,,4,,34.6
156,堡林,2024-07-28 10:00,30,,4.6,200,71,1007.2,1015.1,.9,2.2,,5,,35.9
156,堡林,2024-07-28 11:00,31.8,,3.3,200,67,1006.7,1014.6,.9,2.81,,5,,40.8
156,堡林,2024-07-28 12:00,32.2,,4.7,200,62,1006.3,1014.1,1,2.98,,6,,41.3
156,堡林,2024-07-28 13:00,31.6,,3.2,200,66,1005.8,1013.7,.7,2.34,,6,,38
156,堡林,2024-07-28 14:00,31.9,,2.6,200,63,1005.5,1013.3,.6,2.13,,6,,37.9
156,堡林,2024-07-28 15:00,31.7,,3,230,65,1005.2,1013,.6,1.74,,4,,36.6
156,堡林,2024-07-28 16:00,32.9,,3.7,270,63,1005.1,1012.9,1,2.77,,4,,38.3
156,堡林,2024-07-28 17:00,31.9,,4.1,270,61,1004.9,1012.7,1,2.08,,6,,34.5
156,堡林,2024-07-28 18:00,30.8,,3.8,250,63,1005,1012.9,1,1.25,,5,,31.5
156,堡林,2024-07-28 19:00,29.6,,2.5,230,70,1005.4,1013.3,1,.47,,5,,30
156,堡林,2024-07-28 20:00,28.5,,3.2,230,77,1005.5,1013.4,.1,.1,,0,,28.7
156,堡林,2024-07-28 21:00,28,,1.6,230,80,1005.6,1013.5,,,,4,,28.1
156,堡林,2024-07-28 22:00,27.6,,2.4,230,82,1005.8,1013.7,,,,0,,27.6
156,堡林,2024-07-28 23:00,27.3,,1.7,200,82,1005.7,1013.7,,,,0,,27.3
156,堡林,2024-07-29 00:00,27.1,,2.5,200,83,1005.7,1013.7,,,,0,,26.9
156,堡林,2024-07-29 01:00,26.9,,1.8,200,82,1005.3,1013.3,,,,0,,26.6
156,堡林,2024-07-29 02:00,26.8,,2.1,200,82,1004.8,1012.8,,,,0,,26.3
156,堡林,2024-07-29 03:00,26.4,,1.3,230,83,1004.5,1012.5,,,,7,,26.2
156,堡林,2024-07-29 04:00,26.7,,1.6,200,82,1004.5,1012.5,,,,9,,26.9
156,堡林,2024-07-29 05:00,26.6,,1.3,200,83,1004.5,1012.5,,,,8,,26.8
156,堡林,2024-07-29 06:00,26.4,,1.1,200,83,1004.2,1012.2,0,.06,,7,,26.7
156,堡林,2024-07-29 07:00,26.9,,1.7,230,83,1004.3,1012.3,0,.22,,9,,27.8
156,堡林,2024-07-29 08:00,27.6,,1.9,230,83,1004.5,1012.4,.4,.66,,7,,29.6
156,堡林,2024-07-29 09:00,28.2,,1.8,230,80,1004.6,1012.5,.2,.95,,7,,31.4
156,堡林,2024-07-29 10:00,29,,2.3,230,72,1004.6,1012.5,.5,1.62,,8,,34.6
156,堡林,2024-07-29 11:00,30.5,,2,250,66,1004.4,1012.3,.8,2.33,,7,,37.8
156,堡林,2024-07-29 12:00,30.6,,2.1,270,65,1004,1011.9,.8,2.48,,6,,38.6
156,堡林,2024-07-29 13:00,32,,2.6,250,66,1003.4,1011.2,.7,2.49,,6,,40.6
156,堡林,2024-07-29 14:00,32.2,,3.5,230,63,1002.9,1010.7,.8,2.68,,5,,41.1
156,堡林,2024-07-29 15:00,31.2,,2.9,250,65,1002.1,1009.9,.6,1.98,,5,,38.5
156,堡林,2024-07-29 16:00,31,,2.3,230,66,1001.8,1009.6,.6,1.72,,6,,36
156,堡林,2024-07-29 17:00,31.3,,3.2,270,65,1001.5,1009.3,.9,1.88,,4,,34.7
156,堡林,2024-07-29 18:00,31.6,,1.9,270,65,1001.3,1009.1,1,1.39,,2,,32.7
156,堡林,2024-07-29 19:00,30,,2.3,250,68,1001.5,1009.4,1,.62,,0,,31.1
156,堡林,2024-07-29 20:00,28.6,,1.7,250,74,1001.8,1009.7,.2,.12,,0,,29
156,堡林,2024-07-29 21:00,28.1,,1.9,250,75,1002.1,1010,,,,0,,28.1
156,堡林,2024-07-29 22:00,27.5,,1.5,250,79,1002.5,1010.4,,,,0,,27.4
156,堡林,2024-07-29 23:00,26.7,,2.5,230,84,1002.4,1010.4,,,,0,,27.1
156,堡林,2024-07-30 00:00,26.6,,.9,230,83,1002.5,1010.5,,,,7,,27.5
156,堡林,2024-07-30 01:00,26.5,,1.3,250,84,1002.2,1010.2,,,,10,,27.6
156,堡林,2024-07-30 02:00,26.4,,1.8,200,84,1001.7,1009.7,,,,0,,27.5
156,堡林,2024-07-30 03:00,26.4,,.8,250,84,1001.6,1009.6,,,,8,,27.3
156,堡林,2024-07-30 04:00,26.3,,1.1,230,84,1001.5,1009.5,,,,8,,27.3
156,堡林,2024-07-30 05:00,26,,.9,230,85,1001.6,1009.6,,,,5,,26.8
156,堡林,2024-07-30 06:00,26.1,,.7,230,85,1001.8,1009.8,0,.06,,6,,26.7
156,堡林,2024-07-30 07:00,26.3,,1,250,84,1002,1010,.3,.31,,3,,27.1
156,堡林,2024-07-30 08:00,27.5,,.6,250,81,1002.2,1010.1,.4,.73,,7,,29.6
156,堡林,2024-07-30 09:00,28.2,,1.1,270,76,1002.2,1010.1,.7,1.44,,5,,32.3
156,堡林,2024-07-30 10:00,29.2,,1.6,250,71,1002,1009.9,.7,1.99,,5,,36
156,堡林,2024-07-30 11:00,30.6,,1.5,230,71,1001.9,1009.8,.7,2.43,,6,,39.5
156,堡林,2024-07-30 12:00,31.2,,1.5,270,61,1001.5,1009.3,.9,2.91,,4,,42.6
156,堡林,2024-07-30 13:00,31.7,,2.1,270,59,1001,1008.8,1,3.47,,4,,44.7
156,堡林,2024-07-30 14:00,32.8,,2,270,58,1000.6,1008.4,1,3.28,,4,,46.3
156,堡林,2024-07-30 15:00,33,,2.6,250,52,1000.4,1008.2,1,3.15,,0,,44.9
156,堡林,2024-07-30 16:00,32.7,,1.9,250,54,1000,1007.8,1,2.75,,2,,41.6
156,堡林,2024-07-30 17:00,32.3,,1.4,270,60,999.8,1007.6,.8,1.59,,2,,37.2
156,堡林,2024-07-30 18:00,31.6,,2.5,270,61,999.9,1007.7,1,1.34,,0,,34.3
156,堡林,2024-07-30 19:00,30.8,,1.4,290,63,1000.1,1007.9,1,.47,,0,,31.8
156,堡林,2024-07-30 20:00,29.5,,1.4,250,70,1000.4,1008.2,.2,.1,,0,,30.2
156,堡林,2024-07-30 21:00,28.1,,2.5,270,78,1000.8,1008.7,,,,1,,29.2
156,堡林,2024-07-30 22:00,27.7,,1.6,250,82,1001,1008.9,,,,0,,28.7
156,堡林,2024-07-30 23:00,26.9,,1.3,230,85,1001,1008.9,,,,0,,28
156,堡林,2024-07-31 00:00,26.6,,1.7,270,84,1000.9,1008.8,,,,1,,27.4
156,堡林,2024-07-31 01:00,26.2,,1.6,230,87,1000.8,1008.8,,,,0,,27.5
156,堡林,2024-07-31 02:00,26.2,,1.6,200,88,1000.7,1008.7,,,,3,,27.5
156,堡林,2024-07-31 03:00,26.4,,1.1,230,87,1000.8,1008.8,,,,9,,27.8
156,堡林,2024-07-31 04:00,26.7,,1.1,230,85,1000.7,1008.6,,,,9,,27.9
156,堡林,2024-07-31 05:00,26.5,,.5,180,86,1000.8,1008.7,,,,9,,27.8
156,堡林,2024-07-31 06:00,27.1,,.5,200,84,1001.2,1009.1,0,.06,,8,,27.9
156,堡林,2024-07-31 07:00,27.4,,.3,0,83,1001.3,1009.2,0,.22,,9,,28.8
156,堡林,2024-07-31 08:00,27.9,,.6,110,80,1001.3,1009.2,.2,.6,,9,,30.5
156,堡林,2024-07-31 09:00,28.5,,.9,200,79,1001.1,1009,.2,.9,,9,,32
156,堡林,2024-07-31 10:00,29.1,,1.7,250,79,1001.1,1009,.4,1.58,,8,,35
156,堡林,2024-07-31 11:00,30.6,,.9,200,73,1000.8,1008.6,.3,1.88,,7,,39.1
156,堡林,2024-07-31 12:00,31.7,,1.4,250,70,1000.2,1008,.6,2.2,,6,,42.1
156,堡林,2024-07-31 13:00,31.5,,1.9,250,68,999.7,1007.5,.7,2.58,,4,,42.1
156,堡林,2024-07-31 14:00,33.8,,2.4,270,64,999,1006.7,.9,3.26,,3,,47.6
156,堡林,2024-07-31 15:00,33.7,,2.5,270,59,998.6,1006.3,1,3.12,,2,,47.2
156,堡林,2024-07-31 16:00,33.5,,2.9,250,64,998.5,1006.2,1,2.79,,2,,44
156,堡林,2024-07-31 17:00,32.6,,2.9,250,61,998.4,1006.2,1,2.06,,1,,38.7
156,堡林,2024-07-31 18:00,32,,2.9,230,59,998.3,1006.1,1,1.32,,1,,35.5
156,堡林,2024-07-31 19:00,30.8,,1.7,250,65,998.8,1006.6,1,.47,,0,,33
156,堡林,2024-07-31 20:00,29.4,,2.2,230,72,998.9,1006.7,.2,.1,,0,,31.1
156,堡林,2024-07-31 21:00,28.4,,3.6,230,76,999.2,1007.1,,,,0,,30
156,堡林,2024-07-31 22:00,27.8,,.9,230,80,999.1,1007,,,,0,,29.2
156,堡林,2024-07-31 23:00,27.7,,1.3,270,81,999,1006.9,,,,0,,28.7
156,堡林,2024-08-01 00:00,27.4,,1.3,200,81,998.9,1006.8,,,,0,,28.2
156,堡林,2024-08-01 01:00,27.6,,1.5,200,80,999,1006.9,,,,0,,28.6
156,堡林,2024-08-01 02:00,27.7,,1,200,80,998.8,1006.7,,,,10,,28.7
156,堡林,2024-08-01 03:00,27.4,,.6,200,80,998.7,1006.6,,,,7,,28.6
156,堡林,2024-08-01 04:00,27.5,,.6,180,80,998.6,1006.5,,,,6,,28.5
156,堡林,2024-08-01 05:00,27.4,,1.3,200,82,998.6,1006.5,,,,7,,28.2
156,堡林,2024-08-01 06:00,27.1,,1.4,200,83,998.7,1006.6,0,.07,,3,,27.9
156,堡林,2024-08-01 07:00,27.5,,1.3,200,82,998.7,1006.6,.4,.29,,5,,28.4
156,堡林,2024-08-01 08:00,28.1,,.8,200,80,998.9,1006.8,0,.54,,9,,30.3
156,堡林,2024-08-01 09:00,29,,1.8,200,77,998.9,1006.7,0,.71,,9,,32.5
156,堡林,2024-08-01 10:00,29.5,,1.7,230,77,998.7,1006.5,.3,1.42,,9,,35.9
156,堡林,2024-08-01 11:00,31.5,,2.3,200,72,998.2,1006,.7,2.3,,5,,42.7
156,堡林,2024-08-01 12:00,30.5,,1.8,250,73,998.2,1006,.6,2.33,,6,,40.8
156,堡林,2024-08-01 13:00,31.9,,1.9,230,68,997.7,1005.5,.8,2.79,,5,,44.5
156,堡林,2024-08-01 14:00,33.4,,2.6,230,63,997.2,1004.9,.9,3.35,,4,,50.7
156,堡林,2024-08-01 15:00,33.7,,2.5,270,59,996.8,1004.5,1,3.37,,3,,50.1
156,堡林,2024-08-01 16:00,32.7,,2.5,200,62,996.3,1004.1,.9,2.55,,4,,44.2
156,堡林,2024-08-01 17:00,32.3,,3.2,200,68,995.9,1003.7,.7,1.49,,5,,40.8
156,堡林,2024-08-01 18:00,31.7,,2.6,230,71,996.1,1003.9,.5,.85,,6,,37.9
156,堡林,2024-08-01 19:00,30.7,,2.7,250,74,996.7,1004.5,.6,.45,,2,,35.1
156,堡林,2024-08-01 20:00,30.1,,1.8,230,76,996.9,1004.7,0,.09,,2,,33.3
156,堡林,2024-08-01 21:00,29.4,,1.9,230,79,997.1,1004.9,,,,2,,31.8
156,堡林,2024-08-01 22:00,29.2,,1.7,270,79,997.7,1005.5,,,,2,,31.4
156,堡林,2024-08-01 23:00,28.6,,1.4,250,81,998,1005.8,,,,2,,30.6
156,堡林,2024-08-02 00:00,28.4,,1.2,270,80,998.2,1006.1,,,,8,,30.2
156,堡林,2024-08-02 01:00,28,,1.3,270,82,998.2,1006.1,,,,0,,29.8
156,堡林,2024-08-02 02:00,27.6,,.4,0,83,997.6,1005.5,,,,0,,29.3
156,堡林,2024-08-02 03:00,27.2,,.7,140,84,997.1,1005,,,,5,,28.6
156,堡林,2024-08-02 04:00,27.8,,.5,230,83,997,1004.9,,,,6,,28.9
156,堡林,2024-08-02 05:00,27.7,,.4,0,83,997.4,1005.3,,,,7,,28.5
156,堡林,2024-08-02 06:00,27.2,,1.2,180,84,997.5,1005.4,0,.06,,1,,28.1
156,堡林,2024-08-02 07:00,27.8,,1.3,230,83,997.7,1005.6,0,.23,,8,,29.5
156,堡林,2024-08-02 08:00,28.4,,1.6,230,82,997.8,1005.7,0,.53,,5,,31.1
156,堡林,2024-08-02 09:00,28.9,,1.3,200,80,998,1005.8,0,.8,,9,,33.1
156,堡林,2024-08-02 10:00,30.3,,2.2,200,75,998.1,1005.9,.6,1.86,,4,,40.3
156,堡林,2024-08-02 11:00,31.3,,1.7,230,74,998.1,1005.9,.9,2.51,,8,,43.4
156,堡林,2024-08-02 12:00,31.1,,1.5,230,71,997.6,1005.4,.3,1.49,,9,,40.9
156,堡林,2024-08-02 13:00,31.7,,1.4,230,72,997,1004.8,.4,1.83,,8,,41.7
156,堡林,2024-08-02 14:00,33.2,0,1,250,67,996.6,1004.3,.5,1.82,,7,,44.5
156,堡林,2024-08-02 15:00,33.5,,2.1,250,67,996.5,1004.2,.4,1.77,,7,,44.1
156,堡林,2024-08-02 16:00,34.2,,1.9,270,60,996.4,1004.1,.9,2.38,,5,,43.8
156,堡林,2024-08-02 17:00,33.9,,1.2,290,63,996.3,1004,1,1.99,,4,,40.2
156,堡林,2024-08-02 18:00,33.3,,2.1,250,65,996.3,1004,1,1.12,,4,,37.7
156,堡林,2024-08-02 19:00,32.4,,2.3,270,70,996.9,1004.7,.9,.48,,3,,35.1
156,堡林,2024-08-02 20:00,31.3,,1.9,270,75,997.7,1005.5,0,.09,,2,,32.8
156,堡林,2024-08-02 21:00,30.5,,1.9,270,80,998.5,1006.3,,,,2,,31.9
156,堡林,2024-08-02 22:00,29.9,,1.8,270,82,999.2,1007.1,,,,2,,31.1
156,堡林,2024-08-02 23:00,29.3,,1,250,83,999.3,1007.1,,,,2,,30.9
156,堡林,2024-08-03 00:00,28.7,,2,230,86,999.2,1007.1,,,,7,,30.4
156,堡林,2024-08-03 01:00,28.4,,.8,230,87,999.1,1007,,,,1,,30.1
156,堡林,2024-08-03 02:00,28.2,,1,230,87,999.2,1007.1,,,,1,,30
156,堡林,2024-08-03 03:00,28,,.8,270,88,999.5,1007.4,,,,3,,29.3
156,堡林,2024-08-03 04:00,28,,.5,270,89,999.6,1007.5,,,,3,,29
156,堡林,2024-08-03 05:00,27.5,,.9,250,90,1000,1007.9,,,,3,,28.7
156,堡林,2024-08-03 06:00,27.7,,.6,270,90,1000.3,1008.2,0,.06,,3,,28.6
156,堡林,2024-08-03 07:00,27.7,,1.3,200,89,1000.3,1008.2,0,.25,,5,,29.4
156,堡林,2024-08-03 08:00,29,,.8,250,82,1000.7,1008.6,.6,.78,,3,,31.9
156,堡林,2024-08-03 09:00,29.6,,.5,360,78,1000.8,1008.6,.8,1.47,,6,,36.1
156,堡林,2024-08-03 10:00,30.6,,.6,250,75,1001,1008.8,.3,1.52,,8,,38.1
156,堡林,2024-08-03 11:00,31.2,,.8,340,72,1000.9,1008.7,.3,1.62,,6,,42.5
156,堡林,2024-08-03 12:00,32.4,,.9,270,66,1000.4,1008.2,.9,2.96,,6,,48.4
156,堡林,2024-08-03 13:00,33.7,,1,270,62,1000.1,1007.9,.9,2.92,,6,,51.7
156,堡林,2024-08-03 14:00,32.9,,1.2,360,64,999.4,1007.2,.5,1.84,,7,,44.9
156,堡林,2024-08-03 15:00,33.6,,1,360,62,999,1006.7,.4,1.53,,6,,44.8
156,堡林,2024-08-03 16:00,33.2,,1.2,360,63,998.7,1006.5,.3,1.04,,4,,40.4
156,堡林,2024-08-03 17:00,34.6,,1,290,58,998.5,1006.2,.7,1.61,,2,,40
156,堡林,2024-08-03 18:00,33.9,,.9,320,61,998.6,1006.3,1,1.27,,2,,36.9
156,堡林,2024-08-03 19:00,32.4,,.7,360,66,999.1,1006.9,.9,.36,,2,,34.5
156,堡林,2024-08-03 20:00,31.1,,1,340,73,999.7,1007.5,.2,.09,,2,,32.5
156,堡林,2024-08-03 21:00,30.5,,.7,290,74,1000.2,1008,,,,0,,31.3
156,堡林,2024-08-03 22:00,29.7,,1.1,250,77,1000.6,1008.4,,,,2,,30.4
156,堡林,2024-08-03 23:00,29.3,,.7,230,79,1000.9,1008.7,,,,2,,29.8
156,堡林,2024-08-04 00:00,29.1,,.6,250,80,1000.9,1008.8,,,,0,,29.3
156,堡林,2024-08-04 01:00,28.5,,.9,270,83,1000.6,1008.5,,,,0,,28.9
156,堡林,2024-08-04 02:00,28,,.7,270,86,1000.4,1008.3,,,,0,,28.6
156,堡林,2024-08-04 03:00,27.6,,.8,250,88,1000.3,1008.2,,,,1,,28.3
156,堡林,2024-08-04 04:00,27.4,,1.1,270,90,1000.6,1008.5,,,,4,,28.2
156,堡林,2024-08-04 05:00,27.4,,.4,0,89,1000.8,1008.7,,,,8,,28.5
156,堡林,2024-08-04 06:00,26.9,,0,0,90,1001,1008.9,0,.06,,3,,28.2
156,堡林,2024-08-04 07:00,27.4,,.1,0,88,1001.2,1009.1,0,.22,,3,,28.8
156,堡林,2024-08-04 08:00,28.9,,.6,70,82,1001.2,1009.1,.8,.93,,3,,32.5
156,堡林,2024-08-04 09:00,30.3,,.5,320,74,1001.2,1009.1,1,1.89,,1,,38.8
156,堡林,2024-08-04 10:00,30.7,,.5,340,67,1001.3,1009.1,.9,2.23,,1,,42.5
156,堡林,2024-08-04 11:00,32.9,,.6,320,62,1001.1,1008.9,.9,2.67,,1,,51
156,堡林,2024-08-04 12:00,33.2,,1.1,340,57,1000.7,1008.5,.9,2.84,,2,,52.7
156,堡林,2024-08-04 13:00,34.2,,1.5,200,57,1000.3,1008,.9,3.08,,1,,56.7
156,堡林,2024-08-04 14:00,34.6,,1.5,270,51,999.8,1007.5,1,3.22,,2,,58.1
156,堡林,2024-08-04 15:00,35,,1.7,20,53,999.1,1006.8,1,2.89,,2,,54.8
156,堡林,2024-08-04 16:00,35.3,,1.9,270,52,999,1006.7,1,2.64,,3,,48.9
156,堡林,2024-08-04 17:00,34.7,,1.5,360,56,999.1,1006.8,.9,1.97,,4,,43.8
156,堡林,2024-08-04 18:00,33.7,,1.2,320,56,998.7,1006.4,1,1.51,,6,,40.5
156,堡林,2024-08-04 19:00,32.9,,.6,360,58,999,1006.8,1,.69,,7,,37.3
156,堡林,2024-08-04 20:00,31.9,,.9,320,61,999,1006.8,.2,.13,,7,,34.1
156,堡林,2024-08-04 21:00,31.4,,1,20,64,1000.1,1007.9,,,,7,,32.5
156,堡林,2024-08-04 22:00,30.5,,1.4,180,68,1000.5,1008.3,,,,6,,31.6
156,堡林,2024-08-04 23:00,29.8,,1.4,200,77,1000.7,1008.5,,,,6,,31
156,堡林,2024-08-05 00:00,29.5,,1.1,200,79,1000.7,1008.5,,,,2,,30.6
156,堡林,2024-08-05 01:00,29.2,,1.4,230,80,1000.8,1008.6,,,,3,,30.5
156,堡林,2024-08-05 02:00,29,,1.4,200,80,1000.9,1008.8,,,,3,,30.1
156,堡林,2024-08-05 03:00,28.7,,.9,230,81,1000.6,1008.5,,,,0,,29.6
156,堡林,2024-08-05 04:00,28.4,,.7,50,83,1000.6,1008.5,,,,5,,29.4
156,堡林,2024-08-05 05:00,28.1,,.6,90,84,1000.8,1008.7,,,,1,,29.3
156,堡林,2024-08-05 06:00,27.8,,.7,90,85,1000.8,1008.7,0,.07,,0,,28.9
156,堡林,2024-08-05 07:00,28.1,,.1,0,85,1000.6,1008.5,.3,.3,,0,,30
156,堡林,2024-08-05 08:00,29.6,,.3,0,79,1000.5,1008.3,1,.89,,1,,33.5
156,堡林,2024-08-05 09:00,30.7,,1.5,230,71,1000.3,1008.1,.6,1.25,,1,,37.8
156,堡林,2024-08-05 10:00,32,,2.5,230,66,1000.3,1008.1,1,2.37,,1,,46.4
156,堡林,2024-08-05 11:00,32.3,,1.3,230,65,1000.2,1008,.8,2.37,,6,,46.4
156,堡林,2024-08-05 12:00,28.6,1.3,1.8,200,79,1000.2,1008.1,.1,.7,,6,,34.3
156,堡林,2024-08-05 13:00,27,7.1,,,91,999.7,1007.6,0,.47,,7,,32
156,堡林,2024-08-05 14:00,28.1,,,,82,999.6,1007.5,0,.67,,8,,32.1
156,堡林,2024-08-05 15:00,25,1.7,,,87,1000,1008,0,.16,,10,,28.7
156,堡林,2024-08-05 16:00,24.7,.6,,,93,1000.9,1008.8,0,.11,,10,,28.3
156,堡林,2024-08-05 17:00,25,2.5,1.7,70,93,1000.8,1008.8,0,.09,,10,,27.9
156,堡林,2024-08-05 18:00,25,.9,1.6,230,92,999.6,1007.6,0,.16,,10,,27.9
156,堡林,2024-08-05 19:00,24.8,.2,1.6,70,92,999.5,1007.4,0,.17,,9,,27.7
156,堡林,2024-08-05 20:00,24.7,,.7,110,93,1000.4,1008.3,0,.09,,8,,27.3
156,堡林,2024-08-05 21:00,24.6,,0,0,94,1001.7,1009.7,,,,3,,27.2
156,堡林,2024-08-05 22:00,24.9,,.5,50,93,1001.4,1009.4,,,,8,,27.3
156,堡林,2024-08-05 23:00,25.1,,1,90,92,1001.3,1009.3,,,,9,,27.2
156,堡林,2024-08-06 00:00,24.7,,.7,90,92,1000.5,1008.4,,,,4,,26.9
156,堡林,2024-08-06 01:00,24.6,,.9,110,92,999.4,1007.3,,,,3,,26.4
156,堡林,2024-08-06 02:00,24.4,,.4,0,93,998.8,1006.7,,,,3,,26.2
156,堡林,2024-08-06 03:00,24.5,,.8,70,92,999,1006.9,,,,3,,26
156,堡林,2024-08-06 04:00,24.3,,.9,50,94,999.6,1007.5,,,,7,,25.8
156,堡林,2024-08-06 05:00,24,,.6,90,93,1000.2,1008.2,,,,6,,25.8
156,堡林,2024-08-06 06:00,24,,.3,0,95,1000.8,1008.8,0,.06,,2,,25.7
156,堡林,2024-08-06 07:00,24.8,,.3,0,92,1001.3,1009.2,.5,.3,,4,,26.4
156,堡林,2024-08-06 08:00,26.3,,.4,0,87,1001.3,1009.3,1,.97,,2,,28.9
156,堡林,2024-08-06 09:00,28.1,,.2,0,77,1001.5,1009.4,1,1.72,,3,,32.9
156,堡林,2024-08-06 10:00,30.3,,.4,0,73,1001.4,1009.3,1,2.34,,3,,37.8
156,堡林,2024-08-06 11:00,30.8,,.8,20,66,1001.2,1009,1,2.75,,4,,38.9
156,堡林,2024-08-06 12:00,31.5,,.8,20,62,1000.6,1008.4,.9,2.95,,4,,41.8
156,堡林,2024-08-06 13:00,32.7,,1.1,320,57,1000.3,1008.1,.8,2.82,,6,,42.7
156,堡林,2024-08-06 14:00,31.4,,1.7,50,68,999.7,1007.5,.3,1.62,,7,,36.2
156,堡林,2024-08-06 15:00,32.3,,.9,340,63,999.6,1007.4,.4,1.52,,8,,36.2
156,堡林,2024-08-06 16:00,32,0,1.9,340,67,999.5,1007.3,.4,1.28,,8,,35.8
156,堡林,2024-08-06 17:00,32.1,,1,360,67,998.6,1006.4,.6,1.5,,8,,34.7
156,堡林,2024-08-06 18:00,31.5,,.7,110,68,998.3,1006.1,.9,1.09,,7,,33
156,堡林,2024-08-06 19:00,30.3,,.8,90,74,998.4,1006.2,.8,.35,,2,,31.3
156,堡林,2024-08-06 20:00,30,,1,70,77,998.5,1006.3,0,.08,,7,,30.1
156,堡林,2024-08-06 21:00,29.2,,.8,160,83,999.2,1007,,,,8,,29.8
156,堡林,2024-08-06 22:00,29.1,,1.7,200,82,999.6,1007.4,,,,2,,29.3
156,堡林,2024-08-06 23:00,28.4,,1.3,160,83,999.6,1007.5,,,,2,,28.7
156,堡林,2024-08-07 00:00,27.8,,.8,200,86,999.8,1007.7,,,,0,,28.4
156,堡林,2024-08-07 01:00,27.7,,.8,230,86,1000,1007.9,,,,5,,28
156,堡林,2024-08-07 02:00,27.4,,.2,0,86,1000.1,1008,,,,6,,27.8
156,堡林,2024-08-07 03:00,26.8,,.4,0,88,999.8,1007.7,,,,0,,27.5
156,堡林,2024-08-07 04:00,26.5,,1.1,180,87,999.6,1007.5,,,,0,,27.2
156,堡林,2024-08-07 05:00,26.7,,.2,0,89,999.8,1007.7,,,,0,,27
156,堡林,2024-08-07 06:00,26.4,,.3,0,91,1000.1,1008,0,.06,,1,,27
156,堡林,2024-08-07 07:00,27.2,,0,0,88,1000.3,1008.2,0,.25,,6,,28.4
156,堡林,2024-08-07 08:00,27.7,,.4,0,87,1000.4,1008.3,0,.43,,9,,29.5
156,堡林,2024-08-07 09:00,28.7,,.5,200,83,1000.2,1008.1,.2,.96,,8,,32.6
156,堡林,2024-08-07 10:00,29.8,,.4,0,79,1000.5,1008.3,.6,1.76,,8,,35.9
156,堡林,2024-08-07 11:00,31.8,,.7,50,67,999.8,1007.6,.9,2.8,,5,,41.7
156,堡林,2024-08-07 12:00,32.7,,1,250,63,999,1006.8,.8,2.63,,4,,42.5
156,堡林,2024-08-07 13:00,33.6,,.9,20,63,998.5,1006.2,.9,2.68,,6,,41.6
156,堡林,2024-08-07 14:00,33.6,,1.5,250,56,997.8,1005.5,.8,2.54,,7,,41
156,堡林,2024-08-07 15:00,34,,1.2,250,64,997.2,1004.9,.4,1.54,,7,,38.3
156,堡林,2024-08-07 16:00,33.7,,1.5,320,65,996.9,1004.6,.2,1.05,,8,,36.7
156,堡林,2024-08-07 17:00,33.3,,1.8,270,64,997,1004.7,.7,1.72,,8,,36
156,堡林,2024-08-07 18:00,31.7,,.8,200,63,996.8,1004.6,.5,.97,,1,,33.1
156,堡林,2024-08-07 19:00,31.6,,1.2,320,68,997,1004.8,1,.43,,2,,31.7
156,堡林,2024-08-07 20:00,30.2,,.9,340,71,997.4,1005.2,0,.08,,3,,30.2
156,堡林,2024-08-07 21:00,29.5,,.6,290,74,997.7,1005.5,,,,3,,29.4
156,堡林,2024-08-07 22:00,28.7,,1.3,270,75,998.2,1006,,,,3,,28.9
156,堡林,2024-08-07 23:00,28.5,,.2,0,76,998.4,1006.3,,,,3,,28.4
156,堡林,2024-08-08 00:00,28,,1,250,78,998.5,1006.4,,,,3,,28
156,堡林,2024-08-08 01:00,27.4,,1,200,81,998.5,1006.4,,,,3,,27.6
156,堡林,2024-08-08 02:00,27,,1.2,200,84,998.3,1006.2,,,,3,,27.3
156,堡林,2024-08-08 03:00,26.9,,.6,250,85,997.9,1005.8,,,,3,,27.1
156,堡林,2024-08-08 04:00,26.3,,0,0,87,997.8,1005.7,,,,2,,26.8
156,堡林,2024-08-08 05:00,26.4,,.7,50,87,998.1,1006,,,,2,,26.6
156,堡林,2024-08-08 06:00,25.8,,.3,0,89,998,1006,0,.06,,3,,26.4
156,堡林,2024-08-08 07:00,26.7,,.4,0,87,998.3,1006.2,.6,.3,,6,,27.5
156,堡林,2024-08-08 08:00,27.8,,.9,50,83,998.1,1006,.8,.94,,7,,30.1
156,堡林,2024-08-08 09:00,29.3,,1.1,50,75,997.9,1005.7,.7,1.42,,6,,33.9
156,堡林,2024-08-08 10:00,30.9,,.8,70,65,997.9,1005.7,1,2.27,,2,,39.1
156,堡林,2024-08-08 11:00,31.4,,.8,20,65,997.9,1005.7,1,2.88,,8,,41
156,堡林,2024-08-08 12:00,32.1,,1.4,50,62,998,1005.8,.9,2.7,,8,,42.1
156,堡林,2024-08-08 13:00,30.7,0,1.6,20,67,997.6,1005.4,.3,1.69,,9,,36.4
156,堡林,2024-08-08 14:00,28,2.1,2.7,230,83,997.3,1005.2,.2,1.12,,9,,35.7
156,堡林,2024-08-08 15:00,30,,.6,250,72,996.6,1004.4,.8,2.2,,9,,36.2
156,堡林,2024-08-08 16:00,29.7,,1.8,270,73,996.9,1004.7,.1,1.43,,9,,34.7
156,堡林,2024-08-08 17:00,29.5,,1.3,250,76,996.8,1004.6,0,.54,,9,,32.3
156,堡林,2024-08-08 18:00,29.3,0,.9,360,76,996.9,1004.7,0,.34,,9,,31.4
156,堡林,2024-08-08 19:00,28.7,,1,320,80,996.9,1004.7,0,.23,,8,,30.1
156,堡林,2024-08-08 20:00,28.2,,.6,50,81,997.2,1005.1,0,.07,,9,,29.3
156,堡林,2024-08-08 21:00,28,,.3,0,78,997.3,1005.2,,,,9,,28.8
156,堡林,2024-08-08 22:00,27.6,,1.2,70,81,997.6,1005.5,,,,9,,28.4
156,堡林,2024-08-08 23:00,26.7,,.6,90,83,997.3,1005.2,,,,7,,27.7
156,堡林,2024-08-09 00:00,27,,.9,50,81,997.4,1005.3,,,,9,,27.5
156,堡林,2024-08-09 01:00,26.7,,.6,70,84,997.1,1005,,,,8,,27.3
156,堡林,2024-08-09 02:00,26.4,,.3,0,84,997.2,1005.1,,,,8,,27
156,堡林,2024-08-09 03:00,26,,.2,0,84,997.4,1005.3,,,,7,,26.7
156,堡林,2024-08-09 04:00,25.6,,.2,0,86,997.3,1005.3,,,,2,,26.3
156,堡林,2024-08-09 05:00,25.4,,.4,0,88,997.2,1005.2,,,,2,,26.1
156,堡林,2024-08-09 06:00,25.3,,.1,0,89,997.3,1005.3,0,.06,,0,,25.9
156,堡林,2024-08-09 07:00,25.6,,.8,70,88,997.6,1005.6,.7,.32,,0,,26.5
156,堡林,2024-08-09 08:00,26.9,,1.3,70,80,997.2,1005.1,1,.99,,0,,29.2
156,堡林,2024-08-09 09:00,28.7,,.3,0,72,997.4,1005.2,1,1.73,,0,,33.7
156,堡林,2024-08-09 10:00,29.8,,1.3,90,68,997.4,1005.2,1,2.41,,0,,38.6
156,堡林,2024-08-09 11:00,31.1,,.8,360,64,997.4,1005.2,1,2.82,,3,,40.4
156,堡林,2024-08-09 12:00,32,,1.3,360,59,996.9,1004.7,1,2.97,,3,,43.9
156,堡林,2024-08-09 13:00,32.2,,.7,340,56,996.5,1004.3,.8,2.76,,4,,42.1
156,堡林,2024-08-09 14:00,32.7,,.5,160,60,995.8,1003.5,.7,2.68,,4,,40.5
156,堡林,2024-08-09 15:00,33.5,,.7,340,57,995.5,1003.2,.7,2.24,,5,,39.9
156,堡林,2024-08-09 16:00,32.7,,.8,50,59,995.2,1002.9,.6,1.72,,5,,38
156,堡林,2024-08-09 17:00,31.6,,2.5,270,63,995.1,1002.9,.1,.61,,8,,34.6
156,堡林,2024-08-09 18:00,28.1,0,1.9,180,78,995.6,1003.4,.5,.99,,8,,33.4
156,堡林,2024-08-09 19:00,28.6,,.3,0,75,995.5,1003.3,.2,.37,,5,,31.5
156,堡林,2024-08-09 20:00,28.4,,1,180,77,996.1,1003.9,0,.09,,5,,30.3
156,堡林,2024-08-09 21:00,27.3,,1.4,180,81,996.4,1004.3,,,,0,,29.3
156,堡林,2024-08-09 22:00,27.2,,.9,180,85,996.5,1004.4,,,,1,,28.7
156,堡林,2024-08-09 23:00,27.2,,.9,160,84,996.5,1004.4,,,,6,,28.3
156,堡林,2024-08-10 00:00,27.3,,1.2,180,84,996.7,1004.6,,,,8,,28.3
156,堡林,2024-08-10 01:00,27,,.4,0,84,996.5,1004.4,,,,5,,28.2
156,堡林,2024-08-10 02:00,26.4,,.5,140,86,996.5,1004.4,,,,1,,27.8
156,堡林,2024-08-10 03:00,26.3,,.4,0,86,996.3,1004.2,,,,0,,27.2
156,堡林,2024-08-10 04:00,26,,.4,0,88,996,1003.9,,,,0,,26.9
156,堡林,2024-08-10 05:00,25.8,,.4,0,89,996.2,1004.1,,,,5,,26.7
156,堡林,2024-08-10 06:00,25.9,,.6,90,88,996.4,1004.3,0,.06,,2,,26.5
156,堡林,2024-08-10 07:00,26.2,,0,0,87,996.7,1004.6,.5,.32,,1,,27.2
156,堡林,2024-08-10 08:00,27.8,,.4,0,79,996.9,1004.8,1,.95,,0,,29.6
156,堡林,2024-08-10 09:00,29.4,,.6,110,71,996.9,1004.7,1,1.69,,0,,34
156,堡林,2024-08-10 10:00,29.5,,.3,0,76,996.4,1004.2,.6,1.62,,2,,34
156,堡林,2024-08-10 11:00,31.6,,1,200,64,996.3,1004.1,.8,2.58,,5,,40.9
156,堡林,2024-08-10 12:00,31.4,,1.3,290,65,996.1,1003.9,.2,1.21,,6,,37.2
156,堡林,2024-08-10 13:00,34.1,,1.1,250,53,995.5,1003.2,1,3.5,,6,,48.6
156,堡林,2024-08-10 14:00,32.4,,1.3,90,63,995.1,1002.9,.4,1.93,,6,,41.4
156,堡林,2024-08-10 15:00,32.4,,1.2,290,61,994.9,1002.6,0,.77,,7,,36.7
156,堡林,2024-08-10 16:00,32.3,,1.1,140,62,994.7,1002.5,.1,.87,,6,,36.4
156,堡林,2024-08-10 17:00,32.2,,2.9,200,63,994.4,1002.2,.8,1.37,,7,,35.9
156,堡林,2024-08-10 18:00,27.1,4,4,200,89,995,1002.9,.3,.53,,9,,31.1
156,堡林,2024-08-10 19:00,26.4,12.3,1.2,140,90,995.3,1003.2,0,.11,,8,,29
156,堡林,2024-08-10 20:00,26.8,0,.8,50,91,995.7,1003.6,0,.07,,9,,29.3
156,堡林,2024-08-10 21:00,26.3,,1.4,70,90,996.4,1004.3,,,,9,,28.9
156,堡林,2024-08-10 22:00,26.2,,1.2,50,91,996.5,1004.4,,,,8,,28.7
156,堡林,2024-08-10 23:00,26.7,,.7,70,91,996.5,1004.4,,,,7,,28.4
156,堡林,2024-08-11 00:00,26.1,,.9,70,91,996.3,1004.2,,,,5,,28
156,堡林,2024-08-11 01:00,25.7,,.7,70,91,996,1003.9,,,,6,,27.5
156,堡林,2024-08-11 02:00,25.6,,.8,90,93,995.7,1003.6,,,,2,,27.2
156,堡林,2024-08-11 03:00,25.5,,.5,70,92,995.3,1003.2,,,,4,,26.8
156,堡林,2024-08-11 04:00,24.9,,.2,0,92,995,1003,,,,0,,26.4
156,堡林,2024-08-11 05:00,25,,.9,50,90,995,1003,,,,0,,26.1
156,堡林,2024-08-11 06:00,24.6,,0,0,92,995.5,1003.4,0,.06,,2,,25.9
156,堡林,2024-08-11 07:00,25.6,,.6,340,89,996.2,1004.1,.6,.31,,0,,26.5
156,堡林,2024-08-11 08:00,26.8,,.7,140,83,996.6,1004.5,1,.97,,0,,28.9
156,堡林,2024-08-11 09:00,28.6,,.4,0,74,996.6,1004.4,1,1.74,,0,,33.1
156,堡林,2024-08-11 10:00,30.2,,1.1,180,66,996.4,1004.2,1,2.44,,5,,37.9
156,堡林,2024-08-11 11:00,30.8,,1.7,160,62,996.2,1004,1,2.96,,0,,39.9
156,堡林,2024-08-11 12:00,31.7,,2,160,60,995.6,1003.4,1,3.42,,0,,41.9
156,堡林,2024-08-11 13:00,31.3,,1.7,200,59,995.2,1003,.8,2.79,,3,,38.4
156,堡林,2024-08-11 14:00,33.2,,1.9,180,55,995,1002.7,1,3.3,,3,,41.9
156,堡林,2024-08-11 15:00,31.9,,2.6,200,57,994.7,1002.5,.7,2.41,,7,,37.6
156,堡林,2024-08-11 16:00,33.1,,1.1,180,60,994.6,1002.3,.4,1.44,,7,,36.3
156,堡林,2024-08-11 17:00,31.6,,1.8,180,62,994.5,1002.3,.7,1.21,,5,,34.1
156,堡林,2024-08-11 18:00,32,,2.2,200,60,994.3,1002.1,.7,.7,,2,,32.3
156,堡林,2024-08-11 19:00,31,,2.4,180,64,994.4,1002.2,.9,.32,,2,,30.7
156,堡林,2024-08-11 20:00,29.8,,2.6,230,69,995.1,1002.9,0,.07,,2,,29.5
156,堡林,2024-08-11 21:00,29,,1.8,200,70,995.8,1003.6,,,,0,,28.8
156,堡林,2024-08-11 22:00,28.4,,1.4,230,72,995.9,1003.7,,,,2,,28.4
156,堡林,2024-08-11 23:00,28.1,,.9,200,73,995.9,1003.7,,,,2,,27.9
156,堡林,2024-08-12 00:00,27.4,,1.9,200,75,996.1,1004,,,,2,,27.6
156,堡林,2024-08-12 01:00,27.1,,1.3,200,75,995.9,1003.8,,,,4,,27.2
156,堡林,2024-08-12 02:00,26.3,,.9,160,79,995.9,1003.8,,,,0,,26.8
156,堡林,2024-08-12 03:00,26.8,,.5,70,79,996.1,1004,,,,3,,26.7
156,堡林,2024-08-12 04:00,25.6,,.8,70,81,996.5,1004.4,,,,0,,26.4
156,堡林,2024-08-12 05:00,25.3,,.2,0,83,996.4,1004.4,,,,0,,26.1
156,堡林,2024-08-12 06:00,25.6,,1,70,82,996.8,1004.7,0,.06,,0,,26.1
156,堡林,2024-08-12 07:00,25.6,,.6,90,84,997,1004.9,.5,.33,,3,,26.9
156,堡林,2024-08-12 08:00,27.5,,.5,70,77,997.4,1005.3,1,.98,,3,,29
156,堡林,2024-08-12 09:00,28.8,,.6,140,72,997.3,1005.1,1,1.64,,1,,33
156,堡林,2024-08-12 10:00,30.4,,1,70,68,997.4,1005.2,1,2.36,,2,,37.5
156,堡林,2024-08-12 11:00,32.1,,.6,230,65,997.1,1004.9,.9,2.69,,4,,40.2
156,堡林,2024-08-12 12:00,32.4,,.9,70,63,996.8,1004.6,.7,2.34,,4,,40.1
156,堡林,2024-08-12 13:00,33.4,,1,50,55,996.5,1004.2,.9,3.17,,5,,42.9
156,堡林,2024-08-12 14:00,33.6,,.8,140,57,996.2,1003.9,.5,2.13,,4,,38.9
156,堡林,2024-08-12 15:00,33,,.8,70,52,995.9,1003.6,.8,2.33,,5,,37.2
156,堡林,2024-08-12 16:00,32.8,,1.4,200,62,995.8,1003.5,.7,1.7,,5,,35.5
156,堡林,2024-08-12 17:00,34.2,,1.5,250,53,995.7,1003.4,.6,1.29,,6,,35.1
156,堡林,2024-08-12 18:00,32.4,,2.2,200,61,995.8,1003.6,.4,.6,,5,,32.6
156,堡林,2024-08-12 19:00,31,,2.8,200,65,996.6,1004.4,0,.17,,3,,31
156,堡林,2024-08-12 20:00,30.3,,3.4,200,68,997.5,1005.3,0,.06,,4,,30.1
156,堡林,2024-08-12 21:00,29.3,,1.8,230,73,998.1,1005.9,,,,1,,29.3
156,堡林,2024-08-12 22:00,29,,1.2,230,75,998.7,1006.5,,,,1,,29.1
156,堡林,2024-08-12 23:00,28.4,,1.5,230,77,998.8,1006.7,,,,1,,28.5
156,堡林,2024-08-13 00:00,27.9,,1.4,230,80,999,1006.9,,,,2,,28.1
156,堡林,2024-08-13 01:00,27.5,,1.1,230,82,999,1006.9,,,,1,,27.8
156,堡林,2024-08-13 02:00,27,,.7,230,82,999.2,1007.1,,,,0,,27.6
156,堡林,2024-08-13 03:00,27.5,,.7,230,79,999.5,1007.4,,,,0,,27.4
156,堡林,2024-08-13 04:00,27.4,,.4,0,80,999.6,1007.5,,,,6,,27.5
156,堡林,2024-08-13 05:00,27,,.8,270,80,999.8,1007.7,,,,4,,27.6
156,堡林,2024-08-13 06:00,27.1,,.8,270,80,1000.3,1008.2,0,.06,,6,,27.6
156,堡林,2024-08-13 07:00,27.2,,.4,0,79,1000.6,1008.5,0,.15,,7,,28
156,堡林,2024-08-13 08:00,27.8,,.4,0,78,1001,1008.9,.1,.44,,7,,29.4
156,堡林,2024-08-13 09:00,28.4,,.5,200,76,1001.1,1009,.2,.83,,8,,30.5
156,堡林,2024-08-13 10:00,28.8,,.4,0,75,1001,1008.9,.1,1.04,,8,,31.5
156,堡林,2024-08-13 11:00,30.8,,1,70,71,1000.4,1008.2,.7,2.05,,8,,36.6
156,堡林,2024-08-13 12:00,32.1,,1.4,90,64,1000,1007.8,1,3.35,,7,,41.5
156,堡林,2024-08-13 13:00,32.8,,1,90,62,999.4,1007.2,.9,3.12,,6,,42.3
156,堡林,2024-08-13 14:00,33.8,,1.7,70,53,999.1,1006.8,1,3.15,,3,,43
156,堡林,2024-08-13 15:00,34.7,,.8,20,49,998.7,1006.4,1,3.07,,3,,42.4
156,堡林,2024-08-13 16:00,34.7,,1.2,70,47,998.5,1006.2,1,2.45,,2,,39.2
156,堡林,2024-08-13 17:00,32.5,,1.6,200,64,998.3,1006.1,.5,1.2,,2,,36.1
156,堡林,2024-08-13 18:00,30.7,,3,270,74,998.6,1006.4,0,.21,,5,,33.6
156,堡林,2024-08-13 19:00,28.5,.5,2.3,250,82,999.3,1007.2,0,.15,,7,,31.5
156,堡林,2024-08-13 20:00,28.4,0,1.2,230,84,999.8,1007.7,0,.07,,7,,30.4
156,堡林,2024-08-13 21:00,27.4,,2.8,230,85,1000.5,1008.4,,,,5,,29.4
156,堡林,2024-08-13 22:00,27.5,,1.6,230,82,1000.9,1008.8,,,,1,,29
156,堡林,2024-08-13 23:00,27.2,,1.8,230,80,1001,1008.9,,,,3,,28.3
156,堡林,2024-08-14 00:00,27,,1.9,200,80,1000.9,1008.8,,,,2,,27.8
156,堡林,2024-08-14 01:00,26.8,,1.2,200,80,1001.1,1009,,,,2,,27.4
156,堡林,2024-08-14 02:00,26.9,,.8,230,78,1001,1008.9,,,,6,,27.7
156,堡林,2024-08-14 03:00,26.5,,1.2,200,80,1000.7,1008.6,,,,0,,27
156,堡林,2024-08-14 04:00,26.1,,.5,160,82,1000.7,1008.7,,,,0,,26.6
156,堡林,2024-08-14 05:00,25.8,,.5,110,83,1000.6,1008.6,,,,0,,26.4
156,堡林,2024-08-14 06:00,25.6,,0,0,86,1000.9,1008.9,0,.06,,0,,26.2
156,堡林,2024-08-14 07:00,25.7,,.4,0,86,1001,1009,.5,.28,,0,,27
156,堡林,2024-08-14 08:00,27.2,,.4,0,78,1001.1,1009,1,.96,,0,,28.7
156,堡林,2024-08-14 09:00,28.4,,.9,50,73,1001,1008.9,1,1.73,,1,,33
156,堡林,2024-08-14 10:00,29.2,,.8,90,68,1001.1,1009,1,2.31,,3,,36.5
156,堡林,2024-08-14 11:00,31.7,,.9,70,61,1000.6,1008.4,1,3.05,,3,,42.1
156,堡林,2024-08-14 12:00,32.1,,1,90,54,1000.2,1008,1,3.51,,4,,45.2
156,堡林,2024-08-14 13:00,32.9,,.9,140,52,999.7,1007.5,1,3.23,,4,,46.5
156,堡林,2024-08-14 14:00,33.5,,.8,290,59,999.3,1007.1,.6,2.25,,4,,43.4
156,堡林,2024-08-14 15:00,33.7,,1.1,340,51,999,1006.7,.6,2.11,,5,,42.3
156,堡林,2024-08-14 16:00,32.5,,.9,320,52,998.9,1006.7,.4,1.05,,4,,36.8
156,堡林,2024-08-14 17:00,32.5,,.8,320,55,998.6,1006.4,.3,.88,,5,,35.4
156,堡林,2024-08-14 18:00,31.4,,2.6,230,56,998.4,1006.2,.1,.47,,7,,34
156,堡林,2024-08-14 19:00,30.9,,1.7,230,57,998.7,1006.5,.1,.23,,3,,31.7
156,堡林,2024-08-14 20:00,29.6,,1.8,230,71,999.1,1006.9,0,.06,,3,,30.6
156,堡林,2024-08-14 21:00,28.9,,1.5,230,80,1000,1007.9,,,,1,,29.9
156,堡林,2024-08-14 22:00,28.1,,2.2,200,82,1000.5,1008.4,,,,3,,29.3
156,堡林,2024-08-14 23:00,28,,.7,200,82,1000.8,1008.7,,,,6,,29.3
156,堡林,2024-08-15 00:00,26.5,0,1.1,70,81,1000.9,1008.8,,,,9,,28.9
156,堡林,2024-08-15 01:00,25.4,.1,.6,160,87,1000.7,1008.7,,,,9,,28.2
156,堡林,2024-08-15 02:00,25.6,,1,160,82,1000.6,1008.6,,,,10,,27.8
156,堡林,2024-08-15 03:00,24.8,1,.7,250,90,1000.5,1008.4,,,,10,,27.4
156,堡林,2024-08-15 04:00,24.8,,1,90,90,1000.5,1008.4,,,,10,,27.3
156,堡林,2024-08-15 05:00,23.9,.5,.9,50,87,1000.2,1008.2,,,,10,,26.9
156,堡林,2024-08-15 06:00,23.9,0,1.9,70,90,1000.2,1008.2,0,.06,,8,,26.5
156,堡林,2024-08-15 07:00,24.8,,.8,90,88,1000.5,1008.4,.5,.38,,6,,27.3
156,堡林,2024-08-15 08:00,26,,.9,70,82,1001,1009,1,.98,,1,,28.5
156,堡林,2024-08-15 09:00,28.2,,.9,70,73,1000.8,1008.7,1,1.7,,0,,32.9
156,堡林,2024-08-15 10:00,29.7,,.8,90,66,1001,1008.8,1,2.37,,0,,37.6
156,堡林,2024-08-15 11:00,30.9,,.6,160,62,1000.8,1008.6,1,2.93,,5,,39.5
156,堡林,2024-08-15 12:00,30.7,,.8,270,63,1000.3,1008.1,.7,2.73,,8,,38.1
156,堡林,2024-08-15 13:00,31.7,,.7,50,60,999.5,1007.3,.3,1.74,,3,,40.1
156,堡林,2024-08-15 14:00,31.8,,1.1,20,58,998.8,1006.6,.7,2.05,,6,,39.3
156,堡林,2024-08-15 15:00,33.7,,.8,70,56,998.4,1006.1,.5,1.84,,3,,39.6
156,堡林,2024-08-15 16:00,31,,1.8,200,65,998.3,1006.1,.2,.92,,8,,34.8
156,堡林,2024-08-15 17:00,27.7,0,2.7,230,78,999.2,1007.1,0,.16,,6,,31.5
156,堡林,2024-08-15 18:00,26.6,,1,270,80,999.4,1007.3,0,.24,,7,,30.3
156,堡林,2024-08-15 19:00,26.6,,.8,230,77,999.4,1007.3,0,.15,,5,,29.3
156,堡林,2024-08-15 20:00,26.9,,.5,320,76,999.9,1007.8,0,.06,,3,,28.6
156,堡林,2024-08-15 21:00,26.3,,.9,230,81,1000.4,1008.4,,,,8,,28.4
156,堡林,2024-08-15 22:00,25.9,,.7,200,83,1000.6,1008.6,,,,7,,27.9
156,堡林,2024-08-15 23:00,26.1,,.3,0,82,1000.4,1008.4,,,,6,,27.4
156,堡林,2024-08-16 00:00,25.7,,1.2,50,85,1000.9,1008.9,,,,9,,27.3
156,堡林,2024-08-16 01:00,25.6,,.4,0,86,1000.7,1008.7,,,,8,,27.4
156,堡林,2024-08-16 02:00,25.9,,.4,0,85,1000.6,1008.6,,,,7,,27.1
156,堡林,2024-08-16 03:00,25.5,,.7,70,87,1000.6,1008.6,,,,7,,27
156,堡林,2024-08-16 04:00,25.6,,.6,50,87,1000.9,1008.9,,,,8,,27.1
156,堡林,2024-08-16 05:00,25.3,,.1,0,87,1001,1009,,,,7,,27.2
156,堡林,2024-08-16 06:00,25.4,,.8,70,87,1000.7,1008.7,0,.06,,8,,26.8
156,堡林,2024-08-16 07:00,25.9,,.8,50,86,1000.9,1008.9,.5,.29,,7,,27.1
156,堡林,2024-08-16 08:00,27,,.5,50,80,1001.5,1009.4,1,.94,,4,,28.8
156,堡林,2024-08-16 09:00,28,,1.1,110,76,1001.5,1009.4,1,1.47,,2,,31.6
156,堡林,2024-08-16 10:00,29.5,,.4,0,69,1001.3,1009.1,1,2.05,,4,,37.9
156,堡林,2024-08-16 11:00,31.8,,1.2,70,62,1001.2,1009,1,2.86,,6,,44.9
156,堡林,2024-08-16 12:00,30.8,,1.2,70,65,1000.7,1008.5,.6,1.93,,7,,41.8
156,堡林,2024-08-16 13:00,32.4,,1.3,50,62,1000.2,1008,.9,2.99,,6,,45.5
156,堡林,2024-08-16 14:00,33,,1.1,110,55,999.8,1007.6,1,3.16,,4,,48.2
156,堡林,2024-08-16 15:00,31.5,,.8,290,60,999.8,1007.6,.3,1.45,,8,,38.9
156,堡林,2024-08-16 16:00,23.8,26.6,2.3,250,93,1001.1,1009.1,0,.12,,10,,26.8
156,堡林,2024-08-16 17:00,24.3,3.2,.6,200,93,1001.3,1009.3,0,.21,,9,,28.3
156,堡林,2024-08-16 18:00,24.6,,1.1,110,90,1001.2,1009.1,0,.33,,8,,28.5
156,堡林,2024-08-16 19:00,24.3,,.6,110,93,1000.9,1008.9,0,.14,,9,,27.8
156,堡林,2024-08-16 20:00,24.9,,1.1,70,90,1001.3,1009.3,0,.07,,9,,27.4
156,堡林,2024-08-16 21:00,24.6,,.9,50,91,1002.3,1010.3,,,,9,,27.1
156,堡林,2024-08-16 22:00,24.2,,.6,110,93,1002.6,1010.6,,,,10,,26.9
156,堡林,2024-08-16 23:00,24.2,,.5,50,92,1002.8,1010.8,,,,7,,26.6
156,堡林,2024-08-17 00:00,24.4,,1.1,90,92,1003,1011,,,,9,,26.4
156,堡林,2024-08-17 01:00,24.4,,.4,0,93,1002.9,1010.9,,,,7,,26.2
156,堡林,2024-08-17 02:00,24.5,,.7,90,93,1002.9,1010.9,,,,4,,26
156,堡林,2024-08-17 03:00,23.9,,.6,110,94,1002.6,1010.6,,,,3,,25.8
156,堡林,2024-08-17 04:00,24,,1.1,50,92,1002.9,1010.9,,,,7,,25.8
156,堡林,2024-08-17 05:00,24,,.6,90,92,1003,1011,,,,7,,25.8
156,堡林,2024-08-17 06:00,23.8,,.3,0,94,1003.3,1011.3,0,.06,,2,,25.5
156,堡林,2024-08-17 07:00,24.2,,.7,70,91,1003.5,1011.5,0,.2,,5,,26.2
156,堡林,2024-08-17 08:00,25.3,,.1,0,89,1003.8,1011.8,.2,.58,,2,,27.7
156,堡林,2024-08-17 09:00,27.4,,.7,70,79,1003.8,1011.7,1,1.66,,1,,32.1
156,堡林,2024-08-17 10:00,29.3,,.3,0,69,1003.6,1011.5,1,2.33,,0,,37.1
156,堡林,2024-08-17 11:00,30.7,,.6,160,65,1003.4,1011.3,1,2.89,,2,,40.2
156,堡林,2024-08-17 12:00,30.6,,.5,360,64,1002.7,1010.6,.7,2.39,,3,,38.2
156,堡林,2024-08-17 13:00,30.4,,.6,250,69,1002.2,1010.1,.5,2.18,,6,,35.7
156,堡林,2024-08-17 14:00,30.9,0,.8,320,64,1002,1009.8,.5,1.71,,8,,34.8
156,堡林,2024-08-17 15:00,29.3,0,1.2,250,74,1001.7,1009.6,0,.37,,9,,32.2
156,堡林,2024-08-17 16:00,27.9,0,2.2,250,79,1002.1,1010,0,.47,,9,,31.1
156,堡林,2024-08-17 17:00,25.2,2.8,1.8,70,90,1003,1011,0,.27,,9,,28.9
156,堡林,2024-08-17 18:00,24.6,.8,.8,70,90,1002.4,1010.4,0,.1,,9,,28.1
156,堡林,2024-08-17 19:00,24,,.1,0,94,1002.5,1010.5,0,.11,,9,,27.7
156,堡林,2024-08-17 20:00,24.2,,1.1,90,92,1002.7,1010.7,0,.06,,6,,26.9
156,堡林,2024-08-17 21:00,24.1,,.6,50,92,1003.6,1011.6,,,,5,,26.5
156,堡林,2024-08-17 22:00,23.8,,.9,70,93,1004,1012,,,,6,,26.2
156,堡林,2024-08-17 23:00,23.6,,0,0,93,1003.9,1011.9,,,,6,,25.9
156,堡林,2024-08-18 00:00,23.6,,1.1,70,93,1003.7,1011.7,,,,7,,25.8
156,堡林,2024-08-18 01:00,23.8,,.4,0,93,1003.8,1011.8,,,,10,,25.8
156,堡林,2024-08-18 02:00,23.8,,.4,0,92,1003.6,1011.6,,,,9,,26.1
156,堡林,2024-08-18 03:00,23.5,,1,70,92,1003.2,1011.2,,,,6,,25.7
156,堡林,2024-08-18 04:00,23.4,,1.1,70,92,1002.9,1010.9,,,,5,,25.2
156,堡林,2024-08-18 05:00,23.3,,.4,0,93,1002.7,1010.7,,,,3,,25
156,堡林,2024-08-18 06:00,23,,.4,0,93,1003.1,1011.1,0,.06,,2,,24.9
156,堡林,2024-08-18 07:00,23.6,,.4,0,92,1003.2,1011.2,.5,.26,,1,,25.4
156,堡林,2024-08-18 08:00,25.4,,.5,50,86,1003.1,1011.1,1,.92,,0,,26.8
156,堡林,2024-08-18 09:00,27.3,,.9,250,80,1003.1,1011,1,1.66,,0,,31.5
156,堡林,2024-08-18 10:00,28.6,,.4,0,73,1003.1,1011,1,2.34,,0,,36.8
156,堡林,2024-08-18 11:00,30.6,,.7,160,71,1002.6,1010.5,1,2.98,,5,,40.1
156,堡林,2024-08-18 12:00,30.4,,.9,270,67,1002.3,1010.2,.6,2.25,,6,,37.9
156,堡林,2024-08-18 13:00,30.4,,.5,270,69,1001.7,1009.6,.3,1.22,,7,,35
156,堡林,2024-08-18 14:00,31.5,,.4,0,64,1001,1008.8,.2,1.13,,7,,35.2
156,堡林,2024-08-18 15:00,30.3,,.5,290,70,1000.5,1008.4,.1,.82,,7,,32.6
156,堡林,2024-08-18 16:00,29.6,,1.7,180,69,1000.1,1007.9,.1,.58,,7,,31.2
156,堡林,2024-08-18 17:00,28.4,,.5,230,75,1000.4,1008.3,0,.35,,9,,30.3
156,堡林,2024-08-18 18:00,28.9,,.6,20,72,1000.5,1008.4,0,.36,,9,,30.3
156,堡林,2024-08-18 19:00,28.3,,.6,230,79,1000.9,1008.8,0,.34,,8,,29.6
156,堡林,2024-08-18 20:00,28.4,0,.6,250,80,1001.4,1009.3,0,.07,,9,,29.1
156,堡林,2024-08-18 21:00,27.5,0,1.6,230,84,1001.7,1009.6,,,,8,,28.5
156,堡林,2024-08-18 22:00,27.5,,1.4,230,83,1002.2,1010.1,,,,8,,28
156,堡林,2024-08-18 23:00,27.5,,1.8,200,81,1002.2,1010.1,,,,10,,27.9
156,堡林,2024-08-19 00:00,26.8,0,.6,230,80,1002.3,1010.2,,,,8,,27.6
156,堡林,2024-08-19 01:00,26.2,0,.2,0,84,1001.6,1009.6,,,,8,,27.3
156,堡林,2024-08-19 02:00,26.6,,.2,0,83,1001.3,1009.2,,,,7,,27
156,堡林,2024-08-19 03:00,26,,.8,50,83,1001.2,1009.2,,,,6,,26.6
156,堡林,2024-08-19 04:00,25.6,,.7,90,85,1001.1,1009.1,,,,3,,26.3
156,堡林,2024-08-19 05:00,25.2,,1,50,86,1000.6,1008.6,,,,1,,26.1
156,堡林,2024-08-19 06:00,24.7,,.1,0,88,1000.7,1008.6,0,.05,,0,,25.8
156,堡林,2024-08-19 07:00,25.3,,.8,50,86,1000.7,1008.7,.5,.28,,0,,26
156,堡林,2024-08-19 08:00,27.1,,.5,340,80,1001.1,1009,1,.94,,0,,27.3
156,堡林,2024-08-19 09:00,28.7,,.4,0,70,1001.3,1009.2,1,1.69,,0,,31.9
156,堡林,2024-08-19 10:00,30,,.6,230,66,1001.2,1009.1,1,2.29,,0,,36.2
156,堡林,2024-08-19 11:00,30.8,,2.3,200,62,1000.9,1008.7,1,2.77,,0,,40.2
156,堡林,2024-08-19 12:00,32.2,,1.9,180,64,1000.5,1008.3,1,3.1,,2,,41.8
156,堡林,2024-08-19 13:00,32.8,,3.1,200,56,1000.2,1008,1,3.46,,1,,42.6
156,堡林,2024-08-19 14:00,32.8,,3.1,200,58,999.9,1007.7,1,3.3,,1,,41.8
156,堡林,2024-08-19 15:00,32.2,,1.9,180,59,999.6,1007.4,.4,1.65,,3,,37
156,堡林,2024-08-19 16:00,32.7,,2.1,180,58,998.9,1006.7,1,2.34,,0,,36
156,堡林,2024-08-19 17:00,32.4,,1,180,62,998.7,1006.5,.9,1.46,,1,,33.9
156,堡林,2024-08-19 18:00,31.5,,1.8,180,63,998.8,1006.6,.5,.69,,1,,32
156,堡林,2024-08-19 19:00,30.4,,.6,140,67,999.2,1007,0,.21,,6,,30.6
156,堡林,2024-08-19 20:00,29.8,,.7,140,71,999.8,1007.6,0,.06,,6,,29.6
156,堡林,2024-08-19 21:00,29.6,,1,110,73,1000.5,1008.3,,,,2,,29.1
156,堡林,2024-08-19 22:00,28.7,,.8,160,76,1000.8,1008.7,,,,2,,28.6
156,堡林,2024-08-19 23:00,28.3,,.2,0,77,1001.1,1009,,,,3,,28.3
156,堡林,2024-08-20 00:00,28.7,,.5,70,75,1001.4,1009.3,,,,7,,28.5
156,堡林,2024-08-20 01:00,28,,.4,0,80,1001.3,1009.2,,,,7,,28
156,堡林,2024-08-20 02:00,27.3,,.2,0,82,1001.1,1009,,,,5,,27.7
156,堡林,2024-08-20 03:00,27.4,,.8,90,82,1001.4,1009.3,,,,7,,27.7
156,堡林,2024-08-20 04:00,27.4,,.4,0,82,1001.3,1009.2,,,,7,,27.8
156,堡林,2024-08-20 05:00,26.9,,.4,0,82,1000.4,1008.3,,,,0,,27.2
156,堡林,2024-08-20 06:00,26.6,,.3,0,84,1000.7,1008.6,0,.06,,0,,26.9
156,堡林,2024-08-20 07:00,27,,.8,90,84,1000.9,1008.8,.5,.25,,3,,27.5
156,堡林,2024-08-20 08:00,28.2,,.4,0,80,1001.5,1009.4,.1,.44,,9,,29.2
156,堡林,2024-08-20 09:00,29.8,,.4,0,72,1001.5,1009.3,.5,1.28,,1,,33.6
156,堡林,2024-08-20 10:00,31.8,,1.6,90,68,1001.4,1009.2,.9,2.15,,1,,38.1
156,堡林,2024-08-20 11:00,31.1,,3.8,200,68,1001.4,1009.2,.7,2.23,,8,,36.8
156,堡林,2024-08-20 12:00,32,,2.4,180,67,1001.2,1009,.8,2.64,,4,,40.6
156,堡林,2024-08-20 13:00,31,0,3.3,140,72,1001,1008.8,.7,2.47,,10,,38.2
156,堡林,2024-08-20 14:00,31.8,0,2.5,160,71,1000.9,1008.7,1,3.01,,5,,41.2
156,堡林,2024-08-20 15:00,31.7,,1.8,180,70,1000.1,1007.9,.8,2.35,,9,,38.5
156,堡林,2024-08-20 16:00,28.8,1.9,2,180,86,999.6,1007.5,.5,1.53,,8,,34.8
156,堡林,2024-08-20 17:00,30.2,,1.5,110,81,999,1006.8,.6,1.29,,8,,34
156,堡林,2024-08-20 18:00,30.1,,1.9,160,78,999.5,1007.3,.6,.77,,8,,32.6
156,堡林,2024-08-20 19:00,29.4,0,2.7,160,78,998.8,1006.6,.5,.36,,6,,30.9
156,堡林,2024-08-20 20:00,27.1,4.6,1.6,200,89,999.3,1007.2,0,.06,,10,,29.2
156,堡林,2024-08-20 21:00,27.4,10.6,,,92,1000.1,1008,,,,10,,29
156,堡林,2024-08-20 22:00,27.2,.1,,,89,1000.5,1008.4,,,,10,,28.8
156,堡林,2024-08-20 23:00,26.7,6.5,,,92,1001.1,1009,,,,10,,28
156,堡林,2024-08-21 00:00,26.9,1.2,,,92,1000.2,1008.1,,,,10,,28.1
156,堡林,2024-08-21 01:00,27.1,,2.9,180,90,1000.6,1008.5,,,,10,,28.2
156,堡林,2024-08-21 02:00,27,.1,2.4,180,91,1001,1008.9,,,,10,,28.3
156,堡林,2024-08-21 03:00,26.5,15.8,1.1,200,95,1001.1,1009,,,,10,,27.7
156,堡林,2024-08-21 04:00,26.7,.1,2,180,93,1000.9,1008.8,,,,10,,27.8
156,堡林,2024-08-21 05:00,26.9,,3.1,200,91,1000.9,1008.8,,,,10,,27.8
156,堡林,2024-08-21 06:00,26.9,,1.6,200,90,1001.1,1009,0,.06,,9,,27.6
156,堡林,2024-08-21 07:00,26.8,,1.9,180,91,1001.3,1009.2,0,.19,,9,,28.1
156,堡林,2024-08-21 08:00,27.8,,2.9,180,86,1001.6,1009.5,0,.59,,10,,29.5
156,堡林,2024-08-21 09:00,28.8,,2.6,180,82,1002.1,1010,.4,1.14,,10,,31.4
156,堡林,2024-08-21 10:00,29.6,0,2.9,200,81,1002,1009.8,.2,.95,,10,,32.9
156,堡林,2024-08-21 11:00,29.2,,3.1,200,79,1001.8,1009.7,.5,1.69,,10,,33.1
156,堡林,2024-08-21 12:00,29.5,1.2,1.3,200,87,1001.6,1009.4,.1,1.42,,10,,35.9
156,堡林,2024-08-21 13:00,31,,3.8,230,76,1001.1,1008.9,1,2.64,,8,,39.3
156,堡林,2024-08-21 14:00,31.8,,2.7,200,73,1000.5,1008.3,.6,2.13,,7,,37.5
156,堡林,2024-08-21 15:00,31.6,,2.7,230,69,1000,1007.8,.7,1.91,,8,,36
156,堡林,2024-08-21 16:00,29.3,.3,4,180,79,1000,1007.8,.3,1.19,,10,,33.8
156,堡林,2024-08-21 17:00,31,.1,2.9,200,73,999.7,1007.5,.9,1.65,,7,,32.8
156,堡林,2024-08-21 18:00,30.9,,3.5,200,72,999.6,1007.4,.7,.74,,3,,31.4
156,堡林,2024-08-21 19:00,29.7,,4.3,180,75,999.7,1007.5,.9,.39,,2,,30.1
156,堡林,2024-08-21 20:00,28.7,,1.9,200,79,1000.5,1008.4,0,.07,,2,,29.3
156,堡林,2024-08-21 21:00,28.7,,1.8,180,81,1001.2,1009.1,,,,8,,29.2
156,堡林,2024-08-21 22:00,27,.6,1.5,200,91,1001.3,1009.2,,,,8,,29
156,堡林,2024-08-21 23:00,27.5,,2,180,89,1001,1008.9,,,,9,,28.9
156,堡林,2024-08-22 00:00,27.5,,1.3,200,89,1000.7,1008.6,,,,9,,28.8
156,堡林,2024-08-22 01:00,27.6,,1.4,200,87,1000.5,1008.4,,,,9,,28.8
156,堡林,2024-08-22 02:00,27.4,,.8,200,88,1000,1007.9,,,,9,,28.7
156,堡林,2024-08-22 03:00,27.9,,2.3,180,85,999.7,1007.6,,,,9,,28.5
156,堡林,2024-08-22 04:00,27.6,,2.6,180,84,999.1,1007,,,,1,,28.1
156,堡林,2024-08-22 05:00,27.2,,1.8,200,86,999.1,1007,,,,0,,27.7
156,堡林,2024-08-22 06:00,27.5,,2.3,200,85,998.8,1006.7,0,.06,,0,,27.5
156,堡林,2024-08-22 07:00,27.7,,2.8,180,83,998.7,1006.6,.4,.26,,2,,27.7
156,堡林,2024-08-22 08:00,28.7,,2.9,180,80,998.6,1006.4,.9,.87,,7,,29.1
156,堡林,2024-08-22 09:00,27.9,.5,2.7,200,88,998.3,1006.2,0,.4,,7,,29.6
156,堡林,2024-08-22 10:00,26.3,5.6,4.6,200,90,998.9,1006.8,.1,.93,,10,,29
156,堡林,2024-08-22 11:00,27.4,2.3,3.2,250,89,998.8,1006.7,0,1.07,,10,,31.1
156,堡林,2024-08-22 12:00,27.3,.6,3.2,200,91,998.4,1006.3,.1,1.22,,10,,32.6
156,堡林,2024-08-22 13:00,28.4,,3.3,200,85,997.7,1005.6,.2,1.8,,9,,34.3
156,堡林,2024-08-22 14:00,29.7,,3.3,230,83,997.5,1005.3,.3,1.75,,8,,34.8
156,堡林,2024-08-22 15:00,29.9,,3.4,230,77,997,1004.8,.4,1.88,,8,,34.9
156,堡林,2024-08-22 16:00,30.1,,3.1,200,76,996.8,1004.6,.6,1.54,,8,,34
156,堡林,2024-08-22 17:00,29.8,,3.3,270,75,997.2,1005,.2,.73,,7,,32.5
156,堡林,2024-08-22 18:00,29.1,,3,250,77,997.6,1005.4,.1,.53,,8,,31.3
156,堡林,2024-08-22 19:00,27.6,.6,2.5,270,85,998.2,1006.1,0,.21,,8,,30.3
156,堡林,2024-08-22 20:00,27.5,,1.7,270,82,999.1,1007,0,.07,,7,,29.4
156,堡林,2024-08-22 21:00,27.1,,1.1,250,86,999.9,1007.8,,,,3,,28.7
156,堡林,2024-08-22 22:00,26.8,,1.1,250,85,1000.2,1008.1,,,,3,,28
156,堡林,2024-08-22 23:00,26.4,,.8,230,87,1000.6,1008.5,,,,2,,27.6
156,堡林,2024-08-23 00:00,25.9,,.9,200,90,1000.9,1008.9,,,,4,,27.1
156,堡林,2024-08-23 01:00,25.6,,.7,180,91,1000.9,1008.9,,,,5,,27.1
156,堡林,2024-08-23 02:00,25.2,,.3,0,91,1000.8,1008.8,,,,5,,26.7
156,堡林,2024-08-23 03:00,25,,.4,0,91,1001,1009,,,,4,,26.6
156,堡林,2024-08-23 04:00,25.3,,.7,250,92,1000.9,1008.9,,,,6,,26.6
156,堡林,2024-08-23 05:00,24.9,,.5,200,93,1000.9,1008.9,,,,8,,26.6
156,堡林,2024-08-23 06:00,24.8,,.4,0,93,1001.3,1009.2,0,.05,,6,,26.6
156,堡林,2024-08-23 07:00,24.9,,.3,0,92,1001.9,1009.9,0,.2,,3,,26.9
156,堡林,2024-08-23 08:00,26.1,,.7,20,87,1002.2,1010.2,.9,.85,,5,,28.3
156,堡林,2024-08-23 09:00,28,,.8,180,81,1002.2,1010.1,.9,1.6,,3,,31.5
156,堡林,2024-08-23 10:00,28.5,,.6,340,78,1002.6,1010.5,.7,1.88,,5,,35.2
156,堡林,2024-08-23 11:00,29.4,,.8,290,71,1002.5,1010.4,.8,2.22,,4,,37.1
156,堡林,2024-08-23 12:00,30.6,,.6,230,71,1002.3,1010.2,.7,2.4,,7,,37
156,堡林,2024-08-23 13:00,31.4,,1.2,290,62,1001.8,1009.6,.8,2.52,,4,,39.6
156,堡林,2024-08-23 14:00,31.7,,.7,270,59,1001.4,1009.2,.9,2.6,,2,,37.5
156,堡林,2024-08-23 15:00,32.3,,2.2,250,64,1000.9,1008.7,.8,2.3,,3,,36.7
156,堡林,2024-08-23 16:00,31.4,,1.7,270,66,1000.6,1008.4,.3,1.18,,3,,34.3
156,堡林,2024-08-23 17:00,31.6,,1.5,270,61,1000.6,1008.4,.6,1.29,,4,,33.5
156,堡林,2024-08-23 18:00,31,,2.4,270,64,1000.9,1008.7,1,.98,,2,,31.8
156,堡林,2024-08-23 19:00,29.6,,1.3,270,68,1001.2,1009,.6,.31,,2,,30.1
156,堡林,2024-08-23 20:00,28.7,,1,290,69,1001.7,1009.6,0,.05,,2,,28.8
156,堡林,2024-08-23 21:00,28.2,,.4,0,74,1002.2,1010.1,,,,0,,28.1
156,堡林,2024-08-23 22:00,27.8,,.8,250,76,1002.7,1010.6,,,,0,,27.7
156,堡林,2024-08-23 23:00,27.3,,.4,0,78,1002.9,1010.8,,,,0,,27.3
156,堡林,2024-08-24 00:00,26.3,,.5,180,84,1003.1,1011.1,,,,0,,27
156,堡林,2024-08-24 01:00,25.9,,.2,0,84,1003,1011,,,,0,,26.6
156,堡林,2024-08-24 02:00,25.4,,.1,0,85,1002.9,1010.9,,,,0,,26.4
156,堡林,2024-08-24 03:00,25.4,,.2,0,86,1003.1,1011.1,,,,0,,26.2
156,堡林,2024-08-24 04:00,25.1,,.3,0,87,1003.2,1011.2,,,,4,,26.2
156,堡林,2024-08-24 05:00,24.6,,0,0,89,1003.5,1011.5,,,,2,,26
156,堡林,2024-08-24 06:00,24.6,,.3,0,90,1003.5,1011.5,0,.05,,0,,25.7
156,堡林,2024-08-24 07:00,24.9,,.3,0,88,1004,1012,0,.19,,6,,26.4
156,堡林,2024-08-24 08:00,25.7,,.2,0,85,1004.1,1012.1,0,.58,,6,,27.8
156,堡林,2024-08-24 09:00,27.5,,.6,230,81,1004.1,1012,.9,1.47,,2,,30.8
156,堡林,2024-08-24 10:00,28.5,,.6,290,76,1004.6,1012.5,.9,2.12,,2,,35
156,堡林,2024-08-24 11:00,30,,.5,110,73,1004.5,1012.4,1,2.75,,3,,38.9
156,堡林,2024-08-24 12:00,31.1,,1,360,56,1003.8,1011.7,.9,3.03,,2,,41.1
156,堡林,2024-08-24 13:00,31.7,,1.1,360,58,1003.3,1011.1,1,3.12,,3,,39.6
156,堡林,2024-08-24 14:00,33,,.9,50,55,1002.5,1010.3,1,3.28,,3,,40.4
156,堡林,2024-08-24 15:00,33.1,,1.3,50,53,1001.8,1009.6,1,2.92,,4,,38.6
156,堡林,2024-08-24 16:00,32.7,,.7,20,51,1001.5,1009.3,.9,2.07,,3,,35.8
156,堡林,2024-08-24 17:00,32.6,,.5,360,55,1001,1008.8,.9,1.63,,3,,34.7
156,堡林,2024-08-24 18:00,32,,1.1,320,57,1000.8,1008.6,1,.92,,4,,32.9
156,堡林,2024-08-24 19:00,30.1,,1.7,360,69,1001.2,1009.1,.3,.31,,2,,31.4
156,堡林,2024-08-24 20:00,29.1,,1.1,320,73,1001.8,1009.7,0,.05,,4,,30.1
156,堡林,2024-08-24 21:00,28.5,,.6,340,75,1002.2,1010.1,,,,4,,29.3
156,堡林,2024-08-24 22:00,28.1,,.3,0,77,1002.5,1010.4,,,,1,,28.8
156,堡林,2024-08-24 23:00,27.4,,.7,230,81,1002.7,1010.6,,,,1,,28.2
156,堡林,2024-08-25 00:00,27.4,,.7,50,82,1002.6,1010.5,,,,0,,27.8
156,堡林,2024-08-25 01:00,26.6,,.6,200,85,1002.5,1010.5,,,,0,,27.5
156,堡林,2024-08-25 02:00,26.7,,.7,270,85,1002.6,1010.6,,,,0,,27.3
156,堡林,2024-08-25 03:00,26.3,,.6,250,88,1002.5,1010.5,,,,0,,27.1
156,堡林,2024-08-25 04:00,25.7,,0,0,89,1002.1,1010.1,,,,0,,26.9
156,堡林,2024-08-25 05:00,25.3,,.2,0,91,1001.8,1009.8,,,,0,,26.5
156,堡林,2024-08-25 06:00,25,,0,0,91,1002.3,1010.3,0,.05,,0,,26.3
156,堡林,2024-08-25 07:00,25.4,,.1,0,90,1002.6,1010.6,0,.2,,0,,26.8
156,堡林,2024-08-25 08:00,26.8,,.6,250,85,1003,1011,.7,.78,,0,,28.3
156,堡林,2024-08-25 09:00,27.6,,.6,270,82,1002.6,1010.5,.8,1.13,,2,,30.5
156,堡林,2024-08-25 10:00,28.8,,.8,360,74,1002.6,1010.5,.7,1.72,,4,,34.1
156,堡林,2024-08-25 11:00,30.4,,1.1,50,68,1002.6,1010.5,1,2.59,,4,,37.3
156,堡林,2024-08-25 12:00,31,,.8,200,68,1002,1009.8,1,3,,5,,39.1
156,堡林,2024-08-25 13:00,31.4,,1.5,320,58,1001.4,1009.2,.9,3.09,,6,,39.2
156,堡林,2024-08-25 14:00,32.8,0,1.2,180,61,1000.9,1008.7,.7,2.56,,6,,40.5
156,堡林,2024-08-25 15:00,32.2,,1.8,320,59,1000.3,1008.1,.8,2.28,,7,,37.6
156,堡林,2024-08-25 16:00,31.9,,1.5,320,59,1000,1007.8,.4,1.31,,7,,35.2
156,堡林,2024-08-25 17:00,31.6,,.9,340,62,1000.2,1008,.5,1.43,,6,,33.7
156,堡林,2024-08-25 18:00,30.4,,1.2,50,67,1000.1,1007.9,.9,.89,,7,,32.3
156,堡林,2024-08-25 19:00,29.3,,1.1,340,69,1000.5,1008.3,.3,.24,,3,,30.3
156,堡林,2024-08-25 20:00,28.7,,.9,320,72,1000.7,1008.6,0,.05,,3,,29.2
156,堡林,2024-08-25 21:00,27.7,,.9,250,77,1001.1,1009,,,,0,,28.5
156,堡林,2024-08-25 22:00,27.3,,1,250,79,1001.2,1009.1,,,,4,,28
156,堡林,2024-08-25 23:00,27.1,,.8,250,81,1001.1,1009,,,,6,,27.6
156,堡林,2024-08-26 00:00,26.2,,.3,0,84,1001.1,1009.1,,,,0,,27.3
156,堡林,2024-08-26 01:00,26,,.8,90,84,1000,1008,,,,0,,26.9
156,堡林,2024-08-26 02:00,25.7,,.6,200,85,999.9,1007.9,,,,4,,26.7
156,堡林,2024-08-26 03:00,25.3,,.6,230,88,999.6,1007.6,,,,0,,26.5
156,堡林,2024-08-26 04:00,25.4,,.1,0,89,999.9,1007.9,,,,6,,26.4
156,堡林,2024-08-26 05:00,25.2,,.7,50,89,999.6,1007.6,,,,7,,26.3
156,堡林,2024-08-26 06:00,24.7,,.5,50,90,999.8,1007.7,,,,0,,26.1
156,堡林,2024-08-26 07:00,25.4,,.6,90,88,1000.2,1008.2,0,.23,,7,,27
156,堡林,2024-08-26 08:00,26.5,,.3,0,83,1000.4,1008.3,.2,.68,,7,,28.6
156,堡林,2024-08-26 09:00,28.1,,1.5,200,77,1000.5,1008.4,1,1.4,,6,,31
156,堡林,2024-08-26 10:00,29.8,,2.2,200,74,1000.5,1008.3,1,2.01,,6,,35.7
156,堡林,2024-08-26 11:00,30.2,,1.3,200,69,999.9,1007.7,.9,2.45,,5,,36.7
156,堡林,2024-08-26 12:00,30.6,,1.7,250,68,999.4,1007.2,.7,2.41,,6,,37.3
156,堡林,2024-08-26 13:00,31.9,,.9,270,62,998.7,1006.5,.7,1.87,,8,,37.8
156,堡林,2024-08-26 14:00,31.8,,2.3,200,65,998.2,1006,.4,1.66,,8,,37.4
156,堡林,2024-08-26 15:00,31.7,,1,200,62,997.5,1005.3,.7,2.16,,8,,36.7
156,堡林,2024-08-26 16:00,32.2,,1,320,59,997.3,1005.1,.8,1.84,,6,,35.6
156,堡林,2024-08-26 17:00,31.8,,1.6,290,62,997.6,1005.4,.8,1.32,,8,,34.7
156,堡林,2024-08-26 18:00,30.3,,.8,180,66,997.6,1005.4,.1,.55,,7,,32.8
156,堡林,2024-08-26 19:00,25.5,3.6,.9,200,87,998.3,1006.3,0,.13,,7,,29.6
156,堡林,2024-08-26 20:00,26.2,,1,110,87,998.5,1006.4,0,.07,,6,,28.7
156,堡林,2024-08-26 21:00,25.4,,1,90,89,998.8,1006.8,,,,8,,28.3
156,堡林,2024-08-26 22:00,25,,1,90,89,998.7,1006.7,,,,7,,27.7
156,堡林,2024-08-26 23:00,25.3,,.8,90,87,998.3,1006.3,,,,7,,27.5
156,堡林,2024-08-27 00:00,24.7,,1.2,50,89,998,1005.9,,,,7,,27.1
156,堡林,2024-08-27 01:00,24.7,,1.2,70,89,997.7,1005.6,,,,8,,26.8
156,堡林,2024-08-27 02:00,24.6,,1,70,90,997.2,1005.1,,,,8,,26.7
156,堡林,2024-08-27 03:00,24.6,,1.4,70,91,997.2,1005.1,,,,8,,26.6
156,堡林,2024-08-27 04:00,24.3,,1,70,91,996.6,1004.5,,,,9,,26.4
156,堡林,2024-08-27 05:00,24.5,,.4,0,91,996.6,1004.5,,,,9,,26.5
156,堡林,2024-08-27 06:00,24.4,,1.1,90,91,996.8,1004.7,,,,9,,26.4
156,堡林,2024-08-27 07:00,24.8,,.1,0,89,997.6,1005.5,0,.11,,9,,26.7
156,堡林,2024-08-27 08:00,25.4,,1,70,87,997.5,1005.5,0,.41,,9,,27.9
156,堡林,2024-08-27 09:00,26.4,,.7,90,84,998.1,1006,0,.61,,9,,29.1
156,堡林,2024-08-27 10:00,27.2,,1,50,82,998.3,1006.2,0,.8,,9,,30
156,堡林,2024-08-27 11:00,27.3,,1,70,83,998.2,1006.1,0,.83,,9,,30.6
156,堡林,2024-08-27 12:00,29,,1.4,50,77,997.9,1005.7,0,1.57,,8,,33.4
156,堡林,2024-08-27 13:00,29.9,,1.8,50,71,997.3,1005.1,.2,1.83,,8,,34.8
156,堡林,2024-08-27 14:00,31.2,,2.5,50,66,996.6,1004.4,.7,2.64,,8,,37.4
156,堡林,2024-08-27 15:00,31,,2.5,70,66,996.1,1003.9,1,2.43,,8,,36.5
156,堡林,2024-08-27 16:00,29.4,,2.6,70,72,995.6,1003.4,0,.83,,9,,32.9
156,堡林,2024-08-27 17:00,29.2,,2.2,70,73,996,1003.8,0,.45,,9,,31.5
156,堡林,2024-08-27 18:00,28.5,,1.6,70,76,996.2,1004,0,.39,,10,,30.6
156,堡林,2024-08-27 19:00,28.3,,1.3,50,79,996.7,1004.5,0,.12,,10,,29.6
156,堡林,2024-08-27 20:00,26.7,1.6,1.8,70,86,997.4,1005.3,0,.05,,10,,28.8
156,堡林,2024-08-27 21:00,26,1.2,1.1,160,92,998.2,1006.1,,,,10,,28.7
156,堡林,2024-08-27 22:00,25,2.1,1,270,91,998.6,1006.6,,,,10,,27.9
156,堡林,2024-08-27 23:00,24.4,2.6,.4,0,94,998.8,1006.7,,,,10,,27.4
156,堡林,2024-08-28 00:00,24.6,.1,0,0,95,998.6,1006.5,,,,10,,27.4
156,堡林,2024-08-28 01:00,24.8,,1.3,50,93,998.6,1006.5,,,,10,,27.3
156,堡林,2024-08-28 02:00,24,,2.9,70,91,998.3,1006.3,,,,10,,27
156,堡林,2024-08-28 03:00,23.3,,2.1,70,90,998.1,1006.1,,,,8,,26.5
156,堡林,2024-08-28 04:00,22.5,,2.4,70,91,998,1006,,,,6,,26.1
156,堡林,2024-08-28 05:00,22.4,,3.4,70,90,998.1,1006.1,,,,3,,25.6
156,堡林,2024-08-28 06:00,22.1,,3.5,70,89,998.5,1006.5,,,,2,,25.3
156,堡林,2024-08-28 07:00,22.5,,3.2,70,90,998.6,1006.6,.3,.2,,1,,25.4
156,堡林,2024-08-28 08:00,25.1,,3.1,70,80,999,1007,1,.92,,2,,26.1
156,堡林,2024-08-28 09:00,27.1,,3.4,70,72,999.3,1007.2,1,1.61,,0,,29.4
156,堡林,2024-08-28 10:00,29.2,,2.8,70,69,999.3,1007.1,1,2.35,,1,,35.1
156,堡林,2024-08-28 11:00,30.5,,2.8,50,67,999.1,1006.9,1,2.87,,1,,39.1
156,堡林,2024-08-28 12:00,31.2,,3.7,70,66,998.5,1006.3,1,3.01,,3,,40.2
156,堡林,2024-08-28 13:00,31.9,,2.8,70,63,998.1,1005.9,.9,2.58,,3,,39
156,堡林,2024-08-28 14:00,31.9,,3.4,70,60,997.9,1005.7,.9,2.8,,2,,39.6
156,堡林,2024-08-28 15:00,31.6,,3.3,70,62,997.6,1005.4,.9,2.54,,4,,37.1
156,堡林,2024-08-28 16:00,31.7,,3.2,70,60,997.6,1005.4,1,2.42,,4,,35.6
156,堡林,2024-08-28 17:00,31,,3.8,70,61,997.5,1005.3,1,1.73,,3,,33
156,堡林,2024-08-28 18:00,30.2,,2.6,70,62,997.7,1005.5,1,.94,,1,,31.1
156,堡林,2024-08-28 19:00,28.5,,3.2,70,67,998.1,1006,.6,.28,,3,,29.4
156,堡林,2024-08-28 20:00,27.7,,3.7,70,69,998.1,1006,0,.05,,3,,28.2
156,堡林,2024-08-28 21:00,27.2,,3.2,70,71,998.7,1006.6,,,,0,,27.5
156,堡林,2024-08-28 22:00,26.4,,2.3,70,73,998.6,1006.5,,,,0,,26.9
156,堡林,2024-08-28 23:00,26.2,,2.4,70,73,998.4,1006.3,,,,0,,26.5
156,堡林,2024-08-29 00:00,25.9,,2.2,70,72,998.5,1006.5,,,,0,,26.1
156,堡林,2024-08-29 01:00,25.7,,2.2,70,74,998,1006,,,,0,,25.7
156,堡林,2024-08-29 02:00,25.1,,3,70,74,997.6,1005.6,,,,0,,25.4
156,堡林,2024-08-29 03:00,25.2,,2.6,70,73,997.3,1005.3,,,,0,,25.2
156,堡林,2024-08-29 04:00,25.1,,2,70,75,997.2,1005.2,,,,0,,24.9
156,堡林,2024-08-29 05:00,24.6,,2.3,70,77,996.9,1004.8,,,,0,,24.8
156,堡林,2024-08-29 06:00,24.9,,2,70,76,997,1005,,,,0,,24.7
156,堡林,2024-08-29 07:00,25.3,,1.5,50,76,997,1005,.3,.21,,0,,25
156,堡林,2024-08-29 08:00,27.7,,1.6,70,70,997,1004.9,1,.87,,1,,25.8
156,堡林,2024-08-29 09:00,29,,3,50,64,997.1,1004.9,1,1.69,,0,,29.1
156,堡林,2024-08-29 10:00,30,,3.2,50,64,996.9,1004.7,1,2.32,,2,,35.4
156,堡林,2024-08-29 11:00,31.2,,3,70,60,996.5,1004.3,1,2.85,,2,,40.9
156,堡林,2024-08-29 12:00,32.2,,3.3,70,59,995.8,1003.6,1,3.23,,2,,43.3
156,堡林,2024-08-29 13:00,33,,3.1,70,53,995.4,1003.1,.9,3.02,,2,,44
156,堡林,2024-08-29 14:00,33.6,,2.9,70,50,994.9,1002.6,1,3.14,,4,,42.7
156,堡林,2024-08-29 15:00,34,,3,70,50,994.6,1002.3,.8,2.47,,5,,40.2
156,堡林,2024-08-29 16:00,33.9,,3.5,50,50,994.4,1002.1,1,2.22,,2,,36.5
156,堡林,2024-08-29 17:00,33,,3.4,50,48,994.6,1002.3,1,1.69,,0,,33.6
156,堡林,2024-08-29 18:00,32.1,,3.5,50,53,994.7,1002.5,1,.94,,0,,31.7
156,堡林,2024-08-29 19:00,30.6,,2.3,50,58,995,1002.8,.5,.26,,0,,30
156,堡林,2024-08-29 20:00,29.6,,1.9,50,63,995.4,1003.2,0,.05,,0,,29
156,堡林,2024-08-29 21:00,29,,2.6,70,63,995.9,1003.7,,,,0,,28.1
156,堡林,2024-08-29 22:00,28.5,,1.6,70,63,996.1,1003.9,,,,0,,27.4
156,堡林,2024-08-29 23:00,27.5,,1.5,50,67,996,1003.9,,,,0,,26.9
156,堡林,2024-08-30 00:00,26.8,,1.1,70,67,996.3,1004.2,,,,0,,26.4
156,堡林,2024-08-30 01:00,25.9,,.9,50,71,996.3,1004.2,,,,0,,26
156,堡林,2024-08-30 02:00,25.6,,1.2,70,73,996.2,1004.1,,,,0,,25.7
156,堡林,2024-08-30 03:00,25.6,,.7,70,73,996,1003.9,,,,0,,25.3
156,堡林,2024-08-30 04:00,25.2,,.9,50,74,995.8,1003.8,,,,0,,25
156,堡林,2024-08-30 05:00,24.7,,.9,90,77,996.2,1004.1,,,,0,,24.7
156,堡林,2024-08-30 06:00,24.5,,2.2,70,79,996.7,1004.6,,,,0,,24.6
156,堡林,2024-08-30 07:00,24.4,,1.5,70,79,997.2,1005.1,.3,.21,,0,,24.8
156,堡林,2024-08-30 08:00,25.7,,1.8,70,76,997.4,1005.3,1,.92,,0,,25.5
156,堡林,2024-08-30 09:00,28,,.5,110,68,997.5,1005.4,1,1.67,,0,,29
156,堡林,2024-08-30 10:00,30,,1.9,50,63,997.8,1005.6,1,2.34,,0,,36.2
156,堡林,2024-08-30 11:00,31.9,,2.1,50,55,997.4,1005.2,1,2.9,,0,,41.8
156,堡林,2024-08-30 12:00,32.1,,2.8,50,53,997,1004.8,1,3.02,,1,,44.5
156,堡林,2024-08-30 13:00,32.3,,2.2,50,53,996.8,1004.6,1,3.1,,5,,44.3
156,堡林,2024-08-30 14:00,32,,2.6,50,54,996.4,1004.2,.8,2.35,,1,,41.5
156,堡林,2024-08-30 15:00,32.7,,1.5,20,54,996,1003.7,1,2.78,,1,,41.8
156,堡林,2024-08-30 16:00,32.5,,2,20,55,995.9,1003.7,1,2.16,,1,,37.8
156,堡林,2024-08-30 17:00,31.7,,1.7,320,58,996.2,1004,1,1.7,,0,,34.7
156,堡林,2024-08-30 18:00,30.1,,2,320,61,996.2,1004,1,.92,,0,,32.2
156,堡林,2024-08-30 19:00,28.4,,1.6,320,67,996.5,1004.3,.5,.24,,0,,30
156,堡林,2024-08-30 20:00,27.2,,1.3,320,74,997.4,1005.3,0,.05,,5,,28.7
156,堡林,2024-08-30 21:00,26.7,,1.4,320,76,998.1,1006,,,,0,,27.9
156,堡林,2024-08-30 22:00,26.1,,1.7,320,77,998.1,1006,,,,0,,27.1
156,堡林,2024-08-30 23:00,25.4,,1.2,320,77,998.5,1006.5,,,,0,,26.4
156,堡林,2024-08-31 00:00,25.1,,1.1,320,78,998.7,1006.7,,,,0,,25.8
156,堡林,2024-08-31 01:00,24.8,,1.1,50,78,998.8,1006.7,,,,0,,25.4
156,堡林,2024-08-31 02:00,23.5,,.1,0,83,999,1007,,,,0,,24.7
156,堡林,2024-08-31 03:00,23.7,,1.1,50,80,999.2,1007.2,,,,3,,24.5
156,堡林,2024-08-31 04:00,23.1,,1,70,82,999,1007,,,,0,,23.8
156,堡林,2024-08-31 05:00,22.6,,.6,90,84,999,1007,,,,0,,23.2
156,堡林,2024-08-31 06:00,22.3,,.2,0,84,999.6,1007.6,,,,0,,23
156,堡林,2024-08-31 07:00,22.8,,.1,0,83,1000.4,1008.4,0,.15,,4,,23.9
156,堡林,2024-08-31 08:00,24.8,,.4,0,78,1000.5,1008.4,.9,.81,,0,,25.2
156,堡林,2024-08-31 09:00,26.5,,.8,340,71,1000.6,1008.5,1,1.72,,0,,28.4
156,堡林,2024-08-31 10:00,27.8,,1.1,50,65,1000.6,1008.5,1,2.26,,0,,36.1
156,堡林,2024-08-31 11:00,28.5,,.8,340,60,1000.3,1008.2,1,2.92,,0,,43.1
156,堡林,2024-08-31 12:00,29.3,,1.5,320,59,999.5,1007.3,1,3.29,,0,,47.6
156,堡林,2024-08-31 13:00,30.4,,1.2,290,54,999.2,1007,1,3.34,,0,,49.2
156,堡林,2024-08-31 14:00,31,,.9,360,52,998.8,1006.6,1,3.2,,0,,47.1
156,堡林,2024-08-31 15:00,31.2,,1.1,290,54,998,1005.8,1,2.85,,0,,43
156,堡林,2024-08-31 16:00,30.9,,.9,270,54,997.8,1005.6,1,2.3,,0,,38.5
156,堡林,2024-08-31 17:00,31.2,,1.5,360,56,998,1005.8,1,1.6,,0,,35.3
156,堡林,2024-08-31 18:00,29.8,,1.7,320,55,998.1,1005.9,1,.88,,0,,32.3
156,堡林,2024-08-31 19:00,28.2,,1.1,270,57,998.6,1006.5,.4,.23,,0,,29.6
156,堡林,2024-08-31 20:00,27.6,,.5,290,59,999.1,1007,0,.04,,0,,28.1
156,堡林,2024-08-31 21:00,27,,.8,250,61,999.6,1007.5,,,,0,,27.1
156,堡林,2024-08-31 22:00,26.1,,1.4,200,67,1000.3,1008.3,,,,0,,26.5
156,堡林,2024-08-31 23:00,26.1,,.5,230,68,1000.6,1008.6,,,,0,,26
156,堡林,2024-09-01 00:00,25.7,,1.7,230,76,1001,1009,,,,3,,26
156,堡林,2024-09-01 01:00,25.5,,1.1,180,76,1001,1009,,,,0,,26
156,堡林,2024-09-01 02:00,24.9,,.3,0,78,1000.8,1008.8,,,,0,,25.5
156,堡林,2024-09-01 03:00,24.3,,.5,50,81,1000.7,1008.7,,,,0,,24.9
156,堡林,2024-09-01 04:00,23.7,,1.2,50,81,1000.5,1008.5,,,,0,,24.6
156,堡林,2024-09-01 05:00,23.4,,.9,70,84,1000.6,1008.6,,,,0,,24.3
156,堡林,2024-09-01 06:00,23.4,,.6,70,84,1000.6,1008.6,,,,0,,24
156,堡林,2024-09-01 07:00,23.4,,.8,70,85,1000.7,1008.7,.3,.2,,0,,24.4
156,堡林,2024-09-01 08:00,25,,.4,0,80,1000.8,1008.8,1,.86,,0,,25.4
156,堡林,2024-09-01 09:00,27.3,,1,110,72,1000.8,1008.7,1,1.6,,2,,28.9
156,堡林,2024-09-01 10:00,29,,.5,160,67,1000.9,1008.8,.9,2.15,,6,,37.8
156,堡林,2024-09-01 11:00,28.6,,1,180,61,1000.7,1008.6,.8,2.23,,6,,40
156,堡林,2024-09-01 12:00,30.9,,1.1,250,60,1000.4,1008.2,.6,2.12,,5,,44.6
156,堡林,2024-09-01 13:00,30.7,,1.7,290,56,1000.1,1007.9,.7,2.58,,5,,47
156,堡林,2024-09-01 14:00,31.7,,2.4,270,51,999.5,1007.3,1,3.48,,5,,48.4
156,堡林,2024-09-01 15:00,31.6,,1.8,250,50,999.1,1006.9,1,3.03,,2,,43.6
156,堡林,2024-09-01 16:00,32.2,,1.1,290,48,998.8,1006.6,.8,1.9,,1,,38.4
156,堡林,2024-09-01 17:00,30.6,,2.2,270,55,998.7,1006.5,.9,1.51,,4,,35.2
156,堡林,2024-09-01 18:00,29.4,,1.7,360,66,998.6,1006.4,1,.87,,2,,33.7
156,堡林,2024-09-01 19:00,27.8,,1.1,360,70,998.9,1006.8,.3,.2,,2,,30.2
156,堡林,2024-09-01 20:00,27.2,,.9,340,73,999.8,1007.7,,,,2,,28.8
156,堡林,2024-09-01 21:00,26.2,,.4,0,75,1000.3,1008.3,,,,4,,27.7
156,堡林,2024-09-01 22:00,26,,.5,250,76,1000.3,1008.3,,,,7,,27
156,堡林,2024-09-01 23:00,25.3,,.1,0,77,1000.4,1008.4,,,,8,,26.5
156,堡林,2024-09-02 00:00,26.2,,.9,250,75,1000.7,1008.7,,,,8,,26.8
156,堡林,2024-09-02 01:00,25.3,,.1,0,78,1000.8,1008.8,,,,2,,26.3
156,堡林,2024-09-02 02:00,24.6,,.1,0,81,1000.5,1008.4,,,,5,,25.2
156,堡林,2024-09-02 03:00,24,,1.4,270,86,1000.6,1008.6,,,,0,,24.8
156,堡林,2024-09-02 04:00,23.8,,.5,250,88,1000.2,1008.2,,,,0,,24.3
156,堡林,2024-09-02 05:00,23.5,,.4,0,89,1000,1008,,,,6,,24.1
156,堡林,2024-09-02 06:00,23.2,,0,0,90,1000.2,1008.2,,,,4,,23.8
156,堡林,2024-09-02 07:00,23.4,,.3,0,89,1001.1,1009.1,0,.16,,5,,24.5
156,堡林,2024-09-02 08:00,24,,1,200,88,1001.6,1009.6,0,.38,,8,,27.2
156,堡林,2024-09-02 09:00,25.4,,.3,0,81,1001.7,1009.7,.5,1.29,,7,,29.6
156,堡林,2024-09-02 10:00,26.5,,.9,180,76,1002,1010,.3,1.56,,8,,33.6
156,堡林,2024-09-02 11:00,27.4,,.8,230,67,1001.7,1009.6,.4,2.08,,9,,36.8
156,堡林,2024-09-02 12:00,28.2,,.8,320,64,1001.5,1009.4,.3,1.62,,8,,38.4
156,堡林,2024-09-02 13:00,29.3,,1.7,250,58,1001.5,1009.4,.7,2.43,,8,,43.5
156,堡林,2024-09-02 14:00,29.3,,1.8,250,58,1001,1008.8,.8,2.51,,8,,41.6
156,堡林,2024-09-02 15:00,29.2,,1.6,270,53,1000.9,1008.7,.1,1.46,,9,,38.2
156,堡林,2024-09-02 16:00,28.5,,1.3,270,61,1001,1008.9,0,1.08,,8,,35.8
156,堡林,2024-09-02 17:00,27.6,,1.9,250,65,1001.1,1009,0,.4,,10,,32.3
156,堡林,2024-09-02 18:00,25.9,,2.4,250,58,1001.5,1009.5,0,.15,,9,,28.9
156,堡林,2024-09-02 19:00,25.7,0,1.2,200,62,1001.5,1009.5,0,.08,,10,,27.7
156,堡林,2024-09-02 20:00,26.2,,1.2,230,57,1001.9,1009.9,,,,9,,27.4
156,堡林,2024-09-02 21:00,25.8,,.4,0,58,1002.8,1010.8,,,,10,,27.2
156,堡林,2024-09-02 22:00,25.5,0,0,0,60,1002.9,1010.9,,,,10,,26.8
156,堡林,2024-09-02 23:00,25.1,,.2,0,63,1003.1,1011.1,,,,10,,26.6
156,堡林,2024-09-03 00:00,24.9,,1,70,66,1003.2,1011.2,,,,10,,26.4
156,堡林,2024-09-03 01:00,24.9,,.6,90,68,1002.9,1010.9,,,,8,,26.1
156,堡林,2024-09-03 02:00,24.6,,.7,70,73,1002.9,1010.9,,,,7,,25.6
156,堡林,2024-09-03 03:00,24.3,,1.2,70,76,1003.1,1011.1,,,,8,,25.5
156,堡林,2024-09-03 04:00,23.5,,.8,50,80,1003,1011,,,,2,,24.7
156,堡林,2024-09-03 05:00,23.1,,1,50,82,1003.2,1011.2,,,,5,,24.4
156,堡林,2024-09-03 06:00,23.9,,1.1,90,81,1003.7,1011.7,,,,8,,24.8
156,堡林,2024-09-03 07:00,24.2,,1.1,50,81,1003.9,1011.9,0,.16,,8,,25.9
156,堡林,2024-09-03 08:00,25.3,,.7,70,79,1004.3,1012.3,0,.46,,8,,27.9
156,堡林,2024-09-03 09:00,26.9,,.3,0,72,1004.6,1012.6,.3,1.02,,7,,31.7
156,堡林,2024-09-03 10:00,28.4,,.7,70,67,1004.5,1012.4,1,2.18,,7,,38.3
156,堡林,2024-09-03 11:00,28.7,,.9,270,67,1004.4,1012.3,.1,1.35,,8,,34.6
156,堡林,2024-09-03 12:00,28.5,,.8,200,66,1003.9,1011.8,.1,.99,,9,,33.8
156,堡林,2024-09-03 13:00,28.9,,.6,20,65,1003.4,1011.3,0,.82,,8,,33.6
156,堡林,2024-09-03 14:00,30,,2,180,59,1002.9,1010.8,.2,1.37,,7,,38.6
156,堡林,2024-09-03 15:00,30.8,,1.4,180,58,1002.4,1010.3,.5,1.7,,5,,39.5
156,堡林,2024-09-03 16:00,30.1,,.5,90,59,1002.2,1010.1,.7,1.78,,6,,36.8
156,堡林,2024-09-03 17:00,29.1,,.7,140,62,1002,1009.9,.2,.72,,5,,33.8
156,堡林,2024-09-03 18:00,28.9,,2.3,200,63,1001.9,1009.8,.5,.56,,5,,32
156,堡林,2024-09-03 19:00,27.9,,1.3,200,68,1002,1009.9,0,.15,,5,,29.7
156,堡林,2024-09-03 20:00,27,,2.1,180,71,1002.3,1010.2,,,,3,,28.1
156,堡林,2024-09-03 21:00,26.3,,1.4,180,71,1002.9,1010.9,,,,2,,26.9
156,堡林,2024-09-03 22:00,26.1,,.7,180,70,1003.2,1011.2,,,,2,,26.5
156,堡林,2024-09-03 23:00,25.5,,1.3,180,71,1003.1,1011.1,,,,2,,26.1
156,堡林,2024-09-04 00:00,25.1,,1.3,180,71,1003.3,1011.3,,,,4,,25.5
156,堡林,2024-09-04 01:00,24.7,,.8,140,74,1003.2,1011.2,,,,2,,25
156,堡林,2024-09-04 02:00,24.4,,.1,0,75,1003,1011,,,,2,,24.5
156,堡林,2024-09-04 03:00,23.8,,.9,90,77,1002.9,1010.9,,,,4,,24.2
156,堡林,2024-09-04 04:00,23,,1.1,70,81,1002.6,1010.6,,,,2,,23.8
156,堡林,2024-09-04 05:00,22.9,,1.1,50,78,1002.6,1010.6,,,,0,,23.4
156,堡林,2024-09-04 06:00,22.4,,.3,0,79,1002.8,1010.9,,,,0,,23
156,堡林,2024-09-04 07:00,22.7,,.7,90,80,1003.2,1011.2,.3,.19,,0,,23.4
156,堡林,2024-09-04 08:00,23.8,,.4,0,77,1003.5,1011.5,1,.82,,0,,24.3
156,堡林,2024-09-04 09:00,25.2,,.6,90,67,1003.4,1011.4,1,1.56,,0,,28.2
156,堡林,2024-09-04 10:00,26.9,,.3,0,62,1003.5,1011.5,1,2.24,,0,,37.2
156,堡林,2024-09-04 11:00,28.2,,1,110,57,1003.2,1011.1,1,2.76,,0,,45.5
156,堡林,2024-09-04 12:00,30,,1.5,290,53,1002.2,1010.1,1,3.09,,0,,50.4
156,堡林,2024-09-04 13:00,30.6,,1.4,200,48,1001.7,1009.6,1,3.24,,0,,52.4
156,堡林,2024-09-04 14:00,30.8,,1.8,230,44,1000.9,1008.7,1,3.15,,0,,50.3
156,堡林,2024-09-04 15:00,32.2,,1.5,200,45,1000.1,1007.9,1,2.83,,0,,45.3
156,堡林,2024-09-04 16:00,31.9,,2.2,180,47,999.9,1007.7,1,2.34,,3,,39.5
156,堡林,2024-09-04 17:00,31.2,,2,180,47,999.8,1007.6,1,1.57,,0,,35.4
156,堡林,2024-09-04 18:00,29.9,,2,180,51,999.9,1007.8,1,.82,,0,,32.3
156,堡林,2024-09-04 19:00,28.2,,2.9,230,61,1000.3,1008.2,.4,.19,,2,,29.6
156,堡林,2024-09-04 20:00,27.3,,1.5,200,64,1000.9,1008.8,,,,2,,28.1
156,堡林,2024-09-04 21:00,26.6,,1.6,200,68,1001.5,1009.4,,,,0,,27.2
156,堡林,2024-09-04 22:00,26.1,,1.5,200,71,1001.7,1009.7,,,,2,,26.3
156,堡林,2024-09-04 23:00,25.2,,1.9,230,74,1001.7,1009.7,,,,4,,25.6
156,堡林,2024-09-05 00:00,25,,.7,200,75,1001.9,1009.9,,,,0,,25
156,堡林,2024-09-05 01:00,24.4,,1,50,79,1001.7,1009.7,,,,3,,24.6
156,堡林,2024-09-05 02:00,23.9,,.4,0,80,1001.4,1009.4,,,,3,,24.1
156,堡林,2024-09-05 03:00,23.6,,.6,90,81,1001.2,1009.2,,,,0,,23.8
156,堡林,2024-09-05 04:00,23.3,,1.3,180,81,1000.8,1008.8,,,,0,,23.5
156,堡林,2024-09-05 05:00,23.4,,1,230,81,1000.7,1008.7,,,,0,,23.2
156,堡林,2024-09-05 06:00,22.8,,.3,0,85,1001.1,1009.1,,,,0,,23
156,堡林,2024-09-05 07:00,22.7,,.5,110,85,1001.7,1009.7,.3,.19,,0,,23.4
156,堡林,2024-09-05 08:00,24.3,,1.1,70,78,1001.8,1009.8,1,.82,,0,,24.5
156,堡林,2024-09-05 09:00,26.9,,.7,110,71,1001.8,1009.7,1,1.56,,0,,28.8
156,堡林,2024-09-05 10:00,28.6,,1.5,200,66,1001.7,1009.6,1,2.35,,2,,39
156,堡林,2024-09-05 11:00,28.5,,1.5,230,67,1001.5,1009.4,.8,2.14,,4,,39.8
156,堡林,2024-09-05 12:00,29.2,,1.1,250,60,1001.1,1009,.7,2.18,,5,,43.9
156,堡林,2024-09-05 13:00,29.9,,1.5,270,57,1000.5,1008.4,.8,2.41,,5,,45.9
156,堡林,2024-09-05 14:00,32,,2,290,50,1000,1007.8,.9,2.9,,5,,49.7
156,堡林,2024-09-05 15:00,31.4,,1.8,270,55,999.5,1007.3,.7,2.06,,7,,42
156,堡林,2024-09-05 16:00,32.2,,2.7,270,50,999.2,1007,.9,2.37,,5,,39.8
156,堡林,2024-09-05 17:00,31.4,,2.6,290,54,999.5,1007.3,1,1.62,,4,,36.7
156,堡林,2024-09-05 18:00,30,,2.2,320,63,999.8,1007.7,.9,.79,,4,,33.8
156,堡林,2024-09-05 19:00,28.6,,.9,340,67,1000.2,1008.1,.2,.16,,5,,30.5
156,堡林,2024-09-05 20:00,28.4,,.8,290,69,1001,1008.9,,,,7,,29.5
156,堡林,2024-09-05 21:00,28.1,,.5,340,71,1001.5,1009.4,,,,9,,29.2
156,堡林,2024-09-05 22:00,27.6,,1.4,250,74,1001.6,1009.5,,,,7,,28.7
156,堡林,2024-09-05 23:00,27.3,,1.3,270,76,1001.6,1009.5,,,,7,,27.9
156,堡林,2024-09-06 00:00,27,,1.2,230,78,1001.5,1009.4,,,,9,,28
156,堡林,2024-09-06 01:00,26.9,,1,250,80,1001.4,1009.3,,,,8,,28.1
156,堡林,2024-09-06 02:00,26.5,,1.4,230,81,1001.7,1009.7,,,,9,,28
156,堡林,2024-09-06 03:00,26.3,,.9,200,82,1001.6,1009.6,,,,8,,27.3
156,堡林,2024-09-06 04:00,26.3,,.8,230,83,1001.6,1009.6,,,,9,,27.5
156,堡林,2024-09-06 05:00,26.2,,.6,250,83,1001.8,1009.8,,,,9,,27.3
156,堡林,2024-09-06 06:00,25.8,,1,200,85,1002.1,1010.1,,,,7,,27
156,堡林,2024-09-06 07:00,26.2,,1.1,270,84,1002.6,1010.6,0,.1,,9,,27.6
156,堡林,2024-09-06 08:00,26.3,,1,200,83,1002.9,1010.9,0,.28,,10,,28.7
156,堡林,2024-09-06 09:00,26.7,,.8,230,83,1003.5,1011.5,0,.31,,10,,29.2
156,堡林,2024-09-06 10:00,26.6,0,.5,200,84,1003.9,1011.9,0,.31,,10,,29
156,堡林,2024-09-06 11:00,26.8,0,.7,90,86,1004.1,1012.1,0,.69,,10,,30
156,堡林,2024-09-06 12:00,27.1,.1,.8,250,83,1003.8,1011.7,0,.6,,10,,30.7
156,堡林,2024-09-06 13:00,28.1,0,1.4,270,76,1003.3,1011.2,0,.9,,10,,31.8
156,堡林,2024-09-06 14:00,28.9,,.6,230,68,1003,1010.9,.1,1.14,,9,,34.7
156,堡林,2024-09-06 15:00,29.7,,.5,320,63,1002.8,1010.6,.2,1.75,,9,,37
156,堡林,2024-09-06 16:00,28.9,,.3,0,66,1002.8,1010.7,0,.82,,10,,33.6
156,堡林,2024-09-06 17:00,28.6,,2.2,200,72,1003.1,1011,0,.49,,10,,32.4
156,堡林,2024-09-06 18:00,27.4,,2,180,78,1003.3,1011.2,.3,.66,,10,,31.3
156,堡林,2024-09-06 19:00,25,4.4,2.8,200,90,1003.7,1011.7,0,.1,,9,,26.9
156,堡林,2024-09-06 20:00,25,1.1,.7,200,92,1004.3,1012.3,,,,9,,27.5
156,堡林,2024-09-06 21:00,25.1,,.8,200,93,1005,1013,,,,9,,27.2
156,堡林,2024-09-06 22:00,24.8,,.3,0,93,1005,1013,,,,9,,27
156,堡林,2024-09-06 23:00,24.6,,.5,200,93,1005,1013,,,,10,,26.8
156,堡林,2024-09-07 00:00,24.5,,.7,200,92,1005.2,1013.2,,,,9,,26.6
156,堡林,2024-09-07 01:00,24.9,,0,0,92,1005.1,1013.1,,,,7,,26.6
156,堡林,2024-09-07 02:00,24.9,,.3,0,92,1005.2,1013.2,,,,9,,26.5
156,堡林,2024-09-07 03:00,24.9,,.5,180,91,1005,1013,,,,10,,26.4
156,堡林,2024-09-07 04:00,25.1,,.1,0,91,1005.2,1013.2,,,,10,,26.3
156,堡林,2024-09-07 05:00,24.9,,.3,0,92,1005.2,1013.2,,,,10,,26.2
156,堡林,2024-09-07 06:00,24.9,,.5,110,92,1005.5,1013.5,,,,10,,26.3
156,堡林,2024-09-07 07:00,25.1,,.3,0,91,1005.8,1013.8,0,.09,,10,,26.5
156,堡林,2024-09-07 08:00,26.2,,.1,0,88,1005.9,1013.9,0,.26,,10,,27.7
156,堡林,2024-09-07 09:00,26.5,,.3,0,86,1006.2,1014.2,0,.34,,10,,28.3
156,堡林,2024-09-07 10:00,26.6,0,1.2,230,87,1006.3,1014.3,0,.34,,10,,28.4
156,堡林,2024-09-07 11:00,26.1,0,1.5,200,89,1006.3,1014.3,0,.51,,10,,28.8
156,堡林,2024-09-07 12:00,26.6,.4,.7,340,86,1006,1014,.1,.99,,9,,30.3
156,堡林,2024-09-07 13:00,24.4,1.6,3.4,230,88,1006.1,1014.1,.2,1.19,,8,,29.5
156,堡林,2024-09-07 14:00,25,1.8,.9,230,91,1005.9,1013.9,0,.5,,9,,29.6
156,堡林,2024-09-07 15:00,25.7,1.2,.1,0,93,1005.5,1013.5,0,.63,,10,,29.5
156,堡林,2024-09-07 16:00,26.3,1.3,.5,160,89,1005.3,1013.3,0,.71,,10,,30.5
156,堡林,2024-09-07 17:00,26.1,,1.4,200,90,1005.4,1013.4,0,.62,,9,,29.8
156,堡林,2024-09-07 18:00,25.9,,1,160,92,1005.5,1013.5,0,.27,,7,,28.8
156,堡林,2024-09-07 19:00,25.8,,1.3,180,91,1005.6,1013.6,0,.1,,4,,27.8
156,堡林,2024-09-07 20:00,25.1,,.5,180,93,1006.2,1014.2,,,,1,,27
156,堡林,2024-09-07 21:00,24.9,,.8,200,93,1006.5,1014.6,,,,7,,26.5
156,堡林,2024-09-07 22:00,24.7,,.5,230,93,1006.6,1014.6,,,,1,,26
156,堡林,2024-09-07 23:00,25,,.5,230,92,1006.7,1014.7,,,,1,,25.8
156,堡林,2024-09-08 00:00,24.7,,.5,230,93,1006.6,1014.6,,,,6,,25.6
156,堡林,2024-09-08 01:00,24.3,,.1,0,93,1006.7,1014.7,,,,1,,25.5
156,堡林,2024-09-08 02:00,24,,.5,250,94,1006.4,1014.4,,,,1,,25.1
156,堡林,2024-09-08 03:00,23.8,,.1,0,94,1006.4,1014.4,,,,6,,25.1
156,堡林,2024-09-08 04:00,23.5,,.2,0,95,1006.5,1014.5,,,,7,,25.4
156,堡林,2024-09-08 05:00,23.5,,.1,0,94,1006.7,1014.7,,,,4,,24.9
156,堡林,2024-09-08 06:00,23.2,,.1,0,95,1006.8,1014.9,,,,3,,24.5
156,堡林,2024-09-08 07:00,23.5,,.4,0,94,1007.2,1015.2,0,.12,,0,,25.1
156,堡林,2024-09-08 08:00,24.2,,.4,0,91,1007.2,1015.2,0,.42,,8,,26.8
156,堡林,2024-09-08 09:00,25.3,,1.6,50,85,1007.2,1015.2,.3,.92,,7,,29.7
156,堡林,2024-09-08 10:00,26.9,,.8,70,79,1007.1,1015.1,1,2.15,,3,,35.6
156,堡林,2024-09-08 11:00,28.5,,.7,50,68,1006.5,1014.4,1,2.78,,0,,39.4
156,堡林,2024-09-08 12:00,29.8,,1.3,230,58,1005.9,1013.8,1,3.14,,0,,40.7
156,堡林,2024-09-08 13:00,31.2,,1.4,250,62,1005.4,1013.3,1,3.19,,1,,41.6
156,堡林,2024-09-08 14:00,31.9,,1.7,270,56,1005,1012.8,1,2.99,,1,,40
156,堡林,2024-09-08 15:00,32.5,,1.8,250,54,1004.4,1012.2,1,2.75,,0,,38.9
156,堡林,2024-09-08 16:00,32.2,,1.2,270,55,1004.1,1011.9,1,2.18,,0,,35.7
156,堡林,2024-09-08 17:00,31.4,,1.7,250,55,1004,1011.8,1,1.41,,1,,32.6
156,堡林,2024-09-08 18:00,30.2,,1,290,59,1004.1,1012,.9,.69,,0,,30.2
156,堡林,2024-09-08 19:00,28.2,,.5,340,65,1004.4,1012.3,.3,.15,,2,,28.6
156,堡林,2024-09-08 20:00,27.5,,.6,340,68,1005,1012.9,,,,1,,27.7
156,堡林,2024-09-08 21:00,27.2,,.6,270,70,1005.3,1013.3,,,,2,,27.3
156,堡林,2024-09-08 22:00,26.3,,.2,0,74,1005.6,1013.6,,,,1,,26.6
156,堡林,2024-09-08 23:00,25.9,,.3,0,76,1005.7,1013.7,,,,1,,26.1
156,堡林,2024-09-09 00:00,25.3,,.8,270,79,1005.5,1013.5,,,,0,,25.7
156,堡林,2024-09-09 01:00,25.2,,.4,0,79,1005.5,1013.5,,,,0,,25.5
156,堡林,2024-09-09 02:00,25.2,,.2,0,80,1005.4,1013.4,,,,1,,25.6
156,堡林,2024-09-09 03:00,24.7,,0,0,83,1005.4,1013.4,,,,1,,25.4
156,堡林,2024-09-09 04:00,24.2,,.4,0,85,1005.3,1013.3,,,,0,,25.1
156,堡林,2024-09-09 05:00,23.8,,.1,0,87,1005.4,1013.4,,,,0,,24.7
156,堡林,2024-09-09 06:00,24,,.7,90,87,1005.8,1013.8,,,,0,,24.6
156,堡林,2024-09-09 07:00,24.2,,.6,90,87,1005.9,1013.9,.1,.14,,0,,25.1
156,堡林,2024-09-09 08:00,25.6,,.2,0,82,1006,1014,1,.7,,0,,26.3
156,堡林,2024-09-09 09:00,27.6,,.6,70,76,1006.1,1014,1,1.43,,0,,31.5
156,堡林,2024-09-09 10:00,29.3,,.7,50,70,1006.1,1014,1,2.13,,0,,36.5
156,堡林,2024-09-09 11:00,29.9,,.8,180,65,1005.5,1013.4,1,2.35,,6,,36.6
156,堡林,2024-09-09 12:00,30.3,,.6,50,66,1004.8,1012.7,.5,1.83,,6,,34.5
156,堡林,2024-09-09 13:00,30.5,,.6,50,63,1004.3,1012.2,0,.81,,7,,32.7
156,堡林,2024-09-09 14:00,31.7,,.5,90,57,1003.8,1011.6,.2,1.22,,4,,35
156,堡林,2024-09-09 15:00,32.3,,.4,0,55,1003.7,1011.5,.5,1.59,,4,,34.7
156,堡林,2024-09-09 16:00,31,,.2,0,63,1003.3,1011.2,.1,.47,,3,,31.6
156,堡林,2024-09-09 17:00,31.6,,.5,290,58,1003.5,1011.3,.2,.57,,5,,30.9
156,堡林,2024-09-09 18:00,30.4,,3.1,200,65,1003.7,1011.6,0,.2,,5,,29.6
156,堡林,2024-09-09 19:00,29.5,,2.3,230,69,1004,1011.9,0,.11,,4,,28.4
156,堡林,2024-09-09 20:00,29.1,,1.9,230,72,1004.8,1012.7,,,,5,,28
156,堡林,2024-09-09 21:00,28.4,,.3,0,77,1005.3,1013.2,,,,0,,27.5
156,堡林,2024-09-09 22:00,27.4,,.4,0,80,1005.4,1013.4,,,,3,,27
156,堡林,2024-09-09 23:00,27.5,,.5,250,81,1005.3,1013.2,,,,3,,26.6
156,堡林,2024-09-10 00:00,27.1,,.3,0,84,1005.2,1013.2,,,,0,,26.3
156,堡林,2024-09-10 01:00,26.6,,.5,230,86,1005.2,1013.2,,,,0,,26
156,堡林,2024-09-10 02:00,25.8,,.3,0,87,1004.9,1012.9,,,,0,,25.7
156,堡林,2024-09-10 03:00,25.4,,.2,0,89,1004.8,1012.8,,,,0,,25.3
156,堡林,2024-09-10 04:00,25.2,,.7,70,88,1004.5,1012.5,,,,0,,25
156,堡林,2024-09-10 05:00,24.4,,1.1,50,90,1004.8,1012.8,,,,0,,24.8
156,堡林,2024-09-10 06:00,24.4,,2.1,70,90,1005.1,1013.1,,,,0,,24.6
156,堡林,2024-09-10 07:00,24.4,,1,50,89,1005.5,1013.5,.2,.16,,0,,24.8
156,堡林,2024-09-10 08:00,25.9,,1.5,50,83,1006,1014,1,.79,,0,,25.7
156,堡林,2024-09-10 09:00,28.7,,1.1,50,71,1006.2,1014.1,1,1.52,,0,,31.8
156,堡林,2024-09-10 10:00,30.4,,1.3,90,60,1006,1013.9,1,2.22,,0,,36.6
156,堡林,2024-09-10 11:00,31.4,,1.5,70,59,1005.6,1013.5,1,2.75,,0,,41.8
156,堡林,2024-09-10 12:00,31.8,,1.2,110,53,1005.2,1013,1,2.88,,2,,41.8
156,堡林,2024-09-10 13:00,31.8,,1.1,90,58,1004.8,1012.6,.7,2.18,,4,,39.3
156,堡林,2024-09-10 14:00,32,,1.1,90,61,1004.4,1012.2,.1,1.13,,4,,36.6
156,堡林,2024-09-10 15:00,31.7,,1,140,61,1003.9,1011.7,.1,.77,,4,,34.4
156,堡林,2024-09-10 16:00,32.5,,1,180,60,1003.8,1011.6,.3,.68,,3,,32.5
156,堡林,2024-09-10 17:00,31.4,,.8,140,60,1003.9,1011.7,.4,.76,,1,,31.4
156,堡林,2024-09-10 18:00,31.7,,2,180,60,1004.5,1012.3,.9,.59,,0,,30.3
156,堡林,2024-09-10 19:00,30.4,,2.6,180,67,1004.9,1012.8,.3,.14,,2,,29.1
156,堡林,2024-09-10 20:00,29.4,,1.3,180,70,1005.5,1013.4,,,,5,,28.3
156,堡林,2024-09-10 21:00,29.4,,1.1,200,70,1006.1,1014,,,,2,,27.8
156,堡林,2024-09-10 22:00,29,,.7,180,73,1006.4,1014.3,,,,3,,27.4
156,堡林,2024-09-10 23:00,28.2,,.7,50,75,1006.3,1014.2,,,,4,,27.1
156,堡林,2024-09-11 00:00,27.8,,.8,70,77,1006.4,1014.3,,,,4,,26.9
156,堡林,2024-09-11 01:00,27.4,,1,230,80,1006.7,1014.7,,,,6,,26.7
156,堡林,2024-09-11 02:00,27.3,,.1,0,80,1006.8,1014.8,,,,7,,26.8
156,堡林,2024-09-11 03:00,27.3,,.5,50,80,1006.9,1014.9,,,,9,,27.1
156,堡林,2024-09-11 04:00,27.1,,.5,50,83,1007.2,1015.2,,,,8,,27.1
156,堡林,2024-09-11 05:00,26.8,,1,70,83,1007.4,1015.4,,,,8,,26.9
156,堡林,2024-09-11 06:00,26.9,,1,50,82,1007.6,1015.6,,,,10,,26.9
156,堡林,2024-09-11 07:00,27.1,,.9,70,82,1008,1016,0,.14,,9,,27.4
156,堡林,2024-09-11 08:00,27.4,,1.4,70,81,1008.1,1016.1,0,.36,,9,,28.1
156,堡林,2024-09-11 09:00,28.5,,1.4,70,78,1008.4,1016.3,0,.64,,9,,31
156,堡林,2024-09-11 10:00,30.5,,1.7,90,73,1008.5,1016.4,.1,1.32,,9,,36.9
156,堡林,2024-09-11 11:00,31.2,,1.5,90,67,1008.2,1016.1,.4,1.9,,9,,41.5
156,堡林,2024-09-11 12:00,31.4,,1.6,90,67,1007.7,1015.6,.3,1.53,,9,,39.8
156,堡林,2024-09-11 13:00,30.7,0,2.5,180,68,1007.4,1015.3,0,1.09,,9,,37.8
156,堡林,2024-09-11 14:00,30.1,0,2.6,180,74,1007,1014.9,.1,1.32,,8,,39.5
156,堡林,2024-09-11 15:00,30.3,0,1.8,180,68,1007,1014.9,.5,2.06,,9,,39.1
156,堡林,2024-09-11 16:00,29.3,,3.1,200,73,1006.8,1014.7,.1,.87,,9,,35.1
156,堡林,2024-09-11 17:00,29.5,,1.3,200,73,1007.1,1015,0,.63,,9,,34
156,堡林,2024-09-11 18:00,29,,1.8,200,75,1007.4,1015.3,0,.31,,10,,31.6
156,堡林,2024-09-11 19:00,28.2,,3,180,76,1007.5,1015.4,0,.13,,10,,29.4
156,堡林,2024-09-11 20:00,27.1,,1.7,200,77,1007.8,1015.8,,,,8,,28
156,堡林,2024-09-11 21:00,27.2,,.1,0,78,1008.5,1016.5,,,,7,,28
156,堡林,2024-09-11 22:00,27.6,,.5,360,77,1008.9,1016.9,,,,10,,27.7
156,堡林,2024-09-11 23:00,27.3,,.3,0,81,1008.8,1016.8,,,,10,,27.7
156,堡林,2024-09-12 00:00,26.1,.1,1.1,50,87,1008.5,1016.5,,,,10,,27.3
156,堡林,2024-09-12 01:00,26.2,0,.7,50,88,1008.1,1016.1,,,,7,,27
156,堡林,2024-09-12 02:00,26,,.5,70,89,1007.7,1015.7,,,,7,,26.3
156,堡林,2024-09-12 03:00,25.9,,.4,0,88,1007.7,1015.7,,,,6,,26.2
156,堡林,2024-09-12 04:00,26.1,,.3,0,88,1007.6,1015.6,,,,6,,26.2
156,堡林,2024-09-12 05:00,26.3,,.3,0,87,1007.8,1015.8,,,,10,,26.4
156,堡林,2024-09-12 06:00,26,,.8,70,88,1007.8,1015.8,,,,10,,26.4
156,堡林,2024-09-12 07:00,26.7,,.7,50,86,1008.2,1016.2,0,.1,,9,,26.9
156,堡林,2024-09-12 08:00,27.3,,.3,0,84,1008.3,1016.3,0,.31,,9,,28.4
156,堡林,2024-09-12 09:00,29.1,,1.3,200,79,1008.3,1016.2,.2,.9,,8,,32.6
156,堡林,2024-09-12 10:00,29.2,,1.4,180,76,1007.9,1015.8,.5,1.31,,7,,33.6
156,堡林,2024-09-12 11:00,31.6,,1.3,160,65,1007.7,1015.6,.8,2.33,,8,,43.7
156,堡林,2024-09-12 12:00,31.5,,2,200,67,1007.2,1015.1,.6,1.84,,9,,41.8
156,堡林,2024-09-12 13:00,33.2,,2.8,230,59,1006.7,1014.5,.9,2.77,,7,,51
156,堡林,2024-09-12 14:00,33.5,,2.2,200,53,1006,1013.8,1,3.2,,7,,51.7
156,堡林,2024-09-12 15:00,33.7,,2.7,230,54,1005.3,1013.1,1,2.56,,8,,49.3
156,堡林,2024-09-12 16:00,33.1,,1.6,180,57,1005.3,1013.1,.8,1.92,,8,,44.1
156,堡林,2024-09-12 17:00,31.7,,2,200,58,1005.4,1013.3,.7,1.03,,7,,35.7
156,堡林,2024-09-12 18:00,30.8,,2.4,200,66,1005.5,1013.4,.2,.37,,7,,32.3
156,堡林,2024-09-12 19:00,29.6,,1.8,200,70,1005.6,1013.5,0,.1,,7,,29.9
156,堡林,2024-09-12 20:00,29.2,,2.3,180,72,1005.9,1013.8,,,,6,,28.9
156,堡林,2024-09-12 21:00,28.3,,1,200,75,1006.3,1014.2,,,,5,,27.9
156,堡林,2024-09-12 22:00,28,,1.1,200,76,1006,1013.9,,,,2,,27.2
156,堡林,2024-09-12 23:00,27.3,,.9,230,79,1005.8,1013.8,,,,2,,26.8
156,堡林,2024-09-13 00:00,27,,.1,0,79,1005.2,1013.2,,,,5,,26.4
156,堡林,2024-09-13 01:00,26.5,,0,0,81,1004.7,1012.7,,,,7,,26
156,堡林,2024-09-13 02:00,26.5,,.4,0,81,1004.3,1012.3,,,,5,,25.7
156,堡林,2024-09-13 03:00,26.1,,.1,0,83,1004,1012,,,,8,,25.6
156,堡林,2024-09-13 04:00,25.8,,.3,0,87,1004,1012,,,,5,,25.3
156,堡林,2024-09-13 05:00,25.3,,.3,0,89,1003.7,1011.7,,,,3,,25
156,堡林,2024-09-13 06:00,25.1,,.4,0,87,1003.9,1011.9,,,,3,,24.7
156,堡林,2024-09-13 07:00,25.3,,.4,0,86,1004.4,1012.4,0,.13,,3,,25.4
156,堡林,2024-09-13 08:00,27.1,,.2,0,81,1004.4,1012.4,.6,.69,,7,,28.2
156,堡林,2024-09-13 09:00,29.1,,1.2,200,76,1003.9,1011.8,1,1.47,,2,,35.2
156,堡林,2024-09-13 10:00,29.3,,.6,290,75,1003.8,1011.7,.8,1.69,,8,,35.9
156,堡林,2024-09-13 11:00,31.1,,1.7,200,64,1003,1010.8,.8,2.52,,7,,45.6
156,堡林,2024-09-13 12:00,32.2,,1.8,230,59,1002.4,1010.2,.8,2.27,,7,,48.2
156,堡林,2024-09-13 13:00,32.5,,1.7,230,61,1001.5,1009.3,.8,2.62,,7,,50.4
156,堡林,2024-09-13 14:00,33.2,,1.8,270,55,1000.6,1008.4,1,3.08,,3,,52.9
156,堡林,2024-09-13 15:00,34.2,,1.5,230,49,1000.2,1007.9,1,2.83,,4,,51.4
156,堡林,2024-09-13 16:00,33.5,,2,270,50,999.8,1007.6,1,2.15,,3,,43.5
156,堡林,2024-09-13 17:00,32.7,,1.2,320,57,999.6,1007.4,.9,1.38,,3,,37.1
156,堡林,2024-09-13 18:00,31.4,,1.7,320,65,999.8,1007.6,.9,.69,,7,,34.9
156,堡林,2024-09-13 19:00,29.4,,1.1,360,71,999.6,1007.4,.2,.15,,5,,30.9
156,堡林,2024-09-13 20:00,29.1,,.3,0,72,1000,1007.8,,,,3,,29.4
156,堡林,2024-09-13 21:00,28.5,,.6,320,74,1000.5,1008.4,,,,5,,28.9
156,堡林,2024-09-13 22:00,28.4,,1.3,250,74,1000.9,1008.8,,,,4,,28.7
156,堡林,2024-09-13 23:00,27.6,,.3,0,78,1000.4,1008.3,,,,3,,27.5
156,堡林,2024-09-14 00:00,27.1,,.2,0,80,1000.2,1008.1,,,,0,,26.9
156,堡林,2024-09-14 01:00,27,,0,0,81,999.8,1007.7,,,,3,,26.5
156,堡林,2024-09-14 02:00,26.3,,0,0,85,999.3,1007.2,,,,3,,26.1
156,堡林,2024-09-14 03:00,25.8,,.1,0,87,999.1,1007.1,,,,0,,25.7
156,堡林,2024-09-14 04:00,25.7,,.4,0,86,998.8,1006.8,,,,0,,25.4
156,堡林,2024-09-14 05:00,25.3,,.6,70,86,998.8,1006.8,,,,0,,25.1
156,堡林,2024-09-14 06:00,24.8,,1.1,70,87,999,1006.9,,,,0,,24.7
156,堡林,2024-09-14 07:00,25,,.9,70,87,999.2,1007.2,.2,.15,,0,,25.1
156,堡林,2024-09-14 08:00,26.3,,0,0,83,999.4,1007.3,1,.77,,0,,26
156,堡林,2024-09-14 09:00,28.6,,.7,90,74,999.5,1007.4,1,1.49,,0,,35.9
156,堡林,2024-09-14 10:00,29.8,,.6,140,66,999.7,1007.5,1,2.18,,0,,43.8
156,堡林,2024-09-14 11:00,31,,.7,290,61,999.4,1007.2,1,2.65,,2,,48.9
156,堡林,2024-09-14 12:00,32.5,,.8,140,58,998.8,1006.6,.7,2.17,,2,,51.7
156,堡林,2024-09-14 13:00,33.3,,1,360,53,997.9,1005.6,.8,2.62,,2,,52.7
156,堡林,2024-09-14 14:00,34.1,,1.8,290,48,997.2,1004.9,1,3.07,,3,,54.8
156,堡林,2024-09-14 15:00,34.3,,1,360,47,996.6,1004.3,1,2.76,,2,,53.1
156,堡林,2024-09-14 16:00,34.2,,1.1,90,48,996.2,1003.9,.8,1.87,,2,,42.7
156,堡林,2024-09-14 17:00,33.1,,1.2,290,58,996.5,1004.2,1,1.41,,2,,37.7
156,堡林,2024-09-14 18:00,32,,1,360,62,996.7,1004.5,1,.72,,2,,34.4
156,堡林,2024-09-14 19:00,30.6,,1.2,320,68,997.2,1005,.3,.14,,2,,31.1
156,堡林,2024-09-14 20:00,29.7,,.9,50,71,998,1005.8,,,,0,,29.6
156,堡林,2024-09-14 21:00,28.7,,1,50,73,998.7,1006.5,,,,0,,28.7
156,堡林,2024-09-14 22:00,28,,1.5,70,75,999.2,1007.1,,,,0,,28.2
156,堡林,2024-09-14 23:00,27.3,,.7,50,78,998.7,1006.6,,,,0,,27.5
156,堡林,2024-09-15 00:00,27.1,,.6,70,79,999,1006.9,,,,0,,27
156,堡林,2024-09-15 01:00,26.8,,1,70,81,998.9,1006.8,,,,0,,26.6
156,堡林,2024-09-15 02:00,26.6,,.8,90,82,999,1006.9,,,,0,,26.3
156,堡林,2024-09-15 03:00,26.6,,.3,0,83,999.1,1007,,,,0,,25.9
156,堡林,2024-09-15 04:00,26,,1.2,50,85,999.5,1007.5,,,,0,,25.5
156,堡林,2024-09-15 05:00,25.3,,1,70,86,999.2,1007.2,,,,0,,24.9
156,堡林,2024-09-15 06:00,25.1,,1.7,70,88,999.7,1007.7,,,,0,,24.6
156,堡林,2024-09-15 07:00,25.1,,.7,50,87,1000.1,1008.1,.2,.14,,0,,25.1
156,堡林,2024-09-15 08:00,26.7,,.2,0,81,1000.6,1008.5,1,.75,,0,,26.3
156,堡林,2024-09-15 09:00,28.6,,1.3,50,74,1000.5,1008.4,1,1.49,,0,,36.2
156,堡林,2024-09-15 10:00,30.2,,.7,90,69,1000.8,1008.7,1,2.16,,0,,44.6
156,堡林,2024-09-15 11:00,31.5,,1.2,90,63,1000.5,1008.3,1,2.68,,0,,50.4
156,堡林,2024-09-15 12:00,32.5,,1.4,230,57,1000.2,1008,1,2.88,,2,,51.3
156,堡林,2024-09-15 13:00,34.4,,.6,200,51,999.8,1007.5,1,3,,2,,56.7
156,堡林,2024-09-15 14:00,33.8,,1.7,230,52,999.6,1007.3,.9,2.98,,6,,49.3
156,堡林,2024-09-15 15:00,35.1,,1.7,200,51,999.3,1007,.3,1.43,,7,,51.5
156,堡林,2024-09-15 16:00,32.6,,1.8,180,62,999.5,1007.3,.7,1.77,,7,,40.5
156,堡林,2024-09-15 17:00,33.1,,.6,90,59,999.9,1007.7,.6,1.01,,7,,37.7
156,堡林,2024-09-15 18:00,32,,2.7,180,65,1000.8,1008.6,0,.32,,7,,34.3
156,堡林,2024-09-15 19:00,30.8,,.9,90,69,1001.7,1009.5,0,.09,,8,,32.2
156,堡林,2024-09-15 20:00,30.1,,.8,90,73,1002.2,1010.1,,,,7,,30.8
156,堡林,2024-09-15 21:00,29,,1.5,70,77,1002.8,1010.7,,,,8,,29.3
156,堡林,2024-09-15 22:00,28.3,,2.3,70,79,1003.2,1011.1,,,,5,,28.3
156,堡林,2024-09-15 23:00,28.1,,1.1,70,79,1003.6,1011.5,,,,7,,27.7
156,堡林,2024-09-16 00:00,27.9,,.9,90,78,1003.8,1011.7,,,,6,,27.3
156,堡林,2024-09-16 01:00,27.3,,.9,70,79,1003.8,1011.7,,,,4,,26.9
156,堡林,2024-09-16 02:00,27.2,,1.4,70,80,1004,1011.9,,,,3,,26.7
156,堡林,2024-09-16 03:00,26.4,,2.2,70,81,1004,1012,,,,1,,26.2
156,堡林,2024-09-16 04:00,26.2,,2.3,70,81,1004.2,1012.2,,,,4,,25.9
156,堡林,2024-09-16 05:00,26.1,,2,50,80,1004.4,1012.4,,,,6,,25.8
156,堡林,2024-09-16 06:00,25.8,,2.4,70,81,1004.7,1012.7,,,,5,,25.4
156,堡林,2024-09-16 07:00,26.2,,2.7,70,79,1005.6,1013.6,0,.11,,4,,26.6
156,堡林,2024-09-16 08:00,27,,2.7,70,76,1005.6,1013.6,0,.34,,10,,29
156,堡林,2024-09-16 09:00,27.7,,3.2,70,75,1006,1013.9,.1,.69,,10,,31.4
156,堡林,2024-09-16 10:00,28.7,,1.2,70,73,1006.8,1014.7,0,.67,,10,,33
156,堡林,2024-09-16 11:00,27.9,.6,1.1,70,77,1006.7,1014.6,0,.73,,10,,31.6
156,堡林,2024-09-16 12:00,29.5,0,1.3,70,73,1006.7,1014.6,0,.92,,10,,32.3
156,堡林,2024-09-16 13:00,30,0,1,110,74,1006.6,1014.5,0,1.02,,10,,32.8
156,堡林,2024-09-16 14:00,30.5,,1.2,90,69,1006.3,1014.2,0,.77,,10,,33.5
156,堡林,2024-09-16 15:00,30.4,,1.6,90,70,1006.1,1014,0,.65,,10,,32.9
156,堡林,2024-09-16 16:00,30,,1.2,110,72,1006.4,1014.3,0,.52,,10,,32.1
156,堡林,2024-09-16 17:00,30.5,,.9,90,69,1006.4,1014.3,0,.58,,8,,32.2
156,堡林,2024-09-16 18:00,29.7,,1,70,72,1006.8,1014.7,0,.27,,9,,30.4
156,堡林,2024-09-16 19:00,29.3,,.8,110,74,1007.1,1015,0,.08,,7,,29.3
156,堡林,2024-09-16 20:00,29.3,,.4,0,76,1007.6,1015.5,,,,8,,29
156,堡林,2024-09-16 21:00,28.8,,.7,50,76,1007.9,1015.8,,,,7,,28.1
156,堡林,2024-09-16 22:00,28.7,,.3,0,77,1008,1015.9,,,,7,,27.7
156,堡林,2024-09-16 23:00,28.5,,.5,50,78,1008.3,1016.2,,,,7,,27.3
156,堡林,2024-09-17 00:00,28.1,,.7,200,80,1008,1015.9,,,,9,,27.2
156,堡林,2024-09-17 01:00,27.8,,.6,180,81,1008.1,1016.1,,,,7,,27.2
156,堡林,2024-09-17 02:00,27.3,,.3,0,83,1007.9,1015.9,,,,8,,26.9
156,堡林,2024-09-17 03:00,26.9,,.4,0,85,1007.7,1015.7,,,,1,,26.1
156,堡林,2024-09-17 04:00,26.9,,.5,50,85,1007.6,1015.6,,,,3,,25.8
156,堡林,2024-09-17 05:00,26.5,,.2,0,87,1007.5,1015.5,,,,8,,26
156,堡林,2024-09-17 06:00,26.3,,.7,90,87,1007.5,1015.5,,,,2,,25.7
156,堡林,2024-09-17 07:00,26.7,,1.1,50,86,1007.9,1015.9,0,.13,,3,,26.4
156,堡林,2024-09-17 08:00,27.5,,.7,90,83,1008.1,1016.1,1,.7,,0,,27.2
156,堡林,2024-09-17 09:00,29.2,,.7,50,75,1008,1015.9,1,1.43,,0,,35.9
156,堡林,2024-09-17 10:00,31.2,,.9,110,70,1008,1015.9,1,2.11,,2,,45.1
156,堡林,2024-09-17 11:00,32.6,,.8,50,65,1007.6,1015.4,1,2.67,,4,,51.5
156,堡林,2024-09-17 12:00,33.6,,.8,70,58,1007.2,1015,.9,2.74,,6,,55.8
156,堡林,2024-09-17 13:00,33.6,,.7,70,56,1006.5,1014.3,.8,2.66,,5,,49.3
156,堡林,2024-09-17 14:00,33.7,,.8,70,54,1005.8,1013.6,.4,1.22,,6,,42
156,堡林,2024-09-17 15:00,35.5,,1.3,20,49,1005.1,1012.9,.7,2.03,,5,,51.3
156,堡林,2024-09-17 16:00,31.2,,3.7,230,68,1005.2,1013.1,.1,.56,,8,,36
156,堡林,2024-09-17 17:00,28.5,.2,.9,200,83,1005.7,1013.6,0,.27,,8,,31.3
156,堡林,2024-09-17 18:00,28.8,0,1.1,250,77,1005.8,1013.7,0,.36,,8,,31.3
156,堡林,2024-09-17 19:00,28.9,,1.2,270,78,1006.3,1014.2,0,.11,,8,,29.8
156,堡林,2024-09-17 20:00,26.6,2,1.2,50,92,1006.5,1014.5,,,,7,,28.4
156,堡林,2024-09-17 21:00,26.3,0,1.1,70,93,1006.8,1014.8,,,,4,,27.7
156,堡林,2024-09-17 22:00,25.7,,1.5,70,92,1006.7,1014.7,,,,3,,27.2
156,堡林,2024-09-17 23:00,25.8,,1.3,70,92,1006.5,1014.5,,,,3,,26.7
156,堡林,2024-09-18 00:00,25.4,,.8,90,93,1006.2,1014.2,,,,3,,26.5
156,堡林,2024-09-18 01:00,25.3,,1.3,50,93,1006,1014,,,,3,,26.2
156,堡林,2024-09-18 02:00,24.9,,.8,90,93,1006,1014,,,,3,,25.9
156,堡林,2024-09-18 03:00,25,,.5,50,93,1005.7,1013.7,,,,5,,25.7
156,堡林,2024-09-18 04:00,24.9,,.7,90,93,1006,1014,,,,3,,25.6
156,堡林,2024-09-18 05:00,25.3,,.7,70,92,1005.9,1013.9,,,,0,,25.4
156,堡林,2024-09-18 06:00,24.8,,.4,0,93,1006.3,1014.3,,,,0,,25.2
156,堡林,2024-09-18 07:00,25.2,,.4,0,94,1006.5,1014.5,0,.11,,0,,25.5
156,堡林,2024-09-18 08:00,26.2,,.7,70,90,1006.4,1014.4,.9,.7,,0,,26.4
156,堡林,2024-09-18 09:00,28.7,,.8,90,79,1006.6,1014.5,1,1.45,,0,,33.2
156,堡林,2024-09-18 10:00,30.3,,.9,90,74,1006.7,1014.6,1,2.09,,1,,40.3
156,堡林,2024-09-18 11:00,32.2,,1.3,70,64,1006.3,1014.1,1,2.65,,4,,46
156,堡林,2024-09-18 12:00,32,,.9,50,66,1006,1013.8,.4,1.41,,6,,40.3
156,堡林,2024-09-18 13:00,33.4,,.9,110,58,1005.6,1013.4,.7,2.18,,6,,43.8
156,堡林,2024-09-18 14:00,33.8,,1.1,320,59,1005,1012.8,.6,1.99,,5,,49.3
156,堡林,2024-09-18 15:00,33.8,,2.1,200,61,1004.4,1012.2,.2,1.08,,7,,42.9
156,堡林,2024-09-18 16:00,32.9,,2.1,200,62,1004.1,1011.9,.9,2.11,,6,,41.6
156,堡林,2024-09-18 17:00,31.3,,2.7,180,67,1004.9,1012.8,.1,.48,,7,,34
156,堡林,2024-09-18 18:00,31.3,,1.1,230,66,1005.2,1013.1,.3,.33,,7,,33.2
156,堡林,2024-09-18 19:00,29,,.8,50,78,1005.5,1013.4,.1,.17,,2,,30.5
156,堡林,2024-09-18 20:00,28.7,,.5,70,79,1006.4,1014.3,,,,2,,29.5
156,堡林,2024-09-18 21:00,29,,.9,230,74,1006.9,1014.8,,,,0,,28.2
156,堡林,2024-09-18 22:00,28.1,,.6,90,78,1007.2,1015.1,,,,6,,27.5
156,堡林,2024-09-18 23:00,28.1,,.5,250,81,1007.1,1015,,,,5,,27.1
156,堡林,2024-09-19 00:00,27.5,,.1,0,79,1006.7,1014.7,,,,7,,27.1
156,堡林,2024-09-19 01:00,26.8,,.6,90,83,1006.4,1014.4,,,,6,,26.3
156,堡林,2024-09-19 02:00,25.9,,1.3,70,85,1006.3,1014.3,,,,3,,25.9
156,堡林,2024-09-19 03:00,26,,.5,90,88,1006,1014,,,,0,,25.4
156,堡林,2024-09-19 04:00,25.6,,.7,70,87,1006,1014,,,,0,,25.2
156,堡林,2024-09-19 05:00,25.5,,.5,70,86,1006.4,1014.4,,,,0,,25
156,堡林,2024-09-19 06:00,25.2,,.7,90,86,1006.6,1014.6,,,,1,,24.7
156,堡林,2024-09-19 07:00,25.2,,.8,90,86,1007,1015,0,.11,,2,,25
156,堡林,2024-09-19 08:00,26.4,,1.2,70,82,1007.3,1015.3,.9,.67,,3,,25.8
156,堡林,2024-09-19 09:00,28.6,,1.2,70,74,1007.5,1015.4,1,1.32,,4,,34
156,堡林,2024-09-19 10:00,31.6,,1.6,70,64,1007.1,1015,1,2.14,,1,,43.6
156,堡林,2024-09-19 11:00,32.6,,1.3,70,57,1006.8,1014.6,1,2.56,,1,,46.9
156,堡林,2024-09-19 12:00,34.6,,2.1,200,54,1006.3,1014.1,1,2.52,,6,,52.2
156,堡林,2024-09-19 13:00,35.2,,2.6,180,48,1005.7,1013.5,1,3.08,,4,,55.3
156,堡林,2024-09-19 14:00,35.3,,3.4,200,47,1005.1,1012.9,1,3.05,,4,,56.6
156,堡林,2024-09-19 15:00,35.1,,3.3,180,46,1004.7,1012.5,1,2.5,,4,,52.1
156,堡林,2024-09-19 16:00,34.5,,1.3,140,47,1004.6,1012.4,1,1.77,,3,,41.9
156,堡林,2024-09-19 17:00,33.3,,3.5,180,48,1004.6,1012.4,1,1.13,,2,,35.7
156,堡林,2024-09-19 18:00,32.5,,2.3,180,53,1004.8,1012.6,.6,.39,,1,,32.6
156,堡林,2024-09-19 19:00,31.2,,1.4,140,58,1005.3,1013.2,.3,.1,,2,,30.7
156,堡林,2024-09-19 20:00,30.9,,1,140,58,1005.4,1013.3,,,,6,,29.6
156,堡林,2024-09-19 21:00,31,,1,110,56,1005.6,1013.5,,,,7,,29.3
156,堡林,2024-09-19 22:00,28.6,,2.5,270,69,1006.2,1014.1,,,,10,,29.2
156,堡林,2024-09-19 23:00,27,0,2.3,250,78,1006.8,1014.8,,,,10,,27.5
156,堡林,2024-09-20 00:00,26.2,0,.5,20,84,1006,1014,,,,10,,27.1
156,堡林,2024-09-20 01:00,25.9,,1,70,85,1005.2,1013.2,,,,10,,26.8
156,堡林,2024-09-20 02:00,26.8,,1.2,70,82,1004.9,1012.9,,,,10,,26.7
156,堡林,2024-09-20 03:00,27.8,,.8,160,79,1004.4,1012.3,,,,9,,26.9
156,堡林,2024-09-20 04:00,28.4,,.5,90,76,1003.8,1011.7,,,,8,,26.9
156,堡林,2024-09-20 05:00,28.2,,1.2,90,77,1003.3,1011.2,,,,10,,27
156,堡林,2024-09-20 06:00,23.8,21.5,1.2,230,94,1003.9,1011.9,,,,10,,25.3
156,堡林,2024-09-20 07:00,24.1,7.1,1,180,95,1004.3,1012.3,0,.06,,10,,25.4
156,堡林,2024-09-20 08:00,24.8,2.6,1,140,95,1004.3,1012.3,0,.09,,10,,25.8
156,堡林,2024-09-20 09:00,25.2,2.9,1.2,70,94,1004,1012,0,.22,,10,,27
156,堡林,2024-09-20 10:00,26.3,.8,.8,50,91,1004,1012,0,.59,,10,,29.1
156,堡林,2024-09-20 11:00,25.8,18.5,.4,0,96,1004.1,1012.1,0,.27,,10,,27.6
156,堡林,2024-09-20 12:00,26.3,2.8,1.1,90,94,1003,1011,0,.61,,10,,29.4
156,堡林,2024-09-20 13:00,27.5,,.9,140,90,1002.6,1010.5,0,1.06,,10,,31.5
156,堡林,2024-09-20 14:00,26.8,3.7,2.9,180,88,1001.8,1009.7,.1,.94,,10,,32.2
156,堡林,2024-09-20 15:00,27.3,,2.2,200,87,1001.5,1009.4,.3,1.25,,10,,31.2
156,堡林,2024-09-20 16:00,27.3,,3.1,180,85,1001.1,1009,0,.68,,10,,29.8
156,堡林,2024-09-20 17:00,25.8,2.5,1.6,200,93,1001.3,1009.3,0,.33,,10,,28.7
156,堡林,2024-09-20 18:00,25.5,2,1.6,180,95,1001.3,1009.3,0,.13,,10,,27.5
156,堡林,2024-09-20 19:00,25.8,0,1.9,200,93,1001.1,1009.1,0,.08,,10,,27.1
156,堡林,2024-09-20 20:00,25.7,.5,2.6,200,93,1001.2,1009.2,,,,10,,27
156,堡林,2024-09-20 21:00,26,.4,.7,250,93,1001.3,1009.3,,,,10,,27
156,堡林,2024-09-20 22:00,25.7,2.4,1.8,200,95,1000.9,1008.9,,,,10,,26.7
156,堡林,2024-09-20 23:00,25.4,8.7,2.2,230,96,1001,1009,,,,10,,26.2
156,堡林,2024-09-21 00:00,25.3,10.7,1.5,200,96,1000.2,1008.2,,,,10,,26.3
156,堡林,2024-09-21 01:00,25.5,0,1.7,230,96,999.9,1007.9,,,,9,,26.4
156,堡林,2024-09-21 02:00,25.5,2.7,2.7,200,96,999.6,1007.6,,,,10,,26.4
156,堡林,2024-09-21 03:00,25.6,2.4,3,230,96,998.5,1006.5,,,,10,,26.3
156,堡林,2024-09-21 04:00,25.6,5.7,2.8,230,96,998.6,1006.6,,,,10,,26.2
156,堡林,2024-09-21 05:00,25.5,.6,2.9,230,95,998.5,1006.5,,,,10,,26.1
156,堡林,2024-09-21 06:00,25.2,13,2.2,180,97,998.5,1006.5,,,,10,,25.9
156,堡林,2024-09-21 07:00,24.8,3.8,2,200,95,998.6,1006.5,0,.07,,10,,25.7
156,堡林,2024-09-21 08:00,25.6,,1.3,200,96,998.5,1006.5,0,.22,,10,,27
156,堡林,2024-09-21 09:00,25.6,1.4,3.1,200,95,998.3,1006.3,0,.3,,10,,27
156,堡林,2024-09-21 10:00,25.7,4.3,2.1,230,96,998.7,1006.7,0,.37,,10,,27
156,堡林,2024-09-21 11:00,24.2,5.7,4.7,200,95,999.3,1007.3,0,.16,,10,,26.1
156,堡林,2024-09-21 12:00,24.6,2.9,1.2,230,95,998.5,1006.4,0,.38,,10,,27.2
156,堡林,2024-09-21 13:00,25.1,.2,.7,200,92,997.9,1005.9,0,.59,,10,,28
156,堡林,2024-09-21 14:00,24.8,1.2,.6,110,95,996.6,1004.5,0,.71,,10,,28.6
156,堡林,2024-09-21 15:00,24.7,.5,0,0,93,995.8,1003.7,0,.41,,10,,27.6
156,堡林,2024-09-21 16:00,24.2,3.5,1.2,70,95,994.8,1002.7,0,.09,,10,,26.1
156,堡林,2024-09-21 17:00,24.2,4.2,2.9,70,96,993.2,1001.1,0,.07,,10,,25.6
156,堡林,2024-09-21 18:00,24.1,3.3,1.8,50,96,993.9,1001.8,0,.07,,10,,25.3
156,堡林,2024-09-21 19:00,24.1,3.2,.8,50,96,995.1,1003,0,.08,,10,,25.5
156,堡林,2024-09-21 20:00,23.9,1.5,0,0,96,995.8,1003.7,,,,10,,25.4
156,堡林,2024-09-21 21:00,24.2,,0,0,96,996.5,1004.4,,,,10,,25.5
156,堡林,2024-09-21 22:00,23.2,,1.9,320,94,997.3,1005.3,,,,8,,25.1
156,堡林,2024-09-21 23:00,22.1,.1,1.3,290,94,997.7,1005.7,,,,9,,24.4
156,堡林,2024-09-22 00:00,21.8,,.5,320,93,998.1,1006.2,,,,10,,24.2
156,堡林,2024-09-22 01:00,21.5,,.6,340,92,998.3,1006.4,,,,8,,24
156,堡林,2024-09-22 02:00,21.3,,.4,0,93,999,1007.1,,,,7,,23.8
156,堡林,2024-09-22 03:00,20.8,0,.2,0,95,999.3,1007.4,,,,10,,23.6
156,堡林,2024-09-22 04:00,20.7,.1,.8,320,95,999.6,1007.7,,,,10,,23.5
156,堡林,2024-09-22 05:00,20.5,.2,.3,0,96,1000,1008.1,,,,10,,23.3
156,堡林,2024-09-22 06:00,20.4,.6,.1,0,96,1000.9,1009,,,,10,,23.1
156,堡林,2024-09-22 07:00,20.2,.3,.3,0,96,1001.6,1009.8,0,.07,,10,,23.2
156,堡林,2024-09-22 08:00,20.2,.4,.6,320,96,1002.1,1010.3,0,.24,,10,,24.2
156,堡林,2024-09-22 09:00,20.7,.2,.3,0,96,1002.3,1010.4,0,.51,,10,,25.2
156,堡林,2024-09-22 10:00,21.3,0,.2,0,92,1003,1011.1,0,.47,,10,,25.5
156,堡林,2024-09-22 11:00,22,0,.7,20,92,1003.1,1011.2,0,.54,,10,,26
156,堡林,2024-09-22 12:00,22.2,0,0,0,92,1002.9,1011,0,.47,,10,,25.7
156,堡林,2024-09-22 13:00,22,.4,.1,0,94,1002.7,1010.8,0,.66,,10,,27.8
156,堡林,2024-09-22 14:00,21.9,.7,.6,340,93,1002.8,1010.9,0,.83,,10,,26.9
156,堡林,2024-09-22 15:00,22.1,.6,1,70,95,1002.8,1010.9,0,.66,,10,,26.7
156,堡林,2024-09-22 16:00,22.1,.8,0,0,92,1002.7,1010.8,0,.58,,10,,27
156,堡林,2024-09-22 17:00,21.8,.4,.6,290,94,1003.2,1011.3,0,.35,,10,,26
156,堡林,2024-09-22 18:00,20.9,3.9,1.4,70,95,1003.5,1011.6,0,.16,,10,,24.1
156,堡林,2024-09-22 19:00,21,1.8,.1,0,95,1003.9,1012,0,.08,,10,,23.9
156,堡林,2024-09-22 20:00,21,.7,.5,50,95,1004.9,1013,,,,10,,23.6
156,堡林,2024-09-22 21:00,20.9,1.7,.4,0,96,1005.8,1014,,,,10,,23.4
156,堡林,2024-09-22 22:00,20.8,2,.5,110,96,1006.3,1014.5,,,,10,,23.2
156,堡林,2024-09-22 23:00,20.5,1.4,.7,90,95,1006.6,1014.8,,,,10,,22.9
156,堡林,2024-09-23 00:00,20.6,.7,.2,0,95,1006.8,1015,,,,10,,22.8
156,堡林,2024-09-23 01:00,19.9,.8,1.3,70,95,1007.1,1015.3,,,,10,,22.4
156,堡林,2024-09-23 02:00,20.1,0,.8,70,93,1007.4,1015.6,,,,9,,22.3
156,堡林,2024-09-23 03:00,19.9,1.5,.4,0,94,1007.3,1015.5,,,,10,,21.7
156,堡林,2024-09-23 04:00,19.9,0,1.9,70,95,1007.6,1015.8,,,,9,,21.9
156,堡林,2024-09-23 05:00,19.2,,1.8,50,94,1007.9,1016.1,,,,9,,21.7
156,堡林,2024-09-23 06:00,19,,1.7,50,95,1008.3,1016.5,,,,9,,21.6
156,堡林,2024-09-23 07:00,19.2,,1.8,70,93,1008.8,1017,0,.1,,9,,21.7
156,堡林,2024-09-23 08:00,19,.1,1.5,70,91,1009.3,1017.5,0,.17,,10,,21.8
156,堡林,2024-09-23 09:00,19.6,0,1.8,70,89,1009.6,1017.8,0,.51,,10,,23.9
156,堡林,2024-09-23 10:00,20.9,,1.4,70,85,1009.6,1017.8,0,1,,10,,26.2
156,堡林,2024-09-23 11:00,22.4,,1.4,50,79,1009.5,1017.6,.1,1.49,,10,,29.8
156,堡林,2024-09-23 12:00,23.7,,1.3,70,71,1009,1017.1,.4,2.05,,10,,32.7
156,堡林,2024-09-23 13:00,24.3,,.9,70,72,1008.2,1016.2,0,1.8,,9,,33.1
156,堡林,2024-09-23 14:00,25.4,,2.1,50,68,1007.6,1015.6,.4,2.21,,8,,36.6
156,堡林,2024-09-23 15:00,25.4,,1.9,70,69,1007.1,1015.1,.8,2.22,,8,,33.1
156,堡林,2024-09-23 16:00,25.7,,1.8,50,58,1007.4,1015.4,.9,1.97,,8,,31.2
156,堡林,2024-09-23 17:00,24.4,,1.1,70,62,1007.4,1015.4,.6,.93,,5,,27
156,堡林,2024-09-23 18:00,23.5,,1.2,90,63,1007.6,1015.6,.7,.44,,6,,24.9
156,堡林,2024-09-23 19:00,22.2,,2.4,180,67,1008,1016.1,0,.08,,8,,23.5
156,堡林,2024-09-23 20:00,21.1,,.6,200,74,1008.4,1016.6,,,,5,,22.3
156,堡林,2024-09-23 21:00,21,,.3,0,70,1008.8,1017,,,,3,,21.8
156,堡林,2024-09-23 22:00,20.8,,.7,90,73,1009.1,1017.3,,,,7,,21.3
156,堡林,2024-09-23 23:00,19.6,,1,90,79,1009.2,1017.4,,,,7,,20.9
156,堡林,2024-09-24 00:00,18.9,,1.7,70,78,1009.1,1017.3,,,,6,,20.5
156,堡林,2024-09-24 01:00,18.8,,1.7,70,77,1009.1,1017.3,,,,7,,20
156,堡林,2024-09-24 02:00,17.8,,1.8,70,78,1008.9,1017.1,,,,7,,19.5
156,堡林,2024-09-24 03:00,17.7,,1,70,75,1008.8,1017.1,,,,6,,18.7
156,堡林,2024-09-24 04:00,16.6,,1.4,50,80,1008.8,1017.1,,,,7,,18.6
156,堡林,2024-09-24 05:00,16.7,,1.4,70,77,1008.8,1017.1,,,,8,,18.3
156,堡林,2024-09-24 06:00,16.4,,2.5,70,78,1008.1,1016.4,,,,8,,18.2
156,堡林,2024-09-24 07:00,16.3,,1.5,70,79,1008.8,1017.1,0,.08,,6,,18.1
156,堡林,2024-09-24 08:00,17.8,,1.1,70,73,1009.1,1017.3,.7,.69,,2,,18.6
156,堡林,2024-09-24 09:00,19.9,,1.6,70,68,1009.2,1017.4,1,1.49,,7,,24.3
156,堡林,2024-09-24 10:00,22.5,,1.1,70,63,1009.1,1017.2,1,2.15,,7,,30.5
156,堡林,2024-09-24 11:00,23.7,,.8,20,58,1008.8,1016.8,1,2.51,,1,,34.7
156,堡林,2024-09-24 12:00,25.2,,1.1,50,55,1008,1016.1,1,2.83,,7,,36.2
156,堡林,2024-09-24 13:00,25.3,,1,270,56,1007.3,1015.3,.9,2.64,,7,,36.2
156,堡林,2024-09-24 14:00,26.2,,1,20,55,1006.6,1014.6,1,2.46,,9,,35.6
156,堡林,2024-09-24 15:00,26.5,,1.5,50,58,1006.1,1014.1,.5,1.52,,8,,32
156,堡林,2024-09-24 16:00,26,,1,50,58,1005.8,1013.8,.4,1.05,,8,,28.7
156,堡林,2024-09-24 17:00,25.9,,.4,0,64,1005.8,1013.8,.3,.62,,7,,27
156,堡林,2024-09-24 18:00,25.2,,.8,50,63,1006.3,1014.3,.4,.33,,9,,25.7
156,堡林,2024-09-24 19:00,24.2,,1.2,110,67,1006.4,1014.4,0,.07,,3,,24.4
156,堡林,2024-09-24 20:00,23.4,,.9,180,70,1006.7,1014.7,,,,2,,23
156,堡林,2024-09-24 21:00,22.8,,1,180,74,1007,1015.1,,,,6,,22.3
156,堡林,2024-09-24 22:00,22.1,,.1,0,77,1007.1,1015.2,,,,6,,21.7
156,堡林,2024-09-24 23:00,21.6,,.1,0,80,1007.2,1015.3,,,,6,,21.2
156,堡林,2024-09-25 00:00,20.7,,.5,110,82,1007,1015.2,,,,0,,20.8
156,堡林,2024-09-25 01:00,20.4,,.8,250,83,1006.9,1015.1,,,,0,,20.5
156,堡林,2024-09-25 02:00,19.9,,.3,0,86,1006.9,1015.1,,,,0,,20.1
156,堡林,2024-09-25 03:00,19.6,,.8,70,86,1006.7,1014.8,,,,0,,19.8
156,堡林,2024-09-25 04:00,19.5,,.6,70,85,1006.5,1014.6,,,,4,,19.5
156,堡林,2024-09-25 05:00,19.3,,1.1,90,85,1006.3,1014.5,,,,0,,19.3
156,堡林,2024-09-25 06:00,18.9,,.5,50,86,1006.5,1014.7,,,,0,,19
156,堡林,2024-09-25 07:00,18.8,,.8,70,88,1006.6,1014.8,0,.1,,0,,19.1
156,堡林,2024-09-25 08:00,20.2,,1.3,70,82,1006.7,1014.9,.8,.68,,4,,19.9
156,堡林,2024-09-25 09:00,22.7,,1.3,70,72,1007.3,1015.4,1,1.41,,4,,25.5
156,堡林,2024-09-25 10:00,24.4,,1.2,20,68,1007.7,1015.7,1,2.07,,3,,32.4
156,堡林,2024-09-25 11:00,25.8,,1,70,60,1007.5,1015.5,1,2.51,,5,,36.2
156,堡林,2024-09-25 12:00,26.7,,1.3,110,56,1006.2,1014.2,1,2.98,,0,,38.9
156,堡林,2024-09-25 13:00,27.8,,.5,160,51,1005.3,1013.2,1,3.09,,1,,38.8
156,堡林,2024-09-25 14:00,28.8,,3.3,200,50,1004.5,1012.4,1,2.72,,9,,37.9
156,堡林,2024-09-25 15:00,29.1,,1.5,200,45,1004.4,1012.3,1,2.35,,7,,35.8
156,堡林,2024-09-25 16:00,27.9,,.6,290,54,1004.4,1012.3,.1,.76,,9,,29.4
156,堡林,2024-09-25 17:00,28.4,,1.5,200,56,1004.6,1012.5,.5,.65,,9,,28.3
156,堡林,2024-09-25 18:00,26.5,,.3,0,61,1004.9,1012.9,.2,.25,,9,,26.6
156,堡林,2024-09-25 19:00,25.5,,.5,290,67,1005.3,1013.3,0,.06,,4,,25.1
156,堡林,2024-09-25 20:00,24.8,,1.7,180,70,1005.5,1013.5,,,,1,,24
156,堡林,2024-09-25 21:00,24.3,,2,200,75,1006,1014,,,,1,,23.4
156,堡林,2024-09-25 22:00,23.8,,.9,180,77,1006.3,1014.3,,,,2,,23.3
156,堡林,2024-09-25 23:00,23,,.4,0,82,1005.9,1014,,,,1,,22.7
156,堡林,2024-09-26 00:00,22.9,,.3,0,82,1006.2,1014.3,,,,0,,22.3
156,堡林,2024-09-26 01:00,22.4,,.2,0,84,1006.3,1014.4,,,,7,,22.5
156,堡林,2024-09-26 02:00,22.3,,.3,0,85,1005.8,1013.9,,,,2,,21.9
156,堡林,2024-09-26 03:00,21.9,,.5,270,86,1005.8,1013.9,,,,1,,21.5
156,堡林,2024-09-26 04:00,21.1,,0,0,89,1005.5,1013.6,,,,0,,21.1
156,堡林,2024-09-26 05:00,21.1,,.3,0,89,1005.3,1013.4,,,,1,,20.9
156,堡林,2024-09-26 06:00,20.6,,0,0,89,1005.5,1013.7,,,,0,,20.6
156,堡林,2024-09-26 07:00,20.8,,.5,90,90,1006.1,1014.3,0,.12,,8,,21.2
156,堡林,2024-09-26 08:00,21.5,,.1,0,87,1006.2,1014.3,.5,.47,,4,,22.3
156,堡林,2024-09-26 09:00,24.2,,.6,110,77,1006.5,1014.5,1,1.47,,5,,27.3
156,堡林,2024-09-26 10:00,25.8,,.5,200,71,1006.8,1014.8,1,1.9,,7,,33.4
156,堡林,2024-09-26 11:00,26.7,,.8,230,66,1006.4,1014.4,1,2.21,,7,,35.8
156,堡林,2024-09-26 12:00,27.6,,.8,320,60,1005.7,1013.6,.9,2.31,,7,,36.4
156,堡林,2024-09-26 13:00,27.5,,1,230,62,1005.2,1013.1,.7,1.85,,8,,33.3
156,堡林,2024-09-26 14:00,28.1,,.9,270,57,1004.3,1012.2,.8,1.85,,8,,35
156,堡林,2024-09-26 15:00,27.8,,1.4,290,59,1004,1011.9,.3,1.55,,7,,32
156,堡林,2024-09-26 16:00,27.6,,1.1,320,63,1003.7,1011.6,0,1.16,,8,,30.5
156,堡林,2024-09-26 17:00,26.7,,1.2,320,67,1003.9,1011.9,0,.71,,8,,28.2
156,堡林,2024-09-26 18:00,26,,.5,320,67,1004.2,1012.2,.2,.34,,8,,26.3
156,堡林,2024-09-26 19:00,24.9,,.9,290,73,1004.4,1012.4,0,.09,,9,,24.7
156,堡林,2024-09-26 20:00,24.6,,.4,0,76,1005.2,1013.2,,,,9,,24
156,堡林,2024-09-26 21:00,24.2,,.7,250,78,1005.7,1013.7,,,,8,,23.5
156,堡林,2024-09-26 22:00,23.7,,.4,0,81,1005.6,1013.6,,,,7,,23.3
156,堡林,2024-09-26 23:00,23.4,,.3,0,83,1005.6,1013.6,,,,6,,22.7
156,堡林,2024-09-27 00:00,22.6,,.6,50,86,1005.5,1013.6,,,,5,,22.2
156,堡林,2024-09-27 01:00,21.9,,0,0,89,1005,1013.1,,,,6,,21.6
156,堡林,2024-09-27 02:00,21.6,,.2,0,90,1004.8,1012.9,,,,3,,21.2
156,堡林,2024-09-27 03:00,21.2,,.6,50,91,1004.7,1012.8,,,,7,,20.9
156,堡林,2024-09-27 04:00,21,,1.1,50,91,1004.7,1012.8,,,,7,,20.9
156,堡林,2024-09-27 05:00,20.6,,.7,70,92,1004.8,1013,,,,4,,20.1
156,堡林,2024-09-27 06:00,19.9,,1.3,70,92,1005,1013.2,,,,2,,19.8
156,堡林,2024-09-27 07:00,19.8,,.5,50,89,1005.8,1013.9,0,.09,,6,,19.8
156,堡林,2024-09-27 08:00,21,,1,70,83,1006.3,1014.5,.8,.58,,3,,20.8
156,堡林,2024-09-27 09:00,23.1,,1.2,90,72,1006.3,1014.4,1,1.42,,3,,25.3
156,堡林,2024-09-27 10:00,24.3,,.6,90,65,1006.3,1014.3,1,2.08,,2,,32.1
156,堡林,2024-09-27 11:00,25.2,,1.2,50,58,1005.9,1013.9,1,2.61,,2,,36.2
156,堡林,2024-09-27 12:00,26.1,,1.5,70,55,1005.4,1013.4,1,2.79,,1,,38
156,堡林,2024-09-27 13:00,26.7,,.8,50,53,1004.8,1012.8,.7,2.27,,2,,37.4
156,堡林,2024-09-27 14:00,27.8,,2.4,50,47,1004.2,1012.1,1,3,,1,,40.1
156,堡林,2024-09-27 15:00,28.5,,1.1,70,44,1004,1011.9,1,2.45,,2,,36.9
156,堡林,2024-09-27 16:00,27.6,,.9,360,47,1004.1,1012,1,1.79,,4,,31.2
156,堡林,2024-09-27 17:00,26.9,,1.4,20,48,1004.2,1012.2,1,1.08,,5,,28.1
156,堡林,2024-09-27 18:00,25.6,,1.9,50,54,1004.7,1012.7,1,.45,,5,,25.6
156,堡林,2024-09-27 19:00,24.3,,1.7,50,65,1005.2,1013.2,0,.07,,0,,23.9
156,堡林,2024-09-27 20:00,23,,1.7,70,72,1005.8,1013.9,,,,0,,23
156,堡林,2024-09-27 21:00,22.2,,1.5,70,77,1006,1014.1,,,,0,,22.5
156,堡林,2024-09-27 22:00,21.9,,1.8,70,80,1006.2,1014.3,,,,0,,21.9
156,堡林,2024-09-27 23:00,21.7,,.9,70,79,1006.5,1014.6,,,,2,,21.7
156,堡林,2024-09-28 00:00,21.4,,.6,50,81,1006.5,1014.6,,,,1,,21.4
156,堡林,2024-09-28 01:00,21.2,,.3,0,82,1006.6,1014.7,,,,0,,21.1
156,堡林,2024-09-28 02:00,20.7,,0,0,85,1006.6,1014.8,,,,0,,20.7
156,堡林,2024-09-28 03:00,20.4,,.8,50,84,1006.9,1015.1,,,,0,,20.5
156,堡林,2024-09-28 04:00,20.1,,1,70,85,1006.9,1015.1,,,,2,,20.4
156,堡林,2024-09-28 05:00,20.3,,1.1,70,85,1007.4,1015.6,,,,3,,20.9
156,堡林,2024-09-28 06:00,19.9,,.8,90,87,1007.9,1016.1,,,,1,,20.3
156,堡林,2024-09-28 07:00,19.9,,1,70,88,1008.5,1016.7,0,.09,,0,,20.3
156,堡林,2024-09-28 08:00,21.5,,.9,90,82,1009,1017.2,.8,.57,,0,,21.5
156,堡林,2024-09-28 09:00,23.3,,2,50,75,1009.1,1017.2,1,1.31,,0,,25.6
156,堡林,2024-09-28 10:00,25.4,,1.3,70,70,1009.3,1017.4,1,1.99,,0,,32.3
156,堡林,2024-09-28 11:00,26.8,,1.5,70,63,1008.9,1016.9,1,2.54,,0,,37.1
156,堡林,2024-09-28 12:00,26.6,,1.9,70,63,1008.4,1016.4,.9,2.4,,0,,35.1
156,堡林,2024-09-28 13:00,27,,1.3,70,60,1007.9,1015.9,.3,1.23,,5,,32.1
156,堡林,2024-09-28 14:00,28.2,,1.5,70,57,1007.4,1015.3,.4,1.19,,4,,32.3
156,堡林,2024-09-28 15:00,28.6,,.4,0,55,1007.6,1015.5,.3,1.01,,5,,31.4
156,堡林,2024-09-28 16:00,27.3,,1.2,90,59,1007.5,1015.5,0,.45,,6,,28.1
156,堡林,2024-09-28 17:00,26.5,,1.3,160,64,1007.9,1015.9,0,.25,,8,,26.9
156,堡林,2024-09-28 18:00,25.8,,.8,90,65,1008.1,1016.1,0,.17,,6,,25.9
156,堡林,2024-09-28 19:00,25.3,,.4,0,68,1008.8,1016.9,0,.06,,4,,25
156,堡林,2024-09-28 20:00,24.3,,1.6,70,72,1009.8,1017.8,,,,4,,23.9
156,堡林,2024-09-28 21:00,22.9,,2.2,70,75,1010.3,1018.4,,,,0,,22.7
156,堡林,2024-09-28 22:00,22.2,,1.8,70,76,1010.8,1018.9,,,,5,,21.9
156,堡林,2024-09-28 23:00,21.6,,2.5,70,78,1010.9,1019.1,,,,5,,21.4
156,堡林,2024-09-29 00:00,21.7,,2.6,70,77,1010.7,1018.9,,,,9,,21.1
156,堡林,2024-09-29 01:00,21.3,,2.5,70,78,1010.7,1018.9,,,,5,,20.8
156,堡林,2024-09-29 02:00,21,,1,70,79,1010.7,1018.9,,,,5,,20.4
156,堡林,2024-09-29 03:00,20.5,,1.5,70,80,1010.5,1018.7,,,,6,,20.2
156,堡林,2024-09-29 04:00,20.4,,1.7,70,80,1010.5,1018.7,,,,6,,20.1
156,堡林,2024-09-29 05:00,19.9,,2.8,70,81,1010.8,1019,,,,3,,19.7
156,堡林,2024-09-29 06:00,19.6,,3,70,83,1011.4,1019.6,,,,0,,19.3
156,堡林,2024-09-29 07:00,19.2,,2.5,70,85,1011.9,1020.1,0,.09,,1,,19.2
156,堡林,2024-09-29 08:00,21,,2.1,70,78,1012.2,1020.4,.8,.63,,2,,20.1
156,堡林,2024-09-29 09:00,23.2,,2.3,70,68,1012.1,1020.2,1,1.38,,2,,24.8
156,堡林,2024-09-29 10:00,24.9,,2.4,70,63,1011.7,1019.8,1,2.11,,1,,31.9
156,堡林,2024-09-29 11:00,26.2,,2.7,70,54,1011.1,1019.1,1,2.58,,0,,37
156,堡林,2024-09-29 12:00,27.4,,1.9,90,49,1010.7,1018.7,1,2.92,,2,,40.4
156,堡林,2024-09-29 13:00,27.3,,1.3,180,54,1009.9,1017.9,1,3.04,,4,,41.3
156,堡林,2024-09-29 14:00,26.8,,1.8,70,54,1009.2,1017.2,.6,1.97,,4,,36.3
156,堡林,2024-09-29 15:00,27.3,,1.8,70,52,1008.9,1016.9,.4,1.39,,5,,34
156,堡林,2024-09-29 16:00,26.7,,2.4,70,55,1008.9,1016.9,.1,.75,,4,,30.1
156,堡林,2024-09-29 17:00,26.1,,1.8,70,59,1009.2,1017.2,.3,.55,,3,,27.7
156,堡林,2024-09-29 18:00,25.2,,2.2,70,59,1009.7,1017.8,.1,.2,,6,,25.6
156,堡林,2024-09-29 19:00,24.5,,.9,70,63,1009.7,1017.7,0,.07,,4,,24.4
156,堡林,2024-09-29 20:00,23.2,,1.4,50,67,1010.3,1018.4,,,,0,,23.1
156,堡林,2024-09-29 21:00,22.3,,1.5,50,68,1011,1019.1,,,,0,,22.2
156,堡林,2024-09-29 22:00,21.7,,1.3,70,71,1011,1019.2,,,,0,,21.3
156,堡林,2024-09-29 23:00,21,,1.2,70,75,1010.9,1019.1,,,,0,,20.8
156,堡林,2024-09-30 00:00,20.7,,.9,70,75,1010.7,1018.9,,,,0,,20.2
156,堡林,2024-09-30 01:00,20.1,,1,90,75,1010.6,1018.8,,,,0,,19.6
156,堡林,2024-09-30 02:00,19.9,,1.1,50,76,1010.3,1018.5,,,,0,,19.4
156,堡林,2024-09-30 03:00,19,,1.3,70,77,1010,1018.2,,,,0,,18.8
156,堡林,2024-09-30 04:00,18.7,,1.5,70,76,1009.8,1018,,,,0,,18.4
156,堡林,2024-09-30 05:00,17.8,,1.6,70,79,1009.6,1017.9,,,,0,,18
156,堡林,2024-09-30 06:00,17.7,,1.8,70,78,1009.4,1017.7,,,,0,,17.8
156,堡林,2024-09-30 07:00,17.5,,1.1,70,79,1009.7,1018,0,.08,,0,,17.8
156,堡林,2024-09-30 08:00,18.7,,1.7,70,77,1009.7,1017.9,.8,.63,,1,,18.5
156,堡林,2024-09-30 09:00,21.2,,1.3,70,66,1010.1,1018.3,1,1.39,,2,,22.7
156,堡林,2024-09-30 10:00,23.4,,.7,70,64,1009.6,1017.7,1,2.07,,1,,31.6
156,堡林,2024-09-30 11:00,24.7,,.7,20,56,1008.9,1016.9,1,2.56,,4,,37.2
156,堡林,2024-09-30 12:00,26.4,,1.1,90,46,1008.3,1016.3,1,3.03,,3,,42.1
156,堡林,2024-09-30 13:00,27.7,,1.9,90,46,1007.4,1015.4,1,3.02,,2,,47.9
156,堡林,2024-09-30 14:00,28,,1.9,70,42,1006.8,1014.7,1,2.89,,2,,47.3
156,堡林,2024-09-30 15:00,28.3,,1.4,50,38,1006.1,1014,1,2.48,,3,,41.6
156,堡林,2024-09-30 16:00,28.1,,1.3,20,37,1005.5,1013.4,1,1.86,,2,,32.4
156,堡林,2024-09-30 17:00,27.2,,1.4,50,42,1005.2,1013.2,1,1.14,,1,,27.7
156,堡林,2024-09-30 18:00,26.1,,.9,20,53,1005,1013,.9,.43,,0,,25.1
156,堡林,2024-09-30 19:00,24.8,,1.1,50,54,1005.6,1013.6,0,.06,,0,,23.1
156,堡林,2024-09-30 20:00,23.7,,.7,70,58,1005.9,1013.9,,,,0,,21.7
156,堡林,2024-09-30 21:00,22.9,,1.1,90,58,1006.1,1014.2,,,,0,,20.9
156,堡林,2024-09-30 22:00,21.8,,.8,180,66,1006.3,1014.4,,,,0,,20.2
156,堡林,2024-09-30 23:00,21.4,,.8,230,68,1006.4,1014.5,,,,1,,19.7
156,堡林,2024-10-01 00:00,20.7,,.6,90,71,1005.7,1013.9,,,,0,,19.4
156,堡林,2024-10-01 01:00,20.1,,.4,0,75,1005,1013.2,,,,3,,18.9
156,堡林,2024-10-01 02:00,19.7,,.5,70,75,1004.6,1012.7,,,,4,,18.7
156,堡林,2024-10-01 03:00,19,,.3,0,78,1004.2,1012.4,,,,1,,18.4
156,堡林,2024-10-01 04:00,18.6,,.4,0,80,1004.1,1012.3,,,,2,,18.3
156,堡林,2024-10-01 05:00,18.2,,.3,0,82,1003.9,1012.1,,,,3,,17.8
156,堡林,2024-10-01 06:00,18.1,,.5,90,82,1003.8,1012,,,,1,,17.7
156,堡林,2024-10-01 07:00,18.5,,.1,0,81,1004,1012.2,0,.08,,1,,17.8
156,堡林,2024-10-01 08:00,19.1,,.1,0,79,1004.2,1012.3,.8,.56,,3,,19.1
156,堡林,2024-10-01 09:00,21.8,,.6,270,73,1004.3,1012.4,1,1.41,,1,,25.2
156,堡林,2024-10-01 10:00,23.3,,1.2,250,67,1004.4,1012.4,1,2.05,,4,,35.4
156,堡林,2024-10-01 11:00,24.6,,1.3,290,68,1003.9,1011.9,.7,2.42,,9,,38.1
156,堡林,2024-10-01 12:00,24.5,,1.6,250,72,1003.3,1011.3,0,1.11,,10,,32.6
156,堡林,2024-10-01 13:00,21.6,0,1.8,320,82,1003.4,1011.5,0,.47,,10,,26.5
156,堡林,2024-10-01 14:00,21.3,0,1.5,340,80,1003,1011.1,0,.62,,10,,26.2
156,堡林,2024-10-01 15:00,20.2,,2.1,360,71,1003.2,1011.4,0,.54,,10,,25.7
156,堡林,2024-10-01 16:00,18.9,0,3.5,50,64,1003.9,1012.1,0,.4,,10,,23.5
156,堡林,2024-10-01 17:00,17.7,0,1.9,70,64,1004.7,1012.9,0,.26,,10,,21.2
156,堡林,2024-10-01 18:00,18.3,0,2.2,70,65,1004.9,1013.1,0,.11,,10,,20.5
156,堡林,2024-10-01 19:00,18.4,,.9,70,66,1005.7,1013.9,0,.06,,10,,20.2
156,堡林,2024-10-01 20:00,19,,2.8,50,60,1006,1014.2,,,,10,,19.9
156,堡林,2024-10-01 21:00,18.9,,3,50,56,1006.8,1015,,,,10,,19.4
156,堡林,2024-10-01 22:00,18.3,,2.7,50,55,1007.2,1015.4,,,,9,,18.5
156,堡林,2024-10-01 23:00,18.1,,3,50,57,1007.5,1015.7,,,,10,,18.6
156,堡林,2024-10-02 00:00,17.6,,4.2,50,58,1007.5,1015.7,,,,8,,17.6
156,堡林,2024-10-02 01:00,16.9,,2.5,70,61,1007.8,1016.1,,,,9,,17.2
156,堡林,2024-10-02 02:00,15.7,,2.2,50,60,1007.5,1015.8,,,,6,,15.8
156,堡林,2024-10-02 03:00,15.2,,3,70,64,1007,1015.4,,,,8,,15.5
156,堡林,2024-10-02 04:00,14.4,,3.5,70,65,1007.2,1015.5,,,,3,,14.7
156,堡林,2024-10-02 05:00,14.1,,2.1,70,67,1007.7,1016.1,,,,3,,14.2
156,堡林,2024-10-02 06:00,14.1,,3.1,70,68,1008,1016.4,,,,6,,14.1
156,堡林,2024-10-02 07:00,14.2,,1.8,70,68,1008.1,1016.5,0,.11,,8,,14.9
156,堡林,2024-10-02 08:00,15.1,,2.7,70,65,1008.7,1017.1,.3,.51,,9,,17.6
156,堡林,2024-10-02 09:00,16.1,,2.6,70,61,1009.8,1018.1,0,.61,,9,,19.8
156,堡林,2024-10-02 10:00,17.1,,2.8,50,54,1010.2,1018.5,0,.94,,9,,21.7
156,堡林,2024-10-02 11:00,17.7,,4.4,50,46,1010.4,1018.7,.4,1.56,,5,,29.6
156,堡林,2024-10-02 12:00,18.8,,3.7,70,43,1010.2,1018.4,1,3.09,,3,,40.8
156,堡林,2024-10-02 13:00,19.5,,3.6,50,39,1009.7,1017.9,1,3.15,,4,,44.8
156,堡林,2024-10-02 14:00,19.7,,2.8,70,37,1009.1,1017.3,1,2.48,,3,,40.5
156,堡林,2024-10-02 15:00,19.8,,3.4,50,33,1008.8,1017,1,2.51,,1,,36.4
156,堡林,2024-10-02 16:00,19.9,,2.5,50,35,1009,1017.2,1,1.83,,2,,27.2
156,堡林,2024-10-02 17:00,18.8,,2.8,50,35,1009.3,1017.5,1,1.18,,1,,21.7
156,堡林,2024-10-02 18:00,17.8,,2.1,50,39,1009.9,1018.2,.9,.43,,5,,18.9
156,堡林,2024-10-02 19:00,16.3,,1.6,50,44,1010.4,1018.7,0,.07,,4,,16.7
156,堡林,2024-10-02 20:00,15.6,,.5,50,44,1011.1,1019.5,,,,4,,15.4
156,堡林,2024-10-02 21:00,15.2,,1.7,50,47,1011.9,1020.3,,,,7,,14.9
156,堡林,2024-10-02 22:00,14.6,,1.9,70,53,1012.4,1020.8,,,,6,,14.3
156,堡林,2024-10-02 23:00,14,,2.2,70,57,1012.4,1020.8,,,,8,,14.1
156,堡林,2024-10-03 00:00,14.2,,1.3,70,55,1012.4,1020.8,,,,7,,13.8
156,堡林,2024-10-03 01:00,14.3,,2.2,70,55,1012,1020.4,,,,10,,14.8
156,堡林,2024-10-03 02:00,14.1,,2.4,70,53,1012.1,1020.5,,,,9,,14.6
156,堡林,2024-10-03 03:00,13.9,,1.4,70,56,1012,1020.4,,,,9,,15
156,堡林,2024-10-03 04:00,14.4,,1.7,70,55,1011.8,1020.2,,,,10,,15.8
156,堡林,2024-10-03 05:00,14.7,,2.8,70,52,1011.7,1020.1,,,,10,,16.2
156,堡林,2024-10-03 06:00,14.6,,2,70,54,1011.8,1020.2,,,,10,,16.3
156,堡林,2024-10-03 07:00,14.4,0,1.1,70,59,1012.3,1020.7,0,.07,,10,,16.3
156,堡林,2024-10-03 08:00,14,0,2.5,50,68,1012.6,1021,0,.14,,10,,16.9
156,堡林,2024-10-03 09:00,13.7,0,.3,0,74,1013.5,1021.9,0,.23,,10,,17.5
156,堡林,2024-10-03 10:00,13.1,.4,1,50,86,1014,1022.5,0,.51,,10,,19
156,堡林,2024-10-03 11:00,13.4,0,.6,90,89,1014.1,1022.5,0,.39,,10,,18.2
156,堡林,2024-10-03 12:00,14.2,.9,1.2,70,91,1013.5,1021.9,0,.56,,10,,20.7
156,堡林,2024-10-03 13:00,14.8,.4,1.9,50,90,1013.1,1021.5,0,.62,,10,,21.9
156,堡林,2024-10-03 14:00,15.1,,1,50,85,1012.4,1020.8,0,.91,,10,,21.9
156,堡林,2024-10-03 15:00,15.6,,.6,90,83,1012.2,1020.6,0,.52,,10,,20.2
156,堡林,2024-10-03 16:00,16.2,,.7,90,80,1012.2,1020.6,0,.56,,10,,20.5
156,堡林,2024-10-03 17:00,15.6,,.4,0,86,1012.4,1020.8,0,.25,,10,,18.9
156,堡林,2024-10-03 18:00,14.7,1,3,50,89,1012.7,1021.1,0,.13,,10,,18
156,堡林,2024-10-03 19:00,14.2,0,1.8,50,89,1012.6,1021,0,.07,,10,,16.7
156,堡林,2024-10-03 20:00,14.4,,3.1,70,89,1013.1,1021.5,,,,10,,16.6
156,堡林,2024-10-03 21:00,14.1,,1,70,89,1012.9,1021.3,,,,0,,15.1
156,堡林,2024-10-03 22:00,13.3,,1.5,50,92,1013.4,1021.8,,,,0,,14.2
156,堡林,2024-10-03 23:00,13.1,,.9,50,93,1013.5,1022,,,,0,,13.5
156,堡林,2024-10-04 00:00,12.9,,.6,70,93,1013.5,1022,,,,0,,13.1
156,堡林,2024-10-04 01:00,13,,.9,340,92,1014,1022.5,,,,0,,12.8
156,堡林,2024-10-04 02:00,12.3,,.9,50,93,1014.2,1022.7,,,,0,,12.3
156,堡林,2024-10-04 03:00,11.9,,.6,50,95,1014.3,1022.8,,,,0,,11.9
156,堡林,2024-10-04 04:00,11.6,,.8,50,94,1014.5,1023,,,,0,,11.4
156,堡林,2024-10-04 05:00,11.2,,.9,50,93,1015.1,1023.6,,,,0,,11.2
156,堡林,2024-10-04 06:00,11,,.1,0,94,1015.7,1024.3,,,,0,,10.9
156,堡林,2024-10-04 07:00,10.6,,1.1,50,93,1015.7,1024.3,0,.08,,0,,10.9
156,堡林,2024-10-04 08:00,11.8,,.2,0,91,1016,1024.5,.5,.07,,0,,11.8
156,堡林,2024-10-04 09:00,15.8,,1.9,50,74,1016.3,1024.7,1,1.46,,0,,18.8
156,堡林,2024-10-04 10:00,17.9,,2.1,70,66,1016.4,1024.7,1,2.16,,0,,28.1
156,堡林,2024-10-04 11:00,19.9,,2.3,70,59,1016.2,1024.5,1,2.69,,0,,35.6
156,堡林,2024-10-04 12:00,21.1,,.8,20,56,1015.7,1023.9,1,2.98,,0,,39.9
156,堡林,2024-10-04 13:00,22.3,,1.5,270,56,1015.1,1023.3,1,3.02,,0,,41.7
156,堡林,2024-10-04 14:00,22.7,,1.8,200,50,1014.4,1022.5,1,2.8,,0,,40.4
156,堡林,2024-10-04 15:00,23.9,,1.3,250,48,1014.1,1022.2,1,2.45,,0,,36.2
156,堡林,2024-10-04 16:00,23.8,,0,0,48,1014.1,1022.2,1,1.83,,0,,27.5
156,堡林,2024-10-04 17:00,22.3,,0,0,49,1014.2,1022.4,1,1.12,,0,,23.2
156,堡林,2024-10-04 18:00,21.5,,.4,0,53,1014.2,1022.4,1,.4,,2,,20.9
156,堡林,2024-10-04 19:00,20.3,,1.2,180,58,1014.6,1022.9,0,.05,,0,,19.2
156,堡林,2024-10-04 20:00,19.2,,1.1,180,60,1015,1023.2,,,,0,,17.6
156,堡林,2024-10-04 21:00,18.2,,.1,0,66,1015.4,1023.7,,,,0,,16.6
156,堡林,2024-10-04 22:00,17.3,,1.1,90,72,1015.6,1023.9,,,,0,,15.8
156,堡林,2024-10-04 23:00,16.6,,.3,0,75,1015.7,1024.1,,,,0,,15.2
156,堡林,2024-10-05 00:00,16,,.6,90,78,1015.7,1024.1,,,,0,,14.7
156,堡林,2024-10-05 01:00,15.6,,0,0,80,1015.4,1023.8,,,,0,,14.2
156,堡林,2024-10-05 02:00,14.8,,.1,0,84,1015.7,1024.1,,,,0,,13.7
156,堡林,2024-10-05 03:00,14.1,,0,0,87,1015.6,1024,,,,0,,13.4
156,堡林,2024-10-05 04:00,14.2,,0,0,87,1015.3,1023.7,,,,0,,13.1
156,堡林,2024-10-05 05:00,13.5,,0,0,89,1015.2,1023.7,,,,0,,12.7
156,堡林,2024-10-05 06:00,13.2,,.3,0,89,1015,1023.5,,,,0,,12.4
156,堡林,2024-10-05 07:00,13.2,,0,0,90,1015.3,1023.8,0,.08,,1,,12.4
156,堡林,2024-10-05 08:00,14.4,,.7,70,86,1015.7,1024.1,.7,.61,,4,,14
156,堡林,2024-10-05 09:00,16.8,,1.1,20,71,1015.9,1024.3,1,1.19,,7,,18.9
156,堡林,2024-10-05 10:00,18.7,,1.5,50,65,1015.8,1024.1,1,2.06,,8,,29.6
156,堡林,2024-10-05 11:00,20.8,,.8,70,61,1015.4,1023.6,1,2.6,,7,,38.8
156,堡林,2024-10-05 12:00,22.1,,.6,90,60,1014.6,1022.8,1,2.62,,7,,40.4
156,堡林,2024-10-05 13:00,22.9,,.5,50,56,1013.7,1021.8,.9,2.47,,7,,32.7
156,堡林,2024-10-05 14:00,23.4,,.7,20,51,1012.6,1020.7,.9,2.27,,7,,34.9
156,堡林,2024-10-05 15:00,24.4,,1.6,50,51,1012.6,1020.6,1,2.23,,3,,37.5
156,堡林,2024-10-05 16:00,24,,1.6,20,48,1012.8,1020.9,1,1.75,,0,,33.2
156,堡林,2024-10-05 17:00,22.9,,.9,20,47,1013,1021.1,1,1.09,,0,,22.9
156,堡林,2024-10-05 18:00,21.2,,1.3,50,54,1012.9,1021.1,.7,.3,,3,,19.5
156,堡林,2024-10-05 19:00,20.1,,.6,20,58,1012.9,1021.1,0,.05,,3,,17.4
156,堡林,2024-10-05 20:00,19.6,,.3,0,65,1013.1,1021.3,,,,4,,16.4
156,堡林,2024-10-05 21:00,18.8,,0,0,68,1013.4,1021.6,,,,0,,15.7
156,堡林,2024-10-05 22:00,17.8,,0,0,73,1013.5,1021.8,,,,4,,15.4
156,堡林,2024-10-05 23:00,17.5,,0,0,75,1013.5,1021.8,,,,4,,14.8
156,堡林,2024-10-06 00:00,17,,.1,0,76,1013.6,1021.9,,,,6,,14.4
156,堡林,2024-10-06 01:00,16.6,,.8,20,78,1013.2,1021.5,,,,9,,15.3
156,堡林,2024-10-06 02:00,16.5,,.4,0,80,1013.1,1021.4,,,,9,,15.5
156,堡林,2024-10-06 03:00,16.2,,.9,20,80,1012.6,1021,,,,9,,15.3
156,堡林,2024-10-06 04:00,16.4,,.2,0,80,1012.5,1020.8,,,,8,,15.5
156,堡林,2024-10-06 05:00,16.2,,1,70,81,1012,1020.4,,,,9,,14.8
156,堡林,2024-10-06 06:00,16.1,,.4,0,82,1012.6,1021,,,,9,,15.6
156,堡林,2024-10-06 07:00,15.8,,.1,0,83,1012.6,1021,0,.09,,8,,15.9
156,堡林,2024-10-06 08:00,17,,.8,50,79,1013.1,1021.4,0,.34,,9,,18.2
156,堡林,2024-10-06 09:00,17.8,,1.8,50,75,1013.3,1021.6,0,.49,,9,,20.6
156,堡林,2024-10-06 10:00,19.6,,2.1,50,68,1013,1021.2,.3,1.2,,9,,25.9
156,堡林,2024-10-06 11:00,19.8,,.1,0,68,1012.7,1020.9,.1,1.05,,9,,25.3
156,堡林,2024-10-06 12:00,20.5,,1,20,67,1012.5,1020.7,0,.96,,10,,27.9
156,堡林,2024-10-06 13:00,19.1,0,2,50,79,1010.9,1019.1,0,.52,,10,,22.5
156,堡林,2024-10-06 14:00,18.4,.3,.9,360,78,1011.4,1019.6,0,.41,,10,,21.1
156,堡林,2024-10-06 15:00,18,1.2,.7,250,86,1011.6,1019.9,0,.31,,10,,20.6
156,堡林,2024-10-06 16:00,17.6,1.5,.3,0,91,1011.9,1020.2,0,.26,,10,,20.4
156,堡林,2024-10-06 17:00,16.4,1.2,1.2,50,85,1011.8,1020.1,0,.17,,10,,19.5
156,堡林,2024-10-06 18:00,16.4,0,1.2,50,91,1012,1020.3,0,.16,,10,,18.9
156,堡林,2024-10-06 19:00,16.2,,.8,20,90,1012.3,1020.7,0,.06,,10,,18.2
156,堡林,2024-10-06 20:00,15.7,0,1.5,50,84,1011.3,1019.7,,,,10,,17.4
156,堡林,2024-10-06 21:00,14.7,,.8,20,89,1012,1020.4,,,,10,,17.2
156,堡林,2024-10-06 22:00,14.7,,.9,20,87,1011.6,1020,,,,10,,16.8
156,堡林,2024-10-06 23:00,15.2,,.5,360,86,1011.2,1019.6,,,,10,,16.6
156,堡林,2024-10-07 00:00,15.2,,.1,0,87,1010.7,1019.1,,,,10,,16.7
156,堡林,2024-10-07 01:00,15.5,,.1,0,88,1010.9,1019.3,,,,10,,16.7
156,堡林,2024-10-07 02:00,15.1,,.8,50,90,1010.9,1019.3,,,,10,,16.7
156,堡林,2024-10-07 03:00,15.4,.1,.7,360,90,1010.9,1019.3,,,,10,,16.7
156,堡林,2024-10-07 04:00,15,1.2,.3,0,94,1010.6,1019,,,,10,,16.7
156,堡林,2024-10-07 05:00,14.7,.6,.9,20,93,1010.5,1018.9,,,,10,,16.5
156,堡林,2024-10-07 06:00,14.4,.4,1.2,70,89,1010.7,1019.1,,,,10,,16.2
156,堡林,2024-10-07 07:00,13.7,,1.4,50,93,1010.9,1019.3,0,.06,,10,,16.1
156,堡林,2024-10-07 08:00,14.7,.1,1.2,50,89,1010.9,1019.3,0,.29,,10,,17.9
156,堡林,2024-10-07 09:00,15.5,0,1.5,20,87,1011,1019.4,0,.5,,10,,19.6
156,堡林,2024-10-07 10:00,16.5,0,.8,20,81,1011.1,1019.4,0,.74,,10,,21.8
156,堡林,2024-10-07 11:00,17.2,,.8,20,75,1010.9,1019.2,0,1.13,,9,,23.6
156,堡林,2024-10-07 12:00,17.9,0,.7,230,73,1010.4,1018.7,0,1.18,,10,,24.3
156,堡林,2024-10-07 13:00,19.2,0,.5,20,70,1009,1017.2,0,1.26,,10,,25.6
156,堡林,2024-10-07 14:00,19.7,,.4,0,72,1008.7,1016.9,0,1.06,,10,,24.8
156,堡林,2024-10-07 15:00,19.8,,1.2,360,63,1008.2,1016.3,0,.84,,10,,23.1
156,堡林,2024-10-07 16:00,19.4,,1.1,20,66,1008.5,1016.7,0,.62,,10,,21.2
156,堡林,2024-10-07 17:00,18.8,,.7,340,69,1009.1,1017.3,0,.26,,10,,19.5
156,堡林,2024-10-07 18:00,17.9,0,1,20,77,1008.8,1017,0,.12,,10,,18.7
156,堡林,2024-10-07 19:00,17.6,0,.8,20,79,1008.8,1017.1,0,.06,,10,,18
156,堡林,2024-10-07 20:00,17.3,,.4,0,81,1009.4,1017.7,,,,10,,17.5
156,堡林,2024-10-07 21:00,17,,.6,50,83,1009.5,1017.8,,,,10,,16.9
156,堡林,2024-10-07 22:00,16.6,,0,0,83,1009.4,1017.7,,,,9,,16.4
156,堡林,2024-10-07 23:00,16.2,,.9,20,84,1009.2,1017.5,,,,9,,16.1
156,堡林,2024-10-08 00:00,15.9,,.5,340,85,1009.1,1017.4,,,,10,,15
156,堡林,2024-10-08 01:00,15.2,,0,0,90,1009,1017.4,,,,7,,14.5
156,堡林,2024-10-08 02:00,15.1,,.9,70,91,1008.9,1017.3,,,,6,,14.1
156,堡林,2024-10-08 03:00,14.8,,.2,0,92,1008.4,1016.7,,,,0,,13.8
156,堡林,2024-10-08 04:00,14.6,,.2,0,93,1008.4,1016.8,,,,0,,13.6
156,堡林,2024-10-08 05:00,14.3,,0,0,94,1008.4,1016.8,,,,0,,13.5
156,堡林,2024-10-08 06:00,14,,.4,0,94,1008.6,1017,,,,0,,13.4
156,堡林,2024-10-08 07:00,13.4,,.1,0,94,1008.8,1017.2,0,.08,,2,,13.5
156,堡林,2024-10-08 08:00,14,,.6,230,94,1009.3,1017.7,.4,.4,,2,,15.3
156,堡林,2024-10-08 09:00,15.5,,.1,0,90,1009.5,1017.9,.4,.75,,0,,17.4
156,堡林,2024-10-08 10:00,18.3,,.7,320,80,1009.5,1017.7,1,1.75,,0,,22.3
156,堡林,2024-10-08 11:00,20.5,,1.2,20,70,1009.1,1017.3,1,2.32,,0,,29.3
156,堡林,2024-10-08 12:00,21.6,,.7,320,63,1008.7,1016.8,.7,2.18,,7,,28.7
156,堡林,2024-10-08 13:00,21.4,,1.3,340,62,1008,1016.1,.2,1.46,,8,,26.6
156,堡林,2024-10-08 14:00,22,,1.4,20,60,1007.5,1015.6,0,1.45,,8,,27.6
156,堡林,2024-10-08 15:00,22.4,,1.4,360,54,1007.1,1015.2,.9,2.11,,7,,27.9
156,堡林,2024-10-08 16:00,22.8,,.8,340,54,1007.1,1015.2,.9,1.46,,3,,26.5
156,堡林,2024-10-08 17:00,22,,1.5,320,59,1007.2,1015.3,1,.99,,3,,23.3
156,堡林,2024-10-08 18:00,19.9,,1.7,320,66,1007.6,1015.8,.4,.38,,2,,19
156,堡林,2024-10-08 19:00,19.1,,.7,360,69,1008.1,1016.3,0,.05,,1,,17.1
156,堡林,2024-10-08 20:00,17.9,,.9,50,73,1008.8,1017,,,,1,,15.9
156,堡林,2024-10-08 21:00,17.4,,.4,0,78,1009.2,1017.5,,,,0,,15.3
156,堡林,2024-10-08 22:00,16.6,,.7,20,79,1009.4,1017.7,,,,1,,15
156,堡林,2024-10-08 23:00,16.4,,.6,360,79,1009.3,1017.6,,,,1,,14.5
156,堡林,2024-10-09 00:00,17.1,,.7,20,77,1009.1,1017.4,,,,3,,14.8
156,堡林,2024-10-09 01:00,16.3,,.4,0,82,1008.9,1017.2,,,,0,,14.1
156,堡林,2024-10-09 02:00,15.3,,.3,0,87,1008.8,1017.2,,,,0,,13.7
156,堡林,2024-10-09 03:00,15,,.4,0,89,1008.5,1016.9,,,,0,,13.3
156,堡林,2024-10-09 04:00,14.4,,.1,0,91,1008.4,1016.8,,,,0,,12.9
156,堡林,2024-10-09 05:00,14.4,,.1,0,91,1008.9,1017.3,,,,0,,12.7
156,堡林,2024-10-09 06:00,14,,.9,50,91,1008.9,1017.3,,,,0,,12.6
156,堡林,2024-10-09 07:00,13.9,,.2,0,92,1008.8,1017.2,0,.08,,0,,12.7
156,堡林,2024-10-09 08:00,15.1,,.3,0,88,1009,1017.4,.5,.47,,3,,14.5
156,堡林,2024-10-09 09:00,17.4,,.2,0,76,1009.4,1017.7,1,1.23,,5,,17.2
156,堡林,2024-10-09 10:00,19.6,,.8,50,70,1009,1017.2,1,1.92,,6,,23.7
156,堡林,2024-10-09 11:00,21.5,,.8,340,64,1008.5,1016.6,1,2.13,,7,,30.2
156,堡林,2024-10-09 12:00,22.3,,1.2,360,58,1007.9,1016,1,2.53,,8,,30.8
156,堡林,2024-10-09 13:00,23.5,,1.7,50,51,1007.2,1015.2,.9,2.36,,7,,35.3
156,堡林,2024-10-09 14:00,23,,1.3,360,54,1006.4,1014.5,.7,2.08,,7,,30
156,堡林,2024-10-09 15:00,22.9,,.1,0,51,1006,1014.1,0,.89,,7,,27
156,堡林,2024-10-09 16:00,22.6,,.9,70,53,1005.9,1014,.3,.94,,8,,26.2
156,堡林,2024-10-09 17:00,21.8,,.8,20,61,1005.9,1014,0,.44,,8,,23.1
156,堡林,2024-10-09 18:00,21.7,,.4,0,61,1006.2,1014.3,.1,.22,,9,,21.3
156,堡林,2024-10-09 19:00,21.2,,1.1,90,65,1006.4,1014.5,0,.06,,10,,20.3
156,堡林,2024-10-09 20:00,20.5,,1.6,180,69,1006.6,1014.8,,,,10,,20
156,堡林,2024-10-09 21:00,20.5,,1.2,200,69,1006.8,1015,,,,9,,19.7
156,堡林,2024-10-09 22:00,18.9,.7,1.2,230,81,1007.3,1015.5,,,,10,,19
156,堡林,2024-10-09 23:00,17.5,1.7,1.1,250,92,1007.4,1015.7,,,,10,,19
156,堡林,2024-10-10 00:00,17.3,.5,.3,0,93,1006.9,1015.2,,,,10,,18.7
156,堡林,2024-10-10 01:00,17.1,.3,.8,230,93,1007.2,1015.5,,,,10,,18.5
156,堡林,2024-10-10 02:00,16.4,2.5,.2,0,94,1007.2,1015.5,,,,10,,18.1
156,堡林,2024-10-10 03:00,16.5,.6,.5,50,93,1006.9,1015.2,,,,10,,17.9
156,堡林,2024-10-10 04:00,16.2,,.9,70,93,1006.7,1015,,,,7,,16.9
156,堡林,2024-10-10 05:00,16.2,,.8,50,94,1007.2,1015.5,,,,6,,17
156,堡林,2024-10-10 06:00,16.4,,.8,70,94,1007.5,1015.8,,,,8,,17.3
156,堡林,2024-10-10 07:00,16.1,,1.2,50,94,1007.4,1015.7,0,.08,,7,,17.2
156,堡林,2024-10-10 08:00,16.4,,.3,0,91,1008,1016.3,0,.25,,7,,18.8
156,堡林,2024-10-10 09:00,17.2,,1.2,50,89,1008,1016.3,0,.46,,9,,20.9
156,堡林,2024-10-10 10:00,19.2,,1.6,20,78,1008,1016.2,.3,1.31,,7,,25.3
156,堡林,2024-10-10 11:00,20.1,,.3,0,71,1008,1016.2,.4,1.7,,7,,30.4
156,堡林,2024-10-10 12:00,21.7,,.9,250,65,1007.5,1015.6,.8,2.41,,6,,31.5
156,堡林,2024-10-10 13:00,21.7,,.5,340,56,1006.6,1014.7,.9,2.35,,4,,29
156,堡林,2024-10-10 14:00,23,,1.2,290,55,1006.1,1014.2,.9,2.11,,2,,31.5
156,堡林,2024-10-10 15:00,24.2,,1.4,290,52,1005.6,1013.6,1,2.32,,3,,30.3
156,堡林,2024-10-10 16:00,22.9,,1.6,270,56,1006,1014.1,.7,1.4,,6,,27.1
156,堡林,2024-10-10 17:00,22.5,,1.6,320,57,1006.1,1014.2,1,1.22,,5,,23.4
156,堡林,2024-10-10 18:00,21.1,,1.4,290,64,1006.6,1014.8,.7,.28,,3,,19.5
156,堡林,2024-10-10 19:00,19.9,,1.3,320,71,1007,1015.2,0,.05,,6,,18.2
156,堡林,2024-10-10 20:00,19.5,,.7,290,75,1007.5,1015.7,,,,3,,18.3
156,堡林,2024-10-10 21:00,18.4,,.8,360,80,1007.9,1016.1,,,,1,,17
156,堡林,2024-10-10 22:00,17.6,,.7,90,82,1008.1,1016.4,,,,0,,16.3
156,堡林,2024-10-10 23:00,17.3,,1,50,83,1008.2,1016.5,,,,2,,15.7
156,堡林,2024-10-11 00:00,16.7,,.4,0,86,1008.3,1016.6,,,,0,,15.2
156,堡林,2024-10-11 01:00,16.3,,.3,0,88,1008.6,1016.9,,,,0,,14.7
156,堡林,2024-10-11 02:00,15.6,,0,0,90,1008.5,1016.9,,,,0,,14.1
156,堡林,2024-10-11 03:00,15.7,,0,0,90,1008.4,1016.7,,,,0,,13.7
156,堡林,2024-10-11 04:00,14.9,,0,0,92,1008.4,1016.8,,,,0,,13.3
156,堡林,2024-10-11 05:00,14.6,,0,0,92,1008.8,1017.2,,,,0,,13
156,堡林,2024-10-11 06:00,13.8,,0,0,94,1009.3,1017.7,,,,0,,12.5
156,堡林,2024-10-11 07:00,13.9,,0,0,94,1009.8,1018.2,0,.08,,0,,12.7
156,堡林,2024-10-11 08:00,14.9,,0,0,89,1010.2,1018.6,.5,.45,,0,,14.2
156,堡林,2024-10-11 09:00,17,,.9,250,80,1010.6,1018.9,1,1.25,,0,,16.7
156,堡林,2024-10-11 10:00,19.1,,.7,270,73,1010.8,1019,1,1.91,,0,,22.3
156,堡林,2024-10-11 11:00,21.1,,.5,70,60,1010.8,1019,1,2.44,,0,,29.2
156,堡林,2024-10-11 12:00,22.5,,.7,360,53,1010.4,1018.5,1,2.74,,0,,32.2
156,堡林,2024-10-11 13:00,23.1,,.5,270,48,1009.7,1017.8,1,2.83,,1,,32.4
156,堡林,2024-10-11 14:00,24,,1.1,230,47,1009.1,1017.1,1,2.66,,1,,33.1
156,堡林,2024-10-11 15:00,24.7,,.9,90,40,1008.8,1016.8,1,2.2,,0,,31.7
156,堡林,2024-10-11 16:00,24.3,,1.4,360,39,1009,1017,1,1.59,,0,,27.7
156,堡林,2024-10-11 17:00,23.2,,.6,50,45,1009.3,1017.4,1,.88,,0,,21.9
156,堡林,2024-10-11 18:00,21.9,,.9,290,50,1009.8,1017.9,.7,.26,,0,,19
156,堡林,2024-10-11 19:00,20.3,,.9,340,60,1010.6,1018.8,0,.05,,0,,17.2
156,堡林,2024-10-11 20:00,19.5,,.6,20,68,1011,1019.2,,,,0,,16.1
156,堡林,2024-10-11 21:00,18.7,,1.2,70,67,1011.6,1019.8,,,,0,,15.4
156,堡林,2024-10-11 22:00,18.5,,1.1,70,72,1012.3,1020.5,,,,0,,15.1
156,堡林,2024-10-11 23:00,17.7,,1,70,76,1012.8,1021.1,,,,0,,14.7
156,堡林,2024-10-12 00:00,16.9,,.7,160,77,1012.8,1021.1,,,,0,,14.4
156,堡林,2024-10-12 01:00,16.6,,.2,0,78,1013.1,1021.4,,,,0,,13.8
156,堡林,2024-10-12 02:00,16.1,,0,0,83,1013.1,1021.5,,,,0,,13.6
156,堡林,2024-10-12 03:00,15.4,,.2,0,86,1013.1,1021.5,,,,0,,13.2
156,堡林,2024-10-12 04:00,14.9,,.1,0,87,1013.4,1021.8,,,,0,,12.9
156,堡林,2024-10-12 05:00,14.4,,.2,0,89,1013.6,1022,,,,0,,12.6
156,堡林,2024-10-12 06:00,14.3,,.1,0,90,1014.1,1022.5,,,,0,,12.3
156,堡林,2024-10-12 07:00,14.1,,0,0,91,1014.9,1023.3,0,.08,,0,,12.4
156,堡林,2024-10-12 08:00,15.2,,0,0,87,1015.5,1023.9,.4,.41,,6,,14.9
156,堡林,2024-10-12 09:00,18.1,,1.1,50,77,1015.6,1023.9,1,1.15,,6,,18.4
156,堡林,2024-10-12 10:00,19.8,,1.6,70,66,1015.6,1023.8,1,1.61,,5,,22.4
156,堡林,2024-10-12 11:00,21.9,,1.9,50,54,1015.7,1023.9,1,2.28,,7,,28.5
156,堡林,2024-10-12 12:00,23.4,,1.1,50,51,1015.1,1023.2,1,2.73,,6,,34.5
156,堡林,2024-10-12 13:00,24.1,,1.2,70,43,1014.6,1022.7,1,2.77,,3,,36.8
156,堡林,2024-10-12 14:00,24.9,,.8,320,39,1013.9,1022,1,2.67,,5,,38
156,堡林,2024-10-12 15:00,24.8,,1.1,360,38,1013.5,1021.5,1,2.23,,1,,35.1
156,堡林,2024-10-12 16:00,24.9,,1,360,44,1013.3,1021.4,1,1.59,,1,,29.8
156,堡林,2024-10-12 17:00,23.4,,1.7,360,46,1013.5,1021.6,1,.84,,1,,23.3
156,堡林,2024-10-12 18:00,21.8,,1.1,20,49,1013.9,1022.1,.7,.25,,1,,19.5
156,堡林,2024-10-12 19:00,20.5,,.5,70,52,1014.3,1022.5,0,.05,,0,,17.1
156,堡林,2024-10-12 20:00,19.3,,.9,70,61,1014.8,1023,,,,0,,15.9
156,堡林,2024-10-12 21:00,18.5,,.7,70,67,1015.1,1023.4,,,,0,,15.2
156,堡林,2024-10-12 22:00,17.7,,1.6,50,72,1015.5,1023.8,,,,0,,14.5
156,堡林,2024-10-12 23:00,17.5,,.5,70,73,1015.5,1023.8,,,,2,,14.1
156,堡林,2024-10-13 00:00,16.6,,.5,70,75,1015.4,1023.8,,,,0,,13.5
156,堡林,2024-10-13 01:00,16,,.6,50,78,1015.3,1023.7,,,,2,,13
156,堡林,2024-10-13 02:00,15.3,,.2,0,80,1015.2,1023.6,,,,2,,12.7
156,堡林,2024-10-13 03:00,14.9,,.2,0,84,1015.2,1023.6,,,,0,,12.4
156,堡林,2024-10-13 04:00,14.7,,.9,50,82,1015,1023.4,,,,0,,12.3
156,堡林,2024-10-13 05:00,14.7,,.6,50,83,1015.2,1023.6,,,,0,,12
156,堡林,2024-10-13 06:00,13.7,,.1,0,86,1015.3,1023.7,,,,0,,11.7
156,堡林,2024-10-13 07:00,13.6,,.3,0,86,1015.9,1024.4,0,.07,,0,,11.9
156,堡林,2024-10-13 08:00,14.9,,.8,70,82,1015.9,1024.3,.4,.44,,2,,13.7
156,堡林,2024-10-13 09:00,17.3,,.5,270,73,1016.3,1024.6,1,1.23,,4,,16.6
156,堡林,2024-10-13 10:00,19.9,,.4,0,69,1016.2,1024.5,1,1.89,,3,,22.6
156,堡林,2024-10-13 11:00,22,,1.1,250,58,1015.7,1023.9,1,2.48,,6,,30.1
156,堡林,2024-10-13 12:00,22.5,,.9,180,55,1015,1023.2,.3,1.65,,8,,29.9
156,堡林,2024-10-13 13:00,23.7,,1.4,250,55,1014.2,1022.3,.3,1.66,,8,,33.7
156,堡林,2024-10-13 14:00,23.4,,.4,0,55,1013.9,1022,.1,1.12,,8,,30.7
156,堡林,2024-10-13 15:00,22.8,,1.2,50,58,1013.6,1021.7,.1,1.29,,9,,28.7
156,堡林,2024-10-13 16:00,22,,1.5,70,55,1013.2,1021.4,0,.67,,10,,25.1
156,堡林,2024-10-13 17:00,21.6,,.9,70,60,1013.2,1021.4,0,.32,,9,,22.6
156,堡林,2024-10-13 18:00,20.7,,1.2,50,62,1013.5,1021.7,0,.12,,9,,20.1
156,堡林,2024-10-13 19:00,20.1,,1.1,50,67,1013.6,1021.9,0,.06,,9,,18.8
156,堡林,2024-10-13 20:00,19.7,,.8,50,71,1013.9,1022.1,,,,8,,18
156,堡林,2024-10-13 21:00,19.4,,.3,0,72,1013.7,1021.9,,,,9,,17.7
156,堡林,2024-10-13 22:00,18.8,,1,50,74,1013.4,1021.6,,,,9,,17.5
156,堡林,2024-10-13 23:00,18.8,,.3,0,73,1013.7,1021.9,,,,6,,16
156,堡林,2024-10-14 00:00,18.4,,1.6,20,76,1012.8,1021.1,,,,8,,16.1
156,堡林,2024-10-14 01:00,18.7,,.6,360,74,1013.1,1021.3,,,,10,,17.1
156,堡林,2024-10-14 02:00,18.3,,1.3,20,76,1012.7,1021,,,,10,,17.3
156,堡林,2024-10-14 03:00,18.3,,.7,20,75,1012.4,1020.7,,,,10,,17.3
156,堡林,2024-10-14 04:00,18.2,,.9,20,75,1011.8,1020.1,,,,10,,17.4
156,堡林,2024-10-14 05:00,18.1,0,1.6,50,77,1011.6,1019.9,,,,10,,17.4
156,堡林,2024-10-14 06:00,18.1,0,2.3,50,77,1011.6,1019.9,,,,10,,17.4
156,堡林,2024-10-14 07:00,18.1,0,1.7,50,78,1011.8,1020.1,0,.06,,10,,17.6
156,堡林,2024-10-14 08:00,18.7,,1.7,50,78,1011.9,1020.1,0,.2,,10,,19.3
156,堡林,2024-10-14 09:00,19.4,0,1.3,20,76,1011.9,1020.1,0,.33,,10,,20.2
156,堡林,2024-10-14 10:00,21.2,0,1.9,50,72,1011.4,1019.6,0,1.01,,10,,25.1
156,堡林,2024-10-14 11:00,21.7,,.3,0,71,1011.4,1019.6,0,.93,,10,,25.2
156,堡林,2024-10-14 12:00,22.2,0,.3,0,71,1010.9,1019,0,.57,,10,,24.2
156,堡林,2024-10-14 13:00,22,0,1.1,180,77,1010.3,1018.4,0,.6,,10,,25.3
156,堡林,2024-10-14 14:00,21.6,0,1.1,140,75,1009.7,1017.9,0,.54,,10,,23.6
156,堡林,2024-10-14 15:00,19.6,.2,1.3,110,81,1009.4,1017.6,0,.38,,10,,22.4
156,堡林,2024-10-14 16:00,19.2,.8,1.4,20,88,1009.3,1017.5,0,.3,,10,,21.3
156,堡林,2024-10-14 17:00,17.9,2.1,2.5,50,91,1009.5,1017.7,0,.13,,10,,19.7
156,堡林,2024-10-14 18:00,17.3,5.4,2.8,50,94,1009.8,1018.1,0,.07,,10,,18.7
156,堡林,2024-10-14 19:00,17.3,4.5,3.2,50,95,1009.8,1018.1,,,,10,,18.4
156,堡林,2024-10-14 20:00,16.9,7.2,3.3,50,95,1010.2,1018.5,,,,10,,17.9
156,堡林,2024-10-14 21:00,16.9,5.8,3.6,50,95,1009.9,1018.2,,,,10,,17.9
156,堡林,2024-10-14 22:00,17.2,3.3,1.9,50,96,1009.5,1017.8,,,,10,,18.2
156,堡林,2024-10-14 23:00,17.7,.2,.2,0,96,1008.9,1017.2,,,,10,,18.6
156,堡林,2024-10-15 00:00,17.9,.4,.3,0,95,1008.6,1016.8,,,,10,,18.8
156,堡林,2024-10-15 01:00,17.9,.1,0,0,96,1008.3,1016.5,,,,10,,18.9
156,堡林,2024-10-15 02:00,17.9,.1,.9,50,96,1008.3,1016.5,,,,10,,19.1
156,堡林,2024-10-15 03:00,18.2,,.4,0,96,1008.1,1016.3,,,,10,,19.2
156,堡林,2024-10-15 04:00,18.4,.1,.6,50,95,1007.8,1016,,,,10,,19.3
156,堡林,2024-10-15 05:00,18.7,,0,0,96,1008,1016.2,,,,10,,19.5
156,堡林,2024-10-15 06:00,18.7,,0,0,96,1007.9,1016.1,,,,10,,19.5
156,堡林,2024-10-15 07:00,18.8,,0,0,96,1008.3,1016.5,0,.07,,10,,19.7
156,堡林,2024-10-15 08:00,19.3,.4,0,0,96,1008.7,1016.9,0,.15,,10,,20.3
156,堡林,2024-10-15 09:00,19.8,0,0,0,95,1009.1,1017.3,0,.3,,10,,21.5
156,堡林,2024-10-15 10:00,20.1,,.3,0,94,1009.9,1018.1,0,.33,,10,,21.9
156,堡林,2024-10-15 11:00,21,0,.1,0,91,1009.3,1017.5,0,.85,,10,,25.9
156,堡林,2024-10-15 12:00,21.7,,.4,0,87,1009.6,1017.7,0,.99,,10,,25.7
156,堡林,2024-10-15 13:00,21.9,,.6,200,88,1009.6,1017.7,0,.72,,10,,25.6
156,堡林,2024-10-15 14:00,22.3,,.8,250,84,1009.2,1017.3,0,.75,,10,,25.5
156,堡林,2024-10-15 15:00,22.3,,.7,250,85,1009.3,1017.4,0,.47,,10,,24.1
156,堡林,2024-10-15 16:00,22,,.3,0,85,1009.3,1017.4,0,.31,,10,,23.1
156,堡林,2024-10-15 17:00,21.9,,.7,250,87,1009.7,1017.8,0,.2,,10,,22.3
156,堡林,2024-10-15 18:00,21.1,,.2,0,89,1009.8,1018,0,.1,,10,,21
156,堡林,2024-10-15 19:00,20.9,,.7,290,89,1010.4,1018.6,,,,10,,20.2
156,堡林,2024-10-15 20:00,20.3,,.5,360,91,1010.9,1019.1,,,,7,,19.3
156,堡林,2024-10-15 21:00,19.9,,.5,20,92,1011.3,1019.5,,,,8,,18.7
156,堡林,2024-10-15 22:00,19.7,,.9,50,94,1011.6,1019.8,,,,7,,18.1
156,堡林,2024-10-15 23:00,19,,.1,0,95,1012,1020.2,,,,0,,17.5
156,堡林,2024-10-16 00:00,18.9,,0,0,95,1011.9,1020.1,,,,7,,17
156,堡林,2024-10-16 01:00,18.9,,.7,320,94,1012.1,1020.3,,,,8,,17.1
156,堡林,2024-10-16 02:00,18.7,,.4,0,96,1012.4,1020.6,,,,0,,17.2
156,堡林,2024-10-16 03:00,18.4,,.6,50,96,1012.3,1020.5,,,,9,,17.7
156,堡林,2024-10-16 04:00,18,,.2,0,96,1012.4,1020.7,,,,7,,16.5
156,堡林,2024-10-16 05:00,17.4,,1.9,50,96,1012.8,1021.1,,,,7,,16
156,堡林,2024-10-16 06:00,17.3,,1.7,50,95,1013.6,1021.9,,,,7,,15.7
156,堡林,2024-10-16 07:00,17.2,,1.5,50,96,1013.8,1022.1,0,.06,,6,,15.5
156,堡林,2024-10-16 08:00,18.1,,1.1,50,94,1014.4,1022.7,.3,.38,,6,,18.9
156,堡林,2024-10-16 09:00,19.7,,2,50,85,1014.7,1022.9,.9,1.12,,5,,20.8
156,堡林,2024-10-16 10:00,20.9,,1.4,50,76,1014.9,1023.1,1,1.6,,5,,23.9
156,堡林,2024-10-16 11:00,22.7,,2.5,50,63,1014.4,1022.5,.9,2.25,,7,,29.4
156,堡林,2024-10-16 12:00,24.5,,.9,20,60,1013.8,1021.9,1,2.38,,6,,31.6
156,堡林,2024-10-16 13:00,25.8,,2.6,20,51,1013,1021.1,1,2.78,,4,,32.5
156,堡林,2024-10-16 14:00,26,,1.6,20,46,1012.6,1020.7,.8,2.04,,8,,30.6
156,堡林,2024-10-16 15:00,25.6,,1,20,43,1012.4,1020.5,1,2.02,,8,,28.7
156,堡林,2024-10-16 16:00,25,,1.1,290,55,1012.3,1020.4,.8,1.18,,7,,26.9
156,堡林,2024-10-16 17:00,23.3,,1.7,20,63,1012.6,1020.7,.8,.67,,7,,23.2
156,堡林,2024-10-16 18:00,22.2,,1.2,20,68,1012.9,1021.1,0,.17,,7,,20.8
156,堡林,2024-10-16 19:00,21,,1.6,20,74,1013.7,1021.9,,,,5,,19.4
156,堡林,2024-10-16 20:00,20.5,,1.7,50,79,1014,1022.2,,,,8,,18.9
156,堡林,2024-10-16 21:00,19.9,,.8,20,81,1014.4,1022.7,,,,8,,18.5
156,堡林,2024-10-16 22:00,20,,.6,50,82,1014.5,1022.8,,,,8,,18.3
156,堡林,2024-10-16 23:00,19.1,,.2,0,85,1014.5,1022.7,,,,9,,18.1
156,堡林,2024-10-17 00:00,18.8,,.3,0,87,1014.3,1022.5,,,,7,,17.5
156,堡林,2024-10-17 01:00,18.2,,.7,90,89,1014.3,1022.6,,,,5,,17
156,堡林,2024-10-17 02:00,17.9,,.4,0,91,1014.3,1022.6,,,,7,,16.5
156,堡林,2024-10-17 03:00,17.9,,.7,70,92,1014.2,1022.5,,,,9,,16.5
156,堡林,2024-10-17 04:00,17.8,,.7,70,92,1014,1022.3,,,,9,,17.1
156,堡林,2024-10-17 05:00,17.5,,1.6,50,92,1013.9,1022.2,,,,9,,17.2
156,堡林,2024-10-17 06:00,17.5,,1,70,92,1014.3,1022.6,,,,9,,16.9
156,堡林,2024-10-17 07:00,17.5,,.7,140,91,1014.8,1023.1,0,.06,,9,,17.2
156,堡林,2024-10-17 08:00,17.8,,1,70,89,1014.9,1023.2,0,.19,,9,,18.3
156,堡林,2024-10-17 09:00,18.6,,.5,90,84,1015.4,1023.7,0,.47,,9,,20.3
156,堡林,2024-10-17 10:00,19.6,,1.6,20,80,1015.1,1023.3,.1,.79,,9,,22.2
156,堡林,2024-10-17 11:00,20.4,,.9,20,78,1015.1,1023.4,.2,1.23,,9,,24.3
156,堡林,2024-10-17 12:00,21.8,,1.3,50,71,1014.3,1022.5,.9,1.84,,8,,28.3
156,堡林,2024-10-17 13:00,23.4,,.6,50,62,1013.4,1021.5,.9,2.51,,3,,32.1
156,堡林,2024-10-17 14:00,24.9,,1.2,70,46,1012.5,1020.6,1,2.52,,1,,31.5
156,堡林,2024-10-17 15:00,25.1,,1.4,50,48,1012.1,1020.2,1,2.13,,1,,30.4
156,堡林,2024-10-17 16:00,23.8,,1.6,180,49,1012.1,1020.2,.7,1.19,,8,,25.7
156,堡林,2024-10-17 17:00,23.1,,2.4,160,57,1012.1,1020.2,0,.39,,9,,23.1
156,堡林,2024-10-17 18:00,21.9,,1.3,90,64,1011.7,1019.9,0,.12,,9,,21
156,堡林,2024-10-17 19:00,21.2,,1.4,50,65,1011.4,1019.6,,,,5,,19
156,堡林,2024-10-17 20:00,21.1,,.8,90,65,1011.4,1019.6,,,,6,,17.9
156,堡林,2024-10-17 21:00,19.7,,.2,0,73,1011.9,1020.1,,,,1,,17.2
156,堡林,2024-10-17 22:00,19.5,,.7,70,75,1012.1,1020.3,,,,7,,16.9
156,堡林,2024-10-17 23:00,18.8,,1.2,20,77,1012.1,1020.3,,,,0,,16.7
156,堡林,2024-10-18 00:00,18.1,,1.5,20,82,1011.3,1019.6,,,,6,,16.4
156,堡林,2024-10-18 01:00,18.1,,1,50,82,1011,1019.3,,,,7,,16.3
156,堡林,2024-10-18 02:00,18.1,,.1,0,82,1010.8,1019,,,,7,,16.7
156,堡林,2024-10-18 03:00,18.2,,.5,250,83,1010.5,1018.7,,,,8,,16.8
156,堡林,2024-10-18 04:00,17.6,,1,50,85,1009.7,1018,,,,7,,16.8
156,堡林,2024-10-18 05:00,18.2,,.2,0,85,1009.2,1017.4,,,,5,,17.4
156,堡林,2024-10-18 06:00,18.6,,.8,20,84,1008.8,1017,,,,6,,17.5
156,堡林,2024-10-18 07:00,18.8,,1.5,20,85,1008.5,1016.7,0,.06,,8,,18.3
156,堡林,2024-10-18 08:00,19.9,,.7,20,84,1008.1,1016.3,0,.27,,9,,20
156,堡林,2024-10-18 09:00,21.6,,.8,20,81,1007.8,1015.9,0,.62,,9,,23.2
156,堡林,2024-10-18 10:00,22.8,,.6,20,79,1007.4,1015.5,0,.68,,10,,23.9
156,堡林,2024-10-18 11:00,24,0,4,180,77,1006.4,1014.4,.1,.96,,10,,25.5
156,堡林,2024-10-18 12:00,24.8,0,3.7,160,76,1005.1,1013.1,.1,1.11,,10,,27
156,堡林,2024-10-18 13:00,25.1,0,2.9,160,77,1004,1012,.1,1.16,,10,,28.7
156,堡林,2024-10-18 14:00,25,,2.4,180,78,1003.2,1011.2,0,1.15,,9,,28.2
156,堡林,2024-10-18 15:00,25.8,,4.1,180,75,1002.9,1010.9,.4,1.45,,10,,29.7
156,堡林,2024-10-18 16:00,25.3,0,4,180,81,1002.8,1010.8,0,.58,,10,,26.6
156,堡林,2024-10-18 17:00,25.8,,2.7,230,82,1002.9,1010.9,0,.32,,9,,25.5
156,堡林,2024-10-18 18:00,24.5,.4,2.1,200,90,1003.3,1011.3,0,.15,,10,,24.1
156,堡林,2024-10-18 19:00,24,0,2.8,200,91,1003.5,1011.5,,,,7,,23.2
156,堡林,2024-10-18 20:00,24,,3.3,200,91,1003.7,1011.7,,,,7,,23.2
156,堡林,2024-10-18 21:00,23.8,.2,1.6,230,93,1003.9,1011.9,,,,10,,23.2
156,堡林,2024-10-18 22:00,23.3,2.4,2.6,200,94,1004,1012,,,,10,,23.1
156,堡林,2024-10-18 23:00,23.1,.4,2.3,200,95,1003.8,1011.8,,,,10,,22.9
156,堡林,2024-10-19 00:00,22.9,,2.5,200,95,1003.5,1011.5,,,,10,,22.8
156,堡林,2024-10-19 01:00,22.9,,3.4,200,94,1003.3,1011.3,,,,8,,22.7
156,堡林,2024-10-19 02:00,22.7,.4,2.2,200,95,1003.4,1011.5,,,,8,,22.6
156,堡林,2024-10-19 03:00,22.8,,1.4,230,94,1003.2,1011.2,,,,7,,22.6
156,堡林,2024-10-19 04:00,22.6,0,1.7,250,94,1003.4,1011.5,,,,8,,22.4
156,堡林,2024-10-19 05:00,22,,.9,250,93,1003.7,1011.8,,,,2,,21
156,堡林,2024-10-19 06:00,21.7,,.6,230,94,1004.1,1012.2,,,,0,,20.3
156,堡林,2024-10-19 07:00,21.9,,.7,230,93,1004.7,1012.8,0,.06,,10,,20.6
156,堡林,2024-10-19 08:00,21,,1.2,230,90,1005.6,1013.7,.3,.3,,4,,21.3
156,堡林,2024-10-19 09:00,20.1,,1.2,320,89,1006.7,1014.9,.1,.21,,10,,21.3
156,堡林,2024-10-19 10:00,19.5,,1.5,360,83,1007.6,1015.8,0,.4,,10,,21
156,堡林,2024-10-19 11:00,19.8,,1.7,340,80,1007.9,1016,0,.56,,10,,22.4
156,堡林,2024-10-19 12:00,19.2,,3.1,20,80,1008,1016.2,0,.71,,10,,21.1
156,堡林,2024-10-19 13:00,19.1,,1.5,360,79,1008.1,1016.3,0,.4,,10,,20.8
156,堡林,2024-10-19 14:00,19.2,,2.5,20,78,1008.3,1016.5,0,.66,,9,,21.7
156,堡林,2024-10-19 15:00,18.7,,1.1,360,80,1008.8,1017,0,.42,,10,,20.7
156,堡林,2024-10-19 16:00,18.6,,2.8,20,81,1009.4,1017.6,0,.31,,10,,19.8
156,堡林,2024-10-19 17:00,18.8,,.7,50,80,1010.5,1018.7,0,.26,,9,,20.1
156,堡林,2024-10-19 18:00,18.5,,1.1,20,83,1011.6,1019.8,0,.12,,10,,19.2
156,堡林,2024-10-19 19:00,18.2,,2.9,50,84,1012.5,1020.8,,,,10,,18.9
156,堡林,2024-10-19 20:00,17.9,0,1.7,50,87,1013.1,1021.4,,,,10,,18.8
156,堡林,2024-10-19 21:00,18.1,,2.6,50,82,1013.9,1022.2,,,,9,,18.5
156,堡林,2024-10-19 22:00,17.6,,2.9,50,78,1014.7,1023,,,,10,,18
156,堡林,2024-10-19 23:00,16.5,0,2,50,80,1015.6,1024,,,,10,,17.4
156,堡林,2024-10-20 00:00,16.1,0,2.9,50,79,1016.3,1024.7,,,,10,,17.2
156,堡林,2024-10-20 01:00,15.9,,4.1,50,76,1016.8,1025.2,,,,10,,16.5
156,堡林,2024-10-20 02:00,15.3,,4,50,73,1017.3,1025.7,,,,10,,16.1
156,堡林,2024-10-20 03:00,14.7,,4.6,50,72,1017.5,1025.9,,,,9,,15.4
156,堡林,2024-10-20 04:00,14.3,,4.3,50,72,1018,1026.4,,,,9,,15
156,堡林,2024-10-20 05:00,14,,3.9,50,72,1018.7,1027.2,,,,9,,14.8
156,堡林,2024-10-20 06:00,13.6,,4,50,72,1019.5,1028,,,,8,,14.3
156,堡林,2024-10-20 07:00,13.5,,4.1,50,70,1019.8,1028.3,0,.07,,8,,14.4
156,堡林,2024-10-20 08:00,13.6,,4.4,50,69,1020.2,1028.7,.3,.39,,6,,14
156,堡林,2024-10-20 09:00,14.8,,4.1,50,67,1020.9,1029.3,.5,.84,,8,,16.9
156,堡林,2024-10-20 10:00,16.1,,3.2,50,61,1021.1,1029.5,1,1.55,,7,,21.4
156,堡林,2024-10-20 11:00,17.9,,2.9,50,56,1020.6,1028.9,1,2.27,,7,,25.8
156,堡林,2024-10-20 12:00,18.8,,2.2,70,46,1020.1,1028.4,1,2.79,,7,,27.5
156,堡林,2024-10-20 13:00,19.2,,2.1,70,47,1019.8,1028.1,1,2.39,,7,,27
156,堡林,2024-10-20 14:00,19.9,,4,50,47,1019.3,1027.6,.9,2.41,,4,,28.5
156,堡林,2024-10-20 15:00,19.5,,4.2,50,49,1019.3,1027.6,1,2.11,,5,,26.6
156,堡林,2024-10-20 16:00,18.5,,3.7,50,51,1019.1,1027.4,1,1.62,,4,,23.4
156,堡林,2024-10-20 17:00,17,,2.8,50,57,1018.8,1027.2,1,.86,,5,,17.3
156,堡林,2024-10-20 18:00,15.7,,1.5,70,53,1019,1027.4,.6,.21,,4,,14.5
156,堡林,2024-10-20 19:00,15,,2,70,56,1019.4,1027.9,,,,2,,13
156,堡林,2024-10-20 20:00,13.4,,2.7,50,67,1019.5,1028,,,,2,,12.2
156,堡林,2024-10-20 21:00,12.2,,2.1,50,71,1019.7,1028.2,,,,0,,11.5
156,堡林,2024-10-20 22:00,12,,2.4,50,71,1019.6,1028.2,,,,2,,11
156,堡林,2024-10-20 23:00,12,,1.2,70,70,1019.3,1027.8,,,,2,,10.8
156,堡林,2024-10-21 00:00,11,,2,50,76,1018.4,1027,,,,0,,10.4
156,堡林,2024-10-21 01:00,11.3,,1.7,50,75,1018.3,1026.9,,,,2,,10.3
156,堡林,2024-10-21 02:00,10.9,,2.2,50,77,1018,1026.6,,,,4,,10
156,堡林,2024-10-21 03:00,11,,2.1,50,78,1017.4,1026,,,,3,,10
156,堡林,2024-10-21 04:00,11.4,,1.2,50,77,1017.1,1025.7,,,,6,,10.3
156,堡林,2024-10-21 05:00,11.7,,1.6,50,76,1016.6,1025.1,,,,8,,10.6
156,堡林,2024-10-21 06:00,12.1,,3.2,50,75,1015.6,1024.1,,,,9,,11.1
156,堡林,2024-10-21 07:00,12.1,,.3,0,74,1016.3,1024.8,0,.07,,7,,11.7
156,堡林,2024-10-21 08:00,12.9,,1.1,50,74,1015.8,1024.3,0,.25,,7,,13.8
156,堡林,2024-10-21 09:00,14.8,,1.2,50,71,1016.4,1024.8,.2,.7,,9,,17.2
156,堡林,2024-10-21 10:00,15.9,,1.4,20,71,1016.2,1024.6,0,.81,,9,,19.1
156,堡林,2024-10-21 11:00,18.3,,1,50,64,1015.8,1024.1,.2,1.42,,8,,24.5
156,堡林,2024-10-21 12:00,19.2,,1.1,20,64,1015.1,1023.3,.4,1.7,,9,,24.8
156,堡林,2024-10-21 13:00,20.7,,1.4,20,65,1014.3,1022.5,0,1.26,,9,,25.4
156,堡林,2024-10-21 14:00,20.4,,2.1,50,66,1013.7,1021.9,0,.93,,9,,23.7
156,堡林,2024-10-21 15:00,19.9,,1.7,50,70,1012.7,1021,0,.7,,9,,22
156,堡林,2024-10-21 16:00,20.7,,1.5,20,69,1012.8,1021,0,.71,,9,,22.7
156,堡林,2024-10-21 17:00,19.4,,1.6,50,75,1012.6,1020.8,0,.34,,9,,20.2
156,堡林,2024-10-21 18:00,19,0,1.4,50,77,1013.3,1021.5,0,.1,,10,,18.7
156,堡林,2024-10-21 19:00,17.5,.5,1.9,20,86,1013.6,1021.9,,,,10,,18
156,堡林,2024-10-21 20:00,16.8,.5,1.6,50,89,1013.5,1021.8,,,,10,,17.7
156,堡林,2024-10-21 21:00,16.9,.2,1.2,50,91,1013.6,1021.9,,,,10,,17.8
156,堡林,2024-10-21 22:00,16.6,1.7,1.4,50,93,1013.1,1021.4,,,,10,,17.6
156,堡林,2024-10-21 23:00,16.2,3.6,1.1,50,94,1013.2,1021.6,,,,10,,17.2
156,堡林,2024-10-22 00:00,16.1,7.7,1.5,70,95,1012.7,1021.1,,,,10,,16.9
156,堡林,2024-10-22 01:00,16.1,6.3,2,50,96,1011.8,1020.2,,,,10,,16.8
156,堡林,2024-10-22 02:00,16.3,5.2,2.4,20,96,1010.4,1018.7,,,,10,,16.8
156,堡林,2024-10-22 03:00,16.3,3.2,.5,340,96,1010.3,1018.6,,,,10,,17
156,堡林,2024-10-22 04:00,16.4,5.3,1.1,50,96,1009.6,1017.9,,,,10,,17.1
156,堡林,2024-10-22 05:00,16.6,2.7,1,50,96,1009.5,1017.8,,,,10,,17.2
156,堡林,2024-10-22 06:00,16.7,2.7,1.9,50,97,1009.3,1017.6,,,,10,,17.3
156,堡林,2024-10-22 07:00,17.1,.8,.4,0,96,1008.9,1017.2,0,.07,,10,,17.5
156,堡林,2024-10-22 08:00,17.3,.2,.6,340,96,1008.9,1017.2,0,.13,,10,,18.2
156,堡林,2024-10-22 09:00,17.7,.1,.2,0,96,1008.1,1016.3,0,.18,,10,,19
156,堡林,2024-10-22 10:00,18.7,,.9,20,93,1007.5,1015.7,0,.69,,10,,22
156,堡林,2024-10-22 11:00,19,0,.7,250,92,1007.7,1015.9,0,.32,,10,,20.7
156,堡林,2024-10-22 12:00,20.4,1.2,.4,0,90,1006.8,1015,.1,1.35,,10,,26.9
156,堡林,2024-10-22 13:00,20.5,,0,0,90,1005.8,1014,0,.75,,10,,24.2
156,堡林,2024-10-22 14:00,20.7,,.4,0,88,1005.1,1013.3,0,.62,,10,,23.9
156,堡林,2024-10-22 15:00,20.2,,.1,0,92,1004.6,1012.8,0,.31,,10,,22.3
156,堡林,2024-10-22 16:00,20.1,.2,0,0,94,1004.8,1013,0,.12,,10,,21.3
156,堡林,2024-10-22 17:00,19.8,.8,.8,270,96,1004.5,1012.6,0,.1,,10,,20.8
156,堡林,2024-10-22 18:00,19.3,1.8,1.2,250,96,1004.8,1012.9,0,.06,,10,,20
156,堡林,2024-10-22 19:00,19.4,.5,1.4,250,96,1005.3,1013.4,,,,10,,20
156,堡林,2024-10-22 20:00,19.1,1.1,1.1,230,96,1005,1013.2,,,,10,,19.7
156,堡林,2024-10-22 21:00,18.9,0,1.2,180,96,1004.7,1012.9,,,,10,,19.5
156,堡林,2024-10-22 22:00,18,1.1,2,250,95,1005.6,1013.8,,,,10,,19
156,堡林,2024-10-22 23:00,17.4,0,1.9,250,95,1005.7,1013.9,,,,10,,18.5
156,堡林,2024-10-23 00:00,16.9,.1,1.8,250,94,1006.1,1014.4,,,,10,,18.1
156,堡林,2024-10-23 01:00,16.3,.1,2.1,250,92,1006.3,1014.6,,,,10,,17.6
156,堡林,2024-10-23 02:00,15.8,0,1.8,250,90,1007,1015.3,,,,10,,16.9
156,堡林,2024-10-23 03:00,15.7,,1.2,270,85,1007.3,1015.6,,,,6,,15.7
156,堡林,2024-10-23 04:00,15.6,0,1.9,290,79,1007.6,1015.9,,,,9,,15.2
156,堡林,2024-10-23 05:00,15.3,,1.1,290,75,1008,1016.4,,,,9,,14.8
156,堡林,2024-10-23 06:00,14.8,,1.7,290,74,1008.4,1016.7,,,,9,,14.3
156,堡林,2024-10-23 07:00,14.2,0,.7,290,79,1008.7,1017.1,0,.06,,9,,14.5
156,堡林,2024-10-23 08:00,15,,1.5,320,74,1009.5,1017.9,0,.16,,9,,15.2
156,堡林,2024-10-23 09:00,15.4,0,1.6,320,71,1010.3,1018.7,.2,.5,,8,,16.3
156,堡林,2024-10-23 10:00,15.7,0,1.5,290,70,1010.9,1019.3,0,.59,,8,,17.3
156,堡林,2024-10-23 11:00,16.2,,2.4,290,63,1011.1,1019.4,.1,1.01,,9,,18.9
156,堡林,2024-10-23 12:00,17,,1.8,270,66,1011.1,1019.4,.2,1.4,,4,,24.6
156,堡林,2024-10-23 13:00,17.8,,2.3,290,57,1010.4,1018.7,.7,1.92,,6,,25.2
156,堡林,2024-10-23 14:00,17.9,,2.2,340,54,1010.1,1018.4,1,2.5,,1,,24.5
156,堡林,2024-10-23 15:00,17.9,,1.3,340,54,1010.2,1018.5,1,2.1,,0,,23.9
156,堡林,2024-10-23 16:00,17.4,,1.4,340,56,1010.5,1018.8,1,1.47,,0,,20.5
156,堡林,2024-10-23 17:00,15.9,,2.2,360,58,1010.6,1019,1,.76,,0,,14.9
156,堡林,2024-10-23 18:00,14.8,,1.8,360,63,1010.9,1019.3,.5,.17,,0,,13.1
156,堡林,2024-10-23 19:00,14.2,,1.8,20,66,1011.5,1019.9,,,,0,,12.1
156,堡林,2024-10-23 20:00,13.7,,1.4,20,69,1011.7,1020.1,,,,0,,11.5
156,堡林,2024-10-23 21:00,12.9,,1.4,20,73,1012,1020.5,,,,0,,11
156,堡林,2024-10-23 22:00,12,,1,50,77,1012.5,1021,,,,0,,10.5
156,堡林,2024-10-23 23:00,11.9,,1,50,79,1012.7,1021.2,,,,0,,10
156,堡林,2024-10-24 00:00,11.7,,.7,20,81,1012.6,1021.1,,,,0,,9.7
156,堡林,2024-10-24 01:00,11,,1.7,50,83,1012.7,1021.2,,,,0,,9.3
156,堡林,2024-10-24 02:00,10.2,,1.5,50,85,1012.9,1021.5,,,,0,,9
156,堡林,2024-10-24 03:00,10,,1.4,50,85,1012.7,1021.3,,,,0,,8.8
156,堡林,2024-10-24 04:00,9.5,,1.8,50,87,1012.7,1021.3,,,,0,,8.3
156,堡林,2024-10-24 05:00,9.4,,1.8,50,86,1012.6,1021.2,,,,0,,7.9
156,堡林,2024-10-24 06:00,9.2,,1.9,50,85,1012.7,1021.3,,,,0,,7.7
156,堡林,2024-10-24 07:00,9,,2.3,50,84,1012.7,1021.3,0,.06,,0,,7.6
156,堡林,2024-10-24 08:00,10.4,,2.4,50,79,1013.7,1022.3,.4,.35,,0,,8.6
156,堡林,2024-10-24 09:00,12.7,,2.6,20,67,1014.1,1022.6,1,1.18,,0,,10.9
156,堡林,2024-10-24 10:00,14.7,,2.1,70,59,1014.3,1022.7,1,1.85,,0,,19.6
156,堡林,2024-10-24 11:00,17,,2.4,50,47,1014,1022.3,1,2.36,,0,,24.3
156,堡林,2024-10-24 12:00,19,,3.1,20,39,1013.3,1021.5,1,2.65,,0,,26.7
156,堡林,2024-10-24 13:00,19.5,,3.6,50,34,1012.2,1020.4,1,2.72,,0,,27.3
156,堡林,2024-10-24 14:00,20.4,,3.7,50,38,1011.4,1019.6,1,2.52,,0,,25.9
156,堡林,2024-10-24 15:00,20.2,,2.9,20,39,1011.3,1019.5,1,2.12,,0,,25
156,堡林,2024-10-24 16:00,19.8,,2.9,20,41,1011.8,1020,1,1.5,,0,,21.9
156,堡林,2024-10-24 17:00,18.3,,2.4,20,43,1012.2,1020.5,1,.78,,0,,15.9
156,堡林,2024-10-24 18:00,16.3,,1.5,20,53,1012.8,1021.2,.6,.17,,0,,13.7
156,堡林,2024-10-24 19:00,14.8,,1.8,50,58,1013.5,1021.9,,,,0,,12.2
156,堡林,2024-10-24 20:00,14,,2.3,50,63,1013.5,1021.9,,,,0,,11.3
156,堡林,2024-10-24 21:00,13.3,,1.3,20,67,1014.1,1022.6,,,,0,,10.6
156,堡林,2024-10-24 22:00,13,,1.1,50,67,1014.8,1023.3,,,,0,,10.2
156,堡林,2024-10-24 23:00,12.5,,0,0,70,1014.8,1023.3,,,,0,,9.7
156,堡林,2024-10-25 00:00,12.3,,.7,110,73,1015,1023.5,,,,0,,9.3
156,堡林,2024-10-25 01:00,11.7,,.2,0,74,1014.8,1023.3,,,,0,,8.9
156,堡林,2024-10-25 02:00,10.9,,.7,50,75,1015.1,1023.7,,,,0,,8.6
156,堡林,2024-10-25 03:00,10.3,,.6,230,81,1015.7,1024.3,,,,0,,8.4
156,堡林,2024-10-25 04:00,10.2,,0,0,84,1015.5,1024.1,,,,0,,8.1
156,堡林,2024-10-25 05:00,10,,0,0,84,1015.5,1024.1,,,,0,,7.9
156,堡林,2024-10-25 06:00,9.4,,0,0,86,1015.8,1024.4,,,,0,,7.7
156,堡林,2024-10-25 07:00,9.4,,.5,110,84,1015.9,1024.5,0,.06,,2,,7.6
156,堡林,2024-10-25 08:00,10.5,,1.1,50,79,1016.8,1025.4,.4,.27,,2,,8.7
156,堡林,2024-10-25 09:00,13.1,,.8,70,72,1017.2,1025.7,1,.89,,1,,10.9
156,堡林,2024-10-25 10:00,16.3,,1.6,70,64,1016.8,1025.2,1,1.73,,3,,19.3
156,堡林,2024-10-25 11:00,18.2,,1.7,50,62,1016.6,1024.9,1,2.05,,8,,23.5
156,堡林,2024-10-25 12:00,19.8,,.5,70,59,1016.2,1024.4,.9,1.92,,8,,28.2
156,堡林,2024-10-25 13:00,19.7,,2.2,20,59,1015.3,1023.5,.4,1.47,,9,,23.3
156,堡林,2024-10-25 14:00,20.2,,1.8,20,58,1014.7,1023,.1,1.13,,9,,23.4
156,堡林,2024-10-25 15:00,19.9,,1.1,50,64,1014.9,1023.2,0,.91,,9,,21.8
156,堡林,2024-10-25 16:00,20.1,,1.4,50,63,1014.7,1023,.2,.86,,8,,21.7
156,堡林,2024-10-25 17:00,18.5,,1.2,50,69,1014.7,1023,0,.42,,8,,19
156,堡林,2024-10-25 18:00,18.1,,.7,90,70,1014.4,1022.7,0,.09,,7,,16.4
156,堡林,2024-10-25 19:00,17.5,,.9,160,75,1015.4,1023.7,,,,10,,15.8
156,堡林,2024-10-25 20:00,16.7,,.6,110,82,1014.9,1023.3,,,,10,,15.5
156,堡林,2024-10-25 21:00,16.3,,.6,20,80,1015,1023.4,,,,8,,14.4
156,堡林,2024-10-25 22:00,15.5,,.8,70,83,1015.2,1023.6,,,,7,,13
156,堡林,2024-10-25 23:00,15,,1.1,20,84,1014.8,1023.2,,,,6,,13
156,堡林,2024-10-26 00:00,14.1,,.3,0,87,1014.9,1023.3,,,,6,,12.1
156,堡林,2024-10-26 01:00,13.8,,.9,50,89,1014.5,1022.9,,,,2,,11.5
156,堡林,2024-10-26 02:00,13.3,,.3,0,91,1014.5,1023,,,,2,,10.9
156,堡林,2024-10-26 03:00,12.9,,0,0,92,1014.3,1022.8,,,,0,,10.5
156,堡林,2024-10-26 04:00,12.5,,.4,0,92,1013.9,1022.4,,,,0,,10.2
156,堡林,2024-10-26 05:00,12.6,,1.9,50,92,1013.7,1022.2,,,,0,,9.9
156,堡林,2024-10-26 06:00,13.1,,.5,50,90,1014,1022.5,,,,0,,9.9
156,堡林,2024-10-26 07:00,12.1,,1.1,20,93,1013.8,1022.3,0,.06,,0,,9.7
156,堡林,2024-10-26 08:00,13,,.2,0,89,1014.3,1022.8,.4,.33,,0,,10.6
156,堡林,2024-10-26 09:00,15.4,,.2,0,82,1014.4,1022.8,1,1.13,,3,,12.9
156,堡林,2024-10-26 10:00,18.1,,.5,70,69,1013.7,1022,1,1.68,,3,,21.5
156,堡林,2024-10-26 11:00,20.1,,.5,70,63,1013,1021.3,1,2.29,,2,,27.4
156,堡林,2024-10-26 12:00,21.6,,.6,290,58,1012.5,1020.7,1,2.6,,3,,30.1
156,堡林,2024-10-26 13:00,22.5,,.5,20,53,1011.2,1019.3,1,2.36,,5,,29.3
156,堡林,2024-10-26 14:00,23.2,,.8,270,53,1010.2,1018.3,1,2.31,,6,,26.8
156,堡林,2024-10-26 15:00,24.3,,.5,50,51,1009.4,1017.4,.9,1.77,,4,,28.1
156,堡林,2024-10-26 16:00,23.9,,.7,360,49,1009.9,1017.9,1,1.4,,0,,25.2
156,堡林,2024-10-26 17:00,22.5,,1.7,180,57,1010.2,1018.3,1,.72,,0,,19.6
156,堡林,2024-10-26 18:00,21.2,,.9,180,63,1010.3,1018.5,.5,.14,,1,,17.4
156,堡林,2024-10-26 19:00,19.7,,.5,110,70,1010.5,1018.7,,,,0,,15.9
156,堡林,2024-10-26 20:00,19,,.8,160,73,1011.1,1019.3,,,,0,,15
156,堡林,2024-10-26 21:00,17.7,,.8,50,77,1010.9,1019.2,,,,0,,14.4
156,堡林,2024-10-26 22:00,17.2,,.3,0,81,1010.8,1019.1,,,,2,,13.8
156,堡林,2024-10-26 23:00,16.4,,.4,0,84,1011,1019.3,,,,2,,13.4
156,堡林,2024-10-27 00:00,15.7,,.9,20,85,1010.5,1018.9,,,,0,,13.1
156,堡林,2024-10-27 01:00,15.3,,.3,0,87,1010.8,1019.2,,,,1,,12.7
156,堡林,2024-10-27 02:00,14.8,,.9,50,89,1010,1018.4,,,,8,,13.2
156,堡林,2024-10-27 03:00,15,,.2,0,88,1008.7,1017.1,,,,8,,13.4
156,堡林,2024-10-27 04:00,14.4,,.7,20,89,1008.6,1017,,,,7,,13.2
156,堡林,2024-10-27 05:00,14.7,,.4,0,87,1009,1017.4,,,,8,,13.8
156,堡林,2024-10-27 06:00,14.5,,.6,20,87,1008.3,1016.7,,,,8,,14
156,堡林,2024-10-27 07:00,14.9,,.4,0,86,1008,1016.4,0,.07,,8,,14.5
156,堡林,2024-10-27 08:00,15.3,,.4,0,85,1008.2,1016.6,0,.16,,9,,15.7
156,堡林,2024-10-27 09:00,15.6,0,.2,0,85,1008.2,1016.5,0,.24,,10,,16.8
156,堡林,2024-10-27 10:00,16.5,0,.1,0,82,1007.8,1016.1,0,.6,,10,,19
156,堡林,2024-10-27 11:00,16.8,0,.6,250,81,1007.9,1016.2,0,.52,,10,,19.4
156,堡林,2024-10-27 12:00,17.6,0,.2,0,78,1006.5,1014.7,0,.75,,10,,21.4
156,堡林,2024-10-27 13:00,17.9,0,.6,230,77,1006.4,1014.6,0,.98,,10,,22.4
156,堡林,2024-10-27 14:00,18.2,0,.5,250,74,1005.5,1013.7,.1,.87,,10,,21.2
156,堡林,2024-10-27 15:00,18.7,0,.2,0,75,1005,1013.2,0,.59,,10,,21.4
156,堡林,2024-10-27 16:00,17.4,.6,.2,0,86,1005.4,1013.6,0,.29,,10,,19.5
156,堡林,2024-10-27 17:00,17.3,0,.5,360,82,1005.4,1013.6,0,.23,,10,,18.4
156,堡林,2024-10-27 18:00,17.1,,.6,340,82,1005.7,1014,0,.09,,10,,17.2
156,堡林,2024-10-27 19:00,17,,.8,290,83,1006.1,1014.4,,,,10,,16.8
156,堡林,2024-10-27 20:00,16.8,0,.3,0,83,1006,1014.3,,,,10,,16.5
156,堡林,2024-10-27 21:00,16.3,,.7,20,84,1005.9,1014.2,,,,10,,16.3
156,堡林,2024-10-27 22:00,16.5,,.9,320,83,1006.6,1014.9,,,,10,,16.1
156,堡林,2024-10-27 23:00,16.1,,.4,0,84,1005.9,1014.2,,,,10,,15.5
156,堡林,2024-10-28 00:00,15.8,,.2,0,85,1005.7,1014,,,,10,,15.4
156,堡林,2024-10-28 01:00,15.2,,.1,0,86,1005.3,1013.6,,,,10,,14.7
156,堡林,2024-10-28 02:00,14.6,,.3,0,90,1005.4,1013.7,,,,8,,13.1
156,堡林,2024-10-28 03:00,14.7,,.4,0,88,1005,1013.3,,,,9,,13.4
156,堡林,2024-10-28 04:00,13.9,,.4,0,90,1005.3,1013.7,,,,0,,12.5
156,堡林,2024-10-28 05:00,13.5,,.3,0,92,1005.1,1013.5,,,,3,,12.1
156,堡林,2024-10-28 06:00,13.2,,.5,90,93,1005.4,1013.8,,,,0,,11.6
156,堡林,2024-10-28 07:00,13.2,,.3,0,93,1005.7,1014.1,0,.06,,4,,11.4
156,堡林,2024-10-28 08:00,13.8,,.1,0,92,1006.1,1014.5,0,.24,,8,,13.6
156,堡林,2024-10-28 09:00,15.3,,.6,50,82,1006.8,1015.2,.3,.68,,9,,17
156,堡林,2024-10-28 10:00,16.3,,1.7,50,75,1006.7,1015,.1,.87,,8,,19.8
156,堡林,2024-10-28 11:00,17.9,,.7,50,70,1006.7,1014.9,.9,1.77,,8,,24.6
156,堡林,2024-10-28 12:00,17.9,,1.6,20,68,1006.4,1014.6,.2,1.33,,9,,22.6
156,堡林,2024-10-28 13:00,18.3,,1,20,63,1005.9,1014.1,.4,1.56,,9,,23.6
156,堡林,2024-10-28 14:00,18.8,,.7,250,63,1005.4,1013.6,.2,1.36,,8,,23.6
156,堡林,2024-10-28 15:00,18.8,,.7,360,63,1005.5,1013.7,.1,1.1,,9,,22.5
156,堡林,2024-10-28 16:00,18.7,,.5,90,62,1005.3,1013.5,.4,.94,,9,,20.9
156,堡林,2024-10-28 17:00,18.2,,.7,50,65,1005.7,1013.9,.9,.63,,2,,18
156,堡林,2024-10-28 18:00,16.9,,.1,0,72,1006.1,1014.4,.2,.12,,5,,15.4
156,堡林,2024-10-28 19:00,17.1,,.1,0,73,1006.9,1015.2,,,,9,,16.5
156,堡林,2024-10-28 20:00,16.9,0,0,0,76,1007.5,1015.8,,,,9,,16.7
156,堡林,2024-10-28 21:00,17.2,,.2,0,75,1008.1,1016.4,,,,10,,16.8
156,堡林,2024-10-28 22:00,17,,.6,250,77,1008.4,1016.7,,,,10,,16.6
156,堡林,2024-10-28 23:00,16.6,,.2,0,79,1008.7,1017,,,,10,,16.3
156,堡林,2024-10-29 00:00,16,,.1,0,82,1008.8,1017.1,,,,9,,16.2
156,堡林,2024-10-29 01:00,16.2,,1.2,50,82,1008.9,1017.2,,,,8,,16
156,堡林,2024-10-29 02:00,15.9,,.6,70,78,1009.1,1017.4,,,,10,,15.8
156,堡林,2024-10-29 03:00,15.7,,2.7,50,76,1008.7,1017,,,,9,,15.3
156,堡林,2024-10-29 04:00,15.4,,2.3,50,75,1008.7,1017.1,,,,7,,15.1
156,堡林,2024-10-29 05:00,14.9,,1.6,50,77,1008.6,1017,,,,9,,14.7
156,堡林,2024-10-29 06:00,15.1,,1.2,70,76,1008.8,1017.2,,,,8,,14.8
156,堡林,2024-10-29 07:00,14.5,,1.5,50,79,1009.3,1017.7,0,.06,,6,,14.5
156,堡林,2024-10-29 08:00,15.4,,1.7,50,75,1009.5,1017.9,.1,.25,,9,,15.9
156,堡林,2024-10-29 09:00,16.6,,.6,70,73,1010.4,1018.7,.5,.65,,9,,18.2
156,堡林,2024-10-29 10:00,17.4,,.5,250,69,1010.5,1018.8,.5,1.23,,8,,21.9
156,堡林,2024-10-29 11:00,18.5,,.6,320,65,1010.3,1018.5,.4,1.36,,8,,24.1
156,堡林,2024-10-29 12:00,19.7,,.9,360,64,1010.2,1018.4,.6,1.94,,8,,28.3
156,堡林,2024-10-29 13:00,19.2,,1,270,61,1009.7,1017.9,.5,1.91,,9,,26.4
156,堡林,2024-10-29 14:00,19.9,,1.1,340,57,1009.3,1017.5,.2,1.24,,7,,24.4
156,堡林,2024-10-29 15:00,20.3,,.6,230,53,1009,1017.2,.8,1.73,,7,,26.8
156,堡林,2024-10-29 16:00,20,,.5,20,54,1009.2,1017.4,.5,1.06,,8,,22.8
156,堡林,2024-10-29 17:00,19.4,,1.5,320,66,1009.3,1017.5,.5,.54,,6,,19.7
156,堡林,2024-10-29 18:00,18.5,,.7,360,69,1009.4,1017.6,.1,.12,,9,,17.8
156,堡林,2024-10-29 19:00,17.3,,.5,360,75,1010,1018.3,,,,3,,15.8
156,堡林,2024-10-29 20:00,17.3,,.5,50,76,1010.8,1019.1,,,,6,,15.9
156,堡林,2024-10-29 21:00,16.2,,1.2,50,80,1011.2,1019.5,,,,4,,14.4
156,堡林,2024-10-29 22:00,16.3,,1.3,20,77,1011.5,1019.8,,,,3,,14
156,堡林,2024-10-29 23:00,15.4,,1.3,20,79,1011.9,1020.3,,,,0,,13.1
156,堡林,2024-10-30 00:00,14.6,,.5,20,83,1011.5,1019.9,,,,0,,12.4
156,堡林,2024-10-30 01:00,14.1,,.1,0,85,1012.1,1020.5,,,,0,,11.9
156,堡林,2024-10-30 02:00,13.9,,.6,50,87,1012.7,1021.1,,,,0,,11.6
156,堡林,2024-10-30 03:00,13.2,,0,0,89,1012.9,1021.3,,,,0,,11.2
156,堡林,2024-10-30 04:00,12.9,,.1,0,90,1013.1,1021.6,,,,0,,10.9
156,堡林,2024-10-30 05:00,12.9,,.2,0,91,1013.4,1021.9,,,,0,,10.6
156,堡林,2024-10-30 06:00,12.1,,0,0,92,1013.5,1022,,,,0,,10.2
156,堡林,2024-10-30 07:00,11.9,,.2,0,93,1013.8,1022.3,0,.05,,2,,10
156,堡林,2024-10-30 08:00,12.7,,.1,0,89,1014.6,1023.1,.4,.3,,2,,11.5
156,堡林,2024-10-30 09:00,13.8,,0,0,84,1015,1023.4,.3,.53,,2,,14.5
156,堡林,2024-10-30 10:00,17.5,,.5,70,73,1015.2,1023.5,1,1.59,,0,,21.9
156,堡林,2024-10-30 11:00,19.7,,2.3,50,63,1015.2,1023.4,1,2.16,,0,,26.9
156,堡林,2024-10-30 12:00,20.3,,2.5,50,55,1014.7,1023,1,2.46,,0,,28.8
156,堡林,2024-10-30 13:00,21,,1.5,20,55,1013.6,1021.8,1,2.5,,0,,29.7
156,堡林,2024-10-30 14:00,22,,.6,340,47,1012.4,1020.6,1,2.31,,0,,27.5
156,堡林,2024-10-30 15:00,23.4,,1.7,50,42,1012.2,1020.3,1,1.88,,0,,27.7
156,堡林,2024-10-30 16:00,22.4,,1.5,20,41,1012,1020.1,1,1.32,,0,,24.1
156,堡林,2024-10-30 17:00,20.6,,1.2,20,52,1012.3,1020.5,1,.62,,0,,18.4
156,堡林,2024-10-30 18:00,18.4,,1.2,50,61,1012.9,1021.2,.3,.12,,0,,15.8
156,堡林,2024-10-30 19:00,17.7,,.4,0,63,1013.7,1022,,,,0,,14.5
156,堡林,2024-10-30 20:00,16.5,,1.8,50,71,1014.2,1022.6,,,,0,,13.7
156,堡林,2024-10-30 21:00,15.6,,2.6,50,77,1014.6,1023,,,,0,,12.9
156,堡林,2024-10-30 22:00,15.1,,1.4,50,79,1015.3,1023.7,,,,0,,12.4
156,堡林,2024-10-30 23:00,15,,1.5,20,79,1015.2,1023.6,,,,0,,12
156,堡林,2024-10-31 00:00,14.4,,1.1,50,81,1014.9,1023.3,,,,7,,11.4
156,堡林,2024-10-31 01:00,14.3,,.8,50,78,1015,1023.4,,,,7,,11.2
156,堡林,2024-10-31 02:00,13.6,,1.5,50,80,1014.7,1023.1,,,,3,,10.9
156,堡林,2024-10-31 03:00,13.2,,.6,110,83,1014.9,1023.4,,,,9,,10.5
156,堡林,2024-10-31 04:00,13,,.3,0,84,1014.7,1023.2,,,,9,,10.6
156,堡林,2024-10-31 05:00,12.8,,.6,70,82,1014.6,1023.1,,,,9,,10.8
156,堡林,2024-10-31 06:00,12.5,,.2,0,82,1015,1023.5,,,,7,,10.5
156,堡林,2024-10-31 07:00,12.7,,.4,0,82,1015,1023.5,0,.05,,8,,10.3
156,堡林,2024-10-31 08:00,13.6,,2.4,50,75,1014.9,1023.3,0,.23,,8,,12.4
156,堡林,2024-10-31 09:00,15.9,,2.4,50,66,1015.8,1024.2,.4,.74,,8,,15.8
156,堡林,2024-10-31 10:00,18,,1.3,50,58,1016.1,1024.4,1,1.44,,7,,21.8
156,堡林,2024-10-31 11:00,19.9,,1.8,50,50,1015.6,1023.9,1,1.99,,7,,26.3
156,堡林,2024-10-31 12:00,21.2,,1.9,50,48,1014.7,1022.9,1,2.26,,6,,28.8
156,堡林,2024-10-31 13:00,22.6,,1.6,50,46,1013.6,1021.7,1,2.52,,3,,31.1
156,堡林,2024-10-31 14:00,22.8,,1,90,53,1012.3,1020.4,1,2,,6,,26.4
156,堡林,2024-10-31 15:00,22.2,,.6,250,50,1012.6,1020.7,.8,1.31,,7,,25.1
156,堡林,2024-10-31 16:00,21.5,,1,50,54,1012.3,1020.5,.2,.73,,7,,22.7
156,堡林,2024-10-31 17:00,20.1,,1.4,50,60,1012.8,1021,.3,.43,,7,,19.8
156,堡林,2024-10-31 18:00,19.4,,1.6,180,64,1013.1,1021.3,0,.11,,7,,16.8
156,堡林,2024-10-31 19:00,19,,1.8,200,69,1013.4,1021.6,,,,8,,15.8
156,堡林,2024-10-31 20:00,18.4,,.4,0,70,1013.9,1022.2,,,,8,,15.3
156,堡林,2024-10-31 21:00,17.3,,.7,70,77,1013.9,1022.2,,,,3,,14.2
156,堡林,2024-10-31 22:00,16.6,,.9,50,79,1013.6,1021.9,,,,8,,13.7
156,堡林,2024-10-31 23:00,15.7,,.3,0,81,1013.9,1022.3,,,,8,,13.3
156,堡林,2024-11-01 00:00,15.7,,.1,0,81,1014.1,1022.5,,,,9,,14.1
156,堡林,2024-11-01 01:00,15.5,,.4,0,82,1014.1,1022.5,,,,10,,14.7
156,堡林,2024-11-01 02:00,15.7,,.5,290,80,1014.2,1022.6,,,,10,,15.2
156,堡林,2024-11-01 03:00,15.5,0,1.2,50,82,1013.5,1021.9,,,,10,,15.5
156,堡林,2024-11-01 04:00,14.6,,1.3,50,92,1012.2,1020.6,,,,10,,15.4
156,堡林,2024-11-01 05:00,14.9,,.4,0,93,1012.6,1021,,,,10,,15.6
156,堡林,2024-11-01 06:00,14.6,3.3,1,50,94,1011.7,1020.1,,,,10,,15.5
156,堡林,2024-11-01 07:00,14.5,,.3,0,94,1012.5,1020.9,0,.06,,10,,15.5
156,堡林,2024-11-01 08:00,14.8,,.4,0,94,1014.5,1022.9,0,.08,,10,,15.6
156,堡林,2024-11-01 09:00,14.6,2.1,1.9,50,95,1013.8,1022.2,0,.12,,10,,15.9
156,堡林,2024-11-01 10:00,14.6,,1.5,50,89,1012.9,1021.3,0,.2,,10,,16.3
156,堡林,2024-11-01 11:00,14.2,,1.1,50,88,1012,1020.4,0,.29,,10,,16.7
156,堡林,2024-11-01 12:00,14.6,2.8,.3,0,91,1011.1,1019.5,0,.38,,10,,17.3
156,堡林,2024-11-01 13:00,14,,1.3,20,90,1009.9,1018.3,0,.28,,10,,16.8
156,堡林,2024-11-01 14:00,13.9,,2,20,92,1008.6,1017,0,.26,,10,,16.4
156,堡林,2024-11-01 15:00,13.9,3.5,.1,0,93,1008.7,1017.1,0,.18,,10,,16.3
156,堡林,2024-11-01 16:00,14.3,,1.5,20,93,1008.9,1017.3,0,.21,,10,,16.4
156,堡林,2024-11-01 17:00,14.3,,2.2,50,94,1008.5,1016.9,0,.13,,10,,15.8
156,堡林,2024-11-01 18:00,14.3,1.4,1.6,20,94,1008.7,1017.1,0,.07,,10,,15.5
156,堡林,2024-11-01 19:00,14.2,,1.8,20,95,1007.7,1016.1,,,,10,,15.3
156,堡林,2024-11-01 20:00,14.1,,3,50,95,1006.8,1015.2,,,,10,,15.1
156,堡林,2024-11-01 21:00,14.4,1.7,3.1,50,94,1004.6,1012.9,,,,10,,15.1
156,堡林,2024-11-01 22:00,14.4,,1.4,70,94,1005.3,1013.6,,,,10,,15.1
156,堡林,2024-11-01 23:00,14.7,,.3,0,95,1005.5,1013.8,,,,10,,15.4
156,堡林,2024-11-02 00:00,14.5,3.5,1.5,20,95,1004.6,1012.9,,,,10,,15.3
156,堡林,2024-11-02 01:00,14.6,,.6,140,96,1005,1013.3,,,,10,,15.5
156,堡林,2024-11-02 02:00,14.6,,1.9,50,96,1004.6,1012.9,,,,10,,15.4
156,堡林,2024-11-02 03:00,15,6.1,1.8,20,95,1004.5,1012.8,,,,10,,15.4
156,堡林,2024-11-02 04:00,14.7,,1.1,50,96,1004.3,1012.6,,,,10,,15.4
156,堡林,2024-11-02 05:00,14.7,,2,50,96,1004,1012.3,,,,10,,15.2
156,堡林,2024-11-02 06:00,14.5,1.9,1.6,50,96,1004.1,1012.4,,,,9,,14.4
156,堡林,2024-11-02 07:00,15,,.6,20,95,1005,1013.4,0,.06,,10,,15.1
156,堡林,2024-11-02 08:00,15.3,,.9,360,94,1005.9,1014.2,0,.15,,7,,16
156,堡林,2024-11-02 09:00,16.9,,1.8,50,87,1006.8,1015.1,.4,.83,,7,,17.7
156,堡林,2024-11-02 10:00,18.2,,2,20,83,1007.4,1015.6,.7,1.45,,8,,21.9
156,堡林,2024-11-02 11:00,19,,1.5,20,79,1007.5,1015.7,0,1.22,,9,,24
156,堡林,2024-11-02 12:00,20.3,,2.1,360,72,1007.6,1015.8,.8,2.14,,8,,26.7
156,堡林,2024-11-02 13:00,20.9,,1.8,20,73,1007.8,1016,0,1.32,,7,,25.3
156,堡林,2024-11-02 14:00,22.1,,1,20,65,1007.7,1015.8,.6,1.72,,4,,26.1
156,堡林,2024-11-02 15:00,22.6,,2,20,67,1008.1,1016.2,1,1.67,,5,,26.3
156,堡林,2024-11-02 16:00,21.5,,1.4,20,69,1008.5,1016.6,.2,.61,,2,,22
156,堡林,2024-11-02 17:00,21.3,,1.3,50,71,1009.3,1017.5,1,.64,,3,,20
156,堡林,2024-11-02 18:00,19.2,,.8,20,79,1010.3,1018.5,.1,.11,,0,,17.4
156,堡林,2024-11-02 19:00,18.8,,.7,50,80,1011.3,1019.5,,,,0,,16
156,堡林,2024-11-02 20:00,17.8,,1.1,70,82,1012.1,1020.4,,,,0,,15
156,堡林,2024-11-02 21:00,16.9,,1.1,90,88,1013,1021.3,,,,0,,14.4
156,堡林,2024-11-02 22:00,16.2,,1,20,88,1013.6,1022,,,,0,,13.8
156,堡林,2024-11-02 23:00,16.1,,0,0,85,1014,1022.4,,,,0,,13.3
156,堡林,2024-11-03 00:00,15.1,,.1,0,87,1014.4,1022.8,,,,2,,12.9
156,堡林,2024-11-03 01:00,14.7,,.1,0,89,1014.4,1022.8,,,,0,,12.6
156,堡林,2024-11-03 02:00,14.8,,.4,0,89,1014.8,1023.2,,,,0,,12.2
156,堡林,2024-11-03 03:00,13.9,,.2,0,90,1014.7,1023.1,,,,0,,11.9
156,堡林,2024-11-03 04:00,13.6,,.4,0,91,1014.7,1023.1,,,,0,,11.7
156,堡林,2024-11-03 05:00,13.2,,.5,70,92,1014.4,1022.9,,,,0,,11.4
156,堡林,2024-11-03 06:00,13.1,,.1,0,93,1014.5,1023,,,,0,,11
156,堡林,2024-11-03 07:00,12.8,,0,0,94,1014.9,1023.4,0,.05,,0,,10.6
156,堡林,2024-11-03 08:00,13.1,,0,0,94,1015.5,1024,.2,.24,,0,,11.5
156,堡林,2024-11-03 09:00,15.6,,0,0,83,1016.1,1024.5,1,.95,,0,,13.7
156,堡林,2024-11-03 10:00,17.6,,.3,0,75,1015.9,1024.2,1,1.56,,0,,21.8
156,堡林,2024-11-03 11:00,19.2,,.5,200,68,1015.6,1023.8,1,2.06,,0,,26.3
156,堡林,2024-11-03 12:00,21.4,,1.7,180,54,1014.5,1022.7,1,2.36,,0,,28.3
156,堡林,2024-11-03 13:00,21.7,,1,160,54,1013.7,1021.9,1,2.45,,0,,28.2
156,堡林,2024-11-03 14:00,21.9,,.5,180,54,1012.9,1021.1,.6,1.49,,3,,24.3
156,堡林,2024-11-03 15:00,22.6,,.5,20,50,1012.7,1020.8,.7,1.22,,2,,25.5
156,堡林,2024-11-03 16:00,22.1,,.8,270,48,1012.9,1021.1,.9,1.16,,7,,23.3
156,堡林,2024-11-03 17:00,21.3,,1.3,250,52,1013,1021.2,1,.7,,2,,19.5
156,堡林,2024-11-03 18:00,19.6,,1.1,180,59,1013,1021.2,.3,.11,,0,,16.1
156,堡林,2024-11-03 19:00,17.9,,.6,160,69,1013.4,1021.7,,,,0,,14.7
156,堡林,2024-11-03 20:00,17.2,,.9,180,72,1013.8,1022.1,,,,0,,13.8
156,堡林,2024-11-03 21:00,16.2,,.8,110,77,1014,1022.4,,,,0,,13.1
156,堡林,2024-11-03 22:00,15.3,,.6,160,78,1013.7,1022.1,,,,0,,12.4
156,堡林,2024-11-03 23:00,15.1,,.4,0,77,1013.9,1022.3,,,,0,,11.9
156,堡林,2024-11-04 00:00,14.1,,.3,0,85,1013.8,1022.2,,,,0,,11.6
156,堡林,2024-11-04 01:00,14,,.3,0,89,1013.8,1022.2,,,,0,,11.3
156,堡林,2024-11-04 02:00,13.6,,0,0,89,1013.7,1022.1,,,,0,,11.1
156,堡林,2024-11-04 03:00,12.9,,.4,0,92,1013.4,1021.9,,,,0,,10.9
156,堡林,2024-11-04 04:00,12.2,,.8,180,93,1013.4,1021.9,,,,0,,10.8
156,堡林,2024-11-04 05:00,12.6,,0,0,93,1013.3,1021.8,,,,9,,12
156,堡林,2024-11-04 06:00,12.9,,.2,0,92,1012.8,1021.3,,,,8,,11.9
156,堡林,2024-11-04 07:00,12.6,,.5,360,92,1012.9,1021.4,0,.05,,9,,12.1
156,堡林,2024-11-04 08:00,13.6,,.1,0,89,1013,1021.4,.1,.23,,7,,14.2
156,堡林,2024-11-04 09:00,13.5,0,.7,320,87,1014,1022.4,0,.32,,10,,15.1
156,堡林,2024-11-04 10:00,14,,.2,0,93,1014,1022.4,0,.25,,10,,16.2
156,堡林,2024-11-04 11:00,14.7,,.2,0,90,1014.1,1022.5,0,.39,,10,,17.9
156,堡林,2024-11-04 12:00,16.9,.2,1.1,160,83,1013.2,1021.5,.4,1.47,,6,,24.6
156,堡林,2024-11-04 13:00,18.5,,.7,270,78,1012.2,1020.4,.9,2.03,,5,,26.7
156,堡林,2024-11-04 14:00,19.6,,1,160,72,1011.5,1019.7,1,1.94,,3,,24.5
156,堡林,2024-11-04 15:00,20.8,,1.5,320,52,1011.2,1019.4,.8,1.37,,3,,23.2
156,堡林,2024-11-04 16:00,19.7,,2.9,20,50,1011.4,1019.6,.9,.95,,2,,19.3
156,堡林,2024-11-04 17:00,18,,2.1,20,47,1012.2,1020.5,1,.54,,4,,14.7
156,堡林,2024-11-04 18:00,16.4,,2.1,360,62,1012.9,1021.2,.3,.12,,1,,13.1
156,堡林,2024-11-04 19:00,15.4,,1.3,20,64,1013.4,1021.8,,,,3,,12.3
156,堡林,2024-11-04 20:00,14.7,,1.1,360,64,1014.1,1022.5,,,,3,,11.6
156,堡林,2024-11-04 21:00,14.2,,1.4,360,67,1014.5,1022.9,,,,4,,11.2
156,堡林,2024-11-04 22:00,13.7,,.8,360,70,1014.7,1023.1,,,,9,,12.1
156,堡林,2024-11-04 23:00,13.4,,1,340,69,1014.8,1023.3,,,,10,,12.1
156,堡林,2024-11-05 00:00,12.7,,1.1,360,65,1015,1023.5,,,,9,,11.6
156,堡林,2024-11-05 01:00,12.2,,1.8,20,67,1014.6,1023.1,,,,10,,11.5
156,堡林,2024-11-05 02:00,11.6,,1.4,50,70,1014.5,1023,,,,10,,11.4
156,堡林,2024-11-05 03:00,11.4,,1,50,69,1014.1,1022.6,,,,9,,11.1
156,堡林,2024-11-05 04:00,11,,2.2,20,66,1013.7,1022.2,,,,9,,10.6
156,堡林,2024-11-05 05:00,10.4,,1.8,20,66,1014.1,1022.7,,,,9,,10.2
156,堡林,2024-11-05 06:00,9.9,,1.6,50,65,1014,1022.6,,,,9,,9.5
156,堡林,2024-11-05 07:00,9.6,,1.7,50,68,1014.4,1023,0,.06,,7,,9.3
156,堡林,2024-11-05 08:00,10.4,,2.5,50,64,1014.5,1023.1,0,.2,,8,,10.8
156,堡林,2024-11-05 09:00,11,,1.4,50,61,1014.9,1023.5,0,.57,,8,,13.1
156,堡林,2024-11-05 10:00,12.6,,1,20,54,1014.9,1023.4,.7,1.21,,4,,17
156,堡林,2024-11-05 11:00,14,,1.5,360,44,1014.3,1022.7,1,2.12,,1,,21.6
156,堡林,2024-11-05 12:00,14.3,,1.6,360,47,1013.7,1022.1,1,2.45,,0,,22.8
156,堡林,2024-11-05 13:00,15,,2,320,46,1013,1021.4,1,2.48,,0,,23.1
156,堡林,2024-11-05 14:00,15.4,,2,360,47,1012.4,1020.8,1,2.27,,1,,20.1
156,堡林,2024-11-05 15:00,15.3,,2.7,20,47,1012.3,1020.7,1,1.87,,0,,20.9
156,堡林,2024-11-05 16:00,14.7,,1.8,360,50,1012.4,1020.8,1,1.37,,1,,18
156,堡林,2024-11-05 17:00,13,,2.7,360,48,1012.9,1021.4,1,.64,,0,,12.1
156,堡林,2024-11-05 18:00,12.1,,2.2,20,50,1013.9,1022.4,.4,.11,,1,,9.9
156,堡林,2024-11-05 19:00,11.4,,1.6,20,50,1014.3,1022.8,,,,0,,8.9
156,堡林,2024-11-05 20:00,11,,1.7,20,51,1014.5,1023.1,,,,0,,8.2
156,堡林,2024-11-05 21:00,10.4,,2.3,20,51,1014.9,1023.5,,,,0,,7.5
156,堡林,2024-11-05 22:00,9.7,,2.4,50,51,1015.5,1024.1,,,,0,,7
156,堡林,2024-11-05 23:00,8.9,,2.3,50,52,1015.9,1024.5,,,,0,,6.3
156,堡林,2024-11-06 00:00,8.3,,2.2,50,53,1016.1,1024.7,,,,0,,6
156,堡林,2024-11-06 01:00,7.9,,2.7,50,56,1016.1,1024.8,,,,0,,5.8
156,堡林,2024-11-06 02:00,7.8,,2.5,50,60,1015.7,1024.4,,,,0,,5.6
156,堡林,2024-11-06 03:00,7.7,,2.3,50,59,1016.1,1024.8,,,,6,,6.1
156,堡林,2024-11-06 04:00,7.2,,3,50,60,1016,1024.7,,,,0,,5.5
156,堡林,2024-11-06 05:00,7.1,,2.3,50,60,1015.9,1024.6,,,,0,,5.2
156,堡林,2024-11-06 06:00,6.6,,2.4,50,61,1016.4,1025.1,,,,0,,5
156,堡林,2024-11-06 07:00,7.2,,2.3,50,59,1016.9,1025.6,0,.05,,1,,4.8
156,堡林,2024-11-06 08:00,8.1,,1.9,50,55,1017.5,1026.2,.2,.23,,0,,5.8
156,堡林,2024-11-06 09:00,10,,2.7,50,44,1018.4,1027,1,.95,,0,,7.4
156,堡林,2024-11-06 10:00,11.6,,3.2,50,42,1018.7,1027.3,1,1.62,,0,,15.6
156,堡林,2024-11-06 11:00,13.2,,3.1,20,41,1018.5,1027,1,2.13,,0,,20.5
156,堡林,2024-11-06 12:00,13.7,,2.7,20,40,1018.4,1026.9,1,2.44,,0,,22.4
156,堡林,2024-11-06 13:00,13.9,,2.7,20,41,1018,1026.5,1,2.47,,1,,23.1
156,堡林,2024-11-06 14:00,14.2,,2,320,38,1017.6,1026,1,2.31,,0,,19.6
156,堡林,2024-11-06 15:00,13.8,,2.9,20,33,1017.7,1026.2,1,1.94,,0,,19.5
156,堡林,2024-11-06 16:00,13.2,,3.2,360,32,1017.7,1026.2,1,1.33,,0,,15.4
156,堡林,2024-11-06 17:00,12.1,,1.9,360,39,1018.2,1026.7,1,.64,,0,,10.5
156,堡林,2024-11-06 18:00,11,,1.6,360,46,1018.7,1027.3,.4,.11,,0,,8.6
156,堡林,2024-11-06 19:00,10.2,,2.1,20,50,1018.7,1027.3,,,,0,,7.5
156,堡林,2024-11-06 20:00,9.3,,.8,50,55,1019.3,1027.9,,,,0,,6.6
156,堡林,2024-11-06 21:00,8.6,,1.7,20,61,1019.2,1027.9,,,,0,,6
156,堡林,2024-11-06 22:00,7.9,,1.1,90,64,1020.4,1029.1,,,,0,,5.5
156,堡林,2024-11-06 23:00,7.2,,1.3,50,64,1020.3,1029,,,,0,,5.1
156,堡林,2024-11-07 00:00,6.8,,1.9,50,65,1020.3,1029,,,,0,,4.6
156,堡林,2024-11-07 01:00,6.4,,1.4,20,67,1020.5,1029.3,,,,0,,4.1
156,堡林,2024-11-07 02:00,5.7,,.6,20,71,1020.5,1029.3,,,,0,,3.7
156,堡林,2024-11-07 03:00,5.6,,.3,0,71,1020.4,1029.2,,,,0,,3.3
156,堡林,2024-11-07 04:00,4.7,,.9,20,77,1020.1,1028.9,,,,0,,2.9
156,堡林,2024-11-07 05:00,4,,0,0,80,1020.4,1029.2,,,,0,,2.5
156,堡林,2024-11-07 06:00,4.1,,0,0,80,1021,1029.8,,,,0,,2.4
156,堡林,2024-11-07 07:00,4.1,,.8,50,80,1021.8,1030.6,0,.06,,0,,2.4
156,堡林,2024-11-07 08:00,4.7,,1,70,76,1022.1,1030.9,.2,.2,,1,,3.2
156,堡林,2024-11-07 09:00,6.8,,.8,70,66,1022.4,1031.2,1,.99,,4,,5.7
156,堡林,2024-11-07 10:00,9.4,,.2,0,55,1022.7,1031.4,1,1.62,,1,,15.2
156,堡林,2024-11-07 11:00,10.8,,.9,200,50,1022.2,1030.8,1,2.13,,1,,20.9
156,堡林,2024-11-07 12:00,13.7,,.5,230,42,1021.6,1030.1,1,2.39,,0,,23.9
156,堡林,2024-11-07 13:00,15,,.8,320,42,1021,1029.5,1,2.43,,0,,25.1
156,堡林,2024-11-07 14:00,17,,1,230,42,1020.2,1028.6,1,2.2,,2,,21.6
156,堡林,2024-11-07 15:00,16.6,,1.5,270,44,1020,1028.4,1,1.47,,7,,19.7
156,堡林,2024-11-07 16:00,16.7,,1,230,40,1020,1028.4,1,1,,6,,17.9
156,堡林,2024-11-07 17:00,15.4,,.5,340,44,1019.8,1028.3,.7,.5,,6,,13.8
156,堡林,2024-11-07 18:00,14.4,,1,230,46,1020.3,1028.8,0,.09,,3,,10.8
156,堡林,2024-11-07 19:00,13.4,,.6,200,51,1020.7,1029.2,,,,4,,9.4
156,堡林,2024-11-07 20:00,11.8,,.1,0,61,1020.8,1029.4,,,,6,,8.8
156,堡林,2024-11-07 21:00,10.9,,.5,50,66,1020.8,1029.4,,,,6,,8.4
156,堡林,2024-11-07 22:00,10.8,,.3,0,70,1021.1,1029.7,,,,6,,8.1
156,堡林,2024-11-07 23:00,10.6,,0,0,71,1021.6,1030.2,,,,10,,9.5
156,堡林,2024-11-08 00:00,10.5,,.2,0,73,1021.6,1030.2,,,,9,,9.4
156,堡林,2024-11-08 01:00,9.9,,.2,0,78,1021.2,1029.9,,,,8,,8.9
156,堡林,2024-11-08 02:00,10,,.4,0,77,1021,1029.6,,,,6,,9.3
156,堡林,2024-11-08 03:00,9.7,,0,0,79,1020.8,1029.4,,,,9,,9.3
156,堡林,2024-11-08 04:00,9.7,,.1,0,79,1020.2,1028.8,,,,8,,9.5
156,堡林,2024-11-08 05:00,8.9,,.7,90,80,1019.8,1028.4,,,,6,,8.3
156,堡林,2024-11-08 06:00,8.8,,0,0,83,1019.9,1028.6,,,,6,,7.4
156,堡林,2024-11-08 07:00,8.6,,.3,0,83,1020,1028.7,0,.06,,4,,7
156,堡林,2024-11-08 08:00,9,,.7,50,82,1020.5,1029.1,.1,.18,,5,,7.8
156,堡林,2024-11-08 09:00,11,,.3,0,74,1020.9,1029.5,1,.87,,6,,10.5
156,堡林,2024-11-08 10:00,13.1,,1.3,50,68,1020.4,1028.9,1,1.35,,6,,16.4
156,堡林,2024-11-08 11:00,15.2,,.8,320,63,1020.1,1028.6,1,1.76,,7,,21.4
156,堡林,2024-11-08 12:00,16.8,,.5,250,60,1019.4,1027.8,1,1.83,,7,,22.7
156,堡林,2024-11-08 13:00,17.7,,.7,200,58,1018.4,1026.7,1,1.88,,9,,25
156,堡林,2024-11-08 14:00,18.7,,1,250,56,1017.9,1026.2,1,1.67,,9,,22.7
156,堡林,2024-11-08 15:00,18.2,,1.2,270,59,1017.9,1026.2,.3,1.05,,8,,20.9
156,堡林,2024-11-08 16:00,17.9,,.4,0,61,1017.9,1026.2,0,.67,,9,,18.9
156,堡林,2024-11-08 17:00,16.9,,.4,0,65,1017.9,1026.3,0,.32,,9,,16.2
156,堡林,2024-11-08 18:00,16.2,,.5,290,68,1017.9,1026.3,0,.08,,5,,13.8
156,堡林,2024-11-08 19:00,15,,.2,0,68,1018.1,1026.6,,,,4,,12.3
156,堡林,2024-11-08 20:00,14.8,,.7,230,68,1018.7,1027.1,,,,2,,12.1
156,堡林,2024-11-08 21:00,14.1,,.6,180,73,1018.9,1027.4,,,,7,,11.8
156,堡林,2024-11-08 22:00,13.1,,.4,0,76,1019.3,1027.8,,,,4,,10.5
156,堡林,2024-11-08 23:00,12.3,,.6,290,78,1019.2,1027.7,,,,0,,9.8
156,堡林,2024-11-09 00:00,11.5,,.1,0,83,1019.1,1027.7,,,,0,,9.1
156,堡林,2024-11-09 01:00,11.3,,.2,0,86,1019,1027.6,,,,0,,8.8
156,堡林,2024-11-09 02:00,10.6,,0,0,89,1018.8,1027.4,,,,0,,8.4
156,堡林,2024-11-09 03:00,10.3,,0,0,90,1018.8,1027.4,,,,0,,7.9
156,堡林,2024-11-09 04:00,9.8,,0,0,92,1018.2,1026.8,,,,0,,7.4
156,堡林,2024-11-09 05:00,9.5,,.5,250,93,1018.1,1026.7,,,,3,,7.1
156,堡林,2024-11-09 06:00,9,,0,0,93,1018.1,1026.7,,,,0,,6.8
156,堡林,2024-11-09 07:00,9,,0,0,93,1018.4,1027,,,,0,,6.6
156,堡林,2024-11-09 08:00,9.4,,0,0,92,1018.8,1027.4,.2,.2,,1,,7.5
156,堡林,2024-11-09 09:00,12.1,,.1,0,83,1018.8,1027.3,1,.86,,2,,10.2
156,堡林,2024-11-09 10:00,14.7,,.9,90,73,1018.6,1027,1,1.53,,0,,18.8
156,堡林,2024-11-09 11:00,17,,.9,90,63,1018.1,1026.5,1,2.03,,3,,24.8
156,堡林,2024-11-09 12:00,18,,.4,0,58,1017.7,1026,1,2.09,,5,,24.9
156,堡林,2024-11-09 13:00,19,,1.4,360,58,1016.9,1025.2,.7,1.54,,8,,25.6
156,堡林,2024-11-09 14:00,19.7,,.8,20,51,1016.6,1024.8,1,2.19,,7,,25.2
156,堡林,2024-11-09 15:00,19.9,,1,290,50,1016.5,1024.8,1,1.62,,8,,24.2
156,堡林,2024-11-09 16:00,19.2,,.9,20,52,1016.3,1024.5,.1,.73,,8,,19.7
156,堡林,2024-11-09 17:00,18,,.7,20,56,1016.4,1024.7,0,.34,,9,,16.9
156,堡林,2024-11-09 18:00,16.8,,.3,0,61,1016.6,1025,0,.08,,9,,14.5
156,堡林,2024-11-09 19:00,15.9,,.5,140,67,1016.9,1025.3,,,,8,,13.1
156,堡林,2024-11-09 20:00,15.5,,.6,70,70,1016.9,1025.3,,,,9,,12.6
156,堡林,2024-11-09 21:00,14.4,,.6,70,75,1016.7,1025.1,,,,9,,12.1
156,堡林,2024-11-09 22:00,14.5,,.6,70,77,1016.7,1025.1,,,,9,,11.4
156,堡林,2024-11-09 23:00,13.5,,.4,0,79,1016.6,1025.1,,,,8,,10.5
156,堡林,2024-11-10 00:00,13.1,,.6,250,81,1016.5,1025,,,,8,,10
156,堡林,2024-11-10 01:00,12.5,,.5,90,81,1015.8,1024.3,,,,9,,10.2
156,堡林,2024-11-10 02:00,12.3,,1,50,83,1015.7,1024.2,,,,9,,10.4
156,堡林,2024-11-10 03:00,12.6,,.6,50,80,1015.7,1024.2,,,,9,,10.8
156,堡林,2024-11-10 04:00,12.4,,.2,0,82,1015.5,1024,,,,9,,11
156,堡林,2024-11-10 05:00,12.6,,1.1,50,80,1015.2,1023.7,,,,9,,11.4
156,堡林,2024-11-10 06:00,12.7,,1.5,50,80,1014.9,1023.4,,,,9,,11.7
156,堡林,2024-11-10 07:00,12.8,,.4,0,80,1015.1,1023.6,,,,9,,11.8
156,堡林,2024-11-10 08:00,13,,.8,90,82,1015.4,1023.9,0,.15,,10,,13.2
156,堡林,2024-11-10 09:00,14.2,,.3,0,77,1015,1023.4,0,.37,,10,,15.3
156,堡林,2024-11-10 10:00,15.2,,.2,0,70,1015.1,1023.5,0,.58,,10,,16.6
156,堡林,2024-11-10 11:00,16.1,,.7,70,68,1014.2,1022.6,0,.83,,9,,18.9
156,堡林,2024-11-10 12:00,16.9,,.4,0,69,1013.7,1022,0,.7,,10,,19.4
156,堡林,2024-11-10 13:00,17.1,,.2,0,66,1012.7,1021,0,.68,,10,,18.8
156,堡林,2024-11-10 14:00,17.3,,.1,0,70,1012.4,1020.7,0,.44,,10,,18.8
156,堡林,2024-11-10 15:00,17.1,0,.6,50,69,1012.2,1020.5,0,.49,,10,,18.5
156,堡林,2024-11-10 16:00,17.1,,.8,90,69,1012.1,1020.4,.1,.55,,8,,18
156,堡林,2024-11-10 17:00,16.3,,.3,0,69,1012.3,1020.6,.2,.3,,3,,15.4
156,堡林,2024-11-10 18:00,15.8,,.7,50,73,1012.3,1020.7,.2,.1,,9,,14
156,堡林,2024-11-10 19:00,15.3,,.9,70,77,1012.5,1020.9,,,,10,,13.1
156,堡林,2024-11-10 20:00,14.5,,.2,0,82,1013.2,1021.6,,,,5,,11.5
156,堡林,2024-11-10 21:00,13.6,,.4,0,85,1013.4,1021.8,,,,0,,10.6
156,堡林,2024-11-10 22:00,13.2,,.5,70,86,1013.6,1022.1,,,,0,,10
156,堡林,2024-11-10 23:00,12.6,,.4,0,88,1013,1021.5,,,,0,,9.4
156,堡林,2024-11-11 00:00,12.4,,.8,250,89,1013,1021.5,,,,0,,9.1
156,堡林,2024-11-11 01:00,11.5,,.2,0,91,1013.1,1021.6,,,,0,,8.6
156,堡林,2024-11-11 02:00,11.2,,.3,0,92,1013.2,1021.7,,,,0,,8.4
156,堡林,2024-11-11 03:00,11.1,,.5,290,92,1012.8,1021.3,,,,0,,8
156,堡林,2024-11-11 04:00,10.4,,0,0,93,1012.7,1021.3,,,,0,,7.5
156,堡林,2024-11-11 05:00,9.8,,.3,0,93,1012.6,1021.1,,,,0,,7.2
156,堡林,2024-11-11 06:00,9.5,,0,0,94,1012.9,1021.5,,,,0,,6.9
156,堡林,2024-11-11 07:00,9.3,,0,0,94,1013.2,1021.8,,,,0,,6.7
156,堡林,2024-11-11 08:00,9.9,,.2,0,93,1013.5,1022.1,.1,.17,,0,,7.7
156,堡林,2024-11-11 09:00,11.7,,.3,0,86,1013.6,1022.1,1,.83,,0,,10.5
156,堡林,2024-11-11 10:00,14.1,,.6,320,79,1013.5,1021.9,1,1.44,,0,,18.5
156,堡林,2024-11-11 11:00,16.2,,1.1,250,69,1013,1021.4,1,1.92,,0,,23.4
156,堡林,2024-11-11 12:00,18.2,,.8,270,57,1012.2,1020.5,1,2.2,,0,,26.6
156,堡林,2024-11-11 13:00,19.8,,.6,290,48,1011.1,1019.3,1,2.25,,0,,27.9
156,堡林,2024-11-11 14:00,20.9,,.7,70,40,1010.3,1018.5,1,2.07,,0,,24.8
156,堡林,2024-11-11 15:00,21.6,,.6,250,38,1010,1018.2,1,1.67,,0,,25.3
156,堡林,2024-11-11 16:00,21.3,,.5,50,40,1009.6,1017.8,1,1.11,,0,,20.8
156,堡林,2024-11-11 17:00,19.9,,1.1,200,47,1009.6,1017.8,1,.49,,0,,16.4
156,堡林,2024-11-11 18:00,18.3,,.8,290,54,1009.7,1017.9,.2,.08,,0,,13.9
156,堡林,2024-11-11 19:00,17,,1,230,63,1010.8,1019.1,,,,0,,12.6
156,堡林,2024-11-11 20:00,15.6,,1.4,200,71,1011.6,1020,,,,1,,11.8
156,堡林,2024-11-11 21:00,14.7,,1.5,200,74,1011.9,1020.3,,,,0,,11.1
156,堡林,2024-11-11 22:00,14.3,,.9,200,78,1012.3,1020.7,,,,0,,10.6
156,堡林,2024-11-11 23:00,14,,.7,230,80,1012.3,1020.7,,,,0,,10.2
156,堡林,2024-11-12 00:00,12.9,,0,0,84,1012,1020.5,,,,0,,9.6
156,堡林,2024-11-12 01:00,12.5,,.5,200,87,1011.8,1020.3,,,,0,,9.3
156,堡林,2024-11-12 02:00,11.7,,.3,0,87,1011.8,1020.3,,,,0,,9
156,堡林,2024-11-12 03:00,11.2,,.2,0,90,1011.8,1020.3,,,,0,,8.6
156,堡林,2024-11-12 04:00,11.4,,.3,0,90,1011.4,1019.9,,,,0,,8.4
156,堡林,2024-11-12 05:00,10.8,,.3,0,91,1011.4,1019.9,,,,0,,8.2
156,堡林,2024-11-12 06:00,10.3,,0,0,91,1011.3,1019.9,,,,0,,8.1
156,堡林,2024-11-12 07:00,10.2,,.3,0,91,1011.8,1020.4,,,,0,,8.4
156,堡林,2024-11-12 08:00,10.5,,.3,0,89,1012.3,1020.9,.1,.18,,0,,9.4
156,堡林,2024-11-12 09:00,12.3,,.7,180,83,1012.9,1021.4,1,.69,,7,,13
156,堡林,2024-11-12 10:00,14.3,,.8,290,76,1012.7,1021.1,1,1.24,,0,,18
156,堡林,2024-11-12 11:00,16.4,,.5,250,74,1012.7,1021,.9,1.58,,3,,21.4
156,堡林,2024-11-12 12:00,17.9,,.8,290,65,1012.1,1020.4,.8,1.81,,5,,24
156,堡林,2024-11-12 13:00,18.5,,.8,360,62,1011.3,1019.5,.8,1.76,,7,,24.7
156,堡林,2024-11-12 14:00,19,,1.6,340,60,1010.8,1019,.9,1.53,,1,,22.8
156,堡林,2024-11-12 15:00,19.2,,1,290,58,1010.7,1018.9,1,1.51,,0,,23.3
156,堡林,2024-11-12 16:00,19.2,,1.3,340,55,1010.6,1018.8,1,1.05,,0,,20
156,堡林,2024-11-12 17:00,17.9,,1.9,290,60,1010.8,1019.1,1,.47,,0,,15.8
156,堡林,2024-11-12 18:00,16.1,,1.2,340,67,1011.1,1019.4,.1,.09,,0,,13.3
156,堡林,2024-11-12 19:00,15.1,,1.9,20,63,1011.8,1020.2,,,,0,,11.8
156,堡林,2024-11-12 20:00,13.1,,1.5,50,70,1012.5,1020.9,,,,0,,9.9
156,堡林,2024-11-12 21:00,12.9,,.9,50,69,1012.7,1021.2,,,,0,,9
156,堡林,2024-11-12 22:00,12,,1.3,50,75,1012.6,1021.1,,,,0,,8.6
156,堡林,2024-11-12 23:00,11.8,,1.2,50,80,1012.7,1021.2,,,,0,,8.1
156,堡林,2024-11-13 00:00,11.7,,.6,70,82,1013,1021.5,,,,0,,7.8
156,堡林,2024-11-13 01:00,10.8,,.8,20,85,1013,1021.5,,,,0,,7.3
156,堡林,2024-11-13 02:00,10.4,,1.8,20,87,1013,1021.6,,,,0,,7
156,堡林,2024-11-13 03:00,9.9,,.8,20,86,1012.7,1021.3,,,,0,,6.8
156,堡林,2024-11-13 04:00,9.7,,.4,0,88,1012.6,1021.2,,,,0,,6.5
156,堡林,2024-11-13 05:00,9.2,,.3,0,90,1012.9,1021.5,,,,0,,6.2
156,堡林,2024-11-13 06:00,8.9,,.4,0,89,1013.3,1021.9,,,,0,,6.1
156,堡林,2024-11-13 07:00,9,,.2,0,88,1013.6,1022.2,,,,1,,6.1
156,堡林,2024-11-13 08:00,9.5,,.9,50,86,1014.2,1022.8,.1,.19,,4,,7.6
156,堡林,2024-11-13 09:00,11.9,,.6,70,76,1014.8,1023.3,1,.79,,1,,10.2
156,堡林,2024-11-13 10:00,14.1,,.6,20,64,1014.6,1023,1,1.41,,2,,17.8
156,堡林,2024-11-13 11:00,17.2,,.7,360,56,1014.9,1023.2,1,1.89,,0,,23.4
156,堡林,2024-11-13 12:00,19.3,,.3,0,54,1014.2,1022.4,1,2.17,,0,,27
156,堡林,2024-11-13 13:00,20.4,,.8,340,49,1013.3,1021.5,1,2.24,,0,,28.6
156,堡林,2024-11-13 14:00,21.2,,1.1,180,44,1012.8,1021,.8,1.67,,5,,23.2
156,堡林,2024-11-13 15:00,21.6,,.6,290,46,1012.8,1021,.7,1.29,,4,,25.4
156,堡林,2024-11-13 16:00,20.8,,2.3,140,45,1012.7,1020.9,1,1.15,,1,,21
156,堡林,2024-11-13 17:00,19.4,,2.1,140,53,1013.2,1021.4,.9,.43,,3,,16.7
156,堡林,2024-11-13 18:00,18.3,,1.8,160,58,1013.7,1022,0,.09,,3,,14.2
156,堡林,2024-11-13 19:00,17,,1.5,140,63,1013.9,1022.2,,,,3,,12.8
156,堡林,2024-11-13 20:00,15.7,,.5,140,68,1014.3,1022.7,,,,3,,11.8
156,堡林,2024-11-13 21:00,15.7,,.9,200,70,1014.6,1023,,,,0,,11.2
156,堡林,2024-11-13 22:00,15.2,,1,200,73,1014.5,1022.9,,,,2,,10.8
156,堡林,2024-11-13 23:00,14.3,,.9,360,77,1014.2,1022.6,,,,3,,10.4
156,堡林,2024-11-14 00:00,13.6,,.3,0,79,1014.4,1022.8,,,,0,,9.9
156,堡林,2024-11-14 01:00,13,,.6,200,82,1014.6,1023.1,,,,3,,9.5
156,堡林,2024-11-14 02:00,12.7,,.8,250,83,1014.6,1023.1,,,,3,,9.1
156,堡林,2024-11-14 03:00,11.9,,.3,0,86,1014.5,1023,,,,4,,8.8
156,堡林,2024-11-14 04:00,11.8,,.1,0,87,1014,1022.5,,,,6,,8.7
156,堡林,2024-11-14 05:00,11.8,,.5,360,87,1013.8,1022.3,,,,7,,9.7
156,堡林,2024-11-14 06:00,11.4,,2.1,20,85,1013.9,1022.4,,,,2,,9.5
156,堡林,2024-11-14 07:00,11.7,,.2,0,84,1014,1022.5,,,,9,,10.1
156,堡林,2024-11-14 08:00,12.1,,2,360,84,1013.5,1022,0,.14,,9,,11.8
156,堡林,2024-11-14 09:00,14,,1.6,360,73,1014.1,1022.5,.3,.56,,8,,14.2
156,堡林,2024-11-14 10:00,15.6,,1.5,20,70,1013.7,1022.1,.4,1,,5,,20.2
156,堡林,2024-11-14 11:00,17.5,,.7,270,61,1013.5,1021.8,.8,1.63,,8,,22.3
156,堡林,2024-11-14 12:00,18,,.7,340,62,1012.8,1021.1,.2,1.21,,9,,23.2
156,堡林,2024-11-14 13:00,17.9,,1,360,62,1011.8,1020.1,0,.83,,9,,20.6
156,堡林,2024-11-14 14:00,18.3,,1,340,61,1011.6,1019.8,0,.66,,9,,20.9
156,堡林,2024-11-14 15:00,18,,1.5,360,63,1011.2,1019.5,0,.45,,10,,19.5
156,堡林,2024-11-14 16:00,17.9,,1.3,360,63,1010.8,1019.1,.2,.6,,9,,19.3
156,堡林,2024-11-14 17:00,16.9,,2,360,69,1010.1,1018.4,0,.26,,7,,16.8
156,堡林,2024-11-14 18:00,16.2,,1,360,71,1010.8,1019.1,0,.08,,7,,15.1
156,堡林,2024-11-14 19:00,15.9,,1.6,20,72,1010.9,1019.3,,,,8,,14.3
156,堡林,2024-11-14 20:00,15.2,,1.2,50,76,1011.1,1019.5,,,,7,,12.5
156,堡林,2024-11-14 21:00,15,,.1,0,78,1010.8,1019.2,,,,8,,12.8
156,堡林,2024-11-14 22:00,14.2,,.7,340,81,1010.7,1019.1,,,,9,,12.4
156,堡林,2024-11-14 23:00,14.4,,.7,20,81,1010.8,1019.2,,,,10,,12.3
156,堡林,2024-11-15 00:00,14.7,,.5,160,80,1011.2,1019.6,,,,9,,12.9
156,堡林,2024-11-15 01:00,14.6,,1.2,360,80,1010.4,1018.8,,,,10,,13.5
156,堡林,2024-11-15 02:00,13.9,,1.2,360,86,1010,1018.4,,,,10,,13.7
156,堡林,2024-11-15 03:00,14.1,0,1.1,360,86,1009.9,1018.3,,,,10,,13.8
156,堡林,2024-11-15 04:00,14.1,,.2,0,86,1009.7,1018.1,,,,10,,13.7
156,堡林,2024-11-15 05:00,14.2,,.1,0,86,1010.2,1018.6,,,,10,,13.2
156,堡林,2024-11-15 06:00,13.8,0,.7,20,87,1009.8,1018.2,,,,10,,12.4
156,堡林,2024-11-15 07:00,14.1,,.8,20,85,1009.6,1018,,,,10,,13.6
156,堡林,2024-11-15 08:00,14.7,,.4,0,84,1010.3,1018.7,0,.09,,10,,14.3
156,堡林,2024-11-15 09:00,15.4,,.9,20,83,1010.3,1018.7,.1,.32,,10,,15.4
156,堡林,2024-11-15 10:00,17.1,,.6,70,73,1010.2,1018.5,.4,.94,,8,,20.1
156,堡林,2024-11-15 11:00,17.6,,.3,0,73,1010.5,1018.8,0,.73,,10,,19
156,堡林,2024-11-15 12:00,17.5,0,.5,20,76,1009.9,1018.2,0,.39,,10,,19
156,堡林,2024-11-15 13:00,18.6,,.9,360,72,1009.2,1017.4,0,.64,,10,,20.4
156,堡林,2024-11-15 14:00,19.6,,.5,360,66,1008.4,1016.6,.1,1.17,,8,,23.9
156,堡林,2024-11-15 15:00,19.9,,.1,0,64,1008.6,1016.8,0,.93,,8,,22.6
156,堡林,2024-11-15 16:00,19.9,,1.2,140,63,1008.7,1016.9,0,.55,,9,,21.2
156,堡林,2024-11-15 17:00,18.7,,1.3,140,62,1009.1,1017.3,0,.25,,8,,17.9
156,堡林,2024-11-15 18:00,17.7,,.8,70,66,1008.9,1017.2,0,.08,,8,,15.4
156,堡林,2024-11-15 19:00,17.7,,.5,250,63,1010.1,1018.4,,,,7,,13.6
156,堡林,2024-11-15 20:00,16.2,,1.4,360,72,1009.7,1018,,,,8,,13.2
156,堡林,2024-11-15 21:00,16.1,,.7,340,69,1009.8,1018.1,,,,9,,12.9
156,堡林,2024-11-15 22:00,15.8,,1.4,360,70,1010.2,1018.6,,,,9,,12.6
156,堡林,2024-11-15 23:00,15.5,,1.2,20,71,1010.2,1018.6,,,,9,,12.5
156,堡林,2024-11-16 00:00,14.8,,1.1,360,73,1010.2,1018.6,,,,9,,12.3
156,堡林,2024-11-16 01:00,14.5,,.6,20,74,1010.3,1018.7,,,,7,,11.7
156,堡林,2024-11-16 02:00,14.3,,.4,0,77,1010.6,1019,,,,10,,11.7
156,堡林,2024-11-16 03:00,14.4,,.1,0,76,1010.7,1019.1,,,,10,,13.2
156,堡林,2024-11-16 04:00,14.3,,.9,360,76,1010.2,1018.6,,,,10,,13.4
156,堡林,2024-11-16 05:00,14.3,,.5,320,76,1010,1018.4,,,,10,,13.2
156,堡林,2024-11-16 06:00,13.6,,1.4,20,78,1009.6,1018,,,,0,,11.3
156,堡林,2024-11-16 07:00,13.6,,.1,0,77,1009,1017.4,,,,1,,11.1
156,堡林,2024-11-16 08:00,14.3,,.1,0,80,1009.1,1017.5,0,.13,,9,,13.5
156,堡林,2024-11-16 09:00,15.7,,.8,360,72,1009.3,1017.7,.4,.52,,0,,14.2
156,堡林,2024-11-16 10:00,18.5,,.5,320,65,1009.6,1017.8,1,1.33,,0,,20.4
156,堡林,2024-11-16 11:00,19.5,,.8,320,62,1009.7,1017.9,.7,1.53,,7,,23.3
156,堡林,2024-11-16 12:00,20,,.3,0,62,1009.1,1017.3,.4,1.19,,9,,23.9
156,堡林,2024-11-16 13:00,20.9,,.9,110,59,1007.3,1015.5,.1,1.03,,8,,25.5
156,堡林,2024-11-16 14:00,22.6,,1,230,57,1006.6,1014.7,.8,1.67,,0,,26.8
156,堡林,2024-11-16 15:00,22.2,,1.2,200,58,1006.2,1014.3,1,1.56,,1,,26.8
156,堡林,2024-11-16 16:00,21.4,,1.4,230,62,1006.7,1014.8,.7,.84,,10,,22.6
156,堡林,2024-11-16 17:00,21.2,,1,200,65,1007,1015.1,0,.11,,10,,19.9
156,堡林,2024-11-16 18:00,19,.2,1.7,250,79,1007.6,1015.8,0,.06,,10,,18.4
156,堡林,2024-11-16 19:00,18.3,,.6,230,86,1008.3,1016.5,,,,10,,17.9
156,堡林,2024-11-16 20:00,18,,.6,200,84,1008.5,1016.7,,,,9,,17.6
156,堡林,2024-11-16 21:00,17.9,.1,.8,200,82,1008.2,1016.4,,,,10,,17.3
156,堡林,2024-11-16 22:00,17.5,,.7,230,85,1008.7,1017,,,,10,,17.1
156,堡林,2024-11-16 23:00,16.9,,.6,230,89,1008.6,1016.9,,,,10,,16.8
156,堡林,2024-11-17 00:00,17,,.5,250,87,1008.4,1016.7,,,,10,,16.2
156,堡林,2024-11-17 01:00,17,,1.6,270,82,1009.1,1017.4,,,,9,,16
156,堡林,2024-11-17 02:00,16.6,,1.2,270,84,1008.9,1017.2,,,,9,,15.8
156,堡林,2024-11-17 03:00,16.2,,1.6,290,80,1008.5,1016.8,,,,8,,14.6
156,堡林,2024-11-17 04:00,15.9,,1.4,340,81,1009,1017.3,,,,6,,14.6
156,堡林,2024-11-17 05:00,15.6,,1.6,320,78,1009.8,1018.2,,,,6,,14.4
156,堡林,2024-11-17 06:00,14.9,,2.6,340,64,1010.7,1019.1,,,,10,,13.3
156,堡林,2024-11-17 07:00,14,,2.8,340,65,1011.1,1019.5,,,,9,,12.6
156,堡林,2024-11-17 08:00,13.4,,2.8,340,63,1012.4,1020.8,0,.13,,8,,12.5
156,堡林,2024-11-17 09:00,13.5,,1.7,340,61,1013.4,1021.8,.1,.46,,8,,13.8
156,堡林,2024-11-17 10:00,13.5,,2.7,340,63,1013.5,1021.9,.3,.77,,9,,15.6
156,堡林,2024-11-17 11:00,12.5,,2.4,340,63,1014.2,1022.7,0,.51,,10,,14.7
156,堡林,2024-11-17 12:00,12.7,,2.7,340,57,1013.8,1022.3,0,.51,,10,,16.7
156,堡林,2024-11-17 13:00,12.4,,3,340,36,1014,1022.5,.1,1.03,,10,,17.1
156,堡林,2024-11-17 14:00,12.4,,2.3,340,33,1013.5,1022,0,.86,,10,,17.8
156,堡林,2024-11-17 15:00,11.6,,2.5,340,32,1014.5,1023,.1,.63,,10,,14.9
156,堡林,2024-11-17 16:00,11.3,,2.8,340,34,1014.5,1023,0,.45,,9,,14.3
156,堡林,2024-11-17 17:00,10.9,,2.3,340,35,1015.2,1023.8,0,.35,,9,,12.1
156,堡林,2024-11-17 18:00,9.9,,3.9,340,38,1016.6,1025.2,0,.09,,8,,9
156,堡林,2024-11-17 19:00,9.2,,4.6,360,44,1017.3,1025.9,,,,8,,7.9
156,堡林,2024-11-17 20:00,8.7,,2.2,360,44,1017.9,1026.5,,,,8,,7.4
156,堡林,2024-11-17 21:00,8,,2.6,360,46,1018.5,1027.2,,,,8,,6.8
156,堡林,2024-11-17 22:00,8.4,,4.5,360,45,1019,1027.7,,,,9,,7.1
156,堡林,2024-11-17 23:00,8.1,,4.2,360,46,1019.4,1028.1,,,,8,,6.7
156,堡林,2024-11-18 00:00,7.4,,4.4,340,52,1020.1,1028.8,,,,3,,5.8
156,堡林,2024-11-18 01:00,5.8,,2.6,360,52,1020.4,1029.2,,,,0,,4.4
156,堡林,2024-11-18 02:00,4.9,,2.4,20,58,1020.8,1029.6,,,,0,,3.7
156,堡林,2024-11-18 03:00,4.8,,2.7,360,51,1020.9,1029.7,,,,0,,3.1
156,堡林,2024-11-18 04:00,4.2,,4.2,340,48,1021.3,1030.1,,,,0,,2.6
156,堡林,2024-11-18 05:00,4,,5,360,41,1021.8,1030.6,,,,0,,2
156,堡林,2024-11-18 06:00,3.5,,5.3,360,36,1022.2,1031.1,,,,0,,1.4
156,堡林,2024-11-18 07:00,3,,5.5,360,35,1022.7,1031.6,,,,0,,.8
156,堡林,2024-11-18 08:00,3.5,,6,360,29,1023.4,1032.3,.1,.12,,0,,1.2
156,堡林,2024-11-18 09:00,5,,4.4,340,29,1024.3,1033.1,.9,.83,,0,,3
156,堡林,2024-11-18 10:00,6,,3.7,360,25,1024.3,1033.1,1,1.55,,0,,11.5
156,堡林,2024-11-18 11:00,7.2,,2.3,360,25,1024.4,1033.2,1,2.05,,0,,18.5
156,堡林,2024-11-18 12:00,7.8,,3.5,360,24,1023.2,1031.9,1,2.33,,0,,21.4
156,堡林,2024-11-18 13:00,9.3,,4.3,360,19,1022.2,1030.8,1,2.41,,0,,23
156,堡林,2024-11-18 14:00,9.7,,3.6,360,17,1021.6,1030.2,1,2.23,,0,,19.2
156,堡林,2024-11-18 15:00,10.2,,3.8,360,18,1021.6,1030.2,1,1.8,,0,,19.1
156,堡林,2024-11-18 16:00,9.1,,2.7,340,20,1021.4,1030.1,1,1.21,,0,,12.7
156,堡林,2024-11-18 17:00,7.9,,1.9,340,22,1021.4,1030.1,1,.53,,0,,7.6
156,堡林,2024-11-18 18:00,6.2,,2.1,20,27,1021.9,1030.7,.3,.08,,0,,4.6
156,堡林,2024-11-18 19:00,4.9,,1.4,20,33,1022.9,1031.7,,,,0,,3
156,堡林,2024-11-18 20:00,4.2,,2,360,36,1023.1,1031.9,,,,0,,2
156,堡林,2024-11-18 21:00,3.6,,2,360,38,1023.3,1032.2,,,,2,,1.3
156,堡林,2024-11-18 22:00,3.4,,2.8,360,38,1023.1,1032,,,,0,,.8
156,堡林,2024-11-18 23:00,2.9,,1.4,340,40,1023.6,1032.5,,,,2,,.4
156,堡林,2024-11-19 00:00,2.7,,1.2,360,42,1023.4,1032.3,,,,2,,0
156,堡林,2024-11-19 01:00,2.8,,.4,0,42,1023.7,1032.6,,,,2,,0
156,堡林,2024-11-19 02:00,2.5,,.2,0,45,1023.8,1032.7,,,,2,,.1
156,堡林,2024-11-19 03:00,1.8,,.4,0,48,1023.6,1032.5,,,,2,,.2
156,堡林,2024-11-19 04:00,1.6,,0,0,53,1023.2,1032.1,,,,2,,.1
156,堡林,2024-11-19 05:00,2,,0,0,56,1023.1,1032,,,,6,,1.2
156,堡林,2024-11-19 06:00,2.3,,.6,250,59,1022.9,1031.8,,,,9,,2.4
156,堡林,2024-11-19 07:00,2.5,,0,0,59,1023.1,1032,,,,7,,3.3
156,堡林,2024-11-19 08:00,2.9,,.5,200,60,1022.8,1031.7,0,.12,,9,,4.7
156,堡林,2024-11-19 09:00,4.5,,.2,0,54,1022.7,1031.5,0,.32,,9,,7.4
156,堡林,2024-11-19 10:00,6.5,,1.3,20,45,1022.6,1031.4,.2,.84,,6,,12.4
156,堡林,2024-11-19 11:00,7.6,,.4,0,44,1022.5,1031.2,.7,1.33,,6,,13.4
156,堡林,2024-11-19 12:00,10.1,,.2,0,41,1021.4,1030,1,1.56,,6,,18.8
156,堡林,2024-11-19 13:00,12.1,,.9,320,42,1020.5,1029.1,1,2.16,,5,,22.1
156,堡林,2024-11-19 14:00,12.8,,.7,290,43,1019.3,1027.8,.6,1.47,,6,,20.9
156,堡林,2024-11-19 15:00,12.8,,.7,250,43,1018.6,1027.1,.4,1.08,,6,,17.8
156,堡林,2024-11-19 16:00,13,,.8,230,45,1018.7,1027.2,.5,.86,,9,,16.4
156,堡林,2024-11-19 17:00,12.7,,.6,270,48,1018.5,1027,0,.23,,9,,13.6
156,堡林,2024-11-19 18:00,11.3,,1.8,250,49,1018.8,1027.4,0,.07,,9,,11.6
156,堡林,2024-11-19 19:00,10.4,,.8,270,51,1019.2,1027.8,,,,9,,10.5
156,堡林,2024-11-19 20:00,9.8,,1.1,200,54,1019.1,1027.7,,,,9,,9.7
156,堡林,2024-11-19 21:00,9.6,,.8,200,55,1019,1027.6,,,,9,,9.7
156,堡林,2024-11-19 22:00,9.1,,.2,0,57,1018.7,1027.3,,,,8,,8.8
156,堡林,2024-11-19 23:00,9.2,,.2,0,57,1018.6,1027.2,,,,9,,9.2
156,堡林,2024-11-20 00:00,9.1,,.5,340,59,1018.4,1027,,,,9,,9.4
156,堡林,2024-11-20 01:00,8.2,,.4,0,60,1018.2,1026.9,,,,8,,8.3
156,堡林,2024-11-20 02:00,8.7,,.5,290,60,1018,1026.6,,,,9,,8.8
156,堡林,2024-11-20 03:00,7.7,,1.3,20,64,1017.9,1026.6,,,,7,,7.3
156,堡林,2024-11-20 04:00,7.5,,2.1,360,64,1017.4,1026.1,,,,6,,7.1
156,堡林,2024-11-20 05:00,6.6,,2.1,360,69,1017.4,1026.1,,,,0,,5
156,堡林,2024-11-20 06:00,6.2,,1.2,360,71,1017.4,1026.1,,,,3,,4.4
156,堡林,2024-11-20 07:00,5.8,,1.8,360,75,1017.3,1026,,,,3,,4
156,堡林,2024-11-20 08:00,6.3,,2.4,20,70,1017.4,1026.1,0,.15,,7,,4.4
156,堡林,2024-11-20 09:00,6.7,,1.6,360,68,1017.8,1026.5,.2,.34,,5,,5.8
156,堡林,2024-11-20 10:00,9.5,,1.8,360,49,1017.4,1026,1,1.33,,3,,13.9
156,堡林,2024-11-20 11:00,11.4,,2.1,360,45,1017,1025.6,.7,1.38,,4,,18.7
156,堡林,2024-11-20 12:00,13.6,,3.1,360,40,1015.6,1024.1,1,2.14,,4,,23.6
156,堡林,2024-11-20 13:00,14.1,,3.2,340,39,1014.9,1023.3,.8,1.79,,7,,23.4
156,堡林,2024-11-20 14:00,15,,3.3,20,40,1014.3,1022.7,1,1.77,,8,,22.9
156,堡林,2024-11-20 15:00,13.6,,3.7,360,44,1013.9,1022.3,.5,1.05,,9,,18.5
156,堡林,2024-11-20 16:00,13,,3.5,340,47,1014,1022.5,.4,.68,,8,,15.7
156,堡林,2024-11-20 17:00,12,,1.8,340,52,1014.4,1022.9,0,.3,,8,,12.4
156,堡林,2024-11-20 18:00,11.1,,1.5,340,54,1014.4,1022.9,0,.07,,8,,10.2
156,堡林,2024-11-20 19:00,10.4,,1.1,340,58,1014.9,1023.5,,,,7,,8.7
156,堡林,2024-11-20 20:00,9.3,,.7,360,63,1015.2,1023.8,,,,4,,6.9
156,堡林,2024-11-20 21:00,8.5,,.9,20,65,1015.4,1024,,,,0,,5.9
156,堡林,2024-11-20 22:00,8.2,,1.4,20,69,1015.1,1023.7,,,,0,,5.3
156,堡林,2024-11-20 23:00,9,,.3,0,67,1015.1,1023.7,,,,6,,6.6
156,堡林,2024-11-21 00:00,8.1,,0,0,71,1014.7,1023.3,,,,1,,5.2
156,堡林,2024-11-21 01:00,7.5,,.9,230,73,1014.6,1023.3,,,,0,,4.6
156,堡林,2024-11-21 02:00,6.8,,0,0,77,1014.2,1022.9,,,,0,,4.1
156,堡林,2024-11-21 03:00,6.5,,0,0,79,1013.9,1022.6,,,,0,,3.8
156,堡林,2024-11-21 04:00,7.3,,0,0,77,1014,1022.7,,,,9,,6.6
156,堡林,2024-11-21 05:00,7.2,,0,0,79,1013.8,1022.5,,,,9,,7
156,堡林,2024-11-21 06:00,6.6,,.4,0,80,1013.7,1022.4,,,,2,,5.6
156,堡林,2024-11-21 07:00,6.8,,0,0,81,1013.9,1022.6,,,,7,,5.8
156,堡林,2024-11-21 08:00,6.8,,0,0,82,1014.5,1023.2,0,.13,,0,,5.4
156,堡林,2024-11-21 09:00,8.3,,.3,0,77,1014.9,1023.5,1,.62,,0,,7.8
156,堡林,2024-11-21 10:00,10,,.5,140,70,1014.7,1023.3,1,1.2,,2,,14
156,堡林,2024-11-21 11:00,10.9,,.8,200,68,1014.5,1023.1,.3,1.07,,8,,15.5
156,堡林,2024-11-21 12:00,12.5,,.9,200,66,1013.7,1022.2,.4,1.19,,7,,19.8
156,堡林,2024-11-21 13:00,13.5,,2.1,200,57,1013,1021.4,.9,2.02,,8,,22.6
156,堡林,2024-11-21 14:00,13.9,,.8,230,57,1012.4,1020.8,.5,1.2,,3,,21.8
156,堡林,2024-11-21 15:00,14.8,,1.7,200,55,1011.9,1020.3,.9,1.51,,6,,22.4
156,堡林,2024-11-21 16:00,14.2,,1,270,58,1011.9,1020.3,.5,.71,,5,,15.8
156,堡林,2024-11-21 17:00,13.4,,1.6,250,53,1012.2,1020.6,.8,.4,,2,,12.3
156,堡林,2024-11-21 18:00,12.3,,1,230,56,1012.7,1021.2,0,.07,,0,,9.3
156,堡林,2024-11-21 19:00,11.6,,.5,200,60,1013.3,1021.8,,,,0,,8.2
156,堡林,2024-11-21 20:00,11.5,,.7,200,60,1013.5,1022,,,,0,,7.4
156,堡林,2024-11-21 21:00,10.3,,0,0,65,1013.5,1022.1,,,,0,,6
156,堡林,2024-11-21 22:00,9.7,,.1,0,69,1013.6,1022.2,,,,0,,5.4
156,堡林,2024-11-21 23:00,8.9,,1.2,140,74,1013.7,1022.3,,,,0,,5
156,堡林,2024-11-22 00:00,8.1,,.8,110,76,1013.5,1022.1,,,,0,,4.6
156,堡林,2024-11-22 01:00,8.1,,.5,140,75,1013.4,1022,,,,4,,4.8
156,堡林,2024-11-22 02:00,8.5,,.8,160,75,1013,1021.6,,,,9,,7.1
156,堡林,2024-11-22 03:00,7.5,,.3,0,80,1013.1,1021.7,,,,2,,5.5
156,堡林,2024-11-22 04:00,7.4,,.2,0,81,1013.1,1021.7,,,,3,,4.9
156,堡林,2024-11-22 05:00,7.3,,.9,20,82,1013.4,1022.1,,,,2,,4.4
156,堡林,2024-11-22 06:00,7.1,,.8,340,83,1013.6,1022.3,,,,0,,4
156,堡林,2024-11-22 07:00,7.3,,.5,290,82,1013.9,1022.6,,,,2,,4.4
156,堡林,2024-11-22 08:00,7.3,,.1,0,82,1014.7,1023.4,0,.13,,1,,5
156,堡林,2024-11-22 09:00,9.8,,1.5,340,66,1015,1023.6,.8,.6,,6,,8.7
156,堡林,2024-11-22 10:00,10.9,,2.5,340,59,1015.1,1023.7,.7,.95,,0,,12.8
156,堡林,2024-11-22 11:00,11.9,,1.8,320,51,1015.3,1023.8,1,1.76,,0,,19.5
156,堡林,2024-11-22 12:00,12.3,,1.9,320,48,1014.9,1023.4,1,2.11,,0,,22.8
156,堡林,2024-11-22 13:00,13,,1.9,290,48,1014.4,1022.9,1,2.2,,0,,24.1
156,堡林,2024-11-22 14:00,13.4,,1.9,320,44,1014,1022.4,1,2.07,,0,,21.4
156,堡林,2024-11-22 15:00,13.3,,1.5,250,43,1014,1022.5,1,1.69,,0,,20.8
156,堡林,2024-11-22 16:00,12.4,,1.7,320,42,1014.1,1022.6,1,1.13,,0,,14.8
156,堡林,2024-11-22 17:00,10.9,,1.6,290,50,1014.5,1023.1,1,.47,,0,,10.1
156,堡林,2024-11-22 18:00,9.7,,1.6,340,57,1014.9,1023.5,.2,.08,,0,,7.7
156,堡林,2024-11-22 19:00,8.7,,1.5,340,59,1015.8,1024.4,,,,0,,6.3
156,堡林,2024-11-22 20:00,7.6,,1.1,340,63,1016.7,1025.4,,,,0,,5.1
156,堡林,2024-11-22 21:00,7.3,,1.4,360,63,1017,1025.7,,,,0,,4.1
156,堡林,2024-11-22 22:00,6.1,,2.1,20,65,1017.1,1025.8,,,,0,,3.3
156,堡林,2024-11-22 23:00,5.9,,1.6,360,59,1017.2,1025.9,,,,0,,3
156,堡林,2024-11-23 00:00,5.3,,.9,50,63,1017.6,1026.4,,,,0,,2
156,堡林,2024-11-23 01:00,4.8,,1,340,67,1017,1025.8,,,,0,,1.3
156,堡林,2024-11-23 02:00,4.4,,.7,360,67,1017.1,1025.9,,,,0,,.8
156,堡林,2024-11-23 03:00,4.4,,.3,0,66,1017.5,1026.3,,,,0,,.5
156,堡林,2024-11-23 04:00,3.2,,.8,360,73,1017.5,1026.3,,,,0,,.4
156,堡林,2024-11-23 05:00,3,,.2,0,74,1017.9,1026.7,,,,7,,1.2
156,堡林,2024-11-23 06:00,2.9,,.2,0,73,1018.1,1026.9,,,,6,,.5
156,堡林,2024-11-23 07:00,2.6,,.8,230,77,1018.7,1027.6,,,,6,,.3
156,堡林,2024-11-23 08:00,2.9,,.1,0,77,1019.2,1028.1,0,.16,,8,,2.5
156,堡林,2024-11-23 09:00,4.6,,.6,200,67,1019.5,1028.3,.7,.65,,8,,5.1
156,堡林,2024-11-23 10:00,6.4,,1.2,200,65,1020,1028.7,1,1.17,,7,,10.9
156,堡林,2024-11-23 11:00,8.9,,.7,250,54,1019.8,1028.4,1,1.81,,8,,18.4
156,堡林,2024-11-23 12:00,9.4,,1,230,44,1019.1,1027.7,1,1.84,,8,,19.7
156,堡林,2024-11-23 13:00,10.8,,.8,360,38,1018.3,1026.9,1,2.19,,0,,23.4
156,堡林,2024-11-23 14:00,12,,1,270,32,1017.5,1026,1,2.06,,0,,20.5
156,堡林,2024-11-23 15:00,12,,.8,270,29,1017.1,1025.6,1,1.66,,0,,19.7
156,堡林,2024-11-23 16:00,12,,.8,180,30,1017.5,1026,1,1.07,,0,,13.8
156,堡林,2024-11-23 17:00,10.5,,1.2,250,40,1017.7,1026.3,1,.43,,0,,9.2
156,堡林,2024-11-23 18:00,9.1,,.9,250,45,1018,1026.6,.2,.08,,0,,5.9
156,堡林,2024-11-23 19:00,8.3,,.6,200,48,1018.6,1027.3,,,,0,,4.7
156,堡林,2024-11-23 20:00,7.3,,.1,0,55,1018.8,1027.5,,,,0,,3.7
156,堡林,2024-11-23 21:00,7.2,,.2,0,57,1019.4,1028.1,,,,0,,3.9
156,堡林,2024-11-23 22:00,6.8,,.6,230,61,1019.7,1028.4,,,,0,,3.2
156,堡林,2024-11-23 23:00,6,,.5,200,65,1019.9,1028.7,,,,0,,3.6
156,堡林,2024-11-24 00:00,5.7,,0,0,68,1020,1028.8,,,,7,,3.9
156,堡林,2024-11-24 01:00,5.3,,0,0,69,1020,1028.8,,,,3,,3.5
156,堡林,2024-11-24 02:00,4.9,,.2,0,73,1020.3,1029.1,,,,0,,2.7
156,堡林,2024-11-24 03:00,4.5,,.3,0,74,1020.4,1029.2,,,,0,,2.6
156,堡林,2024-11-24 04:00,4.8,,.2,0,73,1020.2,1029,,,,6,,3
156,堡林,2024-11-24 05:00,4.5,,0,0,72,1020.3,1029.1,,,,8,,4.2
156,堡林,2024-11-24 06:00,4.3,,.5,360,73,1020.3,1029.1,,,,3,,2.8
156,堡林,2024-11-24 07:00,4,,.8,250,76,1020.5,1029.3,,,,0,,1.8
156,堡林,2024-11-24 08:00,3.9,,.7,200,77,1021.2,1030,.1,.11,,0,,2.3
156,堡林,2024-11-24 09:00,5.9,,.4,0,68,1021.8,1030.6,1,.69,,0,,4.8
156,堡林,2024-11-24 10:00,8.1,,.6,200,63,1022.1,1030.8,1,1.28,,0,,12.1
156,堡林,2024-11-24 11:00,10.3,,.6,270,58,1021.9,1030.5,.8,1.47,,8,,17.5
156,堡林,2024-11-24 12:00,12.2,,1.1,160,53,1020.9,1029.5,.7,1.55,,8,,18.9
156,堡林,2024-11-24 13:00,14,,.8,360,47,1020.1,1028.6,.9,2.07,,3,,24.1
156,堡林,2024-11-24 14:00,14.3,,.8,180,48,1019.4,1027.9,1,1.97,,0,,22.3
156,堡林,2024-11-24 15:00,15.4,,.9,230,48,1018.9,1027.3,1,1.62,,1,,22.2
156,堡林,2024-11-24 16:00,14.9,,.4,0,49,1018.9,1027.4,1,1.07,,0,,16.2
156,堡林,2024-11-24 17:00,13.8,,.7,250,53,1019.3,1027.8,.8,.42,,1,,11.4
156,堡林,2024-11-24 18:00,12.5,,1.3,340,57,1019.7,1028.2,0,.06,,0,,8.5
156,堡林,2024-11-24 19:00,12.1,,.3,0,62,1020.5,1029.1,,,,0,,7.8
156,堡林,2024-11-24 20:00,11,,.3,0,65,1020.8,1029.4,,,,2,,6.9
156,堡林,2024-11-24 21:00,10.4,,.2,0,68,1020.8,1029.4,,,,5,,6.3
156,堡林,2024-11-24 22:00,9.7,,.6,110,73,1020.6,1029.2,,,,5,,5.8
156,堡林,2024-11-24 23:00,9.3,,.7,200,74,1020.8,1029.4,,,,6,,5.5
156,堡林,2024-11-25 00:00,8.8,,.8,50,77,1020.7,1029.4,,,,7,,5.8
156,堡林,2024-11-25 01:00,8.8,,.4,0,76,1020.5,1029.2,,,,4,,5.2
156,堡林,2024-11-25 02:00,8.4,,.2,0,78,1020.8,1029.5,,,,6,,6.2
156,堡林,2024-11-25 03:00,7.6,,1,360,80,1019.9,1028.6,,,,1,,4.7
156,堡林,2024-11-25 04:00,7.7,,.7,20,79,1019.6,1028.3,,,,0,,4.1
156,堡林,2024-11-25 05:00,7.2,,.7,360,81,1019,1027.7,,,,0,,3.8
156,堡林,2024-11-25 06:00,7.1,,1.3,20,81,1018.9,1027.6,,,,0,,3.6
156,堡林,2024-11-25 07:00,7.2,,.4,0,81,1019,1027.7,,,,0,,3.3
156,堡林,2024-11-25 08:00,7.2,,.2,0,82,1019.5,1028.2,0,.12,,0,,3.9
156,堡林,2024-11-25 09:00,9.6,,.7,20,73,1020,1028.6,1,.68,,0,,6.6
156,堡林,2024-11-25 10:00,12.9,,.6,340,63,1019.6,1028.1,1,1.29,,5,,14
156,堡林,2024-11-25 11:00,15.8,,.9,320,55,1018.6,1027,1,1.72,,4,,20.9
156,堡林,2024-11-25 12:00,16.4,,1.6,110,52,1017.6,1026,.9,1.6,,8,,20.9
156,堡林,2024-11-25 13:00,16.9,,1.4,140,47,1016.3,1024.7,.7,1.41,,8,,22.4
156,堡林,2024-11-25 14:00,17,,2.7,140,46,1014.8,1023.1,.9,1.39,,8,,21.7
156,堡林,2024-11-25 15:00,16.4,,2.9,110,52,1013.8,1022.2,.9,1.22,,8,,20.4
156,堡林,2024-11-25 16:00,15.6,,4,140,56,1013.6,1022,.4,.74,,7,,17.9
156,堡林,2024-11-25 17:00,14.5,,1.9,110,61,1013.2,1021.6,.1,.28,,8,,13.5
156,堡林,2024-11-25 18:00,14.2,,2,110,60,1012.3,1020.7,0,.07,,9,,12.2
156,堡林,2024-11-25 19:00,14.2,,3.8,140,59,1012.5,1020.9,,,,10,,12.1
156,堡林,2024-11-25 20:00,14,,2.4,90,60,1011.7,1020.1,,,,9,,12
156,堡林,2024-11-25 21:00,14.2,0,2,50,61,1010.1,1018.5,,,,10,,12
156,堡林,2024-11-25 22:00,13.1,,2.6,110,70,1009.2,1017.6,,,,10,,11.3
156,堡林,2024-11-25 23:00,11.4,,2.3,20,85,1006.7,1015.2,,,,10,,11.2
156,堡林,2024-11-26 00:00,12.4,2.3,1.4,20,83,1004.9,1013.3,,,,10,,11.4
156,堡林,2024-11-26 01:00,12.4,,3.2,160,86,1004.3,1012.7,,,,10,,11.8
156,堡林,2024-11-26 02:00,12.3,,3.8,160,91,1004.1,1012.5,,,,10,,12.1
156,堡林,2024-11-26 03:00,13.4,2.4,4.3,140,91,1002.9,1011.3,,,,10,,12.6
156,堡林,2024-11-26 04:00,13.7,,2.5,180,93,1003.1,1011.4,,,,10,,13
156,堡林,2024-11-26 05:00,12.8,,4.6,200,92,1003.3,1011.7,,,,10,,12.9
156,堡林,2024-11-26 06:00,11.3,6,2.6,230,90,1004.9,1013.4,,,,10,,11.7
156,堡林,2024-11-26 07:00,10.7,,1.7,230,92,1005.7,1014.2,,,,10,,11.2
156,堡林,2024-11-26 08:00,10.4,,2.1,230,88,1006.7,1015.2,0,.06,,10,,10.9
156,堡林,2024-11-26 09:00,10.7,2.1,2.1,230,80,1007.6,1016.1,0,.17,,10,,11.4
156,堡林,2024-11-26 10:00,10.9,,3.3,230,68,1008.4,1016.9,0,.65,,10,,12.8
156,堡林,2024-11-26 11:00,11.3,,3.2,250,51,1008.6,1017.1,.7,1.26,,6,,14.4
156,堡林,2024-11-26 12:00,11.6,,2.8,250,47,1008.6,1017.1,.7,1.33,,7,,15.2
156,堡林,2024-11-26 13:00,9.6,,5.5,230,51,1008.3,1016.8,0,.54,,9,,10.8
156,堡林,2024-11-26 14:00,9.2,,4.3,230,52,1008.5,1017,.1,.67,,9,,10.1
156,堡林,2024-11-26 15:00,8.5,,4.9,230,55,1008.6,1017.2,.1,.52,,9,,9
156,堡林,2024-11-26 16:00,8.7,,5.3,230,45,1008.6,1017.2,.3,.51,,8,,8.6
156,堡林,2024-11-26 17:00,7.9,,2.9,230,49,1008.8,1017.4,0,.18,,8,,7.2
156,堡林,2024-11-26 18:00,7.3,,3.6,230,53,1009.3,1017.9,0,.08,,9,,6.4
156,堡林,2024-11-26 19:00,7.1,,3,200,54,1009.1,1017.7,,,,9,,6.4
156,堡林,2024-11-26 20:00,7.1,,3.1,230,54,1009.1,1017.7,,,,10,,6.4
156,堡林,2024-11-26 21:00,7.1,,2.9,230,56,1009.1,1017.7,,,,9,,6.5
156,堡林,2024-11-26 22:00,7.1,,3,230,56,1009,1017.6,,,,10,,6.5
156,堡林,2024-11-26 23:00,7.1,,3.5,230,54,1008.7,1017.3,,,,10,,6.3
156,堡林,2024-11-27 00:00,7.2,0,3.2,230,52,1008.6,1017.2,,,,10,,6
156,堡林,2024-11-27 01:00,7.1,,2.9,230,53,1008.3,1016.9,,,,10,,5.7
156,堡林,2024-11-27 02:00,6.3,,1.9,230,60,1007.3,1015.9,,,,10,,5.9
156,堡林,2024-11-27 03:00,6.4,0,2.1,230,57,1007,1015.6,,,,10,,5.7
156,堡林,2024-11-27 04:00,5.3,,1.4,250,68,1007.1,1015.8,,,,10,,5.6
156,堡林,2024-11-27 05:00,3.9,,3.8,230,83,1007.3,1016,,,,10,,5.6
156,堡林,2024-11-27 06:00,4.1,.1,1.7,200,79,1007.2,1015.9,,,,10,,5.7
156,堡林,2024-11-27 07:00,3.7,,.9,140,83,1006.7,1015.4,,,,10,,5.8
156,堡林,2024-11-27 08:00,3.2,,1,270,89,1006.7,1015.4,0,.08,,10,,5.1
156,堡林,2024-11-27 09:00,3.1,2.5,1.9,230,87,1007.5,1016.2,0,.22,,10,,5.6
156,堡林,2024-11-27 10:00,1.9,,.9,160,92,1007.9,1016.7,0,.17,,10,,5.4
156,堡林,2024-11-27 11:00,3.5,,1.1,140,89,1007.3,1016,0,.53,,10,,8.4
156,堡林,2024-11-27 12:00,4.3,1.5,1.4,160,84,1006.2,1014.9,0,.36,,10,,8.9
156,堡林,2024-11-27 13:00,3.7,,5,230,80,1006.1,1014.8,0,.54,,8,,7.1
156,堡林,2024-11-27 14:00,4.7,,5.1,230,74,1005.4,1014.1,.7,1.41,,8,,8.3
156,堡林,2024-11-27 15:00,6.3,.2,6.6,230,52,1004.8,1013.4,.3,.88,,8,,8.6
156,堡林,2024-11-27 16:00,5.4,,5.1,230,60,1005.6,1014.3,.2,.48,,7,,7.3
156,堡林,2024-11-27 17:00,4.1,,3.8,230,69,1006.3,1015,.2,.3,,8,,5.5
156,堡林,2024-11-27 18:00,3,.4,3.4,230,77,1007,1015.7,0,.07,,7,,2.5
156,堡林,2024-11-27 19:00,3.2,,1.7,200,74,1007,1015.7,,,,7,,3.4
156,堡林,2024-11-27 20:00,3.9,,.7,320,72,1007.4,1016.1,,,,8,,3.6
156,堡林,2024-11-27 21:00,4.9,0,2.5,230,62,1007.5,1016.2,,,,8,,4.1
156,堡林,2024-11-27 22:00,4.9,,4.5,230,58,1007.7,1016.4,,,,10,,4.2
156,堡林,2024-11-27 23:00,4.7,,1.7,230,64,1008,1016.7,,,,10,,4.3
156,堡林,2024-11-28 00:00,4.5,0,2.4,290,68,1008.1,1016.8,,,,10,,4.4
156,堡林,2024-11-28 01:00,3.6,,.6,200,75,1007.8,1016.5,,,,10,,4.6
156,堡林,2024-11-28 02:00,3.7,,1.5,200,75,1007.5,1016.2,,,,10,,4.7
156,堡林,2024-11-28 03:00,4.6,0,3,200,71,1007,1015.7,,,,10,,4.8
156,堡林,2024-11-28 04:00,3.4,,2.1,200,86,1006.7,1015.4,,,,10,,4.6
156,堡林,2024-11-28 05:00,3.5,,1.3,160,88,1006,1014.7,,,,8,,4
156,堡林,2024-11-28 06:00,5.1,.3,1.5,200,64,1005.8,1014.5,,,,0,,3.1
156,堡林,2024-11-28 07:00,5.4,,1.9,200,61,1005.6,1014.3,,,,8,,3.6
156,堡林,2024-11-28 08:00,4.9,,2.4,160,72,1006,1014.7,0,.09,,8,,4.4
156,堡林,2024-11-28 09:00,5.3,.1,2.2,180,78,1006.2,1014.9,0,.21,,10,,5.7
156,堡林,2024-11-28 10:00,7,,2.1,160,73,1006.3,1014.9,.6,.79,,4,,9.6
156,堡林,2024-11-28 11:00,8.3,,1.9,160,71,1005.5,1014,.8,1.45,,5,,15.3
156,堡林,2024-11-28 12:00,9,.1,2.4,230,56,1004.6,1013.1,.4,1.07,,10,,11.2
156,堡林,2024-11-28 13:00,5.5,,3.9,230,82,1004.6,1013.3,0,.21,,9,,7.6
156,堡林,2024-11-28 14:00,8.2,,1.5,230,77,1004.1,1012.6,.2,.62,,3,,12.6
156,堡林,2024-11-28 15:00,8.6,2,2.3,270,57,1003.7,1012.2,.5,1.03,,3,,9.6
156,堡林,2024-11-28 16:00,8.2,,1.9,250,60,1004.1,1012.6,.4,.67,,9,,9
156,堡林,2024-11-28 17:00,7.7,,1.6,200,63,1004.3,1012.9,.1,.14,,8,,7.7
156,堡林,2024-11-28 18:00,6.4,0,1.2,270,70,1004.8,1013.4,0,.06,,9,,6.5
156,堡林,2024-11-28 19:00,5.3,,3.2,230,80,1005.1,1013.8,,,,10,,6.2
156,堡林,2024-11-28 20:00,5.5,,1.6,230,77,1005.1,1013.8,,,,10,,4.8
156,堡林,2024-11-28 21:00,6.2,.1,1.6,230,67,1004.9,1013.5,,,,9,,5.4
156,堡林,2024-11-28 22:00,6.4,,2.3,200,64,1004.9,1013.5,,,,7,,5.2
156,堡林,2024-11-28 23:00,6.5,,3.7,230,67,1005.2,1013.8,,,,10,,5.5
156,堡林,2024-11-29 00:00,4.5,1.2,2,290,85,1005.6,1014.3,,,,10,,5.3
156,堡林,2024-11-29 01:00,4.3,,1.5,230,88,1005.7,1014.4,,,,10,,5.4
156,堡林,2024-11-29 02:00,3.9,,.5,250,90,1005.5,1014.2,,,,10,,5.4
156,堡林,2024-11-29 03:00,3.3,4.9,.9,50,92,1004.9,1013.6,,,,7,,4.5
156,堡林,2024-11-29 04:00,3.4,,1.4,200,91,1005.5,1014.2,,,,10,,4.9
156,堡林,2024-11-29 05:00,2.8,,1.7,160,94,1005.2,1013.9,,,,10,,4.4
156,堡林,2024-11-29 06:00,3.1,6.5,.5,20,94,1005.4,1014.1,,,,9,,5
156,堡林,2024-11-29 07:00,3.1,,.7,360,93,1005.3,1014,,,,9,,4.9
156,堡林,2024-11-29 08:00,3.4,,.7,110,93,1006.2,1014.9,0,.09,,10,,5.3
156,堡林,2024-11-29 09:00,3.1,2,1,230,92,1007,1015.7,0,.12,,10,,5.4
156,堡林,2024-11-29 10:00,3.9,,.9,200,91,1007.1,1015.8,0,.43,,9,,7.7
156,堡林,2024-11-29 11:00,4.1,,1.1,200,88,1007,1015.7,.2,.68,,10,,9
156,堡林,2024-11-29 12:00,3.6,2,1.1,180,91,1006,1014.7,0,.28,,10,,7.9
156,堡林,2024-11-29 13:00,4.6,,.9,160,90,1005,1013.7,.1,.79,,10,,10.2
156,堡林,2024-11-29 14:00,5.4,,.2,0,90,1004.6,1013.3,0,.53,,10,,9.7
156,堡林,2024-11-29 15:00,6.4,.4,1.7,230,77,1004,1012.6,.4,.81,,9,,9.4
156,堡林,2024-11-29 16:00,5.6,,2.7,200,84,1004.7,1013.3,0,.18,,10,,7.9
156,堡林,2024-11-29 17:00,5.8,,1.3,140,86,1004.7,1013.3,.1,.21,,10,,7.5
156,堡林,2024-11-29 18:00,5.8,.3,.7,160,81,1005.4,1014,0,.06,,9,,6.6
156,堡林,2024-11-29 19:00,6.3,,1.9,200,79,1006,1014.6,,,,8,,6.3
156,堡林,2024-11-29 20:00,5.6,,1.8,140,84,1006,1014.7,,,,9,,6.2
156,堡林,2024-11-29 21:00,5,.9,.8,90,92,1006.6,1015.3,,,,10,,6.1
156,堡林,2024-11-29 22:00,5.3,,1,70,93,1006.8,1015.5,,,,10,,6.5
156,堡林,2024-11-29 23:00,5.8,,1.1,20,92,1007.4,1016.1,,,,9,,6.6
156,堡林,2024-11-30 00:00,6.2,1.3,.6,250,91,1007.3,1015.9,,,,10,,6.8
156,堡林,2024-11-30 01:00,5.8,,.6,230,91,1007.1,1015.8,,,,3,,5.2
156,堡林,2024-11-30 02:00,5.6,,.6,250,91,1007.4,1016.1,,,,2,,3.8
156,堡林,2024-11-30 03:00,4.9,.1,1.1,360,94,1007.9,1016.6,,,,2,,3.2
156,堡林,2024-11-30 04:00,4.5,,.6,20,92,1008.1,1016.8,,,,7,,3.5
156,堡林,2024-11-30 05:00,3.9,,1,360,92,1008.4,1017.1,,,,0,,3
156,堡林,2024-11-30 06:00,3.7,,.8,340,93,1009,1017.7,,,,0,,2.2
156,堡林,2024-11-30 07:00,3.3,,.6,340,92,1009.5,1018.3,,,,0,,1.6
156,堡林,2024-11-30 08:00,3.8,,.4,0,88,1010,1018.7,0,.1,,1,,2
156,堡林,2024-11-30 09:00,5,,.6,200,87,1010.6,1019.3,1,.66,,0,,3.7
156,堡林,2024-11-30 10:00,6.7,,.3,0,78,1010.7,1019.4,1,1.24,,0,,8.5
156,堡林,2024-11-30 11:00,8.4,,1.3,160,63,1010.8,1019.4,1,1.75,,0,,14.1
156,堡林,2024-11-30 12:00,10.1,,1.3,140,60,1010,1018.6,1,2.05,,0,,16.6
156,堡林,2024-11-30 13:00,10.6,,1.6,200,56,1009,1017.5,1,2.13,,1,,17.6
156,堡林,2024-11-30 14:00,11.2,,1.3,250,58,1008.2,1016.7,.6,1.49,,7,,15
156,堡林,2024-11-30 15:00,12.4,,3.7,230,47,1007.6,1016,.7,1.38,,2,,15.5
156,堡林,2024-11-30 16:00,12,,1,250,49,1007.2,1015.6,.9,.9,,2,,11.2
156,堡林,2024-11-30 17:00,11.2,,1.8,230,55,1007.4,1015.9,.9,.42,,3,,9
156,堡林,2024-11-30 18:00,9.9,,1,180,61,1007.8,1016.3,.1,.08,,1,,6.7
156,堡林,2024-11-30 19:00,9,,1.3,140,67,1008.2,1016.7,,,,0,,5.4
156,堡林,2024-11-30 20:00,7.9,,1.1,140,72,1008.6,1017.2,,,,0,,4.5
156,堡林,2024-11-30 21:00,7.3,,.7,110,74,1008.7,1017.3,,,,6,,4.4
156,堡林,2024-11-30 22:00,6.9,,.1,0,76,1009,1017.6,,,,0,,3.8
156,堡林,2024-11-30 23:00,6.5,,0,0,80,1009.2,1017.9,,,,0,,3.3
156,堡林,2024-12-01 00:00,5.9,,.4,0,85,1009.4,1018.1,,,,0,,3.3
156,堡林,2024-12-01 01:00,6.1,,.5,20,86,1009.4,1018.1,,,,2,,4
156,堡林,2024-12-01 02:00,5,,0,0,89,1009.4,1018.1,,,,0,,2.9
156,堡林,2024-12-01 03:00,4.7,,.2,0,90,1009.4,1018.1,,,,0,,2.6
156,堡林,2024-12-01 04:00,4.4,,.1,0,91,1009.1,1017.8,,,,6,,2.4
156,堡林,2024-12-01 05:00,4,,.7,230,91,1009,1017.7,,,,2,,2.3
156,堡林,2024-12-01 06:00,3.4,,.3,0,93,1009,1017.7,,,,3,,2.1
156,堡林,2024-12-01 07:00,3.4,,.1,0,93,1009.3,1018,,,,3,,2
156,堡林,2024-12-01 08:00,3.6,,0,0,92,1009.7,1018.4,0,.12,,5,,2.7
156,堡林,2024-12-01 09:00,5.1,,0,0,89,1009.8,1018.5,.7,.51,,8,,5.8
156,堡林,2024-12-01 10:00,7.1,,.5,230,83,1009.9,1018.5,.5,.84,,8,,9.2
156,堡林,2024-12-01 11:00,8,,.2,0,80,1010.1,1018.7,.2,.99,,9,,12
156,堡林,2024-12-01 12:00,10.2,,1,340,72,1009.1,1017.6,.3,1.07,,8,,14.2
156,堡林,2024-12-01 13:00,12.3,,.5,290,65,1008.1,1016.5,1,1.69,,7,,17.8
156,堡林,2024-12-01 14:00,13.5,,.4,0,56,1007.2,1015.6,.6,1.42,,9,,16.4
156,堡林,2024-12-01 15:00,13.9,,.8,360,58,1006.6,1015,0,.68,,8,,14.9
156,堡林,2024-12-01 16:00,13.3,,.6,50,64,1006.3,1014.7,0,.43,,9,,13.6
156,堡林,2024-12-01 17:00,11.7,,.3,0,73,1007.2,1015.7,0,.1,,10,,11.5
156,堡林,2024-12-01 18:00,10.1,.2,1.9,110,80,1007.4,1015.9,0,.06,,10,,10.3
156,堡林,2024-12-01 19:00,9.8,,1,50,80,1007.4,1015.9,,,,8,,9.6
156,堡林,2024-12-01 20:00,9.7,,.6,360,83,1007.5,1016,,,,0,,8
156,堡林,2024-12-01 21:00,9.2,0,.2,0,78,1007.6,1016.1,,,,0,,6.4
156,堡林,2024-12-01 22:00,8.9,,1.1,20,85,1007.9,1016.4,,,,0,,5.9
156,堡林,2024-12-01 23:00,7.5,,.8,360,87,1008,1016.6,,,,0,,5.1
156,堡林,2024-12-02 00:00,7.5,,.6,20,88,1008,1016.6,,,,0,,4.7
156,堡林,2024-12-02 01:00,7.1,,0,0,91,1007.8,1016.4,,,,0,,4.4
156,堡林,2024-12-02 02:00,6.6,,.1,0,92,1007.8,1016.4,,,,0,,4
156,堡林,2024-12-02 03:00,6.3,,.2,0,93,1008,1016.6,,,,0,,3.7
156,堡林,2024-12-02 04:00,5.7,,0,0,94,1008.2,1016.9,,,,0,,3.4
156,堡林,2024-12-02 05:00,5.4,,.2,0,94,1008.1,1016.8,,,,0,,3.2
156,堡林,2024-12-02 06:00,5,,.2,0,95,1008.2,1016.9,,,,0,,2.9
156,堡林,2024-12-02 07:00,4.7,,0,0,95,1008.7,1017.4,,,,0,,2.7
156,堡林,2024-12-02 08:00,5.2,,.4,0,95,1008.9,1017.6,0,.11,,0,,3.2
156,堡林,2024-12-02 09:00,6.8,,.2,0,92,1009,1017.6,.9,.53,,0,,5.4
156,堡林,2024-12-02 10:00,8.8,,.5,160,83,1009.4,1018,1,1.12,,0,,9.6
156,堡林,2024-12-02 11:00,11.1,,.7,230,76,1009.3,1017.8,1,1.61,,0,,15.2
156,堡林,2024-12-02 12:00,13.8,,1.2,200,67,1008.9,1017.3,1,1.92,,0,,17.8
156,堡林,2024-12-02 13:00,16.4,,1.8,200,61,1008.5,1016.8,1,1.97,,0,,19.9
156,堡林,2024-12-02 14:00,17.7,,1.9,180,58,1008,1016.2,1,1.77,,0,,18.6
156,堡林,2024-12-02 15:00,16.9,,4.5,230,51,1007.9,1016.2,.7,1.08,,2,,16.4
156,堡林,2024-12-02 16:00,16.2,,4.1,230,53,1008.3,1016.6,1,.86,,3,,14.3
156,堡林,2024-12-02 17:00,14.5,,1.5,230,62,1008.8,1017.2,.3,.31,,0,,11.1
156,堡林,2024-12-02 18:00,13.4,,1.7,250,72,1009.3,1017.7,0,.06,,8,,10.2
156,堡林,2024-12-02 19:00,10.9,,2.2,290,79,1010.2,1018.7,,,,0,,8.5
156,堡林,2024-12-02 20:00,9.9,,1.6,250,79,1010.8,1019.4,,,,0,,7.4
156,堡林,2024-12-02 21:00,9.3,,1,270,78,1011.3,1019.9,,,,9,,7.7
156,堡林,2024-12-02 22:00,9,,1.3,270,73,1011.9,1020.5,,,,0,,6.7
156,堡林,2024-12-02 23:00,8.5,,2.2,340,69,1012.4,1021,,,,0,,5.5
156,堡林,2024-12-03 00:00,7.4,,.8,340,73,1012.6,1021.2,,,,0,,4.7
156,堡林,2024-12-03 01:00,7.4,,.8,270,75,1012.7,1021.3,,,,10,,5.3
156,堡林,2024-12-03 02:00,6.9,,1,320,71,1013,1021.7,,,,2,,4.3
156,堡林,2024-12-03 03:00,6.3,,.6,340,72,1013.4,1022.1,,,,0,,3.7
156,堡林,2024-12-03 04:00,5.8,,1,340,73,1013.3,1022,,,,6,,3.8
156,堡林,2024-12-03 05:00,4.6,,1.6,360,76,1013.4,1022.1,,,,0,,2.9
156,堡林,2024-12-03 06:00,3.9,,1.2,20,77,1013.4,1022.2,,,,3,,2.3
156,堡林,2024-12-03 07:00,3.8,,.5,360,76,1013.6,1022.4,,,,0,,1.9
156,堡林,2024-12-03 08:00,4.1,,.9,360,75,1015.1,1023.9,0,.12,,6,,2.6
156,堡林,2024-12-03 09:00,4.9,,.6,20,70,1015.3,1024.1,.5,.47,,7,,4.8
156,堡林,2024-12-03 10:00,6.1,,.6,340,64,1015.6,1024.3,.9,1.05,,8,,8.2
156,堡林,2024-12-03 11:00,7.1,,1.4,270,54,1016,1024.7,1,1.58,,4,,13.1
156,堡林,2024-12-03 12:00,7.9,,1.3,270,47,1015.3,1023.9,1,2.15,,2,,14.3
156,堡林,2024-12-03 13:00,8.3,,1.5,290,34,1014.6,1023.2,1,2,,3,,14.4
156,堡林,2024-12-03 14:00,8.5,,2,290,30,1013.8,1022.4,1,1.88,,5,,12.6
156,堡林,2024-12-03 15:00,7.6,,2.2,320,24,1013.9,1022.5,.8,1.16,,7,,10
156,堡林,2024-12-03 16:00,6.7,,1.5,340,25,1014.3,1023,.3,.68,,8,,7.5
156,堡林,2024-12-03 17:00,5.9,,1.5,340,37,1014.6,1023.3,0,.28,,5,,5.4
156,堡林,2024-12-03 18:00,5,,1.7,340,44,1015,1023.8,0,.07,,9,,3.8
156,堡林,2024-12-03 19:00,4.4,,1.6,340,47,1015.1,1023.9,,,,9,,3
156,堡林,2024-12-03 20:00,3.9,,1.6,360,49,1014.9,1023.7,,,,9,,2.4
156,堡林,2024-12-03 21:00,3.3,,1.6,360,47,1015.4,1024.2,,,,9,,2
156,堡林,2024-12-03 22:00,2.9,,2,360,46,1016,1024.8,,,,9,,1.3
156,堡林,2024-12-03 23:00,2.7,,2.4,340,38,1016.7,1025.5,,,,6,,.3
156,堡林,2024-12-04 00:00,1.6,,2,20,44,1016.7,1025.6,,,,0,,-.2
156,堡林,2024-12-04 01:00,1.8,,.9,340,43,1016.6,1025.5,,,,0,,.3
156,堡林,2024-12-04 02:00,2,,.4,0,48,1016.6,1025.5,,,,5,,.2
156,堡林,2024-12-04 03:00,1.1,,.1,0,55,1016.2,1025.1,,,,5,,.2
156,堡林,2024-12-04 04:00,.9,,.9,200,56,1015.8,1024.7,,,,1,,.3
156,堡林,2024-12-04 05:00,1,,.8,230,58,1015.2,1024.1,,,,3,,.3
156,堡林,2024-12-04 06:00,1.4,,.2,0,59,1014.8,1023.7,,,,9,,.8
156,堡林,2024-12-04 07:00,1.8,,.4,0,60,1014.9,1023.8,,,,9,,1.7
156,堡林,2024-12-04 08:00,2.1,,.8,360,63,1015.3,1024.2,0,.08,,9,,3.1
156,堡林,2024-12-04 09:00,2.7,,.7,360,57,1015.6,1024.4,0,.22,,9,,4.5
156,堡林,2024-12-04 10:00,3.4,,.1,0,54,1015.8,1024.6,0,.34,,9,,5.8
156,堡林,2024-12-04 11:00,3.9,,.8,360,56,1015.9,1024.7,0,.28,,10,,6
156,堡林,2024-12-04 12:00,4.8,,.7,340,57,1015.1,1023.8,0,.61,,9,,9.7
156,堡林,2024-12-04 13:00,7,,.7,340,54,1013.9,1022.6,.5,1.53,,7,,13.5
156,堡林,2024-12-04 14:00,8.4,,.8,200,51,1013,1021.6,1,1.9,,0,,13.1
156,堡林,2024-12-04 15:00,8.9,,2,320,47,1012.3,1020.9,1,1.46,,1,,11.7
156,堡林,2024-12-04 16:00,8.6,,2.1,270,46,1012.4,1021,1,.88,,0,,8.3
156,堡林,2024-12-04 17:00,7.2,,1.8,340,50,1012.7,1021.4,.7,.38,,5,,5.4
156,堡林,2024-12-04 18:00,6.4,,1.5,340,53,1012.5,1021.2,0,.06,,3,,3.7
156,堡林,2024-12-04 19:00,5.6,,.5,340,56,1012.9,1021.6,,,,6,,2.7
156,堡林,2024-12-04 20:00,5.2,,0,0,59,1012.6,1021.3,,,,6,,2.2
156,堡林,2024-12-04 21:00,4.9,,.1,0,63,1012.7,1021.4,,,,8,,2.7
156,堡林,2024-12-04 22:00,4.5,,0,0,65,1012.4,1021.1,,,,6,,2
156,堡林,2024-12-04 23:00,4.8,,0,0,66,1012.5,1021.2,,,,9,,3.2
156,堡林,2024-12-05 00:00,4.1,0,.4,0,71,1012.1,1020.8,,,,9,,3.1
156,堡林,2024-12-05 01:00,4,,.9,160,69,1012,1020.7,,,,10,,3.2
156,堡林,2024-12-05 02:00,3.7,,1,160,70,1011.8,1020.6,,,,6,,2.3
156,堡林,2024-12-05 03:00,4.1,,1,160,72,1011.6,1020.3,,,,2,,2.1
156,堡林,2024-12-05 04:00,3.8,,.6,160,74,1011,1019.7,,,,2,,1.1
156,堡林,2024-12-05 05:00,3.7,,.6,140,74,1010.4,1019.1,,,,1,,1.1
156,堡林,2024-12-05 06:00,3.7,,0,0,73,1010.4,1019.1,,,,0,,.5
156,堡林,2024-12-05 07:00,3.6,,.2,0,75,1010.5,1019.3,,,,0,,.1
156,堡林,2024-12-05 08:00,3.4,,.2,0,76,1010.9,1019.7,0,.09,,0,,.5
156,堡林,2024-12-05 09:00,6.3,,1,200,65,1010.7,1019.4,.8,.54,,0,,2.2
156,堡林,2024-12-05 10:00,9,,2.8,230,52,1010.8,1019.4,1,1.2,,0,,7.2
156,堡林,2024-12-05 11:00,9.5,,3.2,230,46,1010.9,1019.4,.9,1.6,,6,,10.4
156,堡林,2024-12-05 12:00,11.4,,2.6,250,44,1010.4,1018.9,1,2.08,,7,,16.8
156,堡林,2024-12-05 13:00,10.1,,3.2,230,42,1009.8,1018.3,.6,1.31,,3,,12.6
156,堡林,2024-12-05 14:00,9.2,,1.9,230,43,1009.6,1018.1,.4,.93,,1,,8.3
156,堡林,2024-12-05 15:00,8.9,,2,230,47,1009.7,1018.3,.3,.59,,3,,6.9
156,堡林,2024-12-05 16:00,8.9,,2,250,48,1009.8,1018.4,.3,.47,,6,,6.8
156,堡林,2024-12-05 17:00,8.5,,1.4,230,49,1010,1018.6,.3,.26,,6,,5.5
156,堡林,2024-12-05 18:00,8.4,,2.7,230,53,1010.1,1018.7,0,.07,,9,,5.4
156,堡林,2024-12-05 19:00,7.8,,1.5,200,55,1010.1,1018.7,,,,0,,3.8
156,堡林,2024-12-05 20:00,7.8,,1.1,200,56,1010.5,1019.1,,,,7,,4.7
156,堡林,2024-12-05 21:00,6.9,,1,180,60,1010.7,1019.3,,,,7,,3.5
156,堡林,2024-12-05 22:00,7.4,,1,160,58,1010.8,1019.4,,,,9,,4.9
156,堡林,2024-12-05 23:00,7,,.9,180,60,1010.7,1019.3,,,,9,,4.6
156,堡林,2024-12-06 00:00,7.3,,1.5,230,60,1010.8,1019.4,,,,0,,2.5
156,堡林,2024-12-06 01:00,7.2,,1.4,200,57,1010.8,1019.4,,,,6,,3.4
156,堡林,2024-12-06 02:00,7.6,,.6,200,57,1010.7,1019.3,,,,10,,4.9
156,堡林,2024-12-06 03:00,7.3,0,1.1,200,61,1010.9,1019.5,,,,8,,4.5
156,堡林,2024-12-06 04:00,6.4,,.2,0,66,1010.8,1019.5,,,,0,,2.2
156,堡林,2024-12-06 05:00,7,,.5,230,67,1010.8,1019.4,,,,10,,3
156,堡林,2024-12-06 06:00,7.1,0,1.6,270,71,1011.3,1019.9,,,,10,,4.8
156,堡林,2024-12-06 07:00,5.7,,.4,0,76,1011.4,1020.1,,,,6,,2.8
156,堡林,2024-12-06 08:00,5.6,,.2,0,79,1011.6,1020.3,0,.09,,5,,3.1
156,堡林,2024-12-06 09:00,7,0,.6,200,73,1011.8,1020.5,.7,.5,,7,,5.7
156,堡林,2024-12-06 10:00,7.9,,1.2,160,69,1012.4,1021,.9,.86,,2,,8.1
156,堡林,2024-12-06 11:00,9.2,,.9,320,61,1012.1,1020.7,1,1.54,,2,,13.6
156,堡林,2024-12-06 12:00,7.4,.3,1,290,76,1012.1,1020.7,.2,.52,,10,,8.9
156,堡林,2024-12-06 13:00,9,,.6,250,68,1011.9,1020.5,.6,1.29,,2,,14.5
156,堡林,2024-12-06 14:00,8.9,,1.8,360,64,1011.9,1020.5,.5,1,,8,,12.2
156,堡林,2024-12-06 15:00,8.2,0,2.3,340,54,1012.1,1020.7,.3,.68,,7,,9.1
156,堡林,2024-12-06 16:00,7.8,,1.5,340,55,1012.9,1021.5,.3,.59,,5,,7.8
156,堡林,2024-12-06 17:00,7.2,,1,290,52,1013.2,1021.9,.3,.26,,1,,5.5
156,堡林,2024-12-06 18:00,6.3,,1.4,340,59,1013.8,1022.5,0,.07,,0,,3.6
156,堡林,2024-12-06 19:00,5.9,,.5,320,59,1014.6,1023.3,,,,0,,2.6
156,堡林,2024-12-06 20:00,5.1,,1.5,340,56,1014.9,1023.7,,,,0,,1.8
156,堡林,2024-12-06 21:00,4.2,,1.1,360,59,1015.1,1023.9,,,,0,,1
156,堡林,2024-12-06 22:00,3.6,,1.6,20,61,1015.4,1024.2,,,,3,,.8
156,堡林,2024-12-06 23:00,4,,.7,360,62,1015.4,1024.2,,,,3,,.5
156,堡林,2024-12-07 00:00,3.5,,1.2,360,66,1015.4,1024.2,,,,1,,.1
156,堡林,2024-12-07 01:00,3.4,,.2,0,68,1016.1,1024.9,,,,6,,.4
156,堡林,2024-12-07 02:00,2.7,,1.1,360,70,1016.2,1025,,,,3,,.3
156,堡林,2024-12-07 03:00,2.8,,.1,0,70,1016.9,1025.7,,,,5,,.3
156,堡林,2024-12-07 04:00,2.6,,.1,0,72,1016.4,1025.2,,,,3,,.2
156,堡林,2024-12-07 05:00,1.6,,.1,0,77,1016.3,1025.2,,,,1,,.2
156,堡林,2024-12-07 06:00,1.6,,.6,360,71,1016.1,1025,,,,0,,.1
156,堡林,2024-12-07 07:00,1.5,,.2,0,73,1016,1024.9,,,,0,,0
156,堡林,2024-12-07 08:00,.5,,.9,200,81,1016.4,1025.3,0,.09,,0,,0
156,堡林,2024-12-07 09:00,1.9,,.2,0,78,1017,1025.9,.7,.45,,6,,.2
156,堡林,2024-12-07 10:00,3.5,,.9,360,69,1017.1,1025.9,.4,.82,,8,,4.1
156,堡林,2024-12-07 11:00,3.8,,.9,340,70,1016.9,1025.7,0,.43,,9,,5.9
156,堡林,2024-12-07 12:00,3.8,0,1.7,20,74,1016.2,1025,0,.63,,10,,8.3
156,堡林,2024-12-07 13:00,3.7,,1.7,360,79,1015.4,1024.2,0,.42,,9,,7.6
156,堡林,2024-12-07 14:00,3.3,,1.7,360,83,1015.3,1024.1,0,.35,,10,,6.9
156,堡林,2024-12-07 15:00,3.2,0,.9,20,85,1015.1,1023.9,0,.4,,10,,7.2
156,堡林,2024-12-07 16:00,4.1,,1.8,360,82,1015,1023.8,.4,.61,,7,,7.6
156,堡林,2024-12-07 17:00,3.5,,.4,0,82,1015.3,1024.1,0,.26,,7,,5
156,堡林,2024-12-07 18:00,3.2,0,.4,0,86,1015.3,1024.1,0,.07,,1,,2.9
156,堡林,2024-12-07 19:00,3.4,,1.5,360,80,1015.4,1024.2,,,,10,,3.5
156,堡林,2024-12-07 20:00,2.9,,1.4,20,83,1015.6,1024.4,,,,10,,3.9
156,堡林,2024-12-07 21:00,2.3,.3,.5,20,85,1015.9,1024.7,,,,10,,3.8
156,堡林,2024-12-07 22:00,2,,.4,0,88,1016,1024.9,,,,10,,3.7
156,堡林,2024-12-07 23:00,1.8,,2.2,360,90,1016.6,1025.5,,,,10,,3.6
156,堡林,2024-12-08 00:00,1,1.4,.2,0,92,1016.6,1025.5,,,,8,,1.9
156,堡林,2024-12-08 01:00,.9,,.3,0,93,1016.6,1025.5,,,,1,,.9
156,堡林,2024-12-08 02:00,.6,,.3,0,94,1016.9,1025.8,,,,9,,1
156,堡林,2024-12-08 03:00,.6,.3,.3,0,94,1016.7,1025.6,,,.2,2,,.7
156,堡林,2024-12-08 04:00,.8,,.4,0,94,1017.1,1026,,,.2,9,,1
156,堡林,2024-12-08 05:00,1,,.5,50,93,1017.1,1026,,,.2,9,,1.8
156,堡林,2024-12-08 06:00,1.2,,.9,360,90,1017.3,1026.2,,,.2,9,,2.2
156,堡林,2024-12-08 07:00,.9,,2.5,360,88,1017.7,1026.6,,,.2,9,,2.3
156,堡林,2024-12-08 08:00,.6,,1.5,20,86,1018.3,1027.2,0,.09,.2,8,,1.6
156,堡林,2024-12-08 09:00,1.1,,2.5,20,84,1018.9,1027.8,.5,.36,.2,4,,1.8
156,堡林,2024-12-08 10:00,2.3,,2.8,20,76,1019.3,1028.2,.8,1.27,,4,,5.2
156,堡林,2024-12-08 11:00,3.5,,1.7,20,75,1019.5,1028.3,.1,.87,,8,,8.8
156,堡林,2024-12-08 12:00,4.3,,1.9,340,65,1019.4,1028.2,.6,1.59,,4,,11.2
156,堡林,2024-12-08 13:00,6,,1.7,340,60,1018.7,1027.5,.5,1.58,,6,,13.5
156,堡林,2024-12-08 14:00,5.3,,1.9,340,56,1018.4,1027.2,1,1.95,,4,,11
156,堡林,2024-12-08 15:00,5.4,,2.8,340,54,1018.2,1027,1,1.59,,0,,10.2
156,堡林,2024-12-08 16:00,5.4,,3.3,360,48,1017.5,1026.3,1,1.05,,0,,6.9
156,堡林,2024-12-08 17:00,4.6,,1.9,340,53,1017.9,1026.7,1,.43,,0,,3.7
156,堡林,2024-12-08 18:00,3.6,,1.1,340,55,1018.1,1026.9,.1,.08,,0,,1.9
156,堡林,2024-12-08 19:00,2.6,,1.6,360,61,1017.8,1026.7,,,,0,,.8
156,堡林,2024-12-08 20:00,2,,1.4,20,63,1018,1026.9,,,,0,,.1
156,堡林,2024-12-08 21:00,1.4,,1,360,63,1018.4,1027.3,,,,0,,.4
156,堡林,2024-12-08 22:00,1.3,,.5,360,64,1018.3,1027.2,,,,0,,.2
156,堡林,2024-12-08 23:00,1.2,,1.2,340,66,1017.9,1026.8,,,,0,,.1
156,堡林,2024-12-09 00:00,.8,,.5,340,69,1018,1026.9,,,,6,,.1
156,堡林,2024-12-09 01:00,.4,,1.1,340,72,1017.7,1026.6,,,,0,,0
156,堡林,2024-12-09 02:00,.6,,1.5,360,70,1017.8,1026.7,,,,9,,.2
156,堡林,2024-12-09 03:00,1,,.7,250,69,1018,1026.9,,,,9,,.2
156,堡林,2024-12-09 04:00,1.1,,.4,0,68,1017.6,1026.5,,,,9,,.3
156,堡林,2024-12-09 05:00,1.1,,.1,0,71,1017.7,1026.6,,,,9,,.9
156,堡林,2024-12-09 06:00,1.4,,.3,0,70,1017.8,1026.7,,,,9,,1.4
156,堡林,2024-12-09 07:00,1.7,,.6,340,67,1018,1026.9,,,,9,,2.3
156,堡林,2024-12-09 08:00,1.9,,.6,360,66,1018.3,1027.2,0,.07,,9,,2.7
156,堡林,2024-12-09 09:00,2.9,,1.3,340,64,1018.1,1026.9,0,.23,,9,,4.3
156,堡林,2024-12-09 10:00,4.3,,1.5,360,61,1018.2,1027,0,.61,,7,,7
156,堡林,2024-12-09 11:00,5.9,,2.1,360,54,1018.1,1026.9,.8,1.45,,4,,9.9
156,堡林,2024-12-09 12:00,6.7,,.6,20,54,1017.3,1026,.3,1.18,,9,,11.6
156,堡林,2024-12-09 13:00,6.9,,.7,270,54,1016.8,1025.5,0,.83,,9,,11.3
156,堡林,2024-12-09 14:00,7.1,,.2,0,56,1016,1024.7,0,.85,,9,,11.6
156,堡林,2024-12-09 15:00,7.5,,.8,320,54,1015.4,1024.1,.3,.91,,7,,10
156,堡林,2024-12-09 16:00,7.7,,1.7,340,53,1015.6,1024.3,.4,.66,,4,,8.2
156,堡林,2024-12-09 17:00,6.9,,1.5,340,56,1015.4,1024.1,.5,.35,,2,,5.9
156,堡林,2024-12-09 18:00,6.4,,1.1,340,58,1015.3,1024,0,.06,,8,,4.4
156,堡林,2024-12-09 19:00,5.6,,.6,340,61,1015,1023.7,,,,9,,3.7
156,堡林,2024-12-09 20:00,5.7,,.3,0,60,1015.2,1023.9,,,,8,,3.1
156,堡林,2024-12-09 21:00,5.3,,.1,0,62,1015.2,1024,,,,7,,2.7
156,堡林,2024-12-09 22:00,4.5,,.3,0,70,1015.3,1024.1,,,,3,,2.1
156,堡林,2024-12-09 23:00,4.1,,.9,50,72,1015.4,1024.2,,,,3,,1.8
156,堡林,2024-12-10 00:00,3.5,,.3,0,74,1015,1023.8,,,,0,,.7
156,堡林,2024-12-10 01:00,3.6,,.5,160,75,1015.2,1024,,,,3,,1.2
156,堡林,2024-12-10 02:00,3.2,,.1,0,80,1015.3,1024.1,,,,10,,1.5
156,堡林,2024-12-10 03:00,3.1,,0,0,81,1015.6,1024.4,,,,9,,1.8
156,堡林,2024-12-10 04:00,2.7,,0,0,83,1015.6,1024.4,,,,7,,1.3
156,堡林,2024-12-10 05:00,2.7,,1.8,230,82,1015.3,1024.1,,,,9,,2.2
156,堡林,2024-12-10 06:00,2.8,,.1,0,83,1015.9,1024.7,,,,9,,2.9
156,堡林,2024-12-10 07:00,3.2,,.3,0,82,1015.8,1024.6,,,,9,,3.3
156,堡林,2024-12-10 08:00,3.3,,.5,340,82,1016.6,1025.4,0,.09,,7,,3.4
156,堡林,2024-12-10 09:00,4.5,,1.8,360,74,1016.6,1025.4,.9,.5,,0,,3.3
156,堡林,2024-12-10 10:00,6.4,,2.2,360,64,1016.4,1025.1,1,1.12,,0,,6.6
156,堡林,2024-12-10 11:00,7.5,,3.1,360,54,1016.1,1024.8,1,1.62,,0,,11.3
156,堡林,2024-12-10 12:00,8.7,,2,360,48,1015.6,1024.2,1,1.97,,0,,13.8
156,堡林,2024-12-10 13:00,9.4,,2.5,360,45,1014.7,1023.3,1,2.05,,0,,15
156,堡林,2024-12-10 14:00,9.2,,2,360,41,1014.3,1022.9,1,1.87,,3,,13.2
156,堡林,2024-12-10 15:00,9.4,,2.5,360,41,1013.9,1022.5,1,1.4,,4,,12.4
156,堡林,2024-12-10 16:00,8.2,,1.7,340,47,1013.9,1022.5,1,.84,,3,,8.5
156,堡林,2024-12-10 17:00,7.1,,2,360,48,1013.7,1022.4,1,.46,,2,,5.9
156,堡林,2024-12-10 18:00,5.5,,1.6,360,57,1014.2,1022.9,0,.08,,0,,3.5
156,堡林,2024-12-10 19:00,4.8,,1.2,20,61,1014.1,1022.8,,,,0,,2
156,堡林,2024-12-10 20:00,4.1,,1.1,360,63,1014.5,1023.3,,,,0,,.9
156,堡林,2024-12-10 21:00,4.1,,.7,340,64,1014.4,1023.2,,,,0,,.7
156,堡林,2024-12-10 22:00,4.2,,.6,270,63,1014.9,1023.7,,,,2,,.5
156,堡林,2024-12-10 23:00,3.2,,1,360,71,1015.2,1024,,,,8,,.5
156,堡林,2024-12-11 00:00,2.6,,.4,0,70,1015.2,1024,,,,5,,.4
156,堡林,2024-12-11 01:00,2.9,,1.1,360,68,1015.1,1023.9,,,,9,,.8
156,堡林,2024-12-11 02:00,3.4,,1.9,360,65,1014.5,1023.3,,,,10,,1.1
156,堡林,2024-12-11 03:00,3.4,,1.4,360,65,1014.2,1023,,,,8,,1.3
156,堡林,2024-12-11 04:00,3,,1.7,360,69,1013.6,1022.4,,,,8,,1.3
156,堡林,2024-12-11 05:00,3.3,,.9,360,67,1013.5,1022.3,,,,6,,1.8
156,堡林,2024-12-11 06:00,3.6,,.8,340,65,1013.5,1022.3,,,,9,,2.2
156,堡林,2024-12-11 07:00,3.5,,1.1,360,67,1013.8,1022.6,,,,10,,2.4
156,堡林,2024-12-11 08:00,3.3,,1.1,360,70,1013.9,1022.7,0,.08,,10,,2.8
156,堡林,2024-12-11 09:00,4.3,,.8,360,67,1014.3,1023.1,0,.28,,9,,4.6
156,堡林,2024-12-11 10:00,5.9,,.9,20,61,1014.3,1023,.1,.63,,9,,7.6
156,堡林,2024-12-11 11:00,6.4,,.7,360,57,1014.3,1023,.1,.73,,10,,9.2
156,堡林,2024-12-11 12:00,7.3,,.9,230,55,1013.1,1021.8,.7,1.28,,8,,11.8
156,堡林,2024-12-11 13:00,8.5,,.5,320,48,1012.3,1020.9,.9,1.65,,8,,14.9
156,堡林,2024-12-11 14:00,8.7,,1,230,42,1011.5,1020.1,1,1.55,,6,,12.4
156,堡林,2024-12-11 15:00,9.4,,1.1,270,38,1011.8,1020.4,1,1.32,,4,,11.6
156,堡林,2024-12-11 16:00,9.5,,1.5,290,35,1011.8,1020.4,1,1.01,,4,,8.8
156,堡林,2024-12-11 17:00,7.8,,.8,340,42,1012.3,1020.9,1,.42,,2,,5.4
156,堡林,2024-12-11 18:00,6.5,,1.2,340,43,1013.1,1021.8,.1,.07,,0,,3.3
156,堡林,2024-12-11 19:00,5.6,,.6,340,51,1013.9,1022.6,,,,0,,2.1
156,堡林,2024-12-11 20:00,4.9,,.3,0,56,1014.7,1023.5,,,,0,,1
156,堡林,2024-12-11 21:00,4.9,,.7,290,63,1015.4,1024.2,,,,0,,.9
156,堡林,2024-12-11 22:00,3.7,,1.1,360,67,1015.5,1024.3,,,,0,,.7
156,堡林,2024-12-11 23:00,3.3,,1.8,340,67,1015.7,1024.5,,,,0,,.5
156,堡林,2024-12-12 00:00,3,,1,360,69,1016.1,1024.9,,,,0,,.3
156,堡林,2024-12-12 01:00,2.2,,1.6,360,72,1016.1,1025,,,,0,,.2
156,堡林,2024-12-12 02:00,2,,1,360,71,1016,1024.9,,,,0,,.1
156,堡林,2024-12-12 03:00,1.1,,1.7,20,72,1016.4,1025.3,,,,0,,-.1
156,堡林,2024-12-12 04:00,1.2,,1.3,360,70,1016.2,1025.1,,,,0,,-.2
156,堡林,2024-12-12 05:00,1,,.4,0,70,1016.4,1025.3,,,,0,,-.4
156,堡林,2024-12-12 06:00,.4,,.7,340,72,1016.6,1025.5,,,,0,,-.7
156,堡林,2024-12-12 07:00,.4,,.4,0,72,1017.1,1026,,,,0,,-.9
156,堡林,2024-12-12 08:00,.4,,.9,360,73,1017.1,1026,0,.08,,0,,-1
156,堡林,2024-12-12 09:00,2.4,,2,20,61,1017.8,1026.7,.9,.53,,0,,-.3
156,堡林,2024-12-12 10:00,3.9,,1.9,20,57,1017.8,1026.6,1,1.17,,0,,.2
156,堡林,2024-12-12 11:00,5.1,,2,20,54,1017.5,1026.3,1,1.66,,0,,4.3
156,堡林,2024-12-12 12:00,6.2,,2.2,360,45,1016.7,1025.4,1,1.96,,0,,10.5
156,堡林,2024-12-12 13:00,7.7,,1.4,340,32,1015.7,1024.4,1,1.96,,3,,13.3
156,堡林,2024-12-12 14:00,7.5,,1.4,230,29,1015.8,1024.5,1,1.95,,2,,10.9
156,堡林,2024-12-12 15:00,7.5,,2.5,340,34,1014.9,1023.6,1,1.48,,5,,11
156,堡林,2024-12-12 16:00,6.5,,1.2,340,35,1014.9,1023.6,.6,.78,,7,,6.8
156,堡林,2024-12-12 17:00,5.5,,1.2,290,37,1015.3,1024,.4,.33,,7,,4.1
156,堡林,2024-12-12 18:00,4.8,,1.6,250,43,1016.7,1025.5,0,.07,,6,,2
156,堡林,2024-12-12 19:00,4.4,,1.5,340,47,1016.5,1025.3,,,,7,,1.6
156,堡林,2024-12-12 20:00,3.5,,.7,340,54,1016.4,1025.2,,,,8,,.5
156,堡林,2024-12-12 21:00,2.7,,1.3,20,53,1015.9,1024.7,,,,0,,.4
156,堡林,2024-12-12 22:00,2.4,,.5,20,56,1015.4,1024.2,,,,10,,.3
156,堡林,2024-12-12 23:00,2.8,,0,0,56,1015.6,1024.4,,,,10,,.4
156,堡林,2024-12-13 00:00,2.7,,.9,340,58,1016.2,1025,,,,9,,.4
156,堡林,2024-12-13 01:00,2.4,,1.1,360,60,1016.1,1024.9,,,,10,,.5
156,堡林,2024-12-13 02:00,1.7,,.1,0,60,1016.2,1025.1,,,,10,,.6
156,堡林,2024-12-13 03:00,1.9,,1.5,20,54,1015.7,1024.6,,,,9,,.6
156,堡林,2024-12-13 04:00,1.9,,2.1,20,52,1014.9,1023.8,,,,9,,.5
156,堡林,2024-12-13 05:00,1.3,,2.4,360,54,1013.4,1022.3,,,,7,,.2
156,堡林,2024-12-13 06:00,1.4,,2,20,53,1012.8,1021.7,,,,7,,.1
156,堡林,2024-12-13 07:00,1.4,,1.6,360,54,1012.8,1021.7,,,,9,,.2
156,堡林,2024-12-13 08:00,2.4,,.6,290,49,1013.5,1022.3,0,.07,,10,,.3
156,堡林,2024-12-13 09:00,2.5,,.2,0,55,1014.8,1023.6,0,.29,,8,,1
156,堡林,2024-12-13 10:00,3.7,,.4,0,46,1013.9,1022.7,.1,.57,,7,,5
156,堡林,2024-12-13 11:00,5.3,,.9,200,43,1013.3,1022,1,1.44,,2,,10.6
156,堡林,2024-12-13 12:00,6.9,,1.2,200,41,1012.2,1020.9,1,1.78,,2,,12.6
156,堡林,2024-12-13 13:00,6.9,,1.3,180,47,1012.1,1020.8,.3,1.09,,9,,10.8
156,堡林,2024-12-13 14:00,4.2,,1.1,250,78,1011.5,1020.2,0,.29,,10,,7.4
156,堡林,2024-12-13 15:00,3.8,.7,.6,320,87,1010.9,1019.6,0,.28,,10,,6.8
156,堡林,2024-12-13 16:00,2.8,,3,360,90,1011.5,1020.3,0,.19,,10,,6.1
156,堡林,2024-12-13 17:00,2,,3.5,360,83,1013.2,1022,0,.12,,9,,4.4
156,堡林,2024-12-13 18:00,1.3,.5,3.1,360,83,1013.7,1022.6,0,.08,,0,,1.7
156,堡林,2024-12-13 19:00,.5,,.5,110,86,1014.3,1023.2,,,,0,,.8
156,堡林,2024-12-13 20:00,.5,,.6,70,79,1015.2,1024.1,,,,0,,.5
156,堡林,2024-12-13 21:00,1.9,,2.4,360,64,1015.2,1024.1,,,,0,,.2
156,堡林,2024-12-13 22:00,1.4,,1.1,360,65,1015.5,1024.4,,,,0,,.1
156,堡林,2024-12-13 23:00,1.1,,.9,230,71,1016.3,1025.2,,,,0,,0
156,堡林,2024-12-14 00:00,1,0,1.6,360,75,1016.3,1025.2,,,,10,,.1
156,堡林,2024-12-14 01:00,.3,,.5,200,87,1016.8,1025.7,,,,10,,.2
156,堡林,2024-12-14 02:00,.1,,.5,340,91,1016.9,1025.8,,,1,10,,.3
156,堡林,2024-12-14 03:00,-.5,.1,0,0,92,1017.2,1026.2,,,1,2,,.4
156,堡林,2024-12-14 04:00,-.2,,.2,0,91,1017.1,1026,,,1,3,,.4
156,堡林,2024-12-14 05:00,-.4,,.5,20,90,1017.1,1026,,,1,4,,.3
156,堡林,2024-12-14 06:00,.1,,.4,0,88,1017.2,1026.1,,,.9,7,,.4
156,堡林,2024-12-14 07:00,.2,,0,0,88,1017.9,1026.8,,,.9,9,,.5
156,堡林,2024-12-14 08:00,.5,,.2,0,85,1018.5,1027.4,0,.07,.9,8,,.7
156,堡林,2024-12-14 09:00,.8,,.2,0,81,1019.2,1028.1,.2,.28,.8,5,,1
156,堡林,2024-12-14 10:00,1.7,,.5,320,79,1019.6,1028.5,.3,.58,.5,5,,2.3
156,堡林,2024-12-14 11:00,2.1,,.5,270,80,1019.7,1028.6,.2,.71,,8,,5.5
156,堡林,2024-12-14 12:00,3.6,0,1.2,320,72,1018.7,1027.5,.7,1.55,,8,,10.8
156,堡林,2024-12-14 13:00,3.3,,1.9,290,77,1018.2,1027,.2,.98,,8,,10.2
156,堡林,2024-12-14 14:00,3.6,,.9,270,73,1017.3,1026.1,.3,1.06,,9,,8.2
156,堡林,2024-12-14 15:00,4.3,0,1.3,340,65,1016.8,1025.6,.2,.81,,7,,9.1
156,堡林,2024-12-14 16:00,3.5,,2.2,340,65,1016.4,1025.2,.4,.64,,7,,5.3
156,堡林,2024-12-14 17:00,3.2,,.8,340,68,1016.4,1025.2,.3,.3,,7,,4
156,堡林,2024-12-14 18:00,2.8,,.2,0,70,1016.5,1025.3,0,.08,,8,,3.3
156,堡林,2024-12-14 19:00,2.1,,.2,0,72,1016.6,1025.5,,,,0,,.8
156,堡林,2024-12-14 20:00,1.9,,.2,0,72,1016.9,1025.8,,,,3,,.9
156,堡林,2024-12-14 21:00,2.3,,.3,0,72,1017,1025.9,,,,9,,.9
156,堡林,2024-12-14 22:00,2.5,,1.3,230,75,1017.1,1026,,,,9,,1.2
156,堡林,2024-12-14 23:00,.8,,.1,0,88,1016.8,1025.7,,,,7,,1.1
156,堡林,2024-12-15 00:00,1.4,0,.8,180,91,1016.7,1025.6,,,,9,,2
156,堡林,2024-12-15 01:00,1.3,,.8,200,91,1016.2,1025.1,,,,9,,1.7
156,堡林,2024-12-15 02:00,1.3,,.7,180,91,1015.5,1024.4,,,,7,,1.5
156,堡林,2024-12-15 03:00,.7,0,.7,110,91,1015.1,1024,,,,0,,.9
156,堡林,2024-12-15 04:00,.8,,1.4,230,91,1015.3,1024.2,,,,9,,.8
156,堡林,2024-12-15 05:00,1,,.9,160,93,1014.7,1023.6,,,,9,,1
156,堡林,2024-12-15 06:00,.9,1.5,1.2,140,95,1014.7,1023.6,,,,4,,1
156,堡林,2024-12-15 07:00,2.2,,1.5,180,85,1014.6,1023.4,,,,9,,1.3
156,堡林,2024-12-15 08:00,2.7,,.5,200,77,1014.8,1023.6,0,.07,,8,,1.4
156,堡林,2024-12-15 09:00,3.8,,1.4,200,72,1015,1023.8,.1,.29,,8,,2.9
156,堡林,2024-12-15 10:00,4.7,,2.9,230,66,1015.6,1024.4,.1,.36,,9,,4.5
156,堡林,2024-12-15 11:00,5.3,,1.5,230,62,1015.3,1024.1,0,.37,,9,,5.9
156,堡林,2024-12-15 12:00,6.3,,2.6,230,58,1014.4,1023.1,.2,.66,,9,,7.8
156,堡林,2024-12-15 13:00,6.2,,2.7,230,58,1013.6,1022.3,0,.55,,9,,7
156,堡林,2024-12-15 14:00,6.3,,3,230,58,1013.3,1022,0,.38,,9,,6.6
156,堡林,2024-12-15 15:00,6.3,,1.1,250,58,1013.4,1022.1,0,.25,,9,,5.8
156,堡林,2024-12-15 16:00,6.8,,1.8,230,57,1013.1,1021.8,.2,.32,,9,,6
156,堡林,2024-12-15 17:00,6.4,,1,200,60,1013.3,1022,.2,.17,,7,,5
156,堡林,2024-12-15 18:00,6.4,,2,230,59,1013.3,1022,0,.07,,9,,4.7
156,堡林,2024-12-15 19:00,5.2,,.4,0,72,1013.5,1022.2,,,,7,,3.1
156,堡林,2024-12-15 20:00,4.9,,.5,290,76,1013.6,1022.4,,,,8,,2.2
156,堡林,2024-12-15 21:00,4.8,0,.7,250,72,1013.9,1022.6,,,,9,,2.4
156,堡林,2024-12-15 22:00,5.1,,1.4,250,60,1014.5,1023.3,,,,9,,3.2
156,堡林,2024-12-15 23:00,4.9,,1.1,250,60,1014.5,1023.3,,,,8,,3.1
156,堡林,2024-12-16 00:00,4.9,,.9,320,61,1014.8,1023.6,,,,10,,3.3
156,堡林,2024-12-16 01:00,4.3,,1.5,360,65,1014.4,1023.2,,,,9,,3.2
156,堡林,2024-12-16 02:00,3.7,,1.9,340,67,1014.5,1023.3,,,,0,,3
156,堡林,2024-12-16 03:00,3,,1.5,360,68,1014.5,1023.3,,,,10,,2.9
156,堡林,2024-12-16 04:00,2.2,,2.2,360,65,1014.3,1023.1,,,,8,,1.9
156,堡林,2024-12-16 05:00,1.9,,1.4,360,64,1013.8,1022.6,,,,8,,1.3
156,堡林,2024-12-16 06:00,2.3,,.4,0,65,1014.1,1022.9,,,,9,,1.9
156,堡林,2024-12-16 07:00,2.5,,.8,340,62,1014.5,1023.3,,,,7,,2
156,堡林,2024-12-16 08:00,1.7,,1.5,360,66,1014.7,1023.6,0,.07,,3,,1.4
156,堡林,2024-12-16 09:00,3.2,,.6,20,60,1015.6,1024.4,.6,.39,,8,,3.5
156,堡林,2024-12-16 10:00,4.6,,.8,140,54,1015.7,1024.5,.7,.97,,3,,5.3
156,堡林,2024-12-16 11:00,5.7,,.8,20,52,1015.7,1024.4,1,1.59,,0,,10.3
156,堡林,2024-12-16 12:00,7.1,,1.6,20,50,1014.8,1023.5,1,1.94,,5,,13.2
156,堡林,2024-12-16 13:00,7.5,,1,250,50,1013.8,1022.5,.5,1.48,,7,,14.6
156,堡林,2024-12-16 14:00,7,,.7,290,52,1013.4,1022.1,.2,.92,,9,,11
156,堡林,2024-12-16 15:00,7.3,,1.1,270,53,1013.3,1022,.3,.95,,7,,10
156,堡林,2024-12-16 16:00,7.2,,.6,290,55,1013.5,1022.2,0,.41,,8,,8.4
156,堡林,2024-12-16 17:00,6.4,,.9,340,57,1013.4,1022.1,0,.25,,7,,5.6
156,堡林,2024-12-16 18:00,6.4,,1.9,230,58,1013.6,1022.3,0,.07,,8,,5.1
156,堡林,2024-12-16 19:00,6.3,,1.7,230,59,1014,1022.7,,,,7,,4.4
156,堡林,2024-12-16 20:00,5.8,,1.6,200,63,1014.2,1022.9,,,,3,,2.5
156,堡林,2024-12-16 21:00,5,,1,180,67,1014.4,1023.2,,,,3,,1.6
156,堡林,2024-12-16 22:00,4.3,,1.3,140,71,1014.5,1023.3,,,,5,,1
156,堡林,2024-12-16 23:00,3.8,,1.6,140,73,1014.7,1023.5,,,,2,,.7
156,堡林,2024-12-17 00:00,3.8,,1.2,110,74,1015,1023.8,,,,4,,.4
156,堡林,2024-12-17 01:00,3.9,,1.5,340,74,1015,1023.8,,,,8,,1.8
156,堡林,2024-12-17 02:00,3.3,,1.2,20,78,1015.3,1024.1,,,,9,,2.2
156,堡林,2024-12-17 03:00,2.8,,.4,0,84,1015.4,1024.2,,,,6,,1.2
156,堡林,2024-12-17 04:00,2.8,,1.6,340,82,1015.6,1024.4,,,,4,,1.5
156,堡林,2024-12-17 05:00,2.9,,2.2,20,85,1015.8,1024.6,,,,8,,1.5
156,堡林,2024-12-17 06:00,2.9,,1.5,360,80,1016,1024.8,,,,9,,2.3
156,堡林,2024-12-17 07:00,1.3,,1.7,20,82,1016.6,1025.5,,,,2,,.7
156,堡林,2024-12-17 08:00,1.1,,1.3,360,80,1016.7,1025.6,0,.08,,0,,.4
156,堡林,2024-12-17 09:00,2.4,,1.1,360,68,1017.4,1026.3,.4,.35,,2,,.8
156,堡林,2024-12-17 10:00,4.6,,2.1,360,49,1017.8,1026.6,1,1.1,,0,,4
156,堡林,2024-12-17 11:00,6,,1.7,20,42,1017.7,1026.4,1,1.6,,0,,9.6
156,堡林,2024-12-17 12:00,7,,2.5,20,37,1016.8,1025.5,1,1.91,,2,,11.9
156,堡林,2024-12-17 13:00,7.3,,1.9,360,39,1016.1,1024.8,1,1.96,,3,,12.8
156,堡林,2024-12-17 14:00,8.2,,.9,320,40,1015.5,1024.1,1,1.87,,0,,11.9
156,堡林,2024-12-17 15:00,8.2,,2.5,340,41,1015.7,1024.3,1,1.59,,6,,12.1
156,堡林,2024-12-17 16:00,8.3,,1,250,42,1015.7,1024.3,.8,.85,,0,,8.1
156,堡林,2024-12-17 17:00,6.7,,1.9,340,46,1015.6,1024.3,1,.45,,0,,5
156,堡林,2024-12-17 18:00,6,,1.2,270,50,1016,1024.7,.1,.08,,3,,3.3
156,堡林,2024-12-17 19:00,5.1,,1.2,270,55,1016.8,1025.6,,,,3,,2
156,堡林,2024-12-17 20:00,4.1,,1,360,60,1017.3,1026.1,,,,0,,1.2
156,堡林,2024-12-17 21:00,2.6,,2.1,20,66,1017.2,1026,,,,0,,.4
156,堡林,2024-12-17 22:00,2.9,,1.3,360,67,1017.3,1026.1,,,,7,,1.7
156,堡林,2024-12-17 23:00,2.8,,1.8,360,69,1017.2,1026,,,,7,,1.7
156,堡林,2024-12-18 00:00,2.7,,1.6,360,68,1017,1025.8,,,,7,,2
156,堡林,2024-12-18 01:00,2.7,,.6,360,67,1016.7,1025.5,,,,9,,2.5
156,堡林,2024-12-18 02:00,2.6,,1.7,340,70,1016.8,1025.6,,,,9,,2.6
156,堡林,2024-12-18 03:00,2.1,0,1.9,360,73,1017,1025.9,,,,9,,2.4
156,堡林,2024-12-18 04:00,1.8,,3.1,360,70,1017.2,1026.1,,,,9,,2.2
156,堡林,2024-12-18 05:00,1.5,,1.9,20,72,1017.1,1026,,,,9,,2.3
156,堡林,2024-12-18 06:00,1.2,0,.9,360,73,1017.3,1026.2,,,,9,,2.2
156,堡林,2024-12-18 07:00,.5,,1.4,360,80,1017.6,1026.5,,,,9,,1.8
156,堡林,2024-12-18 08:00,.6,,2,340,79,1017.6,1026.5,,,,8,,2
156,堡林,2024-12-18 09:00,.8,0,2.1,360,73,1017.8,1026.7,,,,8,,2.6
156,堡林,2024-12-18 10:00,1.6,,1.5,20,63,1017.8,1026.7,,,,8,,5.4
156,堡林,2024-12-18 11:00,2,,2.4,340,63,1017.4,1026.3,,,,9,,6.6
156,堡林,2024-12-18 12:00,2.9,0,1.3,340,60,1016.6,1025.4,,,,3,,7.9
156,堡林,2024-12-18 13:00,2.9,,1.1,270,58,1016.1,1024.9,,,,9,,8.9
156,堡林,2024-12-18 14:00,1.9,,1.6,290,61,1016.1,1025,,,,9,,6.4
156,堡林,2024-12-18 15:00,1.3,,2.1,270,62,1016.4,1025.3,,,,9,,5.4
156,堡林,2024-12-18 16:00,1.2,,1.6,290,63,1016.9,1025.8,,,,9,,4.4
156,堡林,2024-12-18 17:00,.9,,2.2,340,65,1017.2,1026.1,,,,8,,2.8
156,堡林,2024-12-18 18:00,.6,,2.6,340,65,1017.7,1026.6,,,,8,,1.4
156,堡林,2024-12-18 19:00,.7,,2.1,340,65,1018.2,1027.1,,,,6,,.9
156,堡林,2024-12-18 20:00,.5,,1.5,340,66,1018.6,1027.5,,,,5,,-.1
156,堡林,2024-12-18 21:00,-1.1,,1.8,20,70,1018.9,1027.9,,,,1,,.1
156,堡林,2024-12-18 22:00,-.9,,2,20,68,1019.8,1028.8,,,,0,,0
156,堡林,2024-12-18 23:00,-1.1,,2.1,360,67,1020.1,1029.1,,,,0,,-.2
156,堡林,2024-12-19 00:00,-1.6,,3.4,20,64,1019.9,1028.9,,,,0,,-.7
156,堡林,2024-12-19 01:00,-2.3,,2.6,20,65,1019.9,1028.9,,,,0,,-1.1
156,堡林,2024-12-19 02:00,-2.6,,2.7,360,64,1019.6,1028.7,,,,0,,-1.5
156,堡林,2024-12-19 03:00,-2.8,,2,360,65,1020.6,1029.7,,,,0,,-2
156,堡林,2024-12-19 04:00,-3.3,,2.1,360,65,1020.7,1029.8,,,,0,,-2.4
156,堡林,2024-12-19 05:00,-3.4,,1.3,360,64,1021.2,1030.3,,,,0,,-2.9
156,堡林,2024-12-19 06:00,-3.9,,2.2,360,63,1021.2,1030.3,,,,0,,-3.2
156,堡林,2024-12-19 07:00,-4.1,,2.1,360,62,1021.9,1031,,,,0,,-3.5
156,堡林,2024-12-19 08:00,-4.3,,1.1,340,62,1022.4,1031.5,0,0,,0,,-3.6
156,堡林,2024-12-19 09:00,-2.4,,.8,360,56,1023.3,1032.4,0,.02,,0,,-2.4
156,堡林,2024-12-19 10:00,-.8,,1.1,360,50,1023.2,1032.2,1,1.14,,0,,-.4
156,堡林,2024-12-19 11:00,1.1,,1.2,360,46,1022.7,1031.7,1,1.67,,0,,1.5
156,堡林,2024-12-19 12:00,2.5,,.4,0,43,1021.7,1030.6,1,1.99,,0,,4.3
156,堡林,2024-12-19 13:00,4.4,,.7,340,39,1020.7,1029.5,1,2.09,,0,,8.4
156,堡林,2024-12-19 14:00,5.3,,.9,340,37,1019.5,1028.3,1,1.97,,0,,8
156,堡林,2024-12-19 15:00,5.7,,1.1,200,33,1019.5,1028.3,1,1.6,,0,,8.9
156,堡林,2024-12-19 16:00,5.7,,1,250,36,1019.1,1027.9,1,.91,,5,,5.1
156,堡林,2024-12-19 17:00,4.1,,.9,290,40,1019.1,1027.9,.6,.37,,5,,2.2
156,堡林,2024-12-19 18:00,2.9,,.8,250,44,1018.9,1027.8,0,.07,,6,,.7
156,堡林,2024-12-19 19:00,2.1,,.6,200,47,1019.5,1028.4,,,,9,,.2
156,堡林,2024-12-19 20:00,1.1,,0,0,52,1019.7,1028.6,,,,0,,-.1
156,堡林,2024-12-19 21:00,.5,,.1,0,56,1019.4,1028.3,,,,0,,-.4
156,堡林,2024-12-19 22:00,.4,,.8,180,58,1019.5,1028.5,,,,0,,-.8
156,堡林,2024-12-19 23:00,-.2,,.7,20,62,1019.2,1028.2,,,,4,,-1
156,堡林,2024-12-20 00:00,-.4,,.8,200,64,1019.3,1028.3,,,,9,,-1.1
156,堡林,2024-12-20 01:00,-.7,,.3,0,67,1018.6,1027.6,,,,10,,-1.1
156,堡林,2024-12-20 02:00,-.7,,.6,50,66,1018.6,1027.6,,,,10,,-1.1
156,堡林,2024-12-20 03:00,-.9,,.4,0,70,1018.9,1027.9,,,,9,,-1.1
156,堡林,2024-12-20 04:00,-1.5,,.9,200,70,1018.5,1027.5,,,,9,,-1.2
156,堡林,2024-12-20 05:00,-2,,.2,0,72,1018.1,1027.1,,,,7,,-1.8
156,堡林,2024-12-20 06:00,-1.9,,1.2,20,73,1017.4,1026.4,,,,9,,-1.9
156,堡林,2024-12-20 07:00,-1.7,,.1,0,73,1017,1026,,,,9,,-1.8
156,堡林,2024-12-20 08:00,-2.1,,.2,0,74,1017.1,1026.1,0,.07,,9,,-1.9
156,堡林,2024-12-20 09:00,-.4,,.4,0,68,1017.4,1026.4,.7,.53,,7,,-.3
156,堡林,2024-12-20 10:00,1.2,,.4,0,62,1017.1,1026,.7,.83,,7,,.2
156,堡林,2024-12-20 11:00,3.1,,1,200,54,1016.2,1025,1,1.54,,1,,2.4
156,堡林,2024-12-20 12:00,4.7,,1.1,160,51,1015.4,1024.2,.5,1.48,,9,,5.7
156,堡林,2024-12-20 13:00,4.4,,.9,230,53,1014.7,1023.5,0,.43,,10,,4.4
156,堡林,2024-12-20 14:00,5.3,,1.2,20,55,1013.7,1022.4,0,.41,,10,,6.6
156,堡林,2024-12-20 15:00,5.5,,.5,140,55,1013.5,1022.2,.4,1.14,,10,,8.4
156,堡林,2024-12-20 16:00,5.9,,.1,0,58,1013.3,1022,.2,.61,,10,,7.2
156,堡林,2024-12-20 17:00,5.7,,.3,0,60,1013.1,1021.8,.2,.21,,6,,5.4
156,堡林,2024-12-20 18:00,5.1,,.5,230,63,1013.1,1021.8,.1,.08,,3,,2.1
156,堡林,2024-12-20 19:00,5,,1.3,140,65,1012.8,1021.5,,,,9,,2.6
156,堡林,2024-12-20 20:00,3.8,,.7,110,70,1012.3,1021.1,,,,0,,.5
156,堡林,2024-12-20 21:00,3.4,,.2,0,74,1012.3,1021.1,,,,4,,.4
156,堡林,2024-12-20 22:00,2.7,,.1,0,76,1012.4,1021.2,,,,6,,.3
156,堡林,2024-12-20 23:00,2.8,,0,0,78,1012.1,1020.9,,,,9,,.4
156,堡林,2024-12-21 00:00,2.9,,.3,0,76,1011.7,1020.5,,,,10,,.8
156,堡林,2024-12-21 01:00,2.7,,.3,0,81,1011.1,1019.9,,,,10,,1.8
156,堡林,2024-12-21 02:00,2.9,,0,0,79,1010.7,1019.5,,,,10,,2.2
156,堡林,2024-12-21 03:00,2.6,0,1.1,200,82,1010.5,1019.3,,,,10,,2.5
156,堡林,2024-12-21 04:00,2.7,,.9,200,87,1010.3,1019.1,,,,10,,2.8
156,堡林,2024-12-21 05:00,2.4,,.3,0,90,1010.3,1019.1,,,,10,,3
156,堡林,2024-12-21 06:00,2.9,0,.2,0,90,1010.7,1019.5,,,,10,,2.9
156,堡林,2024-12-21 07:00,3.3,,1,160,87,1010.9,1019.7,,,,10,,2.9
156,堡林,2024-12-21 08:00,4.7,,2,250,63,1011.2,1019.9,0,.07,,8,,2.4
156,堡林,2024-12-21 09:00,2.1,.2,1.4,270,84,1012.2,1021,0,.14,,10,,2.1
156,堡林,2024-12-21 10:00,2.3,,1.1,250,87,1012.6,1021.4,.1,.4,,10,,4.5
156,堡林,2024-12-21 11:00,4.1,,1.4,180,76,1012.1,1020.8,.3,1.06,,4,,9.3
156,堡林,2024-12-21 12:00,4.9,.4,2.4,290,63,1011.5,1020.2,.5,1.25,,8,,10.4
156,堡林,2024-12-21 13:00,5.1,,1.6,290,51,1010.9,1019.6,.7,1.4,,7,,10.5
156,堡林,2024-12-21 14:00,4.4,,2.9,230,62,1010.8,1019.5,.5,1.15,,7,,9.3
156,堡林,2024-12-21 15:00,3,0,3.5,250,69,1011.3,1020.1,.6,.9,,8,,6.5
156,堡林,2024-12-21 16:00,2.6,,2.2,320,70,1012.4,1021.2,.2,.54,,9,,5.4
156,堡林,2024-12-21 17:00,2.1,,1.8,340,76,1012.8,1021.6,0,.18,,9,,3.9
156,堡林,2024-12-21 18:00,2.1,0,1.7,320,70,1013.3,1022.1,0,.06,,9,,2.6
156,堡林,2024-12-21 19:00,2.2,,2.3,290,64,1014.1,1022.9,,,,9,,2.1
156,堡林,2024-12-21 20:00,1.8,,1.7,340,68,1014.2,1023.1,,,,9,,1.9
156,堡林,2024-12-21 21:00,1.7,0,2.3,340,69,1014.1,1023,,,,10,,1.7
156,堡林,2024-12-21 22:00,1.1,,1.7,290,78,1014.6,1023.5,,,,9,,1.5
156,堡林,2024-12-21 23:00,1,,2.7,340,74,1015.3,1024.2,,,,9,,1.5
156,堡林,2024-12-22 00:00,.9,0,3,340,67,1015.1,1024,,,,9,,1.1
156,堡林,2024-12-22 01:00,.6,,3.4,340,61,1015.4,1024.3,,,,8,,.6
156,堡林,2024-12-22 02:00,-.1,,2.5,340,63,1015.8,1024.7,,,,0,,.2
156,堡林,2024-12-22 03:00,-.5,,1.6,340,61,1016.9,1025.9,,,,7,,0
156,堡林,2024-12-22 04:00,-.6,,2.1,340,61,1017.2,1026.2,,,,8,,0
156,堡林,2024-12-22 05:00,-.7,,2.3,340,60,1017.3,1026.3,,,,0,,-.4
156,堡林,2024-12-22 06:00,-.9,,1.2,320,60,1018.2,1027.2,,,,7,,-.6
156,堡林,2024-12-22 07:00,-1.4,,1,20,63,1018.8,1027.8,,,,5,,-.8
156,堡林,2024-12-22 08:00,-1.2,,.9,50,64,1019.5,1028.5,0,.08,,3,,-.7
156,堡林,2024-12-22 09:00,-.1,,1.3,340,57,1020.4,1029.4,.8,.57,,3,,-.2
156,堡林,2024-12-22 10:00,.8,,1.8,320,56,1021.3,1030.3,1,1.26,,2,,.1
156,堡林,2024-12-22 11:00,1.5,,2.3,320,56,1021.1,1030,1,1.61,,4,,1.5
156,堡林,2024-12-22 12:00,1.6,,4.1,340,53,1020.2,1029.1,.9,1.69,,5,,5.4
156,堡林,2024-12-22 13:00,2.6,,2.2,340,50,1019.6,1028.5,1,2.15,,3,,10.2
156,堡林,2024-12-22 14:00,3.3,,3,340,48,1018.8,1027.6,1,2.1,,2,,7.7
156,堡林,2024-12-22 15:00,3,,3.4,340,43,1018.4,1027.2,1,1.68,,0,,8
156,堡林,2024-12-22 16:00,2.9,,3.1,340,43,1018.8,1027.6,1,1.14,,0,,4.3
156,堡林,2024-12-22 17:00,1.8,,3.1,340,50,1018.7,1027.6,1,.49,,0,,1.1
156,堡林,2024-12-22 18:00,.9,,1.1,340,55,1019.1,1028,.2,.09,,0,,.4
156,堡林,2024-12-22 19:00,.9,,2,340,56,1019.7,1028.6,,,,0,,.1
156,堡林,2024-12-22 20:00,.7,,2.9,360,61,1019.6,1028.5,,,,0,,-.2
156,堡林,2024-12-22 21:00,-.3,,1.2,20,61,1019.7,1028.7,,,,0,,-.4
156,堡林,2024-12-22 22:00,-.4,,1,20,62,1020.1,1029.1,,,,0,,-.9
156,堡林,2024-12-22 23:00,-.5,,1.5,360,63,1019.9,1028.9,,,,9,,-1
156,堡林,2024-12-23 00:00,-1.1,,2.2,360,66,1019.7,1028.7,,,,0,,-1.5
156,堡林,2024-12-23 01:00,-1.2,,2,20,67,1019.4,1028.4,,,,0,,-1.8
156,堡林,2024-12-23 02:00,-1.1,,1,360,69,1019.8,1028.8,,,,10,,-2
156,堡林,2024-12-23 03:00,-1.8,,1.2,360,73,1020.1,1029.1,,,,0,,-2.3
156,堡林,2024-12-23 04:00,-2,,.5,230,74,1020.3,1029.3,,,,0,,-2.5
156,堡林,2024-12-23 05:00,-2.4,,1.1,340,76,1020,1029,,,,0,,-2.7
156,堡林,2024-12-23 06:00,-3,,1.2,250,79,1020,1029.1,,,,9,,-2.5
156,堡林,2024-12-23 07:00,-2.1,,.8,320,76,1019.8,1028.8,,,,0,,-2.4
156,堡林,2024-12-23 08:00,-2.3,,1.1,230,77,1020,1029,0,.08,,6,,-1.9
156,堡林,2024-12-23 09:00,-.8,,.4,0,71,1019.5,1028.5,.8,.48,,2,,-1.3
156,堡林,2024-12-23 10:00,1.7,,.9,200,63,1020,1028.9,1,1.12,,0,,-.1
156,堡林,2024-12-23 11:00,3.3,,1,230,56,1019.8,1028.6,1,1.64,,6,,2.4
156,堡林,2024-12-23 12:00,4.9,,.8,200,55,1019,1027.8,1,1.82,,8,,4.5
156,堡林,2024-12-23 13:00,7.6,,1.5,200,51,1018.3,1027,1,2.05,,8,,11.7
156,堡林,2024-12-23 14:00,8.1,,1.5,200,50,1017.7,1026.4,.9,1.75,,8,,12.6
156,堡林,2024-12-23 15:00,7.1,,1.5,320,55,1017.7,1026.4,.2,.69,,7,,7.7
156,堡林,2024-12-23 16:00,7.4,,1.7,290,53,1017.6,1026.3,.4,.64,,7,,7.1
156,堡林,2024-12-23 17:00,6.5,,.9,290,52,1017.4,1026.1,1,.43,,2,,4.1
156,堡林,2024-12-23 18:00,5.6,,.6,230,56,1017.6,1026.4,.2,.08,,2,,1.7
156,堡林,2024-12-23 19:00,5.8,,.9,230,59,1017.8,1026.6,,,,7,,2.4
156,堡林,2024-12-23 20:00,5.7,,.8,200,62,1018,1026.8,,,,10,,3.1
156,堡林,2024-12-23 21:00,4.8,0,.5,160,70,1018.2,1027,,,,9,,2.8
156,堡林,2024-12-23 22:00,4.9,,.5,110,71,1018.4,1027.2,,,,10,,3.3
156,堡林,2024-12-23 23:00,4.8,,.7,140,72,1018.7,1027.5,,,,9,,3.1
156,堡林,2024-12-24 00:00,4.2,0,.7,110,74,1018.8,1027.6,,,,5,,2.4
156,堡林,2024-12-24 01:00,3.7,,.2,0,77,1018.6,1027.4,,,,0,,.5
156,堡林,2024-12-24 02:00,2.8,,1.5,360,81,1018.6,1027.5,,,,0,,.5
156,堡林,2024-12-24 03:00,3.3,,.6,320,75,1018.8,1027.6,,,,7,,.3
156,堡林,2024-12-24 04:00,3.2,,.8,320,73,1018.9,1027.7,,,,0,,.2
156,堡林,2024-12-24 05:00,2.5,,1.7,360,72,1019,1027.9,,,,0,,0
156,堡林,2024-12-24 06:00,1.7,,1.9,360,75,1019.3,1028.2,,,,2,,-.1
156,堡林,2024-12-24 07:00,1.1,,1.7,20,73,1019.9,1028.8,,,,0,,-.4
156,堡林,2024-12-24 08:00,.7,,1.7,360,73,1020.1,1029,0,.08,,1,,-.7
156,堡林,2024-12-24 09:00,2.4,,1.3,360,64,1020.7,1029.6,.4,.35,,6,,.1
156,堡林,2024-12-24 10:00,3.5,,1.5,20,61,1021.1,1029.9,.6,.83,,7,,.3
156,堡林,2024-12-24 11:00,4.5,,1.3,360,57,1020.9,1029.7,.5,1.23,,1,,6.7
156,堡林,2024-12-24 12:00,5.8,,1.5,360,54,1020.6,1029.4,1,1.93,,0,,11.2
156,堡林,2024-12-24 13:00,6.8,,1.3,250,51,1019.9,1028.6,1,2.09,,1,,14.1
156,堡林,2024-12-24 14:00,8,,1.1,320,46,1018.6,1027.3,1,1.97,,0,,10.9
156,堡林,2024-12-24 15:00,8,,1.1,340,45,1018.2,1026.9,1,1.6,,0,,11.6
156,堡林,2024-12-24 16:00,7.4,,1.5,320,46,1018.7,1027.4,1,1.08,,0,,7.5
156,堡林,2024-12-24 17:00,5.7,,1.3,340,52,1019,1027.8,.9,.44,,0,,3.9
156,堡林,2024-12-24 18:00,4.8,,1.4,340,59,1019.4,1028.2,0,.08,,0,,1.9
156,堡林,2024-12-24 19:00,3.5,,.8,360,64,1019.4,1028.2,,,,3,,.5
156,堡林,2024-12-24 20:00,2.9,,1,20,66,1020.4,1029.3,,,,4,,.6
156,堡林,2024-12-24 21:00,2.3,,1.2,360,68,1020.2,1029.1,,,,8,,.5
156,堡林,2024-12-24 22:00,2.2,,1.2,360,68,1020.1,1029,,,,9,,.4
156,堡林,2024-12-24 23:00,1.9,,.1,0,71,1020.4,1029.3,,,,10,,.2
156,堡林,2024-12-25 00:00,1.4,,0,0,73,1020.6,1029.5,,,,6,,0
156,堡林,2024-12-25 01:00,1.5,,.3,0,74,1020.2,1029.1,,,,10,,-.2
156,堡林,2024-12-25 02:00,.8,,0,0,76,1020.5,1029.4,,,,9,,-.3
156,堡林,2024-12-25 03:00,.5,,.6,250,77,1020.5,1029.5,,,,8,,-.3
156,堡林,2024-12-25 04:00,0,,.1,0,81,1020.3,1029.3,,,,8,,-.4
156,堡林,2024-12-25 05:00,.4,,.5,20,79,1019.8,1028.8,,,,8,,-.3
156,堡林,2024-12-25 06:00,.3,,.1,0,80,1019.3,1028.3,,,,7,,-.3
156,堡林,2024-12-25 07:00,0,,.3,0,80,1019.5,1028.5,,,,8,,-.4
156,堡林,2024-12-25 08:00,-.4,,.6,230,81,1019.8,1028.8,0,.08,,5,,-.4
156,堡林,2024-12-25 09:00,.9,,0,0,78,1019.6,1028.5,.1,.35,,8,,.1
156,堡林,2024-12-25 10:00,2.8,,.3,0,73,1019.3,1028.2,1,.85,,4,,.2
156,堡林,2024-12-25 11:00,4.7,,.7,180,66,1019.6,1028.4,1,1.5,,4,,7.5
156,堡林,2024-12-25 12:00,5.1,,.7,180,64,1018.8,1027.6,.4,1.4,,10,,9.5
156,堡林,2024-12-25 13:00,6.6,,.9,160,61,1017.3,1026,0,1.04,,8,,11
156,堡林,2024-12-25 14:00,7.4,,1.1,360,59,1015.9,1024.6,.1,1.19,,9,,11.8
156,堡林,2024-12-25 15:00,7.1,,1.4,180,61,1016.2,1024.9,0,.69,,7,,10.1
156,堡林,2024-12-25 16:00,7.4,,2.4,200,60,1016.4,1025.1,.2,.6,,8,,8.9
156,堡林,2024-12-25 17:00,6.9,,1.7,230,61,1016.8,1025.5,0,.24,,9,,6.6
156,堡林,2024-12-25 18:00,6.4,,1.1,230,65,1016.9,1025.6,0,.08,,9,,4.9
156,堡林,2024-12-25 19:00,6,,.7,200,67,1017.1,1025.8,,,,5,,3.2
156,堡林,2024-12-25 20:00,5.8,,.8,200,68,1016.7,1025.4,,,,5,,2.4
156,堡林,2024-12-25 21:00,4.6,,1,140,74,1016.7,1025.5,,,,2,,.7
156,堡林,2024-12-25 22:00,3.3,,.9,90,77,1016.7,1025.5,,,,0,,.6
156,堡林,2024-12-25 23:00,3.3,,.1,0,78,1017,1025.8,,,,0,,.4
156,堡林,2024-12-26 00:00,2.7,,.1,0,82,1016.8,1025.6,,,,1,,.2
156,堡林,2024-12-26 01:00,2.8,,.8,110,80,1016.1,1024.9,,,,9,,.5
156,堡林,2024-12-26 02:00,3.1,,.9,200,81,1016.3,1025.1,,,,10,,.6
156,堡林,2024-12-26 03:00,2.7,0,0,0,88,1016.5,1025.3,,,,10,,1.7
156,堡林,2024-12-26 04:00,2.8,,0,0,89,1016.2,1025,,,,8,,1.5
156,堡林,2024-12-26 05:00,2.4,,0,0,88,1016.3,1025.1,,,,2,,.8
156,堡林,2024-12-26 06:00,2.4,,.5,200,89,1016.2,1025,,,,0,,.7
156,堡林,2024-12-26 07:00,2.2,,.5,50,91,1016,1024.9,,,,0,,.2
156,堡林,2024-12-26 08:00,1.9,,.5,160,91,1016.7,1025.6,0,.07,,1,,.1
156,堡林,2024-12-26 09:00,3.2,,.5,110,90,1016.6,1025.4,.3,.31,,0,,.2
156,堡林,2024-12-26 10:00,4.6,,.2,0,79,1017.3,1026.1,.3,.4,,8,,1.7
156,堡林,2024-12-26 11:00,6.8,,1.5,270,62,1017.7,1026.4,.4,.89,,6,,7.9
156,堡林,2024-12-26 12:00,7.4,,3.1,320,48,1017.1,1025.8,.9,1.72,,6,,10.9
156,堡林,2024-12-26 13:00,7.2,,2.6,270,53,1016.1,1024.8,.9,1.78,,6,,11.5
156,堡林,2024-12-26 14:00,7.5,,2.6,320,48,1015.5,1024.2,.9,1.94,,7,,12.2
156,堡林,2024-12-26 15:00,5.3,,2.8,320,50,1015.8,1024.6,.8,1.21,,5,,7.8
156,堡林,2024-12-26 16:00,5.2,,3.5,340,53,1016,1024.8,.7,.79,,7,,7
156,堡林,2024-12-26 17:00,3.7,,2.8,340,55,1016.3,1025.1,.5,.31,,5,,3.5
156,堡林,2024-12-26 18:00,2.7,,2.5,340,57,1016.9,1025.7,0,.07,,6,,1.7
156,堡林,2024-12-26 19:00,2.5,,1.5,340,59,1017.9,1026.8,,,,10,,1.7
156,堡林,2024-12-26 20:00,2.5,,1.7,340,60,1018,1026.9,,,,10,,1.5
156,堡林,2024-12-26 21:00,2.4,,1.8,340,60,1018.8,1027.7,,,,9,,1.4
156,堡林,2024-12-26 22:00,2.2,,2.4,290,58,1018.9,1027.8,,,,10,,.9
156,堡林,2024-12-26 23:00,2.4,,1.9,340,59,1019,1027.9,,,,10,,1.3
156,堡林,2024-12-27 00:00,2.3,,1.8,340,60,1019,1027.9,,,,9,,1.6
156,堡林,2024-12-27 01:00,2.2,,1.4,340,65,1018.7,1027.6,,,,9,,1.8
156,堡林,2024-12-27 02:00,2.6,,2,340,60,1019.1,1028,,,,9,,1.8
156,堡林,2024-12-27 03:00,2,0,1.6,340,64,1019.2,1028.1,,,,9,,1.8
156,堡林,2024-12-27 04:00,1.6,,1.3,340,67,1018.7,1027.6,,,,9,,1.6
156,堡林,2024-12-27 05:00,1.3,,1.5,340,69,1018.6,1027.5,,,,9,,1.5
156,堡林,2024-12-27 06:00,1.2,0,.5,340,70,1018.9,1027.8,,,,9,,1.4
156,堡林,2024-12-27 07:00,.6,,1.5,20,71,1019,1027.9,,,,9,,.7
156,堡林,2024-12-27 08:00,.4,,2.1,360,70,1019.5,1028.5,0,.06,,9,,1.1
156,堡林,2024-12-27 09:00,.3,0,2.9,360,68,1019.9,1028.9,0,.16,,9,,1.7
156,堡林,2024-12-27 10:00,.5,,2.1,360,64,1020.9,1029.9,0,.38,,7,,3.1
156,堡林,2024-12-27 11:00,2.1,,1.8,360,57,1020.1,1029,.4,1.1,,5,,8.6
156,堡林,2024-12-27 12:00,3.5,0,1.3,360,54,1019.3,1028.1,.9,1.81,,1,,10.9
156,堡林,2024-12-27 13:00,4.1,,1.9,340,51,1018.4,1027.2,.9,1.83,,2,,11.4
156,堡林,2024-12-27 14:00,3.9,,1.7,340,51,1017.3,1026.1,.4,1.11,,7,,9.1
156,堡林,2024-12-27 15:00,3.4,,2.3,290,56,1016.8,1025.6,.2,.79,,8,,7.4
156,堡林,2024-12-27 16:00,3.2,,1.3,250,58,1016.6,1025.4,.1,.44,,8,,6.2
156,堡林,2024-12-27 17:00,2.9,,.8,250,59,1016.5,1025.3,0,.24,,10,,4.6
156,堡林,2024-12-27 18:00,2.8,,1.4,230,62,1016.4,1025.2,0,.07,,10,,3.6
156,堡林,2024-12-27 19:00,2.3,,1.6,200,67,1016.2,1025.1,,,,2,,1.9
156,堡林,2024-12-27 20:00,2.3,,.9,200,70,1016.3,1025.2,,,,7,,1.7
156,堡林,2024-12-27 21:00,2.2,,1.3,180,70,1016.1,1025,,,,9,,1.9
156,堡林,2024-12-27 22:00,2.6,,2.6,230,67,1016.1,1024.9,,,,9,,1.6
156,堡林,2024-12-27 23:00,3.2,,4.5,230,63,1015.8,1024.6,,,,8,,1.1
156,堡林,2024-12-28 00:00,.8,.7,1.7,250,90,1015.9,1024.8,,,.8,10,,1.2
156,堡林,2024-12-28 01:00,.4,,1,230,93,1015.6,1024.5,,,1.5,10,,1.3
156,堡林,2024-12-28 02:00,.3,,.8,290,94,1015.7,1024.6,,,3.2,10,,1.4
156,堡林,2024-12-28 03:00,.4,1.6,1,250,88,1015.3,1024.2,,,3.2,8,,1.7
156,堡林,2024-12-28 04:00,-.2,,2,230,93,1015.2,1024.1,,,5.4,10,,1.7
156,堡林,2024-12-28 05:00,-.2,,.7,270,93,1015.2,1024.1,,,7.1,10,,1.6
156,堡林,2024-12-28 06:00,-.6,1.3,.1,0,93,1015.4,1024.3,,,7.6,10,,1.6
156,堡林,2024-12-28 07:00,-1.1,,.8,340,92,1016,1025,,,8.2,10,,1.6
156,堡林,2024-12-28 08:00,-1.1,,.8,340,90,1016.7,1025.7,0,.07,8.1,9,,1.6
156,堡林,2024-12-28 09:00,-1.2,.3,2,360,88,1017.4,1026.4,0,.11,8.1,9,,1.5
156,堡林,2024-12-28 10:00,-1,,1,20,83,1017.9,1026.9,.6,.31,7.9,7,,1.7
156,堡林,2024-12-28 11:00,0,,1.7,360,79,1017.8,1026.8,.8,.53,7,7,,1.8
156,堡林,2024-12-28 12:00,.5,0,1,360,75,1017.2,1026.1,.9,1.34,6,7,,2.1
156,堡林,2024-12-28 13:00,1.3,,.8,320,71,1016.5,1025.4,.9,1.94,4.2,7,,2.3
156,堡林,2024-12-28 14:00,1.1,,1.1,250,74,1015.9,1024.8,.1,.77,3.5,9,,3.2
156,堡林,2024-12-28 15:00,1.3,0,1.3,290,73,1015.7,1024.6,.1,.61,2.7,9,,4.6
156,堡林,2024-12-28 16:00,1.2,,.8,320,74,1015.9,1024.8,.6,.7,2.4,3,,3.6
156,堡林,2024-12-28 17:00,.9,,1.1,250,75,1016,1024.9,.4,.4,2.2,5,,2.4
156,堡林,2024-12-28 18:00,.6,0,.6,250,78,1016.2,1025.1,0,.08,2.2,7,,1.4
156,堡林,2024-12-28 19:00,.4,,.3,0,79,1016.6,1025.5,,,2.2,6,,.9
156,堡林,2024-12-28 20:00,.7,,.6,270,77,1016.9,1025.8,,,2.2,9,,1
156,堡林,2024-12-28 21:00,.5,,1.1,230,80,1017.2,1026.1,,,2.1,9,,1.2
156,堡林,2024-12-28 22:00,.4,,.5,180,82,1017.3,1026.2,,,2.1,9,,1.2
156,堡林,2024-12-28 23:00,.9,,.5,160,79,1017.6,1026.5,,,2.1,9,,1.4
156,堡林,2024-12-29 00:00,.9,,0,0,81,1017.6,1026.5,,,2,9,,1.5
156,堡林,2024-12-29 01:00,.6,,1.1,200,84,1017.4,1026.3,,,2,9,,1.6
156,堡林,2024-12-29 02:00,.6,,.4,0,87,1017.4,1026.3,,,2,9,,1.7
156,堡林,2024-12-29 03:00,.7,0,.3,0,87,1017.5,1026.4,,,2,9,,1.7
156,堡林,2024-12-29 04:00,.7,,.3,0,87,1017.3,1026.2,,,2,9,,1.3
156,堡林,2024-12-29 05:00,0,,.1,0,89,1017.4,1026.4,,,1.9,3,,.8
156,堡林,2024-12-29 06:00,0,,.4,0,89,1017.8,1026.8,,,1.9,4,,.5
156,堡林,2024-12-29 07:00,.3,,.9,200,89,1018.2,1027.1,,,1.9,7,,.4
156,堡林,2024-12-29 08:00,-.6,,.9,160,92,1018.8,1027.8,0,.07,1.7,2,,.1
156,堡林,2024-12-29 09:00,.8,,.2,0,89,1019.2,1028.1,.7,.56,1.5,0,,.1
156,堡林,2024-12-29 10:00,2.2,,1,160,80,1019.7,1028.6,1,1.16,1.4,0,,.3
156,堡林,2024-12-29 11:00,4.2,,.9,180,74,1019.8,1028.6,1,1.57,1,0,,7.5
156,堡林,2024-12-29 12:00,6.2,,1.2,200,67,1019.5,1028.3,1,1.94,,0,,11.6
156,堡林,2024-12-29 13:00,7.4,,2.7,200,52,1018.7,1027.4,1,2.08,,0,,13.4
156,堡林,2024-12-29 14:00,6.8,,2,250,52,1017.8,1026.5,.9,1.61,,1,,9.2
156,堡林,2024-12-29 15:00,7.7,,1.8,250,46,1017.3,1026,1,1.43,,0,,10.4
156,堡林,2024-12-29 16:00,7.4,,2.5,230,46,1017,1025.7,1,1.02,,0,,8.1
156,堡林,2024-12-29 17:00,6.8,,1.9,230,51,1017.6,1026.3,.4,.35,,9,,5.2
156,堡林,2024-12-29 18:00,6,,.9,200,54,1017.5,1026.2,0,.08,,0,,2.9
156,堡林,2024-12-29 19:00,5,,1.5,140,60,1017.5,1026.3,,,,8,,1.8
156,堡林,2024-12-29 20:00,4.3,,.5,90,65,1017.3,1026.1,,,,9,,2.4
156,堡林,2024-12-29 21:00,4,,.4,0,66,1016.9,1025.7,,,,6,,1.5
156,堡林,2024-12-29 22:00,3.4,,.5,360,72,1016.8,1025.6,,,,3,,.5
156,堡林,2024-12-29 23:00,2.8,,0,0,75,1016.7,1025.5,,,,8,,.7
156,堡林,2024-12-30 00:00,2.7,,.1,0,76,1016.4,1025.2,,,,0,,.6
156,堡林,2024-12-30 01:00,2.3,,.1,0,78,1015.9,1024.7,,,,9,,.9
156,堡林,2024-12-30 02:00,2.2,,0,0,78,1015.7,1024.5,,,,10,,1.1
156,堡林,2024-12-30 03:00,2.2,,.1,0,79,1015.7,1024.5,,,,4,,1.1
156,堡林,2024-12-30 04:00,2.1,,.5,360,80,1015.3,1024.2,,,,5,,1.2
156,堡林,2024-12-30 05:00,2,,.1,0,81,1015,1023.9,,,,9,,1.5
156,堡林,2024-12-30 06:00,1.6,,.5,20,81,1014.9,1023.8,,,,8,,.9
156,堡林,2024-12-30 07:00,1.7,,.7,90,83,1014.8,1023.7,,,,6,,.7
156,堡林,2024-12-30 08:00,1.7,,.7,200,82,1015,1023.9,0,.07,,9,,.8
156,堡林,2024-12-30 09:00,2.5,,.1,0,82,1015.1,1023.9,0,.18,,9,,2.1
156,堡林,2024-12-30 10:00,4,,.2,0,76,1014.8,1023.6,.2,.45,,9,,5
156,堡林,2024-12-30 11:00,4.9,,.1,0,73,1014.4,1023.2,.1,.57,,8,,6.5
156,堡林,2024-12-30 12:00,6.6,,.3,0,69,1013.5,1022.2,.1,.75,,9,,9.3
156,堡林,2024-12-30 13:00,8,,.2,0,67,1012.5,1021.1,.1,.81,,9,,9.6
156,堡林,2024-12-30 14:00,9.6,,.5,180,62,1011.4,1019.9,.5,1.13,,7,,11
156,堡林,2024-12-30 15:00,11.2,,2.5,230,59,1010.9,1019.4,.9,1.38,,6,,13.2
156,堡林,2024-12-30 16:00,10.7,,3.6,230,55,1010.5,1019,.8,.91,,2,,9.8
156,堡林,2024-12-30 17:00,9.8,,2.7,230,59,1010.5,1019,.7,.41,,5,,6.9
156,堡林,2024-12-30 18:00,8.9,,2.3,200,63,1010.4,1019,0,.08,,9,,5.2
156,堡林,2024-12-30 19:00,8.5,,1.1,200,67,1010.5,1019.1,,,,10,,4.9
156,堡林,2024-12-30 20:00,8.1,,.7,200,69,1010.4,1019,,,,10,,4.8
156,堡林,2024-12-30 21:00,7.6,,.6,140,71,1010.3,1018.9,,,,8,,4.9
156,堡林,2024-12-30 22:00,7.5,,.4,0,73,1010.2,1018.8,,,,9,,4.8
156,堡林,2024-12-30 23:00,7,,1,140,75,1010,1018.6,,,,6,,3.3
156,堡林,2024-12-31 00:00,6,,.9,230,79,1009.9,1018.6,,,,0,,2.1
