지점,지점명,일시,기온(°C),강수량(mm),풍속(m/s),풍향(16방위),습도(%),현지기압(hPa),해면기압(hPa),일조(hr),일사(MJ/m2),적설(cm),전운량(10분위),지면상태(지면상태코드),지면온도(°C)
192,진주,2026-01-01 01:00,-3.6,,1.3,360,25,1021.9,1025.7,,,,0,,-2.8
192,진주,2026-01-01 02:00,-4.6,,.1,0,29,1021.6,1025.4,,,,0,,-3.3
192,진주,2026-01-01 03:00,-5.5,,.4,0,34,1021.1,1024.9,,,,0,,-3.8
192,진주,2026-01-01 04:00,-6.8,,.1,0,41,1020.7,1024.5,,,,4,,-4.1
192,진주,2026-01-01 05:00,-7.9,,.3,0,48,1020.7,1024.6,,,,0,,-4.5
192,진주,2026-01-01 06:00,-7.3,,.2,0,50,1020.7,1024.5,,,,10,,-3.7
192,진주,2026-01-01 07:00,-4.5,,1.2,70,33,1020.8,1024.6,,,,9,,-3
192,진주,2026-01-01 08:00,-4.4,,.8,50,31,1021.3,1025.1,0,.01,,10,,-2.5
192,진주,2026-01-01 09:00,-3.6,,.9,70,28,1021.6,1025.4,.3,.3,,6,,-1.8
192,진주,2026-01-01 10:00,-1.5,,2.5,20,19,1021.7,1025.5,1,.97,,6,,-.2
192,진주,2026-01-01 11:00,-.5,,1.8,20,14,1021.5,1025.3,.8,1.26,,8,,.8
192,진주,2026-01-01 12:00,.3,,2.1,20,14,1020.8,1024.5,.1,.97,,9,,1.4
192,진주,2026-01-01 13:00,.8,,1.9,360,13,1020.2,1023.9,.1,1.21,,9,,2.4
192,진주,2026-01-01 14:00,.4,,2.9,20,14,1020.1,1023.8,0,1.12,,9,,2.7
192,진주,2026-01-01 15:00,.4,,3.3,360,16,1020.2,1023.9,.7,1.01,,8,,2.7
192,진주,2026-01-01 16:00,.6,,3.4,340,18,1020.3,1024,1,.98,,6,,1.6
192,진주,2026-01-01 17:00,0,,2.6,340,22,1020.4,1024.1,.6,.38,,6,,.1
192,진주,2026-01-01 18:00,-.9,,2.2,360,24,1020.7,1024.5,0,.02,,6,,-.4
192,진주,2026-01-01 19:00,-1.4,,1.5,360,26,1020.6,1024.4,,,,6,,-.9
192,진주,2026-01-01 20:00,-2.3,,.5,20,29,1020.2,1024,,,,6,,-1.3
192,진주,2026-01-01 21:00,-3.5,,.5,20,34,1020.1,1023.9,,,,0,,-2
192,진주,2026-01-01 22:00,-4.5,,.1,0,37,1020.2,1024,,,,0,,-2.5
192,진주,2026-01-01 23:00,-4.2,,1.1,20,35,1020.5,1024.3,,,,0,,-2.8
192,진주,2026-01-02 00:00,-4.2,,.8,360,38,1020.1,1023.9,,,,0,,-3
192,진주,2026-01-02 01:00,-5,,.6,70,40,1019.6,1023.4,,,,0,,-3.3
192,진주,2026-01-02 02:00,-7.3,,.3,0,51,1019.8,1023.6,,,,0,,-3.8
192,진주,2026-01-02 03:00,-7.8,,.4,0,56,1019.9,1023.8,,,,0,,-4
192,진주,2026-01-02 04:00,-7.6,,.4,0,58,1019.5,1023.3,,,,0,,-4.4
192,진주,2026-01-02 05:00,-7.7,,.3,0,59,1019.6,1023.4,,,,0,,-4.7
192,진주,2026-01-02 06:00,-5,,2.9,360,40,1019.8,1023.6,,,,0,,-4.4
192,진주,2026-01-02 07:00,-6.3,,.7,20,44,1020.1,1023.9,,,,0,,-4.6
192,진주,2026-01-02 08:00,-6.5,,1.7,20,45,1020.3,1024.1,0,.01,,0,,-4.7
192,진주,2026-01-02 09:00,-4.9,,1.2,70,43,1020.6,1024.4,.8,.38,,0,,-3
192,진주,2026-01-02 10:00,-3.3,,1.9,20,36,1021.1,1024.9,1,1.06,,0,,-.4
192,진주,2026-01-02 11:00,-2,,3.2,360,29,1021.1,1024.9,1,1.61,,0,,2
192,진주,2026-01-02 12:00,-.4,,3.4,340,24,1020.1,1023.8,1,1.99,,0,,4.5
192,진주,2026-01-02 13:00,.6,,3.1,360,21,1019.2,1022.9,1,2.11,,0,,4
192,진주,2026-01-02 14:00,1.8,,3,360,19,1018.6,1022.3,1,1.98,,0,,2.8
192,진주,2026-01-02 15:00,2.2,,3.4,360,19,1018.5,1022.2,1,1.64,,0,,2
192,진주,2026-01-02 16:00,1.8,,2.6,360,20,1018.8,1022.5,1,1.11,,0,,.4
192,진주,2026-01-02 17:00,.2,,2.4,360,25,1018.8,1022.5,.7,.4,,0,,-.2
192,진주,2026-01-02 18:00,-1.2,,1.5,340,34,1019.4,1023.2,0,.01,,0,,-.8
192,진주,2026-01-02 19:00,-1.6,,1.3,340,42,1019.8,1023.6,,,,0,,-1.3
192,진주,2026-01-02 20:00,-3.6,,.6,110,51,1020.1,1023.9,,,,0,,-1.9
192,진주,2026-01-02 21:00,-4.3,,.1,0,56,1020.3,1024.1,,,,0,,-2.5
192,진주,2026-01-02 22:00,-5.4,,0,0,62,1020.5,1024.3,,,,0,,-2.9
192,진주,2026-01-02 23:00,-6.2,,0,0,65,1021,1024.8,,,,0,,-3.3
192,진주,2026-01-03 00:00,-7.4,,.1,0,69,1021,1024.8,,,,0,,-3.7
192,진주,2026-01-03 01:00,-7.6,,.1,0,73,1021,1024.9,,,,0,,-4
192,진주,2026-01-03 02:00,-7.6,,0,0,77,1021.4,1025.3,,,,0,,-4.2
192,진주,2026-01-03 03:00,-8.4,,0,0,80,1021.6,1025.5,,,,0,,-4.6
192,진주,2026-01-03 04:00,-8.9,,.1,0,82,1021.6,1025.5,,,,0,,-4.9
192,진주,2026-01-03 05:00,-9.4,,.1,0,83,1021.4,1025.3,,,,0,,-5.2
192,진주,2026-01-03 06:00,-9.6,,.1,0,85,1021.9,1025.8,,,,0,,-5.5
192,진주,2026-01-03 07:00,-10,,.1,0,86,1022.8,1026.7,,,,0,,-5.7
192,진주,2026-01-03 08:00,-10.3,,.1,0,85,1023.4,1027.3,0,.01,,0,,-5.6
192,진주,2026-01-03 09:00,-6.5,,0,0,82,1024,1027.8,.8,.55,,0,,-3.6
192,진주,2026-01-03 10:00,-2.3,,.2,0,59,1024.7,1028.5,1,1.18,,0,,-.2
192,진주,2026-01-03 11:00,.6,,.8,290,42,1024.5,1028.2,1,1.89,,0,,3.5
192,진주,2026-01-03 12:00,2.9,,1.7,270,34,1023.5,1027.2,1,1.99,,0,,6.4
192,진주,2026-01-03 13:00,4.6,,1.4,230,31,1022.4,1026.1,1,2.05,,0,,6.3
192,진주,2026-01-03 14:00,5.8,,1.5,250,29,1021.8,1025.5,1,1.92,,0,,4.6
192,진주,2026-01-03 15:00,6.4,,1.4,200,31,1021.4,1025.1,1,1.56,,0,,4.1
192,진주,2026-01-03 16:00,6.4,,2.2,340,36,1021.4,1025.1,1,1.04,,0,,2.2
192,진주,2026-01-03 17:00,4.6,,1.7,360,41,1021.6,1025.3,.7,.39,,0,,.7
192,진주,2026-01-03 18:00,3.4,,1.3,360,46,1021.9,1025.6,0,.02,,0,,-.2
192,진주,2026-01-03 19:00,2.7,,1.2,360,49,1022.1,1025.8,,,,0,,-.5
192,진주,2026-01-03 20:00,-.7,,.2,0,61,1022.2,1026,,,,0,,-.9
192,진주,2026-01-03 21:00,-2.1,,.2,0,70,1022.5,1026.3,,,,0,,-1.4
192,진주,2026-01-03 22:00,-3,,0,0,76,1022.6,1026.4,,,,0,,-1.8
192,진주,2026-01-03 23:00,-3.8,,0,0,78,1022.6,1026.4,,,,0,,-2.1
192,진주,2026-01-04 00:00,-4.9,,.4,0,83,1022.5,1026.3,,,,0,,-2.5
192,진주,2026-01-04 01:00,-5.2,,.2,0,83,1022.2,1026,,,,0,,-2.8
192,진주,2026-01-04 02:00,-5.8,,0,0,84,1022.1,1025.9,,,,0,,-3
192,진주,2026-01-04 03:00,-6.2,,.1,0,86,1022,1025.8,,,,0,,-3.3
192,진주,2026-01-04 04:00,-6.5,,.1,0,87,1021.4,1025.2,,,,0,,-3.5
192,진주,2026-01-04 05:00,-7.4,,0,0,86,1021,1024.8,,,,0,,-3.8
192,진주,2026-01-04 06:00,-7.5,,0,0,87,1021.5,1025.4,,,,0,,-4
192,진주,2026-01-04 07:00,-7.8,,0,0,88,1021.9,1025.8,,,,0,,-4.1
192,진주,2026-01-04 08:00,-7.5,,.2,0,89,1022.1,1026,0,.01,,0,,-4
192,진주,2026-01-04 09:00,-4.8,,.2,0,85,1022.4,1026.2,.7,.44,,0,,-2.3
192,진주,2026-01-04 10:00,-.9,,.1,0,82,1022.9,1026.7,1,.98,,0,,0
192,진주,2026-01-04 11:00,2.9,,.4,0,67,1022.2,1025.9,1,1.69,,0,,3.5
192,진주,2026-01-04 12:00,6,,.9,320,49,1021,1024.7,1,1.82,,0,,6.8
192,진주,2026-01-04 13:00,7.3,,.6,320,39,1019.9,1023.5,1,1.99,,3,,7.5
192,진주,2026-01-04 14:00,8.9,,.9,320,39,1018.8,1022.4,1,1.83,,1,,6.5
192,진주,2026-01-04 15:00,8.3,,.8,290,40,1018,1021.6,1,1.12,,7,,5.8
192,진주,2026-01-04 16:00,8.8,,.5,290,41,1017.7,1021.3,1,.76,,8,,5
192,진주,2026-01-04 17:00,7.3,,1.7,360,44,1017.7,1021.3,.2,.3,,8,,3.7
192,진주,2026-01-04 18:00,4.4,,.5,110,52,1017.9,1021.6,0,.03,,8,,1.1
192,진주,2026-01-04 19:00,2.7,,0,0,61,1018.2,1021.9,,,,8,,.3
192,진주,2026-01-04 20:00,1.5,,0,0,67,1018,1021.7,,,,8,,-.2
192,진주,2026-01-04 21:00,.8,,.1,0,69,1017.8,1021.5,,,,10,,-.2
192,진주,2026-01-04 22:00,.6,,.1,0,72,1017.7,1021.4,,,,10,,-.2
192,진주,2026-01-04 23:00,-.3,,0,0,74,1017.6,1021.3,,,,7,,-.3
192,진주,2026-01-05 00:00,-.5,,.1,0,77,1017.4,1021.1,,,,8,,-.4
192,진주,2026-01-05 01:00,-1.5,,.1,0,81,1017.2,1021,,,,7,,-.7
192,진주,2026-01-05 02:00,-1,,0,0,82,1016.9,1020.6,,,,9,,-.5
192,진주,2026-01-05 03:00,-.9,,.1,0,81,1016.7,1020.4,,,,9,,-.5
192,진주,2026-01-05 04:00,-1,,.1,0,82,1016.3,1020,,,,10,,-.5
192,진주,2026-01-05 05:00,-1.7,,.2,0,83,1015.8,1019.5,,,,8,,-.7
192,진주,2026-01-05 06:00,-1.3,,0,0,85,1015.7,1019.4,,,,9,,-.7
192,진주,2026-01-05 07:00,-1.7,,.1,0,86,1016,1019.7,,,,9,,-.7
192,진주,2026-01-05 08:00,-1.9,,.2,0,87,1016.3,1020.1,0,.02,,8,,-.9
192,진주,2026-01-05 09:00,1,,.1,0,80,1016.8,1020.5,.6,.35,,8,,-.4
192,진주,2026-01-05 10:00,3.3,,.2,0,69,1017.3,1021,0,.53,,9,,.2
192,진주,2026-01-05 11:00,5.5,,.8,270,43,1017.3,1021,.1,.99,,9,,5.3
192,진주,2026-01-05 12:00,6.4,,.6,250,37,1016.4,1020,0,1.21,,8,,8.5
192,진주,2026-01-05 13:00,7.4,,2.2,340,27,1015.2,1018.8,.9,1.73,,6,,10.9
192,진주,2026-01-05 14:00,7.9,,2.6,340,25,1014.8,1018.4,.9,1.77,,7,,11.6
192,진주,2026-01-05 15:00,8.6,,2.5,360,21,1014.7,1018.3,.8,1.39,,5,,9.8
192,진주,2026-01-05 16:00,7.6,,3.2,360,21,1015.1,1018.7,1,1.2,,3,,6.4
192,진주,2026-01-05 17:00,6,,2.2,360,23,1015.8,1019.4,.7,.41,,0,,3.7
192,진주,2026-01-05 18:00,4.6,,1.6,20,29,1016.5,1020.2,0,.02,,0,,1.5
192,진주,2026-01-05 19:00,4,,3,20,32,1017.5,1021.2,,,,0,,.6
192,진주,2026-01-05 20:00,2.7,,.6,360,35,1018,1021.7,,,,0,,.2
192,진주,2026-01-05 21:00,2.1,,1,340,37,1018.6,1022.3,,,,0,,-.3
192,진주,2026-01-05 22:00,-1.1,,.1,0,45,1019,1022.8,,,,0,,-.9
192,진주,2026-01-05 23:00,-3,,.2,0,52,1019.2,1023,,,,0,,-1.5
192,진주,2026-01-06 00:00,-4.1,,.1,0,57,1019.6,1023.4,,,,0,,-2
192,진주,2026-01-06 01:00,-4.8,,0,0,61,1019.5,1023.3,,,,0,,-2.5
192,진주,2026-01-06 02:00,-5.5,,.1,0,62,1019.6,1023.4,,,,0,,-2.8
192,진주,2026-01-06 03:00,-6.6,,0,0,67,1020,1023.8,,,,0,,-3.2
192,진주,2026-01-06 04:00,-6.8,,.1,0,67,1020.1,1023.9,,,,0,,-3.5
192,진주,2026-01-06 05:00,-7.2,,.2,0,66,1019.9,1023.7,,,,0,,-3.8
192,진주,2026-01-06 06:00,-8.4,,.1,0,70,1020.2,1024.1,,,,0,,-4.1
192,진주,2026-01-06 07:00,-8.5,,.1,0,73,1020.8,1024.7,,,,0,,-4.5
192,진주,2026-01-06 08:00,-8.2,,.3,0,72,1021.2,1025.1,0,.01,,0,,-4.4
192,진주,2026-01-06 09:00,-5,,.1,0,62,1021.1,1024.9,.8,.41,,0,,-2.8
192,진주,2026-01-06 10:00,-1.3,,.4,0,49,1021.2,1025,1,1.09,,0,,0
192,진주,2026-01-06 11:00,.6,,.9,200,37,1020.8,1024.5,1,1.61,,0,,4
192,진주,2026-01-06 12:00,3.5,,1.6,270,30,1019.7,1023.4,1,1.98,,0,,7.3
192,진주,2026-01-06 13:00,5.5,,.8,270,24,1018.4,1022.1,1,2.1,,0,,7.9
192,진주,2026-01-06 14:00,7.9,,.8,270,19,1017.3,1020.9,1,2.01,,0,,7.3
192,진주,2026-01-06 15:00,9.3,,1,270,17,1016.7,1020.3,1,1.67,,0,,7
192,진주,2026-01-06 16:00,7.9,,1.1,140,17,1016.7,1020.3,1,.8,,4,,3.6
192,진주,2026-01-06 17:00,6,,.3,0,26,1016.5,1020.1,.4,.38,,6,,2.2
192,진주,2026-01-06 18:00,3.2,,.2,0,34,1016.4,1020.1,0,.02,,8,,.6
192,진주,2026-01-06 19:00,1.6,,.2,0,40,1016.8,1020.5,,,,10,,.1
192,진주,2026-01-06 20:00,.4,,.3,0,44,1016.9,1020.6,,,,8,,-.2
192,진주,2026-01-06 21:00,-.9,,0,0,51,1016.9,1020.6,,,,8,,-.5
192,진주,2026-01-06 22:00,-1.8,,.2,0,54,1017.3,1021.1,,,,6,,-.9
192,진주,2026-01-06 23:00,-2.5,,0,0,57,1017.1,1020.9,,,,8,,-1.2
192,진주,2026-01-07 00:00,-2.6,,0,0,58,1017.3,1021.1,,,,8,,-1.3
192,진주,2026-01-07 01:00,-3.5,,.2,0,60,1017.2,1021,,,,7,,-1.7
192,진주,2026-01-07 02:00,-4.1,,.1,0,63,1016.9,1020.7,,,,4,,-1.9
192,진주,2026-01-07 03:00,-4.7,,0,0,68,1016.1,1019.9,,,,0,,-2.3
192,진주,2026-01-07 04:00,-5.1,,0,0,71,1015.7,1019.5,,,,0,,-2.5
192,진주,2026-01-07 05:00,-5.7,,.1,0,75,1015.8,1019.6,,,,0,,-2.8
192,진주,2026-01-07 06:00,-5.9,,.3,0,76,1016.1,1019.9,,,,0,,-3
192,진주,2026-01-07 07:00,-6,,.5,50,74,1016.1,1019.9,,,,0,,-3
192,진주,2026-01-07 08:00,-5.4,,.2,0,74,1016.1,1019.9,0,.02,,0,,-2.8
192,진주,2026-01-07 09:00,-3.1,,.1,0,67,1016.3,1020.1,.7,.32,,0,,-1.4
192,진주,2026-01-07 10:00,.3,,.5,160,63,1016.6,1020.3,1,.86,,0,,-.2
192,진주,2026-01-07 11:00,4.6,,.4,0,54,1016.2,1019.9,1,1.31,,0,,3
192,진주,2026-01-07 12:00,7.5,,.3,0,48,1015.2,1018.8,1,1.61,,2,,6.5
192,진주,2026-01-07 13:00,9,,1.2,270,39,1014.5,1018.1,1,1.79,,4,,9.5
192,진주,2026-01-07 14:00,8.8,,2.7,340,40,1014.3,1017.9,1,1.66,,6,,9.7
192,진주,2026-01-07 15:00,8.5,,1.7,340,34,1014.5,1018.1,1,1.49,,3,,8.1
192,진주,2026-01-07 16:00,7.6,,2.6,340,29,1014.9,1018.5,1,1.09,,2,,5.6
192,진주,2026-01-07 17:00,6.3,,1.9,340,27,1015.1,1018.7,.8,.42,,0,,3.2
192,진주,2026-01-07 18:00,4.4,,1.8,360,30,1016,1019.7,0,.03,,0,,1.1
192,진주,2026-01-07 19:00,.5,,.3,0,42,1017,1020.7,,,,0,,0
192,진주,2026-01-07 20:00,-.7,,.2,0,51,1017.6,1021.3,,,,0,,-.7
192,진주,2026-01-07 21:00,-2.1,,.1,0,56,1018.1,1021.9,,,,0,,-1.3
192,진주,2026-01-07 22:00,-2.8,,.1,0,56,1018.5,1022.3,,,,0,,-1.7
192,진주,2026-01-07 23:00,-3.6,,.1,0,62,1018.8,1022.6,,,,0,,-2
192,진주,2026-01-08 00:00,-4,,.1,0,64,1018.8,1022.6,,,,0,,-2.5
192,진주,2026-01-08 01:00,-4.6,,.1,0,67,1018.9,1022.7,,,,0,,-2.8
192,진주,2026-01-08 02:00,-2.5,,.8,20,50,1019.2,1023,,,,0,,-3
192,진주,2026-01-08 03:00,-1.8,,.9,20,39,1020.1,1023.9,,,,0,,-3.2
192,진주,2026-01-08 04:00,-2,,1.6,360,38,1020.5,1024.3,,,,0,,-3.1
192,진주,2026-01-08 05:00,-2.1,,2,360,34,1020.7,1024.5,,,,0,,-3.1
192,진주,2026-01-08 06:00,-2.3,,2.4,340,32,1020.9,1024.7,,,,0,,-3.3
192,진주,2026-01-08 07:00,-3.1,,.5,20,33,1021.6,1025.4,,,,0,,-3.8
192,진주,2026-01-08 08:00,-4.9,,0,0,41,1022.2,1026,0,.01,,0,,-4.5
192,진주,2026-01-08 09:00,-2.5,,.7,110,37,1022.6,1026.4,.8,.41,,0,,-2.7
192,진주,2026-01-08 10:00,-.8,,1.2,180,28,1022.8,1026.6,1,1.12,,0,,0
192,진주,2026-01-08 11:00,1.5,,.9,230,22,1022.6,1026.3,1,1.66,,0,,4
192,진주,2026-01-08 12:00,2.4,,.8,20,21,1021.8,1025.5,1,2.02,,0,,7
192,진주,2026-01-08 13:00,3.4,,1.3,230,19,1020.8,1024.5,1,2.16,,0,,7.9
192,진주,2026-01-08 14:00,4.3,,1,270,18,1020.1,1023.8,1,2.05,,0,,8.3
192,진주,2026-01-08 15:00,4.2,,.9,230,15,1020.1,1023.8,1,1.72,,0,,5.8
192,진주,2026-01-08 16:00,4.9,,1.9,340,14,1020.3,1024,1,1.2,,0,,2.7
192,진주,2026-01-08 17:00,3.2,,1.8,360,17,1020.7,1024.4,.8,.49,,0,,.6
192,진주,2026-01-08 18:00,-.5,,.3,0,23,1021.3,1025.1,0,.01,,0,,-.5
192,진주,2026-01-08 19:00,-1.1,,.1,0,22,1022,1025.8,,,,0,,-1.3
192,진주,2026-01-08 20:00,-3.3,,0,0,32,1022.6,1026.4,,,,0,,-2.2
192,진주,2026-01-08 21:00,-4.5,,0,0,37,1023.1,1026.9,,,,0,,-2.8
192,진주,2026-01-08 22:00,-5.4,,.1,0,40,1023.3,1027.1,,,,0,,-3.3
192,진주,2026-01-08 23:00,-6.6,,0,0,46,1023.2,1027,,,,0,,-3.8
192,진주,2026-01-09 00:00,-7.2,,.1,0,52,1023.1,1027,,,,0,,-4.1
192,진주,2026-01-09 01:00,-8.3,,.1,0,57,1023,1026.9,,,,0,,-4.5
192,진주,2026-01-09 02:00,-8.9,,.1,0,62,1023.1,1027,,,,0,,-4.8
192,진주,2026-01-09 03:00,-9.2,,0,0,64,1023,1026.9,,,,0,,-5.1
192,진주,2026-01-09 04:00,-9.5,,0,0,65,1022.7,1026.6,,,,0,,-5.4
192,진주,2026-01-09 05:00,-10,,0,0,69,1022.2,1026.1,,,,0,,-5.5
192,진주,2026-01-09 06:00,-10.2,,.1,0,69,1022.2,1026.1,,,,0,,-5.7
192,진주,2026-01-09 07:00,-10.3,,.1,0,71,1022.3,1026.2,,,,0,,-5.9
192,진주,2026-01-09 08:00,-10.2,,0,0,71,1022.4,1026.3,0,.01,,0,,-5.6
192,진주,2026-01-09 09:00,-6.5,,.1,0,60,1022.2,1026,.8,.42,,0,,-3.6
192,진주,2026-01-09 10:00,-2.7,,.3,0,59,1022.3,1026.1,1,1.09,,0,,0
192,진주,2026-01-09 11:00,.8,,.7,320,41,1021.8,1025.5,1,1.64,,0,,4.4
192,진주,2026-01-09 12:00,3.4,,1,340,37,1020.6,1024.3,1,1.99,,0,,7.4
192,진주,2026-01-09 13:00,4.9,,1.3,340,35,1019,1022.7,1,2.12,,0,,8.4
192,진주,2026-01-09 14:00,6.7,,1.1,110,35,1017.6,1021.2,1,1.99,,0,,8.3
192,진주,2026-01-09 15:00,6.4,,2.3,110,42,1017,1020.6,1,1.66,,0,,5.3
192,진주,2026-01-09 16:00,6.9,,1.3,140,45,1016.6,1020.2,1,1.11,,0,,3.1
192,진주,2026-01-09 17:00,6.1,,1.1,270,46,1016,1019.6,.8,.46,,0,,1.6
192,진주,2026-01-09 18:00,5,,1.2,270,50,1016,1019.7,0,.01,,0,,-.2
192,진주,2026-01-09 19:00,3.5,,.5,90,58,1015.8,1019.5,,,,4,,-.4
192,진주,2026-01-09 20:00,0,,.4,0,71,1015.7,1019.4,,,,3,,-.7
192,진주,2026-01-09 21:00,-1.1,,.1,0,74,1015.6,1019.3,,,,4,,-.9
192,진주,2026-01-09 22:00,-1.3,,.2,0,77,1014.9,1018.6,,,,8,,-1
192,진주,2026-01-09 23:00,-.9,,.4,0,77,1014.1,1017.8,,,,2,,-1.3
192,진주,2026-01-10 00:00,-1.4,,.7,110,81,1013.5,1017.2,,,,0,,-1.5
192,진주,2026-01-10 01:00,-1.5,,.2,0,82,1012.8,1016.5,,,,0,,-1.7
192,진주,2026-01-10 02:00,-.3,,.6,50,81,1012.3,1016,,,,0,,-1.3
192,진주,2026-01-10 03:00,5.6,,2,230,69,1011.9,1015.5,,,,0,,-.7
192,진주,2026-01-10 04:00,5.5,,1.3,140,71,1011,1014.6,,,,0,,-.7
192,진주,2026-01-10 05:00,5,,.9,110,72,1010.1,1013.7,,,,0,,-.7
192,진주,2026-01-10 06:00,6,,.9,110,71,1009.4,1013,,,,0,,-.5
192,진주,2026-01-10 07:00,6.8,,1.1,140,69,1009,1012.6,,,,0,,-.5
192,진주,2026-01-10 08:00,7.8,,1.8,200,64,1008.5,1012.1,0,.01,,0,,-.4
192,진주,2026-01-10 09:00,9.1,,2.6,230,58,1008.6,1012.2,.4,.27,,0,,.2
192,진주,2026-01-10 10:00,10.6,,3.5,250,54,1008.3,1011.9,1,.8,,0,,3.4
192,진주,2026-01-10 11:00,11.8,,5.6,270,33,1008.5,1012,.9,1.26,,2,,8.7
192,진주,2026-01-10 12:00,11.6,,5.8,270,25,1008.3,1011.8,1,1.66,,0,,11.8
192,진주,2026-01-10 13:00,11.1,,6.7,270,22,1007.9,1011.4,1,1.87,,0,,12.8
192,진주,2026-01-10 14:00,10.1,,5.3,270,25,1008,1011.6,1,1.89,,0,,12.3
192,진주,2026-01-10 15:00,8.8,,5.8,270,29,1008.3,1011.9,1,1.58,,0,,8.6
192,진주,2026-01-10 16:00,7.5,,5.7,270,32,1008.9,1012.5,1,1.03,,4,,5.9
192,진주,2026-01-10 17:00,5.9,,5.2,270,39,1009.7,1013.3,.4,.35,,4,,3.7
192,진주,2026-01-10 18:00,4.3,,5.8,270,45,1011.1,1014.7,0,.03,,6,,2
192,진주,2026-01-10 19:00,3,,3.8,270,53,1011.8,1015.5,,,,7,,1.1
192,진주,2026-01-10 20:00,2.7,,4,270,51,1012.4,1016.1,,,,6,,.4
192,진주,2026-01-10 21:00,2,,3.5,250,53,1012.8,1016.5,,,,4,,-.3
192,진주,2026-01-10 22:00,1,,2.6,320,63,1014.3,1018,,,,6,,-.2
192,진주,2026-01-10 23:00,.3,,1.9,320,61,1015,1018.7,,,,6,,-.5
192,진주,2026-01-11 00:00,.4,,2.1,290,52,1015.6,1019.3,,,,5,,-.7
192,진주,2026-01-11 01:00,.4,,2.1,290,43,1016,1019.7,,,,3,,-1
192,진주,2026-01-11 02:00,-.7,,2,270,53,1016.9,1020.6,,,,0,,-1.3
192,진주,2026-01-11 03:00,-.7,,3,290,33,1017.3,1021,,,,0,,-1.7
192,진주,2026-01-11 04:00,-1,,2.9,320,36,1017.4,1021.1,,,,0,,-1.9
192,진주,2026-01-11 05:00,-2.6,,.8,20,37,1017.6,1021.4,,,,0,,-2.3
192,진주,2026-01-11 06:00,-2.5,,1.5,360,42,1018.3,1022.1,,,,4,,-2.5
192,진주,2026-01-11 07:00,-2.5,,1.7,340,38,1019,1022.8,,,,6,,-2.8
192,진주,2026-01-11 08:00,-5,,.4,0,51,1019.5,1023.3,0,.01,,7,,-3.1
192,진주,2026-01-11 09:00,-3,,.3,0,42,1019.9,1023.7,.7,.38,,0,,-1.8
192,진주,2026-01-11 10:00,-.9,,1.3,340,25,1020.5,1024.3,1,1.08,,0,,.5
192,진주,2026-01-11 11:00,.3,,2.8,340,20,1020.6,1024.3,1,1.64,,0,,3.5
192,진주,2026-01-11 12:00,.6,,2.4,360,18,1019.8,1023.5,1,2.01,,0,,6.7
192,진주,2026-01-11 13:00,1.1,,1.9,340,20,1018.9,1022.6,1,2.16,,0,,10.5
192,진주,2026-01-11 14:00,1.7,,1.8,320,19,1018.5,1022.2,1,2.05,,0,,11.3
192,진주,2026-01-11 15:00,1.8,,3,320,22,1018.8,1022.5,1,1.69,,2,,6.4
192,진주,2026-01-11 16:00,1.2,,4.4,340,24,1019.4,1023.1,1,1.22,,0,,2.7
192,진주,2026-01-11 17:00,-.2,,3.8,340,28,1019.8,1023.5,.9,.53,,0,,.2
192,진주,2026-01-11 18:00,-1.1,,2.8,360,32,1020.5,1024.3,0,.02,,0,,-.7
192,진주,2026-01-11 19:00,-1.3,,2.3,360,33,1021,1024.8,,,,0,,-1
192,진주,2026-01-11 20:00,-2.3,,.4,0,36,1021.6,1025.4,,,,0,,-1.7
192,진주,2026-01-11 21:00,-4.4,,.1,0,45,1022.2,1026,,,,0,,-2.2
192,진주,2026-01-11 22:00,-4.4,,.2,0,47,1022.3,1026.1,,,,0,,-2.7
192,진주,2026-01-11 23:00,-5.6,,.1,0,53,1022.5,1026.3,,,,0,,-3.1
192,진주,2026-01-12 00:00,-6.5,,.1,0,57,1022.1,1025.9,,,,0,,-3.5
192,진주,2026-01-12 01:00,-7.4,,.1,0,61,1021.5,1025.4,,,,0,,-3.9
192,진주,2026-01-12 02:00,-7.9,,.3,0,65,1021.8,1025.7,,,,0,,-4.2
192,진주,2026-01-12 03:00,-8.5,,.1,0,68,1022,1025.9,,,,0,,-4.5
192,진주,2026-01-12 04:00,-8.9,,.2,0,70,1022,1025.9,,,,0,,-4.7
192,진주,2026-01-12 05:00,-9.3,,.2,0,72,1021.6,1025.5,,,,0,,-5
192,진주,2026-01-12 06:00,-9.5,,.1,0,73,1021.5,1025.4,,,,0,,-5.2
192,진주,2026-01-12 07:00,-10,,0,0,77,1021.6,1025.5,,,,0,,-5.5
192,진주,2026-01-12 08:00,-9.9,,.3,0,77,1021.4,1025.3,0,.01,,0,,-5.1
192,진주,2026-01-12 09:00,-6.8,,.2,0,71,1020.7,1024.5,.8,.48,,0,,-3
192,진주,2026-01-12 10:00,-3.6,,.2,0,57,1020.8,1024.6,1,1.14,,0,,.4
192,진주,2026-01-12 11:00,-1.2,,1,290,50,1020.2,1024,1,1.58,,0,,3.6
192,진주,2026-01-12 12:00,1.7,,.8,360,43,1018.5,1022.2,1,1.93,,0,,7.1
192,진주,2026-01-12 13:00,4.5,,2.7,270,44,1017,1020.7,1,2.05,,1,,8.9
192,진주,2026-01-12 14:00,5.2,,3,250,42,1015.8,1019.5,1,1.95,,1,,9.8
192,진주,2026-01-12 15:00,5.5,,2.4,270,43,1015,1018.6,1,1.48,,4,,6.3
192,진주,2026-01-12 16:00,5.3,,3,270,46,1014.2,1017.8,1,1.01,,4,,3.9
192,진주,2026-01-12 17:00,4.5,,1.4,270,51,1013.5,1017.2,.5,.28,,4,,1.6
192,진주,2026-01-12 18:00,2,,.2,0,62,1012.6,1016.3,0,.02,,2,,-.5
192,진주,2026-01-12 19:00,.7,,.6,270,68,1012,1015.7,,,,0,,-.7
192,진주,2026-01-12 20:00,2,,.6,140,64,1011.9,1015.6,,,,6,,-.5
192,진주,2026-01-12 21:00,2.1,,.7,140,69,1011,1014.7,,,,9,,-.5
192,진주,2026-01-12 22:00,2,,.5,110,71,1010.6,1014.3,,,,9,,-.4
192,진주,2026-01-12 23:00,2.4,,.9,50,68,1010,1013.7,,,,8,,-.3
192,진주,2026-01-13 00:00,3.1,,1.5,110,76,1008.6,1012.3,,,,10,,0
192,진주,2026-01-13 01:00,5.5,,1.8,250,73,1007.8,1011.4,,,,9,,1.4
192,진주,2026-01-13 02:00,4.4,,.9,290,74,1007.8,1011.4,,,,8,,1.2
192,진주,2026-01-13 03:00,7.2,0,3.2,250,67,1007.7,1011.3,,,,3,,.6
192,진주,2026-01-13 04:00,7.4,,2.4,250,57,1007.5,1011.1,,,,0,,.4
192,진주,2026-01-13 05:00,2.2,,1.6,70,69,1008,1011.7,,,,0,,-.5
192,진주,2026-01-13 06:00,-1,,.2,0,82,1009.1,1012.8,,,,0,,-.9
192,진주,2026-01-13 07:00,-2.4,,0,0,87,1010,1013.7,,,,0,,-1.3
192,진주,2026-01-13 08:00,-2.8,,.2,0,88,1010.9,1014.6,0,.01,,0,,-1.4
192,진주,2026-01-13 09:00,-.1,,.4,0,81,1011.4,1015.1,.8,.53,,0,,-.5
192,진주,2026-01-13 10:00,5.6,,.3,0,62,1012,1015.6,1,1.13,,0,,2.6
192,진주,2026-01-13 11:00,8.5,,.6,340,33,1012.5,1016.1,1,1.56,,0,,9.7
192,진주,2026-01-13 12:00,9.3,,1.5,320,29,1012.2,1015.8,1,1.9,,0,,13.6
192,진주,2026-01-13 13:00,8.6,,3.3,340,26,1011.5,1015.1,1,2.06,,0,,14.6
192,진주,2026-01-13 14:00,8,,4.3,340,26,1012,1015.6,1,1.98,,0,,13.8
192,진주,2026-01-13 15:00,7.4,,4.2,320,27,1012.5,1016.1,1,1.69,,0,,9.6
192,진주,2026-01-13 16:00,6.9,,3.7,320,27,1012.9,1016.5,1,1.18,,0,,6.4
192,진주,2026-01-13 17:00,5.6,,4.6,340,26,1013.7,1017.3,.9,.53,,0,,3.9
192,진주,2026-01-13 18:00,4.8,,4.2,340,26,1014.6,1018.3,0,.03,,0,,2
192,진주,2026-01-13 19:00,3.9,,2.6,340,28,1015.1,1018.8,,,,0,,.6
192,진주,2026-01-13 20:00,2,,1.2,20,30,1015.9,1019.6,,,,0,,-.8
192,진주,2026-01-13 21:00,.6,,.7,50,36,1016.7,1020.4,,,,0,,-.7
192,진주,2026-01-13 22:00,-.3,,1,50,41,1017.4,1021.1,,,,0,,-1.2
192,진주,2026-01-13 23:00,-1.4,,.9,360,46,1018.1,1021.9,,,,0,,-1.5
192,진주,2026-01-14 00:00,-3.3,,.1,0,53,1018.1,1021.9,,,,0,,-2
192,진주,2026-01-14 01:00,-4.1,,0,0,57,1018.6,1022.4,,,,0,,-2.5
192,진주,2026-01-14 02:00,-5,,.2,0,62,1019.2,1023,,,,0,,-2.8
192,진주,2026-01-14 03:00,-5.5,,.1,0,65,1019.7,1023.5,,,,0,,-3.1
192,진주,2026-01-14 04:00,-6.6,,.1,0,68,1019.9,1023.7,,,,0,,-3.3
192,진주,2026-01-14 05:00,-5.9,,.1,0,70,1020.3,1024.1,,,,9,,-3
192,진주,2026-01-14 06:00,-6.5,,.1,0,68,1020.7,1024.5,,,,0,,-3.6
192,진주,2026-01-14 07:00,-7.5,,.2,0,70,1021.1,1025,,,,0,,-4
192,진주,2026-01-14 08:00,-7.1,,0,0,70,1021.4,1025.2,0,.01,,0,,-3.8
192,진주,2026-01-14 09:00,-4.4,,0,0,58,1022,1025.8,.8,.37,,0,,-1.8
192,진주,2026-01-14 10:00,-1.1,,.4,0,51,1022.1,1025.9,1,.98,,0,,.8
192,진주,2026-01-14 11:00,1.2,,1.1,70,34,1022.2,1025.9,1,1.49,,0,,4
192,진주,2026-01-14 12:00,3,,.7,20,30,1021.1,1024.8,1,1.85,,0,,7.6
192,진주,2026-01-14 13:00,5,,.7,360,29,1019.9,1023.6,1,1.97,,0,,11.2
192,진주,2026-01-14 14:00,6.4,,1,70,26,1019.2,1022.8,1,1.84,,0,,12.5
192,진주,2026-01-14 15:00,7.5,,1.5,90,29,1018.5,1022.1,1,1.51,,0,,9.1
192,진주,2026-01-14 16:00,7.8,,1,250,30,1018.3,1021.9,1,.97,,2,,6.5
192,진주,2026-01-14 17:00,6.6,,.6,290,37,1018.1,1021.7,.9,.41,,0,,3.9
192,진주,2026-01-14 18:00,3.9,,.4,0,48,1018.2,1021.9,0,.03,,0,,1
192,진주,2026-01-14 19:00,5.3,,.5,320,52,1018.2,1021.9,,,,9,,2.5
192,진주,2026-01-14 20:00,4.4,,.5,20,56,1018,1021.7,,,,6,,2.6
192,진주,2026-01-14 21:00,4.1,,.2,0,53,1017.6,1021.3,,,,8,,2.9
192,진주,2026-01-14 22:00,2.9,,.2,0,57,1017.3,1021,,,,10,,2
192,진주,2026-01-14 23:00,1.4,,.3,0,62,1016.8,1020.5,,,,9,,.6
192,진주,2026-01-15 00:00,.8,,0,0,64,1016,1019.7,,,,8,,-.2
192,진주,2026-01-15 01:00,.6,,0,0,66,1015.2,1018.9,,,,10,,0
192,진주,2026-01-15 02:00,1.2,,.3,0,67,1015,1018.7,,,,7,,1.1
192,진주,2026-01-15 03:00,1.5,,.3,0,68,1014.2,1017.9,,,,7,,1.3
192,진주,2026-01-15 04:00,2.1,,0,0,68,1013.5,1017.2,,,,10,,2
192,진주,2026-01-15 05:00,2.8,,0,0,66,1013.2,1016.9,,,,8,,2.4
192,진주,2026-01-15 06:00,3,0,.3,0,68,1012.8,1016.5,,,,10,,2.2
192,진주,2026-01-15 07:00,2,,.2,0,75,1012.6,1016.3,,,,6,,.8
192,진주,2026-01-15 08:00,1.2,,.2,0,77,1012.5,1016.2,0,.01,,5,,.6
192,진주,2026-01-15 09:00,3,,.2,0,77,1012.3,1016,.2,.23,,0,,2.1
192,진주,2026-01-15 10:00,6.5,,.4,0,76,1012.2,1015.8,.8,.73,,7,,6
192,진주,2026-01-15 11:00,14.1,,2.7,110,65,1011.5,1015,1,1.25,,0,,12.8
192,진주,2026-01-15 12:00,16,,2.5,230,55,1010.5,1014,1,1.61,,0,,16.7
192,진주,2026-01-15 13:00,17.2,,2.4,290,49,1008.9,1012.4,1,1.81,,0,,19.3
192,진주,2026-01-15 14:00,18,,2.7,250,46,1008.3,1011.8,1,1.76,,0,,19.7
192,진주,2026-01-15 15:00,18.2,,2.5,250,44,1008.1,1011.5,1,1.46,,0,,16.5
192,진주,2026-01-15 16:00,18.1,,2.4,250,42,1008.1,1011.6,1,.99,,0,,13.5
192,진주,2026-01-15 17:00,16.7,,2.5,270,35,1009,1012.5,.9,.46,,0,,10.5
192,진주,2026-01-15 18:00,15.1,,2.1,270,34,1009.8,1013.3,0,.03,,0,,7.7
192,진주,2026-01-15 19:00,14,,2.3,250,31,1010.5,1014,,,,0,,6
192,진주,2026-01-15 20:00,8.5,,.3,0,49,1011.9,1015.5,,,,0,,3.9
192,진주,2026-01-15 21:00,5.8,,0,0,58,1012.6,1016.2,,,,0,,2.4
192,진주,2026-01-15 22:00,6.4,,.4,0,44,1013,1016.6,,,,0,,1.2
192,진주,2026-01-15 23:00,3.5,,.1,0,53,1013.7,1017.4,,,,0,,0
192,진주,2026-01-16 00:00,1.3,,.1,0,65,1014.4,1018.1,,,,0,,-.7
192,진주,2026-01-16 01:00,.2,,.4,0,72,1014.3,1018,,,,0,,-.9
192,진주,2026-01-16 02:00,-.9,,.2,0,74,1015,1018.7,,,,0,,-1.2
192,진주,2026-01-16 03:00,-1.9,,.2,0,76,1015.3,1019,,,,0,,-1.3
192,진주,2026-01-16 04:00,-2.5,,.2,0,78,1015.6,1019.4,,,,0,,-1.7
192,진주,2026-01-16 05:00,-2.8,,0,0,80,1015.5,1019.3,,,,0,,-1.9
192,진주,2026-01-16 06:00,-3.3,,0,0,83,1015.7,1019.5,,,,0,,-2.1
192,진주,2026-01-16 07:00,-3.5,,0,0,83,1016,1019.8,,,,0,,-2.3
192,진주,2026-01-16 08:00,-3.5,,0,0,84,1016.6,1020.4,0,.02,,0,,-2.3
192,진주,2026-01-16 09:00,-.7,,0,0,78,1016.7,1020.4,.8,.52,,0,,-.7
192,진주,2026-01-16 10:00,4,,.3,0,60,1016.6,1020.3,1,1.13,,0,,2.6
192,진주,2026-01-16 11:00,7.8,,.3,0,47,1015.7,1019.3,1,1.61,,0,,9.9
192,진주,2026-01-16 12:00,11.4,,.3,0,34,1015.1,1018.7,1,1.97,,0,,15.6
192,진주,2026-01-16 13:00,15,,.9,180,23,1013.8,1017.3,1,2.13,,0,,19.2
192,진주,2026-01-16 14:00,16.2,,1.3,180,17,1013.2,1016.7,1,2.04,,0,,20
192,진주,2026-01-16 15:00,16.5,,1.9,160,18,1013,1016.5,1,1.73,,0,,15.1
192,진주,2026-01-16 16:00,15.6,,1.8,230,19,1013.1,1016.6,1,1.23,,0,,11.5
192,진주,2026-01-16 17:00,13.7,,.9,110,25,1013,1016.5,.9,.55,,0,,8.1
192,진주,2026-01-16 18:00,9,,.2,0,37,1013.4,1017,0,.04,,0,,4.6
192,진주,2026-01-16 19:00,5.3,,.1,0,47,1013.7,1017.3,,,,0,,2.2
192,진주,2026-01-16 20:00,4,,.1,0,54,1013.6,1017.3,,,,0,,1
192,진주,2026-01-16 21:00,2.1,,.2,0,67,1013.7,1017.4,,,,0,,0
192,진주,2026-01-16 22:00,1.4,,0,0,70,1013.9,1017.6,,,,0,,-.7
192,진주,2026-01-16 23:00,.1,,.4,0,71,1014.1,1017.8,,,,0,,-.9
192,진주,2026-01-17 00:00,-1.3,,0,0,73,1014,1017.7,,,,0,,-1.3
192,진주,2026-01-17 01:00,-1.9,,.1,0,75,1014.2,1017.9,,,,0,,-1.4
192,진주,2026-01-17 02:00,-2.3,,.1,0,78,1014.6,1018.4,,,,0,,-1.7
192,진주,2026-01-17 03:00,-2.9,,.1,0,80,1014.7,1018.5,,,,0,,-1.9
192,진주,2026-01-17 04:00,-3.3,,0,0,82,1014.4,1018.2,,,,0,,-2.3
192,진주,2026-01-17 05:00,-4.1,,.1,0,81,1014.6,1018.4,,,,0,,-2.3
192,진주,2026-01-17 06:00,-4,,0,0,83,1014.8,1018.6,,,,0,,-2.5
192,진주,2026-01-17 07:00,-4.2,,0,0,84,1015,1018.8,,,,0,,-2.5
192,진주,2026-01-17 08:00,-3.8,,0,0,85,1015.6,1019.4,0,.01,,0,,-2.5
192,진주,2026-01-17 09:00,-1.5,,0,0,81,1016.2,1019.9,.7,.41,,0,,-.7
192,진주,2026-01-17 10:00,3.1,,.1,0,64,1016.9,1020.6,1,1.03,,0,,2
192,진주,2026-01-17 11:00,7.3,,.2,0,52,1016.8,1020.4,1,1.48,,0,,8.2
192,진주,2026-01-17 12:00,10.3,,1.4,180,46,1016.1,1019.7,1,1.86,,0,,14
192,진주,2026-01-17 13:00,12.2,,1.4,160,41,1015.1,1018.7,1,2.01,,0,,16.8
192,진주,2026-01-17 14:00,12.8,,1.5,160,36,1014.4,1017.9,1,1.93,,0,,17.7
192,진주,2026-01-17 15:00,13.9,,1.4,200,34,1014.3,1017.8,1,1.63,,0,,14
192,진주,2026-01-17 16:00,14.1,,.6,140,32,1014.4,1017.9,1,1.11,,0,,10.8
192,진주,2026-01-17 17:00,11.1,,.7,140,41,1014.8,1018.4,1,.5,,0,,7.5
192,진주,2026-01-17 18:00,9.4,,.7,180,46,1015.4,1019,0,.04,,0,,4.1
192,진주,2026-01-17 19:00,5.1,,.3,0,58,1016.3,1020,,,,0,,2
192,진주,2026-01-17 20:00,3.3,,0,0,67,1016.7,1020.4,,,,0,,.6
192,진주,2026-01-17 21:00,1.9,,0,0,72,1017,1020.7,,,,0,,-.3
192,진주,2026-01-17 22:00,.4,,.1,0,77,1017.3,1021,,,,0,,-.7
192,진주,2026-01-17 23:00,-.9,,.1,0,80,1017.4,1021.1,,,,0,,-.9
192,진주,2026-01-18 00:00,-1.2,,0,0,83,1017.3,1021,,,,0,,-1.3
192,진주,2026-01-18 01:00,-1.7,,0,0,84,1017.5,1021.3,,,,0,,-1.3
192,진주,2026-01-18 02:00,-2.1,,0,0,85,1018,1021.8,,,,0,,-1.6
192,진주,2026-01-18 03:00,-2.8,,0,0,86,1018.3,1022.1,,,,0,,-1.8
192,진주,2026-01-18 04:00,-2.8,,.1,0,87,1017.8,1021.6,,,,0,,-1.8
192,진주,2026-01-18 05:00,-2.9,,.1,0,87,1017.9,1021.7,,,,0,,-1.9
192,진주,2026-01-18 06:00,-3.3,,0,0,88,1017.9,1021.7,,,,0,,-2.3
192,진주,2026-01-18 07:00,-3.3,,0,0,88,1018.4,1022.2,,,,0,,-2.1
192,진주,2026-01-18 08:00,-3.1,,.1,0,87,1019,1022.8,0,.02,,0,,-1.9
192,진주,2026-01-18 09:00,-1,,0,0,82,1019.3,1023.1,.7,.44,,0,,-.5
192,진주,2026-01-18 10:00,2.9,,.1,0,69,1019.5,1023.2,1,1.14,,0,,2.2
192,진주,2026-01-18 11:00,5.9,,.7,200,54,1018.7,1022.4,1,1.46,,0,,8.8
192,진주,2026-01-18 12:00,9.1,,1,290,48,1017.3,1020.9,1,1.82,,0,,14.2
192,진주,2026-01-18 13:00,11.7,,1,320,46,1015.9,1019.5,1,1.96,,0,,17.3
192,진주,2026-01-18 14:00,13.6,,1.3,290,49,1015,1018.5,1,1.87,,0,,18.2
192,진주,2026-01-18 15:00,13.9,,1.3,200,50,1014.9,1018.4,1,1.51,,0,,14.6
192,진주,2026-01-18 16:00,13.5,,1.2,270,51,1014.8,1018.3,1,1.01,,0,,11.8
192,진주,2026-01-18 17:00,12.5,,.7,250,54,1015,1018.5,1,.44,,0,,8.8
192,진주,2026-01-18 18:00,9.7,,.2,0,64,1014.5,1018.1,0,.05,,0,,5.6
192,진주,2026-01-18 19:00,6.6,,.1,0,76,1015.3,1018.9,,,,0,,3.6
192,진주,2026-01-18 20:00,4.9,,.2,0,82,1016.5,1020.2,,,,0,,2.4
192,진주,2026-01-18 21:00,3.6,,.1,0,86,1016.6,1020.3,,,,0,,1.6
192,진주,2026-01-18 22:00,2.7,,.1,0,89,1017.1,1020.8,,,,0,,1
192,진주,2026-01-18 23:00,1.8,,0,0,92,1017.1,1020.8,,,,0,,.5
192,진주,2026-01-19 00:00,1.2,,0,0,91,1017.1,1020.8,,,,0,,.2
192,진주,2026-01-19 01:00,.8,,.2,0,92,1016.7,1020.4,,,,0,,-.2
192,진주,2026-01-19 02:00,.9,,.1,0,94,1016.7,1020.4,,,,6,,0
192,진주,2026-01-19 03:00,.1,,.2,0,93,1016.3,1020,,,,2,,-.4
192,진주,2026-01-19 04:00,.2,,.5,90,94,1016,1019.7,,,,7,,.1
192,진주,2026-01-19 05:00,-.3,,0,0,93,1015.2,1018.9,,,,3,,-.5
192,진주,2026-01-19 06:00,-.5,,.4,0,94,1015.7,1019.4,,,,6,,-.5
192,진주,2026-01-19 07:00,.2,,.1,0,94,1015.8,1019.5,,,,9,,-.3
192,진주,2026-01-19 08:00,1.2,,0,0,94,1016.2,1019.9,0,0,,10,,1.4
192,진주,2026-01-19 09:00,2.9,,.1,0,94,1016.3,1020,0,.08,,9,,3
192,진주,2026-01-19 10:00,4.1,,0,0,90,1016.8,1020.5,0,.22,,9,,4.9
192,진주,2026-01-19 11:00,6.9,,.9,110,74,1016.6,1020.2,0,.73,,8,,8.9
192,진주,2026-01-19 12:00,8,,.5,200,58,1015.4,1019,.3,1.11,,9,,10.3
192,진주,2026-01-19 13:00,8.5,,1,320,51,1014.5,1018.1,0,.75,,9,,11.3
192,진주,2026-01-19 14:00,8.1,,1.8,340,51,1014.4,1018,.1,.55,,10,,9.8
192,진주,2026-01-19 15:00,6.5,,2.3,360,51,1014.5,1018.1,0,.54,,10,,9.1
192,진주,2026-01-19 16:00,5.6,,2.6,360,44,1015.1,1018.7,0,.49,,10,,7.9
192,진주,2026-01-19 17:00,4.8,,.3,0,42,1015.7,1019.4,0,.12,,10,,5.8
192,진주,2026-01-19 18:00,3.9,,1.8,340,37,1016.3,1020,0,.03,,10,,4.1
192,진주,2026-01-19 19:00,2.9,,1.2,360,41,1017.2,1020.9,,,,9,,2.9
192,진주,2026-01-19 20:00,2.2,,.5,50,37,1017.6,1021.3,,,,9,,1.9
192,진주,2026-01-19 21:00,2,,1.9,360,31,1017.5,1021.2,,,,10,,2
192,진주,2026-01-19 22:00,1.2,,1.3,360,31,1018.1,1021.8,,,,10,,1.7
192,진주,2026-01-19 23:00,.6,,2.8,20,30,1018.2,1021.9,,,,10,,1.3
192,진주,2026-01-20 00:00,.3,,1.7,20,28,1018.8,1022.5,,,,10,,1.1
192,진주,2026-01-20 01:00,-.7,,2.7,20,29,1019.4,1023.1,,,,10,,.6
192,진주,2026-01-20 02:00,-1,,2.4,20,27,1020,1023.8,,,,10,,.3
192,진주,2026-01-20 03:00,-1.3,,1.7,360,26,1020.2,1024,,,,10,,.1
192,진주,2026-01-20 04:00,-1.1,,1.4,20,24,1020.2,1024,,,,10,,0
192,진주,2026-01-20 05:00,-.9,,2,360,20,1020.2,1024,,,,10,,-.3
192,진주,2026-01-20 06:00,-.9,,1.9,20,18,1020.4,1024.2,,,,10,,-.3
192,진주,2026-01-20 07:00,-1.5,,1.2,70,24,1020.9,1024.7,,,,10,,-.5
192,진주,2026-01-20 08:00,-2,,1.3,70,24,1021.3,1025.1,0,.01,,9,,-.7
192,진주,2026-01-20 09:00,-1.3,,.6,20,24,1021.6,1025.4,0,.29,,9,,1
192,진주,2026-01-20 10:00,0,,1.9,360,18,1021.9,1025.6,.5,.74,,9,,4.1
192,진주,2026-01-20 11:00,2.1,,1.1,50,16,1021.6,1025.3,1,1.52,,6,,9.2
192,진주,2026-01-20 12:00,3.9,,1.9,70,12,1020.8,1024.5,1,2.14,,5,,14
192,진주,2026-01-20 13:00,4.9,,2.8,70,11,1019.4,1023.1,1,2.11,,6,,14.6
192,진주,2026-01-20 14:00,5,,2.3,20,9,1018.8,1022.5,1,2.09,,5,,15.3
192,진주,2026-01-20 15:00,5.6,,2.3,70,9,1018.3,1022,1,1.84,,0,,10.2
192,진주,2026-01-20 16:00,5.5,,1.3,20,11,1018.5,1022.2,1,1.34,,1,,7.1
192,진주,2026-01-20 17:00,4.9,,1.4,340,10,1018.4,1022.1,1,.65,,0,,3.7
192,진주,2026-01-20 18:00,2.6,,.7,360,14,1018.9,1022.6,0,.04,,0,,.1
192,진주,2026-01-20 19:00,.1,,.9,50,19,1019.5,1023.2,,,,0,,-1.3
192,진주,2026-01-20 20:00,-1.8,,.5,20,25,1020,1023.8,,,,0,,-2
192,진주,2026-01-20 21:00,-2.9,,.2,0,30,1020.3,1024.1,,,,0,,-2.5
192,진주,2026-01-20 22:00,-4.1,,0,0,34,1020.3,1024.1,,,,0,,-3.1
192,진주,2026-01-20 23:00,-4.7,,.1,0,38,1020.5,1024.3,,,,2,,-3.5
192,진주,2026-01-21 00:00,-4.1,,.9,20,35,1020.6,1024.4,,,,7,,-3.5
192,진주,2026-01-21 01:00,-5.5,,.1,0,40,1020.4,1024.2,,,,6,,-4.1
192,진주,2026-01-21 02:00,-5,,.8,20,36,1020.9,1024.7,,,,8,,-4
192,진주,2026-01-21 03:00,-4,,.6,360,25,1021.4,1025.2,,,,9,,-4.2
192,진주,2026-01-21 04:00,-3.5,,2.5,340,21,1021.6,1025.4,,,,9,,-3.4
192,진주,2026-01-21 05:00,-4.1,,2.5,360,28,1021.4,1025.2,,,,10,,-3.2
192,진주,2026-01-21 06:00,-4.6,,1.3,340,30,1021.2,1025,,,,0,,-4.5
192,진주,2026-01-21 07:00,-5.2,,2.1,340,32,1021.2,1025,,,,0,,-4.7
192,진주,2026-01-21 08:00,-5.5,,1,360,40,1021.1,1024.9,0,.01,,0,,-5
192,진주,2026-01-21 09:00,-3.9,,.9,20,40,1021.4,1025.2,.9,.47,,0,,-2.3
192,진주,2026-01-21 10:00,-2.2,,1.2,360,38,1021.3,1025.1,1,1.16,,0,,1.4
192,진주,2026-01-21 11:00,-1.1,,2.7,20,30,1021.1,1024.9,1,1.75,,0,,4.6
192,진주,2026-01-21 12:00,-.5,,3.6,360,25,1020.5,1024.2,1,2.14,,0,,7.6
192,진주,2026-01-21 13:00,1.2,,2,360,20,1019.7,1023.4,1,2.3,,0,,11.8
192,진주,2026-01-21 14:00,.8,,3.8,340,20,1019.6,1023.3,1,2.24,,0,,11.8
192,진주,2026-01-21 15:00,1,,4.5,340,18,1019.4,1023.1,1,1.92,,0,,7.3
192,진주,2026-01-21 16:00,.3,,3.9,340,22,1020.4,1024.1,1,1.38,,0,,3
192,진주,2026-01-21 17:00,-.5,,2,360,22,1020.4,1024.1,1,.69,,0,,0
192,진주,2026-01-21 18:00,-2,,1.4,340,28,1021.2,1025,0,.05,,0,,-1.8
192,진주,2026-01-21 19:00,-3,,1.5,360,30,1022.1,1025.9,,,,0,,-2.5
192,진주,2026-01-21 20:00,-3.7,,1.2,360,30,1022.6,1026.4,,,,0,,-3
192,진주,2026-01-21 21:00,-4.6,,1.2,50,32,1022.8,1026.6,,,,0,,-3.6
192,진주,2026-01-21 22:00,-4.9,,1.3,20,31,1023.2,1027,,,,0,,-4
192,진주,2026-01-21 23:00,-6.5,,1.2,110,39,1023.1,1026.9,,,,0,,-4.9
192,진주,2026-01-22 00:00,-6,,1.1,50,33,1022.6,1026.4,,,,0,,-4.9
192,진주,2026-01-22 01:00,-6.8,,.5,140,39,1022.8,1026.6,,,,0,,-5.3
192,진주,2026-01-22 02:00,-6.2,,1.3,70,40,1023.1,1026.9,,,,0,,-5.2
192,진주,2026-01-22 03:00,-6.6,,1.5,50,41,1022.7,1026.5,,,,0,,-5.4
192,진주,2026-01-22 04:00,-6.6,,2,50,40,1022.8,1026.6,,,,0,,-5.5
192,진주,2026-01-22 05:00,-6.9,,.5,20,39,1022.8,1026.6,,,,0,,-6
192,진주,2026-01-22 06:00,-7.6,,.6,180,41,1022.5,1026.4,,,,0,,-6.4
192,진주,2026-01-22 07:00,-9,,.3,0,57,1022.7,1026.6,,,,0,,-6.8
192,진주,2026-01-22 08:00,-9.4,,.3,0,64,1023,1026.9,0,.01,,0,,-6.7
192,진주,2026-01-22 09:00,-5.9,,.6,200,45,1023.7,1027.5,.9,.5,,0,,-3.4
192,진주,2026-01-22 10:00,-3.7,,.9,230,30,1024.2,1028,1,1.21,,0,,1.4
192,진주,2026-01-22 11:00,-2.4,,1.1,140,24,1024.3,1028.1,1,1.78,,0,,5
192,진주,2026-01-22 12:00,-1.2,,3.1,360,18,1023.6,1027.4,1,2.18,,0,,7.8
192,진주,2026-01-22 13:00,-.7,,3,340,17,1022.5,1026.3,1,2.34,,0,,9.8
192,진주,2026-01-22 14:00,.4,,4.3,340,19,1021.9,1025.6,1,2.26,,0,,10.1
192,진주,2026-01-22 15:00,.9,,3,320,19,1021.4,1025.1,1,1.92,,0,,7.7
192,진주,2026-01-22 16:00,.7,,3.5,320,21,1021.8,1025.5,1,1.39,,0,,2.2
192,진주,2026-01-22 17:00,.2,,2.2,340,22,1022,1025.7,1,.71,,0,,-.8
192,진주,2026-01-22 18:00,-.9,,2.4,340,29,1021.8,1025.6,.1,.05,,0,,-1.9
192,진주,2026-01-22 19:00,-1.4,,2,360,28,1022,1025.8,,,,0,,-2.5
192,진주,2026-01-22 20:00,-1.5,,2.8,340,25,1022.4,1026.2,,,,0,,-2.8
192,진주,2026-01-22 21:00,-2.5,,2.4,340,29,1022.8,1026.6,,,,0,,-3.3
192,진주,2026-01-22 22:00,-3,,1.8,360,30,1022.9,1026.7,,,,0,,-3.6
192,진주,2026-01-22 23:00,-3.5,,.7,50,32,1023.2,1027,,,,0,,-4.1
192,진주,2026-01-23 00:00,-5,,.5,70,39,1023.4,1027.2,,,,0,,-4.9
192,진주,2026-01-23 01:00,-5.3,,1,200,45,1023.2,1027,,,,0,,-5.4
192,진주,2026-01-23 02:00,-7.6,,.3,0,49,1023.3,1027.2,,,,0,,-5.7
192,진주,2026-01-23 03:00,-8.5,,.1,0,54,1023.6,1027.5,,,,0,,-6
192,진주,2026-01-23 04:00,-8.9,,.1,0,64,1023.5,1027.4,,,,0,,-6.2
192,진주,2026-01-23 05:00,-9.1,,.1,0,68,1023.3,1027.2,,,,0,,-6.5
192,진주,2026-01-23 06:00,-9.6,,.1,0,72,1023.4,1027.3,,,,0,,-6.5
192,진주,2026-01-23 07:00,-10.2,,.1,0,73,1023.9,1027.8,,,,0,,-6.7
192,진주,2026-01-23 08:00,-9.8,,0,0,75,1024.2,1028.1,0,.02,,0,,-6.4
192,진주,2026-01-23 09:00,-6.4,,0,0,67,1024.4,1028.2,.9,.45,,0,,-3
192,진주,2026-01-23 10:00,-3.2,,.1,0,56,1024.6,1028.4,1,1.08,,0,,1.8
192,진주,2026-01-23 11:00,-.7,,1,270,53,1024.2,1028,1,1.64,,0,,5.9
192,진주,2026-01-23 12:00,1.7,,1.2,270,48,1023.5,1027.2,1,2,,1,,9.8
192,진주,2026-01-23 13:00,3.2,,.8,250,36,1022.5,1026.2,1,2.13,,0,,12.1
192,진주,2026-01-23 14:00,4.4,,.6,320,36,1021.3,1025,1,2.02,,3,,12.7
192,진주,2026-01-23 15:00,5.1,,1,110,36,1021,1024.7,.8,1.29,,6,,9.7
192,진주,2026-01-23 16:00,4.1,,3.7,250,42,1020.4,1024.1,.9,.97,,6,,5
192,진주,2026-01-23 17:00,3.2,,4,250,48,1020.6,1024.3,.5,.42,,9,,2.7
192,진주,2026-01-23 18:00,2.2,,3.3,250,59,1020.6,1024.3,0,.05,,7,,0
192,진주,2026-01-23 19:00,1.5,,2.3,250,64,1020.8,1024.5,,,,5,,-1.5
192,진주,2026-01-23 20:00,1.6,,3.2,250,65,1020.7,1024.4,,,,0,,-1.3
192,진주,2026-01-23 21:00,1.7,,3.4,250,65,1020.6,1024.3,,,,0,,-1.3
192,진주,2026-01-23 22:00,-.3,,.6,110,71,1020.7,1024.4,,,,0,,-2.1
192,진주,2026-01-23 23:00,-2.6,,.4,0,76,1020.5,1024.3,,,,0,,-2.8
192,진주,2026-01-24 00:00,-3.1,,.3,0,78,1020,1023.8,,,,0,,-3
192,진주,2026-01-24 01:00,-3.8,,.3,0,79,1019.6,1023.4,,,,0,,-3.5
192,진주,2026-01-24 02:00,-4.5,,.4,0,82,1019.3,1023.1,,,,0,,-3.8
192,진주,2026-01-24 03:00,-5.4,,.1,0,83,1019.2,1023,,,,0,,-4.2
192,진주,2026-01-24 04:00,-5.7,,.5,50,85,1018.9,1022.7,,,,0,,-4.4
192,진주,2026-01-24 05:00,-6,,.3,0,86,1018.5,1022.3,,,,0,,-4.5
192,진주,2026-01-24 06:00,-6.1,,.2,0,86,1018.6,1022.4,,,,0,,-4.4
192,진주,2026-01-24 07:00,-6,,.3,0,86,1019.3,1023.1,,,,0,,-4
192,진주,2026-01-24 08:00,-6.5,,.2,0,86,1019.9,1023.7,0,.02,,0,,-4.5
192,진주,2026-01-24 09:00,-2.4,,.6,200,80,1020.2,1024,.9,.62,,0,,-1.4
192,진주,2026-01-24 10:00,2.6,,1.6,50,39,1021,1024.7,1,1.49,,0,,2.8
192,진주,2026-01-24 11:00,3.5,,2.8,360,18,1020.9,1024.6,1,1.74,,0,,6.6
192,진주,2026-01-24 12:00,3.5,,3.5,340,15,1020.8,1024.5,1,2.16,,0,,9.7
192,진주,2026-01-24 13:00,4,,3.2,340,16,1019.9,1023.6,1,2.34,,0,,12.5
192,진주,2026-01-24 14:00,4.5,,2.6,340,15,1019.7,1023.4,1,2.26,,0,,14
192,진주,2026-01-24 15:00,4.3,,3,360,15,1019.3,1023,1,1.92,,0,,11.1
192,진주,2026-01-24 16:00,3.6,,2.7,340,17,1019.3,1023,1,1.39,,0,,4.8
192,진주,2026-01-24 17:00,2.1,,1.8,360,23,1019.9,1023.6,1,.68,,0,,1.3
192,진주,2026-01-24 18:00,.4,,.9,360,27,1020.4,1024.1,.1,.08,,0,,-1.8
192,진주,2026-01-24 19:00,-.9,,.5,340,31,1021.1,1024.9,,,,0,,-2.7
192,진주,2026-01-24 20:00,-1.7,,.5,20,34,1021.8,1025.6,,,,0,,-3.2
192,진주,2026-01-24 21:00,-.2,,1.6,340,33,1022.5,1026.3,,,,0,,-3
192,진주,2026-01-24 22:00,-.8,,2.1,360,30,1023.1,1026.9,,,,0,,-3
192,진주,2026-01-24 23:00,-1.3,,2.2,360,31,1023.4,1027.2,,,,0,,-3
192,진주,2026-01-25 00:00,-1.8,,1,20,37,1023.3,1027.1,,,,0,,-3.3
192,진주,2026-01-25 01:00,-2.4,,.7,230,45,1023.5,1027.3,,,,0,,-3.8
192,진주,2026-01-25 02:00,-3,,.5,200,50,1023.6,1027.4,,,,8,,-3
192,진주,2026-01-25 03:00,-3.5,,.1,0,52,1023.9,1027.7,,,,8,,-3.3
192,진주,2026-01-25 04:00,-4.3,,.3,0,56,1024.1,1027.9,,,,0,,-4.2
192,진주,2026-01-25 05:00,-1.5,,1.6,360,46,1024.2,1028,,,,0,,-4
192,진주,2026-01-25 06:00,-1.6,,2.4,360,31,1024.5,1028.3,,,,0,,-4.2
192,진주,2026-01-25 07:00,-2,,2.8,360,27,1024.7,1028.5,,,,0,,-4
192,진주,2026-01-25 08:00,-3.4,,.8,180,33,1025.6,1029.4,0,.02,,0,,-5
192,진주,2026-01-25 09:00,-1.8,,.8,200,29,1025.9,1029.7,.9,.49,,0,,-1.8
192,진주,2026-01-25 10:00,.2,,.5,320,24,1026.1,1029.9,1,1.19,,0,,3
192,진주,2026-01-25 11:00,1.4,,1,290,24,1026,1029.7,1,1.76,,0,,7.4
192,진주,2026-01-25 12:00,3.1,,.9,290,24,1025.6,1029.3,1,2.13,,0,,11.2
192,진주,2026-01-25 13:00,4,,.9,20,20,1025,1028.7,1,2.27,,0,,14.6
192,진주,2026-01-25 14:00,4.7,,.9,250,15,1024,1027.7,1,2.23,,0,,15.8
192,진주,2026-01-25 15:00,5.4,,1.8,270,12,1023.6,1027.3,1,1.89,,5,,12.9
192,진주,2026-01-25 16:00,5.7,,.9,360,11,1023.6,1027.3,1,1.14,,4,,5.9
192,진주,2026-01-25 17:00,4.5,,2.3,340,12,1023.7,1027.4,1,.45,,6,,2.7
192,진주,2026-01-25 18:00,3,,2.1,340,12,1024,1027.7,.1,.12,,6,,-.5
192,진주,2026-01-25 19:00,.4,,.4,0,18,1024.4,1028.2,,,,5,,-2.5
192,진주,2026-01-25 20:00,-1.7,,.5,290,24,1024.9,1028.7,,,,0,,-3.3
192,진주,2026-01-25 21:00,-3,,.8,270,29,1025.3,1029.1,,,,0,,-3.6
192,진주,2026-01-25 22:00,-4,,.1,0,34,1025,1028.8,,,,0,,-4.4
192,진주,2026-01-25 23:00,-4.6,,.2,0,37,1025.2,1029,,,,0,,-4.7
192,진주,2026-01-26 00:00,-5.8,,.2,0,42,1025.3,1029.1,,,,10,,-4.9
192,진주,2026-01-26 01:00,-6.6,,.2,0,47,1025.2,1029.1,,,,10,,-5.5
192,진주,2026-01-26 02:00,-7.4,,.2,0,51,1025.3,1029.2,,,,10,,-5.5
192,진주,2026-01-26 03:00,-7.9,,.2,0,55,1025.4,1029.3,,,,10,,-6
192,진주,2026-01-26 04:00,-8.3,,.2,0,57,1024.8,1028.7,,,,10,,-6
192,진주,2026-01-26 05:00,-8.4,,.2,0,60,1024.7,1028.6,,,,10,,-6.4
192,진주,2026-01-26 06:00,-8.9,,.1,0,62,1024.7,1028.6,,,,10,,-6.4
192,진주,2026-01-26 07:00,-9,,0,0,66,1025.3,1029.2,,,,10,,-6.5
192,진주,2026-01-26 08:00,-8.9,,.2,0,64,1024.7,1028.6,0,.02,,10,,-6.1
192,진주,2026-01-26 09:00,-5.1,,.5,20,57,1024.5,1028.3,.9,.42,,9,,-2.4
192,진주,2026-01-26 10:00,-2.1,,.9,290,44,1024.5,1028.3,1,1.09,,8,,3.2
192,진주,2026-01-26 11:00,0,,.9,160,36,1023.6,1027.4,1,1.49,,4,,6.4
192,진주,2026-01-26 12:00,.9,,.6,290,34,1022.2,1025.9,.5,1.37,,10,,6.5
192,진주,2026-01-26 13:00,2.1,,.8,320,31,1020.9,1024.6,0,.99,,10,,6
192,진주,2026-01-26 14:00,2.4,,.3,0,30,1019.9,1023.6,0,.77,,10,,5.6
192,진주,2026-01-26 15:00,3.2,,.4,0,27,1019.2,1022.9,0,.56,,10,,4.8
192,진주,2026-01-26 16:00,3.5,,.3,0,25,1018.8,1022.5,0,.49,,9,,4.8
192,진주,2026-01-26 17:00,3.3,,.1,0,28,1018.8,1022.5,0,.27,,10,,2.8
192,진주,2026-01-26 18:00,2.2,,0,0,33,1018.8,1022.5,0,.03,,10,,.6
192,진주,2026-01-26 19:00,1,,.1,0,41,1018.8,1022.5,,,,10,,-.3
192,진주,2026-01-26 20:00,.6,,0,0,40,1019.1,1022.8,,,,10,,-.3
192,진주,2026-01-26 21:00,.3,,.1,0,40,1019.4,1023.1,,,,10,,-.5
192,진주,2026-01-26 22:00,-.2,,.1,0,40,1019.3,1023,,,,10,,-1.2
192,진주,2026-01-26 23:00,-.7,,0,0,43,1019.2,1022.9,,,,9,,-1.3
192,진주,2026-01-27 00:00,-1.4,,.2,0,49,1019.4,1023.2,,,,8,,-1.4
192,진주,2026-01-27 01:00,-1.6,,.2,0,51,1019.2,1023,,,,9,,-1.7
192,진주,2026-01-27 02:00,-1.5,,.3,0,48,1019.2,1023,,,,10,,-1.9
192,진주,2026-01-27 03:00,.1,,.4,0,46,1018.9,1022.6,,,,6,,-2.5
192,진주,2026-01-27 04:00,-1.8,,.2,0,51,1018.9,1022.7,,,,0,,-3.3
192,진주,2026-01-27 05:00,-3.8,,0,0,59,1018.7,1022.5,,,,0,,-4
192,진주,2026-01-27 06:00,-4.5,,.2,0,63,1019.2,1023,,,,0,,-4.2
192,진주,2026-01-27 07:00,-4.9,,.2,0,68,1019.7,1023.5,,,,0,,-4.6
192,진주,2026-01-27 08:00,-.8,,1,340,56,1020.4,1024.2,0,.03,,0,,-3.6
192,진주,2026-01-27 09:00,.8,,.6,340,46,1020.9,1024.6,.9,.45,,0,,-.5
192,진주,2026-01-27 10:00,2.8,,1.8,360,36,1021.1,1024.8,1,1.14,,0,,4.2
192,진주,2026-01-27 11:00,4.4,,1.4,360,31,1021,1024.7,1,1.77,,0,,10
192,진주,2026-01-27 12:00,5.2,,2,320,25,1020.5,1024.2,1,2.17,,0,,15.8
192,진주,2026-01-27 13:00,6.3,,2.2,270,19,1019.2,1022.8,1,2.33,,0,,19.1
192,진주,2026-01-27 14:00,6.8,,3.2,340,17,1018.6,1022.2,1,2.27,,0,,18.6
192,진주,2026-01-27 15:00,7,,3.1,340,17,1018.4,1022,1,1.93,,0,,15.1
192,진주,2026-01-27 16:00,6.6,,2.7,340,15,1018.5,1022.1,1,1.42,,0,,6.9
192,진주,2026-01-27 17:00,5.3,,3.3,320,20,1018.7,1022.4,1,.75,,0,,3.4
192,진주,2026-01-27 18:00,3.7,,2.3,340,21,1019.6,1023.3,.2,.09,,0,,.4
192,진주,2026-01-27 19:00,2.7,,2.5,340,22,1020.5,1024.2,,,,0,,-1.2
192,진주,2026-01-27 20:00,1.4,,2.2,20,25,1020.7,1024.4,,,,0,,-2
192,진주,2026-01-27 21:00,.2,,1,20,29,1021.2,1024.9,,,,0,,-2.6
192,진주,2026-01-27 22:00,-.3,,1.5,20,30,1021.6,1025.3,,,,0,,-2.8
192,진주,2026-01-27 23:00,-1.1,,.9,70,32,1022,1025.8,,,,0,,-3.5
192,진주,2026-01-28 00:00,-.7,,.8,70,28,1022.3,1026.1,,,,6,,-3
192,진주,2026-01-28 01:00,-.7,,1.1,360,26,1022.3,1026.1,,,,9,,-2.8
192,진주,2026-01-28 02:00,-1.3,,.6,50,28,1022.5,1026.3,,,,9,,-2.8
192,진주,2026-01-28 03:00,-1,,.6,20,27,1022.6,1026.4,,,,10,,-2.3
192,진주,2026-01-28 04:00,-2.3,,.1,0,36,1022.1,1025.9,,,,10,,-2.5
192,진주,2026-01-28 05:00,-1.8,,.7,340,30,1022.3,1026.1,,,,10,,-2.5
192,진주,2026-01-28 06:00,-.9,,1,360,24,1022.9,1026.7,,,,10,,-2.3
192,진주,2026-01-28 07:00,-1.2,,2.1,360,24,1023.4,1027.2,,,,10,,-2.3
192,진주,2026-01-28 08:00,-1.3,,2.7,360,25,1024,1027.8,0,.02,,10,,-1.9
192,진주,2026-01-28 09:00,-.9,,3.4,360,22,1024.3,1028.1,0,.26,,9,,-.5
192,진주,2026-01-28 10:00,-.1,,1.7,340,20,1024.5,1028.3,0,.6,,9,,1.7
192,진주,2026-01-28 11:00,2.1,,3,340,17,1024.1,1027.8,.6,1.24,,6,,7.9
192,진주,2026-01-28 12:00,3.8,,2.9,340,15,1023.2,1026.9,1,2.24,,4,,14.8
192,진주,2026-01-28 13:00,5,,3.3,360,13,1021.9,1025.6,1,2.39,,0,,17.7
192,진주,2026-01-28 14:00,5.4,,3.1,320,12,1021.3,1025,1,2.29,,0,,18.7
192,진주,2026-01-28 15:00,5.4,,3.1,320,14,1021.8,1025.5,1,1.98,,0,,15.1
192,진주,2026-01-28 16:00,5,,4.1,340,12,1022.1,1025.8,1,1.45,,0,,6.3
192,진주,2026-01-28 17:00,4.5,,1.9,360,13,1022.4,1026.1,1,.76,,0,,2.8
192,진주,2026-01-28 18:00,2.5,,1,20,16,1023.1,1026.8,.2,.1,,0,,-.9
192,진주,2026-01-28 19:00,.6,,.8,70,20,1023.7,1027.4,,,,0,,-3
192,진주,2026-01-28 20:00,.6,,.6,50,20,1024.2,1027.9,,,,0,,-3
192,진주,2026-01-28 21:00,.9,,2.5,360,20,1024.2,1027.9,,,,0,,-2.5
192,진주,2026-01-28 22:00,.3,,2.1,340,22,1024.7,1028.5,,,,0,,-3
192,진주,2026-01-28 23:00,0,,1.4,320,21,1024.9,1028.7,,,,0,,-3.2
192,진주,2026-01-29 00:00,-2.9,,.1,0,28,1025,1028.8,,,,0,,-4.2
192,진주,2026-01-29 01:00,-1.2,,1.1,320,24,1024.6,1028.4,,,,0,,-3.8
192,진주,2026-01-29 02:00,-1.2,,2,360,27,1025.2,1029,,,,0,,-3.5
192,진주,2026-01-29 03:00,-3.5,,.3,0,36,1025.4,1029.2,,,,0,,-4.7
192,진주,2026-01-29 04:00,-3.5,,0,0,39,1025.5,1029.3,,,,0,,-5
192,진주,2026-01-29 05:00,-2,,.9,360,39,1025.2,1029,,,,0,,-4.5
192,진주,2026-01-29 06:00,-2.7,,.3,0,45,1025.4,1029.2,,,,0,,-5.1
192,진주,2026-01-29 07:00,-5,,.2,0,57,1025.8,1029.6,,,,0,,-5.5
192,진주,2026-01-29 08:00,-5.6,,.1,0,61,1025.9,1029.7,0,.02,,0,,-5.2
192,진주,2026-01-29 09:00,-3,,.1,0,56,1026.8,1030.6,.9,.42,,0,,-1.4
192,진주,2026-01-29 10:00,-.5,,.6,340,50,1026.8,1030.6,1,1,,0,,3.3
192,진주,2026-01-29 11:00,1.9,,.6,290,38,1026.6,1030.3,1,1.62,,0,,8.7
192,진주,2026-01-29 12:00,4.5,,1.5,250,35,1025.6,1029.3,1,2.05,,4,,13.8
192,진주,2026-01-29 13:00,4.5,,1.1,270,35,1024.8,1028.5,1,2.21,,5,,17.4
192,진주,2026-01-29 14:00,4.5,,3.2,340,35,1024.1,1027.8,.4,1.19,,5,,9.8
192,진주,2026-01-29 15:00,4.8,,2.9,320,31,1024,1027.7,.8,1.43,,0,,11.6
192,진주,2026-01-29 16:00,4.8,,1.9,320,29,1024,1027.7,1,1.22,,0,,5.8
192,진주,2026-01-29 17:00,4.3,,2.7,340,29,1023.9,1027.6,1,.65,,0,,2.7
192,진주,2026-01-29 18:00,2.9,,2.1,340,29,1024.5,1028.2,.2,.11,,0,,-.5
192,진주,2026-01-29 19:00,1.6,,1.2,360,32,1024.9,1028.6,,,,0,,-2.3
192,진주,2026-01-29 20:00,-1.8,,.3,0,41,1025.3,1029.1,,,,2,,-3.3
192,진주,2026-01-29 21:00,-1,,1.4,50,35,1025.2,1029,,,,0,,-3.6
192,진주,2026-01-29 22:00,-2.8,,.6,110,42,1025.6,1029.4,,,,0,,-4.1
192,진주,2026-01-29 23:00,-2.4,,2,110,40,1025.6,1029.4,,,,3,,-4.2
192,진주,2026-01-30 00:00,-1.2,,1.9,360,30,1025.6,1029.4,,,,9,,-4
192,진주,2026-01-30 01:00,-3.2,,.6,90,36,1025.5,1029.3,,,,8,,-4.5
192,진주,2026-01-30 02:00,-4.5,,.2,0,43,1025.7,1029.5,,,,8,,-5.2
192,진주,2026-01-30 03:00,-5,,.4,0,45,1026.2,1030,,,,3,,-5.6
192,진주,2026-01-30 04:00,-4.7,,.3,0,43,1025.7,1029.5,,,,8,,-5.2
192,진주,2026-01-30 05:00,-4,,1.1,20,36,1026.2,1030,,,,8,,-5.2
192,진주,2026-01-30 06:00,-4.5,,.1,0,36,1026.6,1030.4,,,,9,,-5.2
192,진주,2026-01-30 07:00,-3,,1,50,26,1026.8,1030.6,,,,10,,-3.8
192,진주,2026-01-30 08:00,-3.3,,.8,70,26,1026.7,1030.5,0,.02,,8,,-4
192,진주,2026-01-30 09:00,-2.5,,1.7,70,21,1026.7,1030.5,.6,.42,,8,,-.9
192,진주,2026-01-30 10:00,-1.4,,.2,0,21,1026.8,1030.6,.1,.72,,8,,2.2
192,진주,2026-01-30 11:00,-.6,,.6,70,20,1026.7,1030.5,.3,.99,,7,,4
192,진주,2026-01-30 12:00,.2,,.6,270,18,1025.6,1029.4,.8,1.39,,8,,8.9
192,진주,2026-01-30 13:00,1.2,,1,270,17,1024.7,1028.4,.4,1.55,,10,,8.9
192,진주,2026-01-30 14:00,2.9,,1.5,250,15,1023.7,1027.4,0,1.17,,10,,9.8
192,진주,2026-01-30 15:00,3.4,,1.2,270,16,1022.9,1026.6,.1,1.03,,10,,9.6
192,진주,2026-01-30 16:00,4.1,,.8,270,14,1023.1,1026.8,1,1.09,,7,,6.7
192,진주,2026-01-30 17:00,3.9,,.4,0,16,1023.3,1027,.8,.49,,7,,2.2
192,진주,2026-01-30 18:00,.5,,.3,0,26,1023.8,1027.5,.2,.09,,2,,-2.8
192,진주,2026-01-30 19:00,-2.1,,0,0,32,1024.2,1028,,,,3,,-3.8
192,진주,2026-01-30 20:00,-3.3,,.2,0,36,1024.6,1028.4,,,,4,,-4.1
192,진주,2026-01-30 21:00,-4.1,,.1,0,39,1024.4,1028.2,,,,8,,-4.2
192,진주,2026-01-30 22:00,-4.5,,.1,0,41,1024.8,1028.6,,,,8,,-5
192,진주,2026-01-30 23:00,-5.5,,0,0,46,1024.7,1028.5,,,,8,,-5.5
192,진주,2026-01-31 00:00,-6.5,,0,0,46,1024.6,1028.5,,,,4,,-6
192,진주,2026-01-31 01:00,-6.9,,0,0,51,1024.7,1028.6,,,,3,,-6.4
192,진주,2026-01-31 02:00,-7.4,,0,0,54,1024.6,1028.5,,,,10,,-6.4
192,진주,2026-01-31 03:00,-7.9,,0,0,56,1024.5,1028.4,,,,10,,-6.4
192,진주,2026-01-31 04:00,-7.5,,.4,0,54,1024.2,1028.1,,,,9,,-6
192,진주,2026-01-31 05:00,-7.5,,.1,0,55,1023.4,1027.3,,,,10,,-6.1
192,진주,2026-01-31 06:00,-8.3,,.1,0,58,1023.1,1027,,,,10,,-6.6
192,진주,2026-01-31 07:00,-8.7,,0,0,60,1023.7,1027.6,,,,8,,-6.6
192,진주,2026-01-31 08:00,-8.3,,.2,0,63,1024.1,1028,0,.04,,8,,-5.6
192,진주,2026-01-31 09:00,-3.7,,0,0,48,1024.5,1028.3,.7,.49,,6,,-.9
192,진주,2026-01-31 10:00,-1.3,,.2,0,34,1024.6,1028.4,1,1.03,,5,,3.7
192,진주,2026-01-31 11:00,1.7,,1.2,250,23,1024.2,1027.9,1,1.76,,2,,9.6
192,진주,2026-01-31 12:00,4.1,,.7,290,19,1023.3,1027,1,2.18,,0,,15
192,진주,2026-01-31 13:00,6.1,,1.4,270,14,1022,1025.7,1,2.33,,0,,18.3
192,진주,2026-01-31 14:00,7.5,,1.4,320,9,1020.7,1024.3,1,2.28,,0,,19.7
192,진주,2026-01-31 15:00,7.9,,1.1,320,9,1020.2,1023.8,1,1.97,,0,,17.2
192,진주,2026-01-31 16:00,8.3,,1.2,340,12,1020.1,1023.7,1,1.48,,0,,7.3
192,진주,2026-01-31 17:00,6.5,,2.7,340,17,1020.4,1024.1,1,.75,,0,,3.5
192,진주,2026-01-31 18:00,4.3,,2,360,20,1020.8,1024.5,.3,.12,,5,,.2
192,진주,2026-01-31 19:00,2.6,,1,20,24,1021.4,1025.1,,,,6,,-1.7
192,진주,2026-01-31 20:00,1.2,,.9,20,28,1021.7,1025.4,,,,6,,-2.8
192,진주,2026-01-31 21:00,-1.4,,.1,0,36,1022.2,1026,,,,5,,-3.8
192,진주,2026-01-31 22:00,-1.6,,0,0,42,1022.6,1026.4,,,,0,,-3.9
192,진주,2026-01-31 23:00,-1.9,,.5,360,46,1023.3,1027.1,,,,0,,-4.2
192,진주,2026-02-01 00:00,0,,1.6,340,42,1023.7,1027.5,,,,0,,-3.8
192,진주,2026-02-01 01:00,-2.8,,.4,0,52,1023.5,1027.3,,,,0,,-5
192,진주,2026-02-01 02:00,-4.6,,.3,0,60,1023.1,1026.9,,,,0,,-5.4
192,진주,2026-02-01 03:00,-5.2,,0,0,64,1022.8,1026.6,,,,0,,-5.9
192,진주,2026-02-01 04:00,-6.4,,.1,0,69,1022.4,1026.2,,,,0,,-6
192,진주,2026-02-01 05:00,-6.9,,.2,0,72,1021.9,1025.7,,,,0,,-6.4
192,진주,2026-02-01 06:00,-6.8,,.1,0,70,1021.9,1025.7,,,,0,,-6.4
192,진주,2026-02-01 07:00,-7.6,,.1,0,73,1022.1,1026,,,,0,,-6.6
192,진주,2026-02-01 08:00,-7.4,,0,0,74,1022.3,1026.2,0,.03,,0,,-6
192,진주,2026-02-01 09:00,-4,,.1,0,67,1022.8,1026.6,.9,.45,,0,,-1.3
192,진주,2026-02-01 10:00,0,,.2,0,60,1023.1,1026.9,1,1.1,,0,,4.6
192,진주,2026-02-01 11:00,3.4,,1,200,45,1023.2,1026.9,1,1.68,,1,,10.5
192,진주,2026-02-01 12:00,4.7,,1.1,230,40,1022.5,1026.2,1,2.13,,0,,15.6
192,진주,2026-02-01 13:00,5.5,,.6,360,33,1021.5,1025.2,1,2.34,,1,,19.1
192,진주,2026-02-01 14:00,6,,2.5,360,22,1020.7,1024.4,1,2.3,,0,,19.5
192,진주,2026-02-01 15:00,6.3,,2.9,360,20,1020.3,1024,1,1.99,,0,,16
192,진주,2026-02-01 16:00,6.7,,2.1,340,22,1019.9,1023.5,1,1.46,,0,,7
192,진주,2026-02-01 17:00,5.9,,1.7,320,24,1020.1,1023.8,1,.79,,0,,3.5
192,진주,2026-02-01 18:00,4.2,,2,360,23,1021,1024.7,.3,.13,,0,,.3
192,진주,2026-02-01 19:00,3.2,,1.3,320,27,1021.8,1025.5,,,,0,,-1.6
192,진주,2026-02-01 20:00,2,,.7,320,34,1022.3,1026,,,,0,,-3.1
192,진주,2026-02-01 21:00,-1.8,,.2,0,40,1022.7,1026.5,,,,0,,-3.2
192,진주,2026-02-01 22:00,-2.8,,.2,0,48,1023.2,1027,,,,0,,-4.4
192,진주,2026-02-01 23:00,-4.1,,0,0,55,1023.5,1027.3,,,,0,,-4.8
192,진주,2026-02-02 00:00,-4.7,,0,0,59,1023.4,1027.2,,,,0,,-5.4
192,진주,2026-02-02 01:00,-5.4,,0,0,59,1023.3,1027.1,,,,0,,-5.7
192,진주,2026-02-02 02:00,-6.4,,.1,0,64,1023.1,1026.9,,,,0,,-6
192,진주,2026-02-02 03:00,-7.1,,0,0,64,1022.6,1026.5,,,,0,,-6.4
192,진주,2026-02-02 04:00,-7.2,,.1,0,67,1021.8,1025.6,,,,0,,-6.3
192,진주,2026-02-02 05:00,-7.1,,.1,0,69,1021.2,1025,,,,6,,-5.2
192,진주,2026-02-02 06:00,-5,,.4,0,62,1021.3,1025.1,,,,9,,-2.8
192,진주,2026-02-02 07:00,-5,,.1,0,65,1021.3,1025.1,,,,7,,-3.5
192,진주,2026-02-02 08:00,-4.4,,.3,0,71,1021.9,1025.7,0,.02,,8,,-2.3
192,진주,2026-02-02 09:00,-2.8,0,.3,0,66,1022,1025.8,.1,.27,,7,,-.8
192,진주,2026-02-02 10:00,.1,,.2,0,61,1022.1,1025.8,1,1.04,,3,,4.9
192,진주,2026-02-02 11:00,3,,.9,200,49,1021.9,1025.6,1,1.74,,4,,11
192,진주,2026-02-02 12:00,4.1,,3.3,320,30,1021.5,1025.2,1,2.28,,4,,15.3
192,진주,2026-02-02 13:00,4.3,,3.3,340,28,1021,1024.7,1,2.43,,1,,18.2
192,진주,2026-02-02 14:00,4.3,,3.7,320,28,1020.5,1024.2,1,2.36,,0,,18.1
192,진주,2026-02-02 15:00,4.7,,2.3,340,28,1020.8,1024.5,1,2,,0,,16.1
192,진주,2026-02-02 16:00,3.7,,3.4,360,27,1021.5,1025.2,1,1.47,,0,,5.6
192,진주,2026-02-02 17:00,3.1,,2.6,360,28,1022.1,1025.8,1,.81,,0,,2.4
192,진주,2026-02-02 18:00,1.7,,2.8,360,28,1022.9,1026.6,.3,.14,,0,,-.9
192,진주,2026-02-02 19:00,.7,,1.4,360,31,1023.8,1027.5,,,,0,,-2.8
192,진주,2026-02-02 20:00,-.1,,1,250,35,1024.5,1028.3,,,,0,,-3.3
192,진주,2026-02-02 21:00,-2.1,,.4,0,42,1025,1028.8,,,,0,,-4.5
192,진주,2026-02-02 22:00,-3.3,,.2,0,46,1025.9,1029.7,,,,0,,-5.1
192,진주,2026-02-02 23:00,-4.5,,.1,0,50,1026.4,1030.2,,,,0,,-5.7
192,진주,2026-02-03 00:00,-4.8,,.4,0,51,1026.7,1030.5,,,,0,,-6
192,진주,2026-02-03 01:00,-6.2,,.2,0,57,1026.7,1030.6,,,,0,,-6.4
192,진주,2026-02-03 02:00,-6.8,,.1,0,62,1026.8,1030.7,,,,0,,-6.6
192,진주,2026-02-03 03:00,-7.3,,.1,0,65,1026.7,1030.6,,,,0,,-7
192,진주,2026-02-03 04:00,-8.4,,.4,0,72,1026.9,1030.8,,,,0,,-7.5
192,진주,2026-02-03 05:00,-8.6,,.1,0,72,1026.6,1030.5,,,,0,,-7.6
192,진주,2026-02-03 06:00,-8.8,,.4,0,78,1027.5,1031.4,,,,0,,-7.9
192,진주,2026-02-03 07:00,-9.7,,.2,0,77,1027.6,1031.5,,,,0,,-8.2
192,진주,2026-02-03 08:00,-8.6,,.3,0,79,1028.2,1032.1,0,.03,,0,,-7.5
192,진주,2026-02-03 09:00,-4.6,,.1,0,67,1027.9,1031.7,1,.72,,0,,-1.4
192,진주,2026-02-03 10:00,-1.1,,.3,0,57,1027.7,1031.5,1,1.4,,0,,5.7
192,진주,2026-02-03 11:00,1.7,,1.1,270,39,1027.2,1030.9,1,1.91,,0,,11.7
192,진주,2026-02-03 12:00,4.2,,1.3,290,30,1026,1029.7,1,2.32,,0,,17.1
192,진주,2026-02-03 13:00,5,,1.5,290,22,1024.7,1028.4,1,2.49,,0,,20.4
192,진주,2026-02-03 14:00,7,,1.4,340,22,1023.5,1027.2,1,2.41,,0,,21.6
192,진주,2026-02-03 15:00,8.2,,.7,290,23,1022.5,1026.1,1,2.08,,0,,19.3
192,진주,2026-02-03 16:00,7.9,,1.3,160,27,1022.4,1026,1,1.53,,4,,8.6
192,진주,2026-02-03 17:00,7,,.8,140,33,1022.4,1026.1,1,.75,,4,,4.9
192,진주,2026-02-03 18:00,5,,.6,140,38,1022.4,1026.1,.3,.13,,6,,1
192,진주,2026-02-03 19:00,2.2,,.1,0,49,1022.5,1026.2,,,,8,,-.9
192,진주,2026-02-03 20:00,.5,,.1,0,59,1022.3,1026,,,,9,,-1.5
192,진주,2026-02-03 21:00,.3,,.1,0,59,1022.1,1025.8,,,,10,,-1.8
192,진주,2026-02-03 22:00,-.9,,0,0,59,1021.9,1025.7,,,,10,,-2.3
192,진주,2026-02-03 23:00,-1.4,,0,0,63,1022.1,1025.9,,,,9,,-2.3
192,진주,2026-02-04 00:00,-1.8,,.2,0,63,1021.6,1025.4,,,,9,,-2.3
192,진주,2026-02-04 01:00,-2,,.1,0,66,1021.4,1025.2,,,,9,,-2.5
192,진주,2026-02-04 02:00,-2.6,,0,0,68,1021.6,1025.4,,,,8,,-3.1
192,진주,2026-02-04 03:00,-3.3,,0,0,70,1021.8,1025.6,,,,8,,-3.5
192,진주,2026-02-04 04:00,-3.6,,.1,0,71,1021.2,1025,,,,8,,-3.4
192,진주,2026-02-04 05:00,-4.2,,.1,0,74,1021.1,1024.9,,,,10,,-4.4
192,진주,2026-02-04 06:00,-4.7,,0,0,76,1021.4,1025.2,,,,4,,-4.5
192,진주,2026-02-04 07:00,-4.7,,0,0,75,1021.5,1025.3,,,,7,,-4.1
192,진주,2026-02-04 08:00,-5.1,,0,0,79,1021.6,1025.4,0,.04,,0,,-4.4
192,진주,2026-02-04 09:00,-1.2,,0,0,73,1021.7,1025.5,1,.55,,0,,.5
192,진주,2026-02-04 10:00,2,,.9,200,60,1021.2,1024.9,1,1.25,,0,,6.7
192,진주,2026-02-04 11:00,4.7,,1.4,270,45,1021,1024.7,1,1.83,,0,,13.4
192,진주,2026-02-04 12:00,6.6,,1.3,340,38,1019.8,1023.4,1,2.26,,0,,19.7
192,진주,2026-02-04 13:00,8.8,,1.2,50,33,1017.7,1021.3,1,2.44,,0,,24
192,진주,2026-02-04 14:00,9.9,,1.5,200,33,1017.2,1020.8,1,2.17,,0,,22.5
192,진주,2026-02-04 15:00,10.2,,2,140,37,1016.7,1020.3,1,1.56,,0,,19.2
192,진주,2026-02-04 16:00,10.3,,1.7,140,37,1016.1,1019.7,1,1.4,,0,,10.9
192,진주,2026-02-04 17:00,10,,1.6,140,39,1016.9,1020.5,1,.79,,6,,9.8
192,진주,2026-02-04 18:00,7.6,,.1,0,44,1016.8,1020.4,.4,.17,,0,,3.2
192,진주,2026-02-04 19:00,4.6,,.2,0,54,1016.6,1020.3,,,,0,,.6
192,진주,2026-02-04 20:00,3,,.6,290,71,1016.6,1020.3,,,,0,,-1.1
192,진주,2026-02-04 21:00,.6,,.4,0,76,1016.9,1020.6,,,,6,,-2
192,진주,2026-02-04 22:00,-.6,,.1,0,81,1017.1,1020.8,,,,8,,-1.8
192,진주,2026-02-04 23:00,-1.5,,.3,0,80,1017,1020.7,,,,0,,-2.8
192,진주,2026-02-05 00:00,-2.3,,0,0,81,1016.8,1020.6,,,,6,,-3.1
192,진주,2026-02-05 01:00,-2.6,,.1,0,82,1016.6,1020.4,,,,4,,-3.5
192,진주,2026-02-05 02:00,-3,,0,0,81,1016.6,1020.4,,,,0,,-3.5
192,진주,2026-02-05 03:00,-3,,.1,0,82,1016.5,1020.3,,,,8,,-3.3
192,진주,2026-02-05 04:00,-3.3,,0,0,83,1016.3,1020.1,,,,8,,-3
192,진주,2026-02-05 05:00,-2.7,,.2,0,81,1016,1019.8,,,,9,,-2.3
192,진주,2026-02-05 06:00,-2.8,,0,0,82,1016.3,1020.1,,,,9,,-2.3
192,진주,2026-02-05 07:00,-2.5,,.2,0,82,1016,1019.8,,,,9,,-1.9
192,진주,2026-02-05 08:00,-2.5,,.1,0,82,1015.9,1019.7,0,.02,,8,,-2
192,진주,2026-02-05 09:00,.6,,0,0,77,1015.9,1019.6,.5,.49,,6,,2.4
192,진주,2026-02-05 10:00,2.5,,.9,290,69,1015.7,1019.4,.9,.95,,5,,7.7
192,진주,2026-02-05 11:00,6.4,,1,270,56,1015,1018.6,1,1.76,,0,,16.5
192,진주,2026-02-05 12:00,8.6,,1.1,320,49,1013.9,1017.5,1,1.91,,7,,18.6
192,진주,2026-02-05 13:00,12.9,,1.9,110,49,1012.8,1016.3,1,2,,7,,22.2
192,진주,2026-02-05 14:00,13.7,,1.2,230,49,1012,1015.5,.9,1.88,,0,,24.6
192,진주,2026-02-05 15:00,15,,1.7,110,46,1011.4,1014.9,1,1.78,,0,,23.3
192,진주,2026-02-05 16:00,14.5,,2.2,110,45,1011.4,1014.9,1,1.42,,0,,14.3
192,진주,2026-02-05 17:00,14.1,,.7,270,40,1011.9,1015.4,1,.75,,0,,10
192,진주,2026-02-05 18:00,10.6,,.1,0,47,1012.7,1016.3,.2,.15,,6,,6
192,진주,2026-02-05 19:00,10.6,,1,340,35,1013.7,1017.3,,,,6,,4
192,진주,2026-02-05 20:00,10.6,,1.9,360,29,1014.4,1018,,,,6,,4
192,진주,2026-02-05 21:00,9.7,,1.5,360,32,1014.2,1017.8,,,,6,,2.9
192,진주,2026-02-05 22:00,8,,.4,0,36,1014.3,1017.9,,,,6,,1.3
192,진주,2026-02-05 23:00,7.5,,.9,270,39,1014.4,1018,,,,9,,1.7
192,진주,2026-02-06 00:00,4.8,,.7,320,54,1014.8,1018.5,,,,9,,1.2
192,진주,2026-02-06 01:00,3.4,,.3,0,61,1014.7,1018.4,,,,10,,1.2
192,진주,2026-02-06 02:00,2.2,,.4,0,66,1014.7,1018.4,,,,6,,.2
192,진주,2026-02-06 03:00,1.3,,.4,0,72,1015,1018.7,,,,6,,-1.1
192,진주,2026-02-06 04:00,0,,.1,0,75,1014.8,1018.5,,,,7,,-.9
192,진주,2026-02-06 05:00,0,,.4,0,77,1015.2,1018.9,,,,8,,-1.3
192,진주,2026-02-06 06:00,1,,.4,0,73,1016,1019.7,,,,10,,-.9
192,진주,2026-02-06 07:00,.8,,0,0,70,1016.6,1020.3,,,,10,,-1
192,진주,2026-02-06 08:00,1.1,,0,0,69,1017.4,1021.1,0,.03,,10,,.3
192,진주,2026-02-06 09:00,4.5,,2.6,360,27,1017.9,1021.6,0,.35,,9,,4.1
192,진주,2026-02-06 10:00,5.2,,2.9,360,28,1018.2,1021.9,.3,.86,,9,,9.5
192,진주,2026-02-06 11:00,5.6,,2.8,360,24,1018.1,1021.8,.5,1.31,,7,,12.8
192,진주,2026-02-06 12:00,7,,2.6,360,18,1017.2,1020.8,1,1.83,,6,,16.2
192,진주,2026-02-06 13:00,8,,1.6,360,14,1016.6,1020.2,1,2.17,,6,,21.2
192,진주,2026-02-06 14:00,9.1,,1.9,320,11,1015.9,1019.5,1,2.14,,5,,22.1
192,진주,2026-02-06 15:00,9.8,,1.4,340,9,1015.4,1019,1,2.03,,2,,21.1
192,진주,2026-02-06 16:00,9.4,,1.3,340,11,1015.1,1018.7,1,1.41,,6,,11.8
192,진주,2026-02-06 17:00,8.3,,1.7,340,10,1014.9,1018.5,1,.68,,7,,7.8
192,진주,2026-02-06 18:00,6.8,,.6,20,13,1015.1,1018.7,.1,.14,,9,,4.1
192,진주,2026-02-06 19:00,5.5,,.7,20,16,1015.8,1019.4,0,0,,7,,2.2
192,진주,2026-02-06 20:00,4.5,,.9,20,20,1015.9,1019.6,,,,8,,1.2
192,진주,2026-02-06 21:00,3.6,,.6,20,21,1016.8,1020.5,,,,9,,.8
192,진주,2026-02-06 22:00,3,,.8,360,22,1017.1,1020.8,,,,10,,1
192,진주,2026-02-06 23:00,2.5,,1.3,20,19,1016.7,1020.4,,,,10,,1
192,진주,2026-02-07 00:00,2,,.5,360,22,1016.5,1020.2,,,,10,,.6
192,진주,2026-02-07 01:00,1.3,,.4,0,26,1016.8,1020.5,,,,10,,.2
192,진주,2026-02-07 02:00,.5,,.2,0,29,1017.1,1020.8,,,,10,,-.5
192,진주,2026-02-07 03:00,.3,,.5,20,28,1017.4,1021.1,,,,10,,-.1
192,진주,2026-02-07 04:00,.2,,.4,0,27,1017.5,1021.2,,,,10,,.1
192,진주,2026-02-07 05:00,0,,.3,0,25,1017.6,1021.3,,,,10,,.1
192,진주,2026-02-07 06:00,-.2,,.5,50,21,1018.2,1021.9,,,,10,,0
192,진주,2026-02-07 07:00,-.5,,.5,20,14,1018.1,1021.8,,,,10,,-.5
192,진주,2026-02-07 08:00,-1.2,,1.1,360,13,1018.2,1022,0,.04,,6,,-1.2
192,진주,2026-02-07 09:00,-1.4,,1.2,340,15,1018.4,1022.2,.5,.34,,2,,.1
192,진주,2026-02-07 10:00,.1,,2.3,320,16,1018,1021.7,1,1.16,,0,,7.8
192,진주,2026-02-07 11:00,.3,,3.7,360,16,1018.5,1022.2,1,1.89,,0,,13.6
192,진주,2026-02-07 12:00,1.2,,3.2,360,16,1017.8,1021.5,1,2.36,,0,,17.7
192,진주,2026-02-07 13:00,2.5,,2.8,320,13,1017,1020.7,1,2.57,,0,,20.8
192,진주,2026-02-07 14:00,2.7,,3.1,340,13,1016.7,1020.4,1,2.52,,0,,21.1
192,진주,2026-02-07 15:00,2.1,,3.1,360,12,1016.6,1020.3,1,2.22,,0,,17.1
192,진주,2026-02-07 16:00,1.4,,3.4,360,14,1016.8,1020.5,1,1.68,,0,,6.1
192,진주,2026-02-07 17:00,.3,,3.3,360,23,1017,1020.7,1,.97,,0,,2
192,진주,2026-02-07 18:00,-1.8,,2,360,26,1017.8,1021.6,.4,.21,,0,,-1.5
192,진주,2026-02-07 19:00,-2.6,,2.6,360,27,1019,1022.8,0,0,,0,,-3.3
192,진주,2026-02-07 20:00,-3.3,,3.5,320,26,1019.8,1023.6,,,,0,,-4
192,진주,2026-02-07 21:00,-3.8,,2.9,340,28,1020.2,1024,,,,0,,-4.4
192,진주,2026-02-07 22:00,-4.8,,1.9,360,31,1020.6,1024.4,,,,0,,-4.9
192,진주,2026-02-07 23:00,-5.2,,1.1,20,35,1020.5,1024.3,,,,0,,-5.3
192,진주,2026-02-08 00:00,-5.5,,1.1,360,39,1020.9,1024.7,,,,2,,-5.5
192,진주,2026-02-08 01:00,-5.4,,1.2,360,39,1020.8,1024.6,,,,2,,-5.7
192,진주,2026-02-08 02:00,-5,,3.5,320,36,1020.9,1024.7,,,,0,,-5.7
192,진주,2026-02-08 03:00,-5.9,,1.7,360,37,1020.7,1024.5,,,,0,,-6.4
192,진주,2026-02-08 04:00,-5.8,,3.3,340,33,1020.8,1024.6,,,,0,,-6.4
192,진주,2026-02-08 05:00,-6.6,,2.7,360,38,1021,1024.8,,,,0,,-6.7
192,진주,2026-02-08 06:00,-6.2,,2.4,340,39,1021.2,1025,,,,0,,-6.5
192,진주,2026-02-08 07:00,-6.7,,2.3,360,38,1021.8,1025.6,,,,0,,-7.1
192,진주,2026-02-08 08:00,-6.4,,3.5,340,36,1022.5,1026.3,0,.04,,0,,-6.2
192,진주,2026-02-08 09:00,-5,,3.7,320,33,1022.9,1026.7,1,.64,,0,,-1.6
192,진주,2026-02-08 10:00,-4.2,,3.7,360,29,1023.4,1027.2,1,1.41,,0,,4
192,진주,2026-02-08 11:00,-3,,2.2,360,25,1023.5,1027.3,1,2.04,,0,,9.3
192,진주,2026-02-08 12:00,-1.9,,2.9,360,24,1023.2,1027,1,2.44,,0,,13.9
192,진주,2026-02-08 13:00,-1.3,,5.2,320,23,1022.8,1026.6,1,2.6,,0,,15.5
192,진주,2026-02-08 14:00,-.6,,4.7,320,24,1022.4,1026.2,1,2.51,,0,,15.6
192,진주,2026-02-08 15:00,.1,,4.8,320,20,1022.5,1026.2,1,2.18,,0,,12.6
192,진주,2026-02-08 16:00,.6,,4.1,340,20,1022.6,1026.3,1,1.63,,0,,4.3
192,진주,2026-02-08 17:00,.4,,2.9,340,20,1023.1,1026.8,1,.92,,0,,.5
192,진주,2026-02-08 18:00,-.7,,2.3,340,22,1023.8,1027.6,.5,.23,,0,,-2.6
192,진주,2026-02-08 19:00,-1.7,,2.1,340,24,1024.6,1028.4,0,0,,0,,-4.1
192,진주,2026-02-08 20:00,-2.7,,1.9,360,28,1025.2,1029,,,,0,,-4.5
192,진주,2026-02-08 21:00,-3.8,,.3,0,31,1026,1029.8,,,,0,,-6
192,진주,2026-02-08 22:00,-4.5,,.6,360,32,1026.2,1030,,,,0,,-6.1
192,진주,2026-02-08 23:00,-5.8,,.5,20,38,1026.2,1030,,,,0,,-6.9
192,진주,2026-02-09 00:00,-7,,.2,0,43,1026.4,1030.3,,,,0,,-7.4
192,진주,2026-02-09 01:00,-8,,0,0,46,1026.3,1030.2,,,,0,,-8
192,진주,2026-02-09 02:00,-8.7,,.1,0,52,1026.4,1030.3,,,,0,,-8
192,진주,2026-02-09 03:00,-9,,.3,0,56,1026,1029.9,,,,0,,-8
192,진주,2026-02-09 04:00,-9.5,,.3,0,64,1024.9,1028.8,,,,0,,-8
192,진주,2026-02-09 05:00,-9,,.3,0,65,1024.8,1028.7,,,,0,,-8
192,진주,2026-02-09 06:00,-9,,.1,0,64,1025.2,1029.1,,,,0,,-8.2
192,진주,2026-02-09 07:00,-9.5,,0,0,68,1025.5,1029.4,,,,10,,-8.2
192,진주,2026-02-09 08:00,-8.4,,.1,0,72,1026.2,1030.1,.1,.05,,0,,-7.1
192,진주,2026-02-09 09:00,-4.6,,.2,0,59,1026.7,1030.5,1,.65,,0,,-.5
192,진주,2026-02-09 10:00,-1.3,,.4,0,48,1026.4,1030.2,1,1.39,,0,,7.3
192,진주,2026-02-09 11:00,1.5,,.8,360,39,1026,1029.7,1,1.99,,0,,13.4
192,진주,2026-02-09 12:00,3.2,,1.5,270,33,1025.2,1028.9,1,2.41,,0,,18.7
192,진주,2026-02-09 13:00,5,,1.1,270,29,1023.8,1027.5,1,2.59,,0,,22.5
192,진주,2026-02-09 14:00,7,,1.1,320,24,1022.2,1025.9,1,2.51,,0,,23.8
192,진주,2026-02-09 15:00,8.4,,1.4,290,23,1021.4,1025,1,2.19,,0,,20.7
192,진주,2026-02-09 16:00,8.1,,1.1,270,23,1020.5,1024.1,1,1.56,,5,,10
192,진주,2026-02-09 17:00,7.3,,1,180,28,1020.7,1024.3,1,.8,,6,,5.5
192,진주,2026-02-09 18:00,5.4,,1.2,160,36,1021.5,1025.2,.4,.19,,6,,1.8
192,진주,2026-02-09 19:00,3.6,,.9,290,50,1022.1,1025.8,0,0,,6,,-.2
192,진주,2026-02-09 20:00,3.2,,1.3,140,60,1022.4,1026.1,,,,6,,-.9
192,진주,2026-02-09 21:00,1.7,,.3,0,64,1022.5,1026.2,,,,8,,-2.3
192,진주,2026-02-09 22:00,-.9,,.3,0,69,1022.4,1026.2,,,,8,,-2.8
192,진주,2026-02-09 23:00,-1.9,,.4,0,72,1022,1025.8,,,,8,,-3.3
192,진주,2026-02-10 00:00,-3.1,,.1,0,75,1021.8,1025.6,,,,6,,-4.5
192,진주,2026-02-10 01:00,-3.4,,.1,0,77,1021.6,1025.4,,,,8,,-4.2
192,진주,2026-02-10 02:00,-4.1,,.2,0,78,1021.5,1025.3,,,,10,,-4.6
192,진주,2026-02-10 03:00,-4,,0,0,78,1021,1024.8,,,,10,,-3
192,진주,2026-02-10 04:00,-3.3,,.1,0,77,1020.4,1024.2,,,,10,,-2.3
192,진주,2026-02-10 05:00,-2.9,,.2,0,77,1020.2,1024,,,,10,,-2
192,진주,2026-02-10 06:00,-2.5,,.1,0,76,1020.1,1023.9,,,,10,,-1.8
192,진주,2026-02-10 07:00,-2.3,,0,0,76,1020.5,1024.3,,,,10,,-1.7
192,진주,2026-02-10 08:00,-1.9,,0,0,73,1020.4,1024.2,0,.02,,10,,-1
192,진주,2026-02-10 09:00,-1.1,,0,0,71,1020,1023.8,0,.09,,10,,-.4
192,진주,2026-02-10 10:00,.3,,.1,0,65,1019.7,1023.4,0,.26,,10,,2.2
192,진주,2026-02-10 11:00,2.6,,.4,0,59,1019.3,1023,0,.74,,10,,9
192,진주,2026-02-10 12:00,3.5,0,.5,320,68,1018,1021.7,0,.78,,10,,9.1
192,진주,2026-02-10 13:00,4,,.4,0,67,1017.1,1020.8,0,.59,,10,,7.5
192,진주,2026-02-10 14:00,4.1,,.5,290,65,1015.8,1019.5,0,.58,,10,,8
192,진주,2026-02-10 15:00,4.6,0,.2,0,64,1015.3,1019,0,.29,,10,,6.5
192,진주,2026-02-10 16:00,4.9,,.2,0,61,1015.2,1018.9,0,.23,,10,,5.9
192,진주,2026-02-10 17:00,4.5,,0,0,66,1014.8,1018.5,0,.09,,10,,4.5
192,진주,2026-02-10 18:00,3.9,0,0,0,71,1015.2,1018.9,0,.01,,10,,3.5
192,진주,2026-02-10 19:00,3,,0,0,85,1015.4,1019.1,0,0,,10,,2.8
192,진주,2026-02-10 20:00,3,,.1,0,83,1015.7,1019.4,,,,10,,2.5
192,진주,2026-02-10 21:00,2.6,.1,0,0,85,1016,1019.7,,,,10,,2.3
192,진주,2026-02-10 22:00,2.2,,.1,0,85,1015.8,1019.5,,,,10,,2
192,진주,2026-02-10 23:00,1.6,,0,0,88,1015.4,1019.1,,,,9,,1.2
192,진주,2026-02-11 00:00,1.5,,0,0,86,1015.6,1019.3,,,,10,,1.3
192,진주,2026-02-11 01:00,1.2,,.2,0,87,1015.3,1019,,,,10,,1.2
192,진주,2026-02-11 02:00,1.1,,.1,0,85,1015.4,1019.1,,,,10,,.8
192,진주,2026-02-11 03:00,0,,.1,0,86,1015,1018.7,,,,8,,-.5
192,진주,2026-02-11 04:00,-.7,,.1,0,89,1014.9,1018.6,,,,7,,-1.7
192,진주,2026-02-11 05:00,-1.6,,.5,70,90,1015.4,1019.1,,,,0,,-1.8
192,진주,2026-02-11 06:00,-.9,,.4,0,90,1016.1,1019.8,,,,8,,-1.3
192,진주,2026-02-11 07:00,-1.9,,.1,0,91,1016.9,1020.7,,,,0,,-3.1
192,진주,2026-02-11 08:00,-.7,,.7,290,94,1017.5,1021.2,0,.06,,0,,-2.3
192,진주,2026-02-11 09:00,3.2,,.2,0,76,1017.9,1021.6,1,.69,,0,,2.7
192,진주,2026-02-11 10:00,6.3,,.8,250,57,1017.9,1021.5,1,1.17,,0,,9.1
192,진주,2026-02-11 11:00,8.3,,1,230,48,1017.9,1021.5,1,1.87,,0,,18.2
192,진주,2026-02-11 12:00,10,,1.4,230,43,1017.3,1020.9,1,2.63,,6,,27.8
192,진주,2026-02-11 13:00,9.6,,1.4,250,42,1016.4,1020,.8,2.07,,5,,20.4
192,진주,2026-02-11 14:00,9.7,,.6,270,42,1015.9,1019.5,.4,1.49,,6,,17.4
192,진주,2026-02-11 15:00,9.6,,1.9,360,44,1016,1019.6,.1,.87,,7,,14.9
192,진주,2026-02-11 16:00,8.8,,2.4,360,45,1016.3,1019.9,.1,.64,,7,,11.8
192,진주,2026-02-11 17:00,8.1,,2.2,360,45,1016.4,1020,.2,.44,,5,,8
192,진주,2026-02-11 18:00,6.9,,1.7,340,47,1016.9,1020.5,.3,.16,,0,,4
192,진주,2026-02-11 19:00,4.4,,.5,70,53,1017.7,1021.4,0,0,,0,,1.1
192,진주,2026-02-11 20:00,3.2,,.3,0,56,1017.9,1021.6,,,,0,,-.9
192,진주,2026-02-11 21:00,1.2,,.1,0,65,1018.1,1021.8,,,,0,,-2.5
192,진주,2026-02-11 22:00,-.7,,.3,0,74,1018.1,1021.8,,,,0,,-3.5
192,진주,2026-02-11 23:00,-1.8,,.1,0,79,1018.3,1022.1,,,,0,,-4
192,진주,2026-02-12 00:00,-3.1,,0,0,80,1018.3,1022.1,,,,0,,-4.2
192,진주,2026-02-12 01:00,-3.7,,.3,0,84,1018.5,1022.3,,,,0,,-4.5
192,진주,2026-02-12 02:00,-4.2,,0,0,84,1018.6,1022.4,,,,0,,-4.9
192,진주,2026-02-12 03:00,-5,,0,0,84,1018.5,1022.3,,,,0,,-5.1
192,진주,2026-02-12 04:00,-5.3,,0,0,85,1018.5,1022.3,,,,0,,-5.6
192,진주,2026-02-12 05:00,-6,,.1,0,85,1018.4,1022.2,,,,0,,-5.9
192,진주,2026-02-12 06:00,-6,,.1,0,87,1019,1022.8,,,,0,,-6.1
192,진주,2026-02-12 07:00,-6.5,,.2,0,87,1019.6,1023.4,,,,0,,-6.2
192,진주,2026-02-12 08:00,-5.9,,.1,0,88,1020.4,1024.2,.1,.07,,0,,-5
192,진주,2026-02-12 09:00,-2.1,,0,0,82,1020.8,1024.6,1,.78,,0,,.8
192,진주,2026-02-12 10:00,1.8,,.6,340,69,1020.7,1024.4,1,1.56,,0,,7.9
192,진주,2026-02-12 11:00,5.4,,.5,270,47,1020.3,1024,1,1.96,,0,,15.9
192,진주,2026-02-12 12:00,8.7,,1.3,290,30,1019.5,1023.1,1,2.35,,0,,22.4
192,진주,2026-02-12 13:00,10.7,,1.5,290,23,1018.6,1022.2,1,2.53,,0,,26.2
192,진주,2026-02-12 14:00,11.5,,1.2,290,19,1017.5,1021.1,1,2.45,,0,,26.8
192,진주,2026-02-12 15:00,12.1,,1.6,180,23,1016.8,1020.4,1,2.11,,0,,23.3
192,진주,2026-02-12 16:00,11.8,,1.8,200,22,1016.6,1020.2,1,1.56,,0,,14.4
192,진주,2026-02-12 17:00,10.9,,1.2,140,25,1016.7,1020.3,1,.86,,0,,9
192,진주,2026-02-12 18:00,8.5,,1.1,180,31,1017.2,1020.8,.6,.21,,0,,4.2
192,진주,2026-02-12 19:00,5.3,,.1,0,38,1017.6,1021.3,0,0,,0,,1.1
192,진주,2026-02-12 20:00,3,,0,0,56,1017.7,1021.4,,,,0,,-.9
192,진주,2026-02-12 21:00,.1,,.1,0,62,1018.1,1021.8,,,,0,,-2.3
192,진주,2026-02-12 22:00,-1,,.1,0,63,1018,1021.7,,,,0,,-3.5
192,진주,2026-02-12 23:00,-2,,0,0,67,1017.9,1021.7,,,,0,,-4
192,진주,2026-02-13 00:00,-2.8,,0,0,68,1017.7,1021.5,,,,0,,-4.5
192,진주,2026-02-13 01:00,-3.5,,.1,0,70,1017.4,1021.2,,,,0,,-4.6
192,진주,2026-02-13 02:00,-4,,0,0,72,1017.2,1021,,,,0,,-5
192,진주,2026-02-13 03:00,-4.6,,0,0,73,1017.6,1021.4,,,,0,,-5.4
192,진주,2026-02-13 04:00,-5.1,,0,0,76,1018,1021.8,,,,0,,-5.4
192,진주,2026-02-13 05:00,-5.6,,0,0,77,1017.8,1021.6,,,,0,,-5.6
192,진주,2026-02-13 06:00,-5.9,,.1,0,79,1017.7,1021.5,,,,0,,-5.9
192,진주,2026-02-13 07:00,-6.2,,0,0,81,1018.1,1021.9,,,,0,,-6
192,진주,2026-02-13 08:00,-5.5,,0,0,80,1018.3,1022.1,.1,.07,,0,,-4.7
192,진주,2026-02-13 09:00,-1.5,,.1,0,74,1018.5,1022.3,1,.69,,0,,1.1
192,진주,2026-02-13 10:00,2.2,,.2,0,60,1017.9,1021.6,1,1.36,,0,,8.1
192,진주,2026-02-13 11:00,6.9,,.8,270,39,1017.7,1021.3,1,1.87,,0,,16.2
192,진주,2026-02-13 12:00,9,,1,320,32,1016.8,1020.4,1,2.24,,3,,22.4
192,진주,2026-02-13 13:00,11.6,,1.2,320,26,1015.7,1019.3,1,2.3,,4,,25.2
192,진주,2026-02-13 14:00,13.1,,1.2,270,24,1015,1018.5,1,2.33,,0,,27.2
192,진주,2026-02-13 15:00,13.7,,1.2,270,21,1014.5,1018,1,2.02,,0,,23.8
192,진주,2026-02-13 16:00,13.6,,2.1,230,20,1014.3,1017.8,1,1.51,,0,,15.6
192,진주,2026-02-13 17:00,12.8,,1.6,110,22,1014.3,1017.8,1,.88,,0,,10.1
192,진주,2026-02-13 18:00,10.8,,1.2,290,31,1014.5,1018.1,.6,.23,,0,,5.9
192,진주,2026-02-13 19:00,6.1,,.2,0,45,1015.3,1018.9,0,.01,,0,,2
192,진주,2026-02-13 20:00,4.5,,.3,0,56,1015.5,1019.2,,,,0,,.9
192,진주,2026-02-13 21:00,2.5,,.1,0,63,1015.7,1019.4,,,,0,,-.7
192,진주,2026-02-13 22:00,1,,0,0,71,1016.3,1020,,,,0,,-1.8
192,진주,2026-02-13 23:00,-.1,,0,0,77,1016.3,1020,,,,0,,-2.5
192,진주,2026-02-14 00:00,-.9,,0,0,76,1016.5,1020.2,,,,0,,-3
192,진주,2026-02-14 01:00,-1.7,,0,0,80,1016.5,1020.3,,,,4,,-3.5
192,진주,2026-02-14 02:00,-2.5,,.1,0,81,1016.3,1020.1,,,,0,,-3.6
192,진주,2026-02-14 03:00,-2.6,,0,0,83,1016,1019.8,,,,8,,-3.4
192,진주,2026-02-14 04:00,-2.8,,.1,0,84,1015.7,1019.5,,,,0,,-3.8
192,진주,2026-02-14 05:00,-3.3,,.1,0,85,1015.8,1019.6,,,,8,,-3.6
192,진주,2026-02-14 06:00,-3,,.1,0,85,1015.8,1019.6,,,,10,,-3.1
192,진주,2026-02-14 07:00,-3.3,,.1,0,85,1015.7,1019.5,,,,0,,-4.1
192,진주,2026-02-14 08:00,-2.8,,.1,0,85,1016,1019.8,.1,.11,,10,,-1.6
192,진주,2026-02-14 09:00,1.4,,.3,0,74,1016.1,1019.8,1,.73,,8,,4.5
192,진주,2026-02-14 10:00,3.6,,.9,320,62,1015.6,1019.3,.9,1.12,,8,,8.9
192,진주,2026-02-14 11:00,7.1,,.7,290,51,1014.9,1018.5,.8,1.34,,8,,16.6
192,진주,2026-02-14 12:00,9.1,,.7,270,48,1013.7,1017.3,.7,1.62,,8,,18.6
192,진주,2026-02-14 13:00,11.5,,.8,270,45,1012.6,1016.2,.7,1.88,,6,,23.7
192,진주,2026-02-14 14:00,13,,.8,250,42,1011.9,1015.4,.5,1.53,,8,,21.8
192,진주,2026-02-14 15:00,15.8,,.4,0,42,1011.3,1014.8,.3,1.07,,8,,19.1
192,진주,2026-02-14 16:00,15.1,,1.6,160,50,1011,1014.5,.3,.74,,8,,16.8
192,진주,2026-02-14 17:00,14.6,,1.1,200,54,1010.9,1014.4,.1,.44,,9,,13.6
192,진주,2026-02-14 18:00,13.1,,.7,140,63,1010.9,1014.4,.4,.23,,4,,8.6
192,진주,2026-02-14 19:00,9.2,,.3,0,73,1011.5,1015.1,0,0,,5,,4.8
192,진주,2026-02-14 20:00,6.7,,.1,0,81,1011.8,1015.4,,,,0,,2.5
192,진주,2026-02-14 21:00,4.8,,.1,0,86,1012.3,1015.9,,,,0,,1.2
192,진주,2026-02-14 22:00,3.8,,.1,0,90,1012.8,1016.5,,,,0,,.3
192,진주,2026-02-14 23:00,3,,.2,0,92,1012.7,1016.4,,,,0,,-.5
192,진주,2026-02-15 00:00,1.5,,0,0,92,1013,1016.7,,,,0,,-1
192,진주,2026-02-15 01:00,.6,,0,0,93,1013.1,1016.8,,,,0,,-1.7
192,진주,2026-02-15 02:00,-.2,,0,0,93,1013.6,1017.3,,,,0,,-2.3
192,진주,2026-02-15 03:00,-.9,,0,0,93,1013.6,1017.3,,,,0,,-2.8
192,진주,2026-02-15 04:00,-1.3,,0,0,93,1013.4,1017.1,,,,0,,-3
192,진주,2026-02-15 05:00,-1.9,,0,0,93,1013.5,1017.2,,,,0,,-3.3
192,진주,2026-02-15 06:00,-1.9,,0,0,93,1014.2,1017.9,,,,0,,-3.5
192,진주,2026-02-15 07:00,-2.3,,.1,0,93,1014.6,1018.4,,,,0,,-3.6
192,진주,2026-02-15 08:00,-1.7,,.2,0,94,1015.4,1019.1,.1,.08,,0,,-2.3
192,진주,2026-02-15 09:00,1.7,,.1,0,92,1015.6,1019.3,1,.66,,0,,3.9
192,진주,2026-02-15 10:00,6.5,,.1,0,79,1015.7,1019.3,1,1.34,,0,,13
192,진주,2026-02-15 11:00,11.5,,1.1,290,59,1015.3,1018.9,1,1.9,,0,,21.6
192,진주,2026-02-15 12:00,14.3,,1.1,270,49,1014.2,1017.7,1,2.32,,0,,27.6
192,진주,2026-02-15 13:00,16,,1.6,290,43,1013.5,1017,1,2.49,,0,,30.9
192,진주,2026-02-15 14:00,18.2,,1.2,320,35,1012.9,1016.4,1,2.37,,0,,31.3
192,진주,2026-02-15 15:00,18.2,,1.5,230,29,1012.5,1016,1,2.04,,0,,27.8
192,진주,2026-02-15 16:00,18.3,,1.3,140,32,1012.1,1015.6,1,1.48,,3,,20
192,진주,2026-02-15 17:00,17.2,,.9,110,38,1012.2,1015.7,1,.77,,3,,14.6
192,진주,2026-02-15 18:00,14,,.3,0,47,1012.9,1016.4,.6,.24,,0,,9.3
192,진주,2026-02-15 19:00,11.7,,.7,290,51,1013.5,1017.1,0,0,,5,,6.1
192,진주,2026-02-15 20:00,9.8,,.4,0,52,1014.3,1017.9,,,,8,,5.1
192,진주,2026-02-15 21:00,8.3,,.3,0,52,1014.9,1018.5,,,,7,,3.7
192,진주,2026-02-15 22:00,7.1,,.5,340,58,1015.6,1019.2,,,,6,,2.6
192,진주,2026-02-15 23:00,4.3,,.4,0,66,1015.9,1019.6,,,,0,,.6
192,진주,2026-02-16 00:00,2.7,,.3,0,70,1015.8,1019.5,,,,0,,-.4
192,진주,2026-02-16 01:00,1.7,,.1,0,71,1015.9,1019.6,,,,0,,-1.3
192,진주,2026-02-16 02:00,.4,,.1,0,73,1015.8,1019.5,,,,5,,-2
192,진주,2026-02-16 03:00,-.2,,0,0,75,1015.9,1019.6,,,,8,,-2.6
192,진주,2026-02-16 04:00,-1.4,,0,0,80,1016.4,1020.1,,,,6,,-3.3
192,진주,2026-02-16 05:00,-1.3,,0,0,83,1016.6,1020.3,,,,8,,-2.3
192,진주,2026-02-16 06:00,-.6,,0,0,82,1017.2,1020.9,,,,9,,-1.4
192,진주,2026-02-16 07:00,-.4,,0,0,82,1018,1021.7,,,,10,,-.5
192,진주,2026-02-16 08:00,.7,,.1,0,82,1018.3,1022,0,.05,,9,,1
192,진주,2026-02-16 09:00,3.2,,.4,0,74,1019.1,1022.8,0,.21,,9,,4.2
192,진주,2026-02-16 10:00,6.4,,.6,90,31,1019.2,1022.8,0,.64,,9,,9.7
192,진주,2026-02-16 11:00,7.8,,1.3,50,24,1018.6,1022.2,.4,1.11,,9,,11.8
192,진주,2026-02-16 12:00,10.1,,1.6,90,19,1017.7,1021.3,.5,1.76,,7,,22.1
192,진주,2026-02-16 13:00,11,,1.4,230,17,1016.7,1020.3,1,2.56,,7,,28
192,진주,2026-02-16 14:00,12.1,,1.6,320,13,1016.1,1019.7,1,2.33,,8,,25.8
192,진주,2026-02-16 15:00,13.1,,1.6,360,11,1015.8,1019.3,1,2.27,,5,,26.2
192,진주,2026-02-16 16:00,12.3,,1.8,340,13,1015.8,1019.4,1,1.58,,6,,16.3
192,진주,2026-02-16 17:00,12,,.9,360,17,1016.2,1019.8,1,.89,,5,,10.9
192,진주,2026-02-16 18:00,9.6,,.7,90,25,1016.7,1020.3,.5,.26,,5,,5.8
192,진주,2026-02-16 19:00,6.3,,.1,0,33,1017.4,1021,0,0,,5,,2.2
192,진주,2026-02-16 20:00,4.4,,.1,0,45,1018.4,1022.1,,,,8,,1.5
192,진주,2026-02-16 21:00,3.9,,.1,0,46,1019.2,1022.9,,,,5,,.6
192,진주,2026-02-16 22:00,4.1,,.1,0,57,1019.7,1023.4,,,,6,,.6
192,진주,2026-02-16 23:00,2.8,,.2,0,61,1020,1023.7,,,,4,,-.4
192,진주,2026-02-17 00:00,1.3,,0,0,67,1020,1023.7,,,,5,,-1.4
192,진주,2026-02-17 01:00,.3,,.2,0,72,1020.4,1024.1,,,,6,,-1.9
192,진주,2026-02-17 02:00,-.2,,0,0,77,1020.3,1024,,,,7,,-2.1
192,진주,2026-02-17 03:00,-.9,,0,0,78,1020.3,1024.1,,,,8,,-2.3
192,진주,2026-02-17 04:00,-1.8,,0,0,84,1020,1023.8,,,,0,,-3.5
192,진주,2026-02-17 05:00,-2.3,,.1,0,86,1019.7,1023.5,,,,0,,-3.8
192,진주,2026-02-17 06:00,-3.1,,0,0,87,1019.9,1023.7,,,,0,,-4
192,진주,2026-02-17 07:00,-3.2,,.2,0,85,1020,1023.8,,,,0,,-4.2
192,진주,2026-02-17 08:00,-2.4,,.2,0,82,1020.5,1024.3,.2,.11,,0,,-2.8
192,진주,2026-02-17 09:00,1.7,,.1,0,64,1020.5,1024.2,1,.98,,0,,4.4
192,진주,2026-02-17 10:00,4.5,,1,290,57,1020.1,1023.8,1,1.49,,2,,13.5
192,진주,2026-02-17 11:00,6.8,,1.2,290,53,1019.5,1023.1,1,2.05,,0,,21.4
192,진주,2026-02-17 12:00,8.6,,1,290,43,1018.2,1021.8,1,2.48,,0,,26.7
192,진주,2026-02-17 13:00,10.6,,1.3,290,33,1016.8,1020.4,1,2.68,,0,,30.3
192,진주,2026-02-17 14:00,11.4,,1.5,320,31,1015.7,1019.3,1,2.59,,0,,30.5
192,진주,2026-02-17 15:00,12.5,,.7,320,21,1014.9,1018.4,1,2.25,,0,,27.5
192,진주,2026-02-17 16:00,12.8,,1.4,250,20,1014.4,1017.9,1,1.73,,0,,17.6
192,진주,2026-02-17 17:00,12.6,,1.5,320,13,1014.5,1018,1,1.04,,0,,10.6
192,진주,2026-02-17 18:00,10.4,,1.2,360,14,1014.8,1018.4,.8,.29,,0,,5.9
192,진주,2026-02-17 19:00,8.1,,1.1,290,22,1015.4,1019,0,.01,,0,,2.1
192,진주,2026-02-17 20:00,6,,1.4,320,29,1015.8,1019.4,,,,0,,.1
192,진주,2026-02-17 21:00,4.1,,.2,0,26,1016.4,1020.1,,,,3,,-.8
192,진주,2026-02-17 22:00,1.8,,.4,0,33,1016.8,1020.5,,,,0,,-3
192,진주,2026-02-17 23:00,-.4,,.1,0,43,1017,1020.7,,,,4,,-3.8
192,진주,2026-02-18 00:00,-1.3,,.1,0,46,1016.9,1020.6,,,,7,,-3.4
192,진주,2026-02-18 01:00,-1.4,,.1,0,49,1017.3,1021,,,,6,,-3.1
192,진주,2026-02-18 02:00,-1.8,,0,0,54,1017.1,1020.9,,,,9,,-3.5
192,진주,2026-02-18 03:00,-1.2,,.6,250,54,1017,1020.7,,,,3,,-4.5
192,진주,2026-02-18 04:00,-2.5,,.2,0,56,1016.8,1020.6,,,,0,,-5.3
192,진주,2026-02-18 05:00,-3.1,,.3,0,63,1017,1020.8,,,,0,,-5.7
192,진주,2026-02-18 06:00,-4.3,,.2,0,66,1017,1020.8,,,,0,,-6
192,진주,2026-02-18 07:00,-5,,.3,0,70,1017.3,1021.1,,,,0,,-6.1
192,진주,2026-02-18 08:00,-3.8,,.2,0,67,1018.1,1021.9,.2,.09,,0,,-4.5
192,진주,2026-02-18 09:00,.3,,.7,270,60,1018.7,1022.4,1,.75,,0,,2.9
192,진주,2026-02-18 10:00,3.4,,.4,0,48,1018.7,1022.4,1,1.44,,0,,11.6
192,진주,2026-02-18 11:00,6.2,,1.1,320,36,1018.6,1022.2,1,1.99,,0,,19.2
192,진주,2026-02-18 12:00,8.8,,.8,250,23,1018,1021.6,1,2.4,,0,,25.3
192,진주,2026-02-18 13:00,10.1,,1,50,24,1017,1020.6,1,2.58,,0,,28.2
192,진주,2026-02-18 14:00,11.2,,1.1,20,25,1016.2,1019.8,1,2.46,,0,,28.6
192,진주,2026-02-18 15:00,12.2,,1.6,250,23,1015.6,1019.2,1,2.16,,1,,25.6
192,진주,2026-02-18 16:00,11.8,,3.1,340,22,1015.8,1019.4,1,1.64,,1,,16.3
192,진주,2026-02-18 17:00,10.8,,3.3,340,24,1016,1019.6,1,.95,,0,,10.2
192,진주,2026-02-18 18:00,8.9,,1.5,320,25,1016.7,1020.3,.7,.3,,0,,5.4
192,진주,2026-02-18 19:00,6.4,,.4,0,28,1017.5,1021.1,0,0,,0,,1.6
192,진주,2026-02-18 20:00,3.6,,.7,250,40,1018.1,1021.8,,,,0,,-1
192,진주,2026-02-18 21:00,4.5,,1,340,24,1019.1,1022.8,,,,0,,-1.2
192,진주,2026-02-18 22:00,3.7,,1.2,290,31,1019.8,1023.5,,,,0,,-1.3
192,진주,2026-02-18 23:00,.1,,.6,50,38,1020,1023.7,,,,0,,-3
192,진주,2026-02-19 00:00,-1.4,,.4,0,43,1020.8,1024.6,,,,0,,-4.1
192,진주,2026-02-19 01:00,-2.6,,.2,0,48,1021.2,1025,,,,0,,-4.7
192,진주,2026-02-19 02:00,-3.3,,.2,0,52,1021.2,1025,,,,0,,-5.2
192,진주,2026-02-19 03:00,-4.1,,0,0,55,1021.3,1025.1,,,,0,,-5.6
192,진주,2026-02-19 04:00,-4.9,,.2,0,60,1021.3,1025.1,,,,0,,-5.9
192,진주,2026-02-19 05:00,-5.1,,.1,0,63,1021.3,1025.1,,,,0,,-6.4
192,진주,2026-02-19 06:00,-6.1,,0,0,66,1021.7,1025.5,,,,0,,-6.9
192,진주,2026-02-19 07:00,-6.7,,.1,0,68,1021.9,1025.7,,,,0,,-7
192,진주,2026-02-19 08:00,-5.1,,.4,0,64,1022.1,1025.9,.2,.09,,0,,-5.5
192,진주,2026-02-19 09:00,-.6,,.3,0,48,1022.2,1026,1,.85,,0,,3.1
192,진주,2026-02-19 10:00,2.7,,.7,180,38,1022,1025.7,1,1.61,,0,,12.1
192,진주,2026-02-19 11:00,5.6,,1.5,270,29,1021.8,1025.5,1,2.21,,0,,20.6
192,진주,2026-02-19 12:00,8.1,,1.1,340,20,1021,1024.6,1,2.64,,0,,26.8
192,진주,2026-02-19 13:00,10.1,,1.4,290,15,1019.3,1022.9,1,2.81,,0,,30.4
192,진주,2026-02-19 14:00,11.6,,1.3,290,13,1018.4,1022,1,2.72,,0,,31.3
192,진주,2026-02-19 15:00,12.1,,1.3,290,14,1017.7,1021.3,1,2.31,,5,,26.7
192,진주,2026-02-19 16:00,11.6,,1.5,230,18,1017,1020.6,1,1.66,,4,,16.9
192,진주,2026-02-19 17:00,11.2,,1.5,140,16,1016.7,1020.3,1,1.03,,3,,10.4
192,진주,2026-02-19 18:00,9.1,,.7,110,19,1017.1,1020.7,.4,.21,,8,,6
192,진주,2026-02-19 19:00,7.5,,.6,90,32,1017.7,1021.3,0,0,,8,,4.2
192,진주,2026-02-19 20:00,5.4,,.2,0,41,1017.8,1021.5,,,,9,,2.7
192,진주,2026-02-19 21:00,3.7,,.1,0,45,1017.8,1021.5,,,,8,,1.3
192,진주,2026-02-19 22:00,2.4,,.3,0,52,1017.6,1021.3,,,,9,,1.1
192,진주,2026-02-19 23:00,1.8,,0,0,54,1017.7,1021.4,,,,9,,.6
192,진주,2026-02-20 00:00,1,,.1,0,58,1017.7,1021.4,,,,9,,-.4
192,진주,2026-02-20 01:00,-.2,,0,0,58,1018,1021.7,,,,6,,-1.7
192,진주,2026-02-20 02:00,-.9,,.1,0,61,1018.3,1022,,,,8,,-2.6
192,진주,2026-02-20 03:00,-1.9,,0,0,61,1018.1,1021.9,,,,8,,-3
192,진주,2026-02-20 04:00,-2.5,,.2,0,64,1017.9,1021.7,,,,6,,-4
192,진주,2026-02-20 05:00,-2.9,,.1,0,68,1017.7,1021.5,,,,7,,-4.4
192,진주,2026-02-20 06:00,-3.5,,.2,0,70,1017.6,1021.4,,,,6,,-4.5
192,진주,2026-02-20 07:00,-4,,0,0,70,1017.5,1021.3,,,,0,,-5.2
192,진주,2026-02-20 08:00,-3.1,,.2,0,69,1017.5,1021.3,.2,.1,,0,,-3.5
192,진주,2026-02-20 09:00,.9,,.3,0,60,1017.6,1021.3,1,.73,,0,,4.1
192,진주,2026-02-20 10:00,5.3,,.6,200,44,1017.4,1021.1,1,1.48,,0,,14
192,진주,2026-02-20 11:00,8.5,,1,290,32,1016.6,1020.2,1,2.08,,0,,22.5
192,진주,2026-02-20 12:00,12,,.5,340,27,1015.5,1019.1,1,2.53,,0,,28.8
192,진주,2026-02-20 13:00,13.7,,2.8,140,28,1014.3,1017.8,1,2.65,,0,,30.5
192,진주,2026-02-20 14:00,14.7,,3.4,250,23,1013.2,1016.7,1,2.53,,0,,30.7
192,진주,2026-02-20 15:00,14.6,,2.5,180,19,1012.4,1015.9,1,2.26,,0,,27.1
192,진주,2026-02-20 16:00,13.8,,2.4,140,26,1012.2,1015.7,1,1.68,,0,,18.4
192,진주,2026-02-20 17:00,12.8,,1.8,140,34,1012.3,1015.8,1,.97,,0,,12.3
192,진주,2026-02-20 18:00,11.5,,.8,250,42,1012.9,1016.5,.7,.28,,0,,7.9
192,진주,2026-02-20 19:00,9.5,,.7,180,52,1013.2,1016.8,0,.01,,0,,4.6
192,진주,2026-02-20 20:00,7.5,,1,180,68,1013.6,1017.2,,,,0,,2.7
192,진주,2026-02-20 21:00,8.1,,.3,0,66,1013.8,1017.4,,,,0,,2.2
192,진주,2026-02-20 22:00,3.5,,.1,0,74,1014.2,1017.9,,,,0,,.1
192,진주,2026-02-20 23:00,1.7,,0,0,81,1014.3,1018,,,,0,,-1
192,진주,2026-02-21 00:00,.5,,.1,0,82,1014.1,1017.8,,,,0,,-1.9
192,진주,2026-02-21 01:00,-.4,,0,0,86,1014.2,1017.9,,,,0,,-2.6
192,진주,2026-02-21 02:00,-.9,,0,0,87,1014.1,1017.8,,,,0,,-3
192,진주,2026-02-21 03:00,-1.7,,.1,0,88,1013.9,1017.6,,,,0,,-3.3
192,진주,2026-02-21 04:00,-2.1,,.2,0,89,1013.7,1017.4,,,,0,,-3.3
192,진주,2026-02-21 05:00,-2.1,,.1,0,90,1013.4,1017.1,,,,0,,-3.5
192,진주,2026-02-21 06:00,-2.5,,.2,0,90,1013.7,1017.5,,,,0,,-3.6
192,진주,2026-02-21 07:00,-2.9,,0,0,90,1013.5,1017.3,,,,0,,-4
192,진주,2026-02-21 08:00,-2.1,,0,0,89,1014.3,1018,.2,.11,,0,,-1.8
192,진주,2026-02-21 09:00,1.9,,.4,0,78,1014.3,1018,1,.72,,0,,5.7
192,진주,2026-02-21 10:00,5.5,,.4,0,64,1013.9,1017.5,1,1.34,,0,,14.6
192,진주,2026-02-21 11:00,9.3,,.8,290,60,1013.3,1016.9,1,1.98,,0,,22.9
192,진주,2026-02-21 12:00,14.8,,2.1,180,48,1012.1,1015.6,1,2.41,,0,,28.9
192,진주,2026-02-21 13:00,15.6,,2.1,140,43,1011.1,1014.6,1,2.57,,0,,31.5
192,진주,2026-02-21 14:00,16,,2.3,160,41,1010.1,1013.6,1,2.5,,0,,31.6
192,진주,2026-02-21 15:00,15.9,,3.1,180,42,1009.3,1012.8,1,2.18,,0,,28.5
192,진주,2026-02-21 16:00,16,,2.3,110,41,1008.8,1012.3,1,1.67,,0,,20.3
192,진주,2026-02-21 17:00,14.8,,2.2,180,48,1009.1,1012.6,1,.99,,0,,14.3
192,진주,2026-02-21 18:00,13.1,,1.5,140,52,1009,1012.5,.8,.29,,0,,9.9
192,진주,2026-02-21 19:00,11.6,,.6,50,52,1009.2,1012.7,0,0,,0,,6.6
192,진주,2026-02-21 20:00,10.8,,.6,160,61,1009.4,1013,,,,0,,5.6
192,진주,2026-02-21 21:00,9.5,,.4,0,71,1009.8,1013.4,,,,0,,4
192,진주,2026-02-21 22:00,7.6,,.1,0,74,1009.7,1013.3,,,,0,,3.2
192,진주,2026-02-21 23:00,5.6,,.1,0,83,1009.2,1012.8,,,,0,,2
192,진주,2026-02-22 00:00,4.4,,.3,0,87,1009.2,1012.8,,,,0,,1.2
192,진주,2026-02-22 01:00,3.5,,.1,0,89,1009,1012.7,,,,0,,.6
192,진주,2026-02-22 02:00,2.2,,0,0,91,1008.6,1012.3,,,,0,,.2
192,진주,2026-02-22 03:00,2,,0,0,91,1008.2,1011.9,,,,0,,0
192,진주,2026-02-22 04:00,1.5,,.1,0,92,1007.6,1011.3,,,,0,,0
192,진주,2026-02-22 05:00,1.6,,.3,0,92,1007.2,1010.9,,,,0,,1
192,진주,2026-02-22 06:00,1.1,,0,0,93,1007.4,1011.1,,,,0,,.1
192,진주,2026-02-22 07:00,1.1,,0,0,94,1007.2,1010.9,,,,0,,-.3
192,진주,2026-02-22 08:00,2.4,,.2,0,94,1006.7,1010.4,.1,.12,,0,,2.7
192,진주,2026-02-22 09:00,7.7,,.2,0,80,1006.2,1009.8,1,.76,,0,,10.8
192,진주,2026-02-22 10:00,15.6,,.7,200,66,1005.8,1009.3,.7,1.07,,8,,15.8
192,진주,2026-02-22 11:00,17,,4.7,250,64,1005.7,1009.2,.8,1.43,,4,,23
192,진주,2026-02-22 12:00,18.7,,2.9,250,55,1004.5,1007.9,1,2.3,,0,,29.5
192,진주,2026-02-22 13:00,20.1,,2,200,53,1003.4,1006.8,.7,2.03,,0,,32.5
192,진주,2026-02-22 14:00,20.9,,2.7,250,48,1002.5,1005.9,1,2.45,,0,,34.4
192,진주,2026-02-22 15:00,21.3,,3.9,250,47,1002.1,1005.5,1,2.12,,0,,31.8
192,진주,2026-02-22 16:00,19.5,,4.5,270,46,1003.3,1006.7,1,1.54,,0,,23.4
192,진주,2026-02-22 17:00,17.1,,4.5,230,28,1004.8,1008.3,1,.78,,0,,16.7
192,진주,2026-02-22 18:00,15.3,,3.3,250,21,1006.2,1009.7,.3,.25,,0,,11.8
192,진주,2026-02-22 19:00,13.5,,2,250,18,1007.3,1010.8,0,0,,0,,7.9
192,진주,2026-02-22 20:00,10.4,,3.1,360,16,1009.3,1012.9,,,,0,,5.6
192,진주,2026-02-22 21:00,8.1,,3.3,360,16,1011.3,1014.9,,,,0,,4
192,진주,2026-02-22 22:00,7,,4,340,14,1012.9,1016.5,,,,0,,3.2
192,진주,2026-02-22 23:00,6.3,,4.2,360,14,1014.5,1018.1,,,,0,,2.5
192,진주,2026-02-23 00:00,5.5,,2.6,360,14,1015.6,1019.2,,,,0,,1.5
192,진주,2026-02-23 01:00,5.3,,2.5,360,16,1016.2,1019.9,,,,0,,.6
192,진주,2026-02-23 02:00,4.4,,2.9,360,30,1016.7,1020.4,,,,0,,.8
192,진주,2026-02-23 03:00,3.7,,1.5,360,38,1017,1020.7,,,,0,,.2
192,진주,2026-02-23 04:00,3,,1.4,70,41,1017.4,1021.1,,,,0,,-.9
192,진주,2026-02-23 05:00,1.7,,.4,0,45,1018.3,1022,,,,0,,-2
192,진주,2026-02-23 06:00,-.4,,.3,0,51,1019.5,1023.2,,,,3,,-3.5
192,진주,2026-02-23 07:00,-1.3,,.1,0,56,1020.2,1024,,,,9,,-4.2
192,진주,2026-02-23 08:00,-.5,,0,0,58,1021.5,1025.3,.2,.11,,2,,-2.3
192,진주,2026-02-23 09:00,3.2,,.3,0,50,1021.9,1025.6,1,.77,,0,,6.6
192,진주,2026-02-23 10:00,5.8,,1,290,33,1022.3,1026,1,1.46,,0,,15.4
192,진주,2026-02-23 11:00,7.9,,1.3,290,27,1022,1025.6,1,2.1,,0,,23.2
192,진주,2026-02-23 12:00,9.6,,1.4,250,19,1021.7,1025.3,1,2.5,,0,,28.3
192,진주,2026-02-23 13:00,11.5,,1.1,200,15,1019.9,1023.5,1,2.67,,5,,31.3
192,진주,2026-02-23 14:00,12.4,,1.1,230,14,1018.9,1022.5,1,2.54,,5,,33
192,진주,2026-02-23 15:00,13.3,,1.5,200,15,1018.6,1022.2,1,2.28,,2,,29.7
192,진주,2026-02-23 16:00,12.7,,2.2,160,18,1018.9,1022.5,1,1.73,,3,,19.4
192,진주,2026-02-23 17:00,12.3,,1.4,230,19,1018.7,1022.3,1,1.04,,1,,12.6
192,진주,2026-02-23 18:00,10.1,,1.5,200,28,1019.7,1023.3,.8,.31,,0,,7.9
192,진주,2026-02-23 19:00,8.1,,.5,70,37,1020.3,1023.9,0,0,,2,,4.4
192,진주,2026-02-23 20:00,4.5,,.1,0,47,1020.7,1024.4,,,,4,,2.2
192,진주,2026-02-23 21:00,3.7,,.1,0,52,1021,1024.7,,,,5,,1
192,진주,2026-02-23 22:00,2.4,,.1,0,57,1021.6,1025.3,,,,6,,1.1
192,진주,2026-02-23 23:00,1.8,,.1,0,60,1021.5,1025.2,,,,6,,.6
192,진주,2026-02-24 00:00,.6,,.1,0,64,1021.1,1024.8,,,,4,,-1.1
192,진주,2026-02-24 01:00,0,,.2,0,66,1020.9,1024.6,,,,6,,-1.8
192,진주,2026-02-24 02:00,-.5,,.5,360,67,1020.7,1024.4,,,,8,,-1.7
192,진주,2026-02-24 03:00,-.7,,.1,0,66,1020.5,1024.3,,,,8,,-.7
192,진주,2026-02-24 04:00,-.2,,.1,0,67,1020,1023.7,,,,9,,-.5
192,진주,2026-02-24 05:00,-.9,,0,0,65,1019.8,1023.6,,,,9,,-1.5
192,진주,2026-02-24 06:00,-1,,.1,0,65,1019.3,1023.1,,,,10,,-.9
192,진주,2026-02-24 07:00,.4,,.1,0,63,1019.9,1023.6,,,,10,,.6
192,진주,2026-02-24 08:00,1.6,,.3,0,56,1020.2,1023.9,0,.03,,10,,2.5
192,진주,2026-02-24 09:00,3,,.2,0,56,1021.2,1024.9,0,.1,,10,,3.7
192,진주,2026-02-24 10:00,4,,.7,110,49,1021.2,1024.9,0,.13,,10,,4.6
192,진주,2026-02-24 11:00,6.2,,1.4,70,26,1019.8,1023.5,0,.17,,10,,5.6
192,진주,2026-02-24 12:00,2.5,1.1,.5,110,81,1020.6,1024.3,0,.22,,10,,4
192,진주,2026-02-24 13:00,2.7,,1.1,20,88,1019.8,1023.5,0,.18,,10,,4.4
192,진주,2026-02-24 14:00,2.2,,1.4,360,89,1019,1022.7,0,.13,,10,,4
192,진주,2026-02-24 15:00,2.4,14.5,1.2,360,91,1019,1022.7,0,.14,,10,,4
192,진주,2026-02-24 16:00,2.3,,1.7,360,91,1018.5,1022.2,0,.12,,10,,3.7
192,진주,2026-02-24 17:00,2.4,,1.8,360,90,1019.1,1022.8,0,.09,,10,,3.5
192,진주,2026-02-24 18:00,2.5,11.9,.8,20,90,1019.1,1022.8,0,.06,,10,,3.5
192,진주,2026-02-24 19:00,2.5,,.4,0,90,1019.2,1022.9,0,0,,10,,3.2
192,진주,2026-02-24 20:00,2.5,,1,20,90,1018.9,1022.6,,,,10,,3.2
192,진주,2026-02-24 21:00,2.5,3.7,1.2,360,90,1018.7,1022.4,,,,10,,3.2
192,진주,2026-02-24 22:00,2.5,,1.2,50,88,1018.5,1022.2,,,,9,,2.7
192,진주,2026-02-24 23:00,2.7,,1.2,20,87,1018.7,1022.4,,,,8,,2.5
192,진주,2026-02-25 00:00,2.5,,.7,20,88,1018.6,1022.3,,,,6,,1.7
192,진주,2026-02-25 01:00,3,,.9,360,86,1018.3,1022,,,,6,,2.2
192,진주,2026-02-25 02:00,4,,2,360,82,1018.1,1021.8,,,,9,,3
192,진주,2026-02-25 03:00,4.3,,1.7,360,81,1017.8,1021.5,,,,9,,3.4
192,진주,2026-02-25 04:00,4.5,,1.8,360,82,1017.6,1021.3,,,,9,,3.7
192,진주,2026-02-25 05:00,4.9,,1.6,360,83,1017.6,1021.3,,,,9,,3.9
192,진주,2026-02-25 06:00,5.4,,1.9,360,82,1018,1021.7,,,,9,,4
192,진주,2026-02-25 07:00,5.5,,2.2,360,81,1018.3,1022,,,,9,,4.3
192,진주,2026-02-25 08:00,5.8,,2.7,360,80,1019.1,1022.8,0,.02,,9,,4.5
192,진주,2026-02-25 09:00,6.3,,2,20,77,1019.3,1022.9,0,.11,,9,,5.5
192,진주,2026-02-25 10:00,8,,2.4,360,68,1019.1,1022.7,.2,.72,,9,,10.8
192,진주,2026-02-25 11:00,9,,2.7,360,63,1019.1,1022.7,.9,1.6,,8,,14
192,진주,2026-02-25 12:00,9.7,,2.5,360,60,1018.9,1022.5,.4,1.87,,9,,14.9
192,진주,2026-02-25 13:00,10.3,,3.4,340,57,1018.1,1021.7,.1,1.73,,8,,15.1
192,진주,2026-02-25 14:00,11.1,,2.9,340,55,1017.5,1021.1,.3,1.66,,8,,15.3
192,진주,2026-02-25 15:00,12.2,,1.8,360,50,1017.6,1021.2,.7,1.63,,6,,17
192,진주,2026-02-25 16:00,12.3,,2.2,20,49,1017.6,1021.2,1,1.67,,0,,12.7
192,진주,2026-02-25 17:00,12.3,,2.7,70,43,1017.5,1021.1,1,1.17,,0,,9.1
192,진주,2026-02-25 18:00,11,,2.1,70,45,1018.1,1021.7,.8,.37,,0,,6.8
192,진주,2026-02-25 19:00,8.9,,1,20,54,1019.3,1022.9,0,0,,0,,5
192,진주,2026-02-25 20:00,7.6,,.7,20,57,1019.8,1023.4,,,,0,,3.7
192,진주,2026-02-25 21:00,5.7,,.5,20,67,1020.4,1024.1,,,,0,,2.7
192,진주,2026-02-25 22:00,3.9,,0,0,74,1020.6,1024.3,,,,0,,2
192,진주,2026-02-25 23:00,5.1,,.7,320,75,1020.4,1024.1,,,,9,,3.5
192,진주,2026-02-26 00:00,4.9,,.4,0,74,1019.9,1023.6,,,,9,,4.1
192,진주,2026-02-26 01:00,5.3,,.5,110,73,1020,1023.7,,,,9,,4.4
192,진주,2026-02-26 02:00,6,,.8,20,69,1019.5,1023.2,,,,9,,4.5
192,진주,2026-02-26 03:00,5,,.3,0,75,1018.5,1022.2,,,,9,,4.4
192,진주,2026-02-26 04:00,5,,.1,0,75,1018.7,1022.4,,,,9,,4.5
192,진주,2026-02-26 05:00,6.7,,1.1,340,68,1018.1,1021.7,,,,9,,4.4
192,진주,2026-02-26 06:00,7.2,,1.3,340,65,1017.9,1021.5,,,,9,,4.4
192,진주,2026-02-26 07:00,7,,1,340,66,1018.2,1021.8,,,,9,,4.5
192,진주,2026-02-26 08:00,7,,1.2,320,69,1018.4,1022,0,.13,,9,,5.6
192,진주,2026-02-26 09:00,7.9,,1,290,66,1018.3,1021.9,0,.41,,9,,8.1
192,진주,2026-02-26 10:00,9,,2.2,340,63,1018.1,1021.7,0,.56,,10,,10.1
192,진주,2026-02-26 11:00,10.3,,1.5,340,58,1017.6,1021.2,0,.81,,10,,12.3
192,진주,2026-02-26 12:00,10.9,,1,360,57,1016.7,1020.3,0,1.01,,10,,13.5
192,진주,2026-02-26 13:00,11.1,,1.8,20,56,1015.4,1019,0,.91,,10,,13.4
192,진주,2026-02-26 14:00,11.3,,1.5,360,56,1014.4,1018,0,.66,,10,,12.6
192,진주,2026-02-26 15:00,11.5,,1.2,360,56,1013.9,1017.5,0,.63,,10,,12.3
192,진주,2026-02-26 16:00,11.7,,.8,20,56,1013.5,1017.1,0,.64,,9,,12
192,진주,2026-02-26 17:00,11.1,,1.6,20,58,1013.5,1017.1,0,.24,,9,,10
192,진주,2026-02-26 18:00,10.6,,1.3,20,60,1013.4,1017,0,.07,,10,,8.8
192,진주,2026-02-26 19:00,10.1,,.9,360,62,1013.7,1017.3,0,.01,,10,,8.1
192,진주,2026-02-26 20:00,9.8,,.9,360,64,1014,1017.6,,,,10,,7.8
192,진주,2026-02-26 21:00,9.5,,.7,360,67,1014.2,1017.8,,,,10,,7.5
192,진주,2026-02-26 22:00,9.1,,1.2,340,68,1014,1017.6,,,,10,,7.4
192,진주,2026-02-26 23:00,9,,1.3,360,70,1014,1017.6,,,,10,,7.3
192,진주,2026-02-27 00:00,8.5,,1.6,360,74,1014,1017.6,,,,10,,7
192,진주,2026-02-27 01:00,8,,1.1,360,78,1014,1017.6,,,,10,,7
192,진주,2026-02-27 02:00,7.9,,1.1,340,77,1013.2,1016.8,,,,10,,6.9
192,진주,2026-02-27 03:00,7.9,,1.2,20,77,1012.7,1016.3,,,,10,,6.8
192,진주,2026-02-27 04:00,7.6,,.8,360,78,1012.1,1015.7,,,,10,,6.8
192,진주,2026-02-27 05:00,6.6,,.5,340,88,1011.7,1015.3,,,,10,,6.8
192,진주,2026-02-27 06:00,6.5,1.2,.6,340,90,1012.4,1016,,,,10,,6.5
192,진주,2026-02-27 07:00,6.3,,2,360,90,1012,1015.6,,,,10,,6.4
192,진주,2026-02-27 08:00,6.4,,.8,20,90,1012.4,1016,0,.02,,10,,6.5
192,진주,2026-02-27 09:00,6.5,1.9,.4,0,90,1012.8,1016.4,0,.09,,10,,7.1
192,진주,2026-02-27 10:00,6.9,,.5,340,89,1013.1,1016.7,0,.17,,10,,8.1
192,진주,2026-02-27 11:00,7.6,,1.1,20,84,1012.6,1016.2,0,.35,,10,,9.4
192,진주,2026-02-27 12:00,8.6,,2.3,20,79,1011.9,1015.5,0,.73,,10,,11.8
192,진주,2026-02-27 13:00,9.7,,1.4,360,76,1011.2,1014.8,0,.97,,10,,14.1
192,진주,2026-02-27 14:00,9.8,,2.4,360,74,1010.9,1014.5,0,.94,,9,,13.6
192,진주,2026-02-27 15:00,10.9,,2.4,360,71,1010.5,1014.1,.1,1.14,,10,,15.2
192,진주,2026-02-27 16:00,11.1,,1.8,360,68,1010.4,1014,0,.9,,9,,14
192,진주,2026-02-27 17:00,10.5,,1,20,69,1010.9,1014.5,0,.43,,9,,11.4
192,진주,2026-02-27 18:00,10,,1.4,20,71,1010.8,1014.4,0,.17,,7,,9.5
192,진주,2026-02-27 19:00,9.5,,.5,20,74,1011.1,1014.7,0,.01,,9,,8.6
192,진주,2026-02-27 20:00,8.8,,.6,360,76,1011.7,1015.3,,,,9,,7.5
192,진주,2026-02-27 21:00,8.6,,.7,20,76,1012.7,1016.3,,,,9,,7.6
192,진주,2026-02-27 22:00,8.4,,.2,0,78,1013.7,1017.3,,,,9,,7.8
192,진주,2026-02-27 23:00,7.9,,.1,0,81,1013.8,1017.4,,,,9,,7.4
192,진주,2026-02-28 00:00,8.3,,.5,20,77,1014.1,1017.7,,,,9,,7
192,진주,2026-02-28 01:00,6.1,,.4,0,88,1014.7,1018.3,,,,9,,5.3
192,진주,2026-02-28 02:00,5.4,,.2,0,90,1014.8,1018.4,,,,2,,4.6
192,진주,2026-02-28 03:00,3.1,,.1,0,92,1015,1018.7,,,,0,,2.8
192,진주,2026-02-28 04:00,2.3,,0,0,94,1015.4,1019.1,,,,0,,1.9
192,진주,2026-02-28 05:00,1.5,,.1,0,94,1016,1019.7,,,,0,,1.2
192,진주,2026-02-28 06:00,.7,,.2,0,94,1017,1020.7,,,,0,,.6
192,진주,2026-02-28 07:00,.3,,0,0,95,1017.9,1021.6,0,0,,0,,.2
192,진주,2026-02-28 08:00,1.5,,0,0,95,1018.6,1022.3,.4,.18,,0,,2.1
192,진주,2026-02-28 09:00,4.1,,.7,290,95,1019.1,1022.8,1,.78,,0,,8.4
192,진주,2026-02-28 10:00,7.2,,.7,290,80,1019,1022.6,1,1.54,,0,,15
192,진주,2026-02-28 11:00,9.6,,1.8,90,59,1018.7,1022.3,1,2.2,,0,,18.4
192,진주,2026-02-28 12:00,11.5,,2.1,110,53,1018.4,1022,1,2.61,,0,,21.4
192,진주,2026-02-28 13:00,12.8,,2.2,110,50,1017.9,1021.5,1,2.76,,0,,22.8
192,진주,2026-02-28 14:00,13.6,,2.7,110,46,1017.5,1021,1,2.68,,0,,22.8
192,진주,2026-02-28 15:00,13.8,,2.1,90,46,1017.6,1021.1,1,2.34,,0,,20.9
192,진주,2026-02-28 16:00,14.1,,2.5,110,47,1017.4,1020.9,1,1.77,,0,,15.7
192,진주,2026-02-28 17:00,13.5,,1.7,90,49,1017.8,1021.3,1,1.06,,0,,12.1
192,진주,2026-02-28 18:00,11.5,,2,70,53,1018.4,1022,.8,.33,,0,,9
192,진주,2026-02-28 19:00,9.6,,1.8,70,57,1019.5,1023.1,0,.02,,0,,6.9
192,진주,2026-02-28 20:00,8.3,,1.7,70,60,1020.3,1023.9,,,,0,,5.6
192,진주,2026-02-28 21:00,7.3,,1.3,20,64,1021,1024.6,,,,0,,4.8
192,진주,2026-02-28 22:00,6,,.6,360,69,1021.4,1025.1,,,,0,,3.9
192,진주,2026-02-28 23:00,4.7,,0,0,76,1022.3,1026,,,,9,,4.1
192,진주,2026-03-01 00:00,5.8,,.3,0,73,1022.3,1026,,,,9,,5.5
192,진주,2026-03-01 01:00,6.6,,.6,360,68,1022.4,1026.1,,,,9,,5
192,진주,2026-03-01 02:00,6.1,,.5,70,72,1022.3,1026,,,,10,,5.5
192,진주,2026-03-01 03:00,6.5,,1.6,340,68,1021.5,1025.2,,,,4,,4.1
192,진주,2026-03-01 04:00,6.4,,1,360,67,1021.4,1025.1,,,,4,,4.1
192,진주,2026-03-01 05:00,4.4,,.1,0,74,1021.3,1025,,,,4,,2.7
192,진주,2026-03-01 06:00,6.3,,.6,360,69,1021.2,1024.9,,,,10,,4.6
192,진주,2026-03-01 07:00,5.3,,.2,0,72,1020.6,1024.3,0,0,,6,,3.7
192,진주,2026-03-01 08:00,6.2,,0,0,73,1020.7,1024.4,.3,.15,,4,,5
192,진주,2026-03-01 09:00,9,,1.3,20,61,1020.6,1024.2,1,.83,,8,,9.6
192,진주,2026-03-01 10:00,9.6,,.8,50,61,1020.3,1023.9,0,.72,,9,,10.8
192,진주,2026-03-01 11:00,9.8,,2,360,60,1020.4,1024,0,.61,,9,,10.8
192,진주,2026-03-01 12:00,10.3,,1.5,20,59,1020.1,1023.7,0,.73,,9,,12.1
192,진주,2026-03-01 13:00,10.6,,1.1,360,58,1021.1,1024.7,0,.77,,9,,12.8
192,진주,2026-03-01 14:00,11.6,,1.7,20,56,1019.8,1023.4,0,1.05,,9,,15.5
192,진주,2026-03-01 15:00,12.7,,1.6,70,53,1018.8,1022.4,.9,1.82,,8,,17.4
192,진주,2026-03-01 16:00,11.8,,2.3,110,56,1018.6,1022.2,.4,.92,,10,,13
192,진주,2026-03-01 17:00,10.8,,1.9,70,57,1019.6,1023.2,0,.21,,10,,10.1
192,진주,2026-03-01 18:00,10.3,,1.4,50,58,1019.8,1023.4,0,.08,,10,,8.8
192,진주,2026-03-01 19:00,9.6,,1.5,70,59,1019.8,1023.4,0,.01,,10,,7.8
192,진주,2026-03-01 20:00,9.1,,2.2,20,59,1020.4,1024,,,,10,,7.3
192,진주,2026-03-01 21:00,8.6,,1.5,20,60,1020.1,1023.7,,,,10,,7
192,진주,2026-03-01 22:00,8.1,,1.7,20,60,1020.4,1024,,,,10,,6.6
192,진주,2026-03-01 23:00,7.9,,1.9,20,59,1020.1,1023.7,,,,10,,6.1
192,진주,2026-03-02 00:00,7.5,,1.2,20,61,1019.9,1023.5,,,,10,,6.1
192,진주,2026-03-02 01:00,7.4,,1.2,360,62,1019.9,1023.5,,,,10,,6
192,진주,2026-03-02 02:00,6.9,,1.1,360,68,1019.6,1023.2,,,,10,,6
192,진주,2026-03-02 03:00,5.6,.3,.8,340,83,1019.1,1022.8,,,,10,,6
192,진주,2026-03-02 04:00,5.4,,.6,340,88,1018.7,1022.4,,,,10,,6
192,진주,2026-03-02 05:00,5.3,,1.5,340,89,1018.2,1021.9,,,,10,,6
192,진주,2026-03-02 06:00,5.1,1.7,.9,360,91,1017.9,1021.6,,,,10,,5.9
192,진주,2026-03-02 07:00,5.3,,.6,340,91,1017.7,1021.4,0,0,,10,,5.9
192,진주,2026-03-02 08:00,5.5,,.8,340,92,1017.9,1021.6,0,.01,,10,,6
192,진주,2026-03-02 09:00,5.6,2.8,1.4,360,93,1018.4,1022.1,0,.07,,10,,6.5
192,진주,2026-03-02 10:00,6,,1.3,360,92,1018,1021.6,0,.17,,10,,7.5
192,진주,2026-03-02 11:00,6.3,,.9,360,92,1018.2,1021.8,0,.2,,10,,7.8
192,진주,2026-03-02 12:00,6.5,4.4,.9,360,91,1017.6,1021.2,0,.29,,10,,8.5
192,진주,2026-03-02 13:00,6.4,,1.3,360,90,1016.6,1020.2,0,.29,,10,,8.4
192,진주,2026-03-02 14:00,6.5,,1.7,20,90,1014.5,1018.1,0,.38,,10,,8.8
192,진주,2026-03-02 15:00,6.6,3.3,1.7,360,89,1013.8,1017.4,0,.37,,10,,8.9
192,진주,2026-03-02 16:00,6.5,,1.8,360,89,1013.1,1016.7,0,.18,,10,,8
192,진주,2026-03-02 17:00,6.4,,1.9,360,90,1012.6,1016.2,0,.09,,10,,7.1
192,진주,2026-03-02 18:00,6.1,3.7,2,360,91,1012.4,1016,0,.03,,10,,6.6
192,진주,2026-03-02 19:00,6,,2,360,91,1013.1,1016.7,0,0,,10,,6.3
192,진주,2026-03-02 20:00,5.5,,2.5,360,90,1013.3,1016.9,,,,10,,6
192,진주,2026-03-02 21:00,5.5,10.6,2.5,360,91,1013.7,1017.3,,,,10,,5.8
192,진주,2026-03-02 22:00,5,,2.2,360,89,1014.3,1017.9,,,,10,,5.5
192,진주,2026-03-02 23:00,4.9,,2.1,340,90,1014.3,1018,,,,10,,5.4
192,진주,2026-03-03 00:00,4.9,4.4,2.2,360,90,1014.3,1018,,,,10,,5.3
192,진주,2026-03-03 01:00,4.9,,1.9,360,89,1014,1017.6,,,,10,,5
192,진주,2026-03-03 02:00,5.3,,2.1,360,86,1014.1,1017.7,,,,9,,5.1
192,진주,2026-03-03 03:00,5.6,.6,1.5,360,84,1014.1,1017.7,,,,10,,5.3
192,진주,2026-03-03 04:00,5.6,,1.5,360,85,1014,1017.6,,,,10,,5.4
192,진주,2026-03-03 05:00,6,,1.5,360,82,1014,1017.6,,,,0,,5.4
192,진주,2026-03-03 06:00,6.2,.1,1.4,360,80,1014.1,1017.7,,,,9,,5.5
192,진주,2026-03-03 07:00,6.4,,1.2,360,79,1014.9,1018.5,0,0,,9,,5.5
192,진주,2026-03-03 08:00,6.9,,2,360,78,1015.4,1019,0,.09,,10,,6.4
192,진주,2026-03-03 09:00,7.6,,1.8,360,75,1016,1019.6,0,.33,,9,,8.1
192,진주,2026-03-03 10:00,8.5,,2.4,360,72,1016.2,1019.8,0,.54,,9,,9.8
192,진주,2026-03-03 11:00,8.9,,2.6,360,70,1016.5,1020.1,0,.81,,10,,10.8
192,진주,2026-03-03 12:00,9.4,,2.9,360,67,1017.2,1020.8,0,.79,,10,,12.7
192,진주,2026-03-03 13:00,9.8,,2.4,360,64,1016.9,1020.5,0,1.11,,9,,12.6
192,진주,2026-03-03 14:00,10.1,,1.9,360,63,1016.7,1020.3,0,.94,,9,,12.7
192,진주,2026-03-03 15:00,10.4,,1.6,20,59,1017,1020.6,0,.95,,10,,13.9
192,진주,2026-03-03 16:00,11.4,,2,70,54,1017,1020.6,.6,1.22,,8,,13.5
192,진주,2026-03-03 17:00,11.5,,2.3,340,54,1017.3,1020.9,.6,.82,,7,,11.4
192,진주,2026-03-03 18:00,10.6,,1.7,20,55,1018.1,1021.7,.7,.53,,1,,8.3
192,진주,2026-03-03 19:00,8.3,,.3,0,67,1018.4,1022,0,.01,,0,,6.4
192,진주,2026-03-03 20:00,6.1,,.1,0,78,1019,1022.7,,,,0,,5.3
192,진주,2026-03-03 21:00,5.4,,.7,320,83,1019.4,1023.1,,,,0,,4
192,진주,2026-03-03 22:00,4,,0,0,92,1020.3,1024,,,,2,,4.1
192,진주,2026-03-03 23:00,4.5,,0,0,89,1020.4,1024.1,,,,9,,5
192,진주,2026-03-04 00:00,4.8,,0,0,89,1020.6,1024.3,,,,9,,5.5
192,진주,2026-03-04 01:00,4.9,,0,0,89,1020.9,1024.6,,,,9,,5.6
192,진주,2026-03-04 02:00,4.9,,0,0,91,1021.1,1024.8,,,,9,,5.5
192,진주,2026-03-04 03:00,3.9,,0,0,92,1020.6,1024.3,,,,2,,4.2
192,진주,2026-03-04 04:00,2.4,,0,0,94,1020.4,1024.1,,,,0,,2.2
192,진주,2026-03-04 05:00,1.3,,.2,0,94,1020.4,1024.1,,,,4,,1.4
192,진주,2026-03-04 06:00,.8,,.2,0,95,1020.8,1024.5,,,,2,,1
192,진주,2026-03-04 07:00,.3,,.1,0,95,1020.8,1024.5,0,0,,0,,.7
192,진주,2026-03-04 08:00,2.1,,0,0,96,1021.3,1025,.2,.21,,0,,3.5
192,진주,2026-03-04 09:00,5,,.2,0,90,1021.5,1025.2,1,.99,,0,,9.9
192,진주,2026-03-04 10:00,7.8,,1,290,77,1021.3,1024.9,1,1.7,,0,,16.2
192,진주,2026-03-04 11:00,10.6,,1.1,200,57,1021.1,1024.7,1,2.31,,0,,20.4
192,진주,2026-03-04 12:00,11.5,,1.3,270,54,1020.5,1024.1,1,2.78,,3,,24.1
192,진주,2026-03-04 13:00,12.3,,1.4,270,51,1019.7,1023.3,1,2.97,,6,,25.1
192,진주,2026-03-04 14:00,13.6,,2.1,270,46,1019,1022.5,1,2.77,,3,,24.7
192,진주,2026-03-04 15:00,14.2,,2,250,45,1018.7,1022.2,1,2.39,,1,,22.5
192,진주,2026-03-04 16:00,14.5,,1,270,44,1018,1021.5,1,1.84,,0,,17.3
192,진주,2026-03-04 17:00,13.8,,1.3,180,47,1017.8,1021.3,1,1.15,,0,,13.2
192,진주,2026-03-04 18:00,12.3,,1.4,250,54,1018.5,1022.1,.7,.4,,0,,10.3
192,진주,2026-03-04 19:00,9.6,,.9,230,65,1019.3,1022.9,0,.02,,0,,7.8
192,진주,2026-03-04 20:00,8.3,,.2,0,72,1019.7,1023.3,,,,0,,6.5
192,진주,2026-03-04 21:00,5.5,,.1,0,80,1020.6,1024.3,,,,0,,5.3
192,진주,2026-03-04 22:00,4.5,,0,0,85,1021.1,1024.8,,,,0,,4.5
192,진주,2026-03-04 23:00,3.7,,0,0,89,1021.5,1025.2,,,,0,,3.7
192,진주,2026-03-05 00:00,2.9,,0,0,91,1021.5,1025.2,,,,0,,3
192,진주,2026-03-05 01:00,4,,.1,0,91,1021.7,1025.4,,,,9,,5
192,진주,2026-03-05 02:00,4.3,,0,0,89,1021.3,1025,,,,7,,5.4
192,진주,2026-03-05 03:00,4,,0,0,90,1020.5,1024.2,,,,2,,4.6
192,진주,2026-03-05 04:00,4.5,,.1,0,91,1020.6,1024.3,,,,9,,5.4
192,진주,2026-03-05 05:00,5.2,,.2,0,87,1020.8,1024.5,,,,9,,5.6
192,진주,2026-03-05 06:00,5,,.1,0,87,1021.1,1024.8,,,,9,,5.6
192,진주,2026-03-05 07:00,5,,.1,0,89,1021.5,1025.2,0,0,,9,,5.5
192,진주,2026-03-05 08:00,5.6,,.7,320,83,1022,1025.7,0,.08,,9,,6.5
192,진주,2026-03-05 09:00,6.5,,.5,320,81,1022.4,1026.1,0,.38,,9,,9.4
192,진주,2026-03-05 10:00,7.8,,1,290,76,1022.5,1026.1,0,.8,,9,,12.5
192,진주,2026-03-05 11:00,10.7,,.7,70,66,1021.7,1025.3,.4,1.57,,7,,18.7
192,진주,2026-03-05 12:00,11.8,,.8,110,61,1020.7,1024.3,.6,1.7,,9,,17.5
192,진주,2026-03-05 13:00,12.4,,.4,0,58,1020.1,1023.7,.1,1.15,,9,,16.6
192,진주,2026-03-05 14:00,13.8,,.8,340,54,1018.9,1022.4,.5,1.67,,7,,19.4
192,진주,2026-03-05 15:00,13.3,,1.3,270,55,1018.7,1022.3,.1,1.19,,8,,16.7
192,진주,2026-03-05 16:00,13.3,,2.1,180,57,1018.6,1022.2,.7,1.21,,6,,15.3
192,진주,2026-03-05 17:00,12.3,,1.4,160,59,1018.3,1021.9,1,.85,,6,,13.5
192,진주,2026-03-05 18:00,11,,1,230,64,1018,1021.6,.2,.25,,8,,10.9
192,진주,2026-03-05 19:00,10.5,,1.1,250,66,1018.9,1022.5,0,.01,,7,,9.6
192,진주,2026-03-05 20:00,10.1,,.8,140,68,1018.8,1022.4,,,,9,,9.1
192,진주,2026-03-05 21:00,9.5,,.9,140,67,1017.6,1021.2,,,,10,,8.8
192,진주,2026-03-05 22:00,9,,.4,0,71,1017.6,1021.2,,,,9,,8.8
192,진주,2026-03-05 23:00,8.3,,.1,0,77,1017,1020.6,,,,10,,8.6
192,진주,2026-03-06 00:00,7.5,.3,.8,270,90,1016.4,1020,,,,10,,8.3
192,진주,2026-03-06 01:00,7.3,,.4,0,92,1016.1,1019.7,,,,10,,8.3
192,진주,2026-03-06 02:00,7.4,,.6,320,93,1016,1019.6,,,,10,,8.3
192,진주,2026-03-06 03:00,7.3,1.2,.1,0,95,1015.2,1018.8,,,,9,,8.3
192,진주,2026-03-06 04:00,7,,.1,0,95,1014.4,1018,,,,10,,8.1
192,진주,2026-03-06 05:00,6.9,,1.1,320,95,1014.2,1017.8,,,,8,,8
192,진주,2026-03-06 06:00,6.4,.1,.4,0,89,1014.4,1018,,,,10,,7.5
192,진주,2026-03-06 07:00,5.6,,.9,360,83,1014.5,1018.1,0,0,,10,,6.5
192,진주,2026-03-06 08:00,5.5,,.8,340,76,1015.8,1019.4,0,.06,,10,,6.4
192,진주,2026-03-06 09:00,5.8,,.7,70,69,1016,1019.6,0,.34,,10,,7.8
192,진주,2026-03-06 10:00,7.4,,1.6,20,57,1016.5,1020.1,.1,.86,,10,,10.1
192,진주,2026-03-06 11:00,8.6,,2.3,360,47,1016.4,1020,.4,1.39,,8,,13.2
192,진주,2026-03-06 12:00,10,,2.1,340,46,1016.7,1020.3,.8,1.99,,7,,16.8
192,진주,2026-03-06 13:00,11.1,,3.4,320,41,1016,1019.6,1,2.89,,3,,20
192,진주,2026-03-06 14:00,11.7,,2.6,360,37,1015.7,1019.3,1,2.83,,4,,19.7
192,진주,2026-03-06 15:00,10.9,,3.1,360,38,1015.9,1019.5,1,2.54,,4,,18
192,진주,2026-03-06 16:00,9.2,,3.2,340,40,1016.3,1019.9,.9,1.67,,3,,12.6
192,진주,2026-03-06 17:00,8.3,,2.7,340,42,1016.6,1020.2,.8,.7,,3,,9.6
192,진주,2026-03-06 18:00,7.3,,2.4,340,44,1017.2,1020.8,.8,.43,,5,,7.4
192,진주,2026-03-06 19:00,5.8,,2.1,340,52,1017.4,1021,0,.02,,0,,5.5
192,진주,2026-03-06 20:00,4.3,,.5,360,54,1018.2,1021.9,,,,0,,4.4
192,진주,2026-03-06 21:00,3.7,,1.6,360,51,1018.4,1022.1,,,,0,,3.4
192,진주,2026-03-06 22:00,2.2,,.8,20,54,1019.3,1023,,,,0,,2.5
192,진주,2026-03-06 23:00,.7,,.1,0,60,1019.6,1023.3,,,,0,,1.7
192,진주,2026-03-07 00:00,-.7,,.3,0,68,1020.1,1023.8,,,,0,,1.1
192,진주,2026-03-07 01:00,-1.5,,0,0,72,1020.7,1024.5,,,,0,,1.1
192,진주,2026-03-07 02:00,-2.1,,0,0,78,1021.2,1025,,,,0,,.8
192,진주,2026-03-07 03:00,-2.8,,0,0,80,1020.8,1024.6,,,,0,,.6
192,진주,2026-03-07 04:00,-3.3,,.1,0,82,1020.5,1024.3,,,,0,,.4
192,진주,2026-03-07 05:00,-3.3,,.1,0,81,1020.6,1024.4,,,,0,,0
192,진주,2026-03-07 06:00,-3,,.1,0,81,1021.3,1025.1,,,,4,,-.4
192,진주,2026-03-07 07:00,-3.5,,.1,0,85,1022.4,1026.2,0,0,,6,,-.5
192,진주,2026-03-07 08:00,-1.7,,.5,140,82,1023.6,1027.4,0,.21,,8,,-.3
192,진주,2026-03-07 09:00,1.1,,.5,140,60,1024.1,1027.8,.6,.81,,8,,.5
192,진주,2026-03-07 10:00,2.5,,1.1,70,53,1024,1027.7,.5,1.16,,9,,7
192,진주,2026-03-07 11:00,4.3,,1.6,320,44,1023.8,1027.5,.3,1.45,,8,,10.6
192,진주,2026-03-07 12:00,5.6,,1.4,20,36,1023.2,1026.9,1,2.61,,0,,16.6
192,진주,2026-03-07 13:00,7.5,,2.7,290,29,1022.3,1025.9,1,3.07,,0,,19.5
192,진주,2026-03-07 14:00,8.8,,2.2,320,26,1021.4,1025,1,2.97,,0,,19.7
192,진주,2026-03-07 15:00,9.3,,2.4,360,24,1020.7,1024.3,1,2.63,,0,,17.7
192,진주,2026-03-07 16:00,9.1,,2.7,360,24,1020.3,1023.9,1,2.09,,0,,12.8
192,진주,2026-03-07 17:00,8.1,,4.1,340,25,1020.3,1023.9,1,1.35,,0,,8.8
192,진주,2026-03-07 18:00,6.8,,2,340,30,1020.8,1024.4,.8,.5,,0,,6.4
192,진주,2026-03-07 19:00,5.6,,2.1,360,35,1021.6,1025.3,0,.03,,0,,4.5
192,진주,2026-03-07 20:00,4.6,,1.5,340,39,1022.4,1026.1,,,,0,,3.4
192,진주,2026-03-07 21:00,3.9,,2.2,360,42,1022.9,1026.6,,,,0,,2.5
192,진주,2026-03-07 22:00,2,,.5,50,50,1023.7,1027.4,,,,0,,1.3
192,진주,2026-03-07 23:00,0,,.2,0,58,1024.5,1028.3,,,,0,,.8
192,진주,2026-03-08 00:00,-1.7,,.1,0,65,1024.1,1027.9,,,,0,,.5
192,진주,2026-03-08 01:00,-2.5,,.1,0,70,1024.4,1028.2,,,,0,,.1
192,진주,2026-03-08 02:00,-3,,.3,0,74,1025.3,1029.1,,,,0,,-.4
192,진주,2026-03-08 03:00,-3.6,,.1,0,77,1025.1,1028.9,,,,0,,-.7
192,진주,2026-03-08 04:00,-3.8,,.1,0,75,1025.3,1029.1,,,,0,,-.9
192,진주,2026-03-08 05:00,-4.7,,.1,0,78,1024.7,1028.5,,,,0,,-1.2
192,진주,2026-03-08 06:00,-5.2,,.1,0,82,1025.1,1028.9,,,,0,,-1.4
192,진주,2026-03-08 07:00,-5.4,,.5,50,81,1024.6,1028.4,0,0,,0,,-1.5
192,진주,2026-03-08 08:00,-2.7,,.3,0,74,1025.5,1029.3,.7,.43,,3,,-1
192,진주,2026-03-08 09:00,.7,,.2,0,55,1025.5,1029.2,1,1.27,,4,,0
192,진주,2026-03-08 10:00,3.5,,.8,200,46,1025.3,1029,1,1.95,,5,,9
192,진주,2026-03-08 11:00,6,,1.2,290,36,1025,1028.7,1,2.52,,3,,15.5
192,진주,2026-03-08 12:00,7.6,,1.6,320,25,1024.3,1027.9,1,2.88,,5,,18.7
192,진주,2026-03-08 13:00,9.3,,1,70,18,1023,1026.6,1,2.57,,7,,18.7
192,진주,2026-03-08 14:00,10.5,,2.8,250,16,1022.1,1025.7,1,2.84,,6,,20.7
192,진주,2026-03-08 15:00,10.8,,1.6,160,22,1021.6,1025.2,1,2.38,,5,,19.6
192,진주,2026-03-08 16:00,10.3,,2.6,110,27,1021.3,1024.9,1,1.82,,6,,15.5
192,진주,2026-03-08 17:00,10.1,,1.1,180,26,1020.9,1024.5,1,1.21,,6,,11.9
192,진주,2026-03-08 18:00,8.8,,1,160,30,1021.2,1024.8,.8,.52,,6,,9.5
192,진주,2026-03-08 19:00,7.2,,.8,110,39,1021.7,1025.3,0,.03,,7,,7.2
192,진주,2026-03-08 20:00,4.5,,.2,0,50,1021.8,1025.5,,,,0,,4.9
192,진주,2026-03-08 21:00,2.6,,0,0,60,1022.3,1026,,,,0,,3.5
192,진주,2026-03-08 22:00,1.1,,.2,0,66,1022.5,1026.2,,,,0,,2.4
192,진주,2026-03-08 23:00,.2,,.2,0,72,1022.9,1026.6,,,,0,,1.3
192,진주,2026-03-09 00:00,-1.2,,0,0,75,1022.7,1026.5,,,,3,,.8
192,진주,2026-03-09 01:00,-1.6,,.3,0,76,1022.6,1026.4,,,,0,,.5
192,진주,2026-03-09 02:00,-1.9,,.1,0,80,1022.8,1026.6,,,,0,,.2
192,진주,2026-03-09 03:00,-2.4,,.1,0,83,1022.6,1026.4,,,,2,,0
192,진주,2026-03-09 04:00,-2.5,,.2,0,83,1022.4,1026.2,,,,0,,-.4
192,진주,2026-03-09 05:00,-3.1,,.8,50,85,1022.5,1026.3,,,,0,,-.5
192,진주,2026-03-09 06:00,-3,,0,0,85,1022.3,1026.1,,,,4,,-.7
192,진주,2026-03-09 07:00,-3,,0,0,84,1022.5,1026.3,0,0,,8,,-.7
192,진주,2026-03-09 08:00,-1.6,,.2,0,83,1023.2,1027,.1,.19,,6,,-.4
192,진주,2026-03-09 09:00,3.5,,.5,50,57,1023.3,1027,1,.96,,3,,3.7
192,진주,2026-03-09 10:00,6,,.5,230,44,1023.2,1026.9,1,1.6,,0,,10.8
192,진주,2026-03-09 11:00,8.9,,1.3,230,36,1022.6,1026.2,1,2.25,,0,,16.1
192,진주,2026-03-09 12:00,8.8,,1.2,180,37,1022,1025.6,.8,2.01,,6,,16
192,진주,2026-03-09 13:00,9.4,,2.2,340,43,1021.2,1024.8,.4,1.76,,7,,16.1
192,진주,2026-03-09 14:00,9.9,,3.4,20,39,1020.4,1024,.6,1.85,,3,,17.4
192,진주,2026-03-09 15:00,9.3,,4,360,37,1020.5,1024.1,1,2.31,,3,,17.2
192,진주,2026-03-09 16:00,9.2,,3.2,340,33,1020.5,1024.1,1,1.9,,2,,14
192,진주,2026-03-09 17:00,8.2,,2.7,360,39,1020.8,1024.4,1,1.2,,1,,10.6
192,진주,2026-03-09 18:00,6.9,,2.3,340,44,1021.6,1025.2,.4,.29,,3,,7.9
192,진주,2026-03-09 19:00,5.8,,2.2,340,50,1022.2,1025.9,0,.02,,0,,5.5
192,진주,2026-03-09 20:00,4.8,,.7,360,55,1023,1026.7,,,,0,,4.1
192,진주,2026-03-09 21:00,3.7,,.4,0,59,1023.4,1027.1,,,,0,,3
192,진주,2026-03-09 22:00,1.7,,.2,0,65,1023.7,1027.4,,,,0,,2
192,진주,2026-03-09 23:00,1.3,,.9,50,66,1024.1,1027.8,,,,0,,1.3
192,진주,2026-03-10 00:00,-.4,,.1,0,73,1024.2,1028,,,,0,,.5
192,진주,2026-03-10 01:00,-1.7,,.2,0,79,1024.5,1028.3,,,,0,,.2
192,진주,2026-03-10 02:00,-1.9,,.2,0,80,1024.1,1027.9,,,,0,,-.2
192,진주,2026-03-10 03:00,-2.6,,.1,0,83,1024.3,1028.1,,,,0,,-.5
192,진주,2026-03-10 04:00,-2.7,,.3,0,82,1023.9,1027.7,,,,0,,-.7
192,진주,2026-03-10 05:00,-3.5,,.1,0,84,1024.3,1028.1,,,,0,,-.9
192,진주,2026-03-10 06:00,-3.8,,0,0,86,1024.6,1028.4,,,,0,,-1
192,진주,2026-03-10 07:00,-3.8,,.3,0,86,1024.5,1028.3,0,0,,0,,-1.2
192,진주,2026-03-10 08:00,-2,,.1,0,83,1025,1028.8,.5,.36,,0,,-.5
192,진주,2026-03-10 09:00,2.1,,.5,320,73,1025.5,1029.2,1,1.22,,0,,2
192,진주,2026-03-10 10:00,5,,1.1,180,59,1025.2,1028.9,1,1.77,,0,,8.7
192,진주,2026-03-10 11:00,7.6,,.7,360,43,1024.6,1028.3,1,2.4,,0,,14.7
192,진주,2026-03-10 12:00,8.3,,1.2,320,36,1023.7,1027.3,1,2.79,,0,,18.2
192,진주,2026-03-10 13:00,9.9,,1.4,320,32,1022.8,1026.4,1,2.85,,0,,19.7
192,진주,2026-03-10 14:00,10.7,,1.9,250,29,1021.8,1025.4,1,2.8,,0,,20.4
192,진주,2026-03-10 15:00,12.1,,.8,230,26,1020.9,1024.5,1,2.52,,0,,19.7
192,진주,2026-03-10 16:00,11.4,,1.8,230,28,1020.4,1024,1,1.94,,0,,17.5
192,진주,2026-03-10 17:00,10.7,,1.2,200,33,1020.4,1024,1,1.21,,1,,13.4
192,진주,2026-03-10 18:00,8.5,,.9,110,40,1020.6,1024.2,.9,.48,,0,,10.3
192,진주,2026-03-10 19:00,6.9,,.7,20,47,1021,1024.6,0,.02,,0,,7.8
192,진주,2026-03-10 20:00,6.3,,.7,140,53,1021.2,1024.9,,,,0,,6.3
192,진주,2026-03-10 21:00,3.3,,.2,0,66,1021.6,1025.3,,,,0,,4.9
192,진주,2026-03-10 22:00,1.5,,0,0,72,1021.8,1025.5,,,,0,,3.9
192,진주,2026-03-10 23:00,.6,,.1,0,76,1021.9,1025.6,,,,0,,3
192,진주,2026-03-11 00:00,-.5,,0,0,79,1021.8,1025.6,,,,0,,2.4
192,진주,2026-03-11 01:00,-.9,,.1,0,82,1021.9,1025.7,,,,6,,2
192,진주,2026-03-11 02:00,-1.7,,0,0,85,1022.1,1025.9,,,,0,,1.3
192,진주,2026-03-11 03:00,-1.9,,0,0,87,1021.9,1025.7,,,,0,,1
192,진주,2026-03-11 04:00,-2.2,,0,0,87,1022,1025.8,,,,6,,.8
192,진주,2026-03-11 05:00,-2.1,,.2,0,88,1022.3,1026.1,,,,5,,.6
192,진주,2026-03-11 06:00,-2.1,,.1,0,88,1022.4,1026.2,,,,6,,.5
192,진주,2026-03-11 07:00,-2.8,,0,0,88,1022.4,1026.2,0,0,,3,,.3
192,진주,2026-03-11 08:00,-1,,0,0,86,1022.9,1026.7,.1,.28,,6,,1.2
192,진주,2026-03-11 09:00,2.7,,.3,0,71,1023.2,1026.9,.9,.9,,4,,5.7
192,진주,2026-03-11 10:00,5.1,,.6,270,62,1023.1,1026.8,.9,1.55,,1,,10.3
192,진주,2026-03-11 11:00,8.3,,1,50,45,1022.5,1026.1,1,2.28,,1,,15.1
192,진주,2026-03-11 12:00,10.8,,.7,90,39,1021.9,1025.5,1,2.7,,0,,18.7
192,진주,2026-03-11 13:00,11.5,,1.2,200,27,1020.8,1024.4,1,2.91,,0,,20.7
192,진주,2026-03-11 14:00,13.2,,.9,70,22,1019.6,1023.2,1,2.84,,0,,21.6
192,진주,2026-03-11 15:00,13.5,,1.1,110,24,1019,1022.6,1,2.49,,1,,20.7
192,진주,2026-03-11 16:00,13.2,,.7,90,22,1018.4,1022,1,1.88,,0,,18.4
192,진주,2026-03-11 17:00,12.8,,1.7,180,29,1018.4,1022,1,1.16,,0,,14.8
192,진주,2026-03-11 18:00,10.6,,1.4,180,38,1018.8,1022.4,.9,.44,,0,,11.6
192,진주,2026-03-11 19:00,8.3,,.9,140,47,1019.4,1023,0,.03,,0,,9.1
192,진주,2026-03-11 20:00,5.9,,.1,0,55,1020.1,1023.8,,,,0,,7.3
192,진주,2026-03-11 21:00,3.8,,0,0,66,1020.6,1024.3,,,,0,,5.9
192,진주,2026-03-11 22:00,2.3,,.3,0,72,1021.1,1024.8,,,,0,,4.9
192,진주,2026-03-11 23:00,1.8,,0,0,72,1021.4,1025.1,,,,0,,4
192,진주,2026-03-12 00:00,.8,,0,0,76,1021.7,1025.4,,,,0,,3.2
192,진주,2026-03-12 01:00,0,,0,0,80,1021.7,1025.4,,,,0,,2.7
192,진주,2026-03-12 02:00,-.7,,0,0,82,1021.8,1025.6,,,,0,,2.2
192,진주,2026-03-12 03:00,-1.2,,.1,0,83,1021.7,1025.5,,,,0,,1.7
192,진주,2026-03-12 04:00,-1.6,,.1,0,85,1021.7,1025.5,,,,0,,1.2
192,진주,2026-03-12 05:00,-2,,0,0,86,1021.5,1025.3,,,,0,,1
192,진주,2026-03-12 06:00,-1.8,,.4,0,86,1021.6,1025.4,,,,0,,.6
192,진주,2026-03-12 07:00,-2.3,,.1,0,86,1021.8,1025.6,0,0,,0,,.6
192,진주,2026-03-12 08:00,-.5,,0,0,83,1022.5,1026.3,.5,.28,,0,,1.7
192,진주,2026-03-12 09:00,3.5,,0,0,73,1022.9,1026.6,.9,.86,,0,,6
192,진주,2026-03-12 10:00,7,,.6,250,55,1022.6,1026.3,1,1.65,,0,,11.2
192,진주,2026-03-12 11:00,10.2,,1,320,46,1022.4,1026,1,2.17,,4,,15.5
192,진주,2026-03-12 12:00,12.1,,2.6,110,43,1021.8,1025.4,.7,2.44,,6,,17.7
192,진주,2026-03-12 13:00,13,,2.2,90,38,1020.9,1024.5,.9,2.69,,7,,20.3
192,진주,2026-03-12 14:00,13.1,,1.3,320,35,1019.9,1023.5,.7,2.05,,7,,18.7
192,진주,2026-03-12 15:00,13,,1.7,70,38,1019.6,1023.2,.7,1.66,,7,,17.4
192,진주,2026-03-12 16:00,13.7,,1,340,34,1019.4,1022.9,.6,1.26,,6,,16.7
192,진주,2026-03-12 17:00,11.6,,3.1,110,44,1019.9,1023.5,.2,.53,,7,,13.8
192,진주,2026-03-12 18:00,10.1,,.6,140,49,1020.5,1024.1,0,.18,,6,,11.2
192,진주,2026-03-12 19:00,9.6,,2.4,70,49,1021.4,1025,0,.03,,4,,9.1
192,진주,2026-03-12 20:00,8.6,,.6,20,53,1021.8,1025.4,,,,6,,8.3
192,진주,2026-03-12 21:00,8.4,,.9,360,54,1022.8,1026.4,,,,8,,7.9
192,진주,2026-03-12 22:00,7.9,,1,20,58,1023.6,1027.2,,,,6,,7.2
192,진주,2026-03-12 23:00,7.3,,1.3,20,60,1024.3,1028,,,,4,,6.6
192,진주,2026-03-13 00:00,6.3,,.7,50,62,1024.6,1028.3,,,,0,,5.6
192,진주,2026-03-13 01:00,5.2,,1.1,360,66,1024.9,1028.6,,,,0,,4.5
192,진주,2026-03-13 02:00,5.4,,1.7,360,63,1025.2,1028.9,,,,0,,4.3
192,진주,2026-03-13 03:00,4.1,,.6,360,66,1024.7,1028.4,,,,0,,3.5
192,진주,2026-03-13 04:00,4,,.7,20,66,1024.5,1028.2,,,,0,,3.3
192,진주,2026-03-13 05:00,3.4,,.4,0,67,1024.9,1028.6,,,,0,,2.7
192,진주,2026-03-13 06:00,3.2,,.7,360,68,1025.4,1029.1,,,,0,,2.4
192,진주,2026-03-13 07:00,2.7,,.6,360,69,1026.1,1029.8,0,0,,0,,2.2
192,진주,2026-03-13 08:00,4,,.2,0,69,1026.7,1030.4,.6,.34,,0,,3.4
192,진주,2026-03-13 09:00,6.6,,1.7,20,55,1027.2,1030.9,1,1.12,,0,,8.1
192,진주,2026-03-13 10:00,8,,1.9,20,48,1027,1030.7,1,1.76,,0,,12.6
192,진주,2026-03-13 11:00,8.3,,1.7,50,44,1026.7,1030.3,.8,1.71,,4,,13.8
192,진주,2026-03-13 12:00,9.4,,2.1,360,39,1026.5,1030.1,.4,2.21,,5,,15
192,진주,2026-03-13 13:00,9.7,,2.4,50,35,1026,1029.6,.6,,,6,,17.5
192,진주,2026-03-13 14:00,10.8,,2.1,70,32,1024.8,1028.4,.9,,,4,,19.8
192,진주,2026-03-13 15:00,12.1,,2.1,20,31,1024.4,1028,.9,2.32,,3,,19.7
192,진주,2026-03-13 16:00,11.1,,2,50,31,1024.4,1028,.9,1.53,,5,,16.3
192,진주,2026-03-13 17:00,11,,1.4,70,32,1024.6,1028.2,.9,1.05,,3,,13.5
192,진주,2026-03-13 18:00,9.5,,1.8,70,39,1025,1028.6,.9,.65,,0,,11.3
192,진주,2026-03-13 19:00,7.9,,1.2,70,44,1025.1,1028.7,0,.03,,0,,8.6
192,진주,2026-03-13 20:00,6.8,,1,20,49,1025.7,1029.4,,,,0,,7
192,진주,2026-03-13 21:00,5.6,,.9,20,53,1026.3,1030,,,,0,,5.9
192,진주,2026-03-13 22:00,3.4,,.2,0,62,1027.1,1030.8,,,,0,,4.8
192,진주,2026-03-13 23:00,1.5,,.2,0,69,1027.5,1031.2,,,,0,,3.9
192,진주,2026-03-14 00:00,.6,,.1,0,73,1027.5,1031.3,,,,0,,3
192,진주,2026-03-14 01:00,-.5,,0,0,75,1027.1,1030.9,,,,0,,2.5
192,진주,2026-03-14 02:00,-1.4,,.2,0,80,1027.1,1030.9,,,,0,,1.8
192,진주,2026-03-14 03:00,-1.7,,.1,0,82,1026.7,1030.5,,,,0,,1.4
192,진주,2026-03-14 04:00,-2.1,,0,0,83,1026.3,1030.1,,,,0,,1.1
192,진주,2026-03-14 05:00,-2.6,,.1,0,84,1026.6,1030.4,,,,3,,.6
192,진주,2026-03-14 06:00,-2.6,,.1,0,86,1026.8,1030.6,,,,0,,.5
192,진주,2026-03-14 07:00,-2.6,,0,0,85,1027.2,1031,0,.01,,0,,.4
192,진주,2026-03-14 08:00,-.1,,.1,0,80,1027.5,1031.3,.6,.41,,2,,1.5
192,진주,2026-03-14 09:00,3.7,,.6,110,65,1027.5,1031.2,1,1.24,,2,,7.1
192,진주,2026-03-14 10:00,6.8,,1.2,70,51,1027.4,1031.1,1,1.86,,4,,12.4
192,진주,2026-03-14 11:00,8.5,,1.4,270,46,1026.7,1030.3,1,2.43,,5,,16.7
192,진주,2026-03-14 12:00,11.1,,.9,70,41,1025.6,1029.2,1,2.76,,0,,20.1
192,진주,2026-03-14 13:00,12.5,,1.3,20,34,1024.5,1028.1,1,3.02,,0,,22
192,진주,2026-03-14 14:00,13.7,,1.6,270,32,1023.4,1027,1,2.93,,0,,23.1
192,진주,2026-03-14 15:00,14.1,,1.6,270,30,1022.6,1026.2,1,2.54,,0,,22.2
192,진주,2026-03-14 16:00,14.6,,2.3,250,31,1022.4,1025.9,1,1.84,,0,,19.9
192,진주,2026-03-14 17:00,13.3,,1.7,200,36,1022.2,1025.8,1,1.32,,0,,16.3
192,진주,2026-03-14 18:00,10.8,,1,160,44,1022.7,1026.3,.9,.53,,0,,13.1
192,진주,2026-03-14 19:00,9.1,,.6,180,51,1022.7,1026.3,0,.04,,0,,10.3
192,진주,2026-03-14 20:00,7.3,,.4,0,60,1023.6,1027.3,,,,0,,8.5
192,진주,2026-03-14 21:00,5.5,,.2,0,68,1023.5,1027.2,,,,0,,7.2
192,진주,2026-03-14 22:00,4.1,,0,0,73,1023.6,1027.3,,,,0,,6.2
192,진주,2026-03-14 23:00,3.4,,.1,0,76,1023.4,1027.1,,,,7,,5.4
192,진주,2026-03-15 00:00,2.2,,.1,0,79,1022.8,1026.5,,,,4,,4.8
192,진주,2026-03-15 01:00,1.8,,0,0,81,1022.6,1026.3,,,,7,,4.6
192,진주,2026-03-15 02:00,1.1,,0,0,85,1022.4,1026.1,,,,5,,3.9
192,진주,2026-03-15 03:00,1.2,,0,0,84,1022.1,1025.8,,,,8,,4
192,진주,2026-03-15 04:00,1.7,,0,0,85,1021.9,1025.6,,,,9,,4.5
192,진주,2026-03-15 05:00,2.5,,.1,0,86,1022.3,1026,,,,10,,4.6
192,진주,2026-03-15 06:00,2.8,,.1,0,84,1022.5,1026.2,,,,10,,5
192,진주,2026-03-15 07:00,3,,.1,0,84,1023.1,1026.8,0,0,,10,,5.1
192,진주,2026-03-15 08:00,3.9,,.1,0,83,1023.2,1026.9,0,.08,,10,,5.7
192,진주,2026-03-15 09:00,5.5,,.1,0,79,1023.4,1027.1,0,.28,,10,,7.1
192,진주,2026-03-15 10:00,6.9,,.4,0,69,1023.3,1027,0,.61,,9,,9
192,진주,2026-03-15 11:00,8.8,,1.3,270,59,1023,1026.6,.1,1.03,,8,,12.2
192,진주,2026-03-15 12:00,10.5,,.9,290,47,1022,1025.6,0,1.53,,9,,14.8
192,진주,2026-03-15 13:00,12.8,,1.5,340,39,1020.8,1024.4,.6,2.3,,7,,19.2
192,진주,2026-03-15 14:00,13.8,,.5,340,36,1019.5,1023,.8,2.11,,5,,19.3
192,진주,2026-03-15 15:00,14.8,,1,290,31,1018.9,1022.4,1,2.34,,6,,20.5
192,진주,2026-03-15 16:00,15.5,,.9,90,34,1018.5,1022,.8,1.5,,6,,19
192,진주,2026-03-15 17:00,13.6,,1.5,360,41,1018.8,1022.3,.4,.77,,7,,15.7
192,진주,2026-03-15 18:00,12.3,,1.4,360,47,1018.7,1022.3,0,.29,,0,,13.1
192,진주,2026-03-15 19:00,10.4,,.2,0,54,1019.2,1022.8,0,.04,,0,,10.4
192,진주,2026-03-15 20:00,8.3,,.2,0,62,1020,1023.6,,,,0,,8.8
192,진주,2026-03-15 21:00,6.8,,.2,0,68,1020.4,1024,,,,0,,7.4
192,진주,2026-03-15 22:00,5.3,,.1,0,73,1020.8,1024.5,,,,0,,6.4
192,진주,2026-03-15 23:00,4.4,,.1,0,78,1021,1024.7,,,,0,,5.5
192,진주,2026-03-16 00:00,3.1,,0,0,82,1021,1024.7,,,,4,,5
192,진주,2026-03-16 01:00,3,,0,0,84,1021.1,1024.8,,,,8,,4.9
192,진주,2026-03-16 02:00,2.5,,.1,0,84,1020.7,1024.4,,,,6,,4.4
192,진주,2026-03-16 03:00,2.7,,.1,0,86,1020.4,1024.1,,,,9,,4.4
192,진주,2026-03-16 04:00,2.1,,0,0,85,1020.7,1024.4,,,,8,,3.9
192,진주,2026-03-16 05:00,2,,.1,0,86,1020.5,1024.2,,,,9,,3.7
192,진주,2026-03-16 06:00,1.2,,0,0,87,1020.6,1024.3,,,,7,,3.4
192,진주,2026-03-16 07:00,.6,,.1,0,90,1021.3,1025,0,.02,,0,,2.7
192,진주,2026-03-16 08:00,4.5,,.2,0,78,1021.2,1024.9,.6,.5,,5,,5
192,진주,2026-03-16 09:00,6.9,,1.3,270,66,1021.3,1024.9,1,1.11,,0,,9.4
192,진주,2026-03-16 10:00,9.3,,.8,270,56,1021.2,1024.8,1,1.81,,7,,14.3
192,진주,2026-03-16 11:00,11.9,,1,180,50,1020.9,1024.5,1,2.38,,0,,18.3
192,진주,2026-03-16 12:00,12.6,,1.9,290,47,1020,1023.6,1,2.8,,0,,21.3
192,진주,2026-03-16 13:00,14.4,,1.6,340,44,1019,1022.5,.9,2.79,,5,,22.5
192,진주,2026-03-16 14:00,15.1,,1.9,250,41,1018.1,1021.6,1,2.69,,8,,23.2
192,진주,2026-03-16 15:00,15.5,,1.3,160,40,1017.4,1020.9,1,2.24,,0,,22.5
192,진주,2026-03-16 16:00,14.6,,1.7,200,38,1017.2,1020.7,1,1.73,,6,,20
192,진주,2026-03-16 17:00,13.8,,1.3,180,45,1017.1,1020.6,.2,.74,,8,,17
192,진주,2026-03-16 18:00,12.6,,1.7,160,49,1017.2,1020.8,0,.29,,9,,14.6
192,진주,2026-03-16 19:00,11.8,,.7,200,53,1017.5,1021.1,0,.03,,6,,12.3
192,진주,2026-03-16 20:00,10.2,,.7,140,58,1017.7,1021.3,,,,0,,10.2
192,진주,2026-03-16 21:00,8,,.1,0,68,1018.7,1022.3,,,,0,,9
192,진주,2026-03-16 22:00,6.5,,0,0,74,1018.8,1022.4,,,,6,,8.1
192,진주,2026-03-16 23:00,6,,.5,50,77,1019,1022.7,,,,6,,7.4
192,진주,2026-03-17 00:00,5.1,,0,0,81,1019.1,1022.8,,,,6,,6.9
192,진주,2026-03-17 01:00,4.6,,.1,0,83,1018.9,1022.6,,,,8,,6.5
192,진주,2026-03-17 02:00,4.4,,0,0,85,1019.4,1023.1,,,,8,,6.5
192,진주,2026-03-17 03:00,4.2,,0,0,86,1019,1022.7,,,,9,,6
192,진주,2026-03-17 04:00,3.5,,.2,0,87,1018.3,1022,,,,9,,5.5
192,진주,2026-03-17 05:00,2.7,,.1,0,90,1018.7,1022.4,,,,6,,4.9
192,진주,2026-03-17 06:00,2.2,,0,0,91,1019.1,1022.8,,,,6,,4.4
192,진주,2026-03-17 07:00,1.7,,.1,0,92,1019.4,1023.1,0,.01,,5,,4
192,진주,2026-03-17 08:00,4.1,,.1,0,90,1019.9,1023.6,.5,.34,,4,,5.5
192,진주,2026-03-17 09:00,7.7,,.6,290,76,1020,1023.6,1,1.09,,0,,10.3
192,진주,2026-03-17 10:00,10.9,,.6,50,66,1019.6,1023.2,1,1.82,,0,,15.4
192,진주,2026-03-17 11:00,13.3,,1.2,270,56,1019,1022.6,1,2.44,,0,,20
192,진주,2026-03-17 12:00,15.1,,1.4,360,49,1018.6,1022.1,1,2.62,,0,,22.4
192,진주,2026-03-17 13:00,15.8,,1.3,290,42,1017.7,1021.2,.8,2.78,,0,,24.1
192,진주,2026-03-17 14:00,17.1,,1.9,180,46,1016.7,1020.2,1,2.81,,0,,24.7
192,진주,2026-03-17 15:00,16.6,,1.8,230,45,1016.2,1019.7,1,2.36,,0,,23.7
192,진주,2026-03-17 16:00,15.8,,1.5,200,47,1016,1019.5,1,1.92,,0,,21.7
192,진주,2026-03-17 17:00,15.3,,1.4,140,53,1016,1019.5,1,1.23,,0,,18.5
192,진주,2026-03-17 18:00,13.3,,1.6,250,62,1016.3,1019.8,.7,.45,,0,,15.3
192,진주,2026-03-17 19:00,12.1,,1.1,180,67,1016.2,1019.8,0,.06,,0,,13
192,진주,2026-03-17 20:00,11.3,,1.1,160,68,1016.8,1020.4,,,,0,,11.3
192,진주,2026-03-17 21:00,10.2,,.5,230,74,1017.1,1020.7,,,,0,,10
192,진주,2026-03-17 22:00,7.3,,.4,0,84,1016.9,1020.5,,,,0,,8.8
192,진주,2026-03-17 23:00,6.5,,.4,0,86,1016.6,1020.2,,,,0,,8.1
192,진주,2026-03-18 00:00,5.7,,.4,0,89,1016.5,1020.1,,,,8,,7.5
192,진주,2026-03-18 01:00,6.5,,.1,0,87,1015.8,1019.4,,,,10,,8.3
192,진주,2026-03-18 02:00,6.7,,0,0,87,1015.4,1019,,,,10,,8.6
192,진주,2026-03-18 03:00,6.9,0,.2,0,88,1015.1,1018.7,,,,10,,8.6
192,진주,2026-03-18 04:00,7,,.1,0,92,1014.1,1017.7,,,,10,,8.6
192,진주,2026-03-18 05:00,7,,.1,0,94,1013.8,1017.4,,,,10,,8.6
192,진주,2026-03-18 06:00,7.3,.9,.1,0,95,1013.5,1017.1,,,,10,,8.5
192,진주,2026-03-18 07:00,7,,.3,0,95,1012.7,1016.3,0,0,,10,,8.3
192,진주,2026-03-18 08:00,7.7,,.3,0,96,1012.4,1016,0,.06,,10,,8.8
192,진주,2026-03-18 09:00,8,2.1,.3,0,96,1012.2,1015.8,0,.08,,10,,9.1
192,진주,2026-03-18 10:00,8.3,,.6,340,95,1011.8,1015.4,0,.15,,10,,9.6
192,진주,2026-03-18 11:00,8.5,,.6,320,95,1010.9,1014.5,0,.29,,10,,10.6
192,진주,2026-03-18 12:00,8.8,5,.5,360,94,1009.7,1013.3,0,.27,,10,,10.8
192,진주,2026-03-18 13:00,8.8,,.7,360,93,1008.5,1012.1,0,.33,,10,,11.3
192,진주,2026-03-18 14:00,8.8,,.5,360,93,1007.7,1011.3,0,.31,,10,,11.3
192,진주,2026-03-18 15:00,9.7,1,.3,0,87,1007.1,1010.7,0,.67,,10,,13.3
192,진주,2026-03-18 16:00,9.7,,.9,320,88,1007.3,1010.9,0,.46,,10,,12.8
192,진주,2026-03-18 17:00,10.1,,.2,0,89,1007,1010.6,0,.25,,10,,12.1
192,진주,2026-03-18 18:00,9.8,,.3,0,91,1006.9,1010.5,0,.11,,10,,11.3
192,진주,2026-03-18 19:00,9.6,,.2,0,92,1007.6,1011.2,0,.01,,10,,10.6
192,진주,2026-03-18 20:00,9.1,,.3,0,94,1008.2,1011.8,,,,10,,9.9
192,진주,2026-03-18 21:00,9,,.3,0,95,1009.5,1013.1,,,,10,,9.6
192,진주,2026-03-18 22:00,8.8,,.3,0,95,1010.8,1014.4,,,,10,,9.3
192,진주,2026-03-18 23:00,9.5,,1.1,360,71,1010.8,1014.4,,,,10,,8.6
192,진주,2026-03-19 00:00,8,,1.2,360,80,1011,1014.6,,,,0,,7.3
192,진주,2026-03-19 01:00,6.2,,.3,0,81,1011.3,1014.9,,,,0,,6
192,진주,2026-03-19 02:00,4.3,,.5,20,90,1011.6,1015.2,,,,0,,5
192,진주,2026-03-19 03:00,4,,.3,0,85,1011.5,1015.2,,,,7,,4.3
192,진주,2026-03-19 04:00,3.8,,.5,360,84,1011.5,1015.2,,,,7,,3.7
192,진주,2026-03-19 05:00,2.8,,.4,0,77,1011.8,1015.5,,,,0,,3.2
192,진주,2026-03-19 06:00,4.8,,.7,70,64,1012.7,1016.3,,,,0,,2.7
192,진주,2026-03-19 07:00,3.2,,.3,0,73,1013.3,1017,0,.02,,0,,2.4
192,진주,2026-03-19 08:00,4.8,,.7,70,69,1014.2,1017.9,.7,.42,,0,,4
192,진주,2026-03-19 09:00,7.4,,1.2,90,56,1015.1,1018.7,1,1.28,,0,,10.2
192,진주,2026-03-19 10:00,9.5,,1.4,70,46,1014.9,1018.5,1,2.05,,0,,15.4
192,진주,2026-03-19 11:00,11.4,,1.8,110,45,1014.6,1018.2,1,2.66,,0,,19
192,진주,2026-03-19 12:00,13.5,,1.4,70,25,1013.9,1017.4,1,3.1,,0,,21.6
192,진주,2026-03-19 13:00,14.3,,1.8,340,17,1013.3,1016.8,1,3.27,,0,,22.7
192,진주,2026-03-19 14:00,15.1,,1.5,270,22,1012.3,1015.8,1,3.15,,0,,23.2
192,진주,2026-03-19 15:00,15.7,,1.5,290,20,1011.8,1015.3,1,2.76,,0,,22
192,진주,2026-03-19 16:00,15.5,,2.4,230,26,1011.6,1015.1,1,2.15,,0,,19.6
192,진주,2026-03-19 17:00,14.3,,1.7,160,33,1011.5,1015,1,1.35,,0,,15.5
192,진주,2026-03-19 18:00,12.1,,1.5,200,44,1011.5,1015,.9,.58,,0,,12.3
192,진주,2026-03-19 19:00,10.3,,.6,90,55,1011.8,1015.4,0,.04,,0,,10
192,진주,2026-03-19 20:00,8.2,,.6,290,67,1013,1016.6,,,,0,,8.6
192,진주,2026-03-19 21:00,6.1,,.1,0,78,1013.6,1017.2,,,,0,,7.3
192,진주,2026-03-19 22:00,5.1,,.2,0,82,1014.3,1017.9,,,,0,,6.2
192,진주,2026-03-19 23:00,3.7,,.1,0,87,1015.2,1018.9,,,,0,,5.4
192,진주,2026-03-20 00:00,2.6,,.1,0,88,1015.6,1019.3,,,,0,,4.5
192,진주,2026-03-20 01:00,2.4,,.2,0,90,1015.9,1019.6,,,,6,,4.2
192,진주,2026-03-20 02:00,1.2,,.1,0,90,1016.1,1019.8,,,,7,,3.7
192,진주,2026-03-20 03:00,1,,.1,0,92,1015.4,1019.1,,,,6,,3.5
192,진주,2026-03-20 04:00,.5,,0,0,92,1014.7,1018.4,,,,6,,3
192,진주,2026-03-20 05:00,.3,,0,0,93,1015.2,1018.9,,,,6,,2.7
192,진주,2026-03-20 06:00,-.7,,.1,0,93,1015.9,1019.6,,,,3,,2
192,진주,2026-03-20 07:00,-.5,,0,0,94,1016.8,1020.5,0,.03,,6,,1.8
192,진주,2026-03-20 08:00,2.5,,.1,0,90,1017.4,1021.1,.5,.43,,8,,4.5
192,진주,2026-03-20 09:00,6.1,,.5,270,61,1017.7,1021.3,1,1.21,,3,,10.4
192,진주,2026-03-20 10:00,9.5,,.7,230,40,1017.6,1021.2,1,2.03,,0,,16.1
192,진주,2026-03-20 11:00,12.1,,1.5,270,24,1017.1,1020.7,1,2.73,,0,,19.9
192,진주,2026-03-20 12:00,14.2,,1.6,320,18,1016.6,1020.1,1,3.15,,0,,23.5
192,진주,2026-03-20 13:00,15.5,,1.3,270,14,1016,1019.5,1,3.26,,5,,26
192,진주,2026-03-20 14:00,16.2,,1.2,320,17,1015.2,1018.7,,,,4,,26.3
192,진주,2026-03-20 15:00,16.7,,2.9,200,21,1014.8,1018.3,1,2.79,,0,,25.1
192,진주,2026-03-20 16:00,17.2,,1.8,270,19,1014.7,1018.2,1,2.08,,0,,22.2
192,진주,2026-03-20 17:00,17.5,,2.2,360,13,1014.9,1018.4,1,1.48,,0,,17.6
192,진주,2026-03-20 18:00,15.7,,1.9,290,20,1015.3,1018.8,.9,.64,,0,,14.2
192,진주,2026-03-20 19:00,14.1,,.9,340,22,1016,1019.5,0,.05,,6,,11.8
192,진주,2026-03-20 20:00,12.1,,.9,290,33,1017,1020.6,,,,3,,9.8
192,진주,2026-03-20 21:00,11,,.7,50,32,1018,1021.6,,,,0,,8.6
192,진주,2026-03-20 22:00,7,,.4,0,47,1018.7,1022.3,,,,0,,7
192,진주,2026-03-20 23:00,5,,.1,0,56,1019.2,1022.9,,,,0,,6
192,진주,2026-03-21 00:00,4,,.1,0,63,1019.4,1023.1,,,,0,,5
192,진주,2026-03-21 01:00,2.5,,.1,0,68,1019.8,1023.5,,,,0,,4.3
192,진주,2026-03-21 02:00,1.7,,0,0,72,1020,1023.7,,,,0,,3.6
192,진주,2026-03-21 03:00,1.1,,.3,0,74,1020.2,1023.9,,,,0,,3
192,진주,2026-03-21 04:00,.2,,0,0,78,1020.1,1023.8,,,,0,,2.5
192,진주,2026-03-21 05:00,-.5,,0,0,80,1020.4,1024.1,,,,0,,2
192,진주,2026-03-21 06:00,-.4,,.4,0,79,1020.7,1024.4,,,,0,,1.7
192,진주,2026-03-21 07:00,-.5,,.1,0,81,1021.3,1025.1,0,.02,,0,,1.7
192,진주,2026-03-21 08:00,3.1,,.2,0,72,1021.8,1025.5,.7,.46,,0,,3.5
192,진주,2026-03-21 09:00,7.1,,.8,320,55,1022,1025.6,1,1.27,,0,,10.4
192,진주,2026-03-21 10:00,10.1,,.7,270,50,1021.9,1025.5,1,2.02,,0,,16.4
192,진주,2026-03-21 11:00,13.2,,.9,290,43,1021.6,1025.2,1,2.62,,0,,21.5
192,진주,2026-03-21 12:00,14.8,,1.3,340,34,1020.8,1024.3,1,3,,0,,25
192,진주,2026-03-21 13:00,17.3,,2.3,140,28,1020,1023.5,1,3.19,,0,,26.7
192,진주,2026-03-21 14:00,16.9,,1.6,200,26,1019,1022.5,1,3.1,,0,,27.1
192,진주,2026-03-21 15:00,17,,1.6,250,32,1018.4,1021.9,1,2.71,,0,,25.9
192,진주,2026-03-21 16:00,16.5,,2.4,180,33,1017.9,1021.4,1,2.1,,0,,22.9
192,진주,2026-03-21 17:00,15.5,,2.5,200,44,1018,1021.5,1,1.35,,0,,18.5
192,진주,2026-03-21 18:00,14.3,,1.3,180,46,1018.1,1021.6,.9,.59,,0,,15.2
192,진주,2026-03-21 19:00,12.6,,1.2,140,58,1018.3,1021.9,0,.05,,0,,12.6
192,진주,2026-03-21 20:00,11.5,,1.1,160,64,1018.6,1022.2,,,,0,,10.8
192,진주,2026-03-21 21:00,9,,.3,0,74,1018.8,1022.4,,,,0,,9.6
192,진주,2026-03-21 22:00,7.3,,.1,0,81,1018.9,1022.5,,,,0,,8.3
192,진주,2026-03-21 23:00,5.9,,.2,0,85,1019.2,1022.9,,,,0,,7.3
192,진주,2026-03-22 00:00,5,,.3,0,88,1019,1022.7,,,,6,,6.5
192,진주,2026-03-22 01:00,4.5,,.1,0,89,1018.7,1022.4,,,,8,,6.3
192,진주,2026-03-22 02:00,4,,0,0,91,1018.8,1022.5,,,,6,,5.9
192,진주,2026-03-22 03:00,4.3,,.2,0,92,1018.9,1022.6,,,,8,,5.9
192,진주,2026-03-22 04:00,4.1,,0,0,92,1018.2,1021.9,,,,10,,6
192,진주,2026-03-22 05:00,4.5,,.1,0,91,1017.5,1021.2,,,,10,,6.2
192,진주,2026-03-22 06:00,4.6,,.4,0,90,1017.1,1020.8,,,,10,,6.1
192,진주,2026-03-22 07:00,4.1,,.1,0,91,1017.5,1021.2,0,.01,,8,,6
192,진주,2026-03-22 08:00,5.6,,.1,0,86,1018.2,1021.9,0,.23,,10,,7.3
192,진주,2026-03-22 09:00,7.4,,.2,0,77,1018.1,1021.7,0,.48,,9,,9.3
192,진주,2026-03-22 10:00,8.6,,.6,320,69,1018,1021.6,0,.7,,10,,11.1
192,진주,2026-03-22 11:00,10.5,,.9,290,66,1017.8,1021.4,0,1.05,,10,,14
192,진주,2026-03-22 12:00,11,,.5,230,64,1016.9,1020.5,0,.83,,10,,14.1
192,진주,2026-03-22 13:00,12.6,,1.5,290,57,1015.8,1019.4,0,1.23,,10,,16.7
192,진주,2026-03-22 14:00,15.1,,1.2,290,47,1014.7,1018.2,.8,2.12,,8,,21.5
192,진주,2026-03-22 15:00,16.7,,1.2,320,31,1014,1017.5,1,2.03,,6,,22.5
192,진주,2026-03-22 16:00,17.7,,1.4,320,31,1013.5,1017,1,2.33,,5,,22.6
192,진주,2026-03-22 17:00,16.8,,.7,250,33,1013.2,1016.7,1,1.47,,0,,18
192,진주,2026-03-22 18:00,15.5,,.6,200,37,1012.9,1016.4,.9,.62,,0,,14.6
192,진주,2026-03-22 19:00,12.3,,.4,0,46,1013,1016.5,0,.04,,0,,11.6
192,진주,2026-03-22 20:00,10.1,,.2,0,55,1013.4,1017,,,,0,,9.6
192,진주,2026-03-22 21:00,8,,.1,0,63,1013.9,1017.5,,,,0,,8.3
192,진주,2026-03-22 22:00,6.1,,0,0,70,1014,1017.6,,,,0,,7.2
192,진주,2026-03-22 23:00,4.9,,0,0,75,1014.6,1018.3,,,,0,,6.3
192,진주,2026-03-23 00:00,3.9,,0,0,79,1014.8,1018.5,,,,5,,5.5
192,진주,2026-03-23 01:00,3.2,,0,0,83,1015,1018.7,,,,0,,5
192,진주,2026-03-23 02:00,2.3,,0,0,85,1015.2,1018.9,,,,0,,4.3
192,진주,2026-03-23 03:00,1.6,,0,0,87,1015.2,1018.9,,,,5,,3.7
192,진주,2026-03-23 04:00,1,,0,0,89,1014.9,1018.6,,,,0,,3.2
192,진주,2026-03-23 05:00,.1,,.2,0,89,1014.8,1018.5,,,,0,,2.7
192,진주,2026-03-23 06:00,.1,,0,0,89,1015.2,1018.9,,,,0,,2.4
192,진주,2026-03-23 07:00,.2,,.1,0,90,1015.8,1019.5,0,.03,,0,,2.3
192,진주,2026-03-23 08:00,3.5,,.1,0,79,1016.3,1020,.8,.5,,0,,4.5
192,진주,2026-03-23 09:00,8.6,,.2,0,59,1016.6,1020.2,1,1.36,,0,,11.5
192,진주,2026-03-23 10:00,13.1,,.7,20,37,1016.4,1019.9,1,2.11,,0,,17.9
192,진주,2026-03-23 11:00,16.6,,1.3,90,22,1015.9,1019.4,1,2.72,,0,,22.8
192,진주,2026-03-23 12:00,18.7,,1.7,90,19,1015.1,1018.6,1,3.12,,0,,26.3
192,진주,2026-03-23 13:00,19.7,,1.2,50,13,1014.7,1018.2,1,3.21,,3,,28
192,진주,2026-03-23 14:00,20.6,,1.2,360,8,1014.1,1017.5,1,3.19,,0,,28.8
192,진주,2026-03-23 15:00,21.3,,1.4,90,9,1013.8,1017.2,1,2.82,,0,,27.7
192,진주,2026-03-23 16:00,19,,2.9,200,19,1014.1,1017.6,1,2.22,,0,,24.1
192,진주,2026-03-23 17:00,18,,1.9,160,30,1014.4,1017.9,1,1.47,,0,,19.7
192,진주,2026-03-23 18:00,16.2,,1.1,110,40,1014.9,1018.4,.9,.62,,0,,16.4
192,진주,2026-03-23 19:00,13.8,,.9,160,50,1015.5,1019,0,.05,,0,,13.5
192,진주,2026-03-23 20:00,10.8,,.8,160,58,1016.6,1020.2,,,,0,,11.3
192,진주,2026-03-23 21:00,9.1,,.2,0,65,1017.2,1020.8,,,,5,,9.8
192,진주,2026-03-23 22:00,7.5,,.2,0,72,1017.7,1021.3,,,,6,,8.8
192,진주,2026-03-23 23:00,6.5,,.1,0,76,1018,1021.6,,,,0,,7.9
192,진주,2026-03-24 00:00,5.4,,.1,0,80,1018.1,1021.8,,,,0,,7
192,진주,2026-03-24 01:00,4.9,,.1,0,82,1018.3,1022,,,,0,,6.5
192,진주,2026-03-24 02:00,4,,0,0,86,1018.3,1022,,,,0,,5.8
192,진주,2026-03-24 03:00,3,,.1,0,88,1018,1021.7,,,,0,,5.2
192,진주,2026-03-24 04:00,2.7,,0,0,89,1017.5,1021.2,,,,6,,4.9
192,진주,2026-03-24 05:00,2.3,,0,0,91,1017.5,1021.2,,,,0,,4.4
192,진주,2026-03-24 06:00,1.7,,0,0,92,1017.8,1021.5,,,,0,,3.9
192,진주,2026-03-24 07:00,2,,0,0,92,1017.8,1021.5,0,.04,,3,,4
192,진주,2026-03-24 08:00,5.1,,0,0,86,1017.9,1021.6,.6,.43,,5,,6.5
192,진주,2026-03-24 09:00,8.7,,.7,290,74,1018.1,1021.7,1,1.08,,0,,11.5
192,진주,2026-03-24 10:00,12.2,,1.2,70,57,1017.4,1021,1,1.82,,1,,17
192,진주,2026-03-24 11:00,13.4,,1.7,90,49,1016.4,1019.9,1,2.15,,8,,20.2
192,진주,2026-03-24 12:00,14.7,,1.2,70,48,1015.2,1018.7,.7,2.31,,7,,22.1
192,진주,2026-03-24 13:00,16.2,,1.6,250,44,1014.9,1018.4,.4,2.48,,6,,25.2
192,진주,2026-03-24 14:00,17.8,,1,90,42,1013.7,1017.2,1,2.43,,7,,25.8
192,진주,2026-03-24 15:00,17.8,,1.8,90,34,1012.9,1016.4,.9,1.85,,8,,23.3
192,진주,2026-03-24 16:00,18,,1.2,140,42,1012.4,1015.9,.8,1.21,,8,,21.2
192,진주,2026-03-24 17:00,17,,1.2,110,42,1012.2,1015.7,.6,.72,,7,,18.7
192,진주,2026-03-24 18:00,15.3,,2.5,140,49,1012.1,1015.6,.1,.32,,9,,16.1
192,진주,2026-03-24 19:00,13.8,,.6,110,54,1012.5,1016,0,.02,,10,,14.1
192,진주,2026-03-24 20:00,12.6,,.8,110,56,1012.7,1016.2,,,,10,,13.1
192,진주,2026-03-24 21:00,11.8,,.6,110,61,1013,1016.6,,,,10,,12.3
192,진주,2026-03-24 22:00,11.3,,.5,110,63,1013,1016.6,,,,10,,11.8
192,진주,2026-03-24 23:00,10.8,,.2,0,64,1013,1016.6,,,,10,,11.3
192,진주,2026-03-25 00:00,10.6,,.1,0,67,1012.7,1016.3,,,,10,,11.1
192,진주,2026-03-25 01:00,10.1,,.2,0,70,1012.7,1016.3,,,,10,,10.6
192,진주,2026-03-25 02:00,9.6,,.4,0,72,1012.2,1015.8,,,,10,,10.5
192,진주,2026-03-25 03:00,9.4,0,.5,200,76,1011.6,1015.2,,,,10,,10.3
192,진주,2026-03-25 04:00,9.1,,.3,0,81,1010.8,1014.4,,,,10,,10.1
192,진주,2026-03-25 05:00,9,,.2,0,87,1010.8,1014.4,,,,10,,9.8
192,진주,2026-03-25 06:00,8.3,0,.2,0,88,1010.8,1014.4,,,,10,,9.7
192,진주,2026-03-25 07:00,9,,.1,0,84,1011.2,1014.8,0,.02,,10,,9.8
192,진주,2026-03-25 08:00,9.5,,.1,0,81,1011.2,1014.8,0,.12,,10,,10.3
192,진주,2026-03-25 09:00,10.8,,.5,290,72,1011.3,1014.9,0,.5,,9,,12.8
192,진주,2026-03-25 10:00,11.6,,.7,270,69,1011.5,1015,0,.64,,10,,14.1
192,진주,2026-03-25 11:00,11.8,,.8,290,73,1011.3,1014.8,0,.64,,10,,14.3
192,진주,2026-03-25 12:00,13.2,0,.9,270,64,1010.9,1014.4,0,.76,,10,,16
192,진주,2026-03-25 13:00,13.6,,.9,270,63,1010.6,1014.1,0,.8,,10,,15.9
192,진주,2026-03-25 14:00,15.3,,1.4,270,56,1009.6,1013.1,0,1.16,,9,,18.4
192,진주,2026-03-25 15:00,17.1,0,1.6,90,44,1009,1012.5,.8,1.75,,7,,21.2
192,진주,2026-03-25 16:00,17.7,,1.2,20,41,1008.4,1011.9,1,1.97,,1,,21.5
192,진주,2026-03-25 17:00,17.3,,1.1,140,42,1008.2,1011.7,1,1.27,,0,,18.5
192,진주,2026-03-25 18:00,16,,1.1,140,47,1008.6,1012.1,.9,.51,,0,,15.5
192,진주,2026-03-25 19:00,12.8,,0,0,58,1008.8,1012.3,0,.05,,0,,12.6
192,진주,2026-03-25 20:00,11.9,,.5,230,65,1009.9,1013.4,,,,0,,11
192,진주,2026-03-25 21:00,10.8,,1,200,68,1011,1014.6,,,,0,,10
192,진주,2026-03-25 22:00,9.4,,1,200,74,1011.4,1015,,,,0,,9.1
192,진주,2026-03-25 23:00,7.6,,.5,340,83,1011.4,1015,,,,0,,8.3
192,진주,2026-03-26 00:00,6.4,,.3,0,86,1011.3,1014.9,,,,0,,7.5
192,진주,2026-03-26 01:00,5.4,,.1,0,88,1011.5,1015.1,,,,0,,6.8
192,진주,2026-03-26 02:00,4.6,,0,0,91,1011.9,1015.5,,,,0,,6.1
192,진주,2026-03-26 03:00,3.8,,.1,0,92,1011.8,1015.5,,,,0,,5.6
192,진주,2026-03-26 04:00,3.4,,.2,0,93,1011.5,1015.2,,,,0,,5.2
192,진주,2026-03-26 05:00,3,,0,0,93,1012,1015.7,,,,0,,4.9
192,진주,2026-03-26 06:00,2.9,,.1,0,93,1012.3,1016,,,,0,,4.6
192,진주,2026-03-26 07:00,3.1,,0,0,94,1012.4,1016.1,0,.04,,0,,4.7
192,진주,2026-03-26 08:00,5.8,,0,0,94,1012.9,1016.5,.5,.44,,0,,7.8
192,진주,2026-03-26 09:00,9.3,,.1,0,82,1013.3,1016.9,1,1.15,,0,,12.7
192,진주,2026-03-26 10:00,13.3,,.3,0,61,1012.5,1016,1,1.93,,0,,18.8
192,진주,2026-03-26 11:00,16.8,,1.1,50,41,1011.9,1015.4,1,2.57,,0,,23.7
192,진주,2026-03-26 12:00,19.1,,1,90,36,1011,1014.4,1,2.97,,0,,27.2
192,진주,2026-03-26 13:00,21.2,,1.4,250,31,1010.2,1013.6,1,3.14,,0,,29.3
192,진주,2026-03-26 14:00,21.4,,1.5,250,32,1009.1,1012.5,1,2.95,,0,,29.6
192,진주,2026-03-26 15:00,21.3,,2.3,230,31,1008.5,1011.9,1,2.49,,0,,27.6
192,진주,2026-03-26 16:00,21,,2,180,33,1008.5,1011.9,1,1.95,,0,,25.2
192,진주,2026-03-26 17:00,19.7,,1.4,180,35,1008.4,1011.8,1,1.25,,0,,21.1
192,진주,2026-03-26 18:00,18.1,,1.2,160,39,1008.4,1011.9,.9,.53,,0,,17.8
192,진주,2026-03-26 19:00,16.3,,1.2,140,43,1008.9,1012.4,0,.07,,0,,15.1
192,진주,2026-03-26 20:00,15,,.8,290,47,1009.6,1013.1,,,,0,,13.1
192,진주,2026-03-26 21:00,11.3,,.2,0,61,1010.5,1014.1,,,,0,,11.6
192,진주,2026-03-26 22:00,9.7,,.2,0,68,1011.2,1014.8,,,,6,,10.8
192,진주,2026-03-26 23:00,9.2,,.1,0,73,1011.6,1015.2,,,,9,,10
192,진주,2026-03-27 00:00,7.8,,.1,0,77,1011.8,1015.4,,,,7,,8.8
192,진주,2026-03-27 01:00,6.8,,.2,0,81,1011.7,1015.3,,,,6,,8.3
192,진주,2026-03-27 02:00,5.9,,.1,0,83,1011.6,1015.2,,,,0,,7.5
192,진주,2026-03-27 03:00,5.3,,.2,0,85,1011.4,1015,,,,6,,7
192,진주,2026-03-27 04:00,4.9,,.1,0,87,1011.3,1014.9,,,,0,,6.5
192,진주,2026-03-27 05:00,4,,0,0,89,1011.5,1015.2,,,,0,,6
192,진주,2026-03-27 06:00,3.7,,0,0,91,1011.9,1015.6,,,,0,,5.6
192,진주,2026-03-27 07:00,4,,0,0,91,1012.2,1015.9,0,.04,,0,,5.9
192,진주,2026-03-27 08:00,7,,.2,0,85,1012.3,1015.9,.6,.46,,0,,8.3
192,진주,2026-03-27 09:00,11,,.2,0,72,1012.3,1015.9,1,1.09,,0,,13.4
192,진주,2026-03-27 10:00,14.1,,.7,290,58,1012,1015.5,1,1.74,,0,,18.7
192,진주,2026-03-27 11:00,18.1,,.8,320,43,1011.2,1014.7,1,2.25,,5,,22.8
192,진주,2026-03-27 12:00,20.3,,.9,320,35,1010.3,1013.7,1,2.62,,5,,26.4
192,진주,2026-03-27 13:00,21.6,,1,180,34,1009.1,1012.5,1,2.79,,5,,28.2
192,진주,2026-03-27 14:00,22.6,,1,250,27,1007.9,1011.3,1,2.72,,2,,28.7
192,진주,2026-03-27 15:00,22.6,,2.9,140,24,1007,1010.4,1,2.45,,5,,27.5
192,진주,2026-03-27 16:00,23,,1.5,200,27,1006.6,1010,1,1.88,,7,,25.7
192,진주,2026-03-27 17:00,22.1,,1.4,200,31,1006.5,1009.9,1,1.02,,4,,21.8
192,진주,2026-03-27 18:00,21,,1,140,34,1006.8,1010.2,.9,.48,,5,,19.1
192,진주,2026-03-27 19:00,20.6,,2.1,270,28,1007.2,1010.6,0,.1,,7,,16.3
192,진주,2026-03-27 20:00,15.8,,.2,0,48,1007.9,1011.4,,,,6,,14.3
192,진주,2026-03-27 21:00,13.3,,.7,70,56,1008.6,1012.1,,,,6,,12.9
192,진주,2026-03-27 22:00,11.8,,.1,0,61,1008.9,1012.4,,,,6,,11.8
192,진주,2026-03-27 23:00,10.8,,.3,0,67,1009.2,1012.8,,,,8,,11.3
192,진주,2026-03-28 00:00,10.3,,.1,0,67,1009.5,1013.1,,,,6,,10.7
192,진주,2026-03-28 01:00,9.6,,.1,0,69,1009.5,1013.1,,,,6,,10
192,진주,2026-03-28 02:00,8.1,,0,0,73,1009.7,1013.3,,,,6,,9.5
192,진주,2026-03-28 03:00,8.1,,0,0,73,1009.8,1013.4,,,,8,,9.1
192,진주,2026-03-28 04:00,7.5,,.1,0,76,1009.8,1013.4,,,,6,,8.6
192,진주,2026-03-28 05:00,6.7,,.3,0,78,1010,1013.6,,,,8,,8.1
192,진주,2026-03-28 06:00,6.6,,.2,0,80,1010.7,1014.3,,,,8,,7.6
192,진주,2026-03-28 07:00,6.8,,.1,0,79,1011.4,1015,0,.06,,8,,7.8
192,진주,2026-03-28 08:00,10.6,,.3,0,69,1012,1015.6,.6,.56,,7,,10.8
192,진주,2026-03-28 09:00,14.3,,.8,270,45,1012.3,1015.8,1,1.24,,0,,16.1
192,진주,2026-03-28 10:00,17.5,,1,200,33,1012.3,1015.8,1,2.23,,0,,22.2
192,진주,2026-03-28 11:00,20.1,,1.2,140,23,1011.8,1015.2,1,2.85,,0,,26.9
192,진주,2026-03-28 12:00,21.3,,1.1,200,20,1011.4,1014.8,1,3.19,,0,,29.8
192,진주,2026-03-28 13:00,22.2,,1.1,90,16,1010.8,1014.2,1,3.3,,0,,31.3
192,진주,2026-03-28 14:00,23.1,,1.6,270,15,1009.9,1013.3,1,3.16,,0,,31.7
192,진주,2026-03-28 15:00,23.8,,1,290,15,1009.3,1012.7,1,2.78,,0,,30.9
192,진주,2026-03-28 16:00,21.4,,3.1,160,19,1009.2,1012.6,1,2.19,,0,,27.2
192,진주,2026-03-28 17:00,20,,1.5,200,27,1009.6,1013,1,1.42,,0,,22.7
192,진주,2026-03-28 18:00,17.5,,1.7,250,40,1010.3,1013.8,1,.61,,0,,19.2
192,진주,2026-03-28 19:00,15.1,,.8,200,56,1011.1,1014.6,0,.06,,0,,16.2
192,진주,2026-03-28 20:00,14,,.4,0,69,1012.7,1016.2,,,,4,,14.3
192,진주,2026-03-28 21:00,11.1,,.1,0,78,1013.4,1017,,,,6,,12.8
192,진주,2026-03-28 22:00,10.4,,.3,0,84,1013.5,1017.1,,,,6,,11.8
192,진주,2026-03-28 23:00,9.4,,0,0,84,1013.9,1017.5,,,,0,,10.8
192,진주,2026-03-29 00:00,8.3,,0,0,88,1013.9,1017.5,,,,0,,10
192,진주,2026-03-29 01:00,7.4,,.1,0,90,1013.7,1017.3,,,,0,,9.3
192,진주,2026-03-29 02:00,6.9,,0,0,91,1013.5,1017.1,,,,6,,8.8
192,진주,2026-03-29 03:00,8.3,,0,0,89,1013.6,1017.2,,,,8,,10.1
192,진주,2026-03-29 04:00,9.1,,.1,0,89,1013.5,1017.1,,,,9,,10.6
192,진주,2026-03-29 05:00,9.5,,0,0,88,1013.6,1017.2,,,,9,,11
192,진주,2026-03-29 06:00,9.9,,.1,0,88,1013.7,1017.3,,,,9,,11.1
192,진주,2026-03-29 07:00,10.1,,.1,0,87,1014.3,1017.9,0,.02,,8,,11.3
192,진주,2026-03-29 08:00,11.4,,.2,0,84,1014.5,1018.1,0,.21,,7,,12.6
192,진주,2026-03-29 09:00,12.5,,.6,270,80,1014.4,1017.9,0,.67,,8,,15.3
192,진주,2026-03-29 10:00,13.6,,.9,320,75,1014.5,1018,0,1.03,,8,,17.5
192,진주,2026-03-29 11:00,15.8,,.8,320,66,1014.3,1017.8,.4,1.64,,8,,21.6
192,진주,2026-03-29 12:00,17.2,,2.1,250,58,1013.7,1017.2,.8,2.57,,1,,26.4
192,진주,2026-03-29 13:00,18.7,,2,140,49,1012.8,1016.3,1,3.05,,3,,29.3
192,진주,2026-03-29 14:00,19.6,,1.1,200,42,1012,1015.4,1,2.69,,3,,28.6
192,진주,2026-03-29 15:00,20.3,,2.2,200,39,1011.4,1014.8,.8,2.18,,3,,27.7
192,진주,2026-03-29 16:00,19.1,,1.9,200,49,1011.4,1014.8,.9,1.76,,7,,25
192,진주,2026-03-29 17:00,18,,1.7,200,52,1011.9,1015.4,.7,.95,,8,,22.1
192,진주,2026-03-29 18:00,16.4,,1.4,160,55,1012,1015.5,.1,.4,,8,,19.2
192,진주,2026-03-29 19:00,15.1,,.4,0,62,1012.3,1015.8,0,.07,,7,,16.6
192,진주,2026-03-29 20:00,14.1,,.5,90,68,1012.8,1016.3,,,,6,,14.6
192,진주,2026-03-29 21:00,13.2,,.2,0,72,1013.4,1016.9,,,,7,,14.1
192,진주,2026-03-29 22:00,11.3,,.1,0,78,1013.5,1017.1,,,,0,,12.8
192,진주,2026-03-29 23:00,11.5,,.3,0,79,1013.7,1017.3,,,,0,,12
192,진주,2026-03-30 00:00,9.6,,.1,0,87,1013.8,1017.4,,,,5,,11
192,진주,2026-03-30 01:00,8.5,,0,0,90,1013.9,1017.5,,,,0,,10.1
192,진주,2026-03-30 02:00,8.1,,0,0,92,1013.8,1017.4,,,,6,,9.8
192,진주,2026-03-30 03:00,7.7,,.2,0,92,1013.3,1016.9,,,,8,,9.4
192,진주,2026-03-30 04:00,7.3,,0,0,93,1013.2,1016.8,,,,8,,9.3
192,진주,2026-03-30 05:00,7.1,,.1,0,93,1012.7,1016.3,,,,9,,9.3
192,진주,2026-03-30 06:00,7.3,,0,0,94,1013.3,1016.9,,,,8,,9.1
192,진주,2026-03-30 07:00,7.6,,0,0,94,1013.5,1017.1,0,.05,,9,,9.3
192,진주,2026-03-30 08:00,9.3,,.3,0,92,1014,1017.6,0,.27,,9,,11.1
192,진주,2026-03-30 09:00,11.1,,.8,290,86,1013.9,1017.5,0,.62,,9,,14
192,진주,2026-03-30 10:00,13.1,,.8,270,79,1013.5,1017,.1,1.04,,9,,17.4
192,진주,2026-03-30 11:00,14.8,,.7,290,72,1012.7,1016.2,.2,1.29,,9,,19.6
192,진주,2026-03-30 12:00,15.6,,.8,290,70,1012,1015.5,0,.75,,10,,18.3
192,진주,2026-03-30 13:00,15.6,,.7,230,69,1011.6,1015.1,0,.27,,10,,16.5
192,진주,2026-03-30 14:00,13.7,,1,320,81,1010,1013.5,0,.27,,10,,15.6
192,진주,2026-03-30 15:00,13.3,.2,.8,270,81,1009.3,1012.8,0,.33,,10,,15.3
192,진주,2026-03-30 16:00,12.5,,.9,320,90,1008.4,1011.9,0,.23,,10,,14.8
192,진주,2026-03-30 17:00,12.2,,.5,360,90,1007.7,1011.2,0,.15,,10,,14
192,진주,2026-03-30 18:00,11.6,4.9,.7,50,92,1006.9,1010.4,0,.05,,10,,13.1
192,진주,2026-03-30 19:00,11.2,,1.3,360,93,1006.4,1009.9,0,.01,,10,,12.6
192,진주,2026-03-30 20:00,11.3,,1.1,360,94,1006,1009.5,,,,10,,12.1
192,진주,2026-03-30 21:00,11.2,12.5,1.3,360,93,1005,1008.5,,,,10,,12
192,진주,2026-03-30 22:00,10.8,,.4,0,94,1004.1,1007.6,,,,10,,11.8
192,진주,2026-03-30 23:00,11,,1.4,360,94,1002.4,1005.9,,,,10,,11.6
192,진주,2026-03-31 00:00,11,12.4,1.3,340,95,1001.3,1004.8,,,,10,,11.5
192,진주,2026-03-31 01:00,11,,1.9,340,95,1000,1003.5,,,,9,,11.5
192,진주,2026-03-31 02:00,10.6,,.7,340,94,999,1002.5,,,,8,,11.5
192,진주,2026-03-31 03:00,10.8,4.1,1.3,320,95,999,1002.5,,,,9,,11.4
192,진주,2026-03-31 04:00,10.8,,1.8,340,95,998.8,1002.3,,,,9,,11.3
192,진주,2026-03-31 05:00,11.1,,1.6,360,94,999.3,1002.8,,,,9,,11.3
192,진주,2026-03-31 06:00,10.9,1.9,.2,0,94,1000.4,1003.9,,,,9,,11.3
192,진주,2026-03-31 07:00,11.5,,.7,360,91,1001.7,1005.2,0,.01,,9,,11.5
192,진주,2026-03-31 08:00,12.2,,.8,340,88,1002.7,1006.2,0,.24,,10,,12.8
192,진주,2026-03-31 09:00,13.3,,.4,0,81,1003.8,1007.3,.2,.71,,8,,15.1
192,진주,2026-03-31 10:00,16.5,,2.1,20,64,1004.9,1008.4,1,2.03,,3,,22.1
192,진주,2026-03-31 11:00,17.7,,2.5,70,55,1005,1008.4,1,2.84,,2,,24.1
192,진주,2026-03-31 12:00,18.7,,2.1,50,53,1005.1,1008.5,1,3.25,,4,,26.9
192,진주,2026-03-31 13:00,18.2,,1.1,20,53,1005.7,1009.1,.5,2,,5,,23.6
192,진주,2026-03-31 14:00,20.3,,2.2,110,48,1006.2,1009.6,1,3.11,,7,,26.4
192,진주,2026-03-31 15:00,17.7,,1,110,59,1006.5,1010,.1,.59,,10,,19.7
192,진주,2026-03-31 16:00,16.5,,1.1,160,64,1006.7,1010.2,0,.19,,10,,17.6
192,진주,2026-03-31 17:00,15.5,,1.1,200,68,1007.8,1011.3,0,.1,,10,,16
192,진주,2026-03-31 18:00,14.6,,1,160,72,1009.2,1012.7,0,.04,,9,,15.1
192,진주,2026-03-31 19:00,14.1,,.7,140,76,1009.5,1013,0,0,,10,,14.3
192,진주,2026-03-31 20:00,14,,.6,70,74,1010.5,1014,,,,10,,14.1
192,진주,2026-03-31 21:00,13.1,,.2,0,82,1010.1,1013.6,,,,10,,13.9
192,진주,2026-03-31 22:00,13.1,,.1,0,83,1010.2,1013.7,,,,10,,13.8
192,진주,2026-03-31 23:00,12.8,,.1,0,85,1010.5,1014,,,,10,,13.6
192,진주,2026-04-01 00:00,13,,1.3,90,80,1011.1,1014.6,,,,10,,13.3
192,진주,2026-04-01 01:00,12.5,,.6,110,82,1011.1,1014.6,,,,10,,13.1
192,진주,2026-04-01 02:00,11.6,0,.6,90,88,1011,1014.5,,,,10,,13
192,진주,2026-04-01 03:00,11.3,,.7,110,92,1010.6,1014.2,,,,10,,12.8
192,진주,2026-04-01 04:00,10.9,,1,110,92,1010.5,1014.1,,,,10,,12.6
192,진주,2026-04-01 05:00,10.6,0,.4,0,93,1010.8,1014.4,,,,10,,12.3
192,진주,2026-04-01 06:00,10.5,.1,.3,0,94,1011,1014.6,,,,10,,12.1
192,진주,2026-04-01 07:00,10.6,,.3,0,94,1010.9,1014.5,0,.01,,10,,12.3
192,진주,2026-04-01 08:00,11.1,,.5,360,93,1010.7,1014.3,0,.08,,9,,12.6
192,진주,2026-04-01 09:00,11.6,,.5,290,88,1010.7,1014.2,0,.31,,9,,13.9
192,진주,2026-04-01 10:00,12.1,,.6,290,87,1010.8,1014.3,0,.37,,9,,14.5
192,진주,2026-04-01 11:00,12.8,0,1.2,270,81,1011.2,1014.7,0,.54,,10,,15.4
192,진주,2026-04-01 12:00,13.8,,1.1,320,78,1011,1014.5,0,.79,,10,,17.5
192,진주,2026-04-01 13:00,14,0,.5,20,74,1010,1013.5,0,.78,,10,,17.3
192,진주,2026-04-01 14:00,14.8,,.6,90,73,1009,1012.5,0,1.03,,10,,18.9
192,진주,2026-04-01 15:00,14.6,,.3,0,72,1008.4,1011.9,0,.72,,10,,17.6
192,진주,2026-04-01 16:00,15,,.3,0,71,1007.7,1011.2,0,.55,,10,,17.2
192,진주,2026-04-01 17:00,15.4,,.3,0,70,1007.5,1011,0,.72,,9,,17.6
192,진주,2026-04-01 18:00,14.7,,.2,0,75,1007.7,1011.2,0,.27,,10,,15.8
192,진주,2026-04-01 19:00,12.8,.2,.1,0,90,1008,1011.5,0,.01,,10,,14.5
192,진주,2026-04-01 20:00,12.4,0,.2,0,92,1008.6,1012.1,,,,10,,13.8
192,진주,2026-04-01 21:00,11.7,0,.2,0,95,1009.1,1012.6,,,,7,,13
192,진주,2026-04-01 22:00,11.5,,0,0,96,1009.5,1013,,,,7,,12.5
192,진주,2026-04-01 23:00,11.2,,.3,0,96,1009.6,1013.1,,,,7,,12.1
192,진주,2026-04-02 00:00,10.8,,0,0,96,1009.5,1013.1,,,,7,,11.8
192,진주,2026-04-02 01:00,10.6,,.1,0,97,1009.9,1013.5,,,,7,,11.3
192,진주,2026-04-02 02:00,8.2,,.3,0,95,1009.7,1013.3,,,,0,,9.8
192,진주,2026-04-02 03:00,8.8,,.9,290,88,1009.8,1013.4,,,,0,,8.8
192,진주,2026-04-02 04:00,6,,.2,0,94,1009.9,1013.5,,,,0,,7.9
192,진주,2026-04-02 05:00,5.3,,.4,0,95,1010.1,1013.7,,,,0,,6.9
192,진주,2026-04-02 06:00,4,,.1,0,95,1010.8,1014.5,,,,0,,6.3
192,진주,2026-04-02 07:00,4.4,,0,0,96,1011.8,1015.4,0,.06,,0,,6.4
192,진주,2026-04-02 08:00,8.3,,0,0,91,1012.1,1015.7,.9,.69,,0,,9.8
192,진주,2026-04-02 09:00,11.6,,1,290,62,1012.7,1016.3,1,1.53,,0,,16.4
192,진주,2026-04-02 10:00,14.4,,1.1,270,50,1012.3,1015.8,1,2.25,,0,,21.2
192,진주,2026-04-02 11:00,16.2,,1.4,250,39,1012.4,1015.9,1,2.82,,0,,24.6
192,진주,2026-04-02 12:00,18.3,,1.4,270,34,1011.6,1015.1,1,3.24,,0,,26.8
192,진주,2026-04-02 13:00,19.8,,1.3,290,31,1010.9,1014.3,1,3.34,,0,,27.9
192,진주,2026-04-02 14:00,20.6,,.8,70,24,1010.2,1013.6,1,3.22,,0,,27.7
192,진주,2026-04-02 15:00,21.2,,2.8,290,19,1009.5,1012.9,1,2.88,,0,,27
192,진주,2026-04-02 16:00,21.4,,3.1,320,15,1008.9,1012.3,1,2.38,,0,,25.1
192,진주,2026-04-02 17:00,21.2,,1.6,320,17,1009.1,1012.5,1,1.63,,0,,20.6
192,진주,2026-04-02 18:00,20,,2.2,340,17,1010,1013.4,.9,.74,,0,,17.1
192,진주,2026-04-02 19:00,17.2,,1.6,320,28,1010.9,1014.4,0,.06,,0,,14.3
192,진주,2026-04-02 20:00,13.2,,.3,0,36,1012,1015.5,,,,0,,12.3
192,진주,2026-04-02 21:00,10.9,,.2,0,46,1012.9,1016.5,,,,0,,10.6
192,진주,2026-04-02 22:00,8.8,,.1,0,58,1013.6,1017.2,,,,0,,9.6
192,진주,2026-04-02 23:00,7.6,,.2,0,63,1013.5,1017.1,,,,0,,8.6
192,진주,2026-04-03 00:00,6,,.1,0,67,1014.2,1017.8,,,,2,,7.9
192,진주,2026-04-03 01:00,5.5,,.1,0,70,1014.5,1018.1,,,,6,,7.5
192,진주,2026-04-03 02:00,5,,0,0,72,1014.2,1017.8,,,,6,,7.1
192,진주,2026-04-03 03:00,5,,.1,0,73,1014.4,1018,,,,8,,7
192,진주,2026-04-03 04:00,4.5,,.4,0,76,1013.9,1017.6,,,,9,,7
192,진주,2026-04-03 05:00,4.5,,.1,0,77,1013.7,1017.4,,,,6,,6.9
192,진주,2026-04-03 06:00,4.1,,0,0,80,1013.7,1017.4,,,,7,,6.5
192,진주,2026-04-03 07:00,4.5,,.5,50,81,1013.9,1017.6,0,.05,,0,,6.5
192,진주,2026-04-03 08:00,8.3,,.2,0,72,1014,1017.6,.9,.65,,2,,9.6
192,진주,2026-04-03 09:00,12.4,,.3,0,60,1014,1017.5,1,1.5,,0,,16.1
192,진주,2026-04-03 10:00,15.3,,.7,180,49,1013.8,1017.3,1,2.07,,8,,20.5
192,진주,2026-04-03 11:00,18.3,,1.2,320,39,1013.2,1016.7,1,2.53,,7,,24.2
192,진주,2026-04-03 12:00,20.8,,1.3,70,37,1012.3,1015.7,1,3.12,,5,,28.9
192,진주,2026-04-03 13:00,21.8,,2.1,140,26,1011.1,1014.5,1,3.25,,6,,30.6
192,진주,2026-04-03 14:00,21.6,,2.3,230,25,1010.6,1014,1,2.89,,7,,30.1
192,진주,2026-04-03 15:00,20.9,,2.8,230,29,1010,1013.4,1,2.62,,7,,28.9
192,진주,2026-04-03 16:00,19.1,,1.2,160,39,1009.7,1013.1,.9,1.69,,9,,25
192,진주,2026-04-03 17:00,16.8,,2,230,47,1009.7,1013.2,0,.44,,10,,20.7
192,진주,2026-04-03 18:00,15.8,,1.1,140,57,1009.5,1013,0,.21,,9,,18.2
192,진주,2026-04-03 19:00,15.1,,.6,70,63,1009,1012.5,0,.01,,10,,16.3
192,진주,2026-04-03 20:00,14.3,,.5,160,68,1008.6,1012.1,,,,10,,15.5
192,진주,2026-04-03 21:00,13.8,,.2,0,72,1008.8,1012.3,,,,10,,14.8
192,진주,2026-04-03 22:00,13.3,0,.1,0,78,1008.3,1011.8,,,,10,,14.5
192,진주,2026-04-03 23:00,12.3,1.4,.4,0,93,1007.8,1011.3,,,,10,,14
192,진주,2026-04-04 00:00,12.1,1.4,0,0,95,1006.4,1009.9,,,,10,,13.6
192,진주,2026-04-04 01:00,11.8,2.6,.5,50,95,1004.5,1008,,,,10,,13.5
192,진주,2026-04-04 02:00,11.6,4.5,.5,90,95,1002.9,1006.4,,,,10,,13.1
192,진주,2026-04-04 03:00,11.6,5.7,.9,20,96,1000.7,1004.2,,,,10,,12.8
192,진주,2026-04-04 04:00,11.6,6.4,.6,70,96,998.9,1002.4,,,,10,,12.6
192,진주,2026-04-04 05:00,11.6,8.7,.6,360,96,996.8,1000.3,,,,10,,12.5
192,진주,2026-04-04 06:00,11.6,9.9,.5,20,96,994.7,998.2,,,,10,,12.3
192,진주,2026-04-04 07:00,12.1,8.6,.5,50,96,992.7,996.2,0,0,,10,,12.5
192,진주,2026-04-04 08:00,12.1,6.2,1,340,96,992.1,995.6,0,.03,,10,,12.6
192,진주,2026-04-04 09:00,11.8,3.9,1.4,340,96,991.7,995.2,0,.16,,9,,13.2
192,진주,2026-04-04 10:00,12.6,.3,.9,320,94,992.5,996,0,.36,,10,,14.5
192,진주,2026-04-04 11:00,13.6,.1,2.5,340,90,993.6,997.1,0,.83,,10,,16.7
192,진주,2026-04-04 12:00,16.1,,1.7,340,80,993.4,996.8,.1,1.9,,9,,22
192,진주,2026-04-04 13:00,17.7,,1.5,290,70,993.1,996.5,.5,2.32,,7,,24.2
192,진주,2026-04-04 14:00,19.6,,1,270,64,993.4,996.8,.9,3.13,,5,,28.2
192,진주,2026-04-04 15:00,21.7,,1.7,250,58,993.9,997.3,.5,1.81,,8,,26.4
192,진주,2026-04-04 16:00,19.8,,3.4,360,54,994.7,998.1,.4,1.35,,6,,21.8
192,진주,2026-04-04 17:00,20.1,,2.8,360,51,995.6,999,1,1.59,,2,,20.1
192,진주,2026-04-04 18:00,18.7,,2.1,360,52,996.9,1000.3,.8,.73,,1,,17.2
192,진주,2026-04-04 19:00,16.7,,1.1,290,61,998,1001.4,0,.08,,0,,15.3
192,진주,2026-04-04 20:00,14.1,,1,230,75,999.7,1003.2,,,,0,,13.6
192,진주,2026-04-04 21:00,13.8,,1.5,200,73,1001.5,1005,,,,0,,12.8
192,진주,2026-04-04 22:00,12,,.8,230,79,1002.6,1006.1,,,,0,,11.8
192,진주,2026-04-04 23:00,10.1,,.1,0,83,1002.8,1006.3,,,,0,,11
192,진주,2026-04-05 00:00,8.8,,.4,0,93,1002.9,1006.5,,,,0,,10.1
192,진주,2026-04-05 01:00,8.1,,.2,0,94,1003.6,1007.2,,,,0,,9.3
192,진주,2026-04-05 02:00,7.2,,.1,0,95,1003.7,1007.3,,,,0,,8.6
192,진주,2026-04-05 03:00,6.8,,.4,0,94,1003.7,1007.3,,,,0,,8.1
192,진주,2026-04-05 04:00,6.2,,.4,0,95,1003.8,1007.4,,,,0,,7.5
192,진주,2026-04-05 05:00,5.3,,.2,0,95,1004.3,1007.9,,,,6,,7.1
192,진주,2026-04-05 06:00,4.6,,.2,0,95,1004.9,1008.5,,,,0,,6.5
192,진주,2026-04-05 07:00,4.8,,.1,0,95,1005.7,1009.3,0,.06,,0,,6.8
192,진주,2026-04-05 08:00,8.5,,.1,0,85,1006.1,1009.7,.9,.72,,0,,10.4
192,진주,2026-04-05 09:00,11.2,,1.1,270,66,1005.9,1009.4,1,1.6,,5,,16.9
192,진주,2026-04-05 10:00,13,,1.4,270,61,1006.1,1009.6,1,2.34,,3,,21.8
192,진주,2026-04-05 11:00,14.6,,1.4,270,55,1005.7,1009.2,1,2.88,,5,,24.8
192,진주,2026-04-05 12:00,16.1,,1.5,250,48,1005.4,1008.9,.8,2.67,,8,,23.8
192,진주,2026-04-05 13:00,17.3,,2.1,140,50,1004.8,1008.3,1,3.03,,5,,26.4
192,진주,2026-04-05 14:00,18,,2.3,110,53,1004.3,1007.7,1,2.98,,6,,25.7
192,진주,2026-04-05 15:00,18.1,,2.5,200,49,1004.1,1007.5,1,2.17,,8,,24.3
192,진주,2026-04-05 16:00,18.7,,2,180,47,1004,1007.4,1,2.39,,1,,23.3
192,진주,2026-04-05 17:00,18.3,,1.5,200,48,1004.2,1007.6,1,1.61,,0,,19.2
192,진주,2026-04-05 18:00,16.3,,1.7,110,54,1004.4,1007.9,.8,.72,,0,,16.2
192,진주,2026-04-05 19:00,14.6,,1,200,60,1004.8,1008.3,0,.06,,0,,14
192,진주,2026-04-05 20:00,13.6,,1,290,63,1005.3,1008.8,,,,0,,12.6
192,진주,2026-04-05 21:00,13,,.7,160,65,1006.2,1009.7,,,,0,,11.6
192,진주,2026-04-05 22:00,12.8,,.7,70,65,1006.8,1010.3,,,,0,,11.1
192,진주,2026-04-05 23:00,10.9,,.4,0,75,1007.2,1010.7,,,,0,,10.6
192,진주,2026-04-06 00:00,12.1,,.8,110,66,1007.7,1011.2,,,,0,,10.4
192,진주,2026-04-06 01:00,12.6,,.7,90,63,1007.6,1011.1,,,,4,,10.5
192,진주,2026-04-06 02:00,12.1,,.8,20,68,1007.7,1011.2,,,,0,,10.3
192,진주,2026-04-06 03:00,12.3,,.8,20,68,1007.4,1010.9,,,,4,,10.3
192,진주,2026-04-06 04:00,12.6,,1,50,71,1007.2,1010.7,,,,5,,10.3
192,진주,2026-04-06 05:00,12.8,,.9,90,74,1006.7,1010.2,,,,6,,10.5
192,진주,2026-04-06 06:00,12.6,,.7,290,78,1007.1,1010.6,,,,8,,11.1
192,진주,2026-04-06 07:00,13.3,,.7,340,78,1007.1,1010.6,0,.07,,8,,11.3
192,진주,2026-04-06 08:00,12.2,,.3,0,81,1007.3,1010.8,0,.41,,8,,13.3
192,진주,2026-04-06 09:00,13.9,,.6,160,81,1007.7,1011.2,.1,.65,,8,,15.2
192,진주,2026-04-06 10:00,17.2,,1.1,90,67,1006.7,1010.2,.7,1.4,,8,,19.7
192,진주,2026-04-06 11:00,17.8,,2,200,70,1006.5,1009.9,.6,1.71,,8,,21.2
192,진주,2026-04-06 12:00,18.7,,.9,50,67,1006.3,1009.7,.3,1.68,,8,,21.8
192,진주,2026-04-06 13:00,18.8,,2,160,68,1005.1,1008.5,.2,1.42,,9,,21.6
192,진주,2026-04-06 14:00,18.7,0,1.2,110,77,1004,1007.4,.2,1.13,,9,,21.8
192,진주,2026-04-06 15:00,18.8,0,1.1,70,72,1002.9,1006.3,.2,1.23,,10,,20.4
192,진주,2026-04-06 16:00,17.9,.2,.6,180,82,1003,1006.4,.1,.2,,10,,18.8
192,진주,2026-04-06 17:00,19.1,,2.8,250,73,1002.8,1006.2,.5,.73,,7,,18.8
192,진주,2026-04-06 18:00,18,,.9,340,80,1003,1006.4,0,.08,,8,,17.7
192,진주,2026-04-06 19:00,16.3,,1.7,320,82,1003.9,1007.4,0,.01,,10,,16.6
192,진주,2026-04-06 20:00,15.4,0,1.4,320,83,1004.6,1008.1,,,,7,,15.6
192,진주,2026-04-06 21:00,13.6,,.6,20,84,1005.6,1009.1,,,,7,,14.1
192,진주,2026-04-06 22:00,13,,.4,0,83,1006,1009.5,,,,8,,13.6
192,진주,2026-04-06 23:00,12.5,,.9,50,68,1006.5,1010,,,,8,,12.2
192,진주,2026-04-07 00:00,12,,1,20,65,1007.1,1010.6,,,,9,,11.2
192,진주,2026-04-07 01:00,11.6,,1.9,360,39,1007.5,1011,,,,6,,9.6
192,진주,2026-04-07 02:00,10.8,,1.5,360,31,1007.8,1011.3,,,,6,,8.6
192,진주,2026-04-07 03:00,9.8,,1.3,50,37,1008.1,1011.7,,,,7,,8
192,진주,2026-04-07 04:00,9,,1.4,70,38,1008.2,1011.8,,,,8,,7.5
192,진주,2026-04-07 05:00,8.3,,1.5,20,30,1008.9,1012.5,,,,6,,6.6
192,진주,2026-04-07 06:00,7.9,,1.8,20,27,1010.2,1013.8,,,,6,,6
192,진주,2026-04-07 07:00,7.8,,.9,360,24,1011.5,1015.1,0,.08,,6,,6.1
192,진주,2026-04-07 08:00,9.2,,1.6,20,25,1012.5,1016.1,.9,.82,,0,,9.7
192,진주,2026-04-07 09:00,10.4,,1.6,320,23,1012.7,1016.3,1,1.68,,0,,15.5
192,진주,2026-04-07 10:00,11.9,,3.1,340,19,1013,1016.6,1,2.45,,0,,20.1
192,진주,2026-04-07 11:00,13,,2.4,360,22,1012.9,1016.4,1,3.05,,0,,23.1
192,진주,2026-04-07 12:00,13.5,,2.1,290,21,1012.4,1015.9,1,3.44,,0,,26
192,진주,2026-04-07 13:00,14.2,,3,340,19,1011.9,1015.4,1,3.59,,0,,28.2
192,진주,2026-04-07 14:00,14.4,,2.9,290,19,1011.3,1014.8,1,3.42,,0,,29.2
192,진주,2026-04-07 15:00,14.8,,1.7,360,16,1011,1014.5,1,3,,0,,28.2
192,진주,2026-04-07 16:00,16,,1.9,340,19,1010.7,1014.2,1,2.45,,0,,25.2
192,진주,2026-04-07 17:00,15.6,,3.4,360,15,1010.9,1014.4,1,1.71,,0,,19.6
192,진주,2026-04-07 18:00,14.8,,1.5,360,21,1011.3,1014.8,.8,.74,,0,,16.3
192,진주,2026-04-07 19:00,12.7,,.7,360,23,1011.9,1015.4,0,.07,,0,,13.4
192,진주,2026-04-07 20:00,9.1,,.7,160,42,1012.7,1016.3,,,,0,,11.1
192,진주,2026-04-07 21:00,10.7,,1.5,320,37,1013.9,1017.5,,,,0,,9.8
192,진주,2026-04-07 22:00,9.3,,1.1,290,48,1014.8,1018.4,,,,0,,9
192,진주,2026-04-07 23:00,6.6,,.6,20,49,1015.2,1018.8,,,,0,,8
192,진주,2026-04-08 00:00,4.3,,.4,0,63,1015.7,1019.4,,,,0,,7
192,진주,2026-04-08 01:00,3.9,,.5,20,61,1015.9,1019.6,,,,0,,6.3
192,진주,2026-04-08 02:00,2.3,,.1,0,69,1015.9,1019.6,,,,0,,5.5
192,진주,2026-04-08 03:00,1.6,,.2,0,71,1015.9,1019.6,,,,0,,5
192,진주,2026-04-08 04:00,.5,,.3,0,75,1016.2,1019.9,,,,0,,4.4
192,진주,2026-04-08 05:00,0,,.4,0,77,1016.6,1020.3,,,,0,,3.9
192,진주,2026-04-08 06:00,-.5,,.2,0,78,1017.1,1020.8,,,,0,,3.4
192,진주,2026-04-08 07:00,.2,,.1,0,77,1017.7,1021.4,0,.07,,0,,3.7
192,진주,2026-04-08 08:00,5.5,,.8,340,56,1018.1,1021.8,.9,.85,,0,,8.4
192,진주,2026-04-08 09:00,8.2,,.8,90,48,1018.2,1021.8,1,1.68,,0,,14.8
192,진주,2026-04-08 10:00,11.3,,.9,270,39,1018.2,1021.8,1,2.35,,0,,20.6
192,진주,2026-04-08 11:00,13.5,,1.3,360,33,1017.8,1021.3,1,2.9,,0,,25.9
192,진주,2026-04-08 12:00,15.1,,1.9,230,27,1016.8,1020.3,1,3.28,,0,,29
192,진주,2026-04-08 13:00,16.2,,1.5,200,31,1016.2,1019.7,1,3.44,,0,,30.8
192,진주,2026-04-08 14:00,17.1,,1.8,160,31,1015,1018.5,1,3.4,,0,,31.1
192,진주,2026-04-08 15:00,17.5,,2.3,160,31,1014.1,1017.6,1,2.96,,0,,29.7
192,진주,2026-04-08 16:00,17.3,,1.9,160,37,1013.9,1017.4,1,2.39,,0,,26.5
192,진주,2026-04-08 17:00,15.7,,1.9,160,38,1014,1017.5,1,1.63,,0,,21.1
192,진주,2026-04-08 18:00,14.3,,1.1,320,39,1014,1017.5,.7,.7,,0,,17.5
192,진주,2026-04-08 19:00,12.5,,1,90,45,1014,1017.5,0,.09,,2,,14.6
192,진주,2026-04-08 20:00,10.8,,1,140,59,1014.1,1017.7,,,,4,,12.7
192,진주,2026-04-08 21:00,10.3,,.8,90,61,1014.5,1018.1,,,,6,,11.6
192,진주,2026-04-08 22:00,9.6,,.9,180,66,1014.6,1018.2,,,,8,,10.8
192,진주,2026-04-08 23:00,9.5,,1.4,160,67,1014.2,1017.8,,,,9,,10.1
192,진주,2026-04-09 00:00,8,,.6,160,72,1014.4,1018,,,,10,,9.9
192,진주,2026-04-09 01:00,7.6,,.2,0,76,1013.8,1017.4,,,,10,,10
192,진주,2026-04-09 02:00,7.3,,.1,0,78,1012.9,1016.5,,,,10,,10
192,진주,2026-04-09 03:00,7.5,,.3,0,79,1012.2,1015.8,,,,10,,10.1
192,진주,2026-04-09 04:00,7.8,,0,0,78,1012.5,1016.1,,,,10,,10.3
192,진주,2026-04-09 05:00,7.2,.7,.1,0,90,1011.9,1015.5,,,,10,,10.3
192,진주,2026-04-09 06:00,7.5,.7,.3,0,94,1011.4,1015,,,,10,,10.5
192,진주,2026-04-09 07:00,7.7,.3,.2,0,94,1010.4,1014,0,.01,,10,,10.8
192,진주,2026-04-09 08:00,7.8,1.8,.4,0,94,1011.1,1014.7,0,.05,,10,,10.8
192,진주,2026-04-09 09:00,8.4,.3,.7,20,95,1009.9,1013.5,0,.14,,10,,11.3
192,진주,2026-04-09 10:00,9.1,.1,.9,340,95,1009.3,1012.9,0,.11,,10,,11.6
192,진주,2026-04-09 11:00,9.1,1.6,.3,0,95,1008.2,1011.8,0,.09,,10,,11.8
192,진주,2026-04-09 12:00,9.6,4,.2,0,95,1006.2,1009.8,0,.27,,10,,12.5
192,진주,2026-04-09 13:00,10.1,8.2,.2,0,96,1005.5,1009,0,.13,,10,,12.1
192,진주,2026-04-09 14:00,11,3.8,.4,0,96,1003.1,1006.6,0,.25,,10,,13
192,진주,2026-04-09 15:00,12.8,3.4,.6,360,97,1002.3,1005.8,0,.1,,10,,13.1
192,진주,2026-04-09 16:00,13.7,6.5,1.1,140,96,1000.1,1003.6,0,.11,,10,,13.6
192,진주,2026-04-09 17:00,14,3.3,.6,90,95,998.7,1002.2,0,.1,,10,,13.8
192,진주,2026-04-09 18:00,13.8,6.3,.4,0,96,997.8,1001.3,0,.03,,10,,13.8
192,진주,2026-04-09 19:00,13.6,2.6,.3,0,97,997.3,1000.8,0,.01,,10,,13.6
192,진주,2026-04-09 20:00,13.8,2.8,.6,270,97,997.1,1000.6,,,,10,,13.7
192,진주,2026-04-09 21:00,13.8,0,.2,0,97,997.3,1000.8,,,,9,,13.8
192,진주,2026-04-09 22:00,15.3,.1,.9,320,100,997.1,1000.6,,,,10,,13.9
192,진주,2026-04-09 23:00,16.1,,1.1,320,97,996.8,1000.2,,,,10,,14.5
192,진주,2026-04-10 00:00,16.2,.1,2.1,270,96,997,1000.4,,,,9,,14.8
192,진주,2026-04-10 01:00,16.2,.2,2.1,230,95,996.9,1000.3,,,,8,,14.8
192,진주,2026-04-10 02:00,16.1,.2,1.5,160,95,996.4,999.8,,,,10,,15
192,진주,2026-04-10 03:00,16.1,.2,.8,360,95,995.9,999.3,,,,10,,15
192,진주,2026-04-10 04:00,16.2,.1,1.2,140,95,994.9,998.3,,,,10,,15
192,진주,2026-04-10 05:00,16.2,,1.9,270,94,995.1,998.5,,,,10,,15
192,진주,2026-04-10 06:00,16,0,.8,20,93,994.9,998.3,,,,9,,14.8
192,진주,2026-04-10 07:00,15.8,,1.8,250,89,995.1,998.5,0,.09,,10,,14.7
192,진주,2026-04-10 08:00,15.6,,2.8,160,87,995.9,999.3,0,.4,,8,,15.6
192,진주,2026-04-10 09:00,16.7,,1.8,90,81,996.5,999.9,.1,.98,,8,,18.2
192,진주,2026-04-10 10:00,17.8,,1.9,160,73,997.3,1000.7,.9,1.91,,6,,23.3
192,진주,2026-04-10 11:00,19.1,,2.2,230,61,997.8,1001.2,1,2.85,,6,,27.2
192,진주,2026-04-10 12:00,19.6,,2.8,250,59,998.1,1001.5,1,3.02,,5,,28.7
192,진주,2026-04-10 13:00,19.8,,2.7,250,56,998.2,1001.6,1,3.4,,4,,29.9
192,진주,2026-04-10 14:00,20.4,,2,270,55,998,1001.4,1,3.22,,1,,29.9
192,진주,2026-04-10 15:00,20.4,,2,270,55,997.9,1001.3,1,2.84,,1,,28.8
192,진주,2026-04-10 16:00,19.7,,3,250,54,998.3,1001.7,1,2.27,,0,,25.8
192,진주,2026-04-10 17:00,19.2,,2.2,250,56,998.8,1002.2,1,1.55,,0,,21.7
192,진주,2026-04-10 18:00,17.3,,2.2,250,60,999.4,1002.8,1,.69,,0,,18.8
192,진주,2026-04-10 19:00,15,,.6,250,67,1000.1,1003.6,.1,.12,,0,,16.5
192,진주,2026-04-10 20:00,12.7,,.7,90,74,1001.6,1005.1,,,,0,,14.6
192,진주,2026-04-10 21:00,11.6,,.1,0,73,1003.2,1006.7,,,,0,,13.3
192,진주,2026-04-10 22:00,10.3,,.4,0,81,1004.1,1007.6,,,,0,,12.3
192,진주,2026-04-10 23:00,9.3,,.5,20,87,1004.5,1008.1,,,,0,,11.6
192,진주,2026-04-11 00:00,8.6,,.1,0,90,1004.7,1008.3,,,,0,,10.8
192,진주,2026-04-11 01:00,8.3,,.2,0,91,1005.2,1008.8,,,,0,,10
192,진주,2026-04-11 02:00,7.6,,.1,0,90,1005.5,1009.1,,,,0,,9.5
192,진주,2026-04-11 03:00,6.8,,.1,0,93,1006.1,1009.7,,,,0,,8.8
192,진주,2026-04-11 04:00,6,,.2,0,94,1006.9,1010.5,,,,0,,8.1
192,진주,2026-04-11 05:00,5.5,,.3,0,95,1007.4,1011,,,,0,,7.6
192,진주,2026-04-11 06:00,5,,.4,0,95,1008.3,1011.9,,,,0,,7.5
192,진주,2026-04-11 07:00,6.8,,.4,0,96,1009.2,1012.8,0,.15,,0,,9.6
192,진주,2026-04-11 08:00,9,,.2,0,96,1009.5,1013.1,1,.88,,0,,13.3
192,진주,2026-04-11 09:00,11.8,,.7,270,74,1009.5,1013,1,1.66,,0,,19.1
192,진주,2026-04-11 10:00,14.5,,.9,250,63,1009.8,1013.3,1,2.34,,0,,23.8
192,진주,2026-04-11 11:00,17,,1.2,140,54,1009.1,1012.6,1,2.94,,0,,26.7
192,진주,2026-04-11 12:00,18.5,,1.6,140,52,1008.6,1012,1,3.24,,1,,28.2
192,진주,2026-04-11 13:00,21.4,,1.4,180,46,1007.6,1011,1,3.34,,4,,29.3
192,진주,2026-04-11 14:00,23,,1.1,50,38,1006.8,1010.2,1,2.89,,7,,28.7
192,진주,2026-04-11 15:00,23.4,,3.7,250,29,1006.4,1009.8,1,2.62,,6,,27.8
192,진주,2026-04-11 16:00,23.6,,2.5,250,33,1006.2,1009.6,1,1.91,,7,,25.8
192,진주,2026-04-11 17:00,22.4,,2.5,270,38,1006.5,1009.9,1,1.19,,7,,22.7
192,진주,2026-04-11 18:00,21.2,,.7,230,44,1007.1,1010.5,.3,.48,,8,,20.3
192,진주,2026-04-11 19:00,19.7,,.9,320,38,1007.6,1011,0,.09,,8,,17.7
192,진주,2026-04-11 20:00,17.4,,.7,340,50,1008.4,1011.9,,,,10,,16
192,진주,2026-04-11 21:00,15.1,,.5,290,58,1009.6,1013.1,,,,10,,15
192,진주,2026-04-11 22:00,13.3,,.1,0,66,1010.2,1013.7,,,,8,,14
192,진주,2026-04-11 23:00,12.3,,.6,50,72,1010.5,1014,,,,10,,13.3
192,진주,2026-04-12 00:00,11.3,,.4,0,76,1011,1014.6,,,,9,,12.6
192,진주,2026-04-12 01:00,10.4,,.3,0,80,1011.3,1014.9,,,,9,,12
192,진주,2026-04-12 02:00,9.5,,.2,0,83,1010.9,1014.5,,,,8,,11.3
192,진주,2026-04-12 03:00,9.1,,.2,0,86,1010.9,1014.5,,,,8,,10.6
192,진주,2026-04-12 04:00,8,,0,0,87,1011.6,1015.2,,,,9,,10.3
192,진주,2026-04-12 05:00,7,,.1,0,89,1012,1015.6,,,,6,,9.3
192,진주,2026-04-12 06:00,5.9,,.1,0,91,1012.2,1015.8,,,,0,,8.3
192,진주,2026-04-12 07:00,7.1,,0,0,89,1012.8,1016.4,0,.1,,0,,8.7
192,진주,2026-04-12 08:00,12.4,,.5,320,70,1013.1,1016.6,1,.88,,0,,14
192,진주,2026-04-12 09:00,14.1,,.4,0,58,1013.1,1016.6,1,1.39,,8,,18
192,진주,2026-04-12 10:00,17.2,,.6,110,46,1013.9,1017.4,1,1.95,,6,,22.4
192,진주,2026-04-12 11:00,18.6,,.6,50,41,1013.3,1016.8,.9,2.35,,8,,24.2
192,진주,2026-04-12 12:00,19.5,,.8,50,40,1012.4,1015.8,0,1.96,,10,,23.7
192,진주,2026-04-12 13:00,19.5,,.5,340,34,1011.8,1015.2,0,1.66,,10,,23.7
192,진주,2026-04-12 14:00,20.7,,1.9,270,33,1011.9,1015.3,.6,1.97,,8,,25.8
192,진주,2026-04-12 15:00,21.1,,1.5,320,36,1010.7,1014.1,.9,1.84,,8,,25.7
192,진주,2026-04-12 16:00,20.2,,2.1,200,42,1010.5,1013.9,.9,1.58,,8,,24.2
192,진주,2026-04-12 17:00,19.5,,1.4,200,43,1010.4,1013.8,.8,1.02,,9,,21.7
192,진주,2026-04-12 18:00,17.7,,1.1,230,45,1010.9,1014.4,0,.31,,10,,18.6
192,진주,2026-04-12 19:00,16.4,,.8,180,43,1011.2,1014.7,0,.03,,10,,16.5
192,진주,2026-04-12 20:00,15.1,,.1,0,50,1011.7,1015.2,,,,9,,15.3
192,진주,2026-04-12 21:00,14,,.9,140,59,1012.4,1015.9,,,,10,,14.6
192,진주,2026-04-12 22:00,13.2,,.4,0,64,1012.8,1016.3,,,,10,,14.2
192,진주,2026-04-12 23:00,12.5,,.2,0,70,1013,1016.5,,,,10,,13.8
192,진주,2026-04-13 00:00,12.5,,.2,0,73,1012.9,1016.4,,,,10,,13.6
192,진주,2026-04-13 01:00,11.6,,.2,0,76,1013,1016.6,,,,10,,13.3
192,진주,2026-04-13 02:00,11.3,,.6,140,80,1012.8,1016.4,,,,10,,12.8
192,진주,2026-04-13 03:00,11.7,,.3,0,79,1012,1015.6,,,,10,,12.6
192,진주,2026-04-13 04:00,10.6,,.2,0,81,1011.5,1015.1,,,,8,,12.3
192,진주,2026-04-13 05:00,9.6,,.5,20,86,1011.5,1015.1,,,,7,,11.1
192,진주,2026-04-13 06:00,9.9,,.3,0,84,1011.6,1015.2,0,0,,10,,11.6
192,진주,2026-04-13 07:00,10.6,,.2,0,85,1012,1015.6,0,.11,,8,,12.3
192,진주,2026-04-13 08:00,13.1,,.3,0,76,1012.3,1015.8,.7,.6,,8,,14.7
192,진주,2026-04-13 09:00,16,,.6,110,57,1012.6,1016.1,.7,1.25,,8,,18.7
192,진주,2026-04-13 10:00,19.1,,.5,290,49,1012.4,1015.9,.9,2.03,,0,,24.9
192,진주,2026-04-13 11:00,23.2,,1.8,70,36,1011.6,1015,1,2.96,,0,,30.2
192,진주,2026-04-13 12:00,24,,1.9,70,25,1010.9,1014.3,1,2.61,,4,,29.4
192,진주,2026-04-13 13:00,25,,1.6,70,23,1010.3,1013.7,.8,2.89,,7,,32.1
192,진주,2026-04-13 14:00,26.1,,1.2,20,23,1009.5,1012.9,1,3.24,,3,,35
192,진주,2026-04-13 15:00,24.7,,2.4,200,29,1009,1012.4,1,2.83,,8,,33
192,진주,2026-04-13 16:00,23.7,,1.8,200,33,1009,1012.4,1,2.04,,7,,29.9
192,진주,2026-04-13 17:00,23.1,,1,160,35,1009.1,1012.5,.9,1.13,,8,,26.1
192,진주,2026-04-13 18:00,21,,1,270,40,1010,1013.4,0,.38,,10,,23
192,진주,2026-04-13 19:00,19.5,,.9,250,42,1010.7,1014.1,0,.05,,10,,20.4
192,진주,2026-04-13 20:00,17.9,,.2,0,50,1011.4,1014.9,,,,10,,19
192,진주,2026-04-13 21:00,17,,.4,0,59,1011.8,1015.3,,,,10,,18
192,진주,2026-04-13 22:00,16.5,,.5,320,64,1011.9,1015.4,,,,9,,17
192,진주,2026-04-13 23:00,14.1,,.1,0,75,1011.8,1015.3,,,,7,,15.8
192,진주,2026-04-14 00:00,13.9,,.2,0,73,1011.9,1015.4,,,,10,,15.6
192,진주,2026-04-14 01:00,14,,.1,0,72,1011.6,1015.1,,,,10,,15.4
192,진주,2026-04-14 02:00,13.5,,.2,0,76,1010.9,1014.4,,,,10,,15.3
192,진주,2026-04-14 03:00,13.3,,.1,0,76,1010.6,1014.1,,,,10,,15.1
192,진주,2026-04-14 04:00,13.1,,.2,0,79,1010.6,1014.1,,,,10,,14.8
192,진주,2026-04-14 05:00,13,,.4,0,80,1010.1,1013.6,,,,10,,14.6
192,진주,2026-04-14 06:00,13.3,,.1,0,72,1010.2,1013.7,0,0,,10,,14.5
192,진주,2026-04-14 07:00,14.1,,.1,0,69,1010.4,1013.9,0,.09,,10,,15
192,진주,2026-04-14 08:00,14.5,,.2,0,64,1010.8,1014.3,0,.19,,10,,15.6
192,진주,2026-04-14 09:00,15.5,,.4,0,59,1011,1014.5,0,.29,,10,,16.5
192,진주,2026-04-14 10:00,16.8,,.8,70,56,1011,1014.5,0,.83,,10,,19
192,진주,2026-04-14 11:00,17.6,,1.1,70,51,1010.3,1013.8,0,1,,10,,19.7
192,진주,2026-04-14 12:00,18.6,,1.1,140,52,1009.8,1013.2,0,.85,,10,,21.1
192,진주,2026-04-14 13:00,18.7,,1.4,110,46,1009.2,1012.6,0,.62,,10,,20.3
192,진주,2026-04-14 14:00,19.7,,1.7,70,42,1008.7,1012.1,0,1.11,,9,,23
192,진주,2026-04-14 15:00,19.2,,.9,90,48,1008.3,1011.7,0,.64,,10,,21.2
192,진주,2026-04-14 16:00,19,,.6,70,50,1008,1011.4,0,.35,,10,,20.1
192,진주,2026-04-14 17:00,18.8,,.8,20,49,1007.8,1011.2,0,.31,,9,,19.3
192,진주,2026-04-14 18:00,18.6,,1.1,20,52,1007.5,1010.9,0,.21,,9,,18.7
192,진주,2026-04-14 19:00,17.8,,.5,20,55,1007.8,1011.3,0,.06,,9,,17.4
192,진주,2026-04-14 20:00,16.8,,.2,0,59,1008.2,1011.7,,,,10,,16.6
192,진주,2026-04-14 21:00,16.4,,.3,0,58,1008.9,1012.4,,,,10,,16
192,진주,2026-04-14 22:00,15.8,,.7,20,58,1009,1012.5,,,,8,,15.3
192,진주,2026-04-14 23:00,13,,0,0,71,1009.1,1012.6,,,,7,,13.6
192,진주,2026-04-15 00:00,12.5,,.1,0,73,1009.2,1012.7,,,,7,,13.2
192,진주,2026-04-15 01:00,12.2,,.2,0,65,1009.1,1012.6,,,,0,,12
192,진주,2026-04-15 02:00,10.9,,.1,0,75,1008.5,1012,,,,7,,11.8
192,진주,2026-04-15 03:00,12,,.2,0,69,1008.5,1012,,,,10,,12.5
192,진주,2026-04-15 04:00,12.9,,.4,0,61,1008.1,1011.6,,,,9,,12.6
192,진주,2026-04-15 05:00,12.8,,.5,50,62,1007.9,1011.4,,,,8,,12.5
192,진주,2026-04-15 06:00,11.9,,.2,0,69,1008.1,1011.6,0,0,,8,,11.8
192,진주,2026-04-15 07:00,12.4,,.4,0,72,1008.6,1012.1,0,.16,,8,,12.6
192,진주,2026-04-15 08:00,13.3,,1.1,290,68,1008.7,1012.2,.3,.57,,8,,14.9
192,진주,2026-04-15 09:00,14.1,,.7,290,65,1008.8,1012.3,.3,.82,,6,,16.7
192,진주,2026-04-15 10:00,17.6,,.7,270,53,1008.6,1012.1,1,2.36,,0,,25.8
192,진주,2026-04-15 11:00,19.8,,1.3,110,42,1008.2,1011.6,1,2.9,,1,,30.6
192,진주,2026-04-15 12:00,22.1,,1.5,110,37,1007.7,1011.1,1,3.23,,0,,34.2
192,진주,2026-04-15 13:00,24.7,,2,140,33,1006.9,1010.3,1,3.34,,0,,35.5
192,진주,2026-04-15 14:00,25.5,,1.8,110,30,1006.4,1009.7,1,3.18,,0,,35.7
192,진주,2026-04-15 15:00,26.3,,2.7,140,26,1005.5,1008.8,1,2.82,,0,,34
192,진주,2026-04-15 16:00,24.1,,2.3,200,38,1005.5,1008.9,1,2.22,,0,,30.2
192,진주,2026-04-15 17:00,22.5,,2.6,180,41,1006,1009.4,1,1.5,,0,,25.7
192,진주,2026-04-15 18:00,20,,1.6,230,46,1006.8,1010.2,1,.68,,0,,22.4
192,진주,2026-04-15 19:00,17.2,,1,200,57,1007.9,1011.4,.4,.16,,0,,19.5
192,진주,2026-04-15 20:00,15.6,,1,200,63,1009.2,1012.7,0,0,,0,,17.2
192,진주,2026-04-15 21:00,13.6,,.3,0,74,1011,1014.5,,,,0,,15.8
192,진주,2026-04-15 22:00,12.1,,0,0,81,1012,1015.5,,,,0,,14.6
192,진주,2026-04-15 23:00,11.6,,.3,0,86,1012.6,1016.2,,,,0,,13.8
192,진주,2026-04-16 00:00,10.6,,.2,0,88,1013.3,1016.9,,,,0,,13
192,진주,2026-04-16 01:00,9.6,,.1,0,91,1013.8,1017.4,,,,0,,12.1
192,진주,2026-04-16 02:00,9,,.3,0,92,1014.1,1017.7,,,,0,,11.3
192,진주,2026-04-16 03:00,8.3,,.1,0,93,1014.4,1018,,,,0,,10.6
192,진주,2026-04-16 04:00,7.6,,.2,0,94,1014.2,1017.8,,,,0,,9.9
192,진주,2026-04-16 05:00,7.2,,0,0,94,1014.5,1018.1,,,,0,,9.1
192,진주,2026-04-16 06:00,6.6,,0,0,93,1015.2,1018.8,0,0,,0,,8.6
192,진주,2026-04-16 07:00,7.8,,.1,0,92,1015.9,1019.5,.1,.13,,0,,9.1
192,진주,2026-04-16 08:00,13.7,,.9,20,62,1016.5,1020,1,.98,,0,,14.3
192,진주,2026-04-16 09:00,16.3,,1.1,50,47,1016.8,1020.3,1,1.81,,0,,21.1
192,진주,2026-04-16 10:00,17.8,,1.4,90,44,1017.1,1020.6,1,2.54,,0,,27
192,진주,2026-04-16 11:00,18.8,,1.8,70,38,1017,1020.5,1,3.07,,0,,31.2
192,진주,2026-04-16 12:00,20.8,,1.9,70,33,1015.8,1019.2,1,3.46,,0,,34
192,진주,2026-04-16 13:00,21.3,,2.2,50,34,1015.5,1018.9,1,3.51,,1,,35.4
192,진주,2026-04-16 14:00,22.2,,2.3,70,33,1014.6,1018,1,3.38,,1,,35.2
192,진주,2026-04-16 15:00,23.4,,2.2,70,30,1014.2,1017.6,1,2.99,,0,,33.5
192,진주,2026-04-16 16:00,23.6,,1.9,90,30,1013.5,1016.9,1,2.45,,0,,29.9
192,진주,2026-04-16 17:00,22.8,,2,90,31,1013,1016.4,1,1.7,,0,,25.3
192,진주,2026-04-16 18:00,21.3,,2.2,90,35,1013.2,1016.6,1,.77,,5,,22.1
192,진주,2026-04-16 19:00,17.4,,1.4,90,42,1013.2,1016.7,.4,.15,,5,,19.1
192,진주,2026-04-16 20:00,15.6,,2.1,90,45,1013.9,1017.4,0,0,,7,,16.7
192,진주,2026-04-16 21:00,14.1,,1.5,90,50,1014.1,1017.6,,,,8,,15.3
192,진주,2026-04-16 22:00,13.1,,.4,0,54,1014.1,1017.6,,,,8,,14.5
192,진주,2026-04-16 23:00,11.5,,.2,0,63,1014.1,1017.7,,,,8,,13.6
192,진주,2026-04-17 00:00,10.8,,.1,0,69,1014.2,1017.8,,,,9,,13.3
192,진주,2026-04-17 01:00,10.6,,.1,0,72,1014.4,1018,,,,9,,13.3
192,진주,2026-04-17 02:00,10.9,,.3,0,69,1014.2,1017.8,,,,10,,13.3
192,진주,2026-04-17 03:00,10.3,,.2,0,71,1014.1,1017.7,,,,9,,12.8
192,진주,2026-04-17 04:00,10.1,,.3,0,72,1013.8,1017.4,,,,10,,12.8
192,진주,2026-04-17 05:00,9.7,,.1,0,72,1013.3,1016.9,,,,10,,12.6
192,진주,2026-04-17 06:00,9.6,,.2,0,73,1013.4,1017,0,0,,10,,12.5
192,진주,2026-04-17 07:00,10.3,,.4,0,66,1013.3,1016.9,0,.02,,10,,12.6
192,진주,2026-04-17 08:00,11.5,,.6,320,55,1013.4,1017,0,.2,,10,,13.8
192,진주,2026-04-17 09:00,10.8,.2,.3,0,70,1014,1017.6,0,.24,,10,,14.1
192,진주,2026-04-17 10:00,10.8,.2,.1,0,80,1014.4,1018,0,.34,,10,,14.8
192,진주,2026-04-17 11:00,10.3,1.5,.3,0,81,1014.5,1018.1,0,.35,,10,,15.1
192,진주,2026-04-17 12:00,12.1,.1,1.2,290,81,1013.6,1017.2,0,1.09,,10,,19
192,진주,2026-04-17 13:00,12.8,,.7,340,78,1012.5,1016,0,1.03,,10,,19.1
192,진주,2026-04-17 14:00,13.6,,.8,340,78,1012,1015.5,0,.68,,10,,18.7
192,진주,2026-04-17 15:00,14.4,,1.1,320,76,1011.3,1014.8,0,.67,,10,,19
192,진주,2026-04-17 16:00,13.3,.2,.8,320,86,1011.2,1014.7,0,.49,,10,,17.7
192,진주,2026-04-17 17:00,13.2,.9,.8,340,91,1011.1,1014.6,0,.2,,10,,16.7
192,진주,2026-04-17 18:00,12.8,1.1,.6,50,94,1011.2,1014.7,0,.08,,10,,15.8
192,진주,2026-04-17 19:00,12.8,2.5,.3,0,95,1011.6,1015.1,0,.03,,10,,15.1
192,진주,2026-04-17 20:00,12.3,4.4,.3,0,95,1012.2,1015.7,0,0,,10,,14.6
192,진주,2026-04-17 21:00,12.1,5.1,.4,0,95,1012.8,1016.3,,,,10,,14.1
192,진주,2026-04-17 22:00,12.1,1.8,.4,0,95,1012.5,1016,,,,10,,14.1
192,진주,2026-04-17 23:00,12.1,1.4,.3,0,96,1012.2,1015.7,,,,10,,14.1
192,진주,2026-04-18 00:00,12.1,3.1,.3,0,96,1012.6,1016.1,,,,10,,14
192,진주,2026-04-18 01:00,12.1,1.9,0,0,97,1012.8,1016.3,,,,10,,14
192,진주,2026-04-18 02:00,12.3,2.2,.1,0,97,1012.4,1015.9,,,,10,,14
192,진주,2026-04-18 03:00,12.3,.9,.1,0,97,1012.2,1015.7,,,,10,,14.1
192,진주,2026-04-18 04:00,12.4,2.5,.1,0,97,1012.1,1015.6,,,,10,,14
192,진주,2026-04-18 05:00,12.5,.4,.1,0,97,1012.1,1015.6,,,,10,,14.1
192,진주,2026-04-18 06:00,12.3,.2,0,0,97,1012.1,1015.6,0,0,,7,,13.8
192,진주,2026-04-18 07:00,12.9,,0,0,97,1012.8,1016.3,0,.09,,7,,14.5
192,진주,2026-04-18 08:00,13.6,,.4,0,96,1013.3,1016.8,0,.36,,9,,15.9
192,진주,2026-04-18 09:00,15.3,,.2,0,91,1013.2,1016.7,0,.8,,8,,18.8
192,진주,2026-04-18 10:00,16.6,,.8,70,86,1013.2,1016.7,0,1.15,,9,,20.7
192,진주,2026-04-18 11:00,17.6,,1,20,78,1012.9,1016.4,.3,2.16,,7,,25
192,진주,2026-04-18 12:00,19.9,,1.5,290,77,1012.4,1015.8,.5,2.37,,7,,29.1
192,진주,2026-04-18 13:00,20.3,,1.3,360,73,1011.4,1014.8,.8,2.7,,7,,28.8
192,진주,2026-04-18 14:00,21,,1,270,70,1011.1,1014.5,.6,2.39,,7,,27.9
192,진주,2026-04-18 15:00,21.6,,.9,250,65,1010.2,1013.6,.9,2.3,,8,,27.8
192,진주,2026-04-18 16:00,22.2,,.9,200,67,1010,1013.4,.9,1.37,,8,,25.7
192,진주,2026-04-18 17:00,22,,1.2,200,66,1010,1013.4,1,1.14,,8,,23.7
192,진주,2026-04-18 18:00,20.1,,2,180,69,1009.9,1013.3,.2,.54,,9,,21.5
192,진주,2026-04-18 19:00,18.7,,1.2,270,73,1010.4,1013.9,0,.1,,10,,19.2
192,진주,2026-04-18 20:00,17.2,,.4,0,80,1010.8,1014.3,0,0,,10,,18.1
192,진주,2026-04-18 21:00,15.6,,.2,0,90,1011.5,1015,,,,10,,17.2
192,진주,2026-04-18 22:00,14.8,,0,0,93,1011.6,1015.1,,,,7,,16.5
192,진주,2026-04-18 23:00,14.1,,.1,0,95,1011.5,1015,,,,8,,15.8
192,진주,2026-04-19 00:00,14,,.1,0,95,1011.4,1014.9,,,,7,,15.3
192,진주,2026-04-19 01:00,13.6,,.2,0,96,1011.7,1015.2,,,,10,,15
192,진주,2026-04-19 02:00,13.6,,.2,0,96,1011.2,1014.7,,,,10,,14.9
192,진주,2026-04-19 03:00,13.3,,.1,0,96,1010.7,1014.2,,,,10,,14.8
192,진주,2026-04-19 04:00,13.4,,.1,0,96,1010.5,1014,,,,10,,14.8
192,진주,2026-04-19 05:00,13.4,,.3,0,96,1010.1,1013.6,,,,10,,14.8
192,진주,2026-04-19 06:00,13.1,,.3,0,96,1010.4,1013.9,0,0,,8,,14.3
192,진주,2026-04-19 07:00,13.8,,.2,0,97,1010.9,1014.4,0,.17,,8,,15.1
192,진주,2026-04-19 08:00,15.8,,.2,0,94,1010.9,1014.4,.5,.74,,6,,18
192,진주,2026-04-19 09:00,19.1,,1.2,90,77,1011,1014.4,1,1.63,,7,,23.2
192,진주,2026-04-19 10:00,21,,1,50,68,1010.9,1014.3,1,2.2,,7,,26.8
192,진주,2026-04-19 11:00,21.7,,1.6,90,65,1010.8,1014.2,.6,1.85,,8,,25.9
192,진주,2026-04-19 12:00,23.1,,2,90,58,1010.3,1013.7,.1,2.19,,8,,28.3
192,진주,2026-04-19 13:00,24.1,,1.8,90,54,1009.7,1013.1,.9,3.18,,8,,31.2
192,진주,2026-04-19 14:00,24.5,,1.3,160,56,1009.1,1012.5,1,2.65,,8,,30.2
192,진주,2026-04-19 15:00,24,,2.8,180,53,1008.3,1011.7,1,2.81,,8,,29
192,진주,2026-04-19 16:00,22.4,,1.2,230,61,1008,1011.4,.7,1.37,,9,,26.1
192,진주,2026-04-19 17:00,22.2,,1,180,61,1007.9,1011.3,.2,.69,,8,,24.1
192,진주,2026-04-19 18:00,21.9,,.4,0,65,1008.1,1011.5,.6,.61,,8,,22.7
192,진주,2026-04-19 19:00,19.9,,1.1,200,69,1008.6,1012,.2,.15,,8,,20.6
192,진주,2026-04-19 20:00,18.5,,.2,0,75,1009.4,1012.8,0,0,,7,,19.2
192,진주,2026-04-19 21:00,16.6,,.1,0,84,1009.8,1013.3,,,,7,,18.2
192,진주,2026-04-19 22:00,15.6,,.5,180,86,1010,1013.5,,,,7,,17.1
192,진주,2026-04-19 23:00,14.5,,.2,0,90,1010.1,1013.6,,,,0,,16.2
192,진주,2026-04-20 00:00,13.6,,0,0,94,1009.6,1013.1,,,,0,,15.1
192,진주,2026-04-20 01:00,12.9,,.7,70,95,1009.5,1013,,,,0,,14.6
192,진주,2026-04-20 02:00,12.5,,.2,0,95,1009.4,1012.9,,,,0,,14.3
192,진주,2026-04-20 03:00,12.1,,.3,0,96,1008,1011.5,,,,0,,13.5
192,진주,2026-04-20 04:00,11.6,,.2,0,96,1008,1011.5,,,,0,,13.2
192,진주,2026-04-20 05:00,12.5,,.1,0,97,1007.9,1011.4,,,,0,,14.2
192,진주,2026-04-20 06:00,13.1,,0,0,97,1008.1,1011.6,0,0,,6,,15
192,진주,2026-04-20 07:00,13.4,,.3,0,97,1008.4,1011.9,0,.13,,3,,15.8
192,진주,2026-04-20 08:00,14,,.4,0,98,1008.7,1012.2,0,.39,,5,,17.7
192,진주,2026-04-20 09:00,16.8,,.6,320,94,1008.1,1011.6,.7,1.47,,6,,23.5
192,진주,2026-04-20 10:00,19.5,,1.1,320,75,1007.7,1011.1,1,2.32,,7,,27.6
192,진주,2026-04-20 11:00,21.7,,1,320,65,1007.5,1010.9,1,2.93,,3,,31.2
192,진주,2026-04-20 12:00,23.3,,1.7,320,58,1006.7,1010.1,1,3.29,,6,,33.3
192,진주,2026-04-20 13:00,21.3,,1.6,140,63,1006.2,1009.6,.2,1.51,,10,,26.5
192,진주,2026-04-20 14:00,20.9,,1,180,67,1005.5,1008.9,0,1.07,,9,,25.3
192,진주,2026-04-20 15:00,21.2,,2.1,250,59,1005.5,1008.9,0,.93,,9,,24.6
192,진주,2026-04-20 16:00,20.2,,1,290,64,1005.6,1009,0,.47,,10,,22.3
192,진주,2026-04-20 17:00,20.3,,2.2,250,60,1005.7,1009.1,0,.49,,10,,21.8
192,진주,2026-04-20 18:00,19.2,,2.2,250,64,1005.9,1009.3,0,.32,,9,,20.4
192,진주,2026-04-20 19:00,18.1,,2.4,270,66,1006.3,1009.7,.1,.15,,8,,18.7
192,진주,2026-04-20 20:00,16.6,,1.7,230,69,1007.5,1011,0,0,,5,,16.7
192,진주,2026-04-20 21:00,14.8,,.9,70,68,1008.8,1012.3,,,,3,,15.3
192,진주,2026-04-20 22:00,13.3,,1.3,360,39,1010,1013.5,,,,0,,13.1
192,진주,2026-04-20 23:00,12.8,,2.7,360,24,1011.3,1014.8,,,,0,,11.5
192,진주,2026-04-21 00:00,11.6,,3.8,360,25,1012.3,1015.9,,,,5,,10.4
192,진주,2026-04-21 01:00,10.6,,1.3,360,28,1013,1016.6,,,,6,,10
192,진주,2026-04-21 02:00,7.5,,.2,0,48,1012.9,1016.5,,,,6,,9.3
192,진주,2026-04-21 03:00,6.4,,.1,0,53,1013.4,1017,,,,6,,8.6
192,진주,2026-04-21 04:00,5.1,,.4,0,65,1014.2,1017.8,,,,5,,8.1
192,진주,2026-04-21 05:00,7.8,,.7,20,43,1014.7,1018.3,,,,6,,7.8
192,진주,2026-04-21 06:00,6.6,,.2,0,47,1015.9,1019.5,0,0,,6,,7.6
192,진주,2026-04-21 07:00,7.2,,.5,360,51,1016.2,1019.8,.1,.22,,6,,9
192,진주,2026-04-21 08:00,10.3,,.6,340,40,1016.8,1020.4,1,.83,,6,,12.5
192,진주,2026-04-21 09:00,13,,.9,70,33,1016.6,1020.1,1,1.81,,1,,18.6
192,진주,2026-04-21 10:00,14.6,,1.4,270,33,1016.5,1020,1,2.57,,3,,24.4
192,진주,2026-04-21 11:00,16.9,,1.4,290,31,1016.1,1019.6,1,3.06,,5,,29.3
192,진주,2026-04-21 12:00,18.7,,1.5,320,26,1015.3,1018.8,1,3.37,,4,,32.6
192,진주,2026-04-21 13:00,19.3,,2.1,200,25,1014.4,1017.9,1,3.41,,7,,33.7
192,진주,2026-04-21 14:00,19.9,,2.4,160,21,1013.9,1017.3,1,3.34,,5,,33.7
192,진주,2026-04-21 15:00,20.6,,1.9,180,27,1012.9,1016.3,1,3.04,,1,,32.2
192,진주,2026-04-21 16:00,19.6,,2.5,200,27,1013,1016.4,1,2.41,,1,,27.3
192,진주,2026-04-21 17:00,18.3,,1.9,270,26,1013.3,1016.8,1,1.68,,0,,23
192,진주,2026-04-21 18:00,16.8,,1.8,160,31,1013.2,1016.7,1,.88,,3,,20.1
192,진주,2026-04-21 19:00,15.1,,1.1,140,34,1013.7,1017.2,.7,.22,,0,,17.3
192,진주,2026-04-21 20:00,12.5,,.3,0,49,1014,1017.5,0,0,,8,,15.6
192,진주,2026-04-21 21:00,12,,.5,290,52,1014.5,1018.1,,,,9,,14.6
192,진주,2026-04-21 22:00,10.7,,.2,0,62,1014.4,1018,,,,8,,13.8
192,진주,2026-04-21 23:00,10.3,,.4,0,67,1014.2,1017.8,,,,9,,13.5
192,진주,2026-04-22 00:00,10,,.2,0,69,1013.6,1017.2,,,,10,,13.5
192,진주,2026-04-22 01:00,9.8,,.1,0,71,1013.3,1016.9,,,,10,,13.3
192,진주,2026-04-22 02:00,9.8,,.4,0,73,1013,1016.6,,,,10,,13.1
192,진주,2026-04-22 03:00,9.5,,.3,0,74,1012.3,1015.9,,,,10,,13
192,진주,2026-04-22 04:00,9.3,,0,0,77,1012.3,1015.9,,,,10,,12.8
192,진주,2026-04-22 05:00,9.5,,.3,0,77,1011.8,1015.4,,,,10,,12.6
192,진주,2026-04-22 06:00,9.6,,.3,0,77,1011.7,1015.3,0,0,,10,,12.6
192,진주,2026-04-22 07:00,9.7,,.2,0,78,1012.5,1016.1,0,.06,,10,,12.8
192,진주,2026-04-22 08:00,10.8,,.1,0,77,1012.4,1016,0,.2,,10,,13.6
192,진주,2026-04-22 09:00,12.6,,.8,230,68,1012.1,1015.6,0,.44,,10,,15
192,진주,2026-04-22 10:00,13.4,,.6,250,66,1012.2,1015.7,0,.56,,10,,16.2
192,진주,2026-04-22 11:00,14,,1,250,60,1012.4,1015.9,0,.53,,10,,16.3
192,진주,2026-04-22 12:00,16.1,,.9,50,52,1012.1,1015.6,0,.99,,10,,19.3
192,진주,2026-04-22 13:00,16.5,0,.6,230,45,1011.5,1015,0,.8,,10,,19
192,진주,2026-04-22 14:00,16.5,0,.4,0,44,1011,1014.5,0,.74,,10,,19.2
192,진주,2026-04-22 15:00,16.3,0,1.1,340,43,1010.2,1013.7,0,.62,,10,,18.2
192,진주,2026-04-22 16:00,15.7,0,1.9,360,44,1009.8,1013.3,0,.44,,10,,17.7
192,진주,2026-04-22 17:00,13.3,.1,.9,340,68,1009.7,1013.2,0,.33,,10,,16.6
192,진주,2026-04-22 18:00,12.8,0,.5,290,72,1009.3,1012.8,0,.17,,10,,15.8
192,진주,2026-04-22 19:00,12.1,0,.3,0,80,1008.6,1012.1,0,.05,,10,,14.9
192,진주,2026-04-22 20:00,11.6,,.8,360,85,1008.8,1012.3,0,0,,10,,14.3
192,진주,2026-04-22 21:00,11.5,,.1,0,84,1008.9,1012.4,,,,10,,14.1
192,진주,2026-04-22 22:00,11.2,,0,0,89,1008.5,1012,,,,10,,13.8
192,진주,2026-04-22 23:00,11.3,,.1,0,89,1008.5,1012,,,,10,,13.8
192,진주,2026-04-23 00:00,11.3,,.5,340,88,1007.8,1011.3,,,,10,,13.6
192,진주,2026-04-23 01:00,11.1,,.5,360,88,1006.8,1010.3,,,,10,,13.5
192,진주,2026-04-23 02:00,10.8,,.6,20,89,1006.1,1009.6,,,,10,,13.3
192,진주,2026-04-23 03:00,10.8,,.1,0,88,1005.4,1008.9,,,,10,,13.1
192,진주,2026-04-23 04:00,10.8,0,.5,20,88,1005.3,1008.8,,,,10,,13.1
192,진주,2026-04-23 05:00,10.6,,.3,0,88,1004.9,1008.4,,,,10,,12.8
192,진주,2026-04-23 06:00,10.1,0,0,0,92,1004.4,1007.9,0,0,,9,,12.6
192,진주,2026-04-23 07:00,11.3,,.1,0,88,1005,1008.5,0,.15,,10,,13.5
192,진주,2026-04-23 08:00,13.3,,.5,50,58,1005,1008.5,0,.35,,9,,14.6
192,진주,2026-04-23 09:00,15.2,,.3,0,52,1005.4,1008.9,0,.69,,10,,16.6
192,진주,2026-04-23 10:00,16.7,,1.4,20,45,1005,1008.5,0,1.04,,10,,18.9
192,진주,2026-04-23 11:00,18.7,,1.7,90,45,1004.8,1008.2,.1,1.73,,9,,22.3
192,진주,2026-04-23 12:00,19.7,,1.1,90,47,1004.6,1008,.1,2.22,,9,,25.1
192,진주,2026-04-23 13:00,20.9,,2.6,20,40,1004.3,1007.7,.5,2.37,,7,,28.3
192,진주,2026-04-23 14:00,21.3,,2.7,50,38,1004.3,1007.7,.9,2.25,,8,,28.2
192,진주,2026-04-23 15:00,21.7,,3.1,70,38,1004.3,1007.7,.8,2.32,,5,,28.8
192,진주,2026-04-23 16:00,21.7,,2.3,70,33,1004.5,1007.9,1,2.39,,5,,26.2
192,진주,2026-04-23 17:00,20.6,,2.9,70,32,1005.6,1009,1,1.65,,5,,22.7
192,진주,2026-04-23 18:00,19.3,,2,70,36,1006.1,1009.5,1,.72,,2,,19.7
192,진주,2026-04-23 19:00,17.5,,1.9,70,43,1006.9,1010.4,.4,.17,,2,,17.2
192,진주,2026-04-23 20:00,16.6,,2.8,90,41,1008,1011.5,0,0,,4,,15.6
192,진주,2026-04-23 21:00,15.2,,1.4,360,44,1009.1,1012.6,,,,4,,14.5
192,진주,2026-04-23 22:00,14.8,,1,20,39,1009.8,1013.3,,,,8,,14
192,진주,2026-04-23 23:00,11.5,,.3,0,54,1010.2,1013.7,,,,5,,12.5
192,진주,2026-04-24 00:00,9.3,,.2,0,64,1010.9,1014.5,,,,5,,11.3
192,진주,2026-04-24 01:00,8.5,,.1,0,58,1010.9,1014.5,,,,6,,10.3
192,진주,2026-04-24 02:00,7.8,,.1,0,64,1010.5,1014.1,,,,7,,10.3
192,진주,2026-04-24 03:00,9.2,,.3,0,55,1010.6,1014.2,,,,3,,9.6
192,진주,2026-04-24 04:00,6.6,,.1,0,70,1010.7,1014.3,,,,7,,8.8
192,진주,2026-04-24 05:00,5.7,,.1,0,76,1011.2,1014.8,,,,5,,8.1
192,진주,2026-04-24 06:00,5,,.2,0,80,1011.6,1015.2,0,0,,5,,7.6
192,진주,2026-04-24 07:00,7.3,,.2,0,74,1012.5,1016.1,0,.23,,7,,9.6
192,진주,2026-04-24 08:00,12.4,,.5,50,51,1013,1016.5,.9,1.09,,6,,14
192,진주,2026-04-24 09:00,14.7,,1,20,39,1013.4,1016.9,1,1.88,,0,,20.2
192,진주,2026-04-24 10:00,16.7,,1.6,50,35,1013.6,1017.1,1,2.53,,0,,26.4
192,진주,2026-04-24 11:00,18,,1.5,50,31,1013,1016.5,1,3.18,,0,,31.1
192,진주,2026-04-24 12:00,19.5,,1.5,340,29,1012.6,1016,1,3.48,,0,,33.7
192,진주,2026-04-24 13:00,20.6,,1.6,140,28,1012.3,1015.7,1,3.39,,0,,34.6
192,진주,2026-04-24 14:00,21.1,,.9,90,26,1011.9,1015.3,1,3.41,,0,,35.2
192,진주,2026-04-24 15:00,22.9,,1.4,70,26,1011.6,1015,1,2.98,,2,,33
192,진주,2026-04-24 16:00,22.9,,1.6,90,24,1011.6,1015,1,2.5,,5,,29
192,진주,2026-04-24 17:00,22.7,,1.4,50,26,1011.8,1015.2,1,1.38,,4,,24.5
192,진주,2026-04-24 18:00,22,,1,20,28,1012,1015.4,1,.98,,4,,22.2
192,진주,2026-04-24 19:00,18.5,,.6,90,37,1012.5,1016,.5,.25,,0,,19
192,진주,2026-04-24 20:00,15.1,,.1,0,56,1013.7,1017.2,0,0,,7,,17
192,진주,2026-04-24 21:00,12.4,,0,0,69,1014.7,1018.3,,,,0,,14.8
192,진주,2026-04-24 22:00,10.8,,0,0,75,1015.1,1018.7,,,,0,,13.1
192,진주,2026-04-24 23:00,9.1,,.2,0,81,1015.4,1019,,,,0,,12
192,진주,2026-04-25 00:00,7.7,,.2,0,86,1015.4,1019,,,,0,,11
192,진주,2026-04-25 01:00,6.9,,0,0,87,1015.7,1019.3,,,,0,,10.2
192,진주,2026-04-25 02:00,6.4,,.3,0,86,1015.4,1019,,,,0,,9.6
192,진주,2026-04-25 03:00,5.8,,.2,0,88,1015.9,1019.5,,,,0,,9
192,진주,2026-04-25 04:00,5,,.4,0,90,1016.5,1020.2,,,,0,,8.3
192,진주,2026-04-25 05:00,4.3,,.2,0,87,1016.3,1020,,,,0,,8.1
192,진주,2026-04-25 06:00,4.1,,.3,0,87,1016,1019.7,0,0,,0,,7.8
192,진주,2026-04-25 07:00,6.3,,.2,0,81,1016.3,1019.9,.2,.25,,0,,8.5
192,진주,2026-04-25 08:00,11,,.1,0,62,1017.1,1020.7,1,1.11,,0,,12.9
192,진주,2026-04-25 09:00,14.3,,.7,230,54,1017.5,1021,1,1.88,,0,,20.2
192,진주,2026-04-25 10:00,18.1,,1,20,29,1017.6,1021.1,1,2.6,,0,,27
192,진주,2026-04-25 11:00,20.4,,1.8,50,23,1017.1,1020.6,1,3.14,,0,,31.7
192,진주,2026-04-25 12:00,22.4,,2.1,70,25,1016.4,1019.8,1,3.48,,0,,34.5
192,진주,2026-04-25 13:00,23.5,,1.8,50,17,1015.6,1019,1,3.52,,0,,35.9
192,진주,2026-04-25 14:00,25.1,,1.9,50,15,1014.6,1018,1,3.4,,3,,36
192,진주,2026-04-25 15:00,25.1,,2.1,20,18,1013.8,1017.2,1,2.98,,2,,33.7
192,진주,2026-04-25 16:00,25.2,,1.6,90,20,1013.1,1016.5,1,2.35,,0,,29.2
192,진주,2026-04-25 17:00,24.3,,.8,180,22,1012.8,1016.2,1,1.56,,3,,25.2
192,진주,2026-04-25 18:00,22.8,,1.6,140,24,1012.4,1015.8,1,.94,,0,,22.3
192,진주,2026-04-25 19:00,19,,1,140,30,1012.6,1016.1,.6,.25,,3,,19.2
192,진주,2026-04-25 20:00,14.5,,.2,0,50,1013.1,1016.6,0,0,,0,,16.2
192,진주,2026-04-25 21:00,12.1,,0,0,60,1013.9,1017.5,,,,0,,14.3
192,진주,2026-04-25 22:00,10.4,,0,0,68,1014.2,1017.8,,,,0,,13
192,진주,2026-04-25 23:00,9.3,,.2,0,73,1014,1017.6,,,,0,,12.1
192,진주,2026-04-26 00:00,8.3,,0,0,76,1013.4,1017,,,,0,,11.6
192,진주,2026-04-26 01:00,7.9,,.2,0,80,1013.1,1016.7,,,,0,,11.1
192,진주,2026-04-26 02:00,7.3,,.2,0,82,1012.8,1016.4,,,,0,,10.8
192,진주,2026-04-26 03:00,6.8,,.1,0,85,1012.3,1015.9,,,,0,,10.3
192,진주,2026-04-26 04:00,6.5,,.1,0,86,1012,1015.6,,,,0,,10
192,진주,2026-04-26 05:00,6,,.2,0,89,1011.6,1015.2,,,,0,,9.6
192,진주,2026-04-26 06:00,5.9,,0,0,90,1011.7,1015.3,0,.01,,0,,9.6
192,진주,2026-04-26 07:00,8.1,,.1,0,83,1012,1015.6,.3,.25,,0,,10.6
192,진주,2026-04-26 08:00,11.8,,.8,340,70,1011.9,1015.4,1,.93,,0,,14.3
192,진주,2026-04-26 09:00,14.2,,.3,0,63,1011.6,1015.1,1,1.2,,5,,17.6
192,진주,2026-04-26 10:00,17.4,,1,290,53,1011.1,1014.6,1,2.2,,5,,25.2
192,진주,2026-04-26 11:00,19.9,,1.1,290,45,1010.6,1014,.9,2.66,,7,,29.2
192,진주,2026-04-26 12:00,23,,.9,90,49,1009.8,1013.2,.8,3.03,,5,,33.8
192,진주,2026-04-26 13:00,23.5,,1.7,140,46,1008.9,1012.3,.9,3.09,,1,,34.9
192,진주,2026-04-26 14:00,23.2,,2.2,250,46,1008.2,1011.6,1,3.33,,0,,35.7
192,진주,2026-04-26 15:00,23.7,,2.2,270,47,1007.3,1010.7,1,2.95,,0,,33.6
192,진주,2026-04-26 16:00,23.3,,1.6,180,49,1006.4,1009.8,1,2.34,,0,,29.3
192,진주,2026-04-26 17:00,22.7,,1.4,250,50,1005.9,1009.3,1,1.59,,0,,25.7
192,진주,2026-04-26 18:00,21.3,,1.5,160,55,1005.6,1009,1,.84,,0,,22.8
192,진주,2026-04-26 19:00,19.2,,1.6,140,60,1006.1,1009.5,.4,.21,,0,,20.2
192,진주,2026-04-26 20:00,18.1,,1.4,160,67,1006.9,1010.3,0,0,,0,,18.3
192,진주,2026-04-26 21:00,16.2,,.2,0,74,1007.5,1011,,,,0,,17.2
192,진주,2026-04-26 22:00,14.6,,.1,0,83,1007.8,1011.3,,,,0,,15.8
192,진주,2026-04-26 23:00,13.4,,.1,0,87,1007.6,1011.1,,,,6,,15.1
192,진주,2026-04-27 00:00,12.6,,.3,0,92,1007.5,1011,,,,4,,14.1
192,진주,2026-04-27 01:00,11.8,,.1,0,92,1008.1,1011.6,,,,5,,13.6
192,진주,2026-04-27 02:00,11.6,,.3,0,94,1007.9,1011.4,,,,0,,13.1
192,진주,2026-04-27 03:00,10.8,,0,0,94,1008,1011.5,,,,0,,12.6
192,진주,2026-04-27 04:00,10.1,,.2,0,95,1007.7,1011.3,,,,0,,11.8
192,진주,2026-04-27 05:00,9.6,,.2,0,96,1007.6,1011.2,,,,0,,11.1
192,진주,2026-04-27 06:00,9.1,,.1,0,95,1007.8,1011.4,0,0,,0,,10.8
192,진주,2026-04-27 07:00,10.6,,.1,0,95,1008.4,1012,.3,.27,,0,,11.8
192,진주,2026-04-27 08:00,14.5,,.7,270,85,1009,1012.5,1,1.05,,0,,15.9
192,진주,2026-04-27 09:00,17.8,,.6,250,62,1009,1012.5,1,1.83,,0,,22.6
192,진주,2026-04-27 10:00,20.3,,1.2,180,42,1008.9,1012.3,1,2.46,,0,,28.6
192,진주,2026-04-27 11:00,22.2,,1.3,290,42,1009,1012.4,1,2.97,,0,,33.2
192,진주,2026-04-27 12:00,24,,1,340,40,1008.6,1012,.6,2.7,,8,,32.5
192,진주,2026-04-27 13:00,24.4,,1.4,250,35,1008,1011.4,.9,3.19,,3,,35.7
192,진주,2026-04-27 14:00,24.7,,2.2,180,36,1007.5,1010.9,1,3.22,,1,,36
192,진주,2026-04-27 15:00,24.4,,2.4,180,37,1007,1010.4,1,2.84,,6,,33.5
192,진주,2026-04-27 16:00,23.7,,1.8,180,40,1007,1010.4,1,2.1,,7,,29.4
192,진주,2026-04-27 17:00,22.1,,1.7,160,46,1006.9,1010.3,.6,1.03,,8,,26.1
192,진주,2026-04-27 18:00,20.6,,.8,90,53,1006.9,1010.3,0,.32,,9,,23.3
192,진주,2026-04-27 19:00,19.7,,.9,20,56,1007.6,1011,0,.11,,9,,21.1
192,진주,2026-04-27 20:00,18.2,,.4,0,61,1007.7,1011.1,0,.01,,7,,19.2
192,진주,2026-04-27 21:00,17.6,,.9,250,60,1008.2,1011.7,,,,7,,17.7
192,진주,2026-04-27 22:00,16.2,,1.1,160,65,1008.5,1012,,,,6,,16.5
192,진주,2026-04-27 23:00,15.5,,1.3,160,66,1008.5,1012,,,,5,,15.6
192,진주,2026-04-28 00:00,14.3,,.9,200,71,1008.5,1012,,,,8,,15
192,진주,2026-04-28 01:00,12.3,,.2,0,80,1008,1011.5,,,,8,,14.1
192,진주,2026-04-28 02:00,13.3,,.7,180,78,1007.3,1010.8,,,,9,,13.8
192,진주,2026-04-28 03:00,11.7,,.4,0,83,1007.1,1010.6,,,,8,,13.6
192,진주,2026-04-28 04:00,10.6,,.4,0,88,1007.1,1010.6,,,,8,,13.3
192,진주,2026-04-28 05:00,10.8,,.3,0,88,1007.1,1010.6,,,,9,,13.1
192,진주,2026-04-28 06:00,10.8,,.3,0,88,1007.4,1010.9,0,0,,9,,13.1
192,진주,2026-04-28 07:00,11.9,,.4,0,85,1007.9,1011.4,0,.15,,9,,14.1
192,진주,2026-04-28 08:00,14,,.6,20,76,1008.6,1012.1,.1,.57,,9,,16.3
192,진주,2026-04-28 09:00,16.1,,.6,320,68,1008.9,1012.4,.4,1.11,,8,,19.9
192,진주,2026-04-28 10:00,17.6,,1.1,360,57,1009.1,1012.6,.3,1.56,,8,,23.3
192,진주,2026-04-28 11:00,19,,.8,340,54,1009.2,1012.6,.9,2.47,,9,,28.7
192,진주,2026-04-28 12:00,20.8,,1.5,270,47,1008.7,1012.1,1,3.03,,7,,33.3
192,진주,2026-04-28 13:00,21.3,,2,250,40,1008.1,1011.5,1,3.3,,8,,35.1
192,진주,2026-04-28 14:00,22.1,,2.2,250,39,1007.8,1011.2,1,2.71,,8,,33.8
192,진주,2026-04-28 15:00,22.1,,1.8,340,27,1008.1,1011.5,1,2.3,,8,,31.7
192,진주,2026-04-28 16:00,20.3,,1.8,360,26,1008,1011.4,0,1.13,,9,,26.7
192,진주,2026-04-28 17:00,19.9,,1.2,360,29,1008.5,1011.9,0,.84,,9,,24.5
192,진주,2026-04-28 18:00,18.7,,1.5,340,32,1009.5,1012.9,0,.52,,9,,22.2
192,진주,2026-04-28 19:00,17.4,,.6,320,34,1010.5,1014,0,.16,,10,,19.7
192,진주,2026-04-28 20:00,16.3,,2.3,340,38,1011.7,1015.2,0,0,,10,,18.1
192,진주,2026-04-28 21:00,15.3,,2.2,340,40,1012.8,1016.3,,,,10,,17.1
192,진주,2026-04-28 22:00,14.8,,2.5,360,38,1013.2,1016.7,,,,10,,16.3
192,진주,2026-04-28 23:00,14,,1.7,360,40,1013.2,1016.7,,,,10,,15.8
192,진주,2026-04-29 00:00,13,,.2,0,41,1013.2,1016.7,,,,10,,15.3
192,진주,2026-04-29 01:00,13.3,,.5,360,34,1013.6,1017.1,,,,10,,14.6
192,진주,2026-04-29 02:00,11.9,,.2,0,44,1013.5,1017.1,,,,10,,14.3
192,진주,2026-04-29 03:00,10.8,,.2,0,54,1013.5,1017.1,,,,9,,13.8
192,진주,2026-04-29 04:00,9.6,,.1,0,58,1013.7,1017.3,,,,8,,12.6
192,진주,2026-04-29 05:00,8.5,,.1,0,67,1014.1,1017.7,,,,8,,11.7
192,진주,2026-04-29 06:00,7.6,,.2,0,74,1014.7,1018.3,0,0,,8,,11
192,진주,2026-04-29 07:00,9.8,,0,0,69,1015.4,1019,0,.25,,9,,13.1
192,진주,2026-04-29 08:00,12.2,,.4,0,59,1015.8,1019.4,.1,.65,,9,,15.8
192,진주,2026-04-29 09:00,13.6,,1,70,52,1016,1019.5,0,1.09,,9,,18.8
192,진주,2026-04-29 10:00,15.8,,1.1,360,45,1015.9,1019.4,1,2.33,,3,,27
192,진주,2026-04-29 11:00,17.3,,1.5,180,45,1015.6,1019.1,.9,2.84,,9,,29.6
192,진주,2026-04-29 12:00,17.7,,1,320,43,1015.1,1018.6,.2,2.44,,10,,29.6
192,진주,2026-04-29 13:00,18.5,,.6,50,38,1014.6,1018.1,.2,2.2,,9,,29.3
192,진주,2026-04-29 14:00,18.3,,1,320,40,1014.2,1017.7,0,1.47,,10,,25.2
192,진주,2026-04-29 15:00,18,,1.3,230,43,1013.7,1017.2,0,1.47,,9,,24.2
192,진주,2026-04-29 16:00,17.6,,1,200,43,1013.4,1016.9,0,.87,,10,,22.7
192,진주,2026-04-29 17:00,17,,1.3,160,44,1013.5,1017,0,.68,,9,,21.6
192,진주,2026-04-29 18:00,16.2,,.9,180,45,1013.6,1017.1,0,.48,,9,,19.8
192,진주,2026-04-29 19:00,15,,1.4,180,57,1014.2,1017.7,0,.1,,10,,17.7
192,진주,2026-04-29 20:00,14,,.8,110,67,1014.6,1018.1,0,.01,,10,,16.5
192,진주,2026-04-29 21:00,13.5,,.2,0,69,1015.5,1019,,,,10,,15.8
192,진주,2026-04-29 22:00,12.6,,.1,0,76,1015.8,1019.4,,,,10,,15.3
192,진주,2026-04-29 23:00,12.2,,.2,0,77,1015.5,1019.1,,,,10,,15
192,진주,2026-04-30 00:00,12.1,,.1,0,79,1015.4,1019,,,,10,,14.6
285,합천,2026-01-01 01:00,-5.9,,.1,0,52,1022.6,1026.1,,,,0,,-4.9
285,합천,2026-01-01 02:00,-6.7,,.2,0,60,1022.4,1025.9,,,,0,,-5.4
285,합천,2026-01-01 03:00,-7.4,,0,0,62,1022.1,1025.6,,,,0,,-5.9
285,합천,2026-01-01 04:00,-8.2,,.1,0,67,1021.7,1025.2,,,,10,,-6.2
285,합천,2026-01-01 05:00,-8.8,,.1,0,74,1021.9,1025.4,,,,0,,-6.5
285,합천,2026-01-01 06:00,-9,,0,0,77,1021.9,1025.4,,,,10,,-6.4
285,합천,2026-01-01 07:00,-8.7,,.3,0,76,1022.1,1025.6,,,,9,,-5.9
285,합천,2026-01-01 08:00,-8.1,,.4,0,71,1022.3,1025.8,,,,10,,-4.9
285,합천,2026-01-01 09:00,-7,,.2,0,68,1022.4,1025.9,,,,10,,-3.6
285,합천,2026-01-01 10:00,-5.1,,.5,20,53,1022.9,1026.4,,,,9,,-1.8
285,합천,2026-01-01 11:00,-3.2,,.9,50,36,1022.5,1026,,,,9,,1.1
285,합천,2026-01-01 12:00,-1.5,,1.2,110,26,1021.6,1025,,,,9,,3.2
285,합천,2026-01-01 13:00,-.7,,.6,90,23,1020.8,1024.2,,,,10,,3
285,합천,2026-01-01 14:00,.6,,1.6,320,16,1020.4,1023.8,,,,9,,3.7
285,합천,2026-01-01 15:00,1,,1.1,110,16,1019.9,1023.3,,,,8,,3.9
285,합천,2026-01-01 16:00,.7,,2.9,320,20,1020.3,1023.7,,,,8,,1.2
285,합천,2026-01-01 17:00,-.1,,2,320,24,1020.8,1024.2,,,,8,,-.9
285,합천,2026-01-01 18:00,-1,,1.3,340,28,1021,1024.4,,,,6,,-2.1
285,합천,2026-01-01 19:00,-2,,.5,290,31,1020.9,1024.3,,,,6,,-2.9
285,합천,2026-01-01 20:00,-3.6,,.1,0,42,1020.6,1024.1,,,,6,,-3.8
285,합천,2026-01-01 21:00,-5,,.5,230,52,1020.4,1023.9,,,,0,,-4.4
285,합천,2026-01-01 22:00,-6,,1.1,200,61,1020.7,1024.2,,,,0,,-4.8
285,합천,2026-01-01 23:00,-6.5,,.9,230,61,1020.9,1024.4,,,,3,,-5.1
285,합천,2026-01-02 00:00,-7.1,,.5,230,65,1020.3,1023.8,,,,0,,-5.4
285,합천,2026-01-02 01:00,-7.7,,.9,230,65,1019.8,1023.3,,,,0,,-6
285,합천,2026-01-02 02:00,-8.1,,.9,230,65,1019.6,1023.1,,,,0,,-6.3
285,합천,2026-01-02 03:00,-8.4,,.1,0,72,1020.1,1023.6,,,,0,,-6.7
285,합천,2026-01-02 04:00,-8.7,,.4,0,74,1020.1,1023.6,,,,0,,-7.4
285,합천,2026-01-02 05:00,-7.8,,.5,290,61,1020,1023.5,,,,0,,-7.6
285,합천,2026-01-02 06:00,-8.2,,.6,230,70,1020.3,1023.8,,,,0,,-7.6
285,합천,2026-01-02 07:00,-9.1,,.2,0,80,1020.7,1024.2,,,,0,,-7.8
285,합천,2026-01-02 08:00,-6.5,,1.4,320,54,1020.8,1024.3,,,,0,,-7.4
285,합천,2026-01-02 09:00,-6.9,,.7,70,65,1021.2,1024.7,,,,0,,-6.3
285,합천,2026-01-02 10:00,-4.3,,1.4,70,49,1021.6,1025.1,,,,0,,-1.4
285,합천,2026-01-02 11:00,-3,,1,90,42,1021.5,1024.9,,,,0,,3.7
285,합천,2026-01-02 12:00,-1.6,,.9,110,36,1020.7,1024.1,,,,0,,7.1
285,합천,2026-01-02 13:00,-.5,,.8,90,31,1019.6,1023,,,,0,,8.8
285,합천,2026-01-02 14:00,1,,.7,110,28,1018.7,1022.1,,,,0,,8.8
285,합천,2026-01-02 15:00,1.9,,1,20,22,1018.4,1021.8,,,,0,,5.7
285,합천,2026-01-02 16:00,2.4,,1.6,270,23,1018.7,1022.1,,,,0,,.7
285,합천,2026-01-02 17:00,.7,,1.8,270,29,1019,1022.4,,,,0,,-1.5
285,합천,2026-01-02 18:00,-.6,,1.3,270,37,1019.8,1023.2,,,,0,,-2.5
285,합천,2026-01-02 19:00,-1.3,,.9,290,42,1020.4,1023.8,,,,0,,-3.1
285,합천,2026-01-02 20:00,-2.9,,.5,340,51,1020.6,1024,,,,0,,-3.9
285,합천,2026-01-02 21:00,-4,,.4,0,59,1020.7,1024.2,,,,0,,-4.4
285,합천,2026-01-02 22:00,-4.5,,.1,0,61,1021.1,1024.6,,,,0,,-4.9
285,합천,2026-01-02 23:00,-5.2,,.3,0,68,1021.5,1025,,,,0,,-5.4
285,합천,2026-01-03 00:00,-5.5,,.3,0,73,1021.9,1025.4,,,,0,,-5.6
285,합천,2026-01-03 01:00,-6.6,,.7,70,74,1021.8,1025.3,,,,0,,-6
285,합천,2026-01-03 02:00,-7.2,,.6,50,77,1022.2,1025.7,,,,0,,-6.3
285,합천,2026-01-03 03:00,-7.8,,.6,20,82,1022.5,1026,,,,0,,-6.7
285,합천,2026-01-03 04:00,-8.6,,.4,0,85,1022.4,1025.9,,,,0,,-7.2
285,합천,2026-01-03 05:00,-9.2,,.1,0,90,1022.5,1026,,,,0,,-7.6
285,합천,2026-01-03 06:00,-9.6,,.1,0,90,1022.9,1026.4,,,,0,,-7.9
285,합천,2026-01-03 07:00,-10,,.2,0,92,1023.5,1027,,,,0,,-8.1
285,합천,2026-01-03 08:00,-10.2,,.3,0,89,1024.1,1027.7,,,,0,,-8
285,합천,2026-01-03 09:00,-8.6,,.1,0,88,1024.8,1028.3,,,,0,,-6.7
285,합천,2026-01-03 10:00,-4.5,,.6,360,69,1025.2,1028.7,,,,0,,-1.1
285,합천,2026-01-03 11:00,-.8,,.7,110,45,1025.2,1028.6,,,,0,,4.8
285,합천,2026-01-03 12:00,2,,1.2,90,38,1023.8,1027.2,,,,0,,8.5
285,합천,2026-01-03 13:00,4.3,,1,160,32,1022.7,1026.1,,,,0,,10.9
285,합천,2026-01-03 14:00,5.5,,1,70,32,1022,1025.3,,,,0,,10.9
285,합천,2026-01-03 15:00,6.2,,2.2,360,37,1021.7,1025,,,,5,,7.1
285,합천,2026-01-03 16:00,5.9,,2.1,340,41,1021.7,1025,,,,5,,3.5
285,합천,2026-01-03 17:00,5.1,,1,290,45,1021.8,1025.1,,,,5,,.6
285,합천,2026-01-03 18:00,3.1,,.5,320,52,1022,1025.4,,,,3,,-1.8
285,합천,2026-01-03 19:00,.9,,.5,180,66,1022.3,1025.7,,,,8,,-1.8
285,합천,2026-01-03 20:00,-1.3,,0,0,73,1022.4,1025.8,,,,0,,-2.6
285,합천,2026-01-03 21:00,-1.3,,.2,0,74,1022.7,1026.1,,,,8,,-2.6
285,합천,2026-01-03 22:00,-2.7,,.1,0,79,1022.6,1026,,,,0,,-3.5
285,합천,2026-01-03 23:00,-3.5,,0,0,85,1022.8,1026.3,,,,0,,-4
285,합천,2026-01-04 00:00,-3.8,,0,0,85,1022.7,1026.2,,,,0,,-3.8
285,합천,2026-01-04 01:00,-3.9,,.1,0,86,1022.3,1025.8,,,,0,,-4
285,합천,2026-01-04 02:00,-4.7,,.2,0,92,1022.2,1025.7,,,,0,,-4.6
285,합천,2026-01-04 03:00,-5.3,,.1,0,94,1022.1,1025.6,,,,0,,-5
285,합천,2026-01-04 04:00,-5.6,,.1,0,95,1021.8,1025.3,,,,0,,-5.3
285,합천,2026-01-04 05:00,-6.1,,0,0,95,1021.3,1024.8,,,,0,,-5.6
285,합천,2026-01-04 06:00,-6.3,,.1,0,95,1021.5,1025,,,,0,,-5.8
285,합천,2026-01-04 07:00,-6.6,,0,0,94,1021.9,1025.4,,,,0,,-5.9
285,합천,2026-01-04 08:00,-6.6,,.1,0,94,1022,1025.5,,,,0,,-5.6
285,합천,2026-01-04 09:00,-5.5,,0,0,95,1022.4,1025.9,,,,0,,-3.6
285,합천,2026-01-04 10:00,-2.3,,.5,20,89,1022.4,1025.8,,,,1,,.2
285,합천,2026-01-04 11:00,1.6,,.5,70,74,1021.9,1025.3,,,,1,,5.7
285,합천,2026-01-04 12:00,8.2,,.8,250,46,1020.6,1023.9,,,,5,,9.7
285,합천,2026-01-04 13:00,9.2,,1.7,290,42,1019.5,1022.8,,,,6,,11.7
285,합천,2026-01-04 14:00,9.9,,1.4,270,40,1018.5,1021.8,,,,5,,13.3
285,합천,2026-01-04 15:00,9.3,,2,270,43,1017.9,1021.2,,,,8,,10.5
285,합천,2026-01-04 16:00,8.4,,1.8,250,46,1017.7,1021,,,,7,,6.1
285,합천,2026-01-04 17:00,7.3,,1.6,250,49,1017.6,1020.9,,,,9,,3.9
285,합천,2026-01-04 18:00,5.9,,1.1,270,54,1018.1,1021.4,,,,8,,1.4
285,합천,2026-01-04 19:00,5.2,,.7,250,58,1018.2,1021.5,,,,8,,.5
285,합천,2026-01-04 20:00,5.2,,1.3,270,59,1018.1,1021.4,,,,8,,.5
285,합천,2026-01-04 21:00,4.7,,1.5,250,62,1017.7,1021,,,,9,,.5
285,합천,2026-01-04 22:00,3.7,,.1,0,66,1017.8,1021.1,,,,10,,-.1
285,합천,2026-01-04 23:00,2.7,,.1,0,72,1017.7,1021.1,,,,10,,-.7
285,합천,2026-01-05 00:00,2,,.2,0,73,1017.2,1020.6,,,,9,,-1
285,합천,2026-01-05 01:00,2.1,,.6,230,74,1017.1,1020.5,,,,8,,-1.3
285,합천,2026-01-05 02:00,1.3,,.9,200,78,1017,1020.4,,,,10,,-.6
285,합천,2026-01-05 03:00,2.1,,.4,0,70,1016.9,1020.3,,,,10,,-.6
285,합천,2026-01-05 04:00,1.1,,.2,0,79,1016.5,1019.9,,,,10,,-.6
285,합천,2026-01-05 05:00,.7,,0,0,81,1016,1019.4,,,,10,,-.6
285,합천,2026-01-05 06:00,-.2,,.3,0,83,1016.1,1019.5,,,,8,,-1.6
285,합천,2026-01-05 07:00,-.7,,.6,200,83,1016.5,1019.9,,,,8,,-1.7
285,합천,2026-01-05 08:00,-.9,,.6,20,87,1016.8,1020.2,,,,8,,-1.7
285,합천,2026-01-05 09:00,.6,,.8,50,78,1017.2,1020.6,,,,10,,.2
285,합천,2026-01-05 10:00,4.5,,2,290,45,1017.6,1020.9,,,,9,,3
285,합천,2026-01-05 11:00,5.8,,2,270,38,1017.6,1020.9,,,,8,,9
285,합천,2026-01-05 12:00,6.6,,2.4,250,34,1016.6,1019.9,,,,8,,12.5
285,합천,2026-01-05 13:00,6.9,,1.6,270,26,1015.5,1018.8,,,,8,,10.6
285,합천,2026-01-05 14:00,7.3,,1.8,340,22,1014.9,1018.2,,,,8,,8.8
285,합천,2026-01-05 15:00,7.9,,1.7,320,20,1015,1018.3,,,,6,,9.4
285,합천,2026-01-05 16:00,7.8,,2.1,320,20,1015.3,1018.6,,,,0,,5.3
285,합천,2026-01-05 17:00,6.6,,1.7,340,22,1016,1019.3,,,,0,,2.2
285,합천,2026-01-05 18:00,5.4,,2.6,340,25,1016.9,1020.2,,,,0,,.7
285,합천,2026-01-05 19:00,4.1,,1.1,320,26,1017.7,1021,,,,0,,-1.5
285,합천,2026-01-05 20:00,.6,,.4,0,40,1018.5,1021.9,,,,0,,-2.3
285,합천,2026-01-05 21:00,-1.8,,.2,0,51,1019,1022.4,,,,0,,-3.2
285,합천,2026-01-05 22:00,-3.4,,0,0,59,1019.5,1022.9,,,,0,,-3.8
285,합천,2026-01-05 23:00,-4.4,,.1,0,66,1020,1023.5,,,,0,,-4.4
285,합천,2026-01-06 00:00,-5,,.3,0,66,1020.3,1023.8,,,,0,,-4.8
285,합천,2026-01-06 01:00,-5.7,,.2,0,74,1020.1,1023.6,,,,0,,-5.1
285,합천,2026-01-06 02:00,-6.2,,0,0,78,1020.5,1024,,,,0,,-5.6
285,합천,2026-01-06 03:00,-6.8,,0,0,80,1020.7,1024.2,,,,0,,-5.9
285,합천,2026-01-06 04:00,-7.2,,.2,0,84,1020.9,1024.4,,,,0,,-6.1
285,합천,2026-01-06 05:00,-7.7,,.7,230,83,1020.6,1024.1,,,,0,,-6.3
285,합천,2026-01-06 06:00,-7.9,,.7,230,85,1020.8,1024.3,,,,0,,-6.6
285,합천,2026-01-06 07:00,-8.3,,.8,230,85,1021.5,1025,,,,0,,-6.8
285,합천,2026-01-06 08:00,-8.7,,.3,0,85,1021.8,1025.3,,,,0,,-6.8
285,합천,2026-01-06 09:00,-7.1,,.1,0,81,1021.8,1025.3,,,,0,,-5.8
285,합천,2026-01-06 10:00,-2.9,,0,0,61,1021.9,1025.3,,,,0,,-.4
285,합천,2026-01-06 11:00,1.2,,1.2,20,42,1021.2,1024.6,,,,0,,5.8
285,합천,2026-01-06 12:00,3.8,,.8,110,29,1019.9,1023.3,,,,0,,10.3
285,합천,2026-01-06 13:00,6,,1.1,160,24,1018.5,1021.8,,,,0,,12.7
285,합천,2026-01-06 14:00,7.8,,1.3,50,19,1017.6,1020.9,,,,0,,12.8
285,합천,2026-01-06 15:00,8.7,,.8,70,18,1016.9,1020.2,,,,0,,9.8
285,합천,2026-01-06 16:00,8.8,,1.1,70,19,1016.8,1020.1,,,,0,,4.9
285,합천,2026-01-06 17:00,6.6,,1.4,70,22,1017,1020.3,,,,5,,1.2
285,합천,2026-01-06 18:00,3.3,,.4,0,37,1016.9,1020.3,,,,8,,-.6
285,합천,2026-01-06 19:00,1.8,,0,0,42,1017.3,1020.7,,,,9,,-1.1
285,합천,2026-01-06 20:00,1.1,,.6,200,50,1017.2,1020.6,,,,9,,-1.4
285,합천,2026-01-06 21:00,.2,,.3,0,49,1017.5,1020.9,,,,8,,-1.5
285,합천,2026-01-06 22:00,-.6,,.7,200,58,1017.5,1020.9,,,,8,,-2
285,합천,2026-01-06 23:00,-1.5,,.2,0,56,1017.8,1021.2,,,,8,,-2.4
285,합천,2026-01-07 00:00,-2.2,,0,0,67,1017.9,1021.3,,,,8,,-2.7
285,합천,2026-01-07 01:00,-2.2,,.2,0,59,1017.8,1021.2,,,,8,,-2.7
285,합천,2026-01-07 02:00,-2.7,,.1,0,71,1017.3,1020.7,,,,8,,-3.1
285,합천,2026-01-07 03:00,-3.3,,.3,0,69,1016.5,1019.9,,,,0,,-3.8
285,합천,2026-01-07 04:00,-3.8,,.1,0,72,1015.9,1019.3,,,,0,,-4.1
285,합천,2026-01-07 05:00,-4.5,,.1,0,73,1015.6,1019,,,,0,,-4.4
285,합천,2026-01-07 06:00,-4.3,,.3,0,73,1015.7,1019.1,,,,0,,-4
285,합천,2026-01-07 07:00,-4.3,,.3,0,76,1016.2,1019.6,,,,0,,-3.3
285,합천,2026-01-07 08:00,-3.9,,.3,0,76,1015.9,1019.3,0,,,0,,-3.1
285,합천,2026-01-07 09:00,-2.7,,0,0,73,1016.1,1019.5,.5,,,0,,-1.9
285,합천,2026-01-07 10:00,.8,,.6,70,66,1016,1019.4,.9,,,0,,2.9
285,합천,2026-01-07 11:00,6.8,,.2,0,52,1015.8,1019.1,.6,,,6,,8
285,합천,2026-01-07 12:00,8,,.8,290,42,1014.9,1018.2,.4,,,8,,5.9
285,합천,2026-01-07 13:00,7.3,,2.8,270,49,1015,1018.3,0,,,8,,5.8
285,합천,2026-01-07 14:00,8.3,,2.9,320,36,1014.6,1017.9,.6,,,4,,11
285,합천,2026-01-07 15:00,8.1,,2.3,270,32,1014.7,1018,.8,,,2,,9
285,합천,2026-01-07 16:00,8,,2.3,250,24,1014.7,1018,1,,,0,,5.4
285,합천,2026-01-07 17:00,6.5,,1.8,270,26,1015.2,1018.5,.3,,,0,,1.9
285,합천,2026-01-07 18:00,4.8,,1.3,290,38,1016.1,1019.4,0,,,0,,-.2
285,합천,2026-01-07 19:00,3.5,,1.8,270,43,1016.9,1020.2,,,,0,,-1.4
285,합천,2026-01-07 20:00,2.7,,1.6,270,45,1017.7,1021.1,,,,0,,-1.7
285,합천,2026-01-07 21:00,.9,,.5,250,50,1018.2,1021.6,,,,0,,-2.6
285,합천,2026-01-07 22:00,1,,.7,250,45,1018.8,1022.2,,,,0,,-3.1
285,합천,2026-01-07 23:00,1,,1.6,320,41,1019.3,1022.7,,,,0,,-3.1
285,합천,2026-01-08 00:00,-.6,,.4,0,49,1019.2,1022.6,,,,0,,-3.7
285,합천,2026-01-08 01:00,-1,,1,290,49,1019.1,1022.5,,,,0,,-4.2
285,합천,2026-01-08 02:00,-2.9,,.8,70,60,1019.8,1023.2,,,,0,,-4.5
285,합천,2026-01-08 03:00,-4.2,,.2,0,69,1020.7,1024.2,,,,0,,-5.2
285,합천,2026-01-08 04:00,-5.3,,.4,0,80,1020.9,1024.4,,,,0,,-5.7
285,합천,2026-01-08 05:00,-5.4,,1,70,69,1021.5,1025,,,,0,,-5.9
285,합천,2026-01-08 06:00,-2.5,,1.9,290,42,1021.5,1024.9,,,,0,,-5.8
285,합천,2026-01-08 07:00,-6.2,,1.2,90,70,1022,1025.5,,,,0,,-6.4
285,합천,2026-01-08 08:00,-6.9,,.3,0,76,1022.5,1026,0,,,0,,-6.7
285,합천,2026-01-08 09:00,-5.4,,.7,20,69,1023,1026.5,.6,,,0,,-5.6
285,합천,2026-01-08 10:00,-1.1,,.2,0,43,1023.2,1026.6,1,,,0,,-.2
285,합천,2026-01-08 11:00,.8,,1.5,70,29,1022.8,1026.2,1,,,0,,6.1
285,합천,2026-01-08 12:00,1.5,,1.4,90,28,1021.9,1025.3,1,,,0,,9.6
285,합천,2026-01-08 13:00,2.9,,1,140,24,1021,1024.4,1,,,0,,11.9
285,합천,2026-01-08 14:00,3.1,,.7,340,20,1020.3,1023.7,1,,,0,,11.6
285,합천,2026-01-08 15:00,4.3,,1.6,50,18,1020.4,1023.8,1,,,0,,8.4
285,합천,2026-01-08 16:00,4.6,,1.6,70,17,1020.6,1023.9,1,,,0,,3.1
285,합천,2026-01-08 17:00,3.1,,.7,110,24,1020.9,1024.3,.3,,,0,,-.7
285,합천,2026-01-08 18:00,0,,.2,0,33,1021.5,1024.9,0,,,0,,-3.1
285,합천,2026-01-08 19:00,-2.1,,.5,90,40,1022.3,1025.7,,,,0,,-3.8
285,합천,2026-01-08 20:00,-3.5,,.2,0,51,1023,1026.5,,,,0,,-4.5
285,합천,2026-01-08 21:00,-4.4,,.4,0,55,1023.4,1026.9,,,,0,,-5.2
285,합천,2026-01-08 22:00,-5.6,,.2,0,61,1023.7,1027.2,,,,0,,-5.7
285,합천,2026-01-08 23:00,-6.2,,.5,360,60,1023.5,1027,,,,0,,-5.9
285,합천,2026-01-09 00:00,-6.7,,.2,0,62,1023.5,1027,,,,0,,-6.4
285,합천,2026-01-09 01:00,-7.3,,.2,0,66,1023.2,1026.7,,,,0,,-6.7
285,합천,2026-01-09 02:00,-7.7,,.1,0,71,1023.3,1026.8,,,,0,,-7
285,합천,2026-01-09 03:00,-8.1,,.1,0,74,1023.5,1027,,,,0,,-7.3
285,합천,2026-01-09 04:00,-8.5,,.1,0,76,1023.1,1026.6,,,,0,,-7.5
285,합천,2026-01-09 05:00,-8.8,,.2,0,80,1022.7,1026.2,,,,0,,-7.7
285,합천,2026-01-09 06:00,-9.1,,.1,0,82,1022.6,1026.1,,,,0,,-7.8
285,합천,2026-01-09 07:00,-9,,.1,0,80,1022.7,1026.2,,,,0,,-7.7
285,합천,2026-01-09 08:00,-9.2,,.2,0,81,1022.7,1026.2,0,,,0,,-7.5
285,합천,2026-01-09 09:00,-7.6,,0,0,78,1022.5,1026,.6,,,0,,-6.2
285,합천,2026-01-09 10:00,-3.4,,.1,0,68,1022.4,1025.9,1,,,0,,-.3
285,합천,2026-01-09 11:00,.7,,.7,360,42,1021.5,1024.9,1,,,0,,6.7
285,합천,2026-01-09 12:00,4.4,,.7,110,44,1020.1,1023.4,1,,,0,,11.1
285,합천,2026-01-09 13:00,7.1,,.8,270,40,1018.3,1021.6,1,,,0,,13.8
285,합천,2026-01-09 14:00,7.6,,1.5,180,37,1017.1,1020.4,1,,,0,,13.4
285,합천,2026-01-09 15:00,8.6,,1.9,270,33,1016.4,1019.7,1,,,0,,10.6
285,합천,2026-01-09 16:00,8.3,,2.4,270,36,1016.1,1019.4,1,,,1,,5.1
285,합천,2026-01-09 17:00,6.8,,1.3,270,42,1015.9,1019.2,.3,,,0,,1.5
285,합천,2026-01-09 18:00,4.4,,1,230,53,1015.7,1019,0,,,0,,-1.6
285,합천,2026-01-09 19:00,1.8,,.1,0,61,1015.7,1019.1,,,,4,,-2.3
285,합천,2026-01-09 20:00,.6,,.8,230,65,1015.9,1019.3,,,,4,,-2.5
285,합천,2026-01-09 21:00,-1.2,,.8,230,73,1015.5,1018.9,,,,4,,-2.8
285,합천,2026-01-09 22:00,-1.6,,.5,250,76,1014.9,1018.3,,,,6,,-3
285,합천,2026-01-09 23:00,-2.5,,0,0,84,1014.3,1017.7,,,,3,,-3.6
285,합천,2026-01-10 00:00,-2.8,,.8,230,85,1013.8,1017.2,,,,0,,-3.8
285,합천,2026-01-10 01:00,-3.6,,.2,0,86,1013.2,1016.6,,,,0,,-4.1
285,합천,2026-01-10 02:00,-4.1,,.1,0,92,1012.6,1016,,,,0,,-4.5
285,합천,2026-01-10 03:00,-4.2,,.3,0,89,1012,1015.4,,,,0,,-4.3
285,합천,2026-01-10 04:00,-2.9,,.6,230,88,1010.7,1014.1,,,,2,,-2.5
285,합천,2026-01-10 05:00,-3.1,,.6,230,89,1009.9,1013.3,,,,7,,-2.3
285,합천,2026-01-10 06:00,-2.4,,.3,0,89,1009.1,1012.5,,,,2,,-2.3
285,합천,2026-01-10 07:00,-2.1,,.5,340,89,1008.2,1011.6,,,,2,,-2
285,합천,2026-01-10 08:00,-1.4,,.1,0,87,1007.4,1010.8,0,,,6,,-1.6
285,합천,2026-01-10 09:00,7.2,,1.3,200,70,1006.8,1010.1,0,,,0,,.7
285,합천,2026-01-10 10:00,11.3,,4.5,270,44,1007.2,1010.4,.5,,,0,,3.9
285,합천,2026-01-10 11:00,11.7,,5.6,250,33,1007.7,1010.9,.5,,,0,,11.2
285,합천,2026-01-10 12:00,11.6,,4.5,270,23,1007.3,1010.5,1,,,3,,12.6
285,합천,2026-01-10 13:00,10.6,,4.7,250,28,1007.5,1010.7,1,,,0,,14.5
285,합천,2026-01-10 14:00,9.8,,6,250,23,1007.2,1010.4,1,,,3,,14.6
285,합천,2026-01-10 15:00,8.9,,4.5,270,31,1007.6,1010.9,1,,,4,,12.7
285,합천,2026-01-10 16:00,6.9,,4.9,290,35,1008.4,1011.7,.7,,,5,,7.1
285,합천,2026-01-10 17:00,5.4,,4,270,45,1009.5,1012.8,.1,,,6,,4.6
285,합천,2026-01-10 18:00,4.2,,2.5,250,47,1010.1,1013.4,0,,,6,,1.4
285,합천,2026-01-10 19:00,2.7,,2.9,270,65,1012,1015.3,,,,6,,1.5
285,합천,2026-01-10 20:00,1.5,,2.7,250,75,1012.4,1015.8,,,,6,,.4
285,합천,2026-01-10 21:00,.8,0,1.8,270,74,1013.3,1016.7,,,,8,,.2
285,합천,2026-01-10 22:00,.4,,2.1,270,67,1013.9,1017.3,,,,6,,-1.3
285,합천,2026-01-10 23:00,-.1,,.6,270,67,1014.8,1018.2,,,,3,,-1.3
285,합천,2026-01-11 00:00,-.3,,2,250,63,1015.3,1018.7,,,,0,,-2
285,합천,2026-01-11 01:00,-1.5,,.8,230,81,1016.1,1019.5,,,,0,,-1.8
285,합천,2026-01-11 02:00,-1,,1.3,290,54,1016.7,1020.1,,,,0,,-2.8
285,합천,2026-01-11 03:00,-1.4,0,1.4,270,45,1017.1,1020.5,,,,0,,-3.5
285,합천,2026-01-11 04:00,-1.8,,1.1,320,41,1017.4,1020.8,,,,0,,-4
285,합천,2026-01-11 05:00,-2.3,,1.6,290,40,1017.6,1021,,,,0,,-4.4
285,합천,2026-01-11 06:00,-2.9,,1,270,42,1018.3,1021.7,,,,5,,-4.9
285,합천,2026-01-11 07:00,-3.3,,.8,270,43,1019.2,1022.6,,,,6,,-5.1
285,합천,2026-01-11 08:00,-3.4,,.9,270,41,1019.5,1022.9,0,,,5,,-5.1
285,합천,2026-01-11 09:00,-2.4,,1.4,270,32,1019.7,1023.1,.6,,,0,,-4.9
285,합천,2026-01-11 10:00,-1,,1.8,290,23,1020.4,1023.8,1,,,0,,-.4
285,합천,2026-01-11 11:00,.1,,1.7,320,19,1020.7,1024.1,1,,,0,,5.6
285,합천,2026-01-11 12:00,.3,,2.4,290,18,1020,1023.4,1,,,0,,8.6
285,합천,2026-01-11 13:00,.9,,2.8,320,19,1019.2,1022.6,1,,,0,,9.9
285,합천,2026-01-11 14:00,.8,,3.4,340,22,1018.8,1022.2,1,,,0,,9.1
285,합천,2026-01-11 15:00,1.2,,2.7,340,25,1019,1022.4,1,,,1,,7.2
285,합천,2026-01-11 16:00,1.2,,2.5,340,27,1019.6,1023,1,,,2,,2.5
285,합천,2026-01-11 17:00,0,,3.1,340,29,1019.7,1023.1,.3,,,0,,-.9
285,합천,2026-01-11 18:00,-.8,,1.3,340,32,1020.4,1023.8,0,,,0,,-2.6
285,합천,2026-01-11 19:00,-1.2,,1.6,340,34,1021,1024.4,,,,0,,-3
285,합천,2026-01-11 20:00,-2.9,,.7,230,43,1021.5,1024.9,,,,0,,-3.9
285,합천,2026-01-11 21:00,-4.2,,.2,0,51,1022.2,1025.7,,,,0,,-4.6
285,합천,2026-01-11 22:00,-5.1,,.5,20,61,1022.7,1026.2,,,,0,,-5.1
285,합천,2026-01-11 23:00,-5.5,,0,0,56,1022.7,1026.2,,,,0,,-5.6
285,합천,2026-01-12 00:00,-6.4,,.6,230,62,1022.4,1025.9,,,,0,,-5.9
285,합천,2026-01-12 01:00,-7.1,,.5,230,66,1021.9,1025.4,,,,0,,-6.1
285,합천,2026-01-12 02:00,-7.9,,0,0,75,1022,1025.5,,,,0,,-6.5
285,합천,2026-01-12 03:00,-8.2,,.1,0,76,1022.1,1025.6,,,,0,,-6.9
285,합천,2026-01-12 04:00,-8.7,,.5,230,79,1022,1025.5,,,,0,,-7
285,합천,2026-01-12 05:00,-9,,.1,0,83,1022,1025.5,,,,0,,-7.3
285,합천,2026-01-12 06:00,-9.3,,0,0,85,1021.6,1025.1,,,,0,,-7.5
285,합천,2026-01-12 07:00,-9.6,,.4,0,85,1021.8,1025.3,,,,0,,-7.7
285,합천,2026-01-12 08:00,-9.8,,.3,0,83,1022,1025.5,0,,,0,,-7.4
285,합천,2026-01-12 09:00,-8.6,,.4,0,83,1021.5,1025,.6,,,0,,-6.2
285,합천,2026-01-12 10:00,-4.7,,.2,0,63,1021,1024.5,1,,,0,,-.5
285,합천,2026-01-12 11:00,-1.5,,.4,0,48,1019.8,1023.2,1,,,0,,6.2
285,합천,2026-01-12 12:00,1.5,,.6,180,45,1018.3,1021.7,1,,,0,,10.2
285,합천,2026-01-12 13:00,4,,2.2,180,39,1016.7,1020,1,,,0,,12.1
285,합천,2026-01-12 14:00,5.3,,2.2,270,43,1015.4,1018.7,1,,,2,,10.2
285,합천,2026-01-12 15:00,5.1,,2.6,320,46,1014.9,1018.2,.7,,,3,,8.3
285,합천,2026-01-12 16:00,5.2,,1.5,290,47,1014,1017.3,1,,,0,,4.1
285,합천,2026-01-12 17:00,4.5,,.6,250,49,1013.2,1016.5,.4,,,0,,.6
285,합천,2026-01-12 18:00,1.7,,.6,200,61,1012.4,1015.8,0,,,0,,-2.5
285,합천,2026-01-12 19:00,-.3,,.2,0,70,1012.3,1015.7,,,,0,,-2.8
285,합천,2026-01-12 20:00,-1.5,,.5,230,73,1011.7,1015.1,,,,0,,-3.1
285,합천,2026-01-12 21:00,-2.2,,.1,0,76,1011.1,1014.5,,,,0,,-3.5
285,합천,2026-01-12 22:00,-2.5,,.1,0,78,1011,1014.4,,,,0,,-3
285,합천,2026-01-12 23:00,-2.1,,.5,230,76,1010.3,1013.7,,,,8,,-1.7
285,합천,2026-01-13 00:00,-1.4,,0,0,76,1009.2,1012.6,,,,9,,-.9
285,합천,2026-01-13 01:00,-1,,.5,230,81,1008.4,1011.8,,,,9,,-.6
285,합천,2026-01-13 02:00,-.2,,1.1,250,82,1007.7,1011.1,,,,8,,-1.2
285,합천,2026-01-13 03:00,-1.2,.2,.4,0,88,1007.7,1011.1,,,,3,,-1.3
285,합천,2026-01-13 04:00,-1,,.6,20,90,1007.5,1010.9,,,,6,,-2.2
285,합천,2026-01-13 05:00,6.4,,2,290,54,1008,1011.3,,,,0,,-1.6
285,합천,2026-01-13 06:00,4.1,0,.5,230,62,1008.7,1012,,,,0,,-3
285,합천,2026-01-13 07:00,4.2,,1.2,250,58,1009.7,1013,,,,0,,-3.2
285,합천,2026-01-13 08:00,3.5,,1.1,250,60,1010.3,1013.6,0,,,0,,-2.8
285,합천,2026-01-13 09:00,4.9,,1.4,230,56,1011,1014.3,.6,,,0,,-1.4
285,합천,2026-01-13 10:00,7,,2.3,270,42,1012,1015.3,1,,,0,,3.1
285,합천,2026-01-13 11:00,7.4,,2.4,290,37,1012.5,1015.8,1,,,0,,7.9
285,합천,2026-01-13 12:00,7.9,,2.4,290,30,1012.4,1015.7,1,,,0,,12.2
285,합천,2026-01-13 13:00,7.8,,3.1,290,26,1011.8,1015.1,1,,,0,,14.2
285,합천,2026-01-13 14:00,7.3,,3,270,28,1012,1015.3,1,,,0,,14.3
285,합천,2026-01-13 15:00,6.8,,3.5,270,29,1012.5,1015.8,1,,,0,,11.2
285,합천,2026-01-13 16:00,6.6,,3,270,30,1012.9,1016.2,1,,,0,,6.4
285,합천,2026-01-13 17:00,5.5,,1.7,270,30,1013.5,1016.8,.4,,,0,,2.4
285,합천,2026-01-13 18:00,3.7,,.7,200,36,1014.2,1017.5,0,,,0,,-.7
285,합천,2026-01-13 19:00,1.6,,1.8,230,43,1015.1,1018.5,,,,0,,-1.8
285,합천,2026-01-13 20:00,1.9,,.9,270,40,1015.6,1019,,,,0,,-2.6
285,합천,2026-01-13 21:00,.3,,.7,250,47,1016.6,1020,,,,0,,-3
285,합천,2026-01-13 22:00,-.1,,1.1,270,49,1017.3,1020.7,,,,0,,-3.4
285,합천,2026-01-13 23:00,-.8,,.8,270,50,1017.8,1021.2,,,,0,,-3.6
285,합천,2026-01-14 00:00,-1.8,,.4,0,58,1018.3,1021.7,,,,0,,-4.2
285,합천,2026-01-14 01:00,-3.6,,.2,0,68,1018.9,1022.3,,,,0,,-4.8
285,합천,2026-01-14 02:00,-4.5,,0,0,75,1019.5,1023,,,,0,,-5.2
285,합천,2026-01-14 03:00,-5.3,,.3,0,78,1020.1,1023.6,,,,0,,-5.5
285,합천,2026-01-14 04:00,-5.9,,.2,0,79,1020.4,1023.9,,,,0,,-5.8
285,합천,2026-01-14 05:00,-6.2,,0,0,85,1020.8,1024.3,,,,0,,-6.1
285,합천,2026-01-14 06:00,-6.8,,.4,0,87,1021.4,1024.9,,,,0,,-6.3
285,합천,2026-01-14 07:00,-6.9,,.2,0,84,1021.8,1025.3,,,,0,,-6.5
285,합천,2026-01-14 08:00,-7.2,,.2,0,86,1022,1025.5,0,,,0,,-6.3
285,합천,2026-01-14 09:00,-5.8,,.6,200,81,1022.2,1025.7,.6,,,0,,-4.6
285,합천,2026-01-14 10:00,-2.2,,.1,0,60,1022.6,1026,1,,,0,,.3
285,합천,2026-01-14 11:00,.1,,.3,0,45,1022.6,1026,1,,,0,,6.6
285,합천,2026-01-14 12:00,3,,.4,0,21,1021.3,1024.7,1,,,0,,10.4
285,합천,2026-01-14 13:00,4.7,,1.2,20,26,1019.8,1023.1,1,,,0,,12.5
285,합천,2026-01-14 14:00,6.5,,1.4,20,26,1019.2,1022.5,1,,,0,,12.5
285,합천,2026-01-14 15:00,7.5,,1.6,50,25,1018.3,1021.6,1,,,0,,10.3
285,합천,2026-01-14 16:00,7.9,,.9,50,24,1018,1021.3,1,,,1,,6.2
285,합천,2026-01-14 17:00,6.7,,.2,0,28,1017.8,1021.1,.2,,,4,,3.8
285,합천,2026-01-14 18:00,5.7,,.3,0,34,1018,1021.3,0,,,0,,2.1
285,합천,2026-01-14 19:00,3.2,,.4,0,42,1018.3,1021.7,,,,0,,-1.1
285,합천,2026-01-14 20:00,.8,,.2,0,62,1018.1,1021.5,,,,8,,-1.8
285,합천,2026-01-14 21:00,.2,,.1,0,60,1017.8,1021.2,,,,6,,-2.1
285,합천,2026-01-14 22:00,-.2,,.1,0,65,1017.4,1020.8,,,,9,,-1.5
285,합천,2026-01-14 23:00,-.6,,.1,0,66,1016.9,1020.3,,,,7,,-2
285,합천,2026-01-15 00:00,-.9,,.4,0,69,1016.4,1019.8,,,,8,,-2
285,합천,2026-01-15 01:00,-1.2,,.4,0,69,1015.7,1019.1,,,,8,,-2.1
285,합천,2026-01-15 02:00,-1.3,,.1,0,71,1015.4,1018.8,,,,8,,-2.2
285,합천,2026-01-15 03:00,-1.1,,.3,0,70,1014.3,1017.7,,,,10,,-1
285,합천,2026-01-15 04:00,-.2,,.1,0,68,1013.9,1017.3,,,,10,,-.4
285,합천,2026-01-15 05:00,.3,,.3,0,68,1013.2,1016.6,,,,10,,-.3
285,합천,2026-01-15 06:00,.5,0,.2,0,70,1012.8,1016.2,,,,9,,-.9
285,합천,2026-01-15 07:00,0,,.4,0,71,1012.6,1016,,,,3,,-1.8
285,합천,2026-01-15 08:00,-.4,,.1,0,75,1012.6,1016,0,,,8,,-1.1
285,합천,2026-01-15 09:00,1.2,,0,0,72,1012.4,1015.8,.2,,,6,,.1
285,합천,2026-01-15 10:00,4.2,,.8,250,67,1012.3,1015.6,.5,,,0,,3.5
285,합천,2026-01-15 11:00,9.7,,.3,0,60,1011,1014.3,1,,,0,,10.9
285,합천,2026-01-15 12:00,14.5,,.7,320,55,1009.8,1013,1,,,0,,16.7
285,합천,2026-01-15 13:00,17.5,,1.7,230,46,1008.4,1011.5,1,,,0,,19.6
285,합천,2026-01-15 14:00,18.3,,2.3,290,38,1008.1,1011.2,1,,,0,,19.8
285,합천,2026-01-15 15:00,17.8,,3.8,250,33,1008.1,1011.2,1,,,0,,17.1
285,합천,2026-01-15 16:00,17.3,,3.5,270,38,1008.3,1011.5,1,,,0,,13.3
285,합천,2026-01-15 17:00,16.4,,2.8,250,42,1009,1012.2,.5,,,0,,9.8
285,합천,2026-01-15 18:00,14.5,,1.3,250,47,1010.2,1013.4,0,,,0,,6.7
285,합천,2026-01-15 19:00,10,,.7,200,59,1011.2,1014.5,,,,0,,3.6
285,합천,2026-01-15 20:00,8.9,,.5,270,54,1012.4,1015.7,,,,0,,2
285,합천,2026-01-15 21:00,7.2,,.8,290,56,1013.1,1016.4,,,,0,,.5
285,합천,2026-01-15 22:00,5.7,,.1,0,58,1013.4,1016.7,,,,0,,-.2
285,합천,2026-01-15 23:00,4.3,,1.3,140,66,1013.9,1017.2,,,,0,,-.9
285,합천,2026-01-16 00:00,2,,.2,0,72,1014.6,1018,,,,0,,-1.8
285,합천,2026-01-16 01:00,.4,,0,0,84,1014.8,1018.2,,,,0,,-2.7
285,합천,2026-01-16 02:00,-.1,,.1,0,80,1015.6,1019,,,,0,,-2.7
285,합천,2026-01-16 03:00,-1.1,,.2,0,85,1016.1,1019.5,,,,0,,-2.9
285,합천,2026-01-16 04:00,-1.8,,0,0,90,1016.2,1019.6,,,,0,,-3.3
285,합천,2026-01-16 05:00,-2.4,,.1,0,87,1016.1,1019.5,,,,0,,-3.5
285,합천,2026-01-16 06:00,-2.5,,1.4,200,86,1016.2,1019.6,,,,0,,-3.4
285,합천,2026-01-16 07:00,-2.9,,.1,0,88,1016.4,1019.8,,,,0,,-3.9
285,합천,2026-01-16 08:00,-3.3,,.6,230,90,1016.9,1020.3,0,,,0,,-3.6
285,합천,2026-01-16 09:00,-1.6,,.7,200,83,1017.1,1020.5,.7,,,0,,-2.1
285,합천,2026-01-16 10:00,1.7,,.3,0,73,1016.8,1020.2,1,,,0,,2.5
285,합천,2026-01-16 11:00,7.2,,.4,0,54,1016.3,1019.6,1,,,0,,9.6
285,합천,2026-01-16 12:00,10.2,,.4,0,39,1015.4,1018.7,1,,,0,,15.8
285,합천,2026-01-16 13:00,13.4,,.6,360,26,1014.4,1017.6,1,,,0,,18.9
285,합천,2026-01-16 14:00,14.8,,.7,110,26,1013.6,1016.8,1,,,0,,19.6
285,합천,2026-01-16 15:00,15.9,,1.5,20,27,1013.2,1016.4,1,,,0,,16.9
285,합천,2026-01-16 16:00,16.6,,.3,0,24,1012.8,1016,1,,,0,,12.5
285,합천,2026-01-16 17:00,15.4,,.9,200,22,1012.8,1016,.5,,,0,,7
285,합천,2026-01-16 18:00,11.7,,1.8,230,30,1013,1016.2,0,,,0,,4.3
285,합천,2026-01-16 19:00,8.1,,.6,270,43,1013.3,1016.6,,,,0,,2.3
285,합천,2026-01-16 20:00,4.8,,.2,0,54,1013.5,1016.8,,,,0,,.8
285,합천,2026-01-16 21:00,3,,.1,0,62,1014,1017.3,,,,0,,-.4
285,합천,2026-01-16 22:00,1.7,,.1,0,67,1014.1,1017.5,,,,0,,-1.2
285,합천,2026-01-16 23:00,.9,,.1,0,72,1014,1017.4,,,,0,,-1.2
285,합천,2026-01-17 00:00,.1,,.3,0,77,1014.4,1017.8,,,,0,,-1.6
285,합천,2026-01-17 01:00,-.8,,0,0,80,1014.3,1017.7,,,,0,,-1.8
285,합천,2026-01-17 02:00,-1,,.6,200,78,1014.9,1018.3,,,,0,,-2.1
285,합천,2026-01-17 03:00,-2,,.3,0,83,1015.1,1018.5,,,,0,,-2.3
285,합천,2026-01-17 04:00,-2.4,,.1,0,83,1015.3,1018.7,,,,0,,-2.6
285,합천,2026-01-17 05:00,-2.5,,.1,0,84,1015.1,1018.5,,,,0,,-2.6
285,합천,2026-01-17 06:00,-2.7,,.1,0,88,1015.2,1018.6,,,,0,,-2.6
285,합천,2026-01-17 07:00,-3,,.2,0,88,1015.7,1019.1,,,,0,,-2.9
285,합천,2026-01-17 08:00,-3.1,,.1,0,91,1016,1019.4,0,,,0,,-2.9
285,합천,2026-01-17 09:00,-1.4,,0,0,81,1016.7,1020.1,.6,,,0,,-1.4
285,합천,2026-01-17 10:00,2.3,,.8,360,68,1017.5,1020.9,1,,,0,,.8
285,합천,2026-01-17 11:00,8,,1,70,61,1017.6,1020.9,1,,,0,,7.9
285,합천,2026-01-17 12:00,9.2,,1.2,140,54,1017,1020.3,1,,,0,,13.3
285,합천,2026-01-17 13:00,11,,1.1,50,47,1015.9,1019.2,1,,,0,,16.7
285,합천,2026-01-17 14:00,11.8,,1.9,70,44,1015.2,1018.4,1,,,0,,17.5
285,합천,2026-01-17 15:00,11.9,,1.2,110,42,1015.2,1018.4,1,,,0,,15.8
285,합천,2026-01-17 16:00,12.4,,1.8,50,41,1014.9,1018.1,1,,,0,,11.4
285,합천,2026-01-17 17:00,11.5,,1.6,50,41,1015.4,1018.6,.5,,,0,,7.2
285,합천,2026-01-17 18:00,8.2,,.5,20,51,1016,1019.3,0,,,0,,3.6
285,합천,2026-01-17 19:00,5.1,,.4,0,63,1016.8,1020.1,,,,0,,1.6
285,합천,2026-01-17 20:00,3,,0,0,77,1017.3,1020.7,,,,0,,.3
285,합천,2026-01-17 21:00,1.8,,.3,0,80,1017.5,1020.9,,,,0,,-.7
285,합천,2026-01-17 22:00,.6,,0,0,83,1017.8,1021.2,,,,0,,-1.4
285,합천,2026-01-17 23:00,-.2,,.2,0,88,1017.6,1021,,,,0,,-1.5
285,합천,2026-01-18 00:00,-1.1,,0,0,88,1017.8,1021.2,,,,0,,-1.8
285,합천,2026-01-18 01:00,-1.5,,.7,230,88,1018.4,1021.8,,,,0,,-1.9
285,합천,2026-01-18 02:00,-2.3,,.1,0,93,1018.7,1022.1,,,,0,,-2.2
285,합천,2026-01-18 03:00,-2.6,,0,0,92,1018.7,1022.1,,,,0,,-2.5
285,합천,2026-01-18 04:00,-3.1,,.1,0,92,1018.6,1022,,,,0,,-2.7
285,합천,2026-01-18 05:00,-3.1,,.2,0,94,1018.7,1022.1,,,,0,,-2.9
285,합천,2026-01-18 06:00,-3.2,,.2,0,94,1019.1,1022.5,,,,2,,-2
285,합천,2026-01-18 07:00,-3.3,,.5,230,94,1019.5,1022.9,,,,0,,-2.9
285,합천,2026-01-18 08:00,-3.4,,.2,0,93,1019.8,1023.2,0,,,0,,-2.7
285,합천,2026-01-18 09:00,-2.2,,.1,0,92,1019.8,1023.2,.5,,,0,,-1.4
285,합천,2026-01-18 10:00,.9,,0,0,81,1019.7,1023.1,1,,,0,,1.3
285,합천,2026-01-18 11:00,4.5,,.2,0,66,1018.9,1022.2,1,,,0,,7.6
285,합천,2026-01-18 12:00,8.4,,.3,0,49,1017.8,1021.1,1,,,0,,13.5
285,합천,2026-01-18 13:00,11.5,,1.1,20,47,1016.1,1019.3,1,,,0,,16.9
285,합천,2026-01-18 14:00,12.9,,1.4,20,45,1015.3,1018.5,1,,,0,,17.8
285,합천,2026-01-18 15:00,13.5,,1.1,70,44,1014.8,1018,1,,,0,,16.1
285,합천,2026-01-18 16:00,13.7,,.5,90,45,1014.9,1018.1,1,,,0,,12.2
285,합천,2026-01-18 17:00,12.5,,.5,90,50,1014.6,1017.8,.5,,,0,,8
285,합천,2026-01-18 18:00,9.1,,.3,0,62,1014.4,1017.7,0,,,0,,4.5
285,합천,2026-01-18 19:00,6.6,,.2,0,74,1016.1,1019.4,,,,0,,3.1
285,합천,2026-01-18 20:00,5,,0,0,79,1016.6,1019.9,,,,0,,1.9
285,합천,2026-01-18 21:00,4.2,,.3,0,82,1016.8,1020.1,,,,0,,1.3
285,합천,2026-01-18 22:00,3.2,,.4,0,86,1017.2,1020.6,,,,0,,.7
285,합천,2026-01-18 23:00,2.6,,.2,0,89,1017.5,1020.9,,,,2,,.5
285,합천,2026-01-19 00:00,1.7,,.1,0,92,1017.3,1020.7,,,,2,,-.2
285,합천,2026-01-19 01:00,1.4,,0,0,92,1016.9,1020.3,,,,0,,-.1
285,합천,2026-01-19 02:00,1.9,,.2,0,92,1016.9,1020.3,,,,8,,1.1
285,합천,2026-01-19 03:00,2,,.3,0,92,1016.9,1020.3,,,,9,,1.4
285,합천,2026-01-19 04:00,2.2,,.1,0,92,1016.1,1019.5,,,,9,,1.6
285,합천,2026-01-19 05:00,2.4,,.1,0,91,1015.7,1019.1,,,,9,,1.7
285,합천,2026-01-19 06:00,2.6,,.4,0,90,1015.8,1019.2,,,,10,,2
285,합천,2026-01-19 07:00,3,,.2,0,90,1016.5,1019.9,,,,9,,2.4
285,합천,2026-01-19 08:00,3.2,,.1,0,90,1016.2,1019.6,,,,10,,2.7
285,합천,2026-01-19 09:00,4.2,,.3,0,86,1017,1020.3,,,,10,,3.6
285,합천,2026-01-19 10:00,6,,.8,70,65,1017.7,1021,,,,9,,5.2
285,합천,2026-01-19 11:00,6.8,,.9,360,52,1017.2,1020.5,,,,10,,6.3
285,합천,2026-01-19 12:00,7.1,,.7,50,50,1016,1019.3,,,,10,,7.2
285,합천,2026-01-19 13:00,6.9,,2.4,70,53,1015.1,1018.4,,,,10,,8.8
285,합천,2026-01-19 14:00,6.3,,1.9,50,58,1014.8,1018.1,,,,10,,8.2
285,합천,2026-01-19 15:00,6.6,,.4,0,58,1015.3,1018.6,,,,10,,7.4
285,합천,2026-01-19 16:00,5.8,,1.9,320,51,1015.3,1018.6,,,,10,,5.3
285,합천,2026-01-19 17:00,5.1,,1.7,290,48,1016.6,1019.9,,,,10,,4.8
285,합천,2026-01-19 18:00,4.3,,1.3,320,46,1017,1020.3,,,,10,,3.5
285,합천,2026-01-19 19:00,3.5,,2.1,320,47,1017.6,1021,,,,10,,2.8
285,합천,2026-01-19 20:00,2.7,,1.4,320,47,1018.4,1021.8,,,,10,,2.3
285,합천,2026-01-19 21:00,2.1,,2,340,39,1018.5,1021.9,,,,10,,1.8
285,합천,2026-01-19 22:00,1.7,,2.1,290,30,1019.2,1022.6,,,,10,,1.2
285,합천,2026-01-19 23:00,.5,,1.1,360,29,1019.3,1022.7,,,,10,,.8
285,합천,2026-01-20 00:00,-.4,,1.7,70,31,1020,1023.4,,,,10,,.2
285,합천,2026-01-20 01:00,-1.3,,1.2,90,36,1020.3,1023.7,,,,10,,-.1
285,합천,2026-01-20 02:00,-1.6,,2.2,90,37,1020.9,1024.3,,,,10,,-.3
285,합천,2026-01-20 03:00,-2.1,,1.4,50,37,1021.4,1024.8,,,,10,,-.5
285,합천,2026-01-20 04:00,-2.4,,1.4,90,34,1021.2,1024.6,,,,10,,-.8
285,합천,2026-01-20 05:00,-2.7,,1.6,110,34,1021.4,1024.8,,,,10,,-.9
285,합천,2026-01-20 06:00,-3,,1.8,70,32,1021.7,1025.1,,,,10,,-1.3
285,합천,2026-01-20 07:00,-3,,1.1,90,31,1022.1,1025.5,,,,10,,-1.3
285,합천,2026-01-20 08:00,-3.5,,1.5,70,30,1022.6,1026.1,0,,,9,,-1.9
285,합천,2026-01-20 09:00,-3.6,,1.4,20,30,1022.9,1026.4,0,,,8,,-1.5
285,합천,2026-01-20 10:00,-1.9,,1.8,50,27,1023.2,1026.6,.6,,,5,,1.2
285,합천,2026-01-20 11:00,-.2,,1.5,90,24,1022.9,1026.3,1,,,2,,9.3
285,합천,2026-01-20 12:00,1.1,,.9,140,22,1022.1,1025.5,1,,,7,,11.7
285,합천,2026-01-20 13:00,3.2,,1.5,70,18,1020.5,1023.9,1,,,5,,14.3
285,합천,2026-01-20 14:00,4.4,,2.8,70,16,1019.5,1022.8,1,,,5,,14.2
285,합천,2026-01-20 15:00,4.7,,2.2,90,15,1018.8,1022.1,1,,,0,,13.1
285,합천,2026-01-20 16:00,5,,2.2,50,11,1019,1022.3,1,,,0,,7.8
285,합천,2026-01-20 17:00,4,,1.9,50,12,1019,1022.3,.6,,,0,,2.6
285,합천,2026-01-20 18:00,1.9,,1.5,70,18,1019.6,1023,0,,,0,,-.1
285,합천,2026-01-20 19:00,-.7,,.7,90,28,1020.3,1023.7,,,,0,,-2.2
285,합천,2026-01-20 20:00,-2.1,,.6,90,35,1020.9,1024.3,,,,0,,-2.8
285,합천,2026-01-20 21:00,-3.4,,.3,0,46,1021.1,1024.6,,,,0,,-3.5
285,합천,2026-01-20 22:00,-4.4,,.5,20,51,1021.3,1024.8,,,,0,,-4
285,합천,2026-01-20 23:00,-4.9,,.9,50,54,1021.4,1024.9,,,,3,,-4.2
285,합천,2026-01-21 00:00,-5.7,,0,0,50,1021.6,1025.1,,,,3,,-5
285,합천,2026-01-21 01:00,-6.7,,.6,50,57,1021.3,1024.8,,,,4,,-5.3
285,합천,2026-01-21 02:00,-7,,.4,0,56,1022.1,1025.6,,,,0,,-5.7
285,합천,2026-01-21 03:00,-5.9,,1,360,48,1022.6,1026.1,,,,3,,-6
285,합천,2026-01-21 04:00,-4.3,,1.4,320,34,1022.5,1026,,,,8,,-5.6
285,합천,2026-01-21 05:00,-4.9,,.9,290,39,1022.4,1025.9,,,,3,,-5.9
285,합천,2026-01-21 06:00,-8.2,,.5,70,64,1022.2,1025.7,,,,0,,-6.5
285,합천,2026-01-21 07:00,-8.6,,.8,50,64,1022,1025.5,,,,0,,-6.8
285,합천,2026-01-21 08:00,-9.1,,.4,0,70,1022,1025.5,0,,,0,,-6.8
285,합천,2026-01-21 09:00,-7,,.2,0,61,1022,1025.5,.8,,,0,,-5.7
285,합천,2026-01-21 10:00,-2.7,,2,270,40,1021.8,1025.2,1,,,0,,-.5
285,합천,2026-01-21 11:00,-1.1,,2.3,320,27,1021.5,1024.9,1,,,0,,5.8
285,합천,2026-01-21 12:00,-.1,,2.7,320,22,1020.7,1024.1,1,,,0,,9.9
285,합천,2026-01-21 13:00,.1,,2.9,360,21,1020.1,1023.5,1,,,0,,11.4
285,합천,2026-01-21 14:00,1.2,,2.3,360,22,1019.6,1023,1,,,0,,12.4
285,합천,2026-01-21 15:00,.8,,2.5,320,22,1019.6,1023,1,,,0,,10.1
285,합천,2026-01-21 16:00,.5,,3.3,320,22,1020.3,1023.7,1,,,0,,5
285,합천,2026-01-21 17:00,-.3,,3.1,340,24,1020.6,1024,.6,,,0,,-.4
285,합천,2026-01-21 18:00,-1.5,,2.7,320,26,1021.2,1024.6,0,,,0,,-2.6
285,합천,2026-01-21 19:00,-2.5,,1.7,290,30,1022.3,1025.7,,,,0,,-3.3
285,합천,2026-01-21 20:00,-3.2,,2.7,320,30,1023,1026.5,,,,0,,-3.8
285,합천,2026-01-21 21:00,-3.6,,3.4,340,28,1023.1,1026.6,,,,0,,-4.1
285,합천,2026-01-21 22:00,-4.2,,1.4,320,28,1023.2,1026.7,,,,0,,-4.9
285,합천,2026-01-21 23:00,-4.7,,1.1,290,30,1023.3,1026.8,,,,0,,-5.2
285,합천,2026-01-22 00:00,-5.2,,2.1,340,33,1023.3,1026.8,,,,0,,-5.7
285,합천,2026-01-22 01:00,-5.6,,1.6,320,36,1023.3,1026.8,,,,0,,-5.8
285,합천,2026-01-22 02:00,-6.1,,1.1,270,40,1023.7,1027.2,,,,0,,-6.2
285,합천,2026-01-22 03:00,-6.6,,.7,270,43,1023.4,1026.9,,,,0,,-6.7
285,합천,2026-01-22 04:00,-6.4,,1.1,290,38,1023,1026.5,,,,0,,-6.8
285,합천,2026-01-22 05:00,-6.4,,1.4,270,36,1022.7,1026.2,,,,0,,-7
285,합천,2026-01-22 06:00,-6.2,,1.8,270,36,1022.4,1025.9,,,,0,,-7
285,합천,2026-01-22 07:00,-6.3,,1.7,270,34,1022.6,1026.1,,,,0,,-7.1
285,합천,2026-01-22 08:00,-10,,1.1,20,60,1023,1026.5,0,,,0,,-7.6
285,합천,2026-01-22 09:00,-8.1,,.5,50,53,1023.6,1027.1,.8,,,0,,-6.7
285,합천,2026-01-22 10:00,-4.5,,1.1,50,35,1024.1,1027.6,1,,,0,,-1
285,합천,2026-01-22 11:00,-2.4,,4.6,360,18,1024.4,1027.8,1,,,0,,4.6
285,합천,2026-01-22 12:00,-1.5,,3.2,320,18,1023.8,1027.2,1,,,0,,8.4
285,합천,2026-01-22 13:00,-.7,,3.8,340,17,1022.7,1026.1,1,,,0,,10.9
285,합천,2026-01-22 14:00,-.1,,2.9,340,18,1022.1,1025.5,1,,,0,,11.5
285,합천,2026-01-22 15:00,0,,2.5,360,20,1021.9,1025.3,1,,,0,,9.7
285,합천,2026-01-22 16:00,.7,,2.4,320,20,1021.7,1025.1,1,,,0,,4.8
285,합천,2026-01-22 17:00,.1,,1.9,290,22,1021.8,1025.2,.7,,,0,,-1.1
285,합천,2026-01-22 18:00,-1.3,,.7,70,27,1021.8,1025.2,0,,,0,,-3.4
285,합천,2026-01-22 19:00,-2.8,,.7,20,31,1022.2,1025.6,,,,0,,-4.3
285,합천,2026-01-22 20:00,-3.5,,.7,230,38,1022.6,1026.1,,,,0,,-4.9
285,합천,2026-01-22 21:00,-4.7,,.6,160,44,1023.1,1026.6,,,,0,,-5.4
285,합천,2026-01-22 22:00,-5.5,,.5,250,48,1023.3,1026.8,,,,0,,-5.9
285,합천,2026-01-22 23:00,-6.7,,.6,230,54,1023.6,1027.1,,,,0,,-6.3
285,합천,2026-01-23 00:00,-7.1,,.7,230,56,1023.7,1027.2,,,,0,,-6.5
285,합천,2026-01-23 01:00,-7.6,,.5,230,56,1023.7,1027.2,,,,0,,-6.6
285,합천,2026-01-23 02:00,-8.2,,.3,0,59,1023.7,1027.2,,,,0,,-7
285,합천,2026-01-23 03:00,-9,,0,0,73,1024.1,1027.6,,,,0,,-7.4
285,합천,2026-01-23 04:00,-9.5,,.1,0,79,1023.9,1027.4,,,,0,,-7.6
285,합천,2026-01-23 05:00,-9.9,,0,0,76,1023.7,1027.2,,,,0,,-7.6
285,합천,2026-01-23 06:00,-10.3,,0,0,80,1023.8,1027.4,,,,0,,-7.9
285,합천,2026-01-23 07:00,-10.4,,.3,0,81,1024.3,1027.9,,,,0,,-7.9
285,합천,2026-01-23 08:00,-10.4,,.1,0,78,1024.5,1028.1,0,,,0,,-7.6
285,합천,2026-01-23 09:00,-8.8,,.3,0,79,1024.6,1028.1,.8,,,0,,-5.7
285,합천,2026-01-23 10:00,-5.3,,.3,0,61,1024.7,1028.2,1,,,3,,-.5
285,합천,2026-01-23 11:00,-1,,.4,0,48,1024.4,1027.8,1,,,4,,6.3
285,합천,2026-01-23 12:00,2.4,,.7,70,41,1023.3,1026.7,1,,,4,,11.3
285,합천,2026-01-23 13:00,3.2,,1.3,110,39,1022.1,1025.5,.7,,,4,,10.5
285,합천,2026-01-23 14:00,4.9,,2.8,320,34,1021.1,1024.4,.8,,,4,,11.2
285,합천,2026-01-23 15:00,4.9,,1.8,320,36,1021,1024.3,.8,,,7,,8.3
285,합천,2026-01-23 16:00,4.4,,1.5,290,40,1020.6,1024,.1,,,8,,4.9
285,합천,2026-01-23 17:00,4.2,,1.4,250,44,1020.5,1023.9,.6,,,7,,3.5
285,합천,2026-01-23 18:00,2.5,,1.7,250,55,1020.7,1024.1,0,,,5,,-.1
285,합천,2026-01-23 19:00,1.2,,1,230,64,1020.7,1024.1,,,,3,,-2.3
285,합천,2026-01-23 20:00,-.1,,.1,0,70,1020.8,1024.2,,,,5,,-2.7
285,합천,2026-01-23 21:00,-.9,,.2,0,74,1020.7,1024.1,,,,6,,-2.2
285,합천,2026-01-23 22:00,-1.4,,.2,0,78,1020.8,1024.2,,,,0,,-2.7
285,합천,2026-01-23 23:00,-2.2,,.4,0,82,1020.5,1023.9,,,,0,,-3.4
285,합천,2026-01-24 00:00,-3,,.2,0,82,1020,1023.4,,,,0,,-4.2
285,합천,2026-01-24 01:00,-4,,.3,0,85,1019.3,1022.8,,,,0,,-4.7
285,합천,2026-01-24 02:00,-4.4,,.2,0,90,1019.1,1022.6,,,,0,,-4.9
285,합천,2026-01-24 03:00,-4.2,,.7,50,88,1018.6,1022.1,,,,0,,-4.8
285,합천,2026-01-24 04:00,-4.3,,.4,0,89,1018.1,1021.6,,,,0,,-4.9
285,합천,2026-01-24 05:00,.3,,1.6,290,71,1018,1021.4,,,,6,,-3.2
285,합천,2026-01-24 06:00,1.3,,.4,0,64,1018.2,1021.6,,,,5,,-4
285,합천,2026-01-24 07:00,.9,,.6,290,67,1019,1022.4,,,,6,,-3.3
285,합천,2026-01-24 08:00,.8,,2.6,290,49,1019.8,1023.2,0,,,0,,-3.2
285,합천,2026-01-24 09:00,.7,,1.9,360,44,1020.6,1024,.8,,,0,,-2.5
285,합천,2026-01-24 10:00,1.6,,1.5,110,26,1021.3,1024.7,1,,,0,,1.9
285,합천,2026-01-24 11:00,2.8,,2.1,290,14,1021.6,1025,1,,,0,,8.6
285,합천,2026-01-24 12:00,3.7,,1.8,340,14,1021.4,1024.8,1,,,0,,12.6
285,합천,2026-01-24 13:00,3.8,,2.6,270,16,1020.7,1024.1,1,,,0,,14.9
285,합천,2026-01-24 14:00,3.8,,3.4,340,17,1020.2,1023.6,1,,,0,,14
285,합천,2026-01-24 15:00,3.5,,2.9,340,18,1019.9,1023.3,1,,,0,,11.8
285,합천,2026-01-24 16:00,3.4,,1.9,320,20,1019.8,1023.2,1,,,0,,7.6
285,합천,2026-01-24 17:00,2.3,,2.3,340,21,1020.2,1023.6,.7,,,0,,1
285,합천,2026-01-24 18:00,.9,,.6,340,24,1020.8,1024.2,0,,,0,,-2
285,합천,2026-01-24 19:00,-1.5,,0,0,32,1021.8,1025.2,,,,0,,-3.9
285,합천,2026-01-24 20:00,-.1,,1.1,320,32,1022.4,1025.8,,,,0,,-3.9
285,합천,2026-01-24 21:00,-.7,,1.2,320,35,1023,1026.4,,,,0,,-3.8
285,합천,2026-01-24 22:00,-1.2,,.7,290,39,1023.6,1027,,,,0,,-4.4
285,합천,2026-01-24 23:00,-1.4,,.8,270,39,1023.8,1027.2,,,,0,,-4.4
285,합천,2026-01-25 00:00,-1.2,,1.7,360,44,1023.8,1027.2,,,,0,,-4.1
285,합천,2026-01-25 01:00,-2.9,,1,230,50,1023.6,1027.1,,,,5,,-3.9
285,합천,2026-01-25 02:00,-2.8,,.5,250,54,1023.8,1027.3,,,,8,,-2.9
285,합천,2026-01-25 03:00,-2.6,,.7,20,57,1024.1,1027.6,,,,0,,-4.6
285,합천,2026-01-25 04:00,-.9,,1.9,340,42,1024.5,1027.9,,,,0,,-4.3
285,합천,2026-01-25 05:00,-1.6,,1.2,320,32,1024.5,1027.9,,,,0,,-5
285,합천,2026-01-25 06:00,-1.9,,1.8,320,34,1024.7,1028.1,,,,0,,-5.1
285,합천,2026-01-25 07:00,-2.5,,1.1,290,34,1024.9,1028.4,,,,0,,-5.8
285,합천,2026-01-25 08:00,-4.4,,.9,360,46,1025.8,1029.3,0,,,0,,-6
285,합천,2026-01-25 09:00,-3.1,,.5,20,40,1025.9,1029.4,.8,,,0,,-5
285,합천,2026-01-25 10:00,-1.1,,1.5,90,30,1026.2,1029.6,1,,,0,,.6
285,합천,2026-01-25 11:00,.7,,1.7,20,25,1026,1029.4,1,,,0,,8.1
285,합천,2026-01-25 12:00,2.3,,.6,140,19,1025.6,1029,1,,,0,,12.8
285,합천,2026-01-25 13:00,3.7,,.7,90,17,1024.6,1028,1,,,0,,15.6
285,합천,2026-01-25 14:00,5.6,,1.5,270,15,1024,1027.3,1,,,0,,16
285,합천,2026-01-25 15:00,6,,1.7,250,14,1023.5,1026.8,1,,,0,,14.4
285,합천,2026-01-25 16:00,6.3,,1.3,340,11,1023.3,1026.6,1,,,5,,8.3
285,합천,2026-01-25 17:00,5.4,,1.2,290,12,1023.5,1026.8,.8,,,5,,2.5
285,합천,2026-01-25 18:00,2.9,,.2,0,20,1024.4,1027.8,0,,,5,,-1.1
285,합천,2026-01-25 19:00,-.2,,.5,90,31,1025,1028.4,,,,4,,-3.4
285,합천,2026-01-25 20:00,-1.7,,.2,0,35,1025.4,1028.8,,,,0,,-4.1
285,합천,2026-01-25 21:00,-3.6,,.3,0,48,1025.8,1029.3,,,,0,,-4.8
285,합천,2026-01-25 22:00,-4.4,,.3,0,54,1025.9,1029.4,,,,0,,-5.2
285,합천,2026-01-25 23:00,-5,,.1,0,51,1025.8,1029.3,,,,10,,-5.5
285,합천,2026-01-26 00:00,-6.1,,.2,0,54,1026.1,1029.6,,,,0,,-6.1
285,합천,2026-01-26 01:00,-6.8,,.7,20,63,1025.7,1029.2,,,,10,,-6.1
285,합천,2026-01-26 02:00,-7.2,,0,0,71,1025.5,1029,,,,10,,-6.7
285,합천,2026-01-26 03:00,-7.5,,.8,200,68,1025.9,1029.4,,,,10,,-6.5
285,합천,2026-01-26 04:00,-8,,0,0,68,1025.6,1029.1,,,,10,,-6.9
285,합천,2026-01-26 05:00,-8.4,,.1,0,76,1025.3,1028.8,,,,10,,-7.2
285,합천,2026-01-26 06:00,-8.9,,.2,0,77,1025.3,1028.8,,,,10,,-7.4
285,합천,2026-01-26 07:00,-9.2,,.3,0,75,1026.2,1029.7,,,,10,,-7.5
285,합천,2026-01-26 08:00,-9.2,,.2,0,80,1025.6,1029.1,0,,,10,,-6.8
285,합천,2026-01-26 09:00,-7.3,,.2,0,71,1025,1028.5,.6,,,10,,-3.9
285,합천,2026-01-26 10:00,-3.9,,.4,0,56,1024.8,1028.3,.7,,,9,,.5
285,합천,2026-01-26 11:00,-.2,,.5,20,36,1024.1,1027.5,.9,,,3,,7.9
285,합천,2026-01-26 12:00,1.5,,.6,20,31,1022.8,1026.2,.3,,,8,,8
285,합천,2026-01-26 13:00,2.3,,.7,50,29,1021,1024.4,0,,,10,,5.8
285,합천,2026-01-26 14:00,3.3,,.4,0,27,1019.9,1023.3,0,,,10,,5.9
285,합천,2026-01-26 15:00,3.5,,.7,360,27,1019.6,1023,0,,,10,,4.7
285,합천,2026-01-26 16:00,3.7,,.9,90,26,1019,1022.4,0,,,10,,3.9
285,합천,2026-01-26 17:00,3.6,,.6,20,27,1019.1,1022.5,0,,,10,,2.2
285,합천,2026-01-26 18:00,2.8,,.4,0,31,1019,1022.4,0,,,10,,0
285,합천,2026-01-26 19:00,1.3,,.3,0,39,1019.4,1022.8,,,,10,,-1
285,합천,2026-01-26 20:00,.5,,.4,0,43,1019.6,1023,,,,10,,-1.3
285,합천,2026-01-26 21:00,-.1,,.1,0,48,1019.8,1023.2,,,,10,,-1.7
285,합천,2026-01-26 22:00,-.5,,.2,0,49,1020,1023.4,,,,10,,-1.7
285,합천,2026-01-26 23:00,-.7,,0,0,53,1019.8,1023.2,,,,10,,-1.6
285,합천,2026-01-27 00:00,-.9,,.3,0,51,1019.9,1023.3,,,,10,,-2
285,합천,2026-01-27 01:00,-1.4,,.2,0,57,1019.9,1023.3,,,,10,,-2.3
285,합천,2026-01-27 02:00,-1.5,,.3,0,56,1019.7,1023.1,,,,9,,-2.8
285,합천,2026-01-27 03:00,-2.6,,.5,50,63,1019.5,1022.9,,,,9,,-3.7
285,합천,2026-01-27 04:00,-3.4,,0,0,62,1019.1,1022.5,,,,0,,-4.6
285,합천,2026-01-27 05:00,-4.4,,.3,0,72,1019.3,1022.8,,,,0,,-5
285,합천,2026-01-27 06:00,-4.9,,.1,0,76,1019.8,1023.3,,,,0,,-5.2
285,합천,2026-01-27 07:00,-5.3,,.3,0,77,1020.2,1023.7,,,,0,,-5.6
285,합천,2026-01-27 08:00,-5.1,,.4,0,78,1020.9,1024.4,0,,,0,,-5.2
285,합천,2026-01-27 09:00,-2,,.2,0,71,1021.3,1024.7,.9,,,0,,-3.5
285,합천,2026-01-27 10:00,2.1,,1.4,160,45,1021.3,1024.7,1,,,0,,2.6
285,합천,2026-01-27 11:00,3.2,,.8,110,40,1021.4,1024.8,1,,,0,,9.2
285,합천,2026-01-27 12:00,4,,1,140,33,1020.6,1024,1,,,0,,13.9
285,합천,2026-01-27 13:00,6.2,,2.8,340,18,1019.3,1022.6,1,,,0,,15.7
285,합천,2026-01-27 14:00,6.8,,3,320,15,1018.8,1022.1,1,,,0,,16.5
285,합천,2026-01-27 15:00,6.6,,2.7,290,15,1018.6,1021.9,1,,,0,,14.6
285,합천,2026-01-27 16:00,6.1,,3.1,320,17,1018.8,1022.1,1,,,0,,8.4
285,합천,2026-01-27 17:00,5.4,,2.5,320,17,1019,1022.3,.8,,,0,,2.8
285,합천,2026-01-27 18:00,3.3,,.7,270,21,1019.8,1023.2,0,,,0,,-.5
285,합천,2026-01-27 19:00,.4,,.6,110,37,1020.6,1024,,,,0,,-3.1
285,합천,2026-01-27 20:00,-.8,,.2,0,35,1021.1,1024.5,,,,4,,-4
285,합천,2026-01-27 21:00,-.2,,1.4,290,32,1021.5,1024.9,,,,3,,-3.5
285,합천,2026-01-27 22:00,0,,1.3,270,39,1021.8,1025.2,,,,8,,-3.4
285,합천,2026-01-27 23:00,-.3,,1.9,250,41,1022.4,1025.8,,,,9,,-2.9
285,합천,2026-01-28 00:00,-.5,,1.1,230,38,1022.7,1026.1,,,,10,,-2.5
285,합천,2026-01-28 01:00,-.7,,1.1,230,38,1022.7,1026.1,,,,10,,-2.3
285,합천,2026-01-28 02:00,-1.6,,.7,290,43,1023,1026.4,,,,10,,-2.7
285,합천,2026-01-28 03:00,-2.2,,.6,50,49,1023,1026.4,,,,10,,-2.7
285,합천,2026-01-28 04:00,-2.7,,.4,0,49,1022.9,1026.3,,,,10,,-2.8
285,합천,2026-01-28 05:00,-3,,.2,0,50,1023.2,1026.7,,,,10,,-3.3
285,합천,2026-01-28 06:00,-3.9,,.5,20,56,1023.8,1027.3,,,,9,,-3.8
285,합천,2026-01-28 07:00,-4.2,,.7,20,57,1024.4,1027.9,,,,9,,-4.8
285,합천,2026-01-28 08:00,-5.4,,.7,50,62,1024.9,1028.4,0,,,9,,-5.3
285,합천,2026-01-28 09:00,-5.6,,.5,50,64,1025,1028.5,0,,,8,,-4.5
285,합천,2026-01-28 10:00,-4.3,,.4,0,61,1025.1,1028.6,.2,,,6,,-1.7
285,합천,2026-01-28 11:00,.5,,.7,140,31,1024.7,1028.1,1,,,0,,8.4
285,합천,2026-01-28 12:00,2.9,,1.3,50,20,1023.6,1027,1,,,1,,13.3
285,합천,2026-01-28 13:00,4,,.9,180,17,1022.4,1025.8,1,,,0,,16.5
285,합천,2026-01-28 14:00,5.9,,2,290,13,1021.8,1025.1,1,,,0,,17.2
285,합천,2026-01-28 15:00,5.2,,2.6,290,13,1021.9,1025.2,1,,,0,,14.2
285,합천,2026-01-28 16:00,4.7,,2.8,320,14,1022.5,1025.9,1,,,0,,8.1
285,합천,2026-01-28 17:00,4.2,,1.7,320,14,1022.7,1026.1,.9,,,0,,2.3
285,합천,2026-01-28 18:00,2.9,,1.5,290,17,1023.5,1026.9,0,,,0,,-.6
285,합천,2026-01-28 19:00,1.4,,.6,270,20,1023.9,1027.3,,,,0,,-2.7
285,합천,2026-01-28 20:00,-.1,,.6,90,29,1024.2,1027.6,,,,0,,-3.3
285,합천,2026-01-28 21:00,-.3,,.3,0,25,1024.5,1027.9,,,,0,,-3.8
285,합천,2026-01-28 22:00,-.3,,.6,140,29,1024.9,1028.3,,,,0,,-4.1
285,합천,2026-01-28 23:00,-2.4,,.2,0,36,1025.5,1029,,,,0,,-4.8
285,합천,2026-01-29 00:00,-1.4,,.9,230,32,1025.7,1029.1,,,,0,,-4.7
285,합천,2026-01-29 01:00,-1.7,,.3,0,35,1025.5,1028.9,,,,0,,-4.9
285,합천,2026-01-29 02:00,-5.1,,.7,70,44,1026,1029.5,,,,0,,-5.3
285,합천,2026-01-29 03:00,-6.1,,.3,0,54,1026.1,1029.6,,,,0,,-5.7
285,합천,2026-01-29 04:00,-6.5,,.4,0,56,1026.2,1029.7,,,,0,,-5.9
285,합천,2026-01-29 05:00,-7.1,,.6,360,61,1025.8,1029.3,,,,0,,-6
285,합천,2026-01-29 06:00,-7,,.2,0,63,1025.8,1029.3,,,,0,,-6.4
285,합천,2026-01-29 07:00,-7.5,,.3,0,69,1026.2,1029.7,,,,0,,-6.6
285,합천,2026-01-29 08:00,-7.8,,.1,0,71,1026.5,1030,0,,,0,,-6.1
285,합천,2026-01-29 09:00,-6.1,,.3,0,65,1027.1,1030.6,.8,,,0,,-3.9
285,합천,2026-01-29 10:00,-2.5,,.1,0,50,1027.1,1030.6,1,,,5,,1.6
285,합천,2026-01-29 11:00,.2,,.4,0,44,1026.8,1030.2,1,,,6,,6.9
285,합천,2026-01-29 12:00,3.6,,1,160,42,1025.5,1028.9,1,,,4,,12.4
285,합천,2026-01-29 13:00,5.4,,2.1,290,32,1024.5,1027.9,1,,,4,,14.7
285,합천,2026-01-29 14:00,5,,3.7,290,28,1024,1027.4,1,,,2,,13.7
285,합천,2026-01-29 15:00,4.9,,4.5,340,27,1023.6,1027,1,,,0,,11.3
285,합천,2026-01-29 16:00,5.3,,2,320,24,1023.7,1027,1,,,0,,7.2
285,합천,2026-01-29 17:00,4.6,,2.1,290,24,1023.8,1027.2,.9,,,0,,2.3
285,합천,2026-01-29 18:00,3,,1.2,340,29,1024.5,1027.9,0,,,0,,-.8
285,합천,2026-01-29 19:00,2.1,,.9,320,31,1024.8,1028.2,,,,0,,-2.3
285,합천,2026-01-29 20:00,1,,1,320,37,1025.2,1028.6,,,,0,,-3.2
285,합천,2026-01-29 21:00,-1.2,,.7,250,46,1025.1,1028.5,,,,0,,-3.8
285,합천,2026-01-29 22:00,-2.8,,1.3,230,55,1025.5,1029,,,,3,,-4.4
285,합천,2026-01-29 23:00,-2.8,,.7,180,58,1025.7,1029.2,,,,4,,-4.6
285,합천,2026-01-30 00:00,-4.2,,.1,0,64,1025.5,1029,,,,4,,-5.3
285,합천,2026-01-30 01:00,-4.3,,.8,230,56,1025.2,1028.7,,,,4,,-5.3
285,합천,2026-01-30 02:00,-3,,.9,140,49,1025.8,1029.3,,,,4,,-5.5
285,합천,2026-01-30 03:00,-4.1,,.2,0,55,1026.5,1030,,,,8,,-5.7
285,합천,2026-01-30 04:00,-4.9,,.1,0,55,1026.4,1029.9,,,,4,,-6.3
285,합천,2026-01-30 05:00,-5.1,,.9,230,61,1026.7,1030.2,,,,4,,-6.4
285,합천,2026-01-30 06:00,-3.8,,.6,270,42,1027.3,1030.8,,,,8,,-5.9
285,합천,2026-01-30 07:00,-3.5,,1.7,290,36,1027.5,1031,,,,9,,-5.1
285,합천,2026-01-30 08:00,-4.4,,.4,0,37,1027.6,1031.1,0,,,9,,-5.4
285,합천,2026-01-30 09:00,-4.8,,.5,50,44,1027.5,1031,.1,,,8,,-4.3
285,합천,2026-01-30 10:00,-4,,1.5,50,33,1027.4,1030.9,.2,,,8,,-1.4
285,합천,2026-01-30 11:00,-2.4,,.5,110,29,1027.1,1030.6,.5,,,9,,3.6
285,합천,2026-01-30 12:00,-1,,1.3,20,26,1026.1,1029.5,.1,,,9,,5.1
285,합천,2026-01-30 13:00,.7,,1.3,70,23,1024.9,1028.3,.5,,,10,,7.7
285,합천,2026-01-30 14:00,2.1,,1,70,21,1024.1,1027.5,.5,,,8,,9.5
285,합천,2026-01-30 15:00,2.6,,1.4,70,19,1023.5,1026.9,.7,,,8,,7.7
285,합천,2026-01-30 16:00,3,,1,110,20,1023.5,1026.9,1,,,4,,4.6
285,합천,2026-01-30 17:00,2.9,,.7,140,21,1023.6,1027,.9,,,2,,-.1
285,합천,2026-01-30 18:00,.5,,.3,0,29,1024.1,1027.5,0,,,2,,-3.2
285,합천,2026-01-30 19:00,-1.9,,.2,0,38,1024.5,1027.9,,,,3,,-4.5
285,합천,2026-01-30 20:00,-3.4,,.1,0,49,1025.2,1028.7,,,,7,,-5
285,합천,2026-01-30 21:00,-4.2,,.2,0,46,1024.8,1028.3,,,,4,,-5.5
285,합천,2026-01-30 22:00,-5.5,,0,0,64,1025.1,1028.6,,,,4,,-5.9
285,합천,2026-01-30 23:00,-6,,0,0,57,1025.2,1028.7,,,,4,,-6.1
285,합천,2026-01-31 00:00,-6.7,,0,0,67,1024.9,1028.4,,,,10,,-6.2
285,합천,2026-01-31 01:00,-7,,.2,0,58,1025,1028.5,,,,8,,-6.4
285,합천,2026-01-31 02:00,-7.6,,.4,0,63,1025.1,1028.6,,,,4,,-6.8
285,합천,2026-01-31 03:00,-8.1,,.3,0,74,1025.2,1028.7,,,,9,,-6.6
285,합천,2026-01-31 04:00,-8.2,,.2,0,72,1025.1,1028.6,,,,10,,-6.4
285,합천,2026-01-31 05:00,-8,,.1,0,76,1024.6,1028.1,,,,10,,-5.8
285,합천,2026-01-31 06:00,-8.3,,.1,0,76,1024.4,1027.9,,,,10,,-6.5
285,합천,2026-01-31 07:00,-8.3,,0,0,74,1024.6,1028.1,,,,10,,-6.7
285,합천,2026-01-31 08:00,-7.8,,.2,0,70,1025.2,1028.7,0,,,10,,-6.4
285,합천,2026-01-31 09:00,-6.1,,.2,0,69,1025.1,1028.6,.9,,,4,,-5
285,합천,2026-01-31 10:00,-2.2,,.4,0,43,1025.1,1028.5,1,,,1,,2.1
285,합천,2026-01-31 11:00,.6,,.5,270,30,1024.7,1028.1,1,,,0,,8.8
285,합천,2026-01-31 12:00,3.1,,1.2,70,22,1023.8,1027.2,1,,,0,,13.4
285,합천,2026-01-31 13:00,5.8,,1.6,70,18,1022.4,1025.7,1,,,0,,15.8
285,합천,2026-01-31 14:00,7,,.9,360,15,1021.3,1024.6,1,,,0,,17
285,합천,2026-01-31 15:00,7,,1.2,90,13,1020.7,1024,1,,,0,,14.8
285,합천,2026-01-31 16:00,7.5,,2,340,15,1020.6,1023.9,1,,,0,,9.2
285,합천,2026-01-31 17:00,6.3,,1.1,270,18,1020.8,1024.1,.9,,,2,,2.8
285,합천,2026-01-31 18:00,4.5,,1,290,23,1021.1,1024.5,0,,,6,,-.4
285,합천,2026-01-31 19:00,2.9,,.7,270,26,1021.6,1025,,,,6,,-2.6
285,합천,2026-01-31 20:00,1.7,,1.1,290,30,1021.9,1025.3,,,,5,,-3.1
285,합천,2026-01-31 21:00,-.4,,.1,0,41,1022.4,1025.8,,,,6,,-3.7
285,합천,2026-01-31 22:00,-.6,,.3,0,45,1023.1,1026.5,,,,6,,-4.1
285,합천,2026-01-31 23:00,-2.8,,0,0,55,1023.6,1027.1,,,,0,,-5
285,합천,2026-02-01 00:00,-2.9,,.3,0,55,1023.9,1027.4,,,,0,,-5.2
285,합천,2026-02-01 01:00,-4,,0,0,63,1023.8,1027.3,,,,0,,-5.1
285,합천,2026-02-01 02:00,-4.6,,.1,0,66,1023.2,1026.7,,,,0,,-5.6
285,합천,2026-02-01 03:00,-4.9,,.2,0,69,1022.9,1026.4,,,,6,,-4.5
285,합천,2026-02-01 04:00,-4.9,,.1,0,72,1022.3,1025.8,,,,0,,-4.3
285,합천,2026-02-01 05:00,-4.4,,.2,0,72,1021.9,1025.4,,,,9,,-2.9
285,합천,2026-02-01 06:00,-4,,.1,0,68,1021.8,1025.3,,,,8,,-2.8
285,합천,2026-02-01 07:00,-4.5,,.4,0,72,1022.1,1025.6,,,,6,,-4
285,합천,2026-02-01 08:00,-5.1,,.4,0,77,1022.4,1025.9,0,,,0,,-4.7
285,합천,2026-02-01 09:00,-3.4,,.2,0,68,1023,1026.5,.7,,,0,,-2.9
285,합천,2026-02-01 10:00,.4,,.5,110,49,1023.5,1026.9,1,,,4,,3.8
285,합천,2026-02-01 11:00,2.6,,1.1,90,45,1023.4,1026.8,1,,,2,,9.4
285,합천,2026-02-01 12:00,3.8,,.7,270,39,1022.7,1026.1,1,,,0,,14.1
285,합천,2026-02-01 13:00,5.1,,1.4,340,23,1021.7,1025,1,,,0,,16.7
285,합천,2026-02-01 14:00,5.9,,1.6,320,20,1020.6,1023.9,1,,,0,,17.1
285,합천,2026-02-01 15:00,6.6,,1.4,340,20,1020.2,1023.5,1,,,0,,15.3
285,합천,2026-02-01 16:00,7,,1.7,270,21,1019.9,1023.2,1,,,0,,10.3
285,합천,2026-02-01 17:00,6.2,,1.2,290,22,1020,1023.3,1,,,0,,3.8
285,합천,2026-02-01 18:00,4.5,,1.1,270,27,1020.8,1024.1,0,,,0,,.5
285,합천,2026-02-01 19:00,3.1,,1,270,31,1021.9,1025.3,,,,0,,-1.3
285,합천,2026-02-01 20:00,.5,,.6,250,40,1022.4,1025.8,,,,0,,-3.1
285,합천,2026-02-01 21:00,-.9,,.7,250,47,1022.9,1026.3,,,,0,,-3.6
285,합천,2026-02-01 22:00,-2.4,,.1,0,53,1023.4,1026.8,,,,0,,-4.1
285,합천,2026-02-01 23:00,-3,,.4,0,54,1023.5,1027,,,,0,,-4.5
285,합천,2026-02-02 00:00,-4.4,,.1,0,61,1023.6,1027.1,,,,0,,-5.1
285,합천,2026-02-02 01:00,-4.7,,.1,0,63,1023.2,1026.7,,,,0,,-5.3
285,합천,2026-02-02 02:00,-4.9,,.4,0,66,1023,1026.5,,,,0,,-5.2
285,합천,2026-02-02 03:00,-5.7,,.1,0,69,1022.6,1026.1,,,,0,,-5.5
285,합천,2026-02-02 04:00,-6.2,,.3,0,74,1021.4,1024.9,,,,0,,-5.7
285,합천,2026-02-02 05:00,-5.8,,.1,0,76,1021.3,1024.8,,,,7,,-3.6
285,합천,2026-02-02 06:00,-4.4,,.5,200,72,1021.1,1024.6,,,,10,,-2.5
285,합천,2026-02-02 07:00,-3.7,,.1,0,73,1021.2,1024.7,,,,7,,-2.1
285,합천,2026-02-02 08:00,-2.5,,.1,0,78,1021.9,1025.3,0,,,9,,-1.7
285,합천,2026-02-02 09:00,-1.6,,.5,290,79,1022.1,1025.5,.3,,,5,,-.5
285,합천,2026-02-02 10:00,.3,,.3,0,70,1022.4,1025.8,.9,,,6,,3.7
285,합천,2026-02-02 11:00,3.7,,1.8,270,40,1022.2,1025.6,.9,,,6,,11.4
285,합천,2026-02-02 12:00,4.1,,2.3,320,32,1021.8,1025.2,.7,,,4,,12.6
285,합천,2026-02-02 13:00,4.3,,2.8,290,30,1021.3,1024.7,.9,,,6,,14.9
285,합천,2026-02-02 14:00,4.1,,3.8,320,28,1020.9,1024.3,1,,,4,,16.2
285,합천,2026-02-02 15:00,4.1,,2.7,340,33,1021.2,1024.6,1,,,0,,13.5
285,합천,2026-02-02 16:00,3.4,,2.6,340,35,1021.8,1025.2,1,,,0,,8.8
285,합천,2026-02-02 17:00,3.1,,2.3,320,33,1022.4,1025.8,1,,,0,,2.8
285,합천,2026-02-02 18:00,1.9,,1.3,340,39,1023,1026.4,0,,,0,,-.3
285,합천,2026-02-02 19:00,.6,,1.1,340,41,1023.9,1027.3,,,,0,,-2.3
285,합천,2026-02-02 20:00,-2.2,,.5,50,57,1024.8,1028.2,,,,0,,-3.8
285,합천,2026-02-02 21:00,-3.1,,.4,0,59,1025.3,1028.8,,,,0,,-4.3
285,합천,2026-02-02 22:00,-4,,.5,20,65,1026.1,1029.6,,,,0,,-4.8
285,합천,2026-02-02 23:00,-4.9,,.3,0,73,1026.6,1030.1,,,,0,,-5.4
285,합천,2026-02-03 00:00,-5.4,,.4,0,74,1027,1030.5,,,,0,,-5.8
285,합천,2026-02-03 01:00,-5.8,,.2,0,76,1026.9,1030.4,,,,0,,-6.1
285,합천,2026-02-03 02:00,-6.5,,.1,0,76,1026.9,1030.4,,,,0,,-6.3
285,합천,2026-02-03 03:00,-7.4,,.1,0,81,1026.9,1030.4,,,,0,,-6.6
285,합천,2026-02-03 04:00,-7.7,,.1,0,84,1027.2,1030.7,,,,0,,-6.9
285,합천,2026-02-03 05:00,-8.1,,.4,0,85,1027.1,1030.6,,,,0,,-6.9
285,합천,2026-02-03 06:00,-8.4,,0,0,83,1027.6,1031.1,,,,0,,-7.4
285,합천,2026-02-03 07:00,-8.8,,.3,0,88,1028.1,1031.6,,,,0,,-7.6
285,합천,2026-02-03 08:00,-8.7,,.2,0,88,1028.5,1032,.1,,,0,,-7.2
285,합천,2026-02-03 09:00,-6.5,,.3,0,82,1028.4,1031.9,1,,,0,,-5.7
285,합천,2026-02-03 10:00,-1.4,,.2,0,63,1027.9,1031.3,1,,,0,,3.3
285,합천,2026-02-03 11:00,1.8,,.9,90,44,1027.2,1030.6,1,,,0,,10.3
285,합천,2026-02-03 12:00,4.8,,.7,50,34,1026,1029.4,1,,,0,,15.4
285,합천,2026-02-03 13:00,6,,.9,90,29,1024.5,1027.8,1,,,0,,18.4
285,합천,2026-02-03 14:00,7.9,,1.1,20,26,1023.4,1026.7,1,,,0,,19
285,합천,2026-02-03 15:00,9.1,,1,110,24,1022.2,1025.5,1,,,2,,17.1
285,합천,2026-02-03 16:00,10.1,,.7,180,24,1021.8,1025.1,1,,,0,,13.1
285,합천,2026-02-03 17:00,8.6,,.6,110,26,1021.9,1025.2,1,,,0,,5.4
285,합천,2026-02-03 18:00,6.1,,.6,360,32,1022.3,1025.6,0,,,6,,1.7
285,합천,2026-02-03 19:00,2.8,,.4,0,48,1022.6,1026,,,,6,,-.7
285,합천,2026-02-03 20:00,1.1,,.1,0,53,1022.7,1026.1,,,,7,,-1.9
285,합천,2026-02-03 21:00,-.1,,.2,0,59,1022.6,1026,,,,8,,-2.4
285,합천,2026-02-03 22:00,-1.1,,.2,0,66,1022.2,1025.6,,,,10,,-3
285,합천,2026-02-03 23:00,-1.6,,.1,0,66,1022.2,1025.6,,,,10,,-3.1
285,합천,2026-02-04 00:00,-2.2,,.2,0,71,1022,1025.4,,,,10,,-3.1
285,합천,2026-02-04 01:00,-2.4,,.1,0,73,1021.9,1025.3,,,,8,,-3.3
285,합천,2026-02-04 02:00,-2.7,,.4,0,80,1022.2,1025.6,,,,10,,-3
285,합천,2026-02-04 03:00,-2.8,,0,0,77,1022.4,1025.8,,,,9,,-3
285,합천,2026-02-04 04:00,-2.9,,.1,0,75,1021.9,1025.3,,,,10,,-2.9
285,합천,2026-02-04 05:00,-3.1,,0,0,79,1021.7,1025.1,,,,9,,-3.1
285,합천,2026-02-04 06:00,-3.4,,.3,0,82,1021.8,1025.3,,,,9,,-3.7
285,합천,2026-02-04 07:00,-4.1,,.2,0,84,1021.9,1025.4,,,,7,,-4.3
285,합천,2026-02-04 08:00,-3.8,,.1,0,82,1021.8,1025.3,0,,,8,,-3.4
285,합천,2026-02-04 09:00,-1.6,,0,0,76,1021.9,1025.3,.2,,,8,,-.2
285,합천,2026-02-04 10:00,.8,,0,0,68,1021.6,1025,.1,,,8,,3.4
285,합천,2026-02-04 11:00,4.2,,.7,50,53,1021,1024.4,.7,,,5,,10.9
285,합천,2026-02-04 12:00,6.5,,.4,0,44,1020,1023.3,1,,,0,,17.1
285,합천,2026-02-04 13:00,8.9,,1.1,50,38,1017.9,1021.2,1,,,0,,20.1
285,합천,2026-02-04 14:00,10.4,,.8,110,33,1016.9,1020.2,1,,,0,,22.8
285,합천,2026-02-04 15:00,11.7,,.9,90,30,1016.5,1019.7,1,,,5,,20.8
285,합천,2026-02-04 16:00,11.8,,1.2,110,28,1015.8,1019,1,,,0,,15.7
285,합천,2026-02-04 17:00,11.2,,1.5,70,30,1016.5,1019.8,1,,,0,,8.1
285,합천,2026-02-04 18:00,8.6,,.6,50,39,1016.8,1020.1,.1,,,0,,4.1
285,합천,2026-02-04 19:00,4.9,,.1,0,51,1017,1020.3,,,,0,,1.1
285,합천,2026-02-04 20:00,3.1,,.1,0,62,1017,1020.4,,,,0,,-.3
285,합천,2026-02-04 21:00,1.4,,.3,0,66,1017.2,1020.6,,,,0,,-1.4
285,합천,2026-02-04 22:00,.2,,.5,200,71,1017.2,1020.6,,,,6,,-1.8
285,합천,2026-02-04 23:00,-.5,,.5,200,69,1017.1,1020.5,,,,5,,-2
285,합천,2026-02-05 00:00,-1.4,,.2,0,75,1017,1020.4,,,,0,,-3.1
285,합천,2026-02-05 01:00,-1.9,,.5,230,76,1016.8,1020.2,,,,6,,-3
285,합천,2026-02-05 02:00,-2.5,,.2,0,80,1016.8,1020.2,,,,6,,-3.2
285,합천,2026-02-05 03:00,-2.5,,.3,0,81,1016.8,1020.2,,,,7,,-3
285,합천,2026-02-05 04:00,-2.8,,0,0,88,1016.5,1019.9,,,,7,,-3.1
285,합천,2026-02-05 05:00,-2.9,,.3,0,90,1016.2,1019.6,,,,8,,-2.9
285,합천,2026-02-05 06:00,-2.9,,.2,0,86,1016.2,1019.6,,,,8,,-2.8
285,합천,2026-02-05 07:00,-3,,.5,230,87,1016.5,1019.9,,,,9,,-3
285,합천,2026-02-05 08:00,-2.6,,.2,0,84,1016.4,1019.8,0,,,8,,-2.2
285,합천,2026-02-05 09:00,-1.3,,.6,230,80,1016.1,1019.5,.2,,,6,,-.4
285,합천,2026-02-05 10:00,2.2,,.1,0,69,1015.5,1018.9,1,,,5,,5.2
285,합천,2026-02-05 11:00,6.8,,.6,70,54,1014.7,1018,1,,,6,,12.8
285,합천,2026-02-05 12:00,10.1,,1.6,340,46,1013.8,1017.1,1,,,0,,19.4
285,합천,2026-02-05 13:00,12.3,,1.2,50,43,1012.7,1015.9,1,,,7,,19.5
285,합천,2026-02-05 14:00,14.3,,1.6,200,40,1011.6,1014.8,1,,,0,,23.7
285,합천,2026-02-05 15:00,15.5,,2.2,270,38,1011.2,1014.4,1,,,0,,22.5
285,합천,2026-02-05 16:00,14.9,,2.2,250,40,1011.2,1014.4,1,,,0,,17.3
285,합천,2026-02-05 17:00,13.9,,1.7,250,40,1012.2,1015.4,.9,,,0,,10.3
285,합천,2026-02-05 18:00,12.7,,1.6,290,34,1013.2,1016.4,.1,,,6,,6.8
285,합천,2026-02-05 19:00,11.1,,1.6,290,37,1014,1017.2,,,,5,,4.7
285,합천,2026-02-05 20:00,9.1,,.5,270,43,1014.5,1017.8,,,,6,,3.3
285,합천,2026-02-05 21:00,6.7,,.8,180,58,1014.4,1017.7,,,,5,,1.8
285,합천,2026-02-05 22:00,4.4,,.1,0,64,1014.4,1017.7,,,,8,,1.1
285,합천,2026-02-05 23:00,3.6,,.6,200,65,1014.6,1017.9,,,,9,,1.2
285,합천,2026-02-06 00:00,2.7,,.1,0,70,1015,1018.4,,,,8,,.5
285,합천,2026-02-06 01:00,2.3,,.2,0,75,1015,1018.4,,,,10,,.9
285,합천,2026-02-06 02:00,5.5,,.8,270,62,1015,1018.3,,,,10,,1.2
285,합천,2026-02-06 03:00,5.6,,1.1,250,57,1015.1,1018.4,,,,10,,1.5
285,합천,2026-02-06 04:00,4.9,,.4,0,57,1015.4,1018.7,,,,10,,1.4
285,합천,2026-02-06 05:00,4.4,,.7,140,55,1015.8,1019.1,,,,10,,1.1
285,합천,2026-02-06 06:00,2.9,,.6,20,66,1016.8,1020.2,,,,10,,.6
285,합천,2026-02-06 07:00,2.3,,.7,50,65,1017.7,1021.1,,,,10,,.6
285,합천,2026-02-06 08:00,1.7,,1.7,70,61,1018.6,1022,0,,,10,,.7
285,합천,2026-02-06 09:00,1.9,,.7,70,55,1019.2,1022.6,0,,,10,,2.4
285,합천,2026-02-06 10:00,2.5,,1.7,90,44,1019.4,1022.8,0,,,10,,5.3
285,합천,2026-02-06 11:00,3.4,,1.5,90,35,1019.3,1022.7,.2,,,9,,9
285,합천,2026-02-06 12:00,5.3,,.8,90,30,1018.4,1021.7,.6,,,6,,14.9
285,합천,2026-02-06 13:00,6,,1.2,160,23,1017.3,1020.6,1,,,6,,16.3
285,합천,2026-02-06 14:00,8.1,,1.5,110,15,1016.4,1019.7,1,,,1,,21.5
285,합천,2026-02-06 15:00,8.2,,1,160,12,1015.8,1019.1,1,,,5,,19.5
285,합천,2026-02-06 16:00,8.3,,1.8,70,12,1015.8,1019.1,1,,,6,,14.5
285,합천,2026-02-06 17:00,7,,1.9,90,15,1015.7,1019,.8,,,7,,7.5
285,합천,2026-02-06 18:00,5.2,,2.6,70,15,1016,1019.3,0,,,7,,4
285,합천,2026-02-06 19:00,3.6,,2,70,17,1016.7,1020,0,,,8,,2.3
285,합천,2026-02-06 20:00,3,,1.8,70,17,1017,1020.4,,,,10,,1.8
285,합천,2026-02-06 21:00,1.9,,.8,20,23,1017.3,1020.7,,,,10,,1.5
285,합천,2026-02-06 22:00,1.3,,.8,70,26,1017.7,1021.1,,,,10,,1
285,합천,2026-02-06 23:00,.9,,.8,70,27,1017.8,1021.2,,,,10,,.6
285,합천,2026-02-07 00:00,.5,,.8,50,31,1017.6,1021,,,,10,,.1
285,합천,2026-02-07 01:00,0,,1.5,50,30,1017.4,1020.8,,,,9,,-.4
285,합천,2026-02-07 02:00,-.4,,1.2,50,29,1018,1021.4,,,,10,,-.2
285,합천,2026-02-07 03:00,-.8,,.9,50,32,1018.3,1021.7,,,,10,,-.2
285,합천,2026-02-07 04:00,-1.4,,1.3,50,32,1018.4,1021.8,,,,10,,-.4
285,합천,2026-02-07 05:00,-1.7,,1.3,50,31,1018.5,1021.9,,,,10,,-.5
285,합천,2026-02-07 06:00,-1.9,,.9,70,33,1018.7,1022.1,,,,10,,-.6
285,합천,2026-02-07 07:00,-2,,1.4,70,31,1018.9,1022.3,,,,10,,-.9
285,합천,2026-02-07 08:00,-2.4,,.9,20,32,1018.8,1022.2,0,,,8,,-1.5
285,합천,2026-02-07 09:00,-1.6,,1.2,290,26,1018.8,1022.2,.2,,,1,,-1.1
285,합천,2026-02-07 10:00,-.6,,1.7,290,27,1018.6,1022,.8,,,0,,4.6
285,합천,2026-02-07 11:00,.7,,2.3,270,23,1018.6,1022,1,,,0,,12.1
285,합천,2026-02-07 12:00,1.7,,2.4,270,21,1017.8,1021.2,1,,,0,,17
285,합천,2026-02-07 13:00,2.9,,1.8,320,17,1017.1,1020.5,1,,,0,,19.9
285,합천,2026-02-07 14:00,3.1,,2.3,290,14,1016.5,1019.9,1,,,0,,19.9
285,합천,2026-02-07 15:00,2.7,,2.9,290,12,1016.7,1020.1,1,,,0,,17.7
285,합천,2026-02-07 16:00,2.1,,2.8,290,13,1016.9,1020.3,1,,,0,,12
285,합천,2026-02-07 17:00,.9,,2.6,320,19,1017.2,1020.6,1,,,0,,3.4
285,합천,2026-02-07 18:00,-.7,,2.8,340,27,1018,1021.4,.2,,,0,,0
285,합천,2026-02-07 19:00,-1.8,,3.7,340,22,1019.1,1022.5,0,,,0,,-2
285,합천,2026-02-07 20:00,-3,,3.7,320,23,1020.2,1023.6,,,,0,,-3.1
285,합천,2026-02-07 21:00,-3.7,,1.9,320,27,1020.5,1024,,,,0,,-4.2
285,합천,2026-02-07 22:00,-4,,3,340,34,1020.1,1023.6,,,,0,,-4.3
285,합천,2026-02-07 23:00,-4.2,,2.5,290,38,1020,1023.5,,,,0,,-4.5
285,합천,2026-02-08 00:00,-4.3,,4.2,320,39,1020.5,1024,,,,0,,-4.7
285,합천,2026-02-08 01:00,-5,,3,340,34,1020.7,1024.2,,,,0,,-5.3
285,합천,2026-02-08 02:00,-5.6,,.6,340,40,1020.8,1024.3,,,,0,,-5.9
285,합천,2026-02-08 03:00,-6,,.9,320,44,1020.8,1024.3,,,,0,,-6.3
285,합천,2026-02-08 04:00,-6.4,,.8,250,45,1021.2,1024.7,,,,0,,-6.5
285,합천,2026-02-08 05:00,-7,,1,320,44,1021.3,1024.8,,,,0,,-6.9
285,합천,2026-02-08 06:00,-7.3,,1,290,49,1021.5,1025,,,,0,,-7.3
285,합천,2026-02-08 07:00,-7.2,,2,320,44,1022.1,1025.6,,,,0,,-7.3
285,합천,2026-02-08 08:00,-7.1,,1.6,320,42,1022.9,1026.4,.2,,,0,,-6.7
285,합천,2026-02-08 09:00,-5.9,,2.2,290,38,1023.4,1026.9,1,,,0,,-5.6
285,합천,2026-02-08 10:00,-4.1,,2.2,270,31,1023.2,1026.7,1,,,0,,3
285,합천,2026-02-08 11:00,-2.6,,4,320,23,1023.3,1026.7,1,,,0,,8.5
285,합천,2026-02-08 12:00,-1.8,,3.7,360,24,1023.1,1026.5,1,,,0,,11.6
285,합천,2026-02-08 13:00,-.3,,3.7,340,22,1022.6,1026,1,,,0,,13.9
285,합천,2026-02-08 14:00,.2,,3.6,340,21,1022.4,1025.8,1,,,0,,14.9
285,합천,2026-02-08 15:00,1.1,,3.1,320,19,1022.3,1025.7,1,,,0,,13.9
285,합천,2026-02-08 16:00,1.2,,2.9,320,17,1022.5,1025.9,1,,,0,,8.8
285,합천,2026-02-08 17:00,.8,,2.3,340,19,1023,1026.4,1,,,0,,1.4
285,합천,2026-02-08 18:00,-.4,,1.5,290,22,1023.9,1027.3,.3,,,0,,-1.8
285,합천,2026-02-08 19:00,-1.1,,1.9,340,25,1024.6,1028,0,,,0,,-3.7
285,합천,2026-02-08 20:00,-2.1,,1.3,250,32,1025,1028.4,,,,0,,-4.6
285,합천,2026-02-08 21:00,-2.6,,1.4,270,35,1025.9,1029.4,,,,0,,-4.7
285,합천,2026-02-08 22:00,-3.5,,1.5,250,43,1026.3,1029.8,,,,0,,-5
285,합천,2026-02-08 23:00,-4.2,,1.3,230,47,1026.6,1030.1,,,,0,,-5.4
285,합천,2026-02-09 00:00,-5.1,,.1,0,52,1026.7,1030.2,,,,0,,-6.2
285,합천,2026-02-09 01:00,-5.9,,.3,0,52,1026.6,1030.1,,,,0,,-6.6
285,합천,2026-02-09 02:00,-4.6,,1,180,42,1026.8,1030.3,,,,0,,-6.2
285,합천,2026-02-09 03:00,-6.5,,1.3,230,53,1026.6,1030.1,,,,0,,-6.2
285,합천,2026-02-09 04:00,-6.7,,.4,0,57,1026,1029.5,,,,0,,-6.6
285,합천,2026-02-09 05:00,-7.4,,.8,360,58,1025.6,1029.1,,,,0,,-6.8
285,합천,2026-02-09 06:00,-7.8,,1.2,90,60,1025.6,1029.1,,,,0,,-6.9
285,합천,2026-02-09 07:00,-8.6,,.6,50,65,1026,1029.5,,,,0,,-7.1
285,합천,2026-02-09 08:00,-8.3,,.4,0,67,1026.6,1030.1,.3,,,0,,-6.6
285,합천,2026-02-09 09:00,-5.3,,.4,0,56,1026.9,1030.4,1,,,0,,-5.1
285,합천,2026-02-09 10:00,-1,,.8,90,47,1026.6,1030,1,,,0,,4.9
285,합천,2026-02-09 11:00,1.3,,.9,140,40,1026.2,1029.6,1,,,0,,12
285,합천,2026-02-09 12:00,4.1,,1.1,50,35,1024.8,1028.2,1,,,0,,17.2
285,합천,2026-02-09 13:00,5.8,,.9,320,30,1023.5,1026.8,1,,,0,,20.7
285,합천,2026-02-09 14:00,8.5,,.9,140,28,1022.1,1025.4,1,,,0,,22.4
285,합천,2026-02-09 15:00,9.4,,1.4,70,24,1021,1024.3,1,,,0,,21
285,합천,2026-02-09 16:00,9.7,,1.7,50,24,1020.4,1023.7,1,,,0,,14.8
285,합천,2026-02-09 17:00,8.6,,1.3,110,26,1020.7,1024,1,,,5,,6.3
285,합천,2026-02-09 18:00,6.3,,.6,70,30,1021,1024.3,.2,,,6,,2.3
285,합천,2026-02-09 19:00,2.7,,0,0,44,1021.9,1025.3,0,,,6,,-.4
285,합천,2026-02-09 20:00,.8,,.2,0,53,1022.3,1025.7,,,,8,,-1.6
285,합천,2026-02-09 21:00,-.3,,.2,0,54,1022.6,1026,,,,6,,-2.5
285,합천,2026-02-09 22:00,-1.4,,.4,0,59,1022.4,1025.8,,,,5,,-3.4
285,합천,2026-02-09 23:00,-2.5,,.1,0,64,1022.3,1025.7,,,,8,,-3.5
285,합천,2026-02-10 00:00,-3.1,,.1,0,70,1022.2,1025.7,,,,4,,-4.1
285,합천,2026-02-10 01:00,-3.4,,.1,0,67,1021.8,1025.3,,,,8,,-4.1
285,합천,2026-02-10 02:00,-3.9,,0,0,69,1021.6,1025.1,,,,8,,-4.5
285,합천,2026-02-10 03:00,-4.2,,0,0,75,1021.2,1024.7,,,,8,,-4.2
285,합천,2026-02-10 04:00,-3.7,,.2,0,72,1020.8,1024.3,,,,10,,-2.5
285,합천,2026-02-10 05:00,-3.2,,.1,0,71,1020.5,1023.9,,,,10,,-2.2
285,합천,2026-02-10 06:00,-2.9,,.4,0,73,1020.1,1023.5,,,,10,,-1.9
285,합천,2026-02-10 07:00,-2.4,,.2,0,73,1020.2,1023.6,,,,10,,-1.8
285,합천,2026-02-10 08:00,-2,,.5,50,72,1020.6,1024,0,,,10,,-1.2
285,합천,2026-02-10 09:00,-1.3,,.9,70,66,1020.1,1023.5,0,,,10,,-.3
285,합천,2026-02-10 10:00,-.3,,.4,0,64,1019.8,1023.2,0,,,10,,1.6
285,합천,2026-02-10 11:00,1.5,,.3,0,53,1019.3,1022.7,0,,,9,,6
285,합천,2026-02-10 12:00,4.2,,.5,20,46,1018.3,1021.6,0,,,9,,10.4
285,합천,2026-02-10 13:00,5.5,,.5,360,44,1017,1020.3,.1,,,10,,9.6
285,합천,2026-02-10 14:00,6.9,,.6,20,50,1015.7,1019,0,,,10,,10.5
285,합천,2026-02-10 15:00,7.1,0,.3,0,59,1015.1,1018.4,0,,,10,,8.3
285,합천,2026-02-10 16:00,6.9,,.2,0,59,1015,1018.3,0,,,10,,6.9
285,합천,2026-02-10 17:00,6.3,,.5,90,53,1014.6,1017.9,0,,,10,,5.4
285,합천,2026-02-10 18:00,6,0,.5,50,53,1015.1,1018.4,0,,,10,,4.3
285,합천,2026-02-10 19:00,5.2,,.1,0,57,1015.3,1018.6,0,,,10,,3.7
285,합천,2026-02-10 20:00,4.6,,.1,0,63,1015.9,1019.2,,,,10,,3.1
285,합천,2026-02-10 21:00,4,,.1,0,66,1016.1,1019.4,,,,10,,2.8
285,합천,2026-02-10 22:00,3.8,,.8,230,72,1015.9,1019.2,,,,10,,2.5
285,합천,2026-02-10 23:00,2.8,,.3,0,77,1015.6,1019,,,,8,,1.5
285,합천,2026-02-11 00:00,2.3,,.9,200,80,1015.6,1019,,,,9,,1.2
285,합천,2026-02-11 01:00,2,,.1,0,80,1015.4,1018.8,,,,9,,.8
285,합천,2026-02-11 02:00,1.1,,.4,0,85,1015.5,1018.9,,,,8,,-.2
285,합천,2026-02-11 03:00,.4,,.1,0,85,1015.4,1018.8,,,,9,,-.5
285,합천,2026-02-11 04:00,.1,,.2,0,88,1015.4,1018.8,,,,9,,-.6
285,합천,2026-02-11 05:00,-.6,,.3,0,88,1015.9,1019.3,,,,7,,-1.9
285,합천,2026-02-11 06:00,-1.5,,.1,0,92,1016.6,1020,,,,0,,-3.4
285,합천,2026-02-11 07:00,-2,,.3,0,94,1017.2,1020.6,,,,0,,-3.6
285,합천,2026-02-11 08:00,-1.5,,0,0,94,1017.9,1021.3,.2,,,0,,-.6
285,합천,2026-02-11 09:00,0,,.1,0,90,1018.2,1021.6,.2,,,8,,.8
285,합천,2026-02-11 10:00,2.4,,.5,20,81,1018,1021.4,.3,,,8,,3.5
285,합천,2026-02-11 11:00,7.2,,.3,0,61,1017.8,1021.1,.4,,,6,,10
285,합천,2026-02-11 12:00,9.3,,1.3,20,48,1016.9,1020.2,.3,,,6,,16.8
285,합천,2026-02-11 13:00,9.6,,.7,360,46,1016.2,1019.5,.3,,,6,,14.7
285,합천,2026-02-11 14:00,9.9,,2.9,270,46,1016.2,1019.5,.2,,,6,,15
285,합천,2026-02-11 15:00,10.2,,2.1,290,44,1016.4,1019.7,.7,,,5,,19.9
285,합천,2026-02-11 16:00,9.3,,2.4,320,44,1016.6,1019.9,1,,,4,,14.3
285,합천,2026-02-11 17:00,8.6,,2.1,290,46,1016.7,1020,1,,,1,,8.3
285,합천,2026-02-11 18:00,7.1,,1,270,50,1017.1,1020.4,.3,,,0,,4.2
285,합천,2026-02-11 19:00,5.2,,.5,250,56,1017.9,1021.2,0,,,0,,1.3
285,합천,2026-02-11 20:00,4.2,,.2,0,60,1018,1021.3,,,,0,,0
285,합천,2026-02-11 21:00,4.5,,1.1,270,58,1018,1021.3,,,,0,,-.5
285,합천,2026-02-11 22:00,1.6,,2,200,69,1018.2,1021.6,,,,0,,-1
285,합천,2026-02-11 23:00,.3,,1,230,73,1018.5,1021.9,,,,0,,-2
285,합천,2026-02-12 00:00,-.9,,.6,230,78,1018.5,1021.9,,,,0,,-3
285,합천,2026-02-12 01:00,-1.9,,.3,0,82,1018.6,1022,,,,0,,-3.5
285,합천,2026-02-12 02:00,-2.4,,.5,230,84,1018.8,1022.2,,,,0,,-3.8
285,합천,2026-02-12 03:00,-3.7,,.3,0,92,1018.9,1022.3,,,,0,,-4.3
285,합천,2026-02-12 04:00,-4.3,,.2,0,93,1019,1022.5,,,,0,,-4.9
285,합천,2026-02-12 05:00,-5.1,,.2,0,93,1018.8,1022.3,,,,0,,-5.3
285,합천,2026-02-12 06:00,-5.5,,0,0,92,1019.5,1023,,,,0,,-5.6
285,합천,2026-02-12 07:00,-5.7,,.4,0,93,1020.1,1023.6,,,,0,,-5.6
285,합천,2026-02-12 08:00,-5.5,,.1,0,93,1020.9,1024.4,.3,,,0,,-4.8
285,합천,2026-02-12 09:00,-3.4,,0,0,88,1021,1024.5,1,,,0,,-2.7
285,합천,2026-02-12 10:00,.8,,.2,0,72,1021.1,1024.5,1,,,0,,5.6
285,합천,2026-02-12 11:00,6.3,,1,360,39,1020.4,1023.7,1,,,0,,13.2
285,합천,2026-02-12 12:00,8.7,,1.3,90,29,1019.5,1022.8,1,,,0,,19.2
285,합천,2026-02-12 13:00,10.5,,1.1,110,24,1018.5,1021.8,1,,,0,,22.4
285,합천,2026-02-12 14:00,11.6,,1.2,110,20,1017.4,1020.7,1,,,0,,23.6
285,합천,2026-02-12 15:00,13,,1.6,290,18,1016.7,1019.9,1,,,0,,22.1
285,합천,2026-02-12 16:00,12.6,,1.3,290,19,1016.6,1019.8,1,,,0,,16.3
285,합천,2026-02-12 17:00,12.1,,1.5,270,21,1016.4,1019.6,1,,,0,,9.4
285,합천,2026-02-12 18:00,9.5,,.7,20,28,1017,1020.3,.6,,,0,,5.1
285,합천,2026-02-12 19:00,5.7,,.2,0,41,1017.6,1020.9,0,,,0,,1.7
285,합천,2026-02-12 20:00,3.5,,0,0,48,1018,1021.4,,,,0,,0
285,합천,2026-02-12 21:00,2.1,,.3,0,56,1018.3,1021.7,,,,0,,-.9
285,합천,2026-02-12 22:00,.6,,.2,0,64,1018.3,1021.7,,,,0,,-1.8
285,합천,2026-02-12 23:00,-.9,,.1,0,72,1018.1,1021.5,,,,0,,-2.6
285,합천,2026-02-13 00:00,-1.4,,.3,0,68,1017.9,1021.3,,,,0,,-3.2
285,합천,2026-02-13 01:00,-1.8,,.2,0,67,1017.6,1021,,,,0,,-3.9
285,합천,2026-02-13 02:00,-2.8,,.2,0,73,1017.7,1021.1,,,,0,,-4.2
285,합천,2026-02-13 03:00,-3.3,,.2,0,78,1017.9,1021.3,,,,0,,-4.4
285,합천,2026-02-13 04:00,-3.7,,.9,200,77,1018.2,1021.6,,,,0,,-4.2
285,합천,2026-02-13 05:00,-4.1,,.1,0,79,1017.9,1021.4,,,,0,,-4.6
285,합천,2026-02-13 06:00,-4.7,,.1,0,82,1017.7,1021.2,,,,0,,-4.9
285,합천,2026-02-13 07:00,-4.8,,.1,0,85,1018.1,1021.6,,,,0,,-5
285,합천,2026-02-13 08:00,-4.8,,0,0,89,1018.5,1022,0,,,0,,-4.2
285,합천,2026-02-13 09:00,-2.2,,.3,0,79,1018.5,1021.9,1,,,0,,-1.7
285,합천,2026-02-13 10:00,1.7,,.4,0,62,1018.2,1021.6,1,,,0,,5.9
285,합천,2026-02-13 11:00,6.5,,1,20,39,1017.6,1020.9,1,,,0,,13.5
285,합천,2026-02-13 12:00,9.4,,.8,140,31,1016.9,1020.2,1,,,0,,19.7
285,합천,2026-02-13 13:00,12.2,,.4,0,26,1015.5,1018.7,1,,,0,,23.5
285,합천,2026-02-13 14:00,14.3,,1.2,200,22,1014.7,1017.9,1,,,0,,24.5
285,합천,2026-02-13 15:00,15.3,,1.4,270,20,1014,1017.2,1,,,0,,23.5
285,합천,2026-02-13 16:00,15.7,,2.5,230,17,1013.8,1017,1,,,0,,17.7
285,합천,2026-02-13 17:00,15,,1.4,270,17,1013.7,1016.9,1,,,0,,10.7
285,합천,2026-02-13 18:00,13.5,,1.4,250,20,1014.1,1017.3,.6,,,0,,6.5
285,합천,2026-02-13 19:00,9,,.2,0,33,1014.9,1018.2,0,,,0,,3.4
285,합천,2026-02-13 20:00,6.2,,.6,320,41,1015.1,1018.4,,,,0,,1.9
285,합천,2026-02-13 21:00,3.9,,.4,0,51,1015.6,1018.9,,,,0,,.5
285,합천,2026-02-13 22:00,2.8,,0,0,54,1016.1,1019.5,,,,0,,-.5
285,합천,2026-02-13 23:00,1.5,,.1,0,65,1016,1019.4,,,,4,,-1.2
285,합천,2026-02-14 00:00,.9,,.4,0,65,1016.3,1019.7,,,,4,,-1.6
285,합천,2026-02-14 01:00,-.2,,.6,200,69,1016.6,1020,,,,0,,-2
285,합천,2026-02-14 02:00,-.8,,.3,0,72,1016.4,1019.8,,,,0,,-2.8
285,합천,2026-02-14 03:00,-1.2,,.3,0,74,1016.1,1019.5,,,,8,,-2.5
285,합천,2026-02-14 04:00,-1.5,,.1,0,76,1015.6,1019,,,,6,,-2.5
285,합천,2026-02-14 05:00,-1.7,,0,0,78,1015.7,1019.1,,,,9,,-2.2
285,합천,2026-02-14 06:00,-1.5,,.2,0,80,1015.7,1019.1,,,,10,,-1.4
285,합천,2026-02-14 07:00,-1.5,,.4,0,80,1015.7,1019.1,,,,10,,-1.5
285,합천,2026-02-14 08:00,-1.3,,.6,230,80,1016.4,1019.8,0,,,8,,-1.9
285,합천,2026-02-14 09:00,.6,,.1,0,75,1016.2,1019.6,0,,,9,,2.4
285,합천,2026-02-14 10:00,2.5,,.2,0,67,1015.6,1019,.2,,,7,,5.1
285,합천,2026-02-14 11:00,6.7,,.3,0,53,1014.9,1018.2,.9,,,6,,12.5
285,합천,2026-02-14 12:00,9.7,,.6,160,47,1014,1017.3,.9,,,6,,15.6
285,합천,2026-02-14 13:00,13.2,,1.2,180,36,1012.8,1016,.5,,,8,,19.6
285,합천,2026-02-14 14:00,14.8,,.9,200,34,1012,1015.2,.5,,,9,,18.1
285,합천,2026-02-14 15:00,15.5,,1.7,180,35,1011.4,1014.6,0,,,8,,17.5
285,합천,2026-02-14 16:00,15.4,,1.2,160,38,1011,1014.2,.1,,,8,,15.4
285,합천,2026-02-14 17:00,15.4,,1.4,180,40,1010.8,1014,.7,,,4,,11.6
285,합천,2026-02-14 18:00,13.2,,.7,50,42,1010.9,1014.1,.3,,,0,,7.2
285,합천,2026-02-14 19:00,9.5,,.1,0,52,1011.9,1015.2,0,,,0,,4.5
285,합천,2026-02-14 20:00,6.7,,.1,0,64,1012.2,1015.5,,,,0,,2.7
285,합천,2026-02-14 21:00,4.9,,.1,0,77,1012.8,1016.1,,,,0,,1.6
285,합천,2026-02-14 22:00,4.1,,.5,200,78,1012.9,1016.2,,,,0,,.7
285,합천,2026-02-14 23:00,2.6,,.4,0,84,1013.4,1016.7,,,,0,,0
285,합천,2026-02-15 00:00,1.8,,.2,0,87,1013.4,1016.8,,,,0,,-.6
285,합천,2026-02-15 01:00,.9,,.3,0,89,1013.6,1017,,,,0,,-1.1
285,합천,2026-02-15 02:00,.3,,.3,0,93,1014,1017.4,,,,0,,-1.6
285,합천,2026-02-15 03:00,-.2,,.1,0,93,1013.9,1017.3,,,,0,,-1.9
285,합천,2026-02-15 04:00,-.8,,.3,0,96,1013.6,1017,,,,0,,-2.4
285,합천,2026-02-15 05:00,-1.1,,.3,0,96,1014.1,1017.5,,,,0,,-2.7
285,합천,2026-02-15 06:00,-1.3,,.2,0,97,1014.7,1018.1,,,,0,,-2.9
285,합천,2026-02-15 07:00,-1.5,,.2,0,97,1015.3,1018.7,,,,0,,-3
285,합천,2026-02-15 08:00,-1.5,,0,0,96,1016,1019.4,.1,,,0,,-2.1
285,합천,2026-02-15 09:00,.9,,.1,0,92,1016.2,1019.6,1,,,0,,.3
285,합천,2026-02-15 10:00,5.3,,.1,0,76,1016.3,1019.6,1,,,0,,9.1
285,합천,2026-02-15 11:00,11.4,,.5,110,59,1015.6,1018.8,1,,,0,,17.5
285,합천,2026-02-15 12:00,14.2,,.9,70,48,1014.5,1017.7,1,,,0,,23.4
285,합천,2026-02-15 13:00,16.1,,1.6,20,42,1013.6,1016.8,1,,,0,,26.5
285,합천,2026-02-15 14:00,17.6,,1.3,50,38,1013.1,1016.3,1,,,0,,27.1
285,합천,2026-02-15 15:00,18.5,,1.3,360,35,1012.6,1015.8,1,,,0,,25.7
285,합천,2026-02-15 16:00,18.5,,1.6,70,36,1012.5,1015.6,1,,,0,,19.7
285,합천,2026-02-15 17:00,16.6,,2.6,20,44,1012.8,1016,1,,,0,,14.4
285,합천,2026-02-15 18:00,13.7,,1.5,90,47,1013.9,1017.1,.2,,,6,,10
285,합천,2026-02-15 19:00,11.8,,1,90,48,1014.8,1018,0,,,6,,7.3
285,합천,2026-02-15 20:00,9,,.1,0,57,1015.2,1018.5,,,,6,,4.8
285,합천,2026-02-15 21:00,6.9,,0,0,68,1015.6,1018.9,,,,7,,3.5
285,합천,2026-02-15 22:00,5.1,,.2,0,73,1016.4,1019.7,,,,6,,2.1
285,합천,2026-02-15 23:00,3.7,,.2,0,78,1016.7,1020,,,,4,,1
285,합천,2026-02-16 00:00,2.3,,.1,0,82,1016.6,1020,,,,0,,0
285,합천,2026-02-16 01:00,1.5,,0,0,83,1017,1020.4,,,,0,,-.4
285,합천,2026-02-16 02:00,.8,,.2,0,87,1016.7,1020.1,,,,4,,-1.1
285,합천,2026-02-16 03:00,.1,,.1,0,87,1017.4,1020.8,,,,5,,-1.6
285,합천,2026-02-16 04:00,.4,,.1,0,83,1017.5,1020.9,,,,10,,.3
285,합천,2026-02-16 05:00,.8,,.1,0,86,1017.7,1021.1,,,,10,,-.1
285,합천,2026-02-16 06:00,.5,,.2,0,85,1018.4,1021.8,,,,10,,0
285,합천,2026-02-16 07:00,.9,,.4,0,82,1018.8,1022.2,,,,10,,.5
285,합천,2026-02-16 08:00,1.5,,.1,0,75,1019.3,1022.7,0,,,10,,1.4
285,합천,2026-02-16 09:00,2.9,,.5,360,66,1019.8,1023.2,0,,,10,,3.9
285,합천,2026-02-16 10:00,5.2,,.1,0,41,1019.7,1023,0,,,10,,6.6
285,합천,2026-02-16 11:00,7.1,,.3,0,33,1019.4,1022.7,.3,,,8,,14.1
285,합천,2026-02-16 12:00,9.3,,1.6,50,23,1018.4,1021.7,1,,,8,,17.6
285,합천,2026-02-16 13:00,10.7,,1.3,140,26,1017.4,1020.7,1,,,8,,20.7
285,합천,2026-02-16 14:00,11.3,,1.9,90,26,1016.8,1020.1,1,,,7,,22.1
285,합천,2026-02-16 15:00,11.9,,1.8,20,24,1016.5,1019.7,1,,,6,,23.3
285,합천,2026-02-16 16:00,11.6,,2,20,27,1016.8,1020,1,,,3,,16.3
285,합천,2026-02-16 17:00,10.9,,2,20,29,1017,1020.3,1,,,5,,10.2
285,합천,2026-02-16 18:00,9.4,,1.2,50,34,1017.5,1020.8,.4,,,6,,6.6
285,합천,2026-02-16 19:00,7.2,,1.1,50,41,1018.3,1021.6,0,,,5,,3.9
285,합천,2026-02-16 20:00,7,,2.2,70,63,1019.2,1022.5,,,,4,,3.8
285,합천,2026-02-16 21:00,5.9,,1.8,70,69,1020,1023.3,,,,6,,2.8
285,합천,2026-02-16 22:00,4.4,,.9,90,75,1020.6,1024,,,,4,,1.7
285,합천,2026-02-16 23:00,2.8,,.4,0,81,1020.6,1024,,,,4,,.8
285,합천,2026-02-17 00:00,1.5,,.2,0,85,1020.8,1024.2,,,,4,,-.5
285,합천,2026-02-17 01:00,.6,,.6,200,88,1021.1,1024.5,,,,6,,-.9
285,합천,2026-02-17 02:00,-.1,,.2,0,90,1021,1024.4,,,,6,,-1.2
285,합천,2026-02-17 03:00,-.8,,.5,230,92,1020.9,1024.3,,,,6,,-1.7
285,합천,2026-02-17 04:00,-1.4,,.6,230,93,1020.7,1024.1,,,,0,,-2.3
285,합천,2026-02-17 05:00,-1.9,,.6,230,95,1020.2,1023.6,,,,0,,-2.8
285,합천,2026-02-17 06:00,-2.5,,.1,0,94,1020.5,1023.9,,,,0,,-3.4
285,합천,2026-02-17 07:00,-2.7,,.7,230,95,1020.7,1024.1,,,,0,,-3.4
285,합천,2026-02-17 08:00,-2.7,,.2,0,95,1020.9,1024.3,.4,,,0,,-2.8
285,합천,2026-02-17 09:00,-.5,,0,0,89,1021,1024.4,1,,,0,,-.6
285,합천,2026-02-17 10:00,3.4,,.4,0,70,1020.5,1023.9,1,,,2,,8.6
285,합천,2026-02-17 11:00,6.7,,.4,0,57,1019.8,1023.1,1,,,1,,17.5
285,합천,2026-02-17 12:00,10.3,,.6,180,30,1018.4,1021.7,1,,,0,,23.4
285,합천,2026-02-17 13:00,11.2,,1.5,250,21,1016.8,1020.1,1,,,0,,26.5
285,합천,2026-02-17 14:00,12.5,,1,290,15,1015.6,1018.8,1,,,0,,27.7
285,합천,2026-02-17 15:00,13.7,,1.4,290,11,1014.8,1018,1,,,0,,25.9
285,합천,2026-02-17 16:00,13.5,,1.6,360,11,1014.5,1017.7,1,,,0,,18.1
285,합천,2026-02-17 17:00,12.6,,1.3,340,17,1014.5,1017.7,1,,,0,,10.2
285,합천,2026-02-17 18:00,10.9,,1.3,290,16,1015,1018.3,.9,,,0,,6.4
285,합천,2026-02-17 19:00,9.1,,1.5,270,20,1015.6,1018.9,0,,,0,,3.8
285,합천,2026-02-17 20:00,7,,1.1,230,22,1016.3,1019.6,,,,0,,2
285,합천,2026-02-17 21:00,6.4,,1.8,290,26,1016.8,1020.1,,,,0,,1.1
285,합천,2026-02-17 22:00,3,,.7,180,41,1017.1,1020.5,,,,0,,-.4
285,합천,2026-02-17 23:00,2.1,,.5,180,40,1017.2,1020.6,,,,6,,-1
285,합천,2026-02-18 00:00,2.5,,1.3,200,37,1017.4,1020.8,,,,10,,.2
285,합천,2026-02-18 01:00,3.4,,.9,250,35,1017.7,1021.1,,,,10,,-.2
285,합천,2026-02-18 02:00,2.5,,1.3,230,42,1017.6,1021,,,,8,,-.6
285,합천,2026-02-18 03:00,1.7,,1.4,230,48,1017.3,1020.7,,,,9,,-.8
285,합천,2026-02-18 04:00,1.1,,.5,250,51,1016.9,1020.3,,,,9,,-2.5
285,합천,2026-02-18 05:00,-.4,,.8,250,59,1016.9,1020.3,,,,0,,-3.4
285,합천,2026-02-18 06:00,-1.7,,1,230,62,1016.8,1020.2,,,,0,,-3.7
285,합천,2026-02-18 07:00,-2.1,,.6,200,65,1017.2,1020.6,,,,0,,-4.1
285,합천,2026-02-18 08:00,-2.3,,0,0,67,1017.7,1021.1,.4,,,0,,-3
285,합천,2026-02-18 09:00,.9,,.5,200,61,1018,1021.4,1,,,0,,-.5
285,합천,2026-02-18 10:00,7,,1.1,270,46,1018,1021.3,1,,,0,,8.6
285,합천,2026-02-18 11:00,9.1,,1.5,250,41,1017.9,1021.2,1,,,0,,17
285,합천,2026-02-18 12:00,9.6,,2.1,270,36,1017.5,1020.8,.9,,,1,,20
285,합천,2026-02-18 13:00,10.6,,3.2,290,31,1016.9,1020.2,1,,,1,,23.5
285,합천,2026-02-18 14:00,11.9,,2.2,290,26,1016,1019.2,1,,,1,,24.9
285,합천,2026-02-18 15:00,12.2,,2.1,270,21,1015.8,1019,.8,,,0,,22.1
285,합천,2026-02-18 16:00,12.1,,2.5,290,20,1015.6,1018.8,,,,0,,16.4
285,합천,2026-02-18 17:00,11.1,,2.6,270,25,1016.1,1019.4,,,,0,,9.9
285,합천,2026-02-18 18:00,9.8,,1.3,270,27,1016.5,1019.8,,,,0,,6.3
285,합천,2026-02-18 19:00,7.8,,1.3,250,23,1017.4,1020.7,,,,0,,3.3
285,합천,2026-02-18 20:00,6.9,,1.8,270,20,1018.4,1021.7,,,,0,,2
285,합천,2026-02-18 21:00,5.2,,.4,0,27,1019.3,1022.6,,,,0,,.4
285,합천,2026-02-18 22:00,2.9,,.1,0,37,1020.2,1023.6,,,,0,,-.7
285,합천,2026-02-18 23:00,.6,,.4,0,53,1020.5,1023.9,,,,0,,-1.5
285,합천,2026-02-19 00:00,-.6,,.2,0,55,1021,1024.4,,,,0,,-2.5
285,합천,2026-02-19 01:00,-1.8,,.1,0,63,1021.5,1024.9,,,,0,,-3.2
285,합천,2026-02-19 02:00,-2.6,,0,0,66,1021.7,1025.1,,,,0,,-4
285,합천,2026-02-19 03:00,-3.1,,.2,0,69,1021.8,1025.3,,,,0,,-4.7
285,합천,2026-02-19 04:00,-3.8,,.5,200,71,1021.9,1025.4,,,,0,,-5
285,합천,2026-02-19 05:00,-4.8,,.1,0,80,1021.9,1025.4,,,,0,,-5.4
285,합천,2026-02-19 06:00,-5.2,,.2,0,81,1022.4,1025.9,,,,0,,-5.5
285,합천,2026-02-19 07:00,-5.9,,.2,0,86,1022.4,1025.9,,,,0,,-5.8
285,합천,2026-02-19 08:00,-5.6,,.8,230,81,1022.9,1026.4,.5,,,0,,-4.9
285,합천,2026-02-19 09:00,-2.3,,.3,0,64,1022.8,1026.2,1,,,0,,-3.7
285,합천,2026-02-19 10:00,2.2,,.4,0,49,1022.2,1025.6,1,,,0,,6.3
285,합천,2026-02-19 11:00,5.3,,.6,20,34,1021.9,1025.2,1,,,0,,16.9
285,합천,2026-02-19 12:00,8.8,,.6,50,17,1021,1024.3,1,,,0,,23
285,합천,2026-02-19 13:00,10.6,,.9,230,13,1019.6,1022.9,1,,,0,,26.6
285,합천,2026-02-19 14:00,12,,1.9,180,12,1018.1,1021.3,1,,,0,,27.5
285,합천,2026-02-19 15:00,13.2,,2.3,200,9,1017.3,1020.5,1,,,0,,26.3
285,합천,2026-02-19 16:00,13.8,,2.1,200,10,1016.7,1019.9,1,,,0,,18.4
285,합천,2026-02-19 17:00,13,,1.2,270,10,1016.2,1019.4,1,,,3,,10.2
285,합천,2026-02-19 18:00,11.4,,.7,290,15,1017,1020.3,.6,,,4,,6.2
285,합천,2026-02-19 19:00,6.8,,.7,90,26,1017.6,1020.9,0,,,6,,2.9
285,합천,2026-02-19 20:00,4.6,,.3,0,40,1018,1021.3,,,,6,,1.5
285,합천,2026-02-19 21:00,2.8,,0,0,44,1018.1,1021.5,,,,6,,0
285,합천,2026-02-19 22:00,1.6,,.4,0,45,1018,1021.4,,,,6,,-.2
285,합천,2026-02-19 23:00,.8,,0,0,52,1017.8,1021.2,,,,6,,-1
285,합천,2026-02-20 00:00,0,,0,0,57,1018.2,1021.6,,,,6,,-1.6
285,합천,2026-02-20 01:00,-1.3,,0,0,58,1018.3,1021.7,,,,0,,-2.9
285,합천,2026-02-20 02:00,-1.1,,.5,230,59,1018.6,1022,,,,7,,-2.3
285,합천,2026-02-20 03:00,-1.6,,.5,230,59,1018.4,1021.8,,,,8,,-2.3
285,합천,2026-02-20 04:00,-2,,.1,0,68,1018.3,1021.7,,,,8,,-2.8
285,합천,2026-02-20 05:00,-2.5,,.4,0,64,1017.9,1021.3,,,,0,,-3.5
285,합천,2026-02-20 06:00,-3.1,,.1,0,71,1017.9,1021.3,,,,0,,-4.1
285,합천,2026-02-20 07:00,-3.5,,0,0,72,1017.9,1021.3,,,,0,,-4.2
285,합천,2026-02-20 08:00,-3.4,,.4,0,71,1017.5,1020.9,.4,,,0,,-3
285,합천,2026-02-20 09:00,-.1,,.3,0,59,1017.7,1021.1,1,,,0,,-.8
285,합천,2026-02-20 10:00,4,,.6,360,45,1017.2,1020.5,1,,,0,,7.7
285,합천,2026-02-20 11:00,9,,.9,20,32,1016.4,1019.7,1,,,0,,18
285,합천,2026-02-20 12:00,13.1,,1.1,160,26,1015.2,1018.4,1,,,0,,24.5
285,합천,2026-02-20 13:00,15,,2.3,180,23,1013.8,1017,1,,,0,,27.8
285,합천,2026-02-20 14:00,15.5,,2.4,180,19,1012.6,1015.8,1,,,0,,28.1
285,합천,2026-02-20 15:00,16.5,,1.3,250,16,1011.9,1015.1,1,,,0,,26.6
285,합천,2026-02-20 16:00,16.5,,1.8,270,13,1011.7,1014.9,1,,,0,,20
285,합천,2026-02-20 17:00,15.5,,2.2,250,20,1011.8,1015,1,,,0,,12.4
285,합천,2026-02-20 18:00,12.9,,1.6,230,30,1012.3,1015.5,.9,,,0,,8.4
285,합천,2026-02-20 19:00,11.3,,1.8,200,39,1012.7,1015.9,0,,,0,,6.4
285,합천,2026-02-20 20:00,9.8,,1,270,45,1013.3,1016.6,,,,0,,4
285,합천,2026-02-20 21:00,7,,.3,0,50,1013.7,1017,,,,0,,2.7
285,합천,2026-02-20 22:00,4.4,,.1,0,59,1013.9,1017.2,,,,0,,1.1
285,합천,2026-02-20 23:00,3.4,,0,0,68,1014.1,1017.4,,,,0,,.4
285,합천,2026-02-21 00:00,2.1,,0,0,68,1014.2,1017.6,,,,0,,-.5
285,합천,2026-02-21 01:00,1.8,,.7,200,81,1014,1017.4,,,,0,,-.5
285,합천,2026-02-21 02:00,1,,.6,200,85,1014,1017.4,,,,0,,-1.1
285,합천,2026-02-21 03:00,.2,,.7,200,90,1013.7,1017.1,,,,0,,-1.4
285,합천,2026-02-21 04:00,-.4,,.4,0,92,1013.6,1017,,,,0,,-2
285,합천,2026-02-21 05:00,-.8,,1,200,93,1013.5,1016.9,,,,0,,-2.2
285,합천,2026-02-21 06:00,-1.1,,.7,180,94,1013.9,1017.3,,,,0,,-2.5
285,합천,2026-02-21 07:00,-1.9,,.6,180,93,1014,1017.4,,,,0,,-2.8
285,합천,2026-02-21 08:00,-1.3,,.6,230,94,1014.2,1017.6,.3,,,0,,-1.5
285,합천,2026-02-21 09:00,1.5,,.1,0,83,1014.2,1017.6,1,,,0,,1.1
285,합천,2026-02-21 10:00,5.4,,.4,0,67,1013.8,1017.1,1,,,0,,8.9
285,합천,2026-02-21 11:00,11.3,,.3,0,53,1012.8,1016,1,,,0,,19.5
285,합천,2026-02-21 12:00,15.5,,2.8,230,37,1011.7,1014.9,1,,,0,,25
285,합천,2026-02-21 13:00,16.8,,3.2,180,35,1010.4,1013.6,1,,,0,,28.2
285,합천,2026-02-21 14:00,17.6,,2.8,200,34,1009.3,1012.5,1,,,0,,28.8
285,합천,2026-02-21 15:00,17.5,,3.9,180,36,1008.7,1011.9,1,,,0,,26.3
285,합천,2026-02-21 16:00,17,,3.8,200,38,1008,1011.2,1,,,0,,20.6
285,합천,2026-02-21 17:00,16.3,,3.9,180,39,1008.1,1011.3,1,,,0,,14.2
285,합천,2026-02-21 18:00,15,,2.8,200,44,1008.1,1011.3,.8,,,0,,10.8
285,합천,2026-02-21 19:00,13.5,,2.6,200,50,1008.2,1011.4,0,,,0,,8.7
285,합천,2026-02-21 20:00,12.8,,3,230,52,1008.8,1012,,,,0,,7.8
285,합천,2026-02-21 21:00,12.2,,2.9,230,59,1009.1,1012.3,,,,0,,7
285,합천,2026-02-21 22:00,11.4,,1.5,230,65,1009.4,1012.6,,,,0,,5.8
285,합천,2026-02-21 23:00,10.5,,.4,0,70,1008.8,1012,,,,0,,4.5
285,합천,2026-02-22 00:00,7,,.4,0,79,1008.7,1012,,,,0,,3.6
285,합천,2026-02-22 01:00,5.8,,.4,0,87,1008.5,1011.8,,,,0,,2.8
285,합천,2026-02-22 02:00,5,,.2,0,91,1008.3,1011.6,,,,0,,2.2
285,합천,2026-02-22 03:00,4.2,,.1,0,88,1007.8,1011.1,,,,0,,1.6
285,합천,2026-02-22 04:00,4,,.4,0,93,1007.3,1010.6,,,,0,,1.4
285,합천,2026-02-22 05:00,3.8,,.2,0,96,1007.2,1010.5,,,,0,,1.2
285,합천,2026-02-22 06:00,3.7,,.4,0,96,1007,1010.3,,,,0,,.8
285,합천,2026-02-22 07:00,3.2,,.2,0,97,1006.7,1010,,,,0,,.6
285,합천,2026-02-22 08:00,4.2,,.2,0,96,1006.2,1009.5,.2,,,0,,2
285,합천,2026-02-22 09:00,7.6,,.6,180,82,1005.6,1008.9,1,,,0,,5
285,합천,2026-02-22 10:00,15.8,,1.9,200,66,1005.1,1008.3,1,,,0,,13.6
285,합천,2026-02-22 11:00,18.3,,3.5,200,58,1004.1,1007.2,1,,,0,,22.6
285,합천,2026-02-22 12:00,20.4,,3.2,200,50,1003.2,1006.3,1,,,0,,27.8
285,합천,2026-02-22 13:00,20.1,,3.5,200,50,1002.1,1005.2,.5,,,2,,21.6
285,합천,2026-02-22 14:00,22.7,,2.4,250,41,1001.4,1004.5,.9,,,4,,31.6
285,합천,2026-02-22 15:00,21,,4.2,270,43,1001.9,1005,.6,,,4,,27
285,합천,2026-02-22 16:00,17.7,,4.1,250,39,1003.7,1006.8,1,,,0,,21.1
285,합천,2026-02-22 17:00,16.8,,1.8,270,24,1005,1008.1,.3,,,0,,15.8
285,합천,2026-02-22 18:00,14.7,,3.2,270,15,1006.3,1009.5,0,,,0,,11.4
285,합천,2026-02-22 19:00,11.8,,3.2,270,20,1008.7,1011.9,0,,,0,,8
285,합천,2026-02-22 20:00,9.4,,1.3,290,22,1010.6,1013.9,,,,0,,5.5
285,합천,2026-02-22 21:00,8,,1.5,270,21,1012.8,1016.1,,,,0,,4
285,합천,2026-02-22 22:00,7.2,,2.2,270,22,1013.9,1017.2,,,,0,,2.9
285,합천,2026-02-22 23:00,6.5,,1.3,270,18,1015.2,1018.5,,,,0,,1.8
285,합천,2026-02-23 00:00,6.1,,1.7,270,14,1016.2,1019.5,,,,0,,1.1
285,합천,2026-02-23 01:00,5.2,,1,270,16,1017.2,1020.5,,,,0,,-.1
285,합천,2026-02-23 02:00,4.6,,1.8,320,21,1017.6,1020.9,,,,0,,-.2
285,합천,2026-02-23 03:00,1.6,,.3,0,34,1017.7,1021.1,,,,0,,-1.3
285,합천,2026-02-23 04:00,1,,1.2,230,38,1018,1021.4,,,,0,,-1.4
285,합천,2026-02-23 05:00,-.9,,.2,0,51,1019,1022.4,,,,0,,-2.4
285,합천,2026-02-23 06:00,-1.7,,.2,0,58,1020.1,1023.5,,,,4,,-3.1
285,합천,2026-02-23 07:00,-2.4,,0,0,62,1021,1024.4,,,,0,,-3.7
285,합천,2026-02-23 08:00,-1.9,,.1,0,63,1021.8,1025.2,.5,,,0,,-2.3
285,합천,2026-02-23 09:00,1.4,,.3,0,46,1022.5,1025.9,1,,,0,,-.1
285,합천,2026-02-23 10:00,5.3,,.5,20,34,1022.6,1025.9,1,,,0,,8.7
285,합천,2026-02-23 11:00,6.7,,.8,110,27,1022.2,1025.5,1,,,0,,19.3
285,합천,2026-02-23 12:00,9.9,,1,70,18,1021.8,1025.1,1,,,0,,25
285,합천,2026-02-23 13:00,11.3,,1.4,20,15,1020.4,1023.7,1,,,5,,27.8
285,합천,2026-02-23 14:00,11.8,,1.3,160,14,1019.3,1022.6,1,,,7,,25.4
285,합천,2026-02-23 15:00,13.1,,1.2,200,12,1019.2,1022.4,1,,,3,,26.9
285,합천,2026-02-23 16:00,13.8,,1.2,90,11,1019,1022.2,1,,,3,,19.9
285,합천,2026-02-23 17:00,13.3,,2.1,70,12,1019.1,1022.3,1,,,5,,13.3
285,합천,2026-02-23 18:00,11.6,,1.2,70,14,1020,1023.3,.8,,,0,,8.6
285,합천,2026-02-23 19:00,8.7,,1,90,19,1020.5,1023.8,0,,,4,,5.5
285,합천,2026-02-23 20:00,6.3,,.3,0,28,1021,1024.3,,,,4,,3.3
285,합천,2026-02-23 21:00,4.7,,.5,20,32,1021.5,1024.8,,,,7,,2.4
285,합천,2026-02-23 22:00,3.3,,.5,200,40,1022,1025.4,,,,5,,1.3
285,합천,2026-02-23 23:00,2.1,,.1,0,42,1021.7,1025.1,,,,6,,1
285,합천,2026-02-24 00:00,1.3,,.4,0,48,1021.5,1024.9,,,,6,,.2
285,합천,2026-02-24 01:00,.7,,.3,0,52,1022,1025.4,,,,6,,-.2
285,합천,2026-02-24 02:00,.2,,.5,250,51,1021.8,1025.2,,,,6,,0
285,합천,2026-02-24 03:00,.1,,.1,0,58,1021.7,1025.1,,,,9,,.9
285,합천,2026-02-24 04:00,-.1,,0,0,53,1021.1,1024.5,,,,8,,0
285,합천,2026-02-24 05:00,0,,0,0,54,1020.5,1023.9,,,,8,,-.2
285,합천,2026-02-24 06:00,.4,,.1,0,49,1020.2,1023.6,,,,10,,.5
285,합천,2026-02-24 07:00,1.3,,.3,0,48,1020.6,1024,,,,10,,1.4
285,합천,2026-02-24 08:00,1.6,,.2,0,53,1021.1,1024.5,0,,,10,,2.6
285,합천,2026-02-24 09:00,2.8,,.8,230,48,1021.6,1025,0,,,10,,4.1
285,합천,2026-02-24 10:00,3.6,,.1,0,42,1022,1025.4,0,,,10,,4.4
285,합천,2026-02-24 11:00,4.1,,1.3,20,43,1021.6,1025,0,,,10,,4.9
285,합천,2026-02-24 12:00,4.4,0,.7,200,47,1021.3,1024.7,0,,,10,,4.4
285,합천,2026-02-24 13:00,1.1,,.9,70,95,1021,1024.4,0,,.4,10,,.5
285,합천,2026-02-24 14:00,1.3,,.9,50,97,1020.4,1023.8,0,,.5,10,,.9
285,합천,2026-02-24 15:00,1.4,8.5,.5,90,98,1020.1,1023.5,0,,.5,10,,.9
285,합천,2026-02-24 16:00,1.6,,.1,0,98,1020,1023.4,0,,.5,10,,.9
285,합천,2026-02-24 17:00,1.3,,.4,0,98,1020,1023.4,0,,.4,10,,.8
285,합천,2026-02-24 18:00,1.4,6.3,.3,0,98,1020.1,1023.5,0,,.5,10,,.8
285,합천,2026-02-24 19:00,1.3,,0,0,99,1020.4,1023.8,0,,.6,10,,.8
285,합천,2026-02-24 20:00,1.3,,.4,0,99,1020.1,1023.5,,,.6,10,,.8
285,합천,2026-02-24 21:00,1.4,1.6,.1,0,99,1020.1,1023.5,,,.6,10,,.8
285,합천,2026-02-24 22:00,1.4,,0,0,99,1019.8,1023.2,,,.6,10,,.8
285,합천,2026-02-24 23:00,1.3,,0,0,99,1020,1023.4,,,.6,8,,.8
285,합천,2026-02-25 00:00,1.4,.1,.1,0,99,1019.7,1023.1,,,.6,6,,.9
285,합천,2026-02-25 01:00,1.4,,0,0,99,1019.3,1022.7,,,.5,8,,.9
285,합천,2026-02-25 02:00,1.5,,.2,0,99,1019.2,1022.6,,,.5,9,,.9
285,합천,2026-02-25 03:00,1.6,,.2,0,99,1019,1022.4,,,.5,9,,.9
285,합천,2026-02-25 04:00,1.7,,0,0,99,1018.7,1022.1,,,.5,9,,.9
285,합천,2026-02-25 05:00,1.8,,.2,0,99,1018.8,1022.2,,,.5,9,,.9
285,합천,2026-02-25 06:00,1.9,,0,0,99,1019.1,1022.5,,,.5,9,,.8
285,합천,2026-02-25 07:00,2,,.3,0,99,1019.4,1022.8,,,.5,9,,.8
285,합천,2026-02-25 08:00,2.4,,.1,0,99,1020.2,1023.6,0,,.4,9,,.9
285,합천,2026-02-25 09:00,3.9,,.3,0,98,1020.4,1023.8,.1,,.4,9,,1
285,합천,2026-02-25 10:00,7,,2.3,20,75,1020.2,1023.5,.3,,.4,7,,3.1
285,합천,2026-02-25 11:00,8.5,,2.7,50,67,1020.3,1023.6,.8,,.4,8,,10.2
285,합천,2026-02-25 12:00,9.4,,2.9,20,65,1020,1023.3,.3,,,8,,12.6
285,합천,2026-02-25 13:00,10,,2.7,20,62,1019.2,1022.5,.2,,,9,,12.3
285,합천,2026-02-25 14:00,11,,3.2,50,58,1018.6,1021.9,.1,,,8,,14.6
285,합천,2026-02-25 15:00,11.8,,3,20,56,1018.6,1021.9,.6,,,4,,15.2
285,합천,2026-02-25 16:00,11.9,,2.7,20,54,1018.5,1021.7,1,,,1,,12.4
285,합천,2026-02-25 17:00,11.6,,2.2,20,55,1018.4,1021.7,1,,,0,,8.6
285,합천,2026-02-25 18:00,10.4,,1.4,20,57,1018.7,1022,1,,,0,,6.7
285,합천,2026-02-25 19:00,9,,1.8,70,56,1020,1023.3,0,,,0,,5
285,합천,2026-02-25 20:00,6,,.9,360,76,1020.9,1024.2,,,,0,,3.9
285,합천,2026-02-25 21:00,4.2,,0,0,82,1021.3,1024.7,,,,0,,2.7
285,합천,2026-02-25 22:00,3.3,,.5,200,87,1021.3,1024.7,,,,0,,2
285,합천,2026-02-25 23:00,2.7,,.7,200,91,1021.1,1024.5,,,,9,,2.1
285,합천,2026-02-26 00:00,3.3,,.4,0,88,1020.8,1024.2,,,,9,,3
285,합천,2026-02-26 01:00,3.4,,.3,0,89,1020.5,1023.9,,,,9,,3.2
285,합천,2026-02-26 02:00,3.6,,.4,0,88,1020,1023.4,,,,9,,3.5
285,합천,2026-02-26 03:00,3.8,,.1,0,87,1019.4,1022.8,,,,9,,3.7
285,합천,2026-02-26 04:00,4,,.3,0,88,1019.5,1022.9,,,,9,,3.7
285,합천,2026-02-26 05:00,4,,0,0,89,1019.1,1022.5,,,,9,,3.8
285,합천,2026-02-26 06:00,4,,.1,0,91,1018.8,1022.1,,,,9,,3.9
285,합천,2026-02-26 07:00,4.1,,.3,0,90,1018.6,1021.9,,,,9,,3.7
285,합천,2026-02-26 08:00,4.8,,.4,0,87,1018.9,1022.2,0,,,9,,4.6
285,합천,2026-02-26 09:00,5.9,,.7,180,83,1018.8,1022.1,0,,,9,,6.6
285,합천,2026-02-26 10:00,7.4,,.2,0,76,1018.8,1022.1,0,,,10,,7.9
285,합천,2026-02-26 11:00,9.1,,.2,0,66,1018.5,1021.8,0,,,10,,9.8
285,합천,2026-02-26 12:00,10.5,,.6,270,61,1017.5,1020.8,0,,,10,,11.6
285,합천,2026-02-26 13:00,11.2,,.5,360,57,1016,1019.3,0,,,10,,12.5
285,합천,2026-02-26 14:00,11.4,,1.1,70,57,1015,1018.2,0,,,10,,12.3
285,합천,2026-02-26 15:00,11.7,,1,70,58,1014.6,1017.8,0,,,10,,11.2
285,합천,2026-02-26 16:00,11.2,,1.6,50,61,1014.3,1017.5,0,,,9,,10.2
285,합천,2026-02-26 17:00,10.6,,1.8,50,64,1014.5,1017.8,0,,,10,,8.9
285,합천,2026-02-26 18:00,10.2,,1.4,50,67,1014.2,1017.5,0,,,10,,8
285,합천,2026-02-26 19:00,9.6,,1.5,20,71,1014.7,1018,0,,,10,,7.4
285,합천,2026-02-26 20:00,9.3,,1,50,73,1014.8,1018.1,,,,10,,7.1
285,합천,2026-02-26 21:00,9.1,,.8,50,74,1014.8,1018.1,,,,10,,6.9
285,합천,2026-02-26 22:00,8.8,,.7,50,75,1014.8,1018.1,,,,10,,6.8
285,합천,2026-02-26 23:00,8.8,,1.2,20,76,1014.9,1018.2,,,,10,,6.7
285,합천,2026-02-27 00:00,8.5,,1.3,50,79,1014.6,1017.9,,,,10,,6.6
285,합천,2026-02-27 01:00,8.4,,1.2,70,79,1014.6,1017.9,,,,10,,6.5
285,합천,2026-02-27 02:00,8.2,,1,50,80,1013.9,1017.2,,,,10,,6.5
285,합천,2026-02-27 03:00,8.2,,1,70,79,1013.7,1017,,,,10,,6.4
285,합천,2026-02-27 04:00,8.1,,.9,70,78,1012.8,1016.1,,,,10,,6.3
285,합천,2026-02-27 05:00,7.1,,.5,70,90,1012.6,1015.9,,,,10,,6.3
285,합천,2026-02-27 06:00,6.7,1.3,0,0,96,1012.9,1016.2,,,,10,,6.2
285,합천,2026-02-27 07:00,6.5,,0,0,99,1013.1,1016.4,,,,10,,6.1
285,합천,2026-02-27 08:00,6.5,,.7,20,99,1013,1016.3,0,,,10,,6.3
285,합천,2026-02-27 09:00,6.8,1.3,.1,0,96,1013.5,1016.8,0,,,10,,6.6
285,합천,2026-02-27 10:00,7.4,,.1,0,94,1013.6,1016.9,0,,,10,,8.1
285,합천,2026-02-27 11:00,8,,.7,50,91,1013.4,1016.7,0,,,10,,9.6
285,합천,2026-02-27 12:00,8.5,.1,1.1,20,88,1013,1016.3,0,,,10,,10.3
285,합천,2026-02-27 13:00,9.3,,2.3,50,81,1012,1015.3,0,,,9,,12
285,합천,2026-02-27 14:00,10.2,,2.3,50,75,1011.6,1014.8,0,,,9,,13.9
285,합천,2026-02-27 15:00,10.5,,2.8,50,72,1011.3,1014.5,0,,,10,,13
285,합천,2026-02-27 16:00,10.7,,2,50,71,1011.3,1014.5,0,,,9,,11.6
285,합천,2026-02-27 17:00,10.4,,2.1,50,72,1011.5,1014.7,0,,,9,,10.1
285,합천,2026-02-27 18:00,10,,1.7,70,73,1011.4,1014.7,0,,,9,,9
285,합천,2026-02-27 19:00,9.3,,.6,90,79,1011.6,1014.9,0,,,2,,8.1
285,합천,2026-02-27 20:00,8.9,,.5,70,82,1012.1,1015.4,,,,9,,7.9
285,합천,2026-02-27 21:00,8.8,,.2,0,81,1013.1,1016.4,,,,9,,7.6
285,합천,2026-02-27 22:00,8.9,,.4,0,79,1014.1,1017.4,,,,9,,7.5
285,합천,2026-02-27 23:00,8.8,,.5,70,78,1014.3,1017.6,,,,9,,7.3
285,합천,2026-02-28 00:00,7.3,,.2,0,88,1014.5,1017.8,,,,9,,5.7
285,합천,2026-02-28 01:00,5.6,,.2,0,94,1014.9,1018.2,,,,0,,4.2
285,합천,2026-02-28 02:00,4.3,,.6,230,98,1015,1018.3,,,,0,,3.2
285,합천,2026-02-28 03:00,3.4,,.7,230,99,1015.5,1018.8,,,,0,,2.7
285,합천,2026-02-28 04:00,2.7,,.4,0,99,1015.9,1019.3,,,,0,,2.4
285,합천,2026-02-28 05:00,2.5,,0,0,99,1016.7,1020.1,,,,0,,3.3
285,합천,2026-02-28 06:00,2.8,,.5,230,99,1017.7,1021.1,,,,0,,3.9
285,합천,2026-02-28 07:00,2.4,,.4,0,99,1018.6,1022,0,,,0,,4.1
285,합천,2026-02-28 08:00,2.4,,.5,50,99,1019.2,1022.6,0,,,0,,4.8
285,합천,2026-02-28 09:00,3.4,,.1,0,99,1019.6,1023,0,,,9,,7.8
285,합천,2026-02-28 10:00,5.6,,.3,0,99,1019.8,1023.1,.6,,,0,,10.9
285,합천,2026-02-28 11:00,9.8,,1.3,50,62,1019.5,1022.8,1,,,0,,17
285,합천,2026-02-28 12:00,11.7,,2.4,50,54,1019,1022.3,1,,,0,,19.1
285,합천,2026-02-28 13:00,13,,2.5,360,49,1018.5,1021.7,1,,,0,,20.3
285,합천,2026-02-28 14:00,13.4,,1.9,70,47,1018.2,1021.4,1,,,0,,20.9
285,합천,2026-02-28 15:00,14.1,,2.4,20,46,1018.2,1021.4,1,,,2,,19.5
285,합천,2026-02-28 16:00,13,,2.4,90,51,1018.4,1021.6,.9,,,0,,15.7
285,합천,2026-02-28 17:00,11.5,,1.9,110,55,1018.9,1022.2,1,,,0,,11
285,합천,2026-02-28 18:00,9.9,,2.2,90,59,1019.6,1022.9,.8,,,0,,8.6
285,합천,2026-02-28 19:00,8.5,,2,70,64,1020.6,1023.9,0,,,0,,6.6
285,합천,2026-02-28 20:00,7.1,,.8,20,71,1021.3,1024.6,,,,0,,5.6
285,합천,2026-02-28 21:00,5.2,,.5,70,80,1021.8,1025.1,,,,0,,4.6
285,합천,2026-02-28 22:00,5,,.4,0,82,1022.2,1025.5,,,,9,,5.1
285,합천,2026-02-28 23:00,5.5,,.1,0,82,1022.9,1026.2,,,,9,,5.8
285,합천,2026-03-01 00:00,6.1,,0,0,83,1022.8,1026.1,,,,10,,6
285,합천,2026-03-01 01:00,6.2,,1.1,230,78,1022.8,1026.1,,,,10,,5.7
285,합천,2026-03-01 02:00,5.9,,1,230,81,1023,1026.3,,,,9,,5.8
285,합천,2026-03-01 03:00,6,,0,0,81,1022.5,1025.8,,,,9,,5.8
285,합천,2026-03-01 04:00,6.1,,.3,0,84,1022.4,1025.7,,,,10,,5.8
285,합천,2026-03-01 05:00,6.1,,.2,0,83,1022.2,1025.5,,,,8,,5.6
285,합천,2026-03-01 06:00,4.6,,.7,230,88,1021.9,1025.3,,,,8,,3.9
285,합천,2026-03-01 07:00,3.8,,.2,0,90,1021.2,1024.6,0,,,6,,3.3
285,합천,2026-03-01 08:00,4.3,,.3,0,91,1021.7,1025.1,.2,,,5,,3.8
285,합천,2026-03-01 09:00,6.8,,.1,0,81,1021.4,1024.7,.5,,,6,,7.3
285,합천,2026-03-01 10:00,9.6,,1.7,50,66,1021.3,1024.6,.1,,,10,,10
285,합천,2026-03-01 11:00,10.1,,2.1,50,64,1021.2,1024.5,0,,,10,,10.5
285,합천,2026-03-01 12:00,10.8,,2.2,50,62,1020.8,1024.1,0,,,9,,11.9
285,합천,2026-03-01 13:00,11.2,,2.2,50,60,1021.2,1024.5,0,,,10,,12.4
285,합천,2026-03-01 14:00,11.9,,2,20,56,1020.7,1024,0,,,9,,15
285,합천,2026-03-01 15:00,11.7,,1.7,50,56,1020.1,1023.4,0,,,9,,12.4
285,합천,2026-03-01 16:00,10.9,,3.8,70,58,1019.5,1022.8,0,,,10,,10.3
285,합천,2026-03-01 17:00,10.1,,2.6,20,59,1020.2,1023.5,0,,,9,,8.7
285,합천,2026-03-01 18:00,9.5,,1.6,20,62,1021.1,1024.4,0,,,9,,7.9
285,합천,2026-03-01 19:00,9,,1.5,50,63,1021.1,1024.4,0,,,10,,7.2
285,합천,2026-03-01 20:00,8.7,,1.9,50,64,1021.6,1024.9,,,,10,,6.7
285,합천,2026-03-01 21:00,8.3,,1.9,50,63,1021.2,1024.5,,,,10,,6.2
285,합천,2026-03-01 22:00,7.9,,1.3,50,64,1021.3,1024.6,,,,9,,5.7
285,합천,2026-03-01 23:00,7.8,,1.1,20,66,1021.2,1024.5,,,,10,,5.6
285,합천,2026-03-02 00:00,7.6,,1.2,20,68,1020.4,1023.7,,,,9,,5.5
285,합천,2026-03-02 01:00,7.7,,.7,50,68,1020.6,1023.9,,,,10,,5.8
285,합천,2026-03-02 02:00,7.6,,.5,70,71,1020.5,1023.8,,,,10,,5.9
285,합천,2026-03-02 03:00,6.6,0,.8,200,84,1020,1023.3,,,,10,,6
285,합천,2026-03-02 04:00,5.9,,.3,0,94,1019.6,1022.9,,,,10,,6
285,합천,2026-03-02 05:00,5.9,,.7,70,94,1019.1,1022.4,,,,10,,6
285,합천,2026-03-02 06:00,6.2,1.4,1.1,70,93,1018.8,1022.1,,,,10,,5.9
285,합천,2026-03-02 07:00,6,,.6,70,95,1018.7,1022,0,,,10,,5.9
285,합천,2026-03-02 08:00,6.2,,.9,50,94,1018.9,1022.2,0,,,10,,6.1
285,합천,2026-03-02 09:00,6.6,3,.6,70,95,1019.2,1022.5,0,,,10,,6.7
285,합천,2026-03-02 10:00,6.8,,1.4,50,93,1019.1,1022.4,0,,,10,,7.2
285,합천,2026-03-02 11:00,6.8,,1.5,50,92,1019,1022.3,0,,,10,,7.6
285,합천,2026-03-02 12:00,6.6,2.5,1.8,50,91,1018.7,1022,0,,,10,,7.8
285,합천,2026-03-02 13:00,6.9,,2.1,50,92,1017.6,1020.9,0,,,10,,8.5
285,합천,2026-03-02 14:00,6.9,,1.8,50,92,1016.4,1019.7,0,,,10,,7.9
285,합천,2026-03-02 15:00,7.3,2.3,2.3,20,91,1014.8,1018.1,0,,,10,,8.8
285,합천,2026-03-02 16:00,7.4,,1.6,50,88,1014.6,1017.9,0,,,10,,7.7
285,합천,2026-03-02 17:00,7.1,,1.9,20,90,1014.1,1017.4,0,,,10,,7.2
285,합천,2026-03-02 18:00,6.8,2.2,2,50,91,1014,1017.3,0,,,10,,6.6
285,합천,2026-03-02 19:00,6.8,,2.8,20,93,1014.4,1017.7,0,,,10,,6.3
285,합천,2026-03-02 20:00,6.5,,2,20,94,1015,1018.3,,,,10,,6.1
285,합천,2026-03-02 21:00,5.5,16.2,2.5,20,92,1015.5,1018.8,,,,10,,5.4
285,합천,2026-03-02 22:00,5.3,,2.3,20,92,1015.7,1019,,,,10,,5.3
285,합천,2026-03-02 23:00,4.9,,1.3,20,94,1015.5,1018.8,,,,10,,5.2
285,합천,2026-03-03 00:00,5.1,4.4,1,50,93,1015.4,1018.7,,,,10,,5.2
285,합천,2026-03-03 01:00,5.1,,.4,0,94,1015.1,1018.4,,,,10,,5.3
285,합천,2026-03-03 02:00,5.5,,.9,50,91,1015,1018.3,,,,10,,5.3
285,합천,2026-03-03 03:00,5.7,.2,.4,0,90,1015,1018.3,,,,9,,5.4
285,합천,2026-03-03 04:00,5.4,,.4,0,95,1014.5,1017.8,,,,10,,5.4
285,합천,2026-03-03 05:00,5.4,,.3,0,96,1015,1018.3,,,,9,,5.4
285,합천,2026-03-03 06:00,5.4,,0,0,97,1015.1,1018.4,,,,9,,5.5
285,합천,2026-03-03 07:00,5.9,,0,0,94,1015.6,1018.9,0,,,9,,5.5
285,합천,2026-03-03 08:00,6.3,,.2,0,93,1016.2,1019.5,0,,,10,,6.1
285,합천,2026-03-03 09:00,7.9,,1,70,83,1016.7,1020,0,,,9,,7.8
285,합천,2026-03-03 10:00,8.8,,2.2,20,75,1016.9,1020.2,0,,,10,,8.9
285,합천,2026-03-03 11:00,9.1,,2.3,50,72,1017.3,1020.6,0,,,10,,9.7
285,합천,2026-03-03 12:00,10.1,,2.4,50,66,1017.7,1021,0,,,10,,11.7
285,합천,2026-03-03 13:00,10.1,,2.6,50,62,1017.6,1020.9,0,,,9,,11.3
285,합천,2026-03-03 14:00,10.9,,1.5,50,60,1017.1,1020.4,0,,,9,,12.4
285,합천,2026-03-03 15:00,11.3,,2.4,50,56,1017.4,1020.7,0,,,10,,12.6
285,합천,2026-03-03 16:00,11.6,,2.4,50,54,1017.2,1020.4,.1,,,9,,11.7
285,합천,2026-03-03 17:00,11.3,,1.3,20,56,1017.5,1020.8,0,,,8,,10.3
285,합천,2026-03-03 18:00,10.8,,.8,20,58,1018.5,1021.8,0,,,9,,9
285,합천,2026-03-03 19:00,9.5,,.7,70,67,1018.9,1022.2,0,,,7,,7.8
285,합천,2026-03-03 20:00,7.9,,.2,0,81,1019.1,1022.4,,,,5,,6.7
285,합천,2026-03-03 21:00,6.2,,.6,50,87,1019.7,1023,,,,2,,5.5
285,합천,2026-03-03 22:00,5.6,,.9,50,88,1020.4,1023.7,,,,7,,5.7
285,합천,2026-03-03 23:00,5.7,,.4,0,87,1020.6,1023.9,,,,9,,5.5
285,합천,2026-03-04 00:00,5.9,,.2,0,86,1021.2,1024.5,,,,9,,5.8
285,합천,2026-03-04 01:00,5.8,,.2,0,88,1021.3,1024.6,,,,9,,5.7
285,합천,2026-03-04 02:00,4.9,,.1,0,93,1021.4,1024.7,,,,7,,4.4
285,합천,2026-03-04 03:00,3.5,,.1,0,97,1021,1024.4,,,,0,,3
285,합천,2026-03-04 04:00,2.3,,.1,0,99,1021,1024.4,,,,0,,2.3
285,합천,2026-03-04 05:00,2,,.5,230,99,1020.7,1024.1,,,,0,,2
285,합천,2026-03-04 06:00,1.3,,.3,0,99,1021.2,1024.6,,,,0,,1.6
285,합천,2026-03-04 07:00,1,,.7,230,99,1021.1,1024.5,0,,,0,,2.6
285,합천,2026-03-04 08:00,.9,,.4,0,99,1021.7,1025.1,0,,,0,,3.9
285,합천,2026-03-04 09:00,2.1,,.4,0,99,1021.8,1025.2,.3,,,0,,6.1
285,합천,2026-03-04 10:00,7.1,,.2,0,78,1021.7,1025,1,,,0,,11.6
285,합천,2026-03-04 11:00,10.2,,1.1,140,57,1021.3,1024.6,1,,,2,,17.6
285,합천,2026-03-04 12:00,11.1,,1.1,70,50,1020.8,1024.1,.7,,,6,,17.2
285,합천,2026-03-04 13:00,12.3,,.6,160,49,1019.8,1023,.8,,,6,,22.5
285,합천,2026-03-04 14:00,13.5,,.6,20,45,1019.2,1022.4,1,,,0,,23.3
285,합천,2026-03-04 15:00,14.2,,1.3,20,42,1018.9,1022.1,1,,,0,,21.8
285,합천,2026-03-04 16:00,14.1,,1.1,140,39,1018.4,1021.6,1,,,0,,17.5
285,합천,2026-03-04 17:00,13.9,,1.5,110,42,1018.3,1021.5,1,,,0,,12.4
285,합천,2026-03-04 18:00,12.8,,1.5,70,44,1018.8,1022,.9,,,0,,9.6
285,합천,2026-03-04 19:00,9.3,,.3,0,60,1019.2,1022.5,0,,,0,,7.3
285,합천,2026-03-04 20:00,7.5,,.5,230,72,1019.7,1023,,,,0,,5.9
285,합천,2026-03-04 21:00,6.3,,.2,0,75,1020.5,1023.8,,,,0,,4.9
285,합천,2026-03-04 22:00,4.9,,.2,0,84,1021.3,1024.6,,,,0,,4.1
285,합천,2026-03-04 23:00,3.7,,.1,0,88,1021.7,1025.1,,,,0,,3.4
285,합천,2026-03-05 00:00,3,,.2,0,89,1021.7,1025.1,,,,0,,2.9
285,합천,2026-03-05 01:00,3.1,,.1,0,90,1022,1025.4,,,,8,,3.8
285,합천,2026-03-05 02:00,3.5,,.1,0,89,1021.9,1025.3,,,,9,,4.3
285,합천,2026-03-05 03:00,3.5,,.1,0,90,1021.3,1024.7,,,,9,,4.2
285,합천,2026-03-05 04:00,3,,.4,0,94,1020.8,1024.2,,,,0,,3.5
285,합천,2026-03-05 05:00,3.8,,.6,230,92,1021.3,1024.7,,,,9,,4.4
285,합천,2026-03-05 06:00,3.4,,.3,0,93,1021.5,1024.9,,,,0,,3.2
285,합천,2026-03-05 07:00,3.1,,.1,0,95,1022.2,1025.6,0,,,9,,3.7
285,합천,2026-03-05 08:00,3.9,,.2,0,91,1022.4,1025.8,0,,,9,,5.2
285,합천,2026-03-05 09:00,5.1,,.4,0,85,1023.1,1026.4,0,,,9,,7
285,합천,2026-03-05 10:00,7.2,,.7,340,77,1022.9,1026.2,0,,,8,,11.1
285,합천,2026-03-05 11:00,9.1,,.4,0,69,1022.4,1025.7,.1,,,9,,14.8
285,합천,2026-03-05 12:00,11.5,,1.2,90,60,1021.4,1024.7,.4,,,8,,18.2
285,합천,2026-03-05 13:00,12.8,,1.7,20,57,1020.5,1023.7,.3,,,7,,18.6
285,합천,2026-03-05 14:00,13.2,,1.6,50,57,1019,1022.2,.2,,,7,,17.8
285,합천,2026-03-05 15:00,14.1,,.9,360,54,1018.5,1021.7,.2,,,8,,19.1
285,합천,2026-03-05 16:00,13.9,,1,50,56,1018.3,1021.5,0,,,9,,15.1
285,합천,2026-03-05 17:00,13.4,,.5,160,58,1018.2,1021.4,0,,,10,,12.7
285,합천,2026-03-05 18:00,12.8,,1.6,160,59,1017.5,1020.7,0,,,5,,10.3
285,합천,2026-03-05 19:00,11.8,,1.1,180,61,1018,1021.2,0,,,9,,9.5
285,합천,2026-03-05 20:00,11.2,,1.2,200,63,1017.8,1021.1,,,,9,,8.8
285,합천,2026-03-05 21:00,10.8,,.9,230,65,1017.2,1020.5,,,,10,,8.5
285,합천,2026-03-05 22:00,10.3,,1,200,67,1017.2,1020.5,,,,10,,8.3
285,합천,2026-03-05 23:00,9.6,,.5,180,75,1016.9,1020.2,,,,10,,8.1
285,합천,2026-03-06 00:00,8.5,0,.1,0,89,1016.3,1019.6,,,,10,,8.1
285,합천,2026-03-06 01:00,8.4,,.4,0,89,1016.4,1019.7,,,,10,,8
285,합천,2026-03-06 02:00,8.3,,.5,290,90,1016.1,1019.4,,,,10,,7.9
285,합천,2026-03-06 03:00,7.7,.3,.9,200,96,1015.6,1018.9,,,,7,,7.7
285,합천,2026-03-06 04:00,7.8,,1,230,89,1014.8,1018.1,,,,10,,7.4
285,합천,2026-03-06 05:00,7.4,,1,250,78,1014.8,1018.1,,,,10,,6.9
285,합천,2026-03-06 06:00,7,0,1.2,270,75,1014.8,1018.1,,,,9,,6.1
285,합천,2026-03-06 07:00,6.4,,1.7,270,71,1015.4,1018.7,0,,,9,,5
285,합천,2026-03-06 08:00,6.4,,.6,270,62,1016.5,1019.8,0,,,10,,5.9
285,합천,2026-03-06 09:00,6.8,,1.6,250,59,1016.6,1019.9,.1,,,10,,8.3
285,합천,2026-03-06 10:00,7.4,,1.3,230,56,1016.8,1020.1,.1,,,9,,10
285,합천,2026-03-06 11:00,8.5,,3,290,48,1016.9,1020.2,.4,,,7,,12.9
285,합천,2026-03-06 12:00,10.4,,1.7,290,43,1016.8,1020.1,1,,,4,,19.7
285,합천,2026-03-06 13:00,11.1,,3.2,320,36,1016.5,1019.8,1,,,2,,21.5
285,합천,2026-03-06 14:00,12,,2.3,290,40,1016.4,1019.6,1,,,4,,23.8
285,합천,2026-03-06 15:00,9.7,,2,320,42,1016.5,1019.8,.9,,,4,,19.6
285,합천,2026-03-06 16:00,9.4,,3.1,270,41,1016.6,1019.9,.9,,,5,,14.7
285,합천,2026-03-06 17:00,7.8,,2.2,270,44,1017,1020.3,.5,,,5,,9.2
285,합천,2026-03-06 18:00,7.3,,1.7,290,50,1017.3,1020.6,.4,,,5,,7.2
285,합천,2026-03-06 19:00,6.1,,.9,270,51,1017.7,1021,0,,,0,,5.1
285,합천,2026-03-06 20:00,5,,1.2,250,55,1018.3,1021.6,,,,0,,3.7
285,합천,2026-03-06 21:00,3.9,,1.5,270,53,1019.1,1022.5,,,,0,,2.6
285,합천,2026-03-06 22:00,3.1,,1,270,54,1019.4,1022.8,,,,0,,1.7
285,합천,2026-03-06 23:00,2.5,,1.5,270,56,1019.7,1023.1,,,,0,,1
285,합천,2026-03-07 00:00,1.6,,.6,270,61,1020.1,1023.5,,,,0,,.4
285,합천,2026-03-07 01:00,.4,,.3,0,69,1020.7,1024.1,,,,0,,-.2
285,합천,2026-03-07 02:00,.1,,.8,250,70,1021.4,1024.8,,,,0,,0
285,합천,2026-03-07 03:00,-.7,,.6,250,75,1021.3,1024.7,,,,0,,-.1
285,합천,2026-03-07 04:00,-1.3,,.4,0,78,1020.8,1024.2,,,,0,,-.3
285,합천,2026-03-07 05:00,-2.1,,.1,0,82,1021.1,1024.5,,,,0,,-.6
285,합천,2026-03-07 06:00,-2.6,,.1,0,85,1021.6,1025,,,,0,,-.8
285,합천,2026-03-07 07:00,-3.1,,.5,20,88,1022.6,1026.1,0,,,6,,-1
285,합천,2026-03-07 08:00,-2.6,,.3,0,87,1023.8,1027.3,0,,,6,,-.7
285,합천,2026-03-07 09:00,-.9,,.2,0,78,1024.4,1027.8,.7,,,6,,-.1
285,합천,2026-03-07 10:00,3.2,,1,250,54,1024.2,1027.6,.8,,,6,,4.4
285,합천,2026-03-07 11:00,5.4,,1.5,270,44,1023.7,1027,1,,,5,,12.9
285,합천,2026-03-07 12:00,6.9,,2.7,270,35,1023.1,1026.4,1,,,0,,18.4
285,합천,2026-03-07 13:00,8.3,,2.5,270,28,1022.2,1025.5,1,,,0,,20.6
285,합천,2026-03-07 14:00,9.6,,2.2,320,23,1021.3,1024.6,1,,,0,,21.1
285,합천,2026-03-07 15:00,9.4,,3.3,320,22,1020.8,1024.1,1,,,0,,19.6
285,합천,2026-03-07 16:00,9.7,,2.7,290,23,1020.7,1024,1,,,0,,14.8
285,합천,2026-03-07 17:00,8.8,,2.1,270,26,1020.6,1023.9,1,,,0,,8.5
285,합천,2026-03-07 18:00,7.7,,1.9,340,27,1020.9,1024.2,1,,,0,,5.8
285,합천,2026-03-07 19:00,6.5,,1.5,340,28,1021.8,1025.1,.2,,,0,,3.5
285,합천,2026-03-07 20:00,3.5,,.6,340,45,1022.4,1025.8,,,,0,,1.9
285,합천,2026-03-07 21:00,1.9,,.6,20,55,1023.3,1026.7,,,,0,,.9
285,합천,2026-03-07 22:00,.6,,.4,0,63,1024.3,1027.7,,,,0,,0
285,합천,2026-03-07 23:00,-.4,,.7,200,66,1025,1028.4,,,,0,,-.2
285,합천,2026-03-08 00:00,-1.6,,.3,0,77,1025,1028.4,,,,0,,-.5
285,합천,2026-03-08 01:00,-1.8,,.1,0,72,1025.4,1028.8,,,,0,,-.8
285,합천,2026-03-08 02:00,-2.8,,0,0,81,1025.4,1028.9,,,,0,,-1.1
285,합천,2026-03-08 03:00,-3.2,,.2,0,82,1025.7,1029.2,,,,0,,-1.3
285,합천,2026-03-08 04:00,-3.6,,.6,230,86,1026,1029.5,,,,0,,-1.6
285,합천,2026-03-08 05:00,-4.5,,.4,0,87,1025.2,1028.7,,,,0,,-2
285,합천,2026-03-08 06:00,-5.2,,0,0,91,1025.4,1028.9,,,,0,,-2.3
285,합천,2026-03-08 07:00,-5.1,,.2,0,91,1025.6,1029.1,0,,,0,,-2.4
285,합천,2026-03-08 08:00,-4.2,,0,0,87,1025.9,1029.4,.9,,,5,,-1.8
285,합천,2026-03-08 09:00,-1.2,,.3,0,77,1026.1,1029.5,1,,,4,,-.9
285,합천,2026-03-08 10:00,2.6,,.3,0,47,1025.5,1028.9,1,,,1,,6.9
285,합천,2026-03-08 11:00,5.9,,.7,340,34,1025.2,1028.5,1,,,2,,15.7
285,합천,2026-03-08 12:00,7.6,,1.2,50,26,1024.2,1027.5,1,,,6,,18.3
285,합천,2026-03-08 13:00,10,,.7,160,19,1023,1026.3,1,,,5,,23
285,합천,2026-03-08 14:00,11.8,,1.2,140,16,1021.8,1025.1,1,,,5,,24.8
285,합천,2026-03-08 15:00,12.1,,1.4,180,17,1021,1024.3,1,,,6,,22.9
285,합천,2026-03-08 16:00,12.9,,1.9,180,18,1020.8,1024,1,,,7,,17.8
285,합천,2026-03-08 17:00,11.8,,1.9,180,18,1020,1023.3,.9,,,6,,12.2
285,합천,2026-03-08 18:00,11.1,,1.2,200,22,1020.5,1023.8,.7,,,7,,9.5
285,합천,2026-03-08 19:00,8.1,,.3,0,32,1021.1,1024.4,.2,,,2,,5.6
285,합천,2026-03-08 20:00,5.7,,.4,0,44,1021.9,1025.2,,,,0,,3.9
285,합천,2026-03-08 21:00,4.1,,.2,0,53,1022.4,1025.8,,,,4,,2.5
285,합천,2026-03-08 22:00,2.6,,.4,0,61,1022.8,1026.2,,,,0,,1.6
285,합천,2026-03-08 23:00,1.4,,.2,0,64,1023,1026.4,,,,0,,.5
285,합천,2026-03-09 00:00,.5,,.5,200,68,1023.3,1026.7,,,,3,,.2
285,합천,2026-03-09 01:00,-.5,,.2,0,74,1023.2,1026.6,,,,0,,-.6
285,합천,2026-03-09 02:00,-1.1,,.2,0,80,1023.5,1026.9,,,,4,,-1
285,합천,2026-03-09 03:00,-1.5,,.1,0,79,1023.4,1026.8,,,,0,,-.7
285,합천,2026-03-09 04:00,-1.7,,.3,0,80,1023.3,1026.7,,,,0,,-.9
285,합천,2026-03-09 05:00,-2,,0,0,81,1023.3,1026.7,,,,6,,-.9
285,합천,2026-03-09 06:00,-2.3,,.2,0,84,1023.3,1026.7,,,,6,,-1
285,합천,2026-03-09 07:00,-2.4,,0,0,84,1023.3,1026.7,0,,,6,,-1.1
285,합천,2026-03-09 08:00,-1.5,,.1,0,79,1023.6,1027,.5,,,0,,-.4
285,합천,2026-03-09 09:00,1.2,,.4,0,72,1023.6,1027,1,,,0,,.1
285,합천,2026-03-09 10:00,5.4,,.8,70,49,1023.5,1026.8,1,,,2,,10.3
285,합천,2026-03-09 11:00,7.9,,.6,110,40,1022.6,1025.9,.8,,,0,,16.8
285,합천,2026-03-09 12:00,9.4,,2.1,290,40,1022.1,1025.4,.5,,,8,,16.2
285,합천,2026-03-09 13:00,9.9,,2.1,290,42,1021.5,1024.8,.4,,,6,,17.9
285,합천,2026-03-09 14:00,9.7,,2.2,290,42,1020.9,1024.2,.6,,,5,,19.1
285,합천,2026-03-09 15:00,9.1,,2.9,320,42,1020.8,1024.1,.4,,,6,,16.5
285,합천,2026-03-09 16:00,9.6,,2.1,340,39,1020.8,1024.1,.5,,,5,,15.2
285,합천,2026-03-09 17:00,8.3,,1.3,320,41,1020.9,1024.2,.3,,,8,,10.4
285,합천,2026-03-09 18:00,7.7,,1.4,20,47,1021.7,1025,0,,,7,,8.6
285,합천,2026-03-09 19:00,5.9,,.3,0,54,1022.3,1025.6,0,,,0,,4.6
285,합천,2026-03-09 20:00,4.2,,.3,0,63,1023,1026.4,,,,0,,2.8
285,합천,2026-03-09 21:00,2.5,,.1,0,70,1023.7,1027.1,,,,0,,1.7
285,합천,2026-03-09 22:00,1.1,,.6,230,77,1024,1027.4,,,,0,,.7
285,합천,2026-03-09 23:00,.3,,.3,0,81,1024.4,1027.8,,,,0,,0
285,합천,2026-03-10 00:00,-.8,,.2,0,88,1024.5,1027.9,,,,0,,-.6
285,합천,2026-03-10 01:00,-1.4,,0,0,88,1024.8,1028.2,,,,0,,-.7
285,합천,2026-03-10 02:00,-1.9,,0,0,84,1024.6,1028,,,,0,,-.9
285,합천,2026-03-10 03:00,-2.3,,.2,0,88,1024.7,1028.1,,,,0,,-1.1
285,합천,2026-03-10 04:00,-2.7,,.1,0,91,1024.3,1027.8,,,,0,,-1.4
285,합천,2026-03-10 05:00,-2.9,,.3,0,92,1024.7,1028.2,,,,0,,-1.6
285,합천,2026-03-10 06:00,-3.1,,.4,0,91,1024.8,1028.3,,,,0,,-1.7
285,합천,2026-03-10 07:00,-3.7,,.2,0,92,1024.9,1028.4,0,,,0,,-1.8
285,합천,2026-03-10 08:00,-2.6,,.1,0,93,1025.1,1028.6,.7,,,0,,-.8
285,합천,2026-03-10 09:00,.3,,.2,0,83,1025.8,1029.2,1,,,0,,.1
285,합천,2026-03-10 10:00,5.1,,.5,340,62,1025.3,1028.7,1,,,0,,10.6
285,합천,2026-03-10 11:00,8,,.9,70,41,1024.5,1027.8,1,,,0,,17.7
285,합천,2026-03-10 12:00,9.2,,1.1,90,35,1023.8,1027.1,1,,,0,,22.6
285,합천,2026-03-10 13:00,10.4,,1.7,140,30,1022.5,1025.8,1,,,0,,25.3
285,합천,2026-03-10 14:00,12.1,,1.7,200,25,1021.6,1024.9,1,,,0,,26.3
285,합천,2026-03-10 15:00,12.3,,1,140,24,1020.5,1023.8,1,,,0,,24.8
285,합천,2026-03-10 16:00,12.9,,.7,200,24,1020,1023.2,1,,,0,,19.3
285,합천,2026-03-10 17:00,12.5,,1.2,200,28,1019.7,1022.9,1,,,0,,12.8
285,합천,2026-03-10 18:00,11.2,,1.2,230,33,1019.9,1023.2,.9,,,0,,9.7
285,합천,2026-03-10 19:00,8.3,,0,0,45,1020.3,1023.6,0,,,0,,6.3
285,합천,2026-03-10 20:00,7.6,,1.1,200,47,1021,1024.3,,,,0,,4.8
285,합천,2026-03-10 21:00,7.2,,.9,270,49,1021.4,1024.7,,,,4,,4.1
285,합천,2026-03-10 22:00,4.3,,0,0,64,1021.7,1025.1,,,,0,,2.7
285,합천,2026-03-10 23:00,2.9,,.2,0,70,1021.8,1025.2,,,,4,,1.9
285,합천,2026-03-11 00:00,2.1,,.3,0,77,1022,1025.4,,,,6,,1.6
285,합천,2026-03-11 01:00,1.2,,.8,230,80,1022.1,1025.5,,,,0,,.8
285,합천,2026-03-11 02:00,.4,,.4,0,83,1022.3,1025.7,,,,0,,.1
285,합천,2026-03-11 03:00,-.4,,.4,0,87,1022.3,1025.7,,,,0,,-.5
285,합천,2026-03-11 04:00,-.9,,.5,230,87,1022.2,1025.6,,,,3,,-.9
285,합천,2026-03-11 05:00,-1.4,,.1,0,91,1022.6,1026,,,,6,,-.9
285,합천,2026-03-11 06:00,-1.8,,0,0,93,1022.8,1026.2,,,,6,,-.9
285,합천,2026-03-11 07:00,-1.7,,.3,0,93,1022.8,1026.2,0,,,6,,-.8
285,합천,2026-03-11 08:00,-1,,.5,230,90,1023.4,1026.8,.1,,,5,,-.1
285,합천,2026-03-11 09:00,1.6,,.1,0,79,1023.6,1027,1,,,7,,4.9
285,합천,2026-03-11 10:00,5.6,,.4,0,63,1023.3,1026.6,1,,,4,,11.9
285,합천,2026-03-11 11:00,9,,1.1,70,49,1022.8,1026.1,1,,,0,,18.2
285,합천,2026-03-11 12:00,11.1,,.7,110,41,1022.2,1025.5,1,,,0,,23.3
285,합천,2026-03-11 13:00,11.6,,.7,270,19,1021.1,1024.4,1,,,0,,26.5
285,합천,2026-03-11 14:00,12.9,,.7,160,24,1019.9,1023.1,1,,,5,,26.5
285,합천,2026-03-11 15:00,13.4,,1.3,110,26,1019.1,1022.3,1,,,4,,23.8
285,합천,2026-03-11 16:00,13.7,,1,140,24,1018.6,1021.8,1,,,0,,19.9
285,합천,2026-03-11 17:00,13.3,,1.3,140,26,1018.6,1021.8,1,,,0,,13.8
285,합천,2026-03-11 18:00,12.4,,.9,90,29,1018.7,1021.9,.8,,,0,,10.4
285,합천,2026-03-11 19:00,8.8,,.2,0,43,1019.4,1022.7,0,,,0,,7.1
285,합천,2026-03-11 20:00,7,,.8,230,52,1020.1,1023.4,,,,0,,5.3
285,합천,2026-03-11 21:00,5.5,,.9,230,57,1020.7,1024,,,,0,,4.3
285,합천,2026-03-11 22:00,3.9,,.4,0,69,1021.5,1024.9,,,,0,,3.1
285,합천,2026-03-11 23:00,2.6,,.4,0,71,1021.9,1025.3,,,,0,,2.1
285,합천,2026-03-12 00:00,2.3,,.9,200,75,1022.1,1025.5,,,,0,,1.8
285,합천,2026-03-12 01:00,1.3,,1,200,79,1022.1,1025.5,,,,0,,1.2
285,합천,2026-03-12 02:00,.6,,.6,230,82,1022.5,1025.9,,,,0,,.5
285,합천,2026-03-12 03:00,-.2,,.1,0,85,1022.3,1025.7,,,,0,,-.1
285,합천,2026-03-12 04:00,-.7,,.8,230,86,1022.3,1025.7,,,,0,,-.4
285,합천,2026-03-12 05:00,-1.3,,.1,0,91,1022.3,1025.7,,,,0,,-.9
285,합천,2026-03-12 06:00,-1.4,,.3,0,91,1022.4,1025.8,,,,2,,-.8
285,합천,2026-03-12 07:00,-1.5,,.4,0,91,1022.6,1026,0,,,0,,-.8
285,합천,2026-03-12 08:00,-.5,,.2,0,88,1023,1026.4,.3,,,0,,.8
285,합천,2026-03-12 09:00,2,,.3,0,78,1023.3,1026.7,1,,,0,,4.9
285,합천,2026-03-12 10:00,5.8,,.1,0,62,1023.2,1026.5,.7,,,6,,10.7
285,합천,2026-03-12 11:00,8.7,,.5,250,51,1023.2,1026.5,0,,,8,,14.2
285,합천,2026-03-12 12:00,11.5,,.8,70,45,1022.4,1025.7,.6,,,0,,22.4
285,합천,2026-03-12 13:00,13,,2.2,50,39,1021.5,1024.7,.7,,,5,,23.1
285,합천,2026-03-12 14:00,12.2,,2.8,340,43,1020.7,1024,.6,,,7,,20
285,합천,2026-03-12 15:00,13.3,,2.2,20,39,1020.2,1023.4,.9,,,4,,20.6
285,합천,2026-03-12 16:00,12.8,,3.4,70,38,1020.1,1023.3,.5,,,7,,16.5
285,합천,2026-03-12 17:00,12.7,,4,50,38,1020.5,1023.7,.7,,,5,,14.7
285,합천,2026-03-12 18:00,10.6,,2.7,50,51,1021.4,1024.7,.5,,,5,,10.7
285,합천,2026-03-12 19:00,9.1,,.9,20,59,1022,1025.3,0,,,4,,8.1
285,합천,2026-03-12 20:00,8.6,,1.7,50,61,1022.7,1026,,,,6,,7.5
285,합천,2026-03-12 21:00,7.9,,.5,20,64,1023.6,1026.9,,,,7,,7
285,합천,2026-03-12 22:00,7.4,,1,50,65,1024.4,1027.7,,,,6,,6.2
285,합천,2026-03-12 23:00,7,,1.8,70,62,1025,1028.3,,,,0,,4.9
285,합천,2026-03-13 00:00,5.6,,.2,0,67,1025.2,1028.6,,,,0,,3.2
285,합천,2026-03-13 01:00,4.6,,.3,0,74,1025.6,1029,,,,0,,2.4
285,합천,2026-03-13 02:00,3.9,,.4,0,76,1025.8,1029.2,,,,0,,1.7
285,합천,2026-03-13 03:00,2.4,,.3,0,82,1025.3,1028.7,,,,0,,1.1
285,합천,2026-03-13 04:00,1.3,,.8,200,89,1025.3,1028.7,,,,0,,.5
285,합천,2026-03-13 05:00,.6,,.8,230,90,1025.5,1028.9,,,,2,,.5
285,합천,2026-03-13 06:00,0,,.7,230,92,1026,1029.4,,,,0,,-.2
285,합천,2026-03-13 07:00,-.3,,.6,200,95,1026.7,1030.1,0,,,0,,-.4
285,합천,2026-03-13 08:00,.9,,.4,0,89,1027.2,1030.6,.9,,,0,,1
285,합천,2026-03-13 09:00,6.4,,1.5,50,62,1027.7,1031,1,,,0,,5.9
285,합천,2026-03-13 10:00,8.1,,3.9,50,48,1027.7,1031,1,,,0,,12.2
285,합천,2026-03-13 11:00,8,,2.4,50,46,1027.6,1030.9,.8,,,7,,14
285,합천,2026-03-13 12:00,10.1,,2.6,50,41,1027.2,1030.5,.9,,,6,,24.4
285,합천,2026-03-13 13:00,10.3,,3,360,40,1026.8,1030.1,.7,,,7,,25.9
285,합천,2026-03-13 14:00,10.2,,2.3,70,38,1025.6,1028.9,.8,,,7,,21.4
285,합천,2026-03-13 15:00,10.1,,4.2,70,35,1025.3,1028.6,.5,,,7,,17.2
285,합천,2026-03-13 16:00,10.6,,2.5,20,34,1025,1028.3,.6,,,6,,17.2
285,합천,2026-03-13 17:00,11,,2.8,20,35,1025.3,1028.6,.9,,,6,,13.9
285,합천,2026-03-13 18:00,9.8,,2.1,50,39,1025.5,1028.8,1,,,3,,9.8
285,합천,2026-03-13 19:00,7.7,,.9,90,50,1025.8,1029.1,.3,,,0,,6.7
285,합천,2026-03-13 20:00,5.7,,.9,20,61,1026.3,1029.7,,,,0,,4.9
285,합천,2026-03-13 21:00,4,,.1,0,68,1027.1,1030.5,,,,0,,3.5
285,합천,2026-03-13 22:00,3,,.1,0,74,1027.7,1031.1,,,,0,,2.4
285,합천,2026-03-13 23:00,1.8,,.1,0,77,1028.1,1031.5,,,,0,,1.6
285,합천,2026-03-14 00:00,1,,.5,200,82,1027.9,1031.3,,,,0,,.9
285,합천,2026-03-14 01:00,-.1,,.8,230,85,1027.6,1031,,,,0,,.5
285,합천,2026-03-14 02:00,-.6,,.3,0,89,1027.5,1030.9,,,,0,,-.2
285,합천,2026-03-14 03:00,-1.2,,.5,230,90,1027.3,1030.7,,,,0,,-.6
285,합천,2026-03-14 04:00,-1.4,,.4,0,92,1026.8,1030.2,,,,0,,-.9
285,합천,2026-03-14 05:00,-2,,.4,0,93,1027.2,1030.7,,,,0,,-1.1
285,합천,2026-03-14 06:00,-2.1,,0,0,93,1027.5,1031,,,,0,,-1.2
285,합천,2026-03-14 07:00,-2.5,,.1,0,94,1027.4,1030.9,0,,,0,,-1.1
285,합천,2026-03-14 08:00,-1.1,,.1,0,91,1027.8,1031.2,.7,,,5,,-.2
285,합천,2026-03-14 09:00,2.5,,.1,0,77,1027.9,1031.3,1,,,1,,5
285,합천,2026-03-14 10:00,6.3,,.8,360,60,1027.4,1030.7,1,,,0,,12.3
285,합천,2026-03-14 11:00,8.9,,.9,160,46,1026.9,1030.2,1,,,5,,20.9
285,합천,2026-03-14 12:00,11,,.3,0,38,1025.7,1029,1,,,7,,22.5
285,합천,2026-03-14 13:00,12.7,,1.2,140,34,1024.7,1028,.9,,,0,,28.3
285,합천,2026-03-14 14:00,13.4,,1.6,110,34,1023.5,1026.7,.8,,,6,,24.2
285,합천,2026-03-14 15:00,14,,1.5,140,32,1022.5,1025.7,.8,,,7,,23
285,합천,2026-03-14 16:00,15.1,,1.1,90,30,1022.2,1025.4,.9,,,7,,23.3
285,합천,2026-03-14 17:00,14.6,,1.7,70,32,1022,1025.2,.3,,,10,,16.9
285,합천,2026-03-14 18:00,13.6,,1.4,90,33,1022.4,1025.6,0,,,7,,12.7
285,합천,2026-03-14 19:00,10.9,,.2,0,45,1022.7,1026,0,,,8,,9.7
285,합천,2026-03-14 20:00,8.9,,.8,230,56,1023.2,1026.5,,,,0,,7.3
285,합천,2026-03-14 21:00,7.5,,.6,230,59,1023.4,1026.7,,,,0,,6
285,합천,2026-03-14 22:00,6.1,,.1,0,65,1023.5,1026.8,,,,7,,5
285,합천,2026-03-14 23:00,5.1,,.1,0,69,1023.2,1026.5,,,,7,,4.2
285,합천,2026-03-15 00:00,4.4,,.7,200,75,1022.9,1026.3,,,,0,,3.8
285,합천,2026-03-15 01:00,3.2,,.7,360,78,1022.8,1026.2,,,,7,,3.2
285,합천,2026-03-15 02:00,3.4,,.2,0,82,1022.6,1026,,,,9,,3.9
285,합천,2026-03-15 03:00,3.4,,.3,0,82,1022.4,1025.8,,,,10,,4.1
285,합천,2026-03-15 04:00,3.6,,.1,0,82,1022.2,1025.6,,,,9,,4.4
285,합천,2026-03-15 05:00,4,,.3,0,81,1022.7,1026.1,,,,10,,4.5
285,합천,2026-03-15 06:00,3.9,,.2,0,81,1022.8,1026.2,,,,10,,4.5
285,합천,2026-03-15 07:00,4.1,,.4,0,83,1023.3,1026.7,0,,,10,,4.7
285,합천,2026-03-15 08:00,4.4,,.5,230,80,1023.6,1027,0,,,10,,5.5
285,합천,2026-03-15 09:00,5.5,,0,0,74,1023.7,1027,0,,,10,,7.4
285,합천,2026-03-15 10:00,6.9,,.2,0,67,1023.6,1026.9,0,,,10,,9.1
285,합천,2026-03-15 11:00,9.7,,.3,0,47,1022.9,1026.2,0,,,9,,16.8
285,합천,2026-03-15 12:00,11.4,,.4,0,38,1021.8,1025.1,.2,,,9,,18.4
285,합천,2026-03-15 13:00,13.4,,.9,110,34,1020.8,1024,.2,,,8,,24
285,합천,2026-03-15 14:00,13.6,,.6,180,36,1019.7,1022.9,.3,,,8,,21.1
285,합천,2026-03-15 15:00,13.4,,.8,360,39,1019.2,1022.4,0,,,9,,16.2
285,합천,2026-03-15 16:00,12.9,,1.6,20,38,1019.1,1022.3,0,,,9,,14.4
285,합천,2026-03-15 17:00,12.2,,2.1,70,41,1019.4,1022.6,0,,,9,,12.7
285,합천,2026-03-15 18:00,11.4,,1.4,90,49,1019.5,1022.8,0,,,7,,11
285,합천,2026-03-15 19:00,10.8,,.8,70,53,1019.8,1023.1,0,,,9,,9.8
285,합천,2026-03-15 20:00,9.5,,.1,0,61,1020.6,1023.9,,,,9,,8.3
285,합천,2026-03-15 21:00,7.5,,.2,0,69,1020.8,1024.1,,,,0,,6.2
285,합천,2026-03-15 22:00,5.9,,.2,0,76,1021.3,1024.6,,,,0,,4.6
285,합천,2026-03-15 23:00,4.3,,.1,0,84,1021.5,1024.9,,,,0,,3.5
285,합천,2026-03-16 00:00,3.3,,.5,20,89,1021.9,1025.3,,,,6,,2.8
285,합천,2026-03-16 01:00,2.4,,.2,0,91,1021.8,1025.2,,,,8,,2.3
285,합천,2026-03-16 02:00,1.8,,.2,0,94,1021.7,1025.1,,,,8,,1.7
285,합천,2026-03-16 03:00,1.5,,.2,0,95,1021,1024.4,,,,9,,2
285,합천,2026-03-16 04:00,1.9,,.6,230,94,1021.2,1024.6,,,,8,,2.1
285,합천,2026-03-16 05:00,1.3,,.4,0,94,1021.5,1024.9,,,,9,,1.8
285,합천,2026-03-16 06:00,.7,,.1,0,96,1021.3,1024.7,,,,10,,1.2
285,합천,2026-03-16 07:00,.7,,.6,200,97,1021.8,1025.2,0,,,0,,.7
285,합천,2026-03-16 08:00,2,,.2,0,94,1021.9,1025.3,.6,,,5,,3.6
285,합천,2026-03-16 09:00,5.2,,.1,0,81,1021.8,1025.1,1,,,3,,9
285,합천,2026-03-16 10:00,8.7,,.4,0,61,1021.6,1024.9,1,,,0,,14.7
285,합천,2026-03-16 11:00,11.6,,1.1,360,52,1021,1024.3,1,,,0,,22.3
285,합천,2026-03-16 12:00,13,,1.1,110,47,1020.2,1023.4,1,,,7,,25.9
285,합천,2026-03-16 13:00,14.7,,1.1,290,42,1019,1022.2,1,,,0,,31.4
285,합천,2026-03-16 14:00,15,,2.2,340,39,1018,1021.2,.5,,,9,,26.7
285,합천,2026-03-16 15:00,15.8,,.9,20,37,1017.5,1020.7,1,,,4,,29.2
285,합천,2026-03-16 16:00,15.8,,.7,140,39,1017.1,1020.3,.6,,,8,,22.7
285,합천,2026-03-16 17:00,15.6,,1.2,200,30,1016.7,1019.9,.2,,,9,,18.5
285,합천,2026-03-16 18:00,15,,.9,230,36,1016.5,1019.7,0,,,10,,14.8
285,합천,2026-03-16 19:00,13.9,,2,200,45,1016.9,1020.1,0,,,7,,11.8
285,합천,2026-03-16 20:00,12.2,,1.2,230,51,1017.6,1020.8,,,,0,,9.5
285,합천,2026-03-16 21:00,11,,.5,230,58,1018.5,1021.8,,,,0,,8.2
285,합천,2026-03-16 22:00,8.3,,.3,0,68,1018.7,1022,,,,7,,6.9
285,합천,2026-03-16 23:00,7.2,,.1,0,74,1019.2,1022.5,,,,6,,6.2
285,합천,2026-03-17 00:00,6.1,,.1,0,80,1019.2,1022.5,,,,8,,5.4
285,합천,2026-03-17 01:00,5.3,,0,0,86,1019.2,1022.5,,,,8,,4.9
285,합천,2026-03-17 02:00,5.3,,.5,230,87,1019.5,1022.8,,,,8,,4.5
285,합천,2026-03-17 03:00,4.4,,0,0,91,1019.3,1022.6,,,,8,,3.9
285,합천,2026-03-17 04:00,3.7,,0,0,93,1018.9,1022.3,,,,6,,3.4
285,합천,2026-03-17 05:00,3.3,,.3,0,96,1019,1022.4,,,,6,,2.9
285,합천,2026-03-17 06:00,2.6,,.1,0,96,1019.5,1022.9,,,,5,,2.5
285,합천,2026-03-17 07:00,2.3,,0,0,98,1019.8,1023.2,0,,,5,,2.4
285,합천,2026-03-17 08:00,3.5,,.2,0,96,1020.1,1023.5,.3,,,0,,4.6
285,합천,2026-03-17 09:00,6.4,,.4,0,84,1020.4,1023.7,1,,,0,,9.6
285,합천,2026-03-17 10:00,10.4,,.4,0,67,1020,1023.3,1,,,0,,15.8
285,합천,2026-03-17 11:00,13.6,,.5,200,58,1019.3,1022.5,1,,,0,,23.5
285,합천,2026-03-17 12:00,15.7,,1.2,110,49,1018.7,1021.9,1,,,0,,29.2
285,합천,2026-03-17 13:00,17.2,,.9,290,40,1017.6,1020.8,.9,,,0,,31.8
285,합천,2026-03-17 14:00,17.6,,1.5,200,31,1016.5,1019.7,1,,,0,,33.1
285,합천,2026-03-17 15:00,17.9,,1,230,30,1015.7,1018.9,1,,,0,,31.2
285,합천,2026-03-17 16:00,18,,1.9,200,35,1015.5,1018.7,1,,,0,,25.8
285,합천,2026-03-17 17:00,17.4,,2,230,39,1015.1,1018.3,1,,,0,,19.4
285,합천,2026-03-17 18:00,16.1,,2.2,200,47,1015.3,1018.5,.9,,,0,,15.1
285,합천,2026-03-17 19:00,14.6,,1.8,200,55,1015.6,1018.8,0,,,0,,12.1
285,합천,2026-03-17 20:00,13.2,,1.9,200,64,1016.6,1019.8,,,,0,,10.7
285,합천,2026-03-17 21:00,11.5,,.5,200,71,1016.9,1020.1,,,,0,,8.9
285,합천,2026-03-17 22:00,9.7,,.2,0,79,1016.9,1020.2,,,,0,,7.9
285,합천,2026-03-17 23:00,8.4,,.3,0,83,1017.1,1020.4,,,,0,,7.1
285,합천,2026-03-18 00:00,8.1,,.3,0,85,1016.5,1019.8,,,,8,,7.2
285,합천,2026-03-18 01:00,7.3,,.2,0,90,1015.9,1019.2,,,,9,,7
285,합천,2026-03-18 02:00,7.3,,.4,0,90,1015.5,1018.8,,,,10,,7.7
285,합천,2026-03-18 03:00,7.8,,.3,0,88,1015.1,1018.4,,,,10,,7.9
285,합천,2026-03-18 04:00,7.6,,.4,0,91,1014.5,1017.8,,,,10,,8
285,합천,2026-03-18 05:00,7.3,,.2,0,97,1014.1,1017.4,,,,10,,7.9
285,합천,2026-03-18 06:00,7.3,2.3,.3,0,99,1014,1017.3,,,,10,,7.9
285,합천,2026-03-18 07:00,7.2,,.8,70,99,1013.3,1016.6,0,,,10,,7.8
285,합천,2026-03-18 08:00,7.5,,.4,0,99,1012.7,1016,0,,,10,,8.3
285,합천,2026-03-18 09:00,8,1.8,.1,0,99,1012.6,1015.9,0,,,10,,9
285,합천,2026-03-18 10:00,8.4,,.2,0,98,1012.1,1015.4,0,,,10,,9.5
285,합천,2026-03-18 11:00,8.8,,.3,0,97,1011,1014.3,0,,,10,,10.4
285,합천,2026-03-18 12:00,9,1.6,.2,0,95,1010.4,1013.7,0,,,10,,10
285,합천,2026-03-18 13:00,9.4,,.7,20,95,1009.1,1012.4,0,,,10,,11.6
285,합천,2026-03-18 14:00,10,,.3,0,85,1007.7,1010.9,0,,,10,,13.6
285,합천,2026-03-18 15:00,10.2,.4,.4,0,85,1007.3,1010.5,0,,,10,,13.8
285,합천,2026-03-18 16:00,10.4,,.3,0,84,1007.6,1010.8,0,,,10,,12.2
285,합천,2026-03-18 17:00,11.1,,.3,0,85,1007.4,1010.6,0,,,9,,12.5
285,합천,2026-03-18 18:00,10.6,,.8,90,88,1007.2,1010.4,0,,,10,,11.1
285,합천,2026-03-18 19:00,10.2,,.3,0,90,1007.8,1011,0,,,10,,10.1
285,합천,2026-03-18 20:00,9.6,,.7,140,95,1008.4,1011.6,,,,10,,9.5
285,합천,2026-03-18 21:00,9.2,,.3,0,96,1009.6,1012.9,,,,10,,9
285,합천,2026-03-18 22:00,9.3,,.6,160,97,1010.8,1014.1,,,,10,,8.6
285,합천,2026-03-18 23:00,8.5,,.3,0,98,1011.1,1014.4,,,,9,,7.9
285,합천,2026-03-19 00:00,7.4,,.2,0,99,1011.7,1015,,,,7,,6.4
285,합천,2026-03-19 01:00,6.3,,.6,90,99,1012,1015.3,,,,7,,5.7
285,합천,2026-03-19 02:00,5.7,,.5,200,96,1012.2,1015.5,,,,0,,4.6
285,합천,2026-03-19 03:00,4.1,,.5,90,97,1012.1,1015.4,,,,5,,4.2
285,합천,2026-03-19 04:00,3.4,,1,20,97,1012.4,1015.7,,,,0,,3.4
285,합천,2026-03-19 05:00,2.7,,.3,0,99,1012.8,1016.1,,,,0,,2.5
285,합천,2026-03-19 06:00,1.2,,.2,0,99,1013.4,1016.8,,,,0,,2
285,합천,2026-03-19 07:00,.7,,.2,0,99,1014,1017.4,0,,,0,,1.8
285,합천,2026-03-19 08:00,2,,0,0,99,1014.9,1018.3,.8,,,0,,3
285,합천,2026-03-19 09:00,6,,.7,50,81,1015.6,1018.9,1,,,0,,8.6
285,합천,2026-03-19 10:00,8.6,,1,20,57,1015.6,1018.9,1,,,0,,14.3
285,합천,2026-03-19 11:00,10.2,,1.3,180,47,1015,1018.3,1,,,0,,19.7
285,합천,2026-03-19 12:00,12.3,,1.1,320,36,1014.5,1017.7,1,,,0,,23.4
285,합천,2026-03-19 13:00,13.9,,1,360,34,1013.7,1016.9,1,,,0,,25.4
285,합천,2026-03-19 14:00,15.1,,.9,320,32,1012.4,1015.6,1,,,0,,25.7
285,합천,2026-03-19 15:00,15.1,,1.2,110,27,1011.6,1014.8,1,,,0,,24.7
285,합천,2026-03-19 16:00,16.4,,1.1,140,27,1011.4,1014.6,1,,,0,,21.4
285,합천,2026-03-19 17:00,15.8,,1.3,160,27,1011.1,1014.3,1,,,0,,15.8
285,합천,2026-03-19 18:00,15,,1.3,20,32,1011.4,1014.6,1,,,0,,12
285,합천,2026-03-19 19:00,12.5,,.5,360,35,1011.9,1015.1,.4,,,0,,8.9
285,합천,2026-03-19 20:00,9.3,,.6,200,53,1013,1016.3,,,,0,,7.2
285,합천,2026-03-19 21:00,6.8,,.5,70,54,1013.7,1017,,,,1,,5.8
285,합천,2026-03-19 22:00,5.2,,.5,50,67,1014.6,1017.9,,,,5,,4.7
285,합천,2026-03-19 23:00,4.3,,0,0,74,1015.6,1018.9,,,,0,,3.8
285,합천,2026-03-20 00:00,3,,.2,0,80,1016.2,1019.6,,,,4,,3
285,합천,2026-03-20 01:00,2.7,,.7,230,77,1016.6,1020,,,,6,,2.7
285,합천,2026-03-20 02:00,2.1,,.7,230,81,1016.7,1020.1,,,,5,,2.3
285,합천,2026-03-20 03:00,1.3,,.4,0,83,1016.1,1019.5,,,,8,,2.3
285,합천,2026-03-20 04:00,1,,.3,0,88,1015.4,1018.8,,,,9,,2.2
285,합천,2026-03-20 05:00,.7,,.1,0,88,1015.5,1018.9,,,,9,,2
285,합천,2026-03-20 06:00,.6,,0,0,86,1016.4,1019.8,,,,9,,1.7
285,합천,2026-03-20 07:00,.6,,.7,230,85,1017.3,1020.7,0,,,9,,1.9
285,합천,2026-03-20 08:00,1.6,,0,0,81,1017.7,1021.1,.3,,,6,,3.6
285,합천,2026-03-20 09:00,4.1,,.3,0,72,1018.1,1021.4,.6,,,7,,7.1
285,합천,2026-03-20 10:00,9.3,,.3,0,41,1017.6,1020.9,1,,,0,,15.1
285,합천,2026-03-20 11:00,13.7,,1.2,250,19,1016.8,1020,1,,,5,,21.3
285,합천,2026-03-20 12:00,15.4,,1,340,16,1016.1,1019.3,1,,,0,,24.6
285,합천,2026-03-20 13:00,17.5,,1.5,270,13,1015.5,1018.7,1,,,0,,26.7
285,합천,2026-03-20 14:00,18.3,,3,270,12,1014.7,1017.9,1,,,0,,27.4
285,합천,2026-03-20 15:00,18.3,,2,290,12,1014.6,1017.8,1,,,0,,27.4
285,합천,2026-03-20 16:00,18,,2.3,340,13,1014.6,1017.8,1,,,0,,23.6
285,합천,2026-03-20 17:00,17.2,,1.8,290,14,1014.8,1018,1,,,0,,17.4
285,합천,2026-03-20 18:00,16.3,,1.7,320,17,1015.5,1018.7,1,,,0,,13.2
285,합천,2026-03-20 19:00,13.6,,.7,290,28,1016.4,1019.6,.2,,,0,,10
285,합천,2026-03-20 20:00,11.6,,.8,200,40,1017.6,1020.9,,,,1,,8.3
285,합천,2026-03-20 21:00,9.7,,.8,180,51,1018.6,1021.9,,,,0,,6.9
285,합천,2026-03-20 22:00,7.9,,.9,340,55,1019.1,1022.4,,,,0,,5.7
285,합천,2026-03-20 23:00,5.8,,.3,0,66,1019.5,1022.8,,,,0,,4.6
285,합천,2026-03-21 00:00,4.1,,.3,0,72,1020,1023.4,,,,0,,3.6
285,합천,2026-03-21 01:00,2.9,,.4,0,78,1020.3,1023.7,,,,0,,2.8
285,합천,2026-03-21 02:00,2.5,,.9,230,79,1020.7,1024.1,,,,0,,2.3
285,합천,2026-03-21 03:00,1.5,,.2,0,85,1020.9,1024.3,,,,0,,1.7
285,합천,2026-03-21 04:00,1,,.1,0,86,1021,1024.4,,,,0,,1.2
285,합천,2026-03-21 05:00,.3,,.9,230,87,1021.1,1024.5,,,,0,,1
285,합천,2026-03-21 06:00,.1,,.8,230,87,1021.4,1024.8,,,,0,,.6
285,합천,2026-03-21 07:00,-.3,,.5,230,90,1021.8,1025.2,.1,,,0,,.7
285,합천,2026-03-21 08:00,1.5,,.1,0,81,1022.2,1025.6,1,,,0,,2.4
285,합천,2026-03-21 09:00,5.2,,.5,110,68,1022.5,1025.8,1,,,0,,9
285,합천,2026-03-21 10:00,10.1,,.4,0,51,1022.3,1025.6,1,,,0,,16.2
285,합천,2026-03-21 11:00,13.1,,1.1,360,44,1021.8,1025,1,,,0,,22
285,합천,2026-03-21 12:00,15.8,,1,90,37,1020.9,1024.1,1,,,0,,27.5
285,합천,2026-03-21 13:00,16.8,,.9,340,26,1020,1023.2,1,,,0,,30.3
285,합천,2026-03-21 14:00,18.1,,1.1,70,24,1018.8,1022,1,,,0,,31.3
285,합천,2026-03-21 15:00,18.7,,.9,250,23,1018,1021.2,1,,,0,,30.2
285,합천,2026-03-21 16:00,18.8,,1.1,320,22,1017.3,1020.5,1,,,0,,26.3
285,합천,2026-03-21 17:00,18.3,,2.5,180,26,1017,1020.2,1,,,0,,19.7
285,합천,2026-03-21 18:00,17.1,,2.4,230,32,1017,1020.2,1,,,0,,15.2
285,합천,2026-03-21 19:00,15.1,,1.6,230,44,1017.6,1020.8,.3,,,0,,12.2
285,합천,2026-03-21 20:00,13.5,,1.5,230,52,1018.1,1021.3,,,,0,,10.5
285,합천,2026-03-21 21:00,12.5,,.7,250,56,1018.7,1021.9,,,,0,,8.9
285,합천,2026-03-21 22:00,10,,.1,0,66,1018.9,1022.2,,,,0,,7.5
285,합천,2026-03-21 23:00,7.9,,.3,0,78,1019.2,1022.5,,,,0,,6.4
285,합천,2026-03-22 00:00,6.9,,.8,230,82,1019.2,1022.5,,,,5,,6
285,합천,2026-03-22 01:00,5.9,,.7,230,85,1018.6,1021.9,,,,4,,5.4
285,합천,2026-03-22 02:00,5.5,,1.1,230,87,1019,1022.3,,,,4,,5.1
285,합천,2026-03-22 03:00,5.2,,.7,230,90,1019.1,1022.4,,,,9,,5.5
285,합천,2026-03-22 04:00,4.9,,.4,0,90,1018.2,1021.5,,,,10,,5.5
285,합천,2026-03-22 05:00,5.1,,.3,0,90,1018.3,1021.6,,,,10,,5.5
285,합천,2026-03-22 06:00,5.1,,.3,0,90,1017.4,1020.7,,,,10,,5.6
285,합천,2026-03-22 07:00,5.4,,.5,230,89,1017.9,1021.2,0,,,10,,5.7
285,합천,2026-03-22 08:00,5.9,,.5,180,86,1018.3,1021.6,0,,,10,,6.8
285,합천,2026-03-22 09:00,6.7,,.4,0,84,1018.5,1021.8,0,,,10,,8.3
285,합천,2026-03-22 10:00,8,,.1,0,76,1018.2,1021.5,0,,,10,,9.7
285,합천,2026-03-22 11:00,9.5,,.3,0,65,1017.8,1021.1,0,,,10,,12.8
285,합천,2026-03-22 12:00,12.6,,.6,340,54,1017.1,1020.3,0,,,10,,17.9
285,합천,2026-03-22 13:00,14.4,,.8,270,45,1016.1,1019.3,.2,,,8,,21.7
285,합천,2026-03-22 14:00,17,,.9,290,31,1015,1018.2,.5,,,8,,26.8
285,합천,2026-03-22 15:00,17.5,,1.5,180,26,1013.7,1016.9,.9,,,6,,25
285,합천,2026-03-22 16:00,18.7,,.6,110,26,1013.4,1016.6,1,,,1,,24.8
285,합천,2026-03-22 17:00,18.6,,.9,230,25,1013,1016.2,1,,,0,,18.9
285,합천,2026-03-22 18:00,17.6,,1,230,24,1012.9,1016.1,1,,,0,,14.2
285,합천,2026-03-22 19:00,13.5,,.1,0,45,1013,1016.2,.4,,,0,,10.5
285,합천,2026-03-22 20:00,10.5,,.3,0,60,1013.5,1016.8,,,,0,,8.6
285,합천,2026-03-22 21:00,9.2,,.2,0,58,1014,1017.3,,,,0,,7.3
285,합천,2026-03-22 22:00,7.7,,.9,180,70,1014.2,1017.5,,,,0,,6.5
285,합천,2026-03-22 23:00,6.6,,.2,0,72,1014.8,1018.1,,,,0,,5.6
285,합천,2026-03-23 00:00,5.4,,.3,0,77,1015.1,1018.4,,,,0,,4.6
285,합천,2026-03-23 01:00,4.3,,.2,0,80,1015.4,1018.7,,,,0,,3.9
285,합천,2026-03-23 02:00,3.4,,.2,0,85,1015.6,1018.9,,,,0,,3.3
285,합천,2026-03-23 03:00,2.9,,.2,0,87,1015.3,1018.7,,,,6,,3.2
285,합천,2026-03-23 04:00,2.5,,.8,200,87,1015.2,1018.6,,,,6,,2.7
285,합천,2026-03-23 05:00,1.7,,.1,0,91,1015.4,1018.8,,,,5,,2
285,합천,2026-03-23 06:00,1.2,,.4,0,92,1015.9,1019.3,,,,0,,1.5
285,합천,2026-03-23 07:00,1.1,,.3,0,94,1016.5,1019.9,.3,,,0,,1.6
285,합천,2026-03-23 08:00,3,,.5,200,82,1016.6,1020,1,,,0,,3
285,합천,2026-03-23 09:00,7.2,,.7,160,65,1016.8,1020.1,1,,,0,,10.8
285,합천,2026-03-23 10:00,13.6,,1.4,360,41,1016.8,1020,1,,,0,,18
285,합천,2026-03-23 11:00,16.5,,1.6,50,21,1016.4,1019.6,1,,,0,,25.7
285,합천,2026-03-23 12:00,19,,1.6,70,14,1015.7,1018.9,1,,,0,,30.8
285,합천,2026-03-23 13:00,19.5,,1.5,70,14,1015.2,1018.3,1,,,0,,33
285,합천,2026-03-23 14:00,20.2,,1,160,12,1014.7,1017.8,1,,,0,,34.7
285,합천,2026-03-23 15:00,21,,1.6,230,12,1014.2,1017.3,1,,,0,,33.1
285,합천,2026-03-23 16:00,20.6,,.6,160,12,1014,1017.1,1,,,0,,29.6
285,합천,2026-03-23 17:00,20.3,,.6,20,14,1013.7,1016.8,1,,,0,,21.7
285,합천,2026-03-23 18:00,19.5,,1.7,180,24,1014.2,1017.3,1,,,0,,16.7
285,합천,2026-03-23 19:00,17,,1.7,160,33,1015.3,1018.5,.3,,,0,,13.7
285,합천,2026-03-23 20:00,15.3,,1.5,180,36,1016.2,1019.4,,,,0,,11.7
285,합천,2026-03-23 21:00,12.7,,.3,0,50,1017.4,1020.6,,,,0,,10
285,합천,2026-03-23 22:00,12.2,,2.3,70,55,1018,1021.2,,,,7,,9.5
285,합천,2026-03-23 23:00,9.5,,.4,0,65,1018.4,1021.7,,,,6,,8.6
285,합천,2026-03-24 00:00,8.9,,.5,360,69,1018.6,1021.9,,,,5,,7.5
285,합천,2026-03-24 01:00,7.7,,.2,0,75,1018.7,1022,,,,0,,6.5
285,합천,2026-03-24 02:00,6.6,,.4,0,82,1018.8,1022.1,,,,0,,5.7
285,합천,2026-03-24 03:00,5.4,,.9,200,86,1018.4,1021.7,,,,0,,5.1
285,합천,2026-03-24 04:00,4.5,,.5,230,88,1018,1021.3,,,,0,,4.5
285,합천,2026-03-24 05:00,3.8,,.2,0,91,1018,1021.3,,,,0,,4
285,합천,2026-03-24 06:00,3.3,,.6,230,92,1018.4,1021.8,,,,0,,3.6
285,합천,2026-03-24 07:00,2.8,,0,0,94,1018.3,1021.7,0,,,0,,3.8
285,합천,2026-03-24 08:00,4.5,,.2,0,88,1018.5,1021.8,.7,,,0,,6
285,합천,2026-03-24 09:00,7.6,,.2,0,78,1018.6,1021.9,.9,,,4,,11.2
285,합천,2026-03-24 10:00,10.8,,.5,140,64,1018,1021.3,1,,,6,,16.8
285,합천,2026-03-24 11:00,13.7,,.9,360,49,1016.9,1020.1,1,,,5,,24.3
285,합천,2026-03-24 12:00,15.2,,.7,340,46,1015.7,1018.9,.7,,,8,,27.3
285,합천,2026-03-24 13:00,17.1,,.8,290,40,1015.1,1018.3,1,,,7,,31.2
285,합천,2026-03-24 14:00,17.6,,.8,90,36,1014,1017.2,1,,,7,,32.4
285,합천,2026-03-24 15:00,18.4,,1,200,35,1012.9,1016.1,.8,,,8,,27.9
285,합천,2026-03-24 16:00,18.8,,1.5,50,33,1012.4,1015.5,.6,,,9,,24.7
285,합천,2026-03-24 17:00,18.7,,1.4,180,32,1011.8,1014.9,.3,,,9,,22.2
285,합천,2026-03-24 18:00,17.9,,.9,230,37,1011.9,1015.1,0,,,8,,17.5
285,합천,2026-03-24 19:00,16.5,,1.4,200,47,1012.3,1015.5,0,,,8,,14.8
285,합천,2026-03-24 20:00,15.1,,1.1,230,49,1012.3,1015.5,,,,8,,13.2
285,합천,2026-03-24 21:00,14.4,,.5,200,52,1012.4,1015.6,,,,9,,12.9
285,합천,2026-03-24 22:00,13.6,,.8,230,52,1013,1016.2,,,,10,,12.4
285,합천,2026-03-24 23:00,12.9,,.1,0,55,1012.8,1016,,,,10,,11.7
285,합천,2026-03-25 00:00,12.2,,.7,230,60,1012.7,1015.9,,,,10,,11.3
285,합천,2026-03-25 01:00,11.9,,.7,230,61,1012.6,1015.8,,,,10,,10.8
285,합천,2026-03-25 02:00,11.6,,.4,0,63,1012.2,1015.4,,,,10,,10.5
285,합천,2026-03-25 03:00,11.2,,.5,250,65,1011.5,1014.7,,,,10,,10.3
285,합천,2026-03-25 04:00,10.5,,.1,0,71,1010.8,1014,,,,10,,10.1
285,합천,2026-03-25 05:00,10.1,,.3,0,74,1010.9,1014.1,,,,10,,9.9
285,합천,2026-03-25 06:00,10.1,0,.9,200,74,1011.1,1014.3,,,,10,,9.6
285,합천,2026-03-25 07:00,10.3,,.2,0,72,1011.3,1014.5,0,,,10,,9.8
285,합천,2026-03-25 08:00,10.5,,.1,0,72,1011.4,1014.6,0,,,10,,11.2
285,합천,2026-03-25 09:00,11.4,,.4,0,64,1011.6,1014.8,0,,,9,,13.1
285,합천,2026-03-25 10:00,12.6,,.3,0,61,1011.8,1015,0,,,10,,15.4
285,합천,2026-03-25 11:00,13.7,,.4,0,52,1011.6,1014.8,0,,,10,,17.4
285,합천,2026-03-25 12:00,13.9,0,.2,0,54,1011.1,1014.3,0,,,10,,16.2
285,합천,2026-03-25 13:00,15.3,,1.4,180,52,1010.4,1013.6,0,,,10,,20.2
285,합천,2026-03-25 14:00,15.6,,.8,340,51,1009.8,1013,0,,,10,,19.1
285,합천,2026-03-25 15:00,16.6,0,.8,180,43,1009.3,1012.5,.5,,,6,,25.7
285,합천,2026-03-25 16:00,17.7,,.9,140,43,1008.5,1011.6,1,,,0,,24.7
285,합천,2026-03-25 17:00,17.7,,.8,70,44,1008.5,1011.6,1,,,0,,20
285,합천,2026-03-25 18:00,17.1,,.6,90,45,1008.7,1011.9,.6,,,0,,15.5
285,합천,2026-03-25 19:00,14.1,,.2,0,59,1009,1012.2,0,,,0,,12
285,합천,2026-03-25 20:00,12.1,,1.3,230,67,1009.8,1013,,,,0,,10.4
285,합천,2026-03-25 21:00,10.8,,.8,250,71,1010.8,1014,,,,0,,9.3
285,합천,2026-03-25 22:00,9.8,,.3,0,76,1011.3,1014.6,,,,0,,8.3
285,합천,2026-03-25 23:00,7.8,,.3,0,84,1011.4,1014.7,,,,0,,7.5
285,합천,2026-03-26 00:00,6.9,,.3,0,88,1011.7,1015,,,,0,,6.6
285,합천,2026-03-26 01:00,6.3,,0,0,91,1011.9,1015.2,,,,0,,5.8
285,합천,2026-03-26 02:00,5.5,,.3,0,93,1012.1,1015.4,,,,0,,5.3
285,합천,2026-03-26 03:00,4.7,,.1,0,96,1012.2,1015.5,,,,0,,4.8
285,합천,2026-03-26 04:00,4.2,,.4,0,97,1012,1015.3,,,,0,,4.6
285,합천,2026-03-26 05:00,4.2,,.6,230,98,1012.1,1015.4,,,,0,,4.2
285,합천,2026-03-26 06:00,3.6,,.1,0,97,1012.6,1015.9,,,,0,,3.9
285,합천,2026-03-26 07:00,3.6,,.1,0,98,1013.1,1016.4,0,,,0,,4.4
285,합천,2026-03-26 08:00,5.3,,.2,0,95,1013.3,1016.6,.6,,,0,,6.6
285,합천,2026-03-26 09:00,8.6,,.4,0,82,1013.5,1016.8,1,,,0,,13
285,합천,2026-03-26 10:00,13.8,,.3,0,59,1012.9,1016.1,1,,,0,,20.8
285,합천,2026-03-26 11:00,17.4,,1,140,37,1012.1,1015.3,1,,,0,,27.6
285,합천,2026-03-26 12:00,20,,1.1,200,31,1011.1,1014.2,1,,,0,,33.1
285,합천,2026-03-26 13:00,21.5,,1.3,90,27,1010.2,1013.3,1,,,0,,35.8
285,합천,2026-03-26 14:00,22.8,,1.1,270,21,1009,1012.1,1,,,0,,36.6
285,합천,2026-03-26 15:00,23.8,,1.4,270,21,1008.2,1011.3,1,,,0,,35.2
285,합천,2026-03-26 16:00,23.7,,1.6,110,19,1008.1,1011.2,1,,,0,,31.2
285,합천,2026-03-26 17:00,23.3,,2.4,320,16,1008.1,1011.2,1,,,0,,24.5
285,합천,2026-03-26 18:00,22.3,,2.1,340,17,1008.1,1011.2,1,,,0,,18.9
285,합천,2026-03-26 19:00,18.9,,1.4,20,25,1008.5,1011.6,.2,,,0,,15.2
285,합천,2026-03-26 20:00,15.6,,.9,180,39,1009.4,1012.6,,,,0,,12.5
285,합천,2026-03-26 21:00,13.5,,.4,0,43,1010.3,1013.5,,,,0,,10.9
285,합천,2026-03-26 22:00,12.1,,.5,340,50,1011.2,1014.4,,,,0,,9.8
285,합천,2026-03-26 23:00,10.1,,.3,0,57,1011.6,1014.9,,,,2,,8.7
285,합천,2026-03-27 00:00,8.6,,.1,0,65,1011.9,1015.2,,,,0,,7.7
285,합천,2026-03-27 01:00,8.2,,.4,0,77,1011.8,1015.1,,,,0,,7
285,합천,2026-03-27 02:00,6.8,,.3,0,74,1011.7,1015,,,,0,,6.4
285,합천,2026-03-27 03:00,6.2,,.1,0,79,1011.6,1014.9,,,,0,,5.9
285,합천,2026-03-27 04:00,5.8,,0,0,81,1011.5,1014.8,,,,0,,5.4
285,합천,2026-03-27 05:00,5.2,,.1,0,84,1011.8,1015.1,,,,0,,5.1
285,합천,2026-03-27 06:00,4.5,,.1,0,87,1012.3,1015.6,,,,0,,4.8
285,합천,2026-03-27 07:00,4.4,,.4,0,88,1012.6,1015.9,0,,,0,,5.4
285,합천,2026-03-27 08:00,6.5,,.2,0,81,1012.7,1016,.5,,,0,,8.1
285,합천,2026-03-27 09:00,10.2,,.3,0,66,1012.4,1015.7,1,,,0,,13.9
285,합천,2026-03-27 10:00,14.4,,.3,0,53,1012,1015.2,1,,,0,,20.5
285,합천,2026-03-27 11:00,20.4,,1.2,250,28,1010.9,1014,1,,,0,,27.4
285,합천,2026-03-27 12:00,21.8,,1.8,230,25,1009.9,1013,1,,,1,,32.2
285,합천,2026-03-27 13:00,22.8,,1.8,180,23,1008.6,1011.7,1,,,1,,35.4
285,합천,2026-03-27 14:00,24.4,,2.1,270,23,1007.5,1010.6,1,,,5,,34.7
285,합천,2026-03-27 15:00,25.1,,2.3,270,21,1006.6,1009.7,1,,,3,,34.5
285,합천,2026-03-27 16:00,24.8,,2.2,270,22,1006.3,1009.4,1,,,0,,30.3
285,합천,2026-03-27 17:00,23.8,,3.2,340,23,1006.4,1009.5,1,,,0,,24.3
285,합천,2026-03-27 18:00,22.7,,2.4,290,24,1006.9,1010,.3,,,6,,19.9
285,합천,2026-03-27 19:00,20.8,,2.1,290,25,1007.3,1010.4,0,,,6,,16.4
285,합천,2026-03-27 20:00,19.2,,1.4,250,27,1007.9,1011,,,,6,,14.3
285,합천,2026-03-27 21:00,18.6,,1.6,250,26,1008.7,1011.8,,,,8,,13.4
285,합천,2026-03-27 22:00,17.9,,1.8,270,32,1009,1012.1,,,,8,,12.9
285,합천,2026-03-27 23:00,15.7,,1.4,230,39,1009.4,1012.6,,,,8,,12.2
285,합천,2026-03-28 00:00,14.3,,.6,200,43,1009.7,1012.9,,,,9,,11.4
285,합천,2026-03-28 01:00,12.8,,.2,0,51,1009.7,1012.9,,,,8,,10.6
285,합천,2026-03-28 02:00,12,,.6,200,55,1009.9,1013.1,,,,6,,10
285,합천,2026-03-28 03:00,11.3,,0,0,61,1010.1,1013.3,,,,8,,9.5
285,합천,2026-03-28 04:00,10,,.2,0,65,1010.3,1013.5,,,,8,,8.5
285,합천,2026-03-28 05:00,9,,0,0,74,1010.5,1013.8,,,,9,,8
285,합천,2026-03-28 06:00,8.4,,.2,0,74,1011.1,1014.4,,,,6,,7.3
285,합천,2026-03-28 07:00,8.1,,.5,230,74,1011.7,1015,0,,,6,,7.7
285,합천,2026-03-28 08:00,9.1,,.3,0,72,1012.5,1015.8,.3,,,0,,8.7
285,합천,2026-03-28 09:00,14,,.3,0,55,1012.6,1015.8,1,,,0,,16.6
285,합천,2026-03-28 10:00,17.4,,1.2,70,37,1012.8,1016,1,,,0,,25.2
285,합천,2026-03-28 11:00,18.9,,.8,70,29,1012.4,1015.5,1,,,0,,31
285,합천,2026-03-28 12:00,19.8,,1.4,140,27,1011.8,1014.9,1,,,0,,35.4
285,합천,2026-03-28 13:00,21.5,,1.5,200,25,1011.2,1014.3,1,,,0,,38.5
285,합천,2026-03-28 14:00,22.9,,2,70,22,1010.2,1013.3,1,,,0,,38.9
285,합천,2026-03-28 15:00,23.6,,1.6,90,22,1009.4,1012.5,1,,,0,,37
285,합천,2026-03-28 16:00,24,,1.2,50,18,1008.7,1011.8,1,,,0,,33.3
285,합천,2026-03-28 17:00,23.4,,1.4,70,19,1008.7,1011.8,1,,,0,,26.3
285,합천,2026-03-28 18:00,21.4,,2.6,200,29,1009.4,1012.5,1,,,0,,20.5
285,합천,2026-03-28 19:00,19.3,,2.7,230,38,1010.3,1013.4,.2,,,0,,16.8
285,합천,2026-03-28 20:00,16.9,,1,180,57,1011.9,1015.1,,,,0,,14.6
285,합천,2026-03-28 21:00,15.4,,1,160,65,1013.3,1016.5,,,,0,,13.2
285,합천,2026-03-28 22:00,13.2,,.3,0,74,1013.6,1016.8,,,,0,,11.5
285,합천,2026-03-28 23:00,11.9,,.3,0,81,1013.9,1017.1,,,,0,,10.5
285,합천,2026-03-29 00:00,10.4,,.1,0,83,1013.9,1017.2,,,,0,,9.6
285,합천,2026-03-29 01:00,9.6,,.3,0,88,1014,1017.3,,,,0,,8.8
285,합천,2026-03-29 02:00,8.5,,.1,0,92,1013.8,1017.1,,,,2,,8.5
285,합천,2026-03-29 03:00,8.7,,.6,230,92,1013.7,1017,,,,9,,8.9
285,합천,2026-03-29 04:00,8.6,,.3,0,93,1013.7,1017,,,,9,,8.7
285,합천,2026-03-29 05:00,8,,.2,0,94,1014,1017.3,,,,9,,8.6
285,합천,2026-03-29 06:00,7.7,,.1,0,95,1014.3,1017.6,,,,8,,8.5
285,합천,2026-03-29 07:00,7.8,,.3,0,96,1014.5,1017.8,0,,,6,,8.9
285,합천,2026-03-29 08:00,9,,.6,180,91,1014.9,1018.2,0,,,5,,11.9
285,합천,2026-03-29 09:00,11.3,,.2,0,82,1014.7,1017.9,0,,,6,,15.7
285,합천,2026-03-29 10:00,14.3,,1.3,20,72,1014.6,1017.8,.3,,,8,,20.8
285,합천,2026-03-29 11:00,16.8,,1.1,90,62,1014.3,1017.5,.5,,,4,,28.5
285,합천,2026-03-29 12:00,18,,1.3,90,57,1013.5,1016.7,1,,,5,,34.1
285,합천,2026-03-29 13:00,20.3,,1.3,200,49,1012.6,1015.7,1,,,0,,37.6
285,합천,2026-03-29 14:00,21.8,,2.4,230,38,1011.7,1014.8,1,,,0,,38.3
285,합천,2026-03-29 15:00,21.7,,1.2,180,33,1010.9,1014,.9,,,6,,32.1
285,합천,2026-03-29 16:00,21.1,,2.7,180,31,1010.7,1013.8,.6,,,6,,27
285,합천,2026-03-29 17:00,20.9,,2,230,29,1011.3,1014.4,0,,,7,,23.5
285,합천,2026-03-29 18:00,20,,2.1,200,37,1011.5,1014.6,0,,,7,,20.1
285,합천,2026-03-29 19:00,18.6,,1.3,230,42,1011.9,1015,0,,,6,,16.5
285,합천,2026-03-29 20:00,16.8,,1.3,230,54,1012.4,1015.6,,,,0,,14.4
285,합천,2026-03-29 21:00,15.9,,.7,230,59,1013.2,1016.4,,,,0,,13.1
285,합천,2026-03-29 22:00,13.8,,.3,0,63,1013.4,1016.6,,,,0,,11.8
285,합천,2026-03-29 23:00,11.9,,.6,160,77,1013.7,1016.9,,,,0,,11
285,합천,2026-03-30 00:00,11.5,,.7,250,78,1013.7,1016.9,,,,0,,10.1
285,합천,2026-03-30 01:00,10.5,,.4,0,82,1013.9,1017.2,,,,5,,9.4
285,합천,2026-03-30 02:00,9.3,,.1,0,87,1013.8,1017.1,,,,5,,8.8
285,합천,2026-03-30 03:00,8.7,,.3,0,90,1013.6,1016.9,,,,7,,8.8
285,합천,2026-03-30 04:00,8.5,,.6,230,92,1013.4,1016.7,,,,8,,8.7
285,합천,2026-03-30 05:00,8,,.5,70,93,1013.2,1016.5,,,,9,,8.9
285,합천,2026-03-30 06:00,7.9,,.1,0,93,1013.6,1016.9,,,,8,,8.7
285,합천,2026-03-30 07:00,8.4,,.2,0,93,1013.9,1017.2,0,,,8,,9.3
285,합천,2026-03-30 08:00,9.5,,.7,230,90,1014.1,1017.4,0,,,10,,11.6
285,합천,2026-03-30 09:00,11.3,,.7,200,81,1014.3,1017.5,0,,,10,,14.8
285,합천,2026-03-30 10:00,13.5,,.5,110,73,1013.7,1016.9,.1,,,8,,19.8
285,합천,2026-03-30 11:00,16.9,,1,20,62,1012.9,1016.1,.7,,,8,,27.2
285,합천,2026-03-30 12:00,18.2,,.9,360,51,1012,1015.2,.6,,,9,,26
285,합천,2026-03-30 13:00,18.2,,.8,70,53,1011.2,1014.3,0,,,10,,19.6
285,합천,2026-03-30 14:00,17.2,,.3,0,63,1010.6,1013.8,0,,,10,,17.8
285,합천,2026-03-30 15:00,14.9,.6,.9,20,88,1009.6,1012.8,0,,,10,,17.2
285,합천,2026-03-30 16:00,14.7,,.3,0,90,1008.9,1012.1,0,,,10,,16.8
285,합천,2026-03-30 17:00,13,,.7,230,90,1008.5,1011.7,0,,,10,,14.8
285,합천,2026-03-30 18:00,12.2,1.6,.4,0,94,1008,1011.2,0,,,10,,13.7
285,합천,2026-03-30 19:00,12,,.1,0,97,1007.4,1010.6,0,,,10,,13.1
285,합천,2026-03-30 20:00,11.9,,.7,270,98,1008.1,1011.3,,,,10,,12.6
285,합천,2026-03-30 21:00,11.7,8.7,.7,50,99,1006.5,1009.7,,,,10,,12.4
285,합천,2026-03-30 22:00,11.7,,1.7,70,97,1005.2,1008.4,,,,10,,12
285,합천,2026-03-30 23:00,11.5,,2.4,50,97,1003,1006.2,,,,10,,11.8
285,합천,2026-03-31 00:00,11.1,14.5,2.3,70,95,1002.3,1005.5,,,,10,,11.5
285,합천,2026-03-31 01:00,11.3,,1.4,50,95,1001.6,1004.8,,,,10,,11.4
285,합천,2026-03-31 02:00,11.5,,2.5,70,94,1000.2,1003.4,,,,9,,11.3
285,합천,2026-03-31 03:00,11.4,5.6,1.6,20,96,999.5,1002.7,,,,9,,11.3
285,합천,2026-03-31 04:00,11.5,,1.2,340,96,999.7,1002.9,,,,10,,11.4
285,합천,2026-03-31 05:00,11.3,,.3,0,97,1000.5,1003.7,,,,10,,11.3
285,합천,2026-03-31 06:00,11.2,4.4,.5,70,97,1001.3,1004.5,,,,9,,11.3
285,합천,2026-03-31 07:00,11.4,,.4,0,95,1002.5,1005.7,0,,,9,,11.4
285,합천,2026-03-31 08:00,12.7,,.6,50,87,1003.4,1006.6,0,,,9,,13
285,합천,2026-03-31 09:00,15,.1,1.7,90,71,1004.2,1007.4,.1,,,7,,16.5
285,합천,2026-03-31 10:00,15.7,,4.3,50,61,1005.6,1008.8,.9,,,6,,18.3
285,합천,2026-03-31 11:00,16.4,,2.4,50,60,1005.6,1008.8,.6,,,7,,19.4
285,합천,2026-03-31 12:00,17.1,,3.1,70,59,1005.5,1008.6,.4,,,7,,22.8
285,합천,2026-03-31 13:00,17.4,,2.2,50,58,1006.5,1009.6,.4,,,9,,22
285,합천,2026-03-31 14:00,18.3,,2.5,20,56,1007.1,1010.2,.2,,,8,,23.6
285,합천,2026-03-31 15:00,17.2,,1.7,50,60,1007.3,1010.4,0,,,10,,17.9
285,합천,2026-03-31 16:00,17.3,,2.7,70,56,1007.3,1010.4,0,,,10,,18.8
285,합천,2026-03-31 17:00,16.6,,1.5,70,61,1008.1,1011.3,0,,,9,,16.3
285,합천,2026-03-31 18:00,16,,1.4,70,66,1009.3,1012.5,0,,,10,,14.9
285,합천,2026-03-31 19:00,15.2,,.9,70,71,1009.7,1012.9,0,,,9,,14.2
285,합천,2026-03-31 20:00,14.6,,.6,90,77,1010.5,1013.7,,,,9,,13.8
285,합천,2026-03-31 21:00,13.5,0,.6,180,90,1010.3,1013.5,,,,10,,13.5
285,합천,2026-03-31 22:00,13.2,,0,0,94,1010.5,1013.7,,,,10,,13.3
285,합천,2026-03-31 23:00,13.1,,.5,180,91,1010.7,1013.9,,,,10,,13.1
285,합천,2026-04-01 00:00,12.6,0,.6,180,94,1011.2,1014.4,,,,10,,12.9
285,합천,2026-04-01 01:00,12.6,,.4,0,96,1011.4,1014.6,,,,10,,12.8
285,합천,2026-04-01 02:00,12.4,,.4,0,96,1011.1,1014.3,,,,10,,12.6
285,합천,2026-04-01 03:00,12.1,0,.2,0,97,1011,1014.2,,,,10,,12.4
285,합천,2026-04-01 04:00,11.8,,.4,0,98,1010.6,1013.8,,,,10,,12.2
285,합천,2026-04-01 05:00,11.6,,.4,0,97,1010.8,1014,,,,10,,12.1
285,합천,2026-04-01 06:00,11.6,,.3,0,98,1011,1014.2,,,,9,,12
285,합천,2026-04-01 07:00,11.7,,.1,0,97,1011.3,1014.5,0,,,9,,12.1
285,합천,2026-04-01 08:00,12.2,,.5,360,95,1011.1,1014.3,0,,,8,,13.8
285,합천,2026-04-01 09:00,13.2,,.6,50,78,1010.8,1014,0,,,8,,15.5
285,합천,2026-04-01 10:00,13.8,,.9,360,73,1010.7,1013.9,0,,,10,,16.6
285,합천,2026-04-01 11:00,14.4,,.3,0,70,1010.9,1014.1,0,,,10,,16.4
285,합천,2026-04-01 12:00,14.3,,.9,230,74,1011.1,1014.3,0,,,10,,16.3
285,합천,2026-04-01 13:00,14.3,,1.2,200,81,1010.4,1013.6,0,,,10,,17.6
285,합천,2026-04-01 14:00,14.6,,.5,200,74,1009.4,1012.6,0,,,10,,17.9
285,합천,2026-04-01 15:00,15,,.9,200,75,1008.5,1011.7,0,,,10,,17
285,합천,2026-04-01 16:00,14.9,,1.3,180,77,1008,1011.2,0,,,10,,16.5
285,합천,2026-04-01 17:00,15.3,,.7,200,75,1007.8,1011,0,,,10,,16.3
285,합천,2026-04-01 18:00,14.9,,.8,230,79,1007.8,1011,0,,,10,,14.8
285,합천,2026-04-01 19:00,14.1,,.7,180,84,1008.1,1011.3,0,,,10,,13.9
285,합천,2026-04-01 20:00,13.2,,.6,70,91,1008.7,1011.9,,,,10,,13.4
285,합천,2026-04-01 21:00,12.8,,.2,0,95,1009.3,1012.5,,,,9,,12.8
285,합천,2026-04-01 22:00,12.5,,0,0,96,1009.6,1012.8,,,,9,,12.7
285,합천,2026-04-01 23:00,12.2,,0,0,97,1009.7,1012.9,,,,10,,12.3
285,합천,2026-04-02 00:00,11.9,,0,0,97,1009.8,1013,,,,10,,11.8
285,합천,2026-04-02 01:00,12.2,,1.2,270,69,1009.9,1013.1,,,,7,,11
285,합천,2026-04-02 02:00,11.8,,.9,250,64,1010,1013.2,,,,9,,10.7
285,합천,2026-04-02 03:00,10.7,,1,230,64,1009.9,1013.1,,,,0,,9.1
285,합천,2026-04-02 04:00,9.5,,.4,0,66,1010.1,1013.4,,,,0,,7.8
285,합천,2026-04-02 05:00,7.3,,.7,230,85,1010.2,1013.5,,,,0,,7.1
285,합천,2026-04-02 06:00,7,,1.3,270,81,1010.9,1014.2,,,,0,,6.4
285,합천,2026-04-02 07:00,6.3,,1.2,230,86,1011.8,1015.1,.4,,,0,,6.6
285,합천,2026-04-02 08:00,9.2,,1.5,230,68,1012.2,1015.5,1,,,0,,7.8
285,합천,2026-04-02 09:00,13.9,,1.7,250,43,1012.7,1015.9,1,,,0,,15.3
285,합천,2026-04-02 10:00,15.6,,1.5,250,37,1012.5,1015.7,1,,,0,,21
285,합천,2026-04-02 11:00,18,,2.3,270,31,1012.4,1015.6,1,,,0,,25.1
285,합천,2026-04-02 12:00,18.7,,3,340,30,1011.8,1014.9,1,,,0,,27.4
285,합천,2026-04-02 13:00,20.9,,2.1,250,26,1010.6,1013.7,1,,,0,,29.4
285,합천,2026-04-02 14:00,21.1,,2.4,290,22,1010.1,1013.2,1,,,0,,29.4
285,합천,2026-04-02 15:00,21.6,,2.5,270,20,1009.5,1012.6,1,,,0,,28.5
285,합천,2026-04-02 16:00,21.9,,1.6,270,18,1009.1,1012.2,1,,,0,,26.4
285,합천,2026-04-02 17:00,20.6,,1.9,270,17,1009.1,1012.2,1,,,0,,21.9
285,합천,2026-04-02 18:00,19.8,,1.9,270,19,1010.2,1013.3,1,,,0,,16.2
285,합천,2026-04-02 19:00,17.5,,.8,250,25,1011.1,1014.3,.6,,,0,,13.2
285,합천,2026-04-02 20:00,14.7,,1.1,230,31,1012.1,1015.3,,,,0,,11.3
285,합천,2026-04-02 21:00,12.8,,.9,250,41,1013.4,1016.6,,,,0,,10
285,합천,2026-04-02 22:00,11.3,,.5,250,50,1013.9,1017.1,,,,0,,9
285,합천,2026-04-02 23:00,9.6,,.4,0,58,1013.9,1017.2,,,,0,,8.2
285,합천,2026-04-03 00:00,8.3,,1.1,230,63,1014.1,1017.4,,,,2,,7.4
285,합천,2026-04-03 01:00,8.7,,.7,200,59,1014.4,1017.7,,,,6,,7.2
285,합천,2026-04-03 02:00,7.3,,.7,200,69,1014.4,1017.7,,,,7,,7.2
285,합천,2026-04-03 03:00,6.7,,.9,230,72,1014.5,1017.8,,,,8,,6.9
285,합천,2026-04-03 04:00,6.4,,.3,0,75,1014.1,1017.4,,,,9,,6.8
285,합천,2026-04-03 05:00,5.8,,0,0,82,1014.1,1017.4,,,,8,,6.5
285,합천,2026-04-03 06:00,5.5,,.5,360,80,1014.1,1017.4,,,,8,,6.5
285,합천,2026-04-03 07:00,5.9,,.9,230,84,1014.5,1017.8,0,,,6,,7.1
285,합천,2026-04-03 08:00,7.7,,.2,0,76,1014.5,1017.8,.4,,,0,,8.5
285,합천,2026-04-03 09:00,12.2,,.3,0,58,1014,1017.2,1,,,5,,15.9
285,합천,2026-04-03 10:00,15.6,,.5,110,44,1014,1017.2,1,,,5,,21.7
285,합천,2026-04-03 11:00,18.2,,.9,50,38,1013.2,1016.4,1,,,6,,25.4
285,합천,2026-04-03 12:00,20.9,,1.9,20,39,1012.3,1015.4,.8,,,7,,29.8
285,합천,2026-04-03 13:00,21.7,,.8,180,38,1011.1,1014.2,.4,,,8,,27.1
285,합천,2026-04-03 14:00,23.2,,1.6,230,28,1010,1013.1,.5,,,7,,31.1
285,합천,2026-04-03 15:00,23.6,,2.5,200,29,1009.1,1012.2,1,,,7,,30.5
285,합천,2026-04-03 16:00,22.8,,2.5,230,18,1008.7,1011.8,.8,,,8,,26.2
285,합천,2026-04-03 17:00,20.9,,2.6,230,30,1008.6,1011.7,.1,,,10,,21.6
285,합천,2026-04-03 18:00,19,,2.9,230,39,1008.7,1011.8,0,,,10,,18.5
285,합천,2026-04-03 19:00,17.7,,2.3,230,48,1008.7,1011.8,0,,,10,,16.5
285,합천,2026-04-03 20:00,16.5,,1.5,200,53,1008.6,1011.8,,,,10,,15.3
285,합천,2026-04-03 21:00,15.9,,1,230,55,1008.9,1012.1,,,,10,,14.5
285,합천,2026-04-03 22:00,15.5,,.5,270,58,1008.3,1011.5,,,,10,,14
285,합천,2026-04-03 23:00,13.8,0,.6,230,74,1007.8,1011,,,,10,,13.6
285,합천,2026-04-04 00:00,11.7,2.1,.4,0,92,1007.6,1010.8,,,,10,,12.9
285,합천,2026-04-04 01:00,11.4,2,1.1,50,98,1005.6,1008.8,,,,10,,12.6
285,합천,2026-04-04 02:00,11.3,2.1,.4,0,99,1003.3,1006.5,,,,10,,12.4
285,합천,2026-04-04 03:00,11.3,3.6,1.1,20,98,1001.8,1005,,,,10,,12.2
285,합천,2026-04-04 04:00,11.2,4.5,1.5,70,98,1000.4,1003.6,,,,10,,12
285,합천,2026-04-04 05:00,11.3,6,1.5,50,98,998.8,1002,,,,10,,11.8
285,합천,2026-04-04 06:00,11.3,5.8,2.5,70,99,996.4,999.6,,,,10,,11.8
285,합천,2026-04-04 07:00,11.4,5,2.8,70,97,994.2,997.4,0,,,10,,11.6
285,합천,2026-04-04 08:00,11.7,4.1,1.9,70,97,993.5,996.7,0,,,10,,11.9
285,합천,2026-04-04 09:00,12,5.6,.4,0,99,993,996.2,0,,,10,,12.8
285,합천,2026-04-04 10:00,12.5,1,.9,180,99,993.3,996.5,0,,,9,,14.2
285,합천,2026-04-04 11:00,13.1,.2,1.2,230,95,994.2,997.4,0,,,9,,15.8
285,합천,2026-04-04 12:00,14.5,,.7,200,86,994.3,997.4,0,,,9,,19.6
285,합천,2026-04-04 13:00,16.8,,1,110,76,993.6,996.7,.6,,,9,,24.5
285,합천,2026-04-04 14:00,17.7,,1.1,160,70,994,997.1,.2,,,8,,23.6
285,합천,2026-04-04 15:00,18.4,,1.1,160,72,994.6,997.7,.1,,,8,,21.6
285,합천,2026-04-04 16:00,19.7,,2.4,340,58,995.2,998.3,.3,,,8,,21.5
285,합천,2026-04-04 17:00,19.2,,2.2,290,58,996.2,999.3,.7,,,4,,21.3
285,합천,2026-04-04 18:00,18.5,,1.6,250,61,996.7,999.8,1,,,0,,17
285,합천,2026-04-04 19:00,16.4,,2,250,69,998.3,1001.4,.3,,,0,,14.5
285,합천,2026-04-04 20:00,14.6,,1.7,230,74,999.9,1003.1,,,,0,,13
285,합천,2026-04-04 21:00,13.9,,1.7,230,75,1001.5,1004.7,,,,0,,12
285,합천,2026-04-04 22:00,13.1,,1,230,76,1002.7,1005.9,,,,0,,11.2
285,합천,2026-04-04 23:00,11.3,,1,230,87,1003.1,1006.3,,,,0,,10.5
285,합천,2026-04-05 00:00,11.4,,1.1,230,80,1003.2,1006.4,,,,0,,9.8
285,합천,2026-04-05 01:00,9.9,,1.8,230,87,1003.7,1006.9,,,,0,,9
285,합천,2026-04-05 02:00,11.1,,1,270,72,1003.7,1006.9,,,,0,,8.5
285,합천,2026-04-05 03:00,10,,1.1,230,77,1004.5,1007.7,,,,4,,8.2
285,합천,2026-04-05 04:00,7.5,,.4,0,92,1004.2,1007.5,,,,0,,7.5
285,합천,2026-04-05 05:00,6.7,,.3,0,95,1004.7,1008,,,,5,,6.9
285,합천,2026-04-05 06:00,5.6,,.1,0,98,1005.3,1008.6,,,,0,,6.3
285,합천,2026-04-05 07:00,5.6,,.1,0,99,1006.3,1009.6,.1,,,0,,6.6
285,합천,2026-04-05 08:00,8,,.1,0,90,1006.7,1010,1,,,0,,8
285,합천,2026-04-05 09:00,11,,.6,290,74,1006.4,1009.6,1,,,0,,16.2
285,합천,2026-04-05 10:00,13.1,,.4,0,60,1006.3,1009.5,1,,,4,,21.4
285,합천,2026-04-05 11:00,15.3,,.7,140,52,1005.8,1009,1,,,6,,24.2
285,합천,2026-04-05 12:00,17.7,,1,230,43,1005.2,1008.3,.7,,,6,,27.7
285,합천,2026-04-05 13:00,19.3,,1.4,180,39,1004.5,1007.6,1,,,7,,26.6
285,합천,2026-04-05 14:00,19.6,,1.8,200,40,1004,1007.1,.4,,,8,,23.9
285,합천,2026-04-05 15:00,20.7,,1.4,230,35,1003.6,1006.7,.5,,,7,,23.9
285,합천,2026-04-05 16:00,20.7,,2,180,39,1003.3,1006.4,.9,,,3,,25.3
285,합천,2026-04-05 17:00,21,,2,180,42,1003.4,1006.5,1,,,0,,22.4
285,합천,2026-04-05 18:00,19.8,,2.4,200,47,1003.6,1006.7,1,,,0,,17.1
285,합천,2026-04-05 19:00,17.8,,2.5,200,51,1004.1,1007.2,.6,,,0,,14.2
285,합천,2026-04-05 20:00,16.1,,2.1,230,55,1004.8,1008,,,,0,,12.5
285,합천,2026-04-05 21:00,14.6,,1,230,62,1005.9,1009.1,,,,0,,11.5
285,합천,2026-04-05 22:00,12.7,,.6,230,71,1006.6,1009.8,,,,0,,10.7
285,합천,2026-04-05 23:00,12.4,,.9,250,71,1007,1010.2,,,,0,,10
285,합천,2026-04-06 00:00,10.2,,.1,0,84,1007.5,1010.7,,,,0,,9.6
285,합천,2026-04-06 01:00,10.2,,.6,270,81,1007.7,1010.9,,,,0,,9.3
285,합천,2026-04-06 02:00,9.4,,.3,0,85,1007.8,1011,,,,7,,9.1
285,합천,2026-04-06 03:00,9,,.6,360,88,1007.6,1010.9,,,,0,,9
285,합천,2026-04-06 04:00,9.3,,.4,0,88,1007.5,1010.7,,,,7,,8.8
285,합천,2026-04-06 05:00,8.8,,.5,360,91,1007.1,1010.4,,,,7,,9
285,합천,2026-04-06 06:00,9.2,,.1,0,89,1007.2,1010.4,,,,8,,9.3
285,합천,2026-04-06 07:00,9.7,,.4,0,88,1007.1,1010.3,0,,,9,,10.1
285,합천,2026-04-06 08:00,10.9,,.6,180,85,1007.7,1010.9,0,,,10,,11.3
285,합천,2026-04-06 09:00,10.8,2.5,2,110,95,1006.2,1009.4,0,,,10,,11.6
285,합천,2026-04-06 10:00,12.9,0,1.1,20,89,1007,1010.2,.1,,,8,,17.3
285,합천,2026-04-06 11:00,14.7,,1.7,90,84,1007.1,1010.3,.5,,,9,,18.4
285,합천,2026-04-06 12:00,14.3,0,2.2,90,89,1006.5,1009.7,0,,,9,,16.9
285,합천,2026-04-06 13:00,15.1,,1.9,50,84,1005.4,1008.6,.1,,,9,,18.6
285,합천,2026-04-06 14:00,15.4,,2.1,90,81,1004.2,1007.4,0,,,8,,18.3
285,합천,2026-04-06 15:00,13.6,4.7,1.4,70,94,1003.9,1007.1,0,,,10,,15
285,합천,2026-04-06 16:00,14.2,.7,.7,110,93,1003.8,1007,.1,,,8,,16.5
285,합천,2026-04-06 17:00,13.5,0,2.2,50,93,1004.1,1007.3,0,,,9,,15
285,합천,2026-04-06 18:00,12.9,0,1.7,90,92,1004.3,1007.5,0,,,9,,14.1
285,합천,2026-04-06 19:00,12.4,.2,.9,50,92,1005.2,1008.4,0,,,8,,13.2
285,합천,2026-04-06 20:00,11.3,,.3,0,97,1005.9,1009.1,,,,6,,11.8
285,합천,2026-04-06 21:00,10.5,,.5,70,99,1006.7,1009.9,,,,6,,10.7
285,합천,2026-04-06 22:00,9.5,,.2,0,99,1007.5,1010.7,,,,6,,10
285,합천,2026-04-06 23:00,9.5,,.3,0,99,1008.1,1011.3,,,,8,,10.8
285,합천,2026-04-07 00:00,8.6,,.7,70,99,1008.6,1011.9,,,,6,,10.6
285,합천,2026-04-07 01:00,7.7,,.6,360,99,1008.9,1012.2,,,,6,,10.4
285,합천,2026-04-07 02:00,6.7,,.5,50,99,1009.2,1012.5,,,,7,,9.9
285,합천,2026-04-07 03:00,5.6,,.3,0,99,1009.3,1012.6,,,,4,,9.3
285,합천,2026-04-07 04:00,5,,.4,0,99,1009.4,1012.7,,,,0,,8.9
285,합천,2026-04-07 05:00,3.7,,.4,0,99,1010.1,1013.4,,,,6,,8.1
285,합천,2026-04-07 06:00,3.4,,.2,0,99,1011.1,1014.4,,,,3,,7.5
285,합천,2026-04-07 07:00,2.8,,1,230,99,1012.3,1015.6,0,,,3,,6.8
285,합천,2026-04-07 08:00,4.5,,.9,230,99,1013,1016.3,1,,,0,,6.9
285,합천,2026-04-07 09:00,8.7,,.6,110,71,1013.3,1016.6,1,,,0,,15.6
285,합천,2026-04-07 10:00,11.6,,3,20,27,1013.4,1016.6,1,,,0,,19.1
285,합천,2026-04-07 11:00,12.8,,2.7,20,24,1013.1,1016.3,1,,,0,,22.6
285,합천,2026-04-07 12:00,13.4,,2.9,340,21,1012.7,1015.9,1,,,0,,24.6
285,합천,2026-04-07 13:00,14.3,,1.9,340,21,1012.2,1015.4,1,,,0,,26.5
285,합천,2026-04-07 14:00,15.1,,2.1,340,20,1011.6,1014.8,1,,,0,,26.8
285,합천,2026-04-07 15:00,15.7,,2.1,340,18,1011.2,1014.4,1,,,0,,25.7
285,합천,2026-04-07 16:00,15.8,,2.8,320,19,1011.1,1014.3,1,,,0,,23
285,합천,2026-04-07 17:00,15.5,,2,320,18,1011.2,1014.4,1,,,0,,19.8
285,합천,2026-04-07 18:00,15.3,,1.7,340,21,1011.5,1014.7,1,,,0,,14.2
285,합천,2026-04-07 19:00,13.1,,.4,0,30,1012.2,1015.4,.7,,,0,,11.6
285,합천,2026-04-07 20:00,10.3,,.6,250,40,1012.9,1016.2,,,,0,,9.7
285,합천,2026-04-07 21:00,8.7,,.4,0,54,1014.2,1017.5,,,,0,,8.6
285,합천,2026-04-07 22:00,6.9,,.8,230,62,1015,1018.3,,,,0,,7.5
285,합천,2026-04-07 23:00,6.3,,.5,200,67,1015.5,1018.8,,,,0,,6.7
285,합천,2026-04-08 00:00,6,,.9,230,62,1016.1,1019.4,,,,0,,6.1
285,합천,2026-04-08 01:00,3.7,,.2,0,80,1016.5,1019.8,,,,0,,5.4
285,합천,2026-04-08 02:00,2.8,,.3,0,81,1016.6,1020,,,,0,,4.7
285,합천,2026-04-08 03:00,2.4,,.2,0,85,1016.6,1020,,,,0,,4.2
285,합천,2026-04-08 04:00,1.2,,.2,0,89,1016.8,1020.2,,,,0,,3.8
285,합천,2026-04-08 05:00,.9,,.6,230,89,1017.2,1020.6,,,,0,,3.3
285,합천,2026-04-08 06:00,.4,,.2,0,94,1017.6,1021,,,,0,,3
285,합천,2026-04-08 07:00,1,,.6,230,92,1018.3,1021.7,.7,,,0,,3.4
285,합천,2026-04-08 08:00,3.8,,.2,0,77,1018.6,1022,1,,,0,,5.3
285,합천,2026-04-08 09:00,7.9,,.5,20,61,1018.4,1021.7,1,,,0,,13.8
285,합천,2026-04-08 10:00,10.9,,.7,340,40,1018.5,1021.8,1,,,0,,19.5
285,합천,2026-04-08 11:00,13.9,,1,340,36,1017.7,1020.9,1,,,0,,24.1
285,합천,2026-04-08 12:00,16.7,,1.8,250,27,1016.6,1019.8,1,,,0,,27.1
285,합천,2026-04-08 13:00,18,,2.3,200,24,1015.9,1019.1,1,,,0,,28.1
285,합천,2026-04-08 14:00,18.8,,2.3,200,22,1014.7,1017.9,1,,,0,,29.2
285,합천,2026-04-08 15:00,19.4,,2.1,180,22,1013.5,1016.6,1,,,0,,28.3
285,합천,2026-04-08 16:00,20,,2.6,200,22,1013,1016.1,1,,,0,,26.1
285,합천,2026-04-08 17:00,19.2,,2.9,200,26,1013,1016.1,1,,,0,,22.3
285,합천,2026-04-08 18:00,17.9,,2.3,230,33,1012.8,1016,1,,,0,,16.8
285,합천,2026-04-08 19:00,15.6,,1.7,200,43,1013,1016.2,.5,,,0,,13.9
285,합천,2026-04-08 20:00,14,,1.1,200,47,1013.4,1016.6,,,,4,,12
285,합천,2026-04-08 21:00,12.9,,1.9,230,49,1014.2,1017.4,,,,6,,10.9
285,합천,2026-04-08 22:00,12,,1.6,230,54,1014.5,1017.7,,,,9,,10.2
285,합천,2026-04-08 23:00,11.6,,1,250,56,1014,1017.2,,,,9,,9.9
285,합천,2026-04-09 00:00,10.9,,1,230,61,1014.1,1017.3,,,,9,,9.3
285,합천,2026-04-09 01:00,10.4,,.3,0,65,1013.9,1017.2,,,,10,,9.3
285,합천,2026-04-09 02:00,9,,.4,0,74,1012.9,1016.2,,,,10,,9.1
285,합천,2026-04-09 03:00,8.1,,.5,230,79,1012.3,1015.6,,,,10,,8.6
285,합천,2026-04-09 04:00,8.4,,.4,0,78,1012.2,1015.5,,,,10,,9.2
285,합천,2026-04-09 05:00,8.3,,.4,0,81,1011.9,1015.2,,,,10,,9.4
285,합천,2026-04-09 06:00,8.1,0,.3,0,88,1011.6,1014.9,,,,10,,9.6
285,합천,2026-04-09 07:00,7.9,.1,.7,20,90,1011,1014.3,0,,,9,,9.9
285,합천,2026-04-09 08:00,8,.3,.5,90,96,1011.2,1014.5,0,,,10,,10.2
285,합천,2026-04-09 09:00,8.2,.4,.2,0,98,1010.4,1013.7,0,,,10,,11.2
285,합천,2026-04-09 10:00,8.8,.5,.1,0,98,1009.7,1013,0,,,9,,11.3
285,합천,2026-04-09 11:00,9.1,1.2,0,0,98,1008.7,1012,0,,,10,,11.7
285,합천,2026-04-09 12:00,9.8,1.8,.7,340,99,1006.8,1010,0,,,10,,12.2
285,합천,2026-04-09 13:00,10,2,.5,200,98,1005.7,1008.9,0,,,10,,11.7
285,합천,2026-04-09 14:00,10.6,5.3,.4,0,99,1002.9,1006.1,0,,,10,,12.2
285,합천,2026-04-09 15:00,11.1,3.3,.1,0,99,1001.9,1005.1,0,,,10,,12.1
285,합천,2026-04-09 16:00,11.8,4.9,.7,70,99,999.9,1003.1,0,,,10,,12.4
285,합천,2026-04-09 17:00,12.6,1.3,.4,0,99,998.8,1002,0,,,10,,12.4
285,합천,2026-04-09 18:00,13.4,4.4,.4,0,99,998.3,1001.5,0,,,10,,12.7
285,합천,2026-04-09 19:00,13.4,3.8,.1,0,99,997.4,1000.6,0,,,10,,12.7
285,합천,2026-04-09 20:00,13.4,1.8,.2,0,99,997.1,1000.3,,,,10,,12.7
285,합천,2026-04-09 21:00,13.5,.6,0,0,99,997,1000.2,,,,9,,12.8
285,합천,2026-04-09 22:00,13.3,,.9,200,99,996.9,1000.1,,,,10,,12.9
285,합천,2026-04-09 23:00,13.7,,.3,0,99,996.6,999.8,,,,10,,13
285,합천,2026-04-10 00:00,14.2,,.4,0,99,996.4,999.6,,,,9,,13.2
285,합천,2026-04-10 01:00,14.4,,.3,0,99,995.8,998.9,,,,8,,13.3
285,합천,2026-04-10 02:00,14.4,,.2,0,99,995.7,998.8,,,,9,,13.4
285,합천,2026-04-10 03:00,16.1,0,.4,0,99,994.9,998,,,,10,,13.7
285,합천,2026-04-10 04:00,14.9,,.3,0,99,994.4,997.5,,,,10,,13.7
285,합천,2026-04-10 05:00,15.6,.1,.3,0,99,994.7,997.8,,,,9,,13.7
285,합천,2026-04-10 06:00,15.7,,.2,0,99,994.6,997.7,,,,9,,13.7
285,합천,2026-04-10 07:00,16.3,,1.4,200,99,995.2,998.3,0,,,9,,14.2
285,합천,2026-04-10 08:00,17,,1.8,290,78,996,999.1,0,,,8,,15.8
285,합천,2026-04-10 09:00,17.2,,2.6,270,75,997,1000.1,.1,,,8,,17.6
285,합천,2026-04-10 10:00,17.1,,3.4,270,72,997.9,1001,.8,,,8,,22.3
285,합천,2026-04-10 11:00,18,,2.8,270,67,998.6,1001.7,1,,,6,,26
285,합천,2026-04-10 12:00,18.9,,3.5,230,62,998.9,1002,.7,,,6,,28.1
285,합천,2026-04-10 13:00,19.3,,2.4,250,60,999,1002.1,1,,,4,,29.4
285,합천,2026-04-10 14:00,19,,2.5,250,58,998.8,1001.9,1,,,1,,29.3
285,합천,2026-04-10 15:00,19.2,,3.3,230,57,998.7,1001.8,1,,,1,,28.2
285,합천,2026-04-10 16:00,18.9,,3.4,250,58,999.1,1002.2,1,,,1,,25.5
285,합천,2026-04-10 17:00,17.3,,3.3,250,61,999.7,1002.8,1,,,1,,21.9
285,합천,2026-04-10 18:00,15.6,,2.7,250,65,1000,1003.1,1,,,0,,16.8
285,합천,2026-04-10 19:00,14,,1.5,250,71,1001.2,1004.4,.4,,,0,,14.1
285,합천,2026-04-10 20:00,13.4,,1.4,230,72,1002.5,1005.7,,,,2,,12.8
285,합천,2026-04-10 21:00,13.6,,1.3,230,68,1003.2,1006.4,,,,4,,12.1
285,합천,2026-04-10 22:00,13,,1.1,230,73,1004,1007.2,,,,2,,12.3
285,합천,2026-04-10 23:00,13.4,,1.2,250,65,1004.4,1007.6,,,,5,,12.1
285,합천,2026-04-11 00:00,12.8,,1,270,66,1004.7,1007.9,,,,0,,10.9
285,합천,2026-04-11 01:00,10.7,,.8,230,78,1005,1008.2,,,,0,,9.8
285,합천,2026-04-11 02:00,9.6,,.2,0,85,1005.6,1008.8,,,,0,,9
285,합천,2026-04-11 03:00,8.6,,.5,180,88,1005.9,1009.2,,,,0,,8.4
285,합천,2026-04-11 04:00,7.5,,.3,0,93,1006.8,1010.1,,,,0,,7.8
285,합천,2026-04-11 05:00,6.5,,.3,0,96,1007.5,1010.8,,,,0,,7.3
285,합천,2026-04-11 06:00,6.1,,0,0,98,1008.6,1011.9,,,,0,,6.8
285,합천,2026-04-11 07:00,7.1,,.7,250,97,1009.1,1012.4,.7,,,0,,7.6
285,합천,2026-04-11 08:00,9.9,,.1,0,87,1009.5,1012.7,1,,,0,,11.4
285,합천,2026-04-11 09:00,14.2,,.8,180,63,1009.4,1012.6,1,,,0,,18.1
285,합천,2026-04-11 10:00,16.7,,1.6,180,53,1009.1,1012.3,1,,,0,,22.9
285,합천,2026-04-11 11:00,19.4,,2.5,160,41,1008,1011.1,1,,,0,,26.4
285,합천,2026-04-11 12:00,22.1,,2.7,180,41,1007.8,1010.9,1,,,0,,29
285,합천,2026-04-11 13:00,24.7,,2.3,270,31,1006.8,1009.9,1,,,0,,30.5
285,합천,2026-04-11 14:00,25.2,,2.4,270,29,1006.4,1009.5,1,,,3,,31
285,합천,2026-04-11 15:00,25,,2.3,320,30,1006.4,1009.5,1,,,1,,30.1
285,합천,2026-04-11 16:00,24.3,,2.2,320,29,1006.5,1009.6,1,,,7,,26.8
285,합천,2026-04-11 17:00,23.1,,1.9,320,34,1006.6,1009.7,.9,,,8,,23.4
285,합천,2026-04-11 18:00,22.2,,2.7,290,32,1007.2,1010.3,.6,,,7,,19.6
285,합천,2026-04-11 19:00,20.1,,1,230,39,1007.6,1010.7,0,,,9,,17
285,합천,2026-04-11 20:00,18.5,,.2,0,44,1008.6,1011.7,,,,9,,15.4
285,합천,2026-04-11 21:00,16.6,,1.1,200,55,1009.6,1012.8,,,,9,,14.2
285,합천,2026-04-11 22:00,15.9,,1.1,250,58,1010,1013.2,,,,10,,13.5
285,합천,2026-04-11 23:00,15.3,,1.2,250,59,1010.6,1013.8,,,,9,,12.6
285,합천,2026-04-12 00:00,13.7,,.7,250,69,1011.2,1014.4,,,,9,,12.1
285,합천,2026-04-12 01:00,12.3,,.6,200,77,1011.6,1014.8,,,,8,,11.3
285,합천,2026-04-12 02:00,11,,.4,0,78,1011.6,1014.8,,,,8,,10.6
285,합천,2026-04-12 03:00,9.8,,.1,0,87,1011.6,1014.9,,,,8,,9.7
285,합천,2026-04-12 04:00,8.8,,.1,0,85,1012.2,1015.5,,,,7,,8.9
285,합천,2026-04-12 05:00,7.8,,.2,0,91,1012.8,1016.1,,,,0,,8.1
285,합천,2026-04-12 06:00,6.9,,.1,0,91,1013,1016.3,0,,,0,,7.5
285,합천,2026-04-12 07:00,8,,.6,180,90,1013.6,1016.9,.7,,,0,,8.2
285,합천,2026-04-12 08:00,10.6,,.6,230,81,1013.8,1017.1,1,,,4,,12.7
285,합천,2026-04-12 09:00,14.6,,.3,0,58,1014,1017.2,1,,,8,,18.1
285,합천,2026-04-12 10:00,17.8,,1.4,20,46,1013.3,1016.5,1,,,5,,23.1
285,합천,2026-04-12 11:00,19.5,,1,50,36,1013.7,1016.8,1,,,8,,25.9
285,합천,2026-04-12 12:00,20.2,,.9,340,32,1012.8,1015.9,.5,,,9,,25.8
285,합천,2026-04-12 13:00,21,,1.1,340,31,1011.8,1014.9,0,,,9,,26.1
285,합천,2026-04-12 14:00,21.5,,.4,0,28,1011.6,1014.7,0,,,9,,25.5
285,합천,2026-04-12 15:00,22.3,,.4,0,30,1010.9,1014,.1,,,10,,24.5
285,합천,2026-04-12 16:00,22.6,,.8,20,31,1010.4,1013.5,.2,,,8,,25.5
285,합천,2026-04-12 17:00,22.2,,1.1,70,34,1010.1,1013.2,.5,,,7,,21.9
285,합천,2026-04-12 18:00,21.5,,.4,0,39,1010.4,1013.5,.3,,,8,,19.8
285,합천,2026-04-12 19:00,18.8,,.2,0,52,1010.8,1013.9,0,,,10,,17
285,합천,2026-04-12 20:00,17.3,,.4,0,58,1011.4,1014.6,,,,8,,15.3
285,합천,2026-04-12 21:00,17,,1.2,250,56,1012.2,1015.4,,,,8,,14.1
285,합천,2026-04-12 22:00,16.5,,1.2,270,55,1012.7,1015.9,,,,10,,13.9
285,합천,2026-04-12 23:00,14.8,,.3,0,67,1012.8,1016,,,,10,,13.5
285,합천,2026-04-13 00:00,13.8,,.2,0,74,1013.3,1016.5,,,,10,,13.1
285,합천,2026-04-13 01:00,13.3,,0,0,77,1013,1016.2,,,,10,,12.9
285,합천,2026-04-13 02:00,13.1,,.5,270,72,1012.6,1015.8,,,,10,,12.1
285,합천,2026-04-13 03:00,11.5,,.5,70,81,1012.4,1015.6,,,,8,,11.4
285,합천,2026-04-13 04:00,10.8,,.6,50,86,1012.3,1015.5,,,,8,,10.9
285,합천,2026-04-13 05:00,10.5,,.2,0,87,1012.6,1015.8,,,,8,,10.7
285,합천,2026-04-13 06:00,10.1,,.4,0,90,1012.4,1015.7,0,,,8,,9.9
285,합천,2026-04-13 07:00,9.9,,.4,0,91,1013.1,1016.4,.3,,,8,,10.3
285,합천,2026-04-13 08:00,12.3,,.2,0,80,1013.2,1016.4,.9,,,6,,14.7
285,합천,2026-04-13 09:00,16.7,,.3,0,62,1013.2,1016.4,1,,,0,,21
285,합천,2026-04-13 10:00,20.5,,.6,140,39,1013.1,1016.2,1,,,0,,26.6
285,합천,2026-04-13 11:00,23.7,,1.7,20,25,1012.5,1015.6,1,,,0,,31.4
285,합천,2026-04-13 12:00,25,,2.1,50,25,1011.6,1014.7,1,,,0,,35
285,합천,2026-04-13 13:00,26.3,,2.3,50,24,1010.7,1013.8,1,,,0,,37.5
285,합천,2026-04-13 14:00,27,,1.7,110,22,1010,1013,1,,,0,,38.5
285,합천,2026-04-13 15:00,27.2,,1.6,90,20,1009.5,1012.5,1,,,0,,37.6
285,합천,2026-04-13 16:00,27,,1.4,50,23,1009.1,1012.1,1,,,0,,32.3
285,합천,2026-04-13 17:00,26.3,,3,90,23,1009.3,1012.3,1,,,0,,29.6
285,합천,2026-04-13 18:00,24.6,,1.9,90,25,1009.7,1012.8,.8,,,4,,23.6
285,합천,2026-04-13 19:00,22.5,,1.8,20,30,1010.8,1013.9,0,,,8,,20.8
285,합천,2026-04-13 20:00,21.2,,1.5,70,31,1011.6,1014.7,,,,10,,19.4
285,합천,2026-04-13 21:00,19.1,,.8,90,42,1012.3,1015.4,,,,9,,18.3
285,합천,2026-04-13 22:00,17.7,,.5,50,48,1012.3,1015.5,,,,10,,17.3
285,합천,2026-04-13 23:00,17.8,,1.5,90,45,1012.2,1015.4,,,,9,,16.7
285,합천,2026-04-14 00:00,17.1,,.8,90,50,1012.7,1015.9,,,,9,,16.1
285,합천,2026-04-14 01:00,16.3,,1.6,90,52,1012,1015.2,,,,7,,15.2
285,합천,2026-04-14 02:00,15.8,,.6,50,57,1011.6,1014.8,,,,10,,15.1
285,합천,2026-04-14 03:00,15.2,,.9,50,61,1011.4,1014.6,,,,10,,14.9
285,합천,2026-04-14 04:00,14.8,,.5,360,67,1011.3,1014.5,,,,10,,14.6
285,합천,2026-04-14 05:00,14.3,,.4,0,69,1011.1,1014.3,,,,10,,14.4
285,합천,2026-04-14 06:00,14.1,,.4,0,71,1010.9,1014.1,0,,,10,,14.2
285,합천,2026-04-14 07:00,14,,.3,0,74,1011.2,1014.4,0,,,10,,14.5
285,합천,2026-04-14 08:00,14.8,,.6,360,68,1011.6,1014.8,0,,,10,,15.5
285,합천,2026-04-14 09:00,15.9,0,1,90,62,1012,1015.2,0,,,10,,17.7
285,합천,2026-04-14 10:00,17.5,,1.2,50,55,1011.6,1014.8,0,,,9,,22.3
285,합천,2026-04-14 11:00,18.4,,1.4,90,51,1011.2,1014.3,0,,,10,,22.6
285,합천,2026-04-14 12:00,18.8,0,2.6,70,49,1010.6,1013.7,0,,,10,,24.2
285,합천,2026-04-14 13:00,19,0,2,70,52,1010,1013.1,0,,,10,,23.9
285,합천,2026-04-14 14:00,19.8,,2,70,49,1009.3,1012.4,.1,,,9,,26.2
285,합천,2026-04-14 15:00,19.7,,1.7,20,48,1009,1012.1,0,,,9,,24.1
285,합천,2026-04-14 16:00,19.5,,2.3,20,46,1008.8,1011.9,0,,,9,,22.5
285,합천,2026-04-14 17:00,19.1,,1.4,50,49,1008.6,1011.7,0,,,10,,20.4
285,합천,2026-04-14 18:00,18.9,,1.1,50,49,1008.5,1011.6,0,,,9,,19.2
285,합천,2026-04-14 19:00,17.7,,.9,50,54,1008.4,1011.5,0,,,7,,16.8
285,합천,2026-04-14 20:00,17,,.7,50,56,1009,1012.2,,,,9,,16.1
285,합천,2026-04-14 21:00,16.5,,1.1,50,54,1009.9,1013.1,,,,9,,15.4
285,합천,2026-04-14 22:00,16.1,,.8,70,49,1009.9,1013.1,,,,9,,15
285,합천,2026-04-14 23:00,13.9,,.8,90,58,1009.8,1013,,,,7,,13.1
285,합천,2026-04-15 00:00,12.4,,.6,180,69,1010.2,1013.4,,,,7,,12.1
285,합천,2026-04-15 01:00,11.3,,.3,0,77,1009.9,1013.1,,,,6,,11.3
285,합천,2026-04-15 02:00,10.6,,.5,200,81,1009.6,1012.8,,,,7,,10.9
285,합천,2026-04-15 03:00,9.9,,0,0,80,1009.2,1012.4,,,,7,,10.3
285,합천,2026-04-15 04:00,9.5,,.3,0,83,1009.2,1012.4,,,,6,,10.1
285,합천,2026-04-15 05:00,8.9,,.1,0,87,1009,1012.3,,,,8,,9.8
285,합천,2026-04-15 06:00,8.9,,.1,0,87,1009.2,1012.5,0,,,8,,9.8
285,합천,2026-04-15 07:00,9.6,,.1,0,86,1009.3,1012.5,0,,,9,,11
285,합천,2026-04-15 08:00,11,,.3,0,81,1009.5,1012.7,.2,,,7,,13.8
285,합천,2026-04-15 09:00,14.7,,.6,340,68,1009.4,1012.6,.7,,,4,,20.2
285,합천,2026-04-15 10:00,17.1,,.5,160,54,1009.2,1012.4,1,,,3,,26
285,합천,2026-04-15 11:00,19.8,,.8,110,42,1008.7,1011.8,1,,,3,,31.9
285,합천,2026-04-15 12:00,23.1,,1.1,70,28,1008,1011.1,1,,,0,,36.3
285,합천,2026-04-15 13:00,24.7,,2,140,28,1007.3,1010.4,1,,,0,,38.4
285,합천,2026-04-15 14:00,27,,2.7,50,26,1006.8,1009.8,1,,,0,,38.9
285,합천,2026-04-15 15:00,26.7,,2.4,140,26,1005.9,1008.9,1,,,0,,37.7
285,합천,2026-04-15 16:00,27.3,,1.9,70,24,1005.6,1008.6,1,,,0,,35
285,합천,2026-04-15 17:00,26.3,,1.3,140,27,1005.6,1008.6,1,,,0,,30.4
285,합천,2026-04-15 18:00,25.8,,.5,140,27,1006.3,1009.3,1,,,0,,24.4
285,합천,2026-04-15 19:00,21.7,,.7,90,44,1007.2,1010.3,.5,,,0,,20.4
285,합천,2026-04-15 20:00,21.4,,1.6,110,43,1008.9,1012,0,,,0,,18.4
285,합천,2026-04-15 21:00,18,,.3,0,59,1010.8,1014,,,,0,,16.8
285,합천,2026-04-15 22:00,16.2,,.4,0,63,1012.1,1015.3,,,,0,,15.3
285,합천,2026-04-15 23:00,15.6,,.2,0,58,1012.8,1016,,,,0,,14.3
285,합천,2026-04-16 00:00,14,,.5,20,67,1013.8,1017,,,,0,,13.3
285,합천,2026-04-16 01:00,13.7,,.3,0,67,1014.6,1017.8,,,,0,,12.5
285,합천,2026-04-16 02:00,12.2,,.1,0,78,1015,1018.2,,,,0,,11.6
285,합천,2026-04-16 03:00,11,,.5,200,83,1015.2,1018.5,,,,0,,10.8
285,합천,2026-04-16 04:00,9.8,,.3,0,87,1015.2,1018.5,,,,0,,10.1
285,합천,2026-04-16 05:00,8.8,,.1,0,91,1015.2,1018.5,,,,0,,9.4
285,합천,2026-04-16 06:00,8.5,,.1,0,92,1015.8,1019.1,0,,,0,,8.8
285,합천,2026-04-16 07:00,9.1,,.8,200,88,1016.8,1020.1,.8,,,0,,9.7
285,합천,2026-04-16 08:00,12.6,,.1,0,79,1017.4,1020.6,1,,,0,,14.7
285,합천,2026-04-16 09:00,16,,2.5,70,46,1017.7,1020.9,1,,,0,,21.6
285,합천,2026-04-16 10:00,17.5,,3.7,70,42,1017.9,1021.1,1,,,0,,27
285,합천,2026-04-16 11:00,19,,2.3,70,41,1017.8,1021,1,,,3,,32.8
285,합천,2026-04-16 12:00,20.3,,2.1,70,39,1016.9,1020,1,,,3,,37
285,합천,2026-04-16 13:00,22.3,,2.1,110,38,1015.9,1019,1,,,1,,39.5
285,합천,2026-04-16 14:00,22.7,,2.6,70,35,1015.6,1018.7,1,,,0,,39.4
285,합천,2026-04-16 15:00,23.4,,1.7,110,32,1015.1,1018.2,1,,,0,,38.7
285,합천,2026-04-16 16:00,23.3,,2.1,50,29,1014.6,1017.7,1,,,0,,35.2
285,합천,2026-04-16 17:00,22.6,,3.1,70,31,1013.7,1016.8,1,,,0,,30
285,합천,2026-04-16 18:00,21.8,,2.2,20,28,1013.8,1016.9,1,,,1,,22.6
285,합천,2026-04-16 19:00,19.3,,.8,50,33,1014.1,1017.2,.6,,,1,,18.8
285,합천,2026-04-16 20:00,17.2,,1.7,70,35,1014.7,1017.9,0,,,6,,16.6
285,합천,2026-04-16 21:00,16.1,,1.6,70,37,1015.3,1018.5,,,,8,,15.6
285,합천,2026-04-16 22:00,15.1,,1.2,70,39,1015.2,1018.4,,,,9,,14.8
285,합천,2026-04-16 23:00,13.5,,.5,140,47,1014.6,1017.8,,,,8,,13.4
285,합천,2026-04-17 00:00,11.9,,.5,90,51,1014.6,1017.8,,,,8,,12.7
285,합천,2026-04-17 01:00,11.7,,.1,0,61,1015,1018.2,,,,10,,12.8
285,합천,2026-04-17 02:00,10.9,,.2,0,60,1015,1018.3,,,,10,,12.7
285,합천,2026-04-17 03:00,10.7,,.2,0,61,1014.8,1018.1,,,,10,,12.6
285,합천,2026-04-17 04:00,10.4,,0,0,67,1014.3,1017.6,,,,10,,12.3
285,합천,2026-04-17 05:00,10.3,,.1,0,70,1013.9,1017.2,,,,10,,12.1
285,합천,2026-04-17 06:00,10.1,,.3,0,70,1013.7,1017,0,,,10,,12
285,합천,2026-04-17 07:00,10.2,,.2,0,75,1014,1017.3,0,,,10,,12.4
285,합천,2026-04-17 08:00,10.7,,.7,340,75,1013.4,1016.6,0,,,10,,13.2
285,합천,2026-04-17 09:00,11.7,,.6,180,65,1014.5,1017.7,0,,,10,,14.6
285,합천,2026-04-17 10:00,11.6,.5,.3,0,81,1014.6,1017.8,0,,,10,,15.5
285,합천,2026-04-17 11:00,11.4,.3,.9,250,83,1014.8,1018,0,,,10,,15.6
285,합천,2026-04-17 12:00,11.3,.7,.6,250,89,1014.4,1017.6,0,,,10,,15.4
285,합천,2026-04-17 13:00,11.8,.1,.5,160,82,1013.4,1016.6,0,,,10,,16.9
285,합천,2026-04-17 14:00,12.2,0,.4,0,87,1013,1016.2,0,,,10,,16.1
285,합천,2026-04-17 15:00,12.5,.1,.5,70,87,1012.3,1015.5,0,,,10,,16.5
285,합천,2026-04-17 16:00,12.8,.4,.3,0,89,1011.7,1014.9,0,,,10,,16.8
285,합천,2026-04-17 17:00,12.6,.2,.5,90,94,1012,1015.2,0,,,10,,15.2
285,합천,2026-04-17 18:00,12.5,1.2,.3,0,96,1012.1,1015.3,0,,,10,,14.7
285,합천,2026-04-17 19:00,12.3,.9,.4,0,98,1012.4,1015.6,0,,,10,,14
285,합천,2026-04-17 20:00,12.4,2.7,.7,340,98,1012.9,1016.1,0,,,10,,13.6
285,합천,2026-04-17 21:00,12.3,2.7,.1,0,99,1013.2,1016.4,,,,10,,13.5
285,합천,2026-04-17 22:00,12.3,2.3,.1,0,99,1013.3,1016.5,,,,10,,13.5
285,합천,2026-04-17 23:00,12.2,1.7,.3,0,99,1013.1,1016.3,,,,10,,13.4
285,합천,2026-04-18 00:00,12.3,1,.5,90,99,1013.2,1016.4,,,,10,,13.4
285,합천,2026-04-18 01:00,12.3,1.7,.1,0,99,1013.3,1016.5,,,,9,,13.4
285,합천,2026-04-18 02:00,12.4,1,.2,0,99,1013,1016.2,,,,10,,13.3
285,합천,2026-04-18 03:00,12.5,1,.1,0,99,1012.9,1016.1,,,,10,,13.4
285,합천,2026-04-18 04:00,12.6,.9,0,0,99,1012.7,1015.9,,,,10,,13.3
285,합천,2026-04-18 05:00,12.5,.6,.1,0,99,1012.3,1015.5,,,,10,,13.2
285,합천,2026-04-18 06:00,12.5,0,.2,0,99,1012.7,1015.9,0,,,7,,13.2
285,합천,2026-04-18 07:00,12.7,,.4,0,99,1013.5,1016.7,0,,,8,,14.3
285,합천,2026-04-18 08:00,13.5,,.3,0,96,1013.6,1016.8,0,,,6,,16.2
285,합천,2026-04-18 09:00,15.3,,1.1,70,91,1013.8,1017,.2,,,8,,19.3
285,합천,2026-04-18 10:00,16.7,,.6,290,87,1013.5,1016.7,.1,,,9,,23.1
285,합천,2026-04-18 11:00,18.5,,.6,110,79,1013.2,1016.4,.1,,,9,,23.8
285,합천,2026-04-18 12:00,20,,1,140,73,1012.5,1015.6,.3,,,7,,29.5
285,합천,2026-04-18 13:00,21.2,,1,70,72,1012,1015.1,.2,,,9,,27.1
285,합천,2026-04-18 14:00,22.2,,1.2,140,70,1011.3,1014.4,.7,,,7,,30.2
285,합천,2026-04-18 15:00,22.6,,.7,20,65,1010.9,1014,1,,,7,,28
285,합천,2026-04-18 16:00,22.6,,.8,110,65,1010.3,1013.4,.5,,,8,,26.3
285,합천,2026-04-18 17:00,22.4,,.7,110,67,1010.3,1013.4,.2,,,8,,23.5
285,합천,2026-04-18 18:00,21.2,,.1,0,78,1010.1,1013.2,0,,,7,,21.4
285,합천,2026-04-18 19:00,19,,.2,0,86,1010.4,1013.5,0,,,8,,18.9
285,합천,2026-04-18 20:00,17.5,,.4,0,92,1010.9,1014.1,0,,,8,,17.7
285,합천,2026-04-18 21:00,17,,1,230,95,1011.7,1014.9,,,,10,,16.9
285,합천,2026-04-18 22:00,16.5,,.7,230,96,1011.9,1015.1,,,,10,,16.4
285,합천,2026-04-18 23:00,15.8,,.5,250,99,1011.6,1014.8,,,,7,,15.4
285,합천,2026-04-19 00:00,15.2,,.1,0,99,1011.8,1015,,,,6,,14.8
285,합천,2026-04-19 01:00,14.8,,.3,0,99,1012.2,1015.4,,,,10,,15.1
285,합천,2026-04-19 02:00,14.6,,.2,0,99,1011.5,1014.7,,,,10,,15.5
285,합천,2026-04-19 03:00,14.4,,.3,0,99,1011.4,1014.6,,,,10,,15.4
285,합천,2026-04-19 04:00,14.2,,.5,200,99,1011.4,1014.6,,,,10,,15.4
285,합천,2026-04-19 05:00,14,,.5,340,99,1011,1014.2,,,,10,,15.1
285,합천,2026-04-19 06:00,13.8,,.1,0,99,1011,1014.2,0,,,10,,14.9
285,합천,2026-04-19 07:00,14,,.3,0,99,1011.4,1014.6,0,,,8,,15.6
285,합천,2026-04-19 08:00,14.5,,.2,0,99,1011.5,1014.7,0,,,8,,17.9
285,합천,2026-04-19 09:00,16.6,,.5,140,91,1011.6,1014.8,.3,,,6,,21.3
285,합천,2026-04-19 10:00,19.8,,.5,90,75,1011.5,1014.6,.8,,,8,,24.9
285,합천,2026-04-19 11:00,21.8,,.5,50,65,1011.1,1014.2,.2,,,8,,26.7
285,합천,2026-04-19 12:00,23.2,,.9,20,62,1010.6,1013.7,.4,,,10,,28
285,합천,2026-04-19 13:00,24.4,,1.3,140,57,1010.1,1013.2,.4,,,9,,29.3
285,합천,2026-04-19 14:00,25,,.6,110,54,1009.5,1012.6,.1,,,10,,28.7
285,합천,2026-04-19 15:00,25.3,,.8,250,50,1008.5,1011.6,.7,,,8,,29.7
285,합천,2026-04-19 16:00,25.3,,.7,230,48,1007.8,1010.9,.5,,,9,,27
285,합천,2026-04-19 17:00,25,,1.1,200,51,1007.7,1010.8,.6,,,7,,25.2
285,합천,2026-04-19 18:00,23.5,,1.2,200,61,1007.9,1011,.1,,,8,,22.2
285,합천,2026-04-19 19:00,22.1,,1.2,200,63,1008.4,1011.5,.4,,,5,,20.1
285,합천,2026-04-19 20:00,20.4,,1.2,200,67,1009,1012.1,0,,,5,,18.2
285,합천,2026-04-19 21:00,19.7,,.1,0,70,1010,1013.1,,,,5,,18.2
285,합천,2026-04-19 22:00,17.9,,.5,230,81,1010.2,1013.4,,,,2,,16.9
285,합천,2026-04-19 23:00,16.8,,.3,0,86,1010.1,1013.3,,,,4,,16.3
285,합천,2026-04-20 00:00,15.8,,.3,0,90,1009.7,1012.9,,,,0,,15.2
285,합천,2026-04-20 01:00,14.7,,.9,200,94,1010,1013.2,,,,0,,15.1
285,합천,2026-04-20 02:00,14.6,,.8,250,94,1009.6,1012.8,,,,0,,14.3
285,합천,2026-04-20 03:00,13.6,,.1,0,97,1008.3,1011.5,,,,0,,13.6
285,합천,2026-04-20 04:00,13,,.4,0,99,1008.1,1011.3,,,,0,,13.1
285,합천,2026-04-20 05:00,12.7,,.3,0,99,1008.1,1011.3,,,,0,,12.8
285,합천,2026-04-20 06:00,12.7,,.6,250,99,1008.2,1011.4,0,,,4,,13.1
285,합천,2026-04-20 07:00,13.3,,.2,0,96,1008.4,1011.6,.6,,,5,,14.3
285,합천,2026-04-20 08:00,15.2,,.8,50,91,1008.5,1011.7,.8,,,0,,18.3
285,합천,2026-04-20 09:00,18.6,,.6,20,78,1008,1011.1,1,,,0,,23.1
285,합천,2026-04-20 10:00,21.4,,.7,160,66,1007.7,1010.8,1,,,6,,28.3
285,합천,2026-04-20 11:00,23.6,,1.5,180,49,1007.2,1010.3,1,,,4,,31.9
285,합천,2026-04-20 12:00,24.5,,1.5,180,51,1006.3,1009.4,.7,,,8,,29.5
285,합천,2026-04-20 13:00,22.9,,1.8,270,57,1005.9,1009,0,,,10,,24
285,합천,2026-04-20 14:00,21.7,,1.8,250,59,1005.3,1008.4,0,,,10,,21.7
285,합천,2026-04-20 15:00,21.6,,2.1,270,58,1005.8,1008.9,0,,,10,,20.6
285,합천,2026-04-20 16:00,20.8,,2,250,62,1005.5,1008.6,0,,,10,,20.8
285,합천,2026-04-20 17:00,20.3,,.9,290,63,1005.9,1009,0,,,9,,20.1
285,합천,2026-04-20 18:00,19.3,,1.6,270,66,1006.3,1009.4,0,,,8,,19.6
285,합천,2026-04-20 19:00,17.5,,2.1,250,70,1007.2,1010.3,.2,,,7,,16.7
285,합천,2026-04-20 20:00,15.3,,1.4,270,70,1008.5,1011.7,0,,,2,,14.4
285,합천,2026-04-20 21:00,14,,1.9,270,63,1009.6,1012.8,,,,2,,12.6
285,합천,2026-04-20 22:00,12.7,,1.7,270,54,1010.7,1013.9,,,,0,,11.1
285,합천,2026-04-20 23:00,11.6,,1.2,290,48,1011.9,1015.1,,,,5,,9.8
285,합천,2026-04-21 00:00,10.7,,1.5,270,47,1013.1,1016.3,,,,5,,8.9
285,합천,2026-04-21 01:00,9.4,,1.4,230,52,1013.6,1016.9,,,,6,,8.3
285,합천,2026-04-21 02:00,6.9,,1,360,72,1014,1017.3,,,,5,,7.8
285,합천,2026-04-21 03:00,5.5,,.6,20,77,1014.9,1018.2,,,,5,,7.2
285,합천,2026-04-21 04:00,4.8,,.5,20,82,1015.7,1019,,,,5,,6.7
285,합천,2026-04-21 05:00,4.1,,.3,0,88,1016.3,1019.6,,,,6,,6.4
285,합천,2026-04-21 06:00,4,,0,0,89,1016.9,1020.2,0,,,9,,6.3
285,합천,2026-04-21 07:00,4.7,,.3,0,87,1017.3,1020.6,0,,,8,,8
285,합천,2026-04-21 08:00,7.7,,.1,0,71,1017.5,1020.8,.9,,,4,,12.6
285,합천,2026-04-21 09:00,11.9,,1.2,50,44,1017,1020.2,1,,,1,,18.7
285,합천,2026-04-21 10:00,14.2,,.6,160,39,1016.8,1020,1,,,1,,23.9
285,합천,2026-04-21 11:00,17,,1,340,30,1016.2,1019.4,1,,,3,,29.1
285,합천,2026-04-21 12:00,20,,1.5,20,30,1015.1,1018.2,1,,,4,,32.9
285,합천,2026-04-21 13:00,21.7,,1.4,50,24,1013.9,1017,1,,,3,,35.8
285,합천,2026-04-21 14:00,23,,1,110,21,1013.2,1016.3,1,,,0,,37.4
285,합천,2026-04-21 15:00,24.1,,1.5,110,19,1011.9,1015,1,,,6,,37.1
285,합천,2026-04-21 16:00,23.6,,2.7,200,23,1011.9,1015,1,,,7,,34.1
285,합천,2026-04-21 17:00,22.1,,3.2,200,20,1012.1,1015.2,1,,,7,,28.6
285,합천,2026-04-21 18:00,21,,2.5,230,28,1012.4,1015.5,1,,,6,,23.1
285,합천,2026-04-21 19:00,18.6,,2.1,200,33,1012.9,1016,.3,,,7,,19.2
285,합천,2026-04-21 20:00,16.7,,1.2,230,39,1013.9,1017.1,0,,,3,,16.6
285,합천,2026-04-21 21:00,15.4,,1,250,43,1014.3,1017.5,,,,7,,15
285,합천,2026-04-21 22:00,13.7,,.5,270,55,1014.3,1017.5,,,,8,,14.5
285,합천,2026-04-21 23:00,12.7,,.4,0,63,1014.6,1017.8,,,,10,,14.2
285,합천,2026-04-22 00:00,12,,.5,160,67,1014,1017.2,,,,9,,13.6
285,합천,2026-04-22 01:00,11.7,,.4,0,69,1013.5,1016.7,,,,10,,13.3
285,합천,2026-04-22 02:00,11.3,,.2,0,73,1013.2,1016.4,,,,10,,13.1
285,합천,2026-04-22 03:00,11,,.2,0,75,1012.8,1016,,,,10,,12.7
285,합천,2026-04-22 04:00,10.7,,.5,180,79,1012.5,1015.7,,,,10,,12.5
285,합천,2026-04-22 05:00,10.6,,.2,0,77,1012.4,1015.6,,,,10,,12.3
285,합천,2026-04-22 06:00,10.1,,.5,90,83,1012.2,1015.5,0,,,10,,12.1
285,합천,2026-04-22 07:00,10.6,,.3,0,82,1012.8,1016,0,,,10,,12.5
285,합천,2026-04-22 08:00,11.5,,.2,0,74,1013,1016.2,0,,,10,,13.5
285,합천,2026-04-22 09:00,12.1,,.5,110,73,1012.5,1015.7,0,,,10,,14.8
285,합천,2026-04-22 10:00,14,,1.3,20,58,1012.2,1015.4,0,,,10,,15.7
285,합천,2026-04-22 11:00,15.6,,.8,360,51,1013,1016.2,0,,,10,,18.7
285,합천,2026-04-22 12:00,17.4,,1.3,50,40,1012,1015.2,0,,,9,,22
285,합천,2026-04-22 13:00,18.5,,.6,160,39,1011.5,1014.6,0,,,10,,23
285,합천,2026-04-22 14:00,18.5,0,1.8,250,40,1011.3,1014.4,0,,,10,,20.9
285,합천,2026-04-22 15:00,17.2,0,1.3,200,44,1010.6,1013.8,0,,,10,,19.5
285,합천,2026-04-22 16:00,16.3,0,.8,250,52,1010,1013.2,0,,,10,,18.3
285,합천,2026-04-22 17:00,15.4,0,.8,230,66,1010,1013.2,0,,,10,,17.7
285,합천,2026-04-22 18:00,14.8,0,.7,200,76,1009.2,1012.4,0,,,10,,16.4
285,합천,2026-04-22 19:00,13.8,,.5,200,81,1008.9,1012.1,0,,,8,,14.5
285,합천,2026-04-22 20:00,13.1,,.5,250,84,1009,1012.2,0,,,9,,13.6
285,합천,2026-04-22 21:00,12.2,,.3,0,86,1009.3,1012.5,,,,10,,13.1
285,합천,2026-04-22 22:00,11.6,,.1,0,88,1009,1012.2,,,,10,,12.8
285,합천,2026-04-22 23:00,10.9,,0,0,89,1008.6,1011.8,,,,10,,12.4
285,합천,2026-04-23 00:00,10.6,,.1,0,89,1008.4,1011.6,,,,10,,12.4
285,합천,2026-04-23 01:00,10.3,,.2,0,91,1007.5,1010.7,,,,10,,11.8
285,합천,2026-04-23 02:00,10.3,,.1,0,93,1006.9,1010.1,,,,10,,11.9
285,합천,2026-04-23 03:00,10.1,,.5,20,93,1006.4,1009.6,,,,10,,11.9
285,합천,2026-04-23 04:00,10.1,,.1,0,92,1006.1,1009.3,,,,10,,11.7
285,합천,2026-04-23 05:00,10.1,,0,0,93,1005.9,1009.1,,,,10,,11.6
285,합천,2026-04-23 06:00,9.4,,.4,0,94,1005.8,1009,0,,,8,,10.7
285,합천,2026-04-23 07:00,9.8,,0,0,93,1006.3,1009.5,0,,,8,,12
285,합천,2026-04-23 08:00,11.8,,.6,200,86,1006.3,1009.5,0,,,10,,15
285,합천,2026-04-23 09:00,14.5,,.4,0,63,1006.1,1009.3,.1,,,9,,18.3
285,합천,2026-04-23 10:00,19,,2,50,41,1005.9,1009,.6,,,7,,25.1
285,합천,2026-04-23 11:00,19.5,,3.7,50,40,1005.6,1008.7,.7,,,8,,26.5
285,합천,2026-04-23 12:00,20.7,,3.4,20,40,1005.3,1008.4,.5,,,9,,28.9
285,합천,2026-04-23 13:00,21.4,,3,20,39,1005.2,1008.3,.7,,,8,,31.7
285,합천,2026-04-23 14:00,22.1,,4.4,70,35,1005.1,1008.2,.9,,,8,,32.7
285,합천,2026-04-23 15:00,22.6,,3.3,50,34,1005.2,1008.3,.9,,,5,,34.3
285,합천,2026-04-23 16:00,21.5,,3.5,50,35,1005.1,1008.2,1,,,3,,29
285,합천,2026-04-23 17:00,21.2,,2.6,50,36,1006.2,1009.3,1,,,2,,26.9
285,합천,2026-04-23 18:00,19.6,,2.1,90,42,1007,1010.1,.4,,,8,,21.3
285,합천,2026-04-23 19:00,18,,1.2,70,47,1007.9,1011,0,,,4,,18.1
285,합천,2026-04-23 20:00,16.5,,1.5,50,50,1008.9,1012.1,0,,,7,,16.2
285,합천,2026-04-23 21:00,15.5,,1.7,50,38,1010.2,1013.4,,,,6,,14.6
285,합천,2026-04-23 22:00,14.4,,.7,70,41,1010.8,1014,,,,8,,13.4
285,합천,2026-04-23 23:00,12.9,,.3,0,51,1011.1,1014.3,,,,3,,12.4
285,합천,2026-04-24 00:00,11.9,,.6,20,57,1011.7,1014.9,,,,4,,11.5
285,합천,2026-04-24 01:00,9.8,,.2,0,72,1011.6,1014.9,,,,5,,10.4
285,합천,2026-04-24 02:00,8.5,,.3,0,77,1011.3,1014.6,,,,3,,9.9
285,합천,2026-04-24 03:00,7.6,,0,0,82,1011.4,1014.7,,,,4,,8.8
285,합천,2026-04-24 04:00,6.7,,.2,0,88,1011.7,1015,,,,4,,8.3
285,합천,2026-04-24 05:00,5.9,,.1,0,89,1012.1,1015.4,,,,4,,7.7
285,합천,2026-04-24 06:00,5.3,,.4,0,94,1012.5,1015.8,,,,7,,7.4
285,합천,2026-04-24 07:00,6.3,,.3,0,88,1013.5,1016.8,,,,5,,9.1
285,합천,2026-04-24 08:00,9.4,,.3,0,77,1014.1,1017.4,,,,0,,14.7
285,합천,2026-04-24 09:00,12.9,,.6,140,54,1014.1,1017.3,,,,0,,21.4
285,합천,2026-04-24 10:00,17,,1.8,50,29,1014.2,1017.4,,,,0,,28.1
285,합천,2026-04-24 11:00,19,,1.6,50,28,1013.8,1016.9,,,,0,,33.6
285,합천,2026-04-24 12:00,19.4,,2,360,25,1013.3,1016.4,,,,0,,37.4
285,합천,2026-04-24 13:00,21.6,,1.7,50,26,1012.9,1016,1,,,0,,40.2
285,합천,2026-04-24 14:00,22,,2.1,70,24,1012.6,1015.7,1,,,3,,38.7
285,합천,2026-04-24 15:00,23.2,,1.8,50,23,1012.1,1015.2,1,,,1,,38.8
285,합천,2026-04-24 16:00,23.7,,1.7,70,22,1012.1,1015.2,.9,,,4,,33.8
285,합천,2026-04-24 17:00,22.8,,2,90,22,1012.4,1015.5,1,,,1,,29.8
285,합천,2026-04-24 18:00,22,,1.6,70,19,1012.5,1015.6,.7,,,1,,22.2
285,합천,2026-04-24 19:00,18,,.1,0,39,1013.1,1016.3,.1,,,2,,18.6
285,합천,2026-04-24 20:00,15.2,,.2,0,52,1014.2,1017.4,0,,,4,,16.1
285,합천,2026-04-24 21:00,13.3,,.1,0,56,1015.1,1018.3,,,,4,,14.3
285,합천,2026-04-24 22:00,11.3,,.2,0,64,1015.7,1018.9,,,,0,,13.1
285,합천,2026-04-24 23:00,10.2,,.6,230,70,1015.9,1019.2,,,,0,,11.8
285,합천,2026-04-25 00:00,8.8,,.4,0,77,1016.4,1019.7,,,,0,,10.8
285,합천,2026-04-25 01:00,7.9,,.2,0,79,1016.4,1019.7,,,,0,,9.9
285,합천,2026-04-25 02:00,6.8,,.1,0,87,1016.2,1019.5,,,,0,,9.1
285,합천,2026-04-25 03:00,6.1,,.6,200,89,1016.6,1019.9,,,,0,,8.6
285,합천,2026-04-25 04:00,5.6,,.7,200,92,1017.1,1020.4,,,,0,,8
285,합천,2026-04-25 05:00,4.7,,.2,0,93,1017.4,1020.7,,,,0,,7.4
285,합천,2026-04-25 06:00,4.1,,.2,0,93,1017.3,1020.6,0,,,0,,7.1
285,합천,2026-04-25 07:00,6.3,,0,0,89,1017.4,1020.7,.9,,,0,,8.8
285,합천,2026-04-25 08:00,9.1,,.3,0,74,1017.8,1021.1,1,,,0,,15.4
285,합천,2026-04-25 09:00,14.2,,1.1,360,55,1017.9,1021.1,1,,,0,,22.7
285,합천,2026-04-25 10:00,17.3,,.5,160,38,1018,1021.2,1,,,0,,29.6
285,합천,2026-04-25 11:00,21.1,,.8,90,26,1017.7,1020.8,1,,,0,,35.7
285,합천,2026-04-25 12:00,23,,1.6,140,23,1016.9,1020,1,,,0,,39.7
285,합천,2026-04-25 13:00,24.7,,1.5,110,19,1016,1019.1,1,,,0,,42.3
285,합천,2026-04-25 14:00,25.3,,1.2,20,21,1014.8,1017.9,1,,,0,,42.3
285,합천,2026-04-25 15:00,25.7,,1.1,160,18,1014,1017.1,1,,,0,,40.6
285,합천,2026-04-25 16:00,26.3,,1.6,230,19,1013.2,1016.3,1,,,3,,37
285,합천,2026-04-25 17:00,25.3,,2.1,180,19,1012.9,1016,1,,,5,,31.5
285,합천,2026-04-25 18:00,24.5,,.9,180,22,1012.6,1015.7,1,,,5,,24.4
285,합천,2026-04-25 19:00,21,,1,200,37,1012.8,1015.9,.6,,,3,,20.1
285,합천,2026-04-25 20:00,17,,.2,0,49,1013.3,1016.5,0,,,0,,17.1
285,합천,2026-04-25 21:00,14.7,,.8,230,57,1013.9,1017.1,,,,0,,15.2
285,합천,2026-04-25 22:00,13.1,,.3,0,64,1014.2,1017.4,,,,0,,13.7
285,합천,2026-04-25 23:00,11.5,,.8,230,70,1014.1,1017.3,,,,0,,12.7
285,합천,2026-04-26 00:00,10.1,,1,230,77,1013.6,1016.9,,,,0,,11.9
285,합천,2026-04-26 01:00,9.4,,.7,200,79,1013.3,1016.6,,,,0,,11.3
285,합천,2026-04-26 02:00,8.7,,.6,200,82,1012.9,1016.2,,,,0,,10.8
285,합천,2026-04-26 03:00,8.1,,.3,0,86,1012.5,1015.8,,,,0,,10.4
285,합천,2026-04-26 04:00,7.4,,.2,0,87,1012.2,1015.5,,,,0,,9.9
285,합천,2026-04-26 05:00,6.6,,.2,0,91,1012,1015.3,,,,0,,9.5
285,합천,2026-04-26 06:00,6.9,,.4,0,92,1012.1,1015.4,0,,,0,,9.4
285,합천,2026-04-26 07:00,8,,.4,0,86,1012.3,1015.6,.8,,,0,,11
285,합천,2026-04-26 08:00,11.5,,.2,0,72,1012.3,1015.5,1,,,0,,17
285,합천,2026-04-26 09:00,16.2,,.6,290,56,1011.8,1015,1,,,0,,24.2
285,합천,2026-04-26 10:00,20.3,,1.1,360,42,1011.4,1014.5,1,,,0,,31.1
285,합천,2026-04-26 11:00,22.3,,1.3,50,41,1010.6,1013.7,1,,,1,,36.5
285,합천,2026-04-26 12:00,23.9,,1.1,160,36,1009.4,1012.5,1,,,1,,41.4
285,합천,2026-04-26 13:00,25.3,,2,180,37,1008.5,1011.6,1,,,2,,44.2
285,합천,2026-04-26 14:00,26.2,,2.1,230,36,1007.6,1010.6,.7,,,2,,42.2
285,합천,2026-04-26 15:00,25.5,,1.9,200,40,1006.7,1009.7,.9,,,2,,38.9
285,합천,2026-04-26 16:00,26,,2.1,200,39,1005.7,1008.7,1,,,0,,37
285,합천,2026-04-26 17:00,25.1,,2.4,200,42,1005.3,1008.3,1,,,1,,32.8
285,합천,2026-04-26 18:00,24.4,,1,200,44,1005.3,1008.4,1,,,0,,25
285,합천,2026-04-26 19:00,22.5,,1.6,200,53,1005.6,1008.7,.7,,,0,,21.8
285,합천,2026-04-26 20:00,21.1,,1.1,230,60,1006.5,1009.6,0,,,4,,20.3
285,합천,2026-04-26 21:00,19.8,,1.1,230,64,1007.4,1010.5,,,,0,,18.6
285,합천,2026-04-26 22:00,18.5,,.7,270,70,1007.7,1010.8,,,,3,,17.3
285,합천,2026-04-26 23:00,16.4,,.6,250,80,1007.8,1011,,,,4,,15.9
285,합천,2026-04-27 00:00,15.1,,.5,250,86,1007.7,1010.9,,,,5,,14.9
285,합천,2026-04-27 01:00,14,,.6,230,90,1008.4,1011.6,,,,6,,14.5
285,합천,2026-04-27 02:00,13,,0,0,93,1008.3,1011.5,,,,7,,13.7
285,합천,2026-04-27 03:00,12.1,,.1,0,95,1008.3,1011.5,,,,0,,12.7
285,합천,2026-04-27 04:00,10.9,,.2,0,97,1008.2,1011.4,,,,2,,12.1
285,합천,2026-04-27 05:00,10.4,,.2,0,98,1008,1011.2,,,,0,,11.4
285,합천,2026-04-27 06:00,10,,.5,230,97,1008.2,1011.4,0,,,0,,11.1
285,합천,2026-04-27 07:00,11.1,,.3,0,91,1008.9,1012.1,.8,,,0,,12.8
285,합천,2026-04-27 08:00,13.6,,.2,0,80,1009.3,1012.5,1,,,0,,18.8
285,합천,2026-04-27 09:00,17.8,,.3,0,57,1009.3,1012.4,1,,,0,,25.6
285,합천,2026-04-27 10:00,20.8,,.7,160,44,1009,1012.1,1,,,0,,32.5
285,합천,2026-04-27 11:00,22.9,,.7,110,29,1009.1,1012.2,.9,,,0,,36.2
285,합천,2026-04-27 12:00,24.5,,.4,0,28,1008.6,1011.7,.7,,,7,,34.8
285,합천,2026-04-27 13:00,25.3,,.9,50,25,1007.8,1010.9,.3,,,7,,36.2
285,합천,2026-04-27 14:00,26.8,,1.5,230,27,1006.9,1009.9,.8,,,6,,41.7
285,합천,2026-04-27 15:00,26.5,,2.3,200,30,1006.3,1009.3,1,,,5,,39.5
285,합천,2026-04-27 16:00,26.5,,2.8,200,34,1006.1,1009.1,1,,,7,,36
285,합천,2026-04-27 17:00,24.6,,3.1,200,38,1006.2,1009.3,.8,,,7,,29.4
285,합천,2026-04-27 18:00,23.3,,2.5,200,42,1006.3,1009.4,0,,,8,,25.4
285,합천,2026-04-27 19:00,22,,2.1,200,46,1006.9,1010,0,,,9,,22.1
285,합천,2026-04-27 20:00,20.8,,1.3,200,52,1007.4,1010.5,0,,,8,,20.1
285,합천,2026-04-27 21:00,19.5,,1.1,200,58,1007.9,1011,,,,7,,18.6
285,합천,2026-04-27 22:00,18.5,,.7,230,62,1008.3,1011.4,,,,8,,17.5
285,합천,2026-04-27 23:00,16.9,,.7,230,68,1008.4,1011.6,,,,7,,16.4
285,합천,2026-04-28 00:00,15.8,,.5,250,73,1008.2,1011.4,,,,8,,15.4
285,합천,2026-04-28 01:00,14.9,,.4,0,74,1007.8,1011,,,,7,,14.7
285,합천,2026-04-28 02:00,13.3,,.7,360,82,1007.3,1010.5,,,,8,,14.2
285,합천,2026-04-28 03:00,12.5,,.6,20,86,1007,1010.2,,,,9,,13.7
285,합천,2026-04-28 04:00,15.7,,1.5,320,62,1006.8,1010,,,,9,,13.6
285,합천,2026-04-28 05:00,15.6,,1,250,59,1006.9,1010.1,,,,9,,14.1
285,합천,2026-04-28 06:00,15.8,,1.8,230,62,1007.2,1010.4,0,,,9,,15.2
285,합천,2026-04-28 07:00,16.7,,1.8,270,54,1008.2,1011.4,0,,,9,,15.9
285,합천,2026-04-28 08:00,16.5,,1.7,250,60,1008.6,1011.8,0,,,9,,18
285,합천,2026-04-28 09:00,17.5,,1.7,250,58,1009,1012.2,.5,,,8,,21.9
285,합천,2026-04-28 10:00,18.1,,1.6,250,51,1009.1,1012.2,.4,,,8,,24.8
285,합천,2026-04-28 11:00,19.8,,2,250,46,1009.3,1012.4,.4,,,8,,30.2
285,합천,2026-04-28 12:00,20.9,,2.5,230,39,1008.7,1011.8,1,,,7,,36.9
285,합천,2026-04-28 13:00,21.6,,2.5,250,36,1008.5,1011.6,.7,,,8,,37.7
285,합천,2026-04-28 14:00,21.2,,2.3,230,36,1008.5,1011.6,.4,,,8,,34
285,합천,2026-04-28 15:00,21.3,,2.6,250,34,1007.8,1010.9,0,,,9,,29.4
285,합천,2026-04-28 16:00,21.4,,2.2,250,24,1008,1011.1,0,,,9,,26.9
285,합천,2026-04-28 17:00,20.5,,1.9,290,27,1008.6,1011.7,0,,,10,,22.6
285,합천,2026-04-28 18:00,19.4,,1.8,290,30,1009.4,1012.5,0,,,10,,20.1
285,합천,2026-04-28 19:00,18,,1.6,270,40,1010.6,1013.8,0,,,10,,18.4
285,합천,2026-04-28 20:00,16.8,,1.9,270,47,1012,1015.2,0,,,10,,17.2
285,합천,2026-04-28 21:00,15.7,,1.7,250,48,1013.4,1016.6,,,,10,,16.4
285,합천,2026-04-28 22:00,14.8,,.8,250,49,1013.8,1017,,,,10,,15.7
285,합천,2026-04-28 23:00,14.1,,1.2,230,51,1013.5,1016.7,,,,10,,15.1
285,합천,2026-04-29 00:00,13.8,,.5,230,49,1013.8,1017,,,,10,,14.6
285,합천,2026-04-29 01:00,13.4,,.7,250,49,1013.8,1017,,,,10,,14.2
285,합천,2026-04-29 02:00,13.1,,.6,250,50,1013.9,1017.1,,,,10,,13.9
285,합천,2026-04-29 03:00,12.3,,.6,230,55,1013.8,1017,,,,8,,13
285,합천,2026-04-29 04:00,10.1,,.4,0,70,1014.1,1017.4,,,,9,,11.8
285,합천,2026-04-29 05:00,8.9,,.2,0,76,1014.4,1017.7,,,,7,,10.8
285,합천,2026-04-29 06:00,8,,.5,70,81,1015.3,1018.6,0,,,8,,10.6
285,합천,2026-04-29 07:00,9.7,,.4,0,75,1015.9,1019.2,.8,,,7,,12.7
285,합천,2026-04-29 08:00,12.9,,.2,0,59,1016.2,1019.4,1,,,8,,18.7
285,합천,2026-04-29 09:00,15.2,,.8,140,51,1016.4,1019.6,1,,,7,,24.8
285,합천,2026-04-29 10:00,17.1,,1.2,200,47,1016.2,1019.4,1,,,5,,31.9
285,합천,2026-04-29 11:00,17.3,,1.8,70,46,1015.9,1019.1,.3,,,9,,31.7
285,합천,2026-04-29 12:00,17.3,,.9,180,45,1015.3,1018.5,0,,,10,,30.4
285,합천,2026-04-29 13:00,17.8,,.8,160,46,1015,1018.2,0,,,10,,28.9
285,합천,2026-04-29 14:00,18.3,,.8,110,45,1014.6,1017.8,0,,,10,,27.4
285,합천,2026-04-29 15:00,18.8,,1,70,43,1014,1017.2,0,,,10,,28.8
285,합천,2026-04-29 16:00,18.8,,1.7,90,44,1013.5,1016.6,0,,,9,,26.8
285,합천,2026-04-29 17:00,18.3,,1.4,90,46,1013.7,1016.9,0,,,10,,23.6
285,합천,2026-04-29 18:00,17.8,,.6,140,49,1013.9,1017.1,0,,,9,,21.2
285,합천,2026-04-29 19:00,16.5,,.2,0,59,1014.1,1017.3,0,,,10,,18.7
285,합천,2026-04-29 20:00,15.1,,.4,0,65,1014.5,1017.7,0,,,10,,17.2
285,합천,2026-04-29 21:00,15,,.3,0,64,1015.3,1018.5,,,,10,,16.3
285,합천,2026-04-29 22:00,14.5,,.4,0,68,1015.8,1019,,,,10,,15.6
285,합천,2026-04-29 23:00,13.1,,.4,0,78,1015.8,1019,,,,10,,15.1
285,합천,2026-04-30 00:00,12.8,,.2,0,80,1015.6,1018.8,,,,10,,14.7
288,밀양,2026-01-01 01:00,-5.8,,0,0,40,1023.2,1024.3,,,,0,,-10.8
288,밀양,2026-01-01 02:00,-6.1,,.8,340,47,1023,1024.1,,,,0,,-9.9
288,밀양,2026-01-01 03:00,-5.7,,0,0,42,1022.7,1023.8,,,,0,,-9.9
288,밀양,2026-01-01 04:00,-7.5,,0,0,55,1022.4,1023.5,,,,4,,-11
288,밀양,2026-01-01 05:00,-7.9,,0,0,59,1022.3,1023.4,,,,0,,-11.3
288,밀양,2026-01-01 06:00,-8,,.1,0,62,1022.5,1023.6,,,,10,,-10.3
288,밀양,2026-01-01 07:00,-5.2,,0,0,40,1022.7,1023.8,,,,10,,-7.3
288,밀양,2026-01-01 08:00,-4.8,,0,0,36,1022.8,1023.9,0,.02,,10,,-5.5
288,밀양,2026-01-01 09:00,-3.3,,0,0,28,1022.8,1023.9,.4,.35,,10,,-1
288,밀양,2026-01-01 10:00,-2,,.1,0,24,1023.1,1024.2,.6,.91,,6,,5.1
288,밀양,2026-01-01 11:00,-.9,,1.8,360,16,1022.8,1023.9,1,1.51,,7,,6.8
288,밀양,2026-01-01 12:00,-.7,,3.5,320,13,1022.1,1023.2,1,1.66,,8,,4.7
288,밀양,2026-01-01 13:00,-.4,,3.8,290,13,1021.2,1022.3,.9,1.42,,8,,4.1
288,밀양,2026-01-01 14:00,-.2,,4.3,320,13,1020.9,1022,.3,1.16,,9,,3.3
288,밀양,2026-01-01 15:00,.7,,4.4,320,14,1020.9,1022,.7,1.2,,4,,4.9
288,밀양,2026-01-01 16:00,-.1,,5.1,320,17,1021.2,1022.3,.9,.9,,6,,1.5
288,밀양,2026-01-01 17:00,-.6,,4.6,290,22,1021.4,1022.5,.4,.36,,4,,-1.3
288,밀양,2026-01-01 18:00,-1.2,,3.7,320,25,1021.9,1023,0,.02,,4,,-2.7
288,밀양,2026-01-01 19:00,-2.3,,.9,290,29,1021.7,1022.8,,,,3,,-5.5
288,밀양,2026-01-01 20:00,-3.4,,.2,0,32,1021.4,1022.5,,,,6,,-7.1
288,밀양,2026-01-01 21:00,-4,,1,320,39,1021.1,1022.2,,,,0,,-8.1
288,밀양,2026-01-01 22:00,-3.7,,2.4,290,36,1021.3,1022.4,,,,0,,-6.8
288,밀양,2026-01-01 23:00,-5.1,,0,0,42,1021.4,1022.5,,,,0,,-9.2
288,밀양,2026-01-02 00:00,-4.5,,2,340,43,1020.9,1022,,,,0,,-7.1
288,밀양,2026-01-02 01:00,-5.3,,1.4,320,48,1020.6,1021.7,,,,0,,-8.2
288,밀양,2026-01-02 02:00,-7.2,,.7,360,62,1020.5,1021.6,,,,0,,-10
288,밀양,2026-01-02 03:00,-7.8,,.3,0,65,1020.8,1021.9,,,,0,,-11.1
288,밀양,2026-01-02 04:00,-5.1,,3.3,320,46,1020.9,1022,,,,0,,-7.1
288,밀양,2026-01-02 05:00,-6.6,,2.6,290,52,1020.9,1022,,,,0,,-9
288,밀양,2026-01-02 06:00,-7.5,,.8,290,58,1021.1,1022.2,,,,0,,-11.6
288,밀양,2026-01-02 07:00,-7.3,,2.3,320,52,1021.5,1022.6,,,,0,,-10
288,밀양,2026-01-02 08:00,-7.6,,1.5,290,53,1021.8,1022.9,0,.01,,0,,-10.2
288,밀양,2026-01-02 09:00,-5.7,,1.5,290,43,1021.8,1022.9,.6,.38,,0,,-3.7
288,밀양,2026-01-02 10:00,-5,,3.8,320,38,1022.4,1023.5,1,1.04,,0,,1
288,밀양,2026-01-02 11:00,-3.6,,4,320,33,1022.1,1023.2,1,1.57,,0,,3
288,밀양,2026-01-02 12:00,-2.1,,3.5,320,26,1021.2,1022.3,1,1.92,,0,,4.7
288,밀양,2026-01-02 13:00,-.4,,3.4,290,21,1020.3,1021.4,1,2.05,,0,,4.9
288,밀양,2026-01-02 14:00,.6,,3.7,290,20,1019.5,1020.6,1,1.94,,0,,6.6
288,밀양,2026-01-02 15:00,.8,,3.6,320,18,1019.5,1020.6,1,1.59,,0,,6.2
288,밀양,2026-01-02 16:00,1.1,,2.6,320,19,1019.5,1020.6,1,1.06,,0,,5.2
288,밀양,2026-01-02 17:00,-.2,,1.5,290,24,1019.6,1020.7,.8,.4,,0,,-2.8
288,밀양,2026-01-02 18:00,-2.3,,.5,290,30,1020.3,1021.4,0,.02,,0,,-6.5
288,밀양,2026-01-02 19:00,-3.2,,.7,270,34,1020.9,1022,,,,0,,-8.5
288,밀양,2026-01-02 20:00,-3.6,,.8,360,37,1021.2,1022.3,,,,0,,-8.6
288,밀양,2026-01-02 21:00,-3.1,,1.6,20,38,1021.4,1022.5,,,,0,,-6.9
288,밀양,2026-01-02 22:00,-4.1,,1.5,20,44,1021.9,1023,,,,0,,-8.1
288,밀양,2026-01-02 23:00,-6,,.9,290,57,1022.3,1023.4,,,,0,,-9.4
288,밀양,2026-01-03 00:00,-6.4,,.8,290,66,1022.6,1023.7,,,,0,,-10.3
288,밀양,2026-01-03 01:00,-4.1,,1.5,360,55,1022.6,1023.7,,,,0,,-7.4
288,밀양,2026-01-03 02:00,-5.6,,.9,340,62,1022.9,1024,,,,0,,-9
288,밀양,2026-01-03 03:00,-7.5,,1,320,70,1023.3,1024.4,,,,0,,-10.1
288,밀양,2026-01-03 04:00,-7.9,,.4,0,75,1023.3,1024.4,,,,0,,-10.8
288,밀양,2026-01-03 05:00,-8.8,,0,0,77,1023.1,1024.2,,,,0,,-11.1
288,밀양,2026-01-03 06:00,-9,,0,0,79,1023.3,1024.4,,,,0,,-12
288,밀양,2026-01-03 07:00,-10.2,,.5,270,81,1023.8,1024.9,,,,0,,-12.4
288,밀양,2026-01-03 08:00,-9.8,,0,0,79,1024.6,1025.7,0,.01,,0,,-12.2
288,밀양,2026-01-03 09:00,-5.5,,1.3,320,66,1025.1,1026.2,.6,.47,,0,,-3.8
288,밀양,2026-01-03 10:00,-1.5,,1.8,50,32,1025.3,1026.4,1,1.11,,0,,4.9
288,밀양,2026-01-03 11:00,1.2,,1.1,250,30,1025.2,1026.3,1,1.57,,0,,10.2
288,밀양,2026-01-03 12:00,3.5,,3.8,290,23,1023.8,1024.8,1,1.91,,0,,9.6
288,밀양,2026-01-03 13:00,4.8,,4.9,340,20,1023.1,1024.1,1,2.05,,0,,8.8
288,밀양,2026-01-03 14:00,5.1,,4.6,320,23,1022.9,1023.9,1,1.93,,0,,10.6
288,밀양,2026-01-03 15:00,5.4,,3.8,290,27,1022.5,1023.5,1,1.55,,0,,10.7
288,밀양,2026-01-03 16:00,5.6,,3.3,320,33,1022.4,1023.4,1,1.01,,0,,8.6
288,밀양,2026-01-03 17:00,4.2,,2,320,40,1022.5,1023.5,.8,.38,,0,,2.2
288,밀양,2026-01-03 18:00,2.2,,1.8,320,47,1023,1024.1,0,.01,,0,,-1
288,밀양,2026-01-03 19:00,.3,,.7,360,57,1023.2,1024.3,,,,0,,-3.9
288,밀양,2026-01-03 20:00,-1.6,,.4,0,67,1023.3,1024.4,,,,0,,-5.5
288,밀양,2026-01-03 21:00,-2.7,,.7,320,72,1023.4,1024.5,,,,0,,-6.3
288,밀양,2026-01-03 22:00,-3.5,,.1,0,77,1023.6,1024.7,,,,0,,-7.2
288,밀양,2026-01-03 23:00,-4.2,,0,0,78,1023.8,1024.9,,,,0,,-7.3
288,밀양,2026-01-04 00:00,-5,,0,0,82,1023.6,1024.7,,,,0,,-7.8
288,밀양,2026-01-04 01:00,-5.3,,0,0,84,1023.4,1024.5,,,,0,,-8
288,밀양,2026-01-04 02:00,-6,,0,0,85,1023.4,1024.5,,,,0,,-8.8
288,밀양,2026-01-04 03:00,-6.5,,0,0,88,1023.1,1024.2,,,,0,,-9.5
288,밀양,2026-01-04 04:00,-6.3,,.1,0,88,1022.6,1023.7,,,,0,,-9.3
288,밀양,2026-01-04 05:00,-6.6,,.7,320,88,1022.2,1023.3,,,,0,,-9.4
288,밀양,2026-01-04 06:00,-7,,0,0,89,1022.2,1023.3,,,,0,,-9.8
288,밀양,2026-01-04 07:00,-7,,0,0,90,1022.8,1023.9,,,,0,,-10
288,밀양,2026-01-04 08:00,-7,,0,0,90,1023,1024.1,0,.01,,0,,-9.1
288,밀양,2026-01-04 09:00,-3.9,,0,0,84,1023.3,1024.4,.6,.41,,0,,-3.7
288,밀양,2026-01-04 10:00,-.9,,0,0,72,1023.6,1024.7,1,1,,0,,5.9
288,밀양,2026-01-04 11:00,2.2,,0,0,61,1023,1024.1,1,1.63,,1,,9.5
288,밀양,2026-01-04 12:00,5.7,,0,0,50,1021.5,1022.5,1,1.78,,1,,13.3
288,밀양,2026-01-04 13:00,8.3,,2.5,290,40,1020.1,1021.1,1,1.88,,5,,14.2
288,밀양,2026-01-04 14:00,9,,2.8,270,38,1019.2,1020.2,1,1.8,,3,,15
288,밀양,2026-01-04 15:00,9.2,,3,290,38,1018.6,1019.6,1,1.42,,2,,13.8
288,밀양,2026-01-04 16:00,8.7,,3.6,290,39,1018.4,1019.4,1,.9,,4,,9.8
288,밀양,2026-01-04 17:00,6.8,,1.7,250,46,1018.3,1019.3,0,.19,,6,,4.3
288,밀양,2026-01-04 18:00,4.6,,.8,290,55,1018.2,1019.2,0,.01,,8,,.1
288,밀양,2026-01-04 19:00,2.2,,.4,0,66,1018.8,1019.8,,,,8,,-1.7
288,밀양,2026-01-04 20:00,1.3,,0,0,70,1018.7,1019.8,,,,10,,-.9
288,밀양,2026-01-04 21:00,.8,,0,0,73,1018.5,1019.6,,,,6,,-1.8
288,밀양,2026-01-04 22:00,-.1,,0,0,76,1018.6,1019.7,,,,8,,-2.5
288,밀양,2026-01-04 23:00,-1.3,,0,0,80,1018.4,1019.5,,,,6,,-4.4
288,밀양,2026-01-05 00:00,-1.5,,.1,0,79,1018.1,1019.2,,,,7,,-3.3
288,밀양,2026-01-05 01:00,-1.2,,0,0,82,1017.7,1018.8,,,,9,,-2.6
288,밀양,2026-01-05 02:00,-1.5,,.3,0,83,1017.7,1018.8,,,,10,,-2.9
288,밀양,2026-01-05 03:00,-1.3,,0,0,82,1017.8,1018.9,,,,9,,-2.5
288,밀양,2026-01-05 04:00,-1,,0,0,84,1017.3,1018.4,,,,10,,-2.6
288,밀양,2026-01-05 05:00,-1.1,,.4,0,83,1016.6,1017.7,,,,9,,-2.2
288,밀양,2026-01-05 06:00,-1.4,,.5,320,85,1016.7,1017.8,,,,8,,-3.7
288,밀양,2026-01-05 07:00,-1.3,,.2,0,83,1017,1018.1,,,,8,,-3.3
288,밀양,2026-01-05 08:00,-1,,.8,270,81,1017.3,1018.4,0,.02,,8,,-2.4
288,밀양,2026-01-05 09:00,1.3,,.2,0,71,1017.7,1018.8,.2,.27,,8,,2
288,밀양,2026-01-05 10:00,4.6,,2.9,320,40,1018,1019,.5,.71,,8,,6.7
288,밀양,2026-01-05 11:00,5.7,,3.1,320,33,1017.9,1018.9,.8,1.05,,5,,10.9
288,밀양,2026-01-05 12:00,6.4,,3.4,320,28,1016.9,1017.9,.9,1.7,,8,,9.5
288,밀양,2026-01-05 13:00,7.3,,3.5,320,22,1016,1017,.9,1.58,,8,,13.3
288,밀양,2026-01-05 14:00,6.6,,2.8,340,22,1015.8,1016.8,.5,1.22,,8,,11
288,밀양,2026-01-05 15:00,6.9,,2.7,320,22,1015.9,1016.9,.6,1.09,,8,,11.4
288,밀양,2026-01-05 16:00,7.1,,.5,340,18,1016.2,1017.2,1,.91,,4,,10.8
288,밀양,2026-01-05 17:00,5.7,,2.2,320,18,1016.7,1017.7,.8,.43,,0,,3.6
288,밀양,2026-01-05 18:00,4.1,,.6,320,22,1017.7,1018.7,0,.02,,0,,-.5
288,밀양,2026-01-05 19:00,1.5,,0,0,29,1018.7,1019.8,,,,0,,-3.5
288,밀양,2026-01-05 20:00,-.3,,0,0,35,1019.2,1020.3,,,,0,,-5.3
288,밀양,2026-01-05 21:00,-2.1,,0,0,43,1019.8,1020.9,,,,0,,-6.8
288,밀양,2026-01-05 22:00,-2.7,,.2,0,44,1020.2,1021.3,,,,0,,-6.9
288,밀양,2026-01-05 23:00,-3.4,,0,0,44,1020.5,1021.6,,,,0,,-7.3
288,밀양,2026-01-06 00:00,-4.2,,0,0,52,1020.7,1021.8,,,,0,,-8.1
288,밀양,2026-01-06 01:00,-6,,0,0,65,1020.7,1021.8,,,,0,,-9.4
288,밀양,2026-01-06 02:00,-6.3,,0,0,65,1021,1022.1,,,,0,,-10.2
288,밀양,2026-01-06 03:00,-6.8,,0,0,67,1021.3,1022.4,,,,0,,-10.1
288,밀양,2026-01-06 04:00,-7,,0,0,67,1021.4,1022.5,,,,0,,-10
288,밀양,2026-01-06 05:00,-7.6,,0,0,73,1021.3,1022.4,,,,0,,-10.1
288,밀양,2026-01-06 06:00,-7.8,,0,0,75,1021.3,1022.4,,,,0,,-11.1
288,밀양,2026-01-06 07:00,-8,,0,0,76,1021.8,1022.9,,,,0,,-11
288,밀양,2026-01-06 08:00,-7.9,,0,0,74,1022.3,1023.4,0,.01,,0,,-10.9
288,밀양,2026-01-06 09:00,-3.4,,0,0,59,1022.3,1023.4,.6,.39,,0,,-2.6
288,밀양,2026-01-06 10:00,-.4,,0,0,44,1022.1,1023.2,1,1.06,,0,,7.9
288,밀양,2026-01-06 11:00,3.6,,0,0,23,1021.5,1022.5,1,1.57,,0,,11.9
288,밀양,2026-01-06 12:00,5.9,,0,0,16,1020.3,1021.3,1,1.93,,0,,13.4
288,밀양,2026-01-06 13:00,7.1,,0,0,12,1019.2,1020.2,1,2.07,,0,,12.4
288,밀양,2026-01-06 14:00,9,,0,0,11,1018,1019,1,1.96,,0,,15.5
288,밀양,2026-01-06 15:00,9.1,,0,0,10,1017.7,1018.7,1,1.62,,0,,16
288,밀양,2026-01-06 16:00,9.4,,0,0,12,1017.5,1018.5,1,1.1,,0,,14.1
288,밀양,2026-01-06 17:00,5,,0,0,21,1017.5,1018.5,.8,.43,,0,,1.1
288,밀양,2026-01-06 18:00,2.5,,0,0,29,1017.7,1018.7,0,.01,,8,,-1.2
288,밀양,2026-01-06 19:00,1.5,,0,0,35,1018,1019,,,,8,,-2.5
288,밀양,2026-01-06 20:00,1.2,,0,0,34,1017.7,1018.8,,,,9,,-1.9
288,밀양,2026-01-06 21:00,-.3,,0,0,43,1018,1019.1,,,,8,,-3.1
288,밀양,2026-01-06 22:00,-1.3,,0,0,53,1018.1,1019.2,,,,10,,-3.4
288,밀양,2026-01-06 23:00,-.3,,0,0,39,1018.2,1019.3,,,,8,,-3.4
288,밀양,2026-01-07 00:00,-2.3,,0,0,63,1018.2,1019.3,,,,8,,-5
288,밀양,2026-01-07 01:00,-3.4,,1.2,320,66,1018.4,1019.5,,,,6,,-6.3
288,밀양,2026-01-07 02:00,-3.8,,0,0,68,1018.5,1019.6,,,,6,,-6.5
288,밀양,2026-01-07 03:00,-5,,0,0,72,1017.7,1018.8,,,,0,,-7.9
288,밀양,2026-01-07 04:00,-5.2,,0,0,73,1017.1,1018.2,,,,0,,-8.3
288,밀양,2026-01-07 05:00,-5.7,,0,0,74,1016.8,1017.9,,,,0,,-8.6
288,밀양,2026-01-07 06:00,-6.4,,0,0,77,1017.1,1018.2,,,,0,,-8.7
288,밀양,2026-01-07 07:00,-6.3,,.4,0,78,1017.5,1018.6,,,,0,,-8.5
288,밀양,2026-01-07 08:00,-5.9,,.3,0,77,1017.2,1018.3,0,.01,,0,,-7.5
288,밀양,2026-01-07 09:00,-2.6,,0,0,66,1017.3,1018.4,.6,.32,,0,,-.9
288,밀양,2026-01-07 10:00,0,,.1,0,55,1017.3,1018.4,1,.83,,0,,6.4
288,밀양,2026-01-07 11:00,2.9,,.6,140,48,1016.8,1017.8,1,1.27,,0,,9.9
288,밀양,2026-01-07 12:00,6.5,,1.7,140,43,1015.6,1016.6,1,1.57,,2,,12.6
288,밀양,2026-01-07 13:00,8.8,,4.5,290,38,1014.7,1015.7,.9,1.76,,5,,12.4
288,밀양,2026-01-07 14:00,9,,5,290,36,1014.4,1015.4,.7,1.5,,6,,13.9
288,밀양,2026-01-07 15:00,8.5,,4.5,290,37,1014.6,1015.6,.7,1.45,,6,,12
288,밀양,2026-01-07 16:00,8.5,,3.7,320,36,1014.6,1015.6,.9,.9,,0,,10.9
288,밀양,2026-01-07 17:00,7,,2.9,320,33,1014.9,1015.9,.9,.38,,0,,5.5
288,밀양,2026-01-07 18:00,5.9,,2.9,290,31,1015.6,1016.6,0,.02,,0,,2.4
288,밀양,2026-01-07 19:00,2.5,,1.1,320,38,1016.6,1017.6,,,,0,,-2.2
288,밀양,2026-01-07 20:00,3,,.7,70,30,1017.7,1018.7,,,,0,,-1.8
288,밀양,2026-01-07 21:00,2.4,,2.3,320,30,1018.3,1019.3,,,,0,,-1.4
288,밀양,2026-01-07 22:00,1.1,,1.9,270,37,1018.8,1019.9,,,,0,,-3.1
288,밀양,2026-01-07 23:00,.4,,2,290,35,1019.3,1020.4,,,,0,,-3.7
288,밀양,2026-01-08 00:00,-.9,,2.9,320,36,1019.4,1020.5,,,,0,,-3.2
288,밀양,2026-01-08 01:00,-2.7,,1.3,320,43,1019.6,1020.7,,,,0,,-6.7
288,밀양,2026-01-08 02:00,-3.9,,1.2,320,53,1020.4,1021.5,,,,0,,-8
288,밀양,2026-01-08 03:00,-1.6,,2.8,320,45,1021.3,1022.4,,,,0,,-3.8
288,밀양,2026-01-08 04:00,-2.3,,2.2,320,42,1021.8,1022.9,,,,0,,-4.7
288,밀양,2026-01-08 05:00,-2.8,,2.7,320,40,1022.3,1023.4,,,,0,,-5
288,밀양,2026-01-08 06:00,-4.2,,2.3,320,47,1022.4,1023.5,,,,0,,-6.4
288,밀양,2026-01-08 07:00,-4.4,,1.7,320,46,1023,1024.1,,,,0,,-7.9
288,밀양,2026-01-08 08:00,-4.3,,1.1,50,42,1023.5,1024.6,0,.01,,0,,-7.3
288,밀양,2026-01-08 09:00,-2.6,,1,110,34,1023.8,1024.9,.6,.39,,0,,-.3
288,밀양,2026-01-08 10:00,-.8,,3.1,320,22,1023.9,1025,1,1.08,,0,,5.3
288,밀양,2026-01-08 11:00,0,,3.8,320,20,1023.7,1024.8,1,1.63,,0,,6.4
288,밀양,2026-01-08 12:00,.8,,3.4,320,18,1022.8,1023.9,1,1.99,,0,,8
288,밀양,2026-01-08 13:00,2.2,,3.1,320,17,1022,1023.1,1,2.13,,0,,7.3
288,밀양,2026-01-08 14:00,3.1,,2.5,290,16,1021.2,1022.2,1,2.02,,0,,9.8
288,밀양,2026-01-08 15:00,3.7,,2.5,290,15,1021.3,1022.3,1,1.67,,0,,10.2
288,밀양,2026-01-08 16:00,3.9,,2,320,14,1021.6,1022.6,1,1.14,,0,,8.7
288,밀양,2026-01-08 17:00,2.8,,1.9,50,16,1022,1023,.9,.49,,0,,.2
288,밀양,2026-01-08 18:00,.7,,1.7,320,20,1022.5,1023.6,0,.02,,0,,-3.8
288,밀양,2026-01-08 19:00,-3.1,,.7,230,35,1023.2,1024.3,,,,0,,-8
288,밀양,2026-01-08 20:00,-4.4,,.8,270,45,1023.7,1024.8,,,,0,,-8.5
288,밀양,2026-01-08 21:00,-5.2,,.6,320,48,1024.1,1025.2,,,,0,,-9.6
288,밀양,2026-01-08 22:00,-5.9,,.5,290,51,1024.5,1025.6,,,,0,,-10.7
288,밀양,2026-01-08 23:00,-7,,.2,0,59,1024.3,1025.4,,,,0,,-11.2
288,밀양,2026-01-09 00:00,-7.4,,.5,20,61,1024,1025.1,,,,0,,-11.4
288,밀양,2026-01-09 01:00,-8.1,,.1,0,67,1023.9,1025,,,,0,,-11.9
288,밀양,2026-01-09 02:00,-8,,.5,50,66,1024.1,1025.2,,,,0,,-11.6
288,밀양,2026-01-09 03:00,-8.8,,.6,320,70,1024.1,1025.2,,,,0,,-12.4
288,밀양,2026-01-09 04:00,-9.3,,.5,290,74,1023.8,1024.9,,,,0,,-12.6
288,밀양,2026-01-09 05:00,-9.6,,.4,0,76,1023.4,1024.5,,,,0,,-13.1
288,밀양,2026-01-09 06:00,-10.1,,.1,0,76,1023.4,1024.5,,,,0,,-12.9
288,밀양,2026-01-09 07:00,-9.4,,0,0,74,1023.6,1024.7,,,,0,,-12.5
288,밀양,2026-01-09 08:00,-9.9,,.5,340,78,1023.8,1024.9,0,.01,,0,,-11.4
288,밀양,2026-01-09 09:00,-5.4,,.5,110,63,1023.6,1024.7,.6,.39,,0,,-3.3
288,밀양,2026-01-09 10:00,-1.9,,1.2,340,45,1023.3,1024.4,1,1.05,,0,,5.7
288,밀양,2026-01-09 11:00,1.9,,.6,230,42,1022.5,1023.6,1,1.59,,0,,10.5
288,밀양,2026-01-09 12:00,4.1,,1.2,160,36,1021.1,1022.1,1,1.94,,0,,12.1
288,밀양,2026-01-09 13:00,5.9,,1.4,140,35,1019.6,1020.6,1,2.07,,0,,12.1
288,밀양,2026-01-09 14:00,6.2,,2.5,140,31,1018.3,1019.3,1,1.97,,0,,11.7
288,밀양,2026-01-09 15:00,7.1,,1.9,160,34,1017.7,1018.7,1,1.62,,0,,12.8
288,밀양,2026-01-09 16:00,7.2,,1.2,160,28,1017.2,1018.2,1,1.13,,0,,11.8
288,밀양,2026-01-09 17:00,5.8,,1.4,200,30,1017.1,1018.1,.9,.48,,0,,2.7
288,밀양,2026-01-09 18:00,3.2,,.7,110,39,1016.9,1017.9,0,.02,,0,,-2.1
288,밀양,2026-01-09 19:00,.1,,.4,0,52,1016.9,1018,,,,4,,-4.5
288,밀양,2026-01-09 20:00,-1.1,,.6,250,58,1017.1,1018.2,,,,4,,-5
288,밀양,2026-01-09 21:00,-1.7,,.7,290,64,1017.1,1018.2,,,,8,,-5
288,밀양,2026-01-09 22:00,-1.9,,.8,340,67,1016.7,1017.8,,,,9,,-3.8
288,밀양,2026-01-09 23:00,-2.7,,1,320,73,1015.7,1016.8,,,,8,,-4.7
288,밀양,2026-01-10 00:00,-1.4,,.4,0,73,1014.9,1016,,,,9,,-1.8
288,밀양,2026-01-10 01:00,-1,,.1,0,72,1014.5,1015.6,,,,9,,-1.4
288,밀양,2026-01-10 02:00,-1.1,,1,250,73,1013.7,1014.8,,,,2,,-2.8
288,밀양,2026-01-10 03:00,-2,,.7,320,76,1013.1,1014.2,,,,2,,-3.6
288,밀양,2026-01-10 04:00,-1,,1.5,20,75,1012.2,1013.3,,,,3,,-2.4
288,밀양,2026-01-10 05:00,-.6,,1.4,90,76,1011,1012.1,,,,3,,-2.9
288,밀양,2026-01-10 06:00,7.2,,1.5,250,67,1010.2,1011.2,,,,0,,3.6
288,밀양,2026-01-10 07:00,8.2,,2.2,200,64,1009.4,1010.4,,,,0,,5
288,밀양,2026-01-10 08:00,9,,4.6,250,58,1008.9,1009.9,0,.02,,0,,7.2
288,밀양,2026-01-10 09:00,10,,5.6,230,53,1008.7,1009.7,.2,.24,,0,,9.8
288,밀양,2026-01-10 10:00,11.3,,4.4,230,49,1008.1,1009.1,1,.79,,0,,14.8
288,밀양,2026-01-10 11:00,12.2,,3,250,43,1007.9,1008.9,.9,1.25,,3,,17
288,밀양,2026-01-10 12:00,11.6,,6.4,320,30,1007.2,1008.2,.2,.61,,7,,12.6
288,밀양,2026-01-10 13:00,12.4,,5.9,270,19,1007,1008,.5,1.18,,2,,15.8
288,밀양,2026-01-10 14:00,11.5,,6.2,290,21,1006.8,1007.8,1,1.77,,1,,15.2
288,밀양,2026-01-10 15:00,10.1,,6,270,22,1007.2,1008.2,1,1.5,,0,,13.7
288,밀양,2026-01-10 16:00,8.3,,7.5,290,26,1008.1,1009.1,1,1,,1,,9.1
288,밀양,2026-01-10 17:00,6.9,,6.6,270,31,1009.2,1010.2,.9,.45,,4,,6.2
288,밀양,2026-01-10 18:00,5.3,,4.8,290,37,1010.5,1011.5,0,.02,,4,,3.9
288,밀양,2026-01-10 19:00,4.3,,5.8,270,41,1012.1,1013.1,,,,6,,3
288,밀양,2026-01-10 20:00,3.1,,5.8,290,48,1012.6,1013.6,,,,4,,1.9
288,밀양,2026-01-10 21:00,2.4,,4.7,290,55,1013.5,1014.5,,,,6,,2
288,밀양,2026-01-10 22:00,1.1,,3.3,270,59,1014.2,1015.2,,,,3,,-.6
288,밀양,2026-01-10 23:00,.9,,4.6,290,55,1015.1,1016.1,,,,6,,-.2
288,밀양,2026-01-11 00:00,.1,,2.6,290,56,1015.6,1016.7,,,,2,,-1.5
288,밀양,2026-01-11 01:00,-.3,,3.4,290,58,1016.2,1017.3,,,,5,,-1.9
288,밀양,2026-01-11 02:00,-.6,,3.9,290,55,1016.8,1017.9,,,,0,,-2.6
288,밀양,2026-01-11 03:00,-1.7,,1.5,320,54,1017.5,1018.6,,,,0,,-4.9
288,밀양,2026-01-11 04:00,-1.7,,2.7,290,45,1017.9,1019,,,,0,,-4.1
288,밀양,2026-01-11 05:00,-2.2,,3.2,290,37,1018.1,1019.2,,,,0,,-4.8
288,밀양,2026-01-11 06:00,-2.4,,4.6,290,32,1018.6,1019.7,,,,0,,-3.8
288,밀양,2026-01-11 07:00,-3.3,,2.9,290,38,1019.6,1020.7,,,,0,,-5.2
288,밀양,2026-01-11 08:00,-3.3,,3.3,290,35,1020.2,1021.3,0,.01,,0,,-4.9
288,밀양,2026-01-11 09:00,-2.3,,3.6,290,27,1020.7,1021.8,.6,.39,,0,,.4
288,밀양,2026-01-11 10:00,-.9,,3,290,17,1020.9,1022,1,1.06,,0,,6.1
288,밀양,2026-01-11 11:00,-.2,,3.3,290,15,1021,1022.1,1,1.61,,0,,7.3
288,밀양,2026-01-11 12:00,.4,,4.1,290,14,1020.4,1021.5,1,1.97,,0,,7.3
288,밀양,2026-01-11 13:00,1,,5.3,320,15,1019.6,1020.7,1,2.13,,0,,5.4
288,밀양,2026-01-11 14:00,1,,4.5,320,16,1019.2,1020.3,1,2.03,,0,,6.7
288,밀양,2026-01-11 15:00,1.1,,5.6,290,17,1019.3,1020.4,1,1.69,,0,,5.9
288,밀양,2026-01-11 16:00,1,,4.1,290,21,1019.7,1020.8,1,1.16,,0,,4.9
288,밀양,2026-01-11 17:00,-.2,,2.9,320,23,1020.3,1021.4,1,.5,,0,,-1.2
288,밀양,2026-01-11 18:00,-.9,,3.5,290,26,1020.8,1021.9,0,.03,,0,,-2.5
288,밀양,2026-01-11 19:00,-1.3,,3.7,290,28,1021.7,1022.8,,,,0,,-3.2
288,밀양,2026-01-11 20:00,-1.8,,2.4,290,31,1022.5,1023.6,,,,0,,-3.8
288,밀양,2026-01-11 21:00,-3.8,,1.3,320,38,1023.1,1024.2,,,,0,,-6.9
288,밀양,2026-01-11 22:00,-5.5,,.7,270,51,1023.6,1024.7,,,,0,,-8.4
288,밀양,2026-01-11 23:00,-6.4,,.8,320,56,1023.7,1024.8,,,,0,,-9.3
288,밀양,2026-01-12 00:00,-6.4,,.7,50,56,1023.7,1024.8,,,,0,,-9.5
288,밀양,2026-01-12 01:00,-7.6,,.2,0,64,1023.2,1024.3,,,,0,,-11.1
288,밀양,2026-01-12 02:00,-7.7,,.6,20,67,1023.1,1024.2,,,,0,,-10.8
288,밀양,2026-01-12 03:00,-8.7,,.3,0,73,1023.3,1024.4,,,,0,,-11.2
288,밀양,2026-01-12 04:00,-9.3,,.3,0,76,1023.2,1024.3,,,,0,,-12.1
288,밀양,2026-01-12 05:00,-9.2,,.7,340,76,1023.3,1024.4,,,,0,,-11.6
288,밀양,2026-01-12 06:00,-9.3,,.5,360,76,1023,1024.1,,,,0,,-11.8
288,밀양,2026-01-12 07:00,-9.7,,.1,0,78,1022.9,1024,,,,0,,-12.2
288,밀양,2026-01-12 08:00,-9.9,,.2,0,79,1023.2,1024.3,0,.01,,0,,-11.4
288,밀양,2026-01-12 09:00,-6.9,,1.4,50,66,1022.9,1024,.7,.39,,0,,-3.3
288,밀양,2026-01-12 10:00,-4.1,,.7,50,56,1022,1023.1,1,1.03,,0,,4.8
288,밀양,2026-01-12 11:00,-.5,,.4,0,44,1020.6,1021.7,1,1.57,,0,,8.4
288,밀양,2026-01-12 12:00,.9,,1,250,42,1019.1,1020.2,1,1.93,,0,,10.8
288,밀양,2026-01-12 13:00,2.5,,2.1,160,39,1018.2,1019.2,1,2.06,,0,,8.3
288,밀양,2026-01-12 14:00,3.7,,2.3,250,37,1016.9,1017.9,1,1.93,,0,,10.6
288,밀양,2026-01-12 15:00,5.1,,1.7,270,36,1015.7,1016.7,1,1.57,,1,,11.4
288,밀양,2026-01-12 16:00,5.2,,2.4,270,39,1014.9,1015.9,1,1.03,,1,,8.9
288,밀양,2026-01-12 17:00,4.4,,.6,230,43,1014.4,1015.4,1,.42,,1,,2.5
288,밀양,2026-01-12 18:00,2.8,,.4,0,52,1013.9,1014.9,0,.02,,0,,-1.4
288,밀양,2026-01-12 19:00,.4,,1.1,360,62,1013.3,1014.3,,,,3,,-2.7
288,밀양,2026-01-12 20:00,-1,,.4,0,69,1013.2,1014.3,,,,2,,-4
288,밀양,2026-01-12 21:00,-1.3,,.4,0,71,1012.1,1013.2,,,,0,,-3.4
288,밀양,2026-01-12 22:00,-.7,,.8,230,72,1012.2,1013.3,,,,0,,-2.8
288,밀양,2026-01-12 23:00,-.9,,.4,0,74,1011.4,1012.5,,,,8,,-1.6
288,밀양,2026-01-13 00:00,-.2,,.6,250,74,1010.5,1011.5,,,,9,,-1.2
288,밀양,2026-01-13 01:00,.3,,1.5,340,74,1009,1010,,,,9,,-.4
288,밀양,2026-01-13 02:00,.5,,.3,0,74,1009,1010,,,,9,,-.2
288,밀양,2026-01-13 03:00,-.4,0,.2,0,76,1008.6,1009.6,,,,0,,-2.9
288,밀양,2026-01-13 04:00,-1.1,,.7,20,80,1008.3,1009.3,,,,2,,-3.3
288,밀양,2026-01-13 05:00,-1.6,,.8,50,81,1008.7,1009.8,,,,0,,-3.7
288,밀양,2026-01-13 06:00,-2.2,,.9,340,85,1009.3,1010.4,,,,0,,-4.4
288,밀양,2026-01-13 07:00,-2.8,,.5,20,89,1010.1,1011.2,,,,0,,-6.4
288,밀양,2026-01-13 08:00,-3.1,,.9,320,89,1010.9,1012,0,.02,,0,,-5.4
288,밀양,2026-01-13 09:00,1.2,,.5,360,75,1011.3,1012.3,.7,.44,,0,,3
288,밀양,2026-01-13 10:00,6.9,,3.7,290,41,1011.9,1012.9,1,1,,0,,11.5
288,밀양,2026-01-13 11:00,7.4,,4.7,320,35,1012.5,1013.5,1,1.51,,0,,13.1
288,밀양,2026-01-13 12:00,8.4,,4.6,320,31,1012.2,1013.2,1,1.8,,0,,14.3
288,밀양,2026-01-13 13:00,7.9,,5.8,290,24,1011.8,1012.8,1,2.01,,0,,12.8
288,밀양,2026-01-13 14:00,8.2,,5.5,290,22,1011.7,1012.7,1,1.95,,0,,13.2
288,밀양,2026-01-13 15:00,7.8,,6.3,320,22,1011.9,1012.9,1,1.6,,0,,11.9
288,밀양,2026-01-13 16:00,7.4,,4.6,320,22,1012.6,1013.6,1,1.1,,0,,10.5
288,밀양,2026-01-13 17:00,6.2,,3.2,320,23,1013.6,1014.6,1,.5,,0,,5.3
288,밀양,2026-01-13 18:00,4.6,,3,320,26,1014.5,1015.5,0,.03,,0,,2.1
288,밀양,2026-01-13 19:00,3.4,,2.6,290,28,1015.5,1016.5,,,,0,,-.4
288,밀양,2026-01-13 20:00,1.4,,.9,340,31,1016.3,1017.3,,,,0,,-4
288,밀양,2026-01-13 21:00,.6,,1.9,320,36,1017,1018.1,,,,0,,-2.8
288,밀양,2026-01-13 22:00,-1.8,,.9,290,47,1017.9,1019,,,,0,,-6.1
288,밀양,2026-01-13 23:00,-2.5,,.1,0,48,1018.9,1020,,,,0,,-6.5
288,밀양,2026-01-14 00:00,-3.8,,.7,340,56,1019.3,1020.4,,,,0,,-7.2
288,밀양,2026-01-14 01:00,-4.6,,.3,0,60,1019.8,1020.9,,,,0,,-7.9
288,밀양,2026-01-14 02:00,-5,,.1,0,61,1020.3,1021.4,,,,0,,-8.3
288,밀양,2026-01-14 03:00,-5.9,,.3,0,69,1021,1022.1,,,,0,,-8.7
288,밀양,2026-01-14 04:00,-6.2,,.7,320,68,1021.3,1022.4,,,,0,,-9.6
288,밀양,2026-01-14 05:00,-6.6,,.1,0,72,1021.6,1022.7,,,,0,,-10.1
288,밀양,2026-01-14 06:00,-7.1,,.4,0,73,1022.4,1023.5,,,,0,,-9.8
288,밀양,2026-01-14 07:00,-6.8,,.2,0,72,1022.5,1023.6,,,,0,,-9.5
288,밀양,2026-01-14 08:00,-6.8,,.4,0,73,1023,1024.1,0,.01,,0,,-8.8
288,밀양,2026-01-14 09:00,-3.6,,.8,320,53,1023.3,1024.4,.7,.36,,0,,-.8
288,밀양,2026-01-14 10:00,-.9,,.9,90,46,1023.6,1024.7,1,.97,,0,,5.5
288,밀양,2026-01-14 11:00,1.2,,1,140,24,1023.4,1024.5,1,1.5,,0,,9.7
288,밀양,2026-01-14 12:00,4.4,,.5,70,21,1022,1023,1,1.86,,0,,11.7
288,밀양,2026-01-14 13:00,4.9,,.9,70,18,1020.9,1021.9,1,1.96,,0,,11.8
288,밀양,2026-01-14 14:00,6.7,,.7,180,21,1020.4,1021.4,1,1.85,,0,,14
288,밀양,2026-01-14 15:00,7.6,,2.2,160,24,1019.7,1020.7,1,1.5,,0,,13.2
288,밀양,2026-01-14 16:00,7.6,,2.3,140,25,1019.3,1020.3,1,.97,,0,,10.8
288,밀양,2026-01-14 17:00,6.6,,1.1,160,30,1019.2,1020.2,.7,.38,,0,,5.1
288,밀양,2026-01-14 18:00,2.7,,1.3,320,40,1019.2,1020.2,0,.04,,4,,-.4
288,밀양,2026-01-14 19:00,1,,.6,290,47,1019.7,1020.8,,,,0,,-3.4
288,밀양,2026-01-14 20:00,.1,,.1,0,52,1019.8,1020.9,,,,4,,-3.9
288,밀양,2026-01-14 21:00,.7,,0,0,57,1018.9,1020,,,,6,,.3
288,밀양,2026-01-14 22:00,1.6,,1.3,290,55,1018.8,1019.9,,,,9,,.8
288,밀양,2026-01-14 23:00,1.9,,.1,0,51,1018.2,1019.2,,,,7,,.7
288,밀양,2026-01-15 00:00,1.2,,.6,340,57,1017.2,1018.3,,,,6,,.1
288,밀양,2026-01-15 01:00,1.2,,.3,0,59,1016.7,1017.7,,,,8,,-.8
288,밀양,2026-01-15 02:00,1.1,,0,0,64,1015.9,1016.9,,,,9,,.4
288,밀양,2026-01-15 03:00,2.2,0,.8,160,61,1015.4,1016.4,,,,9,,1.3
288,밀양,2026-01-15 04:00,2.4,,.7,340,60,1014.7,1015.7,,,,10,,1.8
288,밀양,2026-01-15 05:00,2.3,,.3,0,65,1014.5,1015.5,,,,10,,1.6
288,밀양,2026-01-15 06:00,2.2,0,1,140,75,1013.9,1014.9,,,,10,,.2
288,밀양,2026-01-15 07:00,1.5,,.8,250,77,1013.8,1014.8,,,,6,,-.3
288,밀양,2026-01-15 08:00,.8,,.9,320,79,1013.8,1014.8,0,.02,,6,,0
288,밀양,2026-01-15 09:00,2.3,0,.9,290,78,1013.3,1014.3,.1,.2,,4,,4.2
288,밀양,2026-01-15 10:00,6,,1,270,69,1013.3,1014.3,.4,.7,,7,,10.5
288,밀양,2026-01-15 11:00,11.6,,.9,160,64,1012.2,1013.2,.9,1.14,,0,,18.1
288,밀양,2026-01-15 12:00,16.1,,2.5,180,56,1010.7,1011.7,1,1.66,,0,,21.9
288,밀양,2026-01-15 13:00,17.5,,2.5,250,47,1009.2,1010.2,.8,1.53,,0,,22.7
288,밀양,2026-01-15 14:00,18.1,,3,270,43,1008.5,1009.5,1,1.7,,0,,23.5
288,밀양,2026-01-15 15:00,18.2,,2.5,230,41,1008.4,1009.4,1,1.49,,0,,24.1
288,밀양,2026-01-15 16:00,18.4,,1.5,250,41,1008.4,1009.4,1,1.11,,0,,22.3
288,밀양,2026-01-15 17:00,16.9,,1.9,320,44,1009.3,1010.3,.8,.47,,0,,15.8
288,밀양,2026-01-15 18:00,15.3,,2.4,320,33,1010.2,1011.2,0,.04,,0,,10.4
288,밀양,2026-01-15 19:00,15,,3.1,290,37,1011,1012,,,,0,,10.9
288,밀양,2026-01-15 20:00,12.9,,1.8,270,46,1012,1013,,,,0,,7.7
288,밀양,2026-01-15 21:00,12.3,,3.1,290,39,1013,1014,,,,0,,9.6
288,밀양,2026-01-15 22:00,8.5,,1.8,290,49,1013.6,1014.6,,,,0,,3.5
288,밀양,2026-01-15 23:00,5.2,,1.2,270,62,1014.2,1015.2,,,,0,,-.5
288,밀양,2026-01-16 00:00,2.6,,.3,0,72,1015.2,1016.2,,,,0,,-1.6
288,밀양,2026-01-16 01:00,1.3,,.8,340,73,1015.6,1016.6,,,,0,,-2.5
288,밀양,2026-01-16 02:00,.4,,.4,0,74,1016.1,1017.2,,,,0,,-3.2
288,밀양,2026-01-16 03:00,-.3,,.5,320,76,1016.7,1017.8,,,,0,,-4.4
288,밀양,2026-01-16 04:00,-1.4,,.4,0,79,1016.8,1017.9,,,,0,,-5
288,밀양,2026-01-16 05:00,-1.6,,.1,0,79,1016.7,1017.8,,,,0,,-5.9
288,밀양,2026-01-16 06:00,-2.6,,.3,0,84,1017.1,1018.2,,,,0,,-6
288,밀양,2026-01-16 07:00,-2.9,,.1,0,83,1017.2,1018.3,,,,0,,-6.3
288,밀양,2026-01-16 08:00,-2.7,,.2,0,83,1017.6,1018.7,0,.02,,0,,-5.2
288,밀양,2026-01-16 09:00,1,,.3,0,74,1017.7,1018.8,.7,.36,,0,,3.5
288,밀양,2026-01-16 10:00,5,,1.1,70,54,1017.7,1018.7,1,.98,,0,,11.1
288,밀양,2026-01-16 11:00,8.4,,.6,320,47,1017,1018,1,1.52,,0,,16.7
288,밀양,2026-01-16 12:00,11.2,,1,270,35,1016.1,1017.1,1,1.9,,0,,20
288,밀양,2026-01-16 13:00,14.4,,1.1,160,22,1015.1,1016.1,1,2.07,,0,,20.5
288,밀양,2026-01-16 14:00,15.6,,1.3,160,23,1014.5,1015.5,1,1.97,,0,,22.7
288,밀양,2026-01-16 15:00,16.1,,2.2,140,21,1014.2,1015.2,1,1.64,,0,,21.8
288,밀양,2026-01-16 16:00,15.9,,2.3,160,21,1014.2,1015.2,1,1.13,,0,,19.8
288,밀양,2026-01-16 17:00,14.1,,.7,180,26,1013.9,1014.9,1,.52,,0,,12
288,밀양,2026-01-16 18:00,8.6,,1.2,340,39,1014.3,1015.3,0,.03,,0,,4.1
288,밀양,2026-01-16 19:00,5.7,,.4,0,49,1014.4,1015.4,,,,0,,.1
288,밀양,2026-01-16 20:00,3.9,,.9,360,57,1014.6,1015.6,,,,0,,-1.1
288,밀양,2026-01-16 21:00,2.1,,0,0,65,1014.8,1015.8,,,,0,,-2.7
288,밀양,2026-01-16 22:00,.9,,.4,0,71,1014.7,1015.7,,,,0,,-3.2
288,밀양,2026-01-16 23:00,.5,,.6,320,73,1015,1016.1,,,,0,,-3.3
288,밀양,2026-01-17 00:00,-.9,,.7,320,77,1015.1,1016.2,,,,0,,-4.2
288,밀양,2026-01-17 01:00,-1,,.7,340,78,1015.1,1016.2,,,,0,,-4.5
288,밀양,2026-01-17 02:00,-2.2,,.1,0,80,1015.4,1016.5,,,,0,,-5.7
288,밀양,2026-01-17 03:00,-2.8,,.8,320,82,1015.9,1017,,,,0,,-6
288,밀양,2026-01-17 04:00,-2.8,,.5,270,82,1015.6,1016.7,,,,0,,-5.8
288,밀양,2026-01-17 05:00,-3,,.4,0,84,1015.9,1017,,,,0,,-6.4
288,밀양,2026-01-17 06:00,-3.5,,.2,0,86,1016,1017.1,,,,0,,-6.2
288,밀양,2026-01-17 07:00,-3.1,,.1,0,84,1016.5,1017.6,,,,0,,-6.3
288,밀양,2026-01-17 08:00,-3.1,,0,0,84,1016.7,1017.8,0,.01,,0,,-5.3
288,밀양,2026-01-17 09:00,-.2,,.6,320,78,1017.3,1018.4,.7,.36,,0,,2.3
288,밀양,2026-01-17 10:00,3.4,,.8,250,64,1018.1,1019.1,1,.92,,0,,9.9
288,밀양,2026-01-17 11:00,8.8,,2.8,50,55,1018,1019,1,1.42,,0,,14.8
288,밀양,2026-01-17 12:00,10.3,,2.4,70,45,1017.5,1018.5,1,1.81,,0,,18
288,밀양,2026-01-17 13:00,11.4,,1.5,70,42,1016.5,1017.5,1,1.94,,0,,18.5
288,밀양,2026-01-17 14:00,12.7,,1.8,70,34,1015.7,1016.7,1,1.89,,0,,19.9
288,밀양,2026-01-17 15:00,14,,1.4,290,30,1015.6,1016.6,1,1.6,,0,,20.7
288,밀양,2026-01-17 16:00,13.7,,1.5,70,24,1015.5,1016.5,1,1.1,,0,,18
288,밀양,2026-01-17 17:00,12.8,,.8,110,25,1015.9,1016.9,1,.52,,0,,11.2
288,밀양,2026-01-17 18:00,8.9,,.6,140,37,1016.6,1017.6,.1,.04,,0,,4.1
288,밀양,2026-01-17 19:00,4.7,,.3,0,50,1017.5,1018.5,,,,0,,-.8
288,밀양,2026-01-17 20:00,5.1,,.7,110,48,1018.1,1019.1,,,,0,,.1
288,밀양,2026-01-17 21:00,1.7,,.1,0,63,1018.3,1019.3,,,,0,,-3.2
288,밀양,2026-01-17 22:00,1.1,,.6,70,60,1018.8,1019.9,,,,0,,-2.6
288,밀양,2026-01-17 23:00,.7,,1.7,340,62,1018.5,1019.6,,,,0,,-2.4
288,밀양,2026-01-18 00:00,-1.6,,.6,320,73,1018.7,1019.8,,,,0,,-5.1
288,밀양,2026-01-18 01:00,-1.4,,.8,50,72,1019.1,1020.2,,,,0,,-5.2
288,밀양,2026-01-18 02:00,-1.4,,1.2,360,72,1019.5,1020.6,,,,0,,-4.9
288,밀양,2026-01-18 03:00,-3,,.4,0,77,1019.8,1020.9,,,,0,,-5.4
288,밀양,2026-01-18 04:00,-3.1,,.3,0,78,1019.5,1020.6,,,,0,,-5.9
288,밀양,2026-01-18 05:00,-1.8,,1.1,50,70,1019.7,1020.8,,,,0,,-4.6
288,밀양,2026-01-18 06:00,-3.3,,.8,340,77,1019.7,1020.8,,,,0,,-5.8
288,밀양,2026-01-18 07:00,-1.7,,1,50,71,1019.8,1020.9,,,,0,,-4.7
288,밀양,2026-01-18 08:00,-3.6,,.5,320,80,1020.5,1021.6,0,.02,,0,,-5.2
288,밀양,2026-01-18 09:00,-.3,,.8,340,71,1020.6,1021.7,.7,.33,,0,,2.4
288,밀양,2026-01-18 10:00,2.7,,.5,320,65,1020.7,1021.7,1,.91,,0,,9.5
288,밀양,2026-01-18 11:00,5.2,,1.1,160,58,1019.8,1020.8,1,1.44,,0,,13.5
288,밀양,2026-01-18 12:00,9.3,,.7,110,53,1018.4,1019.4,1,1.79,,0,,17.5
288,밀양,2026-01-18 13:00,11.7,,.9,70,48,1017,1018,1,1.92,,0,,19.3
288,밀양,2026-01-18 14:00,13.8,,1.5,140,46,1016,1017,1,1.8,,0,,20.8
288,밀양,2026-01-18 15:00,14.4,,2.4,160,43,1015.9,1016.9,1,1.45,,0,,19.2
288,밀양,2026-01-18 16:00,14.1,,1.4,180,40,1015.7,1016.7,1,.99,,0,,17.9
288,밀양,2026-01-18 17:00,12.6,,.4,0,47,1016.2,1017.2,1,.45,,0,,10.7
288,밀양,2026-01-18 18:00,9.1,,.5,230,59,1015.7,1016.7,0,.04,,0,,4.9
288,밀양,2026-01-18 19:00,5.8,,.7,290,71,1016.6,1017.6,,,,0,,2.2
288,밀양,2026-01-18 20:00,5.4,,.6,320,74,1017.6,1018.6,,,,0,,1.1
288,밀양,2026-01-18 21:00,3.8,,0,0,77,1017.7,1018.7,,,,0,,-.6
288,밀양,2026-01-18 22:00,2.5,,.4,0,83,1018.3,1019.3,,,,0,,-1
288,밀양,2026-01-18 23:00,1.9,,.1,0,84,1018.6,1019.6,,,,0,,-2
288,밀양,2026-01-19 00:00,1.4,,.6,340,85,1018.1,1019.2,,,,0,,-1.8
288,밀양,2026-01-19 01:00,.9,,.3,0,89,1018,1019.1,,,,0,,-2.6
288,밀양,2026-01-19 02:00,1.2,,1,340,87,1017.8,1018.9,,,,0,,-1.4
288,밀양,2026-01-19 03:00,1.1,,.9,320,87,1017.5,1018.6,,,,9,,-.3
288,밀양,2026-01-19 04:00,1.8,,.2,0,89,1017.1,1018.1,,,,9,,.9
288,밀양,2026-01-19 05:00,2.1,,.6,340,88,1016.5,1017.5,,,,9,,.9
288,밀양,2026-01-19 06:00,2.2,,.1,0,87,1016.3,1017.3,,,,9,,1.4
288,밀양,2026-01-19 07:00,2.9,,.3,0,86,1016.7,1017.7,,,,9,,2.1
288,밀양,2026-01-19 08:00,3.1,,.5,200,86,1016.9,1017.9,0,.01,,8,,1.3
288,밀양,2026-01-19 09:00,4.1,,.8,290,82,1017.1,1018.1,0,.15,,10,,4.9
288,밀양,2026-01-19 10:00,5.1,,.4,0,80,1017.7,1018.7,0,.19,,10,,5.8
288,밀양,2026-01-19 11:00,8.3,,1.7,50,44,1017.8,1018.8,0,.63,,8,,13.8
288,밀양,2026-01-19 12:00,7.7,,1.5,50,46,1016.6,1017.6,0,.65,,10,,9.6
288,밀양,2026-01-19 13:00,8.4,,1.6,70,48,1015.5,1016.5,0,.78,,9,,12.1
288,밀양,2026-01-19 14:00,8.5,,2.5,320,49,1015.3,1016.3,0,.76,,9,,12.1
288,밀양,2026-01-19 15:00,6.8,,2.7,320,55,1015,1016,0,.4,,10,,7.8
288,밀양,2026-01-19 16:00,5.9,,3.6,320,49,1016,1017,0,.32,,10,,6.4
288,밀양,2026-01-19 17:00,5.4,,2.8,320,48,1016.5,1017.5,0,.11,,10,,5.5
288,밀양,2026-01-19 18:00,4.6,,2.8,290,43,1017.1,1018.1,0,.02,,10,,4
288,밀양,2026-01-19 19:00,3.9,,2,320,43,1017.4,1018.4,,,,10,,3.2
288,밀양,2026-01-19 20:00,3.1,,3.1,320,43,1018.4,1019.4,,,,9,,2.4
288,밀양,2026-01-19 21:00,2.1,,2.1,70,40,1018.9,1019.9,,,,10,,1.5
288,밀양,2026-01-19 22:00,1.5,,3.2,320,29,1019.6,1020.7,,,,10,,1
288,밀양,2026-01-19 23:00,.3,,2.8,70,21,1019.7,1020.8,,,,10,,-.1
288,밀양,2026-01-20 00:00,-.6,,3.6,50,21,1020.4,1021.5,,,,10,,-.9
288,밀양,2026-01-20 01:00,-1.1,,3,70,20,1021.1,1022.2,,,,10,,-1.4
288,밀양,2026-01-20 02:00,-1.6,,2.6,290,27,1021.4,1022.5,,,,10,,-1.9
288,밀양,2026-01-20 03:00,-2.1,,2,320,26,1021.7,1022.8,,,,10,,-2.4
288,밀양,2026-01-20 04:00,-2.2,,2.9,20,22,1021.8,1022.9,,,,10,,-2.4
288,밀양,2026-01-20 05:00,-2.4,,2.6,340,19,1022.1,1023.2,,,,10,,-2.9
288,밀양,2026-01-20 06:00,-2.6,,2.6,50,22,1022.2,1023.3,,,,10,,-2.8
288,밀양,2026-01-20 07:00,-2.6,,1.7,320,24,1022.4,1023.5,,,,10,,-3.1
288,밀양,2026-01-20 08:00,-3.1,,2.6,50,26,1022.8,1023.9,0,.01,,10,,-3.3
288,밀양,2026-01-20 09:00,-2.6,,2.6,50,26,1023.2,1024.3,.4,.31,,8,,.8
288,밀양,2026-01-20 10:00,-2.1,,3.7,70,27,1023.4,1024.5,1,1.04,,7,,3.2
288,밀양,2026-01-20 11:00,-.8,,3.6,70,25,1023,1024.1,1,1.52,,5,,6.6
288,밀양,2026-01-20 12:00,2.5,,2.3,340,23,1022.1,1023.1,1,2.09,,6,,11.3
288,밀양,2026-01-20 13:00,3.1,,2.4,70,25,1020.7,1021.7,1,1.93,,7,,10.3
288,밀양,2026-01-20 14:00,3.8,,3.5,50,28,1019.8,1020.8,1,2.04,,2,,12.2
288,밀양,2026-01-20 15:00,4.9,,3.2,20,27,1019.1,1020.1,1,1.71,,0,,11.9
288,밀양,2026-01-20 16:00,4.7,,2.5,50,25,1019.5,1020.5,1,1.2,,5,,10.1
288,밀양,2026-01-20 17:00,4.3,,2.6,90,27,1019.7,1020.7,1,.61,,0,,4.2
288,밀양,2026-01-20 18:00,2.9,,3.3,20,23,1020.1,1021.1,.1,.06,,0,,.9
288,밀양,2026-01-20 19:00,.1,,.6,320,28,1020.7,1021.8,,,,3,,-4.7
288,밀양,2026-01-20 20:00,-.5,,1.3,320,26,1021.3,1022.4,,,,0,,-5.2
288,밀양,2026-01-20 21:00,-1.9,,.9,290,26,1021.4,1022.5,,,,0,,-6.8
288,밀양,2026-01-20 22:00,-3.3,,.5,320,32,1021.7,1022.8,,,,0,,-8.8
288,밀양,2026-01-20 23:00,-3.6,,1.6,290,34,1021.9,1023,,,,0,,-8.7
288,밀양,2026-01-21 00:00,-5.1,,.8,320,38,1022,1023.1,,,,6,,-9.4
288,밀양,2026-01-21 01:00,-4.4,,1.5,320,29,1021.8,1022.9,,,,4,,-8.1
288,밀양,2026-01-21 02:00,-5.9,,.8,320,38,1022.1,1023.2,,,,4,,-11.1
288,밀양,2026-01-21 03:00,-4,,2.2,290,24,1022.5,1023.6,,,,10,,-7.4
288,밀양,2026-01-21 04:00,-3.7,,2.1,70,21,1022.6,1023.7,,,,9,,-7
288,밀양,2026-01-21 05:00,-4.5,,1.3,290,29,1022.7,1023.8,,,,10,,-6.9
288,밀양,2026-01-21 06:00,-5.3,,1.5,340,33,1022.5,1023.6,,,,0,,-8.3
288,밀양,2026-01-21 07:00,-5.8,,2.2,270,34,1022.5,1023.6,,,,0,,-8.5
288,밀양,2026-01-21 08:00,-6,,2.9,290,39,1022.4,1023.5,0,.01,,0,,-7.8
288,밀양,2026-01-21 09:00,-4.8,,2.6,290,39,1022.8,1023.9,.7,.44,,0,,-1
288,밀양,2026-01-21 10:00,-4.1,,4,340,36,1022.9,1024,1,1.13,,0,,2.6
288,밀양,2026-01-21 11:00,-2.9,,4.4,320,29,1022.5,1023.6,1,1.73,,0,,4.7
288,밀양,2026-01-21 12:00,-1.6,,4.9,270,27,1021.5,1022.6,1,2.11,,0,,5.4
288,밀양,2026-01-21 13:00,-.1,,4.4,290,23,1020.6,1021.7,1,2.26,,0,,5.7
288,밀양,2026-01-21 14:00,0,,6.3,290,19,1020.2,1021.3,1,2.18,,0,,5.6
288,밀양,2026-01-21 15:00,.1,,4.7,290,19,1020.1,1021.2,1,1.85,,0,,5.8
288,밀양,2026-01-21 16:00,.1,,4.1,270,21,1020.5,1021.6,1,1.31,,0,,4.7
288,밀양,2026-01-21 17:00,-.6,,3.6,320,24,1021.1,1022.2,1,.65,,0,,-.4
288,밀양,2026-01-21 18:00,-2.1,,4.1,270,27,1021.8,1022.9,.1,.06,,0,,-3.8
288,밀양,2026-01-21 19:00,-3,,3.2,340,28,1022.7,1023.8,,,,0,,-5.1
288,밀양,2026-01-21 20:00,-3.8,,2.3,320,27,1023.3,1024.4,,,,0,,-6.3
288,밀양,2026-01-21 21:00,-4.4,,2.1,290,26,1023.7,1024.8,,,,0,,-7.9
288,밀양,2026-01-21 22:00,-5.5,,1.3,290,28,1023.7,1024.8,,,,0,,-10.5
288,밀양,2026-01-21 23:00,-5.3,,2.8,290,28,1023.9,1025,,,,0,,-9
288,밀양,2026-01-22 00:00,-6.3,,1.1,70,31,1023.9,1025,,,,0,,-10.7
288,밀양,2026-01-22 01:00,-7.9,,2.1,340,42,1023.8,1024.9,,,,0,,-11.4
288,밀양,2026-01-22 02:00,-7.2,,1.7,320,40,1024.2,1025.3,,,,0,,-11.4
288,밀양,2026-01-22 03:00,-6.9,,2.2,320,38,1024,1025.1,,,,0,,-10.1
288,밀양,2026-01-22 04:00,-7.4,,1.5,320,40,1023.5,1024.6,,,,0,,-11.3
288,밀양,2026-01-22 05:00,-7.6,,1.8,360,41,1023.4,1024.5,,,,0,,-11.4
288,밀양,2026-01-22 06:00,-9.1,,1.6,340,48,1023.2,1024.3,,,,0,,-12.5
288,밀양,2026-01-22 07:00,-9.7,,.8,340,53,1023.6,1024.7,,,,0,,-14
288,밀양,2026-01-22 08:00,-9.4,,2.1,290,52,1024,1025.1,0,.01,,0,,-12.2
288,밀양,2026-01-22 09:00,-5.7,,2.3,320,33,1024.5,1025.6,.7,.45,,0,,-1.4
288,밀양,2026-01-22 10:00,-4.1,,3.6,340,25,1024.9,1026,1,1.19,,0,,3.2
288,밀양,2026-01-22 11:00,-2.7,,3.8,360,20,1024.8,1025.9,1,1.76,,0,,5.3
288,밀양,2026-01-22 12:00,-2.1,,4.4,290,18,1024,1025.1,1,2.14,,0,,5.6
288,밀양,2026-01-22 13:00,-1.3,,4,320,18,1023.1,1024.2,1,2.29,,0,,5.3
288,밀양,2026-01-22 14:00,-.9,,4.9,340,18,1022.7,1023.8,1,2.2,,0,,5.7
288,밀양,2026-01-22 15:00,-.5,,6.2,320,17,1022.4,1023.5,1,1.88,,0,,5.1
288,밀양,2026-01-22 16:00,-.7,,4.6,20,19,1022.3,1023.4,1,1.35,,0,,4
288,밀양,2026-01-22 17:00,-1,,3.8,320,21,1022.6,1023.7,1,.68,,0,,-.6
288,밀양,2026-01-22 18:00,-2.6,,2.6,290,26,1022.7,1023.8,.1,.07,,0,,-5.6
288,밀양,2026-01-22 19:00,-3.6,,2.1,270,30,1023,1024.1,,,,0,,-6.2
288,밀양,2026-01-22 20:00,-4.3,,.9,320,32,1023.5,1024.6,,,,0,,-9.9
288,밀양,2026-01-22 21:00,-5.1,,1.1,360,36,1023.9,1025,,,,0,,-8.9
288,밀양,2026-01-22 22:00,-5.7,,1.6,320,39,1024,1025.1,,,,0,,-9.5
288,밀양,2026-01-22 23:00,-6.7,,1,290,46,1024.2,1025.3,,,,0,,-11.5
288,밀양,2026-01-23 00:00,-7.6,,1.6,340,52,1024.4,1025.5,,,,0,,-11.4
288,밀양,2026-01-23 01:00,-7.6,,.1,0,51,1024.2,1025.3,,,,0,,-12.5
288,밀양,2026-01-23 02:00,-7.7,,.1,0,54,1024.4,1025.5,,,,0,,-11.7
288,밀양,2026-01-23 03:00,-8.1,,.5,140,60,1024.8,1025.9,,,,0,,-12.4
288,밀양,2026-01-23 04:00,-9.1,,0,0,67,1024.8,1025.9,,,,0,,-12.5
288,밀양,2026-01-23 05:00,-9.1,,.6,270,68,1024.6,1025.7,,,,0,,-12.3
288,밀양,2026-01-23 06:00,-9.3,,.5,360,71,1024.4,1025.5,,,,0,,-12.2
288,밀양,2026-01-23 07:00,-10,,.6,270,76,1025,1026.1,,,,0,,-12.7
288,밀양,2026-01-23 08:00,-9.5,,.3,0,75,1025.3,1026.4,0,.02,,0,,-11.5
288,밀양,2026-01-23 09:00,-5.2,,.2,0,61,1025.4,1026.5,.7,.41,,0,,-.8
288,밀양,2026-01-23 10:00,-2.6,,1,160,53,1025.4,1026.5,1,1.06,,1,,5.8
288,밀양,2026-01-23 11:00,-.1,,1.2,160,44,1025,1026.1,1,1.58,,2,,9
288,밀양,2026-01-23 12:00,2.1,,2.7,250,39,1024.1,1025.2,1,1.97,,2,,10.4
288,밀양,2026-01-23 13:00,3,,4,320,37,1023.2,1024.2,1,2.05,,1,,9.3
288,밀양,2026-01-23 14:00,3.4,,3.7,340,36,1022.4,1023.4,.9,1.85,,2,,8.3
288,밀양,2026-01-23 15:00,3.7,,3.7,320,34,1021.9,1022.9,.9,1.57,,2,,7
288,밀양,2026-01-23 16:00,3.8,,2.1,320,35,1021.4,1022.4,.5,.72,,5,,5
288,밀양,2026-01-23 17:00,3.7,,1.4,270,37,1021,1022,.4,.38,,7,,2.7
288,밀양,2026-01-23 18:00,3.4,,2,290,40,1021.1,1022.1,0,.05,,8,,.4
288,밀양,2026-01-23 19:00,1.6,,1.2,250,45,1021.3,1022.4,,,,7,,-2
288,밀양,2026-01-23 20:00,2.2,,1.4,250,50,1021.7,1022.8,,,,8,,.2
288,밀양,2026-01-23 21:00,2.6,,2.5,290,53,1021.7,1022.7,,,,9,,1.6
288,밀양,2026-01-23 22:00,.9,,1.4,290,59,1021.5,1022.6,,,,6,,-3.5
288,밀양,2026-01-23 23:00,-1.9,,.8,290,71,1021.4,1022.5,,,,0,,-5.4
288,밀양,2026-01-24 00:00,-3.3,,.3,0,77,1020.9,1022,,,,0,,-7.4
288,밀양,2026-01-24 01:00,-4.8,,.1,0,80,1020.3,1021.4,,,,0,,-8.1
288,밀양,2026-01-24 02:00,-5.4,,.1,0,81,1020.2,1021.3,,,,0,,-9.2
288,밀양,2026-01-24 03:00,-6.1,,0,0,83,1020.3,1021.4,,,,0,,-9
288,밀양,2026-01-24 04:00,-6.5,,.5,320,85,1019.9,1021,,,,0,,-9.3
288,밀양,2026-01-24 05:00,-6.6,,.1,0,88,1019.3,1020.4,,,,0,,-9.1
288,밀양,2026-01-24 06:00,-5.3,,.2,0,86,1019.5,1020.6,,,,5,,-6.8
288,밀양,2026-01-24 07:00,-4.8,,.3,0,85,1020.1,1021.2,,,,8,,-5.6
288,밀양,2026-01-24 08:00,-3.6,,.2,0,80,1020.7,1021.8,0,.01,,6,,-5.7
288,밀양,2026-01-24 09:00,-2,0,.2,0,77,1021.3,1022.4,.5,.32,,0,,-.5
288,밀양,2026-01-24 10:00,1.3,,3.1,360,45,1021.8,1022.9,1,1.02,,0,,7.1
288,밀양,2026-01-24 11:00,2.8,,3.6,290,28,1021.9,1022.9,1,1.61,,0,,10.8
288,밀양,2026-01-24 12:00,2.9,,3.6,290,17,1021.7,1022.7,1,2.1,,0,,9.9
288,밀양,2026-01-24 13:00,3,,5.1,250,18,1020.9,1021.9,1,2.26,,0,,8.8
288,밀양,2026-01-24 14:00,3.6,,5.2,320,15,1020.7,1021.7,1,2.17,,0,,9.4
288,밀양,2026-01-24 15:00,3.3,,4.8,270,15,1020.3,1021.3,1,1.85,,0,,9
288,밀양,2026-01-24 16:00,3.1,,4.6,290,16,1020.2,1021.2,1,1.33,,0,,8
288,밀양,2026-01-24 17:00,2.1,,3.6,320,18,1020.6,1021.6,1,.68,,0,,2.6
288,밀양,2026-01-24 18:00,0,,1.4,320,24,1021.3,1022.4,.1,.07,,0,,-4
288,밀양,2026-01-24 19:00,-1.4,,1.2,320,27,1022.1,1023.2,,,,0,,-6.3
288,밀양,2026-01-24 20:00,-3.3,,.6,340,35,1022.9,1024,,,,0,,-8.1
288,밀양,2026-01-24 21:00,-1.2,,2.5,340,27,1023.1,1024.2,,,,0,,-4.3
288,밀양,2026-01-24 22:00,-2.6,,1.1,320,32,1023.8,1024.9,,,,0,,-7.1
288,밀양,2026-01-24 23:00,-3.1,,1.5,270,35,1024.2,1025.3,,,,0,,-7.9
288,밀양,2026-01-25 00:00,-3.1,,1.4,340,38,1024.1,1025.2,,,,0,,-7.9
288,밀양,2026-01-25 01:00,-1.9,,2.7,320,40,1024.2,1025.3,,,,0,,-4.6
288,밀양,2026-01-25 02:00,-1.9,,2.9,290,46,1024.5,1025.6,,,,0,,-4.7
288,밀양,2026-01-25 03:00,-1.9,,3.1,290,50,1024.6,1025.7,,,,0,,-4.1
288,밀양,2026-01-25 04:00,-1.5,,3.6,320,43,1024.6,1025.7,,,,0,,-3.6
288,밀양,2026-01-25 05:00,-2.7,,2.7,290,43,1025,1026.1,,,,0,,-5
288,밀양,2026-01-25 06:00,-3.4,,1.8,50,40,1025.9,1027,,,,0,,-6.3
288,밀양,2026-01-25 07:00,-3.8,,.9,20,27,1026.1,1027.2,,,,0,,-9.4
288,밀양,2026-01-25 08:00,-4.8,,.9,110,31,1026.8,1027.9,0,.02,,0,,-8.3
288,밀양,2026-01-25 09:00,-2.4,,1.3,20,23,1027.1,1028.2,.7,.46,,0,,2
288,밀양,2026-01-25 10:00,-1.5,,2.5,70,20,1027.1,1028.2,1,1.18,,0,,6.4
288,밀양,2026-01-25 11:00,0,,1,110,16,1026.8,1027.9,1,1.77,,0,,9.7
288,밀양,2026-01-25 12:00,2.1,,1.3,160,14,1026.3,1027.4,1,2.15,,0,,11.4
288,밀양,2026-01-25 13:00,3.5,,2.9,270,12,1025.5,1026.5,1,2.28,,0,,11.2
288,밀양,2026-01-25 14:00,4.1,,3.7,290,12,1025.1,1026.1,1,2.2,,0,,10.9
288,밀양,2026-01-25 15:00,5.2,,2.4,290,12,1024.6,1025.6,1,1.88,,0,,12.1
288,밀양,2026-01-25 16:00,5,,3.1,290,12,1024.4,1025.4,1,1.27,,0,,8.7
288,밀양,2026-01-25 17:00,4.5,,1.8,290,13,1024.4,1025.4,1,.6,,5,,5.3
288,밀양,2026-01-25 18:00,1,,.6,270,21,1025.2,1026.3,.1,.09,,6,,-4.7
288,밀양,2026-01-25 19:00,-.8,,1.3,290,27,1025.7,1026.8,,,,0,,-6.2
288,밀양,2026-01-25 20:00,-2.1,,1.1,320,29,1025.9,1027,,,,0,,-6.6
288,밀양,2026-01-25 21:00,-2.7,,.5,50,30,1027,1028.1,,,,0,,-8.1
288,밀양,2026-01-25 22:00,-4.7,,.3,0,39,1026.7,1027.8,,,,0,,-8.4
288,밀양,2026-01-25 23:00,-5.7,,1.2,270,45,1026.6,1027.7,,,,10,,-9.8
288,밀양,2026-01-26 00:00,-6.6,,.5,320,50,1026.8,1027.9,,,,4,,-10.2
288,밀양,2026-01-26 01:00,-6.3,,.4,0,49,1026.9,1028,,,,0,,-10.7
288,밀양,2026-01-26 02:00,-6.3,,.7,270,47,1026.4,1027.5,,,,10,,-9.4
288,밀양,2026-01-26 03:00,-6.9,,.7,340,54,1026.4,1027.5,,,,10,,-10
288,밀양,2026-01-26 04:00,-8.2,,.6,20,63,1026.3,1027.4,,,,10,,-11.5
288,밀양,2026-01-26 05:00,-6.3,,1.5,70,49,1026.2,1027.3,,,,10,,-8.6
288,밀양,2026-01-26 06:00,-6.2,,1.9,70,47,1026,1027.1,,,,10,,-8.4
288,밀양,2026-01-26 07:00,-9,,.1,0,68,1026.7,1027.8,,,,10,,-12
288,밀양,2026-01-26 08:00,-7.4,,1.1,340,58,1026.9,1028,0,.03,,10,,-8.4
288,밀양,2026-01-26 09:00,-5.1,,2,70,46,1025.4,1026.5,.6,.43,,10,,-.6
288,밀양,2026-01-26 10:00,-3,,.3,0,43,1024.9,1026,1,.96,,8,,3.7
288,밀양,2026-01-26 11:00,-.2,,1.3,160,34,1025,1026.1,.9,1.36,,2,,8.7
288,밀양,2026-01-26 12:00,2.5,,1.3,200,26,1023.1,1024.2,1,1.9,,7,,11.4
288,밀양,2026-01-26 13:00,3.2,,1.3,180,25,1021.9,1022.9,.4,1.46,,10,,8.4
288,밀양,2026-01-26 14:00,4.6,,1,110,27,1020.8,1021.8,0,.86,,9,,9.7
288,밀양,2026-01-26 15:00,4.9,,1.9,160,30,1020,1021,0,.83,,9,,8.3
288,밀양,2026-01-26 16:00,5,,1.8,160,28,1019.6,1020.6,0,.53,,9,,6.5
288,밀양,2026-01-26 17:00,4.6,,1.2,160,28,1019.5,1020.5,0,.24,,10,,4.8
288,밀양,2026-01-26 18:00,3.9,,.6,20,22,1019.5,1020.5,0,.04,,10,,1.5
288,밀양,2026-01-26 19:00,2.7,,.9,340,26,1019.9,1020.9,,,,10,,0
288,밀양,2026-01-26 20:00,1.1,,.7,270,30,1020.1,1021.2,,,,10,,-2.1
288,밀양,2026-01-26 21:00,.4,,.3,0,34,1020.2,1021.3,,,,10,,-1.5
288,밀양,2026-01-26 22:00,-.2,,.4,0,39,1020.4,1021.5,,,,9,,-3.1
288,밀양,2026-01-26 23:00,-.2,,.3,0,37,1020.2,1021.3,,,,10,,-2.2
288,밀양,2026-01-27 00:00,.4,,.3,0,31,1020.2,1021.3,,,,10,,-2.7
288,밀양,2026-01-27 01:00,.5,,.7,20,29,1020,1021.1,,,,10,,-1.9
288,밀양,2026-01-27 02:00,1.3,,4.1,320,36,1020.2,1021.3,,,,9,,.1
288,밀양,2026-01-27 03:00,1.1,,3.8,290,49,1020.1,1021.2,,,,8,,-.4
288,밀양,2026-01-27 04:00,.8,,4,290,54,1019.8,1020.9,,,,8,,-.8
288,밀양,2026-01-27 05:00,0,,2.4,320,58,1019.8,1020.9,,,,0,,-2.7
288,밀양,2026-01-27 06:00,-1.1,,1.5,290,66,1020.2,1021.3,,,,0,,-5.7
288,밀양,2026-01-27 07:00,-.7,,2,320,61,1020.6,1021.7,,,,0,,-4.1
288,밀양,2026-01-27 08:00,-.4,,2.8,320,60,1021.3,1022.4,0,.02,,0,,-2.1
288,밀양,2026-01-27 09:00,.8,,4.5,290,45,1021.7,1022.8,.8,.43,,0,,3.1
288,밀양,2026-01-27 10:00,1.9,,6.8,320,34,1021.8,1022.9,1,1.13,,0,,7.1
288,밀양,2026-01-27 11:00,2.9,,4.5,290,25,1022,1023,1,1.76,,0,,10.1
288,밀양,2026-01-27 12:00,4.1,,3.2,320,21,1021.3,1022.3,1,2.14,,0,,12.3
288,밀양,2026-01-27 13:00,4.9,,3.8,340,18,1020.2,1021.2,1,2.3,,0,,12.8
288,밀양,2026-01-27 14:00,5.8,,4.7,340,16,1019.7,1020.7,1,2.21,,0,,12.4
288,밀양,2026-01-27 15:00,6.1,,4,320,15,1019.4,1020.4,1,1.88,,0,,12.4
288,밀양,2026-01-27 16:00,5.9,,4.1,340,14,1019.3,1020.3,1,1.34,,0,,10.6
288,밀양,2026-01-27 17:00,4.8,,4,320,14,1019.7,1020.7,1,.71,,0,,6.1
288,밀양,2026-01-27 18:00,3.2,,2.5,320,15,1020.5,1021.5,.2,.1,,0,,.8
288,밀양,2026-01-27 19:00,1.2,,1.6,290,19,1021.1,1022.2,,,,0,,-3.8
288,밀양,2026-01-27 20:00,-1.3,,1.8,320,28,1021.6,1022.7,,,,0,,-4.8
288,밀양,2026-01-27 21:00,-.5,,.3,0,26,1022,1023.1,,,,0,,-5.6
288,밀양,2026-01-27 22:00,-2.5,,.2,0,33,1022.4,1023.5,,,,6,,-7.5
288,밀양,2026-01-27 23:00,.3,,3.5,340,21,1023.1,1024.2,,,,6,,-1.8
288,밀양,2026-01-28 00:00,-.1,,3.8,320,21,1023.2,1024.3,,,,9,,-1.3
288,밀양,2026-01-28 01:00,-.4,,2.6,320,23,1023.3,1024.4,,,,10,,-1.7
288,밀양,2026-01-28 02:00,-1,,3,320,27,1023.5,1024.6,,,,10,,-1.9
288,밀양,2026-01-28 03:00,-1.3,,1.9,340,28,1023.7,1024.8,,,,10,,-2.5
288,밀양,2026-01-28 04:00,-1.7,,1.8,360,31,1023.6,1024.7,,,,10,,-3
288,밀양,2026-01-28 05:00,-2,,2.1,340,36,1023.7,1024.8,,,,10,,-3.1
288,밀양,2026-01-28 06:00,-2.3,,1.4,320,38,1024.2,1025.3,,,,10,,-3.9
288,밀양,2026-01-28 07:00,-2.6,,1.2,340,36,1024.9,1026,,,,9,,-4.4
288,밀양,2026-01-28 08:00,-3.5,,.8,270,38,1025.4,1026.5,0,.02,,9,,-5
288,밀양,2026-01-28 09:00,-1.6,,2,320,25,1025.4,1026.5,0,.32,,9,,.4
288,밀양,2026-01-28 10:00,-1.9,,3.5,70,26,1025.5,1026.6,0,.65,,9,,.9
288,밀양,2026-01-28 11:00,.7,,1.5,200,20,1025.2,1026.3,.7,1.29,,2,,10.5
288,밀양,2026-01-28 12:00,2.6,,2.8,320,15,1024,1025.1,1,2.15,,1,,11.8
288,밀양,2026-01-28 13:00,3.7,,3.5,290,13,1022.7,1023.7,1,2.31,,0,,11.4
288,밀양,2026-01-28 14:00,4.8,,3.9,290,11,1022.4,1023.4,1,2.23,,0,,11.7
288,밀양,2026-01-28 15:00,4.3,,4.9,290,13,1022.6,1023.6,1,1.91,,0,,10.3
288,밀양,2026-01-28 16:00,4.4,,3.6,320,13,1023,1024,1,1.39,,0,,9.3
288,밀양,2026-01-28 17:00,3.1,,4.5,290,13,1023.6,1024.6,1,.74,,0,,4.7
288,밀양,2026-01-28 18:00,1.7,,3.4,340,15,1024.2,1025.3,.2,.1,,0,,-.4
288,밀양,2026-01-28 19:00,0,,1.7,320,19,1024.7,1025.8,,,,0,,-4.5
288,밀양,2026-01-28 20:00,-2.3,,1.7,320,26,1024.9,1026,,,,0,,-6.4
288,밀양,2026-01-28 21:00,-3.2,,2.1,290,30,1025.2,1026.3,,,,0,,-6.3
288,밀양,2026-01-28 22:00,-4,,.6,320,33,1025.5,1026.6,,,,0,,-7.8
288,밀양,2026-01-28 23:00,-1.1,,2.8,290,22,1025.9,1027,,,,0,,-4.8
288,밀양,2026-01-29 00:00,-1.9,,3.1,290,25,1026.2,1027.3,,,,0,,-4.7
288,밀양,2026-01-29 01:00,-1.8,,2.5,290,29,1026.3,1027.4,,,,0,,-5.7
288,밀양,2026-01-29 02:00,-3.2,,1.1,250,36,1026.3,1027.4,,,,0,,-7.1
288,밀양,2026-01-29 03:00,-4.1,,.1,0,37,1026.6,1027.7,,,,0,,-8.4
288,밀양,2026-01-29 04:00,-4.9,,.2,0,42,1026.7,1027.8,,,,0,,-8.4
288,밀양,2026-01-29 05:00,-5.3,,.1,0,46,1026.5,1027.6,,,,0,,-10.2
288,밀양,2026-01-29 06:00,-6.5,,.7,290,59,1026.7,1027.8,,,,0,,-10
288,밀양,2026-01-29 07:00,-6.6,,0,0,60,1026.7,1027.8,,,,0,,-10.5
288,밀양,2026-01-29 08:00,-6.4,,.4,0,64,1027.3,1028.4,0,.02,,0,,-8.9
288,밀양,2026-01-29 09:00,-2.5,,.1,0,49,1027.7,1028.8,.8,.4,,0,,.3
288,밀양,2026-01-29 10:00,.4,,.7,110,45,1027.6,1028.7,1,1,,0,,7.6
288,밀양,2026-01-29 11:00,1.9,,1.6,270,40,1027.2,1028.3,1,1.56,,0,,10.3
288,밀양,2026-01-29 12:00,3.2,,5,290,36,1026.2,1027.3,1,1.95,,0,,10.6
288,밀양,2026-01-29 13:00,4.2,,3.7,270,32,1025.2,1026.2,1,2.15,,2,,10.7
288,밀양,2026-01-29 14:00,4.6,,4,290,29,1024.5,1025.5,1,2.12,,4,,11
288,밀양,2026-01-29 15:00,5.6,,4.9,290,26,1023.9,1024.9,1,1.8,,0,,10.8
288,밀양,2026-01-29 16:00,5.2,,4.6,290,22,1024.3,1025.3,1,1.23,,0,,8.9
288,밀양,2026-01-29 17:00,4.3,,5.3,290,20,1024.3,1025.3,1,.62,,0,,5.1
288,밀양,2026-01-29 18:00,3.3,,4.9,290,23,1024.8,1025.8,.2,.1,,0,,1.5
288,밀양,2026-01-29 19:00,2.3,,2.8,320,25,1025.4,1026.5,,,,0,,-.1
288,밀양,2026-01-29 20:00,0,,1.3,290,30,1025.7,1026.8,,,,0,,-6.1
288,밀양,2026-01-29 21:00,-.8,,1.4,340,32,1025.5,1026.6,,,,0,,-5.8
288,밀양,2026-01-29 22:00,-3.8,,.6,320,46,1026.4,1027.5,,,,0,,-7.4
288,밀양,2026-01-29 23:00,-4.5,,1.5,340,50,1026.5,1027.6,,,,0,,-8.6
288,밀양,2026-01-30 00:00,-2,,1.2,340,29,1026.3,1027.4,,,,4,,-9.3
288,밀양,2026-01-30 01:00,-3.7,,.5,340,32,1025.8,1026.9,,,,4,,-10.3
288,밀양,2026-01-30 02:00,-5.4,,1.7,290,41,1026.3,1027.4,,,,10,,-9.7
288,밀양,2026-01-30 03:00,-6,,.3,0,42,1026.9,1028,,,,4,,-11.4
288,밀양,2026-01-30 04:00,-7,,.1,0,48,1027.1,1028.2,,,,4,,-11
288,밀양,2026-01-30 05:00,-6.8,,.4,0,49,1027,1028.1,,,,10,,-10.7
288,밀양,2026-01-30 06:00,-6.9,,.4,0,51,1027.7,1028.8,,,,10,,-10.5
288,밀양,2026-01-30 07:00,-4.2,,1,20,37,1028.1,1029.2,,,,10,,-6
288,밀양,2026-01-30 08:00,-3.7,,1.7,70,31,1028.3,1029.4,0,.02,,10,,-4.5
288,밀양,2026-01-30 09:00,-3.4,,2.1,50,26,1028.2,1029.3,0,.26,,8,,-2.3
288,밀양,2026-01-30 10:00,-2.8,,2.2,70,21,1027.8,1028.9,.3,.66,,9,,1.1
288,밀양,2026-01-30 11:00,-1.3,,1.5,70,20,1027.7,1028.8,.1,.95,,8,,5.8
288,밀양,2026-01-30 12:00,-.3,,1.8,70,18,1026.5,1027.6,.4,1.2,,9,,6.6
288,밀양,2026-01-30 13:00,1.3,,2.1,340,15,1025.5,1026.6,.7,1.54,,10,,7.7
288,밀양,2026-01-30 14:00,2.4,,2.1,290,15,1024.7,1025.8,0,1.03,,10,,8.6
288,밀양,2026-01-30 15:00,2.5,,2.4,320,14,1024.3,1025.4,.1,1.01,,10,,6.6
288,밀양,2026-01-30 16:00,3.1,,2.5,290,14,1024.2,1025.2,.3,.84,,7,,8
288,밀양,2026-01-30 17:00,2.7,,.7,70,15,1024.4,1025.5,.6,.48,,4,,4.4
288,밀양,2026-01-30 18:00,.1,,.5,230,22,1024.9,1026,.2,.11,,3,,-6.6
288,밀양,2026-01-30 19:00,-1.7,,.5,70,27,1025.1,1026.2,,,,0,,-6.6
288,밀양,2026-01-30 20:00,-3.5,,.7,270,31,1025.9,1027,,,,3,,-9.3
288,밀양,2026-01-30 21:00,-3.7,,1.4,20,34,1025.6,1026.7,,,,10,,-7.7
288,밀양,2026-01-30 22:00,-4.3,,1.3,340,37,1025.9,1027,,,,4,,-8.8
288,밀양,2026-01-30 23:00,-4.5,,.1,0,35,1026,1027.1,,,,4,,-8.6
288,밀양,2026-01-31 00:00,-6.4,,.3,0,54,1025.7,1026.8,,,,8,,-10.2
288,밀양,2026-01-31 01:00,-7.1,,.4,0,55,1025.7,1026.8,,,,4,,-10.3
288,밀양,2026-01-31 02:00,-7.9,,.4,0,62,1025.9,1027,,,,4,,-11
288,밀양,2026-01-31 03:00,-7.4,,.3,0,57,1025.9,1027,,,,10,,-10.7
288,밀양,2026-01-31 04:00,-8.1,,.1,0,64,1025.7,1026.8,,,,10,,-11.1
288,밀양,2026-01-31 05:00,-8.1,,.4,0,64,1025.4,1026.5,,,,10,,-10.1
288,밀양,2026-01-31 06:00,-7.9,,.5,320,66,1024.9,1026,,,,9,,-10.6
288,밀양,2026-01-31 07:00,-8.1,,.4,0,65,1025.1,1026.2,,,,9,,-10.1
288,밀양,2026-01-31 08:00,-7.9,,.4,0,66,1025.3,1026.4,0,.03,,4,,-9
288,밀양,2026-01-31 09:00,-4.3,,.5,270,47,1025.6,1026.7,.8,.43,,4,,2.3
288,밀양,2026-01-31 10:00,1,,1.1,140,18,1025.3,1026.4,1,1.22,,5,,9.5
288,밀양,2026-01-31 11:00,3,,1.1,90,14,1025,1026.1,1,1.78,,2,,12.6
288,밀양,2026-01-31 12:00,5,,1.6,70,12,1024.1,1025.1,1,2.14,,0,,14.6
288,밀양,2026-01-31 13:00,6.8,,2.6,290,9,1022.9,1023.9,1,2.31,,0,,14.6
288,밀양,2026-01-31 14:00,7.2,,3.2,20,8,1021.7,1022.7,1,2.21,,0,,15
288,밀양,2026-01-31 15:00,7.2,,3.9,320,11,1021.4,1022.4,1,1.89,,0,,13.2
288,밀양,2026-01-31 16:00,6.7,,3,290,12,1021.3,1022.3,1,1.38,,0,,11.9
288,밀양,2026-01-31 17:00,5.9,,3.2,320,13,1021.5,1022.5,1,.75,,2,,7.7
288,밀양,2026-01-31 18:00,3.7,,2.2,320,18,1021.8,1022.8,.3,.14,,5,,.6
288,밀양,2026-01-31 19:00,.2,,.8,320,25,1022.2,1023.3,,,,6,,-4.5
288,밀양,2026-01-31 20:00,-.8,,1,320,30,1022.3,1023.4,,,,8,,-4.9
288,밀양,2026-01-31 21:00,-2.1,,.5,340,35,1022.7,1023.8,,,,5,,-6.6
288,밀양,2026-01-31 22:00,-3.1,,.4,0,41,1023.6,1024.7,,,,8,,-6.2
288,밀양,2026-01-31 23:00,-4.7,,.5,320,48,1024.2,1025.3,,,,0,,-9
288,밀양,2026-02-01 00:00,-5.6,,.6,290,55,1024.3,1025.4,,,,0,,-9.9
288,밀양,2026-02-01 01:00,-5.1,,.6,290,54,1024.6,1025.7,,,,0,,-9.7
288,밀양,2026-02-01 02:00,-5.7,,.2,0,59,1024.2,1025.3,,,,0,,-9.9
288,밀양,2026-02-01 03:00,-6.4,,.2,0,66,1024,1025.1,,,,0,,-10.2
288,밀양,2026-02-01 04:00,-7.2,,0,0,72,1023.6,1024.7,,,,0,,-11
288,밀양,2026-02-01 05:00,-7.7,,.4,0,74,1023.2,1024.3,,,,0,,-10.6
288,밀양,2026-02-01 06:00,-7.6,,.4,0,75,1023.3,1024.4,,,,0,,-10.7
288,밀양,2026-02-01 07:00,-8.1,,.1,0,77,1023.5,1024.6,,,,0,,-11.6
288,밀양,2026-02-01 08:00,-7.7,,.2,0,77,1023.7,1024.8,0,.03,,0,,-9
288,밀양,2026-02-01 09:00,-4,,.3,0,66,1024.1,1025.2,.7,.45,,7,,-.4
288,밀양,2026-02-01 10:00,-1.7,,.7,250,52,1024.5,1025.6,.2,.67,,5,,5.7
288,밀양,2026-02-01 11:00,2,,.7,270,43,1024.2,1025.3,1,1.66,,2,,12.7
288,밀양,2026-02-01 12:00,3.9,,2.4,290,39,1023.3,1024.3,1,1.99,,2,,12.8
288,밀양,2026-02-01 13:00,5.2,,3.2,290,30,1022.2,1023.2,1,2.18,,1,,13.1
288,밀양,2026-02-01 14:00,5.2,,3.4,270,26,1021.3,1022.3,1,2.21,,0,,12.5
288,밀양,2026-02-01 15:00,6.5,,3.3,290,20,1021,1022,1,1.93,,0,,12.7
288,밀양,2026-02-01 16:00,6.1,,4.8,320,20,1020.7,1021.7,1,1.43,,0,,11.3
288,밀양,2026-02-01 17:00,5.7,,2.3,340,21,1020.7,1021.7,1,.76,,0,,7.6
288,밀양,2026-02-01 18:00,2.6,,1.7,290,27,1021.5,1022.5,.3,.12,,0,,-.8
288,밀양,2026-02-01 19:00,2,,1.7,320,29,1022.6,1023.7,,,,0,,-3.2
288,밀양,2026-02-01 20:00,.1,,1.1,20,35,1023.2,1024.3,,,,0,,-5.5
288,밀양,2026-02-01 21:00,-1.9,,1.7,340,41,1023.7,1024.8,,,,0,,-5.5
288,밀양,2026-02-01 22:00,-2.9,,.2,0,46,1024.3,1025.4,,,,0,,-7.7
288,밀양,2026-02-01 23:00,-4.3,,.8,340,53,1024.4,1025.5,,,,0,,-8.5
288,밀양,2026-02-02 00:00,-5.7,,.6,340,65,1024.5,1025.6,,,,0,,-9.6
288,밀양,2026-02-02 01:00,-5.9,,.2,0,67,1024.2,1025.3,,,,0,,-9.7
288,밀양,2026-02-02 02:00,-6.9,,.6,340,70,1024.2,1025.3,,,,0,,-9.6
288,밀양,2026-02-02 03:00,-7.1,,.4,0,75,1023.9,1025,,,,0,,-10.3
288,밀양,2026-02-02 04:00,-7.6,,.4,0,74,1023.3,1024.4,,,,0,,-10.8
288,밀양,2026-02-02 05:00,-7.8,,.9,340,76,1022.7,1023.8,,,,1,,-10.2
288,밀양,2026-02-02 06:00,-6.6,,.2,0,74,1022.5,1023.6,,,,10,,-6.8
288,밀양,2026-02-02 07:00,-5.3,,.2,0,68,1022.3,1023.4,,,,7,,-6.6
288,밀양,2026-02-02 08:00,-4.1,,.6,270,67,1022.7,1023.8,0,.01,,9,,-3.7
288,밀양,2026-02-02 09:00,-2.7,,.9,20,63,1022.9,1024,0,.26,,6,,-.1
288,밀양,2026-02-02 10:00,-1.1,,2.4,70,68,1023,1024.1,.5,.79,,4,,5.8
288,밀양,2026-02-02 11:00,2.7,,1.2,70,59,1022.7,1023.7,1,1.68,,4,,12.4
288,밀양,2026-02-02 12:00,3.7,,3.8,290,36,1021.9,1022.9,.5,1.26,,6,,9.2
288,밀양,2026-02-02 13:00,3.5,,4.5,340,37,1021.5,1022.5,.4,1.47,,6,,10.2
288,밀양,2026-02-02 14:00,4,,5.4,290,32,1021.1,1022.1,.8,2.14,,5,,10.3
288,밀양,2026-02-02 15:00,3.3,,3.9,290,36,1021.9,1022.9,.9,1.77,,4,,8.8
288,밀양,2026-02-02 16:00,3,,5.3,290,30,1022.4,1023.4,1,1.4,,0,,7.3
288,밀양,2026-02-02 17:00,2.1,,4.4,320,30,1023.3,1024.4,1,.78,,0,,3.8
288,밀양,2026-02-02 18:00,1,,2.9,320,33,1023.9,1025,.3,.13,,0,,-.9
288,밀양,2026-02-02 19:00,-.5,,1.1,360,38,1024.8,1025.9,,,,0,,-4.2
288,밀양,2026-02-02 20:00,-.5,,2.6,320,39,1025.6,1026.7,,,,0,,-4.4
288,밀양,2026-02-02 21:00,-3.2,,.8,340,48,1026.2,1027.3,,,,0,,-7.8
288,밀양,2026-02-02 22:00,-4.6,,.5,320,55,1026.7,1027.8,,,,0,,-8.8
288,밀양,2026-02-02 23:00,-4.9,,.5,230,58,1027.2,1028.3,,,,0,,-8.6
288,밀양,2026-02-03 00:00,-6.8,,.4,0,64,1027.5,1028.6,,,,0,,-10.3
288,밀양,2026-02-03 01:00,-6.5,,.4,0,67,1027.7,1028.8,,,,0,,-10.4
288,밀양,2026-02-03 02:00,-6.3,,.4,0,66,1027.7,1028.8,,,,0,,-9.5
288,밀양,2026-02-03 03:00,-7.6,,.6,320,69,1027.9,1029,,,,0,,-11.8
288,밀양,2026-02-03 04:00,-7,,1.7,360,67,1028,1029.1,,,,0,,-11.2
288,밀양,2026-02-03 05:00,-8.2,,.2,0,70,1028.1,1029.2,,,,0,,-12.5
288,밀양,2026-02-03 06:00,-8.4,,.3,0,73,1028.3,1029.4,,,,0,,-12.4
288,밀양,2026-02-03 07:00,-8.9,,.5,290,75,1029,1030.1,,,,0,,-12.6
288,밀양,2026-02-03 08:00,-7.9,,.3,0,74,1029.1,1030.2,0,.03,,0,,-10.6
288,밀양,2026-02-03 09:00,-3.6,,1,50,58,1029,1030.1,.9,.56,,0,,3
288,밀양,2026-02-03 10:00,-.3,,.7,250,47,1028.5,1029.6,1,1.29,,0,,10.5
288,밀양,2026-02-03 11:00,2.1,,1.3,140,33,1027.8,1028.9,1,1.87,,0,,12.2
288,밀양,2026-02-03 12:00,4.3,,1.9,200,28,1026.4,1027.4,1,2.25,,0,,14.6
288,밀양,2026-02-03 13:00,6.3,,1.2,160,21,1024.9,1025.9,1,2.41,,0,,14.8
288,밀양,2026-02-03 14:00,8.2,,2.4,270,20,1023.9,1024.9,1,2.31,,0,,16.8
288,밀양,2026-02-03 15:00,8.2,,2.1,320,20,1023.3,1024.3,1,2,,0,,16.6
288,밀양,2026-02-03 16:00,8.8,,3.3,290,21,1023,1024,1,1.45,,3,,14.5
288,밀양,2026-02-03 17:00,8.1,,1.3,270,22,1022.9,1023.9,1,.76,,0,,9.9
288,밀양,2026-02-03 18:00,5.3,,.8,250,29,1023.1,1024.1,.2,.1,,0,,.1
288,밀양,2026-02-03 19:00,2.8,,1.3,290,36,1023.4,1024.5,,,,6,,-2.3
288,밀양,2026-02-03 20:00,.5,,.3,0,43,1023.5,1024.6,,,,6,,-3.8
288,밀양,2026-02-03 21:00,-.6,,.3,0,50,1023.3,1024.4,,,,8,,-4.6
288,밀양,2026-02-03 22:00,-1.9,,.7,320,57,1023,1024.1,,,,8,,-5.2
288,밀양,2026-02-03 23:00,-3,,.1,0,63,1023,1024.1,,,,8,,-6.7
288,밀양,2026-02-04 00:00,-3.3,,.6,320,65,1022.8,1023.9,,,,10,,-6.4
288,밀양,2026-02-04 01:00,-3.5,,.5,320,66,1022.5,1023.6,,,,8,,-6.4
288,밀양,2026-02-04 02:00,-3.7,,.9,320,68,1022.6,1023.7,,,,10,,-6
288,밀양,2026-02-04 03:00,-4.3,,.6,290,73,1022.9,1024,,,,8,,-7
288,밀양,2026-02-04 04:00,-4.7,,.5,340,73,1022.6,1023.7,,,,8,,-7.5
288,밀양,2026-02-04 05:00,-5.1,,0,0,76,1022.3,1023.4,,,,4,,-8.9
288,밀양,2026-02-04 06:00,-5.7,,.6,290,77,1022.2,1023.3,,,,10,,-8.1
288,밀양,2026-02-04 07:00,-5.9,,.4,0,79,1022.6,1023.7,,,,4,,-8.6
288,밀양,2026-02-04 08:00,-4.1,,1,340,77,1022.2,1023.3,0,.05,,8,,-4.9
288,밀양,2026-02-04 09:00,-.7,,.3,0,71,1022.2,1023.3,.5,.45,,6,,3.5
288,밀양,2026-02-04 10:00,3.4,,.4,0,54,1021.9,1022.9,.8,1.01,,7,,9.4
288,밀양,2026-02-04 11:00,5.5,,.8,20,46,1021.4,1022.4,.9,1.65,,7,,15.3
288,밀양,2026-02-04 12:00,7.7,,1,50,41,1020,1021,1,2.18,,0,,18.3
288,밀양,2026-02-04 13:00,9.8,,2.1,140,34,1018.5,1019.5,1,2.34,,0,,18
288,밀양,2026-02-04 14:00,10.9,,2.2,160,33,1017.5,1018.5,1,2.22,,5,,18.7
288,밀양,2026-02-04 15:00,11.2,,1.8,180,31,1017.3,1018.3,.7,1.57,,7,,19.5
288,밀양,2026-02-04 16:00,11.6,,2.1,270,26,1017,1018,1,1.51,,0,,18.1
288,밀양,2026-02-04 17:00,10.4,,1.8,320,28,1017.1,1018.1,.8,.72,,0,,10.1
288,밀양,2026-02-04 18:00,9,,.4,0,33,1017.5,1018.5,.1,.12,,9,,6.1
288,밀양,2026-02-04 19:00,6.7,,.5,320,40,1017.6,1018.6,,,,8,,3
288,밀양,2026-02-04 20:00,4.3,,.3,0,49,1017.5,1018.5,,,,0,,-1.3
288,밀양,2026-02-04 21:00,1.9,,.3,0,58,1017.6,1018.6,,,,0,,-3.5
288,밀양,2026-02-04 22:00,.5,,.2,0,66,1017.9,1019,,,,0,,-4.2
288,밀양,2026-02-04 23:00,-1.3,,.2,0,71,1017.7,1018.8,,,,6,,-4
288,밀양,2026-02-05 00:00,-2,,.7,290,74,1017.8,1018.9,,,,0,,-5.5
288,밀양,2026-02-05 01:00,-2.2,,.5,320,76,1017.7,1018.8,,,,0,,-5.6
288,밀양,2026-02-05 02:00,-2.1,,.5,290,76,1017.6,1018.7,,,,8,,-5.4
288,밀양,2026-02-05 03:00,-2.8,,.1,0,78,1017.5,1018.6,,,,8,,-5.4
288,밀양,2026-02-05 04:00,-2.6,,.3,0,78,1017.3,1018.4,,,,8,,-5.3
288,밀양,2026-02-05 05:00,-3.6,,.8,290,81,1017.4,1018.5,,,,8,,-5.9
288,밀양,2026-02-05 06:00,-2.4,,.9,50,79,1017.4,1018.5,,,,8,,-4.1
288,밀양,2026-02-05 07:00,-2,,1.1,20,77,1017.4,1018.5,,,,8,,-3.8
288,밀양,2026-02-05 08:00,-2.7,,1.1,360,81,1017.2,1018.3,0,.03,,9,,-3.3
288,밀양,2026-02-05 09:00,.2,,.8,320,73,1017.1,1018.2,.3,.41,,6,,6.6
288,밀양,2026-02-05 10:00,2.6,,.9,70,64,1016.6,1017.6,.9,.99,,6,,10.5
288,밀양,2026-02-05 11:00,6.4,,.5,160,51,1016,1017,1,1.65,,0,,16.2
288,밀양,2026-02-05 12:00,9.6,,1,160,45,1015,1016,1,2,,7,,17.7
288,밀양,2026-02-05 13:00,12.2,,1.8,140,42,1014,1015,1,2.2,,6,,20.6
288,밀양,2026-02-05 14:00,13.4,,.9,200,42,1012.5,1013.5,1,1.76,,7,,22.2
288,밀양,2026-02-05 15:00,14.8,,1,270,37,1012.4,1013.4,1,1.91,,0,,23.9
288,밀양,2026-02-05 16:00,15.3,,1.7,290,36,1011.8,1012.8,1,1.38,,0,,21.4
288,밀양,2026-02-05 17:00,13.8,,1.1,180,41,1012.5,1013.5,1,.72,,0,,14.1
288,밀양,2026-02-05 18:00,11.4,,1.4,230,51,1013.4,1014.4,.1,.09,,0,,7.3
288,밀양,2026-02-05 19:00,7.7,,.6,290,59,1013.9,1014.9,,,,0,,2.8
288,밀양,2026-02-05 20:00,6.1,,.9,270,65,1014.8,1015.8,,,,5,,1.1
288,밀양,2026-02-05 21:00,6.2,,1.1,90,67,1014.9,1015.9,,,,6,,2
288,밀양,2026-02-05 22:00,3.5,,.7,140,74,1014.8,1015.8,,,,6,,-1.9
288,밀양,2026-02-05 23:00,3.1,,.5,360,72,1014.9,1015.9,,,,9,,.1
288,밀양,2026-02-06 00:00,2.7,,0,0,70,1015.3,1016.3,,,,8,,-.9
288,밀양,2026-02-06 01:00,2.2,,.3,0,75,1015.3,1016.3,,,,9,,-1
288,밀양,2026-02-06 02:00,1.9,,.4,0,75,1015.5,1016.5,,,,10,,.1
288,밀양,2026-02-06 03:00,1.2,,.4,0,75,1015.6,1016.6,,,,10,,-.8
288,밀양,2026-02-06 04:00,1.5,,.4,0,75,1015.9,1016.9,,,,10,,-.5
288,밀양,2026-02-06 05:00,1.4,,.3,0,75,1016.3,1017.3,,,,10,,-1
288,밀양,2026-02-06 06:00,4.7,,1.4,340,50,1017,1018,,,,9,,1.5
288,밀양,2026-02-06 07:00,3.7,,2,360,51,1018,1019,,,,9,,1.6
288,밀양,2026-02-06 08:00,3.3,,1.9,340,50,1018.9,1019.9,0,.03,,10,,2.5
288,밀양,2026-02-06 09:00,3.8,,1.8,50,33,1019.5,1020.5,0,.35,,10,,6.1
288,밀양,2026-02-06 10:00,4.8,,2,360,21,1019.9,1020.9,.3,.91,,8,,13.4
288,밀양,2026-02-06 11:00,5.2,,2.2,90,15,1019.4,1020.4,.6,1.36,,7,,14
288,밀양,2026-02-06 12:00,6.5,,1.1,360,12,1018.5,1019.5,.9,1.77,,6,,16.3
288,밀양,2026-02-06 13:00,7.8,,2.9,340,9,1017.8,1018.8,1,2.26,,3,,16.9
288,밀양,2026-02-06 14:00,7.8,,3.3,290,9,1017.1,1018.1,1,2.43,,2,,16.7
288,밀양,2026-02-06 15:00,8.4,,3.1,290,7,1016.6,1017.6,1,2.04,,2,,16.2
288,밀양,2026-02-06 16:00,8.2,,3.4,320,7,1016.5,1017.5,1,1.42,,6,,12.8
288,밀양,2026-02-06 17:00,7.1,,2,50,10,1016.7,1017.7,1,.67,,5,,8.4
288,밀양,2026-02-06 18:00,5.9,,2.5,50,11,1016.6,1017.6,.2,.14,,7,,4.2
288,밀양,2026-02-06 19:00,4.8,,2.9,320,12,1017.3,1018.3,,,,8,,3
288,밀양,2026-02-06 20:00,2.7,,.8,270,18,1017.7,1018.7,,,,8,,-.3
288,밀양,2026-02-06 21:00,2.5,,.7,360,17,1017.9,1018.9,,,,10,,0
288,밀양,2026-02-06 22:00,2.5,,1.3,290,18,1018.1,1019.1,,,,10,,.9
288,밀양,2026-02-06 23:00,2.4,,1.7,70,16,1018.2,1019.2,,,,10,,.9
288,밀양,2026-02-07 00:00,2.2,,1.4,20,13,1017.9,1018.9,,,,9,,.6
288,밀양,2026-02-07 01:00,1.7,,2.4,50,13,1018,1019,,,,10,,.4
288,밀양,2026-02-07 02:00,.7,,1.1,50,16,1018.5,1019.6,,,,8,,-1.6
288,밀양,2026-02-07 03:00,.3,,1.3,340,17,1018.7,1019.8,,,,10,,-1
288,밀양,2026-02-07 04:00,-.1,,1,340,19,1018.9,1020,,,,9,,-1.9
288,밀양,2026-02-07 05:00,-.2,,2.3,20,15,1018.7,1019.8,,,,10,,-1.1
288,밀양,2026-02-07 06:00,-.7,,1.3,360,13,1019.3,1020.4,,,,10,,-1.3
288,밀양,2026-02-07 07:00,-.4,,1.2,110,12,1019.3,1020.4,,,,10,,-1.1
288,밀양,2026-02-07 08:00,-.6,,2.4,320,12,1018.8,1019.9,0,.02,,10,,-.7
288,밀양,2026-02-07 09:00,-.7,,2.7,290,11,1018.9,1020,0,.24,,9,,.6
288,밀양,2026-02-07 10:00,.1,,3.8,320,12,1018.8,1019.9,.6,.76,,4,,5.2
288,밀양,2026-02-07 11:00,1,,4.5,320,8,1018.3,1019.4,1,1.81,,0,,9.3
288,밀양,2026-02-07 12:00,2.5,,3.7,320,10,1017.7,1018.7,1,2.34,,0,,11.6
288,밀양,2026-02-07 13:00,2.9,,4.3,290,10,1016.9,1017.9,1,2.51,,0,,11.3
288,밀양,2026-02-07 14:00,2.6,,6.1,340,10,1016.9,1017.9,1,2.46,,0,,10.1
288,밀양,2026-02-07 15:00,2.7,,6.6,340,8,1016.8,1017.8,1,2.15,,0,,9.6
288,밀양,2026-02-07 16:00,2.7,,5,340,10,1016.6,1017.6,1,1.62,,0,,8.1
288,밀양,2026-02-07 17:00,1.4,,4.3,270,12,1016.9,1017.9,1,.93,,0,,4.3
288,밀양,2026-02-07 18:00,-.3,,4.2,320,16,1017.8,1018.9,.5,.21,,0,,-1.7
288,밀양,2026-02-07 19:00,-1.3,,3.1,320,21,1018.8,1019.9,,,,0,,-3.4
288,밀양,2026-02-07 20:00,-2.1,,2.8,320,25,1019.4,1020.5,,,,0,,-4.1
288,밀양,2026-02-07 21:00,-3.3,,3.7,290,21,1020.1,1021.2,,,,0,,-5.1
288,밀양,2026-02-07 22:00,-4,,4.8,290,23,1020.7,1021.8,,,,0,,-5.3
288,밀양,2026-02-07 23:00,-4.5,,4.8,290,28,1020.9,1022,,,,0,,-6
288,밀양,2026-02-08 00:00,-5.1,,3,320,32,1021.1,1022.2,,,,0,,-7.1
288,밀양,2026-02-08 01:00,-5.6,,2.5,320,34,1021.2,1022.3,,,,0,,-8.1
288,밀양,2026-02-08 02:00,-6,,2.8,320,34,1021.4,1022.5,,,,0,,-8.4
288,밀양,2026-02-08 03:00,-6.9,,3,290,39,1021.5,1022.6,,,,0,,-9.3
288,밀양,2026-02-08 04:00,-6.7,,4.2,290,39,1021.4,1022.5,,,,0,,-8.1
288,밀양,2026-02-08 05:00,-7.4,,.9,340,41,1021.7,1022.8,,,,0,,-10.7
288,밀양,2026-02-08 06:00,-8.1,,1.7,320,48,1022.2,1023.3,,,,0,,-10.9
288,밀양,2026-02-08 07:00,-8.1,,2.5,320,46,1022.5,1023.6,,,,0,,-10.1
288,밀양,2026-02-08 08:00,-7.9,,2.9,320,44,1023.2,1024.3,0,.04,,0,,-9
288,밀양,2026-02-08 09:00,-6.4,,2.9,340,34,1023.9,1025,.9,.62,,0,,.1
288,밀양,2026-02-08 10:00,-5.6,,4.2,290,31,1023.9,1025,1,1.37,,0,,1.6
288,밀양,2026-02-08 11:00,-4,,3.5,320,28,1023.8,1024.9,1,1.98,,0,,4.7
288,밀양,2026-02-08 12:00,-2.8,,5.8,320,22,1023.8,1024.9,1,2.37,,0,,5.3
288,밀양,2026-02-08 13:00,-1.8,,5.3,290,21,1023.4,1024.5,1,2.56,,0,,5.4
288,밀양,2026-02-08 14:00,-.8,,4,270,21,1023.1,1024.2,1,2.4,,0,,6.7
288,밀양,2026-02-08 15:00,-.9,,4.5,320,19,1023.1,1024.2,1,2.04,,0,,6
288,밀양,2026-02-08 16:00,-.1,,4.2,290,18,1023.2,1024.3,1,1.56,,0,,5.6
288,밀양,2026-02-08 17:00,-.6,,4.6,290,18,1023.7,1024.8,1,.88,,0,,1.7
288,밀양,2026-02-08 18:00,-1.4,,2.8,340,20,1024.4,1025.5,.5,.2,,0,,-3.4
288,밀양,2026-02-08 19:00,-2.9,,1.2,270,25,1025.1,1026.2,0,0,,0,,-7.8
288,밀양,2026-02-08 20:00,-4.7,,.3,0,32,1025.7,1026.8,,,,0,,-10.5
288,밀양,2026-02-08 21:00,-6.2,,.3,0,38,1026.3,1027.4,,,,0,,-9.9
288,밀양,2026-02-08 22:00,-7.3,,.4,0,44,1026.8,1027.9,,,,0,,-11.8
288,밀양,2026-02-08 23:00,-7.3,,.2,0,42,1027,1028.1,,,,0,,-11.5
288,밀양,2026-02-09 00:00,-6.4,,.8,340,39,1027,1028.1,,,,0,,-11.9
288,밀양,2026-02-09 01:00,-7.8,,1.7,320,45,1027.1,1028.2,,,,0,,-10.8
288,밀양,2026-02-09 02:00,-7.9,,1,340,45,1027.5,1028.6,,,,0,,-11.4
288,밀양,2026-02-09 03:00,-7.8,,.1,0,47,1027.2,1028.3,,,,0,,-12.5
288,밀양,2026-02-09 04:00,-5.3,,2.5,50,34,1026.7,1027.8,,,,0,,-8.8
288,밀양,2026-02-09 05:00,-7.3,,2,290,48,1026.1,1027.2,,,,0,,-9.7
288,밀양,2026-02-09 06:00,-5.4,,1.1,110,44,1026.2,1027.3,,,,0,,-8.6
288,밀양,2026-02-09 07:00,-7.8,,.5,270,55,1026.6,1027.7,,,,0,,-11.6
288,밀양,2026-02-09 08:00,-7.6,,.9,340,58,1027.1,1028.2,0,.04,,0,,-9.4
288,밀양,2026-02-09 09:00,-3.4,,.8,290,45,1027.6,1028.7,.9,.65,,0,,4.8
288,밀양,2026-02-09 10:00,-.3,,.7,270,39,1027.2,1028.3,1,1.37,,0,,11.1
288,밀양,2026-02-09 11:00,2.1,,1,250,33,1026.9,1028,1,1.96,,0,,14.1
288,밀양,2026-02-09 12:00,4.3,,1.7,360,27,1025.4,1026.4,1,2.36,,0,,15.4
288,밀양,2026-02-09 13:00,6.4,,1.6,20,23,1024.1,1025.1,1,2.51,,0,,17
288,밀양,2026-02-09 14:00,7.8,,2.8,320,20,1022.8,1023.8,1,2.41,,0,,16.9
288,밀양,2026-02-09 15:00,9.4,,2.7,270,18,1021.9,1022.9,1,2.15,,0,,17.5
288,밀양,2026-02-09 16:00,9.4,,2.7,290,19,1021.6,1022.6,1,1.6,,0,,16.1
288,밀양,2026-02-09 17:00,8.9,,1.9,290,20,1021.4,1022.4,1,.88,,0,,12
288,밀양,2026-02-09 18:00,5,,.7,180,29,1021.9,1022.9,.5,.16,,5,,1
288,밀양,2026-02-09 19:00,2.3,,.5,250,35,1022.5,1023.6,0,0,,6,,-2.7
288,밀양,2026-02-09 20:00,.7,,.1,0,42,1023,1024.1,,,,8,,-3.8
288,밀양,2026-02-09 21:00,-1.2,,.2,0,55,1023.6,1024.7,,,,8,,-5.1
288,밀양,2026-02-09 22:00,-2,,1.1,320,54,1023.5,1024.6,,,,6,,-5.6
288,밀양,2026-02-09 23:00,-3.1,,.1,0,59,1023.1,1024.2,,,,6,,-6.9
288,밀양,2026-02-10 00:00,-3.5,,.5,270,62,1022.8,1023.9,,,,6,,-7.3
288,밀양,2026-02-10 01:00,-4.2,,.2,0,67,1022.7,1023.8,,,,4,,-7.5
288,밀양,2026-02-10 02:00,-3.7,,.5,70,64,1022.6,1023.7,,,,8,,-7
288,밀양,2026-02-10 03:00,-5.3,,.6,270,71,1022.1,1023.2,,,,10,,-8.5
288,밀양,2026-02-10 04:00,-4.4,,.2,0,70,1021.8,1022.9,,,,10,,-5.7
288,밀양,2026-02-10 05:00,-3.7,,.6,340,70,1021.3,1022.4,,,,10,,-4.6
288,밀양,2026-02-10 06:00,-3.3,,.6,290,68,1021.4,1022.5,,,,10,,-3.8
288,밀양,2026-02-10 07:00,-2.5,,.1,0,66,1021.1,1022.2,,,,10,,-2.7
288,밀양,2026-02-10 08:00,-1.6,,.5,180,60,1021.5,1022.6,0,.02,,10,,-1.7
288,밀양,2026-02-10 09:00,-.9,,.4,0,59,1021.5,1022.6,0,.13,,10,,-.3
288,밀양,2026-02-10 10:00,.2,,.4,0,52,1020.7,1021.8,0,.17,,10,,1.5
288,밀양,2026-02-10 11:00,1.9,,.2,0,48,1020,1021.1,0,.45,,10,,5.8
288,밀양,2026-02-10 12:00,3.8,,1.8,140,46,1019.3,1020.3,0,.89,,10,,9.2
288,밀양,2026-02-10 13:00,6.1,,1.8,140,43,1018.1,1019.1,0,1.16,,10,,12
288,밀양,2026-02-10 14:00,6.5,,1,160,47,1016.7,1017.7,0,.89,,10,,11.4
288,밀양,2026-02-10 15:00,6.7,0,1.1,180,49,1016.1,1017.1,0,.61,,9,,9.9
288,밀양,2026-02-10 16:00,6.9,,1.7,140,53,1016,1017,0,.29,,10,,7.8
288,밀양,2026-02-10 17:00,6.5,,1.2,140,55,1015.8,1016.8,0,.16,,9,,6.7
288,밀양,2026-02-10 18:00,5.9,0,1,250,67,1016.2,1017.2,0,.03,,10,,4.9
288,밀양,2026-02-10 19:00,5.1,,.7,180,74,1016.4,1017.4,0,0,,10,,3.8
288,밀양,2026-02-10 20:00,4.8,,.6,160,76,1016.7,1017.7,,,,10,,3.7
288,밀양,2026-02-10 21:00,4,0,.5,290,76,1017,1018,,,,10,,3.1
288,밀양,2026-02-10 22:00,3.6,,.7,340,78,1016.7,1017.7,,,,10,,2.5
288,밀양,2026-02-10 23:00,2.9,,0,0,79,1016.3,1017.3,,,,10,,1.3
288,밀양,2026-02-11 00:00,2.1,,.3,0,81,1016.3,1017.3,,,,6,,-.9
288,밀양,2026-02-11 01:00,1.6,,.2,0,83,1016.2,1017.2,,,,9,,-.4
288,밀양,2026-02-11 02:00,.8,,.2,0,85,1016.2,1017.3,,,,8,,-1.5
288,밀양,2026-02-11 03:00,.1,,.4,0,89,1016,1017.1,,,,7,,-4
288,밀양,2026-02-11 04:00,-1.2,,.3,0,89,1016,1017.1,,,,0,,-4.1
288,밀양,2026-02-11 05:00,-.7,,.8,340,89,1016.1,1017.2,,,,6,,-2.7
288,밀양,2026-02-11 06:00,4.4,,3.3,320,64,1016.7,1017.7,,,,0,,1.6
288,밀양,2026-02-11 07:00,3.1,,1.4,320,65,1017.5,1018.5,,,,0,,.1
288,밀양,2026-02-11 08:00,3.2,,1.5,320,63,1018.1,1019.1,0,.04,,0,,.8
288,밀양,2026-02-11 09:00,6.1,,3,290,59,1018.7,1019.7,1,.58,,0,,10.5
288,밀양,2026-02-11 10:00,6.9,,1.4,50,54,1018.3,1019.3,.8,1.09,,0,,15.3
288,밀양,2026-02-11 11:00,8.4,,3.6,320,47,1018.3,1019.3,.8,1.79,,8,,13.6
288,밀양,2026-02-11 12:00,8.5,,3.7,320,47,1017.8,1018.8,0,.89,,6,,13
288,밀양,2026-02-11 13:00,10.4,,3.8,320,42,1017,1018,.6,1.87,,6,,19.7
288,밀양,2026-02-11 14:00,10.6,,3.2,320,41,1016.5,1017.5,.9,2.36,,0,,19.6
288,밀양,2026-02-11 15:00,10.4,,3.7,110,40,1016.3,1017.3,.8,1.98,,6,,19.1
288,밀양,2026-02-11 16:00,11.2,,3.3,290,36,1016.2,1017.2,1,1.72,,7,,19.1
288,밀양,2026-02-11 17:00,9.6,,4.3,290,40,1016.6,1017.6,.6,.76,,5,,10.4
288,밀양,2026-02-11 18:00,8.2,,2.5,320,43,1017.5,1018.5,.4,.21,,0,,6.2
288,밀양,2026-02-11 19:00,5.9,,1.9,320,47,1018.1,1019.1,0,0,,0,,2.3
288,밀양,2026-02-11 20:00,3.7,,.1,0,58,1018.5,1019.5,,,,0,,-2.4
288,밀양,2026-02-11 21:00,1.2,,.7,270,66,1018.6,1019.7,,,,0,,-4.5
288,밀양,2026-02-11 22:00,.5,,.2,0,69,1018.7,1019.8,,,,0,,-4.8
288,밀양,2026-02-11 23:00,-.6,,.8,290,75,1018.9,1020,,,,0,,-5.2
288,밀양,2026-02-12 00:00,-.5,,.6,90,78,1018.9,1020,,,,0,,-5.7
288,밀양,2026-02-12 01:00,-1.4,,.5,90,79,1019,1020.1,,,,0,,-5.5
288,밀양,2026-02-12 02:00,-2.6,,.2,0,83,1019.4,1020.5,,,,0,,-7.4
288,밀양,2026-02-12 03:00,-1.8,,1.5,70,78,1019.4,1020.5,,,,0,,-4.7
288,밀양,2026-02-12 04:00,-4.1,,.8,200,84,1019.5,1020.6,,,,0,,-8.1
288,밀양,2026-02-12 05:00,-4.8,,.4,0,87,1019.3,1020.4,,,,0,,-9.6
288,밀양,2026-02-12 06:00,-6,,.5,290,88,1019.9,1021,,,,0,,-9.8
288,밀양,2026-02-12 07:00,-6.3,,.6,290,87,1020.6,1021.7,,,,0,,-9.8
288,밀양,2026-02-12 08:00,-4.8,,.6,360,86,1021.2,1022.3,0,.06,,0,,-7.3
288,밀양,2026-02-12 09:00,-.9,,.4,0,74,1021.3,1022.4,1,.91,,0,,6
288,밀양,2026-02-12 10:00,3.1,,.7,290,52,1021.2,1022.2,1,1.63,,0,,13
288,밀양,2026-02-12 11:00,7.9,,.8,230,28,1020.6,1021.6,1,1.93,,0,,19.2
288,밀양,2026-02-12 12:00,10.1,,3.7,320,21,1019.9,1020.9,1,2.36,,0,,18.6
288,밀양,2026-02-12 13:00,10.7,,3.7,290,18,1019,1020,1,2.58,,0,,19.2
288,밀양,2026-02-12 14:00,11.7,,3.1,320,16,1018.2,1019.2,1,2.44,,0,,20.5
288,밀양,2026-02-12 15:00,11.7,,4.1,290,18,1017.8,1018.8,1,2.09,,0,,18.9
288,밀양,2026-02-12 16:00,11.6,,3,270,19,1017.5,1018.5,1,1.52,,0,,17.4
288,밀양,2026-02-12 17:00,11.5,,2.3,320,20,1017.4,1018.4,1,.85,,0,,14
288,밀양,2026-02-12 18:00,8.5,,.3,0,26,1017.8,1018.8,.6,.2,,0,,3.8
288,밀양,2026-02-12 19:00,4.8,,0,0,36,1018.3,1019.3,0,0,,0,,-1.6
288,밀양,2026-02-12 20:00,3,,.3,0,42,1018.6,1019.6,,,,0,,-3
288,밀양,2026-02-12 21:00,.7,,.2,0,51,1018.7,1019.8,,,,0,,-4.8
288,밀양,2026-02-12 22:00,-.7,,.2,0,57,1019,1020.1,,,,0,,-4.7
288,밀양,2026-02-12 23:00,-1.3,,.2,0,61,1018.9,1020,,,,0,,-5.9
288,밀양,2026-02-13 00:00,-2,,.2,0,63,1018.7,1019.8,,,,0,,-6.5
288,밀양,2026-02-13 01:00,-2.3,,.8,360,65,1018.5,1019.6,,,,0,,-7.3
288,밀양,2026-02-13 02:00,-3.2,,1,340,70,1018.6,1019.7,,,,0,,-7.6
288,밀양,2026-02-13 03:00,-4.7,,.7,340,73,1018.7,1019.8,,,,0,,-8
288,밀양,2026-02-13 04:00,-4.4,,1.1,360,75,1018.9,1020,,,,0,,-8
288,밀양,2026-02-13 05:00,-5.4,,1.1,320,77,1019.1,1020.2,,,,0,,-8.7
288,밀양,2026-02-13 06:00,-4.1,,.9,50,71,1018.7,1019.8,,,,0,,-7.3
288,밀양,2026-02-13 07:00,-5.8,,.4,0,78,1019.2,1020.3,,,,0,,-9.3
288,밀양,2026-02-13 08:00,-5,,.3,0,77,1019.6,1020.7,0,.06,,0,,-6.1
288,밀양,2026-02-13 09:00,-1,,.9,70,63,1019.5,1020.6,1,.55,,0,,4.3
288,밀양,2026-02-13 10:00,2.3,,.5,360,49,1019.1,1020.1,1,1.18,,0,,10.9
288,밀양,2026-02-13 11:00,5.8,,1,140,39,1018.4,1019.4,1,1.76,,2,,15.7
288,밀양,2026-02-13 12:00,10,,1.4,160,30,1017.6,1018.6,1,2.11,,4,,20
288,밀양,2026-02-13 13:00,12.1,,2.3,140,28,1016.3,1017.3,1,2.28,,0,,20.6
288,밀양,2026-02-13 14:00,13.7,,2.3,270,21,1015.2,1016.2,1,2.28,,2,,23.1
288,밀양,2026-02-13 15:00,14.8,,3.5,250,18,1014.6,1015.6,1,2,,0,,22.3
288,밀양,2026-02-13 16:00,14.3,,3.2,230,20,1014.8,1015.8,1,1.49,,0,,19.6
288,밀양,2026-02-13 17:00,14,,2.3,270,21,1014.7,1015.7,1,.81,,0,,16.1
288,밀양,2026-02-13 18:00,9.6,,.8,160,30,1014.9,1015.9,.6,.2,,0,,5.7
288,밀양,2026-02-13 19:00,7.1,,.5,250,35,1015.9,1016.9,0,0,,0,,.6
288,밀양,2026-02-13 20:00,5.1,,.4,0,43,1016.3,1017.3,,,,0,,-.5
288,밀양,2026-02-13 21:00,2.6,,.4,0,51,1016.9,1017.9,,,,0,,-2.1
288,밀양,2026-02-13 22:00,.9,,.3,0,56,1017.1,1018.2,,,,0,,-3.6
288,밀양,2026-02-13 23:00,.1,,.5,320,64,1017.3,1018.4,,,,0,,-4.4
288,밀양,2026-02-14 00:00,-1,,.2,0,67,1017.3,1018.4,,,,0,,-5.2
288,밀양,2026-02-14 01:00,-1.6,,.1,0,74,1017.7,1018.8,,,,0,,-6.1
288,밀양,2026-02-14 02:00,-2,,.3,0,74,1017.5,1018.6,,,,0,,-6
288,밀양,2026-02-14 03:00,-2.5,,.2,0,76,1017.2,1018.3,,,,0,,-6.1
288,밀양,2026-02-14 04:00,-2.6,,.4,0,77,1016.7,1017.8,,,,10,,-5.4
288,밀양,2026-02-14 05:00,-2.9,,.7,340,77,1017,1018.1,,,,0,,-5.9
288,밀양,2026-02-14 06:00,-2.1,,.2,0,76,1017.1,1018.2,,,,10,,-3.9
288,밀양,2026-02-14 07:00,-2,,.2,0,77,1017.1,1018.2,,,,10,,-4.1
288,밀양,2026-02-14 08:00,-.6,,.8,70,69,1017.3,1018.4,0,.07,,8,,-1.6
288,밀양,2026-02-14 09:00,1.6,,.2,0,65,1017.4,1018.4,.4,.53,,8,,6.7
288,밀양,2026-02-14 10:00,4.3,,.4,0,53,1016.6,1017.6,.1,.74,,8,,9.6
288,밀양,2026-02-14 11:00,7.4,,1.2,160,45,1015.7,1016.7,1,1.42,,8,,14.2
288,밀양,2026-02-14 12:00,11.5,,.9,90,40,1014.8,1015.8,.8,1.46,,7,,21.5
288,밀양,2026-02-14 13:00,14.2,,1.5,110,40,1013.4,1014.4,1,2.02,,7,,24.2
288,밀양,2026-02-14 14:00,14.9,,1.5,160,37,1012.9,1013.9,.7,1.8,,8,,22.6
288,밀양,2026-02-14 15:00,15.6,,1.7,250,32,1012.3,1013.3,.1,1.2,,8,,21.4
288,밀양,2026-02-14 16:00,15.7,,2.2,200,37,1011.8,1012.8,.2,1.01,,7,,19.5
288,밀양,2026-02-14 17:00,14.9,,1.6,160,43,1011.9,1012.9,0,.48,,9,,15.3
288,밀양,2026-02-14 18:00,13.6,,.9,140,48,1011.9,1012.9,0,.19,,5,,10.3
288,밀양,2026-02-14 19:00,9.1,,.7,290,61,1012.5,1013.5,0,0,,6,,5.4
288,밀양,2026-02-14 20:00,7.5,,.4,0,67,1013,1014,,,,0,,1.2
288,밀양,2026-02-14 21:00,5.5,,.6,270,73,1013.3,1014.3,,,,0,,0
288,밀양,2026-02-14 22:00,4.1,,.7,270,77,1013.6,1014.6,,,,0,,-1.1
288,밀양,2026-02-14 23:00,4.5,,1.7,50,71,1014,1015,,,,0,,2.1
288,밀양,2026-02-15 00:00,1.7,,.2,0,83,1014,1015,,,,0,,-2.7
288,밀양,2026-02-15 01:00,.9,,.4,0,86,1014.1,1015.1,,,,0,,-4.1
288,밀양,2026-02-15 02:00,.6,,1.2,340,84,1014.6,1015.6,,,,0,,-3.4
288,밀양,2026-02-15 03:00,-.4,,.5,320,90,1014.3,1015.4,,,,0,,-4.7
288,밀양,2026-02-15 04:00,-.6,,.1,0,91,1014.2,1015.3,,,,0,,-5.7
288,밀양,2026-02-15 05:00,-.9,,.7,360,91,1014.6,1015.7,,,,0,,-5.8
288,밀양,2026-02-15 06:00,.5,,1.1,70,86,1014.9,1016,,,,0,,-4.1
288,밀양,2026-02-15 07:00,-1.5,,.7,340,92,1015.6,1016.7,,,,0,,-5.6
288,밀양,2026-02-15 08:00,-1,,.7,270,91,1016.6,1017.7,0,.08,,0,,-2.8
288,밀양,2026-02-15 09:00,4.1,,.7,90,78,1016.6,1017.6,1,.66,,0,,8.3
288,밀양,2026-02-15 10:00,9,,.2,0,64,1016.7,1017.7,1,1.27,,0,,18
288,밀양,2026-02-15 11:00,13.3,,1.4,250,52,1015.9,1016.9,1,1.84,,0,,24.3
288,밀양,2026-02-15 12:00,15.6,,1.2,70,45,1014.8,1015.8,1,2.17,,0,,26.6
288,밀양,2026-02-15 13:00,18.1,,1.5,90,37,1013.9,1014.9,1,2.32,,0,,27.1
288,밀양,2026-02-15 14:00,18.7,,2.8,320,31,1013.3,1014.3,1,2.23,,0,,27.7
288,밀양,2026-02-15 15:00,18.8,,2.2,320,33,1013.1,1014.1,1,1.86,,0,,27.3
288,밀양,2026-02-15 16:00,18.7,,2.8,320,33,1012.9,1013.9,1,1.37,,0,,24.2
288,밀양,2026-02-15 17:00,17.7,,4.4,320,35,1013.1,1014.1,1,.77,,0,,18.8
288,밀양,2026-02-15 18:00,14.8,,1.6,290,44,1014.2,1015.2,.1,.18,,5,,12.2
288,밀양,2026-02-15 19:00,12.6,,1.4,360,44,1014.9,1015.9,0,0,,0,,7.6
288,밀양,2026-02-15 20:00,10.5,,.7,320,44,1015.5,1016.5,,,,6,,4.5
288,밀양,2026-02-15 21:00,9.8,,.7,320,39,1015.9,1016.9,,,,6,,3.9
288,밀양,2026-02-15 22:00,10.3,,1.4,50,35,1016.5,1017.5,,,,6,,4.9
288,밀양,2026-02-15 23:00,6.7,,.4,0,44,1017,1018,,,,0,,-.4
288,밀양,2026-02-16 00:00,4.2,,.3,0,53,1017.2,1018.2,,,,0,,-1.5
288,밀양,2026-02-16 01:00,3.6,,.4,0,59,1017.2,1018.2,,,,0,,-1.3
288,밀양,2026-02-16 02:00,2.3,,1.1,290,66,1017.1,1018.1,,,,0,,-3.7
288,밀양,2026-02-16 03:00,.9,,.6,320,71,1017.2,1018.3,,,,6,,-4.3
288,밀양,2026-02-16 04:00,1.6,,.4,0,60,1017.8,1018.8,,,,8,,-2.1
288,밀양,2026-02-16 05:00,2.1,,1.1,290,53,1017.9,1018.9,,,,6,,-1.8
288,밀양,2026-02-16 06:00,4.1,,.6,270,33,1018.6,1019.6,,,,10,,.6
288,밀양,2026-02-16 07:00,2.6,,.9,270,43,1019.4,1020.4,,,,10,,.2
288,밀양,2026-02-16 08:00,5.6,,2.5,50,28,1019.6,1020.6,0,.05,,10,,5
288,밀양,2026-02-16 09:00,6,,1.6,320,30,1020.1,1021.1,0,.31,,9,,8.3
288,밀양,2026-02-16 10:00,8.1,,1.8,360,28,1019.7,1020.7,.5,1.03,,7,,15.2
288,밀양,2026-02-16 11:00,8.7,,2.2,20,33,1019.5,1020.5,.3,1.14,,9,,13.3
288,밀양,2026-02-16 12:00,9.7,,2.6,70,40,1018.5,1019.5,.8,1.69,,8,,17.9
288,밀양,2026-02-16 13:00,11.3,,2.7,70,40,1017.5,1018.5,1,2.14,,8,,22.8
288,밀양,2026-02-16 14:00,11.6,,2.7,70,38,1017,1018,1,2.06,,7,,20.4
288,밀양,2026-02-16 15:00,12.1,,4,70,42,1016.7,1017.7,1,1.8,,6,,20.4
288,밀양,2026-02-16 16:00,10.6,,4,70,51,1017.4,1018.4,.9,1.48,,7,,13.8
288,밀양,2026-02-16 17:00,9.1,,2.8,70,61,1018.2,1019.2,.2,.47,,8,,9.7
288,밀양,2026-02-16 18:00,7.7,,3.3,70,64,1019.1,1020.1,0,.17,,6,,6.7
288,밀양,2026-02-16 19:00,6.8,,1.9,70,68,1020,1021,0,0,,5,,5.1
288,밀양,2026-02-16 20:00,6,,1.1,20,71,1020.5,1021.5,,,,5,,3.6
288,밀양,2026-02-16 21:00,5.6,,1.3,50,72,1021.1,1022.1,,,,4,,3.1
288,밀양,2026-02-16 22:00,5.1,,1.9,20,72,1021.5,1022.5,,,,5,,2.1
288,밀양,2026-02-16 23:00,1.8,,.6,320,81,1021.4,1022.5,,,,4,,-3.1
288,밀양,2026-02-17 00:00,1,,.4,0,83,1021.5,1022.6,,,,5,,-3.6
288,밀양,2026-02-17 01:00,1.2,,.3,0,83,1021.7,1022.8,,,,8,,-.5
288,밀양,2026-02-17 02:00,1.3,,.6,340,84,1021.6,1022.7,,,,6,,-2.4
288,밀양,2026-02-17 03:00,.3,,.3,0,86,1021.5,1022.6,,,,6,,-3.7
288,밀양,2026-02-17 04:00,-.7,,.1,0,89,1021.2,1022.3,,,,0,,-5.9
288,밀양,2026-02-17 05:00,-1.3,,.8,340,91,1021.1,1022.2,,,,0,,-6.4
288,밀양,2026-02-17 06:00,-2.3,,1.1,320,90,1021.1,1022.2,,,,0,,-6.2
288,밀양,2026-02-17 07:00,-2.1,,.1,0,92,1021.2,1022.3,,,,0,,-7.6
288,밀양,2026-02-17 08:00,-.3,,1.5,70,90,1021.5,1022.6,.1,.1,,0,,-2
288,밀양,2026-02-17 09:00,1.8,,.7,270,82,1021.5,1022.6,1,.81,,0,,8.8
288,밀양,2026-02-17 10:00,5,,.7,110,71,1020.9,1021.9,1,1.42,,5,,15.5
288,밀양,2026-02-17 11:00,8.5,,.7,70,60,1020.1,1021.1,1,2.01,,1,,20.7
288,밀양,2026-02-17 12:00,9.9,,1.9,110,55,1018.9,1019.9,.9,2.27,,4,,22.8
288,밀양,2026-02-17 13:00,10.9,,2.1,250,40,1017.4,1018.4,.8,2.27,,1,,22.3
288,밀양,2026-02-17 14:00,12.3,,3,290,23,1016.3,1017.3,1,2.59,,0,,22.6
288,밀양,2026-02-17 15:00,12.4,,2.8,290,21,1015.8,1016.8,1,2.26,,0,,21.7
288,밀양,2026-02-17 16:00,12.4,,2.9,320,21,1015.4,1016.4,1,1.72,,0,,19.6
288,밀양,2026-02-17 17:00,12.1,,3,320,20,1015.1,1016.1,1,1.03,,0,,15.9
288,밀양,2026-02-17 18:00,10.2,,2,290,24,1015.4,1016.4,.7,.29,,0,,7.2
288,밀양,2026-02-17 19:00,7.2,,1,290,26,1015.9,1016.9,0,0,,0,,3.4
288,밀양,2026-02-17 20:00,6.8,,.7,50,23,1016.5,1017.5,,,,0,,-1.1
288,밀양,2026-02-17 21:00,3.8,,.4,0,28,1017.2,1018.2,,,,0,,-3
288,밀양,2026-02-17 22:00,1.9,,.3,0,35,1017.4,1018.4,,,,0,,-4.7
288,밀양,2026-02-17 23:00,.8,,.1,0,39,1017.4,1018.5,,,,3,,-6.1
288,밀양,2026-02-18 00:00,-.2,,.2,0,42,1017.4,1018.5,,,,8,,-5.8
288,밀양,2026-02-18 01:00,1.6,,1.9,340,36,1017.8,1018.8,,,,10,,-3
288,밀양,2026-02-18 02:00,2.8,,1.9,320,28,1017.6,1018.6,,,,8,,-2.1
288,밀양,2026-02-18 03:00,-.5,,.1,0,40,1017.4,1018.5,,,,6,,-7.1
288,밀양,2026-02-18 04:00,-1.7,,.7,320,42,1017.3,1018.4,,,,3,,-8.6
288,밀양,2026-02-18 05:00,-3,,.9,290,49,1017.2,1018.3,,,,0,,-9
288,밀양,2026-02-18 06:00,-3.1,,1.1,290,48,1017.6,1018.7,,,,0,,-8.6
288,밀양,2026-02-18 07:00,-3.5,,.5,180,53,1018.1,1019.2,,,,0,,-9.1
288,밀양,2026-02-18 08:00,-1.9,,.1,0,52,1018.8,1019.9,.1,.08,,0,,-6.4
288,밀양,2026-02-18 09:00,1.8,,.6,110,38,1019.2,1020.2,1,.71,,0,,9.2
288,밀양,2026-02-18 10:00,4.7,,.9,140,31,1019.3,1020.3,1,1.44,,0,,14.9
288,밀양,2026-02-18 11:00,7.6,,1.3,140,28,1019.1,1020.1,1,2.03,,0,,18.2
288,밀양,2026-02-18 12:00,9,,1.9,110,29,1018.4,1019.4,1,2.38,,0,,19.7
288,밀양,2026-02-18 13:00,10.4,,2.2,250,28,1017.4,1018.4,1,2.4,,1,,19.1
288,밀양,2026-02-18 14:00,10.9,,2.6,340,28,1016.6,1017.6,.7,1.84,,3,,17.4
288,밀양,2026-02-18 15:00,11.3,,3.7,290,25,1016.3,1017.3,.7,1.37,,6,,17.9
288,밀양,2026-02-18 16:00,12.1,,4.1,290,19,1016.1,1017.1,.9,1.35,,0,,17.8
288,밀양,2026-02-18 17:00,11.8,,3.1,290,18,1016.3,1017.3,1,1,,0,,15.2
288,밀양,2026-02-18 18:00,9.7,,1.8,320,20,1016.9,1017.9,.7,.3,,0,,6.6
288,밀양,2026-02-18 19:00,6.5,,.5,290,27,1017.8,1018.8,0,0,,0,,-.3
288,밀양,2026-02-18 20:00,3.9,,.9,290,34,1018.6,1019.6,,,,0,,-3
288,밀양,2026-02-18 21:00,5.9,,1.9,70,48,1019.7,1020.7,,,,0,,2.4
288,밀양,2026-02-18 22:00,4.7,,1.8,250,58,1020.7,1021.7,,,,0,,.8
288,밀양,2026-02-18 23:00,2.5,,.3,0,64,1021.1,1022.1,,,,0,,-3.5
288,밀양,2026-02-19 00:00,.7,,.2,0,70,1021.4,1022.5,,,,0,,-5.3
288,밀양,2026-02-19 01:00,-.9,,.5,70,74,1022,1023.1,,,,0,,-6.1
288,밀양,2026-02-19 02:00,-1.8,,.3,0,78,1022.1,1023.2,,,,0,,-6.8
288,밀양,2026-02-19 03:00,-2.3,,.1,0,80,1022.2,1023.3,,,,0,,-7.8
288,밀양,2026-02-19 04:00,-3.1,,.7,340,84,1022.4,1023.5,,,,0,,-8.7
288,밀양,2026-02-19 05:00,-4,,.3,0,85,1022.5,1023.6,,,,0,,-9.1
288,밀양,2026-02-19 06:00,-4.2,,1.2,340,87,1023,1024.1,,,,0,,-9.3
288,밀양,2026-02-19 07:00,-4.8,,.5,320,86,1023,1024.1,,,,0,,-9.5
288,밀양,2026-02-19 08:00,-3.1,,.2,0,84,1023.5,1024.6,.1,.13,,0,,-7.8
288,밀양,2026-02-19 09:00,.4,,1.9,70,71,1023.5,1024.6,1,1.1,,0,,8.3
288,밀양,2026-02-19 10:00,2.7,,1.3,250,52,1022.9,1024,1,1.73,,0,,14.7
288,밀양,2026-02-19 11:00,6.1,,1.1,230,35,1022.4,1023.4,1,2.23,,0,,19.3
288,밀양,2026-02-19 12:00,9.5,,1.5,50,23,1021.5,1022.5,1,2.58,,0,,20.8
288,밀양,2026-02-19 13:00,11.4,,1.2,110,17,1020.4,1021.4,1,2.77,,0,,22
288,밀양,2026-02-19 14:00,11.8,,2.5,270,12,1019.2,1020.2,1,2.77,,0,,22.1
288,밀양,2026-02-19 15:00,12.8,,2.2,270,12,1018.4,1019.4,1,2.26,,0,,22.8
288,밀양,2026-02-19 16:00,12.9,,2.4,270,9,1017.8,1018.8,1,1.63,,0,,21.7
288,밀양,2026-02-19 17:00,12.5,,.8,230,11,1017.3,1018.3,1,1.02,,4,,16.8
288,밀양,2026-02-19 18:00,8.9,,.4,0,19,1017.6,1018.6,.6,.27,,6,,5.2
288,밀양,2026-02-19 19:00,6.9,,.7,320,24,1018.4,1019.4,0,0,,8,,1.1
288,밀양,2026-02-19 20:00,5.3,,.4,0,31,1018.7,1019.7,,,,6,,1
288,밀양,2026-02-19 21:00,3.6,,.3,0,37,1019,1020,,,,6,,-1.9
288,밀양,2026-02-19 22:00,2.1,,.2,0,47,1018.7,1019.7,,,,8,,-3.2
288,밀양,2026-02-19 23:00,2.9,,1.3,70,37,1018.4,1019.4,,,,8,,-.7
288,밀양,2026-02-20 00:00,2.6,,1,70,36,1018.9,1019.9,,,,9,,-1
288,밀양,2026-02-20 01:00,-.2,,.5,320,59,1018.9,1020,,,,8,,-3.9
288,밀양,2026-02-20 02:00,-1.2,,.2,0,66,1019,1020.1,,,,6,,-4.8
288,밀양,2026-02-20 03:00,.4,,1.2,70,44,1019,1020.1,,,,8,,-2
288,밀양,2026-02-20 04:00,-.2,,1,20,50,1018.8,1019.9,,,,8,,-2.6
288,밀양,2026-02-20 05:00,-1,,.8,340,61,1018.8,1019.9,,,,7,,-3.9
288,밀양,2026-02-20 06:00,-2,,.5,360,68,1018.6,1019.7,,,,6,,-6.4
288,밀양,2026-02-20 07:00,-3,,.3,0,69,1018.6,1019.7,,,,3,,-6.8
288,밀양,2026-02-20 08:00,-2.7,,1.1,340,67,1018.4,1019.5,.2,.09,,0,,-3.7
288,밀양,2026-02-20 09:00,1.3,,1.2,340,45,1018.4,1019.5,1,.71,,0,,9.2
288,밀양,2026-02-20 10:00,4.6,,1.1,140,37,1018.3,1019.3,1,1.45,,0,,14.7
288,밀양,2026-02-20 11:00,8.1,,1.4,140,28,1017.5,1018.5,1,2.08,,0,,18.8
288,밀양,2026-02-20 12:00,12.5,,1.5,140,22,1016.3,1017.3,1,2.45,,0,,23.2
288,밀양,2026-02-20 13:00,14.2,,1,140,21,1015,1016,1,2.66,,0,,25.1
288,밀양,2026-02-20 14:00,15.2,,2.9,270,15,1013.7,1014.7,1,2.6,,0,,25.2
288,밀양,2026-02-20 15:00,16.1,,2.3,270,15,1012.8,1013.8,1,2.14,,0,,25.1
288,밀양,2026-02-20 16:00,15.7,,2.2,230,14,1012.6,1013.6,1,1.52,,0,,23.1
288,밀양,2026-02-20 17:00,14.3,,2.4,230,23,1012.7,1013.7,1,1.01,,0,,17.2
288,밀양,2026-02-20 18:00,12.6,,2.1,200,28,1013.4,1014.4,.6,.28,,0,,10.7
288,밀양,2026-02-20 19:00,11.1,,2.5,160,35,1014,1015,0,0,,0,,8.8
288,밀양,2026-02-20 20:00,10,,2.2,160,44,1014.4,1015.4,,,,0,,7.7
288,밀양,2026-02-20 21:00,5.1,,1,270,50,1014.8,1015.8,,,,0,,1.6
288,밀양,2026-02-20 22:00,3.4,,1.1,290,59,1015.3,1016.3,,,,0,,-.7
288,밀양,2026-02-20 23:00,2.3,,.6,290,67,1015.3,1016.3,,,,0,,-2
288,밀양,2026-02-21 00:00,1.2,,.1,0,73,1015.4,1016.4,,,,0,,-3.6
288,밀양,2026-02-21 01:00,.3,,.5,340,76,1015.2,1016.3,,,,0,,-4.1
288,밀양,2026-02-21 02:00,-.4,,.6,290,78,1015.1,1016.2,,,,0,,-5
288,밀양,2026-02-21 03:00,-.6,,.3,0,81,1014.9,1016,,,,0,,-5.6
288,밀양,2026-02-21 04:00,-1.1,,.3,0,84,1014.6,1015.7,,,,0,,-6
288,밀양,2026-02-21 05:00,-1.4,,.6,320,84,1014.8,1015.9,,,,0,,-5.6
288,밀양,2026-02-21 06:00,-2.1,,.1,0,86,1015.1,1016.2,,,,0,,-6.3
288,밀양,2026-02-21 07:00,-1.9,,.1,0,88,1014.9,1016,,,,0,,-6.1
288,밀양,2026-02-21 08:00,-.5,,0,0,85,1015.3,1016.4,.2,.11,,0,,-2.8
288,밀양,2026-02-21 09:00,4.4,,.1,0,71,1015.2,1016.2,1,.71,,0,,11
288,밀양,2026-02-21 10:00,7,,.6,290,58,1015,1016,1,1.4,,0,,17.4
288,밀양,2026-02-21 11:00,11.9,,.4,0,53,1014.1,1015.1,1,2,,0,,23.4
288,밀양,2026-02-21 12:00,15.1,,2.1,140,48,1013,1014,1,2.33,,0,,24.8
288,밀양,2026-02-21 13:00,16.3,,2.5,180,44,1011.7,1012.7,1,2.48,,0,,24.9
288,밀양,2026-02-21 14:00,16.7,,3.9,180,43,1010.5,1011.5,1,2.44,,0,,24.8
288,밀양,2026-02-21 15:00,17.1,,4.9,160,38,1009.8,1010.8,1,2.03,,0,,23.8
288,밀양,2026-02-21 16:00,16.7,,3.2,180,40,1009.4,1010.4,1,1.45,,0,,22.7
288,밀양,2026-02-21 17:00,15.5,,3.9,180,47,1009.5,1010.5,1,1,,0,,18.3
288,밀양,2026-02-21 18:00,14,,3.4,180,55,1010,1011,.7,.3,,0,,12.8
288,밀양,2026-02-21 19:00,13.3,,3.3,160,53,1010.1,1011.1,0,0,,0,,11.2
288,밀양,2026-02-21 20:00,12.5,,3,140,64,1010.5,1011.5,,,,0,,10.8
288,밀양,2026-02-21 21:00,12.3,,2.2,140,64,1010.6,1011.6,,,,0,,9.9
288,밀양,2026-02-21 22:00,12.9,,2.4,160,60,1010.6,1011.6,,,,0,,10.5
288,밀양,2026-02-21 23:00,7.9,,1.1,270,75,1010.5,1011.5,,,,0,,5.5
288,밀양,2026-02-22 00:00,6.1,,.8,290,81,1010,1011,,,,0,,2.1
288,밀양,2026-02-22 01:00,4.9,,.7,320,82,1009.9,1010.9,,,,0,,1.2
288,밀양,2026-02-22 02:00,5,,.8,340,85,1009.5,1010.5,,,,0,,1.3
288,밀양,2026-02-22 03:00,4.9,,.8,270,88,1009,1010,,,,0,,1.2
288,밀양,2026-02-22 04:00,4.7,,.6,320,89,1008.6,1009.6,,,,0,,.1
288,밀양,2026-02-22 05:00,3.9,,1,270,91,1008.4,1009.4,,,,0,,.2
288,밀양,2026-02-22 06:00,3.6,,.7,340,92,1008.4,1009.4,,,,0,,-.3
288,밀양,2026-02-22 07:00,2.5,,1,270,91,1007.9,1008.9,,,,0,,-.7
288,밀양,2026-02-22 08:00,5.4,,.2,0,91,1007.9,1008.9,.2,.1,,0,,3.8
288,밀양,2026-02-22 09:00,11,,.9,320,79,1006.9,1007.9,1,.7,,0,,18.2
288,밀양,2026-02-22 10:00,18,,2.2,230,58,1006.3,1007.3,1,1.48,,0,,27
288,밀양,2026-02-22 11:00,18.9,,2.8,230,51,1005.5,1006.5,.9,1.89,,0,,24.8
288,밀양,2026-02-22 12:00,20.3,,4,200,48,1004.2,1005.2,.9,2.05,,0,,28.8
288,밀양,2026-02-22 13:00,21.2,,4.2,200,48,1003.3,1004.3,1,2.47,,0,,28.5
288,밀양,2026-02-22 14:00,22.1,,4,180,43,1002.2,1003.2,.8,2.14,,0,,29.6
288,밀양,2026-02-22 15:00,23,,5.1,250,36,1001.7,1002.7,.9,1.85,,0,,29.4
288,밀양,2026-02-22 16:00,21.9,,4.9,230,41,1001.8,1002.8,.8,1.23,,0,,25.2
288,밀양,2026-02-22 17:00,19.3,,5.6,320,44,1003.8,1004.8,.4,.58,,2,,21
288,밀양,2026-02-22 18:00,17.4,,4.6,290,17,1005.8,1006.8,.1,.23,,0,,16.3
288,밀양,2026-02-22 19:00,15.1,,4.4,290,14,1008,1009,0,0,,0,,13.4
288,밀양,2026-02-22 20:00,12.5,,3.3,270,14,1009.8,1010.8,,,,0,,9.7
288,밀양,2026-02-22 21:00,10.3,,4,320,17,1011.8,1012.8,,,,0,,8.3
288,밀양,2026-02-22 22:00,8.9,,4,320,16,1013.4,1014.4,,,,0,,7
288,밀양,2026-02-22 23:00,7.8,,3.8,320,12,1014.7,1015.7,,,,0,,5.9
288,밀양,2026-02-23 00:00,6.2,,3.5,340,16,1016.1,1017.1,,,,0,,3.9
288,밀양,2026-02-23 01:00,5.8,,4.2,290,12,1017.2,1018.2,,,,0,,3.8
288,밀양,2026-02-23 02:00,4.4,,2.8,230,15,1018,1019,,,,0,,1.8
288,밀양,2026-02-23 03:00,2.8,,2.3,290,22,1018.7,1019.7,,,,0,,-1.2
288,밀양,2026-02-23 04:00,1.9,,1.7,290,31,1019,1020,,,,0,,-3.1
288,밀양,2026-02-23 05:00,1.4,,.6,320,38,1019.8,1020.9,,,,2,,-4.2
288,밀양,2026-02-23 06:00,-.9,,.5,230,46,1021.2,1022.3,,,,0,,-6.1
288,밀양,2026-02-23 07:00,-1.1,,.2,0,50,1021.8,1022.9,,,,3,,-7.3
288,밀양,2026-02-23 08:00,.6,,.3,0,47,1022.6,1023.7,.2,.12,,0,,-1.6
288,밀양,2026-02-23 09:00,4.9,,1.4,70,26,1022.8,1023.8,1,.8,,0,,12.5
288,밀양,2026-02-23 10:00,6.3,,2.5,70,19,1023,1024,1,1.56,,0,,15.9
288,밀양,2026-02-23 11:00,8.4,,4.1,320,11,1022.6,1023.6,1,2.19,,0,,18.5
288,밀양,2026-02-23 12:00,10,,3.7,320,10,1022.4,1023.4,1,2.58,,0,,20.5
288,밀양,2026-02-23 13:00,11.9,,3.6,320,9,1021.1,1022.1,1,2.74,,0,,22.4
288,밀양,2026-02-23 14:00,11.8,,2.7,320,8,1019.8,1020.8,1,2.27,,7,,18.9
288,밀양,2026-02-23 15:00,13.2,,4.4,290,8,1020,1021,.9,1.71,,4,,21.5
288,밀양,2026-02-23 16:00,12.8,,2.7,290,8,1019.8,1020.8,.8,1.23,,8,,15.8
288,밀양,2026-02-23 17:00,13.5,,2.2,320,8,1019.8,1020.8,.8,.91,,3,,18.4
288,밀양,2026-02-23 18:00,11.7,,2.7,290,8,1020.6,1021.6,.7,.36,,5,,10.2
288,밀양,2026-02-23 19:00,10.1,,3.6,290,6,1021.5,1022.5,0,.01,,5,,7.9
288,밀양,2026-02-23 20:00,7.6,,1.5,320,10,1021.9,1022.9,,,,4,,2.3
288,밀양,2026-02-23 21:00,5.1,,.2,0,16,1022,1023,,,,4,,-.9
288,밀양,2026-02-23 22:00,3.8,,.2,0,21,1022.2,1023.2,,,,6,,-.8
288,밀양,2026-02-23 23:00,2.9,,.5,270,25,1022.5,1023.5,,,,6,,-2.6
288,밀양,2026-02-24 00:00,1.8,,.4,0,30,1022.4,1023.5,,,,5,,-2.8
288,밀양,2026-02-24 01:00,.7,,.6,270,34,1022.5,1023.6,,,,6,,-3.1
288,밀양,2026-02-24 02:00,.3,,.7,320,37,1022.8,1023.9,,,,6,,-2.8
288,밀양,2026-02-24 03:00,.7,,.4,0,34,1022,1023.1,,,,6,,-4.3
288,밀양,2026-02-24 04:00,.9,,.3,0,37,1021.5,1022.6,,,,9,,-1.3
288,밀양,2026-02-24 05:00,1.5,,.6,200,35,1021.2,1022.3,,,,8,,-1.1
288,밀양,2026-02-24 06:00,3.3,,.5,270,25,1020.6,1021.6,,,,9,,-.5
288,밀양,2026-02-24 07:00,3.9,,.7,230,24,1020.9,1021.9,,,,9,,1.7
288,밀양,2026-02-24 08:00,5.1,,.9,160,26,1021.7,1022.7,0,.04,,10,,4.3
288,밀양,2026-02-24 09:00,6.2,,1.8,200,21,1021.5,1022.5,0,.19,,10,,7.3
288,밀양,2026-02-24 10:00,7.3,,1.1,110,19,1022.7,1023.7,0,.26,,10,,8.2
288,밀양,2026-02-24 11:00,6.5,,.4,0,24,1022.4,1023.4,0,.21,,10,,7.7
288,밀양,2026-02-24 12:00,7.1,,.6,140,25,1020.8,1021.8,0,.2,,10,,8.5
288,밀양,2026-02-24 13:00,4.2,,1.8,50,70,1021.1,1022.1,0,.22,,10,,2.2
288,밀양,2026-02-24 14:00,3.6,,.7,320,91,1020.6,1021.6,0,.17,,10,,3.6
288,밀양,2026-02-24 15:00,3.9,8.6,.6,90,91,1019.7,1020.7,0,.17,,10,,4.2
288,밀양,2026-02-24 16:00,3.9,,1.4,90,89,1019.7,1020.7,0,.15,,10,,4.1
288,밀양,2026-02-24 17:00,3.9,,.6,180,89,1020.5,1021.5,0,.09,,10,,3.5
288,밀양,2026-02-24 18:00,3.7,8.4,.3,0,89,1020.5,1021.5,0,.06,,10,,3.3
288,밀양,2026-02-24 19:00,3.9,,1.2,20,88,1020.6,1021.6,0,0,,10,,3.1
288,밀양,2026-02-24 20:00,3.8,,.6,90,90,1020.5,1021.5,,,,10,,3.2
288,밀양,2026-02-24 21:00,3.7,2.9,.6,320,91,1020.3,1021.3,,,,10,,3.2
288,밀양,2026-02-24 22:00,4.1,,1.6,360,87,1019.9,1020.9,,,,10,,3.2
288,밀양,2026-02-24 23:00,4.7,,1.9,340,85,1019.8,1020.8,,,,10,,3.6
288,밀양,2026-02-25 00:00,5.1,0,2.4,360,85,1019.7,1020.7,,,,9,,4.1
288,밀양,2026-02-25 01:00,5.3,,2.8,20,84,1019,1020,,,,9,,4
288,밀양,2026-02-25 02:00,5.6,,2.3,50,85,1018.9,1019.9,,,,9,,4.7
288,밀양,2026-02-25 03:00,6.1,,2.6,20,84,1018.7,1019.7,,,,10,,5.2
288,밀양,2026-02-25 04:00,6.5,,3.5,20,84,1018.4,1019.4,,,,9,,5.6
288,밀양,2026-02-25 05:00,6.9,,2.6,70,83,1018.4,1019.4,,,,9,,6.2
288,밀양,2026-02-25 06:00,7.4,,3.3,50,80,1018.7,1019.7,,,,9,,6.7
288,밀양,2026-02-25 07:00,7.6,,2.9,70,78,1019,1020,,,,9,,6.8
288,밀양,2026-02-25 08:00,8,,2.8,50,71,1019.9,1020.9,0,.06,,9,,7.9
288,밀양,2026-02-25 09:00,8.6,,3.5,20,66,1020,1021,.3,.6,,8,,11.1
288,밀양,2026-02-25 10:00,9.9,,3.2,20,59,1019.8,1020.8,.7,1.39,,5,,17.1
288,밀양,2026-02-25 11:00,10.4,,4.2,50,57,1020,1021,.6,1.7,,7,,15.8
288,밀양,2026-02-25 12:00,10.6,,5,50,58,1019.9,1020.9,.3,1.71,,8,,16.2
288,밀양,2026-02-25 13:00,10.7,,4.2,50,57,1019.2,1020.2,.3,1.82,,8,,15
288,밀양,2026-02-25 14:00,12,,3.9,70,48,1018.7,1019.7,.7,2.32,,1,,19.8
288,밀양,2026-02-25 15:00,12.2,,4.1,90,46,1019,1020,1,2.34,,1,,19.8
288,밀양,2026-02-25 16:00,11.5,,4.4,20,48,1019.4,1020.4,1,1.84,,0,,17.3
288,밀양,2026-02-25 17:00,10.5,,4.7,140,52,1019.7,1020.7,1,1.16,,0,,14.4
288,밀양,2026-02-25 18:00,9.3,,3.8,50,58,1020.2,1021.2,.8,.4,,0,,8.5
288,밀양,2026-02-25 19:00,8.7,,2.5,20,60,1020.8,1021.8,0,.01,,0,,6.7
288,밀양,2026-02-25 20:00,8.7,,2.1,50,63,1021.5,1022.5,,,,0,,6.6
288,밀양,2026-02-25 21:00,8.8,,2.6,20,64,1021.4,1022.4,,,,0,,7
288,밀양,2026-02-25 22:00,8.7,,1.9,50,65,1021.4,1022.4,,,,9,,6.7
288,밀양,2026-02-25 23:00,8.4,,1.6,50,68,1021.2,1022.2,,,,0,,5.4
288,밀양,2026-02-26 00:00,8.8,,1.1,20,66,1020.9,1021.9,,,,9,,7.3
288,밀양,2026-02-26 01:00,8.7,,1.3,50,67,1020.3,1021.3,,,,9,,6.9
288,밀양,2026-02-26 02:00,8,,1.5,20,69,1020.1,1021.1,,,,0,,5.1
288,밀양,2026-02-26 03:00,5.5,,.2,0,79,1019.6,1020.6,,,,9,,3.2
288,밀양,2026-02-26 04:00,5.4,,.2,0,79,1019.5,1020.5,,,,9,,3.8
288,밀양,2026-02-26 05:00,5.5,,.3,0,82,1019.5,1020.5,,,,9,,4.1
288,밀양,2026-02-26 06:00,5.6,,.5,110,82,1018.9,1019.9,,,,9,,4.7
288,밀양,2026-02-26 07:00,5,,.9,110,83,1018.9,1019.9,0,0,,0,,2.9
288,밀양,2026-02-26 08:00,6,,.8,110,81,1019.2,1020.2,.3,.18,,0,,7.9
288,밀양,2026-02-26 09:00,8,,.3,0,74,1019.2,1020.2,.4,.51,,9,,10.9
288,밀양,2026-02-26 10:00,10.2,,1,250,64,1019,1020,0,.63,,9,,13.6
288,밀양,2026-02-26 11:00,11.6,,1.5,90,57,1018.4,1019.4,0,.79,,10,,15.8
288,밀양,2026-02-26 12:00,11.7,,.6,320,56,1017.8,1018.8,0,.83,,10,,16.9
288,밀양,2026-02-26 13:00,12.1,,1.4,70,54,1016.3,1017.3,0,.79,,10,,15.8
288,밀양,2026-02-26 14:00,12.2,,2,90,60,1015.4,1016.4,0,.71,,10,,15.4
288,밀양,2026-02-26 15:00,12.3,,1.6,90,61,1015.2,1016.2,0,.48,,10,,14.3
288,밀양,2026-02-26 16:00,11.8,,1.7,50,63,1014.7,1015.7,0,.36,,10,,13.1
288,밀양,2026-02-26 17:00,10.6,,3.2,70,68,1015.1,1016.1,0,.19,,10,,10.7
288,밀양,2026-02-26 18:00,9.9,,2.3,50,72,1015.5,1016.5,0,.05,,10,,9.6
288,밀양,2026-02-26 19:00,9.6,,2,50,74,1015.5,1016.5,0,0,,10,,9
288,밀양,2026-02-26 20:00,9.3,,1.7,20,75,1015.7,1016.7,,,,10,,8.8
288,밀양,2026-02-26 21:00,9.1,,2.4,50,76,1015.5,1016.5,,,,10,,8.7
288,밀양,2026-02-26 22:00,9.1,,1.9,20,76,1015.4,1016.4,,,,10,,8.7
288,밀양,2026-02-26 23:00,9.1,,2.1,70,76,1015.5,1016.5,,,,10,,8.6
288,밀양,2026-02-27 00:00,9,,2.7,50,76,1015.1,1016.1,,,,10,,8.6
288,밀양,2026-02-27 01:00,8.9,,2.5,50,76,1015.2,1016.2,,,,10,,8.5
288,밀양,2026-02-27 02:00,8.5,,2.3,20,77,1014.2,1015.2,,,,10,,8.1
288,밀양,2026-02-27 03:00,8.5,,2,340,77,1014.1,1015.1,,,,10,,8
288,밀양,2026-02-27 04:00,8.6,,1.4,340,76,1013.5,1014.5,,,,10,,8
288,밀양,2026-02-27 05:00,8.4,,1.7,50,76,1013,1014,,,,10,,6.7
288,밀양,2026-02-27 06:00,7.3,.6,.8,320,86,1013.3,1014.3,,,,10,,6.3
288,밀양,2026-02-27 07:00,7,,.4,0,89,1013.7,1014.7,0,0,,10,,6.2
288,밀양,2026-02-27 08:00,7.2,,2.3,320,88,1013.8,1014.8,0,.01,,10,,6.5
288,밀양,2026-02-27 09:00,7.8,3.3,1.3,20,86,1013.8,1014.8,0,.1,,10,,7.4
288,밀양,2026-02-27 10:00,8.4,,2.4,320,81,1014.1,1015.1,0,.15,,10,,7.8
288,밀양,2026-02-27 11:00,8.8,,2.3,360,81,1013.9,1014.9,0,.31,,10,,9.5
288,밀양,2026-02-27 12:00,9.3,0,2.4,50,77,1013.4,1014.4,0,.69,,10,,10.4
288,밀양,2026-02-27 13:00,9.6,,2.5,50,76,1012.3,1013.3,0,.69,,10,,12
288,밀양,2026-02-27 14:00,10.3,,2.9,50,70,1012,1013,0,.96,,10,,14.1
288,밀양,2026-02-27 15:00,10.4,0,2.8,50,71,1011.8,1012.8,0,1.07,,10,,15.1
288,밀양,2026-02-27 16:00,10.3,,3.2,70,68,1011.9,1012.9,0,.84,,9,,12.8
288,밀양,2026-02-27 17:00,10.1,,2.6,360,68,1012.4,1013.4,0,.37,,9,,11.4
288,밀양,2026-02-27 18:00,9.6,,2.6,20,68,1012.5,1013.5,0,.13,,9,,9.5
288,밀양,2026-02-27 19:00,9.1,,2,20,68,1012.6,1013.6,0,.01,,9,,8.4
288,밀양,2026-02-27 20:00,8.3,,2.3,50,68,1013.1,1014.1,,,,0,,6.3
288,밀양,2026-02-27 21:00,6.5,,.9,50,77,1014.2,1015.2,,,,0,,3.8
288,밀양,2026-02-27 22:00,7.5,,1.1,360,70,1015,1016,,,,9,,6.4
288,밀양,2026-02-27 23:00,6.9,,.8,360,76,1015.6,1016.6,,,,9,,5.4
288,밀양,2026-02-28 00:00,4.9,,.4,0,85,1015.9,1016.9,,,,0,,2.2
288,밀양,2026-02-28 01:00,3.5,,.8,230,89,1016.4,1017.4,,,,0,,.5
288,밀양,2026-02-28 02:00,4.6,,1,90,82,1016.4,1017.4,,,,0,,1.1
288,밀양,2026-02-28 03:00,2,,.3,0,90,1016.5,1017.5,,,,0,,-1.7
288,밀양,2026-02-28 04:00,1.6,,.6,320,92,1017.3,1018.3,,,,0,,-2.3
288,밀양,2026-02-28 05:00,1.4,,.6,140,91,1017.5,1018.5,,,,0,,-2.1
288,밀양,2026-02-28 06:00,.1,,.4,0,94,1018.7,1019.8,,,,0,,-3.2
288,밀양,2026-02-28 07:00,.5,,.7,70,93,1019.6,1020.7,0,0,,0,,-2.9
288,밀양,2026-02-28 08:00,2,,.7,20,91,1020.4,1021.5,.3,.2,,0,,.3
288,밀양,2026-02-28 09:00,4.7,,.7,230,80,1020.4,1021.4,1,.84,,0,,11.7
288,밀양,2026-02-28 10:00,8.1,,1,270,69,1020.3,1021.3,1,1.58,,0,,18.3
288,밀양,2026-02-28 11:00,11.1,,1.8,70,57,1020.1,1021.1,1,2.15,,0,,19.8
288,밀양,2026-02-28 12:00,11.7,,2.9,70,53,1019.8,1020.8,.9,2.35,,4,,21.9
288,밀양,2026-02-28 13:00,11.7,,3.7,70,57,1019.7,1020.7,1,2.68,,6,,20.7
288,밀양,2026-02-28 14:00,10.5,,3.2,70,58,1019.7,1020.7,.9,2.52,,6,,17.2
288,밀양,2026-02-28 15:00,10.6,,2.8,50,56,1020.1,1021.1,.6,1.88,,8,,15.6
288,밀양,2026-02-28 16:00,10.1,,2.7,70,59,1020.4,1021.4,0,.88,,8,,13.3
288,밀양,2026-02-28 17:00,9.6,,2.5,70,62,1020.7,1021.7,0,.54,,9,,11.2
288,밀양,2026-02-28 18:00,8.9,,3.5,360,65,1021.4,1022.4,0,.13,,9,,8.9
288,밀양,2026-02-28 19:00,8.7,,2.7,50,66,1021.9,1022.9,0,.01,,9,,8.4
288,밀양,2026-02-28 20:00,8.7,,1.3,70,65,1022.3,1023.3,,,,9,,8
288,밀양,2026-02-28 21:00,8.2,,1.1,70,67,1022.6,1023.6,,,,9,,7.1
288,밀양,2026-02-28 22:00,8.1,,1.6,20,65,1023.2,1024.2,,,,9,,6.8
288,밀양,2026-02-28 23:00,7.9,,1,340,68,1023,1024,,,,9,,6.4
288,밀양,2026-03-01 00:00,8,,.6,50,69,1023.2,1024.2,,,,9,,6.7
288,밀양,2026-03-01 01:00,8.3,,.5,70,69,1023.2,1024.2,,,,9,,7.3
288,밀양,2026-03-01 02:00,8.3,,1.6,320,70,1023.7,1024.7,,,,10,,7.4
288,밀양,2026-03-01 03:00,8,,.8,90,71,1023.4,1024.4,,,,9,,7.2
288,밀양,2026-03-01 04:00,7.8,,1.4,70,71,1022.3,1023.3,,,,4,,4.8
288,밀양,2026-03-01 05:00,6,,.4,0,79,1022.9,1023.9,,,,6,,3.5
288,밀양,2026-03-01 06:00,5.1,,.4,0,82,1022.5,1023.5,,,,6,,1.7
288,밀양,2026-03-01 07:00,4.9,,.9,110,82,1022,1023,0,0,,9,,3.1
288,밀양,2026-03-01 08:00,5.9,,.5,90,79,1022,1023,.1,.13,,4,,6.2
288,밀양,2026-03-01 09:00,8.2,,.3,0,70,1022,1023,1,.71,,5,,14.9
288,밀양,2026-03-01 10:00,11,,1.4,270,57,1021.7,1022.7,1,1.43,,9,,22.1
288,밀양,2026-03-01 11:00,11.5,,1.7,360,59,1021.4,1022.4,.3,1.44,,9,,17.6
288,밀양,2026-03-01 12:00,11.3,,2.4,90,59,1021,1022,0,.75,,9,,14.9
288,밀양,2026-03-01 13:00,10.8,,3.5,50,59,1021.5,1022.5,0,.62,,9,,12.8
288,밀양,2026-03-01 14:00,10.2,,2.9,70,61,1022.2,1023.2,0,.37,,10,,11.7
288,밀양,2026-03-01 15:00,11,,2.4,50,59,1021.5,1022.5,0,.61,,9,,14.7
288,밀양,2026-03-01 16:00,10.4,,3.3,50,59,1020.8,1021.8,0,.53,,9,,13.2
288,밀양,2026-03-01 17:00,10.1,,1.7,50,59,1021.3,1022.3,0,.41,,9,,11.4
288,밀양,2026-03-01 18:00,9.2,,2.2,50,61,1022.4,1023.4,0,.11,,10,,8.9
288,밀양,2026-03-01 19:00,8.8,,2.5,50,63,1022.6,1023.6,0,0,,9,,8.2
288,밀양,2026-03-01 20:00,8.5,,3.1,50,61,1022.6,1023.6,,,,10,,7.7
288,밀양,2026-03-01 21:00,8.3,,2.1,50,60,1022.1,1023.1,,,,10,,7.3
288,밀양,2026-03-01 22:00,8.1,,1.4,50,61,1021.9,1022.9,,,,8,,6.4
288,밀양,2026-03-01 23:00,8.2,,1.3,20,61,1021.9,1022.9,,,,10,,6.9
288,밀양,2026-03-02 00:00,8.3,,1.3,70,62,1021.2,1022.2,,,,10,,7.1
288,밀양,2026-03-02 01:00,8.5,,1.4,70,63,1021.1,1022.1,,,,10,,7.4
288,밀양,2026-03-02 02:00,8.6,,1.7,50,62,1021.2,1022.2,,,,10,,7.7
288,밀양,2026-03-02 03:00,8.5,,1.2,70,64,1020.6,1021.6,,,,10,,7.7
288,밀양,2026-03-02 04:00,8.7,,1.9,20,65,1020.2,1021.2,,,,10,,7.9
288,밀양,2026-03-02 05:00,8.8,,2.2,50,66,1019.6,1020.6,,,,10,,8.1
288,밀양,2026-03-02 06:00,9,0,1.2,50,67,1019.3,1020.3,,,,10,,8.1
288,밀양,2026-03-02 07:00,8.9,,1.9,70,70,1019.2,1020.2,0,0,,10,,6.4
288,밀양,2026-03-02 08:00,8.7,,1.6,70,72,1019.5,1020.5,0,.01,,10,,6.4
288,밀양,2026-03-02 09:00,7.8,.4,2.1,50,78,1019.8,1020.8,0,.1,,10,,6.5
288,밀양,2026-03-02 10:00,7.2,,2.3,50,83,1020.1,1021.1,0,.18,,10,,7
288,밀양,2026-03-02 11:00,7.4,,2.7,50,80,1019.6,1020.6,0,.35,,10,,7.4
288,밀양,2026-03-02 12:00,7.6,1.8,1.8,20,80,1019.3,1020.3,0,.31,,10,,7.3
288,밀양,2026-03-02 13:00,7.8,,1.9,50,81,1018.3,1019.3,0,.37,,10,,7.8
288,밀양,2026-03-02 14:00,8.1,,1.6,20,79,1016.9,1017.9,0,.38,,10,,9.7
288,밀양,2026-03-02 15:00,8.4,.9,2.6,70,76,1015.8,1016.8,0,.57,,10,,7.8
288,밀양,2026-03-02 16:00,8.5,,1.9,50,73,1015.2,1016.2,0,.41,,10,,7.8
288,밀양,2026-03-02 17:00,8,,2.3,50,78,1014.8,1015.8,0,.13,,10,,6.7
288,밀양,2026-03-02 18:00,7.9,.7,2.1,20,79,1014.5,1015.5,0,.03,,10,,6.3
288,밀양,2026-03-02 19:00,7.4,,3,340,82,1014.4,1015.4,0,0,,10,,6
288,밀양,2026-03-02 20:00,7,,3.2,70,83,1015.1,1016.1,,,,10,,5.6
288,밀양,2026-03-02 21:00,7,7.9,4,70,82,1015.5,1016.5,,,,10,,5.6
288,밀양,2026-03-02 22:00,7,,3.9,50,82,1015.4,1016.4,,,,10,,5.5
288,밀양,2026-03-02 23:00,6.6,,3.8,20,83,1015.5,1016.5,,,,10,,5.2
288,밀양,2026-03-03 00:00,6.3,4.9,4.2,50,82,1015.1,1016.1,,,,10,,5
288,밀양,2026-03-03 01:00,6.6,,3.3,20,81,1014.9,1015.9,,,,10,,5.2
288,밀양,2026-03-03 02:00,7.1,,3.8,340,80,1014.6,1015.6,,,,8,,5.3
288,밀양,2026-03-03 03:00,7.8,1,2.2,70,78,1014.7,1015.7,,,,10,,6.2
288,밀양,2026-03-03 04:00,7.8,,3.4,140,79,1014.9,1015.9,,,,9,,6.5
288,밀양,2026-03-03 05:00,7.8,,2.9,50,79,1014.7,1015.7,,,,10,,6.5
288,밀양,2026-03-03 06:00,8.1,0,3.2,20,77,1015.2,1016.2,,,,9,,7.4
288,밀양,2026-03-03 07:00,8,,2.9,70,78,1015.4,1016.4,0,0,,9,,7.3
288,밀양,2026-03-03 08:00,8.5,,3.3,20,75,1016.3,1017.3,0,.1,,9,,8.4
288,밀양,2026-03-03 09:00,8.6,,2.4,50,76,1016.5,1017.5,0,.52,,9,,11.5
288,밀양,2026-03-03 10:00,8.8,,4,20,71,1017.1,1018.1,0,.67,,9,,10.4
288,밀양,2026-03-03 11:00,9.2,,3.5,50,68,1017.4,1018.4,.5,1.69,,9,,16.8
288,밀양,2026-03-03 12:00,10.4,,3.8,70,61,1018.1,1019.1,.7,2.54,,9,,18.2
288,밀양,2026-03-03 13:00,10.2,,2.8,50,64,1018,1019,.4,1.79,,9,,13.5
288,밀양,2026-03-03 14:00,10.4,,2.3,70,64,1017.8,1018.8,0,.66,,9,,14.1
288,밀양,2026-03-03 15:00,10.8,,2,50,58,1018.2,1019.2,.1,.89,,10,,14.8
288,밀양,2026-03-03 16:00,10.6,,3.6,50,57,1018.1,1019.1,0,.72,,8,,12.7
288,밀양,2026-03-03 17:00,10.7,,2.4,50,59,1018.6,1019.6,0,.46,,9,,11.5
288,밀양,2026-03-03 18:00,10.1,,2.4,70,61,1019.6,1020.6,0,.15,,9,,9.9
288,밀양,2026-03-03 19:00,9.4,,1.1,20,63,1020.2,1021.2,0,.01,,9,,8.6
288,밀양,2026-03-03 20:00,8.8,,1,110,64,1020.6,1021.6,,,,7,,7.8
288,밀양,2026-03-03 21:00,7.4,,1,50,69,1021.2,1022.2,,,,0,,4.2
288,밀양,2026-03-03 22:00,6.2,,.2,0,72,1021.9,1022.9,,,,0,,2.5
288,밀양,2026-03-03 23:00,6.4,,.6,110,71,1022.1,1023.1,,,,7,,5.1
288,밀양,2026-03-04 00:00,6.7,,.3,0,69,1022.2,1023.2,,,,9,,4.7
288,밀양,2026-03-04 01:00,6.5,,1,90,71,1022.4,1023.4,,,,9,,5.6
288,밀양,2026-03-04 02:00,6,,.1,0,76,1022.5,1023.5,,,,9,,4.9
288,밀양,2026-03-04 03:00,6.1,,1,70,72,1021.9,1022.9,,,,7,,4.3
288,밀양,2026-03-04 04:00,3.8,,1,320,83,1021.7,1022.7,,,,2,,1.9
288,밀양,2026-03-04 05:00,4,,.2,0,83,1021.5,1022.5,,,,9,,2.7
288,밀양,2026-03-04 06:00,2.5,,1.1,320,88,1021.9,1022.9,,,,0,,-.4
288,밀양,2026-03-04 07:00,2.1,,0,0,90,1022,1023.1,0,0,,0,,-2
288,밀양,2026-03-04 08:00,3.5,,.5,270,84,1022.7,1023.7,.4,.25,,0,,4.1
288,밀양,2026-03-04 09:00,6.1,,1,230,73,1022.4,1023.4,1,.97,,0,,15.1
288,밀양,2026-03-04 10:00,8.5,,1,230,60,1022.1,1023.1,1,1.7,,0,,19.9
288,밀양,2026-03-04 11:00,10.6,,1.4,340,53,1021.9,1022.9,1,2.27,,4,,22.5
288,밀양,2026-03-04 12:00,12.1,,1.3,290,46,1021.4,1022.4,1,2.67,,3,,22.7
288,밀양,2026-03-04 13:00,13.2,,1.9,140,42,1020.4,1021.4,1,2.98,,6,,24.5
288,밀양,2026-03-04 14:00,13.3,,1.3,270,40,1019.8,1020.8,1,2.84,,2,,25.1
288,밀양,2026-03-04 15:00,14,,1.1,250,36,1019.8,1020.8,1,2.48,,2,,24.9
288,밀양,2026-03-04 16:00,14.3,,1.5,250,32,1019.3,1020.3,1,1.86,,0,,23.1
288,밀양,2026-03-04 17:00,14,,1.8,320,31,1019.3,1020.3,1,1.13,,0,,19.6
288,밀양,2026-03-04 18:00,12.8,,.7,320,38,1019.6,1020.6,.9,.41,,0,,11.8
288,밀양,2026-03-04 19:00,10.6,,3.1,160,58,1020.4,1021.4,0,.02,,0,,9.2
288,밀양,2026-03-04 20:00,9.4,,2.4,180,65,1021,1022,,,,0,,7.8
288,밀양,2026-03-04 21:00,8.3,,.3,0,72,1022,1023,,,,0,,5.4
288,밀양,2026-03-04 22:00,5.8,,.8,320,79,1022.6,1023.6,,,,0,,3.2
288,밀양,2026-03-04 23:00,4.5,,.2,0,84,1022.9,1023.9,,,,0,,1.5
288,밀양,2026-03-05 00:00,3.8,,.2,0,88,1023,1024,,,,0,,0
288,밀양,2026-03-05 01:00,4.5,,1.8,70,82,1023.3,1024.3,,,,0,,2
288,밀양,2026-03-05 02:00,3.9,,1.4,20,84,1023.3,1024.3,,,,0,,2.3
288,밀양,2026-03-05 03:00,3.1,,1.3,70,86,1022.6,1023.6,,,,0,,1.5
288,밀양,2026-03-05 04:00,3.1,,1.5,50,87,1022,1023,,,,0,,1.6
288,밀양,2026-03-05 05:00,1.9,,1.1,340,91,1022.4,1023.5,,,,0,,.3
288,밀양,2026-03-05 06:00,2.9,,.2,0,89,1023.2,1024.2,,,,9,,2.3
288,밀양,2026-03-05 07:00,2.9,,2.2,70,88,1023.2,1024.2,0,0,,9,,2.8
288,밀양,2026-03-05 08:00,3.7,,1.1,70,86,1023.7,1024.7,0,.09,,9,,4.7
288,밀양,2026-03-05 09:00,4.8,,.8,270,85,1024.1,1025.1,0,.33,,9,,7.8
288,밀양,2026-03-05 10:00,6.3,,1.4,70,78,1024.1,1025.1,0,.71,,9,,10.8
288,밀양,2026-03-05 11:00,9.4,,1.3,360,67,1023.4,1024.4,0,1.47,,7,,18.1
288,밀양,2026-03-05 12:00,11.4,,1.1,320,61,1022.4,1023.4,.4,2.03,,8,,21.4
288,밀양,2026-03-05 13:00,12.7,,2.3,200,53,1021.2,1022.2,.6,2.12,,7,,18.7
288,밀양,2026-03-05 14:00,13.9,,2.8,230,50,1020.1,1021.1,.7,2.25,,6,,23.8
288,밀양,2026-03-05 15:00,14.3,,2.3,230,50,1019.6,1020.6,1,2.34,,4,,23.5
288,밀양,2026-03-05 16:00,14,,2.1,200,54,1019.6,1020.6,1,1.64,,7,,20.1
288,밀양,2026-03-05 17:00,13.2,,1.9,230,56,1019.9,1020.9,.1,.52,,9,,14.3
288,밀양,2026-03-05 18:00,11.7,,2.9,160,61,1019.4,1020.4,0,.19,,4,,11.4
288,밀양,2026-03-05 19:00,10.9,,2,160,64,1019.2,1020.2,0,.02,,7,,10
288,밀양,2026-03-05 20:00,10.5,,1.5,200,65,1019.7,1020.7,,,,9,,9.6
288,밀양,2026-03-05 21:00,10.2,,1.6,140,67,1019.3,1020.3,,,,10,,9.6
288,밀양,2026-03-05 22:00,10,,1.4,160,69,1018.7,1019.7,,,,10,,9.2
288,밀양,2026-03-05 23:00,9.8,,.3,0,68,1018.3,1019.3,,,,10,,8.7
288,밀양,2026-03-06 00:00,9.6,0,.7,90,71,1017.5,1018.5,,,,10,,8.4
288,밀양,2026-03-06 01:00,7.7,,.8,340,88,1017.1,1018.1,,,,10,,7
288,밀양,2026-03-06 02:00,7.3,,1,320,93,1016.5,1017.5,,,,10,,6.9
288,밀양,2026-03-06 03:00,7.4,1.7,.6,20,93,1016.1,1017.1,,,,10,,7.1
288,밀양,2026-03-06 04:00,7.3,,.1,0,94,1015.8,1016.8,,,,10,,7.1
288,밀양,2026-03-06 05:00,7.2,,0,0,94,1015,1016,,,,10,,6.9
288,밀양,2026-03-06 06:00,7.4,.1,.3,0,94,1014.9,1015.9,,,,9,,7
288,밀양,2026-03-06 07:00,7.7,,1.5,20,91,1015,1016,0,0,,10,,7.1
288,밀양,2026-03-06 08:00,6.7,,2.3,340,77,1016.6,1017.6,0,.04,,10,,6
288,밀양,2026-03-06 09:00,6.6,,1.8,320,74,1017.2,1018.2,0,.25,,10,,6.9
288,밀양,2026-03-06 10:00,6.4,,1.6,50,68,1017.4,1018.4,0,.58,,10,,8.5
288,밀양,2026-03-06 11:00,7.9,,3.3,320,61,1017.7,1018.7,.2,.99,,8,,13.3
288,밀양,2026-03-06 12:00,8.9,,4.5,320,51,1017.4,1018.4,.6,1.95,,7,,16.4
288,밀양,2026-03-06 13:00,10.5,,3.5,340,49,1016.8,1017.8,.8,2.23,,6,,17.4
288,밀양,2026-03-06 14:00,11.7,,5.1,320,42,1016,1017,.9,2.62,,5,,20.5
288,밀양,2026-03-06 15:00,10.5,,4.8,320,37,1016.2,1017.2,.3,1.25,,3,,13.1
288,밀양,2026-03-06 16:00,10.4,,5.4,320,39,1016.3,1017.3,.6,1.36,,3,,16.1
288,밀양,2026-03-06 17:00,9.3,,3.7,290,41,1016.5,1017.5,.1,.37,,7,,9.6
288,밀양,2026-03-06 18:00,8.4,,4.2,290,43,1017.2,1018.2,.6,.28,,3,,7.9
288,밀양,2026-03-06 19:00,7.1,,2.7,290,46,1017.9,1018.9,0,.02,,2,,5.4
288,밀양,2026-03-06 20:00,5.8,,2.4,270,53,1018.5,1019.5,,,,0,,4.1
288,밀양,2026-03-06 21:00,5.3,,2.6,320,53,1018.8,1019.8,,,,0,,3.4
288,밀양,2026-03-06 22:00,4.3,,3,290,55,1019.5,1020.5,,,,0,,2.8
288,밀양,2026-03-06 23:00,2.8,,2.1,340,63,1019.9,1020.9,,,,0,,.8
288,밀양,2026-03-07 00:00,2.1,,2.6,290,62,1020.3,1021.3,,,,0,,-.2
288,밀양,2026-03-07 01:00,2.1,,2.4,290,60,1021,1022.1,,,,0,,0
288,밀양,2026-03-07 02:00,1.4,,2.8,290,62,1022.2,1023.3,,,,0,,-.8
288,밀양,2026-03-07 03:00,0,,2,320,68,1021.8,1022.9,,,,0,,-2.1
288,밀양,2026-03-07 04:00,.1,,.5,110,67,1021.3,1022.4,,,,0,,-2.9
288,밀양,2026-03-07 05:00,.2,,.3,0,63,1021.6,1022.7,,,,0,,-2.9
288,밀양,2026-03-07 06:00,-.8,,.9,320,72,1022.3,1023.4,,,,0,,-4
288,밀양,2026-03-07 07:00,-1.2,,.6,290,73,1023.3,1024.4,0,0,,6,,-4.4
288,밀양,2026-03-07 08:00,.5,,1,290,67,1024.4,1025.5,.1,.25,,6,,1.5
288,밀양,2026-03-07 09:00,1.6,,3.1,290,57,1025,1026.1,.4,.69,,8,,4.4
288,밀양,2026-03-07 10:00,3.1,,3.8,320,50,1024.6,1025.7,.7,1.27,,8,,9.8
288,밀양,2026-03-07 11:00,4.3,,4.1,320,47,1024.3,1025.3,1,2.04,,8,,11.5
288,밀양,2026-03-07 12:00,6.5,,2.9,290,37,1023.5,1024.5,1,2.51,,4,,16.3
288,밀양,2026-03-07 13:00,7.6,,4.1,290,33,1022.7,1023.7,1,2.98,,0,,16.8
288,밀양,2026-03-07 14:00,9.1,,4.8,320,26,1021.6,1022.6,1,2.87,,0,,18.1
288,밀양,2026-03-07 15:00,9.7,,4.7,340,21,1021.2,1022.2,1,2.54,,0,,18.2
288,밀양,2026-03-07 16:00,9.6,,4.1,360,22,1021,1022,1,2.02,,0,,16.8
288,밀양,2026-03-07 17:00,9.2,,3.5,20,24,1021.2,1022.2,1,1.3,,0,,14.5
288,밀양,2026-03-07 18:00,7.5,,4.3,270,27,1021.8,1022.8,1,.5,,0,,6.8
288,밀양,2026-03-07 19:00,5.9,,2.1,320,32,1022.6,1023.6,0,.03,,0,,3.3
288,밀양,2026-03-07 20:00,3.6,,1.5,290,42,1023.2,1024.2,,,,0,,.4
288,밀양,2026-03-07 21:00,2.4,,1,340,47,1024,1025.1,,,,0,,-1.6
288,밀양,2026-03-07 22:00,.5,,.2,0,59,1025.1,1026.2,,,,0,,-3.4
288,밀양,2026-03-07 23:00,.3,,.2,0,58,1025.6,1026.7,,,,0,,-4.5
288,밀양,2026-03-08 00:00,-.6,,.2,0,63,1026.2,1027.3,,,,0,,-5
288,밀양,2026-03-08 01:00,-.9,,.7,270,59,1025.8,1026.9,,,,0,,-4.6
288,밀양,2026-03-08 02:00,-2.3,,.4,0,69,1026,1027.1,,,,0,,-5.7
288,밀양,2026-03-08 03:00,-3,,.4,0,74,1026.2,1027.3,,,,0,,-6.4
288,밀양,2026-03-08 04:00,-3.3,,.4,0,76,1026.3,1027.4,,,,0,,-6.6
288,밀양,2026-03-08 05:00,-2.9,,.4,0,69,1026.2,1027.3,,,,0,,-6.2
288,밀양,2026-03-08 06:00,-3.9,,.6,320,76,1026.3,1027.4,,,,0,,-6.7
288,밀양,2026-03-08 07:00,-4.2,,1.6,320,79,1026.5,1027.6,0,0,,0,,-6
288,밀양,2026-03-08 08:00,-1.2,,.6,70,66,1026.5,1027.6,.5,.31,,0,,3.2
288,밀양,2026-03-08 09:00,1.7,,.7,90,54,1026.6,1027.7,1,1.05,,5,,10.3
288,밀양,2026-03-08 10:00,4,,1,250,41,1026.1,1027.1,1,1.79,,5,,14.7
288,밀양,2026-03-08 11:00,6.9,,.8,340,31,1025.8,1026.8,1,2.42,,0,,19
288,밀양,2026-03-08 12:00,9.3,,2.4,110,35,1025.1,1026.1,1,2.84,,3,,18.8
288,밀양,2026-03-08 13:00,10.6,,2.3,140,23,1024.1,1025.1,1,2.8,,7,,20.4
288,밀양,2026-03-08 14:00,10.8,,1.7,90,21,1022.8,1023.8,1,2.72,,8,,20.1
288,밀양,2026-03-08 15:00,11.8,,1.6,110,17,1022,1023,1,2.43,,5,,22.6
288,밀양,2026-03-08 16:00,11.9,,1.7,230,13,1021.8,1022.8,1,1.81,,6,,20.3
288,밀양,2026-03-08 17:00,11.5,,1.1,160,17,1021.2,1022.2,.8,.97,,8,,14.9
288,밀양,2026-03-08 18:00,10.3,,1.6,180,24,1021.8,1022.8,.1,.31,,8,,9.8
288,밀양,2026-03-08 19:00,9.4,,2,180,25,1022.1,1023.1,0,.03,,10,,7.8
288,밀양,2026-03-08 20:00,8.2,,1.2,180,30,1022.6,1023.6,,,,5,,5.6
288,밀양,2026-03-08 21:00,4.7,,.9,270,50,1023.2,1024.2,,,,5,,1.1
288,밀양,2026-03-08 22:00,3.7,,.9,270,55,1023.5,1024.5,,,,0,,-.5
288,밀양,2026-03-08 23:00,2.1,,.5,320,64,1023.4,1024.5,,,,0,,-2.1
288,밀양,2026-03-09 00:00,.8,,.5,320,72,1024,1025.1,,,,7,,-2.3
288,밀양,2026-03-09 01:00,.7,,1.2,290,68,1023.7,1024.8,,,,0,,-2.2
288,밀양,2026-03-09 02:00,0,,1,340,74,1023.9,1025,,,,6,,-3.9
288,밀양,2026-03-09 03:00,-.8,,1.4,320,75,1023.6,1024.7,,,,0,,-3.2
288,밀양,2026-03-09 04:00,-1.1,,.9,20,77,1023.7,1024.8,,,,0,,-4.3
288,밀양,2026-03-09 05:00,-.3,,.2,0,68,1023.8,1024.9,,,,4,,-3.9
288,밀양,2026-03-09 06:00,-.6,,.3,0,71,1023.6,1024.7,,,,6,,-4
288,밀양,2026-03-09 07:00,-.9,,.3,0,73,1023.6,1024.7,0,0,,6,,-3.3
288,밀양,2026-03-09 08:00,1.9,,.2,0,64,1024,1025.1,.3,.24,,2,,3.9
288,밀양,2026-03-09 09:00,5.4,,.8,290,43,1023.8,1024.8,1,.92,,0,,12.6
288,밀양,2026-03-09 10:00,7.1,,1.6,20,40,1023.6,1024.6,1,1.63,,4,,16.7
288,밀양,2026-03-09 11:00,8.4,,3.2,290,33,1023.2,1024.2,.9,2.31,,4,,17.9
288,밀양,2026-03-09 12:00,9.8,,5.4,320,36,1022.9,1023.9,1,2.68,,5,,19.6
288,밀양,2026-03-09 13:00,9.9,,3.8,290,38,1022.1,1023.1,.7,2.56,,6,,17.8
288,밀양,2026-03-09 14:00,9.8,,3.6,320,39,1021.2,1022.2,.7,2.17,,6,,19.8
288,밀양,2026-03-09 15:00,10.4,,3.7,50,37,1020.8,1021.8,.4,1.42,,7,,16.9
288,밀양,2026-03-09 16:00,9.7,,4.6,320,39,1021,1022,.7,1.63,,6,,16
288,밀양,2026-03-09 17:00,8,,4,320,39,1021.5,1022.5,.4,.73,,5,,9.5
288,밀양,2026-03-09 18:00,7.7,,3.8,320,40,1022.1,1023.1,.8,.43,,5,,7.3
288,밀양,2026-03-09 19:00,6.3,,2.4,320,46,1022.9,1023.9,0,.02,,0,,3.8
288,밀양,2026-03-09 20:00,4.9,,2,290,54,1023.7,1024.7,,,,0,,1
288,밀양,2026-03-09 21:00,3.2,,.3,0,61,1024.4,1025.4,,,,0,,-1.7
288,밀양,2026-03-09 22:00,1.8,,.7,290,68,1024.9,1026,,,,0,,-2.8
288,밀양,2026-03-09 23:00,.6,,.5,250,75,1024.9,1026,,,,0,,-2
288,밀양,2026-03-10 00:00,.3,,.2,0,76,1025.1,1026.2,,,,0,,-4
288,밀양,2026-03-10 01:00,.1,,.5,290,77,1025.4,1026.5,,,,0,,-4.2
288,밀양,2026-03-10 02:00,-.6,,.6,320,78,1025.3,1026.4,,,,0,,-4.2
288,밀양,2026-03-10 03:00,-.8,,.2,0,79,1025.4,1026.5,,,,0,,-5
288,밀양,2026-03-10 04:00,-1.8,,1.3,340,81,1025.2,1026.3,,,,0,,-4
288,밀양,2026-03-10 05:00,-2.3,,.1,0,84,1025.3,1026.4,,,,0,,-5.5
288,밀양,2026-03-10 06:00,-1.2,,1.1,50,81,1025.6,1026.7,,,,0,,-3.6
288,밀양,2026-03-10 07:00,-1.8,,.3,0,84,1025.8,1026.9,0,0,,0,,-4.7
288,밀양,2026-03-10 08:00,-.7,,.7,320,80,1026.2,1027.3,.6,.3,,0,,2.6
288,밀양,2026-03-10 09:00,2.4,,.8,50,72,1026.3,1027.4,1,1,,0,,9.5
288,밀양,2026-03-10 10:00,5.6,,.7,90,57,1026,1027,1,1.7,,0,,15.8
288,밀양,2026-03-10 11:00,8.3,,1.8,140,40,1025.4,1026.4,1,2.35,,0,,20.1
288,밀양,2026-03-10 12:00,9.2,,1.7,90,38,1024.5,1025.5,1,2.72,,0,,21.9
288,밀양,2026-03-10 13:00,11,,1.7,160,36,1023.6,1024.6,1,2.86,,0,,22.3
288,밀양,2026-03-10 14:00,11.3,,1.7,160,27,1022.4,1023.4,1,2.79,,0,,21.9
288,밀양,2026-03-10 15:00,12.2,,1.4,160,25,1022,1023,1,2.47,,0,,21.3
288,밀양,2026-03-10 16:00,12.8,,2,110,22,1021.2,1022.2,1,1.94,,0,,20
288,밀양,2026-03-10 17:00,12,,1.6,230,22,1021.1,1022.1,1,1.26,,0,,17.9
288,밀양,2026-03-10 18:00,10.8,,2.1,180,32,1021.1,1022.1,1,.49,,0,,10.3
288,밀양,2026-03-10 19:00,8.9,,2.2,180,48,1021.6,1022.6,0,.04,,2,,7.4
288,밀양,2026-03-10 20:00,7.8,,1.6,160,58,1022.3,1023.3,,,,0,,5.5
288,밀양,2026-03-10 21:00,7.1,,1.2,160,60,1022.7,1023.7,,,,0,,3.7
288,밀양,2026-03-10 22:00,3.6,,.6,270,70,1023.1,1024.1,,,,4,,-.6
288,밀양,2026-03-10 23:00,2.4,,.8,270,75,1023,1024.1,,,,0,,-1.9
288,밀양,2026-03-11 00:00,1.5,,0,0,79,1023.1,1024.2,,,,6,,-3
288,밀양,2026-03-11 01:00,.8,,.1,0,81,1023.1,1024.2,,,,6,,-3.3
288,밀양,2026-03-11 02:00,0,,.4,0,85,1023.4,1024.5,,,,6,,-4
288,밀양,2026-03-11 03:00,-.6,,.1,0,86,1023.2,1024.3,,,,4,,-4.5
288,밀양,2026-03-11 04:00,-.8,,.7,340,87,1023.4,1024.5,,,,4,,-4.9
288,밀양,2026-03-11 05:00,-.9,,.2,0,86,1023.5,1024.6,,,,4,,-5.2
288,밀양,2026-03-11 06:00,-.6,,.7,90,86,1023.7,1024.8,,,,6,,-4.1
288,밀양,2026-03-11 07:00,-.2,,1.9,70,83,1023.7,1024.8,0,.01,,6,,-2.1
288,밀양,2026-03-11 08:00,.8,,.3,0,81,1024,1025.1,0,.26,,8,,.6
288,밀양,2026-03-11 09:00,2.7,,.3,0,73,1024.2,1025.3,.7,.79,,0,,10.5
288,밀양,2026-03-11 10:00,6.5,,.6,320,56,1024,1025,1,1.61,,2,,16.8
288,밀양,2026-03-11 11:00,9.6,,1,250,48,1023.2,1024.2,1,2.15,,0,,21.7
288,밀양,2026-03-11 12:00,11.6,,1.2,230,33,1022.5,1023.5,1,2.62,,0,,23.5
288,밀양,2026-03-11 13:00,12.7,,1.2,270,28,1021.5,1022.5,1,2.73,,0,,24.7
288,밀양,2026-03-11 14:00,14,,1.5,110,27,1020.2,1021.2,1,2.66,,0,,24.9
288,밀양,2026-03-11 15:00,14.4,,1.8,180,26,1019.6,1020.6,1,2.27,,1,,22.9
288,밀양,2026-03-11 16:00,14.5,,1.4,160,24,1019.1,1020.1,1,1.78,,0,,22.3
288,밀양,2026-03-11 17:00,13.9,,1.1,180,27,1019.2,1020.2,1,1.09,,0,,19
288,밀양,2026-03-11 18:00,12.7,,1.4,200,30,1019.6,1020.6,.8,.42,,0,,11.8
288,밀양,2026-03-11 19:00,10.7,,3.1,160,36,1020.5,1021.5,0,.02,,0,,9
288,밀양,2026-03-11 20:00,9.3,,.8,90,41,1021.2,1022.2,,,,0,,5.7
288,밀양,2026-03-11 21:00,5.4,,.5,320,60,1022.2,1023.2,,,,0,,2.5
288,밀양,2026-03-11 22:00,4.6,,.6,290,65,1022.5,1023.5,,,,0,,.6
288,밀양,2026-03-11 23:00,3.6,,.6,320,70,1022.8,1023.8,,,,0,,-.4
288,밀양,2026-03-12 00:00,2.8,,.1,0,74,1022.9,1023.9,,,,0,,-1.5
288,밀양,2026-03-12 01:00,3.4,,1.7,70,73,1023.1,1024.1,,,,0,,.6
288,밀양,2026-03-12 02:00,1.4,,.9,340,78,1023.2,1024.3,,,,0,,-1.2
288,밀양,2026-03-12 03:00,1.4,,.9,340,76,1023,1024.1,,,,0,,-.8
288,밀양,2026-03-12 04:00,.5,,.6,320,84,1022.9,1024,,,,5,,-1.6
288,밀양,2026-03-12 05:00,0,,.2,0,85,1022.8,1023.9,,,,0,,-3.2
288,밀양,2026-03-12 06:00,-.2,,.1,0,87,1023,1024.1,,,,0,,-4
288,밀양,2026-03-12 07:00,.2,,.2,0,86,1023.2,1024.3,0,0,,0,,-3
288,밀양,2026-03-12 08:00,.9,,.9,270,85,1023.7,1024.8,.5,.29,,0,,3.5
288,밀양,2026-03-12 09:00,4.2,,1,290,74,1023.8,1024.8,1,.92,,0,,11.6
288,밀양,2026-03-12 10:00,8.4,,1.1,250,57,1023.4,1024.4,1,1.6,,0,,18.8
288,밀양,2026-03-12 11:00,12.3,,1.5,270,46,1023.1,1024.1,1,2.24,,0,,24.1
288,밀양,2026-03-12 12:00,12.6,,3.1,70,41,1022.6,1023.6,.7,2.1,,7,,22
288,밀양,2026-03-12 13:00,13.1,,3.3,320,34,1021.8,1022.8,.6,2.4,,7,,19.8
288,밀양,2026-03-12 14:00,11.6,,1.1,360,45,1021.5,1022.5,.1,.96,,8,,16
288,밀양,2026-03-12 15:00,11.4,0,3.6,70,44,1021.7,1022.7,.1,1.11,,7,,15.4
288,밀양,2026-03-12 16:00,12,,3.1,50,39,1021.2,1022.2,.4,1.16,,5,,18.3
288,밀양,2026-03-12 17:00,10.2,,2.7,20,54,1021.9,1022.9,.4,.72,,7,,11.5
288,밀양,2026-03-12 18:00,9.7,0,1.6,320,56,1022.1,1023.1,0,.28,,4,,9.1
288,밀양,2026-03-12 19:00,9.3,,2.3,50,50,1022.8,1023.8,0,.02,,0,,6.9
288,밀양,2026-03-12 20:00,8.4,,2.1,50,57,1023.6,1024.6,,,,2,,6.2
288,밀양,2026-03-12 21:00,7.8,,2.5,70,60,1024.4,1025.4,,,,0,,5.9
288,밀양,2026-03-12 22:00,7.3,,3.2,70,67,1025.4,1026.4,,,,5,,6.7
288,밀양,2026-03-12 23:00,7.3,,3,90,63,1025.8,1026.8,,,,6,,6.4
288,밀양,2026-03-13 00:00,6.8,0,2.3,50,65,1025.8,1026.8,,,,0,,5
288,밀양,2026-03-13 01:00,6.4,,2.7,70,65,1026,1027,,,,0,,4.3
288,밀양,2026-03-13 02:00,6.2,,3.3,50,65,1026.3,1027.3,,,,2,,4.6
288,밀양,2026-03-13 03:00,5.6,,2.5,50,67,1026,1027,,,,3,,3.8
288,밀양,2026-03-13 04:00,5.6,,1.9,320,68,1025.7,1026.7,,,,3,,4.5
288,밀양,2026-03-13 05:00,5,,1.6,70,70,1025.9,1026.9,,,,0,,2.3
288,밀양,2026-03-13 06:00,4,,.9,270,73,1026.8,1027.8,,,,0,,.8
288,밀양,2026-03-13 07:00,4.3,,1.3,20,70,1026.9,1027.9,0,.01,,0,,1.6
288,밀양,2026-03-13 08:00,5,,.5,50,67,1027.7,1028.7,.2,.2,,7,,4.9
288,밀양,2026-03-13 09:00,6.5,,.7,160,59,1028.2,1029.2,.2,.59,,7,,10.8
288,밀양,2026-03-13 10:00,6.8,,2.1,50,55,1028.3,1029.3,0,.74,,8,,9.7
288,밀양,2026-03-13 11:00,7.8,,2.4,290,49,1027.9,1028.9,.4,1.51,,6,,13.3
288,밀양,2026-03-13 12:00,8.1,,4.1,70,47,1027.9,1028.9,.2,1.42,,7,,19.1
288,밀양,2026-03-13 13:00,9.3,,4.8,50,43,1027.5,1028.5,.7,2.43,,8,,16.5
288,밀양,2026-03-13 14:00,10.5,,3.1,20,43,1026.6,1027.6,.7,2.6,,7,,23.3
288,밀양,2026-03-13 15:00,8.7,,4.4,70,49,1026.5,1027.5,.3,1.37,,8,,11.4
288,밀양,2026-03-13 16:00,8.8,,3.2,160,47,1026.7,1027.7,.5,1.24,,3,,16.5
288,밀양,2026-03-13 17:00,8.7,,2.9,50,47,1026.8,1027.8,.8,1.29,,6,,10.3
288,밀양,2026-03-13 18:00,8.7,,3.2,70,42,1026.9,1027.9,1,.58,,0,,8.4
288,밀양,2026-03-13 19:00,7.4,,1.8,50,49,1027.1,1028.1,.1,.03,,0,,4.9
288,밀양,2026-03-13 20:00,6.3,,.8,50,54,1028,1029,,,,0,,2.2
288,밀양,2026-03-13 21:00,5.7,,1.4,20,54,1028.3,1029.3,,,,0,,1.8
288,밀양,2026-03-13 22:00,3.7,,.3,0,66,1028.6,1029.7,,,,0,,-.8
288,밀양,2026-03-13 23:00,2.2,,.7,320,72,1028.9,1030,,,,0,,-1.8
288,밀양,2026-03-14 00:00,1.7,,.4,0,75,1028.5,1029.6,,,,0,,-2.9
288,밀양,2026-03-14 01:00,1.8,,.4,0,74,1028.4,1029.5,,,,0,,-3.2
288,밀양,2026-03-14 02:00,1.3,,.3,0,76,1028.2,1029.3,,,,0,,-3.7
288,밀양,2026-03-14 03:00,-.5,,1.2,20,82,1028,1029.1,,,,0,,-3.5
288,밀양,2026-03-14 04:00,.2,,1.3,70,79,1027.6,1028.7,,,,0,,-2.4
288,밀양,2026-03-14 05:00,-.5,,1.1,50,81,1027.9,1029,,,,0,,-2.7
288,밀양,2026-03-14 06:00,-.9,,1.2,50,85,1028.2,1029.3,,,,0,,-3.7
288,밀양,2026-03-14 07:00,-.7,,1.5,50,83,1028.5,1029.6,0,.01,,0,,-1.9
288,밀양,2026-03-14 08:00,.7,,1,70,79,1028.7,1029.8,.6,.34,,1,,5.5
288,밀양,2026-03-14 09:00,4,,1.5,360,66,1028.8,1029.9,1,1.11,,0,,13
288,밀양,2026-03-14 10:00,6.6,,.8,320,55,1028.1,1029.1,1,1.87,,0,,18.5
288,밀양,2026-03-14 11:00,9.3,,1,340,45,1027.3,1028.3,1,2.43,,5,,22.1
288,밀양,2026-03-14 12:00,11.2,,1.7,270,39,1026.5,1027.5,1,2.82,,0,,23.7
288,밀양,2026-03-14 13:00,12.5,,1.8,110,33,1025.1,1026.1,1,3,,0,,25.2
288,밀양,2026-03-14 14:00,14.6,,1,200,30,1024,1025,1,2.91,,0,,27.9
288,밀양,2026-03-14 15:00,15,,1.4,270,27,1023.1,1024.1,1,2.66,,0,,26.8
288,밀양,2026-03-14 16:00,14.8,,1.9,160,30,1022.8,1023.8,.8,1.76,,0,,20.9
288,밀양,2026-03-14 17:00,14.1,,1.3,230,33,1023,1024,.5,1.02,,6,,16.7
288,밀양,2026-03-14 18:00,12.3,,3.9,140,43,1023.3,1024.3,0,.21,,8,,12.5
288,밀양,2026-03-14 19:00,10.5,,2.7,180,48,1023.8,1024.8,0,.04,,0,,9.1
288,밀양,2026-03-14 20:00,9.6,,1,180,55,1024.5,1025.5,,,,0,,6.9
288,밀양,2026-03-14 21:00,6.9,,.3,0,66,1024.7,1025.7,,,,0,,3.4
288,밀양,2026-03-14 22:00,6.3,,.1,0,70,1024.6,1025.6,,,,3,,2.3
288,밀양,2026-03-14 23:00,4.9,,.3,0,75,1024.4,1025.4,,,,5,,1.1
288,밀양,2026-03-15 00:00,4,,1.1,270,78,1024.1,1025.1,,,,8,,1.5
288,밀양,2026-03-15 01:00,3.8,,1,270,78,1023.9,1024.9,,,,7,,1.2
288,밀양,2026-03-15 02:00,3.6,,.2,0,80,1023.7,1024.7,,,,8,,1.4
288,밀양,2026-03-15 03:00,3.9,,.4,0,80,1023.3,1024.3,,,,8,,1.9
288,밀양,2026-03-15 04:00,4.5,,1.1,20,78,1023.1,1024.1,,,,9,,3.2
288,밀양,2026-03-15 05:00,4.3,,.4,0,79,1023.3,1024.3,,,,9,,3.3
288,밀양,2026-03-15 06:00,4.3,,.4,0,81,1023.7,1024.7,,,,10,,3.6
288,밀양,2026-03-15 07:00,4.6,,.3,0,79,1024,1025,0,0,,10,,4
288,밀양,2026-03-15 08:00,5.4,,.7,50,74,1024.3,1025.3,0,.12,,10,,5.8
288,밀양,2026-03-15 09:00,6.4,,.6,360,71,1024.5,1025.5,0,.33,,10,,8.8
288,밀양,2026-03-15 10:00,7.8,,.4,0,69,1024.1,1025.1,0,.49,,10,,12.8
288,밀양,2026-03-15 11:00,11.3,,1.2,180,37,1023.4,1024.4,.4,1.5,,9,,21.7
288,밀양,2026-03-15 12:00,13.2,,.6,270,32,1022.3,1023.3,.7,2.13,,8,,25.2
288,밀양,2026-03-15 13:00,14.5,,1.6,270,27,1021.2,1022.2,.1,2.03,,8,,25.1
288,밀양,2026-03-15 14:00,14.6,,1.9,290,25,1020,1021,.4,2.13,,6,,21.8
288,밀양,2026-03-15 15:00,14.1,,3,20,29,1019.7,1020.7,.2,1.12,,8,,18.3
288,밀양,2026-03-15 16:00,13.7,,4.1,340,33,1019.6,1020.6,0,.7,,9,,15.6
288,밀양,2026-03-15 17:00,12.3,,3.1,70,41,1019.9,1020.9,0,.24,,9,,12.7
288,밀양,2026-03-15 18:00,11.7,,2.7,70,41,1020,1021,0,.12,,9,,11.6
288,밀양,2026-03-15 19:00,11,,1,50,45,1020.5,1021.5,0,.03,,9,,10.2
288,밀양,2026-03-15 20:00,10.9,,1.2,340,52,1021.2,1022.2,,,,9,,10.1
288,밀양,2026-03-15 21:00,10.3,,1.1,320,57,1021.3,1022.3,,,,9,,8.8
288,밀양,2026-03-15 22:00,8.7,,1.3,340,64,1021.9,1022.9,,,,0,,4.3
288,밀양,2026-03-15 23:00,7,,.6,320,71,1022.1,1023.1,,,,0,,2.5
288,밀양,2026-03-16 00:00,6,,0,0,74,1022.3,1023.3,,,,0,,1.8
288,밀양,2026-03-16 01:00,7.4,,1.9,50,67,1022.1,1023.1,,,,6,,3.9
288,밀양,2026-03-16 02:00,5,,1.5,20,74,1022,1023,,,,6,,2.8
288,밀양,2026-03-16 03:00,3.9,,1.1,20,79,1021.4,1022.4,,,,3,,1
288,밀양,2026-03-16 04:00,3.1,,.9,270,83,1021.4,1022.4,,,,6,,.9
288,밀양,2026-03-16 05:00,2.6,,.4,0,85,1021.8,1022.8,,,,9,,.4
288,밀양,2026-03-16 06:00,3.3,,.8,270,83,1021.7,1022.7,,,,10,,1.2
288,밀양,2026-03-16 07:00,3.7,,.7,230,82,1022,1023,0,.01,,5,,1.2
288,밀양,2026-03-16 08:00,5.5,,.7,290,77,1022.4,1023.4,.6,.33,,0,,9.2
288,밀양,2026-03-16 09:00,8.2,,1.1,250,62,1022.1,1023.1,1,1.02,,0,,16.7
288,밀양,2026-03-16 10:00,10.4,,1.1,290,56,1021.8,1022.8,1,1.77,,0,,21.6
288,밀양,2026-03-16 11:00,12.8,,.6,70,51,1021.2,1022.2,1,2.42,,0,,25.6
288,밀양,2026-03-16 12:00,15.1,,2.4,160,38,1020.4,1021.4,1,3.05,,7,,27.6
288,밀양,2026-03-16 13:00,16.1,,2.6,160,33,1019.7,1020.7,1,2.93,,7,,28.8
288,밀양,2026-03-16 14:00,15.8,,.9,160,36,1018.7,1019.7,1,2.85,,6,,26.4
288,밀양,2026-03-16 15:00,15.2,,2.1,180,38,1018.2,1019.2,.6,1.69,,7,,20.8
288,밀양,2026-03-16 16:00,15.3,,2.9,140,42,1018.1,1019.1,.2,.82,,8,,17.9
288,밀양,2026-03-16 17:00,14,,2.6,160,51,1018.1,1019.1,0,.44,,10,,15.2
288,밀양,2026-03-16 18:00,13.3,,3.1,140,54,1018.3,1019.3,0,.18,,10,,13.3
288,밀양,2026-03-16 19:00,12.5,,2.8,140,59,1018.7,1019.7,0,.01,,10,,11.9
288,밀양,2026-03-16 20:00,11.7,,2.3,160,63,1019.2,1020.2,,,,8,,10.8
288,밀양,2026-03-16 21:00,11.1,,1.3,180,65,1019.9,1020.9,,,,7,,9.6
288,밀양,2026-03-16 22:00,10.2,,.8,160,69,1019.9,1020.9,,,,6,,7.2
288,밀양,2026-03-16 23:00,7.7,,.2,0,77,1020.4,1021.4,,,,6,,4.5
288,밀양,2026-03-17 00:00,6.4,,.4,0,81,1020.3,1021.3,,,,6,,3.3
288,밀양,2026-03-17 01:00,5.8,,.9,320,83,1020,1021,,,,7,,2.8
288,밀양,2026-03-17 02:00,5.2,,.3,0,85,1020.4,1021.4,,,,6,,2
288,밀양,2026-03-17 03:00,4.4,,.5,320,87,1020.2,1021.2,,,,9,,1.8
288,밀양,2026-03-17 04:00,4,,.4,0,88,1019.8,1020.8,,,,6,,1.4
288,밀양,2026-03-17 05:00,3.4,,.5,320,90,1020,1021,,,,6,,.7
288,밀양,2026-03-17 06:00,3.2,,.6,360,90,1020.6,1021.6,,,,6,,.1
288,밀양,2026-03-17 07:00,4,,2,110,90,1020.8,1021.8,0,.01,,5,,2.2
288,밀양,2026-03-17 08:00,5.6,,.9,20,86,1021.1,1022.1,.5,.34,,0,,8.9
288,밀양,2026-03-17 09:00,7.9,,1.2,320,75,1021.1,1022.1,1,1.01,,0,,16.4
288,밀양,2026-03-17 10:00,11.1,,.9,270,65,1020.7,1021.7,1,1.74,,0,,22.4
288,밀양,2026-03-17 11:00,14,,1.4,70,56,1020.1,1021.1,1,2.36,,0,,26.7
288,밀양,2026-03-17 12:00,15.6,,1.5,50,49,1019.4,1020.4,1,2.76,,0,,28.3
288,밀양,2026-03-17 13:00,17.1,,2.9,140,40,1018.4,1019.4,.8,2.54,,0,,27.7
288,밀양,2026-03-17 14:00,17,,3.5,140,39,1017.4,1018.4,1,2.78,,0,,23
288,밀양,2026-03-17 15:00,17.3,,2,140,38,1016.8,1017.8,.7,1.98,,2,,26.1
288,밀양,2026-03-17 16:00,17.5,,4,140,41,1016.4,1017.4,.9,1.9,,0,,24.6
288,밀양,2026-03-17 17:00,16,,3.2,160,47,1016.6,1017.6,1,1.27,,0,,20.3
288,밀양,2026-03-17 18:00,14.8,,3.3,160,54,1016.8,1017.8,.9,.49,,0,,14.8
288,밀양,2026-03-17 19:00,13,,2.9,180,61,1017.6,1018.6,0,.05,,0,,11.6
288,밀양,2026-03-17 20:00,12,,1.7,180,65,1018.1,1019.1,,,,0,,10
288,밀양,2026-03-17 21:00,10.6,,1,250,70,1018.4,1019.4,,,,0,,6.7
288,밀양,2026-03-17 22:00,8,,.5,270,78,1018.3,1019.3,,,,0,,4.7
288,밀양,2026-03-17 23:00,7.1,,.6,320,81,1018.3,1019.3,,,,0,,3.1
288,밀양,2026-03-18 00:00,6.4,,.1,0,84,1017.8,1018.8,,,,7,,2.6
288,밀양,2026-03-18 01:00,6.2,,.3,0,85,1017.3,1018.3,,,,8,,3.3
288,밀양,2026-03-18 02:00,6.6,,1,340,84,1017,1018,,,,10,,5.7
288,밀양,2026-03-18 03:00,7,,.7,270,84,1016.4,1017.4,,,,10,,6.4
288,밀양,2026-03-18 04:00,7.7,,.1,0,81,1016,1017,,,,10,,6.8
288,밀양,2026-03-18 05:00,8,,.5,20,80,1015.3,1016.3,,,,10,,6.8
288,밀양,2026-03-18 06:00,7.3,.6,.6,340,90,1015,1016,,,,10,,6.6
288,밀양,2026-03-18 07:00,7,,.3,0,92,1014.8,1015.8,0,0,,10,,6.6
288,밀양,2026-03-18 08:00,7.5,,.5,360,92,1013.8,1014.8,0,.1,,10,,7.7
288,밀양,2026-03-18 09:00,7.8,1.3,.7,340,92,1013.5,1014.5,0,.12,,10,,8.1
288,밀양,2026-03-18 10:00,8.3,,.7,340,94,1013.1,1014.1,0,.22,,10,,9
288,밀양,2026-03-18 11:00,8.7,,.6,230,92,1011.9,1012.9,0,.29,,10,,10.1
288,밀양,2026-03-18 12:00,9.1,.7,.6,290,90,1011.1,1012.1,0,.32,,10,,9.6
288,밀양,2026-03-18 13:00,9.5,,.9,320,91,1010,1011,0,.28,,10,,10.4
288,밀양,2026-03-18 14:00,9.4,,.3,0,91,1008.5,1009.5,0,.37,,10,,11.2
288,밀양,2026-03-18 15:00,9.8,.5,.9,320,88,1007.9,1008.9,0,.29,,10,,10.8
288,밀양,2026-03-18 16:00,10.1,,1.2,320,86,1007.9,1008.9,0,.23,,10,,10.4
288,밀양,2026-03-18 17:00,10.2,,.8,110,87,1007.8,1008.8,0,.2,,10,,10.2
288,밀양,2026-03-18 18:00,10.3,0,.5,50,87,1008.6,1009.6,0,.1,,10,,9.7
288,밀양,2026-03-18 19:00,10.1,,.7,360,86,1008.1,1009.1,0,.01,,10,,9.2
288,밀양,2026-03-18 20:00,9.5,,.9,360,92,1009.3,1010.3,,,,10,,8.7
288,밀양,2026-03-18 21:00,9.2,0,.5,320,93,1010,1011,,,,10,,8.6
288,밀양,2026-03-18 22:00,9.1,,1.2,270,92,1011.6,1012.6,,,,10,,8.1
288,밀양,2026-03-18 23:00,10,,2.8,270,72,1011.3,1012.3,,,,10,,8
288,밀양,2026-03-19 00:00,8.9,,2.4,320,75,1011.6,1012.6,,,,8,,6.7
288,밀양,2026-03-19 01:00,8,,1.4,320,72,1012.1,1013.1,,,,0,,5.2
288,밀양,2026-03-19 02:00,6.9,,1.7,290,75,1012.3,1013.3,,,,0,,2.6
288,밀양,2026-03-19 03:00,6,,1.7,340,72,1012.7,1013.7,,,,0,,1.2
288,밀양,2026-03-19 04:00,4.5,,.6,340,77,1013,1014,,,,0,,.1
288,밀양,2026-03-19 05:00,3,,.9,290,81,1013.2,1014.2,,,,0,,-.7
288,밀양,2026-03-19 06:00,1.8,,.6,270,86,1013.8,1014.8,,,,0,,-1.3
288,밀양,2026-03-19 07:00,5.3,,2.6,70,65,1014.6,1015.6,0,.02,,0,,2.7
288,밀양,2026-03-19 08:00,6.2,,2,70,60,1015.4,1016.4,.9,.43,,0,,9.5
288,밀양,2026-03-19 09:00,7.7,,2.5,50,59,1015.8,1016.8,1,1.13,,0,,15.6
288,밀양,2026-03-19 10:00,10.2,,1.4,320,50,1015.7,1016.7,1,1.93,,0,,21
288,밀양,2026-03-19 11:00,12.4,,1.8,320,44,1015.1,1016.1,1,2.53,,0,,24.2
288,밀양,2026-03-19 12:00,13,,1.7,290,38,1014.6,1015.6,1,2.93,,0,,26
288,밀양,2026-03-19 13:00,14.8,,1.1,20,32,1013.7,1014.7,1,3.08,,0,,26.9
288,밀양,2026-03-19 14:00,16,,1.2,110,24,1012.7,1013.7,1,2.96,,0,,28.1
288,밀양,2026-03-19 15:00,16.6,,3.5,160,31,1012.2,1013.2,1,2.61,,0,,24.8
288,밀양,2026-03-19 16:00,16.2,,3.2,160,30,1012.1,1013.1,1,1.96,,0,,23
288,밀양,2026-03-19 17:00,16.4,,1.8,290,20,1011.9,1012.9,1,1.39,,0,,23.2
288,밀양,2026-03-19 18:00,14.4,,2.3,140,43,1012.2,1013.2,1,.6,,0,,14.6
288,밀양,2026-03-19 19:00,12,,2.7,200,59,1012.6,1013.6,.2,.05,,0,,10.6
288,밀양,2026-03-19 20:00,11,,1.6,160,64,1013.9,1014.9,,,,0,,8.1
288,밀양,2026-03-19 21:00,8.1,,1,320,74,1014.5,1015.5,,,,0,,4.8
288,밀양,2026-03-19 22:00,7,,.7,290,77,1015.3,1016.3,,,,2,,3.8
288,밀양,2026-03-19 23:00,7.3,,.7,70,73,1016.1,1017.1,,,,0,,3.7
288,밀양,2026-03-20 00:00,6.4,,1.8,50,75,1016.6,1017.6,,,,0,,3.9
288,밀양,2026-03-20 01:00,5.6,,1.2,90,62,1016.8,1017.8,,,,8,,3.4
288,밀양,2026-03-20 02:00,5.7,,1.1,90,45,1017.1,1018.1,,,,8,,2.4
288,밀양,2026-03-20 03:00,5.5,,1.7,70,40,1016.7,1017.7,,,,6,,2.8
288,밀양,2026-03-20 04:00,4.4,,1.7,70,45,1016.1,1017.1,,,,6,,1.7
288,밀양,2026-03-20 05:00,2.8,,1.1,50,57,1016.1,1017.1,,,,5,,.2
288,밀양,2026-03-20 06:00,2.7,,1,50,56,1017,1018,,,,4,,-.6
288,밀양,2026-03-20 07:00,.8,,.4,0,74,1017.8,1018.9,0,.02,,6,,-1.6
288,밀양,2026-03-20 08:00,4,,.6,250,61,1018.2,1019.2,.7,.52,,6,,11.3
288,밀양,2026-03-20 09:00,8.4,,.5,290,40,1018.4,1019.4,.9,1.12,,4,,17.6
288,밀양,2026-03-20 10:00,10.5,,1.1,290,22,1018.1,1019.1,1,1.79,,0,,22.8
288,밀양,2026-03-20 11:00,12.5,,1.7,250,16,1017.4,1018.4,1,2.66,,3,,25
288,밀양,2026-03-20 12:00,14.7,,2.3,290,16,1016.8,1017.8,1,3.06,,0,,27
288,밀양,2026-03-20 13:00,16.1,,2.3,250,16,1016.5,1017.5,1,3.26,,0,,27.9
288,밀양,2026-03-20 14:00,17.4,,3.5,320,14,1015.8,1016.8,1,3.12,,0,,27.3
288,밀양,2026-03-20 15:00,17.6,,3.9,290,12,1015.3,1016.3,1,2.78,,0,,27.4
288,밀양,2026-03-20 16:00,18.1,,3.3,360,12,1015,1016,1,2.2,,0,,26.8
288,밀양,2026-03-20 17:00,18.2,,2.8,340,12,1015.1,1016.1,1,1.45,,0,,24.2
288,밀양,2026-03-20 18:00,16.7,,3,360,17,1016.1,1017.1,1,.6,,0,,16.3
288,밀양,2026-03-20 19:00,13.7,,1.4,320,25,1017,1018,.2,.05,,0,,10.2
288,밀양,2026-03-20 20:00,12,,.1,0,29,1018,1019,,,,0,,5.1
288,밀양,2026-03-20 21:00,8.9,,.7,250,42,1019.1,1020.1,,,,0,,4.1
288,밀양,2026-03-20 22:00,8.8,,.6,70,43,1019.7,1020.7,,,,0,,3.7
288,밀양,2026-03-20 23:00,6.8,,.1,0,52,1020.1,1021.1,,,,0,,1.3
288,밀양,2026-03-21 00:00,6.7,,.4,0,50,1020.6,1021.6,,,,0,,1.5
288,밀양,2026-03-21 01:00,4.7,,.5,290,65,1020.9,1021.9,,,,0,,-.1
288,밀양,2026-03-21 02:00,3.4,,.5,340,73,1021.4,1022.4,,,,0,,-.7
288,밀양,2026-03-21 03:00,3.1,,.3,0,74,1021.4,1022.4,,,,0,,-1.3
288,밀양,2026-03-21 04:00,2.2,,.4,0,76,1021.4,1022.5,,,,0,,-1.6
288,밀양,2026-03-21 05:00,3.4,,1.2,360,76,1021.7,1022.7,,,,0,,-.9
288,밀양,2026-03-21 06:00,.8,,.3,0,82,1022,1023.1,,,,0,,-2.1
288,밀양,2026-03-21 07:00,1.1,,.7,360,85,1022.4,1023.5,0,.03,,0,,-.9
288,밀양,2026-03-21 08:00,4.7,,1,70,72,1022.8,1023.8,.9,.47,,0,,10
288,밀양,2026-03-21 09:00,7.8,,.7,90,62,1022.9,1023.9,1,1.2,,0,,17.4
288,밀양,2026-03-21 10:00,11.4,,.9,270,53,1022.6,1023.6,1,1.89,,0,,24
288,밀양,2026-03-21 11:00,14.6,,1.2,160,46,1022.2,1023.2,1,2.55,,0,,26.6
288,밀양,2026-03-21 12:00,15.8,,1.9,160,35,1021.6,1022.6,1,2.92,,0,,26.3
288,밀양,2026-03-21 13:00,17.2,,2.3,290,29,1020.6,1021.6,1,3.06,,0,,29.1
288,밀양,2026-03-21 14:00,17.7,,1.4,90,22,1019.5,1020.5,1,2.98,,0,,29.3
288,밀양,2026-03-21 15:00,18.7,,2,290,16,1018.8,1019.8,1,2.69,,0,,30.2
288,밀양,2026-03-21 16:00,19.1,,1.8,290,20,1018.2,1019.2,1,2.08,,0,,28.7
288,밀양,2026-03-21 17:00,18.8,,2.4,180,24,1018,1019,1,1.39,,0,,24.7
288,밀양,2026-03-21 18:00,16.1,,2.1,200,39,1018.4,1019.4,1,.57,,0,,16.5
288,밀양,2026-03-21 19:00,14.6,,2.7,230,42,1019,1020,.2,.06,,0,,12.7
288,밀양,2026-03-21 20:00,14,,1.6,200,45,1019.6,1020.6,,,,0,,11.3
288,밀양,2026-03-21 21:00,10.2,,.6,290,61,1019.7,1020.7,,,,0,,7.5
288,밀양,2026-03-21 22:00,8.6,,1,320,69,1020.4,1021.4,,,,0,,5.3
288,밀양,2026-03-21 23:00,7.6,,.4,0,73,1020.1,1021.1,,,,0,,3.1
288,밀양,2026-03-22 00:00,6.3,,1,290,77,1020.2,1021.2,,,,4,,2.5
288,밀양,2026-03-22 01:00,5.8,,.1,0,79,1019.7,1020.7,,,,6,,1.5
288,밀양,2026-03-22 02:00,4.9,,.4,0,82,1020,1021,,,,4,,1.4
288,밀양,2026-03-22 03:00,4.7,,.6,270,84,1020.1,1021.1,,,,9,,2.7
288,밀양,2026-03-22 04:00,4.8,,.1,0,85,1019.8,1020.8,,,,10,,3.2
288,밀양,2026-03-22 05:00,6.2,,1.2,20,80,1019,1020,,,,10,,4.8
288,밀양,2026-03-22 06:00,5.9,,1,340,82,1018.2,1019.2,,,,10,,4.6
288,밀양,2026-03-22 07:00,6.1,,.5,320,82,1018.6,1019.6,0,0,,10,,5.1
288,밀양,2026-03-22 08:00,7.2,,.7,90,78,1019.3,1020.3,0,.16,,10,,7.6
288,밀양,2026-03-22 09:00,7.8,,.5,20,74,1019.4,1020.4,0,.34,,10,,9.7
288,밀양,2026-03-22 10:00,9.5,,.6,90,68,1018.8,1019.8,0,.51,,10,,13
288,밀양,2026-03-22 11:00,10.4,,1,50,65,1018.6,1019.6,0,.7,,10,,14.3
288,밀양,2026-03-22 12:00,12.1,,.6,250,58,1018,1019,0,.94,,10,,18.5
288,밀양,2026-03-22 13:00,14.9,,.9,160,51,1016.6,1017.6,.1,1.57,,8,,23.2
288,밀양,2026-03-22 14:00,16.8,,1.8,200,40,1015.4,1016.4,1,2.58,,7,,29
288,밀양,2026-03-22 15:00,18.2,,1.4,230,26,1014.3,1015.3,1,2.63,,6,,30.6
288,밀양,2026-03-22 16:00,18.4,,2.3,180,31,1014.1,1015.1,.9,1.75,,5,,26.7
288,밀양,2026-03-22 17:00,18.7,,1.4,160,28,1013.8,1014.8,1,1.41,,0,,26.1
288,밀양,2026-03-22 18:00,17.2,,1,200,31,1013.8,1014.8,1,.59,,0,,18.2
288,밀양,2026-03-22 19:00,13.2,,.8,360,41,1013.7,1014.7,.2,.06,,0,,8.8
288,밀양,2026-03-22 20:00,11.1,,.3,0,50,1014.3,1015.3,,,,0,,5.2
288,밀양,2026-03-22 21:00,8.8,,.5,290,57,1014.8,1015.8,,,,0,,3.8
288,밀양,2026-03-22 22:00,7.5,,.1,0,65,1015,1016,,,,0,,2.1
288,밀양,2026-03-22 23:00,6.6,,.2,0,69,1015.6,1016.6,,,,3,,1.7
288,밀양,2026-03-23 00:00,5.4,,1,320,74,1015.8,1016.8,,,,0,,1.5
288,밀양,2026-03-23 01:00,7,,2,70,66,1016,1017,,,,0,,3.7
288,밀양,2026-03-23 02:00,3.7,,.7,290,78,1016.1,1017.1,,,,0,,.2
288,밀양,2026-03-23 03:00,3,,.3,0,82,1015.8,1016.8,,,,4,,-.2
288,밀양,2026-03-23 04:00,4.4,,.8,20,74,1015.8,1016.8,,,,6,,1.8
288,밀양,2026-03-23 05:00,2.6,,.5,270,82,1016,1017,,,,4,,-.7
288,밀양,2026-03-23 06:00,1.3,,.2,0,86,1016.5,1017.5,,,,0,,-1
288,밀양,2026-03-23 07:00,2,,.1,0,84,1017,1018,0,.03,,0,,-.7
288,밀양,2026-03-23 08:00,5.3,,1.3,340,71,1017.2,1018.2,1,.54,,0,,11.7
288,밀양,2026-03-23 09:00,9.1,,.8,290,60,1017.2,1018.2,1,1.34,,0,,19.9
288,밀양,2026-03-23 10:00,14.8,,1.4,160,28,1017.2,1018.2,1,2.08,,0,,26
288,밀양,2026-03-23 11:00,17.3,,1.3,250,21,1016.6,1017.6,1,2.68,,0,,30.6
288,밀양,2026-03-23 12:00,18.4,,2.7,230,17,1016.1,1017.1,1,3.03,,0,,30.7
288,밀양,2026-03-23 13:00,20.1,,1.9,160,16,1015.4,1016.4,1,3.04,,5,,32.4
288,밀양,2026-03-23 14:00,20.5,,.9,270,14,1014.8,1015.8,1,3.06,,0,,33.4
288,밀양,2026-03-23 15:00,21.9,,1,320,14,1014.4,1015.4,1,2.64,,0,,33.1
288,밀양,2026-03-23 16:00,20.7,,2.7,70,26,1014.4,1015.4,1,2.08,,0,,28.3
288,밀양,2026-03-23 17:00,19.4,,2.2,110,31,1015.4,1016.4,1,1.32,,3,,24.5
288,밀양,2026-03-23 18:00,16.5,,3.1,110,37,1016.3,1017.3,.6,.46,,4,,17
288,밀양,2026-03-23 19:00,14.7,,2.1,110,42,1017,1018,0,.08,,0,,13.1
288,밀양,2026-03-23 20:00,12.8,,2.3,70,53,1018.1,1019.1,,,,0,,10.7
288,밀양,2026-03-23 21:00,11.7,,1.6,50,54,1018.9,1019.9,,,,0,,9.6
288,밀양,2026-03-23 22:00,11,,2.2,50,53,1019.4,1020.4,,,,3,,9
288,밀양,2026-03-23 23:00,10.6,,1.9,50,58,1019.8,1020.8,,,,0,,8.6
288,밀양,2026-03-24 00:00,9.6,,.9,20,65,1019.8,1020.8,,,,0,,6.5
288,밀양,2026-03-24 01:00,7.2,,.3,0,72,1019.7,1020.7,,,,0,,3.4
288,밀양,2026-03-24 02:00,5.1,,.9,270,78,1019.8,1020.8,,,,0,,2.3
288,밀양,2026-03-24 03:00,4.9,,.3,0,78,1019.4,1020.4,,,,0,,.6
288,밀양,2026-03-24 04:00,4.2,,.4,0,82,1018.9,1019.9,,,,0,,.4
288,밀양,2026-03-24 05:00,4.4,,.9,360,83,1018.9,1019.9,,,,0,,.7
288,밀양,2026-03-24 06:00,2.6,,.2,0,87,1019.3,1020.3,,,,0,,-.2
288,밀양,2026-03-24 07:00,4,,.6,340,85,1019.3,1020.3,0,.03,,3,,1.7
288,밀양,2026-03-24 08:00,5.6,,2.2,50,81,1019.2,1020.2,.7,.43,,0,,9.3
288,밀양,2026-03-24 09:00,8.9,,.8,290,73,1019.4,1020.4,.9,1.11,,6,,17.4
288,밀양,2026-03-24 10:00,11,,1.2,230,59,1018.5,1019.5,.9,1.53,,6,,20.5
288,밀양,2026-03-24 11:00,13.6,,1.2,180,50,1017.5,1018.5,.9,1.9,,6,,24.6
288,밀양,2026-03-24 12:00,16,,2,140,44,1016.3,1017.3,1,2.55,,7,,26.9
288,밀양,2026-03-24 13:00,17.5,,1.9,140,41,1015.4,1016.4,.6,2.28,,8,,28.2
288,밀양,2026-03-24 14:00,18.5,,2.1,180,35,1014.6,1015.6,1,2.67,,5,,29.5
288,밀양,2026-03-24 15:00,19.2,,2.3,160,31,1013.7,1014.7,.9,2.4,,7,,26.5
288,밀양,2026-03-24 16:00,18.7,,2.2,180,34,1013.5,1014.5,.4,1.42,,7,,23.5
288,밀양,2026-03-24 17:00,18.2,,2.4,180,37,1013,1014,0,.73,,8,,20.4
288,밀양,2026-03-24 18:00,17,,2.9,160,38,1012.9,1013.9,0,.37,,8,,17.5
288,밀양,2026-03-24 19:00,15.2,,2.9,200,44,1013.6,1014.6,0,.04,,10,,14.6
288,밀양,2026-03-24 20:00,14.4,,2.2,140,49,1013.8,1014.8,,,,10,,13.7
288,밀양,2026-03-24 21:00,14,,1.4,140,54,1013.7,1014.7,,,,10,,13.1
288,밀양,2026-03-24 22:00,13.6,,1.3,160,56,1014,1015,,,,10,,12.7
288,밀양,2026-03-24 23:00,12.9,,2.2,140,59,1013.9,1014.9,,,,10,,12.1
288,밀양,2026-03-25 00:00,12.5,,.9,140,61,1013.6,1014.6,,,,9,,11.1
288,밀양,2026-03-25 01:00,11.4,,.2,0,68,1013.7,1014.7,,,,10,,9.5
288,밀양,2026-03-25 02:00,10.9,,.2,0,70,1013.4,1014.4,,,,10,,9.2
288,밀양,2026-03-25 03:00,10.5,,0,0,72,1012.6,1013.6,,,,10,,9.2
288,밀양,2026-03-25 04:00,9.9,,1.1,290,76,1011.8,1012.8,,,,10,,9.2
288,밀양,2026-03-25 05:00,10.5,,1.2,200,72,1011.5,1012.5,,,,10,,9.5
288,밀양,2026-03-25 06:00,10.5,0,.9,320,72,1012.1,1013.1,,,,10,,9.3
288,밀양,2026-03-25 07:00,10.1,,.1,0,74,1012.1,1013.1,0,.02,,9,,9.6
288,밀양,2026-03-25 08:00,11,,1,70,70,1012.4,1013.4,0,.19,,10,,11.9
288,밀양,2026-03-25 09:00,11.7,,.5,270,69,1012.4,1013.4,0,.34,,10,,14.6
288,밀양,2026-03-25 10:00,13.3,,1.7,70,59,1012.2,1013.2,0,.8,,9,,19
288,밀양,2026-03-25 11:00,14.6,,1.1,340,52,1011.8,1012.8,0,1.06,,10,,20.9
288,밀양,2026-03-25 12:00,15.5,,.7,290,49,1011.1,1012.1,0,.85,,10,,19.3
288,밀양,2026-03-25 13:00,15.8,,3.1,360,46,1011,1012,0,.7,,10,,17.7
288,밀양,2026-03-25 14:00,16.8,,2.1,110,42,1010.5,1011.5,0,.77,,10,,22.1
288,밀양,2026-03-25 15:00,17.1,0,1.1,70,41,1009.9,1010.9,0,1.04,,10,,23.8
288,밀양,2026-03-25 16:00,17.2,,1.4,50,40,1009.4,1010.4,.4,1.4,,8,,23.5
288,밀양,2026-03-25 17:00,17.6,,2,290,39,1009,1010,1,1.33,,0,,23.7
288,밀양,2026-03-25 18:00,17.1,,1,360,39,1009.5,1010.5,.9,.53,,0,,17.4
288,밀양,2026-03-25 19:00,13.6,,.6,230,53,1009.8,1010.8,0,.06,,0,,9.1
288,밀양,2026-03-25 20:00,12.2,,.6,160,61,1010.4,1011.4,,,,0,,7.6
288,밀양,2026-03-25 21:00,10.5,,.9,360,68,1011.7,1012.7,,,,0,,6.3
288,밀양,2026-03-25 22:00,9,,.5,230,74,1012.5,1013.5,,,,0,,4.5
288,밀양,2026-03-25 23:00,7.9,,.4,0,78,1012.5,1013.5,,,,0,,3.4
288,밀양,2026-03-26 00:00,7,,0,0,80,1012.7,1013.7,,,,0,,2.8
288,밀양,2026-03-26 01:00,6.3,,.3,0,82,1012.7,1013.7,,,,0,,2.2
288,밀양,2026-03-26 02:00,6.2,,.4,0,84,1013,1014,,,,0,,1.8
288,밀양,2026-03-26 03:00,4.7,,.4,0,88,1012.9,1013.9,,,,0,,1.6
288,밀양,2026-03-26 04:00,5.6,,1.5,360,85,1012.9,1013.9,,,,0,,3.3
288,밀양,2026-03-26 05:00,5.1,,1,50,89,1012.9,1013.9,,,,0,,1.7
288,밀양,2026-03-26 06:00,3.1,,.7,320,92,1013.2,1014.2,,,,0,,.3
288,밀양,2026-03-26 07:00,3.9,,.2,0,91,1013.8,1014.8,0,.04,,0,,2
288,밀양,2026-03-26 08:00,7,,.6,50,83,1013.9,1014.9,.5,.45,,0,,10.8
288,밀양,2026-03-26 09:00,9.4,,.8,320,73,1014,1015,1,1.1,,0,,18
288,밀양,2026-03-26 10:00,14.7,,1.1,140,49,1013.4,1014.4,1,1.85,,0,,26.2
288,밀양,2026-03-26 11:00,18.8,,.6,90,32,1012.5,1013.5,1,2.52,,0,,30.8
288,밀양,2026-03-26 12:00,20.2,,2.3,110,31,1011.2,1012.2,1,2.93,,0,,31.6
288,밀양,2026-03-26 13:00,22.2,,1.9,250,25,1010.5,1011.5,1,3,,0,,34.2
288,밀양,2026-03-26 14:00,22.7,,2.4,270,22,1009.5,1010.5,1,2.96,,0,,35.3
288,밀양,2026-03-26 15:00,23.5,,3.3,320,20,1008.7,1009.7,1,2.58,,0,,33.3
288,밀양,2026-03-26 16:00,23.7,,4.6,50,18,1008.7,1009.7,1,2.04,,0,,30
288,밀양,2026-03-26 17:00,23.5,,2.4,340,19,1008.7,1009.7,1,1.31,,0,,28.7
288,밀양,2026-03-26 18:00,18.4,,5,180,40,1009.3,1010.3,.8,.56,,0,,18.7
288,밀양,2026-03-26 19:00,16.6,,2.3,180,45,1009.9,1010.9,0,.07,,0,,15
288,밀양,2026-03-26 20:00,15.2,,.8,160,47,1010.9,1011.9,,,,0,,11.6
288,밀양,2026-03-26 21:00,12.6,,1,320,59,1011.8,1012.8,,,,6,,9.7
288,밀양,2026-03-26 22:00,11.1,,.5,270,67,1012.4,1013.4,,,,6,,7.2
288,밀양,2026-03-26 23:00,10.1,,.1,0,71,1012.8,1013.8,,,,6,,6.3
288,밀양,2026-03-27 00:00,9,,.2,0,75,1012.8,1013.8,,,,0,,4.4
288,밀양,2026-03-27 01:00,8.1,,0,0,77,1012.9,1013.9,,,,0,,3.2
288,밀양,2026-03-27 02:00,6.9,,.3,0,80,1012.7,1013.7,,,,0,,2.7
288,밀양,2026-03-27 03:00,6,,.2,0,83,1012.6,1013.6,,,,0,,1.8
288,밀양,2026-03-27 04:00,6,,.7,340,82,1012.4,1013.4,,,,0,,1.8
288,밀양,2026-03-27 05:00,5.2,,.4,0,85,1012.6,1013.6,,,,0,,1
288,밀양,2026-03-27 06:00,5,,.3,0,85,1013,1014,,,,0,,1.7
288,밀양,2026-03-27 07:00,5.3,,.2,0,86,1013.4,1014.4,0,.05,,0,,3.1
288,밀양,2026-03-27 08:00,8.5,,1,70,74,1013.4,1014.4,.7,.48,,0,,12.8
288,밀양,2026-03-27 09:00,11.4,,.9,320,64,1013,1014,1,1.14,,0,,20.2
288,밀양,2026-03-27 10:00,15.3,,.6,180,52,1012.7,1013.7,1,1.75,,0,,25.9
288,밀양,2026-03-27 11:00,19,,1.4,140,39,1011.7,1012.7,1,2.32,,1,,30.8
288,밀양,2026-03-27 12:00,21,,1.2,90,34,1010.6,1011.6,1,2.67,,3,,32.8
288,밀양,2026-03-27 13:00,22.6,,2.3,160,34,1009.5,1010.5,1,2.74,,3,,32.9
288,밀양,2026-03-27 14:00,23.9,,3.4,140,31,1008.3,1009.3,1,2.7,,1,,32.5
288,밀양,2026-03-27 15:00,24,,2.3,160,27,1007.1,1008.1,1,2.04,,5,,32.6
288,밀양,2026-03-27 16:00,24,,2.4,250,26,1006.6,1007.6,1,1.8,,7,,31.6
288,밀양,2026-03-27 17:00,22.9,,2.1,180,29,1006.5,1007.5,.4,.72,,6,,24
288,밀양,2026-03-27 18:00,21.7,,1.4,160,33,1007.1,1008.1,0,.25,,6,,21
288,밀양,2026-03-27 19:00,20,,2.1,160,36,1007.6,1008.6,0,.08,,6,,17.8
288,밀양,2026-03-27 20:00,17.1,,1.6,160,44,1008.4,1009.4,,,,6,,15.1
288,밀양,2026-03-27 21:00,15.2,,1,20,53,1009.1,1010.1,,,,8,,11.2
288,밀양,2026-03-27 22:00,13.7,,.2,0,61,1009.5,1010.5,,,,8,,9.3
288,밀양,2026-03-27 23:00,13.7,,.3,0,57,1009.8,1010.8,,,,8,,9.4
288,밀양,2026-03-28 00:00,11.8,,.6,290,65,1010.1,1011.1,,,,8,,7.8
288,밀양,2026-03-28 01:00,11.7,,.5,360,58,1010,1011,,,,8,,7.2
288,밀양,2026-03-28 02:00,11.1,,.4,0,70,1010.1,1011.1,,,,8,,6.6
288,밀양,2026-03-28 03:00,10.2,,.1,0,74,1010.4,1011.4,,,,8,,6
288,밀양,2026-03-28 04:00,10.1,,0,0,67,1010.6,1011.6,,,,6,,5.6
288,밀양,2026-03-28 05:00,8.5,,.4,0,75,1011.2,1012.2,,,,5,,4.3
288,밀양,2026-03-28 06:00,7.6,,.3,0,78,1011.5,1012.5,,,,6,,4.3
288,밀양,2026-03-28 07:00,8.6,,.5,340,75,1012.2,1013.2,0,.08,,6,,7.6
288,밀양,2026-03-28 08:00,11.3,,.5,270,69,1012.9,1013.9,.5,.54,,6,,16
288,밀양,2026-03-28 09:00,16.2,,.4,0,44,1013,1014,1,1.24,,4,,26.6
288,밀양,2026-03-28 10:00,18.2,,1.9,340,33,1012.9,1013.9,1,2.13,,0,,31.2
288,밀양,2026-03-28 11:00,19.5,,1.9,50,29,1012.6,1013.6,1,2.62,,5,,31.9
288,밀양,2026-03-28 12:00,21.3,,1.9,360,24,1011.9,1012.9,1,2.93,,0,,34.2
288,밀양,2026-03-28 13:00,22.3,,2.3,160,22,1011.3,1012.3,1,3.1,,0,,33.9
288,밀양,2026-03-28 14:00,23.8,,2.4,320,20,1010.5,1011.5,1,3.02,,0,,35
288,밀양,2026-03-28 15:00,23.8,,1.8,160,17,1010,1011,1,2.64,,0,,34.7
288,밀양,2026-03-28 16:00,21.2,,6.3,160,36,1010,1011,1,2.07,,0,,27.2
288,밀양,2026-03-28 17:00,19.8,,4.8,180,42,1010.4,1011.4,1,1.28,,0,,24
288,밀양,2026-03-28 18:00,17.6,,3.8,200,48,1011.6,1012.6,.7,.53,,0,,18.1
288,밀양,2026-03-28 19:00,16.2,,1.8,160,55,1012.6,1013.6,0,.07,,0,,14.4
288,밀양,2026-03-28 20:00,15.3,,1.3,160,63,1013.4,1014.4,,,,0,,12.9
288,밀양,2026-03-28 21:00,14.4,,1.5,180,69,1014.7,1015.7,,,,0,,12.2
288,밀양,2026-03-28 22:00,13.2,,1.1,90,74,1014.8,1015.8,,,,0,,11
288,밀양,2026-03-28 23:00,10.6,,.4,0,78,1014.9,1015.9,,,,0,,6.9
288,밀양,2026-03-29 00:00,9.7,,.5,270,82,1015.1,1016.1,,,,0,,5.6
288,밀양,2026-03-29 01:00,8.6,,.1,0,85,1015,1016,,,,0,,4.2
288,밀양,2026-03-29 02:00,7.6,,1.1,270,89,1015,1016,,,,0,,4.1
288,밀양,2026-03-29 03:00,7.3,,.2,0,90,1014.7,1015.7,,,,7,,3.9
288,밀양,2026-03-29 04:00,8.5,,1.1,50,89,1014.7,1015.7,,,,9,,5.8
288,밀양,2026-03-29 05:00,7.5,,.6,340,90,1015.1,1016.1,,,,9,,5.1
288,밀양,2026-03-29 06:00,8.3,,1.2,50,89,1015,1016,,,,8,,6.1
288,밀양,2026-03-29 07:00,7,,.2,0,92,1015.6,1016.6,0,.04,,6,,5.8
288,밀양,2026-03-29 08:00,9.8,,.6,50,85,1015.9,1016.9,.2,.5,,5,,13.8
288,밀양,2026-03-29 09:00,11.8,,1,200,74,1015.7,1016.7,1,1.18,,5,,21.6
288,밀양,2026-03-29 10:00,15.1,,1.2,140,64,1015.4,1016.4,1,1.92,,0,,27
288,밀양,2026-03-29 11:00,17,,1.9,140,57,1014.9,1015.9,1,2.54,,0,,29.3
288,밀양,2026-03-29 12:00,19.1,,1.6,110,50,1014,1015,1,2.49,,5,,31.2
288,밀양,2026-03-29 13:00,21,,4.1,140,41,1013.5,1014.5,1,3.23,,1,,30.4
288,밀양,2026-03-29 14:00,21.8,,3.3,160,33,1012.4,1013.4,1,3.01,,0,,31.5
288,밀양,2026-03-29 15:00,22.2,,2.6,180,29,1012,1013,1,2.62,,0,,31.5
288,밀양,2026-03-29 16:00,21.7,,2.8,180,23,1011.7,1012.7,1,1.97,,3,,25.7
288,밀양,2026-03-29 17:00,21,,2.8,180,26,1012.2,1013.2,.8,1.14,,5,,26.2
288,밀양,2026-03-29 18:00,19.6,,2.3,200,31,1012.8,1013.8,.4,.47,,7,,19.5
288,밀양,2026-03-29 19:00,17.9,,2.2,200,50,1013.1,1014.1,0,.08,,0,,16
288,밀양,2026-03-29 20:00,16.5,,2.1,160,59,1013.6,1014.6,,,,0,,14.5
288,밀양,2026-03-29 21:00,15.1,,.6,90,67,1014.5,1015.5,,,,0,,10.8
288,밀양,2026-03-29 22:00,11.8,,.5,270,73,1014.7,1015.7,,,,0,,8.1
288,밀양,2026-03-29 23:00,10.9,,1.1,320,77,1014.9,1015.9,,,,0,,7.1
288,밀양,2026-03-30 00:00,10.2,,.4,0,79,1014.9,1015.9,,,,0,,5.4
288,밀양,2026-03-30 01:00,9.4,,.3,0,82,1015,1016,,,,5,,4.9
288,밀양,2026-03-30 02:00,8.6,,.3,0,86,1014.9,1015.9,,,,0,,4.9
288,밀양,2026-03-30 03:00,8.2,,.2,0,88,1014.7,1015.7,,,,6,,3.9
288,밀양,2026-03-30 04:00,8,,.3,0,88,1014.4,1015.4,,,,8,,4.4
288,밀양,2026-03-30 05:00,8,,.4,0,88,1014.4,1015.4,,,,8,,4.8
288,밀양,2026-03-30 06:00,8.5,,.6,50,85,1014.5,1015.5,,,,9,,5.6
288,밀양,2026-03-30 07:00,8.8,,.8,360,85,1014.7,1015.7,0,.05,,9,,7.4
288,밀양,2026-03-30 08:00,10.1,,1.1,50,78,1014.8,1015.8,0,.37,,9,,12.1
288,밀양,2026-03-30 09:00,11.8,,.4,0,72,1015.1,1016.1,0,.6,,9,,16.3
288,밀양,2026-03-30 10:00,14.1,,.9,250,62,1014.6,1015.6,.1,1.22,,8,,22.8
288,밀양,2026-03-30 11:00,16.7,,.9,320,55,1013.8,1014.8,.3,1.56,,9,,24
288,밀양,2026-03-30 12:00,20.1,,.9,160,34,1012.6,1013.6,.5,2.06,,9,,27.5
288,밀양,2026-03-30 13:00,20.1,,1.9,160,34,1011.8,1012.8,0,.91,,10,,22.3
288,밀양,2026-03-30 14:00,19.7,,.3,0,31,1010.9,1011.9,0,.33,,10,,21.5
288,밀양,2026-03-30 15:00,20,,.8,160,31,1009.8,1010.8,0,.51,,10,,21.5
288,밀양,2026-03-30 16:00,18.8,,1.4,180,44,1009.2,1010.2,0,.3,,10,,16.3
288,밀양,2026-03-30 17:00,17.6,,.8,50,62,1008.5,1009.5,0,.22,,10,,16.7
288,밀양,2026-03-30 18:00,15.4,.1,.8,180,80,1008.8,1009.8,0,.08,,10,,13.6
288,밀양,2026-03-30 19:00,14,,.2,0,89,1008.4,1009.4,0,0,,10,,13
288,밀양,2026-03-30 20:00,13.3,,.3,0,90,1007,1008,,,,10,,12.6
288,밀양,2026-03-30 21:00,12.4,5.3,1.7,70,92,1007.3,1008.3,,,,10,,11.7
288,밀양,2026-03-30 22:00,11.8,,.7,320,90,1006.1,1007.1,,,,10,,11.2
288,밀양,2026-03-30 23:00,11.5,,1.3,90,90,1004.2,1005.2,,,,10,,10.8
288,밀양,2026-03-31 00:00,11.3,5.8,1.2,270,95,1002.7,1003.7,,,,10,,11.1
288,밀양,2026-03-31 01:00,11.3,,.9,270,97,1001.5,1002.5,,,,10,,11.2
288,밀양,2026-03-31 02:00,11.7,,1.3,250,98,1000.6,1001.6,,,,9,,11.6
288,밀양,2026-03-31 03:00,12.4,6,2.6,70,90,999.6,1000.6,,,,10,,11.3
288,밀양,2026-03-31 04:00,12.2,,2.2,20,91,999.1,1000.1,,,,9,,11.2
288,밀양,2026-03-31 05:00,12,,1.4,290,94,999.7,1000.7,,,,10,,11.5
288,밀양,2026-03-31 06:00,12,4.3,1.1,290,94,1001,1002,,,,9,,11.4
288,밀양,2026-03-31 07:00,12.2,,1.2,320,92,1002.1,1003.1,0,.01,,10,,11.7
288,밀양,2026-03-31 08:00,13.1,,2.7,320,84,1003.4,1004.4,0,.12,,10,,12.4
288,밀양,2026-03-31 09:00,13.7,.4,2.4,50,79,1004.6,1005.6,0,.26,,9,,13.7
288,밀양,2026-03-31 10:00,14.9,,2.2,50,73,1005.9,1006.9,0,.87,,9,,21.6
288,밀양,2026-03-31 11:00,15.4,,2.5,70,67,1006.2,1007.2,.4,1.86,,8,,19.7
288,밀양,2026-03-31 12:00,16.4,,2.2,70,63,1006.1,1007.1,.1,1.26,,9,,21.4
288,밀양,2026-03-31 13:00,16.6,,3.2,50,66,1007.3,1008.3,0,.85,,9,,21
288,밀양,2026-03-31 14:00,16.2,,2.1,50,65,1008.3,1009.3,0,.88,,9,,19.7
288,밀양,2026-03-31 15:00,16.2,,1.7,70,66,1008.7,1009.7,0,.66,,10,,19.2
288,밀양,2026-03-31 16:00,16,,3.5,70,66,1008.5,1009.5,0,.66,,9,,18.8
288,밀양,2026-03-31 17:00,16.1,,1.3,70,65,1009,1010,0,.46,,9,,17.1
288,밀양,2026-03-31 18:00,15.6,,.9,70,68,1010.6,1011.6,0,.14,,9,,15.4
288,밀양,2026-03-31 19:00,15.3,,1.6,140,70,1010.9,1011.9,0,.01,,9,,14.5
288,밀양,2026-03-31 20:00,14.5,,.6,110,72,1011.4,1012.4,,,,10,,13.6
288,밀양,2026-03-31 21:00,13.8,,1.7,70,74,1011.5,1012.5,,,,10,,13.2
288,밀양,2026-03-31 22:00,13.2,,1.5,360,74,1011.7,1012.7,,,,8,,11.9
288,밀양,2026-03-31 23:00,12.8,,1.5,70,74,1011.8,1012.8,,,,9,,11.8
288,밀양,2026-04-01 00:00,12.4,,.5,160,77,1012,1013,,,,10,,11.1
288,밀양,2026-04-01 01:00,11.5,,.7,290,80,1012.3,1013.3,,,,10,,10.4
288,밀양,2026-04-01 02:00,11.9,,.3,0,77,1012.3,1013.3,,,,10,,11.2
288,밀양,2026-04-01 03:00,11.2,,.8,20,82,1012.1,1013.1,,,,10,,10.7
288,밀양,2026-04-01 04:00,11,,1.2,70,82,1011.7,1012.7,,,,10,,10.6
288,밀양,2026-04-01 05:00,11.2,,1.4,90,82,1011.8,1012.8,,,,10,,10.8
288,밀양,2026-04-01 06:00,10.9,0,0,0,87,1012.3,1013.3,,,,9,,9.9
288,밀양,2026-04-01 07:00,10.9,0,1.2,50,85,1012.3,1013.3,0,.03,,8,,10.4
288,밀양,2026-04-01 08:00,11.5,,1.2,70,82,1011.9,1012.9,0,.35,,8,,13.4
288,밀양,2026-04-01 09:00,12.6,,1,200,78,1011.8,1012.8,.1,.76,,8,,18.6
288,밀양,2026-04-01 10:00,15.4,,1.6,70,64,1011.4,1012.4,.7,1.75,,8,,23
288,밀양,2026-04-01 11:00,15.6,,1.4,160,64,1011.2,1012.2,.1,1.64,,9,,21.6
288,밀양,2026-04-01 12:00,16,,1.7,140,60,1011.5,1012.5,0,1.1,,10,,18.7
288,밀양,2026-04-01 13:00,16.3,,.3,0,66,1010.8,1011.8,0,.64,,10,,21.2
288,밀양,2026-04-01 14:00,16.6,,1.1,320,62,1009.6,1010.6,0,.94,,10,,22.3
288,밀양,2026-04-01 15:00,16.7,,1.6,320,61,1008.7,1009.7,0,1.26,,10,,21.4
288,밀양,2026-04-01 16:00,16.9,,.7,90,64,1008.2,1009.2,0,.43,,10,,18
288,밀양,2026-04-01 17:00,16.3,,1.5,160,66,1008,1009,0,.23,,10,,17
288,밀양,2026-04-01 18:00,15.9,,1.2,320,73,1008.3,1009.3,0,.21,,10,,16.3
288,밀양,2026-04-01 19:00,15.1,,1.4,270,75,1008.6,1009.6,0,.06,,8,,14.1
288,밀양,2026-04-01 20:00,14.7,0,1.9,320,76,1009.3,1010.3,,,,9,,13.8
288,밀양,2026-04-01 21:00,12.8,.1,.6,230,88,1010,1011,,,,10,,11.9
288,밀양,2026-04-01 22:00,12.5,0,1.1,230,91,1010.3,1011.3,,,,10,,11.7
288,밀양,2026-04-01 23:00,12.1,0,.4,0,93,1010.5,1011.5,,,,10,,11.7
288,밀양,2026-04-02 00:00,12.1,0,.2,0,94,1010.4,1011.4,,,,10,,11.2
288,밀양,2026-04-02 01:00,11,,.5,320,96,1010.3,1011.3,,,,0,,7.6
288,밀양,2026-04-02 02:00,10.1,,.5,270,98,1010.4,1011.4,,,,7,,7.6
288,밀양,2026-04-02 03:00,9.8,,0,0,99,1010.4,1011.4,,,,7,,7
288,밀양,2026-04-02 04:00,8.9,,.9,320,98,1010.5,1011.5,,,,0,,5.3
288,밀양,2026-04-02 05:00,7.6,,0,0,97,1010.7,1011.7,,,,0,,3
288,밀양,2026-04-02 06:00,6.5,,.3,0,99,1011.5,1012.5,,,,0,,2.5
288,밀양,2026-04-02 07:00,7.3,,.3,0,99,1012.3,1013.3,.2,.09,,0,,5.9
288,밀양,2026-04-02 08:00,9.4,,.2,0,91,1012.7,1013.7,1,.68,,0,,14.1
288,밀양,2026-04-02 09:00,12,,1.1,140,77,1012.9,1013.9,1,1.47,,0,,19.6
288,밀양,2026-04-02 10:00,15.4,,.9,140,46,1013,1014,1,2.15,,0,,27.1
288,밀양,2026-04-02 11:00,17.3,,3.7,290,33,1012.6,1013.6,1,2.79,,0,,27.8
288,밀양,2026-04-02 12:00,18.9,,3.4,340,34,1012.4,1013.4,1,3.15,,0,,28.5
288,밀양,2026-04-02 13:00,19.5,,3.5,320,29,1011.2,1012.2,1,3.3,,0,,30.8
288,밀양,2026-04-02 14:00,20.3,,2.3,320,27,1010.5,1011.5,1,3.18,,0,,32.1
288,밀양,2026-04-02 15:00,21.1,,2.8,270,25,1010,1011,1,2.84,,0,,31.2
288,밀양,2026-04-02 16:00,21.6,,2.7,290,22,1009.7,1010.7,1,2.28,,0,,29.4
288,밀양,2026-04-02 17:00,21.3,,2.8,340,21,1009.4,1010.4,1,1.57,,0,,28.1
288,밀양,2026-04-02 18:00,20.8,,2.5,320,20,1010.1,1011.1,1,.72,,0,,22.3
288,밀양,2026-04-02 19:00,17.7,,1.4,320,27,1011,1012,.3,.09,,0,,13.5
288,밀양,2026-04-02 20:00,14.2,,.6,250,41,1012.5,1013.5,,,,0,,8.6
288,밀양,2026-04-02 21:00,12.4,,1.1,20,45,1013.4,1014.4,,,,0,,7.4
288,밀양,2026-04-02 22:00,11.5,,.8,250,56,1014.1,1015.1,,,,0,,6.4
288,밀양,2026-04-02 23:00,10.5,,.9,110,66,1014.4,1015.4,,,,0,,6.3
288,밀양,2026-04-03 00:00,8.3,,.4,0,71,1014.7,1015.7,,,,0,,4.2
288,밀양,2026-04-03 01:00,7.6,,.3,0,76,1015.3,1016.3,,,,6,,3.6
288,밀양,2026-04-03 02:00,8.6,,1.6,70,70,1015.2,1016.2,,,,6,,4.9
288,밀양,2026-04-03 03:00,7.5,,.5,70,73,1015.2,1016.2,,,,8,,4.6
288,밀양,2026-04-03 04:00,7.5,,1.4,50,73,1015.2,1016.2,,,,8,,5.3
288,밀양,2026-04-03 05:00,6.3,,.7,20,78,1015.1,1016.1,,,,8,,3.6
288,밀양,2026-04-03 06:00,6.1,,.5,320,80,1014.8,1015.8,,,,10,,4.7
288,밀양,2026-04-03 07:00,7,,.7,50,77,1015.1,1016.1,0,.08,,7,,6.9
288,밀양,2026-04-03 08:00,9.3,,.9,20,67,1015.1,1016.1,.3,.56,,0,,15
288,밀양,2026-04-03 09:00,13,,1.2,160,52,1014.9,1015.9,1,1.52,,0,,23.4
288,밀양,2026-04-03 10:00,15,,1.2,270,41,1014.8,1015.8,.9,1.97,,7,,24.3
288,밀양,2026-04-03 11:00,18.2,,.7,270,38,1014.3,1015.3,.4,2.02,,7,,28.9
288,밀양,2026-04-03 12:00,21.7,,3.7,140,27,1013,1014,1,2.61,,6,,32.6
288,밀양,2026-04-03 13:00,22.7,,2.8,160,25,1011.9,1012.9,.8,2.89,,7,,31.8
288,밀양,2026-04-03 14:00,23.9,,3.1,160,22,1011,1012,.7,2.62,,8,,34.3
288,밀양,2026-04-03 15:00,22.7,,3.3,160,23,1010.1,1011.1,.6,1.85,,7,,26.6
288,밀양,2026-04-03 16:00,22.4,,3.7,160,28,1009.9,1010.9,.7,1.74,,8,,28.1
288,밀양,2026-04-03 17:00,20.1,,3.6,230,33,1010.1,1011.1,.6,1.11,,10,,21
288,밀양,2026-04-03 18:00,18.7,,3.2,180,40,1010.1,1011.1,0,.26,,10,,18.6
288,밀양,2026-04-03 19:00,17.5,,2.8,180,48,1009.9,1010.9,0,.03,,10,,16.7
288,밀양,2026-04-03 20:00,17.1,,2.2,140,52,1009.7,1010.7,,,,10,,16.1
288,밀양,2026-04-03 21:00,16.6,,1.2,160,55,1009.9,1010.9,,,,10,,15.4
288,밀양,2026-04-03 22:00,16.1,,1,90,61,1009.4,1010.4,,,,10,,14.5
288,밀양,2026-04-03 23:00,15.5,0,1.4,160,68,1009.2,1010.2,,,,10,,12.4
288,밀양,2026-04-04 00:00,12.6,2.1,1.8,320,92,1008.9,1009.9,,,,10,,12
288,밀양,2026-04-04 01:00,11.8,2.2,.3,0,96,1007.1,1008.1,,,,10,,11.7
288,밀양,2026-04-04 02:00,12,2.4,.8,50,96,1005.1,1006.1,,,,10,,11.7
288,밀양,2026-04-04 03:00,11.8,2.1,.7,20,95,1003.3,1004.3,,,,10,,11.6
288,밀양,2026-04-04 04:00,11.8,2.3,1,290,98,1001.4,1002.4,,,,10,,11.7
288,밀양,2026-04-04 05:00,12,3.1,1.2,320,98,999.2,1000.2,,,,10,,11.9
288,밀양,2026-04-04 06:00,12.2,6.8,1.1,340,99,997.9,998.9,,,,10,,12
288,밀양,2026-04-04 07:00,12.4,6.2,1.5,50,96,995.6,996.6,0,.01,,10,,12
288,밀양,2026-04-04 08:00,12.4,5.9,1.1,270,98,993.7,994.7,0,.03,,10,,12.5
288,밀양,2026-04-04 09:00,13,4.7,.7,290,99,992.5,993.5,0,.12,,10,,13.5
288,밀양,2026-04-04 10:00,13.8,3.4,1.9,20,99,992.5,993.5,0,.19,,9,,14.4
288,밀양,2026-04-04 11:00,14.1,1.2,.4,0,98,993.3,994.3,0,.26,,9,,14.9
288,밀양,2026-04-04 12:00,13.9,.3,2,290,94,993.7,994.7,0,.39,,10,,15.1
288,밀양,2026-04-04 13:00,15.2,,2.2,320,88,993.5,994.5,0,.74,,9,,16.8
288,밀양,2026-04-04 14:00,17.7,,.7,360,78,993.7,994.7,.2,1.76,,7,,23.6
288,밀양,2026-04-04 15:00,17.9,,5.1,290,74,994.8,995.8,.6,2.19,,9,,26.4
288,밀양,2026-04-04 16:00,19.2,,3.4,320,68,995.6,996.6,.7,1.77,,8,,28.1
288,밀양,2026-04-04 17:00,19.2,,3.1,320,65,996.5,997.5,.8,1.48,,7,,25.3
288,밀양,2026-04-04 18:00,19.5,,1.5,320,65,997.3,998.3,1,.82,,3,,23
288,밀양,2026-04-04 19:00,16.5,,.3,0,77,998.4,999.4,.2,.09,,2,,15
288,밀양,2026-04-04 20:00,15.1,,.6,290,84,999.8,1000.8,,,,0,,12.1
288,밀양,2026-04-04 21:00,14.6,,.6,70,86,1001.6,1002.6,,,,0,,13.2
288,밀양,2026-04-04 22:00,13.7,,.7,230,89,1002.8,1003.8,,,,0,,11.8
288,밀양,2026-04-04 23:00,12.4,,.9,320,90,1003.1,1004.1,,,,0,,9.9
288,밀양,2026-04-05 00:00,11.4,,.3,0,93,1003.4,1004.4,,,,0,,7.7
288,밀양,2026-04-05 01:00,10.9,,.7,270,93,1004.1,1005.1,,,,0,,7.1
288,밀양,2026-04-05 02:00,10.8,,.6,90,97,1003.9,1004.9,,,,0,,8
288,밀양,2026-04-05 03:00,9.6,,.7,20,98,1004.7,1005.7,,,,0,,5.9
288,밀양,2026-04-05 04:00,9,,.2,0,98,1004.3,1005.3,,,,0,,4.7
288,밀양,2026-04-05 05:00,8.3,,.8,160,98,1005,1006,,,,0,,5.1
288,밀양,2026-04-05 06:00,6.7,,.5,290,99,1005.6,1006.6,,,,3,,3.5
288,밀양,2026-04-05 07:00,7.3,,.2,0,99,1006.3,1007.3,.1,.1,,0,,6.5
288,밀양,2026-04-05 08:00,10.6,,1.2,230,85,1006.8,1007.8,.9,.65,,3,,10.7
288,밀양,2026-04-05 09:00,12.5,,.7,250,68,1006.7,1007.7,.9,1.39,,2,,23
288,밀양,2026-04-05 10:00,15.6,,.8,140,58,1006.5,1007.5,1,2.32,,5,,28.6
288,밀양,2026-04-05 11:00,17.2,,1.1,160,56,1006.1,1007.1,1,2.9,,0,,30
288,밀양,2026-04-05 12:00,17.9,,2.6,180,55,1005.7,1006.7,1,3.14,,7,,28.7
288,밀양,2026-04-05 13:00,19.2,,2.7,180,53,1005.3,1006.3,.6,2.31,,8,,27.6
288,밀양,2026-04-05 14:00,20.3,,2.6,160,39,1004.8,1005.8,1,2.92,,7,,32
288,밀양,2026-04-05 15:00,20.8,,1.7,230,30,1004.3,1005.3,.9,2.43,,6,,30.7
288,밀양,2026-04-05 16:00,21,,2.4,290,28,1004.7,1005.7,.8,1.85,,8,,30.2
288,밀양,2026-04-05 17:00,21,,1.8,180,39,1004.4,1005.4,1,1.62,,1,,28.9
288,밀양,2026-04-05 18:00,18.9,,3.5,180,52,1004.8,1005.8,1,.8,,0,,20.9
288,밀양,2026-04-05 19:00,16.7,,2.7,180,59,1005.4,1006.4,.3,.11,,0,,15
288,밀양,2026-04-05 20:00,15.1,,3.4,160,64,1006.1,1007.1,,,,0,,13.4
288,밀양,2026-04-05 21:00,14.1,,1.5,180,64,1007,1008,,,,0,,11.7
288,밀양,2026-04-05 22:00,11.4,,.4,0,79,1007.8,1008.8,,,,0,,8.3
288,밀양,2026-04-05 23:00,10.4,,.8,360,84,1008.3,1009.3,,,,0,,7.4
288,밀양,2026-04-06 00:00,9.2,,.6,290,88,1008.9,1009.9,,,,0,,6.7
288,밀양,2026-04-06 01:00,9.2,,.7,360,88,1009.3,1010.3,,,,0,,6.6
288,밀양,2026-04-06 02:00,8.6,,.8,270,90,1009,1010,,,,0,,6.5
288,밀양,2026-04-06 03:00,8.6,,1.1,270,91,1009.1,1010.1,,,,0,,6
288,밀양,2026-04-06 04:00,8.3,,.5,290,92,1009,1010,,,,3,,5.5
288,밀양,2026-04-06 05:00,8.4,,.7,340,92,1008.8,1009.8,,,,5,,6.1
288,밀양,2026-04-06 06:00,8.9,,.8,250,92,1008.5,1009.5,,,,6,,8.6
288,밀양,2026-04-06 07:00,10.4,0,.6,90,86,1008.3,1009.3,0,.03,,10,,9.8
288,밀양,2026-04-06 08:00,11.6,,.3,0,82,1008.5,1009.5,0,.2,,9,,13.1
288,밀양,2026-04-06 09:00,12.6,0,1.2,320,81,1010.8,1011.8,0,.35,,10,,12.8
288,밀양,2026-04-06 10:00,16.3,0,.7,180,74,1007.9,1008.9,.1,1.15,,8,,24.1
288,밀양,2026-04-06 11:00,18.2,,3.1,140,68,1007.3,1008.3,.3,1.84,,9,,25.2
288,밀양,2026-04-06 12:00,18.5,,2.6,180,69,1007.9,1008.9,.1,1.17,,9,,20.9
288,밀양,2026-04-06 13:00,19.1,0,3,180,69,1006,1007,.1,1.14,,9,,22.6
288,밀양,2026-04-06 14:00,19.3,0,3,180,70,1005.1,1006.1,.1,1.16,,9,,22.4
288,밀양,2026-04-06 15:00,18.5,.5,3.8,180,79,1003.6,1004.6,.1,.73,,9,,17.1
288,밀양,2026-04-06 16:00,17.5,2.1,1.2,160,88,1003.7,1004.7,0,.16,,10,,17.8
288,밀양,2026-04-06 17:00,17.9,.6,1.1,340,89,1003.8,1004.8,.1,.58,,9,,17.7
288,밀양,2026-04-06 18:00,16.4,1.3,2.2,290,91,1004.1,1005.1,0,.08,,8,,15.8
288,밀양,2026-04-06 19:00,13,.8,3.4,50,89,1005.3,1006.3,0,0,,9,,12.3
288,밀양,2026-04-06 20:00,12.2,4.3,2.1,70,87,1006.5,1007.5,,,,8,,11.3
288,밀양,2026-04-06 21:00,12.2,1.2,1.8,20,85,1007,1008,,,,8,,10.6
288,밀양,2026-04-06 22:00,11.3,,.1,0,95,1007.5,1008.5,,,,6,,9
288,밀양,2026-04-06 23:00,10.6,,.3,0,95,1008,1009,,,,6,,8.9
288,밀양,2026-04-07 00:00,10.7,,2.1,320,66,1008.6,1009.6,,,,8,,7.4
288,밀양,2026-04-07 01:00,10.3,,1.9,320,59,1008.9,1009.9,,,,6,,5.8
288,밀양,2026-04-07 02:00,9.5,,1.3,320,55,1009.3,1010.3,,,,8,,4.3
288,밀양,2026-04-07 03:00,8.5,,1.6,320,52,1009.4,1010.4,,,,7,,3.5
288,밀양,2026-04-07 04:00,6.6,,.1,0,61,1009.7,1010.7,,,,6,,1.8
288,밀양,2026-04-07 05:00,4.8,,1.1,320,72,1010.5,1011.5,,,,4,,.8
288,밀양,2026-04-07 06:00,5.6,,1.2,340,50,1011.5,1012.5,,,,5,,.9
288,밀양,2026-04-07 07:00,6.3,,.5,320,55,1012.7,1013.7,.3,.15,,4,,4.6
288,밀양,2026-04-07 08:00,9.3,,1.7,20,28,1013.3,1014.3,1,.83,,0,,14.2
288,밀양,2026-04-07 09:00,10.2,,3.4,320,28,1013.5,1014.5,1,1.69,,0,,18.2
288,밀양,2026-04-07 10:00,11.1,,4.1,290,26,1013.8,1014.8,1,2.44,,0,,21.2
288,밀양,2026-04-07 11:00,11.9,,6.4,320,22,1013.9,1014.9,1,3.01,,0,,20.8
288,밀양,2026-04-07 12:00,12.6,,5.4,320,21,1013.5,1014.5,1,3.4,,0,,22.5
288,밀양,2026-04-07 13:00,13.5,,4.2,290,21,1012.7,1013.7,1,3.49,,0,,24.8
288,밀양,2026-04-07 14:00,14.5,,4.1,290,18,1012.3,1013.3,1,3.37,,0,,25.3
288,밀양,2026-04-07 15:00,14.9,,4.2,290,17,1012,1013,1,3.01,,0,,24.9
288,밀양,2026-04-07 16:00,16.1,,3.7,320,21,1011.8,1012.8,1,2.42,,0,,24.6
288,밀양,2026-04-07 17:00,16.2,,1.9,320,23,1011.8,1012.8,1,1.66,,0,,24.1
288,밀양,2026-04-07 18:00,15,,2.2,320,23,1012.3,1013.3,1,.84,,0,,17.3
288,밀양,2026-04-07 19:00,12,,.7,290,36,1013.1,1014.1,.4,.12,,0,,8.2
288,밀양,2026-04-07 20:00,9.5,,.6,320,48,1013.8,1014.8,,,,0,,5
288,밀양,2026-04-07 21:00,9.7,,1.5,50,42,1014.9,1015.9,,,,0,,6
288,밀양,2026-04-07 22:00,6.3,,1.2,340,68,1015.5,1016.5,,,,0,,3
288,밀양,2026-04-07 23:00,6.2,,.9,160,65,1016.1,1017.1,,,,0,,3
288,밀양,2026-04-08 00:00,4.7,,.5,20,74,1016.8,1017.8,,,,0,,1.3
288,밀양,2026-04-08 01:00,5.3,,1.3,50,65,1017.1,1018.1,,,,0,,1.8
288,밀양,2026-04-08 02:00,3.2,,.9,320,79,1017.5,1018.5,,,,0,,.2
288,밀양,2026-04-08 03:00,3.5,,1.2,50,74,1017.3,1018.3,,,,0,,.1
288,밀양,2026-04-08 04:00,3.2,,2.1,70,74,1017.5,1018.5,,,,0,,.9
288,밀양,2026-04-08 05:00,1.8,,.5,20,81,1017.9,1018.9,,,,0,,-1.7
288,밀양,2026-04-08 06:00,1,,.4,0,86,1018.6,1019.7,,,,0,,-2.4
288,밀양,2026-04-08 07:00,2.1,,.8,340,80,1019,1020,.3,.16,,0,,2.4
288,밀양,2026-04-08 08:00,5.3,,1.7,70,62,1019.3,1020.3,1,.87,,0,,13.7
288,밀양,2026-04-08 09:00,9,,.9,50,52,1019.3,1020.3,1,1.67,,0,,21.1
288,밀양,2026-04-08 10:00,12,,1.3,180,30,1019,1020,1,2.41,,0,,25.8
288,밀양,2026-04-08 11:00,15.2,,2.2,110,30,1018.2,1019.2,1,2.98,,0,,27.4
288,밀양,2026-04-08 12:00,16.6,,2.5,200,29,1017.5,1018.5,1,3.3,,0,,28.4
288,밀양,2026-04-08 13:00,17.7,,1.9,180,28,1016.6,1017.6,1,3.4,,0,,30
288,밀양,2026-04-08 14:00,19.1,,3.1,180,27,1015.7,1016.7,1,3.26,,0,,30.3
288,밀양,2026-04-08 15:00,19.5,,2.8,140,27,1014.4,1015.4,1,2.91,,0,,29.2
288,밀양,2026-04-08 16:00,19.3,,3,200,29,1013.9,1014.9,1,2.33,,0,,28.7
288,밀양,2026-04-08 17:00,18.3,,3.7,160,33,1014.1,1015.1,1,1.6,,0,,24.4
288,밀양,2026-04-08 18:00,17.3,,3.4,180,35,1014.1,1015.1,1,.84,,0,,19.2
288,밀양,2026-04-08 19:00,15.3,,2.6,200,37,1014.3,1015.3,.4,.11,,2,,13.2
288,밀양,2026-04-08 20:00,13.9,,2.6,160,45,1014.9,1015.9,,,,0,,11.4
288,밀양,2026-04-08 21:00,12.8,,2,180,47,1015.3,1016.3,,,,4,,10.4
288,밀양,2026-04-08 22:00,9.5,,.9,290,69,1015.7,1016.7,,,,6,,6.7
288,밀양,2026-04-08 23:00,8.8,,1.1,290,74,1015.2,1016.2,,,,9,,6.2
288,밀양,2026-04-09 00:00,8.1,,.7,320,76,1015.4,1016.4,,,,8,,5.4
288,밀양,2026-04-09 01:00,8,,.7,270,76,1015.3,1016.3,,,,10,,5.7
288,밀양,2026-04-09 02:00,7.6,,.4,0,78,1014.3,1015.3,,,,10,,5.4
288,밀양,2026-04-09 03:00,7.3,,.4,0,81,1013.8,1014.8,,,,9,,5.3
288,밀양,2026-04-09 04:00,8,,0,0,78,1013.6,1014.6,,,,10,,6.8
288,밀양,2026-04-09 05:00,8.3,,.1,0,79,1013.1,1014.1,,,,10,,7.8
288,밀양,2026-04-09 06:00,8.7,0,.4,0,79,1013,1014,,,,10,,8
288,밀양,2026-04-09 07:00,9,0,.1,0,78,1012.2,1013.2,0,.03,,10,,8.8
288,밀양,2026-04-09 08:00,9.7,0,.9,320,77,1012.8,1013.8,0,.08,,10,,10.1
288,밀양,2026-04-09 09:00,10.4,,1.1,290,76,1011.8,1012.8,0,.12,,10,,11.3
288,밀양,2026-04-09 10:00,10.7,0,1.9,320,80,1010.3,1011.3,0,.27,,10,,10.6
288,밀양,2026-04-09 11:00,10.8,.3,.4,0,92,1009.8,1010.8,0,.11,,10,,11.1
288,밀양,2026-04-09 12:00,12.2,.9,1.4,90,98,1007.4,1008.4,0,.17,,10,,13.2
288,밀양,2026-04-09 13:00,14,.6,3.6,160,91,1007.1,1008.1,0,.23,,10,,13.3
288,밀양,2026-04-09 14:00,14.5,4.9,4.2,160,92,1005,1006,0,.29,,10,,14.1
288,밀양,2026-04-09 15:00,14.8,.2,5.1,160,92,1003.4,1004.4,0,.3,,10,,14.3
288,밀양,2026-04-09 16:00,14.7,4.1,4.8,160,93,1002.5,1003.5,0,.22,,10,,14.3
288,밀양,2026-04-09 17:00,14.6,2,3.9,180,92,1000.6,1001.6,0,.22,,10,,14.2
288,밀양,2026-04-09 18:00,14.5,1.6,3.3,160,92,1000,1001,0,.09,,10,,13.8
288,밀양,2026-04-09 19:00,14.3,2.8,1.8,160,95,999.4,1000.4,0,.02,,10,,13.6
288,밀양,2026-04-09 20:00,14.2,3.9,1.2,230,96,998.6,999.6,,,,10,,13.7
288,밀양,2026-04-09 21:00,14.4,.7,.4,0,97,998.2,999.2,,,,10,,14
288,밀양,2026-04-09 22:00,14.3,,1.3,290,98,998.4,999.4,,,,10,,14
288,밀양,2026-04-09 23:00,14.4,,1.3,320,98,997.9,998.9,,,,10,,14.1
288,밀양,2026-04-10 00:00,15.6,,1.2,50,99,997.6,998.6,,,,10,,14.8
288,밀양,2026-04-10 01:00,17.6,,1.8,160,93,997.2,998.2,,,,9,,16.3
288,밀양,2026-04-10 02:00,17.6,,2,160,92,997,998,,,,9,,16.5
288,밀양,2026-04-10 03:00,18,,2.9,160,90,996,997,,,,10,,16.8
288,밀양,2026-04-10 04:00,18,,3.4,140,91,995.3,996.3,,,,10,,16.9
288,밀양,2026-04-10 05:00,18.2,0,2.8,160,91,995.5,996.5,,,,10,,16.8
288,밀양,2026-04-10 06:00,17.9,0,2.3,140,92,995.3,996.3,,,,9,,16.7
288,밀양,2026-04-10 07:00,18.7,,1.4,200,86,995.9,996.9,0,.03,,8,,17.2
288,밀양,2026-04-10 08:00,18.8,,3,250,82,996.3,997.3,0,.24,,9,,17.8
288,밀양,2026-04-10 09:00,18.9,,2.4,250,83,996.6,997.6,0,.48,,9,,20.6
288,밀양,2026-04-10 10:00,18.2,,3.4,270,84,997.7,998.7,0,.62,,10,,19
288,밀양,2026-04-10 11:00,20,,3.5,250,70,997.9,998.9,.2,1.1,,9,,28.5
288,밀양,2026-04-10 12:00,21,,3.6,270,63,998.2,999.2,.8,2.63,,7,,29.4
288,밀양,2026-04-10 13:00,22.8,,2.8,270,53,997.9,998.8,1,3.37,,5,,33.8
288,밀양,2026-04-10 14:00,23,,3.7,270,49,997.8,998.7,1,3.21,,0,,33.1
288,밀양,2026-04-10 15:00,23.1,,3.3,320,48,997.8,998.7,1,2.8,,0,,32.5
288,밀양,2026-04-10 16:00,22.4,,4.3,270,50,998.3,999.3,1,2.23,,0,,30.2
288,밀양,2026-04-10 17:00,21.8,,2.8,270,54,998.6,999.6,1,1.52,,0,,27.9
288,밀양,2026-04-10 18:00,20.2,,3.5,320,55,999.2,1000.2,1,.78,,0,,20.9
288,밀양,2026-04-10 19:00,17.9,,3.3,290,62,999.9,1000.9,.2,.12,,0,,16.4
288,밀양,2026-04-10 20:00,15.5,,4.1,320,69,1002,1003,,,,0,,14.2
288,밀양,2026-04-10 21:00,14.5,,1.9,20,72,1003.7,1004.7,,,,0,,13.1
288,밀양,2026-04-10 22:00,13.6,,1.5,320,74,1004.3,1005.3,,,,4,,11.5
288,밀양,2026-04-10 23:00,12.1,,.8,270,80,1004.8,1005.8,,,,2,,10.2
288,밀양,2026-04-11 00:00,12.4,,.8,270,77,1005.1,1006.1,,,,0,,9.8
288,밀양,2026-04-11 01:00,11.8,,1.4,290,78,1005.6,1006.6,,,,0,,8.5
288,밀양,2026-04-11 02:00,10.6,,1.3,320,81,1006.2,1007.2,,,,0,,6.8
288,밀양,2026-04-11 03:00,9.2,,1.2,290,87,1006.6,1007.6,,,,0,,6.3
288,밀양,2026-04-11 04:00,8.6,,.2,0,89,1007.6,1008.6,,,,0,,4.8
288,밀양,2026-04-11 05:00,7.3,,.4,0,93,1008.2,1009.2,,,,0,,3.3
288,밀양,2026-04-11 06:00,6.9,,.6,270,94,1009.3,1010.3,0,0,,0,,4.1
288,밀양,2026-04-11 07:00,8.2,,.3,0,91,1010,1011,.4,.18,,0,,7.7
288,밀양,2026-04-11 08:00,11.4,,.5,200,78,1010.2,1011.2,1,.93,,0,,19.1
288,밀양,2026-04-11 09:00,14.5,,.6,160,65,1010.4,1011.4,1,1.64,,0,,25.7
288,밀양,2026-04-11 10:00,15.7,,1.1,140,63,1010.1,1011.1,1,2.35,,0,,28.7
288,밀양,2026-04-11 11:00,18.2,,3.4,140,54,1009.4,1010.4,1,2.87,,0,,28.4
288,밀양,2026-04-11 12:00,21,,2.7,140,42,1008.8,1009.8,1,3.23,,0,,32.2
288,밀양,2026-04-11 13:00,22.5,,1.6,230,36,1007.8,1008.8,1,3.32,,0,,34.4
288,밀양,2026-04-11 14:00,24.5,,2.4,270,32,1006.7,1007.7,1,3.17,,6,,35.1
288,밀양,2026-04-11 15:00,26.3,,1.4,110,30,1006,1006.9,1,2.77,,4,,36.8
288,밀양,2026-04-11 16:00,25.5,,4.2,290,27,1006,1006.9,1,2.07,,7,,31.4
288,밀양,2026-04-11 17:00,24.5,,3.5,270,29,1006,1007,.7,1.23,,7,,26.4
288,밀양,2026-04-11 18:00,23.5,,3.1,290,31,1006.8,1007.8,0,.53,,8,,22.9
288,밀양,2026-04-11 19:00,22,,2.3,290,35,1007.6,1008.6,0,.1,,8,,19
288,밀양,2026-04-11 20:00,19,,2.1,290,41,1008.7,1009.7,,,,9,,16.1
288,밀양,2026-04-11 21:00,17.3,,.2,0,48,1009.9,1010.9,,,,8,,12.8
288,밀양,2026-04-11 22:00,15.9,,.6,290,61,1010.5,1011.5,,,,9,,11.9
288,밀양,2026-04-11 23:00,15.3,,.2,0,63,1011.2,1012.2,,,,8,,10.9
288,밀양,2026-04-12 00:00,13.4,,.7,290,73,1011.5,1012.5,,,,8,,9.5
288,밀양,2026-04-12 01:00,14.7,,1.9,70,60,1012.2,1013.2,,,,8,,11.5
288,밀양,2026-04-12 02:00,12.6,,.6,270,71,1012.2,1013.2,,,,8,,9.2
288,밀양,2026-04-12 03:00,11.1,,.3,0,77,1012.3,1013.3,,,,8,,6.6
288,밀양,2026-04-12 04:00,10.8,,.1,0,77,1012.8,1013.8,,,,6,,6.1
288,밀양,2026-04-12 05:00,8.7,,.7,270,85,1013.6,1014.6,,,,0,,4.9
288,밀양,2026-04-12 06:00,8.2,,.3,0,86,1013.7,1014.7,0,0,,0,,3.8
288,밀양,2026-04-12 07:00,9.4,,.4,0,81,1014,1015,.4,.19,,0,,8.6
288,밀양,2026-04-12 08:00,13.7,,1,360,59,1014.3,1015.3,1,.91,,0,,21.2
288,밀양,2026-04-12 09:00,16.6,,1.1,140,53,1014.4,1015.4,1,1.7,,6,,27.9
288,밀양,2026-04-12 10:00,18.8,,.6,160,36,1013.7,1014.7,1,2.05,,6,,29.9
288,밀양,2026-04-12 11:00,20.5,,1.6,160,27,1014.3,1015.3,1,2.8,,7,,32.2
288,밀양,2026-04-12 12:00,21.5,,1,180,26,1013.2,1014.2,.9,2.37,,9,,30.6
288,밀양,2026-04-12 13:00,21.6,,1.5,200,22,1012.1,1013.1,.1,1.98,,10,,30.5
288,밀양,2026-04-12 14:00,23.2,,.7,160,20,1011.8,1012.8,.1,1.89,,9,,31.3
288,밀양,2026-04-12 15:00,23.1,,2.7,160,24,1011.6,1012.6,.5,1.85,,9,,27.3
288,밀양,2026-04-12 16:00,24,,2.2,160,25,1011,1012,.2,1.44,,8,,33.9
288,밀양,2026-04-12 17:00,21.4,,2.9,200,32,1011.1,1012.1,.5,1.19,,7,,23.9
288,밀양,2026-04-12 18:00,20.5,,1.8,160,32,1011.5,1012.5,.5,.6,,7,,20
288,밀양,2026-04-12 19:00,19,,2.2,140,36,1011.8,1012.8,0,.06,,10,,17.5
288,밀양,2026-04-12 20:00,17.7,,1.1,140,40,1012.5,1013.5,,,,10,,15.3
288,밀양,2026-04-12 21:00,15.7,,.3,0,56,1013.2,1014.2,,,,8,,12
288,밀양,2026-04-12 22:00,14.4,,.7,270,65,1013.7,1014.7,,,,10,,12.3
288,밀양,2026-04-12 23:00,14.1,,1.2,340,65,1013.7,1014.7,,,,10,,12.3
288,밀양,2026-04-13 00:00,13.9,,.5,340,68,1014.1,1015.1,,,,10,,11.1
288,밀양,2026-04-13 01:00,13.4,,.1,0,69,1013.9,1014.9,,,,10,,10.8
288,밀양,2026-04-13 02:00,13,,.9,340,69,1013.6,1014.6,,,,10,,10.5
288,밀양,2026-04-13 03:00,11.7,,.6,290,78,1013.2,1014.2,,,,9,,10
288,밀양,2026-04-13 04:00,11.9,,1.1,290,76,1013.1,1014.1,,,,10,,10.2
288,밀양,2026-04-13 05:00,11.5,,.2,0,77,1013,1014,,,,9,,10
288,밀양,2026-04-13 06:00,11.6,,.1,0,76,1013.1,1014.1,0,0,,10,,9.8
288,밀양,2026-04-13 07:00,11.9,,1,340,75,1013.3,1014.3,0,.1,,9,,12.1
288,밀양,2026-04-13 08:00,14,,1,320,66,1013.4,1014.4,.2,.58,,6,,21.5
288,밀양,2026-04-13 09:00,19.3,,1,360,45,1013.1,1014.1,.9,1.58,,0,,30.2
288,밀양,2026-04-13 10:00,22.9,,1.3,200,29,1013.1,1014.1,1,2.42,,0,,35.2
288,밀양,2026-04-13 11:00,24.6,,3.1,70,23,1012.5,1013.5,1,2.94,,0,,35.4
288,밀양,2026-04-13 12:00,26.1,,2.9,70,22,1011.7,1012.7,1,3.25,,0,,35.8
288,밀양,2026-04-13 13:00,26.5,,3.4,20,24,1011.1,1012,1,3.34,,0,,36.2
288,밀양,2026-04-13 14:00,26.9,,3.7,50,23,1010.7,1011.6,1,3.28,,0,,37
288,밀양,2026-04-13 15:00,26.4,,2.8,50,23,1010.5,1011.4,1,2.86,,0,,35.7
288,밀양,2026-04-13 16:00,26.1,,3.9,70,23,1010.2,1011.1,1,2.39,,7,,34.3
288,밀양,2026-04-13 17:00,25,,3.4,50,23,1010.6,1011.6,.8,1.47,,7,,30.1
288,밀양,2026-04-13 18:00,23.5,,3.7,70,26,1011,1012,1,.91,,7,,24.5
288,밀양,2026-04-13 19:00,21.7,,2.9,50,29,1011.7,1012.7,.1,.15,,9,,20.3
288,밀양,2026-04-13 20:00,20,,1.3,20,37,1012.9,1013.9,,,,10,,18.4
288,밀양,2026-04-13 21:00,18.7,,1.8,70,43,1013.5,1014.5,,,,10,,17.4
288,밀양,2026-04-13 22:00,17.6,,2,50,48,1013.4,1014.4,,,,10,,16.6
288,밀양,2026-04-13 23:00,16.9,,2.6,50,54,1013.2,1014.2,,,,9,,15.9
288,밀양,2026-04-14 00:00,16.2,,2,20,61,1013.3,1014.3,,,,7,,14.9
288,밀양,2026-04-14 01:00,15.6,,2.7,70,64,1013,1014,,,,10,,14.8
288,밀양,2026-04-14 02:00,15.4,,2.7,50,66,1012.4,1013.4,,,,10,,14.6
288,밀양,2026-04-14 03:00,14.7,,.4,0,72,1012.2,1013.2,,,,10,,13.5
288,밀양,2026-04-14 04:00,14.9,,.1,0,70,1012,1013,,,,10,,13.3
288,밀양,2026-04-14 05:00,14.4,,1.4,340,74,1011.7,1012.7,,,,10,,13.3
288,밀양,2026-04-14 06:00,14.7,,.7,230,70,1011.4,1012.4,0,0,,10,,13.6
288,밀양,2026-04-14 07:00,14.9,,1,50,70,1011.7,1012.7,0,.04,,10,,14.7
288,밀양,2026-04-14 08:00,15.2,,.1,0,72,1012.2,1013.2,0,.18,,10,,16.2
288,밀양,2026-04-14 09:00,16.8,0,.4,0,66,1012.3,1013.3,0,.62,,10,,22.2
288,밀양,2026-04-14 10:00,17.1,0,2.6,70,63,1012,1013,0,1.02,,10,,21
288,밀양,2026-04-14 11:00,19,,1.8,70,57,1011.8,1012.8,.1,1.22,,9,,25
288,밀양,2026-04-14 12:00,19.2,,2.8,70,59,1011.1,1012.1,0,1.58,,10,,24.7
288,밀양,2026-04-14 13:00,19.4,,2.6,50,57,1010.6,1011.6,0,1.46,,10,,24.9
288,밀양,2026-04-14 14:00,19.4,,2.9,70,53,1009.8,1010.8,0,1.08,,9,,24.8
288,밀양,2026-04-14 15:00,19.7,,2.5,50,52,1009.6,1010.6,.1,1.28,,9,,23.1
288,밀양,2026-04-14 16:00,19.1,,3,50,50,1009.3,1010.3,0,.65,,9,,22.6
288,밀양,2026-04-14 17:00,18.5,,3.6,70,52,1009.5,1010.5,0,.64,,10,,19.9
288,밀양,2026-04-14 18:00,17.9,,2.6,50,55,1009.2,1010.2,0,.4,,9,,18.5
288,밀양,2026-04-14 19:00,17.2,,1.2,70,54,1009.3,1010.3,0,.08,,10,,16.4
288,밀양,2026-04-14 20:00,16.6,,2.3,50,55,1010,1011,,,,10,,15.7
288,밀양,2026-04-14 21:00,16,,2,50,61,1010.6,1011.6,,,,10,,15.2
288,밀양,2026-04-14 22:00,15.7,,1.9,70,62,1010.6,1011.6,,,,10,,14.8
288,밀양,2026-04-14 23:00,15.2,,2.2,70,66,1010.6,1011.6,,,,9,,14.3
288,밀양,2026-04-15 00:00,14.5,,1.4,70,69,1010.6,1011.6,,,,0,,12
288,밀양,2026-04-15 01:00,14.2,,2.2,360,69,1010.6,1011.6,,,,7,,13
288,밀양,2026-04-15 02:00,13.4,,1.4,270,73,1010,1011,,,,7,,11.3
288,밀양,2026-04-15 03:00,13.4,,.2,0,71,1009.6,1010.6,,,,8,,11
288,밀양,2026-04-15 04:00,13.8,,1.6,70,68,1009.4,1010.4,,,,9,,12.3
288,밀양,2026-04-15 05:00,13.7,,.6,20,69,1009.3,1010.3,,,,8,,11.9
288,밀양,2026-04-15 06:00,13.8,,.9,50,66,1009.3,1010.3,0,0,,8,,12.4
288,밀양,2026-04-15 07:00,13.9,,.2,0,68,1009.5,1010.5,0,.16,,8,,15
288,밀양,2026-04-15 08:00,15.3,,1.6,320,58,1009.7,1010.7,.1,.62,,9,,18.3
288,밀양,2026-04-15 09:00,16.9,,1.5,360,53,1009.5,1010.5,.2,.91,,8,,24.2
288,밀양,2026-04-15 10:00,18.7,,1.5,90,42,1009.4,1010.4,.8,1.9,,5,,32.6
288,밀양,2026-04-15 11:00,20.1,,1.4,90,39,1009,1010,1,2.8,,0,,33.6
288,밀양,2026-04-15 12:00,23.2,,1.4,140,31,1008.2,1009.2,1,3.26,,0,,36.5
288,밀양,2026-04-15 13:00,24.3,,1.3,320,25,1007.5,1008.5,1,3.21,,3,,37.2
288,밀양,2026-04-15 14:00,26.7,,2.1,50,25,1007.3,1008.2,1,3.24,,0,,38.1
288,밀양,2026-04-15 15:00,26.9,,2.6,70,22,1006.8,1007.7,1,2.9,,0,,36.7
288,밀양,2026-04-15 16:00,27.3,,2.2,70,22,1006.3,1007.2,1,2.31,,0,,35.4
288,밀양,2026-04-15 17:00,27.7,,2.1,70,23,1006.5,1007.4,1,1.55,,0,,32.9
288,밀양,2026-04-15 18:00,26.7,,2.1,110,24,1007.2,1008.1,1,.78,,0,,26.9
288,밀양,2026-04-15 19:00,21.8,,1.1,110,45,1008.6,1009.6,.1,.14,,0,,19
288,밀양,2026-04-15 20:00,20.2,,3.3,70,34,1010.2,1011.2,,,,0,,17.8
288,밀양,2026-04-15 21:00,17.8,,2.4,50,40,1012.1,1013.1,,,,0,,15.4
288,밀양,2026-04-15 22:00,16.5,,2.5,20,59,1013.5,1014.5,,,,0,,14.3
288,밀양,2026-04-15 23:00,15.7,,2.7,70,61,1013.8,1014.8,,,,0,,13.6
288,밀양,2026-04-16 00:00,15,,1.8,360,63,1014.6,1015.6,,,,0,,11.7
288,밀양,2026-04-16 01:00,14.4,,2,340,65,1015.3,1016.3,,,,0,,11.7
288,밀양,2026-04-16 02:00,14.1,,2.7,340,67,1015.5,1016.5,,,,0,,11.5
288,밀양,2026-04-16 03:00,13.6,,2.8,20,67,1015.9,1016.9,,,,0,,10.7
288,밀양,2026-04-16 04:00,13.3,,2,70,64,1015.9,1016.9,,,,0,,9.5
288,밀양,2026-04-16 05:00,13,,2.6,360,61,1015.8,1016.8,,,,0,,10.1
288,밀양,2026-04-16 06:00,13,,2.6,50,60,1016.4,1017.4,0,0,,0,,10.1
288,밀양,2026-04-16 07:00,13.1,,3.5,50,65,1016.8,1017.8,.5,.23,,0,,13.4
288,밀양,2026-04-16 08:00,14.6,,2.5,320,59,1017.8,1018.8,1,.97,,0,,20.1
288,밀양,2026-04-16 09:00,15.7,,2.8,50,58,1018.3,1019.3,1,1.76,,0,,25.3
288,밀양,2026-04-16 10:00,17.6,,2.7,50,53,1018.5,1019.5,1,2.45,,0,,30.2
288,밀양,2026-04-16 11:00,18.9,,2.2,20,46,1018.4,1019.4,1,2.97,,0,,32.9
288,밀양,2026-04-16 12:00,20,,2.1,70,43,1017.7,1018.7,1,3.32,,3,,33.7
288,밀양,2026-04-16 13:00,21.4,,2.9,360,37,1016.8,1017.8,1,3.38,,3,,33.3
288,밀양,2026-04-16 14:00,22.4,,3.1,360,35,1016.3,1017.3,1,3.29,,1,,34.5
288,밀양,2026-04-16 15:00,22.1,,3.4,70,33,1015.8,1016.8,1,2.93,,2,,33
288,밀양,2026-04-16 16:00,22.6,,3.3,70,31,1015.5,1016.5,1,2.41,,0,,31.6
288,밀양,2026-04-16 17:00,22.2,,3.4,50,32,1015,1016,1,1.69,,0,,28.1
288,밀양,2026-04-16 18:00,19.8,,4.4,50,36,1014.9,1015.9,1,.86,,0,,20.3
288,밀양,2026-04-16 19:00,17.8,,3.2,50,38,1015.3,1016.3,.3,.14,,1,,15.7
288,밀양,2026-04-16 20:00,16,,3,70,37,1015.8,1016.8,,,,4,,13.8
288,밀양,2026-04-16 21:00,15.2,,2.2,50,38,1016.8,1017.8,,,,8,,12.9
288,밀양,2026-04-16 22:00,14.1,,2.1,20,44,1016.7,1017.7,,,,8,,11.8
288,밀양,2026-04-16 23:00,13.1,,2.4,50,50,1015.8,1016.8,,,,6,,10.8
288,밀양,2026-04-17 00:00,12,,1.4,320,55,1015.3,1016.3,,,,8,,9.8
288,밀양,2026-04-17 01:00,11.3,,1.2,290,59,1015.8,1016.8,,,,9,,8.8
288,밀양,2026-04-17 02:00,10.6,,.8,340,65,1015.6,1016.6,,,,10,,8.7
288,밀양,2026-04-17 03:00,10.5,,.6,320,69,1015.4,1016.4,,,,10,,9.1
288,밀양,2026-04-17 04:00,10.7,,.3,0,66,1015.2,1016.2,,,,10,,8.8
288,밀양,2026-04-17 05:00,10.6,,.3,0,66,1015,1016,,,,10,,9
288,밀양,2026-04-17 06:00,10.7,,1.5,50,72,1014.7,1015.7,0,0,,10,,9.5
288,밀양,2026-04-17 07:00,10.6,,1.5,360,74,1015,1016,0,.04,,10,,10.4
288,밀양,2026-04-17 08:00,11.3,,1.5,90,74,1014.5,1015.5,0,.13,,10,,12.3
288,밀양,2026-04-17 09:00,12.4,,.7,180,67,1014.9,1015.9,0,.5,,10,,15.2
288,밀양,2026-04-17 10:00,13.6,0,1.3,290,62,1015.1,1016.1,0,.49,,10,,18.5
288,밀양,2026-04-17 11:00,14.8,0,1,320,56,1014.9,1015.9,0,1.06,,10,,17.2
288,밀양,2026-04-17 12:00,15.5,0,1.3,270,57,1014.3,1015.3,0,.87,,10,,24.1
288,밀양,2026-04-17 13:00,17.2,0,.6,340,55,1013.3,1014.3,0,1.21,,10,,23.4
288,밀양,2026-04-17 14:00,17.2,0,.8,290,59,1012.8,1013.8,0,.68,,10,,21.8
288,밀양,2026-04-17 15:00,17.7,0,1.2,290,64,1012.1,1013.1,0,.82,,10,,21.8
288,밀양,2026-04-17 16:00,17.1,0,.8,200,68,1011.9,1012.9,0,.33,,10,,15.8
288,밀양,2026-04-17 17:00,14.6,.9,.9,200,85,1012.3,1013.3,0,.14,,10,,14.4
288,밀양,2026-04-17 18:00,13.6,2.4,.5,270,93,1012.6,1013.6,0,.08,,10,,13.8
288,밀양,2026-04-17 19:00,13.5,2.5,.2,0,97,1012.9,1013.9,0,.02,,10,,13.7
288,밀양,2026-04-17 20:00,13.6,3.2,.8,270,98,1013.5,1014.5,,,,10,,13.6
288,밀양,2026-04-17 21:00,13.6,1.9,.8,340,98,1013.6,1014.6,,,,10,,13.6
288,밀양,2026-04-17 22:00,13.7,3.3,.6,270,98,1013.8,1014.8,,,,10,,13.7
288,밀양,2026-04-17 23:00,13.7,2.6,.6,340,99,1013.6,1014.6,,,,10,,13.7
288,밀양,2026-04-18 00:00,13.7,1,.5,270,99,1013.5,1014.5,,,,10,,13.8
288,밀양,2026-04-18 01:00,13.9,.8,.7,320,99,1013.6,1014.6,,,,10,,13.8
288,밀양,2026-04-18 02:00,13.7,3.5,.6,20,99,1013.5,1014.5,,,,10,,13.6
288,밀양,2026-04-18 03:00,13.7,1.4,.1,0,99,1013.5,1014.5,,,,10,,13.6
288,밀양,2026-04-18 04:00,13.7,1.6,.3,0,99,1013.3,1014.3,,,,10,,13.6
288,밀양,2026-04-18 05:00,13.8,.6,.4,0,98,1013.2,1014.2,,,,10,,13.4
288,밀양,2026-04-18 06:00,13.8,.3,.1,0,98,1013.2,1014.2,0,0,,7,,13.8
288,밀양,2026-04-18 07:00,14.2,,.2,0,98,1013.9,1014.9,0,.07,,5,,15.3
288,밀양,2026-04-18 08:00,15,,.2,0,95,1014.4,1015.4,0,.37,,9,,16.8
288,밀양,2026-04-18 09:00,16.4,,1.1,180,89,1014.3,1015.3,0,.96,,8,,21.4
288,밀양,2026-04-18 10:00,17.3,,1,200,85,1014,1015,.3,1.71,,7,,23.9
288,밀양,2026-04-18 11:00,19.5,,1.7,160,76,1013.6,1014.6,.3,2.01,,7,,31.1
288,밀양,2026-04-18 12:00,21,,2,140,72,1013,1014,1,3.11,,5,,32.7
288,밀양,2026-04-18 13:00,22.2,,1.8,180,66,1012.5,1013.5,.9,3.22,,6,,34.7
288,밀양,2026-04-18 14:00,22.9,,1.4,70,66,1011.8,1012.8,1,3.22,,6,,36.6
288,밀양,2026-04-18 15:00,25,,1.2,320,61,1010.8,1011.8,1,3.02,,7,,37
288,밀양,2026-04-18 16:00,24.9,,2,230,60,1010.3,1011.3,1,2.17,,7,,34.3
288,밀양,2026-04-18 17:00,24.5,,.8,340,60,1010.5,1011.5,.5,1.04,,8,,27.8
288,밀양,2026-04-18 18:00,23,,1.6,200,70,1010.6,1011.6,0,.47,,8,,24.2
288,밀양,2026-04-18 19:00,22.1,,1.4,160,73,1010.9,1011.9,0,.11,,9,,20.4
288,밀양,2026-04-18 20:00,20.7,,1.9,180,73,1011.7,1012.7,0,,,9,,19.3
288,밀양,2026-04-18 21:00,19.3,,1,160,79,1012.3,1013.3,,,,10,,17.6
288,밀양,2026-04-18 22:00,17.8,,.5,290,89,1012.7,1013.7,,,,10,,16.4
288,밀양,2026-04-18 23:00,17.4,,.6,200,90,1012.5,1013.5,,,,10,,15.9
288,밀양,2026-04-19 00:00,16.8,,.3,0,90,1012.7,1013.7,,,,8,,14.3
288,밀양,2026-04-19 01:00,15.8,,.8,290,95,1012.8,1013.8,,,,10,,14.2
288,밀양,2026-04-19 02:00,15.9,,.4,0,95,1012.5,1013.5,,,,10,,14.3
288,밀양,2026-04-19 03:00,15.8,,1.5,70,95,1012.3,1013.3,,,,10,,14.4
288,밀양,2026-04-19 04:00,15.7,,1.7,360,95,1011.9,1012.9,,,,10,,14.6
288,밀양,2026-04-19 05:00,15.4,,.8,50,96,1011.7,1012.7,,,,10,,14.2
288,밀양,2026-04-19 06:00,15.3,,1.3,50,95,1011.7,1012.7,0,0,,10,,13.9
288,밀양,2026-04-19 07:00,15.6,,.5,340,96,1011.9,1012.9,0,.12,,9,,16.1
288,밀양,2026-04-19 08:00,17.5,,.6,50,86,1012.2,1013.2,.4,.77,,7,,23.4
288,밀양,2026-04-19 09:00,19.3,,.8,250,81,1012.1,1013.1,.5,1.4,,6,,30.6
288,밀양,2026-04-19 10:00,21.6,,.9,290,68,1011.7,1012.7,.9,2.28,,7,,36.5
288,밀양,2026-04-19 11:00,24.4,,2.3,180,59,1011.4,1012.4,1,2.72,,8,,33.7
288,밀양,2026-04-19 12:00,25.5,,2.2,180,56,1010.6,1011.6,1,3.19,,6,,39.5
288,밀양,2026-04-19 13:00,25.4,,2.3,140,50,1010.4,1011.4,.2,2.22,,9,,34.3
288,밀양,2026-04-19 14:00,25.9,,1.5,140,50,1009.7,1010.6,.3,1.95,,8,,34.8
288,밀양,2026-04-19 15:00,26.7,,2.4,200,47,1008.9,1009.8,.8,2.32,,7,,37.1
288,밀양,2026-04-19 16:00,25.7,,2.5,180,52,1008.4,1009.3,.7,1.87,,8,,30.9
288,밀양,2026-04-19 17:00,25.5,,2.3,180,52,1008.3,1009.2,.7,1.29,,7,,30.2
288,밀양,2026-04-19 18:00,24.3,,2.2,180,56,1008.7,1009.7,.5,.76,,8,,25.5
288,밀양,2026-04-19 19:00,21.8,,2,180,65,1009.4,1010.4,0,.18,,5,,20.4
288,밀양,2026-04-19 20:00,21,,1.8,160,66,1010,1011,0,0,,5,,18.5
288,밀양,2026-04-19 21:00,18.6,,1,320,77,1010.7,1011.7,,,,7,,15.9
288,밀양,2026-04-19 22:00,17.4,,1,270,82,1011,1012,,,,0,,14.7
288,밀양,2026-04-19 23:00,16.1,,.2,0,88,1010.8,1011.8,,,,0,,12.9
288,밀양,2026-04-20 00:00,15.5,,.1,0,90,1010.7,1011.7,,,,0,,11.8
288,밀양,2026-04-20 01:00,14.3,,.9,340,92,1010.3,1011.3,,,,0,,11.3
288,밀양,2026-04-20 02:00,13.8,,.5,270,95,1010.5,1011.5,,,,0,,11.1
288,밀양,2026-04-20 03:00,14.1,,.3,0,94,1009.8,1010.8,,,,0,,10.5
288,밀양,2026-04-20 04:00,13.8,,1.9,50,93,1008.7,1009.7,,,,0,,11.6
288,밀양,2026-04-20 05:00,12.5,,.3,0,97,1008.8,1009.8,,,,0,,9.9
288,밀양,2026-04-20 06:00,12.5,,.1,0,97,1008.9,1009.9,0,0,,0,,9.6
288,밀양,2026-04-20 07:00,13.3,,2.4,50,95,1009.6,1010.6,.3,.26,,6,,14
288,밀양,2026-04-20 08:00,16,,1.1,70,86,1009.7,1010.7,1,.95,,4,,17.2
288,밀양,2026-04-20 09:00,18.4,,.9,230,74,1008.7,1009.7,1,1.73,,0,,28.8
288,밀양,2026-04-20 10:00,21.3,,.9,160,64,1008.1,1009.1,1,2.38,,3,,34.8
288,밀양,2026-04-20 11:00,22.9,,1.8,230,61,1007.6,1008.6,1,2.9,,7,,34.8
288,밀양,2026-04-20 12:00,24.3,,2.2,200,56,1007,1008,.4,2.04,,8,,33.3
288,밀양,2026-04-20 13:00,24.3,,2.6,250,49,1006.1,1007.1,.6,2.53,,8,,31.1
288,밀양,2026-04-20 14:00,23.8,,1.9,250,53,1005.7,1006.7,0,.89,,9,,26
288,밀양,2026-04-20 15:00,22.3,0,2.3,250,68,1005.5,1006.5,0,.4,,10,,23
288,밀양,2026-04-20 16:00,22,0,2.7,270,65,1005.6,1006.6,0,.27,,10,,22.2
288,밀양,2026-04-20 17:00,21.6,0,3,290,62,1005.9,1006.9,0,.25,,10,,22.2
288,밀양,2026-04-20 18:00,21.1,,2.8,290,63,1006.2,1007.2,0,.24,,10,,21.2
288,밀양,2026-04-20 19:00,20.4,,3.7,290,63,1006.5,1007.5,0,.07,,10,,19.3
288,밀양,2026-04-20 20:00,19.5,,4,270,61,1007.6,1008.6,0,0,,6,,18
288,밀양,2026-04-20 21:00,17.6,,3.6,320,68,1009,1010,,,,0,,15.5
288,밀양,2026-04-20 22:00,16.1,,2.1,340,71,1010,1011,,,,0,,13.3
288,밀양,2026-04-20 23:00,14.3,,2.1,290,72,1011.2,1012.2,,,,5,,10.5
288,밀양,2026-04-21 00:00,13.4,,2.7,290,47,1012.9,1013.9,,,,5,,10.1
288,밀양,2026-04-21 01:00,11.7,,2.3,320,44,1013.6,1014.6,,,,6,,8.5
288,밀양,2026-04-21 02:00,10.1,,1.3,340,51,1014.1,1015.1,,,,5,,4.8
288,밀양,2026-04-21 03:00,11.4,,2.5,50,34,1014.9,1015.9,,,,6,,7.7
288,밀양,2026-04-21 04:00,10.3,,2.7,50,39,1015.6,1016.6,,,,6,,6.8
288,밀양,2026-04-21 05:00,10.5,,2.2,50,34,1016.2,1017.2,,,,6,,7.6
288,밀양,2026-04-21 06:00,8.6,,.9,340,47,1017.3,1018.3,0,0,,6,,5.6
288,밀양,2026-04-21 07:00,9.3,,.3,0,49,1017.9,1018.9,0,.24,,6,,9.6
288,밀양,2026-04-21 08:00,11.8,,1.3,20,31,1017.9,1018.9,1,.86,,5,,16.3
288,밀양,2026-04-21 09:00,14.1,,1.3,110,28,1017.2,1018.2,1,1.79,,1,,23.7
288,밀양,2026-04-21 10:00,16,,.8,160,24,1017.1,1018.1,1,2.52,,5,,30.4
288,밀양,2026-04-21 11:00,17.8,,1.5,180,22,1016.4,1017.4,1,3.09,,3,,32.8
288,밀양,2026-04-21 12:00,20.7,,1,90,21,1015.6,1016.6,1,3.39,,3,,35.2
288,밀양,2026-04-21 13:00,22.1,,2.4,140,21,1014.4,1015.4,1,3.46,,3,,33.9
288,밀양,2026-04-21 14:00,22.9,,3.3,140,24,1014.1,1015.1,1,3.32,,3,,33.5
288,밀양,2026-04-21 15:00,23.3,,2.5,230,22,1013.2,1014.2,1,2.94,,0,,34.5
288,밀양,2026-04-21 16:00,23.4,,2.8,180,20,1012.5,1013.5,1,2.38,,0,,32.3
288,밀양,2026-04-21 17:00,22.3,,3,200,23,1012.5,1013.5,1,1.69,,0,,27.4
288,밀양,2026-04-21 18:00,21.4,,2,160,25,1013.3,1014.3,1,.86,,0,,21.3
288,밀양,2026-04-21 19:00,19.3,,2.1,140,28,1013.7,1014.7,.1,.11,,2,,16.6
288,밀양,2026-04-21 20:00,17.9,,1.2,230,33,1014.7,1015.7,0,0,,9,,14.7
288,밀양,2026-04-21 21:00,15.1,,.6,270,48,1015.2,1016.2,,,,7,,11.6
288,밀양,2026-04-21 22:00,14,,.7,290,57,1015.2,1016.2,,,,8,,11.3
288,밀양,2026-04-21 23:00,13.6,,.4,0,60,1015.3,1016.3,,,,10,,11.6
288,밀양,2026-04-22 00:00,13.6,,.3,0,62,1014.7,1015.7,,,,10,,11.4
288,밀양,2026-04-22 01:00,14.1,,1,90,54,1014.2,1015.2,,,,10,,12.3
288,밀양,2026-04-22 02:00,13.6,,1.5,320,59,1014,1015,,,,10,,11.9
288,밀양,2026-04-22 03:00,12.7,,.9,360,71,1013.4,1014.4,,,,10,,11.1
288,밀양,2026-04-22 04:00,12.9,,.7,70,62,1013,1014,,,,10,,11.1
288,밀양,2026-04-22 05:00,12.4,,.4,0,70,1013.1,1014.1,,,,10,,10.7
288,밀양,2026-04-22 06:00,12.3,,.6,180,69,1012.9,1013.9,0,0,,10,,10.8
288,밀양,2026-04-22 07:00,12.6,,1.2,50,70,1013.1,1014.1,0,.06,,10,,12.2
288,밀양,2026-04-22 08:00,13.2,,1.7,50,67,1013.5,1014.5,0,.27,,10,,14.3
288,밀양,2026-04-22 09:00,13.9,,1.1,320,65,1013.4,1014.4,0,.42,,10,,17
288,밀양,2026-04-22 10:00,15,,2.2,230,56,1012.8,1013.8,0,.6,,10,,18.4
288,밀양,2026-04-22 11:00,16.7,,.8,160,46,1013,1014,0,.79,,10,,21.3
288,밀양,2026-04-22 12:00,18.7,,2.1,340,38,1012.5,1013.5,0,1.27,,10,,25.9
288,밀양,2026-04-22 13:00,19.8,,3.1,140,39,1012.2,1013.2,0,1.74,,10,,27.6
288,밀양,2026-04-22 14:00,19.6,,.8,230,35,1011.4,1012.4,0,1.15,,10,,24
288,밀양,2026-04-22 15:00,19.2,0,2.6,160,31,1010.7,1011.7,0,.69,,10,,19.7
288,밀양,2026-04-22 16:00,17.6,0,.7,290,46,1010.5,1011.5,0,.36,,10,,16.7
288,밀양,2026-04-22 17:00,14.7,.2,.8,230,72,1010.5,1011.5,0,.26,,10,,14.1
288,밀양,2026-04-22 18:00,15.3,0,.8,110,73,1009.8,1010.8,0,.26,,10,,14.4
288,밀양,2026-04-22 19:00,14.4,,.6,110,73,1009.7,1010.7,0,.08,,10,,13.1
288,밀양,2026-04-22 20:00,14,,.7,270,79,1009.8,1010.8,0,0,,10,,13.1
288,밀양,2026-04-22 21:00,14.2,,.4,0,76,1010,1011,,,,10,,13.1
288,밀양,2026-04-22 22:00,13.5,,.4,0,79,1009.6,1010.6,,,,10,,12.7
288,밀양,2026-04-22 23:00,13.1,,.2,0,79,1009.3,1010.3,,,,10,,12.2
288,밀양,2026-04-23 00:00,13.1,,.8,50,77,1009,1010,,,,10,,12
288,밀양,2026-04-23 01:00,12.4,,.3,0,84,1008.2,1009.2,,,,10,,11.1
288,밀양,2026-04-23 02:00,12.1,,.3,0,84,1007.3,1008.3,,,,10,,10.9
288,밀양,2026-04-23 03:00,11.7,,.4,0,87,1006.8,1007.8,,,,10,,11.1
288,밀양,2026-04-23 04:00,11.8,0,.3,0,85,1006.5,1007.5,,,,10,,11
288,밀양,2026-04-23 05:00,12.4,0,1.1,180,80,1006.2,1007.2,,,,10,,11.1
288,밀양,2026-04-23 06:00,11.5,0,.4,0,89,1006.2,1007.2,0,0,,10,,10.9
288,밀양,2026-04-23 07:00,12.6,0,.9,290,80,1006.4,1007.4,0,.11,,10,,12
288,밀양,2026-04-23 08:00,14.8,,1,160,61,1006.2,1007.2,0,.33,,9,,16.4
288,밀양,2026-04-23 09:00,17.6,,2.9,50,50,1006.1,1007.1,0,.86,,8,,22.2
288,밀양,2026-04-23 10:00,18.4,,2.2,20,53,1006.1,1007.1,.2,1.36,,9,,23.6
288,밀양,2026-04-23 11:00,20.4,,3.3,70,48,1006.1,1007.1,.9,2.81,,7,,31.8
288,밀양,2026-04-23 12:00,20.2,,4.1,70,44,1005.9,1006.9,.1,2.27,,9,,29.2
288,밀양,2026-04-23 13:00,19.9,,3.8,50,45,1006.4,1007.4,.6,2.44,,8,,29.6
288,밀양,2026-04-23 14:00,20.2,,4.2,70,45,1006.5,1007.5,.7,2.54,,8,,28
288,밀양,2026-04-23 15:00,18.9,,4.5,20,45,1007.2,1008.2,.5,2.01,,8,,25.1
288,밀양,2026-04-23 16:00,19.5,,3.8,20,45,1006.6,1007.6,.9,2.31,,1,,27.9
288,밀양,2026-04-23 17:00,18.5,,4,50,45,1007.9,1008.9,1,1.67,,5,,24.6
288,밀양,2026-04-23 18:00,17,,3.3,50,47,1008.9,1009.9,.9,.78,,3,,16.9
288,밀양,2026-04-23 19:00,15.7,,3.5,50,47,1009.5,1010.5,0,.13,,4,,14.4
288,밀양,2026-04-23 20:00,14.8,,3.7,50,48,1010.2,1011.2,0,0,,5,,12.9
288,밀양,2026-04-23 21:00,14.2,,3.8,50,49,1011,1012,,,,2,,12.5
288,밀양,2026-04-23 22:00,13.7,,3.6,20,52,1011.4,1012.4,,,,10,,12.3
288,밀양,2026-04-23 23:00,13.4,,3.1,340,51,1011.8,1012.8,,,,4,,10.9
288,밀양,2026-04-24 00:00,13.1,,2.9,320,52,1012.3,1013.3,,,,4,,10.5
288,밀양,2026-04-24 01:00,12.8,,3.2,290,55,1012,1013,,,,5,,9.9
288,밀양,2026-04-24 02:00,12.3,,1.9,290,57,1011.7,1012.7,,,,6,,9.3
288,밀양,2026-04-24 03:00,11.5,,.9,320,64,1012,1013,,,,6,,7.6
288,밀양,2026-04-24 04:00,11.1,,1.1,50,69,1012.1,1013.1,,,,5,,6.8
288,밀양,2026-04-24 05:00,9.4,,.5,90,76,1012.4,1013.4,,,,5,,6
288,밀양,2026-04-24 06:00,8.5,,.5,110,79,1012.8,1013.8,0,0,,3,,4.5
288,밀양,2026-04-24 07:00,11.5,,.6,340,70,1013.6,1014.6,.2,.26,,7,,12.1
288,밀양,2026-04-24 08:00,14,,2.4,360,56,1013.9,1014.9,1,1,,2,,18.2
288,밀양,2026-04-24 09:00,16.1,,2.7,50,51,1014.2,1015.2,1,1.83,,0,,24.3
288,밀양,2026-04-24 10:00,17.3,,2,70,41,1014.3,1015.3,1,2.56,,0,,30.7
288,밀양,2026-04-24 11:00,19.4,,2.2,340,37,1014,1015,1,3.08,,0,,34.5
288,밀양,2026-04-24 12:00,20.5,,2.8,70,33,1013.5,1014.5,1,3.41,,0,,33.9
288,밀양,2026-04-24 13:00,21.6,,2,290,31,1013.1,1014.1,1,3.49,,0,,35.4
288,밀양,2026-04-24 14:00,22.4,,3.1,70,27,1012.7,1013.7,1,3.35,,1,,34.6
288,밀양,2026-04-24 15:00,23.5,,3.2,70,23,1012.5,1013.5,1,2.96,,1,,32.1
288,밀양,2026-04-24 16:00,23.1,,2.6,50,23,1012.7,1013.7,1,2.05,,1,,29
288,밀양,2026-04-24 17:00,22.9,,3.5,70,21,1013.1,1014.1,1,1.66,,5,,29
288,밀양,2026-04-24 18:00,21.8,,2.7,50,23,1013.5,1014.5,1,1.04,,5,,22.3
288,밀양,2026-04-24 19:00,19.7,,3.5,50,25,1014.2,1015.2,0,.16,,3,,17.7
288,밀양,2026-04-24 20:00,18.2,,1.2,50,32,1015.2,1016.2,0,0,,4,,14.5
288,밀양,2026-04-24 21:00,16.3,,.8,290,39,1015.8,1016.8,,,,7,,13.4
288,밀양,2026-04-24 22:00,14.3,,1.1,290,51,1016.4,1017.4,,,,6,,11.2
288,밀양,2026-04-24 23:00,12.6,,.5,290,59,1016.7,1017.7,,,,0,,7.4
288,밀양,2026-04-25 00:00,11.8,,.5,160,62,1016.9,1017.9,,,,0,,5.7
288,밀양,2026-04-25 01:00,9.1,,.3,0,71,1017.1,1018.1,,,,0,,4.2
288,밀양,2026-04-25 02:00,8.4,,.4,0,73,1016.9,1017.9,,,,0,,3.7
288,밀양,2026-04-25 03:00,7.5,,.4,0,77,1017.1,1018.1,,,,0,,3.2
288,밀양,2026-04-25 04:00,7.3,,.6,360,74,1017.6,1018.6,,,,0,,2.6
288,밀양,2026-04-25 05:00,7.6,,1,360,73,1018.2,1019.2,,,,0,,4.1
288,밀양,2026-04-25 06:00,6,,.9,340,79,1018.2,1019.2,0,0,,0,,2.3
288,밀양,2026-04-25 07:00,7.5,,.4,0,76,1018.2,1019.2,.3,.26,,0,,7.5
288,밀양,2026-04-25 08:00,10.6,,1.9,50,62,1018.3,1019.3,1,1.09,,0,,15.1
288,밀양,2026-04-25 09:00,14.4,,1.2,340,45,1018.1,1019.1,1,1.87,,0,,24.3
288,밀양,2026-04-25 10:00,18.2,,1.3,160,31,1018.1,1019.1,1,2.57,,0,,32.7
288,밀양,2026-04-25 11:00,21.6,,1.6,140,22,1018,1019,1,3.09,,0,,36.5
288,밀양,2026-04-25 12:00,24.2,,2.1,140,23,1017.3,1018.3,1,3.42,,0,,38.4
288,밀양,2026-04-25 13:00,25.1,,2.1,180,17,1016.4,1017.4,1,3.5,,0,,39
288,밀양,2026-04-25 14:00,26.4,,2,160,19,1015.3,1016.3,1,3.34,,0,,38.6
288,밀양,2026-04-25 15:00,26,,2.2,250,17,1014.3,1015.3,1,2.9,,0,,35.8
288,밀양,2026-04-25 16:00,26.4,,2.8,180,15,1013.8,1014.8,1,2.35,,5,,33.4
288,밀양,2026-04-25 17:00,26,,2.5,140,15,1013.5,1014.5,1,1.56,,3,,29.2
288,밀양,2026-04-25 18:00,24.4,,2.1,200,19,1013.4,1014.4,1,.73,,5,,23.9
288,밀양,2026-04-25 19:00,22.6,,1.7,200,19,1013.7,1014.7,0,.21,,0,,18.4
288,밀양,2026-04-25 20:00,17.7,,.7,290,44,1014.3,1015.3,0,0,,5,,12.1
288,밀양,2026-04-25 21:00,15.5,,.6,270,47,1015,1016,,,,0,,9.1
288,밀양,2026-04-25 22:00,13.5,,.4,0,60,1015.2,1016.2,,,,0,,7.4
288,밀양,2026-04-25 23:00,11.9,,.7,320,68,1015.1,1016.1,,,,0,,6.7
288,밀양,2026-04-26 00:00,10.8,,.6,320,71,1014.6,1015.6,,,,0,,5.7
288,밀양,2026-04-26 01:00,10.3,,.2,0,73,1014.1,1015.1,,,,0,,6
288,밀양,2026-04-26 02:00,9.9,,.3,0,74,1013.8,1014.8,,,,0,,5.9
288,밀양,2026-04-26 03:00,10.5,,2.5,50,67,1013.4,1014.4,,,,0,,8.2
288,밀양,2026-04-26 04:00,9.8,,1.3,50,69,1013.2,1014.2,,,,0,,7.6
288,밀양,2026-04-26 05:00,8.9,,.7,20,75,1012.9,1013.9,,,,0,,5.6
288,밀양,2026-04-26 06:00,9.1,,1,50,72,1013.1,1014.1,0,.01,,0,,6.7
288,밀양,2026-04-26 07:00,9.8,,.8,340,75,1013.2,1014.2,.3,.27,,0,,10.5
288,밀양,2026-04-26 08:00,13.4,,.8,20,60,1012.9,1013.9,1,.99,,0,,18.4
288,밀양,2026-04-26 09:00,16.8,,.8,110,49,1012.5,1013.5,1,1.74,,6,,27.5
288,밀양,2026-04-26 10:00,19.9,,1.2,160,36,1011.8,1012.8,1,2.14,,6,,31
288,밀양,2026-04-26 11:00,22.9,,2,180,39,1011.3,1012.3,1,2.75,,7,,36
288,밀양,2026-04-26 12:00,24.3,,2.2,140,41,1010.4,1011.4,.9,2.94,,7,,38.1
288,밀양,2026-04-26 13:00,25.3,,2.9,110,41,1009.5,1010.5,.7,2.81,,6,,35
288,밀양,2026-04-26 14:00,25.3,,2.3,250,41,1008.6,1009.5,.5,2.29,,4,,37.6
288,밀양,2026-04-26 15:00,26.3,,1.8,230,38,1007.5,1008.4,1,3.03,,0,,36.5
288,밀양,2026-04-26 16:00,26.2,,2.6,180,39,1006.4,1007.3,1,2.4,,0,,34.9
288,밀양,2026-04-26 17:00,25.6,,2.5,180,42,1006.2,1007.1,1,1.66,,1,,31.4
288,밀양,2026-04-26 18:00,24.3,,2.4,200,46,1006.1,1007.1,.9,.87,,0,,24.6
288,밀양,2026-04-26 19:00,22.9,,1.2,180,53,1006.4,1007.4,.1,.17,,0,,20.2
288,밀양,2026-04-26 20:00,21.3,,1.9,160,59,1007.2,1008.2,0,0,,0,,18.4
288,밀양,2026-04-26 21:00,18.1,,.4,0,74,1008.3,1009.3,,,,0,,14.3
288,밀양,2026-04-26 22:00,16.8,,1.4,270,78,1008.5,1009.5,,,,0,,13.2
288,밀양,2026-04-26 23:00,15.8,,.6,290,81,1008.3,1009.3,,,,0,,12.2
288,밀양,2026-04-27 00:00,14.5,,.5,290,86,1008.4,1009.4,,,,5,,11.2
288,밀양,2026-04-27 01:00,14.2,,.2,0,88,1008.7,1009.7,,,,6,,10.1
288,밀양,2026-04-27 02:00,13.5,,.8,340,89,1008.8,1009.8,,,,7,,10.3
288,밀양,2026-04-27 03:00,13.8,,2.5,50,88,1008.8,1009.8,,,,0,,11.1
288,밀양,2026-04-27 04:00,13.3,,1.2,50,89,1008.7,1009.7,,,,0,,10.1
288,밀양,2026-04-27 05:00,11.1,,.3,0,94,1008.4,1009.4,,,,0,,6.9
288,밀양,2026-04-27 06:00,10.7,,.4,0,95,1008.6,1009.6,0,0,,0,,7.2
288,밀양,2026-04-27 07:00,12.7,,.6,20,88,1009.3,1010.3,.3,.3,,0,,11.4
288,밀양,2026-04-27 08:00,15.3,,1.7,70,72,1009.5,1010.5,1,1.04,,0,,17.1
288,밀양,2026-04-27 09:00,19.4,,.8,200,52,1009.5,1010.5,1,1.79,,0,,28.1
288,밀양,2026-04-27 10:00,22.9,,1.6,160,31,1009.1,1010.1,1,2.48,,0,,35.5
288,밀양,2026-04-27 11:00,24.2,,1.4,290,26,1009.2,1010.2,1,2.98,,0,,39.6
288,밀양,2026-04-27 12:00,26.9,,1.7,180,23,1008.8,1009.7,1,3.28,,0,,40.8
288,밀양,2026-04-27 13:00,26.9,,2.5,250,26,1008.3,1009.2,1,3.26,,5,,40
288,밀양,2026-04-27 14:00,27.2,,3.2,200,26,1007.7,1008.6,1,3.15,,3,,38.9
288,밀양,2026-04-27 15:00,26.3,,4.4,180,26,1007.4,1008.3,1,2.74,,5,,34.3
288,밀양,2026-04-27 16:00,25.9,,3.9,180,29,1007.5,1008.4,1,2.12,,6,,32.1
288,밀양,2026-04-27 17:00,23.7,,3.9,160,34,1007.6,1008.6,1,1.44,,7,,27.7
288,밀양,2026-04-27 18:00,21.4,,2.3,180,38,1008.3,1009.3,.6,.72,,7,,21.8
288,밀양,2026-04-27 19:00,20.2,,2.9,200,44,1008.1,1009.1,0,.1,,8,,18.9
288,밀양,2026-04-27 20:00,19.6,,1.9,160,47,1009.2,1010.2,0,.01,,8,,17.5
288,밀양,2026-04-27 21:00,18.9,,2.7,140,53,1009.4,1010.4,,,,7,,17.2
288,밀양,2026-04-27 22:00,18.2,,2.4,160,61,1009.5,1010.5,,,,8,,16.2
288,밀양,2026-04-27 23:00,17.4,,1.7,140,66,1009.2,1010.2,,,,8,,15.1
288,밀양,2026-04-28 00:00,14.8,,1.2,290,76,1009.1,1010.1,,,,8,,11.7
288,밀양,2026-04-28 01:00,13.9,,.8,270,79,1008.7,1009.7,,,,8,,10.7
288,밀양,2026-04-28 02:00,13.4,,.5,270,81,1008.3,1009.3,,,,9,,10.5
288,밀양,2026-04-28 03:00,13,,.4,0,82,1007.8,1008.8,,,,9,,10.5
288,밀양,2026-04-28 04:00,13.1,,.5,290,81,1007.9,1008.9,,,,10,,10.6
288,밀양,2026-04-28 05:00,12.7,,.7,270,83,1008,1009,,,,10,,10.7
288,밀양,2026-04-28 06:00,12.7,,.4,0,84,1008.1,1009.1,0,0,,9,,10.8
288,밀양,2026-04-28 07:00,13.6,,.1,0,79,1008.7,1009.7,0,.17,,9,,14.4
288,밀양,2026-04-28 08:00,16,,1,140,73,1009.1,1010.1,0,.65,,9,,20.4
288,밀양,2026-04-28 09:00,18.9,,2.2,250,53,1009,1010,.6,1.46,,6,,27
288,밀양,2026-04-28 10:00,20.4,,2.5,290,46,1009,1010,.4,1.72,,8,,29.8
288,밀양,2026-04-28 11:00,21.3,,3.9,290,35,1009.1,1010.1,.8,2.32,,8,,29.8
288,밀양,2026-04-28 12:00,22.8,,3.6,320,29,1008.7,1009.7,1,3.37,,5,,36.9
288,밀양,2026-04-28 13:00,23.9,,3.6,290,29,1008.1,1009.1,1,3.37,,7,,33.7
288,밀양,2026-04-28 14:00,24.2,,3,290,29,1007.9,1008.9,1,3.33,,7,,35.5
288,밀양,2026-04-28 15:00,23.9,,3.3,320,28,1007.5,1008.5,.8,2.38,,7,,33.3
288,밀양,2026-04-28 16:00,23.1,,4.2,320,31,1007.9,1008.9,.5,1.67,,9,,26.3
288,밀양,2026-04-28 17:00,22.7,,2.9,290,27,1008.4,1009.4,0,.76,,10,,25.1
288,밀양,2026-04-28 18:00,21.5,,3.5,320,26,1009.3,1010.3,.3,.6,,9,,21.9
288,밀양,2026-04-28 19:00,20.2,,1.9,320,35,1010.3,1011.3,0,.15,,8,,18.5
288,밀양,2026-04-28 20:00,19.4,,2.6,320,38,1011.6,1012.6,0,0,,10,,17.9
288,밀양,2026-04-28 21:00,18.4,,3.5,290,41,1013,1014,,,,10,,17.2
288,밀양,2026-04-28 22:00,17.7,,2.3,290,44,1013.3,1014.3,,,,10,,16.1
288,밀양,2026-04-28 23:00,16.8,,2.8,290,48,1013.4,1014.4,,,,9,,15.6
288,밀양,2026-04-29 00:00,15.8,,2.3,320,49,1013.7,1014.7,,,,8,,13.8
288,밀양,2026-04-29 01:00,15.1,,1.1,340,59,1014.1,1015.1,,,,9,,12.6
288,밀양,2026-04-29 02:00,13.5,,.8,290,62,1014.3,1015.3,,,,8,,9.7
288,밀양,2026-04-29 03:00,12.4,,1.4,360,67,1014.2,1015.2,,,,8,,9.5
288,밀양,2026-04-29 04:00,11.2,,.6,320,71,1014.5,1015.5,,,,8,,7.1
288,밀양,2026-04-29 05:00,10.6,,.2,0,75,1015,1016,,,,8,,6.9
288,밀양,2026-04-29 06:00,10.3,,.9,360,75,1015.8,1016.8,0,.01,,7,,7
288,밀양,2026-04-29 07:00,11.8,,1.1,70,77,1016.3,1017.3,.3,.25,,7,,11.6
288,밀양,2026-04-29 08:00,13.8,,.5,90,67,1016.7,1017.7,.6,.78,,8,,17.7
288,밀양,2026-04-29 09:00,15.6,,1,160,56,1016.8,1017.8,1,1.72,,7,,25.5
288,밀양,2026-04-29 10:00,17.5,,2.1,340,45,1016.6,1017.6,1,2.17,,7,,31.2
288,밀양,2026-04-29 11:00,17.5,,1.7,200,44,1016.4,1017.4,.1,1.97,,10,,28
288,밀양,2026-04-29 12:00,17.7,,1.5,250,43,1015.9,1016.9,0,1.58,,10,,27.8
288,밀양,2026-04-29 13:00,18.2,,1.8,290,41,1015.5,1016.5,0,1.57,,10,,26.4
288,밀양,2026-04-29 14:00,18.6,,1,20,40,1015.3,1016.3,0,1.08,,10,,25.4
288,밀양,2026-04-29 15:00,19.5,,1.5,290,38,1014.7,1015.7,.1,1.46,,9,,28.6
288,밀양,2026-04-29 16:00,19.3,,1.5,160,37,1014.3,1015.3,0,1.23,,10,,24.1
288,밀양,2026-04-29 17:00,18.5,,1.2,250,42,1014.6,1015.6,0,.62,,9,,21.4
288,밀양,2026-04-29 18:00,17.1,,3.4,160,60,1014.8,1015.8,0,.33,,9,,17.8
288,밀양,2026-04-29 19:00,16.3,,2.7,140,66,1015.4,1016.4,0,.1,,10,,15.7
288,밀양,2026-04-29 20:00,15.5,,1.4,160,69,1015.9,1016.9,0,0,,10,,14.4
288,밀양,2026-04-29 21:00,15.3,,1.8,180,71,1016.3,1017.3,,,,10,,14.1
288,밀양,2026-04-29 22:00,15,,.6,200,73,1017,1018,,,,10,,13.2
288,밀양,2026-04-29 23:00,14.7,,1.9,140,74,1016.7,1017.7,,,,10,,13.6
288,밀양,2026-04-30 00:00,13.8,,.6,320,79,1016.6,1017.6,,,,10,,12.4
289,산청,2026-01-01 01:00,-5.1,,3,320,34,1009.2,1027.1,,,,0,,-7
289,산청,2026-01-01 02:00,-5.3,,3.1,340,35,1008.9,1026.8,,,,0,,-7.3
289,산청,2026-01-01 03:00,-6.3,,1.8,320,41,1008.5,1026.4,,,,0,,-8.2
289,산청,2026-01-01 04:00,-7.2,,1.3,270,47,1008,1026,,,,10,,-9.3
289,산청,2026-01-01 05:00,-6,,3.8,320,40,1008.1,1026,,,,4,,-7.7
289,산청,2026-01-01 06:00,-5.9,,4.6,340,40,1008.1,1026,,,,9,,-6.6
289,산청,2026-01-01 07:00,-6.1,,4.6,340,40,1008.2,1026.1,,,,10,,-6.6
289,산청,2026-01-01 08:00,-5.8,,5,360,33,1008.5,1026.4,0,,,10,,-5.9
289,산청,2026-01-01 09:00,-5.3,,4.5,340,26,1008.6,1026.5,0,,,9,,-3.1
289,산청,2026-01-01 10:00,-4.2,,4.3,340,22,1008.9,1026.7,.6,,,8,,-.2
289,산청,2026-01-01 11:00,-2.3,,4.8,340,17,1008.8,1026.5,.8,,,8,,8.9
289,산청,2026-01-01 12:00,-2.2,,4.6,290,17,1008.4,1026.1,.8,,,9,,5.2
289,산청,2026-01-01 13:00,-2.1,,5.2,290,18,1007.6,1025.2,.1,,,10,,3.7
289,산청,2026-01-01 14:00,-1.4,,4.8,320,21,1007.5,1025.1,.2,,,9,,6
289,산청,2026-01-01 15:00,-.8,,4.7,270,21,1006.9,1024.4,1,,,8,,6.6
289,산청,2026-01-01 16:00,-.7,,5.4,270,24,1006.9,1024.4,.7,,,8,,2.6
289,산청,2026-01-01 17:00,-1.8,,3.8,290,28,1007.3,1024.9,.2,,,6,,-.6
289,산청,2026-01-01 18:00,-2.8,,2.6,290,31,1007.6,1025.3,0,,,6,,-4.9
289,산청,2026-01-01 19:00,-3.4,,2,290,33,1007.4,1025.1,,,,8,,-5.3
289,산청,2026-01-01 20:00,-4,,2.2,290,34,1007.1,1024.9,,,,7,,-6.2
289,산청,2026-01-01 21:00,-4.7,,1.8,340,36,1007,1024.8,,,,0,,-6.9
289,산청,2026-01-01 22:00,-4.5,,2.7,290,36,1007.3,1025.1,,,,0,,-7
289,산청,2026-01-01 23:00,-5,,2.3,290,42,1007.1,1024.9,,,,0,,-7.4
289,산청,2026-01-02 00:00,-5.9,,2,360,46,1006.8,1024.7,,,,3,,-7.5
289,산청,2026-01-02 01:00,-6.5,,1.6,320,52,1006.3,1024.2,,,,0,,-8.7
289,산청,2026-01-02 02:00,-6.3,,1.7,360,55,1006.1,1024,,,,6,,-8
289,산청,2026-01-02 03:00,-5.7,,3.4,340,53,1006.4,1024.3,,,,7,,-7.5
289,산청,2026-01-02 04:00,-6.7,,2.4,340,55,1006.4,1024.3,,,,3,,-8.8
289,산청,2026-01-02 05:00,-7,,2,320,51,1006.5,1024.5,,,,0,,-9.2
289,산청,2026-01-02 06:00,-6.8,,4.3,290,50,1006.5,1024.4,,,,0,,-8.8
289,산청,2026-01-02 07:00,-7.9,,2.9,340,53,1006.8,1024.8,,,,0,,-9.4
289,산청,2026-01-02 08:00,-8.1,,2.5,340,56,1007.3,1025.3,0,,,0,,-9.2
289,산청,2026-01-02 09:00,-6.8,,4.5,290,50,1007.4,1025.4,0,,,0,,-7.2
289,산청,2026-01-02 10:00,-5.3,,4.7,340,42,1008,1025.9,.8,,,0,,.5
289,산청,2026-01-02 11:00,-3.8,,4.9,320,36,1008,1025.8,1,,,0,,8.2
289,산청,2026-01-02 12:00,-2.4,,4.6,340,30,1007.3,1025,1,,,0,,10.7
289,산청,2026-01-02 13:00,-.7,,4.1,290,26,1006.3,1023.8,1,,,0,,12.7
289,산청,2026-01-02 14:00,-.2,,4.9,290,26,1005.8,1023.3,1,,,0,,10.6
289,산청,2026-01-02 15:00,0,,5.2,270,25,1005.6,1023.1,1,,,0,,7.8
289,산청,2026-01-02 16:00,-.7,,5.2,270,31,1006.1,1023.6,1,,,0,,2.9
289,산청,2026-01-02 17:00,-2.2,,4.3,270,42,1006.4,1024,.2,,,0,,-3.4
289,산청,2026-01-02 18:00,-2.6,,6.4,290,51,1006.9,1024.6,0,,,0,,-3.9
289,산청,2026-01-02 19:00,-2.6,,7.2,290,54,1007,1024.7,,,,0,,-3.8
289,산청,2026-01-02 20:00,-2.9,,4.7,320,58,1007.2,1024.9,,,,0,,-4.3
289,산청,2026-01-02 21:00,-3,,5.9,290,57,1007.6,1025.3,,,,0,,-4.6
289,산청,2026-01-02 22:00,-3.1,,6.3,290,54,1007.6,1025.3,,,,0,,-4.7
289,산청,2026-01-02 23:00,-3.3,,4.7,320,56,1008,1025.7,,,,0,,-5.2
289,산청,2026-01-03 00:00,-3.2,,4.6,320,57,1008.2,1025.9,,,,0,,-5.5
289,산청,2026-01-03 01:00,-3.4,,3.7,320,55,1008.1,1025.8,,,,0,,-5.7
289,산청,2026-01-03 02:00,-3.3,,4.4,320,46,1008.5,1026.2,,,,0,,-5.8
289,산청,2026-01-03 03:00,-3.6,,3.2,320,43,1008.6,1026.4,,,,0,,-6.5
289,산청,2026-01-03 04:00,-4.1,,3.8,360,45,1008.5,1026.3,,,,0,,-6.7
289,산청,2026-01-03 05:00,-4.1,,4.5,20,42,1008.3,1026.1,,,,0,,-6.9
289,산청,2026-01-03 06:00,-3.5,,4.1,360,39,1009,1026.8,,,,0,,-6.4
289,산청,2026-01-03 07:00,-3.3,,3.2,340,41,1009.5,1027.3,,,,0,,-6.3
289,산청,2026-01-03 08:00,-3.8,,2.4,20,48,1010.1,1027.9,0,,,0,,-6.7
289,산청,2026-01-03 09:00,-1.8,,3.2,360,42,1010.7,1028.4,0,,,0,,-4.2
289,산청,2026-01-03 10:00,.6,,3.3,290,42,1011.2,1028.7,.8,,,0,,7.3
289,산청,2026-01-03 11:00,1.9,,4.2,290,41,1011.3,1028.7,1,,,0,,13.2
289,산청,2026-01-03 12:00,2.8,,5.1,290,36,1010.5,1027.9,1,,,0,,14.2
289,산청,2026-01-03 13:00,4.2,,4.4,320,39,1009.4,1026.7,1,,,1,,14.9
289,산청,2026-01-03 14:00,4.2,,4.8,290,41,1008.8,1026,.8,,,3,,9.1
289,산청,2026-01-03 15:00,4.1,,5.2,290,43,1008.6,1025.8,.1,,,5,,5.6
289,산청,2026-01-03 16:00,3.8,,5.2,270,47,1008.8,1026.1,0,,,8,,4.6
289,산청,2026-01-03 17:00,3.2,,4,270,50,1008.8,1026.1,0,,,8,,1.6
289,산청,2026-01-03 18:00,2.8,,4,270,52,1009,1026.3,0,,,8,,.3
289,산청,2026-01-03 19:00,2.7,,5.7,270,53,1009.1,1026.4,,,,8,,.9
289,산청,2026-01-03 20:00,2.6,,5.3,270,55,1009,1026.3,,,,8,,1
289,산청,2026-01-03 21:00,2.3,,3.9,270,56,1009.3,1026.7,,,,8,,-.5
289,산청,2026-01-03 22:00,2.1,,4.1,290,57,1009.1,1026.5,,,,3,,-1
289,산청,2026-01-03 23:00,2.3,,3.1,290,58,1009.3,1026.7,,,,9,,-.2
289,산청,2026-01-04 00:00,2.5,,3.3,320,58,1009.1,1026.5,,,,10,,.6
289,산청,2026-01-04 01:00,2.8,,4.6,290,59,1008.7,1026,,,,9,,1.2
289,산청,2026-01-04 02:00,2.9,,3.7,290,58,1008.4,1025.7,,,,3,,.1
289,산청,2026-01-04 03:00,2.4,,5.1,270,57,1008.3,1025.7,,,,0,,-1.3
289,산청,2026-01-04 04:00,2.5,,5.8,290,56,1007.9,1025.2,,,,0,,-1.1
289,산청,2026-01-04 05:00,2.4,,4,290,58,1007.5,1024.8,,,,0,,-1.3
289,산청,2026-01-04 06:00,2.2,,3.9,290,58,1007.7,1025.1,,,,0,,-1.7
289,산청,2026-01-04 07:00,2.4,,5,270,57,1008,1025.3,,,,0,,-1.5
289,산청,2026-01-04 08:00,2.3,,3.8,290,58,1008.1,1025.5,0,,,0,,-1.3
289,산청,2026-01-04 09:00,3,,4.9,290,56,1008.6,1025.9,0,,,0,,1.3
289,산청,2026-01-04 10:00,4.4,,4.7,290,53,1009.1,1026.3,.7,,,0,,9.6
289,산청,2026-01-04 11:00,5.8,,3.8,290,49,1008.7,1025.8,1,,,0,,15.3
289,산청,2026-01-04 12:00,7,,4.1,290,46,1007.8,1024.8,1,,,5,,18.6
289,산청,2026-01-04 13:00,6.9,,5.7,270,46,1006.8,1023.8,1,,,5,,17.1
289,산청,2026-01-04 14:00,6.7,,4.9,270,46,1005.9,1022.9,.6,,,6,,11.7
289,산청,2026-01-04 15:00,6.9,,6.4,270,46,1005.4,1022.4,.9,,,6,,13.5
289,산청,2026-01-04 16:00,5.7,,5.8,270,51,1005.4,1022.5,.6,,,7,,6.2
289,산청,2026-01-04 17:00,5.1,,5,270,54,1005.4,1022.5,0,,,8,,4.2
289,산청,2026-01-04 18:00,4.5,,3.2,320,55,1005.2,1022.4,0,,,6,,2
289,산청,2026-01-04 19:00,4.1,,3.1,320,57,1005.5,1022.7,,,,10,,2.1
289,산청,2026-01-04 20:00,4.2,,2.9,320,54,1005,1022.2,,,,9,,1.8
289,산청,2026-01-04 21:00,3.8,,2.5,320,56,1004.9,1022.1,,,,9,,1.4
289,산청,2026-01-04 22:00,3.8,,2.5,340,55,1004.6,1021.8,,,,9,,1
289,산청,2026-01-04 23:00,3.7,,2.2,320,53,1004.6,1021.8,,,,10,,1.3
289,산청,2026-01-05 00:00,3.7,,2.9,290,46,1004.2,1021.4,,,,8,,.6
289,산청,2026-01-05 01:00,3.9,,3.8,290,38,1004.1,1021.3,,,,10,,1
289,산청,2026-01-05 02:00,4,,4,270,34,1004.1,1021.3,,,,10,,1
289,산청,2026-01-05 03:00,3.7,,3,320,35,1004.1,1021.3,,,,9,,1.1
289,산청,2026-01-05 04:00,3.5,,4,320,37,1003.7,1020.9,,,,10,,1.3
289,산청,2026-01-05 05:00,3.3,,3.2,290,41,1003.1,1020.3,,,,10,,.8
289,산청,2026-01-05 06:00,3,,2.7,290,42,1003,1020.2,,,,8,,-.6
289,산청,2026-01-05 07:00,2.8,,4.4,320,44,1003.5,1020.7,,,,8,,-.2
289,산청,2026-01-05 08:00,2.3,,3.6,320,48,1004.1,1021.4,0,,,8,,-.1
289,산청,2026-01-05 09:00,2.2,,4.7,320,51,1004.6,1021.9,0,,,9,,2.3
289,산청,2026-01-05 10:00,2.6,,3.2,290,49,1004.8,1022.1,0,,,9,,4.3
289,산청,2026-01-05 11:00,3.4,,2.8,290,43,1004.7,1021.9,0,,,8,,7.1
289,산청,2026-01-05 12:00,4.8,,4,290,34,1003.6,1020.7,.3,,,8,,12.4
289,산청,2026-01-05 13:00,5.2,,4.1,270,34,1002.7,1019.8,.5,,,10,,11.2
289,산청,2026-01-05 14:00,5.8,,4.9,270,27,1002.2,1019.2,.5,,,8,,13.9
289,산청,2026-01-05 15:00,5.7,,2.7,290,27,1002.4,1019.4,.9,,,6,,9.9
289,산청,2026-01-05 16:00,5.3,,5.1,290,27,1002.6,1019.7,1,,,0,,8.3
289,산청,2026-01-05 17:00,3.9,,5.1,270,34,1003.2,1020.4,.3,,,0,,1.4
289,산청,2026-01-05 18:00,3.1,,5,290,36,1004,1021.2,0,,,0,,-.5
289,산청,2026-01-05 19:00,2.4,,4.3,290,40,1004.8,1022.1,,,,0,,-1.1
289,산청,2026-01-05 20:00,1.3,,3.2,290,43,1005.4,1022.8,,,,0,,-2.5
289,산청,2026-01-05 21:00,.9,,3.5,320,33,1005.8,1023.2,,,,0,,-2.6
289,산청,2026-01-05 22:00,-.2,,2.4,20,33,1006.2,1023.7,,,,0,,-4
289,산청,2026-01-05 23:00,-.8,,1.4,340,32,1006.5,1024,,,,0,,-4.8
289,산청,2026-01-06 00:00,-1.6,,1,250,34,1006.8,1024.4,,,,0,,-6.4
289,산청,2026-01-06 01:00,-2.1,,.9,250,35,1006.7,1024.3,,,,0,,
289,산청,2026-01-06 02:00,-3.9,,1.2,250,45,1006.9,1024.6,,,,0,,
289,산청,2026-01-06 03:00,-4.6,,.9,230,48,1007.3,1025.1,,,,0,,
289,산청,2026-01-06 04:00,-5.1,,.4,0,53,1007.3,1025.1,,,,0,,
289,산청,2026-01-06 05:00,-5.7,,.2,0,54,1007.1,1025,,,,0,,
289,산청,2026-01-06 06:00,-6.2,,.2,0,57,1007.3,1025.2,,,,0,,
289,산청,2026-01-06 07:00,-7.4,,.1,0,65,1007.7,1025.7,,,,0,,
289,산청,2026-01-06 08:00,-7.8,,.1,0,67,1008,1026,0,,,0,,
289,산청,2026-01-06 09:00,-6.8,,.4,0,60,1008.2,1026.2,0,,,0,,
289,산청,2026-01-06 10:00,-2.3,,.2,0,49,1007.9,1025.6,.8,,,0,,
289,산청,2026-01-06 11:00,1.7,,.6,200,27,1007.4,1024.8,1,,,0,,
289,산청,2026-01-06 12:00,5.4,,1.1,270,17,1006.2,1023.3,1,,,0,,
289,산청,2026-01-06 13:00,7.7,,.7,250,14,1004.9,1021.8,1,,,0,,
289,산청,2026-01-06 14:00,9.6,,1,270,12,1004,1020.8,1,,,0,,
289,산청,2026-01-06 15:00,9.7,,2.9,320,13,1003.5,1020.3,1,,,0,,
289,산청,2026-01-06 16:00,8.7,,3,290,15,1003.8,1020.7,1,,,0,,
289,산청,2026-01-06 17:00,6.5,,3.1,360,20,1003.9,1020.9,.3,,,6,,
289,산청,2026-01-06 18:00,5.2,,1.8,20,20,1003.9,1021,0,,,8,,
289,산청,2026-01-06 19:00,3.7,,1.1,250,24,1004.1,1021.3,,,,10,,
289,산청,2026-01-06 20:00,2.8,,.5,290,26,1004.2,1021.5,,,,6,,
289,산청,2026-01-06 21:00,.6,,.5,250,35,1004.5,1021.9,,,,8,,
289,산청,2026-01-06 22:00,0,,1.1,230,35,1004.4,1021.8,,,,6,,
289,산청,2026-01-06 23:00,-.5,,1,230,39,1004.9,1022.4,,,,8,,
289,산청,2026-01-07 00:00,2.5,,3.3,340,48,1004.8,1022.1,,,,6,,
289,산청,2026-01-07 01:00,2.7,,2.1,360,58,1004.5,1021.8,,,,8,,
289,산청,2026-01-07 02:00,2.1,,3.4,20,63,1004,1021.3,,,,2,,
289,산청,2026-01-07 03:00,1.2,,1.7,340,72,1003.2,1020.5,,,,0,,
289,산청,2026-01-07 04:00,.7,,.6,270,74,1002.5,1019.9,,,,0,,
289,산청,2026-01-07 05:00,3.7,,2.1,20,66,1002.1,1019.3,,,,0,,
289,산청,2026-01-07 06:00,3.9,,1.5,360,68,1002.1,1019.2,,,,3,,
289,산청,2026-01-07 07:00,4.4,,2,290,65,1002.6,1019.7,,,,3,,
289,산청,2026-01-07 08:00,4.9,,4.2,320,62,1002.7,1019.8,0,,,7,,
289,산청,2026-01-07 09:00,5,,3.6,270,59,1003,1020.1,0,,,7,,
289,산청,2026-01-07 10:00,5.7,,3.4,290,56,1003.2,1020.2,.4,,,0,,
289,산청,2026-01-07 11:00,6.3,,3.2,290,49,1003.4,1020.4,.7,,,4,,
289,산청,2026-01-07 12:00,6,,5.4,270,49,1002.4,1019.4,.5,,,6,,
289,산청,2026-01-07 13:00,4.7,,4.4,290,49,1002.5,1019.6,0,,,8,,
289,산청,2026-01-07 14:00,5.4,,5.1,290,47,1002,1019,.3,,,5,,
289,산청,2026-01-07 15:00,5.6,,5.9,290,36,1002.3,1019.3,.5,,,4,,
289,산청,2026-01-07 16:00,5.2,,4.4,290,39,1002.4,1019.5,1,,,0,,
289,산청,2026-01-07 17:00,3.4,,5.1,270,42,1002.8,1020,.3,,,0,,
289,산청,2026-01-07 18:00,2,,4.5,290,47,1003.6,1020.9,0,,,0,,
289,산청,2026-01-07 19:00,1,,4.4,320,49,1004.2,1021.6,,,,0,,
289,산청,2026-01-07 20:00,.3,,3.2,290,50,1005,1022.4,,,,0,,
289,산청,2026-01-07 21:00,-.2,,5,270,49,1005.5,1023,,,,0,,
289,산청,2026-01-07 22:00,-.6,,3.8,290,51,1005.9,1023.4,,,,0,,
289,산청,2026-01-07 23:00,-.8,,4,290,51,1006,1023.5,,,,0,,
289,산청,2026-01-08 00:00,-1.2,,3.7,290,52,1006,1023.5,,,,0,,
289,산청,2026-01-08 01:00,-1.5,,4.2,290,49,1005.9,1023.5,,,,0,,
289,산청,2026-01-08 02:00,-2.1,,5.2,270,42,1006.7,1024.3,,,,0,,
289,산청,2026-01-08 03:00,-2.7,,3.6,290,42,1007.5,1025.2,,,,0,,
289,산청,2026-01-08 04:00,-3,,4.3,290,39,1007.8,1025.5,,,,0,,
289,산청,2026-01-08 05:00,-3.3,,4.2,290,37,1007.9,1025.6,,,,0,,
289,산청,2026-01-08 06:00,-3.8,,2.8,290,37,1008.1,1025.9,,,,0,,
289,산청,2026-01-08 07:00,-4,,2.1,290,35,1008.5,1026.3,,,,0,,
289,산청,2026-01-08 08:00,-4.1,,2.6,320,36,1009,1026.8,0,,,0,,
289,산청,2026-01-08 09:00,-3.2,,3.8,290,30,1009.3,1027,0,,,0,,
289,산청,2026-01-08 10:00,-1.6,,3.7,320,28,1009.6,1027.2,.8,,,0,,
289,산청,2026-01-08 11:00,0,,4.4,290,25,1009.3,1026.8,1,,,0,,
289,산청,2026-01-08 12:00,.9,,4.8,340,21,1008.5,1026,1,,,0,,
289,산청,2026-01-08 13:00,2.4,,3.7,290,18,1007.6,1024.9,1,,,0,,
289,산청,2026-01-08 14:00,2.8,,3.9,320,18,1007.3,1024.6,1,,,0,,
289,산청,2026-01-08 15:00,3,,4,290,19,1007.4,1024.7,1,,,0,,
289,산청,2026-01-08 16:00,2.5,,5.2,270,19,1007.9,1025.2,1,,,0,,
289,산청,2026-01-08 17:00,.7,,3,320,21,1007.9,1025.4,.3,,,0,,
289,산청,2026-01-08 18:00,-.2,,3.4,320,22,1008.5,1026,0,,,0,,
289,산청,2026-01-08 19:00,-1.2,,3.2,320,26,1009.3,1026.9,,,,0,,
289,산청,2026-01-08 20:00,-1.6,,2.6,340,30,1009.9,1027.5,,,,0,,
289,산청,2026-01-08 21:00,-2.1,,3.3,20,33,1010.1,1027.8,,,,0,,
289,산청,2026-01-08 22:00,-2.8,,3.3,360,38,1010.1,1027.8,,,,0,,
289,산청,2026-01-08 23:00,-3.1,,2,340,34,1009.9,1027.6,,,,0,,
289,산청,2026-01-09 00:00,-4.3,,1.3,230,40,1009.7,1027.5,,,,0,,
289,산청,2026-01-09 01:00,-4.9,,2.3,230,43,1009.7,1027.6,,,,0,,
289,산청,2026-01-09 02:00,-4.9,,1.4,230,39,1009.7,1027.6,,,,0,,
289,산청,2026-01-09 03:00,-5.7,,1.4,200,45,1009.7,1027.6,,,,0,,
289,산청,2026-01-09 04:00,-5.4,,1.7,230,52,1009.2,1027.1,,,,0,,
289,산청,2026-01-09 05:00,-4.5,,1.1,230,60,1008.8,1026.6,,,,0,,
289,산청,2026-01-09 06:00,-4.7,,.8,230,66,1008.6,1026.4,,,,0,,
289,산청,2026-01-09 07:00,-4.7,,.5,230,68,1008.8,1026.6,,,,0,,
289,산청,2026-01-09 08:00,-6.1,,.4,0,74,1008.6,1026.5,0,,,0,,
289,산청,2026-01-09 09:00,-4.7,,.5,160,73,1008.5,1026.3,0,,,0,,
289,산청,2026-01-09 10:00,-.8,,.5,180,63,1008.4,1026,.8,,,0,,
289,산청,2026-01-09 11:00,3.1,,1.2,20,50,1007.9,1025.2,1,,,0,,
289,산청,2026-01-09 12:00,4.8,,3.3,320,46,1006.8,1024,1,,,0,,
289,산청,2026-01-09 13:00,6.1,,2.3,290,43,1005.3,1022.4,1,,,0,,
289,산청,2026-01-09 14:00,6.8,,2.1,290,41,1004.2,1021.2,1,,,0,,
289,산청,2026-01-09 15:00,6.3,,2.3,320,44,1003.7,1020.7,1,,,0,,
289,산청,2026-01-09 16:00,5.9,,2.1,340,46,1003.6,1020.6,1,,,0,,
289,산청,2026-01-09 17:00,4.7,,2.4,360,51,1003.1,1020.2,.3,,,0,,
289,산청,2026-01-09 18:00,2.4,,.3,0,60,1002.9,1020.2,0,,,0,,
289,산청,2026-01-09 19:00,.1,,0,0,67,1002.5,1019.9,,,,3,,
289,산청,2026-01-09 20:00,-1.2,,.2,0,72,1002.7,1020.2,,,,4,,
289,산청,2026-01-09 21:00,-2.3,,0,0,78,1002.3,1019.9,,,,6,,
289,산청,2026-01-09 22:00,-2.6,,.4,0,80,1001.6,1019.2,,,,6,,
289,산청,2026-01-09 23:00,-3,,1.2,270,81,1000.9,1018.5,,,,0,,
289,산청,2026-01-10 00:00,-3.9,,.8,70,85,1000.3,1017.9,,,,0,,
289,산청,2026-01-10 01:00,-4.1,,1,70,86,999.5,1017.1,,,,0,,
289,산청,2026-01-10 02:00,-4.4,,.9,20,88,999.3,1016.9,,,,0,,
289,산청,2026-01-10 03:00,-4,,1.1,320,87,998.8,1016.4,,,,3,,
289,산청,2026-01-10 04:00,-4,,1.4,50,87,997.7,1015.3,,,,6,,
289,산청,2026-01-10 05:00,-2.3,,2.2,270,84,996.6,1014.1,,,,7,,
289,산청,2026-01-10 06:00,1,,2,180,74,995.2,1012.4,,,,8,,
289,산청,2026-01-10 07:00,7.9,,4.3,250,50,995,1011.8,,,,6,,
289,산청,2026-01-10 08:00,9.5,,5.3,250,44,994.5,1011.2,0,,,6,,
289,산청,2026-01-10 09:00,10.1,,5.5,250,42,994.5,1011.1,0,,,6,,
289,산청,2026-01-10 10:00,10.6,,4.4,270,40,995,1011.6,.4,,,7,,
289,산청,2026-01-10 11:00,10,,7.7,270,29,995.6,1012.2,.8,,,3,,
289,산청,2026-01-10 12:00,9.8,,7.5,270,26,995.5,1012.2,.9,,,3,,
289,산청,2026-01-10 13:00,8.7,,8.4,290,26,995.2,1011.9,.8,,,3,,
289,산청,2026-01-10 14:00,8.6,,7,270,30,994.8,1011.5,1,,,4,,12.9
289,산청,2026-01-10 15:00,6.3,,6.5,290,36,995.5,1012.4,.7,,,6,,10.1
289,산청,2026-01-10 16:00,4,,7.6,270,53,996.6,1013.6,.1,,,8,,6.6
289,산청,2026-01-10 17:00,3,,6.9,250,51,996.7,1013.8,0,,,6,,3.2
289,산청,2026-01-10 18:00,2.9,,4.9,290,47,997.7,1014.8,0,,,9,,2.4
289,산청,2026-01-10 19:00,-.1,,6.3,290,76,999.1,1016.5,,,,10,,1.6
289,산청,2026-01-10 20:00,.6,,6.2,290,63,999.5,1016.8,,,,9,,.5
289,산청,2026-01-10 21:00,-1.1,,5.6,290,81,1000.3,1017.7,,,,10,,.5
289,산청,2026-01-10 22:00,-.9,,8.7,290,60,1001,1018.4,,,,10,,-.3
289,산청,2026-01-10 23:00,-1.3,,7.4,290,59,1001.6,1019.1,,,,9,,-.9
289,산청,2026-01-11 00:00,-1.9,,6.4,290,61,1002.1,1019.6,,,,6,,-1.2
289,산청,2026-01-11 01:00,-1.8,,8.3,290,58,1002.9,1020.4,,,,8,,-1.2
289,산청,2026-01-11 02:00,-2.3,,7.2,290,47,1003.7,1021.3,,,,0,,-1.9
289,산청,2026-01-11 03:00,-2.9,,4.2,290,46,1003.9,1021.5,,,,0,,-1.8
289,산청,2026-01-11 04:00,-3.4,,3.1,290,49,1004.2,1021.9,,,,0,,-3
289,산청,2026-01-11 05:00,-4.9,,1.6,340,56,1004.6,1022.4,,,,0,,-3.5
289,산청,2026-01-11 06:00,-5.1,,1.7,340,58,1005.2,1023,,,,8,,-3.4
289,산청,2026-01-11 07:00,-5.1,,1.7,340,53,1005.7,1023.5,,,,6,,-3.7
289,산청,2026-01-11 08:00,-5.3,,1.6,360,52,1006.2,1024,0,,,6,,-3.8
289,산청,2026-01-11 09:00,-4.7,,1.6,340,47,1006.5,1024.3,0,,,0,,-3.9
289,산청,2026-01-11 10:00,-2.9,,3.6,320,24,1007.3,1025,.8,,,0,,-1.2
289,산청,2026-01-11 11:00,-2.2,,5,270,24,1007.6,1025.2,1,,,0,,1.4
289,산청,2026-01-11 12:00,-1.3,,5.3,270,23,1006.8,1024.4,1,,,0,,4.8
289,산청,2026-01-11 13:00,-.7,,4.2,290,23,1005.8,1023.3,1,,,0,,6.9
289,산청,2026-01-11 14:00,-.8,,7.6,290,25,1005.6,1023.1,1,,,0,,7.2
289,산청,2026-01-11 15:00,-.5,,6.1,290,29,1005.7,1023.2,1,,,2,,7.6
289,산청,2026-01-11 16:00,-1.2,,6.4,270,33,1006.4,1024,1,,,0,,4.6
289,산청,2026-01-11 17:00,-2.4,,5,290,38,1006.4,1024,.3,,,0,,-.3
289,산청,2026-01-11 18:00,-2.7,,3.7,320,41,1006.9,1024.6,0,,,0,,-1.7
289,산청,2026-01-11 19:00,-3.1,,5.4,290,43,1007.6,1025.3,,,,0,,-2.1
289,산청,2026-01-11 20:00,-3.3,,4.1,290,45,1008,1025.7,,,,0,,-2.4
289,산청,2026-01-11 21:00,-3.8,,3.5,290,48,1008.8,1026.6,,,,0,,-2.9
289,산청,2026-01-11 22:00,-4.1,,3.2,290,47,1009.1,1026.9,,,,0,,-3.2
289,산청,2026-01-11 23:00,-4.3,,3.1,270,47,1009.3,1027.1,,,,0,,-3.6
289,산청,2026-01-12 00:00,-5.6,,1.8,360,54,1008.9,1026.8,,,,0,,-4
289,산청,2026-01-12 01:00,-5.8,,2,360,56,1008.1,1026,,,,0,,-4.2
289,산청,2026-01-12 02:00,-6.5,,1,360,61,1008.2,1026.1,,,,0,,-4.6
289,산청,2026-01-12 03:00,-7.5,,.5,90,67,1008.4,1026.4,,,,0,,-5.1
289,산청,2026-01-12 04:00,-7.9,,.4,0,69,1008.4,1026.4,,,,0,,-5.4
289,산청,2026-01-12 05:00,-8.5,,.4,0,74,1008.1,1026.2,,,,0,,-5.7
289,산청,2026-01-12 06:00,-8.9,,.5,230,76,1007.6,1025.7,,,,0,,-6
289,산청,2026-01-12 07:00,-9.4,,.4,0,82,1008,1026.1,,,,0,,-6.3
289,산청,2026-01-12 08:00,-9.2,,1.1,140,81,1007.8,1025.9,0,,,0,,-5.6
289,산청,2026-01-12 09:00,-8,,.8,290,78,1007,1025,0,,,0,,-4.7
289,산청,2026-01-12 10:00,-4.7,,.4,0,64,1006.8,1024.6,.9,,,0,,-.6
289,산청,2026-01-12 11:00,-.8,,1.4,90,49,1006.1,1023.6,1,,,0,,2.8
289,산청,2026-01-12 12:00,1.4,,2,90,41,1004.9,1022.3,1,,,0,,6.7
289,산청,2026-01-12 13:00,3,,1.4,90,40,1003.3,1020.5,1,,,0,,9.3
289,산청,2026-01-12 14:00,3.8,,1.3,360,43,1002.5,1019.7,1,,,3,,10.4
289,산청,2026-01-12 15:00,4.1,,2.2,360,47,1001.8,1018.9,1,,,3,,9.7
289,산청,2026-01-12 16:00,3.4,,2.4,50,51,1000.9,1018.1,1,,,1,,6.4
289,산청,2026-01-12 17:00,2,,.8,140,56,1000.1,1017.3,.4,,,0,,1.6
289,산청,2026-01-12 18:00,.6,,.1,0,62,999.3,1016.6,0,,,0,,-1.4
289,산청,2026-01-12 19:00,-1.5,,.3,0,69,998.9,1016.3,,,,0,,-1.9
289,산청,2026-01-12 20:00,-2.4,,.5,70,73,998.6,1016.1,,,,0,,-2.2
289,산청,2026-01-12 21:00,-2.9,,.4,0,77,997.9,1015.4,,,,0,,-2.5
289,산청,2026-01-12 22:00,-3.3,,.2,0,79,997.5,1015,,,,2,,-1.7
289,산청,2026-01-12 23:00,-3.1,,.2,0,80,997,1014.5,,,,10,,-1.1
289,산청,2026-01-13 00:00,-2.4,,1.5,360,77,995.8,1013.3,,,,10,,-.7
289,산청,2026-01-13 01:00,-1.3,,1.2,140,77,995.4,1012.8,,,,10,,-.5
289,산청,2026-01-13 02:00,-1.3,,1,230,80,995,1012.4,,,,10,,-.6
289,산청,2026-01-13 03:00,3.5,0,2.8,250,68,994.7,1011.7,,,,7,,-.3
289,산청,2026-01-13 04:00,6.2,,5.4,320,57,994.8,1011.7,,,,9,,.7
289,산청,2026-01-13 05:00,4.9,,5.8,290,56,995.6,1012.6,,,,3,,0
289,산청,2026-01-13 06:00,4.1,,4.2,290,59,995.9,1012.9,,,,0,,-.3
289,산청,2026-01-13 07:00,3.7,,5.2,290,56,997,1014.1,,,,0,,-.6
289,산청,2026-01-13 08:00,3.4,,4.3,290,55,997.5,1014.6,0,,,0,,-.8
289,산청,2026-01-13 09:00,4,,5.2,290,53,998.2,1015.3,0,,,0,,-.1
289,산청,2026-01-13 10:00,4.6,,8,290,48,999.5,1016.6,.9,,,0,,2.1
289,산청,2026-01-13 11:00,5,,6.8,290,45,999.8,1016.8,.9,,,0,,5.1
289,산청,2026-01-13 12:00,4.8,,7.7,290,38,999.9,1017,1,,,0,,8.8
289,산청,2026-01-13 13:00,5.1,,8.5,290,37,999.4,1016.4,1,,,0,,11
289,산청,2026-01-13 14:00,4.8,,7.8,290,32,999.5,1016.5,1,,,0,,11.6
289,산청,2026-01-13 15:00,4.7,,9.2,290,31,999.8,1016.9,1,,,0,,10.9
289,산청,2026-01-13 16:00,3.8,,8.2,290,33,1000.4,1017.5,1,,,0,,7.8
289,산청,2026-01-13 17:00,2.8,,7.6,290,34,1000.8,1018,.4,,,0,,3.3
289,산청,2026-01-13 18:00,2.1,,8,290,33,1001.3,1018.5,0,,,0,,1.1
289,산청,2026-01-13 19:00,.9,,6.2,290,36,1002.2,1019.5,,,,0,,-.2
289,산청,2026-01-13 20:00,.1,,4.9,290,41,1002.9,1020.3,,,,0,,-1.1
289,산청,2026-01-13 21:00,-.6,,3.3,320,47,1003.7,1021.2,,,,0,,-1.4
289,산청,2026-01-13 22:00,-1.1,,3.9,320,45,1004.2,1021.7,,,,0,,-1.7
289,산청,2026-01-13 23:00,-1.6,,3.1,320,42,1005,1022.6,,,,0,,-2.1
289,산청,2026-01-14 00:00,-2.1,,3.3,340,42,1005.1,1022.7,,,,0,,-2.3
289,산청,2026-01-14 01:00,-2.8,,1.5,20,43,1005.6,1023.2,,,,0,,-2.8
289,산청,2026-01-14 02:00,-3.1,,.6,70,39,1005.9,1023.6,,,,0,,-3.4
289,산청,2026-01-14 03:00,-3.6,,1.1,230,41,1006.4,1024.1,,,,0,,-3.7
289,산청,2026-01-14 04:00,-4.2,,.2,0,45,1006.6,1024.4,,,,0,,-4.1
289,산청,2026-01-14 05:00,-5.7,,.1,0,54,1007,1024.9,,,,10,,-4.5
289,산청,2026-01-14 06:00,-6.7,,.2,0,58,1007.6,1025.5,,,,0,,-4.8
289,산청,2026-01-14 07:00,-6.9,,0,0,58,1007.7,1025.7,,,,0,,-5.1
289,산청,2026-01-14 08:00,-7.4,,.3,0,63,1008.3,1026.3,0,,,0,,-5
289,산청,2026-01-14 09:00,-6.4,,.2,0,60,1008.5,1026.4,0,,,0,,-4
289,산청,2026-01-14 10:00,-3.1,,.4,0,46,1008.7,1026.4,.9,,,0,,-.2
289,산청,2026-01-14 11:00,.1,,.3,0,31,1008.7,1026.2,.9,,,0,,3.1
289,산청,2026-01-14 12:00,2.9,,.5,340,26,1007.5,1024.8,1,,,0,,7.3
289,산청,2026-01-14 13:00,5.4,,.5,270,27,1006.2,1023.3,1,,,0,,10.3
289,산청,2026-01-14 14:00,6.7,,1.5,140,25,1005.7,1022.7,1,,,0,,11.1
289,산청,2026-01-14 15:00,7.5,,1.3,70,26,1005.1,1022.1,1,,,0,,11.5
289,산청,2026-01-14 16:00,7,,2,110,27,1005,1022,1,,,1,,8.5
289,산청,2026-01-14 17:00,5.7,,1.3,70,33,1004.7,1021.8,.4,,,0,,4.4
289,산청,2026-01-14 18:00,4.2,,1.1,50,37,1004.7,1021.9,0,,,0,,1.4
289,산청,2026-01-14 19:00,1.8,,.5,320,48,1005,1022.3,,,,0,,-.7
289,산청,2026-01-14 20:00,.8,,.4,0,52,1004.7,1022.1,,,,8,,-.9
289,산청,2026-01-14 21:00,0,,.7,70,57,1004.5,1021.9,,,,6,,-1.3
289,산청,2026-01-14 22:00,-.6,,.6,70,59,1004.1,1021.6,,,,9,,-1.1
289,산청,2026-01-14 23:00,-1.1,,.5,110,63,1003.3,1020.8,,,,9,,-1.2
289,산청,2026-01-15 00:00,-1.7,,.5,230,69,1003.1,1020.6,,,,7,,-1.5
289,산청,2026-01-15 01:00,-1.5,,.3,0,67,1002.6,1020.1,,,,8,,-.7
289,산청,2026-01-15 02:00,-1.1,,.4,0,68,1002,1019.5,,,,10,,-.2
289,산청,2026-01-15 03:00,-.8,,.6,250,67,1001.1,1018.5,,,,10,,-.2
289,산청,2026-01-15 04:00,-.3,,.5,70,67,1000.9,1018.3,,,,10,,-.1
289,산청,2026-01-15 05:00,0,,1.5,250,67,1000.2,1017.6,,,,10,,0
289,산청,2026-01-15 06:00,.1,,1.2,20,68,999.5,1016.9,,,,9,,-.3
289,산청,2026-01-15 07:00,.2,,.6,20,68,999.5,1016.8,,,,4,,-.7
289,산청,2026-01-15 08:00,.1,,1,360,72,999.7,1017.1,0,,,7,,-.5
289,산청,2026-01-15 09:00,1.9,,1.1,180,70,999.3,1016.5,0,,,8,,.7
289,산청,2026-01-15 10:00,4.1,,.8,70,69,999.2,1016.3,.4,,,0,,3.2
289,산청,2026-01-15 11:00,8.4,,1.4,140,63,998,1014.8,.9,,,0,,8.2
289,산청,2026-01-15 12:00,14,,.8,110,52,997,1013.4,1,,,0,,14.1
289,산청,2026-01-15 13:00,16.9,,.8,110,39,995.8,1012,1,,,0,,18
289,산청,2026-01-15 14:00,17.2,,4,320,38,995.6,1011.8,1,,,0,,18.6
289,산청,2026-01-15 15:00,17.5,,3.5,320,34,995.5,1011.7,1,,,0,,18.8
289,산청,2026-01-15 16:00,16.4,,3.7,320,31,996,1012.2,1,,,0,,15.8
289,산청,2026-01-15 17:00,15,,4.1,290,34,996.9,1013.3,.4,,,0,,11
289,산청,2026-01-15 18:00,12.9,,3.2,290,53,997.9,1014.4,0,,,0,,8.3
289,산청,2026-01-15 19:00,10.8,,3.8,340,46,999.1,1015.8,,,,0,,6.7
289,산청,2026-01-15 20:00,10.1,,4.2,270,36,999.9,1016.6,,,,0,,4.8
289,산청,2026-01-15 21:00,8.4,,1.5,340,45,1000.8,1017.6,,,,0,,3.2
289,산청,2026-01-15 22:00,7.1,,1.6,50,53,1000.8,1017.7,,,,0,,1.9
289,산청,2026-01-15 23:00,5.7,,.8,20,55,1001.5,1018.5,,,,0,,.4
289,산청,2026-01-16 00:00,5.4,,.9,290,53,1002,1019,,,,0,,-.2
289,산청,2026-01-16 01:00,2.8,,.9,270,62,1002,1019.2,,,,0,,-1.5
289,산청,2026-01-16 02:00,1.7,,1.5,270,67,1002.6,1019.9,,,,0,,-2.2
289,산청,2026-01-16 03:00,1.1,,.2,0,70,1003,1020.3,,,,0,,-1.9
289,산청,2026-01-16 04:00,-.5,,0,0,76,1003,1020.5,,,,0,,-2.3
289,산청,2026-01-16 05:00,-1.7,,.4,0,81,1002.9,1020.4,,,,0,,-2.6
289,산청,2026-01-16 06:00,-2.2,,.1,0,81,1003.1,1020.7,,,,0,,-3
289,산청,2026-01-16 07:00,-3.4,,.2,0,87,1003.4,1021.1,,,,0,,-3.2
289,산청,2026-01-16 08:00,-3.9,,.5,50,87,1003.9,1021.6,0,,,0,,-3.2
289,산청,2026-01-16 09:00,-2.4,,.2,0,83,1004.3,1021.9,0,,,0,,-2.3
289,산청,2026-01-16 10:00,.4,,.2,0,71,1004,1021.4,1,,,0,,1.2
289,산청,2026-01-16 11:00,4.6,,1.1,200,53,1003.5,1020.6,.9,,,0,,5.6
289,산청,2026-01-16 12:00,8.5,,.7,160,35,1002.6,1019.5,1,,,0,,11.5
289,산청,2026-01-16 13:00,11,,.9,160,29,1001.5,1018.2,1,,,0,,16.7
289,산청,2026-01-16 14:00,14.1,,.6,250,21,1000.9,1017.4,1,,,0,,19
289,산청,2026-01-16 15:00,15.8,,.9,270,18,1000.6,1017,1,,,0,,19.2
289,산청,2026-01-16 16:00,15.3,,1.6,180,18,1000.5,1016.9,1,,,0,,15.7
289,산청,2026-01-16 17:00,12.5,,.4,0,25,1000.5,1017.1,.4,,,0,,9
289,산청,2026-01-16 18:00,9.3,,.4,0,34,1000.6,1017.4,0,,,0,,4.8
289,산청,2026-01-16 19:00,6.6,,.1,0,42,1001,1018,,,,0,,2.4
289,산청,2026-01-16 20:00,4.2,,.4,0,49,1001.1,1018.2,,,,0,,1
289,산청,2026-01-16 21:00,2.5,,.4,0,55,1001.4,1018.6,,,,0,,-.3
289,산청,2026-01-16 22:00,1.9,,1.3,50,56,1001.5,1018.8,,,,0,,-1
289,산청,2026-01-16 23:00,.5,,.6,110,62,1001.6,1019,,,,0,,-2.1
289,산청,2026-01-17 00:00,.6,,.9,270,62,1001.8,1019.2,,,,0,,-1.8
289,산청,2026-01-17 01:00,1.1,,.6,360,58,1001.5,1018.8,,,,0,,-1.8
289,산청,2026-01-17 02:00,1.9,,.8,270,52,1002,1019.3,,,,0,,-1.9
289,산청,2026-01-17 03:00,4.4,,1.3,340,41,1002.2,1019.3,,,,0,,-1.5
289,산청,2026-01-17 04:00,5.3,,2.9,20,43,1002.2,1019.3,,,,0,,-.7
289,산청,2026-01-17 05:00,4.7,,1,20,56,1001.7,1018.8,,,,0,,-.2
289,산청,2026-01-17 06:00,5.4,,2,20,66,1001.7,1018.7,,,,0,,-.4
289,산청,2026-01-17 07:00,5.4,,2,20,68,1002.1,1019.1,,,,0,,-.5
289,산청,2026-01-17 08:00,4.8,,.6,250,72,1002.4,1019.5,0,,,0,,-.8
289,산청,2026-01-17 09:00,4,,.8,230,74,1003,1020.2,0,,,0,,-.2
289,산청,2026-01-17 10:00,7.2,,2,340,62,1003.9,1020.9,1,,,0,,4.2
289,산청,2026-01-17 11:00,8.8,,2.8,340,51,1004.1,1021,.9,,,0,,9.5
289,산청,2026-01-17 12:00,10.5,,1.8,320,42,1003.5,1020.2,1,,,0,,14.6
289,산청,2026-01-17 13:00,12.4,,1.5,290,33,1002.4,1019,1,,,0,,18.2
289,산청,2026-01-17 14:00,13.2,,1.3,320,27,1001.6,1018.1,1,,,0,,21.5
289,산청,2026-01-17 15:00,13.8,,.8,320,20,1001.8,1018.3,1,,,0,,20.3
289,산청,2026-01-17 16:00,13.5,,1.7,200,24,1001.5,1018,1,,,0,,15.9
289,산청,2026-01-17 17:00,11.8,,1.4,140,26,1001.9,1018.5,.5,,,0,,8.7
289,산청,2026-01-17 18:00,8.1,,.2,0,38,1002.6,1019.5,0,,,0,,4.6
289,산청,2026-01-17 19:00,6.1,,.2,0,46,1003.4,1020.4,,,,0,,2.4
289,산청,2026-01-17 20:00,4.6,,0,0,53,1003.9,1021,,,,0,,.8
289,산청,2026-01-17 21:00,2.6,,0,0,60,1004.2,1021.5,,,,0,,-.3
289,산청,2026-01-17 22:00,1.6,,.2,0,63,1004.5,1021.8,,,,0,,-1.3
289,산청,2026-01-17 23:00,.2,,0,0,71,1004.4,1021.8,,,,0,,-2.2
289,산청,2026-01-18 00:00,-.8,,.3,0,77,1004.4,1021.9,,,,0,,-2.4
289,산청,2026-01-18 01:00,-1.4,,.4,0,78,1005,1022.5,,,,0,,-2.5
289,산청,2026-01-18 02:00,-2.2,,.2,0,81,1005.6,1023.2,,,,0,,-2.8
289,산청,2026-01-18 03:00,-2.8,,.3,0,83,1005.6,1023.2,,,,0,,-3.1
289,산청,2026-01-18 04:00,-3.4,,.5,340,86,1005.1,1022.8,,,,0,,-3.2
289,산청,2026-01-18 05:00,-3,,0,0,82,1005.4,1023.1,,,,0,,-3.3
289,산청,2026-01-18 06:00,-3.9,,.1,0,88,1005.9,1023.6,,,,0,,-3.6
289,산청,2026-01-18 07:00,-4.2,,.5,320,88,1006.5,1024.3,,,,0,,-2.5
289,산청,2026-01-18 08:00,-4.2,,.6,70,88,1006.8,1024.6,0,,,0,,-3.4
289,산청,2026-01-18 09:00,-3.1,,.4,0,84,1006.8,1024.5,0,,,0,,-1.8
289,산청,2026-01-18 10:00,-.1,,.6,140,69,1006.7,1024.2,1,,,0,,2
289,산청,2026-01-18 11:00,3.7,,.8,320,56,1005.6,1022.8,.9,,,0,,6.6
289,산청,2026-01-18 12:00,7.5,,.8,270,49,1004.4,1021.4,1,,,0,,12.1
289,산청,2026-01-18 13:00,10.9,,1.1,250,49,1002.7,1019.4,1,,,0,,17.1
289,산청,2026-01-18 14:00,12.4,,1.4,70,50,1002.1,1018.7,1,,,0,,18.6
289,산청,2026-01-18 15:00,12.8,,2.2,70,51,1001.7,1018.3,1,,,0,,17.6
289,산청,2026-01-18 16:00,12.7,,2.2,70,53,1001.9,1018.5,1,,,0,,14.1
289,산청,2026-01-18 17:00,11.7,,1.7,70,57,1001.7,1018.3,.5,,,0,,9.6
289,산청,2026-01-18 18:00,9.9,,1.5,50,64,1001.5,1018.3,0,,,0,,6.4
289,산청,2026-01-18 19:00,7.2,,.3,0,72,1002.9,1019.8,,,,0,,4
289,산청,2026-01-18 20:00,6,,.1,0,77,1003.5,1020.5,,,,0,,2.6
289,산청,2026-01-18 21:00,4.7,,.1,0,83,1003.8,1020.9,,,,0,,1.5
289,산청,2026-01-18 22:00,3.1,,0,0,85,1004.2,1021.4,,,,0,,.6
289,산청,2026-01-18 23:00,2.4,,.1,0,91,1004.2,1021.5,,,,2,,0
289,산청,2026-01-19 00:00,1.7,,.1,0,92,1004.4,1021.7,,,,2,,-.5
289,산청,2026-01-19 01:00,1.5,,.2,0,92,1003.8,1021.1,,,,7,,0
289,산청,2026-01-19 02:00,.9,,.4,0,92,1004,1021.4,,,,9,,.6
289,산청,2026-01-19 03:00,1.1,,.2,0,92,1003.8,1021.2,,,,8,,.9
289,산청,2026-01-19 04:00,1.3,,.8,70,92,1003.1,1020.4,,,,8,,1.1
289,산청,2026-01-19 05:00,1.7,,.2,0,92,1002.7,1020,,,,8,,.9
289,산청,2026-01-19 06:00,1.7,,.2,0,91,1002.9,1020.2,,,,10,,1.4
289,산청,2026-01-19 07:00,4.5,,.5,180,69,1003.6,1020.7,,,,8,,2.3
289,산청,2026-01-19 08:00,5.4,,2.7,360,55,1003.3,1020.4,0,,,10,,3
289,산청,2026-01-19 09:00,5,,3.6,20,51,1004.2,1021.3,0,,,9,,3.8
289,산청,2026-01-19 10:00,4.5,,3.8,340,53,1004.9,1022.1,0,,,10,,4.8
289,산청,2026-01-19 11:00,5.3,,4.2,340,56,1004.3,1021.4,0,,,9,,7.4
289,산청,2026-01-19 12:00,6,,3.9,340,57,1003.3,1020.3,0,,,9,,9.8
289,산청,2026-01-19 13:00,4.9,,5.2,340,60,1002.8,1019.9,0,,,10,,9.3
289,산청,2026-01-19 14:00,3.8,,4.9,320,59,1002.9,1020.1,.2,,,10,,7.9
289,산청,2026-01-19 15:00,4.1,,5,320,52,1003.3,1020.5,.4,,,8,,11.8
289,산청,2026-01-19 16:00,2.5,,3.2,340,52,1003.2,1020.5,0,,,10,,5.8
289,산청,2026-01-19 17:00,2.1,,5.3,320,46,1004.4,1021.7,0,,,9,,4
289,산청,2026-01-19 18:00,1,,4.6,320,49,1004.4,1021.8,0,,,9,,2.3
289,산청,2026-01-19 19:00,.4,,3.5,320,48,1005.4,1022.8,,,,9,,1.1
289,산청,2026-01-19 20:00,-.1,,5,290,42,1006,1023.5,,,,9,,.4
289,산청,2026-01-19 21:00,-.5,,3.9,320,34,1006,1023.5,,,,9,,-.2
289,산청,2026-01-19 22:00,-1.3,,5,320,35,1006.5,1024.1,,,,10,,-.5
289,산청,2026-01-19 23:00,-1.8,,5.1,320,36,1006.1,1023.7,,,,10,,-.9
289,산청,2026-01-20 00:00,-2.2,,5.2,320,34,1006.9,1024.5,,,,10,,-1.3
289,산청,2026-01-20 01:00,-2.4,,5.6,340,31,1007.1,1024.7,,,,10,,-1.4
289,산청,2026-01-20 02:00,-2.8,,4.4,320,32,1007.4,1025.1,,,,10,,-1.1
289,산청,2026-01-20 03:00,-3.1,,4.5,360,33,1007.8,1025.5,,,,10,,-1.2
289,산청,2026-01-20 04:00,-3.3,,3.8,340,31,1007.8,1025.5,,,,10,,-1.3
289,산청,2026-01-20 05:00,-3.5,,3.2,340,31,1007.8,1025.5,,,,10,,-1.4
289,산청,2026-01-20 06:00,-3.6,,4.1,340,27,1008,1025.7,,,,10,,-1.6
289,산청,2026-01-20 07:00,-3.7,,3.2,360,27,1008.1,1025.9,,,,10,,-1.8
289,산청,2026-01-20 08:00,-3.8,,1.7,360,28,1008.6,1026.4,0,,,10,,-2.1
289,산청,2026-01-20 09:00,-3.5,,2.7,340,28,1009.1,1026.9,0,,,9,,-1.3
289,산청,2026-01-20 10:00,-2.7,,1.7,360,27,1009.5,1027.2,.7,,,7,,.1
289,산청,2026-01-20 11:00,.6,,2.5,340,18,1009,1026.5,.9,,,3,,6.4
289,산청,2026-01-20 12:00,2.2,,2.5,320,13,1008.1,1025.5,1,,,6,,11.1
289,산청,2026-01-20 13:00,3.3,,3.1,290,12,1006.7,1024,1,,,5,,13.7
289,산청,2026-01-20 14:00,4.2,,3.9,290,12,1006,1023.2,1,,,5,,14.4
289,산청,2026-01-20 15:00,4.5,,4.6,270,13,1005.4,1022.6,1,,,1,,14.1
289,산청,2026-01-20 16:00,4.1,,3.5,290,12,1005.7,1022.9,1,,,0,,10.3
289,산청,2026-01-20 17:00,2,,3,320,14,1005.8,1023.1,.5,,,0,,3.2
289,산청,2026-01-20 18:00,.3,,2.9,340,22,1006.5,1024,0,,,0,,-.1
289,산청,2026-01-20 19:00,-.9,,2.2,360,29,1007.4,1025,,,,0,,-1.9
289,산청,2026-01-20 20:00,-1.7,,3.3,360,31,1007.7,1025.3,,,,0,,-2.3
289,산청,2026-01-20 21:00,-2.5,,3.3,360,32,1007.9,1025.6,,,,0,,-2.8
289,산청,2026-01-20 22:00,-2.6,,4.5,340,30,1008.1,1025.8,,,,0,,-3
289,산청,2026-01-20 23:00,-3.3,,2.7,340,30,1008.2,1025.9,,,,4,,-3.4
289,산청,2026-01-21 00:00,-3.2,,2.8,290,24,1008.4,1026.1,,,,4,,-3.8
289,산청,2026-01-21 01:00,-3.7,,4.4,290,24,1008.4,1026.2,,,,4,,-4.2
289,산청,2026-01-21 02:00,-4.7,,3,320,26,1009.5,1027.3,,,,0,,-4.8
289,산청,2026-01-21 03:00,-5.8,,2.4,360,31,1009.8,1027.7,,,,4,,-5.3
289,산청,2026-01-21 04:00,-6.2,,2.5,320,42,1009.5,1027.4,,,,9,,-5.5
289,산청,2026-01-21 05:00,-6.2,,3.6,320,43,1009.1,1027,,,,0,,-5.6
289,산청,2026-01-21 06:00,-6.5,,3.6,320,43,1008.6,1026.6,,,,0,,-6
289,산청,2026-01-21 07:00,-7.5,,2.7,340,50,1008,1026,,,,0,,-6.4
289,산청,2026-01-21 08:00,-7.5,,3.1,360,57,1008,1026,0,,,0,,-6.1
289,산청,2026-01-21 09:00,-5.2,,2.5,290,52,1008.1,1026,.2,,,0,,-4.4
289,산청,2026-01-21 10:00,-4.6,,8,270,46,1008.1,1025.9,.9,,,0,,-.9
289,산청,2026-01-21 11:00,-3.7,,6.9,290,39,1008.4,1026.2,.9,,,0,,3.2
289,산청,2026-01-21 12:00,-2.6,,6.3,290,28,1007.5,1025.2,1,,,0,,6.3
289,산청,2026-01-21 13:00,-1.9,,6.8,290,25,1006.8,1024.4,1,,,0,,8.2
289,산청,2026-01-21 14:00,-1.3,,6.6,290,25,1006.6,1024.2,1,,,0,,8.5
289,산청,2026-01-21 15:00,-1.6,,6.7,290,29,1006.7,1024.3,1,,,0,,7.6
289,산청,2026-01-21 16:00,-1.8,,7.4,290,30,1007.1,1024.7,1,,,0,,4.5
289,산청,2026-01-21 17:00,-3.1,,8.6,270,35,1007,1024.7,.6,,,0,,-1.6
289,산청,2026-01-21 18:00,-4,,6.6,290,38,1007.6,1025.4,0,,,0,,-3.2
289,산청,2026-01-21 19:00,-4.9,,7.7,290,41,1008.6,1026.4,,,,0,,-3.9
289,산청,2026-01-21 20:00,-5.6,,7.2,270,43,1009.1,1027,,,,0,,-4.6
289,산청,2026-01-21 21:00,-6.1,,6.8,290,41,1009.2,1027.1,,,,0,,-5
289,산청,2026-01-21 22:00,-6.6,,6.6,290,38,1009.5,1027.5,,,,0,,-5.6
289,산청,2026-01-21 23:00,-6.9,,6,290,43,1009.6,1027.6,,,,0,,-5.8
289,산청,2026-01-22 00:00,-6.9,,6.6,290,50,1009.4,1027.4,,,,0,,-5.9
289,산청,2026-01-22 01:00,-7.1,,5.3,290,50,1009.6,1027.6,,,,0,,-6.2
289,산청,2026-01-22 02:00,-7.2,,4.4,320,48,1009.9,1027.9,,,,0,,-6.5
289,산청,2026-01-22 03:00,-7.7,,3.7,320,50,1009.7,1027.8,,,,0,,-6.9
289,산청,2026-01-22 04:00,-7.9,,3.9,320,49,1009.6,1027.7,,,,0,,-7.2
289,산청,2026-01-22 05:00,-7.7,,4.4,290,44,1009.5,1027.6,,,,0,,-7.3
289,산청,2026-01-22 06:00,-7.6,,4.8,290,37,1009.2,1027.2,,,,0,,-7.5
289,산청,2026-01-22 07:00,-7.7,,5.8,290,37,1009.3,1027.3,,,,0,,-7.6
289,산청,2026-01-22 08:00,-8,,6.5,290,37,1009.5,1027.6,0,,,0,,-7.4
289,산청,2026-01-22 09:00,-7,,8.2,290,31,1010.3,1028.3,.2,,,0,,-6.4
289,산청,2026-01-22 10:00,-6,,9.2,290,27,1011,1029,1,,,0,,-1.7
289,산청,2026-01-22 11:00,-4.7,,7.6,290,26,1011,1028.9,.9,,,0,,2.5
289,산청,2026-01-22 12:00,-3.8,,6.8,290,25,1010.6,1028.4,1,,,0,,5.5
289,산청,2026-01-22 13:00,-2.7,,6.6,290,23,1009.5,1027.2,1,,,0,,8.3
289,산청,2026-01-22 14:00,-1.7,,6.9,290,24,1008.6,1026.2,1,,,0,,8.6
289,산청,2026-01-22 15:00,-1.4,,7.6,270,26,1008.2,1025.8,1,,,0,,7.8
289,산청,2026-01-22 16:00,-1.7,,8.5,290,27,1008.4,1026,1,,,0,,3.7
289,산청,2026-01-22 17:00,-2.3,,8,290,33,1008.2,1025.9,.6,,,0,,-2.1
289,산청,2026-01-22 18:00,-2.7,,5.3,290,39,1008.4,1026.1,0,,,0,,-3.2
289,산청,2026-01-22 19:00,-3.1,,4.7,290,37,1009,1026.7,,,,0,,-3.8
289,산청,2026-01-22 20:00,-3.8,,6.1,270,41,1009.3,1027.1,,,,0,,-4.3
289,산청,2026-01-22 21:00,-4.2,,4.2,290,40,1009.5,1027.3,,,,0,,-4.9
289,산청,2026-01-22 22:00,-4.5,,4.9,270,42,1009.8,1027.6,,,,0,,-5.2
289,산청,2026-01-22 23:00,-4.6,,5.7,290,47,1010.2,1028.1,,,,0,,-5.2
289,산청,2026-01-23 00:00,-4.6,,5.6,290,53,1010.2,1028.1,,,,0,,-5.1
289,산청,2026-01-23 01:00,-4,,6,290,54,1009.7,1027.5,,,,0,,-4.8
289,산청,2026-01-23 02:00,-3.7,,5.6,290,54,1009.9,1027.7,,,,0,,-4.9
289,산청,2026-01-23 03:00,-3.4,,4.5,290,55,1010.1,1027.9,,,,0,,-4.8
289,산청,2026-01-23 04:00,-3.6,,3.4,320,57,1009.8,1027.6,,,,0,,-5.2
289,산청,2026-01-23 05:00,-4.9,,2.4,320,63,1009.5,1027.4,,,,0,,-5.9
289,산청,2026-01-23 06:00,-4.5,,1.7,340,61,1009.7,1027.5,,,,0,,-6
289,산청,2026-01-23 07:00,-4.1,,1.9,340,61,1010,1027.8,,,,0,,-5.6
289,산청,2026-01-23 08:00,-4.4,,.8,20,63,1010.3,1028.1,0,,,10,,-5.2
289,산청,2026-01-23 09:00,-3.4,,.5,230,62,1010.5,1028.3,.2,,,5,,-2.9
289,산청,2026-01-23 10:00,-.9,,1.7,290,55,1010.6,1028.2,.7,,,3,,-.1
289,산청,2026-01-23 11:00,.6,,4.1,320,47,1010.4,1027.9,.6,,,4,,4
289,산청,2026-01-23 12:00,1.8,,4.4,320,41,1009.8,1027.2,.9,,,2,,7
289,산청,2026-01-23 13:00,4,,3.9,290,37,1008.9,1026.2,.9,,,3,,12.6
289,산청,2026-01-23 14:00,3.3,,4.4,270,40,1008.4,1025.7,.7,,,7,,9.9
289,산청,2026-01-23 15:00,2.9,,5,270,45,1008.2,1025.5,.6,,,7,,9.7
289,산청,2026-01-23 16:00,2.2,,3.7,340,51,1007.6,1025,.8,,,7,,7.1
289,산청,2026-01-23 17:00,1,,2.4,340,61,1007.7,1025.1,.1,,,9,,2.9
289,산청,2026-01-23 18:00,-.5,,1.4,20,69,1007.6,1025.1,0,,,7,,-1.3
289,산청,2026-01-23 19:00,-.8,,.3,0,72,1007.7,1025.3,,,,7,,-1.3
289,산청,2026-01-23 20:00,-1.4,,.9,180,75,1007.5,1025.1,,,,6,,-2.2
289,산청,2026-01-23 21:00,-.9,,1,250,75,1007.5,1025.1,,,,8,,-1.5
289,산청,2026-01-23 22:00,.5,,4.1,320,67,1007.3,1024.8,,,,6,,-1.8
289,산청,2026-01-23 23:00,.3,,3.1,320,67,1007.1,1024.6,,,,6,,-1.9
289,산청,2026-01-24 00:00,.4,,3.6,290,66,1006.7,1024.2,,,,7,,-1.7
289,산청,2026-01-24 01:00,.2,,3.5,290,64,1006.1,1023.6,,,,0,,-2.7
289,산청,2026-01-24 02:00,-.2,,2.5,290,66,1005.9,1023.4,,,,0,,-2.9
289,산청,2026-01-24 03:00,.5,,3.2,290,60,1005.6,1023,,,,0,,-2.6
289,산청,2026-01-24 04:00,1,,5.5,270,53,1005.3,1022.7,,,,0,,-2.5
289,산청,2026-01-24 05:00,.4,,4.6,320,66,1005.4,1022.8,,,,6,,-1
289,산청,2026-01-24 06:00,.3,,6,270,65,1005.5,1022.9,,,,8,,-1.1
289,산청,2026-01-24 07:00,0,,7.5,270,59,1006.2,1023.7,,,,3,,-2
289,산청,2026-01-24 08:00,-.9,,7,290,56,1007,1024.5,0,,,0,,-2.4
289,산청,2026-01-24 09:00,-.9,,7,290,49,1007.4,1025,.3,,,0,,-2
289,산청,2026-01-24 10:00,-.7,,7.9,290,30,1008.1,1025.7,1,,,0,,1.2
289,산청,2026-01-24 11:00,-.4,,9.2,290,25,1008.5,1026,.9,,,0,,4.5
289,산청,2026-01-24 12:00,1,,6.6,290,21,1008.2,1025.6,1,,,0,,8.7
289,산청,2026-01-24 13:00,1.6,,7.3,290,19,1007.5,1024.9,1,,,0,,11.6
289,산청,2026-01-24 14:00,1.3,,8.2,290,19,1007.1,1024.5,1,,,0,,11.9
289,산청,2026-01-24 15:00,1,,8.1,290,22,1007,1024.4,1,,,0,,10.6
289,산청,2026-01-24 16:00,.5,,7.7,290,30,1006.9,1024.4,1,,,0,,6.8
289,산청,2026-01-24 17:00,-.3,,6.8,290,33,1007.1,1024.6,.7,,,0,,.9
289,산청,2026-01-24 18:00,-.9,,5.1,290,36,1007.4,1025,0,,,0,,-2
289,산청,2026-01-24 19:00,-1.2,,6.1,290,39,1008.3,1025.9,,,,0,,-2.6
289,산청,2026-01-24 20:00,-1.5,,6.5,290,38,1009.1,1026.7,,,,0,,-2.8
289,산청,2026-01-24 21:00,-2,,5.8,290,41,1009.9,1027.6,,,,0,,-3.2
289,산청,2026-01-24 22:00,-2.4,,6.2,270,40,1010.3,1028,,,,0,,-3.4
289,산청,2026-01-24 23:00,-2.5,,4.7,290,50,1010.3,1028,,,,0,,-3.6
289,산청,2026-01-25 00:00,-2.3,,5.6,290,57,1010.3,1028,,,,0,,-3.2
289,산청,2026-01-25 01:00,-1.7,,5,290,58,1010.1,1027.8,,,,9,,-2
289,산청,2026-01-25 02:00,-1.7,,3.8,290,63,1010.3,1028,,,,9,,-1.7
289,산청,2026-01-25 03:00,-2.1,,3.5,320,64,1010.6,1028.3,,,,9,,-2.9
289,산청,2026-01-25 04:00,-2.3,,4,290,54,1010.9,1028.6,,,,0,,-3.8
289,산청,2026-01-25 05:00,-2.9,,5,290,43,1010.9,1028.6,,,,0,,-4.5
289,산청,2026-01-25 06:00,-3.6,,3.5,320,35,1011.5,1029.3,,,,0,,-5
289,산청,2026-01-25 07:00,-4.7,,3.2,340,37,1011.6,1029.5,,,,0,,-5.6
289,산청,2026-01-25 08:00,-5.1,,1.7,320,38,1012.3,1030.2,0,,,0,,-5.7
289,산청,2026-01-25 09:00,-3.3,,2.2,360,34,1012.5,1030.3,.3,,,0,,-4.5
289,산청,2026-01-25 10:00,-1.4,,1.8,360,26,1012.6,1030.3,1,,,0,,1
289,산청,2026-01-25 11:00,1.2,,3.4,320,14,1012.3,1029.8,.9,,,0,,5.8
289,산청,2026-01-25 12:00,2.1,,3.6,340,14,1012.2,1029.6,1,,,0,,9.8
289,산청,2026-01-25 13:00,3.2,,4.2,320,15,1011.8,1029.2,1,,,0,,12.7
289,산청,2026-01-25 14:00,3.4,,3.4,320,16,1011.3,1028.6,1,,,0,,13.8
289,산청,2026-01-25 15:00,3.5,,4.7,290,15,1010.8,1028.1,1,,,2,,12.2
289,산청,2026-01-25 16:00,3.3,,3.1,320,13,1010.7,1028,1,,,4,,9.9
289,산청,2026-01-25 17:00,1.9,,2.9,270,16,1011,1028.4,.6,,,6,,1.1
289,산청,2026-01-25 18:00,.6,,2.5,270,22,1011.5,1029,0,,,4,,-2
289,산청,2026-01-25 19:00,-.5,,2.1,20,28,1011.6,1029.2,,,,10,,-3.6
289,산청,2026-01-25 20:00,-1.8,,.9,340,36,1012.8,1030.5,,,,0,,-4.9
289,산청,2026-01-25 21:00,-2.3,,1.6,230,42,1012.7,1030.4,,,,0,,-5.1
289,산청,2026-01-25 22:00,-3.1,,.9,290,45,1012.8,1030.6,,,,0,,-6.2
289,산청,2026-01-25 23:00,-4.8,,.9,230,51,1012.5,1030.4,,,,10,,-6.9
289,산청,2026-01-26 00:00,-5.7,,.3,0,53,1012.6,1030.6,,,,10,,-7.5
289,산청,2026-01-26 01:00,-6.9,,0,0,59,1012.1,1030.1,,,,10,,-8
289,산청,2026-01-26 02:00,-7.7,,.8,70,66,1011.9,1030,,,,10,,-8.2
289,산청,2026-01-26 03:00,-8.3,,.1,0,70,1012.4,1030.5,,,,10,,-8.5
289,산청,2026-01-26 04:00,-9,,.3,0,75,1012,1030.2,,,,10,,-8.9
289,산청,2026-01-26 05:00,-9.6,,.2,0,76,1011.9,1030.1,,,,10,,-9.4
289,산청,2026-01-26 06:00,-9.9,,.4,0,79,1012,1030.3,,,,10,,-9.7
289,산청,2026-01-26 07:00,-10.4,,.6,270,81,1012.6,1030.9,,,,10,,-9.8
289,산청,2026-01-26 08:00,-10.5,,.2,0,81,1011.6,1029.9,0,,,10,,-8.6
289,산청,2026-01-26 09:00,-8.7,,.7,320,74,1011.5,1029.7,.3,,,10,,-4.8
289,산청,2026-01-26 10:00,-6.4,,1,230,61,1011.5,1029.5,.7,,,9,,0
289,산청,2026-01-26 11:00,-2.8,,1.3,270,46,1010.7,1028.4,.6,,,9,,8.8
289,산청,2026-01-26 12:00,-.9,,.8,290,35,1009.4,1027,.3,,,10,,7.3
289,산청,2026-01-26 13:00,0,,1.1,290,34,1007.8,1025.3,0,,,10,,6.8
289,산청,2026-01-26 14:00,1.3,,.3,0,28,1006.8,1024.2,0,,,10,,8.5
289,산청,2026-01-26 15:00,2.7,,.5,250,26,1006.1,1023.4,0,,,9,,9.3
289,산청,2026-01-26 16:00,3.9,,.6,180,20,1005.4,1022.6,.3,,,9,,9
289,산청,2026-01-26 17:00,3.9,,1.3,360,19,1005.4,1022.6,0,,,9,,3.7
289,산청,2026-01-26 18:00,2.9,,1.5,360,21,1005.5,1022.8,0,,,10,,-.2
289,산청,2026-01-26 19:00,1.7,,1.1,320,29,1005.8,1023.2,,,,10,,-1.1
289,산청,2026-01-26 20:00,1.2,,1.9,20,32,1006.3,1023.7,,,,10,,-.7
289,산청,2026-01-26 21:00,.7,,1.9,320,34,1006.6,1024,,,,10,,-1.1
289,산청,2026-01-26 22:00,.8,,3.7,360,30,1006.6,1024,,,,10,,-.6
289,산청,2026-01-26 23:00,.2,,3.6,360,32,1006.6,1024.1,,,,9,,-1.1
289,산청,2026-01-27 00:00,.2,,3.9,320,29,1006.8,1024.3,,,,10,,-1.4
289,산청,2026-01-27 01:00,-.1,,5.6,290,37,1006.8,1024.3,,,,10,,-1.4
289,산청,2026-01-27 02:00,.3,,4.8,290,49,1006.6,1024.1,,,,9,,-.5
289,산청,2026-01-27 03:00,.8,,4.4,290,57,1006.2,1023.6,,,,10,,0
289,산청,2026-01-27 04:00,.8,,6.4,290,59,1006,1023.4,,,,9,,.1
289,산청,2026-01-27 05:00,.4,,5.1,290,57,1005.9,1023.3,,,,9,,-.3
289,산청,2026-01-27 06:00,-.5,,4.1,290,59,1006.4,1023.9,,,,3,,-1.5
289,산청,2026-01-27 07:00,-1.2,,4.2,290,57,1006.9,1024.5,,,,0,,-2.9
289,산청,2026-01-27 08:00,-1.5,,3.5,290,56,1007.6,1025.2,0,,,0,,-3.2
289,산청,2026-01-27 09:00,-.3,,3.5,320,48,1007.8,1025.3,.3,,,0,,-1.2
289,산청,2026-01-27 10:00,1.2,,3.1,290,39,1008.1,1025.5,1,,,0,,6.2
289,산청,2026-01-27 11:00,1.9,,5.4,320,32,1008.1,1025.5,.9,,,0,,9.8
289,산청,2026-01-27 12:00,3.2,,5.6,290,26,1007.7,1025,1,,,0,,14.1
289,산청,2026-01-27 13:00,4.4,,5.1,290,23,1006.6,1023.8,1,,,0,,17.8
289,산청,2026-01-27 14:00,4.5,,5.8,290,22,1006,1023.2,1,,,0,,17.9
289,산청,2026-01-27 15:00,5,,4.8,270,20,1005.8,1022.9,1,,,0,,16.8
289,산청,2026-01-27 16:00,4.4,,4.2,290,22,1005.9,1023.1,1,,,0,,12.1
289,산청,2026-01-27 17:00,2.8,,4.9,270,24,1006.2,1023.5,.8,,,0,,3.4
289,산청,2026-01-27 18:00,1.5,,2.9,290,27,1006.9,1024.3,0,,,0,,-.5
289,산청,2026-01-27 19:00,.4,,3.6,270,34,1007.6,1025.1,,,,0,,-2.2
289,산청,2026-01-27 20:00,-.6,,2.2,320,38,1008.3,1025.9,,,,3,,-3.1
289,산청,2026-01-27 21:00,-1.7,,3.1,340,42,1008.7,1026.3,,,,0,,-3.5
289,산청,2026-01-27 22:00,-2.2,,3.7,340,42,1009.2,1026.9,,,,6,,-3.6
289,산청,2026-01-27 23:00,-2.6,,3.8,340,43,1009.6,1027.3,,,,9,,-3.5
289,산청,2026-01-28 00:00,-2.7,,3.2,340,42,1009.8,1027.5,,,,9,,-3.2
289,산청,2026-01-28 01:00,-2.5,,4,340,36,1009.7,1027.4,,,,10,,-3
289,산청,2026-01-28 02:00,-2.8,,3.1,340,35,1009.8,1027.5,,,,10,,-3.2
289,산청,2026-01-28 03:00,-3.4,,2.4,360,41,1009.8,1027.6,,,,10,,-3.4
289,산청,2026-01-28 04:00,-3.3,,3.3,340,39,1009.6,1027.4,,,,10,,-3.4
289,산청,2026-01-28 05:00,-3.3,,3.4,360,37,1009.8,1027.6,,,,10,,-3.5
289,산청,2026-01-28 06:00,-3.6,,3.8,360,39,1010.5,1028.3,,,,10,,-3.8
289,산청,2026-01-28 07:00,-4.4,,3.1,20,44,1011.1,1029,,,,9,,-4.5
289,산청,2026-01-28 08:00,-4.7,,3,340,43,1011.5,1029.4,0,,,9,,-5.2
289,산청,2026-01-28 09:00,-4.6,,2,340,40,1011.6,1029.5,0,,,9,,-4.1
289,산청,2026-01-28 10:00,-3.5,,1.5,320,32,1011.7,1029.5,.1,,,8,,-.8
289,산청,2026-01-28 11:00,.6,,3.7,340,21,1011.1,1028.6,.9,,,0,,9.2
289,산청,2026-01-28 12:00,2.7,,3.3,320,18,1010.1,1027.5,1,,,0,,14.2
289,산청,2026-01-28 13:00,3.4,,6.6,270,15,1009.1,1026.4,1,,,0,,16.7
289,산청,2026-01-28 14:00,3.4,,6.1,290,16,1008.8,1026.1,1,,,0,,16.1
289,산청,2026-01-28 15:00,4.1,,5,270,15,1008.9,1026.1,1,,,0,,16.1
289,산청,2026-01-28 16:00,3.5,,4.2,290,16,1009.5,1026.8,1,,,0,,11.2
289,산청,2026-01-28 17:00,2.1,,2.6,320,19,1009.5,1026.9,.8,,,0,,2.8
289,산청,2026-01-28 18:00,.5,,1.7,320,22,1010.3,1027.8,0,,,0,,-1.6
289,산청,2026-01-28 19:00,-.2,,2.2,320,26,1010.7,1028.3,,,,0,,-3.1
289,산청,2026-01-28 20:00,-1,,2.2,360,27,1011,1028.6,,,,0,,-3.4
289,산청,2026-01-28 21:00,-1.5,,2,340,27,1011.3,1029,,,,0,,-3.9
289,산청,2026-01-28 22:00,-2,,1.3,360,28,1011.9,1029.6,,,,0,,-4.5
289,산청,2026-01-28 23:00,-2.1,,1.8,20,28,1012.1,1029.8,,,,0,,-4.6
289,산청,2026-01-29 00:00,-2.3,,1.7,340,29,1012.5,1030.2,,,,0,,-4.7
289,산청,2026-01-29 01:00,-2.8,,1.4,360,35,1012,1029.8,,,,0,,-5.3
289,산청,2026-01-29 02:00,-3.3,,1.6,20,39,1012.4,1030.2,,,,0,,-5.5
289,산청,2026-01-29 03:00,-3,,2.6,340,43,1012.6,1030.4,,,,0,,-5
289,산청,2026-01-29 04:00,-3.2,,2.6,320,47,1012.5,1030.3,,,,0,,-5
289,산청,2026-01-29 05:00,-3.3,,2.4,320,50,1012.1,1029.9,,,,0,,-5.2
289,산청,2026-01-29 06:00,-3.5,,2.4,360,54,1011.9,1029.7,,,,0,,-5.3
289,산청,2026-01-29 07:00,-3.4,,2.5,360,55,1012.3,1030.1,,,,0,,-5.4
289,산청,2026-01-29 08:00,-3.4,,2.8,340,58,1012.5,1030.3,0,,,0,,-4.7
289,산청,2026-01-29 09:00,-2,,3.5,340,56,1012.9,1030.6,.4,,,0,,-1.9
289,산청,2026-01-29 10:00,.2,,5.5,320,52,1013.1,1030.7,1,,,5,,4.2
289,산청,2026-01-29 11:00,1.2,,5.6,320,51,1013.3,1030.8,.9,,,7,,8.2
289,산청,2026-01-29 12:00,1.4,,7,290,52,1012.8,1030.3,.9,,,8,,10.7
289,산청,2026-01-29 13:00,2.2,,6.5,290,48,1011.9,1029.3,.9,,,8,,13.5
289,산청,2026-01-29 14:00,2.9,,6.2,290,41,1011,1028.4,1,,,4,,14.7
289,산청,2026-01-29 15:00,2.8,,6.5,290,37,1010.8,1028.2,1,,,0,,12.5
289,산청,2026-01-29 16:00,2.8,,6.3,270,32,1011,1028.4,1,,,0,,8.8
289,산청,2026-01-29 17:00,1.4,,6.1,290,36,1011,1028.5,.9,,,0,,2.1
289,산청,2026-01-29 18:00,.9,,6.4,270,35,1011.2,1028.7,0,,,0,,-1.1
289,산청,2026-01-29 19:00,.2,,5.1,290,34,1011.6,1029.2,,,,0,,-2.3
289,산청,2026-01-29 20:00,-.3,,5.3,290,34,1012,1029.6,,,,0,,-2.8
289,산청,2026-01-29 21:00,-1.3,,3.9,320,38,1012,1029.7,,,,0,,-3.2
289,산청,2026-01-29 22:00,-1.7,,2.7,290,35,1012.4,1030.1,,,,0,,-4.1
289,산청,2026-01-29 23:00,-2.2,,4,320,35,1012.3,1030,,,,4,,-4
289,산청,2026-01-30 00:00,-2.5,,4.5,290,36,1012.2,1029.9,,,,8,,-4
289,산청,2026-01-30 01:00,-2.8,,2.6,290,34,1012.2,1030,,,,8,,-4.6
289,산청,2026-01-30 02:00,-3,,2.7,320,32,1012.4,1030.2,,,,10,,-5.2
289,산청,2026-01-30 03:00,-3.3,,2.5,290,30,1013.1,1030.9,,,,10,,-5.8
289,산청,2026-01-30 04:00,-4,,3.1,320,34,1012.7,1030.6,,,,4,,-5.9
289,산청,2026-01-30 05:00,-4.4,,2.8,320,33,1013.4,1031.3,,,,10,,-6.2
289,산청,2026-01-30 06:00,-4.7,,2.6,340,26,1013.7,1031.6,,,,9,,-6.5
289,산청,2026-01-30 07:00,-5,,2.6,360,26,1013.9,1031.8,,,,9,,-6.5
289,산청,2026-01-30 08:00,-5.7,,2.9,20,33,1013.9,1031.9,0,,,9,,-6.2
289,산청,2026-01-30 09:00,-5.2,,1.9,360,32,1013.5,1031.5,0,,,9,,-3.8
289,산청,2026-01-30 10:00,-4,,1.7,320,28,1013.4,1031.3,0,,,9,,-.8
289,산청,2026-01-30 11:00,-1.2,,2.1,340,22,1013,1030.7,.4,,,9,,6.7
289,산청,2026-01-30 12:00,1.6,,3.3,320,15,1012.1,1029.6,1,,,8,,12.5
289,산청,2026-01-30 13:00,1.7,,4.7,340,15,1011.1,1028.5,1,,,8,,11.8
289,산청,2026-01-30 14:00,2.7,,3.1,320,16,1010.6,1028,.7,,,9,,10.9
289,산청,2026-01-30 15:00,2.8,,3.3,340,16,1010,1027.4,.3,,,9,,10.7
289,산청,2026-01-30 16:00,2.3,,3.1,320,16,1010.2,1027.6,.5,,,8,,4.5
289,산청,2026-01-30 17:00,1.7,,3.6,340,17,1010.4,1027.8,.6,,,4,,.8
289,산청,2026-01-30 18:00,.6,,2.6,340,20,1010.8,1028.3,0,,,3,,-2.5
289,산청,2026-01-30 19:00,-.7,,2.3,20,25,1011.3,1028.9,,,,0,,-3.6
289,산청,2026-01-30 20:00,-1.3,,2.1,360,27,1011.6,1029.3,,,,8,,-3.8
289,산청,2026-01-30 21:00,-1.9,,1.4,340,30,1011.4,1029.1,,,,7,,-4.5
289,산청,2026-01-30 22:00,-2.6,,.9,290,33,1011.8,1029.5,,,,4,,-5.7
289,산청,2026-01-30 23:00,-3.9,,.7,230,39,1011.7,1029.5,,,,8,,-6.1
289,산청,2026-01-31 00:00,-4.3,,1.4,230,40,1011.4,1029.3,,,,4,,-6.2
289,산청,2026-01-31 01:00,-5.4,,.3,0,45,1011.6,1029.5,,,,9,,-6.1
289,산청,2026-01-31 02:00,-5.8,,.2,0,47,1011.6,1029.6,,,,4,,-7
289,산청,2026-01-31 03:00,-6.7,,.1,0,53,1011.6,1029.6,,,,8,,-6.9
289,산청,2026-01-31 04:00,-7.2,,0,0,54,1011.4,1029.5,,,,8,,-7
289,산청,2026-01-31 05:00,-7.6,,.1,0,59,1010.9,1029,,,,8,,-6.8
289,산청,2026-01-31 06:00,-8.2,,.3,0,61,1010.6,1028.7,,,,8,,-7.7
289,산청,2026-01-31 07:00,-8.2,,0,0,63,1010.8,1028.9,,,,9,,-7.3
289,산청,2026-01-31 08:00,-8.4,,0,0,63,1011.2,1029.3,0,,,8,,-7.3
289,산청,2026-01-31 09:00,-6.7,,.2,0,59,1011.1,1029.1,.4,,,4,,-5.2
289,산청,2026-01-31 10:00,-2.1,,1.2,250,34,1011.2,1028.9,1,,,5,,5.2
289,산청,2026-01-31 11:00,3.5,,1.6,270,18,1010.7,1028,.9,,,0,,10.9
289,산청,2026-01-31 12:00,5.5,,4,340,9,1009.9,1027.1,1,,,0,,15.8
289,산청,2026-01-31 13:00,5.4,,4.3,340,11,1009.2,1026.4,1,,,0,,17.4
289,산청,2026-01-31 14:00,5.7,,4.1,320,14,1008.4,1025.5,1,,,0,,18
289,산청,2026-01-31 15:00,5.6,,3.9,320,17,1007.8,1024.9,1,,,0,,16.4
289,산청,2026-01-31 16:00,5.7,,3.7,290,18,1007.9,1025,1,,,0,,11.4
289,산청,2026-01-31 17:00,3.5,,4.9,270,22,1008.1,1025.4,1,,,2,,4
289,산청,2026-01-31 18:00,1.5,,3.4,270,27,1008.4,1025.8,0,,,6,,-.8
289,산청,2026-01-31 19:00,.5,,2.1,290,32,1008.9,1026.4,,,,8,,-2.2
289,산청,2026-01-31 20:00,-.2,,2.8,290,37,1009,1026.5,,,,4,,-3
289,산청,2026-01-31 21:00,-.4,,3.2,270,44,1009.6,1027.2,,,,4,,-3.3
289,산청,2026-01-31 22:00,-.9,,2.8,290,46,1009.9,1027.5,,,,4,,-3.8
289,산청,2026-01-31 23:00,-1,,3.5,290,46,1010.5,1028.1,,,,0,,-3.9
289,산청,2026-02-01 00:00,-1,,3,290,47,1010.6,1028.2,,,,0,,-3.6
289,산청,2026-02-01 01:00,-2.1,,1.4,20,52,1010.4,1028.1,,,,0,,-3.8
289,산청,2026-02-01 02:00,-2.2,,1.9,20,55,1009.4,1027.1,,,,2,,-4
289,산청,2026-02-01 03:00,-2.5,,.7,200,58,1009.3,1027,,,,7,,-3.8
289,산청,2026-02-01 04:00,-1.1,,.8,20,60,1008.5,1026.1,,,,9,,-2.2
289,산청,2026-02-01 05:00,.4,,3,290,62,1008.1,1025.6,,,,10,,-.7
289,산청,2026-02-01 06:00,.4,,5.2,290,62,1008.3,1025.8,,,,9,,-1
289,산청,2026-02-01 07:00,.1,,3.2,290,59,1008.5,1026,,,,8,,-1.7
289,산청,2026-02-01 08:00,0,,4.1,290,57,1008.8,1026.3,0,,,0,,-1.7
289,산청,2026-02-01 09:00,.6,,2.8,270,55,1009.4,1026.9,.2,,,3,,2.1
289,산청,2026-02-01 10:00,1.5,,4.1,290,50,1010.1,1027.5,1,,,5,,8.7
289,산청,2026-02-01 11:00,1.5,,4.8,290,43,1010.3,1027.7,.9,,,3,,10.2
289,산청,2026-02-01 12:00,2.8,,4.3,290,33,1009.9,1027.3,1,,,0,,15.6
289,산청,2026-02-01 13:00,3.6,,4.3,290,31,1008.9,1026.2,1,,,0,,18.7
289,산청,2026-02-01 14:00,4.3,,4.3,290,27,1007.8,1025,1,,,0,,19.3
289,산청,2026-02-01 15:00,4.8,,4.2,290,25,1007.4,1024.6,1,,,0,,17.5
289,산청,2026-02-01 16:00,5,,4.7,270,24,1007,1024.2,1,,,0,,13
289,산청,2026-02-01 17:00,3.7,,4.3,270,25,1007.4,1024.7,1,,,0,,5.6
289,산청,2026-02-01 18:00,1.9,,3.2,270,30,1008.1,1025.5,0,,,0,,.2
289,산청,2026-02-01 19:00,1.1,,2.3,270,32,1008.8,1026.2,,,,0,,-1.9
289,산청,2026-02-01 20:00,.4,,2.1,290,35,1009.3,1026.8,,,,0,,-2.8
289,산청,2026-02-01 21:00,-.7,,2.8,20,40,1009.6,1027.2,,,,0,,-3.1
289,산청,2026-02-01 22:00,-1.3,,1.4,360,43,1010.1,1027.7,,,,0,,-3.8
289,산청,2026-02-01 23:00,-2.8,,.2,0,48,1010.2,1027.9,,,,0,,-5.4
289,산청,2026-02-02 00:00,-4.2,,.1,0,56,1010.3,1028.1,,,,0,,-6
289,산청,2026-02-02 01:00,-5,,.2,0,59,1010.2,1028.1,,,,0,,-6.3
289,산청,2026-02-02 02:00,-6,,.4,0,65,1009.9,1027.8,,,,0,,-6.4
289,산청,2026-02-02 03:00,-6.1,,.1,0,68,1009.1,1027,,,,2,,-6.3
289,산청,2026-02-02 04:00,-6.7,,.4,0,70,1008.2,1026.2,,,,2,,-6.6
289,산청,2026-02-02 05:00,-5.9,,.4,0,69,1007.7,1025.6,,,,10,,-3.5
289,산청,2026-02-02 06:00,-5.9,0,.6,270,81,1008.1,1026,,,,10,,-3.2
289,산청,2026-02-02 07:00,-5.5,,.4,0,89,1008,1025.9,,,,9,,-2.8
289,산청,2026-02-02 08:00,-5,,.3,0,92,1008.4,1026.2,0,,,10,,-2.1
289,산청,2026-02-02 09:00,-3.5,.3,.8,110,90,1008.6,1026.3,.1,,,7,,-2.2
289,산청,2026-02-02 10:00,.5,,5.4,270,55,1008.9,1026.4,.5,,,7,,0
289,산청,2026-02-02 11:00,1.3,,6.4,270,44,1008.9,1026.3,.8,,,6,,7.8
289,산청,2026-02-02 12:00,.7,,7.1,290,44,1008.8,1026.3,.4,,,6,,7.6
289,산청,2026-02-02 13:00,.8,,7.3,290,40,1008.2,1025.7,.5,,,5,,5.9
289,산청,2026-02-02 14:00,1.1,,7.1,290,39,1007.9,1025.3,.7,,,4,,9.9
289,산청,2026-02-02 15:00,1.7,,5.5,290,37,1008.3,1025.7,.9,,,0,,11.1
289,산청,2026-02-02 16:00,1.8,,6,290,35,1008.8,1026.2,1,,,0,,8.5
289,산청,2026-02-02 17:00,1.3,,5.7,290,32,1009.3,1026.7,1,,,0,,3
289,산청,2026-02-02 18:00,-.1,,3.9,290,38,1010,1027.5,0,,,0,,-2
289,산청,2026-02-02 19:00,-.9,,4.7,270,38,1010.7,1028.3,,,,0,,-3.3
289,산청,2026-02-02 20:00,-1.4,,5.4,270,42,1011.6,1029.3,,,,0,,-3.6
289,산청,2026-02-02 21:00,-1.8,,4.4,290,43,1012.1,1029.8,,,,0,,-3.9
289,산청,2026-02-02 22:00,-2,,4.4,290,40,1012.6,1030.3,,,,0,,-4.4
289,산청,2026-02-02 23:00,-2.2,,3.6,290,41,1013.3,1031,,,,0,,-4.8
289,산청,2026-02-03 00:00,-2.4,,3.8,290,52,1013.6,1031.4,,,,0,,-4.6
289,산청,2026-02-03 01:00,-3.3,,2,340,59,1013.5,1031.3,,,,0,,-5.3
289,산청,2026-02-03 02:00,-3,,2.9,340,61,1013.3,1031.1,,,,0,,-5.1
289,산청,2026-02-03 03:00,-3,,3,360,63,1013.3,1031.1,,,,0,,-5.1
289,산청,2026-02-03 04:00,-3.3,,2.3,360,62,1013.6,1031.4,,,,0,,-5.5
289,산청,2026-02-03 05:00,-3.1,,2.9,360,60,1013.3,1031.1,,,,0,,-5.4
289,산청,2026-02-03 06:00,-3.1,,3.4,340,59,1013.7,1031.5,,,,0,,-5.4
289,산청,2026-02-03 07:00,-2.7,,4.4,340,53,1014.1,1031.9,,,,0,,-5.3
289,산청,2026-02-03 08:00,-3.3,,3.4,340,57,1014.3,1032.1,0,,,0,,-5.3
289,산청,2026-02-03 09:00,-1.4,,2.2,360,50,1014.4,1032.1,.5,,,0,,-2.9
289,산청,2026-02-03 10:00,.8,,2.9,360,43,1014.2,1031.8,1,,,0,,7
289,산청,2026-02-03 11:00,2.6,,2.4,20,39,1013.4,1030.8,.9,,,0,,12.7
289,산청,2026-02-03 12:00,4.8,,2.5,360,32,1012.1,1029.4,1,,,0,,18.1
289,산청,2026-02-03 13:00,6.7,,2.4,340,29,1010.8,1027.9,1,,,0,,22.1
289,산청,2026-02-03 14:00,7.1,,3.6,360,28,1010,1027.1,1,,,0,,21
289,산청,2026-02-03 15:00,8,,3.5,340,29,1009.2,1026.2,1,,,0,,20.1
289,산청,2026-02-03 16:00,7.7,,3.9,290,32,1009.3,1026.3,1,,,0,,14.7
289,산청,2026-02-03 17:00,6.7,,3.7,320,31,1009.3,1026.4,1,,,5,,7.8
289,산청,2026-02-03 18:00,4.7,,2.1,20,31,1009.6,1026.8,.1,,,6,,2.1
289,산청,2026-02-03 19:00,3.8,,4.3,290,41,1009.8,1027.1,,,,8,,1.2
289,산청,2026-02-03 20:00,2.9,,2.9,290,48,1009.7,1027,,,,10,,.4
289,산청,2026-02-03 21:00,2.1,,1.7,340,52,1009.6,1027,,,,10,,-.4
289,산청,2026-02-03 22:00,1,,.5,270,58,1009.3,1026.8,,,,9,,-1.9
289,산청,2026-02-03 23:00,-.4,,0,0,63,1009.3,1026.9,,,,10,,-2.5
289,산청,2026-02-04 00:00,-1.2,,.1,0,65,1008.9,1026.5,,,,10,,-2.9
289,산청,2026-02-04 01:00,-1.8,,0,0,66,1008.5,1026.1,,,,10,,-3
289,산청,2026-02-04 02:00,-1.4,,.6,200,68,1008.7,1026.3,,,,9,,-2.8
289,산청,2026-02-04 03:00,-1.7,,.5,200,71,1008.9,1026.5,,,,9,,-2.9
289,산청,2026-02-04 04:00,-1.5,,.2,0,73,1008.3,1025.9,,,,10,,-2.9
289,산청,2026-02-04 05:00,-2,,.1,0,75,1008,1025.6,,,,8,,-3.7
289,산청,2026-02-04 06:00,-2.2,,.8,200,77,1008.2,1025.9,,,,7,,-3.2
289,산청,2026-02-04 07:00,-2.6,,.9,250,78,1008,1025.7,,,,9,,-3.2
289,산청,2026-02-04 08:00,-2.2,,.9,90,77,1008,1025.7,0,,,6,,-3.3
289,산청,2026-02-04 09:00,.5,,0,0,67,1008.3,1025.8,.5,,,6,,2
289,산청,2026-02-04 10:00,3.4,,.8,250,56,1007.9,1025.2,1,,,5,,5.8
289,산청,2026-02-04 11:00,4.9,,1.4,320,51,1007.6,1024.8,.9,,,0,,10.4
289,산청,2026-02-04 12:00,6.4,,1,320,45,1006.6,1023.7,1,,,0,,16.4
289,산청,2026-02-04 13:00,8.7,,1,200,40,1004.9,1021.8,1,,,0,,20.4
289,산청,2026-02-04 14:00,9.2,,1.6,340,36,1004,1020.8,1,,,6,,17.5
289,산청,2026-02-04 15:00,10.5,,2.7,320,31,1003.7,1020.4,1,,,0,,18
289,산청,2026-02-04 16:00,9.8,,2.7,290,34,1003,1019.8,1,,,0,,14.7
289,산청,2026-02-04 17:00,8.5,,1.7,340,38,1003.8,1020.7,.7,,,0,,8.7
289,산청,2026-02-04 18:00,7.4,,2.7,320,45,1003.7,1020.6,0,,,0,,5.2
289,산청,2026-02-04 19:00,5.1,,.2,0,54,1003.8,1020.9,,,,0,,2
289,산청,2026-02-04 20:00,2.5,,.5,90,59,1004,1021.3,,,,0,,-.1
289,산청,2026-02-04 21:00,1.1,,0,0,65,1004.1,1021.5,,,,6,,-1.2
289,산청,2026-02-04 22:00,.3,,.1,0,70,1004.4,1021.8,,,,10,,-.9
289,산청,2026-02-04 23:00,-.8,,.3,0,76,1004.1,1021.6,,,,0,,-2.5
289,산청,2026-02-05 00:00,-1.9,,.1,0,79,1004.2,1021.8,,,,0,,-2.5
289,산청,2026-02-05 01:00,-2.7,,.6,250,84,1004.1,1021.7,,,,4,,-2.8
289,산청,2026-02-05 02:00,-3.1,,.1,0,85,1003.9,1021.5,,,,8,,-2.9
289,산청,2026-02-05 03:00,-2.9,,.3,0,85,1003.7,1021.3,,,,8,,-2.6
289,산청,2026-02-05 04:00,-3.2,,1,70,87,1003.5,1021.1,,,,7,,-2.6
289,산청,2026-02-05 05:00,-3.2,,.3,0,86,1003,1020.6,,,,8,,-2.7
289,산청,2026-02-05 06:00,-3.4,,.3,0,88,1002.9,1020.5,,,,7,,-2.8
289,산청,2026-02-05 07:00,-3.5,,.3,0,87,1002.8,1020.4,,,,9,,-2.8
289,산청,2026-02-05 08:00,-3.3,,.2,0,87,1003,1020.6,0,,,9,,-2.4
289,산청,2026-02-05 09:00,-2.3,,.2,0,83,1002.8,1020.4,.2,,,6,,-1.3
289,산청,2026-02-05 10:00,1.7,,.5,250,71,1002.4,1019.7,.9,,,0,,4.1
289,산청,2026-02-05 11:00,6.8,,.4,0,56,1001.6,1018.5,.9,,,0,,10.6
289,산청,2026-02-05 12:00,10.7,,2.1,50,44,1000.9,1017.6,1,,,0,,17.2
289,산청,2026-02-05 13:00,12.5,,2.1,70,42,999.9,1016.5,1,,,6,,22.8
289,산청,2026-02-05 14:00,13,,5.5,290,41,999.6,1016.1,.7,,,0,,20.8
289,산청,2026-02-05 15:00,13.7,,3,320,42,999.1,1015.6,1,,,0,,20.6
289,산청,2026-02-05 16:00,13.6,,4.7,250,39,999.2,1015.7,1,,,0,,17.3
289,산청,2026-02-05 17:00,12.2,,4.1,290,37,1000.1,1016.7,.7,,,4,,11.3
289,산청,2026-02-05 18:00,10.7,,3.5,290,39,1000.9,1017.6,0,,,6,,7.7
289,산청,2026-02-05 19:00,9.7,,4.9,270,38,1001.8,1018.6,,,,5,,5.5
289,산청,2026-02-05 20:00,8.6,,3.5,290,39,1002.1,1018.9,,,,6,,4.1
289,산청,2026-02-05 21:00,7.8,,2.5,320,40,1001.9,1018.8,,,,6,,3
289,산청,2026-02-05 22:00,7,,3.5,340,46,1001.9,1018.8,,,,6,,3
289,산청,2026-02-05 23:00,6,,2.9,20,58,1002.1,1019.1,,,,8,,2.8
289,산청,2026-02-06 00:00,5.8,,3.2,20,56,1002.5,1019.5,,,,9,,2.6
289,산청,2026-02-06 01:00,5.3,,2.6,20,57,1002.3,1019.4,,,,10,,2.8
289,산청,2026-02-06 02:00,5.6,,3.1,360,42,1002.3,1019.3,,,,10,,2.5
289,산청,2026-02-06 03:00,4.5,,3.5,360,46,1002.8,1019.9,,,,10,,2.1
289,산청,2026-02-06 04:00,3.8,,4.8,360,47,1002.8,1020,,,,10,,2.1
289,산청,2026-02-06 05:00,2.6,,4.5,360,48,1003,1020.2,,,,9,,1.2
289,산청,2026-02-06 06:00,2.1,,5,20,43,1003.7,1021,,,,10,,.9
289,산청,2026-02-06 07:00,1.4,,3.9,20,44,1004.4,1021.7,,,,10,,.6
289,산청,2026-02-06 08:00,.9,,3.7,360,46,1005.2,1022.6,0,,,10,,.7
289,산청,2026-02-06 09:00,1,,4.7,360,43,1005.8,1023.2,0,,,10,,2.2
289,산청,2026-02-06 10:00,1.5,,4.6,340,34,1006,1023.4,0,,,9,,4.4
289,산청,2026-02-06 11:00,2.5,,3.6,340,31,1006,1023.3,.1,,,9,,7.4
289,산청,2026-02-06 12:00,4.4,,3.3,340,20,1005.1,1022.3,.8,,,6,,13.1
289,산청,2026-02-06 13:00,6.7,,4.1,290,13,1004.2,1021.2,1,,,5,,19.8
289,산청,2026-02-06 14:00,7.6,,4.8,270,10,1003.3,1020.2,1,,,1,,19.9
289,산청,2026-02-06 15:00,8.1,,3.1,320,11,1003,1019.9,1,,,5,,18.3
289,산청,2026-02-06 16:00,7.4,,2.8,270,13,1002.8,1019.7,1,,,6,,13.7
289,산청,2026-02-06 17:00,5.8,,3.1,320,20,1002.7,1019.7,.8,,,6,,8.6
289,산청,2026-02-06 18:00,3.7,,3,340,24,1003,1020.2,0,,,8,,4.5
289,산청,2026-02-06 19:00,2.3,,1.5,360,26,1003.7,1021,0,,,9,,2.5
289,산청,2026-02-06 20:00,1.8,,2.4,360,27,1003.6,1020.9,,,,10,,2
289,산청,2026-02-06 21:00,1.2,,2.3,360,28,1004.3,1021.7,,,,10,,1.6
289,산청,2026-02-06 22:00,.5,,3.1,340,28,1004.5,1021.9,,,,10,,1.1
289,산청,2026-02-06 23:00,-.5,,3.2,20,33,1004.8,1022.3,,,,10,,.4
289,산청,2026-02-07 00:00,-1.1,,3.7,20,35,1004.5,1022,,,,10,,-.2
289,산청,2026-02-07 01:00,-1.6,,3.3,360,34,1004.4,1021.9,,,,10,,-1
289,산청,2026-02-07 02:00,-1.8,,3.9,360,31,1004.9,1022.5,,,,10,,-.8
289,산청,2026-02-07 03:00,-1.9,,4.4,360,28,1005,1022.6,,,,10,,-.9
289,산청,2026-02-07 04:00,-2,,3.5,320,24,1004.8,1022.4,,,,10,,-1
289,산청,2026-02-07 05:00,-2.6,,4.6,340,21,1005.2,1022.8,,,,10,,-1.2
289,산청,2026-02-07 06:00,-3.2,,4.2,360,21,1005.4,1023.1,,,,10,,-1.7
289,산청,2026-02-07 07:00,-3.7,,3.9,320,22,1005.7,1023.4,,,,8,,-2
289,산청,2026-02-07 08:00,-5.1,,3.8,340,31,1006.1,1023.9,0,,,2,,-3.4
289,산청,2026-02-07 09:00,-4.9,,3.6,360,35,1006.3,1024.1,.4,,,0,,-2.3
289,산청,2026-02-07 10:00,-3.8,,4.9,320,32,1006,1023.7,1,,,0,,2.5
289,산청,2026-02-07 11:00,-2.2,,4.8,290,29,1006.3,1023.9,.9,,,0,,7.9
289,산청,2026-02-07 12:00,-.6,,4.5,290,23,1005.2,1022.7,1,,,0,,13.7
289,산청,2026-02-07 13:00,-.2,,5.3,290,23,1004.8,1022.3,1,,,0,,15.7
289,산청,2026-02-07 14:00,.2,,6.2,270,18,1004.1,1021.5,1,,,0,,16.4
289,산청,2026-02-07 15:00,-.1,,5.8,290,20,1003.9,1021.3,1,,,0,,13.8
289,산청,2026-02-07 16:00,-1.1,,7.1,270,32,1004.1,1021.6,1,,,0,,9.7
289,산청,2026-02-07 17:00,-2.3,,7,290,35,1004.5,1022.1,1,,,0,,4.1
289,산청,2026-02-07 18:00,-3.8,,7.7,290,35,1004.9,1022.6,.1,,,0,,-1.1
289,산청,2026-02-07 19:00,-4.6,,7.4,290,28,1005.9,1023.7,0,,,0,,-3.3
289,산청,2026-02-07 20:00,-5.2,,9.2,270,30,1006.5,1024.3,,,,0,,-3.8
289,산청,2026-02-07 21:00,-6,,5.7,290,35,1006.7,1024.6,,,,0,,-4.4
289,산청,2026-02-07 22:00,-6.3,,6.3,290,42,1006.8,1024.7,,,,0,,-4.8
289,산청,2026-02-07 23:00,-6.5,,5.6,290,47,1006.7,1024.6,,,,0,,-5.1
289,산청,2026-02-08 00:00,-6.6,,5,290,49,1007.1,1025,,,,3,,-5.3
289,산청,2026-02-08 01:00,-6.8,,7,290,49,1007.5,1025.5,,,,0,,-5.7
289,산청,2026-02-08 02:00,-7.3,,6.2,290,45,1007.5,1025.5,,,,0,,-6.2
289,산청,2026-02-08 03:00,-7.8,,6,290,48,1007.4,1025.4,,,,0,,-6.6
289,산청,2026-02-08 04:00,-8.2,,7.4,290,49,1007.4,1025.5,,,,0,,-6.7
289,산청,2026-02-08 05:00,-8.5,,7.3,290,50,1007.6,1025.7,,,,0,,-7
289,산청,2026-02-08 06:00,-8.5,,4.3,290,51,1007.9,1026,,,,0,,-7.2
289,산청,2026-02-08 07:00,-8.6,,3.6,320,52,1009,1027.1,,,,0,,-7
289,산청,2026-02-08 08:00,-8.8,,4.9,290,52,1009.2,1027.3,0,,,0,,-7.1
289,산청,2026-02-08 09:00,-7.4,,5.8,290,44,1009.2,1027.2,.7,,,0,,-5.8
289,산청,2026-02-08 10:00,-6.5,,5.9,290,37,1010,1028,1,,,0,,.2
289,산청,2026-02-08 11:00,-5.3,,7.3,270,33,1010,1027.9,.9,,,0,,5.3
289,산청,2026-02-08 12:00,-3.5,,6,290,30,1009.9,1027.7,1,,,0,,8.9
289,산청,2026-02-08 13:00,-2.6,,6.9,290,27,1009.4,1027.1,1,,,0,,11.3
289,산청,2026-02-08 14:00,-1.7,,5.9,290,26,1009.3,1026.9,1,,,0,,12.4
289,산청,2026-02-08 15:00,-.8,,5.5,270,24,1009.1,1026.7,1,,,0,,10.8
289,산청,2026-02-08 16:00,-.6,,6.1,270,24,1009.3,1026.9,1,,,0,,7.9
289,산청,2026-02-08 17:00,-1.4,,6.6,270,25,1010.2,1027.8,1,,,0,,2.6
289,산청,2026-02-08 18:00,-3.1,,5,270,38,1011,1028.8,.1,,,0,,-.9
289,산청,2026-02-08 19:00,-4.1,,2.9,290,40,1011.6,1029.4,0,,,0,,-3.9
289,산청,2026-02-08 20:00,-4.7,,4,320,42,1012.2,1030.1,,,,0,,-4.4
289,산청,2026-02-08 21:00,-5,,3.4,320,40,1013,1030.9,,,,0,,-4.9
289,산청,2026-02-08 22:00,-5.1,,3.4,290,39,1013,1030.9,,,,0,,-5.2
289,산청,2026-02-08 23:00,-5.1,,4.3,270,36,1013.1,1031,,,,0,,-5.5
289,산청,2026-02-09 00:00,-5.2,,3.4,290,45,1013.6,1031.6,,,,0,,-5.6
289,산청,2026-02-09 01:00,-4.5,,4.7,320,53,1013.2,1031.1,,,,0,,-5.2
289,산청,2026-02-09 02:00,-4.2,,3.5,290,55,1013.1,1031,,,,0,,-5.1
289,산청,2026-02-09 03:00,-5,,2.8,320,59,1013.2,1031.1,,,,0,,-5.5
289,산청,2026-02-09 04:00,-3.8,,4,320,55,1012.1,1029.9,,,,0,,-5.3
289,산청,2026-02-09 05:00,-3.5,,4.6,320,57,1011.8,1029.6,,,,0,,-5
289,산청,2026-02-09 06:00,-3.6,,3.6,360,58,1012.1,1029.9,,,,0,,-5
289,산청,2026-02-09 07:00,-3.6,,2.5,360,62,1012.1,1029.9,,,,0,,-5.2
289,산청,2026-02-09 08:00,-3.4,,1.6,360,62,1012.7,1030.5,0,,,0,,-4.9
289,산청,2026-02-09 09:00,-1,,2.8,360,52,1012.7,1030.4,.7,,,0,,-2.8
289,산청,2026-02-09 10:00,1.8,,3.2,340,39,1012.4,1029.9,1,,,0,,5.1
289,산청,2026-02-09 11:00,3.6,,3.1,340,34,1012.2,1029.5,.9,,,0,,10.5
289,산청,2026-02-09 12:00,4.5,,3.5,20,31,1011,1028.3,1,,,0,,14.9
289,산청,2026-02-09 13:00,6.9,,1.7,290,27,1009.8,1026.9,1,,,0,,19.2
289,산청,2026-02-09 14:00,8,,2.2,340,25,1008.8,1025.8,1,,,0,,20.8
289,산청,2026-02-09 15:00,8.2,,2.3,290,27,1008,1025,1,,,0,,19.3
289,산청,2026-02-09 16:00,8.2,,1,140,27,1007.1,1024.1,1,,,3,,16.4
289,산청,2026-02-09 17:00,7.6,,1.3,200,28,1007.5,1024.5,1,,,6,,9.6
289,산청,2026-02-09 18:00,5.1,,.1,0,33,1007.9,1025.1,.2,,,6,,3.6
289,산청,2026-02-09 19:00,2.4,,.4,0,42,1008.6,1026,0,,,8,,.5
289,산청,2026-02-09 20:00,1.1,,.3,0,45,1009.2,1026.7,,,,7,,-1.2
289,산청,2026-02-09 21:00,-.1,,.1,0,50,1009.5,1027,,,,7,,-2.5
289,산청,2026-02-09 22:00,-1.1,,0,0,53,1009.3,1026.9,,,,0,,-3.4
289,산청,2026-02-09 23:00,-2.6,,.4,0,59,1009,1026.7,,,,8,,-3.5
289,산청,2026-02-10 00:00,-2.9,,0,0,61,1008.7,1026.4,,,,4,,-3.9
289,산청,2026-02-10 01:00,-3.5,,0,0,64,1008.5,1026.2,,,,8,,-4.1
289,산청,2026-02-10 02:00,-3.9,,0,0,66,1008.3,1026.1,,,,8,,-4.4
289,산청,2026-02-10 03:00,-4.5,,.1,0,70,1007.7,1025.5,,,,10,,-3.3
289,산청,2026-02-10 04:00,-4,,.1,0,69,1007.1,1024.9,,,,10,,-2.4
289,산청,2026-02-10 05:00,-3.9,,.3,0,69,1007.1,1024.8,,,,10,,-2.3
289,산청,2026-02-10 06:00,-3.6,,.6,250,70,1006.8,1024.5,,,,10,,-2.1
289,산청,2026-02-10 07:00,-2.9,,.6,160,66,1007.2,1024.9,,,,10,,-1.9
289,산청,2026-02-10 08:00,-2.4,,.8,360,65,1007.4,1025.1,0,,,10,,-1.5
289,산청,2026-02-10 09:00,-1.4,,.7,340,63,1006.7,1024.3,0,,,10,,-.3
289,산청,2026-02-10 10:00,.5,,.4,0,58,1006.3,1023.7,0,,,10,,2.1
289,산청,2026-02-10 11:00,2.5,,.2,0,53,1005.9,1023.2,0,,,10,,5.2
289,산청,2026-02-10 12:00,4.6,0,1,290,68,1004.9,1022,0,,,10,,9.4
289,산청,2026-02-10 13:00,3.8,,.4,0,83,1003.8,1021,0,,,10,,8.4
289,산청,2026-02-10 14:00,3.8,,.6,250,84,1002.7,1019.9,0,,,10,,7.9
289,산청,2026-02-10 15:00,4,.2,0,0,84,1002.2,1019.3,0,,,10,,7.8
289,산청,2026-02-10 16:00,3.9,,0,0,87,1002.1,1019.2,0,,,10,,5.8
289,산청,2026-02-10 17:00,3.6,,.1,0,90,1002,1019.2,0,,,10,,4.4
289,산청,2026-02-10 18:00,3.3,.1,0,0,95,1002.1,1019.3,0,,,10,,3.3
289,산청,2026-02-10 19:00,2.9,,0,0,97,1002.2,1019.4,0,,,10,,2.8
289,산청,2026-02-10 20:00,2.6,,0,0,98,1002.8,1020,,,,10,,2.3
289,산청,2026-02-10 21:00,2.4,,.3,0,98,1003,1020.3,,,,10,,2.1
289,산청,2026-02-10 22:00,2.3,,.2,0,98,1002.8,1020.1,,,,10,,2
289,산청,2026-02-10 23:00,1.9,,.4,0,99,1002.7,1020,,,,7,,.6
289,산청,2026-02-11 00:00,1.6,,.4,0,100,1002.8,1020.1,,,,9,,.4
289,산청,2026-02-11 01:00,1.7,,1.3,230,99,1002.5,1019.8,,,,10,,.8
289,산청,2026-02-11 02:00,1.8,,.5,250,96,1002.6,1019.9,,,,10,,1
289,산청,2026-02-11 03:00,1.6,,1.1,270,97,1002.3,1019.6,,,,10,,.9
289,산청,2026-02-11 04:00,2.5,,2.5,340,86,1002.3,1019.5,,,,10,,1.1
289,산청,2026-02-11 05:00,3.2,,3.8,290,75,1002.5,1019.7,,,,9,,.1
289,산청,2026-02-11 06:00,3.4,,3.3,290,65,1003.2,1020.4,,,,0,,-.2
289,산청,2026-02-11 07:00,2.5,,2.6,320,65,1003.8,1021.1,,,,0,,-1.5
289,산청,2026-02-11 08:00,3.2,,2.6,320,63,1004.4,1021.6,0,,,0,,-.4
289,산청,2026-02-11 09:00,4.6,,2.7,320,64,1004.8,1021.9,.2,,,0,,3.7
289,산청,2026-02-11 10:00,5.8,,4,290,57,1004.8,1021.9,.7,,,8,,9.9
289,산청,2026-02-11 11:00,7,,4.6,290,52,1005,1022,.6,,,7,,15.6
289,산청,2026-02-11 12:00,7.5,,4.1,290,52,1004.7,1021.7,.2,,,7,,17.2
289,산청,2026-02-11 13:00,6.8,,4.1,290,56,1004.3,1021.3,.1,,,8,,11.8
289,산청,2026-02-11 14:00,6.4,,4.8,320,59,1004.3,1021.3,0,,,7,,11.4
289,산청,2026-02-11 15:00,6.4,,4.6,290,56,1004.2,1021.2,.3,,,5,,11.2
289,산청,2026-02-11 16:00,6.2,,6.5,290,56,1004.3,1021.3,.2,,,5,,9.5
289,산청,2026-02-11 17:00,6.2,,3.1,290,53,1004.3,1021.3,.6,,,0,,8.6
289,산청,2026-02-11 18:00,4.9,,3.7,270,55,1004.6,1021.7,.2,,,0,,2.2
289,산청,2026-02-11 19:00,4.1,,4.3,270,56,1005.2,1022.4,0,,,0,,.5
289,산청,2026-02-11 20:00,3.3,,3.5,320,61,1005.2,1022.4,,,,0,,-.1
289,산청,2026-02-11 21:00,2.2,,2.6,340,66,1005.3,1022.6,,,,0,,-1.2
289,산청,2026-02-11 22:00,1,,1.4,230,69,1005.3,1022.7,,,,0,,-3.1
289,산청,2026-02-11 23:00,.9,,2.1,360,70,1005.4,1022.8,,,,0,,-3.1
289,산청,2026-02-12 00:00,-1.8,,1.3,230,78,1005.5,1023.1,,,,0,,-4.8
289,산청,2026-02-12 01:00,-1.9,,1.5,230,76,1005.7,1023.3,,,,0,,-5.1
289,산청,2026-02-12 02:00,-1.9,,1.4,250,78,1005.9,1023.5,,,,0,,-5.4
289,산청,2026-02-12 03:00,-2.3,,1.5,230,79,1005.9,1023.5,,,,0,,-5.4
289,산청,2026-02-12 04:00,-3.1,,1.1,230,81,1005.7,1023.4,,,,0,,-6.6
289,산청,2026-02-12 05:00,-2.8,,1.3,250,79,1005.6,1023.2,,,,0,,-6.6
289,산청,2026-02-12 06:00,-2.7,,1.7,230,73,1006.3,1024,,,,0,,-6.4
289,산청,2026-02-12 07:00,-3.5,,.8,250,74,1006.7,1024.4,,,,0,,-7.2
289,산청,2026-02-12 08:00,-3.7,,.2,0,74,1007.4,1025.1,0,,,0,,-6
289,산청,2026-02-12 09:00,-1,,.2,0,63,1007.7,1025.3,.7,,,0,,-.9
289,산청,2026-02-12 10:00,2.5,,.5,250,50,1007.6,1024.9,1,,,0,,13.9
289,산청,2026-02-12 11:00,7.5,,1.5,360,32,1007,1024,.9,,,0,,21
289,산청,2026-02-12 12:00,9.3,,2.9,320,25,1006.5,1023.4,1,,,0,,25.2
289,산청,2026-02-12 13:00,9.9,,3.4,340,21,1005.7,1022.5,1,,,0,,26.1
289,산청,2026-02-12 14:00,10.8,,2.8,320,21,1004.7,1021.4,1,,,0,,27.5
289,산청,2026-02-12 15:00,10.8,,3.4,290,23,1004.4,1021.1,1,,,0,,23.6
289,산청,2026-02-12 16:00,10.7,,2.2,320,24,1004.2,1020.9,1,,,0,,19.5
289,산청,2026-02-12 17:00,10,,3.9,270,26,1004.2,1021,1,,,0,,11.8
289,산청,2026-02-12 18:00,7.8,,2.8,270,30,1004.5,1021.4,.3,,,0,,4.2
289,산청,2026-02-12 19:00,6,,.1,0,35,1005,1022.1,0,,,0,,-.3
289,산청,2026-02-12 20:00,4.2,,1.4,360,39,1005.2,1022.4,,,,0,,-.8
289,산청,2026-02-12 21:00,3.1,,.3,0,44,1005.4,1022.7,,,,0,,-2.8
289,산청,2026-02-12 22:00,1,,.6,270,50,1005.4,1022.8,,,,0,,-4.4
289,산청,2026-02-12 23:00,-.2,,.3,0,55,1005.5,1023,,,,0,,-5.5
289,산청,2026-02-13 00:00,-1.4,,.2,0,62,1005.1,1022.6,,,,0,,-5.8
289,산청,2026-02-13 01:00,-2.3,,.4,0,66,1004.8,1022.4,,,,0,,-6.1
289,산청,2026-02-13 02:00,-3.3,,.1,0,70,1004.9,1022.6,,,,0,,-6.6
289,산청,2026-02-13 03:00,-3.9,,.7,70,75,1005.1,1022.8,,,,0,,-6.6
289,산청,2026-02-13 04:00,-3.9,,.2,0,75,1005.2,1022.9,,,,0,,-6.9
289,산청,2026-02-13 05:00,-3.8,,.4,0,73,1005,1022.7,,,,0,,-6.9
289,산청,2026-02-13 06:00,-4.9,,.1,0,76,1004.8,1022.6,,,,0,,-7.2
289,산청,2026-02-13 07:00,-5.2,,.3,0,81,1005.1,1022.9,,,,0,,-7.4
289,산청,2026-02-13 08:00,-5.2,,.1,0,81,1005.6,1023.4,0,,,0,,-5.7
289,산청,2026-02-13 09:00,-3,,.1,0,73,1005.5,1023.2,.7,,,0,,-.4
289,산청,2026-02-13 10:00,.9,,.4,0,59,1005.1,1022.5,1,,,0,,13.8
289,산청,2026-02-13 11:00,5.2,,.2,0,39,1004.5,1021.6,.9,,,0,,19.9
289,산청,2026-02-13 12:00,9.9,,.5,250,30,1003.7,1020.5,1,,,0,,26.8
289,산청,2026-02-13 13:00,11.8,,1.2,50,24,1002.6,1019.2,1,,,0,,30.3
289,산청,2026-02-13 14:00,13.7,,1.4,270,22,1002,1018.5,1,,,0,,29.9
289,산청,2026-02-13 15:00,14.3,,2.9,320,16,1001.5,1018,1,,,0,,27.2
289,산청,2026-02-13 16:00,13.9,,3.1,320,17,1001.5,1018,1,,,0,,21.4
289,산청,2026-02-13 17:00,13.1,,2.8,320,20,1001.4,1017.9,1,,,0,,14
289,산청,2026-02-13 18:00,10.8,,.8,290,25,1001.8,1018.5,.3,,,0,,5.3
289,산청,2026-02-13 19:00,8.8,,.5,340,31,1002.3,1019.1,0,,,0,,2.2
289,산청,2026-02-13 20:00,6.2,,.7,70,38,1002.6,1019.6,,,,0,,.1
289,산청,2026-02-13 21:00,4.5,,.2,0,45,1002.9,1020,,,,0,,-1.6
289,산청,2026-02-13 22:00,2.7,,.3,0,51,1003.4,1020.6,,,,0,,-2.7
289,산청,2026-02-13 23:00,1.9,,.7,70,55,1003.4,1020.7,,,,0,,-3.2
289,산청,2026-02-14 00:00,.4,,.5,50,62,1003.6,1021,,,,0,,-3.7
289,산청,2026-02-14 01:00,-.8,,.3,0,67,1003.9,1021.4,,,,0,,-4.8
289,산청,2026-02-14 02:00,-1.1,,.2,0,70,1003.6,1021.1,,,,6,,-5.4
289,산청,2026-02-14 03:00,-2.1,,.2,0,75,1003.4,1021,,,,8,,-4.5
289,산청,2026-02-14 04:00,-2.5,,.3,0,78,1003,1020.6,,,,6,,-5
289,산청,2026-02-14 05:00,-2.6,,.3,0,78,1003.1,1020.7,,,,6,,-4.5
289,산청,2026-02-14 06:00,-2.7,,.5,340,79,1003,1020.6,,,,10,,-3.2
289,산청,2026-02-14 07:00,-2.7,,.2,0,79,1002.8,1020.4,,,,9,,-4.3
289,산청,2026-02-14 08:00,-2.9,,.3,0,81,1003.6,1021.2,0,,,8,,-2.4
289,산청,2026-02-14 09:00,-1,,.3,0,75,1003.4,1020.9,0,,,8,,2.7
289,산청,2026-02-14 10:00,.9,,.1,0,68,1002.8,1020.2,.1,,,8,,7.9
289,산청,2026-02-14 11:00,4.6,,.4,0,53,1002.1,1019.2,.6,,,8,,17.5
289,산청,2026-02-14 12:00,8.9,,.4,0,46,1001.2,1018,1,,,7,,24
289,산청,2026-02-14 13:00,12.1,,.5,270,42,1000,1016.6,.5,,,8,,24.4
289,산청,2026-02-14 14:00,13.5,,.9,20,36,999.4,1015.9,.2,,,9,,24.1
289,산청,2026-02-14 15:00,14.2,,1.1,50,36,998.9,1015.3,.1,,,8,,23.8
289,산청,2026-02-14 16:00,14.4,,.8,360,37,998.6,1015,.1,,,8,,18
289,산청,2026-02-14 17:00,14.3,,.7,110,38,998.3,1014.7,0,,,6,,14.8
289,산청,2026-02-14 18:00,12.5,,.9,20,45,998.3,1014.8,.4,,,0,,7.8
289,산청,2026-02-14 19:00,9.6,,.3,0,58,999.2,1015.9,0,,,0,,3.7
289,산청,2026-02-14 20:00,7.3,,.1,0,64,999.4,1016.3,,,,0,,1.5
289,산청,2026-02-14 21:00,5.3,,.2,0,72,1000,1017,,,,0,,.2
289,산청,2026-02-14 22:00,4.5,,.7,70,79,1000.3,1017.4,,,,0,,-.1
289,산청,2026-02-14 23:00,2.8,,.2,0,83,1000.7,1017.9,,,,0,,-1.7
289,산청,2026-02-15 00:00,2.3,,.2,0,89,1000.9,1018.1,,,,0,,-.3
289,산청,2026-02-15 01:00,1.8,,.3,0,90,1000.9,1018.2,,,,0,,-3.1
289,산청,2026-02-15 02:00,.2,,.1,0,93,1001.3,1018.7,,,,0,,-3.9
289,산청,2026-02-15 03:00,-.3,,.1,0,95,1001.2,1018.6,,,,0,,-4.5
289,산청,2026-02-15 04:00,-1,,.6,70,97,1001,1018.4,,,,0,,-4.4
289,산청,2026-02-15 05:00,-1.2,,.2,0,98,1001.4,1018.9,,,,0,,-4.6
289,산청,2026-02-15 06:00,-1.8,,0,0,97,1002,1019.5,,,,0,,-4.9
289,산청,2026-02-15 07:00,-1.7,,.7,50,98,1002.5,1020,,,,0,,-4.3
289,산청,2026-02-15 08:00,-1.2,,.8,70,98,1002.9,1020.4,0,,,0,,-2.4
289,산청,2026-02-15 09:00,1.5,,.7,70,92,1003,1020.3,.8,,,0,,2.9
289,산청,2026-02-15 10:00,7.3,,.4,0,76,1003,1019.9,1,,,0,,18.2
289,산청,2026-02-15 11:00,13.5,,.7,270,52,1002.3,1018.8,.9,,,0,,27.8
289,산청,2026-02-15 12:00,16.1,,1.9,340,39,1001.3,1017.7,1,,,0,,31.1
289,산청,2026-02-15 13:00,17.7,,2.7,320,31,1000.5,1016.7,1,,,0,,34.2
289,산청,2026-02-15 14:00,18.3,,3.1,320,31,1000.4,1016.6,1,,,0,,32.8
289,산청,2026-02-15 15:00,18.2,,3.1,320,33,1000.2,1016.4,1,,,0,,29.2
289,산청,2026-02-15 16:00,17.2,,4.2,320,38,1000.3,1016.6,1,,,0,,23.2
289,산청,2026-02-15 17:00,15.5,,3.8,340,41,1000.4,1016.8,1,,,3,,16.3
289,산청,2026-02-15 18:00,12.5,,3.6,340,55,1001.6,1018.2,0,,,5,,10.5
289,산청,2026-02-15 19:00,10.6,,3.3,340,58,1002.3,1019,0,,,5,,7.6
289,산청,2026-02-15 20:00,9.7,,2,20,55,1002.5,1019.3,,,,6,,5.8
289,산청,2026-02-15 21:00,8.8,,2.4,360,54,1003,1019.8,,,,6,,5
289,산청,2026-02-15 22:00,8.1,,2.5,340,55,1003.7,1020.6,,,,4,,3.7
289,산청,2026-02-15 23:00,6.9,,3.1,340,66,1004.2,1021.2,,,,4,,3.4
289,산청,2026-02-16 00:00,5.7,,2.1,340,71,1004,1021.1,,,,0,,1.6
289,산청,2026-02-16 01:00,4.5,,1.8,270,73,1003.9,1021,,,,0,,0
289,산청,2026-02-16 02:00,4.6,,1.7,340,67,1003.9,1021,,,,6,,.1
289,산청,2026-02-16 03:00,3.3,,1.4,270,70,1004.3,1021.5,,,,6,,-1.1
289,산청,2026-02-16 04:00,3.1,,1.6,290,68,1004.1,1021.3,,,,8,,.8
289,산청,2026-02-16 05:00,2.2,,1.7,290,67,1004.3,1021.6,,,,10,,-.5
289,산청,2026-02-16 06:00,2.6,,1.9,250,57,1004.9,1022.2,,,,10,,.2
289,산청,2026-02-16 07:00,2.4,,1.4,250,53,1005.5,1022.8,,,,10,,.4
289,산청,2026-02-16 08:00,2.5,,2.5,230,52,1005.8,1023.1,0,,,10,,1.8
289,산청,2026-02-16 09:00,3.2,,2,250,50,1006.5,1023.8,0,,,10,,5
289,산청,2026-02-16 10:00,4,,2,230,42,1006.3,1023.5,0,,,10,,6.7
289,산청,2026-02-16 11:00,6.6,,2.6,290,28,1006.2,1023.2,.1,,,8,,17.2
289,산청,2026-02-16 12:00,8.3,,2,340,26,1005.3,1022.2,1,,,8,,22.2
289,산청,2026-02-16 13:00,9.4,,2.5,340,22,1004.4,1021.2,1,,,8,,24
289,산청,2026-02-16 14:00,10.4,,1.7,320,18,1003.5,1020.3,1,,,7,,25
289,산청,2026-02-16 15:00,11.5,,1.7,340,17,1003.3,1020,1,,,5,,27.3
289,산청,2026-02-16 16:00,11.3,,2.1,340,16,1003.3,1020,1,,,6,,21.3
289,산청,2026-02-16 17:00,10.7,,1.5,320,19,1003.8,1020.5,1,,,5,,13.8
289,산청,2026-02-16 18:00,8.6,,1.9,360,23,1004.3,1021.2,.4,,,6,,6
289,산청,2026-02-16 19:00,6.3,,.1,0,30,1005.2,1022.2,0,,,4,,1.1
289,산청,2026-02-16 20:00,4.5,,.4,0,35,1005.8,1023,,,,6,,-.3
289,산청,2026-02-16 21:00,3.2,,0,0,41,1006.7,1024,,,,8,,-1.2
289,산청,2026-02-16 22:00,1.8,,.2,0,46,1007.3,1024.7,,,,7,,-2.1
289,산청,2026-02-16 23:00,.5,,0,0,54,1007.4,1024.9,,,,4,,-3.5
289,산청,2026-02-17 00:00,-.7,,.2,0,57,1007.6,1025.1,,,,4,,-4.5
289,산청,2026-02-17 01:00,-1.6,,.4,0,62,1007.9,1025.5,,,,6,,-4.4
289,산청,2026-02-17 02:00,-2.2,,.4,0,65,1007.8,1025.4,,,,6,,-5.2
289,산청,2026-02-17 03:00,-2.9,,.1,0,69,1007.9,1025.6,,,,8,,-5.6
289,산청,2026-02-17 04:00,-3.4,,.4,0,70,1007.7,1025.4,,,,0,,-6.3
289,산청,2026-02-17 05:00,-4,,0,0,75,1007.2,1025,,,,0,,-7
289,산청,2026-02-17 06:00,-4.6,,0,0,77,1007.5,1025.3,,,,0,,-7.1
289,산청,2026-02-17 07:00,-5.1,,.6,270,80,1007.7,1025.5,,,,0,,-7.3
289,산청,2026-02-17 08:00,-5.1,,.3,0,80,1007.9,1025.7,0,,,0,,-5.6
289,산청,2026-02-17 09:00,-2.3,,0,0,71,1008,1025.7,1,,,0,,0
289,산청,2026-02-17 10:00,1.9,,.5,250,52,1007.5,1024.9,1,,,0,,17.2
289,산청,2026-02-17 11:00,6.1,,.7,270,41,1006.8,1023.9,1,,,0,,25.4
289,산청,2026-02-17 12:00,9,,1.8,270,25,1005.5,1022.4,1,,,0,,29.3
289,산청,2026-02-17 13:00,9.6,,.9,160,20,1004,1020.8,1,,,0,,33.1
289,산청,2026-02-17 14:00,11.3,,3,340,14,1002.9,1019.6,1,,,0,,29.3
289,산청,2026-02-17 15:00,11.5,,3.8,320,16,1002.5,1019.2,1,,,0,,26.3
289,산청,2026-02-17 16:00,11.4,,3.8,290,15,1002.3,1019,1,,,0,,21.5
289,산청,2026-02-17 17:00,10.6,,3.4,290,14,1002.4,1019.1,1,,,0,,13.7
289,산청,2026-02-17 18:00,7.9,,4,270,17,1003,1019.9,.5,,,0,,5.1
289,산청,2026-02-17 19:00,5.4,,2.2,270,21,1003.4,1020.5,0,,,0,,.3
289,산청,2026-02-17 20:00,4,,2.2,320,28,1004.1,1021.3,,,,0,,-.3
289,산청,2026-02-17 21:00,3.3,,3.4,360,33,1004.5,1021.7,,,,0,,-.3
289,산청,2026-02-17 22:00,2.1,,2.6,320,36,1004.7,1022,,,,0,,-1.8
289,산청,2026-02-17 23:00,1.4,,4.2,340,37,1004.7,1022.1,,,,5,,-2
289,산청,2026-02-18 00:00,.9,,5.3,340,44,1005.1,1022.5,,,,9,,-.8
289,산청,2026-02-18 01:00,.5,,3.5,340,57,1005.1,1022.5,,,,8,,-1.3
289,산청,2026-02-18 02:00,0,,3.5,360,63,1004.9,1022.4,,,,6,,-2.2
289,산청,2026-02-18 03:00,-1.3,,1.2,230,68,1004.7,1022.2,,,,6,,-5.1
289,산청,2026-02-18 04:00,-1.6,,1,230,69,1004.1,1021.6,,,,3,,-6.1
289,산청,2026-02-18 05:00,.2,,1.7,340,53,1003.8,1021.2,,,,0,,-4.8
289,산청,2026-02-18 06:00,.3,,1.8,360,58,1003.7,1021.1,,,,0,,-4.2
289,산청,2026-02-18 07:00,1.7,,2.5,290,58,1003.9,1021.2,,,,0,,-3.5
289,산청,2026-02-18 08:00,1.7,,2.1,340,65,1004.4,1021.7,0,,,0,,-1.4
289,산청,2026-02-18 09:00,3.9,,3.9,340,59,1005.1,1022.3,.9,,,0,,5.4
289,산청,2026-02-18 10:00,5.8,,3.7,290,50,1005,1022.1,.9,,,0,,12.9
289,산청,2026-02-18 11:00,7.4,,3.7,290,43,1005,1022,.9,,,2,,21.8
289,산청,2026-02-18 12:00,9.2,,4.3,270,38,1004.9,1021.8,1,,,2,,27.7
289,산청,2026-02-18 13:00,9.3,,5,290,34,1004.2,1021,1,,,1,,27.5
289,산청,2026-02-18 14:00,9.9,,5.8,270,34,1003.3,1020.1,1,,,0,,26.8
289,산청,2026-02-18 15:00,10,,6.1,290,26,1003.4,1020.2,1,,,2,,21.5
289,산청,2026-02-18 16:00,10.2,,5.9,290,25,1003.4,1020.2,1,,,0,,18.5
289,산청,2026-02-18 17:00,9.3,,5,270,23,1003.6,1020.4,1,,,0,,12.3
289,산청,2026-02-18 18:00,7.2,,5.1,270,21,1004.1,1021.1,.6,,,0,,5
289,산청,2026-02-18 19:00,5.5,,4.6,250,20,1005,1022.1,0,,,0,,2.3
289,산청,2026-02-18 20:00,3.4,,2.9,340,29,1006.4,1023.7,,,,0,,-.3
289,산청,2026-02-18 21:00,1.9,,2,360,36,1007.1,1024.5,,,,0,,-1.6
289,산청,2026-02-18 22:00,1.1,,2,20,41,1007.6,1025,,,,0,,-2.4
289,산청,2026-02-18 23:00,.3,,1.4,340,44,1007.7,1025.2,,,,0,,-3.8
289,산청,2026-02-19 00:00,-2.2,,1.8,250,51,1008.2,1025.9,,,,0,,-5.8
289,산청,2026-02-19 01:00,-2.7,,.7,250,54,1008.7,1026.4,,,,0,,-7.2
289,산청,2026-02-19 02:00,-3.8,,0,0,61,1008.7,1026.5,,,,0,,-8.3
289,산청,2026-02-19 03:00,-4.7,,0,0,67,1008.8,1026.6,,,,0,,-8.9
289,산청,2026-02-19 04:00,-5.5,,0,0,72,1009,1026.9,,,,0,,-9.2
289,산청,2026-02-19 05:00,-5.9,,.2,0,74,1008.9,1026.8,,,,0,,-9.6
289,산청,2026-02-19 06:00,-7.3,,.6,340,79,1009.3,1027.3,,,,0,,-9.3
289,산청,2026-02-19 07:00,-7.2,,.3,0,82,1009,1027,,,,0,,-10
289,산청,2026-02-19 08:00,-7.7,,.2,0,84,1009.6,1027.7,0,,,0,,-8.5
289,산청,2026-02-19 09:00,-3.8,,.3,0,71,1009.4,1027.2,1,,,0,,0
289,산청,2026-02-19 10:00,-.2,,.9,230,52,1009,1026.5,1,,,0,,17.5
289,산청,2026-02-19 11:00,3.6,,.8,230,29,1008.8,1026.1,1,,,0,,24.3
289,산청,2026-02-19 12:00,7.4,,1.1,320,21,1008,1025,1,,,0,,30.8
289,산청,2026-02-19 13:00,10.7,,1.1,320,14,1006.6,1023.4,1,,,0,,33.6
289,산청,2026-02-19 14:00,11.3,,1.6,290,6,1005.5,1022.2,1,,,0,,32.9
289,산청,2026-02-19 15:00,11.8,,3.4,320,6,1004.7,1021.4,1,,,0,,27.6
289,산청,2026-02-19 16:00,11.6,,3.6,340,12,1004.1,1020.8,1,,,0,,21.8
289,산청,2026-02-19 17:00,10.5,,2.8,320,17,1003.8,1020.6,1,,,3,,13.3
289,산청,2026-02-19 18:00,8.7,,1.9,320,20,1004.4,1021.3,.4,,,8,,6.4
289,산청,2026-02-19 19:00,7.3,,1.7,50,22,1005.1,1022.1,0,,,6,,3
289,산청,2026-02-19 20:00,5.8,,2.2,270,27,1005.3,1022.4,,,,8,,1.6
289,산청,2026-02-19 21:00,4,,1.3,250,32,1005.4,1022.6,,,,8,,-.6
289,산청,2026-02-19 22:00,3.7,,.8,230,35,1005.2,1022.4,,,,8,,-.1
289,산청,2026-02-19 23:00,2,,1.4,230,39,1005.1,1022.4,,,,7,,-1.5
289,산청,2026-02-20 00:00,1.3,,.3,0,41,1004.9,1022.3,,,,8,,-1.6
289,산청,2026-02-20 01:00,0,,0,0,47,1005.3,1022.8,,,,6,,-4.3
289,산청,2026-02-20 02:00,-.9,,.5,320,55,1005.7,1023.2,,,,7,,-2.7
289,산청,2026-02-20 03:00,-1.4,,.1,0,55,1005.5,1023.1,,,,7,,-4.3
289,산청,2026-02-20 04:00,-1.8,,.2,0,58,1005.3,1022.9,,,,6,,-5
289,산청,2026-02-20 05:00,-2.6,,.1,0,61,1004.9,1022.5,,,,6,,-5.8
289,산청,2026-02-20 06:00,-2.5,,.1,0,59,1004.6,1022.2,,,,2,,-6.1
289,산청,2026-02-20 07:00,-3.1,,.3,0,63,1004.7,1022.4,,,,0,,-6.3
289,산청,2026-02-20 08:00,-3.2,,.5,340,65,1004.6,1022.3,0,,,0,,-4.1
289,산청,2026-02-20 09:00,-.4,,.3,0,55,1004.7,1022.2,1,,,0,,5.1
289,산청,2026-02-20 10:00,5,,.2,0,40,1004.2,1021.3,1,,,0,,19.5
289,산청,2026-02-20 11:00,9.3,,.4,0,35,1003.5,1020.3,1,,,0,,27.5
289,산청,2026-02-20 12:00,11.9,,1.6,90,25,1002.4,1019,1,,,0,,32.9
289,산청,2026-02-20 13:00,13.1,,1.9,50,22,1001.2,1017.7,1,,,0,,33.9
289,산청,2026-02-20 14:00,15.1,,1.9,250,19,1000.2,1016.6,1,,,0,,34.2
289,산청,2026-02-20 15:00,15.1,,1.9,230,17,999.4,1015.8,1,,,0,,30.9
289,산청,2026-02-20 16:00,14.9,,2.8,320,22,999.3,1015.7,1,,,0,,25
289,산청,2026-02-20 17:00,13.8,,2.7,320,20,999.3,1015.8,1,,,0,,16.7
289,산청,2026-02-20 18:00,12,,2,340,22,999.8,1016.4,.6,,,0,,8.5
289,산청,2026-02-20 19:00,9.9,,1.4,90,39,1000,1016.7,0,,,0,,4.5
289,산청,2026-02-20 20:00,6.1,,.4,0,43,1000.6,1017.6,,,,0,,.8
289,산청,2026-02-20 21:00,4.3,,.1,0,46,1000.9,1018,,,,0,,-1
289,산청,2026-02-20 22:00,2.7,,.1,0,54,1001.2,1018.4,,,,0,,-2.2
289,산청,2026-02-20 23:00,1.2,,.5,340,58,1001.6,1018.9,,,,0,,-2.9
289,산청,2026-02-21 00:00,0,,.3,0,63,1001.5,1018.9,,,,0,,-4
289,산청,2026-02-21 01:00,-.6,,.1,0,64,1001.3,1018.7,,,,0,,-4.9
289,산청,2026-02-21 02:00,-1.8,,.6,250,69,1001.3,1018.8,,,,0,,-5.4
289,산청,2026-02-21 03:00,-2.2,,.5,360,72,1001,1018.5,,,,0,,-5.7
289,산청,2026-02-21 04:00,-2.8,,.6,70,72,1000.8,1018.4,,,,0,,-6.5
289,산청,2026-02-21 05:00,-3.4,,.1,0,77,1000.8,1018.4,,,,0,,-6.7
289,산청,2026-02-21 06:00,-4,,.6,290,80,1001.2,1018.9,,,,0,,-6.7
289,산청,2026-02-21 07:00,-4.3,,.1,0,81,1001.1,1018.8,,,,0,,-6.8
289,산청,2026-02-21 08:00,-3.7,,.4,0,79,1001.5,1019.1,0,,,0,,-4
289,산청,2026-02-21 09:00,-1.1,,.2,0,69,1001.4,1018.9,1,,,0,,5.6
289,산청,2026-02-21 10:00,2.8,,.6,230,54,1001,1018.2,1,,,0,,18.3
289,산청,2026-02-21 11:00,7.6,,.6,270,45,1000.3,1017.2,.9,,,0,,26.7
289,산청,2026-02-21 12:00,12.7,,.8,290,42,998.8,1015.3,1,,,0,,33.9
289,산청,2026-02-21 13:00,16,,2.4,50,33,997.4,1013.7,1,,,0,,34.1
289,산청,2026-02-21 14:00,16.2,,3.4,70,34,996.4,1012.7,1,,,0,,32.1
289,산청,2026-02-21 15:00,16.4,,3.7,70,35,995.8,1012,1,,,0,,28.9
289,산청,2026-02-21 16:00,16.1,,2.8,70,40,995.3,1011.6,1,,,0,,24.6
289,산청,2026-02-21 17:00,15.3,,3.2,70,42,995.4,1011.7,1,,,0,,17.8
289,산청,2026-02-21 18:00,13.7,,4.7,50,44,995,1011.4,.7,,,0,,11.4
289,산청,2026-02-21 19:00,12.2,,3,70,52,995.5,1012,0,,,0,,8.9
289,산청,2026-02-21 20:00,11.8,,3.4,50,51,995.8,1012.3,,,,0,,7.9
289,산청,2026-02-21 21:00,11.3,,3,50,50,996.1,1012.7,,,,0,,6.7
289,산청,2026-02-21 22:00,10.3,,1.9,290,56,996.2,1012.8,,,,0,,5
289,산청,2026-02-21 23:00,11,,3,50,56,995.5,1012.1,,,,0,,5.8
289,산청,2026-02-22 00:00,11,,1.6,20,62,995.5,1012.1,,,,0,,5.3
289,산청,2026-02-22 01:00,6.3,,1,70,71,995.4,1012.3,,,,0,,2.4
289,산청,2026-02-22 02:00,4.1,,.9,90,74,995.2,1012.2,,,,0,,.7
289,산청,2026-02-22 03:00,3.9,,.9,230,72,995.2,1012.2,,,,0,,.1
289,산청,2026-02-22 04:00,2.3,,.5,250,77,994.8,1011.9,,,,0,,-1
289,산청,2026-02-22 05:00,1.2,,1.1,290,82,994.6,1011.8,,,,0,,-1.4
289,산청,2026-02-22 06:00,.9,,1,320,83,994.5,1011.7,,,,0,,-1.6
289,산청,2026-02-22 07:00,-.2,,.7,340,88,994,1011.3,,,,0,,-2.3
289,산청,2026-02-22 08:00,.5,,.5,50,86,993.5,1010.7,0,,,0,,.3
289,산청,2026-02-22 09:00,3.2,,.7,230,76,993.3,1010.3,1,,,0,,10
289,산청,2026-02-22 10:00,8,,.6,140,62,993,1009.7,1,,,0,,22.5
289,산청,2026-02-22 11:00,15.5,,.6,290,56,991.6,1007.8,.9,,,0,,31.7
289,산청,2026-02-22 12:00,19.6,,2,50,49,990.9,1006.9,1,,,0,,36.9
289,산청,2026-02-22 13:00,21.1,,1.1,270,42,990,1005.9,1,,,0,,40.8
289,산청,2026-02-22 14:00,22.4,,6.1,270,35,989.3,1005.1,1,,,0,,36.8
289,산청,2026-02-22 15:00,18.7,,6.7,290,48,990.3,1006.3,.9,,,0,,29.2
289,산청,2026-02-22 16:00,15.8,,6,320,31,991.9,1008.1,1,,,0,,21.9
289,산청,2026-02-22 17:00,14.4,,7,290,23,993.2,1009.5,.7,,,0,,16.3
289,산청,2026-02-22 18:00,11.8,,6.8,290,20,994.4,1010.9,0,,,0,,10.4
289,산청,2026-02-22 19:00,8.4,,8,290,28,996.3,1013.1,0,,,0,,6.6
289,산청,2026-02-22 20:00,6.8,,8.8,290,24,998,1014.9,,,,0,,4.5
289,산청,2026-02-22 21:00,5.6,,7,290,19,999.8,1016.8,,,,0,,3.2
289,산청,2026-02-22 22:00,4.9,,9,290,20,1001.1,1018.2,,,,0,,2.4
289,산청,2026-02-22 23:00,4.5,,9.1,290,18,1002.5,1019.6,,,,0,,2
289,산청,2026-02-23 00:00,3.8,,6.1,290,20,1003.5,1020.7,,,,0,,.8
289,산청,2026-02-23 01:00,3.5,,7.4,290,30,1004.5,1021.7,,,,0,,1
289,산청,2026-02-23 02:00,2.7,,5.7,290,46,1004.9,1022.2,,,,0,,.3
289,산청,2026-02-23 03:00,2.5,,3.4,290,47,1004.9,1022.2,,,,0,,-.6
289,산청,2026-02-23 04:00,2.5,,2.9,320,43,1005.1,1022.4,,,,0,,-.8
289,산청,2026-02-23 05:00,2,,3,360,41,1005.7,1023,,,,0,,-1.4
289,산청,2026-02-23 06:00,1.6,,3.9,20,38,1006.5,1023.9,,,,0,,-2
289,산청,2026-02-23 07:00,.6,,1.5,70,38,1007.1,1024.5,,,,0,,-4.3
289,산청,2026-02-23 08:00,1.4,,.9,180,31,1008.2,1025.6,.1,,,0,,-2.2
289,산청,2026-02-23 09:00,4.6,,.9,50,22,1008.3,1025.5,1,,,0,,9.2
289,산청,2026-02-23 10:00,7.6,,4.1,320,11,1008.7,1025.7,1,,,0,,19.1
289,산청,2026-02-23 11:00,9,,4.1,320,11,1008.7,1025.6,.9,,,0,,25.5
289,산청,2026-02-23 12:00,10.5,,4,320,10,1008.5,1025.3,1,,,0,,29.7
289,산청,2026-02-23 13:00,11.1,,4.9,290,9,1007.1,1023.9,1,,,6,,27.1
289,산청,2026-02-23 14:00,12.3,,4.2,290,9,1006.5,1023.2,.9,,,7,,29.7
289,산청,2026-02-23 15:00,13.3,,3.7,290,9,1005.9,1022.5,1,,,3,,28.8
289,산청,2026-02-23 16:00,13.3,,3.9,290,9,1006.3,1022.9,1,,,5,,23.2
289,산청,2026-02-23 17:00,12.9,,2.6,320,10,1006.1,1022.7,1,,,2,,16.9
289,산청,2026-02-23 18:00,10.4,,1.7,320,12,1006.9,1023.7,.7,,,2,,8
289,산청,2026-02-23 19:00,8.4,,.7,320,16,1007.6,1024.5,0,,,4,,3
289,산청,2026-02-23 20:00,6.3,,1.1,70,20,1007.9,1025,,,,4,,1.5
289,산청,2026-02-23 21:00,4.1,,.3,0,27,1008.3,1025.5,,,,5,,-.4
289,산청,2026-02-23 22:00,2.4,,.6,340,34,1009,1026.4,,,,8,,-.7
289,산청,2026-02-23 23:00,2.1,,.7,340,34,1008.7,1026.1,,,,7,,0
289,산청,2026-02-24 00:00,1.1,,.1,0,38,1008.5,1025.9,,,,6,,-2.4
289,산청,2026-02-24 01:00,-.3,,.9,230,44,1008.8,1026.3,,,,8,,-2.9
289,산청,2026-02-24 02:00,-.7,,.5,340,47,1008.6,1026.2,,,,5,,-3.7
289,산청,2026-02-24 03:00,-.7,,.9,110,47,1008.1,1025.7,,,,9,,-1.2
289,산청,2026-02-24 04:00,-.7,,.4,0,47,1007.7,1025.2,,,,9,,-1.9
289,산청,2026-02-24 05:00,-1.2,,.4,0,50,1007.3,1024.9,,,,8,,-3.2
289,산청,2026-02-24 06:00,-1.3,,.2,0,49,1007.1,1024.7,,,,10,,-2.1
289,산청,2026-02-24 07:00,-.9,,.3,0,50,1007.6,1025.2,,,,10,,-.4
289,산청,2026-02-24 08:00,-.2,,.3,0,50,1008.1,1025.6,0,,,10,,1.5
289,산청,2026-02-24 09:00,.6,,.9,320,47,1008.7,1026.2,0,,,10,,2.6
289,산청,2026-02-24 10:00,1.4,,.6,250,43,1008.8,1026.2,0,,,10,,3.5
289,산청,2026-02-24 11:00,2.4,,.4,0,44,1008.3,1025.7,0,,,10,,3.6
289,산청,2026-02-24 12:00,-.2,.7,.9,340,88,1008.5,1026,0,,,10,,
289,산청,2026-02-24 13:00,-.2,,.3,0,99,1007.2,1024.7,0,,2.2,10,,
289,산청,2026-02-24 14:00,.3,,.5,50,100,1007.1,1024.6,0,,.6,10,,
289,산청,2026-02-24 15:00,.4,12,.5,200,100,1006.5,1024,0,,.4,10,,
289,산청,2026-02-24 16:00,.5,,.6,290,100,1006.5,1023.9,0,,.4,10,,
289,산청,2026-02-24 17:00,.5,,.1,0,100,1006.6,1024,0,,.6,10,,
289,산청,2026-02-24 18:00,.5,6.7,.4,0,100,1006.6,1024,0,,.8,10,,
289,산청,2026-02-24 19:00,.4,,.3,0,100,1006.7,1024.2,0,,.8,10,,
289,산청,2026-02-24 20:00,.4,,.4,0,100,1006.5,1024,,,.8,10,,
289,산청,2026-02-24 21:00,.5,1.6,.9,340,100,1006.5,1023.9,,,.8,10,,
289,산청,2026-02-24 22:00,.5,,.8,270,100,1006.4,1023.8,,,.8,8,,
289,산청,2026-02-24 23:00,.5,,.1,0,100,1006.4,1023.8,,,.8,7,,
289,산청,2026-02-25 00:00,.6,,.2,0,100,1006.3,1023.7,,,.8,7,,
289,산청,2026-02-25 01:00,.6,,.3,0,100,1005.9,1023.3,,,.6,10,,
289,산청,2026-02-25 02:00,.8,,.1,0,100,1005.9,1023.3,,,.6,9,,
289,산청,2026-02-25 03:00,.8,,.5,270,100,1005.7,1023.1,,,.5,9,,
289,산청,2026-02-25 04:00,.9,,.1,0,100,1005.6,1023,,,.5,9,,
289,산청,2026-02-25 05:00,1,,.2,0,100,1005.7,1023.1,,,.5,9,,
289,산청,2026-02-25 06:00,1.3,,.2,0,100,1006.1,1023.5,,,.5,9,,
289,산청,2026-02-25 07:00,1.4,,.8,230,100,1006.5,1023.9,,,.4,9,,
289,산청,2026-02-25 08:00,1.6,,.7,230,100,1007.2,1024.6,0,,.4,9,,
289,산청,2026-02-25 09:00,1.7,,1.1,320,100,1007.5,1024.9,0,,.3,9,,
289,산청,2026-02-25 10:00,3.2,,.4,0,98,1007.3,1024.6,.1,,.4,9,,4.7
289,산청,2026-02-25 11:00,6.4,,.8,290,80,1007.3,1024.4,.4,,.5,8,,13.2
289,산청,2026-02-25 12:00,8,,1.8,320,68,1006.9,1023.9,.2,,,8,,16.1
289,산청,2026-02-25 13:00,8.4,,3,20,61,1006.2,1023.1,.4,,,8,,16.2
289,산청,2026-02-25 14:00,9,,2.9,50,58,1005.5,1022.4,.5,,,8,,15.3
289,산청,2026-02-25 15:00,10.1,,1.9,360,54,1005.5,1022.3,.9,,,4,,17.6
289,산청,2026-02-25 16:00,10.7,,2.2,360,52,1005.4,1022.2,1,,,0,,16
289,산청,2026-02-25 17:00,10.8,,1.6,20,52,1005.4,1022.2,1,,,0,,12.8
289,산청,2026-02-25 18:00,9.4,,1.7,90,56,1005.8,1022.7,.8,,,0,,8.5
289,산청,2026-02-25 19:00,6.1,,.7,50,74,1006.7,1023.8,0,,,0,,5.7
289,산청,2026-02-25 20:00,4.6,,.2,0,81,1007.2,1024.4,,,,0,,4.1
289,산청,2026-02-25 21:00,3.4,,.3,0,87,1008.1,1025.4,,,,0,,2.8
289,산청,2026-02-25 22:00,2.1,,.1,0,90,1008.1,1025.5,,,,0,,1.9
289,산청,2026-02-25 23:00,1.3,,.6,360,90,1008.1,1025.5,,,,0,,1
289,산청,2026-02-26 00:00,1,,.3,0,92,1007.8,1025.2,,,,9,,1.4
289,산청,2026-02-26 01:00,.9,,.5,340,95,1007.7,1025.1,,,,9,,2.4
289,산청,2026-02-26 02:00,1.3,,.5,50,93,1007.3,1024.7,,,,9,,2.7
289,산청,2026-02-26 03:00,1.4,,.2,0,92,1006.5,1023.9,,,,9,,2.8
289,산청,2026-02-26 04:00,1.6,,.3,0,91,1006.6,1024,,,,9,,2.9
289,산청,2026-02-26 05:00,1.7,,.5,320,92,1006.3,1023.7,,,,9,,2.8
289,산청,2026-02-26 06:00,1.7,,.1,0,92,1006,1023.4,,,,9,,2.6
289,산청,2026-02-26 07:00,2.1,,.1,0,91,1005.9,1023.2,,,,9,,2.8
289,산청,2026-02-26 08:00,2.6,,0,0,90,1006.2,1023.5,0,,,9,,3.9
289,산청,2026-02-26 09:00,3.5,,.4,0,84,1006.2,1023.4,0,,,9,,5.8
289,산청,2026-02-26 10:00,5.3,,.4,0,80,1005.9,1023,0,,,10,,8.1
289,산청,2026-02-26 11:00,6.6,,.1,0,73,1005.6,1022.6,0,,,10,,9.3
289,산청,2026-02-26 12:00,7.9,,.5,340,65,1004.8,1021.7,0,,,10,,11.6
289,산청,2026-02-26 13:00,9.7,,1.2,340,61,1003.4,1020.2,0,,,10,,13.9
289,산청,2026-02-26 14:00,10.2,,.8,270,58,1002.1,1018.8,0,,,10,,13.9
289,산청,2026-02-26 15:00,10.7,,1.2,290,58,1001.4,1018.1,0,,,10,,12.8
289,산청,2026-02-26 16:00,10.4,,.8,230,59,1001.1,1017.8,0,,,9,,11.8
289,산청,2026-02-26 17:00,10.3,,.7,230,61,1001,1017.7,0,,,10,,10
289,산청,2026-02-26 18:00,9.6,,1.1,50,65,1000.7,1017.5,0,,,10,,8.8
289,산청,2026-02-26 19:00,9,,1.2,110,67,1001.1,1017.9,0,,,10,,7.9
289,산청,2026-02-26 20:00,8.6,,1.1,160,71,1001.6,1018.4,,,,10,,7.4
289,산청,2026-02-26 21:00,8,,.5,140,76,1001.6,1018.5,,,,10,,7.2
289,산청,2026-02-26 22:00,7.7,,0,0,77,1001.4,1018.3,,,,10,,7
289,산청,2026-02-26 23:00,7.5,,.2,0,78,1001.6,1018.5,,,,10,,6.8
289,산청,2026-02-27 00:00,7.3,,.5,180,80,1001.3,1018.2,,,,10,,6.7
289,산청,2026-02-27 01:00,7.4,,1.4,270,80,1001.2,1018.1,,,,10,,6.5
289,산청,2026-02-27 02:00,7,,.6,200,84,1000.7,1017.6,,,,10,,6.5
289,산청,2026-02-27 03:00,6.8,,.2,0,84,1000.2,1017.1,,,,10,,6.4
289,산청,2026-02-27 04:00,6.5,,.5,180,88,999.7,1016.6,,,,10,,6.3
289,산청,2026-02-27 05:00,5.7,,.1,0,97,999.4,1016.4,,,,10,,6.2
289,산청,2026-02-27 06:00,5.6,2.3,.5,360,99,999.8,1016.8,,,,10,,6.1
289,산청,2026-02-27 07:00,5.6,,.7,20,99,999.6,1016.6,,,,10,,6
289,산청,2026-02-27 08:00,5.6,,.5,290,99,1000.1,1017.1,0,,,10,,6.1
289,산청,2026-02-27 09:00,5.9,1.2,0,0,98,1000.4,1017.4,0,,,10,,6.7
289,산청,2026-02-27 10:00,6.4,,.2,0,95,1000.5,1017.5,0,,,10,,8.4
289,산청,2026-02-27 11:00,7.3,,.9,340,89,1000.2,1017.1,0,,,10,,10.9
289,산청,2026-02-27 12:00,8.2,,1.2,290,85,999.7,1016.5,0,,,10,,12.7
289,산청,2026-02-27 13:00,9,,.9,340,82,998.8,1015.6,0,,,9,,14.4
289,산청,2026-02-27 14:00,9.5,,2.1,320,77,998.4,1015.1,0,,,9,,14.3
289,산청,2026-02-27 15:00,9.9,,1.6,340,76,998.1,1014.8,0,,,10,,14.9
289,산청,2026-02-27 16:00,10.1,,1.4,340,76,998.1,1014.8,0,,,9,,12.9
289,산청,2026-02-27 17:00,9.8,,.9,340,78,998.2,1014.9,0,,,9,,10.9
289,산청,2026-02-27 18:00,9.5,,.6,320,78,998.2,1014.9,0,,,9,,10
289,산청,2026-02-27 19:00,8.8,,1,200,80,998.3,1015.1,0,,,9,,8.5
289,산청,2026-02-27 20:00,8.2,,.3,0,84,999,1015.8,,,,9,,8.3
289,산청,2026-02-27 21:00,8.1,,.3,0,86,999.9,1016.7,,,,9,,8.1
289,산청,2026-02-27 22:00,7.9,,.2,0,86,1001,1017.9,,,,9,,7.8
289,산청,2026-02-27 23:00,8,,.8,340,83,1001.2,1018.1,,,,9,,7.4
289,산청,2026-02-28 00:00,6.4,,.3,0,91,1001.4,1018.4,,,,0,,5.6
289,산청,2026-02-28 01:00,5,,.3,0,95,1002,1019.1,,,,9,,4
289,산청,2026-02-28 02:00,4.1,,0,0,97,1001.8,1018.9,,,,2,,2.8
289,산청,2026-02-28 03:00,2.8,,.4,0,99,1002.5,1019.7,,,,0,,2
289,산청,2026-02-28 04:00,2.5,,.1,0,100,1002.8,1020,,,,0,,3.2
289,산청,2026-02-28 05:00,2,,.2,0,100,1003.3,1020.6,,,,0,,3.7
289,산청,2026-02-28 06:00,1.8,,0,0,100,1004.4,1021.7,,,,0,,4
289,산청,2026-02-28 07:00,1.9,,.3,0,100,1005.1,1022.4,,,,0,,4.1
289,산청,2026-02-28 08:00,2.2,,.5,360,100,1005.8,1023.1,0,,,0,,4.8
289,산청,2026-02-28 09:00,2.6,,1,20,100,1006.1,1023.4,0,,,9,,6.7
289,산청,2026-02-28 10:00,3.3,,.8,340,100,1006.3,1023.6,0,,,0,,10
289,산청,2026-02-28 11:00,5.7,,.5,20,99,1006,1023.1,.6,,,0,,16.9
289,산청,2026-02-28 12:00,10.9,,.7,290,55,1005.4,1022.2,1,,,0,,21
289,산청,2026-02-28 13:00,12.4,,2.4,70,49,1004.8,1021.4,1,,,0,,21.3
289,산청,2026-02-28 14:00,13.3,,2.5,50,47,1004.5,1021.1,1,,,0,,21.2
289,산청,2026-02-28 15:00,13.3,,2.1,70,46,1004.7,1021.3,1,,,0,,20.4
289,산청,2026-02-28 16:00,13.4,,2.9,50,45,1004.7,1021.3,1,,,0,,17.8
289,산청,2026-02-28 17:00,12.7,,2.3,70,47,1005.1,1021.7,1,,,0,,14.1
289,산청,2026-02-28 18:00,11.1,,1.9,90,55,1005.5,1022.2,.8,,,0,,10.1
289,산청,2026-02-28 19:00,8.7,,1.2,110,62,1006.6,1023.5,0,,,0,,7.3
289,산청,2026-02-28 20:00,7.3,,1.4,140,66,1007.5,1024.5,,,,0,,5.8
289,산청,2026-02-28 21:00,5.7,,1,200,74,1008.2,1025.3,,,,0,,4.7
289,산청,2026-02-28 22:00,4.7,,.2,0,78,1008.8,1026,,,,0,,3.6
289,산청,2026-02-28 23:00,4.1,,.8,360,81,1009.7,1027,,,,9,,4.3
289,산청,2026-03-01 00:00,4.4,,.4,0,81,1009.7,1026.9,,,,10,,5.1
289,산청,2026-03-01 01:00,4.6,,.2,0,81,1009.9,1027.1,,,,10,,5.3
289,산청,2026-03-01 02:00,4.6,,.4,0,83,1009.7,1026.9,,,,10,,5.1
289,산청,2026-03-01 03:00,4.5,,.8,360,84,1009.3,1026.5,,,,9,,5.1
289,산청,2026-03-01 04:00,4.5,,.5,270,84,1009.3,1026.5,,,,10,,5.1
289,산청,2026-03-01 05:00,4.4,,.4,0,84,1009,1026.2,,,,10,,4.9
289,산청,2026-03-01 06:00,4.2,,.7,90,84,1008.6,1025.8,,,,10,,4.6
289,산청,2026-03-01 07:00,4.1,,.2,0,86,1008.1,1025.3,0,,,10,,4.5
289,산청,2026-03-01 08:00,4.2,,.6,270,86,1008.4,1025.6,0,,,9,,5.5
289,산청,2026-03-01 09:00,5.6,,.3,0,77,1008.2,1025.3,0,,,9,,8.4
289,산청,2026-03-01 10:00,7.5,,.5,270,67,1008,1025,0,,,9,,11.2
289,산청,2026-03-01 11:00,8.7,,.8,180,66,1008.1,1025,0,,,9,,10.9
289,산청,2026-03-01 12:00,9.3,,.9,140,61,1007.5,1024.4,0,,,9,,11.9
289,산청,2026-03-01 13:00,10.1,,1.1,290,59,1008.4,1025.3,0,,,10,,12.8
289,산청,2026-03-01 14:00,11.2,,1.4,70,55,1007.2,1024,.4,,,8,,19.7
289,산청,2026-03-01 15:00,11.3,,3.1,70,55,1006.2,1022.9,.1,,,8,,15.3
289,산청,2026-03-01 16:00,10.8,,2.8,50,56,1006.1,1022.9,0,,,9,,12.1
289,산청,2026-03-01 17:00,10,,2.8,70,58,1006.8,1023.6,0,,,9,,9.8
289,산청,2026-03-01 18:00,9.4,,2.8,70,60,1007.1,1024,0,,,9,,8.5
289,산청,2026-03-01 19:00,8.6,,1.7,70,62,1007.3,1024.2,0,,,10,,7.7
289,산청,2026-03-01 20:00,7.9,,1.3,70,63,1008,1025,,,,10,,7.1
289,산청,2026-03-01 21:00,7.4,,1.1,20,65,1007.8,1024.8,,,,10,,6.6
289,산청,2026-03-01 22:00,7.1,,1.2,50,63,1008.2,1025.2,,,,10,,6.1
289,산청,2026-03-01 23:00,6.5,,.7,340,65,1007.9,1025,,,,10,,5.5
289,산청,2026-03-02 00:00,6.1,,1.4,230,69,1007.4,1024.5,,,,10,,5.5
289,산청,2026-03-02 01:00,6.2,,.3,0,70,1007.4,1024.5,,,,10,,5.8
289,산청,2026-03-02 02:00,5,,.4,0,87,1007.4,1024.6,,,,10,,5.7
289,산청,2026-03-02 03:00,4.5,.9,.5,20,94,1006.9,1024.1,,,,10,,5.6
289,산청,2026-03-02 04:00,4.4,,.3,0,97,1006.2,1023.4,,,,10,,5.5
289,산청,2026-03-02 05:00,4.3,,.2,0,98,1005.9,1023.1,,,,10,,5.4
289,산청,2026-03-02 06:00,4.2,2,.3,0,99,1005.6,1022.8,,,,10,,5.4
289,산청,2026-03-02 07:00,4.2,,.3,0,99,1005.3,1022.5,0,,,10,,5.3
289,산청,2026-03-02 08:00,4.3,,.1,0,100,1005.7,1022.9,0,,,10,,5.5
289,산청,2026-03-02 09:00,4.6,2.1,.1,0,100,1006.1,1023.3,0,,,10,,6.1
289,산청,2026-03-02 10:00,4.8,,.4,0,99,1005.7,1022.8,0,,,10,,6.6
289,산청,2026-03-02 11:00,5.2,,1.1,140,98,1005.8,1022.9,0,,,10,,7
289,산청,2026-03-02 12:00,5.4,3.3,1.8,200,90,1005.3,1022.4,0,,,10,,7.7
289,산청,2026-03-02 13:00,5.3,,1.6,230,90,1004.1,1021.2,0,,,10,,8.1
289,산청,2026-03-02 14:00,5.3,,1.2,160,89,1002.8,1019.9,0,,,10,,7.6
289,산청,2026-03-02 15:00,5.6,3,1.4,250,93,1001.9,1018.9,0,,,10,,7.8
289,산청,2026-03-02 16:00,5.5,,.9,270,91,1001.3,1018.3,0,,,10,,7.1
289,산청,2026-03-02 17:00,5.3,,1.7,250,95,1000.9,1017.9,0,,,10,,6.4
289,산청,2026-03-02 18:00,5.1,4.8,2.5,270,94,1000.8,1017.8,0,,,10,,5.9
289,산청,2026-03-02 19:00,4.5,,2.4,270,93,1001.6,1018.7,0,,,10,,5.3
289,산청,2026-03-02 20:00,4.2,,1.8,270,95,1002.1,1019.2,,,,10,,5.1
289,산청,2026-03-02 21:00,2.5,11.9,1.9,340,96,1002.5,1019.7,,,,10,,3.8
289,산청,2026-03-02 22:00,2.4,,1.5,360,96,1002.7,1020,,,,10,,3.8
289,산청,2026-03-02 23:00,2.7,,1,360,97,1002.6,1019.8,,,,10,,4
289,산청,2026-03-03 00:00,2.9,3.9,.8,340,98,1002.3,1019.5,,,,10,,4.1
289,산청,2026-03-03 01:00,3.3,,.6,340,98,1002.2,1019.4,,,,10,,4.3
289,산청,2026-03-03 02:00,3.5,,.8,340,96,1002,1019.2,,,,10,,4.3
289,산청,2026-03-03 03:00,4,.2,1,20,92,1002,1019.1,,,,9,,4.4
289,산청,2026-03-03 04:00,3.8,,.4,0,94,1001.8,1018.9,,,,9,,4.4
289,산청,2026-03-03 05:00,4,,.5,290,94,1002.1,1019.2,,,,9,,4.5
289,산청,2026-03-03 06:00,3.8,.1,1,270,96,1002.3,1019.5,,,,9,,4.5
289,산청,2026-03-03 07:00,3.7,,.6,250,97,1003,1020.2,0,,,9,,4.5
289,산청,2026-03-03 08:00,4.1,,.2,0,96,1003.3,1020.5,0,,,10,,5.2
289,산청,2026-03-03 09:00,5.1,,.6,340,94,1004,1021.1,0,,,10,,7
289,산청,2026-03-03 10:00,6.4,,.6,340,86,1003.9,1020.9,0,,,10,,8.9
289,산청,2026-03-03 11:00,7.6,,1.5,320,76,1004.4,1021.3,0,,,9,,10.3
289,산청,2026-03-03 12:00,8.4,,1.1,290,73,1004.6,1021.5,0,,,10,,11.3
289,산청,2026-03-03 13:00,9.1,,1.6,320,67,1004.5,1021.4,0,,,9,,12.8
289,산청,2026-03-03 14:00,9.2,,3,20,62,1004.2,1021,0,,,9,,12.1
289,산청,2026-03-03 15:00,9.5,,1,50,62,1004.4,1021.2,0,,,10,,12.4
289,산청,2026-03-03 16:00,10.4,,.7,340,61,1004.4,1021.2,.1,,,9,,13.4
289,산청,2026-03-03 17:00,10.4,,.8,320,60,1004.5,1021.3,.1,,,9,,11.9
289,산청,2026-03-03 18:00,9.8,,.7,90,65,1005.4,1022.2,0,,,9,,10
289,산청,2026-03-03 19:00,8.2,,.7,110,75,1005.8,1022.7,0,,,7,,7.8
289,산청,2026-03-03 20:00,7.2,,.4,0,81,1006.2,1023.2,,,,7,,7.1
289,산청,2026-03-03 21:00,6.9,,.2,0,82,1006.8,1023.8,,,,9,,6.9
289,산청,2026-03-03 22:00,6.3,,.1,0,87,1007.2,1024.3,,,,2,,6.3
289,산청,2026-03-03 23:00,6,,.1,0,88,1007.3,1024.4,,,,9,,5.9
289,산청,2026-03-04 00:00,6,,.1,0,88,1007.7,1024.8,,,,9,,6.1
289,산청,2026-03-04 01:00,5.6,,.1,0,91,1008,1025.1,,,,9,,5.9
289,산청,2026-03-04 02:00,5.1,,0,0,93,1007.9,1025.1,,,,4,,4.9
289,산청,2026-03-04 03:00,3.8,,.1,0,96,1007.5,1024.7,,,,0,,3
289,산청,2026-03-04 04:00,2.8,,.2,0,98,1007.6,1024.9,,,,0,,2.2
289,산청,2026-03-04 05:00,2.3,,0,0,100,1007.5,1024.8,,,,1,,1.7
289,산청,2026-03-04 06:00,1.2,,0,0,100,1007.7,1025.1,,,,0,,2.1
289,산청,2026-03-04 07:00,1,,.7,50,100,1007.8,1025.2,0,,,0,,2.8
289,산청,2026-03-04 08:00,1.1,,0,0,100,1008.4,1025.8,0,,,0,,4.3
289,산청,2026-03-04 09:00,2.4,,.1,0,100,1008.4,1025.8,0,,,0,,7.4
289,산청,2026-03-04 10:00,4.4,,.4,0,100,1008.4,1025.6,.6,,,2,,12.9
289,산청,2026-03-04 11:00,9.4,,.4,0,58,1008.1,1025,1,,,4,,17.9
289,산청,2026-03-04 12:00,11.1,,1.4,20,52,1007.4,1024.2,1,,,4,,20.7
289,산청,2026-03-04 13:00,11.9,,3.3,20,45,1006.5,1023.2,1,,,6,,20.6
289,산청,2026-03-04 14:00,13.3,,2.4,320,44,1006,1022.6,1,,,1,,21.6
289,산청,2026-03-04 15:00,14.4,,3.5,320,31,1005.7,1022.2,1,,,0,,20.1
289,산청,2026-03-04 16:00,14.4,,1.9,320,27,1005.3,1021.8,1,,,0,,17.3
289,산청,2026-03-04 17:00,14.2,,1.8,290,27,1005.3,1021.8,1,,,0,,14.4
289,산청,2026-03-04 18:00,12.5,,1.5,270,33,1005.8,1022.5,.9,,,0,,10.8
289,산청,2026-03-04 19:00,9.1,,.5,110,50,1006.1,1023,0,,,0,,8
289,산청,2026-03-04 20:00,7.1,,.6,250,62,1006.6,1023.6,,,,0,,6.3
289,산청,2026-03-04 21:00,5.7,,.1,0,72,1007.5,1024.6,,,,0,,5.3
289,산청,2026-03-04 22:00,4.6,,.2,0,75,1008,1025.2,,,,0,,4.3
289,산청,2026-03-04 23:00,3.9,,.6,70,78,1008.4,1025.7,,,,0,,3.5
289,산청,2026-03-05 00:00,3.2,,.1,0,81,1008.5,1025.8,,,,0,,2.9
289,산청,2026-03-05 01:00,2.3,,.5,360,84,1008.8,1026.2,,,,0,,2.3
289,산청,2026-03-05 02:00,1.5,,.3,0,88,1008.5,1025.9,,,,0,,1.7
289,산청,2026-03-05 03:00,.7,,0,0,91,1008.1,1025.6,,,,0,,1.1
289,산청,2026-03-05 04:00,.2,,.1,0,94,1008,1025.5,,,,9,,1.3
289,산청,2026-03-05 05:00,.1,,0,0,93,1008.3,1025.8,,,,0,,.6
289,산청,2026-03-05 06:00,-.5,,0,0,96,1008.4,1025.9,,,,0,,.3
289,산청,2026-03-05 07:00,-.9,,.8,320,98,1009.1,1026.7,0,,,9,,.3
289,산청,2026-03-05 08:00,.3,,.2,0,94,1009.5,1027,0,,,9,,2.1
289,산청,2026-03-05 09:00,1.8,,1.2,270,89,1009.9,1027.3,0,,,9,,5.4
289,산청,2026-03-05 10:00,4.1,,.5,340,76,1009.8,1027.1,0,,,8,,9
289,산청,2026-03-05 11:00,6.6,,.7,230,68,1008.8,1025.9,.1,,,7,,12.2
289,산청,2026-03-05 12:00,11.3,,3.2,70,56,1007.6,1024.4,.8,,,6,,17.5
289,산청,2026-03-05 13:00,13.1,,2.7,20,53,1006.8,1023.4,.8,,,6,,20.3
289,산청,2026-03-05 14:00,13.4,,2.1,50,51,1005.8,1022.4,.9,,,4,,20.6
289,산청,2026-03-05 15:00,12.9,,2.3,70,55,1005.2,1021.8,.4,,,8,,15.8
289,산청,2026-03-05 16:00,12.8,,2.3,50,56,1005.1,1021.7,.1,,,8,,13.1
289,산청,2026-03-05 17:00,12.2,,2.9,70,58,1004.8,1021.5,0,,,8,,11.7
289,산청,2026-03-05 18:00,11,,3.2,50,64,1004.7,1021.4,0,,,10,,9.6
289,산청,2026-03-05 19:00,10.2,,2.3,70,67,1005.1,1021.9,0,,,10,,8.7
289,산청,2026-03-05 20:00,9.9,,2.6,90,69,1004.7,1021.5,,,,9,,8.2
289,산청,2026-03-05 21:00,9.3,,3.2,20,71,1004.2,1021,,,,10,,7.9
289,산청,2026-03-05 22:00,9.3,,2.8,20,70,1004,1020.8,,,,10,,7.6
289,산청,2026-03-05 23:00,8.6,,2.1,50,76,1003.8,1020.7,,,,10,,7.5
289,산청,2026-03-06 00:00,8.3,,1.8,90,78,1003.2,1020.1,,,,10,,7.4
289,산청,2026-03-06 01:00,7.3,,1.5,360,92,1003.5,1020.4,,,,10,,7.5
289,산청,2026-03-06 02:00,6.6,,3,20,87,1003.4,1020.4,,,,10,,7
289,산청,2026-03-06 03:00,6.1,.2,3,360,82,1002.9,1019.9,,,,9,,6.4
289,산청,2026-03-06 04:00,5.4,,3.5,340,78,1002.4,1019.5,,,,10,,5.7
289,산청,2026-03-06 05:00,4.5,,2.8,320,82,1002.2,1019.3,,,,10,,5.1
289,산청,2026-03-06 06:00,4.2,,4.2,320,78,1002.4,1019.5,,,,8,,4.1
289,산청,2026-03-06 07:00,4,,4.3,320,73,1002.8,1020,0,,,10,,3.2
289,산청,2026-03-06 08:00,4.1,,4.4,340,61,1004,1021.2,0,,,10,,3.6
289,산청,2026-03-06 09:00,4.5,,4.6,340,61,1004,1021.1,0,,,9,,5.4
289,산청,2026-03-06 10:00,5.8,,3.9,340,52,1004.5,1021.6,0,,,10,,7.6
289,산청,2026-03-06 11:00,7,,5.6,290,51,1004.7,1021.7,.6,,,8,,11.8
289,산청,2026-03-06 12:00,8.1,,4.9,290,50,1004.5,1021.4,.7,,,6,,14
289,산청,2026-03-06 13:00,8.5,,4.8,290,49,1004.3,1021.2,.5,,,6,,15.3
289,산청,2026-03-06 14:00,7.3,,5.7,290,49,1004.2,1021.2,.1,,,6,,12.2
289,산청,2026-03-06 15:00,6.5,,5.2,290,53,1004.1,1021.1,.1,,,7,,8.9
289,산청,2026-03-06 16:00,5.9,,6.7,290,55,1004.3,1021.4,.1,,,7,,7.4
289,산청,2026-03-06 17:00,5.5,,4.8,290,52,1004.2,1021.3,.2,,,5,,6.4
289,산청,2026-03-06 18:00,4.5,,5.2,290,63,1004.7,1021.9,0,,,8,,4.7
289,산청,2026-03-06 19:00,3.5,,5.4,290,56,1005.1,1022.3,0,,,0,,2.4
289,산청,2026-03-06 20:00,2.4,,5.9,290,58,1005.6,1022.9,,,,0,,1.1
289,산청,2026-03-06 21:00,1.3,,4.8,290,60,1006.2,1023.6,,,,2,,.6
289,산청,2026-03-06 22:00,.9,,3.7,290,62,1006.7,1024.1,,,,0,,.3
289,산청,2026-03-06 23:00,.6,,4.1,320,61,1006.8,1024.2,,,,0,,.3
289,산청,2026-03-07 00:00,.4,,2.8,290,59,1007.4,1024.9,,,,0,,.2
289,산청,2026-03-07 01:00,.1,,1.9,270,60,1007.7,1025.2,,,,0,,.2
289,산청,2026-03-07 02:00,.1,,1.5,290,58,1008.2,1025.7,,,,0,,.1
289,산청,2026-03-07 03:00,-.4,,1.8,320,61,1007.9,1025.4,,,,0,,-.1
289,산청,2026-03-07 04:00,-.8,,2.8,320,62,1007.5,1025,,,,0,,-.4
289,산청,2026-03-07 05:00,-1.1,,2.4,340,62,1007.6,1025.2,,,,0,,-.5
289,산청,2026-03-07 06:00,-1.2,,1.8,320,62,1008.4,1026,,,,0,,-.7
289,산청,2026-03-07 07:00,-1.3,,1.8,320,62,1009.3,1026.9,0,,,4,,-.8
289,산청,2026-03-07 08:00,-.8,,1.8,290,60,1010.5,1028.1,0,,,6,,-.6
289,산청,2026-03-07 09:00,.8,,4.3,290,53,1011.2,1028.7,.8,,,6,,0
289,산청,2026-03-07 10:00,1,,4.6,320,53,1011.1,1028.6,.8,,,8,,.3
289,산청,2026-03-07 11:00,2.7,,3.8,340,48,1010.9,1028.3,1,,,6,,4.2
289,산청,2026-03-07 12:00,4.7,,3.9,320,39,1010.5,1027.7,1,,,0,,14
289,산청,2026-03-07 13:00,6.1,,4.2,290,34,1009.7,1026.8,1,,,0,,16.1
289,산청,2026-03-07 14:00,7.1,,4.8,290,32,1008.8,1025.9,1,,,0,,17
289,산청,2026-03-07 15:00,7.5,,5.2,290,31,1008.3,1025.3,1,,,0,,15.7
289,산청,2026-03-07 16:00,7.3,,5.6,290,30,1007.9,1024.9,1,,,0,,12.9
289,산청,2026-03-07 17:00,7,,4.4,270,32,1008,1025,1,,,0,,9.7
289,산청,2026-03-07 18:00,5.2,,3.7,290,38,1008.1,1025.3,1,,,0,,4.9
289,산청,2026-03-07 19:00,3.9,,3.1,290,43,1008.9,1026.2,0,,,0,,2.3
289,산청,2026-03-07 20:00,2.7,,2.1,340,48,1009.7,1027.1,,,,0,,1
289,산청,2026-03-07 21:00,1.4,,1.7,20,53,1010.2,1027.6,,,,0,,-.2
289,산청,2026-03-07 22:00,.3,,.8,360,57,1011.1,1028.6,,,,0,,-1.1
289,산청,2026-03-07 23:00,-.9,,1.6,230,63,1011.9,1029.5,,,,0,,-.1
289,산청,2026-03-08 00:00,-1.3,,1.6,250,64,1011.5,1029.2,,,,0,,-.3
289,산청,2026-03-08 01:00,-2.3,,.3,0,70,1012,1029.7,,,,0,,-.6
289,산청,2026-03-08 02:00,-3.2,,.4,0,76,1012.4,1030.2,,,,0,,-.8
289,산청,2026-03-08 03:00,-3.7,,.5,250,79,1012.6,1030.4,,,,0,,-1
289,산청,2026-03-08 04:00,-4.3,,.1,0,85,1012.4,1030.3,,,,0,,-1.3
289,산청,2026-03-08 05:00,-5,,.3,0,87,1012,1029.9,,,,0,,-1.7
289,산청,2026-03-08 06:00,-5.5,,.6,340,88,1012.2,1030.1,,,,0,,-2
289,산청,2026-03-08 07:00,-5.8,,.5,290,91,1012.1,1030.1,0,,,0,,-2.2
289,산청,2026-03-08 08:00,-4.8,,.6,200,83,1012.6,1030.5,.4,,,3,,-1.6
289,산청,2026-03-08 09:00,-1.6,,.9,270,69,1012.4,1030.1,1,,,4,,-.1
289,산청,2026-03-08 10:00,.7,,.3,0,55,1012.2,1029.7,1,,,4,,3.1
289,산청,2026-03-08 11:00,4.7,,.4,0,38,1011.7,1029,1,,,1,,9.6
289,산청,2026-03-08 12:00,7.5,,1.2,20,29,1010.7,1027.8,1,,,6,,16
289,산청,2026-03-08 13:00,8.8,,2.5,70,22,1009.6,1026.6,1,,,5,,17.8
289,산청,2026-03-08 14:00,9.8,,3.2,90,22,1008.7,1025.6,1,,,5,,18.7
289,산청,2026-03-08 15:00,10.4,,2.4,70,22,1008.1,1024.9,1,,,7,,17.4
289,산청,2026-03-08 16:00,11.3,,1.4,70,23,1007.9,1024.7,1,,,6,,16.1
289,산청,2026-03-08 17:00,10.5,,2.5,340,18,1007.3,1024.1,.9,,,4,,11.2
289,산청,2026-03-08 18:00,9.4,,1.8,360,23,1007.9,1024.8,.4,,,6,,7.4
289,산청,2026-03-08 19:00,7.3,,1.8,90,36,1008.5,1025.5,0,,,0,,4.2
289,산청,2026-03-08 20:00,4.2,,.6,200,47,1009.1,1026.3,,,,0,,2.3
289,산청,2026-03-08 21:00,3.5,,.6,230,47,1009.7,1027,,,,8,,1.6
289,산청,2026-03-08 22:00,3,,1.8,230,44,1009.8,1027.1,,,,3,,.3
289,산청,2026-03-08 23:00,2.3,,.8,200,47,1010.3,1027.7,,,,7,,-.1
289,산청,2026-03-09 00:00,2.5,,1.1,230,46,1010,1027.4,,,,8,,.5
289,산청,2026-03-09 01:00,1.3,,1.1,230,52,1010,1027.5,,,,0,,-.9
289,산청,2026-03-09 02:00,.9,,1.2,200,54,1010.1,1027.6,,,,5,,-.1
289,산청,2026-03-09 03:00,.2,,.1,0,58,1010,1027.5,,,,0,,-.2
289,산청,2026-03-09 04:00,-.6,,.4,0,65,1009.9,1027.5,,,,0,,-.4
289,산청,2026-03-09 05:00,-1.5,,1.5,230,70,1009.8,1027.4,,,,6,,-.5
289,산청,2026-03-09 06:00,-1.2,,2.1,250,70,1009.7,1027.3,,,,7,,-.6
289,산청,2026-03-09 07:00,.2,,2.1,320,60,1009.5,1027,0,,,8,,-.6
289,산청,2026-03-09 08:00,2.9,,2.6,320,48,1009.9,1027.2,.4,,,2,,-.1
289,산청,2026-03-09 09:00,5.1,,4,290,41,1009.9,1027.1,.5,,,7,,1.1
289,산청,2026-03-09 10:00,6.7,,3.9,320,40,1010.2,1027.3,.8,,,7,,9.5
289,산청,2026-03-09 11:00,7.5,,4.4,320,47,1009.8,1026.8,.7,,,7,,14.4
289,산청,2026-03-09 12:00,7,,4.1,320,54,1009.9,1027,.3,,,7,,14.2
289,산청,2026-03-09 13:00,6.8,,4.8,270,56,1009.4,1026.5,.4,,,6,,15
289,산청,2026-03-09 14:00,5.7,,4.9,290,54,1008.7,1025.8,0,,,7,,9.8
289,산청,2026-03-09 15:00,6.6,,4.5,290,47,1008.3,1025.4,.5,,,7,,13.2
289,산청,2026-03-09 16:00,6.8,,3.4,320,46,1007.9,1025,.5,,,8,,10.8
289,산청,2026-03-09 17:00,6,,4.8,290,51,1008.3,1025.4,.2,,,8,,8.6
289,산청,2026-03-09 18:00,4.7,,2.9,290,61,1008.9,1026.1,.1,,,8,,5.6
289,산청,2026-03-09 19:00,4.6,,3.6,290,57,1009.4,1026.6,0,,,2,,3.6
289,산청,2026-03-09 20:00,4.1,,2.2,290,57,1010.1,1027.4,,,,0,,2.1
289,산청,2026-03-09 21:00,3.4,,2.1,340,61,1010.7,1028,,,,0,,1
289,산청,2026-03-09 22:00,2.4,,1.1,20,66,1011.1,1028.5,,,,0,,.1
289,산청,2026-03-09 23:00,1.8,,1.4,360,68,1011.6,1029,,,,0,,-.5
289,산청,2026-03-10 00:00,.9,,.8,340,71,1011.5,1029,,,,0,,-.1
289,산청,2026-03-10 01:00,-.5,,.1,0,78,1011.7,1029.3,,,,0,,-.3
289,산청,2026-03-10 02:00,-1.4,,.5,360,83,1011.7,1029.4,,,,0,,-.4
289,산청,2026-03-10 03:00,-2.1,,.2,0,86,1011.6,1029.3,,,,0,,-.7
289,산청,2026-03-10 04:00,-3.2,,.2,0,89,1011.2,1029,,,,0,,-1
289,산청,2026-03-10 05:00,-3.5,,.7,320,92,1011.7,1029.5,,,,0,,-1.2
289,산청,2026-03-10 06:00,-3.8,,.2,0,92,1011.8,1029.6,,,,0,,-1.5
289,산청,2026-03-10 07:00,-4.2,,0,0,93,1011.8,1029.7,0,,,0,,-1.7
289,산청,2026-03-10 08:00,-3.4,,.2,0,92,1012.2,1030,.5,,,0,,-.9
289,산청,2026-03-10 09:00,-1.1,,.5,250,82,1012.7,1030.4,1,,,0,,.2
289,산청,2026-03-10 10:00,3.1,,.9,290,63,1012.3,1029.7,1,,,0,,5.4
289,산청,2026-03-10 11:00,5.8,,.8,320,46,1011.4,1028.6,1,,,0,,14.4
289,산청,2026-03-10 12:00,8.2,,1.7,20,37,1010.5,1027.5,1,,,0,,19.2
289,산청,2026-03-10 13:00,9.9,,1.3,320,34,1009.5,1026.4,1,,,0,,21.5
289,산청,2026-03-10 14:00,10.8,,1.3,50,33,1008.5,1025.3,1,,,0,,21.6
289,산청,2026-03-10 15:00,11.8,,2.8,230,32,1007.6,1024.3,1,,,0,,20.3
289,산청,2026-03-10 16:00,11.5,,1.5,360,33,1007.1,1023.8,1,,,0,,17.4
289,산청,2026-03-10 17:00,10.8,,1.9,70,35,1007,1023.8,1,,,1,,13.3
289,산청,2026-03-10 18:00,9.3,,1.6,50,38,1007.1,1024,1,,,0,,8.4
289,산청,2026-03-10 19:00,7.6,,1.3,110,45,1007.4,1024.4,0,,,0,,5.2
289,산청,2026-03-10 20:00,5.7,,.9,360,53,1007.9,1025,,,,0,,3.5
289,산청,2026-03-10 21:00,4.6,,1.2,50,59,1008.3,1025.5,,,,0,,2.3
289,산청,2026-03-10 22:00,2.9,,0,0,67,1008.6,1025.9,,,,0,,1.1
289,산청,2026-03-10 23:00,1.1,,.2,0,73,1008.7,1026.1,,,,4,,.3
289,산청,2026-03-11 00:00,.1,,.6,340,79,1008.9,1026.4,,,,6,,0
289,산청,2026-03-11 01:00,-.3,,0,0,79,1009.1,1026.6,,,,4,,-.1
289,산청,2026-03-11 02:00,-1.5,,.4,0,86,1009.2,1026.8,,,,0,,-.4
289,산청,2026-03-11 03:00,-2.3,,.6,340,88,1009.3,1027,,,,0,,-.6
289,산청,2026-03-11 04:00,-2.5,,.4,0,89,1009.3,1027,,,,6,,-.8
289,산청,2026-03-11 05:00,-2.9,,.3,0,90,1009.5,1027.2,,,,6,,-1
289,산청,2026-03-11 06:00,-3.1,,.6,340,90,1009.6,1027.3,,,,4,,-1.1
289,산청,2026-03-11 07:00,-3.3,,.2,0,92,1009.7,1027.5,0,,,6,,-1.2
289,산청,2026-03-11 08:00,-2.5,,.2,0,89,1010.2,1027.9,.2,,,4,,-.3
289,산청,2026-03-11 09:00,-.1,,.4,0,78,1010.6,1028.2,.6,,,6,,.8
289,산청,2026-03-11 10:00,2.8,,.6,230,65,1010.2,1027.6,1,,,1,,8.3
289,산청,2026-03-11 11:00,6.9,,.6,360,47,1009.5,1026.6,1,,,0,,15.9
289,산청,2026-03-11 12:00,9.7,,.6,340,30,1008.7,1025.6,1,,,0,,20.1
289,산청,2026-03-11 13:00,12,,1.4,340,14,1007.8,1024.5,1,,,0,,22.4
289,산청,2026-03-11 14:00,12.6,,1.3,110,16,1006.6,1023.3,1,,,6,,23.1
289,산청,2026-03-11 15:00,14.2,,1.6,250,21,1005.8,1022.3,1,,,0,,23.1
289,산청,2026-03-11 16:00,13.7,,.9,20,19,1005.3,1021.9,1,,,0,,20.7
289,산청,2026-03-11 17:00,13.3,,1.7,90,21,1005.2,1021.8,.9,,,0,,15.5
289,산청,2026-03-11 18:00,11.8,,2.1,70,25,1005.6,1022.3,1,,,0,,10.4
289,산청,2026-03-11 19:00,9.4,,.4,0,34,1006.3,1023.2,0,,,0,,7.6
289,산청,2026-03-11 20:00,7.1,,.9,320,45,1007.1,1024.1,,,,0,,5.1
289,산청,2026-03-11 21:00,5.6,,.6,200,52,1007.7,1024.8,,,,0,,3.8
289,산청,2026-03-11 22:00,4.3,,.1,0,58,1008.2,1025.4,,,,0,,2.6
289,산청,2026-03-11 23:00,2.8,,.3,0,62,1008.5,1025.8,,,,0,,1.5
289,산청,2026-03-12 00:00,1.8,,0,0,70,1009,1026.4,,,,0,,.5
289,산청,2026-03-12 01:00,.5,,.5,340,77,1009.1,1026.6,,,,0,,-.2
289,산청,2026-03-12 02:00,-.3,,.6,70,78,1009.3,1026.8,,,,0,,-.2
289,산청,2026-03-12 03:00,-.9,,.1,0,80,1009.2,1026.8,,,,0,,-.4
289,산청,2026-03-12 04:00,-1.5,,.2,0,84,1009.1,1026.7,,,,0,,-.6
289,산청,2026-03-12 05:00,-1.9,,.5,70,85,1009.1,1026.8,,,,0,,-.8
289,산청,2026-03-12 06:00,-2.3,,.3,0,86,1009.2,1026.9,,,,0,,-1
289,산청,2026-03-12 07:00,-2.5,,.5,340,88,1009.5,1027.2,0,,,0,,-1.1
289,산청,2026-03-12 08:00,-1.6,,.3,0,84,1009.9,1027.5,.4,,,0,,-.3
289,산청,2026-03-12 09:00,1,,.5,290,73,1010.2,1027.7,1,,,0,,1.4
289,산청,2026-03-12 10:00,5.3,,.7,290,55,1009.9,1027.1,1,,,0,,10.6
289,산청,2026-03-12 11:00,9,,1,270,44,1009.8,1026.7,1,,,0,,16.8
289,산청,2026-03-12 12:00,11.2,,1.2,270,40,1009.2,1026,1,,,0,,21.9
289,산청,2026-03-12 13:00,12.5,,1.6,340,40,1008.3,1025,.9,,,6,,23.3
289,산청,2026-03-12 14:00,12.4,,1.3,50,36,1007.5,1024.2,.6,,,8,,22.9
289,산청,2026-03-12 15:00,12.1,,1.2,340,39,1007.2,1023.9,.4,,,7,,21.6
289,산청,2026-03-12 16:00,12.6,,3,270,41,1006.9,1023.6,.7,,,5,,19.9
289,산청,2026-03-12 17:00,11.6,,1.2,290,40,1007.3,1024,.4,,,6,,15.4
289,산청,2026-03-12 18:00,10.3,,3.7,70,44,1007.7,1024.5,.7,,,4,,10.6
289,산청,2026-03-12 19:00,9.3,,1.8,50,50,1008.7,1025.6,0,,,6,,8.7
289,산청,2026-03-12 20:00,8.6,,1.2,340,54,1009.3,1026.3,,,,9,,8
289,산청,2026-03-12 21:00,8,,1.9,20,57,1010.4,1027.4,,,,9,,7.4
289,산청,2026-03-12 22:00,7,,3.3,270,66,1010.9,1028,,,,9,,6.7
289,산청,2026-03-12 23:00,6.2,,1.6,360,71,1011.8,1029,,,,7,,5.5
289,산청,2026-03-13 00:00,5.4,.1,1,20,71,1012,1029.2,,,,4,,3.6
289,산청,2026-03-13 01:00,4.1,,.7,340,72,1012.4,1029.7,,,,0,,2.1
289,산청,2026-03-13 02:00,2.7,,0,0,83,1012.5,1029.9,,,,0,,1.1
289,산청,2026-03-13 03:00,1.2,,.4,0,88,1012,1029.5,,,,0,,.2
289,산청,2026-03-13 04:00,.2,,.6,50,91,1012,1029.6,,,,0,,-.4
289,산청,2026-03-13 05:00,-.5,,.8,70,92,1012.3,1029.9,,,,0,,-.3
289,산청,2026-03-13 06:00,-.8,,1,270,92,1012.7,1030.3,,,,0,,-.4
289,산청,2026-03-13 07:00,-1.5,,.8,250,94,1013.5,1031.2,0,,,0,,-.6
289,산청,2026-03-13 08:00,-.3,,.3,0,92,1014.1,1031.7,.5,,,0,,-.1
289,산청,2026-03-13 09:00,2.9,,.4,0,76,1014.5,1031.9,1,,,0,,5.8
289,산청,2026-03-13 10:00,7.1,,2.2,270,51,1014.2,1031.3,1,,,2,,13.7
289,산청,2026-03-13 11:00,8,,5.2,50,39,1013.8,1030.9,1,,,0,,18.6
289,산청,2026-03-13 12:00,9.2,,4.1,20,36,1013.5,1030.5,1,,,0,,22.7
289,산청,2026-03-13 13:00,10.2,,2.8,50,33,1013.1,1030,.9,,,5,,25.9
289,산청,2026-03-13 14:00,10.1,,3,20,33,1012.2,1029.1,.9,,,0,,25.4
289,산청,2026-03-13 15:00,10.3,,4,20,29,1011.8,1028.7,1,,,4,,24.9
289,산청,2026-03-13 16:00,10.1,,3.1,70,32,1011.6,1028.5,1,,,3,,22
289,산청,2026-03-13 17:00,10.2,,2.1,20,33,1012.1,1029,1,,,3,,17.4
289,산청,2026-03-13 18:00,9.4,,1.4,360,34,1012,1029,1,,,0,,11.4
289,산청,2026-03-13 19:00,7.1,,1.4,140,42,1012.3,1029.4,.1,,,0,,7.4
289,산청,2026-03-13 20:00,4.9,,.3,0,52,1012.7,1030,,,,0,,5
289,산청,2026-03-13 21:00,3.8,,.3,0,57,1013.5,1030.8,,,,0,,3.4
289,산청,2026-03-13 22:00,2.5,,0,0,63,1014.1,1031.5,,,,0,,2.2
289,산청,2026-03-13 23:00,1.3,,.2,0,71,1014.5,1032,,,,0,,1.3
289,산청,2026-03-14 00:00,.4,,.4,0,75,1014.5,1032.1,,,,0,,.4
289,산청,2026-03-14 01:00,-.4,,.3,0,79,1014.2,1031.8,,,,0,,-.4
289,산청,2026-03-14 02:00,-1.3,,.4,0,84,1014.2,1031.9,,,,0,,-.6
289,산청,2026-03-14 03:00,-1.9,,.5,340,86,1013.9,1031.6,,,,0,,-.7
289,산청,2026-03-14 04:00,-2.3,,.3,0,88,1013.6,1031.4,,,,0,,-1
289,산청,2026-03-14 05:00,-2.6,,0,0,90,1013.9,1031.7,,,,0,,-1.1
289,산청,2026-03-14 06:00,-3.1,,.3,0,91,1014.1,1031.9,,,,0,,-1.2
289,산청,2026-03-14 07:00,-3.3,,.5,340,92,1014.4,1032.2,0,,,0,,-1.2
289,산청,2026-03-14 08:00,-2.1,,.1,0,87,1014.6,1032.4,.5,,,5,,-.5
289,산청,2026-03-14 09:00,1.4,,.3,0,78,1014.7,1032.2,1,,,5,,2.4
289,산청,2026-03-14 10:00,4.7,,.5,360,59,1014.2,1031.5,1,,,0,,12.8
289,산청,2026-03-14 11:00,8.2,,.7,360,51,1013.5,1030.6,1,,,6,,17.3
289,산청,2026-03-14 12:00,10.9,,.8,270,39,1012.3,1029.2,1,,,0,,24.5
289,산청,2026-03-14 13:00,12.6,,2,110,32,1011.1,1027.8,1,,,0,,28.1
289,산청,2026-03-14 14:00,14.1,,1.4,50,30,1009.9,1026.5,.9,,,0,,28.8
289,산청,2026-03-14 15:00,15.8,,2,270,28,1009,1025.5,1,,,0,,28.7
289,산청,2026-03-14 16:00,14.7,,1.7,90,31,1008.9,1025.5,.6,,,6,,22.3
289,산청,2026-03-14 17:00,14.3,,3.3,320,31,1009,1025.6,.1,,,7,,17.9
289,산청,2026-03-14 18:00,13.2,,2.8,320,34,1009.4,1026.1,.4,,,0,,13.9
289,산청,2026-03-14 19:00,11.8,,1.8,20,36,1009.8,1026.6,.1,,,7,,10.6
289,산청,2026-03-14 20:00,9.9,,1.5,20,42,1010.2,1027.1,,,,0,,8
289,산청,2026-03-14 21:00,8.2,,.1,0,49,1010.5,1027.5,,,,0,,6.3
289,산청,2026-03-14 22:00,6.9,,.4,0,56,1010.6,1027.7,,,,0,,5.1
289,산청,2026-03-14 23:00,5.4,,.2,0,64,1010.2,1027.4,,,,7,,4
289,산청,2026-03-15 00:00,3.9,,.1,0,69,1009.8,1027.1,,,,0,,3
289,산청,2026-03-15 01:00,3,,.4,0,72,1009.9,1027.2,,,,6,,2.5
289,산청,2026-03-15 02:00,2.5,,.3,0,77,1009.8,1027.2,,,,8,,2.5
289,산청,2026-03-15 03:00,2.2,,.8,340,80,1009.6,1027,,,,10,,3
289,산청,2026-03-15 04:00,2.3,,.8,340,79,1009.2,1026.6,,,,7,,3
289,산청,2026-03-15 05:00,2.4,,.7,320,78,1009.4,1026.8,,,,10,,3.4
289,산청,2026-03-15 06:00,2.7,,.6,70,78,1009.8,1027.2,,,,10,,3.6
289,산청,2026-03-15 07:00,3,,.1,0,77,1010.2,1027.5,0,,,10,,3.8
289,산청,2026-03-15 08:00,3.4,,.5,340,76,1010.4,1027.7,0,,,10,,4.4
289,산청,2026-03-15 09:00,4.2,,.3,0,71,1010.5,1027.8,0,,,10,,5.9
289,산청,2026-03-15 10:00,5.3,,.1,0,65,1010.2,1027.4,0,,,10,,7.5
289,산청,2026-03-15 11:00,9.3,,.4,0,51,1009.8,1026.7,.2,,,9,,16.4
289,산청,2026-03-15 12:00,10.8,,1.1,110,38,1008.6,1025.4,.2,,,9,,18
289,산청,2026-03-15 13:00,12.1,,1.6,50,38,1007.8,1024.5,0,,,9,,19.2
289,산청,2026-03-15 14:00,12.3,,.9,250,39,1006.8,1023.5,.1,,,9,,17.1
289,산청,2026-03-15 15:00,12.1,,3.6,270,48,1006.6,1023.3,0,,,9,,15.2
289,산청,2026-03-15 16:00,11.9,,4.6,270,48,1006.5,1023.2,.4,,,8,,15.8
289,산청,2026-03-15 17:00,10.9,,3.3,320,54,1006.9,1023.7,0,,,8,,12.9
289,산청,2026-03-15 18:00,10.3,,4.1,270,55,1006.7,1023.5,0,,,7,,10.8
289,산청,2026-03-15 19:00,9.5,,2,340,59,1007.2,1024.1,0,,,10,,9.4
289,산청,2026-03-15 20:00,8.5,,3,320,65,1007.8,1024.7,,,,2,,7.8
289,산청,2026-03-15 21:00,7.9,,1.7,360,69,1008.1,1025.1,,,,2,,7.4
289,산청,2026-03-15 22:00,6.9,,.9,20,74,1008.4,1025.5,,,,0,,5.4
289,산청,2026-03-15 23:00,5.2,,.4,0,81,1008.8,1026,,,,0,,3.5
289,산청,2026-03-16 00:00,3.7,,1.2,290,85,1009,1026.3,,,,6,,2.6
289,산청,2026-03-16 01:00,3.7,,1.5,230,88,1008.7,1026,,,,9,,2.7
289,산청,2026-03-16 02:00,3.3,,.4,0,88,1008.4,1025.7,,,,9,,2.3
289,산청,2026-03-16 03:00,2.3,,.9,250,90,1007.8,1025.1,,,,10,,2.2
289,산청,2026-03-16 04:00,1.7,,.6,340,93,1008,1025.4,,,,6,,1.4
289,산청,2026-03-16 05:00,1,,.8,340,95,1008.3,1025.7,,,,9,,1
289,산청,2026-03-16 06:00,.7,,.2,0,96,1008.1,1025.6,,,,8,,.6
289,산청,2026-03-16 07:00,0,,.3,0,97,1008.6,1026.1,0,,,8,,.3
289,산청,2026-03-16 08:00,1.2,,.2,0,94,1008.7,1026.1,.1,,,8,,2.9
289,산청,2026-03-16 09:00,3.9,,1,320,82,1008.9,1026.2,.8,,,0,,8.9
289,산청,2026-03-16 10:00,7.7,,.5,320,62,1008.5,1025.5,1,,,0,,15.9
289,산청,2026-03-16 11:00,10.9,,1,90,51,1007.7,1024.5,1,,,0,,22.6
289,산청,2026-03-16 12:00,12.8,,2,50,43,1006.8,1023.5,1,,,0,,26.9
289,산청,2026-03-16 13:00,13.7,,2.9,50,39,1005.9,1022.5,1,,,6,,29.7
289,산청,2026-03-16 14:00,14.5,,1.4,50,37,1005,1021.5,.1,,,9,,26
289,산청,2026-03-16 15:00,14.9,,2.8,70,37,1004.5,1021,.8,,,3,,26.9
289,산청,2026-03-16 16:00,14.5,,1.7,20,40,1004.3,1020.8,.3,,,9,,21.7
289,산청,2026-03-16 17:00,14,,1.9,50,41,1003.9,1020.4,.3,,,10,,18.1
289,산청,2026-03-16 18:00,13.1,,1.8,50,46,1004,1020.6,0,,,8,,14.4
289,산청,2026-03-16 19:00,11.7,,1.7,90,52,1004.2,1020.9,0,,,0,,10.6
289,산청,2026-03-16 20:00,10.5,,1.6,320,59,1004.6,1021.4,,,,0,,8.8
289,산청,2026-03-16 21:00,9.6,,1.1,20,64,1005.6,1022.4,,,,4,,7.9
289,산청,2026-03-16 22:00,7.5,,.7,230,70,1005.8,1022.8,,,,8,,6.7
289,산청,2026-03-16 23:00,6.2,,.7,90,77,1006,1023.1,,,,8,,5.4
289,산청,2026-03-17 00:00,5.4,,.2,0,80,1006.2,1023.3,,,,9,,4.8
289,산청,2026-03-17 01:00,4.7,,.3,0,83,1006.2,1023.4,,,,9,,4.2
289,산청,2026-03-17 02:00,3.9,,.7,340,87,1006.7,1023.9,,,,9,,3.7
289,산청,2026-03-17 03:00,3.3,,.3,0,88,1006.4,1023.7,,,,10,,3
289,산청,2026-03-17 04:00,2.5,,.5,360,92,1006.1,1023.4,,,,8,,2.3
289,산청,2026-03-17 05:00,1.9,,.3,0,94,1006.3,1023.6,,,,8,,1.7
289,산청,2026-03-17 06:00,1.5,,0,0,96,1006.6,1024,,,,6,,1.1
289,산청,2026-03-17 07:00,.7,,.3,0,97,1007,1024.4,0,,,6,,.9
289,산청,2026-03-17 08:00,1.6,,.2,0,94,1007.3,1024.7,.4,,,0,,3.2
289,산청,2026-03-17 09:00,4.5,,.4,0,83,1007.5,1024.7,1,,,0,,9.1
289,산청,2026-03-17 10:00,8.8,,.4,0,67,1007,1023.9,1,,,0,,16.1
289,산청,2026-03-17 11:00,12.3,,.6,340,56,1006.2,1022.9,1,,,0,,23.3
289,산청,2026-03-17 12:00,15,,1.4,20,38,1005.5,1022,1,,,0,,28.2
289,산청,2026-03-17 13:00,15.3,,2.3,70,48,1004.6,1021.1,1,,,5,,29.9
289,산청,2026-03-17 14:00,16,,1.7,20,46,1003.6,1020,.6,,,7,,25.9
289,산청,2026-03-17 15:00,16.3,,2.6,70,44,1003.1,1019.5,.5,,,7,,26.6
289,산청,2026-03-17 16:00,15.5,,2.1,90,47,1002.9,1019.3,.5,,,0,,20.4
289,산청,2026-03-17 17:00,15.2,,2.4,70,51,1002.7,1019.1,.9,,,0,,18.6
289,산청,2026-03-17 18:00,13.8,,3.6,50,57,1002.8,1019.3,.6,,,0,,14.2
289,산청,2026-03-17 19:00,12.4,,3.1,50,64,1002.9,1019.5,0,,,0,,11.3
289,산청,2026-03-17 20:00,11.2,,2.4,50,71,1003.3,1020,,,,0,,9.6
289,산청,2026-03-17 21:00,10.3,,2.2,50,76,1004.1,1020.9,,,,0,,8.5
289,산청,2026-03-17 22:00,8.7,,.4,0,82,1004,1020.9,,,,0,,7.1
289,산청,2026-03-17 23:00,7.4,,.7,90,84,1003.7,1020.6,,,,6,,6.1
289,산청,2026-03-18 00:00,6.5,,.6,50,88,1003.6,1020.6,,,,7,,5.5
289,산청,2026-03-18 01:00,6.5,,.2,0,90,1002.9,1019.9,,,,10,,6.8
289,산청,2026-03-18 02:00,6.6,,0,0,90,1002.6,1019.6,,,,10,,7.1
289,산청,2026-03-18 03:00,6.8,0,.1,0,91,1002.2,1019.2,,,,10,,7.3
289,산청,2026-03-18 04:00,6.4,,.3,0,97,1001.6,1018.6,,,,10,,7.3
289,산청,2026-03-18 05:00,6.3,,0,0,99,1000.9,1017.9,,,,10,,7.3
289,산청,2026-03-18 06:00,6.4,1.6,.3,0,99,1000.8,1017.8,,,,10,,7.3
289,산청,2026-03-18 07:00,6.8,,.5,340,100,999.8,1016.7,0,,,10,,7.4
289,산청,2026-03-18 08:00,7.3,,.8,270,100,999.5,1016.4,0,,,10,,7.8
289,산청,2026-03-18 09:00,7.6,1.8,2.8,50,97,999.2,1016.1,0,,,10,,8.3
289,산청,2026-03-18 10:00,7.6,,2.8,70,93,998.7,1015.5,0,,,10,,8.5
289,산청,2026-03-18 11:00,8,,3.8,50,92,997.8,1014.6,0,,,10,,9
289,산청,2026-03-18 12:00,8.2,.8,2.9,70,93,997,1013.8,0,,,10,,9.6
289,산청,2026-03-18 13:00,8.5,,.3,0,93,995.8,1012.5,0,,,9,,11.9
289,산청,2026-03-18 14:00,9.4,,.5,250,90,994.8,1011.5,0,,,10,,12.8
289,산청,2026-03-18 15:00,9.6,.1,1.5,320,88,994.5,1011.2,0,,,9,,12.7
289,산청,2026-03-18 16:00,9.9,,2.3,320,87,994.7,1011.3,0,,,10,,13.2
289,산청,2026-03-18 17:00,10.7,,2.5,320,85,994.4,1011,.2,,,9,,12.9
289,산청,2026-03-18 18:00,10.9,,3.1,290,78,994.2,1010.8,0,,,10,,10.8
289,산청,2026-03-18 19:00,10.4,,2.9,290,78,995.4,1012,0,,,10,,9.6
289,산청,2026-03-18 20:00,10.1,,4.4,290,71,996,1012.6,,,,10,,8.6
289,산청,2026-03-18 21:00,9.9,,5,290,67,997,1013.7,,,,10,,7.9
289,산청,2026-03-18 22:00,9.5,,4,290,64,998.5,1015.2,,,,10,,7.3
289,산청,2026-03-18 23:00,8.5,,2.4,320,65,998.5,1015.3,,,,9,,6.5
289,산청,2026-03-19 00:00,7.6,,2.4,290,65,998.9,1015.8,,,,7,,5.2
289,산청,2026-03-19 01:00,6.9,,2.1,290,65,999.5,1016.4,,,,7,,4.4
289,산청,2026-03-19 02:00,6.2,,3.3,290,65,999.6,1016.6,,,,6,,3.3
289,산청,2026-03-19 03:00,6.1,,3.1,320,63,999.4,1016.4,,,,6,,3.4
289,산청,2026-03-19 04:00,5.6,,3.5,20,57,999.4,1016.4,,,,6,,2.7
289,산청,2026-03-19 05:00,4.7,,3.4,50,58,999.6,1016.7,,,,0,,1.4
289,산청,2026-03-19 06:00,3.7,,1.7,290,62,1000.5,1017.6,,,,0,,.7
289,산청,2026-03-19 07:00,2.2,,2.4,270,73,1001,1018.2,0,,,0,,.3
289,산청,2026-03-19 08:00,3.9,,3.1,320,67,1001.6,1018.7,.7,,,0,,1.8
289,산청,2026-03-19 09:00,7.1,,2.3,320,48,1002.3,1019.2,1,,,0,,9
289,산청,2026-03-19 10:00,9.5,,1.9,320,40,1002.1,1018.9,1,,,0,,15.9
289,산청,2026-03-19 11:00,11.2,,1.9,290,26,1001.8,1018.5,1,,,0,,20.5
289,산청,2026-03-19 12:00,12.7,,1.7,320,22,1001.2,1017.8,1,,,0,,23.8
289,산청,2026-03-19 13:00,14.4,,2,320,22,1000.4,1016.8,1,,,0,,26
289,산청,2026-03-19 14:00,15.7,,1.9,270,22,999.3,1015.6,1,,,0,,27.2
289,산청,2026-03-19 15:00,16.6,,2.7,340,18,998.7,1015,1,,,0,,26.6
289,산청,2026-03-19 16:00,16.6,,4,290,16,998.6,1014.9,1,,,0,,24.1
289,산청,2026-03-19 17:00,15.6,,4,270,23,998.7,1015,1,,,0,,19.5
289,산청,2026-03-19 18:00,13.2,,2.5,320,35,998.9,1015.4,1,,,0,,13.5
289,산청,2026-03-19 19:00,11.4,,2.5,320,39,999.4,1016,.3,,,0,,9.8
289,산청,2026-03-19 20:00,10.3,,2.6,320,37,1000.6,1017.3,,,,0,,7.6
289,산청,2026-03-19 21:00,8.4,,2.2,340,43,1001.3,1018.1,,,,0,,6
289,산청,2026-03-19 22:00,7.6,,1.3,20,47,1001.8,1018.7,,,,5,,4.9
289,산청,2026-03-19 23:00,6,,1,230,53,1002.7,1019.7,,,,0,,3.6
289,산청,2026-03-20 00:00,4.5,,1.2,230,58,1003.2,1020.3,,,,5,,2.7
289,산청,2026-03-20 01:00,3.5,,.9,230,63,1003.7,1020.9,,,,6,,2.4
289,산청,2026-03-20 02:00,3.7,,1.2,250,58,1003.6,1020.8,,,,8,,2.1
289,산청,2026-03-20 03:00,2.8,,1.5,250,62,1002.8,1020,,,,9,,1.9
289,산청,2026-03-20 04:00,2.7,,2.3,270,60,1002.1,1019.3,,,,8,,1.6
289,산청,2026-03-20 05:00,1.9,,1.5,250,64,1002.5,1019.8,,,,6,,1
289,산청,2026-03-20 06:00,1.3,,1,250,67,1003.3,1020.6,,,,8,,.7
289,산청,2026-03-20 07:00,1.2,,1.2,230,66,1004.1,1021.5,0,,,9,,.8
289,산청,2026-03-20 08:00,2.2,,.6,230,63,1004.7,1022,.3,,,8,,3
289,산청,2026-03-20 09:00,5.9,,.8,290,48,1005,1022.1,.8,,,0,,9.2
289,산청,2026-03-20 10:00,10.5,,2.5,360,22,1004.6,1021.4,1,,,0,,16.3
289,산청,2026-03-20 11:00,13.1,,3.9,320,15,1003.9,1020.5,1,,,0,,22.1
289,산청,2026-03-20 12:00,14.5,,3.5,320,14,1003.4,1019.9,1,,,0,,26.5
289,산청,2026-03-20 13:00,15.9,,4,270,14,1003.2,1019.6,1,,,0,,29.4
289,산청,2026-03-20 14:00,16.3,,4.4,290,15,1002.9,1019.3,1,,,0,,30.1
289,산청,2026-03-20 15:00,16.4,,4.5,290,16,1002.5,1018.9,1,,,0,,28.9
289,산청,2026-03-20 16:00,16.7,,4.6,270,17,1002.4,1018.7,1,,,0,,25.9
289,산청,2026-03-20 17:00,16,,4.5,270,18,1002.7,1019.1,1,,,0,,21
289,산청,2026-03-20 18:00,14.5,,2.8,290,23,1003.4,1019.9,1,,,4,,15
289,산청,2026-03-20 19:00,12.1,,2.6,290,28,1004.1,1020.8,.1,,,4,,10.7
289,산청,2026-03-20 20:00,10.7,,1.3,320,37,1005.2,1022,,,,5,,8.6
289,산청,2026-03-20 21:00,9.4,,3.2,20,42,1006.1,1023,,,,5,,7.2
289,산청,2026-03-20 22:00,7.5,,1,340,49,1006.6,1023.6,,,,0,,5.4
289,산청,2026-03-20 23:00,6,,.8,230,55,1006.9,1024,,,,0,,4
289,산청,2026-03-21 00:00,4.3,,.8,270,61,1007.4,1024.6,,,,0,,2.8
289,산청,2026-03-21 01:00,2.9,,.4,0,69,1007.7,1025,,,,0,,1.8
289,산청,2026-03-21 02:00,1.7,,.6,20,76,1008.1,1025.5,,,,0,,.9
289,산청,2026-03-21 03:00,.6,,.5,360,80,1008.1,1025.6,,,,0,,.1
289,산청,2026-03-21 04:00,-.6,,.7,250,86,1008.1,1025.6,,,,0,,-.5
289,산청,2026-03-21 05:00,-1.2,,.4,0,87,1008.3,1025.9,,,,0,,-.6
289,산청,2026-03-21 06:00,-2,,.6,320,90,1008.7,1026.4,,,,0,,-.7
289,산청,2026-03-21 07:00,-1.9,,.5,340,90,1009.1,1026.8,0,,,0,,-.7
289,산청,2026-03-21 08:00,-.4,,.6,290,83,1009.5,1027.1,.7,,,0,,-.1
289,산청,2026-03-21 09:00,3.2,,.7,290,64,1009.7,1027,1,,,0,,8.2
289,산청,2026-03-21 10:00,7.6,,.8,270,46,1009.5,1026.5,1,,,0,,16.2
289,산청,2026-03-21 11:00,10.7,,.7,250,38,1008.9,1025.7,1,,,0,,23.1
289,산청,2026-03-21 12:00,14.9,,1.2,360,35,1007.9,1024.4,1,,,0,,28.5
289,산청,2026-03-21 13:00,16.2,,2.9,20,31,1007.1,1023.5,1,,,0,,30.6
289,산청,2026-03-21 14:00,16.4,,2.2,110,28,1006.1,1022.5,1,,,0,,31.2
289,산청,2026-03-21 15:00,17.8,,1.6,20,27,1005.4,1021.7,1,,,0,,30.1
289,산청,2026-03-21 16:00,17.4,,2.2,50,29,1004.8,1021.1,1,,,0,,26.8
289,산청,2026-03-21 17:00,16.6,,1.8,50,34,1004.7,1021.1,1,,,0,,21.9
289,산청,2026-03-21 18:00,15,,2.3,50,41,1004.7,1021.2,1,,,0,,15.9
289,산청,2026-03-21 19:00,13,,2.3,50,50,1005.1,1021.7,.3,,,0,,12
289,산청,2026-03-21 20:00,11.9,,1.6,140,51,1005.3,1022,,,,0,,9.8
289,산청,2026-03-21 21:00,9.5,,.5,50,60,1006.1,1023,,,,0,,8
289,산청,2026-03-21 22:00,7.9,,.1,0,66,1005.8,1022.7,,,,0,,6.5
289,산청,2026-03-21 23:00,6.4,,.3,0,73,1006.4,1023.5,,,,0,,5.2
289,산청,2026-03-22 00:00,5.3,,.6,50,78,1006.2,1023.3,,,,6,,4.7
289,산청,2026-03-22 01:00,4.1,,.8,70,83,1006.1,1023.3,,,,8,,4
289,산청,2026-03-22 02:00,3.5,,.5,50,85,1006.2,1023.4,,,,6,,3.5
289,산청,2026-03-22 03:00,2.9,,.6,250,87,1006.6,1023.9,,,,9,,3.8
289,산청,2026-03-22 04:00,3.2,,.3,0,81,1005.7,1023,,,,10,,4
289,산청,2026-03-22 05:00,3,,.3,0,85,1005.2,1022.5,,,,10,,4.1
289,산청,2026-03-22 06:00,3.1,,.6,250,81,1004.5,1021.7,,,,10,,4
289,산청,2026-03-22 07:00,3.2,,.8,290,79,1005.2,1022.4,0,,,10,,4.1
289,산청,2026-03-22 08:00,3.8,,.4,0,77,1005.7,1022.9,0,,,9,,5.9
289,산청,2026-03-22 09:00,4.8,,.6,340,70,1005.7,1022.8,0,,,10,,7.8
289,산청,2026-03-22 10:00,6.4,,1.5,320,65,1005.6,1022.6,0,,,10,,10.1
289,산청,2026-03-22 11:00,8.1,,1.2,20,54,1005,1021.9,0,,,10,,12.5
289,산청,2026-03-22 12:00,9.7,,.7,270,49,1004.1,1020.9,0,,,10,,15.8
289,산청,2026-03-22 13:00,13.2,,1,340,42,1003.2,1019.8,.1,,,9,,23.2
289,산청,2026-03-22 14:00,15.4,,1.1,270,35,1002,1018.4,.4,,,6,,23.9
289,산청,2026-03-22 15:00,16.7,,1.1,110,23,1001,1017.3,1,,,3,,29.8
289,산청,2026-03-22 16:00,18,,2,160,25,1000.7,1016.9,1,,,2,,26.9
289,산청,2026-03-22 17:00,17.3,,1.6,90,29,1000.5,1016.8,1,,,0,,21.9
289,산청,2026-03-22 18:00,16,,1.8,90,32,1000.4,1016.7,1,,,0,,15.5
289,산청,2026-03-22 19:00,13.1,,.5,110,41,1000.4,1016.9,.3,,,0,,11.3
289,산청,2026-03-22 20:00,10.1,,.3,0,51,1000.9,1017.6,,,,0,,8.7
289,산청,2026-03-22 21:00,8.2,,.5,320,58,1001.6,1018.5,,,,0,,6.9
289,산청,2026-03-22 22:00,7,,.3,0,60,1001.7,1018.6,,,,0,,5.5
289,산청,2026-03-22 23:00,5.7,,.4,0,65,1002.2,1019.2,,,,0,,4.3
289,산청,2026-03-23 00:00,4.5,,.1,0,68,1002.5,1019.6,,,,4,,3.4
289,산청,2026-03-23 01:00,3.5,,.3,0,68,1002.9,1020.1,,,,4,,2.6
289,산청,2026-03-23 02:00,2.9,,.5,340,69,1003.2,1020.4,,,,0,,1.9
289,산청,2026-03-23 03:00,1.9,,.1,0,72,1003,1020.3,,,,5,,1.6
289,산청,2026-03-23 04:00,1.1,,.5,360,77,1002.7,1020,,,,0,,.7
289,산청,2026-03-23 05:00,.7,,.1,0,75,1003,1020.4,,,,5,,.2
289,산청,2026-03-23 06:00,.1,,.7,70,78,1003.3,1020.7,,,,5,,-.2
289,산청,2026-03-23 07:00,-.4,,.5,270,81,1003.8,1021.3,0,,,0,,-.2
289,산청,2026-03-23 08:00,2,,.2,0,69,1004.3,1021.6,.7,,,0,,1.7
289,산청,2026-03-23 09:00,6.6,,.5,290,51,1004.5,1021.5,1,,,0,,10.7
289,산청,2026-03-23 10:00,11,,.8,250,37,1004.3,1021,1,,,0,,19.1
289,산청,2026-03-23 11:00,15.3,,.9,360,21,1003.5,1019.9,1,,,0,,26.4
289,산청,2026-03-23 12:00,19,,1.1,270,17,1002.5,1018.7,1,,,0,,31.8
289,산청,2026-03-23 13:00,19.6,,2.8,70,12,1002,1018.1,1,,,3,,34
289,산청,2026-03-23 14:00,19.6,,2,70,11,1001.6,1017.7,1,,,0,,33.9
289,산청,2026-03-23 15:00,20.7,,1.8,90,12,1001.3,1017.4,1,,,0,,33.7
289,산청,2026-03-23 16:00,21.1,,1.5,200,13,1001.1,1017.1,1,,,0,,30.3
289,산청,2026-03-23 17:00,20,,2.3,50,15,1001,1017.1,1,,,0,,24.8
289,산청,2026-03-23 18:00,16.8,,3.6,50,32,1001.4,1017.7,1,,,0,,17.6
289,산청,2026-03-23 19:00,14.7,,2.5,50,40,1002.1,1018.6,.3,,,0,,13.6
289,산청,2026-03-23 20:00,13.4,,3.9,50,46,1002.9,1019.5,,,,0,,11.6
289,산청,2026-03-23 21:00,12.2,,3.2,70,54,1004.2,1020.8,,,,0,,10.4
289,산청,2026-03-23 22:00,11.4,,1.6,20,59,1004.6,1021.3,,,,6,,9.6
289,산청,2026-03-23 23:00,10.1,,.3,0,64,1005,1021.8,,,,0,,8.4
289,산청,2026-03-24 00:00,8.5,,.6,270,70,1005.2,1022.1,,,,0,,7.1
289,산청,2026-03-24 01:00,7.4,,0,0,75,1005.5,1022.5,,,,0,,5.9
289,산청,2026-03-24 02:00,6.1,,.4,0,79,1005.4,1022.5,,,,0,,5
289,산청,2026-03-24 03:00,5.4,,0,0,82,1005,1022.1,,,,0,,4.1
289,산청,2026-03-24 04:00,4.1,,0,0,85,1004.7,1021.9,,,,0,,3.5
289,산청,2026-03-24 05:00,3.5,,.6,70,90,1004.8,1022,,,,0,,3.1
289,산청,2026-03-24 06:00,2.8,,.2,0,92,1005.2,1022.5,,,,0,,2.4
289,산청,2026-03-24 07:00,2.3,,.6,320,92,1005.1,1022.4,0,,,6,,2.9
289,산청,2026-03-24 08:00,4,,.3,0,85,1005.3,1022.5,.7,,,0,,5.5
289,산청,2026-03-24 09:00,7.1,,.6,290,72,1005.4,1022.4,1,,,0,,12.2
289,산청,2026-03-24 10:00,10.6,,.6,50,60,1004.6,1021.4,1,,,6,,17.9
289,산청,2026-03-24 11:00,13.9,,2.8,70,47,1003.4,1019.9,1,,,7,,25.4
289,산청,2026-03-24 12:00,15.2,,2.6,70,41,1002.3,1018.7,1,,,8,,27.7
289,산청,2026-03-24 13:00,16.8,,2.3,70,37,1001.9,1018.2,1,,,7,,30.9
289,산청,2026-03-24 14:00,17.1,,3,70,37,1000.9,1017.2,.4,,,6,,31.8
289,산청,2026-03-24 15:00,17.7,,2.2,70,32,1000.1,1016.3,.9,,,8,,26.3
289,산청,2026-03-24 16:00,17.2,,2.1,70,34,999.7,1016,0,,,9,,21.9
289,산청,2026-03-24 17:00,17,,2.5,70,35,999.3,1015.6,.4,,,8,,20.7
289,산청,2026-03-24 18:00,16.2,,2.6,50,40,999.1,1015.4,.3,,,8,,17
289,산청,2026-03-24 19:00,15,,2.7,50,50,999.4,1015.8,0,,,9,,14.1
289,산청,2026-03-24 20:00,14.1,,3,50,53,999.3,1015.7,,,,8,,12.9
289,산청,2026-03-24 21:00,13.2,,1.8,50,53,999.9,1016.4,,,,10,,12.4
289,산청,2026-03-24 22:00,12.5,,1.4,20,53,1000.1,1016.7,,,,10,,11.8
289,산청,2026-03-24 23:00,12,,1,50,54,999.9,1016.5,,,,10,,11.2
289,산청,2026-03-25 00:00,11.6,,1.6,50,57,999.7,1016.3,,,,10,,10.8
289,산청,2026-03-25 01:00,11.1,,.8,50,59,999.8,1016.4,,,,10,,10.4
289,산청,2026-03-25 02:00,10.7,,.5,360,62,999.2,1015.9,,,,10,,10
289,산청,2026-03-25 03:00,10.2,0,1.3,20,66,998.6,1015.3,,,,10,,9.6
289,산청,2026-03-25 04:00,8.9,,.3,0,81,998.1,1014.9,,,,10,,9.2
289,산청,2026-03-25 05:00,8.5,,1.6,110,86,998,1014.8,,,,10,,9
289,산청,2026-03-25 06:00,8.2,.2,.6,200,90,998.5,1015.3,,,,10,,8.7
289,산청,2026-03-25 07:00,8.3,,.3,0,90,998.8,1015.6,0,,,10,,8.8
289,산청,2026-03-25 08:00,8.7,,.4,0,88,998.8,1015.6,0,,,10,,10.4
289,산청,2026-03-25 09:00,9.8,,.7,250,81,998.9,1015.6,0,,,10,,12.2
289,산청,2026-03-25 10:00,11,,.9,250,70,999,1015.6,0,,,10,,14.5
289,산청,2026-03-25 11:00,12.3,,.7,270,67,998.9,1015.5,0,,,10,,15
289,산청,2026-03-25 12:00,12.4,0,1.5,290,71,998.7,1015.2,0,,,10,,15.6
289,산청,2026-03-25 13:00,13.4,,.7,20,67,998,1014.5,0,,,10,,17.2
289,산청,2026-03-25 14:00,15.2,,1.2,270,53,997.2,1013.5,0,,,9,,19.4
289,산청,2026-03-25 15:00,17.1,.2,.9,320,43,996.6,1012.8,.9,,,6,,26.4
289,산청,2026-03-25 16:00,18.4,,1.5,250,39,995.7,1011.8,1,,,3,,26.4
289,산청,2026-03-25 17:00,18.6,,2.9,270,37,995.6,1011.7,1,,,3,,23.2
289,산청,2026-03-25 18:00,16.7,,2.2,90,46,995.9,1012.1,1,,,2,,17.4
289,산청,2026-03-25 19:00,14.4,,.6,70,53,996.2,1012.6,.1,,,0,,13.1
289,산청,2026-03-25 20:00,12.1,,1.2,50,61,997.5,1014,,,,0,,10.7
289,산청,2026-03-25 21:00,11,,0,0,66,998.5,1015.1,,,,0,,9.1
289,산청,2026-03-25 22:00,10.5,,.6,110,70,999,1015.7,,,,0,,8.1
289,산청,2026-03-25 23:00,9.5,,.4,0,75,999.1,1015.8,,,,0,,7.1
289,산청,2026-03-26 00:00,9,,1.1,250,78,999.2,1016,,,,0,,6.5
289,산청,2026-03-26 01:00,8.4,,1.4,230,81,999.3,1016.1,,,,0,,6
289,산청,2026-03-26 02:00,7.4,,1,250,84,999.7,1016.6,,,,0,,5.3
289,산청,2026-03-26 03:00,6.4,,1.1,230,88,999.6,1016.5,,,,0,,4.7
289,산청,2026-03-26 04:00,5.9,,.1,0,91,999.2,1016.2,,,,0,,4
289,산청,2026-03-26 05:00,5.3,,.2,0,91,999.7,1016.7,,,,0,,3.6
289,산청,2026-03-26 06:00,4.4,,0,0,95,999.9,1017,,,,0,,3.1
289,산청,2026-03-26 07:00,4,,.6,320,97,1000.2,1017.3,0,,,0,,3.6
289,산청,2026-03-26 08:00,5.4,,.7,290,92,1000.5,1017.5,.6,,,0,,6.4
289,산청,2026-03-26 09:00,9.1,,1.1,230,76,1000.5,1017.3,1,,,0,,13.5
289,산청,2026-03-26 10:00,14.4,,.5,250,51,999.8,1016.2,1,,,0,,21.1
289,산청,2026-03-26 11:00,19.3,,1.7,340,33,999.2,1015.3,1,,,0,,28.4
289,산청,2026-03-26 12:00,20.8,,2.6,320,27,998.4,1014.4,1,,,0,,32.9
289,산청,2026-03-26 13:00,22.2,,1.7,270,22,997.6,1013.5,1,,,0,,35.8
289,산청,2026-03-26 14:00,23,,3,320,19,996.5,1012.3,1,,,0,,35.6
289,산청,2026-03-26 15:00,23.1,,4.5,320,16,996.1,1011.9,1,,,0,,34
289,산청,2026-03-26 16:00,23,,2.8,320,18,996,1011.8,1,,,0,,30.3
289,산청,2026-03-26 17:00,22.6,,4.4,270,21,996,1011.9,1,,,0,,25.7
289,산청,2026-03-26 18:00,20.9,,2.9,290,23,995.9,1011.9,1,,,0,,19.5
289,산청,2026-03-26 19:00,18.5,,2.1,320,26,996.5,1012.6,.1,,,0,,15.3
289,산청,2026-03-26 20:00,16.1,,.7,250,33,997.4,1013.7,,,,4,,12.7
289,산청,2026-03-26 21:00,15.1,,.7,20,39,998.2,1014.6,,,,4,,11.2
289,산청,2026-03-26 22:00,13.6,,1.6,250,43,999.1,1015.6,,,,6,,10.2
289,산청,2026-03-26 23:00,11.8,,1.6,230,49,999.4,1016,,,,0,,9
289,산청,2026-03-27 00:00,10.7,,1.7,230,55,999.6,1016.3,,,,0,,8.1
289,산청,2026-03-27 01:00,10.2,,1.3,230,57,999.5,1016.2,,,,0,,7.3
289,산청,2026-03-27 02:00,9,,1.2,250,61,999.3,1016.1,,,,0,,6.8
289,산청,2026-03-27 03:00,8.5,,.1,0,64,999.2,1016,,,,0,,6
289,산청,2026-03-27 04:00,7.3,,.1,0,71,999.2,1016.1,,,,0,,5.3
289,산청,2026-03-27 05:00,6,,.5,320,79,999.3,1016.3,,,,0,,4.8
289,산청,2026-03-27 06:00,5.4,,.4,0,81,999.8,1016.8,,,,0,,4.5
289,산청,2026-03-27 07:00,5.2,,.4,0,81,999.9,1016.9,0,,,0,,5
289,산청,2026-03-27 08:00,6.8,,.6,50,78,1000.1,1017,.5,,,0,,7.7
289,산청,2026-03-27 09:00,10.8,,.2,0,63,1000,1016.7,1,,,0,,14.4
289,산청,2026-03-27 10:00,16.2,,.4,0,44,999.5,1015.8,1,,,0,,22.3
289,산청,2026-03-27 11:00,20.2,,2.2,320,24,998.5,1014.5,1,,,0,,28.3
289,산청,2026-03-27 12:00,21.8,,3.4,320,22,997.6,1013.5,1,,,3,,32
289,산청,2026-03-27 13:00,23.4,,3.5,290,20,996.6,1012.4,1,,,5,,35.2
289,산청,2026-03-27 14:00,23.9,,3.7,270,21,995.6,1011.4,1,,,5,,36
289,산청,2026-03-27 15:00,23.2,,4.5,320,23,995.1,1010.9,1,,,0,,33.9
289,산청,2026-03-27 16:00,23.2,,3.6,290,24,994.8,1010.6,1,,,0,,29.8
289,산청,2026-03-27 17:00,22.1,,5.2,290,24,994.8,1010.7,1,,,2,,25.1
289,산청,2026-03-27 18:00,20.7,,4.1,290,25,995.4,1011.4,.8,,,0,,19.9
289,산청,2026-03-27 19:00,18.6,,2.5,320,25,995.9,1012,0,,,5,,15.9
289,산청,2026-03-27 20:00,17.1,,2.5,360,27,996.6,1012.8,,,,0,,13.7
289,산청,2026-03-27 21:00,16.3,,2.1,20,30,997.1,1013.4,,,,6,,12.6
289,산청,2026-03-27 22:00,15.2,,1.7,20,33,997.1,1013.4,,,,8,,11.9
289,산청,2026-03-27 23:00,14.8,,2.7,20,33,997.2,1013.6,,,,9,,11.6
289,산청,2026-03-28 00:00,14.6,,1.6,20,33,997.6,1014,,,,10,,11
289,산청,2026-03-28 01:00,12.8,,.5,320,38,997.7,1014.2,,,,8,,10.1
289,산청,2026-03-28 02:00,11.2,,.8,270,47,998,1014.6,,,,8,,9.1
289,산청,2026-03-28 03:00,10.5,,.1,0,49,998.1,1014.8,,,,8,,8.2
289,산청,2026-03-28 04:00,9.9,,1.2,230,51,998.1,1014.8,,,,8,,7.4
289,산청,2026-03-28 05:00,9.1,,1.1,250,57,998.1,1014.8,,,,10,,7
289,산청,2026-03-28 06:00,9,,1.2,250,58,998.7,1015.5,,,,8,,6.2
289,산청,2026-03-28 07:00,7.4,,.4,0,66,999.4,1016.3,0,,,6,,5.9
289,산청,2026-03-28 08:00,9.9,,.7,250,58,1000,1016.7,.5,,,6,,8.3
289,산청,2026-03-28 09:00,13.1,,1.1,270,47,1000.3,1016.8,1,,,0,,17.8
289,산청,2026-03-28 10:00,15.8,,1.1,250,36,1000.3,1016.7,1,,,0,,25.7
289,산청,2026-03-28 11:00,19.1,,1.5,360,24,999.7,1015.8,1,,,3,,31.5
289,산청,2026-03-28 12:00,19.8,,1.1,270,20,999.2,1015.3,1,,,0,,36.3
289,산청,2026-03-28 13:00,21.5,,2.7,20,20,998.5,1014.5,1,,,0,,38.3
289,산청,2026-03-28 14:00,22.3,,3.9,360,19,997.6,1013.5,1,,,0,,37.7
289,산청,2026-03-28 15:00,23.2,,3.1,340,17,996.9,1012.7,1,,,0,,36.6
289,산청,2026-03-28 16:00,24.1,,2.8,290,15,996.5,1012.3,1,,,0,,33.4
289,산청,2026-03-28 17:00,23.2,,2.4,320,17,996.5,1012.3,1,,,0,,28.2
289,산청,2026-03-28 18:00,18.6,,3.6,70,28,997.2,1013.3,1,,,0,,20.1
289,산청,2026-03-28 19:00,16.7,,3.9,70,33,997.9,1014.2,.3,,,0,,15.9
289,산청,2026-03-28 20:00,14.6,,3,50,49,999.3,1015.7,,,,0,,13.8
289,산청,2026-03-28 21:00,13.3,,1.4,20,67,1000.3,1016.8,,,,5,,12.5
289,산청,2026-03-28 22:00,12.5,,.9,360,73,1000.6,1017.2,,,,0,,11.2
289,산청,2026-03-28 23:00,11.2,,.7,230,72,1000.9,1017.6,,,,0,,9.9
289,산청,2026-03-29 00:00,9.9,,.1,0,73,1001,1017.7,,,,0,,8.6
289,산청,2026-03-29 01:00,8.7,,.4,0,82,1001,1017.8,,,,0,,7.6
289,산청,2026-03-29 02:00,7.4,,.5,70,84,1000.9,1017.8,,,,5,,6.9
289,산청,2026-03-29 03:00,6.9,,.6,70,83,1001,1017.9,,,,9,,7.3
289,산청,2026-03-29 04:00,6.7,,.2,0,84,1001.1,1018,,,,10,,7.3
289,산청,2026-03-29 05:00,6.3,,.2,0,84,1001.2,1018.2,,,,8,,6.5
289,산청,2026-03-29 06:00,5.9,,.6,290,87,1001.5,1018.5,,,,9,,7.3
289,산청,2026-03-29 07:00,6.2,,.1,0,83,1001.8,1018.8,0,,,10,,8
289,산청,2026-03-29 08:00,6.8,,1,290,78,1002.1,1019.1,0,,,7,,9.9
289,산청,2026-03-29 09:00,9.6,,.5,270,68,1001.8,1018.6,.5,,,6,,15.4
289,산청,2026-03-29 10:00,14.3,,.7,290,64,1001.6,1018.1,1,,,6,,23.7
289,산청,2026-03-29 11:00,15.4,,2.9,90,65,1001.2,1017.6,1,,,4,,29.1
289,산청,2026-03-29 12:00,16.7,,3,50,59,1000.7,1017,1,,,4,,32.5
289,산청,2026-03-29 13:00,18.5,,2.2,70,54,999.8,1016,1,,,1,,35.5
289,산청,2026-03-29 14:00,19.6,,2.9,70,47,999.1,1015.2,1,,,2,,35.7
289,산청,2026-03-29 15:00,19.5,,2.8,70,43,998.4,1014.5,.5,,,9,,28.1
289,산청,2026-03-29 16:00,19.4,,2.6,70,42,998.3,1014.4,.1,,,7,,25.2
289,산청,2026-03-29 17:00,19.1,,3.5,50,47,998.7,1014.8,.1,,,8,,23.1
289,산청,2026-03-29 18:00,18.3,,3.1,50,52,998.8,1015,.2,,,8,,19.9
289,산청,2026-03-29 19:00,16.6,,2.6,50,57,999.2,1015.5,0,,,7,,15.8
289,산청,2026-03-29 20:00,14.7,,1.8,50,63,999.8,1016.2,,,,0,,13.6
289,산청,2026-03-29 21:00,13.7,,1.2,50,69,1000.5,1017,,,,7,,12.5
289,산청,2026-03-29 22:00,12.4,,.5,290,75,1000.9,1017.5,,,,0,,11.3
289,산청,2026-03-29 23:00,11.2,,.1,0,80,1001.1,1017.8,,,,0,,9.9
289,산청,2026-03-30 00:00,10.2,,.1,0,85,1001,1017.7,,,,5,,9
289,산청,2026-03-30 01:00,9,,.1,0,87,1001.2,1018,,,,5,,8.1
289,산청,2026-03-30 02:00,8.5,,0,0,90,1001.2,1018,,,,7,,7.6
289,산청,2026-03-30 03:00,7.7,,.8,360,93,1000.8,1017.7,,,,8,,7.6
289,산청,2026-03-30 04:00,7.5,,.8,340,94,1000.8,1017.7,,,,9,,8.3
289,산청,2026-03-30 05:00,7.2,,.9,320,94,1000.4,1017.3,,,,8,,7.8
289,산청,2026-03-30 06:00,7,,.8,340,94,1000.9,1017.8,,,,8,,7.5
289,산청,2026-03-30 07:00,7.2,,.2,0,94,1001.1,1018,0,,,9,,8.1
289,산청,2026-03-30 08:00,7.9,,.5,340,91,1001.5,1018.4,0,,,10,,10.3
289,산청,2026-03-30 09:00,9.5,,.3,0,84,1001.4,1018.2,0,,,9,,14.4
289,산청,2026-03-30 10:00,13.5,,.5,340,71,1000.6,1017.1,.7,,,7,,22.2
289,산청,2026-03-30 11:00,15.9,,1.8,270,63,999.9,1016.2,.1,,,8,,23.3
289,산청,2026-03-30 12:00,16.8,,2.2,110,48,999.1,1015.4,0,,,10,,19.5
289,산청,2026-03-30 13:00,16.9,,1.3,90,39,998.4,1014.7,0,,,10,,18.1
289,산청,2026-03-30 14:00,13.9,,1.3,270,73,997.8,1014.2,0,,,10,,15.1
289,산청,2026-03-30 15:00,12.8,.1,1.9,290,82,997.1,1013.6,0,,,10,,14.7
289,산청,2026-03-30 16:00,11.8,,1,360,86,996.6,1013.1,0,,,10,,14.3
289,산청,2026-03-30 17:00,11.2,,1,290,87,995.9,1012.5,0,,,10,,13.5
289,산청,2026-03-30 18:00,10.6,2.1,.6,340,94,995.3,1011.9,0,,,10,,12.5
289,산청,2026-03-30 19:00,10.4,,.6,290,98,994.7,1011.3,0,,,10,,11.8
289,산청,2026-03-30 20:00,10,,.2,0,99,994.7,1011.3,,,,10,,11.2
289,산청,2026-03-30 21:00,9.9,13.4,1,250,100,993.4,1010,,,,10,,11
289,산청,2026-03-30 22:00,10.1,,.4,0,100,992.4,1009,,,,10,,10.9
289,산청,2026-03-30 23:00,10,,.8,340,100,990.5,1007.1,,,,10,,10.9
289,산청,2026-03-31 00:00,10.1,21.5,.6,20,100,989.2,1005.7,,,,10,,10.8
289,산청,2026-03-31 01:00,10.1,,.5,290,100,988.6,1005.1,,,,10,,10.8
289,산청,2026-03-31 02:00,10.1,,1,270,100,987.5,1004,,,,10,,10.8
289,산청,2026-03-31 03:00,10.2,7.9,.3,0,100,987.1,1003.6,,,,9,,10.9
289,산청,2026-03-31 04:00,10.2,,2.7,290,100,987.7,1004.2,,,,10,,10.8
289,산청,2026-03-31 05:00,10.2,,1.3,270,99,987.9,1004.4,,,,9,,10.7
289,산청,2026-03-31 06:00,10.8,2.8,1.5,290,91,988.7,1005.2,,,,9,,10.6
289,산청,2026-03-31 07:00,11.2,,1.8,320,87,990.2,1006.7,0,,,9,,10.7
289,산청,2026-03-31 08:00,12.4,,4.6,290,75,991.3,1007.7,0,,,9,,11.8
289,산청,2026-03-31 09:00,14.6,,3.2,290,66,991.8,1008.1,.5,,,7,,18.9
289,산청,2026-03-31 10:00,15.7,,3.6,290,59,992.8,1009,1,,,4,,20.3
289,산청,2026-03-31 11:00,17.3,,2.7,270,56,992.8,1008.9,.9,,,4,,26.3
289,산청,2026-03-31 12:00,18.5,,1.6,200,50,992.7,1008.8,1,,,6,,29.3
289,산청,2026-03-31 13:00,18.3,,2.2,70,54,993.1,1009.2,.5,,,7,,23.8
289,산청,2026-03-31 14:00,18.3,,2.2,50,56,993.7,1009.8,.1,,,9,,22.9
289,산청,2026-03-31 15:00,17.2,,2.2,90,59,994.1,1010.3,0,,,10,,18.5
289,산청,2026-03-31 16:00,17.4,,2.4,70,59,994,1010.2,0,,,10,,18.8
289,산청,2026-03-31 17:00,16.2,,2.6,110,61,995,1011.2,0,,,9,,16.4
289,산청,2026-03-31 18:00,15.5,,2.2,70,68,996.3,1012.6,0,,,9,,14.8
289,산청,2026-03-31 19:00,14.2,,2.4,50,73,996.6,1013,0,,,10,,13.6
289,산청,2026-03-31 20:00,13.6,,2.9,50,78,997.6,1014.1,,,,10,,13.1
289,산청,2026-03-31 21:00,13.1,,2.7,50,83,997.2,1013.7,,,,10,,12.8
289,산청,2026-03-31 22:00,12.7,,2,70,83,997.5,1014,,,,10,,12.6
289,산청,2026-03-31 23:00,12.5,,1.4,70,84,997.8,1014.3,,,,10,,12.5
289,산청,2026-04-01 00:00,12.4,,1,50,86,998.3,1014.8,,,,10,,12.5
289,산청,2026-04-01 01:00,12.2,,.6,360,87,998.4,1015,,,,10,,12.3
289,산청,2026-04-01 02:00,11.9,,2.4,70,89,998.1,1014.7,,,,10,,12.1
289,산청,2026-04-01 03:00,11.7,,1.7,50,88,997.9,1014.5,,,,10,,11.9
289,산청,2026-04-01 04:00,11.4,,1.2,90,91,997.8,1014.4,,,,10,,11.8
289,산청,2026-04-01 05:00,11.3,,.7,50,92,997.8,1014.4,,,,10,,11.8
289,산청,2026-04-01 06:00,11.3,,.5,70,93,998.1,1014.7,,,,9,,11.7
289,산청,2026-04-01 07:00,10.8,.1,1.5,70,97,998.4,1015,0,,,9,,11.7
289,산청,2026-04-01 08:00,10.7,2.1,.5,50,98,997.9,1014.5,0,,,9,,12.3
289,산청,2026-04-01 09:00,11.5,0,.5,90,94,997.9,1014.5,0,,,9,,14.4
289,산청,2026-04-01 10:00,12,,1.2,90,90,997.9,1014.5,0,,,10,,16
289,산청,2026-04-01 11:00,12.8,,1.7,70,87,998.4,1014.9,0,,,9,,18.1
289,산청,2026-04-01 12:00,13.1,,2.2,90,84,998.3,1014.8,0,,,10,,18.6
289,산청,2026-04-01 13:00,13.8,,2.3,90,79,997.3,1013.7,0,,,10,,19.6
289,산청,2026-04-01 14:00,14.2,,.8,90,76,996.5,1012.9,0,,,10,,18.8
289,산청,2026-04-01 15:00,14.4,,.3,0,77,995.8,1012.2,0,,,10,,17.7
289,산청,2026-04-01 16:00,14.5,,1.5,50,77,995.2,1011.6,0,,,10,,18.1
289,산청,2026-04-01 17:00,14.5,0,1.5,270,78,995.2,1011.6,0,,,10,,16.4
289,산청,2026-04-01 18:00,12.7,1,.5,90,94,995.4,1011.9,0,,,10,,14.7
289,산청,2026-04-01 19:00,12.3,,.5,250,97,995.8,1012.3,0,,,9,,13.9
289,산청,2026-04-01 20:00,12,,.3,0,92,996.1,1012.6,,,,9,,12.6
289,산청,2026-04-01 21:00,11.7,,.9,360,84,996.9,1013.5,,,,9,,11.7
289,산청,2026-04-01 22:00,11.7,,1.6,320,71,997.2,1013.8,,,,7,,10.8
289,산청,2026-04-01 23:00,10.5,,.5,230,68,997.6,1014.2,,,,8,,10.1
289,산청,2026-04-02 00:00,10.7,,2.7,340,60,997.6,1014.2,,,,9,,9.4
289,산청,2026-04-02 01:00,10.1,,2.2,340,56,997.8,1014.5,,,,7,,8.2
289,산청,2026-04-02 02:00,8.3,,1.1,270,66,997.5,1014.3,,,,4,,7.3
289,산청,2026-04-02 03:00,7.1,,1.8,230,70,997.7,1014.6,,,,0,,6.1
289,산청,2026-04-02 04:00,6.1,,1.4,230,74,997.9,1014.8,,,,0,,5.4
289,산청,2026-04-02 05:00,4.9,,.9,230,82,998,1015,,,,0,,4.8
289,산청,2026-04-02 06:00,5.1,,1.1,250,77,998.6,1015.6,,,,0,,4.4
289,산청,2026-04-02 07:00,4.7,,.8,250,80,999.4,1016.4,0,,,0,,4.7
289,산청,2026-04-02 08:00,7.5,,.7,230,69,999.9,1016.8,.9,,,0,,6.8
289,산청,2026-04-02 09:00,11.9,,1.7,20,49,1000.3,1016.9,1,,,0,,14.2
289,산청,2026-04-02 10:00,13.9,,2.7,20,46,1000.1,1016.6,1,,,0,,19
289,산청,2026-04-02 11:00,16.2,,4.2,340,37,1000.3,1016.6,1,,,0,,21.8
289,산청,2026-04-02 12:00,17.1,,4.2,290,34,999.6,1015.9,1,,,0,,24.4
289,산청,2026-04-02 13:00,18.4,,3.7,290,31,998.7,1014.9,1,,,0,,25.5
289,산청,2026-04-02 14:00,19.8,,4.4,290,27,998,1014.1,1,,,0,,26.3
289,산청,2026-04-02 15:00,20.2,,4.7,290,21,997.6,1013.6,1,,,0,,24.6
289,산청,2026-04-02 16:00,20.1,,4.6,290,20,997.1,1013.1,1,,,0,,22.5
289,산청,2026-04-02 17:00,19.7,,4.4,290,21,997.3,1013.4,1,,,0,,19.2
289,산청,2026-04-02 18:00,18.4,,4.4,270,24,998.1,1014.3,1,,,0,,14.1
289,산청,2026-04-02 19:00,16.5,,5.2,270,22,998.9,1015.2,.5,,,0,,10.6
289,산청,2026-04-02 20:00,14.7,,2.5,270,28,999.9,1016.3,,,,0,,9.3
289,산청,2026-04-02 21:00,13.1,,.9,320,35,1001.1,1017.6,,,,0,,8.4
289,산청,2026-04-02 22:00,12.4,,1.6,20,41,1001.6,1018.2,,,,0,,7.6
289,산청,2026-04-02 23:00,11.6,,1.8,20,50,1001.4,1018,,,,0,,7.3
289,산청,2026-04-03 00:00,10.3,,1.7,230,56,1001.6,1018.3,,,,5,,6.8
289,산청,2026-04-03 01:00,9.6,,.6,160,59,1001.9,1018.7,,,,6,,6.7
289,산청,2026-04-03 02:00,8.1,,.1,0,66,1002,1018.9,,,,7,,6.5
289,산청,2026-04-03 03:00,7.1,,.5,20,75,1002,1018.9,,,,9,,6.5
289,산청,2026-04-03 04:00,6.5,,.4,0,79,1001.6,1018.6,,,,9,,6.4
289,산청,2026-04-03 05:00,6,,.5,70,82,1001.5,1018.5,,,,8,,6.1
289,산청,2026-04-03 06:00,5.6,,.9,360,84,1001.5,1018.5,,,,6,,5.8
289,산청,2026-04-03 07:00,5.6,,0,0,85,1001.6,1018.6,0,,,4,,6
289,산청,2026-04-03 08:00,8.2,,.5,270,75,1001.6,1018.5,.8,,,0,,8.2
289,산청,2026-04-03 09:00,11.2,,.4,0,63,1001.5,1018.2,1,,,0,,15.5
289,산청,2026-04-03 10:00,14.5,,.6,230,51,1000.8,1017.2,1,,,7,,19.9
289,산청,2026-04-03 11:00,18.9,,3,70,40,1000.1,1016.3,1,,,7,,23.5
289,산청,2026-04-03 12:00,20.2,,3.4,70,35,999.4,1015.5,1,,,6,,25.8
289,산청,2026-04-03 13:00,20.1,,3.7,70,34,998.3,1014.4,.2,,,7,,21.3
289,산청,2026-04-03 14:00,21.1,,3.3,70,31,997.6,1013.6,.6,,,7,,24.3
289,산청,2026-04-03 15:00,21.5,,3.4,70,23,996.8,1012.7,1,,,7,,23.2
289,산청,2026-04-03 16:00,20.1,,3.8,70,29,996.4,1012.4,.7,,,9,,19
289,산청,2026-04-03 17:00,18.5,,3.5,50,42,996.3,1012.4,0,,,10,,16.5
289,산청,2026-04-03 18:00,16.5,,3.1,50,52,996.2,1012.4,0,,,10,,14.2
289,산청,2026-04-03 19:00,15.4,,2.3,50,56,995.8,1012.1,0,,,10,,13.1
289,산청,2026-04-03 20:00,14.7,,2.9,50,57,995.8,1012.2,,,,10,,12.2
289,산청,2026-04-03 21:00,14.3,,2.3,20,60,996,1012.4,,,,10,,12
289,산청,2026-04-03 22:00,14,,1.5,50,64,995.4,1011.8,,,,10,,11.8
289,산청,2026-04-03 23:00,11.4,1.4,1.2,20,89,995.2,1011.7,,,,10,,11.7
289,산청,2026-04-04 00:00,11.4,3.3,3,50,93,993.9,1010.4,,,,10,,11.7
289,산청,2026-04-04 01:00,11.2,2.5,.5,250,95,992.1,1008.6,,,,10,,11.7
289,산청,2026-04-04 02:00,10.9,3.4,1.6,50,95,990.1,1006.6,,,,10,,11.5
289,산청,2026-04-04 03:00,10.8,5.4,2,70,96,988.3,1004.8,,,,10,,11.3
289,산청,2026-04-04 04:00,10.9,7.2,1.1,70,95,987,1003.4,,,,10,,11.3
289,산청,2026-04-04 05:00,10.6,8,.6,20,99,985.4,1001.8,,,,10,,11.4
289,산청,2026-04-04 06:00,10.4,7.9,.2,0,100,982.7,999.1,,,,10,,11.5
289,산청,2026-04-04 07:00,10.6,6.5,.4,0,100,981.2,997.6,0,,,10,,11.4
289,산청,2026-04-04 08:00,11,8.5,1.5,290,100,981.3,997.6,0,,,10,,11.7
289,산청,2026-04-04 09:00,11.3,4.2,1.5,320,100,980.5,996.8,0,,,10,,12.7
289,산청,2026-04-04 10:00,11.6,.9,2.5,290,97,981.3,997.6,0,,,10,,15.1
289,산청,2026-04-04 11:00,13.2,0,2.5,320,89,982,998.2,0,,,10,,18.5
289,산청,2026-04-04 12:00,14.9,,2,360,78,981.8,997.9,.3,,,9,,20.7
289,산청,2026-04-04 13:00,18.4,,3.5,290,66,981.4,997.3,.8,,,7,,26.6
289,산청,2026-04-04 14:00,18.5,,4.9,290,65,981.6,997.5,.1,,,8,,20.5
289,산청,2026-04-04 15:00,18,,4.4,290,64,982.8,998.7,.2,,,6,,20.9
289,산청,2026-04-04 16:00,16.7,,4.5,270,66,983.7,999.7,0,,,9,,18.2
289,산청,2026-04-04 17:00,17.3,,5.4,270,64,984.3,1000.3,.6,,,4,,18.8
289,산청,2026-04-04 18:00,15.3,,6,270,68,985.1,1001.2,.7,,,0,,14.9
289,산청,2026-04-04 19:00,13.8,,4.1,290,72,986.6,1002.9,0,,,1,,12.6
289,산청,2026-04-04 20:00,12.8,,2.5,270,75,988,1004.3,,,,2,,11.4
289,산청,2026-04-04 21:00,12,,1.5,340,74,989.7,1006.1,,,,0,,10.5
289,산청,2026-04-04 22:00,10.8,,.5,270,81,991,1007.5,,,,0,,9.7
289,산청,2026-04-04 23:00,9.2,,.7,230,90,991.4,1008,,,,0,,8.8
289,산청,2026-04-05 00:00,10,,3,340,82,991.4,1008,,,,0,,8.4
289,산청,2026-04-05 01:00,9.6,,2.7,340,79,991.7,1008.3,,,,0,,7.8
289,산청,2026-04-05 02:00,9.1,,2.5,340,76,991.9,1008.5,,,,3,,7.3
289,산청,2026-04-05 03:00,8.5,,2.9,360,75,992.1,1008.8,,,,7,,6.9
289,산청,2026-04-05 04:00,7.8,,2.4,340,74,991.9,1008.6,,,,1,,6.2
289,산청,2026-04-05 05:00,6.4,,.5,320,81,992.4,1009.2,,,,0,,5.5
289,산청,2026-04-05 06:00,4.5,,.5,200,93,992.6,1009.5,,,,0,,4.7
289,산청,2026-04-05 07:00,4.3,,.9,340,92,993.4,1010.4,0,,,0,,5
289,산청,2026-04-05 08:00,7.1,,.7,270,81,993.9,1010.7,1,,,0,,7.2
289,산청,2026-04-05 09:00,9.6,,.9,270,71,993.9,1010.5,1,,,0,,15.1
289,산청,2026-04-05 10:00,12.5,,1.5,270,60,993.8,1010.3,1,,,4,,21
289,산청,2026-04-05 11:00,14.4,,1,20,53,993.3,1009.6,.9,,,7,,21.8
289,산청,2026-04-05 12:00,16.3,,1.1,270,47,992.8,1009,.9,,,6,,25.6
289,산청,2026-04-05 13:00,17.7,,2.3,110,44,992.1,1008.2,1,,,7,,25.3
289,산청,2026-04-05 14:00,19.5,,2.1,70,42,991.5,1007.5,1,,,6,,28.1
289,산청,2026-04-05 15:00,20.3,,1.3,270,32,991.4,1007.3,1,,,7,,28.1
289,산청,2026-04-05 16:00,21.2,,2,340,26,991.3,1007.2,1,,,0,,25.3
289,산청,2026-04-05 17:00,20.8,,1.9,20,21,991.4,1007.3,1,,,0,,22
289,산청,2026-04-05 18:00,19.7,,1.8,360,22,991.7,1007.7,1,,,0,,16.5
289,산청,2026-04-05 19:00,16.2,,1.4,50,55,992.1,1008.3,.6,,,0,,13.8
289,산청,2026-04-05 20:00,13.3,,.7,50,56,992.6,1009,,,,0,,12.1
289,산청,2026-04-05 21:00,11.4,,.7,270,60,993.7,1010.2,,,,0,,10.7
289,산청,2026-04-05 22:00,10.1,,.4,0,68,994.4,1011,,,,0,,9.7
289,산청,2026-04-05 23:00,9.2,,.6,180,78,994.3,1011,,,,0,,9
289,산청,2026-04-06 00:00,8.6,,1,110,79,995.2,1011.9,,,,0,,8.7
289,산청,2026-04-06 01:00,7.9,,.4,0,77,995.1,1011.9,,,,2,,8.4
289,산청,2026-04-06 02:00,7.5,,.5,20,82,995.3,1012.1,,,,5,,8.3
289,산청,2026-04-06 03:00,7.8,,1.1,230,84,995,1011.8,,,,7,,8.3
289,산청,2026-04-06 04:00,7.7,,.6,250,84,994.8,1011.6,,,,5,,7.8
289,산청,2026-04-06 05:00,7.6,,.6,290,84,994.6,1011.4,,,,8,,8
289,산청,2026-04-06 06:00,7.7,,1.2,70,86,994.1,1010.9,,,,10,,8.2
289,산청,2026-04-06 07:00,8.9,0,.8,200,85,994.2,1010.9,0,,,9,,9
289,산청,2026-04-06 08:00,9.9,,1.2,250,83,996,1012.7,0,,,10,,10.3
289,산청,2026-04-06 09:00,10.9,1.1,.8,270,92,994.3,1010.9,0,,,8,,13.6
289,산청,2026-04-06 10:00,14,,4.9,70,77,993.6,1010,.4,,,7,,17.5
289,산청,2026-04-06 11:00,17.4,,2,360,69,994.1,1010.3,.8,,,8,,23.5
289,산청,2026-04-06 12:00,17.2,,1.1,70,67,993.4,1009.6,.1,,,9,,21.3
289,산청,2026-04-06 13:00,18.6,,3.1,50,66,991.7,1007.7,.2,,,8,,22.6
289,산청,2026-04-06 14:00,18.9,,3.2,70,63,990.7,1006.7,.3,,,9,,20.6
289,산청,2026-04-06 15:00,14.8,3.3,1.6,320,91,991.8,1008.1,0,,,10,,15.8
289,산청,2026-04-06 16:00,15.5,.9,1.5,20,89,991.2,1007.4,.2,,,9,,18.8
289,산청,2026-04-06 17:00,15.4,1,1.2,340,90,991.3,1007.5,0,,,9,,17.5
289,산청,2026-04-06 18:00,14.2,.2,2.6,360,84,992.1,1008.4,0,,,8,,15.3
289,산청,2026-04-06 19:00,13.1,0,2.1,340,84,992.5,1008.9,0,,,6,,13.8
289,산청,2026-04-06 20:00,12.6,,3,340,79,993.1,1009.5,,,,6,,12
289,산청,2026-04-06 21:00,11.5,,3,340,74,994.3,1010.8,,,,7,,10.6
289,산청,2026-04-06 22:00,11.1,,3.3,360,73,995,1011.6,,,,6,,9.6
289,산청,2026-04-06 23:00,11,,3.6,360,74,995.7,1012.3,,,,9,,9.8
289,산청,2026-04-07 00:00,10.3,,3.1,290,53,996,1012.6,,,,6,,7.9
289,산청,2026-04-07 01:00,9.8,,3.6,290,47,996,1012.7,,,,8,,6.9
289,산청,2026-04-07 02:00,8.5,,1.5,340,43,996.1,1012.8,,,,6,,5.7
289,산청,2026-04-07 03:00,8.2,,3.3,20,34,995.8,1012.6,,,,7,,4.6
289,산청,2026-04-07 04:00,6.3,,1.9,360,41,996.2,1013.1,,,,3,,3.9
289,산청,2026-04-07 05:00,5,,1.4,290,50,997.1,1014.1,,,,8,,3.5
289,산청,2026-04-07 06:00,4,,1.1,320,53,998.1,1015.2,,,,5,,2.9
289,산청,2026-04-07 07:00,3.1,,.7,320,61,999.2,1016.3,0,,,0,,3
289,산청,2026-04-07 08:00,7.1,,1.3,340,38,1000,1016.9,1,,,0,,5.4
289,산청,2026-04-07 09:00,9.1,,2.2,360,30,1000.1,1016.9,1,,,0,,12.9
289,산청,2026-04-07 10:00,10.2,,3.5,340,28,1000.5,1017.2,1,,,0,,17
289,산청,2026-04-07 11:00,11.4,,4.3,320,21,1000.6,1017.2,1,,,0,,20.5
289,산청,2026-04-07 12:00,11.7,,4.5,340,21,1000.1,1016.7,1,,,0,,21.5
289,산청,2026-04-07 13:00,12.9,,4.1,320,21,999.6,1016.1,1,,,0,,23.6
289,산청,2026-04-07 14:00,13.9,,3.3,320,21,999.1,1015.6,1,,,0,,24.2
289,산청,2026-04-07 15:00,14.8,,3.6,320,21,998.6,1015,1,,,0,,23.4
289,산청,2026-04-07 16:00,14.7,,3.7,340,20,998.6,1015,1,,,0,,21
289,산청,2026-04-07 17:00,14.9,,4.8,270,23,998.8,1015.2,1,,,0,,17.9
289,산청,2026-04-07 18:00,14,,3.4,270,25,999.2,1015.7,1,,,0,,13
289,산청,2026-04-07 19:00,11.6,,3.8,270,34,999.8,1016.4,.6,,,0,,9.6
289,산청,2026-04-07 20:00,9.9,,1.9,340,40,1000.6,1017.3,,,,0,,7.9
289,산청,2026-04-07 21:00,8.5,,3.3,50,41,1002,1018.8,,,,0,,6.4
289,산청,2026-04-07 22:00,7.3,,1.7,360,42,1002.9,1019.8,,,,0,,5.5
289,산청,2026-04-07 23:00,6,,.8,250,46,1003.4,1020.4,,,,0,,4.7
289,산청,2026-04-08 00:00,4.7,,.8,230,50,1003.9,1021,,,,0,,3.9
289,산청,2026-04-08 01:00,3,,1.2,230,64,1004.1,1021.3,,,,0,,3.1
289,산청,2026-04-08 02:00,2.1,,.6,230,66,1004.1,1021.4,,,,0,,2.5
289,산청,2026-04-08 03:00,1.2,,.2,0,70,1003.9,1021.3,,,,0,,1.8
289,산청,2026-04-08 04:00,.5,,.3,0,76,1004.1,1021.5,,,,0,,1.2
289,산청,2026-04-08 05:00,-.6,,.6,340,80,1004.2,1021.7,,,,0,,.8
289,산청,2026-04-08 06:00,-1.2,,.8,340,83,1004.6,1022.1,,,,0,,.4
289,산청,2026-04-08 07:00,-1.1,,.5,340,83,1005.3,1022.8,.1,,,0,,.9
289,산청,2026-04-08 08:00,2.2,,.6,320,67,1005.6,1022.9,1,,,0,,3.5
289,산청,2026-04-08 09:00,6,,.7,360,48,1005.5,1022.6,1,,,0,,12.3
289,산청,2026-04-08 10:00,9.3,,.7,200,35,1005.2,1022.1,1,,,0,,18.7
289,산청,2026-04-08 11:00,13.8,,3.1,70,30,1004.3,1020.9,1,,,0,,22.2
289,산청,2026-04-08 12:00,15.3,,2.8,70,29,1003.6,1020,1,,,0,,24.7
289,산청,2026-04-08 13:00,17.1,,2.5,50,28,1002.9,1019.2,1,,,0,,26.6
289,산청,2026-04-08 14:00,17.8,,2.6,70,27,1001.8,1018.1,1,,,0,,26.5
289,산청,2026-04-08 15:00,17.9,,2.7,70,25,1000.9,1017.1,1,,,0,,24.8
289,산청,2026-04-08 16:00,18.2,,2.9,50,29,1000.5,1016.7,1,,,0,,23.1
289,산청,2026-04-08 17:00,17,,3.6,70,38,1000.5,1016.8,1,,,0,,19.2
289,산청,2026-04-08 18:00,15.4,,3.3,70,45,1000.4,1016.8,1,,,0,,13.9
289,산청,2026-04-08 19:00,13.4,,3,50,49,1000.3,1016.8,.5,,,0,,10.9
289,산청,2026-04-08 20:00,12,,2.3,70,54,1000.6,1017.2,,,,4,,9.4
289,산청,2026-04-08 21:00,11,,1.8,50,60,1001.3,1018,,,,6,,8.8
289,산청,2026-04-08 22:00,9.8,,.9,320,68,1001.6,1018.4,,,,9,,8.5
289,산청,2026-04-08 23:00,8.5,,1,270,74,1001.2,1018,,,,9,,8
289,산청,2026-04-09 00:00,8,,.7,250,76,1001.4,1018.3,,,,10,,7.6
289,산청,2026-04-09 01:00,7.8,,.4,0,76,1001,1017.9,,,,10,,7.5
289,산청,2026-04-09 02:00,7.4,,.2,0,80,1000.1,1017,,,,10,,7.6
289,산청,2026-04-09 03:00,7.1,,.1,0,81,999.4,1016.3,,,,10,,7.7
289,산청,2026-04-09 04:00,7.3,,.1,0,83,999.5,1016.4,,,,10,,8.1
289,산청,2026-04-09 05:00,6.9,.2,.8,320,87,999.1,1016,,,,10,,8.3
289,산청,2026-04-09 06:00,6.7,.2,.2,0,95,998.7,1015.6,,,,10,,8.5
289,산청,2026-04-09 07:00,7,,.6,230,92,998.2,1015.1,0,,,10,,8.8
289,산청,2026-04-09 08:00,7.1,.2,.4,0,96,997.6,1014.5,0,,,10,,9.4
289,산청,2026-04-09 09:00,7.4,.4,1.3,320,99,996.5,1013.3,0,,,10,,9.4
289,산청,2026-04-09 10:00,8.9,.5,.5,230,99,996.5,1013.2,0,,,10,,10.3
289,산청,2026-04-09 11:00,9.6,2.2,1,250,100,995,1011.7,0,,,10,,11
289,산청,2026-04-09 12:00,11.3,1.9,6,50,97,992.2,1008.7,0,,,10,,14.8
289,산청,2026-04-09 13:00,13.3,2.9,6.3,20,92,990.1,1006.4,0,,,10,,14
289,산청,2026-04-09 14:00,14.4,6.9,5,20,89,988.1,1004.3,0,,,10,,15.1
289,산청,2026-04-09 15:00,14.8,3.7,4.4,360,88,988.1,1004.3,0,,,10,,14.7
289,산청,2026-04-09 16:00,14.7,4.9,4.9,20,90,986.2,1002.4,0,,,10,,14.9
289,산청,2026-04-09 17:00,13.8,2.5,3.8,20,96,985.3,1001.5,0,,,10,,14.6
289,산청,2026-04-09 18:00,14.6,5.8,3.3,20,94,985.3,1001.5,0,,,10,,14.1
289,산청,2026-04-09 19:00,14.8,3.9,3.5,70,95,984,1000.2,0,,,10,,13.9
289,산청,2026-04-09 20:00,15,.7,1.5,50,93,984.1,1000.2,,,,9,,13.9
289,산청,2026-04-09 21:00,14.3,,1.1,20,99,984.4,1000.6,,,,10,,13.6
289,산청,2026-04-09 22:00,14.2,,.6,290,100,984.6,1000.8,,,,10,,13.6
289,산청,2026-04-09 23:00,14,,1.6,290,100,984.3,1000.5,,,,9,,13.7
289,산청,2026-04-10 00:00,13.9,,1,320,100,984.2,1000.4,,,,10,,13.7
289,산청,2026-04-10 01:00,13.9,,.7,140,100,983.7,999.9,,,,7,,13.6
289,산청,2026-04-10 02:00,14,,.6,140,100,983.2,999.4,,,,10,,13.6
289,산청,2026-04-10 03:00,14,.1,.7,110,100,982.8,999,,,,9,,13.7
289,산청,2026-04-10 04:00,14.2,.3,.2,0,100,982.5,998.7,,,,10,,13.7
289,산청,2026-04-10 05:00,14.7,.3,1.3,140,100,982.7,998.8,,,,9,,13.8
289,산청,2026-04-10 06:00,14.9,.1,.9,140,99,982.5,998.6,,,,9,,13.7
289,산청,2026-04-10 07:00,14.7,,3.8,360,91,983.2,999.3,0,,,9,,13.9
289,산청,2026-04-10 08:00,14.6,,4.1,20,84,984,1000.2,0,,,9,,15.1
289,산청,2026-04-10 09:00,15.5,,3.4,340,79,985,1001.1,.1,,,8,,17.8
289,산청,2026-04-10 10:00,15.3,,5.5,360,77,985.8,1002,.8,,,8,,20.8
289,산청,2026-04-10 11:00,14.1,,5.2,20,80,986.7,1002.9,.6,,,6,,20.4
289,산청,2026-04-10 12:00,15.6,,5.1,340,73,987,1003.2,.4,,,6,,22.8
289,산청,2026-04-10 13:00,16.4,,3.8,340,69,987.1,1003.2,1,,,7,,27.2
289,산청,2026-04-10 14:00,16.7,,5.5,340,68,987.1,1003.2,1,,,5,,26.2
289,산청,2026-04-10 15:00,17,,5,340,64,987.1,1003.2,1,,,2,,25
289,산청,2026-04-10 16:00,15.3,,5.5,320,72,987.7,1003.9,1,,,2,,23.2
289,산청,2026-04-10 17:00,14.9,,4.1,320,68,988.4,1004.6,1,,,1,,20.5
289,산청,2026-04-10 18:00,13.2,,3.7,340,73,988.4,1004.7,.9,,,0,,15.8
289,산청,2026-04-10 19:00,12.5,,4.2,340,72,989,1005.4,.3,,,2,,13.1
289,산청,2026-04-10 20:00,12.3,,4.6,320,71,990.5,1006.9,,,,6,,12.6
289,산청,2026-04-10 21:00,12.2,,4.2,320,71,991.2,1007.6,,,,9,,11.8
289,산청,2026-04-10 22:00,12.2,,4.5,290,67,992.2,1008.6,,,,9,,11.4
289,산청,2026-04-10 23:00,11.8,,5.8,270,67,992.2,1008.7,,,,10,,10.9
289,산청,2026-04-11 00:00,11.9,,5,290,66,992.6,1009.1,,,,2,,9.9
289,산청,2026-04-11 01:00,11.6,,3.8,290,66,993.1,1009.6,,,,0,,8.9
289,산청,2026-04-11 02:00,10.8,,2.3,20,70,993.2,1009.8,,,,0,,8.2
289,산청,2026-04-11 03:00,10.2,,2.3,20,72,993.7,1010.3,,,,0,,7.7
289,산청,2026-04-11 04:00,9.3,,1.3,360,77,994.4,1011.1,,,,0,,7.3
289,산청,2026-04-11 05:00,8.9,,.8,50,78,995.1,1011.8,,,,0,,6.8
289,산청,2026-04-11 06:00,6.9,,.3,0,88,996.2,1013.1,,,,0,,6.3
289,산청,2026-04-11 07:00,6.6,,.2,0,91,996.6,1013.5,.1,,,0,,6.8
289,산청,2026-04-11 08:00,10,,.5,250,78,997,1013.7,1,,,0,,9.9
289,산청,2026-04-11 09:00,12.3,,1,270,65,997.1,1013.6,1,,,0,,17.2
289,산청,2026-04-11 10:00,15.3,,.6,140,56,996.9,1013.2,1,,,0,,22.7
289,산청,2026-04-11 11:00,18.4,,2.1,90,50,995.9,1012,1,,,0,,25.9
289,산청,2026-04-11 12:00,21.6,,2.2,90,40,995.9,1011.8,1,,,1,,28.1
289,산청,2026-04-11 13:00,22.2,,4.8,290,37,995.2,1011.1,1,,,0,,28.5
289,산청,2026-04-11 14:00,22.9,,4.9,290,33,995.1,1010.9,1,,,5,,27.6
289,산청,2026-04-11 15:00,22.7,,5.6,270,39,994.8,1010.6,1,,,5,,26.3
289,산청,2026-04-11 16:00,22.3,,5.6,270,38,994.6,1010.5,1,,,7,,23.7
289,산청,2026-04-11 17:00,21.4,,3.6,290,40,994.9,1010.8,.9,,,7,,21
289,산청,2026-04-11 18:00,19.9,,5.1,290,38,995.4,1011.4,.2,,,8,,17
289,산청,2026-04-11 19:00,18.6,,3.3,270,42,995.6,1011.7,0,,,9,,14.5
289,산청,2026-04-11 20:00,18.1,,3.7,290,43,996.7,1012.9,,,,9,,13.3
289,산청,2026-04-11 21:00,16.9,,1.9,340,50,997.6,1013.8,,,,10,,12.7
289,산청,2026-04-11 22:00,15.9,,1.7,360,54,997.9,1014.2,,,,9,,12.1
289,산청,2026-04-11 23:00,14.7,,.9,270,54,998.2,1014.6,,,,10,,11.5
289,산청,2026-04-12 00:00,12.8,,.8,340,66,999,1015.5,,,,9,,10.9
289,산청,2026-04-12 01:00,11.7,,.3,0,68,999.3,1015.9,,,,8,,10.2
289,산청,2026-04-12 02:00,11.3,,.8,250,71,999.1,1015.7,,,,8,,9.6
289,산청,2026-04-12 03:00,10.3,,.4,0,71,999,1015.7,,,,8,,8.8
289,산청,2026-04-12 04:00,9.3,,.1,0,71,999.3,1016.1,,,,7,,7.8
289,산청,2026-04-12 05:00,7.9,,.4,0,83,999.8,1016.6,,,,6,,6.9
289,산청,2026-04-12 06:00,6.9,,.3,0,87,999.9,1016.8,,,,0,,6.1
289,산청,2026-04-12 07:00,7,,.1,0,89,1000.8,1017.7,.1,,,0,,6.7
289,산청,2026-04-12 08:00,9.5,,.5,250,75,1001,1017.8,1,,,7,,10.6
289,산청,2026-04-12 09:00,12.5,,.3,0,58,1001,1017.6,1,,,8,,16.1
289,산청,2026-04-12 10:00,16.1,,.4,0,50,1001,1017.3,.9,,,6,,22.4
289,산청,2026-04-12 11:00,18.6,,.9,50,39,1000.6,1016.8,.8,,,9,,22.9
289,산청,2026-04-12 12:00,19.6,,2.5,70,37,1000,1016.1,.2,,,9,,22.7
289,산청,2026-04-12 13:00,20.7,,1.1,110,36,999,1015,0,,,10,,24.4
289,산청,2026-04-12 14:00,20.6,,1.8,90,37,999,1015,0,,,9,,22.8
289,산청,2026-04-12 15:00,20.6,,3.1,70,39,998.2,1014.2,.1,,,8,,21.8
289,산청,2026-04-12 16:00,21.4,,2.2,90,37,997.8,1013.8,.6,,,8,,22.8
289,산청,2026-04-12 17:00,21.6,,2.3,70,35,997.8,1013.8,.4,,,7,,21
289,산청,2026-04-12 18:00,20.3,,2.5,50,34,998,1014,.2,,,9,,16.8
289,산청,2026-04-12 19:00,18.4,,2.3,50,48,998.3,1014.5,0,,,10,,14.7
289,산청,2026-04-12 20:00,17.1,,1.2,50,53,998.9,1015.2,,,,8,,13.7
289,산청,2026-04-12 21:00,15.7,,1.3,50,56,999.8,1016.2,,,,10,,12.8
289,산청,2026-04-12 22:00,14.7,,.4,0,63,1000.3,1016.7,,,,10,,12.8
289,산청,2026-04-12 23:00,14.3,,.3,0,63,1000.5,1017,,,,10,,12.5
289,산청,2026-04-13 00:00,13.5,,0,0,69,1000.7,1017.2,,,,10,,12.3
289,산청,2026-04-13 01:00,13,,.1,0,74,1000.7,1017.2,,,,10,,12
289,산청,2026-04-13 02:00,12.1,,.1,0,79,1000.4,1017,,,,10,,11.4
289,산청,2026-04-13 03:00,11.4,,.2,0,81,1000.2,1016.8,,,,7,,10.7
289,산청,2026-04-13 04:00,10.6,,.5,340,85,1000,1016.7,,,,7,,10.1
289,산청,2026-04-13 05:00,9.9,,.3,0,88,1000.1,1016.8,,,,8,,9.5
289,산청,2026-04-13 06:00,9.9,,.4,0,88,1000.2,1016.9,0,,,8,,9.6
289,산청,2026-04-13 07:00,10,,.7,290,89,1000.6,1017.3,0,,,9,,10.9
289,산청,2026-04-13 08:00,12.1,,1.4,250,80,1000.8,1017.4,.3,,,0,,13.1
289,산청,2026-04-13 09:00,14.3,,1.1,230,70,1000.9,1017.4,.4,,,9,,16.8
289,산청,2026-04-13 10:00,17.8,,1,270,57,1000.5,1016.7,.8,,,0,,25.2
289,산청,2026-04-13 11:00,22.6,,1,290,38,999.6,1015.5,1,,,0,,29.1
289,산청,2026-04-13 12:00,24.7,,2.5,20,26,999.1,1014.9,1,,,0,,30.1
289,산청,2026-04-13 13:00,24.9,,3.3,70,23,998.2,1014,1,,,0,,29.9
289,산청,2026-04-13 14:00,26,,2,50,24,997.4,1013.1,1,,,0,,30.2
289,산청,2026-04-13 15:00,26.5,,1.9,140,25,997,1012.6,1,,,4,,30.8
289,산청,2026-04-13 16:00,26.8,,1.8,50,22,996.5,1012.1,1,,,0,,29
289,산청,2026-04-13 17:00,25,,3,70,29,996.4,1012.1,.8,,,7,,24.7
289,산청,2026-04-13 18:00,23.1,,2.6,70,35,997.2,1013,0,,,9,,21
289,산청,2026-04-13 19:00,21.6,,2.4,70,38,998,1014,0,,,10,,18.6
289,산청,2026-04-13 20:00,20.2,,3.7,50,42,998.7,1014.8,,,,9,,17.2
289,산청,2026-04-13 21:00,19.7,,2.5,50,41,999.6,1015.7,,,,8,,16.3
289,산청,2026-04-13 22:00,18.2,,1.2,180,49,999.8,1016,,,,8,,15.6
289,산청,2026-04-13 23:00,16.8,,.3,0,55,999.6,1015.9,,,,7,,14.6
289,산청,2026-04-14 00:00,16,,.3,0,60,999.9,1016.2,,,,10,,14.8
289,산청,2026-04-14 01:00,15.5,,.3,0,64,999.1,1015.5,,,,10,,14.7
289,산청,2026-04-14 02:00,15.2,,.1,0,65,998.7,1015.1,,,,10,,14.4
289,산청,2026-04-14 03:00,14.6,,.1,0,71,998.4,1014.8,,,,10,,14.2
289,산청,2026-04-14 04:00,14.4,,.3,0,69,998.3,1014.7,,,,10,,14
289,산청,2026-04-14 05:00,13.8,,.5,360,74,997.9,1014.3,,,,10,,13.7
289,산청,2026-04-14 06:00,13.8,,0,0,73,998,1014.4,0,,,10,,13.6
289,산청,2026-04-14 07:00,13.8,,.2,0,72,998.3,1014.8,0,,,10,,14.1
289,산청,2026-04-14 08:00,14.2,,.1,0,71,998.7,1015.1,0,,,10,,14.8
289,산청,2026-04-14 09:00,14.9,,.1,0,64,998.9,1015.3,0,,,10,,15.9
289,산청,2026-04-14 10:00,17.2,,.5,320,48,998.7,1014.9,.1,,,9,,20.7
289,산청,2026-04-14 11:00,18.9,,.9,360,46,998.2,1014.3,.2,,,10,,23.9
289,산청,2026-04-14 12:00,20,,1.1,50,41,997.5,1013.5,0,,,10,,23.2
289,산청,2026-04-14 13:00,21.1,,1.5,340,36,996.8,1012.8,0,,,10,,24.7
289,산청,2026-04-14 14:00,20,,1.7,90,36,996.3,1012.3,0,,,10,,22.1
289,산청,2026-04-14 15:00,19.9,,2.4,50,39,996.1,1012.1,0,,,9,,21.6
289,산청,2026-04-14 16:00,19.2,,1.4,70,43,995.9,1012,0,,,10,,19.9
289,산청,2026-04-14 17:00,18.7,,.9,110,50,995.7,1011.8,0,,,10,,18.6
289,산청,2026-04-14 18:00,18.3,,.5,180,51,995.7,1011.8,0,,,9,,17.9
289,산청,2026-04-14 19:00,17.7,,1.9,160,52,995.8,1012,0,,,10,,16.3
289,산청,2026-04-14 20:00,16.5,,.1,0,57,996.2,1012.4,0,,,10,,15.5
289,산청,2026-04-14 21:00,15.8,,.3,0,63,996.9,1013.2,,,,10,,15
289,산청,2026-04-14 22:00,15.2,,0,0,65,997,1013.3,,,,7,,14.5
289,산청,2026-04-14 23:00,13.4,,.5,70,74,996.9,1013.4,,,,4,,12.6
289,산청,2026-04-15 00:00,12.2,,.3,0,77,997.1,1013.6,,,,6,,11.7
289,산청,2026-04-15 01:00,11.2,,.7,70,80,997.1,1013.7,,,,6,,10.7
289,산청,2026-04-15 02:00,10.2,,.5,340,84,996.7,1013.4,,,,7,,10.2
289,산청,2026-04-15 03:00,9.7,,.2,0,85,996.6,1013.3,,,,7,,9.8
289,산청,2026-04-15 04:00,9.4,,.3,0,85,996.3,1013,,,,9,,10.5
289,산청,2026-04-15 05:00,8.8,,.9,270,86,996.1,1012.8,,,,7,,9.3
289,산청,2026-04-15 06:00,8.4,,.6,340,87,996.4,1013.2,0,,,8,,9.2
289,산청,2026-04-15 07:00,8.6,,.8,340,85,996.7,1013.5,0,,,8,,10.2
289,산청,2026-04-15 08:00,9.7,,1.1,290,82,996.9,1013.6,0,,,8,,11.9
289,산청,2026-04-15 09:00,13.5,,1.5,270,69,996.9,1013.3,.8,,,0,,18.1
289,산청,2026-04-15 10:00,17.8,,.9,270,53,996.5,1012.7,1,,,0,,24
289,산청,2026-04-15 11:00,20.6,,1.3,20,45,995.7,1011.7,1,,,1,,28.6
289,산청,2026-04-15 12:00,24.2,,2.5,270,33,995.2,1011,1,,,0,,32.3
289,산청,2026-04-15 13:00,25.4,,2.1,20,28,994.5,1010.2,1,,,0,,34.7
289,산청,2026-04-15 14:00,27.1,,3.2,270,31,994.2,1009.8,1,,,0,,35.9
289,산청,2026-04-15 15:00,26.5,,1.8,90,27,993.4,1009,1,,,0,,34
289,산청,2026-04-15 16:00,27.2,,2.2,360,22,993.2,1008.7,1,,,0,,33
289,산청,2026-04-15 17:00,27,,1.7,360,21,993.6,1009.2,1,,,0,,29.6
289,산청,2026-04-15 18:00,24.9,,1.5,70,35,994.1,1009.8,1,,,0,,24
289,산청,2026-04-15 19:00,22.2,,1.3,50,44,995,1010.9,.5,,,0,,20.2
289,산청,2026-04-15 20:00,19.2,,2.1,50,56,996.1,1012.2,0,,,0,,17.9
289,산청,2026-04-15 21:00,17,,3.5,70,60,998,1014.2,,,,0,,16.2
289,산청,2026-04-15 22:00,16.4,,.9,320,62,999.2,1015.5,,,,0,,15
289,산청,2026-04-15 23:00,15,,.5,340,68,1000,1016.4,,,,0,,14
289,산청,2026-04-16 00:00,13.5,,.5,230,75,1000.9,1017.4,,,,0,,12.9
289,산청,2026-04-16 01:00,12.7,,.1,0,80,1001.6,1018.2,,,,0,,11.9
289,산청,2026-04-16 02:00,11.6,,.2,0,85,1001.9,1018.5,,,,0,,11.1
289,산청,2026-04-16 03:00,10.6,,.1,0,87,1002,1018.7,,,,0,,10.3
289,산청,2026-04-16 04:00,9.5,,.2,0,91,1001.9,1018.7,,,,0,,9.4
289,산청,2026-04-16 05:00,8.7,,.5,340,93,1002.3,1019.1,,,,0,,8.6
289,산청,2026-04-16 06:00,8,,.1,0,94,1002.9,1019.8,0,,,0,,8
289,산청,2026-04-16 07:00,8.5,,.1,0,93,1003.8,1020.7,.3,,,0,,9
289,산청,2026-04-16 08:00,11.4,,1.3,20,81,1004.3,1021,1,,,0,,12.1
289,산청,2026-04-16 09:00,15.5,,.3,0,55,1004.5,1020.9,1,,,0,,18.8
289,산청,2026-04-16 10:00,18.2,,.7,340,38,1004.5,1020.8,1,,,0,,24.8
289,산청,2026-04-16 11:00,20.2,,1.8,360,33,1004.4,1020.5,1,,,0,,29.7
289,산청,2026-04-16 12:00,20.1,,3.6,70,31,1003.5,1019.6,1,,,0,,32.9
289,산청,2026-04-16 13:00,21.4,,2.4,50,32,1003,1019,1,,,0,,35.8
289,산청,2026-04-16 14:00,22.5,,2.5,70,34,1002.5,1018.5,1,,,0,,36.7
289,산청,2026-04-16 15:00,23.2,,1.8,20,30,1002.3,1018.2,1,,,0,,36.6
289,산청,2026-04-16 16:00,23.2,,2.5,50,29,1001.3,1017.2,1,,,0,,34.2
289,산청,2026-04-16 17:00,22.5,,2.7,70,29,1000.9,1016.8,1,,,2,,29.8
289,산청,2026-04-16 18:00,21.8,,3,50,32,1001.1,1017.1,1,,,3,,23.6
289,산청,2026-04-16 19:00,19.3,,.7,90,40,1001,1017.1,.5,,,4,,19.4
289,산청,2026-04-16 20:00,17.2,,.4,0,48,1001.6,1017.9,0,,,7,,17
289,산청,2026-04-16 21:00,16.6,,1.1,180,39,1002,1018.3,,,,8,,15.5
289,산청,2026-04-16 22:00,16.1,,1,360,35,1001.6,1018,,,,8,,14.6
289,산청,2026-04-16 23:00,15.5,,1.7,110,35,1001.3,1017.7,,,,9,,13.8
289,산청,2026-04-17 00:00,14.6,,2.3,50,37,1001.5,1018,,,,10,,13.5
289,산청,2026-04-17 01:00,13.5,,.7,140,42,1001.7,1018.2,,,,10,,13.2
289,산청,2026-04-17 02:00,12.7,,.3,0,49,1001.6,1018.2,,,,10,,12.9
289,산청,2026-04-17 03:00,12.3,,.3,0,52,1001.3,1017.9,,,,10,,12.5
289,산청,2026-04-17 04:00,11.6,,.5,320,55,1001.1,1017.7,,,,10,,12.1
289,산청,2026-04-17 05:00,11.4,,1.2,200,53,1000.6,1017.2,,,,10,,11.8
289,산청,2026-04-17 06:00,11.2,,.5,70,55,1000.5,1017.2,0,,,10,,11.8
289,산청,2026-04-17 07:00,10.9,,1,320,66,1000.7,1017.4,0,,,10,,12
289,산청,2026-04-17 08:00,11.7,,.9,140,62,1001,1017.6,0,,,10,,13.4
289,산청,2026-04-17 09:00,12,0,.8,110,61,1002,1018.6,0,,,10,,13.3
289,산청,2026-04-17 10:00,10.6,.3,1.4,320,82,1001.5,1018.2,0,,,10,,14.1
289,산청,2026-04-17 11:00,10.9,0,.5,110,82,1001.6,1018.3,0,,,10,,15.2
289,산청,2026-04-17 12:00,11.3,.2,1.5,290,82,1001.5,1018.2,0,,,10,,16.4
289,산청,2026-04-17 13:00,11.6,0,1.7,320,77,1000.6,1017.2,0,,,10,,16.8
289,산청,2026-04-17 14:00,12.3,,1.9,340,74,999.9,1016.5,0,,,10,,16.7
289,산청,2026-04-17 15:00,12.5,0,1.4,340,77,999.4,1016,0,,,10,,17.1
289,산청,2026-04-17 16:00,11.8,.4,.9,20,85,999.1,1015.7,0,,,10,,15.9
289,산청,2026-04-17 17:00,11.6,.2,1.1,320,89,999.3,1015.9,0,,,10,,15.1
289,산청,2026-04-17 18:00,11,.6,1.2,320,93,999.4,1016,0,,,10,,14.2
289,산청,2026-04-17 19:00,10.9,.9,.5,360,97,999.8,1016.5,0,,,10,,13.4
289,산청,2026-04-17 20:00,10.9,2.2,1.1,270,100,1000,1016.7,0,,,10,,13.1
289,산청,2026-04-17 21:00,10.9,1,.3,0,100,1000.4,1017.1,,,,10,,13.1
289,산청,2026-04-17 22:00,11,1.5,.8,270,100,1000.6,1017.3,,,,10,,12.9
289,산청,2026-04-17 23:00,11,1,1,320,100,1000.4,1017.1,,,,10,,12.8
289,산청,2026-04-18 00:00,11.1,1.5,.7,250,100,1000.6,1017.3,,,,10,,12.8
289,산청,2026-04-18 01:00,11.2,1.6,.5,250,100,1000.6,1017.3,,,,10,,12.8
289,산청,2026-04-18 02:00,11.3,.8,.7,250,100,1000.3,1016.9,,,,10,,12.8
289,산청,2026-04-18 03:00,11.3,2.4,.6,270,100,1000.2,1016.8,,,,10,,12.6
289,산청,2026-04-18 04:00,11.3,.9,.3,0,100,1000,1016.6,,,,10,,12.8
289,산청,2026-04-18 05:00,11.4,.5,.2,0,100,999.7,1016.3,,,,10,,12.8
289,산청,2026-04-18 06:00,11.5,.3,.2,0,100,1000,1016.6,0,,,7,,12.8
289,산청,2026-04-18 07:00,11.8,,.8,290,100,1000.8,1017.4,0,,,8,,13.7
289,산청,2026-04-18 08:00,12.7,,.8,50,98,1001,1017.6,0,,,9,,15.3
289,산청,2026-04-18 09:00,15.4,,1.5,290,91,1000.9,1017.3,.5,,,6,,20.4
289,산청,2026-04-18 10:00,18.2,,.7,20,83,1000.8,1017,.9,,,9,,27.7
289,산청,2026-04-18 11:00,19.8,,2.3,90,77,1000.2,1016.3,1,,,8,,30
289,산청,2026-04-18 12:00,20.5,,2.5,70,71,999.6,1015.6,1,,,7,,30.6
289,산청,2026-04-18 13:00,21.7,,2.7,90,67,999.1,1015.1,1,,,7,,31.9
289,산청,2026-04-18 14:00,22.6,,1.9,110,63,998.5,1014.4,1,,,7,,30.3
289,산청,2026-04-18 15:00,22.4,,2,70,63,998,1013.9,.6,,,8,,27.8
289,산청,2026-04-18 16:00,23.5,,1,70,57,997.7,1013.5,.9,,,8,,28.2
289,산청,2026-04-18 17:00,22.6,,1.5,110,56,997.8,1013.7,.1,,,8,,24
289,산청,2026-04-18 18:00,21.4,,.7,90,61,997.7,1013.7,0,,,8,,21.3
289,산청,2026-04-18 19:00,19.2,,.7,140,69,998,1014.1,0,,,9,,19.1
289,산청,2026-04-18 20:00,17.6,,.7,50,78,998.4,1014.6,0,,,10,,17.7
289,산청,2026-04-18 21:00,16.8,,.1,0,83,999.3,1015.6,,,,10,,16.8
289,산청,2026-04-18 22:00,16,,0,0,87,999.6,1015.9,,,,6,,15.8
289,산청,2026-04-18 23:00,14.7,,.5,200,93,999.3,1015.7,,,,8,,14.9
289,산청,2026-04-19 00:00,14.1,,.3,0,95,999.3,1015.7,,,,8,,14.2
289,산청,2026-04-19 01:00,13.7,,.8,70,97,999.6,1016.1,,,,10,,14.1
289,산청,2026-04-19 02:00,13.3,,.1,0,98,999.2,1015.7,,,,10,,13.9
289,산청,2026-04-19 03:00,12.9,,1,340,99,998.7,1015.2,,,,8,,13.6
289,산청,2026-04-19 04:00,12.8,,.7,290,99,998.7,1015.2,,,,10,,13.4
289,산청,2026-04-19 05:00,12.7,,.3,0,99,998.6,1015.1,,,,10,,13.4
289,산청,2026-04-19 06:00,12.4,,.7,230,99,998.7,1015.2,0,,,10,,13.1
289,산청,2026-04-19 07:00,12.8,,.7,290,97,999,1015.5,0,,,8,,14
289,산청,2026-04-19 08:00,13.9,,.5,270,93,999.1,1015.6,.1,,,8,,16.4
289,산청,2026-04-19 09:00,16.5,,.3,0,79,999.1,1015.4,.7,,,7,,20.9
289,산청,2026-04-19 10:00,19.4,,.2,0,73,998.8,1014.9,.5,,,7,,25.7
289,산청,2026-04-19 11:00,23.5,,2.1,20,56,998.3,1014.1,.9,,,9,,28.9
289,산청,2026-04-19 12:00,22.3,,2.4,50,63,997.9,1013.8,0,,,10,,25.4
289,산청,2026-04-19 13:00,23.7,,2.1,70,60,997.5,1013.3,.1,,,8,,30.9
289,산청,2026-04-19 14:00,24.6,,1.5,340,56,997,1012.8,.7,,,9,,29.9
289,산청,2026-04-19 15:00,25.4,,1.5,360,53,996.2,1011.9,.8,,,8,,32
289,산청,2026-04-19 16:00,24.6,,1.5,20,51,995.6,1011.3,.8,,,8,,28.8
289,산청,2026-04-19 17:00,22.8,,2.1,70,61,995.5,1011.3,.1,,,9,,24.7
289,산청,2026-04-19 18:00,22.2,,1.7,20,63,995.8,1011.7,.5,,,7,,21.9
289,산청,2026-04-19 19:00,21,,2.3,50,67,996.2,1012.2,.3,,,6,,19.3
289,산청,2026-04-19 20:00,19.9,,2.6,50,69,996.7,1012.7,0,,,7,,17.9
289,산청,2026-04-19 21:00,18.9,,2.4,20,74,997.1,1013.2,,,,0,,16.9
289,산청,2026-04-19 22:00,18.4,,.9,70,75,997.7,1013.8,,,,6,,16.9
289,산청,2026-04-19 23:00,17,,.6,70,83,997.5,1013.7,,,,5,,15.7
289,산청,2026-04-20 00:00,15.7,,.2,0,88,997.3,1013.6,,,,0,,15.3
289,산청,2026-04-20 01:00,15.3,,.2,0,90,997.7,1014,,,,1,,15.7
289,산청,2026-04-20 02:00,14.7,,.4,0,93,996.9,1013.3,,,,0,,14.3
289,산청,2026-04-20 03:00,13.7,,1,70,97,995.9,1012.3,,,,0,,13.4
289,산청,2026-04-20 04:00,13.1,,.4,0,99,995.9,1012.4,,,,0,,12.7
289,산청,2026-04-20 05:00,12.7,,0,0,99,996,1012.5,,,,0,,12.2
289,산청,2026-04-20 06:00,12.3,,.6,70,99,996,1012.5,0,,,8,,12.4
289,산청,2026-04-20 07:00,12.9,,.2,0,99,996.2,1012.7,.1,,,4,,13.4
289,산청,2026-04-20 08:00,15.7,,.2,0,88,996.2,1012.5,.6,,,0,,16.4
289,산청,2026-04-20 09:00,18.7,,.2,0,75,995.6,1011.7,1,,,4,,22.8
289,산청,2026-04-20 10:00,20.8,,.6,50,58,995.4,1011.4,1,,,3,,27.6
289,산청,2026-04-20 11:00,22,,.8,110,56,995.1,1011,.7,,,8,,26.5
289,산청,2026-04-20 12:00,20.5,,4.6,270,61,994.8,1010.8,0,,,10,,20.6
289,산청,2026-04-20 13:00,20.1,,2.9,290,62,994.4,1010.4,0,,,10,,19.1
289,산청,2026-04-20 14:00,19.8,,3.9,290,64,994.1,1010.1,0,,,10,,19.9
289,산청,2026-04-20 15:00,18.4,,5.7,270,69,994.5,1010.6,0,,,10,,18.6
289,산청,2026-04-20 16:00,18.6,,6.8,270,67,993.6,1009.7,0,,,10,,19.2
289,산청,2026-04-20 17:00,16.9,,3.6,320,77,994.7,1010.9,.1,,,9,,18.4
289,산청,2026-04-20 18:00,16.2,0,3.2,340,80,994.6,1010.8,0,,,8,,17.7
289,산청,2026-04-20 19:00,13.9,,4.7,340,75,995.6,1012,.1,,,7,,14.4
289,산청,2026-04-20 20:00,13.2,,2.5,290,59,996.9,1013.4,0,,,4,,12.1
289,산청,2026-04-20 21:00,10.7,,3.3,20,60,998.3,1014.9,,,,2,,10
289,산청,2026-04-20 22:00,9.7,,2.9,360,49,999.5,1016.2,,,,0,,8.3
289,산청,2026-04-20 23:00,8.3,,3.6,360,52,1000.9,1017.7,,,,5,,7.1
289,산청,2026-04-21 00:00,7.1,,2.8,20,53,1001.6,1018.5,,,,5,,6.3
289,산청,2026-04-21 01:00,6.4,,1.2,320,55,1002.1,1019.1,,,,6,,5.9
289,산청,2026-04-21 02:00,4.8,,2.1,290,67,1002,1019.1,,,,6,,5.3
289,산청,2026-04-21 03:00,3.4,,1.3,250,76,1002.3,1019.5,,,,6,,4.9
289,산청,2026-04-21 04:00,3.4,,1.6,270,74,1002.9,1020.1,,,,6,,4.4
289,산청,2026-04-21 05:00,3.2,,1.3,250,75,1003.4,1020.6,,,,6,,4.2
289,산청,2026-04-21 06:00,3.4,,2,230,72,1004.1,1021.3,0,,,6,,4
289,산청,2026-04-21 07:00,4.7,,2.6,230,65,1004.2,1021.3,0,,,8,,5.5
289,산청,2026-04-21 08:00,8.3,,2.1,270,50,1004.6,1021.5,.9,,,4,,8.2
289,산청,2026-04-21 09:00,12.6,,2.1,340,35,1003.9,1020.5,1,,,1,,15.7
289,산청,2026-04-21 10:00,15.7,,1.7,320,31,1003.7,1020.1,1,,,0,,21.9
289,산청,2026-04-21 11:00,19.2,,1.5,290,25,1003.1,1019.3,1,,,5,,26.7
289,산청,2026-04-21 12:00,21.1,,2.3,340,22,1002.2,1018.3,1,,,5,,30.1
289,산청,2026-04-21 13:00,22,,2.2,50,18,1001.3,1017.3,1,,,2,,33.4
289,산청,2026-04-21 14:00,22.4,,2.4,90,23,1000.7,1016.6,1,,,0,,34.3
289,산청,2026-04-21 15:00,22.4,,2.6,70,27,999.6,1015.5,1,,,3,,34
289,산청,2026-04-21 16:00,22,,2.9,70,27,999.6,1015.6,1,,,7,,32.4
289,산청,2026-04-21 17:00,20.9,,2.8,50,30,999.4,1015.4,1,,,5,,27.7
289,산청,2026-04-21 18:00,19.2,,3.1,70,33,1000.1,1016.2,1,,,5,,21
289,산청,2026-04-21 19:00,16.9,,1.8,50,40,1000.7,1017,.5,,,2,,16.9
289,산청,2026-04-21 20:00,15,,1.7,90,47,1001.3,1017.7,0,,,3,,14.6
289,산청,2026-04-21 21:00,12.6,,.7,110,56,1001.9,1018.5,,,,6,,13
289,산청,2026-04-21 22:00,11.7,,.2,0,61,1002,1018.6,,,,7,,12.2
289,산청,2026-04-21 23:00,11.2,,.6,200,67,1002.1,1018.8,,,,9,,12.2
289,산청,2026-04-22 00:00,10.8,,0,0,73,1001.5,1018.2,,,,10,,12
289,산청,2026-04-22 01:00,10.8,,.8,70,72,1000.9,1017.6,,,,10,,11.8
289,산청,2026-04-22 02:00,10.5,,.1,0,75,1000.6,1017.3,,,,10,,11.7
289,산청,2026-04-22 03:00,10.4,,.7,360,75,1000,1016.7,,,,10,,11.5
289,산청,2026-04-22 04:00,9.9,,.5,250,80,1000,1016.7,,,,10,,11.3
289,산청,2026-04-22 05:00,10,,.8,290,76,999.7,1016.4,,,,10,,11.1
289,산청,2026-04-22 06:00,9.6,,1,360,79,999.7,1016.4,0,,,10,,10.9
289,산청,2026-04-22 07:00,10,,.1,0,77,1000.5,1017.2,0,,,10,,11.4
289,산청,2026-04-22 08:00,10.3,,.7,270,75,1000.6,1017.3,0,,,10,,12.3
289,산청,2026-04-22 09:00,11,,1.2,50,69,999.9,1016.6,0,,,10,,13.1
289,산청,2026-04-22 10:00,12.2,,2.2,20,59,1000,1016.6,0,,,10,,13.9
289,산청,2026-04-22 11:00,13.7,,2.2,270,55,1000.4,1016.9,0,,,10,,15.8
289,산청,2026-04-22 12:00,16,,2,160,44,999.5,1015.8,0,,,10,,19.2
289,산청,2026-04-22 13:00,17.2,,2.6,200,35,999.1,1015.3,0,,,10,,19.4
289,산청,2026-04-22 14:00,15.7,0,2.5,320,45,999.1,1015.4,0,,,10,,17.8
289,산청,2026-04-22 15:00,13.8,.1,1.2,230,67,998.6,1015.1,0,,,10,,17.1
289,산청,2026-04-22 16:00,13.7,0,.5,230,63,997.9,1014.4,0,,,10,,17
289,산청,2026-04-22 17:00,13,0,1.2,160,79,997.5,1014,0,,,10,,16.4
289,산청,2026-04-22 18:00,12.8,,.7,110,82,996.7,1013.2,0,,,10,,15.5
289,산청,2026-04-22 19:00,12.5,,.8,360,81,996.3,1012.8,0,,,10,,14.2
289,산청,2026-04-22 20:00,11.9,,.6,20,87,996.7,1013.2,0,,,10,,13.6
289,산청,2026-04-22 21:00,11.6,,.4,0,88,996.9,1013.5,,,,10,,13.1
289,산청,2026-04-22 22:00,11.2,,.7,320,87,996.6,1013.2,,,,10,,12.7
289,산청,2026-04-22 23:00,10.7,,.5,230,90,996.4,1013,,,,10,,12.4
289,산청,2026-04-23 00:00,10.4,,.7,270,91,995.9,1012.5,,,,10,,12
289,산청,2026-04-23 01:00,10.1,,.6,290,89,995.2,1011.8,,,,10,,11.3
289,산청,2026-04-23 02:00,9.7,,1.2,270,92,994.6,1011.2,,,,10,,11.3
289,산청,2026-04-23 03:00,9.6,,1.7,270,93,994.1,1010.7,,,,10,,11.3
289,산청,2026-04-23 04:00,9.5,,1,270,90,993.7,1010.3,,,,10,,11.1
289,산청,2026-04-23 05:00,9.3,,.6,270,92,993.4,1010.1,,,,10,,11
289,산청,2026-04-23 06:00,8.9,,1.6,290,94,993.3,1010,0,,,8,,10
289,산청,2026-04-23 07:00,9.4,,.4,0,92,993.6,1010.2,0,,,10,,11.7
289,산청,2026-04-23 08:00,10.2,,.5,270,88,993.7,1010.3,0,,,10,,13.5
289,산청,2026-04-23 09:00,12.2,,.6,320,78,993.8,1010.3,0,,,10,,16.6
289,산청,2026-04-23 10:00,17.5,,1,340,57,993.2,1009.3,.7,,,7,,24.3
289,산청,2026-04-23 11:00,19.5,,1.5,50,36,993,1009,.5,,,9,,25.5
289,산청,2026-04-23 12:00,19.3,,4.2,70,40,993,1009,.5,,,9,,27.3
289,산청,2026-04-23 13:00,20.2,,3.4,70,38,992.9,1008.9,.8,,,7,,30.6
289,산청,2026-04-23 14:00,20.7,,3.8,20,37,992.9,1008.8,.9,,,7,,30.1
289,산청,2026-04-23 15:00,21.3,,1.6,70,37,992.4,1008.3,.7,,,5,,31.7
289,산청,2026-04-23 16:00,20.8,,3.2,70,37,992.3,1008.2,.6,,,6,,27
289,산청,2026-04-23 17:00,20.5,,3.5,70,37,993.2,1009.1,.7,,,3,,24.7
289,산청,2026-04-23 18:00,19.6,,2.5,70,39,994,1010,.2,,,8,,20.8
289,산청,2026-04-23 19:00,18.2,,2,110,44,995,1011.1,0,,,4,,17.2
289,산청,2026-04-23 20:00,16.4,,1.6,160,50,996,1012.2,0,,,7,,15.1
289,산청,2026-04-23 21:00,14.9,,1.2,110,53,997.1,1013.5,,,,8,,13.7
289,산청,2026-04-23 22:00,13.1,,.2,0,58,997.8,1014.3,,,,6,,12.4
289,산청,2026-04-23 23:00,11.3,,.5,340,59,998.2,1014.8,,,,2,,10.9
289,산청,2026-04-24 00:00,9.9,,.2,0,66,998.8,1015.5,,,,4,,9.7
289,산청,2026-04-24 01:00,9.1,,.3,0,68,998.9,1015.7,,,,6,,9.1
289,산청,2026-04-24 02:00,8,,.2,0,75,998.6,1015.4,,,,6,,8.4
289,산청,2026-04-24 03:00,7.1,,.1,0,82,998.5,1015.4,,,,3,,7.3
289,산청,2026-04-24 04:00,5.9,,.2,0,84,998.7,1015.7,,,,4,,6.6
289,산청,2026-04-24 05:00,5.3,,.2,0,90,999.2,1016.2,,,,5,,6.1
289,산청,2026-04-24 06:00,4.7,,.5,340,92,999.7,1016.8,0,,,6,,6.2
289,산청,2026-04-24 07:00,5.6,,.8,270,90,1000.6,1017.6,.6,,,7,,7.7
289,산청,2026-04-24 08:00,8.9,,.3,0,77,1001.2,1018,1,,,0,,10.7
289,산청,2026-04-24 09:00,12.2,,.7,360,62,1001.3,1017.9,1,,,0,,18.1
289,산청,2026-04-24 10:00,15.8,,.4,0,38,1001.3,1017.7,1,,,0,,25.2
289,산청,2026-04-24 11:00,17.9,,1.7,270,27,1000.8,1017,1,,,0,,31.1
289,산청,2026-04-24 12:00,19.8,,1,270,26,1000.4,1016.5,1,,,0,,35.5
289,산청,2026-04-24 13:00,21.1,,2.3,230,21,999.9,1015.9,1,,,0,,38
289,산청,2026-04-24 14:00,22.5,,1.1,20,21,999.5,1015.4,1,,,1,,39.4
289,산청,2026-04-24 15:00,22.7,,2.6,70,21,999.4,1015.3,1,,,3,,37.1
289,산청,2026-04-24 16:00,22.4,,2.3,50,21,999.6,1015.5,1,,,5,,35.8
289,산청,2026-04-24 17:00,22.2,,2,20,23,999.9,1015.8,1,,,6,,31.2
289,산청,2026-04-24 18:00,21.3,,2.4,50,25,1000.1,1016.1,.8,,,4,,24.6
289,산청,2026-04-24 19:00,18.9,,.2,0,31,1000.5,1016.7,.1,,,5,,19.9
289,산청,2026-04-24 20:00,16.1,,.1,0,42,1001.5,1017.9,0,,,0,,16.2
289,산청,2026-04-24 21:00,13.6,,0,0,52,1002.4,1018.9,,,,0,,13.8
289,산청,2026-04-24 22:00,11.5,,.1,0,58,1003,1019.7,,,,0,,12.1
289,산청,2026-04-24 23:00,10.2,,.4,0,67,1003.1,1019.9,,,,0,,10.8
289,산청,2026-04-25 00:00,8.5,,.6,250,73,1003.5,1020.4,,,,0,,9.8
289,산청,2026-04-25 01:00,7.5,,1,340,76,1003.8,1020.7,,,,0,,8.8
289,산청,2026-04-25 02:00,6.8,,.3,0,80,1003.8,1020.8,,,,0,,7.8
289,산청,2026-04-25 03:00,6.1,,.5,360,82,1004.2,1021.2,,,,0,,7.1
289,산청,2026-04-25 04:00,5.1,,.4,0,87,1004.6,1021.7,,,,0,,6.4
289,산청,2026-04-25 05:00,4.5,,.8,360,88,1004.7,1021.9,,,,0,,5.9
289,산청,2026-04-25 06:00,4.1,,.7,340,90,1004.5,1021.7,0,,,0,,5.6
289,산청,2026-04-25 07:00,5.5,,.5,340,86,1004.6,1021.7,.6,,,0,,7
289,산청,2026-04-25 08:00,8.9,,.5,270,69,1005.1,1022,1,,,0,,10.6
289,산청,2026-04-25 09:00,12.9,,1.2,290,55,1005.2,1021.8,1,,,0,,18.7
289,산청,2026-04-25 10:00,16.6,,.3,0,44,1005.2,1021.6,1,,,0,,26.8
289,산청,2026-04-25 11:00,21.5,,.5,270,33,1004.8,1020.9,1,,,0,,33.5
289,산청,2026-04-25 12:00,23.5,,2,70,17,1003.9,1019.8,1,,,0,,37.6
289,산청,2026-04-25 13:00,24.4,,2.2,70,17,1003.1,1019,1,,,0,,40.2
289,산청,2026-04-25 14:00,24.7,,1.9,110,20,1002.3,1018.1,1,,,1,,40.6
289,산청,2026-04-25 15:00,25.4,,2.7,250,22,1001.6,1017.4,1,,,0,,39.6
289,산청,2026-04-25 16:00,25.5,,1.5,340,21,1000.9,1016.7,1,,,3,,36.8
289,산청,2026-04-25 17:00,24.9,,1.3,20,17,1000.7,1016.5,1,,,5,,32.8
289,산청,2026-04-25 18:00,23.6,,.9,50,23,1000.4,1016.3,1,,,3,,25.2
289,산청,2026-04-25 19:00,21,,1.4,140,28,1000.5,1016.5,.5,,,0,,20.3
289,산청,2026-04-25 20:00,17.4,,.1,0,42,1000.9,1017.2,0,,,0,,16.7
289,산청,2026-04-25 21:00,14.8,,.7,270,54,1001.4,1017.8,,,,0,,14.8
289,산청,2026-04-25 22:00,12.8,,.4,0,59,1001.7,1018.3,,,,0,,12.9
289,산청,2026-04-25 23:00,11.5,,.2,0,66,1001.4,1018,,,,0,,11.5
289,산청,2026-04-26 00:00,9.8,,.7,360,75,1001.1,1017.9,,,,0,,10.5
289,산청,2026-04-26 01:00,9.1,,.3,0,75,1000.8,1017.6,,,,0,,9.8
289,산청,2026-04-26 02:00,8.2,,.2,0,80,1000.4,1017.2,,,,0,,9.1
289,산청,2026-04-26 03:00,7.4,,.3,0,83,1000.2,1017.1,,,,0,,8.7
289,산청,2026-04-26 04:00,6.7,,.4,0,85,999.9,1016.8,,,,0,,8.2
289,산청,2026-04-26 05:00,6.2,,.7,320,89,999.6,1016.6,,,,0,,7.9
289,산청,2026-04-26 06:00,5.9,,.2,0,89,999.7,1016.7,0,,,0,,7.5
289,산청,2026-04-26 07:00,6.9,,0,0,85,1000,1016.9,.6,,,0,,8.9
289,산청,2026-04-26 08:00,10.4,,.6,360,71,999.8,1016.5,1,,,0,,12.4
289,산청,2026-04-26 09:00,14.2,,.5,270,53,999.4,1015.8,1,,,0,,20.5
289,산청,2026-04-26 10:00,17.3,,.4,0,40,999,1015.2,1,,,1,,28.4
289,산청,2026-04-26 11:00,21.9,,1,20,40,998.1,1014,1,,,4,,35.9
289,산청,2026-04-26 12:00,23.7,,1.9,290,37,997.1,1012.9,1,,,4,,40.8
289,산청,2026-04-26 13:00,24.5,,1.4,70,39,996.3,1012,.9,,,5,,42.3
289,산청,2026-04-26 14:00,23.4,,1.7,20,44,995.7,1011.5,.5,,,6,,33.8
289,산청,2026-04-26 15:00,24.4,,2.3,20,46,994.9,1010.6,.6,,,7,,39
289,산청,2026-04-26 16:00,23.3,,1.1,70,46,994.1,1009.9,.6,,,5,,32
289,산청,2026-04-26 17:00,24,,1.3,140,47,993.6,1009.3,.8,,,0,,31.8
289,산청,2026-04-26 18:00,23.1,,1.6,90,49,993.3,1009.1,1,,,0,,24.5
289,산청,2026-04-26 19:00,21.2,,1.7,140,57,993.5,1009.4,.5,,,0,,20.9
289,산청,2026-04-26 20:00,18.5,,.8,360,67,994.6,1010.7,0,,,0,,18.5
289,산청,2026-04-26 21:00,16.7,,.3,0,74,995.4,1011.6,,,,0,,16.5
289,산청,2026-04-26 22:00,15.1,,.6,270,79,995.7,1012,,,,4,,15
289,산청,2026-04-26 23:00,14.7,,.1,0,77,995.8,1012.2,,,,6,,14.1
289,산청,2026-04-27 00:00,14,,.8,250,73,995.8,1012.2,,,,6,,13.6
289,산청,2026-04-27 01:00,14.3,,1.6,230,68,996.2,1012.6,,,,7,,13.3
289,산청,2026-04-27 02:00,13.5,,.7,250,71,996.2,1012.6,,,,7,,12.5
289,산청,2026-04-27 03:00,12.4,,1,230,74,996.2,1012.7,,,,0,,11.5
289,산청,2026-04-27 04:00,11.7,,.2,0,75,995.9,1012.4,,,,0,,10.5
289,산청,2026-04-27 05:00,10.1,,.7,360,84,995.8,1012.4,,,,0,,9.7
289,산청,2026-04-27 06:00,9.3,,.2,0,88,996.1,1012.8,0,,,0,,9.2
289,산청,2026-04-27 07:00,10.2,,.6,340,84,996.7,1013.4,.7,,,0,,10.8
289,산청,2026-04-27 08:00,13.6,,.3,0,71,997,1013.4,1,,,0,,14.3
289,산청,2026-04-27 09:00,16.7,,.4,0,52,997,1013.2,1,,,0,,22.8
289,산청,2026-04-27 10:00,19.6,,.4,0,40,996.6,1012.7,1,,,0,,30.2
289,산청,2026-04-27 11:00,22.6,,.5,290,38,996.5,1012.4,.8,,,7,,32.2
289,산청,2026-04-27 12:00,23.3,,2.4,50,38,996.1,1011.9,.6,,,7,,32.6
289,산청,2026-04-27 13:00,23.9,,2.2,70,40,995.4,1011.2,.3,,,5,,37.4
289,산청,2026-04-27 14:00,25.5,,2.1,50,37,994.7,1010.4,1,,,7,,39.9
289,산청,2026-04-27 15:00,24.5,,2.7,70,37,994.1,1009.8,.1,,,7,,31.4
289,산청,2026-04-27 16:00,24.5,,1.8,360,39,993.9,1009.6,.4,,,7,,30.8
289,산청,2026-04-27 17:00,23.1,,2.2,50,43,993.9,1009.7,.2,,,10,,26.6
289,산청,2026-04-27 18:00,21.8,,2.3,70,47,994,1009.9,0,,,9,,23.5
289,산청,2026-04-27 19:00,20.7,,2.6,50,48,994.5,1010.5,0,,,9,,20.7
289,산청,2026-04-27 20:00,19.5,,1.7,20,53,995.1,1011.1,0,,,8,,19
289,산청,2026-04-27 21:00,17.8,,.9,360,60,995.5,1011.7,,,,7,,16.9
289,산청,2026-04-27 22:00,15.6,,.7,360,71,996.2,1012.5,,,,8,,15.5
289,산청,2026-04-27 23:00,14.3,,.3,0,76,996.3,1012.7,,,,4,,14
289,산청,2026-04-28 00:00,13.4,,.1,0,81,996.1,1012.5,,,,8,,13.4
289,산청,2026-04-28 01:00,12.8,,.3,0,79,995.8,1012.3,,,,7,,12.9
289,산청,2026-04-28 02:00,12.2,,0,0,80,995.2,1011.7,,,,8,,12.4
289,산청,2026-04-28 03:00,11.3,,.5,50,82,995,1011.6,,,,9,,12
289,산청,2026-04-28 04:00,11.1,,.5,250,83,994.8,1011.4,,,,9,,11.9
289,산청,2026-04-28 05:00,11.1,,.3,0,84,994.9,1011.5,,,,9,,11.8
289,산청,2026-04-28 06:00,12.7,,1.1,20,73,995.2,1011.7,0,,,9,,11.9
289,산청,2026-04-28 07:00,14.3,,2.4,340,63,995.9,1012.3,0,,,9,,13.4
289,산청,2026-04-28 08:00,15.1,,2.7,20,66,996.5,1012.8,.1,,,8,,16.3
289,산청,2026-04-28 09:00,16.8,,3.2,290,48,996.7,1012.9,.9,,,8,,21.4
289,산청,2026-04-28 10:00,18.4,,3.4,340,43,997.2,1013.3,1,,,9,,27.9
289,산청,2026-04-28 11:00,18.1,,4,340,44,997.3,1013.5,1,,,9,,31.6
289,산청,2026-04-28 12:00,19.6,,3.9,320,39,997.1,1013.2,1,,,8,,37.4
289,산청,2026-04-28 13:00,18.6,,4.9,250,37,996.8,1012.9,.2,,,9,,29.9
289,산청,2026-04-28 14:00,20,,4.8,270,33,996.9,1012.9,.4,,,7,,35.2
289,산청,2026-04-28 15:00,18.9,,5.7,270,35,996.6,1012.7,.3,,,9,,29.8
289,산청,2026-04-28 16:00,18.7,,5.1,270,35,996.4,1012.5,.1,,,9,,27.4
289,산청,2026-04-28 17:00,17.3,,5.4,270,37,997.1,1013.3,0,,,10,,22.9
289,산청,2026-04-28 18:00,16.5,,4.8,270,39,998,1014.3,.1,,,10,,20.1
289,산청,2026-04-28 19:00,15.2,,3.7,270,43,999.2,1015.6,.3,,,10,,17.4
289,산청,2026-04-28 20:00,14.3,,2.9,290,45,1000.4,1016.9,0,,,10,,15.9
289,산청,2026-04-28 21:00,13.7,,3.2,290,45,1001.3,1017.8,,,,10,,15
289,산청,2026-04-28 22:00,13.1,,3.1,290,44,1001.7,1018.3,,,,10,,14.2
289,산청,2026-04-28 23:00,12.5,,2.7,320,45,1001.8,1018.4,,,,10,,13.5
289,산청,2026-04-29 00:00,12,,2,340,44,1001.7,1018.3,,,,10,,12.9
289,산청,2026-04-29 01:00,11.6,,1.7,360,46,1001.8,1018.4,,,,10,,12.5
289,산청,2026-04-29 02:00,11.2,,2.4,340,50,1001.8,1018.5,,,,10,,12.2
289,산청,2026-04-29 03:00,11.1,,1.7,340,53,1001.4,1018.1,,,,10,,12
289,산청,2026-04-29 04:00,10.4,,1.5,320,58,1001.7,1018.4,,,,9,,11.2
289,산청,2026-04-29 05:00,9.2,,.7,230,66,1001.8,1018.6,,,,8,,10.2
289,산청,2026-04-29 06:00,9.1,,1.3,230,68,1002.4,1019.2,0,,,10,,10.7
289,산청,2026-04-29 07:00,10.5,,1.1,250,66,1003,1019.7,.3,,,8,,12.8
289,산청,2026-04-29 08:00,12.9,,1.5,290,62,1003.4,1020,.9,,,7,,16.1
289,산청,2026-04-29 09:00,14.5,,1.1,20,56,1003.6,1020.1,1,,,8,,22
289,산청,2026-04-29 10:00,16.1,,2.4,360,47,1003.4,1019.8,1,,,6,,30.7
289,산청,2026-04-29 11:00,17.6,,1.8,360,45,1003.2,1019.5,1,,,8,,37.3
289,산청,2026-04-29 12:00,18.1,,2.3,290,42,1002.5,1018.7,.6,,,9,,35.3
289,산청,2026-04-29 13:00,17.7,,1.1,340,41,1002.2,1018.5,0,,,10,,30.1
289,산청,2026-04-29 14:00,17.6,,1.4,50,41,1001.8,1018.1,0,,,9,,27.9
289,산청,2026-04-29 15:00,18.3,,1.3,340,40,1001.2,1017.4,0,,,10,,28.8
289,산청,2026-04-29 16:00,17.8,,1.1,340,41,1000.8,1017,0,,,10,,26.7
289,산청,2026-04-29 17:00,17.4,,1.8,70,45,1000.8,1017.1,0,,,9,,23.8
289,산청,2026-04-29 18:00,16.9,,1.4,50,47,1001,1017.3,0,,,9,,20.9
289,산청,2026-04-29 19:00,15.8,,.8,20,52,1001.4,1017.8,0,,,10,,18.2
289,산청,2026-04-29 20:00,14.9,,2.7,50,55,1001.7,1018.1,0,,,10,,16.5
289,산청,2026-04-29 21:00,14.3,,3.8,50,56,1002.7,1019.2,,,,10,,15.6
289,산청,2026-04-29 22:00,13.8,,2.5,50,61,1002.9,1019.4,,,,10,,15
289,산청,2026-04-29 23:00,13.3,,.9,70,64,1002.8,1019.4,,,,10,,14.6
289,산청,2026-04-30 00:00,12.8,,.5,70,68,1002.7,1019.3,,,,10,,14.2
