지점,지점명,일시,기온(°C),강수량(mm),풍속(m/s),풍향(16방위),습도(%),현지기압(hPa),일조(hr),적설(cm),전운량(10분위),지면상태(지면상태코드),지면온도(°C)
238,금산,2022-03-01 01:00,2.3,,.5,360,57,995.5,,,7,,.7
238,금산,2022-03-01 02:00,3,,.5,230,54,995.1,,,10,,1.6
238,금산,2022-03-01 03:00,3.8,,.6,320,53,993.9,,,10,,2.3
238,금산,2022-03-01 04:00,3.6,,.8,290,65,993.3,,,10,,2.5
238,금산,2022-03-01 05:00,2.7,,.7,320,81,992.9,,,10,,2.6
238,금산,2022-03-01 06:00,2.7,1.1,.7,290,92,993,,,10,,2.9
238,금산,2022-03-01 07:00,3.4,,.2,0,94,992.6,,,10,,3.2
238,금산,2022-03-01 08:00,3.5,,.2,0,97,993,0,,9,,3.5
238,금산,2022-03-01 09:00,4.3,1.2,0,0,98,993.7,0,,10,,4.3
238,금산,2022-03-01 10:00,5.5,,.7,180,98,993.5,0,,10,,8
238,금산,2022-03-01 11:00,7.7,,1,160,93,993.3,0,,8,,11.3
238,금산,2022-03-01 12:00,10.9,.1,1.4,230,77,992.4,.4,,8,,19.7
238,금산,2022-03-01 13:00,12.2,,2.2,270,67,991.9,.5,,9,,19.3
238,금산,2022-03-01 14:00,11.9,,3.1,270,64,991.6,.8,,9,,19.6
238,금산,2022-03-01 15:00,11.4,,2.7,250,65,991.7,.8,,9,,17.6
238,금산,2022-03-01 16:00,10.7,,1.7,270,65,992,.1,,9,,12.2
238,금산,2022-03-01 17:00,9.4,,3.1,250,71,992.8,0,,10,,9.8
238,금산,2022-03-01 18:00,7.8,,2.5,270,74,993.3,0,,0,,6.3
238,금산,2022-03-01 19:00,5.6,,2.1,290,82,994.2,0,,10,,3.8
238,금산,2022-03-01 20:00,5.2,,1.2,290,78,995.3,,,10,,2.9
238,금산,2022-03-01 21:00,4,,1.3,270,77,996,,,6,,1.4
238,금산,2022-03-01 22:00,3.2,,1.7,290,77,996.7,,,0,,.2
238,금산,2022-03-01 23:00,2.6,,2.3,270,75,997.2,,,4,,.2
238,금산,2022-03-02 00:00,1.6,,1,270,76,997.2,,,6,,-.3
238,금산,2022-03-02 01:00,.2,,1.1,340,80,997.1,,,6,,-.9
238,금산,2022-03-02 02:00,-.5,,1.1,250,78,997.5,,,5,,-1.5
238,금산,2022-03-02 03:00,-1.1,,.4,0,81,997.5,,,6,,-2.3
238,금산,2022-03-02 04:00,-2.1,,.6,320,85,997.3,,,5,,-2.9
238,금산,2022-03-02 05:00,-3.1,,.2,0,89,997.4,,,6,,-3.7
238,금산,2022-03-02 06:00,-3.4,,.1,0,91,997.6,,,5,,-4.3
238,금산,2022-03-02 07:00,-4.6,,.4,0,92,997.6,,,0,,-4.6
238,금산,2022-03-02 08:00,-3.3,,.3,0,91,998.3,.8,,0,,-3.2
238,금산,2022-03-02 09:00,-.5,,.5,160,74,998.6,1,,0,,-1
238,금산,2022-03-02 10:00,2.7,,.8,340,56,998.6,1,,0,,5.8
238,금산,2022-03-02 11:00,5.5,,3.1,360,34,998.1,1,,1,,13.9
238,금산,2022-03-02 12:00,6.7,,2.9,360,30,997.4,1,,1,,20.4
238,금산,2022-03-02 13:00,8.4,,1.9,290,29,996.7,1,,0,,25
238,금산,2022-03-02 14:00,7.9,,3.1,340,30,996.1,1,,0,,24.9
238,금산,2022-03-02 15:00,8.5,,2.8,250,31,995.6,1,,0,,25.2
238,금산,2022-03-02 16:00,8.8,,2.3,320,33,995.4,1,,0,,20.5
238,금산,2022-03-02 17:00,8.3,,2.9,270,36,995.2,1,,0,,15.1
238,금산,2022-03-02 18:00,6.2,,2.9,270,43,995.6,1,,0,,6.1
238,금산,2022-03-02 19:00,4.5,,3.2,270,53,996.5,0,,0,,2.8
238,금산,2022-03-02 20:00,3.4,,1.7,270,60,997.2,,,0,,.9
238,금산,2022-03-02 21:00,2.6,,.9,250,66,997.3,,,0,,-.4
238,금산,2022-03-02 22:00,1.1,,.6,230,74,997.9,,,0,,-.9
238,금산,2022-03-02 23:00,1.6,,.4,0,74,997.6,,,0,,-1.4
238,금산,2022-03-03 00:00,.4,,.6,110,78,997.3,,,0,,-1.8
238,금산,2022-03-03 01:00,.3,,.9,70,79,997.3,,,0,,-1.8
238,금산,2022-03-03 02:00,.6,,1.2,110,79,997.3,,,0,,-1.8
238,금산,2022-03-03 03:00,.3,,1,140,80,997.2,,,0,,-2.2
238,금산,2022-03-03 04:00,-1.1,,1.1,110,84,996.8,,,0,,-2.4
238,금산,2022-03-03 05:00,-1.6,,.5,140,87,996.7,,,0,,-3.1
238,금산,2022-03-03 06:00,-3.2,,.4,0,90,997.3,,,0,,-3.4
238,금산,2022-03-03 07:00,-3.1,,.3,0,91,997.6,0,,0,,-3.8
238,금산,2022-03-03 08:00,-1.7,,0,0,89,998.2,.5,,0,,-2.1
238,금산,2022-03-03 09:00,1.2,,.3,0,79,999,1,,0,,0
238,금산,2022-03-03 10:00,6.2,,.6,20,64,998.6,1,,0,,8.6
238,금산,2022-03-03 11:00,9.4,,1.1,70,51,998.4,1,,0,,19.8
238,금산,2022-03-03 12:00,11.3,,1.4,50,35,997.6,1,,0,,26.5
238,금산,2022-03-03 13:00,12.4,,2.2,270,21,997.2,1,,0,,30.2
238,금산,2022-03-03 14:00,12.7,,3.3,270,18,996.4,1,,0,,30.9
238,금산,2022-03-03 15:00,12.6,,2.9,230,25,995.9,1,,0,,28.3
238,금산,2022-03-03 16:00,12.3,,3.3,230,26,995.7,1,,0,,23.5
238,금산,2022-03-03 17:00,12,,2.7,270,24,995.7,1,,0,,17.2
238,금산,2022-03-03 18:00,10.4,,2,270,24,995.7,1,,0,,8.1
238,금산,2022-03-03 19:00,6.9,,.6,250,36,996.1,0,,0,,3.4
238,금산,2022-03-03 20:00,5.2,,.2,0,43,996.8,,,0,,1
238,금산,2022-03-03 21:00,3.3,,.2,0,51,997,,,0,,-.7
238,금산,2022-03-03 22:00,1.4,,.3,0,58,997.4,,,0,,-1.3
238,금산,2022-03-03 23:00,.1,,.6,250,62,997.4,,,0,,-1.8
238,금산,2022-03-04 00:00,-1,,.2,0,67,997,,,0,,-2.4
238,금산,2022-03-04 01:00,-1.8,,.3,0,70,997,,,5,,-2.8
238,금산,2022-03-04 02:00,-2.5,,.3,0,73,997.2,,,5,,-3
238,금산,2022-03-04 03:00,-2.5,,.4,0,73,996.7,,,8,,-3
238,금산,2022-03-04 04:00,-3.2,,.3,0,78,996.3,,,5,,-3.6
238,금산,2022-03-04 05:00,-3.5,,0,0,79,996.7,,,9,,-3.4
238,금산,2022-03-04 06:00,-3.4,,.2,0,79,996.7,,,5,,-3.2
238,금산,2022-03-04 07:00,-3.2,,.3,0,80,996.6,0,,10,,-2.6
238,금산,2022-03-04 08:00,-2,,.4,0,77,996.5,0,,10,,-.7
238,금산,2022-03-04 09:00,.4,,.2,0,68,996.1,0,,10,,1.7
238,금산,2022-03-04 10:00,4.2,,.5,340,61,995.1,0,,9,,5.7
238,금산,2022-03-04 11:00,10.6,,1,180,53,993.5,.9,,6,,18
238,금산,2022-03-04 12:00,14.2,,2.6,250,31,992.1,1,,7,,27
238,금산,2022-03-04 13:00,15.4,,3,230,29,990.9,1,,0,,29.2
238,금산,2022-03-04 14:00,15.7,,3.8,200,29,989.8,1,,2,,29.1
238,금산,2022-03-04 15:00,16,,4,230,28,989,1,,4,,26.9
238,금산,2022-03-04 16:00,16.1,,4,230,29,988.2,1,,6,,21.5
238,금산,2022-03-04 17:00,15.4,,2.1,250,34,987.4,.7,,3,,15.4
238,금산,2022-03-04 18:00,14.6,,3.1,250,35,987.7,0,,7,,11.5
238,금산,2022-03-04 19:00,12.7,,1.9,250,40,988.3,0,,10,,9
238,금산,2022-03-04 20:00,12.9,,4.8,250,40,988.4,,,1,,8.1
238,금산,2022-03-04 21:00,11.9,,4.6,270,48,989.9,,,7,,8.4
238,금산,2022-03-04 22:00,10.2,,3.6,250,62,990.3,,,10,,7.8
238,금산,2022-03-04 23:00,9.6,,4,250,69,990.1,,,6,,6.6
238,금산,2022-03-05 00:00,9.1,,3.5,250,67,989.7,,,7,,5.4
238,금산,2022-03-05 01:00,8.3,,2.8,270,68,990.3,,,7,,4.5
238,금산,2022-03-05 02:00,7.3,,2,250,66,990.4,,,,,3.1
238,금산,2022-03-05 03:00,6.1,,3,270,69,990.8,,,0,,2.6
238,금산,2022-03-05 04:00,5.2,,3,290,70,991,,,0,,1.7
238,금산,2022-03-05 05:00,4.4,,3,290,64,991.6,,,0,,.9
238,금산,2022-03-05 06:00,3.3,,3.3,290,57,992.7,,,0,,.2
238,금산,2022-03-05 07:00,2.4,,3.1,290,50,993.1,0,,0,,-.7
238,금산,2022-03-05 08:00,3.3,,2.4,270,39,993.9,.6,,0,,-.1
238,금산,2022-03-05 09:00,3.4,,3.4,320,32,995.3,1,,0,,2.4
238,금산,2022-03-05 10:00,3.7,,3.8,290,24,995.7,1,,0,,13.1
238,금산,2022-03-05 11:00,4.5,,3.4,290,25,995.4,1,,0,,21.2
238,금산,2022-03-05 12:00,5.5,,4.6,290,24,994.9,1,,0,,25.8
238,금산,2022-03-05 13:00,6.6,,4.7,320,25,994.5,1,,0,,27
238,금산,2022-03-05 14:00,6.7,,4.2,290,23,994,1,,0,,28.4
238,금산,2022-03-05 15:00,6.8,,4.6,290,25,994.4,1,,0,,25.5
238,금산,2022-03-05 16:00,5.7,,6.5,290,22,994.8,1,,0,,18.1
238,금산,2022-03-05 17:00,5,,5,290,23,995.3,1,,0,,13.1
238,금산,2022-03-05 18:00,3.7,,4.3,290,25,995.5,1,,0,,4.1
238,금산,2022-03-05 19:00,2.5,,4,290,28,996.8,.1,,0,,1.2
238,금산,2022-03-05 20:00,1.4,,2.9,290,36,997,,,0,,-.4
238,금산,2022-03-05 21:00,.6,,2.4,290,43,997.7,,,0,,-1.5
238,금산,2022-03-05 22:00,.1,,2,290,47,998.4,,,0,,-2.3
238,금산,2022-03-05 23:00,-.5,,1.3,270,51,998.6,,,0,,-2.8
238,금산,2022-03-06 00:00,-.6,,2.2,290,53,998.7,,,0,,-2.8
238,금산,2022-03-06 01:00,-1.7,,1.1,290,59,998.9,,,0,,-3.8
238,금산,2022-03-06 02:00,-2,,.6,290,58,999.1,,,0,,-4.4
238,금산,2022-03-06 03:00,-2.7,,.4,0,62,999,,,0,,-5
238,금산,2022-03-06 04:00,-2.5,,.2,0,59,999.3,,,0,,-5.4
238,금산,2022-03-06 05:00,-3.8,,.4,0,68,999.8,,,0,,-5.4
238,금산,2022-03-06 06:00,-4.4,,.2,0,73,1000.6,,,0,,-6
238,금산,2022-03-06 07:00,-4.7,,.1,0,72,1000.9,0,,0,,-6.2
238,금산,2022-03-06 08:00,-2.9,,.2,0,65,1001.5,.8,,0,,-4.2
238,금산,2022-03-06 09:00,1.3,,1.8,340,38,1002,1,,0,,-.8
238,금산,2022-03-06 10:00,2.5,,2.2,320,29,1001.9,1,,0,,12.1
238,금산,2022-03-06 11:00,4.2,,2.5,320,24,1001.5,1,,0,,21.2
238,금산,2022-03-06 12:00,5,,2.9,320,22,1001.2,1,,0,,27.2
238,금산,2022-03-06 13:00,6.3,,3.3,290,19,1000.5,1,,0,,30.4
238,금산,2022-03-06 14:00,7.7,,2.8,290,15,999.3,1,,0,,30.9
238,금산,2022-03-06 15:00,7.6,,3.2,320,16,998.4,1,,0,,28.3
238,금산,2022-03-06 16:00,8.2,,2.3,290,16,998.1,1,,0,,24
238,금산,2022-03-06 17:00,7.7,,3,320,16,998,1,,0,,16.2
238,금산,2022-03-06 18:00,5.9,,2.4,270,28,998.6,1,,0,,5.9
238,금산,2022-03-06 19:00,3.6,,2,270,40,999.6,0,,4,,2
238,금산,2022-03-06 20:00,2.3,,1.7,290,44,1000.1,,,2,,.1
238,금산,2022-03-06 21:00,1.6,,.6,270,45,1000.8,,,5,,-1.5
238,금산,2022-03-06 22:00,0,,.3,0,51,1001,,,8,,-2.9
238,금산,2022-03-06 23:00,-1.8,,1.1,270,60,1001.2,,,5,,-3.4
238,금산,2022-03-07 00:00,-2.4,,.1,0,61,1001,,,8,,-3.7
238,금산,2022-03-07 01:00,-3.7,,.4,0,68,1000.6,,,7,,-4.6
238,금산,2022-03-07 02:00,-3.8,,.3,0,68,1000.7,,,9,,-4.3
238,금산,2022-03-07 03:00,-4.2,,0,0,69,1000.5,,,9,,-4.3
238,금산,2022-03-07 04:00,-4.6,,.7,320,72,1000.3,,,9,,-4.1
238,금산,2022-03-07 05:00,-4.7,,.5,320,73,1000.1,,,9,,-4.1
238,금산,2022-03-07 06:00,-4.7,,.1,0,74,1000.2,,,9,,-4.6
238,금산,2022-03-07 07:00,-5.3,,.4,0,77,1000.5,0,,8,,-4.7
238,금산,2022-03-07 08:00,-4.6,,.7,290,73,1001.1,.1,,8,,-2.7
238,금산,2022-03-07 09:00,-1.7,,.6,140,63,1001.4,1,,0,,.2
238,금산,2022-03-07 10:00,1.7,,.6,70,50,1000.8,1,,6,,10.2
238,금산,2022-03-07 11:00,3.7,,1,140,30,1000,1,,7,,19
238,금산,2022-03-07 12:00,6.8,,1.3,20,27,999.4,1,,7,,29
238,금산,2022-03-07 13:00,9.6,,1.1,340,17,998.6,1,,8,,29.4
238,금산,2022-03-07 14:00,10.9,,1.3,20,15,997.5,1,,4,,32.2
238,금산,2022-03-07 15:00,11.1,,2.1,360,15,997,1,,1,,27.5
238,금산,2022-03-07 16:00,10.9,,2,360,16,996.7,1,,0,,21.8
238,금산,2022-03-07 17:00,10.2,,2.4,290,16,996.8,1,,0,,14.8
238,금산,2022-03-07 18:00,8.8,,1.8,290,19,997.4,.7,,3,,7.5
238,금산,2022-03-07 19:00,7,,.9,270,24,998.1,0,,5,,3.3
238,금산,2022-03-07 20:00,6.4,,1.3,320,33,998.3,,,6,,2.9
238,금산,2022-03-07 21:00,4.7,,1,250,39,998.3,,,7,,1.8
238,금산,2022-03-07 22:00,2.3,,.2,0,48,998.5,,,0,,-1.2
238,금산,2022-03-07 23:00,.4,,.5,270,56,998.6,,,0,,-2.4
238,금산,2022-03-08 00:00,-.3,,.4,0,58,998.5,,,0,,-3.2
238,금산,2022-03-08 01:00,-1,,.1,0,62,998.6,,,0,,-3.7
238,금산,2022-03-08 02:00,-2.5,,.1,0,67,998.8,,,0,,-4
238,금산,2022-03-08 03:00,-2.7,,0,0,70,998.6,,,0,,-4.4
238,금산,2022-03-08 04:00,-3.4,,.9,290,72,998.4,,,0,,-4.6
238,금산,2022-03-08 05:00,-4,,.4,0,74,998.5,,,0,,-5
238,금산,2022-03-08 06:00,-4.5,,.2,0,75,998.7,,,0,,-5.2
238,금산,2022-03-08 07:00,-5,,.4,0,80,998.9,0,,0,,-5.3
238,금산,2022-03-08 08:00,-2.9,,.4,0,73,999.1,.7,,0,,-3
238,금산,2022-03-08 09:00,.1,,.7,140,59,999.3,1,,0,,.1
238,금산,2022-03-08 10:00,4,,.6,50,45,999.4,1,,0,,13
238,금산,2022-03-08 11:00,7.7,,.7,20,37,999,1,,7,,22
238,금산,2022-03-08 12:00,9.5,,1.2,110,31,998.4,1,,7,,27.1
238,금산,2022-03-08 13:00,10.8,,1.1,270,30,997.7,1,,7,,32.4
238,금산,2022-03-08 14:00,12.6,,1.8,230,27,996.6,1,,3,,34
238,금산,2022-03-08 15:00,13.6,,2.5,340,28,996.4,1,,0,,31
238,금산,2022-03-08 16:00,13.3,,2.1,320,29,996.1,1,,1,,25.3
238,금산,2022-03-08 17:00,12.4,,2.1,290,32,996.3,1,,0,,18.3
238,금산,2022-03-08 18:00,10.8,,1,320,38,996.6,.8,,5,,9.7
238,금산,2022-03-08 19:00,9.4,,1,250,42,997,0,,3,,4.7
238,금산,2022-03-08 20:00,6.6,,.1,0,52,997.4,,,6,,2.3
238,금산,2022-03-08 21:00,5.9,,.5,340,57,997.9,,,0,,1.3
238,금산,2022-03-08 22:00,4.4,,0,0,61,998.2,,,0,,-.3
238,금산,2022-03-08 23:00,2.8,,.1,0,70,998.4,,,0,,-1.5
238,금산,2022-03-09 00:00,1.2,,.2,0,74,998.2,,,0,,-2.4
238,금산,2022-03-09 01:00,0,,.2,0,79,998.6,,,0,,-3.1
238,금산,2022-03-09 02:00,-.8,,.4,0,82,999.2,,,0,,-3.4
238,금산,2022-03-09 03:00,-1.6,,.4,0,85,999.3,,,0,,-3.7
238,금산,2022-03-09 04:00,-2.2,,.6,290,87,999.3,,,0,,-3.9
238,금산,2022-03-09 05:00,-2.6,,.4,0,88,999.4,,,0,,-4
238,금산,2022-03-09 06:00,-3,,.5,230,89,1000.2,,,0,,-4.3
238,금산,2022-03-09 07:00,-3.2,,.4,0,90,1000.8,0,,0,,-4.3
238,금산,2022-03-09 08:00,-1.7,,.3,0,84,1001.7,.6,,0,,-2
238,금산,2022-03-09 09:00,1.6,,.5,290,76,1002.4,1,,2,,1.1
238,금산,2022-03-09 10:00,5.1,,1.1,110,58,1002.1,1,,0,,15.4
238,금산,2022-03-09 11:00,9.1,,.8,20,43,1001.9,1,,0,,26.6
238,금산,2022-03-09 12:00,12,,1.1,70,30,1001.8,1,,0,,33.7
238,금산,2022-03-09 13:00,14.2,,1.5,70,24,1000.8,1,,0,,37.4
238,금산,2022-03-09 14:00,15.5,,1.7,340,18,1000.1,1,,0,,36.3
238,금산,2022-03-09 15:00,16.1,,2.6,360,18,999.4,1,,0,,33.3
238,금산,2022-03-09 16:00,16,,2.2,340,19,999.3,1,,0,,27.9
238,금산,2022-03-09 17:00,15.5,,1.6,320,19,999.4,1,,0,,20.9
238,금산,2022-03-09 18:00,13.9,,1.1,320,21,999.6,1,,0,,10.8
238,금산,2022-03-09 19:00,9.3,,.7,270,34,1000.1,0,,0,,4.7
238,금산,2022-03-09 20:00,7.4,,.4,0,37,1000.3,,,0,,2.3
238,금산,2022-03-09 21:00,5.6,,.1,0,46,1000.8,,,0,,.7
238,금산,2022-03-09 22:00,3.5,,.4,0,56,1001.1,,,0,,-.5
238,금산,2022-03-09 23:00,2.6,,.5,200,63,1001.2,,,0,,-1.5
238,금산,2022-03-10 00:00,1.1,,0,0,66,1001.1,,,0,,-2.3
238,금산,2022-03-10 01:00,.4,,.1,0,70,1001.5,,,9,,-2.9
238,금산,2022-03-10 02:00,-.7,,.2,0,73,1001.6,,,0,,-3.9
238,금산,2022-03-10 03:00,-1.9,,.3,0,78,1001.1,,,0,,-4
238,금산,2022-03-10 04:00,-2.2,,.5,270,79,1001,,,0,,-4.5
238,금산,2022-03-10 05:00,-2.6,,.4,0,79,1001.4,,,2,,-4
238,금산,2022-03-10 06:00,-2.4,,.7,320,80,1001.3,,,9,,-3.9
238,금산,2022-03-10 07:00,-2.2,,.4,0,80,1001.5,0,,10,,-2.6
238,금산,2022-03-10 08:00,-.2,,.7,50,74,1001.7,.3,,0,,-1.4
238,금산,2022-03-10 09:00,3.4,,.5,110,61,1002.1,1,,0,,2.1
238,금산,2022-03-10 10:00,6.9,,.9,160,46,1001.7,1,,5,,16.7
238,금산,2022-03-10 11:00,11.3,,.8,290,35,1001.5,1,,7,,25.8
238,금산,2022-03-10 12:00,15,,1.2,160,22,1000.7,1,,7,,36.2
238,금산,2022-03-10 13:00,17.4,,2.3,250,14,999.5,1,,7,,34.1
238,금산,2022-03-10 14:00,17.4,,2.7,250,14,999,1,,7,,32.8
238,금산,2022-03-10 15:00,16.6,,2.7,290,15,998.8,1,,8,,27.6
238,금산,2022-03-10 16:00,16.7,,2.7,290,15,998.5,.8,,8,,24.3
238,금산,2022-03-10 17:00,16,,1.5,340,17,997.9,.9,,6,,19.5
238,금산,2022-03-10 18:00,14.7,,.8,320,21,997.8,.8,,6,,11.9
238,금산,2022-03-10 19:00,12.3,,1.7,340,34,998.2,0,,8,,8
238,금산,2022-03-10 20:00,10.6,,.5,290,38,998.7,,,6,,5.7
238,금산,2022-03-10 21:00,7.8,,.7,250,48,998.9,,,6,,3.8
238,금산,2022-03-10 22:00,6.2,,.2,0,54,998.8,,,5,,1.7
238,금산,2022-03-10 23:00,5.3,,0,0,58,998.5,,,8,,1.2
238,금산,2022-03-11 00:00,3.8,,.4,0,64,998.5,,,6,,-.1
238,금산,2022-03-11 01:00,2.9,,.4,0,67,998.3,,,5,,-.7
238,금산,2022-03-11 02:00,1.8,,.3,0,71,998.4,,,6,,-1
238,금산,2022-03-11 03:00,.9,,.2,0,75,998.3,,,6,,-1.6
238,금산,2022-03-11 04:00,.9,,.6,320,75,998.4,,,9,,-.9
238,금산,2022-03-11 05:00,.5,,.1,0,76,998.4,,,7,,-1.7
238,금산,2022-03-11 06:00,0,,.1,0,80,998.6,,,0,,-2.4
238,금산,2022-03-11 07:00,0,,.2,0,80,998.9,0,,10,,-1
238,금산,2022-03-11 08:00,2.3,,.2,0,70,999,.1,,9,,3.8
238,금산,2022-03-11 09:00,3.7,,.2,0,66,999.2,0,,9,,6.1
238,금산,2022-03-11 10:00,6,,.2,0,58,999.1,0,,9,,11.4
238,금산,2022-03-11 11:00,8.8,,.6,140,51,998.8,0,,9,,17.3
238,금산,2022-03-11 12:00,12.2,,.8,140,42,998.5,.2,,8,,24
238,금산,2022-03-11 13:00,12.7,,.4,0,46,997.9,0,,10,,14.7
238,금산,2022-03-11 14:00,15.6,,.9,160,51,996.4,.7,,8,,25.9
238,금산,2022-03-11 15:00,16.5,0,.6,230,51,995.6,0,,9,,21.4
238,금산,2022-03-11 16:00,17.4,,1.3,340,48,995.2,.4,,9,,22.7
238,금산,2022-03-11 17:00,17,,1.5,360,56,995.2,.4,,7,,18.9
238,금산,2022-03-11 18:00,16,,1.2,340,58,995.5,0,,8,,14
238,금산,2022-03-11 19:00,14.7,,.6,290,64,996,0,,2,,9.6
238,금산,2022-03-11 20:00,11.9,,1.1,270,72,996.2,,,9,,9.3
238,금산,2022-03-11 21:00,12,,.1,0,72,996.6,,,8,,9.1
238,금산,2022-03-11 22:00,11.7,,.2,0,74,997.1,,,0,,9
238,금산,2022-03-11 23:00,11.5,,.1,0,74,997.2,,,3,,8.7
238,금산,2022-03-12 00:00,11,,.4,0,77,997.3,,,7,,8.2
238,금산,2022-03-12 01:00,8.9,,.1,0,83,997.1,,,3,,4.2
238,금산,2022-03-12 02:00,6.8,,0,0,91,997,,,3,,2.9
238,금산,2022-03-12 03:00,5.9,,.1,0,92,997.1,,,7,,2.2
238,금산,2022-03-12 04:00,6,,.1,0,92,996.8,,,8,,3.1
238,금산,2022-03-12 05:00,5.1,,.1,0,95,997,,,8,,1.8
238,금산,2022-03-12 06:00,4.4,,.9,320,95,996.7,,,4,,2.6
238,금산,2022-03-12 07:00,4.5,,.5,270,96,997.2,0,,10,,1.8
238,금산,2022-03-12 08:00,5.9,,.2,0,92,997.4,.2,,10,,4.8
238,금산,2022-03-12 09:00,8.2,,.9,110,82,998,.6,,10,,11.5
238,금산,2022-03-12 10:00,11.5,,.9,20,72,997.3,.1,,9,,17.1
238,금산,2022-03-12 11:00,15.8,,.8,20,61,996.4,.5,,8,,30.7
238,금산,2022-03-12 12:00,18.3,,.9,70,57,995.4,.5,,6,,27.1
238,금산,2022-03-12 13:00,20,,3.2,250,50,995,.3,,8,,35
238,금산,2022-03-12 14:00,19.6,,1.7,230,53,994.2,.3,,8,,23.7
238,금산,2022-03-12 15:00,19.6,,2.4,250,55,993.9,0,,9,,20.9
238,금산,2022-03-12 16:00,20.1,,2.4,250,54,993.4,.2,,9,,21.9
238,금산,2022-03-12 17:00,19.7,,2.5,270,58,993.3,0,,8,,19.7
238,금산,2022-03-12 18:00,19.1,,2.3,250,59,993.2,0,,6,,15.8
238,금산,2022-03-12 19:00,18.2,,2.2,250,59,992.7,0,,3,,11.8
238,금산,2022-03-12 20:00,18.3,,1.8,230,58,992.3,,,3,,10.8
238,금산,2022-03-12 21:00,18.6,,2.6,200,48,992.8,,,8,,11.6
238,금산,2022-03-12 22:00,17.9,,3.1,180,50,992.3,,,7,,10.6
238,금산,2022-03-12 23:00,17,,2.1,180,54,991.9,,,8,,10.2
238,금산,2022-03-13 00:00,16.9,,2.4,180,55,991.5,,,6,,10.1
238,금산,2022-03-13 01:00,17,,3.9,230,59,991.7,,,6,,10.6
238,금산,2022-03-13 02:00,16.6,,3.4,180,66,991.7,,,7,,10.9
238,금산,2022-03-13 03:00,17.1,,2.5,180,67,991,,,7,,11.8
238,금산,2022-03-13 04:00,17.1,,3.4,160,67,990.5,,,9,,11.9
238,금산,2022-03-13 05:00,16.9,,2.6,160,70,990.2,,,10,,12.2
238,금산,2022-03-13 06:00,15.7,.9,2.2,160,82,990.2,,,10,,12.1
238,금산,2022-03-13 07:00,14.2,,1.4,140,97,990.2,0,,10,,11.7
238,금산,2022-03-13 08:00,14.8,,2.3,160,91,989.8,0,,10,,12.2
238,금산,2022-03-13 09:00,14.3,6.9,1.2,340,95,990,0,,9,,12.5
238,금산,2022-03-13 10:00,14.5,,.5,50,98,990.3,0,,10,,13
238,금산,2022-03-13 11:00,14.5,,0,0,98,990.1,0,,9,,13.5
238,금산,2022-03-13 12:00,14.8,5.1,.9,50,98,989.5,0,,10,,13.9
238,금산,2022-03-13 13:00,14.8,,0,0,98,989,0,,10,,14
238,금산,2022-03-13 14:00,14.6,,.3,0,98,989.1,0,,10,,14.5
238,금산,2022-03-13 15:00,14.8,6.4,.8,70,98,988.7,0,,10,,14.4
238,금산,2022-03-13 16:00,14.9,,.7,140,98,989,0,,10,,14.9
238,금산,2022-03-13 17:00,15.3,,.5,110,94,989.2,0,,7,,15
238,금산,2022-03-13 18:00,15,.9,.8,290,91,990,0,,9,,13.5
238,금산,2022-03-13 19:00,14.3,,.4,0,96,990.7,0,,8,,12.6
238,금산,2022-03-13 20:00,13.7,,1.1,320,98,991.3,,,9,,11.4
238,금산,2022-03-13 21:00,13.8,,.3,0,96,992.1,,,9,,11.7
238,금산,2022-03-13 22:00,13.3,,.4,0,98,992.1,,,10,,11.5
238,금산,2022-03-13 23:00,13,,1,290,100,992.2,,,9,,11.3
238,금산,2022-03-14 00:00,12.9,,.4,0,99,992.3,,,10,,11.2
238,금산,2022-03-14 01:00,12.7,,.3,0,100,992.3,,,9,,11
238,금산,2022-03-14 02:00,12.6,,.8,290,100,992.5,,,8,,11
238,금산,2022-03-14 03:00,12.5,,0,0,100,991.8,,,10,,10.9
238,금산,2022-03-14 04:00,12.3,,.2,0,100,991.9,,,10,,10.8
238,금산,2022-03-14 05:00,12.2,,.2,0,100,991.8,,,10,,10.5
238,금산,2022-03-14 06:00,12.1,,.2,0,100,991.8,,,9,,10.3
238,금산,2022-03-14 07:00,12.4,,1.1,90,100,991.9,0,,10,,10.4
238,금산,2022-03-14 08:00,12.2,,1.6,140,98,991.1,0,,2,,11.5
238,금산,2022-03-14 09:00,13.8,,1.3,90,88,991.7,.7,,6,,13.6
238,금산,2022-03-14 10:00,14.1,,.3,0,84,992.1,.3,,9,,14.7
238,금산,2022-03-14 11:00,14.9,,.9,140,82,991.2,0,,10,,17.3
238,금산,2022-03-14 12:00,16.5,,5.1,160,75,989.3,.3,,9,,21.1
238,금산,2022-03-14 13:00,16.2,,3,160,76,989.1,.1,,8,,16.1
238,금산,2022-03-14 14:00,15.8,,5,230,80,988,0,,10,,14.9
238,금산,2022-03-14 15:00,14.4,2.2,2.6,270,88,987.9,0,,10,,16.6
238,금산,2022-03-14 16:00,12.7,,5,270,87,988.8,0,,10,,14
238,금산,2022-03-14 17:00,10.4,,2.9,290,85,989.5,0,,10,,11.8
238,금산,2022-03-14 18:00,9.6,2.3,2,270,88,990.3,0,,10,,10.6
238,금산,2022-03-14 19:00,8.9,,1.5,290,91,990.6,0,,9,,9.5
238,금산,2022-03-14 20:00,8.6,,2.1,290,89,991.2,,,9,,8.9
238,금산,2022-03-14 21:00,8.2,,2.3,270,84,992,,,9,,7.4
238,금산,2022-03-14 22:00,7.1,,1.2,270,83,992.1,,,9,,5.6
238,금산,2022-03-14 23:00,6.9,,1,290,82,993,,,6,,5.6
238,금산,2022-03-15 00:00,6.5,,1.5,250,84,993.1,,,9,,6.3
238,금산,2022-03-15 01:00,5.9,,1.2,270,85,993.8,,,9,,6
238,금산,2022-03-15 02:00,5.3,,1.2,250,81,994.3,,,0,,5.1
238,금산,2022-03-15 03:00,4.7,,.8,250,85,993.7,,,9,,4.4
238,금산,2022-03-15 04:00,4.1,,.1,0,87,993.5,,,1,,3.7
238,금산,2022-03-15 05:00,3.1,,.6,290,89,993.7,,,8,,2.7
238,금산,2022-03-15 06:00,1.8,,0,0,94,994.3,,,0,,1.6
238,금산,2022-03-15 07:00,1,,.3,0,97,994.6,0,,9,,1.2
238,금산,2022-03-15 08:00,2.7,,.6,160,92,995.2,.3,,6,,3.5
238,금산,2022-03-15 09:00,5.3,,.9,110,79,995.7,1,,3,,6
238,금산,2022-03-15 10:00,7,,.9,70,73,995.6,1,,0,,14.5
238,금산,2022-03-15 11:00,9.7,,1.2,110,58,994.8,1,,0,,21.2
238,금산,2022-03-15 12:00,12,,1.1,50,50,993.6,1,,0,,24.7
238,금산,2022-03-15 13:00,15.4,,1.4,320,36,992.4,1,,0,,25.9
238,금산,2022-03-15 14:00,16.6,,1.1,20,28,991.4,1,,0,,26.4
238,금산,2022-03-15 15:00,17.9,,1.9,320,26,991,1,,0,,24.2
238,금산,2022-03-15 16:00,17.1,,2.9,340,45,991.1,1,,0,,20.4
238,금산,2022-03-15 17:00,15.6,,2.1,320,53,991.2,1,,0,,16.6
238,금산,2022-03-15 18:00,14.5,,1.4,340,54,991.4,.9,,0,,12.2
238,금산,2022-03-15 19:00,12.5,,.6,250,66,991.6,0,,5,,9.7
238,금산,2022-03-15 20:00,12.1,,.7,110,65,991.5,,,10,,9
238,금산,2022-03-15 21:00,10.2,,.7,290,75,992.2,,,6,,7.9
238,금산,2022-03-15 22:00,8.7,,.5,360,79,992.4,,,1,,6.1
238,금산,2022-03-15 23:00,7.1,,1.2,270,84,993,,,0,,4.9
238,금산,2022-03-16 00:00,5.6,,.4,0,86,993.2,,,0,,4
238,금산,2022-03-16 01:00,5.9,,.6,70,88,993,,,0,,3.4
238,금산,2022-03-16 02:00,4.1,,.5,270,93,993.4,,,0,,2.9
238,금산,2022-03-16 03:00,3.4,,0,0,95,993.3,,,0,,2.1
238,금산,2022-03-16 04:00,3.1,,0,0,97,992.9,,,0,,1.6
238,금산,2022-03-16 05:00,2,,.5,290,97,993.6,,,0,,1.2
238,금산,2022-03-16 06:00,1.4,,.1,0,98,994.2,,,0,,.6
238,금산,2022-03-16 07:00,.7,,.6,320,98,994.5,0,,6,,.9
238,금산,2022-03-16 08:00,2.3,,.6,160,100,995.2,0,,2,,3.6
238,금산,2022-03-16 09:00,5.6,,.7,340,90,995.5,1,,0,,6.2
238,금산,2022-03-16 10:00,10.4,,.6,360,67,996.3,1,,0,,15.5
238,금산,2022-03-16 11:00,14.6,,1.2,340,40,996.4,1,,1,,21.4
238,금산,2022-03-16 12:00,15.7,,1,140,30,995.2,1,,6,,25.2
238,금산,2022-03-16 13:00,17.6,,.3,0,30,994.5,1,,0,,27.6
238,금산,2022-03-16 14:00,19,,.9,360,25,994.1,1,,0,,27
238,금산,2022-03-16 15:00,20,,2.3,320,25,993.3,1,,2,,25.2
238,금산,2022-03-16 16:00,19.8,,2,320,23,993.3,1,,7,,21.3
238,금산,2022-03-16 17:00,18.5,,1.9,340,28,994.1,1,,7,,16.9
238,금산,2022-03-16 18:00,16.7,,1.7,360,38,995,.1,,8,,12.7
238,금산,2022-03-16 19:00,15.2,,.5,270,44,995.5,0,,9,,10.5
238,금산,2022-03-16 20:00,12.8,,1.1,270,57,995.9,,,5,,9.2
238,금산,2022-03-16 21:00,11.7,,1.2,270,61,997.1,,,8,,8.4
238,금산,2022-03-16 22:00,11.3,,.6,270,62,997.6,,,8,,8.2
238,금산,2022-03-16 23:00,10,,.6,270,69,997.6,,,7,,6.8
238,금산,2022-03-17 00:00,8.9,,.1,0,72,997.3,,,4,,6.2
238,금산,2022-03-17 01:00,9,,.1,0,72,997.8,,,10,,6.3
238,금산,2022-03-17 02:00,8.9,,.2,0,76,998.6,,,10,,6.8
238,금산,2022-03-17 03:00,8.6,,.4,0,77,998.9,,,10,,7.1
238,금산,2022-03-17 04:00,8.9,,.1,0,75,997.9,,,10,,7.3
238,금산,2022-03-17 05:00,8.8,,.8,230,77,997.6,,,10,,7.2
238,금산,2022-03-17 06:00,8.7,,.7,50,78,998.5,,,10,,7.1
238,금산,2022-03-17 07:00,8.7,,.7,160,78,998.6,0,,10,,7.3
238,금산,2022-03-17 08:00,8.4,,.8,290,81,999.6,0,,10,,7.7
238,금산,2022-03-17 09:00,9.6,0,.4,0,77,999.4,0,,10,,8.5
238,금산,2022-03-17 10:00,9.8,,1,200,78,999.5,0,,10,,9
238,금산,2022-03-17 11:00,9.8,,1.1,110,80,999.5,0,,10,,10.9
238,금산,2022-03-17 12:00,9.6,.6,1.3,160,85,999.1,0,,10,,11.2
238,금산,2022-03-17 13:00,9.5,,1,160,86,998.6,0,,10,,10.7
238,금산,2022-03-17 14:00,9.3,,.9,110,90,998.1,0,,10,,10.4
238,금산,2022-03-17 15:00,9,2.4,.9,140,94,997.6,0,,10,,10.2
238,금산,2022-03-17 16:00,9,,1.1,140,94,997.6,0,,10,,9.8
238,금산,2022-03-17 17:00,9,,1.8,110,90,997,0,,10,,9.3
238,금산,2022-03-17 18:00,8.6,1.2,2.9,110,88,997,0,,10,,8.6
238,금산,2022-03-17 19:00,8.2,,3.5,110,87,997,0,,10,,7.9
238,금산,2022-03-17 20:00,7.3,,2.9,110,91,996.5,,,10,,7.4
238,금산,2022-03-17 21:00,6.9,1.3,3,110,90,996.4,,,10,,7
238,금산,2022-03-17 22:00,6.6,,2.9,90,90,996.1,,,10,,6.7
238,금산,2022-03-17 23:00,6.4,,1.9,90,90,995.6,,,10,,6.6
238,금산,2022-03-18 00:00,6.3,1.8,1.7,90,90,994.7,,,10,,6.5
238,금산,2022-03-18 01:00,6,,1.7,110,91,993.6,,,10,,6.3
238,금산,2022-03-18 02:00,6.1,,1.8,90,89,992.7,,,10,,6.2
238,금산,2022-03-18 03:00,6.1,1.6,1.7,90,89,991.7,,,10,,6.1
238,금산,2022-03-18 04:00,6.1,,1.5,110,89,990.9,,,10,,6.1
238,금산,2022-03-18 05:00,6.1,,1.1,90,88,990.2,,,10,,6.1
238,금산,2022-03-18 06:00,6,.7,1.5,110,87,990.3,,,10,,6
238,금산,2022-03-18 07:00,5.9,,1,110,86,990.3,0,,10,,6
238,금산,2022-03-18 08:00,6,,1.8,110,82,990.6,0,,9,,6.1
238,금산,2022-03-18 09:00,6.3,0,2,110,83,990.4,0,,10,,7.6
238,금산,2022-03-18 10:00,5.8,,2.9,90,82,991.1,0,,10,,7
238,금산,2022-03-18 11:00,6.2,,2.2,110,85,990.3,0,,10,,9.4
238,금산,2022-03-18 12:00,7.2,.2,2.2,90,75,989.4,0,,9,,10.7
238,금산,2022-03-18 13:00,7.6,,2.2,110,72,988.6,0,,9,,10.8
238,금산,2022-03-18 14:00,7.6,,2.1,70,70,988.4,0,,10,,9.5
238,금산,2022-03-18 15:00,7.8,,2.2,90,70,988.1,0,,9,,9.3
238,금산,2022-03-18 16:00,7.5,,3,110,71,987.7,0,,9,,9.2
238,금산,2022-03-18 17:00,7.3,,1.5,110,72,987.7,0,,10,,7.8
238,금산,2022-03-18 18:00,6.2,.7,1.4,110,83,988.1,0,,10,,6.9
238,금산,2022-03-18 19:00,5.4,,1.4,90,88,987.4,0,,10,,6.3
238,금산,2022-03-18 20:00,5.1,,1.5,110,87,987.8,,,9,,5.9
238,금산,2022-03-18 21:00,4.9,1.7,.9,90,84,987.5,,,10,,5.8
238,금산,2022-03-18 22:00,4.8,,.9,140,82,988.5,,,8,,5.5
238,금산,2022-03-18 23:00,4.6,,1.2,140,80,987.9,,,3,,5.3
238,금산,2022-03-19 00:00,4.2,0,1.1,160,86,987.4,,,10,,5.1
238,금산,2022-03-19 01:00,3.8,,.9,140,93,986.8,,,10,,5
238,금산,2022-03-19 02:00,3.5,,1.2,200,95,986.8,,,10,,4.6
238,금산,2022-03-19 03:00,2.8,2.6,1.2,140,94,986.3,,,10,,4.3
238,금산,2022-03-19 04:00,2.7,,1.4,110,96,985.8,,,10,,4.3
238,금산,2022-03-19 05:00,2.8,,1.4,140,97,985.2,,,10,,4.3
238,금산,2022-03-19 06:00,2.8,1.9,1.1,110,98,984.5,,,10,,4.3
238,금산,2022-03-19 07:00,3.4,,1,110,98,984.5,0,,9,,4.5
238,금산,2022-03-19 08:00,3.6,,1.7,160,96,984.6,0,,9,,4.7
238,금산,2022-03-19 09:00,3.6,5,.5,180,95,984.9,0,,8,,5.2
238,금산,2022-03-19 10:00,3.8,,.8,20,97,985.6,0,,10,,5.7
238,금산,2022-03-19 11:00,4.3,,1.2,290,88,985.6,0,,10,,6.9
238,금산,2022-03-19 12:00,4.3,1.4,1.8,270,88,986.3,0,,9,,7.2
238,금산,2022-03-19 13:00,3.9,,2.1,270,84,987.4,0,,9,,6.6
238,금산,2022-03-19 14:00,4.4,,2.3,290,81,988,0,,10,,8.9
238,금산,2022-03-19 15:00,3.7,.4,2.1,320,85,988.4,0,,10,,6.8
238,금산,2022-03-19 16:00,5.3,,1.2,320,77,989.2,.2,,10,,10.8
238,금산,2022-03-19 17:00,4.8,,.9,290,74,990,0,,9,,7.1
238,금산,2022-03-19 18:00,4.4,0,.5,290,76,990.9,0,,10,,5.8
238,금산,2022-03-19 19:00,3.9,,.3,0,82,991.1,0,,10,,5.1
238,금산,2022-03-19 20:00,3.7,,.5,340,86,991.5,,,9,,4.7
238,금산,2022-03-19 21:00,3.1,,.9,200,90,992.5,,,8,,3.5
238,금산,2022-03-19 22:00,2.4,,.2,0,92,993.1,,,8,,2.4
238,금산,2022-03-19 23:00,2,,.3,0,97,993.8,,,1,,3
238,금산,2022-03-20 00:00,2.1,,.2,0,97,994.7,,,9,,3.3
238,금산,2022-03-20 01:00,1.6,,.5,200,97,995.2,,,1,,2
238,금산,2022-03-20 02:00,1,,.6,90,96,995.7,,,6,,.8
238,금산,2022-03-20 03:00,.2,,.5,320,99,996.5,,,6,,1.1
238,금산,2022-03-20 04:00,.3,,.3,0,100,996.5,,,9,,2
238,금산,2022-03-20 05:00,.5,,.6,110,100,996.5,,,9,,1.8
238,금산,2022-03-20 06:00,.7,,.2,0,100,996.6,,,9,,2.4
238,금산,2022-03-20 07:00,.8,,.6,270,100,997.6,0,,10,,2.6
238,금산,2022-03-20 08:00,1,,.3,0,100,998.7,0,,9,,3.2
238,금산,2022-03-20 09:00,2.3,,.2,0,96,999.4,0,,9,,6.7
238,금산,2022-03-20 10:00,4.1,,.3,0,85,999.1,0,,9,,9.3
238,금산,2022-03-20 11:00,5.6,,1.1,250,74,998.7,0,,10,,10.3
238,금산,2022-03-20 12:00,5.9,,1.6,250,70,998,0,,10,,10.6
238,금산,2022-03-20 13:00,6.5,,1,200,65,997.4,0,,10,,12.2
238,금산,2022-03-20 14:00,7.6,,1.9,230,61,996.8,.4,,10,,16.4
238,금산,2022-03-20 15:00,7.8,,1.4,290,56,996.7,.3,,10,,14.4
238,금산,2022-03-20 16:00,7.9,,1.7,270,55,996.3,.2,,10,,11.8
238,금산,2022-03-20 17:00,7.6,,2.5,290,58,996.5,.4,,9,,10.6
238,금산,2022-03-20 18:00,6.7,,2.6,250,62,997.3,0,,8,,7.4
238,금산,2022-03-20 19:00,5.5,,2.1,270,69,998.4,0,,9,,5
238,금산,2022-03-20 20:00,4.4,,2.4,270,69,999.4,,,9,,3.8
238,금산,2022-03-20 21:00,3.5,,1.8,270,71,1000.3,,,9,,2.8
238,금산,2022-03-20 22:00,3,,1.4,250,70,1000.8,,,10,,2.2
238,금산,2022-03-20 23:00,2.1,,.5,270,75,1001.1,,,8,,1.3
238,금산,2022-03-21 00:00,.7,,.5,290,84,1001.8,,,8,,.6
238,금산,2022-03-21 01:00,.2,,.2,0,88,1002.2,,,,,.4
238,금산,2022-03-21 02:00,-.6,,.3,0,92,1002.7,,,9,,.3
238,금산,2022-03-21 03:00,-.8,,.2,0,92,1002.8,,,9,,.3
238,금산,2022-03-21 04:00,-1.1,,.4,0,94,1002.8,,,9,,.3
238,금산,2022-03-21 05:00,-1.6,,.3,0,95,1002.7,,,10,,.3
238,금산,2022-03-21 06:00,-1.8,,.5,270,96,1003.1,,,7,,.2
238,금산,2022-03-21 07:00,-2.1,,.4,0,97,1003.9,0,,4,,.2
238,금산,2022-03-21 08:00,-.7,,.3,0,92,1004.3,.8,,0,,.7
238,금산,2022-03-21 09:00,2.3,,1,110,78,1003.9,1,,0,,1.4
238,금산,2022-03-21 10:00,4.9,,.9,200,54,1003.7,1,,0,,12.1
238,금산,2022-03-21 11:00,7.3,,1.3,290,37,1004,1,,7,,18.4
238,금산,2022-03-21 12:00,9.7,,.8,200,26,1003,1,,8,,21.4
238,금산,2022-03-21 13:00,11.1,,.5,320,26,1001.5,1,,7,,22.3
238,금산,2022-03-21 14:00,11.2,,1.6,230,26,1000.6,1,,7,,22.3
238,금산,2022-03-21 15:00,12.4,,.8,360,24,1000,1,,7,,19.7
238,금산,2022-03-21 16:00,12,,2.2,340,28,1000.1,.5,,8,,15.1
238,금산,2022-03-21 17:00,10.8,,2,320,30,1000.2,0,,10,,10.9
238,금산,2022-03-21 18:00,9.9,,1.1,290,37,999.8,0,,10,,8.5
238,금산,2022-03-21 19:00,9,,.6,270,39,1000,0,,10,,7.1
238,금산,2022-03-21 20:00,7.8,,.2,0,47,1000.3,,,10,,6.4
238,금산,2022-03-21 21:00,7.5,,.7,290,47,1001.3,,,10,,5.7
238,금산,2022-03-21 22:00,6.6,,.9,320,46,1001.2,,,10,,5
238,금산,2022-03-21 23:00,6,,1.3,320,36,1001.7,,,10,,4.2
238,금산,2022-03-22 00:00,5.1,,.8,270,40,1001.3,,,10,,3.9
238,금산,2022-03-22 01:00,4.4,,.9,290,47,1000.8,,,,,3.3
238,금산,2022-03-22 02:00,3.9,,1.2,290,47,1001.2,,,8,,2.4
238,금산,2022-03-22 03:00,3.3,,1.2,290,49,1001.2,,,10,,1.8
238,금산,2022-03-22 04:00,1.4,,1.1,270,65,1000.9,,,6,,.5
238,금산,2022-03-22 05:00,.4,,.4,0,69,1001.2,,,6,,.1
238,금산,2022-03-22 06:00,0,,.1,0,72,1001.6,,,8,,.3
238,금산,2022-03-22 07:00,-.5,,.2,0,76,1001.8,0,,7,,.5
238,금산,2022-03-22 08:00,1.4,,.2,0,70,1002,.4,,6,,1.2
238,금산,2022-03-22 09:00,4.7,,.5,110,57,1002.6,1,,6,,5.1
238,금산,2022-03-22 10:00,7.3,,1,340,44,1002.3,.9,,8,,11
238,금산,2022-03-22 11:00,9.1,,2.1,360,37,1002.1,1,,6,,18
238,금산,2022-03-22 12:00,9.8,,2.9,360,27,1001.7,1,,3,,20.9
238,금산,2022-03-22 13:00,10.8,,2.5,360,30,1001.1,1,,2,,23
238,금산,2022-03-22 14:00,12,,1.8,340,30,999.7,1,,0,,23.8
238,금산,2022-03-22 15:00,11.9,,2.2,340,26,998.9,1,,4,,21.7
238,금산,2022-03-22 16:00,12.5,,1.1,160,27,999,1,,5,,20
238,금산,2022-03-22 17:00,11.9,,1.1,50,28,997.8,.8,,6,,14.5
238,금산,2022-03-22 18:00,11.6,,.9,90,25,997.7,.6,,7,,10.5
238,금산,2022-03-22 19:00,8.2,,1.3,270,50,998.4,0,,5,,6.6
238,금산,2022-03-22 20:00,6.4,,.5,230,54,999.1,,,5,,4.8
238,금산,2022-03-22 21:00,4.7,,.3,0,62,999.6,,,6,,3.5
238,금산,2022-03-22 22:00,3.4,,.3,0,66,998.8,,,6,,2.4
238,금산,2022-03-22 23:00,3.2,,1.1,270,67,999.3,,,1,,1.7
238,금산,2022-03-23 00:00,2.5,,.5,160,71,999.4,,,2,,1.1
238,금산,2022-03-23 01:00,1.5,,.2,0,77,999.6,,,6,,.9
238,금산,2022-03-23 02:00,1.4,,.2,0,79,999.5,,,5,,.9
238,금산,2022-03-23 03:00,1,,.4,0,82,999.3,,,9,,1.1
238,금산,2022-03-23 04:00,.6,,.5,270,84,998.4,,,10,,1.4
238,금산,2022-03-23 05:00,.6,,.3,0,84,998.4,,,10,,1.7
238,금산,2022-03-23 06:00,.8,,.6,290,85,998.2,,,10,,2
238,금산,2022-03-23 07:00,1.1,,.1,0,85,998.6,0,,10,,2.3
238,금산,2022-03-23 08:00,1.8,,.1,0,82,998.1,0,,10,,3.2
238,금산,2022-03-23 09:00,2.4,,.6,290,79,997.8,0,,10,,4.3
238,금산,2022-03-23 10:00,4.4,,.3,0,73,997.9,0,,,,7.1
238,금산,2022-03-23 11:00,5.8,,.6,110,69,998,0,,0,,9
238,금산,2022-03-23 12:00,8.9,,1,200,47,997,.2,,8,,16.4
238,금산,2022-03-23 13:00,9.4,,2.4,290,41,996.6,0,,10,,14.6
238,금산,2022-03-23 14:00,9.6,,2.7,320,49,995.9,.2,,9,,16.2
238,금산,2022-03-23 15:00,9.1,,2.3,320,42,995.9,0,,9,,11
238,금산,2022-03-23 16:00,8.8,,2.8,290,43,996,0,,9,,9.3
238,금산,2022-03-23 17:00,9.3,,2.2,250,39,995.4,.3,,7,,11
238,금산,2022-03-23 18:00,8.4,,1.3,270,43,995.3,.5,,0,,7.6
238,금산,2022-03-23 19:00,6.9,,1.4,290,47,995.7,0,,3,,4.5
238,금산,2022-03-23 20:00,5.2,,.8,250,59,996.3,,,0,,2.9
238,금산,2022-03-23 21:00,4.6,,.4,0,64,996.4,,,0,,1.8
238,금산,2022-03-23 22:00,2.4,,.1,0,75,996.9,,,0,,1
238,금산,2022-03-23 23:00,1.7,,.1,0,80,997.6,,,0,,.5
238,금산,2022-03-24 00:00,.8,,.2,0,83,998.1,,,0,,.6
238,금산,2022-03-24 01:00,0,,.3,0,87,997.9,,,0,,.4
238,금산,2022-03-24 02:00,-.7,,.5,270,90,998.5,,,0,,.3
238,금산,2022-03-24 03:00,-1.1,,.5,320,90,998,,,0,,.2
238,금산,2022-03-24 04:00,-1.5,,.2,0,92,997.5,,,0,,.1
238,금산,2022-03-24 05:00,-1.7,,.5,250,93,997.5,,,1,,0
238,금산,2022-03-24 06:00,-1.9,,.1,0,93,998.3,,,1,,-.2
238,금산,2022-03-24 07:00,-1.6,,0,0,94,999.2,,,6,,.1
238,금산,2022-03-24 08:00,-.1,,0,0,88,999.3,,,9,,.6
238,금산,2022-03-24 09:00,2.1,,.4,0,81,999.2,,,9,,3.2
238,금산,2022-03-24 10:00,6.7,,.5,140,61,999.6,,,6,,13.3
238,금산,2022-03-24 11:00,11.3,,.6,340,49,999.6,,,7,,16.2
238,금산,2022-03-24 12:00,13.3,,1.7,160,45,999.3,,,7,,24.2
238,금산,2022-03-24 13:00,14.8,,3.2,290,43,999.3,,,7,,23.5
238,금산,2022-03-24 14:00,15.8,,2.2,270,41,998.9,,,7,,24.3
238,금산,2022-03-24 15:00,,,,,,,,,0,,
238,금산,2022-03-24 16:00,,,1.8,320,,,,,0,,20.6
238,금산,2022-03-24 17:00,14.6,,1.8,270,45,997.4,,,2,,16.6
238,금산,2022-03-24 18:00,13.8,,.8,290,49,997.2,,,7,,12.8
238,금산,2022-03-24 19:00,11.6,,.4,0,57,998.1,,,0,,8.7
238,금산,2022-03-24 20:00,8.8,,.9,270,70,999.6,,,4,,6.7
238,금산,2022-03-24 21:00,7.4,,1,270,76,1000,,,2,,5.5
238,금산,2022-03-24 22:00,6.3,,.7,250,81,1000.8,,,5,,5
238,금산,2022-03-24 23:00,6.1,,.2,0,82,1000.6,,,10,,4.8
238,금산,2022-03-25 00:00,5.5,,.3,0,85,1000.6,,,10,,4.5
238,금산,2022-03-25 01:00,4.7,,.3,0,89,999.3,,,10,,4.3
238,금산,2022-03-25 02:00,4.4,,.4,0,90,999,,,10,,4.1
238,금산,2022-03-25 03:00,5.3,,.9,160,86,1000.2,,,10,,4.1
238,금산,2022-03-25 04:00,4.5,,.4,0,89,999.6,,,10,,3.8
238,금산,2022-03-25 05:00,3.7,,.2,0,93,999.2,,,10,,3.3
238,금산,2022-03-25 06:00,3.2,,0,0,94,998.8,,,10,,3
238,금산,2022-03-25 07:00,2.8,,1.2,270,95,999,0,,10,,3
238,금산,2022-03-25 08:00,4.9,,.9,140,88,1000,0,,6,,5.3
238,금산,2022-03-25 09:00,7.8,,.8,140,74,999.6,.4,,8,,9.6
238,금산,2022-03-25 10:00,10.8,,1.4,110,62,999.3,.6,,8,,14.8
238,금산,2022-03-25 11:00,14.1,,1.1,110,49,998.5,.9,,8,,19.7
238,금산,2022-03-25 12:00,16.2,,1.7,110,38,997.3,1,,8,,22.5
238,금산,2022-03-25 13:00,17.8,,1.3,90,31,996.6,.7,,9,,22.5
238,금산,2022-03-25 14:00,20.1,,2.2,230,34,995.6,.4,,8,,24
238,금산,2022-03-25 15:00,18.9,,2.2,140,41,994.1,.3,,9,,20.8
238,금산,2022-03-25 16:00,19,,2,110,36,993.4,0,,10,,17.6
238,금산,2022-03-25 17:00,17.9,,2.4,110,40,992.2,0,,10,,14.9
238,금산,2022-03-25 18:00,17.6,,1.9,140,50,991.5,0,,0,,13.2
238,금산,2022-03-25 19:00,17.1,,1.4,160,53,991.2,0,,10,,12.2
238,금산,2022-03-25 20:00,14.7,,1.3,140,76,989.6,,,10,,11.8
238,금산,2022-03-25 21:00,12.7,4.3,.4,0,95,988.7,,,10,,11.6
238,금산,2022-03-25 22:00,12.1,,.7,290,99,987.1,,,10,,11.4
238,금산,2022-03-25 23:00,12.1,,.3,0,100,985,,,10,,11.2
238,금산,2022-03-26 00:00,12.4,10.6,.4,0,100,983,,,10,,11
238,금산,2022-03-26 01:00,13.4,,1.8,140,95,982,,,10,,11.3
238,금산,2022-03-26 02:00,14,,3.3,140,91,980.6,,,10,,11.7
238,금산,2022-03-26 03:00,13.8,5.5,1.8,140,93,979.4,,,10,,11.8
238,금산,2022-03-26 04:00,13.8,,2.3,140,95,977.9,,,10,,12
238,금산,2022-03-26 05:00,14,,2.3,140,97,977,,,10,,12.1
238,금산,2022-03-26 06:00,14.2,7.6,.6,270,98,977,,,9,,12.3
238,금산,2022-03-26 07:00,16,,3.5,230,81,976.5,0,,6,,12.6
238,금산,2022-03-26 08:00,13.7,,4.6,250,85,977.6,0,,9,,12.3
238,금산,2022-03-26 09:00,12,.4,2.1,250,86,977.5,0,,8,,12
238,금산,2022-03-26 10:00,11.4,,1.7,320,89,979.3,0,,10,,12.3
238,금산,2022-03-26 11:00,11.5,,3.2,230,81,979.8,0,,10,,16.7
238,금산,2022-03-26 12:00,10.7,0,3.7,250,83,980.1,0,,9,,13.7
238,금산,2022-03-26 13:00,10.1,,2.5,250,87,981.2,0,,10,,13
238,금산,2022-03-26 14:00,10.4,,2.5,250,86,981.9,0,,9,,12.3
238,금산,2022-03-26 15:00,10.1,,2.8,270,86,983.3,0,,9,,12.2
238,금산,2022-03-26 16:00,10,,2.4,270,87,984.5,0,,10,,11.9
238,금산,2022-03-26 17:00,10.1,,1.5,270,86,984.9,0,,10,,11.2
238,금산,2022-03-26 18:00,10.2,,1.4,270,87,986.2,0,,10,,10.9
238,금산,2022-03-26 19:00,10,,1.5,290,87,987.4,0,,10,,9.8
238,금산,2022-03-26 20:00,9.5,,1.8,290,89,988.3,,,10,,8.4
238,금산,2022-03-26 21:00,8.7,,1.3,270,90,989.8,,,10,,7.4
238,금산,2022-03-26 22:00,8.6,,1.5,290,89,990.3,,,10,,7.6
238,금산,2022-03-26 23:00,7.9,,2.8,270,90,991.7,,,5,,6.4
238,금산,2022-03-27 00:00,7.4,,1.9,270,85,992.1,,,7,,5.8
238,금산,2022-03-27 01:00,7,,1.5,270,85,993,,,7,,5.6
238,금산,2022-03-27 02:00,5,,.3,0,93,993.6,,,5,,4.3
238,금산,2022-03-27 03:00,3.7,,.1,0,98,993.3,,,6,,3.3
238,금산,2022-03-27 04:00,2.4,,0,0,100,993.1,,,0,,2.6
238,금산,2022-03-27 05:00,1.8,,.1,0,100,993.5,,,0,,2.8
238,금산,2022-03-27 06:00,1.9,,.3,0,100,993.9,,,0,,3.9
238,금산,2022-03-27 07:00,1.1,,.9,250,100,994.3,0,,0,,4.3
238,금산,2022-03-27 08:00,1.9,,.4,0,100,994.5,0,,6,,6.2
238,금산,2022-03-27 09:00,4.1,,.2,0,100,994.5,.1,,0,,8.6
238,금산,2022-03-27 10:00,7,,.5,270,100,994.5,1,,6,,15
238,금산,2022-03-27 11:00,12.1,,.6,90,51,993.9,1,,7,,21.3
238,금산,2022-03-27 12:00,14.9,,3.2,290,33,993.5,1,,6,,21.4
238,금산,2022-03-27 13:00,15,,3.2,290,34,993,1,,0,,23.3
238,금산,2022-03-27 14:00,14.8,,3.8,250,39,992.6,1,,5,,22.8
238,금산,2022-03-27 15:00,14,,3.2,270,40,992.7,1,,6,,20
238,금산,2022-03-27 16:00,12.6,,3.6,290,45,993.6,.8,,7,,17.5
238,금산,2022-03-27 17:00,11.8,,3.5,290,50,993.7,.5,,4,,13.7
238,금산,2022-03-27 18:00,10.8,,3.5,290,38,994.4,.8,,4,,9.7
238,금산,2022-03-27 19:00,9.4,,3.6,290,42,995.7,.3,,4,,7.1
238,금산,2022-03-27 20:00,7.5,,1.4,320,33,997.7,,,5,,5.2
238,금산,2022-03-27 21:00,6.1,,2.5,290,30,999.3,,,6,,3.5
238,금산,2022-03-27 22:00,4.5,,1.2,290,39,999.9,,,6,,2.6
238,금산,2022-03-27 23:00,3.2,,1.3,290,47,1000.3,,,0,,1.8
238,금산,2022-03-28 00:00,2.2,,0,0,60,1001,,,3,,1
238,금산,2022-03-28 01:00,.6,,.4,0,65,1001.7,,,0,,.5
238,금산,2022-03-28 02:00,-.4,,.2,0,70,1002.3,,,5,,.5
238,금산,2022-03-28 03:00,-1.4,,.7,320,75,1002.5,,,0,,.4
238,금산,2022-03-28 04:00,-1.3,,.5,180,78,1002.6,,,7,,.4
238,금산,2022-03-28 05:00,-2,,.4,0,82,1003,,,0,,.3
238,금산,2022-03-28 06:00,-2.5,,.2,0,84,1004.1,,,5,,.2
238,금산,2022-03-28 07:00,-2.5,,.9,290,85,1004.9,0,,6,,.3
238,금산,2022-03-28 08:00,-.4,,.3,0,74,1005.7,.6,,5,,1.2
238,금산,2022-03-28 09:00,2.7,,.5,200,63,1005.8,1,,0,,2
238,금산,2022-03-28 10:00,6.4,,.4,0,34,1005.8,1,,5,,11.8
238,금산,2022-03-28 11:00,9,,.9,200,34,1005.6,1,,7,,17.6
238,금산,2022-03-28 12:00,10.8,,1.9,110,28,1005,1,,8,,21.4
238,금산,2022-03-28 13:00,12.1,,1.8,110,26,1004.2,1,,7,,23.5
238,금산,2022-03-28 14:00,13.2,,2.2,90,25,1003.5,1,,0,,26.5
238,금산,2022-03-28 15:00,13.6,,1.8,360,24,1002.9,1,,0,,25.1
238,금산,2022-03-28 16:00,14.6,,1.9,20,23,1002.5,1,,0,,22.8
238,금산,2022-03-28 17:00,13.6,,2.7,340,29,1002.8,1,,0,,17.6
238,금산,2022-03-28 18:00,12.4,,1.8,290,34,1003.3,1,,0,,11.7
238,금산,2022-03-28 19:00,10.5,,1.3,320,36,1003.7,.3,,0,,8
238,금산,2022-03-28 20:00,7.2,,1,270,57,1004.4,,,0,,6
238,금산,2022-03-28 21:00,6.3,,.4,0,56,1005.4,,,,,4.5
238,금산,2022-03-28 22:00,4.7,,.2,0,65,1005.5,,,0,,3.5
238,금산,2022-03-28 23:00,3.6,,.4,0,72,1006.1,,,0,,2.8
238,금산,2022-03-29 00:00,2.7,,.3,0,75,1006.3,,,0,,2.1
238,금산,2022-03-29 01:00,1.9,,1.2,290,77,1006.2,,,0,,1.6
238,금산,2022-03-29 02:00,1.1,,.2,0,82,1006.3,,,0,,1.1
238,금산,2022-03-29 03:00,.3,,.1,0,85,1006.2,,,0,,.6
238,금산,2022-03-29 04:00,-.4,,.7,290,88,1006,,,0,,.7
238,금산,2022-03-29 05:00,-.8,,.3,0,90,1005.5,,,0,,.5
238,금산,2022-03-29 06:00,-1.2,,.1,0,92,1005.5,,,0,,.4
238,금산,2022-03-29 07:00,-1.1,,.3,0,92,1005.5,.1,,0,,.6
238,금산,2022-03-29 08:00,1.1,,1,290,86,1005.8,1,,0,,1.4
238,금산,2022-03-29 09:00,4.9,,1,360,69,1006.3,1,,0,,4
238,금산,2022-03-29 10:00,9.7,,.4,0,53,1006,1,,0,,14.8
238,금산,2022-03-29 11:00,12.8,,1.4,110,41,1005.2,1,,0,,21.8
238,금산,2022-03-29 12:00,13.6,,1.7,110,37,1004.4,1,,0,,25.6
238,금산,2022-03-29 13:00,15.8,,1.5,50,33,1003.3,1,,0,,27
238,금산,2022-03-29 14:00,16.8,,1.4,20,30,1002.4,1,,0,,28.1
238,금산,2022-03-29 15:00,17.9,,1.5,90,27,1001.4,1,,0,,27.6
238,금산,2022-03-29 16:00,18.1,,2.2,340,27,1000.9,1,,0,,23.6
238,금산,2022-03-29 17:00,17,,2.2,320,31,1000.8,1,,0,,19.8
238,금산,2022-03-29 18:00,15.6,,1.3,320,34,1001,1,,0,,13.7
238,금산,2022-03-29 19:00,13.5,,.9,270,39,1001.4,.3,,3,,10.1
238,금산,2022-03-29 20:00,10.6,,.6,230,52,1001.6,,,0,,7.8
238,금산,2022-03-29 21:00,8.5,,.1,0,61,1001.4,,,1,,6.2
238,금산,2022-03-29 22:00,7.4,,.8,320,62,1000.9,,,1,,5.3
238,금산,2022-03-29 23:00,6,,.5,250,68,1001.3,,,3,,4.3
238,금산,2022-03-30 00:00,5.1,,.3,0,74,1001.5,,,3,,3.6
238,금산,2022-03-30 01:00,4.5,,0,0,77,1001.5,,,3,,3
238,금산,2022-03-30 02:00,3.1,,.5,290,82,1001.5,,,1,,2.6
238,금산,2022-03-30 03:00,2.6,,.3,0,84,1001.3,,,3,,2.1
238,금산,2022-03-30 04:00,1.8,,1.1,290,87,1001.6,,,0,,1.8
238,금산,2022-03-30 05:00,1.4,,0,0,90,1001.5,,,4,,1.2
238,금산,2022-03-30 06:00,1.1,,.3,0,92,1001.6,,,9,,1.6
238,금산,2022-03-30 07:00,1.2,,.4,0,91,1002.2,0,,2,,2
238,금산,2022-03-30 08:00,3.7,,.4,0,83,1002.2,.3,,7,,4.2
238,금산,2022-03-30 09:00,6.7,,.2,0,72,1001.3,.3,,3,,8.8
238,금산,2022-03-30 10:00,11.5,,.4,0,56,1000.8,.2,,8,,14.8
238,금산,2022-03-30 11:00,14.5,,.5,270,53,1000.5,.1,,9,,16.8
238,금산,2022-03-30 12:00,16.3,,1.4,20,54,999.8,0,,10,,17.7
238,금산,2022-03-30 13:00,17.4,,1.8,340,58,998.9,0,,10,,19.9
238,금산,2022-03-30 14:00,19.2,,2,270,53,998,.2,,10,,24.9
238,금산,2022-03-30 15:00,17.6,,3.5,290,59,997.6,0,,10,,16.4
238,금산,2022-03-30 16:00,16.7,,.7,340,66,997.2,0,,10,,16.1
238,금산,2022-03-30 17:00,16.7,,1.6,230,69,997.2,0,,10,,15.5
238,금산,2022-03-30 18:00,16.2,0,1.2,160,75,996.7,0,,10,,14.2
238,금산,2022-03-30 19:00,15.8,,.5,250,77,997.6,0,,9,,13
238,금산,2022-03-30 20:00,15.4,,.9,270,80,997.3,,,10,,12.6
238,금산,2022-03-30 21:00,14.7,0,1.3,290,88,997.9,,,6,,12.5
238,금산,2022-03-30 22:00,13.6,,.8,340,97,998.8,,,10,,12.4
238,금산,2022-03-30 23:00,12.9,,1.1,320,97,999,,,9,,12.1
238,금산,2022-03-31 00:00,12.9,1.6,1.2,340,97,999.3,,,9,,11.8
238,금산,2022-03-31 01:00,12.4,,1,340,93,1000.1,,,9,,11.4
238,금산,2022-03-31 02:00,10.9,,.9,270,92,999.5,,,8,,9.7
238,금산,2022-03-31 03:00,10.7,,1.1,290,94,999.1,,,6,,9.7
238,금산,2022-03-31 04:00,10.8,,1.4,290,93,999.6,,,10,,9.9
238,금산,2022-03-31 05:00,10,,1.2,320,91,999.9,,,10,,9.4
238,금산,2022-03-31 06:00,9.3,,1.8,290,94,1000.6,,,9,,9.3
238,금산,2022-03-31 07:00,9.4,,.3,0,90,1001.5,0,,10,,9.5
238,금산,2022-03-31 08:00,9.9,,.8,320,87,1002.6,0,,10,,11
238,금산,2022-03-31 09:00,10.4,,1.3,360,81,1002.8,0,,10,,12.6
238,금산,2022-03-31 10:00,11.2,,.7,320,75,1003.2,0,,10,,15.6
238,금산,2022-03-31 11:00,12.7,,1.6,340,65,1002.7,.3,,9,,20.6
238,금산,2022-03-31 12:00,12.8,,1.5,340,65,1002.1,.1,,10,,18.7
238,금산,2022-03-31 13:00,13.6,,1.5,340,58,1001.7,0,,10,,18.8
238,금산,2022-03-31 14:00,13.6,,1.7,320,61,1001.4,0,,10,,17.3
238,금산,2022-03-31 15:00,13.6,,2,340,57,1001.2,0,,10,,16.6
238,금산,2022-03-31 16:00,13.3,,2.1,340,57,1001,0,,10,,15.7
238,금산,2022-03-31 17:00,12.9,,1.8,320,56,1001.5,0,,10,,13.7
238,금산,2022-03-31 18:00,12.5,,1.2,290,58,1001.9,0,,10,,12
238,금산,2022-03-31 19:00,11.3,,1.9,270,71,1002.1,0,,10,,10.2
238,금산,2022-03-31 20:00,10.7,,2.3,290,71,1003.1,,,10,,9.5
238,금산,2022-03-31 21:00,10.1,,.6,320,73,1004.4,,,10,,9.2
238,금산,2022-03-31 22:00,9.9,,1,340,68,1004.7,,,8,,8.9
238,금산,2022-03-31 23:00,8.6,,2.1,90,72,1005.5,,,10,,8.6
238,금산,2022-04-01 00:00,7.8,,1.5,90,70,1005.9,,,10,,8
238,금산,2022-04-01 01:00,6.6,,1.8,90,72,1006.4,,,9,,6.2
238,금산,2022-04-01 02:00,5.9,,1.3,110,74,1006.6,,,9,,5.5
238,금산,2022-04-01 03:00,5.1,,.2,0,79,1006.6,,,9,,4.4
238,금산,2022-04-01 04:00,3.7,,.6,250,87,1006.7,,,9,,3.7
238,금산,2022-04-01 05:00,2.7,,.2,0,92,1006.8,,,5,,2.6
238,금산,2022-04-01 06:00,1.8,,.1,0,94,1007.2,,,1,,1.9
238,금산,2022-04-01 07:00,1.9,,.3,0,94,1007.9,.3,,0,,2.1
238,금산,2022-04-01 08:00,5.6,,1.2,140,74,1008.4,1,,2,,4.4
238,금산,2022-04-01 09:00,7.7,,1.6,110,64,1008.9,1,,6,,7.4
238,금산,2022-04-01 10:00,9.7,,1.5,70,54,1008.9,1,,1,,17
238,금산,2022-04-01 11:00,11,,1.5,90,42,1008.7,1,,5,,22.2
238,금산,2022-04-01 12:00,12.4,,1.3,200,39,1008.1,1,,6,,25.7
238,금산,2022-04-01 13:00,13.1,,2.1,320,30,1007.3,1,,7,,25.8
238,금산,2022-04-01 14:00,13.5,,2,70,25,1006.5,.8,,7,,23.9
238,금산,2022-04-01 15:00,14.4,,1.5,250,25,1006.1,.7,,7,,24.5
238,금산,2022-04-01 16:00,13.5,,1.1,20,26,1005.7,.7,,6,,18.7
238,금산,2022-04-01 17:00,13.7,,1.6,50,26,1005.2,.8,,6,,17.9
238,금산,2022-04-01 18:00,12.6,,.7,290,26,1005.1,.9,,3,,12.3
238,금산,2022-04-01 19:00,10.3,,1.1,270,43,1005.5,.2,,3,,8.6
238,금산,2022-04-01 20:00,8.5,,0,0,50,1006.2,,,5,,6.5
238,금산,2022-04-01 21:00,8.7,,1.3,290,51,1006.6,,,0,,5.6
238,금산,2022-04-01 22:00,6.3,,1,270,64,1007.2,,,0,,4.4
238,금산,2022-04-01 23:00,4.9,,.7,250,67,1007.5,,,0,,3.5
238,금산,2022-04-02 00:00,3.5,,.7,290,70,1007.5,,,0,,2.8
238,금산,2022-04-02 01:00,2.6,,.5,250,75,1008,,,0,,2
238,금산,2022-04-02 02:00,1.6,,.5,290,80,1007.6,,,0,,1.6
238,금산,2022-04-02 03:00,1,,.1,0,81,1007.6,,,0,,1.1
238,금산,2022-04-02 04:00,-.1,,.3,0,85,1007.5,,,0,,.7
238,금산,2022-04-02 05:00,-.6,,.4,0,89,1007.3,,,0,,.5
238,금산,2022-04-02 06:00,-1.1,,.5,270,91,1007.3,,,0,,.3
238,금산,2022-04-02 07:00,-1,,.5,290,91,1007.6,.4,,0,,.5
238,금산,2022-04-02 08:00,2.3,,.4,0,82,1007.7,1,,0,,1.3
238,금산,2022-04-02 09:00,5.8,,.4,0,68,1007.7,1,,0,,4.5
238,금산,2022-04-02 10:00,9.6,,1.3,110,52,1007.5,1,,0,,16
238,금산,2022-04-02 11:00,11.6,,2,20,33,1007.2,1,,0,,21.1
238,금산,2022-04-02 12:00,11.9,,3,320,24,1006.1,1,,0,,23.8
238,금산,2022-04-02 13:00,13,,2.4,290,20,1005.4,1,,0,,26.2
238,금산,2022-04-02 14:00,13.3,,2.6,250,20,1004.7,1,,0,,26.5
238,금산,2022-04-02 15:00,13.7,,2.9,290,22,1003.8,1,,0,,25.4
238,금산,2022-04-02 16:00,13.8,,2.4,290,23,1003.7,1,,0,,22.9
238,금산,2022-04-02 17:00,13,,2.6,270,27,1003.9,1,,0,,18.8
238,금산,2022-04-02 18:00,11,,2.1,270,24,1004.2,1,,0,,11.8
238,금산,2022-04-02 19:00,9.2,,1.4,290,24,1004.6,.2,,5,,8.1
238,금산,2022-04-02 20:00,7.3,,.7,290,34,1005.1,,,3,,6.1
238,금산,2022-04-02 21:00,5.9,,1.4,290,50,1006,,,0,,4.7
238,금산,2022-04-02 22:00,5.6,,1.2,290,57,1006.6,,,0,,3.9
238,금산,2022-04-02 23:00,4.3,,.6,140,60,1006.8,,,0,,3.1
238,금산,2022-04-03 00:00,2.1,,.8,320,72,1007.1,,,0,,2.3
238,금산,2022-04-03 01:00,1.9,,0,0,75,1007,,,0,,1.5
238,금산,2022-04-03 02:00,.4,,.4,0,83,1007,,,0,,1.1
238,금산,2022-04-03 03:00,-.4,,.2,0,85,1006.8,,,0,,.7
238,금산,2022-04-03 04:00,-1,,.2,0,88,1006.7,,,0,,.4
238,금산,2022-04-03 05:00,-1.4,,.4,0,89,1006.8,,,0,,.2
238,금산,2022-04-03 06:00,-1.8,,.6,270,91,1007.1,,,0,,.2
238,금산,2022-04-03 07:00,-1.3,,.3,0,90,1007.6,.3,,0,,.3
238,금산,2022-04-03 08:00,.9,,.2,0,80,1007.8,1,,1,,1
238,금산,2022-04-03 09:00,4.4,,.4,0,67,1007.9,1,,0,,4.5
238,금산,2022-04-03 10:00,8.1,,.8,160,46,1007.8,1,,0,,15.8
238,금산,2022-04-03 11:00,11.9,,1.3,20,34,1007.5,1,,0,,22.1
238,금산,2022-04-03 12:00,13,,1.5,340,23,1007,1,,0,,25.7
238,금산,2022-04-03 13:00,15.2,,1.9,290,24,1006.2,1,,0,,28.5
238,금산,2022-04-03 14:00,15.7,,2,20,20,1005.7,1,,0,,29
238,금산,2022-04-03 15:00,16.4,,1.9,20,16,1004.8,1,,0,,28
238,금산,2022-04-03 16:00,16.1,,1.8,320,15,1004.3,1,,0,,25.3
238,금산,2022-04-03 17:00,15.7,,2.5,290,21,1004.3,1,,0,,21.1
238,금산,2022-04-03 18:00,14.8,,1.9,290,24,1004.5,1,,0,,14.2
238,금산,2022-04-03 19:00,12.7,,1.3,290,35,1004.9,.5,,0,,10.3
238,금산,2022-04-03 20:00,11.1,,.9,270,43,1005.6,,,0,,7.8
238,금산,2022-04-03 21:00,9.6,,1.5,320,48,1006.6,,,0,,6.5
238,금산,2022-04-03 22:00,6.5,,.4,0,62,1007.1,,,0,,5.2
238,금산,2022-04-03 23:00,5.7,,.5,270,65,1007.4,,,0,,4.1
238,금산,2022-04-04 00:00,4.5,,.5,270,67,1007.9,,,0,,3.2
238,금산,2022-04-04 01:00,3.4,,.5,320,74,1007.9,,,0,,2.6
238,금산,2022-04-04 02:00,2.6,,.4,0,74,1007.8,,,0,,1.9
238,금산,2022-04-04 03:00,1.9,,0,0,80,1007.6,,,0,,1.4
238,금산,2022-04-04 04:00,.8,,.2,0,84,1007.8,,,0,,1
238,금산,2022-04-04 05:00,.1,,.5,250,87,1008.1,,,0,,.7
238,금산,2022-04-04 06:00,-.4,,.5,290,89,1008.4,,,6,,.4
238,금산,2022-04-04 07:00,.1,,0,0,90,1008.7,.3,,0,,.7
238,금산,2022-04-04 08:00,3,,.5,140,77,1008.9,1,,0,,2.4
238,금산,2022-04-04 09:00,6.3,,.7,20,65,1008.7,1,,0,,6.5
238,금산,2022-04-04 10:00,11,,.4,0,45,1008.7,1,,0,,17.1
238,금산,2022-04-04 11:00,13,,1,160,37,1008.2,1,,0,,23.6
238,금산,2022-04-04 12:00,15.3,,1.6,20,28,1007.3,1,,0,,27.6
238,금산,2022-04-04 13:00,16.4,,2.1,70,24,1006.4,1,,0,,30.6
238,금산,2022-04-04 14:00,17.8,,2.1,320,23,1005.8,1,,0,,30.3
238,금산,2022-04-04 15:00,17.7,,3.1,340,20,1005.3,1,,0,,28.9
238,금산,2022-04-04 16:00,17.2,,3.2,340,17,1004.4,1,,0,,26.1
238,금산,2022-04-04 17:00,16.9,,2.5,320,14,1004.2,1,,0,,21.9
238,금산,2022-04-04 18:00,15.6,,1.9,320,20,1004.2,1,,0,,14.8
238,금산,2022-04-04 19:00,13.7,,1.3,290,28,1004.2,.6,,0,,10.7
238,금산,2022-04-04 20:00,11.8,,1.5,290,37,1004.6,,,,,8.4
238,금산,2022-04-04 21:00,9.9,,.9,340,44,1004.9,,,0,,6.8
238,금산,2022-04-04 22:00,7.6,,.7,270,54,1005,,,0,,5.4
238,금산,2022-04-04 23:00,5.9,,.6,290,62,1005.1,,,0,,4.3
238,금산,2022-04-05 00:00,4.5,,.4,0,70,1005.4,,,0,,3.3
238,금산,2022-04-05 01:00,3.6,,.7,290,73,1005.3,,,0,,2.5
238,금산,2022-04-05 02:00,2.5,,.7,290,77,1004.8,,,0,,1.7
238,금산,2022-04-05 03:00,1,,.3,0,82,1004.1,,,6,,1.2
238,금산,2022-04-05 04:00,.2,,.5,290,85,1003.6,,,2,,.6
238,금산,2022-04-05 05:00,-.2,,.6,270,87,1003.5,,,0,,.3
238,금산,2022-04-05 06:00,-1.1,,.7,290,90,1003.7,,,3,,.1
238,금산,2022-04-05 07:00,-.3,,.2,0,88,1003.9,0,,9,,.6
238,금산,2022-04-05 08:00,2,,.2,0,79,1004.1,.6,,8,,3.6
238,금산,2022-04-05 09:00,5.3,,.4,0,65,1003.7,1,,8,,8.6
238,금산,2022-04-05 10:00,9.6,,.7,70,46,1003,1,,7,,16.3
238,금산,2022-04-05 11:00,12.8,,.4,0,33,1002.4,1,,8,,19.6
238,금산,2022-04-05 12:00,15.4,,.9,340,24,1001.3,1,,8,,22.7
238,금산,2022-04-05 13:00,17,,2.2,290,12,1000.5,1,,8,,24.5
238,금산,2022-04-05 14:00,17.2,,3.6,270,11,1000.1,1,,8,,25.5
238,금산,2022-04-05 15:00,16.9,,3.5,230,14,999.2,1,,7,,25.4
238,금산,2022-04-05 16:00,16.7,,3.1,270,17,998.8,1,,8,,22.3
238,금산,2022-04-05 17:00,16.1,,2.1,250,19,998.8,.3,,,,18.3
238,금산,2022-04-05 18:00,14.6,,2.5,250,20,999.1,0,,8,,13.9
238,금산,2022-04-05 19:00,13.2,,1.4,290,26,999.4,0,,9,,10.7
238,금산,2022-04-05 20:00,12.2,,1.7,270,26,999.8,,,9,,8.9
238,금산,2022-04-05 21:00,11.1,,1.4,290,28,1000.3,,,6,,7.5
238,금산,2022-04-05 22:00,8.2,,.4,0,42,1000.7,,,7,,6.1
238,금산,2022-04-05 23:00,7.2,,.3,0,47,1000.9,,,8,,5.2
238,금산,2022-04-06 00:00,6.1,,.1,0,52,1001.3,,,6,,4.6
238,금산,2022-04-06 01:00,4.9,,.6,290,56,1001.5,,,4,,3.4
238,금산,2022-04-06 02:00,3.9,,.2,0,62,1001.1,,,0,,2.7
238,금산,2022-04-06 03:00,3,,.5,290,63,1001.1,,,0,,2.3
238,금산,2022-04-06 04:00,2.3,,.6,290,67,1001.4,,,0,,2
238,금산,2022-04-06 05:00,2,,.6,320,70,1001.6,,,7,,2.6
238,금산,2022-04-06 06:00,2,,.3,0,71,1001.6,,,0,,1.8
238,금산,2022-04-06 07:00,1.9,,.6,270,72,1001.8,0,,2,,2.4
238,금산,2022-04-06 08:00,4.6,,.2,0,61,1001.7,1,,,,4.7
238,금산,2022-04-06 09:00,8.2,,.6,110,46,1001.7,1,,0,,8.4
238,금산,2022-04-06 10:00,12,,.8,50,30,1001.8,1,,0,,17.9
238,금산,2022-04-06 11:00,14.4,,1.5,360,30,1001.5,1,,0,,24.2
238,금산,2022-04-06 12:00,16.9,,1.6,340,35,1001.1,1,,1,,29.4
238,금산,2022-04-06 13:00,18,,1.7,360,24,1000.4,1,,0,,33
238,금산,2022-04-06 14:00,19,,1.7,340,22,999.8,1,,0,,34.5
238,금산,2022-04-06 15:00,19.6,,2.5,20,23,998.7,1,,0,,33.2
238,금산,2022-04-06 16:00,19.7,,2.2,20,26,997.7,1,,0,,29.8
238,금산,2022-04-06 17:00,19.3,,1.5,290,29,997.4,1,,0,,25
238,금산,2022-04-06 18:00,18.2,,1.3,360,30,997.2,1,,0,,18.2
238,금산,2022-04-06 19:00,15.9,,.8,320,37,997.4,.2,,0,,13.5
238,금산,2022-04-06 20:00,13.6,,.5,320,52,997.9,,,0,,10.7
238,금산,2022-04-06 21:00,12.8,,1.2,320,60,998.7,,,0,,9.3
238,금산,2022-04-06 22:00,10.9,,.4,0,69,998.6,,,0,,8.2
238,금산,2022-04-06 23:00,8.8,,.1,0,78,998.2,,,5,,7
238,금산,2022-04-07 00:00,8.3,,.5,270,81,998.4,,,0,,6.4
238,금산,2022-04-07 01:00,7.5,,.6,250,83,998.2,,,1,,5.8
238,금산,2022-04-07 02:00,7.1,,0,0,86,997.8,,,5,,5.8
238,금산,2022-04-07 03:00,7.4,,0,0,83,997.5,,,9,,6.7
238,금산,2022-04-07 04:00,7.5,0,.8,200,80,997.3,,,10,,7.3
238,금산,2022-04-07 05:00,6.8,3.4,.6,90,94,997.4,,,10,,7.4
238,금산,2022-04-07 06:00,6.7,.4,.3,0,94,997.3,,,9,,7.4
238,금산,2022-04-07 07:00,6.8,,.3,0,94,997.5,0,,9,,7.8
238,금산,2022-04-07 08:00,6.6,.2,.2,0,95,997.9,0,,10,,8.1
238,금산,2022-04-07 09:00,7.3,0,.9,90,92,997.9,0,,9,,11.1
238,금산,2022-04-07 10:00,9.1,,.4,0,87,998,0,,8,,16.4
238,금산,2022-04-07 11:00,12.6,,1.7,360,60,997.5,.8,,0,,22.6
238,금산,2022-04-07 12:00,13.7,,2.8,250,44,997.1,1,,2,,25.5
238,금산,2022-04-07 13:00,15.4,,2,320,38,996.3,1,,0,,27.2
238,금산,2022-04-07 14:00,16.2,,2.2,290,37,995.8,1,,0,,27.4
238,금산,2022-04-07 15:00,17,,2.8,340,36,995.4,1,,0,,26.7
238,금산,2022-04-07 16:00,17.2,,2,290,34,995.2,1,,0,,25.8
238,금산,2022-04-07 17:00,16.8,,1.7,290,33,995.5,1,,0,,22.2
238,금산,2022-04-07 18:00,14.8,,2.4,270,35,995.9,1,,0,,14.8
238,금산,2022-04-07 19:00,12.8,,2,270,37,997.1,.5,,0,,10.8
238,금산,2022-04-07 20:00,11.1,,2.1,270,35,998,,,0,,8.5
238,금산,2022-04-07 21:00,9.6,,.8,290,33,998.9,,,0,,6.9
238,금산,2022-04-07 22:00,6.9,,.3,0,51,999.3,,,0,,5.6
238,금산,2022-04-07 23:00,6,,.4,0,54,999.6,,,0,,4.7
238,금산,2022-04-08 00:00,5.1,,.4,0,58,999.8,,,0,,3.9
238,금산,2022-04-08 01:00,4,,.4,0,63,1000.3,,,0,,3.1
238,금산,2022-04-08 02:00,2.8,,1,340,70,1000.2,,,0,,2.5
238,금산,2022-04-08 03:00,2.3,,.3,0,70,1000.2,,,0,,1.9
238,금산,2022-04-08 04:00,.9,,.8,270,76,1000.1,,,0,,1.4
238,금산,2022-04-08 05:00,.3,,0,0,81,1000.3,,,0,,1
238,금산,2022-04-08 06:00,-.1,,.4,0,80,1000.6,,,0,,.8
238,금산,2022-04-08 07:00,1.1,,.1,0,78,1001.1,.5,,0,,1.3
238,금산,2022-04-08 08:00,4.1,,.7,90,65,1001.2,1,,0,,3.4
238,금산,2022-04-08 09:00,8.5,,.5,20,53,1001.2,1,,0,,7.6
238,금산,2022-04-08 10:00,11.8,,.6,230,39,1001,1,,0,,18.6
238,금산,2022-04-08 11:00,16.2,,1.1,110,30,1000.7,1,,0,,25.1
238,금산,2022-04-08 12:00,18.9,,1.5,20,26,999.5,1,,0,,29.7
238,금산,2022-04-08 13:00,20.3,,1.5,270,23,998.4,1,,0,,32.9
238,금산,2022-04-08 14:00,21.9,,2.7,250,21,997.7,1,,0,,34.1
238,금산,2022-04-08 15:00,21.6,,3.1,270,20,996.9,1,,0,,33.3
238,금산,2022-04-08 16:00,21.8,,2.3,270,21,996.3,1,,0,,31.1
238,금산,2022-04-08 17:00,20.9,,2.4,270,22,996.2,1,,0,,26.5
238,금산,2022-04-08 18:00,19.7,,2.1,270,25,996.1,1,,0,,18.7
238,금산,2022-04-08 19:00,17.7,,.5,290,29,995.9,.6,,0,,14
238,금산,2022-04-08 20:00,14.2,,.8,290,43,996.3,,,0,,10.9
238,금산,2022-04-08 21:00,12.2,,.3,0,52,996.8,,,0,,8.9
238,금산,2022-04-08 22:00,10.2,,.5,290,59,997,,,0,,7.6
238,금산,2022-04-08 23:00,9.4,,.3,0,61,996.8,,,0,,6.6
238,금산,2022-04-09 00:00,7.9,,.5,290,67,996.4,,,0,,6
238,금산,2022-04-09 01:00,7,,.4,0,71,996.1,,,0,,5.4
238,금산,2022-04-09 02:00,6.5,,.5,290,72,995.9,,,0,,4.9
238,금산,2022-04-09 03:00,6,,.6,290,74,995.8,,,2,,4.6
238,금산,2022-04-09 04:00,5.9,,.3,0,76,995.7,,,0,,4.4
238,금산,2022-04-09 05:00,5.6,,.5,320,79,995.8,,,0,,4.4
238,금산,2022-04-09 06:00,5.4,,.3,0,80,996,,,0,,4.5
238,금산,2022-04-09 07:00,6.6,,.6,290,75,996.2,0,,0,,5.6
238,금산,2022-04-09 08:00,10.5,,.6,340,58,996,1,,0,,8.3
238,금산,2022-04-09 09:00,16.3,,.7,360,39,995.7,1,,0,,12.7
238,금산,2022-04-09 10:00,20.9,,1.2,110,29,995.7,1,,0,,22
238,금산,2022-04-09 11:00,22.8,,2,200,33,994.9,1,,0,,28.4
238,금산,2022-04-09 12:00,23.7,,2.8,250,31,994.3,1,,1,,32.8
238,금산,2022-04-09 13:00,25,,3.1,270,28,994,1,,5,,36.6
238,금산,2022-04-09 14:00,25.4,,2.7,290,28,993.6,1,,0,,37.2
238,금산,2022-04-09 15:00,25.4,,2.9,270,29,993.2,1,,0,,36.3
238,금산,2022-04-09 16:00,25.1,,2.5,270,30,993,1,,0,,33.5
238,금산,2022-04-09 17:00,24.5,,2.5,270,31,992.8,1,,,,28.9
238,금산,2022-04-09 18:00,23,,2.4,290,35,993.3,1,,0,,21.8
238,금산,2022-04-09 19:00,20.5,,1.5,290,40,993.6,.3,,0,,17.1
238,금산,2022-04-09 20:00,18.5,,1.6,340,44,994.6,,,0,,14.4
238,금산,2022-04-09 21:00,17.2,,.8,320,47,995.5,,,0,,12.7
238,금산,2022-04-09 22:00,14.7,,.1,0,58,995.8,,,0,,11.1
238,금산,2022-04-09 23:00,12.8,,.8,250,67,995.9,,,0,,9.8
238,금산,2022-04-10 00:00,11.4,,.3,0,72,996.1,,,0,,8.6
238,금산,2022-04-10 01:00,10.1,,.2,0,76,996.2,,,0,,7.6
238,금산,2022-04-10 02:00,8.6,,.1,0,82,996.1,,,0,,6.8
238,금산,2022-04-10 03:00,8.3,,0,0,80,995.6,,,0,,6.2
238,금산,2022-04-10 04:00,7.1,,.4,0,86,995.4,,,1,,5.7
238,금산,2022-04-10 05:00,6.9,,.2,0,83,995.8,,,0,,5.2
238,금산,2022-04-10 06:00,6.1,,.2,0,87,996.4,,,0,,4.9
238,금산,2022-04-10 07:00,6.9,,.1,0,87,997.3,.2,,0,,5.9
238,금산,2022-04-10 08:00,10.8,,.3,0,69,997.5,1,,0,,8.3
238,금산,2022-04-10 09:00,15.3,,.4,0,51,997.6,1,,0,,12.6
238,금산,2022-04-10 10:00,19,,1,140,36,997.6,1,,0,,23.2
238,금산,2022-04-10 11:00,21,,1.2,320,29,997.3,1,,0,,30.6
238,금산,2022-04-10 12:00,23.2,,1.3,20,26,996.3,1,,3,,36.4
238,금산,2022-04-10 13:00,24.6,,1.7,360,20,995.2,1,,5,,38
238,금산,2022-04-10 14:00,25.8,,1.9,320,19,994.4,1,,5,,38.9
238,금산,2022-04-10 15:00,25.7,,2.2,360,20,993.7,1,,7,,34.9
238,금산,2022-04-10 16:00,25,,2,320,24,993.5,.7,,7,,29.9
238,금산,2022-04-10 17:00,23.9,,2.6,290,26,993.7,0,,8,,25.1
238,금산,2022-04-10 18:00,22.6,,2.2,290,30,994,0,,7,,20.9
238,금산,2022-04-10 19:00,19.2,,1.6,320,49,995.1,0,,5,,16.8
238,금산,2022-04-10 20:00,17.3,,1.1,340,52,995.9,,,7,,14.8
238,금산,2022-04-10 21:00,16.7,,.7,340,55,996.6,,,9,,13.6
238,금산,2022-04-10 22:00,15.6,,.4,0,62,996.6,,,10,,12.9
238,금산,2022-04-10 23:00,14.3,,.4,0,66,996.3,,,10,,12.3
238,금산,2022-04-11 00:00,13.6,,0,0,70,996.1,,,9,,11.5
238,금산,2022-04-11 01:00,12.2,,.4,0,76,995.9,,,7,,10.2
238,금산,2022-04-11 02:00,11.6,,.4,0,79,995.8,,,9,,9.8
238,금산,2022-04-11 03:00,10.8,,.2,0,82,995.3,,,6,,8.6
238,금산,2022-04-11 04:00,9.7,,.4,0,88,995.4,,,6,,7.9
238,금산,2022-04-11 05:00,9.5,,.5,290,87,995.5,,,6,,7.6
238,금산,2022-04-11 06:00,8.6,,.3,0,90,995.7,,,4,,7.1
238,금산,2022-04-11 07:00,9.6,,.1,0,89,995.6,.5,,0,,8.5
238,금산,2022-04-11 08:00,12.7,,.3,0,75,995.4,1,,5,,10.8
238,금산,2022-04-11 09:00,17.3,,1.1,70,61,995.1,1,,0,,15.3
238,금산,2022-04-11 10:00,20.8,,1.2,70,55,994.6,1,,0,,26.1
238,금산,2022-04-11 11:00,21.9,,1.6,20,53,994,.8,,2,,26.7
238,금산,2022-04-11 12:00,24.4,,1.2,320,44,992.8,.8,,5,,38.1
238,금산,2022-04-11 13:00,25.3,,1.4,20,41,991.6,.7,,5,,38.7
238,금산,2022-04-11 14:00,25.3,,1.8,70,37,990.7,.9,,0,,38.7
238,금산,2022-04-11 15:00,25.4,,1.8,360,37,990.2,.3,,6,,30
238,금산,2022-04-11 16:00,25.3,,.8,70,36,989.9,0,,5,,27.5
238,금산,2022-04-11 17:00,25.6,,.9,20,37,989.3,.8,,3,,29.4
238,금산,2022-04-11 18:00,24.9,,1.2,270,40,989.1,1,,0,,23.3
238,금산,2022-04-11 19:00,22.9,,1.1,290,50,989.5,.4,,0,,19.1
238,금산,2022-04-11 20:00,20.5,,.4,0,60,990.6,0,,0,,16.5
238,금산,2022-04-11 21:00,20.1,,1.5,290,63,991.5,,,0,,15.7
238,금산,2022-04-11 22:00,17.9,,.1,0,71,991.9,,,0,,14.1
238,금산,2022-04-11 23:00,16.3,,.3,0,79,991.9,,,0,,12.9
238,금산,2022-04-12 00:00,14.9,,.1,0,84,991.8,,,0,,11.9
238,금산,2022-04-12 01:00,13.8,,.4,0,90,991.8,,,0,,11.3
238,금산,2022-04-12 02:00,13.2,,.5,290,91,991.1,,,0,,10.2
238,금산,2022-04-12 03:00,12.2,,.2,0,95,991.6,,,1,,9.5
238,금산,2022-04-12 04:00,11.2,,.4,0,96,991.3,,,2,,8.7
238,금산,2022-04-12 05:00,10.6,,.4,0,98,991.8,,,3,,8.3
238,금산,2022-04-12 06:00,10.4,,0,0,98,991.6,,,6,,8.1
238,금산,2022-04-12 07:00,10.7,,.2,0,98,991.9,.1,,1,,9.4
238,금산,2022-04-12 08:00,12.9,,0,0,95,991.3,.5,,10,,11.8
238,금산,2022-04-12 09:00,17.2,,.8,110,76,991.2,1,,0,,16.6
238,금산,2022-04-12 10:00,20.7,,.7,70,60,991,1,,0,,26.9
238,금산,2022-04-12 11:00,22.7,,1.5,20,52,991.5,1,,0,,34.2
238,금산,2022-04-12 12:00,25.3,,1.5,250,38,990.4,1,,2,,39.6
238,금산,2022-04-12 13:00,26.7,,2.1,290,36,989.7,1,,0,,42.1
238,금산,2022-04-12 14:00,26.2,,2.4,320,42,989.2,1,,0,,42.2
238,금산,2022-04-12 15:00,26.5,,3.6,230,36,988.6,1,,4,,41.2
238,금산,2022-04-12 16:00,26.8,,3.1,250,35,988.3,1,,0,,38.5
238,금산,2022-04-12 17:00,26.2,,1.7,270,35,988.2,1,,0,,33.3
238,금산,2022-04-12 18:00,24.9,,1.2,270,41,988.3,1,,5,,24.2
238,금산,2022-04-12 19:00,23.1,,1.9,290,49,988.4,.4,,3,,19.5
238,금산,2022-04-12 20:00,20.1,,2.4,340,69,989.3,0,,5,,17.8
238,금산,2022-04-12 21:00,18.8,,2.5,270,77,990.3,,,5,,16.2
238,금산,2022-04-12 22:00,18.1,,3,270,79,990.7,,,5,,15.6
238,금산,2022-04-12 23:00,17.4,,.6,320,82,990.6,,,6,,14.2
238,금산,2022-04-13 00:00,16.7,,.7,290,85,990.7,,,7,,13.9
238,금산,2022-04-13 01:00,15.5,,.1,0,89,990.6,,,9,,13.2
238,금산,2022-04-13 02:00,15.9,,.3,0,88,990.3,,,10,,14.5
238,금산,2022-04-13 03:00,16.1,,.2,0,89,990.4,,,7,,14.2
238,금산,2022-04-13 04:00,16.1,,.3,0,88,990.6,,,9,,14.2
238,금산,2022-04-13 05:00,15.9,,.5,250,89,990.6,,,9,,13.7
238,금산,2022-04-13 06:00,16.1,,.2,0,87,990.6,,,8,,14.4
238,금산,2022-04-13 07:00,16.4,,.5,70,86,990.8,0,,10,,15.1
238,금산,2022-04-13 08:00,16.8,,1,90,84,990.9,0,,10,,16.3
238,금산,2022-04-13 09:00,17,,.7,290,84,991.6,0,,10,,16.7
238,금산,2022-04-13 10:00,18.2,,.1,0,77,992,0,,10,,18.7
238,금산,2022-04-13 11:00,18.6,0,.4,0,74,992.3,0,,10,,19.3
238,금산,2022-04-13 12:00,20.1,0,.5,320,68,992.1,0,,10,,23.1
238,금산,2022-04-13 13:00,18.4,0,1.9,290,80,991.8,0,,10,,18.3
238,금산,2022-04-13 14:00,15.8,.2,2.5,110,88,991.7,0,,10,,16.8
238,금산,2022-04-13 15:00,14.2,.2,2.5,110,88,992.2,0,,10,,15.3
238,금산,2022-04-13 16:00,12.7,4.7,2.6,110,91,992,0,,10,,14.7
238,금산,2022-04-13 17:00,12.1,1.9,1.7,90,92,992.5,0,,10,,13.6
238,금산,2022-04-13 18:00,10.9,2.8,1.9,110,91,993,0,,10,,12.7
238,금산,2022-04-13 19:00,10.2,1.9,2.3,110,91,993.8,0,,10,,11.7
238,금산,2022-04-13 20:00,9.7,4.1,1.7,110,95,994.5,0,,10,,11.3
238,금산,2022-04-13 21:00,9.8,2.3,2,110,93,995.3,,,10,,11.2
238,금산,2022-04-13 22:00,9.5,1.9,1.8,110,95,995.7,,,10,,11
238,금산,2022-04-13 23:00,9.1,1.6,1.7,110,93,995.8,,,10,,10.9
238,금산,2022-04-14 00:00,8.8,.6,1.6,110,92,996.1,,,10,,10.6
238,금산,2022-04-14 01:00,8.5,1.8,1.4,110,92,995.8,,,10,,10.4
238,금산,2022-04-14 02:00,8.3,.4,1.2,110,93,995.1,,,10,,10.4
238,금산,2022-04-14 03:00,8.6,,.8,110,90,994.9,,,10,,10.4
238,금산,2022-04-14 04:00,8.8,,1.4,110,89,994.7,,,10,,10.3
238,금산,2022-04-14 05:00,8.8,,1.4,140,88,995,,,10,,10.1
238,금산,2022-04-14 06:00,9,,.8,70,86,995.2,0,,10,,10.1
238,금산,2022-04-14 07:00,8.8,,1.3,110,86,996,0,,10,,10.2
238,금산,2022-04-14 08:00,9.2,,1.9,90,83,996.3,0,,10,,11
238,금산,2022-04-14 09:00,9.3,,2,110,82,996.7,0,,10,,11.2
238,금산,2022-04-14 10:00,9.7,,1.3,90,80,997.2,0,,10,,11.9
238,금산,2022-04-14 11:00,10.1,,2,110,77,997.3,0,,10,,13.4
238,금산,2022-04-14 12:00,10.3,,2.2,90,74,996.8,0,,10,,14
238,금산,2022-04-14 13:00,10.5,,2.2,90,74,996.3,0,,9,,14
238,금산,2022-04-14 14:00,11,,2.3,110,71,995.6,0,,9,,15.6
238,금산,2022-04-14 15:00,12,,2.4,90,66,994.9,0,,9,,18.1
238,금산,2022-04-14 16:00,12.7,,1.7,70,65,995.1,0,,9,,16.5
238,금산,2022-04-14 17:00,12.7,,2.1,90,64,995.8,.1,,9,,16
238,금산,2022-04-14 18:00,12,,1.8,90,66,996.3,0,,9,,13.9
238,금산,2022-04-14 19:00,11.2,,1.5,90,68,996.4,0,,8,,11.8
238,금산,2022-04-14 20:00,10.8,,1.4,70,70,997.3,0,,1,,11.2
238,금산,2022-04-14 21:00,10.6,,1.2,90,70,997.8,,,6,,10.9
238,금산,2022-04-14 22:00,10.5,,1.3,90,70,998.1,,,7,,10.7
238,금산,2022-04-14 23:00,10.2,,1.9,110,69,998.2,,,8,,10.4
238,금산,2022-04-15 00:00,9.9,,.6,70,70,998.2,,,7,,9.8
238,금산,2022-04-15 01:00,9.7,,1.6,90,69,998.2,,,7,,9.4
238,금산,2022-04-15 02:00,8.6,,.8,20,73,997.7,,,6,,8
238,금산,2022-04-15 03:00,7,,.7,290,84,997.1,,,6,,7
238,금산,2022-04-15 04:00,5.5,,.9,270,91,996.5,,,6,,6.3
238,금산,2022-04-15 05:00,5,,.7,270,93,996.9,,,5,,5.9
238,금산,2022-04-15 06:00,5.1,,.6,270,92,997.4,0,,0,,5.6
238,금산,2022-04-15 07:00,6,,.6,250,90,997.4,.5,,0,,6.3
238,금산,2022-04-15 08:00,9.1,,.7,290,72,998,1,,0,,8.1
238,금산,2022-04-15 09:00,11.1,,1.9,140,64,997.7,1,,0,,11
238,금산,2022-04-15 10:00,12.8,,1.4,110,62,997.5,1,,6,,19.9
238,금산,2022-04-15 11:00,14.5,,1.7,340,44,997.4,1,,3,,23
238,금산,2022-04-15 12:00,15.4,,1.8,340,44,996.3,1,,2,,25.9
238,금산,2022-04-15 13:00,17,,1.8,340,38,995.9,1,,7,,26.8
238,금산,2022-04-15 14:00,17.9,,2.9,360,34,994.8,1,,1,,26.6
238,금산,2022-04-15 15:00,18,,3.3,360,28,993.7,1,,5,,24.9
238,금산,2022-04-15 16:00,18,,2.9,320,32,993.1,.7,,7,,21.4
238,금산,2022-04-15 17:00,16.4,,2.1,320,35,993,.2,,9,,15.9
238,금산,2022-04-15 18:00,15.8,,2.6,320,28,993.5,.4,,6,,13.5
238,금산,2022-04-15 19:00,13.9,,1,320,34,994,.6,,4,,10.7
238,금산,2022-04-15 20:00,12.5,,1.2,270,40,994.9,0,,3,,9.1
238,금산,2022-04-15 21:00,10.3,,1.4,290,52,995.9,,,0,,8
238,금산,2022-04-15 22:00,9.2,,.9,270,57,996.2,,,5,,7.3
238,금산,2022-04-15 23:00,8.1,,.7,270,67,997,,,7,,7.1
238,금산,2022-04-16 00:00,7.1,,.4,0,69,997.1,,,6,,6.7
238,금산,2022-04-16 01:00,6.8,,.2,0,72,996.8,,,7,,6.4
238,금산,2022-04-16 02:00,5.6,,.4,0,80,996.8,,,7,,6.3
238,금산,2022-04-16 03:00,5.2,,.2,0,84,996.8,,,8,,5.7
238,금산,2022-04-16 04:00,4.1,,.3,0,88,997.2,,,5,,4.9
238,금산,2022-04-16 05:00,3.3,,.5,320,91,997.3,,,0,,4.3
238,금산,2022-04-16 06:00,2.6,,.6,270,94,997.3,0,,3,,4
238,금산,2022-04-16 07:00,3.8,,.2,0,90,998.2,.6,,2,,4.7
238,금산,2022-04-16 08:00,6.5,,.4,0,79,998.6,1,,3,,6.7
238,금산,2022-04-16 09:00,9.9,,.8,50,61,998.9,1,,5,,10
238,금산,2022-04-16 10:00,12.5,,.9,290,51,998.9,1,,1,,19.1
238,금산,2022-04-16 11:00,14.3,,1.1,230,42,998.2,1,,0,,24.6
238,금산,2022-04-16 12:00,15.8,,2.2,360,33,997.1,1,,0,,27.1
238,금산,2022-04-16 13:00,16.7,,2.5,250,25,996.5,1,,0,,28.8
238,금산,2022-04-16 14:00,18.3,,1.9,360,24,995.6,1,,0,,27.5
238,금산,2022-04-16 15:00,18.5,,2.1,290,29,995.1,1,,0,,26.7
238,금산,2022-04-16 16:00,18.3,,2.6,320,30,994.7,1,,0,,23.8
238,금산,2022-04-16 17:00,18,,2.5,290,31,994.4,1,,0,,20.5
238,금산,2022-04-16 18:00,16,,2.1,270,37,994.9,1,,1,,14.7
238,금산,2022-04-16 19:00,14.5,,2.2,290,35,995.4,.5,,2,,11.4
238,금산,2022-04-16 20:00,13.3,,2,290,31,996.2,0,,0,,9.3
238,금산,2022-04-16 21:00,11.1,,.6,270,38,996.9,,,3,,8
238,금산,2022-04-16 22:00,9.6,,0,0,45,997,,,5,,7
238,금산,2022-04-16 23:00,7.6,,.2,0,55,997.3,,,0,,5.9
238,금산,2022-04-17 00:00,6,,.3,0,65,997.5,,,5,,5.3
238,금산,2022-04-17 01:00,4.8,,.6,320,69,997.8,,,6,,4.6
238,금산,2022-04-17 02:00,4,,.2,0,72,997.9,,,0,,4
238,금산,2022-04-17 03:00,3,,.5,320,78,998.1,,,0,,3.5
238,금산,2022-04-17 04:00,2.5,,.3,0,81,998.1,,,0,,3
238,금산,2022-04-17 05:00,1.2,,.6,270,85,998.1,,,0,,2.6
238,금산,2022-04-17 06:00,.8,,.6,250,87,998.4,0,,0,,2.2
238,금산,2022-04-17 07:00,2.1,,.4,0,83,998.7,.7,,0,,3.1
238,금산,2022-04-17 08:00,5.4,,.4,0,70,998.7,1,,0,,5
238,금산,2022-04-17 09:00,9.2,,.4,0,53,998.8,1,,0,,8.4
238,금산,2022-04-17 10:00,13.8,,.9,20,37,998.9,1,,0,,19.4
238,금산,2022-04-17 11:00,17.2,,1.9,340,21,998.7,1,,0,,23.9
238,금산,2022-04-17 12:00,18.1,,2.6,320,17,998.4,1,,0,,26.6
238,금산,2022-04-17 13:00,19.2,,1.6,290,18,997.5,1,,0,,28.9
238,금산,2022-04-17 14:00,20.3,,2.3,320,20,997.1,1,,0,,29.5
238,금산,2022-04-17 15:00,20.2,,2.3,360,18,996.5,1,,0,,29.4
238,금산,2022-04-17 16:00,19.6,,2.1,320,23,996.1,1,,0,,27.3
238,금산,2022-04-17 17:00,19.2,,1.9,270,27,995.9,1,,0,,23.6
238,금산,2022-04-17 18:00,18.4,,1.9,290,29,995.7,1,,5,,17.1
238,금산,2022-04-17 19:00,16.4,,.5,270,35,996.3,.4,,2,,13.2
238,금산,2022-04-17 20:00,15.3,,1.6,290,38,996.9,0,,6,,11
238,금산,2022-04-17 21:00,13.6,,1,360,45,997.7,,,8,,10.1
238,금산,2022-04-17 22:00,12.2,,.9,340,48,998,,,8,,9.5
238,금산,2022-04-17 23:00,11.3,,.2,0,57,998.2,,,8,,9.1
238,금산,2022-04-18 00:00,9.7,,.1,0,64,998.6,,,8,,8.2
238,금산,2022-04-18 01:00,8.1,,.6,290,71,998.9,,,8,,7.5
238,금산,2022-04-18 02:00,8.3,,.2,0,71,998.7,,,10,,7.8
238,금산,2022-04-18 03:00,7.8,,.3,0,72,998.7,,,10,,7.9
238,금산,2022-04-18 04:00,7.4,,1,290,76,998.3,,,10,,7.4
238,금산,2022-04-18 05:00,6.9,,.3,0,79,997.9,,,8,,7
238,금산,2022-04-18 06:00,7,,.3,0,79,998.1,0,,10,,7.3
238,금산,2022-04-18 07:00,7.3,,.8,250,79,998.5,0,,10,,8.3
238,금산,2022-04-18 08:00,9.3,,.2,0,69,998.2,0,,10,,11.1
238,금산,2022-04-18 09:00,11.1,,.4,0,64,998.8,0,,10,,14.3
238,금산,2022-04-18 10:00,13.7,,.4,0,50,998.7,.3,,9,,19.1
238,금산,2022-04-18 11:00,18,,1.7,360,29,998.4,.6,,9,,22
238,금산,2022-04-18 12:00,18.1,,1.4,290,23,997.8,0,,10,,20.8
238,금산,2022-04-18 13:00,19.1,,1.8,340,23,996.9,.5,,9,,25.1
238,금산,2022-04-18 14:00,20.7,,2.1,360,19,996.1,1,,5,,31.1
238,금산,2022-04-18 15:00,21.2,,2.9,340,20,995.5,1,,2,,30.8
238,금산,2022-04-18 16:00,21,,2.1,320,20,995.3,1,,0,,29.2
238,금산,2022-04-18 17:00,20.2,,3.3,290,21,995.2,1,,6,,24.7
238,금산,2022-04-18 18:00,19.4,,1.8,290,26,995.2,.7,,7,,18.6
238,금산,2022-04-18 19:00,17.3,,2.2,290,27,995.7,.5,,4,,14.5
238,금산,2022-04-18 20:00,15.4,,1.3,290,30,996.7,0,,7,,11.9
238,금산,2022-04-18 21:00,13.8,,.7,290,33,997.9,,,6,,10.3
238,금산,2022-04-18 22:00,11.9,,.6,230,41,998.2,,,7,,8.9
238,금산,2022-04-18 23:00,9.7,,1.1,270,49,998.4,,,6,,7.8
238,금산,2022-04-19 00:00,8,,.9,290,57,998.6,,,5,,7
238,금산,2022-04-19 01:00,6.8,,.9,290,64,998.6,,,5,,6.1
238,금산,2022-04-19 02:00,5.9,,.5,290,68,998.1,,,4,,5.4
238,금산,2022-04-19 03:00,5.6,,.1,0,71,997.8,,,8,,6.1
238,금산,2022-04-19 04:00,5.8,,.5,340,70,997.6,,,6,,6.1
238,금산,2022-04-19 05:00,4.9,,.4,0,75,997.5,,,6,,5
238,금산,2022-04-19 06:00,3.9,,.3,0,80,997.7,0,,5,,4.3
238,금산,2022-04-19 07:00,5.1,,.1,0,77,998.1,.4,,3,,5.8
238,금산,2022-04-19 08:00,7.4,,.2,0,67,998.2,.4,,6,,9.3
238,금산,2022-04-19 09:00,10.4,,.5,270,53,998.3,.8,,7,,13.1
238,금산,2022-04-19 10:00,13.2,,.3,0,45,998.2,.6,,7,,17.8
238,금산,2022-04-19 11:00,17.7,,.7,70,28,997.9,1,,2,,27.2
238,금산,2022-04-19 12:00,20.4,,1.1,90,26,997,1,,5,,32.6
238,금산,2022-04-19 13:00,22.3,,2.8,320,16,996.2,1,,5,,34.7
238,금산,2022-04-19 14:00,22.3,,3.2,320,15,995.7,1,,4,,35
238,금산,2022-04-19 15:00,22.4,,3.2,320,14,995.3,1,,0,,34.6
238,금산,2022-04-19 16:00,22.4,,2.5,320,21,995,1,,0,,32.5
238,금산,2022-04-19 17:00,21.1,,2.1,290,22,995,1,,0,,28.3
238,금산,2022-04-19 18:00,19.2,,2.2,270,20,995.3,1,,0,,19.5
238,금산,2022-04-19 19:00,17.3,,1.3,290,20,995.6,.6,,0,,15
238,금산,2022-04-19 20:00,14.9,,.8,270,32,996.2,0,,0,,11.7
238,금산,2022-04-19 21:00,14.4,,.9,270,35,996.8,,,0,,10.5
238,금산,2022-04-19 22:00,11.9,,.2,0,45,997.3,,,0,,9
238,금산,2022-04-19 23:00,9.8,,0,0,56,997.5,,,0,,7.7
238,금산,2022-04-20 00:00,7.6,,.3,0,62,998,,,0,,6.9
238,금산,2022-04-20 01:00,6.4,,.1,0,69,997.9,,,0,,6
238,금산,2022-04-20 02:00,5.5,,.8,290,73,997.5,,,0,,5.4
238,금산,2022-04-20 03:00,4.6,,.7,270,76,997.2,,,0,,4.8
238,금산,2022-04-20 04:00,3.9,,.7,270,78,997,,,5,,4.3
238,금산,2022-04-20 05:00,3.1,,.6,290,82,997,,,0,,3.9
238,금산,2022-04-20 06:00,2.7,,.3,0,84,997.4,0,,0,,3.5
238,금산,2022-04-20 07:00,4,,.1,0,81,997.8,.7,,6,,4.7
238,금산,2022-04-20 08:00,7.2,,.5,200,66,997.9,1,,0,,6.9
238,금산,2022-04-20 09:00,11.9,,.4,0,49,997.8,1,,0,,10.6
238,금산,2022-04-20 10:00,15.7,,.8,50,31,997.4,1,,0,,22.3
238,금산,2022-04-20 11:00,18.8,,1.2,340,25,997,1,,0,,29.6
238,금산,2022-04-20 12:00,21.5,,2.7,290,18,995.9,1,,0,,34.5
238,금산,2022-04-20 13:00,21.3,,3.5,270,18,995.4,1,,0,,37.2
238,금산,2022-04-20 14:00,21.6,,3.1,250,18,994.7,1,,0,,38.8
238,금산,2022-04-20 15:00,22.3,,2.9,270,18,993.8,1,,0,,37.3
238,금산,2022-04-20 16:00,22.2,,2,250,20,993,1,,0,,35
238,금산,2022-04-20 17:00,21.6,,2.4,290,23,992.9,1,,2,,29.5
238,금산,2022-04-20 18:00,19.7,,2.5,290,30,993,1,,0,,20.6
238,금산,2022-04-20 19:00,17.6,,1.3,340,34,993.5,.6,,0,,16.1
238,금산,2022-04-20 20:00,15.4,,.7,340,38,994.1,0,,0,,13
238,금산,2022-04-20 21:00,13.4,,1.1,320,46,994.8,,,0,,11.4
238,금산,2022-04-20 22:00,11.2,,.9,250,56,995,,,0,,9.9
238,금산,2022-04-20 23:00,9.3,,.4,0,64,995.1,,,0,,8.5
238,금산,2022-04-21 00:00,8.6,,.7,290,67,995.1,,,0,,7.6
238,금산,2022-04-21 01:00,7.4,,.4,0,72,995,,,2,,7.1
238,금산,2022-04-21 02:00,6.2,,.3,0,78,994.6,,,2,,6.4
238,금산,2022-04-21 03:00,5.8,,.5,290,81,994.2,,,7,,6.5
238,금산,2022-04-21 04:00,5.5,,.7,320,83,993.8,,,8,,6.6
238,금산,2022-04-21 05:00,5.2,,.2,0,85,993.4,,,6,,5.6
238,금산,2022-04-21 06:00,4.6,,.4,0,88,993.3,0,,7,,5.9
238,금산,2022-04-21 07:00,5.7,,.3,0,85,993.3,0,,9,,7.8
238,금산,2022-04-21 08:00,7.3,,.5,320,80,993.3,0,,10,,10.4
238,금산,2022-04-21 09:00,9.4,,.1,0,71,993.6,0,,10,,13.3
238,금산,2022-04-21 10:00,12.7,,.8,140,57,993.1,.2,,10,,18.2
238,금산,2022-04-21 11:00,15.3,,.1,0,50,993,0,,10,,18.7
238,금산,2022-04-21 12:00,16.3,,.5,360,46,993,0,,10,,18.7
238,금산,2022-04-21 13:00,17.7,,1.7,160,28,992.2,0,,10,,19.5
238,금산,2022-04-21 14:00,17.5,,2.2,140,34,992,0,,10,,20.5
238,금산,2022-04-21 15:00,19,,2.7,160,30,991.3,.7,,7,,32
238,금산,2022-04-21 16:00,18.3,,3.8,160,37,990.6,1,,0,,29.8
238,금산,2022-04-21 17:00,18.6,,3.1,160,38,990.2,1,,0,,25.7
238,금산,2022-04-21 18:00,18.1,,.9,230,37,990.5,1,,0,,19.1
238,금산,2022-04-21 19:00,16.4,,.5,290,39,990.7,.3,,0,,14.4
238,금산,2022-04-21 20:00,13.1,,.2,0,55,990.8,0,,0,,11.5
238,금산,2022-04-21 21:00,11.1,,.5,250,63,991.2,,,0,,10
238,금산,2022-04-21 22:00,10,,.6,270,69,991.3,,,0,,8.9
238,금산,2022-04-21 23:00,8.8,,.5,270,74,991.5,,,0,,8.1
238,금산,2022-04-22 00:00,8.1,,.5,290,78,992,,,6,,7.5
238,금산,2022-04-22 01:00,7.5,,.4,0,81,992,,,1,,7
238,금산,2022-04-22 02:00,6.8,,.8,270,84,992,,,0,,6.5
238,금산,2022-04-22 03:00,6.7,,.6,340,86,991.9,,,0,,6.3
238,금산,2022-04-22 04:00,7,,.8,20,85,991.6,,,1,,6.1
238,금산,2022-04-22 05:00,6.1,,.8,320,91,991.7,,,5,,5.9
238,금산,2022-04-22 06:00,5.9,,.2,0,93,991.8,0,,7,,5.7
238,금산,2022-04-22 07:00,7.9,,.4,0,89,992.2,.4,,2,,7.4
238,금산,2022-04-22 08:00,11.6,,.6,360,73,992,1,,0,,10.5
238,금산,2022-04-22 09:00,18.7,,3.3,230,48,991.6,1,,6,,15.6
238,금산,2022-04-22 10:00,20.4,,3.2,200,47,991.3,.5,,6,,24.6
238,금산,2022-04-22 11:00,22.7,,2.3,230,44,990.7,.9,,6,,31.5
238,금산,2022-04-22 12:00,22.7,,2.6,270,46,990.1,.1,,8,,26.7
238,금산,2022-04-22 13:00,23.1,,3.3,250,46,989.7,.4,,8,,31
238,금산,2022-04-22 14:00,24.5,,3.6,250,44,989.2,.7,,10,,36.3
238,금산,2022-04-22 15:00,22.5,,3.6,320,49,988.8,.2,,9,,27.1
238,금산,2022-04-22 16:00,22.1,,3.5,250,51,988.6,.7,,4,,31.6
238,금산,2022-04-22 17:00,21.8,,2.5,290,53,988.7,1,,0,,28.3
238,금산,2022-04-22 18:00,19.6,,2.9,270,61,988.9,1,,3,,22.2
238,금산,2022-04-22 19:00,17.9,,2.9,270,69,989.6,0,,3,,17.8
238,금산,2022-04-22 20:00,16.4,,2.6,290,76,990,0,,7,,15.6
238,금산,2022-04-22 21:00,15.1,,3.3,270,83,991.3,,,7,,14.7
238,금산,2022-04-22 22:00,14.1,,1.9,270,90,992.1,,,8,,14.8
238,금산,2022-04-22 23:00,14.2,,1.1,290,89,992.2,,,9,,14.5
238,금산,2022-04-23 00:00,14,,.6,290,90,992.3,,,7,,14.4
238,금산,2022-04-23 01:00,13.9,,1,270,90,992.2,,,8,,14.2
238,금산,2022-04-23 02:00,13.8,,1.1,320,91,992.2,,,6,,14
238,금산,2022-04-23 03:00,13.9,,.6,360,90,992.4,,,8,,13.7
238,금산,2022-04-23 04:00,13.5,,.3,0,92,992.1,,,9,,12.8
238,금산,2022-04-23 05:00,13.1,,.5,320,93,992.4,,,8,,12.6
238,금산,2022-04-23 06:00,12.3,,.5,270,96,992.8,0,,7,,11
238,금산,2022-04-23 07:00,13.2,,.6,320,93,993.3,.2,,7,,12.5
238,금산,2022-04-23 08:00,14.6,,.7,110,80,994,.8,,7,,15.1
238,금산,2022-04-23 09:00,15.8,,1.3,110,72,993.8,.9,,6,,17.1
238,금산,2022-04-23 10:00,17.3,,1.2,90,62,993.6,.6,,9,,23.5
238,금산,2022-04-23 11:00,19.5,,1.3,360,45,992.9,.6,,8,,29.7
238,금산,2022-04-23 12:00,21.1,,.9,140,38,992.1,1,,8,,34.9
238,금산,2022-04-23 13:00,23.2,,1.5,140,31,991.2,.9,,7,,39
238,금산,2022-04-23 14:00,23.9,,1.6,200,25,990,.7,,8,,34.3
238,금산,2022-04-23 15:00,24.6,,.8,140,21,989.1,.7,,8,,35.2
238,금산,2022-04-23 16:00,25,,.8,110,27,988.5,.8,,7,,32.4
238,금산,2022-04-23 17:00,24.8,,1.4,140,28,988.7,.4,,7,,27.2
238,금산,2022-04-23 18:00,23.6,,1.1,270,27,989,.3,,7,,22.8
238,금산,2022-04-23 19:00,20.9,,.3,0,39,989.4,0,,9,,18.7
238,금산,2022-04-23 20:00,18.4,,.7,290,49,990,0,,9,,16.2
238,금산,2022-04-23 21:00,17.5,,.2,0,55,990.7,,,8,,14.7
238,금산,2022-04-23 22:00,16.4,,.2,0,57,990.9,,,8,,13.5
238,금산,2022-04-23 23:00,14.9,,.5,290,65,991,,,7,,12.8
238,금산,2022-04-24 00:00,15.4,,.1,0,70,991,,,9,,12.4
238,금산,2022-04-24 01:00,14.2,,.6,180,73,991,,,7,,11.7
238,금산,2022-04-24 02:00,12.9,,.1,0,83,990.8,,,7,,11
238,금산,2022-04-24 03:00,11.8,,.5,290,88,991.1,,,4,,10.4
238,금산,2022-04-24 04:00,11.3,,.6,290,92,991.5,,,2,,10
238,금산,2022-04-24 05:00,12.1,,.1,0,90,991.8,,,6,,12.2
238,금산,2022-04-24 06:00,12.5,,.1,0,87,991.7,0,,9,,12.4
238,금산,2022-04-24 07:00,13.1,,.3,0,87,991.8,.1,,9,,13.3
238,금산,2022-04-24 08:00,14.5,,.2,0,80,991.8,.1,,9,,16.1
238,금산,2022-04-24 09:00,17.6,,.8,90,71,991.4,1,,2,,18.2
238,금산,2022-04-24 10:00,19.9,,.9,110,62,991.3,1,,0,,29.4
238,금산,2022-04-24 11:00,22.4,,1.2,50,56,990.7,1,,1,,36.2
238,금산,2022-04-24 12:00,24.5,,2.7,270,46,990.3,.8,,0,,41.4
238,금산,2022-04-24 13:00,25.2,,2.3,320,41,989.6,1,,0,,43.5
238,금산,2022-04-24 14:00,25.5,,2.7,270,45,989.1,1,,0,,44.3
238,금산,2022-04-24 15:00,25.7,,3.2,230,36,988.3,1,,0,,43.2
238,금산,2022-04-24 16:00,25.6,,3.2,270,38,988.4,1,,0,,39.3
238,금산,2022-04-24 17:00,24.4,,2.6,250,42,988.6,1,,0,,34.8
238,금산,2022-04-24 18:00,22.6,,3.3,230,49,989.2,1,,0,,24.9
238,금산,2022-04-24 19:00,20.6,,1.8,290,60,989.7,.3,,0,,20.1
238,금산,2022-04-24 20:00,18.7,,.8,250,70,990.6,0,,5,,17.1
238,금산,2022-04-24 21:00,17.4,,1.4,290,75,991.7,,,7,,15.8
238,금산,2022-04-24 22:00,15.9,,.6,340,80,992.3,,,7,,14.8
238,금산,2022-04-24 23:00,15.1,,.6,320,86,992.3,,,0,,13.2
238,금산,2022-04-25 00:00,13.2,,1,270,92,992.3,,,2,,12.4
238,금산,2022-04-25 01:00,12.8,,.2,0,94,992.3,,,6,,11.6
238,금산,2022-04-25 02:00,11.7,,.2,0,97,992.4,,,5,,10.8
238,금산,2022-04-25 03:00,12.2,,.2,0,96,992.4,,,9,,12.6
238,금산,2022-04-25 04:00,13.1,,.3,0,93,992.7,,,5,,13.6
238,금산,2022-04-25 05:00,13.3,,.5,110,93,992.9,,,7,,13.9
238,금산,2022-04-25 06:00,13.7,,.5,90,92,993.4,0,,7,,14.1
238,금산,2022-04-25 07:00,14,,.5,180,92,993.8,0,,9,,15
238,금산,2022-04-25 08:00,14.9,,.9,90,89,994,0,,7,,17.1
238,금산,2022-04-25 09:00,15.9,,1.1,140,81,993.9,0,,9,,19.8
238,금산,2022-04-25 10:00,17.4,,1.6,200,74,993.7,.5,,5,,28.4
238,금산,2022-04-25 11:00,20.4,,.7,90,60,992.8,1,,7,,33.2
238,금산,2022-04-25 12:00,23.4,,.5,290,48,992,.9,,8,,36.5
238,금산,2022-04-25 13:00,24.5,,.5,180,32,991.4,.2,,9,,32.6
238,금산,2022-04-25 14:00,25.9,,.7,360,29,990.1,0,,10,,32.7
238,금산,2022-04-25 15:00,25.6,,1.1,270,27,989.5,0,,10,,29.3
238,금산,2022-04-25 16:00,24.6,,.5,320,34,988.5,0,,10,,24.7
238,금산,2022-04-25 17:00,23,,1,250,45,988.5,0,,10,,22.8
238,금산,2022-04-25 18:00,21.8,,.4,0,50,987.6,0,,10,,20.4
238,금산,2022-04-25 19:00,20.5,,.6,270,54,988.2,0,,10,,18.5
238,금산,2022-04-25 20:00,19.2,,.5,200,61,989.3,0,,10,,17.3
238,금산,2022-04-25 21:00,18.8,,.1,0,64,988.6,,,10,,16.8
238,금산,2022-04-25 22:00,17.7,0,.6,290,70,988,,,10,,16.3
238,금산,2022-04-25 23:00,15.7,2.9,.4,0,94,987.4,,,10,,15.8
238,금산,2022-04-26 00:00,15.5,6.2,1.1,140,98,985.7,,,10,,15.6
238,금산,2022-04-26 01:00,14.9,7.3,1.7,140,98,984.5,,,10,,15.3
238,금산,2022-04-26 02:00,15,.7,.9,180,97,983.3,,,10,,15.3
238,금산,2022-04-26 03:00,15.1,0,.9,180,97,981.9,,,10,,15.4
238,금산,2022-04-26 04:00,15,1.6,.7,140,98,981.4,,,10,,15.5
238,금산,2022-04-26 05:00,15.1,1.3,.7,140,99,980.8,,,10,,15.5
238,금산,2022-04-26 06:00,15,.9,.6,320,100,980.4,0,,10,,15.4
238,금산,2022-04-26 07:00,15.3,1.3,.4,0,100,980.7,0,,10,,15.7
238,금산,2022-04-26 08:00,15.7,2.2,.8,290,99,981,0,,10,,16.5
238,금산,2022-04-26 09:00,15.9,1,1.7,290,98,981.2,0,,10,,17.1
238,금산,2022-04-26 10:00,16.3,1,.6,340,97,981.3,0,,10,,18.5
238,금산,2022-04-26 11:00,17,.2,1.1,360,95,981.4,0,,9,,19.9
238,금산,2022-04-26 12:00,17.6,,.5,290,92,981.4,0,,9,,19.8
238,금산,2022-04-26 13:00,17.6,0,1.4,340,95,981.7,0,,9,,18.9
238,금산,2022-04-26 14:00,18.6,,1,340,91,981.9,0,,8,,20
238,금산,2022-04-26 15:00,20.2,,1,270,79,981.7,.1,,9,,24.9
238,금산,2022-04-26 16:00,20.7,,.6,250,75,981.9,.4,,10,,24.2
238,금산,2022-04-26 17:00,20.9,,.7,290,76,982.3,0,,10,,22.5
238,금산,2022-04-26 18:00,20.4,,.7,250,80,982.7,0,,9,,20.4
238,금산,2022-04-26 19:00,19.4,,1.5,250,85,983.8,0,,10,,18.5
238,금산,2022-04-26 20:00,18.4,,1,290,88,985.2,0,,10,,17
238,금산,2022-04-26 21:00,17.9,,.5,290,87,986.6,,,7,,15.9
238,금산,2022-04-26 22:00,17.1,,.7,290,86,987.5,,,0,,14.9
238,금산,2022-04-26 23:00,16,,0,0,91,987.6,,,0,,13.8
238,금산,2022-04-27 00:00,14.3,,1,320,98,988.5,,,4,,13.4
238,금산,2022-04-27 01:00,14.8,,.6,340,91,989.1,,,0,,12.9
238,금산,2022-04-27 02:00,13.8,,.1,0,93,989.9,,,1,,11.8
238,금산,2022-04-27 03:00,13.2,,.8,270,80,990.6,,,6,,10.9
238,금산,2022-04-27 04:00,10.9,,.3,0,81,991.2,,,5,,9.9
238,금산,2022-04-27 05:00,9.1,,.1,0,91,991.7,,,6,,8.9
238,금산,2022-04-27 06:00,8.3,,.6,230,90,992.8,0,,1,,8.7
238,금산,2022-04-27 07:00,9.9,,.1,0,81,993.4,.8,,6,,9.8
238,금산,2022-04-27 08:00,12.2,,.6,320,67,993.8,.9,,5,,11.6
238,금산,2022-04-27 09:00,14.8,,1.3,360,36,994.2,1,,6,,13.9
238,금산,2022-04-27 10:00,15.3,,1.3,200,35,994.5,1,,6,,21.2
238,금산,2022-04-27 11:00,17.2,,.9,290,34,994.6,1,,4,,26.5
238,금산,2022-04-27 12:00,19.2,,1.4,70,30,994.3,1,,1,,29.7
238,금산,2022-04-27 13:00,20.6,,1.3,20,27,993.9,1,,4,,31.1
238,금산,2022-04-27 14:00,21.5,,1.2,90,28,993.6,1,,5,,31.7
238,금산,2022-04-27 15:00,22.6,,1.2,320,20,993.3,1,,6,,29.3
238,금산,2022-04-27 16:00,22.4,,1.6,320,27,993.1,1,,5,,27.3
238,금산,2022-04-27 17:00,22.6,,1.5,320,33,992.7,1,,5,,24.3
238,금산,2022-04-27 18:00,20.8,,2.3,290,38,993.3,1,,4,,19.2
238,금산,2022-04-27 19:00,18.3,,1.5,270,49,994.2,.1,,3,,16.6
238,금산,2022-04-27 20:00,16.4,,1.3,270,55,995.1,0,,3,,14.5
238,금산,2022-04-27 21:00,15.2,,.5,340,59,996,,,0,,13.3
238,금산,2022-04-27 22:00,13.2,,.7,290,71,996.9,,,4,,12.5
238,금산,2022-04-27 23:00,12.7,,.7,360,69,997.2,,,5,,11.8
238,금산,2022-04-28 00:00,11.7,,.1,0,78,997.3,,,6,,11.4
238,금산,2022-04-28 01:00,10.8,,.3,0,81,997,,,8,,11
238,금산,2022-04-28 02:00,10,,.2,0,82,996.9,,,5,,10.5
238,금산,2022-04-28 03:00,9.1,,.6,270,85,997.2,,,6,,10
238,금산,2022-04-28 04:00,8.4,,.5,270,88,997.6,,,0,,9.4
238,금산,2022-04-28 05:00,7.9,,0,0,91,997.4,,,1,,9.1
238,금산,2022-04-28 06:00,7.6,,.6,290,94,997.7,0,,0,,8.9
238,금산,2022-04-28 07:00,8.9,,.3,0,89,997.9,.2,,3,,10.2
238,금산,2022-04-28 08:00,12.1,,.6,140,76,998.4,1,,0,,12.5
238,금산,2022-04-28 09:00,14.3,,1.4,140,66,997.9,1,,0,,15.7
238,금산,2022-04-28 10:00,17,,1.6,110,59,996.5,1,,0,,23
238,금산,2022-04-28 11:00,19.6,,1.6,140,50,995.5,1,,0,,28.5
238,금산,2022-04-28 12:00,22,,1.3,160,39,994.4,1,,0,,31.5
238,금산,2022-04-28 13:00,24.2,,1.2,200,34,993.4,1,,5,,32.7
238,금산,2022-04-28 14:00,25.3,,1.8,340,32,992.6,.5,,9,,28.8
238,금산,2022-04-28 15:00,24.7,,3.4,270,40,992.9,.6,,7,,30.2
238,금산,2022-04-28 16:00,21.1,,3.3,270,47,993.2,0,,10,,23.6
238,금산,2022-04-28 17:00,19.7,,2,270,44,993.6,.4,,8,,22.9
238,금산,2022-04-28 18:00,18,,1.5,270,45,993.8,.3,,10,,18.8
238,금산,2022-04-28 19:00,17,,.9,290,49,993.6,0,,10,,16.5
238,금산,2022-04-28 20:00,16.2,,.5,270,53,994,0,,10,,15.5
238,금산,2022-04-28 21:00,15.6,,.9,270,58,994.7,,,10,,15.1
238,금산,2022-04-28 22:00,15.4,,.7,270,59,994.4,,,10,,14.8
238,금산,2022-04-28 23:00,15.5,,.9,230,60,993.5,,,10,,14.4
238,금산,2022-04-29 00:00,15.7,0,1.2,110,53,992.7,,,10,,14.1
238,금산,2022-04-29 01:00,15.1,,1.2,90,51,993.1,,,10,,13.4
238,금산,2022-04-29 02:00,14.2,,1.6,110,58,993.2,,,10,,13
238,금산,2022-04-29 03:00,13.6,0,1.3,90,62,992.3,,,10,,12.9
238,금산,2022-04-29 04:00,11.7,.5,.4,0,83,992.5,,,10,,12.6
238,금산,2022-04-29 05:00,10.6,2.7,.7,110,91,991.4,,,10,,12.3
238,금산,2022-04-29 06:00,10.2,1.6,1.7,90,87,991.7,0,,10,,12
238,금산,2022-04-29 07:00,9.5,1.8,1.7,90,86,992.5,0,,10,,11.6
238,금산,2022-04-29 08:00,9.4,1.5,1.2,50,83,993.3,0,,10,,11.9
238,금산,2022-04-29 09:00,9.6,.2,1.6,50,83,993.7,0,,10,,13.2
238,금산,2022-04-29 10:00,11,,2,90,77,994.1,0,,10,,17.2
238,금산,2022-04-29 11:00,12.5,,2.8,90,71,994.2,.2,,9,,21.4
238,금산,2022-04-29 12:00,13.1,,2.3,90,65,994.3,.4,,9,,24.8
238,금산,2022-04-29 13:00,13.6,,2.7,70,61,994.2,.5,,9,,27.4
238,금산,2022-04-29 14:00,13.8,,2.3,70,60,994.4,.4,,8,,22.3
238,금산,2022-04-29 15:00,14,,1.7,90,58,994.5,.4,,9,,23.8
238,금산,2022-04-29 16:00,13.9,,2.3,90,59,994.7,0,,10,,19.1
238,금산,2022-04-29 17:00,13.7,,2.1,90,59,995.3,0,,9,,17.7
238,금산,2022-04-29 18:00,13.1,,2,90,62,996.1,0,,9,,15.4
238,금산,2022-04-29 19:00,12.6,,2,90,63,996.1,0,,8,,13.9
238,금산,2022-04-29 20:00,12.3,,2,110,68,996.9,0,,9,,13.2
238,금산,2022-04-29 21:00,12,,1.6,110,68,997.8,,,9,,12.6
238,금산,2022-04-29 22:00,11.2,,1.4,90,72,998.7,,,10,,11.2
238,금산,2022-04-29 23:00,9.3,,.9,270,85,998.9,,,7,,10.4
238,금산,2022-04-30 00:00,8.3,,.6,270,89,999.2,,,8,,10.1
238,금산,2022-04-30 01:00,8.9,,.4,0,88,999.2,,,9,,10.8
238,금산,2022-04-30 02:00,9.6,,.2,0,84,998.9,,,0,,11.1
238,금산,2022-04-30 03:00,9.5,,.2,0,86,998.8,,,4,,11
238,금산,2022-04-30 04:00,9.6,,.1,0,87,998.9,,,0,,11.1
238,금산,2022-04-30 05:00,10.1,,.5,110,73,999.1,,,10,,11.2
238,금산,2022-04-30 06:00,9.7,,.1,0,83,999.1,0,,4,,11.2
238,금산,2022-04-30 07:00,10.2,,1,160,71,999.2,0,,5,,12
238,금산,2022-04-30 08:00,10.4,,1.5,160,72,998.8,0,,6,,13.6
238,금산,2022-04-30 09:00,11.4,,.5,70,68,998.9,0,,9,,14.9
238,금산,2022-04-30 10:00,11.8,,.8,180,70,998.9,0,,9,,16.2
238,금산,2022-04-30 11:00,12.6,,.4,0,70,998.4,0,,10,,17.2
238,금산,2022-04-30 12:00,14.4,,.7,230,64,997.6,.2,,9,,21.9
238,금산,2022-04-30 13:00,15,,2.6,290,58,996.7,.2,,9,,22.3
238,금산,2022-04-30 14:00,15.1,,2,270,61,996.1,.2,,9,,19.9
238,금산,2022-04-30 15:00,15.3,,1.9,250,60,995.5,.2,,9,,21.3
238,금산,2022-04-30 16:00,15.3,,2.4,250,62,995,0,,10,,18.9
238,금산,2022-04-30 17:00,15.5,,2.2,270,60,994.6,0,,9,,17.9
238,금산,2022-04-30 18:00,14.6,,1.5,290,61,994.2,.1,,8,,16.2
238,금산,2022-04-30 19:00,13.3,,2,290,66,994.3,0,,8,,13.4
238,금산,2022-04-30 20:00,12.3,,1.4,290,74,995,0,,10,,12.5
238,금산,2022-04-30 21:00,11.4,,1.6,270,78,995.4,,,10,,11.7
238,금산,2022-04-30 22:00,11,,1.1,290,80,995.9,,,9,,11.5
238,금산,2022-04-30 23:00,10.4,,1,290,81,995.7,,,10,,10.9
238,금산,2022-05-01 00:00,9.5,,1.1,290,86,995.7,,,10,,10.4
238,금산,2022-05-01 01:00,9.2,,.7,340,83,995.6,,,9,,9.9
238,금산,2022-05-01 02:00,8.7,,1.2,290,82,995.5,,,10,,9.2
238,금산,2022-05-01 03:00,7.6,,0,0,86,995.2,,,8,,8.4
238,금산,2022-05-01 04:00,6.6,,.1,0,92,994.9,,,7,,7.7
238,금산,2022-05-01 05:00,5.6,,.2,0,97,994.9,,,6,,6.8
238,금산,2022-05-01 06:00,4.7,,.5,270,97,994.7,0,,0,,6.5
238,금산,2022-05-01 07:00,5.8,,.2,0,96,994.6,.6,,1,,7.6
238,금산,2022-05-01 08:00,8.1,,.6,160,85,994.8,1,,0,,9.4
238,금산,2022-05-01 09:00,10.8,,.6,270,68,994.7,1,,0,,12.1
238,금산,2022-05-01 10:00,14.2,,1.5,50,38,994.3,1,,0,,20.9
238,금산,2022-05-01 11:00,15.6,,3.2,320,34,994.6,1,,0,,24.4
238,금산,2022-05-01 12:00,16.7,,2.5,320,29,994.1,1,,0,,26.5
238,금산,2022-05-01 13:00,16.8,,2.2,290,28,993.2,1,,0,,28.7
238,금산,2022-05-01 14:00,17.6,,2.2,270,28,992.8,1,,5,,29.3
238,금산,2022-05-01 15:00,17.6,,3.2,250,28,992.4,.9,,5,,28.2
238,금산,2022-05-01 16:00,17.2,,3.4,250,24,992,.9,,,,25.7
238,금산,2022-05-01 17:00,16.6,,2.9,290,25,992,1,,0,,22.1
238,금산,2022-05-01 18:00,15.1,,2.3,290,23,992.3,1,,0,,15.3
238,금산,2022-05-01 19:00,13.4,,2.6,270,31,992.3,.8,,0,,11.9
238,금산,2022-05-01 20:00,12.3,,1.4,290,38,992.6,0,,0,,10.1
238,금산,2022-05-01 21:00,11.7,,1.2,290,38,993,,,0,,9.2
238,금산,2022-05-01 22:00,11.9,,1.5,270,38,992.8,,,0,,8.5
238,금산,2022-05-01 23:00,11.9,,2.1,250,39,992.5,,,0,,8.1
238,금산,2022-05-02 00:00,11.2,,1.9,290,49,992.4,,,0,,8
238,금산,2022-05-02 01:00,11,,1.7,290,57,992.5,,,0,,8
238,금산,2022-05-02 02:00,10.8,,1.8,290,64,992.6,,,7,,8.2
238,금산,2022-05-02 03:00,10.4,,1.8,320,70,992.4,,,3,,8.1
238,금산,2022-05-02 04:00,10,,.9,340,74,992.4,,,0,,7.8
238,금산,2022-05-02 05:00,9.2,,.9,360,79,992.5,,,0,,7.3
238,금산,2022-05-02 06:00,7.6,,.5,110,85,992.5,0,,0,,7
238,금산,2022-05-02 07:00,8.4,,1.2,140,81,992.8,.8,,0,,8.4
238,금산,2022-05-02 08:00,11.3,,.7,90,72,992.9,1,,2,,10.2
238,금산,2022-05-02 09:00,13.2,,.5,140,61,992.8,.9,,4,,13.7
238,금산,2022-05-02 10:00,16.1,,1.6,70,46,992.9,1,,0,,22.1
238,금산,2022-05-02 11:00,17.2,,2,320,30,992.8,1,,0,,26.6
238,금산,2022-05-02 12:00,17.9,,2.7,290,26,992.6,1,,6,,28.6
238,금산,2022-05-02 13:00,18.1,,3.2,290,27,992.3,1,,7,,28.7
238,금산,2022-05-02 14:00,17.2,,2,320,35,991.8,.5,,8,,22.7
238,금산,2022-05-02 15:00,17.5,,2.2,290,38,991.5,.1,,8,,21.1
238,금산,2022-05-02 16:00,18.3,,2.9,270,27,991.3,.8,,7,,26.3
238,금산,2022-05-02 17:00,17.2,,2.5,270,28,991.8,.8,,8,,22.6
238,금산,2022-05-02 18:00,16.1,,3.1,270,29,992.4,1,,7,,17.9
238,금산,2022-05-02 19:00,13.9,,1.5,270,37,993.3,.7,,6,,13.4
238,금산,2022-05-02 20:00,12.3,,.8,270,42,994.2,0,,0,,10.9
238,금산,2022-05-02 21:00,10.2,,.5,270,51,995.3,,,0,,9.4
238,금산,2022-05-02 22:00,8.2,,.2,0,65,996,,,0,,8.3
238,금산,2022-05-02 23:00,7.8,,.4,0,67,996.7,,,0,,7.5
238,금산,2022-05-03 00:00,6,,0,0,77,997.2,,,0,,6.8
238,금산,2022-05-03 01:00,4.9,,.3,0,83,997.6,,,0,,6.1
238,금산,2022-05-03 02:00,4.2,,.5,290,86,997.8,,,0,,5.8
238,금산,2022-05-03 03:00,3.4,,.5,270,90,997.9,,,0,,5.4
238,금산,2022-05-03 04:00,2.8,,.5,270,92,998.3,,,0,,5
238,금산,2022-05-03 05:00,2.3,,.3,0,94,998.6,,,0,,4.6
238,금산,2022-05-03 06:00,2.1,,.2,0,94,999,0,,0,,4.5
238,금산,2022-05-03 07:00,4,,0,0,89,999.6,1,,6,,5.8
238,금산,2022-05-03 08:00,7,,.5,140,74,1000,1,,0,,8
238,금산,2022-05-03 09:00,10.3,,.6,90,59,1000.2,1,,0,,11.5
238,금산,2022-05-03 10:00,15.1,,.7,20,47,999.7,1,,0,,21.5
238,금산,2022-05-03 11:00,16.8,,1.4,340,38,999.8,1,,0,,27.3
238,금산,2022-05-03 12:00,19.1,,2.4,270,22,999.2,1,,0,,31.1
238,금산,2022-05-03 13:00,19.1,,2.9,230,27,998.8,1,,0,,33.9
238,금산,2022-05-03 14:00,19.9,,2.4,270,27,998.6,1,,0,,35.3
238,금산,2022-05-03 15:00,20.3,,2.5,270,25,998.2,1,,0,,34.9
238,금산,2022-05-03 16:00,20.5,,1.6,250,22,997.5,1,,0,,33.4
238,금산,2022-05-03 17:00,19.9,,2.2,250,21,997.7,1,,0,,29.2
238,금산,2022-05-03 18:00,18.8,,2.7,290,24,997.9,1,,0,,20.6
238,금산,2022-05-03 19:00,17.1,,1.7,290,26,998.1,.9,,0,,16.2
238,금산,2022-05-03 20:00,13.4,,.6,250,45,998.4,0,,0,,13.2
238,금산,2022-05-03 21:00,12,,1,290,53,999,,,0,,11.6
238,금산,2022-05-03 22:00,10.4,,.6,270,63,999.5,,,0,,10.3
238,금산,2022-05-03 23:00,9,,.6,270,70,999.6,,,0,,9.3
238,금산,2022-05-04 00:00,8.1,,.4,0,76,999.6,,,0,,8.5
238,금산,2022-05-04 01:00,7.4,,.3,0,80,999.7,,,0,,7.9
238,금산,2022-05-04 02:00,6.6,,.3,0,84,999.6,,,0,,7.5
238,금산,2022-05-04 03:00,5.8,,.5,290,88,999.4,,,0,,6.9
238,금산,2022-05-04 04:00,5.1,,.5,270,91,999.1,,,0,,6.5
238,금산,2022-05-04 05:00,4.7,,.2,0,94,999.2,,,4,,6
238,금산,2022-05-04 06:00,4.2,,.2,0,95,999.6,0,,7,,6
238,금산,2022-05-04 07:00,6.7,,.3,0,84,1000,.9,,7,,7.7
238,금산,2022-05-04 08:00,9.7,,.7,70,72,1000.3,1,,0,,10
238,금산,2022-05-04 09:00,13.5,,.4,0,59,1000,1,,0,,13.4
238,금산,2022-05-04 10:00,18.2,,.5,140,37,999.9,1,,0,,23.4
238,금산,2022-05-04 11:00,20.6,,1.5,20,32,999.6,1,,0,,30
238,금산,2022-05-04 12:00,23.1,,2.1,270,27,999,1,,0,,35.4
238,금산,2022-05-04 13:00,23.6,,2,270,26,998.7,1,,0,,38.3
238,금산,2022-05-04 14:00,24.3,,2.6,270,27,998.2,1,,0,,39.6
238,금산,2022-05-04 15:00,24.2,,2.5,270,27,997.7,1,,0,,38.9
238,금산,2022-05-04 16:00,24.6,,2.2,290,28,997.2,1,,0,,36.5
238,금산,2022-05-04 17:00,23.5,,3.2,290,29,997.2,1,,0,,31.6
238,금산,2022-05-04 18:00,22.5,,2,290,32,997.3,1,,0,,23.4
238,금산,2022-05-04 19:00,19.8,,.9,290,40,997.7,.9,,0,,19
238,금산,2022-05-04 20:00,17.2,,.9,340,51,998.4,0,,0,,15.7
238,금산,2022-05-04 21:00,15,,.9,290,58,999,,,0,,13.9
238,금산,2022-05-04 22:00,13,,.3,0,67,999.4,,,0,,12.3
238,금산,2022-05-04 23:00,11.6,,0,0,69,999.5,,,0,,11.2
238,금산,2022-05-05 00:00,10.2,,.4,0,77,999.6,,,0,,10.1
238,금산,2022-05-05 01:00,9.1,,.5,290,80,999.5,,,4,,9.5
238,금산,2022-05-05 02:00,8.3,,.3,0,84,999.5,,,0,,8.8
238,금산,2022-05-05 03:00,7.3,,1,290,89,999.4,,,4,,8.3
238,금산,2022-05-05 04:00,7,,.6,270,91,999.5,,,0,,7.8
238,금산,2022-05-05 05:00,6.2,,.5,290,94,999.5,,,0,,7.3
238,금산,2022-05-05 06:00,5.9,,.3,0,94,999.6,.1,,6,,7.2
238,금산,2022-05-05 07:00,8.2,,.5,270,88,999.9,1,,7,,8.7
238,금산,2022-05-05 08:00,11.6,,.5,140,76,1000.2,1,,0,,10.8
238,금산,2022-05-05 09:00,15.5,,.3,0,60,1000.2,1,,0,,14.2
238,금산,2022-05-05 10:00,18.6,,.9,320,50,1000,1,,0,,25.2
238,금산,2022-05-05 11:00,21.6,,.9,290,45,999.8,1,,0,,33.4
238,금산,2022-05-05 12:00,23.6,,1.5,70,40,999.1,1,,0,,38.8
238,금산,2022-05-05 13:00,24.6,,1.4,50,36,998.2,1,,0,,42
238,금산,2022-05-05 14:00,24.8,,1.9,250,33,997.5,1,,0,,43.1
238,금산,2022-05-05 15:00,25.7,,1.8,320,31,996.7,1,,0,,41.7
238,금산,2022-05-05 16:00,25.3,,2,320,32,996.1,1,,0,,38.4
238,금산,2022-05-05 17:00,24.5,,2.5,340,31,995.5,1,,0,,33.8
238,금산,2022-05-05 18:00,23.3,,2.1,320,38,995.6,1,,0,,24.9
238,금산,2022-05-05 19:00,21.1,,2,290,48,995.8,1,,0,,20.5
238,금산,2022-05-05 20:00,18.1,,.6,270,62,996.3,0,,0,,17.2
238,금산,2022-05-05 21:00,16.9,,.8,270,67,996.9,,,0,,15.6
238,금산,2022-05-05 22:00,15.4,,.3,0,75,997.5,,,0,,14
238,금산,2022-05-05 23:00,14.2,,0,0,80,997.6,,,0,,13
238,금산,2022-05-06 00:00,12.8,,.2,0,86,997.8,,,0,,12.2
238,금산,2022-05-06 01:00,11.9,,.7,320,90,997.7,,,0,,11.6
238,금산,2022-05-06 02:00,11.2,,.1,0,93,997.6,,,0,,10.9
238,금산,2022-05-06 03:00,10.4,,.9,270,96,997.4,,,0,,10.4
238,금산,2022-05-06 04:00,9.8,,.4,0,97,997.3,,,0,,9.7
238,금산,2022-05-06 05:00,9.1,,.6,290,97,997.1,,,0,,9.2
238,금산,2022-05-06 06:00,8.8,,.2,0,98,997.3,0,,0,,9.2
238,금산,2022-05-06 07:00,10.7,,.2,0,93,997.6,.9,,0,,10.9
238,금산,2022-05-06 08:00,13.4,,.4,0,81,997.4,1,,0,,13
238,금산,2022-05-06 09:00,16.8,,.6,50,66,997.2,1,,0,,16.6
238,금산,2022-05-06 10:00,20.8,,.9,90,55,996.8,1,,0,,28.1
238,금산,2022-05-06 11:00,22.1,,.9,20,47,996.4,1,,0,,35.9
238,금산,2022-05-06 12:00,24.2,,2.2,290,40,995.9,1,,1,,39.8
238,금산,2022-05-06 13:00,25.3,,1.9,250,40,995.2,1,,0,,44
238,금산,2022-05-06 14:00,24.7,,2.4,320,44,994.7,.9,,4,,39.2
238,금산,2022-05-06 15:00,25.1,,2.7,340,41,994.5,1,,5,,40.9
238,금산,2022-05-06 16:00,24.9,,2.6,290,39,994.2,1,,2,,39.1
238,금산,2022-05-06 17:00,24.5,,2,340,40,993.9,1,,1,,34.3
238,금산,2022-05-06 18:00,23.5,,2.1,290,42,993.7,1,,0,,26
238,금산,2022-05-06 19:00,22,,2,290,47,994.2,.3,,7,,21.8
238,금산,2022-05-06 20:00,19.6,,.6,270,56,994.9,0,,4,,18.2
238,금산,2022-05-06 21:00,17.3,,.5,320,66,995.4,,,3,,16.4
238,금산,2022-05-06 22:00,16.7,,.5,270,68,995.9,,,2,,15.1
238,금산,2022-05-06 23:00,15.5,,.4,0,75,995.8,,,0,,14.2
238,금산,2022-05-07 00:00,14,,.1,0,82,996.1,,,0,,13.3
238,금산,2022-05-07 01:00,13.3,,.4,0,86,996.1,,,4,,13.2
238,금산,2022-05-07 02:00,13.1,,.3,0,88,996.3,,,0,,12.5
238,금산,2022-05-07 03:00,12,,0,0,92,996.1,,,0,,11.4
238,금산,2022-05-07 04:00,11,,.8,290,95,996.1,,,0,,11
238,금산,2022-05-07 05:00,10.5,,.4,0,96,996.2,,,0,,10.5
238,금산,2022-05-07 06:00,10.4,,.7,270,97,996.7,0,,5,,11.4
238,금산,2022-05-07 07:00,12.3,,.5,200,91,997.3,0,,7,,13.9
238,금산,2022-05-07 08:00,14.5,,1.1,70,83,997.2,.4,,8,,16.4
238,금산,2022-05-07 09:00,17.4,,.5,110,73,997.3,.7,,8,,20.2
238,금산,2022-05-07 10:00,19.2,,2.1,230,67,997.2,.4,,8,,26
238,금산,2022-05-07 11:00,20.7,,2.8,270,59,996.9,.7,,8,,30.7
238,금산,2022-05-07 12:00,21.3,,2,270,58,996.7,.4,,8,,31
238,금산,2022-05-07 13:00,20.8,,1.2,270,58,996.1,.3,,9,,26.5
238,금산,2022-05-07 14:00,21.8,,2.2,320,55,995.6,.2,,9,,30.2
238,금산,2022-05-07 15:00,21.7,,3.4,250,56,995.2,.5,,7,,34.7
238,금산,2022-05-07 16:00,22.6,,2.5,290,40,995.1,.8,,2,,35.3
238,금산,2022-05-07 17:00,21.9,,3,320,27,995.4,1,,2,,31.8
238,금산,2022-05-07 18:00,20.7,,1.7,290,32,995.6,1,,4,,23.4
238,금산,2022-05-07 19:00,18.9,,1.5,320,35,996,.5,,7,,19.4
238,금산,2022-05-07 20:00,15.9,,.5,250,45,996.6,0,,0,,15.3
238,금산,2022-05-07 21:00,13.7,,1,290,53,997.9,,,5,,13.4
238,금산,2022-05-07 22:00,11.9,,.5,270,60,998.5,,,0,,11.7
238,금산,2022-05-07 23:00,10.8,,.3,0,61,998.6,,,6,,11
238,금산,2022-05-08 00:00,9.9,,.5,290,66,998.6,,,4,,10
238,금산,2022-05-08 01:00,8.7,,.4,0,72,998.6,,,7,,9.7
238,금산,2022-05-08 02:00,8.9,,.3,0,74,998.7,,,6,,10.4
238,금산,2022-05-08 03:00,8.7,,.5,290,75,998.4,,,2,,10.3
238,금산,2022-05-08 04:00,9.3,,0,0,79,998.1,,,9,,10.5
238,금산,2022-05-08 05:00,10.6,,.6,250,80,998.6,,,8,,10.6
238,금산,2022-05-08 06:00,10.7,,.6,230,81,998.7,0,,8,,10.6
238,금산,2022-05-08 07:00,12.2,,.5,180,72,999.5,0,,8,,13.2
238,금산,2022-05-08 08:00,14.4,,1.8,110,56,999.9,0,,8,,16.8
238,금산,2022-05-08 09:00,16.3,,2.1,90,44,999.7,.5,,7,,19.3
238,금산,2022-05-08 10:00,17.7,,1.3,90,41,999.1,1,,7,,27
238,금산,2022-05-08 11:00,19.2,,1.9,110,36,998.4,1,,8,,32.4
238,금산,2022-05-08 12:00,20,,1.1,160,40,997.7,1,,7,,40.2
238,금산,2022-05-08 13:00,21.3,,2.2,20,35,997,1,,6,,42.9
238,금산,2022-05-08 14:00,21.8,,.8,110,34,996.2,.7,,7,,38.3
238,금산,2022-05-08 15:00,21.6,,1.3,320,35,995.4,.3,,8,,32.1
238,금산,2022-05-08 16:00,21.1,,2.1,360,39,994.9,.1,,9,,28.2
238,금산,2022-05-08 17:00,20.4,,1.7,20,40,994.8,0,,9,,23.5
238,금산,2022-05-08 18:00,19.9,,1.7,20,43,994.6,0,,10,,21.4
238,금산,2022-05-08 19:00,18.2,,1.9,290,55,994.9,0,,9,,19
238,금산,2022-05-08 20:00,17.6,,1.7,320,51,995.1,0,,10,,17.7
238,금산,2022-05-08 21:00,16.8,,1.3,320,46,996,,,6,,16.8
238,금산,2022-05-08 22:00,16.1,,1.2,290,46,996.3,,,1,,16.2
238,금산,2022-05-08 23:00,15.5,,1.1,320,48,996.5,,,10,,15.7
238,금산,2022-05-09 00:00,13.1,0,.9,320,67,996.8,,,10,,13.6
238,금산,2022-05-09 01:00,11.1,.2,1.1,290,85,997.1,,,10,,13
238,금산,2022-05-09 02:00,10.4,.7,.8,270,95,997.1,,,10,,12.8
238,금산,2022-05-09 03:00,10.5,.5,.7,270,96,997.4,,,10,,12.8
238,금산,2022-05-09 04:00,10.9,.4,.6,250,94,997.5,,,4,,12.7
238,금산,2022-05-09 05:00,11.1,,.5,160,88,997.5,,,0,,12.7
238,금산,2022-05-09 06:00,10.8,,.8,200,91,997.6,0,,7,,12.6
238,금산,2022-05-09 07:00,11.7,,1.1,110,86,998,0,,7,,14
238,금산,2022-05-09 08:00,12.1,,1.2,160,81,998.3,0,,9,,16
238,금산,2022-05-09 09:00,13.3,,1.3,110,75,998.3,0,,8,,19.7
238,금산,2022-05-09 10:00,15.7,,.9,110,62,998.2,.6,,7,,24.5
238,금산,2022-05-09 11:00,18,,2.2,140,52,998,1,,0,,30.6
238,금산,2022-05-09 12:00,19.2,,2.6,140,45,997.4,1,,7,,33.7
238,금산,2022-05-09 13:00,20.1,,2.5,90,46,996.8,.9,,7,,33.9
238,금산,2022-05-09 14:00,20.7,,2.9,90,40,996.3,1,,7,,37.8
238,금산,2022-05-09 15:00,21.3,,2.6,110,37,995.8,1,,3,,39.4
238,금산,2022-05-09 16:00,22,,2.5,110,36,995.5,1,,0,,37.5
238,금산,2022-05-09 17:00,21.4,,3,70,37,995.7,.9,,0,,33.1
238,금산,2022-05-09 18:00,21,,2,140,36,995.9,.9,,0,,25.3
238,금산,2022-05-09 19:00,19.9,,1.6,160,39,995.9,.8,,2,,19.9
238,금산,2022-05-09 20:00,16.1,,.2,0,57,996.8,0,,5,,16.3
238,금산,2022-05-09 21:00,14.1,,.1,0,66,997.6,,,4,,14.1
238,금산,2022-05-09 22:00,12.5,,0,0,66,998.1,,,5,,12.5
238,금산,2022-05-09 23:00,11.5,,.1,0,68,998.1,,,10,,12.3
238,금산,2022-05-10 00:00,11.7,,.7,360,67,997.9,,,10,,12.2
238,금산,2022-05-10 01:00,11.2,,.6,270,66,997.5,,,10,,11.8
238,금산,2022-05-10 02:00,10.8,,.5,250,67,997.2,,,10,,11.5
238,금산,2022-05-10 03:00,10,,.4,0,71,997.3,,,10,,10.7
238,금산,2022-05-10 04:00,9.1,,.2,0,75,997.5,,,10,,10.2
238,금산,2022-05-10 05:00,8.4,,.7,270,84,997.4,,,10,,9.9
238,금산,2022-05-10 06:00,8.5,,.4,0,79,997.3,0,,10,,10.1
238,금산,2022-05-10 07:00,8.6,,1.3,290,84,997.9,0,,10,,11.4
238,금산,2022-05-10 08:00,11.6,,.6,180,66,998,0,,9,,14.5
238,금산,2022-05-10 09:00,14.6,,1.2,140,52,997.5,.6,,7,,17.1
238,금산,2022-05-10 10:00,19,,2.4,90,30,997,1,,3,,27.4
238,금산,2022-05-10 11:00,20.4,,3.2,110,24,996.3,1,,1,,36.6
238,금산,2022-05-10 12:00,22.4,,2.6,90,20,995.7,1,,0,,42
238,금산,2022-05-10 13:00,22.6,,1.8,360,22,994.6,1,,0,,44.5
238,금산,2022-05-10 14:00,23.9,,1.9,290,21,993.8,1,,0,,46.1
238,금산,2022-05-10 15:00,24.5,,1.4,160,20,993.1,1,,0,,45.4
238,금산,2022-05-10 16:00,24.9,,2.4,200,22,992.9,1,,0,,42.8
238,금산,2022-05-10 17:00,23.8,,1.4,200,23,992.6,.9,,5,,34.2
238,금산,2022-05-10 18:00,22.7,,1.9,360,26,992.8,.4,,8,,26.5
238,금산,2022-05-10 19:00,20.8,,1.2,270,35,993.3,.3,,7,,21.5
238,금산,2022-05-10 20:00,18.9,,1.8,290,43,994,0,,6,,18.6
238,금산,2022-05-10 21:00,17.6,,1.8,290,44,994.8,,,4,,16.9
238,금산,2022-05-10 22:00,17,,1.5,290,46,995.4,,,9,,16.6
238,금산,2022-05-10 23:00,16.7,,.8,250,47,995.3,,,9,,16.1
238,금산,2022-05-11 00:00,16,,.1,0,52,995.3,,,6,,15.7
238,금산,2022-05-11 01:00,15.4,,.8,180,58,994.8,,,6,,15.4
238,금산,2022-05-11 02:00,14.4,,.3,0,64,994.9,,,5,,15.2
238,금산,2022-05-11 03:00,14.1,,.5,270,66,995,,,6,,14.8
238,금산,2022-05-11 04:00,13.1,,.4,0,73,995,,,6,,12.9
238,금산,2022-05-11 05:00,13,,0,0,73,994.7,,,9,,14.1
238,금산,2022-05-11 06:00,13,,.8,340,76,995.3,0,,10,,14.4
238,금산,2022-05-11 07:00,13.9,,.5,250,73,995.5,0,,7,,16.1
238,금산,2022-05-11 08:00,15.2,,.5,230,65,995.8,0,,9,,19
238,금산,2022-05-11 09:00,17.2,,1,160,50,995.7,.1,,8,,23.3
238,금산,2022-05-11 10:00,19.8,,1,270,43,995.8,.4,,8,,30.9
238,금산,2022-05-11 11:00,20.8,,1.3,90,44,995.4,1,,6,,38.8
238,금산,2022-05-11 12:00,21.8,,1.7,290,42,995,.7,,7,,37.9
238,금산,2022-05-11 13:00,22.3,,1.5,360,43,994.6,.2,,7,,34.3
238,금산,2022-05-11 14:00,22.4,,1.4,360,45,993.9,0,,9,,30.8
238,금산,2022-05-11 15:00,23.4,,1.4,20,43,993.5,.5,,8,,37.2
238,금산,2022-05-11 16:00,23.7,,2.2,360,43,993,.9,,8,,36.1
238,금산,2022-05-11 17:00,23.2,,2,290,44,992.9,.3,,8,,31.4
238,금산,2022-05-11 18:00,22.1,,1.5,320,47,993.1,0,,10,,25.1
238,금산,2022-05-11 19:00,21.1,,.8,320,50,993.4,0,,10,,22.2
238,금산,2022-05-11 20:00,19.9,,1.2,290,57,993.8,0,,10,,20
238,금산,2022-05-11 21:00,18.3,,.2,0,63,994,,,7,,17.4
238,금산,2022-05-11 22:00,16.8,,.7,290,71,994.1,,,7,,16.3
238,금산,2022-05-11 23:00,15.6,,.3,0,77,994.3,,,7,,15.2
238,금산,2022-05-12 00:00,15.6,,.4,0,76,994.3,,,7,,15.9
238,금산,2022-05-12 01:00,15.6,,.6,270,77,994.2,,,10,,15.9
238,금산,2022-05-12 02:00,15.8,,.2,0,73,993.5,,,10,,15.5
238,금산,2022-05-12 03:00,14.9,,.5,250,80,993.1,,,10,,14.9
238,금산,2022-05-12 04:00,14.7,,.6,290,81,992.7,,,9,,15.1
238,금산,2022-05-12 05:00,14.1,,.6,270,84,992.2,,,10,,14.6
238,금산,2022-05-12 06:00,14,,.7,270,83,992.9,0,,10,,14.8
238,금산,2022-05-12 07:00,15.2,,0,0,73,992.8,0,,10,,16
238,금산,2022-05-12 08:00,15.9,,.4,0,74,992.7,0,,10,,18.8
238,금산,2022-05-12 09:00,17.8,,.5,270,63,992.3,0,,9,,22.4
238,금산,2022-05-12 10:00,19.2,,1.2,140,57,991.7,.2,,9,,25.8
238,금산,2022-05-12 11:00,20.7,,.9,200,54,991.3,0,,10,,28.2
238,금산,2022-05-12 12:00,22,,1.1,180,52,990.7,0,,10,,32.6
238,금산,2022-05-12 13:00,23.5,,1.7,140,49,989.9,.6,,8,,39.1
238,금산,2022-05-12 14:00,25.3,,1.9,110,45,989.1,.9,,7,,44.4
238,금산,2022-05-12 15:00,25,,1.2,110,47,988.7,.1,,9,,36.2
238,금산,2022-05-12 16:00,24.6,,1.1,290,48,988.5,0,,9,,28
238,금산,2022-05-12 17:00,24.1,,1.4,290,52,988.4,0,,10,,26.2
238,금산,2022-05-12 18:00,23.7,,1.3,250,54,988,0,,10,,25.4
238,금산,2022-05-12 19:00,22.9,,1.3,270,56,988.2,0,,10,,22.5
238,금산,2022-05-12 20:00,21.3,,2.5,290,57,988.8,0,,10,,20.5
238,금산,2022-05-12 21:00,20.3,,1,320,60,989.4,,,10,,19.8
238,금산,2022-05-12 22:00,19.6,,1,320,62,989.7,,,8,,19.1
238,금산,2022-05-12 23:00,19.4,,1.3,320,58,989.5,,,7,,18.2
238,금산,2022-05-13 00:00,17.2,,.4,0,67,989.1,,,6,,16
238,금산,2022-05-13 01:00,17.3,,.1,0,68,989.1,,,7,,16.7
238,금산,2022-05-13 02:00,16.9,,.9,290,73,988.7,,,6,,17
238,금산,2022-05-13 03:00,16.8,,.3,0,74,988.6,,,10,,16.9
238,금산,2022-05-13 04:00,16.8,,.5,290,74,988.3,,,8,,16.9
238,금산,2022-05-13 05:00,16.7,,0,0,74,988.1,,,9,,16.1
238,금산,2022-05-13 06:00,16.3,,.1,0,76,988.2,0,,9,,16.4
238,금산,2022-05-13 07:00,16.5,,.2,0,79,988,0,,9,,16.9
238,금산,2022-05-13 08:00,18.3,,.9,360,70,988.2,.4,,8,,20.8
238,금산,2022-05-13 09:00,18.7,,.5,270,69,988.1,0,,9,,21.1
238,금산,2022-05-13 10:00,18.7,,.8,290,68,987.8,0,,9,,21
238,금산,2022-05-13 11:00,19.1,,.7,200,62,987.4,0,,10,,23.9
238,금산,2022-05-13 12:00,19.8,,.8,200,65,986.7,0,,9,,24.6
238,금산,2022-05-13 13:00,20.5,,1.4,160,64,985.8,0,,9,,26.6
238,금산,2022-05-13 14:00,19.3,,2.1,290,65,986.3,0,,10,,21.8
238,금산,2022-05-13 15:00,18.6,0,1.7,290,69,986.7,0,,10,,20.9
238,금산,2022-05-13 16:00,19.3,,.9,270,53,986,0,,10,,24.7
238,금산,2022-05-13 17:00,19.8,,1.3,270,49,986,0,,8,,24.3
238,금산,2022-05-13 18:00,18.9,,1.6,270,56,986,0,,9,,21.8
238,금산,2022-05-13 19:00,18.4,,1.5,250,58,986.3,0,,9,,19.8
238,금산,2022-05-13 20:00,17,,1.4,230,62,986.8,0,,7,,17
238,금산,2022-05-13 21:00,15.8,,1.4,270,61,987.6,,,3,,14.7
238,금산,2022-05-13 22:00,14.9,,1.3,250,65,988.3,,,0,,13.4
238,금산,2022-05-13 23:00,14.6,,1.3,290,59,988.5,,,6,,12.8
238,금산,2022-05-14 00:00,14.5,,1.9,270,60,989.2,,,7,,12.4
238,금산,2022-05-14 01:00,13.6,,1.7,290,56,989.4,,,5,,11.6
238,금산,2022-05-14 02:00,11.8,,.8,290,65,989.5,,,0,,10.3
238,금산,2022-05-14 03:00,9.6,,.4,0,77,989.6,,,0,,8.8
238,금산,2022-05-14 04:00,8.1,,.5,320,82,990.1,,,0,,8.3
238,금산,2022-05-14 05:00,7.4,,.3,0,84,990.4,,,0,,7.5
238,금산,2022-05-14 06:00,6.8,,.2,0,90,991,.1,,0,,7.5
238,금산,2022-05-14 07:00,9.2,,.1,0,81,991.7,1,,0,,9.7
238,금산,2022-05-14 08:00,12.4,,.8,110,67,992.1,1,,0,,12.2
238,금산,2022-05-14 09:00,15.7,,1,20,50,992.5,1,,0,,17
238,금산,2022-05-14 10:00,18.4,,2.3,290,25,992.6,1,,0,,27.9
238,금산,2022-05-14 11:00,19.5,,2.7,290,29,992.5,1,,2,,35.1
238,금산,2022-05-14 12:00,20.4,,2.6,290,36,992.3,1,,7,,40.4
238,금산,2022-05-14 13:00,20.1,,3.8,290,28,991.6,1,,4,,43.1
238,금산,2022-05-14 14:00,20.6,,2.8,270,30,991.4,1,,0,,43
238,금산,2022-05-14 15:00,20,,4.7,290,28,991.4,.6,,10,,37.2
238,금산,2022-05-14 16:00,18.9,,3.1,290,29,991.4,.5,,8,,31.2
238,금산,2022-05-14 17:00,18.8,,2.9,290,28,992,.9,,3,,31.1
238,금산,2022-05-14 18:00,16.7,,2.9,270,28,992.6,.3,,8,,23
238,금산,2022-05-14 19:00,15.4,,1.3,320,26,992.9,0,,8,,18.1
238,금산,2022-05-14 20:00,14.2,,3.1,290,27,994,0,,8,,15.1
238,금산,2022-05-14 21:00,13.2,,1.2,270,27,994.8,,,10,,13.8
238,금산,2022-05-14 22:00,12.2,,.7,320,30,995.5,,,10,,12.6
238,금산,2022-05-14 23:00,11,,.3,0,40,995.7,,,9,,11.5
238,금산,2022-05-15 00:00,10,,.3,0,46,995.7,,,8,,11
238,금산,2022-05-15 01:00,10.3,,.3,0,47,995.5,,,10,,11.6
238,금산,2022-05-15 02:00,9.9,,.4,0,50,994.8,,,10,,10.9
238,금산,2022-05-15 03:00,8.6,,.6,270,60,994.8,,,10,,10.1
238,금산,2022-05-15 04:00,7.4,,.7,290,68,995,,,5,,9.1
238,금산,2022-05-15 05:00,6.8,,.4,0,74,995,,,8,,8.6
238,금산,2022-05-15 06:00,6.2,,.7,290,78,995.3,0,,8,,8.7
238,금산,2022-05-15 07:00,7.5,,.3,0,73,995.7,0,,9,,11.3
238,금산,2022-05-15 08:00,10,,.7,110,59,995.7,.7,,9,,13.8
238,금산,2022-05-15 09:00,13.1,,.9,250,51,995.8,1,,2,,16.9
238,금산,2022-05-15 10:00,16.5,,2.1,50,34,995.6,1,,0,,29.1
238,금산,2022-05-15 11:00,16.3,,2.3,340,33,995.1,1,,0,,37.4
238,금산,2022-05-15 12:00,17.5,,2.2,340,30,994.5,1,,0,,42.7
238,금산,2022-05-15 13:00,19.4,,2,20,30,993.6,1,,0,,46
238,금산,2022-05-15 14:00,18.9,,1.8,270,26,993.1,1,,1,,46.2
238,금산,2022-05-15 15:00,19.9,,2.4,360,23,992,1,,0,,43.5
238,금산,2022-05-15 16:00,19.8,,2.4,270,26,991.4,1,,3,,41.8
238,금산,2022-05-15 17:00,19.2,,1.8,320,25,991.2,.8,,2,,32.1
238,금산,2022-05-15 18:00,18.7,,2.1,320,24,991,.9,,7,,25.3
238,금산,2022-05-15 19:00,16.9,,1.4,290,26,991.5,.8,,0,,18.3
238,금산,2022-05-15 20:00,14.6,,.8,270,34,992.1,0,,4,,14.6
238,금산,2022-05-15 21:00,13.7,,1.3,290,35,992.8,,,0,,12.9
238,금산,2022-05-15 22:00,12,,.2,0,42,993.6,,,0,,10.9
238,금산,2022-05-15 23:00,9.5,,.4,0,53,993.5,,,0,,9.7
238,금산,2022-05-16 00:00,8.5,,.1,0,61,994,,,6,,8.9
238,금산,2022-05-16 01:00,7.3,,.6,250,66,994.1,,,5,,8.7
238,금산,2022-05-16 02:00,6.6,,.6,290,69,993.9,,,7,,7.9
238,금산,2022-05-16 03:00,5.5,,.5,290,75,993.6,,,6,,7.1
238,금산,2022-05-16 04:00,4.8,,.3,0,78,993.5,,,4,,6.6
238,금산,2022-05-16 05:00,3.9,,.7,270,83,993.5,,,0,,5.9
238,금산,2022-05-16 06:00,3.8,,.3,0,85,993.6,.2,,0,,6
238,금산,2022-05-16 07:00,6.4,,.3,0,75,993.8,1,,0,,8.2
238,금산,2022-05-16 08:00,9.3,,.5,90,64,993.6,1,,0,,10.8
238,금산,2022-05-16 09:00,13.3,,.7,140,50,993.4,1,,0,,16.4
238,금산,2022-05-16 10:00,17.6,,.8,90,33,992.9,1,,0,,30.5
238,금산,2022-05-16 11:00,20,,2.3,250,23,992.6,1,,0,,40.2
238,금산,2022-05-16 12:00,20.8,,2.5,250,25,992,1,,,,45.6
238,금산,2022-05-16 13:00,21.4,,3,270,25,991.4,1,,0,,47.3
238,금산,2022-05-16 14:00,22.4,,2.7,270,27,990.8,1,,0,,47.5
238,금산,2022-05-16 15:00,22.7,,2.4,250,28,990.2,1,,0,,46.4
238,금산,2022-05-16 16:00,22.7,,2.4,270,26,989.9,1,,0,,42.8
238,금산,2022-05-16 17:00,21.6,,3.6,230,29,989.8,1,,0,,37.1
238,금산,2022-05-16 18:00,20.5,,2,270,32,990,1,,0,,27.5
238,금산,2022-05-16 19:00,18.5,,1.8,250,34,990.6,1,,0,,20.2
238,금산,2022-05-16 20:00,17.2,,1.2,250,33,991.3,.1,,0,,16.2
238,금산,2022-05-16 21:00,15.8,,1,270,37,991.9,,,0,,14.3
238,금산,2022-05-16 22:00,13.6,,.2,0,48,992.5,,,0,,12.2
238,금산,2022-05-16 23:00,12.1,,.3,0,57,992.9,,,0,,11.3
238,금산,2022-05-17 00:00,10.7,,.3,0,65,993.1,,,0,,10.3
238,금산,2022-05-17 01:00,9.3,,.6,290,69,993.2,,,0,,9.6
238,금산,2022-05-17 02:00,8.2,,.7,270,76,993.4,,,0,,8.8
238,금산,2022-05-17 03:00,7.4,,.4,0,80,993.1,,,0,,8.2
238,금산,2022-05-17 04:00,6.8,,.5,290,83,993,,,0,,7.6
238,금산,2022-05-17 05:00,6.2,,.7,270,86,993.2,,,0,,7.3
238,금산,2022-05-17 06:00,6.2,,.3,0,87,993.5,.1,,0,,7.6
238,금산,2022-05-17 07:00,8.8,,0,0,78,994,1,,0,,10
238,금산,2022-05-17 08:00,12.9,,.4,0,62,994.2,1,,0,,13.1
238,금산,2022-05-17 09:00,17.4,,.7,50,50,994.1,1,,0,,19
238,금산,2022-05-17 10:00,21.4,,.9,70,39,993.8,1,,0,,32.1
238,금산,2022-05-17 11:00,24.3,,1.7,250,30,993.7,1,,0,,41.2
238,금산,2022-05-17 12:00,24.5,,1.8,230,30,993.3,1,,0,,47
238,금산,2022-05-17 13:00,25.8,,2.6,270,27,992.9,1,,0,,50.2
238,금산,2022-05-17 14:00,26.1,,2.5,290,24,992.5,1,,0,,50.2
238,금산,2022-05-17 15:00,26.4,,3.8,230,23,992.3,.9,,2,,48.1
238,금산,2022-05-17 16:00,26.4,,2.6,250,24,992.2,1,,5,,44.7
238,금산,2022-05-17 17:00,25.7,,2.4,250,28,992.1,.8,,5,,39.5
238,금산,2022-05-17 18:00,24.3,,2.2,270,35,992.5,1,,0,,31.7
238,금산,2022-05-17 19:00,22.3,,1.6,250,43,992.9,.9,,0,,23.5
238,금산,2022-05-17 20:00,21.3,,2,250,47,993.5,0,,0,,19.6
238,금산,2022-05-17 21:00,20.5,,1.2,230,48,994.4,,,0,,17.4
238,금산,2022-05-17 22:00,18.6,,.8,70,54,995,,,0,,15.9
238,금산,2022-05-17 23:00,16.7,,1.7,90,61,995.2,,,0,,14.8
238,금산,2022-05-18 00:00,16.5,,1.6,110,60,995.7,,,0,,13.8
238,금산,2022-05-18 01:00,15.6,,.9,50,63,995.9,,,0,,13.1
238,금산,2022-05-18 02:00,15.2,,.8,70,64,996.1,,,1,,12.3
238,금산,2022-05-18 03:00,14.6,,.5,90,66,996.2,,,1,,11.9
238,금산,2022-05-18 04:00,12.1,,.6,360,77,996.4,,,0,,11.1
238,금산,2022-05-18 05:00,12,,.5,70,78,996.6,,,1,,10.3
238,금산,2022-05-18 06:00,10.7,,.3,0,84,997,0,,0,,10.4
238,금산,2022-05-18 07:00,13.3,,.4,0,75,997.4,.9,,0,,12.7
238,금산,2022-05-18 08:00,18.2,,.3,0,54,997.6,1,,,,16.1
238,금산,2022-05-18 09:00,22,,1.7,160,39,997.7,1,,5,,26.5
238,금산,2022-05-18 10:00,24.2,,2.8,230,26,997.5,1,,0,,35.8
238,금산,2022-05-18 11:00,25.2,,2.3,250,27,997.4,1,,2,,42.7
238,금산,2022-05-18 12:00,26.1,,3.1,270,27,997.1,1,,6,,47.2
238,금산,2022-05-18 13:00,26.1,,4.1,250,28,996.6,1,,6,,47.4
238,금산,2022-05-18 14:00,26.5,,4.1,230,26,996.2,1,,0,,49
238,금산,2022-05-18 15:00,27.3,,3.2,250,26,995.4,1,,0,,48.1
238,금산,2022-05-18 16:00,26.8,,3.4,270,25,994.9,1,,0,,43.9
238,금산,2022-05-18 17:00,26.4,,2.9,270,25,995.1,1,,0,,38.3
238,금산,2022-05-18 18:00,25.1,,2.8,250,27,995.6,1,,0,,31.4
238,금산,2022-05-18 19:00,23.5,,2.5,250,29,995.8,.9,,0,,23.7
238,금산,2022-05-18 20:00,23,,1.9,200,31,996.1,0,,0,,20
238,금산,2022-05-18 21:00,22.2,,4,230,31,996.8,,,0,,18.7
238,금산,2022-05-18 22:00,21.9,,3.5,230,28,997.5,,,0,,17.6
238,금산,2022-05-18 23:00,21.5,,3.8,230,24,997.9,,,0,,16.9
238,금산,2022-05-19 00:00,20.8,,1.6,230,26,997.5,,,0,,15.6
238,금산,2022-05-19 01:00,17.7,,.6,50,37,997.4,,,4,,14.1
238,금산,2022-05-19 02:00,17,,1.6,90,37,997.4,,,6,,13.3
238,금산,2022-05-19 03:00,16.9,,1.9,90,37,997,,,4,,13.1
238,금산,2022-05-19 04:00,14.4,,.6,20,48,997.1,,,5,,12.2
238,금산,2022-05-19 05:00,13.1,,.4,0,54,997.4,,,6,,11.4
238,금산,2022-05-19 06:00,12.4,,.6,70,61,997.4,0,,4,,11.8
238,금산,2022-05-19 07:00,13.5,,.7,290,57,997.7,0,,7,,14.7
238,금산,2022-05-19 08:00,17.1,,.4,0,50,997.7,.2,,8,,19.1
238,금산,2022-05-19 09:00,19.7,,.9,340,43,998,0,,9,,24.1
238,금산,2022-05-19 10:00,22.2,,1.8,270,26,998,0,,10,,28.6
238,금산,2022-05-19 11:00,23,,2.7,230,20,998,0,,10,,31.5
238,금산,2022-05-19 12:00,22.9,,2.3,270,21,997.9,0,,10,,31.9
238,금산,2022-05-19 13:00,23.1,,3,250,24,997.8,0,,10,,33.9
238,금산,2022-05-19 14:00,23.9,,1.6,250,24,997.1,0,,10,,33.5
238,금산,2022-05-19 15:00,23.7,,2.1,290,23,996.6,0,,10,,31.2
238,금산,2022-05-19 16:00,23.9,,1.6,290,25,996.2,.1,,8,,32.3
238,금산,2022-05-19 17:00,23.7,,1.9,270,27,995.9,.5,,7,,32
238,금산,2022-05-19 18:00,22.6,,1.7,290,30,995.8,.8,,8,,26.8
238,금산,2022-05-19 19:00,20.8,,2.1,290,33,995.9,0,,8,,21.2
238,금산,2022-05-19 20:00,19.3,,.3,0,36,996.1,0,,7,,17.1
238,금산,2022-05-19 21:00,18.1,,.7,270,38,996.7,,,6,,15.2
238,금산,2022-05-19 22:00,15.8,,.5,290,50,996.9,,,7,,14.2
238,금산,2022-05-19 23:00,14.6,,.3,0,56,996.8,,,8,,13.8
238,금산,2022-05-20 00:00,13.6,,.2,0,63,996.6,,,8,,12.9
238,금산,2022-05-20 01:00,13.3,,.3,0,64,996.1,,,9,,13.2
238,금산,2022-05-20 02:00,12.6,,.4,0,68,995.8,,,10,,13
238,금산,2022-05-20 03:00,12.2,,.5,270,70,995.6,,,10,,12.8
238,금산,2022-05-20 04:00,11.9,,.4,0,73,995.6,,,10,,12.5
238,금산,2022-05-20 05:00,11.4,,.8,290,78,995.7,,,10,,12.7
238,금산,2022-05-20 06:00,11.4,,1,290,78,995.8,0,,10,,12.9
238,금산,2022-05-20 07:00,12.6,,0,0,73,995.7,0,,10,,15.1
238,금산,2022-05-20 08:00,14.3,,.3,0,65,995.9,0,,10,,18.4
238,금산,2022-05-20 09:00,17,,.6,20,56,995.8,.6,,9,,23.9
238,금산,2022-05-20 10:00,19.8,,.9,110,50,995.2,0,,9,,28.4
238,금산,2022-05-20 11:00,20.5,,1.1,140,50,994.7,.1,,9,,31.2
238,금산,2022-05-20 12:00,22.5,,1.4,110,47,993.8,.9,,8,,43.3
238,금산,2022-05-20 13:00,24.2,,2.1,250,38,992.9,1,,3,,50.1
238,금산,2022-05-20 14:00,24.6,,2.1,250,35,992.1,1,,6,,49.5
238,금산,2022-05-20 15:00,25.2,,1.5,340,35,991.5,1,,5,,47.8
238,금산,2022-05-20 16:00,25.7,,2.5,340,29,991,1,,1,,44.4
238,금산,2022-05-20 17:00,24.8,,2.6,320,37,990.9,1,,0,,38.5
238,금산,2022-05-20 18:00,23.9,,1.8,290,44,990.6,1,,0,,32.2
238,금산,2022-05-20 19:00,22.1,,1.4,290,52,990.8,1,,0,,24.4
238,금산,2022-05-20 20:00,20.6,,1.5,290,58,991.4,0,,1,,20.3
238,금산,2022-05-20 21:00,19.1,,.8,270,64,992.1,,,1,,18.1
238,금산,2022-05-20 22:00,17.4,,.2,0,74,992.5,,,0,,16.3
238,금산,2022-05-20 23:00,16.1,,.9,290,81,992.3,,,0,,15.2
238,금산,2022-05-21 00:00,15,,.6,270,88,992,,,0,,14.1
238,금산,2022-05-21 01:00,14.1,,.7,290,91,991.6,,,0,,13.2
238,금산,2022-05-21 02:00,13.3,,.5,270,95,991.3,,,0,,12.7
238,금산,2022-05-21 03:00,12.5,,.4,0,96,991.1,,,0,,12.2
238,금산,2022-05-21 04:00,12,,.4,0,96,991,,,0,,11.5
238,금산,2022-05-21 05:00,11.4,,.4,0,97,991,,,0,,11
238,금산,2022-05-21 06:00,10.9,,.3,0,98,991.3,0,,0,,11.6
238,금산,2022-05-21 07:00,13.1,,.2,0,92,991.5,.7,,0,,13.8
238,금산,2022-05-21 08:00,15.7,,.4,0,81,991.7,1,,0,,17
238,금산,2022-05-21 09:00,19,,.7,70,69,991.4,1,,0,,26.2
238,금산,2022-05-21 10:00,21.4,,2,20,57,990.9,1,,0,,35.8
238,금산,2022-05-21 11:00,22.8,,2.5,320,52,990.6,1,,0,,42.5
238,금산,2022-05-21 12:00,24,,2.2,320,47,990,1,,5,,48.1
238,금산,2022-05-21 13:00,24.1,,2.5,340,47,989.4,1,,0,,48.2
238,금산,2022-05-21 14:00,24.8,,2.2,320,48,988.8,1,,0,,49.6
238,금산,2022-05-21 15:00,24.9,,2.5,320,43,987.9,1,,0,,49
238,금산,2022-05-21 16:00,24.7,,2.2,270,46,987.4,.9,,0,,42.6
238,금산,2022-05-21 17:00,25.2,,2.4,290,48,987.2,.8,,0,,39.8
238,금산,2022-05-21 18:00,23.4,,2.3,250,57,987,1,,0,,33.4
238,금산,2022-05-21 19:00,21.2,,1.4,270,61,987.4,1,,0,,24.8
238,금산,2022-05-21 20:00,19.2,,1.4,270,67,988.1,0,,0,,20.3
238,금산,2022-05-21 21:00,18.4,,1.7,270,66,988.7,,,0,,18.1
238,금산,2022-05-21 22:00,17.7,,1,270,69,989.1,,,0,,16.6
238,금산,2022-05-21 23:00,16.6,,.3,0,73,989,,,0,,15.3
238,금산,2022-05-22 00:00,15.1,,.4,0,80,989,,,5,,14.4
238,금산,2022-05-22 01:00,14,,.3,0,85,988.5,,,5,,13.8
238,금산,2022-05-22 02:00,13.3,,.3,0,91,988.2,,,4,,13.2
238,금산,2022-05-22 03:00,12.5,,.6,270,94,988.2,,,6,,12.6
238,금산,2022-05-22 04:00,12.1,,.3,0,95,988.1,,,6,,12.1
238,금산,2022-05-22 05:00,11.6,,.5,320,96,988.6,,,6,,11.5
238,금산,2022-05-22 06:00,11.7,,.2,0,96,989,0,,4,,11.9
238,금산,2022-05-22 07:00,13.5,,.5,270,88,989,1,,5,,14.5
238,금산,2022-05-22 08:00,16.5,,.5,110,74,988.8,1,,2,,17.3
238,금산,2022-05-22 09:00,20.2,,.5,20,58,988.7,1,,6,,26.6
238,금산,2022-05-22 10:00,22.8,,1,320,46,988.8,1,,0,,36.4
238,금산,2022-05-22 11:00,25.2,,2.3,270,41,988.5,1,,0,,43.5
238,금산,2022-05-22 12:00,25.9,,3.4,270,42,988.1,1,,0,,47.9
238,금산,2022-05-22 13:00,26.1,,3.3,270,43,987.5,1,,0,,50
238,금산,2022-05-22 14:00,26.8,,2.4,270,44,987.2,1,,0,,51.4
238,금산,2022-05-22 15:00,27,,3.1,250,43,987,1,,0,,49.8
238,금산,2022-05-22 16:00,26.1,,4,250,44,986.9,1,,0,,45.3
238,금산,2022-05-22 17:00,25.9,,2.3,250,44,986.9,1,,0,,40.5
238,금산,2022-05-22 18:00,24.7,,1.9,270,49,986.7,1,,0,,34
238,금산,2022-05-22 19:00,23,,2.4,290,54,986.9,1,,0,,25.4
238,금산,2022-05-22 20:00,21.7,,1.7,320,59,987.5,0,,0,,21.4
238,금산,2022-05-22 21:00,20.8,,1.7,290,64,988.1,,,1,,19.5
238,금산,2022-05-22 22:00,19.4,,.8,290,73,989.1,,,0,,17.7
238,금산,2022-05-22 23:00,19,,.8,250,76,989.5,,,0,,16.8
238,금산,2022-05-23 00:00,18,,.8,70,79,989.6,,,2,,16.3
238,금산,2022-05-23 01:00,16.7,,.3,0,84,989.5,,,0,,15.1
238,금산,2022-05-23 02:00,15.6,,.3,0,89,989.7,,,2,,14.2
238,금산,2022-05-23 03:00,14.5,,1,320,94,990.2,,,6,,14
238,금산,2022-05-23 04:00,13.9,,.3,0,95,990.4,,,5,,13.2
238,금산,2022-05-23 05:00,13.5,,.3,0,97,990.8,,,1,,12.6
238,금산,2022-05-23 06:00,13.2,,.4,0,97,991.5,0,,2,,13
238,금산,2022-05-23 07:00,15.1,,.3,0,87,991.8,.8,,0,,15.4
238,금산,2022-05-23 08:00,17.8,,.6,90,78,992,1,,0,,18.7
238,금산,2022-05-23 09:00,21.3,,.5,50,65,992.1,1,,0,,27.3
238,금산,2022-05-23 10:00,24.2,,1,20,55,992,1,,0,,37.3
238,금산,2022-05-23 11:00,26.1,,2.2,340,48,992.1,1,,3,,42.9
238,금산,2022-05-23 12:00,26.9,,1.5,360,44,992,1,,5,,48
238,금산,2022-05-23 13:00,27.5,,2,290,41,991.8,1,,6,,50.1
238,금산,2022-05-23 14:00,27.9,,1.7,270,43,991.7,1,,7,,48.5
238,금산,2022-05-23 15:00,28.2,,2.5,270,42,991.6,1,,7,,47.7
238,금산,2022-05-23 16:00,27.9,,2.4,270,42,991.5,1,,7,,42.5
238,금산,2022-05-23 17:00,26.7,,2,270,42,991.6,.1,,8,,35.1
238,금산,2022-05-23 18:00,25.4,,1.6,290,45,991.8,0,,8,,29.8
238,금산,2022-05-23 19:00,24.4,,1.5,290,50,992.1,0,,9,,25.9
238,금산,2022-05-23 20:00,23,,1.1,270,54,992.8,0,,7,,21.9
238,금산,2022-05-23 21:00,22,,1,270,50,993.5,,,5,,19.6
238,금산,2022-05-23 22:00,21.3,,1.3,250,41,994.3,,,3,,17.8
238,금산,2022-05-23 23:00,20.2,,1.5,250,46,994.9,,,1,,16.9
238,금산,2022-05-24 00:00,18.7,,.8,20,52,995,,,1,,15.8
238,금산,2022-05-24 01:00,16.5,,.3,0,64,995.1,,,1,,14.5
238,금산,2022-05-24 02:00,14.7,,.5,270,71,995.1,,,0,,13.6
238,금산,2022-05-24 03:00,13.3,,1.2,320,83,995.2,,,0,,13.1
238,금산,2022-05-24 04:00,12.7,,.5,290,80,995.3,,,0,,12.3
238,금산,2022-05-24 05:00,11.7,,.5,270,88,995.5,,,0,,11.6
238,금산,2022-05-24 06:00,11.3,,.3,0,87,996,.1,,0,,11.7
238,금산,2022-05-24 07:00,13.9,,.1,0,80,996.1,1,,0,,13.9
238,금산,2022-05-24 08:00,16.5,,.8,140,66,996.3,1,,0,,16.9
238,금산,2022-05-24 09:00,19.9,,.7,110,55,996.3,1,,0,,27
238,금산,2022-05-24 10:00,23.1,,1.3,20,40,995.9,1,,0,,37.4
238,금산,2022-05-24 11:00,25.6,,2.3,20,30,995.1,1,,0,,44.8
238,금산,2022-05-24 12:00,26.9,,1.9,320,28,994.3,1,,0,,50.1
238,금산,2022-05-24 13:00,28.2,,1.8,340,28,993.5,1,,0,,52.7
238,금산,2022-05-24 14:00,28.9,,1.9,340,26,992.6,1,,0,,53.9
238,금산,2022-05-24 15:00,29.4,,1.4,360,26,991.9,1,,0,,52.3
238,금산,2022-05-24 16:00,29.8,,1.7,320,27,991.2,1,,0,,47.9
238,금산,2022-05-24 17:00,29.4,,1.8,320,27,990.9,1,,0,,42.5
238,금산,2022-05-24 18:00,28.6,,1.3,320,29,991,1,,0,,35.9
238,금산,2022-05-24 19:00,26.7,,1.3,290,34,991.2,1,,0,,27.9
238,금산,2022-05-24 20:00,22.6,,.9,290,49,991.6,.1,,0,,23
238,금산,2022-05-24 21:00,21.1,,.3,0,55,992,,,2,,20.5
238,금산,2022-05-24 22:00,20,,.5,290,65,992.2,,,0,,18.8
238,금산,2022-05-24 23:00,18.8,,.5,270,71,992,,,0,,17.3
238,금산,2022-05-25 00:00,17.5,,.4,0,76,992.4,,,0,,16.3
238,금산,2022-05-25 01:00,16.7,,.2,0,79,992.1,,,0,,15.5
238,금산,2022-05-25 02:00,15.5,,1.2,290,85,991.9,,,0,,15.1
238,금산,2022-05-25 03:00,14.6,,1,290,89,991.6,,,0,,14.4
238,금산,2022-05-25 04:00,14,,.3,0,90,991.3,,,0,,13.6
238,금산,2022-05-25 05:00,13.4,,.5,250,93,991.3,,,0,,13.2
238,금산,2022-05-25 06:00,13.4,,.4,0,92,991.5,0,,0,,13.4
238,금산,2022-05-25 07:00,15.2,,.2,0,86,991.9,1,,0,,15.7
238,금산,2022-05-25 08:00,18.2,,.7,90,70,991.5,1,,0,,18.9
238,금산,2022-05-25 09:00,20.8,,1.4,360,55,991.3,1,,0,,27.7
238,금산,2022-05-25 10:00,23.9,,1.5,20,48,990.8,1,,0,,37.8
238,금산,2022-05-25 11:00,24.7,,1.3,230,41,989.8,1,,0,,46
238,금산,2022-05-25 12:00,27,,2.3,340,37,988.9,1,,4,,50.6
238,금산,2022-05-25 13:00,28,,2.3,340,37,987.9,1,,6,,52.2
238,금산,2022-05-25 14:00,27.5,,2.7,340,38,987,1,,7,,47
238,금산,2022-05-25 15:00,27.2,,2.3,320,39,986.7,.3,,9,,43.1
238,금산,2022-05-25 16:00,27.1,,2.1,250,38,986,1,,7,,44.6
238,금산,2022-05-25 17:00,25.8,,2.6,270,43,985.6,.8,,6,,37.5
238,금산,2022-05-25 18:00,24.3,,2,270,46,986,0,,8,,32
238,금산,2022-05-25 19:00,22.2,,2.3,290,49,986.6,.2,,9,,26.7
238,금산,2022-05-25 20:00,20.1,,2,270,58,987.3,0,,8,,22.1
238,금산,2022-05-25 21:00,19.5,,.5,160,59,987.2,,,9,,20.7
238,금산,2022-05-25 22:00,19.3,,1.3,250,60,987.4,,,10,,20.3
238,금산,2022-05-25 23:00,18.8,,2.1,270,63,987.4,,,10,,19.7
238,금산,2022-05-26 00:00,18.4,,1.4,250,68,986.7,,,10,,19.2
238,금산,2022-05-26 01:00,18.7,,2.2,180,68,985.7,,,10,,19.2
238,금산,2022-05-26 02:00,16.8,.3,2.1,270,86,985.7,,,10,,17.9
238,금산,2022-05-26 03:00,14.9,2,1.3,320,94,985.9,,,10,,17
238,금산,2022-05-26 04:00,14.5,0,1,290,93,986.3,,,9,,16.1
238,금산,2022-05-26 05:00,13.4,,1.1,270,90,986.3,,,4,,14
238,금산,2022-05-26 06:00,12.8,,.4,0,96,986.6,0,,4,,13.3
238,금산,2022-05-26 07:00,14.2,,.1,0,86,986.8,.9,,6,,14.6
238,금산,2022-05-26 08:00,16.2,,.6,230,72,986.7,.9,,3,,16
238,금산,2022-05-26 09:00,17.6,,2.4,290,53,987,1,,0,,21.7
238,금산,2022-05-26 10:00,18.9,,1.8,360,52,986.6,1,,0,,28.2
238,금산,2022-05-26 11:00,20.5,,2,340,43,986.3,1,,0,,32.8
238,금산,2022-05-26 12:00,21.9,,2.6,360,36,985.9,1,,0,,37.8
238,금산,2022-05-26 13:00,23.4,,1.9,340,33,985.2,1,,0,,42.8
238,금산,2022-05-26 14:00,24,,2.6,340,29,984.4,1,,0,,44.6
238,금산,2022-05-26 15:00,24.1,,3,340,31,983.8,1,,0,,44
238,금산,2022-05-26 16:00,24.5,,2,320,33,983.3,1,,0,,42.4
238,금산,2022-05-26 17:00,23.7,,2.4,270,33,983,1,,0,,38.3
238,금산,2022-05-26 18:00,22.8,,2,270,30,982.7,1,,0,,32.4
238,금산,2022-05-26 19:00,20.9,,1.6,270,35,983.3,1,,0,,23.8
238,금산,2022-05-26 20:00,18.7,,1,270,47,983.6,.3,,0,,19.7
238,금산,2022-05-26 21:00,17.1,,1,340,53,983.9,,,0,,17.3
238,금산,2022-05-26 22:00,15.9,,.8,360,58,984.4,,,0,,15.7
238,금산,2022-05-26 23:00,16.2,,.7,360,50,984,,,0,,14.6
238,금산,2022-05-27 00:00,14.8,,1.2,360,57,983.1,,,0,,13.8
238,금산,2022-05-27 01:00,14.4,,.9,90,60,982.3,,,0,,13
238,금산,2022-05-27 02:00,17,,1.3,270,33,981.5,,,4,,12.8
238,금산,2022-05-27 03:00,18.1,,2.5,250,32,980.9,,,7,,14.1
238,금산,2022-05-27 04:00,17.6,,3.3,250,43,980.7,,,2,,13.8
238,금산,2022-05-27 05:00,17.1,,2.7,270,53,981,,,2,,13.7
238,금산,2022-05-27 06:00,17,,2.4,290,59,981.5,.3,,0,,14.2
238,금산,2022-05-27 07:00,17.7,,2.7,290,62,981.8,1,,3,,15.7
238,금산,2022-05-27 08:00,18.6,,1.6,270,63,981.9,1,,0,,17.8
238,금산,2022-05-27 09:00,19.6,,3.4,250,59,981.7,1,,0,,26
238,금산,2022-05-27 10:00,21.6,,2.4,290,55,981.4,1,,0,,35.2
238,금산,2022-05-27 11:00,22.7,,2.7,270,52,981.6,1,,0,,42.3
238,금산,2022-05-27 12:00,24,,3.2,230,47,981.4,1,,1,,47
238,금산,2022-05-27 13:00,24.9,,3.1,290,40,981.2,1,,0,,49.5
238,금산,2022-05-27 14:00,26,,2.7,270,38,980.9,1,,0,,51.2
238,금산,2022-05-27 15:00,25.8,,3.5,270,36,980.9,1,,0,,49.7
238,금산,2022-05-27 16:00,25.5,,3.7,290,36,980.8,1,,0,,46.1
238,금산,2022-05-27 17:00,24.6,,3.5,270,37,981.1,1,,0,,41.2
238,금산,2022-05-27 18:00,23.8,,2.7,270,37,981.5,1,,0,,34.8
238,금산,2022-05-27 19:00,22.2,,1.6,270,40,982.2,1,,0,,25.1
238,금산,2022-05-27 20:00,20.4,,1.4,270,45,982.8,.3,,1,,20.6
238,금산,2022-05-27 21:00,19,,.5,270,50,983.7,,,0,,18.1
238,금산,2022-05-27 22:00,17.3,,.1,0,60,984.8,,,0,,16.4
238,금산,2022-05-27 23:00,15.6,,.1,0,69,985.2,,,0,,15.1
238,금산,2022-05-28 00:00,15.4,,1.2,110,71,985.1,,,0,,14.5
238,금산,2022-05-28 01:00,14.7,,.5,90,75,984.4,,,0,,13.5
238,금산,2022-05-28 02:00,12.5,,.2,0,86,984.1,,,0,,12.7
238,금산,2022-05-28 03:00,11.7,,.6,270,89,984,,,0,,12.1
238,금산,2022-05-28 04:00,11.5,,.4,0,91,984.6,,,0,,11.6
238,금산,2022-05-28 05:00,11.2,,.6,250,91,985.2,,,0,,11.4
238,금산,2022-05-28 06:00,11.5,,.2,0,90,985.8,.1,,5,,12.3
238,금산,2022-05-28 07:00,14.4,,.7,270,76,986,1,,7,,15.2
238,금산,2022-05-28 08:00,18.2,,.6,50,60,986.7,1,,8,,19.4
238,금산,2022-05-28 09:00,21.5,,.9,140,48,986.8,.8,,8,,25.6
238,금산,2022-05-28 10:00,24.6,,1.7,250,30,986.9,1,,8,,34.1
238,금산,2022-05-28 11:00,26.1,,2.2,270,27,987,1,,8,,41.2
238,금산,2022-05-28 12:00,26.8,,3.1,290,24,986.8,1,,7,,46.6
238,금산,2022-05-28 13:00,27.5,,3.7,250,26,986.4,1,,7,,51.2
238,금산,2022-05-28 14:00,27.6,,2.1,290,27,986.1,1,,8,,46.5
238,금산,2022-05-28 15:00,28.8,,2.1,270,27,985.9,1,,8,,47.4
238,금산,2022-05-28 16:00,27.8,,2.3,290,20,985.8,1,,7,,43.8
238,금산,2022-05-28 17:00,27,,1.9,270,27,985.4,1,,5,,39.6
238,금산,2022-05-28 18:00,26.6,,1.5,290,28,985.4,1,,4,,34.6
238,금산,2022-05-28 19:00,24.7,,1.2,290,29,985.6,1,,0,,26
238,금산,2022-05-28 20:00,21.2,,.9,270,41,986.3,.2,,0,,20.9
238,금산,2022-05-28 21:00,19.2,,.4,0,46,987.1,,,3,,18.1
238,금산,2022-05-28 22:00,17.4,,.7,290,52,987.5,,,1,,16.3
238,금산,2022-05-28 23:00,15.7,,.6,250,58,987.7,,,0,,15
238,금산,2022-05-29 00:00,14.4,,1,340,64,987.8,,,0,,13.9
238,금산,2022-05-29 01:00,13.4,,.5,290,69,987.3,,,0,,13
238,금산,2022-05-29 02:00,12.4,,.8,290,73,987.5,,,0,,12.3
238,금산,2022-05-29 03:00,11.6,,.1,0,78,987.5,,,0,,11.3
238,금산,2022-05-29 04:00,10.6,,.3,0,83,987.5,,,0,,10.7
238,금산,2022-05-29 05:00,10,,.3,0,87,987.5,,,0,,10.1
238,금산,2022-05-29 06:00,9.7,,.4,0,88,987.5,.3,,0,,10.4
238,금산,2022-05-29 07:00,12.7,,.1,0,75,987.3,1,,0,,12.5
238,금산,2022-05-29 08:00,15.8,,.6,160,61,987.4,1,,0,,15.4
238,금산,2022-05-29 09:00,19.8,,.8,340,51,987,1,,0,,26.9
238,금산,2022-05-29 10:00,22.4,,1,90,38,986.4,1,,6,,33.8
238,금산,2022-05-29 11:00,24.6,,1.4,90,34,985.7,1,,7,,44.4
238,금산,2022-05-29 12:00,26.1,,1,290,32,984.9,.9,,7,,44.3
238,금산,2022-05-29 13:00,27,,1.7,320,30,984.1,.7,,8,,46.9
238,금산,2022-05-29 14:00,27.9,,2,90,28,983.2,.5,,8,,43
238,금산,2022-05-29 15:00,29.7,,2.4,290,28,982.5,1,,6,,52.6
238,금산,2022-05-29 16:00,29.4,,1.8,290,31,982.2,1,,3,,49.7
238,금산,2022-05-29 17:00,28.7,,1.7,290,32,982.1,1,,1,,43.6
238,금산,2022-05-29 18:00,28.1,,1.8,290,33,982,1,,4,,36.8
238,금산,2022-05-29 19:00,26.8,,1.7,250,38,982.4,1,,0,,29
238,금산,2022-05-29 20:00,25,,1.2,180,44,983.1,.2,,3,,24.1
238,금산,2022-05-29 21:00,23.3,,.5,270,56,983.7,,,9,,22.8
238,금산,2022-05-29 22:00,22.1,,.9,340,62,984.2,,,9,,21.9
238,금산,2022-05-29 23:00,20.8,0,.5,270,67,983.6,,,9,,20.5
238,금산,2022-05-30 00:00,20,,.7,250,72,983.5,,,10,,20.3
238,금산,2022-05-30 01:00,19.4,,.6,290,74,983.1,,,10,,20.1
238,금산,2022-05-30 02:00,19.2,,.6,270,75,982.7,,,9,,19.7
238,금산,2022-05-30 03:00,19.3,,.7,270,74,982.4,,,9,,19.7
238,금산,2022-05-30 04:00,19.3,0,.6,180,76,982.3,,,6,,19.4
238,금산,2022-05-30 05:00,17.7,0,.8,160,81,982.2,,,3,,18.6
238,금산,2022-05-30 06:00,16.7,.1,.8,200,92,982.5,0,,9,,18.4
238,금산,2022-05-30 07:00,16.6,.5,.8,230,94,982.5,0,,5,,19.9
238,금산,2022-05-30 08:00,17.7,0,.7,140,90,982.2,0,,7,,22.6
238,금산,2022-05-30 09:00,18.3,,2,160,85,982.2,0,,10,,25.1
238,금산,2022-05-30 10:00,19.2,,1.7,140,78,982.3,0,,10,,26.2
238,금산,2022-05-30 11:00,19.9,,2,110,78,982,0,,9,,29.6
238,금산,2022-05-30 12:00,20.1,,1.1,160,78,981.9,0,,9,,28.1
238,금산,2022-05-30 13:00,21,,1.3,180,74,981.3,0,,10,,30
238,금산,2022-05-30 14:00,21.8,,1.6,270,71,981.2,0,,9,,31.7
238,금산,2022-05-30 15:00,21.7,,1.7,290,72,980.9,0,,9,,27.7
238,금산,2022-05-30 16:00,22.2,,1,270,70,980.6,0,,9,,26.6
238,금산,2022-05-30 17:00,21.3,0,1.8,270,74,981,0,,9,,23.8
238,금산,2022-05-30 18:00,20.4,0,1.6,270,79,981.4,0,,9,,21.8
238,금산,2022-05-30 19:00,19.8,0,2,290,82,981.7,0,,9,,21
238,금산,2022-05-30 20:00,18.8,0,2.2,290,88,982.5,0,,7,,19.7
238,금산,2022-05-30 21:00,19.2,,2,290,80,983.6,,,7,,19.3
238,금산,2022-05-30 22:00,18.9,,2.4,290,80,984.3,,,10,,19.2
238,금산,2022-05-30 23:00,18.3,,1.1,290,83,984.6,,,7,,17.8
238,금산,2022-05-31 00:00,17.8,,2.2,290,80,985.1,,,7,,17.2
238,금산,2022-05-31 01:00,16.3,,1.3,290,78,985.5,,,0,,14.8
238,금산,2022-05-31 02:00,15.4,,.6,290,70,986.2,,,0,,13.1
238,금산,2022-05-31 03:00,12.9,,.2,0,82,986.2,,,0,,11.6
238,금산,2022-05-31 04:00,11.6,,.4,0,83,986.4,,,0,,10.8
238,금산,2022-05-31 05:00,10.1,,.3,0,89,986.7,,,0,,10
238,금산,2022-05-31 06:00,10.3,,0,0,90,987.3,.3,,0,,10.1
238,금산,2022-05-31 07:00,13.3,,.1,0,79,987.9,1,,0,,12.2
238,금산,2022-05-31 08:00,15.8,,.7,110,68,988.9,1,,0,,15.1
238,금산,2022-05-31 09:00,19.3,,.8,90,53,989.2,1,,0,,25.9
238,금산,2022-05-31 10:00,22.6,,1.2,230,36,988.9,1,,0,,37.5
238,금산,2022-05-31 11:00,24.7,,1.6,340,28,989.2,1,,0,,44.5
238,금산,2022-05-31 12:00,25.3,,2.1,340,27,989.1,1,,0,,49.7
238,금산,2022-05-31 13:00,26.5,,2.4,340,25,988.5,1,,0,,52.5
238,금산,2022-05-31 14:00,26.6,,2.2,290,26,987.7,1,,0,,53.5
238,금산,2022-05-31 15:00,26.9,,2.5,270,27,987.7,1,,0,,52.3
238,금산,2022-05-31 16:00,26.8,,3.2,250,28,987.3,1,,0,,48.5
238,금산,2022-05-31 17:00,26.1,,3.1,230,27,987.1,1,,0,,42.5
238,금산,2022-05-31 18:00,24.9,,1.9,270,31,987.4,1,,4,,34.9
238,금산,2022-05-31 19:00,22.5,,1.6,320,35,988.1,1,,0,,26.6
238,금산,2022-05-31 20:00,20.3,,.9,270,41,988.6,.1,,6,,21.4
238,금산,2022-05-31 21:00,18.3,,.6,290,46,988.9,,,7,,18.9
238,금산,2022-05-31 22:00,16.6,,.7,250,54,989.3,,,8,,17.4
238,금산,2022-05-31 23:00,15.5,,.7,290,59,989.5,,,9,,16.6
238,금산,2022-06-01 00:00,14.7,,.7,270,65,989.4,,,8,,15.6
238,금산,2022-06-01 01:00,13.9,,.6,320,69,988.9,,,9,,14.9
238,금산,2022-06-01 02:00,13,,.6,270,74,988.6,,,9,,14.2
238,금산,2022-06-01 03:00,12.5,,.6,270,76,988.5,,,9,,13.7
238,금산,2022-06-01 04:00,12.4,,.6,250,78,988.5,,,9,,13.8
238,금산,2022-06-01 05:00,12.5,,.5,270,78,988.5,,,9,,13.4
238,금산,2022-06-01 06:00,12.6,,.9,340,79,988.5,.2,,7,,13.4
238,금산,2022-06-01 07:00,14,,1.7,360,75,989.3,.3,,6,,15.1
238,금산,2022-06-01 08:00,16.6,,1.1,90,63,988.9,.4,,8,,17.9
238,금산,2022-06-01 09:00,20,,1.2,140,49,988.4,1,,5,,27.3
238,금산,2022-06-01 10:00,23.2,,1.4,110,36,987.5,1,,1,,39.5
238,금산,2022-06-01 11:00,25.6,,1.5,90,32,987,1,,0,,47.8
238,금산,2022-06-01 12:00,27.7,,1.2,50,27,985.9,1,,0,,53.4
238,금산,2022-06-01 13:00,28.3,,1.7,200,24,985.1,1,,0,,57
238,금산,2022-06-01 14:00,29.5,,1.8,250,20,984,1,,0,,57.7
238,금산,2022-06-01 15:00,30.1,,2.7,290,19,983.2,1,,0,,55.5
238,금산,2022-06-01 16:00,30.1,,3.1,320,19,982.8,1,,0,,51.5
238,금산,2022-06-01 17:00,28.9,,3.1,320,24,982.6,1,,0,,44.3
238,금산,2022-06-01 18:00,27.4,,3.1,290,29,982.9,1,,0,,37.1
238,금산,2022-06-01 19:00,25,,2,290,31,983.6,1,,0,,28.3
238,금산,2022-06-01 20:00,22.4,,1.1,290,36,984.4,.3,,0,,23
238,금산,2022-06-01 21:00,21,,1,250,38,985.4,,,0,,19.9
238,금산,2022-06-01 22:00,19.5,,.6,230,41,985.8,,,0,,18.1
238,금산,2022-06-01 23:00,17,,.7,250,51,986.1,,,0,,16.6
238,금산,2022-06-02 00:00,15.4,,.8,270,59,986.5,,,0,,15.3
238,금산,2022-06-02 01:00,14,,.4,0,67,986.6,,,0,,14.2
238,금산,2022-06-02 02:00,13,,.5,290,71,986.8,,,0,,13.2
238,금산,2022-06-02 03:00,11.8,,.4,0,77,987,,,0,,12.4
238,금산,2022-06-02 04:00,11.3,,.4,0,81,987,,,0,,11.7
238,금산,2022-06-02 05:00,10.3,,.4,0,85,987.7,,,0,,11.2
238,금산,2022-06-02 06:00,10.8,,.6,250,83,988.1,.2,,6,,11.6
238,금산,2022-06-02 07:00,13.5,,.6,110,73,988.2,1,,6,,13.9
238,금산,2022-06-02 08:00,16.2,,.9,90,65,988,1,,0,,17.2
238,금산,2022-06-02 09:00,19.7,,.3,0,54,987.6,1,,0,,28.3
238,금산,2022-06-02 10:00,22.7,,1.6,340,46,987.7,1,,2,,38.5
238,금산,2022-06-02 11:00,25.1,,1.3,290,40,987.1,1,,0,,47
238,금산,2022-06-02 12:00,27.1,,2.1,340,33,986.7,1,,0,,52.1
238,금산,2022-06-02 13:00,27.9,,1.5,290,36,986.7,1,,0,,56.2
238,금산,2022-06-02 14:00,28.3,,2.5,250,37,986.3,1,,0,,57.1
238,금산,2022-06-02 15:00,28,,2.1,340,39,986.2,1,,0,,54.3
238,금산,2022-06-02 16:00,28.3,,2.4,290,40,986.3,1,,0,,50.5
238,금산,2022-06-02 17:00,27.4,,2.1,270,43,986.4,1,,0,,45.5
238,금산,2022-06-02 18:00,26.5,,1.9,270,44,986.2,1,,0,,38.1
238,금산,2022-06-02 19:00,25.1,,1.1,270,49,986.5,1,,0,,29.8
238,금산,2022-06-02 20:00,22.9,,1.2,290,63,987.2,.1,,0,,24.8
238,금산,2022-06-02 21:00,21.6,,1.7,290,70,987.9,,,0,,22.3
238,금산,2022-06-02 22:00,20.9,,2.2,290,72,988.2,,,0,,20.7
238,금산,2022-06-02 23:00,19.2,,.7,320,77,988.5,,,2,,19
238,금산,2022-06-03 00:00,18.1,,1.1,340,86,989,,,6,,18
238,금산,2022-06-03 01:00,17.3,,.3,0,90,989.3,,,7,,16.7
238,금산,2022-06-03 02:00,16.6,,.3,0,91,989.3,,,6,,15.8
238,금산,2022-06-03 03:00,16,,0,0,95,989,,,0,,15.1
238,금산,2022-06-03 04:00,14.9,,.5,290,97,989.1,,,4,,14.6
238,금산,2022-06-03 05:00,14.5,,.2,0,96,989.4,,,9,,14.1
238,금산,2022-06-03 06:00,14.8,,.5,70,97,989.8,0,,9,,14.7
238,금산,2022-06-03 07:00,16.1,,.7,180,92,990.2,0,,6,,19.2
238,금산,2022-06-03 08:00,18,,.6,140,85,990.4,.5,,6,,21.8
238,금산,2022-06-03 09:00,20.2,,1.1,160,73,990.4,.7,,0,,30
238,금산,2022-06-03 10:00,22.9,,1.1,180,60,990.1,1,,0,,40.1
238,금산,2022-06-03 11:00,26,,.6,270,51,989.8,1,,0,,48.3
238,금산,2022-06-03 12:00,27.9,,1.6,160,39,989.3,1,,0,,54.5
238,금산,2022-06-03 13:00,30,,1.5,140,31,988.8,1,,0,,58
238,금산,2022-06-03 14:00,31.2,,1.3,340,25,988,1,,0,,58.3
238,금산,2022-06-03 15:00,31.1,,1.3,270,25,987.6,1,,0,,57.1
238,금산,2022-06-03 16:00,31.9,,2.3,320,27,987.6,1,,3,,52.2
238,금산,2022-06-03 17:00,30.5,,1.9,320,40,987.5,1,,0,,46.7
238,금산,2022-06-03 18:00,29.2,,1.5,320,44,987.7,.9,,2,,38.1
238,금산,2022-06-03 19:00,28,,1.4,270,44,988.2,.3,,7,,31.9
238,금산,2022-06-03 20:00,25.9,,.7,270,47,988.7,.1,,4,,26.4
238,금산,2022-06-03 21:00,24.4,,.9,290,59,989.5,,,1,,23.8
238,금산,2022-06-03 22:00,23,,.5,320,62,990.4,,,5,,22.4
238,금산,2022-06-03 23:00,22,,1,20,66,990.7,,,2,,20.8
238,금산,2022-06-04 00:00,20.1,,.8,250,75,991.2,,,2,,19.7
238,금산,2022-06-04 01:00,20.1,,.5,180,69,991.8,,,3,,18.7
238,금산,2022-06-04 02:00,19.6,,.9,160,67,992.1,,,4,,18
238,금산,2022-06-04 03:00,18.5,,1.4,180,70,992.3,,,5,,17.5
238,금산,2022-06-04 04:00,18.1,,1.7,160,70,992.4,,,5,,16.9
238,금산,2022-06-04 05:00,17.5,,1.5,140,72,992.4,,,3,,16.6
238,금산,2022-06-04 06:00,17.4,,1.3,140,74,992.5,0,,6,,17.6
238,금산,2022-06-04 07:00,17.8,,1.9,140,73,992.2,.3,,7,,19.8
238,금산,2022-06-04 08:00,19.1,,1.5,90,69,992.2,1,,7,,22.8
238,금산,2022-06-04 09:00,20.8,,1.4,140,62,992.2,1,,3,,30.4
238,금산,2022-06-04 10:00,23.2,,1.6,110,54,991.8,1,,7,,39.6
238,금산,2022-06-04 11:00,26,,1.4,140,47,990.9,1,,7,,49.4
238,금산,2022-06-04 12:00,26.1,,1.7,70,47,990.4,.2,,8,,41
238,금산,2022-06-04 13:00,27.4,,2.5,160,44,989.8,.8,,7,,48.4
238,금산,2022-06-04 14:00,28.6,,1.7,50,41,989.1,.6,,8,,45.3
238,금산,2022-06-04 15:00,29.9,,2.3,110,36,988.4,.7,,7,,53.2
238,금산,2022-06-04 16:00,29.2,,2,110,38,988,.3,,10,,41.7
238,금산,2022-06-04 17:00,28.7,,2.6,90,38,987,.1,,10,,37.5
238,금산,2022-06-04 18:00,27.8,,3,160,40,987.1,.1,,10,,32.5
238,금산,2022-06-04 19:00,26.9,,2.5,160,41,987.5,0,,7,,28.6
238,금산,2022-06-04 20:00,25.9,,1.9,160,43,987.5,0,,10,,25.3
238,금산,2022-06-04 21:00,24.6,,1.6,140,45,987.8,,,7,,23.2
238,금산,2022-06-04 22:00,23.4,,.3,0,50,987.9,,,8,,22
238,금산,2022-06-04 23:00,22.3,,.3,0,55,987.7,,,8,,21.1
238,금산,2022-06-05 00:00,20.7,,.2,0,60,987.3,,,9,,20
238,금산,2022-06-05 01:00,19,,.7,250,66,987.1,,,8,,18.4
238,금산,2022-06-05 02:00,19.5,,.4,0,62,986.5,,,10,,18.9
238,금산,2022-06-05 03:00,19.4,,.4,0,61,986.3,,,10,,19
238,금산,2022-06-05 04:00,19.6,,.2,0,59,985.8,,,10,,18.9
238,금산,2022-06-05 05:00,18.6,0,.3,0,66,985.7,,,10,,18.3
238,금산,2022-06-05 06:00,17.1,.3,.9,200,82,985.6,0,,10,,17.7
238,금산,2022-06-05 07:00,16.9,.1,.5,160,81,985.2,0,,10,,18.2
238,금산,2022-06-05 08:00,17.6,0,1.3,110,78,984.6,0,,10,,19.8
238,금산,2022-06-05 09:00,18,0,1.2,90,78,984.2,0,,10,,21.1
238,금산,2022-06-05 10:00,18.1,0,1.8,140,75,983.4,0,,10,,21.3
238,금산,2022-06-05 11:00,18.9,0,2.1,110,71,983.4,0,,10,,23.4
238,금산,2022-06-05 12:00,20,,2,90,67,983.1,0,,10,,25.2
238,금산,2022-06-05 13:00,19.5,0,2.2,90,70,982,0,,10,,23.6
238,금산,2022-06-05 14:00,18.1,.3,2.2,90,79,982.5,0,,10,,22.4
238,금산,2022-06-05 15:00,17.9,.5,2,110,84,981.8,0,,10,,22.1
238,금산,2022-06-05 16:00,17.5,.7,1.9,110,90,981,0,,10,,20.7
238,금산,2022-06-05 17:00,17,2,.9,70,93,981.3,0,,10,,19.5
238,금산,2022-06-05 18:00,16.8,1.7,1.7,110,95,980.7,0,,10,,18.9
238,금산,2022-06-05 19:00,16.7,1.3,1.5,110,95,979.9,0,,10,,18.2
238,금산,2022-06-05 20:00,16.5,.6,1.9,140,95,977.8,0,,10,,17.8
238,금산,2022-06-05 21:00,16.4,0,1.3,320,95,979.2,,,10,,17.5
238,금산,2022-06-05 22:00,16.7,0,.9,290,94,979.8,,,8,,17.5
238,금산,2022-06-05 23:00,16.7,,1.3,290,94,979.8,,,9,,17.4
238,금산,2022-06-06 00:00,16.7,,1.4,290,93,979.4,,,8,,17.5
238,금산,2022-06-06 01:00,16.6,,.4,0,95,979.4,,,7,,17.7
238,금산,2022-06-06 02:00,16.7,,1.2,200,94,979.5,,,7,,17.5
238,금산,2022-06-06 03:00,16.7,,1.5,200,93,978.9,,,6,,17.3
238,금산,2022-06-06 04:00,16.8,,1.3,200,91,978.8,,,8,,17.3
238,금산,2022-06-06 05:00,16.5,.3,1,200,94,978.9,,,9,,17.3
238,금산,2022-06-06 06:00,16.3,1,1.7,180,97,978.2,0,,6,,17.3
238,금산,2022-06-06 07:00,16.9,.1,.8,360,96,978.7,0,,5,,18.7
238,금산,2022-06-06 08:00,17.3,,1,290,90,979.4,0,,2,,20
238,금산,2022-06-06 09:00,18.1,,1,290,87,979.4,0,,9,,21.9
238,금산,2022-06-06 10:00,18.6,,1.2,270,84,979.4,0,,9,,22.2
238,금산,2022-06-06 11:00,18.7,,1.5,320,85,979.6,0,,8,,21
238,금산,2022-06-06 12:00,20.2,0,2.3,290,77,979.7,.2,,9,,28.1
238,금산,2022-06-06 13:00,20.6,,2.6,290,72,979.6,.2,,9,,29.2
238,금산,2022-06-06 14:00,22.5,,1.8,320,66,979.6,.3,,8,,33
238,금산,2022-06-06 15:00,22.6,,2.7,360,64,979.9,.6,,7,,33.7
238,금산,2022-06-06 16:00,22.5,,1.9,340,61,980.1,.7,,6,,31.2
238,금산,2022-06-06 17:00,22.7,,2,360,62,980.2,.5,,5,,27.6
238,금산,2022-06-06 18:00,22.7,,1.9,320,58,980.8,.8,,6,,26.9
238,금산,2022-06-06 19:00,20.8,,2.6,110,66,981.1,1,,2,,23.1
238,금산,2022-06-06 20:00,19.2,,1.8,110,71,982.1,.2,,4,,20.2
238,금산,2022-06-06 21:00,18.5,,1.5,70,71,983.1,,,5,,18.4
238,금산,2022-06-06 22:00,16.7,,.6,250,81,983.9,,,0,,17.1
238,금산,2022-06-06 23:00,16.6,,.2,0,83,984.6,,,7,,17.7
238,금산,2022-06-07 00:00,16.1,,.5,230,86,984.6,,,7,,17
238,금산,2022-06-07 01:00,15.7,,.6,250,88,984.8,,,8,,16.9
238,금산,2022-06-07 02:00,16.2,,.6,180,82,984.9,,,7,,16.3
238,금산,2022-06-07 03:00,16.1,,.4,0,81,984.7,,,8,,16.6
238,금산,2022-06-07 04:00,15.2,,.4,0,85,984.9,,,6,,15.3
238,금산,2022-06-07 05:00,14.9,,1,180,84,985.5,,,8,,15.5
238,금산,2022-06-07 06:00,15.1,,.8,160,80,985.7,0,,7,,15.7
238,금산,2022-06-07 07:00,16.3,,1.1,140,74,986.1,.1,,6,,18.2
238,금산,2022-06-07 08:00,16.6,,2,110,74,986.6,.5,,7,,19.8
238,금산,2022-06-07 09:00,17,,1.4,160,78,986.9,0,,10,,19.7
238,금산,2022-06-07 10:00,15.8,.2,1.1,160,90,987,0,,9,,20.3
238,금산,2022-06-07 11:00,16.3,.3,1.1,160,85,987.1,0,,10,,21.2
238,금산,2022-06-07 12:00,16.1,3.1,.6,230,94,987.2,0,,10,,20.9
238,금산,2022-06-07 13:00,15.4,5.4,1,270,97,987.3,0,,10,,19
238,금산,2022-06-07 14:00,15.7,7.6,.2,0,95,987.4,0,,10,,19
238,금산,2022-06-07 15:00,15.6,8.3,.8,20,97,987.5,0,,10,,18.2
238,금산,2022-06-07 16:00,15.9,6.5,.4,0,97,987.5,0,,10,,19
238,금산,2022-06-07 17:00,15.9,1.9,.3,0,97,987.6,0,,10,,18.5
238,금산,2022-06-07 18:00,15.9,.7,1.2,160,96,987.8,0,,10,,18.5
238,금산,2022-06-07 19:00,15.9,,.9,160,96,987.8,0,,10,,17.8
238,금산,2022-06-07 20:00,15.8,,1.2,110,96,988.2,0,,9,,17.2
238,금산,2022-06-07 21:00,15.8,,.7,140,97,988.7,,,1,,17.2
238,금산,2022-06-07 22:00,15.7,,1.3,160,95,989.3,,,8,,17.1
238,금산,2022-06-07 23:00,15.5,,.5,140,94,989.9,,,7,,16.8
238,금산,2022-06-08 00:00,15.3,,.9,110,95,989.8,,,8,,16.8
238,금산,2022-06-08 01:00,15.1,,.7,140,94,990,,,10,,16.7
238,금산,2022-06-08 02:00,14.8,,1.1,160,93,990.1,,,10,,16.6
238,금산,2022-06-08 03:00,14.6,,1,160,91,990.3,,,10,,16.3
238,금산,2022-06-08 04:00,14.4,,.8,160,92,990.4,,,10,,16.2
238,금산,2022-06-08 05:00,14.4,,.6,140,91,990.6,,,10,,16
238,금산,2022-06-08 06:00,14.3,,.8,180,91,991.5,0,,10,,16.1
238,금산,2022-06-08 07:00,15,,1.4,110,88,991.7,0,,9,,17.6
238,금산,2022-06-08 08:00,15.9,,1.7,110,83,991.9,.4,,5,,19.5
238,금산,2022-06-08 09:00,16.8,,1.7,90,80,992.3,0,,10,,22.3
238,금산,2022-06-08 10:00,17.5,,1.1,90,77,992.4,0,,10,,22.6
238,금산,2022-06-08 11:00,19.4,,1.5,70,67,991.6,.5,,9,,30.1
238,금산,2022-06-08 12:00,21.2,,1.5,140,61,991.3,.6,,8,,34.4
238,금산,2022-06-08 13:00,21.8,,1.7,20,58,990.9,1,,5,,34.3
238,금산,2022-06-08 14:00,22.4,,1.2,180,54,990.1,.8,,6,,33.1
238,금산,2022-06-08 15:00,23.3,,.8,50,53,989.9,.1,,7,,27.7
238,금산,2022-06-08 16:00,23,,1.3,20,51,989.7,.1,,8,,27
238,금산,2022-06-08 17:00,23.1,,2,140,53,989.9,.4,,7,,27.8
238,금산,2022-06-08 18:00,23,,1.8,90,50,990,.3,,0,,24.6
238,금산,2022-06-08 19:00,21.6,,1.5,140,60,990.4,.5,,6,,21.6
238,금산,2022-06-08 20:00,20.3,,.7,140,69,990.9,0,,7,,20.1
238,금산,2022-06-08 21:00,20,,1.3,110,69,991.6,,,5,,19.5
238,금산,2022-06-08 22:00,19,,.7,160,77,992.4,,,9,,19.2
238,금산,2022-06-08 23:00,18.9,,.3,0,79,993,,,7,,19.3
238,금산,2022-06-09 00:00,18,0,.7,90,84,992.8,,,7,,18.9
238,금산,2022-06-09 01:00,17.6,0,.3,0,87,992.2,,,8,,18.7
238,금산,2022-06-09 02:00,17,0,.6,110,89,992.3,,,10,,18.4
238,금산,2022-06-09 03:00,16.8,,.6,110,87,992.5,,,6,,18.1
238,금산,2022-06-09 04:00,16.7,,.6,90,89,992.6,,,9,,17.9
238,금산,2022-06-09 05:00,16.3,,.9,110,91,992.7,,,6,,17.2
238,금산,2022-06-09 06:00,16.1,,0,0,93,993.3,0,,4,,17.2
238,금산,2022-06-09 07:00,16.6,,1.4,140,86,993.2,.1,,6,,18.7
238,금산,2022-06-09 08:00,17.1,,1,90,80,994,.2,,9,,20.2
238,금산,2022-06-09 09:00,19.1,,1.1,140,73,994.1,.8,,7,,24.4
238,금산,2022-06-09 10:00,21.6,,1.1,360,65,993.8,1,,6,,29.2
238,금산,2022-06-09 11:00,22.5,,1.4,200,62,993.5,1,,5,,33.8
238,금산,2022-06-09 12:00,23.8,,1.8,50,57,993,.8,,6,,34.8
238,금산,2022-06-09 13:00,24.5,,1.4,290,53,992.4,.9,,7,,33.3
238,금산,2022-06-09 14:00,24.8,,2,20,51,991.7,.3,,7,,30.6
238,금산,2022-06-09 15:00,24.7,,1.8,360,52,991.3,.3,,8,,29.1
238,금산,2022-06-09 16:00,23.4,0,1.6,360,65,991.4,0,,8,,26.7
238,금산,2022-06-09 17:00,25.4,0,1.1,50,53,991.3,.8,,7,,29.8
238,금산,2022-06-09 18:00,23.1,,1.9,90,66,991.5,.2,,7,,25.2
238,금산,2022-06-09 19:00,21.2,.6,2.1,160,81,991.8,0,,6,,22.8
238,금산,2022-06-09 20:00,20.1,0,1.1,250,84,992.6,0,,9,,21.5
238,금산,2022-06-09 21:00,18.9,0,1.3,110,90,993.4,,,7,,20.7
238,금산,2022-06-09 22:00,18.8,,.7,110,93,993.8,,,2,,19.2
238,금산,2022-06-09 23:00,18.3,,.6,200,96,993.7,,,5,,19.4
238,금산,2022-06-10 00:00,17.6,,.3,0,98,993.7,,,0,,18.2
238,금산,2022-06-10 01:00,17.1,,.6,230,98,993.4,,,1,,18
238,금산,2022-06-10 02:00,16.3,,.7,110,99,993.2,,,6,,17.9
238,금산,2022-06-10 03:00,16.2,,0,0,100,993.5,,,5,,18.3
238,금산,2022-06-10 04:00,16.1,,.3,0,100,993.8,,,6,,18.4
238,금산,2022-06-10 05:00,16.3,,.7,180,100,994,,,6,,18.4
238,금산,2022-06-10 06:00,16.6,,1.1,140,100,994,0,,1,,18.6
238,금산,2022-06-10 07:00,16.7,,1.5,160,98,994.1,0,,4,,19.4
238,금산,2022-06-10 08:00,17.2,,.8,110,95,994,0,,7,,20.8
238,금산,2022-06-10 09:00,19.1,,.9,160,86,993.8,.1,,6,,24.5
238,금산,2022-06-10 10:00,20.8,,1.4,180,77,993.8,.9,,7,,29.9
238,금산,2022-06-10 11:00,23.2,,1.4,140,69,993.2,1,,7,,33.9
238,금산,2022-06-10 12:00,25.4,,1.4,70,53,993.1,1,,7,,36.2
238,금산,2022-06-10 13:00,27,,1.2,270,43,992.8,1,,7,,36.6
238,금산,2022-06-10 14:00,26.8,,1,290,43,992.6,.3,,9,,31.9
238,금산,2022-06-10 15:00,27.1,,1.2,320,45,992.6,0,,9,,30.6
238,금산,2022-06-10 16:00,26.9,,1.3,270,50,992.6,0,,9,,28.9
238,금산,2022-06-10 17:00,26.2,,1.5,290,52,992.3,0,,9,,27.1
238,금산,2022-06-10 18:00,25.2,,1,270,60,991.9,0,,10,,25.2
238,금산,2022-06-10 19:00,24.3,,1,250,66,992.1,0,,10,,23.3
238,금산,2022-06-10 20:00,23.3,,1.2,290,70,992.6,0,,10,,22.1
238,금산,2022-06-10 21:00,22.7,,1.2,250,70,993.4,,,9,,21.4
238,금산,2022-06-10 22:00,21.8,,.7,270,73,993.9,,,9,,20.6
238,금산,2022-06-10 23:00,20.8,,1.2,320,76,993.8,,,7,,19.8
238,금산,2022-06-11 00:00,19.8,,.8,230,82,993.8,,,7,,19.7
238,금산,2022-06-11 01:00,19.2,,.5,250,84,993.3,,,7,,19.1
238,금산,2022-06-11 02:00,18.5,,.6,270,88,993,,,6,,18.3
238,금산,2022-06-11 03:00,17.5,,0,0,91,993,,,4,,17.6
238,금산,2022-06-11 04:00,17.2,,.1,0,93,992.6,,,7,,17.2
238,금산,2022-06-11 05:00,16.5,,.5,290,95,992.7,,,8,,17.1
238,금산,2022-06-11 06:00,16.8,,.4,0,96,993.1,0,,9,,17.9
238,금산,2022-06-11 07:00,17.9,0,.5,180,91,993,0,,9,,19.6
238,금산,2022-06-11 08:00,19.1,,.3,0,83,992.8,0,,8,,22.1
238,금산,2022-06-11 09:00,21.8,,.2,0,74,992.7,.2,,8,,25.8
238,금산,2022-06-11 10:00,23.8,,1,360,67,992.2,.7,,7,,30.6
238,금산,2022-06-11 11:00,26,,1.2,340,58,991.8,1,,0,,34.5
238,금산,2022-06-11 12:00,26.2,,1.1,270,56,991.4,.6,,7,,31.9
238,금산,2022-06-11 13:00,27.9,,2.4,360,49,990.6,.4,,8,,33.8
238,금산,2022-06-11 14:00,27.7,,2.3,90,47,990,.7,,7,,34.6
238,금산,2022-06-11 15:00,27.7,,1.8,70,46,989.6,.7,,7,,33.2
238,금산,2022-06-11 16:00,27.7,,.7,140,46,989.1,.2,,7,,32.3
238,금산,2022-06-11 17:00,26.6,0,1.1,340,51,989.2,.3,,7,,28.2
238,금산,2022-06-11 18:00,24.8,0,1.3,340,66,989.5,0,,8,,27
238,금산,2022-06-11 19:00,23.6,0,.9,290,66,990.3,0,,7,,24.1
238,금산,2022-06-11 20:00,22.3,,.9,290,74,990.8,0,,7,,22.1
238,금산,2022-06-11 21:00,21.2,,.6,200,78,991,,,7,,20.7
238,금산,2022-06-11 22:00,20.2,,0,0,82,991.9,,,6,,19.8
238,금산,2022-06-11 23:00,19.5,,.6,270,84,992.3,,,5,,19.3
238,금산,2022-06-12 00:00,18.8,,.1,0,88,992.5,,,6,,18.7
238,금산,2022-06-12 01:00,18.6,,.3,0,89,992.6,,,6,,18.3
238,금산,2022-06-12 02:00,17.7,,.2,0,88,992.3,,,4,,17.6
238,금산,2022-06-12 03:00,16.7,,.2,0,88,992.5,,,2,,17
238,금산,2022-06-12 04:00,15.9,,.6,230,91,992.6,,,2,,16.5
238,금산,2022-06-12 05:00,15.8,,.2,0,90,993.4,,,2,,16.4
238,금산,2022-06-12 06:00,16.7,,.5,140,89,993.5,0,,6,,17.2
238,금산,2022-06-12 07:00,17.9,,1.3,110,81,993.8,.8,,0,,18.5
238,금산,2022-06-12 08:00,19.4,,1.7,140,68,993.8,1,,0,,20.3
238,금산,2022-06-12 09:00,21.5,,1.8,110,59,993.8,1,,2,,25.1
238,금산,2022-06-12 10:00,22.9,,1.8,160,54,993.2,1,,5,,31.3
238,금산,2022-06-12 11:00,24.5,,1.7,20,54,993.3,.8,,6,,33.9
238,금산,2022-06-12 12:00,25.8,,1.6,70,53,992.6,1,,7,,37.1
238,금산,2022-06-12 13:00,25.5,,1.1,110,53,991.9,.4,,8,,35.2
238,금산,2022-06-12 14:00,26.1,,1.6,160,52,991.1,.4,,9,,37
238,금산,2022-06-12 15:00,26.3,,1,320,50,990.9,.4,,9,,36
238,금산,2022-06-12 16:00,26.6,,1.5,50,50,990.7,.6,,9,,35.5
238,금산,2022-06-12 17:00,26.3,,1.7,50,50,990.4,.5,,7,,32.6
238,금산,2022-06-12 18:00,25.7,,1.9,70,51,990.6,0,,10,,28.3
238,금산,2022-06-12 19:00,23.4,,1.4,270,68,990.9,0,,10,,25.4
238,금산,2022-06-12 20:00,22.3,,.5,160,72,991.4,0,,10,,23.7
238,금산,2022-06-12 21:00,21.5,,1.2,270,77,992,,,10,,22.7
238,금산,2022-06-12 22:00,21.1,,.4,0,80,992.4,,,10,,22.1
238,금산,2022-06-12 23:00,20.5,0,.1,0,85,992.1,,,10,,21.5
238,금산,2022-06-13 00:00,20.2,,1.2,140,83,991.8,,,10,,21
238,금산,2022-06-13 01:00,19.8,,.2,0,89,991.3,,,10,,20.6
238,금산,2022-06-13 02:00,19.3,,.1,0,90,990.8,,,10,,20.2
238,금산,2022-06-13 03:00,18.5,,.4,0,94,990.4,,,9,,19.4
238,금산,2022-06-13 04:00,18,,.5,290,96,990.1,,,8,,18.9
238,금산,2022-06-13 05:00,18,,.9,160,94,990,,,9,,18.5
238,금산,2022-06-13 06:00,18,,1.4,160,78,989.9,0,,10,,18.6
238,금산,2022-06-13 07:00,18.9,,1.1,140,76,989.9,.1,,8,,19.9
238,금산,2022-06-13 08:00,19.8,,1.8,90,70,990.2,.6,,8,,21.6
238,금산,2022-06-13 09:00,20.4,,1.8,90,67,990.3,.3,,9,,23.9
238,금산,2022-06-13 10:00,21.9,,2.1,110,61,990.2,.6,,8,,29.4
238,금산,2022-06-13 11:00,22.6,,2.9,90,58,989.9,.8,,8,,34.6
238,금산,2022-06-13 12:00,24.1,,2.9,90,53,989.4,.8,,8,,38.3
238,금산,2022-06-13 13:00,24,,2.9,110,51,988.5,.6,,8,,39.6
238,금산,2022-06-13 14:00,23.8,,3.6,90,50,988.2,.4,,8,,39.8
238,금산,2022-06-13 15:00,25,,3.3,90,49,987.2,1,,7,,43.8
238,금산,2022-06-13 16:00,25.5,,3.7,140,44,986.9,1,,6,,42.8
238,금산,2022-06-13 17:00,24.8,,2.7,90,48,986.8,.7,,7,,35.1
238,금산,2022-06-13 18:00,24.5,,2.1,140,44,987.1,.4,,8,,30.4
238,금산,2022-06-13 19:00,23.2,,2.6,140,46,987.2,0,,7,,25.6
238,금산,2022-06-13 20:00,21.7,,2.4,110,52,988.1,0,,7,,23
238,금산,2022-06-13 21:00,20.5,,2.1,110,58,988.9,,,9,,21.5
238,금산,2022-06-13 22:00,20.1,,2.8,90,60,989.7,,,9,,20.8
238,금산,2022-06-13 23:00,19.5,,2.4,90,62,989.4,,,6,,20
238,금산,2022-06-14 00:00,18.8,,3.1,90,64,989.1,,,8,,19.2
238,금산,2022-06-14 01:00,18.6,,3.1,90,63,989.5,,,8,,19.3
238,금산,2022-06-14 02:00,18.2,,2,90,65,988.7,,,7,,19.2
238,금산,2022-06-14 03:00,17.9,,2.4,90,65,988.2,,,10,,18.7
238,금산,2022-06-14 04:00,17.9,0,3.2,90,66,988.1,,,10,,18.4
238,금산,2022-06-14 05:00,17.9,0,1.8,110,68,988.1,,,10,,18.4
238,금산,2022-06-14 06:00,17.1,0,2.8,110,75,988.3,0,,10,,17.9
238,금산,2022-06-14 07:00,17.4,,1.9,110,71,988.6,0,,10,,18.7
238,금산,2022-06-14 08:00,17.8,,2.7,110,69,989,0,,10,,19.7
238,금산,2022-06-14 09:00,17.4,.2,2.9,110,76,989.2,0,,10,,20.4
238,금산,2022-06-14 10:00,18,.2,2.6,110,73,989,0,,10,,21.6
238,금산,2022-06-14 11:00,16.9,.5,2.9,110,82,989.2,0,,10,,21.2
238,금산,2022-06-14 12:00,16.4,.3,2.5,110,84,989.3,0,,10,,20.8
238,금산,2022-06-14 13:00,16.1,1.4,3.3,90,88,989,0,,10,,21.5
238,금산,2022-06-14 14:00,16.3,2.5,1.7,110,89,988.9,0,,10,,23.7
238,금산,2022-06-14 15:00,17,.2,2.3,90,83,988.3,0,,10,,24.5
238,금산,2022-06-14 16:00,17.1,,2.1,110,80,988.1,0,,10,,23.8
238,금산,2022-06-14 17:00,16.5,.8,1.7,110,87,987.8,0,,10,,21.8
238,금산,2022-06-14 18:00,16.8,0,1.5,110,80,987.4,0,,6,,20.8
238,금산,2022-06-14 19:00,16.7,,1.6,110,81,987.5,0,,3,,19.4
238,금산,2022-06-14 20:00,16.3,0,1.4,110,84,987.5,0,,2,,18.5
238,금산,2022-06-14 21:00,16.3,,.9,140,83,987.7,,,3,,18.1
238,금산,2022-06-14 22:00,15.9,,1.4,110,87,987.7,,,3,,17.8
238,금산,2022-06-14 23:00,15.9,,1.2,110,86,987.3,,,6,,17.6
238,금산,2022-06-15 00:00,15.9,,1.1,160,86,986.9,,,6,,17.5
238,금산,2022-06-15 01:00,15.9,,1.2,160,84,986.5,,,9,,17.4
238,금산,2022-06-15 02:00,15.4,.2,.6,180,90,986.3,,,1,,17.3
238,금산,2022-06-15 03:00,15.2,.1,1,180,95,986.1,,,8,,17.3
238,금산,2022-06-15 04:00,15,.4,.3,0,96,986.1,,,9,,17.3
238,금산,2022-06-15 05:00,14.9,.1,.7,140,96,986.1,,,10,,17.2
238,금산,2022-06-15 06:00,15.1,,.7,160,97,986.2,0,,8,,17.3
238,금산,2022-06-15 07:00,15.3,.1,.4,0,95,986.2,0,,5,,18.1
238,금산,2022-06-15 08:00,16.1,.1,.4,0,93,986.3,0,,9,,19.7
238,금산,2022-06-15 09:00,17.4,0,.6,160,91,986.3,0,,8,,21.4
238,금산,2022-06-15 10:00,16.3,7,.8,250,88,987.3,0,,9,,19
238,금산,2022-06-15 11:00,17.3,4.3,1.7,140,90,987.3,.1,,10,,24.4
238,금산,2022-06-15 12:00,17.2,2.7,1.6,140,94,987.2,0,,10,,23.5
238,금산,2022-06-15 13:00,17.2,7.7,.7,110,97,987.1,0,,10,,21.3
238,금산,2022-06-15 14:00,19.7,.7,1.3,110,89,986.3,.2,,8,,27.6
238,금산,2022-06-15 15:00,21.3,0,1.5,140,83,985.9,.5,,8,,27.8
238,금산,2022-06-15 16:00,20.8,3.1,.8,270,86,985.7,.2,,8,,26.7
238,금산,2022-06-15 17:00,22.4,0,1.5,250,78,985.5,.6,,6,,28.2
238,금산,2022-06-15 18:00,22,,1.9,270,71,985.6,.6,,6,,25.4
238,금산,2022-06-15 19:00,21.1,,1.6,270,74,985.9,.2,,4,,22.5
238,금산,2022-06-15 20:00,20.1,,1,250,80,986.3,0,,4,,20.4
238,금산,2022-06-15 21:00,19.6,,.5,250,84,986.6,,,5,,19.8
238,금산,2022-06-15 22:00,19.8,0,1.6,250,76,987.1,,,9,,18.9
238,금산,2022-06-15 23:00,20.4,,2.7,230,73,987.1,,,9,,18.5
238,금산,2022-06-16 00:00,19.1,,1.2,270,82,987,,,7,,18.6
238,금산,2022-06-16 01:00,20.2,,1.7,230,73,986.9,,,8,,18.2
238,금산,2022-06-16 02:00,19,0,.5,340,82,987.1,,,6,,18.5
238,금산,2022-06-16 03:00,18.7,0,.9,270,82,987.1,,,7,,18.3
238,금산,2022-06-16 04:00,18.4,,.8,250,81,987.1,,,6,,17.3
238,금산,2022-06-16 05:00,18.4,,.9,290,82,987.5,,,9,,17.8
238,금산,2022-06-16 06:00,18.1,0,2,270,81,988,0,,9,,18
238,금산,2022-06-16 07:00,18.4,,1.3,290,79,988.4,.1,,6,,19
238,금산,2022-06-16 08:00,18.4,,1.5,290,74,988.8,0,,6,,20.2
238,금산,2022-06-16 09:00,19,,1.8,320,71,989.1,.2,,9,,22.2
238,금산,2022-06-16 10:00,20,,1.3,360,66,989,.3,,9,,25.4
238,금산,2022-06-16 11:00,21.9,,2.3,270,60,989.4,.8,,6,,33.3
238,금산,2022-06-16 12:00,22.6,,3,250,59,989.1,.8,,0,,35.3
238,금산,2022-06-16 13:00,23.6,,2.7,270,56,988.6,1,,0,,36.8
238,금산,2022-06-16 14:00,24.2,,1.9,270,52,988,1,,0,,36.4
238,금산,2022-06-16 15:00,24.9,,2.3,290,49,987.8,1,,0,,37.8
238,금산,2022-06-16 16:00,25.1,,1.9,270,48,987.4,1,,3,,37.4
238,금산,2022-06-16 17:00,25.1,,1.8,290,46,987.2,1,,0,,35.4
238,금산,2022-06-16 18:00,24.2,,1.6,270,47,987.1,1,,0,,31.4
238,금산,2022-06-16 19:00,23,,1.3,290,53,987.3,1,,3,,25.1
238,금산,2022-06-16 20:00,20.8,,.1,0,67,987.5,.2,,3,,22.1
238,금산,2022-06-16 21:00,19.7,,.3,0,72,988.3,,,4,,20.1
238,금산,2022-06-16 22:00,18.2,,.5,250,81,988.6,,,2,,18.6
238,금산,2022-06-16 23:00,17,,.6,270,86,989,,,0,,17.9
238,금산,2022-06-17 00:00,16.3,,.6,290,90,988.7,,,0,,17.3
238,금산,2022-06-17 01:00,16,,.5,270,93,988.7,,,6,,17
238,금산,2022-06-17 02:00,15.5,,.7,290,94,988.5,,,4,,16.5
238,금산,2022-06-17 03:00,14.9,,.7,290,97,988.1,,,3,,16
238,금산,2022-06-17 04:00,14.4,,.4,0,97,988.2,,,7,,15.7
238,금산,2022-06-17 05:00,14.9,,.1,0,96,988.5,,,6,,16.4
238,금산,2022-06-17 06:00,14.8,,.6,250,97,989,.1,,0,,15.9
238,금산,2022-06-17 07:00,16.3,,.6,290,91,989.1,.9,,6,,17.7
238,금산,2022-06-17 08:00,19.4,,.2,0,77,989.1,1,,6,,19.6
238,금산,2022-06-17 09:00,22.2,,.9,340,69,989.3,1,,4,,23.8
238,금산,2022-06-17 10:00,23.6,,2.4,340,67,989.4,1,,8,,30.6
238,금산,2022-06-17 11:00,24,,2.3,320,67,989.4,.9,,7,,34.1
238,금산,2022-06-17 12:00,24.6,,1.6,360,64,988.3,1,,7,,37.2
238,금산,2022-06-17 13:00,26.3,,2.1,360,61,987.8,1,,7,,40.2
238,금산,2022-06-17 14:00,27.3,,1.5,290,60,986.9,1,,7,,42.4
238,금산,2022-06-17 15:00,28,,2.1,320,61,986.4,1,,6,,41.2
238,금산,2022-06-17 16:00,28.2,,1.5,340,60,986,.9,,6,,37.8
238,금산,2022-06-17 17:00,27.3,,1.7,270,61,985.9,.2,,8,,33.3
238,금산,2022-06-17 18:00,26.5,,1.8,290,64,986,.2,,8,,29.2
238,금산,2022-06-17 19:00,25.4,,1.3,290,68,986.8,0,,10,,26.2
238,금산,2022-06-17 20:00,24.3,,1.1,290,74,987.1,0,,2,,24.4
238,금산,2022-06-17 21:00,23.6,,1.4,340,78,988.1,,,1,,23.4
238,금산,2022-06-17 22:00,22.7,,1.2,320,82,988.6,,,9,,22.7
238,금산,2022-06-17 23:00,22.2,0,1.4,340,84,988.5,,,4,,22.4
238,금산,2022-06-18 00:00,21.5,,1.3,340,87,988.5,,,0,,21.9
238,금산,2022-06-18 01:00,21.3,,.7,340,88,988.2,,,1,,21.6
238,금산,2022-06-18 02:00,21,,.4,0,90,988.1,,,0,,21.6
238,금산,2022-06-18 03:00,20.8,,1,340,91,987.9,,,7,,20.7
238,금산,2022-06-18 04:00,20.3,,.7,200,94,987.4,,,4,,20.2
238,금산,2022-06-18 05:00,19.5,,.5,290,96,987.5,,,4,,20.2
238,금산,2022-06-18 06:00,19.9,,.6,290,95,987.8,0,,0,,20.4
238,금산,2022-06-18 07:00,20.8,,.2,0,92,988.1,0,,0,,21.8
238,금산,2022-06-18 08:00,22.9,,.8,90,81,988.2,.9,,3,,23.6
238,금산,2022-06-18 09:00,23.9,,1.2,230,71,987.8,.6,,7,,26.7
238,금산,2022-06-18 10:00,25.1,,.6,180,64,987.1,.2,,7,,29.2
238,금산,2022-06-18 11:00,26.1,,1.9,320,63,987.1,.8,,7,,34.8
238,금산,2022-06-18 12:00,27.6,,1.7,320,60,987.1,.9,,6,,40.5
238,금산,2022-06-18 13:00,27.9,,2.5,320,59,986.5,.8,,5,,42.3
238,금산,2022-06-18 14:00,28.3,,2.6,290,57,986.5,.9,,6,,42.6
238,금산,2022-06-18 15:00,27.3,,1.8,290,57,986.3,.6,,8,,36.1
238,금산,2022-06-18 16:00,27.2,,1.8,290,59,986.1,.6,,8,,36.9
238,금산,2022-06-18 17:00,27.1,,1.9,270,61,986.1,1,,2,,37.3
238,금산,2022-06-18 18:00,26.8,,1.7,290,63,985.9,1,,5,,32.9
238,금산,2022-06-18 19:00,25.6,,2.9,290,71,986.4,1,,3,,27.9
238,금산,2022-06-18 20:00,23.8,,2.6,290,77,987.9,.1,,4,,24.8
238,금산,2022-06-18 21:00,22.5,,1,340,80,988.6,,,7,,23.4
238,금산,2022-06-18 22:00,22.3,,1.2,290,80,989.1,,,8,,23.1
238,금산,2022-06-18 23:00,22.1,,1,270,82,989.1,,,10,,22.9
238,금산,2022-06-19 00:00,22.1,,.4,0,82,988.6,,,8,,22.2
238,금산,2022-06-19 01:00,21.1,,1.1,290,88,988.7,,,7,,21.2
238,금산,2022-06-19 02:00,20.2,,.7,270,92,988.8,,,6,,20.5
238,금산,2022-06-19 03:00,19.8,,.5,200,94,988.8,,,6,,20
238,금산,2022-06-19 04:00,19.4,,.4,0,95,988.7,,,5,,19.9
238,금산,2022-06-19 05:00,19.4,,.3,0,95,988.7,,,3,,19.6
238,금산,2022-06-19 06:00,19.3,,.5,290,97,988.9,0,,4,,19.7
238,금산,2022-06-19 07:00,20.8,,.2,0,89,989,.6,,5,,21.5
238,금산,2022-06-19 08:00,22.7,,.8,140,81,988.7,1,,6,,24.3
238,금산,2022-06-19 09:00,23.4,,.9,340,75,988.4,.7,,6,,27.7
238,금산,2022-06-19 10:00,25,,.8,230,68,988.2,.5,,6,,33.8
238,금산,2022-06-19 11:00,26.3,,.9,290,66,988.1,.8,,8,,37.5
238,금산,2022-06-19 12:00,27,,2,320,64,987.8,.6,,8,,36.5
238,금산,2022-06-19 13:00,26.9,,1.7,320,64,987.2,.2,,8,,33.6
238,금산,2022-06-19 14:00,28.1,,1.5,250,60,986.8,.2,,7,,37.5
238,금산,2022-06-19 15:00,29.2,,1.8,340,57,986.3,1,,6,,44.1
238,금산,2022-06-19 16:00,28.7,,2,320,60,985.9,1,,3,,43.2
238,금산,2022-06-19 17:00,28.2,,1.6,320,62,985.7,.9,,2,,40.1
238,금산,2022-06-19 18:00,27.2,,1.7,320,66,985.7,1,,0,,34.6
238,금산,2022-06-19 19:00,26.2,,1.7,320,70,986.1,.7,,5,,29.3
238,금산,2022-06-19 20:00,24.7,,.8,340,77,986.4,0,,2,,25.8
238,금산,2022-06-19 21:00,23.5,,.7,320,82,986.8,,,3,,23.9
238,금산,2022-06-19 22:00,22.5,,.7,270,87,987.1,,,3,,22.8
238,금산,2022-06-19 23:00,22.2,,.8,250,88,987.2,,,5,,22.1
238,금산,2022-06-20 00:00,21.9,,.4,0,90,987.2,,,6,,22.3
238,금산,2022-06-20 01:00,21.1,,.1,0,93,986.9,,,6,,21.2
238,금산,2022-06-20 02:00,20.6,,.4,0,95,986.3,,,6,,20.7
238,금산,2022-06-20 03:00,20.7,,.2,0,94,986,,,6,,20.6
238,금산,2022-06-20 04:00,19.9,,.2,0,98,986,,,4,,19.8
238,금산,2022-06-20 05:00,19.5,,.2,0,98,985.9,,,6,,19.4
238,금산,2022-06-20 06:00,20,,0,0,97,986,0,,0,,21
238,금산,2022-06-20 07:00,21,,.2,0,93,986,0,,2,,22.1
238,금산,2022-06-20 08:00,22.3,,.4,0,89,986.2,0,,1,,25.1
238,금산,2022-06-20 09:00,23.2,,1,20,82,986,0,,5,,27.3
238,금산,2022-06-20 10:00,24.6,,.8,230,73,985.6,.2,,8,,33.3
238,금산,2022-06-20 11:00,26.5,,1.3,230,65,985.5,.7,,6,,39.6
238,금산,2022-06-20 12:00,28.4,,1.5,360,60,984.9,.7,,6,,42.2
238,금산,2022-06-20 13:00,29.2,,1.9,20,57,984.2,1,,4,,48.4
238,금산,2022-06-20 14:00,30.6,,1.7,360,53,983.6,1,,1,,50
238,금산,2022-06-20 15:00,30.7,,1.7,320,53,982.9,1,,1,,50.1
238,금산,2022-06-20 16:00,30.9,,2,290,53,982.5,1,,,,47.5
238,금산,2022-06-20 17:00,30.7,,1.5,340,53,982.3,.9,,1,,42.7
238,금산,2022-06-20 18:00,30.1,,1.9,290,54,982.2,1,,1,,37.7
238,금산,2022-06-20 19:00,28.9,,1.2,270,60,982.7,.9,,3,,31.2
238,금산,2022-06-20 20:00,27.3,,.4,0,67,983.1,0,,7,,27.5
238,금산,2022-06-20 21:00,26.4,,.5,340,74,983.4,,,5,,26.2
238,금산,2022-06-20 22:00,25.5,,.8,290,79,983.7,,,5,,25.5
238,금산,2022-06-20 23:00,24.9,,.6,250,82,983.9,,,5,,24.1
238,금산,2022-06-21 00:00,24.1,,.4,0,85,983.6,,,5,,24
238,금산,2022-06-21 01:00,23.9,,1.2,360,83,983.3,,,6,,23.5
238,금산,2022-06-21 02:00,22.8,,.7,270,91,983.1,,,2,,22.7
238,금산,2022-06-21 03:00,22,,.5,290,94,983.3,,,3,,21.9
238,금산,2022-06-21 04:00,21.6,,.3,0,95,983.3,,,5,,21.3
238,금산,2022-06-21 05:00,21.5,,.6,270,95,983.8,,,4,,22
238,금산,2022-06-21 06:00,21.4,,.3,0,94,983.8,0,,2,,21.7
238,금산,2022-06-21 07:00,22.8,,0,0,91,983.8,.2,,1,,23.3
238,금산,2022-06-21 08:00,24.4,,.6,140,83,984,.9,,0,,25.4
238,금산,2022-06-21 09:00,26.4,,1,340,74,984,1,,0,,28.7
238,금산,2022-06-21 10:00,27.7,,1.3,200,70,983.6,1,,0,,35.9
238,금산,2022-06-21 11:00,29.7,,1,50,62,983.5,1,,1,,43.7
238,금산,2022-06-21 12:00,31.4,,1.1,20,57,983,.8,,1,,49.6
238,금산,2022-06-21 13:00,31.2,,1.4,230,52,982.4,.5,,4,,43.2
238,금산,2022-06-21 14:00,33,,1.5,340,45,981.8,.9,,3,,54.5
238,금산,2022-06-21 15:00,32.3,,1.6,340,45,981.6,.7,,6,,44.1
238,금산,2022-06-21 16:00,33.6,,1.9,320,45,981.7,.8,,5,,50.2
238,금산,2022-06-21 17:00,33.1,,1.6,290,47,981.8,1,,4,,45.3
238,금산,2022-06-21 18:00,32.1,,1.5,290,51,982.1,1,,4,,39.4
238,금산,2022-06-21 19:00,28.7,,2.1,270,68,982.7,.9,,4,,32.1
238,금산,2022-06-21 20:00,27.1,,1.4,270,71,983.3,0,,3,,27.9
238,금산,2022-06-21 21:00,26.2,,1.5,270,71,984.7,,,3,,26
238,금산,2022-06-21 22:00,25.3,,2.2,320,72,985.6,,,4,,25.2
238,금산,2022-06-21 23:00,24.4,,2.1,270,73,986.2,,,6,,24.3
238,금산,2022-06-22 00:00,23.8,,1.4,290,75,986.5,,,5,,23.3
238,금산,2022-06-22 01:00,23.5,,1.5,270,75,986.6,,,5,,23.1
238,금산,2022-06-22 02:00,23,,.7,290,76,986.6,,,5,,22.5
238,금산,2022-06-22 03:00,22,,.3,0,83,986.6,,,4,,21.3
238,금산,2022-06-22 04:00,20.8,,.3,0,87,986.7,,,7,,20.5
238,금산,2022-06-22 05:00,20.1,,.2,0,91,987.2,,,8,,20.2
238,금산,2022-06-22 06:00,19.7,,.6,290,94,988,0,,6,,20.2
238,금산,2022-06-22 07:00,21.4,,1.2,290,86,988.5,1,,2,,22
238,금산,2022-06-22 08:00,23,,.6,110,77,988.5,1,,1,,23.7
238,금산,2022-06-22 09:00,24.5,,.7,180,70,988.5,1,,4,,28
238,금산,2022-06-22 10:00,27.5,,1.1,360,59,988,1,,2,,37
238,금산,2022-06-22 11:00,29.4,,.9,180,49,987.6,1,,4,,46.9
238,금산,2022-06-22 12:00,30.4,,2,320,45,987.2,1,,0,,51.6
238,금산,2022-06-22 13:00,32.3,,1.7,320,43,986.8,1,,0,,56
238,금산,2022-06-22 14:00,31.9,,2.7,270,45,986.7,1,,,,55.4
238,금산,2022-06-22 15:00,32.1,,2.5,270,38,986.8,1,,2,,55.6
238,금산,2022-06-22 16:00,31.7,,2.3,270,42,986.5,1,,4,,53.2
238,금산,2022-06-22 17:00,31.6,,2.1,270,44,986.1,1,,0,,49.1
238,금산,2022-06-22 18:00,30.4,,2,290,54,986.3,1,,0,,42.1
238,금산,2022-06-22 19:00,28.6,,2.1,320,61,986.7,1,,0,,32.5
238,금산,2022-06-22 20:00,26.7,,2.1,290,67,987,.3,,2,,27.7
238,금산,2022-06-22 21:00,25.5,,.9,290,72,987.6,,,4,,25.6
238,금산,2022-06-22 22:00,24.2,,.7,290,78,987.8,,,3,,24.2
238,금산,2022-06-22 23:00,23.9,,.4,0,79,987.5,,,3,,23.3
238,금산,2022-06-23 00:00,22.6,,.5,290,87,987,,,3,,22.4
238,금산,2022-06-23 01:00,21.7,,.5,270,90,986.6,,,3,,21.5
238,금산,2022-06-23 02:00,21.1,,.8,270,92,986.4,,,6,,21.1
238,금산,2022-06-23 03:00,20.7,,.3,0,95,986.1,,,3,,20.5
238,금산,2022-06-23 04:00,21,,.8,90,94,985.8,,,1,,20.5
238,금산,2022-06-23 05:00,20.9,,.3,0,95,985.7,,,4,,21.1
238,금산,2022-06-23 06:00,21.8,,1.2,90,91,985.1,.2,,5,,21.6
238,금산,2022-06-23 07:00,23.8,,1.2,110,82,985,.9,,7,,24.4
238,금산,2022-06-23 08:00,25.4,,.7,250,77,984.8,.5,,9,,28.2
238,금산,2022-06-23 09:00,26.7,,2.5,160,71,983.9,0,,10,,31.1
238,금산,2022-06-23 10:00,27.9,,2.3,180,67,983.7,.2,,10,,32.7
238,금산,2022-06-23 11:00,29,,3.2,160,64,982.7,.3,,10,,38.5
238,금산,2022-06-23 12:00,26.2,.5,3.9,180,80,982.4,0,,10,,28.9
238,금산,2022-06-23 13:00,25,2.6,1.8,180,90,982,0,,10,,26.8
238,금산,2022-06-23 14:00,26.1,5.6,2.7,160,84,981,0,,10,,30.8
238,금산,2022-06-23 15:00,27.5,,2.9,180,72,980.7,0,,10,,28.4
238,금산,2022-06-23 16:00,26.3,0,2.2,180,80,980,0,,10,,26.5
238,금산,2022-06-23 17:00,26.4,0,2.1,230,78,979.6,0,,10,,25.6
238,금산,2022-06-23 18:00,26.2,0,2.5,200,81,978.9,0,,10,,25.5
238,금산,2022-06-23 19:00,26.7,0,3.1,200,75,978.7,0,,10,,24.7
238,금산,2022-06-23 20:00,26.2,0,3.4,200,78,978.7,0,,10,,24.1
238,금산,2022-06-23 21:00,24.7,5.8,3.3,180,88,978.6,,,10,,23.8
238,금산,2022-06-23 22:00,24,5.7,1.8,180,94,978.9,,,10,,23.8
238,금산,2022-06-23 23:00,24.4,1.5,1.2,200,90,978.5,,,10,,23.8
238,금산,2022-06-24 00:00,24.5,.2,2.2,180,88,977.6,,,10,,23.7
238,금산,2022-06-24 01:00,23.9,1.3,2.9,200,89,976.8,,,10,,23.3
238,금산,2022-06-24 02:00,23,13.1,1.9,180,97,976.2,,,10,,23.1
238,금산,2022-06-24 03:00,22.8,11.6,2.6,160,97,975.5,,,10,,23
238,금산,2022-06-24 04:00,22.6,12.4,.7,70,99,975.1,,,10,,22.9
238,금산,2022-06-24 05:00,23.4,3,1.4,270,95,975.9,,,9,,23
238,금산,2022-06-24 06:00,23.1,1.4,2.6,270,93,976.8,0,,9,,23
238,금산,2022-06-24 07:00,23.3,.3,1.8,250,91,977.6,0,,10,,23.7
238,금산,2022-06-24 08:00,22.9,,.7,230,92,978.7,0,,8,,23.2
238,금산,2022-06-24 09:00,22.7,,1.7,270,93,979.1,0,,5,,24.3
238,금산,2022-06-24 10:00,24.1,,1.9,270,83,979.4,.1,,9,,28.8
238,금산,2022-06-24 11:00,24.2,,2.1,270,80,980,0,,8,,28.7
238,금산,2022-06-24 12:00,25.6,,2.9,230,71,980,.6,,9,,33.8
238,금산,2022-06-24 13:00,26,,1.5,250,71,979.6,.2,,10,,32.3
238,금산,2022-06-24 14:00,27.1,,2.2,230,68,979.2,.4,,8,,38
238,금산,2022-06-24 15:00,27.6,,1.7,270,65,979,.9,,1,,37.6
238,금산,2022-06-24 16:00,28,,2.6,270,64,979.2,.9,,2,,37.8
238,금산,2022-06-24 17:00,27.4,,2.5,250,66,979.6,1,,3,,35.2
238,금산,2022-06-24 18:00,26.5,,2,290,71,980.1,.7,,3,,31.2
238,금산,2022-06-24 19:00,25.2,,1.8,270,74,980.8,.2,,3,,26
238,금산,2022-06-24 20:00,24.3,,1.7,270,76,981.3,0,,2,,23.7
238,금산,2022-06-24 21:00,24.5,,1.4,250,72,981.7,,,3,,22.5
238,금산,2022-06-24 22:00,24,,1.7,290,73,982.3,,,5,,21.8
238,금산,2022-06-24 23:00,23.3,,2,270,80,982.9,,,5,,21.9
238,금산,2022-06-25 00:00,23,,1.4,270,80,982.8,,,3,,21.3
238,금산,2022-06-25 01:00,22.7,,.4,0,81,982.6,,,3,,20.9
238,금산,2022-06-25 02:00,21.5,,.5,340,87,983.3,,,6,,20.7
238,금산,2022-06-25 03:00,21,,.1,0,91,983.3,,,4,,20.3
238,금산,2022-06-25 04:00,21,,.1,0,91,983.2,,,6,,19.9
238,금산,2022-06-25 05:00,21,,.8,340,89,984,,,3,,20
238,금산,2022-06-25 06:00,21.9,,1.2,200,86,984.2,0,,2,,20.5
238,금산,2022-06-25 07:00,23.4,,2.2,110,81,984.4,.4,,1,,22.1
238,금산,2022-06-25 08:00,24.9,,1.8,110,76,985.2,.6,,3,,25
238,금산,2022-06-25 09:00,26.8,,.6,160,71,985.3,.4,,1,,27.5
238,금산,2022-06-25 10:00,28,,1.8,250,64,985.2,.4,,6,,29.1
238,금산,2022-06-25 11:00,28.9,,1.7,180,61,985.2,.3,,6,,33.2
238,금산,2022-06-25 12:00,29.5,,1.9,250,60,984.6,.7,,6,,36.6
238,금산,2022-06-25 13:00,30.9,,2.2,250,55,984.6,.8,,6,,40.6
238,금산,2022-06-25 14:00,31.1,,2.5,230,53,984.2,.8,,7,,37.1
238,금산,2022-06-25 15:00,31.2,,2.2,270,56,984,.9,,6,,40.6
238,금산,2022-06-25 16:00,30.6,,2.8,230,58,984.4,1,,6,,38.6
238,금산,2022-06-25 17:00,30.6,,2.3,270,59,984.4,1,,5,,36.8
238,금산,2022-06-25 18:00,28.9,,1.7,250,65,984.9,.4,,4,,29.7
238,금산,2022-06-25 19:00,28,,.4,0,70,985.7,0,,4,,27.4
238,금산,2022-06-25 20:00,27.3,,1.4,160,72,986.7,0,,6,,25.7
238,금산,2022-06-25 21:00,26.2,,1.6,140,76,987.2,,,5,,24.5
238,금산,2022-06-25 22:00,25.5,,1.7,160,77,987.7,,,3,,23.8
238,금산,2022-06-25 23:00,25.2,,.5,110,76,987.8,,,2,,23.1
238,금산,2022-06-26 00:00,23.2,,.8,270,87,987.8,,,0,,22.4
238,금산,2022-06-26 01:00,23.6,,1.1,180,84,988.1,,,4,,22.3
238,금산,2022-06-26 02:00,25.2,,1.2,180,74,987.7,,,7,,22.9
238,금산,2022-06-26 03:00,24.3,,1.3,110,78,986.7,,,6,,22.5
238,금산,2022-06-26 04:00,24.8,,1.2,140,76,987.7,,,6,,22.5
238,금산,2022-06-26 05:00,24,,1.1,110,81,988,,,7,,22.2
238,금산,2022-06-26 06:00,24.1,,2.2,160,82,987.7,0,,8,,22.7
238,금산,2022-06-26 07:00,25.3,,1.1,200,78,988.5,0,,8,,24.5
238,금산,2022-06-26 08:00,26.3,,1.6,160,76,988.9,0,,8,,26.9
238,금산,2022-06-26 09:00,27.5,,1.1,180,72,989.7,0,,9,,28.6
238,금산,2022-06-26 10:00,28.1,,2.4,160,70,989.8,.3,,8,,30.7
238,금산,2022-06-26 11:00,28.4,,3.1,180,70,990.2,.1,,8,,33.2
238,금산,2022-06-26 12:00,28.9,,1.9,200,68,990.5,.2,,7,,35
238,금산,2022-06-26 13:00,27.5,0,2.5,180,77,990.4,.1,,9,,29.5
238,금산,2022-06-26 14:00,27,.2,1.2,250,79,990,0,,9,,29.4
238,금산,2022-06-26 15:00,27,.2,1.1,320,83,990.1,0,,8,,30.3
238,금산,2022-06-26 16:00,29.9,,2.1,180,64,989.4,.7,,7,,37
238,금산,2022-06-26 17:00,30.4,,3,200,60,988.9,1,,6,,37.6
238,금산,2022-06-26 18:00,30.3,,3.8,160,61,988.4,1,,5,,34.6
238,금산,2022-06-26 19:00,29.2,,2.4,180,65,989,.4,,5,,28.4
238,금산,2022-06-26 20:00,28.6,,2.8,160,65,989.4,0,,7,,26.2
238,금산,2022-06-26 21:00,28.2,,2.1,180,68,990.3,,,8,,25.6
238,금산,2022-06-26 22:00,27.9,,1.9,180,66,991.4,,,10,,24.8
238,금산,2022-06-26 23:00,26.7,,1.4,140,72,991.7,,,8,,24.1
238,금산,2022-06-27 00:00,26.2,,1,140,75,991.5,,,9,,23.8
238,금산,2022-06-27 01:00,26.2,,2.4,180,73,991.2,,,8,,23.3
238,금산,2022-06-27 02:00,26.1,,.6,140,73,991,,,9,,23.5
238,금산,2022-06-27 03:00,24.5,,.2,0,83,990.4,,,10,,23.4
238,금산,2022-06-27 04:00,24.5,,.3,0,84,990.3,,,10,,23.2
238,금산,2022-06-27 05:00,25.4,,1,110,81,990.2,,,10,,23.4
238,금산,2022-06-27 06:00,24.4,,.3,0,86,990.3,0,,10,,23.7
238,금산,2022-06-27 07:00,25.7,.1,1.4,160,84,990.2,0,,10,,25.1
238,금산,2022-06-27 08:00,26.4,,1.4,140,81,989.9,0,,10,,27.1
238,금산,2022-06-27 09:00,26.8,,2.9,160,80,990,0,,10,,28.4
238,금산,2022-06-27 10:00,26.7,0,2.6,180,82,989.8,0,,10,,29.6
238,금산,2022-06-27 11:00,28.3,0,3.1,180,73,989.9,.3,,10,,32.5
238,금산,2022-06-27 12:00,29,,3.7,160,69,989.1,.2,,9,,34.5
238,금산,2022-06-27 13:00,29.3,,3.8,180,66,988.4,.1,,9,,33.2
238,금산,2022-06-27 14:00,28.7,0,3,180,68,987.9,0,,10,,31.1
238,금산,2022-06-27 15:00,28.2,0,3.4,160,72,987.4,0,,10,,31.7
238,금산,2022-06-27 16:00,28.2,,3,180,71,987.5,0,,10,,29.9
238,금산,2022-06-27 17:00,28.4,,2.9,160,69,987,0,,10,,29
238,금산,2022-06-27 18:00,28.1,,3.3,160,70,986.8,0,,10,,27.8
238,금산,2022-06-27 19:00,27.7,,3.1,180,70,986.8,0,,9,,26.3
238,금산,2022-06-27 20:00,27.6,,3.5,180,68,986.9,0,,10,,24.9
238,금산,2022-06-27 21:00,27.3,,3.1,180,68,986.6,,,9,,24.3
238,금산,2022-06-27 22:00,27.4,,3.4,180,68,987.1,,,10,,24.1
238,금산,2022-06-27 23:00,27.5,,4.8,180,66,986.9,,,10,,23.8
238,금산,2022-06-28 00:00,27.4,,4.4,180,65,987,,,8,,23.6
238,금산,2022-06-28 01:00,27.2,,4.4,180,66,986.5,,,9,,23.3
238,금산,2022-06-28 02:00,27.2,,2.8,180,67,986.2,,,10,,23.6
238,금산,2022-06-28 03:00,27.2,,4.2,180,66,986,,,8,,23.5
238,금산,2022-06-28 04:00,27.3,,4.1,180,65,986,,,7,,23.5
238,금산,2022-06-28 05:00,26.9,,3.8,160,68,985.7,,,9,,23.4
238,금산,2022-06-28 06:00,26.7,,3.6,180,70,985.6,0,,9,,23.6
238,금산,2022-06-28 07:00,27.3,,4.3,180,68,985.7,0,,7,,24.6
238,금산,2022-06-28 08:00,28,,4.3,180,65,985.7,.1,,7,,27
238,금산,2022-06-28 09:00,28.8,,4.7,180,63,985.5,.4,,9,,29.5
238,금산,2022-06-28 10:00,28.8,,4.3,180,63,985.4,.4,,7,,30.7
238,금산,2022-06-28 11:00,29.3,,4.5,180,62,985.7,.2,,8,,32.1
238,금산,2022-06-28 12:00,29,,3.3,180,64,985.4,.4,,7,,33.1
238,금산,2022-06-28 13:00,30.4,,3.5,200,59,984.8,.3,,8,,38.6
238,금산,2022-06-28 14:00,30.1,,4.1,180,60,984.4,.3,,8,,37.1
238,금산,2022-06-28 15:00,29.7,,3.7,180,63,984.1,.3,,8,,38.1
238,금산,2022-06-28 16:00,29.4,,4.1,180,64,983.9,.1,,8,,35.3
238,금산,2022-06-28 17:00,29,,3.6,160,64,983.9,.1,,7,,33.2
238,금산,2022-06-28 18:00,28.4,,3.5,180,66,984.2,0,,10,,30.5
238,금산,2022-06-28 19:00,28.3,,4.2,180,65,984.6,0,,8,,28.4
238,금산,2022-06-28 20:00,27.8,,3.6,180,66,984.4,0,,6,,26.2
238,금산,2022-06-28 21:00,27.5,,3.4,180,67,984.6,,,10,,25.4
238,금산,2022-06-28 22:00,27.4,,3.1,180,67,985.1,,,10,,25.2
238,금산,2022-06-28 23:00,27.4,,4.5,180,67,985,,,10,,24.9
238,금산,2022-06-29 00:00,27.3,,3.2,180,67,985,,,10,,24.5
238,금산,2022-06-29 01:00,27.5,,3.4,180,65,984.8,,,8,,24.6
238,금산,2022-06-29 02:00,27.4,,4.1,180,66,984.2,,,9,,24.5
238,금산,2022-06-29 03:00,27.4,,4.7,180,66,984.1,,,9,,24.4
238,금산,2022-06-29 04:00,27.2,,4.2,180,67,984,,,10,,24.4
238,금산,2022-06-29 05:00,26.2,,2.7,160,73,984.3,,,10,,24.2
238,금산,2022-06-29 06:00,26.4,0,2.9,180,73,984.6,0,,10,,24.3
238,금산,2022-06-29 07:00,25,0,3.4,180,84,984.9,0,,10,,24.7
238,금산,2022-06-29 08:00,25.9,0,2.9,160,80,985.2,0,,10,,27
238,금산,2022-06-29 09:00,27.1,,2.3,200,73,986,0,,9,,28.2
238,금산,2022-06-29 10:00,27.9,,3,230,68,986.1,.2,,10,,29.8
238,금산,2022-06-29 11:00,28.2,,3.1,180,67,986.5,0,,9,,33
238,금산,2022-06-29 12:00,29.2,,3.2,180,64,986.5,.2,,9,,38.8
238,금산,2022-06-29 13:00,29.2,,2.5,200,64,986.5,.1,,10,,35.8
238,금산,2022-06-29 14:00,29.5,,2.8,200,63,986.2,.1,,10,,37
238,금산,2022-06-29 15:00,29.1,,2.9,180,66,986.2,.1,,9,,35.6
238,금산,2022-06-29 16:00,29.4,0,2.3,200,66,986,.2,,10,,37
238,금산,2022-06-29 17:00,28.4,,2.2,180,70,986.2,0,,10,,31.6
238,금산,2022-06-29 18:00,27.6,0,1.6,200,75,986,0,,9,,28.5
238,금산,2022-06-29 19:00,27.6,0,2.3,200,73,986.8,0,,9,,27.4
238,금산,2022-06-29 20:00,27.2,,1.3,180,74,987,0,,9,,26.3
238,금산,2022-06-29 21:00,27,,2.2,180,74,987.3,,,5,,25.3
238,금산,2022-06-29 22:00,27.1,,2.8,180,73,988.2,,,7,,24.9
238,금산,2022-06-29 23:00,26.7,0,2.8,180,75,988.4,,,9,,24.7
238,금산,2022-06-30 00:00,27.1,,2.5,180,72,989,,,1,,24.8
238,금산,2022-06-30 01:00,26.8,,2.7,180,73,989.2,,,8,,24.7
238,금산,2022-06-30 02:00,25.9,0,3.2,160,80,989.3,,,8,,24.3
238,금산,2022-06-30 03:00,24.6,.5,.3,0,90,989.3,,,7,,24.3
238,금산,2022-06-30 04:00,24.3,1.4,.9,50,95,989.3,,,7,,24.3
238,금산,2022-06-30 05:00,24.2,0,.3,0,94,989.4,,,8,,24.2
238,금산,2022-06-30 06:00,24.2,,.1,0,95,989.9,0,,7,,24.4
238,금산,2022-06-30 07:00,24.7,.1,1.6,140,93,989.9,0,,10,,25.8
238,금산,2022-06-30 08:00,25.4,,.7,290,88,990.5,0,,9,,26.8
238,금산,2022-06-30 09:00,26.6,,.5,320,86,990.8,0,,9,,29
238,금산,2022-06-30 10:00,27.7,,1.5,180,76,990.7,.2,,8,,31.1
238,금산,2022-06-30 11:00,28.5,,2.4,230,69,991.1,.4,,9,,33.9
238,금산,2022-06-30 12:00,28.7,,2.7,160,73,991.2,.2,,9,,38.1
238,금산,2022-06-30 13:00,28.9,,2.3,180,68,991.2,.3,,9,,36.5
238,금산,2022-06-30 14:00,29.7,,3,160,66,990.7,.4,,9,,39.1
238,금산,2022-06-30 15:00,27.6,1.8,1.5,290,81,990.8,.3,,10,,35.7
238,금산,2022-06-30 16:00,29.2,,1.4,160,64,991,.3,,9,,33
238,금산,2022-06-30 17:00,28.8,,3.3,200,63,990.8,0,,9,,30.3
238,금산,2022-06-30 18:00,28.5,,1.9,180,65,991.1,.1,,10,,29.7
238,금산,2022-06-30 19:00,28.4,,2.2,230,65,991.4,.2,,9,,27.5
238,금산,2022-06-30 20:00,27.5,,1.6,180,69,991.9,0,,7,,25.4
238,금산,2022-06-30 21:00,26.2,,.2,0,76,992.9,,,4,,24.2
238,금산,2022-06-30 22:00,24.6,,.3,0,83,993.6,,,2,,23.4
238,금산,2022-06-30 23:00,23.4,,.1,0,91,993.7,,,2,,22.7
238,금산,2022-07-01 00:00,22.8,,.5,270,93,993.7,,,4,,22.3
238,금산,2022-07-01 01:00,22.3,,.1,0,95,993.7,,,5,,21.8
238,금산,2022-07-01 02:00,21.6,,.5,290,97,994,,,2,,21.4
238,금산,2022-07-01 03:00,21.5,,.7,290,97,994.3,,,3,,21.2
238,금산,2022-07-01 04:00,21,,.5,290,98,994.6,,,3,,20.9
238,금산,2022-07-01 05:00,21,,0,0,98,994.6,,,5,,20.5
238,금산,2022-07-01 06:00,21.6,,.1,0,98,994.9,.4,,5,,21.2
238,금산,2022-07-01 07:00,23.2,,1.1,90,87,995,1,,5,,22.9
238,금산,2022-07-01 08:00,25.8,,1.4,90,77,995.1,1,,4,,24.4
238,금산,2022-07-01 09:00,27.7,,1.8,140,69,995.1,1,,0,,26.3
238,금산,2022-07-01 10:00,29.1,,2.8,140,61,994.8,1,,0,,30.6
238,금산,2022-07-01 11:00,30.2,,2.4,140,57,994.7,1,,1,,39.1
238,금산,2022-07-01 12:00,31.3,,1.1,320,56,994.8,.9,,1,,42.1
238,금산,2022-07-01 13:00,31.1,,1.4,340,59,994.6,.5,,7,,40.4
238,금산,2022-07-01 14:00,31.8,,1.9,250,53,994.2,.6,,6,,42.7
238,금산,2022-07-01 15:00,32.6,,1.4,250,51,993.7,.8,,6,,50.2
238,금산,2022-07-01 16:00,32.2,,1.8,270,53,993.3,.8,,3,,43.8
238,금산,2022-07-01 17:00,31.1,,2.4,290,58,993.4,.9,,6,,45.8
238,금산,2022-07-01 18:00,30.5,,1.2,320,61,993.3,1,,1,,40.6
238,금산,2022-07-01 19:00,29.5,,.9,320,65,993.4,1,,0,,32.4
238,금산,2022-07-01 20:00,26.9,,.8,250,79,993.6,.3,,1,,28.6
238,금산,2022-07-01 21:00,25.9,,.7,270,82,994.1,,,4,,26.7
238,금산,2022-07-01 22:00,25.2,,.7,250,86,994.6,,,4,,25.5
238,금산,2022-07-01 23:00,24.2,,.7,270,92,994.5,,,1,,24.7
238,금산,2022-07-02 00:00,24.4,,0,0,91,994.8,,,0,,24.7
238,금산,2022-07-02 01:00,24.3,,0,0,91,994.6,,,0,,24.3
238,금산,2022-07-02 02:00,23.3,,.3,0,96,994.6,,,0,,23.1
238,금산,2022-07-02 03:00,23.1,,.1,0,96,994.5,,,0,,22.9
238,금산,2022-07-02 04:00,22.4,,.1,0,98,994.4,,,0,,22.1
238,금산,2022-07-02 05:00,21.8,,0,0,98,994.3,,,1,,21.7
238,금산,2022-07-02 06:00,22.2,,0,0,99,994.5,0,,1,,23.1
238,금산,2022-07-02 07:00,22.7,,.7,160,99,994.5,0,,5,,25.3
238,금산,2022-07-02 08:00,23.4,,.3,0,95,994.4,0,,4,,27.3
238,금산,2022-07-02 09:00,26.2,,1,250,84,994.1,.8,,0,,27.6
238,금산,2022-07-02 10:00,29.2,,.7,110,66,993.9,1,,0,,32.7
238,금산,2022-07-02 11:00,31.1,,.4,0,51,993.7,1,,1,,45.3
238,금산,2022-07-02 12:00,31.9,,1.2,160,48,993.3,1,,1,,52.5
238,금산,2022-07-02 13:00,32.7,,1.6,360,46,992.7,1,,5,,56.8
238,금산,2022-07-02 14:00,33.2,,1.7,320,48,991.9,.8,,7,,54.2
238,금산,2022-07-02 15:00,33.6,,1.8,290,51,991.4,1,,7,,58.8
238,금산,2022-07-02 16:00,33,,2.3,320,50,990.7,.8,,6,,51.3
238,금산,2022-07-02 17:00,32.3,,1.1,360,54,990.3,.4,,5,,42
238,금산,2022-07-02 18:00,32.1,,1.5,270,54,990.2,.3,,5,,41.1
238,금산,2022-07-02 19:00,30.8,,1.2,270,56,990.4,.6,,4,,34.1
238,금산,2022-07-02 20:00,29.1,,.7,270,62,990.4,.2,,5,,30.1
238,금산,2022-07-02 21:00,27.9,,.6,290,68,990.7,,,7,,28.3
238,금산,2022-07-02 22:00,27,,.6,320,73,991,,,5,,27.4
238,금산,2022-07-02 23:00,26.2,,.4,0,77,991,,,9,,26.6
238,금산,2022-07-03 00:00,25.7,,.2,0,79,991.3,,,8,,26
238,금산,2022-07-03 01:00,24.9,,.4,0,85,991.1,,,10,,25.6
238,금산,2022-07-03 02:00,24.5,,.4,0,87,990.9,,,9,,24.8
238,금산,2022-07-03 03:00,24.1,,.2,0,89,991,,,8,,24.4
238,금산,2022-07-03 04:00,23.5,,.1,0,91,990.9,,,7,,23.5
238,금산,2022-07-03 05:00,22.6,,.4,0,94,990.6,,,3,,22.6
238,금산,2022-07-03 06:00,22.6,,.2,0,94,990.8,.2,,0,,22.7
238,금산,2022-07-03 07:00,23.8,,1,160,86,990.6,1,,2,,24.3
238,금산,2022-07-03 08:00,25.7,,.7,160,77,990.5,1,,1,,26.1
238,금산,2022-07-03 09:00,27.6,,.9,180,70,990.2,1,,4,,29
238,금산,2022-07-03 10:00,29.2,,1.3,110,62,989.7,1,,5,,35.1
238,금산,2022-07-03 11:00,31.1,,1.4,140,55,989.5,1,,8,,46.9
238,금산,2022-07-03 12:00,31.5,,1.7,110,53,988.9,.7,,8,,53.1
238,금산,2022-07-03 13:00,31.6,,1.1,250,54,988.5,.6,,7,,45.2
238,금산,2022-07-03 14:00,32.5,,1.3,320,53,988,.6,,7,,51.5
238,금산,2022-07-03 15:00,32,,2.2,320,55,987.6,.7,,8,,47.1
238,금산,2022-07-03 16:00,32.5,,1.9,250,52,987.3,.4,,8,,51.4
238,금산,2022-07-03 17:00,29.1,,1.4,140,64,987.4,.1,,9,,38.5
238,금산,2022-07-03 18:00,23.5,24.2,1.5,290,94,988.1,.1,,10,,25.9
238,금산,2022-07-03 19:00,23.4,3.6,.8,230,97,988,0,,10,,26
238,금산,2022-07-03 20:00,23.5,3.4,.3,0,98,988.4,0,,10,,25.5
238,금산,2022-07-03 21:00,23.5,.3,.6,320,98,988.2,,,9,,25.1
238,금산,2022-07-03 22:00,23.5,,.7,180,98,988.2,,,8,,25.2
238,금산,2022-07-03 23:00,23.3,,.4,0,98,987.9,,,4,,24.4
238,금산,2022-07-04 00:00,23.2,,.6,140,98,988,,,4,,24.3
238,금산,2022-07-04 01:00,23,,.7,160,98,988.1,,,2,,23.9
238,금산,2022-07-04 02:00,22.7,,.5,200,99,987.9,,,3,,23.8
238,금산,2022-07-04 03:00,22.4,,.5,160,99,987.7,,,2,,23.6
238,금산,2022-07-04 04:00,22.3,,.3,0,100,987.1,,,4,,23.9
238,금산,2022-07-04 05:00,22.1,,1.2,140,100,986.9,,,6,,23.8
238,금산,2022-07-04 06:00,22.1,,1,140,100,986.9,0,,5,,23.9
238,금산,2022-07-04 07:00,22.2,,1.3,180,100,986.8,0,,3,,25.1
238,금산,2022-07-04 08:00,22.8,,.2,0,97,987,0,,7,,26.3
238,금산,2022-07-04 09:00,25.5,,.5,180,83,986.6,.6,,7,,27.5
238,금산,2022-07-04 10:00,27.5,,.3,0,74,986.4,1,,7,,30.6
238,금산,2022-07-04 11:00,29.3,,1.8,90,63,986.1,1,,6,,38.4
238,금산,2022-07-04 12:00,30,,1.8,230,63,985.8,.7,,7,,39.5
238,금산,2022-07-04 13:00,31,,1.1,250,56,985.2,.9,,8,,41.4
238,금산,2022-07-04 14:00,30.3,0,2.1,110,62,984.9,.2,,10,,33.7
238,금산,2022-07-04 15:00,30.4,0,1.4,20,60,984.6,.1,,10,,35.1
238,금산,2022-07-04 16:00,30.4,,.9,290,66,984.2,0,,9,,33.9
238,금산,2022-07-04 17:00,30.3,,1.6,320,67,983.9,.2,,8,,35.3
238,금산,2022-07-04 18:00,30,,1.3,290,69,983.8,.8,,7,,32.3
238,금산,2022-07-04 19:00,26,9.7,.6,270,92,984.3,0,,8,,27.4
238,금산,2022-07-04 20:00,26.1,0,1.2,320,93,984.7,0,,9,,27.1
238,금산,2022-07-04 21:00,25.2,,2.6,110,85,985.5,,,10,,26.4
238,금산,2022-07-04 22:00,23.2,.6,1.2,320,95,985.7,,,10,,25.1
238,금산,2022-07-04 23:00,23.1,0,.7,160,96,985.6,,,6,,24.7
238,금산,2022-07-05 00:00,22.8,,.6,270,98,985.8,,,6,,24.2
238,금산,2022-07-05 01:00,22.6,,.6,230,98,985.4,,,5,,24
238,금산,2022-07-05 02:00,22.5,,.8,290,99,985.3,,,5,,24.1
238,금산,2022-07-05 03:00,22.7,,.3,0,99,985.3,,,10,,24
238,금산,2022-07-05 04:00,22.8,,1.1,160,99,985.2,,,10,,24.1
238,금산,2022-07-05 05:00,22.7,,.6,290,100,985.3,,,8,,24.1
238,금산,2022-07-05 06:00,22.7,,.4,0,100,985.4,0,,7,,24.3
238,금산,2022-07-05 07:00,22.9,,.5,250,100,985.5,0,,7,,25.6
238,금산,2022-07-05 08:00,23.3,,.4,0,98,985.8,0,,8,,25.8
238,금산,2022-07-05 09:00,25.3,,1.2,110,91,985.7,.1,,10,,29.4
238,금산,2022-07-05 10:00,25.8,,.5,110,86,986,0,,9,,29.5
238,금산,2022-07-05 11:00,28.9,,.6,20,76,985.7,.2,,8,,34.9
238,금산,2022-07-05 12:00,28.9,,.5,320,73,985.4,.1,,8,,34.5
238,금산,2022-07-05 13:00,30.1,,1.6,270,71,984.8,.1,,9,,39.9
238,금산,2022-07-05 14:00,29.5,,1.8,290,72,984.7,.3,,9,,32.7
238,금산,2022-07-05 15:00,29.2,,1.9,230,74,984.7,0,,9,,34.4
238,금산,2022-07-05 16:00,29.7,,1.1,250,70,984.7,.2,,8,,35.1
238,금산,2022-07-05 17:00,29.9,,1.3,270,70,984.6,.4,,8,,35.3
238,금산,2022-07-05 18:00,29.4,,1.2,270,72,984.6,.4,,7,,32.1
238,금산,2022-07-05 19:00,28.7,,.7,270,77,985,.1,,6,,29.6
238,금산,2022-07-05 20:00,27.7,,.2,0,81,985.5,0,,8,,27.9
238,금산,2022-07-05 21:00,27.4,,.5,320,83,986.1,,,8,,27.2
238,금산,2022-07-05 22:00,26.6,,.6,250,88,987,,,7,,26.6
238,금산,2022-07-05 23:00,26.3,,0,0,91,987.3,,,8,,26.1
238,금산,2022-07-06 00:00,25.7,,.6,290,92,987.4,,,7,,25.8
238,금산,2022-07-06 01:00,25.4,,.3,0,92,987,,,5,,25.4
238,금산,2022-07-06 02:00,24.9,,.7,250,96,987,,,5,,25.2
238,금산,2022-07-06 03:00,24.7,,.4,0,97,987.1,,,5,,24.7
238,금산,2022-07-06 04:00,24.6,,1,160,96,987.3,,,5,,24.5
238,금산,2022-07-06 05:00,24.7,,.3,0,95,987.9,,,10,,24.7
238,금산,2022-07-06 06:00,24.6,,.5,110,94,987.8,0,,5,,24.9
238,금산,2022-07-06 07:00,25.2,,1,110,91,988,.1,,8,,25.5
238,금산,2022-07-06 08:00,26,,1.1,160,86,988.7,.3,,9,,27.4
238,금산,2022-07-06 09:00,27.5,,1,140,79,988.7,.3,,8,,30.2
238,금산,2022-07-06 10:00,28.9,,1.8,160,71,988.4,.7,,8,,34.4
238,금산,2022-07-06 11:00,31.5,,2.1,160,61,988.3,.5,,10,,39.1
238,금산,2022-07-06 12:00,30.4,,1.4,200,61,988.3,.2,,9,,34.9
238,금산,2022-07-06 13:00,30.8,,1.1,180,60,988,0,,9,,36.4
238,금산,2022-07-06 14:00,32.3,,.9,250,56,987.3,.7,,6,,43.1
238,금산,2022-07-06 15:00,33.1,,1.8,140,56,986.8,.7,,8,,43.7
238,금산,2022-07-06 16:00,32.7,,2.8,160,55,986.5,.8,,6,,40.3
238,금산,2022-07-06 17:00,32.3,,2.1,90,61,986.2,.7,,5,,36.6
238,금산,2022-07-06 18:00,31.7,,1.3,110,63,986.2,.1,,6,,31.9
238,금산,2022-07-06 19:00,31.3,,1,140,66,986.6,.1,,7,,30.7
238,금산,2022-07-06 20:00,29.7,,.6,270,74,987.2,0,,9,,29
238,금산,2022-07-06 21:00,29.7,,.7,160,68,987.9,,,5,,27.7
238,금산,2022-07-06 22:00,28.5,,1.2,110,71,988.6,,,8,,26.8
238,금산,2022-07-06 23:00,27.7,,1.2,110,73,988.4,,,6,,25.9
238,금산,2022-07-07 00:00,27.2,,1.4,140,75,988.3,,,6,,25.4
238,금산,2022-07-07 01:00,26.4,,.6,110,82,988.3,,,9,,25.2
238,금산,2022-07-07 02:00,25.9,,.9,140,84,988.4,,,9,,24.9
238,금산,2022-07-07 03:00,25.1,,1.3,90,87,988.6,,,5,,24.5
238,금산,2022-07-07 04:00,24.8,,1.2,110,89,988.3,,,4,,24.2
238,금산,2022-07-07 05:00,24.3,,1.2,110,91,988.3,,,6,,23.9
238,금산,2022-07-07 06:00,24.1,,1.4,90,91,988.5,.1,,7,,24
238,금산,2022-07-07 07:00,25.6,,1.2,90,83,988.3,.5,,7,,25
238,금산,2022-07-07 08:00,27.7,,1.9,90,71,988.4,1,,7,,27.1
238,금산,2022-07-07 09:00,29.1,,2.2,140,66,987.9,1,,7,,30.6
238,금산,2022-07-07 10:00,30.3,,3.2,180,60,987.4,1,,6,,34.4
238,금산,2022-07-07 11:00,32.2,,4.9,180,55,986.8,1,,6,,37.8
238,금산,2022-07-07 12:00,32.9,,4.1,180,50,986.4,1,,6,,40.6
238,금산,2022-07-07 13:00,33.2,,4,200,51,986.1,1,,8,,42.6
238,금산,2022-07-07 14:00,32,,4.6,180,54,986.2,.5,,9,,36.7
238,금산,2022-07-07 15:00,31.7,,5.3,200,55,985.8,.7,,9,,38.1
238,금산,2022-07-07 16:00,31.9,,4.9,200,56,985.6,.8,,8,,40.3
238,금산,2022-07-07 17:00,31.1,,3.4,200,60,985.3,.9,,9,,37.1
238,금산,2022-07-07 18:00,29.8,0,4.2,200,64,985.2,.1,,9,,30.2
238,금산,2022-07-07 19:00,28.5,0,2.2,200,73,985.2,0,,9,,28.8
238,금산,2022-07-07 20:00,28.9,,3,180,70,985.2,0,,8,,27.3
238,금산,2022-07-07 21:00,28.3,0,2.8,200,73,985.4,,,7,,26.6
238,금산,2022-07-07 22:00,28.3,,2.5,200,73,985.6,,,7,,26.4
238,금산,2022-07-07 23:00,27.9,,2.2,200,75,985.4,,,7,,25.9
238,금산,2022-07-08 00:00,27.5,,.4,0,78,985.1,,,6,,26.3
238,금산,2022-07-08 01:00,27,0,.7,20,82,985.1,,,2,,26.2
238,금산,2022-07-08 02:00,25.8,.1,.6,320,92,984.9,,,6,,26
238,금산,2022-07-08 03:00,25.5,.5,.3,0,97,984.4,,,5,,25.9
238,금산,2022-07-08 04:00,25.4,0,.4,0,98,984.2,,,9,,25.8
238,금산,2022-07-08 05:00,25.4,0,0,0,98,984.2,,,8,,25.7
238,금산,2022-07-08 06:00,25.6,,.5,270,89,984.2,0,,6,,25.4
238,금산,2022-07-08 07:00,25.7,0,1,320,86,984.4,0,,7,,26.1
238,금산,2022-07-08 08:00,26.1,0,.8,270,83,984.7,0,,8,,27.3
238,금산,2022-07-08 09:00,26.6,,.8,270,81,984.8,0,,9,,29.4
238,금산,2022-07-08 10:00,27,,1.2,290,77,984.6,0,,9,,30.3
238,금산,2022-07-08 11:00,25.7,.3,1.5,360,90,984.5,0,,9,,31.5
238,금산,2022-07-08 12:00,27,0,1.2,290,76,984.2,0,,7,,31.6
238,금산,2022-07-08 13:00,28.3,,2.5,230,72,983.5,.3,,8,,37
238,금산,2022-07-08 14:00,28.1,,1.9,270,69,983,.2,,8,,32.7
238,금산,2022-07-08 15:00,29.6,,2.4,250,65,982.4,.4,,7,,40
238,금산,2022-07-08 16:00,28.5,,2.7,250,70,982.3,.4,,6,,36.4
238,금산,2022-07-08 17:00,28.7,,1.6,270,66,982,.9,,6,,36.5
238,금산,2022-07-08 18:00,28.5,,1.5,250,64,981.8,.8,,5,,35.4
238,금산,2022-07-08 19:00,27.3,,1,250,71,982.3,.9,,3,,29.5
238,금산,2022-07-08 20:00,25.6,,1,270,78,982.5,.3,,1,,26.2
238,금산,2022-07-08 21:00,24.6,,.3,0,83,982.9,,,1,,24.6
238,금산,2022-07-08 22:00,24.2,,.1,0,84,983,,,1,,23.6
238,금산,2022-07-08 23:00,23.4,,.2,0,89,982.8,,,1,,23
238,금산,2022-07-09 00:00,22.9,,.2,0,91,982.7,,,4,,23.3
238,금산,2022-07-09 01:00,22.9,,.2,0,92,982.6,,,2,,23.3
238,금산,2022-07-09 02:00,22.3,,.1,0,94,982.5,,,6,,23.1
238,금산,2022-07-09 03:00,22,,.6,200,95,982.3,,,8,,23
238,금산,2022-07-09 04:00,21.7,,.7,110,94,982.3,,,8,,22.4
238,금산,2022-07-09 05:00,21.6,,.2,0,97,982.5,,,9,,22.6
238,금산,2022-07-09 06:00,21.6,,.2,0,96,983,0,,10,,23.2
238,금산,2022-07-09 07:00,22.7,,.4,0,92,983.6,0,,6,,25
238,금산,2022-07-09 08:00,23.1,,.4,0,88,983.7,0,,4,,25.7
238,금산,2022-07-09 09:00,23.7,,.4,0,81,983.7,0,,5,,27.6
238,금산,2022-07-09 10:00,25.1,,.7,200,74,983.4,0,,9,,31.5
238,금산,2022-07-09 11:00,25.7,,.7,340,74,983.5,0,,10,,30.9
238,금산,2022-07-09 12:00,26.2,,1.8,320,74,983.5,0,,10,,31.8
238,금산,2022-07-09 13:00,27.1,,1.3,320,73,983.2,0,,10,,34.9
238,금산,2022-07-09 14:00,28,,1.8,360,67,982.9,.4,,9,,37.4
238,금산,2022-07-09 15:00,27.6,,1.2,290,69,982.9,0,,10,,34.7
238,금산,2022-07-09 16:00,28,,1.1,290,68,982.9,0,,10,,34.5
238,금산,2022-07-09 17:00,27.5,,1.3,320,70,983,0,,0,,30.3
238,금산,2022-07-09 18:00,27.5,,.3,0,71,982.4,0,,2,,30.6
238,금산,2022-07-09 19:00,27.3,,.4,0,72,982.4,.6,,0,,28.6
238,금산,2022-07-09 20:00,25.6,,.3,0,83,983,0,,4,,25.9
238,금산,2022-07-09 21:00,24.3,,.4,0,89,984.1,,,6,,24.7
238,금산,2022-07-09 22:00,24.3,,.2,0,87,984.9,,,4,,24.8
238,금산,2022-07-09 23:00,24.2,,.5,200,88,985.2,,,5,,24.8
238,금산,2022-07-10 00:00,24,,0,0,91,985.1,,,5,,24.4
238,금산,2022-07-10 01:00,23.5,,.1,0,94,984.9,,,7,,23.7
238,금산,2022-07-10 02:00,22.9,,.4,0,97,984.8,,,7,,23.7
238,금산,2022-07-10 03:00,22.8,,.3,0,96,984.6,,,6,,23
238,금산,2022-07-10 04:00,22.5,,.2,0,98,985,,,4,,22.7
238,금산,2022-07-10 05:00,22.4,,.1,0,97,985.1,,,3,,22.5
238,금산,2022-07-10 06:00,21.7,,.8,320,99,985.2,0,,0,,22.7
238,금산,2022-07-10 07:00,23.1,,.2,0,94,985.3,.2,,4,,24.5
238,금산,2022-07-10 08:00,24.3,,.2,0,87,986.2,.7,,6,,25.9
238,금산,2022-07-10 09:00,26.4,,.4,0,79,986.2,1,,5,,29.1
238,금산,2022-07-10 10:00,28.4,,1,20,70,986.4,1,,6,,35
238,금산,2022-07-10 11:00,29.5,,.8,340,66,986.2,.5,,7,,35.3
238,금산,2022-07-10 12:00,31.3,,.9,50,62,986.1,.2,,7,,42.5
238,금산,2022-07-10 13:00,31.4,,1.4,90,59,985.4,.5,,8,,45.9
238,금산,2022-07-10 14:00,31.7,,1.3,250,56,984.9,.5,,5,,48.8
238,금산,2022-07-10 15:00,32.7,,2,200,52,984.3,1,,1,,52.7
238,금산,2022-07-10 16:00,33.3,,2.1,230,50,984.2,.8,,5,,49.9
238,금산,2022-07-10 17:00,32.3,,1.7,250,52,983.8,.7,,8,,41.8
238,금산,2022-07-10 18:00,31.9,,1.3,270,58,983.6,.9,,7,,39.5
238,금산,2022-07-10 19:00,30,,.5,290,68,984.1,.1,,7,,32.5
238,금산,2022-07-10 20:00,29.1,,.3,0,72,984.2,0,,8,,29.9
238,금산,2022-07-10 21:00,27.6,.1,1.4,250,78,985.3,,,8,,27.7
238,금산,2022-07-10 22:00,23.6,2.8,1.2,290,94,986,,,10,,25.8
238,금산,2022-07-10 23:00,24.1,3.9,.6,20,97,985.8,,,10,,25.4
238,금산,2022-07-11 00:00,23.8,0,.7,90,97,985.6,,,10,,25.4
238,금산,2022-07-11 01:00,23.5,.5,.3,0,98,985.9,,,10,,25.2
238,금산,2022-07-11 02:00,23.5,.7,.3,0,99,985.5,,,10,,25
238,금산,2022-07-11 03:00,23.5,,.4,0,99,985.1,,,10,,24.9
238,금산,2022-07-11 04:00,23.3,,.4,0,99,984.9,,,9,,24.5
238,금산,2022-07-11 05:00,23.1,,1.1,320,99,985.4,,,9,,24.4
238,금산,2022-07-11 06:00,23.2,,.1,0,99,985.8,0,,10,,24.5
238,금산,2022-07-11 07:00,23.3,1.3,.1,0,99,985.8,0,,10,,24.6
238,금산,2022-07-11 08:00,23.6,2,0,0,98,985.8,0,,10,,25.5
238,금산,2022-07-11 09:00,23.9,.3,.8,360,97,985.9,0,,10,,25.9
238,금산,2022-07-11 10:00,24.4,.5,.6,340,95,985.9,0,,10,,27.1
238,금산,2022-07-11 11:00,25.1,,.6,110,89,986.2,0,,9,,29
238,금산,2022-07-11 12:00,26.7,,.5,340,80,985.8,0,,8,,32.3
238,금산,2022-07-11 13:00,27,,1.5,320,80,985.8,0,,8,,33.6
238,금산,2022-07-11 14:00,27.2,,1.1,320,78,985.3,.1,,8,,34.9
238,금산,2022-07-11 15:00,27.7,,1.2,320,75,985.2,.1,,9,,33.4
238,금산,2022-07-11 16:00,28,,.7,320,73,985.3,0,,10,,32.2
238,금산,2022-07-11 17:00,26.9,,1.2,320,80,985.6,0,,6,,29
238,금산,2022-07-11 18:00,25.7,,1.4,180,86,985.8,0,,4,,28.3
238,금산,2022-07-11 19:00,25.5,0,1.2,200,88,986.1,0,,4,,27.6
238,금산,2022-07-11 20:00,25.2,,.5,180,91,986.7,0,,3,,26.2
238,금산,2022-07-11 21:00,24.6,,.3,0,95,987.3,,,3,,25.3
238,금산,2022-07-11 22:00,24.5,,0,0,94,988.1,,,6,,25.3
238,금산,2022-07-11 23:00,24.3,,.1,0,97,988,,,7,,25.3
238,금산,2022-07-12 00:00,24.3,,.3,0,96,988,,,4,,25.1
238,금산,2022-07-12 01:00,24,,.6,160,98,987.6,,,5,,24.8
238,금산,2022-07-12 02:00,23.8,,.8,200,98,987.9,,,5,,25
238,금산,2022-07-12 03:00,23.5,,1.1,160,100,987.7,,,8,,25
238,금산,2022-07-12 04:00,23.7,,.4,0,99,987.4,,,10,,24.9
238,금산,2022-07-12 05:00,23.7,,.4,0,98,987.7,,,7,,24.5
238,금산,2022-07-12 06:00,23.9,,1,110,97,987.9,0,,6,,24.8
238,금산,2022-07-12 07:00,24,,.8,90,95,988,0,,6,,25.4
238,금산,2022-07-12 08:00,24.7,,.9,140,91,987.9,0,,7,,27.2
238,금산,2022-07-12 09:00,26,,.8,110,83,988.1,0,,8,,29.7
238,금산,2022-07-12 10:00,27.2,,.6,110,76,988.2,0,,9,,31.6
238,금산,2022-07-12 11:00,28.2,,.7,340,74,988.8,.1,,9,,31.8
238,금산,2022-07-12 12:00,28.5,0,1.2,20,72,988.3,0,,10,,32.4
238,금산,2022-07-12 13:00,27.4,4,.6,270,88,988.1,0,,10,,32.8
238,금산,2022-07-12 14:00,28.2,,.8,290,77,987.7,0,,10,,31.7
238,금산,2022-07-12 15:00,28,,1,290,76,987.4,0,,10,,30.9
238,금산,2022-07-12 16:00,28,,.7,250,77,987.3,0,,10,,31
238,금산,2022-07-12 17:00,28,,.5,200,77,987.1,0,,10,,30.2
238,금산,2022-07-12 18:00,27.7,,.7,110,80,987.1,0,,10,,28.5
238,금산,2022-07-12 19:00,26.8,,.5,250,90,987.3,0,,10,,27.6
238,금산,2022-07-12 20:00,26.6,,.3,0,92,987.5,0,,9,,27
238,금산,2022-07-12 21:00,25.7,,.3,0,94,987.8,,,8,,26.3
238,금산,2022-07-12 22:00,25.4,,.1,0,95,988.1,,,10,,26
238,금산,2022-07-12 23:00,25.2,,1.4,140,94,987.1,,,4,,25.3
238,금산,2022-07-13 00:00,24.9,,.7,140,92,987,,,8,,25
238,금산,2022-07-13 01:00,24.9,,1,140,89,986.9,,,10,,25
238,금산,2022-07-13 02:00,24.5,,1,70,90,987.1,,,10,,24.7
238,금산,2022-07-13 03:00,24.1,,.9,160,91,987.5,,,10,,24.5
238,금산,2022-07-13 04:00,23.7,,1.6,110,91,986.8,,,10,,24.2
238,금산,2022-07-13 05:00,23.3,,1,140,88,986.5,,,10,,23.9
238,금산,2022-07-13 06:00,23.2,,.7,90,88,987.1,0,,10,,23.9
238,금산,2022-07-13 07:00,23.1,,1.5,110,88,987,0,,10,,24.6
238,금산,2022-07-13 08:00,23.7,,1.1,140,86,987.5,0,,10,,26.2
238,금산,2022-07-13 09:00,24.7,,1.5,110,85,986.6,0,,10,,27
238,금산,2022-07-13 10:00,25.6,,1.6,140,80,985.9,0,,10,,27.6
238,금산,2022-07-13 11:00,26.1,0,1.5,110,79,985.9,0,,10,,28.4
238,금산,2022-07-13 12:00,25.6,.4,1.7,140,88,985.2,0,,10,,28.5
238,금산,2022-07-13 13:00,26.3,.2,1.7,90,84,984.4,0,,10,,30.9
238,금산,2022-07-13 14:00,25.1,.2,1.1,90,89,984.3,0,,10,,27.9
238,금산,2022-07-13 15:00,24.5,1.4,2.2,140,97,983,0,,10,,26.9
238,금산,2022-07-13 16:00,24.9,.3,1.7,140,96,982.2,0,,10,,26.4
238,금산,2022-07-13 17:00,25.3,.2,1.7,160,87,981.3,0,,10,,26.4
238,금산,2022-07-13 18:00,25.4,0,1.6,160,83,980.9,0,,10,,26
238,금산,2022-07-13 19:00,25.5,,2.7,180,78,980.7,0,,10,,25.4
238,금산,2022-07-13 20:00,22.9,5,.2,0,97,981.5,0,,10,,24.3
238,금산,2022-07-13 21:00,23.2,.1,1.1,140,93,981.1,,,7,,24.2
238,금산,2022-07-13 22:00,23.3,,1.2,110,92,981.3,,,10,,24
238,금산,2022-07-13 23:00,23.6,,.8,90,90,981.2,,,9,,24.1
238,금산,2022-07-14 00:00,23.7,0,.6,70,92,980.9,,,6,,24
238,금산,2022-07-14 01:00,24.4,,.9,360,88,980.4,,,8,,24.2
238,금산,2022-07-14 02:00,24.1,,.5,360,93,979.7,,,7,,24.3
238,금산,2022-07-14 03:00,23.6,.3,.1,0,97,979.7,,,3,,24.3
238,금산,2022-07-14 04:00,25.2,.1,.7,270,92,979.5,,,8,,24.5
238,금산,2022-07-14 05:00,25.4,,1.1,320,88,979.6,,,4,,24.5
238,금산,2022-07-14 06:00,25.4,,1.2,270,84,980.2,0,,8,,24.4
238,금산,2022-07-14 07:00,25.1,,1.6,270,84,980.3,0,,3,,25.1
238,금산,2022-07-14 08:00,25.4,,1.5,270,81,980.6,.1,,8,,26.5
238,금산,2022-07-14 09:00,24.8,,2.5,290,83,980.6,0,,7,,26.5
238,금산,2022-07-14 10:00,24.5,,1,290,88,980.9,0,,9,,26.6
238,금산,2022-07-14 11:00,26.2,,2,250,79,981.1,.2,,9,,32.1
238,금산,2022-07-14 12:00,26.9,,1.6,270,74,980.8,.2,,9,,32.3
238,금산,2022-07-14 13:00,28,,2.4,270,73,981,.1,,9,,34.8
238,금산,2022-07-14 14:00,27.5,,2.4,270,74,981.2,.6,,9,,35.7
238,금산,2022-07-14 15:00,27.9,,2.1,270,73,981.3,.4,,9,,38
238,금산,2022-07-14 16:00,28.2,,1.9,250,70,981.2,.9,,0,,38.8
238,금산,2022-07-14 17:00,28,,1.9,250,71,981,.9,,3,,36.4
238,금산,2022-07-14 18:00,27.2,,1.6,250,73,980.8,.9,,6,,33.2
238,금산,2022-07-14 19:00,26,,1.3,290,76,981.1,.3,,8,,28.6
238,금산,2022-07-14 20:00,24.9,,1,290,82,981.2,0,,9,,26
238,금산,2022-07-14 21:00,24.4,,1.2,290,83,981.6,,,8,,24.9
238,금산,2022-07-14 22:00,23.7,,1.6,290,87,982,,,7,,24.2
238,금산,2022-07-14 23:00,23,,1.1,290,90,982.2,,,8,,23.7
238,금산,2022-07-15 00:00,22.3,,0,0,94,981.8,,,5,,23
238,금산,2022-07-15 01:00,21.7,,.1,0,97,981.8,,,6,,22.2
238,금산,2022-07-15 02:00,20.8,,.3,0,98,981.9,,,6,,21.7
238,금산,2022-07-15 03:00,20.6,,0,0,100,982,,,8,,21.3
238,금산,2022-07-15 04:00,19.9,,.3,0,100,981.7,,,3,,20.9
238,금산,2022-07-15 05:00,19.5,,.3,0,100,981.7,,,2,,20.6
238,금산,2022-07-15 06:00,19.9,,.3,0,100,981.9,0,,4,,22
238,금산,2022-07-15 07:00,19.9,,.3,0,100,982.2,0,,2,,23.2
238,금산,2022-07-15 08:00,20.6,,.5,70,100,981.9,.3,,0,,24.3
238,금산,2022-07-15 09:00,23.4,,1.6,360,83,981.5,.7,,1,,27.5
238,금산,2022-07-15 10:00,25.7,,2,360,70,981.2,.8,,1,,31.4
238,금산,2022-07-15 11:00,26.9,,2.3,360,65,981.3,1,,7,,36.3
238,금산,2022-07-15 12:00,28.4,,1.8,360,61,981.2,1,,8,,37.7
238,금산,2022-07-15 13:00,27.8,,1.5,270,58,980.8,1,,7,,37
238,금산,2022-07-15 14:00,27.7,,1.4,250,60,980.3,.5,,8,,35.3
238,금산,2022-07-15 15:00,28.8,,1.3,320,57,979.7,.8,,8,,39.7
238,금산,2022-07-15 16:00,29.1,,1.4,320,56,979.4,1,,6,,39.2
238,금산,2022-07-15 17:00,29.4,,1.1,340,54,978.8,1,,6,,38
238,금산,2022-07-15 18:00,28.6,,2,290,55,978.6,1,,0,,33.6
238,금산,2022-07-15 19:00,27.3,,.5,270,63,978.7,1,,2,,28
238,금산,2022-07-15 20:00,24.3,,.4,0,79,978.9,.4,,0,,25.4
238,금산,2022-07-15 21:00,23.2,,.7,290,82,979.4,,,0,,24.1
238,금산,2022-07-15 22:00,22.3,,.1,0,87,980,,,1,,23.2
238,금산,2022-07-15 23:00,21.6,,.5,290,90,979.9,,,1,,22.6
238,금산,2022-07-16 00:00,20.7,,.3,0,95,979.5,,,1,,22.1
238,금산,2022-07-16 01:00,20.5,,.3,0,96,979.3,,,4,,21.7
238,금산,2022-07-16 02:00,20.4,,.3,0,95,978.9,,,4,,21.3
238,금산,2022-07-16 03:00,19.6,,.6,290,98,978.7,,,0,,21
238,금산,2022-07-16 04:00,19.2,,.1,0,99,979,,,3,,20.6
238,금산,2022-07-16 05:00,19.1,,.1,0,99,979.2,,,6,,20.5
238,금산,2022-07-16 06:00,19,,.6,320,99,979.5,0,,3,,20.6
238,금산,2022-07-16 07:00,20.6,,.1,0,98,979.7,.3,,1,,22.1
238,금산,2022-07-16 08:00,23.6,,.6,70,83,979.6,1,,5,,24.3
238,금산,2022-07-16 09:00,25.5,,.8,140,73,979.6,1,,7,,27.3
238,금산,2022-07-16 10:00,26.6,,2.3,230,64,979.5,.8,,7,,31
238,금산,2022-07-16 11:00,27.8,,2.1,250,60,979.2,.7,,7,,35.4
238,금산,2022-07-16 12:00,28.6,,2.4,270,59,978.9,.9,,7,,39.1
238,금산,2022-07-16 13:00,28.6,,2.7,250,59,978.8,.7,,8,,40.2
238,금산,2022-07-16 14:00,28.9,,3.3,230,56,978.6,.6,,7,,40.9
238,금산,2022-07-16 15:00,29.3,,3,250,56,978.3,.9,,7,,43.2
238,금산,2022-07-16 16:00,27.7,,1.8,270,61,978.6,.7,,6,,36
238,금산,2022-07-16 17:00,28.2,,2.6,290,61,978.7,.5,,5,,37.1
238,금산,2022-07-16 18:00,26.5,,2.2,270,67,979,.4,,3,,30.6
238,금산,2022-07-16 19:00,25.7,,2,270,65,979.6,.8,,3,,27.4
238,금산,2022-07-16 20:00,24.5,,.8,270,73,980,0,,4,,25.1
238,금산,2022-07-16 21:00,23.9,,.5,270,77,980.7,,,5,,24.1
238,금산,2022-07-16 22:00,23.3,,1,290,78,981.1,,,9,,23.4
238,금산,2022-07-16 23:00,22.2,,.5,340,85,981,,,7,,22.7
238,금산,2022-07-17 00:00,21.6,,.5,270,88,981.1,,,5,,22.4
238,금산,2022-07-17 01:00,21.5,,.7,200,88,981,,,6,,22.1
238,금산,2022-07-17 02:00,20.4,,.5,270,95,980.9,,,6,,21.6
238,금산,2022-07-17 03:00,20.1,,.1,0,95,980.8,,,7,,21.3
238,금산,2022-07-17 04:00,19.8,,0,0,97,980.9,,,7,,20.9
238,금산,2022-07-17 05:00,19.4,,.3,0,98,981.1,,,4,,20.8
238,금산,2022-07-17 06:00,19.6,,.9,200,98,981.6,0,,7,,21.7
238,금산,2022-07-17 07:00,21,,0,0,91,982,0,,8,,23.4
238,금산,2022-07-17 08:00,22.4,,.4,0,86,981.9,.5,,7,,24.9
238,금산,2022-07-17 09:00,24.2,,.5,250,79,981.9,.7,,8,,27.5
238,금산,2022-07-17 10:00,26,,1.7,290,67,981.7,.7,,8,,30.3
238,금산,2022-07-17 11:00,27.5,,2.3,290,60,981.7,.6,,9,,35
238,금산,2022-07-17 12:00,27.6,,2.5,230,65,981.5,.4,,8,,41.1
238,금산,2022-07-17 13:00,28.5,,1.5,340,60,981,.5,,7,,39.9
238,금산,2022-07-17 14:00,27.8,,2.3,250,62,981,.1,,10,,34.7
238,금산,2022-07-17 15:00,27.8,,2.4,250,65,980.8,0,,10,,34.9
238,금산,2022-07-17 16:00,27.6,,1.5,290,66,980.9,0,,10,,33.2
238,금산,2022-07-17 17:00,27.3,,1.6,270,68,980.9,.1,,9,,32.8
238,금산,2022-07-17 18:00,26.9,,.8,270,70,980.4,0,,9,,29.7
238,금산,2022-07-17 19:00,26.1,,1.3,270,71,980.8,0,,10,,27.3
238,금산,2022-07-17 20:00,25.2,,0,0,76,981.3,0,,8,,25.6
238,금산,2022-07-17 21:00,24.5,,.4,0,80,981.9,,,10,,24.7
238,금산,2022-07-17 22:00,24.1,,.3,0,83,982.9,,,8,,24.4
238,금산,2022-07-17 23:00,24.2,,.4,0,81,982.9,,,10,,24.2
238,금산,2022-07-18 00:00,23.4,,.3,0,87,982.4,,,10,,23.6
238,금산,2022-07-18 01:00,22.4,,.3,0,92,982.2,,,7,,23
238,금산,2022-07-18 02:00,22.8,,.6,140,90,981.7,,,10,,23
238,금산,2022-07-18 03:00,22.1,,.4,0,94,981.1,,,8,,23.1
238,금산,2022-07-18 04:00,22.5,0,.5,70,94,981.7,,,10,,23.1
238,금산,2022-07-18 05:00,22.3,.4,2,140,87,982.2,,,10,,22.8
238,금산,2022-07-18 06:00,20.7,1.8,.9,70,94,982,0,,10,,22.3
238,금산,2022-07-18 07:00,20.6,4,1,110,98,981.5,0,,10,,22.3
238,금산,2022-07-18 08:00,20.5,8.6,.6,140,99,981.4,0,,10,,22.3
238,금산,2022-07-18 09:00,20.5,3,1.4,160,98,980.6,0,,10,,22.7
238,금산,2022-07-18 10:00,20.6,11.4,1.2,140,100,980.6,0,,10,,22.6
238,금산,2022-07-18 11:00,20.7,11.8,1.2,140,100,980.1,0,,10,,22.3
238,금산,2022-07-18 12:00,21.2,10.9,.8,160,100,979.8,0,,10,,23.4
238,금산,2022-07-18 13:00,21.6,5.4,1.3,140,99,979.4,0,,10,,24.1
238,금산,2022-07-18 14:00,21.4,2.2,1.4,140,97,978.7,0,,9,,23.8
238,금산,2022-07-18 15:00,21.5,.8,1,140,97,978.5,0,,10,,24.1
238,금산,2022-07-18 16:00,21.6,2.7,1.4,110,98,978.1,0,,8,,24.6
238,금산,2022-07-18 17:00,21.3,4.1,1.2,110,98,977.8,0,,9,,23.8
238,금산,2022-07-18 18:00,21.4,3.2,.5,160,99,978.2,0,,4,,23.7
238,금산,2022-07-18 19:00,21.2,1,.8,160,99,978.4,0,,6,,23.4
238,금산,2022-07-18 20:00,20.9,1.3,.3,0,99,978.8,0,,9,,23
238,금산,2022-07-18 21:00,20.7,1.6,1,200,100,979.1,,,2,,22.7
238,금산,2022-07-18 22:00,20.9,.6,.8,140,99,979.4,,,5,,22.7
238,금산,2022-07-18 23:00,20.9,.4,.4,0,100,979.5,,,6,,22.6
238,금산,2022-07-19 00:00,20.9,,.4,0,100,979.5,,,5,,22.5
238,금산,2022-07-19 01:00,20.9,0,.3,0,100,979.8,,,9,,22.5
238,금산,2022-07-19 02:00,20.8,.4,0,0,100,979.8,,,5,,22.4
238,금산,2022-07-19 03:00,20.9,0,.1,0,100,979.9,,,4,,22.4
238,금산,2022-07-19 04:00,21,,.1,0,100,980,,,5,,22.4
238,금산,2022-07-19 05:00,21,,1.2,290,100,980.8,,,8,,22.3
238,금산,2022-07-19 06:00,21,,.2,0,100,981.2,0,,5,,22.4
238,금산,2022-07-19 07:00,21.5,,.1,0,98,981.5,0,,8,,23.4
238,금산,2022-07-19 08:00,22.2,,.5,140,95,981.8,0,,9,,25
238,금산,2022-07-19 09:00,23.8,,.3,0,87,982.4,.1,,8,,27.1
238,금산,2022-07-19 10:00,24.2,,.7,140,83,982.8,0,,8,,27.6
238,금산,2022-07-19 11:00,25.7,,1.2,250,79,982.9,.1,,9,,31.5
238,금산,2022-07-19 12:00,26.8,,1.3,320,74,983.1,.3,,9,,32.9
238,금산,2022-07-19 13:00,27.7,,1.4,270,72,982.9,.5,,8,,37.7
238,금산,2022-07-19 14:00,28.2,,2.1,290,69,982.9,1,,7,,39.3
238,금산,2022-07-19 15:00,28.8,,1.5,270,65,982.9,.9,,1,,39.8
238,금산,2022-07-19 16:00,28.8,,2.6,270,65,983.2,1,,2,,38.5
238,금산,2022-07-19 17:00,27.5,,2.4,270,68,983.6,.9,,7,,33.5
238,금산,2022-07-19 18:00,27.5,,1.5,270,70,983.9,.4,,8,,31.9
238,금산,2022-07-19 19:00,25.7,,1,290,76,984.8,.3,,5,,27.7
238,금산,2022-07-19 20:00,24.9,,.9,290,79,985.4,0,,7,,25.7
238,금산,2022-07-19 21:00,24.2,,.6,320,83,986,,,7,,24.9
238,금산,2022-07-19 22:00,23.6,,.2,0,87,986.5,,,7,,24.7
238,금산,2022-07-19 23:00,23.1,,0,0,91,986.7,,,5,,23.9
238,금산,2022-07-20 00:00,22.7,,0,0,93,986.8,,,10,,23.6
238,금산,2022-07-20 01:00,22.4,,.1,0,92,986.7,,,10,,23.3
238,금산,2022-07-20 02:00,21.6,,.1,0,98,986.8,,,10,,23
238,금산,2022-07-20 03:00,21.6,,.2,0,98,987.1,,,10,,23.1
238,금산,2022-07-20 04:00,21.6,,0,0,98,987.3,,,10,,22.8
238,금산,2022-07-20 05:00,21.6,,.1,0,98,987.3,,,10,,22.5
238,금산,2022-07-20 06:00,21.1,,0,0,100,987.6,0,,2,,22.6
238,금산,2022-07-20 07:00,22,,0,0,98,988.1,.1,,7,,23.5
238,금산,2022-07-20 08:00,24.3,,.2,0,83,988.3,.8,,8,,25.4
238,금산,2022-07-20 09:00,24.9,,.7,50,79,988.2,.8,,8,,27.4
238,금산,2022-07-20 10:00,27.2,,.4,0,68,988.2,.6,,8,,31.1
238,금산,2022-07-20 11:00,27.6,,1,110,68,987.7,1,,5,,37.1
238,금산,2022-07-20 12:00,28.9,,1,360,62,987.2,1,,5,,39.3
238,금산,2022-07-20 13:00,30.4,,1.2,320,60,986.7,1,,4,,41.7
238,금산,2022-07-20 14:00,30,,2,250,59,986.3,.8,,4,,38
238,금산,2022-07-20 15:00,31,,1.9,340,51,986.1,.9,,5,,40.4
238,금산,2022-07-20 16:00,30.7,,1.7,290,53,985.8,1,,4,,39.8
238,금산,2022-07-20 17:00,30.4,,1,320,53,985.7,.8,,5,,35.7
238,금산,2022-07-20 18:00,29,,.8,270,63,985.5,.2,,9,,31
238,금산,2022-07-20 19:00,28.3,,.9,290,70,985.6,0,,9,,29
238,금산,2022-07-20 20:00,26.4,,.8,270,77,985.4,0,,10,,27.3
238,금산,2022-07-20 21:00,26.2,,.5,230,76,985.6,,,10,,26.6
238,금산,2022-07-20 22:00,25.8,,.3,0,83,985.8,,,10,,26.2
238,금산,2022-07-20 23:00,24.9,0,.3,0,85,985,,,10,,25.7
238,금산,2022-07-21 00:00,24.8,0,.8,140,87,984.1,,,10,,25.6
238,금산,2022-07-21 01:00,23.3,2.2,.8,110,93,984.4,,,10,,24.8
238,금산,2022-07-21 02:00,23.1,1.8,.8,160,98,983.5,,,10,,24.6
238,금산,2022-07-21 03:00,22.6,4.9,1.2,110,99,982.2,,,10,,24.3
238,금산,2022-07-21 04:00,22.6,0,1.6,140,95,981.1,,,10,,24.1
238,금산,2022-07-21 05:00,23,.7,1.9,140,94,980.6,,,9,,24
238,금산,2022-07-21 06:00,23.7,0,3.5,140,92,980.3,0,,9,,24.1
238,금산,2022-07-21 07:00,24.4,,2.9,160,89,979.8,0,,7,,25.1
238,금산,2022-07-21 08:00,25.4,,1.7,140,86,979.4,0,,7,,26.1
238,금산,2022-07-21 09:00,26.3,,2.3,160,79,979,.1,,9,,26.6
238,금산,2022-07-21 10:00,26,0,.4,0,80,979.3,0,,9,,27.1
238,금산,2022-07-21 11:00,25.6,.1,.6,90,87,979.4,0,,9,,28.9
238,금산,2022-07-21 12:00,25.2,.2,1.8,230,87,979.9,0,,9,,28
238,금산,2022-07-21 13:00,25.1,0,1.1,270,90,980,0,,9,,29.2
238,금산,2022-07-21 14:00,22.7,.7,3.8,290,90,981.6,0,,8,,26.1
238,금산,2022-07-21 15:00,22.5,,1.6,320,87,982.5,0,,9,,25
238,금산,2022-07-21 16:00,22.8,,1.4,290,84,982.8,0,,10,,25
238,금산,2022-07-21 17:00,23.4,,1.3,270,80,983,0,,10,,25
238,금산,2022-07-21 18:00,23,,1.2,270,82,983.3,0,,6,,24.3
238,금산,2022-07-21 19:00,22.8,0,1.8,270,82,983.4,0,,6,,24.1
238,금산,2022-07-21 20:00,22.3,,1,270,86,983.9,0,,10,,23.2
238,금산,2022-07-21 21:00,22.8,,.2,0,83,984.7,,,10,,23.3
238,금산,2022-07-21 22:00,22.9,,.9,250,84,985.4,,,10,,23.4
238,금산,2022-07-21 23:00,22.7,,1.1,270,84,985.5,,,10,,23.2
238,금산,2022-07-22 00:00,22.6,,1.1,290,83,985.6,,,9,,22.9
238,금산,2022-07-22 01:00,22.5,,1.7,270,83,985.7,,,9,,22.8
238,금산,2022-07-22 02:00,22.3,,1,270,85,985.7,,,9,,22.8
238,금산,2022-07-22 03:00,22.2,,.5,270,85,985.9,,,8,,22.5
238,금산,2022-07-22 04:00,21.8,,.1,0,86,986.2,,,7,,22.1
238,금산,2022-07-22 05:00,21.7,,.3,0,87,986.1,,,8,,22.2
238,금산,2022-07-22 06:00,20.8,,.1,0,90,986.5,0,,6,,21.5
238,금산,2022-07-22 07:00,21.4,,.4,0,89,987,0,,7,,22.7
238,금산,2022-07-22 08:00,23.3,,.2,0,77,987,.3,,7,,24.7
238,금산,2022-07-22 09:00,24.1,,1.1,250,77,986.9,.4,,8,,26.5
238,금산,2022-07-22 10:00,25.1,,1.1,290,71,986.6,.3,,6,,28.4
238,금산,2022-07-22 11:00,26.9,,1.9,320,62,986.5,.5,,6,,34.4
238,금산,2022-07-22 12:00,27,,1.8,270,61,986.3,.5,,7,,36.1
238,금산,2022-07-22 13:00,27.6,,1.8,320,59,985.7,.8,,7,,38.2
238,금산,2022-07-22 14:00,27.9,,2.3,250,60,985.6,.6,,7,,38.2
238,금산,2022-07-22 15:00,28.6,,2,270,60,985.2,.9,,7,,40
238,금산,2022-07-22 16:00,28.1,,2.7,230,60,985.4,1,,7,,39.4
238,금산,2022-07-22 17:00,27.4,,1.8,270,63,985.7,.9,,8,,36.6
238,금산,2022-07-22 18:00,27.3,,1.6,250,65,985.5,.8,,6,,32.9
238,금산,2022-07-22 19:00,25.2,,1.3,290,71,985.8,.6,,4,,27.3
238,금산,2022-07-22 20:00,23.8,,.8,320,78,986.2,0,,4,,25.1
238,금산,2022-07-22 21:00,22.3,,1,270,86,986.8,,,7,,24.2
238,금산,2022-07-22 22:00,22.7,,.4,0,84,987,,,6,,23.7
238,금산,2022-07-22 23:00,21.5,,.5,250,92,987.2,,,7,,22.9
238,금산,2022-07-23 00:00,20.8,,.2,0,94,987,,,6,,22.3
238,금산,2022-07-23 01:00,20.2,,0,0,96,987.1,,,6,,21.9
238,금산,2022-07-23 02:00,19.9,,.1,0,97,987.2,,,7,,21.6
238,금산,2022-07-23 03:00,19.8,,0,0,98,987,,,5,,21.5
238,금산,2022-07-23 04:00,19.7,,.2,0,98,986.9,,,1,,21.6
238,금산,2022-07-23 05:00,19.9,,1,180,100,986.6,,,5,,22.2
238,금산,2022-07-23 06:00,20,,1.2,140,100,986.7,0,,3,,22.4
238,금산,2022-07-23 07:00,20.3,,.7,160,98,987,0,,3,,23.4
238,금산,2022-07-23 08:00,20.9,,.5,200,96,987.2,0,,6,,24.8
238,금산,2022-07-23 09:00,23,,.6,20,85,986.8,.4,,5,,26.4
238,금산,2022-07-23 10:00,25.4,,1.2,140,73,986.4,.4,,9,,30.2
238,금산,2022-07-23 11:00,26.5,,.4,0,69,986.7,.1,,9,,32.2
238,금산,2022-07-23 12:00,26.5,,1.2,290,71,986.5,0,,10,,31
238,금산,2022-07-23 13:00,27.2,,3.3,180,61,986.1,0,,10,,32.5
238,금산,2022-07-23 14:00,27,0,2.2,180,61,985.8,.1,,10,,31.8
238,금산,2022-07-23 15:00,26.8,0,2.1,200,65,985.1,0,,10,,30.2
238,금산,2022-07-23 16:00,26.4,,2,180,66,984.9,0,,10,,29.4
238,금산,2022-07-23 17:00,26.5,0,1.6,140,69,984.1,0,,10,,28.9
238,금산,2022-07-23 18:00,25.7,0,1.5,140,76,983.3,0,,10,,27
238,금산,2022-07-23 19:00,25.1,0,.9,200,81,983.4,0,,10,,25.9
238,금산,2022-07-23 20:00,24,.2,1.3,140,91,982.9,0,,10,,25.1
238,금산,2022-07-23 21:00,23.7,0,1.2,140,88,983.2,,,10,,24.7
238,금산,2022-07-23 22:00,23.9,,1.4,140,82,982.4,,,10,,24.2
238,금산,2022-07-23 23:00,23.6,0,1,140,81,982.1,,,10,,24
238,금산,2022-07-24 00:00,22.1,3.2,.5,160,95,982.5,,,10,,23.5
238,금산,2022-07-24 01:00,22,1.7,.4,0,98,982.3,,,6,,23.5
238,금산,2022-07-24 02:00,21.8,.8,1.2,110,99,982.1,,,6,,23.4
238,금산,2022-07-24 03:00,21.7,.4,1.8,110,98,981.6,,,5,,23.2
238,금산,2022-07-24 04:00,21.6,.1,.7,90,97,981.5,,,5,,23.1
238,금산,2022-07-24 05:00,21.3,,.3,0,97,981.4,,,9,,22.2
238,금산,2022-07-24 06:00,21,,.4,0,99,981.5,0,,9,,22.6
238,금산,2022-07-24 07:00,21.9,,.5,160,98,981.5,0,,1,,24
238,금산,2022-07-24 08:00,22.3,,.1,0,95,982,0,,9,,24.5
238,금산,2022-07-24 09:00,22.9,,.3,0,92,982,0,,9,,25.4
238,금산,2022-07-24 10:00,23.5,,.5,110,91,982.3,0,,0,,26.7
238,금산,2022-07-24 11:00,24.2,0,.6,110,92,982.4,0,,1,,28.7
238,금산,2022-07-24 12:00,26.2,0,.5,340,83,982.4,0,,9,,31.5
238,금산,2022-07-24 13:00,26.5,,1.6,230,73,982.1,.1,,9,,32
238,금산,2022-07-24 14:00,26.9,,.8,230,75,982.2,.1,,0,,35.1
238,금산,2022-07-24 15:00,26.1,,2.1,160,85,982.2,0,,2,,33
238,금산,2022-07-24 16:00,26.3,,1.3,200,80,982.5,0,,9,,32.4
238,금산,2022-07-24 17:00,25.9,,.8,340,82,982.8,0,,7,,29.7
238,금산,2022-07-24 18:00,24.8,0,.7,290,89,983,0,,3,,27.5
238,금산,2022-07-24 19:00,24.7,0,.1,0,92,983.5,0,,0,,26.6
238,금산,2022-07-24 20:00,24.5,0,.6,290,93,984.1,0,,2,,25.8
238,금산,2022-07-24 21:00,24.5,,.6,230,89,984.8,,,4,,25.3
238,금산,2022-07-24 22:00,24.3,,1.3,270,89,985.6,,,7,,25
238,금산,2022-07-24 23:00,24.1,,1.1,270,89,986.1,,,7,,24.8
238,금산,2022-07-25 00:00,24,,1.1,270,88,986.3,,,8,,24.6
238,금산,2022-07-25 01:00,24,,.5,270,88,986.6,,,9,,24.4
238,금산,2022-07-25 02:00,23.7,,.9,290,91,986.9,,,9,,24.2
238,금산,2022-07-25 03:00,23.7,,1.1,320,89,986.9,,,10,,24.1
238,금산,2022-07-25 04:00,23.5,,.1,0,91,987.4,,,9,,24.1
238,금산,2022-07-25 05:00,23.5,,.4,0,91,988,,,9,,24
238,금산,2022-07-25 06:00,23.2,,.4,0,94,988.5,0,,10,,24.1
238,금산,2022-07-25 07:00,23.5,,.4,0,93,988.6,0,,3,,24.9
238,금산,2022-07-25 08:00,24.4,,.2,0,87,989.3,0,,10,,26.1
238,금산,2022-07-25 09:00,26.1,,1,320,76,989.5,.6,,5,,28.7
238,금산,2022-07-25 10:00,26,,.8,320,79,989.8,.2,,10,,28.8
238,금산,2022-07-25 11:00,27.6,,1,340,68,990,.4,,6,,34.4
238,금산,2022-07-25 12:00,29.1,,1.1,270,64,989.7,1,,2,,39.6
238,금산,2022-07-25 13:00,29.8,,1.5,320,58,989.1,.9,,0,,42.2
238,금산,2022-07-25 14:00,29.7,,1.6,340,59,989,.8,,7,,39.1
238,금산,2022-07-25 15:00,30.5,,1.7,290,57,988.7,.9,,3,,38.4
238,금산,2022-07-25 16:00,30.5,,2.4,320,55,988.6,.8,,1,,38.8
238,금산,2022-07-25 17:00,30.5,,1.7,320,57,988.5,1,,1,,38
238,금산,2022-07-25 18:00,29.7,,1.6,290,61,988.3,1,,1,,33.5
238,금산,2022-07-25 19:00,28.4,,.9,270,67,988.3,1,,0,,28.8
238,금산,2022-07-25 20:00,25.3,,1,290,83,988.6,.3,,0,,26.6
238,금산,2022-07-25 21:00,24.3,,.2,0,87,989.2,,,0,,25.4
238,금산,2022-07-25 22:00,23.4,,.7,270,92,989.7,,,0,,24.6
238,금산,2022-07-25 23:00,23,,.2,0,95,989.9,,,0,,24
238,금산,2022-07-26 00:00,22.5,,.2,0,96,990.2,,,0,,23.5
238,금산,2022-07-26 01:00,22.1,,.1,0,97,990.5,,,0,,23.2
238,금산,2022-07-26 02:00,22.1,,.2,0,98,990.4,,,3,,22.9
238,금산,2022-07-26 03:00,21.8,,.5,140,97,990.1,,,0,,22.8
238,금산,2022-07-26 04:00,21.7,,0,0,99,989.8,,,1,,23.3
238,금산,2022-07-26 05:00,21.5,,0,0,100,990.3,,,1,,23.6
238,금산,2022-07-26 06:00,21.5,,.7,140,100,990.6,,,1,,23.8
238,금산,2022-07-26 07:00,21.6,,1.2,90,100,990.8,0,,2,,24.7
238,금산,2022-07-26 08:00,23.4,,.5,110,95,990.8,.1,,1,,26.7
238,금산,2022-07-26 09:00,25.3,,.6,270,83,990.7,1,,3,,27.2
238,금산,2022-07-26 10:00,27.9,,.3,0,71,990.3,1,,0,,31.8
238,금산,2022-07-26 11:00,30.2,,1.1,70,64,990.1,1,,2,,37
238,금산,2022-07-26 12:00,31.5,,1.3,70,54,989.5,1,,2,,40.1
238,금산,2022-07-26 13:00,32.5,,2,200,51,989,.9,,5,,42.9
238,금산,2022-07-26 14:00,32.6,,.8,70,51,988.6,.9,,0,,43.9
238,금산,2022-07-26 15:00,31.4,,1.2,360,55,988.3,.2,,7,,34.1
238,금산,2022-07-26 16:00,32.6,,1.3,20,53,988,.6,,1,,39.2
238,금산,2022-07-26 17:00,32.5,,1.6,90,50,988.1,.3,,3,,36
238,금산,2022-07-26 18:00,31.2,,.8,230,61,988,.8,,3,,33.6
238,금산,2022-07-26 19:00,28.7,,.7,270,70,988.4,.5,,2,,29.2
238,금산,2022-07-26 20:00,27.1,,.5,290,82,988.6,0,,2,,27.3
238,금산,2022-07-26 21:00,25.7,,.6,270,86,989.2,,,3,,26.1
238,금산,2022-07-26 22:00,25.2,,.1,0,90,989.9,,,4,,25.4
238,금산,2022-07-26 23:00,24.9,,.3,0,94,990.4,,,7,,25.3
238,금산,2022-07-27 00:00,24.4,,1,180,91,990.2,,,7,,24.9
238,금산,2022-07-27 01:00,24.1,,.2,0,95,989.9,,,5,,24.9
238,금산,2022-07-27 02:00,24.3,,.7,110,88,989.9,,,4,,24.8
238,금산,2022-07-27 03:00,23.7,,.9,110,97,989.5,,,6,,24.7
238,금산,2022-07-27 04:00,23.9,,.4,0,91,989.5,,,5,,24.7
238,금산,2022-07-27 05:00,23.4,,1,140,88,989.7,,,3,,23.6
238,금산,2022-07-27 06:00,23.3,,.9,160,90,990.1,0,,6,,24.1
238,금산,2022-07-27 07:00,23.6,,1,160,86,990.2,.5,,6,,24.7
238,금산,2022-07-27 08:00,24.6,,.9,90,79,990.7,1,,6,,25.5
238,금산,2022-07-27 09:00,25.4,,2,110,72,990.7,1,,8,,27.9
238,금산,2022-07-27 10:00,26.4,,2.1,90,68,990.6,.8,,,,30.7
238,금산,2022-07-27 11:00,27.6,,1.9,90,63,990.7,1,,7,,36.1
238,금산,2022-07-27 12:00,27.7,,1.2,20,63,990.3,.8,,8,,36.4
238,금산,2022-07-27 13:00,29.2,,2,90,59,989.8,.8,,7,,41.8
238,금산,2022-07-27 14:00,29.9,,1.7,90,56,989.6,.9,,6,,42.8
238,금산,2022-07-27 15:00,30.7,,2.1,70,53,989.2,.6,,3,,46
238,금산,2022-07-27 16:00,30.3,,2.1,140,51,989.1,.7,,4,,41.9
238,금산,2022-07-27 17:00,31.1,,1.5,90,52,988.8,.9,,3,,43.8
238,금산,2022-07-27 18:00,30.5,,2,110,52,988.7,1,,0,,36.7
238,금산,2022-07-27 19:00,28.7,,1.5,110,58,988.9,.4,,4,,29.7
238,금산,2022-07-27 20:00,25.4,,1.1,270,77,989.4,0,,4,,27.1
238,금산,2022-07-27 21:00,24.2,,.8,250,80,990,,,3,,25.5
238,금산,2022-07-27 22:00,23.3,,.2,0,83,990.7,,,4,,24.5
238,금산,2022-07-27 23:00,22.6,,.3,0,88,990.9,,,3,,23.7
238,금산,2022-07-28 00:00,22.2,,.3,0,91,991.1,,,2,,23.2
238,금산,2022-07-28 01:00,22.1,,.1,0,91,990.9,,,3,,22.6
238,금산,2022-07-28 02:00,21.3,,.6,270,95,990.8,,,2,,22.2
238,금산,2022-07-28 03:00,21,,.2,0,95,991,,,2,,21.8
238,금산,2022-07-28 04:00,20.4,,.3,0,97,991,,,3,,21.6
238,금산,2022-07-28 05:00,20.1,,.1,0,98,991,,,3,,21.3
238,금산,2022-07-28 06:00,19.9,,.1,0,98,991.2,0,,3,,21.3
238,금산,2022-07-28 07:00,21.1,,.3,0,96,991.4,.9,,0,,22.4
238,금산,2022-07-28 08:00,23.8,,1.2,160,82,991.6,1,,0,,24.2
238,금산,2022-07-28 09:00,26,,1.5,110,75,991.5,1,,0,,26.9
238,금산,2022-07-28 10:00,28,,2,140,69,991.2,1,,0,,33.6
238,금산,2022-07-28 11:00,29.8,,1.9,160,65,991.1,.9,,1,,40.1
238,금산,2022-07-28 12:00,30,,1.5,180,63,990.7,.7,,6,,38.6
238,금산,2022-07-28 13:00,31.4,,1.7,90,61,990.3,.6,,5,,46
238,금산,2022-07-28 14:00,32.4,,1.3,20,59,990,1,,7,,53.3
238,금산,2022-07-28 15:00,32.6,,1.4,90,53,989.8,.7,,6,,51.9
238,금산,2022-07-28 16:00,33.1,,2.8,200,50,989.8,.9,,5,,50.8
238,금산,2022-07-28 17:00,32.9,,2.6,180,50,989.7,1,,5,,48.1
238,금산,2022-07-28 18:00,31.6,,2.6,200,56,989.8,.7,,3,,37
238,금산,2022-07-28 19:00,29,,.9,270,71,990.5,0,,0,,31.5
238,금산,2022-07-28 20:00,27.7,,.8,270,78,990.8,0,,5,,29.4
238,금산,2022-07-28 21:00,26.7,,.5,230,83,991.5,,,3,,27.7
238,금산,2022-07-28 22:00,26.1,,.3,0,85,992.2,,,3,,26.6
238,금산,2022-07-28 23:00,24.9,,.6,250,91,992.5,,,1,,25.7
238,금산,2022-07-29 00:00,24.5,,0,0,91,992.7,,,2,,25
238,금산,2022-07-29 01:00,24.4,,.1,0,93,992.8,,,4,,24.9
238,금산,2022-07-29 02:00,23.9,,.3,0,94,992.7,,,4,,24.6
238,금산,2022-07-29 03:00,24.1,,.3,0,91,992.7,,,7,,24.3
238,금산,2022-07-29 04:00,23.4,,0,0,97,992.6,,,3,,23.8
238,금산,2022-07-29 05:00,23,,.1,0,96,993,,,3,,23.5
238,금산,2022-07-29 06:00,22.7,,.2,0,98,993.4,0,,5,,23.5
238,금산,2022-07-29 07:00,24.1,,.2,0,91,993.3,.6,,0,,24.6
238,금산,2022-07-29 08:00,26.4,,1,110,80,993.5,1,,0,,26.2
238,금산,2022-07-29 09:00,28.2,,1,160,73,993.4,1,,1,,28.9
238,금산,2022-07-29 10:00,29.7,,1.6,90,66,993.2,1,,3,,36.7
238,금산,2022-07-29 11:00,31.2,,1.5,140,61,992.8,1,,2,,46.2
238,금산,2022-07-29 12:00,32.5,,1.7,50,57,992.5,1,,5,,52.1
238,금산,2022-07-29 13:00,32.9,,1,160,54,992,.7,,6,,47.6
238,금산,2022-07-29 14:00,33.7,,1.7,90,53,991.5,.7,,7,,53.9
238,금산,2022-07-29 15:00,33.2,,2,50,58,990.9,.6,,7,,50.1
238,금산,2022-07-29 16:00,32.1,,2,90,56,990.4,.3,,6,,37.7
238,금산,2022-07-29 17:00,32.7,,2.1,90,56,990.3,.5,,6,,39.6
238,금산,2022-07-29 18:00,31.9,,1.7,90,60,990.1,.4,,7,,36.2
238,금산,2022-07-29 19:00,31.4,,1.6,90,62,990.3,.8,,8,,33
238,금산,2022-07-29 20:00,30.4,,1.4,110,67,990.8,0,,6,,29.9
238,금산,2022-07-29 21:00,27.8,,.6,200,79,991.4,,,2,,28.2
238,금산,2022-07-29 22:00,26.9,,.5,290,82,991.9,,,3,,27.1
238,금산,2022-07-29 23:00,25.9,,.9,270,85,991.8,,,4,,26.2
238,금산,2022-07-30 00:00,25.5,,.5,270,86,991.8,,,3,,25.5
238,금산,2022-07-30 01:00,24.9,,.9,270,88,991.5,,,3,,25.1
238,금산,2022-07-30 02:00,24.2,,.8,270,91,991.1,,,3,,24.5
238,금산,2022-07-30 03:00,24.1,,.7,270,90,991,,,3,,24.1
238,금산,2022-07-30 04:00,23.7,,.3,0,90,990.9,,,4,,23.7
238,금산,2022-07-30 05:00,23.3,,0,0,92,990.6,,,3,,23.2
238,금산,2022-07-30 06:00,23.3,,.5,250,91,990.8,0,,4,,23.4
238,금산,2022-07-30 07:00,25.7,,.9,160,79,990.5,1,,0,,24.7
238,금산,2022-07-30 08:00,26.3,,2.6,90,75,990.7,.7,,3,,26
238,금산,2022-07-30 09:00,28,,3.5,90,69,990.6,1,,4,,28.8
238,금산,2022-07-30 10:00,29.4,,3.1,90,65,990.7,1,,7,,38
238,금산,2022-07-30 11:00,28.9,,2.4,90,68,990.4,.5,,9,,36.1
238,금산,2022-07-30 12:00,29.8,,1.8,110,65,990,.1,,9,,37.5
238,금산,2022-07-30 13:00,28.9,0,2.9,140,68,989.8,0,,10,,33.6
238,금산,2022-07-30 14:00,28.7,0,2.7,110,70,989.5,0,,10,,32.6
238,금산,2022-07-30 15:00,27.9,0,2.1,110,77,989.3,0,,10,,31.4
238,금산,2022-07-30 16:00,27.2,.3,1.4,110,83,988.9,0,,10,,30.5
238,금산,2022-07-30 17:00,27.7,0,1.8,110,80,988.7,0,,9,,29.3
238,금산,2022-07-30 18:00,28,,1.6,90,77,988,0,,9,,29.1
238,금산,2022-07-30 19:00,27.8,,1.5,140,78,988.1,0,,9,,27.8
238,금산,2022-07-30 20:00,27.3,,1.8,90,79,988.2,0,,7,,26.2
238,금산,2022-07-30 21:00,27.1,,1.7,90,78,988.6,,,8,,25.8
238,금산,2022-07-30 22:00,26.9,,1,110,78,988.7,,,6,,25.2
238,금산,2022-07-30 23:00,26.7,,1.4,110,78,988.4,,,7,,25
238,금산,2022-07-31 00:00,26.6,,1.8,110,76,987.9,,,9,,24.9
238,금산,2022-07-31 01:00,26.5,,1.6,110,76,988,,,10,,25.2
238,금산,2022-07-31 02:00,25.6,.1,.5,110,83,987.9,,,10,,25
238,금산,2022-07-31 03:00,25,0,.9,140,87,987.4,,,10,,24.8
238,금산,2022-07-31 04:00,24.2,.6,.7,180,96,987.3,,,10,,24.9
238,금산,2022-07-31 05:00,24,2.3,.5,230,98,986.8,,,10,,24.7
238,금산,2022-07-31 06:00,24.2,0,.5,140,97,986.8,0,,10,,24.8
238,금산,2022-07-31 07:00,24.4,.5,.6,160,97,986.7,0,,10,,25.6
238,금산,2022-07-31 08:00,25.2,.3,.7,140,94,986.6,.1,,10,,27.5
238,금산,2022-07-31 09:00,25.2,.4,.6,160,94,986.7,0,,10,,27.4
238,금산,2022-07-31 10:00,25.6,.9,.1,0,94,986.5,0,,10,,28.2
238,금산,2022-07-31 11:00,26.6,.2,1.4,110,85,986.4,0,,10,,29.6
238,금산,2022-07-31 12:00,25.7,1.8,1.6,140,93,986.1,0,,10,,28.1
238,금산,2022-07-31 13:00,25.1,8,.6,180,98,986.1,0,,10,,27
238,금산,2022-07-31 14:00,25.4,1.7,.8,140,96,985.9,0,,10,,27.6
238,금산,2022-07-31 15:00,25.8,.8,1.1,140,95,985.2,0,,10,,28.6
238,금산,2022-07-31 16:00,25.9,.3,.8,160,94,985.6,0,,10,,28.3
238,금산,2022-07-31 17:00,25.8,.1,1.4,110,93,985.7,0,,10,,27.5
238,금산,2022-07-31 18:00,24.6,3.6,.8,110,97,985.3,0,,10,,26.7
238,금산,2022-07-31 19:00,24.6,.5,.6,230,98,985.2,0,,10,,26.3
238,금산,2022-07-31 20:00,24.7,,.3,0,98,985.1,0,,10,,25.8
238,금산,2022-07-31 21:00,24.3,,.2,0,98,985.5,,,10,,25.6
238,금산,2022-07-31 22:00,24.4,.1,.2,0,99,986.1,,,10,,25.5
238,금산,2022-07-31 23:00,24.2,.9,.5,250,100,986.1,,,10,,25.4
238,금산,2022-08-01 00:00,24.2,.7,.5,180,100,985.7,,,10,,25.2
238,금산,2022-08-01 01:00,24,.3,.1,0,100,985.7,,,10,,25.1
238,금산,2022-08-01 02:00,24,.9,.3,0,100,985.7,,,10,,25
238,금산,2022-08-01 03:00,24,.2,.8,140,100,985.4,,,10,,25.1
238,금산,2022-08-01 04:00,24.1,,.1,0,100,985.7,,,10,,25
238,금산,2022-08-01 05:00,24,,.1,0,99,986.1,,,10,,24.8
238,금산,2022-08-01 06:00,23.8,,.5,290,100,986.4,0,,10,,24.9
238,금산,2022-08-01 07:00,24.1,0,.7,160,100,986.7,0,,10,,25.3
238,금산,2022-08-01 08:00,24.4,1.4,.1,0,100,986.9,0,,8,,25.7
238,금산,2022-08-01 09:00,24.8,1,.9,200,99,986.9,0,,10,,26.5
238,금산,2022-08-01 10:00,27.4,0,.4,0,87,986.8,.5,,8,,30.5
238,금산,2022-08-01 11:00,28,,1.2,110,79,986.6,.5,,7,,31.7
238,금산,2022-08-01 12:00,29.1,,1.5,110,75,986.2,.1,,8,,31.2
238,금산,2022-08-01 13:00,30.3,,2.5,140,72,985.5,.2,,8,,35.3
238,금산,2022-08-01 14:00,28.9,,2.7,110,72,985.5,0,,10,,31.2
238,금산,2022-08-01 15:00,28.2,,2.7,110,74,985.3,0,,9,,30.4
238,금산,2022-08-01 16:00,27.6,,2.4,110,78,984.6,0,,8,,29.2
238,금산,2022-08-01 17:00,27.9,,3,90,76,984.2,0,,8,,29
238,금산,2022-08-01 18:00,28.1,,3.6,110,75,983.8,0,,7,,28.5
238,금산,2022-08-01 19:00,28.2,,1.7,140,76,984.3,0,,9,,27.8
238,금산,2022-08-01 20:00,27.3,0,.6,160,81,984.9,0,,6,,26.9
238,금산,2022-08-01 21:00,25.8,.2,.5,140,94,985.9,,,2,,26.6
238,금산,2022-08-01 22:00,25.2,2.3,.3,0,99,986.7,,,5,,26.2
238,금산,2022-08-01 23:00,25.5,.2,.8,160,98,987.2,,,5,,26.2
238,금산,2022-08-02 00:00,25.5,0,1.9,140,92,987.1,,,8,,25.6
238,금산,2022-08-02 01:00,25.6,,1.5,110,89,987.4,,,9,,25.5
238,금산,2022-08-02 02:00,25.4,,1.2,180,90,988,,,8,,25.4
238,금산,2022-08-02 03:00,25.7,,1.2,110,88,987.8,,,9,,25.4
238,금산,2022-08-02 04:00,25.6,,1.2,140,89,988.2,,,10,,25.3
238,금산,2022-08-02 05:00,24.8,0,.4,0,97,988.6,,,10,,25.3
238,금산,2022-08-02 06:00,24.6,1.4,.4,0,99,989.2,0,,10,,25.3
238,금산,2022-08-02 07:00,24.9,1.6,.2,0,98,989.5,0,,10,,25.5
238,금산,2022-08-02 08:00,25.3,.5,1.5,140,96,989.6,0,,9,,27
238,금산,2022-08-02 09:00,26.6,,1.2,140,91,989.9,0,,9,,28.3
238,금산,2022-08-02 10:00,26.7,.7,1.3,200,87,990.4,0,,9,,29.3
238,금산,2022-08-02 11:00,29.6,0,1.3,230,71,990.1,.6,,8,,35.4
238,금산,2022-08-02 12:00,28.2,,.9,270,78,990,.3,,10,,32.2
238,금산,2022-08-02 13:00,29,0,1.9,200,75,989.6,.3,,9,,32.5
238,금산,2022-08-02 14:00,29,0,2.2,180,77,989.4,.3,,8,,32.3
238,금산,2022-08-02 15:00,29.1,.2,2.5,230,74,989.4,.2,,8,,32.9
238,금산,2022-08-02 16:00,28.5,.3,1.9,250,77,989.7,.1,,8,,31
238,금산,2022-08-02 17:00,28.4,0,1.1,230,77,989.7,.3,,6,,30.9
238,금산,2022-08-02 18:00,28.5,0,1.4,250,77,989.9,.3,,8,,31.2
238,금산,2022-08-02 19:00,27.6,,.4,0,81,990.4,.1,,5,,28.6
238,금산,2022-08-02 20:00,26,.2,.5,270,93,990.7,0,,10,,27.2
238,금산,2022-08-02 21:00,25.9,0,.4,0,95,991,,,10,,26.8
238,금산,2022-08-02 22:00,25.7,,.1,0,94,991.6,,,5,,26.4
238,금산,2022-08-02 23:00,25.5,,0,0,96,991.6,,,4,,26.2
238,금산,2022-08-03 00:00,25,,.1,0,98,991.6,,,7,,25.3
238,금산,2022-08-03 01:00,24.8,,.2,0,96,991.6,,,4,,25
238,금산,2022-08-03 02:00,24.7,,.3,0,96,991.5,,,5,,25
238,금산,2022-08-03 03:00,24.1,,.1,0,99,991.6,,,3,,25
238,금산,2022-08-03 04:00,23.8,,.2,0,100,991.7,,,3,,24.5
238,금산,2022-08-03 05:00,23.8,,.2,0,100,991.5,,,3,,24.7
238,금산,2022-08-03 06:00,24.1,,.4,0,98,991.8,0,,3,,24.7
238,금산,2022-08-03 07:00,24.3,,0,0,98,992.1,0,,7,,25.9
238,금산,2022-08-03 08:00,25.8,,1.3,360,92,992.5,.2,,7,,27.4
238,금산,2022-08-03 09:00,28,,.6,90,79,992.2,.2,,5,,28.3
238,금산,2022-08-03 10:00,29,,2.5,250,70,992.2,.7,,6,,30.8
238,금산,2022-08-03 11:00,30.2,,1.5,270,68,991.8,.8,,7,,36.7
238,금산,2022-08-03 12:00,31.1,,2.4,250,63,991.4,.9,,7,,40.7
238,금산,2022-08-03 13:00,31.2,,3.5,230,66,990.9,.8,,7,,40.8
238,금산,2022-08-03 14:00,31.5,,2.6,250,62,990.4,.9,,6,,42.2
238,금산,2022-08-03 15:00,32.1,,2,250,62,989.9,.9,,4,,42.6
238,금산,2022-08-03 16:00,31.1,,1.7,250,66,990.1,.6,,3,,36.7
238,금산,2022-08-03 17:00,31.2,,2,270,66,989.9,.8,,3,,37.4
238,금산,2022-08-03 18:00,29.5,,1.4,290,71,989.7,.2,,1,,31.6
238,금산,2022-08-03 19:00,28.6,,.9,270,78,989.9,.2,,4,,29.4
238,금산,2022-08-03 20:00,27.2,,.6,250,85,990.2,0,,4,,27.6
238,금산,2022-08-03 21:00,26.4,,.5,320,88,990.6,,,4,,26.8
238,금산,2022-08-03 22:00,26.2,,.5,270,88,990.9,,,4,,26.3
238,금산,2022-08-03 23:00,25.6,,.5,270,90,991,,,4,,25.6
238,금산,2022-08-04 00:00,25,,.4,0,93,991,,,2,,25.2
238,금산,2022-08-04 01:00,25,,.4,0,93,990.9,,,5,,25.3
238,금산,2022-08-04 02:00,24.5,,0,0,96,990.8,,,2,,24.8
238,금산,2022-08-04 03:00,24.1,,.1,0,97,990.9,,,2,,24.4
238,금산,2022-08-04 04:00,24.6,,.1,0,96,991,,,5,,25.3
238,금산,2022-08-04 05:00,24.7,,.2,0,96,991.3,,,3,,25.3
238,금산,2022-08-04 06:00,24.6,,.3,0,97,991.5,0,,4,,25.2
238,금산,2022-08-04 07:00,25.2,0,.2,0,94,991.8,.1,,5,,26.5
238,금산,2022-08-04 08:00,25.6,,.7,90,92,991.9,0,,5,,27.6
238,금산,2022-08-04 09:00,26.9,,.5,110,85,991.6,.3,,6,,29.7
238,금산,2022-08-04 10:00,28.6,,.4,0,78,991.5,.3,,6,,33.5
238,금산,2022-08-04 11:00,29.5,,.9,270,74,991.3,.4,,7,,34.9
238,금산,2022-08-04 12:00,29.8,0,2.2,230,71,990.9,.3,,8,,36.1
238,금산,2022-08-04 13:00,29.5,0,1.4,250,75,990.2,.2,,7,,37.3
238,금산,2022-08-04 14:00,31.2,,2.7,230,67,989.7,1,,7,,42.3
238,금산,2022-08-04 15:00,31.5,,1.8,250,65,989.3,.9,,6,,43.6
238,금산,2022-08-04 16:00,31.8,,1.6,250,65,989.1,1,,5,,41.5
238,금산,2022-08-04 17:00,30.9,,1.7,270,67,989,1,,6,,38.2
238,금산,2022-08-04 18:00,29.9,,2.1,230,72,988.6,.8,,8,,33.7
238,금산,2022-08-04 19:00,28.9,,1,270,75,988.7,.5,,8,,30.2
238,금산,2022-08-04 20:00,27.9,,.6,270,80,989,0,,6,,28.1
238,금산,2022-08-04 21:00,26.1,,.4,0,90,989.3,,,2,,26.9
238,금산,2022-08-04 22:00,25.9,,.6,270,90,989.4,,,0,,26.2
238,금산,2022-08-04 23:00,25.5,,.5,230,92,989.2,,,3,,25.8
238,금산,2022-08-05 00:00,25.2,,.4,0,94,989.1,,,4,,25.8
238,금산,2022-08-05 01:00,24.9,,.5,290,96,988.9,,,5,,25.6
238,금산,2022-08-05 02:00,24.6,,.4,0,97,988.7,,,4,,25.1
238,금산,2022-08-05 03:00,24.3,,.2,0,98,988.6,,,5,,24.6
238,금산,2022-08-05 04:00,24.1,,.5,230,98,989,,,3,,24.6
238,금산,2022-08-05 05:00,24.3,,.5,180,97,988.8,,,4,,25
238,금산,2022-08-05 06:00,24.3,,.2,0,96,988.7,0,,5,,25.1
238,금산,2022-08-05 07:00,24.2,5.5,.5,230,100,988.8,.1,,5,,24.9
238,금산,2022-08-05 08:00,25.1,.8,.2,0,98,988.7,0,,6,,27.7
238,금산,2022-08-05 09:00,25.6,0,.8,160,95,988.4,0,,9,,28.7
238,금산,2022-08-05 10:00,25.8,1.2,.9,140,95,988.4,0,,9,,28.8
238,금산,2022-08-05 11:00,27.7,.2,.5,320,85,987.9,.3,,8,,33.2
238,금산,2022-08-05 12:00,29.9,,1.3,230,72,987.2,.4,,9,,37.7
238,금산,2022-08-05 13:00,29.7,,2.9,230,72,987,.4,,8,,35.6
238,금산,2022-08-05 14:00,30.1,,2.3,270,72,986.5,.6,,8,,36.1
238,금산,2022-08-05 15:00,30.5,,1.9,250,69,985.7,.5,,7,,35.9
238,금산,2022-08-05 16:00,31.1,,1.5,270,67,985.3,.8,,4,,37.8
238,금산,2022-08-05 17:00,30.8,,1.8,250,68,985.1,1,,5,,37.3
238,금산,2022-08-05 18:00,29.7,,1.4,270,74,985.1,.8,,2,,32.1
238,금산,2022-08-05 19:00,29.2,,1.2,290,77,985.5,.2,,3,,29.9
238,금산,2022-08-05 20:00,27.7,,.7,290,83,986.1,0,,2,,27.8
238,금산,2022-08-05 21:00,27.3,,0,0,88,986.3,,,2,,27.3
238,금산,2022-08-05 22:00,26.7,,.9,320,90,986.4,,,3,,26.6
238,금산,2022-08-05 23:00,26.4,,.1,0,91,986.5,,,4,,26.1
238,금산,2022-08-06 00:00,26.1,,.1,0,93,986.9,,,2,,26
238,금산,2022-08-06 01:00,25.5,,0,0,96,986.9,,,3,,25.3
238,금산,2022-08-06 02:00,25.4,,0,0,96,986.8,,,5,,25.3
238,금산,2022-08-06 03:00,24.9,,0,0,98,986.7,,,5,,24.9
238,금산,2022-08-06 04:00,24.6,,.2,0,97,986.5,,,3,,24.7
238,금산,2022-08-06 05:00,24.3,,.5,320,98,986.8,,,4,,24.5
238,금산,2022-08-06 06:00,24.2,,.1,0,99,987.4,0,,6,,24.4
238,금산,2022-08-06 07:00,24.3,,.5,230,99,987.7,0,,8,,25.8
238,금산,2022-08-06 08:00,26,,.3,0,92,987.4,.1,,6,,27.4
238,금산,2022-08-06 09:00,27.6,,.3,0,80,987.6,.7,,7,,29.6
238,금산,2022-08-06 10:00,29.4,,.8,250,72,987.3,.9,,7,,34.3
238,금산,2022-08-06 11:00,30.7,,1.5,230,67,987,.9,,6,,37.4
238,금산,2022-08-06 12:00,31.5,,2.1,230,62,986.9,.8,,6,,40.5
238,금산,2022-08-06 13:00,32.4,,1.7,250,59,986.9,.7,,7,,41.6
238,금산,2022-08-06 14:00,32,,1.8,230,60,986.3,.7,,6,,40.4
238,금산,2022-08-06 15:00,32.8,,1.1,250,58,986,1,,2,,44
238,금산,2022-08-06 16:00,33,,1.9,290,61,985.8,1,,2,,41.6
238,금산,2022-08-06 17:00,32.4,,1.7,270,61,985.8,1,,1,,39.7
238,금산,2022-08-06 18:00,31.8,,1.4,230,65,985.3,1,,0,,33.9
238,금산,2022-08-06 19:00,30.1,,.8,270,74,985.6,.8,,0,,30.6
238,금산,2022-08-06 20:00,28.1,,.5,270,85,985.8,0,,4,,28.5
238,금산,2022-08-06 21:00,27.4,,.7,250,87,986.9,,,2,,27.5
238,금산,2022-08-06 22:00,26.7,,.5,250,91,987.4,,,2,,27.1
238,금산,2022-08-06 23:00,26.7,,.3,0,91,987.6,,,6,,26.8
238,금산,2022-08-07 00:00,26.4,,0,0,92,988,,,5,,26.4
238,금산,2022-08-07 01:00,26,,.3,0,94,988,,,3,,26.3
238,금산,2022-08-07 02:00,25.6,,.3,0,96,987.9,,,8,,26.1
238,금산,2022-08-07 03:00,25.6,,.3,0,96,987.7,,,7,,25.8
238,금산,2022-08-07 04:00,25.1,,.4,0,98,987.5,,,5,,25.6
238,금산,2022-08-07 05:00,25.1,,0,0,98,987.7,,,4,,25.6
238,금산,2022-08-07 06:00,24.9,,.1,0,99,988.1,0,,6,,25.5
238,금산,2022-08-07 07:00,25.6,,0,0,97,988.4,0,,0,,26.7
238,금산,2022-08-07 08:00,27.1,,.5,140,89,988,.5,,,,28.2
238,금산,2022-08-07 09:00,29.6,,.9,230,74,987.9,1,,3,,29.8
238,금산,2022-08-07 10:00,29.7,,.3,0,75,987.8,.5,,4,,31.6
238,금산,2022-08-07 11:00,30.6,,1.7,180,70,987.4,.8,,7,,36.3
238,금산,2022-08-07 12:00,31.4,,1.3,290,68,987.3,.5,,8,,34.9
238,금산,2022-08-07 13:00,32.2,,2,290,66,986.9,.9,,8,,39.8
238,금산,2022-08-07 14:00,32.7,,2.4,250,62,986.6,.6,,9,,40.6
238,금산,2022-08-07 15:00,33,,2,230,62,986.6,1,,8,,44.5
238,금산,2022-08-07 16:00,32.9,,2,290,63,986.6,1,,8,,45.7
238,금산,2022-08-07 17:00,31.7,,1.6,250,69,986.5,.4,,8,,36.5
238,금산,2022-08-07 18:00,26.2,.3,1.9,360,81,986.7,0,,9,,29.8
238,금산,2022-08-07 19:00,25.9,0,.8,140,84,987.2,0,,9,,28.6
238,금산,2022-08-07 20:00,25.4,,.7,180,90,987.4,0,,10,,27.2
238,금산,2022-08-07 21:00,25,,.1,0,92,987.8,,,9,,26.5
238,금산,2022-08-07 22:00,24.5,,.2,0,95,988,,,9,,25.9
238,금산,2022-08-07 23:00,24.4,,.4,0,96,988,,,5,,25.3
238,금산,2022-08-08 00:00,24.1,,.5,230,98,988.2,,,7,,25.1
238,금산,2022-08-08 01:00,24.8,,.4,0,95,988.1,,,9,,25.2
238,금산,2022-08-08 02:00,25.4,,.5,110,92,987.5,,,10,,25.3
238,금산,2022-08-08 03:00,26.1,,1.1,90,86,987.4,,,8,,25.5
238,금산,2022-08-08 04:00,26.8,,.9,140,79,987.6,,,10,,25.3
238,금산,2022-08-08 05:00,27.5,,2.7,230,72,987.8,,,10,,25
238,금산,2022-08-08 06:00,27.5,,1.8,200,71,988.5,0,,10,,24.9
238,금산,2022-08-08 07:00,27.6,,1.2,230,70,988.6,0,,10,,25.5
238,금산,2022-08-08 08:00,27.4,,1.5,140,75,988.7,0,,10,,27
238,금산,2022-08-08 09:00,27.9,,1.1,200,69,988.9,0,,10,,28.1
238,금산,2022-08-08 10:00,28.3,,2.6,180,68,988.6,0,,10,,30.1
238,금산,2022-08-08 11:00,29.1,,2.7,200,66,988.8,0,,10,,32.3
238,금산,2022-08-08 12:00,30.9,,2.5,200,60,988.3,.8,,10,,42.8
238,금산,2022-08-08 13:00,30.4,,3.4,230,61,988.3,.4,,10,,38
238,금산,2022-08-08 14:00,30.2,,2.7,230,64,988,0,,10,,35.3
238,금산,2022-08-08 15:00,29.7,,2.9,230,66,987.9,0,,10,,33.5
238,금산,2022-08-08 16:00,29.5,,1.9,200,66,987.8,0,,10,,31.8
238,금산,2022-08-08 17:00,29.4,,1.6,230,67,987.8,0,,10,,31.1
238,금산,2022-08-08 18:00,28.9,,.9,230,69,987.3,0,,10,,29.9
238,금산,2022-08-08 19:00,28.7,,1.8,200,68,987.5,0,,9,,27.9
238,금산,2022-08-08 20:00,28.3,,1.4,250,69,988.3,0,,10,,26.8
238,금산,2022-08-08 21:00,27.7,,.5,160,75,988.7,,,10,,26.6
238,금산,2022-08-08 22:00,27.9,,1.5,160,71,988.7,,,10,,26.2
238,금산,2022-08-08 23:00,27.7,,2,180,71,988.2,,,10,,25.7
238,금산,2022-08-09 00:00,27.5,,1.1,230,72,988.4,,,9,,25.5
238,금산,2022-08-09 01:00,27.7,,2,200,70,988.6,,,10,,25.4
238,금산,2022-08-09 02:00,27.6,,1.4,160,68,988.5,,,10,,25.3
238,금산,2022-08-09 03:00,27.1,0,1.7,230,70,988.3,,,10,,25.1
238,금산,2022-08-09 04:00,26.7,0,1.9,250,74,988.9,,,10,,24.7
238,금산,2022-08-09 05:00,26.1,.1,2.3,200,78,988.8,,,10,,24.5
238,금산,2022-08-09 06:00,25.1,.2,.8,20,87,989,0,,10,,24.8
238,금산,2022-08-09 07:00,24.7,0,1.2,90,90,989,0,,10,,25
238,금산,2022-08-09 08:00,25.6,.1,.4,0,86,989,0,,10,,27
238,금산,2022-08-09 09:00,28.5,,3.1,230,69,988.8,.8,,9,,29.8
238,금산,2022-08-09 10:00,28.6,,2.7,200,69,989,.2,,10,,31.1
238,금산,2022-08-09 11:00,29.5,,2.6,230,64,988.8,0,,10,,34.7
238,금산,2022-08-09 12:00,29.8,,1.4,250,65,988.5,.2,,10,,36
238,금산,2022-08-09 13:00,30.4,,1.7,230,65,987.9,.1,,10,,37.1
238,금산,2022-08-09 14:00,29.8,,2,230,66,987.3,0,,10,,34.1
238,금산,2022-08-09 15:00,29.4,,1.6,270,68,986.9,0,,10,,32.4
238,금산,2022-08-09 16:00,29.3,,1.4,270,69,986.8,0,,10,,32.3
238,금산,2022-08-09 17:00,29.4,,1.8,270,67,986.6,.1,,9,,32.6
238,금산,2022-08-09 18:00,29,,1.8,250,68,986.6,0,,10,,29.8
238,금산,2022-08-09 19:00,28.6,,1.6,250,69,986.9,0,,10,,27.8
238,금산,2022-08-09 20:00,28.3,,1.5,200,67,987,0,,10,,26.6
238,금산,2022-08-09 21:00,28,,.8,180,68,987.4,,,9,,26
238,금산,2022-08-09 22:00,27.4,,1.9,250,70,987.4,,,10,,25.6
238,금산,2022-08-09 23:00,27.6,,3.2,230,70,987.3,,,10,,25.5
238,금산,2022-08-10 00:00,27.7,,3.1,180,70,986.9,,,10,,25.4
238,금산,2022-08-10 01:00,27.9,,3.2,200,68,986.5,,,10,,25.3
238,금산,2022-08-10 02:00,27.8,,3.4,200,68,986.2,,,10,,25.2
238,금산,2022-08-10 03:00,27.8,,2.7,200,68,986.1,,,10,,25.2
238,금산,2022-08-10 04:00,27.8,,4.5,200,68,985.8,,,10,,25.1
238,금산,2022-08-10 05:00,26.6,.1,2.6,230,75,986.1,,,10,,24.6
238,금산,2022-08-10 06:00,26.7,.2,3.4,180,76,986.2,0,,10,,24.6
238,금산,2022-08-10 07:00,25.9,.7,2.9,200,81,986.4,0,,10,,24.8
238,금산,2022-08-10 08:00,26.5,.3,2.6,200,78,986.7,0,,10,,25.7
238,금산,2022-08-10 09:00,25.5,.8,1.4,180,86,987.4,0,,10,,25.2
238,금산,2022-08-10 10:00,26.4,1,2.1,230,82,987.5,0,,10,,27.3
238,금산,2022-08-10 11:00,25.4,2.2,.7,50,94,987.9,0,,10,,27.8
238,금산,2022-08-10 12:00,25.8,4.5,.9,160,92,987.4,0,,10,,28.8
238,금산,2022-08-10 13:00,27,0,1.2,200,82,987,0,,10,,29.1
238,금산,2022-08-10 14:00,26.8,.5,.2,0,85,986.9,0,,10,,29.9
238,금산,2022-08-10 15:00,26.3,.1,1.4,140,90,986.6,0,,10,,29.2
238,금산,2022-08-10 16:00,26.4,.3,.9,110,93,986.7,0,,10,,29
238,금산,2022-08-10 17:00,26.6,.2,1.1,110,93,986.4,0,,10,,28.8
238,금산,2022-08-10 18:00,26.4,.3,1.1,90,92,986.1,0,,10,,27.8
238,금산,2022-08-10 19:00,26.1,0,1.1,110,93,986,0,,10,,26.8
238,금산,2022-08-10 20:00,25.5,.8,0,0,98,986.5,0,,10,,26.2
238,금산,2022-08-10 21:00,25.3,3.7,0,0,99,987.4,,,10,,25.9
238,금산,2022-08-10 22:00,24.6,10.7,3.8,270,97,988.2,,,10,,25
238,금산,2022-08-10 23:00,23.9,3.5,.9,70,93,987.9,,,10,,24.8
238,금산,2022-08-11 00:00,23.9,.5,.5,340,98,987,,,10,,24.7
238,금산,2022-08-11 01:00,24,0,.6,340,98,986.8,,,8,,24.7
238,금산,2022-08-11 02:00,24.4,,1.4,90,96,986.3,,,9,,24.7
238,금산,2022-08-11 03:00,26,,2.2,230,79,985.9,,,10,,24.4
238,금산,2022-08-11 04:00,26.3,,2.6,180,77,985.4,,,10,,24.3
238,금산,2022-08-11 05:00,26.6,,2,230,74,985.4,,,10,,24.3
238,금산,2022-08-11 06:00,26.4,0,3.2,200,75,985,0,,10,,24.3
238,금산,2022-08-11 07:00,26.4,,1.9,180,76,985.1,0,,10,,24.7
238,금산,2022-08-11 08:00,25.6,.2,1.3,200,82,985.5,0,,10,,24.7
238,금산,2022-08-11 09:00,24.1,3.6,.4,0,94,985.7,0,,10,,24.4
238,금산,2022-08-11 10:00,23.9,6.4,2.8,160,93,986.2,0,,10,,24.2
238,금산,2022-08-11 11:00,23.9,8.3,.2,0,95,986.8,0,,10,,24.2
238,금산,2022-08-11 12:00,24.1,10.8,1.2,250,95,986.4,0,,10,,25
238,금산,2022-08-11 13:00,24.5,3.4,1.3,230,92,986.2,0,,10,,25.8
238,금산,2022-08-11 14:00,24.3,3.3,.5,180,95,986.3,0,,10,,25.9
238,금산,2022-08-11 15:00,24,4.2,.9,110,98,985.9,0,,10,,25.8
238,금산,2022-08-11 16:00,24.7,2.2,.7,110,96,985.3,0,,10,,26.8
238,금산,2022-08-11 17:00,24.5,.5,.4,0,97,985.4,0,,10,,26.2
238,금산,2022-08-11 18:00,24.3,1.2,.6,90,98,984.9,0,,10,,25.8
238,금산,2022-08-11 19:00,24.3,0,.8,90,97,984.8,0,,10,,25.4
238,금산,2022-08-11 20:00,24.1,,.9,110,97,985.1,0,,10,,24.9
238,금산,2022-08-11 21:00,24.1,,.5,140,97,985.6,,,10,,24.8
238,금산,2022-08-11 22:00,24.2,0,.6,140,97,985.7,,,8,,24.7
238,금산,2022-08-11 23:00,23.8,0,.7,290,99,985.5,,,7,,24.6
238,금산,2022-08-12 00:00,23.7,1,.5,290,100,985.5,,,8,,24.5
238,금산,2022-08-12 01:00,23.7,2.3,.2,0,100,985.4,,,7,,24.5
238,금산,2022-08-12 02:00,24.1,.2,.6,230,100,985.2,,,10,,24.7
238,금산,2022-08-12 03:00,24.2,0,.5,140,100,985.8,,,8,,24.7
238,금산,2022-08-12 04:00,24.3,.2,.9,340,100,986.1,,,10,,24.7
238,금산,2022-08-12 05:00,24,.5,.2,0,100,986.2,,,8,,24.6
238,금산,2022-08-12 06:00,23.8,.1,.1,0,98,986.4,0,,8,,24.5
238,금산,2022-08-12 07:00,24.2,,.1,0,98,986.5,0,,7,,25.3
238,금산,2022-08-12 08:00,24.9,,.4,0,95,986.9,0,,1,,27.2
238,금산,2022-08-12 09:00,26.1,,.3,0,83,987.2,0,,2,,28.8
238,금산,2022-08-12 10:00,26.8,,.7,320,81,987.7,.1,,6,,30.2
238,금산,2022-08-12 11:00,28,,1.7,230,74,987.4,.7,,6,,34.5
238,금산,2022-08-12 12:00,29.7,,1.9,290,66,987.1,1,,6,,38.5
238,금산,2022-08-12 13:00,29.1,,2,320,68,987.1,.6,,6,,34.8
238,금산,2022-08-12 14:00,30.3,,1.9,340,64,986.4,.9,,1,,40
238,금산,2022-08-12 15:00,30.6,,1.3,340,63,985.8,1,,4,,39.2
238,금산,2022-08-12 16:00,30.7,,1.3,340,63,985.1,.8,,8,,35.8
238,금산,2022-08-12 17:00,30.3,,1.2,320,65,985.3,.8,,6,,34.7
238,금산,2022-08-12 18:00,29.4,,1.8,290,70,985.6,.8,,5,,30.2
238,금산,2022-08-12 19:00,27.8,,1.4,250,78,985.8,.8,,3,,28.3
238,금산,2022-08-12 20:00,26.6,,.7,290,86,986,0,,2,,26.7
238,금산,2022-08-12 21:00,25.6,,.3,0,91,986.6,,,4,,25.8
238,금산,2022-08-12 22:00,24.7,,.1,0,96,986.9,,,2,,25
238,금산,2022-08-12 23:00,24.4,,0,0,97,987.3,,,5,,25
238,금산,2022-08-13 00:00,24.2,,.1,0,97,987.5,,,5,,24.5
238,금산,2022-08-13 01:00,23.9,,.2,0,98,987.2,,,5,,24.7
238,금산,2022-08-13 02:00,24.1,,0,0,98,986.9,,,6,,25
238,금산,2022-08-13 03:00,24.1,,.1,0,98,986.7,,,0,,25.1
238,금산,2022-08-13 04:00,24,,.2,0,98,986.3,,,8,,24.7
238,금산,2022-08-13 05:00,23.8,,.4,0,98,986.2,,,10,,24.5
238,금산,2022-08-13 06:00,23.5,,.6,20,100,986.2,0,,5,,24.1
238,금산,2022-08-13 07:00,23.6,,.1,0,100,987.1,0,,7,,25.2
238,금산,2022-08-13 08:00,24.7,,.2,0,93,987.9,.1,,9,,26
238,금산,2022-08-13 09:00,26.1,,2.1,160,83,986.4,.3,,7,,28.3
238,금산,2022-08-13 10:00,28.3,,1,140,72,987.1,.6,,8,,31.3
238,금산,2022-08-13 11:00,28.6,,1.4,140,71,987.1,0,,10,,33.3
238,금산,2022-08-13 12:00,28.5,0,.5,250,75,986.7,0,,10,,31.3
238,금산,2022-08-13 13:00,26.8,1.3,.9,250,90,986.5,0,,10,,28.9
238,금산,2022-08-13 14:00,26.8,1.8,.5,110,92,986.3,0,,10,,29.2
238,금산,2022-08-13 15:00,27.1,0,.3,0,86,986,0,,10,,29.3
238,금산,2022-08-13 16:00,26.4,0,.5,360,94,986.3,0,,10,,28.1
238,금산,2022-08-13 17:00,25.7,.3,1.1,200,90,985.8,0,,10,,27.7
238,금산,2022-08-13 18:00,25.6,.1,1.5,110,87,985.5,0,,10,,27.5
238,금산,2022-08-13 19:00,25,,.2,0,94,986.1,0,,10,,26.5
238,금산,2022-08-13 20:00,24.6,,.3,0,98,986.5,0,,9,,25.8
238,금산,2022-08-13 21:00,24.4,,.3,0,98,986.8,,,8,,25.4
238,금산,2022-08-13 22:00,24.1,,.2,0,99,986.8,,,0,,25.2
238,금산,2022-08-13 23:00,24,,.1,0,99,986.4,,,9,,25.1
238,금산,2022-08-14 00:00,24,,.1,0,99,986.7,,,9,,24.9
238,금산,2022-08-14 01:00,24.1,,.5,290,99,987.1,,,10,,24.8
238,금산,2022-08-14 02:00,24.1,0,.2,0,100,986.6,,,10,,24.9
238,금산,2022-08-14 03:00,24.1,.2,.4,0,100,986.4,,,10,,25
238,금산,2022-08-14 04:00,24,7.8,2.1,270,96,986.6,,,10,,24.1
238,금산,2022-08-14 05:00,23.2,16.4,.8,90,98,986.4,,,9,,24.2
238,금산,2022-08-14 06:00,22.7,,.4,0,96,986.5,0,,9,,24.2
238,금산,2022-08-14 07:00,22.9,,.1,0,97,986.7,0,,4,,24.6
238,금산,2022-08-14 08:00,23.9,,.2,0,94,986.9,0,,7,,26.2
238,금산,2022-08-14 09:00,24.6,,0,0,96,987,0,,7,,26.4
238,금산,2022-08-14 10:00,26,,.6,70,89,987.4,0,,10,,27.4
238,금산,2022-08-14 11:00,28.4,,.5,50,81,987.3,0,,9,,30.2
238,금산,2022-08-14 12:00,29.5,,1.4,290,69,987,.1,,9,,32.8
238,금산,2022-08-14 13:00,30.7,,1.9,200,67,986.7,.3,,8,,35.8
238,금산,2022-08-14 14:00,29.4,,.2,0,75,986.7,0,,10,,30.5
238,금산,2022-08-14 15:00,29.5,,.5,20,75,986.5,0,,10,,30.4
238,금산,2022-08-14 16:00,30.9,,.4,0,69,986.4,.4,,8,,35.1
238,금산,2022-08-14 17:00,30.1,,1,270,73,986.2,.3,,8,,31.1
238,금산,2022-08-14 18:00,29.3,,1,290,77,986.2,0,,10,,29.8
238,금산,2022-08-14 19:00,28.3,,1.2,320,81,986.4,0,,10,,27.9
238,금산,2022-08-14 20:00,27.3,,.6,250,87,986.4,0,,10,,27
238,금산,2022-08-14 21:00,26.2,,.3,0,92,986.9,,,9,,26.3
238,금산,2022-08-14 22:00,25.6,,.2,0,96,987,,,7,,25.7
238,금산,2022-08-14 23:00,24.9,,0,0,97,986.7,,,10,,25.2
238,금산,2022-08-15 00:00,24.5,,.1,0,98,986.4,,,7,,24.7
238,금산,2022-08-15 01:00,24.3,,.3,0,98,986.5,,,7,,24.3
238,금산,2022-08-15 02:00,24.8,,.6,180,86,986.1,,,4,,23.8
238,금산,2022-08-15 03:00,24.9,,.1,0,87,986.3,,,9,,24
238,금산,2022-08-15 04:00,26.7,,1.4,160,76,986,,,10,,24.4
238,금산,2022-08-15 05:00,27.3,,1.8,180,74,985.5,,,10,,24.3
238,금산,2022-08-15 06:00,27.3,,1.8,200,72,985,0,,8,,24.2
238,금산,2022-08-15 07:00,27.7,,2.6,230,71,985,0,,8,,25.1
238,금산,2022-08-15 08:00,28.5,,3.2,180,69,984.7,.4,,9,,26.9
238,금산,2022-08-15 09:00,28.9,,3.1,180,67,984.8,.4,,8,,28.5
238,금산,2022-08-15 10:00,30.5,,2,200,62,984.6,.7,,8,,32.8
238,금산,2022-08-15 11:00,30.1,,2.3,200,64,984.2,.3,,9,,32.8
238,금산,2022-08-15 12:00,30.2,,2.7,180,64,984,0,,10,,33
238,금산,2022-08-15 13:00,30.5,,1.8,230,63,983.6,0,,9,,33.1
238,금산,2022-08-15 14:00,30.4,,2.8,230,63,982.9,0,,10,,32.5
238,금산,2022-08-15 15:00,30.4,,2.7,200,66,982.1,0,,10,,31.3
238,금산,2022-08-15 16:00,30.5,,3,200,63,981.6,.1,,9,,31
238,금산,2022-08-15 17:00,30,,3.5,200,64,981.4,0,,10,,28.5
238,금산,2022-08-15 18:00,29.1,0,4,200,67,980.8,0,,10,,26.8
238,금산,2022-08-15 19:00,28.9,,2.9,200,68,981,0,,10,,26.3
238,금산,2022-08-15 20:00,28.6,,3.2,200,69,981.4,0,,10,,25.7
238,금산,2022-08-15 21:00,28.4,0,2.5,200,70,981.7,,,9,,25.5
238,금산,2022-08-15 22:00,27.9,,2.5,200,72,982,,,8,,25.2
238,금산,2022-08-15 23:00,28.2,,2.1,200,71,982.2,,,10,,25.3
238,금산,2022-08-16 00:00,28.2,0,2.6,180,72,981.6,,,10,,25.5
238,금산,2022-08-16 01:00,22.7,3.7,1.8,360,94,982.1,,,10,,24
238,금산,2022-08-16 02:00,22.3,17,.8,360,99,981.9,,,10,,23.2
238,금산,2022-08-16 03:00,23.2,25.5,.8,90,99,982,,,10,,24
238,금산,2022-08-16 04:00,23.3,.1,,,99,982,,,10,,24.2
238,금산,2022-08-16 05:00,24.4,4.8,1.9,320,97,983,,,10,,24.2
238,금산,2022-08-16 06:00,23.3,7.2,1.8,160,98,983.3,0,,10,,24.1
238,금산,2022-08-16 07:00,22.2,1.4,.8,140,93,984,0,,10,,23.9
238,금산,2022-08-16 08:00,22.6,0,.5,110,94,984.8,0,,10,,24.4
238,금산,2022-08-16 09:00,23.2,0,.8,110,92,984.7,0,,10,,25.1
238,금산,2022-08-16 10:00,23.7,,.5,270,90,985.4,0,,10,,25.7
238,금산,2022-08-16 11:00,24.3,0,.2,0,89,985.2,0,,10,,26.2
238,금산,2022-08-16 12:00,24.7,.1,.1,0,88,985.4,0,,10,,26.7
238,금산,2022-08-16 13:00,24.6,.2,1.2,180,89,985.1,0,,10,,26.7
238,금산,2022-08-16 14:00,24.7,.7,.6,140,93,984.9,0,,10,,27.2
238,금산,2022-08-16 15:00,25.8,,1.6,160,85,984.5,.1,,8,,30.9
238,금산,2022-08-16 16:00,26.5,,.6,180,83,984.6,.1,,9,,30.9
238,금산,2022-08-16 17:00,26.5,,.9,160,84,985,.1,,9,,28.6
238,금산,2022-08-16 18:00,26.5,,.7,160,84,985,0,,8,,28.4
238,금산,2022-08-16 19:00,26.2,,1.2,180,87,985.2,.2,,8,,27.2
238,금산,2022-08-16 20:00,25.3,,.1,0,91,985.7,0,,8,,25.7
238,금산,2022-08-16 21:00,24.4,,.4,0,97,986,,,8,,25.1
238,금산,2022-08-16 22:00,24,,.1,0,98,986.1,,,10,,24.8
238,금산,2022-08-16 23:00,23.9,,.2,0,98,986.2,,,7,,24.9
238,금산,2022-08-17 00:00,24,,.7,90,99,986,,,9,,24.6
238,금산,2022-08-17 01:00,23.9,,.4,0,99,986,,,9,,24.5
238,금산,2022-08-17 02:00,23.6,,0,0,99,985.9,,,8,,24.1
238,금산,2022-08-17 03:00,23.4,,.8,140,100,985.8,,,3,,24.3
238,금산,2022-08-17 04:00,23.4,,.4,0,99,986,,,5,,24.5
238,금산,2022-08-17 05:00,23,,.8,140,99,986.4,,,3,,24.3
238,금산,2022-08-17 06:00,23,,.6,90,99,986.8,0,,4,,24.1
238,금산,2022-08-17 07:00,22.7,,.8,90,98,986.8,0,,5,,24.6
238,금산,2022-08-17 08:00,23.3,,1.1,110,94,987.3,0,,9,,25.7
238,금산,2022-08-17 09:00,24.2,,.8,90,88,987.1,0,,9,,26.9
238,금산,2022-08-17 10:00,24.5,,.1,0,88,986.9,0,,10,,27.5
238,금산,2022-08-17 11:00,25.3,,1.2,140,82,986.6,0,,9,,29.9
238,금산,2022-08-17 12:00,27.9,,1.9,90,70,986.3,.6,,8,,37.8
238,금산,2022-08-17 13:00,29,,1.8,160,64,985.9,.7,,8,,39.2
238,금산,2022-08-17 14:00,29.1,,2,180,64,985.3,.6,,8,,35.3
238,금산,2022-08-17 15:00,27.8,0,.9,270,72,984.7,.3,,7,,32
238,금산,2022-08-17 16:00,28.7,,2.1,290,69,984.5,.6,,6,,33.9
238,금산,2022-08-17 17:00,27.6,,1.8,290,72,984.6,.7,,6,,31.3
238,금산,2022-08-17 18:00,27.4,,1.6,290,72,985.2,.6,,5,,28.6
238,금산,2022-08-17 19:00,25.6,,1,250,73,985.6,.6,,4,,26
238,금산,2022-08-17 20:00,24,,.4,0,78,986.4,0,,3,,24.5
238,금산,2022-08-17 21:00,23.7,,.7,250,80,987.1,,,2,,23.7
238,금산,2022-08-17 22:00,23.2,,.9,290,83,987.7,,,4,,23.6
238,금산,2022-08-17 23:00,22.4,,.8,180,89,988,,,7,,23.4
238,금산,2022-08-18 00:00,22.3,,.6,340,92,987.9,,,8,,23.5
238,금산,2022-08-18 01:00,22.2,,0,0,93,988.1,,,5,,23.3
238,금산,2022-08-18 02:00,21.4,,.4,0,95,987.8,,,1,,22.3
238,금산,2022-08-18 03:00,20.6,,.2,0,98,987.7,,,0,,21.4
238,금산,2022-08-18 04:00,19.8,,0,0,100,987.9,,,2,,21.5
238,금산,2022-08-18 05:00,19.3,,.1,0,100,988,,,2,,21.3
238,금산,2022-08-18 06:00,19.4,,.2,0,100,988.3,0,,4,,21.1
238,금산,2022-08-18 07:00,19.7,,.2,0,100,988.8,0,,1,,22.3
238,금산,2022-08-18 08:00,21.3,,.7,110,91,989,.9,,2,,23.2
238,금산,2022-08-18 09:00,22.9,,.5,160,81,989.1,1,,3,,24.5
238,금산,2022-08-18 10:00,25.7,,1,160,73,988.8,1,,1,,29.3
238,금산,2022-08-18 11:00,25.9,,1.3,160,67,988.5,.6,,7,,32.1
238,금산,2022-08-18 12:00,28.1,,1.5,90,61,988.2,.5,,7,,38.7
238,금산,2022-08-18 13:00,28.3,,1.7,340,60,987.9,.5,,5,,37.4
238,금산,2022-08-18 14:00,28.8,,1.2,250,58,987.7,.8,,3,,36.8
238,금산,2022-08-18 15:00,28.8,,2.1,340,57,987.4,.5,,6,,32.8
238,금산,2022-08-18 16:00,28.5,,1.5,270,60,987.4,.6,,7,,33.2
238,금산,2022-08-18 17:00,28.3,,1.6,290,60,987.7,.4,,9,,31.3
238,금산,2022-08-18 18:00,27,,.9,320,67,987.6,.2,,7,,28.1
238,금산,2022-08-18 19:00,25.6,,.4,0,76,987.4,.1,,8,,26.2
238,금산,2022-08-18 20:00,24.3,,.5,270,83,988,0,,9,,24.9
238,금산,2022-08-18 21:00,23.1,,.4,0,90,988.1,,,5,,23.7
238,금산,2022-08-18 22:00,22.1,,.2,0,94,988,,,3,,22.8
238,금산,2022-08-18 23:00,21.6,,.6,270,95,988.1,,,7,,22.8
238,금산,2022-08-19 00:00,21.2,,0,0,96,987.9,,,9,,22.3
238,금산,2022-08-19 01:00,20.7,,.4,0,97,987.5,,,8,,21.8
238,금산,2022-08-19 02:00,20.1,,.4,0,98,986.9,,,3,,21.1
238,금산,2022-08-19 03:00,19.5,,.5,270,99,986.7,,,4,,20.9
238,금산,2022-08-19 04:00,19.3,,.4,0,99,986.1,,,6,,20.6
238,금산,2022-08-19 05:00,19.5,,0,0,99,986.3,,,8,,21.1
238,금산,2022-08-19 06:00,19.8,,0,0,99,986.5,0,,9,,21.5
238,금산,2022-08-19 07:00,20.4,,.1,0,98,986.1,0,,10,,22.6
238,금산,2022-08-19 08:00,22,,1,360,91,985.9,.2,,8,,24.2
238,금산,2022-08-19 09:00,25.6,,1.5,110,77,985.7,.9,,8,,27.2
238,금산,2022-08-19 10:00,27.5,,3.4,230,69,985.4,.7,,8,,29.3
238,금산,2022-08-19 11:00,29.1,,1.9,230,67,984.8,.5,,7,,34.2
238,금산,2022-08-19 12:00,29.3,,2.9,230,66,984.7,.1,,10,,32.9
238,금산,2022-08-19 13:00,29,,2,230,70,984.1,.3,,10,,31.3
238,금산,2022-08-19 14:00,29.7,,1.2,230,69,983.5,0,,10,,32.8
238,금산,2022-08-19 15:00,29.8,,3.3,230,67,982.8,.1,,10,,31.9
238,금산,2022-08-19 16:00,29.6,,1.4,230,69,982.4,0,,10,,30.3
238,금산,2022-08-19 17:00,29.5,,1.9,200,69,982.3,0,,10,,29.1
238,금산,2022-08-19 18:00,29.2,,1.7,230,71,982.2,0,,10,,27.9
238,금산,2022-08-19 19:00,28.8,,2.1,200,72,982.1,0,,10,,26.7
238,금산,2022-08-19 20:00,28.1,,.9,270,75,982.6,0,,10,,26.1
238,금산,2022-08-19 21:00,28.2,,1.1,250,74,982.9,,,9,,25.6
238,금산,2022-08-19 22:00,26.8,,.8,320,82,983.4,,,9,,25.5
238,금산,2022-08-19 23:00,26.2,,.7,320,85,983.1,,,5,,25.3
238,금산,2022-08-20 00:00,26.7,,.6,50,81,982.6,,,6,,25
238,금산,2022-08-20 01:00,26.5,,.8,50,81,981.9,,,8,,25.2
238,금산,2022-08-20 02:00,26.6,,1.1,70,81,981.6,,,8,,25.1
238,금산,2022-08-20 03:00,26,,1,110,85,981.4,,,10,,25.1
238,금산,2022-08-20 04:00,26,,1,160,87,981.4,,,9,,25.2
238,금산,2022-08-20 05:00,26.7,0,1.8,180,83,981.3,,,10,,25.2
238,금산,2022-08-20 06:00,25.9,1.1,1,180,91,981.3,0,,10,,25.3
238,금산,2022-08-20 07:00,23.9,26.1,2.8,250,88,982.5,0,,10,,23.9
238,금산,2022-08-20 08:00,23.9,3.6,.1,0,95,983.1,0,,7,,24.6
238,금산,2022-08-20 09:00,25,.2,.2,0,94,983.3,0,,9,,27.2
238,금산,2022-08-20 10:00,24.9,0,.6,160,95,983.5,0,,10,,27
238,금산,2022-08-20 11:00,25,1.1,.1,0,93,983.4,0,,9,,26.9
238,금산,2022-08-20 12:00,25.5,.1,.6,140,92,983.1,0,,10,,28
238,금산,2022-08-20 13:00,25.8,,.3,0,88,983,0,,9,,27.5
238,금산,2022-08-20 14:00,28.1,,1.9,270,78,982.9,.1,,8,,33.1
238,금산,2022-08-20 15:00,28.4,,.7,290,73,982.5,.4,,7,,32.7
238,금산,2022-08-20 16:00,28.4,,1.3,270,72,982.2,.3,,7,,32.2
238,금산,2022-08-20 17:00,28.9,,2.1,230,70,982.1,.9,,4,,32.7
238,금산,2022-08-20 18:00,28.1,,1.3,270,73,982.3,1,,2,,29.6
238,금산,2022-08-20 19:00,26.5,,.6,250,85,982.6,.6,,2,,27.1
238,금산,2022-08-20 20:00,25.2,,.7,290,90,983.3,0,,2,,25.6
238,금산,2022-08-20 21:00,24.7,,.5,320,93,984,,,3,,24.8
238,금산,2022-08-20 22:00,24.1,,0,0,96,984.3,,,4,,24.2
238,금산,2022-08-20 23:00,23.3,,0,0,98,984.6,,,8,,24.1
238,금산,2022-08-21 00:00,22.9,,0,0,98,984.4,,,3,,23.4
238,금산,2022-08-21 01:00,22.4,,.2,0,99,984.2,,,1,,23.1
238,금산,2022-08-21 02:00,22.4,,.5,360,100,984.2,,,8,,23.4
238,금산,2022-08-21 03:00,22.4,,.1,0,100,984.2,,,8,,23.5
238,금산,2022-08-21 04:00,22.6,,.3,0,100,984.7,,,8,,23.9
238,금산,2022-08-21 05:00,22.6,,.3,0,100,984.7,,,7,,24
238,금산,2022-08-21 06:00,22.7,,.2,0,100,985.1,0,,6,,24
238,금산,2022-08-21 07:00,23.2,,.3,0,100,985.7,0,,2,,24.9
238,금산,2022-08-21 08:00,24.1,,1.2,140,90,986.1,.1,,2,,26
238,금산,2022-08-21 09:00,26.2,,.9,50,78,986.3,.4,,2,,28.6
238,금산,2022-08-21 10:00,27.7,,1.2,90,70,986.4,.9,,0,,33.3
238,금산,2022-08-21 11:00,28.3,,1.3,90,66,986.6,.9,,7,,35.2
238,금산,2022-08-21 12:00,29.6,,1.3,110,61,985.9,1,,5,,39.7
238,금산,2022-08-21 13:00,29.4,,1.8,20,60,985.3,.4,,2,,32.8
238,금산,2022-08-21 14:00,30.1,,1.4,70,59,985,.3,,4,,35.5
238,금산,2022-08-21 15:00,29.8,,1.3,360,59,984.7,.4,,2,,31.8
238,금산,2022-08-21 16:00,29.8,,.8,360,59,984.4,.4,,0,,31.4
238,금산,2022-08-21 17:00,30.3,,2,70,57,984.5,.6,,2,,33.1
238,금산,2022-08-21 18:00,29.5,,1.1,70,59,984.5,.7,,1,,28.9
238,금산,2022-08-21 19:00,26.2,,.8,270,81,984.8,.3,,3,,26.8
238,금산,2022-08-21 20:00,24.6,,.7,270,87,985.2,0,,4,,25.4
238,금산,2022-08-21 21:00,23.8,,0,0,89,985.9,,,2,,24.5
238,금산,2022-08-21 22:00,23.4,,.3,0,92,986.1,,,2,,23.8
238,금산,2022-08-21 23:00,23,,0,0,94,986,,,2,,23.3
238,금산,2022-08-22 00:00,22.4,,.1,0,97,986,,,4,,23.1
238,금산,2022-08-22 01:00,22,,.3,0,97,985.5,,,2,,22.8
238,금산,2022-08-22 02:00,21.9,,.2,0,99,985.4,,,4,,22.7
238,금산,2022-08-22 03:00,22.3,,.2,0,97,985.6,,,6,,23.2
238,금산,2022-08-22 04:00,22,,.3,0,98,985.1,,,9,,23.2
238,금산,2022-08-22 05:00,22,,0,0,99,985,,,8,,23.2
238,금산,2022-08-22 06:00,21.7,,0,0,98,985.4,0,,9,,22.7
238,금산,2022-08-22 07:00,22.3,,.6,160,98,985.8,0,,6,,24.2
238,금산,2022-08-22 08:00,22.9,,.6,290,95,986.4,0,,7,,25.4
238,금산,2022-08-22 09:00,25.6,,.9,110,82,986.1,.5,,4,,27.1
238,금산,2022-08-22 10:00,27.3,,1.3,110,73,985.9,1,,6,,33.5
238,금산,2022-08-22 11:00,28.6,,.8,320,67,985.5,.8,,7,,35.1
238,금산,2022-08-22 12:00,29.2,,1.3,250,63,984.6,.8,,8,,37.4
238,금산,2022-08-22 13:00,30.1,,1.3,250,62,984.1,.8,,8,,37.8
238,금산,2022-08-22 14:00,30.3,,1,290,57,984.2,.7,,7,,36.4
238,금산,2022-08-22 15:00,31.2,,1.9,290,57,983.9,.7,,7,,37.2
238,금산,2022-08-22 16:00,30,,1.3,270,63,983.6,.6,,8,,33
238,금산,2022-08-22 17:00,29.1,,1.4,270,65,983.9,.2,,9,,31.2
238,금산,2022-08-22 18:00,28.8,,1.7,270,69,984.1,.9,,7,,29.4
238,금산,2022-08-22 19:00,26.5,,.7,340,79,984.4,.2,,5,,27
238,금산,2022-08-22 20:00,26.3,,.7,290,78,984.9,0,,10,,26.1
238,금산,2022-08-22 21:00,25.3,,1.1,320,83,985.4,,,10,,25.4
238,금산,2022-08-22 22:00,25,,.4,0,85,985.3,,,10,,25.2
238,금산,2022-08-22 23:00,24.5,,0,0,89,985.5,,,10,,25
238,금산,2022-08-23 00:00,24,,.3,0,92,985.7,,,9,,24.8
238,금산,2022-08-23 01:00,23.9,,.2,0,92,985.5,,,10,,24.7
238,금산,2022-08-23 02:00,23.8,,.8,320,94,985.2,,,10,,24.6
238,금산,2022-08-23 03:00,23.7,,.1,0,95,985.1,,,6,,24.6
238,금산,2022-08-23 04:00,23.6,,0,0,96,985.1,,,10,,24.6
238,금산,2022-08-23 05:00,23.9,,0,0,95,985.2,,,8,,24.7
238,금산,2022-08-23 06:00,23.7,,0,0,95,985.2,0,,9,,24.6
238,금산,2022-08-23 07:00,23.9,,.1,0,94,985.6,0,,8,,25
238,금산,2022-08-23 08:00,24.6,,.2,0,90,985.9,0,,10,,26
238,금산,2022-08-23 09:00,24.7,,0,0,91,986.4,0,,10,,25.7
238,금산,2022-08-23 10:00,24,2.5,.9,180,98,986.8,0,,8,,25.5
238,금산,2022-08-23 11:00,24.1,1.4,.7,160,92,986.6,0,,10,,27
238,금산,2022-08-23 12:00,24.3,.5,1.4,110,94,986.1,0,,10,,27.8
238,금산,2022-08-23 13:00,23.6,.6,.9,90,94,985.9,0,,10,,26.1
238,금산,2022-08-23 14:00,23.6,1.1,.8,70,95,985.5,0,,10,,26.6
238,금산,2022-08-23 15:00,23.3,1.1,.1,0,98,985.6,0,,10,,25.6
238,금산,2022-08-23 16:00,23.2,6.3,.2,0,99,985.4,0,,10,,25.7
238,금산,2022-08-23 17:00,23.1,4.1,.7,270,100,986,0,,10,,24.8
238,금산,2022-08-23 18:00,23.3,1.1,.2,0,100,986,0,,5,,24.9
238,금산,2022-08-23 19:00,23.5,,.5,340,99,986.1,0,,6,,24.8
238,금산,2022-08-23 20:00,23.4,,.3,0,99,986.6,0,,10,,24.6
238,금산,2022-08-23 21:00,23.5,,0,0,99,987.2,,,9,,24.6
238,금산,2022-08-23 22:00,23.4,,.1,0,99,987.5,,,10,,24.5
238,금산,2022-08-23 23:00,23.4,,.3,0,98,987.4,,,6,,24.6
238,금산,2022-08-24 00:00,23.3,,.3,0,98,987.1,,,3,,24.5
238,금산,2022-08-24 01:00,23.3,,.5,140,98,987.1,,,10,,24.5
238,금산,2022-08-24 02:00,23.1,,.5,140,98,986.9,,,10,,24.3
238,금산,2022-08-24 03:00,22.9,0,.5,200,98,986.9,,,10,,24.2
238,금산,2022-08-24 04:00,22.4,.2,1.1,110,98,986.8,,,8,,24
238,금산,2022-08-24 05:00,21.9,,.8,110,95,987.1,,,9,,23.6
238,금산,2022-08-24 06:00,22,,.5,90,90,987.4,0,,9,,23.4
238,금산,2022-08-24 07:00,21.2,.1,1.1,200,97,987.9,0,,5,,23.1
238,금산,2022-08-24 08:00,21.4,.1,1.3,110,96,988.3,0,,4,,23.8
238,금산,2022-08-24 09:00,21.9,.2,1,90,93,989,0,,4,,24.8
238,금산,2022-08-24 10:00,22.1,0,2.6,110,86,989.7,0,,10,,25.5
238,금산,2022-08-24 11:00,21.8,,2,90,81,989.6,0,,9,,25
238,금산,2022-08-24 12:00,22.5,,2.3,90,77,989,0,,9,,27.3
238,금산,2022-08-24 13:00,22.8,,2.4,90,75,988.5,0,,10,,29
238,금산,2022-08-24 14:00,23,,1.4,70,75,988.2,0,,10,,28
238,금산,2022-08-24 15:00,23.6,,2.1,110,72,987.6,0,,9,,29.1
238,금산,2022-08-24 16:00,23.3,,2.2,90,75,987.5,0,,9,,27.6
238,금산,2022-08-24 17:00,23.7,,1.5,110,75,987.5,.1,,10,,28.4
238,금산,2022-08-24 18:00,23,,1.8,110,75,987.3,.6,,6,,25.4
238,금산,2022-08-24 19:00,22.5,,1.3,110,76,987.4,.3,,6,,24.1
238,금산,2022-08-24 20:00,21.8,,.8,160,83,987.8,0,,9,,23.3
238,금산,2022-08-24 21:00,20.6,,.3,0,88,988.2,,,4,,22.1
238,금산,2022-08-24 22:00,20.3,,0,0,90,988.3,,,8,,21.9
238,금산,2022-08-24 23:00,19.3,,.2,0,97,988.1,,,6,,21
238,금산,2022-08-25 00:00,19.2,,0,0,97,988.1,,,9,,21.1
238,금산,2022-08-25 01:00,19.2,,0,0,98,987.9,,,7,,20.9
238,금산,2022-08-25 02:00,18.8,,.2,0,99,987.8,,,8,,20.7
238,금산,2022-08-25 03:00,18.8,,.1,0,100,987.7,,,6,,20.7
238,금산,2022-08-25 04:00,18.7,,.4,0,100,987.7,,,5,,21.2
238,금산,2022-08-25 05:00,18.6,,0,0,100,987.8,,,8,,21.3
238,금산,2022-08-25 06:00,18.5,,.3,0,100,987.9,0,,9,,21.3
238,금산,2022-08-25 07:00,,,,,,,,,10,,
238,금산,2022-08-25 08:00,,,,,,,,,9,,
238,금산,2022-08-25 09:00,,,,,,,,,8,,
238,금산,2022-08-25 10:00,24.9,,1,360,74,988.3,,,7,,29.9
238,금산,2022-08-25 11:00,26.1,,2,290,68,988.1,.6,,9,,31.3
238,금산,2022-08-25 12:00,26,,1.2,290,65,987.7,.5,,9,,30.9
238,금산,2022-08-25 13:00,27.1,,2,340,63,987.1,.5,,8,,31.9
238,금산,2022-08-25 14:00,27.1,,1.5,320,61,986.5,.1,,9,,30.4
238,금산,2022-08-25 15:00,26,,1.5,320,66,986.2,0,,10,,27.6
238,금산,2022-08-25 16:00,26.5,,2,340,66,986.1,.2,,10,,29.7
238,금산,2022-08-25 17:00,25.6,,1.7,340,72,986.7,0,,8,,27.4
238,금산,2022-08-25 18:00,24.4,,1.7,320,75,986.8,0,,10,,25.5
238,금산,2022-08-25 19:00,22.7,,1.5,290,81,987.2,0,,10,,23.7
238,금산,2022-08-25 20:00,20.2,,1.9,290,74,988.3,0,,10,,21.9
238,금산,2022-08-25 21:00,19.5,,1.3,290,77,988.9,,,10,,21.5
238,금산,2022-08-25 22:00,19.4,,0,0,77,988.7,,,10,,21.5
238,금산,2022-08-25 23:00,19,,0,0,85,988.9,,,10,,21.3
238,금산,2022-08-26 00:00,18.3,,.3,0,90,988.8,,,10,,20.6
238,금산,2022-08-26 01:00,17.9,,.4,0,93,988.5,,,9,,20.5
238,금산,2022-08-26 02:00,17.5,,.2,0,92,988.3,,,10,,19.9
238,금산,2022-08-26 03:00,17.1,,.2,0,97,988,,,10,,19.7
238,금산,2022-08-26 04:00,17,,.5,140,94,987.2,,,8,,19
238,금산,2022-08-26 05:00,15.9,,.6,250,98,988.7,,,0,,18.2
238,금산,2022-08-26 06:00,16,,.6,160,98,988.4,0,,0,,17.9
238,금산,2022-08-26 07:00,15.8,,1.3,290,98,988.7,.5,,4,,18.4
238,금산,2022-08-26 08:00,17.9,,.4,0,91,988.6,1,,0,,19.7
238,금산,2022-08-26 09:00,21,,.2,0,77,988.8,1,,1,,21.6
238,금산,2022-08-26 10:00,23.4,,.7,110,66,988.8,1,,3,,27.7
238,금산,2022-08-26 11:00,23.9,,.9,90,64,988.7,.9,,0,,31.3
238,금산,2022-08-26 12:00,24.5,,1,250,60,987.7,.9,,0,,32.6
238,금산,2022-08-26 13:00,25.8,,1.8,290,60,987.6,.8,,6,,34.8
238,금산,2022-08-26 14:00,26.7,,1.5,320,55,986.9,.8,,5,,35.1
238,금산,2022-08-26 15:00,26.9,,1.2,320,51,986.3,1,,3,,34.8
238,금산,2022-08-26 16:00,26.4,,1.4,340,56,986.2,.8,,6,,31.3
238,금산,2022-08-26 17:00,26.4,,2.2,290,57,986.4,.6,,8,,30.1
238,금산,2022-08-26 18:00,24.9,,1.2,270,62,986.4,.8,,3,,26.4
238,금산,2022-08-26 19:00,23.6,,1.3,270,73,986.8,.6,,2,,24
238,금산,2022-08-26 20:00,22.3,,.5,290,79,987.6,0,,5,,22.8
238,금산,2022-08-26 21:00,21.8,,.6,270,81,988.2,,,8,,22.1
238,금산,2022-08-26 22:00,21,,.6,290,85,988.6,,,3,,21.4
238,금산,2022-08-26 23:00,20.2,,.4,0,90,989.1,,,2,,21.3
238,금산,2022-08-27 00:00,20,,.1,0,92,989.1,,,3,,20.7
238,금산,2022-08-27 01:00,19.2,,.1,0,96,988.8,,,7,,20.4
238,금산,2022-08-27 02:00,18.9,,.1,0,97,988.6,,,8,,20.2
238,금산,2022-08-27 03:00,18.5,,0,0,99,988.3,,,5,,20.1
238,금산,2022-08-27 04:00,18.6,,.3,0,98,988.7,,,9,,20.3
238,금산,2022-08-27 05:00,18.7,,.2,0,98,989,,,10,,20.4
238,금산,2022-08-27 06:00,19,,.5,90,97,989.1,0,,10,,20.5
238,금산,2022-08-27 07:00,19.4,,.6,90,94,989.2,0,,10,,21.3
238,금산,2022-08-27 08:00,19.4,,.9,290,96,989.6,0,,10,,22
238,금산,2022-08-27 09:00,20.7,,2.1,290,64,990.1,0,,9,,22.8
238,금산,2022-08-27 10:00,20.7,,2.1,320,49,990.5,0,,10,,22.7
238,금산,2022-08-27 11:00,21.6,,2.3,270,45,990.7,.5,,7,,28.8
238,금산,2022-08-27 12:00,22.9,,1.9,290,42,990.1,1,,0,,32.8
238,금산,2022-08-27 13:00,23.9,,2.4,290,37,989.9,1,,6,,32.6
238,금산,2022-08-27 14:00,24.7,,2.5,290,35,989.7,1,,0,,33.9
238,금산,2022-08-27 15:00,25.1,,1.8,270,37,989.3,1,,0,,33.5
238,금산,2022-08-27 16:00,24.8,,2.2,340,39,989.3,1,,0,,32.6
238,금산,2022-08-27 17:00,24.2,,2.8,290,43,989.6,1,,6,,29.8
238,금산,2022-08-27 18:00,22.7,,1.8,290,46,989.9,1,,3,,24.1
238,금산,2022-08-27 19:00,20.7,,.9,270,59,990.6,.4,,5,,21.9
238,금산,2022-08-27 20:00,17.9,,.8,250,73,991.5,0,,3,,20
238,금산,2022-08-27 21:00,16.9,,.5,270,79,992.5,,,0,,18.9
238,금산,2022-08-27 22:00,16.2,,.6,230,85,992.8,,,0,,18.1
238,금산,2022-08-27 23:00,14.8,,.1,0,89,993.1,,,0,,17.5
238,금산,2022-08-28 00:00,14.2,,.9,290,94,993.3,,,0,,17
238,금산,2022-08-28 01:00,13.9,,.3,0,95,993.4,,,0,,16.4
238,금산,2022-08-28 02:00,13.2,,.3,0,97,993.6,,,2,,16.1
238,금산,2022-08-28 03:00,13.2,,0,0,97,993.9,,,8,,16.3
238,금산,2022-08-28 04:00,13.3,,0,0,97,994,,,10,,16.4
238,금산,2022-08-28 05:00,13.2,,.3,0,98,994.3,,,9,,16.2
238,금산,2022-08-28 06:00,13.1,,.2,0,98,994.6,0,,10,,16.1
238,금산,2022-08-28 07:00,14,,.1,0,96,995.1,.4,,8,,17
238,금산,2022-08-28 08:00,16.4,,.3,0,81,995.6,1,,5,,18.2
238,금산,2022-08-28 09:00,18.3,,.5,110,74,995.3,.9,,6,,20.5
238,금산,2022-08-28 10:00,20.4,,.8,200,66,995.4,1,,6,,25.6
238,금산,2022-08-28 11:00,23.9,,2.2,90,49,995.2,1,,5,,32.4
238,금산,2022-08-28 12:00,25.1,,2.5,70,48,994.9,1,,0,,35.4
238,금산,2022-08-28 13:00,25.5,,1.9,140,42,994.4,1,,5,,36.8
238,금산,2022-08-28 14:00,27,,2,140,40,993.9,1,,0,,38.2
238,금산,2022-08-28 15:00,27.2,,1.2,110,39,993.4,1,,1,,37.6
238,금산,2022-08-28 16:00,27.3,,1.3,160,42,993.2,1,,0,,36.6
238,금산,2022-08-28 17:00,27.3,,1.3,110,43,993,1,,0,,35
238,금산,2022-08-28 18:00,26,,1.6,70,47,993.4,1,,0,,27.4
238,금산,2022-08-28 19:00,21.9,,1.1,270,70,993.7,.6,,2,,24
238,금산,2022-08-28 20:00,20,,.5,270,78,994.5,0,,5,,22
238,금산,2022-08-28 21:00,19.8,,.3,0,78,994.9,,,4,,21.2
238,금산,2022-08-28 22:00,18.5,,.5,250,86,995,,,7,,20.3
238,금산,2022-08-28 23:00,18.7,,.2,0,85,995.2,,,9,,20.6
238,금산,2022-08-29 00:00,18.2,,.5,320,89,995.1,,,0,,19.8
238,금산,2022-08-29 01:00,17.7,,.8,270,90,995,,,10,,19.9
238,금산,2022-08-29 02:00,17.8,,.3,0,90,995,,,10,,19.9
238,금산,2022-08-29 03:00,17.7,,.5,250,89,994.7,,,10,,19.5
238,금산,2022-08-29 04:00,17,,.7,270,92,994.9,,,10,,19.1
238,금산,2022-08-29 05:00,17.3,,.2,0,87,995,,,10,,19.4
238,금산,2022-08-29 06:00,17.1,,.1,0,87,994.9,0,,10,,19.2
238,금산,2022-08-29 07:00,17.3,,.6,290,91,995.1,0,,10,,19.6
238,금산,2022-08-29 08:00,17.8,0,0,0,90,995.3,0,,10,,20.6
238,금산,2022-08-29 09:00,19.2,0,.3,0,78,995.6,0,,10,,21.8
238,금산,2022-08-29 10:00,19.9,,1.2,200,75,995.9,0,,9,,23.7
238,금산,2022-08-29 11:00,20.1,0,1,200,74,996.5,0,,10,,23.4
238,금산,2022-08-29 12:00,19.8,.2,.9,270,79,996.7,0,,10,,23.1
238,금산,2022-08-29 13:00,19.8,.2,.1,0,80,996.3,0,,10,,23.4
238,금산,2022-08-29 14:00,20.1,.2,1.3,110,81,995.7,0,,10,,24.9
238,금산,2022-08-29 15:00,19.8,.2,1.2,110,86,995.4,0,,10,,23.8
238,금산,2022-08-29 16:00,19.8,.5,.9,110,89,995.1,0,,10,,23.9
238,금산,2022-08-29 17:00,19.7,0,1,110,89,995,0,,10,,24
238,금산,2022-08-29 18:00,19.5,0,1.2,110,89,994.7,0,,10,,22.8
238,금산,2022-08-29 19:00,19.1,0,1.3,160,90,994.7,0,,10,,21.6
238,금산,2022-08-29 20:00,18.9,,.9,160,91,995.2,0,,9,,21
238,금산,2022-08-29 21:00,18.9,,.4,0,91,996.1,,,10,,20.9
238,금산,2022-08-29 22:00,18.7,,1.1,180,92,995.8,,,0,,20.7
238,금산,2022-08-29 23:00,18.6,,1.4,160,90,995.3,,,0,,20.5
238,금산,2022-08-30 00:00,18.7,,1.2,160,88,995.3,,,10,,20.4
238,금산,2022-08-30 01:00,18.6,,1,160,87,994.7,,,10,,20.3
238,금산,2022-08-30 02:00,18.6,,1,160,86,993.8,,,9,,20.2
238,금산,2022-08-30 03:00,18.4,,1,180,89,993.3,,,10,,20.2
238,금산,2022-08-30 04:00,18.4,,.9,140,87,992.8,,,8,,20.2
238,금산,2022-08-30 05:00,18.4,0,.6,140,88,992.5,,,10,,20.2
238,금산,2022-08-30 06:00,18.3,0,.1,0,90,992.6,,,10,,20.1
238,금산,2022-08-30 07:00,18.1,0,.5,290,95,992.7,0,,10,,20.2
238,금산,2022-08-30 08:00,18.4,.2,0,0,95,992.7,0,,10,,21
238,금산,2022-08-30 09:00,18.5,0,0,0,92,992.4,0,,9,,21.3
238,금산,2022-08-30 10:00,19.3,.1,1.2,140,91,992.2,0,,10,,23.5
238,금산,2022-08-30 11:00,19.6,0,.6,110,87,992,0,,10,,23.7
238,금산,2022-08-30 12:00,20.2,.4,.9,160,90,991.2,0,,10,,26.5
238,금산,2022-08-30 13:00,20.5,.1,1.8,110,91,990.2,0,,10,,26
238,금산,2022-08-30 14:00,20.4,0,1.5,140,90,990,0,,10,,25.2
238,금산,2022-08-30 15:00,20.2,.8,.9,140,93,989.7,0,,10,,24.2
238,금산,2022-08-30 16:00,20.1,.8,1.4,110,96,989.1,0,,10,,23.7
238,금산,2022-08-30 17:00,20,1.1,1.4,110,97,988.3,0,,10,,23.1
238,금산,2022-08-30 18:00,19.9,.5,1.1,110,97,987.9,0,,10,,22.4
238,금산,2022-08-30 19:00,19.9,,.9,140,97,987.9,0,,10,,22.1
238,금산,2022-08-30 20:00,19.7,.1,.7,140,98,988.1,0,,9,,21.7
238,금산,2022-08-30 21:00,19.5,3.3,0,0,100,988.2,,,10,,21.2
238,금산,2022-08-30 22:00,19.6,1.8,0,0,100,988,,,10,,21.3
238,금산,2022-08-30 23:00,19.5,3.3,.2,0,100,987.7,,,10,,21.1
238,금산,2022-08-31 00:00,19.6,1.8,0,0,100,987.5,,,10,,21.3
238,금산,2022-08-31 01:00,19.6,1,.2,0,100,987.2,,,10,,21.3
238,금산,2022-08-31 02:00,19.5,1.6,0,0,100,986.8,,,9,,21.3
238,금산,2022-08-31 03:00,19.6,1.1,0,0,100,986.5,,,10,,21.3
238,금산,2022-08-31 04:00,19.6,.9,.1,0,100,986.5,,,10,,21.2
238,금산,2022-08-31 05:00,19.6,1.4,.3,0,100,986.6,,,10,,21.1
238,금산,2022-08-31 06:00,19.6,1.8,.1,0,100,987.1,,,10,,21.1
238,금산,2022-08-31 07:00,19.7,2.3,0,0,100,987.4,0,,10,,21.2
238,금산,2022-08-31 08:00,19.7,.2,.8,340,100,987.7,0,,10,,21.4
238,금산,2022-08-31 09:00,20.1,.1,1,320,98,988.2,0,,10,,22.3
238,금산,2022-08-31 10:00,20.5,.2,.4,0,98,988.5,0,,10,,22.8
238,금산,2022-08-31 11:00,20.8,.6,.2,0,95,988.7,0,,10,,23.9
238,금산,2022-08-31 12:00,21.5,0,.6,320,91,988.4,0,,10,,24.7
238,금산,2022-08-31 13:00,20.7,0,.4,0,94,988.1,0,,9,,23.6
238,금산,2022-08-31 14:00,21,.2,.8,230,93,988,0,,9,,24.9
238,금산,2022-08-31 15:00,21.8,,1.1,270,91,987.8,0,,10,,25.8
238,금산,2022-08-31 16:00,22.3,,.6,290,85,987.8,0,,8,,25.7
238,금산,2022-08-31 17:00,22,,.7,320,85,988,0,,9,,24.3
238,금산,2022-08-31 18:00,22,,.5,270,87,988,0,,9,,24
238,금산,2022-08-31 19:00,21.2,,.6,290,94,988.6,0,,8,,22.7
238,금산,2022-08-31 20:00,20.5,,0,0,98,989.1,0,,8,,22
238,금산,2022-08-31 21:00,20.3,,.1,0,98,989.8,,,8,,21.7
238,금산,2022-08-31 22:00,19.9,,.6,290,100,989.9,,,9,,21.1
238,금산,2022-08-31 23:00,19.4,,0,0,100,990.7,,,9,,20.9
238,금산,2022-09-01 00:00,19.2,,.1,0,100,990.7,,,9,,21
238,금산,2022-09-01 01:00,19.2,,.1,0,100,990.8,,,7,,21.2
238,금산,2022-09-01 02:00,19.1,,0,0,100,990.8,,,7,,21.2
238,금산,2022-09-01 03:00,19.4,,.1,0,100,991.2,,,8,,21.1
238,금산,2022-09-01 04:00,19.6,,0,0,100,991.7,,,9,,21.1
238,금산,2022-09-01 05:00,19.3,,.3,0,100,992,,,8,,20.4
238,금산,2022-09-01 06:00,19.2,,0,0,100,992.2,,,8,,20.8
238,금산,2022-09-01 07:00,19.4,,.2,0,100,992.9,0,,10,,21
238,금산,2022-09-01 08:00,20,,.2,0,95,992.8,0,,10,,22.2
238,금산,2022-09-01 09:00,20.6,,.1,0,91,993.3,0,,10,,23.3
238,금산,2022-09-01 10:00,21.3,,.2,0,86,994.1,0,,10,,24.4
238,금산,2022-09-01 11:00,21.9,,.3,0,84,994.1,0,,10,,25.1
238,금산,2022-09-01 12:00,23.2,,.8,340,79,993.7,.1,,8,,28.3
238,금산,2022-09-01 13:00,23.7,,.5,110,74,993.7,.1,,10,,28.1
238,금산,2022-09-01 14:00,24.1,,1.3,50,72,993.1,.1,,9,,28.2
238,금산,2022-09-01 15:00,24.2,,2.1,20,72,992.8,.1,,10,,27
238,금산,2022-09-01 16:00,24.8,,1.3,50,68,993.1,.2,,10,,28.9
238,금산,2022-09-01 17:00,24.2,,1.4,90,66,993.1,0,,10,,26
238,금산,2022-09-01 18:00,24.1,,.8,110,69,993.6,.5,,9,,24.9
238,금산,2022-09-01 19:00,22.9,,.3,0,73,993.7,.5,,8,,22.8
238,금산,2022-09-01 20:00,19.9,,.3,0,94,994.2,,,6,,21.3
238,금산,2022-09-01 21:00,19.1,,.4,0,96,994.7,,,7,,20.5
238,금산,2022-09-01 22:00,18.6,,.4,0,98,994.9,,,7,,19.9
238,금산,2022-09-01 23:00,17.9,,0,0,100,995.3,,,0,,19
238,금산,2022-09-02 00:00,17.2,,0,0,100,995.4,,,1,,18.5
238,금산,2022-09-02 01:00,16.6,,0,0,100,995.6,,,3,,18
238,금산,2022-09-02 02:00,16.2,,.4,0,100,995.6,,,4,,18
238,금산,2022-09-02 03:00,15.9,,0,0,100,995.6,,,3,,17.9
238,금산,2022-09-02 04:00,15.2,,.2,0,100,995.4,,,5,,17.5
238,금산,2022-09-02 05:00,15,,.5,320,100,995.2,,,6,,17.1
238,금산,2022-09-02 06:00,15.2,,.1,0,100,995.4,,,7,,17.1
238,금산,2022-09-02 07:00,15.8,,.2,0,100,995.9,.1,,9,,18.3
238,금산,2022-09-02 08:00,18.1,,0,0,98,995.9,0,,9,,20.3
238,금산,2022-09-02 09:00,20.8,,1.2,110,82,996.1,.2,,9,,23.4
238,금산,2022-09-02 10:00,22.3,,2.1,110,75,995.8,.1,,9,,24.5
238,금산,2022-09-02 11:00,23.6,,3,110,69,995.8,.2,,7,,26.5
238,금산,2022-09-02 12:00,23.7,,3.7,90,68,995.4,.2,,8,,26.5
238,금산,2022-09-02 13:00,24.3,,2.7,90,65,994.8,0,,8,,26.9
238,금산,2022-09-02 14:00,25.6,,3,90,62,994.5,.2,,8,,30.2
238,금산,2022-09-02 15:00,24.2,,3.7,90,66,994.3,0,,8,,26
238,금산,2022-09-02 16:00,23.7,,3.2,90,68,994.6,0,,9,,24.4
238,금산,2022-09-02 17:00,23.9,,3.2,90,65,995,0,,7,,24.6
238,금산,2022-09-02 18:00,23.3,,3.1,90,68,995.2,0,,6,,23.1
238,금산,2022-09-02 19:00,22.7,,2.4,90,71,995.4,0,,5,,22.1
238,금산,2022-09-02 20:00,22.2,,1.9,110,74,996,,,6,,21.6
238,금산,2022-09-02 21:00,21.9,,2.2,110,76,996.2,,,7,,21.4
238,금산,2022-09-02 22:00,21.5,,1.8,110,77,995.8,,,6,,20.7
238,금산,2022-09-02 23:00,21.1,,2,110,80,995.6,,,5,,20.1
238,금산,2022-09-03 00:00,21.1,,.1,0,80,995.4,,,9,,20.4
238,금산,2022-09-03 01:00,20.8,,.6,140,80,994.8,,,5,,20.1
238,금산,2022-09-03 02:00,20.9,,1.5,110,80,994.4,,,5,,20.2
238,금산,2022-09-03 03:00,20.7,0,1.9,110,82,994.1,,,3,,20.3
238,금산,2022-09-03 04:00,21,,1.9,90,80,993.9,,,4,,20.2
238,금산,2022-09-03 05:00,20.7,,1.5,110,82,994.1,,,6,,20
238,금산,2022-09-03 06:00,20.4,,.6,140,83,994.1,,,7,,20
238,금산,2022-09-03 07:00,21,,1.4,140,81,994.5,.3,,7,,20.5
238,금산,2022-09-03 08:00,22.3,,3.5,90,74,994.5,1,,8,,21.5
238,금산,2022-09-03 09:00,23.8,,2.7,90,70,994.3,1,,6,,23.4
238,금산,2022-09-03 10:00,24.7,,2.7,90,68,994.2,.5,,8,,28.3
238,금산,2022-09-03 11:00,24.5,,3.3,90,68,994,.4,,7,,28.8
238,금산,2022-09-03 12:00,24.7,,2.8,90,68,993.9,.2,,8,,27.7
238,금산,2022-09-03 13:00,25.9,,3.5,110,67,993.6,.5,,9,,32.7
238,금산,2022-09-03 14:00,25.9,,3.5,110,65,993.3,.7,,8,,32.2
238,금산,2022-09-03 15:00,25.7,,3.1,90,67,992.8,.5,,8,,31.5
238,금산,2022-09-03 16:00,25.5,,2.5,90,70,992.6,.5,,7,,30.1
238,금산,2022-09-03 17:00,24.1,,3.5,90,74,993.1,0,,6,,27.3
238,금산,2022-09-03 18:00,23.2,,3.3,110,75,993,0,,6,,25.3
238,금산,2022-09-03 19:00,22.7,,2.6,110,75,993.1,0,,4,,23.3
238,금산,2022-09-03 20:00,21.1,.3,1.5,110,87,994.3,,,0,,22.6
238,금산,2022-09-03 21:00,21.1,0,1.1,110,88,994.6,,,4,,22.3
238,금산,2022-09-03 22:00,20.7,,1,110,87,994.2,,,5,,21.4
238,금산,2022-09-03 23:00,20.9,,1.8,110,86,994,,,7,,21.3
238,금산,2022-09-04 00:00,20.9,,1.6,110,85,993.4,,,3,,21.2
238,금산,2022-09-04 01:00,20.8,,1.1,140,85,993.1,,,4,,20.9
238,금산,2022-09-04 02:00,20.6,,1.2,160,86,992.6,,,6,,20.9
238,금산,2022-09-04 03:00,20.5,,.7,140,87,992.1,,,6,,20.4
238,금산,2022-09-04 04:00,20.5,,1,140,87,991.7,,,6,,20.4
238,금산,2022-09-04 05:00,20.5,,.9,160,88,991.6,,,9,,20.8
238,금산,2022-09-04 06:00,20.5,,.5,180,88,991.8,,,10,,20.9
238,금산,2022-09-04 07:00,20.6,,1.2,180,90,991.7,0,,10,,21.2
238,금산,2022-09-04 08:00,21.1,,1.4,140,87,991.5,0,,10,,21.7
238,금산,2022-09-04 09:00,21.5,.1,1.4,140,90,991.1,0,,10,,23.7
238,금산,2022-09-04 10:00,25,0,1.9,110,77,991,.2,,9,,28.2
238,금산,2022-09-04 11:00,26.8,,2.1,110,71,989.9,0,,9,,29.1
238,금산,2022-09-04 12:00,27.1,,2.3,110,70,988.9,.3,,9,,29
238,금산,2022-09-04 13:00,28.8,,1.3,90,67,988.9,0,,9,,32.1
238,금산,2022-09-04 14:00,29,,2.3,140,63,987.9,.1,,8,,32
238,금산,2022-09-04 15:00,28.9,,3.5,160,62,987.5,0,,9,,29.8
238,금산,2022-09-04 16:00,28.9,,3.1,180,63,987.5,0,,10,,29.5
238,금산,2022-09-04 17:00,27.9,,1.2,180,70,987.9,0,,10,,27.4
238,금산,2022-09-04 18:00,27.1,,1.1,160,76,987.8,0,,10,,26.4
238,금산,2022-09-04 19:00,26.1,0,.8,180,82,987.9,0,,10,,25.4
238,금산,2022-09-04 20:00,25.7,0,.3,0,80,988.5,,,10,,24.6
238,금산,2022-09-04 21:00,24.3,,.5,360,93,988.9,,,10,,24.3
238,금산,2022-09-04 22:00,24.3,,.4,0,90,989.1,,,9,,24
238,금산,2022-09-04 23:00,23.8,,.1,0,94,989,,,10,,23.7
238,금산,2022-09-05 00:00,23.1,,.2,0,96,988.8,,,10,,23.5
238,금산,2022-09-05 01:00,22.7,,.1,0,97,988.4,,,10,,23.3
238,금산,2022-09-05 02:00,22.6,0,.3,0,98,988,,,10,,23.2
238,금산,2022-09-05 03:00,22.4,0,.1,0,97,988,,,10,,23.2
238,금산,2022-09-05 04:00,22.2,0,.1,0,98,987.6,,,10,,23
238,금산,2022-09-05 05:00,22,,0,0,99,987.2,,,10,,22.9
238,금산,2022-09-05 06:00,21.9,,.1,0,99,987.1,,,10,,22.7
238,금산,2022-09-05 07:00,21.9,.3,.2,0,100,987.2,0,,10,,22.9
238,금산,2022-09-05 08:00,22.2,.6,0,0,99,986.8,0,,10,,23.3
238,금산,2022-09-05 09:00,22.6,.4,0,0,99,986.5,0,,10,,24
238,금산,2022-09-05 10:00,23.6,.1,.5,200,96,986.4,0,,10,,26
238,금산,2022-09-05 11:00,23.9,.6,1,160,96,986.4,0,,10,,26.7
238,금산,2022-09-05 12:00,24.1,.5,.6,160,97,985.3,0,,10,,26.6
238,금산,2022-09-05 13:00,24.4,.4,.9,200,96,984.8,0,,10,,26.4
238,금산,2022-09-05 14:00,24.3,1.4,.4,0,97,984.3,0,,10,,26
238,금산,2022-09-05 15:00,23.8,2.6,.9,110,96,983.4,0,,10,,25.3
238,금산,2022-09-05 16:00,23.5,1.5,.4,0,98,982.8,0,,10,,25
238,금산,2022-09-05 17:00,23.4,2.4,.4,0,99,982.5,0,,10,,24.6
238,금산,2022-09-05 18:00,23.2,2,.5,290,99,982.5,0,,10,,24.1
238,금산,2022-09-05 19:00,22.9,1.9,.3,0,100,981.8,0,,10,,23.8
238,금산,2022-09-05 20:00,22.5,3.4,.5,290,100,981.3,,,10,,23.5
238,금산,2022-09-05 21:00,22.5,1.6,.4,0,100,980.3,,,10,,23.3
238,금산,2022-09-05 22:00,22.7,5,.8,290,100,979.2,,,10,,23.2
238,금산,2022-09-05 23:00,23.5,5.8,2.1,20,93,977.5,,,10,,23.1
238,금산,2022-09-06 00:00,20.6,4.9,2.6,290,98,976.1,,,10,,22.2
238,금산,2022-09-06 01:00,20,3.2,2.1,320,99,975,,,10,,21.6
238,금산,2022-09-06 02:00,19.5,4,2.3,290,99,973.7,,,10,,21.1
238,금산,2022-09-06 03:00,19.5,6.1,2.2,320,97,972.9,,,10,,20.7
238,금산,2022-09-06 04:00,18.8,3.4,2.3,340,94,972.2,,,10,,20.1
238,금산,2022-09-06 05:00,18.2,7.2,2.7,340,95,971.6,,,10,,19.6
238,금산,2022-09-06 06:00,17.5,2.1,3,320,93,973.9,,,10,,18.9
238,금산,2022-09-06 07:00,17.6,1.2,3.7,320,92,976.3,0,,10,,18.5
238,금산,2022-09-06 08:00,17.9,4.8,2.5,320,92,978.3,0,,10,,18.9
238,금산,2022-09-06 09:00,18.3,,1.4,270,93,980.1,0,,10,,20.8
238,금산,2022-09-06 10:00,18.5,,2,290,92,982.1,0,,8,,21.2
238,금산,2022-09-06 11:00,19.7,,2.8,290,85,983.6,.1,,9,,24.1
238,금산,2022-09-06 12:00,21.6,,2.6,290,74,984.8,.1,,10,,26
238,금산,2022-09-06 13:00,23.2,,3.1,270,70,985.9,.3,,10,,28.1
238,금산,2022-09-06 14:00,24,,3,290,64,986.6,.8,,6,,29.9
238,금산,2022-09-06 15:00,25,,2.6,290,57,987.2,.9,,6,,29.9
238,금산,2022-09-06 16:00,24.9,,2.5,290,58,987.9,.9,,2,,29.2
238,금산,2022-09-06 17:00,24.5,,2.3,290,61,989.1,.9,,0,,27.9
238,금산,2022-09-06 18:00,22.9,,1.6,270,69,990.3,1,,0,,23.9
238,금산,2022-09-06 19:00,21.1,,1.1,270,79,991.2,.5,,0,,21.9
238,금산,2022-09-06 20:00,19.4,,.5,290,84,992.1,,,0,,20.5
238,금산,2022-09-06 21:00,18.5,,0,0,89,993,,,0,,19.4
238,금산,2022-09-06 22:00,17,,0,0,98,993.3,,,0,,18.6
238,금산,2022-09-06 23:00,16.1,,.6,20,98,993.5,,,0,,17.9
238,금산,2022-09-07 00:00,16.3,,.5,110,98,994.1,,,0,,17.5
238,금산,2022-09-07 01:00,14.7,,.8,320,99,994.6,,,0,,17
238,금산,2022-09-07 02:00,14.6,,.4,0,100,995.1,,,0,,17.4
238,금산,2022-09-07 03:00,14.8,,.3,0,100,995.3,,,2,,17.9
238,금산,2022-09-07 04:00,14.5,,0,0,100,995.3,,,0,,18
238,금산,2022-09-07 05:00,14.5,,.2,0,100,995.6,,,9,,18.2
238,금산,2022-09-07 06:00,14,,.2,0,100,996.4,,,9,,18.1
238,금산,2022-09-07 07:00,14.4,,.4,0,100,997.1,0,,1,,18.6
238,금산,2022-09-07 08:00,14.4,,.5,140,100,997.6,0,,8,,19.8
238,금산,2022-09-07 09:00,16.4,,.8,230,98,998,.3,,1,,21.2
238,금산,2022-09-07 10:00,19.9,,.2,0,77,998.2,1,,0,,24
238,금산,2022-09-07 11:00,23,,.7,160,66,998.1,1,,0,,30.1
238,금산,2022-09-07 12:00,24.5,,.9,250,54,997.6,1,,0,,32.7
238,금산,2022-09-07 13:00,26.3,,1.9,50,44,997.3,1,,0,,33.4
238,금산,2022-09-07 14:00,26.8,,2.4,20,34,997,1,,0,,31.9
238,금산,2022-09-07 15:00,26.5,,2.7,20,37,996.6,1,,1,,31.3
238,금산,2022-09-07 16:00,26.7,,1.8,290,37,996.7,1,,7,,30
238,금산,2022-09-07 17:00,26.4,,.9,290,37,996.9,1,,6,,29.2
238,금산,2022-09-07 18:00,24.2,,.7,270,53,997.1,1,,6,,24.4
238,금산,2022-09-07 19:00,20.2,,1.1,270,71,997.3,.5,,4,,21.7
238,금산,2022-09-07 20:00,18.1,,.6,250,81,997.7,,,0,,20.1
238,금산,2022-09-07 21:00,16.7,,.8,270,86,998.5,,,4,,19
238,금산,2022-09-07 22:00,15.9,,.6,290,90,998.6,,,8,,18.4
238,금산,2022-09-07 23:00,15.1,,.9,270,92,998.5,,,1,,17.7
238,금산,2022-09-08 00:00,14.4,,.1,0,94,998.4,,,2,,17.2
238,금산,2022-09-08 01:00,14,,.5,290,98,998.8,,,1,,16.6
238,금산,2022-09-08 02:00,13.7,,.4,0,99,998.7,,,0,,16.2
238,금산,2022-09-08 03:00,13.1,,0,0,98,998.7,,,1,,15.9
238,금산,2022-09-08 04:00,12.7,,.3,0,100,998.9,,,1,,15.7
238,금산,2022-09-08 05:00,12.4,,0,0,100,998.6,,,2,,15.3
238,금산,2022-09-08 06:00,11.8,,.1,0,100,999,,,5,,15.5
238,금산,2022-09-08 07:00,12.2,,.3,0,100,999.3,.2,,2,,16.5
238,금산,2022-09-08 08:00,13.1,,.1,0,100,999.5,0,,4,,18.3
238,금산,2022-09-08 09:00,15.8,,.2,0,88,999.4,.8,,2,,18.7
238,금산,2022-09-08 10:00,19.7,,.3,0,68,999.1,1,,2,,23
238,금산,2022-09-08 11:00,23.6,,.9,270,56,998.6,1,,0,,29.5
238,금산,2022-09-08 12:00,25.7,,1.1,50,48,998,1,,2,,33.2
238,금산,2022-09-08 13:00,26.4,,1.1,140,43,997.4,1,,0,,34.4
238,금산,2022-09-08 14:00,27.4,,1.4,90,43,996.6,1,,2,,34.9
238,금산,2022-09-08 15:00,28.2,,1.2,50,41,995.9,1,,0,,33.2
238,금산,2022-09-08 16:00,27.6,,1.7,20,44,995.9,1,,7,,30.8
238,금산,2022-09-08 17:00,27.4,,1.5,90,38,995.7,.9,,7,,28.5
238,금산,2022-09-08 18:00,24.1,,.9,270,63,996,.7,,7,,24.8
238,금산,2022-09-08 19:00,20.4,,.9,270,75,996.1,.1,,5,,22.1
238,금산,2022-09-08 20:00,19.2,,.7,290,82,996.9,,,7,,20.8
238,금산,2022-09-08 21:00,18.6,,0,0,85,997.5,,,7,,20
238,금산,2022-09-08 22:00,17.7,,.4,0,90,997.5,,,4,,19.2
238,금산,2022-09-08 23:00,16.8,,.4,0,95,997.4,,,6,,18.7
238,금산,2022-09-09 00:00,16.7,,0,0,94,997.4,,,9,,18.5
238,금산,2022-09-09 01:00,15.8,,0,0,97,997.4,,,7,,17.7
238,금산,2022-09-09 02:00,15.7,,.4,0,98,997.2,,,6,,17.8
238,금산,2022-09-09 03:00,15.3,,0,0,98,997.2,,,6,,17.3
238,금산,2022-09-09 04:00,14.7,,.1,0,100,997.3,,,7,,17.5
238,금산,2022-09-09 05:00,14.8,,.1,0,100,997.3,,,8,,17.3
238,금산,2022-09-09 06:00,14.5,,0,0,100,997.4,,,8,,16.8
238,금산,2022-09-09 07:00,14.7,,0,0,100,997.9,0,,6,,17.7
238,금산,2022-09-09 08:00,15.5,,.2,0,100,998.1,0,,6,,19.1
238,금산,2022-09-09 09:00,19.1,,.5,20,84,998.1,.6,,7,,21.1
238,금산,2022-09-09 10:00,20.6,,.7,140,71,998.3,.5,,8,,24.3
238,금산,2022-09-09 11:00,23.5,,1.9,110,54,998.1,.9,,7,,30
238,금산,2022-09-09 12:00,24.8,,1.3,90,51,997.5,1,,0,,33.4
238,금산,2022-09-09 13:00,26.1,,1.1,140,48,996.8,1,,0,,34.5
238,금산,2022-09-09 14:00,27,,1.7,70,46,996.3,1,,0,,34.5
238,금산,2022-09-09 15:00,27.5,,1.7,70,42,995.9,1,,0,,33.8
238,금산,2022-09-09 16:00,27.6,,2.6,70,40,995.7,1,,0,,32.2
238,금산,2022-09-09 17:00,26.3,,2.5,90,46,995.6,.9,,3,,27.8
238,금산,2022-09-09 18:00,25.6,,1.7,90,53,995.6,1,,7,,24.7
238,금산,2022-09-09 19:00,23.9,,.7,110,60,996.1,0,,4,,22.5
238,금산,2022-09-09 20:00,20.4,,.8,270,79,996.5,,,7,,21.4
238,금산,2022-09-09 21:00,19.4,,.6,250,85,997.3,,,6,,20.2
238,금산,2022-09-09 22:00,18.2,,.9,290,91,997.7,,,5,,19.3
238,금산,2022-09-09 23:00,17.8,,.1,0,92,998.4,,,6,,18.7
238,금산,2022-09-10 00:00,18.8,,.9,140,85,998.3,,,10,,19.2
238,금산,2022-09-10 01:00,19,,1.1,140,77,998.1,,,9,,18.8
238,금산,2022-09-10 02:00,18.8,,.9,140,75,997.8,,,9,,18.5
238,금산,2022-09-10 03:00,16.9,,.6,270,87,997.5,,,9,,18.1
238,금산,2022-09-10 04:00,16.5,,.7,290,89,997.6,,,10,,18.1
238,금산,2022-09-10 05:00,16.6,,.3,0,89,997.8,,,10,,17.9
238,금산,2022-09-10 06:00,16.5,,.3,0,92,997.8,,,10,,18
238,금산,2022-09-10 07:00,16.9,,.3,0,90,998.3,0,,10,,18.6
238,금산,2022-09-10 08:00,18.6,,.2,0,82,998.1,0,,10,,20.3
238,금산,2022-09-10 09:00,19.2,,1.1,140,80,997.7,0,,10,,21.7
238,금산,2022-09-10 10:00,20.8,,1.4,110,71,998.6,0,,9,,24.6
238,금산,2022-09-10 11:00,21.4,,1.8,110,69,998.3,0,,10,,24.3
238,금산,2022-09-10 12:00,21.7,,1.5,140,67,997.6,0,,9,,26.2
238,금산,2022-09-10 13:00,23.9,,2.1,110,58,997.2,.5,,10,,30.8
238,금산,2022-09-10 14:00,24,,2.5,90,58,996.7,.7,,9,,30.9
238,금산,2022-09-10 15:00,23.8,,2.2,110,58,996.3,.1,,9,,28.2
238,금산,2022-09-10 16:00,24.4,,2,110,57,995.9,.4,,10,,30
238,금산,2022-09-10 17:00,23.6,,2.4,110,59,996,.2,,8,,26.3
238,금산,2022-09-10 18:00,22.6,,1.6,90,59,996.3,0,,10,,23.5
238,금산,2022-09-10 19:00,21.8,,1.2,90,61,996.3,0,,9,,21.9
238,금산,2022-09-10 20:00,20.3,,.3,0,71,996.6,,,10,,20.9
238,금산,2022-09-10 21:00,18.8,,.3,0,79,997,,,7,,19.8
238,금산,2022-09-10 22:00,18,,.6,250,83,996.8,,,9,,19.2
238,금산,2022-09-10 23:00,17.6,,.4,0,86,997,,,9,,19
238,금산,2022-09-11 00:00,17.5,,.4,0,88,997.1,,,9,,19
238,금산,2022-09-11 01:00,17.1,,.5,340,92,996.6,,,10,,18.9
238,금산,2022-09-11 02:00,16.9,,.7,270,93,996,,,10,,18.8
238,금산,2022-09-11 03:00,17.3,,.2,0,91,995.8,,,9,,18.8
238,금산,2022-09-11 04:00,16.9,,0,0,94,995.8,,,10,,18.7
238,금산,2022-09-11 05:00,17,,.2,0,90,995.6,,,9,,18.6
238,금산,2022-09-11 06:00,16.3,,0,0,95,995.7,,,7,,17.9
238,금산,2022-09-11 07:00,15.8,,0,0,97,996,0,,5,,17.7
238,금산,2022-09-11 08:00,19,,.2,0,81,996.2,.8,,7,,20.5
238,금산,2022-09-11 09:00,21.8,,.7,140,69,995.9,1,,5,,21.4
238,금산,2022-09-11 10:00,23.5,,1.7,110,63,995.6,1,,3,,25.8
238,금산,2022-09-11 11:00,24.5,,1.5,70,59,995.2,1,,7,,30.1
238,금산,2022-09-11 12:00,25.9,,1.5,90,56,994.6,.9,,7,,34.1
238,금산,2022-09-11 13:00,26.8,,1.1,290,54,994.1,.9,,6,,34.3
238,금산,2022-09-11 14:00,27.1,,1,290,57,993.4,.7,,7,,32.7
238,금산,2022-09-11 15:00,28,,1.3,320,53,993,.7,,8,,34
238,금산,2022-09-11 16:00,26.5,,1.6,70,59,992.9,.5,,8,,29.8
238,금산,2022-09-11 17:00,26.3,,1.6,20,63,993.2,.1,,8,,27.9
238,금산,2022-09-11 18:00,25.4,,.3,0,71,993.2,0,,9,,26.2
238,금산,2022-09-11 19:00,23.6,,.8,290,81,993.1,0,,7,,24.2
238,금산,2022-09-11 20:00,22.4,,.7,230,85,993,,,4,,23
238,금산,2022-09-11 21:00,21.6,,.9,320,87,993.9,,,8,,22.4
238,금산,2022-09-11 22:00,21.8,,.5,230,87,994,,,9,,22.4
238,금산,2022-09-11 23:00,21.5,,.1,0,88,994.1,,,9,,22.1
238,금산,2022-09-12 00:00,20.8,,.4,0,93,994.1,,,10,,21.8
238,금산,2022-09-12 01:00,20.3,0,.4,0,95,993.9,,,9,,21.3
238,금산,2022-09-12 02:00,20,,0,0,96,994,,,7,,20.9
238,금산,2022-09-12 03:00,20,,.3,0,95,994.4,,,10,,20.9
238,금산,2022-09-12 04:00,19.6,,.3,0,97,993.9,,,10,,20.8
238,금산,2022-09-12 05:00,20.1,,.2,0,95,994,,,10,,20.9
238,금산,2022-09-12 06:00,19.6,.1,.4,0,98,994.2,,,5,,20.8
238,금산,2022-09-12 07:00,20,.2,.6,160,98,994.5,0,,10,,21.3
238,금산,2022-09-12 08:00,20.4,,.4,0,93,994.4,0,,10,,22.4
238,금산,2022-09-12 09:00,21.4,,1.5,110,86,994.3,0,,10,,24.7
238,금산,2022-09-12 10:00,21.7,,1.1,160,83,994.7,0,,10,,25.8
238,금산,2022-09-12 11:00,23,,.8,140,81,994.3,0,,10,,28
238,금산,2022-09-12 12:00,23.8,,.7,200,76,994,0,,10,,28
238,금산,2022-09-12 13:00,24,,.4,0,77,994.2,0,,,,27.2
238,금산,2022-09-12 14:00,24,,.8,160,76,994.3,0,,10,,26.9
238,금산,2022-09-12 15:00,24.1,,1.2,140,77,993.6,0,,10,,26.2
238,금산,2022-09-12 16:00,23.6,.1,.3,0,83,993.1,0,,10,,25.8
238,금산,2022-09-12 17:00,23.6,,.5,140,82,993.6,0,,10,,25.3
238,금산,2022-09-12 18:00,22.8,0,.2,0,89,994,0,,10,,24
238,금산,2022-09-12 19:00,22.3,0,1.1,180,92,993.5,0,,10,,23
238,금산,2022-09-12 20:00,21.3,0,.6,270,96,994,,,10,,22.4
238,금산,2022-09-12 21:00,21.3,,.1,0,95,994.5,,,8,,21.7
238,금산,2022-09-12 22:00,20.9,,.2,0,97,994.3,,,10,,21.8
238,금산,2022-09-12 23:00,20.6,,.6,320,97,994.4,,,10,,21.5
238,금산,2022-09-13 00:00,20.5,,.1,0,98,994.1,,,10,,21.5
238,금산,2022-09-13 01:00,20.4,,.9,290,99,994.1,,,10,,21.4
238,금산,2022-09-13 02:00,20.3,,0,0,99,993.9,,,10,,21.3
238,금산,2022-09-13 03:00,20.1,,.1,0,100,993.8,,,10,,21
238,금산,2022-09-13 04:00,19.8,,.6,320,100,993.9,,,10,,20.8
238,금산,2022-09-13 05:00,19.7,,0,0,100,994,,,10,,20.8
238,금산,2022-09-13 06:00,19.3,,.1,0,100,994.3,,,10,,20.4
238,금산,2022-09-13 07:00,19.6,,0,0,100,994.8,0,,10,,20.9
238,금산,2022-09-13 08:00,20.9,,.1,0,94,994.9,0,,10,,22.4
238,금산,2022-09-13 09:00,22.2,,1.3,160,82,995,0,,10,,24.8
238,금산,2022-09-13 10:00,23.8,,.4,0,75,995.2,.1,,10,,27.1
238,금산,2022-09-13 11:00,25.1,,1.2,140,70,995.1,0,,10,,28.6
238,금산,2022-09-13 12:00,26.5,,1.9,110,63,994.7,0,,9,,29.9
238,금산,2022-09-13 13:00,27.8,,2.6,90,56,994.8,.9,,8,,32.8
238,금산,2022-09-13 14:00,26.8,,2.2,90,59,994.9,0,,10,,29
238,금산,2022-09-13 15:00,26.9,,2.3,90,63,994.9,0,,10,,29.1
238,금산,2022-09-13 16:00,26.4,,2.3,90,65,994.8,0,,10,,28
238,금산,2022-09-13 17:00,26,,1.6,70,67,994.9,0,,10,,26.2
238,금산,2022-09-13 18:00,25.6,,1.6,90,68,995,0,,10,,25.2
238,금산,2022-09-13 19:00,24.9,0,2,70,67,995.2,0,,10,,23.7
238,금산,2022-09-13 20:00,24.7,0,1.7,70,65,995.7,,,10,,23
238,금산,2022-09-13 21:00,24.5,,1.2,90,62,996.4,,,10,,22.6
238,금산,2022-09-13 22:00,23.8,0,1.3,110,63,996.1,,,9,,22.3
238,금산,2022-09-13 23:00,23.5,,1.6,110,55,995.8,,,10,,21.7
238,금산,2022-09-14 00:00,23.3,,1.7,110,53,995.7,,,10,,21.1
238,금산,2022-09-14 01:00,23.1,,1.9,110,47,995.7,,,10,,20.6
238,금산,2022-09-14 02:00,22.2,,.9,140,48,995.6,,,10,,20.3
238,금산,2022-09-14 03:00,21.3,,1,160,53,995.7,,,10,,20
238,금산,2022-09-14 04:00,21,,.9,160,57,995.4,,,10,,19.8
238,금산,2022-09-14 05:00,20.2,,.2,0,66,995.5,,,10,,19.8
238,금산,2022-09-14 06:00,19.9,,.7,200,66,995.8,,,10,,19.7
238,금산,2022-09-14 07:00,21.4,,1.5,140,53,996.2,.2,,10,,20.1
238,금산,2022-09-14 08:00,22.4,,1.7,110,49,996.3,0,,10,,21.2
238,금산,2022-09-14 09:00,24.1,,3.6,110,40,996.3,.5,,8,,22.5
238,금산,2022-09-14 10:00,25,,4.4,110,38,996.5,.9,,7,,25.7
238,금산,2022-09-14 11:00,26.4,,3.9,110,42,996.2,1,,7,,30.2
238,금산,2022-09-14 12:00,26,,4.3,90,46,995.8,.9,,8,,30.8
238,금산,2022-09-14 13:00,26.1,,2.6,140,50,995.3,.1,,10,,30.4
238,금산,2022-09-14 14:00,25.8,,2.2,160,53,994.8,0,,10,,30.1
238,금산,2022-09-14 15:00,26.8,,3.8,90,48,993.9,.5,,8,,30.2
238,금산,2022-09-14 16:00,26.7,,3.6,90,44,993.7,.4,,8,,29.3
238,금산,2022-09-14 17:00,26.4,,3.6,90,43,993.5,.4,,8,,27.1
238,금산,2022-09-14 18:00,25.1,,2.7,110,47,993.9,.1,,7,,24
238,금산,2022-09-14 19:00,24.1,,2.5,110,52,994.2,0,,6,,22.1
238,금산,2022-09-14 20:00,23.1,,1.6,110,56,994.8,,,6,,21.1
238,금산,2022-09-14 21:00,22.3,,1.8,140,61,995.5,,,6,,20.4
238,금산,2022-09-14 22:00,21.9,,2.5,110,64,995.4,,,6,,20.1
238,금산,2022-09-14 23:00,21.7,,2.9,110,66,995.1,,,7,,19.8
238,금산,2022-09-15 00:00,21.4,,3.7,90,69,994.9,,,7,,19.6
238,금산,2022-09-15 01:00,21.1,,2.1,110,70,994.8,,,6,,19.4
238,금산,2022-09-15 02:00,21.2,,2.9,110,71,994,,,5,,19.3
238,금산,2022-09-15 03:00,21.3,,2,110,71,993.6,,,4,,19.2
238,금산,2022-09-15 04:00,21,,1.4,110,73,993.3,,,5,,19.1
238,금산,2022-09-15 05:00,19.4,,.1,0,82,993.2,,,6,,18.7
238,금산,2022-09-15 06:00,20.4,,1.4,140,78,993,,,7,,18.7
238,금산,2022-09-15 07:00,21.1,,1.8,110,76,993.3,.2,,7,,19.4
238,금산,2022-09-15 08:00,22.3,,1.8,110,70,992.9,1,,7,,20.8
238,금산,2022-09-15 09:00,23.2,,2.4,90,66,992.9,1,,7,,22.3
238,금산,2022-09-15 10:00,25.1,,2.6,90,58,992.9,1,,6,,26.5
238,금산,2022-09-15 11:00,26.6,,3.1,110,56,992.5,1,,6,,32.1
238,금산,2022-09-15 12:00,28,,3.3,90,56,991.7,1,,6,,36.4
238,금산,2022-09-15 13:00,28.6,,3.4,90,56,990.5,1,,7,,37.9
238,금산,2022-09-15 14:00,29.5,,3.2,110,56,989.6,1,,6,,38.5
238,금산,2022-09-15 15:00,29.7,,3.3,90,56,988.9,1,,7,,37.9
238,금산,2022-09-15 16:00,28.8,,3.1,90,59,989.1,.5,,6,,33.4
238,금산,2022-09-15 17:00,28.4,,2.7,110,61,989.1,.5,,7,,31.4
238,금산,2022-09-15 18:00,26.6,,2.3,110,66,989.2,.1,,4,,27.2
238,금산,2022-09-15 19:00,25.5,,1.4,110,70,989.3,0,,6,,25.1
238,금산,2022-09-15 20:00,24.9,,1.7,140,72,989.6,,,10,,24.4
238,금산,2022-09-15 21:00,24.4,,1.4,140,74,989.9,,,7,,23.6
238,금산,2022-09-15 22:00,24.1,,1.4,110,75,990.1,,,8,,23.3
238,금산,2022-09-15 23:00,22.9,,2,110,76,989.9,,,4,,22.3
238,금산,2022-09-16 00:00,22.1,,1.5,110,78,989.7,,,5,,21.6
238,금산,2022-09-16 01:00,21.5,,1,140,80,989.3,,,5,,21.1
238,금산,2022-09-16 02:00,20.9,,1.1,160,83,989.1,,,5,,20.7
238,금산,2022-09-16 03:00,20.8,,1.1,160,82,989.4,,,7,,20.8
238,금산,2022-09-16 04:00,20.3,,1.5,180,85,989.3,,,6,,20.6
238,금산,2022-09-16 05:00,20,,1.2,180,86,988.8,,,6,,20.3
238,금산,2022-09-16 06:00,19.8,,.8,180,87,988.8,,,8,,19.9
238,금산,2022-09-16 07:00,20.5,,1.4,140,85,989.1,.3,,6,,20.7
238,금산,2022-09-16 08:00,21.5,,1.4,160,80,989.3,.9,,6,,22.1
238,금산,2022-09-16 09:00,23.2,,1.4,140,74,989.4,1,,4,,23.7
238,금산,2022-09-16 10:00,25.3,,1.7,70,71,989.7,.9,,6,,27.7
238,금산,2022-09-16 11:00,27.1,,2.3,110,66,989,1,,3,,34.3
238,금산,2022-09-16 12:00,28.2,,2.5,110,65,988.3,.9,,4,,36.6
238,금산,2022-09-16 13:00,29.3,,2.3,110,61,987.3,1,,4,,41.2
238,금산,2022-09-16 14:00,30.1,,2.4,110,59,986.9,1,,6,,42.8
238,금산,2022-09-16 15:00,29.6,,2.2,110,62,986.9,.5,,8,,36.3
238,금산,2022-09-16 16:00,29,,1.7,110,65,987.1,0,,5,,33.7
238,금산,2022-09-16 17:00,29,,1.6,180,64,987.4,.2,,9,,32.2
238,금산,2022-09-16 18:00,27.6,,1.5,110,70,987.8,0,,8,,29.1
238,금산,2022-09-16 19:00,26.8,,1.7,110,74,987.9,0,,6,,27.1
238,금산,2022-09-16 20:00,26.2,,.9,140,76,988.6,,,6,,26.3
238,금산,2022-09-16 21:00,25.4,,.8,180,80,988.9,,,6,,25.6
238,금산,2022-09-16 22:00,24.3,,.6,290,88,988.9,,,9,,25.1
238,금산,2022-09-16 23:00,24.3,,.1,0,89,988.8,,,6,,24.7
238,금산,2022-09-17 00:00,23.9,,.1,0,89,988.8,,,6,,23.9
238,금산,2022-09-17 01:00,22.7,,.6,270,96,988.6,,,7,,23
238,금산,2022-09-17 02:00,22.4,,0,0,96,988.6,,,4,,22.9
238,금산,2022-09-17 03:00,21.9,,.2,0,98,988.6,,,5,,22
238,금산,2022-09-17 04:00,21.8,,.3,0,98,988.8,,,4,,22.3
238,금산,2022-09-17 05:00,21.7,,0,0,98,989,,,9,,22.6
238,금산,2022-09-17 06:00,21.8,,0,0,98,989.1,,,7,,22.1
238,금산,2022-09-17 07:00,21.6,,.5,110,97,989.6,0,,0,,22
238,금산,2022-09-17 08:00,23.2,,.6,70,88,989.8,1,,6,,23.7
238,금산,2022-09-17 09:00,25.1,,1.3,110,80,990,1,,2,,25.3
238,금산,2022-09-17 10:00,26.6,,1.1,180,73,989.8,1,,0,,29.3
238,금산,2022-09-17 11:00,28.5,,1.3,110,65,989.3,1,,2,,36.2
238,금산,2022-09-17 12:00,29.1,,.8,270,62,988.6,.8,,4,,36.7
238,금산,2022-09-17 13:00,30.9,,1.6,110,58,987.9,.9,,5,,44.2
238,금산,2022-09-17 14:00,30.9,,1.2,110,54,987.1,.4,,6,,38.6
238,금산,2022-09-17 15:00,31.4,,2.1,20,53,986.4,.5,,4,,40.1
238,금산,2022-09-17 16:00,30,,1.6,20,57,986.1,.5,,6,,33.9
238,금산,2022-09-17 17:00,30.4,,1.1,50,57,986.1,.1,,10,,32.5
238,금산,2022-09-17 18:00,29.4,,1.4,90,60,986.3,.3,,9,,29.8
238,금산,2022-09-17 19:00,26.3,,1.3,290,80,986.6,0,,8,,27.1
238,금산,2022-09-17 20:00,24.7,,.8,270,84,986.9,,,7,,25.7
238,금산,2022-09-17 21:00,24.7,,.2,0,83,987.5,,,10,,25.3
238,금산,2022-09-17 22:00,24.5,0,.4,0,87,987.4,,,10,,24.8
238,금산,2022-09-17 23:00,23.6,0,.5,290,93,987.4,,,10,,24.4
238,금산,2022-09-18 00:00,23.8,0,0,0,94,987.2,,,10,,24.2
238,금산,2022-09-18 01:00,23.5,,.2,0,93,986.7,,,10,,23.9
238,금산,2022-09-18 02:00,23.2,,0,0,95,986,,,10,,23.7
238,금산,2022-09-18 03:00,22.8,0,.8,320,98,985.5,,,9,,23.5
238,금산,2022-09-18 04:00,22.6,,.2,0,98,985.4,,,10,,23.2
238,금산,2022-09-18 05:00,22.7,,.1,0,97,985.5,,,10,,23.2
238,금산,2022-09-18 06:00,22.6,,0,0,97,985.8,,,9,,23
238,금산,2022-09-18 07:00,22.8,,.3,0,96,986,0,,9,,23.5
238,금산,2022-09-18 08:00,23.8,0,.5,110,92,985.9,0,,10,,25.2
238,금산,2022-09-18 09:00,25.1,,.2,0,81,985.3,0,,10,,27.3
238,금산,2022-09-18 10:00,27.5,,1.6,70,70,985.3,.1,,10,,31.1
238,금산,2022-09-18 11:00,28.8,,2.5,50,61,984.3,1,,10,,35.7
238,금산,2022-09-18 12:00,31,,2,90,60,983.7,.9,,9,,43.6
238,금산,2022-09-18 13:00,31,,3.4,90,56,982.7,1,,7,,44.8
238,금산,2022-09-18 14:00,30.3,,3.5,70,58,981.9,.8,,8,,41.4
238,금산,2022-09-18 15:00,30.4,,2.1,50,60,981,.5,,9,,39.4
238,금산,2022-09-18 16:00,29.5,,2.9,70,62,980.5,.1,,8,,35.2
238,금산,2022-09-18 17:00,29,,1.8,90,63,980.5,0,,8,,31.6
238,금산,2022-09-18 18:00,28.5,,1.8,70,65,980.3,0,,10,,29.6
238,금산,2022-09-18 19:00,27.8,,1.9,20,65,979.6,0,,8,,27.4
238,금산,2022-09-18 20:00,27.6,,1.6,70,65,979.6,,,9,,26.4
238,금산,2022-09-18 21:00,27.3,,2.7,50,64,979.6,,,10,,25.8
238,금산,2022-09-18 22:00,27.1,,2.5,70,65,979.2,,,10,,25.4
238,금산,2022-09-18 23:00,26.7,,3.3,50,66,978,,,10,,25.6
238,금산,2022-09-19 00:00,25.7,,1.8,360,70,977.6,,,10,,25.1
238,금산,2022-09-19 01:00,25,,1.9,340,72,977.2,,,9,,24.7
238,금산,2022-09-19 02:00,24.4,,1.5,320,77,976.8,,,10,,24.7
238,금산,2022-09-19 03:00,24.1,,1.8,340,77,976.2,,,10,,24.4
238,금산,2022-09-19 04:00,23.9,,2.2,340,76,976.1,,,9,,24.2
238,금산,2022-09-19 05:00,23.6,,1.6,290,77,976.3,,,8,,23.7
238,금산,2022-09-19 06:00,23.1,,1.8,290,79,976.4,,,7,,22.9
238,금산,2022-09-19 07:00,23.3,,1.6,320,79,976.7,0,,7,,22.9
238,금산,2022-09-19 08:00,24.5,,2.2,320,75,977.1,.4,,7,,24.3
238,금산,2022-09-19 09:00,25.9,,2.6,340,70,977.2,.9,,7,,26.3
238,금산,2022-09-19 10:00,26.7,,2.6,340,67,977.8,1,,7,,29.8
238,금산,2022-09-19 11:00,26.9,,3.3,340,64,977.9,.2,,10,,29
238,금산,2022-09-19 12:00,27.3,,2.1,340,63,978,.3,,8,,31.2
238,금산,2022-09-19 13:00,26.8,,3.7,360,63,978.5,.1,,9,,30.3
238,금산,2022-09-19 14:00,27.9,,3.8,360,57,978.5,.6,,7,,34.3
238,금산,2022-09-19 15:00,28.6,,3.1,360,53,978.2,.7,,0,,34.9
238,금산,2022-09-19 16:00,27.9,,3.1,340,53,978.9,1,,1,,35
238,금산,2022-09-19 17:00,26.7,,3.6,360,56,979.9,.9,,3,,31.9
238,금산,2022-09-19 18:00,25,,1.4,340,61,980.9,.5,,4,,28.6
238,금산,2022-09-19 19:00,23.6,,1.5,290,63,982.3,0,,4,,26.3
238,금산,2022-09-19 20:00,22.5,,1.5,340,64,983.9,,,5,,25
238,금산,2022-09-19 21:00,21.2,,1.5,320,61,985.6,,,3,,23.5
238,금산,2022-09-19 22:00,19.7,,1.8,320,61,986.3,,,0,,22.1
238,금산,2022-09-19 23:00,18.6,,1.1,290,66,986.8,,,2,,21.2
238,금산,2022-09-20 00:00,17.6,,.6,290,70,987.2,,,0,,20.5
238,금산,2022-09-20 01:00,15.7,,.9,290,81,988.1,,,1,,19.8
238,금산,2022-09-20 02:00,15.2,,.3,0,83,988.8,,,0,,19.2
238,금산,2022-09-20 03:00,14.1,,.7,290,87,989.2,,,0,,18.7
238,금산,2022-09-20 04:00,13.5,,.7,270,91,989.8,,,0,,18.2
238,금산,2022-09-20 05:00,12.9,,.7,290,93,990.6,,,0,,17.7
238,금산,2022-09-20 06:00,12.8,,.3,0,93,991.3,,,5,,17.4
238,금산,2022-09-20 07:00,13,,.1,0,94,992.2,.4,,0,,17.3
238,금산,2022-09-20 08:00,15.9,,.5,160,81,992.6,1,,0,,18.1
238,금산,2022-09-20 09:00,18.8,,1.7,140,66,993,1,,0,,19.5
238,금산,2022-09-20 10:00,21.3,,2.3,90,50,993.5,.9,,3,,23.8
238,금산,2022-09-20 11:00,21.8,,3,90,42,993.6,.8,,6,,28.3
238,금산,2022-09-20 12:00,22.1,,2.2,90,42,993.3,.9,,6,,32
238,금산,2022-09-20 13:00,21.6,,1.7,110,44,992.8,.8,,6,,33.3
238,금산,2022-09-20 14:00,22.9,,2.1,140,43,992.3,.8,,4,,35.2
238,금산,2022-09-20 15:00,22.9,,1.6,90,38,992,1,,6,,36.2
238,금산,2022-09-20 16:00,22.5,,1.5,70,43,991.9,.2,,9,,31.3
238,금산,2022-09-20 17:00,22.3,,1.6,20,44,992,.2,,9,,29.2
238,금산,2022-09-20 18:00,20.6,,1.4,360,51,992.5,.1,,10,,26.3
238,금산,2022-09-20 19:00,18.7,,.8,270,67,993.1,0,,9,,24.2
238,금산,2022-09-20 20:00,17.1,,1,270,75,994.1,,,6,,22.5
238,금산,2022-09-20 21:00,15.7,,.5,270,80,994.9,,,6,,20.8
238,금산,2022-09-20 22:00,14.6,,.5,290,84,995.2,,,2,,19.8
238,금산,2022-09-20 23:00,14,,.5,230,86,995.3,,,0,,18.8
238,금산,2022-09-21 00:00,13,,.6,270,90,995.3,,,0,,18.1
238,금산,2022-09-21 01:00,12.4,,.1,0,94,995.6,,,0,,17.5
238,금산,2022-09-21 02:00,12,,0,0,95,995.8,,,0,,17
238,금산,2022-09-21 03:00,11.3,,.9,290,97,996,,,0,,16.6
238,금산,2022-09-21 04:00,10.9,,.3,0,97,996.2,,,0,,16.1
238,금산,2022-09-21 05:00,10.3,,.1,0,99,996.5,,,0,,15.8
238,금산,2022-09-21 06:00,9.9,,.2,0,99,997.2,,,0,,15.4
238,금산,2022-09-21 07:00,10.8,,.6,90,99,997.8,.4,,0,,15.3
238,금산,2022-09-21 08:00,12.6,,.6,140,90,998.1,1,,0,,16.2
238,금산,2022-09-21 09:00,15.8,,1.1,140,77,998.2,1,,0,,17.7
238,금산,2022-09-21 10:00,18,,1.5,90,67,998.6,1,,1,,22.6
238,금산,2022-09-21 11:00,20,,2.4,90,57,998.3,1,,0,,28.1
238,금산,2022-09-21 12:00,21.4,,1.5,110,52,997.5,1,,0,,31.7
238,금산,2022-09-21 13:00,22.5,,1.8,90,41,996.7,1,,0,,34.9
238,금산,2022-09-21 14:00,23.3,,1.8,90,41,996,1,,0,,36.8
238,금산,2022-09-21 15:00,23.7,,1.5,110,41,995.6,1,,0,,36.8
238,금산,2022-09-21 16:00,23.6,,2.1,90,44,995.6,1,,0,,34.8
238,금산,2022-09-21 17:00,23,,1.9,110,45,995.6,1,,1,,31
238,금산,2022-09-21 18:00,21.2,,1.8,70,49,995.6,.9,,0,,25.9
238,금산,2022-09-21 19:00,17.7,,1.1,270,69,995.9,0,,0,,23.1
238,금산,2022-09-21 20:00,16,,.8,270,76,996.7,,,0,,21.2
238,금산,2022-09-21 21:00,14.8,,.3,0,81,997,,,0,,19.7
238,금산,2022-09-21 22:00,13.8,,.4,0,83,997.4,,,0,,18.6
238,금산,2022-09-21 23:00,12.7,,.5,270,86,997.5,,,0,,17.6
238,금산,2022-09-22 00:00,11.6,,0,0,87,997.6,,,0,,16.8
238,금산,2022-09-22 01:00,11,,.7,270,87,997.5,,,5,,16.1
238,금산,2022-09-22 02:00,10.9,,.4,0,86,997.5,,,6,,15.8
238,금산,2022-09-22 03:00,10.6,,.4,0,89,997.4,,,5,,15.3
238,금산,2022-09-22 04:00,9.7,,0,0,92,997,,,2,,14.7
238,금산,2022-09-22 05:00,8.9,,.2,0,95,996.9,,,0,,14.4
238,금산,2022-09-22 06:00,8.6,,.1,0,97,997,,,4,,14
238,금산,2022-09-22 07:00,9.1,,0,0,96,997.4,.1,,6,,14
238,금산,2022-09-22 08:00,10.6,,.1,0,90,997.5,.3,,7,,15.4
238,금산,2022-09-22 09:00,12.8,,.3,0,84,997.5,.2,,8,,18.2
238,금산,2022-09-22 10:00,16.6,,1.1,110,69,997.3,.6,,7,,22.2
238,금산,2022-09-22 11:00,19.4,,.8,110,55,996.4,1,,7,,26.7
238,금산,2022-09-22 12:00,20.7,,1.5,160,49,995.3,1,,6,,31.9
238,금산,2022-09-22 13:00,21.9,,1.5,200,36,994.2,1,,5,,35
238,금산,2022-09-22 14:00,22.4,,1.6,230,41,993.5,.8,,7,,34.3
238,금산,2022-09-22 15:00,22.8,,1.1,320,41,993.2,.4,,9,,31.3
238,금산,2022-09-22 16:00,22.2,,1.4,320,47,993,.3,,10,,29.6
238,금산,2022-09-22 17:00,22,,1.6,290,49,993.2,.6,,8,,28
238,금산,2022-09-22 18:00,19.7,,.7,270,64,993.3,.4,,7,,24.8
238,금산,2022-09-22 19:00,17.9,,.8,290,72,993.6,0,,10,,22.7
238,금산,2022-09-22 20:00,16.8,,.9,270,76,994,,,9,,21.3
238,금산,2022-09-22 21:00,16.5,,.1,0,77,994.3,,,9,,20.6
238,금산,2022-09-22 22:00,16.1,,.4,0,81,994.2,,,10,,20.2
238,금산,2022-09-22 23:00,15.8,,.5,320,83,994.1,,,10,,19.9
238,금산,2022-09-23 00:00,15.2,,.6,270,88,993.6,,,10,,19.2
238,금산,2022-09-23 01:00,14.8,,.6,270,90,993.3,,,9,,18.8
238,금산,2022-09-23 02:00,13.9,,.3,0,94,993,,,7,,17.9
238,금산,2022-09-23 03:00,13.3,,.1,0,95,992.9,,,7,,17.2
238,금산,2022-09-23 04:00,12.6,,0,0,97,992.9,,,7,,16.6
238,금산,2022-09-23 05:00,12,,.3,0,97,993.2,,,1,,16.1
238,금산,2022-09-23 06:00,11.8,,.2,0,97,993.3,,,4,,15.8
238,금산,2022-09-23 07:00,11.6,,0,0,98,993.1,0,,2,,15.6
238,금산,2022-09-23 08:00,13.7,,.7,320,91,993,1,,5,,16.7
238,금산,2022-09-23 09:00,17.5,,.5,110,76,993,1,,5,,18.5
238,금산,2022-09-23 10:00,20.9,,.9,70,66,993.1,.9,,7,,23.3
238,금산,2022-09-23 11:00,21.3,,2.6,270,58,993,.8,,7,,25.9
238,금산,2022-09-23 12:00,21.6,,2.9,250,58,992.3,.8,,7,,29.2
238,금산,2022-09-23 13:00,22,,2.6,250,60,991.9,.7,,9,,31.4
238,금산,2022-09-23 14:00,21.9,,1.9,270,64,991.6,.2,,10,,30.1
238,금산,2022-09-23 15:00,21.3,,3.6,290,69,991.4,.6,,9,,30.3
238,금산,2022-09-23 16:00,21.3,,3.4,290,51,992,.8,,6,,29.6
238,금산,2022-09-23 17:00,20.3,,2.5,320,49,992.6,.9,,9,,28
238,금산,2022-09-23 18:00,18,,1.3,320,63,993,.4,,9,,24.4
238,금산,2022-09-23 19:00,16.6,,2.2,290,66,994.1,0,,10,,21.8
238,금산,2022-09-23 20:00,14.9,,1.3,290,69,995.3,,,4,,19.5
238,금산,2022-09-23 21:00,14,,.5,270,73,995.5,,,6,,18.1
238,금산,2022-09-23 22:00,12.5,,.3,0,79,995.7,,,0,,16.9
238,금산,2022-09-23 23:00,12.5,,.1,0,81,995.7,,,0,,16
238,금산,2022-09-24 00:00,11.4,,.8,90,86,996,,,0,,15.4
238,금산,2022-09-24 01:00,10.7,,.2,0,91,996.1,,,6,,14.9
238,금산,2022-09-24 02:00,9.8,,0,0,94,996.1,,,8,,14.4
238,금산,2022-09-24 03:00,9.7,,.3,0,94,996.2,,,8,,14.5
238,금산,2022-09-24 04:00,9.2,,.7,290,96,996.3,,,9,,14.5
238,금산,2022-09-24 05:00,9.3,,.6,290,96,996.6,,,10,,14.6
238,금산,2022-09-24 06:00,9.1,,.2,0,96,997.1,,,9,,14.2
238,금산,2022-09-24 07:00,9.5,,.2,0,96,997.6,.1,,8,,14.3
238,금산,2022-09-24 08:00,10.9,,.2,0,89,998.3,.6,,1,,14.5
238,금산,2022-09-24 09:00,14.7,,.5,50,74,998.4,1,,2,,16
238,금산,2022-09-24 10:00,17.1,,1.2,20,59,998.7,1,,1,,21.2
238,금산,2022-09-24 11:00,19.4,,2,360,48,998.5,1,,0,,27.1
238,금산,2022-09-24 12:00,20.6,,2.1,360,42,998.1,1,,1,,31.2
238,금산,2022-09-24 13:00,21.3,,2.1,360,39,997.2,1,,0,,33.7
238,금산,2022-09-24 14:00,21.8,,2.4,360,37,996.5,1,,6,,34.8
238,금산,2022-09-24 15:00,22.2,,1.4,340,40,996,.9,,6,,32.5
238,금산,2022-09-24 16:00,21.9,,1.8,320,37,995.7,.9,,0,,32
238,금산,2022-09-24 17:00,21.4,,1.8,340,41,995.5,.6,,7,,28
238,금산,2022-09-24 18:00,19.1,,.8,290,55,995.6,.1,,7,,24.3
238,금산,2022-09-24 19:00,16.6,,1.2,270,68,996,0,,10,,21.8
238,금산,2022-09-24 20:00,15.5,,.7,270,74,996.6,,,10,,20.5
238,금산,2022-09-24 21:00,15.2,,0,0,77,997,,,10,,19.5
238,금산,2022-09-24 22:00,14.4,,.6,250,81,997.1,,,10,,18.8
238,금산,2022-09-24 23:00,14.2,,.6,230,82,996.7,,,10,,18.3
238,금산,2022-09-25 00:00,14,,1,360,85,996.9,,,10,,18.1
238,금산,2022-09-25 01:00,13.5,,.4,0,88,996.8,,,10,,17.7
238,금산,2022-09-25 02:00,12.9,,.9,290,92,996.4,,,10,,17.5
238,금산,2022-09-25 03:00,12.9,,.3,0,92,996.2,,,10,,17.2
238,금산,2022-09-25 04:00,12.9,,.6,200,93,996.1,,,10,,17.1
238,금산,2022-09-25 05:00,12.5,,.3,0,95,995.9,,,9,,16.8
238,금산,2022-09-25 06:00,12.4,,.6,290,95,996.1,,,10,,16.6
238,금산,2022-09-25 07:00,12.5,,.9,340,94,996.5,0,,10,,16.6
238,금산,2022-09-25 08:00,13.2,,.4,0,92,997.1,0,,10,,17.5
238,금산,2022-09-25 09:00,15,,.9,140,82,997.1,0,,10,,19.1
238,금산,2022-09-25 10:00,16.6,,.3,0,77,997.6,0,,9,,22.2
238,금산,2022-09-25 11:00,19.7,,.8,180,61,997.1,.5,,8,,27.5
238,금산,2022-09-25 12:00,21.7,,.8,200,56,996.3,.6,,8,,28.7
238,금산,2022-09-25 13:00,21.7,,1.1,50,56,995.6,.2,,9,,29.2
238,금산,2022-09-25 14:00,22.8,,1.2,160,52,995.1,.6,,8,,32.3
238,금산,2022-09-25 15:00,22.7,,1.4,340,51,994.8,.5,,9,,32
238,금산,2022-09-25 16:00,21.8,,.8,320,54,994.8,0,,10,,28.2
238,금산,2022-09-25 17:00,21,,1.1,270,63,995.2,0,,10,,26
238,금산,2022-09-25 18:00,19.8,,.7,290,67,995.5,0,,10,,23.8
238,금산,2022-09-25 19:00,17.8,,.1,0,78,995.7,0,,10,,21.7
238,금산,2022-09-25 20:00,16.7,,.1,0,82,996.2,,,9,,20.3
238,금산,2022-09-25 21:00,15.7,,.6,290,85,996.7,,,9,,19.4
238,금산,2022-09-25 22:00,15.1,,.6,270,89,996.6,,,10,,18.9
238,금산,2022-09-25 23:00,14.5,,.5,270,90,996.4,,,9,,18.1
238,금산,2022-09-26 00:00,14.2,,.2,0,92,996.5,,,9,,17.5
238,금산,2022-09-26 01:00,13.7,,.6,270,94,996.6,,,10,,17.5
238,금산,2022-09-26 02:00,13.4,,.7,270,97,996.4,,,9,,17.1
238,금산,2022-09-26 03:00,13.4,,.1,0,96,996.3,,,10,,17.2
238,금산,2022-09-26 04:00,13.3,,.2,0,97,996.3,,,9,,17
238,금산,2022-09-26 05:00,13.2,,.3,0,97,996.4,,,10,,17
238,금산,2022-09-26 06:00,13.3,,.1,0,98,996.7,,,10,,17
238,금산,2022-09-26 07:00,13.8,,.1,0,96,997.1,0,,10,,17.2
238,금산,2022-09-26 08:00,14.2,,.5,320,95,997.5,0,,10,,18
238,금산,2022-09-26 09:00,15.3,,.5,180,88,997.8,0,,10,,19.4
238,금산,2022-09-26 10:00,16.6,,.9,290,84,997.8,0,,10,,21.1
238,금산,2022-09-26 11:00,18.7,,.2,0,72,997.7,0,,9,,23.6
238,금산,2022-09-26 12:00,21.3,,.9,180,56,997.1,.5,,8,,28.6
238,금산,2022-09-26 13:00,22.5,,1.1,110,52,996.3,.4,,10,,31.7
238,금산,2022-09-26 14:00,22.5,,1.1,180,54,995.7,0,,10,,30.3
238,금산,2022-09-26 15:00,22.4,,1,270,56,995.7,0,,9,,28.6
238,금산,2022-09-26 16:00,22.8,,.9,20,48,995.6,.3,,8,,28.4
238,금산,2022-09-26 17:00,22,,.2,0,54,995.6,.5,,7,,26.5
238,금산,2022-09-26 18:00,19.9,,.2,0,70,995.8,.3,,8,,23.9
238,금산,2022-09-26 19:00,17.4,,.6,250,80,996.1,0,,7,,21.3
238,금산,2022-09-26 20:00,16.3,,.6,290,86,996.6,,,8,,20
238,금산,2022-09-26 21:00,15.4,,.4,0,90,996.6,,,8,,19
238,금산,2022-09-26 22:00,15.2,,.3,0,91,997,,,8,,18.5
238,금산,2022-09-26 23:00,14.7,,.4,0,94,996.7,,,8,,18
238,금산,2022-09-27 00:00,13.9,,0,0,96,996.6,,,8,,17.3
238,금산,2022-09-27 01:00,13.8,,.1,0,97,996.9,,,7,,16.6
238,금산,2022-09-27 02:00,13.2,,.4,0,98,996.7,,,9,,16.6
238,금산,2022-09-27 03:00,12.6,,1,290,98,996.7,,,9,,16.1
238,금산,2022-09-27 04:00,12.4,,.4,0,100,996.6,,,7,,16.2
238,금산,2022-09-27 05:00,12.6,,.3,0,100,996.5,,,7,,16.9
238,금산,2022-09-27 06:00,12.6,,.3,0,100,996.5,,,6,,17.2
238,금산,2022-09-27 07:00,11.9,,1.2,180,100,996.7,0,,5,,17.2
238,금산,2022-09-27 08:00,12.1,,.8,140,100,996.7,0,,5,,18.1
238,금산,2022-09-27 09:00,13.2,,.2,0,100,996.8,0,,0,,20
238,금산,2022-09-27 10:00,18,,.6,90,73,997,.9,,0,,23.1
238,금산,2022-09-27 11:00,20.5,,.8,110,65,996.6,1,,3,,28.7
238,금산,2022-09-27 12:00,22.9,,.8,160,54,995.9,1,,0,,33.3
238,금산,2022-09-27 13:00,26,,1.6,110,43,994.9,1,,3,,36.6
238,금산,2022-09-27 14:00,26.4,,1.7,180,41,994.2,1,,0,,38
238,금산,2022-09-27 15:00,26.7,,1.1,20,38,993.6,1,,0,,37.7
238,금산,2022-09-27 16:00,26.4,,.5,140,35,993.2,1,,0,,35.3
238,금산,2022-09-27 17:00,26.1,,1.7,90,36,993.3,1,,0,,30.8
238,금산,2022-09-27 18:00,24.1,,1.1,90,38,993.5,.8,,0,,25.8
238,금산,2022-09-27 19:00,18.3,,1,270,67,993.9,0,,0,,22.7
238,금산,2022-09-27 20:00,16.9,,.5,270,71,994.4,,,0,,20.7
238,금산,2022-09-27 21:00,15.7,,.4,0,79,994.8,,,0,,19.2
238,금산,2022-09-27 22:00,14.3,,.1,0,86,995.1,,,0,,18.1
238,금산,2022-09-27 23:00,13.7,,.2,0,90,995,,,0,,17.3
238,금산,2022-09-28 00:00,13.1,,.6,270,94,995,,,0,,16.6
238,금산,2022-09-28 01:00,12.7,,.1,0,95,995,,,2,,16
238,금산,2022-09-28 02:00,12.1,,.2,0,96,995,,,7,,15.7
238,금산,2022-09-28 03:00,11.7,,.2,0,96,994.9,,,5,,15.5
238,금산,2022-09-28 04:00,12.1,,.2,0,96,994.5,,,6,,15.4
238,금산,2022-09-28 05:00,11.8,,.3,0,97,994.5,,,8,,15.5
238,금산,2022-09-28 06:00,11.6,,.3,0,97,994.6,,,10,,15.6
238,금산,2022-09-28 07:00,11.9,,.2,0,97,994.6,0,,9,,15.7
238,금산,2022-09-28 08:00,13,,.1,0,94,994.9,0,,8,,16.8
238,금산,2022-09-28 09:00,15.7,,.3,0,88,995,.5,,7,,19.2
238,금산,2022-09-28 10:00,19,,.5,160,75,994.6,1,,7,,23.3
238,금산,2022-09-28 11:00,21.2,,.4,0,64,994.5,.4,,8,,25.9
238,금산,2022-09-28 12:00,22.7,,1,70,58,993.9,.2,,8,,28.7
238,금산,2022-09-28 13:00,23,,.9,340,59,993.4,.2,,8,,29
238,금산,2022-09-28 14:00,23.5,,1.1,340,59,993.2,.1,,10,,28.2
238,금산,2022-09-28 15:00,23.5,,1.5,320,57,992.8,.3,,8,,29.7
238,금산,2022-09-28 16:00,23.5,,1.1,320,56,992.7,.3,,8,,28.3
238,금산,2022-09-28 17:00,22.5,,1,290,62,992.7,.2,,7,,26.5
238,금산,2022-09-28 18:00,20.9,,.5,290,72,992.6,.5,,6,,23.8
238,금산,2022-09-28 19:00,18,,.5,270,84,992.9,0,,5,,21.1
238,금산,2022-09-28 20:00,16.8,,.1,0,89,993.5,,,0,,19.3
238,금산,2022-09-28 21:00,15.4,,.3,0,95,994,,,0,,18.2
238,금산,2022-09-28 22:00,14.8,,.5,270,96,994.2,,,0,,17.2
238,금산,2022-09-28 23:00,14,,.4,0,97,994.2,,,0,,16.5
238,금산,2022-09-29 00:00,13.8,,.1,0,99,994.2,,,0,,16.4
238,금산,2022-09-29 01:00,13,,.1,0,100,994.5,,,0,,16.2
238,금산,2022-09-29 02:00,13.2,,.2,0,100,994.3,,,7,,16.6
238,금산,2022-09-29 03:00,13.4,,0,0,100,994.2,,,6,,17.3
238,금산,2022-09-29 04:00,13.6,,1,290,100,994.2,,,6,,17.5
238,금산,2022-09-29 05:00,13.8,,.1,0,100,994.4,,,7,,17.6
238,금산,2022-09-29 06:00,13.7,,.4,0,100,995,,,7,,17.7
238,금산,2022-09-29 07:00,13.6,,.8,160,100,995.1,0,,0,,17.7
238,금산,2022-09-29 08:00,13.9,,.5,140,100,995.4,0,,2,,18.5
238,금산,2022-09-29 09:00,14.3,,.4,0,100,995.5,0,,9,,19.7
238,금산,2022-09-29 10:00,15.2,,.2,0,100,995.4,0,,9,,21.5
238,금산,2022-09-29 11:00,18.9,,.3,0,90,995.1,.6,,1,,27
238,금산,2022-09-29 12:00,23,,.7,360,54,994.5,1,,0,,31.9
238,금산,2022-09-29 13:00,24.2,,1.4,20,55,993.9,1,,0,,35.1
238,금산,2022-09-29 14:00,24.8,,1.7,230,48,993.2,1,,0,,36.9
238,금산,2022-09-29 15:00,25.7,,1.2,270,46,993,1,,0,,36.8
238,금산,2022-09-29 16:00,25.6,,.9,320,48,993,1,,0,,34.4
238,금산,2022-09-29 17:00,24.6,,1.5,320,50,993.4,1,,0,,29.7
238,금산,2022-09-29 18:00,21.5,,.8,270,66,993.8,.8,,0,,25.4
238,금산,2022-09-29 19:00,18.2,,1.1,290,78,994.2,0,,0,,22.5
238,금산,2022-09-29 20:00,16.8,,.4,0,83,994.8,,,0,,20.5
238,금산,2022-09-29 21:00,15.8,,.4,0,88,995.5,,,0,,19
238,금산,2022-09-29 22:00,14.9,,.3,0,93,995.8,,,0,,18
238,금산,2022-09-29 23:00,14,,.4,0,95,995.8,,,0,,17
238,금산,2022-09-30 00:00,13.3,,.4,0,96,996,,,0,,16.4
238,금산,2022-09-30 01:00,12.9,,.5,270,98,996.1,,,0,,15.8
238,금산,2022-09-30 02:00,12.1,,.3,0,97,996.3,,,0,,15.3
238,금산,2022-09-30 03:00,11.5,,.1,0,100,996.3,,,2,,15
238,금산,2022-09-30 04:00,11.5,,.7,290,100,996.4,,,6,,15.2
238,금산,2022-09-30 05:00,11.9,,.3,0,100,996.5,,,7,,16.3
238,금산,2022-09-30 06:00,12.1,,.3,0,100,996.7,,,6,,16.6
238,금산,2022-09-30 07:00,12.4,,.4,0,100,997.1,0,,7,,16.9
238,금산,2022-09-30 08:00,13,,.5,160,100,997.3,0,,9,,17.9
238,금산,2022-09-30 09:00,13.4,,.5,200,100,997.4,0,,7,,19.5
238,금산,2022-09-30 10:00,16.7,,.6,200,96,997.2,.6,,1,,23.3
238,금산,2022-09-30 11:00,21.2,,.4,0,61,996.8,1,,0,,28.6
238,금산,2022-09-30 12:00,24,,1.2,200,54,996.1,1,,0,,33.5
238,금산,2022-09-30 13:00,27,,1.2,90,22,995.2,1,,0,,36.3
238,금산,2022-09-30 14:00,28.2,,1.2,290,24,994.7,1,,0,,38
238,금산,2022-09-30 15:00,27.9,,1,320,25,994.4,1,,0,,37.6
238,금산,2022-09-30 16:00,28.3,,1,320,26,994.2,.9,,6,,35
238,금산,2022-09-30 17:00,26.2,,1.6,290,44,994.3,.9,,3,,30.6
238,금산,2022-09-30 18:00,22.4,,1.1,250,59,994.7,.6,,3,,26.3
238,금산,2022-09-30 19:00,19.1,,1,290,66,995.3,0,,0,,23
238,금산,2022-09-30 20:00,17.2,,.4,0,72,995.9,,,0,,20.7
238,금산,2022-09-30 21:00,15.7,,0,0,79,996.4,,,0,,19
238,금산,2022-09-30 22:00,14.7,,.4,0,84,996.6,,,0,,18
238,금산,2022-09-30 23:00,14.2,,.6,270,87,996.8,,,0,,17.2
238,금산,2022-10-01 00:00,13.5,,.2,0,92,996.8,,,0,,16.5
238,금산,2022-10-01 01:00,12.8,,.2,0,95,996.8,,,1,,15.8
238,금산,2022-10-01 02:00,12.1,,.2,0,97,996.8,,,0,,15.2
238,금산,2022-10-01 03:00,11.8,,.5,270,97,997.1,,,1,,14.7
238,금산,2022-10-01 04:00,11.2,,.5,270,97,997.3,,,1,,14.4
238,금산,2022-10-01 05:00,11.6,,.1,0,98,997.5,,,1,,15.4
238,금산,2022-10-01 06:00,11.2,,.6,270,100,997.8,,,1,,16.1
238,금산,2022-10-01 07:00,11.6,,.3,0,100,998.2,0,,1,,16.4
238,금산,2022-10-01 08:00,12.4,,.1,0,100,998.8,0,,1,,17.6
238,금산,2022-10-01 09:00,13.8,,.7,250,100,999.2,.3,,3,,19.6
238,금산,2022-10-01 10:00,18.4,,.8,360,75,999.4,1,,1,,22.8
238,금산,2022-10-01 11:00,22.6,,.9,90,59,998.9,1,,1,,28.7
238,금산,2022-10-01 12:00,25.5,,1.3,50,41,998.2,1,,2,,33.6
238,금산,2022-10-01 13:00,26.4,,1,340,38,997.5,1,,8,,34.2
238,금산,2022-10-01 14:00,27.4,,.7,290,33,996.7,.8,,8,,34.3
238,금산,2022-10-01 15:00,27.2,,1.3,340,39,996.5,.8,,7,,33.6
238,금산,2022-10-01 16:00,26.8,,1.2,290,39,996.4,.7,,9,,31.4
238,금산,2022-10-01 17:00,25.1,,1.2,250,48,996.5,.7,,,,29.1
238,금산,2022-10-01 18:00,21.5,,.9,290,65,996.7,.2,,7,,25.4
238,금산,2022-10-01 19:00,19.5,,1.1,270,75,997.2,0,,5,,22.7
238,금산,2022-10-01 20:00,18.7,,.4,0,78,997.8,,,9,,21.7
238,금산,2022-10-01 21:00,18.4,,.4,0,81,997.8,,,10,,21
238,금산,2022-10-01 22:00,17.7,,.2,0,86,997.9,,,10,,20.4
238,금산,2022-10-01 23:00,17.1,,.5,270,88,998.1,,,9,,19.7
238,금산,2022-10-02 00:00,15.7,,.6,270,94,998,,,6,,18.3
238,금산,2022-10-02 01:00,15.7,,.4,0,94,997.7,,,7,,18.5
238,금산,2022-10-02 02:00,15.6,,.7,290,93,997.4,,,8,,18.4
238,금산,2022-10-02 03:00,15.4,,.1,0,95,997.5,,,9,,17.9
238,금산,2022-10-02 04:00,15.5,,.3,0,93,997.2,,,7,,18.3
238,금산,2022-10-02 05:00,15.7,,.3,0,89,997.2,,,9,,18.1
238,금산,2022-10-02 06:00,14.8,,0,0,97,997.8,,,7,,17.3
238,금산,2022-10-02 07:00,15,,.3,0,96,998.4,0,,9,,17.6
238,금산,2022-10-02 08:00,15.8,,0,0,94,998.4,0,,10,,18.8
238,금산,2022-10-02 09:00,17.3,,.2,0,86,998.9,0,,10,,20.9
238,금산,2022-10-02 10:00,21.1,,.9,90,69,998.5,.4,,8,,24.4
238,금산,2022-10-02 11:00,24.1,,1.5,140,54,997.6,.9,,8,,29.6
238,금산,2022-10-02 12:00,26.1,,1.5,90,45,996.8,.9,,6,,34
238,금산,2022-10-02 13:00,27.3,,1.3,140,41,996.2,.7,,8,,34.7
238,금산,2022-10-02 14:00,27.8,,1.8,140,39,995.5,.6,,8,,34.9
238,금산,2022-10-02 15:00,27.6,,2.8,160,25,994.5,0,,10,,31.1
238,금산,2022-10-02 16:00,26,,1.9,140,46,994.2,0,,10,,28.9
238,금산,2022-10-02 17:00,24.8,,1,160,52,994,0,,10,,27
238,금산,2022-10-02 18:00,23.9,,.6,160,49,994.4,0,,10,,25
238,금산,2022-10-02 19:00,22.4,,.2,0,56,994.4,0,,9,,23.6
238,금산,2022-10-02 20:00,21,,.8,290,63,995.2,,,10,,22.7
238,금산,2022-10-02 21:00,21.1,0,.9,90,63,995.7,,,10,,22.4
238,금산,2022-10-02 22:00,20,0,1.2,140,71,995.4,,,9,,21.5
238,금산,2022-10-02 23:00,20.2,,1,110,71,995.3,,,8,,20.9
238,금산,2022-10-03 00:00,19.4,,1.2,110,77,995.3,,,9,,20.7
238,금산,2022-10-03 01:00,18.8,,.4,0,82,995.3,,,0,,20.6
238,금산,2022-10-03 02:00,18.8,,.8,270,82,995.4,,,10,,20.6
238,금산,2022-10-03 03:00,19.4,0,.4,0,79,995.1,,,10,,20.6
238,금산,2022-10-03 04:00,18,.9,.5,290,94,995.3,,,10,,20.3
238,금산,2022-10-03 05:00,18.2,5.1,.8,70,99,994.7,,,10,,19.8
238,금산,2022-10-03 06:00,19.3,1,.7,110,99,994.8,,,4,,19.9
238,금산,2022-10-03 07:00,20.4,.8,.8,90,99,995.4,0,,10,,20.2
238,금산,2022-10-03 08:00,20.3,2.1,.7,230,100,996,0,,8,,20.8
238,금산,2022-10-03 09:00,21.3,3.4,.9,110,100,996.1,0,,10,,21.6
238,금산,2022-10-03 10:00,22.9,.2,1.7,160,91,995.3,0,,10,,23.3
238,금산,2022-10-03 11:00,24.7,0,3.3,180,76,994.9,0,,9,,25.1
238,금산,2022-10-03 12:00,25.7,,3.4,180,70,994.4,0,,8,,25.5
238,금산,2022-10-03 13:00,26.5,,3.1,230,68,993.7,.3,,9,,27.7
238,금산,2022-10-03 14:00,26.6,,1.9,200,66,993.3,.2,,8,,27.9
238,금산,2022-10-03 15:00,27,,3.1,200,63,992.7,.2,,9,,27.9
238,금산,2022-10-03 16:00,26.8,,2.2,230,65,992.7,0,,8,,26.1
238,금산,2022-10-03 17:00,26.4,,2.4,180,67,991.8,0,,9,,25.1
238,금산,2022-10-03 18:00,25.2,,.9,140,76,991.3,0,,8,,24.2
238,금산,2022-10-03 19:00,25.9,,3,180,70,992.2,0,,9,,23.2
238,금산,2022-10-03 20:00,24.3,,.7,110,79,991.9,,,10,,22.9
238,금산,2022-10-03 21:00,25.4,0,1.6,230,70,992.4,,,10,,22.6
238,금산,2022-10-03 22:00,25.2,0,2,180,71,992.7,,,10,,22.5
238,금산,2022-10-03 23:00,22.2,1.4,.6,140,94,992,,,10,,22.3
238,금산,2022-10-04 00:00,22,2.8,1.5,160,95,991,,,10,,22.2
238,금산,2022-10-04 01:00,21.8,.2,1.8,140,94,990,,,7,,21.9
238,금산,2022-10-04 02:00,24.1,,3.6,180,77,989.3,,,8,,21.9
238,금산,2022-10-04 03:00,25,,4,180,72,988.8,,,8,,21.9
238,금산,2022-10-04 04:00,25.1,.2,5.2,200,72,987.8,,,10,,21.9
238,금산,2022-10-04 05:00,22.6,4,2.2,200,88,987.8,,,10,,21.8
238,금산,2022-10-04 06:00,21.4,10.6,.3,0,100,988.7,,,10,,21.7
238,금산,2022-10-04 07:00,21.3,9.7,.7,50,100,989.4,0,,10,,21.7
238,금산,2022-10-04 08:00,20.9,2,1.6,290,98,990.6,0,,10,,21.8
238,금산,2022-10-04 09:00,20.5,1,.8,250,95,991.6,0,,10,,22
238,금산,2022-10-04 10:00,19.9,1.2,1.3,290,94,991.5,0,,10,,21.9
238,금산,2022-10-04 11:00,20,.1,1.5,290,94,991.7,0,,9,,22.9
238,금산,2022-10-04 12:00,19.9,,1.1,290,93,992.2,0,,9,,23.7
238,금산,2022-10-04 13:00,20,,2,270,86,992.3,0,,9,,23.9
238,금산,2022-10-04 14:00,19.9,,2.4,250,84,992.5,0,,9,,24.1
238,금산,2022-10-04 15:00,20.2,,1.7,250,82,992.5,.1,,8,,24.7
238,금산,2022-10-04 16:00,18.8,,1.5,270,85,993.4,0,,8,,23.2
238,금산,2022-10-04 17:00,18.1,,1.7,230,83,994,0,,9,,22.1
238,금산,2022-10-04 18:00,17.5,,1.7,270,84,994.5,0,,10,,20.8
238,금산,2022-10-04 19:00,17.2,,2,230,83,995.4,0,,9,,20
238,금산,2022-10-04 20:00,16.5,0,1,250,85,996.1,,,10,,19.6
238,금산,2022-10-04 21:00,16.1,,.9,250,85,996.1,,,10,,19.2
238,금산,2022-10-04 22:00,15.8,,.5,270,87,996.6,,,10,,19
238,금산,2022-10-04 23:00,15.7,,.2,0,88,996.6,,,9,,18.8
238,금산,2022-10-05 00:00,15.3,,1,320,87,997.1,,,9,,18.5
238,금산,2022-10-05 01:00,14.8,,2,290,85,997.7,,,10,,18.1
238,금산,2022-10-05 02:00,14.6,,1.2,340,82,997.9,,,10,,17.9
238,금산,2022-10-05 03:00,14.1,,.6,320,84,997.8,,,8,,17.7
238,금산,2022-10-05 04:00,13.7,,.4,0,85,997.7,,,8,,17.5
238,금산,2022-10-05 05:00,12.9,,.7,360,90,997.7,,,10,,17.3
238,금산,2022-10-05 06:00,13.2,,.6,340,93,998.6,,,10,,17.2
238,금산,2022-10-05 07:00,12.5,.1,.8,320,99,998.9,0,,10,,17.1
238,금산,2022-10-05 08:00,12.4,.1,.6,320,98,999.7,0,,8,,17.3
238,금산,2022-10-05 09:00,13.2,.2,.4,0,97,1000.1,0,,8,,18
238,금산,2022-10-05 10:00,13.7,,1,340,92,1000.5,0,,10,,18.9
238,금산,2022-10-05 11:00,14.5,,.2,0,88,1000.4,0,,10,,20.3
238,금산,2022-10-05 12:00,17.2,,1.2,160,76,999.8,.6,,9,,24.7
238,금산,2022-10-05 13:00,17.9,,1,20,68,998.6,.7,,6,,25.7
238,금산,2022-10-05 14:00,19.3,,1.5,340,57,997.8,.6,,6,,26.5
238,금산,2022-10-05 15:00,20.2,,1,270,54,997.2,1,,1,,26.7
238,금산,2022-10-05 16:00,19.1,,1.6,270,56,996.8,.9,,4,,24.3
238,금산,2022-10-05 17:00,18.7,,1.3,320,59,997.1,1,,4,,21.7
238,금산,2022-10-05 18:00,16.6,,1.4,290,65,998,.5,,7,,19.8
238,금산,2022-10-05 19:00,14.4,,.5,290,77,998.6,0,,3,,18.1
238,금산,2022-10-05 20:00,13.8,,.5,320,81,999.7,,,10,,17.7
238,금산,2022-10-05 21:00,14,,.3,0,80,1000.1,,,10,,17.3
238,금산,2022-10-05 22:00,13.7,,.3,0,86,999.9,,,10,,17.3
238,금산,2022-10-05 23:00,13.3,,.2,0,89,1000.1,,,10,,17.1
238,금산,2022-10-06 00:00,13.2,,.4,0,90,1000.2,,,10,,16.9
238,금산,2022-10-06 01:00,13.3,,.4,0,90,1000.3,,,10,,17
238,금산,2022-10-06 02:00,13.3,,.7,160,90,999.8,,,10,,16.8
238,금산,2022-10-06 03:00,13.1,,.2,0,90,999.4,,,10,,16.6
238,금산,2022-10-06 04:00,12.9,,.3,0,93,999.2,,,10,,16.5
238,금산,2022-10-06 05:00,12.7,,.2,0,96,999.3,,,10,,16.4
238,금산,2022-10-06 06:00,13,,.5,270,92,999.8,,,8,,16.5
238,금산,2022-10-06 07:00,13.5,,0,0,90,999.8,0,,8,,16.7
238,금산,2022-10-06 08:00,14.3,,1.1,110,86,999.8,0,,8,,17.6
238,금산,2022-10-06 09:00,14.1,,1.1,140,87,999.9,0,,8,,18.2
238,금산,2022-10-06 10:00,16.3,,.5,200,81,999.9,.2,,10,,20.2
238,금산,2022-10-06 11:00,17.4,,1.2,180,71,999.3,.8,,8,,23.1
238,금산,2022-10-06 12:00,18.5,,1.4,90,64,998.4,.8,,8,,25.4
238,금산,2022-10-06 13:00,19.1,,.9,340,60,997.2,.5,,8,,24.4
238,금산,2022-10-06 14:00,19.7,,2.1,290,61,997.2,.3,,7,,23.7
238,금산,2022-10-06 15:00,19.2,,2.8,290,64,996.6,.2,,9,,23.1
238,금산,2022-10-06 16:00,18.4,,1.7,320,65,996.8,.1,,7,,21.9
238,금산,2022-10-06 17:00,17.5,,1.2,290,66,996.7,0,,10,,20.2
238,금산,2022-10-06 18:00,16.6,,.6,270,73,997,0,,10,,19.4
238,금산,2022-10-06 19:00,15.9,,1,270,75,997.2,0,,10,,18.4
238,금산,2022-10-06 20:00,15.8,,.6,290,78,997.4,,,10,,18.2
238,금산,2022-10-06 21:00,15.1,,.7,250,83,998.3,,,10,,17.7
238,금산,2022-10-06 22:00,15.2,,1.3,250,82,998.1,,,10,,17.5
238,금산,2022-10-06 23:00,14.8,,.5,290,85,998.1,,,10,,17.3
238,금산,2022-10-07 00:00,14.4,,.6,360,88,997.3,,,10,,17.2
238,금산,2022-10-07 01:00,13.9,,.7,290,92,997.4,,,10,,17
238,금산,2022-10-07 02:00,13.9,,.3,0,92,997.6,,,10,,16.9
238,금산,2022-10-07 03:00,13.9,,0,0,90,997.5,,,9,,16.7
238,금산,2022-10-07 04:00,13.8,,.2,0,86,997.2,,,10,,16.6
238,금산,2022-10-07 05:00,13.5,,.4,0,89,997.1,,,10,,16.4
238,금산,2022-10-07 06:00,13.8,,.7,290,84,997.4,,,9,,16.2
238,금산,2022-10-07 07:00,13.7,,1.5,290,83,997.9,0,,10,,15.9
238,금산,2022-10-07 08:00,14.6,,1.2,320,82,998.2,.3,,3,,15.8
238,금산,2022-10-07 09:00,15.3,,1.6,340,72,998.5,.7,,3,,17.7
238,금산,2022-10-07 10:00,15.8,,2.2,290,67,998.6,.7,,5,,19.6
238,금산,2022-10-07 11:00,16.2,,2.4,290,64,998.4,.8,,7,,21.2
238,금산,2022-10-07 12:00,18.2,,2.2,340,51,998.3,.7,,6,,23.9
238,금산,2022-10-07 13:00,18.2,,2.6,340,49,998,.7,,6,,23.8
238,금산,2022-10-07 14:00,18.7,,2.2,320,45,997.5,1,,5,,24.8
238,금산,2022-10-07 15:00,18.7,,2.3,340,45,997.2,1,,6,,25
238,금산,2022-10-07 16:00,18,,2,340,52,997.6,.4,,6,,22.2
238,금산,2022-10-07 17:00,17.5,,1.2,320,53,998.1,.9,,2,,20.2
238,금산,2022-10-07 18:00,15.5,,.7,270,67,998.6,.6,,5,,18.6
238,금산,2022-10-07 19:00,14.2,,.7,270,76,999.7,0,,9,,17.9
238,금산,2022-10-07 20:00,14.5,,.9,270,76,1000.8,,,7,,17.7
238,금산,2022-10-07 21:00,14.1,,.7,290,75,1001.4,,,8,,16.9
238,금산,2022-10-07 22:00,13.1,,.3,0,81,1002,,,4,,16.2
238,금산,2022-10-07 23:00,11.7,,.4,0,87,1002.3,,,5,,15.2
238,금산,2022-10-08 00:00,11.3,,.3,0,87,1002.4,,,3,,14.7
238,금산,2022-10-08 01:00,10.2,,0,0,93,1002.5,,,0,,14.1
238,금산,2022-10-08 02:00,9.3,,.5,290,95,1002.8,,,0,,13.6
238,금산,2022-10-08 03:00,8.7,,0,0,98,1003.1,,,0,,13
238,금산,2022-10-08 04:00,8.2,,.2,0,98,1003.3,,,0,,12.6
238,금산,2022-10-08 05:00,7.8,,.5,230,100,1003.4,,,0,,12.3
238,금산,2022-10-08 06:00,7.1,,.2,0,100,1003.6,,,0,,11.9
238,금산,2022-10-08 07:00,6.8,,.1,0,100,1004,.3,,0,,11.7
238,금산,2022-10-08 08:00,9.4,,.4,0,95,1004.3,1,,0,,12.3
238,금산,2022-10-08 09:00,13.8,,1.6,110,72,1004.5,1,,1,,13.7
238,금산,2022-10-08 10:00,16.1,,1.8,90,60,1004.4,1,,0,,17.5
238,금산,2022-10-08 11:00,18,,2,140,54,1003.8,1,,0,,21.6
238,금산,2022-10-08 12:00,19.2,,2.5,90,51,1003.3,1,,0,,24.4
238,금산,2022-10-08 13:00,19.8,,2.3,110,47,1002.6,.9,,0,,25.5
238,금산,2022-10-08 14:00,20.6,,2.1,90,44,1001.7,.9,,1,,26.4
238,금산,2022-10-08 15:00,20.6,,2.2,70,40,1001.5,1,,0,,26.4
238,금산,2022-10-08 16:00,20.3,,2.8,90,43,1001.1,.9,,0,,23.6
238,금산,2022-10-08 17:00,19.4,,2.4,90,46,1001.2,.6,,4,,21.2
238,금산,2022-10-08 18:00,18.1,,1.5,110,54,1000.9,.3,,1,,19
238,금산,2022-10-08 19:00,17.1,,1.5,110,56,1001.8,0,,6,,18.1
238,금산,2022-10-08 20:00,16.5,,1.2,110,57,1002.2,,,6,,17.2
238,금산,2022-10-08 21:00,15.1,,1.3,110,66,1003,,,7,,16.3
238,금산,2022-10-08 22:00,14,,.7,50,72,1003.3,,,9,,15.9
238,금산,2022-10-08 23:00,14.1,,.8,140,69,1003.7,,,10,,15.6
238,금산,2022-10-09 00:00,12.4,,.8,270,81,1003.3,,,10,,15.3
238,금산,2022-10-09 01:00,12.3,,.3,0,81,1003.2,,,10,,15
238,금산,2022-10-09 02:00,11.8,,.1,0,84,1002.3,,,10,,14.8
238,금산,2022-10-09 03:00,11.7,,.2,0,83,1001.7,,,10,,14.7
238,금산,2022-10-09 04:00,11.3,,.4,0,87,1001.1,,,10,,14.6
238,금산,2022-10-09 05:00,11.6,,0,0,85,1001.1,,,10,,14.8
238,금산,2022-10-09 06:00,11.7,0,0,0,87,1001,,,10,,14.9
238,금산,2022-10-09 07:00,11.7,0,0,0,90,1001.1,0,,10,,15
238,금산,2022-10-09 08:00,11.6,.5,.6,140,92,1000.4,0,,10,,15.3
238,금산,2022-10-09 09:00,11.6,.8,1.4,160,93,1000.3,0,,10,,15.7
238,금산,2022-10-09 10:00,12,.9,1.1,140,93,1000.1,0,,10,,16.8
238,금산,2022-10-09 11:00,12.4,.6,.9,160,91,999.5,0,,10,,17.5
238,금산,2022-10-09 12:00,12.9,.6,.2,0,92,998.6,0,,10,,18.3
238,금산,2022-10-09 13:00,13.3,.8,.1,0,94,997.5,0,,10,,18.6
238,금산,2022-10-09 14:00,13.5,.5,.7,50,95,996.3,0,,10,,18.7
238,금산,2022-10-09 15:00,13.3,.9,.7,360,95,995.5,0,,10,,18.2
238,금산,2022-10-09 16:00,13.3,.2,.4,0,95,994.6,0,,10,,18.1
238,금산,2022-10-09 17:00,13.2,.1,.5,290,96,994.1,0,,10,,17.5
238,금산,2022-10-09 18:00,12.9,.9,.2,0,98,993.8,0,,10,,16.8
238,금산,2022-10-09 19:00,12.8,.7,.2,0,99,993.6,0,,10,,16.4
238,금산,2022-10-09 20:00,12.7,1,0,0,100,993.7,,,6,,16.3
238,금산,2022-10-09 21:00,13,1,.3,0,100,994,,,9,,16.1
238,금산,2022-10-09 22:00,11.6,.3,2.1,320,91,994.9,,,10,,15.5
238,금산,2022-10-09 23:00,11.1,.1,.3,0,91,995.3,,,10,,15
238,금산,2022-10-10 00:00,10.3,,.2,0,98,995.2,,,8,,14.4
238,금산,2022-10-10 01:00,10,,.4,0,98,994.6,,,8,,14.2
238,금산,2022-10-10 02:00,10.1,,.4,0,97,994.2,,,9,,13.9
238,금산,2022-10-10 03:00,10.5,,1.1,290,91,993.9,,,7,,13.7
238,금산,2022-10-10 04:00,10.8,0,1.6,290,84,993.7,,,6,,13.3
238,금산,2022-10-10 05:00,10.9,0,2.1,290,75,994.3,,,9,,13.3
238,금산,2022-10-10 06:00,10.4,,1.6,290,74,994.8,,,9,,12.9
238,금산,2022-10-10 07:00,10,,1.5,290,73,995.1,0,,3,,12.7
238,금산,2022-10-10 08:00,11.6,,1.3,270,66,995.5,.8,,7,,13.1
238,금산,2022-10-10 09:00,12.1,,1.8,270,61,995.7,.7,,7,,14.6
238,금산,2022-10-10 10:00,11.8,,3.2,320,65,995.5,.7,,9,,16.2
238,금산,2022-10-10 11:00,13.9,,3,290,52,995.5,.7,,9,,18.6
238,금산,2022-10-10 12:00,13.1,,3,320,52,994.9,.5,,6,,17.9
238,금산,2022-10-10 13:00,11.5,0,3.5,290,66,994.7,.4,,9,,18.6
238,금산,2022-10-10 14:00,8.9,.3,4.7,270,78,994.2,.5,,9,,17.5
238,금산,2022-10-10 15:00,10.8,0,2.5,270,70,993.7,.5,,7,,20.1
238,금산,2022-10-10 16:00,10.7,,2.9,230,71,993.3,.4,,7,,18.3
238,금산,2022-10-10 17:00,9.5,.6,2.4,270,78,993.6,0,,4,,16
238,금산,2022-10-10 18:00,8.7,.4,1.4,290,85,994,0,,8,,14.6
238,금산,2022-10-10 19:00,8.8,.8,2.3,270,83,994.3,0,,9,,13.9
238,금산,2022-10-10 20:00,8.7,.1,2.2,270,84,994.9,,,6,,13.5
238,금산,2022-10-10 21:00,8.9,0,1.4,270,84,995.2,,,9,,13.2
238,금산,2022-10-10 22:00,8.7,.1,2.1,290,87,995.9,,,0,,13
238,금산,2022-10-10 23:00,9.3,0,2.9,270,76,996.3,,,0,,12.7
238,금산,2022-10-11 00:00,9.2,,1.6,270,77,996.8,,,0,,12.4
238,금산,2022-10-11 01:00,9.1,,1.4,270,80,997.3,,,0,,12.4
238,금산,2022-10-11 02:00,9.5,,1.9,270,78,997.6,,,8,,12.5
238,금산,2022-10-11 03:00,9.5,,1.2,270,79,997.5,,,0,,12.6
238,금산,2022-10-11 04:00,9.4,,.6,270,81,997.9,,,3,,12.5
238,금산,2022-10-11 05:00,8.7,,.9,20,85,998.5,,,6,,12.2
238,금산,2022-10-11 06:00,8.4,,.9,290,88,999,,,6,,11.6
238,금산,2022-10-11 07:00,9.1,,1.1,320,85,999.7,.2,,1,,11.2
238,금산,2022-10-11 08:00,10.3,,2.9,290,76,1000.4,.8,,8,,11.7
238,금산,2022-10-11 09:00,11,,2.6,320,72,1001.2,.3,,9,,13.6
238,금산,2022-10-11 10:00,12.9,,2,20,66,1001.3,.4,,5,,15.9
238,금산,2022-10-11 11:00,13.3,,2.1,320,64,1001.3,.9,,3,,18.7
238,금산,2022-10-11 12:00,14.4,,2.1,290,60,1001.1,.8,,1,,20.9
238,금산,2022-10-11 13:00,15.4,,2.8,290,54,1000.7,1,,0,,22.7
238,금산,2022-10-11 14:00,16,,1.9,270,53,1000.2,1,,0,,23
238,금산,2022-10-11 15:00,16.7,,1.9,290,49,1000.1,1,,0,,22.3
238,금산,2022-10-11 16:00,16.6,,2.2,290,49,1000.4,1,,0,,20.2
238,금산,2022-10-11 17:00,15.8,,1.5,270,51,1000.7,1,,2,,18.1
238,금산,2022-10-11 18:00,12.1,,.9,250,75,1001.1,.5,,0,,16.2
238,금산,2022-10-11 19:00,10.2,,1,290,84,1001.7,0,,0,,14.6
238,금산,2022-10-11 20:00,9.4,,.3,0,88,1002.8,,,0,,13.4
238,금산,2022-10-11 21:00,8.3,,.3,0,91,1003.2,,,0,,12.6
238,금산,2022-10-11 22:00,7.8,,.6,160,92,1003.9,,,0,,11.9
238,금산,2022-10-11 23:00,6.6,,.8,290,95,1004.2,,,0,,11.3
238,금산,2022-10-12 00:00,6,,.1,0,98,1004.3,,,0,,10.8
238,금산,2022-10-12 01:00,5.3,,.8,270,97,1004.5,,,0,,10.3
238,금산,2022-10-12 02:00,4.7,,.6,290,100,1004.8,,,2,,10.2
238,금산,2022-10-12 03:00,4.8,,.4,0,100,1004.9,,,10,,10.6
238,금산,2022-10-12 04:00,5.2,,.6,180,100,1004.7,,,10,,11.2
238,금산,2022-10-12 05:00,5.1,,1.1,200,100,1004.8,,,10,,11.4
238,금산,2022-10-12 06:00,5.1,,.8,200,100,1005.2,,,10,,11.5
238,금산,2022-10-12 07:00,5.1,,1.1,180,100,1005.5,0,,10,,11.6
238,금산,2022-10-12 08:00,5.1,,.6,180,100,1006.1,0,,10,,12.2
238,금산,2022-10-12 09:00,6,,.8,180,100,1006.3,0,,10,,13.6
238,금산,2022-10-12 10:00,7.2,,.5,180,100,1006.4,.3,,5,,15.7
238,금산,2022-10-12 11:00,13.2,,1.4,110,71,1006.2,1,,0,,19
238,금산,2022-10-12 12:00,16.2,,1.4,160,57,1005.8,1,,0,,21.8
238,금산,2022-10-12 13:00,17.4,,1.2,110,50,1005.2,1,,0,,23.5
238,금산,2022-10-12 14:00,19,,1.3,140,48,1004.7,1,,0,,24.3
238,금산,2022-10-12 15:00,19.9,,1.4,140,46,1004.5,1,,0,,23.6
238,금산,2022-10-12 16:00,20.6,,1.8,110,46,1004.5,1,,0,,21.8
238,금산,2022-10-12 17:00,19.5,,1.8,50,49,1004.7,1,,0,,19.4
238,금산,2022-10-12 18:00,15.6,,.8,290,70,1005,.4,,0,,17.4
238,금산,2022-10-12 19:00,12.8,,.6,270,84,1005.2,,,0,,15.8
238,금산,2022-10-12 20:00,11.4,,.9,270,89,1005.7,,,0,,14.6
238,금산,2022-10-12 21:00,10.5,,.4,0,92,1005.9,,,0,,13.7
238,금산,2022-10-12 22:00,9.5,,.1,0,96,1006.5,,,0,,13
238,금산,2022-10-12 23:00,9.1,,.6,270,96,1006.5,,,0,,12.5
238,금산,2022-10-13 00:00,8.3,,.2,0,97,1006.4,,,0,,11.9
238,금산,2022-10-13 01:00,8.6,,.8,160,98,1006.8,,,0,,11.5
238,금산,2022-10-13 02:00,7.7,,.1,0,98,1006.4,,,0,,11.1
238,금산,2022-10-13 03:00,6.8,,.5,340,100,1006.3,,,9,,10.8
238,금산,2022-10-13 04:00,7.1,,.1,0,100,1005.9,,,10,,11.5
238,금산,2022-10-13 05:00,7,,.6,180,100,1005.8,,,1,,11.9
238,금산,2022-10-13 06:00,7.3,,.6,270,100,1005.5,,,9,,12.2
238,금산,2022-10-13 07:00,6.7,,.5,290,100,1005.9,0,,6,,12.2
238,금산,2022-10-13 08:00,7.3,,.5,160,100,1006.6,0,,6,,13.1
238,금산,2022-10-13 09:00,9,,1,140,100,1006.5,0,,5,,14.9
238,금산,2022-10-13 10:00,13.5,,.5,110,82,1006.2,1,,4,,16.6
238,금산,2022-10-13 11:00,16.7,,1,180,65,1005.7,1,,0,,20.3
238,금산,2022-10-13 12:00,19.6,,1.9,140,58,1004.9,1,,2,,23.1
238,금산,2022-10-13 13:00,20.3,,1.9,50,53,1003.9,1,,0,,24.6
238,금산,2022-10-13 14:00,21.2,,1.8,90,50,1002.8,1,,0,,25.3
238,금산,2022-10-13 15:00,20.7,,1.8,50,49,1002.3,1,,0,,24.2
238,금산,2022-10-13 16:00,21.2,,1.8,50,49,1001.8,1,,0,,22.1
238,금산,2022-10-13 17:00,20.3,,1.6,70,53,1001.6,1,,3,,20
238,금산,2022-10-13 18:00,16.5,,1,270,73,1001.6,.4,,0,,18
238,금산,2022-10-13 19:00,13.9,,1,270,84,1001.4,,,0,,16.3
238,금산,2022-10-13 20:00,12.6,,.8,270,89,1001.8,,,0,,15.2
238,금산,2022-10-13 21:00,11.8,,.1,0,93,1001.7,,,0,,14.2
238,금산,2022-10-13 22:00,11,,.1,0,96,1002,,,0,,13.5
238,금산,2022-10-13 23:00,10.2,,.6,320,96,1002.2,,,0,,13
238,금산,2022-10-14 00:00,9.2,,.5,320,98,1001.9,,,1,,12.3
238,금산,2022-10-14 01:00,8.8,,.5,290,99,1001.5,,,5,,11.9
238,금산,2022-10-14 02:00,8.4,,0,0,100,1001.8,,,0,,12.1
238,금산,2022-10-14 03:00,8.1,,.2,0,100,1001.5,,,3,,12.1
238,금산,2022-10-14 04:00,8.2,,.2,0,100,1001.1,,,6,,12.7
238,금산,2022-10-14 05:00,8.3,,.1,0,100,1001.3,,,9,,13
238,금산,2022-10-14 06:00,8.5,,.9,140,100,1001.1,,,9,,13.1
238,금산,2022-10-14 07:00,8.5,,0,0,100,1000.9,0,,9,,13.1
238,금산,2022-10-14 08:00,8.8,,.7,140,100,1001.2,0,,9,,13.7
238,금산,2022-10-14 09:00,9.8,,.3,0,100,1001.5,0,,9,,14.7
238,금산,2022-10-14 10:00,13,,.9,20,88,1001.1,.5,,7,,16.2
238,금산,2022-10-14 11:00,15.9,,.8,110,72,1000.7,.7,,6,,18.3
238,금산,2022-10-14 12:00,18.8,,1.3,160,61,999.6,1,,3,,23.1
238,금산,2022-10-14 13:00,20.2,,.7,290,51,998.8,.7,,8,,24.4
238,금산,2022-10-14 14:00,21.7,,1.1,160,37,997.6,1,,0,,25.6
238,금산,2022-10-14 15:00,22.1,,1.3,110,42,997.6,1,,7,,25.3
238,금산,2022-10-14 16:00,21.8,,1.8,320,52,997.6,.9,,6,,23.1
238,금산,2022-10-14 17:00,21,,2.4,20,53,997.9,.8,,8,,21.1
238,금산,2022-10-14 18:00,18.2,,1.2,270,68,997.8,.3,,7,,18.8
238,금산,2022-10-14 19:00,16.1,,.8,270,80,997.9,,,10,,17.7
238,금산,2022-10-14 20:00,15.1,,.7,270,83,998.1,,,10,,17
238,금산,2022-10-14 21:00,14.7,,.3,0,85,997.9,,,10,,16.4
238,금산,2022-10-14 22:00,13.8,,.6,270,90,998.1,,,8,,15.8
238,금산,2022-10-14 23:00,13.1,,.8,290,93,998.3,,,9,,15.3
238,금산,2022-10-15 00:00,12.9,,.4,0,94,998.5,,,9,,15.2
238,금산,2022-10-15 01:00,12.7,,.2,0,95,998.5,,,9,,15
238,금산,2022-10-15 02:00,12.4,,0,0,97,998.6,,,9,,14.8
238,금산,2022-10-15 03:00,12.5,,0,0,97,998.7,,,9,,14.7
238,금산,2022-10-15 04:00,12,,.4,0,98,998.4,,,9,,14.5
238,금산,2022-10-15 05:00,11.3,,.3,0,98,998.7,,,7,,13.5
238,금산,2022-10-15 06:00,11,,.5,230,100,999,,,9,,13.6
238,금산,2022-10-15 07:00,11.3,,0,0,100,999.4,0,,9,,14.3
238,금산,2022-10-15 08:00,11.6,,0,0,100,999.5,0,,9,,15.2
238,금산,2022-10-15 09:00,12.4,,.1,0,100,999.9,0,,7,,16.3
238,금산,2022-10-15 10:00,16.8,,.5,70,79,1000,.7,,8,,19.6
238,금산,2022-10-15 11:00,18.9,,.8,160,67,999.3,1,,6,,22.6
238,금산,2022-10-15 12:00,21,,1.3,200,57,998.5,1,,5,,25.5
238,금산,2022-10-15 13:00,23.2,,.8,90,50,997.6,1,,4,,25.3
238,금산,2022-10-15 14:00,24,,1.6,90,45,996.9,1,,1,,26.8
238,금산,2022-10-15 15:00,24.5,,1.3,70,38,996.8,1,,3,,26.2
238,금산,2022-10-15 16:00,24.6,,1.2,360,41,996.9,1,,6,,24.4
238,금산,2022-10-15 17:00,23,,1.2,360,52,996.8,.6,,8,,22.4
238,금산,2022-10-15 18:00,20,,.9,270,67,997,0,,8,,20.6
238,금산,2022-10-15 19:00,17.8,,.8,290,76,997.5,,,8,,18.9
238,금산,2022-10-15 20:00,16,,1.1,270,84,998.1,,,7,,17.5
238,금산,2022-10-15 21:00,14.9,,.3,0,89,998.3,,,7,,16.7
238,금산,2022-10-15 22:00,14.1,,.2,0,93,998.8,,,8,,16.1
238,금산,2022-10-15 23:00,14,,0,0,94,998.9,,,10,,15.9
238,금산,2022-10-16 00:00,14.2,,0,0,94,998.6,,,7,,16.1
238,금산,2022-10-16 01:00,14,,0,0,95,998.5,,,9,,16
238,금산,2022-10-16 02:00,13.7,,.3,0,96,998.4,,,9,,15.7
238,금산,2022-10-16 03:00,13.3,,.4,0,98,998.2,,,7,,15.3
238,금산,2022-10-16 04:00,12.9,,.8,290,98,998.2,,,9,,15.1
238,금산,2022-10-16 05:00,12.8,,.3,0,98,998.2,,,9,,14.9
238,금산,2022-10-16 06:00,12.2,,.1,0,100,998.6,,,7,,14.2
238,금산,2022-10-16 07:00,12.3,,.7,160,99,998.7,0,,6,,14.2
238,금산,2022-10-16 08:00,13,,.5,110,99,999,.2,,8,,15.2
238,금산,2022-10-16 09:00,15.7,,.2,0,85,999,.4,,8,,18.1
238,금산,2022-10-16 10:00,18,,.9,340,74,998.7,.6,,7,,20.3
238,금산,2022-10-16 11:00,20.1,,1.2,270,68,998.1,1,,7,,23.5
238,금산,2022-10-16 12:00,22,,1.9,360,64,997.3,1,,7,,25.2
238,금산,2022-10-16 13:00,22.9,,1.6,340,61,996.6,.8,,6,,25.4
238,금산,2022-10-16 14:00,22.2,,2.6,340,61,996.5,.6,,8,,25.6
238,금산,2022-10-16 15:00,21.2,,2.4,320,62,997,0,,9,,23.5
238,금산,2022-10-16 16:00,20.6,,1.7,290,65,996.6,0,,9,,22.3
238,금산,2022-10-16 17:00,19.9,,1,290,72,996.6,0,,9,,20.9
238,금산,2022-10-16 18:00,18.6,,1,290,78,996.6,0,,9,,19.4
238,금산,2022-10-16 19:00,17.3,,.6,320,85,997.1,,,9,,18.5
238,금산,2022-10-16 20:00,17,,1.1,320,87,997.2,,,9,,18.1
238,금산,2022-10-16 21:00,16.6,,.9,290,86,997.4,,,8,,17.5
238,금산,2022-10-16 22:00,16.2,,.1,0,87,997.6,,,9,,17
238,금산,2022-10-16 23:00,15.8,,.5,270,88,997.4,,,10,,17
238,금산,2022-10-17 00:00,16,,.8,320,85,997.3,,,8,,17
238,금산,2022-10-17 01:00,14.7,,.8,320,90,997.2,,,8,,16.1
238,금산,2022-10-17 02:00,14.1,,.2,0,87,997.4,,,10,,15.8
238,금산,2022-10-17 03:00,13.9,,.8,290,83,997.4,,,10,,15.5
238,금산,2022-10-17 04:00,14.2,0,0,0,84,997.6,,,10,,15.8
238,금산,2022-10-17 05:00,14.5,,1.1,290,83,997.8,,,10,,15.9
238,금산,2022-10-17 06:00,13.9,,.8,320,85,998.1,,,9,,15.4
238,금산,2022-10-17 07:00,13.2,,2.4,290,78,998.2,0,,9,,15.1
238,금산,2022-10-17 08:00,13.1,,1.9,290,72,998.6,0,,8,,15.3
238,금산,2022-10-17 09:00,12.9,,3.2,290,66,998.9,0,,8,,15.9
238,금산,2022-10-17 10:00,13.5,,2.6,270,55,998.9,.5,,6,,16.8
238,금산,2022-10-17 11:00,14.7,,2.5,290,47,998.5,1,,0,,19.9
238,금산,2022-10-17 12:00,15.3,,3,290,37,998.2,1,,0,,22
238,금산,2022-10-17 13:00,14.9,,4.2,290,28,998,1,,0,,23
238,금산,2022-10-17 14:00,15.6,,3,270,25,997.7,1,,0,,23.6
238,금산,2022-10-17 15:00,15,,2.8,290,26,997.8,1,,0,,22.6
238,금산,2022-10-17 16:00,13.7,,3.8,320,22,998.1,1,,0,,19.8
238,금산,2022-10-17 17:00,12.6,,2.2,320,35,998.3,1,,0,,17.1
238,금산,2022-10-17 18:00,10.7,,1.4,270,44,998.6,.3,,0,,14.8
238,금산,2022-10-17 19:00,9.8,,1.9,290,48,999.3,,,0,,13.2
238,금산,2022-10-17 20:00,9.2,,2.3,290,52,999.9,,,2,,12.2
238,금산,2022-10-17 21:00,8.5,,1.8,290,57,999.9,,,0,,11.5
238,금산,2022-10-17 22:00,8.2,,1.7,290,60,1000.4,,,0,,11
238,금산,2022-10-17 23:00,6.7,,.9,320,69,1000.7,,,0,,10.4
238,금산,2022-10-18 00:00,5.6,,.8,290,75,1000.8,,,0,,9.9
238,금산,2022-10-18 01:00,4.4,,.8,290,80,1000.9,,,0,,9.3
238,금산,2022-10-18 02:00,4.2,,.5,160,83,1001.3,,,0,,8.9
238,금산,2022-10-18 03:00,2.3,,.9,320,92,1001.5,,,0,,8.4
238,금산,2022-10-18 04:00,1.8,,.8,320,94,1001.6,,,0,,8
238,금산,2022-10-18 05:00,1.3,,.2,0,95,1001.9,,,0,,7.7
238,금산,2022-10-18 06:00,1,,.4,0,95,1002.1,,,0,,7.4
238,금산,2022-10-18 07:00,.7,,.4,0,96,1002.1,,,0,,7.1
238,금산,2022-10-18 08:00,2.9,,.1,0,90,1002.5,,,0,,7.6
238,금산,2022-10-18 09:00,6.2,,.7,110,73,1003,,,0,,8.9
238,금산,2022-10-18 10:00,9.5,,1.1,340,56,1002.9,,,2,,12.9
238,금산,2022-10-18 11:00,11.7,,1.5,340,48,1002.6,,,2,,16.7
238,금산,2022-10-18 12:00,12.4,,1.8,340,46,1002.3,,,0,,19.8
238,금산,2022-10-18 13:00,12.3,,2.2,290,42,1001.7,,,0,,21.6
238,금산,2022-10-18 14:00,13.6,,1.8,340,36,1001.2,,,0,,22.6
238,금산,2022-10-18 15:00,13.8,,2.4,340,33,1000.9,,,0,,21.6
238,금산,2022-10-18 16:00,13.6,,2,290,32,1000.9,,,0,,19.4
238,금산,2022-10-18 17:00,12.2,,1.9,290,36,1001,,,0,,16.5
238,금산,2022-10-18 18:00,9.8,,.7,290,46,1001.5,,,0,,14
238,금산,2022-10-18 19:00,6.8,,.3,0,66,1002.3,,,0,,12.1
238,금산,2022-10-18 20:00,6,,.3,0,67,1002.9,,,0,,10.8
238,금산,2022-10-18 21:00,4.8,,.5,290,74,1003.1,,,0,,9.9
238,금산,2022-10-18 22:00,4.2,,.4,0,79,1003.3,,,0,,9.3
238,금산,2022-10-18 23:00,2.7,,.7,290,88,1003.4,,,0,,8.7
238,금산,2022-10-19 00:00,1.5,,0,0,92,1003.5,,,0,,8.2
238,금산,2022-10-19 01:00,1.5,,.4,0,93,1003.7,,,0,,7.8
238,금산,2022-10-19 02:00,.7,,.4,0,95,1003.9,,,0,,7.4
238,금산,2022-10-19 03:00,.5,,.3,0,95,1004.1,,,0,,7.1
238,금산,2022-10-19 04:00,.2,,.1,0,96,1004.2,,,0,,6.7
238,금산,2022-10-19 05:00,-.2,,.6,270,96,1004.6,,,0,,6.4
238,금산,2022-10-19 06:00,-.3,,.1,0,96,1004.9,,,0,,6.1
238,금산,2022-10-19 07:00,-.2,,.1,0,97,1005.1,,,0,,6.1
238,금산,2022-10-19 08:00,.5,,.3,0,99,1005.8,,,4,,7.7
238,금산,2022-10-19 09:00,3.5,,.2,0,94,1006.5,,,0,,9.2
238,금산,2022-10-19 10:00,7.4,,.4,0,73,1006.5,,,0,,12.1
238,금산,2022-10-19 11:00,11.5,,1,360,42,1006.2,,,0,,16.5
238,금산,2022-10-19 12:00,13.3,,1.5,70,38,1005.9,,,0,,19.9
238,금산,2022-10-19 13:00,14.3,,1.9,320,35,1005.1,,,0,,21.7
238,금산,2022-10-19 14:00,15.1,,1.9,360,32,1004.6,,,0,,22.5
238,금산,2022-10-19 15:00,15.7,,2.1,340,34,1004.4,,,0,,21.8
238,금산,2022-10-19 16:00,15.4,,1.6,340,35,1004.4,,,0,,19.6
238,금산,2022-10-19 17:00,14.3,,.7,290,39,1004.7,,,0,,16.9
238,금산,2022-10-19 18:00,10.2,,1,290,62,1005,,,0,,14.3
238,금산,2022-10-19 19:00,8,,1.1,270,71,1005.8,,,0,,12.5
238,금산,2022-10-19 20:00,6.5,,.9,270,78,1006.3,,,0,,11.2
238,금산,2022-10-19 21:00,5.4,,.7,270,84,1006.6,,,0,,10.1
238,금산,2022-10-19 22:00,4.1,,.1,0,89,1006.7,,,0,,9.3
238,금산,2022-10-19 23:00,3.6,,.2,0,91,1007,,,0,,8.7
238,금산,2022-10-20 00:00,2.5,,.3,0,95,1007.2,,,0,,8.2
238,금산,2022-10-20 01:00,2.1,,.4,0,95,1007.4,,,0,,7.7
238,금산,2022-10-20 02:00,1.8,,.5,270,96,1007.9,,,0,,7.3
238,금산,2022-10-20 03:00,.9,,.5,290,95,1008.1,,,0,,6.9
238,금산,2022-10-20 04:00,.5,,.3,0,98,1008,,,0,,6.6
238,금산,2022-10-20 05:00,.3,,.8,320,99,1008.4,,,0,,7.1
238,금산,2022-10-20 06:00,1,,.5,270,100,1008.9,,,8,,7.8
238,금산,2022-10-20 07:00,1.2,,.9,290,100,1008.9,,,8,,8.1
238,금산,2022-10-20 08:00,2.3,,.1,0,100,1009.3,,,5,,9.1
238,금산,2022-10-20 09:00,3.2,,.1,0,100,1009.5,,,5,,10.7
238,금산,2022-10-20 10:00,7.3,,.4,0,86,1009,,,0,,13.1
238,금산,2022-10-20 11:00,12.9,,.5,200,58,1008.5,,,0,,17.4
238,금산,2022-10-20 12:00,15.3,,1.2,250,42,1007.7,,,0,,21
238,금산,2022-10-20 13:00,17.3,,1.2,290,34,1006.8,,,0,,23.2
238,금산,2022-10-20 14:00,18.6,,2,290,34,1005.8,,,0,,24.1
238,금산,2022-10-20 15:00,19.3,,1.1,270,30,1005.2,,,0,,23.4
238,금산,2022-10-20 16:00,19.2,,1.1,320,30,1005,,,0,,20.8
238,금산,2022-10-20 17:00,16.8,,1,270,41,1005.3,,,0,,17.9
238,금산,2022-10-20 18:00,11.9,,1.2,270,62,1005.2,,,0,,15.2
238,금산,2022-10-20 19:00,9.9,,.7,270,70,1005.7,,,0,,13.2
238,금산,2022-10-20 20:00,8.6,,.3,0,75,1006.2,,,7,,12.1
238,금산,2022-10-20 21:00,8.2,,.5,270,79,1006.3,,,9,,12
238,금산,2022-10-20 22:00,7.8,,1,320,83,1006.3,,,9,,11.6
238,금산,2022-10-20 23:00,7,,.2,0,88,1006.2,,,7,,10.8
238,금산,2022-10-21 00:00,6.3,,.4,0,90,1006,,,8,,10.3
238,금산,2022-10-21 01:00,5.8,,.4,0,92,1005.9,,,3,,9.9
238,금산,2022-10-21 02:00,5.4,,.2,0,94,1006.1,,,6,,9.5
238,금산,2022-10-21 03:00,5,,.5,270,95,1005.9,,,5,,9.2
238,금산,2022-10-21 04:00,4.1,,.2,0,96,1005.8,,,8,,8.8
238,금산,2022-10-21 05:00,3.6,,0,0,97,1005.8,,,9,,8.2
238,금산,2022-10-21 06:00,3.5,,.2,0,98,1005.9,,,8,,8.1
238,금산,2022-10-21 07:00,3.2,,.2,0,97,1005.7,0,,9,,7.7
238,금산,2022-10-21 08:00,4.6,,.3,0,95,1006.1,1,,4,,8.2
238,금산,2022-10-21 09:00,8.1,,.5,160,82,1006.1,.7,,9,,10.5
238,금산,2022-10-21 10:00,12.4,,.7,110,64,1005.6,.9,,7,,14
238,금산,2022-10-21 11:00,15.3,,.6,200,57,1005,.6,,9,,18
238,금산,2022-10-21 12:00,15.4,,.8,340,59,1004.4,0,,9,,17
238,금산,2022-10-21 13:00,16,,.6,340,59,1003.7,0,,10,,17
238,금산,2022-10-21 14:00,16.7,,1.6,360,56,1003.1,.1,,10,,18.3
238,금산,2022-10-21 15:00,17.2,,.8,340,50,1002.8,0,,10,,18
238,금산,2022-10-21 16:00,17.3,,1,270,44,1002.7,0,,9,,17.6
238,금산,2022-10-21 17:00,16.5,,.8,320,52,1002.8,0,,10,,16.6
238,금산,2022-10-21 18:00,14.4,,.4,0,69,1002.5,0,,10,,15.2
238,금산,2022-10-21 19:00,13.1,,.2,0,77,1002.7,,,10,,14.3
238,금산,2022-10-21 20:00,11.9,,0,0,82,1002.9,,,10,,13.7
238,금산,2022-10-21 21:00,11.6,,.5,290,85,1002.7,,,10,,13.4
238,금산,2022-10-21 22:00,11.3,,.2,0,87,1002.8,,,10,,13
238,금산,2022-10-21 23:00,10.5,,.1,0,91,1002.9,,,9,,12.7
238,금산,2022-10-22 00:00,10.2,,.1,0,92,1002.5,,,9,,12.5
238,금산,2022-10-22 01:00,9.8,,.9,270,95,1002.6,,,9,,12
238,금산,2022-10-22 02:00,10,,.1,0,93,1002.5,,,8,,11.8
238,금산,2022-10-22 03:00,9.4,,0,0,97,1002.4,,,8,,11.4
238,금산,2022-10-22 04:00,9,,.2,0,97,1002.1,,,10,,11.6
238,금산,2022-10-22 05:00,9.3,,.1,0,97,1002.2,,,5,,11.4
238,금산,2022-10-22 06:00,8.1,,.1,0,98,1002.2,,,10,,10.5
238,금산,2022-10-22 07:00,7.6,,.5,270,100,1001.9,0,,8,,10
238,금산,2022-10-22 08:00,9.2,,0,0,96,1002.1,.4,,8,,11.1
238,금산,2022-10-22 09:00,12.2,,.2,0,86,1002.7,.6,,5,,11.8
238,금산,2022-10-22 10:00,15.7,,.8,70,71,1002.1,1,,6,,15.1
238,금산,2022-10-22 11:00,17.8,,1.8,340,55,1001.4,.9,,6,,18.9
238,금산,2022-10-22 12:00,19.3,,2.5,360,43,1000.6,1,,2,,22
238,금산,2022-10-22 13:00,20.4,,2.2,340,37,999.5,1,,0,,24.1
238,금산,2022-10-22 14:00,21,,1.8,340,39,998.7,1,,0,,24.8
238,금산,2022-10-22 15:00,20.4,,1.9,320,41,998.5,1,,0,,23.9
238,금산,2022-10-22 16:00,20.1,,2,340,43,998.6,1,,0,,21.6
238,금산,2022-10-22 17:00,18.5,,1,320,49,998.4,1,,0,,18.9
238,금산,2022-10-22 18:00,14.4,,.9,270,68,998.4,.3,,1,,16.5
238,금산,2022-10-22 19:00,13,,.4,0,76,998.9,,,0,,14.9
238,금산,2022-10-22 20:00,11.4,,.5,290,84,999.6,,,0,,13.7
238,금산,2022-10-22 21:00,10.7,,0,0,88,999.7,,,5,,12.8
238,금산,2022-10-22 22:00,11.4,,.2,0,86,999.9,,,7,,13.2
238,금산,2022-10-22 23:00,10.9,,.5,90,87,999.7,,,1,,12.3
238,금산,2022-10-23 00:00,9,,.1,0,96,999.3,,,4,,11.6
238,금산,2022-10-23 01:00,8.8,,.2,0,97,999.1,,,6,,11.2
238,금산,2022-10-23 02:00,9.5,,.1,0,94,999,,,7,,11.6
238,금산,2022-10-23 03:00,9.5,,.7,90,95,998.6,,,10,,11.9
238,금산,2022-10-23 04:00,9.5,,.2,0,95,998,,,9,,12.3
238,금산,2022-10-23 05:00,8.9,,.2,0,97,997.8,,,9,,11.5
238,금산,2022-10-23 06:00,8.5,,.3,0,98,998.2,,,8,,11.2
238,금산,2022-10-23 07:00,8.4,,.2,0,98,998.4,0,,7,,11.4
238,금산,2022-10-23 08:00,9.4,,0,0,95,998.6,0,,3,,11.8
238,금산,2022-10-23 09:00,11.1,,.4,0,90,999.2,.2,,3,,13.4
238,금산,2022-10-23 10:00,14.5,,.8,320,76,998.9,.7,,1,,15.7
238,금산,2022-10-23 11:00,16.5,,1.8,340,58,998.5,.9,,2,,19.2
238,금산,2022-10-23 12:00,17.4,,1.9,360,50,998.1,.8,,8,,22
238,금산,2022-10-23 13:00,17.3,,1.9,340,56,997.3,.6,,6,,22.1
238,금산,2022-10-23 14:00,18.4,,2.3,270,45,996.6,1,,7,,24.4
238,금산,2022-10-23 15:00,17.1,,1.9,340,53,996.4,.6,,3,,21.5
238,금산,2022-10-23 16:00,16.8,,1.6,340,49,996.5,.7,,0,,19.7
238,금산,2022-10-23 17:00,16.2,,1.4,340,49,996.6,.9,,0,,17.7
238,금산,2022-10-23 18:00,13.9,,1.7,290,56,996.9,.3,,0,,15.4
238,금산,2022-10-23 19:00,12,,1.3,290,61,997.9,,,0,,13.7
238,금산,2022-10-23 20:00,10.2,,.2,0,69,998.7,,,0,,12.3
238,금산,2022-10-23 21:00,7.6,,0,0,80,999.1,,,0,,11.1
238,금산,2022-10-23 22:00,6.6,,0,0,84,999.6,,,0,,10.1
238,금산,2022-10-23 23:00,5.5,,.5,290,87,999.9,,,0,,9.3
238,금산,2022-10-24 00:00,4.8,,.4,0,88,999.8,,,0,,8.8
238,금산,2022-10-24 01:00,4,,.6,290,93,999.5,,,0,,8.3
238,금산,2022-10-24 02:00,3.5,,0,0,95,999.5,,,0,,7.9
238,금산,2022-10-24 03:00,2.9,,.3,0,96,999.5,,,0,,7.6
238,금산,2022-10-24 04:00,2.7,,.2,0,96,999.5,,,6,,7.4
238,금산,2022-10-24 05:00,2.4,,0,0,96,999.3,,,5,,7.5
238,금산,2022-10-24 06:00,2.9,,0,0,96,999.2,,,8,,7.8
238,금산,2022-10-24 07:00,3.4,,0,0,95,999.4,.6,,7,,8.1
238,금산,2022-10-24 08:00,5,,.1,0,90,1000,.8,,2,,8.2
238,금산,2022-10-24 09:00,8.3,,.4,0,77,1000.5,1,,2,,9.7
238,금산,2022-10-24 10:00,11.7,,2.4,320,60,1000.3,.9,,4,,12.9
238,금산,2022-10-24 11:00,12.9,,3.1,270,50,1000.1,.9,,6,,17.3
238,금산,2022-10-24 12:00,13.1,,2.7,320,46,999.9,.6,,6,,18.3
238,금산,2022-10-24 13:00,14.4,,2.5,290,42,999.4,.9,,6,,21.4
238,금산,2022-10-24 14:00,14.1,,2.4,290,38,999.1,.8,,2,,20.6
238,금산,2022-10-24 15:00,14.4,,2,340,33,999,.9,,0,,20.7
238,금산,2022-10-24 16:00,14,,1.8,320,32,999.3,1,,0,,18.4
238,금산,2022-10-24 17:00,12.2,,1.8,340,32,999.7,1,,0,,15.3
238,금산,2022-10-24 18:00,9.5,,1.1,290,42,1000.3,.3,,0,,12.9
238,금산,2022-10-24 19:00,8.4,,.8,290,49,1001.2,,,0,,11.3
238,금산,2022-10-24 20:00,6.8,,1,290,56,1001.8,,,0,,10.1
238,금산,2022-10-24 21:00,5.4,,.1,0,67,1002.5,,,0,,9.2
238,금산,2022-10-24 22:00,3.7,,.7,290,76,1002.9,,,0,,8.5
238,금산,2022-10-24 23:00,3.1,,.4,0,81,1003.6,,,0,,7.8
238,금산,2022-10-25 00:00,2.7,,.4,0,83,1003.8,,,0,,7.3
238,금산,2022-10-25 01:00,1.7,,.1,0,89,1004.2,,,0,,6.9
238,금산,2022-10-25 02:00,.9,,.7,270,92,1004.7,,,0,,6.5
238,금산,2022-10-25 03:00,.5,,.5,290,92,1005.1,,,0,,6.1
238,금산,2022-10-25 04:00,.2,,.1,0,94,1005.4,,,0,,5.7
238,금산,2022-10-25 05:00,-.6,,.6,290,95,1005.8,,,0,,5.4
238,금산,2022-10-25 06:00,-.8,,.1,0,96,1006.5,,,0,,5
238,금산,2022-10-25 07:00,-1,,.1,0,96,1007,,,0,,4.8
238,금산,2022-10-25 08:00,.6,,1.1,290,90,1008,,,0,,5.4
238,금산,2022-10-25 09:00,4,,.7,180,77,1008.6,,,0,,6.6
238,금산,2022-10-25 10:00,7.7,,.6,110,60,1008.5,,,0,,10.4
238,금산,2022-10-25 11:00,10.9,,.9,180,51,1008,,,0,,15.3
238,금산,2022-10-25 12:00,13.3,,1.1,140,44,1007.2,,,0,,19.1
238,금산,2022-10-25 13:00,15,,2.1,110,41,1006.4,,,0,,21.4
238,금산,2022-10-25 14:00,15.8,,3.1,90,37,1005.8,,,0,,22
238,금산,2022-10-25 15:00,16.2,,2.2,110,36,1005.5,,,0,,21.1
238,금산,2022-10-25 16:00,15.8,,1.9,70,37,1005.6,,,0,,18.6
238,금산,2022-10-25 17:00,14.2,,2.2,90,43,1006,,,0,,16
238,금산,2022-10-25 18:00,13,,1.2,90,48,1006,,,0,,13.7
238,금산,2022-10-25 19:00,8.5,,.9,270,70,1006.8,,,0,,11.9
238,금산,2022-10-25 20:00,7.5,,.9,250,75,1007.2,,,0,,10.6
238,금산,2022-10-25 21:00,5.9,,.4,0,81,1007.6,,,0,,9.7
238,금산,2022-10-25 22:00,5.1,,.6,270,86,1007.9,,,0,,8.9
238,금산,2022-10-25 23:00,3.9,,.5,340,92,1008.3,,,0,,8.2
238,금산,2022-10-26 00:00,3.3,,.3,0,93,1008.3,,,0,,7.6
238,금산,2022-10-26 01:00,2.6,,.2,0,94,1008.4,,,0,,7.2
238,금산,2022-10-26 02:00,2,,0,0,96,1008.6,,,0,,6.8
238,금산,2022-10-26 03:00,1.5,,0,0,96,1008.5,,,0,,6.4
238,금산,2022-10-26 04:00,1.3,,.2,0,97,1008.5,,,0,,6
238,금산,2022-10-26 05:00,.9,,.5,270,96,1008.6,,,0,,5.8
238,금산,2022-10-26 06:00,.5,,.1,0,97,1008.7,,,0,,5.5
238,금산,2022-10-26 07:00,.2,,.3,0,97,1008.6,,,9,,5.3
238,금산,2022-10-26 08:00,1,,.1,0,98,1008.9,,,0,,6.1
238,금산,2022-10-26 09:00,4.7,,.2,0,91,1009.1,,,0,,7.7
238,금산,2022-10-26 10:00,9,,.5,140,69,1008.7,,,0,,11.1
238,금산,2022-10-26 11:00,13.3,,.9,140,52,1007.8,,,0,,16.1
238,금산,2022-10-26 12:00,16.3,,.6,70,41,1007.1,,,0,,19.7
238,금산,2022-10-26 13:00,17.2,,1.2,290,38,1006.1,,,6,,21.5
238,금산,2022-10-26 14:00,17.2,,1,360,39,1005.4,,,6,,21.6
238,금산,2022-10-26 15:00,17.3,,1.1,20,38,1005,,,8,,20.5
238,금산,2022-10-26 16:00,16.2,,1.2,320,43,1004.8,,,8,,18.3
238,금산,2022-10-26 17:00,15.1,,.3,0,46,1004.9,,,8,,16.4
238,금산,2022-10-26 18:00,12.4,,.9,270,63,1004.8,,,9,,14.5
238,금산,2022-10-26 19:00,10.8,,.8,290,68,1005.1,,,8,,13
238,금산,2022-10-26 20:00,9.5,,.5,270,75,1005.5,,,6,,12
238,금산,2022-10-26 21:00,8.9,,0,0,78,1005.2,,,7,,11.3
238,금산,2022-10-26 22:00,8.3,,.3,0,82,1005.6,,,8,,11.1
238,금산,2022-10-26 23:00,7.6,,.1,0,84,1005.8,,,8,,10.6
238,금산,2022-10-27 00:00,7.3,,.5,270,87,1005.5,,,8,,10.3
238,금산,2022-10-27 01:00,7,,.2,0,89,1005.4,,,6,,10.1
238,금산,2022-10-27 02:00,7,,0,0,89,1005.4,,,8,,9.7
238,금산,2022-10-27 03:00,5.9,,.2,0,93,1005.1,,,9,,9.4
238,금산,2022-10-27 04:00,5.5,,0,0,94,1004.8,,,8,,9
238,금산,2022-10-27 05:00,5.4,,.1,0,96,1005,,,9,,9
238,금산,2022-10-27 06:00,4.7,,.1,0,97,1005.3,,,5,,8.1
238,금산,2022-10-27 07:00,3.7,,.4,0,97,1005.5,0,,0,,7.5
238,금산,2022-10-27 08:00,5.7,,0,0,92,1005.8,.9,,1,,7.9
238,금산,2022-10-27 09:00,8,,.2,0,82,1006,1,,1,,9.2
238,금산,2022-10-27 10:00,11.3,,.1,0,69,1006.2,1,,0,,12.3
238,금산,2022-10-27 11:00,15.3,,.5,20,51,1005.5,1,,0,,16.6
238,금산,2022-10-27 12:00,16.8,,.8,180,42,1004.7,1,,0,,19.9
238,금산,2022-10-27 13:00,17.9,,1.1,180,38,1003.9,1,,0,,22.2
238,금산,2022-10-27 14:00,19.6,,1.8,340,36,1003.3,1,,0,,22.7
238,금산,2022-10-27 15:00,19.3,,2.5,360,38,1003.1,1,,0,,21.7
238,금산,2022-10-27 16:00,18.7,,1.5,290,41,1003.2,1,,0,,19.6
238,금산,2022-10-27 17:00,17.3,,1,340,44,1003.3,1,,0,,17.3
238,금산,2022-10-27 18:00,13.1,,1,290,63,1003.6,.2,,0,,14.9
238,금산,2022-10-27 19:00,11.4,,.7,270,70,1004.3,,,0,,13.2
238,금산,2022-10-27 20:00,9.8,,.6,270,78,1004.7,,,0,,11.9
238,금산,2022-10-27 21:00,8.6,,0,0,83,1005,,,0,,10.9
238,금산,2022-10-27 22:00,7.4,,0,0,88,1005.4,,,0,,10.1
238,금산,2022-10-27 23:00,6.3,,.2,0,92,1005.6,,,0,,9.5
238,금산,2022-10-28 00:00,5.9,,0,0,94,1005.5,,,0,,8.9
238,금산,2022-10-28 01:00,5.5,,.8,290,96,1005.5,,,0,,8.5
238,금산,2022-10-28 02:00,4.9,,0,0,97,1005.2,,,0,,8.1
238,금산,2022-10-28 03:00,4.2,,.1,0,97,1005.4,,,0,,7.7
238,금산,2022-10-28 04:00,3.5,,0,0,98,1005.1,,,5,,7.4
238,금산,2022-10-28 05:00,3.4,,0,0,98,1005.1,,,9,,7.1
238,금산,2022-10-28 06:00,2.6,,.1,0,98,1005.6,,,10,,7
238,금산,2022-10-28 07:00,3.1,,.7,320,100,1005.9,.7,,10,,7.8
238,금산,2022-10-28 08:00,3.8,,.3,0,100,1006.4,.2,,10,,9
238,금산,2022-10-28 09:00,5.1,,.2,0,100,1006.6,0,,10,,10.7
238,금산,2022-10-28 10:00,8.1,,.4,0,93,1006.5,.5,,9,,13
238,금산,2022-10-28 11:00,11.3,,.2,0,72,1006.1,1,,0,,16.4
238,금산,2022-10-28 12:00,15,,.6,160,62,1005.3,1,,0,,20
238,금산,2022-10-28 13:00,18.5,,1,50,42,1004.4,1,,0,,22.3
238,금산,2022-10-28 14:00,19.4,,.9,250,36,1003.6,1,,0,,23.1
238,금산,2022-10-28 15:00,20.1,,1,290,32,1003.3,1,,0,,22
238,금산,2022-10-28 16:00,19.4,,1.2,290,36,1003.3,1,,0,,19.8
238,금산,2022-10-28 17:00,17.9,,.7,290,50,1003.1,1,,0,,17.6
238,금산,2022-10-28 18:00,13.9,,1,270,68,1003.3,.2,,0,,15.2
238,금산,2022-10-28 19:00,,,.2,0,,1003.9,,,0,,13.4
238,금산,2022-10-28 20:00,,,.7,270,,1004.3,,,0,,12.2
238,금산,2022-10-28 21:00,,,.7,270,,1004.9,,,0,,11.4
238,금산,2022-10-28 22:00,,,.2,0,,1005.7,,,0,,10.6
238,금산,2022-10-28 23:00,,,0,0,,1006.1,,,0,,10
238,금산,2022-10-29 00:00,,,0,0,,1006,,,0,,9.4
238,금산,2022-10-29 01:00,,,.1,0,,1005.8,,,0,,9
238,금산,2022-10-29 02:00,,,.1,0,,1006,,,0,,8.6
238,금산,2022-10-29 03:00,,,0,0,,1006.1,,,0,,8.2
238,금산,2022-10-29 04:00,,,0,0,,1006,,,0,,7.9
238,금산,2022-10-29 05:00,,,.1,0,,1006.1,,,6,,7.6
238,금산,2022-10-29 06:00,,,.2,0,,1006.2,,,9,,7.4
238,금산,2022-10-29 07:00,,,.4,0,,1006.5,,,10,,7.4
238,금산,2022-10-29 08:00,,,.3,0,,1006.8,,,5,,8.5
238,금산,2022-10-29 09:00,,,.2,0,,1007.2,,,1,,9.8
238,금산,2022-10-29 10:00,,,.2,0,,1007.1,,,0,,12.6
238,금산,2022-10-29 11:00,,,1.2,110,,1006.5,,,2,,16.8
238,금산,2022-10-29 12:00,,,.9,110,,1005.7,,,1,,20.2
238,금산,2022-10-29 13:00,,,.7,340,,1004.8,,,5,,22.2
238,금산,2022-10-29 14:00,18.9,,1.1,160,42,1004.1,,,6,,22.7
238,금산,2022-10-29 15:00,19.1,,.8,320,37,1003.7,,,7,,21.2
238,금산,2022-10-29 16:00,18.6,,.3,0,39,1003.5,,,5,,19.3
238,금산,2022-10-29 17:00,16.3,,1,270,51,1003.6,,,5,,17.1
238,금산,2022-10-29 18:00,13.4,,.6,270,64,1003.7,,,7,,15
238,금산,2022-10-29 19:00,11.4,,.6,270,73,1004.2,,,6,,13.5
238,금산,2022-10-29 20:00,10.8,,.6,270,79,1004.6,,,5,,12.5
238,금산,2022-10-29 21:00,9.9,,.1,0,83,1004.4,,,7,,11.7
238,금산,2022-10-29 22:00,9.2,,.7,290,88,1004.8,,,7,,11.2
238,금산,2022-10-29 23:00,7.9,,.2,0,93,1005.1,,,1,,10.3
238,금산,2022-10-30 00:00,6.8,,0,0,95,1005.2,,,0,,9.6
238,금산,2022-10-30 01:00,6.5,,.1,0,96,1005.2,,,6,,9.1
238,금산,2022-10-30 02:00,5.8,,.1,0,96,1005.3,,,0,,8.7
238,금산,2022-10-30 03:00,5.2,,0,0,98,1005.2,,,0,,8.2
238,금산,2022-10-30 04:00,4.7,,0,0,98,1005.2,,,0,,7.9
238,금산,2022-10-30 05:00,4.5,,.2,0,98,1005.4,,,0,,7.6
238,금산,2022-10-30 06:00,3.6,,.1,0,99,1005.4,,,0,,7.4
238,금산,2022-10-30 07:00,3.1,,.5,290,100,1005.7,0,,1,,7.3
238,금산,2022-10-30 08:00,4.5,,0,0,100,1006.3,0,,4,,8.5
238,금산,2022-10-30 09:00,6.8,,.1,0,100,1006.3,.3,,0,,10.2
238,금산,2022-10-30 10:00,10.9,,.2,0,81,1005.8,1,,0,,12.6
238,금산,2022-10-30 11:00,14.7,,1.2,160,67,1005.2,1,,0,,16.9
238,금산,2022-10-30 12:00,17.3,,1,90,55,1004.4,1,,1,,20.2
238,금산,2022-10-30 13:00,18.8,,1.8,50,44,1003.6,1,,3,,22.9
238,금산,2022-10-30 14:00,18.8,,2.1,20,40,1002.9,.9,,3,,23.3
238,금산,2022-10-30 15:00,19.3,,1,160,40,1002.8,.7,,5,,22
238,금산,2022-10-30 16:00,19.5,,1.5,50,40,1002.8,1,,2,,19.8
238,금산,2022-10-30 17:00,17.8,,1.3,70,45,1003,1,,0,,17.4
238,금산,2022-10-30 18:00,14.5,,.8,270,59,1003.3,.2,,0,,15.1
238,금산,2022-10-30 19:00,11.9,,.5,250,71,1003.8,,,5,,13.4
238,금산,2022-10-30 20:00,10.5,,.9,270,77,1004.1,,,4,,12.3
238,금산,2022-10-30 21:00,9.3,,.4,0,83,1004.3,,,6,,11.4
238,금산,2022-10-30 22:00,8.9,,0,0,84,1004.7,,,0,,10.7
238,금산,2022-10-30 23:00,9.2,,.2,0,85,1005,,,7,,10.8
238,금산,2022-10-31 00:00,8.9,,0,0,88,1004.9,,,7,,10.4
238,금산,2022-10-31 01:00,8.6,,.2,0,92,1004.8,,,3,,9.9
238,금산,2022-10-31 02:00,7.4,,0,0,94,1004.9,,,4,,9.2
238,금산,2022-10-31 03:00,6.4,,.1,0,96,1004.9,,,7,,8.8
238,금산,2022-10-31 04:00,6.2,,0,0,98,1004.8,,,8,,8.5
238,금산,2022-10-31 05:00,6.1,,0,0,98,1004.6,,,8,,8.5
238,금산,2022-10-31 06:00,5.4,,.1,0,98,1004.9,,,8,,8.2
238,금산,2022-10-31 07:00,5.4,,0,0,99,1005,0,,7,,8
238,금산,2022-10-31 08:00,7,,0,0,93,1005.2,.2,,9,,9.6
238,금산,2022-10-31 09:00,8.6,,0,0,89,1005.2,.3,,7,,10.4
238,금산,2022-10-31 10:00,11.9,,.5,110,76,1004.9,1,,5,,12.4
238,금산,2022-10-31 11:00,15.1,,1.4,140,62,1004.5,1,,3,,16.7
238,금산,2022-10-31 12:00,16.4,,1.2,160,55,1003.7,1,,6,,20.1
238,금산,2022-10-31 13:00,18,,1.1,270,48,1002.7,1,,5,,22.2
238,금산,2022-10-31 14:00,19.2,,1.4,70,45,1001.9,1,,1,,23.5
238,금산,2022-10-31 15:00,18.5,,1.2,110,44,1001.6,1,,0,,22.3
238,금산,2022-10-31 16:00,18.9,,1.5,70,43,1001.6,.9,,3,,19.9
238,금산,2022-10-31 17:00,17.3,,1.7,20,48,1001.7,1,,0,,17.4
238,금산,2022-10-31 18:00,13.6,,1.1,270,66,1001.9,.2,,2,,15.1
238,금산,2022-10-31 19:00,11.6,,.7,270,74,1002.3,,,3,,13.4
238,금산,2022-10-31 20:00,9.9,,.4,0,80,1002.3,,,0,,12.2
238,금산,2022-10-31 21:00,8.9,,.3,0,85,1002.2,,,0,,11.2
238,금산,2022-10-31 22:00,8,,.3,0,88,1002.4,,,0,,10.4
238,금산,2022-10-31 23:00,7,,0,0,92,1002.9,,,6,,9.8
238,금산,2022-11-01 00:00,6.6,,.1,0,95,1002.8,,,2,,9.3
238,금산,2022-11-01 01:00,6,,.5,270,95,1002.7,,,0,,8.9
238,금산,2022-11-01 02:00,5.5,,.8,320,97,1002.7,,,0,,8.5
238,금산,2022-11-01 03:00,5.5,,0,0,97,1002.4,,,1,,8.1
238,금산,2022-11-01 04:00,4.4,,.5,320,98,1002,,,0,,7.9
238,금산,2022-11-01 05:00,4.3,,.2,0,98,1002.2,,,1,,7.6
238,금산,2022-11-01 06:00,4.3,,.3,0,98,1002.5,,,0,,7.7
238,금산,2022-11-01 07:00,5,,.2,0,95,1002.5,0,,1,,8.4
238,금산,2022-11-01 08:00,5.8,,0,0,95,1002.8,0,,8,,9.3
238,금산,2022-11-01 09:00,7.6,,.1,0,89,1003,.3,,6,,10.1
238,금산,2022-11-01 10:00,10.4,,.2,0,82,1002.7,.7,,5,,13.1
238,금산,2022-11-01 11:00,14.5,,.3,0,68,1002.2,1,,2,,16.8
238,금산,2022-11-01 12:00,16.7,,.9,270,59,1001.5,1,,2,,19.6
238,금산,2022-11-01 13:00,17,,1,270,57,1000.2,.9,,4,,21.9
238,금산,2022-11-01 14:00,18,,1.6,340,55,999.9,.4,,2,,20
238,금산,2022-11-01 15:00,18,,2,360,55,999.9,.8,,2,,20.1
238,금산,2022-11-01 16:00,17.7,,1.7,320,56,999.7,.9,,5,,19.2
238,금산,2022-11-01 17:00,16,,.6,270,64,999.8,.5,,1,,16.8
238,금산,2022-11-01 18:00,13.5,,.8,270,77,1000,0,,2,,14.8
238,금산,2022-11-01 19:00,11.8,,1.1,290,84,1000.5,,,4,,13.3
238,금산,2022-11-01 20:00,11.2,,.9,270,85,1000.9,,,0,,12.4
238,금산,2022-11-01 21:00,9.8,,0,0,91,1000.9,,,4,,11.2
238,금산,2022-11-01 22:00,8.5,,.4,0,93,1001.3,,,7,,10.4
238,금산,2022-11-01 23:00,8.4,,.4,0,94,1001.3,,,0,,9.7
238,금산,2022-11-02 00:00,7,,.5,270,96,1001.1,,,0,,9.2
238,금산,2022-11-02 01:00,6.7,,.2,0,98,1001.2,,,0,,8.6
238,금산,2022-11-02 02:00,5.8,,0,0,97,1001.4,,,0,,8
238,금산,2022-11-02 03:00,4.5,,.5,320,100,1001.1,,,10,,8
238,금산,2022-11-02 04:00,4.9,,.4,0,100,1000.8,,,10,,9.1
238,금산,2022-11-02 05:00,4.9,,.3,0,100,1001.2,,,10,,9.5
238,금산,2022-11-02 06:00,4.8,,.2,0,100,1001.4,,,10,,9.7
238,금산,2022-11-02 07:00,4.2,,1.3,180,100,1001.8,0,,10,,9.6
238,금산,2022-11-02 08:00,4.4,,.9,180,100,1002.1,0,,10,,10
238,금산,2022-11-02 09:00,5,,.6,250,100,1002.6,0,,10,,11
238,금산,2022-11-02 10:00,6.3,,.5,200,100,1002,0,,9,,12.9
238,금산,2022-11-02 11:00,9.4,,.7,340,100,1001.2,.5,,0,,15.9
238,금산,2022-11-02 12:00,15,,.4,0,48,1000.2,1,,0,,19.2
238,금산,2022-11-02 13:00,16.9,,1.2,140,40,999.2,1,,0,,21.5
238,금산,2022-11-02 14:00,18.9,,1,290,30,998.3,1,,0,,21.8
238,금산,2022-11-02 15:00,19,,2,320,26,998.4,1,,0,,20.4
238,금산,2022-11-02 16:00,18.2,,1.4,340,23,998.3,1,,0,,18.2
238,금산,2022-11-02 17:00,16.2,,.9,290,42,998.4,1,,0,,16.1
238,금산,2022-11-02 18:00,11.7,,.4,0,56,998.7,.1,,0,,13.6
238,금산,2022-11-02 19:00,10.1,,1.3,270,56,999.1,,,0,,11.7
238,금산,2022-11-02 20:00,7.8,,.1,0,69,999.6,,,2,,10.4
238,금산,2022-11-02 21:00,6.7,,.3,0,71,999.5,,,0,,9.4
238,금산,2022-11-02 22:00,5.4,,.5,200,79,999.5,,,0,,8.6
238,금산,2022-11-02 23:00,4.2,,0,0,86,999.3,,,0,,7.7
238,금산,2022-11-03 00:00,3.3,,0,0,90,998.7,,,0,,7
238,금산,2022-11-03 01:00,2.2,,.4,0,94,998.7,,,0,,6.5
238,금산,2022-11-03 02:00,2.2,,.3,0,94,999.4,,,0,,6.1
238,금산,2022-11-03 03:00,1.5,,.4,0,94,999.5,,,0,,5.7
238,금산,2022-11-03 04:00,.8,,.3,0,97,998.5,,,0,,5.5
238,금산,2022-11-03 05:00,.6,,.1,0,96,998.8,,,0,,5.3
238,금산,2022-11-03 06:00,.2,,.3,0,97,999.1,,,0,,5.1
238,금산,2022-11-03 07:00,.4,,0,0,97,999.2,0,,8,,5.1
238,금산,2022-11-03 08:00,1.5,,.6,290,95,999.7,0,,9,,6.6
238,금산,2022-11-03 09:00,3.9,,.3,0,87,999.7,.2,,8,,8.5
238,금산,2022-11-03 10:00,7.3,,.3,0,73,1000,.5,,7,,11.7
238,금산,2022-11-03 11:00,11,,.8,70,59,999.3,.6,,8,,14.8
238,금산,2022-11-03 12:00,14.5,,.6,250,37,998.4,.8,,7,,17.3
238,금산,2022-11-03 13:00,15.9,,1.4,360,33,997.4,.7,,7,,20.2
238,금산,2022-11-03 14:00,16.5,,1.8,320,31,997.5,.8,,8,,21
238,금산,2022-11-03 15:00,16.4,,1.3,320,33,997.4,.1,,8,,19.8
238,금산,2022-11-03 16:00,14.9,,2.9,290,37,997.7,.3,,8,,17.9
238,금산,2022-11-03 17:00,13.9,,1.1,290,42,997.6,0,,8,,15.7
238,금산,2022-11-03 18:00,12,,.8,290,51,997.7,0,,7,,13.4
238,금산,2022-11-03 19:00,11.3,,1,340,53,998.2,,,8,,12.4
238,금산,2022-11-03 20:00,9.2,,.7,290,64,998.7,,,7,,11.3
238,금산,2022-11-03 21:00,9.9,,1.8,290,61,998.8,,,6,,10.5
238,금산,2022-11-03 22:00,9.7,,1.2,290,66,999.6,,,9,,10.6
238,금산,2022-11-03 23:00,9.7,,1.4,290,70,999.6,,,8,,10.8
238,금산,2022-11-04 00:00,8.9,,1.5,290,72,999.7,,,7,,10.4
238,금산,2022-11-04 01:00,7.6,,1.7,290,70,1000,,,6,,9.3
238,금산,2022-11-04 02:00,6.3,,.6,270,64,1000.1,,,0,,8.1
238,금산,2022-11-04 03:00,5.8,,1.2,290,68,1000.2,,,1,,7.3
238,금산,2022-11-04 04:00,4.9,,.5,270,69,1000.4,,,0,,6.8
238,금산,2022-11-04 05:00,3.8,,1.3,320,72,1000.8,,,0,,6.2
238,금산,2022-11-04 06:00,2.3,,0,0,81,1001.3,,,0,,5.6
238,금산,2022-11-04 07:00,.9,,.4,0,85,1001.6,0,,0,,5
238,금산,2022-11-04 08:00,2.9,,0,0,79,1002.1,.8,,0,,5.1
238,금산,2022-11-04 09:00,6.2,,1.2,340,59,1002.6,1,,1,,6.2
238,금산,2022-11-04 10:00,7.4,,1.9,270,49,1002.5,1,,0,,8.7
238,금산,2022-11-04 11:00,7.9,,2.1,270,45,1002.4,1,,1,,12.8
238,금산,2022-11-04 12:00,8.8,,2.9,270,41,1001.7,1,,0,,15.6
238,금산,2022-11-04 13:00,10.1,,2.7,270,33,1001,1,,0,,17.5
238,금산,2022-11-04 14:00,10.1,,2.4,290,30,1000.9,1,,1,,17.7
238,금산,2022-11-04 15:00,10.2,,2.5,270,23,1001.1,1,,3,,16.4
238,금산,2022-11-04 16:00,9.6,,2.5,270,24,1001.3,1,,0,,14.1
238,금산,2022-11-04 17:00,8.1,,2.2,290,28,1001.6,1,,5,,11.8
238,금산,2022-11-04 18:00,6.5,,1.7,290,34,1002,.1,,4,,9.7
238,금산,2022-11-04 19:00,5.2,,1.2,270,42,1002.9,,,4,,8.3
238,금산,2022-11-04 20:00,4.3,,.4,0,47,1003.4,,,7,,7.1
238,금산,2022-11-04 21:00,2.3,,0,0,60,1003.3,,,6,,6.4
238,금산,2022-11-04 22:00,1.7,,.2,0,65,1003.7,,,4,,5.7
238,금산,2022-11-04 23:00,-.4,,.9,320,74,1003.9,,,0,,5
238,금산,2022-11-05 00:00,-.8,,.5,270,78,1004,,,0,,4.4
238,금산,2022-11-05 01:00,-1.7,,.2,0,82,1004.1,,,0,,3.9
238,금산,2022-11-05 02:00,-2.1,,.2,0,85,1004.4,,,0,,3.4
238,금산,2022-11-05 03:00,-2.7,,.3,0,86,1004.6,,,0,,3
238,금산,2022-11-05 04:00,-3.7,,.1,0,90,1004.5,,,0,,2.6
238,금산,2022-11-05 05:00,-3.7,,.5,250,90,1004.9,,,1,,2.2
238,금산,2022-11-05 06:00,-4.3,,.2,0,91,1005.1,,,0,,1.9
238,금산,2022-11-05 07:00,-4.3,,.4,0,91,1005.3,0,,0,,1.6
238,금산,2022-11-05 08:00,-2.4,,0,0,87,1005.8,.9,,0,,2.1
238,금산,2022-11-05 09:00,.8,,.8,140,72,1006.3,1,,0,,3.2
238,금산,2022-11-05 10:00,4.1,,.4,0,58,1006.2,1,,0,,6.1
238,금산,2022-11-05 11:00,8.5,,.7,90,35,1005.8,1,,0,,11.1
238,금산,2022-11-05 12:00,10.9,,2.3,340,34,1004.9,1,,0,,14.6
238,금산,2022-11-05 13:00,12.2,,1.2,290,31,1003.9,1,,0,,17.1
238,금산,2022-11-05 14:00,12.8,,2.6,20,28,1003.1,1,,0,,17.5
238,금산,2022-11-05 15:00,13.3,,2.7,360,29,1002.8,1,,0,,16.3
238,금산,2022-11-05 16:00,12.9,,1.4,360,30,1002.9,1,,0,,14.4
238,금산,2022-11-05 17:00,11.2,,1,270,37,1003.1,1,,0,,12.4
238,금산,2022-11-05 18:00,7.4,,1.2,250,53,1003.3,.1,,0,,10.1
238,금산,2022-11-05 19:00,5.7,,.5,270,60,1004.1,,,0,,8.4
238,금산,2022-11-05 20:00,4.4,,0,0,68,1004.4,,,0,,7.3
238,금산,2022-11-05 21:00,3.2,,.1,0,74,1004.6,,,0,,6.3
238,금산,2022-11-05 22:00,2.3,,0,0,79,1004.7,,,0,,5.6
238,금산,2022-11-05 23:00,.5,,.5,270,85,1004.9,,,0,,5
238,금산,2022-11-06 00:00,-.1,,.2,0,90,1005,,,1,,4.3
238,금산,2022-11-06 01:00,-.9,,.2,0,90,1005,,,0,,3.8
238,금산,2022-11-06 02:00,-1.2,,.5,270,93,1005.1,,,0,,3.5
238,금산,2022-11-06 03:00,-1.4,,.4,0,93,1004.9,,,0,,3.3
238,금산,2022-11-06 04:00,-1.4,,.1,0,94,1004.8,,,8,,3.6
238,금산,2022-11-06 05:00,-1.4,,.8,360,93,1004.9,,,0,,3.4
238,금산,2022-11-06 06:00,-1.9,,.3,0,93,1005.1,,,0,,3
238,금산,2022-11-06 07:00,-1.7,,.2,0,94,1005.2,0,,0,,3.1
238,금산,2022-11-06 08:00,-1,,.3,0,94,1005.8,0,,0,,4
238,금산,2022-11-06 09:00,1.8,,.2,0,89,1006.3,.4,,0,,5.5
238,금산,2022-11-06 10:00,5.4,,.6,70,72,1005.9,1,,2,,7.7
238,금산,2022-11-06 11:00,9.2,,.3,0,58,1005.4,1,,1,,12
238,금산,2022-11-06 12:00,13.3,,1,290,49,1004.5,1,,4,,15.7
238,금산,2022-11-06 13:00,14.4,,1.6,360,45,1003.5,1,,5,,17.5
238,금산,2022-11-06 14:00,14.8,,2.2,320,41,1002.7,1,,3,,18.1
238,금산,2022-11-06 15:00,14.9,,2.1,320,42,1002.4,1,,3,,16.9
238,금산,2022-11-06 16:00,14.2,,2.1,290,43,1002.3,1,,1,,15.2
238,금산,2022-11-06 17:00,12.9,,1,270,49,1001.7,1,,0,,13.2
238,금산,2022-11-06 18:00,9,,.8,290,64,1001.9,0,,0,,10.9
238,금산,2022-11-06 19:00,7.4,,.7,270,70,1002.6,,,0,,9.4
238,금산,2022-11-06 20:00,5.8,,.4,0,79,1002.7,,,3,,8.1
238,금산,2022-11-06 21:00,4.2,,.6,290,84,1002.6,,,4,,7.3
238,금산,2022-11-06 22:00,4,,.2,0,85,1003.3,,,7,,6.8
238,금산,2022-11-06 23:00,3.6,,.6,270,87,1003.9,,,7,,6.6
238,금산,2022-11-07 00:00,2.8,,0,0,90,1003.8,,,5,,5.9
238,금산,2022-11-07 01:00,2.2,,.1,0,92,1003.6,,,0,,5.4
238,금산,2022-11-07 02:00,1.6,,1.1,320,96,1003.5,,,0,,4.9
238,금산,2022-11-07 03:00,.7,,0,0,96,1003.4,,,0,,4.5
238,금산,2022-11-07 04:00,0,,0,0,97,1003.3,,,0,,4.2
238,금산,2022-11-07 05:00,0,,.5,340,97,1003.2,,,0,,4
238,금산,2022-11-07 06:00,-.6,,.3,0,96,1003.4,,,0,,3.8
238,금산,2022-11-07 07:00,-.4,,.3,0,99,1003.3,0,,0,,4.7
238,금산,2022-11-07 08:00,.2,,.4,0,100,1003.8,0,,0,,5.6
238,금산,2022-11-07 09:00,1.9,,0,0,100,1004.3,0,,4,,7.4
238,금산,2022-11-07 10:00,4.7,,.3,0,100,1004,.4,,7,,9.4
238,금산,2022-11-07 11:00,8.9,,.9,270,73,1003.7,.5,,8,,12.2
238,금산,2022-11-07 12:00,13.6,,.6,140,50,1002.8,1,,8,,15.8
238,금산,2022-11-07 13:00,15.8,,.7,290,21,1001.6,1,,7,,18.7
238,금산,2022-11-07 14:00,16.9,,.7,160,23,1000.6,1,,0,,18.8
238,금산,2022-11-07 15:00,17.6,,1.2,320,24,1000,1,,6,,18
238,금산,2022-11-07 16:00,17.5,,1.2,320,28,1000.3,.9,,7,,16.7
238,금산,2022-11-07 17:00,15.2,,.5,340,35,1000.6,.9,,0,,14.4
238,금산,2022-11-07 18:00,11.3,,.9,270,52,1001.1,0,,2,,11.9
238,금산,2022-11-07 19:00,11,,.4,0,54,1001.8,,,0,,11.7
238,금산,2022-11-07 20:00,10.4,,0,0,57,1002.1,,,0,,11
238,금산,2022-11-07 21:00,9.4,,.2,0,61,1002.5,,,3,,9.9
238,금산,2022-11-07 22:00,8.9,,.2,0,62,1002.8,,,0,,9.8
238,금산,2022-11-07 23:00,7.5,,0,0,71,1003.2,,,0,,8.7
238,금산,2022-11-08 00:00,6.4,,.3,0,75,1003.3,,,4,,8.4
238,금산,2022-11-08 01:00,5.7,,0,0,78,1003.2,,,7,,7.6
238,금산,2022-11-08 02:00,5.1,,.4,0,81,1003.6,,,4,,7.4
238,금산,2022-11-08 03:00,5,,0,0,83,1003.4,,,5,,7.6
238,금산,2022-11-08 04:00,4.8,,.2,0,83,1003.5,,,7,,7.3
238,금산,2022-11-08 05:00,3,,0,0,89,1003.6,,,2,,6.3
238,금산,2022-11-08 06:00,2.9,,.4,0,90,1004.1,,,10,,6.2
238,금산,2022-11-08 07:00,3.8,,.1,0,87,1004.4,0,,10,,6.7
238,금산,2022-11-08 08:00,4.9,,.1,0,83,1005.1,0,,10,,7.8
238,금산,2022-11-08 09:00,6.8,,.5,160,72,1005.4,.1,,10,,9.9
238,금산,2022-11-08 10:00,10,,.5,140,60,1005.5,.5,,9,,12.3
238,금산,2022-11-08 11:00,12.7,,.7,140,54,1005.3,.2,,6,,15.6
238,금산,2022-11-08 12:00,16.1,,1,90,55,1004.6,.9,,6,,18.1
238,금산,2022-11-08 13:00,16.5,,1.1,290,49,1003.8,1,,3,,19.3
238,금산,2022-11-08 14:00,17.7,,1.3,70,44,1002.8,.8,,1,,19.2
238,금산,2022-11-08 15:00,18,,1.6,360,40,1002.6,1,,0,,18.5
238,금산,2022-11-08 16:00,17.3,,1.7,320,38,1002.9,1,,0,,16.8
238,금산,2022-11-08 17:00,15.8,,1.6,290,42,1003.2,.9,,0,,14.8
238,금산,2022-11-08 18:00,11.7,,.9,270,61,1003.4,0,,0,,12.5
238,금산,2022-11-08 19:00,10.3,,.5,270,67,1003.9,,,0,,11
238,금산,2022-11-08 20:00,8.7,,0,0,75,1004,,,0,,9.7
238,금산,2022-11-08 21:00,6.6,,.3,0,82,1004.3,,,0,,8.7
238,금산,2022-11-08 22:00,6.1,,0,0,86,1004.7,,,0,,8
238,금산,2022-11-08 23:00,4.9,,.2,0,90,1004.9,,,2,,7.4
238,금산,2022-11-09 00:00,4.3,,.4,0,93,1005.1,,,0,,6.8
238,금산,2022-11-09 01:00,3.7,,.6,270,92,1005.2,,,0,,6.3
238,금산,2022-11-09 02:00,3,,.1,0,96,1005.4,,,6,,5.9
238,금산,2022-11-09 03:00,2.4,,0,0,97,1005.3,,,5,,5.5
238,금산,2022-11-09 04:00,1.9,,.3,0,97,1005.1,,,7,,5.2
238,금산,2022-11-09 05:00,1.3,,0,0,97,1005.6,,,1,,4.8
238,금산,2022-11-09 06:00,.8,,.5,290,100,1006,,,9,,4.9
238,금산,2022-11-09 07:00,1.1,,.2,0,100,1006.1,,,9,,5.7
238,금산,2022-11-09 08:00,2.3,,.2,0,100,1006.5,0,,9,,6.9
238,금산,2022-11-09 09:00,3.2,,.3,0,100,1006.7,0,,9,,8.4
238,금산,2022-11-09 10:00,4.1,,.2,0,100,1006.4,0,,9,,10.6
238,금산,2022-11-09 11:00,8.6,,.8,200,82,1005.7,.9,,5,,13.1
238,금산,2022-11-09 12:00,13.3,,.6,70,64,1004.9,1,,0,,15.9
238,금산,2022-11-09 13:00,15.7,,.8,340,47,1004,1,,6,,18
238,금산,2022-11-09 14:00,17.4,,1.4,340,42,1003.1,1,,3,,18.8
238,금산,2022-11-09 15:00,16.6,,2.1,340,45,1002.7,1,,7,,17.6
238,금산,2022-11-09 16:00,16,,1.7,320,45,1002.8,.2,,7,,16.2
238,금산,2022-11-09 17:00,14.3,,.8,320,42,1003.1,0,,7,,14.3
238,금산,2022-11-09 18:00,12.6,,0,0,48,1003.6,0,,7,,12.2
238,금산,2022-11-09 19:00,9.2,,0,0,65,1004.3,,,6,,10.6
238,금산,2022-11-09 20:00,8.5,,.5,270,68,1004.5,,,7,,9.7
238,금산,2022-11-09 21:00,7.2,,0,0,75,1004.5,,,5,,8.7
238,금산,2022-11-09 22:00,5.3,,0,0,84,1004.7,,,2,,7.7
238,금산,2022-11-09 23:00,4.6,,.6,320,86,1004.6,,,2,,7
238,금산,2022-11-10 00:00,4.1,,0,0,89,1004.4,,,7,,6.8
238,금산,2022-11-10 01:00,3.3,,.2,0,91,1004.5,,,5,,6.3
238,금산,2022-11-10 02:00,3.2,,0,0,94,1004.3,,,7,,6
238,금산,2022-11-10 03:00,2.4,,.4,0,95,1004.2,,,5,,5.6
238,금산,2022-11-10 04:00,2,,.6,290,96,1004,,,5,,5.4
238,금산,2022-11-10 05:00,1.8,,0,0,96,1004,,,4,,5.2
238,금산,2022-11-10 06:00,1.3,,.1,0,97,1004.3,,,0,,4.9
238,금산,2022-11-10 07:00,1.2,,.2,0,97,1004.3,,,1,,4.6
238,금산,2022-11-10 08:00,2,,0,0,96,1005.1,.3,,0,,5.1
238,금산,2022-11-10 09:00,5.5,,0,0,82,1005.4,1,,4,,6.5
238,금산,2022-11-10 10:00,8.4,,.6,140,71,1005.2,1,,0,,8.8
238,금산,2022-11-10 11:00,12.6,,.6,140,55,1004.9,1,,1,,12.6
238,금산,2022-11-10 12:00,16,,.6,50,44,1004.2,1,,0,,15.9
238,금산,2022-11-10 13:00,17.2,,1,230,43,1003.3,1,,0,,18.4
238,금산,2022-11-10 14:00,18.1,,1.1,180,41,1002.3,1,,0,,19.1
238,금산,2022-11-10 15:00,19.3,,1,290,37,1002.2,1,,0,,18.4
238,금산,2022-11-10 16:00,19,,.9,340,38,1002.3,1,,0,,16.8
238,금산,2022-11-10 17:00,16.3,,.9,270,47,1002.6,.8,,0,,14.8
238,금산,2022-11-10 18:00,12.6,,1.1,270,59,1003.1,0,,0,,12.6
238,금산,2022-11-10 19:00,11.4,,.3,0,65,1003.8,,,0,,11
238,금산,2022-11-10 20:00,10,,.2,0,72,1004,,,9,,10.6
238,금산,2022-11-10 21:00,9.4,,.4,0,75,1004.2,,,8,,9.9
238,금산,2022-11-10 22:00,8.4,,.1,0,79,1004.6,,,7,,9.3
238,금산,2022-11-10 23:00,6.6,,0,0,86,1004.8,,,4,,8.4
238,금산,2022-11-11 00:00,5.8,,0,0,88,1004.9,,,5,,7.8
238,금산,2022-11-11 01:00,5.7,,0,0,89,1004.8,,,5,,7.3
238,금산,2022-11-11 02:00,4.8,,.1,0,93,1005.1,,,2,,6.9
238,금산,2022-11-11 03:00,4.1,,0,0,94,1005.2,,,3,,6.5
238,금산,2022-11-11 04:00,4,,.3,0,95,1005.3,,,7,,6.3
238,금산,2022-11-11 05:00,3.6,,.1,0,96,1005.3,,,5,,6.2
238,금산,2022-11-11 06:00,3.3,,0,0,96,1005.5,,,6,,6
238,금산,2022-11-11 07:00,3,,0,0,97,1005.9,,,6,,5.9
238,금산,2022-11-11 08:00,3.4,,0,0,96,1006.3,0,,4,,6
238,금산,2022-11-11 09:00,6.4,,0,0,85,1006.6,.8,,6,,7.6
238,금산,2022-11-11 10:00,9.3,,.2,0,73,1006.6,.8,,5,,9.5
238,금산,2022-11-11 11:00,13.9,,.4,0,58,1006,1,,4,,13.3
238,금산,2022-11-11 12:00,17.9,,.5,160,49,1005.2,.9,,3,,16.6
238,금산,2022-11-11 13:00,20,,.9,110,40,1004,1,,0,,19.1
238,금산,2022-11-11 14:00,21.4,,.6,160,37,1003.4,1,,0,,19.8
238,금산,2022-11-11 15:00,21.7,,.8,20,36,1002.9,1,,3,,19.3
238,금산,2022-11-11 16:00,21,,.5,320,38,1002.9,.8,,1,,17.8
238,금산,2022-11-11 17:00,18.4,,.5,270,48,1003.1,.8,,0,,15.9
238,금산,2022-11-11 18:00,15.2,,1.1,270,59,1003.4,0,,0,,13.8
238,금산,2022-11-11 19:00,13.2,,.3,0,67,1003.8,,,0,,12.3
238,금산,2022-11-11 20:00,10.9,,.6,290,76,1003.8,,,0,,11.2
238,금산,2022-11-11 21:00,10.3,,0,0,80,1004,,,0,,10.3
238,금산,2022-11-11 22:00,9.2,,.1,0,85,1004,,,0,,9.7
238,금산,2022-11-11 23:00,8.5,,0,0,87,1003.8,,,0,,9.1
238,금산,2022-11-12 00:00,8,,0,0,90,1003.5,,,0,,8.7
238,금산,2022-11-12 01:00,7.4,,0,0,92,1003.7,,,0,,8.3
238,금산,2022-11-12 02:00,6.5,,.1,0,94,1003.3,,,0,,8
238,금산,2022-11-12 03:00,6.3,,.1,0,95,1002.7,,,0,,7.7
238,금산,2022-11-12 04:00,5.4,,.2,0,97,1002.1,,,9,,7.5
238,금산,2022-11-12 05:00,5.5,,0,0,97,1001.8,,,0,,7.2
238,금산,2022-11-12 06:00,4.9,,0,0,97,1001.5,,,10,,7
238,금산,2022-11-12 07:00,4.7,,.1,0,98,1001.6,,,10,,6.9
238,금산,2022-11-12 08:00,6.3,,0,0,94,1001.4,0,,10,,8.4
238,금산,2022-11-12 09:00,8.3,,.2,0,89,1000.9,0,,9,,10.3
238,금산,2022-11-12 10:00,12.1,,.3,0,73,1000.6,1,,4,,11.5
238,금산,2022-11-12 11:00,17.2,,.9,90,61,999.2,.8,,6,,15.2
238,금산,2022-11-12 12:00,21.3,,.8,70,52,997.6,1,,6,,18.6
238,금산,2022-11-12 13:00,23,,.6,90,50,995.9,.3,,8,,20.5
238,금산,2022-11-12 14:00,23.6,,2.2,180,51,994.7,.2,,8,,21.3
238,금산,2022-11-12 15:00,23.1,,3.9,180,52,994.3,0,,7,,20.4
238,금산,2022-11-12 16:00,22.5,,4.1,180,57,994.1,0,,9,,19.7
238,금산,2022-11-12 17:00,21.3,,3.4,180,62,993.6,0,,9,,17.9
238,금산,2022-11-12 18:00,21.3,,5.4,180,62,993.2,0,,10,,17.1
238,금산,2022-11-12 19:00,20.4,,3.7,180,68,992.9,,,10,,16.3
238,금산,2022-11-12 20:00,20.7,,4.1,180,68,992.1,,,10,,16
238,금산,2022-11-12 21:00,20.4,0,3,180,72,991.2,,,10,,15.9
238,금산,2022-11-12 22:00,20.4,,3,160,73,990.6,,,10,,16
238,금산,2022-11-12 23:00,20.1,,3.1,180,76,989.7,,,10,,16
238,금산,2022-11-13 00:00,18.5,2.1,2.8,180,89,989.4,,,10,,16.2
238,금산,2022-11-13 01:00,19,,2,250,90,989.5,,,9,,16.5
238,금산,2022-11-13 02:00,18.3,,1.9,250,92,989.6,,,4,,16.4
238,금산,2022-11-13 03:00,17.6,11,1.8,270,90,989.8,,,10,,16.1
238,금산,2022-11-13 04:00,15.6,,1.9,270,92,990.4,,,0,,15.7
238,금산,2022-11-13 05:00,13.5,,2.4,270,94,991.3,,,9,,14.9
238,금산,2022-11-13 06:00,12.3,.8,2.4,250,92,991.3,,,9,,14.2
238,금산,2022-11-13 07:00,11.1,,2.1,270,93,991.9,,,9,,13.5
238,금산,2022-11-13 08:00,10.4,,2.2,250,93,993,0,,9,,12.9
238,금산,2022-11-13 09:00,9.8,0,1.5,250,93,993.7,0,,10,,12.7
238,금산,2022-11-13 10:00,9.9,,1.8,270,84,994.4,0,,10,,12.6
238,금산,2022-11-13 11:00,10.3,,1.2,270,81,994.8,0,,10,,13.4
238,금산,2022-11-13 12:00,11,,1.9,270,75,994.8,0,,10,,14.8
238,금산,2022-11-13 13:00,11.3,,1.6,270,71,995,0,,9,,15.1
238,금산,2022-11-13 14:00,10.7,,1.9,270,72,994.8,0,,9,,14.8
238,금산,2022-11-13 15:00,10.9,,1.3,270,73,994.7,0,,10,,14.3
238,금산,2022-11-13 16:00,11.2,,1.4,250,67,994.8,.1,,9,,14.2
238,금산,2022-11-13 17:00,10.9,,1.3,270,70,996,0,,10,,13.1
238,금산,2022-11-13 18:00,10.3,,1.1,290,75,997,0,,10,,12.4
238,금산,2022-11-13 19:00,10,,.7,270,78,997.8,,,10,,11.9
238,금산,2022-11-13 20:00,9.8,,.2,0,80,998,,,10,,11.7
238,금산,2022-11-13 21:00,9.2,,.7,290,85,997.9,,,9,,11.2
238,금산,2022-11-13 22:00,8.9,,.3,0,87,998.4,,,10,,10.8
238,금산,2022-11-13 23:00,8.8,,.4,0,89,998.9,,,8,,10.8
238,금산,2022-11-14 00:00,8.6,,.4,0,89,998.5,,,9,,10.7
238,금산,2022-11-14 01:00,8.2,,.1,0,92,998.5,,,8,,10.2
238,금산,2022-11-14 02:00,8.2,,.3,0,92,998.5,,,8,,10.4
238,금산,2022-11-14 03:00,7.6,,.2,0,95,998.8,,,6,,9.7
238,금산,2022-11-14 04:00,7.9,,.2,0,94,998.7,,,0,,9.9
238,금산,2022-11-14 05:00,8,,0,0,94,998.6,,,8,,9.9
238,금산,2022-11-14 06:00,8.2,,.1,0,93,998.4,,,0,,10.2
238,금산,2022-11-14 07:00,8.1,,.2,0,93,998.2,,,0,,10.2
238,금산,2022-11-14 08:00,8.3,,.2,0,92,998.2,0,,10,,10.5
238,금산,2022-11-14 09:00,8.5,,.8,320,92,998.7,0,,10,,11
238,금산,2022-11-14 10:00,9.3,,.8,290,88,998.9,0,,9,,11.3
238,금산,2022-11-14 11:00,10,,1.3,270,84,998.4,0,,9,,12.8
238,금산,2022-11-14 12:00,11.4,0,.4,0,75,997.4,.1,,9,,14.4
238,금산,2022-11-14 13:00,12.3,,1.2,340,64,996.7,.1,,9,,15
238,금산,2022-11-14 14:00,12.6,,2.4,250,62,996.6,.4,,9,,15.5
238,금산,2022-11-14 15:00,12.8,,1.4,270,56,995.7,.5,,8,,15
238,금산,2022-11-14 16:00,12.2,,1.9,250,62,995.6,.1,,8,,13.9
238,금산,2022-11-14 17:00,11,,1.6,250,68,995.7,0,,8,,12.4
238,금산,2022-11-14 18:00,9.4,,2.1,290,72,996.3,0,,3,,10.4
238,금산,2022-11-14 19:00,8.5,,1.4,290,74,996.7,,,6,,9.4
238,금산,2022-11-14 20:00,7.8,,1.1,290,73,997,,,6,,8.6
238,금산,2022-11-14 21:00,7.3,,1.5,290,76,997.2,,,0,,8.2
238,금산,2022-11-14 22:00,7.3,,1,290,74,997.3,,,0,,8.4
238,금산,2022-11-14 23:00,6.9,,1.1,320,75,997.5,,,6,,8.4
238,금산,2022-11-15 00:00,6.5,,1.3,290,75,997.7,,,0,,8.1
238,금산,2022-11-15 01:00,5.7,,.1,0,75,997.5,,,0,,7.5
238,금산,2022-11-15 02:00,5,,.1,0,82,997.3,,,0,,7.6
238,금산,2022-11-15 03:00,3.4,,.1,0,90,997.1,,,1,,6.6
238,금산,2022-11-15 04:00,2.4,,.3,0,93,996.9,,,0,,5.7
238,금산,2022-11-15 05:00,1.3,,0,0,95,997.2,,,0,,5.2
238,금산,2022-11-15 06:00,.8,,.6,290,97,997.4,,,0,,4.8
238,금산,2022-11-15 07:00,.1,,.3,0,98,997.1,,,0,,4.4
238,금산,2022-11-15 08:00,1.3,,0,0,98,997.6,.5,,0,,4.6
238,금산,2022-11-15 09:00,3.5,,.1,0,86,997.8,1,,3,,5.6
238,금산,2022-11-15 10:00,6.3,,.4,0,75,997.9,.9,,4,,7.6
238,금산,2022-11-15 11:00,10,,.6,360,59,997.6,.9,,2,,10.6
238,금산,2022-11-15 12:00,12.3,,1.8,270,53,996.7,1,,3,,13.9
238,금산,2022-11-15 13:00,12.7,,2.1,290,51,995.9,.5,,7,,13.5
238,금산,2022-11-15 14:00,12.8,,2.4,270,49,995.4,.7,,7,,14.7
238,금산,2022-11-15 15:00,12.5,,2.1,250,52,995.5,.6,,7,,14
238,금산,2022-11-15 16:00,12.4,,1.3,270,51,995.5,.4,,5,,12.8
238,금산,2022-11-15 17:00,11.1,,2.6,270,55,996.1,.4,,5,,11
238,금산,2022-11-15 18:00,9.8,,1.6,290,58,996.7,0,,0,,9.4
238,금산,2022-11-15 19:00,8.9,,.9,250,65,997.2,,,0,,8.4
238,금산,2022-11-15 20:00,6.8,,.3,0,77,997.4,,,0,,7.5
238,금산,2022-11-15 21:00,5.5,,0,0,82,997.7,,,0,,6.9
238,금산,2022-11-15 22:00,4.2,,.2,0,89,997.6,,,0,,6.3
238,금산,2022-11-15 23:00,3.5,,.7,320,91,997.5,,,2,,6
238,금산,2022-11-16 00:00,4.5,,.4,0,89,997.2,,,8,,6.6
238,금산,2022-11-16 01:00,5.6,,.6,140,92,997.6,,,9,,7.4
238,금산,2022-11-16 02:00,5.9,,.7,320,96,997.8,,,9,,8
238,금산,2022-11-16 03:00,5.9,2.8,.9,320,98,997.9,,,9,,8.2
238,금산,2022-11-16 04:00,6.4,,.4,0,100,997.6,,,0,,8.2
238,금산,2022-11-16 05:00,5.5,,.2,0,100,997.8,,,6,,7.7
238,금산,2022-11-16 06:00,5.5,0,.3,0,100,998.1,,,0,,7.4
238,금산,2022-11-16 07:00,4.8,,.2,0,100,998.4,,,7,,8
238,금산,2022-11-16 08:00,4.5,,.2,0,100,999,0,,8,,8.3
238,금산,2022-11-16 09:00,5.3,,.2,0,100,1000,0,,3,,9.3
238,금산,2022-11-16 10:00,6,,.3,0,100,1000.4,0,,2,,10.9
238,금산,2022-11-16 11:00,9,,.4,0,100,1000.5,.5,,6,,12.7
238,금산,2022-11-16 12:00,12.8,,2.2,290,55,1000,.9,,7,,14.8
238,금산,2022-11-16 13:00,13.4,,2.4,320,47,999.7,.9,,7,,15
238,금산,2022-11-16 14:00,13.2,,2.7,290,43,999.3,.9,,7,,14.2
238,금산,2022-11-16 15:00,12.7,,2.3,290,46,999.3,1,,6,,13.7
238,금산,2022-11-16 16:00,12.1,,1.1,270,51,999.3,.7,,3,,12.5
238,금산,2022-11-16 17:00,9.7,,.6,250,68,999.7,.2,,4,,11.1
238,금산,2022-11-16 18:00,7.6,,1,270,75,1000.1,0,,3,,9.5
238,금산,2022-11-16 19:00,6.3,,.2,0,80,1000.8,,,5,,8.4
238,금산,2022-11-16 20:00,5.3,,.1,0,86,1001.4,,,5,,7.4
238,금산,2022-11-16 21:00,3.6,,.1,0,90,1001.9,,,1,,6.6
238,금산,2022-11-16 22:00,3.3,,.4,0,90,1001.8,,,7,,6.1
238,금산,2022-11-16 23:00,2.8,,.1,0,91,1001.8,,,8,,6
238,금산,2022-11-17 00:00,2.6,,.1,0,92,1002,,,5,,5.9
238,금산,2022-11-17 01:00,2.4,,.5,270,94,1001.8,,,10,,5.9
238,금산,2022-11-17 02:00,2.5,,.1,0,95,1002,,,10,,6
238,금산,2022-11-17 03:00,2.1,,.1,0,95,1001.9,,,8,,5.8
238,금산,2022-11-17 04:00,2.2,,0,0,95,1002.2,,,10,,5.8
238,금산,2022-11-17 05:00,2.3,,.6,230,95,1002.8,,,10,,5.8
238,금산,2022-11-17 06:00,1.7,,.6,250,97,1002.9,,,8,,5.4
238,금산,2022-11-17 07:00,1,,0,0,98,1002.9,,,4,,4.7
238,금산,2022-11-17 08:00,1.2,,.5,290,98,1003.5,.1,,0,,4.7
238,금산,2022-11-17 09:00,3.6,,.2,0,89,1004,1,,6,,5.6
238,금산,2022-11-17 10:00,6,,.3,0,82,1004,.8,,5,,6.9
238,금산,2022-11-17 11:00,9.7,,.7,140,65,1003.9,1,,4,,10.2
238,금산,2022-11-17 12:00,13.1,,1.1,70,46,1003,1,,0,,12.7
238,금산,2022-11-17 13:00,14,,1,160,45,1002,1,,0,,14.7
238,금산,2022-11-17 14:00,14.5,,1.2,140,44,1001.6,1,,0,,15.1
238,금산,2022-11-17 15:00,15.5,,1.5,20,33,1001.5,1,,0,,13.9
238,금산,2022-11-17 16:00,15.4,,1.2,20,35,1001.6,1,,0,,12.7
238,금산,2022-11-17 17:00,12.8,,.9,340,50,1002.2,.8,,0,,11.2
238,금산,2022-11-17 18:00,9.2,,1,270,64,1002.5,0,,0,,9.5
238,금산,2022-11-17 19:00,7.5,,.7,270,72,1003.4,,,0,,8.3
238,금산,2022-11-17 20:00,5.8,,.2,0,81,1004,,,0,,7.4
238,금산,2022-11-17 21:00,4.4,,.2,0,86,1004.1,,,0,,6.6
238,금산,2022-11-17 22:00,3.7,,0,0,90,1004.6,,,0,,5.9
238,금산,2022-11-17 23:00,2.8,,0,0,92,1004.8,,,0,,5.3
238,금산,2022-11-18 00:00,1.9,,.4,0,95,1004.9,,,0,,4.8
238,금산,2022-11-18 01:00,1.3,,.1,0,96,1004.8,,,0,,4.4
238,금산,2022-11-18 02:00,.7,,.1,0,98,1005,,,0,,4.1
238,금산,2022-11-18 03:00,.2,,.1,0,97,1005.4,,,0,,3.7
238,금산,2022-11-18 04:00,0,,0,0,98,1005.6,,,0,,3.4
238,금산,2022-11-18 05:00,-.7,,0,0,98,1005.6,,,0,,3.1
238,금산,2022-11-18 06:00,-1,,.1,0,99,1005.9,,,0,,2.9
238,금산,2022-11-18 07:00,-1,,0,0,100,1006.2,,,0,,3.5
238,금산,2022-11-18 08:00,-.9,,.2,0,100,1006.8,0,,4,,4.3
238,금산,2022-11-18 09:00,.2,,0,0,100,1007.3,0,,0,,5.9
238,금산,2022-11-18 10:00,2.2,,.3,0,100,1007.1,.3,,0,,7.6
238,금산,2022-11-18 11:00,8,,.5,70,68,1006.6,1,,0,,9.5
238,금산,2022-11-18 12:00,12.3,,.4,0,51,1005.9,1,,0,,12.1
238,금산,2022-11-18 13:00,15.9,,.6,320,31,1004.7,1,,0,,13.9
238,금산,2022-11-18 14:00,16.9,,1,180,31,1003.8,1,,0,,14.6
238,금산,2022-11-18 15:00,17.7,,.7,250,26,1003.1,1,,0,,13.9
238,금산,2022-11-18 16:00,18.3,,.5,360,22,1003.2,1,,0,,12.7
238,금산,2022-11-18 17:00,13.4,,.9,270,42,1003.4,.8,,0,,11.1
238,금산,2022-11-18 18:00,10.5,,1.1,270,51,1003.7,0,,0,,9.4
238,금산,2022-11-18 19:00,8.1,,.7,250,63,1004.4,,,0,,8.1
238,금산,2022-11-18 20:00,6.7,,.4,0,69,1004.7,,,1,,7.1
238,금산,2022-11-18 21:00,5.6,,.6,340,76,1004.7,,,0,,6.3
238,금산,2022-11-18 22:00,4.2,,.3,0,80,1004.8,,,0,,5.6
238,금산,2022-11-18 23:00,3.1,,.1,0,85,1004.4,,,0,,5
238,금산,2022-11-19 00:00,2.1,,.2,0,88,1004.4,,,0,,4.4
238,금산,2022-11-19 01:00,.9,,.1,0,91,1004.5,,,0,,4
238,금산,2022-11-19 02:00,.4,,.1,0,93,1004.6,,,0,,3.6
238,금산,2022-11-19 03:00,.1,,0,0,94,1004.8,,,0,,3.3
238,금산,2022-11-19 04:00,-.2,,.1,0,95,1004.5,,,0,,3.1
238,금산,2022-11-19 05:00,-.5,,0,0,96,1004.2,,,0,,2.9
238,금산,2022-11-19 06:00,-.9,,.2,0,97,1003.8,,,0,,2.7
238,금산,2022-11-19 07:00,-.9,,0,0,97,1003.8,,,1,,2.6
238,금산,2022-11-19 08:00,0,,.1,0,96,1004.2,.4,,5,,3.1
238,금산,2022-11-19 09:00,2.7,,0,0,83,1004.3,.9,,4,,4.1
238,금산,2022-11-19 10:00,6,,.2,0,72,1004.1,.8,,5,,5.9
238,금산,2022-11-19 11:00,11,,.5,90,60,1003.5,.8,,7,,9.4
238,금산,2022-11-19 12:00,15.4,,.9,160,51,1002.2,1,,4,,12.6
238,금산,2022-11-19 13:00,16.7,,1.4,160,46,1000.8,1,,6,,14.7
238,금산,2022-11-19 14:00,18.1,,1.2,140,33,999.7,1,,4,,15.5
238,금산,2022-11-19 15:00,18.3,,1.7,90,34,999,1,,7,,14.8
238,금산,2022-11-19 16:00,18.2,,1.3,90,36,998.7,1,,0,,13.3
238,금산,2022-11-19 17:00,16.3,,1,50,42,999.1,.8,,1,,11.8
238,금산,2022-11-19 18:00,11.5,,.6,270,63,999.6,0,,2,,10
238,금산,2022-11-19 19:00,9.6,,.8,270,70,999.7,,,3,,8.8
238,금산,2022-11-19 20:00,8.4,,.3,0,75,1000.1,,,7,,8.3
238,금산,2022-11-19 21:00,7.9,,0,0,79,1000,,,7,,8
238,금산,2022-11-19 22:00,6.9,,0,0,83,1000.2,,,6,,7.3
238,금산,2022-11-19 23:00,6.3,,0,0,85,1000.4,,,6,,6.7
238,금산,2022-11-20 00:00,5.7,,0,0,88,1000.3,,,6,,6.5
238,금산,2022-11-20 01:00,6.1,,.1,0,87,1000.1,,,9,,7.2
238,금산,2022-11-20 02:00,6.1,,.2,0,87,999.7,,,8,,7.2
238,금산,2022-11-20 03:00,5.6,,.1,0,89,1000,,,8,,6.9
238,금산,2022-11-20 04:00,5.7,,0,0,90,999.6,,,10,,7.1
238,금산,2022-11-20 05:00,5.5,,0,0,90,999.5,,,8,,7.1
238,금산,2022-11-20 06:00,5.1,,.6,290,92,999.5,,,5,,6.9
238,금산,2022-11-20 07:00,5.9,,.4,0,90,999.6,,,9,,7.4
238,금산,2022-11-20 08:00,6.4,,.1,0,87,999.8,.1,,10,,7.9
238,금산,2022-11-20 09:00,7.7,,.2,0,83,1000.3,.3,,7,,8.1
238,금산,2022-11-20 10:00,9.8,,.5,140,75,1000.6,.4,,7,,9.4
238,금산,2022-11-20 11:00,13.2,,.7,110,67,999.7,.8,,7,,11.8
238,금산,2022-11-20 12:00,16.4,,.9,50,55,998.9,1,,4,,14.3
238,금산,2022-11-20 13:00,17.6,,.7,180,46,997.9,1,,6,,16
238,금산,2022-11-20 14:00,17.9,,.9,250,39,997.3,.8,,7,,16.2
238,금산,2022-11-20 15:00,18.2,,.5,320,41,997.1,.2,,7,,15.9
238,금산,2022-11-20 16:00,17.7,,.8,320,50,997.3,.1,,7,,14.6
238,금산,2022-11-20 17:00,16.3,,.8,290,44,998,.7,,6,,12.7
238,금산,2022-11-20 18:00,12.4,,1.2,270,56,998.1,0,,0,,10.9
238,금산,2022-11-20 19:00,9.7,,.3,0,67,998.7,,,0,,9.7
238,금산,2022-11-20 20:00,8.8,,.6,290,72,998.9,,,0,,8.7
238,금산,2022-11-20 21:00,7.6,,.4,0,79,999.3,,,0,,8
238,금산,2022-11-20 22:00,6.9,,.2,0,81,999.5,,,0,,7.4
238,금산,2022-11-20 23:00,5.6,,0,0,87,999.5,,,3,,6.8
238,금산,2022-11-21 00:00,5.3,,.2,0,90,999.6,,,0,,6.3
238,금산,2022-11-21 01:00,4.6,,0,0,91,1000.4,,,0,,5.9
238,금산,2022-11-21 02:00,3.9,,.2,0,93,1000.9,,,8,,5.6
238,금산,2022-11-21 03:00,3.5,,.6,270,95,1000.4,,,0,,5.3
238,금산,2022-11-21 04:00,3,,.4,0,97,999.8,,,0,,5
238,금산,2022-11-21 05:00,2.4,,.2,0,97,999.9,,,0,,4.7
238,금산,2022-11-21 06:00,2.3,,0,0,98,1000.7,,,5,,4.4
238,금산,2022-11-21 07:00,1.8,,.3,0,98,1001.3,,,8,,4.3
238,금산,2022-11-21 08:00,2.6,,0,0,98,1002,.3,,0,,4.5
238,금산,2022-11-21 09:00,5,,0,0,88,1002.3,1,,4,,5.8
238,금산,2022-11-21 10:00,7.9,,.3,0,80,1002.3,1,,6,,7.7
238,금산,2022-11-21 11:00,10.8,,.3,0,71,1001.5,1,,7,,10.6
238,금산,2022-11-21 12:00,13.4,,.2,0,63,1000.6,.8,,7,,12.4
238,금산,2022-11-21 13:00,16.6,,.7,110,46,999.6,1,,2,,14.4
238,금산,2022-11-21 14:00,18.5,,1.1,70,35,998.9,1,,3,,15.1
238,금산,2022-11-21 15:00,18,,2.3,290,30,998.8,.5,,7,,14.1
238,금산,2022-11-21 16:00,17.8,,1.8,290,35,999.3,1,,6,,13.1
238,금산,2022-11-21 17:00,15.7,,.8,270,45,999.5,.6,,5,,11.9
238,금산,2022-11-21 18:00,12,,1.1,290,61,1000.1,0,,5,,10.2
238,금산,2022-11-21 19:00,11,,.3,0,63,1000.6,,,5,,9.1
238,금산,2022-11-21 20:00,8.7,,.4,0,74,1000.9,,,6,,8.5
238,금산,2022-11-21 21:00,8.5,,0,0,75,1001,,,5,,7.8
238,금산,2022-11-21 22:00,7.4,,.8,320,80,1001.7,,,5,,7.2
238,금산,2022-11-21 23:00,6.5,,.3,0,85,1001.9,,,6,,7
238,금산,2022-11-22 00:00,6.7,,.3,0,84,1002.2,,,10,,7.5
238,금산,2022-11-22 01:00,5.9,,.1,0,87,1002.2,,,8,,7
238,금산,2022-11-22 02:00,5.9,,0,0,88,1002.1,,,9,,7
238,금산,2022-11-22 03:00,5.7,,.8,360,88,1002,,,10,,7.2
238,금산,2022-11-22 04:00,5.9,,0,0,89,1001.7,,,10,,7.3
238,금산,2022-11-22 05:00,5.9,,0,0,89,1001.4,,,10,,7.3
238,금산,2022-11-22 06:00,5.7,,0,0,90,1001.2,,,9,,7.3
238,금산,2022-11-22 07:00,6.1,,.1,0,89,1001.3,,,10,,7.4
238,금산,2022-11-22 08:00,6.2,,0,0,90,1001.4,0,,10,,7.7
238,금산,2022-11-22 09:00,7.4,,.4,0,85,1001.5,0,,10,,8.9
238,금산,2022-11-22 10:00,8.8,,.2,0,79,1000.9,0,,10,,10.6
238,금산,2022-11-22 11:00,11.1,,.2,0,70,1000.4,0,,10,,12.3
238,금산,2022-11-22 12:00,13.1,,.5,90,61,999.7,0,,10,,13.3
238,금산,2022-11-22 13:00,13.6,,0,0,59,998.7,0,,10,,13.2
238,금산,2022-11-22 14:00,14.1,,0,0,59,998.2,0,,10,,13.4
238,금산,2022-11-22 15:00,13.9,0,.5,180,61,998.2,0,,10,,13.5
238,금산,2022-11-22 16:00,12.7,,.5,290,74,998.6,0,,10,,12.7
238,금산,2022-11-22 17:00,11.7,,.6,200,88,999,0,,10,,12.1
238,금산,2022-11-22 18:00,11,.3,0,0,92,999,0,,10,,11.4
238,금산,2022-11-22 19:00,10.4,,.6,160,95,998.6,,,10,,10.7
238,금산,2022-11-22 20:00,9.4,,.5,270,98,998.1,,,10,,10.2
238,금산,2022-11-22 21:00,8.8,0,.3,0,99,998.2,,,9,,9.6
238,금산,2022-11-22 22:00,9,,0,0,99,997.7,,,10,,9.8
238,금산,2022-11-22 23:00,8.5,,0,0,100,996.8,,,9,,9.4
238,금산,2022-11-23 00:00,8.1,.1,.1,0,100,996.4,,,10,,9.2
238,금산,2022-11-23 01:00,8.1,,0,0,100,996.2,,,10,,9.7
238,금산,2022-11-23 02:00,8,,0,0,100,996,,,10,,9.7
238,금산,2022-11-23 03:00,8.1,0,.4,0,100,996,,,9,,9.6
238,금산,2022-11-23 04:00,8.2,,0,0,100,995.6,,,9,,9.6
238,금산,2022-11-23 05:00,8,,.5,290,100,995.7,,,9,,9.5
238,금산,2022-11-23 06:00,7.8,0,.5,270,100,995.9,,,8,,9.5
238,금산,2022-11-23 07:00,8.6,,.2,0,100,996.1,,,7,,9.7
238,금산,2022-11-23 08:00,8.5,,.4,0,100,996.8,0,,9,,9.3
238,금산,2022-11-23 09:00,9.6,,.1,0,91,996.9,.1,,8,,9.9
238,금산,2022-11-23 10:00,11.9,,.7,360,74,996.5,1,,7,,10.8
238,금산,2022-11-23 11:00,12.8,,1.1,320,68,996.5,.9,,4,,12.9
238,금산,2022-11-23 12:00,14.4,,3,290,61,996.3,.9,,5,,14.5
238,금산,2022-11-23 13:00,15,,2.3,320,57,995.5,.9,,7,,15.4
238,금산,2022-11-23 14:00,15.2,,1.7,290,55,995.4,.6,,3,,14.9
238,금산,2022-11-23 15:00,15.9,,2.3,290,50,995.7,.9,,6,,14.7
238,금산,2022-11-23 16:00,14.6,,3,290,50,996,1,,2,,13.4
238,금산,2022-11-23 17:00,13.2,,1.9,290,51,996.4,.7,,1,,11.7
238,금산,2022-11-23 18:00,10.2,,1.1,270,68,996.5,0,,0,,9.8
238,금산,2022-11-23 19:00,8.2,,1,290,72,996.8,,,0,,8.5
238,금산,2022-11-23 20:00,6.9,,1,270,77,997.1,,,0,,7.3
238,금산,2022-11-23 21:00,5.6,,.3,0,74,997.7,,,0,,6.3
238,금산,2022-11-23 22:00,3.9,,.3,0,81,998.3,,,0,,5.6
238,금산,2022-11-23 23:00,2.7,,.7,320,84,999,,,5,,5
238,금산,2022-11-24 00:00,2,,.1,0,86,999.3,,,0,,4.5
238,금산,2022-11-24 01:00,1.3,,.2,0,90,999.4,,,5,,4.3
238,금산,2022-11-24 02:00,1,,.2,0,90,999.7,,,8,,4.2
238,금산,2022-11-24 03:00,.9,,.2,0,91,1000.6,,,8,,4.2
238,금산,2022-11-24 04:00,1.1,,0,0,91,1000.7,,,10,,4.3
238,금산,2022-11-24 05:00,.7,,1,290,93,1000.4,,,10,,4.4
238,금산,2022-11-24 06:00,1.1,,.2,0,93,1000,,,10,,4.4
238,금산,2022-11-24 07:00,1.5,,.7,90,92,1000.2,,,10,,4.4
238,금산,2022-11-24 08:00,1.2,,0,0,93,1000.8,0,,8,,4.6
238,금산,2022-11-24 09:00,2.5,,.5,290,89,1001.2,0,,9,,6
238,금산,2022-11-24 10:00,4,,.8,360,86,1001.4,0,,10,,7.7
238,금산,2022-11-24 11:00,6.1,,.4,0,78,1001,0,,10,,9.7
238,금산,2022-11-24 12:00,8.7,,.7,20,65,1000.3,.1,,9,,11.7
238,금산,2022-11-24 13:00,11.4,,.8,20,45,999.5,.8,,1,,12.5
238,금산,2022-11-24 14:00,13.2,,.8,250,44,999,1,,0,,12.8
238,금산,2022-11-24 15:00,13.8,,.7,320,44,998.9,1,,0,,12.3
238,금산,2022-11-24 16:00,13.7,,.2,0,43,999.1,1,,0,,11.6
238,금산,2022-11-24 17:00,10.3,,1.2,270,57,999.6,.8,,0,,10.1
238,금산,2022-11-24 18:00,8,,.9,270,67,1000.1,0,,0,,8.4
238,금산,2022-11-24 19:00,6.5,,.5,250,73,1000.7,,,0,,7.2
238,금산,2022-11-24 20:00,5.1,,0,0,79,1001.1,,,0,,6.2
238,금산,2022-11-24 21:00,3.6,,0,0,85,1001.2,,,1,,5.5
238,금산,2022-11-24 22:00,2.7,,0,0,88,1001.4,,,0,,4.9
238,금산,2022-11-24 23:00,2.1,,.4,0,90,1001.6,,,0,,4.3
238,금산,2022-11-25 00:00,1.3,,1,290,93,1002.1,,,0,,3.9
238,금산,2022-11-25 01:00,.7,,.2,0,95,1001.9,,,0,,3.5
238,금산,2022-11-25 02:00,0,,.2,0,95,1001.8,,,0,,3.2
238,금산,2022-11-25 03:00,-.1,,0,0,97,1001.8,,,0,,2.9
238,금산,2022-11-25 04:00,-.5,,.1,0,97,1001.3,,,0,,2.6
238,금산,2022-11-25 05:00,-1,,0,0,98,1001.1,,,0,,2.4
238,금산,2022-11-25 06:00,-1.2,,.1,0,98,1000.8,,,0,,2.2
238,금산,2022-11-25 07:00,-1.6,,.3,0,98,1000.5,,,0,,2.1
238,금산,2022-11-25 08:00,-1.1,,.3,0,98,1000.7,.4,,8,,2.2
238,금산,2022-11-25 09:00,1.7,,.1,0,89,1000.7,1,,0,,3.8
238,금산,2022-11-25 10:00,5.1,,.4,0,74,1000.4,1,,6,,5.7
238,금산,2022-11-25 11:00,8.8,,.3,0,61,999.5,1,,6,,9.3
238,금산,2022-11-25 12:00,11.2,,.1,0,52,998.1,.9,,7,,10.6
238,금산,2022-11-25 13:00,14.2,,.3,0,42,996.7,1,,7,,13.1
238,금산,2022-11-25 14:00,17.5,,2.1,250,24,995.7,1,,7,,13.7
238,금산,2022-11-25 15:00,17.9,,2.3,250,23,995.1,1,,6,,13.3
238,금산,2022-11-25 16:00,17.1,,1.8,270,29,994.9,1,,6,,12.1
238,금산,2022-11-25 17:00,14.9,,.7,180,34,994.8,.8,,5,,10.5
238,금산,2022-11-25 18:00,10.7,,.8,270,49,995.2,0,,0,,8.5
238,금산,2022-11-25 19:00,8.5,,.5,270,57,995.8,,,0,,7.3
238,금산,2022-11-25 20:00,6.9,,.6,290,63,996.2,,,0,,6.4
238,금산,2022-11-25 21:00,6.2,,.8,320,68,996.1,,,0,,6.1
238,금산,2022-11-25 22:00,5.7,,1,340,70,996,,,1,,5.9
238,금산,2022-11-25 23:00,6.1,,.4,0,71,996.1,,,6,,6.3
238,금산,2022-11-26 00:00,6.2,,.5,70,71,995.5,,,0,,5.9
238,금산,2022-11-26 01:00,5.2,,.3,0,76,995,,,2,,5.4
238,금산,2022-11-26 02:00,6,,.1,0,76,994.9,,,9,,6.4
238,금산,2022-11-26 03:00,6.4,,.6,110,77,994.4,,,6,,7
238,금산,2022-11-26 04:00,6.7,,.5,340,77,994.1,,,0,,7.4
238,금산,2022-11-26 05:00,7.4,,.2,0,78,994.2,,,9,,7.8
238,금산,2022-11-26 06:00,7.2,,.2,0,82,994.6,,,7,,7.3
238,금산,2022-11-26 07:00,6.1,,.1,0,90,995.4,,,4,,6.7
238,금산,2022-11-26 08:00,8,,.8,290,95,996.4,0,,0,,6.3
238,금산,2022-11-26 09:00,11.3,,.9,290,69,997.3,1,,0,,7.3
238,금산,2022-11-26 10:00,12.2,,1.9,340,54,997.7,1,,0,,8.6
238,금산,2022-11-26 11:00,13.3,,1.7,290,47,997.5,1,,0,,10.4
238,금산,2022-11-26 12:00,14.8,,1.8,320,35,996.9,1,,0,,12
238,금산,2022-11-26 13:00,14.4,,3.7,320,33,996.7,1,,0,,12.9
238,금산,2022-11-26 14:00,13.9,,4.6,290,31,996.9,1,,4,,12.9
238,금산,2022-11-26 15:00,14,,2.6,290,28,996.7,.9,,2,,12.1
238,금산,2022-11-26 16:00,12.5,,3,290,28,996.9,1,,0,,10.8
238,금산,2022-11-26 17:00,10.7,,2,290,31,997,.7,,0,,9.2
238,금산,2022-11-26 18:00,9.2,,1.1,320,31,997.5,0,,0,,7.4
238,금산,2022-11-26 19:00,6.8,,.4,0,41,998.2,,,0,,5.9
238,금산,2022-11-26 20:00,4.2,,1,290,54,998.7,,,0,,4.9
238,금산,2022-11-26 21:00,4.2,,.8,360,45,999.2,,,0,,4.1
238,금산,2022-11-26 22:00,1.5,,.5,270,61,999.8,,,0,,3.5
238,금산,2022-11-26 23:00,.6,,.7,270,63,1000,,,0,,3
238,금산,2022-11-27 00:00,-.4,,.7,270,68,999.8,,,0,,2.6
238,금산,2022-11-27 01:00,-.9,,0,0,74,1000.2,,,0,,2.2
238,금산,2022-11-27 02:00,-1.7,,.4,0,75,1000.9,,,0,,2
238,금산,2022-11-27 03:00,-2.1,,.7,340,78,1001.2,,,0,,1.8
238,금산,2022-11-27 04:00,-2.4,,.3,0,82,1000.8,,,0,,1.6
238,금산,2022-11-27 05:00,-2.8,,.1,0,83,1000.7,,,0,,1.4
238,금산,2022-11-27 06:00,-3.2,,.1,0,86,1000.3,,,0,,1.2
238,금산,2022-11-27 07:00,-3.5,,.5,230,87,1000.8,,,0,,1
238,금산,2022-11-27 08:00,-3.4,,.7,320,87,1001.3,.3,,0,,.9
238,금산,2022-11-27 09:00,-.5,,.5,140,75,1001.2,1,,0,,1.1
238,금산,2022-11-27 10:00,3.1,,.6,50,65,1000.4,1,,6,,1.4
238,금산,2022-11-27 11:00,6.5,,1.3,110,44,1000.4,1,,1,,5
238,금산,2022-11-27 12:00,8.5,,1,90,40,1000.1,.9,,0,,8.6
238,금산,2022-11-27 13:00,11.6,,1.1,140,24,998.7,1,,0,,10.6
238,금산,2022-11-27 14:00,13.5,,.6,160,18,998.2,1,,1,,11.3
238,금산,2022-11-27 15:00,14.7,,.4,0,19,997.7,1,,6,,11.4
238,금산,2022-11-27 16:00,14.2,,.6,230,24,997.6,.8,,5,,10.7
238,금산,2022-11-27 17:00,10.9,,1,270,39,998.2,0,,7,,9.2
238,금산,2022-11-27 18:00,8.2,,.3,0,47,998.4,0,,8,,7.4
238,금산,2022-11-27 19:00,6.8,,.2,0,51,999,,,9,,6.4
238,금산,2022-11-27 20:00,5.3,,0,0,59,999.4,,,8,,5.5
238,금산,2022-11-27 21:00,3.5,,.1,0,67,999.8,,,6,,4.5
238,금산,2022-11-27 22:00,2.3,,0,0,70,1000.3,,,4,,3.8
238,금산,2022-11-27 23:00,1.4,,.2,0,73,1000.1,,,7,,3.4
238,금산,2022-11-28 00:00,1,,0,0,75,999.6,,,6,,2.9
238,금산,2022-11-28 01:00,.1,,.3,0,79,999.8,,,1,,2.6
238,금산,2022-11-28 02:00,-.5,,.1,0,81,999.6,,,1,,2.3
238,금산,2022-11-28 03:00,-.7,,.2,0,84,999.5,,,0,,2.2
238,금산,2022-11-28 04:00,-.7,,.5,230,83,999.2,,,0,,2.1
238,금산,2022-11-28 05:00,-.7,,.2,0,84,999.1,,,6,,2.1
238,금산,2022-11-28 06:00,-1,,.4,0,86,998.6,,,9,,2
238,금산,2022-11-28 07:00,-1.1,,1,340,86,999,,,0,,2
238,금산,2022-11-28 08:00,-.3,,.5,290,85,999,.3,,6,,2.2
238,금산,2022-11-28 09:00,2,,.1,0,74,998.4,.5,,2,,4.3
238,금산,2022-11-28 10:00,3.6,,.9,320,73,997.6,0,,9,,6.1
238,금산,2022-11-28 11:00,5.8,,.3,0,65,996.7,0,,10,,7.6
238,금산,2022-11-28 12:00,6.8,0,0,0,64,995.6,0,,9,,7.8
238,금산,2022-11-28 13:00,9,,.7,140,58,995,0,,10,,8.9
238,금산,2022-11-28 14:00,6.9,,.8,110,90,995.3,0,,10,,8.6
238,금산,2022-11-28 15:00,7.9,3.6,.6,230,93,994.3,0,,10,,9.5
238,금산,2022-11-28 16:00,9.1,,0,0,93,993.5,0,,9,,10.2
238,금산,2022-11-28 17:00,9,,.6,320,95,993.4,0,,10,,9.8
238,금산,2022-11-28 18:00,9.1,,.2,0,97,993,0,,10,,9.3
238,금산,2022-11-28 19:00,8.9,,.7,270,99,992.1,,,10,,8.9
238,금산,2022-11-28 20:00,9.1,,.3,0,100,991.4,,,10,,9.1
238,금산,2022-11-28 21:00,9.5,1.8,.7,340,100,991.1,,,10,,9.4
238,금산,2022-11-28 22:00,9.7,,.1,0,100,990.3,,,10,,9.6
238,금산,2022-11-28 23:00,10.1,,.1,0,100,989.5,,,10,,9.8
238,금산,2022-11-29 00:00,10.6,18.4,1.3,290,100,989.1,,,10,,9.9
238,금산,2022-11-29 01:00,10.8,,.2,0,100,988.3,,,10,,10.2
238,금산,2022-11-29 02:00,10.8,,0,0,100,988.1,,,5,,10.3
238,금산,2022-11-29 03:00,11,8.7,.2,0,100,988.3,,,10,,10.4
238,금산,2022-11-29 04:00,11,,.3,0,100,988.6,,,10,,10.4
238,금산,2022-11-29 05:00,11.3,,0,0,100,989.1,,,10,,10.6
238,금산,2022-11-29 06:00,13.5,3.7,1.6,290,100,989.6,,,10,,10.8
238,금산,2022-11-29 07:00,12.9,,1.3,290,97,990.5,,,10,,11
238,금산,2022-11-29 08:00,12.3,,.8,270,98,991.5,0,,10,,11
238,금산,2022-11-29 09:00,12.5,.9,1.9,290,97,991.9,0,,10,,11.5
238,금산,2022-11-29 10:00,12.3,,1.8,290,91,993.3,0,,10,,11.9
238,금산,2022-11-29 11:00,11.2,,2.7,340,83,994.1,0,,10,,11.7
238,금산,2022-11-29 12:00,10.9,0,2.4,320,68,994.4,0,,10,,11.9
238,금산,2022-11-29 13:00,10.7,,2.2,340,53,994.5,0,,10,,11.9
238,금산,2022-11-29 14:00,10.5,,1.8,320,50,994.9,0,,10,,11.5
238,금산,2022-11-29 15:00,10.4,,2.4,320,42,995.1,.1,,9,,10.8
238,금산,2022-11-29 16:00,8.8,,3.1,320,36,996.7,0,,10,,9.5
238,금산,2022-11-29 17:00,7.8,,2.3,320,33,997.7,0,,10,,8.3
238,금산,2022-11-29 18:00,6.8,,2,290,34,998.7,0,,9,,7.4
238,금산,2022-11-29 19:00,6.2,,1.4,290,33,999.3,,,10,,7
238,금산,2022-11-29 20:00,5.3,,2.7,290,45,1000.6,,,10,,6.6
238,금산,2022-11-29 21:00,4.5,,2.4,290,42,1002.3,,,10,,6.1
238,금산,2022-11-29 22:00,3.7,,2.4,290,41,1002.9,,,10,,5.7
238,금산,2022-11-29 23:00,3,,2.6,290,36,1003.7,,,10,,5.2
238,금산,2022-11-30 00:00,1.9,,3.4,290,47,1004.7,,,10,,4.6
238,금산,2022-11-30 01:00,1.1,,2.8,290,55,1004.6,,,8,,4.4
238,금산,2022-11-30 02:00,.3,,3.3,290,66,1005.3,,,9,,4.1
238,금산,2022-11-30 03:00,-.1,,4.1,290,65,1005.9,,,10,,3.7
238,금산,2022-11-30 04:00,-1.4,,3.1,290,57,1006.6,,,8,,2.9
238,금산,2022-11-30 05:00,-2.4,,2.5,290,53,1007.3,,,5,,2.2
238,금산,2022-11-30 06:00,-3,,2.4,290,53,1007.8,,,9,,2
238,금산,2022-11-30 07:00,-3.3,,1.8,290,54,1008.7,,,8,,1.9
238,금산,2022-11-30 08:00,-3.3,,1.3,320,55,1009.6,0,,9,,1.8
238,금산,2022-11-30 09:00,-3.5,,1.9,340,54,1010,0,,8,,1.8
238,금산,2022-11-30 10:00,-2.9,,2.2,320,52,1010.3,.9,,9,,1.8
238,금산,2022-11-30 11:00,-1.7,,2.3,320,49,1009.8,1,,0,,2.1
238,금산,2022-11-30 12:00,-1.5,,2.8,320,43,1009.3,1,,4,,3.8
238,금산,2022-11-30 13:00,-.8,,3.5,290,40,1009,1,,3,,5.5
238,금산,2022-11-30 14:00,.2,,2.2,320,43,1008.2,1,,5,,6.3
238,금산,2022-11-30 15:00,-.5,,2.9,320,46,1008,.7,,8,,6.5
238,금산,2022-11-30 16:00,-1.6,,3.6,290,49,1009.2,1,,5,,4.8
238,금산,2022-11-30 17:00,-2.9,,2.6,290,55,1009.9,.7,,5,,3.1
238,금산,2022-11-30 18:00,-3.8,,1.6,290,54,1010.1,0,,8,,2.5
238,금산,2022-11-30 19:00,-4.2,,1.5,290,54,1010.6,,,2,,2.2
238,금산,2022-11-30 20:00,-4.6,,1.5,290,56,1011.1,,,6,,1.9
238,금산,2022-11-30 21:00,-4.9,,1.3,270,62,1011.5,,,5,,1.8
238,금산,2022-11-30 22:00,-5.1,,.8,290,66,1011.2,,,2,,1.6
238,금산,2022-11-30 23:00,-5.1,,.5,250,67,1011.7,,,10,,1.6
238,금산,2022-12-01 00:00,-4.9,,.6,250,69,1011.4,,,9,,1.5
238,금산,2022-12-01 01:00,-5,,.7,320,72,1011.3,,,10,,1.5
238,금산,2022-12-01 02:00,-5,,.6,290,72,1011.1,,,10,,1.5
238,금산,2022-12-01 03:00,-4.9,,.8,270,72,1011.3,,,10,,1.5
238,금산,2022-12-01 04:00,-5.1,,1.4,290,40,1011.1,,,10,,1.4
238,금산,2022-12-01 05:00,-5.5,,1.2,340,31,1010.6,,,9,,1.4
238,금산,2022-12-01 06:00,-6.1,,.7,290,36,1010.3,,,9,,1.3
238,금산,2022-12-01 07:00,-6.7,,.9,290,48,1010.5,,,10,,1.1
238,금산,2022-12-01 08:00,-6.5,,.9,290,42,1011.3,0,,8,,1
238,금산,2022-12-01 09:00,-6,,.7,270,36,1011.6,.1,,9,,1
238,금산,2022-12-01 10:00,-5,,.9,140,30,1011.3,.5,,0,,1
238,금산,2022-12-01 11:00,-3.5,,1.5,180,31,1010.9,1,,0,,1
238,금산,2022-12-01 12:00,-1.1,,1.4,50,29,1010.4,1,,0,,1.1
238,금산,2022-12-01 13:00,0,,1.7,340,29,1008.7,1,,6,,2.2
238,금산,2022-12-01 14:00,1,,1.4,320,29,1007.8,1,,6,,3.8
238,금산,2022-12-01 15:00,1,,1.9,360,31,1007.2,1,,6,,4.2
238,금산,2022-12-01 16:00,.7,,1.5,320,35,1007.2,.6,,4,,3.8
238,금산,2022-12-01 17:00,-.7,,1.1,270,42,1007.5,.8,,0,,3.1
238,금산,2022-12-01 18:00,-1.5,,1.4,290,47,1007.9,0,,0,,2.6
238,금산,2022-12-01 19:00,-3,,.6,270,61,1008.3,,,1,,2.2
238,금산,2022-12-01 20:00,-3.8,,.9,270,65,1008.7,,,8,,2
238,금산,2022-12-01 21:00,-3.7,,.6,270,69,1009.1,,,5,,1.9
238,금산,2022-12-01 22:00,-3,,1.1,290,56,1009.5,,,9,,1.9
238,금산,2022-12-01 23:00,-4,,.6,290,65,1009.5,,,8,,1.8
238,금산,2022-12-02 00:00,-4.7,,.4,0,70,1009.9,,,9,,1.6
238,금산,2022-12-02 01:00,-6,,.1,0,78,1009.8,,,9,,1.4
238,금산,2022-12-02 02:00,-6.1,,.1,0,80,1009.6,,,8,,1.3
238,금산,2022-12-02 03:00,-6.4,,.3,0,83,1009.7,,,7,,1.2
238,금산,2022-12-02 04:00,-7.2,,.9,270,87,1009.8,,,8,,1
238,금산,2022-12-02 05:00,-6.9,,.2,0,86,1009.7,,,9,,.8
238,금산,2022-12-02 06:00,-7.9,,.6,270,90,1009.9,,,0,,.5
238,금산,2022-12-02 07:00,-8.2,,.7,270,91,1010.2,,,0,,.3
238,금산,2022-12-02 08:00,-7.9,,.4,0,90,1010.7,.4,,0,,.1
238,금산,2022-12-02 09:00,-5.8,,.6,160,79,1010.8,1,,0,,.1
238,금산,2022-12-02 10:00,-3.2,,.5,90,68,1010.9,1,,0,,.2
238,금산,2022-12-02 11:00,-.6,,1.2,110,45,1010.5,1,,1,,.2
238,금산,2022-12-02 12:00,1.3,,1.2,140,46,1009.7,1,,2,,.5
238,금산,2022-12-02 13:00,2.1,,.9,340,43,1008.4,1,,0,,1.4
238,금산,2022-12-02 14:00,3.2,,.8,70,41,1007.5,1,,0,,3.4
238,금산,2022-12-02 15:00,3.8,,.7,270,41,1006.9,1,,0,,3.9
238,금산,2022-12-02 16:00,3.5,,1.5,50,40,1006.8,1,,0,,3.7
238,금산,2022-12-02 17:00,1.9,,1.3,20,47,1006.2,.8,,0,,3.2
238,금산,2022-12-02 18:00,-.9,,.6,270,64,1006.1,0,,0,,2.7
238,금산,2022-12-02 19:00,-2,,.8,270,69,1006.6,,,0,,2.3
238,금산,2022-12-02 20:00,-2.8,,.3,0,73,1006.2,,,0,,2
238,금산,2022-12-02 21:00,-3.9,,.4,0,80,1006.2,,,1,,1.8
238,금산,2022-12-02 22:00,-4.1,,0,0,82,1006.8,,,0,,1.6
238,금산,2022-12-02 23:00,-4.4,,.4,0,82,1006.8,,,9,,1.5
238,금산,2022-12-03 00:00,-4.2,,.4,0,84,1006.2,,,9,,1.4
238,금산,2022-12-03 01:00,-4.3,,.4,0,85,1005.9,,,6,,1.4
238,금산,2022-12-03 02:00,-4.4,,.5,320,84,1005.8,,,8,,1.4
238,금산,2022-12-03 03:00,-3.9,,.2,0,85,1005.8,,,10,,1.4
238,금산,2022-12-03 04:00,-3.8,,1.1,290,86,1005.1,,,10,,1.4
238,금산,2022-12-03 05:00,-2.8,,.7,270,81,1005.6,,,9,,1.4
238,금산,2022-12-03 06:00,-2.1,,0,0,78,1005,,,0,,1.5
238,금산,2022-12-03 07:00,-2.7,,.1,0,84,1004.2,,,0,,1.5
238,금산,2022-12-03 08:00,-2.3,,.3,0,84,1003.7,.2,,0,,1.5
238,금산,2022-12-03 09:00,-.2,,.3,0,75,1003.7,.2,,9,,1.5
238,금산,2022-12-03 10:00,2.7,,.8,290,68,1004.4,.5,,10,,1.6
238,금산,2022-12-03 11:00,5.7,,1,70,60,1004,.2,,9,,2.6
238,금산,2022-12-03 12:00,8.7,,1.5,230,59,1003,.5,,9,,6.9
238,금산,2022-12-03 13:00,7.5,,2,270,72,1003.1,0,,10,,7.6
238,금산,2022-12-03 14:00,7,,1.5,270,76,1002.9,0,,10,,7.8
238,금산,2022-12-03 15:00,6.7,0,1.6,270,79,1002.4,0,,9,,7.2
238,금산,2022-12-03 16:00,6.7,,0,0,79,1002.9,0,,10,,7.1
238,금산,2022-12-03 17:00,6.4,,.8,340,78,1003.5,0,,10,,6.7
238,금산,2022-12-03 18:00,4.7,,.5,320,85,1003.4,0,,10,,5.7
238,금산,2022-12-03 19:00,2.7,,.9,270,92,1003.8,,,5,,4.4
238,금산,2022-12-03 20:00,1.9,,0,0,96,1004.6,,,9,,3.9
238,금산,2022-12-03 21:00,2,,.3,0,95,1005,,,9,,3.9
238,금산,2022-12-03 22:00,2.2,,0,0,94,1005.4,,,9,,4.1
238,금산,2022-12-03 23:00,2.2,,0,0,94,1005.1,,,10,,4.2
238,금산,2022-12-04 00:00,3.3,,1,320,87,1005.9,,,10,,4.3
238,금산,2022-12-04 01:00,3.6,,1.7,290,78,1006,,,9,,4.3
238,금산,2022-12-04 02:00,2.9,,2.3,340,75,1006.7,,,10,,4.2
238,금산,2022-12-04 03:00,1.5,,2.1,340,62,1007.4,,,10,,3.9
238,금산,2022-12-04 04:00,.6,,1.4,360,70,1007.7,,,10,,3.4
238,금산,2022-12-04 05:00,-.2,,1.5,320,70,1007.9,,,6,,2.7
238,금산,2022-12-04 06:00,-1.2,,.8,320,75,1008.2,,,4,,2.4
238,금산,2022-12-04 07:00,-1.9,,1.7,320,68,1008.5,,,1,,2.2
238,금산,2022-12-04 08:00,-2,,1.5,340,51,1009.1,.1,,4,,2
238,금산,2022-12-04 09:00,-1.8,,1.8,320,41,1009.5,.8,,9,,1.9
238,금산,2022-12-04 10:00,-.8,,1.6,340,40,1010.5,.8,,10,,2.3
238,금산,2022-12-04 11:00,-1.2,,1.8,290,39,1010.3,.1,,10,,3.8
238,금산,2022-12-04 12:00,-.5,,1.6,320,34,1009.3,0,,10,,5.5
238,금산,2022-12-04 13:00,.4,,2.4,360,28,1008.4,.1,,10,,6.2
238,금산,2022-12-04 14:00,.3,,1.2,320,30,1007.7,0,,10,,6.3
238,금산,2022-12-04 15:00,-.1,,1.1,320,30,1007.8,0,,10,,5.7
238,금산,2022-12-04 16:00,-.4,,1.4,320,29,1008.1,0,,10,,4.9
238,금산,2022-12-04 17:00,-.8,,1,320,31,1008.9,0,,10,,3.8
238,금산,2022-12-04 18:00,-1.4,,.6,320,33,1009.6,0,,10,,2.9
238,금산,2022-12-04 19:00,-1.4,,.9,270,34,1009.5,,,10,,2.3
238,금산,2022-12-04 20:00,-1.8,,1.3,290,39,1009.7,,,10,,2.4
238,금산,2022-12-04 21:00,-2.3,,1.1,340,42,1010.1,,,10,,2.2
238,금산,2022-12-04 22:00,-2.5,,.8,340,42,1010.2,,,10,,2.1
238,금산,2022-12-04 23:00,-2.7,,1.1,340,46,1010.1,,,10,,2
238,금산,2022-12-05 00:00,-2.9,,1.1,340,48,1009.9,,,10,,2
238,금산,2022-12-05 01:00,-3.2,,.2,0,52,1009.9,,,10,,1.8
238,금산,2022-12-05 02:00,-3.6,,.4,0,57,1010,,,10,,1.7
238,금산,2022-12-05 03:00,-3.6,,.5,320,57,1009.5,,,10,,1.7
238,금산,2022-12-05 04:00,-3.6,,1.4,340,54,1009.4,,,10,,1.6
238,금산,2022-12-05 05:00,-3.7,,1.5,360,56,1009.4,,,10,,1.6
238,금산,2022-12-05 06:00,-3.8,,.5,290,59,1009.2,,,10,,1.6
238,금산,2022-12-05 07:00,-4,,.7,270,56,1008.5,,,10,,1.6
238,금산,2022-12-05 08:00,-4.1,,.5,270,50,1008.8,0,,10,,1.6
238,금산,2022-12-05 09:00,-3.7,,1.4,290,39,1008.8,0,,10,,1.7
238,금산,2022-12-05 10:00,-2.9,,.7,270,36,1009.2,0,,10,,1.8
238,금산,2022-12-05 11:00,-1.6,,.9,290,33,1009,.7,,8,,2.2
238,금산,2022-12-05 12:00,-.5,,1.4,290,27,1008,.8,,6,,3.4
238,금산,2022-12-05 13:00,1.7,,2.9,320,19,1006.7,1,,4,,4.7
238,금산,2022-12-05 14:00,2.1,,3,360,18,1006,1,,0,,5
238,금산,2022-12-05 15:00,2.2,,3.2,290,21,1005.6,1,,0,,4.6
238,금산,2022-12-05 16:00,1.9,,2.8,320,21,1005.4,1,,0,,3.9
238,금산,2022-12-05 17:00,.4,,1.5,320,23,1005.5,.8,,0,,3.1
238,금산,2022-12-05 18:00,-1.1,,1.7,290,30,1005.7,0,,0,,2.5
238,금산,2022-12-05 19:00,-2.3,,1.4,290,37,1006.2,,,0,,2
238,금산,2022-12-05 20:00,-3.7,,1.3,320,45,1006.5,,,0,,1.6
238,금산,2022-12-05 21:00,-4.5,,.6,270,53,1006.4,,,0,,1.4
238,금산,2022-12-05 22:00,-5,,.3,0,59,1006.5,,,0,,1.2
238,금산,2022-12-05 23:00,-6.4,,.4,0,66,1006.4,,,0,,1.1
238,금산,2022-12-06 00:00,-7,,.2,0,66,1006.1,,,0,,.9
238,금산,2022-12-06 01:00,-7.6,,.6,270,73,1006.1,,,0,,.7
238,금산,2022-12-06 02:00,-8.1,,1.5,290,75,1005.7,,,0,,.4
238,금산,2022-12-06 03:00,-7.6,,.5,160,78,1005.3,,,0,,.2
238,금산,2022-12-06 04:00,-6.6,,.6,320,73,1004.5,,,9,,.3
238,금산,2022-12-06 05:00,-6.2,,.5,290,75,1003.8,,,9,,.4
238,금산,2022-12-06 06:00,-5.5,0,0,0,72,1003.7,,,9,,.5
238,금산,2022-12-06 07:00,-6,,.4,0,81,1003.5,,,0,,.4
238,금산,2022-12-06 08:00,-6.6,,.8,270,85,1003.7,.1,,0,,.3
238,금산,2022-12-06 09:00,-4.2,0,.5,340,76,1003.3,.8,,4,,.3
238,금산,2022-12-06 10:00,.2,,.9,20,65,1002.8,.9,,0,,.4
238,금산,2022-12-06 11:00,6,,2.3,290,48,1002.4,1,,5,,.5
238,금산,2022-12-06 12:00,4.5,0,2.5,270,58,1002,.7,,9,,.8
238,금산,2022-12-06 13:00,6.2,,2.3,290,47,1001.1,.6,,8,,3.5
238,금산,2022-12-06 14:00,3.4,,2.8,340,70,1001.5,0,,10,,4.8
238,금산,2022-12-06 15:00,3.3,0,.8,360,81,1001.6,.1,,8,,5
238,금산,2022-12-06 16:00,3.6,,.5,290,72,1001.6,.3,,7,,5.2
238,금산,2022-12-06 17:00,3,,1.2,250,75,1001.6,0,,7,,4.4
238,금산,2022-12-06 18:00,2.3,0,1.6,270,79,1001.8,0,,6,,3
238,금산,2022-12-06 19:00,1.9,,.3,0,79,1002.1,,,6,,2.6
238,금산,2022-12-06 20:00,-.2,,.4,0,88,1001.9,,,4,,2.3
238,금산,2022-12-06 21:00,-.8,,0,0,91,1001.7,,,0,,2.2
238,금산,2022-12-06 22:00,-.7,,.1,0,91,1001.9,,,0,,2.1
238,금산,2022-12-06 23:00,-.7,,1.2,340,92,1002.1,,,10,,2.1
238,금산,2022-12-07 00:00,-.8,,.8,50,92,1002,,,9,,2
238,금산,2022-12-07 01:00,3.7,,3,270,59,1001.9,,,0,,1.9
238,금산,2022-12-07 02:00,3.8,,2.3,270,55,1001.8,,,3,,1.9
238,금산,2022-12-07 03:00,2.3,,.4,0,61,1001.7,,,0,,1.8
238,금산,2022-12-07 04:00,.2,,.5,90,77,1001.5,,,0,,1.9
238,금산,2022-12-07 05:00,-.5,,.4,0,83,1001.3,,,2,,1.7
238,금산,2022-12-07 06:00,-1.1,,.5,230,85,1001.7,,,0,,1.6
238,금산,2022-12-07 07:00,-1.6,,.5,90,86,1001.7,,,1,,1.5
238,금산,2022-12-07 08:00,-2.3,,.4,0,89,1002.3,0,,6,,1.4
238,금산,2022-12-07 09:00,4.4,,1.5,270,62,1002.7,.5,,9,,1.5
238,금산,2022-12-07 10:00,6.2,,2.4,270,54,1003.3,.5,,9,,1.9
238,금산,2022-12-07 11:00,6.7,,2.1,290,56,1003.2,.3,,9,,4.5
238,금산,2022-12-07 12:00,6.7,,2.8,290,59,1003,.2,,9,,6.3
238,금산,2022-12-07 13:00,7.2,,1.3,290,57,1002.3,.1,,8,,7.1
238,금산,2022-12-07 14:00,8.2,,2.8,270,50,1001.9,.1,,9,,7.3
238,금산,2022-12-07 15:00,7.8,0,3.8,270,49,1002.3,.2,,8,,7.3
238,금산,2022-12-07 16:00,7.4,,2.9,270,48,1002.7,0,,7,,6.6
238,금산,2022-12-07 17:00,6.7,,2.3,270,50,1003.2,.2,,7,,5.3
238,금산,2022-12-07 18:00,5.5,,1.2,270,58,1003.4,0,,0,,4.2
238,금산,2022-12-07 19:00,5,,.6,270,63,1003.5,,,0,,3.1
238,금산,2022-12-07 20:00,4,,1,250,66,1003.9,,,0,,2.8
238,금산,2022-12-07 21:00,1.5,,.1,0,78,1003.8,,,0,,2.6
238,금산,2022-12-07 22:00,.1,,.3,0,83,1004.4,,,0,,2.3
238,금산,2022-12-07 23:00,-.6,,.4,0,87,1004.7,,,0,,2
238,금산,2022-12-08 00:00,-1.7,,.2,0,90,1004.9,,,1,,1.9
238,금산,2022-12-08 01:00,-1.5,,.2,0,90,1005,,,3,,1.8
238,금산,2022-12-08 02:00,-2.2,,.5,290,92,1005,,,3,,1.7
238,금산,2022-12-08 03:00,-2.7,,.1,0,93,1005.2,,,0,,1.5
238,금산,2022-12-08 04:00,-3.1,,.2,0,95,1005.1,,,0,,1.4
238,금산,2022-12-08 05:00,-3.6,,.1,0,95,1005,,,0,,1.3
238,금산,2022-12-08 06:00,-3.7,,0,0,95,1005.3,,,10,,1.2
238,금산,2022-12-08 07:00,-4,,.4,0,95,1005.9,,,0,,1.1
238,금산,2022-12-08 08:00,-4,,.2,0,95,1006.2,0,,0,,1
238,금산,2022-12-08 09:00,-2.3,,.1,0,94,1006.5,.4,,1,,1.1
238,금산,2022-12-08 10:00,.6,,.2,0,85,1006.7,1,,0,,1.1
238,금산,2022-12-08 11:00,4,,.5,140,73,1006.5,1,,2,,1.3
238,금산,2022-12-08 12:00,7.3,,1.1,20,54,1005.3,1,,2,,3
238,금산,2022-12-08 13:00,9,,1,110,44,1004.1,1,,0,,5.7
238,금산,2022-12-08 14:00,9.9,,1,360,34,1003.7,1,,0,,7
238,금산,2022-12-08 15:00,10.4,,1.3,70,33,1003.5,1,,2,,7.1
238,금산,2022-12-08 16:00,10,,.7,340,31,1003.3,1,,2,,6.5
238,금산,2022-12-08 17:00,6.8,,.4,0,48,1003.4,.2,,8,,6
238,금산,2022-12-08 18:00,3.9,,.7,270,62,1003.6,0,,3,,4.4
238,금산,2022-12-08 19:00,2,,.5,270,70,1003.9,,,0,,3.4
238,금산,2022-12-08 20:00,.4,,.3,0,75,1004.1,,,0,,3
238,금산,2022-12-08 21:00,-.6,,.5,290,79,1004.2,,,0,,2.6
238,금산,2022-12-08 22:00,-1.5,,.5,290,83,1004,,,0,,2.3
238,금산,2022-12-08 23:00,-1.9,,.1,0,85,1004,,,0,,2
238,금산,2022-12-09 00:00,-2.7,,.1,0,88,1004.1,,,0,,1.7
238,금산,2022-12-09 01:00,-3.1,,.1,0,90,1004.1,,,0,,1.5
238,금산,2022-12-09 02:00,-3.3,,0,0,90,1004.1,,,0,,1.4
238,금산,2022-12-09 03:00,-3.6,,.2,0,91,1003.5,,,0,,1.3
238,금산,2022-12-09 04:00,-3.4,,.2,0,91,1003.2,,,0,,1.3
238,금산,2022-12-09 05:00,-3.2,,0,0,91,1002.9,,,0,,1.2
238,금산,2022-12-09 06:00,-3.3,,.3,0,91,1002.8,,,5,,1.2
238,금산,2022-12-09 07:00,-3.5,,.3,0,93,1002.5,,,0,,1.1
238,금산,2022-12-09 08:00,-3.7,,.2,0,94,1002.7,0,,0,,1
238,금산,2022-12-09 09:00,-1.7,,0,0,86,1003,.7,,1,,1.1
238,금산,2022-12-09 10:00,.3,,.4,0,80,1003.2,.4,,7,,1.2
238,금산,2022-12-09 11:00,3.8,,.2,0,66,1002.8,1,,7,,1.8
238,금산,2022-12-09 12:00,7.1,,.6,20,54,1001.8,.9,,6,,4.8
238,금산,2022-12-09 13:00,10.1,,.8,50,49,1000.7,.9,,6,,7.1
238,금산,2022-12-09 14:00,11.7,,1.7,290,47,1000,.9,,4,,8.3
238,금산,2022-12-09 15:00,11.1,,1.9,340,52,999.8,.8,,6,,8.9
238,금산,2022-12-09 16:00,9.9,,1.3,340,59,999.9,.4,,6,,8
238,금산,2022-12-09 17:00,9.1,,.5,320,62,1000,0,,6,,7.3
238,금산,2022-12-09 18:00,8,,1.1,270,68,1000.2,0,,0,,6.1
238,금산,2022-12-09 19:00,4.9,,.7,290,79,1000.2,,,1,,4.7
238,금산,2022-12-09 20:00,4.1,,1.1,290,82,1000.8,,,0,,4
238,금산,2022-12-09 21:00,2.8,,.3,0,88,1000.8,,,0,,3.3
238,금산,2022-12-09 22:00,1.6,,.5,230,91,1000.9,,,0,,3
238,금산,2022-12-09 23:00,.4,,.4,0,94,1001.1,,,0,,2.7
238,금산,2022-12-10 00:00,.2,,.5,270,96,1000.8,,,9,,2.4
238,금산,2022-12-10 01:00,-.3,,.6,340,97,1001.1,,,10,,2.3
238,금산,2022-12-10 02:00,-.7,,.1,0,98,1001,,,10,,2.2
238,금산,2022-12-10 03:00,-1.6,,0,0,98,1001.3,,,0,,1.9
238,금산,2022-12-10 04:00,-2.4,,.1,0,98,1000.9,,,7,,1.7
238,금산,2022-12-10 05:00,-2.7,,0,0,99,1000.3,,,9,,1.7
238,금산,2022-12-10 06:00,-2.3,,0,0,100,1000.2,,,9,,1.8
238,금산,2022-12-10 07:00,-2,,.8,200,100,1000.4,,,10,,1.8
238,금산,2022-12-10 08:00,-2.5,,.3,0,100,1000.9,0,,2,,2
238,금산,2022-12-10 09:00,-1.8,,.9,140,100,1000.3,0,,10,,2.1
238,금산,2022-12-10 10:00,-1,,1.4,290,100,999.9,0,,10,,2.9
238,금산,2022-12-10 11:00,-.3,,.1,0,100,1000.1,0,,9,,4.2
238,금산,2022-12-10 12:00,1.4,,.6,160,100,998.8,0,,9,,6
238,금산,2022-12-10 13:00,3.1,,.1,0,91,998,0,,9,,6.3
238,금산,2022-12-10 14:00,4.3,,.9,20,80,997.3,0,,10,,6.7
238,금산,2022-12-10 15:00,5.1,,1,340,60,997.4,0,,10,,6.5
238,금산,2022-12-10 16:00,4.9,,1,290,60,997.6,0,,10,,5.8
238,금산,2022-12-10 17:00,4.6,,.4,0,57,997.7,0,,10,,5.3
238,금산,2022-12-10 18:00,3.9,0,.5,290,65,998.2,0,,10,,4.9
238,금산,2022-12-10 19:00,3.2,,.2,0,68,998,,,9,,4.6
238,금산,2022-12-10 20:00,2.3,,.6,320,70,998.2,,,8,,4.2
238,금산,2022-12-10 21:00,.8,0,.2,0,75,998.5,,,8,,3.1
238,금산,2022-12-10 22:00,-.6,,.5,290,79,998.9,,,7,,2.8
238,금산,2022-12-10 23:00,-1.4,,.6,290,84,998.9,,,8,,2.5
238,금산,2022-12-11 00:00,-1.2,,.7,270,82,999.4,,,9,,2.4
238,금산,2022-12-11 01:00,-1,,.2,0,82,999.3,,,7,,2.3
238,금산,2022-12-11 02:00,-1.3,,.9,360,84,999.9,,,6,,2.2
238,금산,2022-12-11 03:00,-2.4,,.8,270,90,1000.2,,,9,,1.8
238,금산,2022-12-11 04:00,-3.4,,.3,0,90,1000.2,,,0,,1.5
238,금산,2022-12-11 05:00,-4.1,,.4,0,93,1000.2,,,0,,1.3
238,금산,2022-12-11 06:00,-4.2,,.4,0,92,1000.4,,,0,,1.1
238,금산,2022-12-11 07:00,-4.9,,.2,0,93,1001.3,,,0,,1
238,금산,2022-12-11 08:00,-4.7,,0,0,94,1001.7,0,,0,,.9
238,금산,2022-12-11 09:00,-2.9,,.8,290,91,1002.2,.9,,0,,.9
238,금산,2022-12-11 10:00,-.5,,.6,140,80,1002.8,1,,0,,1
238,금산,2022-12-11 11:00,3.1,,1,140,58,1002.5,1,,0,,1.1
238,금산,2022-12-11 12:00,6.1,,.6,110,42,1001.8,1,,0,,2.7
238,금산,2022-12-11 13:00,6.7,,2.4,320,35,1001.2,1,,0,,4.7
238,금산,2022-12-11 14:00,6.9,,2.9,340,29,1000.9,1,,0,,5.7
238,금산,2022-12-11 15:00,7.3,,2.2,290,33,1000.8,1,,0,,5.7
238,금산,2022-12-11 16:00,7.1,,1.3,320,34,1001,1,,0,,5.3
238,금산,2022-12-11 17:00,4.7,,.5,270,44,1001.7,.8,,0,,4.3
238,금산,2022-12-11 18:00,1.4,,.7,270,57,1002.3,0,,0,,3.3
238,금산,2022-12-11 19:00,-.4,,.7,250,63,1002.5,,,0,,2.7
238,금산,2022-12-11 20:00,-1.2,,.7,230,66,1002.8,,,0,,2.2
238,금산,2022-12-11 21:00,-2.8,,.5,200,72,1002.6,,,0,,1.7
238,금산,2022-12-11 22:00,-3.5,,.7,270,75,1002.6,,,0,,1.4
238,금산,2022-12-11 23:00,-4.7,,.8,250,80,1003.3,,,0,,1.1
238,금산,2022-12-12 00:00,-5.3,,0,0,82,1003.3,,,0,,.9
238,금산,2022-12-12 01:00,-5.4,,.2,0,83,1003.6,,,1,,.7
238,금산,2022-12-12 02:00,-6.2,,.1,0,87,1003.6,,,0,,.5
238,금산,2022-12-12 03:00,-6.3,,.7,320,86,1003.4,,,0,,.2
238,금산,2022-12-12 04:00,-6.8,,.4,0,89,1003.6,,,10,,.1
238,금산,2022-12-12 05:00,-6.7,,0,0,88,1003,,,10,,0
238,금산,2022-12-12 06:00,-6.4,,.2,0,89,1002.9,,,10,,0
238,금산,2022-12-12 07:00,-5.5,,.8,200,84,1001.8,,,10,,.1
238,금산,2022-12-12 08:00,-5.9,,.7,290,89,1001.5,0,,9,,0
238,금산,2022-12-12 09:00,-3.8,,.6,160,79,1001.4,.6,,1,,.1
238,금산,2022-12-12 10:00,-1.8,,.5,290,74,1001.6,.7,,3,,.2
238,금산,2022-12-12 11:00,1,,.7,140,62,1000.8,.5,,7,,.3
238,금산,2022-12-12 12:00,3.8,,.5,140,48,999.6,.9,,6,,.5
238,금산,2022-12-12 13:00,5.2,,.5,140,39,998.1,.5,,7,,3
238,금산,2022-12-12 14:00,6.2,,3.1,250,34,997.9,0,,10,,4.7
238,금산,2022-12-12 15:00,5.1,,2.6,250,51,997.8,0,,10,,4.9
238,금산,2022-12-12 16:00,4.9,,1.3,230,59,998,0,,10,,4.5
238,금산,2022-12-12 17:00,4.7,,.7,140,60,997.4,0,,10,,4.1
238,금산,2022-12-12 18:00,1.7,,.6,270,72,997.2,0,,3,,2.8
238,금산,2022-12-12 19:00,-.1,,.6,200,79,996.8,,,0,,2.4
238,금산,2022-12-12 20:00,-.6,,.8,340,83,996.2,,,2,,2
238,금산,2022-12-12 21:00,.4,0,.7,290,85,996.6,,,9,,2
238,금산,2022-12-12 22:00,1.1,,.6,140,90,996.6,,,9,,2.2
238,금산,2022-12-12 23:00,1.4,,.3,0,92,996.6,,,7,,2.4
238,금산,2022-12-13 00:00,1.3,.3,.6,160,96,996.9,,,5,,2.7
238,금산,2022-12-13 01:00,1.7,,.6,250,96,997.1,,,0,,2.9
238,금산,2022-12-13 02:00,.7,,.1,0,97,997.2,,,0,,2.4
238,금산,2022-12-13 03:00,1,0,.5,360,98,997.1,,,9,,2.2
238,금산,2022-12-13 04:00,3.3,,1.9,250,73,996.7,,,0,,2.2
238,금산,2022-12-13 05:00,3.5,,1.4,270,66,996.5,,,9,,2.2
238,금산,2022-12-13 06:00,3.8,0,2.1,290,66,996.7,,,9,,2.6
238,금산,2022-12-13 07:00,2.4,,.8,250,71,996.5,,,0,,2.2
238,금산,2022-12-13 08:00,3.5,,2.8,270,62,997.5,0,,5,,2
238,금산,2022-12-13 09:00,3.9,0,4.5,270,63,998.5,0,,9,,2.2
238,금산,2022-12-13 10:00,3.4,,3.1,270,73,998.5,0,,10,,3.8
238,금산,2022-12-13 11:00,3.7,,2.4,250,71,998.1,.1,,10,,5.2
238,금산,2022-12-13 12:00,4.4,.1,2.6,270,62,997.3,.2,,10,,6.7
238,금산,2022-12-13 13:00,3.7,,1.8,290,79,996.4,.1,,10,,6.7
238,금산,2022-12-13 14:00,2.3,,4.6,290,80,996.6,0,,10,,4.9
238,금산,2022-12-13 15:00,4.8,.3,4,270,48,996.3,0,,8,,5.4
238,금산,2022-12-13 16:00,4.3,,2.8,250,54,996,0,,8,,4.6
238,금산,2022-12-13 17:00,4.1,,4,290,50,996.1,0,,10,,3.9
238,금산,2022-12-13 18:00,3,0,1.8,320,61,996.5,0,,9,,3.2
238,금산,2022-12-13 19:00,1.7,,3.7,320,80,997.6,,,10,,3
238,금산,2022-12-13 20:00,.1,,2.2,290,95,998.1,,1.2,8,,2.4
238,금산,2022-12-13 21:00,-.4,1.9,2.4,290,92,998.4,,2.4,0,,2.6
238,금산,2022-12-13 22:00,.3,,3.2,290,73,998.5,,2.6,8,,2.7
238,금산,2022-12-13 23:00,-1.1,,4,290,83,999.6,,3.6,9,,2.6
238,금산,2022-12-14 00:00,-2.5,.8,3.8,340,89,1000.2,,4.8,9,,2.6
238,금산,2022-12-14 01:00,-2.6,,4.5,290,77,1000.9,,6,9,,2.6
238,금산,2022-12-14 02:00,-3.8,,4.5,290,72,1002,,6.6,10,,2.6
238,금산,2022-12-14 03:00,-4.4,.9,2.5,290,71,1003,,6.6,10,,2.6
238,금산,2022-12-14 04:00,-6.6,,1,340,84,1004.3,,6.5,6,,2.5
238,금산,2022-12-14 05:00,-7.8,,1.6,340,79,1004.5,,6.3,1,,2.6
238,금산,2022-12-14 06:00,-8.7,0,.8,320,77,1005.6,,6.1,0,,2.6
238,금산,2022-12-14 07:00,-9.3,,1.4,290,73,1006.6,,6,6,,2.6
238,금산,2022-12-14 08:00,-10.1,,.7,290,80,1007.2,.1,5.8,0,,2.6
238,금산,2022-12-14 09:00,-8.3,,.5,340,66,1007.7,1,5.3,0,,2.6
238,금산,2022-12-14 10:00,-7.9,,.6,50,60,1007.7,1,4.9,0,,2.5
238,금산,2022-12-14 11:00,-6.5,,1.6,20,58,1008,1,4.8,3,,2.4
238,금산,2022-12-14 12:00,-5.6,,1.1,340,56,1007.2,1,4.5,5,,2.4
238,금산,2022-12-14 13:00,-5.1,,2.2,360,56,1006.7,1,4.4,0,,2.3
238,금산,2022-12-14 14:00,-4.6,,2.4,290,58,1005.9,.9,4.4,0,,2.3
238,금산,2022-12-14 15:00,-4.3,,2.5,320,60,1005.4,.3,4.4,0,,2.3
238,금산,2022-12-14 16:00,-4.8,,1.4,290,59,1005.2,.5,4.4,7,,2.3
238,금산,2022-12-14 17:00,-5.8,,1.2,340,67,1005.3,.2,4.3,7,,2.4
238,금산,2022-12-14 18:00,-7,,.9,290,75,1005.5,0,4.3,0,,2.4
238,금산,2022-12-14 19:00,-8.5,,.7,270,82,1005.6,,4.3,0,,2.4
238,금산,2022-12-14 20:00,-9.3,,.3,0,87,1005.7,,4.3,0,,2.2
238,금산,2022-12-14 21:00,-9.8,,.5,270,88,1006.2,,4.3,0,,2.1
238,금산,2022-12-14 22:00,-10.4,,.5,290,89,1006.3,,4.3,0,,2
238,금산,2022-12-14 23:00,-10.8,,.6,290,90,1005.7,,4.2,0,,1.9
238,금산,2022-12-15 00:00,-11.1,,.6,250,90,1005.5,,4.2,0,,1.8
238,금산,2022-12-15 01:00,-11.4,,.6,290,89,1005.2,,4.2,0,,1.7
238,금산,2022-12-15 02:00,-11.4,,.3,0,89,1005.5,,4.2,0,,1.6
238,금산,2022-12-15 03:00,-10.3,,.2,0,89,1005.6,,4.2,4,,1.6
238,금산,2022-12-15 04:00,-10.2,,.3,0,88,1005,,4.2,10,,1.6
238,금산,2022-12-15 05:00,-9.7,,.7,290,89,1005,,4.2,10,,1.6
238,금산,2022-12-15 06:00,-9.6,,.7,290,89,1004.9,,4.2,10,,1.6
238,금산,2022-12-15 07:00,-9,,.2,0,89,1005.1,,4.2,0,,1.6
238,금산,2022-12-15 08:00,-9.3,,.7,290,89,1005,0,4.2,0,,1.6
238,금산,2022-12-15 09:00,-7.8,,.7,290,86,1005,.9,3.8,0,,1.6
238,금산,2022-12-15 10:00,-4.8,,.4,0,79,1005.1,1,3.5,3,,1.6
238,금산,2022-12-15 11:00,-.9,,.2,0,67,1004.8,1,3.4,6,,1.7
238,금산,2022-12-15 12:00,2.4,,.9,160,56,1003.2,1,3.4,0,,1.8
238,금산,2022-12-15 13:00,3.3,,3.6,200,53,1002.2,1,3,6,,1.8
238,금산,2022-12-15 14:00,3.8,,2.5,200,51,1001.3,.8,2.4,7,,1.7
238,금산,2022-12-15 15:00,4.5,,3,200,50,1000.5,.7,2.2,7,,1.6
238,금산,2022-12-15 16:00,4.3,,2.2,200,52,1000.3,.2,1.8,9,,1.7
238,금산,2022-12-15 17:00,3.4,,1.4,230,60,1000.5,0,1.7,10,,1.8
238,금산,2022-12-15 18:00,3.9,0,2.3,250,62,1000.6,0,1.5,10,,1.9
238,금산,2022-12-15 19:00,2.4,,1.3,290,80,1001.5,,1.3,9,,2
238,금산,2022-12-15 20:00,.6,,.7,360,97,1002.3,,1.2,10,,2
238,금산,2022-12-15 21:00,.7,.9,.8,90,98,1002.4,,1.2,10,,2
238,금산,2022-12-15 22:00,.6,,.5,290,98,1002.8,,1.1,10,,2
238,금산,2022-12-15 23:00,.8,,1.9,290,87,1004.1,,1.1,10,,2.1
238,금산,2022-12-16 00:00,-.3,.3,2.4,290,76,1004.9,,1.1,4,,2.1
238,금산,2022-12-16 01:00,-.9,,.6,320,75,1005.7,,1.1,8,,2
238,금산,2022-12-16 02:00,-1.7,,.9,50,66,1006.5,,1,7,,2
238,금산,2022-12-16 03:00,-2.5,,.8,290,75,1006.6,,1,6,,1.7
238,금산,2022-12-16 04:00,-3.5,,1.2,290,72,1006.2,,1,6,,1.4
238,금산,2022-12-16 05:00,-4.3,,.8,290,73,1006.2,,1,4,,1.2
238,금산,2022-12-16 06:00,-5.1,,1,340,80,1006.1,,1,6,,1.1
238,금산,2022-12-16 07:00,-5.8,,.5,320,87,1007.7,,1,9,,.9
238,금산,2022-12-16 08:00,-5.8,,.7,290,87,1008.8,0,1,9,,.9
238,금산,2022-12-16 09:00,-5.2,,.7,360,69,1009.5,.1,.9,9,,.9
238,금산,2022-12-16 10:00,-5,,1.2,360,50,1010.3,0,.9,10,,.9
238,금산,2022-12-16 11:00,-4.3,,1.4,270,43,1010.4,.5,.8,9,,.9
238,금산,2022-12-16 12:00,-3.6,,.6,270,37,1008.8,.1,.8,8,,1
238,금산,2022-12-16 13:00,-2.8,,1.3,200,35,1007.9,.5,.8,9,,1.6
238,금산,2022-12-16 14:00,-2.3,,.7,180,33,1007.4,0,.8,7,,3
238,금산,2022-12-16 15:00,-1.6,,1.2,290,37,1007.3,0,.5,9,,3.5
238,금산,2022-12-16 16:00,-1.7,,1.1,270,38,1006.9,0,.4,10,,3.3
238,금산,2022-12-16 17:00,-2.3,,.8,290,38,1007.9,0,.4,8,,2.3
238,금산,2022-12-16 18:00,-2.9,,.7,290,39,1008,0,.4,10,,1.8
238,금산,2022-12-16 19:00,-3.3,,.4,0,43,1008,,.4,10,,1.6
238,금산,2022-12-16 20:00,-3.4,,1.3,290,46,1008.6,,.4,10,,1.5
238,금산,2022-12-16 21:00,-3.6,,.6,320,49,1009.1,,.4,10,,1.4
238,금산,2022-12-16 22:00,-3.9,,.8,320,52,1008.9,,.4,10,,1.3
238,금산,2022-12-16 23:00,-4.1,,.8,320,58,1008.8,,.4,9,,1.3
238,금산,2022-12-17 00:00,-4.4,,.5,290,61,1008.2,,.4,10,,1.2
238,금산,2022-12-17 01:00,-4.6,,.7,340,67,1007.7,,.4,10,,1.1
238,금산,2022-12-17 02:00,-5,,.1,0,71,1006.9,,.4,10,,1.1
238,금산,2022-12-17 03:00,-5.4,,.3,0,73,1006.7,,.4,6,,1
238,금산,2022-12-17 04:00,-6.3,,.4,0,76,1005.7,,.4,6,,.9
238,금산,2022-12-17 05:00,-6.6,,.1,0,81,1005.1,,.4,10,,.9
238,금산,2022-12-17 06:00,-6.3,,.7,110,76,1004.2,,.4,10,,.8
238,금산,2022-12-17 07:00,-7.2,,.8,290,83,1003.8,,.4,9,,.8
238,금산,2022-12-17 08:00,-6.9,,1.3,290,85,1003.5,0,.4,10,,.8
238,금산,2022-12-17 09:00,-5.1,,.4,0,76,1002.5,0,.4,8,,.8
238,금산,2022-12-17 10:00,-3.1,,.7,70,76,1002.4,.1,.7,10,,.8
238,금산,2022-12-17 11:00,-5.2,,2.3,320,82,1003.9,0,1.4,10,,.9
238,금산,2022-12-17 12:00,-4.7,0,.8,250,77,1003.5,.1,1.3,9,,.9
238,금산,2022-12-17 13:00,-3.3,,1,20,69,1002.1,.8,1.1,8,,1
238,금산,2022-12-17 14:00,-3.9,,2.1,290,71,1001.6,0,1.2,10,,1
238,금산,2022-12-17 15:00,-4.6,.2,.9,320,86,1001.2,0,1.3,10,,1.2
238,금산,2022-12-17 16:00,-4.7,,1.8,320,78,1001.5,0,1.5,9,,1.3
238,금산,2022-12-17 17:00,-5.4,,1.6,290,68,1001.7,0,1.5,6,,1.3
238,금산,2022-12-17 18:00,-6.1,.2,.8,290,69,1002,0,1.5,0,,1.3
238,금산,2022-12-17 19:00,-6.8,,1.1,290,57,1002.4,,1.5,0,,1.1
238,금산,2022-12-17 20:00,-9.3,,1.1,270,78,1002.9,,1.5,0,,1
238,금산,2022-12-17 21:00,-9.9,,.4,0,78,1003.1,,1.4,0,,.9
238,금산,2022-12-17 22:00,-10.5,,.6,270,80,1002.8,,1.4,0,,.8
238,금산,2022-12-17 23:00,-11.5,,.4,0,86,1002.5,,1.4,0,,.7
238,금산,2022-12-18 00:00,-12,,.6,340,87,1002.1,,1.4,0,,.7
238,금산,2022-12-18 01:00,-11.8,,.3,0,86,1001.8,,1.5,8,,.6
238,금산,2022-12-18 02:00,-12.4,,.6,340,88,1001.9,,1.5,4,,.5
238,금산,2022-12-18 03:00,-13,,.6,290,88,1001.7,,1.5,7,,.4
238,금산,2022-12-18 04:00,-13.5,,.2,0,89,1001.6,,1.5,1,,.2
238,금산,2022-12-18 05:00,-13.8,,.8,290,88,1001.4,,1.5,8,,.1
238,금산,2022-12-18 06:00,-13.8,,.7,290,88,1001.5,,1.5,8,,-.1
238,금산,2022-12-18 07:00,-13.3,,.5,250,88,1001.9,,1.5,9,,-.2
238,금산,2022-12-18 08:00,-13.2,,.4,0,88,1002,0,1.5,1,,-.3
238,금산,2022-12-18 09:00,-11.7,,.4,0,83,1002.2,1,1.3,0,,-.4
238,금산,2022-12-18 10:00,-9.8,,.5,290,72,1002.2,1,1.2,0,,-.4
238,금산,2022-12-18 11:00,-7.1,,1.1,290,52,1001.9,1,1.1,1,,0
238,금산,2022-12-18 12:00,-6.2,,2.4,340,44,1001.3,1,1.2,6,,0
238,금산,2022-12-18 13:00,-5.9,,2.1,320,43,1000.6,.5,1.3,0,,.1
238,금산,2022-12-18 14:00,-4.5,,2.1,340,42,1000.1,.9,1.2,0,,.1
238,금산,2022-12-18 15:00,-4.7,,1.6,340,42,999.9,1,1.2,4,,.1
238,금산,2022-12-18 16:00,-4.8,,1.9,340,44,1000,.9,1.3,2,,.1
238,금산,2022-12-18 17:00,-5.9,,1.3,290,48,1000.2,.9,1.3,0,,.1
238,금산,2022-12-18 18:00,-7.2,,.9,270,54,1000.8,0,1.3,0,,0
238,금산,2022-12-18 19:00,-7.8,,.5,270,60,1001.5,,1.3,0,,-.1
238,금산,2022-12-18 20:00,-7.9,,.4,0,63,1002.2,,1.3,0,,-.1
238,금산,2022-12-18 21:00,-9.4,,.3,0,72,1002.2,,1.3,0,,-.3
238,금산,2022-12-18 22:00,-10.6,,.7,290,77,1002.5,,1.3,0,,-.5
238,금산,2022-12-18 23:00,-11.2,,.5,290,80,1002.7,,1.3,0,,-.7
238,금산,2022-12-19 00:00,-11.5,,.3,0,83,1002.8,,1.3,0,,-.9
238,금산,2022-12-19 01:00,-11.9,,.6,290,84,1002.9,,1.3,0,,-1.1
238,금산,2022-12-19 02:00,-12.7,,.6,250,86,1002.8,,1.3,0,,-1.4
238,금산,2022-12-19 03:00,-13.1,,.6,290,87,1003.3,,1.3,0,,-1.6
238,금산,2022-12-19 04:00,-13.4,,.5,250,87,1003.5,,1.3,0,,-1.8
238,금산,2022-12-19 05:00,-13.7,,.5,320,86,1004.2,,1.3,0,,-2
238,금산,2022-12-19 06:00,-13.7,,.2,0,87,1004.6,,1.3,0,,-2.2
238,금산,2022-12-19 07:00,-14.1,,.7,340,87,1005,,1.3,0,,-2.5
238,금산,2022-12-19 08:00,-14,,.8,250,87,1005.3,.2,1.3,0,,-2.6
238,금산,2022-12-19 09:00,-11.9,,.8,270,85,1006.1,.4,1.3,0,,-1.8
238,금산,2022-12-19 10:00,-9,,.2,0,78,1006.4,1,1,0,,-1.5
238,금산,2022-12-19 11:00,-4.9,,.6,20,62,1005.9,1,1,0,,-.8
238,금산,2022-12-19 12:00,-2.4,,.9,360,43,1005.1,1,1,0,,-.4
238,금산,2022-12-19 13:00,-.7,,1.2,360,44,1004.3,1,.9,0,,-.2
238,금산,2022-12-19 14:00,.3,,1.5,360,42,1003.6,1,.9,0,,-.1
238,금산,2022-12-19 15:00,.8,,1.2,360,43,1003.5,1,.9,0,,0
238,금산,2022-12-19 16:00,.6,,1.4,340,47,1003.5,1,.9,1,,0
238,금산,2022-12-19 17:00,-.6,,1.1,320,55,1003.8,.8,.9,0,,0
238,금산,2022-12-19 18:00,-2.8,,.3,0,67,1004.5,0,.9,0,,-.2
238,금산,2022-12-19 19:00,-4.3,,.5,230,76,1004.9,,.9,0,,-.6
238,금산,2022-12-19 20:00,-4.6,,.7,270,77,1005.3,,.9,0,,-.7
238,금산,2022-12-19 21:00,-4.1,,.6,250,77,1005.6,,.9,0,,-.5
238,금산,2022-12-19 22:00,-4.1,,.1,0,72,1006.5,,.9,1,,-.6
238,금산,2022-12-19 23:00,-4,,.1,0,73,1006.2,,.9,0,,-.4
238,금산,2022-12-20 00:00,-4.1,,.4,0,72,1006.4,,.9,1,,-.4
238,금산,2022-12-20 01:00,-3.9,,.4,0,69,1006.7,,.9,0,,-.4
238,금산,2022-12-20 02:00,-4.7,,.4,0,74,1006.8,,.9,0,,-.6
238,금산,2022-12-20 03:00,-6.5,,.8,270,82,1007,,.9,0,,-.9
238,금산,2022-12-20 04:00,-7.7,,.6,270,86,1007.1,,.9,0,,-1.1
238,금산,2022-12-20 05:00,-8.7,,.4,0,88,1007.1,,.9,0,,-1.3
238,금산,2022-12-20 06:00,-9.2,,.1,0,90,1007,,.9,0,,-1.5
238,금산,2022-12-20 07:00,-9.7,,.7,290,90,1007.4,,.9,0,,-1.7
238,금산,2022-12-20 08:00,-10,,.5,270,91,1007.8,.1,.9,0,,-1.8
238,금산,2022-12-20 09:00,-7.5,,.4,0,86,1008.7,1,.6,0,,-1.6
238,금산,2022-12-20 10:00,-4.7,,.2,0,78,1009.1,1,.5,0,,-1.1
238,금산,2022-12-20 11:00,-2,,.6,90,64,1008.3,1,.5,0,,-.4
238,금산,2022-12-20 12:00,.6,,.9,70,51,1007,1,.3,0,,-.2
238,금산,2022-12-20 13:00,1.4,,1.5,180,51,1006,1,.1,0,,-.1
238,금산,2022-12-20 14:00,2.7,,1.1,140,49,1004.6,1,,0,,0
238,금산,2022-12-20 15:00,3.9,,.6,50,45,1003.9,1,,2,,0
238,금산,2022-12-20 16:00,3.6,,.6,340,46,1003.6,1,,2,,0
238,금산,2022-12-20 17:00,1.3,,.7,270,60,1002.7,.6,,7,,.1
238,금산,2022-12-20 18:00,-.4,,.6,290,68,1002.9,0,,10,,.1
238,금산,2022-12-20 19:00,-1.4,,.5,230,75,1002.1,,,7,,.1
238,금산,2022-12-20 20:00,-1.9,,.6,270,78,1001.4,,,10,,0
238,금산,2022-12-20 21:00,-2.6,,.1,0,80,1000.6,,,9,,-.2
238,금산,2022-12-20 22:00,-2.8,,.1,0,81,1000.8,,,10,,-.2
238,금산,2022-12-20 23:00,-3.3,,0,0,84,1000.5,,,9,,-.3
238,금산,2022-12-21 00:00,-3.2,,.1,0,84,1000.2,,,10,,-.2
238,금산,2022-12-21 01:00,-2.8,,.1,0,82,999.3,,,10,,-.1
238,금산,2022-12-21 02:00,-2.5,,.6,250,80,998,,,10,,-.1
238,금산,2022-12-21 03:00,-2.7,,.3,0,83,997,,,10,,-.1
238,금산,2022-12-21 04:00,-2.3,,.2,0,81,995.7,,,10,,0
238,금산,2022-12-21 05:00,-2.1,,.9,160,88,994.6,,,10,,0
238,금산,2022-12-21 06:00,-1.5,1.5,.6,110,91,993.9,,,10,,.1
238,금산,2022-12-21 07:00,-1.2,,1.1,110,95,993.4,,,10,,.1
238,금산,2022-12-21 08:00,-.8,,.4,0,97,992.7,0,,10,,.1
238,금산,2022-12-21 09:00,-.5,3.7,.2,0,98,992.2,0,,10,,.2
238,금산,2022-12-21 10:00,-.1,,.5,180,98,992,0,,10,,.2
238,금산,2022-12-21 11:00,.2,,.4,0,99,991.3,0,,10,,.1
238,금산,2022-12-21 12:00,.5,3.9,.2,0,100,990.3,0,,9,,.1
238,금산,2022-12-21 13:00,1.9,,.5,320,99,989.4,0,,3,,.1
238,금산,2022-12-21 14:00,2.7,,.3,0,98,988.6,0,,9,,.1
238,금산,2022-12-21 15:00,3.2,.9,.2,0,98,988,0,,8,,.1
238,금산,2022-12-21 16:00,2.6,,.6,290,99,988.2,0,,10,,.1
238,금산,2022-12-21 17:00,2.6,,.8,290,94,988.8,0,,10,,.1
238,금산,2022-12-21 18:00,2.1,1,.5,160,97,989.1,0,,10,,.2
238,금산,2022-12-21 19:00,1.6,,.6,290,91,989.1,,,9,,.3
238,금산,2022-12-21 20:00,.6,,0,0,99,989.2,,,0,,.3
238,금산,2022-12-21 21:00,.3,,.2,0,100,989,,,0,,.4
238,금산,2022-12-21 22:00,.8,,.5,340,100,988.9,,,9,,.5
238,금산,2022-12-21 23:00,1.1,,2.5,290,88,989.2,,,9,,.5
238,금산,2022-12-22 00:00,.7,,3,290,79,989,,,2,,.5
238,금산,2022-12-22 01:00,.1,,2,290,79,989.1,,,1,,.6
238,금산,2022-12-22 02:00,-1.4,,2.2,320,88,989.2,,.2,9,,.6
238,금산,2022-12-22 03:00,-1.2,.3,.7,320,87,989.3,,.4,9,,.6
238,금산,2022-12-22 04:00,-1.3,,2,290,78,988.9,,.4,1,,.6
238,금산,2022-12-22 05:00,-2,,2.5,290,75,988.4,,.3,9,,.6
238,금산,2022-12-22 06:00,-2.2,0,2.3,320,73,988.2,,.3,9,,.6
238,금산,2022-12-22 07:00,-2.7,,1.9,290,75,988.5,,.3,9,,.6
238,금산,2022-12-22 08:00,-4.1,,1.2,340,87,989,0,.7,9,,.7
238,금산,2022-12-22 09:00,-3.7,.1,1.1,320,78,989,0,.7,9,,.7
238,금산,2022-12-22 10:00,-3.7,,3.1,290,65,988.9,.1,.5,8,,.7
238,금산,2022-12-22 11:00,-3.6,,4.4,290,63,988.5,.2,.4,9,,.7
238,금산,2022-12-22 12:00,-3.2,,2.9,290,63,987.8,.3,.3,9,,.8
238,금산,2022-12-22 13:00,-4,,2.9,340,72,987.1,.3,,9,,.9
238,금산,2022-12-22 14:00,-4.2,,3.8,290,65,986.7,0,,9,,.9
238,금산,2022-12-22 15:00,-4.9,,3.8,290,69,987.3,.1,,10,,1
238,금산,2022-12-22 16:00,-5.1,,2.5,320,59,987.6,.1,,7,,.8
238,금산,2022-12-22 17:00,-5.7,,3.6,290,62,988,0,,8,,.7
238,금산,2022-12-22 18:00,-6.2,,2.9,290,69,988.6,0,,9,,.7
238,금산,2022-12-22 19:00,-7.1,,2.9,290,80,988.7,,,9,,.6
238,금산,2022-12-22 20:00,-7.5,,1.5,320,86,988.5,,.6,9,,.6
238,금산,2022-12-22 21:00,-7.6,.6,1.2,340,89,988.5,,1.4,9,,.6
238,금산,2022-12-22 22:00,-7.9,,4.1,290,69,989.2,,2.1,10,,.6
238,금산,2022-12-22 23:00,-8.4,,2.9,290,71,989.4,,2,10,,.6
238,금산,2022-12-23 00:00,-8.9,.1,2.6,290,73,989.4,,1.8,0,,.6
238,금산,2022-12-23 01:00,-9,,2.7,290,74,989.5,,1.7,9,,.6
238,금산,2022-12-23 02:00,-8.9,,2.7,290,72,989.4,,1.6,9,,.6
238,금산,2022-12-23 03:00,-8.9,,2.9,290,68,989.5,,1.5,8,,.6
238,금산,2022-12-23 04:00,-8.9,,2.9,290,70,989.7,,1.4,9,,.6
238,금산,2022-12-23 05:00,-9,,2.8,290,77,989.9,,1.3,2,,.6
238,금산,2022-12-23 06:00,-8.9,,3.8,290,72,990.3,,1.3,8,,.5
238,금산,2022-12-23 07:00,-9.1,,2.6,290,72,990.5,,1.3,2,,.5
238,금산,2022-12-23 08:00,-9.5,,3.4,290,74,991.2,0,1.3,9,,.5
238,금산,2022-12-23 09:00,-9,,4.7,290,73,991.3,.2,1.2,9,,.5
238,금산,2022-12-23 10:00,-7.8,,4.2,290,62,991.6,1,1,8,,.5
238,금산,2022-12-23 11:00,-7.4,,4.7,290,60,991.6,.7,.9,8,,.5
238,금산,2022-12-23 12:00,-6.6,,3.3,290,61,991.3,.5,.8,8,,.5
238,금산,2022-12-23 13:00,-6.2,,4,290,63,990.8,.7,.6,9,,.5
238,금산,2022-12-23 14:00,-6.3,,4.2,290,66,990.7,.2,.5,9,,.6
238,금산,2022-12-23 15:00,-6.3,,5.7,290,59,990.5,.1,.5,7,,.6
238,금산,2022-12-23 16:00,-5.8,,3.6,290,59,990.6,.6,.5,8,,.6
238,금산,2022-12-23 17:00,-6.1,,3.9,320,63,991.4,0,.4,5,,.5
238,금산,2022-12-23 18:00,-6.8,,3.8,290,63,992.1,0,.4,6,,.5
238,금산,2022-12-23 19:00,-6.8,,4.1,290,65,992.8,,.4,9,,.4
238,금산,2022-12-23 20:00,-6.7,,3.5,290,69,993.3,,.4,10,,.4
238,금산,2022-12-23 21:00,-6.7,,2.4,290,71,994.3,,.4,10,,.4
238,금산,2022-12-23 22:00,-7.3,,2.9,290,73,994.8,,.4,10,,.4
238,금산,2022-12-23 23:00,-7.8,,1.7,340,74,994.9,,.4,6,,.4
238,금산,2022-12-24 00:00,-10.1,,1.9,20,77,995.2,,.4,9,,.4
238,금산,2022-12-24 01:00,-10.3,,.5,340,79,995.5,,.7,9,,.4
238,금산,2022-12-24 02:00,-10.2,,.9,320,76,995.9,,.8,9,,.4
238,금산,2022-12-24 03:00,-10.1,0,.6,320,75,996.3,,.8,10,,.3
238,금산,2022-12-24 04:00,-10.1,,.7,270,75,997,,.8,10,,.3
238,금산,2022-12-24 05:00,-10,,.9,180,75,996.8,,.8,10,,.3
238,금산,2022-12-24 06:00,-11.1,,.8,290,81,997.3,,.8,0,,.3
238,금산,2022-12-24 07:00,-12.2,,.7,270,84,997.8,,.8,0,,.3
238,금산,2022-12-24 08:00,-12.9,,.7,270,86,998.4,.1,.8,0,,.2
238,금산,2022-12-24 09:00,-10.2,,.3,0,72,998.9,1,.5,0,,.2
238,금산,2022-12-24 10:00,-8.3,,.8,90,63,999,1,.3,0,,.2
238,금산,2022-12-24 11:00,-7,,.8,110,59,999,1,.3,2,,.2
238,금산,2022-12-24 12:00,-5.7,,1,360,52,998.1,1,.3,0,,.2
238,금산,2022-12-24 13:00,-4.4,,2,340,48,997.7,1,,2,,.2
238,금산,2022-12-24 14:00,-3.3,,1.8,270,44,997.6,1,,2,,.2
238,금산,2022-12-24 15:00,-2.2,,1.8,270,43,997.6,1,,0,,.2
238,금산,2022-12-24 16:00,-2.5,,2,290,44,998.1,1,,0,,.2
238,금산,2022-12-24 17:00,-3.7,,1.5,290,46,998.3,.9,,0,,.2
238,금산,2022-12-24 18:00,-5.3,,.7,290,55,998.6,0,,0,,.2
238,금산,2022-12-24 19:00,-6.8,,.4,0,68,999.1,,,0,,.2
238,금산,2022-12-24 20:00,-7.5,,.7,290,70,999.5,,,0,,.2
238,금산,2022-12-24 21:00,-8.1,,.3,0,73,1000.1,,,0,,.1
238,금산,2022-12-24 22:00,-9.3,,.5,250,79,1000.3,,,0,,.1
238,금산,2022-12-24 23:00,-9.6,,.5,290,81,1000.7,,,0,,0
238,금산,2022-12-25 00:00,-10.2,,.2,0,84,1000.9,,,0,,-.1
238,금산,2022-12-25 01:00,-11,,.8,320,85,1001,,,0,,-.2
238,금산,2022-12-25 02:00,-11.3,,.4,0,87,1001.2,,,0,,-.3
238,금산,2022-12-25 03:00,-11.9,,.8,290,88,1001.5,,,0,,-.5
238,금산,2022-12-25 04:00,-11.8,,0,0,88,1001.3,,,0,,-.7
238,금산,2022-12-25 05:00,-11.7,,.1,0,88,1001.4,,,8,,-.9
238,금산,2022-12-25 06:00,-12.2,,.4,0,88,1001.5,,,0,,-1.1
238,금산,2022-12-25 07:00,-12.5,,.6,270,88,1001.9,,,1,,-1.4
238,금산,2022-12-25 08:00,-12.5,,.6,270,88,1002.1,.1,,0,,-1.6
238,금산,2022-12-25 09:00,-10.5,,.3,0,84,1002,1,,0,,-1.5
238,금산,2022-12-25 10:00,-8.4,,.5,70,83,1002,.1,,3,,-.9
238,금산,2022-12-25 11:00,-4.8,,.8,140,71,1002.2,.9,,1,,-.5
238,금산,2022-12-25 12:00,-1,,.4,0,59,1001.5,1,,0,,-.2
238,금산,2022-12-25 13:00,1.2,,2.3,320,51,1000.6,1,,0,,-.1
238,금산,2022-12-25 14:00,1.7,,2.7,290,48,1001.2,1,,0,,0
238,금산,2022-12-25 15:00,1.5,,2.1,290,50,1001.3,1,,0,,0
238,금산,2022-12-25 16:00,1.2,,2.3,290,51,1001.6,1,,0,,0
238,금산,2022-12-25 17:00,.2,,1.3,290,58,1001.9,.9,,0,,0
238,금산,2022-12-25 18:00,-2.1,,.3,0,71,1002,0,,0,,-.1
238,금산,2022-12-25 19:00,-3.1,,.4,0,78,1002.1,,,0,,-.5
238,금산,2022-12-25 20:00,-4.7,,.9,270,86,1002.4,,,0,,-.8
238,금산,2022-12-25 21:00,-5.2,,.3,0,87,1003,,,0,,-.9
238,금산,2022-12-25 22:00,-6,,.7,270,90,1003,,,5,,-1
238,금산,2022-12-25 23:00,-7.1,,.6,290,91,1003.5,,,0,,-1.2
238,금산,2022-12-26 00:00,-7.2,,0,0,93,1003.8,,,0,,-1.4
238,금산,2022-12-26 01:00,-7.9,,.5,270,92,1003.7,,,3,,-1.5
238,금산,2022-12-26 02:00,-8.6,,.2,0,92,1003.6,,,0,,-1.7
238,금산,2022-12-26 03:00,-9.2,,.5,250,92,1003.8,,,0,,-1.8
238,금산,2022-12-26 04:00,-9.6,,.8,290,92,1004,,,0,,-2
238,금산,2022-12-26 05:00,-10,,0,0,91,1003.7,,,0,,-2.2
238,금산,2022-12-26 06:00,-10.4,,1,320,91,1003.8,,,2,,-2.3
238,금산,2022-12-26 07:00,-10.1,,.4,0,93,1004.4,,,1,,-2.3
238,금산,2022-12-26 08:00,-9.9,,.6,270,94,1005.6,0,,0,,-2.2
238,금산,2022-12-26 09:00,-8.6,,.6,320,94,1005.4,.5,,1,,-2
238,금산,2022-12-26 10:00,-6.3,,.4,0,94,1005.7,1,,8,,-1.1
238,금산,2022-12-26 11:00,-4.4,,.5,70,84,1005.2,.6,,7,,-.5
238,금산,2022-12-26 12:00,-2,,.1,0,77,1004.2,.5,,5,,-.2
238,금산,2022-12-26 13:00,.9,,1.3,360,54,1003.8,.8,,1,,-.1
238,금산,2022-12-26 14:00,1,,1.1,230,51,1003.3,.5,,5,,0
238,금산,2022-12-26 15:00,2.2,,1.1,340,43,1003.3,.6,,1,,0
238,금산,2022-12-26 16:00,2.5,,.8,20,43,1003.6,.9,,0,,0
238,금산,2022-12-26 17:00,1.3,,.9,20,46,1003.6,.8,,0,,0
238,금산,2022-12-26 18:00,-1.3,,.8,290,66,1004.2,0,,8,,0
238,금산,2022-12-26 19:00,-2.6,,.5,290,74,1004.9,,,0,,-.4
238,금산,2022-12-26 20:00,-3.5,,.7,270,80,1005.3,,,0,,-.9
238,금산,2022-12-26 21:00,-5,,.4,0,85,1005.6,,,0,,-1.2
238,금산,2022-12-26 22:00,-5.9,,0,0,89,1005.7,,,0,,-1.5
238,금산,2022-12-26 23:00,-6.6,,.1,0,90,1005.9,,,0,,-1.7
238,금산,2022-12-27 00:00,-7,,.4,0,91,1006.1,,,0,,-1.9
238,금산,2022-12-27 01:00,-7.5,,0,0,92,1006.2,,,0,,-2.1
238,금산,2022-12-27 02:00,-8.3,,.4,0,92,1006.6,,,0,,-2.3
238,금산,2022-12-27 03:00,-8.7,,0,0,92,1006.9,,,0,,-2.5
238,금산,2022-12-27 04:00,-9.3,,.3,0,91,1007,,,0,,-2.7
238,금산,2022-12-27 05:00,-10.1,,.2,0,91,1007.2,,,0,,-2.9
238,금산,2022-12-27 06:00,-10.1,,.5,290,91,1007.5,,,0,,-3.1
238,금산,2022-12-27 07:00,-10.5,,.2,0,90,1008.4,,,0,,-3.1
238,금산,2022-12-27 08:00,-10.2,,.5,290,93,1009.6,0,,0,,-3
238,금산,2022-12-27 09:00,-9.2,,.4,0,93,1009.1,0,,0,,-2.2
238,금산,2022-12-27 10:00,-5.9,,.4,0,89,1009.1,.8,,2,,-1.8
238,금산,2022-12-27 11:00,-3.1,,.3,0,78,1009.1,1,,0,,-1
238,금산,2022-12-27 12:00,-.2,,.5,230,65,1008.2,1,,2,,-.4
238,금산,2022-12-27 13:00,2.9,,1,290,45,1006.9,1,,0,,-.2
238,금산,2022-12-27 14:00,3.3,,1.8,340,37,1006.2,1,,0,,-.1
238,금산,2022-12-27 15:00,3.7,,1.7,340,38,1006.2,1,,0,,0
238,금산,2022-12-27 16:00,3.3,,1.4,340,42,1006.4,1,,0,,0
238,금산,2022-12-27 17:00,2.2,,.7,340,49,1006.2,.9,,0,,-.1
238,금산,2022-12-27 18:00,-1.1,,1,270,67,1006.9,0,,0,,-.5
238,금산,2022-12-27 19:00,-2.5,,.3,0,74,1007.4,,,0,,-.8
238,금산,2022-12-27 20:00,-3.7,,.1,0,81,1007.8,,,0,,-1.1
238,금산,2022-12-27 21:00,-4.2,,.2,0,83,1007.7,,,6,,-1.2
238,금산,2022-12-27 22:00,-4.8,,.4,0,85,1007.9,,,5,,-1.3
238,금산,2022-12-27 23:00,-4.8,,0,0,86,1008.6,,,8,,-1.3
238,금산,2022-12-28 00:00,-4.7,,0,0,85,1007.8,,,8,,-1.2
238,금산,2022-12-28 01:00,-4.7,,.1,0,87,1007,,,8,,-1.2
238,금산,2022-12-28 02:00,-4.6,,.2,0,86,1007.4,,,,,-1.2
238,금산,2022-12-28 03:00,-4.8,,.4,0,87,1007.7,,,2,,-1.4
238,금산,2022-12-28 04:00,-5.8,,.4,0,91,1007.5,,,1,,-1.7
238,금산,2022-12-28 05:00,-6.6,,.2,0,91,1007.6,,,0,,-2.1
238,금산,2022-12-28 06:00,-7.4,,.3,0,93,1007.2,,,0,,-2.2
238,금산,2022-12-28 07:00,-7,,.4,0,93,1007.4,,,8,,-2.2
238,금산,2022-12-28 08:00,-6,,.4,0,92,1008,0,,9,,-1.5
238,금산,2022-12-28 09:00,-4.6,0,.4,0,91,1008.1,0,,9,,-1
238,금산,2022-12-28 10:00,-3.3,,.7,70,88,1008.6,0,,9,,-.5
238,금산,2022-12-28 11:00,-.2,,.3,0,86,1008.7,.1,,9,,-.2
238,금산,2022-12-28 12:00,-.2,,1.7,340,77,1008.1,.2,,9,,0
238,금산,2022-12-28 13:00,.1,,2,360,73,1007.6,0,,9,,0
238,금산,2022-12-28 14:00,.6,,1.4,360,65,1007.1,0,,7,,0
238,금산,2022-12-28 15:00,.8,,3,320,52,1007.2,.2,,6,,.1
238,금산,2022-12-28 16:00,1.1,,1,340,53,1007.5,.3,,5,,.1
238,금산,2022-12-28 17:00,.4,,1.4,290,54,1008,.6,,0,,.1
238,금산,2022-12-28 18:00,-1.8,,.4,0,65,1008.6,0,,6,,0
238,금산,2022-12-28 19:00,-1.2,,1.2,290,60,1009,,,0,,-.6
238,금산,2022-12-28 20:00,-2.6,,.8,290,68,1009.7,,,0,,-1.1
238,금산,2022-12-28 21:00,-3.7,,1,360,72,1010.5,,,0,,-1.6
238,금산,2022-12-28 22:00,-4.8,,.6,320,77,1010.7,,,0,,-2
238,금산,2022-12-28 23:00,-3.9,,1.3,290,70,1011,,,0,,-2.2
238,금산,2022-12-29 00:00,-6.4,,.3,0,82,1011.2,,,0,,-2.3
238,금산,2022-12-29 01:00,-7.2,,.1,0,85,1011.5,,,0,,-2.6
238,금산,2022-12-29 02:00,-8.1,,.6,320,90,1011.5,,,0,,-2.8
238,금산,2022-12-29 03:00,-8.1,,.3,0,90,1011.8,,,0,,-3
238,금산,2022-12-29 04:00,-9.1,,0,0,91,1011.5,,,0,,-3.1
238,금산,2022-12-29 05:00,-9.9,,.9,290,91,1011.1,,,0,,-3.3
238,금산,2022-12-29 06:00,-9.8,,.3,0,91,1011.1,,,0,,-3.5
238,금산,2022-12-29 07:00,-10.3,,.5,270,91,1011.3,,,0,,-3.6
238,금산,2022-12-29 08:00,-10.5,,.5,250,90,1011.3,0,,0,,-3.7
238,금산,2022-12-29 09:00,-8.5,,.1,0,89,1012.4,.6,,6,,-2.5
238,금산,2022-12-29 10:00,-6.7,,.3,0,86,1011.9,0,,9,,-1.1
238,금산,2022-12-29 11:00,-4.4,,.3,0,80,1011.6,.3,,7,,-.5
238,금산,2022-12-29 12:00,-1.6,,.5,110,58,1010.9,.5,,8,,-.2
238,금산,2022-12-29 13:00,.1,,1.2,320,51,1010.2,.1,,9,,0
238,금산,2022-12-29 14:00,.8,,1.9,320,52,1009.7,.4,,9,,0
238,금산,2022-12-29 15:00,.7,,.9,360,50,1009.8,.4,,8,,0
238,금산,2022-12-29 16:00,.4,,.9,320,54,1010,.3,,7,,0
238,금산,2022-12-29 17:00,-.3,,.1,0,59,1010.2,.1,,7,,.1
238,금산,2022-12-29 18:00,-2.4,,.8,270,71,1010.4,0,,0,,0
238,금산,2022-12-29 19:00,-3.6,,.6,270,76,1010.8,,,0,,-.5
238,금산,2022-12-29 20:00,-4.4,,0,0,81,1011.2,,,7,,-1.1
238,금산,2022-12-29 21:00,-5.5,,.4,0,85,1011.3,,,1,,-1.5
238,금산,2022-12-29 22:00,-5.7,,.6,290,87,1011.7,,,5,,-1.6
238,금산,2022-12-29 23:00,-5.8,,.2,0,87,1011.7,,,8,,-1.7
238,금산,2022-12-30 00:00,-6,,.7,320,87,1011.7,,,8,,-1.9
238,금산,2022-12-30 01:00,-6.8,,.2,0,90,1011.1,,,8,,-2.3
238,금산,2022-12-30 02:00,-6.1,,.7,290,90,1011.1,,,9,,-1.6
238,금산,2022-12-30 03:00,-5.4,0,.2,0,88,1011.2,,,9,,-1.3
238,금산,2022-12-30 04:00,-5.7,,1,20,91,1010.7,,,3,,-1.6
238,금산,2022-12-30 05:00,-5.9,,.2,0,92,1010.4,,,7,,-1.5
238,금산,2022-12-30 06:00,-6.3,0,.1,0,93,1010.4,,,1,,-1.8
238,금산,2022-12-30 07:00,-6.5,,.4,0,93,1010.8,,,2,,-1.8
238,금산,2022-12-30 08:00,-5.7,,.2,0,93,1011,0,,0,,-1.5
238,금산,2022-12-30 09:00,-4.7,,.2,0,89,1011.1,.2,,8,,-1.3
238,금산,2022-12-30 10:00,-2.4,,.4,0,83,1011.2,.9,,6,,-1
238,금산,2022-12-30 11:00,0,,.7,140,73,1010.8,1,,7,,-.4
238,금산,2022-12-30 12:00,1.3,,1.1,320,70,1010.1,0,,9,,-.1
238,금산,2022-12-30 13:00,1.9,,.6,340,67,1009.4,0,,9,,0
238,금산,2022-12-30 14:00,2,,1.6,320,63,1008.5,0,,9,,0
238,금산,2022-12-30 15:00,2.1,,2.4,290,57,1008.5,0,,9,,.1
238,금산,2022-12-30 16:00,1.5,,1.7,320,61,1008.9,0,,8,,.1
238,금산,2022-12-30 17:00,1.5,,1.2,320,58,1009.1,0,,8,,.1
238,금산,2022-12-30 18:00,.9,,1.2,290,59,1009.5,0,,8,,.1
238,금산,2022-12-30 19:00,0,,.3,0,67,1009.8,,,0,,.1
238,금산,2022-12-30 20:00,-.4,,.9,270,73,1009.8,,,0,,0
238,금산,2022-12-30 21:00,-.3,,1,290,70,1009.9,,,0,,-.2
238,금산,2022-12-30 22:00,-.1,,1.7,320,66,1010.1,,,2,,-.3
238,금산,2022-12-30 23:00,-.6,,.3,0,67,1010.3,,,0,,-.3
238,금산,2022-12-31 00:00,-1.1,,.3,0,73,1010.2,,,0,,-.4
238,금산,2022-12-31 01:00,-1.5,,.5,320,69,1010.3,,,8,,-.6
238,금산,2022-12-31 02:00,-1.9,,.4,0,68,1010.3,,,8,,-.8
238,금산,2022-12-31 03:00,-3.8,,.4,0,78,1010.2,,,0,,-1.5
238,금산,2022-12-31 04:00,-4.7,,.4,0,80,1010.1,,,0,,-2.1
238,금산,2022-12-31 05:00,-5,,.1,0,82,1010.1,,,0,,-1.5
238,금산,2022-12-31 06:00,-4.5,,0,0,80,1009.9,,,9,,-1.1
238,금산,2022-12-31 07:00,-4.1,,0,0,81,1010.1,,,7,,-1.1
238,금산,2022-12-31 08:00,-4,,.1,0,82,1010.5,0,,8,,-.9
238,금산,2022-12-31 09:00,-3.1,,.6,90,76,1010.7,0,,8,,-.5
238,금산,2022-12-31 10:00,-.8,,1.2,50,69,1010.7,.5,,8,,-.4
238,금산,2022-12-31 11:00,.5,,.9,110,64,1010.8,.4,,7,,-.1
238,금산,2022-12-31 12:00,3.3,0,2.5,290,53,1009.9,.5,,8,,0
238,금산,2022-12-31 13:00,2.6,,2.6,270,55,1009.4,.4,,7,,.1
238,금산,2022-12-31 14:00,3,,2.4,340,59,1008.9,.1,,8,,.1
238,금산,2022-12-31 15:00,3.1,,2.8,290,51,1008.6,.3,,8,,.1
238,금산,2022-12-31 16:00,3,,2.3,320,53,1008.6,.3,,6,,.1
238,금산,2022-12-31 17:00,2.1,,1,290,57,1008.6,.1,,0,,.1
238,금산,2022-12-31 18:00,-.1,,.7,270,69,1008.4,0,,0,,.1
238,금산,2022-12-31 19:00,-1.7,,.7,270,77,1008.6,,,0,,.1
238,금산,2022-12-31 20:00,-3.3,,0,0,85,1008.7,,,0,,-.2
238,금산,2022-12-31 21:00,-4.2,,.2,0,86,1008.7,,,0,,-.8
238,금산,2022-12-31 22:00,-4.4,,.6,340,88,1009,,,3,,-1.1
238,금산,2022-12-31 23:00,-4.4,,.1,0,89,1009.1,,,1,,-1.2
238,금산,2023-01-01 00:00,-5.3,,.4,0,91,1009.4,,,0,,-1.7
238,금산,2023-01-01 01:00,-5.9,,.1,0,92,1008.9,,,0,,-2
238,금산,2023-01-01 02:00,-6.4,,.5,360,92,1008.8,,,0,,-2.2
238,금산,2023-01-01 03:00,-6.8,,.2,0,92,1008.9,,,0,,-2.3
238,금산,2023-01-01 04:00,-7,,.3,0,93,1008.7,,,0,,-2.5
238,금산,2023-01-01 05:00,-7.6,,0,0,93,1008.4,,,0,,-2.7
238,금산,2023-01-01 06:00,-7.7,,.2,0,92,1008.7,,,0,,-2.8
238,금산,2023-01-01 07:00,-7.9,,.3,0,91,1009.1,,,0,,-2.9
238,금산,2023-01-01 08:00,-8.2,,.5,270,92,1009.7,0,,0,,-2.9
238,금산,2023-01-01 09:00,-6.5,,.2,0,91,1010,0,,4,,-2.1
238,금산,2023-01-01 10:00,-4.2,,.3,0,90,1010.4,.4,,7,,-.9
238,금산,2023-01-01 11:00,-1.2,,.5,90,83,1010.2,.4,,6,,-.2
238,금산,2023-01-01 12:00,1.6,,.2,0,67,1009.2,1,,0,,0
238,금산,2023-01-01 13:00,4.4,,1.2,270,52,1008.2,.7,,4,,0
238,금산,2023-01-01 14:00,5.1,,2.3,270,39,1008.2,1,,2,,.1
238,금산,2023-01-01 15:00,5.2,,1.6,290,34,1007.8,1,,0,,.1
238,금산,2023-01-01 16:00,4.9,,2,340,29,1007.3,1,,0,,.1
238,금산,2023-01-01 17:00,3.3,,1.4,340,29,1007.7,.9,,0,,.1
238,금산,2023-01-01 18:00,1.2,,1.4,290,36,1008.4,0,,3,,.1
238,금산,2023-01-01 19:00,-1.6,,.3,0,54,1009.1,,,5,,.1
238,금산,2023-01-01 20:00,-1.4,,.3,0,47,1009.3,,,7,,-.4
238,금산,2023-01-01 21:00,-1.8,,.6,320,46,1009.9,,,1,,-.9
238,금산,2023-01-01 22:00,-3.2,,.6,360,53,1010.6,,,0,,-1.5
238,금산,2023-01-01 23:00,-4.9,,.1,0,67,1010.5,,,5,,-1.9
238,금산,2023-01-02 00:00,-5.5,,.1,0,70,1010.5,,,7,,-2.2
238,금산,2023-01-02 01:00,-6.2,,.1,0,71,1010.5,,,3,,-2.5
238,금산,2023-01-02 02:00,-6.5,,0,0,73,1010.6,,,0,,-2.8
238,금산,2023-01-02 03:00,-7.2,,.3,0,78,1011.1,,,4,,-3.1
238,금산,2023-01-02 04:00,-7.5,,.3,0,81,1011,,,8,,-3.2
238,금산,2023-01-02 05:00,-7.5,,.3,0,79,1010.9,,,8,,-3.4
238,금산,2023-01-02 06:00,-8.6,,0,0,84,1011,,,0,,-3.8
238,금산,2023-01-02 07:00,-9.1,,0,0,86,1011.2,,,0,,-4.1
238,금산,2023-01-02 08:00,-9.6,,.3,0,83,1011.1,0,,1,,-4.3
238,금산,2023-01-02 09:00,-7.3,,.3,0,78,1011.6,.7,,0,,-3.7
238,금산,2023-01-02 10:00,-4.4,,.2,0,61,1011.9,1,,0,,-2.9
238,금산,2023-01-02 11:00,-2,,1.1,340,39,1011.4,1,,0,,-1.5
238,금산,2023-01-02 12:00,-.4,,1.7,320,33,1010.3,1,,0,,-.7
238,금산,2023-01-02 13:00,.4,,2.6,320,29,1009.5,1,,0,,-.4
238,금산,2023-01-02 14:00,1,,2,290,27,1008.2,1,,0,,-.3
238,금산,2023-01-02 15:00,1,,2.9,290,28,1008,1,,0,,-.3
238,금산,2023-01-02 16:00,1,,2.3,320,28,1007.9,1,,0,,-.4
238,금산,2023-01-02 17:00,.1,,2,290,32,1008.1,1,,2,,-.8
238,금산,2023-01-02 18:00,-2.1,,.4,0,41,1008.6,0,,6,,-1.3
238,금산,2023-01-02 19:00,-3.5,,.3,0,51,1009.2,,,6,,-1.6
238,금산,2023-01-02 20:00,-3.8,,1,290,59,1010,,,0,,-2
238,금산,2023-01-02 21:00,-4.9,,.2,0,67,1010.2,,,0,,-2.4
238,금산,2023-01-02 22:00,-6.5,,.2,0,71,1010,,,0,,-2.9
238,금산,2023-01-02 23:00,-6.2,,1,270,69,1009.9,,,0,,-3.2
238,금산,2023-01-03 00:00,-7.6,,.3,0,76,1009.8,,,0,,-3.6
238,금산,2023-01-03 01:00,-8.7,,.1,0,81,1009.5,,,0,,-3.9
238,금산,2023-01-03 02:00,-9.3,,.4,0,83,1009.4,,,0,,-4.1
238,금산,2023-01-03 03:00,-9.8,,.6,290,85,1009.7,,,0,,-4.3
238,금산,2023-01-03 04:00,-10.1,,.7,290,87,1010,,,0,,-4.5
238,금산,2023-01-03 05:00,-10.8,,.1,0,89,1009.7,,,0,,-4.7
238,금산,2023-01-03 06:00,-11.4,,.3,0,89,1009.8,,,0,,-4.9
238,금산,2023-01-03 07:00,-11.7,,.4,0,89,1010.1,,,0,,-5
238,금산,2023-01-03 08:00,-11.9,,.3,0,89,1010.2,.1,,0,,-5.2
238,금산,2023-01-03 09:00,-9.3,,.3,0,84,1010.2,1,,0,,-4.5
238,금산,2023-01-03 10:00,-7,,.1,0,78,1010.5,1,,0,,-3.6
238,금산,2023-01-03 11:00,-3,,.6,70,58,1010.1,1,,0,,-1.9
238,금산,2023-01-03 12:00,.1,,1.3,360,47,1009.1,1,,2,,-.8
238,금산,2023-01-03 13:00,1.5,,2.5,360,42,1007.9,1,,0,,-.3
238,금산,2023-01-03 14:00,2.4,,1.6,290,41,1007.1,1,,0,,-.2
238,금산,2023-01-03 15:00,2.7,,1.6,290,36,1006.6,1,,0,,-.2
238,금산,2023-01-03 16:00,2.1,,2.2,290,37,1006.5,1,,0,,-.2
238,금산,2023-01-03 17:00,.8,,1.3,270,46,1006.9,1,,0,,-.6
238,금산,2023-01-03 18:00,-.5,,1,270,50,1007,0,,0,,-1
238,금산,2023-01-03 19:00,-3,,.3,0,66,1007.2,,,0,,-1.4
238,금산,2023-01-03 20:00,-2.2,,1.6,290,63,1007.6,,,0,,-1.7
238,금산,2023-01-03 21:00,-2.1,,2,290,58,1008.2,,,0,,-1.9
238,금산,2023-01-03 22:00,-3.2,,1.7,290,57,1008.8,,,0,,-2.4
238,금산,2023-01-03 23:00,-6,,.6,270,71,1008.7,,,0,,-2.9
238,금산,2023-01-04 00:00,-6.7,,.1,0,67,1009.3,,,0,,-3.5
238,금산,2023-01-04 01:00,-8,,.3,0,74,1009.2,,,0,,-3.9
238,금산,2023-01-04 02:00,-8.7,,.4,0,80,1009.3,,,0,,-4.1
238,금산,2023-01-04 03:00,-9.3,,.1,0,81,1009,,,0,,-4.3
238,금산,2023-01-04 04:00,-9.8,,.4,0,82,1008.7,,,0,,-4.2
238,금산,2023-01-04 05:00,-8.3,,.3,0,80,1008.4,,,9,,-3.1
238,금산,2023-01-04 06:00,-7.5,,.1,0,77,1008.7,,,4,,-2.6
238,금산,2023-01-04 07:00,-6.8,,.2,0,76,1009.3,,,0,,-2.3
238,금산,2023-01-04 08:00,-6.6,,.4,0,77,1009.5,0,,0,,-2.4
238,금산,2023-01-04 09:00,-6,,.3,0,75,1009.6,.1,,1,,-2
238,금산,2023-01-04 10:00,-3.5,,.3,0,67,1009.7,.6,,1,,-1.5
238,금산,2023-01-04 11:00,-.4,,1.2,360,59,1009.8,.8,,4,,-.5
238,금산,2023-01-04 12:00,3.6,,1,50,52,1008.8,1,,3,,-.2
238,금산,2023-01-04 13:00,4.6,,2.7,340,36,1008.3,1,,0,,-.1
238,금산,2023-01-04 14:00,4.2,,3.4,290,39,1008.1,1,,0,,0
238,금산,2023-01-04 15:00,4.6,,2.3,320,41,1007.9,1,,0,,0
238,금산,2023-01-04 16:00,3.9,,2.5,290,44,1007.8,1,,0,,0
238,금산,2023-01-04 17:00,2.8,,1.5,290,49,1007.9,1,,0,,.1
238,금산,2023-01-04 18:00,-.1,,.4,0,62,1008,0,,0,,0
238,금산,2023-01-04 19:00,-1.5,,.1,0,70,1008.9,,,0,,-.7
238,금산,2023-01-04 20:00,-3,,0,0,79,1008.9,,,0,,-1.2
238,금산,2023-01-04 21:00,-4.2,,.3,0,82,1009.4,,,0,,-1.6
238,금산,2023-01-04 22:00,-4.7,,.1,0,84,1009.4,,,0,,-2
238,금산,2023-01-04 23:00,-5.5,,.2,0,87,1009.6,,,0,,-2.4
238,금산,2023-01-05 00:00,-6.4,,0,0,90,1009.9,,,0,,-2.9
238,금산,2023-01-05 01:00,-6.7,,.1,0,90,1010.1,,,0,,-3.2
238,금산,2023-01-05 02:00,-7,,.4,0,90,1009.8,,,0,,-3.4
238,금산,2023-01-05 03:00,-7.5,,.4,0,92,1010,,,0,,-3.6
238,금산,2023-01-05 04:00,-7.6,,.3,0,91,1009.7,,,0,,-3.4
238,금산,2023-01-05 05:00,-7.7,,.4,0,91,1010.5,,,1,,-3.3
238,금산,2023-01-05 06:00,-7.4,,.4,0,91,1010,,,10,,-3.2
238,금산,2023-01-05 07:00,-8,,.1,0,91,1010.4,,,8,,-3.5
238,금산,2023-01-05 08:00,-7.6,,.4,0,91,1010.5,0,,10,,-3.2
238,금산,2023-01-05 09:00,-6.7,,.4,0,90,1010.6,0,,5,,-2.5
238,금산,2023-01-05 10:00,-4.9,,.3,0,87,1010.9,.1,,0,,-1.2
238,금산,2023-01-05 11:00,-2.4,,.5,180,78,1010.4,.8,,2,,-.4
238,금산,2023-01-05 12:00,.8,,.3,0,65,1009,1,,0,,-.1
238,금산,2023-01-05 13:00,3.8,,.2,0,54,1008,1,,0,,0
238,금산,2023-01-05 14:00,5.5,,.7,270,55,1007.4,.9,,6,,0
238,금산,2023-01-05 15:00,5.8,,1.4,320,54,1007.4,.6,,4,,.1
238,금산,2023-01-05 16:00,4.9,,1.5,290,58,1007.9,.2,,6,,.1
238,금산,2023-01-05 17:00,3.3,,1.3,360,62,1008.1,0,,1,,.1
238,금산,2023-01-05 18:00,.4,,.9,270,75,1008.5,0,,4,,.1
238,금산,2023-01-05 19:00,-1.1,,1,270,82,1008.3,,,3,,.1
238,금산,2023-01-05 20:00,-1.8,,.8,270,85,1008.2,,,0,,-.2
238,금산,2023-01-05 21:00,-2.2,,0,0,87,1008.3,,,8,,-.5
238,금산,2023-01-05 22:00,-1.9,,.1,0,86,1008.4,,,9,,-.4
238,금산,2023-01-05 23:00,-2,,0,0,87,1008.4,,,10,,-.6
238,금산,2023-01-06 00:00,-2.5,,0,0,88,1008.3,,,9,,-.8
238,금산,2023-01-06 01:00,-3.6,,.2,0,92,1008,,,4,,-1.5
238,금산,2023-01-06 02:00,-4.8,,.3,0,93,1008,,,6,,-1.9
238,금산,2023-01-06 03:00,-5.2,,.2,0,93,1007.8,,,9,,-2.3
238,금산,2023-01-06 04:00,-5.7,,0,0,94,1007.2,,,4,,-2.6
238,금산,2023-01-06 05:00,-5.9,,0,0,94,1006.2,,,7,,-2.9
238,금산,2023-01-06 06:00,-6.4,,.2,0,94,1006,,,6,,-3.1
238,금산,2023-01-06 07:00,-6.7,,.1,0,94,1005.9,,,5,,-3.1
238,금산,2023-01-06 08:00,-6.4,,.5,340,95,1005.4,0,,6,,-2.9
238,금산,2023-01-06 09:00,-5.6,,.5,290,97,1005.4,0,,0,,-1.9
238,금산,2023-01-06 10:00,-4.3,,.1,0,98,1004.7,0,,0,,-.6
238,금산,2023-01-06 11:00,-2.7,,.4,0,98,1004.4,.4,,3,,-.2
238,금산,2023-01-06 12:00,1,,.2,0,76,1003.3,1,,0,,-.1
238,금산,2023-01-06 13:00,5.2,,.6,50,56,1001.5,1,,0,,0
238,금산,2023-01-06 14:00,6.8,,1.3,70,48,1000.2,1,,0,,.1
238,금산,2023-01-06 15:00,7.1,,1.5,290,46,999.4,1,,0,,.2
238,금산,2023-01-06 16:00,6.8,,1.7,270,40,998.8,1,,0,,.2
238,금산,2023-01-06 17:00,5.1,,1.2,270,57,998.4,.4,,4,,.1
238,금산,2023-01-06 18:00,2.4,,.3,0,70,997.9,0,,0,,.1
238,금산,2023-01-06 19:00,.8,,.6,160,74,997,,,0,,.1
238,금산,2023-01-06 20:00,-.7,,.6,340,80,996.4,,,0,,.1
238,금산,2023-01-06 21:00,-.4,,.1,0,81,996,,,7,,.1
238,금산,2023-01-06 22:00,.2,,.8,360,86,995.7,,,6,,.1
238,금산,2023-01-06 23:00,1.8,,1.5,90,93,994.7,,,3,,.1
238,금산,2023-01-07 00:00,1.2,1.6,.9,320,96,994.5,,,9,,.1
238,금산,2023-01-07 01:00,4,,3.4,270,86,994.2,,,9,,.1
238,금산,2023-01-07 02:00,3.4,,1.9,270,81,994.7,,,3,,.1
238,금산,2023-01-07 03:00,3.1,.8,2.3,270,78,995,,,5,,.1
238,금산,2023-01-07 04:00,2.8,,2.2,270,77,994.6,,,1,,.1
238,금산,2023-01-07 05:00,2.8,,2.5,270,78,994.9,,,9,,.1
238,금산,2023-01-07 06:00,2.7,0,1.5,270,79,995.3,,,4,,.1
238,금산,2023-01-07 07:00,2.8,,1.4,270,78,996.1,,,0,,.1
238,금산,2023-01-07 08:00,2.9,,3.5,290,71,997.1,0,,3,,.1
238,금산,2023-01-07 09:00,2.8,,3.5,290,65,997.8,0,,9,,.1
238,금산,2023-01-07 10:00,3.7,,2.2,320,61,998.6,.4,,6,,.1
238,금산,2023-01-07 11:00,4.5,,2.9,270,55,998.9,.9,,5,,.1
238,금산,2023-01-07 12:00,4.9,,3.6,290,53,998.6,.8,,7,,.1
238,금산,2023-01-07 13:00,4.7,,3.9,290,46,998.3,.6,,6,,.3
238,금산,2023-01-07 14:00,5.9,,3.6,290,42,998.2,.8,,3,,.6
238,금산,2023-01-07 15:00,5.6,,3.5,320,41,998.2,1,,0,,.6
238,금산,2023-01-07 16:00,5.2,,3.1,320,46,998.7,1,,1,,.3
238,금산,2023-01-07 17:00,4.1,,1.7,290,50,999.3,.7,,1,,0
238,금산,2023-01-07 18:00,3,,2.1,290,57,1000.1,0,,0,,.1
238,금산,2023-01-07 19:00,2.1,,1.5,290,62,1001,,,0,,.1
238,금산,2023-01-07 20:00,-.2,,.6,250,72,1001.4,,,0,,.1
238,금산,2023-01-07 21:00,-1.4,,.9,290,80,1001.8,,,0,,.1
238,금산,2023-01-07 22:00,-2.7,,0,0,85,1002.8,,,0,,.1
238,금산,2023-01-07 23:00,-3.1,,0,0,88,1002.5,,,0,,-.2
238,금산,2023-01-08 00:00,-4.2,,.3,0,90,1002.2,,,0,,-.5
238,금산,2023-01-08 01:00,-4.8,,.7,290,91,1002.3,,,0,,-.7
238,금산,2023-01-08 02:00,-4.9,,0,0,93,1003.1,,,0,,-1
238,금산,2023-01-08 03:00,-5.4,,0,0,94,1004,,,0,,-1.3
238,금산,2023-01-08 04:00,-6.2,,.4,0,93,1004.2,,,0,,-1.5
238,금산,2023-01-08 05:00,-6.3,,.4,0,94,1004,,,0,,-1.8
238,금산,2023-01-08 06:00,-6.6,,.2,0,94,1004.1,,,0,,-1.9
238,금산,2023-01-08 07:00,-7.1,,.1,0,93,1004.1,,,2,,-2.1
238,금산,2023-01-08 08:00,-6.8,,.3,0,93,1005.4,0,,7,,-2.1
238,금산,2023-01-08 09:00,-4.5,,.4,0,91,1005.6,.7,,4,,-1.4
238,금산,2023-01-08 10:00,-2.3,,.6,90,83,1005.6,1,,0,,-.9
238,금산,2023-01-08 11:00,.9,,.8,70,75,1005,1,,0,,-.3
238,금산,2023-01-08 12:00,3.9,,.6,50,59,1004,1,,0,,-.1
238,금산,2023-01-08 13:00,5.9,,.2,0,50,1003.1,1,,0,,0
238,금산,2023-01-08 14:00,7.4,,1.1,360,44,1002.6,1,,0,,0
238,금산,2023-01-08 15:00,8.3,,.4,0,36,1002.1,1,,0,,0
238,금산,2023-01-08 16:00,8.9,,1.7,290,25,1002.1,1,,0,,0
238,금산,2023-01-08 17:00,7,,1.1,290,29,1002.2,.7,,0,,.1
238,금산,2023-01-08 18:00,3.5,,.3,0,47,1002.5,0,,0,,.1
238,금산,2023-01-08 19:00,1.1,,.2,0,58,1003,,,0,,.1
238,금산,2023-01-08 20:00,-.3,,.3,0,67,1003.4,,,0,,.1
238,금산,2023-01-08 21:00,-1.1,,.4,0,71,1003.3,,,0,,0
238,금산,2023-01-08 22:00,-1.5,,.4,0,72,1003.4,,,0,,-.4
238,금산,2023-01-08 23:00,-2.6,,.2,0,77,1003.4,,,0,,-.6
238,금산,2023-01-09 00:00,-2.8,,.2,0,79,1003.2,,,0,,-.8
238,금산,2023-01-09 01:00,-3.3,,.4,0,80,1003.2,,,0,,-1
238,금산,2023-01-09 02:00,-3.6,,.1,0,84,1002.5,,,0,,-1.1
238,금산,2023-01-09 03:00,-3.7,,.2,0,84,1003,,,6,,-1.2
238,금산,2023-01-09 04:00,-2.8,,.2,0,83,1002,,,10,,-.6
238,금산,2023-01-09 05:00,-1.9,,.4,0,79,1001.6,,,0,,-.3
238,금산,2023-01-09 06:00,-1,,.2,0,77,1001.3,,,2,,-.2
238,금산,2023-01-09 07:00,-.4,,.3,0,74,1001.3,,,0,,-.1
238,금산,2023-01-09 08:00,0,,.4,0,78,1001.3,0,,0,,-.1
238,금산,2023-01-09 09:00,1,0,.2,0,79,1001.6,0,,10,,0
238,금산,2023-01-09 10:00,2.1,,.6,180,78,1001.9,0,,9,,0
238,금산,2023-01-09 11:00,3.9,,.5,360,71,1001.9,0,,9,,.1
238,금산,2023-01-09 12:00,5.1,,1.4,290,78,1002.1,0,,9,,.1
238,금산,2023-01-09 13:00,5.3,,.6,250,76,1001.6,0,,9,,.1
238,금산,2023-01-09 14:00,6.8,,1.4,320,67,1001.2,0,,9,,.4
238,금산,2023-01-09 15:00,6.9,,.8,270,68,1001.1,.1,,9,,.5
238,금산,2023-01-09 16:00,7.4,,2.3,290,60,1001.6,0,,7,,.4
238,금산,2023-01-09 17:00,6.4,,1.8,290,62,1002,.4,,3,,.2
238,금산,2023-01-09 18:00,4.4,,1.1,320,65,1002.7,0,,0,,.1
238,금산,2023-01-09 19:00,2.9,,.7,290,69,1003.6,,,0,,.1
238,금산,2023-01-09 20:00,1.9,,.9,320,47,1004.6,,,0,,.1
238,금산,2023-01-09 21:00,.2,,.5,290,57,1005.3,,,0,,.1
238,금산,2023-01-09 22:00,-2.6,,.8,270,72,1006.4,,,0,,-.1
238,금산,2023-01-09 23:00,-3,,1.3,270,75,1006.7,,,0,,-.6
238,금산,2023-01-10 00:00,-3.6,,.8,290,78,1006.7,,,0,,-1.1
238,금산,2023-01-10 01:00,-4.6,,.4,0,87,1007,,,0,,-1.5
238,금산,2023-01-10 02:00,-5.6,,.5,290,88,1007.5,,,0,,-1.8
238,금산,2023-01-10 03:00,-6.1,,.3,0,90,1007.9,,,0,,-2.1
238,금산,2023-01-10 04:00,-6.7,,.3,0,91,1007.6,,,0,,-2.3
238,금산,2023-01-10 05:00,-7.3,,0,0,93,1007.3,,,0,,-2.4
238,금산,2023-01-10 06:00,-7.7,,.1,0,93,1007.5,,,0,,-2.6
238,금산,2023-01-10 07:00,-7.8,,.2,0,92,1008.1,,,0,,-2.9
238,금산,2023-01-10 08:00,-8.2,,.1,0,92,1008.3,0,,0,,-2.9
238,금산,2023-01-10 09:00,-5.8,,.9,110,89,1008.6,1,,0,,-2.3
238,금산,2023-01-10 10:00,-3.3,,.5,140,82,1008.7,1,,0,,-1.5
238,금산,2023-01-10 11:00,.2,,.2,0,66,1008.6,1,,0,,-.6
238,금산,2023-01-10 12:00,3.2,,.6,90,51,1007.7,1,,0,,-.1
238,금산,2023-01-10 13:00,6.5,,.7,140,39,1006.4,1,,0,,0
238,금산,2023-01-10 14:00,8.7,,.8,340,36,1005.8,1,,0,,0
238,금산,2023-01-10 15:00,9.9,,1.2,340,32,1005.5,1,,0,,0
238,금산,2023-01-10 16:00,9.6,,1.9,290,26,1005.4,1,,0,,0
238,금산,2023-01-10 17:00,7.1,,1.6,340,36,1005.3,.8,,0,,0
238,금산,2023-01-10 18:00,2.3,,.6,270,58,1005.6,0,,6,,.1
238,금산,2023-01-10 19:00,1.5,,.7,270,62,1006.2,,,5,,.1
238,금산,2023-01-10 20:00,.5,,.1,0,68,1006.3,,,9,,.1
238,금산,2023-01-10 21:00,-.4,,.6,270,73,1006.5,,,6,,-.1
238,금산,2023-01-10 22:00,-2.2,,.3,0,82,1006.6,,,6,,-.6
238,금산,2023-01-10 23:00,-2.4,,0,0,83,1006.4,,,5,,-.9
238,금산,2023-01-11 00:00,-2.8,,0,0,82,1006,,,5,,-1
238,금산,2023-01-11 01:00,-3.6,,.7,270,85,1005.7,,,5,,-1.2
238,금산,2023-01-11 02:00,-4,,.2,0,88,1005.9,,,6,,-1.4
238,금산,2023-01-11 03:00,-4.5,,.2,0,90,1006,,,0,,-1.6
238,금산,2023-01-11 04:00,-5,,.4,0,90,1005.9,,,0,,-1.8
238,금산,2023-01-11 05:00,-5.6,,.6,270,91,1005.5,,,0,,-1.9
238,금산,2023-01-11 06:00,-5.9,,.4,0,92,1005.6,,,0,,-2.1
238,금산,2023-01-11 07:00,-6.3,,.3,0,92,1005.9,,,0,,-2.2
238,금산,2023-01-11 08:00,-5.9,,0,0,93,1006,0,,0,,-2.3
238,금산,2023-01-11 09:00,-4,,.6,140,85,1006.5,.9,,0,,-1.6
238,금산,2023-01-11 10:00,-1,,.6,110,75,1006.5,1,,0,,-.9
238,금산,2023-01-11 11:00,1.9,,.3,0,65,1006.3,1,,0,,-.3
238,금산,2023-01-11 12:00,5.7,,.4,0,56,1005.3,1,,0,,0
238,금산,2023-01-11 13:00,8.9,,.6,360,42,1004.4,1,,0,,0
238,금산,2023-01-11 14:00,10.8,,1.8,340,28,1003.5,1,,0,,0
238,금산,2023-01-11 15:00,11.1,,2.2,340,19,1003.1,1,,0,,.3
238,금산,2023-01-11 16:00,11.1,,1.4,340,22,1003,1,,0,,.3
238,금산,2023-01-11 17:00,9.1,,.9,320,28,1003.1,1,,0,,0
238,금산,2023-01-11 18:00,4.3,,1.2,290,44,1003.4,.1,,0,,.1
238,금산,2023-01-11 19:00,2.2,,.1,0,56,1003.5,,,0,,.1
238,금산,2023-01-11 20:00,.3,,.2,0,68,1003.7,,,0,,.1
238,금산,2023-01-11 21:00,-1.1,,0,0,76,1003.8,,,0,,-.1
238,금산,2023-01-11 22:00,-2.1,,.1,0,80,1003.7,,,0,,-.5
238,금산,2023-01-11 23:00,-2.9,,.1,0,81,1003.3,,,1,,-.8
238,금산,2023-01-12 00:00,-3.2,,0,0,83,1003.4,,,2,,-1.1
238,금산,2023-01-12 01:00,-3.7,,.1,0,84,1003.5,,,2,,-1.3
238,금산,2023-01-12 02:00,-4.5,,0,0,87,1003.8,,,2,,-1.5
238,금산,2023-01-12 03:00,-4.8,,.2,0,88,1003.8,,,5,,-1.6
238,금산,2023-01-12 04:00,-5.1,,0,0,88,1003.5,,,0,,-1.8
238,금산,2023-01-12 05:00,-5.4,,0,0,89,1003.7,,,1,,-2
238,금산,2023-01-12 06:00,-6.2,,.2,0,90,1004.1,,,0,,-2.2
238,금산,2023-01-12 07:00,-6.2,,0,0,92,1004.3,,,2,,-2.2
238,금산,2023-01-12 08:00,-6.3,,0,0,91,1004.4,0,,0,,-2.3
238,금산,2023-01-12 09:00,-3.9,,.3,0,83,1004.3,1,,0,,-1.6
238,금산,2023-01-12 10:00,-.8,,.3,0,73,1004.4,1,,0,,-.9
238,금산,2023-01-12 11:00,2.7,,.2,0,59,1003.4,1,,0,,-.3
238,금산,2023-01-12 12:00,6.9,,.5,180,44,1002.3,1,,1,,0
238,금산,2023-01-12 13:00,10.8,,.5,70,31,1000.9,1,,0,,0
238,금산,2023-01-12 14:00,13.3,,.4,0,25,1000.1,1,,0,,.7
238,금산,2023-01-12 15:00,14.6,,.3,0,21,999.4,1,,0,,.7
238,금산,2023-01-12 16:00,15.4,,.4,0,22,999.3,1,,0,,.7
238,금산,2023-01-12 17:00,10.1,,1.3,270,38,999.3,.7,,0,,.1
238,금산,2023-01-12 18:00,7.2,,.6,270,47,999.1,0,,0,,0
238,금산,2023-01-12 19:00,5.2,,.6,270,55,999.2,,,0,,.1
238,금산,2023-01-12 20:00,4.9,,0,0,58,999,,,1,,.1
238,금산,2023-01-12 21:00,5.4,,0,0,58,998.5,,,0,,.1
238,금산,2023-01-12 22:00,5.4,,.1,0,59,998.4,,,10,,.4
238,금산,2023-01-12 23:00,4.4,,.2,0,81,998,,,9,,.5
238,금산,2023-01-13 00:00,4.5,.2,.3,0,83,997.1,,,9,,.6
238,금산,2023-01-13 01:00,4.6,,.2,0,92,996.6,,,9,,.7
238,금산,2023-01-13 02:00,4.6,,.2,0,88,996.5,,,10,,.8
238,금산,2023-01-13 03:00,5,.1,.2,0,86,995.4,,,10,,.9
238,금산,2023-01-13 04:00,4.3,,.7,290,95,993.9,,,9,,1
238,금산,2023-01-13 05:00,4.6,,.4,0,98,992.7,,,9,,1.2
238,금산,2023-01-13 06:00,5.1,4.3,1.4,320,100,992.6,,,10,,1.7
238,금산,2023-01-13 07:00,7.1,,1.5,160,100,991,,,10,,1.8
238,금산,2023-01-13 08:00,7.2,,1,70,100,990.8,0,,10,,2
238,금산,2023-01-13 09:00,7.3,8.4,.5,230,100,990.3,0,,9,,2.2
238,금산,2023-01-13 10:00,7.7,,0,0,100,990,0,,9,,2.9
238,금산,2023-01-13 11:00,8.5,,.2,0,100,989.9,0,,8,,4
238,금산,2023-01-13 12:00,9.5,9,.1,0,100,989.3,0,,9,,5.1
238,금산,2023-01-13 13:00,10.5,,.3,0,100,988.5,0,,9,,6.1
238,금산,2023-01-13 14:00,11.2,,.2,0,100,988.1,0,,9,,6.6
238,금산,2023-01-13 15:00,11.8,.5,.1,0,100,988.3,0,,8,,7.1
238,금산,2023-01-13 16:00,12.2,,.6,320,98,988.8,0,,6,,7
238,금산,2023-01-13 17:00,13.6,,2.2,290,89,988.6,0,,8,,7.9
238,금산,2023-01-13 18:00,13,,1.6,290,89,989.3,0,,9,,7.7
238,금산,2023-01-13 19:00,11.9,,.6,290,93,990.2,,,9,,7.1
238,금산,2023-01-13 20:00,11.5,,.1,0,94,990.3,,,6,,6.7
238,금산,2023-01-13 21:00,10.1,,.5,230,99,990.4,,,7,,6.1
238,금산,2023-01-13 22:00,10.2,,.3,0,100,990.4,,,7,,6
238,금산,2023-01-13 23:00,9.5,,.6,290,100,990.2,,,6,,5.8
238,금산,2023-01-14 00:00,9.6,,.6,320,100,990,,,8,,5.9
238,금산,2023-01-14 01:00,9.1,,1,320,100,990.6,,,9,,6.4
238,금산,2023-01-14 02:00,8.5,,1.2,340,100,990.8,,,9,,6
238,금산,2023-01-14 03:00,8.2,,1.5,20,99,991,,,9,,5.9
238,금산,2023-01-14 04:00,8,,1.1,340,99,990.6,,,7,,6
238,금산,2023-01-14 05:00,7.6,,1.1,290,99,990.1,,,10,,5.9
238,금산,2023-01-14 06:00,7.4,,.8,270,100,989.8,,,7,,5.7
238,금산,2023-01-14 07:00,7.4,,.9,290,100,990.8,,,9,,5.7
238,금산,2023-01-14 08:00,7.3,,1,360,100,991.1,0,,9,,5.6
238,금산,2023-01-14 09:00,7.3,,.1,0,100,991.7,0,,9,,5.9
238,금산,2023-01-14 10:00,7.6,,.9,340,100,992.4,0,,9,,6.2
238,금산,2023-01-14 11:00,7.9,,.6,90,100,992.1,0,,9,,6.7
238,금산,2023-01-14 12:00,8,,.1,0,100,991.9,0,,9,,7.4
238,금산,2023-01-14 13:00,8.4,,.4,0,99,991.3,0,,9,,8.3
238,금산,2023-01-14 14:00,8.3,,1,320,100,991.2,0,,10,,8.3
238,금산,2023-01-14 15:00,8.6,.1,1,290,97,990.7,0,,10,,8.7
238,금산,2023-01-14 16:00,8.2,,1.1,290,98,990.9,0,,10,,7.9
238,금산,2023-01-14 17:00,7.9,,.9,290,100,992.7,0,,9,,7.3
238,금산,2023-01-14 18:00,7.6,.6,1.2,360,100,993,0,,10,,6.8
238,금산,2023-01-14 19:00,7.5,,.9,50,100,993.4,,,10,,6.5
238,금산,2023-01-14 20:00,7.2,,0,0,96,993.7,,,9,,6.2
238,금산,2023-01-14 21:00,6.6,.5,.7,320,98,994.8,,,10,,5.9
238,금산,2023-01-14 22:00,5.7,,.5,270,99,995.1,,,10,,5.7
238,금산,2023-01-14 23:00,5.5,,.6,250,100,994.6,,,9,,5.6
238,금산,2023-01-15 00:00,5.7,.9,.9,140,100,994.3,,,10,,5.4
238,금산,2023-01-15 01:00,5.3,,.3,0,100,994.8,,,1,,5.2
238,금산,2023-01-15 02:00,5,,.7,270,100,994.7,,,1,,5.1
238,금산,2023-01-15 03:00,4.5,.1,.7,290,97,995.1,,,2,,4.8
238,금산,2023-01-15 04:00,4.1,,1.7,270,94,995.6,,,3,,4.6
238,금산,2023-01-15 05:00,4.1,,1.8,290,89,995.4,,,2,,4.3
238,금산,2023-01-15 06:00,3.4,0,1.6,270,90,994.9,,,9,,4.1
238,금산,2023-01-15 07:00,2.9,,3.3,270,90,996.3,,,0,,3.7
238,금산,2023-01-15 08:00,2.4,,1.5,290,90,996.3,0,,1,,3.5
238,금산,2023-01-15 09:00,1.8,,1.8,270,93,996.9,0,,9,,3.5
238,금산,2023-01-15 10:00,1.1,,2,270,94,997.3,0,,9,,3.3
238,금산,2023-01-15 11:00,.3,,2.7,270,91,997.3,0,,9,,2.9
238,금산,2023-01-15 12:00,.4,,1.4,250,91,997,0,,10,,3
238,금산,2023-01-15 13:00,.5,,1.4,270,85,995.6,0,,10,,3.6
238,금산,2023-01-15 14:00,.4,,2.7,270,82,995.6,0,,10,,4.1
238,금산,2023-01-15 15:00,0,,2.5,250,79,996.1,0,,10,,3.4
238,금산,2023-01-15 16:00,-.1,,2.1,270,77,996.5,0,,10,,3
238,금산,2023-01-15 17:00,-.2,,1.7,290,76,996.5,0,,10,,2.4
238,금산,2023-01-15 18:00,-.5,,2,270,72,997.3,0,,10,,1.6
238,금산,2023-01-15 19:00,-1,,1.6,270,74,998.8,,,3,,1.2
238,금산,2023-01-15 20:00,-1.7,,1.8,290,73,998,,,10,,.6
238,금산,2023-01-15 21:00,-2.5,,1.2,340,74,998.6,,,10,,.6
238,금산,2023-01-15 22:00,-2.9,,1.3,320,74,999.1,,,10,,.5
238,금산,2023-01-15 23:00,-3.3,,1.6,320,72,999.4,,,9,,.5
238,금산,2023-01-16 00:00,-3.5,,1.6,290,70,1000.1,,,9,,.4
238,금산,2023-01-16 01:00,-3.7,,1.4,290,71,1000,,,10,,.3
238,금산,2023-01-16 02:00,-3.7,,1.4,320,72,1000.3,,,10,,.3
238,금산,2023-01-16 03:00,-4.1,,1.4,290,73,1000.3,,,9,,.3
238,금산,2023-01-16 04:00,-3.6,,1.5,290,71,1000.4,,,8,,.2
238,금산,2023-01-16 05:00,-3.6,,1.4,290,69,1001.1,,,10,,.2
238,금산,2023-01-16 06:00,-4.1,,1.7,290,70,1001.3,,,10,,.1
238,금산,2023-01-16 07:00,-4.5,,2.2,290,72,1002.1,,,6,,-.2
238,금산,2023-01-16 08:00,-4.9,,1.1,290,73,1002.7,0,,6,,-.4
238,금산,2023-01-16 09:00,-4.8,,1.6,320,77,1003.5,.2,,5,,-.3
238,금산,2023-01-16 10:00,-3.9,,1.7,320,65,1004.8,.3,,9,,-.1
238,금산,2023-01-16 11:00,-2.9,,1.9,320,60,1004.4,.7,,6,,0
238,금산,2023-01-16 12:00,-1.6,,1.7,340,54,1003.6,1,,0,,.1
238,금산,2023-01-16 13:00,-1,,2.9,340,45,1003.1,1,,0,,.1
238,금산,2023-01-16 14:00,-.6,,2.8,340,46,1003,1,,0,,.3
238,금산,2023-01-16 15:00,-.3,,2.7,340,46,1003.1,1,,0,,.7
238,금산,2023-01-16 16:00,-.7,,2,320,48,1003.2,1,,0,,.7
238,금산,2023-01-16 17:00,-1.1,,1.6,290,50,1003.6,1,,0,,.5
238,금산,2023-01-16 18:00,-2.1,,.7,270,57,1003.7,.2,,0,,.1
238,금산,2023-01-16 19:00,-3.7,,.5,270,72,1004.3,,,0,,-.4
238,금산,2023-01-16 20:00,-4.3,,.4,0,74,1004.3,,,0,,-1
238,금산,2023-01-16 21:00,-4.7,,.3,0,77,1004.3,,,0,,-1.3
238,금산,2023-01-16 22:00,-5.9,,.2,0,84,1004.8,,,0,,-1.5
238,금산,2023-01-16 23:00,-6.2,,.9,270,83,1004.9,,,0,,-1.6
238,금산,2023-01-17 00:00,-6.1,,.1,0,82,1004.5,,,6,,-1.5
238,금산,2023-01-17 01:00,-6.4,,.3,0,87,1004.6,,,6,,-1.5
238,금산,2023-01-17 02:00,-6.4,,.5,290,86,1005.6,,,10,,-1.5
238,금산,2023-01-17 03:00,-6.5,,.8,290,85,1006.3,,,7,,-1.7
238,금산,2023-01-17 04:00,-6.9,,0,0,89,1006.7,,,7,,-1.8
238,금산,2023-01-17 05:00,-7,,.3,0,89,1006.3,,,9,,-1.7
238,금산,2023-01-17 06:00,-6.8,,.2,0,90,1005.2,,,9,,-1.7
238,금산,2023-01-17 07:00,-7.1,,.6,250,91,1005.6,,,9,,-1.6
238,금산,2023-01-17 08:00,-6.6,,0,0,87,1006.5,0,,10,,-1.4
238,금산,2023-01-17 09:00,-5.4,,1.1,110,80,1006.3,.3,,9,,-.6
238,금산,2023-01-17 10:00,-4.2,,.8,160,73,1006.5,.7,,8,,0
238,금산,2023-01-17 11:00,-3.1,,.7,320,53,1006,.7,,0,,.1
238,금산,2023-01-17 12:00,-1.7,,.7,20,45,1004.8,1,,3,,.1
238,금산,2023-01-17 13:00,0,,1.1,360,43,1004,.9,,4,,.5
238,금산,2023-01-17 14:00,1.6,,1.5,340,40,1003.3,1,,5,,.5
238,금산,2023-01-17 15:00,1.9,,2.4,340,39,1003.7,1,,0,,.2
238,금산,2023-01-17 16:00,1.8,,1.7,360,41,1003.1,1,,0,,.1
238,금산,2023-01-17 17:00,.8,,1.5,290,48,1003.3,1,,2,,.1
238,금산,2023-01-17 18:00,-.4,,1.3,270,55,1004.1,.1,,3,,.1
238,금산,2023-01-17 19:00,-.8,,1.1,270,58,1004.4,,,7,,0
238,금산,2023-01-17 20:00,-1.7,,.3,0,66,1004.3,,,9,,0
238,금산,2023-01-17 21:00,-2.7,,.4,0,75,1004.2,,,3,,-.6
238,금산,2023-01-17 22:00,-3.7,,.4,0,80,1004.5,,,0,,-.8
238,금산,2023-01-17 23:00,-4.3,,.9,320,81,1004.7,,,0,,-1
238,금산,2023-01-18 00:00,-4.9,,.5,270,86,1004.9,,,5,,-1.1
238,금산,2023-01-18 01:00,-5.1,,.6,290,86,1005,,,4,,-1.1
238,금산,2023-01-18 02:00,-4.7,,.5,290,86,1005.1,,,9,,-.9
238,금산,2023-01-18 03:00,-5.3,,1,270,88,1005.5,,,2,,-1.1
238,금산,2023-01-18 04:00,-5.1,,0,0,89,1005.1,,,9,,-.8
238,금산,2023-01-18 05:00,-4.4,,.1,0,87,1004.8,,,9,,-.5
238,금산,2023-01-18 06:00,-4.2,0,.5,250,91,1004.6,,,9,,-.4
238,금산,2023-01-18 07:00,-4.2,,.3,0,91,1004.7,,,9,,-.6
238,금산,2023-01-18 08:00,-4.3,,.7,320,92,1005.4,0,,0,,-.6
238,금산,2023-01-18 09:00,-3.6,0,.1,0,89,1005.8,.3,,2,,-.5
238,금산,2023-01-18 10:00,-1.8,,.4,0,82,1005.9,1,,3,,0
238,금산,2023-01-18 11:00,.6,,.3,0,77,1005.4,1,,4,,0
238,금산,2023-01-18 12:00,1.7,,1,360,58,1004.3,.7,,6,,.1
238,금산,2023-01-18 13:00,2.8,,1.3,320,55,1003.7,.1,,8,,.3
238,금산,2023-01-18 14:00,2.4,,1.9,290,52,1003,.1,,9,,.6
238,금산,2023-01-18 15:00,1.9,,1.9,320,58,1003.2,.2,,9,,.5
238,금산,2023-01-18 16:00,2.5,,.7,290,53,1003.3,.2,,9,,.5
238,금산,2023-01-18 17:00,.6,,2,340,70,1003.7,0,,5,,.1
238,금산,2023-01-18 18:00,.1,,.7,270,71,1003.9,0,,3,,.1
238,금산,2023-01-18 19:00,-1.8,,.7,270,82,1004.2,,,0,,.1
238,금산,2023-01-18 20:00,-2.6,,.8,290,84,1004.5,,,0,,-.1
238,금산,2023-01-18 21:00,-3.5,,.6,270,89,1004.9,,,0,,-.9
238,금산,2023-01-18 22:00,-4.2,,0,0,91,1004.5,,,0,,-1.5
238,금산,2023-01-18 23:00,-5.2,,.6,290,92,1004.2,,,0,,-1.6
238,금산,2023-01-19 00:00,-5.5,,.3,0,94,1004.7,,,0,,-1.8
238,금산,2023-01-19 01:00,-5.7,,0,0,94,1004.3,,,0,,-2
238,금산,2023-01-19 02:00,-6.4,,.8,320,94,1005.1,,,0,,-2.1
238,금산,2023-01-19 03:00,-6.8,,.3,0,94,1005.1,,,0,,-2.2
238,금산,2023-01-19 04:00,-6.9,,.2,0,93,1004.3,,,0,,-2.3
238,금산,2023-01-19 05:00,-7.6,,.5,320,93,1004.2,,,10,,-2.4
238,금산,2023-01-19 06:00,-6.6,,.4,0,93,1004.7,,,10,,-1.6
238,금산,2023-01-19 07:00,-7.2,,.2,0,93,1004.2,,,4,,-2.5
238,금산,2023-01-19 08:00,-7.3,,.6,270,93,1004.4,0,,6,,-2.2
238,금산,2023-01-19 09:00,-5.3,,.2,0,91,1004.7,.8,,0,,-1.4
238,금산,2023-01-19 10:00,-3.6,,.5,180,87,1004.6,1,,0,,-.8
238,금산,2023-01-19 11:00,-.1,,.9,50,72,1004.3,1,,0,,0
238,금산,2023-01-19 12:00,2.6,,.7,230,58,1003.2,1,,3,,.4
238,금산,2023-01-19 13:00,3.7,,3.1,270,47,1002.1,.8,,8,,1.1
238,금산,2023-01-19 14:00,4.1,,3.5,230,48,1001.5,1,,9,,2.6
238,금산,2023-01-19 15:00,4.2,,3.1,250,47,1001,1,,6,,1.9
238,금산,2023-01-19 16:00,4.3,,2.7,230,46,1001,1,,0,,.7
238,금산,2023-01-19 17:00,3.6,,1.8,250,50,1000.9,.7,,3,,-.1
238,금산,2023-01-19 18:00,2.9,,1.2,200,52,1000.9,0,,1,,.1
238,금산,2023-01-19 19:00,1.1,,.7,290,63,1001.1,,,6,,.1
238,금산,2023-01-19 20:00,.6,,.3,0,67,1001.4,,,8,,.1
238,금산,2023-01-19 21:00,0,,.4,0,70,1001.3,,,5,,.1
238,금산,2023-01-19 22:00,-.4,,1,50,74,1001.2,,,4,,-.1
238,금산,2023-01-19 23:00,-1,,.5,320,78,1001.3,,,4,,-.2
238,금산,2023-01-20 00:00,-.2,,1.2,50,74,1001.4,,,7,,-.2
238,금산,2023-01-20 01:00,3.2,,1.8,180,65,1000.3,,,1,,-.2
238,금산,2023-01-20 02:00,2.9,,2.7,320,83,1000.4,,,9,,.1
238,금산,2023-01-20 03:00,3.5,.4,2.3,270,72,1000.8,,,0,,.1
238,금산,2023-01-20 04:00,2.9,,2.5,320,67,1001.3,,,1,,0
238,금산,2023-01-20 05:00,2.5,,3.2,290,65,1001.6,,,0,,-.2
238,금산,2023-01-20 06:00,1.9,,1.9,290,59,1001.9,,,0,,-.6
238,금산,2023-01-20 07:00,1.8,,1.9,290,58,1002.3,,,2,,-.7
238,금산,2023-01-20 08:00,1.2,,2.8,290,55,1003,0,,1,,-.7
238,금산,2023-01-20 09:00,1.2,,4.4,290,53,1003.6,.2,,0,,-.4
238,금산,2023-01-20 10:00,.6,,4,290,56,1005.1,.4,,8,,-.2
238,금산,2023-01-20 11:00,-.6,,3.5,320,62,1006.2,.4,,9,,.1
238,금산,2023-01-20 12:00,.5,,3.7,290,41,1006,.4,,8,,.1
238,금산,2023-01-20 13:00,0,,4,290,32,1005.7,.9,,3,,.5
238,금산,2023-01-20 14:00,.4,,3,320,30,1005.6,1,,0,,.5
238,금산,2023-01-20 15:00,-.3,,3.1,320,29,1006.3,1,,0,,.2
238,금산,2023-01-20 16:00,-.6,,3.3,290,29,1006.9,1,,0,,.1
238,금산,2023-01-20 17:00,-1.5,,2.7,290,35,1007.1,1,,0,,0
238,금산,2023-01-20 18:00,-2.8,,1,320,42,1007.4,.2,,0,,-.7
238,금산,2023-01-20 19:00,-3.4,,1.1,290,46,1007.7,,,5,,-1.1
238,금산,2023-01-20 20:00,-4.8,,.6,290,59,1008.4,,,7,,-1.4
238,금산,2023-01-20 21:00,-5.8,,.3,0,69,1008.9,,,5,,-1.7
238,금산,2023-01-20 22:00,-6.2,,.5,270,63,1009.2,,,0,,-2.1
238,금산,2023-01-20 23:00,-7.2,,.3,0,72,1009.4,,,7,,-2.4
238,금산,2023-01-21 00:00,-8,,.3,0,76,1009.4,,,5,,-2.5
238,금산,2023-01-21 01:00,-8.8,,.3,0,78,1009.3,,,0,,-2.9
238,금산,2023-01-21 02:00,-9.4,,.3,0,80,1009.7,,,0,,-3.2
238,금산,2023-01-21 03:00,-9.8,,.7,270,84,1009.9,,,0,,-3.5
238,금산,2023-01-21 04:00,-10.2,,.2,0,86,1009.8,,,0,,-3.7
238,금산,2023-01-21 05:00,-10.8,,.9,320,87,1009.7,,,0,,-4
238,금산,2023-01-21 06:00,-11,,.1,0,88,1009.2,,,0,,-4.2
238,금산,2023-01-21 07:00,-11.6,,.5,290,89,1009.4,,,0,,-4.4
238,금산,2023-01-21 08:00,-11.4,,.4,0,89,1009.4,.2,,0,,-4.5
238,금산,2023-01-21 09:00,-9.3,,.4,0,81,1009.7,1,,0,,-3.8
238,금산,2023-01-21 10:00,-6.8,,.4,0,72,1010.2,1,,0,,-2.7
238,금산,2023-01-21 11:00,-3.4,,.6,70,57,1010.2,1,,0,,-.5
238,금산,2023-01-21 12:00,-1.1,,2.4,360,36,1009.3,1,,0,,.1
238,금산,2023-01-21 13:00,.3,,1.9,340,30,1008.4,1,,0,,.9
238,금산,2023-01-21 14:00,1.5,,1.4,50,26,1008,1,,0,,1.4
238,금산,2023-01-21 15:00,2,,1.6,340,27,1007.7,1,,0,,.6
238,금산,2023-01-21 16:00,2,,1.3,20,28,1006.8,1,,0,,.1
238,금산,2023-01-21 17:00,.9,,1.3,20,32,1006.6,1,,0,,0
238,금산,2023-01-21 18:00,-1.4,,.8,270,47,1007.6,.2,,0,,0
238,금산,2023-01-21 19:00,-3.1,,.8,270,58,1007.3,,,0,,-1.3
238,금산,2023-01-21 20:00,-4.2,,.6,290,62,1007.5,,,0,,-2.1
238,금산,2023-01-21 21:00,-4.8,,.6,290,65,1007.7,,,3,,-2.5
238,금산,2023-01-21 22:00,-4.6,,.3,0,68,1007.6,,,10,,-1.8
238,금산,2023-01-21 23:00,-4.7,,0,0,71,1006.8,,,10,,-1.9
238,금산,2023-01-22 00:00,-5,,.4,0,75,1006.7,,,8,,-2
238,금산,2023-01-22 01:00,-5,,.1,0,76,1005.8,,,9,,-2.1
238,금산,2023-01-22 02:00,-5.7,,.6,320,78,1005.8,,,7,,-2.7
238,금산,2023-01-22 03:00,-6.2,,.3,0,82,1007,,,7,,-2.8
238,금산,2023-01-22 04:00,-5.7,,.3,0,80,1007.1,,,9,,-2.2
238,금산,2023-01-22 05:00,-5.5,,.5,340,79,1007.1,,,10,,-2
238,금산,2023-01-22 06:00,-5,,.2,0,79,1007.1,,,10,,-1.8
238,금산,2023-01-22 07:00,-4.8,,.8,140,70,1005.9,,,10,,-1.6
238,금산,2023-01-22 08:00,-4.6,,.2,0,72,1006.2,0,,10,,-1.5
238,금산,2023-01-22 09:00,-4,,.6,140,68,1006.8,0,,5,,-.9
238,금산,2023-01-22 10:00,-2.6,,.3,0,62,1007.2,0,,4,,-.2
238,금산,2023-01-22 11:00,-1.7,,.8,140,56,1006.8,0,,8,,0
238,금산,2023-01-22 12:00,-.3,,.6,70,53,1005.7,0,,9,,.2
238,금산,2023-01-22 13:00,-.8,,.4,0,75,1004.6,0,,10,,.2
238,금산,2023-01-22 14:00,-.2,,.3,0,81,1003.7,0,,10,,.8
238,금산,2023-01-22 15:00,.8,.1,.5,70,78,1003.1,0,,10,,.8
238,금산,2023-01-22 16:00,1.4,,.6,110,76,1002.9,0,,10,,.6
238,금산,2023-01-22 17:00,1.7,,.3,0,76,1002.5,0,,10,,.3
238,금산,2023-01-22 18:00,.5,,.5,290,81,1002.1,0,,10,,.1
238,금산,2023-01-22 19:00,-.3,,.2,0,87,1002.5,,,8,,.1
238,금산,2023-01-22 20:00,-1.7,,.5,270,93,1002.5,,,8,,.1
238,금산,2023-01-22 21:00,-2.2,,0,0,95,1002.1,,,7,,-.2
238,금산,2023-01-22 22:00,-2.7,,0,0,96,1003,,,7,,-.9
238,금산,2023-01-22 23:00,-2.9,,0,0,97,1002.7,,,7,,-1.1
238,금산,2023-01-23 00:00,-3.2,,.5,290,96,1002.6,,,5,,-1.3
238,금산,2023-01-23 01:00,-3,,.1,0,96,1002.4,,,10,,-1.3
238,금산,2023-01-23 02:00,-3.2,,.7,290,96,1003.3,,,9,,-1.5
238,금산,2023-01-23 03:00,-2.9,,0,0,96,1003.7,,,10,,-1.3
238,금산,2023-01-23 04:00,-3,,.2,0,95,1002.9,,,8,,-2
238,금산,2023-01-23 05:00,-4.4,,0,0,97,1001.8,,,1,,-2.9
238,금산,2023-01-23 06:00,-5,,.5,140,97,999.5,,,0,,-3.1
238,금산,2023-01-23 07:00,-4.4,,1.2,270,98,1001.5,,,0,,-2.4
238,금산,2023-01-23 08:00,-4.6,,.2,0,97,1002.4,0,,0,,-3
238,금산,2023-01-23 09:00,-3.5,,.4,0,96,1002.8,.5,,7,,-.9
238,금산,2023-01-23 10:00,-.9,,.5,70,91,1003.3,.7,,0,,-.4
238,금산,2023-01-23 11:00,1.2,,.6,160,78,1002.7,1,,0,,0
238,금산,2023-01-23 12:00,4.8,,.8,320,62,1001.6,1,,0,,1.4
238,금산,2023-01-23 13:00,6.5,,1.6,270,48,1000.2,1,,0,,3.2
238,금산,2023-01-23 14:00,7.2,,1.6,360,40,998.4,1,,4,,3.3
238,금산,2023-01-23 15:00,7.1,,1.7,360,41,998,1,,5,,2.7
238,금산,2023-01-23 16:00,6.4,,1.8,290,45,997.9,.2,,9,,2.1
238,금산,2023-01-23 17:00,5.4,,2.3,290,50,998.5,0,,9,,.9
238,금산,2023-01-23 18:00,3.5,,1.4,320,63,999.2,0,,10,,0
238,금산,2023-01-23 19:00,2,,2.4,290,70,1000,,,10,,0
238,금산,2023-01-23 20:00,.9,,3.7,290,68,1001,,,10,,.1
238,금산,2023-01-23 21:00,.1,,2.1,320,65,1001.3,,,10,,.1
238,금산,2023-01-23 22:00,-.2,,2.6,290,68,1001.3,,,10,,.1
238,금산,2023-01-23 23:00,-1.3,,2.1,320,59,1001.9,,,10,,.1
238,금산,2023-01-24 00:00,-2.1,,3.7,290,63,1002.9,,,10,,0
238,금산,2023-01-24 01:00,-3.3,,4.2,290,55,1003.4,,,8,,-.6
238,금산,2023-01-24 02:00,-4.6,,3.6,290,40,1002.8,,,10,,-1.1
238,금산,2023-01-24 03:00,-5.6,,3.6,290,46,1002.4,,,5,,-2.3
238,금산,2023-01-24 04:00,-7,,4.5,290,57,1002.5,,,9,,-3
238,금산,2023-01-24 05:00,-8.4,,3.5,290,56,1002.8,,,9,,-3.3
238,금산,2023-01-24 06:00,-9.7,,5.2,290,62,1003.4,,,9,,-3.9
238,금산,2023-01-24 07:00,-11.1,,3.1,320,69,1004.6,,.3,9,,-2.7
238,금산,2023-01-24 08:00,-11.7,,4.3,290,57,1004.7,.2,.3,4,,-3.4
238,금산,2023-01-24 09:00,-11.9,.1,3.4,320,71,1005.3,.1,.3,8,,-2.7
238,금산,2023-01-24 10:00,-10.9,,3.8,320,43,1006,.6,,2,,-3.1
238,금산,2023-01-24 11:00,-10.7,,5.2,290,42,1006.1,1,,8,,-1.6
238,금산,2023-01-24 12:00,-10.3,,4.7,290,41,1005.3,1,,8,,-.6
238,금산,2023-01-24 13:00,-9.7,,3.8,290,44,1005.4,.8,,7,,-.4
238,금산,2023-01-24 14:00,-9.4,,4.6,290,39,1004.5,1,,0,,-.7
238,금산,2023-01-24 15:00,-9.9,,5.6,290,39,1005,1,,0,,-1.8
238,금산,2023-01-24 16:00,-10.3,,4.4,320,40,1005.6,.9,,8,,-3.4
238,금산,2023-01-24 17:00,-11.6,,4.5,290,45,1006.5,.7,,6,,-5.5
238,금산,2023-01-24 18:00,-12.1,,4.3,290,54,1007.2,0,,8,,-6.3
238,금산,2023-01-24 19:00,-12.6,,1.7,320,59,1007.7,,,0,,-6.7
238,금산,2023-01-24 20:00,-12.7,,2.7,290,71,1008.2,,,9,,-6.7
238,금산,2023-01-24 21:00,-12.8,,4,290,60,1008.6,,,0,,-7.4
238,금산,2023-01-24 22:00,-13.2,,2.1,290,58,1009.3,,,4,,-7.7
238,금산,2023-01-24 23:00,-13.5,,2.1,290,62,1009.9,,,0,,-7.8
238,금산,2023-01-25 00:00,-13.8,,2.6,290,64,1009.7,,,0,,-8.2
238,금산,2023-01-25 01:00,-14.1,,2.5,290,66,1009.9,,,0,,-8.4
238,금산,2023-01-25 02:00,-14.6,,1.8,290,67,1010.5,,,6,,-8.6
238,금산,2023-01-25 03:00,-15.4,,1.3,290,78,1010.8,,,0,,-8.8
238,금산,2023-01-25 04:00,-16.1,,.6,340,78,1010.6,,,0,,-8.9
238,금산,2023-01-25 05:00,-16.9,,.5,320,80,1010.4,,,0,,-9.1
238,금산,2023-01-25 06:00,-17.4,,.9,250,82,1010.5,,,0,,-9.4
238,금산,2023-01-25 07:00,-17.5,,.4,0,82,1010.9,,,0,,-9.5
238,금산,2023-01-25 08:00,-17.5,,.3,0,82,1010.7,.2,,0,,-9.5
238,금산,2023-01-25 09:00,-15.1,,.5,230,70,1010.8,1,,0,,-8.5
238,금산,2023-01-25 10:00,-13.6,,.5,340,45,1011,1,,0,,-7
238,금산,2023-01-25 11:00,-11.3,,1,360,36,1011,1,,0,,-2.8
238,금산,2023-01-25 12:00,-9.3,,1.5,50,33,1010.6,1,,0,,-.5
238,금산,2023-01-25 13:00,-7.9,,1.3,20,25,1009.3,1,,0,,0
238,금산,2023-01-25 14:00,-6.5,,1.7,320,25,1008.1,1,,0,,.2
238,금산,2023-01-25 15:00,-5.6,,1.2,230,25,1006.6,1,,0,,.3
238,금산,2023-01-25 16:00,-5.2,,1.8,320,19,1006,1,,0,,-.4
238,금산,2023-01-25 17:00,-5.7,,1.4,320,20,1006.1,1,,0,,-2.8
238,금산,2023-01-25 18:00,-7.2,,.9,270,32,1005.9,.3,,0,,-4.1
238,금산,2023-01-25 19:00,-9.4,,.6,270,49,1006,,,0,,-5
238,금산,2023-01-25 20:00,-10.3,,.5,270,52,1005.7,,,0,,-5.7
238,금산,2023-01-25 21:00,-11.1,,.6,270,60,1005.6,,,0,,-6.4
238,금산,2023-01-25 22:00,-11.8,,.4,0,64,1005.3,,,4,,-6.9
238,금산,2023-01-25 23:00,-12.5,,.6,270,67,1004.7,,,0,,-7.3
238,금산,2023-01-26 00:00,-12.9,,.5,270,69,1005.2,,,0,,-7.5
238,금산,2023-01-26 01:00,-13.5,,.3,0,71,1004.8,,,0,,-7.7
238,금산,2023-01-26 02:00,-13.7,,.6,270,74,1004.9,,,0,,-7.8
238,금산,2023-01-26 03:00,-13.7,,.6,340,77,1004.6,,,0,,-7.9
238,금산,2023-01-26 04:00,-12.8,,.3,0,74,1003.9,,,9,,-6.4
238,금산,2023-01-26 05:00,-11.9,,.6,270,75,1003,,,9,,-5.8
238,금산,2023-01-26 06:00,-10.8,0,.3,0,68,1002.9,,,8,,-5
238,금산,2023-01-26 07:00,-9.9,,.7,250,70,1003.4,,,9,,-4.7
238,금산,2023-01-26 08:00,-9.2,,.6,270,74,1003.1,0,,9,,-4.4
238,금산,2023-01-26 09:00,-7.8,0,.5,290,75,1003.2,.1,,9,,-3.1
238,금산,2023-01-26 10:00,-4.7,,.6,320,72,1002.5,.6,,5,,-1.8
238,금산,2023-01-26 11:00,-1,,.6,90,66,1002.1,.6,,9,,-.1
238,금산,2023-01-26 12:00,-.3,0,.4,0,67,1001.9,0,,9,,.1
238,금산,2023-01-26 13:00,.2,,1.4,180,78,1000.7,0,,10,,.3
238,금산,2023-01-26 14:00,.1,,.3,0,84,1000.1,0,,10,,.2
238,금산,2023-01-26 15:00,.3,.3,.8,20,87,1000.1,0,,10,,.3
238,금산,2023-01-26 16:00,.2,,.3,0,87,999.4,0,,10,,.1
238,금산,2023-01-26 17:00,-1.8,,2.4,360,91,1000.2,0,,10,,.1
238,금산,2023-01-26 18:00,-2.6,.5,1.3,270,92,1000.5,0,,10,,.1
238,금산,2023-01-26 19:00,-2.9,,1.3,290,93,1000.5,,,10,,.1
238,금산,2023-01-26 20:00,-2.9,,.8,270,89,1001.4,,,10,,.1
238,금산,2023-01-26 21:00,-2.9,,.6,320,85,1001,,,10,,-.2
238,금산,2023-01-26 22:00,-3.1,,.9,290,87,1000.9,,,10,,-.4
238,금산,2023-01-26 23:00,-3.3,,.3,0,86,1001.3,,,10,,-.8
238,금산,2023-01-27 00:00,-3.6,,.8,320,85,1001.2,,,10,,-1.1
238,금산,2023-01-27 01:00,-4.4,,.5,290,89,1000.8,,,8,,-1.9
238,금산,2023-01-27 02:00,-5.1,,1,290,90,1000.7,,,7,,-2.7
238,금산,2023-01-27 03:00,-7.3,,.7,290,93,1000.3,,,0,,-3.9
238,금산,2023-01-27 04:00,-8.3,,.5,270,90,999.4,,,0,,-4.6
238,금산,2023-01-27 05:00,-8.9,,.8,270,89,999.6,,,0,,-5.2
238,금산,2023-01-27 06:00,-9.4,,.7,290,89,999.8,,,0,,-5.7
238,금산,2023-01-27 07:00,-10.5,,.1,0,89,1001,,,0,,-6.1
238,금산,2023-01-27 08:00,-10.9,,.7,320,90,1001.5,0,,0,,-6.2
238,금산,2023-01-27 09:00,-8,0,.2,0,88,1001.3,.9,.2,0,,-5
238,금산,2023-01-27 10:00,-5,,2.8,290,69,1001.6,.6,.2,0,,-3.3
238,금산,2023-01-27 11:00,-4.2,,3.4,320,54,1001.6,.8,.1,3,,-1.7
238,금산,2023-01-27 12:00,-3.3,,3.4,290,51,1000.8,1,,4,,-.4
238,금산,2023-01-27 13:00,-3.1,,4.6,290,41,1000.1,1,,6,,.1
238,금산,2023-01-27 14:00,-2.6,,4.2,290,36,999.5,1,,1,,.7
238,금산,2023-01-27 15:00,-2.6,,3.3,340,37,999.3,1,,0,,.3
238,금산,2023-01-27 16:00,-3,,3.8,320,36,999.6,1,,2,,-.3
238,금산,2023-01-27 17:00,-4.1,,3.4,290,41,1000.3,.8,,4,,-2.1
238,금산,2023-01-27 18:00,-5.8,,2.8,290,46,1000.3,.1,,2,,-3.5
238,금산,2023-01-27 19:00,-6.3,,2.9,290,48,1001.1,,,0,,-4.3
238,금산,2023-01-27 20:00,-6.7,,2.5,290,53,1001.3,,,7,,-4.8
238,금산,2023-01-27 21:00,-6.7,,1.7,290,56,1001.9,,,0,,-4.5
238,금산,2023-01-27 22:00,-7,,2.8,290,57,1002,,,0,,-5
238,금산,2023-01-27 23:00,-7.5,,2.9,290,59,1002.2,,,0,,-5.5
238,금산,2023-01-28 00:00,-8,,1.3,320,61,1002.5,,,0,,-5.7
238,금산,2023-01-28 01:00,-8.6,,1,320,70,1002.1,,,0,,-5.3
238,금산,2023-01-28 02:00,-9.8,,.8,250,78,1002.1,,,0,,-6.3
238,금산,2023-01-28 03:00,-10.7,,.6,270,80,1002.2,,,0,,-6.3
238,금산,2023-01-28 04:00,-11.3,,.6,290,81,1002.1,,,0,,-7
238,금산,2023-01-28 05:00,-12.3,,.5,270,84,1001.9,,,0,,-7.3
238,금산,2023-01-28 06:00,-13.1,,.3,0,86,1002,,,0,,-7.8
238,금산,2023-01-28 07:00,-13.6,,.6,290,87,1002.7,,,0,,-8.1
238,금산,2023-01-28 08:00,-13.8,,.5,270,87,1002.5,.2,,0,,-8.1
238,금산,2023-01-28 09:00,-11.3,,.2,0,81,1002.5,1,,0,,-7
238,금산,2023-01-28 10:00,-9,,.2,0,73,1002.2,.7,,7,,-4.4
238,금산,2023-01-28 11:00,-6,,.7,110,47,1001.9,.4,,6,,-1.2
238,금산,2023-01-28 12:00,-3.9,,2.1,320,42,1001.3,.6,,8,,-.1
238,금산,2023-01-28 13:00,-3.2,,2,270,56,1000.6,.3,,8,,.3
238,금산,2023-01-28 14:00,-2.4,,2.6,230,56,999.6,.9,,6,,1.6
238,금산,2023-01-28 15:00,-1.1,,3.2,290,47,999.2,1,,1,,1.2
238,금산,2023-01-28 16:00,-2.2,,2.3,250,55,999.7,.8,,1,,0
238,금산,2023-01-28 17:00,-2.5,,1.8,270,61,999.6,.9,,4,,0
238,금산,2023-01-28 18:00,-3.3,,1.1,230,69,999.8,.1,,6,,-.3
238,금산,2023-01-28 19:00,-3.9,,1,290,73,1000.4,,,0,,-1.6
238,금산,2023-01-28 20:00,-4,,.6,290,77,1000.5,,,0,,-2.3
238,금산,2023-01-28 21:00,-5.7,0,.3,0,84,1000.8,,,0,,-3.7
238,금산,2023-01-28 22:00,-6.5,,.4,0,87,1001.1,,,0,,-3.7
238,금산,2023-01-28 23:00,-6.8,,.3,0,87,1000.6,,,0,,-4.7
238,금산,2023-01-29 00:00,-7.7,,.4,0,89,1000.9,,,1,,-5.4
238,금산,2023-01-29 01:00,-8,,.6,320,91,1000.3,,,0,,-5.2
238,금산,2023-01-29 02:00,-8,,.1,0,91,1000.5,,,2,,-4.7
238,금산,2023-01-29 03:00,-7.7,,.1,0,90,1000.8,,,0,,-5.2
238,금산,2023-01-29 04:00,-8.1,,0,0,90,1000.6,,,2,,-5.2
238,금산,2023-01-29 05:00,-7.7,,.2,0,89,1000.5,,,0,,-4.2
238,금산,2023-01-29 06:00,-8.1,,.1,0,91,1000,,,0,,-5
238,금산,2023-01-29 07:00,-9.2,,.9,270,92,1000,,,0,,-6.2
238,금산,2023-01-29 08:00,-8.6,,0,0,91,1000.3,0,,5,,-4.7
238,금산,2023-01-29 09:00,-6.4,0,.3,0,86,1000.5,.5,,6,,-4.2
238,금산,2023-01-29 10:00,-3.5,,.6,160,77,1000.4,1,,0,,-2.5
238,금산,2023-01-29 11:00,.5,,.6,20,61,999.9,1,,3,,-.2
238,금산,2023-01-29 12:00,2.7,,3.4,270,45,998.9,1,,6,,2.1
238,금산,2023-01-29 13:00,2.8,,2.8,270,46,998.1,.9,,8,,2.7
238,금산,2023-01-29 14:00,3.4,,3.9,230,45,997.2,.8,,8,,4.3
238,금산,2023-01-29 15:00,3.9,,3.1,250,46,996.5,1,,6,,2.7
238,금산,2023-01-29 16:00,3.5,,2.8,250,49,996.2,.8,,7,,1
238,금산,2023-01-29 17:00,3.2,,2.1,230,52,996.3,.3,,7,,.7
238,금산,2023-01-29 18:00,2.9,,1.2,230,57,996.1,0,,7,,.1
238,금산,2023-01-29 19:00,3.3,,2.5,230,58,996,,,8,,.1
238,금산,2023-01-29 20:00,1.5,,1.7,290,81,996.6,,.3,8,,.1
238,금산,2023-01-29 21:00,2.5,.2,1.7,290,68,996.9,,.3,0,,.1
238,금산,2023-01-29 22:00,2.2,,2.6,290,64,997.4,,.3,7,,.1
238,금산,2023-01-29 23:00,1.3,,3.4,290,64,998.1,,.3,0,,.1
238,금산,2023-01-30 00:00,.2,0,2.9,290,61,998.8,,.3,0,,-.2
238,금산,2023-01-30 01:00,-1.1,,1.8,290,54,999.3,,.3,0,,-.9
238,금산,2023-01-30 02:00,-1.7,,1,290,53,1000.1,,.2,0,,-1.8
238,금산,2023-01-30 03:00,-2.5,,.8,270,55,1000.5,,,0,,-2.7
238,금산,2023-01-30 04:00,-3.5,,.7,360,62,1000.3,,.2,0,,-3.4
238,금산,2023-01-30 05:00,-5.2,,.4,0,73,1000.6,,.1,0,,-4.1
238,금산,2023-01-30 06:00,-6.1,,0,0,80,1001.1,,.2,0,,-4.7
238,금산,2023-01-30 07:00,-6.9,,.2,0,84,1001.8,,.1,0,,-5.3
238,금산,2023-01-30 08:00,-7.4,,.1,0,85,1002.5,.2,,0,,-5.4
238,금산,2023-01-30 09:00,-4.6,,.3,0,76,1003.5,1,,0,,-4.2
238,금산,2023-01-30 10:00,-.3,,.7,90,59,1004.1,1,,0,,-2.3
238,금산,2023-01-30 11:00,1.3,,1.8,290,40,1004.2,1,,0,,-.2
238,금산,2023-01-30 12:00,2.3,,1.9,320,36,1003.5,1,,0,,.9
238,금산,2023-01-30 13:00,2.3,,2.2,290,32,1002.7,1,,0,,3
238,금산,2023-01-30 14:00,3,,3.1,290,28,1001.7,1,,0,,4.2
238,금산,2023-01-30 15:00,3.7,,3.6,290,26,1001.1,1,,0,,2.9
238,금산,2023-01-30 16:00,4,,2.1,320,25,1001.1,1,,0,,.4
238,금산,2023-01-30 17:00,3.1,,2.6,290,28,1001.2,1,,0,,.1
238,금산,2023-01-30 18:00,1.6,,1.5,270,29,1001.3,.4,,0,,0
238,금산,2023-01-30 19:00,-1.1,,.9,270,44,1001.5,,,0,,-.7
238,금산,2023-01-30 20:00,-3.1,,.8,270,54,1001.7,,,0,,-1.9
238,금산,2023-01-30 21:00,-4.1,,.7,290,59,1002.2,,,0,,-2.7
238,금산,2023-01-30 22:00,-4.9,,.5,180,66,1002.4,,,0,,-3.4
238,금산,2023-01-30 23:00,-5.7,,.1,0,68,1002.1,,,0,,-4
238,금산,2023-01-31 00:00,-6.8,,.5,290,75,1002.3,,,0,,-4.6
238,금산,2023-01-31 01:00,-7.2,,0,0,78,1002.1,,,0,,-5
238,금산,2023-01-31 02:00,-7.6,,.5,290,79,1001.9,,,0,,-5.4
238,금산,2023-01-31 03:00,-8.2,,.6,270,81,1002,,,0,,-5.6
238,금산,2023-01-31 04:00,-8.6,,.6,290,82,1001.2,,,0,,-5.9
238,금산,2023-01-31 05:00,-9,,.5,290,84,1000.1,,,0,,-6.3
238,금산,2023-01-31 06:00,-9.7,,.2,0,86,1000.1,,,0,,-6.5
238,금산,2023-01-31 07:00,-9.7,,.4,0,87,999.9,,,0,,-6.6
238,금산,2023-01-31 08:00,-9.5,,.1,0,87,999.9,.2,,2,,-6.5
238,금산,2023-01-31 09:00,-6.3,,.1,0,78,1000,1,,0,,-5
238,금산,2023-01-31 10:00,-3.4,,.5,140,64,1000.3,1,,1,,-2.4
238,금산,2023-01-31 11:00,1.3,,.6,110,50,1000.1,1,,5,,-.2
238,금산,2023-01-31 12:00,5.4,,.9,180,32,998.5,1,,6,,2.2
238,금산,2023-01-31 13:00,8.1,,2.8,230,27,997,1,,0,,4.9
238,금산,2023-01-31 14:00,9.1,,3.3,270,37,996.1,1,,0,,6.2
238,금산,2023-01-31 15:00,9.4,,3.8,270,38,995.4,1,,0,,5
238,금산,2023-01-31 16:00,8.8,,2.7,250,43,995,1,,0,,3
238,금산,2023-01-31 17:00,8.1,,2.2,270,44,995.2,1,,0,,1.4
238,금산,2023-01-31 18:00,6.6,,.8,270,49,995.4,.3,,0,,.1
238,금산,2023-01-31 19:00,3.3,,.8,180,61,995.6,,,0,,0
238,금산,2023-01-31 20:00,2,,1,230,67,995.5,,,0,,0
238,금산,2023-01-31 21:00,1,,.8,360,72,995.2,,,0,,-.3
238,금산,2023-01-31 22:00,-.2,,.8,50,74,995.2,,,2,,-.6
238,금산,2023-01-31 23:00,-.5,,.9,90,77,994.9,,,0,,-.9
238,금산,2023-02-01 00:00,-.7,,.6,320,78,994.7,,,1,,-1
238,금산,2023-02-01 01:00,-.7,,.3,0,81,994.4,,,8,,-1.1
238,금산,2023-02-01 02:00,-.2,,1.1,360,82,994.5,,,9,,-.9
238,금산,2023-02-01 03:00,0,,.3,0,83,994.4,,,9,,-.8
238,금산,2023-02-01 04:00,1,,.7,140,82,994.1,,,9,,-.5
238,금산,2023-02-01 05:00,6.9,,1.8,270,79,994,,,10,,-.1
238,금산,2023-02-01 06:00,5.6,,.7,270,82,994.2,,,9,,0
238,금산,2023-02-01 07:00,5.9,,1.9,270,78,994.2,,,6,,0
238,금산,2023-02-01 08:00,5.1,,.8,270,80,994.6,0,,3,,-.2
238,금산,2023-02-01 09:00,6.1,,1.9,270,75,995.6,.3,,1,,0
238,금산,2023-02-01 10:00,6.7,,2.2,250,66,996,1,,3,,.1
238,금산,2023-02-01 11:00,7.8,,2.6,290,52,996.2,1,,4,,1.1
238,금산,2023-02-01 12:00,8.4,,2.5,320,37,995.9,1,,1,,3.8
238,금산,2023-02-01 13:00,7,,3.3,320,40,995.7,1,,0,,4
238,금산,2023-02-01 14:00,7.7,,3.7,320,37,995.8,.9,,0,,5.4
238,금산,2023-02-01 15:00,5.8,,3.9,290,35,996.8,.5,,6,,3.2
238,금산,2023-02-01 16:00,5.3,,4,290,35,997.5,.2,,6,,2.6
238,금산,2023-02-01 17:00,3.9,,3.5,290,35,997.9,.7,,1,,.1
238,금산,2023-02-01 18:00,2.5,,2.9,290,37,999.1,.2,,2,,.1
238,금산,2023-02-01 19:00,1.2,,2.8,290,39,1000.5,,,4,,0
238,금산,2023-02-01 20:00,0,,1.7,320,44,1001.6,,,8,,-.3
238,금산,2023-02-01 21:00,-1.2,,1.8,290,50,1002.1,,,8,,-.6
238,금산,2023-02-01 22:00,-2.1,,.9,340,55,1002.7,,,10,,-1
238,금산,2023-02-01 23:00,-2.6,,.7,270,58,1003.3,,,5,,-1.5
238,금산,2023-02-02 00:00,-3.3,,1.1,320,62,1003.9,,,6,,-2.1
238,금산,2023-02-02 01:00,-4,,1,320,67,1004.2,,,10,,-2.4
238,금산,2023-02-02 02:00,-4.1,,.5,290,67,1004.8,,,10,,-2.7
238,금산,2023-02-02 03:00,-4.3,,.5,200,70,1005.5,,,10,,-2.9
238,금산,2023-02-02 04:00,-5.1,,.3,0,73,1005.5,,,9,,-3.1
238,금산,2023-02-02 05:00,-5.4,,.5,230,75,1006,,,10,,-3.5
238,금산,2023-02-02 06:00,-5.8,,.3,0,77,1005.6,,,10,,-3.6
238,금산,2023-02-02 07:00,-6,,.6,320,79,1006.5,,,10,,-3.8
238,금산,2023-02-02 08:00,-6.3,,.1,0,82,1006.2,0,,10,,-3.5
238,금산,2023-02-02 09:00,-4.5,,.6,50,75,1006.1,0,,10,,-1.7
238,금산,2023-02-02 10:00,-1.8,,.8,340,57,1006.8,.8,,10,,-.2
238,금산,2023-02-02 11:00,-.3,,1.2,320,49,1006.7,1,,4,,.2
238,금산,2023-02-02 12:00,1.1,,1.3,340,43,1006.5,1,,0,,1.3
238,금산,2023-02-02 13:00,2.4,,2,340,34,1005.6,1,,7,,2.3
238,금산,2023-02-02 14:00,3,,2.2,360,25,1004.4,1,,5,,3.4
238,금산,2023-02-02 15:00,3.5,,2.2,20,25,1003.3,.8,,7,,3.5
238,금산,2023-02-02 16:00,2.7,,1,360,25,1002.7,.6,,9,,1.9
238,금산,2023-02-02 17:00,2.2,,.9,340,32,1003.2,.5,,6,,.1
238,금산,2023-02-02 18:00,.7,,1.1,290,35,1003.6,.2,,0,,.1
238,금산,2023-02-02 19:00,-1.3,,.5,270,49,1003.5,,,7,,0
238,금산,2023-02-02 20:00,-2.1,,.6,270,54,1003.9,,,7,,-.3
238,금산,2023-02-02 21:00,-2.9,,.7,270,59,1003.7,,,7,,-.8
238,금산,2023-02-02 22:00,-3.7,,.6,250,62,1003.8,,,7,,-1.4
238,금산,2023-02-02 23:00,-4.1,,.9,290,64,1003.6,,,8,,-1.9
238,금산,2023-02-03 00:00,-4.6,,.7,290,61,1003.3,,,7,,-2.1
238,금산,2023-02-03 01:00,-4.7,,.3,0,63,1003.2,,,8,,-2.6
238,금산,2023-02-03 02:00,-4.5,,.3,0,60,1002.9,,,10,,-2.2
238,금산,2023-02-03 03:00,-4.3,,.2,0,63,1002.5,,,10,,-2.2
238,금산,2023-02-03 04:00,-4,,0,0,63,1002.3,,,10,,-2
238,금산,2023-02-03 05:00,-4.5,,.7,90,68,1001.9,,,10,,-2.2
238,금산,2023-02-03 06:00,-4.2,,.4,0,67,1001.5,,,9,,-2
238,금산,2023-02-03 07:00,-4.6,,1,290,73,1001.5,,,10,,-2.1
238,금산,2023-02-03 08:00,-4,,.5,290,68,1002.3,0,,10,,-1.8
238,금산,2023-02-03 09:00,-2.8,,.4,0,61,1002.4,0,,9,,-.7
238,금산,2023-02-03 10:00,-.8,,.7,20,51,1002.4,.3,,1,,-.2
238,금산,2023-02-03 11:00,.6,,1,20,40,1002.4,.5,,9,,.1
238,금산,2023-02-03 12:00,2.4,,1.3,340,33,1002.2,.7,,7,,.8
238,금산,2023-02-03 13:00,3.7,,2.1,290,27,1001.3,.7,,8,,2.4
238,금산,2023-02-03 14:00,3.7,,2.1,250,27,1000.4,1,,4,,4.4
238,금산,2023-02-03 15:00,3.7,,2.6,250,27,1000,1,,0,,3.7
238,금산,2023-02-03 16:00,3.6,,2,290,26,999.8,1,,0,,1.5
238,금산,2023-02-03 17:00,2.9,,2.3,270,36,1000.2,1,,0,,.2
238,금산,2023-02-03 18:00,1.2,,1.5,270,43,1000.9,.4,,0,,.1
238,금산,2023-02-03 19:00,.2,,1.8,270,50,1001.1,,,0,,0
238,금산,2023-02-03 20:00,-.7,,1.6,320,50,1001.2,,,0,,-.4
238,금산,2023-02-03 21:00,-1.1,,1.4,290,45,1001.6,,,0,,-.8
238,금산,2023-02-03 22:00,-2.3,,.1,0,51,1001.6,,,0,,-1.6
238,금산,2023-02-03 23:00,-4.1,,.1,0,62,1001.5,,,0,,-2.3
238,금산,2023-02-04 00:00,-5.2,,.5,290,65,1002.1,,,0,,-2.9
238,금산,2023-02-04 01:00,-5.8,,.3,0,69,1002.7,,,0,,-3.5
238,금산,2023-02-04 02:00,-6.1,,.5,140,69,1002.9,,,0,,-3.9
238,금산,2023-02-04 03:00,-7,,.1,0,76,1003,,,0,,-4.4
238,금산,2023-02-04 04:00,-7.9,,.2,0,82,1003,,,0,,-4.7
238,금산,2023-02-04 05:00,-8.2,,.1,0,81,1002.9,,,0,,-5
238,금산,2023-02-04 06:00,-8.6,,.2,0,83,1003.1,,,0,,-5.2
238,금산,2023-02-04 07:00,-9.4,,.3,0,86,1003.7,,,0,,-5.5
238,금산,2023-02-04 08:00,-9.3,,.3,0,86,1004.4,.2,,0,,-5.4
238,금산,2023-02-04 09:00,-6.7,,.2,0,78,1004.7,1,,0,,-3.9
238,금산,2023-02-04 10:00,-4.3,,.4,0,67,1004.8,1,,0,,-1.9
238,금산,2023-02-04 11:00,.4,,.8,140,53,1004.8,1,,0,,-.1
238,금산,2023-02-04 12:00,2.7,,1.6,360,44,1004.2,1,,1,,.9
238,금산,2023-02-04 13:00,4.9,,2,320,41,1003.3,.8,,5,,3
238,금산,2023-02-04 14:00,4.7,,2.5,270,41,1002.6,1,,3,,4.3
238,금산,2023-02-04 15:00,4.7,,2.6,290,37,1002.5,1,,0,,3.9
238,금산,2023-02-04 16:00,4.5,,2.2,290,37,1002.7,1,,0,,1.9
238,금산,2023-02-04 17:00,3.9,,1.7,290,41,1002.8,1,,3,,.2
238,금산,2023-02-04 18:00,2.2,,.9,290,48,1003,.4,,5,,.1
238,금산,2023-02-04 19:00,-.4,,.5,270,60,1003.3,,,0,,0
238,금산,2023-02-04 20:00,-2,,.1,0,68,1003.8,,,0,,-.5
238,금산,2023-02-04 21:00,-2.3,,.5,160,70,1004.2,,,0,,-1
238,금산,2023-02-04 22:00,-3.7,,.1,0,75,1004.6,,,0,,-1.8
238,금산,2023-02-04 23:00,-4.4,,.6,340,77,1005.2,,,0,,-2.4
238,금산,2023-02-05 00:00,-5.2,,.2,0,82,1005,,,0,,-3.2
238,금산,2023-02-05 01:00,-6,,0,0,86,1005.1,,,0,,-3.6
238,금산,2023-02-05 02:00,-6.8,,0,0,87,1005,,,0,,-4.1
238,금산,2023-02-05 03:00,-7.5,,.5,270,89,1004.3,,,0,,-4.6
238,금산,2023-02-05 04:00,-7.9,,.5,340,89,1004,,,0,,-5
238,금산,2023-02-05 05:00,-8.5,,.1,0,91,1004.2,,,0,,-5.3
238,금산,2023-02-05 06:00,-9.1,,.5,320,90,1004.7,,,2,,-5.6
238,금산,2023-02-05 07:00,-9.2,,.1,0,91,1005.2,,,0,,-5.8
238,금산,2023-02-05 08:00,-9.2,,.5,270,90,1005.8,.1,,0,,-5.6
238,금산,2023-02-05 09:00,-6.5,,.4,0,84,1006,1,,0,,-4
238,금산,2023-02-05 10:00,-3.3,,.5,140,78,1005.7,1,,0,,-1.9
238,금산,2023-02-05 11:00,.8,,.7,360,60,1005.4,1,,0,,-.1
238,금산,2023-02-05 12:00,3.8,,1.1,250,42,1004.8,1,,0,,1.5
238,금산,2023-02-05 13:00,5.9,,1.4,340,37,1003.5,1,,0,,3.9
238,금산,2023-02-05 14:00,7,,1.8,340,29,1002.6,1,,0,,5.5
238,금산,2023-02-05 15:00,7.8,,1.5,360,24,1001.8,1,,0,,5
238,금산,2023-02-05 16:00,7.5,,1.8,290,22,1001.6,1,,0,,2.6
238,금산,2023-02-05 17:00,6.7,,2.2,340,22,1001.6,1,,0,,.6
238,금산,2023-02-05 18:00,4.7,,2.1,290,37,1002,.5,,0,,.1
238,금산,2023-02-05 19:00,1.1,,.5,200,49,1001.9,0,,0,,0
238,금산,2023-02-05 20:00,-1.3,,.5,270,61,1002.7,,,0,,-.3
238,금산,2023-02-05 21:00,-2.6,,.3,0,68,1003.7,,,0,,-.9
238,금산,2023-02-05 22:00,-3.3,,.2,0,73,1003.8,,,0,,-1.5
238,금산,2023-02-05 23:00,-4,,.1,0,77,1003.4,,,0,,-2.2
238,금산,2023-02-06 00:00,-4.5,,1.1,320,76,1003.1,,,0,,-2.7
238,금산,2023-02-06 01:00,-5.7,,.4,0,83,1003.1,,,0,,-3.3
238,금산,2023-02-06 02:00,-6.2,,.1,0,84,1002.9,,,0,,-3.7
238,금산,2023-02-06 03:00,-6.8,,.5,290,86,1003,,,0,,-4.1
238,금산,2023-02-06 04:00,-7.3,,.7,290,87,1003,,,0,,-4.5
238,금산,2023-02-06 05:00,-7.9,,.4,0,88,1003.3,,,0,,-4.8
238,금산,2023-02-06 06:00,-7.9,,.2,0,90,1003.2,,,4,,-5.1
238,금산,2023-02-06 07:00,-8.6,,.1,0,90,1003.7,,,0,,-5.4
238,금산,2023-02-06 08:00,-8.4,,.3,0,90,1003.7,.1,,6,,-5.2
238,금산,2023-02-06 09:00,-5.5,,.1,0,84,1003.3,1,,0,,-3.6
238,금산,2023-02-06 10:00,-3.2,,.3,0,73,1002.5,.8,,6,,-1.4
238,금산,2023-02-06 11:00,-.4,,.6,140,64,1002.3,.4,,4,,0
238,금산,2023-02-06 12:00,4.3,,.5,110,46,1001.5,1,,7,,1.8
238,금산,2023-02-06 13:00,6.8,,.8,160,29,999.9,.9,,6,,4
238,금산,2023-02-06 14:00,8.8,,.6,320,24,998.7,.9,,6,,4.4
238,금산,2023-02-06 15:00,10.3,,.8,250,21,998.3,1,,6,,5.4
238,금산,2023-02-06 16:00,11.4,,.5,20,19,997.9,.7,,8,,4.6
238,금산,2023-02-06 17:00,9.4,,1.8,360,28,997.7,0,,10,,2.6
238,금산,2023-02-06 18:00,7.8,,.9,290,28,997.9,0,,10,,.7
238,금산,2023-02-06 19:00,5.9,,.6,290,35,998.7,0,,10,,-.1
238,금산,2023-02-06 20:00,4.8,,1,290,42,999.1,,,10,,.1
238,금산,2023-02-06 21:00,2.9,,.8,270,47,999.3,,,7,,.1
238,금산,2023-02-06 22:00,1.1,,0,0,56,999.2,,,8,,0
238,금산,2023-02-06 23:00,-.7,,.8,290,58,999.2,,,5,,-.1
238,금산,2023-02-07 00:00,-1.8,,0,0,65,999,,,0,,-.7
238,금산,2023-02-07 01:00,-3,,0,0,69,999.4,,,0,,-1.3
238,금산,2023-02-07 02:00,-3.6,,.1,0,73,999.5,,,0,,-1.8
238,금산,2023-02-07 03:00,-4.5,,.2,0,76,999,,,0,,-2.3
238,금산,2023-02-07 04:00,-4.6,,0,0,79,998.9,,,7,,-2.8
238,금산,2023-02-07 05:00,-5.1,,0,0,80,999.2,,,6,,-3
238,금산,2023-02-07 06:00,-5.2,,.1,0,81,999.6,,,6,,-3
238,금산,2023-02-07 07:00,-5.2,,0,0,81,1000.1,,,8,,-2.8
238,금산,2023-02-07 08:00,-4.5,,0,0,80,1000.2,0,,10,,-2.1
238,금산,2023-02-07 09:00,-3.1,,.5,320,78,1000.4,0,,8,,-1
238,금산,2023-02-07 10:00,-.5,,.2,0,63,1000.3,.5,,0,,0
238,금산,2023-02-07 11:00,3.4,,.8,20,48,1000,.7,,0,,.2
238,금산,2023-02-07 12:00,6.9,,1,360,35,999.4,1,,4,,2.2
238,금산,2023-02-07 13:00,9.3,,.7,140,29,998.5,1,,0,,5.2
238,금산,2023-02-07 14:00,11.8,,.9,20,19,997.9,1,,5,,7.9
238,금산,2023-02-07 15:00,11.1,,2.1,320,20,997.9,.8,,8,,6.7
238,금산,2023-02-07 16:00,10.7,,1.3,320,19,998,.4,,6,,5
238,금산,2023-02-07 17:00,9.9,,1.2,340,22,998.1,.1,,9,,3.4
238,금산,2023-02-07 18:00,7.9,,.5,290,27,998.6,0,,5,,.5
238,금산,2023-02-07 19:00,3.5,,1.3,290,42,999,0,,0,,.1
238,금산,2023-02-07 20:00,1.7,,1.1,290,50,999.7,,,0,,0
238,금산,2023-02-07 21:00,-.1,,.1,0,60,1000.4,,,0,,-.1
238,금산,2023-02-07 22:00,-1.1,,.2,0,64,1000.8,,,0,,-.6
238,금산,2023-02-07 23:00,-1.5,,0,0,69,1001.2,,,0,,-.9
238,금산,2023-02-08 00:00,-3.5,,.2,0,76,1001.4,,,0,,-1.5
238,금산,2023-02-08 01:00,-3.2,,.3,0,77,1001.7,,,6,,-1.9
238,금산,2023-02-08 02:00,-4.3,,0,0,82,1001.9,,,0,,-2.4
238,금산,2023-02-08 03:00,-4.6,,0,0,83,1002.5,,,0,,-2.7
238,금산,2023-02-08 04:00,-5.2,,0,0,86,1002.9,,,0,,-3.1
238,금산,2023-02-08 05:00,-5.8,,.1,0,87,1003.3,,,0,,-3.4
238,금산,2023-02-08 06:00,-6.1,,.3,0,89,1003.7,,,4,,-3.7
238,금산,2023-02-08 07:00,-6.5,,.1,0,89,1004.4,,,0,,-3.9
238,금산,2023-02-08 08:00,-6.4,,.5,290,90,1005,0,,0,,-3.8
238,금산,2023-02-08 09:00,-3.7,,.2,0,80,1005.5,.9,,0,,-2.2
238,금산,2023-02-08 10:00,-.7,,.5,50,70,1005.6,1,,0,,-.6
238,금산,2023-02-08 11:00,3.5,,.9,140,57,1005.7,1,,0,,.2
238,금산,2023-02-08 12:00,7,,2,320,28,1005.1,1,,0,,2.4
238,금산,2023-02-08 13:00,7.5,,1.5,360,31,1004.1,1,,5,,4.5
238,금산,2023-02-08 14:00,8.4,,2.2,320,28,1003.8,1,,4,,6.1
238,금산,2023-02-08 15:00,8.6,,3.1,290,30,1004,1,,0,,5.9
238,금산,2023-02-08 16:00,7.8,,2.3,270,30,1004.2,1,,0,,4
238,금산,2023-02-08 17:00,7,,1.7,290,32,1004.3,1,,0,,2.1
238,금산,2023-02-08 18:00,5.1,,1,290,37,1005,.5,,0,,.3
238,금산,2023-02-08 19:00,1.9,,.6,290,51,1006,0,,5,,.1
238,금산,2023-02-08 20:00,1.6,,.5,250,53,1006.9,,,5,,0
238,금산,2023-02-08 21:00,-.2,,.9,290,62,1006.9,,,6,,-.3
238,금산,2023-02-08 22:00,-1.4,,1,270,71,1007.5,,,6,,-.7
238,금산,2023-02-08 23:00,-2.2,,1.1,270,72,1007.5,,,8,,-1
238,금산,2023-02-09 00:00,-2.9,,.4,0,71,1007.6,,,5,,-1.2
238,금산,2023-02-09 01:00,-3,,.1,0,71,1007.6,,,7,,-1.5
238,금산,2023-02-09 02:00,-3.7,,.4,0,73,1007.6,,,7,,-1.9
238,금산,2023-02-09 03:00,-4.7,,.7,270,81,1007.5,,,10,,-2.4
238,금산,2023-02-09 04:00,-5.5,,.5,270,82,1007.3,,,8,,-3
238,금산,2023-02-09 05:00,-6.4,,.3,0,85,1007.5,,,0,,-3.6
238,금산,2023-02-09 06:00,-6.6,,0,0,86,1007.3,,,9,,-3.7
238,금산,2023-02-09 07:00,-7,,.7,270,87,1007.9,,,7,,-4
238,금산,2023-02-09 08:00,-6.9,,.2,0,87,1008.1,.2,,8,,-3.9
238,금산,2023-02-09 09:00,-4.8,,.6,180,80,1008.5,1,,1,,-2.3
238,금산,2023-02-09 10:00,-.9,,.4,0,62,1008.2,1,,0,,-.4
238,금산,2023-02-09 11:00,4,,1.4,160,41,1007.7,1,,6,,.3
238,금산,2023-02-09 12:00,6.2,,1.2,160,33,1006.4,1,,4,,2.8
238,금산,2023-02-09 13:00,8.3,,1.3,230,28,1004.9,1,,3,,5.3
238,금산,2023-02-09 14:00,9.8,,1.5,140,24,1003.7,.3,,7,,5.1
238,금산,2023-02-09 15:00,9.6,,1.7,90,28,1003.4,0,,10,,4.3
238,금산,2023-02-09 16:00,9.3,,2.9,90,35,1002.6,0,,8,,4.6
238,금산,2023-02-09 17:00,8.7,,3.1,90,37,1002.8,0,,10,,3.1
238,금산,2023-02-09 18:00,7.8,,1.6,110,44,1002.2,0,,10,,1.9
238,금산,2023-02-09 19:00,7.5,,2,110,52,1002.8,0,,10,,1.7
238,금산,2023-02-09 20:00,6.8,,2.7,110,55,1003,,,10,,1.7
238,금산,2023-02-09 21:00,6.4,,2.3,110,56,1003,,,10,,1.5
238,금산,2023-02-09 22:00,5.2,,2.6,90,69,1002.9,,,10,,1.6
238,금산,2023-02-09 23:00,3.6,,.6,70,86,1002.4,,,10,,1.5
238,금산,2023-02-10 00:00,2.9,1.3,1,90,90,1001.3,,,10,,1.2
238,금산,2023-02-10 01:00,2.5,,.3,0,91,1000.5,,,10,,1
238,금산,2023-02-10 02:00,2,,.5,180,96,999.6,,,10,,.9
238,금산,2023-02-10 03:00,1.5,2,.7,230,96,998.6,,,10,,.5
238,금산,2023-02-10 04:00,.3,,.5,270,98,997.7,,,10,,.2
238,금산,2023-02-10 05:00,.4,,.1,0,99,997.5,,,10,,.2
238,금산,2023-02-10 06:00,.4,2.5,.3,0,100,997.3,,,4,,.2
238,금산,2023-02-10 07:00,.4,,.2,0,100,997.6,,,4,,.2
238,금산,2023-02-10 08:00,.5,,0,0,100,997.8,0,,6,,.3
238,금산,2023-02-10 09:00,1.3,0,0,0,99,998.4,0,,8,,.5
238,금산,2023-02-10 10:00,2.2,,.3,0,95,998.5,0,,8,,3.2
238,금산,2023-02-10 11:00,3.1,,1.5,290,91,999.1,0,,10,,5.5
238,금산,2023-02-10 12:00,4.4,,1.2,320,89,998.8,0,,10,,6.8
238,금산,2023-02-10 13:00,4.4,,1.1,290,86,998.6,0,,10,,6.2
238,금산,2023-02-10 14:00,5.2,,2,290,80,998.1,0,,10,,7.2
238,금산,2023-02-10 15:00,5.4,,.9,290,78,998.1,0,,10,,6.1
238,금산,2023-02-10 16:00,5.3,,.9,320,78,998.5,0,,10,,4.8
238,금산,2023-02-10 17:00,5.5,,.8,320,75,998.6,0,,9,,5
238,금산,2023-02-10 18:00,4.7,,0,0,79,999.4,0,,5,,2.4
238,금산,2023-02-10 19:00,1.8,,0,0,93,1000.1,0,,0,,.5
238,금산,2023-02-10 20:00,.1,,.1,0,96,1000.5,,,0,,.3
238,금산,2023-02-10 21:00,-.8,,.5,290,98,1000.9,,,0,,.2
238,금산,2023-02-10 22:00,-1.2,,0,0,98,1001.9,,,0,,.1
238,금산,2023-02-10 23:00,-.9,,.4,0,100,1002.1,,,0,,.2
238,금산,2023-02-11 00:00,-1.3,,.8,250,100,1001.8,,,7,,.2
238,금산,2023-02-11 01:00,-1.3,,.2,0,100,1001.4,,,9,,.2
238,금산,2023-02-11 02:00,-1.7,,.6,160,100,1001.6,,,5,,.2
238,금산,2023-02-11 03:00,-2,,.1,0,100,1002.1,,,2,,.1
238,금산,2023-02-11 04:00,-2,,.6,250,100,1001.5,,,9,,.1
238,금산,2023-02-11 05:00,-1.7,,1.1,290,100,1000.8,,,4,,.1
238,금산,2023-02-11 06:00,-1.5,,.7,250,100,1000.7,,,9,,.1
238,금산,2023-02-11 07:00,-1,,.7,180,100,1001.5,,,10,,.2
238,금산,2023-02-11 08:00,-1,,.9,200,100,1002.1,0,,9,,.2
238,금산,2023-02-11 09:00,-1.1,,1.2,200,100,1003.1,0,,10,,.2
238,금산,2023-02-11 10:00,-.8,,.6,250,100,1003.5,0,,8,,.3
238,금산,2023-02-11 11:00,-.4,,1.6,200,100,1003.4,0,,10,,1
238,금산,2023-02-11 12:00,.9,,.5,110,93,1002.5,0,,10,,5.4
238,금산,2023-02-11 13:00,3.1,,.7,110,80,1001.8,.4,,9,,9.8
238,금산,2023-02-11 14:00,4.5,,.6,320,71,1001.4,.6,,9,,11.4
238,금산,2023-02-11 15:00,5.3,,.4,0,66,1001.7,0,,10,,7.6
238,금산,2023-02-11 16:00,5.6,,.1,0,60,1001.4,0,,9,,6.5
238,금산,2023-02-11 17:00,6,,.3,0,62,1001.3,0,,9,,6
238,금산,2023-02-11 18:00,5,,.2,0,66,1001.8,.3,,6,,3.4
238,금산,2023-02-11 19:00,1.9,,.6,250,81,1002.1,0,,0,,.8
238,금산,2023-02-11 20:00,0,,0,0,90,1001.9,,,0,,.6
238,금산,2023-02-11 21:00,-.8,,.4,0,94,1002.8,,,0,,.2
238,금산,2023-02-11 22:00,-1.5,,0,0,96,1003.2,,,0,,.1
238,금산,2023-02-11 23:00,-2.3,,0,0,97,1003.2,,,0,,-.2
238,금산,2023-02-12 00:00,-2.8,,0,0,98,1003.3,,,0,,-.7
238,금산,2023-02-12 01:00,-3.1,,.6,290,97,1003.5,,,2,,-.9
238,금산,2023-02-12 02:00,-3.5,,0,0,99,1003.4,,,8,,-.6
238,금산,2023-02-12 03:00,-3.3,,.4,0,99,1003.6,,,8,,-.4
238,금산,2023-02-12 04:00,-3.4,,.1,0,99,1003.4,,,9,,-.3
238,금산,2023-02-12 05:00,-3.7,,.4,0,99,1003.4,,,10,,-.3
238,금산,2023-02-12 06:00,-3.5,,.2,0,99,1002.8,,,10,,-.3
238,금산,2023-02-12 07:00,-3.5,,.2,0,99,1002.7,,,0,,-.3
238,금산,2023-02-12 08:00,-3.6,,.3,0,99,1003.5,0,,10,,-.2
238,금산,2023-02-12 09:00,-3.2,,.3,0,99,1003.4,0,,10,,0
238,금산,2023-02-12 10:00,-2.5,,.5,110,100,1002.5,0,,10,,.1
238,금산,2023-02-12 11:00,-1.2,,0,0,100,1001.9,0,,10,,.7
238,금산,2023-02-12 12:00,-.1,,.8,290,100,1001.7,0,,9,,1.6
238,금산,2023-02-12 13:00,2.8,,1,140,95,999,0,,9,,5.5
238,금산,2023-02-12 14:00,4.7,,.3,0,74,998.2,0,,10,,6
238,금산,2023-02-12 15:00,5.3,,.6,340,68,998.4,0,,10,,5.6
238,금산,2023-02-12 16:00,5.7,,.2,0,65,998.3,0,,10,,4.8
238,금산,2023-02-12 17:00,5.5,,.9,140,67,997.4,0,,9,,4.5
238,금산,2023-02-12 18:00,4.9,,.5,250,72,997.3,0,,9,,3.6
238,금산,2023-02-12 19:00,4.1,,.7,270,75,997.5,0,,9,,3
238,금산,2023-02-12 20:00,3.8,,.3,0,76,997.4,,,9,,2.7
238,금산,2023-02-12 21:00,3.4,,.4,0,79,996.9,,,10,,2.5
238,금산,2023-02-12 22:00,4.3,,1.1,230,64,996.6,,,10,,2
238,금산,2023-02-12 23:00,4.1,,.2,0,67,996.4,,,10,,2.2
238,금산,2023-02-13 00:00,3.5,,.3,0,73,995.5,,,10,,2.1
238,금산,2023-02-13 01:00,4.1,,.3,0,74,994.7,,,10,,2.2
238,금산,2023-02-13 02:00,4,,.4,0,77,994.6,,,10,,2.4
238,금산,2023-02-13 03:00,4.1,,.2,0,77,995.7,,,10,,2.3
238,금산,2023-02-13 04:00,3.8,,.6,290,79,995.8,,,10,,2.3
238,금산,2023-02-13 05:00,3.6,,.9,270,80,996,,,10,,1.8
238,금산,2023-02-13 06:00,3.3,,.3,0,82,995.8,,,10,,1.8
238,금산,2023-02-13 07:00,3.5,,.5,290,83,996,,,10,,2.2
238,금산,2023-02-13 08:00,4.1,,.1,0,82,996.3,0,,10,,2.5
238,금산,2023-02-13 09:00,5.2,,0,0,79,996.4,0,,10,,3.5
238,금산,2023-02-13 10:00,6.9,,2,70,68,996.3,0,,10,,5.5
238,금산,2023-02-13 11:00,7.5,,1.9,70,64,996.6,0,,9,,7.3
238,금산,2023-02-13 12:00,7.9,,1.8,90,62,996.2,0,,9,,8.8
238,금산,2023-02-13 13:00,7.9,,1.3,110,60,995.5,0,,10,,9.5
238,금산,2023-02-13 14:00,9,,.4,0,60,995.1,0,,8,,11.2
238,금산,2023-02-13 15:00,8.9,,1.2,90,58,994.8,.3,,9,,11.2
238,금산,2023-02-13 16:00,8.6,,1.5,20,58,994.7,0,,10,,8.3
238,금산,2023-02-13 17:00,8.3,,1,340,60,995.4,0,,10,,7
238,금산,2023-02-13 18:00,7.8,,.9,340,59,995.7,0,,10,,5.6
238,금산,2023-02-13 19:00,6.9,,.7,320,63,996.4,0,,1,,4.1
238,금산,2023-02-13 20:00,4.8,,.6,270,74,996.9,,,0,,3
238,금산,2023-02-13 21:00,3.4,,.7,290,77,997.3,,,1,,1
238,금산,2023-02-13 22:00,3,,1.1,270,78,997.7,,,0,,1.7
238,금산,2023-02-13 23:00,3.8,,1,290,78,997.9,,,0,,2.1
238,금산,2023-02-14 00:00,4.1,,.7,290,75,997.9,,,5,,2.4
238,금산,2023-02-14 01:00,3.5,,1.1,290,77,998,,,0,,1.6
238,금산,2023-02-14 02:00,2.4,,.2,0,84,998.4,,,0,,1.4
238,금산,2023-02-14 03:00,1.7,,.3,0,85,998.6,,,2,,1.3
238,금산,2023-02-14 04:00,1.5,,1.2,290,86,998.7,,,4,,1.3
238,금산,2023-02-14 05:00,1.5,,1.4,20,85,999.1,,,10,,1.5
238,금산,2023-02-14 06:00,1.5,,1,360,84,999.5,,,5,,1.5
238,금산,2023-02-14 07:00,.7,,.7,320,87,1000,,,10,,.8
238,금산,2023-02-14 08:00,.7,,1.1,340,84,1000.7,0,,10,,1.2
238,금산,2023-02-14 09:00,1.3,,1.2,320,81,1001.1,0,,4,,3.1
238,금산,2023-02-14 10:00,2.7,,1.6,340,72,1001.3,.5,,3,,3.8
238,금산,2023-02-14 11:00,4.4,,1.5,360,61,1001.1,.9,,5,,7.2
238,금산,2023-02-14 12:00,6,,1.9,320,47,1000.6,.8,,7,,10.9
238,금산,2023-02-14 13:00,6.6,,2.5,360,44,999.7,.9,,0,,11.7
238,금산,2023-02-14 14:00,7,,2.2,20,41,999.1,1,,0,,12.2
238,금산,2023-02-14 15:00,7.1,,1.8,340,38,998.8,1,,3,,11.2
238,금산,2023-02-14 16:00,6.8,,1.6,340,35,999,1,,5,,8.2
238,금산,2023-02-14 17:00,5.9,,2.1,320,36,999.6,1,,0,,5.2
238,금산,2023-02-14 18:00,4.4,,1.2,290,40,1000,.2,,1,,2.8
238,금산,2023-02-14 19:00,2.1,,.7,320,50,1000.9,0,,0,,1.2
238,금산,2023-02-14 20:00,1.4,,1.2,290,53,1001.6,,,0,,.6
238,금산,2023-02-14 21:00,-.5,,1,290,64,1002.3,,,0,,.2
238,금산,2023-02-14 22:00,-1.8,,.2,0,72,1003,,,0,,-.1
238,금산,2023-02-14 23:00,-2,,.4,0,72,1003.2,,,4,,-.6
238,금산,2023-02-15 00:00,-1.6,,.4,0,72,1003.6,,,7,,-.3
238,금산,2023-02-15 01:00,-2.1,,.5,250,76,1003.2,,,6,,-.8
238,금산,2023-02-15 02:00,-2,,.1,0,75,1003.5,,,8,,-.7
238,금산,2023-02-15 03:00,-2.3,,.3,0,76,1003.5,,,7,,-.9
238,금산,2023-02-15 04:00,-2.3,,.1,0,78,1003.5,,,8,,-.6
238,금산,2023-02-15 05:00,-2.2,,.1,0,79,1003.8,,,9,,-.6
238,금산,2023-02-15 06:00,-1.9,,.1,0,78,1004.4,,,9,,-.6
238,금산,2023-02-15 07:00,-1.7,,.1,0,84,1005.5,,,9,,-.8
238,금산,2023-02-15 08:00,-1.2,,0,0,84,1006.3,0,,8,,-.4
238,금산,2023-02-15 09:00,.7,,.9,160,77,1006.9,0,,8,,.1
238,금산,2023-02-15 10:00,2.6,,1.4,110,66,1007,.2,,7,,.4
238,금산,2023-02-15 11:00,3.7,,2.1,90,60,1007.3,.4,,8,,2.4
238,금산,2023-02-15 12:00,5.2,,1.8,90,54,1007.1,.5,,7,,8.9
238,금산,2023-02-15 13:00,6.2,,1.4,20,51,1006.5,.8,,8,,12.9
238,금산,2023-02-15 14:00,6.4,,1.3,70,50,1006,.1,,9,,11.2
238,금산,2023-02-15 15:00,6,,2,90,52,1005.9,0,,9,,8.1
238,금산,2023-02-15 16:00,6.1,,1.4,70,52,1006.3,0,,9,,7.7
238,금산,2023-02-15 17:00,5.1,,1.5,70,55,1006.9,0,,9,,5.4
238,금산,2023-02-15 18:00,4.7,,1.5,90,57,1007.4,0,,7,,3.9
238,금산,2023-02-15 19:00,4.2,,1,90,59,1008.1,0,,0,,2.8
238,금산,2023-02-15 20:00,3.8,,1.1,110,61,1008.5,,,0,,2.4
238,금산,2023-02-15 21:00,3.6,,.6,110,63,1009.2,,,0,,2.4
238,금산,2023-02-15 22:00,2.6,,.7,250,71,1009.5,,,0,,2.2
238,금산,2023-02-15 23:00,2.1,,.2,0,74,1009.7,,,0,,1.6
238,금산,2023-02-16 00:00,1.7,,0,0,76,1009.4,,,8,,1.2
238,금산,2023-02-16 01:00,1.8,,0,0,77,1009.4,,,0,,1.6
238,금산,2023-02-16 02:00,1.9,,.3,0,76,1009.3,,,0,,1.5
238,금산,2023-02-16 03:00,1.4,,.4,0,81,1009.3,,,0,,1.3
238,금산,2023-02-16 04:00,1.2,,.4,0,84,1009.1,,,9,,1.3
238,금산,2023-02-16 05:00,.9,,.3,0,84,1009.3,,,3,,1.1
238,금산,2023-02-16 06:00,.9,,.6,290,83,1009.1,,,0,,1.4
238,금산,2023-02-16 07:00,.8,,.5,270,85,1009.4,,,9,,1.3
238,금산,2023-02-16 08:00,1,,.4,0,85,1009.8,0,,9,,1.6
238,금산,2023-02-16 09:00,1.9,,.4,0,79,1010.2,0,,9,,3.2
238,금산,2023-02-16 10:00,2.9,,.4,0,77,1010,0,,9,,5.8
238,금산,2023-02-16 11:00,3.6,,.8,360,75,1010.2,0,,9,,6.9
238,금산,2023-02-16 12:00,4.9,0,1.2,290,72,1009.6,0,,9,,8.3
238,금산,2023-02-16 13:00,5.5,,2.5,250,66,1009.2,0,,10,,10
238,금산,2023-02-16 14:00,5,,2.2,270,64,1008.7,.3,,9,,9.7
238,금산,2023-02-16 15:00,5.5,,2,250,61,1008.4,0,,9,,9.2
238,금산,2023-02-16 16:00,5.3,,1.4,270,61,1008.3,0,,9,,7.5
238,금산,2023-02-16 17:00,4.7,,1.7,270,62,1008.3,0,,8,,5.8
238,금산,2023-02-16 18:00,3.8,,1.2,270,63,1008.2,0,,3,,2.7
238,금산,2023-02-16 19:00,2.3,,.8,290,69,1008.2,0,,0,,.4
238,금산,2023-02-16 20:00,.4,,1,290,78,1008.4,,,0,,.5
238,금산,2023-02-16 21:00,-.4,,.8,290,80,1008.6,,,0,,.2
238,금산,2023-02-16 22:00,-1.6,,.5,250,86,1008.3,,,0,,-.1
238,금산,2023-02-16 23:00,-2.6,,.5,270,90,1008,,,0,,-.7
238,금산,2023-02-17 00:00,-3.3,,.6,270,91,1007.8,,,0,,-1.2
238,금산,2023-02-17 01:00,-3.4,,.2,0,93,1008.1,,,4,,-1.4
238,금산,2023-02-17 02:00,-3.2,,.3,0,92,1008.2,,,8,,-1.1
238,금산,2023-02-17 03:00,-3.4,,.3,0,92,1008.6,,,9,,-1.1
238,금산,2023-02-17 04:00,-3.1,,.4,0,92,1008,,,10,,-1
238,금산,2023-02-17 05:00,-2.7,,.4,0,91,1007.5,,,10,,-.7
238,금산,2023-02-17 06:00,-3,,.1,0,93,1008.1,,,10,,-.9
238,금산,2023-02-17 07:00,-2.3,,.2,0,90,1008.1,,,10,,-.7
238,금산,2023-02-17 08:00,-2.2,,.5,200,90,1008.1,0,,9,,-.4
238,금산,2023-02-17 09:00,-1.1,,.4,0,86,1008,.1,,7,,.1
238,금산,2023-02-17 10:00,.8,,.6,340,80,1007.9,.2,,7,,.3
238,금산,2023-02-17 11:00,2.1,,1.2,250,73,1007.5,0,,10,,1.3
238,금산,2023-02-17 12:00,3.9,,.6,230,64,1007,0,,10,,4.2
238,금산,2023-02-17 13:00,6,,.6,70,52,1006,.1,,8,,9.7
238,금산,2023-02-17 14:00,7.9,,.9,90,40,1004.7,1,,5,,14.1
238,금산,2023-02-17 15:00,7.8,,1,160,42,1004.1,.3,,8,,10.7
238,금산,2023-02-17 16:00,8,,1,160,41,1004.1,0,,9,,8.6
238,금산,2023-02-17 17:00,8.1,,1.3,160,43,1004,0,,9,,6.9
238,금산,2023-02-17 18:00,7.5,,0,0,44,1004.3,0,,10,,5.4
238,금산,2023-02-17 19:00,6.2,,.1,0,54,1004.5,0,,4,,4.4
238,금산,2023-02-17 20:00,5,,.6,250,60,1004,,,0,,3.5
238,금산,2023-02-17 21:00,3.9,,0,0,63,1003.8,,,0,,2
238,금산,2023-02-17 22:00,2.1,,.1,0,71,1003.7,,,0,,.6
238,금산,2023-02-17 23:00,1.3,,.3,0,72,1003.8,,,0,,.8
238,금산,2023-02-18 00:00,1.6,,.3,0,71,1003.9,,,7,,1.1
238,금산,2023-02-18 01:00,2.2,,.2,0,68,1003.4,,,0,,2
238,금산,2023-02-18 02:00,2.3,,.5,270,70,1002.8,,,0,,2.4
238,금산,2023-02-18 03:00,3,,.2,0,67,1001.9,,,8,,2.7
238,금산,2023-02-18 04:00,3.2,,.2,0,68,1001,,,0,,2.9
238,금산,2023-02-18 05:00,3.2,,.1,0,68,1000.8,,,4,,3
238,금산,2023-02-18 06:00,3.5,,.2,0,66,1000.9,,,0,,3.1
238,금산,2023-02-18 07:00,3.5,,.2,0,68,1000.6,,,10,,3.2
238,금산,2023-02-18 08:00,3.8,,.1,0,67,1000.5,0,,10,,3.5
238,금산,2023-02-18 09:00,4.5,,.3,0,62,1000.3,0,,10,,4.1
238,금산,2023-02-18 10:00,4.8,,.1,0,61,1001,0,,10,,4.3
238,금산,2023-02-18 11:00,5.7,,0,0,56,1000.9,0,,9,,5.2
238,금산,2023-02-18 12:00,6.5,,.8,140,52,1000,0,,10,,6.1
238,금산,2023-02-18 13:00,6.9,,.1,0,51,998.9,0,,10,,6.8
238,금산,2023-02-18 14:00,7.4,,.4,0,49,997.8,0,,10,,7.3
238,금산,2023-02-18 15:00,7.7,,0,0,51,997.1,0,,9,,7.4
238,금산,2023-02-18 16:00,8,,0,0,52,997.1,0,,,,6.6
238,금산,2023-02-18 17:00,8,,0,0,53,996.4,0,,10,,6.2
238,금산,2023-02-18 18:00,7.4,,0,0,57,996.5,0,,10,,5.4
238,금산,2023-02-18 19:00,6.6,,0,0,66,996.8,0,,9,,5
238,금산,2023-02-18 20:00,5.6,,.2,0,91,997.1,,,10,,5
238,금산,2023-02-18 21:00,5.5,.5,.4,0,95,996.7,,,9,,4.9
238,금산,2023-02-18 22:00,5.3,,.4,0,98,996.4,,,9,,4.9
238,금산,2023-02-18 23:00,5,,.1,0,97,996.4,,,4,,4.8
238,금산,2023-02-19 00:00,5.1,.7,0,0,100,995.8,,,10,,4.7
238,금산,2023-02-19 01:00,5.2,,0,0,100,995.2,,,10,,4.7
238,금산,2023-02-19 02:00,5.3,,.5,320,100,995.4,,,10,,4.7
238,금산,2023-02-19 03:00,5.3,.9,0,0,100,995.1,,,10,,4.7
238,금산,2023-02-19 04:00,5.2,,.4,0,100,995.1,,,10,,4.7
238,금산,2023-02-19 05:00,4.1,,1.6,340,99,995.5,,,9,,4.4
238,금산,2023-02-19 06:00,3.6,.8,.9,290,90,995.7,,,10,,3.8
238,금산,2023-02-19 07:00,3.5,,.6,320,90,996.2,,,10,,3.5
238,금산,2023-02-19 08:00,3.8,,1.8,270,88,996.7,0,,10,,3.6
238,금산,2023-02-19 09:00,4.2,0,2.3,290,92,997.1,0,,10,,4.1
238,금산,2023-02-19 10:00,4.9,,1.6,270,90,997.3,0,,10,,5.9
238,금산,2023-02-19 11:00,4.6,,3.5,320,78,998.1,0,,10,,6.6
238,금산,2023-02-19 12:00,5,0,2.5,340,70,998.6,.2,,9,,7.5
238,금산,2023-02-19 13:00,6.2,,3,320,60,998.1,.5,,6,,11.2
238,금산,2023-02-19 14:00,6.5,,2.9,320,52,997.5,.7,,7,,10.8
238,금산,2023-02-19 15:00,7.1,,3,320,43,997.3,1,,0,,11.6
238,금산,2023-02-19 16:00,7.2,,3.1,320,40,997.4,1,,0,,8.4
238,금산,2023-02-19 17:00,6.2,,2.7,290,36,997.9,1,,0,,5.3
238,금산,2023-02-19 18:00,4.1,,1.9,290,38,998.7,.8,,0,,2.6
238,금산,2023-02-19 19:00,2.9,,2.2,290,40,1000.1,0,,0,,.6
238,금산,2023-02-19 20:00,1.6,,2.6,290,45,1001.1,,,0,,.6
238,금산,2023-02-19 21:00,.4,,1.5,320,45,1001.8,,,0,,.2
238,금산,2023-02-19 22:00,-.3,,2.1,290,52,1002.5,,,0,,-.2
238,금산,2023-02-19 23:00,-1.1,,.9,290,56,1002.8,,,0,,-.9
238,금산,2023-02-20 00:00,-3,,0,0,70,1002.8,,,0,,-1.7
238,금산,2023-02-20 01:00,-3.9,,0,0,76,1003.1,,,0,,-2.3
238,금산,2023-02-20 02:00,-4.3,,.2,0,78,1003.4,,,0,,-2.7
238,금산,2023-02-20 03:00,-4.7,,.2,0,82,1003,,,0,,-3
238,금산,2023-02-20 04:00,-5.2,,.1,0,84,1002.7,,,0,,-3.1
238,금산,2023-02-20 05:00,-5.8,,.5,320,88,1002.9,,,0,,-3.1
238,금산,2023-02-20 06:00,-6.1,,.2,0,90,1003,,,0,,-3.4
238,금산,2023-02-20 07:00,-6.4,,.4,0,91,1003.3,,,0,,-3.4
238,금산,2023-02-20 08:00,-5.7,,0,0,89,1003.6,.3,,1,,-2.4
238,금산,2023-02-20 09:00,-3.4,,.3,0,80,1004.1,.9,,7,,-.3
238,금산,2023-02-20 10:00,-.7,,.3,0,71,1003.9,.2,,6,,.2
238,금산,2023-02-20 11:00,2.8,,2.9,320,61,1003.8,.3,,8,,1.2
238,금산,2023-02-20 12:00,3.4,,3.4,290,48,1004,.8,,7,,3.7
238,금산,2023-02-20 13:00,4.5,,4.1,290,39,1003.4,.7,,7,,6.5
238,금산,2023-02-20 14:00,5.3,,4.2,290,25,1003.1,.9,,1,,9.5
238,금산,2023-02-20 15:00,4.6,,3.7,320,19,1003.3,1,,0,,9.1
238,금산,2023-02-20 16:00,3.2,,3.6,320,21,1004.2,1,,0,,4.5
238,금산,2023-02-20 17:00,2.4,,2.8,290,27,1004.5,1,,0,,1.6
238,금산,2023-02-20 18:00,.7,,4.2,290,28,1005.1,.8,,0,,.3
238,금산,2023-02-20 19:00,-.7,,2.8,290,28,1005.7,0,,0,,-.2
238,금산,2023-02-20 20:00,-1.7,,2.6,290,36,1006.8,,,0,,-1.3
238,금산,2023-02-20 21:00,-2.4,,2.7,290,45,1007.6,,,0,,-2
238,금산,2023-02-20 22:00,-2.8,,2.2,290,47,1008.7,,,0,,-2.5
238,금산,2023-02-20 23:00,-3.5,,1.1,290,51,1009.1,,,0,,-2.7
238,금산,2023-02-21 00:00,-4.3,,1.3,290,56,1009.3,,,0,,-3.1
238,금산,2023-02-21 01:00,-4.3,,1.3,290,53,1010,,,0,,-3.3
238,금산,2023-02-21 02:00,-5.1,,.6,290,58,1010.5,,,0,,-3.7
238,금산,2023-02-21 03:00,-6.5,,0,0,67,1011.2,,,0,,-4.1
238,금산,2023-02-21 04:00,-7.1,,.5,270,69,1011.3,,,0,,-4.2
238,금산,2023-02-21 05:00,-8.3,,.5,320,75,1011.3,,,0,,-4.4
238,금산,2023-02-21 06:00,-8.1,,.3,0,77,1011.7,,,0,,-4.7
238,금산,2023-02-21 07:00,-8.8,,.5,360,84,1012.1,,,0,,-4.9
238,금산,2023-02-21 08:00,-8,,0,0,79,1013.2,.6,,0,,-3.9
238,금산,2023-02-21 09:00,-5.3,,.1,0,67,1013.7,1,,0,,-2.2
238,금산,2023-02-21 10:00,-2.5,,.7,50,51,1013.8,1,,0,,.5
238,금산,2023-02-21 11:00,-.4,,.8,290,41,1014.2,1,,0,,2.8
238,금산,2023-02-21 12:00,.7,,1.2,140,31,1013.3,1,,0,,3.8
238,금산,2023-02-21 13:00,1.7,,1.8,140,31,1012.2,1,,0,,5.6
238,금산,2023-02-21 14:00,2.9,,1.3,320,27,1011.6,1,,0,,7.2
238,금산,2023-02-21 15:00,4.1,,1.2,180,20,1011.3,1,,0,,9.6
238,금산,2023-02-21 16:00,4.4,,.9,270,22,1011.1,1,,0,,6.7
238,금산,2023-02-21 17:00,4,,1,270,24,1011.2,1,,0,,2.8
238,금산,2023-02-21 18:00,2.6,,2.1,360,25,1011.3,.8,,0,,.5
238,금산,2023-02-21 19:00,-.8,,1.2,270,43,1011.9,0,,0,,.2
238,금산,2023-02-21 20:00,-2.1,,.3,0,45,1011.8,,,0,,-.3
238,금산,2023-02-21 21:00,-2.8,,0,0,53,1012.3,,,0,,-1.4
238,금산,2023-02-21 22:00,-3.7,,.4,0,59,1012.5,,,0,,-2.1
238,금산,2023-02-21 23:00,-5.2,,.5,290,65,1013.1,,,0,,-2.6
238,금산,2023-02-22 00:00,-5.4,,.2,0,69,1012.9,,,0,,-2.8
238,금산,2023-02-22 01:00,-6.5,,.6,320,72,1012.9,,,2,,-3.1
238,금산,2023-02-22 02:00,-7,,.1,0,76,1012.8,,,0,,-3.4
238,금산,2023-02-22 03:00,-7.5,,.4,0,78,1012.7,,,1,,-3.5
238,금산,2023-02-22 04:00,-7.9,,.6,270,80,1012.3,,,0,,-3.7
238,금산,2023-02-22 05:00,-8.3,,.7,290,82,1012.1,,,0,,-3.9
238,금산,2023-02-22 06:00,-8.3,,.1,0,83,1012,,,0,,-4.1
238,금산,2023-02-22 07:00,-8.6,,.5,290,85,1011.6,,,0,,-4.2
238,금산,2023-02-22 08:00,-7.9,,.4,0,84,1012.1,.6,,3,,-3.4
238,금산,2023-02-22 09:00,-4.8,,.5,70,71,1011.5,.9,,0,,-1.8
238,금산,2023-02-22 10:00,-1.3,,.4,0,55,1011,1,,0,,.5
238,금산,2023-02-22 11:00,3.2,,.7,140,38,1010.5,1,,4,,2.1
238,금산,2023-02-22 12:00,6,,.8,180,33,1009.5,1,,6,,3.8
238,금산,2023-02-22 13:00,8.5,,1.5,70,35,1008,1,,6,,6.3
238,금산,2023-02-22 14:00,9.1,,3.3,270,40,1006.8,1,,6,,9
238,금산,2023-02-22 15:00,9.3,,3.5,290,41,1006.2,1,,5,,10.2
238,금산,2023-02-22 16:00,8.9,,2.6,270,43,1005.7,1,,4,,7.7
238,금산,2023-02-22 17:00,8.1,,2.3,270,45,1005.4,.5,,7,,6
238,금산,2023-02-22 18:00,7.3,,.9,270,48,1005,0,,9,,3.7
238,금산,2023-02-22 19:00,5.9,,.5,320,53,1004.9,0,,9,,2.4
238,금산,2023-02-22 20:00,4.9,,1.2,320,57,1004.6,,,10,,2.4
238,금산,2023-02-22 21:00,4.2,,1.3,290,59,1004.3,,,10,,2.3
238,금산,2023-02-22 22:00,4,,.9,320,57,1004.4,,,10,,2.2
238,금산,2023-02-22 23:00,3.6,,1.8,320,57,1004.4,,,10,,2
238,금산,2023-02-23 00:00,2.2,,1.4,320,60,1004.7,,,10,,1.5
238,금산,2023-02-23 01:00,1.5,,1.5,270,70,1004.9,,,10,,1.4
238,금산,2023-02-23 02:00,.9,,1,250,74,1004.5,,,9,,.9
238,금산,2023-02-23 03:00,.5,,1.4,290,72,1003.9,,,6,,.3
238,금산,2023-02-23 04:00,-.5,,1.3,340,79,1004,,,7,,-.1
238,금산,2023-02-23 05:00,-1.5,,.6,290,84,1004.4,,,0,,.2
238,금산,2023-02-23 06:00,-2.3,,0,0,87,1004.4,,,5,,0
238,금산,2023-02-23 07:00,-3.2,,.8,290,89,1004.8,,,6,,-.8
238,금산,2023-02-23 08:00,-2.7,,.4,0,86,1005,.5,,0,,-.6
238,금산,2023-02-23 09:00,-.3,,.4,0,75,1005,1,,0,,-.1
238,금산,2023-02-23 10:00,2.7,,.5,70,53,1004.9,1,,0,,1
238,금산,2023-02-23 11:00,3.7,,1,50,45,1004.4,1,,0,,4.1
238,금산,2023-02-23 12:00,5.1,,1.3,110,40,1003.7,1,,6,,9.8
238,금산,2023-02-23 13:00,7.1,,.8,90,36,1002.2,1,,4,,13.6
238,금산,2023-02-23 14:00,8.7,,1.5,20,29,1001,1,,6,,14.7
238,금산,2023-02-23 15:00,9.2,,1.7,20,29,1000.5,1,,4,,13.5
238,금산,2023-02-23 16:00,8.9,,2.1,270,31,1000.3,1,,5,,10.9
238,금산,2023-02-23 17:00,8.4,,1,340,32,1000.7,1,,6,,7.6
238,금산,2023-02-23 18:00,7.2,,.7,20,37,1000.7,.4,,6,,4.8
238,금산,2023-02-23 19:00,4.1,,1.1,270,51,1001,0,,6,,2.4
238,금산,2023-02-23 20:00,2.5,,.9,270,57,1001.5,,,5,,1.2
238,금산,2023-02-23 21:00,1.9,,.1,0,61,1001.6,,,7,,.9
238,금산,2023-02-23 22:00,1.3,,.7,290,65,1002,,,8,,.7
238,금산,2023-02-23 23:00,.9,,.4,0,65,1001.6,,,8,,.6
238,금산,2023-02-24 00:00,.4,,.4,0,65,1001.3,,,10,,.5
238,금산,2023-02-24 01:00,-.3,,.2,0,69,1001.1,,,7,,.3
238,금산,2023-02-24 02:00,-1,,.1,0,72,1001.6,,,7,,.2
238,금산,2023-02-24 03:00,-1.8,,.3,0,79,1001.3,,,7,,0
238,금산,2023-02-24 04:00,-2.2,,0,0,78,1001.3,,,4,,-.8
238,금산,2023-02-24 05:00,-3.1,,.3,0,81,1001.3,,,6,,-1.2
238,금산,2023-02-24 06:00,-3,,.1,0,82,1001.5,,,8,,-1.2
238,금산,2023-02-24 07:00,-3.2,,.3,0,83,1001.8,,,6,,-1.7
238,금산,2023-02-24 08:00,-2.9,,.6,200,83,1002.5,0,,1,,-1.1
238,금산,2023-02-24 09:00,-.7,,.6,270,77,1003.2,.7,,6,,0
238,금산,2023-02-24 10:00,3.3,,.8,320,65,1003.3,.9,,7,,1.1
238,금산,2023-02-24 11:00,4.5,,1.6,360,61,1003.2,1,,6,,3.2
238,금산,2023-02-24 12:00,6.5,,1.5,340,54,1003.1,1,,6,,10
238,금산,2023-02-24 13:00,7.9,,2.4,340,42,1002.4,1,,0,,12.4
238,금산,2023-02-24 14:00,8.9,,2.7,340,34,1002.1,1,,0,,13
238,금산,2023-02-24 15:00,9.3,,3,340,31,1001.8,1,,1,,12
238,금산,2023-02-24 16:00,9.2,,2.8,340,28,1001.9,1,,0,,9.5
238,금산,2023-02-24 17:00,8.1,,3.2,290,27,1002.4,1,,0,,6.1
238,금산,2023-02-24 18:00,6.3,,1.9,320,29,1003.2,.8,,0,,3.4
238,금산,2023-02-24 19:00,4.9,,2.7,290,32,1004,0,,0,,1.5
238,금산,2023-02-24 20:00,3.6,,1.1,250,33,1004.2,,,0,,.8
238,금산,2023-02-24 21:00,2.4,,1.5,290,32,1004.8,,,0,,.3
238,금산,2023-02-24 22:00,.9,,1.7,320,40,1005.9,,,0,,0
238,금산,2023-02-24 23:00,-.3,,1.6,270,54,1006.3,,,0,,-.9
238,금산,2023-02-25 00:00,-1,,.9,290,60,1006.7,,,0,,-1.7
238,금산,2023-02-25 01:00,-1.2,,1.1,290,62,1007,,,0,,-2.1
238,금산,2023-02-25 02:00,-1.9,,.8,320,64,1007.4,,,0,,-2.7
238,금산,2023-02-25 03:00,-3.1,,.5,160,70,1007.9,,,0,,-3.2
238,금산,2023-02-25 04:00,-4.6,,.3,0,77,1007.4,,,0,,-3.5
238,금산,2023-02-25 05:00,-5.4,,.1,0,81,1007.7,,,0,,-3.8
238,금산,2023-02-25 06:00,-5.5,,.1,0,84,1008.2,,,0,,-4
238,금산,2023-02-25 07:00,-6.6,,.1,0,86,1008.7,,,0,,-4.2
238,금산,2023-02-25 08:00,-5.3,,.1,0,83,1010,.6,,0,,-3
238,금산,2023-02-25 09:00,-1.8,,.7,110,71,1010,1,,0,,-1
238,금산,2023-02-25 10:00,.8,,1.5,290,51,1010,1,,0,,.6
238,금산,2023-02-25 11:00,1.6,,1.8,320,46,1010.2,1,,0,,1.6
238,금산,2023-02-25 12:00,3.4,,2.5,290,38,1009.9,1,,0,,3.3
238,금산,2023-02-25 13:00,4.2,,2.1,270,38,1009.2,1,,0,,8.3
238,금산,2023-02-25 14:00,5.1,,3.4,270,35,1008.8,1,,0,,11.2
238,금산,2023-02-25 15:00,5.9,,2.2,270,28,1008.7,1,,0,,11.2
238,금산,2023-02-25 16:00,5.9,,2.6,270,26,1008.8,1,,0,,8.8
238,금산,2023-02-25 17:00,5.2,,2.1,320,23,1009,1,,0,,4.3
238,금산,2023-02-25 18:00,3.2,,3,290,23,1010.1,1,,0,,1.4
238,금산,2023-02-25 19:00,1.4,,1.5,320,30,1011.4,0,,0,,.7
238,금산,2023-02-25 20:00,-.3,,1.3,290,35,1012.5,,,0,,.1
238,금산,2023-02-25 21:00,-1.3,,.2,0,41,1013.2,,,0,,-1.1
238,금산,2023-02-25 22:00,-2.7,,1.2,320,47,1013.9,,,0,,-1.8
238,금산,2023-02-25 23:00,-3.4,,.6,160,58,1014.3,,,0,,-2.5
238,금산,2023-02-26 00:00,-4.7,,.4,0,64,1014,,,0,,-2.8
238,금산,2023-02-26 01:00,-5.5,,.4,0,67,1014.2,,,0,,-3.1
238,금산,2023-02-26 02:00,-6.1,,.1,0,72,1014.4,,,0,,-3.6
238,금산,2023-02-26 03:00,-7.1,,.3,0,75,1014.8,,,0,,-3.8
238,금산,2023-02-26 04:00,-7.4,,.4,0,76,1015,,,0,,-4.1
238,금산,2023-02-26 05:00,-7.7,,.5,270,79,1015.3,,,0,,-4.3
238,금산,2023-02-26 06:00,-8.2,,.6,270,81,1015.5,,,0,,-4.6
238,금산,2023-02-26 07:00,-8.6,,.5,290,83,1016.1,,,0,,-4.8
238,금산,2023-02-26 08:00,-7.5,,0,0,82,1016.6,.7,,0,,-3.8
238,금산,2023-02-26 09:00,-4.4,,.5,70,67,1016.8,1,,0,,-1.9
238,금산,2023-02-26 10:00,-1.6,,.3,0,54,1016.7,1,,0,,.3
238,금산,2023-02-26 11:00,2,,1,160,34,1016.4,1,,0,,1.8
238,금산,2023-02-26 12:00,3.9,,1.7,270,31,1015.7,1,,0,,3.9
238,금산,2023-02-26 13:00,6.5,,1.2,90,25,1014.5,1,,0,,8.2
238,금산,2023-02-26 14:00,8.2,,1.5,320,20,1013.7,1,,0,,10.8
238,금산,2023-02-26 15:00,8.6,,2,340,19,1013.2,1,,0,,11.6
238,금산,2023-02-26 16:00,9.4,,1.9,20,20,1013,1,,0,,9.6
238,금산,2023-02-26 17:00,8.9,,2,290,23,1013.1,1,,0,,5.8
238,금산,2023-02-26 18:00,7.2,,1.2,290,26,1013.4,1,,0,,3.1
238,금산,2023-02-26 19:00,2.7,,1,270,43,1013.8,0,,0,,.9
238,금산,2023-02-26 20:00,2.3,,.8,320,46,1014.2,,,0,,.6
238,금산,2023-02-26 21:00,-.1,,1,290,60,1014.6,,,0,,.2
238,금산,2023-02-26 22:00,-1.2,,.5,250,64,1014.9,,,0,,-.3
238,금산,2023-02-26 23:00,-2,,.6,270,70,1015,,,0,,-1.3
238,금산,2023-02-27 00:00,-3,,.2,0,76,1014.9,,,0,,-2
238,금산,2023-02-27 01:00,-3.7,,.3,0,80,1015.4,,,0,,-2.2
238,금산,2023-02-27 02:00,-4.8,,.5,320,84,1015.6,,,0,,-2.5
238,금산,2023-02-27 03:00,-5.3,,.3,0,84,1014.7,,,0,,-2.8
238,금산,2023-02-27 04:00,-5.9,,0,0,88,1014.6,,,0,,-3.1
238,금산,2023-02-27 05:00,-6.2,,.1,0,88,1014.6,,,0,,-3.3
238,금산,2023-02-27 06:00,-6.7,,.4,0,90,1014.8,,,0,,-3.7
238,금산,2023-02-27 07:00,-7.1,,.5,270,91,1014.8,,,0,,-4
238,금산,2023-02-27 08:00,-5.8,,.2,0,88,1015.3,.7,,0,,-3
238,금산,2023-02-27 09:00,-2.7,,.7,160,75,1015.3,1,,0,,-1.2
238,금산,2023-02-27 10:00,1.6,,.4,0,59,1015.1,1,,0,,.4
238,금산,2023-02-27 11:00,4.8,,.7,140,44,1014.4,1,,0,,2
238,금산,2023-02-27 12:00,9.1,,1.2,160,31,1013.2,1,,0,,5.2
238,금산,2023-02-27 13:00,12.3,,1.3,340,22,1011.8,1,,0,,11.2
238,금산,2023-02-27 14:00,13,,1,140,19,1010.7,1,,0,,14.7
238,금산,2023-02-27 15:00,14,,2.3,290,14,1010.3,1,,0,,14.8
238,금산,2023-02-27 16:00,13.4,,2.8,290,12,1010.1,1,,0,,12
238,금산,2023-02-27 17:00,12.7,,2.2,290,14,1009.9,1,,0,,7.9
238,금산,2023-02-27 18:00,10.8,,1.9,290,17,1010,1,,0,,4.8
238,금산,2023-02-27 19:00,8.9,,1.1,320,22,1010.1,0,,0,,2.4
238,금산,2023-02-27 20:00,5.5,,.5,340,32,1010.5,,,0,,1
238,금산,2023-02-27 21:00,4.8,,.5,340,41,1010.3,,,0,,.8
238,금산,2023-02-27 22:00,1.6,,.3,0,52,1010.7,,,0,,.4
238,금산,2023-02-27 23:00,-.1,,.2,0,60,1010.5,,,0,,0
238,금산,2023-02-28 00:00,-1.7,,.3,0,68,1009.9,,,0,,-1
238,금산,2023-02-28 01:00,-2.2,,.2,0,69,1009.5,,,0,,-1.5
238,금산,2023-02-28 02:00,-2.8,,0,0,73,1009.3,,,0,,-1.9
238,금산,2023-02-28 03:00,-4.1,,.4,0,76,1008.8,,,0,,-2
238,금산,2023-02-28 04:00,-4.3,,.1,0,78,1008.2,,,0,,-2.5
238,금산,2023-02-28 05:00,-4.9,,.5,270,80,1008.2,,,0,,-2.8
238,금산,2023-02-28 06:00,-5.5,,.7,290,82,1008.2,,,1,,-3.2
238,금산,2023-02-28 07:00,-5.9,,.1,0,84,1008.2,,,0,,-3.5
238,금산,2023-02-28 08:00,-4.2,,.5,340,80,1009.1,.8,,0,,-2.5
238,금산,2023-02-28 09:00,-.8,,.6,360,68,1008.7,1,,0,,-.9
238,금산,2023-02-28 10:00,4,,.7,360,47,1008.3,1,,0,,.4
238,금산,2023-02-28 11:00,9.9,,.9,90,25,1007.8,1,,0,,2.2
238,금산,2023-02-28 12:00,11.1,,3.6,290,38,1007,1,,0,,6.8
238,금산,2023-02-28 13:00,11.6,,2.7,270,35,1006,1,,0,,12.3
238,금산,2023-02-28 14:00,12.4,,3.5,250,31,1004.8,1,,0,,15
238,금산,2023-02-28 15:00,13.2,,3,230,32,1003.8,1,,0,,15.7
238,금산,2023-02-28 16:00,13.2,,3.1,270,33,1003.1,1,,0,,13.4
238,금산,2023-02-28 17:00,12.6,,1.9,290,43,1002.7,1,,0,,9.8
238,금산,2023-02-28 18:00,10.7,,1.7,290,53,1003,.9,,0,,7
238,금산,2023-02-28 19:00,8.2,,1.5,290,66,1003.4,0,,5,,4.9
238,금산,2023-02-28 20:00,7.1,,1,20,70,1003.8,,,6,,3.4
238,금산,2023-02-28 21:00,6.1,,.5,320,74,1003.9,,,6,,3.1
238,금산,2023-02-28 22:00,6.9,,.2,0,74,1003.8,,,7,,4.3
238,금산,2023-02-28 23:00,6.5,,.6,160,75,1003.3,,,1,,4.3
238,금산,2023-03-01 00:00,6.4,,.6,70,74,1003.4,,,9,,4.4
