지점,지점명,일시,기온(°C),강수량(mm),풍속(m/s),풍향(16방위),습도(%),일조(hr),적설(cm),전운량(10분위),지면상태(지면상태코드),지면온도(°C)
238,금산,2021-04-01 03:00,6.3,,0,0,72,,,0,,4.4
238,금산,2021-04-01 04:00,5.8,,0,0,77,,,1,,4
238,금산,2021-04-01 05:00,5.2,,.1,0,81,,,0,,3.7
238,금산,2021-04-01 06:00,5,,.1,0,80,,,8,,3.8
238,금산,2021-04-01 07:00,6,,.1,0,79,0,,6,,5.3
238,금산,2021-04-01 08:00,10.5,,.9,160,59,.4,,7,,8.4
238,금산,2021-04-01 09:00,13.9,,2,110,48,1,,6,,15.3
238,금산,2021-04-01 10:00,16.2,,3.2,90,39,1,,8,,19.9
238,금산,2021-04-01 11:00,17.3,,4,90,33,.9,,9,,21.9
238,금산,2021-04-01 12:00,18.6,,4.8,90,33,.4,,9,,27
238,금산,2021-04-01 13:00,19,,4.5,90,36,.9,,9,,29.6
238,금산,2021-04-01 14:00,19.4,,4.1,70,34,.4,,9,,25
238,금산,2021-04-01 15:00,20.3,,4.4,90,28,1,,7,,28.2
238,금산,2021-04-01 16:00,20.3,,4.1,110,26,.8,,8,,27.2
238,금산,2021-04-01 17:00,19.2,,3.6,140,27,.9,,8,,22
238,금산,2021-04-01 18:00,17.3,,3.2,140,30,.3,,8,,15.8
238,금산,2021-04-01 19:00,16,,2.9,140,33,0,,7,,12.7
238,금산,2021-04-01 20:00,15.3,,2.8,140,33,,,10,,12.1
238,금산,2021-04-01 21:00,14.7,,1.9,110,32,,,9,,11
238,금산,2021-04-01 22:00,14.1,,2.7,110,34,,,9,,10.3
238,금산,2021-04-01 23:00,13.5,,2.9,90,38,,,10,,10.2
238,금산,2021-04-02 00:00,13.2,,4,90,39,,,10,,10.1
238,금산,2021-04-02 01:00,12.8,,2,90,42,,,9,,9.7
238,금산,2021-04-02 02:00,12.3,,2.5,110,45,,,10,,9.7
238,금산,2021-04-02 03:00,12.2,,3.4,90,47,,,8,,9.7
238,금산,2021-04-02 04:00,12.2,,3.8,90,48,,,7,,9.5
238,금산,2021-04-02 05:00,12,,1.4,90,50,,,5,,9.4
238,금산,2021-04-02 06:00,12.2,,2,90,49,,,1,,9.4
238,금산,2021-04-02 07:00,12.2,,2.3,110,51,0,,0,,9.8
238,금산,2021-04-02 08:00,13.5,,2.2,70,51,.6,,8,,13
238,금산,2021-04-02 09:00,13.5,,2.2,110,53,0,,9,,14.2
238,금산,2021-04-02 10:00,15.6,,3.1,90,51,.3,,10,,23.4
238,금산,2021-04-02 11:00,17.6,,3.2,110,48,.8,,7,,30.4
238,금산,2021-04-02 12:00,19.7,,2.5,90,44,.9,,7,,32.5
238,금산,2021-04-02 13:00,21.8,,2.1,90,39,1,,4,,36.4
238,금산,2021-04-02 14:00,22.8,,1.9,50,40,1,,3,,36.7
238,금산,2021-04-02 15:00,22.7,,2,90,37,.6,,9,,31.5
238,금산,2021-04-02 16:00,22.1,,1.8,70,41,0,,10,,23.9
238,금산,2021-04-02 17:00,21.6,,1.5,70,43,0,,10,,22.7
238,금산,2021-04-02 18:00,20.8,,1,90,46,0,,9,,19.4
238,금산,2021-04-02 19:00,19.9,,.9,20,50,0,,9,,16.8
238,금산,2021-04-02 20:00,18.2,,.5,250,60,,,9,,15.5
238,금산,2021-04-02 21:00,17.2,,.3,0,65,,,7,,14.5
238,금산,2021-04-02 22:00,16.8,,.4,0,66,,,9,,14.1
238,금산,2021-04-02 23:00,16.6,,.4,0,68,,,9,,13.9
238,금산,2021-04-03 00:00,16.7,,.5,160,66,,,10,,13.2
238,금산,2021-04-03 01:00,15.2,,.8,270,73,,,8,,12.6
238,금산,2021-04-03 02:00,14.9,,.6,250,75,,,10,,12.9
238,금산,2021-04-03 03:00,14.9,,.3,0,75,,,8,,12.7
238,금산,2021-04-03 04:00,14.8,,.5,180,77,,,9,,12.5
238,금산,2021-04-03 05:00,14.4,,.4,0,78,,,8,,12.3
238,금산,2021-04-03 06:00,15,,1.2,200,72,,,9,,12.6
238,금산,2021-04-03 07:00,15.1,,.6,110,71,0,,9,,12.8
238,금산,2021-04-03 08:00,15.4,,.4,0,70,0,,9,,14.2
238,금산,2021-04-03 09:00,15.7,,.8,160,69,0,,9,,14.7
238,금산,2021-04-03 10:00,16.5,,.6,140,67,0,,9,,17.3
238,금산,2021-04-03 11:00,17.2,0,.6,160,65,0,,10,,20.4
238,금산,2021-04-03 12:00,17.3,.2,.6,270,75,0,,9,,18
238,금산,2021-04-03 13:00,16.1,2,.7,20,91,0,,10,,17.7
238,금산,2021-04-03 14:00,16.9,1.3,1.8,110,93,0,,,,18.8
238,금산,2021-04-03 15:00,16.9,.5,1.2,110,95,0,,,,17.7
238,금산,2021-04-03 16:00,16.5,4.2,1.8,140,95,0,,,,16.7
238,금산,2021-04-03 17:00,16.2,3.1,2.4,140,96,0,,10,,16
238,금산,2021-04-03 18:00,16.2,.7,2.3,140,96,0,,10,,15.6
238,금산,2021-04-03 19:00,16.3,.8,.5,110,96,0,,10,,15.3
238,금산,2021-04-03 20:00,15.9,.1,.1,0,99,,,9,,15.1
238,금산,2021-04-03 21:00,15.8,.7,.5,290,100,,,10,,15
238,금산,2021-04-03 22:00,15.8,.3,.9,290,100,,,10,,14.9
238,금산,2021-04-03 23:00,14.6,.3,1.8,340,98,,,9,,14.5
238,금산,2021-04-04 00:00,14,.1,2.1,340,98,,,10,,14
238,금산,2021-04-04 01:00,13.9,.1,1.7,360,92,,,5,,13.5
238,금산,2021-04-04 02:00,13.9,,1,290,90,,,10,,13.3
238,금산,2021-04-04 03:00,13.4,,.2,0,95,,,9,,13.3
238,금산,2021-04-04 04:00,13.3,.3,1.7,290,94,,,10,,13
238,금산,2021-04-04 05:00,12.6,1.3,1,340,98,,,9,,12.7
238,금산,2021-04-04 06:00,12.3,1.4,1,340,98,,,10,,12.4
238,금산,2021-04-04 07:00,11.6,2.2,.8,320,97,0,,8,,12.1
238,금산,2021-04-04 08:00,11.2,.7,1.1,340,99,0,,9,,12.1
238,금산,2021-04-04 09:00,11.6,.4,1.8,70,88,0,,9,,12.7
238,금산,2021-04-04 10:00,11.9,,2,90,85,0,,9,,14.7
238,금산,2021-04-04 11:00,12.3,,1.5,70,80,0,,9,,14.5
238,금산,2021-04-04 12:00,11.8,,2,70,78,0,,,,14.3
238,금산,2021-04-04 13:00,11.2,,2.4,110,78,0,,10,,13.8
238,금산,2021-04-04 14:00,11.5,,2.4,70,76,0,,10,,15.6
238,금산,2021-04-04 15:00,11.6,,1.2,110,75,0,,10,,15.5
238,금산,2021-04-04 16:00,12.6,,1.6,110,70,0,,10,,17.2
238,금산,2021-04-04 17:00,12.2,,1,110,71,0,,10,,13.9
238,금산,2021-04-04 18:00,11.9,,1.9,50,74,0,,10,,12.3
238,금산,2021-04-04 19:00,10.7,,1.4,110,84,0,,10,,11.3
238,금산,2021-04-04 20:00,9.8,,1.2,110,87,,,3,,9.2
238,금산,2021-04-04 21:00,9,,.5,270,92,,,2,,9.2
238,금산,2021-04-04 22:00,8.5,,.1,0,95,,,0,,8.6
238,금산,2021-04-04 23:00,8,,.3,0,97,,,0,,8.3
238,금산,2021-04-05 00:00,7.5,,.6,270,98,,,5,,7.4
238,금산,2021-04-05 01:00,6.5,,.9,270,99,,,0,,6.5
238,금산,2021-04-05 02:00,5.5,,.3,0,99,,,6,,5.6
238,금산,2021-04-05 03:00,4.9,,.2,0,100,,,9,,5.2
238,금산,2021-04-05 04:00,4.7,,.3,0,100,,,10,,6.7
238,금산,2021-04-05 05:00,5,,.3,0,100,,,10,,7.1
238,금산,2021-04-05 06:00,4.5,,.4,0,100,,,10,,6.3
238,금산,2021-04-05 07:00,4.3,,.2,0,100,0,,10,,7.3
238,금산,2021-04-05 08:00,4.8,,.6,230,100,0,,9,,9
238,금산,2021-04-05 09:00,6.5,,.5,290,100,.1,,0,,13.7
238,금산,2021-04-05 10:00,11.2,,2.4,70,38,1,,0,,19.4
238,금산,2021-04-05 11:00,12.2,,2,70,31,1,,0,,23.6
238,금산,2021-04-05 12:00,13.2,,1.5,20,35,1,,,,26.7
238,금산,2021-04-05 13:00,14.8,,2.2,70,26,1,,,,27.9
238,금산,2021-04-05 14:00,15.7,,2.6,110,27,1,,,,28.8
238,금산,2021-04-05 15:00,16.6,,1.4,110,26,1,,0,,28.3
238,금산,2021-04-05 16:00,17,,1.5,90,24,1,,0,,26.2
238,금산,2021-04-05 17:00,16.5,,1.6,90,25,1,,0,,22.4
238,금산,2021-04-05 18:00,15.5,,1.6,70,29,1,,0,,14.9
238,금산,2021-04-05 19:00,14.4,,.9,70,33,.5,,0,,11.3
238,금산,2021-04-05 20:00,10.1,,1.3,270,57,,,2,,9.1
238,금산,2021-04-05 21:00,8.7,,1.1,250,63,,,0,,7.8
238,금산,2021-04-05 22:00,7.1,,.1,0,72,,,0,,6.8
238,금산,2021-04-05 23:00,6.2,,.8,290,75,,,6,,5.9
238,금산,2021-04-06 00:00,5.7,,.6,270,80,,,7,,5.8
238,금산,2021-04-06 01:00,5.1,,.6,270,83,,,7,,5.5
238,금산,2021-04-06 02:00,4.3,,.4,0,87,,,2,,4.5
238,금산,2021-04-06 03:00,3.3,,.8,290,91,,,0,,3.7
238,금산,2021-04-06 04:00,2.8,,.4,0,94,,,3,,3.5
238,금산,2021-04-06 05:00,2.5,,.2,0,94,,,7,,3.4
238,금산,2021-04-06 06:00,2.6,,.7,270,95,,,10,,4.3
238,금산,2021-04-06 07:00,3.8,,.2,0,90,0,,7,,5.6
238,금산,2021-04-06 08:00,5,,.6,320,88,.2,,7,,7.7
238,금산,2021-04-06 09:00,7.2,,.3,0,77,.5,,8,,11.7
238,금산,2021-04-06 10:00,10.1,,.6,230,61,.3,,9,,18.3
238,금산,2021-04-06 11:00,14.8,,.9,290,39,.7,,6,,25
238,금산,2021-04-06 12:00,16.9,,2.3,340,28,1,,,,27.7
238,금산,2021-04-06 13:00,18.4,,2.2,290,25,1,,,,28.8
238,금산,2021-04-06 14:00,19,,2.9,270,30,1,,,,29.7
238,금산,2021-04-06 15:00,19.1,,2.6,290,25,.9,,0,,29.3
238,금산,2021-04-06 16:00,19.2,,2.8,320,22,.6,,1,,22.9
238,금산,2021-04-06 17:00,19,,3.1,360,22,1,,0,,21.8
238,금산,2021-04-06 18:00,17.5,,2.9,290,28,1,,0,,15.3
238,금산,2021-04-06 19:00,15.8,,1.7,290,32,.5,,0,,11.8
238,금산,2021-04-06 20:00,14.2,,1.5,270,39,,,0,,9.9
238,금산,2021-04-06 21:00,13.1,,1.4,270,45,,,0,,8.9
238,금산,2021-04-06 22:00,11.2,,.6,20,55,,,0,,7.8
238,금산,2021-04-06 23:00,9.8,,.2,0,63,,,0,,6.7
238,금산,2021-04-07 00:00,9,,.3,0,66,,,0,,6
238,금산,2021-04-07 01:00,7.5,,.3,0,74,,,0,,5.4
238,금산,2021-04-07 02:00,6.2,,.1,0,78,,,0,,4.7
238,금산,2021-04-07 03:00,5.2,,1.1,270,82,,,0,,4.4
238,금산,2021-04-07 04:00,4.5,,.3,0,85,,,0,,3.7
238,금산,2021-04-07 05:00,3.5,,.7,320,90,,,0,,3.4
238,금산,2021-04-07 06:00,2.6,,.3,0,93,,,0,,3
238,금산,2021-04-07 07:00,3.4,,.7,270,90,.3,,0,,3.9
238,금산,2021-04-07 08:00,6.1,,.4,0,81,1,,0,,6.5
238,금산,2021-04-07 09:00,9.9,,.5,20,62,1,,0,,14.8
238,금산,2021-04-07 10:00,14,,.9,70,47,1,,0,,22.2
238,금산,2021-04-07 11:00,17,,1.2,140,37,1,,0,,26.9
238,금산,2021-04-07 12:00,18.3,,1.4,230,30,1,,1,,30.4
238,금산,2021-04-07 13:00,20.5,,2.3,340,21,1,,0,,32.5
238,금산,2021-04-07 14:00,21,,2.8,360,19,1,,0,,33
238,금산,2021-04-07 15:00,21.1,,2.8,340,16,1,,0,,32.1
238,금산,2021-04-07 16:00,20.4,,2.5,340,22,1,,0,,25.8
238,금산,2021-04-07 17:00,20.8,,2,320,22,1,,4,,25.3
238,금산,2021-04-07 18:00,18.6,,3.6,290,32,.9,,6,,17.8
238,금산,2021-04-07 19:00,17,,2.1,290,39,0,,1,,13.9
238,금산,2021-04-07 20:00,15.1,,1,290,36,,,3,,11.3
238,금산,2021-04-07 21:00,12.2,,.8,290,54,,,6,,9.7
238,금산,2021-04-07 22:00,10.7,,.9,340,55,,,6,,8.4
238,금산,2021-04-07 23:00,9.9,,.2,0,61,,,5,,7.3
238,금산,2021-04-08 00:00,8.9,,.4,0,66,,,8,,7.2
238,금산,2021-04-08 01:00,7.7,,.6,290,69,,,7,,6.6
238,금산,2021-04-08 02:00,7,,.2,0,77,,,9,,6.3
238,금산,2021-04-08 03:00,6.3,,.7,250,79,,,7,,5.8
238,금산,2021-04-08 04:00,5.8,,.6,360,81,,,6,,4.9
238,금산,2021-04-08 05:00,4.8,,.6,290,86,,,4,,4.2
238,금산,2021-04-08 06:00,4,,.5,290,90,,,2,,3.8
238,금산,2021-04-08 07:00,4.5,,.1,0,88,0,,2,,5.1
238,금산,2021-04-08 08:00,6.8,,.2,0,78,.8,,5,,7.7
238,금산,2021-04-08 09:00,9.9,,.5,160,62,1,,6,,13.7
238,금산,2021-04-08 10:00,14.1,,1,340,37,1,,0,,22.7
238,금산,2021-04-08 11:00,16.4,,2.9,340,22,1,,0,,27.1
238,금산,2021-04-08 12:00,16.6,,3,340,17,1,,0,,29.9
238,금산,2021-04-08 13:00,17.4,,3.2,340,18,1,,0,,31.9
238,금산,2021-04-08 14:00,18.3,,2.5,340,21,1,,0,,33
238,금산,2021-04-08 15:00,18.3,,2.4,270,25,1,,,,32.4
238,금산,2021-04-08 16:00,18.4,,2.5,320,23,1,,0,,29.4
238,금산,2021-04-08 17:00,17.9,,2.6,270,25,1,,0,,25.1
238,금산,2021-04-08 18:00,15.8,,2.8,250,28,1,,0,,16.3
238,금산,2021-04-08 19:00,14,,2.7,270,36,.6,,0,,12.3
238,금산,2021-04-08 20:00,12.7,,1.7,270,34,,,0,,9.9
238,금산,2021-04-08 21:00,11,,.7,250,37,,,0,,7.8
238,금산,2021-04-08 22:00,8.9,,.7,320,46,,,0,,6.6
238,금산,2021-04-08 23:00,8.6,,.5,20,48,,,0,,5.5
238,금산,2021-04-09 00:00,7.1,,.7,180,59,,,0,,4.9
238,금산,2021-04-09 01:00,5.1,,.2,0,67,,,0,,3.9
238,금산,2021-04-09 02:00,3.8,,1.2,320,73,,,6,,3.5
238,금산,2021-04-09 03:00,3.5,,.1,0,75,,,6,,2.7
238,금산,2021-04-09 04:00,2.1,,.9,320,81,,,6,,2.4
238,금산,2021-04-09 05:00,1.7,,.2,0,83,,,1,,1.8
238,금산,2021-04-09 06:00,1.2,,.8,270,87,,,1,,1.6
238,금산,2021-04-09 07:00,1.9,,.2,0,85,.4,,0,,2.8
238,금산,2021-04-09 08:00,4.8,,.6,320,74,1,,1,,5.5
238,금산,2021-04-09 09:00,8.9,,.5,20,54,1,,0,,14.9
238,금산,2021-04-09 10:00,13.4,,.9,140,40,1,,0,,22.7
238,금산,2021-04-09 11:00,15.5,,2.1,90,37,1,,4,,27.9
238,금산,2021-04-09 12:00,16.6,,1.7,140,34,1,,,,31.9
238,금산,2021-04-09 13:00,17.7,,1.8,160,33,1,,6,,35.3
238,금산,2021-04-09 14:00,18.2,,2.2,50,32,1,,7,,34.5
238,금산,2021-04-09 15:00,17.9,,3,90,37,1,,6,,33.9
238,금산,2021-04-09 16:00,16.5,,3.8,90,40,.6,,6,,26.7
238,금산,2021-04-09 17:00,16.6,,2.6,90,42,1,,5,,23.6
238,금산,2021-04-09 18:00,14.7,,2.5,90,48,.7,,3,,16.5
238,금산,2021-04-09 19:00,13.4,,2.3,110,52,.4,,2,,12.5
238,금산,2021-04-09 20:00,11.9,,2.9,90,55,,,1,,10.5
238,금산,2021-04-09 21:00,10.8,,2.5,90,57,,,0,,9.2
238,금산,2021-04-09 22:00,9.9,,2.2,110,59,,,0,,8.2
238,금산,2021-04-09 23:00,9.2,,2,110,59,,,0,,7.4
238,금산,2021-04-10 00:00,8.4,,1.6,110,61,,,9,,6.7
238,금산,2021-04-10 01:00,8.2,,1.3,110,62,,,7,,7
238,금산,2021-04-10 02:00,6.5,,.4,0,73,,,7,,6.5
238,금산,2021-04-10 03:00,5.8,,.3,0,77,,,0,,5.1
238,금산,2021-04-10 04:00,4.4,,.7,250,84,,,0,,4.3
238,금산,2021-04-10 05:00,3.8,,.6,250,86,,,0,,3.7
238,금산,2021-04-10 06:00,3.2,,.5,270,88,,,0,,3.2
238,금산,2021-04-10 07:00,3.7,,0,0,87,.3,,0,,4.7
238,금산,2021-04-10 08:00,7.1,,.3,0,75,1,,0,,7.6
238,금산,2021-04-10 09:00,9.2,,1.4,110,59,1,,0,,15.7
238,금산,2021-04-10 10:00,11.8,,1.1,70,52,1,,5,,23.3
238,금산,2021-04-10 11:00,14.5,,1,20,47,1,,0,,29.3
238,금산,2021-04-10 12:00,16.1,,.9,180,36,1,,0,,33.6
238,금산,2021-04-10 13:00,17.4,,.8,70,35,1,,1,,36.3
238,금산,2021-04-10 14:00,18.4,,1.2,340,26,1,,8,,36.1
238,금산,2021-04-10 15:00,18.6,,1.8,290,28,1,,7,,34.8
238,금산,2021-04-10 16:00,18.6,,1.6,70,30,1,,2,,32.5
238,금산,2021-04-10 17:00,18.5,,1.8,20,30,1,,4,,26.4
238,금산,2021-04-10 18:00,17.5,,1.9,360,31,1,,5,,18.6
238,금산,2021-04-10 19:00,15.9,,1,360,36,.4,,0,,13.8
238,금산,2021-04-10 20:00,12.4,,1,290,55,,,0,,11.3
238,금산,2021-04-10 21:00,11.7,,.6,270,58,,,0,,9.5
238,금산,2021-04-10 22:00,10.1,,.9,270,68,,,0,,8.4
238,금산,2021-04-10 23:00,9.3,,.2,0,71,,,0,,7.4
238,금산,2021-04-11 00:00,8.2,,.3,0,77,,,0,,6.5
238,금산,2021-04-11 01:00,7,,.1,0,83,,,0,,5.7
238,금산,2021-04-11 02:00,6,,.4,0,86,,,0,,5.1
238,금산,2021-04-11 03:00,5.1,,.2,0,91,,,0,,4.6
238,금산,2021-04-11 04:00,4.5,,.4,0,92,,,0,,4.3
238,금산,2021-04-11 05:00,4,,.4,0,94,,,1,,3.8
238,금산,2021-04-11 06:00,3.6,,.5,290,95,,,0,,3.5
238,금산,2021-04-11 07:00,3.9,,.9,290,95,.3,,10,,4.8
238,금산,2021-04-11 08:00,6.4,,.7,290,85,1,,2,,8.2
238,금산,2021-04-11 09:00,9.9,,.6,20,73,1,,1,,16.6
238,금산,2021-04-11 10:00,13.9,,.9,110,49,1,,0,,24.2
238,금산,2021-04-11 11:00,16.6,,.7,160,37,1,,0,,31.2
238,금산,2021-04-11 12:00,18.8,,1.4,140,32,1,,0,,35.5
238,금산,2021-04-11 13:00,20.4,,2.2,160,30,1,,0,,37.7
238,금산,2021-04-11 14:00,21.3,,1.6,250,26,1,,0,,38.6
238,금산,2021-04-11 15:00,22.3,,2,90,24,1,,1,,37.5
238,금산,2021-04-11 16:00,22.6,,1.8,50,25,1,,0,,34.2
238,금산,2021-04-11 17:00,22.2,,1.9,110,24,1,,0,,29.4
238,금산,2021-04-11 18:00,21.2,,2.8,90,24,1,,0,,20.9
238,금산,2021-04-11 19:00,18.3,,1,250,34,.2,,4,,15.6
238,금산,2021-04-11 20:00,15,,.6,270,45,0,,7,,12.9
238,금산,2021-04-11 21:00,14.4,,.2,0,51,,,8,,11.8
238,금산,2021-04-11 22:00,13.6,,.8,360,49,,,9,,11.3
238,금산,2021-04-11 23:00,13,,.3,0,53,,,10,,11.2
238,금산,2021-04-12 00:00,11.8,,.5,290,61,,,8,,10.2
238,금산,2021-04-12 01:00,11.5,,.3,0,63,,,9,,10
238,금산,2021-04-12 02:00,10.8,,.1,0,67,,,10,,9.4
238,금산,2021-04-12 03:00,10.3,,.4,0,71,,,10,,9.7
238,금산,2021-04-12 04:00,10.1,,.6,270,71,,,10,,9.6
238,금산,2021-04-12 05:00,10,,.3,0,72,,,10,,9.6
238,금산,2021-04-12 06:00,9.4,,.3,0,76,,,10,,9.1
238,금산,2021-04-12 07:00,10.3,,.6,90,64,0,,10,,10.3
238,금산,2021-04-12 08:00,11.1,,.3,0,64,0,,10,,12.6
238,금산,2021-04-12 09:00,12.6,,.3,0,54,0,,10,,14.6
238,금산,2021-04-12 10:00,13.1,0,1.8,110,54,0,,10,,14.1
238,금산,2021-04-12 11:00,13.1,0,1.3,140,57,0,,10,,15
238,금산,2021-04-12 12:00,11.8,.4,1.7,160,76,0,,10,,15.1
238,금산,2021-04-12 13:00,11.4,1.7,.9,200,86,0,,10,,16.1
238,금산,2021-04-12 14:00,12.4,0,1.4,160,91,0,,10,,16.1
238,금산,2021-04-12 15:00,12.7,.3,1.7,110,92,0,,10,,14.8
238,금산,2021-04-12 16:00,12.6,1.4,2.1,90,94,0,,10,,14.1
238,금산,2021-04-12 17:00,12.6,2.1,1.2,110,96,0,,10,,13.5
238,금산,2021-04-12 18:00,12.6,2.7,1.2,110,98,0,,10,,13
238,금산,2021-04-12 19:00,12.5,3.3,1.4,110,99,0,,10,,12.6
238,금산,2021-04-12 20:00,12.4,3.1,1,90,98,0,,10,,12.4
238,금산,2021-04-12 21:00,12.3,2.1,.8,140,99,,,10,,12.3
238,금산,2021-04-12 22:00,13.3,.1,1.7,140,95,,,10,,12.5
238,금산,2021-04-12 23:00,14.9,0,3.1,160,89,,,10,,13
238,금산,2021-04-13 00:00,15.4,.3,3.6,180,88,,,10,,13.4
238,금산,2021-04-13 01:00,14.9,0,1.9,140,92,,,1,,13.4
238,금산,2021-04-13 02:00,15.9,0,2.7,270,86,,,10,,13.5
238,금산,2021-04-13 03:00,13.9,.2,2.6,270,88,,,10,,13
238,금산,2021-04-13 04:00,11.8,0,3.3,270,92,,,10,,11.8
238,금산,2021-04-13 05:00,11.4,0,1.8,270,91,,,10,,11.4
238,금산,2021-04-13 06:00,11.1,,1.2,250,90,,,9,,11.1
238,금산,2021-04-13 07:00,11.1,,1.6,270,89,0,,5,,11.3
238,금산,2021-04-13 08:00,10.9,,2.8,250,90,0,,6,,11.8
238,금산,2021-04-13 09:00,11.3,,2.1,270,88,0,,10,,13
238,금산,2021-04-13 10:00,11.4,,3.2,270,89,0,,10,,14.2
238,금산,2021-04-13 11:00,13.1,0,2.4,250,81,.1,,10,,19
238,금산,2021-04-13 12:00,13.7,,2.4,270,74,.2,,9,,21.7
238,금산,2021-04-13 13:00,15.9,,3.9,250,65,.7,,8,,27.1
238,금산,2021-04-13 14:00,15.3,,3.5,290,55,.7,,8,,24.6
238,금산,2021-04-13 15:00,14.4,,3.5,290,49,.8,,1,,23.4
238,금산,2021-04-13 16:00,13.6,,3.2,270,51,.9,,0,,22
238,금산,2021-04-13 17:00,12.5,,3.2,290,50,.8,,1,,20.4
238,금산,2021-04-13 18:00,10.5,,2.4,270,55,1,,1,,13.1
238,금산,2021-04-13 19:00,8.3,,2,270,63,.6,,0,,9.8
238,금산,2021-04-13 20:00,6.7,,2.2,270,68,0,,3,,8
238,금산,2021-04-13 21:00,5.6,,1.4,270,71,,,0,,7.1
238,금산,2021-04-13 22:00,5.1,,2,270,72,,,10,,7.1
238,금산,2021-04-13 23:00,4.4,,2.3,270,73,,,9,,5.6
238,금산,2021-04-14 00:00,4.7,,1.8,270,74,,,9,,6.5
238,금산,2021-04-14 01:00,4.6,,1.4,270,75,,,10,,6.6
238,금산,2021-04-14 02:00,4.6,,.9,270,76,,,10,,6.5
238,금산,2021-04-14 03:00,4.2,,1.1,290,75,,,9,,5.2
238,금산,2021-04-14 04:00,4,,1.2,270,74,,,9,,4.6
238,금산,2021-04-14 05:00,3,,.3,0,80,,,5,,3.6
238,금산,2021-04-14 06:00,2,,.4,0,87,0,,4,,2.9
238,금산,2021-04-14 07:00,2.7,,.4,0,84,.4,,3,,3.8
238,금산,2021-04-14 08:00,4.8,,.5,50,71,1,,1,,5.8
238,금산,2021-04-14 09:00,7.8,,1.6,320,57,1,,0,,13.5
238,금산,2021-04-14 10:00,9,,1.9,320,43,1,,0,,19.1
238,금산,2021-04-14 11:00,10.4,,.9,160,39,1,,0,,24.7
238,금산,2021-04-14 12:00,12.4,,2.2,20,29,1,,0,,26.7
238,금산,2021-04-14 13:00,13.5,,1.9,270,34,1,,0,,27.8
238,금산,2021-04-14 14:00,14.7,,3.9,290,27,1,,0,,27.3
238,금산,2021-04-14 15:00,15,,2.4,320,24,1,,0,,27.5
238,금산,2021-04-14 16:00,15.3,,3.4,340,24,1,,0,,24.9
238,금산,2021-04-14 17:00,15.2,,2,270,25,1,,0,,22
238,금산,2021-04-14 18:00,13.5,,2.8,270,28,1,,0,,13.8
238,금산,2021-04-14 19:00,11.6,,1.6,290,33,.6,,0,,10
238,금산,2021-04-14 20:00,10.2,,2.2,270,39,0,,0,,8.2
238,금산,2021-04-14 21:00,8.3,,1.6,320,47,,,0,,6.7
238,금산,2021-04-14 22:00,6.8,,.5,360,56,,,0,,5.7
238,금산,2021-04-14 23:00,5.1,,0,0,66,,,0,,4.7
238,금산,2021-04-15 00:00,3.7,,.2,0,73,,,0,,3.9
238,금산,2021-04-15 01:00,2.6,,.4,0,80,,,0,,3.1
238,금산,2021-04-15 02:00,1.4,,.3,0,85,,,0,,2.4
238,금산,2021-04-15 03:00,.8,,.2,0,86,,,1,,2
238,금산,2021-04-15 04:00,.1,,.2,0,90,,,7,,1.5
238,금산,2021-04-15 05:00,-.6,,.2,0,93,,,1,,1.3
238,금산,2021-04-15 06:00,-.7,,.6,270,94,0,,4,,1.3
238,금산,2021-04-15 07:00,1.1,,.5,180,86,.5,,10,,3.7
238,금산,2021-04-15 08:00,3.4,,1.3,110,79,.9,,8,,6.5
238,금산,2021-04-15 09:00,6.8,,.8,200,63,1,,7,,14.1
238,금산,2021-04-15 10:00,11.2,,1,20,36,1,,7,,20.3
238,금산,2021-04-15 11:00,12.8,,.5,270,30,1,,8,,21.9
238,금산,2021-04-15 12:00,14.4,,1.3,250,25,1,,8,,24.7
238,금산,2021-04-15 13:00,16.5,,1.4,340,22,1,,8,,28.8
238,금산,2021-04-15 14:00,16.5,,1.3,140,20,.9,,8,,28
238,금산,2021-04-15 15:00,17.8,,2.3,180,20,1,,7,,29.3
238,금산,2021-04-15 16:00,18.4,,2.2,110,20,1,,0,,28.9
238,금산,2021-04-15 17:00,19.1,,1.9,140,18,1,,0,,24.9
238,금산,2021-04-15 18:00,17.9,,1,270,21,1,,3,,16.6
238,금산,2021-04-15 19:00,14.1,,1.3,250,41,.6,,0,,12.4
238,금산,2021-04-15 20:00,12.2,,.8,290,50,0,,0,,9.7
238,금산,2021-04-15 21:00,10.5,,.4,0,54,,,5,,8.4
238,금산,2021-04-15 22:00,9.7,,.6,140,61,,,3,,7.6
238,금산,2021-04-15 23:00,8.7,,0,0,65,,,5,,6.6
238,금산,2021-04-16 00:00,6.6,,.5,320,74,,,5,,5.9
238,금산,2021-04-16 01:00,5.7,,.5,270,79,,,7,,5.4
238,금산,2021-04-16 02:00,5.3,,.9,290,82,,,7,,5.4
238,금산,2021-04-16 03:00,6,,.5,50,78,,,9,,6.1
238,금산,2021-04-16 04:00,5.7,,.7,320,81,,,10,,6.8
238,금산,2021-04-16 05:00,5.7,0,.7,320,86,,,8,,6.9
238,금산,2021-04-16 06:00,6.3,.1,.4,0,87,0,,10,,7.6
238,금산,2021-04-16 07:00,7.4,,.3,0,84,0,,10,,8.7
238,금산,2021-04-16 08:00,9.7,,1.2,110,76,0,,10,,10.3
238,금산,2021-04-16 09:00,12.5,,2.2,110,67,.1,,9,,15
238,금산,2021-04-16 10:00,15.3,,1.4,160,54,.7,,8,,21.9
238,금산,2021-04-16 11:00,15.9,,2,230,44,0,,10,,17.4
238,금산,2021-04-16 12:00,15.7,,1.5,250,46,0,,10,,16.8
238,금산,2021-04-16 13:00,15.3,,3,270,50,0,,9,,16.2
238,금산,2021-04-16 14:00,14.3,,3.8,250,59,0,,10,,13.7
238,금산,2021-04-16 15:00,13.7,0,2.1,250,66,0,,10,,13.1
238,금산,2021-04-16 16:00,13.1,0,1.8,290,74,0,,10,,13.1
238,금산,2021-04-16 17:00,13.6,,1.9,270,72,0,,10,,16.3
238,금산,2021-04-16 18:00,13.4,,1.2,340,73,0,,9,,14.3
238,금산,2021-04-16 19:00,12.5,,1.5,290,78,0,,7,,11.8
238,금산,2021-04-16 20:00,11.9,,1.7,270,81,0,,9,,10.6
238,금산,2021-04-16 21:00,11.1,,.7,290,86,,,8,,9.5
238,금산,2021-04-16 22:00,10.5,,1.5,360,90,,,7,,8.8
238,금산,2021-04-16 23:00,9.2,,.2,0,95,,,10,,8.4
238,금산,2021-04-17 00:00,8.6,,0,0,96,,,0,,8
238,금산,2021-04-17 01:00,8,,.2,0,98,,,9,,7.7
238,금산,2021-04-17 02:00,7.3,,.3,0,98,,,8,,6.6
238,금산,2021-04-17 03:00,6.3,,.6,320,99,,,8,,6.2
238,금산,2021-04-17 04:00,6.4,,.6,270,100,,,7,,7.4
238,금산,2021-04-17 05:00,6.3,,.4,0,100,,,4,,8
238,금산,2021-04-17 06:00,6,,.4,0,100,0,,7,,8
238,금산,2021-04-17 07:00,6.2,,1,250,100,0,,1,,8.7
238,금산,2021-04-17 08:00,6.4,,.3,0,100,0,,4,,10.5
238,금산,2021-04-17 09:00,8.5,,1,320,100,.2,,7,,16.1
238,금산,2021-04-17 10:00,11.8,,2.6,340,64,1,,1,,21
238,금산,2021-04-17 11:00,13.4,,3,340,43,1,,0,,24.1
238,금산,2021-04-17 12:00,13.5,,3.7,290,36,.8,,5,,23
238,금산,2021-04-17 13:00,15.2,,2.5,340,25,.7,,6,,29.3
238,금산,2021-04-17 14:00,14.7,,3.5,270,25,.8,,6,,25.1
238,금산,2021-04-17 15:00,15,,4.1,290,32,.7,,6,,28.8
238,금산,2021-04-17 16:00,13.9,0,5,270,34,.6,,6,,25.7
238,금산,2021-04-17 17:00,12.4,,3.7,290,33,.7,,6,,18.6
238,금산,2021-04-17 18:00,11.2,,3.9,290,33,.6,,0,,12.5
238,금산,2021-04-17 19:00,9.6,,2.8,290,35,.6,,0,,9.1
238,금산,2021-04-17 20:00,8.7,,2.6,290,37,0,,0,,7.3
238,금산,2021-04-17 21:00,7.9,,2,270,40,,,1,,6.1
238,금산,2021-04-17 22:00,7.2,,2.7,270,48,,,0,,5.4
238,금산,2021-04-17 23:00,6.9,,2.5,270,55,,,0,,5
238,금산,2021-04-18 00:00,6.6,,1.6,270,65,,,0,,4.7
238,금산,2021-04-18 01:00,6.6,,2.1,270,70,,,3,,4.8
238,금산,2021-04-18 02:00,6.4,,2.5,270,73,,,0,,4.6
238,금산,2021-04-18 03:00,6.6,,2,270,72,,,2,,5.8
238,금산,2021-04-18 04:00,6.8,,2.5,290,68,,,8,,5.8
238,금산,2021-04-18 05:00,6.7,,2.2,290,70,,,9,,5.8
238,금산,2021-04-18 06:00,6.2,,1.4,270,74,0,,2,,4.8
238,금산,2021-04-18 07:00,7.3,,2.3,270,69,.1,,8,,7.2
238,금산,2021-04-18 08:00,8,,1.5,290,66,0,,9,,9.5
238,금산,2021-04-18 09:00,9.4,,3,290,62,.3,,9,,15.6
238,금산,2021-04-18 10:00,10,,3.3,320,54,.7,,9,,20.5
238,금산,2021-04-18 11:00,11.6,,2.4,290,45,.5,,8,,21.9
238,금산,2021-04-18 12:00,12.9,,2.7,270,46,.6,,6,,31.3
238,금산,2021-04-18 13:00,13.7,,2.3,290,42,1,,3,,32.5
238,금산,2021-04-18 14:00,15,,2.6,320,37,1,,1,,33.6
238,금산,2021-04-18 15:00,15.8,,3.3,320,31,1,,0,,31.9
238,금산,2021-04-18 16:00,16.5,,3.6,320,29,1,,0,,29.6
238,금산,2021-04-18 17:00,16.2,,2.6,270,32,1,,0,,26.1
238,금산,2021-04-18 18:00,14.2,,2.4,270,43,1,,0,,16.7
238,금산,2021-04-18 19:00,12.2,,2.3,270,53,.6,,2,,12.3
238,금산,2021-04-18 20:00,10.9,,1.6,270,58,0,,0,,10
238,금산,2021-04-18 21:00,9.3,,2.5,270,64,,,0,,8.4
238,금산,2021-04-18 22:00,8,,1.5,270,69,,,0,,7.2
238,금산,2021-04-18 23:00,7.7,,1.2,230,70,,,0,,6.3
238,금산,2021-04-19 00:00,6.3,,.3,0,74,,,0,,5
238,금산,2021-04-19 01:00,4.2,,.2,0,86,,,0,,4.1
238,금산,2021-04-19 02:00,3.6,,.7,90,88,,,0,,3.3
238,금산,2021-04-19 03:00,2.3,,.7,270,93,,,0,,3.1
238,금산,2021-04-19 04:00,1.5,,.8,270,94,,,0,,2.4
238,금산,2021-04-19 05:00,1.2,,.1,0,96,,,0,,1.8
238,금산,2021-04-19 06:00,.6,,.5,270,97,0,,0,,1.6
238,금산,2021-04-19 07:00,1.8,,.8,290,96,.7,,1,,3.1
238,금산,2021-04-19 08:00,4.8,,.2,0,78,1,,0,,6
238,금산,2021-04-19 09:00,9.1,,.5,50,60,1,,0,,16.7
238,금산,2021-04-19 10:00,13.7,,.7,200,42,1,,0,,24.7
238,금산,2021-04-19 11:00,16.9,,3.2,250,28,1,,0,,30.5
238,금산,2021-04-19 12:00,18.5,,3.4,250,24,1,,0,,34.4
238,금산,2021-04-19 13:00,19.5,,2.5,270,24,1,,0,,37.4
238,금산,2021-04-19 14:00,19.8,,3.7,290,25,1,,0,,37
238,금산,2021-04-19 15:00,20.3,,3.4,270,24,1,,0,,36
238,금산,2021-04-19 16:00,20.4,,2.8,270,27,1,,0,,33.6
238,금산,2021-04-19 17:00,19.4,,3,290,28,1,,0,,28.6
238,금산,2021-04-19 18:00,18.1,,1.9,270,33,1,,0,,19.3
238,금산,2021-04-19 19:00,16,,1.4,270,40,.6,,0,,14.7
238,금산,2021-04-19 20:00,14.5,,1.4,270,44,0,,0,,12
238,금산,2021-04-19 21:00,13.8,,1.3,250,46,,,0,,10.5
238,금산,2021-04-19 22:00,11.4,,1,290,59,,,0,,8.8
238,금산,2021-04-19 23:00,10.5,,.6,90,63,,,1,,7.6
238,금산,2021-04-20 00:00,8.3,,.1,0,72,,,1,,6.6
238,금산,2021-04-20 01:00,6.9,,.1,0,80,,,3,,5.8
238,금산,2021-04-20 02:00,5.5,,.4,0,86,,,3,,5
238,금산,2021-04-20 03:00,4.7,,.8,250,89,,,0,,4.5
238,금산,2021-04-20 04:00,3.9,,.4,0,93,,,0,,4.1
238,금산,2021-04-20 05:00,3.4,,.4,0,93,,,0,,3.5
238,금산,2021-04-20 06:00,2.9,,.4,0,96,0,,9,,3.1
238,금산,2021-04-20 07:00,4.2,,0,0,91,.6,,6,,5.2
238,금산,2021-04-20 08:00,7.4,,.6,20,78,1,,1,,8.4
238,금산,2021-04-20 09:00,11.6,,.4,0,61,1,,0,,18.2
238,금산,2021-04-20 10:00,15.6,,.6,180,40,1,,0,,26.5
238,금산,2021-04-20 11:00,17.9,,.9,320,31,1,,0,,32.9
238,금산,2021-04-20 12:00,20.6,,1.1,160,26,1,,2,,36.4
238,금산,2021-04-20 13:00,21.6,,1.5,270,22,1,,4,,39.4
238,금산,2021-04-20 14:00,23.9,,1,360,22,1,,0,,41.7
238,금산,2021-04-20 15:00,24.7,,1.9,320,20,1,,7,,39.2
238,금산,2021-04-20 16:00,24.9,,1.2,320,22,1,,0,,37.1
238,금산,2021-04-20 17:00,24.4,,2.1,290,23,1,,4,,31.8
238,금산,2021-04-20 18:00,22.8,,2.1,290,26,.7,,4,,23
238,금산,2021-04-20 19:00,20.8,,.9,270,36,0,,7,,18.6
238,금산,2021-04-20 20:00,18.1,,.8,320,47,0,,7,,15.9
238,금산,2021-04-20 21:00,16.3,,1.2,290,55,,,7,,14
238,금산,2021-04-20 22:00,14.4,,1.1,270,63,,,4,,12.6
238,금산,2021-04-20 23:00,13.8,,.5,270,66,,,10,,12.3
238,금산,2021-04-21 00:00,13.3,,.3,0,69,,,10,,12
238,금산,2021-04-21 01:00,12.5,,.5,270,73,,,10,,11.6
238,금산,2021-04-21 02:00,11.4,,.5,270,78,,,7,,10.1
238,금산,2021-04-21 03:00,10.6,,.3,0,81,,,9,,9.7
238,금산,2021-04-21 04:00,9.7,,.2,0,84,,,6,,8.7
238,금산,2021-04-21 05:00,8.8,,.6,290,88,,,3,,8
238,금산,2021-04-21 06:00,8,,.7,270,91,0,,3,,7.3
238,금산,2021-04-21 07:00,8.7,,.6,270,89,.4,,1,,9.1
238,금산,2021-04-21 08:00,11.6,,.5,110,77,1,,2,,12.4
238,금산,2021-04-21 09:00,15.5,,.5,110,63,1,,1,,21.4
238,금산,2021-04-21 10:00,19.6,,.7,320,48,1,,0,,28.9
238,금산,2021-04-21 11:00,22.7,,.6,50,35,1,,3,,36.7
238,금산,2021-04-21 12:00,25.6,,.6,290,29,1,,3,,41.8
238,금산,2021-04-21 13:00,26.9,,1.1,70,25,1,,7,,43.8
238,금산,2021-04-21 14:00,28.5,,1.8,90,19,1,,4,,46.1
238,금산,2021-04-21 15:00,28.6,,.9,340,18,1,,7,,39.8
238,금산,2021-04-21 16:00,27.8,,2.4,250,26,1,,5,,35.5
238,금산,2021-04-21 17:00,27,,2.2,250,25,.9,,7,,31.8
238,금산,2021-04-21 18:00,25.9,,1.1,270,28,.7,,7,,25.4
238,금산,2021-04-21 19:00,23.7,,1.3,250,35,0,,9,,21
238,금산,2021-04-21 20:00,21.6,,1.8,270,39,0,,10,,19
238,금산,2021-04-21 21:00,20.5,,2,320,40,,,10,,17.8
238,금산,2021-04-21 22:00,18.6,,.7,270,48,,,10,,16.4
238,금산,2021-04-21 23:00,17.3,,.4,0,57,,,10,,15.6
238,금산,2021-04-22 00:00,16.1,,.7,270,60,,,10,,14.6
238,금산,2021-04-22 01:00,15.4,,.7,270,64,,,10,,14
238,금산,2021-04-22 02:00,15.4,,.4,0,57,,,10,,13.6
238,금산,2021-04-22 03:00,14.5,,.5,230,66,,,10,,13.3
238,금산,2021-04-22 04:00,14.7,,.7,360,63,,,10,,13.1
238,금산,2021-04-22 05:00,13.8,,.9,250,68,,,10,,12.7
238,금산,2021-04-22 06:00,13.4,,.7,270,69,0,,10,,12.6
238,금산,2021-04-22 07:00,14.8,,1.2,90,63,0,,10,,13.5
238,금산,2021-04-22 08:00,15.2,,.7,340,65,0,,10,,15.9
238,금산,2021-04-22 09:00,17.5,,1.3,160,55,.1,,9,,22.8
238,금산,2021-04-22 10:00,19.4,,.7,180,44,0,,10,,25
238,금산,2021-04-22 11:00,22.4,,.7,50,35,.3,,8,,33.5
238,금산,2021-04-22 12:00,24.4,,.6,290,31,.3,,9,,36.7
238,금산,2021-04-22 13:00,27.5,,3.4,140,15,.9,,6,,40.7
238,금산,2021-04-22 14:00,27.6,,3.9,160,15,.6,,7,,40.6
238,금산,2021-04-22 15:00,26.6,,5.6,180,17,.7,,8,,32.5
238,금산,2021-04-22 16:00,26.3,,3.5,180,20,.1,,8,,30.1
238,금산,2021-04-22 17:00,24.6,,5.4,180,21,0,,10,,25.2
238,금산,2021-04-22 18:00,23.9,,2.5,180,23,0,,10,,21.9
238,금산,2021-04-22 19:00,22.7,,1.2,200,27,0,,10,,19.4
238,금산,2021-04-22 20:00,22,,1,180,27,0,,10,,17.8
238,금산,2021-04-22 21:00,21.7,,3.9,180,29,,,10,,18.3
238,금산,2021-04-22 22:00,20.8,,.9,140,33,,,10,,16.8
238,금산,2021-04-22 23:00,19.8,,.9,90,37,,,9,,15.9
238,금산,2021-04-23 00:00,17.7,,.6,340,46,,,9,,15.1
238,금산,2021-04-23 01:00,16.5,,.2,0,53,,,10,,14.7
238,금산,2021-04-23 02:00,19,,2.2,90,36,,,10,,14.8
238,금산,2021-04-23 03:00,18.8,,1.6,110,32,,,10,,14.6
238,금산,2021-04-23 04:00,16.7,,.4,0,46,,,10,,14.1
238,금산,2021-04-23 05:00,16.1,,.6,320,49,,,10,,13.8
238,금산,2021-04-23 06:00,17.6,0,1.7,90,32,0,,10,,13.8
238,금산,2021-04-23 07:00,17.4,0,1.5,110,36,0,,10,,14.2
238,금산,2021-04-23 08:00,17.9,,1.7,110,33,0,,10,,16.8
238,금산,2021-04-23 09:00,18.7,,2.4,110,32,0,,8,,20.1
238,금산,2021-04-23 10:00,19.4,,2.4,90,30,0,,10,,24.4
238,금산,2021-04-23 11:00,19.9,,3.5,110,29,0,,10,,27.8
238,금산,2021-04-23 12:00,21.5,,3.1,90,29,.2,,9,,35.5
238,금산,2021-04-23 13:00,22.2,,3.7,90,29,.2,,8,,33.6
238,금산,2021-04-23 14:00,22.1,,3.7,90,29,0,,10,,30
238,금산,2021-04-23 15:00,21.4,,2.6,70,32,0,,10,,28.3
238,금산,2021-04-23 16:00,20.7,,2,90,34,0,,9,,26.3
238,금산,2021-04-23 17:00,20.4,,3.6,90,34,.1,,9,,24.8
238,금산,2021-04-23 18:00,19.8,,3.2,90,35,0,,10,,21.6
238,금산,2021-04-23 19:00,18.9,,3,110,37,0,,9,,18.1
238,금산,2021-04-23 20:00,18,,3.2,90,41,0,,10,,16.8
238,금산,2021-04-23 21:00,16.7,0,1.8,140,42,,,10,,14.7
238,금산,2021-04-23 22:00,16.2,,2.6,90,37,,,9,,14
238,금산,2021-04-23 23:00,15.4,,1.8,90,38,,,9,,13.4
238,금산,2021-04-24 00:00,15.2,,2.2,90,38,,,10,,13.2
238,금산,2021-04-24 01:00,14.8,,2,90,38,,,10,,12.9
238,금산,2021-04-24 02:00,14.3,,1.3,90,40,,,10,,11.9
238,금산,2021-04-24 03:00,13.1,,.4,0,46,,,8,,11
238,금산,2021-04-24 04:00,11.8,,.2,0,54,,,9,,10.5
238,금산,2021-04-24 05:00,12.1,,.5,230,56,,,10,,10.7
238,금산,2021-04-24 06:00,12,,.7,200,56,0,,10,,10.2
238,금산,2021-04-24 07:00,12.3,,.4,0,59,0,,9,,12.4
238,금산,2021-04-24 08:00,15.6,,1.6,110,44,.9,,9,,18.3
238,금산,2021-04-24 09:00,15.6,,1.3,110,45,0,,9,,21.1
238,금산,2021-04-24 10:00,16.2,,1.7,140,45,0,,9,,22.9
238,금산,2021-04-24 11:00,18.6,,1.8,90,38,1,,8,,37.5
238,금산,2021-04-24 12:00,21.2,,1.4,70,35,1,,4,,41.4
238,금산,2021-04-24 13:00,23.4,,2.4,50,30,1,,6,,42.1
238,금산,2021-04-24 14:00,24.2,,2.5,340,28,.9,,8,,39.9
238,금산,2021-04-24 15:00,22.2,,2.8,340,30,0,,10,,30.5
238,금산,2021-04-24 16:00,23,,2.2,340,29,.2,,9,,31.8
238,금산,2021-04-24 17:00,22.4,,1.9,360,27,.9,,7,,27.7
238,금산,2021-04-24 18:00,21.8,,1.6,340,29,.5,,8,,23.6
238,금산,2021-04-24 19:00,20.1,,1.2,290,33,0,,8,,19.5
238,금산,2021-04-24 20:00,19.3,,1.7,290,35,0,,10,,18
238,금산,2021-04-24 21:00,18.1,,.6,250,42,,,6,,17
238,금산,2021-04-24 22:00,15.5,,1.1,270,51,,,7,,13.7
238,금산,2021-04-24 23:00,13.3,,.6,290,57,,,4,,11.9
238,금산,2021-04-25 00:00,12.1,,.7,250,63,,,0,,10.8
238,금산,2021-04-25 01:00,11,,.1,0,67,,,1,,9.6
238,금산,2021-04-25 02:00,9.9,,.6,270,70,,,0,,9.1
238,금산,2021-04-25 03:00,8.8,,.2,0,77,,,0,,8.2
238,금산,2021-04-25 04:00,8.3,,.6,270,81,,,0,,7.9
238,금산,2021-04-25 05:00,7.7,,.6,290,84,,,1,,7.6
238,금산,2021-04-25 06:00,7.2,,.6,270,87,0,,2,,7.5
238,금산,2021-04-25 07:00,9.2,,.3,0,81,.6,,0,,9.7
238,금산,2021-04-25 08:00,12.5,,1,160,69,1,,0,,13.5
238,금산,2021-04-25 09:00,15.7,,1.3,110,55,1,,0,,24.4
238,금산,2021-04-25 10:00,18.2,,2.3,140,48,1,,0,,31.6
238,금산,2021-04-25 11:00,19.4,,2.2,90,44,1,,0,,38
238,금산,2021-04-25 12:00,20.5,,2.2,70,40,1,,1,,42.3
238,금산,2021-04-25 13:00,21.7,,2,90,37,1,,0,,45.4
238,금산,2021-04-25 14:00,22.6,,1.8,140,35,1,,1,,46.5
238,금산,2021-04-25 15:00,23,,2.1,90,34,1,,0,,44.4
238,금산,2021-04-25 16:00,23.7,,1.6,90,33,1,,2,,41.2
238,금산,2021-04-25 17:00,23.4,,2.2,20,32,1,,0,,35
238,금산,2021-04-25 18:00,22.3,,2.3,20,34,1,,1,,24.3
238,금산,2021-04-25 19:00,20.9,,1.7,90,39,.6,,2,,19.8
238,금산,2021-04-25 20:00,19.3,,1.2,110,45,0,,4,,16.9
238,금산,2021-04-25 21:00,15.9,,.7,230,60,,,3,,14.6
238,금산,2021-04-25 22:00,16,,1.6,90,46,,,3,,13.7
238,금산,2021-04-25 23:00,14.3,,1.9,110,50,,,2,,12.5
238,금산,2021-04-26 00:00,13.6,,1.1,140,53,,,5,,11.6
238,금산,2021-04-26 01:00,13,,1.6,110,49,,,7,,11.2
238,금산,2021-04-26 02:00,12.5,,.9,110,52,,,6,,11.2
238,금산,2021-04-26 03:00,12.3,,.9,110,55,,,7,,11.6
238,금산,2021-04-26 04:00,11.2,,1.5,110,59,,,6,,10
238,금산,2021-04-26 05:00,10.4,,1.2,110,62,,,3,,9.1
238,금산,2021-04-26 06:00,7.9,,.9,270,79,0,,3,,8.1
238,금산,2021-04-26 07:00,9.8,,.1,0,72,.9,,0,,9.8
238,금산,2021-04-26 08:00,12.5,,1,110,47,1,,0,,13.4
238,금산,2021-04-26 09:00,13.8,,1.2,200,40,1,,0,,24.4
238,금산,2021-04-26 10:00,16.6,,1.4,230,40,1,,7,,32.5
238,금산,2021-04-26 11:00,17.5,,2,320,33,1,,7,,38.1
238,금산,2021-04-26 12:00,19,,1.7,70,26,1,,6,,39.7
238,금산,2021-04-26 13:00,20.1,,1.5,180,24,1,,6,,44.1
238,금산,2021-04-26 14:00,21.3,,1.9,70,24,1,,6,,44.3
238,금산,2021-04-26 15:00,21.4,,1.4,110,24,1,,7,,42
238,금산,2021-04-26 16:00,22.1,,1.2,20,23,1,,7,,41.1
238,금산,2021-04-26 17:00,21.5,,1.2,270,24,1,,0,,34.4
238,금산,2021-04-26 18:00,20.4,,1.1,290,32,.4,,6,,23.8
238,금산,2021-04-26 19:00,19.8,,1.1,70,29,.5,,5,,18.7
238,금산,2021-04-26 20:00,16.2,,1,270,53,0,,6,,16.4
238,금산,2021-04-26 21:00,15.5,,.6,340,59,,,6,,14.2
238,금산,2021-04-26 22:00,15.7,,1.5,270,59,,,5,,13.7
238,금산,2021-04-26 23:00,15.3,,1,270,56,,,5,,14
238,금산,2021-04-27 00:00,14.3,,.7,290,63,,,8,,13.5
238,금산,2021-04-27 01:00,13.4,,.4,0,65,,,10,,12.6
238,금산,2021-04-27 02:00,11.7,,.3,0,74,,,7,,11
238,금산,2021-04-27 03:00,10.6,,.5,320,78,,,7,,10.5
238,금산,2021-04-27 04:00,10.5,,.1,0,79,,,10,,11
238,금산,2021-04-27 05:00,10.5,,.4,0,78,,,10,,10.5
238,금산,2021-04-27 06:00,9.9,,0,0,85,0,,10,,10.7
238,금산,2021-04-27 07:00,10.9,,.3,0,78,.2,,7,,13.1
238,금산,2021-04-27 08:00,12.9,,1.1,110,69,.1,,9,,17.7
238,금산,2021-04-27 09:00,14.1,,.5,110,65,0,,10,,20.8
238,금산,2021-04-27 10:00,16.5,,.7,90,55,.1,,10,,29.9
238,금산,2021-04-27 11:00,17,,.9,160,50,.3,,10,,25.1
238,금산,2021-04-27 12:00,19.7,,.9,50,45,.1,,10,,32.9
238,금산,2021-04-27 13:00,20.5,,1.6,20,41,0,,9,,32.5
238,금산,2021-04-27 14:00,21.1,,1,50,37,0,,10,,32.1
238,금산,2021-04-27 15:00,20.9,,1.4,270,34,0,,10,,27.9
238,금산,2021-04-27 16:00,20.9,,1.7,250,32,0,,10,,28.3
238,금산,2021-04-27 17:00,20.8,,2.4,270,31,.3,,10,,26.1
238,금산,2021-04-27 18:00,19.8,,2.1,230,34,0,,10,,20.5
238,금산,2021-04-27 19:00,18.4,,1.1,270,45,0,,9,,18.2
238,금산,2021-04-27 20:00,17.4,,1.3,290,48,0,,9,,16.3
238,금산,2021-04-27 21:00,15.8,,.7,360,55,,,9,,14.5
238,금산,2021-04-27 22:00,15.3,,.2,0,60,,,10,,13.8
238,금산,2021-04-27 23:00,14.4,,.4,0,65,,,10,,12.9
238,금산,2021-04-28 00:00,13.8,,1,340,68,,,10,,12.9
238,금산,2021-04-28 01:00,15.2,,1.1,250,65,,,10,,13.8
238,금산,2021-04-28 02:00,15.3,,1.4,270,62,,,9,,14
238,금산,2021-04-28 03:00,15,0,1.2,250,71,,,6,,13.6
238,금산,2021-04-28 04:00,14.5,0,2,230,82,,,0,,13.1
238,금산,2021-04-28 05:00,14.2,,1.1,290,82,,,9,,11.9
238,금산,2021-04-28 06:00,13.2,,1.4,20,86,0,,6,,11.2
238,금산,2021-04-28 07:00,14.7,,1,270,78,.4,,0,,13.2
238,금산,2021-04-28 08:00,16.1,,1.5,230,67,1,,3,,16.8
238,금산,2021-04-28 09:00,17.3,,1.6,270,50,.9,,7,,23.4
238,금산,2021-04-28 10:00,18.5,,2,320,40,1,,7,,30.9
238,금산,2021-04-28 11:00,20.2,,2,320,34,1,,8,,35.4
238,금산,2021-04-28 12:00,20,,2.7,360,33,.4,,8,,32.8
238,금산,2021-04-28 13:00,19.4,,2.3,340,34,0,,10,,28.8
238,금산,2021-04-28 14:00,20.6,,1.6,360,31,.1,,9,,33.9
238,금산,2021-04-28 15:00,19.5,,2,340,32,0,,10,,27.6
238,금산,2021-04-28 16:00,19.3,,2,340,30,0,,10,,24.9
238,금산,2021-04-28 17:00,19,,1.1,320,34,0,,9,,24.7
238,금산,2021-04-28 18:00,18.3,,1,290,37,0,,9,,20.5
238,금산,2021-04-28 19:00,16.8,,.8,270,48,0,,9,,17
238,금산,2021-04-28 20:00,14.9,,.8,290,55,0,,10,,14.8
238,금산,2021-04-28 21:00,14,,.5,270,60,,,9,,13.8
238,금산,2021-04-28 22:00,13,,.4,0,66,,,10,,12.8
238,금산,2021-04-28 23:00,12,,.4,0,71,,,9,,12.3
238,금산,2021-04-29 00:00,11.7,,.5,250,74,,,10,,12
238,금산,2021-04-29 01:00,11.4,,.4,0,76,,,10,,11.9
238,금산,2021-04-29 02:00,10.9,,.8,290,79,,,10,,11.9
238,금산,2021-04-29 03:00,11.5,,.7,180,76,,,10,,11.9
238,금산,2021-04-29 04:00,11.5,,1.4,70,71,,,10,,11.8
238,금산,2021-04-29 05:00,11.4,,.7,90,71,,,10,,11.7
238,금산,2021-04-29 06:00,11.2,,.8,90,70,0,,10,,11.1
238,금산,2021-04-29 07:00,10.7,,.7,290,78,0,,8,,11.6
238,금산,2021-04-29 08:00,13.4,,1,110,63,.4,,6,,15.2
238,금산,2021-04-29 09:00,17.7,,2.6,160,48,1,,1,,25.6
238,금산,2021-04-29 10:00,18.9,,2.6,250,40,.8,,5,,32.3
238,금산,2021-04-29 11:00,18.8,,3.1,270,43,.9,,6,,35.3
238,금산,2021-04-29 12:00,19.1,,3.9,230,39,.9,,7,,39.2
238,금산,2021-04-29 13:00,19.6,,4.6,230,36,1,,3,,40.6
238,금산,2021-04-29 14:00,19.4,,3.4,270,35,1,,0,,42
238,금산,2021-04-29 15:00,20.2,,2.7,270,37,1,,6,,40.2
238,금산,2021-04-29 16:00,19.5,,3,270,36,1,,5,,36.1
238,금산,2021-04-29 17:00,19,,1.7,320,31,.7,,7,,29.2
238,금산,2021-04-29 18:00,18.2,,2.2,250,31,0,,9,,21.7
238,금산,2021-04-29 19:00,17.2,,1,360,36,0,,10,,18.7
238,금산,2021-04-29 20:00,15.8,0,1.1,250,48,0,,10,,17
238,금산,2021-04-29 21:00,16,0,1.8,20,44,,,10,,16
238,금산,2021-04-29 22:00,15.3,,.5,290,45,,,10,,15.4
238,금산,2021-04-29 23:00,16.6,0,5.6,200,38,,,10,,12.6
238,금산,2021-04-30 00:00,11.9,.7,1.4,180,71,,,10,,12
238,금산,2021-04-30 01:00,13.9,,5,180,58,,,9,,11.9
238,금산,2021-04-30 02:00,13.8,.1,6.4,180,64,,,2,,11.6
238,금산,2021-04-30 03:00,14,0,6,230,64,,,8,,11.7
238,금산,2021-04-30 04:00,12.1,,3.4,250,69,,,10,,10.7
238,금산,2021-04-30 05:00,11.7,0,2,270,73,,,8,,10.9
238,금산,2021-04-30 06:00,11.6,,2.4,270,75,0,,6,,11.1
238,금산,2021-04-30 07:00,11.8,,2.2,250,75,0,,8,,11.6
238,금산,2021-04-30 08:00,12.7,,2.1,270,73,.4,,8,,15
238,금산,2021-04-30 09:00,13.6,,2.2,270,70,.2,,8,,18.5
238,금산,2021-04-30 10:00,15.2,,4.2,270,55,.9,,8,,28.4
238,금산,2021-04-30 11:00,15.2,,4.3,250,49,.9,,4,,32.4
238,금산,2021-04-30 12:00,15,,3.7,250,47,1,,2,,35.4
238,금산,2021-04-30 13:00,15.4,,5,250,46,1,,5,,37.1
238,금산,2021-04-30 14:00,15.1,,4.7,230,50,.8,,8,,34
238,금산,2021-04-30 15:00,14.7,,4,270,52,.6,,7,,31.3
238,금산,2021-04-30 16:00,13.8,,2.6,270,59,0,,8,,23.4
238,금산,2021-04-30 17:00,13.8,,1.8,270,60,.2,,9,,23
238,금산,2021-04-30 18:00,12.9,,1.8,270,64,.1,,6,,19
238,금산,2021-04-30 19:00,12.1,,.9,290,69,0,,8,,15
238,금산,2021-04-30 20:00,11.4,,1.7,360,76,0,,10,,13.9
238,금산,2021-04-30 21:00,10.9,,.4,0,78,,,10,,12.8
238,금산,2021-04-30 22:00,10.6,,.5,320,81,,,10,,12.6
238,금산,2021-04-30 23:00,10.9,,.7,140,78,,,10,,12.4
238,금산,2021-05-01 00:00,9.8,,.9,290,87,,,9,,11.4
238,금산,2021-05-01 01:00,9.6,,.6,270,86,,,10,,11.5
238,금산,2021-05-01 02:00,9.7,,.3,0,88,,,10,,11.6
238,금산,2021-05-01 03:00,9.7,,.8,270,88,,,10,,11.4
238,금산,2021-05-01 04:00,9.5,,.4,0,88,,,10,,11.3
238,금산,2021-05-01 05:00,8.9,.6,1.6,320,94,,,10,,10.2
238,금산,2021-05-01 06:00,8.5,.4,1,290,95,0,,10,,10.2
238,금산,2021-05-01 07:00,9,0,.5,290,89,0,,10,,10.8
238,금산,2021-05-01 08:00,9.4,0,.4,0,86,0,,9,,12.1
238,금산,2021-05-01 09:00,10.5,0,2.1,290,79,0,,10,,16.1
238,금산,2021-05-01 10:00,12.3,,1.7,270,65,0,,9,,21
238,금산,2021-05-01 11:00,9.9,0,1.7,270,80,0,,10,,13.7
238,금산,2021-05-01 12:00,10.1,.3,2.7,270,77,0,,10,,17.3
238,금산,2021-05-01 13:00,11.4,0,3.4,270,63,0,,8,,20
238,금산,2021-05-01 14:00,9.9,0,3.8,230,74,0,,9,,14.1
238,금산,2021-05-01 15:00,10.5,.9,2.5,270,81,.1,,9,,19.1
238,금산,2021-05-01 16:00,10.6,.4,3,270,74,.3,,9,,17.5
238,금산,2021-05-01 17:00,10.8,,2.2,270,71,.1,,9,,16.6
238,금산,2021-05-01 18:00,11.1,0,3.2,270,67,.1,,10,,13.4
238,금산,2021-05-01 19:00,10.1,,3.3,270,66,0,,6,,9.9
238,금산,2021-05-01 20:00,9.6,,2.5,270,70,0,,3,,8.9
238,금산,2021-05-01 21:00,9.3,,2.5,290,73,,,5,,8.3
238,금산,2021-05-01 22:00,9.1,,2.9,270,75,,,7,,7.7
238,금산,2021-05-01 23:00,9.2,,2.8,270,76,,,4,,8.4
238,금산,2021-05-02 00:00,9,,2.3,270,78,,,0,,8.2
238,금산,2021-05-02 01:00,9,,1.7,290,72,,,7,,7.3
238,금산,2021-05-02 02:00,8.9,,2.9,290,70,,,8,,7.4
238,금산,2021-05-02 03:00,9,,2.2,270,71,,,9,,8.1
238,금산,2021-05-02 04:00,8.1,.1,2,290,82,,,9,,8.1
238,금산,2021-05-02 05:00,7.5,1,1.4,290,89,,,9,,8.2
238,금산,2021-05-02 06:00,7.4,.6,1.6,290,90,0,,8,,8.4
238,금산,2021-05-02 07:00,7.6,.4,.8,320,93,0,,8,,9.6
238,금산,2021-05-02 08:00,8.4,0,1.3,320,87,0,,9,,11.4
238,금산,2021-05-02 09:00,8.6,,.9,290,87,0,,9,,11.5
238,금산,2021-05-02 10:00,10.9,,1.9,290,77,.2,,8,,20
238,금산,2021-05-02 11:00,11.8,,1.4,320,70,.3,,9,,22.9
238,금산,2021-05-02 12:00,13.4,,.8,360,57,.6,,7,,26.1
238,금산,2021-05-02 13:00,15.1,,1.2,290,51,.8,,0,,33.7
238,금산,2021-05-02 14:00,15.4,,2.1,270,47,.7,,4,,26.1
238,금산,2021-05-02 15:00,17.3,,2,320,44,.8,,2,,35.6
238,금산,2021-05-02 16:00,17.5,,2.5,320,41,1,,2,,32.4
238,금산,2021-05-02 17:00,17.7,,2,290,39,1,,5,,29.5
238,금산,2021-05-02 18:00,16.6,,2.4,270,49,1,,0,,20.6
238,금산,2021-05-02 19:00,14.4,,1.6,270,60,.9,,1,,15.6
238,금산,2021-05-02 20:00,12.6,,.6,290,69,0,,0,,12.6
238,금산,2021-05-02 21:00,11.8,,.9,270,70,,,0,,11.2
238,금산,2021-05-02 22:00,10.7,,1.2,290,75,,,0,,10
238,금산,2021-05-02 23:00,9.6,,1.1,140,84,,,0,,8.9
238,금산,2021-05-03 00:00,7.7,,.4,0,91,,,0,,7.9
238,금산,2021-05-03 01:00,6.8,,.6,230,95,,,0,,7
238,금산,2021-05-03 02:00,5.6,,.5,290,97,,,0,,6.4
238,금산,2021-05-03 03:00,5,,.6,270,97,,,5,,5.9
238,금산,2021-05-03 04:00,4.4,,.4,0,97,,,2,,5.4
238,금산,2021-05-03 05:00,4.1,,.3,0,100,,,6,,5.4
238,금산,2021-05-03 06:00,4,,.1,0,100,0,,0,,6.1
238,금산,2021-05-03 07:00,5.3,,.2,0,100,0,,2,,9.1
238,금산,2021-05-03 08:00,6.7,,.5,180,97,.1,,7,,12.9
238,금산,2021-05-03 09:00,10.5,,.5,160,80,.9,,0,,21.3
238,금산,2021-05-03 10:00,14.9,,.8,20,63,1,,0,,29.1
238,금산,2021-05-03 11:00,17.8,,1.2,110,46,1,,0,,35.9
238,금산,2021-05-03 12:00,19.9,,1.6,70,42,1,,0,,40.7
238,금산,2021-05-03 13:00,20.7,,1.2,200,34,1,,0,,43.8
238,금산,2021-05-03 14:00,22.1,,1.6,140,29,1,,0,,44.4
238,금산,2021-05-03 15:00,22.5,,2.1,270,25,1,,0,,42.5
238,금산,2021-05-03 16:00,22.3,,2.5,290,26,1,,0,,38.1
238,금산,2021-05-03 17:00,21.8,,2.5,270,27,1,,4,,32.5
238,금산,2021-05-03 18:00,20.6,,1.4,270,31,.7,,7,,25.1
238,금산,2021-05-03 19:00,18.3,,1.6,270,49,0,,7,,19.5
238,금산,2021-05-03 20:00,16.7,,2.2,360,56,0,,9,,16.5
238,금산,2021-05-03 21:00,14.7,,1,320,65,,,10,,14.9
238,금산,2021-05-03 22:00,13.6,,.6,340,70,,,10,,13.7
238,금산,2021-05-03 23:00,12.2,,.4,0,79,,,9,,12.7
238,금산,2021-05-04 00:00,12,,.5,290,81,,,9,,12.6
238,금산,2021-05-04 01:00,11.3,,.5,270,84,,,10,,12.2
238,금산,2021-05-04 02:00,10.4,,.6,290,88,,,9,,11
238,금산,2021-05-04 03:00,10.6,,.4,0,87,,,10,,11.2
238,금산,2021-05-04 04:00,10.4,,.4,0,88,,,10,,11.2
238,금산,2021-05-04 05:00,10.5,,.5,110,88,,,10,,11.6
238,금산,2021-05-04 06:00,12.6,0,1.1,90,74,0,,10,,12.8
238,금산,2021-05-04 07:00,12.4,,.4,0,81,0,,10,,14.6
238,금산,2021-05-04 08:00,13.8,,.7,320,75,0,,10,,15.8
238,금산,2021-05-04 09:00,16.2,,.5,290,66,0,,10,,21.2
238,금산,2021-05-04 10:00,19.5,,.7,50,57,0,,9,,27.1
238,금산,2021-05-04 11:00,20.5,,3.6,160,63,0,,10,,26.8
238,금산,2021-05-04 12:00,20.4,,3.3,160,63,0,,10,,28
238,금산,2021-05-04 13:00,21.2,,3.7,180,59,0,,10,,26.9
238,금산,2021-05-04 14:00,21.8,,3.4,160,59,0,,10,,29.3
238,금산,2021-05-04 15:00,21.3,,2.5,160,60,0,,10,,24.7
238,금산,2021-05-04 16:00,20.2,0,2.3,160,70,0,,10,,23.7
238,금산,2021-05-04 17:00,18.9,0,2.1,160,76,0,,10,,19.4
238,금산,2021-05-04 18:00,18.1,0,1.9,140,83,0,,10,,18.1
238,금산,2021-05-04 19:00,16.9,2.2,1.8,110,92,0,,10,,17
238,금산,2021-05-04 20:00,16.9,1.5,2.5,140,91,0,,10,,16.4
238,금산,2021-05-04 21:00,16.8,.3,2,140,92,,,10,,16.2
238,금산,2021-05-04 22:00,17.7,0,2.6,180,85,,,10,,16.3
238,금산,2021-05-04 23:00,18.4,,3.3,180,83,,,10,,16.4
238,금산,2021-05-05 00:00,16.5,.5,1.3,320,98,,,10,,16.2
238,금산,2021-05-05 01:00,15.8,.4,2,270,94,,,10,,15.6
238,금산,2021-05-05 02:00,14.2,1.3,2.2,290,96,,,10,,14.7
238,금산,2021-05-05 03:00,13.6,0,2.4,290,88,,,7,,12.9
238,금산,2021-05-05 04:00,13.3,,2.6,270,81,,,8,,11.7
238,금산,2021-05-05 05:00,12.3,,.7,270,81,,,3,,10.4
238,금산,2021-05-05 06:00,9.8,,.2,0,96,0,,0,,9.3
238,금산,2021-05-05 07:00,12.5,,1,270,82,.7,,1,,11.1
238,금산,2021-05-05 08:00,13.7,,1.6,250,72,1,,4,,13.7
238,금산,2021-05-05 09:00,15.4,,2.5,270,58,1,,0,,20.8
238,금산,2021-05-05 10:00,18.3,,2.8,270,41,1,,0,,25.7
238,금산,2021-05-05 11:00,16.7,,4.3,290,48,1,,0,,27.2
238,금산,2021-05-05 12:00,17.8,,4.1,270,35,1,,1,,31.2
238,금산,2021-05-05 13:00,18.3,,3.3,320,31,1,,0,,33.8
238,금산,2021-05-05 14:00,18.5,,3.5,270,36,1,,0,,35.6
238,금산,2021-05-05 15:00,19.4,,3.1,250,34,1,,0,,36.3
238,금산,2021-05-05 16:00,18.8,,3.6,250,27,1,,2,,33.5
238,금산,2021-05-05 17:00,18.1,,3.1,270,28,1,,2,,29.6
238,금산,2021-05-05 18:00,16.6,,2.7,270,34,1,,0,,20.2
238,금산,2021-05-05 19:00,14.7,,1.9,270,30,1,,0,,15.1
238,금산,2021-05-05 20:00,12.2,,.8,250,43,0,,1,,12
238,금산,2021-05-05 21:00,9.5,,.6,290,56,,,0,,10.1
238,금산,2021-05-05 22:00,8,,.5,270,69,,,0,,8.6
238,금산,2021-05-05 23:00,6.7,,.7,270,75,,,0,,7.7
238,금산,2021-05-06 00:00,5.3,,.2,0,82,,,0,,6.9
238,금산,2021-05-06 01:00,4.7,,.2,0,85,,,0,,6.1
238,금산,2021-05-06 02:00,4.2,,.6,270,86,,,0,,5.7
238,금산,2021-05-06 03:00,3.6,,.6,270,90,,,0,,5.2
238,금산,2021-05-06 04:00,3.1,,.4,0,92,,,0,,4.8
238,금산,2021-05-06 05:00,2.5,,.7,270,94,,,0,,4.4
238,금산,2021-05-06 06:00,2.3,,.5,290,94,0,,0,,4.5
238,금산,2021-05-06 07:00,5,,.2,0,84,1,,0,,6.5
238,금산,2021-05-06 08:00,8.6,,.8,90,68,1,,0,,10.8
238,금산,2021-05-06 09:00,11.5,,.4,0,56,1,,5,,19.4
238,금산,2021-05-06 10:00,16.7,,.7,110,43,1,,6,,25.7
238,금산,2021-05-06 11:00,20.5,,.9,340,30,.7,,8,,30
238,금산,2021-05-06 12:00,20.9,,1.6,340,32,.5,,10,,31.3
238,금산,2021-05-06 13:00,22,,2.2,270,27,.1,,10,,32.1
238,금산,2021-05-06 14:00,22.1,,3.7,290,30,.4,,9,,33.4
238,금산,2021-05-06 15:00,22.6,,2.1,230,29,.4,,9,,33.2
238,금산,2021-05-06 16:00,22,,2.3,250,30,.3,,8,,29.1
238,금산,2021-05-06 17:00,21.5,,1.8,270,33,0,,10,,24.5
238,금산,2021-05-06 18:00,20.6,,1.5,270,36,0,,10,,21.1
238,금산,2021-05-06 19:00,19,,1.3,290,41,0,,10,,18
238,금산,2021-05-06 20:00,17,,.5,320,45,0,,8,,15.3
238,금산,2021-05-06 21:00,15,,.1,0,61,,,9,,13.6
238,금산,2021-05-06 22:00,13.3,,.3,0,69,,,8,,12.4
238,금산,2021-05-06 23:00,11.7,,.6,270,78,,,9,,11.3
238,금산,2021-05-07 00:00,10.9,,.6,250,80,,,9,,10.5
238,금산,2021-05-07 01:00,9.9,,.3,0,85,,,9,,9.8
238,금산,2021-05-07 02:00,9.6,,.5,270,86,,,9,,9.7
238,금산,2021-05-07 03:00,9,,.6,290,84,,,8,,8.6
238,금산,2021-05-07 04:00,8.8,,.6,320,83,,,5,,8.3
238,금산,2021-05-07 05:00,8.5,,.4,0,82,,,4,,8
238,금산,2021-05-07 06:00,9.6,,.5,70,74,0,,6,,8.8
238,금산,2021-05-07 07:00,12.3,,1.2,320,63,.3,,0,,11.3
238,금산,2021-05-07 08:00,18.2,,3.9,180,50,1,,3,,16.4
238,금산,2021-05-07 09:00,19.7,,4.4,160,54,1,,3,,24.4
238,금산,2021-05-07 10:00,21.5,,3.2,230,53,.8,,8,,27.7
238,금산,2021-05-07 11:00,20.1,,4.6,230,61,.4,,10,,26.4
238,금산,2021-05-07 12:00,16.9,1,2.8,250,88,0,,10,,20.3
238,금산,2021-05-07 13:00,14.7,1.9,2.3,320,93,0,,,,16.4
238,금산,2021-05-07 14:00,15.3,1.1,1.9,250,73,.1,,10,,24.2
238,금산,2021-05-07 15:00,17,,2.3,290,50,1,,7,,27.4
238,금산,2021-05-07 16:00,16.7,,2,290,48,1,,7,,25.7
238,금산,2021-05-07 17:00,16.4,,2.2,250,47,1,,6,,22.4
238,금산,2021-05-07 18:00,15.1,,2.2,270,48,1,,0,,17.1
238,금산,2021-05-07 19:00,13.7,,1.7,250,52,0,,3,,13.4
238,금산,2021-05-07 20:00,12.5,,1.2,230,56,0,,0,,11.1
238,금산,2021-05-07 21:00,11.5,,1.7,250,56,,,2,,9.9
238,금산,2021-05-07 22:00,9.8,,.6,320,66,,,0,,8.8
238,금산,2021-05-07 23:00,8.8,,.3,0,72,,,0,,8.1
238,금산,2021-05-08 00:00,7.9,,.5,360,77,,,0,,7.6
238,금산,2021-05-08 01:00,7.6,,.3,0,80,,,0,,7.1
238,금산,2021-05-08 02:00,5.9,,.6,290,89,,,0,,6.6
238,금산,2021-05-08 03:00,5.3,,.7,290,93,,,0,,6.1
238,금산,2021-05-08 04:00,4.6,,.6,270,95,,,0,,5.7
238,금산,2021-05-08 05:00,4.1,,.7,290,96,,,0,,5.3
238,금산,2021-05-08 06:00,3.9,,.5,270,97,0,,0,,5.3
238,금산,2021-05-08 07:00,6.2,,0,0,89,.6,,0,,7.5
238,금산,2021-05-08 08:00,9.7,,.4,0,73,1,,0,,11.3
238,금산,2021-05-08 09:00,13.8,,1,20,54,1,,0,,20.8
238,금산,2021-05-08 10:00,17.4,,.9,20,48,1,,0,,27.3
238,금산,2021-05-08 11:00,20.5,,1,50,41,1,,0,,33.6
238,금산,2021-05-08 12:00,22.1,,2.9,250,33,1,,,,37.7
238,금산,2021-05-08 13:00,22.4,,3.7,290,33,1,,0,,39.7
238,금산,2021-05-08 14:00,22.9,,4.1,250,38,1,,,,39.7
238,금산,2021-05-08 15:00,22.9,,4.8,250,35,1,,0,,38.5
238,금산,2021-05-08 16:00,22.5,,3.8,250,41,.9,,0,,34.1
238,금산,2021-05-08 17:00,21.8,,5.4,250,49,.7,,7,,28.6
238,금산,2021-05-08 18:00,20.9,,4.9,250,50,.6,,5,,23
238,금산,2021-05-08 19:00,19.8,,3.9,270,54,0,,0,,19.4
238,금산,2021-05-08 20:00,17,,3.5,250,65,0,,1,,16.5
238,금산,2021-05-08 21:00,16,,3.1,250,71,,,3,,15.4
238,금산,2021-05-08 22:00,15.1,,2.3,270,75,,,0,,13.9
238,금산,2021-05-08 23:00,14.1,,1.5,290,74,,,0,,12.5
238,금산,2021-05-09 00:00,13,,1,290,80,,,0,,11.3
238,금산,2021-05-09 01:00,11.1,,.3,0,85,,,0,,10.2
238,금산,2021-05-09 02:00,10.4,,.1,0,90,,,0,,9
238,금산,2021-05-09 03:00,8.9,,.3,0,95,,,0,,8.4
238,금산,2021-05-09 04:00,7.9,,.2,0,97,,,0,,7.3
238,금산,2021-05-09 05:00,7.1,,.4,0,98,,,0,,7
238,금산,2021-05-09 06:00,6.7,,.4,0,97,0,,3,,6.9
238,금산,2021-05-09 07:00,8.6,,0,0,94,1,,0,,9.1
238,금산,2021-05-09 08:00,12.7,,.5,50,77,1,,0,,13.4
238,금산,2021-05-09 09:00,16.4,,1.1,20,57,1,,1,,24.7
238,금산,2021-05-09 10:00,19.5,,2.7,290,30,1,,0,,32.3
238,금산,2021-05-09 11:00,19.8,,4,290,31,1,,0,,36.7
238,금산,2021-05-09 12:00,20.8,,2.6,270,29,1,,0,,40.4
238,금산,2021-05-09 13:00,21,,3.2,320,33,1,,0,,42.7
238,금산,2021-05-09 14:00,22.7,,2.9,290,29,1,,0,,44.4
238,금산,2021-05-09 15:00,21.9,,3.6,290,24,1,,0,,41.6
238,금산,2021-05-09 16:00,22.1,,3.3,320,26,1,,0,,38.9
238,금산,2021-05-09 17:00,21.5,,2.8,290,26,1,,0,,34.8
238,금산,2021-05-09 18:00,20.5,,3.2,290,27,1,,0,,24.9
238,금산,2021-05-09 19:00,18.7,,1.4,290,31,1,,0,,18.9
238,금산,2021-05-09 20:00,15.8,,1.1,250,44,0,,1,,15.4
238,금산,2021-05-09 21:00,13.8,,.6,290,55,,,0,,13
238,금산,2021-05-09 22:00,11.9,,.4,0,65,,,0,,11.6
238,금산,2021-05-09 23:00,11.2,,.2,0,68,,,5,,10.9
238,금산,2021-05-10 00:00,10.3,,.3,0,72,,,6,,10.2
238,금산,2021-05-10 01:00,9.2,,.4,0,78,,,5,,9.1
238,금산,2021-05-10 02:00,8.7,,.2,0,82,,,5,,8.9
238,금산,2021-05-10 03:00,8.7,,.6,270,82,,,9,,10.6
238,금산,2021-05-10 04:00,9.1,0,1.1,290,82,,,0,,11.1
238,금산,2021-05-10 05:00,9.6,0,.4,0,81,,,10,,11.3
238,금산,2021-05-10 06:00,9,1.7,1,290,93,0,,10,,10.6
238,금산,2021-05-10 07:00,10,.2,2.1,110,86,0,,10,,11.8
238,금산,2021-05-10 08:00,10.6,0,1,200,89,0,,10,,13
238,금산,2021-05-10 09:00,11.3,.2,1.7,290,82,0,,10,,12.7
238,금산,2021-05-10 10:00,10.7,.8,.7,250,84,0,,10,,12.7
238,금산,2021-05-10 11:00,10.8,1.9,1.2,160,89,0,,10,,13.6
238,금산,2021-05-10 12:00,10.7,.8,.7,160,87,0,,10,,13.7
238,금산,2021-05-10 13:00,10.6,2.3,2.3,180,93,0,,,,13.2
238,금산,2021-05-10 14:00,11,2.9,1.8,140,95,0,,10,,13.7
238,금산,2021-05-10 15:00,11.3,1.3,.5,320,96,0,,10,,13.9
238,금산,2021-05-10 16:00,12,.4,1.4,110,94,0,,10,,16.7
238,금산,2021-05-10 17:00,12.6,.2,1.7,140,91,0,,10,,17.1
238,금산,2021-05-10 18:00,12.9,,.9,90,88,0,,10,,15.8
238,금산,2021-05-10 19:00,12.5,0,1.2,140,91,0,,10,,14.2
238,금산,2021-05-10 20:00,12.2,0,1.3,160,91,0,,10,,13.6
238,금산,2021-05-10 21:00,12.2,,1.6,140,92,,,9,,13.2
238,금산,2021-05-10 22:00,12,.9,.3,0,96,,,10,,13.1
238,금산,2021-05-10 23:00,11.8,.5,.8,140,95,,,10,,12.8
238,금산,2021-05-11 00:00,11.8,.1,1.1,140,95,,,1,,12.9
238,금산,2021-05-11 01:00,11.5,.2,1,180,97,,,9,,12.7
238,금산,2021-05-11 02:00,11.4,.2,.5,140,97,,,4,,12.6
238,금산,2021-05-11 03:00,11.6,.1,1.4,160,97,,,10,,12.7
238,금산,2021-05-11 04:00,11.5,.3,1,160,98,,,10,,12.7
238,금산,2021-05-11 05:00,11.6,5.1,1.1,180,99,,,10,,12.4
238,금산,2021-05-11 06:00,11.7,.5,1.2,140,97,0,,10,,12.5
238,금산,2021-05-11 07:00,11.7,6.2,1.4,110,98,0,,10,,12.3
238,금산,2021-05-11 08:00,12.3,1.4,.6,200,95,0,,10,,13.4
238,금산,2021-05-11 09:00,12.4,2.5,1.6,160,94,0,,10,,13.7
238,금산,2021-05-11 10:00,12.9,.4,1.2,160,94,0,,10,,15.1
238,금산,2021-05-11 11:00,13.5,.1,1.1,160,95,0,,10,,16
238,금산,2021-05-11 12:00,14.3,.3,1,140,92,0,,10,,17.1
238,금산,2021-05-11 13:00,15.4,,1.1,110,82,0,,10,,18.3
238,금산,2021-05-11 14:00,15.9,,1.4,160,77,0,,10,,18.6
238,금산,2021-05-11 15:00,18.3,,1.7,110,61,0,,10,,23.6
238,금산,2021-05-11 16:00,18.2,,2.1,90,60,0,,10,,20.6
238,금산,2021-05-11 17:00,17.8,,1.8,90,62,0,,10,,18.3
238,금산,2021-05-11 18:00,16.8,,2,110,64,0,,10,,16.8
238,금산,2021-05-11 19:00,16.3,,1.8,110,63,0,,10,,15.1
238,금산,2021-05-11 20:00,15.7,,1.9,110,61,0,,9,,13.5
238,금산,2021-05-11 21:00,15.1,,1.1,140,64,,,9,,12.9
238,금산,2021-05-11 22:00,15.1,,1.6,110,57,,,9,,12.3
238,금산,2021-05-11 23:00,13.5,,.9,180,66,,,8,,11.6
238,금산,2021-05-12 00:00,12.2,,.8,230,73,,,9,,11
238,금산,2021-05-12 01:00,12,,.9,250,70,,,7,,10.8
238,금산,2021-05-12 02:00,11.1,,.6,230,75,,,7,,10.1
238,금산,2021-05-12 03:00,10.9,,.7,250,75,,,5,,9.7
238,금산,2021-05-12 04:00,10.4,,.7,230,78,,,7,,9.3
238,금산,2021-05-12 05:00,10,,.5,230,78,,,5,,8.8
238,금산,2021-05-12 06:00,10.3,,.4,0,79,.1,,2,,9.2
238,금산,2021-05-12 07:00,13.9,,1.5,140,55,1,,3,,10.9
238,금산,2021-05-12 08:00,16.3,,1.3,110,51,1,,2,,14.1
238,금산,2021-05-12 09:00,18.1,,2.2,110,44,1,,0,,21.6
238,금산,2021-05-12 10:00,19.6,,1.6,90,43,1,,0,,27.7
238,금산,2021-05-12 11:00,20.8,,2.3,70,39,1,,0,,31.4
238,금산,2021-05-12 12:00,22.3,,2.3,140,40,1,,2,,34.1
238,금산,2021-05-12 13:00,23.3,,2.2,110,40,1,,8,,35.8
238,금산,2021-05-12 14:00,24.3,,1.9,90,41,1,,0,,36.3
238,금산,2021-05-12 15:00,25.1,,2.1,90,41,1,,2,,33.3
238,금산,2021-05-12 16:00,25.3,,1.9,110,44,1,,1,,33.2
238,금산,2021-05-12 17:00,25.5,,2,70,45,1,,0,,31.2
238,금산,2021-05-12 18:00,24.5,,2.3,70,46,1,,0,,27.1
238,금산,2021-05-12 19:00,23.2,,1.2,70,50,1,,0,,22.4
238,금산,2021-05-12 20:00,19.6,,.6,270,70,0,,1,,19.6
238,금산,2021-05-12 21:00,17.7,,.9,270,77,,,1,,17.9
238,금산,2021-05-12 22:00,16.8,,.4,0,80,,,0,,16.6
238,금산,2021-05-12 23:00,15.9,,.1,0,85,,,0,,15.8
238,금산,2021-05-13 00:00,14.4,,.2,0,92,,,0,,14.9
238,금산,2021-05-13 01:00,14,,.5,290,94,,,5,,14.3
238,금산,2021-05-13 02:00,13.2,,.2,0,96,,,0,,13.6
238,금산,2021-05-13 03:00,12.8,,.3,0,97,,,1,,13.2
238,금산,2021-05-13 04:00,12.5,,.5,290,98,,,5,,13
238,금산,2021-05-13 05:00,11.9,,.3,0,98,,,1,,12.4
238,금산,2021-05-13 06:00,11.9,,.3,0,99,0,,1,,12.3
238,금산,2021-05-13 07:00,13.7,,.2,0,91,.9,,0,,13.6
238,금산,2021-05-13 08:00,16,,.5,270,80,1,,2,,15.8
238,금산,2021-05-13 09:00,19.1,,.6,110,69,1,,0,,20.5
238,금산,2021-05-13 10:00,21.7,,1.1,200,60,1,,0,,25.5
238,금산,2021-05-13 11:00,25.1,,1.1,20,53,1,,1,,30.2
238,금산,2021-05-13 12:00,25.5,,1.1,50,52,1,,4,,34
238,금산,2021-05-13 13:00,27.1,,1.9,110,48,1,,4,,36.1
238,금산,2021-05-13 14:00,27.3,,1.9,20,44,.9,,5,,37
238,금산,2021-05-13 15:00,28.3,,1.6,290,44,.9,,4,,37
238,금산,2021-05-13 16:00,28.4,,1.4,320,42,.9,,8,,34.3
238,금산,2021-05-13 17:00,28.1,,1.1,270,45,1,,6,,32.1
238,금산,2021-05-13 18:00,27.5,,1.6,290,45,.9,,8,,28.7
238,금산,2021-05-13 19:00,25.2,,.6,270,56,1,,3,,24.4
238,금산,2021-05-13 20:00,21.8,,.8,290,69,0,,2,,21.6
238,금산,2021-05-13 21:00,20.8,,.5,290,73,,,2,,19.9
238,금산,2021-05-13 22:00,19.4,,.3,0,81,,,5,,18.7
238,금산,2021-05-13 23:00,18.4,,.5,290,86,,,6,,17.8
238,금산,2021-05-14 00:00,17.4,,.4,0,91,,,5,,17
238,금산,2021-05-14 01:00,16.8,,.7,270,93,,,6,,16.4
238,금산,2021-05-14 02:00,15.9,,.4,0,96,,,4,,15.7
238,금산,2021-05-14 03:00,15.5,,.5,270,97,,,6,,15.4
238,금산,2021-05-14 04:00,15,,.4,0,98,,,5,,14.8
238,금산,2021-05-14 05:00,14.3,,.4,0,98,,,5,,14.3
238,금산,2021-05-14 06:00,14.4,,.1,0,98,0,,6,,14.3
238,금산,2021-05-14 07:00,16,,0,0,95,.6,,6,,15.9
238,금산,2021-05-14 08:00,18,,.4,0,85,1,,6,,18.2
238,금산,2021-05-14 09:00,20.8,,.9,110,73,1,,6,,22.7
238,금산,2021-05-14 10:00,24.2,,.8,360,60,1,,7,,27.7
238,금산,2021-05-14 11:00,25.1,,.6,70,57,.9,,7,,29.5
238,금산,2021-05-14 12:00,27.9,,2.2,70,48,1,,3,,35.1
238,금산,2021-05-14 13:00,28.6,,2.1,90,45,1,,6,,36.4
238,금산,2021-05-14 14:00,29,,1.4,20,45,1,,6,,37.3
238,금산,2021-05-14 15:00,29.4,,1.5,110,44,.9,,7,,35.2
238,금산,2021-05-14 16:00,28.8,,1.5,90,44,.4,,8,,33
238,금산,2021-05-14 17:00,29.2,,1.5,90,44,.4,,7,,31.3
238,금산,2021-05-14 18:00,27.1,,1.9,230,57,0,,8,,27.6
238,금산,2021-05-14 19:00,24.9,,1.9,290,64,0,,6,,24.8
238,금산,2021-05-14 20:00,22.9,,.9,340,71,0,,9,,22.7
238,금산,2021-05-14 21:00,22.5,,.4,0,72,,,10,,21.6
238,금산,2021-05-14 22:00,21.1,,.5,250,82,,,10,,20.5
238,금산,2021-05-14 23:00,20.5,,.8,270,85,,,10,,20.1
238,금산,2021-05-15 00:00,20.2,0,.3,0,86,,,10,,19.7
238,금산,2021-05-15 01:00,19.7,,1.2,360,88,,,10,,19.2
238,금산,2021-05-15 02:00,19.4,0,.3,0,91,,,10,,18.8
238,금산,2021-05-15 03:00,19,.3,.7,230,95,,,10,,18.8
238,금산,2021-05-15 04:00,18.6,.4,1.5,140,96,,,10,,18.6
238,금산,2021-05-15 05:00,18.5,,.7,290,96,,,10,,18.5
238,금산,2021-05-15 06:00,18.4,0,.9,140,95,0,,10,,18.5
238,금산,2021-05-15 07:00,18.3,2.3,.3,0,95,0,,10,,18.7
238,금산,2021-05-15 08:00,18.4,1,.6,160,96,0,,10,,19.5
238,금산,2021-05-15 09:00,19.1,.1,1.7,140,93,0,,10,,22
238,금산,2021-05-15 10:00,20.2,,1.2,140,88,0,,9,,24.1
238,금산,2021-05-15 11:00,21.5,,1.7,140,82,.1,,9,,27.3
238,금산,2021-05-15 12:00,23.3,,1.7,110,82,.1,,10,,29.5
238,금산,2021-05-15 13:00,24.6,,1.9,140,75,.7,,8,,30.7
238,금산,2021-05-15 14:00,26.6,,.5,20,69,.1,,8,,31.3
238,금산,2021-05-15 15:00,26.8,,1.3,250,70,.1,,9,,29.7
238,금산,2021-05-15 16:00,25.7,,1.9,230,72,0,,8,,26.5
238,금산,2021-05-15 17:00,24.6,,1.4,250,76,0,,10,,24.6
238,금산,2021-05-15 18:00,23.9,,1.6,160,80,0,,9,,23.7
238,금산,2021-05-15 19:00,23.2,,1.3,140,85,0,,7,,22.7
238,금산,2021-05-15 20:00,22.9,,2,140,86,0,,8,,21.9
238,금산,2021-05-15 21:00,22.9,,2.1,160,86,,,10,,21.5
238,금산,2021-05-15 22:00,22.8,0,1.6,140,86,,,10,,21
238,금산,2021-05-15 23:00,22.8,,1.1,140,86,,,10,,20.6
238,금산,2021-05-16 00:00,21.4,,.5,200,93,,,10,,20.3
238,금산,2021-05-16 01:00,21.2,0,.4,0,96,,,10,,20.3
238,금산,2021-05-16 02:00,20.8,7.9,1.4,90,99,,,10,,20.3
238,금산,2021-05-16 03:00,20.7,2.9,1.4,110,99,,,10,,20.2
238,금산,2021-05-16 04:00,21,0,1.2,110,98,,,10,,20.1
238,금산,2021-05-16 05:00,20.9,1.9,.7,70,99,,,10,,20.1
238,금산,2021-05-16 06:00,21,2,1.9,140,98,0,,10,,20.2
238,금산,2021-05-16 07:00,21,.6,1.5,110,98,0,,10,,20.7
238,금산,2021-05-16 08:00,21.6,.1,.9,140,96,0,,8,,21.4
238,금산,2021-05-16 09:00,21.6,1.1,.3,0,97,0,,9,,21.4
238,금산,2021-05-16 10:00,22.6,.1,.8,180,95,0,,10,,22.9
238,금산,2021-05-16 11:00,21.9,2.4,.6,160,97,0,,9,,22.9
238,금산,2021-05-16 12:00,22.9,.8,1.9,180,91,0,,10,,23.3
238,금산,2021-05-16 13:00,22.5,.2,.9,140,95,0,,10,,23.3
238,금산,2021-05-16 14:00,22.8,.3,1.8,140,93,0,,10,,24.4
238,금산,2021-05-16 15:00,22.8,.6,.4,0,93,0,,10,,23.9
238,금산,2021-05-16 16:00,22.6,.4,1.8,200,94,0,,10,,23.5
238,금산,2021-05-16 17:00,22.4,.8,1,340,97,0,,10,,22.9
238,금산,2021-05-16 18:00,21.9,7.1,.1,0,99,0,,10,,22.2
238,금산,2021-05-16 19:00,22,.9,1.1,360,99,0,,10,,21.8
238,금산,2021-05-16 20:00,21.4,1.8,.4,0,99,0,,10,,21.3
238,금산,2021-05-16 21:00,20.5,1.3,1.4,290,97,,,9,,20.7
238,금산,2021-05-16 22:00,20.3,0,1.8,290,95,,,9,,20.3
238,금산,2021-05-16 23:00,19.9,0,1.6,290,96,,,9,,20
238,금산,2021-05-17 00:00,19.8,,1,320,95,,,10,,19.7
238,금산,2021-05-17 01:00,18.8,,1.9,340,97,,,6,,19.4
238,금산,2021-05-17 02:00,18.6,,1.8,320,93,,,8,,18.9
238,금산,2021-05-17 03:00,18.1,,2,320,92,,,9,,18.5
238,금산,2021-05-17 04:00,17.7,,2.4,290,92,,,3,,18.2
238,금산,2021-05-17 05:00,17.4,,2.1,290,90,,,9,,17.8
238,금산,2021-05-17 06:00,17.1,,1.2,340,91,0,,10,,17.7
238,금산,2021-05-17 07:00,16.8,0,1.7,290,94,0,,9,,17.9
238,금산,2021-05-17 08:00,17.2,,.7,290,90,0,,9,,18.4
238,금산,2021-05-17 09:00,17.1,,1.9,290,90,0,,10,,18.7
238,금산,2021-05-17 10:00,16.8,,1.8,270,91,0,,10,,18.9
238,금산,2021-05-17 11:00,17.9,,.9,290,85,0,,10,,20.9
238,금산,2021-05-17 12:00,18.2,,2.2,290,85,0,,9,,21.6
238,금산,2021-05-17 13:00,16.8,,2.8,290,89,0,,10,,21
238,금산,2021-05-17 14:00,16.3,1.3,1.4,290,92,0,,10,,19.6
238,금산,2021-05-17 15:00,16.5,1.6,1.2,270,92,0,,10,,20.2
238,금산,2021-05-17 16:00,16.7,.3,1.4,290,92,0,,10,,20.3
238,금산,2021-05-17 17:00,16.1,.1,1.9,250,88,0,,10,,19.2
238,금산,2021-05-17 18:00,16.1,,1.2,270,88,0,,5,,19.1
238,금산,2021-05-17 19:00,16.1,,1,290,89,0,,10,,18.1
238,금산,2021-05-17 20:00,15.8,,1.4,290,88,0,,10,,17.3
238,금산,2021-05-17 21:00,15.7,,1.1,320,87,,,7,,16.8
238,금산,2021-05-17 22:00,15.3,,.4,0,89,,,9,,16.4
238,금산,2021-05-17 23:00,15,,.7,250,94,,,10,,16.4
238,금산,2021-05-18 00:00,14.9,,.7,230,95,,,10,,16.3
238,금산,2021-05-18 01:00,14.8,,1.2,340,95,,,8,,16.1
238,금산,2021-05-18 02:00,14.4,,1.1,20,97,,,10,,16
238,금산,2021-05-18 03:00,14.4,,1.1,340,97,,,10,,15.8
238,금산,2021-05-18 04:00,14.5,,.4,0,96,,,10,,15.8
238,금산,2021-05-18 05:00,14.6,,.8,360,96,,,10,,15.8
238,금산,2021-05-18 06:00,14.4,,.6,270,97,0,,10,,15.7
238,금산,2021-05-18 07:00,15,,.7,340,93,0,,10,,16.5
238,금산,2021-05-18 08:00,15.4,,1.3,290,91,0,,10,,17.2
238,금산,2021-05-18 09:00,16.4,,1,290,83,0,,10,,18.8
238,금산,2021-05-18 10:00,16.3,,1.7,290,83,0,,10,,19.4
238,금산,2021-05-18 11:00,18.1,,1.2,360,78,0,,10,,23.6
238,금산,2021-05-18 12:00,18.7,,.9,360,72,.1,,8,,24.2
238,금산,2021-05-18 13:00,19.7,,2.1,180,68,.3,,8,,29.1
238,금산,2021-05-18 14:00,21,,1,270,57,.8,,0,,30.5
238,금산,2021-05-18 15:00,23.4,,1,320,53,.9,,3,,32.9
238,금산,2021-05-18 16:00,23.1,,1.5,270,49,1,,5,,31.1
238,금산,2021-05-18 17:00,23.3,,1.7,290,48,1,,0,,28.8
238,금산,2021-05-18 18:00,22.6,,1.5,320,51,1,,0,,25.2
238,금산,2021-05-18 19:00,20.5,,1.1,250,67,1,,0,,21
238,금산,2021-05-18 20:00,18,,.2,0,80,0,,5,,18.7
238,금산,2021-05-18 21:00,16.8,,.1,0,87,,,5,,17.3
238,금산,2021-05-18 22:00,15.7,,.2,0,93,,,6,,16.4
238,금산,2021-05-18 23:00,15.1,,.3,0,96,,,6,,15.7
238,금산,2021-05-19 00:00,14.4,,.7,320,97,,,5,,15
238,금산,2021-05-19 01:00,13.8,,.6,250,98,,,5,,14.5
238,금산,2021-05-19 02:00,13.5,,.1,0,99,,,8,,14.1
238,금산,2021-05-19 03:00,13,,.2,0,99,,,8,,13.8
238,금산,2021-05-19 04:00,13.2,,.1,0,100,,,7,,14.6
238,금산,2021-05-19 05:00,13.2,,.3,0,100,,,6,,15.1
238,금산,2021-05-19 06:00,13,,.5,200,100,0,,5,,15.4
238,금산,2021-05-19 07:00,13.2,,.5,90,100,0,,7,,16.3
238,금산,2021-05-19 08:00,13.5,,.3,0,100,0,,8,,17.6
238,금산,2021-05-19 09:00,14.8,,.9,110,99,0,,5,,20.8
238,금산,2021-05-19 10:00,18.7,,.8,250,80,.8,,0,,26.4
238,금산,2021-05-19 11:00,22.4,,1.2,360,52,1,,0,,30.1
238,금산,2021-05-19 12:00,24.1,,1.1,180,53,1,,1,,32.9
238,금산,2021-05-19 13:00,26,,2.3,20,35,1,,1,,33.9
238,금산,2021-05-19 14:00,26.6,,2.4,320,30,1,,,,33.5
238,금산,2021-05-19 15:00,26.8,,2.5,20,25,1,,2,,33
238,금산,2021-05-19 16:00,26.1,,2.1,290,27,1,,6,,30.9
238,금산,2021-05-19 17:00,26.3,,2,360,31,.9,,8,,28.8
238,금산,2021-05-19 18:00,24.7,,1.6,360,37,.2,,9,,24
238,금산,2021-05-19 19:00,22.1,,1,270,54,0,,9,,21.4
238,금산,2021-05-19 20:00,19.9,,.8,250,63,0,,10,,19.6
238,금산,2021-05-19 21:00,19,,0,0,67,,,10,,18.6
238,금산,2021-05-19 22:00,17.7,,.5,270,73,,,10,,17.6
238,금산,2021-05-19 23:00,17.1,,.5,230,76,,,10,,17.2
238,금산,2021-05-20 00:00,16.4,,.9,320,81,,,10,,16.7
238,금산,2021-05-20 01:00,16.5,,.6,200,82,,,10,,16.4
238,금산,2021-05-20 02:00,15.6,,.7,320,88,,,10,,16.1
238,금산,2021-05-20 03:00,15.4,,.8,180,86,,,10,,15.9
238,금산,2021-05-20 04:00,14.9,,.8,290,92,,,10,,15.8
238,금산,2021-05-20 05:00,14.9,,.1,0,92,,,10,,15.7
238,금산,2021-05-20 06:00,14.9,,.1,0,94,0,,10,,15.8
238,금산,2021-05-20 07:00,15.4,,.5,340,90,0,,10,,16.4
238,금산,2021-05-20 08:00,16,0,1.6,290,91,0,,10,,17.1
238,금산,2021-05-20 09:00,16.5,.1,1.7,180,89,0,,10,,17.7
238,금산,2021-05-20 10:00,17.5,.6,1.5,140,84,0,,10,,19.7
238,금산,2021-05-20 11:00,15.3,1.7,1.7,110,89,0,,10,,18.7
238,금산,2021-05-20 12:00,15.8,3,1.8,110,91,0,,10,,19.8
238,금산,2021-05-20 13:00,16.4,0,2,140,89,0,,10,,19.7
238,금산,2021-05-20 14:00,17.1,0,3.3,110,82,0,,10,,20.2
238,금산,2021-05-20 15:00,17.4,,2.4,110,82,0,,10,,19.9
238,금산,2021-05-20 16:00,17.2,,3,110,80,0,,10,,19.2
238,금산,2021-05-20 17:00,16.9,,3,110,82,0,,10,,18.1
238,금산,2021-05-20 18:00,16.9,,1.1,90,83,0,,10,,17.7
238,금산,2021-05-20 19:00,16.3,0,1.2,90,87,0,,10,,17.3
238,금산,2021-05-20 20:00,15.4,.3,.8,110,97,0,,10,,17
238,금산,2021-05-20 21:00,15.2,1.1,.5,160,99,,,5,,16.8
238,금산,2021-05-20 22:00,15.2,.7,.4,0,99,,,8,,16.7
238,금산,2021-05-20 23:00,15.3,.1,.1,0,99,,,2,,16.6
238,금산,2021-05-21 00:00,15.9,,1.4,250,84,,,9,,16.1
238,금산,2021-05-21 01:00,15.4,,2.6,230,83,,,9,,15.6
238,금산,2021-05-21 02:00,15.4,,3.8,230,83,,,9,,15.2
238,금산,2021-05-21 03:00,15.3,,1.5,270,84,,,10,,15.2
238,금산,2021-05-21 04:00,15,,2,270,87,,,8,,15.1
238,금산,2021-05-21 05:00,14.7,0,2.1,270,90,,,9,,15.1
238,금산,2021-05-21 06:00,14.3,.2,1.6,270,93,0,,9,,15.1
238,금산,2021-05-21 07:00,14.2,.2,1.6,270,92,0,,9,,15.4
238,금산,2021-05-21 08:00,14.6,0,2.2,270,86,0,,10,,15.6
238,금산,2021-05-21 09:00,15,,1.7,270,85,0,,10,,17.2
238,금산,2021-05-21 10:00,14.5,0,2.7,230,88,0,,10,,16.5
238,금산,2021-05-21 11:00,14.5,.2,1.8,250,93,0,,10,,17.6
238,금산,2021-05-21 12:00,14.8,0,2.5,250,89,0,,10,,18.2
238,금산,2021-05-21 13:00,15,0,1.9,270,88,0,,10,,18.5
238,금산,2021-05-21 14:00,16,,1.8,270,78,0,,9,,19.4
238,금산,2021-05-21 15:00,15.6,,1.6,270,80,0,,10,,17.3
238,금산,2021-05-21 16:00,15.5,,.9,250,82,0,,10,,17
238,금산,2021-05-21 17:00,15.4,,1,270,82,0,,10,,16.7
238,금산,2021-05-21 18:00,15.4,,.4,0,82,0,,10,,16.6
238,금산,2021-05-21 19:00,15.1,,1,270,83,0,,8,,16
238,금산,2021-05-21 20:00,14.7,,.2,0,87,0,,5,,15.7
238,금산,2021-05-21 21:00,13.8,,.8,20,97,,,9,,15.5
238,금산,2021-05-21 22:00,14.3,,.9,290,92,,,7,,15.2
238,금산,2021-05-21 23:00,14.1,,.3,0,96,,,4,,15.3
238,금산,2021-05-22 00:00,14,,.3,0,95,,,9,,15
238,금산,2021-05-22 01:00,14.1,,.4,0,95,,,9,,14.9
238,금산,2021-05-22 02:00,13.6,,.1,0,98,,,7,,14.1
238,금산,2021-05-22 03:00,12.6,,.1,0,99,,,7,,13.2
238,금산,2021-05-22 04:00,11.9,,.6,250,99,,,9,,12.7
238,금산,2021-05-22 05:00,11.4,,.3,0,100,,,8,,12.1
238,금산,2021-05-22 06:00,11.5,,0,0,100,0,,9,,12.3
238,금산,2021-05-22 07:00,13.5,,.2,0,98,.5,,0,,13.9
238,금산,2021-05-22 08:00,14.5,,.7,140,87,.8,,0,,16
238,금산,2021-05-22 09:00,16.4,,.8,230,77,1,,0,,20.9
238,금산,2021-05-22 10:00,18.8,,1.2,270,71,1,,0,,25.2
238,금산,2021-05-22 11:00,20.6,,1.7,290,59,1,,0,,28.8
238,금산,2021-05-22 12:00,22.2,,1.4,320,54,1,,0,,31.5
238,금산,2021-05-22 13:00,23.4,,1.8,340,52,1,,1,,32.4
238,금산,2021-05-22 14:00,23.9,,2.5,290,55,1,,2,,32.7
238,금산,2021-05-22 15:00,24,,2.7,290,55,1,,0,,31.9
238,금산,2021-05-22 16:00,23.8,,2.6,270,56,.8,,0,,29.7
238,금산,2021-05-22 17:00,24.3,,2.3,290,56,.7,,0,,28.1
238,금산,2021-05-22 18:00,23.8,,1.8,290,57,1,,0,,25.4
238,금산,2021-05-22 19:00,22.3,,.7,270,65,1,,0,,21.7
238,금산,2021-05-22 20:00,20.3,,.9,320,72,0,,0,,19.3
238,금산,2021-05-22 21:00,18,,.1,0,83,,,0,,17.7
238,금산,2021-05-22 22:00,17,,.9,250,87,,,0,,16.6
238,금산,2021-05-22 23:00,16.1,,.1,0,92,,,0,,15.7
238,금산,2021-05-23 00:00,14.9,,.9,270,96,,,0,,15.1
238,금산,2021-05-23 01:00,14,,.5,250,97,,,0,,14.4
238,금산,2021-05-23 02:00,13.5,,.3,0,98,,,0,,13.8
238,금산,2021-05-23 03:00,12.7,,.5,270,100,,,1,,13.9
238,금산,2021-05-23 04:00,12.8,,.1,0,100,,,7,,14.5
238,금산,2021-05-23 05:00,12.7,,.3,0,100,,,7,,14.9
238,금산,2021-05-23 06:00,12.7,,.9,180,100,0,,6,,15.2
238,금산,2021-05-23 07:00,12.7,,.6,200,100,0,,1,,16.2
238,금산,2021-05-23 08:00,13.4,,.8,180,100,0,,5,,17.9
238,금산,2021-05-23 09:00,16.6,,.5,90,87,.4,,7,,22.7
238,금산,2021-05-23 10:00,18.6,,.7,140,78,.2,,9,,23.9
238,금산,2021-05-23 11:00,22,,.8,160,58,.5,,8,,27.2
238,금산,2021-05-23 12:00,24.1,,.8,360,51,1,,7,,32.1
238,금산,2021-05-23 13:00,25,,1.5,320,48,1,,6,,33.5
238,금산,2021-05-23 14:00,27.4,,1.3,340,41,1,,8,,35.5
238,금산,2021-05-23 15:00,26.7,,1.2,290,44,.2,,9,,31.1
238,금산,2021-05-23 16:00,26.1,,1.9,290,54,0,,10,,27.6
238,금산,2021-05-23 17:00,24.8,,1.3,320,57,.1,,10,,25.5
238,금산,2021-05-23 18:00,23.7,,1.1,320,60,0,,10,,23.4
238,금산,2021-05-23 19:00,22.8,,.8,290,64,0,,10,,21.9
238,금산,2021-05-23 20:00,21,,1,290,77,0,,10,,20.5
238,금산,2021-05-23 21:00,20.4,,.2,0,76,,,10,,19.8
238,금산,2021-05-23 22:00,20.1,0,.6,270,78,,,10,,19.3
238,금산,2021-05-23 23:00,19.7,,.4,0,80,,,10,,19
238,금산,2021-05-24 00:00,19.2,,.9,290,82,,,0,,18.5
238,금산,2021-05-24 01:00,18.6,,.4,0,83,,,8,,18.2
238,금산,2021-05-24 02:00,18.2,,.6,320,84,,,10,,17.9
238,금산,2021-05-24 03:00,18,,.5,320,82,,,10,,17.6
238,금산,2021-05-24 04:00,17.7,,1,160,88,,,10,,17.4
238,금산,2021-05-24 05:00,16.8,0,.6,320,92,,,10,,17
238,금산,2021-05-24 06:00,16.8,,.2,0,93,0,,10,,17
238,금산,2021-05-24 07:00,17.4,,.3,0,87,0,,10,,17.8
238,금산,2021-05-24 08:00,18,,1.2,320,84,0,,10,,19.1
238,금산,2021-05-24 09:00,19.4,,.4,0,73,0,,10,,21
238,금산,2021-05-24 10:00,20.8,,1.6,250,54,.1,,9,,23.3
238,금산,2021-05-24 11:00,23.2,,2.2,270,51,.9,,5,,29.2
238,금산,2021-05-24 12:00,21.8,,2.4,270,56,.4,,8,,27.5
238,금산,2021-05-24 13:00,22.3,,2.2,270,55,.5,,,,32.1
238,금산,2021-05-24 14:00,23.7,,2.3,290,51,1,,,,36.3
238,금산,2021-05-24 15:00,24,,2.7,340,47,.7,,4,,35.4
238,금산,2021-05-24 16:00,23.4,,1.8,270,43,.3,,1,,29.8
238,금산,2021-05-24 17:00,24.3,,2.1,340,30,1,,4,,30.8
238,금산,2021-05-24 18:00,23.1,,2.5,290,34,1,,4,,26.7
238,금산,2021-05-24 19:00,21,,.9,270,41,.3,,6,,22
238,금산,2021-05-24 20:00,19.2,,1.1,290,47,0,,6,,18.9
238,금산,2021-05-24 21:00,17.8,,1,250,52,,,4,,16.9
238,금산,2021-05-24 22:00,16.8,,.5,270,57,,,1,,15.5
238,금산,2021-05-24 23:00,16,,1,230,61,,,7,,14.8
238,금산,2021-05-25 00:00,14.3,,.5,200,75,,,3,,14.1
238,금산,2021-05-25 01:00,12.5,,.3,0,82,,,1,,13.2
238,금산,2021-05-25 02:00,11.3,,.8,290,87,,,1,,12.5
238,금산,2021-05-25 03:00,10.3,,.5,320,90,,,1,,11.9
238,금산,2021-05-25 04:00,9.5,,.9,290,92,,,6,,11.4
238,금산,2021-05-25 05:00,9.9,,.3,0,90,,,10,,12.3
238,금산,2021-05-25 06:00,10.4,,1.4,320,92,0,,10,,12.8
238,금산,2021-05-25 07:00,12,0,1.4,320,81,0,,10,,13.1
238,금산,2021-05-25 08:00,12.1,1,1.9,160,83,0,,10,,14.4
238,금산,2021-05-25 09:00,11.8,1,1.3,360,92,0,,10,,14.5
238,금산,2021-05-25 10:00,15.7,.1,1.4,360,75,.2,,9,,21.8
238,금산,2021-05-25 11:00,18,0,3.4,270,67,.7,,8,,26.2
238,금산,2021-05-25 12:00,19.4,,3.6,270,57,.9,,7,,28.8
238,금산,2021-05-25 13:00,19.7,,2.8,290,54,.7,,6,,27.8
238,금산,2021-05-25 14:00,20.3,,3.2,290,47,.6,,0,,28.4
238,금산,2021-05-25 15:00,20.8,,4.7,270,38,.9,,0,,32.3
238,금산,2021-05-25 16:00,20.6,,3.4,290,33,1,,0,,32.1
238,금산,2021-05-25 17:00,20.2,,3.4,270,31,1,,0,,29.8
238,금산,2021-05-25 18:00,19.4,,3.4,290,35,1,,0,,25.6
238,금산,2021-05-25 19:00,17.6,,1.9,270,44,1,,0,,19.6
238,금산,2021-05-25 20:00,15.9,,1.3,250,59,.3,,0,,16.6
238,금산,2021-05-25 21:00,14.7,,.8,290,68,,,0,,15
238,금산,2021-05-25 22:00,13.9,,.2,0,72,,,0,,13.8
238,금산,2021-05-25 23:00,12.1,,.8,270,81,,,0,,12.9
238,금산,2021-05-26 00:00,10.9,,.6,270,87,,,4,,12.3
238,금산,2021-05-26 01:00,10.3,,.3,0,92,,,5,,11.9
238,금산,2021-05-26 02:00,9.9,,.1,0,93,,,9,,11.7
238,금산,2021-05-26 03:00,9.7,,.4,0,95,,,9,,11.6
238,금산,2021-05-26 04:00,9.4,,.2,0,96,,,10,,11.5
238,금산,2021-05-26 05:00,9.3,,.3,0,95,,,10,,11.4
238,금산,2021-05-26 06:00,9.8,,.7,110,93,0,,10,,11.7
238,금산,2021-05-26 07:00,10.3,,.5,320,93,0,,10,,12.9
238,금산,2021-05-26 08:00,11.4,,.3,0,89,0,,10,,14.1
238,금산,2021-05-26 09:00,13.1,,.9,110,72,0,,10,,16.4
238,금산,2021-05-26 10:00,14.5,,1.2,90,69,0,,10,,18
238,금산,2021-05-26 11:00,17.5,,1.3,110,56,0,,10,,22.9
238,금산,2021-05-26 12:00,19.9,,1.4,140,47,0,,10,,25.5
238,금산,2021-05-26 13:00,22.6,,.8,320,36,0,,8,,27.9
238,금산,2021-05-26 14:00,23.7,,2.1,200,30,0,,9,,27.3
238,금산,2021-05-26 15:00,23,,2.8,180,32,0,,10,,24.7
238,금산,2021-05-26 16:00,22.1,,2,160,39,0,,10,,23
238,금산,2021-05-26 17:00,22,,1.5,160,43,0,,10,,22
238,금산,2021-05-26 18:00,21.9,,1.4,160,42,0,,9,,21.2
238,금산,2021-05-26 19:00,21,,1.8,180,43,0,,8,,19
238,금산,2021-05-26 20:00,20.4,,2.3,180,41,0,,9,,17.3
238,금산,2021-05-26 21:00,20.1,,5.6,200,40,,,9,,16.6
238,금산,2021-05-26 22:00,18.9,,1.5,180,46,,,8,,15.7
238,금산,2021-05-26 23:00,16.9,,.6,250,57,,,9,,15
238,금산,2021-05-27 00:00,14.9,,.5,270,68,,,7,,14.4
238,금산,2021-05-27 01:00,15.1,,0,0,72,,,10,,15
238,금산,2021-05-27 02:00,14.9,,.1,0,73,,,10,,15.1
238,금산,2021-05-27 03:00,15,,.3,0,74,,,10,,15.2
238,금산,2021-05-27 04:00,15.1,,.7,160,73,,,9,,15.2
238,금산,2021-05-27 05:00,15.3,,1.1,160,76,,,8,,15.1
238,금산,2021-05-27 06:00,15.5,,1.1,140,75,0,,10,,15.3
238,금산,2021-05-27 07:00,15.5,,.6,180,78,0,,9,,15.9
238,금산,2021-05-27 08:00,15.6,,.3,0,80,0,,10,,16.2
238,금산,2021-05-27 09:00,15.1,.2,.9,160,90,0,,10,,16.7
238,금산,2021-05-27 10:00,15.1,.5,.9,110,95,0,,9,,17.2
238,금산,2021-05-27 11:00,16.1,.3,1.6,160,91,0,,9,,18.8
238,금산,2021-05-27 12:00,17.1,0,1.7,270,91,0,,8,,21.5
238,금산,2021-05-27 13:00,18.7,.1,1.9,270,80,.1,,9,,25.3
238,금산,2021-05-27 14:00,19.4,0,2.3,290,76,.2,,8,,25.2
238,금산,2021-05-27 15:00,19.7,,3.2,270,70,.6,,7,,29
238,금산,2021-05-27 16:00,20.5,,2.9,290,60,1,,0,,30.5
238,금산,2021-05-27 17:00,19.9,,2.4,250,60,1,,0,,29.2
238,금산,2021-05-27 18:00,19,,2.1,250,61,1,,0,,25.3
238,금산,2021-05-27 19:00,17.3,,1.6,270,65,1,,0,,19.3
238,금산,2021-05-27 20:00,15.2,,1.2,290,77,.2,,0,,16.4
238,금산,2021-05-27 21:00,13.9,,.3,0,84,,,0,,14.4
238,금산,2021-05-27 22:00,12.4,,.5,200,90,,,0,,13.2
238,금산,2021-05-27 23:00,11.4,,.5,180,91,,,0,,12.3
238,금산,2021-05-28 00:00,10.2,,.4,0,96,,,0,,11.6
238,금산,2021-05-28 01:00,9.6,,.5,270,96,,,0,,11
238,금산,2021-05-28 02:00,9,,.7,290,97,,,3,,10.5
238,금산,2021-05-28 03:00,8.6,,.5,270,98,,,3,,10.2
238,금산,2021-05-28 04:00,8.1,,.4,0,99,,,0,,10
238,금산,2021-05-28 05:00,7.9,,.5,250,100,,,0,,9.6
238,금산,2021-05-28 06:00,8.4,,.3,0,98,0,,4,,9.9
238,금산,2021-05-28 07:00,11.2,,.8,90,84,1,,0,,11.6
238,금산,2021-05-28 08:00,14.6,,2,110,68,1,,0,,14.8
238,금산,2021-05-28 09:00,21.1,,4.6,160,47,.8,,3,,20.2
238,금산,2021-05-28 10:00,24.4,,3.6,160,40,.9,,5,,26
238,금산,2021-05-28 11:00,23.4,0,4.7,230,48,.8,,8,,28
238,금산,2021-05-28 12:00,,6,2.7,290,92,0,,10,,17.1
238,금산,2021-05-28 13:00,12.5,34,1.6,180,99,0,,10,,14.5
238,금산,2021-05-28 14:00,13.1,11.2,1.9,180,98,0,,10,,15.3
238,금산,2021-05-28 15:00,15.1,.2,1.6,140,91,0,,8,,19.6
238,금산,2021-05-28 16:00,18.8,,1.2,140,79,.8,,5,,26.6
238,금산,2021-05-28 17:00,19.6,,1,50,74,.6,,4,,26
238,금산,2021-05-28 18:00,19.3,,2.4,270,66,.8,,5,,22
238,금산,2021-05-28 19:00,17.8,,2.4,270,68,.2,,4,,17.9
238,금산,2021-05-28 20:00,16.4,,1.5,270,75,0,,3,,15.8
238,금산,2021-05-28 21:00,16.2,,1.7,270,75,,,8,,15.7
238,금산,2021-05-28 22:00,15.6,,1.7,270,78,,,8,,15
238,금산,2021-05-28 23:00,15,,1.2,250,80,,,9,,14.6
238,금산,2021-05-29 00:00,14.9,,2.5,250,79,,,8,,13.7
238,금산,2021-05-29 01:00,14.6,,1.9,270,79,,,4,,12.9
238,금산,2021-05-29 02:00,14.5,,1.7,290,78,,,8,,12.7
238,금산,2021-05-29 03:00,13.5,,.1,0,84,,,7,,12.3
238,금산,2021-05-29 04:00,11.6,,.1,0,95,,,0,,11.4
238,금산,2021-05-29 05:00,11.2,,.5,340,95,,,0,,11
238,금산,2021-05-29 06:00,11.5,,.2,0,96,.3,,0,,11.1
238,금산,2021-05-29 07:00,14,,.5,90,86,1,,0,,12.6
238,금산,2021-05-29 08:00,17,,1.4,250,71,1,,0,,15.1
238,금산,2021-05-29 09:00,18.6,,1.2,20,64,1,,0,,20.9
238,금산,2021-05-29 10:00,21,,1.9,340,53,1,,0,,25.3
238,금산,2021-05-29 11:00,21.5,,2.8,320,50,1,,0,,27.1
238,금산,2021-05-29 12:00,21.8,,2.7,270,53,1,,1,,30.3
238,금산,2021-05-29 13:00,22.7,,2.5,320,47,1,,0,,30.8
238,금산,2021-05-29 14:00,22.3,,1.6,320,47,.5,,7,,26.7
238,금산,2021-05-29 15:00,22.8,,2.3,270,46,.5,,7,,27.5
238,금산,2021-05-29 16:00,22.6,,2.4,270,47,.1,,1,,24.9
238,금산,2021-05-29 17:00,21.9,,3.5,290,47,.9,,7,,24.9
238,금산,2021-05-29 18:00,21.1,,1.5,270,49,.4,,8,,22.2
238,금산,2021-05-29 19:00,19.6,,.7,290,57,.1,,10,,19.6
238,금산,2021-05-29 20:00,18.7,0,.7,250,59,0,,8,,17.9
238,금산,2021-05-29 21:00,16.8,,.9,320,71,,,7,,16.4
238,금산,2021-05-29 22:00,16.3,,1,290,71,,,4,,15.4
238,금산,2021-05-29 23:00,14.9,,.3,0,77,,,6,,14.8
238,금산,2021-05-30 00:00,14.1,,.9,250,83,,,6,,14.4
238,금산,2021-05-30 01:00,13.1,,.6,250,90,,,0,,13.6
238,금산,2021-05-30 02:00,12,,.6,250,95,,,0,,12.8
238,금산,2021-05-30 03:00,11.4,,.3,0,96,,,0,,12.1
238,금산,2021-05-30 04:00,10.8,,.3,0,97,,,0,,11.7
238,금산,2021-05-30 05:00,10.3,,.4,0,98,,,7,,11.2
238,금산,2021-05-30 06:00,10.3,,.4,0,98,0,,0,,11.4
238,금산,2021-05-30 07:00,11.9,,1.4,140,94,.5,,0,,12.8
238,금산,2021-05-30 08:00,14.5,,.4,0,82,1,,0,,16.2
238,금산,2021-05-30 09:00,17.7,,.7,160,67,.8,,0,,21.2
238,금산,2021-05-30 10:00,20.5,,1.6,90,56,1,,0,,26.2
238,금산,2021-05-30 11:00,22.7,,1.2,180,42,1,,0,,29.8
238,금산,2021-05-30 12:00,25.2,,1.6,90,42,1,,2,,32.8
238,금산,2021-05-30 13:00,26.3,,.9,230,40,1,,0,,34.4
238,금산,2021-05-30 14:00,26.2,,1.4,180,41,1,,2,,35
238,금산,2021-05-30 15:00,27.2,,1.1,180,39,1,,0,,35.9
238,금산,2021-05-30 16:00,28.2,,1.8,230,35,.9,,0,,33.6
238,금산,2021-05-30 17:00,28.2,,1.5,270,33,1,,4,,32.1
238,금산,2021-05-30 18:00,27,,.9,270,44,1,,3,,27.7
238,금산,2021-05-30 19:00,24.8,,.7,250,52,.2,,7,,23.7
238,금산,2021-05-30 20:00,23.3,,.3,0,60,0,,7,,21.6
238,금산,2021-05-30 21:00,22.7,,.5,270,65,,,10,,20.8
238,금산,2021-05-30 22:00,21.2,,1.4,290,73,,,10,,20.1
238,금산,2021-05-30 23:00,17.8,1.1,1.3,270,91,,,10,,18.8
238,금산,2021-05-31 00:00,17.4,3.4,1.9,160,96,,,10,,18.4
238,금산,2021-05-31 01:00,17.6,.3,.5,20,95,,,8,,18.3
238,금산,2021-05-31 02:00,17.2,.3,.9,180,97,,,10,,18
238,금산,2021-05-31 03:00,17,.2,.9,90,98,,,10,,17.8
238,금산,2021-05-31 04:00,16.6,5,.3,0,93,,,10,,17.3
238,금산,2021-05-31 05:00,15.8,.2,1.2,250,94,,,10,,17
238,금산,2021-05-31 06:00,15,1.4,.6,290,98,0,,10,,16.7
238,금산,2021-05-31 07:00,15.2,1,2.3,140,93,0,,9,,16.6
238,금산,2021-05-31 08:00,15.7,0,1.8,90,91,0,,4,,17.6
238,금산,2021-05-31 09:00,17.2,,1.5,140,85,0,,8,,20.6
238,금산,2021-05-31 10:00,19,,1.6,140,78,.5,,8,,25.8
238,금산,2021-05-31 11:00,21,,.9,90,70,.1,,8,,26.2
238,금산,2021-05-31 12:00,23.2,,1,160,57,.5,,7,,31.3
238,금산,2021-05-31 13:00,24.3,,2.1,290,39,.1,,8,,26.9
238,금산,2021-05-31 14:00,26.1,,1.9,320,41,.5,,3,,32.4
238,금산,2021-05-31 15:00,26,,1.7,200,42,1,,0,,32.4
238,금산,2021-05-31 16:00,26.7,,1.9,250,44,1,,6,,32.1
238,금산,2021-05-31 17:00,26,,2,320,44,.3,,8,,27.9
238,금산,2021-05-31 18:00,25.2,,1.6,320,42,1,,6,,25.6
238,금산,2021-05-31 19:00,24.2,,.7,320,43,1,,3,,22.6
238,금산,2021-05-31 20:00,21.1,,.6,270,66,0,,8,,21.2
238,금산,2021-05-31 21:00,19.3,,.5,270,73,,,7,,19.1
238,금산,2021-05-31 22:00,18.4,,.2,0,75,,,0,,18.7
238,금산,2021-05-31 23:00,17.3,,.2,0,77,,,1,,17.5
238,금산,2021-06-01 00:00,15.9,,.1,0,86,,,0,,16.6
238,금산,2021-06-01 01:00,15.6,,.4,0,89,,,0,,16
238,금산,2021-06-01 02:00,14.9,,.4,0,94,,,0,,15.5
238,금산,2021-06-01 03:00,14.8,,.3,0,95,,,0,,15.1
238,금산,2021-06-01 04:00,14.3,,.2,0,96,,,0,,14.7
238,금산,2021-06-01 05:00,14,,.4,0,98,,,6,,14.5
238,금산,2021-06-01 06:00,14,,.1,0,98,0,,1,,14.4
238,금산,2021-06-01 07:00,15.5,,.2,0,94,.6,,0,,16
238,금산,2021-06-01 08:00,17.5,,.6,140,88,.4,,7,,18.6
238,금산,2021-06-01 09:00,19.9,,.9,200,78,1,,7,,23.1
238,금산,2021-06-01 10:00,21.5,,.6,230,73,.6,,,,25.1
238,금산,2021-06-01 11:00,23,,1.1,160,63,.5,,8,,29.5
238,금산,2021-06-01 12:00,24.7,,1,160,55,1,,7,,33.1
238,금산,2021-06-01 13:00,26.3,,1.3,360,50,1,,4,,34.1
238,금산,2021-06-01 14:00,27,,2.8,320,42,1,,7,,33.2
238,금산,2021-06-01 15:00,26.4,,2.3,320,46,1,,0,,32.6
238,금산,2021-06-01 16:00,26.5,,2.6,320,42,1,,7,,29.9
238,금산,2021-06-01 17:00,26,,1.6,320,43,.9,,7,,27.6
238,금산,2021-06-01 18:00,25.2,,1.6,320,47,.2,,9,,24.7
238,금산,2021-06-01 19:00,23.7,,.5,270,56,0,,10,,22.7
238,금산,2021-06-01 20:00,21.8,,.8,290,66,0,,10,,21
238,금산,2021-06-01 21:00,21.4,,1.2,160,66,,,10,,20.2
238,금산,2021-06-01 22:00,20.5,,.8,90,71,,,10,,19.4
238,금산,2021-06-01 23:00,19.5,,.8,160,78,,,10,,18.9
238,금산,2021-06-02 00:00,19.3,,1.6,140,78,,,10,,18.3
238,금산,2021-06-02 01:00,18.6,,1.1,200,82,,,10,,17.9
238,금산,2021-06-02 02:00,17.5,,.4,0,87,,,7,,17.2
238,금산,2021-06-02 03:00,16.9,,.9,270,90,,,9,,17.1
238,금산,2021-06-02 04:00,17.1,,.7,110,91,,,8,,16.6
238,금산,2021-06-02 05:00,15.7,,.9,290,95,,,7,,16.1
238,금산,2021-06-02 06:00,15.7,,0,0,96,0,,8,,16
238,금산,2021-06-02 07:00,17.4,,.2,0,87,.7,,4,,17.2
238,금산,2021-06-02 08:00,20.1,,1.3,140,75,1,,1,,19.5
238,금산,2021-06-02 09:00,23.1,,.8,90,63,1,,1,,24.6
238,금산,2021-06-02 10:00,25.3,,1,90,58,1,,0,,29.6
238,금산,2021-06-02 11:00,27.4,,1.5,110,45,1,,4,,33
238,금산,2021-06-02 12:00,28.7,,2.3,140,37,1,,0,,34.8
238,금산,2021-06-02 13:00,29.3,,1.2,160,34,1,,6,,36.7
238,금산,2021-06-02 14:00,29.1,,1.9,180,31,.9,,8,,34.3
238,금산,2021-06-02 15:00,29.4,,1.6,270,39,.4,,8,,35
238,금산,2021-06-02 16:00,29,,1.5,270,39,.8,,9,,33.4
238,금산,2021-06-02 17:00,28.8,,1.3,200,41,1,,7,,33.2
238,금산,2021-06-02 18:00,28,,2,200,38,1,,1,,28.6
238,금산,2021-06-02 19:00,26,,1.1,200,47,.8,,0,,24.4
238,금산,2021-06-02 20:00,22.5,,.3,0,64,0,,5,,21.6
238,금산,2021-06-02 21:00,20.8,,.5,290,71,,,3,,19.9
238,금산,2021-06-02 22:00,20.2,,.4,0,76,,,3,,18.8
238,금산,2021-06-02 23:00,19.4,,.4,0,79,,,4,,18
238,금산,2021-06-03 00:00,17.5,,.5,290,88,,,5,,17.4
238,금산,2021-06-03 01:00,17.8,,.4,0,88,,,8,,17.2
238,금산,2021-06-03 02:00,16.7,,1.2,320,91,,,6,,16.5
238,금산,2021-06-03 03:00,16,,.7,230,93,,,5,,15.9
238,금산,2021-06-03 04:00,15.2,,.7,250,96,,,4,,15.4
238,금산,2021-06-03 05:00,15,,0,0,96,,,7,,15.1
238,금산,2021-06-03 06:00,14.9,,1,290,96,0,,7,,16.2
238,금산,2021-06-03 07:00,15.7,,.4,0,94,0,,10,,17.5
238,금산,2021-06-03 08:00,16.8,.1,.3,0,91,0,,10,,18.4
238,금산,2021-06-03 09:00,16.9,.5,.5,110,93,0,,10,,19
238,금산,2021-06-03 10:00,17.2,.2,.6,360,95,0,,10,,20.2
238,금산,2021-06-03 11:00,16.9,2.7,.3,0,95,0,,10,,20.1
238,금산,2021-06-03 12:00,17.4,3.8,1,140,97,0,,10,,21.5
238,금산,2021-06-03 13:00,17.8,2.5,.8,180,96,0,,10,,21.5
238,금산,2021-06-03 14:00,18.3,2.3,.8,90,96,0,,10,,21.6
238,금산,2021-06-03 15:00,18.6,2.1,1.2,160,97,0,,10,,21.7
238,금산,2021-06-03 16:00,18.9,1.4,.7,110,97,0,,10,,21.8
238,금산,2021-06-03 17:00,19,1.6,.4,0,97,0,,9,,21.8
238,금산,2021-06-03 18:00,18.9,2,.6,360,99,0,,10,,20.8
238,금산,2021-06-03 19:00,18.9,2.1,1.1,290,99,0,,10,,20
238,금산,2021-06-03 20:00,18.5,2.8,.7,290,99,0,,10,,19.4
238,금산,2021-06-03 21:00,17.9,1.8,1.3,290,95,,,10,,18.8
238,금산,2021-06-03 22:00,17.6,2.2,.2,0,99,,,10,,18.6
238,금산,2021-06-03 23:00,17.8,.4,.1,0,99,,,10,,18.5
238,금산,2021-06-04 00:00,17.6,.3,0,0,99,,,10,,18.3
238,금산,2021-06-04 01:00,17.4,.4,.1,0,98,,,10,,18.2
238,금산,2021-06-04 02:00,14.7,.5,1.6,290,95,,,10,,17.1
238,금산,2021-06-04 03:00,14.7,0,.7,320,95,,,9,,16.5
238,금산,2021-06-04 04:00,14.2,,.2,0,97,,,9,,15.7
238,금산,2021-06-04 05:00,13.4,,1,160,99,,,3,,14.5
238,금산,2021-06-04 06:00,12.6,,.3,0,99,.1,,0,,14
238,금산,2021-06-04 07:00,13.3,,.4,0,100,.2,,6,,16.4
238,금산,2021-06-04 08:00,14,,.4,0,100,0,,10,,18.1
238,금산,2021-06-04 09:00,16.1,,.5,90,90,0,,10,,20.4
238,금산,2021-06-04 10:00,18.2,,1.1,250,68,.5,,8,,24.2
238,금산,2021-06-04 11:00,20.1,,.9,290,60,.9,,7,,29
238,금산,2021-06-04 12:00,21.7,,1.7,320,55,1,,6,,32.2
238,금산,2021-06-04 13:00,22.6,,1.8,290,51,1,,0,,33.6
238,금산,2021-06-04 14:00,23,,3,230,54,.8,,0,,32.7
238,금산,2021-06-04 15:00,23.5,,2.7,250,50,1,,0,,32.2
238,금산,2021-06-04 16:00,23.2,,3.3,230,47,1,,0,,30.8
238,금산,2021-06-04 17:00,22.9,,2.5,250,46,1,,0,,28.3
238,금산,2021-06-04 18:00,22,,2.1,270,42,1,,0,,24.1
238,금산,2021-06-04 19:00,20.3,,2.3,290,46,1,,5,,19.8
238,금산,2021-06-04 20:00,18.9,,2,270,47,.2,,4,,17.2
238,금산,2021-06-04 21:00,17.6,,1.7,290,57,,,3,,16
238,금산,2021-06-04 22:00,16.9,,.4,0,66,,,7,,15.5
238,금산,2021-06-04 23:00,15.5,,1,90,75,,,6,,15
238,금산,2021-06-05 00:00,14.6,,.6,340,80,,,0,,14.3
238,금산,2021-06-05 01:00,12.8,,.2,0,91,,,2,,13.6
238,금산,2021-06-05 02:00,11.9,,.5,270,94,,,2,,13.2
238,금산,2021-06-05 03:00,12.9,,.6,360,84,,,0,,12.8
238,금산,2021-06-05 04:00,11.3,,.6,290,94,,,0,,12.4
238,금산,2021-06-05 05:00,11.2,,.7,340,92,,,0,,12.3
238,금산,2021-06-05 06:00,12.9,,1.1,110,85,0,,6,,12.7
238,금산,2021-06-05 07:00,13.7,,1,290,84,.9,,3,,14.2
238,금산,2021-06-05 08:00,18.6,,.6,360,66,1,,0,,17.1
238,금산,2021-06-05 09:00,21.9,,1.8,180,55,1,,4,,22
238,금산,2021-06-05 10:00,23.5,,3,230,56,.9,,0,,25.4
238,금산,2021-06-05 11:00,24.7,,3.2,270,57,.8,,4,,28.6
238,금산,2021-06-05 12:00,25.6,,1.3,270,56,.7,,5,,30.2
238,금산,2021-06-05 13:00,25.9,,2.7,250,56,.9,,6,,32.6
238,금산,2021-06-05 14:00,26.1,,4.6,250,52,1,,7,,32.4
238,금산,2021-06-05 15:00,26.5,,3.3,250,53,1,,3,,32.9
238,금산,2021-06-05 16:00,26.6,,2.6,270,51,1,,5,,32.6
238,금산,2021-06-05 17:00,26.2,,2,270,54,1,,0,,30.3
238,금산,2021-06-05 18:00,25.6,,2.7,230,54,1,,2,,26.3
238,금산,2021-06-05 19:00,24.2,,1.5,270,65,.7,,4,,23.4
238,금산,2021-06-05 20:00,21.8,,1.6,320,79,0,,1,,21.1
238,금산,2021-06-05 21:00,20.4,,.8,270,85,,,0,,19.8
238,금산,2021-06-05 22:00,20,,.9,270,88,,,0,,19
238,금산,2021-06-05 23:00,19.9,,1.8,290,87,,,6,,18.5
238,금산,2021-06-06 00:00,18.6,,.2,0,92,,,5,,17.7
238,금산,2021-06-06 01:00,18.3,,.8,110,92,,,1,,17.2
238,금산,2021-06-06 02:00,17.5,,.8,340,95,,,3,,16.8
238,금산,2021-06-06 03:00,17.3,,.9,340,95,,,2,,16.4
238,금산,2021-06-06 04:00,16.7,,.6,360,95,,,0,,16
238,금산,2021-06-06 05:00,15.8,,.8,320,98,,,1,,15.7
238,금산,2021-06-06 06:00,15.8,,.2,0,96,0,,3,,15.8
238,금산,2021-06-06 07:00,17.6,,.2,0,90,.5,,2,,17.4
238,금산,2021-06-06 08:00,20.9,,.6,50,72,.9,,6,,20.4
238,금산,2021-06-06 09:00,21.6,0,1.4,140,66,.1,,8,,21.8
238,금산,2021-06-06 10:00,23.3,,2.2,250,52,.4,,8,,22.7
238,금산,2021-06-06 11:00,24.1,,1.4,270,53,.4,,7,,29
238,금산,2021-06-06 12:00,24.8,,2.1,270,52,.9,,2,,29.3
238,금산,2021-06-06 13:00,25,,1,250,51,.3,,5,,30.5
238,금산,2021-06-06 14:00,27,,2.1,230,48,.5,,7,,33.3
238,금산,2021-06-06 15:00,27.5,,1.9,270,48,.9,,5,,34.3
238,금산,2021-06-06 16:00,27.3,,2.8,290,47,.9,,3,,34.4
238,금산,2021-06-06 17:00,27.3,,1.8,250,47,1,,2,,32.6
238,금산,2021-06-06 18:00,26.7,,1.6,290,50,1,,0,,28.4
238,금산,2021-06-06 19:00,25.1,,1.2,290,54,1,,5,,24.7
238,금산,2021-06-06 20:00,23.5,,.3,0,57,0,,0,,21.8
238,금산,2021-06-06 21:00,20.9,,1.2,250,72,,,0,,20.1
238,금산,2021-06-06 22:00,19.5,,.5,250,78,,,0,,18.9
238,금산,2021-06-06 23:00,18.5,,.3,0,83,,,2,,18.1
238,금산,2021-06-07 00:00,17.1,,.3,0,90,,,0,,17.3
238,금산,2021-06-07 01:00,16.3,,.8,320,94,,,0,,16.6
238,금산,2021-06-07 02:00,16,,.4,0,95,,,0,,15.8
238,금산,2021-06-07 03:00,15,,.7,290,98,,,0,,15.3
238,금산,2021-06-07 04:00,14.5,,.7,270,97,,,0,,14.7
238,금산,2021-06-07 05:00,13.8,,.5,250,96,,,0,,14.3
238,금산,2021-06-07 06:00,13.8,,.3,0,95,.1,,0,,14.5
238,금산,2021-06-07 07:00,16.3,,.3,0,85,1,,0,,16.1
238,금산,2021-06-07 08:00,18.8,,.3,0,76,1,,0,,18.6
238,금산,2021-06-07 09:00,21.3,,.5,180,62,.5,,8,,23.2
238,금산,2021-06-07 10:00,23.9,,.7,270,54,.6,,6,,25.8
238,금산,2021-06-07 11:00,25.8,,.5,90,43,.1,,9,,28.6
238,금산,2021-06-07 12:00,26.4,,1.4,160,45,.1,,9,,29.1
238,금산,2021-06-07 13:00,28.1,,1.2,160,40,.5,,7,,35.5
238,금산,2021-06-07 14:00,29,,1.4,270,32,.3,,9,,34.9
238,금산,2021-06-07 15:00,29.3,,2.3,270,35,.8,,7,,37.6
238,금산,2021-06-07 16:00,29,,1.8,270,36,1,,5,,37
238,금산,2021-06-07 17:00,28.9,,1.2,290,38,.8,,7,,34.2
238,금산,2021-06-07 18:00,27.7,,.8,290,42,1,,7,,29.6
238,금산,2021-06-07 19:00,26,,.5,270,53,.6,,6,,25.8
238,금산,2021-06-07 20:00,22.6,,.8,250,65,0,,3,,22.6
238,금산,2021-06-07 21:00,21,,.7,250,74,,,2,,20.8
238,금산,2021-06-07 22:00,19.7,,.8,270,76,,,3,,19.6
238,금산,2021-06-07 23:00,18.8,,.5,250,82,,,8,,18.9
238,금산,2021-06-08 00:00,18.3,,.7,270,85,,,9,,18.5
238,금산,2021-06-08 01:00,17.9,,.4,0,87,,,7,,17.8
238,금산,2021-06-08 02:00,17,,.1,0,91,,,6,,17.1
238,금산,2021-06-08 03:00,16.4,,.2,0,94,,,7,,16.7
238,금산,2021-06-08 04:00,16.3,,.4,0,95,,,8,,16.5
238,금산,2021-06-08 05:00,15.8,,.7,290,96,,,8,,16.2
238,금산,2021-06-08 06:00,15.7,,.1,0,96,0,,7,,16.2
238,금산,2021-06-08 07:00,17.2,,.1,0,91,.3,,6,,17.5
238,금산,2021-06-08 08:00,19.7,,.5,140,79,1,,0,,19.9
238,금산,2021-06-08 09:00,23,,.5,290,65,1,,0,,24.8
238,금산,2021-06-08 10:00,25.2,,.7,340,59,1,,5,,30.2
238,금산,2021-06-08 11:00,26.8,,1.3,110,50,1,,5,,35.5
238,금산,2021-06-08 12:00,28.3,,.9,140,42,1,,6,,39.3
238,금산,2021-06-08 13:00,29.6,,1.6,70,40,1,,3,,42
238,금산,2021-06-08 14:00,30.6,,1.1,160,37,1,,4,,43.1
238,금산,2021-06-08 15:00,30.8,,1.5,290,40,.8,,7,,42
238,금산,2021-06-08 16:00,30.3,,1,320,37,.5,,6,,37
238,금산,2021-06-08 17:00,30,,1.6,340,37,.8,,7,,36.2
238,금산,2021-06-08 18:00,28.1,,1.5,290,48,.5,,5,,30.7
238,금산,2021-06-08 19:00,26.5,,.2,0,61,.3,,5,,27.4
238,금산,2021-06-08 20:00,24.2,,.9,340,68,0,,5,,24.3
238,금산,2021-06-08 21:00,21.9,,.9,270,75,,,5,,22.6
238,금산,2021-06-08 22:00,21.6,,.8,230,77,,,8,,21.9
238,금산,2021-06-08 23:00,21.1,,.1,0,81,,,9,,21.5
238,금산,2021-06-09 00:00,20,,1.3,290,86,,,6,,20.4
238,금산,2021-06-09 01:00,19.4,,.9,250,88,,,9,,20
238,금산,2021-06-09 02:00,19.1,,.5,290,89,,,8,,19.5
238,금산,2021-06-09 03:00,18.5,,.6,270,93,,,3,,18.7
238,금산,2021-06-09 04:00,18.1,,0,0,94,,,6,,18
238,금산,2021-06-09 05:00,17.5,,.3,0,96,,,5,,17.6
238,금산,2021-06-09 06:00,17.6,,.3,0,96,0,,4,,17.8
238,금산,2021-06-09 07:00,18.9,,.5,290,90,.7,,6,,19.5
238,금산,2021-06-09 08:00,21.5,,.9,90,79,1,,2,,21.7
238,금산,2021-06-09 09:00,23.9,,1,140,68,1,,0,,26.5
238,금산,2021-06-09 10:00,26.3,,1.1,110,58,1,,0,,32.6
238,금산,2021-06-09 11:00,28.3,,1.1,50,51,1,,0,,37.9
238,금산,2021-06-09 12:00,29.9,,1.3,70,39,1,,4,,42
238,금산,2021-06-09 13:00,30.7,,1.9,50,37,1,,4,,44.6
238,금산,2021-06-09 14:00,31.3,,1.3,320,35,1,,4,,45.8
238,금산,2021-06-09 15:00,31.8,,2,90,36,1,,3,,45.8
238,금산,2021-06-09 16:00,31.7,,1.1,160,37,1,,3,,44.6
238,금산,2021-06-09 17:00,32,,1.3,340,39,1,,0,,41.2
238,금산,2021-06-09 18:00,30.7,,1.8,70,44,.9,,2,,34.7
238,금산,2021-06-09 19:00,29.5,,.8,90,46,.4,,7,,30.3
238,금산,2021-06-09 20:00,25.8,,1,270,67,0,,5,,26.8
238,금산,2021-06-09 21:00,24.5,,.4,0,72,,,8,,24.9
238,금산,2021-06-09 22:00,23.4,,.3,0,75,,,3,,23.4
238,금산,2021-06-09 23:00,22.5,,.5,270,78,,,4,,22.3
238,금산,2021-06-10 00:00,21.7,,.3,0,85,,,6,,21.3
238,금산,2021-06-10 01:00,20.4,,0,0,91,,,8,,20.6
238,금산,2021-06-10 02:00,19.7,,.2,0,95,,,7,,19.9
238,금산,2021-06-10 03:00,19.1,,.9,270,95,,,7,,19.6
238,금산,2021-06-10 04:00,18.8,,.6,270,95,,,8,,19.2
238,금산,2021-06-10 05:00,18.4,,.4,0,96,,,8,,18.9
238,금산,2021-06-10 06:00,18.2,,.8,270,95,0,,8,,19
238,금산,2021-06-10 07:00,19.5,,.1,0,92,.1,,7,,20.8
238,금산,2021-06-10 08:00,22.2,,1.3,140,68,.5,,9,,23.2
238,금산,2021-06-10 09:00,24.6,,1.2,140,61,1,,6,,28.2
238,금산,2021-06-10 10:00,26.9,,1,90,50,.4,,8,,32.7
238,금산,2021-06-10 11:00,27.5,,1.3,140,50,.5,,8,,33.9
238,금산,2021-06-10 12:00,29,,1.5,110,47,.2,,10,,36
238,금산,2021-06-10 13:00,29.1,,2.8,180,42,.4,,8,,35.4
238,금산,2021-06-10 14:00,29.8,,2.7,180,44,.3,,10,,39.1
238,금산,2021-06-10 15:00,29.9,,3.5,160,42,.4,,6,,38
238,금산,2021-06-10 16:00,28.9,,2.4,180,47,0,,8,,33.1
238,금산,2021-06-10 17:00,27.6,,2.1,180,54,0,,10,,29.3
238,금산,2021-06-10 18:00,26.4,,2.3,160,59,0,,10,,26.9
238,금산,2021-06-10 19:00,25,0,2.4,160,61,0,,10,,24.5
238,금산,2021-06-10 20:00,23.2,0,3.2,160,64,0,,10,,22.3
238,금산,2021-06-10 21:00,21.4,0,1.6,180,80,,,10,,21.6
238,금산,2021-06-10 22:00,20.4,.2,.6,180,91,,,10,,21.3
238,금산,2021-06-10 23:00,19.9,0,.2,0,95,,,10,,20.9
238,금산,2021-06-11 00:00,19.6,.3,.6,320,97,,,10,,20.6
238,금산,2021-06-11 01:00,19.4,1.1,1.9,290,97,,,10,,20.3
238,금산,2021-06-11 02:00,19.3,1.9,.6,290,98,,,10,,20.1
238,금산,2021-06-11 03:00,19.3,7.3,.5,180,95,,,10,,19.8
238,금산,2021-06-11 04:00,19.1,6.1,1.4,160,97,,,10,,19.6
238,금산,2021-06-11 05:00,18.6,5.3,2.5,90,98,,,10,,19.5
238,금산,2021-06-11 06:00,18.9,.1,1.1,90,97,0,,10,,19.7
238,금산,2021-06-11 07:00,18.9,.2,.7,110,98,0,,10,,20.1
238,금산,2021-06-11 08:00,19.5,,1.1,140,96,0,,10,,21
238,금산,2021-06-11 09:00,19.9,,.5,140,95,0,,10,,21.8
238,금산,2021-06-11 10:00,21.6,,.3,0,88,0,,10,,25.4
238,금산,2021-06-11 11:00,22.8,,.6,360,83,0,,9,,26.8
238,금산,2021-06-11 12:00,24.4,,1,290,76,.4,,8,,29.5
238,금산,2021-06-11 13:00,25.9,,1.6,250,63,.8,,8,,35.2
238,금산,2021-06-11 14:00,26.7,,1.5,340,62,.6,,7,,34.9
238,금산,2021-06-11 15:00,26.7,,1.2,270,62,.7,,5,,33
238,금산,2021-06-11 16:00,27,,1.2,230,64,.1,,6,,30.4
238,금산,2021-06-11 17:00,27.6,,2.1,320,59,.4,,5,,30.8
238,금산,2021-06-11 18:00,26.1,,2,290,67,.8,,3,,27.2
238,금산,2021-06-11 19:00,25.1,,.8,290,75,.2,,4,,25.1
238,금산,2021-06-11 20:00,23.6,,1.1,290,81,0,,3,,23.2
238,금산,2021-06-11 21:00,22.1,,.4,0,89,,,3,,22
238,금산,2021-06-11 22:00,21.2,,.5,290,92,,,2,,21.2
238,금산,2021-06-11 23:00,20.9,,.4,0,94,,,2,,21
238,금산,2021-06-12 00:00,20.2,,.6,270,97,,,3,,20.5
238,금산,2021-06-12 01:00,21.1,,.2,0,93,,,8,,21.2
238,금산,2021-06-12 02:00,21.4,,.2,0,91,,,10,,21.3
238,금산,2021-06-12 03:00,20.9,,.2,0,93,,,8,,21
238,금산,2021-06-12 04:00,19.9,,.2,0,98,,,1,,19.6
238,금산,2021-06-12 05:00,19.3,,.2,0,99,,,6,,19.6
238,금산,2021-06-12 06:00,19.5,,.3,0,100,0,,8,,20.5
238,금산,2021-06-12 07:00,19.9,,.4,0,100,0,,7,,21.7
238,금산,2021-06-12 08:00,20.7,,.3,0,95,0,,7,,23.5
238,금산,2021-06-12 09:00,22.2,,1.4,140,85,0,,8,,25.6
238,금산,2021-06-12 10:00,25.1,,1.2,110,75,.8,,7,,31.6
238,금산,2021-06-12 11:00,25.9,,1,90,72,.7,,6,,32.3
238,금산,2021-06-12 12:00,27.2,,1.1,90,62,.7,,7,,32.2
238,금산,2021-06-12 13:00,27.9,,2,140,61,.6,,9,,33.8
238,금산,2021-06-12 14:00,28.8,,1,180,59,.6,,8,,34.2
238,금산,2021-06-12 15:00,29.1,,1.3,360,57,.5,,8,,33.6
238,금산,2021-06-12 16:00,29.7,,1.3,110,52,.8,,2,,35.2
238,금산,2021-06-12 17:00,28.9,,.6,160,54,.6,,7,,30.8
238,금산,2021-06-12 18:00,28.2,,2,20,60,.4,,3,,27.9
238,금산,2021-06-12 19:00,27.5,,1.3,360,62,0,,7,,26
238,금산,2021-06-12 20:00,25.7,,.9,290,76,0,,7,,24.9
238,금산,2021-06-12 21:00,24.6,,.8,290,77,,,9,,23.9
238,금산,2021-06-12 22:00,23.6,,.5,230,83,,,7,,22.8
238,금산,2021-06-12 23:00,22.7,,.5,270,87,,,9,,22.5
238,금산,2021-06-13 00:00,22.6,,.4,0,89,,,6,,22.2
238,금산,2021-06-13 01:00,22.4,0,.6,340,91,,,7,,22.4
238,금산,2021-06-13 02:00,22.3,,.5,290,91,,,7,,22.3
238,금산,2021-06-13 03:00,21.9,,.5,320,93,,,5,,21.9
238,금산,2021-06-13 04:00,21.8,,.7,290,91,,,5,,21.8
238,금산,2021-06-13 05:00,21.7,,.9,320,89,,,9,,21.7
238,금산,2021-06-13 06:00,21.5,,1,360,90,0,,5,,21.7
238,금산,2021-06-13 07:00,21.9,,.6,340,88,0,,6,,22.8
238,금산,2021-06-13 08:00,22.9,,.2,0,83,0,,7,,24.6
238,금산,2021-06-13 09:00,23.9,,.7,180,80,0,,9,,26.5
238,금산,2021-06-13 10:00,24.9,,1.6,340,76,.1,,8,,28.8
238,금산,2021-06-13 11:00,25.7,,2,290,73,.6,,7,,32.1
238,금산,2021-06-13 12:00,27,,1.6,360,68,.9,,7,,34
238,금산,2021-06-13 13:00,28,,2,290,67,.8,,7,,36.2
238,금산,2021-06-13 14:00,28.6,,2.6,290,63,.9,,0,,38.1
238,금산,2021-06-13 15:00,29.4,,2.5,320,61,.4,,1,,36.4
238,금산,2021-06-13 16:00,29.7,,1.7,320,57,.9,,2,,37.2
238,금산,2021-06-13 17:00,29.3,,1.8,290,56,1,,2,,35.5
238,금산,2021-06-13 18:00,27.8,,1.6,290,64,.5,,3,,30.2
238,금산,2021-06-13 19:00,26.8,,1.3,290,73,.1,,7,,28
238,금산,2021-06-13 20:00,25.3,,1,270,80,0,,3,,25.8
238,금산,2021-06-13 21:00,24.4,,1.3,290,85,,,5,,24.3
238,금산,2021-06-13 22:00,23.3,,.9,320,88,,,4,,23.2
238,금산,2021-06-13 23:00,22.5,,.9,340,89,,,4,,22.7
238,금산,2021-06-14 00:00,22.1,,1.2,360,88,,,5,,22.5
238,금산,2021-06-14 01:00,21.6,,.5,320,91,,,4,,21.8
238,금산,2021-06-14 02:00,20.9,,.6,270,94,,,5,,20.9
238,금산,2021-06-14 03:00,20,,1,290,97,,,5,,20.4
238,금산,2021-06-14 04:00,19.9,,.4,0,97,,,8,,20.7
238,금산,2021-06-14 05:00,19.9,,.7,320,98,,,5,,20.5
238,금산,2021-06-14 06:00,20.4,,.2,0,97,0,,7,,21.3
238,금산,2021-06-14 07:00,21.2,,.2,0,95,0,,8,,22.7
238,금산,2021-06-14 08:00,21.7,,.8,270,92,0,,9,,23.5
238,금산,2021-06-14 09:00,23.2,,.9,270,82,0,,8,,26
238,금산,2021-06-14 10:00,24.9,,.7,180,77,.2,,7,,29.2
238,금산,2021-06-14 11:00,26.5,,1.4,110,69,.9,,7,,33.8
238,금산,2021-06-14 12:00,28,,2.1,90,65,.7,,8,,36.9
238,금산,2021-06-14 13:00,27.8,,1.7,90,65,0,,10,,34.2
238,금산,2021-06-14 14:00,27.5,,1.4,110,65,.2,,8,,36.4
238,금산,2021-06-14 15:00,28.5,,1.2,110,62,.4,,8,,35.8
238,금산,2021-06-14 16:00,27.8,,1,20,65,0,,8,,30.2
238,금산,2021-06-14 17:00,26.2,0,1.3,270,80,0,,9,,28
238,금산,2021-06-14 18:00,25.5,0,.4,0,80,0,,9,,26.5
238,금산,2021-06-14 19:00,25.3,,1.3,290,83,0,,10,,25.8
238,금산,2021-06-14 20:00,24.4,,1.8,290,83,0,,9,,24.2
238,금산,2021-06-14 21:00,23.1,,1.2,290,88,,,8,,23
238,금산,2021-06-14 22:00,23,,1.1,360,87,,,10,,23
238,금산,2021-06-14 23:00,22.8,,.6,320,89,,,10,,22.5
238,금산,2021-06-15 00:00,22.3,,.4,0,93,,,9,,22.4
238,금산,2021-06-15 01:00,22,,.7,270,94,,,10,,22.3
238,금산,2021-06-15 02:00,21.6,,.5,290,96,,,8,,21.8
238,금산,2021-06-15 03:00,21.8,,1,110,95,,,10,,21.7
238,금산,2021-06-15 04:00,21.6,,1,140,90,,,10,,21.3
238,금산,2021-06-15 05:00,21.4,,.9,140,89,,,10,,20.9
238,금산,2021-06-15 06:00,21.2,,.8,230,88,0,,10,,20.9
238,금산,2021-06-15 07:00,21.5,,1.4,140,84,0,,10,,21.7
238,금산,2021-06-15 08:00,21.6,,1.1,140,83,0,,10,,22.6
238,금산,2021-06-15 09:00,22.5,,1.6,110,76,0,,10,,24
238,금산,2021-06-15 10:00,22.7,,1.3,180,76,0,,10,,23.9
238,금산,2021-06-15 11:00,22.2,.2,1.5,160,82,0,,10,,24.2
238,금산,2021-06-15 12:00,21.9,.5,1.4,90,86,0,,10,,24.4
238,금산,2021-06-15 13:00,22,.5,1.4,90,86,0,,10,,25.7
238,금산,2021-06-15 14:00,22.5,.1,1.6,90,82,0,,10,,26.5
238,금산,2021-06-15 15:00,22.7,,1.1,140,78,0,,10,,26.3
238,금산,2021-06-15 16:00,22.9,,2,90,78,0,,10,,26.1
238,금산,2021-06-15 17:00,22.1,0,2.6,110,80,0,,1,,24.3
238,금산,2021-06-15 18:00,20.4,.6,1.5,90,92,0,,0,,23
238,금산,2021-06-15 19:00,20.2,.3,1.4,110,88,0,,0,,22.1
238,금산,2021-06-15 20:00,20.1,0,1.7,110,84,0,,0,,21.1
238,금산,2021-06-15 21:00,20.4,,1.4,110,85,,,2,,20.7
238,금산,2021-06-15 22:00,20.5,,1.2,140,84,,,0,,20.6
238,금산,2021-06-15 23:00,20.8,,1.8,110,81,,,4,,20.4
238,금산,2021-06-16 00:00,20.6,,2,90,80,,,3,,20.1
238,금산,2021-06-16 01:00,20.7,,1.6,90,80,,,5,,20.1
238,금산,2021-06-16 02:00,20.6,,1,90,81,,,3,,20.1
238,금산,2021-06-16 03:00,20.4,,1.5,90,81,,,4,,19.9
238,금산,2021-06-16 04:00,20.3,0,2.8,110,80,,,1,,19.7
238,금산,2021-06-16 05:00,20.5,,2.1,90,76,,,6,,19.4
238,금산,2021-06-16 06:00,20.6,,2.5,70,77,0,,4,,19.5
238,금산,2021-06-16 07:00,20.8,,2.6,110,75,.3,,6,,20.5
238,금산,2021-06-16 08:00,21.1,,2.7,110,74,0,,4,,21.9
238,금산,2021-06-16 09:00,23.4,,3.8,90,66,.4,,6,,26.3
238,금산,2021-06-16 10:00,24.2,,3,110,64,1,,7,,31.1
238,금산,2021-06-16 11:00,23.7,,3.3,90,63,.6,,9,,29.6
238,금산,2021-06-16 12:00,22.8,,3,90,67,0,,10,,26.4
238,금산,2021-06-16 13:00,22.5,,2.8,90,70,0,,,,25.4
238,금산,2021-06-16 14:00,23.3,,2.8,70,67,0,,10,,26.5
238,금산,2021-06-16 15:00,24.3,,3.7,90,62,.2,,8,,31.6
238,금산,2021-06-16 16:00,24.2,,4.1,110,63,.5,,8,,30.1
238,금산,2021-06-16 17:00,24.2,,3.4,90,62,.5,,8,,29.6
238,금산,2021-06-16 18:00,24.5,,2,90,61,.6,,5,,27.8
238,금산,2021-06-16 19:00,23.7,,2.3,90,63,.5,,9,,25.2
238,금산,2021-06-16 20:00,23,,1.4,70,67,0,,10,,23.3
238,금산,2021-06-16 21:00,22.2,,3.3,90,68,,,8,,21.5
238,금산,2021-06-16 22:00,21.3,,2.1,110,72,,,5,,20.1
238,금산,2021-06-16 23:00,20.5,,1.6,110,75,,,3,,19.4
238,금산,2021-06-17 00:00,20.1,,1.1,110,74,,,9,,19.3
238,금산,2021-06-17 01:00,19.3,,.5,200,81,,,3,,19.7
238,금산,2021-06-17 02:00,19.8,,.8,90,76,,,9,,19.3
238,금산,2021-06-17 03:00,18.9,,.5,200,82,,,9,,18.7
238,금산,2021-06-17 04:00,18.4,,.4,0,84,,,9,,18.3
238,금산,2021-06-17 05:00,17.6,,.7,250,89,,,9,,18.1
238,금산,2021-06-17 06:00,18.3,,.9,180,85,0,,10,,18.6
238,금산,2021-06-17 07:00,18.6,,1.4,160,82,0,,10,,19.5
238,금산,2021-06-17 08:00,19.2,,1,160,81,0,,10,,21.2
238,금산,2021-06-17 09:00,20,,1.7,140,77,0,,10,,23.5
238,금산,2021-06-17 10:00,21.3,,.9,140,74,.1,,10,,25.8
238,금산,2021-06-17 11:00,23,,1.2,140,70,.5,,10,,31.7
238,금산,2021-06-17 12:00,24,,1.1,50,66,.5,,9,,34.6
238,금산,2021-06-17 13:00,23.9,,1.4,290,66,0,,10,,30
238,금산,2021-06-17 14:00,23.9,,.3,0,68,0,,10,,28
238,금산,2021-06-17 15:00,23.9,,1.1,320,69,0,,10,,27.5
238,금산,2021-06-17 16:00,23.9,,1.2,320,72,0,,10,,27.1
238,금산,2021-06-17 17:00,22.8,,1,320,77,0,,10,,24.6
238,금산,2021-06-17 18:00,21.6,.3,1.5,290,86,0,,10,,23.4
238,금산,2021-06-17 19:00,21.1,0,1,340,90,0,,10,,22.5
238,금산,2021-06-17 20:00,20.7,0,.7,270,95,0,,10,,21.9
238,금산,2021-06-17 21:00,20.5,0,.6,270,95,,,10,,21.5
238,금산,2021-06-17 22:00,20.4,0,.6,320,93,,,10,,21.2
238,금산,2021-06-17 23:00,20.1,0,.1,0,95,,,10,,20.8
238,금산,2021-06-18 00:00,19.7,.1,.5,270,97,,,10,,20.7
238,금산,2021-06-18 01:00,19.6,,.2,0,98,,,10,,20.6
238,금산,2021-06-18 02:00,19.7,0,.3,0,98,,,10,,20.6
238,금산,2021-06-18 03:00,19.5,1.5,.4,0,99,,,10,,20.5
238,금산,2021-06-18 04:00,19.4,.5,.2,0,99,,,10,,20.3
238,금산,2021-06-18 05:00,19.3,.4,.1,0,99,,,10,,20.3
238,금산,2021-06-18 06:00,19.3,.1,.1,0,98,0,,10,,20.3
238,금산,2021-06-18 07:00,19.3,.5,0,0,98,0,,10,,20.5
238,금산,2021-06-18 08:00,19.6,0,.1,0,97,0,,10,,21.1
238,금산,2021-06-18 09:00,20,.3,.2,0,96,0,,9,,22
238,금산,2021-06-18 10:00,21,0,1,140,91,0,,9,,24
238,금산,2021-06-18 11:00,22.4,,.7,200,79,0,,8,,26.3
238,금산,2021-06-18 12:00,22.9,,1.6,230,74,0,,8,,26.5
238,금산,2021-06-18 13:00,23,,1.5,250,75,0,,7,,26.4
238,금산,2021-06-18 14:00,23.6,,.8,270,74,0,,8,,27.2
238,금산,2021-06-18 15:00,23.7,,1.5,270,76,0,,9,,27
238,금산,2021-06-18 16:00,23,,1.6,290,79,0,,8,,26.4
238,금산,2021-06-18 17:00,22.6,,1.1,230,81,0,,10,,25
238,금산,2021-06-18 18:00,23.6,,1.6,270,77,.3,,7,,25.8
238,금산,2021-06-18 19:00,22.1,,1.1,340,86,.1,,8,,23.6
238,금산,2021-06-18 20:00,21,,.6,320,90,0,,6,,21.9
238,금산,2021-06-18 21:00,20.5,,.8,360,92,,,5,,20.9
238,금산,2021-06-18 22:00,20.4,,1.1,340,92,,,6,,20.8
238,금산,2021-06-18 23:00,19.9,,.4,0,92,,,4,,20
238,금산,2021-06-19 00:00,18.5,,.1,0,98,,,4,,18.6
238,금산,2021-06-19 01:00,18.3,,0,0,99,,,8,,18.6
238,금산,2021-06-19 02:00,17.6,,.2,0,99,,,7,,18.2
238,금산,2021-06-19 03:00,17.2,,.1,0,99,,,8,,17.5
238,금산,2021-06-19 04:00,16.4,,.7,360,99,,,7,,17
238,금산,2021-06-19 05:00,16.4,,.2,0,100,,,9,,17.9
238,금산,2021-06-19 06:00,16.7,,.5,140,100,0,,0,,18.2
238,금산,2021-06-19 07:00,17.1,,.5,110,100,0,,4,,20
238,금산,2021-06-19 08:00,18.8,,1.1,360,93,.4,,5,,21.9
238,금산,2021-06-19 09:00,21.2,,.6,320,81,.6,,1,,25.4
238,금산,2021-06-19 10:00,23.3,,.6,50,64,1,,5,,29.9
238,금산,2021-06-19 11:00,23.8,,1.1,270,60,.7,,7,,32.6
238,금산,2021-06-19 12:00,24.8,,1.3,270,49,.8,,7,,33.7
238,금산,2021-06-19 13:00,26.4,,1.3,250,47,.9,,7,,36.5
238,금산,2021-06-19 14:00,26.8,,1.3,290,42,.4,,7,,35.9
238,금산,2021-06-19 15:00,27.8,,.9,200,45,.8,,4,,38.7
238,금산,2021-06-19 16:00,28.3,,1.5,320,42,1,,1,,38.9
238,금산,2021-06-19 17:00,27.6,,2.2,290,50,1,,1,,36.2
238,금산,2021-06-19 18:00,26.6,,2,320,57,1,,0,,31.6
238,금산,2021-06-19 19:00,25.3,,1.6,290,64,.9,,5,,27.4
238,금산,2021-06-19 20:00,23.6,,.8,290,74,.2,,7,,24.8
238,금산,2021-06-19 21:00,22.3,,.9,290,79,,,7,,22.9
238,금산,2021-06-19 22:00,20.9,,.4,0,86,,,2,,21.3
238,금산,2021-06-19 23:00,20.1,,.7,200,89,,,2,,20.1
238,금산,2021-06-20 00:00,18.9,,1,160,93,,,0,,19.1
238,금산,2021-06-20 01:00,17.3,,.5,290,97,,,7,,18.5
238,금산,2021-06-20 02:00,16.8,,.6,270,96,,,7,,18
238,금산,2021-06-20 03:00,16.3,,.4,0,97,,,6,,17.3
238,금산,2021-06-20 04:00,16,,.4,0,98,,,8,,17
238,금산,2021-06-20 05:00,15,,1.2,290,100,,,3,,16.6
238,금산,2021-06-20 06:00,15.5,,.5,160,100,0,,5,,17.3
238,금산,2021-06-20 07:00,16.2,,.7,290,99,.2,,7,,18
238,금산,2021-06-20 08:00,18.2,,.2,0,90,.7,,7,,19.8
238,금산,2021-06-20 09:00,20.9,,.5,140,77,.9,,7,,24.8
238,금산,2021-06-20 10:00,24.4,,1.1,70,54,1,,5,,31.5
238,금산,2021-06-20 11:00,26.9,,.9,340,48,1,,2,,37.1
238,금산,2021-06-20 12:00,28.9,,2.1,250,32,1,,0,,41.1
238,금산,2021-06-20 13:00,29.4,,3.2,250,27,.9,,1,,41.1
238,금산,2021-06-20 14:00,30.7,,1.8,200,30,1,,4,,44.7
238,금산,2021-06-20 15:00,30.2,,3,250,27,.9,,7,,41.8
238,금산,2021-06-20 16:00,30.1,,2.7,270,35,.8,,8,,42
238,금산,2021-06-20 17:00,29.4,,2.8,250,36,1,,3,,38.2
238,금산,2021-06-20 18:00,28.6,,2.6,250,35,1,,0,,33.2
238,금산,2021-06-20 19:00,27,,1.6,270,40,1,,3,,28.2
238,금산,2021-06-20 20:00,25.5,,1.6,270,44,.3,,2,,24.9
238,금산,2021-06-20 21:00,24.7,,1.1,270,43,,,1,,23
238,금산,2021-06-20 22:00,24.6,,1.8,250,46,,,3,,22
238,금산,2021-06-20 23:00,23.6,,1,270,53,,,3,,21.4
238,금산,2021-06-21 00:00,23.2,,1.2,270,58,,,3,,20.8
238,금산,2021-06-21 01:00,23,,1.2,360,60,,,4,,20.2
238,금산,2021-06-21 02:00,21.7,,.9,360,68,,,3,,19.5
238,금산,2021-06-21 03:00,19.8,,.8,270,79,,,2,,18.8
238,금산,2021-06-21 04:00,19.5,,1.5,320,85,,,0,,18.5
238,금산,2021-06-21 05:00,17.9,,.2,0,87,,,4,,17.6
238,금산,2021-06-21 06:00,17.6,,.4,0,92,0,,7,,18.2
238,금산,2021-06-21 07:00,18.9,,.7,90,84,.5,,6,,19.7
238,금산,2021-06-21 08:00,21.2,,1.3,140,76,.9,,6,,22.1
238,금산,2021-06-21 09:00,23.6,,.6,200,67,1,,2,,27.2
238,금산,2021-06-21 10:00,24.8,,1.1,250,56,1,,0,,34
238,금산,2021-06-21 11:00,25.9,,2.1,290,52,1,,2,,38.9
238,금산,2021-06-21 12:00,27.6,,2.6,320,48,.9,,2,,43.1
238,금산,2021-06-21 13:00,28.3,,2.2,320,43,.9,,0,,46.3
238,금산,2021-06-21 14:00,28,,2.2,360,46,.7,,7,,40.9
238,금산,2021-06-21 15:00,28.5,,1.8,340,46,.6,,6,,40
238,금산,2021-06-21 16:00,28.6,,1.7,290,43,.9,,0,,42.7
238,금산,2021-06-21 17:00,28.9,,2.4,340,39,.8,,2,,39.2
238,금산,2021-06-21 18:00,28.2,,2.3,290,41,1,,0,,34
238,금산,2021-06-21 19:00,26.9,,1.8,290,46,1,,1,,28.6
238,금산,2021-06-21 20:00,23.7,,.9,250,60,.3,,0,,25.3
238,금산,2021-06-21 21:00,21.9,,.6,230,68,,,1,,23.1
238,금산,2021-06-21 22:00,20.5,,.9,270,74,,,0,,21.7
238,금산,2021-06-21 23:00,19.4,,.3,0,80,,,0,,20.6
238,금산,2021-06-22 00:00,18.1,,.3,0,86,,,0,,19.7
238,금산,2021-06-22 01:00,17.5,,.5,290,90,,,1,,19
238,금산,2021-06-22 02:00,16.9,,.5,230,94,,,0,,18.5
238,금산,2021-06-22 03:00,16.2,,.9,290,96,,,0,,18.1
238,금산,2021-06-22 04:00,16.3,,.1,0,96,,,0,,17.5
238,금산,2021-06-22 05:00,16.3,,.7,140,96,,,2,,17.3
238,금산,2021-06-22 06:00,15.9,,.3,0,96,0,,2,,17.5
238,금산,2021-06-22 07:00,18,,.5,90,88,.8,,6,,19.2
238,금산,2021-06-22 08:00,19.2,,.8,140,84,.1,,9,,20.9
238,금산,2021-06-22 09:00,21.2,,1.6,160,74,.5,,7,,25.6
238,금산,2021-06-22 10:00,23.6,,1.5,90,63,.8,,5,,32.2
238,금산,2021-06-22 11:00,25.7,,1,70,59,.5,,7,,37.6
238,금산,2021-06-22 12:00,27,,1.4,90,50,.7,,7,,39.5
238,금산,2021-06-22 13:00,26.8,,1.8,340,51,0,,9,,33.4
238,금산,2021-06-22 14:00,27,,2.3,340,55,.3,,8,,36.5
238,금산,2021-06-22 15:00,26.5,,1.6,290,54,.1,,9,,33.5
238,금산,2021-06-22 16:00,27.2,,1.3,290,43,.7,,8,,37.4
238,금산,2021-06-22 17:00,26.6,,2.1,290,47,.6,,9,,33.8
238,금산,2021-06-22 18:00,25,,1.8,290,55,0,,10,,29
238,금산,2021-06-22 19:00,24.4,,1.6,290,61,0,,7,,26.7
238,금산,2021-06-22 20:00,23.6,,.9,340,66,0,,8,,24.8
238,금산,2021-06-22 21:00,22.8,,.5,270,71,,,8,,23.7
238,금산,2021-06-22 22:00,21.8,,.6,270,78,,,4,,23.2
238,금산,2021-06-22 23:00,21.3,,.6,290,80,,,6,,22.3
238,금산,2021-06-23 00:00,21.6,,1,110,78,,,8,,22
238,금산,2021-06-23 01:00,20.7,,1.1,160,80,,,8,,21.4
238,금산,2021-06-23 02:00,20.5,,1.4,140,80,,,8,,21.3
238,금산,2021-06-23 03:00,19.5,,.8,180,86,,,6,,20
238,금산,2021-06-23 04:00,19.6,0,1.3,140,87,,,6,,20.4
238,금산,2021-06-23 05:00,19,6.5,1.5,140,95,,,8,,19.9
238,금산,2021-06-23 06:00,18.8,0,1,140,96,0,,8,,19.9
238,금산,2021-06-23 07:00,19.4,,1.1,140,96,.1,,7,,21.3
238,금산,2021-06-23 08:00,20,,1.3,110,88,.4,,6,,23
238,금산,2021-06-23 09:00,21.1,,1.5,90,83,.4,,7,,25.7
238,금산,2021-06-23 10:00,23.7,,1.5,90,74,.3,,8,,30.2
238,금산,2021-06-23 11:00,23.8,,1.3,160,69,.3,,8,,27.8
238,금산,2021-06-23 12:00,23.2,0,1.2,140,73,0,,9,,25.1
238,금산,2021-06-23 13:00,20.1,0,1.3,290,88,0,,10,,22.6
238,금산,2021-06-23 14:00,19.1,5.1,1.6,20,97,0,,10,,21.6
238,금산,2021-06-23 15:00,19.2,5.5,.5,340,97,0,,10,,22
238,금산,2021-06-23 16:00,19.6,.2,0,0,95,0,,,,22.3
238,금산,2021-06-23 17:00,19.7,0,.6,250,95,0,,9,,22.2
238,금산,2021-06-23 18:00,20.2,.4,.6,140,90,0,,8,,22.6
238,금산,2021-06-23 19:00,20.1,,1.1,110,89,0,,8,,21.9
238,금산,2021-06-23 20:00,19.7,,1.1,200,93,0,,7,,21
238,금산,2021-06-23 21:00,18.9,,.7,230,96,,,6,,19.9
238,금산,2021-06-23 22:00,18.3,,.1,0,99,,,6,,19
238,금산,2021-06-23 23:00,17.8,,.2,0,100,,,5,,18.7
238,금산,2021-06-24 00:00,18,,.4,0,100,,,6,,19.4
238,금산,2021-06-24 01:00,18.1,,.3,0,100,,,7,,19.5
238,금산,2021-06-24 02:00,18.1,,.2,0,100,,,8,,19.6
238,금산,2021-06-24 03:00,18.1,,.1,0,100,,,7,,19.6
238,금산,2021-06-24 04:00,18.3,,.3,0,99,,,7,,19.5
238,금산,2021-06-24 05:00,18.2,,.1,0,99,,,6,,19.2
238,금산,2021-06-24 06:00,18.3,,.6,110,98,0,,7,,19.7
238,금산,2021-06-24 07:00,18.7,,1.1,90,96,0,,6,,20.7
238,금산,2021-06-24 08:00,19.7,,1.5,90,90,0,,6,,22.7
238,금산,2021-06-24 09:00,21.3,,1.1,110,81,.1,,7,,25.9
238,금산,2021-06-24 10:00,22.6,,1,140,75,1,,6,,31.2
238,금산,2021-06-24 11:00,24.6,,.6,200,65,.9,,8,,34
238,금산,2021-06-24 12:00,23.7,,1.9,250,70,.3,,7,,28.5
238,금산,2021-06-24 13:00,25.4,,1.2,340,59,.5,,8,,33.9
238,금산,2021-06-24 14:00,25.7,,1.6,320,59,.6,,8,,32.6
238,금산,2021-06-24 15:00,25.6,,1.2,320,61,.4,,7,,29.8
238,금산,2021-06-24 16:00,26.2,,.9,340,59,.4,,7,,31.4
238,금산,2021-06-24 17:00,25.6,,1.6,290,63,.4,,8,,28.6
238,금산,2021-06-24 18:00,25.1,,1.5,320,66,.4,,8,,26.6
238,금산,2021-06-24 19:00,24.3,,1.6,290,72,.3,,8,,24.5
238,금산,2021-06-24 20:00,22.6,,1.2,270,78,0,,6,,22.5
238,금산,2021-06-24 21:00,21.6,,1.7,290,82,,,8,,21.4
238,금산,2021-06-24 22:00,20.5,,.5,290,85,,,4,,20.6
238,금산,2021-06-24 23:00,20,,.9,340,88,,,6,,20
238,금산,2021-06-25 00:00,19.5,,.4,0,91,,,4,,19.9
238,금산,2021-06-25 01:00,19.6,,.6,70,92,,,5,,19.8
238,금산,2021-06-25 02:00,19.1,,0,0,94,,,6,,19.9
238,금산,2021-06-25 03:00,18.6,,.7,290,96,,,4,,19.6
238,금산,2021-06-25 04:00,18,,.7,290,98,,,6,,18.8
238,금산,2021-06-25 05:00,17.5,,.2,0,98,,,6,,18.3
238,금산,2021-06-25 06:00,17.2,,.3,0,100,0,,6,,19.1
238,금산,2021-06-25 07:00,18.8,,.5,90,94,.4,,5,,20.3
238,금산,2021-06-25 08:00,20.9,,.3,0,88,.5,,7,,23.1
238,금산,2021-06-25 09:00,22.9,,.9,160,75,.9,,4,,26.7
238,금산,2021-06-25 10:00,25.2,,1.2,90,65,1,,0,,31.8
238,금산,2021-06-25 11:00,26.7,,1.1,110,56,1,,5,,35.1
238,금산,2021-06-25 12:00,28.1,,1.1,290,54,1,,5,,37.2
238,금산,2021-06-25 13:00,27.7,,1.6,340,52,.8,,6,,34.8
238,금산,2021-06-25 14:00,28.4,,1.9,360,55,.8,,6,,37.1
238,금산,2021-06-25 15:00,28.8,,1.6,270,52,.8,,7,,40.1
238,금산,2021-06-25 16:00,28.6,,1.9,320,56,.9,,7,,38.8
238,금산,2021-06-25 17:00,28.4,,1.3,320,54,1,,8,,38.1
238,금산,2021-06-25 18:00,22.6,.6,2.3,140,83,.4,,10,,28
238,금산,2021-06-25 19:00,21.1,9.9,1,250,94,0,,10,,24.3
238,금산,2021-06-25 20:00,20.8,2,.7,270,95,0,,10,,23.6
238,금산,2021-06-25 21:00,21,,.2,0,96,,,10,,23.2
238,금산,2021-06-25 22:00,20.8,,.4,0,98,,,10,,22.7
238,금산,2021-06-25 23:00,20.8,,.3,0,93,,,10,,22.4
238,금산,2021-06-26 00:00,19.7,.4,.4,0,95,,,10,,21.8
238,금산,2021-06-26 01:00,19.5,.2,.1,0,96,,,10,,21.5
238,금산,2021-06-26 02:00,19.4,.5,.3,0,97,,,10,,21.3
238,금산,2021-06-26 03:00,19.5,.2,.2,0,98,,,10,,21.3
238,금산,2021-06-26 04:00,19.5,.2,.5,160,98,,,10,,21
238,금산,2021-06-26 05:00,19.5,.1,.1,0,98,,,10,,21.1
238,금산,2021-06-26 06:00,19.5,.6,.8,160,99,0,,10,,21.1
238,금산,2021-06-26 07:00,19.6,.6,.7,160,98,0,,10,,21.2
238,금산,2021-06-26 08:00,19.7,.6,.7,140,98,0,,10,,21.7
238,금산,2021-06-26 09:00,20.6,.1,.5,160,92,0,,10,,24.1
238,금산,2021-06-26 10:00,22.2,0,1,110,80,0,,9,,28.6
238,금산,2021-06-26 11:00,22.6,,1.4,160,78,0,,9,,30.1
238,금산,2021-06-26 12:00,24.4,,.9,250,67,.6,,8,,33.5
238,금산,2021-06-26 13:00,25.2,,1.6,20,64,.3,,9,,33
238,금산,2021-06-26 14:00,25.9,,.7,200,63,.6,,8,,35.3
238,금산,2021-06-26 15:00,26.3,,1.4,250,58,.9,,8,,35.1
238,금산,2021-06-26 16:00,26.1,,2,290,62,.2,,8,,30.8
238,금산,2021-06-26 17:00,26,,1,20,63,.4,,9,,29.7
238,금산,2021-06-26 18:00,24.5,,1.7,110,70,.1,,9,,26.8
238,금산,2021-06-26 19:00,23.9,0,.6,110,72,0,,8,,25.7
238,금산,2021-06-26 20:00,22.8,,.6,270,82,0,,7,,24
238,금산,2021-06-26 21:00,21.6,,.6,270,89,,,7,,22.9
238,금산,2021-06-26 22:00,21,,.8,230,91,,,7,,21.9
238,금산,2021-06-26 23:00,20.2,,.1,0,95,,,7,,21.2
238,금산,2021-06-27 00:00,19.6,,.2,0,97,,,4,,20.5
238,금산,2021-06-27 01:00,19.3,,.1,0,97,,,6,,20.2
238,금산,2021-06-27 02:00,18.8,,.4,0,98,,,6,,19.9
238,금산,2021-06-27 03:00,18.9,,.2,0,100,,,2,,20.6
238,금산,2021-06-27 04:00,18.4,,.4,0,100,,,5,,20.7
238,금산,2021-06-27 05:00,18.1,,.9,110,100,,,4,,20.2
238,금산,2021-06-27 06:00,18.2,,.5,140,100,0,,5,,20.6
238,금산,2021-06-27 07:00,18.6,,.5,140,99,0,,5,,21.4
238,금산,2021-06-27 08:00,20.6,,1,90,86,.7,,0,,22.4
238,금산,2021-06-27 09:00,22.8,,1.4,110,74,1,,0,,26.7
238,금산,2021-06-27 10:00,25.1,,.9,110,64,1,,0,,32
238,금산,2021-06-27 11:00,27,,1.5,50,53,1,,0,,35.4
238,금산,2021-06-27 12:00,27.3,,1.9,110,55,.9,,6,,34.5
238,금산,2021-06-27 13:00,28.8,,1.1,340,54,.6,,7,,36.9
238,금산,2021-06-27 14:00,28.4,,2.1,90,54,.4,,7,,34.9
238,금산,2021-06-27 15:00,28.5,,.7,70,52,.4,,8,,31.9
238,금산,2021-06-27 16:00,27.7,,2.3,160,55,.1,,8,,30.5
238,금산,2021-06-27 17:00,28.4,,1,110,55,.2,,7,,30.5
238,금산,2021-06-27 18:00,27.9,,1.5,90,53,0,,8,,27.4
238,금산,2021-06-27 19:00,26.6,,.4,0,68,0,,8,,26.3
238,금산,2021-06-27 20:00,24.7,,.2,0,78,0,,6,,24.2
238,금산,2021-06-27 21:00,23.5,,.4,0,82,,,6,,23.3
238,금산,2021-06-27 22:00,23.1,,.6,290,83,,,7,,22.9
238,금산,2021-06-27 23:00,22.4,,.6,270,83,,,8,,22.2
238,금산,2021-06-28 00:00,22.3,,.1,0,80,,,8,,21.7
238,금산,2021-06-28 01:00,21.3,,.5,270,85,,,10,,21.7
238,금산,2021-06-28 02:00,21.2,,.1,0,86,,,10,,21.3
238,금산,2021-06-28 03:00,21.6,,.8,160,81,,,10,,21.1
238,금산,2021-06-28 04:00,21.5,,.9,140,81,,,10,,20.9
238,금산,2021-06-28 05:00,20.9,,.7,160,83,,,9,,20.6
238,금산,2021-06-28 06:00,20.9,,1,140,80,0,,8,,20.9
238,금산,2021-06-28 07:00,21.2,,1.2,110,80,.1,,8,,22
238,금산,2021-06-28 08:00,22.3,,1,140,75,0,,7,,24.5
238,금산,2021-06-28 09:00,23.9,,1.1,50,71,.8,,5,,27.3
238,금산,2021-06-28 10:00,25.7,,1.3,140,68,1,,3,,31.9
238,금산,2021-06-28 11:00,26.3,,1.3,160,63,.9,,7,,34
238,금산,2021-06-28 12:00,27.3,,1.5,90,58,.7,,6,,37.1
238,금산,2021-06-28 13:00,28.5,,2,90,54,.9,,6,,39.1
238,금산,2021-06-28 14:00,28.9,,2,70,50,.8,,6,,40.9
238,금산,2021-06-28 15:00,28.7,,2,90,54,.6,,7,,37.8
238,금산,2021-06-28 16:00,28.6,,1.4,70,52,.4,,8,,33.3
238,금산,2021-06-28 17:00,26.7,,2.3,180,66,0,,9,,29.9
238,금산,2021-06-28 18:00,26.9,,1.2,250,67,.1,,10,,30.2
238,금산,2021-06-28 19:00,25.6,0,1.9,140,69,.3,,7,,27.1
238,금산,2021-06-28 20:00,21,3.3,1.7,250,93,0,,8,,24.2
238,금산,2021-06-28 21:00,20.7,9.9,.9,320,98,,,9,,22.7
238,금산,2021-06-28 22:00,20.6,0,.5,200,97,,,9,,22.5
238,금산,2021-06-28 23:00,20.4,,.1,0,99,,,4,,21.8
238,금산,2021-06-29 00:00,20.2,,0,0,99,,,,,21.4
238,금산,2021-06-29 01:00,19.7,,.5,290,99,,,4,,21.1
238,금산,2021-06-29 02:00,19.4,,.4,0,100,,,0,,21
238,금산,2021-06-29 03:00,19.1,,.2,0,100,,,3,,20.7
238,금산,2021-06-29 04:00,18.7,,.5,270,100,,,5,,20.2
238,금산,2021-06-29 05:00,18.5,,0,0,100,,,4,,20.1
238,금산,2021-06-29 06:00,18.8,,.1,0,100,0,,4,,20.9
238,금산,2021-06-29 07:00,19.9,,.2,0,100,0,,2,,22.2
238,금산,2021-06-29 08:00,21.4,,1,140,89,.2,,1,,24.3
238,금산,2021-06-29 09:00,22.9,,.5,230,82,.7,,0,,27.5
238,금산,2021-06-29 10:00,24.9,,.9,110,76,.6,,4,,31.7
238,금산,2021-06-29 11:00,26.7,,1.7,50,66,.7,,7,,35.4
238,금산,2021-06-29 12:00,25.9,,1.6,250,72,.2,,8,,31.4
238,금산,2021-06-29 13:00,25.9,0,.9,320,70,.4,,9,,29.2
238,금산,2021-06-29 14:00,25.3,.3,2.4,20,79,.2,,9,,29.7
238,금산,2021-06-29 15:00,24.2,.3,1,270,86,0,,8,,27.9
238,금산,2021-06-29 16:00,26.6,,.6,200,65,.4,,7,,32.4
238,금산,2021-06-29 17:00,24.7,,1.9,250,74,.4,,9,,27.9
238,금산,2021-06-29 18:00,24.4,,1.3,320,74,0,,10,,26.6
238,금산,2021-06-29 19:00,23.9,,1.1,290,78,.2,,8,,25.2
238,금산,2021-06-29 20:00,22.7,,1.2,270,86,0,,6,,23.5
238,금산,2021-06-29 21:00,22,,1.2,320,91,,,8,,22.5
238,금산,2021-06-29 22:00,21.7,,.5,200,90,,,8,,21.9
238,금산,2021-06-29 23:00,20.6,,.6,270,96,,,6,,21.4
238,금산,2021-06-30 00:00,20.4,,.4,0,95,,,,,20.9
238,금산,2021-06-30 01:00,20.1,,0,0,97,,,9,,21.3
238,금산,2021-06-30 02:00,20.1,,.4,0,97,,,10,,21.3
238,금산,2021-06-30 03:00,20.3,,.4,0,97,,,10,,21.3
238,금산,2021-06-30 04:00,20.2,,1,290,97,,,10,,21.1
238,금산,2021-06-30 05:00,20.1,,.5,340,98,,,10,,21
238,금산,2021-06-30 06:00,20.1,,.2,0,98,0,,10,,21.1
238,금산,2021-06-30 07:00,20.7,,1.2,140,94,0,,10,,22.3
238,금산,2021-06-30 08:00,21.2,,.9,140,91,0,,10,,22.9
238,금산,2021-06-30 09:00,22.4,,.6,160,88,0,,9,,25.7
238,금산,2021-06-30 10:00,24,,.8,70,78,0,,10,,28.1
238,금산,2021-06-30 11:00,25.2,,1.1,20,73,0,,9,,29.6
238,금산,2021-06-30 12:00,25.4,,1,250,69,0,,,,29.8
238,금산,2021-06-30 13:00,26.3,,1.1,230,67,.1,,9,,33.5
238,금산,2021-06-30 14:00,27.4,,1.5,340,60,.8,,7,,34.2
238,금산,2021-06-30 15:00,28.2,,.9,180,57,.6,,6,,35.2
238,금산,2021-06-30 16:00,28.3,,1.4,200,54,.8,,5,,33.8
238,금산,2021-06-30 17:00,28,,1.1,70,59,.1,,7,,29.3
238,금산,2021-06-30 18:00,28.1,,.9,90,58,.1,,7,,28.6
238,금산,2021-06-30 19:00,25.8,0,1.9,70,68,.2,,7,,26.2
238,금산,2021-06-30 20:00,23.1,0,.2,0,88,0,,8,,24.5
238,금산,2021-06-30 21:00,22.6,,.3,0,92,,,5,,23.3
238,금산,2021-06-30 22:00,22.6,,.5,110,94,,,4,,23.1
238,금산,2021-06-30 23:00,21.4,,.1,0,96,,,2,,22.2
238,금산,2021-07-01 00:00,21.1,,.2,0,98,,,,,21.7
238,금산,2021-07-01 01:00,21.1,,.4,0,98,,,4,,21.5
238,금산,2021-07-01 02:00,20.8,,.1,0,98,,,5,,21.5
238,금산,2021-07-01 03:00,20.6,,.3,0,98,,,5,,21.1
238,금산,2021-07-01 04:00,20.4,,.1,0,99,,,2,,21.1
238,금산,2021-07-01 05:00,20.2,,.4,0,100,,,2,,21.6
238,금산,2021-07-01 06:00,20.1,,.5,200,100,0,,0,,21.9
238,금산,2021-07-01 07:00,20.9,,.4,0,98,0,,4,,23.1
238,금산,2021-07-01 08:00,21.5,,1,140,91,0,,7,,24.5
238,금산,2021-07-01 09:00,22.9,,1.4,180,84,0,,6,,26.8
238,금산,2021-07-01 10:00,24.9,,.5,200,77,.5,,7,,31.7
238,금산,2021-07-01 11:00,27.1,,.8,70,67,1,,7,,34.1
238,금산,2021-07-01 12:00,27.3,,.8,70,69,.6,,8,,32.8
238,금산,2021-07-01 13:00,28.9,,1.2,70,60,.4,,8,,34.3
238,금산,2021-07-01 14:00,29.5,,1.7,20,54,1,,8,,36.4
238,금산,2021-07-01 15:00,30.4,,2.2,20,55,1,,5,,36.7
238,금산,2021-07-01 16:00,30.3,,1.7,50,55,1,,6,,36.1
238,금산,2021-07-01 17:00,30.5,,1.7,20,52,.9,,8,,34.2
238,금산,2021-07-01 18:00,30.3,,1.4,50,49,.8,,8,,31.2
238,금산,2021-07-01 19:00,29.5,,1.4,20,52,.9,,6,,28
238,금산,2021-07-01 20:00,25.8,,1,290,76,0,,2,,25.7
238,금산,2021-07-01 21:00,24.2,,1,270,80,,,6,,24.5
238,금산,2021-07-01 22:00,24.1,,.4,0,80,,,7,,23.9
238,금산,2021-07-01 23:00,23.2,,0,0,85,,,7,,23.3
238,금산,2021-07-02 00:00,22.1,,.4,0,91,,,,,22.4
238,금산,2021-07-02 01:00,21.6,,.6,270,93,,,3,,21.7
238,금산,2021-07-02 02:00,20.9,,.3,0,96,,,7,,21.2
238,금산,2021-07-02 03:00,20.6,,.2,0,97,,,6,,20.6
238,금산,2021-07-02 04:00,19.9,,.4,0,98,,,2,,20.4
238,금산,2021-07-02 05:00,19.9,,.4,0,97,,,5,,20.5
238,금산,2021-07-02 06:00,20.1,,.5,160,95,0,,8,,20.9
238,금산,2021-07-02 07:00,20.9,,.1,0,95,0,,9,,22.2
238,금산,2021-07-02 08:00,22.6,,.7,140,71,0,,10,,23.9
238,금산,2021-07-02 09:00,23.4,,.7,110,66,.2,,10,,25.8
238,금산,2021-07-02 10:00,24.2,,1.2,110,69,0,,10,,27
238,금산,2021-07-02 11:00,26.1,,1.8,140,59,.8,,8,,35.3
238,금산,2021-07-02 12:00,27.7,,1.3,140,54,1,,7,,38.3
238,금산,2021-07-02 13:00,29.3,,1.6,90,53,1,,1,,41.9
238,금산,2021-07-02 14:00,29.7,,1.5,110,49,1,,0,,43.4
238,금산,2021-07-02 15:00,30.9,,1.5,70,48,1,,2,,43.4
238,금산,2021-07-02 16:00,31.2,,1.5,20,49,.8,,1,,41.6
238,금산,2021-07-02 17:00,30.5,,2.4,50,50,.7,,3,,36.3
238,금산,2021-07-02 18:00,30,,2.6,70,52,.3,,7,,32.7
238,금산,2021-07-02 19:00,28.9,,1.8,90,57,0,,7,,29.5
238,금산,2021-07-02 20:00,28.1,,1.8,140,60,0,,8,,27.6
238,금산,2021-07-02 21:00,27.2,,1.8,110,63,,,5,,26.1
238,금산,2021-07-02 22:00,26.1,,2.2,90,67,,,5,,24.9
238,금산,2021-07-02 23:00,25.3,,1.8,110,70,,,9,,24.2
238,금산,2021-07-03 00:00,24.4,,1.2,160,72,,,,,23.4
238,금산,2021-07-03 01:00,23.8,,1.7,90,75,,,5,,22.7
238,금산,2021-07-03 02:00,23.1,,1.4,110,78,,,7,,22.3
238,금산,2021-07-03 03:00,22.8,,1.4,90,79,,,7,,21.9
238,금산,2021-07-03 04:00,22.1,,1,110,81,,,6,,21.4
238,금산,2021-07-03 05:00,21,,.4,0,87,,,4,,21
238,금산,2021-07-03 06:00,21,,1.2,180,87,0,,5,,21.1
238,금산,2021-07-03 07:00,22.9,,1.4,110,77,0,,8,,22.9
238,금산,2021-07-03 08:00,25.4,,3.6,110,67,.6,,7,,24.9
238,금산,2021-07-03 09:00,24.9,,3.1,110,68,.2,,10,,26.3
238,금산,2021-07-03 10:00,25.5,,3.8,110,66,0,,10,,27.8
238,금산,2021-07-03 11:00,26.1,,3.2,110,66,0,,10,,28.9
238,금산,2021-07-03 12:00,25.8,0,4.2,110,67,0,,10,,29.7
238,금산,2021-07-03 13:00,24.6,0,3.9,110,73,0,,10,,26.6
238,금산,2021-07-03 14:00,23.1,.2,3.3,90,84,0,,10,,25.8
238,금산,2021-07-03 15:00,21.9,2.5,2.7,110,94,0,,10,,24.5
238,금산,2021-07-03 16:00,21.4,7.8,2.3,110,97,0,,,,23.2
238,금산,2021-07-03 17:00,21.5,3.7,1.6,110,97,0,,,,23.2
238,금산,2021-07-03 18:00,21.6,0,1.6,160,94,0,,,,23
238,금산,2021-07-03 19:00,21.6,.6,1.9,140,95,0,,,,22.6
238,금산,2021-07-03 20:00,21.1,7.9,1.3,140,98,0,,,,22.1
238,금산,2021-07-03 21:00,21.1,3.7,.4,0,98,,,,,22.2
238,금산,2021-07-03 22:00,20.8,7.6,1.4,110,99,,,,,21.9
238,금산,2021-07-03 23:00,20.8,4,1,110,99,,,,,21.8
238,금산,2021-07-04 00:00,21.2,5.2,1.6,140,99,,,,,21.8
238,금산,2021-07-04 01:00,21.6,3.8,2.1,140,99,,,0,,21.9
238,금산,2021-07-04 02:00,22.4,1.9,.9,50,97,,,4,,22.2
238,금산,2021-07-04 03:00,22.2,.9,1,320,99,,,9,,22.3
238,금산,2021-07-04 04:00,26.4,.1,2.6,230,80,,,6,,22.7
238,금산,2021-07-04 05:00,25.9,,3.4,270,76,,,7,,22.4
238,금산,2021-07-04 06:00,25.2,,1.9,250,76,0,,7,,22.5
238,금산,2021-07-04 07:00,24.8,,1.3,290,76,0,,9,,23.1
238,금산,2021-07-04 08:00,24.9,,3.7,200,72,0,,9,,23.5
238,금산,2021-07-04 09:00,24.8,,2.9,180,73,0,,9,,24.7
238,금산,2021-07-04 10:00,25.2,,2.8,180,74,0,,10,,26.3
238,금산,2021-07-04 11:00,25,,2.1,250,75,.1,,9,,26.5
238,금산,2021-07-04 12:00,24.6,,1.7,200,77,0,,10,,25.7
238,금산,2021-07-04 13:00,24.5,,1.4,200,78,0,,10,,25.9
238,금산,2021-07-04 14:00,24.4,,2,250,79,0,,8,,25.8
238,금산,2021-07-04 15:00,23.9,,2.3,270,81,0,,9,,24.7
238,금산,2021-07-04 16:00,23.7,,1.5,270,82,0,,9,,25.2
238,금산,2021-07-04 17:00,23.5,,2.8,250,80,0,,9,,24.5
238,금산,2021-07-04 18:00,23.6,,1.5,250,79,0,,8,,24.2
238,금산,2021-07-04 19:00,23.2,,1.6,250,80,0,,9,,23.6
238,금산,2021-07-04 20:00,22.9,,1.2,290,80,0,,9,,22.6
238,금산,2021-07-04 21:00,22.5,,1,340,81,,,9,,22.2
238,금산,2021-07-04 22:00,22.2,,1.1,320,81,,,9,,21.8
238,금산,2021-07-04 23:00,22,,.7,340,83,,,7,,21.7
238,금산,2021-07-05 00:00,21.7,,1.1,290,83,,,8,,21.5
238,금산,2021-07-05 01:00,21.5,,1.1,290,84,,,10,,21.3
238,금산,2021-07-05 02:00,21.3,,1,290,84,,,10,,21
238,금산,2021-07-05 03:00,21.2,,.2,0,87,,,10,,21.2
238,금산,2021-07-05 04:00,20.7,,.3,0,92,,,10,,20.9
238,금산,2021-07-05 05:00,20.1,,0,0,95,,,9,,20.9
238,금산,2021-07-05 06:00,19.7,,.1,0,97,0,,9,,20.6
238,금산,2021-07-05 07:00,20.1,,.2,0,96,0,,10,,21.2
238,금산,2021-07-05 08:00,21.2,,.8,140,89,0,,10,,22.7
238,금산,2021-07-05 09:00,21.8,,.5,180,86,0,,10,,24
238,금산,2021-07-05 10:00,22.2,,1.1,160,83,0,,10,,24.5
238,금산,2021-07-05 11:00,23.4,,.9,90,80,0,,10,,26.5
238,금산,2021-07-05 12:00,23.7,,.4,0,78,0,,10,,26.6
238,금산,2021-07-05 13:00,24.2,,.9,290,78,0,,10,,26.8
238,금산,2021-07-05 14:00,24.3,0,1,160,82,0,,10,,26.6
238,금산,2021-07-05 15:00,23.3,0,2,160,82,0,,10,,26.1
238,금산,2021-07-05 16:00,21.9,.3,1.6,160,87,0,,10,,24.9
238,금산,2021-07-05 17:00,21.9,.4,.9,140,86,0,,10,,24.8
238,금산,2021-07-05 18:00,21.2,1,1.7,180,94,0,,10,,23.6
238,금산,2021-07-05 19:00,20.8,4.1,1.2,110,97,0,,10,,22.5
238,금산,2021-07-05 20:00,20.6,6.1,.6,20,99,0,,10,,21.9
238,금산,2021-07-05 21:00,20.4,13.4,1,90,99,,,10,,21.6
238,금산,2021-07-05 22:00,20.6,3.3,.1,0,99,,,10,,21.7
238,금산,2021-07-05 23:00,20.4,14.7,.5,340,100,,,10,,21.3
238,금산,2021-07-06 00:00,20.4,5.9,0,0,100,,,5,,21.5
238,금산,2021-07-06 01:00,20.4,2.2,.1,0,100,,,9,,21.5
238,금산,2021-07-06 02:00,20.4,2.1,0,0,100,,,10,,21.3
238,금산,2021-07-06 03:00,20.5,1.1,.2,0,100,,,9,,21.3
238,금산,2021-07-06 04:00,20.7,.1,.7,200,100,,,10,,21.2
238,금산,2021-07-06 05:00,20.8,,.3,0,99,,,10,,21.3
238,금산,2021-07-06 06:00,20.8,,.4,0,100,0,,10,,21.4
238,금산,2021-07-06 07:00,21.2,,0,0,99,0,,8,,22.1
238,금산,2021-07-06 08:00,22.1,,.4,0,95,0,,8,,23.5
238,금산,2021-07-06 09:00,22.5,,.3,0,91,0,,9,,24.5
238,금산,2021-07-06 10:00,23.1,,.4,0,90,0,,10,,25.2
238,금산,2021-07-06 11:00,24.2,,.6,50,86,0,,10,,26.8
238,금산,2021-07-06 12:00,24.1,0,.6,90,88,0,,10,,25.6
238,금산,2021-07-06 13:00,24.4,.2,.7,140,92,0,,10,,26.5
238,금산,2021-07-06 14:00,24,.8,.7,340,94,0,,10,,25.6
238,금산,2021-07-06 15:00,23.6,2.6,.5,110,97,0,,10,,24.9
238,금산,2021-07-06 16:00,23,4.8,.7,110,97,0,,10,,24.6
238,금산,2021-07-06 17:00,22.5,11.1,1.1,140,99,0,,10,,23.7
238,금산,2021-07-06 18:00,23,1,1.1,110,99,0,,10,,23.9
238,금산,2021-07-06 19:00,23,2.9,.6,50,99,0,,10,,23.5
238,금산,2021-07-06 20:00,22.8,1.9,.2,0,99,0,,10,,23.1
238,금산,2021-07-06 21:00,22.8,0,0,0,100,,,10,,22.9
238,금산,2021-07-06 22:00,22.8,0,.3,0,100,,,10,,22.6
238,금산,2021-07-06 23:00,22.6,,.2,0,100,,,10,,22.6
238,금산,2021-07-07 00:00,22.6,.1,0,0,100,,,10,,22.6
238,금산,2021-07-07 01:00,22.6,.3,.1,0,100,,,10,,22.6
238,금산,2021-07-07 02:00,22.7,.2,.5,340,100,,,10,,22.6
238,금산,2021-07-07 03:00,22.9,.2,.4,0,100,,,10,,22.6
238,금산,2021-07-07 04:00,23.1,.5,.9,50,100,,,10,,22.7
238,금산,2021-07-07 05:00,23.2,2.3,.5,90,100,,,10,,22.7
238,금산,2021-07-07 06:00,23.2,19.7,.3,0,100,0,,10,,22.8
238,금산,2021-07-07 07:00,23.4,6,.8,360,100,0,,10,,22.7
238,금산,2021-07-07 08:00,23.5,1,.7,340,99,0,,10,,22.8
238,금산,2021-07-07 09:00,23.8,.3,.2,0,99,0,,10,,23.3
238,금산,2021-07-07 10:00,24.4,.2,.6,140,95,0,,10,,25.3
238,금산,2021-07-07 11:00,25,,1.3,160,92,0,,10,,26.3
238,금산,2021-07-07 12:00,25.2,0,1.4,90,92,0,,10,,26.3
238,금산,2021-07-07 13:00,26.5,.1,1.3,140,88,0,,10,,29.9
238,금산,2021-07-07 14:00,27.4,,1.9,160,83,.2,,10,,30.6
238,금산,2021-07-07 15:00,27.8,,1.4,160,80,.1,,10,,30.7
238,금산,2021-07-07 16:00,28,,.8,160,77,0,,9,,30.2
238,금산,2021-07-07 17:00,26.4,.8,.5,50,94,0,,10,,28.2
238,금산,2021-07-07 18:00,26.1,.4,2.7,180,91,0,,10,,27.4
238,금산,2021-07-07 19:00,25.7,,.4,0,91,0,,10,,26.4
238,금산,2021-07-07 20:00,24.8,,1.2,140,93,0,,8,,24.9
238,금산,2021-07-07 21:00,23.8,,.8,180,98,,,8,,24.1
238,금산,2021-07-07 22:00,23.7,,.3,0,98,,,10,,23.9
238,금산,2021-07-07 23:00,23.4,0,.5,180,99,,,10,,23.7
238,금산,2021-07-08 00:00,23.5,,.4,0,99,,,9,,23.8
238,금산,2021-07-08 01:00,23.3,1.3,.9,140,99,,,10,,23.6
238,금산,2021-07-08 02:00,23.2,18.5,1.7,360,100,,,10,,23.4
238,금산,2021-07-08 03:00,23.1,31.5,.6,360,100,,,10,,23.1
238,금산,2021-07-08 04:00,22.1,28.6,1.6,320,99,,,10,,22.6
238,금산,2021-07-08 05:00,22.1,5.1,.4,0,100,,,10,,22.5
238,금산,2021-07-08 06:00,22.2,0,.5,250,99,0,,10,,22.5
238,금산,2021-07-08 07:00,22.8,,.3,0,97,0,,10,,23.5
238,금산,2021-07-08 08:00,23.7,,.3,0,90,.1,,8,,25.3
238,금산,2021-07-08 09:00,24.4,,.7,200,85,0,,10,,26.2
238,금산,2021-07-08 10:00,26.1,,.5,320,78,.1,,10,,28.8
238,금산,2021-07-08 11:00,26.8,,1,270,75,.1,,9,,31.2
238,금산,2021-07-08 12:00,27.3,,.6,180,73,.1,,10,,31.2
238,금산,2021-07-08 13:00,27.5,,1.1,180,73,0,,10,,29.8
238,금산,2021-07-08 14:00,28.1,,1,20,70,.1,,10,,30.9
238,금산,2021-07-08 15:00,28,,1.3,200,73,0,,10,,31.2
238,금산,2021-07-08 16:00,26.7,,2.1,140,79,.1,,9,,30.2
238,금산,2021-07-08 17:00,25.7,.2,1.3,160,90,0,,10,,28.3
238,금산,2021-07-08 18:00,25.5,,1.4,160,88,0,,9,,27.2
238,금산,2021-07-08 19:00,25.4,,.6,160,89,0,,10,,26.1
238,금산,2021-07-08 20:00,25.1,,.5,200,90,0,,9,,25.4
238,금산,2021-07-08 21:00,24.5,.1,.8,140,96,,,10,,24.9
238,금산,2021-07-08 22:00,24,0,1,160,98,,,10,,24.6
238,금산,2021-07-08 23:00,24,.1,.1,0,98,,,10,,24.3
238,금산,2021-07-09 00:00,23.7,,.2,0,99,,,10,,24
238,금산,2021-07-09 01:00,23.7,0,.5,90,98,,,9,,24
238,금산,2021-07-09 02:00,23.2,.1,.3,0,98,,,10,,23.7
238,금산,2021-07-09 03:00,23.1,0,.1,0,97,,,10,,23.5
238,금산,2021-07-09 04:00,22.8,.1,.1,0,99,,,10,,23.4
238,금산,2021-07-09 05:00,22.7,1.3,.7,20,99,,,10,,23.3
238,금산,2021-07-09 06:00,22.5,.2,.3,0,99,0,,8,,23.2
238,금산,2021-07-09 07:00,22.9,.1,.9,340,98,0,,8,,23.7
238,금산,2021-07-09 08:00,24.6,,.9,340,90,.3,,5,,25.2
238,금산,2021-07-09 09:00,24.9,,.4,0,83,.3,,8,,26.8
238,금산,2021-07-09 10:00,26.1,,1.1,20,82,.1,,9,,28.8
238,금산,2021-07-09 11:00,26.7,,.9,320,76,.1,,8,,33.1
238,금산,2021-07-09 12:00,28.3,,2,360,70,.6,,8,,33.9
238,금산,2021-07-09 13:00,29.2,,1.7,320,61,.8,,7,,36.5
238,금산,2021-07-09 14:00,29.8,,1.7,320,63,.8,,1,,36.7
238,금산,2021-07-09 15:00,29.3,,2.6,250,61,1,,6,,37.7
238,금산,2021-07-09 16:00,29.8,,1.7,270,58,1,,3,,36.7
238,금산,2021-07-09 17:00,29,,1.8,250,62,1,,0,,34
238,금산,2021-07-09 18:00,28.3,,1.6,270,68,1,,0,,30.2
238,금산,2021-07-09 19:00,27.3,,1.1,270,71,1,,0,,27.7
238,금산,2021-07-09 20:00,25.9,,.7,270,77,.1,,3,,25.9
238,금산,2021-07-09 21:00,24.2,,.6,320,86,,,0,,24.5
238,금산,2021-07-09 22:00,23.5,,.2,0,90,,,4,,23.9
238,금산,2021-07-09 23:00,23.3,,.7,270,90,,,4,,23.7
238,금산,2021-07-10 00:00,23,,.4,0,92,,,6,,23.3
238,금산,2021-07-10 01:00,22.4,,.4,0,96,,,8,,22.7
238,금산,2021-07-10 02:00,22.1,,.3,0,96,,,8,,22.3
238,금산,2021-07-10 03:00,21.8,,.6,230,97,,,6,,21.8
238,금산,2021-07-10 04:00,21.3,,.3,0,98,,,1,,21.5
238,금산,2021-07-10 05:00,20.9,,.5,340,99,,,3,,21.2
238,금산,2021-07-10 06:00,21,,.5,270,99,0,,5,,21.7
238,금산,2021-07-10 07:00,22.3,,.5,20,96,0,,4,,23.5
238,금산,2021-07-10 08:00,22.9,,.4,0,92,.1,,7,,25.1
238,금산,2021-07-10 09:00,25.4,,1,140,80,.7,,8,,27.2
238,금산,2021-07-10 10:00,27,,1.4,140,74,.3,,8,,31.2
238,금산,2021-07-10 11:00,27.8,,2.3,180,70,.2,,6,,33.5
238,금산,2021-07-10 12:00,28.6,,2.2,200,65,.3,,6,,33.3
238,금산,2021-07-10 13:00,30.4,,1.8,270,60,.8,,7,,37.6
238,금산,2021-07-10 14:00,30.2,,2.6,250,60,.7,,5,,38.5
238,금산,2021-07-10 15:00,29.8,,1.9,250,61,.7,,7,,35.2
238,금산,2021-07-10 16:00,29.9,0,1.7,290,66,.4,,8,,34.6
238,금산,2021-07-10 17:00,28.5,0,1.3,290,68,.3,,10,,30.2
238,금산,2021-07-10 18:00,25.3,,2.8,160,78,.1,,10,,28.5
238,금산,2021-07-10 19:00,23,4.4,2.2,110,90,0,,10,,24.3
238,금산,2021-07-10 20:00,22.2,19,1.6,140,96,0,,10,,23.7
238,금산,2021-07-10 21:00,22.3,0,.6,160,93,,,8,,23.1
238,금산,2021-07-10 22:00,22.1,,.5,140,97,,,8,,22.7
238,금산,2021-07-10 23:00,21.8,,.8,110,98,,,1,,22.3
238,금산,2021-07-11 00:00,21.4,,.2,0,99,,,1,,21.9
238,금산,2021-07-11 01:00,21.3,,.3,0,99,,,6,,22.2
238,금산,2021-07-11 02:00,21.3,,.6,180,99,,,5,,21.7
238,금산,2021-07-11 03:00,21,,.1,0,99,,,4,,21.5
238,금산,2021-07-11 04:00,20.8,,.4,0,100,,,5,,21.6
238,금산,2021-07-11 05:00,20.7,,.1,0,100,,,1,,21.1
238,금산,2021-07-11 06:00,20.7,,.1,0,100,0,,5,,21.8
238,금산,2021-07-11 07:00,21,,.3,0,100,0,,2,,22.8
238,금산,2021-07-11 08:00,21.9,,.4,0,100,0,,4,,24.1
238,금산,2021-07-11 09:00,25.1,,.7,360,85,.6,,4,,28.2
238,금산,2021-07-11 10:00,26.1,,.2,0,78,.2,,9,,28.5
238,금산,2021-07-11 11:00,25.8,,.3,0,82,0,,9,,26.9
238,금산,2021-07-11 12:00,27.5,,.7,290,74,0,,8,,31.5
238,금산,2021-07-11 13:00,28.4,,1,180,71,.3,,8,,35.9
238,금산,2021-07-11 14:00,29.9,,1.1,360,67,.3,,8,,37.6
238,금산,2021-07-11 15:00,30.4,,1.7,270,66,1,,7,,37.2
238,금산,2021-07-11 16:00,30.1,,1.6,270,67,.7,,8,,34.4
238,금산,2021-07-11 17:00,30,,1.5,270,69,.8,,7,,33
238,금산,2021-07-11 18:00,29.1,,1.2,290,74,.6,,8,,30.2
238,금산,2021-07-11 19:00,26,2.9,.8,320,89,0,,9,,27.4
238,금산,2021-07-11 20:00,25.7,.7,.6,270,97,0,,8,,26.4
238,금산,2021-07-11 21:00,25.4,.6,.6,90,97,,,9,,25.4
238,금산,2021-07-11 22:00,24.9,,1.1,140,95,,,10,,25
238,금산,2021-07-11 23:00,24.2,,.2,0,98,,,10,,24.5
238,금산,2021-07-12 00:00,23.8,,.1,0,99,,,10,,24.1
238,금산,2021-07-12 01:00,23.7,,.8,160,97,,,10,,24
238,금산,2021-07-12 02:00,23.5,,.2,0,99,,,10,,23.8
238,금산,2021-07-12 03:00,23.5,,.1,0,98,,,9,,23.7
238,금산,2021-07-12 04:00,23.4,,.1,0,99,,,8,,23.6
238,금산,2021-07-12 05:00,23.6,,.2,0,99,,,3,,23.6
238,금산,2021-07-12 06:00,23.6,,.2,0,99,0,,8,,24
238,금산,2021-07-12 07:00,24.1,,.7,90,96,.2,,4,,24.7
238,금산,2021-07-12 08:00,25.3,,.7,200,92,.8,,4,,26.4
238,금산,2021-07-12 09:00,27.6,,1.2,360,81,1,,4,,30.4
238,금산,2021-07-12 10:00,28.5,,.9,320,75,.8,,6,,33.3
238,금산,2021-07-12 11:00,29.2,,1.1,250,70,.5,,8,,35
238,금산,2021-07-12 12:00,30.1,,1.1,320,67,.4,,6,,34.3
238,금산,2021-07-12 13:00,31.7,,.9,290,64,.8,,7,,41
238,금산,2021-07-12 14:00,32.4,,1.2,340,61,.5,,6,,39.6
238,금산,2021-07-12 15:00,33,,1.3,50,59,.9,,4,,39.5
238,금산,2021-07-12 16:00,32.2,,1.4,290,63,.8,,5,,36
238,금산,2021-07-12 17:00,31.5,0,1.3,250,71,.2,,6,,34.6
238,금산,2021-07-12 18:00,31.5,,1.3,290,67,.8,,7,,31.8
238,금산,2021-07-12 19:00,29.6,,.6,270,78,0,,7,,29.5
238,금산,2021-07-12 20:00,29.1,0,.5,160,80,0,,7,,28.3
238,금산,2021-07-12 21:00,27.7,,.4,0,88,,,7,,27.1
238,금산,2021-07-12 22:00,26.5,,.1,0,92,,,8,,26.1
238,금산,2021-07-12 23:00,26,,1.1,90,93,,,7,,25.5
238,금산,2021-07-13 00:00,25.2,,.4,0,96,,,7,,24.9
238,금산,2021-07-13 01:00,24.6,,.3,0,98,,,6,,24.4
238,금산,2021-07-13 02:00,24.3,,.1,0,98,,,6,,23.9
238,금산,2021-07-13 03:00,23.9,,.6,110,98,,,3,,23.5
238,금산,2021-07-13 04:00,23.6,,.4,0,100,,,4,,23.8
238,금산,2021-07-13 05:00,23.1,,.9,90,100,,,6,,24
238,금산,2021-07-13 06:00,22.8,,.7,90,100,0,,3,,23.5
238,금산,2021-07-13 07:00,24,,.4,0,94,.5,,4,,24.3
238,금산,2021-07-13 08:00,26.3,,1.1,110,86,1,,5,,25.9
238,금산,2021-07-13 09:00,27.8,,1.9,110,75,1,,2,,30.6
238,금산,2021-07-13 10:00,30,,2.1,140,63,1,,4,,35.3
238,금산,2021-07-13 11:00,31.3,,3,160,58,1,,5,,37.7
238,금산,2021-07-13 12:00,31.6,,3,160,55,.9,,6,,37.6
238,금산,2021-07-13 13:00,32.4,,2.6,200,55,1,,6,,38.5
238,금산,2021-07-13 14:00,31.9,,2.7,180,54,.6,,8,,34.9
238,금산,2021-07-13 15:00,32.6,,2.3,200,53,1,,6,,38.4
238,금산,2021-07-13 16:00,32.5,,1.7,230,54,.9,,7,,35.5
238,금산,2021-07-13 17:00,31.9,,1.1,230,59,.2,,8,,32.6
238,금산,2021-07-13 18:00,31.3,,1.1,290,66,.2,,9,,31
238,금산,2021-07-13 19:00,30,,1.3,160,74,0,,8,,29.2
238,금산,2021-07-13 20:00,29.3,,1.1,160,72,0,,8,,27.5
238,금산,2021-07-13 21:00,28,,.9,90,77,,,7,,26.3
238,금산,2021-07-13 22:00,27.1,,1.6,90,79,,,6,,25.2
238,금산,2021-07-13 23:00,26.4,,.6,110,82,,,6,,24.6
238,금산,2021-07-14 00:00,25.5,,1.4,90,87,,,6,,24.3
238,금산,2021-07-14 01:00,24.5,,0,0,92,,,8,,23.8
238,금산,2021-07-14 02:00,24.2,,.3,0,94,,,8,,23.4
238,금산,2021-07-14 03:00,23.5,,.6,290,96,,,9,,23.3
238,금산,2021-07-14 04:00,23.1,,.5,270,97,,,7,,22.9
238,금산,2021-07-14 05:00,22.8,,.6,230,98,,,7,,22.5
238,금산,2021-07-14 06:00,22.9,,.1,0,98,.2,,5,,23
238,금산,2021-07-14 07:00,25.3,,.8,110,87,1,,5,,25.3
238,금산,2021-07-14 08:00,27.1,,1.4,140,78,.5,,7,,28.8
238,금산,2021-07-14 09:00,29,,.4,0,72,.1,,9,,31.6
238,금산,2021-07-14 10:00,29.7,,1.6,140,67,.1,,7,,34.2
238,금산,2021-07-14 11:00,30.8,,2.6,180,64,.5,,7,,35.6
238,금산,2021-07-14 12:00,31.3,,2.3,160,60,.5,,8,,37.4
238,금산,2021-07-14 13:00,31.3,,1.9,200,59,.5,,7,,36.8
238,금산,2021-07-14 14:00,31.2,,1.8,200,61,.6,,7,,37.3
238,금산,2021-07-14 15:00,30.8,,1.5,200,62,0,,8,,33.8
238,금산,2021-07-14 16:00,31.3,,.9,270,63,0,,8,,35.1
238,금산,2021-07-14 17:00,31.5,,1,270,62,.8,,7,,34.8
238,금산,2021-07-14 18:00,31.2,,1.1,250,62,1,,7,,33.3
238,금산,2021-07-14 19:00,29.9,,.7,250,69,.5,,7,,29.5
238,금산,2021-07-14 20:00,27.5,,1.1,270,81,.1,,6,,27.1
238,금산,2021-07-14 21:00,26.8,,0,0,84,,,7,,26.2
238,금산,2021-07-14 22:00,25.6,,.7,270,90,,,8,,25.4
238,금산,2021-07-14 23:00,25.5,,.5,230,90,,,6,,25
238,금산,2021-07-15 00:00,25.1,,.1,0,91,,,4,,24.7
238,금산,2021-07-15 01:00,24.5,,.5,270,94,,,5,,24.6
238,금산,2021-07-15 02:00,24.4,,.5,270,96,,,7,,24.4
238,금산,2021-07-15 03:00,24.2,,.3,0,96,,,3,,24
238,금산,2021-07-15 04:00,24.1,,.3,0,97,,,6,,23.3
238,금산,2021-07-15 05:00,23.2,,.5,290,98,,,0,,22.8
238,금산,2021-07-15 06:00,22.8,,0,0,98,0,,4,,22.6
238,금산,2021-07-15 07:00,24.4,,.4,0,91,.7,,2,,23.5
238,금산,2021-07-15 08:00,26.1,,1.3,140,82,.9,,1,,25.2
238,금산,2021-07-15 09:00,28.2,,1.5,160,72,1,,0,,32.1
238,금산,2021-07-15 10:00,30.1,,1.5,140,61,1,,0,,36.5
238,금산,2021-07-15 11:00,31.5,,1.1,140,54,1,,1,,39.9
238,금산,2021-07-15 12:00,32.1,,1.4,250,54,1,,3,,42
238,금산,2021-07-15 13:00,32.6,,2,290,54,.9,,4,,41
238,금산,2021-07-15 14:00,31.9,,1.2,270,57,.8,,7,,38.3
238,금산,2021-07-15 15:00,33.1,,2,320,53,.9,,7,,42.3
238,금산,2021-07-15 16:00,27.1,5.2,1.2,140,86,0,,10,,29
238,금산,2021-07-15 17:00,25.8,2.1,.9,270,96,0,,10,,28.3
238,금산,2021-07-15 18:00,25.6,.3,.5,180,95,0,,10,,27.6
238,금산,2021-07-15 19:00,25.6,0,.4,0,95,0,,10,,27.1
238,금산,2021-07-15 20:00,25.5,,1.6,140,97,0,,9,,26.2
238,금산,2021-07-15 21:00,25.4,,.8,110,95,,,5,,25.7
238,금산,2021-07-15 22:00,24.7,,.8,200,97,,,6,,25.1
238,금산,2021-07-15 23:00,24.6,,.7,140,97,,,1,,24.5
238,금산,2021-07-16 00:00,24,,.1,0,99,,,1,,24.2
238,금산,2021-07-16 01:00,23.9,,1.1,180,100,,,1,,24.6
238,금산,2021-07-16 02:00,24,,.5,180,99,,,1,,24.9
238,금산,2021-07-16 03:00,23.6,,1.1,140,99,,,1,,24.7
238,금산,2021-07-16 04:00,23.7,,1.3,160,99,,,1,,24.6
238,금산,2021-07-16 05:00,23.5,,1.4,160,98,,,1,,24.5
238,금산,2021-07-16 06:00,23.6,,1,160,98,0,,5,,24.6
238,금산,2021-07-16 07:00,24,,.9,180,96,0,,0,,26
238,금산,2021-07-16 08:00,24.5,,1.3,160,92,0,,2,,27.2
238,금산,2021-07-16 09:00,25.7,,1,160,85,.3,,2,,30.9
238,금산,2021-07-16 10:00,27.7,,1.3,180,80,1,,,,35.6
238,금산,2021-07-16 11:00,29.6,,1.6,160,67,.9,,7,,39
238,금산,2021-07-16 12:00,30.5,,1.1,140,62,1,,7,,39.1
238,금산,2021-07-16 13:00,31,,1.8,180,60,.9,,7,,42.5
238,금산,2021-07-16 14:00,31.5,,.7,360,60,.7,,5,,40.3
238,금산,2021-07-16 15:00,32.6,,1.6,20,51,.6,,6,,38
238,금산,2021-07-16 16:00,33,,2.6,20,50,1,,3,,38.8
238,금산,2021-07-16 17:00,31.8,,1.9,90,52,.6,,8,,33.6
238,금산,2021-07-16 18:00,31,,1.8,20,57,0,,9,,31.2
238,금산,2021-07-16 19:00,26.9,,3.2,90,67,0,,10,,27.4
238,금산,2021-07-16 20:00,26.1,,.9,140,70,0,,7,,25.6
238,금산,2021-07-16 21:00,24.7,,1.6,110,78,,,6,,24.4
238,금산,2021-07-16 22:00,23.7,,1.2,110,81,,,5,,23.7
238,금산,2021-07-16 23:00,23,,1.3,160,87,,,4,,23.1
238,금산,2021-07-17 00:00,22.9,,1,140,86,,,6,,22.9
238,금산,2021-07-17 01:00,22.1,,.4,0,92,,,5,,22.3
238,금산,2021-07-17 02:00,21.7,,.7,140,94,,,2,,21.9
238,금산,2021-07-17 03:00,21,,.1,0,98,,,2,,21.6
238,금산,2021-07-17 04:00,20.7,,.4,0,98,,,6,,21.5
238,금산,2021-07-17 05:00,20.8,,.4,0,97,,,9,,22
238,금산,2021-07-17 06:00,20.9,,.3,0,97,.1,,6,,21.9
238,금산,2021-07-17 07:00,21.9,,.2,0,92,.4,,6,,23.8
238,금산,2021-07-17 08:00,24.3,,.9,160,82,.6,,8,,25.2
238,금산,2021-07-17 09:00,26.5,,1.1,90,77,.9,,6,,30.2
238,금산,2021-07-17 10:00,27.6,,2.8,90,70,.8,,8,,34.9
238,금산,2021-07-17 11:00,28.2,,2.6,90,66,.7,,8,,37.1
238,금산,2021-07-17 12:00,29.4,,2.9,140,61,1,,5,,40.1
238,금산,2021-07-17 13:00,29.2,,2.1,110,63,.5,,8,,36.1
238,금산,2021-07-17 14:00,31.2,,2.3,140,55,.7,,7,,42.3
238,금산,2021-07-17 15:00,30.3,,2.7,160,57,.8,,6,,39.4
238,금산,2021-07-17 16:00,30.7,,2.8,110,57,.6,,8,,41.1
238,금산,2021-07-17 17:00,30.8,,2.8,90,56,1,,4,,38.7
238,금산,2021-07-17 18:00,29.9,,2.6,90,61,1,,6,,34.1
238,금산,2021-07-17 19:00,29.1,,2.7,90,64,.5,,7,,29.7
238,금산,2021-07-17 20:00,24.8,0,1.1,200,86,0,,8,,26.5
238,금산,2021-07-17 21:00,23.9,0,.5,290,91,,,8,,25.6
238,금산,2021-07-17 22:00,23.5,,.4,0,94,,,8,,24.9
238,금산,2021-07-17 23:00,23.6,,.4,0,93,,,7,,24.3
238,금산,2021-07-18 00:00,23.2,,.7,180,95,,,3,,23.6
238,금산,2021-07-18 01:00,22.9,,.7,360,97,,,3,,22.9
238,금산,2021-07-18 02:00,21.9,,.7,250,99,,,8,,22.5
238,금산,2021-07-18 03:00,21.5,,.6,270,97,,,8,,22.1
238,금산,2021-07-18 04:00,21.2,,.7,270,98,,,8,,21.8
238,금산,2021-07-18 05:00,21,,.4,0,98,,,4,,21.3
238,금산,2021-07-18 06:00,20.6,,.4,0,99,0,,3,,21.4
238,금산,2021-07-18 07:00,20.8,,.1,0,100,0,,4,,23.6
238,금산,2021-07-18 08:00,23.9,,.7,140,83,1,,5,,24.2
238,금산,2021-07-18 09:00,25.9,,1.3,90,75,1,,5,,30.9
238,금산,2021-07-18 10:00,27.2,,1.6,160,71,.4,,8,,32.8
238,금산,2021-07-18 11:00,28,,1.8,180,68,.7,,7,,34.5
238,금산,2021-07-18 12:00,30.1,,1.5,90,59,.9,,7,,45.5
238,금산,2021-07-18 13:00,30.3,,1.1,250,60,.6,,9,,40.7
238,금산,2021-07-18 14:00,29.7,0,3.2,110,65,.4,,10,,35.9
238,금산,2021-07-18 15:00,28,0,1.7,270,81,.1,,8,,39
238,금산,2021-07-18 16:00,29.8,,1.8,340,70,.5,,7,,36.7
238,금산,2021-07-18 17:00,31.3,,1.7,90,55,.5,,7,,35.7
238,금산,2021-07-18 18:00,31,,2,140,53,.7,,6,,33.4
238,금산,2021-07-18 19:00,28.3,,.7,270,78,0,,10,,30
238,금산,2021-07-18 20:00,24.4,.6,1,110,92,0,,10,,26.3
238,금산,2021-07-18 21:00,24.1,.4,.8,140,93,,,10,,25.5
238,금산,2021-07-18 22:00,23.5,,1.5,140,95,,,9,,24.5
238,금산,2021-07-18 23:00,23,,.5,180,96,,,5,,23.7
238,금산,2021-07-19 00:00,22.5,,.1,0,98,,,3,,23.1
238,금산,2021-07-19 01:00,22.3,,.7,250,98,,,8,,23.3
238,금산,2021-07-19 02:00,22.4,,.9,360,97,,,8,,23.3
238,금산,2021-07-19 03:00,22.4,,1.1,200,98,,,8,,23.3
238,금산,2021-07-19 04:00,22.5,,0,0,97,,,9,,23.4
238,금산,2021-07-19 05:00,22.8,,.6,140,96,,,10,,23.3
238,금산,2021-07-19 06:00,22.8,,1.2,90,95,0,,9,,23.3
238,금산,2021-07-19 07:00,22.8,,.4,0,95,0,,10,,24.3
238,금산,2021-07-19 08:00,23.4,,.8,140,93,0,,10,,25
238,금산,2021-07-19 09:00,24.1,,.9,160,87,0,,10,,26.9
238,금산,2021-07-19 10:00,25.9,,1,180,74,0,,10,,33.1
238,금산,2021-07-19 11:00,26.9,,1,110,70,.2,,10,,33.6
238,금산,2021-07-19 12:00,28.6,,.8,70,65,0,,10,,36.9
238,금산,2021-07-19 13:00,29.9,,1.1,70,63,.3,,10,,41.6
238,금산,2021-07-19 14:00,29.5,,1.8,200,62,0,,9,,38.7
238,금산,2021-07-19 15:00,30.5,,1.8,90,62,.5,,8,,41.3
238,금산,2021-07-19 16:00,30.1,,2,110,60,.6,,8,,37.7
238,금산,2021-07-19 17:00,25.8,10.7,1.7,360,86,.1,,8,,30
238,금산,2021-07-19 18:00,26.2,0,.7,270,83,.2,,10,,30.6
238,금산,2021-07-19 19:00,25.8,,.7,320,87,.4,,8,,27.7
238,금산,2021-07-19 20:00,24.9,,.6,360,93,0,,7,,26
238,금산,2021-07-19 21:00,24.4,,.4,0,94,,,9,,25.5
238,금산,2021-07-19 22:00,24.5,,.4,0,96,,,9,,25.1
238,금산,2021-07-19 23:00,23.6,,.4,0,98,,,8,,24.6
238,금산,2021-07-20 00:00,23.9,,.7,140,98,,,8,,24.2
238,금산,2021-07-20 01:00,23.1,,0,0,99,,,9,,23.9
238,금산,2021-07-20 02:00,23.1,,.1,0,100,,,8,,24.1
238,금산,2021-07-20 03:00,23,,.1,0,100,,,9,,24.2
238,금산,2021-07-20 04:00,23.3,,.7,160,98,,,10,,24.1
238,금산,2021-07-20 05:00,23.1,,.5,90,100,,,10,,23.8
238,금산,2021-07-20 06:00,23.2,,.1,0,98,0,,10,,24
238,금산,2021-07-20 07:00,23.6,,.4,0,97,0,,9,,25.1
238,금산,2021-07-20 08:00,24.3,,.7,140,94,0,,10,,27
238,금산,2021-07-20 09:00,25.4,,.8,140,89,0,,10,,28.3
238,금산,2021-07-20 10:00,26.6,,.8,160,82,0,,10,,31.6
238,금산,2021-07-20 11:00,28.5,,1.4,140,74,.5,,10,,35.8
238,금산,2021-07-20 12:00,29,,1,230,70,.2,,9,,34.9
238,금산,2021-07-20 13:00,29.9,,.9,140,68,.1,,9,,37
238,금산,2021-07-20 14:00,30.2,,1,110,68,0,,10,,34.1
238,금산,2021-07-20 15:00,30.1,,.9,110,67,0,,10,,33
238,금산,2021-07-20 16:00,29.6,,1.4,50,72,0,,10,,31.5
238,금산,2021-07-20 17:00,29.3,,1.4,110,71,0,,10,,30.1
238,금산,2021-07-20 18:00,28.6,,1.1,160,75,0,,8,,29.1
238,금산,2021-07-20 19:00,27.8,,.7,180,82,0,,8,,27.6
238,금산,2021-07-20 20:00,25.9,,.5,250,87,.1,,8,,26
238,금산,2021-07-20 21:00,25.2,,.5,250,91,,,9,,25.2
238,금산,2021-07-20 22:00,24.5,,.5,250,94,,,10,,24.7
238,금산,2021-07-20 23:00,24.1,,.2,0,96,,,10,,24.3
238,금산,2021-07-21 00:00,23.7,,0,0,98,,,9,,23.9
238,금산,2021-07-21 01:00,23.3,,.1,0,98,,,9,,23.6
238,금산,2021-07-21 02:00,22.8,,0,0,99,,,8,,22.9
238,금산,2021-07-21 03:00,22.3,,.1,0,100,,,6,,22.8
238,금산,2021-07-21 04:00,22.2,,0,0,100,,,3,,23.1
238,금산,2021-07-21 05:00,21.8,,.2,0,100,,,3,,23.3
238,금산,2021-07-21 06:00,21.3,,.1,0,100,0,,2,,23.2
238,금산,2021-07-21 07:00,21.3,,.6,110,100,0,,1,,24.6
238,금산,2021-07-21 08:00,22.4,,.8,90,100,.7,,7,,24.8
238,금산,2021-07-21 09:00,25.5,,1.1,160,81,1,,4,,29.5
238,금산,2021-07-21 10:00,27.1,,1.2,140,73,1,,4,,34.7
238,금산,2021-07-21 11:00,29.1,,.9,160,65,1,,4,,38.3
238,금산,2021-07-21 12:00,31.3,,1.7,110,60,1,,4,,41.4
238,금산,2021-07-21 13:00,31.6,,2.1,90,55,1,,7,,39.2
238,금산,2021-07-21 14:00,33.3,,1.9,110,49,1,,6,,42.8
238,금산,2021-07-21 15:00,32.8,,2.1,360,50,1,,2,,41.7
238,금산,2021-07-21 16:00,32.7,,2.2,110,49,1,,0,,39.7
238,금산,2021-07-21 17:00,32.9,,2.5,70,51,1,,0,,38.6
238,금산,2021-07-21 18:00,32.6,,1.8,70,53,1,,6,,35.4
238,금산,2021-07-21 19:00,31.1,,1.7,90,58,1,,6,,30.3
238,금산,2021-07-21 20:00,30,,1.3,90,63,.4,,7,,27.8
238,금산,2021-07-21 21:00,28.8,,1.2,110,63,,,6,,26.2
238,금산,2021-07-21 22:00,25.5,,.9,270,82,,,6,,25.1
238,금산,2021-07-21 23:00,24.8,,.4,0,84,,,7,,24.1
238,금산,2021-07-22 00:00,23.8,,.6,250,87,,,4,,23.4
238,금산,2021-07-22 01:00,23.1,,.6,320,89,,,6,,22.9
238,금산,2021-07-22 02:00,22.6,,1.1,270,90,,,4,,22.3
238,금산,2021-07-22 03:00,22.2,,1.1,250,89,,,5,,21.9
238,금산,2021-07-22 04:00,21.7,,.5,270,92,,,5,,21.5
238,금산,2021-07-22 05:00,21.6,,.1,0,92,,,6,,21.1
238,금산,2021-07-22 06:00,21.5,,.5,250,93,0,,5,,21.1
238,금산,2021-07-22 07:00,23,,.8,140,86,.5,,7,,22.3
238,금산,2021-07-22 08:00,25.6,,.9,110,74,1,,1,,24
238,금산,2021-07-22 09:00,27.6,,2.8,110,67,1,,0,,30
238,금산,2021-07-22 10:00,28.1,,2.4,140,66,1,,1,,36.1
238,금산,2021-07-22 11:00,29.4,,2.1,110,62,1,,6,,37.3
238,금산,2021-07-22 12:00,30.5,,2.4,110,60,1,,,,42.9
238,금산,2021-07-22 13:00,30.6,,3,90,59,1,,,,44.9
238,금산,2021-07-22 14:00,31.3,,3,90,57,1,,,,45.6
238,금산,2021-07-22 15:00,31.5,,3.4,90,53,1,,7,,46
238,금산,2021-07-22 16:00,31.8,,3.1,90,54,1,,8,,42.9
238,금산,2021-07-22 17:00,31.2,,2.5,110,56,.9,,8,,39.6
238,금산,2021-07-22 18:00,30.4,,1.1,90,60,.7,,8,,34.4
238,금산,2021-07-22 19:00,29.7,,1.3,110,63,.6,,7,,30.4
238,금산,2021-07-22 20:00,27,,.5,270,79,.3,,6,,27.6
238,금산,2021-07-22 21:00,25.2,,.8,270,85,,,5,,26.1
238,금산,2021-07-22 22:00,24.3,,.6,250,89,,,5,,25
238,금산,2021-07-22 23:00,23.8,,.5,250,91,,,5,,24.1
238,금산,2021-07-23 00:00,23.2,,.4,0,94,,,4,,23.5
238,금산,2021-07-23 01:00,23,,.6,200,95,,,4,,22.9
238,금산,2021-07-23 02:00,22.2,,.3,0,97,,,4,,22.3
238,금산,2021-07-23 03:00,22,,.1,0,98,,,7,,22
238,금산,2021-07-23 04:00,21.8,,.5,180,97,,,7,,21.7
238,금산,2021-07-23 05:00,21.4,,.1,0,97,,,8,,21.4
238,금산,2021-07-23 06:00,21.3,,.3,0,96,0,,4,,21.5
238,금산,2021-07-23 07:00,21.9,,.7,290,97,.5,,7,,23.1
238,금산,2021-07-23 08:00,24.1,,.5,230,86,.7,,8,,25.1
238,금산,2021-07-23 09:00,26.4,,1.2,110,75,1,,5,,30.9
238,금산,2021-07-23 10:00,28.2,,1.8,110,67,1,,4,,39.3
238,금산,2021-07-23 11:00,30.1,,1.5,70,62,1,,6,,43.6
238,금산,2021-07-23 12:00,31.5,,1.8,90,54,1,,4,,49.6
238,금산,2021-07-23 13:00,31.8,,2.1,160,51,1,,7,,52
238,금산,2021-07-23 14:00,32.3,,1.9,110,50,1,,6,,49.9
238,금산,2021-07-23 15:00,33.5,,2.9,110,45,1,,7,,50.1
238,금산,2021-07-23 16:00,32.9,,2.4,90,49,1,,6,,45.8
238,금산,2021-07-23 17:00,32.4,,2.6,90,54,.9,,7,,41
238,금산,2021-07-23 18:00,32.6,,2.1,90,55,.6,,8,,38.6
238,금산,2021-07-23 19:00,30.4,,1.5,180,63,.6,,9,,32.4
238,금산,2021-07-23 20:00,27.6,,1.1,270,74,.1,,8,,29.1
238,금산,2021-07-23 21:00,26.1,,.9,250,81,,,8,,27.4
238,금산,2021-07-23 22:00,25.3,,.8,270,84,,,8,,26.2
238,금산,2021-07-23 23:00,25,,0,0,87,,,7,,25.3
238,금산,2021-07-24 00:00,24.4,,.4,0,91,,,8,,24.9
238,금산,2021-07-24 01:00,23.8,,.6,290,94,,,10,,24.7
238,금산,2021-07-24 02:00,23.9,,.7,270,94,,,9,,24.3
238,금산,2021-07-24 03:00,24.4,,.9,140,90,,,9,,24.1
238,금산,2021-07-24 04:00,23.4,,0,0,95,,,10,,23.7
238,금산,2021-07-24 05:00,23,,.3,0,97,,,8,,23.2
238,금산,2021-07-24 06:00,22.6,,.4,0,98,0,,5,,23.1
238,금산,2021-07-24 07:00,23.2,,.3,0,96,0,,8,,24.2
238,금산,2021-07-24 08:00,25.8,,.8,110,82,.6,,7,,26.6
238,금산,2021-07-24 09:00,27.9,,1.1,70,73,1,,8,,33.6
238,금산,2021-07-24 10:00,29.1,,1.6,90,67,1,,7,,40.1
238,금산,2021-07-24 11:00,29.9,,1.5,180,63,1,,7,,46.2
238,금산,2021-07-24 12:00,31.7,,1.8,140,58,1,,7,,49.1
238,금산,2021-07-24 13:00,32.2,,1.7,70,56,.8,,7,,46.2
238,금산,2021-07-24 14:00,32.2,,1.7,110,55,.6,,7,,51
238,금산,2021-07-24 15:00,33,,2.1,50,53,.7,,7,,50.3
238,금산,2021-07-24 16:00,33.7,,2.6,110,47,1,,5,,49.8
238,금산,2021-07-24 17:00,33.1,,2.4,90,51,1,,3,,46.8
238,금산,2021-07-24 18:00,32.6,,2.5,90,51,.9,,3,,38.6
238,금산,2021-07-24 19:00,31.7,,2,90,54,.9,,5,,32.8
238,금산,2021-07-24 20:00,28.4,,1.1,230,72,.4,,7,,29.6
238,금산,2021-07-24 21:00,26.4,,.7,270,81,,,7,,27.8
238,금산,2021-07-24 22:00,25.7,,.8,270,84,,,7,,26.6
238,금산,2021-07-24 23:00,25.2,,.5,270,86,,,8,,25.8
238,금산,2021-07-25 00:00,24.3,,.8,290,90,,,8,,24.9
238,금산,2021-07-25 01:00,24.3,,.7,200,91,,,8,,24.3
238,금산,2021-07-25 02:00,23.6,,.4,0,93,,,7,,23.6
238,금산,2021-07-25 03:00,23.2,,.2,0,95,,,7,,23.1
238,금산,2021-07-25 04:00,22.7,,.7,270,96,,,8,,22.8
238,금산,2021-07-25 05:00,22.4,,.6,270,97,,,10,,23
238,금산,2021-07-25 06:00,22.7,,.1,0,94,0,,10,,23.2
238,금산,2021-07-25 07:00,24.2,,.8,230,85,.2,,9,,24.9
238,금산,2021-07-25 08:00,25.7,,1.5,160,77,1,,6,,26.2
238,금산,2021-07-25 09:00,28.1,,1.1,140,67,1,,6,,33.7
238,금산,2021-07-25 10:00,29.9,,1.3,90,60,.9,,6,,39.4
238,금산,2021-07-25 11:00,30.6,,2.3,90,57,1,,5,,43.8
238,금산,2021-07-25 12:00,31.9,,2.6,110,54,1,,6,,50.8
238,금산,2021-07-25 13:00,32.1,,2.1,90,52,.7,,8,,47.3
238,금산,2021-07-25 14:00,32.2,,2,110,51,.5,,9,,45
238,금산,2021-07-25 15:00,31.9,,2,50,56,.4,,9,,47
238,금산,2021-07-25 16:00,31.8,,2.3,90,54,.9,,7,,44.7
238,금산,2021-07-25 17:00,31.4,,2.5,110,55,.5,,7,,39
238,금산,2021-07-25 18:00,31.6,,2.7,110,55,1,,5,,37.2
238,금산,2021-07-25 19:00,30.6,,2,140,60,1,,4,,31.9
238,금산,2021-07-25 20:00,29,,1.2,160,69,.2,,5,,28.9
238,금산,2021-07-25 21:00,27.2,,.3,0,78,,,6,,27.2
238,금산,2021-07-25 22:00,25.8,,.6,200,81,,,4,,25.6
238,금산,2021-07-25 23:00,24.8,,1,200,84,,,6,,24.6
238,금산,2021-07-26 00:00,23.3,,.7,270,89,,,5,,23.7
238,금산,2021-07-26 01:00,22.9,,.3,0,90,,,4,,22.9
238,금산,2021-07-26 02:00,21.9,,.5,270,92,,,3,,22.5
238,금산,2021-07-26 03:00,21.7,,.4,0,92,,,2,,21.9
238,금산,2021-07-26 04:00,21.4,,.2,0,93,,,3,,21.6
238,금산,2021-07-26 05:00,20.7,,.2,0,96,,,1,,21.1
238,금산,2021-07-26 06:00,20.9,,.5,250,96,0,,1,,21.2
238,금산,2021-07-26 07:00,23.1,,.3,0,88,1,,0,,22.8
238,금산,2021-07-26 08:00,25.4,,.6,110,76,1,,0,,24.8
238,금산,2021-07-26 09:00,27.5,,1.1,90,68,1,,0,,33.5
238,금산,2021-07-26 10:00,28.4,,1.3,140,63,1,,0,,42.4
238,금산,2021-07-26 11:00,30.3,,1.2,110,58,1,,1,,49.9
238,금산,2021-07-26 12:00,31.5,,1.5,360,51,1,,4,,54
238,금산,2021-07-26 13:00,32.1,,2.3,70,48,.5,,6,,48.9
238,금산,2021-07-26 14:00,33.1,,2.5,90,46,.8,,6,,55.8
238,금산,2021-07-26 15:00,33.2,,2.6,110,45,.8,,1,,53.3
238,금산,2021-07-26 16:00,33.2,,2.4,110,45,.8,,0,,51.8
238,금산,2021-07-26 17:00,32.6,,2.5,140,45,.9,,1,,46.9
238,금산,2021-07-26 18:00,32.3,,2.2,110,47,1,,1,,39
238,금산,2021-07-26 19:00,31.3,,1.8,110,52,1,,1,,32.5
238,금산,2021-07-26 20:00,27.4,,1.1,270,71,.4,,3,,29.1
238,금산,2021-07-26 21:00,25.6,,.6,270,80,,,,,27.1
238,금산,2021-07-26 22:00,25,,.6,250,81,,,1,,25.8
238,금산,2021-07-26 23:00,24,,.6,270,86,,,0,,24.7
238,금산,2021-07-27 00:00,23,,.5,290,90,,,0,,23.7
238,금산,2021-07-27 01:00,22.4,,.5,270,92,,,0,,22.9
238,금산,2021-07-27 02:00,21.7,,.2,0,95,,,0,,22.2
238,금산,2021-07-27 03:00,21.3,,.5,250,95,,,0,,21.9
238,금산,2021-07-27 04:00,20.8,,.4,0,98,,,0,,21.6
238,금산,2021-07-27 05:00,20.6,,.1,0,97,,,0,,21.1
238,금산,2021-07-27 06:00,20.5,,.2,0,97,0,,0,,21.2
238,금산,2021-07-27 07:00,21.5,,1.1,290,93,1,,0,,22.5
238,금산,2021-07-27 08:00,24.2,,.5,20,80,1,,0,,24.5
238,금산,2021-07-27 09:00,26.7,,.8,70,72,1,,0,,33.7
238,금산,2021-07-27 10:00,28.6,,1.7,140,64,1,,0,,44
238,금산,2021-07-27 11:00,30.5,,1.5,160,56,1,,0,,51.1
238,금산,2021-07-27 12:00,31.5,,2.3,140,51,1,,2,,56.1
238,금산,2021-07-27 13:00,32.6,,1.9,200,49,1,,1,,59.6
238,금산,2021-07-27 14:00,33.9,,1.5,90,47,.9,,0,,58.4
238,금산,2021-07-27 15:00,33.2,,1.7,50,46,.7,,2,,49.4
238,금산,2021-07-27 16:00,33.2,,1.5,50,50,.6,,2,,47.8
238,금산,2021-07-27 17:00,32.7,,1.5,70,50,.4,,4,,40.1
238,금산,2021-07-27 18:00,32.3,,1.7,70,52,.3,,3,,37.3
238,금산,2021-07-27 19:00,31.2,,1.4,160,58,.6,,2,,33.1
238,금산,2021-07-27 20:00,27.8,,.4,0,75,.2,,1,,29.2
238,금산,2021-07-27 21:00,26.8,,1,230,78,,,7,,27.6
238,금산,2021-07-27 22:00,25.8,,.3,0,81,,,1,,26.2
238,금산,2021-07-27 23:00,25.1,,.5,290,86,,,6,,25.8
238,금산,2021-07-28 00:00,24.4,,.6,250,88,,,5,,25.1
238,금산,2021-07-28 01:00,24.8,,.5,270,86,,,9,,25.3
238,금산,2021-07-28 02:00,23.9,,.5,270,93,,,5,,24.4
238,금산,2021-07-28 03:00,23.5,,.5,290,93,,,5,,23.7
238,금산,2021-07-28 04:00,23.4,,.4,0,94,,,4,,24.5
238,금산,2021-07-28 05:00,23.1,,.1,0,96,,,2,,23.3
238,금산,2021-07-28 06:00,22.7,,.2,0,95,0,,5,,23.2
238,금산,2021-07-28 07:00,23.1,,.4,0,95,0,,9,,25.3
238,금산,2021-07-28 08:00,24.9,,.3,0,85,0,,8,,28.8
238,금산,2021-07-28 09:00,27.2,,.7,160,72,.9,,6,,34.1
238,금산,2021-07-28 10:00,29.4,,.9,200,68,.9,,3,,44.6
238,금산,2021-07-28 11:00,30.1,,1.1,320,61,1,,1,,50.8
238,금산,2021-07-28 12:00,31.6,,1.3,90,49,.9,,3,,55.5
238,금산,2021-07-28 13:00,31.9,,2,20,57,.5,,6,,48.7
238,금산,2021-07-28 14:00,32,,1.9,360,52,.5,,5,,46.6
238,금산,2021-07-28 15:00,33.7,,.9,110,47,.8,,3,,56.7
238,금산,2021-07-28 16:00,33.8,,1.7,50,45,.8,,1,,51.2
238,금산,2021-07-28 17:00,33.7,,1.7,50,47,.9,,1,,48
238,금산,2021-07-28 18:00,33.3,,1.4,50,48,.8,,0,,39.6
238,금산,2021-07-28 19:00,31.5,,.9,20,55,.9,,0,,32.7
238,금산,2021-07-28 20:00,27.6,,.8,270,73,0,,1,,29.2
238,금산,2021-07-28 21:00,26.5,,.5,180,76,,,2,,27.4
238,금산,2021-07-28 22:00,25.5,,.8,270,81,,,6,,26.5
238,금산,2021-07-28 23:00,25.2,,.6,290,84,,,2,,26
238,금산,2021-07-29 00:00,25.2,,0,0,85,,,3,,25.9
238,금산,2021-07-29 01:00,25,,.1,0,87,,,5,,26.2
238,금산,2021-07-29 02:00,24.8,,.3,0,87,,,4,,25.6
238,금산,2021-07-29 03:00,24.1,,.7,290,91,,,5,,25
238,금산,2021-07-29 04:00,24,,.3,0,92,,,7,,23.8
238,금산,2021-07-29 05:00,23.2,,.3,0,96,,,6,,23.2
238,금산,2021-07-29 06:00,23,,.2,0,97,0,,4,,23
238,금산,2021-07-29 07:00,24.2,,.3,0,90,.7,,0,,24.4
238,금산,2021-07-29 08:00,26,,.6,140,83,1,,3,,27.4
238,금산,2021-07-29 09:00,28,,1.2,110,73,1,,6,,36
238,금산,2021-07-29 10:00,30.2,,1.1,360,67,1,,4,,45.3
238,금산,2021-07-29 11:00,31,,1.3,320,61,.7,,6,,45.7
238,금산,2021-07-29 12:00,31.1,,1.3,110,60,.6,,6,,46.4
238,금산,2021-07-29 13:00,33.3,,1.2,360,54,.8,,7,,56.2
238,금산,2021-07-29 14:00,33.2,,1.4,320,53,.7,,7,,55.1
238,금산,2021-07-29 15:00,32.6,,1.9,320,56,.4,,7,,47.1
238,금산,2021-07-29 16:00,32.5,,2.3,290,57,.9,,6,,48.4
238,금산,2021-07-29 17:00,32.6,,2.4,290,56,1,,8,,46.6
238,금산,2021-07-29 18:00,31.6,,2.1,290,59,.9,,7,,38.4
238,금산,2021-07-29 19:00,30,,.8,290,69,0,,7,,33.4
238,금산,2021-07-29 20:00,29.2,,.9,270,73,0,,9,,31.2
238,금산,2021-07-29 21:00,28.6,,1,250,77,,,9,,29.9
238,금산,2021-07-29 22:00,27.7,,1.5,290,76,,,9,,28.7
238,금산,2021-07-29 23:00,27.6,,.8,160,77,,,10,,28.5
238,금산,2021-07-30 00:00,27.1,,.5,230,78,,,9,,28.1
238,금산,2021-07-30 01:00,26.9,,.3,0,81,,,9,,27.8
238,금산,2021-07-30 02:00,25.9,,1.1,110,89,,,6,,26.8
238,금산,2021-07-30 03:00,25.4,,.5,230,91,,,7,,25.4
238,금산,2021-07-30 04:00,24.6,,.4,0,92,,,5,,24.6
238,금산,2021-07-30 05:00,24.2,,.4,0,94,,,5,,24.2
238,금산,2021-07-30 06:00,24,,.2,0,94,0,,7,,24.7
238,금산,2021-07-30 07:00,25.1,,.7,140,91,.1,,7,,27.4
238,금산,2021-07-30 08:00,26.3,,1.1,160,86,1,,5,,29.3
238,금산,2021-07-30 09:00,28.9,,1.2,70,74,1,,4,,37.2
238,금산,2021-07-30 10:00,30.5,,1.3,140,58,1,,4,,47.7
238,금산,2021-07-30 11:00,32.2,,2.2,110,50,1,,6,,55
238,금산,2021-07-30 12:00,32.8,,1.7,200,47,1,,6,,57.2
238,금산,2021-07-30 13:00,33.8,,1.8,180,42,1,,7,,57.7
238,금산,2021-07-30 14:00,33.8,,1.8,320,49,.9,,8,,55.8
238,금산,2021-07-30 15:00,34.8,,2.1,200,36,1,,8,,59.3
238,금산,2021-07-30 16:00,34.4,,2.1,250,37,1,,8,,54.7
238,금산,2021-07-30 17:00,33.9,,2.3,250,43,1,,7,,51.2
238,금산,2021-07-30 18:00,32.1,,.9,270,52,.8,,7,,40.3
238,금산,2021-07-30 19:00,31.3,,.8,290,57,.9,,5,,34.6
238,금산,2021-07-30 20:00,28.8,,.8,270,69,0,,2,,31
238,금산,2021-07-30 21:00,28,,.5,230,72,,,2,,29.1
238,금산,2021-07-30 22:00,27.9,,.6,160,74,,,5,,28.5
238,금산,2021-07-30 23:00,27.3,,.5,340,78,,,7,,28.6
238,금산,2021-07-31 00:00,27.1,,.3,0,80,,,9,,28.3
238,금산,2021-07-31 01:00,26.5,,.5,270,83,,,8,,27.9
238,금산,2021-07-31 02:00,25.5,.5,.4,0,94,,,5,,26.6
238,금산,2021-07-31 03:00,25,2.5,.4,0,97,,,10,,25.7
238,금산,2021-07-31 04:00,25,1.7,.9,110,97,,,9,,26.2
238,금산,2021-07-31 05:00,25.1,,.7,140,97,,,9,,26.2
238,금산,2021-07-31 06:00,25.1,,.8,160,97,0,,8,,25.9
238,금산,2021-07-31 07:00,25.2,,.8,140,96,.1,,4,,27.1
238,금산,2021-07-31 08:00,26.4,,.2,0,90,.1,,6,,28.9
238,금산,2021-07-31 09:00,28.3,,1.2,90,82,.2,,9,,33.7
238,금산,2021-07-31 10:00,29.5,,1.2,160,73,.8,,9,,37.1
238,금산,2021-07-31 11:00,29.9,,1,20,67,.3,,8,,33.1
238,금산,2021-07-31 12:00,31.6,,1.1,20,60,.7,,6,,39.7
238,금산,2021-07-31 13:00,31.8,,1.2,340,60,.4,,7,,41.3
238,금산,2021-07-31 14:00,31.8,,1.1,250,59,.7,,6,,40.8
238,금산,2021-07-31 15:00,32.3,,1.5,290,63,.1,,9,,40.3
238,금산,2021-07-31 16:00,32.3,,1.4,320,61,.4,,7,,42.1
238,금산,2021-07-31 17:00,32.7,,1.9,320,61,1,,4,,42.4
238,금산,2021-07-31 18:00,31.6,,2,320,63,1,,3,,36
238,금산,2021-07-31 19:00,30.2,,1,320,68,1,,3,,31.7
238,금산,2021-07-31 20:00,28.6,,.5,290,73,.1,,4,,29.4
238,금산,2021-07-31 21:00,26.9,,.5,230,79,,,2,,27.6
238,금산,2021-07-31 22:00,25.9,,.3,0,84,,,3,,26.4
238,금산,2021-07-31 23:00,25,,.8,270,88,,,2,,25.6
238,금산,2021-08-01 00:00,24.6,,.7,270,89,,,2,,25
238,금산,2021-08-01 01:00,23.8,,.6,270,91,,,2,,24.5
238,금산,2021-08-01 02:00,23.8,,.6,270,91,,,2,,24.6
238,금산,2021-08-01 03:00,24,,.6,290,92,,,5,,24.9
238,금산,2021-08-01 04:00,23.6,,.3,0,93,,,8,,24.3
238,금산,2021-08-01 05:00,23.3,,.1,0,95,,,5,,23.9
238,금산,2021-08-01 06:00,23.2,,.1,0,94,0,,5,,24.1
238,금산,2021-08-01 07:00,23.7,,.7,290,93,0,,8,,24.7
238,금산,2021-08-01 08:00,24.7,,.4,0,89,0,,9,,27.6
238,금산,2021-08-01 09:00,25.9,,.3,0,84,0,,10,,29.1
238,금산,2021-08-01 10:00,27.7,,.6,20,78,.2,,9,,35.3
238,금산,2021-08-01 11:00,29.2,,1.1,140,68,0,,9,,37.7
238,금산,2021-08-01 12:00,31.6,,1.2,50,64,.8,,8,,52.7
238,금산,2021-08-01 13:00,29.8,0,1.8,270,70,.3,,9,,39.7
238,금산,2021-08-01 14:00,28.1,1.1,1.5,290,83,.2,,9,,34.2
238,금산,2021-08-01 15:00,26.9,6.8,1.1,50,95,0,,10,,31.3
238,금산,2021-08-01 16:00,28.1,.1,1.1,50,86,.2,,8,,32.4
238,금산,2021-08-01 17:00,26,9.4,1.1,180,96,0,,10,,28
238,금산,2021-08-01 18:00,25,9,1,90,98,0,,10,,27.5
238,금산,2021-08-01 19:00,24.7,2.8,.9,320,97,0,,10,,26.1
238,금산,2021-08-01 20:00,24.5,6.2,.6,110,97,0,,10,,25.9
238,금산,2021-08-01 21:00,24.5,.1,1.6,160,98,,,10,,25.7
238,금산,2021-08-01 22:00,24.4,.2,.3,0,98,,,9,,25.6
238,금산,2021-08-01 23:00,24.4,,.4,0,98,,,9,,25.3
238,금산,2021-08-02 00:00,24.4,,.7,110,99,,,8,,25.3
238,금산,2021-08-02 01:00,24.2,,.9,90,98,,,9,,25.3
238,금산,2021-08-02 02:00,24.2,,.1,0,99,,,8,,25
238,금산,2021-08-02 03:00,24.2,,.1,0,98,,,8,,25.2
238,금산,2021-08-02 04:00,24.1,,.3,0,98,,,5,,25
238,금산,2021-08-02 05:00,24,,.5,140,98,,,10,,24.8
238,금산,2021-08-02 06:00,24.1,,.3,0,97,0,,8,,24.9
238,금산,2021-08-02 07:00,24.4,,.6,140,96,0,,9,,25.6
238,금산,2021-08-02 08:00,24.9,,.7,160,93,0,,8,,27.6
238,금산,2021-08-02 09:00,25.9,,.6,50,89,0,,8,,28.7
238,금산,2021-08-02 10:00,27.8,,.9,360,77,.2,,9,,34.1
238,금산,2021-08-02 11:00,25.2,,2,290,88,.1,,9,,29.3
238,금산,2021-08-02 12:00,26.1,0,1.6,340,86,0,,9,,31.3
238,금산,2021-08-02 13:00,26.8,,1.7,340,82,0,,10,,32.1
238,금산,2021-08-02 14:00,26.7,,1.3,340,82,.1,,9,,32.9
238,금산,2021-08-02 15:00,27.7,,1.2,90,79,.1,,9,,34.5
238,금산,2021-08-02 16:00,27.3,0,.7,110,79,0,,9,,29.4
238,금산,2021-08-02 17:00,25.6,5.3,.8,340,94,0,,10,,28.2
238,금산,2021-08-02 18:00,25.5,.3,.2,0,96,0,,10,,27.4
238,금산,2021-08-02 19:00,25.7,,.6,90,95,0,,10,,27.2
238,금산,2021-08-02 20:00,25.3,,.5,200,97,0,,10,,26.5
238,금산,2021-08-02 21:00,25,,.1,0,98,,,10,,26
238,금산,2021-08-02 22:00,24.7,,0,0,99,,,8,,25.8
238,금산,2021-08-02 23:00,24.7,,.7,160,98,,,10,,25.6
238,금산,2021-08-03 00:00,24.5,,.8,140,98,,,10,,25.4
238,금산,2021-08-03 01:00,24.5,,1.1,360,99,,,10,,25.4
238,금산,2021-08-03 02:00,24.4,.7,.5,250,99,,,10,,25.1
238,금산,2021-08-03 03:00,24.2,.2,1.1,110,99,,,10,,25.1
238,금산,2021-08-03 04:00,24.2,0,.2,0,98,,,,,24.8
238,금산,2021-08-03 05:00,24.2,,.5,200,99,,,,,24.8
238,금산,2021-08-03 06:00,24.1,,1,160,99,0,,,,24.7
238,금산,2021-08-03 07:00,24.2,,0,0,98,0,,,,24.9
238,금산,2021-08-03 08:00,24.5,,.5,140,97,0,,,,26.2
238,금산,2021-08-03 09:00,25.7,,.8,180,90,.2,,,,30.1
238,금산,2021-08-03 10:00,27.2,,.9,140,81,.1,,9,,31.6
238,금산,2021-08-03 11:00,28.2,,1.7,140,78,.4,,9,,34.3
238,금산,2021-08-03 12:00,28.5,,1.1,140,73,.1,,9,,31.7
238,금산,2021-08-03 13:00,29,,1.4,160,71,0,,10,,32.1
238,금산,2021-08-03 14:00,30.1,,.9,140,68,.1,,10,,35.6
238,금산,2021-08-03 15:00,30.4,,1,320,68,.2,,8,,33.6
238,금산,2021-08-03 16:00,29.9,,1.3,320,70,.1,,8,,32.4
238,금산,2021-08-03 17:00,29.8,,1,320,71,.2,,7,,31.1
238,금산,2021-08-03 18:00,29.3,,.9,320,73,.3,,7,,30
238,금산,2021-08-03 19:00,28.3,,.8,290,75,1,,4,,27.8
238,금산,2021-08-03 20:00,26.7,,.3,0,88,.1,,6,,27.2
238,금산,2021-08-03 21:00,25.7,.2,.8,290,91,,,7,,26.5
238,금산,2021-08-03 22:00,25.4,0,.2,0,96,,,7,,26
238,금산,2021-08-03 23:00,25,,0,0,98,,,6,,25.7
238,금산,2021-08-04 00:00,24.7,,.1,0,98,,,3,,25.1
238,금산,2021-08-04 01:00,24,,.3,0,99,,,2,,24.6
238,금산,2021-08-04 02:00,24.1,,.1,0,99,,,4,,24.9
238,금산,2021-08-04 03:00,24.4,,0,0,99,,,3,,25.2
238,금산,2021-08-04 04:00,24.1,,.2,0,99,,,0,,25.3
238,금산,2021-08-04 05:00,24.2,,.1,0,99,,,1,,25.3
238,금산,2021-08-04 06:00,24.3,,.4,0,100,0,,0,,25.2
238,금산,2021-08-04 07:00,24.6,,1,160,96,0,,0,,26.1
238,금산,2021-08-04 08:00,26.2,,1.1,110,86,.3,,0,,27.8
238,금산,2021-08-04 09:00,27.6,,.8,90,80,1,,2,,30.6
238,금산,2021-08-04 10:00,29.3,,1.3,90,70,1,,3,,36.2
238,금산,2021-08-04 11:00,29.9,,1.4,200,66,1,,1,,39.3
238,금산,2021-08-04 12:00,30.5,,1.5,140,60,.8,,,,37.4
238,금산,2021-08-04 13:00,31.5,,1.1,250,58,.4,,6,,37.2
238,금산,2021-08-04 14:00,32.9,,1.9,360,55,.6,,6,,41.9
238,금산,2021-08-04 15:00,31.3,,1.8,340,62,.6,,8,,33.8
238,금산,2021-08-04 16:00,30.8,,1.9,290,65,.1,,7,,31.6
238,금산,2021-08-04 17:00,27.5,,1.8,200,82,0,,5,,29.7
238,금산,2021-08-04 18:00,28,,.5,250,81,.1,,6,,29.3
238,금산,2021-08-04 19:00,27.1,,.9,290,85,.5,,4,,28
238,금산,2021-08-04 20:00,26.3,,.7,270,89,0,,3,,26.8
238,금산,2021-08-04 21:00,25.5,,.6,270,93,,,6,,26.2
238,금산,2021-08-04 22:00,25.5,,.8,270,93,,,8,,26.4
238,금산,2021-08-04 23:00,25.6,0,.3,0,94,,,5,,26.3
238,금산,2021-08-05 00:00,25.3,,.6,290,97,,,8,,25.9
238,금산,2021-08-05 01:00,25.5,,.9,20,97,,,8,,26
238,금산,2021-08-05 02:00,24.8,,.3,0,98,,,6,,25.1
238,금산,2021-08-05 03:00,24.4,,.1,0,99,,,4,,24.7
238,금산,2021-08-05 04:00,24.1,,.3,0,99,,,5,,24.7
238,금산,2021-08-05 05:00,24.3,,.2,0,98,,,2,,24.9
238,금산,2021-08-05 06:00,24.1,,.3,0,100,0,,2,,25.3
238,금산,2021-08-05 07:00,24.4,,.8,200,99,0,,5,,26
238,금산,2021-08-05 08:00,25.4,,.9,90,93,.1,,2,,28.3
238,금산,2021-08-05 09:00,27.3,,1.1,110,84,.5,,4,,30.7
238,금산,2021-08-05 10:00,29.3,,.7,110,75,1,,4,,36.8
238,금산,2021-08-05 11:00,29.8,,1.2,20,67,.6,,6,,34.5
238,금산,2021-08-05 12:00,30.9,,1.2,320,63,.7,,5,,38.7
238,금산,2021-08-05 13:00,32.3,,1.3,270,62,.9,,6,,43.1
238,금산,2021-08-05 14:00,32.5,,.7,360,56,.8,,6,,39.5
238,금산,2021-08-05 15:00,32.8,,1.6,270,58,.7,,6,,42.6
238,금산,2021-08-05 16:00,33.4,,2.1,270,57,.9,,7,,41.9
238,금산,2021-08-05 17:00,32.3,,1.8,290,61,1,,7,,37.7
238,금산,2021-08-05 18:00,25.8,0,2.9,110,72,.3,,8,,30.9
238,금산,2021-08-05 19:00,24.2,.9,1,290,91,0,,8,,28.2
238,금산,2021-08-05 20:00,24.8,0,.7,70,90,0,,8,,27
238,금산,2021-08-05 21:00,24.6,,1.1,160,93,,,8,,26.4
238,금산,2021-08-05 22:00,24.1,,.4,0,96,,,5,,25.8
238,금산,2021-08-05 23:00,24.2,,.4,0,97,,,6,,25.6
238,금산,2021-08-06 00:00,24.1,,.2,0,97,,,5,,25.1
238,금산,2021-08-06 01:00,23.9,,.3,0,98,,,3,,25.6
238,금산,2021-08-06 02:00,23.7,,.4,0,99,,,5,,25.4
238,금산,2021-08-06 03:00,23.5,,.1,0,100,,,3,,25.5
238,금산,2021-08-06 04:00,23.6,,.3,0,100,,,4,,25.5
238,금산,2021-08-06 05:00,23.5,,.9,200,100,,,5,,25.3
238,금산,2021-08-06 06:00,23.4,,.4,0,100,0,,1,,25.3
238,금산,2021-08-06 07:00,23.2,,.5,230,100,0,,2,,25.7
238,금산,2021-08-06 08:00,24.1,,.8,160,100,0,,1,,27.4
238,금산,2021-08-06 09:00,25.5,,.9,90,90,.2,,1,,30.7
238,금산,2021-08-06 10:00,28.4,,.7,70,77,1,,0,,36.4
238,금산,2021-08-06 11:00,30.1,,1.7,140,71,1,,5,,40
238,금산,2021-08-06 12:00,32.3,,1.3,110,66,1,,5,,43.9
238,금산,2021-08-06 13:00,33,,1.6,110,58,.9,,7,,45
238,금산,2021-08-06 14:00,33.4,,.9,110,60,.8,,8,,43.9
238,금산,2021-08-06 15:00,34.1,,1.1,320,58,.6,,8,,44.9
238,금산,2021-08-06 16:00,33.2,,2.3,290,64,.6,,8,,43
238,금산,2021-08-06 17:00,32.9,,2.4,290,62,1,,7,,40.3
238,금산,2021-08-06 18:00,24.5,.7,3.3,320,87,.1,,10,,28.8
238,금산,2021-08-06 19:00,26,0,.9,140,77,.1,,8,,28.2
238,금산,2021-08-06 20:00,24.2,,1.5,110,82,0,,8,,26
238,금산,2021-08-06 21:00,24.1,,1.2,110,87,,,8,,25.3
238,금산,2021-08-06 22:00,23.1,,1.3,110,90,,,6,,24.5
238,금산,2021-08-06 23:00,22.9,,.7,90,92,,,5,,24.1
238,금산,2021-08-07 00:00,22.2,,.7,270,97,,,7,,23.7
238,금산,2021-08-07 01:00,22.1,,.7,290,97,,,9,,23.8
238,금산,2021-08-07 02:00,22.2,,.6,270,97,,,8,,23.6
238,금산,2021-08-07 03:00,22.5,,.4,0,96,,,9,,23.6
238,금산,2021-08-07 04:00,22.3,,.9,160,97,,,9,,23.5
238,금산,2021-08-07 05:00,21.7,,.3,0,98,,,5,,23
238,금산,2021-08-07 06:00,22,,.4,0,98,0,,8,,23.7
238,금산,2021-08-07 07:00,22.4,,.9,140,97,0,,8,,25
238,금산,2021-08-07 08:00,22.9,,.4,0,93,0,,2,,26.7
238,금산,2021-08-07 09:00,24.6,,.9,360,88,.4,,2,,29.6
238,금산,2021-08-07 10:00,26.9,,.8,90,78,1,,4,,36.3
238,금산,2021-08-07 11:00,29.3,,.8,160,69,1,,2,,41.2
238,금산,2021-08-07 12:00,31,,1.5,340,62,1,,7,,45.8
238,금산,2021-08-07 13:00,32,,1.7,320,57,1,,6,,48.9
238,금산,2021-08-07 14:00,32.7,,1.8,340,60,1,,6,,48
238,금산,2021-08-07 15:00,31.2,,2.4,290,65,.3,,8,,40.1
238,금산,2021-08-07 16:00,31,,2.2,320,63,.6,,7,,39.4
238,금산,2021-08-07 17:00,30.3,,1.7,290,65,0,,9,,35.2
238,금산,2021-08-07 18:00,29.7,,1,290,68,.2,,7,,33.1
238,금산,2021-08-07 19:00,28.8,,.9,320,74,.2,,8,,30.4
238,금산,2021-08-07 20:00,27.3,,.9,290,82,0,,5,,28.2
238,금산,2021-08-07 21:00,25.7,,.4,0,88,,,5,,27
238,금산,2021-08-07 22:00,25.3,,.7,270,86,,,8,,26.4
238,금산,2021-08-07 23:00,25,,.7,230,87,,,7,,26
238,금산,2021-08-08 00:00,24.5,,.6,270,90,,,9,,25.6
238,금산,2021-08-08 01:00,23.7,,.9,290,93,,,7,,24.8
238,금산,2021-08-08 02:00,23.8,,.1,0,93,,,8,,24.6
238,금산,2021-08-08 03:00,23.2,,.5,270,95,,,8,,24.4
238,금산,2021-08-08 04:00,23.2,,.5,270,96,,,10,,24.4
238,금산,2021-08-08 05:00,23,,.6,270,97,,,9,,24.2
238,금산,2021-08-08 06:00,23.6,,.5,140,96,0,,9,,24.2
238,금산,2021-08-08 07:00,23.5,,.1,0,95,0,,10,,24.8
238,금산,2021-08-08 08:00,24.2,,.5,110,89,0,,10,,26.2
238,금산,2021-08-08 09:00,24.6,,1.6,180,85,0,,10,,27.2
238,금산,2021-08-08 10:00,25.4,,.8,290,82,0,,10,,28.6
238,금산,2021-08-08 11:00,25.8,0,1.1,200,81,0,,10,,28.7
238,금산,2021-08-08 12:00,26.1,0,1.1,320,82,0,,10,,28.9
238,금산,2021-08-08 13:00,26.7,0,.5,140,81,0,,10,,30.8
238,금산,2021-08-08 14:00,27.3,0,.6,320,82,0,,10,,30.3
238,금산,2021-08-08 15:00,27.4,,.7,270,84,0,,10,,30.4
238,금산,2021-08-08 16:00,28.7,,1.7,90,72,0,,10,,32.1
238,금산,2021-08-08 17:00,26.8,,1.9,90,69,0,,10,,29.3
238,금산,2021-08-08 18:00,26.6,,1.1,90,76,0,,10,,28.5
238,금산,2021-08-08 19:00,26.1,,1.4,20,79,0,,10,,26.7
238,금산,2021-08-08 20:00,25.9,,.7,140,77,0,,9,,25.6
238,금산,2021-08-08 21:00,26,,1.1,110,74,,,9,,25.2
238,금산,2021-08-08 22:00,25.2,,.5,160,80,,,9,,24.8
238,금산,2021-08-08 23:00,24.4,,.5,250,84,,,9,,24.3
238,금산,2021-08-09 00:00,23.7,,.7,320,88,,,9,,23.7
238,금산,2021-08-09 01:00,23,,.8,290,92,,,6,,23.5
238,금산,2021-08-09 02:00,22.9,,.8,290,91,,,5,,22.9
238,금산,2021-08-09 03:00,22.1,,.5,290,94,,,2,,22.5
238,금산,2021-08-09 04:00,21.7,,.2,0,96,,,2,,22
238,금산,2021-08-09 05:00,21.4,,.6,270,97,,,6,,21.8
238,금산,2021-08-09 06:00,21.3,,.8,250,96,0,,3,,21.6
238,금산,2021-08-09 07:00,23,,.6,290,88,.6,,1,,22.5
238,금산,2021-08-09 08:00,25.1,,.8,290,75,1,,1,,23.8
238,금산,2021-08-09 09:00,27,,1.1,290,69,1,,1,,28.3
238,금산,2021-08-09 10:00,27.5,,1.6,290,65,1,,1,,36.3
238,금산,2021-08-09 11:00,29.1,,1.8,360,55,.9,,2,,45.4
238,금산,2021-08-09 12:00,29.5,,1.8,20,55,1,,,,51
238,금산,2021-08-09 13:00,30,,1.9,360,54,.6,,7,,44.5
238,금산,2021-08-09 14:00,30,,1.7,360,53,.7,,6,,43.2
238,금산,2021-08-09 15:00,31.2,,1.4,50,52,.9,,1,,51.3
238,금산,2021-08-09 16:00,30.9,,1.7,290,53,.8,,3,,47.9
238,금산,2021-08-09 17:00,30.1,,1.2,270,56,.8,,3,,39
238,금산,2021-08-09 18:00,30.7,,1,320,55,.9,,3,,34
238,금산,2021-08-09 19:00,28.2,,.9,250,68,.8,,2,,30.3
238,금산,2021-08-09 20:00,25.9,,.7,290,78,0,,2,,27.7
238,금산,2021-08-09 21:00,24.9,,1.1,250,83,,,4,,26.6
238,금산,2021-08-09 22:00,25.3,,.7,140,82,,,8,,26.2
238,금산,2021-08-09 23:00,24.7,,.1,0,84,,,9,,25.9
238,금산,2021-08-10 00:00,24.9,,.8,90,83,,,,,25.5
238,금산,2021-08-10 01:00,23.8,,.5,340,92,,,9,,25.1
238,금산,2021-08-10 02:00,23.5,,.5,250,93,,,8,,24.9
238,금산,2021-08-10 03:00,23.3,,.5,290,94,,,8,,24.4
238,금산,2021-08-10 04:00,23.1,,1.2,160,94,,,6,,23.9
238,금산,2021-08-10 05:00,22.8,,.3,0,93,,,5,,23.5
238,금산,2021-08-10 06:00,22.4,,.4,0,97,0,,5,,23.8
238,금산,2021-08-10 07:00,23,,.7,290,95,0,,5,,24.6
238,금산,2021-08-10 08:00,24.7,,.3,0,85,.2,,7,,27.5
238,금산,2021-08-10 09:00,26.2,,.6,110,78,.5,,7,,31.6
238,금산,2021-08-10 10:00,27,,.6,340,75,.3,,8,,34.1
238,금산,2021-08-10 11:00,28.7,,2.1,250,65,.6,,8,,41.7
238,금산,2021-08-10 12:00,29.6,,1.4,340,66,.6,,7,,47.1
238,금산,2021-08-10 13:00,30.1,,1.4,230,60,.8,,7,,45.9
238,금산,2021-08-10 14:00,29.5,,2.9,110,67,.6,,8,,49.7
238,금산,2021-08-10 15:00,28.9,,2.3,140,69,.4,,7,,45.3
238,금산,2021-08-10 16:00,29.7,,2.5,110,62,.6,,7,,44.6
238,금산,2021-08-10 17:00,28,,1.4,110,70,.3,,5,,37.1
238,금산,2021-08-10 18:00,26.4,.3,1.5,140,84,.1,,6,,30.6
238,금산,2021-08-10 19:00,24.8,.1,1.9,140,87,.9,,7,,27.9
238,금산,2021-08-10 20:00,23.9,,1.9,110,88,0,,5,,25.7
238,금산,2021-08-10 21:00,23.7,,2.3,110,89,,,6,,24.7
238,금산,2021-08-10 22:00,23.4,,1.1,110,90,,,7,,24.1
238,금산,2021-08-10 23:00,22.7,,0,0,94,,,7,,23.5
238,금산,2021-08-11 00:00,22.5,,1,140,96,,,,,23.2
238,금산,2021-08-11 01:00,21.8,,.9,160,98,,,4,,22.7
238,금산,2021-08-11 02:00,21.2,,.6,270,98,,,5,,22.4
238,금산,2021-08-11 03:00,21.2,,.8,180,99,,,5,,22.4
238,금산,2021-08-11 04:00,21.3,,.8,110,100,,,4,,22.5
238,금산,2021-08-11 05:00,21.2,,.7,160,100,,,6,,23.3
238,금산,2021-08-11 06:00,21,,.9,160,100,0,,4,,23.4
238,금산,2021-08-11 07:00,21.3,,.8,110,99,0,,6,,24.4
238,금산,2021-08-11 08:00,22.3,,1.1,110,94,0,,5,,26.1
238,금산,2021-08-11 09:00,23.7,,1.1,70,87,.1,,1,,30.8
238,금산,2021-08-11 10:00,25.4,,.9,50,78,1,,0,,38.9
238,금산,2021-08-11 11:00,27.6,,1.6,160,67,1,,0,,46.9
238,금산,2021-08-11 12:00,29.5,,2,140,51,1,,0,,52.4
238,금산,2021-08-11 13:00,30.9,,1.9,70,44,1,,0,,55.3
238,금산,2021-08-11 14:00,31.1,,2.1,200,45,1,,0,,55.9
238,금산,2021-08-11 15:00,31.5,,1.7,70,50,.7,,0,,51.9
238,금산,2021-08-11 16:00,31.5,,1.6,50,49,.7,,0,,49
238,금산,2021-08-11 17:00,31.2,,1.2,70,49,.7,,0,,40.1
238,금산,2021-08-11 18:00,30.2,,1,320,58,.5,,2,,34.8
238,금산,2021-08-11 19:00,28.7,,.6,290,66,.6,,2,,30.9
238,금산,2021-08-11 20:00,26.4,,.6,250,76,0,,4,,28.3
238,금산,2021-08-11 21:00,26.2,,.5,160,76,,,6,,27.1
238,금산,2021-08-11 22:00,24.5,,.8,250,85,,,5,,25.9
238,금산,2021-08-11 23:00,23.7,,.7,320,90,,,5,,24.8
238,금산,2021-08-12 00:00,22.9,,.4,0,91,,,,,24.2
238,금산,2021-08-12 01:00,22.7,,.3,0,92,,,7,,23.9
238,금산,2021-08-12 02:00,22.2,,.8,290,95,,,7,,23.4
238,금산,2021-08-12 03:00,22.2,,.1,0,95,,,8,,23.2
238,금산,2021-08-12 04:00,22,,0,0,97,,,6,,22.7
238,금산,2021-08-12 05:00,21.3,,.5,270,98,,,5,,22.2
238,금산,2021-08-12 06:00,21.5,,.1,0,98,0,,6,,22.4
238,금산,2021-08-12 07:00,22.3,,.1,0,95,0,,8,,24.7
238,금산,2021-08-12 08:00,24,,1.1,110,87,.6,,6,,27.1
238,금산,2021-08-12 09:00,25.7,,1.1,140,81,1,,6,,32.2
238,금산,2021-08-12 10:00,27.5,,.8,20,75,.7,,4,,40.5
238,금산,2021-08-12 11:00,29.3,,2.3,140,66,1,,5,,49.4
238,금산,2021-08-12 12:00,30.4,,2.3,90,58,1,,5,,54.6
238,금산,2021-08-12 13:00,30.9,,2.2,110,55,.9,,5,,56.5
238,금산,2021-08-12 14:00,31.1,,1.5,70,57,.4,,7,,48.6
238,금산,2021-08-12 15:00,30.8,,1.8,90,54,.4,,8,,45.8
238,금산,2021-08-12 16:00,30,,1.4,90,58,0,,10,,38.3
238,금산,2021-08-12 17:00,27.1,,2.6,160,67,0,,10,,32.5
238,금산,2021-08-12 18:00,26.4,,1.1,110,69,0,,10,,30.1
238,금산,2021-08-12 19:00,25.5,,1,160,75,0,,10,,28.3
238,금산,2021-08-12 20:00,24.7,,1.5,180,78,0,,9,,26.6
238,금산,2021-08-12 21:00,24.6,,.3,0,80,,,9,,26
238,금산,2021-08-12 22:00,23.6,,.9,180,84,,,9,,24.7
238,금산,2021-08-12 23:00,23.1,,.4,0,88,,,7,,24.1
238,금산,2021-08-13 00:00,22.2,,.7,340,92,,,,,23.3
238,금산,2021-08-13 01:00,21.6,,.4,0,95,,,1,,22.7
238,금산,2021-08-13 02:00,21.2,,.1,0,95,,,1,,22.1
238,금산,2021-08-13 03:00,21.4,,.8,140,95,,,4,,22.1
238,금산,2021-08-13 04:00,20.8,,.1,0,98,,,3,,21.6
238,금산,2021-08-13 05:00,20.7,,.1,0,97,,,7,,21.6
238,금산,2021-08-13 06:00,20.4,,.3,0,99,0,,8,,22.3
238,금산,2021-08-13 07:00,20.7,,.7,290,98,0,,9,,23
238,금산,2021-08-13 08:00,22.2,,.8,110,93,0,,9,,26.1
238,금산,2021-08-13 09:00,23.4,,.9,160,89,0,,9,,29
238,금산,2021-08-13 10:00,26.2,,1,90,80,.5,,7,,38.6
238,금산,2021-08-13 11:00,27.3,,2.4,160,69,.5,,8,,41.8
238,금산,2021-08-13 12:00,27.5,,1.9,70,67,0,,10,,38.6
238,금산,2021-08-13 13:00,28.5,,1.8,90,63,0,,8,,39.7
238,금산,2021-08-13 14:00,28.7,,1.9,90,59,.4,,8,,40.9
238,금산,2021-08-13 15:00,29.1,,1.2,70,58,.3,,7,,42.1
238,금산,2021-08-13 16:00,28.9,,2.1,110,59,.3,,9,,41.2
238,금산,2021-08-13 17:00,28.5,,1.7,90,62,0,,10,,35.1
238,금산,2021-08-13 18:00,27.5,,1.6,50,68,0,,10,,31.7
238,금산,2021-08-13 19:00,26.9,,1.1,90,71,0,,10,,28.9
238,금산,2021-08-13 20:00,25.8,,.4,0,79,0,,10,,27.5
238,금산,2021-08-13 21:00,25.9,,1.4,110,69,,,10,,26.4
238,금산,2021-08-13 22:00,24.8,,.9,200,75,,,10,,25.7
238,금산,2021-08-13 23:00,24,0,.8,180,85,,,10,,24.5
238,금산,2021-08-14 00:00,22.8,.1,.6,230,95,,,,,23.8
238,금산,2021-08-14 01:00,22.9,.1,.1,0,92,,,10,,23.5
238,금산,2021-08-14 02:00,22.4,,.6,230,97,,,10,,23.3
238,금산,2021-08-14 03:00,22.3,0,0,0,96,,,10,,23.2
238,금산,2021-08-14 04:00,22,.1,.1,0,97,,,10,,22.9
238,금산,2021-08-14 05:00,21.8,.1,0,0,98,,,10,,22.8
238,금산,2021-08-14 06:00,22,.1,.8,140,96,0,,10,,22.6
238,금산,2021-08-14 07:00,22.2,.1,.7,160,93,0,,10,,23.3
238,금산,2021-08-14 08:00,22.3,0,.6,270,96,0,,10,,24.1
238,금산,2021-08-14 09:00,22.7,0,.8,200,90,0,,10,,24.4
238,금산,2021-08-14 10:00,23.1,.7,.4,0,94,0,,10,,27.1
238,금산,2021-08-14 11:00,23.3,.1,1.4,110,88,0,,10,,28
238,금산,2021-08-14 12:00,24.1,,1.1,90,83,0,,10,,28.7
238,금산,2021-08-14 13:00,25.8,,1.5,90,70,0,,10,,32.3
238,금산,2021-08-14 14:00,26.6,,2.2,90,68,.1,,8,,34
238,금산,2021-08-14 15:00,27,,2.5,70,64,.6,,7,,37.2
238,금산,2021-08-14 16:00,27.1,,1.7,90,63,.5,,6,,37.2
238,금산,2021-08-14 17:00,27.1,,1.7,70,61,.6,,4,,32.9
238,금산,2021-08-14 18:00,27.1,,1.3,90,63,.7,,,,30.4
238,금산,2021-08-14 19:00,25.8,,2.1,110,64,.1,,,,27
238,금산,2021-08-14 20:00,24.6,,.8,140,73,0,,7,,24.9
238,금산,2021-08-14 21:00,24.4,,1.3,90,72,,,7,,24.5
238,금산,2021-08-14 22:00,23.6,,.8,140,76,,,7,,23.6
238,금산,2021-08-14 23:00,21.6,,.8,230,89,,,8,,22.7
238,금산,2021-08-15 00:00,20.9,,.7,290,92,,,,,22.1
238,금산,2021-08-15 01:00,21,,.3,0,92,,,7,,22.4
238,금산,2021-08-15 02:00,20.6,,.5,270,93,,,6,,21.6
238,금산,2021-08-15 03:00,20,,.2,0,96,,,7,,20.9
238,금산,2021-08-15 04:00,19.6,,.5,270,97,,,6,,20.6
238,금산,2021-08-15 05:00,19.3,,.4,0,97,,,5,,20.1
238,금산,2021-08-15 06:00,19.4,,.3,0,97,0,,7,,20.7
238,금산,2021-08-15 07:00,20.4,,0,0,94,.5,,6,,21.3
238,금산,2021-08-15 08:00,22.4,,.2,0,83,.7,,7,,24.3
238,금산,2021-08-15 09:00,24.1,,1.3,110,73,.8,,8,,28.1
238,금산,2021-08-15 10:00,25.8,,1,160,65,.8,,7,,36.2
238,금산,2021-08-15 11:00,27.5,,1.4,90,58,.9,,7,,41.7
238,금산,2021-08-15 12:00,27.8,,2.5,110,59,1,,7,,47.3
238,금산,2021-08-15 13:00,29.2,,2.4,70,55,1,,5,,54.7
238,금산,2021-08-15 14:00,29,,1.6,90,57,.9,,4,,49.4
238,금산,2021-08-15 15:00,29,,2.5,140,55,.8,,8,,50.6
238,금산,2021-08-15 16:00,28.7,,2,70,57,.8,,0,,43.3
238,금산,2021-08-15 17:00,29.3,,2,70,54,.7,,0,,39.6
238,금산,2021-08-15 18:00,28.7,,1.8,110,59,1,,3,,33
238,금산,2021-08-15 19:00,26.9,,1.6,90,67,.4,,5,,28.9
238,금산,2021-08-15 20:00,25.5,,1.7,110,73,0,,8,,26.9
238,금산,2021-08-15 21:00,24.7,,1.8,110,76,,,9,,25.7
238,금산,2021-08-15 22:00,24.3,,1.5,90,77,,,9,,25.1
238,금산,2021-08-15 23:00,24,,1.4,110,77,,,9,,24.4
238,금산,2021-08-16 00:00,23.5,,1.5,110,79,,,,,23.7
238,금산,2021-08-16 01:00,22.4,,.7,180,85,,,7,,22.7
238,금산,2021-08-16 02:00,21.3,,.5,270,90,,,3,,22
238,금산,2021-08-16 03:00,20.8,,.8,270,93,,,4,,21.4
238,금산,2021-08-16 04:00,20.5,,.5,270,94,,,8,,21.3
238,금산,2021-08-16 05:00,20.3,,.1,0,94,,,6,,20.6
238,금산,2021-08-16 06:00,20,,.3,0,96,0,,3,,20.4
238,금산,2021-08-16 07:00,21.7,,.8,200,87,.6,,3,,22.5
238,금산,2021-08-16 08:00,23.3,,.8,140,78,.6,,2,,25.4
238,금산,2021-08-16 09:00,24.3,,3.2,90,70,.9,,7,,28.9
238,금산,2021-08-16 10:00,25.9,,2.3,90,64,.3,,7,,37.2
238,금산,2021-08-16 11:00,26.6,,2,90,63,.6,,8,,42.8
238,금산,2021-08-16 12:00,27.7,,1.9,110,61,.7,,7,,48
238,금산,2021-08-16 13:00,27.3,,2.4,70,60,.7,,,,45.9
238,금산,2021-08-16 14:00,27.1,,2.2,110,62,.2,,,,39.3
238,금산,2021-08-16 15:00,27.2,,2.3,110,63,.1,,,,38.5
238,금산,2021-08-16 16:00,27.6,,1.6,70,62,.1,,,,39.9
238,금산,2021-08-16 17:00,26.7,,2.5,90,66,.2,,,,36.2
238,금산,2021-08-16 18:00,26.3,,1.7,90,67,.3,,,,31.6
238,금산,2021-08-16 19:00,25.4,,1.5,110,70,.1,,,,27.7
238,금산,2021-08-16 20:00,24.7,,1.1,140,73,0,,,,25.2
238,금산,2021-08-16 21:00,23.8,,1.3,160,75,,,,,24.1
238,금산,2021-08-16 22:00,23.8,,1.2,140,73,,,,,23.9
238,금산,2021-08-16 23:00,23.5,,1.5,110,72,,,,,23.3
238,금산,2021-08-17 00:00,23.1,,1.4,110,73,,,,,22.7
238,금산,2021-08-17 01:00,21.8,,.8,230,79,,,,,22.3
238,금산,2021-08-17 02:00,21,,.1,0,83,,,,,21.6
238,금산,2021-08-17 03:00,20.4,,.2,0,86,,,,,21.8
238,금산,2021-08-17 04:00,20.2,,.4,0,87,,,,,21
238,금산,2021-08-17 05:00,20.2,,.4,0,87,,,,,21
238,금산,2021-08-17 06:00,20.2,,.4,0,89,0,,,,21.1
238,금산,2021-08-17 07:00,20.6,,1.2,250,88,0,,,,22
238,금산,2021-08-17 08:00,23.4,,.9,180,77,.1,,,,26.4
238,금산,2021-08-17 09:00,24.9,,2.5,90,68,.7,,,,31.4
238,금산,2021-08-17 10:00,26,,2,50,65,.4,,7,,36.2
238,금산,2021-08-17 11:00,27.1,,2.3,90,62,.5,,8,,45.6
238,금산,2021-08-17 12:00,27.2,,2.9,70,61,.7,,7,,45.6
238,금산,2021-08-17 13:00,28.6,,3.1,110,56,.8,,7,,52.8
238,금산,2021-08-17 14:00,27.7,,1.5,50,59,.2,,9,,40.6
238,금산,2021-08-17 15:00,28.8,,1.2,20,57,.5,,7,,51.8
238,금산,2021-08-17 16:00,27.9,,1.9,50,59,.2,,7,,36.6
238,금산,2021-08-17 17:00,26.3,,2.5,20,66,.1,,7,,32.9
238,금산,2021-08-17 18:00,26.7,,1.9,70,64,.2,,7,,32.1
238,금산,2021-08-17 19:00,26.2,,1.6,110,66,.5,,8,,29.1
238,금산,2021-08-17 20:00,24.5,,1.2,140,71,0,,8,,26.1
238,금산,2021-08-17 21:00,23,,.3,0,79,,,4,,24
238,금산,2021-08-17 22:00,22.1,,.6,340,84,,,7,,23.3
238,금산,2021-08-17 23:00,21.7,,.3,0,87,,,6,,23.6
238,금산,2021-08-18 00:00,21.2,,1,270,90,,,6,,22.6
238,금산,2021-08-18 01:00,20.6,,.2,0,93,,,7,,21.5
238,금산,2021-08-18 02:00,20.2,,.2,0,93,,,7,,20.8
238,금산,2021-08-18 03:00,19.8,,.1,0,96,,,7,,20.9
238,금산,2021-08-18 04:00,19.4,,.3,0,95,,,7,,20.1
238,금산,2021-08-18 05:00,18.8,,.2,0,95,,,7,,19.7
238,금산,2021-08-18 06:00,18.4,,.1,0,98,0,,3,,19.2
238,금산,2021-08-18 07:00,18.7,,.3,0,97,0,,6,,20.3
238,금산,2021-08-18 08:00,20.1,,.7,290,91,.2,,5,,23.1
238,금산,2021-08-18 09:00,23.8,,.6,250,74,.8,,6,,29.1
238,금산,2021-08-18 10:00,25.8,,1.5,160,65,.5,,7,,39
238,금산,2021-08-18 11:00,25.6,,2,140,66,.2,,8,,38.7
238,금산,2021-08-18 12:00,27,0,2.7,110,61,.1,,8,,38.7
238,금산,2021-08-18 13:00,26,,2.8,110,64,0,,8,,33.3
238,금산,2021-08-18 14:00,26.9,0,2.4,110,63,0,,9,,38.1
238,금산,2021-08-18 15:00,26.6,,2.9,110,62,.2,,9,,36.6
238,금산,2021-08-18 16:00,25.7,0,2,140,67,0,,10,,31.2
238,금산,2021-08-18 17:00,25.7,,1.1,160,67,0,,8,,31.2
238,금산,2021-08-18 18:00,26.6,,2.6,110,62,.5,,8,,31.4
238,금산,2021-08-18 19:00,25.2,,2.3,110,66,0,,7,,27.5
238,금산,2021-08-18 20:00,24.1,,.9,140,75,0,,8,,25.6
238,금산,2021-08-18 21:00,23.6,,.5,160,77,,,8,,24.5
238,금산,2021-08-18 22:00,23.1,,1.5,90,80,,,7,,24.5
238,금산,2021-08-18 23:00,21.9,.3,1.4,110,87,,,9,,22.7
238,금산,2021-08-19 00:00,21.6,.2,.9,110,89,,,9,,22.1
238,금산,2021-08-19 01:00,20.9,0,0,0,93,,,9,,21.7
238,금산,2021-08-19 02:00,20.5,,.3,0,97,,,8,,21.3
238,금산,2021-08-19 03:00,20.2,,.2,0,98,,,8,,21.1
238,금산,2021-08-19 04:00,19.8,,.7,290,98,,,9,,20.7
238,금산,2021-08-19 05:00,19.8,0,.1,0,97,,,9,,20.9
238,금산,2021-08-19 06:00,19.7,.2,0,0,98,0,,6,,20.9
238,금산,2021-08-19 07:00,19.9,0,.1,0,98,0,,8,,21.8
238,금산,2021-08-19 08:00,21,0,.3,0,93,0,,8,,23.4
238,금산,2021-08-19 09:00,22.3,,.2,0,80,0,,8,,25.1
238,금산,2021-08-19 10:00,23.9,,1.7,90,74,0,,9,,29.4
238,금산,2021-08-19 11:00,23,0,2.1,160,82,0,,9,,30.3
238,금산,2021-08-19 12:00,22.6,.3,1.2,70,83,0,,9,,28.2
238,금산,2021-08-19 13:00,24.1,,.7,340,74,0,,8,,31.9
238,금산,2021-08-19 14:00,24.9,,2,20,68,0,,8,,34.8
238,금산,2021-08-19 15:00,26.9,,1.6,90,66,.7,,7,,45.9
238,금산,2021-08-19 16:00,26.3,,1.4,110,67,.5,,7,,33.1
238,금산,2021-08-19 17:00,26,,1.3,110,69,0,,8,,30
238,금산,2021-08-19 18:00,26.4,,.6,90,70,.4,,7,,27.5
238,금산,2021-08-19 19:00,25.7,,.8,50,70,.7,,8,,26.3
238,금산,2021-08-19 20:00,24,,.3,0,81,0,,9,,24.3
238,금산,2021-08-19 21:00,22,.5,2.1,140,83,,,9,,22.9
238,금산,2021-08-19 22:00,20.8,.2,.9,110,90,,,9,,22
238,금산,2021-08-19 23:00,20.7,,.9,140,93,,,9,,21.7
238,금산,2021-08-20 00:00,20.6,,.3,0,95,,,9,,21.2
238,금산,2021-08-20 01:00,20.3,,.1,0,97,,,6,,21.1
238,금산,2021-08-20 02:00,19.7,,0,0,99,,,4,,20
238,금산,2021-08-20 03:00,19.5,,.4,0,98,,,1,,19.7
238,금산,2021-08-20 04:00,19.4,,.2,0,99,,,2,,20.5
238,금산,2021-08-20 05:00,19.4,,.8,140,99,,,2,,20.5
238,금산,2021-08-20 06:00,19.1,,.8,140,99,0,,1,,20.7
238,금산,2021-08-20 07:00,19.4,,.4,0,99,0,,2,,21.8
238,금산,2021-08-20 08:00,20.5,,1.1,140,93,.2,,2,,23.7
238,금산,2021-08-20 09:00,23.2,,1.2,110,80,.9,,1,,26.9
238,금산,2021-08-20 10:00,25,,1.7,90,72,1,,0,,36.5
238,금산,2021-08-20 11:00,27.1,,2,110,64,1,,6,,44.9
238,금산,2021-08-20 12:00,28.4,,2.2,110,58,1,,,,51.5
238,금산,2021-08-20 13:00,29.1,,2.8,90,54,.8,,7,,47.4
238,금산,2021-08-20 14:00,30.4,,2.6,160,48,1,,8,,57
238,금산,2021-08-20 15:00,29,0,1.9,180,53,.2,,9,,39.4
238,금산,2021-08-20 16:00,30,,.4,0,53,.3,,7,,41.8
238,금산,2021-08-20 17:00,29.5,,2,160,54,.3,,8,,37.6
238,금산,2021-08-20 18:00,28.2,,2.3,180,59,.5,,3,,31.2
238,금산,2021-08-20 19:00,27.3,,1.3,160,64,0,,5,,28.3
238,금산,2021-08-20 20:00,25.9,,1,160,71,0,,8,,26.4
238,금산,2021-08-20 21:00,24.7,,.6,180,78,,,8,,25.1
238,금산,2021-08-20 22:00,23.9,,1.1,110,81,,,9,,24.3
238,금산,2021-08-20 23:00,23.4,,.8,90,82,,,7,,23.3
238,금산,2021-08-21 00:00,22.7,,1,20,85,,,8,,23
238,금산,2021-08-21 01:00,22.1,,.1,0,87,,,10,,22.7
238,금산,2021-08-21 02:00,21.6,,.4,0,89,,,9,,22.7
238,금산,2021-08-21 03:00,21.3,,.5,290,89,,,9,,22.4
238,금산,2021-08-21 04:00,21.7,,0,0,87,,,10,,22.5
238,금산,2021-08-21 05:00,21.3,,.2,0,90,,,10,,22.4
238,금산,2021-08-21 06:00,22.1,,.5,20,86,0,,10,,22.6
238,금산,2021-08-21 07:00,21.4,.5,.1,0,96,0,,10,,22.5
238,금산,2021-08-21 08:00,21.8,4.2,1.5,140,98,0,,10,,22.9
238,금산,2021-08-21 09:00,22,2.4,1.3,110,98,0,,10,,23.3
238,금산,2021-08-21 10:00,22.1,1.6,1.3,140,97,0,,10,,23.4
238,금산,2021-08-21 11:00,22,7.8,1.2,140,99,0,,10,,23.2
238,금산,2021-08-21 12:00,22.6,3.2,2,140,98,0,,10,,24.8
238,금산,2021-08-21 13:00,24.4,.6,2.9,160,91,0,,10,,25.4
238,금산,2021-08-21 14:00,24.9,.1,3,180,88,0,,10,,26
238,금산,2021-08-21 15:00,26.4,0,1.8,180,80,.1,,9,,28.4
238,금산,2021-08-21 16:00,26.7,0,2.2,200,79,0,,9,,29.3
238,금산,2021-08-21 17:00,26.3,0,2.3,250,80,.2,,10,,29.3
238,금산,2021-08-21 18:00,25.7,0,1.9,250,81,0,,6,,27.1
238,금산,2021-08-21 19:00,25.1,,2.6,250,78,.1,,3,,24.3
238,금산,2021-08-21 20:00,24.7,,1.4,270,81,0,,8,,23.8
238,금산,2021-08-21 21:00,24.3,,1,270,84,,,6,,23.9
238,금산,2021-08-21 22:00,23.8,,.3,0,82,,,6,,22.7
238,금산,2021-08-21 23:00,22.7,,.1,0,89,,,5,,22.3
238,금산,2021-08-22 00:00,22.8,,.3,0,89,,,1,,22
238,금산,2021-08-22 01:00,22.9,,.9,110,89,,,3,,21.9
238,금산,2021-08-22 02:00,22.5,,.4,0,91,,,6,,22.2
238,금산,2021-08-22 03:00,21.8,0,.6,290,95,,,6,,22.1
238,금산,2021-08-22 04:00,21.2,0,.1,0,98,,,6,,21.5
238,금산,2021-08-22 05:00,21.3,,.6,180,97,,,6,,21.2
238,금산,2021-08-22 06:00,21.1,,.2,0,98,0,,7,,20.9
238,금산,2021-08-22 07:00,21.5,,.2,0,97,.1,,7,,21.6
238,금산,2021-08-22 08:00,24.1,,.5,70,85,.7,,7,,24.6
238,금산,2021-08-22 09:00,25.4,,1.6,270,73,.4,,9,,26.6
238,금산,2021-08-22 10:00,26.4,,2.2,250,70,.9,,9,,31.5
238,금산,2021-08-22 11:00,26.7,,2.1,270,69,.1,,10,,31.2
238,금산,2021-08-22 12:00,27.9,,1.6,270,65,.6,,9,,35.6
238,금산,2021-08-22 13:00,27.9,,2.2,230,65,.3,,9,,36.4
238,금산,2021-08-22 14:00,27.2,,1.9,230,68,.1,,8,,30.9
238,금산,2021-08-22 15:00,27.1,,1.8,270,67,.2,,8,,30.8
238,금산,2021-08-22 16:00,26.9,,2.1,250,69,0,,9,,29.6
238,금산,2021-08-22 17:00,26.5,,1.5,270,70,0,,10,,27.8
238,금산,2021-08-22 18:00,26.2,,1.1,270,73,0,,10,,26.9
238,금산,2021-08-22 19:00,25.2,,1,290,78,.1,,9,,25
238,금산,2021-08-22 20:00,23.6,,.4,0,87,0,,8,,23.9
238,금산,2021-08-22 21:00,23.6,,.6,180,88,,,9,,23.5
238,금산,2021-08-22 22:00,22.5,,.1,0,94,,,9,,22.9
238,금산,2021-08-22 23:00,22.4,,.1,0,95,,,10,,23
238,금산,2021-08-23 00:00,22.1,,.4,0,96,,,10,,22.8
238,금산,2021-08-23 01:00,22,,.1,0,97,,,10,,22.7
238,금산,2021-08-23 02:00,21.6,0,.5,270,98,,,10,,22.6
238,금산,2021-08-23 03:00,22,,.1,0,97,,,10,,22.6
238,금산,2021-08-23 04:00,21.6,,.3,0,99,,,10,,22.5
238,금산,2021-08-23 05:00,21.8,,.5,160,97,,,10,,22.5
238,금산,2021-08-23 06:00,21.6,,.2,0,98,0,,10,,22.4
238,금산,2021-08-23 07:00,21.8,.5,.9,110,99,0,,10,,22.6
238,금산,2021-08-23 08:00,22.1,2.8,.3,0,99,0,,10,,22.9
238,금산,2021-08-23 09:00,22.1,4.6,.7,140,99,0,,10,,23.2
238,금산,2021-08-23 10:00,21.8,13.6,.8,90,98,0,,10,,22.9
238,금산,2021-08-23 11:00,22.4,1.6,0,0,98,0,,10,,25.1
238,금산,2021-08-23 12:00,23,0,.5,140,94,0,,10,,26
238,금산,2021-08-23 13:00,23,1,.8,140,95,0,,10,,26.1
238,금산,2021-08-23 14:00,23,2.8,.3,0,96,0,,10,,25.4
238,금산,2021-08-23 15:00,22.8,3.9,1.4,90,96,0,,10,,24.6
238,금산,2021-08-23 16:00,22.8,2.6,.9,110,97,0,,10,,24.8
238,금산,2021-08-23 17:00,22.7,2.2,1.2,110,95,0,,10,,25.3
238,금산,2021-08-23 18:00,22.6,.1,.3,0,95,0,,10,,24.2
238,금산,2021-08-23 19:00,22.2,.7,.1,0,98,0,,10,,23.5
238,금산,2021-08-23 20:00,21.8,1.6,0,0,99,0,,10,,23.1
238,금산,2021-08-23 21:00,21.5,3.2,1.5,140,99,,,10,,22.6
238,금산,2021-08-23 22:00,21.3,4,.5,230,98,,,10,,22.6
238,금산,2021-08-23 23:00,21,12.2,.2,0,99,,,10,,21.7
238,금산,2021-08-24 00:00,20.9,10.6,.3,0,99,,,10,,21.9
238,금산,2021-08-24 01:00,20.8,.8,.4,0,100,,,10,,22
238,금산,2021-08-24 02:00,20.9,.1,.3,0,100,,,10,,22.1
238,금산,2021-08-24 03:00,21.1,,.2,0,99,,,10,,22.2
238,금산,2021-08-24 04:00,21.1,.1,.5,140,99,,,10,,22.2
238,금산,2021-08-24 05:00,21,,1,160,99,,,10,,22.1
238,금산,2021-08-24 06:00,21,1.3,1,90,99,0,,10,,21.9
238,금산,2021-08-24 07:00,21,3,.7,160,100,0,,10,,21.9
238,금산,2021-08-24 08:00,21.3,5.4,1,140,100,0,,10,,22
238,금산,2021-08-24 09:00,21.7,10.8,.2,0,100,0,,10,,22.3
238,금산,2021-08-24 10:00,21.9,18.6,1.4,90,100,0,,10,,22.4
238,금산,2021-08-24 11:00,22.5,28.7,2.1,160,100,0,,10,,22.5
238,금산,2021-08-24 12:00,23,24.8,.8,360,100,0,,,,23.3
238,금산,2021-08-24 13:00,27.9,.1,3.9,230,76,.1,,9,,26.2
238,금산,2021-08-24 14:00,27.4,0,3,250,78,0,,9,,26.2
238,금산,2021-08-24 15:00,27.5,0,2.1,230,74,0,,9,,25.7
238,금산,2021-08-24 16:00,26.8,0,2.8,230,81,0,,9,,26.1
238,금산,2021-08-24 17:00,26.1,.3,2.3,270,85,0,,8,,25.7
238,금산,2021-08-24 18:00,26.1,.1,2.2,250,82,0,,8,,25.4
238,금산,2021-08-24 19:00,25.7,,1.5,230,83,0,,9,,24.6
238,금산,2021-08-24 20:00,25.5,,1.1,230,81,0,,10,,23.7
238,금산,2021-08-24 21:00,24.4,.1,1.1,320,88,,,10,,23.7
238,금산,2021-08-24 22:00,24.2,.1,1.4,290,89,,,10,,23.3
238,금산,2021-08-24 23:00,23.5,,0,0,95,,,9,,23.2
238,금산,2021-08-25 00:00,23.4,,.5,340,95,,,9,,23.2
238,금산,2021-08-25 01:00,23.1,,.2,0,96,,,9,,22.9
238,금산,2021-08-25 02:00,22.8,,.3,0,98,,,10,,22.9
238,금산,2021-08-25 03:00,22.7,,.4,0,98,,,10,,22.8
238,금산,2021-08-25 04:00,22.4,,0,0,99,,,10,,22.8
238,금산,2021-08-25 05:00,22.4,,.4,0,99,,,9,,22.8
238,금산,2021-08-25 06:00,22.4,,.2,0,99,0,,10,,22.8
238,금산,2021-08-25 07:00,22.8,,.1,0,98,0,,9,,23.3
238,금산,2021-08-25 08:00,22.8,0,.2,0,98,0,,10,,23.6
238,금산,2021-08-25 09:00,23.6,.2,.2,0,96,0,,9,,25.1
238,금산,2021-08-25 10:00,24,.3,.7,140,95,0,,10,,25.3
238,금산,2021-08-25 11:00,24.4,.5,1.3,90,96,0,,10,,27
238,금산,2021-08-25 12:00,25.8,.1,1.3,110,89,0,,,,29.4
238,금산,2021-08-25 13:00,26.8,,1.9,110,81,0,,10,,32.9
238,금산,2021-08-25 14:00,26.7,,1.9,140,83,0,,10,,30.9
238,금산,2021-08-25 15:00,26.1,,1.2,140,85,0,,10,,27.4
238,금산,2021-08-25 16:00,24.8,1,1.7,290,97,0,,10,,25.8
238,금산,2021-08-25 17:00,22.5,1.3,1.1,270,98,0,,9,,24.8
238,금산,2021-08-25 18:00,22.8,,.6,270,96,0,,7,,24.8
238,금산,2021-08-25 19:00,22.8,,0,0,96,0,,8,,24.3
238,금산,2021-08-25 20:00,22.6,,.1,0,98,0,,8,,23.9
238,금산,2021-08-25 21:00,22.5,1.3,.1,0,99,,,10,,23.6
238,금산,2021-08-25 22:00,22.6,.2,0,0,99,,,8,,23.6
238,금산,2021-08-25 23:00,22.6,.7,0,0,100,,,10,,23.6
238,금산,2021-08-26 00:00,22.7,0,0,0,99,,,4,,23.5
238,금산,2021-08-26 01:00,22.6,,0,0,99,,,9,,23.5
238,금산,2021-08-26 02:00,22.4,,0,0,100,,,10,,22.8
238,금산,2021-08-26 03:00,22.1,,.2,0,100,,,5,,22.3
238,금산,2021-08-26 04:00,21.7,,.1,0,100,,,3,,22.2
238,금산,2021-08-26 05:00,21.7,,.1,0,100,,,1,,22.7
238,금산,2021-08-26 06:00,21.7,,.4,0,100,0,,7,,22.9
238,금산,2021-08-26 07:00,21.5,,.6,160,100,0,,9,,23.2
238,금산,2021-08-26 08:00,23.4,,1.1,140,93,.7,,5,,25.1
238,금산,2021-08-26 09:00,23.8,,.4,0,89,.2,,8,,25.6
238,금산,2021-08-26 10:00,25.6,,1.5,160,79,.3,,9,,29.3
238,금산,2021-08-26 11:00,27.5,,1.2,50,70,.8,,8,,35.6
238,금산,2021-08-26 12:00,28.3,,.9,250,64,.8,,8,,37.2
238,금산,2021-08-26 13:00,30.1,,1,340,50,.4,,9,,35.1
238,금산,2021-08-26 14:00,30.4,,1.6,320,54,.3,,9,,36.4
238,금산,2021-08-26 15:00,29.1,,2.2,290,62,0,,10,,32.5
238,금산,2021-08-26 16:00,28.5,,1,290,64,0,,9,,30.5
238,금산,2021-08-26 17:00,27.9,,1.5,290,69,0,,,,28.9
238,금산,2021-08-26 18:00,26.4,,1,290,78,0,,9,,26.8
238,금산,2021-08-26 19:00,25.5,,.4,0,83,0,,10,,25.8
238,금산,2021-08-26 20:00,24.8,,.4,0,88,0,,9,,25
238,금산,2021-08-26 21:00,24.1,,.3,0,92,,,10,,24.4
238,금산,2021-08-26 22:00,23.8,,.4,0,93,,,9,,24.1
238,금산,2021-08-26 23:00,23.2,,.7,340,95,,,9,,23.3
238,금산,2021-08-27 00:00,21.9,,.8,290,98,,,3,,22.4
238,금산,2021-08-27 01:00,21.1,,.6,270,98,,,3,,21.7
238,금산,2021-08-27 02:00,20.7,,.5,290,98,,,7,,21.5
238,금산,2021-08-27 03:00,20.4,,.1,0,99,,,7,,21.6
238,금산,2021-08-27 04:00,20.5,,.7,290,99,,,7,,21.8
238,금산,2021-08-27 05:00,20.8,,.5,270,99,,,9,,22.2
238,금산,2021-08-27 06:00,20.8,,.5,250,99,0,,9,,22.2
238,금산,2021-08-27 07:00,21.2,,.7,160,99,0,,8,,22.7
238,금산,2021-08-27 08:00,21.5,,.8,180,97,0,,10,,23.3
238,금산,2021-08-27 09:00,21.5,5.6,.6,90,99,0,,10,,22.5
238,금산,2021-08-27 10:00,20.3,9.2,1.3,110,96,0,,10,,23.1
238,금산,2021-08-27 11:00,20,2,.6,250,97,0,,10,,23.2
238,금산,2021-08-27 12:00,20.8,1.4,.2,0,97,0,,10,,25.4
238,금산,2021-08-27 13:00,21.9,,.4,0,88,0,,9,,26.5
238,금산,2021-08-27 14:00,21.8,0,.2,0,91,0,,10,,24.7
238,금산,2021-08-27 15:00,21,1.2,1.9,320,97,0,,10,,23
238,금산,2021-08-27 16:00,20,12.5,.9,290,99,0,,10,,22.5
238,금산,2021-08-27 17:00,20.5,2.7,.9,290,97,0,,10,,22.9
238,금산,2021-08-27 18:00,20.6,.1,.6,320,97,0,,9,,22.5
238,금산,2021-08-27 19:00,20.5,,1.7,160,97,0,,10,,22.3
238,금산,2021-08-27 20:00,20.7,,.9,110,94,0,,8,,21.9
238,금산,2021-08-27 21:00,20.1,,.6,320,99,,,7,,21.1
238,금산,2021-08-27 22:00,20.1,,.6,290,98,,,9,,21.3
238,금산,2021-08-27 23:00,20.2,,.6,230,98,,,7,,21.5
238,금산,2021-08-28 00:00,20.1,,.3,0,98,,,5,,21.5
238,금산,2021-08-28 01:00,20.4,,.4,0,97,,,7,,21.4
238,금산,2021-08-28 02:00,20.1,,.2,0,99,,,3,,21.4
238,금산,2021-08-28 03:00,20.1,,.2,0,99,,,2,,21.5
238,금산,2021-08-28 04:00,20.1,,.4,0,100,,,7,,21.4
238,금산,2021-08-28 05:00,19.9,,.6,290,99,,,6,,21.1
238,금산,2021-08-28 06:00,19.7,,0,0,100,0,,8,,20.9
238,금산,2021-08-28 07:00,19.8,,.4,0,99,0,,8,,21.6
238,금산,2021-08-28 08:00,20.5,,.2,0,97,0,,10,,22.7
238,금산,2021-08-28 09:00,22.4,,1.3,140,85,.3,,9,,25.1
238,금산,2021-08-28 10:00,24.1,,1.1,70,72,.8,,9,,30.2
238,금산,2021-08-28 11:00,25.1,,.8,320,70,.8,,8,,34.3
238,금산,2021-08-28 12:00,26.6,,1,110,66,.8,,7,,35.4
238,금산,2021-08-28 13:00,27.6,,1.2,20,52,.6,,8,,33.5
238,금산,2021-08-28 14:00,27,,1.4,320,58,.3,,10,,31
238,금산,2021-08-28 15:00,26.1,,.8,320,63,0,,10,,28.1
238,금산,2021-08-28 16:00,25.3,,1.5,290,71,0,,10,,27.4
238,금산,2021-08-28 17:00,24.9,,1.7,290,74,0,,10,,26.5
238,금산,2021-08-28 18:00,24,,.8,270,75,0,,9,,25.1
238,금산,2021-08-28 19:00,22.5,,.6,270,86,0,,8,,23.6
238,금산,2021-08-28 20:00,21.7,,.7,250,90,0,,9,,22.9
238,금산,2021-08-28 21:00,21.6,,0,0,90,,,10,,22.7
238,금산,2021-08-28 22:00,20.8,.1,.2,0,94,,,10,,22.4
238,금산,2021-08-28 23:00,20.7,0,.5,160,95,,,10,,22.4
238,금산,2021-08-29 00:00,20.4,.2,.6,290,97,,,,,22.1
238,금산,2021-08-29 01:00,20.1,1.2,.9,250,99,,,8,,22
238,금산,2021-08-29 02:00,19.8,.5,.4,0,97,,,9,,21.8
238,금산,2021-08-29 03:00,19.8,0,.6,270,96,,,10,,21.6
238,금산,2021-08-29 04:00,19.1,.9,.8,230,99,,,10,,21.2
238,금산,2021-08-29 05:00,19.4,.2,.7,140,97,,,9,,21.4
238,금산,2021-08-29 06:00,19.1,3.1,.3,0,99,0,,9,,21
238,금산,2021-08-29 07:00,19.2,2.7,.5,290,99,0,,9,,20.9
238,금산,2021-08-29 08:00,18.9,7.9,1,270,99,0,,10,,20.7
238,금산,2021-08-29 09:00,18.9,8.3,.6,270,100,0,,10,,20.7
238,금산,2021-08-29 10:00,19.3,.8,.7,180,99,0,,10,,21.4
238,금산,2021-08-29 11:00,20,0,.8,160,95,0,,10,,22.9
238,금산,2021-08-29 12:00,20.5,,1.4,110,90,0,,10,,24.5
238,금산,2021-08-29 13:00,21.6,,1.2,90,85,0,,8,,27.4
238,금산,2021-08-29 14:00,23,,1,320,83,.1,,7,,30.4
238,금산,2021-08-29 15:00,24.3,,1.8,360,80,.8,,8,,30.6
238,금산,2021-08-29 16:00,24,,1.8,290,84,0,,9,,27.1
238,금산,2021-08-29 17:00,23.9,,.9,290,84,0,,7,,25.7
238,금산,2021-08-29 18:00,23.6,,.6,320,85,0,,7,,24.7
238,금산,2021-08-29 19:00,23.1,,.4,0,88,0,,6,,24.1
238,금산,2021-08-29 20:00,22.7,,.7,160,93,0,,8,,23.7
238,금산,2021-08-29 21:00,22.3,,.3,0,96,,,7,,23.3
238,금산,2021-08-29 22:00,22.1,,.6,200,96,,,8,,23.1
238,금산,2021-08-29 23:00,22,,.6,290,97,,,9,,22.9
238,금산,2021-08-30 00:00,21.7,,.3,0,97,,,,,22.7
238,금산,2021-08-30 01:00,21.1,,.5,290,99,,,7,,21.8
238,금산,2021-08-30 02:00,20.5,,.4,0,99,,,6,,21.5
238,금산,2021-08-30 03:00,20.7,,.4,0,98,,,7,,21.9
238,금산,2021-08-30 04:00,20.7,,.3,0,100,,,10,,21.9
238,금산,2021-08-30 05:00,20.4,,.1,0,100,,,10,,21.9
238,금산,2021-08-30 06:00,20.6,,0,0,100,,,10,,22
238,금산,2021-08-30 07:00,20.5,,.5,290,100,0,,10,,22.1
238,금산,2021-08-30 08:00,21.6,,.5,110,96,0,,10,,23.8
238,금산,2021-08-30 09:00,22.2,,.6,180,91,0,,10,,25.9
238,금산,2021-08-30 10:00,24.3,,.6,200,78,.1,,10,,28.3
238,금산,2021-08-30 11:00,24.7,,1.1,290,76,0,,10,,27.7
238,금산,2021-08-30 12:00,25.3,,.9,290,73,0,,10,,31.1
238,금산,2021-08-30 13:00,26.1,,1.1,360,66,.1,,10,,30
238,금산,2021-08-30 14:00,27,,1.2,20,59,.4,,9,,31.8
238,금산,2021-08-30 15:00,26.3,,1.4,90,57,0,,10,,28.3
238,금산,2021-08-30 16:00,26.1,,1,340,63,0,,10,,28.4
238,금산,2021-08-30 17:00,24.9,,1.1,290,71,0,,10,,26
238,금산,2021-08-30 18:00,23.6,,.6,270,81,0,,10,,25
238,금산,2021-08-30 19:00,22.8,0,.5,270,83,0,,10,,23.8
238,금산,2021-08-30 20:00,21.9,,.1,0,87,0,,10,,23.1
238,금산,2021-08-30 21:00,21,,.9,250,91,,,10,,22.5
238,금산,2021-08-30 22:00,21.2,,.7,290,90,,,10,,22.2
238,금산,2021-08-30 23:00,20.6,,.4,0,95,,,10,,21.9
238,금산,2021-08-31 00:00,20.2,,.4,0,96,,,,,21.5
238,금산,2021-08-31 01:00,19.9,,.5,290,95,,,6,,21.2
238,금산,2021-08-31 02:00,19.9,,.4,0,96,,,8,,21.4
238,금산,2021-08-31 03:00,19.9,,.4,0,97,,,8,,20.9
238,금산,2021-08-31 04:00,19.7,,.3,0,98,,,10,,21.1
238,금산,2021-08-31 05:00,19.7,,.4,0,98,,,5,,21.2
238,금산,2021-08-31 06:00,19.9,0,.1,0,98,,,6,,21.3
238,금산,2021-08-31 07:00,20.1,.3,.2,0,98,0,,10,,21.5
238,금산,2021-08-31 08:00,20.4,.2,.5,140,98,0,,10,,22.5
238,금산,2021-08-31 09:00,20.9,.1,0,0,95,0,,10,,23.2
238,금산,2021-08-31 10:00,22.5,.1,.7,140,87,0,,9,,26
238,금산,2021-08-31 11:00,24.7,,1.3,70,74,.3,,10,,30.9
238,금산,2021-08-31 12:00,26.1,,.8,160,72,.3,,8,,33
238,금산,2021-08-31 13:00,27.1,,1.1,160,70,.4,,10,,34.5
238,금산,2021-08-31 14:00,28.5,,.6,250,68,.2,,10,,34.8
238,금산,2021-08-31 15:00,28.1,,1.6,110,69,.2,,9,,32
238,금산,2021-08-31 16:00,26.1,,2.4,360,77,0,,10,,29.1
238,금산,2021-08-31 17:00,24.8,,.9,340,82,0,,10,,26.3
238,금산,2021-08-31 18:00,24.4,,1.4,290,87,0,,10,,25.5
238,금산,2021-08-31 19:00,23.8,,.3,0,87,0,,10,,24.6
238,금산,2021-08-31 20:00,23.6,,.7,110,85,0,,10,,23.9
238,금산,2021-08-31 21:00,22.8,0,1.3,110,90,,,10,,23.4
238,금산,2021-08-31 22:00,22.4,.1,.9,160,93,,,10,,23.3
238,금산,2021-08-31 23:00,22.2,,1,110,93,,,10,,23
238,금산,2021-09-01 00:00,22.2,,.6,110,94,,,,,22.9
238,금산,2021-09-01 01:00,22.1,,.6,140,94,,,10,,22.7
238,금산,2021-09-01 02:00,21.6,,1.2,320,98,,,9,,22.3
238,금산,2021-09-01 03:00,22,.5,.7,340,98,,,10,,22.6
238,금산,2021-09-01 04:00,22.6,1.7,.6,320,99,,,10,,22.7
238,금산,2021-09-01 05:00,23.1,2.8,1.4,160,98,,,10,,22.9
238,금산,2021-09-01 06:00,23.2,1.7,1.5,140,95,,,10,,22.9
238,금산,2021-09-01 07:00,22.9,5.4,3.1,160,98,0,,10,,22.8
238,금산,2021-09-01 08:00,22.7,9.2,.1,0,99,0,,10,,23
238,금산,2021-09-01 09:00,24.6,.1,1.9,250,92,0,,10,,24.5
238,금산,2021-09-01 10:00,24.9,,1.5,270,88,0,,10,,25.4
238,금산,2021-09-01 11:00,26.1,,1.1,250,82,0,,10,,27.6
238,금산,2021-09-01 12:00,26.4,,1.6,270,79,0,,10,,29
238,금산,2021-09-01 13:00,26.7,,2.1,270,77,0,,9,,29.1
238,금산,2021-09-01 14:00,26,,2,290,78,0,,9,,27.4
238,금산,2021-09-01 15:00,24.5,.4,.9,290,91,0,,10,,26.3
238,금산,2021-09-01 16:00,23.3,0,1,340,92,0,,9,,25.6
238,금산,2021-09-01 17:00,23.1,,1,290,92,0,,10,,24.9
238,금산,2021-09-01 18:00,23.2,,.9,270,90,0,,8,,24.7
238,금산,2021-09-01 19:00,22.6,,.3,0,92,0,,7,,23.5
238,금산,2021-09-01 20:00,22.1,,.3,0,96,,,9,,23
238,금산,2021-09-01 21:00,22,,1,110,90,,,10,,22.9
238,금산,2021-09-01 22:00,21.6,,1,160,88,,,10,,22.7
238,금산,2021-09-01 23:00,21.4,,.6,160,89,,,9,,22.5
238,금산,2021-09-02 00:00,21.1,,.5,250,90,,,,,22.1
238,금산,2021-09-02 01:00,20.9,,0,0,93,,,8,,22.1
238,금산,2021-09-02 02:00,20.3,,.6,230,96,,,8,,21.3
238,금산,2021-09-02 03:00,20.6,,.5,140,92,,,7,,21.5
238,금산,2021-09-02 04:00,20.9,,.6,140,89,,,8,,21.5
238,금산,2021-09-02 05:00,19.9,,.6,270,95,,,8,,20.8
238,금산,2021-09-02 06:00,19.6,,0,0,98,,,9,,20.9
238,금산,2021-09-02 07:00,20.8,,.5,180,92,.1,,7,,21.8
238,금산,2021-09-02 08:00,21.9,,1.3,110,82,.5,,8,,22.5
238,금산,2021-09-02 09:00,23.2,,1.8,90,73,.7,,8,,24.6
238,금산,2021-09-02 10:00,23.8,,1.9,90,69,.7,,9,,28
238,금산,2021-09-02 11:00,23.4,,1.9,90,74,0,,10,,26.6
238,금산,2021-09-02 12:00,24.3,,1.6,90,72,0,,10,,27.8
238,금산,2021-09-02 13:00,23.6,,2,90,75,0,,10,,25.8
238,금산,2021-09-02 14:00,23.7,,1.5,110,75,0,,10,,26.3
238,금산,2021-09-02 15:00,23.9,,1.7,110,75,0,,10,,27
238,금산,2021-09-02 16:00,23.4,,1.4,90,76,0,,10,,25.1
238,금산,2021-09-02 17:00,23.2,,1.2,140,77,0,,10,,24.3
238,금산,2021-09-02 18:00,22.9,,1.2,140,78,0,,8,,23.9
238,금산,2021-09-02 19:00,22.4,,.8,110,82,0,,10,,23
238,금산,2021-09-02 20:00,22.1,0,.8,110,83,,,5,,22.5
238,금산,2021-09-02 21:00,20.8,0,1.3,180,93,,,9,,22.2
238,금산,2021-09-02 22:00,20.3,,.8,180,93,,,8,,21.9
238,금산,2021-09-02 23:00,20,0,.4,0,97,,,7,,21.7
238,금산,2021-09-03 00:00,20.2,,.9,160,94,,,,,21.6
238,금산,2021-09-03 01:00,20,,.9,180,95,,,4,,21.4
238,금산,2021-09-03 02:00,19.9,,.7,160,94,,,2,,21.3
238,금산,2021-09-03 03:00,19.8,,.2,0,94,,,8,,21.2
238,금산,2021-09-03 04:00,19.5,,.4,0,94,,,5,,21
238,금산,2021-09-03 05:00,19.3,,.7,290,95,,,0,,20.8
238,금산,2021-09-03 06:00,19.2,,.2,0,94,,,6,,20.7
238,금산,2021-09-03 07:00,19.9,,0,0,90,0,,10,,21.2
238,금산,2021-09-03 08:00,20.7,,1.2,110,80,0,,4,,22.2
238,금산,2021-09-03 09:00,21.5,,1.8,160,77,.6,,5,,24.1
238,금산,2021-09-03 10:00,22.3,,1.8,110,73,0,,10,,26.8
238,금산,2021-09-03 11:00,24.2,,2.4,90,65,.5,,8,,30.7
238,금산,2021-09-03 12:00,25.1,,2.6,110,65,.6,,8,,34.7
238,금산,2021-09-03 13:00,25.3,,1.9,90,65,.7,,7,,33.6
238,금산,2021-09-03 14:00,25.3,,1.7,90,65,.2,,7,,30.8
238,금산,2021-09-03 15:00,25.2,,2.4,70,65,.1,,9,,29.4
238,금산,2021-09-03 16:00,25.4,,2.3,90,66,.3,,9,,31.1
238,금산,2021-09-03 17:00,24.9,,2,110,67,.1,,7,,27.6
238,금산,2021-09-03 18:00,23.9,,2.4,90,70,.9,,4,,24.5
238,금산,2021-09-03 19:00,22.9,,1.6,110,75,.6,,6,,22.8
238,금산,2021-09-03 20:00,20.8,,.6,270,89,,,4,,21.7
238,금산,2021-09-03 21:00,20.1,,.2,0,93,,,3,,20.9
238,금산,2021-09-03 22:00,19.2,,.6,250,95,,,4,,20.2
238,금산,2021-09-03 23:00,18.7,,.5,230,97,,,5,,19.6
238,금산,2021-09-04 00:00,18.2,,.6,270,95,,,,,19.1
238,금산,2021-09-04 01:00,17.4,,.9,270,95,,,1,,18.7
238,금산,2021-09-04 02:00,16.9,,.8,270,97,,,5,,18.3
238,금산,2021-09-04 03:00,16.5,,.5,250,98,,,7,,18.1
238,금산,2021-09-04 04:00,16.1,,.2,0,99,,,5,,17.7
238,금산,2021-09-04 05:00,15.7,,.2,0,100,,,6,,17.6
238,금산,2021-09-04 06:00,15.3,,.5,270,100,,,7,,17.4
238,금산,2021-09-04 07:00,15.9,,.6,340,100,0,,5,,18.5
238,금산,2021-09-04 08:00,17.1,,.6,270,100,.5,,7,,20.2
238,금산,2021-09-04 09:00,19.8,,.3,0,89,.5,,8,,23.3
238,금산,2021-09-04 10:00,22.3,,1.2,110,73,.9,,9,,27.6
238,금산,2021-09-04 11:00,23.9,,1.8,140,67,.9,,8,,31.2
238,금산,2021-09-04 12:00,25.7,,1.6,160,63,1,,4,,36.8
238,금산,2021-09-04 13:00,26.1,,2.5,20,61,.9,,7,,35.8
238,금산,2021-09-04 14:00,27.1,,2.1,70,55,.7,,6,,36.6
238,금산,2021-09-04 15:00,27,,1.7,50,53,.6,,8,,33.8
238,금산,2021-09-04 16:00,26.6,,1.8,70,55,.6,,8,,30.6
238,금산,2021-09-04 17:00,25.7,,2,70,56,.2,,9,,27.6
238,금산,2021-09-04 18:00,24.9,,1.6,70,60,0,,10,,25.4
238,금산,2021-09-04 19:00,23.1,,.5,270,73,0,,10,,23.4
238,금산,2021-09-04 20:00,21.2,,.7,250,84,,,9,,22.4
238,금산,2021-09-04 21:00,20.3,,0,0,89,,,4,,21.3
238,금산,2021-09-04 22:00,19.5,,.8,270,92,,,4,,20.5
238,금산,2021-09-04 23:00,19.2,,.3,0,93,,,7,,20.2
238,금산,2021-09-05 00:00,19.2,,.7,250,94,,,,,20.4
238,금산,2021-09-05 01:00,18.9,,0,0,94,,,5,,19.4
238,금산,2021-09-05 02:00,17.9,,.5,250,96,,,2,,18.8
238,금산,2021-09-05 03:00,17.4,,.3,0,97,,,3,,18.3
238,금산,2021-09-05 04:00,16.9,,.3,0,97,,,3,,17.9
238,금산,2021-09-05 05:00,16.3,,.3,0,98,,,6,,17.6
238,금산,2021-09-05 06:00,16.4,,.1,0,98,,,8,,17.8
238,금산,2021-09-05 07:00,17,,.1,0,94,.1,,9,,18.5
238,금산,2021-09-05 08:00,19.2,,.1,0,85,.4,,8,,20.8
238,금산,2021-09-05 09:00,20.7,,.8,140,77,.3,,10,,22.7
238,금산,2021-09-05 10:00,21.5,,1.3,140,75,0,,10,,23
238,금산,2021-09-05 11:00,22.6,0,.9,110,71,0,,10,,24.5
238,금산,2021-09-05 12:00,23.1,0,2.4,90,67,0,,10,,25.9
238,금산,2021-09-05 13:00,23.2,0,1.8,90,69,0,,10,,25.6
238,금산,2021-09-05 14:00,22.9,0,2.1,90,71,0,,10,,25.7
238,금산,2021-09-05 15:00,22.2,0,1.9,140,77,0,,10,,24.3
238,금산,2021-09-05 16:00,22.3,0,1.6,140,77,0,,10,,24.5
238,금산,2021-09-05 17:00,22.2,0,1.5,140,78,0,,9,,23.8
238,금산,2021-09-05 18:00,21.3,0,.8,230,88,0,,10,,23.1
238,금산,2021-09-05 19:00,20.4,.1,.1,0,95,0,,10,,21.9
238,금산,2021-09-05 20:00,19.9,.1,.2,0,97,,,10,,21.4
238,금산,2021-09-05 21:00,19.6,.6,.2,0,98,,,9,,21
238,금산,2021-09-05 22:00,19.5,.7,.2,0,99,,,6,,20.9
238,금산,2021-09-05 23:00,19.8,.4,.6,140,98,,,8,,20.8
238,금산,2021-09-06 00:00,19.6,.1,.1,0,98,,,8,,20.7
238,금산,2021-09-06 01:00,19.2,,.4,0,95,,,6,,20.6
238,금산,2021-09-06 02:00,18.7,0,.6,200,97,,,10,,20.4
238,금산,2021-09-06 03:00,18.7,.3,.3,0,98,,,10,,20.3
238,금산,2021-09-06 04:00,18.7,0,0,0,98,,,5,,20.3
238,금산,2021-09-06 05:00,18.8,,.5,110,96,,,10,,19.6
238,금산,2021-09-06 06:00,18.4,,.2,0,99,,,10,,19.8
238,금산,2021-09-06 07:00,19.7,,1,110,89,0,,10,,20.5
238,금산,2021-09-06 08:00,20.8,,1.7,110,83,0,,10,,21.8
238,금산,2021-09-06 09:00,21.8,,2.4,90,78,0,,10,,23.7
238,금산,2021-09-06 10:00,22.6,,2.6,90,75,.1,,10,,25.8
238,금산,2021-09-06 11:00,23.2,,2.8,90,74,0,,10,,26.3
238,금산,2021-09-06 12:00,23,0,2.9,90,75,0,,10,,26.1
238,금산,2021-09-06 13:00,22,0,3.6,90,82,0,,10,,25.4
238,금산,2021-09-06 14:00,21.5,.2,2,90,86,0,,10,,25.6
238,금산,2021-09-06 15:00,21.5,.3,2.3,110,86,0,,10,,24.4
238,금산,2021-09-06 16:00,20.9,1.5,1.6,140,93,0,,10,,23.6
238,금산,2021-09-06 17:00,20,8.8,.7,160,98,0,,10,,21.6
238,금산,2021-09-06 18:00,19.9,3.3,2,110,97,0,,10,,21.6
238,금산,2021-09-06 19:00,19.2,1.3,3.3,110,93,0,,10,,20.4
238,금산,2021-09-06 20:00,19,1.1,3,110,90,,,10,,20.2
238,금산,2021-09-06 21:00,18.8,.1,2.4,110,86,,,10,,19.8
238,금산,2021-09-06 22:00,17.8,3.1,1.5,140,94,,,10,,19.7
238,금산,2021-09-06 23:00,17.9,,1.7,140,91,,,10,,19.6
238,금산,2021-09-07 00:00,18,,.9,200,92,,,10,,19.6
238,금산,2021-09-07 01:00,17.9,0,1,180,94,,,10,,19.7
238,금산,2021-09-07 02:00,18,,.6,180,94,,,10,,19.7
238,금산,2021-09-07 03:00,18,0,.7,160,94,,,10,,19.8
238,금산,2021-09-07 04:00,18,,1,180,95,,,10,,19.8
238,금산,2021-09-07 05:00,18.2,.7,.4,0,96,,,10,,19.8
238,금산,2021-09-07 06:00,18.2,0,.1,0,97,,,10,,19.8
238,금산,2021-09-07 07:00,18.3,1,0,0,98,0,,9,,20
238,금산,2021-09-07 08:00,18.7,.1,0,0,97,0,,8,,20.6
238,금산,2021-09-07 09:00,19.6,0,1.2,90,96,0,,8,,22.1
238,금산,2021-09-07 10:00,20.6,0,.4,0,92,0,,10,,23.5
238,금산,2021-09-07 11:00,21,,.6,290,92,0,,10,,23.8
238,금산,2021-09-07 12:00,21.8,.3,.9,90,91,0,,9,,24.6
238,금산,2021-09-07 13:00,21.4,.1,.9,290,97,0,,9,,23.3
238,금산,2021-09-07 14:00,22.3,.2,.9,140,97,0,,10,,23.9
238,금산,2021-09-07 15:00,23.2,,.3,0,94,0,,10,,24.9
238,금산,2021-09-07 16:00,23.5,.1,1,250,90,0,,10,,25.1
238,금산,2021-09-07 17:00,24.2,.1,3.2,230,80,0,,10,,24.6
238,금산,2021-09-07 18:00,22.7,0,2.4,270,87,0,,10,,22.8
238,금산,2021-09-07 19:00,21.6,.2,1.8,250,92,0,,10,,22.1
238,금산,2021-09-07 20:00,21.4,0,.9,270,91,,,9,,21.8
238,금산,2021-09-07 21:00,21,0,1.7,250,90,,,9,,21.4
238,금산,2021-09-07 22:00,20.7,0,1.3,290,89,,,10,,21.1
238,금산,2021-09-07 23:00,20.8,,1.5,270,86,,,10,,20.7
238,금산,2021-09-08 00:00,20.3,,1,250,91,,,10,,20.8
238,금산,2021-09-08 01:00,20.4,,.8,270,88,,,10,,20.7
238,금산,2021-09-08 02:00,20,,.5,200,92,,,8,,20.7
238,금산,2021-09-08 03:00,20,,.1,0,93,,,10,,20.7
238,금산,2021-09-08 04:00,19.5,0,.5,200,97,,,10,,20.7
238,금산,2021-09-08 05:00,19.5,.2,.2,0,99,,,9,,20.7
238,금산,2021-09-08 06:00,19.5,0,0,0,99,,,2,,20.7
238,금산,2021-09-08 07:00,19.5,.2,0,0,99,0,,0,,21
238,금산,2021-09-08 08:00,20.2,.2,.3,0,98,0,,1,,22.4
238,금산,2021-09-08 09:00,20.6,0,1.3,320,91,0,,10,,23.7
238,금산,2021-09-08 10:00,21.8,,2.2,290,84,.1,,,,25.5
238,금산,2021-09-08 11:00,23.1,,1.6,290,76,.3,,10,,29.1
238,금산,2021-09-08 12:00,23.3,,2.2,320,73,.2,,10,,29.3
238,금산,2021-09-08 13:00,24.9,,1.7,320,68,.6,,9,,33.2
238,금산,2021-09-08 14:00,24.9,,1.2,320,67,.6,,6,,32.4
238,금산,2021-09-08 15:00,26.3,,1.7,320,61,.8,,0,,34.7
238,금산,2021-09-08 16:00,26.1,,1.6,320,60,1,,0,,32.4
238,금산,2021-09-08 17:00,25.7,,1.1,290,60,1,,0,,27.8
238,금산,2021-09-08 18:00,24.4,,.7,270,69,1,,0,,24.8
238,금산,2021-09-08 19:00,21.7,,.2,0,85,.2,,0,,22.7
238,금산,2021-09-08 20:00,20.5,,.5,250,91,,,0,,21.5
238,금산,2021-09-08 21:00,19.8,,.2,0,95,,,0,,20.4
238,금산,2021-09-08 22:00,18.9,,.5,270,98,,,0,,19.6
238,금산,2021-09-08 23:00,18.2,,.4,0,99,,,3,,19.1
238,금산,2021-09-09 00:00,17.8,,0,0,99,,,6,,18.7
238,금산,2021-09-09 01:00,18,,0,0,100,,,7,,18.9
238,금산,2021-09-09 02:00,17.8,,.6,140,100,,,6,,19.6
238,금산,2021-09-09 03:00,17.6,,.6,140,100,,,6,,19.9
238,금산,2021-09-09 04:00,17.8,,.4,0,100,,,6,,20
238,금산,2021-09-09 05:00,17.6,,.4,0,100,,,6,,20
238,금산,2021-09-09 06:00,17.2,,.6,90,100,,,6,,19.9
238,금산,2021-09-09 07:00,17.2,,.7,110,100,0,,5,,20.1
238,금산,2021-09-09 08:00,17.8,,.6,110,100,0,,8,,21.8
238,금산,2021-09-09 09:00,18.1,,.5,90,100,0,,9,,22.6
238,금산,2021-09-09 10:00,20.3,,.8,110,92,.1,,8,,27.2
238,금산,2021-09-09 11:00,23.6,,.9,360,74,1,,7,,32.2
238,금산,2021-09-09 12:00,25.5,,.8,230,64,.8,,6,,34.8
238,금산,2021-09-09 13:00,26.6,,1.1,70,56,.9,,8,,33.5
238,금산,2021-09-09 14:00,27.6,,1.1,340,54,.7,,8,,34.8
238,금산,2021-09-09 15:00,27.7,,.9,340,51,.6,,8,,32.1
238,금산,2021-09-09 16:00,27.4,,1,290,56,.2,,9,,29.8
238,금산,2021-09-09 17:00,26.9,,1.8,290,60,.4,,8,,27.2
238,금산,2021-09-09 18:00,25.3,,1.1,360,72,0,,10,,25
238,금산,2021-09-09 19:00,23,,.9,290,86,0,,10,,23.6
238,금산,2021-09-09 20:00,22.3,,1.1,290,88,,,10,,22.7
238,금산,2021-09-09 21:00,22.3,,.2,0,88,,,10,,22.7
238,금산,2021-09-09 22:00,21.2,,.7,320,93,,,9,,21.8
238,금산,2021-09-09 23:00,21.1,,.4,0,93,,,10,,21.7
238,금산,2021-09-10 00:00,20.5,,.4,0,96,,,9,,21.4
238,금산,2021-09-10 01:00,20.2,,.1,0,97,,,9,,21.2
238,금산,2021-09-10 02:00,20,,.2,0,98,,,8,,20.5
238,금산,2021-09-10 03:00,19.6,,.1,0,99,,,9,,20.2
238,금산,2021-09-10 04:00,19.2,,0,0,99,,,8,,19.8
238,금산,2021-09-10 05:00,19.6,,.1,0,100,,,9,,20.7
238,금산,2021-09-10 06:00,19.5,,.4,0,100,,,10,,21
238,금산,2021-09-10 07:00,19.5,,0,0,100,0,,10,,21.1
238,금산,2021-09-10 08:00,20.1,,.6,110,99,0,,10,,22.3
238,금산,2021-09-10 09:00,20.4,,.2,0,97,0,,10,,23.3
238,금산,2021-09-10 10:00,21.9,,.7,180,90,0,,10,,25.9
238,금산,2021-09-10 11:00,23.1,,.4,0,85,0,,10,,26.6
238,금산,2021-09-10 12:00,24.4,,.6,180,77,0,,10,,28.9
238,금산,2021-09-10 13:00,26.3,,.7,70,71,.2,,8,,32.3
238,금산,2021-09-10 14:00,26.5,,.9,160,62,.3,,9,,31.6
238,금산,2021-09-10 15:00,24.8,,1.7,290,77,0,,8,,26
238,금산,2021-09-10 16:00,25.7,,1,270,70,0,,7,,27.8
238,금산,2021-09-10 17:00,26.2,,1.2,250,70,1,,5,,27.1
238,금산,2021-09-10 18:00,24.6,,1.2,290,74,.9,,4,,24.3
238,금산,2021-09-10 19:00,22.7,,.5,250,84,.3,,3,,22.4
238,금산,2021-09-10 20:00,21.3,,.5,270,91,,,4,,21.2
238,금산,2021-09-10 21:00,20.2,,.3,0,95,,,2,,20.4
238,금산,2021-09-10 22:00,19.5,,0,0,98,,,1,,19.8
238,금산,2021-09-10 23:00,19.9,,0,0,96,,,6,,20.3
238,금산,2021-09-11 00:00,19.9,,0,0,97,,,9,,20.8
238,금산,2021-09-11 01:00,19.8,,.1,0,97,,,9,,20.9
238,금산,2021-09-11 02:00,20,,.1,0,97,,,9,,21
238,금산,2021-09-11 03:00,20.1,,.2,0,96,,,9,,20.9
238,금산,2021-09-11 04:00,19.2,,0,0,98,,,0,,19.4
238,금산,2021-09-11 05:00,18.5,,.2,0,100,,,0,,19.3
238,금산,2021-09-11 06:00,18.9,,.6,180,100,,,7,,20.3
238,금산,2021-09-11 07:00,18.8,,.5,160,100,0,,0,,20.8
238,금산,2021-09-11 08:00,18.8,,.3,0,100,0,,0,,22.1
238,금산,2021-09-11 09:00,19.7,,.4,0,100,0,,0,,24
238,금산,2021-09-11 10:00,23.2,,.4,0,84,.5,,2,,28.5
238,금산,2021-09-11 11:00,25.7,,1.2,50,68,1,,4,,35
238,금산,2021-09-11 12:00,26.7,,1.2,180,62,.9,,0,,36.9
238,금산,2021-09-11 13:00,27.9,,1.3,230,53,1,,0,,38.4
238,금산,2021-09-11 14:00,29.6,,.8,360,46,1,,0,,38.4
238,금산,2021-09-11 15:00,30.1,,1.2,20,42,1,,0,,37.1
238,금산,2021-09-11 16:00,29.7,,1.5,320,42,1,,0,,34.3
238,금산,2021-09-11 17:00,29.3,,1.4,290,48,1,,0,,28.6
238,금산,2021-09-11 18:00,26.7,,.9,250,65,1,,0,,25.2
238,금산,2021-09-11 19:00,23.7,,.3,0,82,.3,,0,,23.3
238,금산,2021-09-11 20:00,22.1,,1,270,89,,,0,,22.2
238,금산,2021-09-11 21:00,21.4,,.5,250,91,,,0,,21.4
238,금산,2021-09-11 22:00,20.4,,.5,270,95,,,0,,20.7
238,금산,2021-09-11 23:00,20,,.2,0,95,,,0,,19.8
238,금산,2021-09-12 00:00,19.4,,.9,360,97,,,0,,19.2
238,금산,2021-09-12 01:00,18.6,,1,200,100,,,0,,19
238,금산,2021-09-12 02:00,18.6,,.4,0,99,,,1,,18.9
238,금산,2021-09-12 03:00,18.2,,.2,0,100,,,6,,20
238,금산,2021-09-12 04:00,18.5,,1.3,360,100,,,6,,20.4
238,금산,2021-09-12 05:00,18.4,,.4,0,100,,,8,,20.4
238,금산,2021-09-12 06:00,18.7,,.1,0,100,,,9,,20.5
238,금산,2021-09-12 07:00,18.4,,.6,90,100,0,,0,,20.9
238,금산,2021-09-12 08:00,18.7,,.3,0,100,0,,0,,22
238,금산,2021-09-12 09:00,19.4,,.1,0,99,0,,0,,24.3
238,금산,2021-09-12 10:00,22.2,,.7,140,85,.4,,0,,28.5
238,금산,2021-09-12 11:00,24.6,,.7,180,76,1,,0,,34.6
238,금산,2021-09-12 12:00,26.2,,1.1,270,67,1,,1,,34.4
238,금산,2021-09-12 13:00,27.7,,1.5,360,58,1,,6,,36.9
238,금산,2021-09-12 14:00,27.9,,1.2,270,56,1,,7,,37.8
238,금산,2021-09-12 15:00,28.5,,1.2,340,60,1,,7,,36.2
238,금산,2021-09-12 16:00,28.1,,1.2,20,59,.7,,6,,33.5
238,금산,2021-09-12 17:00,27.5,,1.1,340,63,.7,,7,,29.2
238,금산,2021-09-12 18:00,25.8,,.7,290,75,0,,8,,26.2
238,금산,2021-09-12 19:00,23.6,,1,290,87,0,,8,,24
238,금산,2021-09-12 20:00,22.5,,.8,250,90,,,8,,22.8
238,금산,2021-09-12 21:00,21.6,,.7,270,92,,,9,,22.1
238,금산,2021-09-12 22:00,21.1,,.3,0,95,,,8,,21.5
238,금산,2021-09-12 23:00,20.7,,0,0,97,,,9,,21.1
238,금산,2021-09-13 00:00,21.4,,.2,0,96,,,10,,21.7
238,금산,2021-09-13 01:00,21.3,,.1,0,95,,,10,,21.3
238,금산,2021-09-13 02:00,20.5,,.1,0,99,,,10,,20.8
238,금산,2021-09-13 03:00,20.4,,.1,0,97,,,7,,20
238,금산,2021-09-13 04:00,19.9,,.2,0,97,,,10,,19.8
238,금산,2021-09-13 05:00,19.3,,0,0,100,,,8,,19.3
238,금산,2021-09-13 06:00,20.2,,.4,0,89,,,7,,19.2
238,금산,2021-09-13 07:00,20.1,,1.2,180,89,0,,10,,20
238,금산,2021-09-13 08:00,21.1,,.5,140,84,0,,10,,21.9
238,금산,2021-09-13 09:00,22.4,,1.3,140,76,0,,8,,23.9
238,금산,2021-09-13 10:00,23.4,,1.9,110,71,0,,10,,26
238,금산,2021-09-13 11:00,25,,2.2,90,64,.3,,9,,29.5
238,금산,2021-09-13 12:00,25.9,,3.4,90,57,.6,,9,,33.3
238,금산,2021-09-13 13:00,26.7,,2.6,70,55,1,,7,,35.8
238,금산,2021-09-13 14:00,26.9,,2.8,90,54,.4,,9,,32.7
238,금산,2021-09-13 15:00,26.1,,3,90,59,0,,10,,30.9
238,금산,2021-09-13 16:00,25.9,,2.8,90,59,0,,8,,29.3
238,금산,2021-09-13 17:00,25.1,,2,110,62,.1,,9,,26.7
238,금산,2021-09-13 18:00,24.1,,2.7,90,63,0,,9,,23.9
238,금산,2021-09-13 19:00,23.3,,2.1,90,67,0,,10,,22.1
238,금산,2021-09-13 20:00,22.5,,.5,140,71,,,10,,21.3
238,금산,2021-09-13 21:00,22.1,,1.9,110,71,,,10,,20.9
238,금산,2021-09-13 22:00,21.6,,1.7,110,69,,,9,,20.3
238,금산,2021-09-13 23:00,21.1,,1.4,110,70,,,9,,19.8
238,금산,2021-09-14 00:00,20.8,,1.2,90,72,,,10,,19.6
238,금산,2021-09-14 01:00,19.2,,.9,270,83,,,10,,19.3
238,금산,2021-09-14 02:00,18.7,,.8,270,86,,,9,,19
238,금산,2021-09-14 03:00,18.8,,.8,250,86,,,10,,19
238,금산,2021-09-14 04:00,18.8,,.2,0,87,,,10,,19.1
238,금산,2021-09-14 05:00,18.8,,0,0,86,,,7,,18.6
238,금산,2021-09-14 06:00,18.3,,.5,270,88,,,9,,18.5
238,금산,2021-09-14 07:00,18.7,,.4,0,88,0,,8,,19.3
238,금산,2021-09-14 08:00,20.9,,1.4,110,75,0,,7,,21.4
238,금산,2021-09-14 09:00,22.5,,1.9,70,71,.6,,7,,24.2
238,금산,2021-09-14 10:00,23.8,,3.3,110,66,.8,,8,,27.9
238,금산,2021-09-14 11:00,23.7,,3.7,110,67,.1,,9,,29.5
238,금산,2021-09-14 12:00,24,,3.5,90,68,.2,,9,,32.4
238,금산,2021-09-14 13:00,24.3,,3.5,90,64,.3,,8,,33.9
238,금산,2021-09-14 14:00,25.7,,2.6,90,57,.4,,8,,35.3
238,금산,2021-09-14 15:00,25.6,,3.5,90,56,.8,,7,,36.8
238,금산,2021-09-14 16:00,25.3,,3.4,90,56,.8,,6,,33.1
238,금산,2021-09-14 17:00,24.2,,2.7,90,58,.1,,8,,27.8
238,금산,2021-09-14 18:00,23.2,,1.5,90,62,0,,9,,24.8
238,금산,2021-09-14 19:00,22.5,,2,90,62,0,,8,,22.3
238,금산,2021-09-14 20:00,22.1,,2.2,110,64,,,7,,21
238,금산,2021-09-14 21:00,21.7,,1.5,110,69,,,6,,20.3
238,금산,2021-09-14 22:00,21.1,,1.2,90,71,,,4,,19.7
238,금산,2021-09-14 23:00,20.9,,2,90,71,,,2,,19.2
238,금산,2021-09-15 00:00,20.8,,2.2,110,69,,,2,,18.8
238,금산,2021-09-15 01:00,20.1,,1.8,140,72,,,4,,18.4
238,금산,2021-09-15 02:00,18.6,,1,250,81,,,3,,18
238,금산,2021-09-15 03:00,20.4,,1.9,110,72,,,3,,18
238,금산,2021-09-15 04:00,20.8,,2.6,90,68,,,4,,17.9
238,금산,2021-09-15 05:00,20.9,,2.6,90,66,,,2,,17.7
238,금산,2021-09-15 06:00,20.4,,1.5,90,69,,,3,,17.5
238,금산,2021-09-15 07:00,20.9,,2.4,110,68,.5,,0,,17.9
238,금산,2021-09-15 08:00,22.1,,3.1,110,63,1,,0,,19.1
238,금산,2021-09-15 09:00,23.5,,3.6,110,58,1,,0,,20.9
238,금산,2021-09-15 10:00,24.6,,4.3,90,53,1,,0,,28.5
238,금산,2021-09-15 11:00,25.7,,4,90,50,1,,0,,36.5
238,금산,2021-09-15 12:00,26.1,,4.2,90,50,1,,1,,40.1
238,금산,2021-09-15 13:00,27.4,,3.1,90,49,1,,1,,43.1
238,금산,2021-09-15 14:00,27,,3.8,90,50,1,,1,,40.5
238,금산,2021-09-15 15:00,27.4,,3.4,90,49,1,,0,,40.3
238,금산,2021-09-15 16:00,27.3,,3.1,90,49,.9,,0,,37.3
238,금산,2021-09-15 17:00,26.1,,4.1,90,49,.9,,0,,32.2
238,금산,2021-09-15 18:00,24.9,,3,90,51,.9,,0,,25.2
238,금산,2021-09-15 19:00,23.3,,3,110,58,.1,,2,,22.4
238,금산,2021-09-15 20:00,22.3,,2.4,90,61,,,3,,20.9
238,금산,2021-09-15 21:00,21.7,,2.8,90,61,,,0,,19.9
238,금산,2021-09-15 22:00,21,,3,90,61,,,0,,19
238,금산,2021-09-15 23:00,20.1,,1.9,90,63,,,2,,18.3
238,금산,2021-09-16 00:00,18.9,,1.1,160,70,,,1,,17.6
238,금산,2021-09-16 01:00,16.6,,.4,0,83,,,0,,16.7
238,금산,2021-09-16 02:00,16.4,,.7,200,84,,,0,,16.2
238,금산,2021-09-16 03:00,15.6,,1,290,90,,,0,,15.7
238,금산,2021-09-16 04:00,15.2,,.7,270,91,,,0,,15.3
238,금산,2021-09-16 05:00,14.6,,.2,0,94,,,0,,15.1
238,금산,2021-09-16 06:00,14.4,,.2,0,94,,,0,,14.8
238,금산,2021-09-16 07:00,15.3,,.7,340,92,.5,,0,,15.5
238,금산,2021-09-16 08:00,18.7,,.6,140,77,1,,2,,17.2
238,금산,2021-09-16 09:00,21.5,,1.4,140,68,1,,5,,23.1
238,금산,2021-09-16 10:00,23.5,,2.7,90,62,1,,7,,28.9
238,금산,2021-09-16 11:00,25.4,,3.4,110,54,1,,8,,35.8
238,금산,2021-09-16 12:00,25.7,,2.6,110,53,1,,8,,40
238,금산,2021-09-16 13:00,26.3,,2.4,90,55,1,,8,,40.3
238,금산,2021-09-16 14:00,25.7,,3,90,56,.7,,8,,35.9
238,금산,2021-09-16 15:00,26.7,,2.4,70,56,.7,,8,,39.8
238,금산,2021-09-16 16:00,26.6,,2.8,90,57,.8,,9,,35.9
238,금산,2021-09-16 17:00,25.2,,2.3,110,61,.1,,10,,29.3
238,금산,2021-09-16 18:00,24.1,,1.9,90,66,0,,10,,25.9
238,금산,2021-09-16 19:00,23.5,,2.1,90,68,0,,,,23.9
238,금산,2021-09-16 20:00,23.1,,1.7,140,69,,,10,,22.9
238,금산,2021-09-16 21:00,22.8,,.9,110,71,,,10,,22.7
238,금산,2021-09-16 22:00,20.8,.2,1,160,87,,,10,,21.4
238,금산,2021-09-16 23:00,20.4,.3,.8,160,91,,,10,,21.1
238,금산,2021-09-17 00:00,20,.1,1.4,140,89,,,10,,20.8
238,금산,2021-09-17 01:00,20.3,0,1.2,110,87,,,10,,20.5
238,금산,2021-09-17 02:00,20.5,,1,140,84,,,10,,20.5
238,금산,2021-09-17 03:00,20.7,,.6,110,81,,,10,,20.5
238,금산,2021-09-17 04:00,19.7,.5,.7,110,91,,,10,,20.4
238,금산,2021-09-17 05:00,18.7,7.4,1.2,160,98,,,10,,19.5
238,금산,2021-09-17 06:00,18.5,13.8,1.1,110,99,,,10,,19.3
238,금산,2021-09-17 07:00,18.6,5.4,.6,160,99,0,,10,,19.5
238,금산,2021-09-17 08:00,18.7,5.7,0,0,98,0,,10,,19.8
238,금산,2021-09-17 09:00,19.4,.8,.3,0,93,0,,9,,21.5
238,금산,2021-09-17 10:00,20.1,0,1.1,50,87,0,,10,,22.2
238,금산,2021-09-17 11:00,19.1,.9,1.8,110,93,0,,10,,21.4
238,금산,2021-09-17 12:00,19.3,7.6,1.7,70,93,0,,9,,22.5
238,금산,2021-09-17 13:00,20.1,.4,1.7,110,88,0,,10,,23.9
238,금산,2021-09-17 14:00,20.5,,2,90,85,0,,9,,24.3
238,금산,2021-09-17 15:00,21.8,,3.8,50,75,.3,,8,,27.7
238,금산,2021-09-17 16:00,21.5,,3.8,70,74,.2,,8,,25.1
238,금산,2021-09-17 17:00,21.3,,1.9,90,75,.5,,4,,23.8
238,금산,2021-09-17 18:00,21.1,,1.5,90,75,.4,,6,,22.2
238,금산,2021-09-17 19:00,20.7,,1.2,70,76,0,,5,,21
238,금산,2021-09-17 20:00,20.2,,1.3,360,80,,,4,,20.5
238,금산,2021-09-17 21:00,20,,1.1,70,81,,,1,,20.3
238,금산,2021-09-17 22:00,18.9,,1.2,290,91,,,4,,19.8
238,금산,2021-09-17 23:00,18.3,,.3,0,95,,,4,,18.9
238,금산,2021-09-18 00:00,17.2,,.5,290,98,,,0,,18
238,금산,2021-09-18 01:00,16.6,,.5,270,99,,,0,,17.4
238,금산,2021-09-18 02:00,16,,.3,0,100,,,1,,16.8
238,금산,2021-09-18 03:00,15.7,,.3,0,100,,,4,,16.4
238,금산,2021-09-18 04:00,15.2,,.1,0,100,,,6,,16.1
238,금산,2021-09-18 05:00,15.4,,.1,0,100,,,5,,16.7
238,금산,2021-09-18 06:00,15.6,,.4,0,100,,,5,,17.6
238,금산,2021-09-18 07:00,15.3,,.4,0,100,0,,1,,18
238,금산,2021-09-18 08:00,15.8,,.3,0,100,0,,7,,19.7
238,금산,2021-09-18 09:00,16.5,,1.1,110,100,0,,3,,22.5
238,금산,2021-09-18 10:00,20.2,,.9,340,82,.8,,0,,28.1
238,금산,2021-09-18 11:00,23.8,,.8,140,66,1,,0,,32.1
238,금산,2021-09-18 12:00,24.8,,1.3,90,58,1,,0,,34.1
238,금산,2021-09-18 13:00,26.3,,2,90,55,1,,0,,35.2
238,금산,2021-09-18 14:00,27.5,,2.1,70,52,1,,2,,35.8
238,금산,2021-09-18 15:00,27.2,,2.1,70,49,.7,,1,,32
238,금산,2021-09-18 16:00,27.1,,1.7,70,51,1,,0,,31.2
238,금산,2021-09-18 17:00,26.7,,1.5,70,53,1,,0,,28.2
238,금산,2021-09-18 18:00,24.8,,.4,0,60,1,,0,,23.4
238,금산,2021-09-18 19:00,20.8,,1.1,270,82,0,,3,,21.3
238,금산,2021-09-18 20:00,19.4,,.8,250,88,,,4,,20.1
238,금산,2021-09-18 21:00,18.8,,.5,290,91,,,3,,19.3
238,금산,2021-09-18 22:00,18.2,,.4,0,96,,,4,,18.6
238,금산,2021-09-18 23:00,17.8,,.1,0,97,,,3,,18.1
238,금산,2021-09-19 00:00,17.2,,.3,0,98,,,3,,17.7
238,금산,2021-09-19 01:00,16.8,,0,0,99,,,3,,17.2
238,금산,2021-09-19 02:00,16.2,,0,0,100,,,3,,17.2
238,금산,2021-09-19 03:00,16,,.5,290,100,,,3,,16.8
238,금산,2021-09-19 04:00,15.6,,.2,0,100,,,4,,16.9
238,금산,2021-09-19 05:00,15.6,,.1,0,100,,,0,,17.7
238,금산,2021-09-19 06:00,15.8,,.1,0,100,,,3,,18.1
238,금산,2021-09-19 07:00,15.5,,.7,180,100,0,,0,,18.5
238,금산,2021-09-19 08:00,16.1,,.3,0,100,0,,3,,20.2
238,금산,2021-09-19 09:00,19.2,,.4,0,94,.6,,4,,22.7
238,금산,2021-09-19 10:00,22.1,,.9,180,74,1,,0,,29.1
238,금산,2021-09-19 11:00,24.6,,1.8,160,66,1,,2,,33
238,금산,2021-09-19 12:00,25.9,,2,110,58,.8,,3,,34.1
238,금산,2021-09-19 13:00,26.4,,.8,70,51,1,,3,,35.5
238,금산,2021-09-19 14:00,26.3,,1.6,360,51,1,,0,,34.6
238,금산,2021-09-19 15:00,27.1,,1.5,90,45,1,,0,,33.9
238,금산,2021-09-19 16:00,27.2,,1.8,90,45,1,,0,,31.6
238,금산,2021-09-19 17:00,26.6,,1.9,50,51,1,,0,,28.1
238,금산,2021-09-19 18:00,25.1,,1.7,90,54,1,,1,,23.1
238,금산,2021-09-19 19:00,21.3,,.9,250,77,0,,5,,21.4
238,금산,2021-09-19 20:00,19.8,,.5,250,81,,,7,,20.2
238,금산,2021-09-19 21:00,18.9,,.6,250,86,,,3,,19.4
238,금산,2021-09-19 22:00,18.6,,.2,0,88,,,5,,18.7
238,금산,2021-09-19 23:00,17.6,,.3,0,94,,,5,,18.3
238,금산,2021-09-20 00:00,17.2,,.4,0,96,,,1,,17.8
238,금산,2021-09-20 01:00,16.7,,.2,0,97,,,4,,17.4
238,금산,2021-09-20 02:00,16.3,,0,0,98,,,3,,17
238,금산,2021-09-20 03:00,16,,.5,320,99,,,0,,16.6
238,금산,2021-09-20 04:00,15.6,,.3,0,99,,,0,,16.2
238,금산,2021-09-20 05:00,15.4,,.1,0,100,,,0,,15.8
238,금산,2021-09-20 06:00,14.7,,.1,0,100,,,0,,15.5
238,금산,2021-09-20 07:00,15.2,,.1,0,99,.5,,0,,16
238,금산,2021-09-20 08:00,18.4,,.8,140,86,1,,0,,17.5
238,금산,2021-09-20 09:00,20.7,,.6,320,76,1,,0,,21.7
238,금산,2021-09-20 10:00,23.5,,1.2,70,65,1,,0,,28.6
238,금산,2021-09-20 11:00,24.4,,1.1,160,61,1,,2,,32.5
238,금산,2021-09-20 12:00,25.3,,1.9,110,56,.9,,3,,32.8
238,금산,2021-09-20 13:00,26.3,,1.9,140,53,1,,2,,35.5
238,금산,2021-09-20 14:00,26.7,,1.3,110,52,.7,,7,,30.7
238,금산,2021-09-20 15:00,27.5,,3.4,140,52,.4,,7,,31.7
238,금산,2021-09-20 16:00,27.6,,2.8,140,50,1,,6,,31.5
238,금산,2021-09-20 17:00,26.2,,2.5,140,56,.7,,6,,26.6
238,금산,2021-09-20 18:00,25,,1.1,200,64,.6,,5,,23.3
238,금산,2021-09-20 19:00,22.1,,.6,230,80,0,,5,,21.3
238,금산,2021-09-20 20:00,20.5,,.2,0,86,,,5,,20.2
238,금산,2021-09-20 21:00,20,,0,0,89,,,3,,19.3
238,금산,2021-09-20 22:00,19.9,,.6,110,88,,,2,,18.9
238,금산,2021-09-20 23:00,20,,.9,160,87,,,4,,18.9
238,금산,2021-09-21 00:00,18.9,,.8,360,93,,,5,,18.8
238,금산,2021-09-21 01:00,19.6,,.2,0,90,,,5,,18.9
238,금산,2021-09-21 02:00,19.1,,.2,0,93,,,7,,18.7
238,금산,2021-09-21 03:00,20.2,,.9,20,87,,,8,,19.6
238,금산,2021-09-21 04:00,21,,.5,50,84,,,10,,20.1
238,금산,2021-09-21 05:00,20.6,.2,.2,0,90,,,10,,20.4
238,금산,2021-09-21 06:00,20,1.1,.5,320,98,,,10,,20.4
238,금산,2021-09-21 07:00,20.6,8.5,.8,70,99,0,,10,,20.5
238,금산,2021-09-21 08:00,20.6,5.2,1,160,100,0,,10,,20.8
238,금산,2021-09-21 09:00,20.6,3.4,1,320,97,0,,10,,21.1
238,금산,2021-09-21 10:00,20,7,.9,270,95,0,,10,,21
238,금산,2021-09-21 11:00,21.4,1.3,1.1,70,89,0,,10,,26
238,금산,2021-09-21 12:00,22.5,,1.5,110,86,0,,10,,27.2
238,금산,2021-09-21 13:00,24.3,,1.3,180,76,.1,,9,,27.9
238,금산,2021-09-21 14:00,25.6,,2.2,230,68,.4,,8,,31.4
238,금산,2021-09-21 15:00,25.7,,1.8,270,68,.9,,8,,30.2
238,금산,2021-09-21 16:00,25.1,,2,270,72,.7,,5,,30.2
238,금산,2021-09-21 17:00,23.7,,1.7,270,76,.5,,3,,25.3
238,금산,2021-09-21 18:00,23.1,,1.5,290,79,.1,,4,,22.9
238,금산,2021-09-21 19:00,22.1,,.8,290,82,0,,2,,21.5
238,금산,2021-09-21 20:00,21,,.5,290,87,,,1,,20.5
238,금산,2021-09-21 21:00,21.3,,.3,0,85,,,2,,20
238,금산,2021-09-21 22:00,20.8,,1,70,84,,,0,,19.4
238,금산,2021-09-21 23:00,19.9,,.5,160,89,,,1,,18.9
238,금산,2021-09-22 00:00,19.2,,.6,110,93,,,0,,18.3
238,금산,2021-09-22 01:00,18.1,,.6,250,96,,,7,,18
238,금산,2021-09-22 02:00,19,,.9,320,92,,,6,,19
238,금산,2021-09-22 03:00,20.1,,1.5,320,86,,,7,,19.4
238,금산,2021-09-22 04:00,22.2,,1.3,250,78,,,5,,19.7
238,금산,2021-09-22 05:00,20.7,,.6,50,86,,,5,,20
238,금산,2021-09-22 06:00,19.8,,1.3,360,92,,,5,,19.6
238,금산,2021-09-22 07:00,20.3,,.9,320,91,0,,6,,20.5
238,금산,2021-09-22 08:00,19.9,.2,1.3,20,87,0,,8,,21
238,금산,2021-09-22 09:00,20.6,0,.5,160,84,.1,,6,,22.4
238,금산,2021-09-22 10:00,21.1,1.5,.7,270,86,.2,,7,,26.9
238,금산,2021-09-22 11:00,23.2,.3,.6,110,85,.3,,7,,27.5
238,금산,2021-09-22 12:00,25.6,,2.6,270,71,.5,,8,,32
238,금산,2021-09-22 13:00,25.5,,3.2,270,61,1,,5,,32.6
238,금산,2021-09-22 14:00,25.8,,2.7,250,59,1,,0,,32.5
238,금산,2021-09-22 15:00,26.2,,2.3,270,56,1,,0,,31.7
238,금산,2021-09-22 16:00,25.7,,3.4,290,49,1,,0,,28.2
238,금산,2021-09-22 17:00,24.1,,1.4,270,59,.9,,2,,25.3
238,금산,2021-09-22 18:00,22.6,,1.2,270,67,.7,,1,,22.2
238,금산,2021-09-22 19:00,21.5,,1.5,270,74,0,,3,,20.5
238,금산,2021-09-22 20:00,20.2,,1.3,250,80,,,1,,19.5
238,금산,2021-09-22 21:00,19.9,,1.2,250,82,,,3,,19
238,금산,2021-09-22 22:00,19.2,,.3,0,86,,,2,,18.3
238,금산,2021-09-22 23:00,18,,.1,0,93,,,0,,17.7
238,금산,2021-09-23 00:00,16.7,,.2,0,97,,,0,,17.2
238,금산,2021-09-23 01:00,16.6,,.4,0,98,,,0,,17.1
238,금산,2021-09-23 02:00,15.8,,.2,0,99,,,0,,16.4
238,금산,2021-09-23 03:00,15.4,,.1,0,99,,,0,,15.9
238,금산,2021-09-23 04:00,15.1,,.3,0,100,,,0,,15.5
238,금산,2021-09-23 05:00,14,,.1,0,100,,,0,,15
238,금산,2021-09-23 06:00,13.4,,0,0,100,,,0,,14.7
238,금산,2021-09-23 07:00,13.3,,.3,0,100,0,,2,,15.1
238,금산,2021-09-23 08:00,15.9,,.8,110,99,.6,,0,,16.7
238,금산,2021-09-23 09:00,19.5,,.8,140,81,1,,0,,20.5
238,금산,2021-09-23 10:00,22.8,,2.4,290,61,1,,4,,26.4
238,금산,2021-09-23 11:00,23.3,,3.3,290,57,.9,,5,,29.3
238,금산,2021-09-23 12:00,24,,2.6,320,51,1,,7,,30.9
238,금산,2021-09-23 13:00,24.7,,2.8,270,54,.9,,6,,32.7
238,금산,2021-09-23 14:00,24.9,,2.3,290,51,.7,,0,,31.8
238,금산,2021-09-23 15:00,25,,2.6,290,48,.9,,2,,30.9
238,금산,2021-09-23 16:00,25,,2.1,270,49,1,,3,,28.8
238,금산,2021-09-23 17:00,24.1,,.9,270,54,.9,,6,,25.7
238,금산,2021-09-23 18:00,22.2,,.8,270,61,.7,,7,,21.9
238,금산,2021-09-23 19:00,19.8,,.6,250,74,0,,8,,19.8
238,금산,2021-09-23 20:00,18,,.4,0,81,,,4,,18.3
238,금산,2021-09-23 21:00,17.3,,.1,0,86,,,4,,17.5
238,금산,2021-09-23 22:00,16.7,,.2,0,89,,,7,,17.2
238,금산,2021-09-23 23:00,15.7,,.6,290,95,,,3,,16.5
238,금산,2021-09-24 00:00,15.1,,.3,0,96,,,0,,15.8
238,금산,2021-09-24 01:00,14.2,,.1,0,98,,,0,,15.3
238,금산,2021-09-24 02:00,13.9,,.2,0,98,,,0,,14.9
238,금산,2021-09-24 03:00,13.4,,.6,270,99,,,0,,14.6
238,금산,2021-09-24 04:00,13,,.6,270,100,,,4,,14.8
238,금산,2021-09-24 05:00,12.7,,.2,0,100,,,5,,14.8
238,금산,2021-09-24 06:00,13.2,,.2,0,100,,,7,,15.7
238,금산,2021-09-24 07:00,13.7,,.5,200,100,0,,8,,16.6
238,금산,2021-09-24 08:00,14.1,,1.1,140,100,0,,5,,18.3
238,금산,2021-09-24 09:00,15.8,,.4,0,96,.1,,4,,21.2
238,금산,2021-09-24 10:00,19.3,,.7,140,74,1,,2,,27.3
238,금산,2021-09-24 11:00,22.2,,1.2,140,66,1,,4,,31
238,금산,2021-09-24 12:00,23.7,,1.2,140,59,1,,2,,32.7
238,금산,2021-09-24 13:00,25.4,,1.7,360,54,.9,,6,,34.5
238,금산,2021-09-24 14:00,25.5,,1.2,340,51,.4,,7,,33.4
238,금산,2021-09-24 15:00,25.9,,2,110,47,.5,,8,,30.1
238,금산,2021-09-24 16:00,25.8,,1.3,110,49,1,,1,,29.8
238,금산,2021-09-24 17:00,25.3,,2.4,90,52,1,,1,,25.9
238,금산,2021-09-24 18:00,23.8,,2.2,90,59,.9,,0,,21.4
238,금산,2021-09-24 19:00,22.3,,1.1,110,67,0,,3,,20.1
238,금산,2021-09-24 20:00,19.5,,1,250,82,,,4,,19.7
238,금산,2021-09-24 21:00,20.2,,.6,160,79,,,3,,18.6
238,금산,2021-09-24 22:00,17.9,,.7,270,91,,,3,,17.9
238,금산,2021-09-24 23:00,17.2,,.3,0,94,,,3,,17.2
238,금산,2021-09-25 00:00,16.4,,0,0,97,,,0,,16.4
238,금산,2021-09-25 01:00,16.2,,0,0,97,,,3,,16.1
238,금산,2021-09-25 02:00,15.8,,.4,0,96,,,3,,15.9
238,금산,2021-09-25 03:00,16.1,,0,0,96,,,5,,15.8
238,금산,2021-09-25 04:00,15.2,,.9,290,97,,,5,,15.6
238,금산,2021-09-25 05:00,15.4,,.1,0,98,,,9,,15.9
238,금산,2021-09-25 06:00,15.5,,.9,340,97,,,10,,16.2
238,금산,2021-09-25 07:00,15.9,,.2,0,97,0,,10,,17.2
238,금산,2021-09-25 08:00,17,,.6,290,95,0,,10,,18.9
238,금산,2021-09-25 09:00,20.9,,.9,110,78,.5,,7,,22.4
238,금산,2021-09-25 10:00,22.1,,2.1,110,74,.4,,8,,26.1
238,금산,2021-09-25 11:00,22.8,,1.9,110,71,.4,,9,,29.4
238,금산,2021-09-25 12:00,23.3,,2,90,70,.2,,,,27.9
238,금산,2021-09-25 13:00,22.6,,1.9,90,72,0,,,,26.1
238,금산,2021-09-25 14:00,22.8,,2.8,90,72,0,,,,25.6
238,금산,2021-09-25 15:00,22.1,,2.5,70,74,0,,,,23.8
238,금산,2021-09-25 16:00,21.2,,2.6,70,80,0,,,,22.7
238,금산,2021-09-25 17:00,20.8,0,1.7,110,83,0,,,,22.9
238,금산,2021-09-25 18:00,21,,.9,140,80,0,,,,21.5
238,금산,2021-09-25 19:00,19.9,,.9,230,86,0,,9,,19.5
238,금산,2021-09-25 20:00,20.2,,.8,160,82,,,9,,19.3
238,금산,2021-09-25 21:00,19.9,,.8,90,82,,,9,,18.8
238,금산,2021-09-25 22:00,18.3,,.6,250,91,,,8,,18.2
238,금산,2021-09-25 23:00,18.3,,.3,0,91,,,9,,18.3
238,금산,2021-09-26 00:00,18.6,,.4,0,89,,,2,,18.5
238,금산,2021-09-26 01:00,17.9,,.7,250,92,,,8,,17.4
238,금산,2021-09-26 02:00,16.9,,.2,0,94,,,6,,16.7
238,금산,2021-09-26 03:00,16.4,,0,0,95,,,8,,16.5
238,금산,2021-09-26 04:00,16,,.6,270,97,,,7,,16.4
238,금산,2021-09-26 05:00,15.8,,.2,0,98,,,6,,16
238,금산,2021-09-26 06:00,15.3,,.2,0,98,,,7,,15.7
238,금산,2021-09-26 07:00,15.5,,.2,0,98,0,,7,,16
238,금산,2021-09-26 08:00,17.8,,.2,0,89,0,,9,,19
238,금산,2021-09-26 09:00,20.4,,1.1,90,77,.2,,8,,21.5
238,금산,2021-09-26 10:00,22.2,,1.4,110,69,.3,,9,,25.6
238,금산,2021-09-26 11:00,23.4,,2.2,110,63,.8,,8,,30.6
238,금산,2021-09-26 12:00,23.4,,2.4,110,60,.9,,8,,29.8
238,금산,2021-09-26 13:00,23.6,,2.1,90,60,.2,,8,,27
238,금산,2021-09-26 14:00,23.6,,1.9,90,56,0,,9,,25.8
238,금산,2021-09-26 15:00,23.5,,1.9,90,58,0,,9,,25.6
238,금산,2021-09-26 16:00,23.3,,2.3,140,59,0,,10,,24.5
238,금산,2021-09-26 17:00,22.8,,1.5,110,62,0,,10,,22.2
238,금산,2021-09-26 18:00,22.1,,1.8,110,67,0,,10,,20.9
238,금산,2021-09-26 19:00,20.2,,.4,0,79,0,,6,,19.6
238,금산,2021-09-26 20:00,19,,.2,0,87,,,9,,19.2
238,금산,2021-09-26 21:00,18.7,,0,0,89,,,10,,19.1
238,금산,2021-09-26 22:00,18.5,,.1,0,90,,,10,,19
238,금산,2021-09-26 23:00,19.6,,1.2,110,77,,,4,,18.7
238,금산,2021-09-27 00:00,19.4,,1.4,110,72,,,8,,18.3
238,금산,2021-09-27 01:00,18.7,,.4,0,75,,,10,,18.2
238,금산,2021-09-27 02:00,18.5,,.9,110,73,,,8,,17.9
238,금산,2021-09-27 03:00,18,,.3,0,77,,,10,,17.9
238,금산,2021-09-27 04:00,17.9,,1,200,78,,,6,,17.7
238,금산,2021-09-27 05:00,17.5,,.3,0,81,,,1,,17.9
238,금산,2021-09-27 06:00,17.4,,.3,0,82,,,9,,17.7
238,금산,2021-09-27 07:00,16.9,,.1,0,89,0,,10,,17.9
238,금산,2021-09-27 08:00,18.5,,.6,160,77,0,,10,,19.8
238,금산,2021-09-27 09:00,19.5,,1.1,160,74,0,,9,,22.2
238,금산,2021-09-27 10:00,21,,1.3,140,69,.5,,8,,26.8
238,금산,2021-09-27 11:00,22.9,,1.4,140,65,.9,,7,,31.8
238,금산,2021-09-27 12:00,24,,1.4,90,62,.6,,6,,29.9
238,금산,2021-09-27 13:00,24.3,,1.6,90,60,.3,,8,,31.2
238,금산,2021-09-27 14:00,25.3,,.7,140,58,.6,,7,,33
238,금산,2021-09-27 15:00,25.2,,2.1,110,58,.5,,8,,30.5
238,금산,2021-09-27 16:00,24.7,,2.2,90,59,0,,10,,26.8
238,금산,2021-09-27 17:00,23.7,,1.6,90,64,0,,10,,24
238,금산,2021-09-27 18:00,23,,.9,90,67,0,,9,,22.5
238,금산,2021-09-27 19:00,22.3,0,1.4,90,69,0,,9,,21.5
238,금산,2021-09-27 20:00,22,,.9,110,71,,,1,,21.1
238,금산,2021-09-27 21:00,21.2,,.9,200,76,,,4,,20.7
238,금산,2021-09-27 22:00,20.6,,.9,230,80,,,0,,20.3
238,금산,2021-09-27 23:00,19.9,,.3,0,85,,,5,,20.2
238,금산,2021-09-28 00:00,20.2,,.6,200,82,,,10,,20.1
238,금산,2021-09-28 01:00,20.1,,.4,0,82,,,5,,20
238,금산,2021-09-28 02:00,19.7,,.5,230,84,,,0,,19.8
238,금산,2021-09-28 03:00,19.5,,.3,0,82,,,6,,19.5
238,금산,2021-09-28 04:00,19.2,,.3,0,85,,,0,,19.5
238,금산,2021-09-28 05:00,19.4,,.8,140,79,,,8,,19.2
238,금산,2021-09-28 06:00,19.3,,.8,110,79,,,8,,19.1
238,금산,2021-09-28 07:00,19,,.9,160,82,0,,9,,19.3
238,금산,2021-09-28 08:00,19.3,,1.1,160,79,0,,9,,20.1
238,금산,2021-09-28 09:00,20.5,,1.5,110,74,.1,,9,,23.1
238,금산,2021-09-28 10:00,22,,1.5,160,69,.7,,9,,29
238,금산,2021-09-28 11:00,23.6,,1.7,110,63,.9,,9,,31.6
238,금산,2021-09-28 12:00,23.5,,2,160,61,.2,,9,,31.1
238,금산,2021-09-28 13:00,24.6,,1.2,140,61,0,,10,,32
238,금산,2021-09-28 14:00,24.5,,1.6,160,62,.1,,9,,29.5
238,금산,2021-09-28 15:00,24.3,0,1.5,110,64,0,,10,,27.4
238,금산,2021-09-28 16:00,23.5,0,1.4,90,70,0,,5,,25.4
238,금산,2021-09-28 17:00,23,,1.4,140,74,0,,7,,23.9
238,금산,2021-09-28 18:00,22.3,0,1.1,140,81,0,,5,,22.6
238,금산,2021-09-28 19:00,20.9,.3,.8,140,91,0,,5,,21.8
238,금산,2021-09-28 20:00,20.2,0,.7,250,96,,,5,,21.4
238,금산,2021-09-28 21:00,20.3,.1,.9,200,96,,,5,,21.1
238,금산,2021-09-28 22:00,20.4,0,.5,140,96,,,9,,21.1
238,금산,2021-09-28 23:00,20.2,,1.6,110,97,,,7,,20.8
238,금산,2021-09-29 00:00,20.2,,.6,110,98,,,9,,20.9
238,금산,2021-09-29 01:00,20.2,0,1,140,98,,,10,,20.7
238,금산,2021-09-29 02:00,20.2,0,.4,0,98,,,10,,20.7
238,금산,2021-09-29 03:00,20.1,,1.2,110,98,,,9,,20.5
238,금산,2021-09-29 04:00,20.1,,.7,140,98,,,9,,20.4
238,금산,2021-09-29 05:00,19.8,,.4,0,99,,,10,,19.9
238,금산,2021-09-29 06:00,19.7,,.4,0,99,,,10,,20.2
238,금산,2021-09-29 07:00,19.9,,.7,160,99,0,,6,,20.5
238,금산,2021-09-29 08:00,20.5,0,.5,20,97,0,,9,,21.1
238,금산,2021-09-29 09:00,21.2,0,.9,140,96,0,,9,,22.4
238,금산,2021-09-29 10:00,21.6,3.6,1.2,270,98,0,,10,,22.5
238,금산,2021-09-29 11:00,21.5,5.7,.9,320,99,0,,10,,22.4
238,금산,2021-09-29 12:00,21.9,4.5,.6,340,99,0,,10,,22.9
238,금산,2021-09-29 13:00,21.9,5.8,.5,270,99,0,,10,,22.7
238,금산,2021-09-29 14:00,22,5.6,.7,140,98,0,,10,,23.2
238,금산,2021-09-29 15:00,22.4,.3,.5,360,95,0,,10,,24
238,금산,2021-09-29 16:00,22.4,,.6,320,91,0,,10,,23.1
238,금산,2021-09-29 17:00,21.3,.2,.7,290,96,0,,10,,22.2
238,금산,2021-09-29 18:00,21.2,1.7,.6,90,98,0,,9,,21.8
238,금산,2021-09-29 19:00,21,0,.1,0,99,0,,10,,21.6
238,금산,2021-09-29 20:00,20.7,.9,.7,360,100,,,10,,21.3
238,금산,2021-09-29 21:00,20.6,1.6,.6,290,100,,,10,,21.3
238,금산,2021-09-29 22:00,20,.6,1.1,290,98,,,10,,20.8
238,금산,2021-09-29 23:00,19.6,1.3,.5,290,99,,,10,,20.6
238,금산,2021-09-30 00:00,19.4,.3,.8,290,99,,,10,,20.5
238,금산,2021-09-30 01:00,19.2,.4,.3,0,99,,,10,,20.2
238,금산,2021-09-30 02:00,18.9,,.5,290,99,,,10,,19.9
238,금산,2021-09-30 03:00,18.6,,.3,0,99,,,9,,19.4
238,금산,2021-09-30 04:00,18.2,,0,0,100,,,7,,18.9
238,금산,2021-09-30 05:00,18.3,,.2,0,100,,,9,,19.3
238,금산,2021-09-30 06:00,17.6,,.2,0,100,,,7,,17.7
238,금산,2021-09-30 07:00,17.5,,.5,270,100,0,,9,,18.8
238,금산,2021-09-30 08:00,19,,1,290,93,.6,,5,,19.3
238,금산,2021-09-30 09:00,19.9,,1.1,140,81,.7,,1,,21.4
238,금산,2021-09-30 10:00,21.4,,1.6,160,79,.9,,1,,28
238,금산,2021-09-30 11:00,22.6,,.9,270,73,1,,0,,31.1
238,금산,2021-09-30 12:00,24.2,,1.3,250,65,1,,0,,33.4
238,금산,2021-09-30 13:00,26,,1.2,20,59,1,,0,,34.5
238,금산,2021-09-30 14:00,27.4,,1.3,90,45,1,,0,,34.3
238,금산,2021-09-30 15:00,27.9,,1.7,20,46,1,,0,,32.7
238,금산,2021-09-30 16:00,26.7,,2,360,58,.9,,0,,28.4
238,금산,2021-09-30 17:00,26.1,,1.2,360,62,.9,,0,,25.8
238,금산,2021-09-30 18:00,23.3,,.9,270,78,.7,,0,,22.9
238,금산,2021-09-30 19:00,20.8,,.7,270,90,0,,0,,21.2
238,금산,2021-09-30 20:00,19.7,,.8,270,93,,,0,,20.1
238,금산,2021-09-30 21:00,19.1,,.4,0,95,,,0,,19.1
238,금산,2021-09-30 22:00,18.2,,.4,0,97,,,0,,18.4
238,금산,2021-09-30 23:00,17.4,,.4,0,99,,,0,,17.9
238,금산,2021-10-01 00:00,16.9,,.3,0,100,,,0,,18.6
238,금산,2021-10-01 01:00,16.9,,.6,50,100,,,6,,18.4
238,금산,2021-10-01 02:00,17.1,,.6,90,100,,,6,,19.2
238,금산,2021-10-01 03:00,16.6,,.4,0,100,,,8,,19.2
238,금산,2021-10-01 04:00,16.7,,.9,140,100,,,6,,19
238,금산,2021-10-01 05:00,16.4,,.5,140,100,,,8,,18.9
238,금산,2021-10-01 06:00,16.2,,.4,0,100,,,8,,18.9
238,금산,2021-10-01 07:00,16,,.4,0,100,0,,0,,18.9
238,금산,2021-10-01 08:00,16.4,,.4,0,100,0,,7,,19.7
238,금산,2021-10-01 09:00,16.7,,.5,20,100,0,,,,21.2
238,금산,2021-10-01 10:00,18.6,,1.4,160,95,.1,,8,,25.1
238,금산,2021-10-01 11:00,20.9,,,,80,.3,,2,,29.3
238,금산,2021-10-01 12:00,22.8,,,,70,1,,0,,32.3
238,금산,2021-10-01 13:00,24.5,,1.7,200,65,1,,0,,38.1
238,금산,2021-10-01 14:00,25.4,,.7,270,57,1,,0,,40.4
238,금산,2021-10-01 15:00,26.5,,1.2,110,56,1,,0,,38.4
238,금산,2021-10-01 16:00,26.7,,1.1,320,55,1,,0,,34.5
238,금산,2021-10-01 17:00,26.1,,.7,290,62,1,,0,,26.9
238,금산,2021-10-01 18:00,22.3,,.9,250,74,.8,,0,,22.3
238,금산,2021-10-01 19:00,20.1,,.5,270,80,0,,0,,20
238,금산,2021-10-01 20:00,19.2,,.1,0,87,,,0,,19
238,금산,2021-10-01 21:00,19.3,,.3,0,86,,,0,,18.5
238,금산,2021-10-01 22:00,18.2,,0,0,93,,,7,,18.1
238,금산,2021-10-01 23:00,18.3,,.9,320,93,,,5,,17.9
238,금산,2021-10-02 00:00,18.9,,1.1,180,91,,,6,,18.4
238,금산,2021-10-02 01:00,18.5,,.2,0,91,,,6,,18.1
238,금산,2021-10-02 02:00,17.2,,.6,320,97,,,0,,17.2
238,금산,2021-10-02 03:00,16.9,,.4,0,98,,,0,,16.7
238,금산,2021-10-02 04:00,16,,1.2,290,99,,,2,,16.2
238,금산,2021-10-02 05:00,16.4,,.5,290,100,,,4,,17.9
238,금산,2021-10-02 06:00,16.5,,1.2,160,100,,,8,,18.1
238,금산,2021-10-02 07:00,17.1,0,1.7,70,100,0,,10,,17.9
238,금산,2021-10-02 08:00,17.4,,0,0,96,0,,9,,19.6
238,금산,2021-10-02 09:00,19.1,,.3,0,84,.8,,0,,22.4
238,금산,2021-10-02 10:00,21.9,,1.2,90,72,1,,0,,32.4
238,금산,2021-10-02 11:00,24.5,,1.1,20,64,1,,0,,38.7
238,금산,2021-10-02 12:00,25.1,,1.1,250,59,.6,,0,,38.5
238,금산,2021-10-02 13:00,26.1,,1.1,290,47,1,,0,,40.9
238,금산,2021-10-02 14:00,26.5,,1.4,320,47,1,,0,,39.9
238,금산,2021-10-02 15:00,26.9,,1.4,320,47,1,,0,,37.4
238,금산,2021-10-02 16:00,26.6,,1.1,290,51,1,,0,,33.7
238,금산,2021-10-02 17:00,25.8,,1.2,290,54,1,,0,,26.5
238,금산,2021-10-02 18:00,22.8,,.6,250,74,.6,,0,,22.1
238,금산,2021-10-02 19:00,20.3,,.7,250,83,0,,0,,19.9
238,금산,2021-10-02 20:00,18.9,,1,320,90,,,0,,18.5
238,금산,2021-10-02 21:00,17.7,,.3,0,93,,,0,,17.5
238,금산,2021-10-02 22:00,17.1,,.8,320,96,,,0,,17.2
238,금산,2021-10-02 23:00,16.8,,0,0,96,,,0,,16.6
238,금산,2021-10-03 00:00,16.3,,.4,0,97,,,0,,16.1
238,금산,2021-10-03 01:00,15.7,,.1,0,99,,,4,,15.6
238,금산,2021-10-03 02:00,15.1,,0,0,99,,,8,,15.1
238,금산,2021-10-03 03:00,14.7,,.2,0,100,,,8,,15.9
238,금산,2021-10-03 04:00,15.7,,1.1,160,100,,,8,,17.1
238,금산,2021-10-03 05:00,15.3,,.9,90,100,,,8,,17.2
238,금산,2021-10-03 06:00,14.8,,.8,90,100,,,8,,17.2
238,금산,2021-10-03 07:00,14.5,,.8,110,100,0,,8,,17.5
238,금산,2021-10-03 08:00,14.9,,.3,0,100,0,,,,19.4
238,금산,2021-10-03 09:00,17.4,,1.6,140,98,.4,,,,21.9
238,금산,2021-10-03 10:00,21.7,,.9,90,70,1,,,,34.5
238,금산,2021-10-03 11:00,24.8,,.6,200,59,1,,0,,39.5
238,금산,2021-10-03 12:00,27.6,,.8,180,47,1,,0,,42.5
238,금산,2021-10-03 13:00,29.4,,1.2,70,40,1,,0,,44
238,금산,2021-10-03 14:00,30.6,,.7,320,29,1,,5,,41.6
238,금산,2021-10-03 15:00,30.4,,2.7,180,28,1,,7,,37.9
238,금산,2021-10-03 16:00,29.9,,2.2,180,32,1,,6,,35.5
238,금산,2021-10-03 17:00,28.3,,2.3,160,39,1,,1,,26.1
238,금산,2021-10-03 18:00,25.1,,.6,140,52,.3,,6,,21.4
238,금산,2021-10-03 19:00,21.1,,1,250,69,0,,3,,19.5
238,금산,2021-10-03 20:00,19.1,,1,290,79,,,5,,18.3
238,금산,2021-10-03 21:00,18.2,,.5,200,81,,,5,,17.3
238,금산,2021-10-03 22:00,17,,.4,0,87,,,4,,16.4
238,금산,2021-10-03 23:00,16,,1.3,320,93,,,0,,15.8
238,금산,2021-10-04 00:00,15.3,,.5,270,94,,,4,,15.3
238,금산,2021-10-04 01:00,15,,.4,0,95,,,0,,14.7
238,금산,2021-10-04 02:00,14.4,,.8,320,97,,,2,,14.5
238,금산,2021-10-04 03:00,14.4,,.3,0,97,,,6,,14.4
238,금산,2021-10-04 04:00,14,,.4,0,97,,,7,,14.5
238,금산,2021-10-04 05:00,13.9,,.7,290,97,,,6,,14.7
238,금산,2021-10-04 06:00,14,,.3,0,97,,,7,,14.4
238,금산,2021-10-04 07:00,14.2,,0,0,97,0,,6,,15.8
238,금산,2021-10-04 08:00,16.4,,.1,0,86,.8,,6,,17.5
238,금산,2021-10-04 09:00,20.3,,.5,20,72,1,,6,,24.8
238,금산,2021-10-04 10:00,23.9,,.6,360,68,.8,,9,,35.6
238,금산,2021-10-04 11:00,26.6,,.8,290,61,.4,,9,,35.5
238,금산,2021-10-04 12:00,27.6,,1.3,250,59,.2,,10,,41
238,금산,2021-10-04 13:00,28.9,,2.1,230,55,.8,,9,,44.4
238,금산,2021-10-04 14:00,28.4,,1.6,270,55,.7,,7,,38.4
238,금산,2021-10-04 15:00,28.2,,2,200,57,.5,,8,,33.7
238,금산,2021-10-04 16:00,28,,1.5,230,55,.4,,8,,31.3
238,금산,2021-10-04 17:00,27.7,,1.2,250,56,.6,,7,,29
238,금산,2021-10-04 18:00,25.4,,.7,270,66,.3,,6,,23
238,금산,2021-10-04 19:00,22.9,,1.1,290,79,0,,0,,20.7
238,금산,2021-10-04 20:00,21.4,,.8,270,86,,,2,,19.7
238,금산,2021-10-04 21:00,20.3,,.7,250,91,,,0,,18.8
238,금산,2021-10-04 22:00,19.7,,.4,0,93,,,0,,18.1
238,금산,2021-10-04 23:00,19,,.7,320,96,,,0,,17.8
238,금산,2021-10-05 00:00,18.4,,.3,0,97,,,0,,17.2
238,금산,2021-10-05 01:00,17.8,,.6,290,98,,,5,,16.7
238,금산,2021-10-05 02:00,17.4,,.4,0,98,,,0,,16.2
238,금산,2021-10-05 03:00,16.5,,.2,0,100,,,4,,15.6
238,금산,2021-10-05 04:00,16.2,,.3,0,100,,,0,,16.4
238,금산,2021-10-05 05:00,16.3,,0,0,100,,,5,,17.1
238,금산,2021-10-05 06:00,16.2,,.4,0,100,,,8,,17.4
238,금산,2021-10-05 07:00,16.4,,.2,0,100,0,,8,,18.3
238,금산,2021-10-05 08:00,17,,.2,0,100,0,,5,,20.2
238,금산,2021-10-05 09:00,18.4,,.4,0,100,.2,,4,,23.7
238,금산,2021-10-05 10:00,22.6,,.5,50,82,1,,3,,37.6
238,금산,2021-10-05 11:00,26.1,,.9,70,62,1,,1,,43.8
238,금산,2021-10-05 12:00,26.8,,4,230,55,1,,3,,40.6
238,금산,2021-10-05 13:00,27.1,,2.8,230,55,1,,1,,42.7
238,금산,2021-10-05 14:00,27.7,,2.9,250,52,1,,0,,41.7
238,금산,2021-10-05 15:00,28,,2.1,290,53,1,,6,,40
238,금산,2021-10-05 16:00,27,,1.9,290,58,.6,,3,,35.1
238,금산,2021-10-05 17:00,26.1,,1.1,290,63,.7,,5,,28.8
238,금산,2021-10-05 18:00,24.4,,1.2,250,68,.4,,1,,22.4
238,금산,2021-10-05 19:00,21.3,,.7,270,83,0,,0,,20
238,금산,2021-10-05 20:00,20.2,,.7,270,87,,,0,,19
238,금산,2021-10-05 21:00,19.2,,.7,290,92,,,2,,17.7
238,금산,2021-10-05 22:00,18.1,,.7,340,96,,,0,,17.1
238,금산,2021-10-05 23:00,17.6,,.3,0,97,,,0,,16.2
238,금산,2021-10-06 00:00,16.9,,.4,0,98,,,0,,16.2
238,금산,2021-10-06 01:00,16.4,,.1,0,98,,,0,,15.5
238,금산,2021-10-06 02:00,15.7,,.5,290,98,,,1,,15.2
238,금산,2021-10-06 03:00,15.3,,.8,290,100,,,6,,16
238,금산,2021-10-06 04:00,16.2,,0,0,100,,,6,,17.4
238,금산,2021-10-06 05:00,16.2,,.6,270,100,,,7,,17.5
238,금산,2021-10-06 06:00,16.6,,.2,0,100,,,3,,17.9
238,금산,2021-10-06 07:00,16.9,,.1,0,100,0,,7,,18.2
238,금산,2021-10-06 08:00,17.1,,.7,110,100,0,,5,,19.6
238,금산,2021-10-06 09:00,17.9,,1.2,140,100,0,,5,,23.6
238,금산,2021-10-06 10:00,20.9,,1.1,140,80,.9,,3,,36.7
238,금산,2021-10-06 11:00,22.7,,.6,140,72,1,,4,,42.4
238,금산,2021-10-06 12:00,24.3,,1.6,140,62,1,,6,,38.7
238,금산,2021-10-06 13:00,25.9,,2.2,110,56,1,,5,,46.5
238,금산,2021-10-06 14:00,26,,1.3,110,56,.8,,7,,36.4
238,금산,2021-10-06 15:00,27.2,,1.8,140,53,1,,6,,40.3
238,금산,2021-10-06 16:00,27.2,,1.4,110,54,1,,3,,35.5
238,금산,2021-10-06 17:00,26.1,,1.9,70,58,1,,6,,28.3
238,금산,2021-10-06 18:00,24.3,,.6,70,67,.6,,0,,22.2
238,금산,2021-10-06 19:00,22.8,,.6,110,74,0,,0,,20
238,금산,2021-10-06 20:00,20,,.8,250,88,,,0,,18.7
238,금산,2021-10-06 21:00,19.6,,.1,0,89,,,0,,17.8
238,금산,2021-10-06 22:00,18.8,,.1,0,92,,,0,,17.1
238,금산,2021-10-06 23:00,18.2,,.4,0,94,,,0,,16.8
238,금산,2021-10-07 00:00,17.4,,.3,0,97,,,0,,16.3
238,금산,2021-10-07 01:00,17,,.3,0,98,,,2,,16.1
238,금산,2021-10-07 02:00,17,,.2,0,98,,,5,,16.8
238,금산,2021-10-07 03:00,16.2,,.9,290,99,,,4,,16.3
238,금산,2021-10-07 04:00,16.8,,.1,0,100,,,4,,17.8
238,금산,2021-10-07 05:00,17,,.4,0,100,,,9,,17.8
238,금산,2021-10-07 06:00,16.8,,.8,110,100,,,6,,18
238,금산,2021-10-07 07:00,17,,.3,0,99,0,,5,,18.6
238,금산,2021-10-07 08:00,17.4,,.7,90,98,0,,5,,21.2
238,금산,2021-10-07 09:00,20,,.6,90,86,.4,,4,,23.5
238,금산,2021-10-07 10:00,22.8,,.8,290,74,1,,6,,38.2
238,금산,2021-10-07 11:00,23.5,,.7,110,68,.3,,9,,37.3
238,금산,2021-10-07 12:00,25.7,,1.8,250,56,.4,,9,,38.1
238,금산,2021-10-07 13:00,24.9,,.9,270,62,0,,9,,34
238,금산,2021-10-07 14:00,23.3,,2.2,290,72,.1,,10,,24.5
238,금산,2021-10-07 15:00,19.4,1.4,1.9,340,95,0,,4,,20.7
238,금산,2021-10-07 16:00,19.2,1.4,.6,270,94,0,,5,,21.5
238,금산,2021-10-07 17:00,19.6,0,.7,230,92,0,,8,,22.1
238,금산,2021-10-07 18:00,19.3,,1.2,140,93,.1,,7,,20
238,금산,2021-10-07 19:00,18.6,,.2,0,97,0,,6,,18.4
238,금산,2021-10-07 20:00,17.8,,0,0,99,,,7,,17.5
238,금산,2021-10-07 21:00,17.5,,.5,270,100,,,7,,18.3
238,금산,2021-10-07 22:00,17.9,,.3,0,100,,,7,,19.1
238,금산,2021-10-07 23:00,18,,.1,0,100,,,8,,19.2
238,금산,2021-10-08 00:00,18,,.4,0,100,,,8,,19.3
238,금산,2021-10-08 01:00,18.1,,.3,0,100,,,7,,19.3
238,금산,2021-10-08 02:00,18,,.8,110,100,,,9,,19.2
238,금산,2021-10-08 03:00,17.9,,.6,360,100,,,10,,19.1
238,금산,2021-10-08 04:00,17.9,,.6,110,100,,,10,,19.2
238,금산,2021-10-08 05:00,17.8,,.8,90,100,,,9,,19
238,금산,2021-10-08 06:00,17.7,,.4,0,100,,,9,,19
238,금산,2021-10-08 07:00,18,,.6,340,100,0,,9,,19.2
238,금산,2021-10-08 08:00,18.3,,.1,0,98,0,,10,,20.4
238,금산,2021-10-08 09:00,18.9,,1.2,140,95,0,,9,,21.2
238,금산,2021-10-08 10:00,19.4,,.9,140,91,0,,9,,23.9
238,금산,2021-10-08 11:00,20.1,,.5,160,87,0,,9,,25.6
238,금산,2021-10-08 12:00,20.7,0,.2,0,83,0,,10,,27.1
238,금산,2021-10-08 13:00,21.2,0,.3,0,83,0,,10,,26.1
238,금산,2021-10-08 14:00,21,.1,.7,90,88,0,,10,,23.1
238,금산,2021-10-08 15:00,21.2,0,1,230,88,0,,10,,24.2
238,금산,2021-10-08 16:00,21.1,,.7,290,90,0,,10,,22.3
238,금산,2021-10-08 17:00,20.9,0,.5,290,93,0,,9,,22
238,금산,2021-10-08 18:00,20.8,,.2,0,93,0,,10,,21.3
238,금산,2021-10-08 19:00,20.5,,.1,0,94,0,,10,,20.4
238,금산,2021-10-08 20:00,20.3,,.5,140,96,,,10,,20.2
238,금산,2021-10-08 21:00,20.3,0,1,140,92,,,9,,19.6
238,금산,2021-10-08 22:00,19.5,,.5,230,96,,,8,,18.7
238,금산,2021-10-08 23:00,19,,0,0,97,,,10,,18.9
238,금산,2021-10-09 00:00,18.9,,.2,0,98,,,10,,19.1
238,금산,2021-10-09 01:00,18.9,,.3,0,98,,,10,,19.1
238,금산,2021-10-09 02:00,18.7,,.9,320,98,,,10,,19
238,금산,2021-10-09 03:00,19.1,,0,0,98,,,9,,19
238,금산,2021-10-09 04:00,18.7,,.2,0,99,,,8,,18.8
238,금산,2021-10-09 05:00,18.7,,.3,0,98,,,1,,18.9
238,금산,2021-10-09 06:00,18.7,0,0,0,99,,,6,,18.6
238,금산,2021-10-09 07:00,18.5,,0,0,99,0,,10,,18.9
238,금산,2021-10-09 08:00,19.7,,.5,200,96,.1,,9,,21.2
238,금산,2021-10-09 09:00,21.7,0,.7,140,85,.1,,10,,26.9
238,금산,2021-10-09 10:00,23.3,,1.1,110,76,.3,,9,,29.9
238,금산,2021-10-09 11:00,24.3,,1.2,110,72,.1,,9,,32.4
238,금산,2021-10-09 12:00,25.4,,.7,140,67,.7,,6,,43
238,금산,2021-10-09 13:00,26.6,,1,160,62,.8,,7,,39.6
238,금산,2021-10-09 14:00,27.6,,1.6,110,59,.7,,7,,42.1
238,금산,2021-10-09 15:00,27.9,,1.7,90,56,.8,,6,,40
238,금산,2021-10-09 16:00,27.7,,1.3,110,56,.8,,3,,36
238,금산,2021-10-09 17:00,27,,1.4,90,60,.9,,5,,27.3
238,금산,2021-10-09 18:00,23.5,,1,250,79,.5,,3,,22.6
238,금산,2021-10-09 19:00,21.9,,.9,270,86,0,,4,,20.9
238,금산,2021-10-09 20:00,20.8,,.4,0,92,,,4,,20
238,금산,2021-10-09 21:00,20.4,,.3,0,94,,,4,,19.3
238,금산,2021-10-09 22:00,19.6,,.1,0,96,,,6,,18.6
238,금산,2021-10-09 23:00,19.1,,.4,0,97,,,4,,18.3
238,금산,2021-10-10 00:00,18.5,,.4,0,98,,,3,,17.9
238,금산,2021-10-10 01:00,17.9,,.1,0,98,,,3,,17.5
238,금산,2021-10-10 02:00,18.2,,.7,90,98,,,5,,17.1
238,금산,2021-10-10 03:00,17.8,,.3,0,99,,,9,,18.2
238,금산,2021-10-10 04:00,17.7,,.3,0,99,,,6,,17
238,금산,2021-10-10 05:00,17.4,,0,0,100,,,2,,17.5
238,금산,2021-10-10 06:00,17.5,,.2,0,100,,,4,,18.4
238,금산,2021-10-10 07:00,17.5,,.1,0,100,0,,5,,18.9
238,금산,2021-10-10 08:00,17.9,,.3,0,100,.2,,8,,20.6
238,금산,2021-10-10 09:00,21.2,,.5,20,84,1,,2,,24.6
238,금산,2021-10-10 10:00,23.3,,.8,140,74,1,,5,,38
238,금산,2021-10-10 11:00,26.4,,.4,0,67,1,,6,,43.6
238,금산,2021-10-10 12:00,28.4,,1.4,250,52,.8,,8,,42.5
238,금산,2021-10-10 13:00,28.5,,1.7,230,54,.2,,9,,36.7
238,금산,2021-10-10 14:00,27.7,,1.3,250,58,.3,,8,,32.1
238,금산,2021-10-10 15:00,27.2,0,1.8,270,59,.2,,7,,31.4
238,금산,2021-10-10 16:00,27.6,,1.5,270,60,.7,,8,,33.4
238,금산,2021-10-10 17:00,26.6,,1.3,250,64,.9,,6,,27.2
238,금산,2021-10-10 18:00,25,,1.1,250,70,.2,,6,,23
238,금산,2021-10-10 19:00,23.5,.4,.9,250,84,0,,6,,22.3
238,금산,2021-10-10 20:00,22.7,.1,1,320,89,,,6,,21.8
238,금산,2021-10-10 21:00,22.3,.1,1.2,320,93,,,7,,21.9
238,금산,2021-10-10 22:00,20.1,.1,1.5,340,93,,,8,,20.2
238,금산,2021-10-10 23:00,18.9,1.2,1.6,290,95,,,8,,19.6
238,금산,2021-10-11 00:00,16.8,.3,2.1,360,93,,,10,,17.7
238,금산,2021-10-11 01:00,16.4,.2,1.3,290,97,,,9,,17.5
238,금산,2021-10-11 02:00,15.2,.9,1.9,320,90,,,10,,16
238,금산,2021-10-11 03:00,13.7,.4,2.3,290,94,,,10,,15.3
238,금산,2021-10-11 04:00,13.1,.1,1.2,270,90,,,9,,15.4
238,금산,2021-10-11 05:00,12.6,.3,.8,270,92,,,10,,14.7
238,금산,2021-10-11 06:00,12.3,1.3,.7,320,92,,,10,,14.3
238,금산,2021-10-11 07:00,12.3,.7,.6,270,95,0,,10,,14.6
238,금산,2021-10-11 08:00,12.7,.7,.2,0,93,0,,10,,15.9
238,금산,2021-10-11 09:00,13,.1,1.4,160,91,0,,10,,15.9
238,금산,2021-10-11 10:00,13.2,.3,1.1,160,88,0,,10,,17.2
238,금산,2021-10-11 11:00,13.5,.3,.9,270,88,0,,10,,18.3
238,금산,2021-10-11 12:00,14.1,.2,.8,340,86,0,,10,,20.6
238,금산,2021-10-11 13:00,14.4,0,.5,320,85,0,,10,,18.3
238,금산,2021-10-11 14:00,14.9,0,.4,0,84,0,,10,,20.4
238,금산,2021-10-11 15:00,14.8,.2,.4,0,86,0,,10,,18.2
238,금산,2021-10-11 16:00,14.7,1,.5,140,93,0,,10,,17.6
238,금산,2021-10-11 17:00,14.7,.3,.7,160,91,0,,10,,17.3
238,금산,2021-10-11 18:00,14.7,.3,1.3,180,94,0,,10,,16.5
238,금산,2021-10-11 19:00,14.7,0,.5,230,96,0,,10,,16.6
238,금산,2021-10-11 20:00,15.2,,.5,160,95,,,10,,16.9
238,금산,2021-10-11 21:00,15.2,,.2,0,94,,,10,,16.8
238,금산,2021-10-11 22:00,15,,0,0,97,,,9,,16.9
238,금산,2021-10-11 23:00,15.1,.3,.3,0,99,,,4,,16.7
238,금산,2021-10-12 00:00,15.4,.5,.7,180,99,,,6,,16.8
238,금산,2021-10-12 01:00,15.6,.2,1,160,98,,,6,,16.7
238,금산,2021-10-12 02:00,15.8,0,1,140,95,,,5,,16.7
238,금산,2021-10-12 03:00,15.7,,.5,200,96,,,5,,16.6
238,금산,2021-10-12 04:00,15.6,.6,.4,0,98,,,0,,16.6
238,금산,2021-10-12 05:00,15.5,.4,1.3,180,97,,,8,,16.3
238,금산,2021-10-12 06:00,15.4,.2,.6,110,96,,,8,,16.5
238,금산,2021-10-12 07:00,15.1,.7,1,110,96,0,,9,,16.3
238,금산,2021-10-12 08:00,14.9,.8,.9,140,96,0,,9,,16.5
238,금산,2021-10-12 09:00,14.3,1.3,1.2,110,95,0,,10,,16.5
238,금산,2021-10-12 10:00,14.3,1.3,1.3,110,94,0,,10,,16.6
238,금산,2021-10-12 11:00,14.5,1,1.3,110,93,0,,10,,17.1
238,금산,2021-10-12 12:00,14.4,.8,1.5,110,94,0,,9,,17.8
238,금산,2021-10-12 13:00,14.5,.7,1.2,140,94,0,,9,,18
238,금산,2021-10-12 14:00,14.6,.9,1.1,110,94,0,,9,,18.1
238,금산,2021-10-12 15:00,14.6,1.1,.7,140,95,0,,9,,17.5
238,금산,2021-10-12 16:00,14.8,1,1,180,96,0,,9,,17.6
238,금산,2021-10-12 17:00,15,,1.5,160,92,0,,9,,17
238,금산,2021-10-12 18:00,14.9,0,1.2,160,94,0,,9,,16.3
238,금산,2021-10-12 19:00,15.3,0,.3,0,91,,,9,,16.4
238,금산,2021-10-12 20:00,15.5,0,.7,110,90,,,9,,16.5
238,금산,2021-10-12 21:00,15.4,,1.3,140,89,,,9,,16.1
238,금산,2021-10-12 22:00,15.5,,.9,140,87,,,0,,16.4
238,금산,2021-10-12 23:00,15.4,0,1.4,90,86,,,6,,15.8
238,금산,2021-10-13 00:00,14.9,,.2,0,92,,,0,,16.2
238,금산,2021-10-13 01:00,14.9,,.2,0,93,,,0,,16.4
238,금산,2021-10-13 02:00,15.1,,.8,180,88,,,3,,16.2
238,금산,2021-10-13 03:00,15,,.2,0,89,,,5,,16.3
238,금산,2021-10-13 04:00,15.1,,.1,0,90,,,1,,16.4
238,금산,2021-10-13 05:00,15.4,,.8,160,88,,,1,,16.4
238,금산,2021-10-13 06:00,15.5,,.9,200,87,,,5,,16.3
238,금산,2021-10-13 07:00,15.5,,.5,200,88,0,,4,,16.6
238,금산,2021-10-13 08:00,16.5,,1,160,82,0,,4,,18.1
238,금산,2021-10-13 09:00,17.5,,1.2,160,81,0,,4,,21.8
238,금산,2021-10-13 10:00,18.8,,2.3,90,71,0,,6,,24.3
238,금산,2021-10-13 11:00,20.8,,1.9,110,64,.8,,6,,34.6
238,금산,2021-10-13 12:00,22.2,,1.7,110,64,.6,,7,,34.1
238,금산,2021-10-13 13:00,22.9,,2.2,110,64,.6,,9,,31.4
238,금산,2021-10-13 14:00,22.5,,1.8,110,64,.2,,10,,34.2
238,금산,2021-10-13 15:00,22.3,,1.5,140,65,.2,,8,,29.3
238,금산,2021-10-13 16:00,22.7,,1.4,110,64,.6,,4,,26.8
238,금산,2021-10-13 17:00,21.2,,2,110,69,.1,,4,,21
238,금산,2021-10-13 18:00,20.5,,.7,110,75,.1,,2,,19.4
238,금산,2021-10-13 19:00,18.2,,.5,230,89,,,4,,17.2
238,금산,2021-10-13 20:00,16.8,,.3,0,93,,,0,,16.3
238,금산,2021-10-13 21:00,15.7,,.8,250,97,,,0,,15.6
238,금산,2021-10-13 22:00,15.1,,.6,270,98,,,0,,15
238,금산,2021-10-13 23:00,15.1,,.3,0,98,,,4,,15.4
238,금산,2021-10-14 00:00,14.9,,0,0,98,,,5,,15.6
238,금산,2021-10-14 01:00,14.3,,.3,0,99,,,4,,14.5
238,금산,2021-10-14 02:00,14.1,,.2,0,100,,,1,,15.4
238,금산,2021-10-14 03:00,14.4,,.1,0,100,,,4,,16
238,금산,2021-10-14 04:00,14.4,,.2,0,100,,,7,,16
238,금산,2021-10-14 05:00,14.4,,.2,0,100,,,9,,16.1
238,금산,2021-10-14 06:00,14.3,,.6,140,100,,,5,,16.1
238,금산,2021-10-14 07:00,14.1,,.5,140,100,0,,9,,16.1
238,금산,2021-10-14 08:00,14.5,,.1,0,100,0,,5,,17
238,금산,2021-10-14 09:00,15.2,,0,0,100,0,,4,,20.5
238,금산,2021-10-14 10:00,16.2,,.5,340,100,0,,4,,25.6
238,금산,2021-10-14 11:00,19.7,,.4,0,85,.7,,7,,30.2
238,금산,2021-10-14 12:00,22.6,,1,340,69,.8,,7,,30.9
238,금산,2021-10-14 13:00,25,,2,270,56,.9,,4,,38.9
238,금산,2021-10-14 14:00,24.5,,2.2,250,56,.7,,0,,31.9
238,금산,2021-10-14 15:00,24,,2.3,320,56,.9,,0,,29.7
238,금산,2021-10-14 16:00,24.3,,2.1,290,54,.9,,4,,29.8
238,금산,2021-10-14 17:00,23.1,,1.2,270,58,1,,0,,22.8
238,금산,2021-10-14 18:00,20.6,,.9,250,72,.3,,0,,19.2
238,금산,2021-10-14 19:00,19.1,,.4,0,78,,,3,,17.6
238,금산,2021-10-14 20:00,17.9,,.7,270,85,,,3,,16.8
238,금산,2021-10-14 21:00,16.8,,.2,0,91,,,2,,15.8
238,금산,2021-10-14 22:00,15.9,,.4,0,96,,,1,,15.4
238,금산,2021-10-14 23:00,15.1,,1,290,97,,,2,,15
238,금산,2021-10-15 00:00,14.6,,.2,0,98,,,5,,14.6
238,금산,2021-10-15 01:00,14.2,,.4,0,98,,,8,,14.4
238,금산,2021-10-15 02:00,14.6,,0,0,98,,,9,,15.5
238,금산,2021-10-15 03:00,13.9,,0,0,100,,,8,,14.7
238,금산,2021-10-15 04:00,14.3,,0,0,99,,,8,,15.4
238,금산,2021-10-15 05:00,14.5,,.1,0,100,,,8,,15.9
238,금산,2021-10-15 06:00,14.7,,.2,0,100,,,9,,16.2
238,금산,2021-10-15 07:00,15.2,,.1,0,100,0,,10,,16.7
238,금산,2021-10-15 08:00,15.5,,.6,290,98,0,,4,,17.9
238,금산,2021-10-15 09:00,16.2,0,.7,290,96,0,,8,,19.4
238,금산,2021-10-15 10:00,18.2,,.4,0,84,0,,9,,25.7
238,금산,2021-10-15 11:00,19.3,,.9,290,80,0,,10,,24.5
238,금산,2021-10-15 12:00,20.5,,.7,90,74,0,,9,,28.2
238,금산,2021-10-15 13:00,21.1,,.7,360,69,0,,10,,29
238,금산,2021-10-15 14:00,20.8,,1.4,320,72,0,,10,,24.5
238,금산,2021-10-15 15:00,20.6,,1.4,340,70,0,,9,,22.6
238,금산,2021-10-15 16:00,19.7,0,.6,290,81,0,,10,,20.8
238,금산,2021-10-15 17:00,18.6,.2,.8,290,89,0,,10,,19.4
238,금산,2021-10-15 18:00,17.4,.7,.7,270,95,0,,10,,18.4
238,금산,2021-10-15 19:00,17.3,1.2,.7,290,97,,,10,,18.1
238,금산,2021-10-15 20:00,17,1.1,.3,0,98,,,10,,18
238,금산,2021-10-15 21:00,17,1.5,.4,0,98,,,10,,17.6
238,금산,2021-10-15 22:00,17,.3,.4,0,98,,,10,,17.8
238,금산,2021-10-15 23:00,16.8,.9,.4,0,98,,,10,,17.6
238,금산,2021-10-16 00:00,16.6,1.3,.5,270,99,,,10,,17.4
238,금산,2021-10-16 01:00,16.4,4,.5,270,99,,,10,,17.1
238,금산,2021-10-16 02:00,16.3,2.3,.3,0,99,,,10,,17.2
238,금산,2021-10-16 03:00,16.4,3.3,.4,0,98,,,10,,17.1
238,금산,2021-10-16 04:00,14.8,.7,1.4,270,89,,,10,,15.7
238,금산,2021-10-16 05:00,14.3,0,1,270,88,,,9,,15.6
238,금산,2021-10-16 06:00,14,0,.7,290,84,,,10,,15.2
238,금산,2021-10-16 07:00,13.1,.1,.9,250,92,0,,10,,14.6
238,금산,2021-10-16 08:00,13.3,.1,.5,290,91,0,,10,,16.1
238,금산,2021-10-16 09:00,14.6,,.1,0,86,0,,10,,19.1
238,금산,2021-10-16 10:00,15.3,,1.8,320,67,0,,10,,18.6
238,금산,2021-10-16 11:00,15.5,,1.8,320,61,0,,9,,19.6
238,금산,2021-10-16 12:00,15.6,,1.6,290,55,0,,10,,18.7
238,금산,2021-10-16 13:00,15.4,,1.7,290,54,0,,10,,18.2
238,금산,2021-10-16 14:00,14.3,,2.8,290,48,0,,10,,17.8
238,금산,2021-10-16 15:00,13.4,,2.7,290,39,0,,10,,16
238,금산,2021-10-16 16:00,12.9,,3.7,290,43,.1,,10,,16.3
238,금산,2021-10-16 17:00,10.6,,3.5,290,45,0,,10,,11.3
238,금산,2021-10-16 18:00,9.3,,2.6,290,52,0,,10,,10.2
238,금산,2021-10-16 19:00,8.6,,2.1,290,52,,,9,,9.4
238,금산,2021-10-16 20:00,8.2,,2.6,290,54,,,10,,8.9
238,금산,2021-10-16 21:00,7.9,,2.4,290,58,,,9,,8.4
238,금산,2021-10-16 22:00,7,,2.3,290,63,,,8,,7.1
238,금산,2021-10-16 23:00,6,,1.5,320,63,,,8,,6.6
238,금산,2021-10-17 00:00,5,,2,290,52,,,8,,5.4
238,금산,2021-10-17 01:00,4.4,,1.9,320,49,,,9,,4.5
238,금산,2021-10-17 02:00,3.4,,1.2,290,55,,,4,,4.2
238,금산,2021-10-17 03:00,2.6,,.8,290,59,,,0,,4
238,금산,2021-10-17 04:00,1,,.7,250,76,,,0,,3.7
238,금산,2021-10-17 05:00,1,,1.1,290,71,,,0,,3
238,금산,2021-10-17 06:00,.1,,.4,0,81,,,0,,2.9
238,금산,2021-10-17 07:00,.2,,.2,0,76,.2,,0,,3.1
238,금산,2021-10-17 08:00,2.5,,.7,320,60,1,,0,,4.6
238,금산,2021-10-17 09:00,4,,1.5,360,48,1,,0,,7.4
238,금산,2021-10-17 10:00,6.1,,1.7,290,45,1,,0,,19.5
238,금산,2021-10-17 11:00,6.4,,1.3,320,41,1,,0,,24.1
238,금산,2021-10-17 12:00,8.2,,1.7,340,35,1,,0,,27.3
238,금산,2021-10-17 13:00,9.7,,2.1,320,30,1,,0,,26.3
238,금산,2021-10-17 14:00,10.8,,2.4,290,28,1,,0,,26.4
238,금산,2021-10-17 15:00,11.6,,1.8,340,24,1,,0,,24.7
238,금산,2021-10-17 16:00,11.6,,2.3,320,23,1,,0,,19.2
238,금산,2021-10-17 17:00,10.7,,1.1,290,34,1,,0,,12.2
238,금산,2021-10-17 18:00,7.7,,.8,250,56,.3,,0,,8.6
238,금산,2021-10-17 19:00,5.7,,.8,290,64,,,0,,7.2
238,금산,2021-10-17 20:00,4.1,,1,270,76,,,0,,6.2
238,금산,2021-10-17 21:00,3.3,,.8,290,78,,,0,,5.4
238,금산,2021-10-17 22:00,2.7,,.6,230,85,,,0,,4.8
238,금산,2021-10-17 23:00,1.5,,.6,270,91,,,0,,4.1
238,금산,2021-10-18 00:00,1.3,,.2,0,91,,,0,,3.5
238,금산,2021-10-18 01:00,.5,,.5,250,96,,,0,,3.3
238,금산,2021-10-18 02:00,.3,,.6,270,95,,,0,,3.2
238,금산,2021-10-18 03:00,0,,.3,0,96,,,0,,2.8
238,금산,2021-10-18 04:00,-.3,,.4,0,97,,,0,,2.6
238,금산,2021-10-18 05:00,-.5,,.4,0,95,,,0,,2.3
238,금산,2021-10-18 06:00,-1.3,,.5,290,100,,,0,,2
238,금산,2021-10-18 07:00,-.8,,.4,0,100,0,,0,,2.5
238,금산,2021-10-18 08:00,1.1,,.4,0,92,.8,,1,,4.4
238,금산,2021-10-18 09:00,3.7,,.9,110,84,1,,2,,8.1
238,금산,2021-10-18 10:00,7,,.8,140,66,1,,0,,23.3
238,금산,2021-10-18 11:00,12.1,,.9,180,42,1,,0,,29.2
238,금산,2021-10-18 12:00,13.4,,1,160,40,1,,0,,31.8
238,금산,2021-10-18 13:00,15.3,,1,50,38,1,,0,,32.7
238,금산,2021-10-18 14:00,16.3,,1.2,110,37,1,,0,,33.1
238,금산,2021-10-18 15:00,16.8,,1,20,36,1,,0,,29.3
238,금산,2021-10-18 16:00,16.3,,2,320,39,1,,0,,23
238,금산,2021-10-18 17:00,14.8,,1.6,360,44,1,,0,,14.5
238,금산,2021-10-18 18:00,11.2,,1.1,270,66,.2,,1,,11.2
238,금산,2021-10-18 19:00,10.3,,.8,230,71,,,7,,11
238,금산,2021-10-18 20:00,9.9,,0,0,75,,,9,,10.4
238,금산,2021-10-18 21:00,9.1,,.7,290,83,,,9,,9.9
238,금산,2021-10-18 22:00,8,,1,290,88,,,7,,9.2
238,금산,2021-10-18 23:00,7.5,,.3,0,91,,,8,,8.9
238,금산,2021-10-19 00:00,7.9,,.6,110,89,,,10,,9.1
238,금산,2021-10-19 01:00,7.2,,.8,320,91,,,9,,8.4
238,금산,2021-10-19 02:00,6.9,,.7,290,93,,,9,,8.1
238,금산,2021-10-19 03:00,6.8,,.1,0,94,,,10,,9
238,금산,2021-10-19 04:00,6.9,,.1,0,95,,,8,,9.1
238,금산,2021-10-19 05:00,7.4,,1.6,340,93,,,9,,9.2
238,금산,2021-10-19 06:00,8,.3,.7,270,95,,,2,,9.5
238,금산,2021-10-19 07:00,8.3,1,.8,140,96,0,,7,,10.1
238,금산,2021-10-19 08:00,8.6,.2,1.2,110,95,0,,5,,11
238,금산,2021-10-19 09:00,10.1,0,1,110,92,0,,9,,15.8
238,금산,2021-10-19 10:00,11.8,,1,50,86,.3,,6,,25.1
238,금산,2021-10-19 11:00,13.8,,1.3,360,71,1,,2,,28.9
238,금산,2021-10-19 12:00,16,,1.6,360,55,.9,,1,,27.5
238,금산,2021-10-19 13:00,11.1,.5,2.9,290,86,.2,,10,,14.9
238,금산,2021-10-19 14:00,14.2,.1,1.5,320,62,.5,,6,,26.8
238,금산,2021-10-19 15:00,14.6,,2.4,270,61,.8,,5,,25
238,금산,2021-10-19 16:00,14.5,,3.1,290,59,.9,,7,,19.7
238,금산,2021-10-19 17:00,13.5,,1.9,290,61,.8,,2,,14.5
238,금산,2021-10-19 18:00,12,,2.1,290,64,.1,,2,,11
238,금산,2021-10-19 19:00,10.3,,.4,0,72,,,1,,9.7
238,금산,2021-10-19 20:00,8.9,,1,320,80,,,0,,8.6
238,금산,2021-10-19 21:00,7.5,,.6,250,87,,,0,,7.6
238,금산,2021-10-19 22:00,6.1,,.1,0,92,,,0,,6.8
238,금산,2021-10-19 23:00,5.5,,.1,0,94,,,0,,6.2
238,금산,2021-10-20 00:00,4.7,,.2,0,96,,,0,,5.7
238,금산,2021-10-20 01:00,4.3,,.6,270,97,,,5,,5.4
238,금산,2021-10-20 02:00,3.4,,.2,0,98,,,0,,4.9
238,금산,2021-10-20 03:00,3.2,,.2,0,99,,,0,,4.7
238,금산,2021-10-20 04:00,3,,.5,320,100,,,2,,6.3
238,금산,2021-10-20 05:00,3.1,,.3,0,100,,,2,,6.9
238,금산,2021-10-20 06:00,2.2,,.8,140,100,,,1,,6.8
238,금산,2021-10-20 07:00,2.1,,.6,200,100,0,,3,,6.7
238,금산,2021-10-20 08:00,2.4,,.9,180,100,0,,10,,7.9
238,금산,2021-10-20 09:00,3.3,,.9,110,100,0,,5,,11
238,금산,2021-10-20 10:00,5.2,,.6,140,100,.5,,7,,20.7
238,금산,2021-10-20 11:00,10.2,,.5,110,68,1,,0,,27
238,금산,2021-10-20 12:00,12.5,,1.1,180,55,1,,0,,32.1
238,금산,2021-10-20 13:00,14.4,,.6,230,38,1,,0,,32.8
238,금산,2021-10-20 14:00,14.8,,.9,110,27,1,,0,,31.4
238,금산,2021-10-20 15:00,15.4,,1.4,340,28,1,,0,,27.1
238,금산,2021-10-20 16:00,15.2,,1.6,290,37,1,,0,,22.4
238,금산,2021-10-20 17:00,13.6,,1,340,41,1,,0,,13.5
238,금산,2021-10-20 18:00,9.8,,.9,270,71,.2,,1,,10.3
238,금산,2021-10-20 19:00,8.5,,.1,0,78,,,0,,8.6
238,금산,2021-10-20 20:00,7.3,,0,0,84,,,7,,8.3
238,금산,2021-10-20 21:00,6.6,,.2,0,88,,,8,,7.9
238,금산,2021-10-20 22:00,5.9,,.7,270,92,,,6,,6.9
238,금산,2021-10-20 23:00,5.3,,.2,0,95,,,1,,6.2
238,금산,2021-10-21 00:00,4.1,,.2,0,96,,,0,,5.7
238,금산,2021-10-21 01:00,3.9,,0,0,97,,,0,,5.1
238,금산,2021-10-21 02:00,3.1,,.4,0,98,,,0,,4.8
238,금산,2021-10-21 03:00,2.6,,.3,0,100,,,0,,4.8
238,금산,2021-10-21 04:00,2.7,,.3,0,100,,,6,,5.9
238,금산,2021-10-21 05:00,3.4,,.2,0,100,,,10,,6.9
238,금산,2021-10-21 06:00,3.7,,.6,200,100,,,10,,7
238,금산,2021-10-21 07:00,3.7,,.7,140,100,0,,7,,7.4
238,금산,2021-10-21 08:00,4,,.8,140,100,0,,4,,8.8
238,금산,2021-10-21 09:00,4.4,,.7,110,100,0,,5,,11.3
238,금산,2021-10-21 10:00,5.4,,.4,0,100,0,,5,,14.4
238,금산,2021-10-21 11:00,9.3,,.6,110,85,.7,,6,,24.3
238,금산,2021-10-21 12:00,12.9,,1.2,360,57,1,,5,,31.1
238,금산,2021-10-21 13:00,14.9,,1.7,360,52,1,,5,,29.8
238,금산,2021-10-21 14:00,15.5,,1.3,320,47,.9,,5,,26.2
238,금산,2021-10-21 15:00,16.1,,1.6,290,47,.8,,8,,26.5
238,금산,2021-10-21 16:00,14.6,,2.3,290,42,1,,5,,18.5
238,금산,2021-10-21 17:00,13.7,,2,290,45,.9,,5,,13.9
238,금산,2021-10-21 18:00,10.9,,.5,270,66,.2,,7,,11
238,금산,2021-10-21 19:00,9.6,,1,290,70,,,6,,9.3
238,금산,2021-10-21 20:00,8,,.3,0,82,,,3,,7.9
238,금산,2021-10-21 21:00,6.5,,.5,270,89,,,7,,7.2
238,금산,2021-10-21 22:00,5.7,,.5,290,93,,,0,,6.3
238,금산,2021-10-21 23:00,4.8,,.7,290,94,,,0,,5.9
238,금산,2021-10-22 00:00,4.5,,.1,0,96,,,0,,5.4
238,금산,2021-10-22 01:00,3.7,,.3,0,97,,,0,,5
238,금산,2021-10-22 02:00,3,,.1,0,98,,,0,,4.5
238,금산,2021-10-22 03:00,2.7,,.2,0,100,,,0,,4.5
238,금산,2021-10-22 04:00,2.4,,.3,0,100,,,6,,4.8
238,금산,2021-10-22 05:00,2.5,,.2,0,100,,,8,,6
238,금산,2021-10-22 06:00,3,,.2,0,100,,,7,,6.3
238,금산,2021-10-22 07:00,3.2,,.5,290,100,0,,9,,6.7
238,금산,2021-10-22 08:00,3.5,,.4,0,100,0,,10,,8.2
238,금산,2021-10-22 09:00,4.1,,.7,160,100,0,,9,,11.6
238,금산,2021-10-22 10:00,6.1,,.4,0,100,.4,,6,,22.5
238,금산,2021-10-22 11:00,10.7,,.7,20,69,1,,0,,28.9
238,금산,2021-10-22 12:00,14.8,,2.9,360,43,1,,0,,28.6
238,금산,2021-10-22 13:00,15.1,,2.5,340,40,1,,1,,29.3
238,금산,2021-10-22 14:00,14.2,,3.1,340,40,.7,,0,,17.7
238,금산,2021-10-22 15:00,15.1,,2.5,320,38,.7,,0,,22.1
238,금산,2021-10-22 16:00,15.1,,2.6,340,38,.8,,6,,19.1
238,금산,2021-10-22 17:00,14.2,,1.1,320,44,1,,5,,13.6
238,금산,2021-10-22 18:00,10.7,,.5,270,65,.3,,0,,9.7
238,금산,2021-10-22 19:00,8.4,,.5,290,77,,,0,,8.1
238,금산,2021-10-22 20:00,7.6,,.5,270,82,,,0,,7.3
238,금산,2021-10-22 21:00,6.7,,.3,0,87,,,0,,6.5
238,금산,2021-10-22 22:00,5.7,,.1,0,91,,,0,,5.9
238,금산,2021-10-22 23:00,5,,.1,0,94,,,0,,5.5
238,금산,2021-10-23 00:00,4.5,,.2,0,96,,,0,,4.8
238,금산,2021-10-23 01:00,3.7,,.6,270,97,,,0,,4.6
238,금산,2021-10-23 02:00,3.3,,.5,230,97,,,0,,4.1
238,금산,2021-10-23 03:00,2.6,,.4,0,97,,,1,,3.8
238,금산,2021-10-23 04:00,1.6,,.3,0,100,,,5,,3.8
238,금산,2021-10-23 05:00,2.2,,.2,0,100,,,10,,5.3
238,금산,2021-10-23 06:00,2.8,,.3,0,100,,,10,,5.8
238,금산,2021-10-23 07:00,3.5,,.3,0,100,0,,10,,6.5
238,금산,2021-10-23 08:00,4.1,,.2,0,100,0,,10,,8.5
238,금산,2021-10-23 09:00,4.6,,.3,0,100,0,,9,,11.1
238,금산,2021-10-23 10:00,6.2,,.9,200,100,.3,,0,,23
238,금산,2021-10-23 11:00,12.4,,.6,90,69,1,,0,,31.2
238,금산,2021-10-23 12:00,16.1,,.6,290,29,1,,0,,33.6
238,금산,2021-10-23 13:00,17,,1.2,230,29,1,,0,,34.1
238,금산,2021-10-23 14:00,17.7,,1.3,340,29,1,,0,,31.6
238,금산,2021-10-23 15:00,18.2,,1.1,270,29,1,,4,,30
238,금산,2021-10-23 16:00,18.3,,1,360,30,1,,0,,25.1
238,금산,2021-10-23 17:00,16.1,,1.4,290,34,1,,0,,14.2
238,금산,2021-10-23 18:00,11.5,,1.1,290,59,.3,,0,,10.3
238,금산,2021-10-23 19:00,9.8,,.3,0,67,,,0,,8.4
238,금산,2021-10-23 20:00,8.2,,.6,250,75,,,0,,7.5
238,금산,2021-10-23 21:00,6.7,,.7,250,85,,,0,,6.6
238,금산,2021-10-23 22:00,5.8,,.5,270,88,,,0,,5.9
238,금산,2021-10-23 23:00,5.1,,.2,0,91,,,0,,5.2
238,금산,2021-10-24 00:00,4.4,,.4,0,95,,,0,,4.8
238,금산,2021-10-24 01:00,3.9,,.3,0,96,,,6,,4.7
238,금산,2021-10-24 02:00,3.5,,.6,290,97,,,6,,4.8
238,금산,2021-10-24 03:00,3.4,,.5,270,97,,,10,,4.7
238,금산,2021-10-24 04:00,3.3,,.1,0,97,,,6,,4.8
238,금산,2021-10-24 05:00,2.8,,.5,320,97,,,7,,4.1
238,금산,2021-10-24 06:00,2.7,,.4,0,100,,,4,,5.2
238,금산,2021-10-24 07:00,2.8,,1,290,100,0,,7,,5.7
238,금산,2021-10-24 08:00,3.7,,.7,270,100,0,,0,,7.9
238,금산,2021-10-24 09:00,5,,.2,0,100,0,,0,,11.9
238,금산,2021-10-24 10:00,6.9,,.8,200,100,.5,,6,,22.2
238,금산,2021-10-24 11:00,12.2,,.5,160,61,1,,2,,29.5
238,금산,2021-10-24 12:00,15.3,,.8,320,46,1,,0,,32.3
238,금산,2021-10-24 13:00,17.3,,1.6,20,41,1,,0,,34.4
238,금산,2021-10-24 14:00,17.9,,1.1,340,38,1,,4,,31.3
238,금산,2021-10-24 15:00,18,,1.8,360,37,1,,5,,26.1
238,금산,2021-10-24 16:00,17.3,,1.4,320,39,1,,6,,20.7
238,금산,2021-10-24 17:00,15.8,,.6,290,41,.9,,4,,14.5
238,금산,2021-10-24 18:00,11.6,,.9,290,64,.2,,5,,10.4
238,금산,2021-10-24 19:00,9.4,,.8,270,74,,,3,,8.9
238,금산,2021-10-24 20:00,7.9,,.6,290,81,,,6,,7.8
238,금산,2021-10-24 21:00,6.8,,.2,0,87,,,6,,6.8
238,금산,2021-10-24 22:00,6.1,,.3,0,91,,,7,,6.2
238,금산,2021-10-24 23:00,5.6,,.5,290,93,,,6,,6
238,금산,2021-10-25 00:00,5.1,,.7,290,95,,,7,,5.5
238,금산,2021-10-25 01:00,4.5,,.3,0,96,,,0,,4.8
238,금산,2021-10-25 02:00,4.1,,.2,0,97,,,5,,4.6
238,금산,2021-10-25 03:00,3.2,,.2,0,97,,,1,,4
238,금산,2021-10-25 04:00,2.9,,.6,290,100,,,1,,3.8
238,금산,2021-10-25 05:00,2.1,,.3,0,100,,,0,,3.3
238,금산,2021-10-25 06:00,1.8,,.4,0,100,,,2,,3.9
238,금산,2021-10-25 07:00,2.1,,.1,0,100,0,,9,,5
238,금산,2021-10-25 08:00,3,,.7,180,100,0,,5,,7.5
238,금산,2021-10-25 09:00,4.1,,.2,0,100,0,,3,,10.7
238,금산,2021-10-25 10:00,6.7,,.9,270,100,.6,,1,,21.3
238,금산,2021-10-25 11:00,12.8,,.9,20,71,1,,0,,28.8
238,금산,2021-10-25 12:00,15.7,,2.8,290,51,1,,0,,29.8
238,금산,2021-10-25 13:00,17.2,,1.4,320,45,1,,0,,33.3
238,금산,2021-10-25 14:00,17.5,,2,20,41,1,,0,,31.7
238,금산,2021-10-25 15:00,17.7,,1.2,20,35,1,,0,,29.4
238,금산,2021-10-25 16:00,17,,1.8,360,32,1,,0,,23.3
238,금산,2021-10-25 17:00,15.3,,.9,340,38,1,,0,,13.4
238,금산,2021-10-25 18:00,10.9,,1.2,270,67,.3,,0,,9.7
238,금산,2021-10-25 19:00,8.9,,.3,0,74,,,0,,7.6
238,금산,2021-10-25 20:00,7.2,,.5,270,83,,,0,,6.6
238,금산,2021-10-25 21:00,6.2,,0,0,88,,,0,,5.7
238,금산,2021-10-25 22:00,5,,.5,290,92,,,0,,5.3
238,금산,2021-10-25 23:00,4.5,,.5,270,94,,,0,,4.8
238,금산,2021-10-26 00:00,4,,.6,270,96,,,0,,4.4
238,금산,2021-10-26 01:00,3.4,,.6,290,96,,,0,,3.8
238,금산,2021-10-26 02:00,2.7,,.2,0,97,,,8,,3.3
238,금산,2021-10-26 03:00,2,,.2,0,99,,,7,,2.9
238,금산,2021-10-26 04:00,1.6,,.5,290,100,,,9,,3.1
238,금산,2021-10-26 05:00,1.9,,.4,0,100,,,9,,4.6
238,금산,2021-10-26 06:00,2.4,,.4,0,100,,,9,,5.3
238,금산,2021-10-26 07:00,2.7,,.3,0,100,0,,2,,5.8
238,금산,2021-10-26 08:00,3.2,,.6,290,100,0,,6,,7.3
238,금산,2021-10-26 09:00,4.5,,.3,0,100,0,,4,,10.9
238,금산,2021-10-26 10:00,5.9,,.4,0,100,.1,,5,,17.2
238,금산,2021-10-26 11:00,10.3,,.6,230,79,1,,7,,27.8
238,금산,2021-10-26 12:00,15,,.6,160,52,1,,0,,33.5
238,금산,2021-10-26 13:00,16.4,,.9,70,49,.9,,8,,30.4
238,금산,2021-10-26 14:00,17.6,,1.6,20,46,.9,,0,,31.3
238,금산,2021-10-26 15:00,17.9,,.4,0,46,1,,4,,28.5
238,금산,2021-10-26 16:00,17.7,,1.1,290,43,1,,1,,21.7
238,금산,2021-10-26 17:00,16,,.7,290,52,.8,,5,,15.9
238,금산,2021-10-26 18:00,12.5,,1,270,71,.1,,5,,11
238,금산,2021-10-26 19:00,10.6,,.9,270,79,,,4,,9.3
238,금산,2021-10-26 20:00,9.1,,.2,0,86,,,7,,8.6
238,금산,2021-10-26 21:00,8.4,,.2,0,90,,,6,,8.5
238,금산,2021-10-26 22:00,9,,.2,0,89,,,10,,9.5
238,금산,2021-10-26 23:00,8.7,,1,320,91,,,10,,9.1
238,금산,2021-10-27 00:00,8.5,,.3,0,92,,,10,,8.9
238,금산,2021-10-27 01:00,7.9,,.4,0,95,,,7,,8
238,금산,2021-10-27 02:00,7.6,,.6,290,96,,,8,,8
238,금산,2021-10-27 03:00,6.8,,.2,0,97,,,6,,6.6
238,금산,2021-10-27 04:00,6.8,,.2,0,97,,,8,,8.1
238,금산,2021-10-27 05:00,6.7,,0,0,97,,,6,,6.9
238,금산,2021-10-27 06:00,6.2,,.3,0,98,,,10,,6.2
238,금산,2021-10-27 07:00,5.5,,.7,250,98,0,,5,,5.9
238,금산,2021-10-27 08:00,6.5,,.2,0,98,0,,0,,8.9
238,금산,2021-10-27 09:00,8.3,,.5,270,95,.1,,8,,12.6
238,금산,2021-10-27 10:00,11.5,,.4,0,81,.7,,0,,22.5
238,금산,2021-10-27 11:00,15.8,,.4,0,67,1,,0,,30
238,금산,2021-10-27 12:00,18,,2.2,290,52,1,,3,,31.6
238,금산,2021-10-27 13:00,18.7,,2.4,290,47,1,,0,,30.8
238,금산,2021-10-27 14:00,19.1,,2.1,290,43,1,,0,,33.2
238,금산,2021-10-27 15:00,19.4,,1.9,270,40,1,,0,,29
238,금산,2021-10-27 16:00,18.4,,1.7,270,40,1,,0,,23.7
238,금산,2021-10-27 17:00,16.9,,1.8,290,37,1,,0,,14.8
238,금산,2021-10-27 18:00,13.7,,.8,250,51,.2,,0,,9.8
238,금산,2021-10-27 19:00,10.7,,1.1,270,62,,,0,,8.3
238,금산,2021-10-27 20:00,8.5,,.3,0,73,,,0,,6.9
238,금산,2021-10-27 21:00,7.8,,.2,0,77,,,0,,6.1
238,금산,2021-10-27 22:00,6.5,,0,0,83,,,0,,5.2
238,금산,2021-10-27 23:00,5.2,,0,0,89,,,0,,4.7
238,금산,2021-10-28 00:00,4.7,,.3,0,93,,,0,,4.3
238,금산,2021-10-28 01:00,4.3,,.3,0,94,,,0,,4
238,금산,2021-10-28 02:00,3.7,,.2,0,96,,,0,,3.6
238,금산,2021-10-28 03:00,3,,.7,290,97,,,0,,3.2
238,금산,2021-10-28 04:00,2.5,,.4,0,97,,,0,,2.7
238,금산,2021-10-28 05:00,2,,.4,0,97,,,0,,2.4
238,금산,2021-10-28 06:00,1.5,,.6,320,98,,,4,,2.6
238,금산,2021-10-28 07:00,1.8,,.4,0,100,0,,8,,4.5
238,금산,2021-10-28 08:00,2.5,,.3,0,100,0,,3,,7.4
238,금산,2021-10-28 09:00,4.1,,.4,0,100,0,,1,,11.1
238,금산,2021-10-28 10:00,8,,.7,160,83,.9,,0,,24.8
238,금산,2021-10-28 11:00,13.3,,.5,140,51,1,,0,,31.1
238,금산,2021-10-28 12:00,16.4,,1,360,44,1,,0,,34.6
238,금산,2021-10-28 13:00,18.3,,.7,140,35,1,,0,,37.6
238,금산,2021-10-28 14:00,18.4,,1.4,340,32,1,,0,,33.9
238,금산,2021-10-28 15:00,19.1,,1.4,20,32,1,,0,,31.5
238,금산,2021-10-28 16:00,18.8,,1.5,340,33,1,,0,,24.9
238,금산,2021-10-28 17:00,17,,.6,320,41,1,,0,,14.1
238,금산,2021-10-28 18:00,12.3,,1,290,62,.2,,0,,10.5
238,금산,2021-10-28 19:00,10.5,,1,270,71,,,0,,8.6
238,금산,2021-10-28 20:00,8.9,,0,0,79,,,0,,7.1
238,금산,2021-10-28 21:00,7.6,,.5,270,85,,,0,,6.6
238,금산,2021-10-28 22:00,6.8,,.6,270,89,,,0,,6
238,금산,2021-10-28 23:00,5.9,,.6,290,92,,,1,,5.4
238,금산,2021-10-29 00:00,5.6,,0,0,94,,,0,,5.1
238,금산,2021-10-29 01:00,5,,.1,0,96,,,0,,4.9
238,금산,2021-10-29 02:00,4.6,,.3,0,97,,,0,,4.6
238,금산,2021-10-29 03:00,4.1,,.2,0,97,,,0,,4.3
238,금산,2021-10-29 04:00,3.9,,.6,290,98,,,0,,4
238,금산,2021-10-29 05:00,3.7,,.5,270,97,,,5,,4.1
238,금산,2021-10-29 06:00,3.6,,.1,0,97,,,2,,4.2
238,금산,2021-10-29 07:00,3.3,,.5,290,97,0,,1,,3.9
238,금산,2021-10-29 08:00,5.4,,.1,0,93,.9,,0,,6.2
238,금산,2021-10-29 09:00,8.9,,.2,0,77,1,,5,,11
238,금산,2021-10-29 10:00,13.5,,.5,160,61,1,,6,,27.4
238,금산,2021-10-29 11:00,16.8,,1.8,70,48,1,,6,,31.1
238,금산,2021-10-29 12:00,17.6,,2.2,70,44,.9,,6,,32.5
238,금산,2021-10-29 13:00,18,,1.9,90,41,1,,4,,32.4
238,금산,2021-10-29 14:00,19.1,,1.5,180,39,1,,7,,36.1
238,금산,2021-10-29 15:00,18.8,,1.5,70,38,.9,,5,,32.5
238,금산,2021-10-29 16:00,18.8,,.8,50,41,1,,0,,25.5
238,금산,2021-10-29 17:00,17.1,,1.5,70,46,1,,0,,15.2
238,금산,2021-10-29 18:00,13.7,,1,290,63,.2,,0,,11.2
238,금산,2021-10-29 19:00,11.2,,.6,270,74,,,2,,9.4
238,금산,2021-10-29 20:00,10,,.7,270,79,,,4,,8.2
238,금산,2021-10-29 21:00,8.8,,.5,290,85,,,0,,7.2
238,금산,2021-10-29 22:00,8,,.1,0,89,,,4,,6.8
238,금산,2021-10-29 23:00,7.2,,0,0,92,,,6,,6.6
238,금산,2021-10-30 00:00,7,,.1,0,95,,,7,,7.1
238,금산,2021-10-30 01:00,6.9,,.4,0,95,,,7,,6.5
238,금산,2021-10-30 02:00,6.2,,.3,0,96,,,7,,6
238,금산,2021-10-30 03:00,5.6,,.4,0,96,,,5,,6
238,금산,2021-10-30 04:00,6.1,,.2,0,96,,,9,,6.2
238,금산,2021-10-30 05:00,6.2,,.3,0,96,,,10,,7
238,금산,2021-10-30 06:00,6.2,,.5,270,97,,,9,,7.1
238,금산,2021-10-30 07:00,6.1,,.2,0,97,0,,9,,6.8
238,금산,2021-10-30 08:00,6.9,,.1,0,95,0,,10,,9.4
238,금산,2021-10-30 09:00,8.5,,.2,0,89,0,,10,,12.7
238,금산,2021-10-30 10:00,10.2,,.1,0,83,0,,10,,16.9
238,금산,2021-10-30 11:00,12.9,,.6,160,68,.1,,8,,20.8
238,금산,2021-10-30 12:00,15.4,,1,140,57,.3,,9,,26.3
238,금산,2021-10-30 13:00,16.7,,.4,0,54,.2,,10,,24.1
238,금산,2021-10-30 14:00,17.2,,1.1,360,51,0,,10,,23.4
238,금산,2021-10-30 15:00,17.2,,.3,0,52,0,,10,,21.4
238,금산,2021-10-30 16:00,17.2,,.4,0,53,0,,10,,19.6
238,금산,2021-10-30 17:00,16.5,,1.2,290,58,.3,,8,,16.3
238,금산,2021-10-30 18:00,13.8,,.7,270,74,.2,,6,,11.2
238,금산,2021-10-30 19:00,11.5,,1.1,270,82,,,2,,9.5
238,금산,2021-10-30 20:00,9.3,,.2,0,89,,,0,,8.2
238,금산,2021-10-30 21:00,8.7,,.4,0,93,,,0,,7.2
238,금산,2021-10-30 22:00,7.7,,.6,290,94,,,0,,6.8
238,금산,2021-10-30 23:00,7,,.1,0,97,,,0,,6
238,금산,2021-10-31 00:00,6.4,,.5,270,98,,,0,,5.8
238,금산,2021-10-31 01:00,5.9,,.1,0,98,,,2,,5.1
238,금산,2021-10-31 02:00,5.3,,0,0,99,,,7,,4.7
238,금산,2021-10-31 03:00,5.4,,.4,0,100,,,9,,6.7
238,금산,2021-10-31 04:00,5.3,,.5,290,100,,,9,,7.1
238,금산,2021-10-31 05:00,5.5,,.6,290,100,,,9,,7.4
238,금산,2021-10-31 06:00,5.6,,.6,270,100,,,9,,7.5
238,금산,2021-10-31 07:00,5.7,,.4,0,100,0,,9,,7.8
238,금산,2021-10-31 08:00,6.3,,.5,250,100,0,,10,,9.1
238,금산,2021-10-31 09:00,7.2,,.2,0,100,0,,8,,12.4
238,금산,2021-10-31 10:00,8.1,,.6,270,100,0,,3,,15.8
238,금산,2021-10-31 11:00,12.1,,.5,200,88,.8,,0,,30
238,금산,2021-10-31 12:00,17.4,,.6,200,59,1,,0,,34.7
238,금산,2021-10-31 13:00,18.9,,1.6,320,52,1,,0,,35.2
238,금산,2021-10-31 14:00,19.6,,1.6,320,48,1,,2,,28.6
238,금산,2021-10-31 15:00,18.6,,1.5,290,52,0,,6,,20
238,금산,2021-10-31 16:00,19.4,,.9,340,50,.6,,4,,22.9
238,금산,2021-10-31 17:00,17.6,,1.3,290,56,1,,0,,15.5
238,금산,2021-10-31 18:00,14.1,,.8,270,74,.1,,1,,11.4
238,금산,2021-10-31 19:00,12.4,,.6,290,82,,,3,,9.8
238,금산,2021-10-31 20:00,11,,0,0,87,,,0,,8.9
238,금산,2021-10-31 21:00,10,,.1,0,92,,,5,,8.3
238,금산,2021-10-31 22:00,9.4,,.7,320,95,,,4,,7.9
238,금산,2021-10-31 23:00,8.7,,0,0,97,,,6,,7.3
238,금산,2021-11-01 00:00,8.2,,.6,290,98,,,5,,7.4
238,금산,2021-11-01 01:00,7.8,,.2,0,98,,,5,,6.9
238,금산,2021-11-01 02:00,7.9,,.1,0,98,,,8,,8.6
238,금산,2021-11-01 03:00,8.4,,.4,0,97,,,10,,9.3
238,금산,2021-11-01 04:00,8.3,,0,0,97,,,7,,8.2
238,금산,2021-11-01 05:00,8.2,,0,0,98,,,9,,8.8
238,금산,2021-11-01 06:00,7.8,,.2,0,98,,,4,,7.6
238,금산,2021-11-01 07:00,7.5,,0,0,99,0,,5,,7.6
238,금산,2021-11-01 08:00,8.1,,0,0,98,0,,3,,10.1
238,금산,2021-11-01 09:00,10.1,,.4,0,92,.5,,4,,14.8
238,금산,2021-11-01 10:00,12.7,,.6,110,80,.9,,4,,24.7
238,금산,2021-11-01 11:00,15.9,,.9,320,64,1,,4,,27.2
238,금산,2021-11-01 12:00,17.6,,2.9,320,49,.7,,6,,27.2
238,금산,2021-11-01 13:00,17.1,,1.7,320,53,.4,,7,,21.6
238,금산,2021-11-01 14:00,18.8,,2.3,270,47,.8,,6,,32.3
238,금산,2021-11-01 15:00,18.1,,2.5,270,49,.8,,5,,24
238,금산,2021-11-01 16:00,17.3,,2.6,290,51,.5,,6,,18.8
238,금산,2021-11-01 17:00,16,,1.9,270,57,.3,,5,,14.7
238,금산,2021-11-01 18:00,13.9,,1.1,290,67,0,,0,,10.8
238,금산,2021-11-01 19:00,12.4,,.6,290,73,,,2,,8.9
238,금산,2021-11-01 20:00,11.7,,1.3,290,76,,,5,,8.9
238,금산,2021-11-01 21:00,11.4,,.9,270,76,,,1,,8.1
238,금산,2021-11-01 22:00,9.7,,.3,0,84,,,1,,6.8
238,금산,2021-11-01 23:00,7.9,,.1,0,89,,,1,,6
238,금산,2021-11-02 00:00,7.1,,0,0,94,,,3,,5.5
238,금산,2021-11-02 01:00,6.6,,.4,0,96,,,9,,6.1
238,금산,2021-11-02 02:00,7.1,,.1,0,95,,,10,,7.9
238,금산,2021-11-02 03:00,7.1,,.5,290,96,,,9,,7.1
238,금산,2021-11-02 04:00,6.6,,.6,270,97,,,9,,6.7
238,금산,2021-11-02 05:00,6.7,,.1,0,97,,,8,,7.1
238,금산,2021-11-02 06:00,6,,.5,290,98,,,7,,6.1
238,금산,2021-11-02 07:00,6.3,,0,0,98,0,,8,,6.7
238,금산,2021-11-02 08:00,7,,0,0,96,0,,6,,9.2
238,금산,2021-11-02 09:00,8.3,,.6,290,92,.1,,3,,11.1
238,금산,2021-11-02 10:00,12.1,,.7,50,77,.9,,3,,24.5
238,금산,2021-11-02 11:00,13.1,,1.2,360,64,.6,,9,,17.5
238,금산,2021-11-02 12:00,15.4,,1.2,140,52,.6,,8,,31.4
238,금산,2021-11-02 13:00,15,,1.7,340,52,.6,,7,,23.6
238,금산,2021-11-02 14:00,15.4,,1.8,290,49,.8,,7,,24.5
238,금산,2021-11-02 15:00,16.1,,1.5,320,47,1,,3,,27.9
238,금산,2021-11-02 16:00,15,,1.3,290,50,.4,,7,,17.3
238,금산,2021-11-02 17:00,14.3,,1,270,54,0,,8,,14.6
238,금산,2021-11-02 18:00,11.5,,.5,320,69,0,,6,,10
238,금산,2021-11-02 19:00,10.4,,1,290,74,,,6,,8.5
238,금산,2021-11-02 20:00,8.5,,.4,0,83,,,1,,7
238,금산,2021-11-02 21:00,7.4,,.4,0,88,,,5,,6.1
238,금산,2021-11-02 22:00,6.9,,.4,0,91,,,1,,5.6
238,금산,2021-11-02 23:00,5.8,,.2,0,94,,,0,,4.7
238,금산,2021-11-03 00:00,5.2,,.7,230,96,,,0,,4.2
238,금산,2021-11-03 01:00,4.4,,.2,0,97,,,3,,4
238,금산,2021-11-03 02:00,4.1,,.1,0,97,,,0,,3.7
238,금산,2021-11-03 03:00,3.5,,.5,340,98,,,3,,3.7
238,금산,2021-11-03 04:00,3.5,,.1,0,100,,,1,,5.3
238,금산,2021-11-03 05:00,3.7,,.6,290,100,,,0,,5.9
238,금산,2021-11-03 06:00,4,,.6,250,100,,,10,,6.3
238,금산,2021-11-03 07:00,4.1,,.8,270,100,0,,9,,6.6
238,금산,2021-11-03 08:00,4.7,,1,250,100,0,,9,,7.7
238,금산,2021-11-03 09:00,4.9,,.9,140,100,0,,9,,10.5
238,금산,2021-11-03 10:00,5.7,,.4,0,100,0,,7,,14.2
238,금산,2021-11-03 11:00,9.6,,.6,90,95,.6,,3,,26.6
238,금산,2021-11-03 12:00,14.3,,.8,90,61,1,,0,,33
238,금산,2021-11-03 13:00,16.3,,2.1,320,47,1,,0,,32
238,금산,2021-11-03 14:00,17.1,,1.4,320,41,1,,0,,29.9
238,금산,2021-11-03 15:00,16.7,,1.5,290,41,1,,6,,27.4
238,금산,2021-11-03 16:00,16.1,,1.3,360,48,1,,3,,20.6
238,금산,2021-11-03 17:00,15,,.6,270,51,.6,,5,,14.8
238,금산,2021-11-03 18:00,12,,1.3,270,66,0,,3,,10
238,금산,2021-11-03 19:00,9.6,,.7,250,76,,,4,,7.9
238,금산,2021-11-03 20:00,8.6,,.8,270,80,,,6,,7.1
238,금산,2021-11-03 21:00,7.3,,.4,0,85,,,5,,6.1
238,금산,2021-11-03 22:00,6.7,,0,0,87,,,0,,5.4
238,금산,2021-11-03 23:00,6.1,,.1,0,92,,,0,,5.1
238,금산,2021-11-04 00:00,5.5,,.4,0,94,,,0,,4.5
238,금산,2021-11-04 01:00,5,,.7,270,95,,,10,,5
238,금산,2021-11-04 02:00,4.9,,.4,0,96,,,9,,5.2
238,금산,2021-11-04 03:00,4.8,,.9,320,95,,,9,,4.7
238,금산,2021-11-04 04:00,5.9,,.9,230,95,,,2,,6.5
238,금산,2021-11-04 05:00,6.4,,.7,110,92,,,2,,7.2
238,금산,2021-11-04 06:00,6.3,.1,.8,340,96,,,9,,7.4
238,금산,2021-11-04 07:00,5.8,,.5,270,98,0,,7,,6
238,금산,2021-11-04 08:00,6.9,,.1,0,96,.4,,0,,7.8
238,금산,2021-11-04 09:00,8.9,0,.3,0,88,1,,0,,11
238,금산,2021-11-04 10:00,11.5,,.3,0,77,1,,0,,22.3
238,금산,2021-11-04 11:00,15,,.6,340,65,1,,0,,30.2
238,금산,2021-11-04 12:00,17.4,,1.1,340,51,1,,0,,34.3
238,금산,2021-11-04 13:00,18.2,,1.4,340,46,1,,0,,35.3
238,금산,2021-11-04 14:00,19.2,,1.5,290,37,1,,0,,34.6
238,금산,2021-11-04 15:00,19,,1.8,340,37,1,,0,,30.8
238,금산,2021-11-04 16:00,18.7,,1.7,270,38,1,,1,,24.9
238,금산,2021-11-04 17:00,17.3,,1.6,290,45,.9,,6,,17.8
238,금산,2021-11-04 18:00,14.7,,.4,0,56,0,,5,,12.2
238,금산,2021-11-04 19:00,12.5,,.7,270,68,,,6,,11.9
238,금산,2021-11-04 20:00,11.8,,.4,0,72,,,7,,10.5
238,금산,2021-11-04 21:00,11.1,,.2,0,77,,,7,,10
238,금산,2021-11-04 22:00,11.1,,.3,0,79,,,7,,10.6
238,금산,2021-11-04 23:00,10,,.4,0,83,,,6,,9.1
238,금산,2021-11-05 00:00,8.9,,.1,0,90,,,0,,6.7
238,금산,2021-11-05 01:00,7.5,,.7,290,93,,,0,,5.9
238,금산,2021-11-05 02:00,6.6,,.3,0,96,,,4,,5.1
238,금산,2021-11-05 03:00,6,,0,0,97,,,0,,4.5
238,금산,2021-11-05 04:00,5.2,,.3,0,97,,,3,,4.2
238,금산,2021-11-05 05:00,4.6,,.1,0,98,,,6,,3.7
238,금산,2021-11-05 06:00,3.7,,.4,0,100,,,9,,3.8
238,금산,2021-11-05 07:00,4.2,,.6,270,100,0,,10,,6
238,금산,2021-11-05 08:00,5,,.3,0,100,0,,6,,8.4
238,금산,2021-11-05 09:00,6,,.1,0,100,0,,7,,11.5
238,금산,2021-11-05 10:00,7.9,,.1,0,100,.4,,7,,18.5
238,금산,2021-11-05 11:00,12.4,,.3,0,74,.8,,5,,25.5
238,금산,2021-11-05 12:00,17,,1.3,110,51,1,,7,,31.7
238,금산,2021-11-05 13:00,18.6,,1,70,42,1,,6,,33.5
238,금산,2021-11-05 14:00,19.4,,1.8,110,41,1,,6,,32.2
238,금산,2021-11-05 15:00,19.6,,2.6,90,41,1,,7,,28.4
238,금산,2021-11-05 16:00,19.2,,2.7,90,40,.9,,7,,22.9
238,금산,2021-11-05 17:00,18.1,,1.7,110,47,.7,,5,,16.2
238,금산,2021-11-05 18:00,14.3,,.5,250,65,0,,4,,11.8
238,금산,2021-11-05 19:00,11.7,,.6,270,76,,,0,,9.5
238,금산,2021-11-05 20:00,10.7,,.5,230,81,,,0,,8.1
238,금산,2021-11-05 21:00,9.3,,.1,0,87,,,1,,6.9
238,금산,2021-11-05 22:00,8.4,,.2,0,90,,,0,,6.2
238,금산,2021-11-05 23:00,7.1,,.2,0,94,,,0,,5.3
238,금산,2021-11-06 00:00,6.5,,.1,0,96,,,0,,4.8
238,금산,2021-11-06 01:00,5.7,,.4,0,96,,,0,,4.4
238,금산,2021-11-06 02:00,5.6,,.4,0,97,,,0,,4.2
238,금산,2021-11-06 03:00,4.8,,.3,0,98,,,1,,4
238,금산,2021-11-06 04:00,4.7,,.3,0,98,,,4,,3.7
238,금산,2021-11-06 05:00,3.9,,.2,0,98,,,0,,3.4
238,금산,2021-11-06 06:00,3.7,,0,0,98,,,0,,3
238,금산,2021-11-06 07:00,3.3,,.3,0,99,0,,0,,2.8
238,금산,2021-11-06 08:00,4,,.2,0,98,.3,,3,,4.8
238,금산,2021-11-06 09:00,6.8,,.3,0,88,1,,0,,8.2
238,금산,2021-11-06 10:00,10.9,,.4,0,72,1,,0,,18.9
238,금산,2021-11-06 11:00,15.3,,1,180,61,1,,0,,27.3
238,금산,2021-11-06 12:00,18.4,,1.8,110,47,1,,0,,32.8
238,금산,2021-11-06 13:00,19.8,,2.3,90,38,.9,,6,,33.3
238,금산,2021-11-06 14:00,20.3,,2.1,90,35,1,,7,,35
238,금산,2021-11-06 15:00,20.1,,2.2,110,35,1,,1,,30.8
238,금산,2021-11-06 16:00,19.6,,2.2,70,38,1,,5,,25
238,금산,2021-11-06 17:00,18.2,,1.5,70,42,.9,,5,,16.5
238,금산,2021-11-06 18:00,16.3,,.6,110,50,0,,5,,12
238,금산,2021-11-06 19:00,12.1,,.5,270,69,,,0,,9.4
238,금산,2021-11-06 20:00,10.7,,.3,0,74,,,0,,8.3
238,금산,2021-11-06 21:00,10,,0,0,81,,,0,,7.1
238,금산,2021-11-06 22:00,8.3,,.2,0,87,,,0,,6.1
238,금산,2021-11-06 23:00,7.5,,.4,0,89,,,0,,5.4
238,금산,2021-11-07 00:00,7,,.3,0,94,,,3,,4.9
238,금산,2021-11-07 01:00,7.2,,.9,140,92,,,4,,5.1
238,금산,2021-11-07 02:00,6.2,,.9,360,94,,,1,,4.6
238,금산,2021-11-07 03:00,5.8,,.2,0,96,,,0,,4
238,금산,2021-11-07 04:00,5.2,,.3,0,97,,,0,,3.6
238,금산,2021-11-07 05:00,5.1,,0,0,97,,,0,,3.5
238,금산,2021-11-07 06:00,4.4,,.7,290,97,,,1,,3.5
238,금산,2021-11-07 07:00,4.7,,.4,0,97,0,,9,,3.7
238,금산,2021-11-07 08:00,6.2,,.5,200,92,.6,,7,,5.9
238,금산,2021-11-07 09:00,9.4,,.7,50,81,1,,0,,9.1
238,금산,2021-11-07 10:00,14,,.4,0,68,1,,1,,21.2
238,금산,2021-11-07 11:00,17.6,,1.8,90,60,1,,1,,29.5
238,금산,2021-11-07 12:00,19.8,,2.9,90,52,1,,3,,33.9
238,금산,2021-11-07 13:00,20.8,,3.1,90,45,1,,3,,36
238,금산,2021-11-07 14:00,20.2,,3.1,90,45,1,,4,,28.7
238,금산,2021-11-07 15:00,21,,2.8,110,42,1,,6,,29.5
238,금산,2021-11-07 16:00,19.7,,3.1,110,43,.4,,7,,21.9
238,금산,2021-11-07 17:00,18.5,,2,110,46,.2,,7,,16.5
238,금산,2021-11-07 18:00,17.2,,1.4,110,50,0,,8,,13.3
238,금산,2021-11-07 19:00,16.1,,1.3,140,50,,,6,,11.2
238,금산,2021-11-07 20:00,12.9,,.7,230,64,,,9,,9.9
238,금산,2021-11-07 21:00,11.8,,1.6,270,70,,,10,,9.4
238,금산,2021-11-07 22:00,10.9,,.4,0,74,,,8,,7.9
238,금산,2021-11-07 23:00,10.1,,1.2,270,79,,,10,,8.5
238,금산,2021-11-08 00:00,10.7,,1,270,78,,,10,,8.6
238,금산,2021-11-08 01:00,10.3,,.2,0,80,,,10,,8.3
238,금산,2021-11-08 02:00,9.5,,.2,0,85,,,10,,8
238,금산,2021-11-08 03:00,9.5,,.4,0,85,,,10,,8.3
238,금산,2021-11-08 04:00,9.4,,.9,290,85,,,10,,8.8
238,금산,2021-11-08 05:00,10.3,,.5,140,80,,,10,,9.4
238,금산,2021-11-08 06:00,11.1,,.7,110,78,,,10,,10.3
238,금산,2021-11-08 07:00,11.2,,.5,160,79,0,,10,,10.5
238,금산,2021-11-08 08:00,11.7,,1.9,290,95,0,,10,,11.5
238,금산,2021-11-08 09:00,12.1,4,3.6,270,87,0,,10,,11.7
238,금산,2021-11-08 10:00,10.8,,3.4,270,87,0,,10,,10.8
238,금산,2021-11-08 11:00,9.9,,2.3,270,86,0,,10,,11
238,금산,2021-11-08 12:00,9.4,7.7,3.5,270,84,0,,10,,12.8
238,금산,2021-11-08 13:00,8.3,,2.8,290,87,0,,10,,11.7
238,금산,2021-11-08 14:00,10,,2.2,270,72,.1,,9,,15.3
238,금산,2021-11-08 15:00,9.8,0,2.8,270,70,.1,,10,,13.4
238,금산,2021-11-08 16:00,9.4,,2.1,250,66,0,,9,,11.2
238,금산,2021-11-08 17:00,7.8,,2.3,270,78,0,,1,,9
238,금산,2021-11-08 18:00,8.1,0,1.9,270,69,0,,5,,8.1
238,금산,2021-11-08 19:00,7.3,,1.7,270,71,,,1,,6.7
238,금산,2021-11-08 20:00,7,,2.7,270,76,,,0,,7
238,금산,2021-11-08 21:00,7.1,0,2.3,270,75,,,2,,6.9
238,금산,2021-11-08 22:00,6.8,,1.9,320,78,,,1,,7.1
238,금산,2021-11-08 23:00,6,,2.3,270,85,,,0,,6.8
238,금산,2021-11-09 00:00,6.4,.4,1.2,270,82,,,1,,6.3
238,금산,2021-11-09 01:00,5.7,,.5,250,90,,,0,,6.6
238,금산,2021-11-09 02:00,6,,.5,340,90,,,0,,7.1
238,금산,2021-11-09 03:00,5.9,.4,.8,270,88,,,8,,7
238,금산,2021-11-09 04:00,6.3,,1.2,270,84,,,4,,6.9
238,금산,2021-11-09 05:00,6.5,,1.2,250,82,,,2,,6.6
238,금산,2021-11-09 06:00,6.2,0,.8,320,88,,,0,,7.1
238,금산,2021-11-09 07:00,6.3,,1.1,250,85,,,5,,6.9
238,금산,2021-11-09 08:00,6.9,,.8,230,83,0,,10,,7.6
238,금산,2021-11-09 09:00,8,.2,.4,0,71,0,,10,,8.9
238,금산,2021-11-09 10:00,9,,1.8,270,66,0,,9,,11.2
238,금산,2021-11-09 11:00,8.6,,1.8,250,71,.3,,8,,12.3
238,금산,2021-11-09 12:00,7.8,.3,2.2,250,82,0,,10,,11
238,금산,2021-11-09 13:00,8.6,,2.5,270,72,.1,,9,,13.6
238,금산,2021-11-09 14:00,6.6,,2.9,250,84,0,,10,,10.3
238,금산,2021-11-09 15:00,6.8,2.1,3,250,83,0,,9,,9.3
238,금산,2021-11-09 16:00,7.5,,2.1,250,76,.1,,9,,9.5
238,금산,2021-11-09 17:00,7.7,,1.5,270,75,0,,6,,8.4
238,금산,2021-11-09 18:00,7,.4,1.9,250,73,0,,8,,6.7
238,금산,2021-11-09 19:00,6.5,,1.3,230,77,,,0,,5.3
238,금산,2021-11-09 20:00,7.4,,2.6,230,74,,,8,,6.4
238,금산,2021-11-09 21:00,6.5,0,3.1,250,72,,,9,,6
238,금산,2021-11-09 22:00,6.6,,2,250,73,,,7,,5.2
238,금산,2021-11-09 23:00,6.9,,3.1,270,73,,,8,,5.7
238,금산,2021-11-10 00:00,5.6,.4,1,270,86,,,10,,5.8
238,금산,2021-11-10 01:00,5.5,,3.1,290,84,,,6,,5.9
238,금산,2021-11-10 02:00,5.1,,1.5,270,89,,,4,,5.9
238,금산,2021-11-10 03:00,5,2.5,1.3,270,92,,,7,,6.1
238,금산,2021-11-10 04:00,4.8,,1.1,270,89,,,10,,6
238,금산,2021-11-10 05:00,4.6,,.7,290,88,,,4,,6.1
238,금산,2021-11-10 06:00,4.5,0,0,0,93,,,9,,6.2
238,금산,2021-11-10 07:00,4.5,,.5,110,94,,,1,,6.4
238,금산,2021-11-10 08:00,4.7,,.6,180,95,0,,9,,7.1
238,금산,2021-11-10 09:00,5.7,0,1.6,230,82,0,,9,,8.6
238,금산,2021-11-10 10:00,6.3,,1.2,360,80,0,,9,,10
238,금산,2021-11-10 11:00,7.4,,1.2,290,86,0,,10,,15
238,금산,2021-11-10 12:00,7.9,0,1.7,290,76,.3,,10,,12.3
238,금산,2021-11-10 13:00,7.1,,2.2,340,82,0,,10,,11.4
238,금산,2021-11-10 14:00,6.4,,3.2,290,84,0,,9,,9.9
238,금산,2021-11-10 15:00,6.8,.1,1.6,290,79,0,,10,,10.2
238,금산,2021-11-10 16:00,7.3,,1.8,250,76,.1,,10,,10.4
238,금산,2021-11-10 17:00,7.3,,1.5,270,75,0,,9,,8.7
238,금산,2021-11-10 18:00,6.6,,1,250,81,0,,7,,6.4
238,금산,2021-11-10 19:00,6.5,,1,20,81,,,0,,6.3
238,금산,2021-11-10 20:00,6.3,,.4,0,87,,,0,,6.7
238,금산,2021-11-10 21:00,6.5,.2,1,270,88,,,4,,7
238,금산,2021-11-10 22:00,6.1,,.1,0,88,,,0,,6
238,금산,2021-11-10 23:00,5.9,,.9,360,92,,,8,,6.5
238,금산,2021-11-11 00:00,5.4,.2,.2,0,95,,,3,,5.4
238,금산,2021-11-11 01:00,4.3,,.3,0,98,,,1,,4.3
238,금산,2021-11-11 02:00,4.4,,.3,0,98,,,0,,4.2
238,금산,2021-11-11 03:00,6.5,0,2,290,86,,,9,,5.8
238,금산,2021-11-11 04:00,6.6,,2.2,290,80,,,0,,5.7
238,금산,2021-11-11 05:00,5.8,,1.6,290,78,,,0,,4.2
238,금산,2021-11-11 06:00,5,0,1.8,290,67,,,0,,3
238,금산,2021-11-11 07:00,3.6,,.1,0,78,,,0,,2.9
238,금산,2021-11-11 08:00,3.9,,.1,0,76,.7,,4,,3.2
238,금산,2021-11-11 09:00,6.6,,.3,0,68,1,,0,,5.4
238,금산,2021-11-11 10:00,8.4,,1.3,110,57,1,,6,,14.2
238,금산,2021-11-11 11:00,8.7,,2.8,270,58,.4,,9,,11.9
238,금산,2021-11-11 12:00,6.5,.4,.9,270,84,0,,10,,10.4
238,금산,2021-11-11 13:00,6.8,,3.3,230,78,0,,10,,9.8
238,금산,2021-11-11 14:00,7.5,,2,230,75,.1,,10,,9.8
238,금산,2021-11-11 15:00,7.9,.2,2.2,230,74,0,,10,,9.5
238,금산,2021-11-11 16:00,8.5,,1.5,250,70,0,,9,,10.2
238,금산,2021-11-11 17:00,7.9,,1.5,250,72,.3,,,,8.1
238,금산,2021-11-11 18:00,7.2,0,1.9,250,81,0,,10,,7.3
238,금산,2021-11-11 19:00,7.2,,2.4,290,65,,,7,,5.2
238,금산,2021-11-11 20:00,5.5,,.4,0,77,,,3,,4.1
238,금산,2021-11-11 21:00,4.5,0,.5,290,78,,,6,,3.3
238,금산,2021-11-11 22:00,6.5,,1,270,62,,,9,,4.9
238,금산,2021-11-11 23:00,4.8,,2.7,290,83,,,10,,5.2
238,금산,2021-11-12 00:00,4.1,.3,.3,0,89,,,0,,4.7
238,금산,2021-11-12 01:00,3.8,,.6,270,90,,,7,,4.2
238,금산,2021-11-12 02:00,4.9,,1.1,290,79,,,10,,4.7
238,금산,2021-11-12 03:00,5,,1.6,290,77,,,9,,4.5
238,금산,2021-11-12 04:00,5,,2.6,290,75,,,10,,4.6
238,금산,2021-11-12 05:00,4.8,,1.4,270,78,,,7,,4.7
238,금산,2021-11-12 06:00,4.9,0,2.2,290,75,,,8,,4.5
238,금산,2021-11-12 07:00,3.9,,1.2,290,77,,,4,,3
238,금산,2021-11-12 08:00,4.9,,1.7,270,67,.1,,4,,3.6
238,금산,2021-11-12 09:00,6.4,,1.8,320,60,.8,,6,,5.1
238,금산,2021-11-12 10:00,7.6,,2.3,320,54,1,,0,,12.5
238,금산,2021-11-12 11:00,7.4,,1.7,270,60,.2,,8,,11.2
238,금산,2021-11-12 12:00,5.6,0,2.5,230,79,.1,,9,,10.2
238,금산,2021-11-12 13:00,5.6,,2.4,250,80,0,,10,,9.9
238,금산,2021-11-12 14:00,5.2,,1.8,250,84,0,,10,,10.4
238,금산,2021-11-12 15:00,6.3,.2,2.2,230,78,.3,,,,12.9
238,금산,2021-11-12 16:00,7.1,,2.3,230,73,.9,,7,,13.6
238,금산,2021-11-12 17:00,5.5,,1.3,270,85,.3,,9,,8.4
238,금산,2021-11-12 18:00,4.8,.5,.6,270,94,0,,0,,6.9
238,금산,2021-11-12 19:00,4.7,,.5,270,94,,,2,,6.1
238,금산,2021-11-12 20:00,4.4,,.6,320,95,,,0,,5.7
238,금산,2021-11-12 21:00,4,,.3,0,97,,,1,,4.4
238,금산,2021-11-12 22:00,3.1,,0,0,98,,,0,,3.4
238,금산,2021-11-12 23:00,1.7,,.6,340,100,,,0,,2.5
238,금산,2021-11-13 00:00,1.1,,.1,0,100,,,0,,1.6
238,금산,2021-11-13 01:00,.3,,.3,0,100,,,0,,1.4
238,금산,2021-11-13 02:00,-.1,,.3,0,100,,,0,,1.8
238,금산,2021-11-13 03:00,.2,,0,0,100,,,0,,3.2
238,금산,2021-11-13 04:00,.1,,.3,0,100,,,0,,3.5
238,금산,2021-11-13 05:00,.4,,.2,0,100,,,4,,3.5
238,금산,2021-11-13 06:00,.6,,.2,0,100,,,2,,3.6
238,금산,2021-11-13 07:00,.5,,0,0,100,,,0,,2.9
238,금산,2021-11-13 08:00,.3,,0,0,100,0,,9,,4.3
238,금산,2021-11-13 09:00,2.2,,0,0,100,.1,,0,,7.4
238,금산,2021-11-13 10:00,5.1,,.3,0,100,.9,,7,,14
238,금산,2021-11-13 11:00,8.6,,.6,20,77,.8,,8,,16.7
238,금산,2021-11-13 12:00,12.1,,1.3,140,60,.9,,7,,23.6
238,금산,2021-11-13 13:00,13.1,,2.3,270,52,.7,,8,,19.9
238,금산,2021-11-13 14:00,13.4,,2,290,50,.7,,6,,19.4
238,금산,2021-11-13 15:00,13,,2.5,290,54,.3,,7,,14.6
238,금산,2021-11-13 16:00,13.4,,1.4,270,51,.8,,4,,15.5
238,금산,2021-11-13 17:00,11.9,,.9,290,58,.8,,0,,10.5
238,금산,2021-11-13 18:00,9,,.5,270,73,0,,0,,7.3
238,금산,2021-11-13 19:00,7.7,,.3,0,80,,,0,,5.9
238,금산,2021-11-13 20:00,6.2,,0,0,88,,,0,,4.8
238,금산,2021-11-13 21:00,5.1,,0,0,92,,,0,,3.9
238,금산,2021-11-13 22:00,4.1,,.1,0,96,,,0,,3.3
238,금산,2021-11-13 23:00,3.3,,.5,290,96,,,0,,2.8
238,금산,2021-11-14 00:00,3,,0,0,98,,,0,,2.4
238,금산,2021-11-14 01:00,2.1,,.4,0,98,,,0,,2
238,금산,2021-11-14 02:00,1.9,,0,0,98,,,0,,1.6
238,금산,2021-11-14 03:00,1.6,,.1,0,99,,,0,,1.5
238,금산,2021-11-14 04:00,1.4,,.1,0,100,,,0,,2.5
238,금산,2021-11-14 05:00,1.9,,.2,0,100,,,6,,3.1
238,금산,2021-11-14 06:00,1.1,,.3,0,100,,,1,,2.9
238,금산,2021-11-14 07:00,1.5,,.2,0,100,,,7,,3
238,금산,2021-11-14 08:00,1.8,,0,0,100,0,,3,,3.7
238,금산,2021-11-14 09:00,4.3,,.3,0,100,.6,,0,,7.2
238,금산,2021-11-14 10:00,7,,.3,0,90,.4,,7,,11.2
238,금산,2021-11-14 11:00,12.6,,.8,20,67,1,,3,,19.3
238,금산,2021-11-14 12:00,14.8,,2.7,250,54,.8,,7,,17.9
238,금산,2021-11-14 13:00,15.5,,3.1,250,53,.7,,8,,19
238,금산,2021-11-14 14:00,14.7,,2.8,270,56,.4,,5,,14.7
238,금산,2021-11-14 15:00,16,,3.3,290,36,.9,,3,,16.9
238,금산,2021-11-14 16:00,15.3,,2.8,270,38,1,,1,,13.9
238,금산,2021-11-14 17:00,13.8,,1.3,270,46,.6,,0,,10
238,금산,2021-11-14 18:00,10.7,,.7,250,61,0,,0,,7.3
238,금산,2021-11-14 19:00,9,,0,0,72,,,0,,6.2
238,금산,2021-11-14 20:00,7.4,,0,0,82,,,0,,5.2
238,금산,2021-11-14 21:00,6.2,,.3,0,88,,,0,,4.4
238,금산,2021-11-14 22:00,5.7,,.6,320,89,,,5,,4.2
238,금산,2021-11-14 23:00,5,,0,0,92,,,5,,3.9
238,금산,2021-11-15 00:00,4.5,,.4,0,94,,,6,,3.5
238,금산,2021-11-15 01:00,4,,.2,0,96,,,7,,2.9
238,금산,2021-11-15 02:00,2.9,,.6,290,96,,,6,,2.5
238,금산,2021-11-15 03:00,2.8,,.1,0,98,,,6,,1.9
238,금산,2021-11-15 04:00,2.3,,0,0,98,,,4,,1.5
238,금산,2021-11-15 05:00,1.9,,0,0,98,,,3,,1.1
238,금산,2021-11-15 06:00,2,,.2,0,99,,,10,,3
238,금산,2021-11-15 07:00,2,,.7,290,100,,,10,,3.9
238,금산,2021-11-15 08:00,2,,.4,0,100,0,,10,,5.1
238,금산,2021-11-15 09:00,2.9,,.2,0,100,0,,7,,7.5
238,금산,2021-11-15 10:00,4.4,,.2,0,100,0,,1,,10.8
238,금산,2021-11-15 11:00,7.9,,.3,0,100,.6,,1,,18.8
238,금산,2021-11-15 12:00,12.9,,.8,140,63,1,,3,,22.4
238,금산,2021-11-15 13:00,14.5,,1.3,180,50,1,,5,,22.8
238,금산,2021-11-15 14:00,15.1,,1.3,340,47,.9,,7,,19.7
238,금산,2021-11-15 15:00,16,,1.4,270,38,.8,,7,,17.9
238,금산,2021-11-15 16:00,15.3,,1.4,340,39,.9,,7,,15.6
238,금산,2021-11-15 17:00,13.7,,1.4,290,43,.7,,5,,10.6
238,금산,2021-11-15 18:00,9.8,,1,290,62,0,,0,,7.5
238,금산,2021-11-15 19:00,8.4,,.2,0,73,,,0,,5.9
238,금산,2021-11-15 20:00,7.2,,.1,0,80,,,0,,5
238,금산,2021-11-15 21:00,6.4,,.1,0,85,,,4,,4.3
238,금산,2021-11-15 22:00,5.1,,0,0,91,,,0,,3.6
238,금산,2021-11-15 23:00,4.3,,1,290,92,,,0,,3.2
238,금산,2021-11-16 00:00,3.6,,.1,0,96,,,0,,2.7
238,금산,2021-11-16 01:00,3,,.1,0,97,,,0,,2.2
238,금산,2021-11-16 02:00,2.5,,.3,0,98,,,2,,2
238,금산,2021-11-16 03:00,2,,.1,0,98,,,2,,1.5
238,금산,2021-11-16 04:00,1.6,,.1,0,98,,,7,,1.4
238,금산,2021-11-16 05:00,1.7,,0,0,100,,,3,,2.6
238,금산,2021-11-16 06:00,2.1,,.6,290,100,,,9,,3.9
238,금산,2021-11-16 07:00,2.1,,.3,0,100,,,9,,4.4
238,금산,2021-11-16 08:00,2.5,,.5,290,100,0,,9,,5.3
238,금산,2021-11-16 09:00,3.3,,.5,360,100,0,,7,,7.3
238,금산,2021-11-16 10:00,3.9,,.5,250,100,0,,3,,9.8
238,금산,2021-11-16 11:00,5.8,,.3,0,100,.1,,1,,15.1
238,금산,2021-11-16 12:00,11.1,,.3,0,73,1,,0,,21.6
238,금산,2021-11-16 13:00,14.7,,1.3,70,33,1,,0,,22.5
238,금산,2021-11-16 14:00,14.8,,2.2,320,30,1,,0,,20.6
238,금산,2021-11-16 15:00,15.1,,1.2,340,32,1,,0,,18.7
238,금산,2021-11-16 16:00,14.2,,1.8,360,34,1,,0,,14.2
238,금산,2021-11-16 17:00,12.5,,.4,0,39,.8,,0,,9.4
238,금산,2021-11-16 18:00,8.7,,1,270,63,0,,0,,6.3
238,금산,2021-11-16 19:00,6.3,,.6,270,72,,,0,,4.4
238,금산,2021-11-16 20:00,5.6,,.7,270,68,,,0,,3.4
238,금산,2021-11-16 21:00,3.8,,.5,320,74,,,0,,2.6
238,금산,2021-11-16 22:00,2.7,,.1,0,80,,,0,,1.8
238,금산,2021-11-16 23:00,2.1,,.2,0,84,,,0,,1.2
238,금산,2021-11-17 00:00,1.3,,.2,0,85,,,0,,.7
238,금산,2021-11-17 01:00,.7,,.2,0,88,,,0,,.3
238,금산,2021-11-17 02:00,.3,,.3,0,90,,,0,,.2
238,금산,2021-11-17 03:00,-.3,,.2,0,92,,,0,,.2
238,금산,2021-11-17 04:00,-.5,,.2,0,94,,,0,,.1
238,금산,2021-11-17 05:00,-.9,,.4,0,96,,,0,,.1
238,금산,2021-11-17 06:00,-1.1,,.5,290,95,,,0,,0
238,금산,2021-11-17 07:00,-1.5,,.1,0,96,,,0,,-.2
238,금산,2021-11-17 08:00,-.7,,.1,0,96,.4,,0,,0
238,금산,2021-11-17 09:00,2.9,,.2,0,84,1,,0,,.7
238,금산,2021-11-17 10:00,5.1,,.5,140,75,1,,0,,11
238,금산,2021-11-17 11:00,9.6,,.4,0,62,1,,0,,17.5
238,금산,2021-11-17 12:00,11.9,,1.1,90,50,1,,1,,21.7
238,금산,2021-11-17 13:00,12.9,,1.8,340,38,1,,0,,20.4
238,금산,2021-11-17 14:00,13.8,,1.8,360,32,1,,0,,21.9
238,금산,2021-11-17 15:00,13.8,,2.2,290,32,1,,0,,19
238,금산,2021-11-17 16:00,12.9,,1.5,320,37,1,,1,,14.9
238,금산,2021-11-17 17:00,11.2,,1.4,290,46,.8,,4,,8.9
238,금산,2021-11-17 18:00,8.2,,1.1,270,62,0,,7,,6.2
238,금산,2021-11-17 19:00,7.9,,.9,340,66,,,8,,5.8
238,금산,2021-11-17 20:00,8.8,,1.1,320,66,,,10,,6
238,금산,2021-11-17 21:00,7.3,,.4,0,72,,,10,,5.2
238,금산,2021-11-17 22:00,6.5,,.7,180,77,,,7,,4.8
238,금산,2021-11-17 23:00,5,,.3,0,85,,,6,,3.3
238,금산,2021-11-18 00:00,4,,.1,0,89,,,7,,2.9
238,금산,2021-11-18 01:00,3.2,,1,290,92,,,7,,2.8
238,금산,2021-11-18 02:00,2.9,,.6,290,93,,,8,,2.6
238,금산,2021-11-18 03:00,2.2,,.2,0,95,,,6,,1.9
238,금산,2021-11-18 04:00,1.8,,.5,270,97,,,0,,1.4
238,금산,2021-11-18 05:00,1.3,,.1,0,97,,,0,,1
238,금산,2021-11-18 06:00,.8,,.3,0,97,,,10,,.7
238,금산,2021-11-18 07:00,.7,,.4,0,98,,,3,,.6
238,금산,2021-11-18 08:00,1.3,,.2,0,97,0,,10,,2
238,금산,2021-11-18 09:00,3.3,,.3,0,92,.6,,9,,6.5
238,금산,2021-11-18 10:00,6.7,,.4,0,78,.7,,0,,12
238,금산,2021-11-18 11:00,10.2,,.7,20,68,.5,,6,,16.7
238,금산,2021-11-18 12:00,15,,1,270,62,.6,,7,,21.5
238,금산,2021-11-18 13:00,15.9,,2,250,59,.7,,8,,23.3
238,금산,2021-11-18 14:00,15.7,,3.6,250,56,1,,6,,21.1
238,금산,2021-11-18 15:00,16.3,,1.5,250,55,.9,,6,,19.7
238,금산,2021-11-18 16:00,15.6,,2.1,270,56,.9,,5,,16.6
238,금산,2021-11-18 17:00,14.3,,1.5,270,61,.5,,1,,12
238,금산,2021-11-18 18:00,12.6,,.8,270,71,0,,0,,8.4
238,금산,2021-11-18 19:00,10.7,,.2,0,79,,,0,,6.7
238,금산,2021-11-18 20:00,8.6,,.1,0,86,,,5,,5.6
238,금산,2021-11-18 21:00,7.5,,.2,0,90,,,0,,4.7
238,금산,2021-11-18 22:00,5.9,,.3,0,95,,,0,,4.2
238,금산,2021-11-18 23:00,5.7,,.3,0,96,,,1,,3.6
238,금산,2021-11-19 00:00,4.9,,.3,0,98,,,0,,3.1
238,금산,2021-11-19 01:00,4.2,,.7,320,98,,,7,,2.9
238,금산,2021-11-19 02:00,3.8,,.2,0,98,,,10,,2.8
238,금산,2021-11-19 03:00,3.6,,.3,0,100,,,10,,4.1
238,금산,2021-11-19 04:00,3.4,,.5,290,100,,,10,,4.4
238,금산,2021-11-19 05:00,2.8,,.6,320,100,,,10,,4.3
238,금산,2021-11-19 06:00,3.4,,.1,0,100,,,9,,4.9
238,금산,2021-11-19 07:00,3,,.2,0,100,,,9,,5.1
238,금산,2021-11-19 08:00,3,,.8,320,100,0,,10,,5.8
238,금산,2021-11-19 09:00,4.3,,.8,290,100,0,,10,,8.4
238,금산,2021-11-19 10:00,6.1,,.6,50,100,0,,8,,12.3
238,금산,2021-11-19 11:00,9.7,,.5,250,100,.2,,9,,18.5
238,금산,2021-11-19 12:00,13.7,,.6,110,71,.6,,7,,19.3
238,금산,2021-11-19 13:00,15.4,,.5,160,66,.2,,6,,19
238,금산,2021-11-19 14:00,17.3,,1.4,290,57,.9,,6,,22.1
238,금산,2021-11-19 15:00,17.3,,2.3,250,56,.8,,2,,19.9
238,금산,2021-11-19 16:00,16.8,,1.4,270,58,1,,1,,16.7
238,금산,2021-11-19 17:00,14.6,,.6,250,68,.5,,1,,11.7
238,금산,2021-11-19 18:00,11.8,,1,270,79,0,,1,,8.9
238,금산,2021-11-19 19:00,9.8,,.2,0,87,,,3,,7.4
238,금산,2021-11-19 20:00,8.5,,.2,0,92,,,3,,6.1
238,금산,2021-11-19 21:00,7.6,,0,0,94,,,6,,5.4
238,금산,2021-11-19 22:00,6.8,,.3,0,96,,,5,,4.8
238,금산,2021-11-19 23:00,6.3,,.1,0,97,,,5,,4.5
238,금산,2021-11-20 00:00,6.2,,.1,0,98,,,6,,5.4
238,금산,2021-11-20 01:00,5.6,,0,0,98,,,6,,4.2
238,금산,2021-11-20 02:00,6,,.2,0,100,,,8,,6.5
238,금산,2021-11-20 03:00,7.1,,.2,0,99,,,9,,7.4
238,금산,2021-11-20 04:00,6.4,,.3,0,98,,,7,,5
238,금산,2021-11-20 05:00,5.2,,.6,270,100,,,7,,4.7
238,금산,2021-11-20 06:00,5.7,,.1,0,100,,,8,,6.3
238,금산,2021-11-20 07:00,6.1,,.4,0,100,,,8,,7
238,금산,2021-11-20 08:00,6.3,,.7,140,100,0,,9,,7.7
238,금산,2021-11-20 09:00,6.5,,.4,0,100,0,,7,,9.1
238,금산,2021-11-20 10:00,6.8,,.5,230,100,0,,7,,11.2
238,금산,2021-11-20 11:00,7.9,,.7,160,100,0,,8,,13
238,금산,2021-11-20 12:00,8.9,0,.4,0,100,0,,8,,16.1
238,금산,2021-11-20 13:00,11.3,,1.4,290,86,.5,,0,,20.8
238,금산,2021-11-20 14:00,15.7,,.6,320,66,1,,0,,22.5
238,금산,2021-11-20 15:00,16.4,,.6,180,52,1,,0,,20
238,금산,2021-11-20 16:00,16.3,,1,290,49,1,,0,,16.5
238,금산,2021-11-20 17:00,13.1,,.7,270,62,.6,,0,,11.1
238,금산,2021-11-20 18:00,10.5,,1.1,270,73,0,,3,,7.9
238,금산,2021-11-20 19:00,8.9,,.8,290,81,,,0,,6.4
238,금산,2021-11-20 20:00,7.7,,.1,0,84,,,0,,5.3
238,금산,2021-11-20 21:00,6.4,,.1,0,90,,,2,,4.6
238,금산,2021-11-20 22:00,5.7,,0,0,93,,,4,,4.2
238,금산,2021-11-20 23:00,5.1,,.1,0,95,,,5,,3.5
238,금산,2021-11-21 00:00,4.7,,.1,0,95,,,10,,3.7
238,금산,2021-11-21 01:00,4.1,,1.3,320,97,,,8,,3.2
238,금산,2021-11-21 02:00,3.7,,.3,0,98,,,9,,3.3
238,금산,2021-11-21 03:00,3.8,,.6,320,98,,,9,,3.8
238,금산,2021-11-21 04:00,4.4,,.2,0,98,,,10,,4.2
238,금산,2021-11-21 05:00,4.6,,.1,0,97,,,10,,4.4
238,금산,2021-11-21 06:00,4.8,,.9,90,99,,,10,,5
238,금산,2021-11-21 07:00,4.3,,.3,0,98,,,10,,5.4
238,금산,2021-11-21 08:00,4.8,,.3,0,100,0,,10,,6
238,금산,2021-11-21 09:00,5.1,,.9,290,100,0,,10,,8.2
238,금산,2021-11-21 10:00,7.2,,.5,110,92,0,,9,,10.9
238,금산,2021-11-21 11:00,10.1,,.4,0,78,.1,,10,,16
238,금산,2021-11-21 12:00,11.3,,.4,0,75,0,,10,,13.6
238,금산,2021-11-21 13:00,13.2,,.7,290,66,0,,9,,15.7
238,금산,2021-11-21 14:00,14.4,,.2,0,60,0,,9,,15.4
238,금산,2021-11-21 15:00,14.7,,.7,110,60,0,,10,,14.8
238,금산,2021-11-21 16:00,14.7,,.5,90,62,0,,7,,13.8
238,금산,2021-11-21 17:00,14.9,,1.6,270,67,0,,10,,12.1
238,금산,2021-11-21 18:00,13.5,,.6,320,73,0,,9,,10
238,금산,2021-11-21 19:00,11.2,,.2,0,82,,,8,,8.4
238,금산,2021-11-21 20:00,10.3,,.6,20,86,,,9,,7.8
238,금산,2021-11-21 21:00,9.3,,.3,0,90,,,8,,7.6
238,금산,2021-11-21 22:00,10.1,,.9,70,86,,,10,,8
238,금산,2021-11-21 23:00,9.9,,.8,340,83,,,10,,8.4
238,금산,2021-11-22 00:00,13.3,,1.8,270,59,,,10,,8.9
238,금산,2021-11-22 01:00,13.3,,1.6,230,65,,,10,,9.3
238,금산,2021-11-22 02:00,9.4,,5.7,290,85,,,10,,8.9
238,금산,2021-11-22 03:00,7.5,1.9,3,290,88,,,10,,7.8
238,금산,2021-11-22 04:00,6.7,,2.6,290,90,,,10,,7.2
238,금산,2021-11-22 05:00,6.3,,2.8,290,87,,,9,,6.7
238,금산,2021-11-22 06:00,6.3,2.2,1.9,290,81,,,9,,6.4
238,금산,2021-11-22 07:00,5.9,,1.3,320,81,,,9,,6.1
238,금산,2021-11-22 08:00,5.7,,1.9,290,82,0,,8,,6.1
238,금산,2021-11-22 09:00,5.1,.1,4,290,76,0,,10,,5.6
238,금산,2021-11-22 10:00,5.2,,3.5,290,73,0,,10,,6.6
238,금산,2021-11-22 11:00,5.5,,3.7,290,69,.1,,10,,8.8
238,금산,2021-11-22 12:00,6.4,0,4.2,290,65,.2,,10,,12.2
238,금산,2021-11-22 13:00,6.1,,3,320,64,.2,,8,,9.5
238,금산,2021-11-22 14:00,6.8,,4.1,290,48,.4,,6,,10.3
238,금산,2021-11-22 15:00,6.2,0,5.4,290,47,.3,,8,,8.2
238,금산,2021-11-22 16:00,5.5,,4.8,290,53,.7,,7,,6.8
238,금산,2021-11-22 17:00,4.6,,1.8,340,63,.2,,4,,5
238,금산,2021-11-22 18:00,2.8,0,2.2,290,75,0,,0,,2.3
238,금산,2021-11-22 19:00,2.2,,1.8,290,76,,,1,,1.5
238,금산,2021-11-22 20:00,2.2,,2.1,290,75,,,10,,1.1
238,금산,2021-11-22 21:00,1.7,,1.5,290,77,,,4,,.8
238,금산,2021-11-22 22:00,2.2,,2.9,290,74,,,4,,1.3
238,금산,2021-11-22 23:00,2.4,,2.5,290,73,,,0,,1.8
238,금산,2021-11-23 00:00,1.8,,2.3,290,75,,,9,,.6
238,금산,2021-11-23 01:00,1.9,,3,290,78,,,1,,1.6
238,금산,2021-11-23 02:00,1.3,,2.6,290,79,,,0,,.6
238,금산,2021-11-23 03:00,1.4,,2.5,290,78,,,0,,1
238,금산,2021-11-23 04:00,1.4,,1.8,290,78,,,9,,1.8
238,금산,2021-11-23 05:00,.7,,2.3,340,82,,,9,,2
238,금산,2021-11-23 06:00,.1,,1.2,340,81,,,7,,1.7
238,금산,2021-11-23 07:00,-.8,,1.1,290,80,,,0,,-.1
238,금산,2021-11-23 08:00,-.6,,.8,270,77,.2,,2,,.3
238,금산,2021-11-23 09:00,.4,,.7,250,67,1,,1,,.9
238,금산,2021-11-23 10:00,1.2,,.6,230,62,.6,,5,,6.2
238,금산,2021-11-23 11:00,2.8,,1,340,59,.4,,8,,9.6
238,금산,2021-11-23 12:00,4.4,,2,290,60,.5,,9,,13.6
238,금산,2021-11-23 13:00,2.1,,1.7,340,79,0,,9,,8.1
238,금산,2021-11-23 14:00,2.6,,1.9,320,75,0,,10,,8.5
238,금산,2021-11-23 15:00,3.4,0,2.9,320,68,.5,,9,,8.7
238,금산,2021-11-23 16:00,3.5,,2.1,320,68,0,,9,,6.3
238,금산,2021-11-23 17:00,3.3,,2.5,320,70,0,,8,,4.4
238,금산,2021-11-23 18:00,2.9,,1.9,290,76,0,,0,,3.4
238,금산,2021-11-23 19:00,2.8,,3,290,76,,,0,,1.9
238,금산,2021-11-23 20:00,2.7,,1.8,290,75,,,0,,1.1
238,금산,2021-11-23 21:00,2.8,,1.1,270,76,,,0,,1.5
238,금산,2021-11-23 22:00,2.7,,1.3,270,79,,,0,,1
238,금산,2021-11-23 23:00,2.6,,.8,290,85,,,9,,1.8
238,금산,2021-11-24 00:00,2.8,0,1.4,270,87,,,9,,3.1
238,금산,2021-11-24 01:00,1.6,,.3,0,94,,,9,,2.9
238,금산,2021-11-24 02:00,1.8,,.4,0,95,,,0,,3.1
238,금산,2021-11-24 03:00,2.2,.7,.6,320,94,,,7,,3.5
238,금산,2021-11-24 04:00,1.8,,.6,320,91,,,4,,2.5
238,금산,2021-11-24 05:00,1,,.2,0,94,,,0,,1.4
238,금산,2021-11-24 06:00,.3,,.3,0,98,,,9,,1.5
238,금산,2021-11-24 07:00,-.2,,.2,0,98,,,3,,.2
238,금산,2021-11-24 08:00,-.5,,.6,320,99,.3,,0,,.7
238,금산,2021-11-24 09:00,.5,,.3,0,100,.2,,0,,3.4
238,금산,2021-11-24 10:00,5.1,,.8,70,82,1,,0,,10.2
238,금산,2021-11-24 11:00,9,,3.4,270,56,1,,3,,14.6
238,금산,2021-11-24 12:00,9.7,,3.8,270,52,1,,3,,16.8
238,금산,2021-11-24 13:00,10.3,,3.5,290,51,.9,,7,,17.4
238,금산,2021-11-24 14:00,10.5,,2.2,270,51,.4,,6,,14.8
238,금산,2021-11-24 15:00,10.5,,3.2,270,51,.6,,6,,13.8
238,금산,2021-11-24 16:00,10.4,,2.7,290,38,1,,0,,10.8
238,금산,2021-11-24 17:00,9,,2,270,48,.8,,0,,6.2
238,금산,2021-11-24 18:00,7.9,,.9,270,54,0,,0,,4
238,금산,2021-11-24 19:00,7.1,,.9,270,59,,,0,,2.8
238,금산,2021-11-24 20:00,4.8,,.4,0,73,,,0,,1.8
238,금산,2021-11-24 21:00,3.5,,.3,0,77,,,0,,1.4
238,금산,2021-11-24 22:00,2,,.5,290,84,,,0,,1
238,금산,2021-11-24 23:00,1.5,,.5,250,88,,,0,,1.2
238,금산,2021-11-25 00:00,1.9,,.5,290,86,,,2,,2.4
238,금산,2021-11-25 01:00,3.4,,1,20,85,,,6,,2.3
238,금산,2021-11-25 02:00,3.8,,.6,70,85,,,0,,1.4
238,금산,2021-11-25 03:00,4.4,,.6,110,85,,,2,,1.8
238,금산,2021-11-25 04:00,4.6,,.7,140,87,,,8,,2.6
238,금산,2021-11-25 05:00,4.2,,.4,0,90,,,8,,2.2
238,금산,2021-11-25 06:00,5.2,,.8,340,87,,,0,,3.5
238,금산,2021-11-25 07:00,4.8,,.5,160,90,,,1,,2.6
238,금산,2021-11-25 08:00,5.4,,.5,50,89,0,,2,,3.7
238,금산,2021-11-25 09:00,7.1,,.4,0,83,.2,,4,,5.9
238,금산,2021-11-25 10:00,10.8,,.8,70,70,.3,,8,,11.8
238,금산,2021-11-25 11:00,12.5,,2.6,320,62,.6,,6,,15.6
238,금산,2021-11-25 12:00,13.4,,2.8,290,52,.9,,4,,19.1
238,금산,2021-11-25 13:00,14.3,,2.8,290,39,1,,4,,19.9
238,금산,2021-11-25 14:00,14.2,,3.1,270,30,1,,5,,19.2
238,금산,2021-11-25 15:00,13.9,,3.3,270,30,1,,0,,16.6
238,금산,2021-11-25 16:00,12.9,,2.6,290,38,1,,0,,12.6
238,금산,2021-11-25 17:00,11.2,,3.1,290,40,.8,,0,,7.8
238,금산,2021-11-25 18:00,10.2,,3.5,290,45,0,,0,,5.7
238,금산,2021-11-25 19:00,9.1,,2,290,50,,,0,,4.5
238,금산,2021-11-25 20:00,7.9,,1.9,290,52,,,0,,3.4
238,금산,2021-11-25 21:00,6.8,,1.1,290,52,,,0,,2.5
238,금산,2021-11-25 22:00,4.3,,.3,0,66,,,0,,1.4
238,금산,2021-11-25 23:00,2.4,,.1,0,75,,,0,,.5
238,금산,2021-11-26 00:00,1.7,,.4,0,80,,,0,,0
238,금산,2021-11-26 01:00,.5,,0,0,87,,,0,,.1
238,금산,2021-11-26 02:00,.1,,.6,320,88,,,0,,0
238,금산,2021-11-26 03:00,-.6,,.2,0,91,,,0,,-.3
238,금산,2021-11-26 04:00,-1.1,,0,0,94,,,0,,-.6
238,금산,2021-11-26 05:00,-1.2,,.1,0,93,,,0,,-.9
238,금산,2021-11-26 06:00,-2.2,,0,0,95,,,0,,-1.3
238,금산,2021-11-26 07:00,-2.2,,0,0,95,,,0,,-1.6
238,금산,2021-11-26 08:00,-2.1,,.1,0,95,.5,,0,,-1.3
238,금산,2021-11-26 09:00,.5,,.3,0,86,1,,0,,-.3
238,금산,2021-11-26 10:00,3.5,,.1,0,63,1,,0,,3.3
238,금산,2021-11-26 11:00,7,,.9,90,43,1,,0,,14.2
238,금산,2021-11-26 12:00,8.6,,1.6,320,34,1,,0,,17.6
238,금산,2021-11-26 13:00,9.5,,1.3,340,30,1,,0,,19.3
238,금산,2021-11-26 14:00,10.2,,2.4,340,29,1,,0,,18.1
238,금산,2021-11-26 15:00,10.5,,2.3,290,31,1,,0,,16
238,금산,2021-11-26 16:00,9.7,,2,270,34,1,,5,,11
238,금산,2021-11-26 17:00,8.5,,1.6,270,42,.5,,8,,6.9
238,금산,2021-11-26 18:00,7.5,,.4,0,47,0,,0,,5
238,금산,2021-11-26 19:00,5.2,,.2,0,60,,,4,,2.4
238,금산,2021-11-26 20:00,3.9,,.2,0,68,,,1,,2
238,금산,2021-11-26 21:00,3.1,,.2,0,73,,,0,,1.1
238,금산,2021-11-26 22:00,2.7,,0,0,77,,,0,,.5
238,금산,2021-11-26 23:00,1.8,,.7,320,82,,,0,,1
238,금산,2021-11-27 00:00,1.8,,.2,0,83,,,0,,1.6
238,금산,2021-11-27 01:00,.6,,.2,0,88,,,0,,-.4
238,금산,2021-11-27 02:00,.1,,.1,0,90,,,0,,-.3
238,금산,2021-11-27 03:00,-1.1,,.4,0,92,,,0,,-.7
238,금산,2021-11-27 04:00,-1.5,,.5,270,94,,,0,,-1
238,금산,2021-11-27 05:00,-1.4,,.4,0,95,,,0,,-1.3
238,금산,2021-11-27 06:00,-1.8,,.1,0,95,,,0,,-1.6
238,금산,2021-11-27 07:00,-2,,.3,0,95,,,0,,-2.1
238,금산,2021-11-27 08:00,-2.3,,0,0,95,.4,,0,,-1.8
238,금산,2021-11-27 09:00,.2,,.2,0,89,1,,0,,-.5
238,금산,2021-11-27 10:00,3.3,,.4,0,75,1,,0,,3.6
238,금산,2021-11-27 11:00,5.9,,.6,50,45,1,,0,,14.1
238,금산,2021-11-27 12:00,6.9,,1,180,34,1,,0,,17.9
238,금산,2021-11-27 13:00,9.1,,.7,20,32,1,,0,,19.9
238,금산,2021-11-27 14:00,9.5,,1.2,200,27,1,,0,,19.4
238,금산,2021-11-27 15:00,10.9,,.9,360,19,1,,0,,17.7
238,금산,2021-11-27 16:00,11,,.4,0,22,1,,0,,12.5
238,금산,2021-11-27 17:00,6.8,,1.5,270,40,.8,,0,,5.3
238,금산,2021-11-27 18:00,4.4,,.8,270,47,0,,0,,2.1
238,금산,2021-11-27 19:00,2.5,,0,0,56,,,0,,.3
238,금산,2021-11-27 20:00,1.3,,.3,0,58,,,0,,-.1
238,금산,2021-11-27 21:00,.1,,.3,0,65,,,0,,-.5
238,금산,2021-11-27 22:00,-.9,,.2,0,71,,,0,,-1
238,금산,2021-11-27 23:00,-1.5,,.5,290,74,,,0,,-1.5
238,금산,2021-11-28 00:00,-2.2,,.4,0,78,,,0,,-1.9
238,금산,2021-11-28 01:00,-2.5,,.2,0,80,,,0,,-2.2
238,금산,2021-11-28 02:00,-2.9,,.3,0,82,,,1,,-2.5
238,금산,2021-11-28 03:00,-3.4,,.2,0,84,,,0,,-2.7
238,금산,2021-11-28 04:00,-3.8,,.2,0,86,,,0,,-2.8
238,금산,2021-11-28 05:00,-4.1,,.1,0,88,,,1,,-3
238,금산,2021-11-28 06:00,-4.3,,.4,0,90,,,0,,-3.2
238,금산,2021-11-28 07:00,-4.7,,.4,0,91,,,0,,-3.3
238,금산,2021-11-28 08:00,-4.3,,.4,0,90,.5,,0,,-2.7
238,금산,2021-11-28 09:00,-1.5,,.7,140,78,1,,0,,-1.2
238,금산,2021-11-28 10:00,1.7,,.6,140,74,1,,0,,3.2
238,금산,2021-11-28 11:00,5.6,,.4,0,57,1,,0,,11.8
238,금산,2021-11-28 12:00,8.5,,.9,140,44,1,,1,,16.5
238,금산,2021-11-28 13:00,11.4,,1,160,34,1,,6,,19.2
238,금산,2021-11-28 14:00,12.6,,.6,140,30,1,,3,,20.6
238,금산,2021-11-28 15:00,12.6,,.6,320,30,.4,,8,,13.9
238,금산,2021-11-28 16:00,12.2,,2.1,340,34,.3,,10,,11.8
238,금산,2021-11-28 17:00,10.1,,.5,320,38,0,,7,,7.1
238,금산,2021-11-28 18:00,6.8,,.8,270,57,0,,9,,4.6
238,금산,2021-11-28 19:00,5.9,,.9,270,60,,,9,,3.3
238,금산,2021-11-28 20:00,4.5,,.1,0,66,,,8,,2.2
238,금산,2021-11-28 21:00,3.1,,.8,320,71,,,7,,.9
238,금산,2021-11-28 22:00,1.6,,0,0,77,,,7,,-.1
238,금산,2021-11-28 23:00,.5,,0,0,80,,,7,,-.1
238,금산,2021-11-29 00:00,-.3,,.5,290,83,,,7,,-.5
238,금산,2021-11-29 01:00,-.7,,.3,0,84,,,1,,-.9
238,금산,2021-11-29 02:00,-1.3,,.1,0,88,,,10,,-1.3
238,금산,2021-11-29 03:00,-1.9,,.4,0,89,,,3,,-1.7
238,금산,2021-11-29 04:00,-2.4,,.4,0,91,,,0,,-2.1
238,금산,2021-11-29 05:00,-2.6,,.4,0,92,,,0,,-2.6
238,금산,2021-11-29 06:00,-3.2,,.5,250,93,,,0,,-2.9
238,금산,2021-11-29 07:00,-3.7,,.1,0,94,,,0,,-3.1
238,금산,2021-11-29 08:00,-2.8,,.2,0,91,.5,,1,,-2.3
238,금산,2021-11-29 09:00,-.4,,.3,0,84,1,,8,,-.8
238,금산,2021-11-29 10:00,3.2,,.5,90,73,1,,4,,3.9
238,금산,2021-11-29 11:00,6.8,,.4,0,61,.9,,6,,14.4
238,금산,2021-11-29 12:00,10.5,,.7,50,49,1,,5,,19.3
238,금산,2021-11-29 13:00,12.7,,1,140,37,1,,5,,20.8
238,금산,2021-11-29 14:00,14.1,,.8,360,34,.2,,8,,17.7
238,금산,2021-11-29 15:00,14.2,,.8,110,31,.2,,8,,17.8
238,금산,2021-11-29 16:00,13.1,,1.6,340,44,.6,,8,,13.5
238,금산,2021-11-29 17:00,11.6,,1.3,290,49,.6,,9,,9.3
238,금산,2021-11-29 18:00,9.5,,.6,270,59,0,,8,,6.8
238,금산,2021-11-29 19:00,8.1,,.3,0,66,,,8,,5.4
238,금산,2021-11-29 20:00,6,,.3,0,75,,,6,,3.1
238,금산,2021-11-29 21:00,4.3,,.4,0,80,,,0,,2
238,금산,2021-11-29 22:00,3.3,,.1,0,84,,,0,,1.2
238,금산,2021-11-29 23:00,2.6,,0,0,87,,,4,,1.6
238,금산,2021-11-30 00:00,2,,.6,340,88,,,6,,.9
238,금산,2021-11-30 01:00,1.5,,.5,250,91,,,7,,1.1
238,금산,2021-11-30 02:00,1.9,,.1,0,90,,,7,,1.1
238,금산,2021-11-30 03:00,1.7,,.4,0,91,,,9,,1.5
238,금산,2021-11-30 04:00,1.9,,.1,0,90,,,10,,2.2
238,금산,2021-11-30 05:00,2.7,,.6,110,84,,,10,,3.3
238,금산,2021-11-30 06:00,3.3,0,.5,160,83,,,10,,3.8
238,금산,2021-11-30 07:00,4.1,,.4,0,87,,,10,,4.5
238,금산,2021-11-30 08:00,4.6,,.9,90,95,0,,10,,5
238,금산,2021-11-30 09:00,6.7,6.9,1.1,50,99,0,,10,,6.3
238,금산,2021-11-30 10:00,11.5,,4.1,290,94,0,,10,,8.5
238,금산,2021-11-30 11:00,10.3,,1.2,270,91,0,,10,,9.2
238,금산,2021-11-30 12:00,10.4,11.2,1.9,290,90,0,,10,,9.9
238,금산,2021-11-30 13:00,9.6,,1.7,230,83,0,,10,,10.5
238,금산,2021-11-30 14:00,9.3,,1.4,320,90,0,,10,,10.3
238,금산,2021-11-30 15:00,9.7,4.1,2.9,290,84,0,,10,,9.4
238,금산,2021-11-30 16:00,9,,3.1,270,79,0,,10,,8.2
238,금산,2021-11-30 17:00,7.7,,3.6,290,83,0,,9,,7.3
238,금산,2021-11-30 18:00,6,2.6,4,290,85,0,,8,,6.1
238,금산,2021-11-30 19:00,5.6,,4.4,290,74,,,0,,5
238,금산,2021-11-30 20:00,4.3,,5.3,290,77,,,1,,3.9
238,금산,2021-11-30 21:00,3.4,.4,3.7,290,79,,,8,,3.3
238,금산,2021-11-30 22:00,3.7,,4.3,290,69,,,8,,2.4
238,금산,2021-11-30 23:00,3,,4.4,290,71,,,8,,2.6
238,금산,2021-12-01 00:00,2.7,0,4,290,70,,,8,,1.9
238,금산,2021-12-01 01:00,2.4,,5.1,290,69,,,9,,.9
238,금산,2021-12-01 02:00,2.3,,3.7,290,66,,,5,,.6
238,금산,2021-12-01 03:00,2.2,,4,290,66,,,8,,1.2
238,금산,2021-12-01 04:00,2.1,,4.4,270,62,,,8,,.5
238,금산,2021-12-01 05:00,1.7,,3.9,290,57,,,9,,.2
238,금산,2021-12-01 06:00,1.3,,4.3,290,53,,,8,,.1
238,금산,2021-12-01 07:00,.7,,2.9,290,57,,,3,,0
238,금산,2021-12-01 08:00,.7,,3.8,290,59,0,,7,,.1
238,금산,2021-12-01 09:00,.8,,3,320,62,0,,8,,1.1
238,금산,2021-12-01 10:00,1.3,,4.1,290,56,.7,,8,,4.6
238,금산,2021-12-01 11:00,1.9,,4.2,290,54,.4,,8,,7.8
238,금산,2021-12-01 12:00,1.9,,2.9,320,52,.1,,9,,6.6
238,금산,2021-12-01 13:00,2,,4.9,290,50,.4,,9,,7.8
238,금산,2021-12-01 14:00,1.5,,3.9,320,52,.3,,9,,5
238,금산,2021-12-01 15:00,1.8,,2.4,290,50,.6,,8,,6.6
238,금산,2021-12-01 16:00,1.5,,3.4,290,50,.7,,4,,3.9
238,금산,2021-12-01 17:00,.8,,2.8,290,54,.3,,5,,.8
238,금산,2021-12-01 18:00,.2,,2.3,290,57,0,,5,,-.8
238,금산,2021-12-01 19:00,-.3,,2.2,290,59,,,0,,-.3
238,금산,2021-12-01 20:00,-.8,,1.6,290,62,,,0,,-.6
238,금산,2021-12-01 21:00,-.9,,1.7,270,60,,,0,,-1
238,금산,2021-12-01 22:00,-.9,,1.2,290,59,,,0,,-1.3
238,금산,2021-12-01 23:00,-1.4,,.6,270,62,,,0,,-1.8
238,금산,2021-12-02 00:00,-2.6,,.6,320,70,,,0,,-2.4
238,금산,2021-12-02 01:00,-3.7,,.3,0,81,,,0,,-3
238,금산,2021-12-02 02:00,-4.1,,.2,0,84,,,0,,-3.5
238,금산,2021-12-02 03:00,-5,,.1,0,89,,,0,,-3.9
238,금산,2021-12-02 04:00,-5.2,,.3,0,90,,,2,,-3.3
238,금산,2021-12-02 05:00,-4.7,,.4,0,89,,,4,,-2.2
238,금산,2021-12-02 06:00,-4.3,,.4,0,88,,,0,,-1.7
238,금산,2021-12-02 07:00,-3.5,,.4,0,83,,,0,,-1.5
238,금산,2021-12-02 08:00,-3.2,,.3,0,82,0,,10,,-1
238,금산,2021-12-02 09:00,-2.4,,.6,320,82,0,,8,,.2
238,금산,2021-12-02 10:00,-.3,,.6,140,73,.4,,5,,2.7
238,금산,2021-12-02 11:00,2.5,,.7,50,56,.9,,6,,3.8
238,금산,2021-12-02 12:00,4.3,,1.1,90,53,.8,,4,,13.5
238,금산,2021-12-02 13:00,6.1,,1.7,270,51,.8,,3,,15.4
238,금산,2021-12-02 14:00,5.9,,2.6,290,52,.7,,7,,11.5
238,금산,2021-12-02 15:00,5.9,,1.3,270,52,.4,,5,,9.1
238,금산,2021-12-02 16:00,5.9,,1.5,270,52,.3,,6,,6.2
238,금산,2021-12-02 17:00,5.3,,1,270,58,.1,,8,,4.8
238,금산,2021-12-02 18:00,5,,1.1,270,63,0,,0,,3.4
238,금산,2021-12-02 19:00,3.6,,.7,140,70,,,2,,.8
238,금산,2021-12-02 20:00,4.6,,.7,160,65,,,6,,2.6
238,금산,2021-12-02 21:00,4.1,,.7,90,69,,,1,,2.9
238,금산,2021-12-02 22:00,4.1,,1,70,70,,,9,,2.8
238,금산,2021-12-02 23:00,3.6,,1.3,230,89,,,9,,3.2
238,금산,2021-12-03 00:00,4,1.5,1.6,160,89,,,9,,3.5
238,금산,2021-12-03 01:00,3.5,,1.7,90,90,,,10,,3.4
238,금산,2021-12-03 02:00,3.5,,.6,140,92,,,10,,3.4
238,금산,2021-12-03 03:00,5.1,1,1.7,230,87,,,9,,3.9
238,금산,2021-12-03 04:00,3.1,,.2,0,96,,,9,,2.4
238,금산,2021-12-03 05:00,3.9,,.6,250,96,,,0,,1.4
238,금산,2021-12-03 06:00,2.7,0,1.9,360,96,,,8,,1.3
238,금산,2021-12-03 07:00,3.1,,1.1,20,97,,,9,,2.5
238,금산,2021-12-03 08:00,3.7,,1.7,290,92,0,,9,,3.4
238,금산,2021-12-03 09:00,4.3,.8,.4,0,92,.5,,0,,3.3
238,금산,2021-12-03 10:00,5.8,,1.1,340,68,1,,0,,9.1
238,금산,2021-12-03 11:00,6.6,,2.2,340,58,1,,4,,13.2
238,금산,2021-12-03 12:00,6.9,,2.7,290,58,.6,,7,,13.4
238,금산,2021-12-03 13:00,6.9,,4.3,290,54,.9,,6,,15
238,금산,2021-12-03 14:00,7.3,,4,290,42,.9,,6,,13.3
238,금산,2021-12-03 15:00,7.4,,3.8,290,40,.6,,6,,12.5
238,금산,2021-12-03 16:00,5.4,,3.9,290,46,.5,,5,,5.4
238,금산,2021-12-03 17:00,4.2,,3.3,290,50,.1,,5,,2.8
238,금산,2021-12-03 18:00,3,,3,290,53,0,,6,,.9
238,금산,2021-12-03 19:00,2.5,,3.4,290,54,,,0,,0
238,금산,2021-12-03 20:00,2.1,,3.1,290,53,,,0,,-.6
238,금산,2021-12-03 21:00,1.7,,1.8,290,55,,,0,,0
238,금산,2021-12-03 22:00,1.5,,2.1,290,55,,,0,,-.1
238,금산,2021-12-03 23:00,1.1,,1.3,290,56,,,0,,-.5
238,금산,2021-12-04 00:00,.2,,.5,320,62,,,3,,-.7
238,금산,2021-12-04 01:00,-.3,,.4,0,67,,,5,,-.6
238,금산,2021-12-04 02:00,-1.5,,.9,290,75,,,5,,-1.4
238,금산,2021-12-04 03:00,-2.4,,.3,0,81,,,0,,-2
238,금산,2021-12-04 04:00,-2.8,,0,0,85,,,0,,-2.5
238,금산,2021-12-04 05:00,-3.8,,.7,290,88,,,0,,-3
238,금산,2021-12-04 06:00,-4.2,,.6,290,92,,,0,,-3.6
238,금산,2021-12-04 07:00,-4.5,,.1,0,91,,,0,,-3.9
238,금산,2021-12-04 08:00,-4.1,,.3,0,91,.4,,0,,-3.3
238,금산,2021-12-04 09:00,-1.9,,.3,0,82,1,,0,,-1.4
238,금산,2021-12-04 10:00,.5,,.7,110,69,.9,,5,,2
238,금산,2021-12-04 11:00,1.4,,.1,0,65,0,,9,,.8
238,금산,2021-12-04 12:00,1.7,,.6,290,68,0,,9,,.7
238,금산,2021-12-04 13:00,2.9,,.8,270,65,0,,9,,2.7
238,금산,2021-12-04 14:00,4.9,,.7,320,55,0,,9,,7.9
238,금산,2021-12-04 15:00,5.1,,.9,320,55,.1,,9,,7
238,금산,2021-12-04 16:00,3.8,,1.9,360,66,0,,9,,4.8
238,금산,2021-12-04 17:00,2.9,,.7,360,74,0,,9,,2.4
238,금산,2021-12-04 18:00,1.4,,.7,290,80,0,,0,,0
238,금산,2021-12-04 19:00,-.3,,.2,0,88,,,1,,0
238,금산,2021-12-04 20:00,-1,,.2,0,91,,,0,,-.4
238,금산,2021-12-04 21:00,-1.9,,.1,0,93,,,0,,-1.2
238,금산,2021-12-04 22:00,-2.1,,.2,0,94,,,0,,-1.9
238,금산,2021-12-04 23:00,-2.5,,.3,0,95,,,0,,-2.3
238,금산,2021-12-05 00:00,-2.9,,.7,290,96,,,0,,-2.7
238,금산,2021-12-05 01:00,-3.3,,.2,0,96,,,0,,-3.3
238,금산,2021-12-05 02:00,-3.7,,0,0,96,,,0,,-3.8
238,금산,2021-12-05 03:00,-4.1,,.3,0,95,,,0,,-4
238,금산,2021-12-05 04:00,-4.3,,.7,290,95,,,0,,-4.3
238,금산,2021-12-05 05:00,-4.4,,.6,290,95,,,0,,-3.1
238,금산,2021-12-05 06:00,-4.4,,.4,0,98,,,0,,-3.2
238,금산,2021-12-05 07:00,-4.4,,.2,0,97,,,0,,-2.2
238,금산,2021-12-05 08:00,-3.9,,.3,0,97,0,,0,,-1.3
238,금산,2021-12-05 09:00,-3.3,,.2,0,98,0,,2,,.2
238,금산,2021-12-05 10:00,-2.4,,.4,0,99,0,,0,,.8
238,금산,2021-12-05 11:00,.1,,.6,320,100,.7,,1,,4.5
238,금산,2021-12-05 12:00,4.4,,.7,50,61,1,,1,,14.8
238,금산,2021-12-05 13:00,7.8,,.5,290,46,1,,0,,17.8
238,금산,2021-12-05 14:00,9.4,,1.2,320,41,1,,0,,18.2
238,금산,2021-12-05 15:00,10.1,,1.2,320,41,1,,0,,16.5
238,금산,2021-12-05 16:00,9.5,,2.1,290,44,1,,0,,10.1
238,금산,2021-12-05 17:00,6.6,,.8,250,58,.8,,0,,4.8
238,금산,2021-12-05 18:00,4,,1.2,270,70,0,,0,,2.1
238,금산,2021-12-05 19:00,2.5,,.8,290,76,,,0,,.9
238,금산,2021-12-05 20:00,.9,,.1,0,83,,,0,,.2
238,금산,2021-12-05 21:00,-.2,,.2,0,86,,,0,,-.1
238,금산,2021-12-05 22:00,-.8,,.4,0,90,,,0,,-.8
238,금산,2021-12-05 23:00,-1.3,,0,0,92,,,0,,-1.5
238,금산,2021-12-06 00:00,-1.8,,.3,0,93,,,0,,-1.9
238,금산,2021-12-06 01:00,-2.1,,.2,0,93,,,0,,-2.2
238,금산,2021-12-06 02:00,-1.9,,.2,0,94,,,2,,-1
238,금산,2021-12-06 03:00,-1.1,,.4,0,92,,,10,,-.7
238,금산,2021-12-06 04:00,-1.5,,.4,0,92,,,10,,-1.9
238,금산,2021-12-06 05:00,-2.1,,.4,0,95,,,8,,-2
238,금산,2021-12-06 06:00,-2.1,,0,0,96,,,5,,-1.8
238,금산,2021-12-06 07:00,-2.3,,.3,0,96,,,9,,-2.8
238,금산,2021-12-06 08:00,-2,,.2,0,95,0,,10,,-1
238,금산,2021-12-06 09:00,-.5,,.2,0,90,.7,,6,,0
238,금산,2021-12-06 10:00,2.4,,.6,140,82,1,,0,,1.5
238,금산,2021-12-06 11:00,5.5,,.4,0,69,1,,7,,11
238,금산,2021-12-06 12:00,8.9,,.5,50,56,.7,,9,,16.5
238,금산,2021-12-06 13:00,11.4,,1.1,110,55,1,,6,,19.1
238,금산,2021-12-06 14:00,12.7,,.6,90,53,1,,6,,19.2
238,금산,2021-12-06 15:00,11.8,,1.8,290,56,.7,,7,,13.8
238,금산,2021-12-06 16:00,11.6,,1.5,290,58,.7,,7,,11.7
238,금산,2021-12-06 17:00,10.3,,.3,0,62,.7,,7,,7.3
238,금산,2021-12-06 18:00,7,,.9,270,77,0,,6,,4.3
238,금산,2021-12-06 19:00,5.6,,.3,0,82,,,7,,3.2
238,금산,2021-12-06 20:00,4.5,,.4,0,85,,,7,,2.3
238,금산,2021-12-06 21:00,3.9,,.8,290,87,,,8,,2.3
238,금산,2021-12-06 22:00,3.4,,0,0,89,,,8,,2.2
238,금산,2021-12-06 23:00,2.7,,0,0,92,,,6,,.9
238,금산,2021-12-07 00:00,1.4,,.6,270,94,,,4,,-.3
238,금산,2021-12-07 01:00,.6,,.6,290,94,,,8,,.1
238,금산,2021-12-07 02:00,-.1,,.4,0,96,,,0,,-.5
238,금산,2021-12-07 03:00,-.8,,.4,0,97,,,0,,-1.1
238,금산,2021-12-07 04:00,-.9,,0,0,97,,,0,,-1.6
238,금산,2021-12-07 05:00,-1.6,,0,0,97,,,0,,-2.2
238,금산,2021-12-07 06:00,-1.8,,0,0,99,,,1,,-1.2
238,금산,2021-12-07 07:00,-1.9,,.1,0,100,,,0,,-.9
238,금산,2021-12-07 08:00,-2.2,,.1,0,99,0,,0,,-.5
238,금산,2021-12-07 09:00,-1.5,,.6,270,100,0,,0,,.2
238,금산,2021-12-07 10:00,.1,,.2,0,100,.5,,0,,3.7
238,금산,2021-12-07 11:00,4.1,,.6,70,82,1,,0,,11.6
238,금산,2021-12-07 12:00,8.2,,.6,140,64,1,,0,,16.2
238,금산,2021-12-07 13:00,10.8,,1.5,290,55,1,,0,,18.2
238,금산,2021-12-07 14:00,11.6,,1.4,290,50,1,,0,,17.9
238,금산,2021-12-07 15:00,11.9,,1.9,290,47,1,,0,,15.4
238,금산,2021-12-07 16:00,11.2,,1.4,320,49,1,,0,,10.5
238,금산,2021-12-07 17:00,9.3,,.5,290,54,.7,,0,,5.7
238,금산,2021-12-07 18:00,5.9,,1.4,270,69,0,,0,,3
238,금산,2021-12-07 19:00,4.4,,.8,290,76,,,0,,1.8
238,금산,2021-12-07 20:00,3,,0,0,82,,,0,,.6
238,금산,2021-12-07 21:00,1.8,,.1,0,87,,,0,,.4
238,금산,2021-12-07 22:00,.9,,.1,0,91,,,0,,.1
238,금산,2021-12-07 23:00,.4,,0,0,92,,,0,,-.4
238,금산,2021-12-08 00:00,-.3,,.2,0,94,,,0,,-1
238,금산,2021-12-08 01:00,-.8,,.4,0,96,,,0,,-1.5
238,금산,2021-12-08 02:00,-1.4,,.1,0,97,,,0,,-2
238,금산,2021-12-08 03:00,-1.3,,0,0,97,,,0,,-2.4
238,금산,2021-12-08 04:00,-2,,0,0,97,,,0,,-2.7
238,금산,2021-12-08 05:00,-2.4,,0,0,96,,,0,,-3
238,금산,2021-12-08 06:00,-2.5,,.1,0,96,,,2,,-3.4
238,금산,2021-12-08 07:00,-2.6,,.2,0,96,,,6,,-3.4
238,금산,2021-12-08 08:00,-2.6,,.5,290,97,0,,8,,-1.1
238,금산,2021-12-08 09:00,-1.8,,.1,0,99,0,,9,,.2
238,금산,2021-12-08 10:00,-.6,,.2,0,100,0,,0,,1.2
238,금산,2021-12-08 11:00,1.7,,.3,0,100,.4,,0,,9.1
238,금산,2021-12-08 12:00,7.2,,.6,110,69,1,,0,,15.7
238,금산,2021-12-08 13:00,11.1,,.6,90,51,1,,0,,19.2
238,금산,2021-12-08 14:00,12.1,,.6,70,48,1,,0,,19.7
238,금산,2021-12-08 15:00,12.9,,.8,250,41,1,,0,,18
238,금산,2021-12-08 16:00,12.7,,.7,230,42,1,,0,,12.1
238,금산,2021-12-08 17:00,8.7,,1.2,270,59,.8,,0,,6.2
238,금산,2021-12-08 18:00,6,,.6,270,72,0,,0,,3
238,금산,2021-12-08 19:00,4,,.5,270,79,,,0,,1.5
238,금산,2021-12-08 20:00,2.6,,.2,0,85,,,2,,.7
238,금산,2021-12-08 21:00,1.4,,0,0,89,,,0,,.2
238,금산,2021-12-08 22:00,.5,,0,0,92,,,6,,-.3
238,금산,2021-12-08 23:00,0,,.4,0,93,,,4,,-.9
238,금산,2021-12-09 00:00,-.3,,.1,0,94,,,9,,-.9
238,금산,2021-12-09 01:00,-.6,,.4,0,95,,,9,,-1.3
238,금산,2021-12-09 02:00,-1.1,,.3,0,96,,,9,,-2.1
238,금산,2021-12-09 03:00,-1.8,,0,0,96,,,2,,-2.7
238,금산,2021-12-09 04:00,-1.9,,0,0,97,,,10,,-2.5
238,금산,2021-12-09 05:00,-2.4,,.3,0,96,,,0,,-3.5
238,금산,2021-12-09 06:00,-2.7,,.4,0,97,,,0,,-3.5
238,금산,2021-12-09 07:00,-3.2,,.5,270,98,,,0,,-2.6
238,금산,2021-12-09 08:00,-2.2,,.2,0,99,0,,8,,-.6
238,금산,2021-12-09 09:00,-1.6,,.3,0,99,0,,7,,.2
238,금산,2021-12-09 10:00,.2,,.2,0,100,.4,,7,,1.4
238,금산,2021-12-09 11:00,3.9,,.6,50,80,1,,6,,8.1
238,금산,2021-12-09 12:00,6.6,,.4,0,70,.4,,8,,12.3
238,금산,2021-12-09 13:00,8.3,,.3,0,61,.1,,9,,12.7
238,금산,2021-12-09 14:00,9.2,,.4,0,57,.3,,8,,11.7
238,금산,2021-12-09 15:00,9.9,,.4,0,54,0,,10,,11
238,금산,2021-12-09 16:00,9.9,,1.1,140,56,0,,10,,8.6
238,금산,2021-12-09 17:00,9.1,,.9,200,60,0,,9,,6.6
238,금산,2021-12-09 18:00,7.2,,0,0,70,0,,10,,4.8
238,금산,2021-12-09 19:00,5.6,,.6,270,77,,,8,,2.5
238,금산,2021-12-09 20:00,3.9,,.4,0,85,,,7,,1.6
238,금산,2021-12-09 21:00,2.8,,.3,0,89,,,6,,1.1
238,금산,2021-12-09 22:00,2.4,,.1,0,90,,,6,,1
238,금산,2021-12-09 23:00,1.6,,.2,0,93,,,7,,.2
238,금산,2021-12-10 00:00,.8,,.3,0,95,,,6,,.2
238,금산,2021-12-10 01:00,.6,,0,0,96,,,7,,.3
238,금산,2021-12-10 02:00,.4,,.2,0,96,,,6,,.1
238,금산,2021-12-10 03:00,.8,,.1,0,96,,,10,,.6
238,금산,2021-12-10 04:00,1.1,,.2,0,96,,,7,,1
238,금산,2021-12-10 05:00,1.5,,0,0,95,,,9,,1.4
238,금산,2021-12-10 06:00,1.6,,0,0,94,,,9,,1.8
238,금산,2021-12-10 07:00,2.1,,.2,0,93,,,2,,2.9
238,금산,2021-12-10 08:00,2.5,,.2,0,91,0,,0,,3.5
238,금산,2021-12-10 09:00,3,.2,.4,0,92,0,,1,,4.7
238,금산,2021-12-10 10:00,3.9,,.1,0,91,0,,10,,6.7
238,금산,2021-12-10 11:00,5.1,,.6,340,94,0,,9,,8.1
238,금산,2021-12-10 12:00,5.7,.5,.3,0,93,0,,10,,8.2
238,금산,2021-12-10 13:00,6.8,,.3,0,91,0,,9,,9.3
238,금산,2021-12-10 14:00,7.1,,.2,0,94,0,,10,,8.9
238,금산,2021-12-10 15:00,9.4,.2,.2,0,90,0,,9,,12.2
238,금산,2021-12-10 16:00,9.8,,.1,0,89,.1,,7,,9
238,금산,2021-12-10 17:00,7.9,,.1,0,95,0,,4,,5.4
238,금산,2021-12-10 18:00,6.7,,0,0,97,0,,8,,5
238,금산,2021-12-10 19:00,6.6,,.5,360,98,,,6,,5.6
238,금산,2021-12-10 20:00,5.7,,.1,0,99,,,10,,3.1
238,금산,2021-12-10 21:00,4.8,,.2,0,100,,,0,,2.6
238,금산,2021-12-10 22:00,4.5,,.4,0,100,,,6,,3.2
238,금산,2021-12-10 23:00,4.3,,.2,0,100,,,8,,3.4
238,금산,2021-12-11 00:00,3.8,,.2,0,100,,,7,,2.9
238,금산,2021-12-11 01:00,3.4,,.1,0,100,,,8,,1.6
238,금산,2021-12-11 02:00,2.4,,.3,0,100,,,9,,1.6
238,금산,2021-12-11 03:00,2.6,,.3,0,100,,,9,,2.5
238,금산,2021-12-11 04:00,2.6,,0,0,100,,,10,,3.3
238,금산,2021-12-11 05:00,2.4,,.4,0,100,,,9,,3.5
238,금산,2021-12-11 06:00,2.6,,.2,0,100,,,7,,3.7
238,금산,2021-12-11 07:00,2.6,,.8,250,100,,,8,,3.7
238,금산,2021-12-11 08:00,2.8,,0,0,100,0,,10,,4.2
238,금산,2021-12-11 09:00,3.3,,.2,0,100,0,,5,,5.9
238,금산,2021-12-11 10:00,3.8,,.2,0,100,0,,9,,7.2
238,금산,2021-12-11 11:00,4.5,,.2,0,100,0,,9,,8.6
238,금산,2021-12-11 12:00,6.2,,.9,160,100,0,,9,,14.1
238,금산,2021-12-11 13:00,8.3,,1.1,320,79,.5,,9,,14.1
238,금산,2021-12-11 14:00,9.8,,.5,140,72,.3,,7,,15.7
238,금산,2021-12-11 15:00,10.1,,.9,340,67,.3,,3,,15
238,금산,2021-12-11 16:00,9.8,,1,340,70,.1,,7,,11.2
238,금산,2021-12-11 17:00,9,,1.3,340,73,0,,9,,7.7
238,금산,2021-12-11 18:00,7.7,,.1,0,79,0,,1,,6.5
238,금산,2021-12-11 19:00,6.7,,.3,0,86,,,9,,5.4
238,금산,2021-12-11 20:00,6,,0,0,89,,,10,,5
238,금산,2021-12-11 21:00,5.9,,.1,0,90,,,9,,5.4
238,금산,2021-12-11 22:00,6.1,,.2,0,89,,,10,,5.4
238,금산,2021-12-11 23:00,7.1,,.8,320,80,,,10,,5.5
238,금산,2021-12-12 00:00,6.7,,.9,320,76,,,8,,4.6
238,금산,2021-12-12 01:00,6.1,,.7,320,79,,,8,,4.1
238,금산,2021-12-12 02:00,4.8,,0,0,88,,,9,,3.6
238,금산,2021-12-12 03:00,3.6,,.1,0,93,,,0,,2
238,금산,2021-12-12 04:00,3.5,,0,0,94,,,0,,3.3
238,금산,2021-12-12 05:00,2.3,,0,0,96,,,0,,.9
238,금산,2021-12-12 06:00,2,,.7,290,97,,,1,,1
238,금산,2021-12-12 07:00,2.5,,.7,180,97,,,8,,.9
238,금산,2021-12-12 08:00,3.3,,.4,0,96,0,,9,,3.1
238,금산,2021-12-12 09:00,4.3,,.4,0,92,0,,9,,5.6
238,금산,2021-12-12 10:00,5.6,,.1,0,88,.1,,10,,6.9
238,금산,2021-12-12 11:00,7.3,,1.7,320,72,0,,10,,9.2
238,금산,2021-12-12 12:00,7.5,,1.8,320,65,0,,8,,8.9
238,금산,2021-12-12 13:00,8.3,,2.6,320,53,.2,,9,,12.6
238,금산,2021-12-12 14:00,7.7,,3.7,290,49,.8,,5,,12.7
238,금산,2021-12-12 15:00,6.3,,3.4,290,51,.1,,10,,6.8
238,금산,2021-12-12 16:00,5.5,,5.3,290,48,.4,,7,,4.9
238,금산,2021-12-12 17:00,3.3,,4,290,50,.1,,4,,1.6
238,금산,2021-12-12 18:00,2,,2.9,290,51,0,,0,,-.2
238,금산,2021-12-12 19:00,1.2,,2.3,290,55,,,0,,-.3
238,금산,2021-12-12 20:00,.3,,2.9,290,52,,,0,,-1.2
238,금산,2021-12-12 21:00,-.6,,3.4,290,49,,,0,,-1.9
238,금산,2021-12-12 22:00,-1.2,,2.8,290,56,,,0,,-2.5
238,금산,2021-12-12 23:00,-1.8,,2.8,290,59,,,4,,-2.9
238,금산,2021-12-13 00:00,-2.2,,2,290,62,,,5,,-3.1
238,금산,2021-12-13 01:00,-2.8,,2.1,290,62,,,0,,-3.8
238,금산,2021-12-13 02:00,-3.4,,.2,0,66,,,0,,-4.5
238,금산,2021-12-13 03:00,-4.6,,.4,0,72,,,0,,-5
238,금산,2021-12-13 04:00,-5.7,,.7,250,80,,,0,,-5.4
238,금산,2021-12-13 05:00,-6.2,,.7,270,80,,,0,,-5.6
238,금산,2021-12-13 06:00,-6.5,,.6,320,79,,,0,,-5.9
238,금산,2021-12-13 07:00,-6.9,,0,0,83,,,0,,-6.2
238,금산,2021-12-13 08:00,-7.1,,.5,340,86,.2,,0,,-5.9
238,금산,2021-12-13 09:00,-5,,.8,140,71,1,,0,,-4
238,금산,2021-12-13 10:00,-2,,.9,50,56,1,,0,,.2
238,금산,2021-12-13 11:00,-.4,,.6,230,42,1,,0,,4.5
238,금산,2021-12-13 12:00,1.2,,1.6,340,32,1,,1,,7.6
238,금산,2021-12-13 13:00,1.9,,1.9,320,32,1,,0,,11.6
238,금산,2021-12-13 14:00,2.9,,2.1,270,34,1,,0,,12.8
238,금산,2021-12-13 15:00,2.7,,1.7,290,35,1,,0,,11.1
238,금산,2021-12-13 16:00,2.6,,1.8,270,33,1,,0,,5.1
238,금산,2021-12-13 17:00,1,,1.3,270,38,.8,,0,,.5
238,금산,2021-12-13 18:00,-.4,,1.1,290,36,0,,0,,-1.2
238,금산,2021-12-13 19:00,-2.3,,.9,270,50,,,0,,-2.3
238,금산,2021-12-13 20:00,-3.3,,.2,0,55,,,0,,-3.2
238,금산,2021-12-13 21:00,-4.3,,.3,0,67,,,0,,-4
238,금산,2021-12-13 22:00,-4.9,,.3,0,66,,,0,,-4.4
238,금산,2021-12-13 23:00,-5.2,,.2,0,72,,,0,,-4.7
238,금산,2021-12-14 00:00,-5.9,,0,0,74,,,0,,-4.9
238,금산,2021-12-14 01:00,-6.3,,.1,0,77,,,0,,-5.2
238,금산,2021-12-14 02:00,-7,,.3,0,80,,,0,,-5.4
238,금산,2021-12-14 03:00,-7.2,,.6,290,82,,,0,,-5.1
238,금산,2021-12-14 04:00,-6.6,,.4,0,81,,,0,,-3.5
238,금산,2021-12-14 05:00,-6,,.2,0,80,,,5,,-2.8
238,금산,2021-12-14 06:00,-5.4,,.7,290,80,,,9,,-2.3
238,금산,2021-12-14 07:00,-4.7,,.3,0,79,,,7,,-2
238,금산,2021-12-14 08:00,-4.1,,.3,0,79,0,,9,,-1.5
238,금산,2021-12-14 09:00,-3.3,,.8,290,77,0,,9,,-.5
238,금산,2021-12-14 10:00,-1.9,,.5,160,74,0,,9,,.2
238,금산,2021-12-14 11:00,1.4,,.7,50,64,.1,,9,,4.9
238,금산,2021-12-14 12:00,3.8,,.4,0,59,.2,,9,,4.8
238,금산,2021-12-14 13:00,6.3,,.9,110,51,.5,,8,,11.4
238,금산,2021-12-14 14:00,7.5,,1.6,250,52,.7,,7,,11
238,금산,2021-12-14 15:00,7.8,,2,250,52,.8,,5,,11
238,금산,2021-12-14 16:00,7.3,,1.6,270,56,.5,,7,,7.9
238,금산,2021-12-14 17:00,6.8,,1.7,250,60,0,,10,,5.4
238,금산,2021-12-14 18:00,6.3,,.5,270,64,0,,4,,4.4
238,금산,2021-12-14 19:00,6.7,,1.3,200,65,,,0,,4.4
238,금산,2021-12-14 20:00,6.9,,1.6,250,66,,,0,,4.3
238,금산,2021-12-14 21:00,7,,1.2,250,69,,,0,,4.1
238,금산,2021-12-14 22:00,7,,1,270,70,,,6,,4.2
238,금산,2021-12-14 23:00,6.3,,.9,140,71,,,0,,3.7
238,금산,2021-12-15 00:00,6.3,,.8,140,68,,,0,,4
238,금산,2021-12-15 01:00,6,,.7,140,68,,,0,,4.1
238,금산,2021-12-15 02:00,5.4,,1.1,90,71,,,9,,2.9
238,금산,2021-12-15 03:00,5.3,,1,110,73,,,0,,2.8
238,금산,2021-12-15 04:00,3.7,,.9,340,80,,,5,,2.1
238,금산,2021-12-15 05:00,2.6,,.3,0,86,,,0,,2
238,금산,2021-12-15 06:00,3.2,,1.3,320,84,,,8,,2.5
238,금산,2021-12-15 07:00,3.3,,.7,320,85,,,1,,2.7
238,금산,2021-12-15 08:00,3.9,,.7,320,85,0,,9,,3.3
238,금산,2021-12-15 09:00,5.5,,1,290,80,.4,,2,,4
238,금산,2021-12-15 10:00,9.6,,.2,0,66,1,,4,,9.9
238,금산,2021-12-15 11:00,11.4,,1.1,230,58,.7,,6,,12.3
238,금산,2021-12-15 12:00,11.9,,3.8,250,55,.3,,8,,13.3
238,금산,2021-12-15 13:00,12.6,,3,270,54,.7,,8,,15.5
238,금산,2021-12-15 14:00,12.4,,2.9,250,57,.7,,8,,14
238,금산,2021-12-15 15:00,12.7,,2.7,250,56,.5,,9,,14
238,금산,2021-12-15 16:00,11.3,,1.5,340,70,0,,9,,10.8
238,금산,2021-12-15 17:00,11,,1.8,290,70,0,,6,,8.8
238,금산,2021-12-15 18:00,10.4,,.9,270,70,0,,7,,7.4
238,금산,2021-12-15 19:00,9.5,,.5,270,75,,,4,,5.6
238,금산,2021-12-15 20:00,9.6,,1.4,290,76,,,9,,5.9
238,금산,2021-12-15 21:00,8.4,,.6,270,80,,,3,,3.1
238,금산,2021-12-15 22:00,5.6,,.4,0,89,,,4,,1.8
238,금산,2021-12-15 23:00,4.5,,.3,0,93,,,1,,2.3
238,금산,2021-12-16 00:00,4.4,,.3,0,92,,,10,,3.3
238,금산,2021-12-16 01:00,5,,.7,340,90,,,10,,3.4
238,금산,2021-12-16 02:00,4.2,,.1,0,95,,,10,,2.7
238,금산,2021-12-16 03:00,3.7,,.6,290,95,,,10,,2.8
238,금산,2021-12-16 04:00,3.9,,.4,0,95,,,10,,3.3
238,금산,2021-12-16 05:00,4.1,,0,0,95,,,10,,4.1
238,금산,2021-12-16 06:00,4.2,,.4,0,94,,,10,,3.9
238,금산,2021-12-16 07:00,4.3,,0,0,94,,,10,,3.9
238,금산,2021-12-16 08:00,4.1,,.7,320,95,0,,10,,4.2
238,금산,2021-12-16 09:00,5.1,,.5,360,93,0,,10,,6
238,금산,2021-12-16 10:00,5.7,,.7,290,90,0,,9,,7.4
238,금산,2021-12-16 11:00,6.5,,.1,0,89,0,,9,,7.4
238,금산,2021-12-16 12:00,7.7,,.2,0,85,0,,,,11.5
238,금산,2021-12-16 13:00,10.5,,1.3,360,68,.6,,5,,17.6
238,금산,2021-12-16 14:00,11.8,,.9,340,56,.6,,7,,16.8
238,금산,2021-12-16 15:00,11.2,,1.7,320,43,.1,,10,,13
238,금산,2021-12-16 16:00,10.2,,1.7,270,46,.3,,6,,9.7
238,금산,2021-12-16 17:00,9.2,,.7,270,50,0,,7,,6.5
238,금산,2021-12-16 18:00,7,,.2,0,59,0,,10,,4.5
238,금산,2021-12-16 19:00,5,,.4,0,70,,,7,,2.2
238,금산,2021-12-16 20:00,4.7,,.3,0,73,,,10,,2.7
238,금산,2021-12-16 21:00,3.7,,.2,0,78,,,5,,1.6
238,금산,2021-12-16 22:00,2.7,,.3,0,82,,,6,,.4
238,금산,2021-12-16 23:00,2.2,,.1,0,84,,,7,,.4
238,금산,2021-12-17 00:00,2.8,,.6,320,83,,,10,,2.1
238,금산,2021-12-17 01:00,5.2,,1.3,360,81,,,10,,3.3
238,금산,2021-12-17 02:00,5.2,,3.9,290,61,,,9,,3.1
238,금산,2021-12-17 03:00,4.2,,1.8,320,66,,,7,,2.2
238,금산,2021-12-17 04:00,3.9,,3.9,290,61,,,10,,2.6
238,금산,2021-12-17 05:00,2.1,,4.2,290,59,,,9,,.2
238,금산,2021-12-17 06:00,1,,2.8,290,60,,,8,,.1
238,금산,2021-12-17 07:00,.3,,3.9,290,60,,,1,,-.6
238,금산,2021-12-17 08:00,-.3,,3.7,290,52,0,,4,,-.9
238,금산,2021-12-17 09:00,-.4,,3.8,290,55,.5,,4,,-.2
238,금산,2021-12-17 10:00,.1,,4.4,320,45,.8,,5,,1.2
238,금산,2021-12-17 11:00,.1,,4.9,340,32,.9,,6,,5.6
238,금산,2021-12-17 12:00,-.9,,4,320,37,.6,,7,,4.3
238,금산,2021-12-17 13:00,.2,,3.5,290,37,.7,,7,,11
238,금산,2021-12-17 14:00,-1.1,,4.5,290,44,.6,,8,,6.6
238,금산,2021-12-17 15:00,-2.3,,3.2,320,43,.2,,8,,2.3
238,금산,2021-12-17 16:00,-3.5,,4,320,56,.1,,9,,.5
238,금산,2021-12-17 17:00,-4,,4.3,290,63,0,,10,,-.8
238,금산,2021-12-17 18:00,-4.7,,3.8,290,62,0,,9,,-2.2
238,금산,2021-12-17 19:00,-5,,2.9,290,61,,,6,,-2.3
238,금산,2021-12-17 20:00,-5.6,,4.8,290,53,,,6,,-3.8
238,금산,2021-12-17 21:00,-5.9,,2.5,290,59,,,8,,-3.4
238,금산,2021-12-17 22:00,-6.4,,3.4,290,63,,,7,,-4.3
238,금산,2021-12-17 23:00,-6.7,,2.3,290,64,,,6,,-4.9
238,금산,2021-12-18 00:00,-7.2,,2.7,290,61,,,0,,-5.4
238,금산,2021-12-18 01:00,-8.2,,1.5,360,74,,,0,,-5.9
238,금산,2021-12-18 02:00,-8.7,,1,290,75,,,0,,-6.4
238,금산,2021-12-18 03:00,-9.8,,.7,270,81,,,0,,-6.8
238,금산,2021-12-18 04:00,-10.3,,.5,250,85,,,0,,-7.2
238,금산,2021-12-18 05:00,-11,,.7,270,85,,,0,,-7.6
238,금산,2021-12-18 06:00,-11.5,,.5,270,86,,,0,,-7.9
238,금산,2021-12-18 07:00,-11.5,,.4,0,87,,,0,,-8.2
238,금산,2021-12-18 08:00,-11.6,,.1,0,87,.2,,0,,-7.9
238,금산,2021-12-18 09:00,-9.6,,.2,0,80,1,,0,,-6.3
238,금산,2021-12-18 10:00,-7.1,,.9,180,44,1,,0,,-.5
238,금산,2021-12-18 11:00,-4.7,,1.1,110,30,1,,1,,3.5
238,금산,2021-12-18 12:00,-2.5,,1.8,90,28,1,,1,,7.4
238,금산,2021-12-18 13:00,-.5,,1.3,70,29,1,,1,,10.9
238,금산,2021-12-18 14:00,1.2,,.9,20,31,1,,0,,12.2
238,금산,2021-12-18 15:00,2,,2.9,250,41,1,,4,,10.4
238,금산,2021-12-18 16:00,1.1,,2.7,270,52,.2,,9,,4.2
238,금산,2021-12-18 17:00,.1,,.8,250,58,.2,,6,,-.6
238,금산,2021-12-18 18:00,0,,1.4,320,67,0,,6,,-.4
238,금산,2021-12-18 19:00,-1.2,,.1,0,86,,,3,,-1.2
238,금산,2021-12-18 20:00,-2.3,,.4,0,88,,,0,,-1.9
238,금산,2021-12-18 21:00,-1.8,.1,.2,0,92,,.8,9,,-.2
238,금산,2021-12-18 22:00,-1.8,,.6,250,95,,2.2,9,,0
238,금산,2021-12-18 23:00,-1.2,,.3,0,97,,3.1,9,,.1
238,금산,2021-12-19 00:00,-3.6,1,.4,0,96,,3.2,0,,.1
238,금산,2021-12-19 01:00,-4.2,,.8,320,97,,3.1,5,,.1
238,금산,2021-12-19 02:00,.4,,1.3,250,85,,2.8,9,,.2
238,금산,2021-12-19 03:00,1.5,0,2,290,71,,2.6,7,,.5
238,금산,2021-12-19 04:00,.4,,2.1,290,92,,3.3,9,,.7
238,금산,2021-12-19 05:00,.5,,2.1,290,89,,3.9,9,,.9
238,금산,2021-12-19 06:00,-.2,.6,2.2,290,81,,3.7,9,,1
238,금산,2021-12-19 07:00,-1.2,,1.4,290,82,,3.6,3,,1.1
238,금산,2021-12-19 08:00,-1.8,,.6,320,83,0,3.5,1,,1
238,금산,2021-12-19 09:00,-.7,,.8,340,80,1,2.9,0,,.9
238,금산,2021-12-19 10:00,.5,,.9,360,71,1,2.5,0,,1.1
238,금산,2021-12-19 11:00,1.6,,1.2,320,64,1,1.8,2,,1.6
238,금산,2021-12-19 12:00,2.5,,3.2,290,59,1,1.1,5,,2.6
238,금산,2021-12-19 13:00,3.7,,1.9,290,54,1,.4,1,,11.5
238,금산,2021-12-19 14:00,4.8,,2.5,290,46,1,,0,,12.5
238,금산,2021-12-19 15:00,4.8,,2.3,290,45,1,,0,,11.3
238,금산,2021-12-19 16:00,4.7,,2,290,48,1,,1,,6.9
238,금산,2021-12-19 17:00,3.4,,.9,250,55,.8,,2,,1.9
238,금산,2021-12-19 18:00,1.4,,.4,0,67,0,,0,,.3
238,금산,2021-12-19 19:00,-.6,,.4,0,76,,,0,,-.7
238,금산,2021-12-19 20:00,-1.8,,.1,0,82,,,0,,-1.6
238,금산,2021-12-19 21:00,-2.4,,0,0,85,,,0,,-2.2
238,금산,2021-12-19 22:00,-2.9,,.5,340,87,,,0,,-2.7
238,금산,2021-12-19 23:00,-3.3,,.5,270,88,,,0,,-3
238,금산,2021-12-20 00:00,-3.9,,.8,290,90,,,8,,-3.2
238,금산,2021-12-20 01:00,-3.8,,.4,0,90,,,0,,-3.5
238,금산,2021-12-20 02:00,-3.1,,.2,0,90,,,4,,-1.6
238,금산,2021-12-20 03:00,-2.2,,.8,320,88,,,5,,-.9
238,금산,2021-12-20 04:00,-1.4,,.5,290,85,,,9,,-1
238,금산,2021-12-20 05:00,-.6,,1.1,340,84,,,0,,-.5
238,금산,2021-12-20 06:00,-.2,,.9,320,84,,,10,,-.8
238,금산,2021-12-20 07:00,-1.4,,.4,0,87,,,7,,-1.8
238,금산,2021-12-20 08:00,-.1,,.6,320,85,0,,0,,-.3
238,금산,2021-12-20 09:00,.8,,1.2,320,84,0,,9,,.1
238,금산,2021-12-20 10:00,4.5,,.6,320,71,.3,,10,,2.8
238,금산,2021-12-20 11:00,9.1,,1,360,57,.9,,5,,10
238,금산,2021-12-20 12:00,9.2,,2.7,230,58,.4,,10,,9.4
238,금산,2021-12-20 13:00,9.8,,1.8,200,56,.1,,9,,11.3
238,금산,2021-12-20 14:00,9.8,,1.9,230,57,0,,10,,10
238,금산,2021-12-20 15:00,10.3,,2.5,250,53,.2,,9,,10.2
238,금산,2021-12-20 16:00,10.3,,2.4,250,57,.1,,10,,8.9
238,금산,2021-12-20 17:00,9.8,,2.1,250,58,0,,6,,5.7
238,금산,2021-12-20 18:00,9.4,,2,250,61,0,,0,,3.8
238,금산,2021-12-20 19:00,8.6,,1.1,250,65,,,0,,2.4
238,금산,2021-12-20 20:00,7.7,,1,270,67,,,2,,1.6
238,금산,2021-12-20 21:00,8.8,,1.6,250,65,,,2,,1.8
238,금산,2021-12-20 22:00,8.7,,1.4,270,68,,,8,,1.9
238,금산,2021-12-20 23:00,8.1,,.6,290,70,,,1,,2.5
238,금산,2021-12-21 00:00,8.2,,1.3,230,69,,,3,,2.6
238,금산,2021-12-21 01:00,9.1,,1.6,250,71,,,6,,3
238,금산,2021-12-21 02:00,9.4,,2.2,270,69,,,7,,4.3
238,금산,2021-12-21 03:00,9,,1.5,270,70,,,9,,4
238,금산,2021-12-21 04:00,6.3,,1,70,77,,,9,,3.2
238,금산,2021-12-21 05:00,5.2,,.6,90,81,,,9,,3
238,금산,2021-12-21 06:00,4.3,,.4,0,86,,,9,,1.5
238,금산,2021-12-21 07:00,4.4,,.2,0,88,,,9,,.9
238,금산,2021-12-21 08:00,4,,.5,90,88,0,,9,,2.3
238,금산,2021-12-21 09:00,5.7,,.5,70,83,.3,,0,,4.7
238,금산,2021-12-21 10:00,8.7,,.6,90,72,.4,,3,,9.8
238,금산,2021-12-21 11:00,11.4,,2.2,270,62,.6,,8,,14.1
238,금산,2021-12-21 12:00,11.8,,2.7,250,58,.8,,6,,16.9
238,금산,2021-12-21 13:00,12.1,,2.6,270,55,1,,3,,17.5
238,금산,2021-12-21 14:00,12.5,,2.7,250,54,1,,1,,17.3
238,금산,2021-12-21 15:00,12.1,,2.2,290,52,.8,,0,,13
238,금산,2021-12-21 16:00,11.6,,2,290,50,.6,,1,,9.8
238,금산,2021-12-21 17:00,10.3,,1.3,290,55,.6,,,,6.2
238,금산,2021-12-21 18:00,9,,1.6,270,65,0,,0,,3.7
238,금산,2021-12-21 19:00,7.8,,.7,270,70,,,,,2.4
238,금산,2021-12-21 20:00,5.4,,.7,340,77,,,0,,2
238,금산,2021-12-21 21:00,3.6,,.5,290,87,,,0,,.3
238,금산,2021-12-21 22:00,2.4,,.7,270,91,,,0,,0
238,금산,2021-12-21 23:00,1.1,,.6,270,94,,,0,,-.7
238,금산,2021-12-22 00:00,-.4,,0,0,95,,,0,,-1.3
238,금산,2021-12-22 01:00,-1.2,,0,0,97,,,0,,-1.8
238,금산,2021-12-22 02:00,-1.7,,.5,290,96,,,0,,-2.3
238,금산,2021-12-22 03:00,-2.1,,0,0,97,,,0,,-2.8
238,금산,2021-12-22 04:00,-2.7,,.5,320,97,,,0,,-2.1
238,금산,2021-12-22 05:00,-3,,.1,0,98,,,0,,-1.1
238,금산,2021-12-22 06:00,-3.1,,.1,0,98,,,0,,-1
238,금산,2021-12-22 07:00,-2.4,,.2,0,99,,,0,,-.5
238,금산,2021-12-22 08:00,-2.8,,.9,270,98,0,,0,,-.4
238,금산,2021-12-22 09:00,-2.5,,.4,0,99,0,,0,,.1
238,금산,2021-12-22 10:00,-1.6,,.8,360,100,0,,0,,1
238,금산,2021-12-22 11:00,-.8,,.6,270,100,.2,,1,,7.7
238,금산,2021-12-22 12:00,2.1,,.3,0,96,1,,0,,13.2
238,금산,2021-12-22 13:00,8.3,,1,290,25,1,,0,,16.1
238,금산,2021-12-22 14:00,9.7,,.7,200,23,1,,0,,16.4
238,금산,2021-12-22 15:00,10.3,,1.5,320,19,1,,0,,14.1
238,금산,2021-12-22 16:00,9.6,,1.9,340,20,1,,0,,8.9
238,금산,2021-12-22 17:00,8,,1,340,24,.9,,0,,3.8
238,금산,2021-12-22 18:00,3.5,,1.4,270,48,0,,0,,.6
238,금산,2021-12-22 19:00,1.8,,.8,270,53,,,0,,-.3
238,금산,2021-12-22 20:00,.4,,.2,0,64,,,0,,-1
238,금산,2021-12-22 21:00,-.9,,.1,0,67,,,0,,-1.6
238,금산,2021-12-22 22:00,-1.7,,0,0,71,,,0,,-2.3
238,금산,2021-12-22 23:00,-2.2,,0,0,75,,,0,,-2.8
238,금산,2021-12-23 00:00,-2.9,,0,0,76,,,0,,-3.3
238,금산,2021-12-23 01:00,-3.6,,0,0,80,,,0,,-3.7
238,금산,2021-12-23 02:00,-4,,0,0,82,,,1,,-4
238,금산,2021-12-23 03:00,-4.6,,0,0,85,,,0,,-4.2
238,금산,2021-12-23 04:00,-4.9,,0,0,85,,,0,,-4.4
238,금산,2021-12-23 05:00,-5.3,,0,0,86,,,0,,-4.6
238,금산,2021-12-23 06:00,-5.7,,.4,0,88,,,0,,-4.8
238,금산,2021-12-23 07:00,-5.9,,.4,0,89,,,0,,-4.9
238,금산,2021-12-23 08:00,-5.7,,.4,0,89,0,,0,,-4.6
238,금산,2021-12-23 09:00,-3.7,,.6,160,82,.8,,0,,-2.3
238,금산,2021-12-23 10:00,-1.6,,.3,0,72,1,,0,,.3
238,금산,2021-12-23 11:00,1.8,,.4,0,57,1,,0,,5.3
238,금산,2021-12-23 12:00,5.4,,.4,0,40,1,,0,,9.4
238,금산,2021-12-23 13:00,8.3,,.7,90,21,1,,0,,14.2
238,금산,2021-12-23 14:00,8.9,,.8,200,26,1,,0,,14.8
238,금산,2021-12-23 15:00,8.9,,.7,230,29,1,,0,,12.8
238,금산,2021-12-23 16:00,9,,.9,200,31,1,,1,,8.6
238,금산,2021-12-23 17:00,6.1,,.6,270,46,.9,,1,,3.3
238,금산,2021-12-23 18:00,3.3,,1.5,270,56,0,,0,,.3
238,금산,2021-12-23 19:00,1.3,,.4,0,64,,,1,,-.5
238,금산,2021-12-23 20:00,1,,0,0,67,,,9,,-.2
238,금산,2021-12-23 21:00,.7,,0,0,71,,,10,,-.3
238,금산,2021-12-23 22:00,-.3,,.2,0,73,,,9,,-1
238,금산,2021-12-23 23:00,-1,,.4,0,80,,,9,,-1.5
238,금산,2021-12-24 00:00,-1.4,,1,320,78,,,8,,-1.7
238,금산,2021-12-24 01:00,-2,,.1,0,82,,,7,,-2
238,금산,2021-12-24 02:00,-2.2,,.2,0,83,,,7,,-2.1
238,금산,2021-12-24 03:00,-2.1,,.2,0,83,,,10,,-1.9
238,금산,2021-12-24 04:00,-2.4,,.3,0,85,,,9,,-1.9
238,금산,2021-12-24 05:00,-2.4,,.2,0,86,,,8,,-2.2
238,금산,2021-12-24 06:00,-2.4,,.7,250,87,,,10,,-1.7
238,금산,2021-12-24 07:00,-2.1,,0,0,85,,,9,,-1.5
238,금산,2021-12-24 08:00,-2.1,,.4,0,87,0,,10,,-1.4
238,금산,2021-12-24 09:00,-.8,,.6,250,82,.2,,10,,.1
238,금산,2021-12-24 10:00,1.7,,.6,160,72,.2,,8,,2.2
238,금산,2021-12-24 11:00,4.7,,.4,0,57,.7,,8,,9.6
238,금산,2021-12-24 12:00,6.7,,.4,0,48,.8,,8,,14
238,금산,2021-12-24 13:00,8.3,,1.3,340,47,.3,,7,,11.6
238,금산,2021-12-24 14:00,9.2,,2.7,320,47,.4,,8,,12.2
238,금산,2021-12-24 15:00,8.4,,2.2,340,54,.1,,10,,9.8
238,금산,2021-12-24 16:00,6.4,,3.6,340,58,0,,10,,6.6
238,금산,2021-12-24 17:00,4.7,,2.3,340,71,0,,10,,4.9
238,금산,2021-12-24 18:00,3.3,,1.1,320,81,0,,10,,3.7
238,금산,2021-12-24 19:00,2.8,,2.2,290,75,,,4,,3
238,금산,2021-12-24 20:00,1.5,,2.5,290,73,,,9,,2
238,금산,2021-12-24 21:00,.7,,1.4,320,74,,,4,,-.2
238,금산,2021-12-24 22:00,-.4,,2.6,320,70,,,0,,-.6
238,금산,2021-12-24 23:00,-1,,2.2,320,71,,,0,,-.3
238,금산,2021-12-25 00:00,-1.6,,2,320,67,,,8,,-.6
238,금산,2021-12-25 01:00,-2.8,,2.8,320,67,,,0,,-2
238,금산,2021-12-25 02:00,-3.8,,2.4,320,66,,,4,,-2.7
238,금산,2021-12-25 03:00,-3.9,,2.9,290,66,,,4,,-2.3
238,금산,2021-12-25 04:00,-4.8,,3.6,290,67,,,10,,-2.5
238,금산,2021-12-25 05:00,-6.3,,3.1,290,59,,,6,,-4.4
238,금산,2021-12-25 06:00,-7.1,,2.4,290,68,,,1,,-5.2
238,금산,2021-12-25 07:00,-7.8,,3,290,70,,,0,,-5.8
238,금산,2021-12-25 08:00,-8.3,,3.2,290,65,.1,,0,,-6.2
238,금산,2021-12-25 09:00,-7.8,,2.9,290,60,.9,,5,,-4
238,금산,2021-12-25 10:00,-6.8,,3.2,290,54,1,,1,,-.6
238,금산,2021-12-25 11:00,-6.2,,2.6,290,49,1,,0,,1.9
238,금산,2021-12-25 12:00,-4.8,,2.9,290,42,1,,0,,4.9
238,금산,2021-12-25 13:00,-5,,4.2,290,41,1,,0,,6.7
238,금산,2021-12-25 14:00,-5.1,,3.8,320,38,1,,0,,7.2
238,금산,2021-12-25 15:00,-5,,4.4,290,38,1,,0,,5.1
238,금산,2021-12-25 16:00,-5.2,,3.3,290,39,1,,0,,.5
238,금산,2021-12-25 17:00,-6.5,,3.1,290,41,.9,,0,,-2.6
238,금산,2021-12-25 18:00,-7.3,,2,320,50,0,,0,,-4.5
238,금산,2021-12-25 19:00,-8,,2.7,290,55,,,0,,-5.3
238,금산,2021-12-25 20:00,-8.5,,2.6,290,59,,,0,,-5.8
238,금산,2021-12-25 21:00,-8.9,,1.9,290,63,,,0,,-6.3
238,금산,2021-12-25 22:00,-9.2,,2.2,290,62,,,1,,-7
238,금산,2021-12-25 23:00,-9.6,,2.2,290,68,,,0,,-7.4
238,금산,2021-12-26 00:00,-10,,1.9,290,67,,,0,,-7.5
238,금산,2021-12-26 01:00,-10.3,,2.5,290,66,,,2,,-8
238,금산,2021-12-26 02:00,-10.6,,1.4,320,70,,,1,,-8.1
238,금산,2021-12-26 03:00,-10.9,,1.6,290,72,,,0,,-8.5
238,금산,2021-12-26 04:00,-11.7,,.9,320,78,,,0,,-8.9
238,금산,2021-12-26 05:00,-12.4,,.4,0,82,,,0,,-9.3
238,금산,2021-12-26 06:00,-12.9,,.5,320,82,,,0,,-9.7
238,금산,2021-12-26 07:00,-13.2,,.5,270,82,,,0,,-9.7
238,금산,2021-12-26 08:00,-13.1,,.2,0,82,0,,0,,-9.7
238,금산,2021-12-26 09:00,-11,,.5,360,72,1,,0,,-7.8
238,금산,2021-12-26 10:00,-8.6,,1.9,320,65,1,,2,,-1.8
238,금산,2021-12-26 11:00,-8.2,,3.1,290,57,1,,4,,1.7
238,금산,2021-12-26 12:00,-7,,2.4,290,48,1,,2,,4.7
238,금산,2021-12-26 13:00,-5.8,,2.4,320,41,1,,0,,6.4
238,금산,2021-12-26 14:00,-5.1,,2.7,320,37,1,,0,,6.1
238,금산,2021-12-26 15:00,-4.3,,2.9,290,36,1,,0,,4
238,금산,2021-12-26 16:00,-4.4,,2.5,290,39,1,,0,,-.6
238,금산,2021-12-26 17:00,-5.5,,2.5,290,42,.9,,0,,-2.9
238,금산,2021-12-26 18:00,-6.8,,1.4,340,47,0,,0,,-4.5
238,금산,2021-12-26 19:00,-7.7,,.3,0,53,,,0,,-5.5
238,금산,2021-12-26 20:00,-8.7,,.9,290,59,,,0,,-6.3
238,금산,2021-12-26 21:00,-8.1,,1.2,270,53,,,0,,-6.6
238,금산,2021-12-26 22:00,-8.7,,.1,0,55,,,0,,-7.2
238,금산,2021-12-26 23:00,-10,,.3,0,68,,,0,,-7.6
238,금산,2021-12-27 00:00,-11.1,,.5,290,73,,,0,,-8
238,금산,2021-12-27 01:00,-11.4,,.2,0,75,,,0,,-8.3
238,금산,2021-12-27 02:00,-12.2,,.7,320,80,,,0,,-8.7
238,금산,2021-12-27 03:00,-12.5,,.3,0,80,,,0,,-9
238,금산,2021-12-27 04:00,-13.1,,.5,270,84,,,0,,-9.3
238,금산,2021-12-27 05:00,-13.4,,.3,0,83,,,0,,-9.5
238,금산,2021-12-27 06:00,-13.7,,.5,290,84,,,0,,-9.7
238,금산,2021-12-27 07:00,-13.6,,.3,0,86,,,0,,-9.7
238,금산,2021-12-27 08:00,-13.7,,.5,290,85,.1,,1,,-9.5
238,금산,2021-12-27 09:00,-11.4,,.2,0,80,1,,0,,-7.7
238,금산,2021-12-27 10:00,-8.4,,.6,70,63,1,,0,,-1.5
238,금산,2021-12-27 11:00,-5.4,,.4,0,50,1,,2,,3.6
238,금산,2021-12-27 12:00,-2.8,,.3,0,46,1,,2,,7.7
238,금산,2021-12-27 13:00,-.4,,.9,110,46,1,,4,,9.8
238,금산,2021-12-27 14:00,1.4,,1.6,290,46,1,,0,,9.1
238,금산,2021-12-27 15:00,.9,,1.3,270,52,.1,,9,,2.5
238,금산,2021-12-27 16:00,1.1,,2.1,270,55,.1,,8,,1.8
238,금산,2021-12-27 17:00,.5,,1.5,250,60,.3,,9,,.3
238,금산,2021-12-27 18:00,.2,,.8,230,66,0,,2,,-.2
238,금산,2021-12-27 19:00,.3,,1.4,250,70,,,8,,-.2
238,금산,2021-12-27 20:00,.5,,1,270,75,,,0,,-.2
238,금산,2021-12-27 21:00,.7,,1.6,270,78,,,3,,-.1
238,금산,2021-12-27 22:00,.7,,.9,320,79,,,0,,-.2
238,금산,2021-12-27 23:00,.4,,1,360,78,,,0,,-.2
238,금산,2021-12-28 00:00,.2,,0,0,80,,,4,,-.2
238,금산,2021-12-28 01:00,.1,,0,0,84,,,5,,-.2
238,금산,2021-12-28 02:00,0,,0,0,84,,,0,,-.3
238,금산,2021-12-28 03:00,-.7,,.2,0,88,,,0,,-1
238,금산,2021-12-28 04:00,-.9,,.5,320,89,,,0,,-1
238,금산,2021-12-28 05:00,-1.3,,.1,0,90,,,1,,-1.4
238,금산,2021-12-28 06:00,-1.1,,0,0,90,,,6,,-.6
238,금산,2021-12-28 07:00,-1,,.2,0,90,,,4,,-.5
238,금산,2021-12-28 08:00,-.9,,.4,0,89,0,,0,,-.4
238,금산,2021-12-28 09:00,-.4,,0,0,89,0,,9,,0
238,금산,2021-12-28 10:00,.5,,.1,0,85,0,,9,,.7
238,금산,2021-12-28 11:00,1.3,,.1,0,81,0,,9,,2.3
238,금산,2021-12-28 12:00,2.2,,.3,0,77,0,,9,,3.6
238,금산,2021-12-28 13:00,4.3,,.6,270,64,0,,9,,5.3
238,금산,2021-12-28 14:00,4.4,,1.5,270,56,0,,10,,5.2
238,금산,2021-12-28 15:00,4.8,,.7,320,53,0,,9,,6.2
238,금산,2021-12-28 16:00,4.6,,1.6,270,56,0,,9,,3.7
238,금산,2021-12-28 17:00,4.3,,1.2,270,56,0,,9,,2.4
238,금산,2021-12-28 18:00,3.8,,.7,270,61,0,,10,,1.7
238,금산,2021-12-28 19:00,2.8,,.9,270,66,,,7,,-.4
238,금산,2021-12-28 20:00,-.1,,0,0,78,,,5,,-1.4
238,금산,2021-12-28 21:00,-1.6,,.2,0,85,,,4,,-2.3
238,금산,2021-12-28 22:00,-2.9,,.1,0,88,,,0,,-3
238,금산,2021-12-28 23:00,-3.5,,.4,0,90,,,0,,-3.4
238,금산,2021-12-29 00:00,-3.8,,.6,290,90,,,0,,-3.2
238,금산,2021-12-29 01:00,-3.1,,.3,0,91,,,6,,-1.6
238,금산,2021-12-29 02:00,-2.3,,.2,0,89,,,9,,-.9
238,금산,2021-12-29 03:00,-2.1,,.4,0,88,,,5,,-1.9
238,금산,2021-12-29 04:00,-2.5,,.2,0,90,,,6,,-1.4
238,금산,2021-12-29 05:00,-2.3,,.3,0,89,,,9,,-1.4
238,금산,2021-12-29 06:00,-2.2,,.1,0,90,,,9,,-2.3
238,금산,2021-12-29 07:00,-1.9,,.2,0,90,,,9,,-1.3
238,금산,2021-12-29 08:00,-1.4,,.3,0,89,0,,8,,-.7
238,금산,2021-12-29 09:00,-.3,0,.5,320,87,0,,10,,.1
238,금산,2021-12-29 10:00,1.3,,.3,0,82,.1,,8,,1.3
238,금산,2021-12-29 11:00,3.4,,.7,340,77,.2,,8,,3.6
238,금산,2021-12-29 12:00,6.6,0,1,290,67,0,,9,,5.5
238,금산,2021-12-29 13:00,6.1,,3,290,65,0,,9,,4.6
238,금산,2021-12-29 14:00,5.7,,1.9,270,71,0,,9,,7.1
238,금산,2021-12-29 15:00,4.8,.2,1.1,320,80,0,,10,,5.5
238,금산,2021-12-29 16:00,5.3,,1.5,270,75,0,,10,,4.5
238,금산,2021-12-29 17:00,5.4,,1.8,270,65,0,,6,,2.6
238,금산,2021-12-29 18:00,4.7,.1,3.1,270,62,0,,0,,.9
238,금산,2021-12-29 19:00,4.3,,2,270,58,,,0,,-.1
238,금산,2021-12-29 20:00,4.3,,2.1,270,60,,,9,,.7
238,금산,2021-12-29 21:00,4.1,,2.9,290,64,,,8,,.9
238,금산,2021-12-29 22:00,3,,3.9,290,61,,,3,,.1
238,금산,2021-12-29 23:00,2.6,,4.4,270,57,,,6,,.1
238,금산,2021-12-30 00:00,1.6,,4.1,290,60,,,10,,.1
238,금산,2021-12-30 01:00,1,,3.7,290,57,,,9,,-.1
238,금산,2021-12-30 02:00,.8,,2.5,290,58,,,10,,-.2
238,금산,2021-12-30 03:00,.5,,2.8,290,55,,,9,,-.3
238,금산,2021-12-30 04:00,.2,,4.4,290,52,,,9,,-.8
238,금산,2021-12-30 05:00,-.6,,3.9,290,56,,,9,,-1.4
238,금산,2021-12-30 06:00,-1.6,,3.5,290,64,,,1,,-2.2
238,금산,2021-12-30 07:00,-2.2,,2.7,290,49,,,0,,-3.4
238,금산,2021-12-30 08:00,-2.5,,2.7,290,44,.1,,0,,-3.8
238,금산,2021-12-30 09:00,-1.5,,1.9,290,40,1,,2,,-2.7
238,금산,2021-12-30 10:00,-.7,,1.9,290,35,1,,0,,.2
238,금산,2021-12-30 11:00,.4,,1.8,290,34,1,,3,,3.5
238,금산,2021-12-30 12:00,.7,,2.9,320,37,1,,1,,6
238,금산,2021-12-30 13:00,1.6,,3.4,290,39,.9,,6,,9.5
238,금산,2021-12-30 14:00,2,,2.3,270,41,.9,,8,,9.7
238,금산,2021-12-30 15:00,.1,,3.6,230,60,0,,8,,4.1
238,금산,2021-12-30 16:00,.5,,2,250,70,0,,8,,3.4
238,금산,2021-12-30 17:00,-.8,,2,340,93,0,.8,10,,1.3
238,금산,2021-12-30 18:00,-1.3,.9,1.8,320,89,0,1.6,9,,1.2
238,금산,2021-12-30 19:00,,,,,,,,0,,
238,금산,2021-12-30 20:00,,,,,,,,8,,
238,금산,2021-12-30 21:00,,,,,,,,8,,
238,금산,2021-12-30 22:00,-2.2,,,,78,,1.4,9,,.4
238,금산,2021-12-30 23:00,-2.8,,3,290,69,,1.4,0,,0
238,금산,2021-12-31 00:00,-3.2,,2.7,290,66,,1.4,7,,-.2
238,금산,2021-12-31 01:00,-3.5,,2.4,290,65,,1.3,8,,-.4
238,금산,2021-12-31 02:00,-4.2,,1.5,290,65,,1.3,5,,-.6
238,금산,2021-12-31 03:00,-5.3,,1.2,290,68,,1.2,0,,-1.5
238,금산,2021-12-31 04:00,-6,,.3,0,67,,1.2,0,,-2.3
238,금산,2021-12-31 05:00,-7.7,,.9,290,74,,1.1,0,,-2.9
238,금산,2021-12-31 06:00,-7.7,,.7,320,73,,1.1,0,,-3.2
238,금산,2021-12-31 07:00,-8,,.6,140,82,,1.1,0,,-3.5
238,금산,2021-12-31 08:00,-8.1,,.5,110,85,0,1.1,0,,-3.8
238,금산,2021-12-31 09:00,-5,,1.5,290,61,1,.9,0,,-2.8
238,금산,2021-12-31 10:00,-4.2,,2.3,290,57,1,.5,0,,-.5
238,금산,2021-12-31 11:00,-3.1,,3,290,51,1,.4,0,,.2
238,금산,2021-12-31 12:00,-2.6,,2.3,320,46,1,.2,1,,2.1
238,금산,2021-12-31 13:00,-1.7,,2.7,320,44,1,,0,,5.3
238,금산,2021-12-31 14:00,-1.1,,2.2,320,40,1,,0,,8.2
238,금산,2021-12-31 15:00,-1.1,,3,290,40,1,,0,,6.4
238,금산,2021-12-31 16:00,-1.1,,2.7,290,39,1,,0,,2.6
238,금산,2021-12-31 17:00,-2.2,,3.1,290,42,1,,0,,-.7
238,금산,2021-12-31 18:00,-3.2,,1.5,270,46,0,,0,,-2.5
238,금산,2021-12-31 19:00,-4.1,,1.4,320,48,,,0,,-3.7
238,금산,2021-12-31 20:00,-4.9,,1.8,320,47,,,0,,-4.5
238,금산,2021-12-31 21:00,-6,,1.2,270,54,,,0,,-5.3
238,금산,2021-12-31 22:00,-6.6,,.1,0,58,,,0,,-5.9
238,금산,2021-12-31 23:00,-8.2,,.4,0,66,,,0,,-6.4
238,금산,2022-01-01 00:00,-9.2,,.3,0,72,,,0,,-7
238,금산,2022-01-01 01:00,-10,,.5,290,77,,,1,,-7.3
238,금산,2022-01-01 02:00,-10.5,,.4,0,80,,,0,,-7.7
238,금산,2022-01-01 03:00,-10.8,,.6,270,81,,,6,,-7.9
238,금산,2022-01-01 04:00,-11.5,,.1,0,84,,,0,,-8.3
238,금산,2022-01-01 05:00,-11.7,,.4,0,85,,,0,,-8.6
238,금산,2022-01-01 06:00,-12.2,,.5,290,86,,,0,,-8.8
238,금산,2022-01-01 07:00,-12.4,,.7,290,86,,,9,,-8.8
238,금산,2022-01-01 08:00,-12.2,,.6,290,86,.1,,0,,-8.6
238,금산,2022-01-01 09:00,-10.1,,.1,0,80,1,,0,,-7.1
238,금산,2022-01-01 10:00,-7.4,,.5,140,69,1,,0,,-1.2
238,금산,2022-01-01 11:00,-4.3,,.5,340,58,1,,5,,2.8
238,금산,2022-01-01 12:00,-.4,,.8,360,35,1,,5,,7
238,금산,2022-01-01 13:00,.4,,1.4,360,31,1,,3,,9.3
238,금산,2022-01-01 14:00,.9,,1.1,140,31,1,,0,,7.4
238,금산,2022-01-01 15:00,1.7,,1.2,160,30,1,,5,,5.7
238,금산,2022-01-01 16:00,1.8,,.2,0,29,1,,1,,2.2
238,금산,2022-01-01 17:00,.2,,.8,270,42,.6,,0,,-.7
238,금산,2022-01-01 18:00,-1.8,,.9,270,50,0,,4,,-2.2
238,금산,2022-01-01 19:00,-3.1,,.4,0,58,,,8,,-2.9
238,금산,2022-01-01 20:00,-3.8,,.7,270,61,,,4,,-3.8
238,금산,2022-01-01 21:00,-4.9,,.1,0,68,,,7,,-4.1
238,금산,2022-01-01 22:00,-6.1,,0,0,73,,,0,,-5
238,금산,2022-01-01 23:00,-5.7,,.2,0,73,,,8,,-3.5
238,금산,2022-01-02 00:00,-6.2,,0,0,77,,,1,,-5.1
238,금산,2022-01-02 01:00,-7.1,,.5,270,78,,,6,,-5.4
238,금산,2022-01-02 02:00,-6.5,,.7,360,78,,,0,,-5.3
238,금산,2022-01-02 03:00,-7.8,,.2,0,83,,,0,,-6.2
238,금산,2022-01-02 04:00,-8.3,,.3,0,84,,,2,,-6.6
238,금산,2022-01-02 05:00,-8.8,,.6,360,86,,,0,,-6.8
238,금산,2022-01-02 06:00,-9,,.6,270,86,,,0,,-6.8
238,금산,2022-01-02 07:00,-7.6,,.2,0,83,,,7,,-3.8
238,금산,2022-01-02 08:00,-6.3,,.5,110,79,0,,0,,-3
238,금산,2022-01-02 09:00,-5,,.8,20,75,.3,,3,,-3.3
238,금산,2022-01-02 10:00,-3.6,,.5,250,72,.4,,9,,.1
238,금산,2022-01-02 11:00,-2.2,,.7,110,71,0,,9,,.2
238,금산,2022-01-02 12:00,.7,,.9,140,63,.2,,9,,2.7
238,금산,2022-01-02 13:00,4.6,,2.9,290,63,.5,,5,,6.3
238,금산,2022-01-02 14:00,5.3,,2.6,290,53,.9,,2,,7.3
238,금산,2022-01-02 15:00,5.3,,2.6,270,50,1,,0,,6.9
238,금산,2022-01-02 16:00,5,,1.7,290,47,1,,0,,3.2
238,금산,2022-01-02 17:00,3.7,,.8,290,51,.8,,0,,-.3
238,금산,2022-01-02 18:00,.4,,0,0,66,0,,0,,-1.6
238,금산,2022-01-02 19:00,-.7,,.6,270,68,,,0,,-2.7
238,금산,2022-01-02 20:00,-1.9,,.7,270,71,,,0,,-3.4
238,금산,2022-01-02 21:00,-3.1,,0,0,77,,,0,,-4.2
238,금산,2022-01-02 22:00,-4.6,,.1,0,82,,,0,,-4.9
238,금산,2022-01-02 23:00,-5.7,,0,0,84,,,0,,-5.4
238,금산,2022-01-03 00:00,-6.2,,.6,230,84,,,0,,-5.9
238,금산,2022-01-03 01:00,-6.8,,0,0,86,,,0,,-6.4
238,금산,2022-01-03 02:00,-7.8,,.1,0,88,,,0,,-6.8
238,금산,2022-01-03 03:00,-8.3,,.3,0,89,,,0,,-7.2
238,금산,2022-01-03 04:00,-8.9,,.2,0,89,,,0,,-7.6
238,금산,2022-01-03 05:00,-9.2,,0,0,90,,,0,,-7.8
238,금산,2022-01-03 06:00,-9.8,,.2,0,90,,,0,,-8.3
238,금산,2022-01-03 07:00,-10.2,,.5,270,89,,,0,,-8.7
238,금산,2022-01-03 08:00,-10.5,,.8,320,89,0,,0,,-8
238,금산,2022-01-03 09:00,-8.3,,.3,0,86,.7,,2,,-6.2
238,금산,2022-01-03 10:00,-5.9,,.7,320,84,1,,0,,-1.2
238,금산,2022-01-03 11:00,-2.2,,.4,0,69,1,,2,,3
238,금산,2022-01-03 12:00,1.2,,.9,270,50,1,,1,,6.7
238,금산,2022-01-03 13:00,2.8,,2.5,340,41,1,,4,,8.7
238,금산,2022-01-03 14:00,3.2,,2.4,320,40,1,,0,,8.3
238,금산,2022-01-03 15:00,3.2,,2.4,290,41,1,,3,,7.4
238,금산,2022-01-03 16:00,3.1,,2.2,290,42,1,,1,,3.5
238,금산,2022-01-03 17:00,2,,1.3,290,46,1,,0,,-.3
238,금산,2022-01-03 18:00,-.6,,.7,250,58,0,,0,,-1.6
238,금산,2022-01-03 19:00,-1.8,,.1,0,65,,,0,,-2.6
238,금산,2022-01-03 20:00,-2.8,,.2,0,72,,,0,,-3.1
238,금산,2022-01-03 21:00,-3.3,,.1,0,75,,,0,,-2.8
238,금산,2022-01-03 22:00,-4,,.5,20,76,,,0,,-3.8
238,금산,2022-01-03 23:00,-3.8,,.5,340,78,,,2,,-3.2
238,금산,2022-01-04 00:00,-3.8,,.7,320,79,,,8,,-2.7
238,금산,2022-01-04 01:00,-2.7,,.3,0,76,,,8,,-2.1
238,금산,2022-01-04 02:00,-2.8,,.1,0,79,,,0,,-3.1
238,금산,2022-01-04 03:00,-3.6,,.4,0,82,,,2,,-3.8
238,금산,2022-01-04 04:00,-2.7,,0,0,81,,,,,-1.9
238,금산,2022-01-04 05:00,-2.2,,.4,0,82,,,,,-1.3
238,금산,2022-01-04 06:00,.3,,.4,0,82,,,,,-1.8
238,금산,2022-01-04 07:00,-1.7,,.5,270,88,,,,,-3.7
238,금산,2022-01-04 08:00,-1.9,,.3,0,87,0,,,,-4.4
238,금산,2022-01-04 09:00,-.4,,.3,0,80,.7,,,,-2.9
238,금산,2022-01-04 10:00,1.2,,1,360,45,1,,,,.2
238,금산,2022-01-04 11:00,2.8,,1.4,20,38,1,,,,4.9
238,금산,2022-01-04 12:00,3.6,,1.8,340,31,1,,0,,8.2
238,금산,2022-01-04 13:00,4.2,,2.3,340,29,1,,0,,10.5
238,금산,2022-01-04 14:00,4.2,,2.5,340,27,1,,0,,10.8
238,금산,2022-01-04 15:00,4.3,,2.7,320,27,1,,0,,9.1
238,금산,2022-01-04 16:00,4,,1.6,290,27,1,,0,,5.6
238,금산,2022-01-04 17:00,2.7,,1.2,320,25,1,,0,,-.1
238,금산,2022-01-04 18:00,-.7,,.7,270,42,0,,0,,-1.5
238,금산,2022-01-04 19:00,-2,,.7,290,47,,,0,,-2.8
238,금산,2022-01-04 20:00,-2.9,,.7,270,51,,,0,,-3.6
238,금산,2022-01-04 21:00,-3.4,,.7,270,51,,,0,,-4.1
238,금산,2022-01-04 22:00,-4.7,,.4,0,58,,,2,,-4.7
238,금산,2022-01-04 23:00,-5.4,,1.6,270,59,,,0,,-5.1
238,금산,2022-01-05 00:00,-5.7,,.5,270,61,,,0,,-4.5
238,금산,2022-01-05 01:00,-5.9,,0,0,63,,,10,,-5.4
238,금산,2022-01-05 02:00,-6.2,,.3,0,69,,,9,,-4.4
238,금산,2022-01-05 03:00,-6.2,,.7,360,69,,,10,,-4.3
238,금산,2022-01-05 04:00,-6,,.5,160,69,,,10,,-4.9
238,금산,2022-01-05 05:00,-6.8,,.2,0,74,,,9,,-4.9
238,금산,2022-01-05 06:00,-6.5,,.5,290,72,,,10,,-4.7
238,금산,2022-01-05 07:00,-6.2,,.1,0,75,,,10,,-4.3
238,금산,2022-01-05 08:00,-6.1,,.1,0,75,0,,10,,-3.9
238,금산,2022-01-05 09:00,-5.3,,.2,0,74,0,,9,,-2.3
238,금산,2022-01-05 10:00,-4,,.1,0,67,0,,9,,.2
238,금산,2022-01-05 11:00,-.6,,.8,110,45,.6,,8,,2.9
238,금산,2022-01-05 12:00,.4,,.6,110,36,.3,,10,,4.6
238,금산,2022-01-05 13:00,1.4,,.5,200,33,0,,9,,5.1
238,금산,2022-01-05 14:00,2.3,,.4,0,28,0,,9,,5.1
238,금산,2022-01-05 15:00,3.2,,.1,0,29,0,,10,,3.9
238,금산,2022-01-05 16:00,3.4,,.9,230,30,0,,10,,2.2
238,금산,2022-01-05 17:00,3.1,,.3,0,32,0,,10,,.1
238,금산,2022-01-05 18:00,2.1,,.6,290,37,0,,10,,0
238,금산,2022-01-05 19:00,1.3,,.1,0,46,,,10,,-.1
238,금산,2022-01-05 20:00,1.1,,.1,0,49,,,10,,-.2
238,금산,2022-01-05 21:00,.4,,.7,270,52,,,10,,-.4
238,금산,2022-01-05 22:00,.2,,.3,0,53,,,9,,-.4
238,금산,2022-01-05 23:00,.6,,.7,290,53,,,9,,-.6
238,금산,2022-01-06 00:00,-.5,,.5,250,60,,,5,,-1.3
238,금산,2022-01-06 01:00,-2.3,,.1,0,68,,,5,,-2.3
238,금산,2022-01-06 02:00,-2.7,,.2,0,68,,,1,,-3.1
238,금산,2022-01-06 03:00,-3.8,,.1,0,73,,,0,,-3.8
238,금산,2022-01-06 04:00,-4.5,,.3,0,75,,,0,,-4.5
238,금산,2022-01-06 05:00,-5.6,,0,0,80,,,0,,-5
238,금산,2022-01-06 06:00,-6.4,,0,0,83,,,0,,-5.5
238,금산,2022-01-06 07:00,-7.2,,.1,0,85,,,0,,-5.9
238,금산,2022-01-06 08:00,-7.4,,.1,0,86,0,,0,,-6.1
238,금산,2022-01-06 09:00,-5,,.2,0,78,1,,0,,-4.5
238,금산,2022-01-06 10:00,-2.4,,.3,0,67,1,,0,,-.2
238,금산,2022-01-06 11:00,1.4,,.5,160,47,1,,0,,3.6
238,금산,2022-01-06 12:00,3.5,,2.3,290,25,1,,0,,6.8
238,금산,2022-01-06 13:00,4.1,,2.1,320,26,1,,0,,9.8
238,금산,2022-01-06 14:00,5.4,,2.2,340,26,1,,0,,10.8
238,금산,2022-01-06 15:00,4.7,,1.9,290,29,1,,0,,9.9
238,금산,2022-01-06 16:00,4.8,,1.9,270,29,1,,0,,6.3
238,금산,2022-01-06 17:00,3.7,,1.7,290,31,1,,0,,.3
238,금산,2022-01-06 18:00,-.4,,.6,250,48,.1,,0,,-1.5
238,금산,2022-01-06 19:00,-1.8,,.5,270,51,,,0,,-2.6
238,금산,2022-01-06 20:00,-3.2,,.1,0,60,,,0,,-3.6
238,금산,2022-01-06 21:00,-4.1,,.7,270,62,,,0,,-4.1
238,금산,2022-01-06 22:00,-5,,.6,250,68,,,0,,-4.8
238,금산,2022-01-06 23:00,-6,,0,0,73,,,0,,-5.5
238,금산,2022-01-07 00:00,-6.8,,0,0,75,,,0,,-6
238,금산,2022-01-07 01:00,-7.6,,0,0,78,,,0,,-6.6
238,금산,2022-01-07 02:00,-8.1,,0,0,80,,,0,,-7.1
238,금산,2022-01-07 03:00,-8.7,,0,0,82,,,0,,-7.4
238,금산,2022-01-07 04:00,-8.9,,.2,0,84,,,0,,-7.7
238,금산,2022-01-07 05:00,-9.7,,.2,0,86,,,0,,-8.1
238,금산,2022-01-07 06:00,-9.9,,0,0,86,,,0,,-8.3
238,금산,2022-01-07 07:00,-10.2,,0,0,88,,,0,,-8.6
238,금산,2022-01-07 08:00,-10.6,,.5,290,88,.1,,0,,-8.6
238,금산,2022-01-07 09:00,-8,,.4,0,80,1,,0,,-6.6
238,금산,2022-01-07 10:00,-5,,.5,110,73,1,,0,,-.9
238,금산,2022-01-07 11:00,-1.8,,.5,90,56,1,,0,,3.4
238,금산,2022-01-07 12:00,1.1,,.7,160,47,1,,0,,7.8
238,금산,2022-01-07 13:00,4.1,,1.3,360,35,1,,0,,11
238,금산,2022-01-07 14:00,5.9,,1.5,320,19,1,,0,,12
238,금산,2022-01-07 15:00,6.2,,1.7,340,20,1,,0,,10
238,금산,2022-01-07 16:00,6.2,,1.5,360,15,1,,0,,5.9
238,금산,2022-01-07 17:00,4.6,,.6,340,18,1,,0,,-.4
238,금산,2022-01-07 18:00,-.6,,1,270,44,.1,,0,,-1.9
238,금산,2022-01-07 19:00,-2.1,,.5,250,53,,,0,,-3.2
238,금산,2022-01-07 20:00,-3.7,,.1,0,61,,,0,,-4
238,금산,2022-01-07 21:00,-4.6,,0,0,64,,,0,,-4.7
238,금산,2022-01-07 22:00,-5.2,,.1,0,66,,,0,,-5.3
238,금산,2022-01-07 23:00,-6.1,,.1,0,71,,,0,,-5.9
238,금산,2022-01-08 00:00,-6.9,,.1,0,72,,,0,,-6.2
238,금산,2022-01-08 01:00,-7.3,,0,0,74,,,1,,-6.3
238,금산,2022-01-08 02:00,-7.7,,.2,0,78,,,1,,-6.5
238,금산,2022-01-08 03:00,-8.2,,0,0,80,,,0,,-7
238,금산,2022-01-08 04:00,-8.8,,.2,0,81,,,0,,-7.3
238,금산,2022-01-08 05:00,-9,,.3,0,83,,,0,,-7.6
238,금산,2022-01-08 06:00,-9.3,,0,0,85,,,0,,-8
238,금산,2022-01-08 07:00,-10,,.3,0,85,,,0,,-8.1
238,금산,2022-01-08 08:00,-9.8,,.1,0,86,.1,,2,,-8
238,금산,2022-01-08 09:00,-7.7,,.1,0,80,1,,0,,-6.1
238,금산,2022-01-08 10:00,-4.1,,.4,0,70,1,,0,,-.7
238,금산,2022-01-08 11:00,-1,,.4,0,56,1,,0,,3.9
238,금산,2022-01-08 12:00,3.1,,.7,90,40,1,,0,,8.6
238,금산,2022-01-08 13:00,5.2,,1.9,340,35,1,,0,,11
238,금산,2022-01-08 14:00,5.9,,2.8,340,41,1,,0,,11.4
238,금산,2022-01-08 15:00,6.1,,2.1,340,44,1,,0,,9.6
238,금산,2022-01-08 16:00,5.5,,2.1,290,48,1,,0,,5.9
238,금산,2022-01-08 17:00,4.1,,1.4,270,53,.6,,,,.9
238,금산,2022-01-08 18:00,3.8,,1.3,290,56,0,,,,0
238,금산,2022-01-08 19:00,3.6,,.4,0,59,,,,,.2
238,금산,2022-01-08 20:00,3.6,,.5,250,60,,,,,.1
238,금산,2022-01-08 21:00,2.1,,.2,0,65,,,0,,-.3
238,금산,2022-01-08 22:00,1.4,,.1,0,71,,,6,,0
238,금산,2022-01-08 23:00,1.7,,.5,20,69,,,10,,0
238,금산,2022-01-09 00:00,1.5,,.1,0,70,,,4,,-.1
238,금산,2022-01-09 01:00,-.3,,.5,20,78,,,6,,-1.4
238,금산,2022-01-09 02:00,-1.4,,0,0,83,,,9,,-1.8
238,금산,2022-01-09 03:00,-1.8,,.2,0,85,,,9,,-1.6
238,금산,2022-01-09 04:00,-1.3,,.2,0,85,,,8,,-1.2
238,금산,2022-01-09 05:00,-.8,,.1,0,83,,,8,,-.9
238,금산,2022-01-09 06:00,-.8,,.3,0,83,,,9,,-.6
238,금산,2022-01-09 07:00,-.7,,.1,0,83,,,9,,-.9
238,금산,2022-01-09 08:00,-1.1,,.9,270,86,0,,9,,-1.7
238,금산,2022-01-09 09:00,-.1,,.2,0,82,0,,8,,.2
238,금산,2022-01-09 10:00,1.3,,.2,0,78,0,,9,,1
238,금산,2022-01-09 11:00,2.7,,.3,0,72,0,,7,,3.3
238,금산,2022-01-09 12:00,5.2,,.9,20,66,0,,9,,6
238,금산,2022-01-09 13:00,6.2,,2.3,250,54,.7,,7,,12.3
238,금산,2022-01-09 14:00,6.1,,1.7,250,54,.7,,7,,11.9
238,금산,2022-01-09 15:00,6.3,,1.1,270,53,.2,,6,,10.3
238,금산,2022-01-09 16:00,6.1,,1.1,270,54,.8,,2,,7.2
238,금산,2022-01-09 17:00,4.7,,1.1,340,60,.6,,0,,2.6
238,금산,2022-01-09 18:00,2.4,,.9,290,68,0,,0,,-.4
238,금산,2022-01-09 19:00,.1,,1.1,270,79,,,0,,-1.2
238,금산,2022-01-09 20:00,-1.2,,.1,0,84,,,0,,-2.1
238,금산,2022-01-09 21:00,-1.7,,.3,0,87,,,0,,-2.7
238,금산,2022-01-09 22:00,-3.1,,.2,0,89,,,0,,-3.2
238,금산,2022-01-09 23:00,-3.5,,0,0,91,,,0,,-3.8
238,금산,2022-01-10 00:00,-4.2,,.1,0,93,,,0,,-4.2
238,금산,2022-01-10 01:00,-4.9,,.3,0,93,,,0,,-4.6
238,금산,2022-01-10 02:00,-5.4,,.3,0,92,,,0,,-4.9
238,금산,2022-01-10 03:00,-5.9,,0,0,92,,,0,,-5.2
238,금산,2022-01-10 04:00,-6.2,,0,0,91,,,0,,-5.5
238,금산,2022-01-10 05:00,-6.7,,0,0,92,,,0,,-5.8
238,금산,2022-01-10 06:00,-6.9,,.2,0,91,,,6,,-5.6
238,금산,2022-01-10 07:00,-6.4,,.1,0,95,,,0,,-3.3
238,금산,2022-01-10 08:00,-5.7,,.4,0,96,0,,8,,-2.5
238,금산,2022-01-10 09:00,-4.9,,.3,0,96,0,,7,,-1.1
238,금산,2022-01-10 10:00,-3.7,,.6,290,97,0,,8,,.4
238,금산,2022-01-10 11:00,-1.8,,.3,0,98,.4,,6,,3.6
238,금산,2022-01-10 12:00,2.7,,.6,160,70,1,,7,,7.8
238,금산,2022-01-10 13:00,6.7,,1.4,20,43,1,,5,,12.1
238,금산,2022-01-10 14:00,7.2,,2.2,20,41,1,,6,,12.3
238,금산,2022-01-10 15:00,7.7,,2.4,360,34,1,,6,,11.6
238,금산,2022-01-10 16:00,6.6,,1.9,340,28,.9,,6,,6.3
238,금산,2022-01-10 17:00,5.1,,1.7,290,32,0,,1,,2.7
238,금산,2022-01-10 18:00,3.3,,.8,270,41,0,,9,,.4
238,금산,2022-01-10 19:00,2.5,,.9,290,47,,,10,,-.1
238,금산,2022-01-10 20:00,2.6,,1.1,290,52,,,10,,-.2
238,금산,2022-01-10 21:00,2,,.4,0,56,,,10,,-.1
238,금산,2022-01-10 22:00,1.6,,.5,290,57,,,10,,-.1
238,금산,2022-01-10 23:00,2.1,,2,290,56,,,10,,0
238,금산,2022-01-11 00:00,1.1,,1.3,270,72,,,10,,0
238,금산,2022-01-11 01:00,.4,,.6,270,78,,,10,,-.2
238,금산,2022-01-11 02:00,.2,,.5,340,79,,,10,,-.1
238,금산,2022-01-11 03:00,.3,0,3.3,290,86,,,9,,0
238,금산,2022-01-11 04:00,-.8,,3.2,290,80,,,9,,-.2
238,금산,2022-01-11 05:00,-1.8,,2.3,290,80,,,8,,-.3
238,금산,2022-01-11 06:00,-1.7,.1,2.2,290,75,,,,,-.4
238,금산,2022-01-11 07:00,-2.7,,3.7,290,67,,,9,,-.8
238,금산,2022-01-11 08:00,-4.6,,3.1,290,64,0,,6,,-2.2
238,금산,2022-01-11 09:00,-4.4,,3.3,290,59,.8,,2,,-2.3
238,금산,2022-01-11 10:00,-3.8,,3.5,290,53,1,,0,,-.2
238,금산,2022-01-11 11:00,-3.2,,4.1,290,47,1,,0,,1.1
238,금산,2022-01-11 12:00,-2.5,,3.8,290,43,1,,0,,5.2
238,금산,2022-01-11 13:00,-2,,4,270,40,.9,,2,,8.7
238,금산,2022-01-11 14:00,-2.1,,3.3,290,39,.8,,7,,6.6
238,금산,2022-01-11 15:00,-1.5,,3.7,270,39,.8,,0,,7.3
238,금산,2022-01-11 16:00,-2.1,,3.4,290,38,1,,0,,3.5
238,금산,2022-01-11 17:00,-3,,3.3,290,41,1,,0,,-.8
238,금산,2022-01-11 18:00,-4.3,,2.8,290,48,.1,,0,,-2.5
238,금산,2022-01-11 19:00,-5.1,,2.7,290,52,,,0,,-3.6
238,금산,2022-01-11 20:00,-5.7,,2.6,290,58,,,0,,-4.3
238,금산,2022-01-11 21:00,-6.3,,2.2,290,63,,,0,,-4.9
238,금산,2022-01-11 22:00,-6.4,,1.7,270,66,,,8,,-5.3
238,금산,2022-01-11 23:00,-6.8,,2.1,290,66,,,7,,-5.8
238,금산,2022-01-12 00:00,-7.1,,1.5,290,68,,,7,,-6.1
238,금산,2022-01-12 01:00,-7.2,,2.9,290,66,,,6,,-6.3
238,금산,2022-01-12 02:00,-7.7,,1.1,290,68,,,10,,-6.9
238,금산,2022-01-12 03:00,-8.1,,.8,290,74,,,0,,-6.6
238,금산,2022-01-12 04:00,-8.8,,1,360,80,,,0,,-6.9
238,금산,2022-01-12 05:00,-10.2,,.7,270,85,,,0,,-8
238,금산,2022-01-12 06:00,-10.8,0,.4,0,87,,,0,,-8.5
238,금산,2022-01-12 07:00,-11.6,,.7,290,87,,,0,,-8.8
238,금산,2022-01-12 08:00,-11.9,,.4,0,87,.1,,0,,-8.8
238,금산,2022-01-12 09:00,-10.3,,.1,0,85,.7,,0,,-7.2
238,금산,2022-01-12 10:00,-6.5,,.7,140,73,1,,0,,-1.4
238,금산,2022-01-12 11:00,-3.4,,2,340,53,1,,0,,2.5
238,금산,2022-01-12 12:00,-2.3,,2.1,320,42,1,,1,,6.3
238,금산,2022-01-12 13:00,-1.1,,2.7,340,36,1,,1,,8.4
238,금산,2022-01-12 14:00,-.4,,2.1,320,37,1,,0,,9.1
238,금산,2022-01-12 15:00,-.3,,1.9,320,39,1,,0,,7.9
238,금산,2022-01-12 16:00,-.3,,2.7,290,40,1,,0,,3.4
238,금산,2022-01-12 17:00,-1.1,,1.7,270,45,.9,,0,,-.6
238,금산,2022-01-12 18:00,-2.1,,1.3,290,50,.1,,0,,-2.3
238,금산,2022-01-12 19:00,-2.6,,2.3,320,45,,,0,,-3
238,금산,2022-01-12 20:00,-3.5,,1.6,290,48,,,5,,-3.7
238,금산,2022-01-12 21:00,-4,,1.4,290,41,,,10,,-4.1
238,금산,2022-01-12 22:00,-4.9,,.8,290,43,,,6,,-4.7
238,금산,2022-01-12 23:00,-6,,.1,0,50,,,0,,-5.7
238,금산,2022-01-13 00:00,-6.6,,.1,0,57,,,10,,-5.2
238,금산,2022-01-13 01:00,-6.7,,.2,0,60,,,1,,-5.9
238,금산,2022-01-13 02:00,-7.5,,.3,0,64,,,7,,-4.8
238,금산,2022-01-13 03:00,-7.5,,.3,0,65,,,2,,-5.9
238,금산,2022-01-13 04:00,-8.6,,.5,250,71,,,2,,-6.6
238,금산,2022-01-13 05:00,-8.8,,1,270,74,,,9,,-5.4
238,금산,2022-01-13 06:00,-8.2,,.5,270,71,,,0,,-6.1
238,금산,2022-01-13 07:00,-7.7,,.7,250,74,,,8,,-4.4
238,금산,2022-01-13 08:00,-6.4,,1,290,83,0,.4,8,,-3.3
238,금산,2022-01-13 09:00,-6,.1,1.2,290,84,0,.8,8,,-1.3
238,금산,2022-01-13 10:00,-5,,1.8,270,74,.5,.4,2,,.2
238,금산,2022-01-13 11:00,-3,,4.3,290,54,1,,6,,2
238,금산,2022-01-13 12:00,-2.8,.1,3.2,290,55,.9,,6,,2.7
238,금산,2022-01-13 13:00,-1.4,,4.1,290,42,.9,,7,,7.3
238,금산,2022-01-13 14:00,-1.2,,3.9,290,38,1,,4,,6.6
238,금산,2022-01-13 15:00,-1.1,,4.1,290,37,.6,,1,,3.7
238,금산,2022-01-13 16:00,-1.6,,4.6,290,37,1,,2,,2.1
238,금산,2022-01-13 17:00,-2.9,,4.4,290,43,.8,,0,,-1.2
238,금산,2022-01-13 18:00,-3.6,,3,290,48,.2,,0,,-2.8
238,금산,2022-01-13 19:00,-4.4,,2.8,290,53,,,0,,-3.6
238,금산,2022-01-13 20:00,-4.5,,3.9,290,54,,,0,,-4.2
238,금산,2022-01-13 21:00,-4.8,,2.3,290,57,,,2,,-4.3
238,금산,2022-01-13 22:00,-5.1,,1.4,320,59,,,9,,-4
238,금산,2022-01-13 23:00,-5.4,,2.4,290,60,,,9,,-4.7
238,금산,2022-01-14 00:00,-6.6,,1.4,320,68,,,1,,-5.6
238,금산,2022-01-14 01:00,-7.8,,.8,270,70,,,0,,-6.8
238,금산,2022-01-14 02:00,-9.2,,.7,270,78,,,0,,-7.6
238,금산,2022-01-14 03:00,-9.6,,.4,0,78,,,0,,-8.1
238,금산,2022-01-14 04:00,-10.8,,.3,0,82,,,0,,-8.6
238,금산,2022-01-14 05:00,-11.7,,.6,290,85,,,0,,-9
238,금산,2022-01-14 06:00,-12.1,,.5,320,85,,,0,,-9.3
238,금산,2022-01-14 07:00,-12.6,,.7,270,86,,,0,,-9.5
238,금산,2022-01-14 08:00,-12.6,,.7,270,86,.1,,1,,-9.5
238,금산,2022-01-14 09:00,-9.9,,.2,0,79,1,,0,,-7.7
238,금산,2022-01-14 10:00,-6.7,,.5,160,70,1,,0,,-1.8
238,금산,2022-01-14 11:00,-3.1,,.9,360,55,1,,0,,3.8
238,금산,2022-01-14 12:00,-.7,,1.4,320,38,1,,0,,8.1
238,금산,2022-01-14 13:00,.4,,1.5,340,34,1,,0,,10.9
238,금산,2022-01-14 14:00,1.5,,2.1,340,26,1,,0,,11.5
238,금산,2022-01-14 15:00,2.3,,1.8,360,26,1,,0,,9.9
238,금산,2022-01-14 16:00,1.6,,.8,320,27,1,,0,,6
238,금산,2022-01-14 17:00,1.1,,.9,200,28,1,,0,,-1
238,금산,2022-01-14 18:00,-2.4,,1.4,290,43,.1,,9,,-2.4
238,금산,2022-01-14 19:00,-3.7,,.4,0,48,,,7,,-3.6
238,금산,2022-01-14 20:00,-5.1,,1,270,55,,,9,,-4.5
238,금산,2022-01-14 21:00,-6.5,,.2,0,61,,,5,,-4.7
238,금산,2022-01-14 22:00,-6.3,,.4,0,62,,,9,,-4.5
238,금산,2022-01-14 23:00,-6.1,,.1,0,60,,,10,,-4.3
238,금산,2022-01-15 00:00,-6,,0,0,62,,,10,,-4.5
238,금산,2022-01-15 01:00,-6.3,,0,0,65,,,10,,-4.5
238,금산,2022-01-15 02:00,-6.8,,.6,290,67,,,10,,-4.7
238,금산,2022-01-15 03:00,-6.8,,.2,0,69,,,10,,-5
238,금산,2022-01-15 04:00,-7.3,,.3,0,73,,,10,,-5.5
238,금산,2022-01-15 05:00,-7.5,,.4,0,74,,,10,,-5.8
238,금산,2022-01-15 06:00,-7.6,,.5,270,74,,,10,,-5.5
238,금산,2022-01-15 07:00,-7.8,,.4,0,74,,,8,,-5.7
238,금산,2022-01-15 08:00,-7.6,,.3,0,77,0,,9,,-4.6
238,금산,2022-01-15 09:00,-6.6,,.4,0,72,0,,9,,-3.1
238,금산,2022-01-15 10:00,-4.9,,.3,0,63,.2,,9,,-1
238,금산,2022-01-15 11:00,-1.2,,.4,0,49,.9,,6,,5.1
238,금산,2022-01-15 12:00,2.3,,1,90,27,1,,7,,9
238,금산,2022-01-15 13:00,5,,.8,110,27,1,,3,,13.3
238,금산,2022-01-15 14:00,5.8,,1.5,360,31,.5,,8,,11.7
238,금산,2022-01-15 15:00,5.6,,1.2,360,33,.1,,9,,5.8
238,금산,2022-01-15 16:00,5.9,,.9,270,40,0,,8,,5.2
238,금산,2022-01-15 17:00,5.5,,1.1,270,49,.1,,8,,2.8
238,금산,2022-01-15 18:00,4.8,,.5,290,57,0,,6,,.6
238,금산,2022-01-15 19:00,2.6,,.3,0,65,,,3,,-.4
238,금산,2022-01-15 20:00,2.1,,.3,0,68,,,4,,-.2
238,금산,2022-01-15 21:00,1.7,,.2,0,71,,,6,,-.5
238,금산,2022-01-15 22:00,.3,,.4,0,77,,,0,,-.5
238,금산,2022-01-15 23:00,.7,,.3,0,76,,,2,,-.1
238,금산,2022-01-16 00:00,.6,,.2,0,79,,,10,,-.8
238,금산,2022-01-16 01:00,1.2,,.6,20,77,,,10,,0
238,금산,2022-01-16 02:00,4.5,,2.1,250,78,,,10,,.2
238,금산,2022-01-16 03:00,3.7,.3,1.2,270,85,,,10,,.3
238,금산,2022-01-16 04:00,3.6,,1.6,270,87,,,10,,.4
238,금산,2022-01-16 05:00,3.1,,.9,320,86,,,9,,.1
238,금산,2022-01-16 06:00,2.1,.3,.7,250,82,,,0,,-.2
238,금산,2022-01-16 07:00,.6,,.2,0,89,,,7,,-1.2
238,금산,2022-01-16 08:00,2.3,,2.9,290,80,0,,5,,-.1
238,금산,2022-01-16 09:00,1.3,,3.3,290,75,0,,10,,0
238,금산,2022-01-16 10:00,1,,2.3,320,62,0,,5,,0
238,금산,2022-01-16 11:00,2.3,,2.8,320,46,.9,,0,,3.7
238,금산,2022-01-16 12:00,2.8,,3,290,39,1,,0,,10.5
238,금산,2022-01-16 13:00,3.7,,3.5,270,41,1,,0,,12.6
238,금산,2022-01-16 14:00,3.1,,3.5,270,35,1,,0,,12.7
238,금산,2022-01-16 15:00,3,,3,320,37,1,,0,,11.4
238,금산,2022-01-16 16:00,2,,3.5,320,39,1,,0,,7
238,금산,2022-01-16 17:00,.7,,2.6,290,44,1,,0,,.8
238,금산,2022-01-16 18:00,-1.2,,2.5,290,51,.2,,0,,-1.1
238,금산,2022-01-16 19:00,-2.2,,1.8,320,54,,,0,,-2.3
238,금산,2022-01-16 20:00,-2.8,,2,290,58,,,0,,-3.2
238,금산,2022-01-16 21:00,-4,,.8,290,64,,,0,,-4.1
238,금산,2022-01-16 22:00,-4.8,,.5,290,67,,,0,,-4.8
238,금산,2022-01-16 23:00,-5.8,,.2,0,72,,,0,,-5.6
238,금산,2022-01-17 00:00,-6.3,,.7,270,74,,,1,,-5.9
238,금산,2022-01-17 01:00,-6.4,,.6,250,74,,,5,,-5.9
238,금산,2022-01-17 02:00,-6.7,,.1,0,76,,,6,,-6.2
238,금산,2022-01-17 03:00,-6.7,,.1,0,76,,,5,,-6.7
238,금산,2022-01-17 04:00,-7,,.1,0,78,,,10,,-7
238,금산,2022-01-17 05:00,-7.8,,.4,0,81,,,9,,-6.6
238,금산,2022-01-17 06:00,-7.7,,.6,110,81,,,6,,-7
238,금산,2022-01-17 07:00,-8.8,,0,0,85,,,5,,-7.4
238,금산,2022-01-17 08:00,-9,,.5,290,86,0,,6,,-7
238,금산,2022-01-17 09:00,-7.5,,.3,0,81,.1,,8,,-4.6
238,금산,2022-01-17 10:00,-5.2,,.5,230,76,.8,,3,,-.8
238,금산,2022-01-17 11:00,-1.6,,.3,0,62,1,,3,,3.9
238,금산,2022-01-17 12:00,.4,,2.4,320,54,.9,,4,,5.3
238,금산,2022-01-17 13:00,.6,,3.7,320,54,.5,,7,,3.4
238,금산,2022-01-17 14:00,2.1,,2.4,320,50,.6,,7,,9.3
238,금산,2022-01-17 15:00,1.6,,3.2,270,55,.4,,8,,5.5
238,금산,2022-01-17 16:00,1,,3.2,270,63,.1,,9,,2.7
238,금산,2022-01-17 17:00,.5,,1.8,270,73,0,,9,,.6
238,금산,2022-01-17 18:00,.6,0,2.4,270,75,0,,9,,-.1
238,금산,2022-01-17 19:00,.3,,3.3,290,70,,,8,,-.3
238,금산,2022-01-17 20:00,-.9,,4.5,290,58,,,9,,-1.4
238,금산,2022-01-17 21:00,-1.7,,4,290,55,,,9,,-2.3
238,금산,2022-01-17 22:00,-2.3,,3.2,290,56,,,6,,-2.5
238,금산,2022-01-17 23:00,-4,,2.9,290,50,,,0,,-4
238,금산,2022-01-18 00:00,-4.9,,1.5,270,54,,,0,,-4.9
238,금산,2022-01-18 01:00,-5.7,,.9,320,57,,,0,,-5.7
238,금산,2022-01-18 02:00,-6.9,,.4,0,63,,,0,,-6.5
238,금산,2022-01-18 03:00,-8.1,,.5,320,68,,,0,,-7.1
238,금산,2022-01-18 04:00,-8.9,,1,270,71,,,0,,-7.6
238,금산,2022-01-18 05:00,-10.1,,.3,0,75,,,0,,-8.1
238,금산,2022-01-18 06:00,-10.7,,.1,0,79,,,0,,-8.6
238,금산,2022-01-18 07:00,-11.3,,.6,340,81,,,0,,-9
238,금산,2022-01-18 08:00,-11.6,,.5,250,81,.2,,0,,-9.1
238,금산,2022-01-18 09:00,-9.7,,.7,270,76,1,,0,,-7.4
238,금산,2022-01-18 10:00,-6.3,,.4,0,59,1,,0,,-1.3
238,금산,2022-01-18 11:00,-3.5,,.9,140,43,1,,0,,3.7
238,금산,2022-01-18 12:00,-1.9,,1.9,290,30,1,,0,,7.8
238,금산,2022-01-18 13:00,-.3,,1.3,340,22,1,,0,,11.1
238,금산,2022-01-18 14:00,.3,,1.7,320,22,1,,0,,11.2
238,금산,2022-01-18 15:00,.7,,1.8,320,23,1,,0,,9.8
238,금산,2022-01-18 16:00,1.2,,2.2,340,23,1,,0,,5.8
238,금산,2022-01-18 17:00,.7,,1.6,340,24,1,,0,,-.9
238,금산,2022-01-18 18:00,-2.4,,.8,270,38,.2,,0,,-2.5
238,금산,2022-01-18 19:00,-4,,.7,250,45,,,0,,-3.7
238,금산,2022-01-18 20:00,-5.4,,.5,250,53,,,0,,-4.6
238,금산,2022-01-18 21:00,-6.4,,.2,0,57,,,0,,-5.5
238,금산,2022-01-18 22:00,-7,,.4,0,60,,,0,,-6.1
238,금산,2022-01-18 23:00,-8.2,,.6,270,65,,,0,,-6.8
238,금산,2022-01-19 00:00,-8.7,,.7,290,65,,,0,,-7.3
238,금산,2022-01-19 01:00,-9.1,,0,0,67,,,0,,-7.6
238,금산,2022-01-19 02:00,-9.7,,0,0,73,,,0,,-8.2
238,금산,2022-01-19 03:00,-10.7,,.6,270,75,,,1,,-8.5
238,금산,2022-01-19 04:00,-11.2,,.4,0,77,,,0,,-8.8
238,금산,2022-01-19 05:00,-11.5,,.4,0,79,,,0,,-9
238,금산,2022-01-19 06:00,-11.8,,.5,250,82,,,0,,-9.2
238,금산,2022-01-19 07:00,-12,,0,0,82,,,0,,-9.4
238,금산,2022-01-19 08:00,-12.2,,.2,0,84,0,,0,,-9.1
238,금산,2022-01-19 09:00,-9.7,,.6,110,75,1,,0,,-6.9
238,금산,2022-01-19 10:00,-6.8,,.6,160,67,1,,0,,-1.2
238,금산,2022-01-19 11:00,-3.5,,.6,90,54,1,,0,,4
238,금산,2022-01-19 12:00,1.1,,.7,90,43,1,,3,,8.5
238,금산,2022-01-19 13:00,3.8,,1.1,110,35,1,,5,,12.3
238,금산,2022-01-19 14:00,4.6,,5,270,42,1,,8,,12
238,금산,2022-01-19 15:00,3.7,,3.6,290,48,.6,,9,,7.4
238,금산,2022-01-19 16:00,.8,,2.3,320,79,0,,10,,3.2
238,금산,2022-01-19 17:00,-.1,,.7,320,89,0,,9,,.7
238,금산,2022-01-19 18:00,.4,0,1.7,270,73,0,,9,,-.1
238,금산,2022-01-19 19:00,.1,,1.4,270,73,,,7,,-.4
238,금산,2022-01-19 20:00,-1.1,,2.6,290,71,,,10,,-1.6
238,금산,2022-01-19 21:00,-2.1,,2,290,66,,,10,,-2.3
238,금산,2022-01-19 22:00,-2.4,,2.6,290,66,,,9,,-2.2
238,금산,2022-01-19 23:00,-2.7,,2.9,290,70,,,9,,-1.9
238,금산,2022-01-20 00:00,-3.8,0,2.7,290,65,,,9,,-2.4
238,금산,2022-01-20 01:00,-4.6,,1.4,290,66,,,1,,-3.1
238,금산,2022-01-20 02:00,-5.7,,1.3,360,76,,,0,,-4.2
238,금산,2022-01-20 03:00,-6.6,0,1,340,80,,,0,,-5.7
238,금산,2022-01-20 04:00,-7.3,,.6,270,77,,,0,,-5.6
238,금산,2022-01-20 05:00,-8.4,,.3,0,82,,,0,,-7
238,금산,2022-01-20 06:00,-9.6,,.5,270,86,,,0,,-7.6
238,금산,2022-01-20 07:00,-10.5,,.3,0,88,,,0,,-8.1
238,금산,2022-01-20 08:00,-10.8,,.6,270,88,0,,0,,-8.2
238,금산,2022-01-20 09:00,-8.6,,0,0,83,.9,,0,,-6
238,금산,2022-01-20 10:00,-6.7,,.6,160,73,1,,0,,-1.1
238,금산,2022-01-20 11:00,-4,,.4,0,65,1,,2,,3.6
238,금산,2022-01-20 12:00,-2.1,,1.1,160,55,1,,1,,7.7
238,금산,2022-01-20 13:00,.3,,.7,160,45,1,,0,,11.3
238,금산,2022-01-20 14:00,1.7,,1.2,340,42,1,,0,,12.4
238,금산,2022-01-20 15:00,2.6,,1.3,340,35,1,,0,,11.2
238,금산,2022-01-20 16:00,2.6,,1.3,340,36,1,,0,,7.1
238,금산,2022-01-20 17:00,1.3,,1.7,340,35,1,,0,,.1
238,금산,2022-01-20 18:00,-1.3,,.9,270,45,.2,,0,,-1.8
238,금산,2022-01-20 19:00,-3.2,,.9,270,56,,,0,,-3.2
238,금산,2022-01-20 20:00,-4.2,,1.2,270,59,,,0,,-4
238,금산,2022-01-20 21:00,-5.3,,.3,0,65,,,0,,-5
238,금산,2022-01-20 22:00,-6.9,,.1,0,69,,,0,,-5.7
238,금산,2022-01-20 23:00,-7.2,,.3,0,71,,,0,,-6.2
238,금산,2022-01-21 00:00,-7.8,,0,0,75,,,0,,-6.8
238,금산,2022-01-21 01:00,-8.9,,.3,0,78,,,0,,-7.3
238,금산,2022-01-21 02:00,-9.5,,.5,270,80,,,0,,-7.9
238,금산,2022-01-21 03:00,-10.2,,.3,0,83,,,0,,-8.3
238,금산,2022-01-21 04:00,-10.9,,.4,0,85,,,0,,-8.7
238,금산,2022-01-21 05:00,-11.3,,.1,0,86,,,3,,-9.1
238,금산,2022-01-21 06:00,-12,,.3,0,87,,,8,,-9.5
238,금산,2022-01-21 07:00,-12.2,,.5,270,88,,,0,,-9.8
238,금산,2022-01-21 08:00,-12.5,,.2,0,86,.2,,10,,-9.7
238,금산,2022-01-21 09:00,-9.4,,.3,0,83,1,,0,,-7.6
238,금산,2022-01-21 10:00,-6.9,,.5,180,74,1,,0,,-1.3
238,금산,2022-01-21 11:00,-3.1,,.5,250,58,1,,2,,4.7
238,금산,2022-01-21 12:00,.8,,1,180,42,1,,0,,9.5
238,금산,2022-01-21 13:00,3.1,,.6,320,37,1,,0,,13.1
238,금산,2022-01-21 14:00,4.9,,.7,160,25,1,,1,,14.1
238,금산,2022-01-21 15:00,5.8,,1.1,140,21,1,,3,,12.9
238,금산,2022-01-21 16:00,6.4,,.6,290,21,1,,1,,9
238,금산,2022-01-21 17:00,4.8,,.9,270,29,1,,3,,1.2
238,금산,2022-01-21 18:00,.7,,1.1,290,42,.1,,6,,-1.4
238,금산,2022-01-21 19:00,-1,,0,0,47,,,4,,-2.7
238,금산,2022-01-21 20:00,-2.4,,0,0,55,,,8,,-3.4
238,금산,2022-01-21 21:00,-3.8,,0,0,63,,,8,,-3.9
238,금산,2022-01-21 22:00,-4.7,,0,0,68,,,8,,-4.5
238,금산,2022-01-21 23:00,-5.5,,.1,0,70,,,4,,-5
238,금산,2022-01-22 00:00,-5.6,,.2,0,72,,,2,,-4.7
238,금산,2022-01-22 01:00,-4.6,,.1,0,69,,,9,,-2.6
238,금산,2022-01-22 02:00,-3.9,,.2,0,66,,,9,,-2.2
238,금산,2022-01-22 03:00,-3.7,,0,0,65,,,0,,-2.3
238,금산,2022-01-22 04:00,-3.3,,.3,0,66,,,0,,-2
238,금산,2022-01-22 05:00,-2.9,,.5,290,65,,,0,,-1.8
238,금산,2022-01-22 06:00,-2.9,,.5,290,64,,,10,,-1.8
238,금산,2022-01-22 07:00,-2.5,,.2,0,65,,,0,,-1.7
238,금산,2022-01-22 08:00,-2.2,,.3,0,66,0,,2,,-1.3
238,금산,2022-01-22 09:00,-1.3,,.1,0,60,0,,10,,-.1
238,금산,2022-01-22 10:00,0,,.5,110,50,0,,10,,1.5
238,금산,2022-01-22 11:00,2.6,,.9,140,44,.2,,8,,5.8
238,금산,2022-01-22 12:00,5.6,,1,50,38,.8,,8,,11.2
238,금산,2022-01-22 13:00,6.9,,.3,0,39,.1,,8,,9.4
238,금산,2022-01-22 14:00,8.4,,.4,0,39,.4,,8,,11.9
238,금산,2022-01-22 15:00,9.1,,.7,340,43,0,,10,,9.9
238,금산,2022-01-22 16:00,9,,1.1,50,49,0,,9,,7.8
238,금산,2022-01-22 17:00,8.3,,.9,50,59,0,,10,,5
238,금산,2022-01-22 18:00,6.7,0,.1,0,71,0,,9,,2.8
238,금산,2022-01-22 19:00,4.9,,1.2,270,77,,,8,,1.7
238,금산,2022-01-22 20:00,4.3,,.1,0,79,,,9,,1.4
238,금산,2022-01-22 21:00,4.1,0,.6,270,79,,,8,,1.4
238,금산,2022-01-22 22:00,3.7,,.6,230,82,,,9,,.9
238,금산,2022-01-22 23:00,3.4,,.1,0,82,,,9,,1.1
238,금산,2022-01-23 00:00,3.1,0,0,0,82,,,10,,.9
238,금산,2022-01-23 01:00,2.9,,.3,0,82,,,10,,1.1
238,금산,2022-01-23 02:00,2.8,,.2,0,83,,,10,,.8
238,금산,2022-01-23 03:00,2.5,,.5,320,86,,,10,,-.2
238,금산,2022-01-23 04:00,1.7,,.3,0,87,,,10,,-.5
238,금산,2022-01-23 05:00,.6,,.8,290,91,,,7,,-.3
238,금산,2022-01-23 06:00,.9,,.3,0,90,,,9,,-.5
238,금산,2022-01-23 07:00,.4,,.3,0,91,,,9,,-.4
238,금산,2022-01-23 08:00,-.8,,.1,0,94,0,,7,,-1.3
238,금산,2022-01-23 09:00,.9,,.1,0,88,.5,,3,,-.3
238,금산,2022-01-23 10:00,4,,.2,0,64,1,,5,,2
238,금산,2022-01-23 11:00,5.4,,.9,270,59,.2,,10,,7.5
238,금산,2022-01-23 12:00,8.1,,.5,20,52,0,,9,,13.9
238,금산,2022-01-23 13:00,8.6,,1.5,340,51,0,,9,,14.4
238,금산,2022-01-23 14:00,9.2,,1.8,340,52,.6,,8,,14.4
238,금산,2022-01-23 15:00,9.3,,1.5,340,47,.1,,8,,12
238,금산,2022-01-23 16:00,8.5,,.9,320,43,0,,9,,8.6
238,금산,2022-01-23 17:00,7.9,,1.4,290,44,0,,8,,6.1
238,금산,2022-01-23 18:00,6.3,,.9,290,49,0,,7,,1.7
238,금산,2022-01-23 19:00,3.1,,1,270,61,,,6,,-.8
238,금산,2022-01-23 20:00,1.4,,1,270,67,,,4,,-.9
238,금산,2022-01-23 21:00,-.2,,.7,270,72,,,1,,-1.6
238,금산,2022-01-23 22:00,-.9,,0,0,77,,,4,,-2.2
238,금산,2022-01-23 23:00,-1.6,,.3,0,79,,,0,,-2.3
238,금산,2022-01-24 00:00,-2.2,,.2,0,82,,,0,,-2.9
238,금산,2022-01-24 01:00,-3,,.3,0,84,,,9,,-3.2
238,금산,2022-01-24 02:00,-3.3,,.1,0,85,,,0,,-3.5
238,금산,2022-01-24 03:00,-3.7,,.4,0,87,,,0,,-3.8
238,금산,2022-01-24 04:00,-4.1,,.1,0,89,,,0,,-4.1
238,금산,2022-01-24 05:00,-4.5,,.1,0,90,,,0,,-4.4
238,금산,2022-01-24 06:00,-4.4,,.3,0,91,,,3,,-3.8
238,금산,2022-01-24 07:00,-3.8,,.1,0,89,,,0,,-2.7
238,금산,2022-01-24 08:00,-3.3,,0,0,87,0,,0,,-3.1
238,금산,2022-01-24 09:00,-.5,,0,0,79,.9,,4,,-1.5
238,금산,2022-01-24 10:00,3.4,,1.2,140,67,.5,,5,,.7
238,금산,2022-01-24 11:00,5.7,,2.5,90,57,0,,7,,4.8
238,금산,2022-01-24 12:00,6.5,,2.3,90,53,.1,,7,,8.5
238,금산,2022-01-24 13:00,7.5,,2.4,90,51,.2,,8,,13.5
238,금산,2022-01-24 14:00,7.2,,2.5,140,51,.2,,8,,10.5
238,금산,2022-01-24 15:00,7.5,,1.9,110,50,0,,9,,9.7
238,금산,2022-01-24 16:00,7.3,,2.1,90,48,0,,9,,7.9
238,금산,2022-01-24 17:00,6.7,,2.3,90,48,0,,8,,5.3
238,금산,2022-01-24 18:00,6.3,,2,110,50,0,,0,,3.5
238,금산,2022-01-24 19:00,5.8,,1.8,110,51,,,6,,2.8
238,금산,2022-01-24 20:00,5.5,,2.1,110,51,,,2,,2.5
238,금산,2022-01-24 21:00,5.1,,1.4,110,52,,,9,,2.2
238,금산,2022-01-24 22:00,4.7,,1.2,110,54,,,9,,2
238,금산,2022-01-24 23:00,4.2,,.6,250,56,,,3,,1.8
238,금산,2022-01-25 00:00,4,,.9,180,58,,,4,,1.7
238,금산,2022-01-25 01:00,3.6,,.5,160,60,,,10,,1.5
238,금산,2022-01-25 02:00,3.1,,0,0,65,,,9,,1.4
238,금산,2022-01-25 03:00,2.6,,.1,0,68,,,10,,1.3
238,금산,2022-01-25 04:00,2.4,,.2,0,68,,,10,,1.3
238,금산,2022-01-25 05:00,2.2,,.6,270,71,,,10,,1.2
238,금산,2022-01-25 06:00,2.2,0,.3,0,70,,,10,,1.3
238,금산,2022-01-25 07:00,2,,.4,0,76,,,9,,1.1
238,금산,2022-01-25 08:00,2,,1.1,110,82,0,,10,,1.2
238,금산,2022-01-25 09:00,1.9,0,1.3,110,86,0,,10,,1.9
238,금산,2022-01-25 10:00,2.2,,.5,160,87,0,,9,,3.9
238,금산,2022-01-25 11:00,2.9,,.4,0,88,0,,9,,6
238,금산,2022-01-25 12:00,3.8,0,.5,340,83,0,,9,,6.5
238,금산,2022-01-25 13:00,3.8,,.8,340,86,0,,9,,5.1
238,금산,2022-01-25 14:00,4.1,,.3,0,87,0,,9,,4.7
238,금산,2022-01-25 15:00,4.1,.1,.4,0,92,0,,10,,4.7
238,금산,2022-01-25 16:00,3.9,,.5,110,95,0,,10,,4.3
238,금산,2022-01-25 17:00,3.8,,.4,0,97,0,,3,,3.7
238,금산,2022-01-25 18:00,3.7,.5,0,0,97,0,,9,,3.1
238,금산,2022-01-25 19:00,3.4,,.3,0,98,,,2,,2.7
238,금산,2022-01-25 20:00,3.2,,.6,250,93,,,0,,2.1
238,금산,2022-01-25 21:00,2.7,0,1.2,290,84,,,0,,.4
238,금산,2022-01-25 22:00,2.6,,1,250,83,,,1,,-.6
238,금산,2022-01-25 23:00,1.7,,1,250,86,,,0,,-.2
238,금산,2022-01-26 00:00,1.2,,.6,320,89,,,6,,-.1
238,금산,2022-01-26 01:00,1.5,,.5,340,87,,,2,,0
238,금산,2022-01-26 02:00,1.6,,.9,340,85,,,0,,0
238,금산,2022-01-26 03:00,1.9,,1.5,290,77,,,0,,0
238,금산,2022-01-26 04:00,1.6,,1.3,290,74,,,7,,0
238,금산,2022-01-26 05:00,1.7,,1.1,270,69,,,9,,0
238,금산,2022-01-26 06:00,1.6,,1.4,290,69,,,9,,-.1
238,금산,2022-01-26 07:00,1.4,,1.1,290,68,,,3,,-.1
238,금산,2022-01-26 08:00,1.3,,.9,290,70,0,,2,,-.1
238,금산,2022-01-26 09:00,1.8,,1.6,290,69,0,,,,.2
238,금산,2022-01-26 10:00,2.1,,2.3,290,67,0,,9,,2.1
238,금산,2022-01-26 11:00,3.1,,.4,0,63,.2,,9,,7
238,금산,2022-01-26 12:00,3.6,,1.8,290,61,0,,10,,7.1
238,금산,2022-01-26 13:00,5.4,,1.6,290,54,.4,,9,,11.9
238,금산,2022-01-26 14:00,5.6,,2.6,270,52,.4,,9,,12.4
238,금산,2022-01-26 15:00,6,,2.5,290,48,.6,,9,,13.9
238,금산,2022-01-26 16:00,5.6,,1.4,290,51,.9,,7,,9.9
238,금산,2022-01-26 17:00,4.8,,1.2,320,53,.5,,6,,4.7
238,금산,2022-01-26 18:00,2.4,,.9,270,65,0,,6,,.5
238,금산,2022-01-26 19:00,.6,,1,270,73,,,6,,-.3
238,금산,2022-01-26 20:00,-.5,,.1,0,79,,,7,,-.9
238,금산,2022-01-26 21:00,-.9,,.2,0,80,,,10,,-1.2
238,금산,2022-01-26 22:00,-.2,,.1,0,79,,,9,,-.8
238,금산,2022-01-26 23:00,-.6,,.2,0,80,,,9,,-1.2
238,금산,2022-01-27 00:00,-1.4,,.3,0,83,,,6,,-1.9
238,금산,2022-01-27 01:00,-2.2,,.6,270,81,,,8,,-2.5
238,금산,2022-01-27 02:00,-3,,0,0,84,,,8,,-2.5
238,금산,2022-01-27 03:00,-3.1,,.4,0,83,,,9,,-2.2
238,금산,2022-01-27 04:00,-3.4,,.4,0,86,,,7,,-2.6
238,금산,2022-01-27 05:00,-3.9,,.6,250,87,,,10,,-3.7
238,금산,2022-01-27 06:00,-4.6,,.3,0,90,,,8,,-4.2
238,금산,2022-01-27 07:00,-5.5,,.5,230,90,,,0,,-5
238,금산,2022-01-27 08:00,-5.9,,.2,0,91,0,,4,,-5
238,금산,2022-01-27 09:00,-4.1,,.2,0,89,.9,,0,,-2.6
238,금산,2022-01-27 10:00,-.9,,.7,160,75,1,,6,,.5
238,금산,2022-01-27 11:00,1.1,,.5,110,62,.9,,6,,4.9
238,금산,2022-01-27 12:00,3.5,,1.2,290,43,1,,4,,10.4
238,금산,2022-01-27 13:00,5.1,,1.6,320,34,1,,1,,14.9
238,금산,2022-01-27 14:00,5.6,,2.7,360,26,1,,4,,15.9
238,금산,2022-01-27 15:00,5.8,,2.3,340,36,1,,0,,14.3
238,금산,2022-01-27 16:00,5.8,,1.9,340,34,1,,3,,11
238,금산,2022-01-27 17:00,4.7,,2.1,320,38,1,,1,,4.9
238,금산,2022-01-27 18:00,2.8,,1.4,290,41,.3,,0,,.3
238,금산,2022-01-27 19:00,.7,,.2,0,50,,,0,,-1
238,금산,2022-01-27 20:00,-1,,.7,270,57,,,0,,-2
238,금산,2022-01-27 21:00,-2.2,,1.1,290,62,,,0,,-2.9
238,금산,2022-01-27 22:00,-2.9,,.9,270,70,,,0,,-3.4
238,금산,2022-01-27 23:00,-3.8,,0,0,74,,,0,,-4
238,금산,2022-01-28 00:00,-4.6,,.2,0,77,,,0,,-4.7
238,금산,2022-01-28 01:00,-5,,0,0,79,,,10,,-5
238,금산,2022-01-28 02:00,-5.5,,0,0,82,,,4,,-5.4
238,금산,2022-01-28 03:00,-5.9,,.1,0,82,,,5,,-5.8
238,금산,2022-01-28 04:00,-6.8,,.1,0,84,,,6,,-5.9
238,금산,2022-01-28 05:00,-7.2,,0,0,87,,,10,,-6.3
238,금산,2022-01-28 06:00,-7.5,,.3,0,87,,,6,,-6.7
238,금산,2022-01-28 07:00,-7.9,,.2,0,89,,,2,,-7.2
238,금산,2022-01-28 08:00,-8.4,,0,0,90,0,,0,,-7.2
238,금산,2022-01-28 09:00,-5.3,,.3,0,83,1,,0,,-4.6
238,금산,2022-01-28 10:00,-2.7,,.6,180,70,1,,0,,.2
238,금산,2022-01-28 11:00,.1,,1.8,320,39,1,,2,,5.5
238,금산,2022-01-28 12:00,1.1,,2.3,290,38,1,,1,,10.1
238,금산,2022-01-28 13:00,2.9,,2.3,340,32,1,,0,,13.6
238,금산,2022-01-28 14:00,4.2,,1.9,340,31,1,,0,,14.7
238,금산,2022-01-28 15:00,3.5,,2.5,320,32,1,,0,,13.2
238,금산,2022-01-28 16:00,3.5,,2.5,270,31,1,,1,,9.7
238,금산,2022-01-28 17:00,2.8,,1.9,290,34,1,,2,,3.3
238,금산,2022-01-28 18:00,1.6,,1.5,290,39,.2,,6,,-.4
238,금산,2022-01-28 19:00,-.1,,1.2,290,48,,,5,,-1.3
238,금산,2022-01-28 20:00,-.8,,.5,270,52,,,4,,-2.5
238,금산,2022-01-28 21:00,-1.1,,1.2,340,48,,,8,,-2.3
238,금산,2022-01-28 22:00,-2.4,,.4,0,53,,,3,,-3.4
238,금산,2022-01-28 23:00,-2.9,,.3,0,57,,,9,,-3.5
238,금산,2022-01-29 00:00,-4,,.1,0,66,,,9,,-3.3
238,금산,2022-01-29 01:00,-4,,.3,0,66,,,9,,-3.4
238,금산,2022-01-29 02:00,-3.7,,.3,0,68,,,10,,-3.1
238,금산,2022-01-29 03:00,-4,,.5,110,69,,,8,,-4
238,금산,2022-01-29 04:00,-3.7,,.5,270,70,,,10,,-3.8
238,금산,2022-01-29 05:00,-3.6,,.7,290,66,,,9,,-3.9
238,금산,2022-01-29 06:00,-4.5,,.6,270,71,,,9,,-4.6
238,금산,2022-01-29 07:00,-4.9,,.6,340,73,,,8,,-5.5
238,금산,2022-01-29 08:00,-6,,.5,290,79,0,,9,,-5.6
238,금산,2022-01-29 09:00,-4.9,,.3,0,73,.3,,4,,-4.6
238,금산,2022-01-29 10:00,-2.3,,.8,50,45,1,,0,,.1
238,금산,2022-01-29 11:00,-1,,1.1,320,38,1,,1,,5.6
238,금산,2022-01-29 12:00,1.2,,1.4,360,34,1,,3,,10.1
238,금산,2022-01-29 13:00,1.9,,1.9,290,30,1,,2,,13.7
238,금산,2022-01-29 14:00,1.9,,3.2,320,33,1,,0,,13.9
238,금산,2022-01-29 15:00,3,,2.4,290,32,1,,0,,13.5
238,금산,2022-01-29 16:00,3,,2.5,290,27,1,,2,,9.7
238,금산,2022-01-29 17:00,2.3,,2.2,290,29,1,,2,,3.2
238,금산,2022-01-29 18:00,.6,,1.3,290,32,.3,,6,,-1.4
238,금산,2022-01-29 19:00,-.4,,3.3,290,30,,,7,,-1.3
238,금산,2022-01-29 20:00,-1.2,,1.6,290,35,,,8,,-1.8
238,금산,2022-01-29 21:00,-2.2,,1,290,38,,,10,,-2.7
238,금산,2022-01-29 22:00,-2.4,,.3,0,39,,,9,,-2.4
238,금산,2022-01-29 23:00,-3.2,,.7,270,48,,,10,,-2.9
238,금산,2022-01-30 00:00,-3.6,,0,0,53,,,9,,-2.6
238,금산,2022-01-30 01:00,-4.4,,.1,0,60,,,9,,-3.4
238,금산,2022-01-30 02:00,-4.4,,.1,0,61,,,9,,-3.4
238,금산,2022-01-30 03:00,-5.7,,.3,0,64,,,7,,-4.5
238,금산,2022-01-30 04:00,-6.1,,.6,270,68,,,10,,-4.2
238,금산,2022-01-30 05:00,-6.2,,.1,0,71,,,5,,-5.6
238,금산,2022-01-30 06:00,-7.5,,.5,290,75,,,5,,-6.2
238,금산,2022-01-30 07:00,-8.1,,.4,0,76,,,0,,-6.9
238,금산,2022-01-30 08:00,-8.1,,.1,0,80,.2,,5,,-6.4
238,금산,2022-01-30 09:00,-5.6,,.5,160,68,1,,0,,-4.3
238,금산,2022-01-30 10:00,-3.2,,.6,140,60,1,,1,,.1
238,금산,2022-01-30 11:00,-.6,,.4,0,43,1,,4,,5.9
238,금산,2022-01-30 12:00,.8,,.9,290,37,1,,6,,8.3
238,금산,2022-01-30 13:00,2.6,,2.1,320,25,1,,6,,12.8
238,금산,2022-01-30 14:00,3.5,,2.7,320,23,1,,2,,13.8
238,금산,2022-01-30 15:00,3.8,,3.2,290,27,1,,2,,12.8
238,금산,2022-01-30 16:00,3.5,,2.4,290,25,1,,0,,9.8
238,금산,2022-01-30 17:00,2.6,,2.4,290,26,1,,0,,3.1
238,금산,2022-01-30 18:00,1.4,,2.4,290,31,.4,,0,,-1.4
238,금산,2022-01-30 19:00,-.1,,1.1,290,39,,,0,,-1.9
238,금산,2022-01-30 20:00,-1.1,,1.2,290,37,,,0,,-3.1
238,금산,2022-01-30 21:00,-2.6,,.2,0,41,,,0,,-4.1
238,금산,2022-01-30 22:00,-4.5,,0,0,55,,,0,,-4.9
238,금산,2022-01-30 23:00,-5.5,,0,0,59,,,0,,-5.5
238,금산,2022-01-31 00:00,-6.4,,.1,0,62,,,0,,-5.9
238,금산,2022-01-31 01:00,-6.6,,.1,0,65,,,0,,-6.5
238,금산,2022-01-31 02:00,-7.6,,.4,0,70,,,0,,-7
238,금산,2022-01-31 03:00,-8.3,,.7,290,73,,,0,,-7.5
238,금산,2022-01-31 04:00,-8.9,,.1,0,78,,,0,,-7.9
238,금산,2022-01-31 05:00,-9.5,,.2,0,79,,,0,,-8.4
238,금산,2022-01-31 06:00,-10,,0,0,82,,,0,,-8.8
238,금산,2022-01-31 07:00,-10.6,,.1,0,82,,,0,,-9
238,금산,2022-01-31 08:00,-10.5,,.4,0,84,.3,,2,,-8.7
238,금산,2022-01-31 09:00,-7.4,,.5,340,74,1,,0,,-6.4
238,금산,2022-01-31 10:00,-4.8,,.4,0,65,1,,0,,.2
238,금산,2022-01-31 11:00,.3,,1.2,110,49,1,,3,,6.5
238,금산,2022-01-31 12:00,2.1,,.6,110,32,1,,0,,12.1
238,금산,2022-01-31 13:00,4,,1,110,27,1,,0,,16
238,금산,2022-01-31 14:00,5.4,,1.9,360,26,1,,0,,16.1
238,금산,2022-01-31 15:00,5.3,,.9,250,31,1,,0,,14.8
238,금산,2022-01-31 16:00,5.3,,2.5,290,31,1,,0,,10.8
238,금산,2022-01-31 17:00,4.4,,1.9,270,36,1,,0,,4.2
238,금산,2022-01-31 18:00,2.6,,1.5,290,44,.4,,0,,-1.1
238,금산,2022-01-31 19:00,1.2,,.1,0,53,,,0,,-1.8
238,금산,2022-01-31 20:00,-.2,,.6,270,61,,,0,,-2.7
238,금산,2022-01-31 21:00,-.9,,.4,0,66,,,0,,-3.2
238,금산,2022-01-31 22:00,-.5,,1.3,140,64,,,0,,-2.9
238,금산,2022-01-31 23:00,-.9,,.7,50,66,,,10,,-1.1
238,금산,2022-02-01 00:00,-1.2,0,.9,290,73,,,9,,-.9
238,금산,2022-02-01 01:00,-.8,,.5,90,86,,.5,9,,-.6
238,금산,2022-02-01 02:00,.8,,1.6,340,83,,.7,9,,-.4
238,금산,2022-02-01 03:00,.6,.6,1.2,320,77,,.7,9,,-.6
238,금산,2022-02-01 04:00,.5,,1.1,320,72,,.7,7,,-.7
238,금산,2022-02-01 05:00,-.1,,.7,290,79,,.7,10,,-1
238,금산,2022-02-01 06:00,.3,,2.3,270,63,,.7,9,,-1.6
238,금산,2022-02-01 07:00,.3,,3,290,57,,.7,6,,-1.4
238,금산,2022-02-01 08:00,-.4,,1.4,290,62,0,.7,6,,-2.1
238,금산,2022-02-01 09:00,.7,,3.6,290,55,.6,.6,9,,-.5
238,금산,2022-02-01 10:00,-.1,,2.8,290,74,.1,.5,10,,.1
238,금산,2022-02-01 11:00,-.2,,2,290,84,0,.4,9,,1.4
238,금산,2022-02-01 12:00,.6,.1,2.8,290,72,.1,,10,,2.3
238,금산,2022-02-01 13:00,.2,,2.9,320,76,.1,,7,,2.9
238,금산,2022-02-01 14:00,1.2,,3.7,290,64,.3,,10,,5.3
238,금산,2022-02-01 15:00,.9,.4,4.7,290,66,.1,,9,,3.4
238,금산,2022-02-01 16:00,.9,,3,290,65,.2,,10,,2.6
238,금산,2022-02-01 17:00,.4,,3,290,66,0,,8,,.1
238,금산,2022-02-01 18:00,0,,2.1,290,66,0,,9,,-.4
238,금산,2022-02-01 19:00,-.5,,1.9,290,64,,,1,,-1.3
238,금산,2022-02-01 20:00,-1.8,,.6,270,71,,,0,,-2.1
238,금산,2022-02-01 21:00,-2.9,,.6,270,79,,,3,,-2.2
238,금산,2022-02-01 22:00,-3,,.5,250,80,,,0,,-2.3
238,금산,2022-02-01 23:00,-2.4,,.6,250,77,,,1,,-2.3
238,금산,2022-02-02 00:00,-1.3,,.3,0,69,,,10,,-1.6
238,금산,2022-02-02 01:00,-1.6,,.5,270,75,,,1,,-1.4
238,금산,2022-02-02 02:00,-1.4,,.4,0,71,,,0,,-1.3
238,금산,2022-02-02 03:00,-1.2,,1.3,320,71,,,6,,-1.4
238,금산,2022-02-02 04:00,-1.3,,.8,340,69,,,9,,-1.5
238,금산,2022-02-02 05:00,-1.3,,.4,0,68,,,9,,-1.5
238,금산,2022-02-02 06:00,-1.3,,.4,0,66,,,9,,-1.4
238,금산,2022-02-02 07:00,-1.4,,0,0,70,,,8,,-1.4
238,금산,2022-02-02 08:00,-1.5,,.2,0,72,0,,9,,-1.4
238,금산,2022-02-02 09:00,-.7,,.3,0,67,0,,9,,-.2
238,금산,2022-02-02 10:00,.5,,1.9,290,58,.3,,8,,1.5
238,금산,2022-02-02 11:00,.8,,2.9,290,55,.6,,8,,1.4
238,금산,2022-02-02 12:00,2.5,,2.4,320,47,.7,,6,,8.9
238,금산,2022-02-02 13:00,2.7,,2.5,340,44,.8,,3,,10.1
238,금산,2022-02-02 14:00,3.2,,2.8,320,34,1,,6,,13.2
238,금산,2022-02-02 15:00,3.2,,2.2,320,37,1,,3,,13.4
238,금산,2022-02-02 16:00,2.7,,2.8,270,38,1,,0,,9.8
238,금산,2022-02-02 17:00,1.9,,2.3,270,37,1,,0,,4
238,금산,2022-02-02 18:00,.2,,1.5,320,37,.4,,0,,-.3
238,금산,2022-02-02 19:00,-1.1,,1.3,320,37,,,0,,-1.5
238,금산,2022-02-02 20:00,-3,,.7,270,53,,,4,,-2.9
238,금산,2022-02-02 21:00,-4.2,,.9,270,60,,,4,,-3.6
238,금산,2022-02-02 22:00,-3.7,,.4,0,57,,,9,,-2.5
238,금산,2022-02-02 23:00,-2.2,,.5,320,55,,,9,,-1.8
238,금산,2022-02-03 00:00,-3.3,,.1,0,61,,,5,,-3.9
238,금산,2022-02-03 01:00,-3.7,,.4,0,64,,,10,,-3.3
238,금산,2022-02-03 02:00,-3.7,,.4,0,65,,,10,,-2.1
238,금산,2022-02-03 03:00,-3.8,,.4,0,66,,,10,,-2.2
238,금산,2022-02-03 04:00,-4,,.4,0,69,,,8,,-3.5
238,금산,2022-02-03 05:00,-4.9,,.5,290,72,,,10,,-4.7
238,금산,2022-02-03 06:00,-5.8,,.1,0,77,,,0,,-5.1
238,금산,2022-02-03 07:00,-6.1,,.3,0,81,,,0,,-6.2
238,금산,2022-02-03 08:00,-6.3,,.2,0,83,0,,0,,-6.1
238,금산,2022-02-03 09:00,-3.4,,.5,110,71,1,,0,,-3.8
238,금산,2022-02-03 10:00,-.8,,.9,360,53,1,,0,,.8
238,금산,2022-02-03 11:00,.8,,2.8,290,45,1,,1,,6.6
238,금산,2022-02-03 12:00,2,,2.4,340,37,1,,0,,11
238,금산,2022-02-03 13:00,3,,2.3,290,36,1,,2,,14.9
238,금산,2022-02-03 14:00,2.5,,3,290,31,1,,0,,15.4
238,금산,2022-02-03 15:00,2.8,,2.9,270,30,1,,0,,14.5
238,금산,2022-02-03 16:00,2.9,,2.6,290,29,1,,0,,11
238,금산,2022-02-03 17:00,2,,2.8,290,27,1,,0,,4.4
238,금산,2022-02-03 18:00,.3,,2.7,290,32,.5,,0,,-.5
238,금산,2022-02-03 19:00,-.8,,3.1,290,31,,,0,,-1.6
238,금산,2022-02-03 20:00,-2,,2.2,290,33,,,0,,-2.8
238,금산,2022-02-03 21:00,-2.9,,1.5,290,38,,,4,,-3.4
238,금산,2022-02-03 22:00,-3.8,,1.5,290,43,,,10,,-3.9
238,금산,2022-02-03 23:00,-4.1,,1.2,290,46,,,10,,-3.6
238,금산,2022-02-04 00:00,-4.7,,0,0,52,,,10,,-4.3
238,금산,2022-02-04 01:00,-4.8,,.1,0,55,,,10,,-4.3
238,금산,2022-02-04 02:00,-5,,.1,0,55,,,10,,-4
238,금산,2022-02-04 03:00,-5.9,,.3,0,62,,,8,,-5.2
238,금산,2022-02-04 04:00,-6,,.2,0,64,,,8,,-5.6
238,금산,2022-02-04 05:00,-6.6,,.5,320,66,,,8,,-5.4
238,금산,2022-02-04 06:00,-6.1,,.2,0,66,,,3,,-4.1
238,금산,2022-02-04 07:00,-6.1,,.4,0,68,,,6,,-4.5
238,금산,2022-02-04 08:00,-5.6,,.5,290,68,0,,10,,-3.1
238,금산,2022-02-04 09:00,-4.6,0,.2,0,70,0,,8,,-.6
238,금산,2022-02-04 10:00,-3.4,,.5,140,75,.2,,7,,.7
238,금산,2022-02-04 11:00,-.9,,1.6,340,64,.8,,6,,4.6
238,금산,2022-02-04 12:00,.4,0,3.9,290,50,.5,,8,,8.4
238,금산,2022-02-04 13:00,.2,,3.2,320,50,.9,,9,,10
238,금산,2022-02-04 14:00,.1,,2.3,320,56,.4,,8,,6.4
238,금산,2022-02-04 15:00,1.8,,2.8,290,37,.7,,8,,11.8
238,금산,2022-02-04 16:00,1.2,,4.7,290,36,.8,,7,,7.2
238,금산,2022-02-04 17:00,-.1,,3.5,320,46,.9,,6,,2.4
238,금산,2022-02-04 18:00,-1.6,,3.2,290,48,.2,,7,,-1.6
238,금산,2022-02-04 19:00,-2.8,,4.1,290,61,0,,8,,-1.3
238,금산,2022-02-04 20:00,-3.6,,3,290,56,,,0,,-2.9
238,금산,2022-02-04 21:00,-3.6,,3.2,290,58,,,1,,-3
238,금산,2022-02-04 22:00,-3.8,,2.6,320,64,,,9,,-2.5
238,금산,2022-02-04 23:00,-4.2,,2.7,290,70,,,2,,-3.6
238,금산,2022-02-05 00:00,-4.6,,2.9,290,73,,,6,,-4.1
238,금산,2022-02-05 01:00,-4.9,,3,290,73,,,0,,-4.8
238,금산,2022-02-05 02:00,-5,,2.6,290,76,,,3,,-4.1
238,금산,2022-02-05 03:00,-5.3,,2.1,290,76,,,1,,-4
238,금산,2022-02-05 04:00,-6.8,,1.7,340,78,,,1,,-5.9
238,금산,2022-02-05 05:00,-7.9,,.9,290,81,,,2,,-6.8
238,금산,2022-02-05 06:00,-8.1,,1.1,360,80,,,0,,-7.4
238,금산,2022-02-05 07:00,-7.8,,1.1,270,76,,,0,,-7.7
238,금산,2022-02-05 08:00,-7.2,,1.6,290,73,.2,,0,,-7.2
238,금산,2022-02-05 09:00,-5.9,,2.4,290,61,1,,0,,-5.3
238,금산,2022-02-05 10:00,-4.9,,2.9,290,49,1,,0,,.3
238,금산,2022-02-05 11:00,-3.5,,3.3,320,41,1,,2,,4.8
238,금산,2022-02-05 12:00,-2.6,,3.7,290,39,1,,0,,9.1
238,금산,2022-02-05 13:00,-1.6,,4.1,290,36,1,,7,,11.8
238,금산,2022-02-05 14:00,-1.5,,3.5,290,40,.7,,7,,6.2
238,금산,2022-02-05 15:00,-.8,,3.1,290,43,.4,,9,,7.1
238,금산,2022-02-05 16:00,-.4,,4,270,43,.8,,7,,7.6
238,금산,2022-02-05 17:00,-1.4,,3.3,290,50,.3,,8,,.9
238,금산,2022-02-05 18:00,-3.3,0,3,290,69,0,.2,9,,-.7
238,금산,2022-02-05 19:00,-3.6,,3.3,320,68,0,.2,9,,-1.6
238,금산,2022-02-05 20:00,-4.1,,2.5,290,67,,,6,,-2.2
238,금산,2022-02-05 21:00,-4.4,,2.4,290,67,,,8,,-2.6
238,금산,2022-02-05 22:00,-4.5,,2.1,290,69,,,9,,-2.3
238,금산,2022-02-05 23:00,-4.7,,2.4,290,72,,,6,,-3
238,금산,2022-02-06 00:00,-5.2,0,1.4,290,74,,,9,,-3.6
238,금산,2022-02-06 01:00,-5.9,,.8,290,76,,,0,,-4.9
238,금산,2022-02-06 02:00,-7.8,,.3,0,84,,,0,,-6
238,금산,2022-02-06 03:00,-8.2,,.5,320,86,,,0,,-6.2
238,금산,2022-02-06 04:00,-8.4,,.1,0,85,,,0,,-7.2
238,금산,2022-02-06 05:00,-9.6,,0,0,89,,,1,,-7.8
238,금산,2022-02-06 06:00,-10.4,,.1,0,89,,,0,,-8.1
238,금산,2022-02-06 07:00,-10.6,,.2,0,88,,,0,,-8.4
238,금산,2022-02-06 08:00,-10.5,,.1,0,88,0,,9,,-7.2
238,금산,2022-02-06 09:00,-8.2,,.4,0,85,.4,,6,,-5
238,금산,2022-02-06 10:00,-5,,.3,0,72,.4,,6,,.7
238,금산,2022-02-06 11:00,-.9,,1.4,70,54,.7,,7,,6.5
238,금산,2022-02-06 12:00,-.3,,2.5,290,55,.2,,8,,4.6
238,금산,2022-02-06 13:00,1.1,,3.1,290,52,.5,,8,,10.1
238,금산,2022-02-06 14:00,1.2,,1.7,290,52,.2,,9,,5.9
238,금산,2022-02-06 15:00,.5,0,2,320,68,.3,,9,,5.7
238,금산,2022-02-06 16:00,-.6,,2,290,84,0,,9,,1.6
238,금산,2022-02-06 17:00,.1,,1.8,290,60,.6,,10,,-.4
238,금산,2022-02-06 18:00,-.2,0,2.4,290,53,.1,,4,,-1.5
238,금산,2022-02-06 19:00,-.9,,1.8,290,55,0,,0,,-2.4
238,금산,2022-02-06 20:00,-2.2,,1,290,61,,,0,,-3.6
238,금산,2022-02-06 21:00,-3.1,,1.3,290,69,,,0,,-4.4
238,금산,2022-02-06 22:00,-2.9,,2.1,290,63,,,0,,-4.5
238,금산,2022-02-06 23:00,-4.8,,.9,250,74,,,0,,-5.5
238,금산,2022-02-07 00:00,-3.6,,1.5,270,67,,,0,,-5.8
238,금산,2022-02-07 01:00,-5.9,,0,0,76,,,0,,-6.5
238,금산,2022-02-07 02:00,-7.1,,.3,0,80,,,0,,-7
238,금산,2022-02-07 03:00,-7.1,,.5,140,82,,,0,,-7.4
238,금산,2022-02-07 04:00,-7.7,,.3,0,84,,,0,,-7.9
238,금산,2022-02-07 05:00,-8.7,,.4,0,87,,,0,,-8.3
238,금산,2022-02-07 06:00,-9.4,,0,0,87,,,0,,-8.6
238,금산,2022-02-07 07:00,-10.1,,.4,0,89,,,0,,-8.8
238,금산,2022-02-07 08:00,-10,,.6,250,88,0,,0,,-8.4
238,금산,2022-02-07 09:00,-7.4,,.8,20,83,.6,,0,,-5.6
238,금산,2022-02-07 10:00,-4.9,,.8,50,75,.7,,9,,.3
238,금산,2022-02-07 11:00,-2.4,,.4,0,58,0,,10,,2.2
238,금산,2022-02-07 12:00,-1,,1.2,290,43,0,,10,,5.7
238,금산,2022-02-07 13:00,.3,,2.2,270,35,.6,,7,,8.3
238,금산,2022-02-07 14:00,.3,,.6,90,32,.5,,9,,8.6
238,금산,2022-02-07 15:00,1.3,,.6,320,29,0,,10,,5.7
238,금산,2022-02-07 16:00,1.2,,2,290,29,0,,10,,3.7
238,금산,2022-02-07 17:00,1,,.9,340,30,0,,10,,1.3
238,금산,2022-02-07 18:00,.6,,.6,50,32,0,,10,,-.8
238,금산,2022-02-07 19:00,.1,,.8,290,33,0,,10,,-.9
238,금산,2022-02-07 20:00,-.7,,.1,0,38,,,10,,-1.1
238,금산,2022-02-07 21:00,-.5,,.8,320,39,,,10,,-1.1
238,금산,2022-02-07 22:00,-.8,,.7,290,41,,,10,,-1.3
238,금산,2022-02-07 23:00,-1.3,,.5,250,45,,,9,,-1.5
238,금산,2022-02-08 00:00,-2.5,,.8,270,52,,,7,,-3
238,금산,2022-02-08 01:00,-4.2,,1.1,270,58,,,0,,-4.5
238,금산,2022-02-08 02:00,-5.4,,.3,0,62,,,0,,-5.3
238,금산,2022-02-08 03:00,-6.1,,.1,0,68,,,8,,-5.7
238,금산,2022-02-08 04:00,-6.9,,0,0,71,,,6,,-6.2
238,금산,2022-02-08 05:00,-7.6,,.3,0,72,,,0,,-6.6
238,금산,2022-02-08 06:00,-8.1,,.2,0,76,,,0,,-7
238,금산,2022-02-08 07:00,-8.5,,.2,0,78,,,9,,-6.5
238,금산,2022-02-08 08:00,-7.8,,.2,0,77,0,,8,,-5.4
238,금산,2022-02-08 09:00,-5.9,,.3,0,70,.2,,9,,-1.7
238,금산,2022-02-08 10:00,-4.4,,.4,0,64,0,,8,,.2
238,금산,2022-02-08 11:00,-1.3,,.2,0,54,.4,,8,,3.9
238,금산,2022-02-08 12:00,2.4,,1.1,50,52,.9,,6,,11.8
238,금산,2022-02-08 13:00,4.5,,2.3,290,43,1,,3,,16
238,금산,2022-02-08 14:00,4.8,,2.6,290,42,.9,,6,,16.6
238,금산,2022-02-08 15:00,5.1,,2.8,290,41,1,,0,,15.1
238,금산,2022-02-08 16:00,5.1,,1.6,270,42,1,,0,,11.4
238,금산,2022-02-08 17:00,4.7,,1.2,290,43,1,,0,,5.8
238,금산,2022-02-08 18:00,2.7,,.9,250,48,.5,,0,,-.7
238,금산,2022-02-08 19:00,-.2,,.8,270,59,0,,5,,-1.9
238,금산,2022-02-08 20:00,-1.1,,1.1,290,61,,,7,,-2.7
238,금산,2022-02-08 21:00,-1.6,,.9,270,64,,,10,,-3.3
238,금산,2022-02-08 22:00,-3,,.2,0,66,,,5,,-4.1
238,금산,2022-02-08 23:00,-4.1,,.1,0,70,,,5,,-4.5
238,금산,2022-02-09 00:00,-4,,.3,0,70,,,5,,-4.9
238,금산,2022-02-09 01:00,-5.2,,0,0,75,,,5,,-5.3
238,금산,2022-02-09 02:00,-6.2,,.2,0,79,,,7,,-6.1
238,금산,2022-02-09 03:00,-7,,.2,0,82,,,0,,-6.7
238,금산,2022-02-09 04:00,-7.5,,.4,0,83,,,0,,-7.1
238,금산,2022-02-09 05:00,-8.2,,.7,290,85,,,0,,-7.5
238,금산,2022-02-09 06:00,-8.6,,.2,0,87,,,0,,-7.8
238,금산,2022-02-09 07:00,-9.2,,.8,290,89,,,1,,-8.1
238,금산,2022-02-09 08:00,-9,,.1,0,89,.1,,0,,-7.6
238,금산,2022-02-09 09:00,-5.9,,.5,110,79,1,,1,,-4.8
238,금산,2022-02-09 10:00,-3.3,,.8,110,69,1,,0,,1.2
238,금산,2022-02-09 11:00,.6,,.6,160,50,1,,5,,8.5
238,금산,2022-02-09 12:00,3.9,,.9,230,38,1,,6,,14.7
238,금산,2022-02-09 13:00,6.8,,.8,140,29,1,,7,,18.1
238,금산,2022-02-09 14:00,7.5,,1.5,270,26,1,,6,,18.7
238,금산,2022-02-09 15:00,8.6,,1.6,360,23,1,,7,,16.5
238,금산,2022-02-09 16:00,7.9,,1.9,340,24,1,,6,,11.8
238,금산,2022-02-09 17:00,6.9,,2,340,28,.9,,8,,6.8
238,금산,2022-02-09 18:00,5.6,,1.1,290,31,0,,9,,2.6
238,금산,2022-02-09 19:00,3.9,,.6,270,37,0,,10,,.5
238,금산,2022-02-09 20:00,2.3,,.2,0,44,,,9,,-.9
238,금산,2022-02-09 21:00,1.7,,.7,270,47,,,10,,-.3
238,금산,2022-02-09 22:00,.9,,.1,0,52,,,10,,-.5
238,금산,2022-02-09 23:00,.4,,.4,0,53,,,10,,-.8
238,금산,2022-02-10 00:00,.2,,0,0,54,,,9,,-.8
238,금산,2022-02-10 01:00,0,,0,0,57,,,10,,-.9
238,금산,2022-02-10 02:00,-.5,,.1,0,59,,,10,,-1
238,금산,2022-02-10 03:00,-.5,,.2,0,59,,,10,,-1
238,금산,2022-02-10 04:00,-.8,,0,0,62,,,10,,-1.3
238,금산,2022-02-10 05:00,-1.1,,0,0,63,,,9,,-1.5
238,금산,2022-02-10 06:00,-1.3,,0,0,64,,,10,,-1.8
238,금산,2022-02-10 07:00,-1.8,,0,0,67,,,10,,-3
238,금산,2022-02-10 08:00,-1.9,,0,0,67,0,,9,,-1.5
238,금산,2022-02-10 09:00,0,,.1,0,61,.6,,0,,-1.4
238,금산,2022-02-10 10:00,3.5,,.6,70,42,1,,0,,4
238,금산,2022-02-10 11:00,4.9,,2.2,290,34,1,,0,,10.3
238,금산,2022-02-10 12:00,6,,2.4,360,26,1,,0,,17.5
238,금산,2022-02-10 13:00,7.3,,2.7,340,24,1,,0,,20.2
238,금산,2022-02-10 14:00,7.8,,3.4,270,28,1,,0,,20.7
238,금산,2022-02-10 15:00,8,,2.7,290,27,1,,0,,18.9
238,금산,2022-02-10 16:00,7.8,,2.7,290,24,1,,0,,15.1
238,금산,2022-02-10 17:00,7,,1.8,320,26,1,,0,,8.9
238,금산,2022-02-10 18:00,5.2,,1.2,340,31,.7,,0,,2.3
238,금산,2022-02-10 19:00,2.8,,1.1,270,37,0,,0,,-1
238,금산,2022-02-10 20:00,.3,,.5,270,46,,,0,,-1.9
238,금산,2022-02-10 21:00,-1.5,,.8,270,53,,,0,,-2.9
238,금산,2022-02-10 22:00,-2.4,,.4,0,58,,,0,,-3.5
238,금산,2022-02-10 23:00,-3.6,,.1,0,63,,,0,,-4
238,금산,2022-02-11 00:00,-3.8,,.2,0,64,,,0,,-4.5
238,금산,2022-02-11 01:00,-4.9,,.7,290,70,,,0,,-5
238,금산,2022-02-11 02:00,-5.4,,.2,0,72,,,1,,-5.4
238,금산,2022-02-11 03:00,-5.7,,.3,0,73,,,10,,-5.6
238,금산,2022-02-11 04:00,-6.2,,0,0,76,,,0,,-6.1
238,금산,2022-02-11 05:00,-7.2,,.1,0,79,,,0,,-6.6
238,금산,2022-02-11 06:00,-7.3,,.5,250,81,,,0,,-6.9
238,금산,2022-02-11 07:00,-7.9,,.4,0,82,,,0,,-7.2
238,금산,2022-02-11 08:00,-7.4,,.1,0,82,.2,,0,,-6.4
238,금산,2022-02-11 09:00,-4.7,,.3,0,72,1,,0,,-3.4
238,금산,2022-02-11 10:00,-1.4,,.5,140,66,1,,0,,2.8
238,금산,2022-02-11 11:00,2.2,,.4,0,52,1,,0,,9.9
238,금산,2022-02-11 12:00,6.1,,1.2,160,37,1,,0,,16.5
238,금산,2022-02-11 13:00,7.5,,1.4,160,29,.8,,0,,20.3
238,금산,2022-02-11 14:00,9.6,,1.3,180,25,.8,,1,,21.9
238,금산,2022-02-11 15:00,10,,1.5,360,17,1,,0,,20.1
238,금산,2022-02-11 16:00,9.5,,2.4,360,16,1,,0,,15.3
238,금산,2022-02-11 17:00,8.6,,2.4,360,19,1,,2,,7.2
238,금산,2022-02-11 18:00,7,,1.3,360,26,.7,,6,,2.2
238,금산,2022-02-11 19:00,2.6,,.6,270,36,0,,0,,-1.3
238,금산,2022-02-11 20:00,.1,,.7,290,46,,,0,,-1.7
238,금산,2022-02-11 21:00,-.9,,.7,230,51,,,6,,-2.2
238,금산,2022-02-11 22:00,-1.4,,.3,0,55,,,6,,-2.6
238,금산,2022-02-11 23:00,-1.9,,.1,0,57,,,7,,-2.6
238,금산,2022-02-12 00:00,-2.6,,0,0,61,,,5,,-3.3
238,금산,2022-02-12 01:00,-3.1,,.3,0,63,,,7,,-3.4
238,금산,2022-02-12 02:00,-3.2,,0,0,65,,,7,,-2.8
238,금산,2022-02-12 03:00,-3.2,,.3,0,64,,,9,,-2.7
238,금산,2022-02-12 04:00,-3,,.1,0,66,,,9,,-2.8
238,금산,2022-02-12 05:00,-3.7,,.6,320,68,,,8,,-2.9
238,금산,2022-02-12 06:00,-3.8,,.2,0,72,,,5,,-3.4
238,금산,2022-02-12 07:00,-4.5,,.3,0,74,,,4,,-4.4
238,금산,2022-02-12 08:00,-4.8,,.6,270,77,.1,,0,,-4
238,금산,2022-02-12 09:00,-2.2,,.1,0,66,1,,0,,-1.6
238,금산,2022-02-12 10:00,.8,,.4,0,54,1,,0,,3
238,금산,2022-02-12 11:00,5.4,,.4,0,44,1,,0,,12.2
238,금산,2022-02-12 12:00,7.7,,.5,20,39,1,,0,,18.6
238,금산,2022-02-12 13:00,9.6,,.9,90,30,1,,0,,23.7
238,금산,2022-02-12 14:00,10.4,,1.3,230,24,1,,0,,25.1
238,금산,2022-02-12 15:00,11.6,,1.2,360,19,1,,0,,23.6
238,금산,2022-02-12 16:00,11,,2.4,290,19,1,,0,,17.8
238,금산,2022-02-12 17:00,10.5,,1.4,340,20,1,,0,,9.1
238,금산,2022-02-12 18:00,8.7,,.9,320,25,.7,,0,,3.6
238,금산,2022-02-12 19:00,4.3,,1.5,270,34,0,,0,,.4
238,금산,2022-02-12 20:00,2,,.3,0,42,,,0,,-1.2
238,금산,2022-02-12 21:00,1,,.5,290,43,,,0,,-1.7
238,금산,2022-02-12 22:00,-.6,,.1,0,52,,,1,,-2.3
238,금산,2022-02-12 23:00,-1.9,,.4,0,57,,,6,,-2.5
238,금산,2022-02-13 00:00,-2,,.1,0,58,,,6,,-2.5
238,금산,2022-02-13 01:00,-2.6,,.2,0,59,,,7,,-2.9
238,금산,2022-02-13 02:00,-2.9,,.3,0,62,,,8,,-2.7
238,금산,2022-02-13 03:00,-2.9,,.1,0,63,,,8,,-2.9
238,금산,2022-02-13 04:00,-3,,.2,0,63,,,9,,-2.7
238,금산,2022-02-13 05:00,-2.8,,0,0,65,,,7,,-2.4
238,금산,2022-02-13 06:00,-2.7,,.1,0,68,,,8,,-2.4
238,금산,2022-02-13 07:00,-3.6,,0,0,68,,,6,,-3.4
238,금산,2022-02-13 08:00,-3.1,,.3,0,71,0,,10,,-1.5
238,금산,2022-02-13 09:00,-1.3,,.2,0,64,.2,,5,,-.2
238,금산,2022-02-13 10:00,2.1,,.4,0,54,1,,0,,3.6
238,금산,2022-02-13 11:00,6,,.5,180,54,1,,4,,13.4
238,금산,2022-02-13 12:00,8.4,,.6,230,46,1,,7,,15.6
238,금산,2022-02-13 13:00,10.1,,1.7,140,33,1,,7,,22.9
238,금산,2022-02-13 14:00,11.2,,1.2,230,35,.6,,8,,19
238,금산,2022-02-13 15:00,11.1,,1.3,320,31,.3,,9,,15.6
238,금산,2022-02-13 16:00,10.8,,1.4,340,35,.1,,8,,12.7
238,금산,2022-02-13 17:00,10.3,,1.6,360,38,.7,,6,,9.9
238,금산,2022-02-13 18:00,8.9,,1.4,20,47,0,,6,,5.2
238,금산,2022-02-13 19:00,5.4,,1.2,270,57,0,,2,,1.5
238,금산,2022-02-13 20:00,3.5,,.9,270,63,,,5,,-.1
238,금산,2022-02-13 21:00,2,,.2,0,68,,,0,,-1
238,금산,2022-02-13 22:00,.4,,.1,0,72,,,5,,-1.5
238,금산,2022-02-13 23:00,-.7,,.1,0,77,,,6,,-2
238,금산,2022-02-14 00:00,-1.5,,.3,0,79,,,0,,-2.5
238,금산,2022-02-14 01:00,-2.2,,.4,0,81,,,0,,-2.9
238,금산,2022-02-14 02:00,-3.2,,.1,0,85,,,0,,-3.3
238,금산,2022-02-14 03:00,-3.5,,.3,0,86,,,0,,-3.6
238,금산,2022-02-14 04:00,-3.8,,0,0,87,,,0,,-3.8
238,금산,2022-02-14 05:00,-4.2,,.2,0,89,,,0,,-4.1
238,금산,2022-02-14 06:00,-4.7,,.4,0,89,,,0,,-4.3
238,금산,2022-02-14 07:00,-5.2,,.2,0,91,,,0,,-4.6
238,금산,2022-02-14 08:00,-5,,.2,0,91,.1,,0,,-3.9
238,금산,2022-02-14 09:00,-1.8,,.5,180,84,1,,0,,-1.3
238,금산,2022-02-14 10:00,1.4,,.9,140,73,1,,0,,3.8
238,금산,2022-02-14 11:00,6.1,,.9,20,57,1,,0,,13.4
238,금산,2022-02-14 12:00,8.9,,1.1,360,47,.9,,5,,19.4
238,금산,2022-02-14 13:00,10.2,,3.4,230,27,.9,,7,,19.7
238,금산,2022-02-14 14:00,10.8,,2.5,290,29,1,,6,,23.7
238,금산,2022-02-14 15:00,10.3,,3.9,250,26,1,,6,,20.9
238,금산,2022-02-14 16:00,10.1,,3.3,250,27,1,,6,,15.8
238,금산,2022-02-14 17:00,8.5,,2.9,270,31,.9,,6,,8.9
238,금산,2022-02-14 18:00,7.2,,1.5,250,39,0,,7,,5.2
238,금산,2022-02-14 19:00,6.2,,1.8,270,44,0,,6,,3.5
238,금산,2022-02-14 20:00,4.5,,2.4,270,71,,,,,3.3
238,금산,2022-02-14 21:00,2.5,.7,3.1,320,88,,,10,,2.5
238,금산,2022-02-14 22:00,2.2,,2.6,290,88,,,4,,2.2
238,금산,2022-02-14 23:00,1.4,,3.7,270,74,,,4,,1
238,금산,2022-02-15 00:00,.5,0,2.9,290,70,,,9,,.4
238,금산,2022-02-15 01:00,.1,,2.2,270,66,,,8,,.1
238,금산,2022-02-15 02:00,-.1,,2.3,270,65,,,10,,-.2
238,금산,2022-02-15 03:00,-.5,,2.2,270,66,,,10,,-.4
238,금산,2022-02-15 04:00,-.9,,1.8,290,70,,,10,,-.6
238,금산,2022-02-15 05:00,-1,,2.7,290,69,,,10,,-.8
238,금산,2022-02-15 06:00,-1.2,0,3,270,68,,,9,,-.9
238,금산,2022-02-15 07:00,-2.1,,1.9,320,80,,.4,10,,-.9
238,금산,2022-02-15 08:00,-2.7,,2.6,320,73,0,.4,9,,-1
238,금산,2022-02-15 09:00,-2.4,.1,2.5,290,69,0,.4,9,,-.4
238,금산,2022-02-15 10:00,-1.9,,2.1,290,74,.2,.1,9,,.6
238,금산,2022-02-15 11:00,-1.5,,2,320,75,.1,,9,,5
238,금산,2022-02-15 12:00,-2.1,0,2.8,340,72,.2,,8,,3.8
238,금산,2022-02-15 13:00,-.8,,3.6,290,63,.3,,9,,12.5
238,금산,2022-02-15 14:00,-.6,,2.4,290,63,.3,,9,,9.1
238,금산,2022-02-15 15:00,-.5,0,3.9,290,49,.5,,9,,9.2
238,금산,2022-02-15 16:00,-.8,,2.5,320,53,.4,,9,,7.3
238,금산,2022-02-15 17:00,-1.8,,3.4,270,54,.3,,8,,2.4
238,금산,2022-02-15 18:00,-3.1,0,4,270,52,0,,7,,-.9
238,금산,2022-02-15 19:00,-4,,2.9,290,58,0,,0,,-2.2
238,금산,2022-02-15 20:00,-4.8,,1.9,290,59,,,1,,-3.4
238,금산,2022-02-15 21:00,-5.5,,2.3,290,58,,,0,,-4.3
238,금산,2022-02-15 22:00,-5.6,,1.5,270,60,,,3,,-4.6
238,금산,2022-02-15 23:00,-5.8,,1.8,290,60,,,0,,-5.2
238,금산,2022-02-16 00:00,-5.9,,1.4,290,63,,,4,,-5.5
238,금산,2022-02-16 01:00,-5.9,,1.6,290,65,,,,,-5.8
238,금산,2022-02-16 02:00,-6,,1.3,290,69,,,1,,-5.7
238,금산,2022-02-16 03:00,-6.3,,1,320,71,,,0,,-6.3
238,금산,2022-02-16 04:00,-6.6,,1.1,290,74,,,0,,-6.7
238,금산,2022-02-16 05:00,-6.5,,1.5,290,75,,,0,,-6.6
238,금산,2022-02-16 06:00,-7.1,,.6,340,80,,,4,,-5.6
238,금산,2022-02-16 07:00,-6.5,,.5,290,79,,,9,,-4.6
238,금산,2022-02-16 08:00,-6.2,,1.6,290,77,.1,,8,,-5.6
238,금산,2022-02-16 09:00,-5.5,0,2.9,290,70,.9,,6,,-2.8
238,금산,2022-02-16 10:00,-4.5,,2.7,290,64,.8,,9,,1
238,금산,2022-02-16 11:00,-4.5,,2.9,290,62,.5,,9,,4
238,금산,2022-02-16 12:00,-3,.2,3.3,290,65,.3,.3,7,,11
238,금산,2022-02-16 13:00,-3.8,,3.8,290,57,.5,,9,,4.4
238,금산,2022-02-16 14:00,-3.4,,3.5,290,46,.4,,8,,2.9
238,금산,2022-02-16 15:00,-3.5,0,4.2,290,43,.3,,7,,1.1
238,금산,2022-02-16 16:00,-3.3,,3.9,290,44,.3,,8,,2.1
238,금산,2022-02-16 17:00,-3.4,,4.8,290,41,.5,,6,,.4
238,금산,2022-02-16 18:00,-4.9,,3.6,290,44,.2,,6,,-2.6
238,금산,2022-02-16 19:00,-5.6,,3.6,290,49,0,,1,,-4.3
238,금산,2022-02-16 20:00,-5.9,,3.4,290,52,,,2,,-5.1
238,금산,2022-02-16 21:00,-6.2,,2.7,290,57,,,5,,-5.6
238,금산,2022-02-16 22:00,-6.6,,2.3,290,61,,,0,,-5.8
238,금산,2022-02-16 23:00,-7,,2.9,290,67,,,6,,-6.3
238,금산,2022-02-17 00:00,-7.4,0,2.5,290,76,,,4,,-5.6
238,금산,2022-02-17 01:00,-7.8,,2.6,290,69,,,3,,-6.8
238,금산,2022-02-17 02:00,-8.4,,2,290,63,,,0,,-7.7
238,금산,2022-02-17 03:00,-8.9,,1.8,270,61,,,0,,-8.3
238,금산,2022-02-17 04:00,-9.1,,1.3,270,63,,,0,,-8.7
238,금산,2022-02-17 05:00,-9.3,,1.4,290,62,,,0,,-9
238,금산,2022-02-17 06:00,-9.1,,.7,360,64,,,0,,-9.2
238,금산,2022-02-17 07:00,-9.1,,1.1,320,65,,,0,,-9.2
238,금산,2022-02-17 08:00,-8.4,,1.2,340,65,.4,,2,,-8.1
238,금산,2022-02-17 09:00,-7,,2.7,290,57,1,,0,,-5.4
238,금산,2022-02-17 10:00,-5.8,,2.5,290,51,1,,0,,1.1
238,금산,2022-02-17 11:00,-4.5,,2.3,320,42,1,,3,,9.3
238,금산,2022-02-17 12:00,-2.9,,2,320,37,1,,1,,15.4
238,금산,2022-02-17 13:00,-1.7,,2.8,340,32,1,,4,,18.5
238,금산,2022-02-17 14:00,-.8,,2.5,290,29,1,,0,,19.4
238,금산,2022-02-17 15:00,-.1,,2,340,28,1,,0,,17.5
238,금산,2022-02-17 16:00,.2,,2,340,26,1,,0,,13.2
238,금산,2022-02-17 17:00,-.4,,1.3,340,26,1,,0,,3.9
238,금산,2022-02-17 18:00,-1.8,,1.8,360,31,.8,,0,,-2.1
238,금산,2022-02-17 19:00,-3.3,,1,270,36,0,,0,,-3.8
238,금산,2022-02-17 20:00,-5.5,,.9,270,50,,,0,,-5
238,금산,2022-02-17 21:00,-6.6,,1.3,270,53,,,0,,-5.8
238,금산,2022-02-17 22:00,-7.2,,.6,290,55,,,0,,-6.6
238,금산,2022-02-17 23:00,-8.4,,.6,270,62,,,0,,-7.2
238,금산,2022-02-18 00:00,-9,,0,0,64,,,0,,-7.7
238,금산,2022-02-18 01:00,-9.7,,.1,0,68,,,8,,-8.2
238,금산,2022-02-18 02:00,-10.4,,.7,360,72,,,5,,-8.6
238,금산,2022-02-18 03:00,-10.9,,.3,0,76,,,9,,-9
238,금산,2022-02-18 04:00,-11.7,,.6,270,78,,,5,,-9.4
238,금산,2022-02-18 05:00,-12.3,,.6,250,81,,,5,,-9.6
238,금산,2022-02-18 06:00,-12.3,,.3,0,81,,,7,,-9.8
238,금산,2022-02-18 07:00,-12.5,,.4,0,80,,,8,,-10.1
238,금산,2022-02-18 08:00,-11.9,,.6,270,81,.3,,5,,-8.4
238,금산,2022-02-18 09:00,-9.4,,.7,140,71,1,,0,,-6.3
238,금산,2022-02-18 10:00,-5.8,,.9,180,55,1,,0,,4.2
238,금산,2022-02-18 11:00,-1.2,,1,90,36,1,,0,,14.8
238,금산,2022-02-18 12:00,2.5,,.7,90,23,1,,0,,21.9
238,금산,2022-02-18 13:00,4.6,,1,20,17,1,,0,,25
238,금산,2022-02-18 14:00,6.2,,.9,140,15,1,,3,,26.2
238,금산,2022-02-18 15:00,6.5,,.8,70,15,1,,0,,23.8
238,금산,2022-02-18 16:00,7.1,,1.2,20,16,1,,2,,18.7
238,금산,2022-02-18 17:00,6.1,,2,290,20,1,,0,,8.6
238,금산,2022-02-18 18:00,4,,1.9,290,30,.6,,,,1.3
238,금산,2022-02-18 19:00,1,,.6,270,39,0,,7,,-2
238,금산,2022-02-18 20:00,.3,,.1,0,43,,,8,,-1.7
238,금산,2022-02-18 21:00,-.7,,.2,0,48,,,9,,-2.3
238,금산,2022-02-18 22:00,-.7,,.1,0,52,,,10,,-1.7
238,금산,2022-02-18 23:00,-1.1,,.1,0,53,,,10,,-1.6
238,금산,2022-02-19 00:00,-1.1,,.6,340,54,,,10,,-1.5
238,금산,2022-02-19 01:00,-.7,,.5,140,50,,,10,,-1.5
238,금산,2022-02-19 02:00,-.7,,.9,360,50,,,10,,-1.4
238,금산,2022-02-19 03:00,-1.3,,.4,0,56,,,10,,-1.6
238,금산,2022-02-19 04:00,-1.2,,.1,0,57,,,10,,-1
238,금산,2022-02-19 05:00,-.9,,.2,0,57,,,10,,-1.1
238,금산,2022-02-19 06:00,-1.3,,.5,290,57,,,10,,-1.7
238,금산,2022-02-19 07:00,-1.6,,.6,290,57,,,8,,-2.3
238,금산,2022-02-19 08:00,-2,,.7,270,59,0,,2,,-2.5
238,금산,2022-02-19 09:00,.5,,1,340,42,.2,,9,,1.6
238,금산,2022-02-19 10:00,1.1,,2.6,340,39,0,,10,,3.6
238,금산,2022-02-19 11:00,2,,1.8,290,34,0,,6,,7
238,금산,2022-02-19 12:00,3,,1.5,320,29,.1,,8,,10.1
238,금산,2022-02-19 13:00,4.1,,2.8,320,41,.9,,8,,17.5
238,금산,2022-02-19 14:00,3.7,,2.5,290,46,.5,,9,,13
238,금산,2022-02-19 15:00,3.2,,3,290,50,0,,10,,8.4
238,금산,2022-02-19 16:00,3.1,,2.2,290,52,0,,10,,7.3
238,금산,2022-02-19 17:00,3.1,,2.6,320,50,.2,,10,,5.8
238,금산,2022-02-19 18:00,1.9,,2.2,290,54,.1,,5,,.5
238,금산,2022-02-19 19:00,.9,,2.6,290,57,0,,5,,-1.5
238,금산,2022-02-19 20:00,.6,,2.4,290,58,,,10,,-.6
238,금산,2022-02-19 21:00,-.3,,3.6,290,62,,,10,,-.6
238,금산,2022-02-19 22:00,-1.9,,3.2,290,61,,,10,,-1.4
238,금산,2022-02-19 23:00,-3.2,,4.1,290,58,,,9,,-2.2
238,금산,2022-02-20 00:00,-3.7,0,2.4,290,61,,,10,,-2.8
238,금산,2022-02-20 01:00,-4.6,,2.3,290,82,,.2,10,,-2.3
238,금산,2022-02-20 02:00,-4.8,,2.7,290,60,,.3,2,,-3.8
238,금산,2022-02-20 03:00,-5.5,.1,2.6,290,61,,.3,0,,-4.9
238,금산,2022-02-20 04:00,-5.9,,2.1,290,64,,.1,7,,-5.6
238,금산,2022-02-20 05:00,-6.1,,2,290,66,,,5,,-6
238,금산,2022-02-20 06:00,-6,,2.8,290,65,,,8,,-5.9
238,금산,2022-02-20 07:00,-6.4,,3.4,290,59,,,1,,-6.5
238,금산,2022-02-20 08:00,-6.2,,3.2,290,56,.2,,0,,-6.1
238,금산,2022-02-20 09:00,-4.9,,2.9,290,49,1,,0,,-4.2
238,금산,2022-02-20 10:00,-3.8,,3.7,290,41,1,,0,,4.2
238,금산,2022-02-20 11:00,-2.7,,3.6,290,29,1,,0,,11.8
238,금산,2022-02-20 12:00,-1.5,,4.1,290,27,1,,0,,17
238,금산,2022-02-20 13:00,-.4,,4.4,270,21,1,,0,,20.3
238,금산,2022-02-20 14:00,-.3,,4.4,290,20,1,,0,,20.6
238,금산,2022-02-20 15:00,.5,,3.3,290,19,1,,0,,18.8
238,금산,2022-02-20 16:00,.6,,2.9,290,20,1,,0,,14.8
238,금산,2022-02-20 17:00,-.3,,3.1,270,25,1,,0,,6.4
238,금산,2022-02-20 18:00,-1.9,,3,290,29,.8,,0,,-1.7
238,금산,2022-02-20 19:00,-2.8,,1.6,290,34,0,,0,,-3.6
238,금산,2022-02-20 20:00,-3.3,,2.6,290,43,,,0,,-4.1
238,금산,2022-02-20 21:00,-3.8,,2.8,270,51,,,0,,-4.8
238,금산,2022-02-20 22:00,-4.8,,.7,320,54,,,0,,-5.3
238,금산,2022-02-20 23:00,-5.2,,.8,340,59,,,0,,-5.9
238,금산,2022-02-21 00:00,-6.4,,.4,0,67,,,0,,-6.5
238,금산,2022-02-21 01:00,-7.7,,.1,0,71,,,0,,-7
238,금산,2022-02-21 02:00,-8.3,,.2,0,76,,,0,,-6.3
238,금산,2022-02-21 03:00,-7.9,0,.7,340,74,,,0,,-5.6
238,금산,2022-02-21 04:00,-8.7,,.6,340,77,,,0,,-7.3
238,금산,2022-02-21 05:00,-9.2,,.5,270,81,,,0,,-8
238,금산,2022-02-21 06:00,-10.2,,.6,320,82,,,0,,-8.5
238,금산,2022-02-21 07:00,-10.5,,.6,270,85,,,0,,-8.8
238,금산,2022-02-21 08:00,-9.5,,.2,0,82,.5,,0,,-7.4
238,금산,2022-02-21 09:00,-6.6,,.3,0,73,1,,0,,-4.7
238,금산,2022-02-21 10:00,-2.2,,.7,70,63,1,,0,,6.9
238,금산,2022-02-21 11:00,3,,2.7,290,38,1,,0,,15.9
238,금산,2022-02-21 12:00,3.6,,3.9,250,37,1,,6,,21.2
238,금산,2022-02-21 13:00,4,,3.5,270,35,.8,,7,,19
238,금산,2022-02-21 14:00,4,,3.6,270,38,.4,,10,,11.9
238,금산,2022-02-21 15:00,4.1,,3.8,270,40,.3,,10,,10.7
238,금산,2022-02-21 16:00,4.1,,3.4,270,39,.6,,10,,11.4
238,금산,2022-02-21 17:00,3.5,,3.2,270,35,.4,,8,,5
238,금산,2022-02-21 18:00,3.1,,4.3,290,38,.3,,7,,1.9
238,금산,2022-02-21 19:00,1.9,,2.1,270,52,0,,0,,-1.1
238,금산,2022-02-21 20:00,.6,,2.7,290,59,,,0,,-1.9
238,금산,2022-02-21 21:00,-.5,,2.4,290,50,,,0,,-3
238,금산,2022-02-21 22:00,-1.8,,1.4,320,58,,,0,,-3.6
238,금산,2022-02-21 23:00,-2.2,,2.6,290,61,,,0,,-3.9
238,금산,2022-02-22 00:00,-2.5,,2,290,59,,,0,,-4.3
238,금산,2022-02-22 01:00,-2.6,,2.5,290,59,,,0,,-4.2
238,금산,2022-02-22 02:00,-3.1,,1.8,290,60,,,8,,-4.4
238,금산,2022-02-22 03:00,-3.4,,1.7,290,62,,,9,,-4.8
238,금산,2022-02-22 04:00,-3.7,,2.1,290,61,,,8,,-5
238,금산,2022-02-22 05:00,-4.6,,1.2,290,60,,,0,,-6.4
238,금산,2022-02-22 06:00,-4.5,,1.8,290,52,,,0,,-6.7
238,금산,2022-02-22 07:00,-5.3,,.8,290,54,,,0,,-7.4
238,금산,2022-02-22 08:00,-4.9,,.7,320,54,.6,,0,,-6.3
238,금산,2022-02-22 09:00,-3.3,,1.4,20,37,1,,0,,-3.7
238,금산,2022-02-22 10:00,-2.8,,1.2,290,28,1,,0,,7.3
238,금산,2022-02-22 11:00,-.4,,2.4,320,31,1,,0,,15.3
238,금산,2022-02-22 12:00,.9,,2.5,320,30,1,,0,,20.8
238,금산,2022-02-22 13:00,1.4,,3.1,290,28,1,,1,,22.8
238,금산,2022-02-22 14:00,2.4,,2.8,290,29,1,,4,,21.1
238,금산,2022-02-22 15:00,1.3,,2.4,320,34,.8,,6,,12.8
238,금산,2022-02-22 16:00,1.8,,2.9,290,32,.9,,6,,13.9
238,금산,2022-02-22 17:00,.9,,2.3,290,35,.7,,6,,4.8
238,금산,2022-02-22 18:00,-.3,,2.3,270,46,.1,,6,,0
238,금산,2022-02-22 19:00,-1.3,,2.1,290,50,0,,5,,-2.7
238,금산,2022-02-22 20:00,-1.9,,2.6,320,57,,,7,,-2.9
238,금산,2022-02-22 21:00,-2.5,,2.3,290,68,,,10,,-2.7
238,금산,2022-02-22 22:00,-3.3,,1.5,320,78,,,9,,-2.5
238,금산,2022-02-22 23:00,-3.4,,1.9,320,63,,,9,,-2.9
238,금산,2022-02-23 00:00,-4,0,2.1,290,57,,,10,,-3.6
238,금산,2022-02-23 01:00,-4.6,,2.5,320,68,,,10,,-3.4
238,금산,2022-02-23 02:00,-5.8,,2.9,290,52,,,10,,-4.8
238,금산,2022-02-23 03:00,-6.6,0,2.2,290,52,,,7,,-5.9
238,금산,2022-02-23 04:00,-7.5,,1.1,290,45,,,5,,-6.5
238,금산,2022-02-23 05:00,-8.3,,.6,250,57,,,9,,-6.7
238,금산,2022-02-23 06:00,-8.8,,.3,0,58,,,9,,-6.8
238,금산,2022-02-23 07:00,-9.3,,.1,0,61,,,10,,-7.3
238,금산,2022-02-23 08:00,-9.2,,.5,290,60,0,,10,,-6.3
238,금산,2022-02-23 09:00,-7.2,,.5,290,58,.5,,6,,-2.7
238,금산,2022-02-23 10:00,-5.3,,1.9,20,42,1,,8,,3.6
238,금산,2022-02-23 11:00,-3.8,,2.2,320,40,1,,8,,9.8
238,금산,2022-02-23 12:00,-2.6,,1.9,320,36,1,,8,,11.5
238,금산,2022-02-23 13:00,-1.7,,2.9,320,31,1,,5,,20.1
238,금산,2022-02-23 14:00,-.4,,3.4,290,29,1,,0,,21.4
238,금산,2022-02-23 15:00,.6,,2.4,290,28,1,,0,,20.8
238,금산,2022-02-23 16:00,1,,2.9,290,27,1,,0,,16.2
238,금산,2022-02-23 17:00,.8,,3.4,290,21,1,,0,,8.1
238,금산,2022-02-23 18:00,-.7,,2.8,290,23,1,,0,,-1.1
238,금산,2022-02-23 19:00,-2.2,,1.3,320,25,0,,0,,-3.5
238,금산,2022-02-23 20:00,-3.4,,3,290,32,,,0,,-4.2
238,금산,2022-02-23 21:00,-4.7,,1.6,270,37,,,0,,-5.5
238,금산,2022-02-23 22:00,-5.5,,.8,270,43,,,0,,-6.4
238,금산,2022-02-23 23:00,-7.3,,.5,270,52,,,0,,-7.3
238,금산,2022-02-24 00:00,-7.6,,.4,0,53,,,0,,-7.7
238,금산,2022-02-24 01:00,-8.1,,.3,0,58,,,0,,-8.3
238,금산,2022-02-24 02:00,-8.7,,.5,90,60,,,0,,-8.7
238,금산,2022-02-24 03:00,-9.4,,.3,0,65,,,0,,-9.1
238,금산,2022-02-24 04:00,-10.9,,0,0,69,,,0,,-9.5
238,금산,2022-02-24 05:00,-11.1,,0,0,74,,,0,,-9.7
238,금산,2022-02-24 06:00,-11.9,,.7,290,75,,,0,,-10
238,금산,2022-02-24 07:00,-12.3,,.5,290,78,,,0,,-10.2
238,금산,2022-02-24 08:00,-10.7,,.1,0,73,.6,,0,,-8.5
238,금산,2022-02-24 09:00,-7.5,,.4,0,60,1,,0,,-5.6
238,금산,2022-02-24 10:00,-3.7,,.7,160,49,1,,0,,8.8
238,금산,2022-02-24 11:00,.6,,1.3,340,31,1,,0,,17.5
238,금산,2022-02-24 12:00,2.2,,1.9,360,33,1,,0,,23.3
238,금산,2022-02-24 13:00,2.9,,3.7,290,31,1,,0,,24.5
238,금산,2022-02-24 14:00,2.9,,3.3,320,26,1,,0,,23.9
238,금산,2022-02-24 15:00,3.8,,2.6,340,28,1,,,,21.9
238,금산,2022-02-24 16:00,4.7,,2.5,270,28,1,,,,18
238,금산,2022-02-24 17:00,3.7,,4,290,29,1,,0,,9.5
238,금산,2022-02-24 18:00,2.5,,2.3,270,32,1,,0,,.7
238,금산,2022-02-24 19:00,1.1,,1.5,290,41,0,,0,,-2.6
238,금산,2022-02-24 20:00,-.3,,.5,270,49,,,0,,-3.9
238,금산,2022-02-24 21:00,-2,,.3,0,57,,,0,,-4.8
238,금산,2022-02-24 22:00,-3.3,,0,0,65,,,0,,-5.6
238,금산,2022-02-24 23:00,-4,,.1,0,68,,,0,,-6
238,금산,2022-02-25 00:00,-5.2,,.1,0,73,,,0,,-6.5
238,금산,2022-02-25 01:00,-6.1,,.2,0,76,,,0,,-6.8
238,금산,2022-02-25 02:00,-6.9,,.1,0,79,,,0,,-7.4
238,금산,2022-02-25 03:00,-7.4,,.3,0,81,,,0,,-7.6
238,금산,2022-02-25 04:00,-7.9,,.2,0,83,,,0,,-7.9
238,금산,2022-02-25 05:00,-8.3,,.3,0,85,,,0,,-8.1
238,금산,2022-02-25 06:00,-8.7,,.4,0,86,,,0,,-8.2
238,금산,2022-02-25 07:00,-9,,.3,0,86,,,2,,-8.3
238,금산,2022-02-25 08:00,-7.6,,.1,0,83,.5,,0,,-6.1
238,금산,2022-02-25 09:00,-4.6,,.3,0,73,1,,0,,-2.2
238,금산,2022-02-25 10:00,-.7,,.6,140,62,1,,0,,9.2
238,금산,2022-02-25 11:00,5.2,,1.2,50,50,1,,1,,19.3
238,금산,2022-02-25 12:00,8.1,,2.3,320,39,1,,0,,23.8
238,금산,2022-02-25 13:00,8.3,,3.4,250,38,1,,1,,27
238,금산,2022-02-25 14:00,9.3,,3.1,290,34,1,,3,,25.9
238,금산,2022-02-25 15:00,8.9,,3.3,290,36,1,,5,,22.5
238,금산,2022-02-25 16:00,8.8,,3.2,290,35,.7,,5,,16.1
238,금산,2022-02-25 17:00,7.9,,3.1,270,44,.8,,5,,9.6
238,금산,2022-02-25 18:00,6.6,,1.2,290,51,.3,,0,,4
238,금산,2022-02-25 19:00,5.7,,1.5,290,63,0,,0,,.6
238,금산,2022-02-25 20:00,4.4,,1,270,71,,,0,,-.8
238,금산,2022-02-25 21:00,4.2,,.6,290,75,,,7,,-.9
238,금산,2022-02-25 22:00,2.6,,.4,0,79,,,0,,-1.8
238,금산,2022-02-25 23:00,3.1,,.3,0,76,,,0,,-.8
238,금산,2022-02-26 00:00,2.9,,.2,0,76,,,9,,-.8
238,금산,2022-02-26 01:00,1.2,,.1,0,81,,,2,,-2.2
238,금산,2022-02-26 02:00,2.8,,.8,290,78,,,5,,-2.4
238,금산,2022-02-26 03:00,0,,.2,0,86,,,0,,-3.7
238,금산,2022-02-26 04:00,-1.1,,.1,0,88,,,0,,-4.1
238,금산,2022-02-26 05:00,-2,,.2,0,92,,,0,,-4.4
238,금산,2022-02-26 06:00,-2.7,,.9,320,93,,,0,,-4.4
238,금산,2022-02-26 07:00,-3.1,,.6,320,94,,,9,,-4
238,금산,2022-02-26 08:00,-1.8,,.8,340,94,0,,9,,-1.6
238,금산,2022-02-26 09:00,2.3,,.6,90,83,.5,,7,,2.1
238,금산,2022-02-26 10:00,6.6,,1.4,110,58,.9,,0,,11.5
238,금산,2022-02-26 11:00,10.1,,3.2,270,33,1,,3,,20.4
238,금산,2022-02-26 12:00,10.4,,3.8,250,32,1,,0,,26
238,금산,2022-02-26 13:00,11.3,,3.9,250,31,1,,1,,28.3
238,금산,2022-02-26 14:00,11.7,,4.4,270,28,1,,4,,27.6
238,금산,2022-02-26 15:00,11.6,,3.7,250,25,.9,,5,,21
238,금산,2022-02-26 16:00,11.3,,4.9,270,28,1,,6,,18.2
238,금산,2022-02-26 17:00,10.8,,3.4,250,32,.8,,4,,14.1
238,금산,2022-02-26 18:00,9.4,,2.2,250,41,.5,,5,,6.5
238,금산,2022-02-26 19:00,8.2,,3.3,270,56,0,,7,,4.8
238,금산,2022-02-26 20:00,8.1,,3.9,230,53,,,8,,5.2
238,금산,2022-02-26 21:00,7.2,0,4.5,230,69,,,10,,4.6
238,금산,2022-02-26 22:00,6.2,,3.4,270,83,,,9,,4.4
238,금산,2022-02-26 23:00,3.9,,5,290,68,,,8,,2.3
238,금산,2022-02-27 00:00,2.1,1.9,2.6,290,61,,,,,.2
238,금산,2022-02-27 01:00,1.5,,1.7,270,61,,,0,,-.2
238,금산,2022-02-27 02:00,1.2,,1.9,270,64,,,0,,-.9
238,금산,2022-02-27 03:00,1,,1.7,270,66,,,0,,-1.6
238,금산,2022-02-27 04:00,.5,,1.3,270,66,,,0,,-2.4
238,금산,2022-02-27 05:00,-.2,,.3,0,69,,,0,,-3.3
238,금산,2022-02-27 06:00,-2,,.2,0,77,,,0,,-4.1
238,금산,2022-02-27 07:00,-3,,.4,0,84,,,0,,-4.7
238,금산,2022-02-27 08:00,-2.4,,.4,0,82,.7,,0,,-3.5
238,금산,2022-02-27 09:00,.4,,.8,110,73,1,,0,,-1.7
238,금산,2022-02-27 10:00,3.9,,.6,360,51,1,,0,,3.7
238,금산,2022-02-27 11:00,5.5,,1.5,110,41,1,,0,,14.6
238,금산,2022-02-27 12:00,8.1,,1.9,320,23,1,,0,,19.3
238,금산,2022-02-27 13:00,9.1,,2.6,320,20,1,,0,,20.7
238,금산,2022-02-27 14:00,9.6,,3.2,320,21,1,,0,,22.3
238,금산,2022-02-27 15:00,10.3,,2.3,290,23,1,,0,,22.9
238,금산,2022-02-27 16:00,9.9,,2.9,290,22,1,,0,,19.6
238,금산,2022-02-27 17:00,9.5,,1.9,270,21,1,,0,,14.5
238,금산,2022-02-27 18:00,7.5,,2,270,27,1,,0,,5.4
238,금산,2022-02-27 19:00,6,,2.1,270,33,0,,0,,2
238,금산,2022-02-27 20:00,4.2,,1.1,250,41,,,0,,-.4
238,금산,2022-02-27 21:00,3.5,,.9,270,47,,,0,,-.6
238,금산,2022-02-27 22:00,2.4,,.4,0,57,,,0,,-1.3
238,금산,2022-02-27 23:00,1,,.3,0,62,,,0,,-1.8
238,금산,2022-02-28 00:00,-.4,,.4,0,71,,,,,-2.4
238,금산,2022-02-28 01:00,-1.9,,.9,320,79,,,0,,-2.9
238,금산,2022-02-28 02:00,-2.6,,.5,320,80,,,0,,-3.2
238,금산,2022-02-28 03:00,-2.9,,.4,0,83,,,0,,-3.7
238,금산,2022-02-28 04:00,-3.6,,.3,0,85,,,0,,-4.1
238,금산,2022-02-28 05:00,-4.2,,.3,0,88,,,0,,-4.5
238,금산,2022-02-28 06:00,-4.4,,.5,270,89,,,5,,-4.7
238,금산,2022-02-28 07:00,-5,,.1,0,90,,,7,,-5
238,금산,2022-02-28 08:00,-3,,.2,0,85,.7,,,,-2.8
238,금산,2022-02-28 09:00,-.1,,.6,160,74,1,,0,,-.3
238,금산,2022-02-28 10:00,3.8,,.7,90,59,.9,,5,,6.5
238,금산,2022-02-28 11:00,7.4,,.5,140,41,1,,7,,14
238,금산,2022-02-28 12:00,10.4,,.9,50,19,1,,7,,19.3
238,금산,2022-02-28 13:00,13.3,,1.5,70,20,1,,5,,29.2
238,금산,2022-02-28 14:00,14.5,,.9,50,17,.9,,7,,28.2
238,금산,2022-02-28 15:00,13.6,,1.2,20,17,.5,,10,,19.1
238,금산,2022-02-28 16:00,14.1,,1.4,20,16,.1,,9,,18.1
238,금산,2022-02-28 17:00,13.1,,1.1,290,18,.1,,7,,13.3
238,금산,2022-02-28 18:00,11.1,,.4,0,24,.1,,8,,7.3
238,금산,2022-02-28 19:00,8.5,,1.1,270,34,0,,9,,5.2
238,금산,2022-02-28 20:00,6,,.5,270,42,,,7,,2.6
238,금산,2022-02-28 21:00,5.1,,.3,0,44,,,7,,1
238,금산,2022-02-28 22:00,3.5,,.2,0,50,,,4,,-.5
238,금산,2022-02-28 23:00,2.2,,.2,0,54,,,2,,-.7
238,금산,2022-03-01 00:00,2.7,,.3,0,54,,,0,,1
