지점,지점명,일시,평균기온(°C),최저기온(°C),최고기온(°C),일강수량(mm),평균 풍속(m/s),평균 이슬점온도(°C),평균 현지기압(hPa),가조시간(hr),평균 전운량(1/10),평균 지면온도(°C)
129,서산,2025-01-01,.8,-5.3,9.7,,1.1,-4.2,1020,9.7,0,1.5
129,서산,2025-01-02,-.9,-5.7,6.1,,1,-7.7,1022.6,9.7,0,-.1
129,서산,2025-01-03,-1.6,-7.4,4,.7,1.4,-6.7,1024,9.7,3.8,-.5
129,서산,2025-01-04,-1.9,-7.9,5,,1,-6.1,1024,9.7,1.6,.3
129,서산,2025-01-05,3,-4.3,6.5,6.1,2,.9,1016.3,9.8,6.5,2.6
129,서산,2025-01-06,1.4,-.3,3.8,.1,3.5,-2.8,1014.9,9.8,5.5,1.9
129,서산,2025-01-07,-.9,-4.1,2.3,0,2.6,-7.3,1016.6,9.8,4.6,-.2
129,서산,2025-01-08,-3,-6.8,.6,2.3,2,-5.6,1018.5,9.8,7.4,-.1
129,서산,2025-01-09,-8,-10.6,-4,.7,4.2,-14.8,1024.4,9.8,8.3,-3.2
129,서산,2025-01-10,-6.4,-11.6,-1,.1,1.2,-10.7,1029.4,9.8,7.4,-1.9
129,서산,2025-01-11,-4,-6.7,-.1,0,.7,-7.7,1026.4,9.8,7,0
129,서산,2025-01-12,-2.7,-7.8,3.5,.1,.8,-5.8,1022.1,9.9,4.3,.5
129,서산,2025-01-13,.1,-7.5,4.6,0,1.6,-2.9,1022.5,9.9,6.3,1.2
129,서산,2025-01-14,3.2,-.6,7.4,1.5,2.6,-2.4,1022.2,9.9,5.5,3.1
129,서산,2025-01-15,-2.1,-5.8,.2,,3.4,-10.6,1026.6,9.9,3.5,.4
129,서산,2025-01-16,.6,-6.1,5.1,,1.6,-5.3,1022.5,9.9,7,1.5
129,서산,2025-01-17,-1.3,-6.4,6.9,,1.2,-8.6,1024.4,10,0,.8
129,서산,2025-01-18,-.9,-7.3,8.2,,.7,-7,1021.5,10,2.8,.5
129,서산,2025-01-19,2.2,-4.5,9.3,,1,-1.3,1014.7,10,3.4,2.4
129,서산,2025-01-20,1.7,-2.3,6.5,,1,-1.2,1014.2,10,4.8,2.8
129,서산,2025-01-21,.5,-4.4,8.2,,.8,-1.3,1019.7,10.1,1.6,2.5
129,서산,2025-01-22,1.7,-2.8,7.6,,.9,-2.5,1021.9,10.1,5.6,2.7
129,서산,2025-01-23,0,-5,8.7,,1.1,-6.5,1022.7,10.1,0,1.6
129,서산,2025-01-24,1,-6.1,8.5,,1.5,-6.5,1023.7,10.2,0,1.1
129,서산,2025-01-25,4.2,-1.7,10.4,,2.3,-3.3,1025.4,10.2,2.6,2.2
129,서산,2025-01-26,4.1,1.3,7.4,0,1.9,-4.4,1021.8,10.2,8.5,3.1
129,서산,2025-01-27,-.5,-2.8,3.5,11.1,3.7,-2.9,1013.5,10.2,9,2.6
129,서산,2025-01-28,-2,-2.9,-.9,9.4,4.7,-4,1014.8,10.3,9,1.4
129,서산,2025-01-29,-3.8,-8.1,-1.2,6.8,2.4,-6.7,1022.8,10.3,5.8,1.2
129,서산,2025-01-30,-3,-8.7,2.2,0,1.3,-8,1025.4,10.3,7.1,1.5
129,서산,2025-01-31,.3,-3.6,3.1,0,1.6,-3.3,1022.9,10.4,9.4,1.6
129,서산,2025-02-01,1.5,-1.8,6,0,1.8,-.9,1018.7,10.4,5.8,2.1
129,서산,2025-02-02,1.1,-3.9,6.8,0,1.6,-2.7,1016.5,10.4,5.8,2.2
129,서산,2025-02-03,-2.6,-5.3,2.1,0,4.9,-11.5,1018.8,10.4,3.8,.6
129,서산,2025-02-04,-6.2,-7.3,-5,0,4.6,-12.6,1017.7,10.5,7.3,-.6
129,서산,2025-02-05,-6.2,-9.6,-3.4,.2,2.6,-13.4,1016.8,10.5,4,-.4
129,서산,2025-02-06,-6.2,-13,-.8,2,1.8,-9.1,1018.6,10.6,4,-.4
129,서산,2025-02-07,-6.7,-8.2,-3.2,3.1,4.7,-11.4,1019.4,10.6,9.4,.1
129,서산,2025-02-08,-5.8,-8.2,-2.9,0,3,-11.9,1026.3,10.6,4.9,.1
129,서산,2025-02-09,-4.7,-10.9,.5,0,1.5,-8.7,1025.1,10.7,5.4,0
129,서산,2025-02-10,-4.5,-9.7,1.6,1,1,-7.1,1024.7,10.7,2.9,0
129,서산,2025-02-11,-.8,-8.9,7.7,,1.1,-6.7,1024.9,10.7,1.3,-.2
129,서산,2025-02-12,1.5,-.9,5.5,3.2,2.7,-2.2,1015.2,10.8,7.1,.6
129,서산,2025-02-13,-.3,-6.9,5.6,,2,-7.1,1021.7,10.8,0,.9
129,서산,2025-02-14,1.3,-4.6,8.9,,1.2,-1.2,1019.6,10.8,.6,2.2
129,서산,2025-02-15,1.2,-4.4,8.1,,.8,-1.5,1015.4,10.9,3.9,2.9
129,서산,2025-02-16,2.7,-2.4,9.1,,2.3,-.7,1014.5,10.9,3.3,3.1
129,서산,2025-02-17,.6,-2.2,3.2,,4.2,-10.4,1022.4,10.9,0,1.5
129,서산,2025-02-18,-1,-3.2,2.3,,4.3,-12.4,1024.8,11,.6,.3
129,서산,2025-02-19,-2.4,-7.6,.5,,3,-12.2,1026.8,11,0,-.2
129,서산,2025-02-20,-3.1,-9,1,,2.6,-11,1028.2,11,0,0
129,서산,2025-02-21,-3.1,-9.2,1.5,,2.2,-10.5,1028.9,11.1,1.1,.2
129,서산,2025-02-22,-2,-8.3,1.9,.7,2.1,-9.6,1030.3,11.1,1,1.5
129,서산,2025-02-23,-3,-7.4,-.1,,3.9,-11.6,1029.4,11.2,5,-.2
129,서산,2025-02-24,-2.8,-9.9,3,,1.8,-10.4,1029.6,11.2,0,.8
129,서산,2025-02-25,0,-7.2,5.7,,2.1,-2.9,1024.6,11.2,2.1,1.2
129,서산,2025-02-26,1.3,-3.9,9.1,,1.3,-8,1022.2,11.3,0,3.1
129,서산,2025-02-27,3.1,-6.3,13.6,,1.4,-9.5,1019.2,11.3,1.4,3.3
129,서산,2025-02-28,7.2,1.7,14.9,0,1.2,1.3,1017.7,11.4,4.1,7.9
129,서산,2025-03-01,6.6,-.7,11.6,4.3,1.1,5.1,1014.7,11.4,8.4,6
129,서산,2025-03-02,9.2,3.7,14.3,7.1,3.5,6.7,1011.5,11.4,9.4,8.6
129,서산,2025-03-03,3.5,.9,6.4,14.6,5.5,-1.3,1017.5,11.5,9.1,4.9
129,서산,2025-03-04,2.1,.2,3.1,2.5,4.2,-1.4,1017.5,11.5,9.6,3
129,서산,2025-03-05,4,1.6,7.2,,2.1,-1,1019.7,11.5,8.9,4.7
129,서산,2025-03-06,2.8,-1.6,7.7,,2.2,-3,1023.9,11.6,.9,4.7
129,서산,2025-03-07,2.7,-4.3,10.1,,1.3,-4,1024.8,11.6,4.5,4.9
129,서산,2025-03-08,3.7,-.6,10.2,,1.2,-.8,1023.8,11.7,4.4,5.7
129,서산,2025-03-09,4.6,-1.6,12.6,,1.1,.3,1027.1,11.7,.6,6.6
129,서산,2025-03-10,5.3,-1.6,13.8,,1.6,.2,1023.4,11.7,1.8,7.5
129,서산,2025-03-11,7.2,-.3,16.9,,1.3,.8,1017.9,11.8,2.5,9.1
129,서산,2025-03-12,6.3,2.4,12.6,0,1.5,3.2,1014.7,11.8,7.5,7.5
129,서산,2025-03-13,7.6,.3,14.2,,1.6,-4.5,1020.5,11.9,5.8,9.2
129,서산,2025-03-14,11,4.5,18.9,,2.3,-3.9,1021.9,11.9,3.4,13.2
129,서산,2025-03-15,10.3,5.8,15.4,,2.2,1.2,1018.2,11.9,7,13.2
129,서산,2025-03-16,3.7,1.2,6.5,0,4.9,-4.6,1013.1,12,6.1,6.9
129,서산,2025-03-17,2.5,-2,6.9,5.8,3.5,-7.9,1014.7,12,4.3,7.9
129,서산,2025-03-18,.6,-1,3.3,4.6,4.3,-3.9,1013.9,12.1,6.6,1.1
129,서산,2025-03-19,.7,-6,7.4,,1.6,-5.7,1021.8,12.1,.3,5
129,서산,2025-03-20,5.7,-2.1,12.7,,2.9,2.7,1016.2,12.1,.4,8.6
129,서산,2025-03-21,9.1,4.6,14.7,,3.2,4.8,1010.4,12.2,0,12.5
129,서산,2025-03-22,10.4,4.6,17.3,,2.9,4.9,1008.4,12.2,0,13.1
129,서산,2025-03-23,10.3,3.4,17.4,,2.5,5.1,1007.5,12.2,3.6,12.6
129,서산,2025-03-24,12.1,8.8,16.3,0,3.8,7,1001.6,12.3,2.5,15.1
129,서산,2025-03-25,10.7,6.2,19.2,,4,4.8,999.4,12.3,4,14
129,서산,2025-03-26,14.2,2.2,24.3,,1.8,1.9,1000.9,12.4,1.3,15.7
129,서산,2025-03-27,11.9,5.5,16.8,.2,3.5,6,1000.5,12.4,8.9,14.1
129,서산,2025-03-28,4.8,.5,8.9,,4.1,-4.6,1013.4,12.5,3.6,9.1
129,서산,2025-03-29,1.6,-3.8,6.5,.6,3.4,-6.5,1021.2,12.5,2.5,7.4
129,서산,2025-03-30,2.3,-5.3,8.5,,2,-5.4,1026,12.5,2.4,8.6
129,서산,2025-03-31,6.4,-.2,12.1,,1.9,.8,1023,12.6,3,11.4
129,서산,2025-04-01,7.8,1.4,16.1,,1.4,-.7,1019.9,12.6,.6,13.2
129,서산,2025-04-02,6.5,-.6,13.8,.4,1.8,.1,1016.8,12.6,5.6,10
129,서산,2025-04-03,7.3,2,14.9,,1.8,2,1017.9,12.7,1.3,10.7
129,서산,2025-04-04,7.8,.4,14.8,,1.7,1.4,1017.1,12.7,1.9,14
129,서산,2025-04-05,7.6,5.1,9.5,14.5,2.5,6.3,1009.8,12.8,8.9,8.4
129,서산,2025-04-06,8.6,3.1,14.9,,2.4,4,1013.6,12.8,.9,13.5
129,서산,2025-04-07,10.9,1.8,16.9,,3.1,2.3,1013.8,12.8,.9,13.9
129,서산,2025-04-08,11.5,4.9,17.4,,2.7,2.1,1012,12.9,1.1,15.8
129,서산,2025-04-09,10,2.5,16,0,1.5,1.8,1008.5,12.9,8,12.2
129,서산,2025-04-10,10.9,5.8,17.2,,1.5,2.7,1005.1,13,1.3,16.5
129,서산,2025-04-11,12.6,3.2,23.3,,1.3,5.1,1008.2,13,2.6,18.3
129,서산,2025-04-12,10.6,.3,22.5,22.1,2.5,3.2,1003.5,13,9.1,14
129,서산,2025-04-13,4.9,.3,9.1,.3,3.7,1.2,998.9,13.1,6.8,8.7
129,서산,2025-04-14,5.3,2.1,7.4,5.6,2.5,2.8,996.2,13.1,8.5,7.6
129,서산,2025-04-15,7.7,1.2,13.3,,2.5,3.2,1004.9,13.1,1.3,12.8
129,서산,2025-04-16,13,4,19.3,,2.7,7.1,1004.9,13.2,3.5,15.7
129,서산,2025-04-17,17.5,13.7,21.7,,4.2,13.3,1002.7,13.2,3.9,18.2
129,서산,2025-04-18,16.2,12.4,21.4,,2.9,12.9,1007.1,13.3,3.6,18.5
129,서산,2025-04-19,14.7,10.7,19.8,4.7,3.9,13.7,1006.3,13.3,6.9,15.7
129,서산,2025-04-20,14.3,9.3,21.7,,1.9,10.3,1010.1,13.3,2.1,17.5
129,서산,2025-04-21,18.3,9.9,25.4,,1.4,14.2,1010.9,13.4,6.8,19.8
129,서산,2025-04-22,15.9,12.8,18.7,18.3,1.4,15.1,1002.8,13.4,8.6,17.5
129,서산,2025-04-23,15.4,10.9,22.1,,2.2,11,1004.2,13.4,4,17.7
129,서산,2025-04-24,12.4,8.5,18.2,,2.8,3.9,1007.8,13.5,3.6,16.2
129,서산,2025-04-25,10.7,3.9,17.1,,2.5,-2.4,1014.3,13.5,0,14.6
129,서산,2025-04-26,11.6,3.8,17.9,,2.8,5.1,1016,13.5,.6,15
129,서산,2025-04-27,14.3,9.7,20.1,,3,1.7,1012.7,13.6,6.9,14.6
129,서산,2025-04-28,12.8,7.2,19.3,,2.3,3.2,1008.2,13.6,0,17.3
129,서산,2025-04-29,12.5,3.8,19.3,,1.9,.9,1010.6,13.6,0,17.4
129,서산,2025-04-30,15.8,8.9,22,,2.9,3.2,1010.5,13.7,.1,18.4
129,서산,2025-05-01,13.1,9.1,18.5,11.7,2.8,9.2,1004.9,13.7,6.3,12.9
129,서산,2025-05-02,11.6,6,17.8,0,2.3,4.1,1008.7,13.7,5,14
129,서산,2025-05-03,10.1,7.5,14.9,26.4,2.3,7.8,1007,13.8,5.9,13.7
129,서산,2025-05-04,12.3,4.7,19.9,,2.3,3.8,1010.8,13.8,0,15.5
129,서산,2025-05-05,12.1,6.3,16.1,,1.1,4.9,1008.8,13.8,8.4,13
129,서산,2025-05-06,12,7.1,17.6,,1.9,5.5,1005.1,13.9,3,13.8
129,서산,2025-05-07,12,4.8,19,,1.5,6,1011.4,13.9,3.4,16.2
129,서산,2025-05-08,15.8,6.5,23.2,,1.4,7.2,1014,13.9,6.1,17.8
129,서산,2025-05-09,15,13,17.4,9.8,3.4,12.1,1000.9,14,10,15
129,서산,2025-05-10,11.6,10.6,13.9,2.6,3.9,10.7,999.5,14,9.3,13.8
129,서산,2025-05-11,13.1,9.6,18.4,,2.2,10.4,1003.9,14,4.8,15.8
129,서산,2025-05-12,15.8,10,21.2,,2.8,10.6,1007.6,14.1,.6,18.1
129,서산,2025-05-13,18.3,12.2,23.6,,2.8,9.2,1012,14.1,4.1,19
129,서산,2025-05-14,19,10.7,24.4,,2.6,11.8,1012.8,14.1,4.4,19.9
129,서산,2025-05-15,17.4,15.5,20.2,1,2.6,16.3,1012.1,14.1,8.9,19.4
129,서산,2025-05-16,19.5,16.7,22.9,10,1.6,18.5,1008.6,14.2,9.4,19.6
129,서산,2025-05-17,16.5,12,22.1,1.5,2.9,15,1004,14.2,5.3,20.4
129,서산,2025-05-18,15.1,9.9,21.2,,1.6,6.1,1008.9,14.2,5,19.2
129,서산,2025-05-19,15.4,9.5,19.5,,3.5,12.5,1003.7,14.2,7.1,16.7
129,서산,2025-05-20,20.6,17.4,22.7,.9,3.5,19.9,1005.4,14.3,5.3,20.3
129,서산,2025-05-21,22.7,18.8,29.3,,1.6,19.9,1004.3,14.3,4.1,24.5
129,서산,2025-05-22,20.9,18.4,26.2,0,.9,18.4,1004.7,14.3,6.9,22.6
129,서산,2025-05-23,18.8,15.1,21.8,3.1,1.6,12,1007.9,14.3,9.5,19.2
129,서산,2025-05-24,15.2,12.5,18.5,6.7,3,10.9,1006.8,14.4,8.6,17
129,서산,2025-05-25,15.8,9.9,21.7,,1.8,10.9,1012.2,14.4,.8,20.7
129,서산,2025-05-26,17.3,10.3,23.7,,1.8,12.5,1014.4,14.4,2,21.9
129,서산,2025-05-27,18.3,12.7,23.8,0,2.1,14.1,1015.5,14.4,1.1,22.5
129,서산,2025-05-28,19.7,15.4,26.5,,1.9,13.4,1015.2,14.5,3.3,23.9
129,서산,2025-05-29,19.6,13.1,26.1,,1.8,10,1012.6,14.5,.8,22.9
129,서산,2025-05-30,19.5,12.9,26.9,,1.4,10.8,1010,14.5,.6,23.1
129,서산,2025-05-31,17.9,13.2,24.4,,1.5,12.5,1008.9,14.5,7.5,21.2
129,서산,2025-06-01,19.7,12.9,27.2,,1.5,10.7,1007.1,14.5,5.9,24
129,서산,2025-06-02,18.3,16,21.9,.3,1.1,11,1001.5,14.5,9.8,20
129,서산,2025-06-03,19.4,14.6,24.3,,2.5,11.9,998.7,14.6,1.8,24.5
129,서산,2025-06-04,19.3,12.7,25.1,,3.3,10,1003.1,14.6,0,23.6
129,서산,2025-06-05,19.1,11.3,25.6,,1.9,10.2,1008.2,14.6,3.9,23.3
129,서산,2025-06-06,21.8,17.7,26.3,,3.2,10.4,1006,14.6,5.5,22.8
129,서산,2025-06-07,22.4,19,26.6,0,3.2,16.9,1005.7,14.6,6.9,24.6
129,서산,2025-06-08,22.9,19.7,27.9,,2.2,20,1005.4,14.6,5.1,25
129,서산,2025-06-09,22.8,19.9,27.7,,1.9,19.5,1004.7,14.6,7,25.3
129,서산,2025-06-10,20.2,16.5,24.5,,2.2,17.1,1005.3,14.6,6.5,23.6
129,서산,2025-06-11,20.7,13,27.9,,1.7,11.8,1009.8,14.6,2.9,24.2
129,서산,2025-06-12,22.9,14.9,30.3,,1.3,14.6,1011.8,14.6,7,24.8
129,서산,2025-06-13,20.9,17.9,25.5,4.1,1.5,17.5,1009.8,14.7,9.5,22.6
129,서산,2025-06-14,23.2,19.5,29.2,2.7,2.3,19.4,999.3,14.7,4.4,24.2
129,서산,2025-06-15,23,17.7,29.1,4,2.8,20,996.7,14.7,6.4,24.6
129,서산,2025-06-16,21.2,20.5,21.8,11.3,3.1,20.6,996.3,14.7,8.9,22.8
129,서산,2025-06-17,22.5,20.5,26.2,.5,2.8,20.7,1002.5,14.7,4.4,23.6
129,서산,2025-06-18,23.2,18.6,29.3,,2,17.6,1008.6,14.7,4.5,25
129,서산,2025-06-19,25.3,19.1,31.4,1.1,2.2,21.2,1009.2,14.7,6.1,25.1
129,서산,2025-06-20,23.6,21.3,25.5,54,5.1,22.9,1002,14.7,10,24.1
129,서산,2025-06-21,20.4,18.9,21.6,9.9,1.9,19.8,1002,14.7,9.9,22.6
129,서산,2025-06-22,21.3,16.4,25.7,,1.9,18,1004.7,14.7,.9,23.9
129,서산,2025-06-23,23.6,18,30.2,,1.5,18.5,1005,14.7,.4,24.8
129,서산,2025-06-24,23,19.3,27.2,4.7,2.4,18.5,1004.4,14.7,9.6,22.9
129,서산,2025-06-25,19.9,19.2,21.1,7.3,2.7,19.5,1003.7,14.7,9.9,21.9
129,서산,2025-06-26,21.1,18.8,25.3,,1.4,19.5,1006.7,14.7,9.1,22.9
129,서산,2025-06-27,24.5,19.4,29.4,,1.2,21.2,1005.8,14.7,7.9,26.7
129,서산,2025-06-28,25.1,23.2,27.9,0,2.5,23.8,1004.9,14.7,8,27.2
129,서산,2025-06-29,25.9,23.6,29.3,,2.8,23.6,1005.7,14.7,2.6,28.8
129,서산,2025-06-30,26.9,24.3,29.7,,2.8,24,1008.2,14.7,5.1,29.1
129,서산,2025-07-01,26.8,24.8,30.2,.8,2.8,25.3,1009.9,14.6,4,29
129,서산,2025-07-02,27.3,25.2,30.5,,2.8,25.3,1010.1,14.6,5,30.1
129,서산,2025-07-03,26.7,24.4,29.8,,3.2,24.2,1007.8,14.6,4.8,29.4
129,서산,2025-07-04,26.3,25,28.8,,4,24.3,1004.9,14.6,6.3,28.9
129,서산,2025-07-05,27,25.1,30.6,,3.7,24.6,1003.5,14.6,4.9,30.3
129,서산,2025-07-06,27.2,25.1,30.3,,3.3,24.9,1002.7,14.6,5.8,30.4
129,서산,2025-07-07,27.9,25,32.9,,2.1,24.9,1003.5,14.6,2.5,30.6
129,서산,2025-07-08,29.8,24.4,36.5,7.2,1.7,25.4,1004.9,14.6,3.4,32.4
129,서산,2025-07-09,30.2,25.7,35.3,,1.6,22.2,1006.1,14.5,1.3,31.1
129,서산,2025-07-10,30,24.7,35,,2.3,16.5,1007.5,14.5,1.4,30.2
129,서산,2025-07-11,29.1,24.6,34.3,,2.5,15.9,1008.6,14.5,.4,30.7
129,서산,2025-07-12,27.5,23,34.1,,2.5,16.9,1006.1,14.5,1.9,31.4
129,서산,2025-07-13,23.6,20.9,28.8,1.4,.8,20.3,999.8,14.5,8,25.5
129,서산,2025-07-14,23.4,20.3,29,4.3,1.8,20.9,992.6,14.5,6,27.6
129,서산,2025-07-15,23.3,20.5,27,5.3,1.9,20.5,993.9,14.4,8.9,25.2
129,서산,2025-07-16,23.2,21.5,24.5,80.4,2.8,22.1,998.3,14.4,9.6,23.9
129,서산,2025-07-17,24,21.6,26.8,438.9,2.5,22.9,1000.6,14.4,9.9,25.1
129,서산,2025-07-18,24.7,22.2,27.3,.4,.9,23,1003.4,14.4,9.5,25.7
129,서산,2025-07-19,25.2,23.5,26.8,58.6,2.6,24.2,1005.7,14.4,7.9,26.3
129,서산,2025-07-20,27.2,24.5,31,0,2.2,24.3,1009.4,14.3,5.6,28.5
129,서산,2025-07-21,27.6,23.9,31.2,0,2,24.9,1011.2,14.3,4.6,29.7
129,서산,2025-07-22,27.6,24.8,31.3,,1.5,24.4,1011.8,14.3,5.9,30.7
129,서산,2025-07-23,27.5,23.5,33.2,,1.2,23.3,1010.5,14.3,4.4,29.1
129,서산,2025-07-24,27.9,23.4,33.8,,1.4,22.7,1008.2,14.2,3,29.8
129,서산,2025-07-25,29.5,23.7,35.2,,1.4,23.1,1005.9,14.2,.1,32
129,서산,2025-07-26,29.9,24.7,35.2,,1.4,23.6,1004.5,14.2,3,32.8
129,서산,2025-07-27,29.8,25.3,35.1,,1.3,23.7,1002.7,14.2,.4,33.9
129,서산,2025-07-28,29.3,25.1,34.8,,1.2,23.8,1000.9,14.1,2,34.3
129,서산,2025-07-29,29.2,24.3,34.8,,1.1,23.8,998.3,14.1,1.6,32.7
129,서산,2025-07-30,29.3,24.8,34.9,,1.4,23.3,998.2,14.1,7.5,32.9
129,서산,2025-07-31,29.6,26.5,34.4,,1.4,22.6,1000.2,14.1,7.8,33.5
129,서산,2025-08-01,28.7,24.2,34.3,,1.3,23.5,1000.5,14,5.4,33.7
129,서산,2025-08-02,29.3,25.4,35.3,0,.8,23.2,1000.3,14,6.5,33.8
129,서산,2025-08-03,26.1,23.1,31.8,33,1.2,23.5,998,14,9.5,28
129,서산,2025-08-04,26.8,23.2,30.9,.3,1.5,23.8,998.2,13.9,6.4,29.1
129,서산,2025-08-05,27.7,23.2,32.1,,1.2,24.2,1002.1,13.9,5.1,30.7
129,서산,2025-08-06,26.9,23.8,29.2,6.3,2.5,25.9,999.7,13.9,7.8,28.1
129,서산,2025-08-07,26.4,23,29.7,,1.8,22.4,1000.7,13.8,4.9,29.2
129,서산,2025-08-08,25.3,20.8,29.1,,,21.9,1002.3,13.8,7.8,28.4
129,서산,2025-08-09,24.1,22,26,.6,.8,22.2,1001.2,13.8,9,26.2
129,서산,2025-08-10,25.2,20.4,30.5,,1.4,20.9,999.7,13.7,2.6,27.9
129,서산,2025-08-11,24,21.7,26.9,.7,.5,22.7,1002.4,13.7,7.6,25.9
129,서산,2025-08-12,25.9,21,31.6,,1.8,21.6,1007.2,13.7,5.4,28.2
129,서산,2025-08-13,26.1,23.3,29,35,3.3,25.1,1009.6,13.7,9.6,26.8
129,서산,2025-08-14,26.1,24.3,28.7,35,2.1,24.6,1012.5,13.6,7.9,27.7
129,서산,2025-08-15,27.6,24,31.6,0,1.6,25,1012.6,13.6,2.3,29.9
129,서산,2025-08-16,27.4,24.1,31.1,,1.7,24.8,1011.2,13.5,2.6,30
129,서산,2025-08-17,27.7,24.5,31.8,,1.8,25.4,1012,13.5,5.9,29.7
129,서산,2025-08-18,28.3,26.1,31.4,,2.7,25.5,1011.5,13.5,6.8,30
129,서산,2025-08-19,28,26.4,31.5,0,2.4,25.9,1009.1,13.4,3.1,29.3
129,서산,2025-08-20,28.4,25.8,31.6,.1,2.3,25.2,1007.4,13.4,5.6,30.4
129,서산,2025-08-21,28.8,26,33.1,,1.4,25.5,1007.8,13.4,6.1,30.9
129,서산,2025-08-22,28.2,25,32.1,,1.5,24.5,1006.9,13.3,1.5,30.9
129,서산,2025-08-23,28.6,25.1,32.6,,1.5,25.2,1008.1,13.3,1.4,31
129,서산,2025-08-24,28.8,24.4,33.1,,1.7,25,1009.1,13.3,.4,31.6
129,서산,2025-08-25,28.9,24.6,31.6,31.2,,26.4,1007.5,13.2,4,30.9
129,서산,2025-08-26,26.2,23.1,30.5,,2,24,1006.4,13.2,6.8,28.3
129,서산,2025-08-27,25.5,21.3,31.4,,1,21,1008.8,13.2,4.6,28.1
129,서산,2025-08-28,26.3,20.4,30.7,,1.8,24,1009.6,13.1,7.1,28
129,서산,2025-08-29,28.7,26.9,32,.2,3.2,26.4,1011,13.1,5.5,30.2
129,서산,2025-08-30,28.7,25.8,31.9,,2.1,25.8,1011.3,13.1,3.1,30.5
129,서산,2025-08-31,27.4,24.2,31.8,0,2.2,24.6,1007,13,4.8,28.8
129,서산,2025-09-01,25.7,24,28,18,2.8,24.8,1003.6,13,8.4,27.8
129,서산,2025-09-02,24.8,21.6,30.4,,.7,21.3,1007.3,12.9,4.5,27.6
129,서산,2025-09-03,26,20.1,32.1,,1.3,21.8,1008.3,12.9,5.3,28
129,서산,2025-09-04,25.8,23.6,30.1,3.7,1.6,24,1007,12.9,7.6,27.8
129,서산,2025-09-05,27.7,23.2,32.2,,1.6,24.2,1007.3,12.8,3.1,29.1
129,서산,2025-09-06,26.2,23.7,30.2,68.7,2.9,25.2,1005.3,12.8,7.6,28.2
129,서산,2025-09-07,24,19.1,27.2,0,1,21.6,1006.1,12.7,8.6,26.9
129,서산,2025-09-08,22.5,18.1,27,0,.5,19.9,1008.6,12.7,8.8,25
129,서산,2025-09-09,22.7,19.5,26.2,.3,.9,20,1010.3,12.7,7.4,25.5
129,서산,2025-09-10,23.5,18.2,30.1,,1.6,18.3,1010.4,12.6,0,25.2
129,서산,2025-09-11,24.7,18.9,30.3,,2,18.4,1012.6,12.6,2.8,25.4
129,서산,2025-09-12,22.4,20.4,25.2,48.7,2.8,19.4,1009.6,12.5,10,23.5
129,서산,2025-09-13,23.7,20.8,26.5,32.5,1.5,22.4,1003.4,12.5,9.5,25.3
129,서산,2025-09-14,23.9,20.7,27.8,,.7,21.9,1009.2,12.5,7.9,25.6
129,서산,2025-09-15,24.2,18.9,29.8,,.9,21,1012.5,12.4,4.8,25.8
129,서산,2025-09-16,24.2,20.9,29.6,38.2,1.5,23,1009.8,12.4,8.3,26.6
129,서산,2025-09-17,22.8,20.6,24.3,14.9,1.9,22.1,1007.7,12.4,9,25.9
129,서산,2025-09-18,22,19.8,26.8,0,1.4,19.1,1012.5,12.3,7.9,24.4
129,서산,2025-09-19,19.3,17.9,22.1,24.6,1.4,18,1012.4,12.3,9.9,22
129,서산,2025-09-20,19.9,17.3,24.5,59.9,1.5,17.8,1007.1,12.2,7,22.1
129,서산,2025-09-21,21.1,16.6,26.3,,1.7,16.8,1014.4,12.2,5.5,23.4
129,서산,2025-09-22,21,18.2,25.2,0,1.9,15.7,1017.1,12.2,9.3,23
129,서산,2025-09-23,21.7,18.1,26.4,0,1.9,15.3,1015.3,12.1,8.3,23.2
129,서산,2025-09-24,21.6,18,25,33.7,1.3,19.9,1010.9,12.1,7.9,23
129,서산,2025-09-25,21.4,16.8,25.8,1,.9,19.9,1015.3,12.1,8.9,24.2
129,서산,2025-09-26,20.6,15.3,26.5,,1.2,17.6,1016.8,12,3.9,23.7
129,서산,2025-09-27,21.7,17.1,26.8,,1.4,18.8,1014.2,12,6.3,23.8
129,서산,2025-09-28,20.2,19,21.9,48.3,1.6,19.3,1008.6,11.9,9.6,23
129,서산,2025-09-29,19.6,14.6,24.5,,1.2,15.5,1010.5,11.9,4.3,22.7
129,서산,2025-09-30,18.1,13.9,24.8,,.8,15.3,1010.5,11.9,5.1,21.1
129,서산,2025-10-01,19.2,13.7,25.7,.4,1.2,15.8,1011.7,11.8,3.9,22.1
129,서산,2025-10-02,20.1,16.8,25.2,2.6,.8,17.4,1014.9,11.8,10,22.3
129,서산,2025-10-03,19.1,18,20.2,5.2,2.3,18.1,1012.3,11.7,8.8,21.6
129,서산,2025-10-04,21.1,18.8,24.1,.2,1.5,19.8,1010.7,11.7,8.5,23.2
129,서산,2025-10-05,21.6,20.4,24.1,3.2,1.2,20.5,1011.4,11.7,9,23.7
129,서산,2025-10-06,19.7,17.1,22.7,41.9,2.4,19.2,1011.2,11.6,9.9,22
129,서산,2025-10-07,19.8,17.4,23.3,7.9,2.8,19.3,1011.5,11.6,9.3,21.9
129,서산,2025-10-08,21,18.7,25.9,0,1.9,18.7,1013.9,11.6,6.4,23.2
129,서산,2025-10-09,20.9,17.8,25.9,.5,1.4,18.8,1015.3,11.5,8.8,22.6
129,서산,2025-10-10,20.1,19,22.8,3.1,1,18.2,1013.7,11.5,9.4,21.8
129,서산,2025-10-11,22.4,19.4,25.9,6,2.5,20.5,1009.8,11.4,6.8,23.7
129,서산,2025-10-12,19.9,18.4,22.3,.2,1.2,18.4,1010.6,11.4,8,22.9
129,서산,2025-10-13,17.9,15.6,19.5,27,1.7,17.6,1010.9,11.4,9.9,20.6
129,서산,2025-10-14,17.5,15.1,20.6,.1,2.6,15.7,1014.2,11.3,5.9,20.1
129,서산,2025-10-15,20.2,16.4,26,26.8,1.9,16.9,1015.2,11.3,5.4,21.1
129,서산,2025-10-16,19.7,17.7,23.7,8,1.8,17.3,1015.7,11.3,4,21.7
129,서산,2025-10-17,20,16.4,25.3,26.1,1.8,16.6,1017.1,11.2,5.8,20.7
129,서산,2025-10-18,15.3,12.3,17.6,15.8,2.2,13.6,1017.6,11.2,9.5,19
129,서산,2025-10-19,14.5,10.2,19.5,,2.2,10.2,1021.3,11.1,5.3,17.7
129,서산,2025-10-20,10.8,5.7,15.1,,2.5,4.6,1025.3,11.1,5,14.8
129,서산,2025-10-21,9.2,4.5,13.5,,1.8,3.6,1026.7,11.1,6.8,13.8
129,서산,2025-10-22,12.4,4.3,19.2,,1.8,8.1,1025.2,11,.9,14.3
129,서산,2025-10-23,14.6,11,20.9,,1.7,11.2,1024.1,11,3,16.2
129,서산,2025-10-24,14.8,10.8,21.8,,1.6,10.5,1022.4,10.9,3.8,16
129,서산,2025-10-25,13.3,10.7,17.9,,1.4,9.3,1019.1,10.9,6.9,16.1
129,서산,2025-10-26,12.8,11,14.8,2.3,1.3,10.4,1016.1,10.9,7.3,15.6
129,서산,2025-10-27,9.7,6.6,12.7,0,3.1,0,1020,10.8,2.1,12.4
129,서산,2025-10-28,8.3,1.9,15,,1.3,1.6,1025.1,10.8,.4,11.7
129,서산,2025-10-29,9.9,3.3,18,,.9,5.2,1025.7,10.8,0,12.3
129,서산,2025-10-30,11.2,4.3,17.9,,.7,6.8,1022.4,10.7,6,13.2
129,서산,2025-10-31,14.2,8.6,20.4,2.1,1.6,8.9,1014,10.7,6,14.7
129,서산,2025-11-01,12.3,7.4,17.2,5,2.2,8.1,1011.1,10.7,3.4,14.5
129,서산,2025-11-02,8.8,4.8,12.2,,3.4,1.3,1017.7,10.6,3.6,11.9
129,서산,2025-11-03,6.1,-1.3,14.2,,1.2,-.4,1025.6,10.6,0,9.4
129,서산,2025-11-04,9.2,2.6,17.5,,1.1,4.5,1023.7,10.6,0,11.1
129,서산,2025-11-05,11.2,5.1,18.4,,1.7,5.2,1021.3,10.5,.4,11.6
129,서산,2025-11-06,11.1,5.1,18.8,,1.3,7.2,1021.5,10.5,2.5,12
129,서산,2025-11-07,12.7,7,21,,1,8.7,1021.2,10.5,2.5,13
129,서산,2025-11-08,14,9.1,17.8,0,1.1,9.2,1019.1,10.4,8.9,13.8
129,서산,2025-11-09,13.3,9.4,17.7,,2.4,7.3,1014.8,10.4,.3,13.5
129,서산,2025-11-10,8.1,2,12.3,,2.3,-3.2,1018.1,10.4,1.1,9.9
129,서산,2025-11-11,8,1.8,15.1,,1.1,1.8,1020.4,10.3,3.6,9.9
129,서산,2025-11-12,8.7,2.5,18.3,,.8,5.2,1020.3,10.3,0,10.2
129,서산,2025-11-13,8.6,2.5,17.5,,1.1,4.9,1017,10.3,.9,10.1
129,서산,2025-11-14,6.7,.7,14.8,,1.1,2.4,1019,10.3,1.1,8.7
129,서산,2025-11-15,7.9,1.2,18.3,,.8,.4,1023.6,10.2,1.6,8.6
129,서산,2025-11-16,10.6,3.1,17.6,0,2,5.9,1022.9,10.2,4.4,10.7
129,서산,2025-11-17,5.4,3.8,10.6,,3.8,-4.3,1026.7,10.2,7,8.2
129,서산,2025-11-18,3.8,1.4,7.5,0,2,-3.5,1024.3,10.1,7.8,7.5
129,서산,2025-11-19,4,-1.1,8.9,,1.3,-2.7,1023.1,10.1,4.5,7.1
129,서산,2025-11-20,7.9,1.8,14.7,,2,2.4,1021.4,10.1,3,8.6
129,서산,2025-11-21,5.2,-1,12.7,,1.3,-.8,1022.9,10.1,.4,6.8
129,서산,2025-11-22,7.5,1,15.1,,1.1,3.5,1022.5,10,2.5,7.8
129,서산,2025-11-23,10.2,5.1,14,,2.2,7,1018.7,10,8.1,10.1
129,서산,2025-11-24,11.7,5.8,16.4,,2,8.5,1014.3,10,2,11.1
129,서산,2025-11-25,7.8,4.4,10.3,5,3.4,3.1,1014,10.6,7.9,9.3
129,서산,2025-11-26,5.8,.8,11.1,,1,.9,1021.3,9.9,4.8,8.8
129,서산,2025-11-27,6.7,.9,9.4,6.8,3.7,2.1,1013.2,9.9,8.8,7.5
129,서산,2025-11-28,3.8,-1.2,9.4,,1.7,-6,1018.6,9.9,1.4,6
129,서산,2025-11-29,7.1,-2.4,13,,2.7,2.8,1013.7,9.9,1,6.6
129,서산,2025-11-30,12.3,7.4,15.6,,2.5,10.5,1012.4,9.9,1.5,11.5
129,서산,2025-12-01,5.5,-.2,12.1,,2.2,-2.5,1018.1,9.8,.5,7.6
129,서산,2025-12-02,1.7,-1.5,3.9,0,2.8,-6.8,1021.6,9.8,6.5,4.9
129,서산,2025-12-03,-3.3,-5.6,-1.3,0,2.8,-10.6,1023.7,9.8,7.1,2.5
129,서산,2025-12-04,-.9,-7.1,4.5,.5,3.2,-7.4,1023.4,9.8,4.4,2.6
129,서산,2025-12-05,-.5,-4.7,4.2,,1.7,-6.9,1024.9,9.8,1.1,2
129,서산,2025-12-06,6.3,-2.6,11,,3.1,1.3,1017.3,9.8,5.1,5.3
129,서산,2025-12-07,8.2,.4,13.2,,2,4.9,1017.5,9.8,3.5,6.9
129,서산,2025-12-08,3.2,-2.7,8.9,,2,-6.5,1024.8,9.7,1.6,4.3
129,서산,2025-12-09,1.9,-3.3,9.4,,.9,-2,1025,9.7,3.9,4.5
129,서산,2025-12-10,4.9,-.6,10.7,0,1.4,1.9,1021.1,9.7,7.1,5.5
129,서산,2025-12-11,5.2,-.7,10.2,13.9,2.8,.2,1019.3,9.7,3.9,6.4
129,서산,2025-12-12,1.6,-3,7.1,,1.9,-4.9,1027,9.7,4.4,2.8
129,서산,2025-12-13,2.4,.2,5.1,10,1,.9,1019.5,9.7,9.4,4.6
129,서산,2025-12-14,1.5,-.7,4.5,.6,2,-2,1018,9.7,7.6,3.8
129,서산,2025-12-15,2.2,-2,7.4,,.9,-.6,1021.4,9.7,7.5,4.2
129,서산,2025-12-16,6.4,2.7,9,.1,1.3,4.4,1018.6,9.7,8.8,6
129,서산,2025-12-17,3.2,-2.1,7.3,,1.7,-.9,1021.4,9.7,1.1,4.9
129,서산,2025-12-18,1.3,-4,9.6,,.9,-3.4,1023.5,9.7,.5,2.8
129,서산,2025-12-19,6,-3.2,14.7,,1.3,2.1,1017.8,9.6,4.4,4.9
129,서산,2025-12-20,8.9,3.4,12.3,,2.4,5.4,1016.9,9.7,7.9,7.9
129,서산,2025-12-21,-.5,-5.5,3.5,,2.8,-9.7,1026.9,9.6,2.4,2.4
129,서산,2025-12-22,-1.1,-6.4,5.2,,1.5,-10.1,1027.7,9.7,2,.8
129,서산,2025-12-23,2.5,-2.9,6.1,13,1.3,-1,1018.7,9.6,9.4,2.7
129,서산,2025-12-24,2.5,-2.3,5.6,0,1.8,-.8,1016.2,9.7,4.9,4.3
129,서산,2025-12-25,-1.6,-5.7,2.2,,4.6,-9.3,1019.3,9.7,4.3,.7
129,서산,2025-12-26,-6.3,-8.3,-3.1,,3,-14.7,1025.1,9.7,2.1,-1.1
129,서산,2025-12-27,-2.7,-7.9,1,0,.9,-4.9,1022.5,9.7,8.5,.1
129,서산,2025-12-28,3.3,-1.2,8.1,2,1.5,1.8,1018.3,9.7,6.8,2.6
129,서산,2025-12-29,5.4,-.4,10.5,.3,1.9,1.9,1015.9,9.7,2.8,4.8
129,서산,2025-12-30,-.4,-4,3.4,,1.6,-10.1,1022.8,9.7,2,1
129,서산,2025-12-31,-3.6,-6.1,-.7,.5,3.1,-11.5,1025.8,9.7,1,.7
177,홍성,2025-01-01,2.2,-4.7,10,,1.9,-4,1019.5,9.7,.9,.8
177,홍성,2025-01-02,.5,-5.9,6.4,,1.8,-8.3,1021.9,9.7,0,-.7
177,홍성,2025-01-03,-1.3,-7.1,4.1,.8,1.9,-7.3,1023.5,9.7,3.1,-.8
177,홍성,2025-01-04,-1.6,-8.1,6.3,,.7,-6.5,1023.6,9.8,1.6,.3
177,홍성,2025-01-05,1.6,-4,4,1.7,1.3,-1.1,1016.2,9.8,8.3,.6
177,홍성,2025-01-06,1.4,-.7,4.8,0,2.7,-3.5,1014.2,9.8,6.6,.6
177,홍성,2025-01-07,-.9,-5.2,2.5,0,2.3,-6.6,1016.1,9.8,3.9,-1.2
177,홍성,2025-01-08,-2.5,-4.9,.4,1.9,1.9,-5.7,1017.8,9.8,6.9,-.6
177,홍성,2025-01-09,-8.8,-13.4,-4.5,.4,3.1,-14.4,1023.9,9.8,5.4,-1
177,홍성,2025-01-10,-8.3,-15.6,-2,0,.9,-12.6,1029.1,9.8,3.9,-2.9
177,홍성,2025-01-11,-4.1,-7.3,-.2,0,1.1,-7.8,1026,9.9,8.1,-1
177,홍성,2025-01-12,-2.9,-9,4.5,0,1,-6.6,1021.7,9.9,4.8,-1.4
177,홍성,2025-01-13,0,-7.4,5.7,.1,1.6,-3.9,1022.3,9.9,6.3,-.8
177,홍성,2025-01-14,3.9,.6,8,.8,2.6,-2.7,1021.5,9.9,6.1,1.8
177,홍성,2025-01-15,-2,-4.3,1.2,0,2.6,-11,1026,9.9,3.1,-1.4
177,홍성,2025-01-16,1.1,-5,5.4,,2.2,-5.7,1022,10,6.9,-.2
177,홍성,2025-01-17,-.6,-6.4,6.9,,1.3,-7.5,1023.8,10,0,-1.1
177,홍성,2025-01-18,-.9,-8.2,7.1,,.8,-8.1,1021.1,10,2.6,-1.7
177,홍성,2025-01-19,1.7,-5.5,9.9,,1.2,-2.7,1014.3,10,5,.8
177,홍성,2025-01-20,1.5,-2.7,7.3,,1.1,-2.7,1013.5,10.1,5,1.2
177,홍성,2025-01-21,.9,-4.9,8.8,,1.1,-2.8,1019.2,10.1,1.8,.9
177,홍성,2025-01-22,2.5,-3,9,,1.4,-2.2,1021.2,10.1,5.8,1.8
177,홍성,2025-01-23,-.2,-6.1,8.3,,1.1,-6.3,1022.1,10.1,0,.1
177,홍성,2025-01-24,-.3,-7.5,8.4,,1.2,-7.1,1023.1,10.2,0,-1
177,홍성,2025-01-25,2.5,-5,10.3,,1.8,-3.7,1024.9,10.2,3.4,.2
177,홍성,2025-01-26,4,.7,7.7,0,1.7,-3.6,1021.4,10.2,7.8,2.3
177,홍성,2025-01-27,-.1,-2.3,3.5,6.7,3.8,-3.6,1012.9,10.3,8.5,1.4
177,홍성,2025-01-28,-1.7,-2.6,.2,4.3,4.4,-5.2,1014.2,10.3,8.5,.6
177,홍성,2025-01-29,-3.4,-7.5,.8,4.3,1.7,-7.3,1022.3,10.3,5.9,.5
177,홍성,2025-01-30,-3.8,-8.1,.3,0,1.2,-9.1,1025,10.3,3.4,.4
177,홍성,2025-01-31,-.4,-5.8,3.2,0,1.5,-4.4,1022.6,10.4,9.5,.2
177,홍성,2025-02-01,1.5,-2.1,5.5,.1,1.5,-1.1,1018,10.4,6,2.2
177,홍성,2025-02-02,.9,-4.7,7.8,0,1.3,-2.8,1015.7,10.4,5.6,1.3
177,홍성,2025-02-03,-2.2,-5.3,2.7,0,3.6,-11.2,1018.1,10.5,3.9,-.7
177,홍성,2025-02-04,-6.1,-7.4,-4,0,3.1,-12.3,1017.1,10.5,7.4,-3.7
177,홍성,2025-02-05,-7.3,-13.3,-2.4,.2,1.9,-12.7,1016.3,10.5,5,-1.7
177,홍성,2025-02-06,-5.1,-12.9,.4,.5,1.9,-9.5,1018.2,10.6,3.5,-2.4
177,홍성,2025-02-07,-6.3,-8.3,-1.6,4.4,3.6,-11.2,1018.7,10.6,6.3,-1
177,홍성,2025-02-08,-6.2,-11.6,-1.4,0,1.9,-11.8,1025.7,10.6,4.6,-1.5
177,홍성,2025-02-09,-4.4,-11.2,.9,0,1.5,-9.1,1024.5,10.7,4.4,-1.8
177,홍성,2025-02-10,-3.6,-8.8,1.6,.1,1.3,-7.7,1024.2,10.7,3.6,-1.5
177,홍성,2025-02-11,-1.5,-9.4,6.9,,1,-6.4,1024.6,10.7,1.3,-1.2
177,홍성,2025-02-12,1.4,-1.1,5.6,5.7,2.2,-3.1,1014.7,10.8,7.8,-.1
177,홍성,2025-02-13,1.4,-6,6.1,,2.8,-7.7,1021.1,10.8,1.5,-.2
177,홍성,2025-02-14,3.8,-1.1,9.8,,2.4,-1.1,1018.9,10.8,1.1,2.1
177,홍성,2025-02-15,1.6,-4.7,8.4,,1.1,-2.3,1014.9,10.9,4.9,1.7
177,홍성,2025-02-16,3.3,-3,10.2,,2,-1.1,1013.8,10.9,5,2.8
177,홍성,2025-02-17,.9,-2.1,5,,3.4,-11.6,1021.6,11,0,.3
177,홍성,2025-02-18,-.9,-3.6,2.8,,3.2,-12.8,1024.1,11,.8,-1.3
177,홍성,2025-02-19,-2.4,-7.9,1.7,,2.5,-12.2,1026.1,11,0,-1.4
177,홍성,2025-02-20,-2.7,-8.9,2.8,,2.3,-12,1027.4,11.1,0,-1.4
177,홍성,2025-02-21,-1.9,-8.7,3,,2.3,-11.5,1028.2,11.1,1.1,-1
177,홍성,2025-02-22,-1.8,-7.7,3.8,.5,1.8,-9.5,1029.5,11.1,1.6,1.1
177,홍성,2025-02-23,-2.8,-7.3,.9,0,3,-11.6,1028.8,11.2,4.4,-1.4
177,홍성,2025-02-24,-1.5,-8.5,5.1,,2.1,-10.7,1028.9,11.2,0,-.1
177,홍성,2025-02-25,1.1,-6.5,6.4,,2.4,-3.4,1024,11.2,3.3,.5
177,홍성,2025-02-26,4.6,-.7,10.4,,2.7,-6.3,1021.3,11.3,.8,3.4
177,홍성,2025-02-27,4.7,-6.7,15.5,,1.5,-11.4,1018.5,11.3,2.6,4
177,홍성,2025-02-28,7.2,1.5,14.7,0,1.2,1.3,1016.9,11.4,5.4,6.5
177,홍성,2025-03-01,5.2,-1.5,9.3,4.9,.9,3.4,1014.3,11.4,9.8,5
177,홍성,2025-03-02,9.2,4.1,13.6,8.1,2.8,6.4,1010.9,11.4,10,8.4
177,홍성,2025-03-03,3.7,.7,5.9,25.1,5.8,-.9,1017.1,11.5,9.4,4.5
177,홍성,2025-03-04,2.3,.3,3.4,2.9,4.4,-1.2,1017.2,11.5,9.8,2.5
177,홍성,2025-03-05,4.2,1.5,7.3,0,2,-.8,1018.9,11.5,8.8,4.3
177,홍성,2025-03-06,3.1,-1.9,9,,1.9,-3.4,1023.1,11.6,1.3,2.8
177,홍성,2025-03-07,3.5,-3.5,11,,1.6,-4.1,1024.1,11.6,4.9,3.7
177,홍성,2025-03-08,4.6,-.2,10.7,,1.8,-1.8,1023.1,11.7,4.5,5
177,홍성,2025-03-09,5,-1.7,12.7,,1.5,-.1,1026.5,11.7,.4,6.2
177,홍성,2025-03-10,5.8,-1.7,14.3,,1.6,-.8,1022.8,11.7,2.6,6.3
177,홍성,2025-03-11,7.2,-1.3,17.1,,1.2,-.2,1017.4,11.8,2.5,8.7
177,홍성,2025-03-12,7.2,2.3,14.1,,1.9,2,1013.8,11.8,7.9,8.1
177,홍성,2025-03-13,8.1,2.3,14.7,,1.8,-2.1,1019.6,11.9,6.5,9.1
177,홍성,2025-03-14,10.3,1.3,19.3,,2,-2.5,1021.1,11.9,2.8,9.9
177,홍성,2025-03-15,10.5,6.8,16.3,,2.2,1.1,1017.7,11.9,7.6,11.3
177,홍성,2025-03-16,4.2,1.3,7.5,0,3.4,-4.7,1012.1,12,6.8,7.2
177,홍성,2025-03-17,3.1,0,7.2,.9,3.1,-8.2,1014.1,12,4.3,5.7
177,홍성,2025-03-18,1.8,-.4,4.3,3.7,4.4,-5,1013.1,12.1,7.8,3.1
177,홍성,2025-03-19,1.5,-4.8,7.6,,2.3,-6,1021.1,12.1,.6,4
177,홍성,2025-03-20,6.9,-1.6,13.7,,3.4,1.5,1015.5,12.1,.5,7.1
177,홍성,2025-03-21,10.6,5.5,16.9,,3.5,3.9,1009.4,12.2,0,10.8
177,홍성,2025-03-22,12.7,6.4,19.8,,3.3,3.8,1007.4,12.2,0,12.5
177,홍성,2025-03-23,13,6.2,22.8,,2.7,3.9,1006.5,12.3,4,12.3
177,홍성,2025-03-24,13.8,10.5,17.9,0,3.8,6.7,1000.8,12.3,4,14.4
177,홍성,2025-03-25,13.2,8.9,23.2,,3.9,4.1,998.5,12.3,3.8,13.7
177,홍성,2025-03-26,17.2,2.6,27.5,,2.3,1.7,1000.1,12.4,2.1,16.5
177,홍성,2025-03-27,13.3,6.3,21.2,.1,3.3,6.8,999.3,12.4,9.4,14.6
177,홍성,2025-03-28,6.1,2.1,10.5,,2.9,-4.9,1012.5,12.4,4.8,10.2
177,홍성,2025-03-29,2.5,-2.7,7.4,1,3,-7,1020.5,12.5,4.6,6.5
177,홍성,2025-03-30,3.4,-3.8,8.7,0,2.6,-5,1025.4,12.5,2,6.2
177,홍성,2025-03-31,7,.4,13.4,,2.4,-.7,1022.2,12.6,3.3,10.3
177,홍성,2025-04-01,8,-.3,17.3,,1.6,-1,1019,12.6,1.6,12.4
177,홍성,2025-04-02,7.1,-.8,16,0,2.1,-1.1,1016,12.6,4.8,8.8
177,홍성,2025-04-03,8.3,2.1,14.8,,1.7,2.2,1016.9,12.7,3.4,10.3
177,홍성,2025-04-04,9.5,3.1,16.1,,2.4,1.7,1016.3,12.7,3.8,13.4
177,홍성,2025-04-05,8.2,6.7,10,13.3,2.4,5.3,1009.2,12.8,9.3,8.9
177,홍성,2025-04-06,9.4,3.8,15.7,,3.3,2.1,1012.8,12.8,0,10.5
177,홍성,2025-04-07,12.4,1.4,18.9,,2.9,1.9,1013.1,12.8,.6,13
177,홍성,2025-04-08,13,6.2,19.5,,3.2,2.9,1010.9,12.9,.5,15
177,홍성,2025-04-09,11.3,1.8,17.8,0,1.8,.8,1007.7,12.9,7.6,11.9
177,홍성,2025-04-10,12.8,6.7,19.2,,1.6,3.5,1004,12.9,2.8,15.3
177,홍성,2025-04-11,13.5,3,24.4,,1.6,4.4,1007.2,13,2.5,15.8
177,홍성,2025-04-12,12.3,2,22.8,20.6,2.1,3.9,1002.7,13,8.6,13
177,홍성,2025-04-13,5.4,1,9.3,2.2,4,.4,998.3,13.1,6.9,8.3
177,홍성,2025-04-14,5.2,2.1,8.1,8.7,2.4,1.8,995.4,13.1,8.8,7.4
177,홍성,2025-04-15,8.2,1.7,13.6,,3,2.2,1004,13.1,1,10
177,홍성,2025-04-16,14.4,3.6,22.1,,2.5,5.3,1004.1,13.2,2.8,12.5
177,홍성,2025-04-17,19.9,14.9,25.3,,3.6,12.8,1001.7,13.2,4.1,17.3
177,홍성,2025-04-18,18.9,14.9,25.7,,3.2,13.1,1005.9,13.2,2.9,19.2
177,홍성,2025-04-19,17.5,12.3,22.4,3.3,3.8,13.8,1005.3,13.3,9.4,18.7
177,홍성,2025-04-20,15.7,11,23.1,,2.3,10.5,1009.2,13.3,4,17.5
177,홍성,2025-04-21,18.8,10.2,26.6,,1.6,13,1010,13.4,6.6,19.9
177,홍성,2025-04-22,17.6,16.2,19.4,24.3,1.8,14.9,1001.8,13.4,9.1,17.6
177,홍성,2025-04-23,16.9,10.8,23.4,,2.4,11.6,1003.2,13.4,4.1,18.6
177,홍성,2025-04-24,13.7,10,18.5,,3.1,3.8,1006.8,13.5,4.1,15.5
177,홍성,2025-04-25,11.8,3.6,18.3,,2.9,-3.3,1013.3,13.5,.1,14.7
177,홍성,2025-04-26,13,5.5,19.8,,3.3,2.3,1015.2,13.5,.5,15.4
177,홍성,2025-04-27,15.7,10,21.7,,3.1,-.7,1011.6,13.6,7,15.2
177,홍성,2025-04-28,13.9,7.6,21.3,,2.6,3.4,1007.1,13.6,.4,17.8
177,홍성,2025-04-29,13.1,4.1,20.7,,2.5,0,1009.7,13.6,0,17.2
177,홍성,2025-04-30,16.7,6,25.2,,2.6,2.5,1009.6,13.7,0,19.2
177,홍성,2025-05-01,14.3,9.4,19.9,16.5,2.6,8.4,1004.1,13.7,6.3,14.8
177,홍성,2025-05-02,13.1,8.5,18.7,0,2.5,3.6,1007.5,13.7,5.1,14
177,홍성,2025-05-03,10.4,7.6,15.1,18.8,2.5,6.4,1006.1,13.8,7.1,12.2
177,홍성,2025-05-04,13.9,7.5,20,,2.9,3.2,1009.8,13.8,0,14.9
177,홍성,2025-05-05,11.7,5.9,15.6,0,1.2,6,1008.2,13.8,7.9,12.2
177,홍성,2025-05-06,13.1,8.5,18.6,,2.1,5.2,1004,13.9,3.1,13.1
177,홍성,2025-05-07,13.1,6.6,20.1,,2.3,6.5,1010.4,13.9,4,16.3
177,홍성,2025-05-08,16.2,6.7,24.8,,1.5,7,1013.1,13.9,5.6,19.4
177,홍성,2025-05-09,15.2,13.3,17,14.9,2.3,12,1000.4,13.9,10,15.2
177,홍성,2025-05-10,12.1,11.1,15,2.4,4.9,10,998.7,14,10,12.7
177,홍성,2025-05-11,14.1,10.3,20.4,,2.4,9.8,1003,14,4.9,15.7
177,홍성,2025-05-12,16.5,8.8,23.1,,2.8,7.8,1006.8,14,.3,17.3
177,홍성,2025-05-13,19.3,10.9,26,,2.6,7,1011.1,14.1,4.5,19.7
177,홍성,2025-05-14,20.1,10.3,26.6,,2,11.2,1011.9,14.1,4.5,20.8
177,홍성,2025-05-15,18.8,16.7,21.5,.9,2.6,16.2,1011,14.1,9.8,19.6
177,홍성,2025-05-16,20.1,17.7,24,7.2,1.6,17.5,1007.8,14.1,10,20.2
177,홍성,2025-05-17,18,13.8,23.9,1.9,3.1,14.5,1002.9,14.2,7,20.8
177,홍성,2025-05-18,15.6,10.2,22.1,,1.6,7.8,1008,14.2,5,18.6
177,홍성,2025-05-19,17.1,10.4,20.8,,3,12.6,1002.8,14.2,7.6,17.1
177,홍성,2025-05-20,23.4,19.7,27.7,0,3.4,20.9,1004.3,14.2,8.1,24
177,홍성,2025-05-21,24.6,20,30.7,,1.5,20.3,1003,14.3,6.9,27
177,홍성,2025-05-22,21.5,19.4,26,0,1.5,18.9,1003.7,14.3,7.6,22.4
177,홍성,2025-05-23,19,15.5,22.6,2.2,1.6,11.4,1007.1,14.3,9.6,19.9
177,홍성,2025-05-24,15.1,12.7,18.3,11.6,3,11.7,1005.9,14.4,9.1,16.4
177,홍성,2025-05-25,16.6,10.2,22.7,,2.1,10.8,1011.2,14.4,.8,19.5
177,홍성,2025-05-26,18.3,11,26.2,,1.9,11.7,1013.4,14.4,3,22.2
177,홍성,2025-05-27,19,12.9,26.1,,2.3,13.1,1014.4,14.4,1.4,22.6
177,홍성,2025-05-28,20.7,14.8,27.4,,1.9,12.9,1014.1,14.4,4.1,23.8
177,홍성,2025-05-29,19.9,13.2,27.2,,1.8,11.5,1011.5,14.4,2.9,23.3
177,홍성,2025-05-30,20.1,13,27.3,,1.6,12.2,1009,14.5,.8,24
177,홍성,2025-05-31,19.4,14,25.8,,1.7,13.8,1007.8,14.5,6.8,22.8
177,홍성,2025-06-01,21,13.4,29.1,,1.5,12.2,1006,14.5,4.9,25.2
177,홍성,2025-06-02,19.3,16.8,23.1,0,1.1,13.1,1000.4,14.5,9.5,21.4
177,홍성,2025-06-03,19.4,15,24.7,,2.5,13.4,997.7,14.5,1.6,24.9
177,홍성,2025-06-04,20.2,14.2,27,,3.5,9.9,1002,14.5,0,24.7
177,홍성,2025-06-05,20.5,12.9,27.2,,2.6,9.7,1007.2,14.6,4,25.4
177,홍성,2025-06-06,23.8,17.4,29.1,,2.8,9,1005,14.6,6.3,25.7
177,홍성,2025-06-07,23.9,20.7,28.3,0,3,17.5,1004.6,14.6,7.5,27.9
177,홍성,2025-06-08,24.1,20.6,29.8,0,2.4,20,1004.3,14.6,6.9,29.3
177,홍성,2025-06-09,23.8,20.6,29.3,0,2,19.6,1003.5,14.6,6.1,28.9
177,홍성,2025-06-10,21.6,18.1,26.8,,2.4,17.3,1004.2,14.6,7.6,26.5
177,홍성,2025-06-11,22.1,14,29.1,,2.2,11.7,1008.6,14.6,4.5,28.2
177,홍성,2025-06-12,23.2,15.2,30.4,,1.5,14.2,1010.8,14.6,7.9,28.9
177,홍성,2025-06-13,21.5,18.5,26.1,6.5,1.5,16.9,1008.7,14.7,9.6,23.6
177,홍성,2025-06-14,23.9,19.3,29.8,8.7,2.1,20.3,998.5,14.7,5.8,25.5
177,홍성,2025-06-15,24.4,18.6,30.7,3.3,2.7,20.6,995.5,14.7,7.1,28.5
177,홍성,2025-06-16,22.4,21.4,23.6,1.5,2.8,20.9,995.3,14.7,8.8,23
177,홍성,2025-06-17,23.7,21.2,28.8,11.3,2.4,21.1,1001.4,14.7,6.8,27.2
177,홍성,2025-06-18,24.4,19.5,30.8,,2.1,17.5,1007.4,14.7,4,30.1
177,홍성,2025-06-19,26,18.9,31.7,1.6,2,20.8,1008.2,14.7,6.9,28.9
177,홍성,2025-06-20,24.4,22.6,26.7,82.2,4,22.8,1001.2,14.7,10,24.4
177,홍성,2025-06-21,20.9,19.1,22.6,38.7,2.1,19.6,1000.9,14.7,9.8,22.5
177,홍성,2025-06-22,22.6,17.9,27.5,,2.5,16.7,1003.5,14.7,2.3,24.7
177,홍성,2025-06-23,24.3,17.5,31.2,,1.9,18.1,1003.9,14.7,2.8,26.4
177,홍성,2025-06-24,22.5,19.6,26.8,12,2.2,18.9,1003.6,14.7,9.1,23.2
177,홍성,2025-06-25,20.4,19.8,21.9,8.8,2.1,19,1002.9,14.7,9.1,21.6
177,홍성,2025-06-26,22.1,19.9,26.6,,1.9,19.2,1005.6,14.7,8.4,23.8
177,홍성,2025-06-27,25.4,20,31,,1.3,20.8,1004.8,14.7,6.9,26.5
177,홍성,2025-06-28,26.2,24.2,30,0,2,23.4,1003.8,14.7,9,27.2
177,홍성,2025-06-29,27.3,24.5,30.8,,2.7,23,1004.6,14.6,3.5,30
177,홍성,2025-06-30,27.6,23.9,31.8,,2.6,23.1,1007.1,14.6,5.6,29.7
177,홍성,2025-07-01,28.3,24.7,32.4,0,2.7,24.6,1008.8,14.6,6,31.3
177,홍성,2025-07-02,28.5,25.9,32,,3,24.4,1008.9,14.6,7.3,33.2
177,홍성,2025-07-03,27.9,25,31.8,,2.8,23.1,1006.7,14.6,5.9,33.1
177,홍성,2025-07-04,27.2,25.5,30.3,,3.4,23.2,1003.8,14.6,7,31.2
177,홍성,2025-07-05,28,25.1,31.5,,3,23.2,1002.4,14.6,5.3,32.9
177,홍성,2025-07-06,28.4,25.9,32.3,,3.1,24,1001.5,14.6,7.3,33.3
177,홍성,2025-07-07,29.1,26,34.1,,1.8,24.7,1002.3,14.6,5.6,33.5
177,홍성,2025-07-08,30,24.7,36.7,0,1.5,24.7,1003.7,14.6,2.9,36.6
177,홍성,2025-07-09,30.2,25.5,35.6,,1.8,22.1,1005.1,14.5,.9,37.3
177,홍성,2025-07-10,29.3,22.4,35.3,,2.1,18.2,1006.4,14.5,.4,36.4
177,홍성,2025-07-11,29,22.8,34.6,,2.3,17.7,1007.5,14.5,.4,35.9
177,홍성,2025-07-12,27.6,21.9,35.7,,1.8,18,1005,14.5,3.5,35.6
177,홍성,2025-07-13,24.2,21.3,30.3,.6,1.1,20.6,998.6,14.5,8.1,26.5
177,홍성,2025-07-14,24.4,20.8,30.3,4.5,2.3,20,991.2,14.4,6.9,28.3
177,홍성,2025-07-15,23.8,21.4,28.1,1.2,1.9,19.7,992.8,14.4,8.6,25.1
177,홍성,2025-07-16,23,21.5,24.5,84.3,1.9,21.3,997.6,14.4,9.9,23.3
177,홍성,2025-07-17,23.1,21.2,25.5,353.3,2.3,21.9,999.8,14.4,10,23.8
177,홍성,2025-07-18,24.7,21.9,26.9,.8,1,22.7,1002.4,14.4,9.8,25.7
177,홍성,2025-07-19,25.8,23.7,28.4,23.1,2.1,23.7,1004.8,14.4,9.3,25.7
177,홍성,2025-07-20,28,24.1,32.9,,1.8,23.5,1008.2,14.3,5.9,28.4
177,홍성,2025-07-21,28.2,24.3,32.2,0,2.2,23.7,1010,14.3,4.4,29.3
177,홍성,2025-07-22,28.2,24.9,32.5,,1.8,23.5,1010.5,14.3,4.9,30.7
177,홍성,2025-07-23,27.8,23.5,33.3,,1.6,23,1009.2,14.3,3.9,30.8
177,홍성,2025-07-24,28.4,22.8,34.2,,1.4,22.6,1006.9,14.2,3,33.3
177,홍성,2025-07-25,29.6,23,35.5,,1.2,23.3,1004.7,14.2,.9,34.9
177,홍성,2025-07-26,29.8,24.1,35.6,,1.4,23.8,1003.3,14.2,3.5,35.3
177,홍성,2025-07-27,30.3,24.9,36.3,,1.4,24.1,1001.4,14.2,.5,37.3
177,홍성,2025-07-28,30.1,25.5,35.8,,1.4,23.9,999.5,14.1,1.8,36.5
177,홍성,2025-07-29,30.2,24.3,36.5,,1.3,24.3,996.9,14.1,1.6,36.7
177,홍성,2025-07-30,29.7,24.8,35,,1.5,24.5,996.8,14.1,6.9,36.9
177,홍성,2025-07-31,30.1,26.2,35.6,,1.6,22.4,998.9,14.1,7.6,38.1
177,홍성,2025-08-01,29.5,24.1,36.2,,1.5,22.9,999.1,14,5.8,35.7
177,홍성,2025-08-02,29.8,24.6,36.3,0,1.4,23.8,998.8,14,7.3,34.3
177,홍성,2025-08-03,26.3,22.9,30.8,36.3,1.2,23.4,996.9,14,9.8,28.4
177,홍성,2025-08-04,27,23.5,31.9,2.9,1.3,24.2,996.9,13.9,8.8,28.4
177,홍성,2025-08-05,28.3,23.6,33.5,1,2,23.1,1000.8,13.9,5.3,30.1
177,홍성,2025-08-06,27.9,24.7,30,.3,2.6,24.8,998.5,13.9,8.3,28
177,홍성,2025-08-07,27.4,23.5,31.6,0,2.5,22,999.3,13.8,5,29.4
177,홍성,2025-08-08,25.8,21.9,29.5,,1.7,21.3,1001,13.8,7.9,28.9
177,홍성,2025-08-09,24.2,23.1,26,.5,1,21.8,999.9,13.8,9,25.4
177,홍성,2025-08-10,25.9,19.7,31.8,,1.8,20.4,998.3,13.7,2.4,30.5
177,홍성,2025-08-11,24.2,22.1,26.2,2.9,.8,22.3,1001.4,13.7,8.4,25.5
177,홍성,2025-08-12,25.3,21.5,30.4,.4,1.7,21.5,1006.1,13.7,7.8,29.3
177,홍성,2025-08-13,26.5,23.1,31,40.6,2.5,23.8,1008.6,13.6,10,26.6
177,홍성,2025-08-14,26.6,24.1,30.3,21.9,2.1,23.8,1011.2,13.6,8.1,27.2
177,홍성,2025-08-15,28.2,24.2,32.6,0,2,23.8,1011.3,13.6,3.1,29.2
177,홍성,2025-08-16,27.7,24.4,32.3,,2,23.4,1009.9,13.5,4.3,30
177,홍성,2025-08-17,27.8,23.7,32.4,,2.1,23.3,1010.8,13.5,6.9,30.3
177,홍성,2025-08-18,28.6,25.1,32.6,0,2.5,24.1,1010.3,13.5,7.3,31.7
177,홍성,2025-08-19,28.3,24.9,31.8,7.3,2.4,24.8,1007.9,13.4,5.5,29.5
177,홍성,2025-08-20,28.6,24.9,33,,2.2,23.6,1006.1,13.4,5.8,30.7
177,홍성,2025-08-21,29.2,25.4,34.5,0,1.5,24.3,1006.4,13.4,5.8,34
177,홍성,2025-08-22,28.5,24.8,33.1,,1.8,23.6,1005.6,13.3,3.1,33.2
177,홍성,2025-08-23,28.6,24.3,33.7,,1.6,24.1,1006.8,13.3,3.4,33.9
177,홍성,2025-08-24,29.1,24.7,34.1,,1.8,23.7,1007.7,13.3,1.5,34.4
177,홍성,2025-08-25,29.1,25.3,33.8,15.8,2.8,24.2,1006,13.2,4.6,35.3
177,홍성,2025-08-26,26.5,23.8,31.1,38.3,2.1,23.6,1005,13.2,7.3,28.2
177,홍성,2025-08-27,26,22,31.4,,1.3,21.6,1007.4,13.2,5,28.2
177,홍성,2025-08-28,27.1,21.6,31.8,,2,23,1008.3,13.1,7.3,28
177,홍성,2025-08-29,29.1,26.8,32.3,0,2.6,25.3,1009.8,13.1,6.1,29.9
177,홍성,2025-08-30,29,25.8,33.5,,2.1,24.1,1010,13,3.4,31.9
177,홍성,2025-08-31,28.1,24.1,32.8,,2.1,23.1,1005.8,13,6,31.2
177,홍성,2025-09-01,25.3,23.6,26.7,87.1,2.1,23.3,1002.5,13,9.1,26.2
177,홍성,2025-09-02,24.9,21.2,29,0,1.1,21.4,1006,12.9,5.8,27.2
177,홍성,2025-09-03,26.1,19.4,33,,1.3,21.2,1007,12.9,6.4,28.2
177,홍성,2025-09-04,26,23.7,30.4,4.4,1.3,22.9,1005.7,12.8,6.8,27.7
177,홍성,2025-09-05,27.6,22.6,33,,1.6,22.7,1006,12.8,2.4,28.7
177,홍성,2025-09-06,27.3,23.5,31.6,38,2.7,23.9,1004.1,12.8,7.5,28.3
177,홍성,2025-09-07,24.7,19.2,28.7,.2,1.4,21,1004.7,12.7,8.3,26.1
177,홍성,2025-09-08,22.5,18.1,27.4,.1,1.1,19.4,1007.4,12.7,8.9,24.3
177,홍성,2025-09-09,22.2,19.6,25,.1,1.3,18.8,1009,12.7,8.5,24.1
177,홍성,2025-09-10,23.4,17.9,30.1,,1.7,18,1009,12.6,0,25.2
177,홍성,2025-09-11,24.1,16.9,30.2,,1.7,18.5,1011.3,12.6,3.4,26.7
177,홍성,2025-09-12,22.5,20.6,25.4,30.8,2,19.1,1008.4,12.6,9.8,22.8
177,홍성,2025-09-13,24.5,21.1,27.7,25.2,1.8,21.8,1002.1,12.5,9.4,25.9
177,홍성,2025-09-14,24.5,21.4,28.4,,1.1,21,1007.8,12.5,8.3,25.4
177,홍성,2025-09-15,24.1,18.8,28.8,,.9,20.4,1011.3,12.4,6.1,25.5
177,홍성,2025-09-16,24.6,21.5,30.9,62.4,1.6,22,1008.6,12.4,7.9,25.3
177,홍성,2025-09-17,22.9,21.5,25.8,14,1.9,21,1006.4,12.4,8.9,24.3
177,홍성,2025-09-18,21.9,19.6,26.9,4.7,1.4,18.5,1011.3,12.3,7.5,23.9
177,홍성,2025-09-19,19.6,17.7,22.2,28.8,1.4,17.2,1011.4,12.3,9.8,21.2
177,홍성,2025-09-20,19.9,17.2,25.4,64.9,1.5,17.3,1005.8,12.3,7.5,21.9
177,홍성,2025-09-21,21,16.5,26.3,,1.8,16.8,1013.1,12.2,6,24
177,홍성,2025-09-22,20.8,17.3,24.7,0,1.7,15.8,1016.1,12.2,8.6,22.3
177,홍성,2025-09-23,21.9,17.7,27,.1,1.5,15.9,1014.2,12.1,7.8,24.4
177,홍성,2025-09-24,21.5,17.2,25.1,18.4,1.1,19,1009.8,12.1,8.1,22
177,홍성,2025-09-25,21.5,17.7,24.8,3.8,.8,19.8,1014,12.1,9.8,23.5
177,홍성,2025-09-26,20.7,16,26.7,,1.2,17.6,1015.4,12,7.9,23.4
177,홍성,2025-09-27,22,16.4,28.8,.6,1.4,18.8,1012.9,12,8.1,23.2
177,홍성,2025-09-28,20.4,19,22,42.9,1.6,18.4,1007.3,11.9,9.8,21.7
177,홍성,2025-09-29,20.4,16,25.6,,1.3,15.5,1009.3,11.9,5.3,22.8
177,홍성,2025-09-30,18.3,14.1,25,,.9,14.9,1009.2,11.9,5.4,21.2
177,홍성,2025-10-01,19.7,13.1,26.3,0,1.6,15.2,1010.3,11.8,4.4,21.5
177,홍성,2025-10-02,20.1,16.9,25.3,1.7,1,16.9,1013.5,11.8,8.9,21.4
177,홍성,2025-10-03,19,18.3,20.3,8.5,1.8,17.2,1011.3,11.7,10,19.3
177,홍성,2025-10-04,21.3,18.6,25.1,1.6,1,19.3,1009.4,11.7,9,24.3
177,홍성,2025-10-05,21.6,19.8,24.6,2,1.3,19.7,1010.1,11.7,8.6,22.7
177,홍성,2025-10-06,19.9,17.8,22.3,43.1,1.5,18.5,1010.3,11.6,10,20.9
177,홍성,2025-10-07,20,17.7,22.9,11.7,1.5,18.7,1010.3,11.6,10,21
177,홍성,2025-10-08,21,18.3,25.8,0,1.7,18.6,1012.5,11.6,6.9,22.3
177,홍성,2025-10-09,20.9,16.9,26.4,0,1.4,17.2,1014.1,11.5,8.5,21.3
177,홍성,2025-10-10,20.6,18.8,24.8,2,.8,17,1012.7,11.5,9.6,20.8
177,홍성,2025-10-11,22.9,19.5,26.8,1,2.5,19.2,1008.5,11.4,7.3,23.9
177,홍성,2025-10-12,20.3,18.8,22.1,2.2,1.2,17.8,1009.3,11.4,9.5,21.6
177,홍성,2025-10-13,17.9,15.5,19.4,18.6,1.6,16.6,1009.9,11.4,10,19.1
177,홍성,2025-10-14,17.3,15.1,20.6,.4,2.4,15.4,1013,11.3,7.9,18.5
177,홍성,2025-10-15,19.9,16.2,26.1,29.4,1.6,16.3,1014.2,11.3,7,20.8
177,홍성,2025-10-16,19.7,17.2,23.9,11.3,1.7,16.9,1014.3,11.3,5.5,20.7
177,홍성,2025-10-17,20,16.2,25.3,27.8,1.5,16,1016,11.2,5.8,19.9
177,홍성,2025-10-18,16,13.5,18.1,13.6,2.1,13.4,1016.2,11.2,9.6,17.5
177,홍성,2025-10-19,14.9,10.8,20.7,,1.6,10.2,1019.9,11.1,6.9,16.1
177,홍성,2025-10-20,10.8,4.9,16.2,,2.4,5.3,1023.8,11.1,4.8,12.7
177,홍성,2025-10-21,8.9,4.8,14,,1.6,4.3,1025.3,11.1,7.6,10.7
177,홍성,2025-10-22,11.8,2.7,19.3,,1.8,7.9,1023.9,11,1.5,12.5
177,홍성,2025-10-23,15.2,11,22,,1.4,10.9,1022.6,11,3,16.4
177,홍성,2025-10-24,14.9,11,21.3,,1.4,10.1,1021,11,3.4,15.6
177,홍성,2025-10-25,13.3,9.6,18.5,,1.4,8.9,1017.7,10.9,7.5,13.8
177,홍성,2025-10-26,12.8,10,16.6,2.8,1.5,9.9,1014.8,10.9,9,13.5
177,홍성,2025-10-27,10.3,5.4,13.7,0,2.7,.2,1018.6,10.8,3.1,10.8
177,홍성,2025-10-28,8,1.5,15,,1.2,1.8,1023.9,10.8,.5,9.5
177,홍성,2025-10-29,9.2,2.1,18,,.9,4.7,1024.6,10.8,.3,10.8
177,홍성,2025-10-30,10.3,3.5,17.4,,.6,6.1,1021.2,10.7,5.1,11
177,홍성,2025-10-31,13,5.6,20.8,0,1.1,8.2,1012.8,10.7,4.9,13.2
177,홍성,2025-11-01,13.7,10.2,17.7,8.6,2.7,7.7,1009.7,10.7,4,13.4
177,홍성,2025-11-02,9.6,5.2,13.1,0,2.9,1.8,1016.2,10.6,3.6,10.5
177,홍성,2025-11-03,5.8,-1.2,13.8,,1.2,.1,1024.4,10.6,0,7.7
177,홍성,2025-11-04,9.3,2.6,17.8,,.9,4.4,1022.4,10.6,.8,10.2
177,홍성,2025-11-05,9.2,1.8,18,,1.1,4.5,1020,10.5,1.3,9.5
177,홍성,2025-11-06,10.1,2.6,19.5,,1.2,6.3,1020.1,10.5,3.3,10.3
177,홍성,2025-11-07,11.4,6.2,20.4,,.6,7.8,1020,10.5,3.5,11.9
177,홍성,2025-11-08,12.7,7.7,17.2,0,.8,9,1018,10.4,9.1,12.2
177,홍성,2025-11-09,13.2,8.5,18.8,0,2,6.7,1013.4,10.4,1.5,12.6
177,홍성,2025-11-10,8.1,2.6,13.3,,2.1,-2,1016.7,10.4,.8,8.8
177,홍성,2025-11-11,7.9,1.3,14.9,,1.3,2.5,1019.2,10.4,4.1,8.2
177,홍성,2025-11-12,8.6,1,17.6,,.9,4.1,1019,10.3,.5,8.8
177,홍성,2025-11-13,9.2,1.8,18,,1.5,4.1,1015.5,10.3,2.1,8.9
177,홍성,2025-11-14,8,1.1,16.1,,1.6,2.5,1017.6,10.3,.6,8.1
177,홍성,2025-11-15,7.4,0,16.5,,.9,.2,1022.5,10.2,2.9,7.7
177,홍성,2025-11-16,10.9,2.6,19.3,.6,1.8,4.5,1021.5,10.2,4.9,10.4
177,홍성,2025-11-17,5.8,3.7,11.9,,3.2,-3,1025.1,10.2,6.1,7.1
177,홍성,2025-11-18,3.2,-.7,8.1,0,1.8,-3.1,1023,10.2,7.6,6.1
177,홍성,2025-11-19,4.1,-.8,9.1,,1.5,-2.2,1021.9,10.1,4.8,5.8
177,홍성,2025-11-20,9,2.1,15.2,,2.6,2.6,1020.1,10.1,4.1,8.3
177,홍성,2025-11-21,6.2,-.7,12.5,,1.7,-.7,1021.7,10.1,.1,6.2
177,홍성,2025-11-22,8,2.5,15.2,,1.8,3.3,1021.3,10.1,2.1,7.3
177,홍성,2025-11-23,10.6,5.2,15,,1.5,6.2,1017.6,10,7.9,9.1
177,홍성,2025-11-24,11.4,7.4,16.7,,2,7.6,1013,10,4.5,10
177,홍성,2025-11-25,8.5,6.6,10.9,1.5,3.4,3.1,1012.5,10,8,7.7
177,홍성,2025-11-26,6.9,.8,11.8,,1.3,.7,1020.1,10,4.4,7.9
177,홍성,2025-11-27,6.4,.1,9.6,8.2,3.1,.9,1012,9.9,7.9,5.5
177,홍성,2025-11-28,3.2,-2.3,8.5,,1.7,-3.6,1017.5,9.9,1.8,4.4
177,홍성,2025-11-29,7.2,-4,14.6,,2,2.8,1012.6,9.9,2,5.1
177,홍성,2025-11-30,13.2,9.5,17.6,,2.6,9.6,1011,9.9,3.1,10.5
177,홍성,2025-12-01,6.8,-.2,13.7,,2.1,-1.1,1016.6,9.9,1.3,6.3
177,홍성,2025-12-02,1.4,-1.2,5,0,2.2,-6,1020.3,9.8,5.9,2.7
177,홍성,2025-12-03,-3.6,-7.4,0,.1,2.6,-10,1022.5,9.8,5.8,1.1
177,홍성,2025-12-04,-1.8,-9.3,4.4,.5,2.5,-7.5,1022.3,9.8,2.9,1.2
177,홍성,2025-12-05,-1,-5.4,4,,1.8,-6.7,1023.8,9.8,1.6,1
177,홍성,2025-12-06,6,-4.4,11.5,0,2,-.2,1016.4,9.8,5.6,3.4
177,홍성,2025-12-07,9.5,2.9,14.2,,2.5,5.1,1016.2,9.8,4.1,6.7
177,홍성,2025-12-08,3.9,-2.7,9.5,,2,-6.1,1023.4,9.7,1,3.3
177,홍성,2025-12-09,2.2,-4,10,,1.1,-2.7,1023.9,9.7,3.4,2.9
177,홍성,2025-12-10,5.3,-1.7,11.8,,1.3,.9,1020,9.7,7.3,4
177,홍성,2025-12-11,5.6,-.7,10.8,17,2.3,.2,1017.9,9.7,5,5.4
177,홍성,2025-12-12,1.2,-4.2,7.4,,1.2,-3.8,1025.8,9.7,2.3,2
177,홍성,2025-12-13,2.7,1,5.6,9.3,.9,.4,1018.3,9.7,9.5,3.5
177,홍성,2025-12-14,1.7,-.1,5,.2,1.9,-2,1016.7,9.7,7.3,2.5
177,홍성,2025-12-15,1.8,-3,6.4,,.5,-.8,1020.4,9.7,6.9,2.3
177,홍성,2025-12-16,6.8,1.5,10.7,.2,.9,3.7,1017.5,9.7,9.1,5.4
177,홍성,2025-12-17,4.1,-1.7,8.5,,1.1,-.7,1020,9.7,2.3,4.2
177,홍성,2025-12-18,1,-4.2,8.1,,,-3,1022.4,9.7,.3,2.2
177,홍성,2025-12-19,5.6,-3.6,14,,1,1.7,1016.9,9.7,5.3,3.6
177,홍성,2025-12-20,9.7,3.8,13.8,0,2,5.5,1015.5,9.7,8.6,7.5
177,홍성,2025-12-21,-.1,-5.1,3.9,,2.3,-9.1,1025.5,9.7,1.6,1.5
177,홍성,2025-12-22,-1.8,-7.7,5.1,,.8,-7.9,1026.6,9.7,2.1,.4
177,홍성,2025-12-23,1.1,-3.9,5.3,16.8,.6,-1.5,1017.9,9.7,8.6,1.3
177,홍성,2025-12-24,3,-1.6,6.2,.1,1.9,-.4,1014.8,9.7,6.5,3.4
177,홍성,2025-12-25,-1.7,-5.9,2.1,0,3.4,-8.2,1017.9,9.7,4,-.7
177,홍성,2025-12-26,-6,-8.3,-1.9,0,,-14,1023.8,9.7,.9,-3.7
177,홍성,2025-12-27,-2.9,-8.9,.7,.3,,-6.1,1021.6,9.7,7.8,-2
177,홍성,2025-12-28,3.4,-1.2,8.3,1.1,1.1,1.1,1017.3,9.7,7.1,.6
177,홍성,2025-12-29,6.4,1.2,11.2,.7,2.3,2.2,1014.4,9.7,4.3,3.6
177,홍성,2025-12-30,-.2,-3.8,3.9,0,1.6,-8.1,1021.5,9.7,2.3,.3
177,홍성,2025-12-31,-3.3,-6.2,-.1,.1,2.7,-11.2,1024.5,9.7,1.4,-1.9
232,천안,2025-01-01,.4,-6.1,9.1,,.8,-4.8,1013,9.7,2.5,1.2
232,천안,2025-01-02,-.6,-5.6,6.7,,.7,-8.1,1014.9,9.7,.8,.6
232,천안,2025-01-03,-1.7,-7.1,3.3,,1.2,-9.3,1016.5,9.7,2.8,-.4
232,천안,2025-01-04,-1.6,-7.4,5.6,,.8,-9.8,1017,9.7,1.4,0
232,천안,2025-01-05,.6,-5.6,3.5,.5,.9,-1.6,1010.5,9.7,9.1,.2
232,천안,2025-01-06,1,-2,4,.9,1.6,-2.5,1007.1,9.8,5.4,.7
232,천안,2025-01-07,-2.2,-6,1.7,1.3,1.2,-7.2,1009.2,9.8,4,-.2
232,천안,2025-01-08,-3.6,-8.7,.2,2.4,1,-6.6,1010.7,9.8,5.4,.4
232,천안,2025-01-09,-9.5,-13,-5,,2.2,-18.5,1016.2,9.8,7.1,.6
232,천안,2025-01-10,-9.5,-17.2,-2.1,0,.8,-14.8,1022.2,9.8,4.1,.2
232,천안,2025-01-11,-5.8,-10.2,-.3,0,.7,-9.7,1019.2,9.9,4,.2
232,천안,2025-01-12,-4.5,-11.9,2.6,,.5,-8.6,1014.9,9.9,1.6,-.2
232,천안,2025-01-13,-1.1,-9.2,5.1,0,.8,-4.9,1015.9,9.9,5.3,-.3
232,천안,2025-01-14,3.1,.3,8.2,.2,1.4,-2.9,1014.7,9.9,6.5,.7
232,천안,2025-01-15,-2.8,-4.7,.7,,1.9,-12.6,1018.8,9.9,1.4,-.1
232,천안,2025-01-16,-.5,-6.8,5.3,,1,-6.6,1015.3,10,8.5,.2
232,천안,2025-01-17,-.8,-5.9,6.4,,.7,-6.6,1016.9,10,0,.7
232,천안,2025-01-18,-1.7,-8.5,7.1,,.4,-8.9,1014.5,10,2.9,0
232,천안,2025-01-19,0,-7.4,9,,.5,-4.9,1008.1,10,3.1,.6
232,천안,2025-01-20,1.2,-2.7,6.9,,.4,-1.9,1007,10.1,6.8,1.2
232,천안,2025-01-21,.2,-3.6,7.9,,.5,-2.7,1012.7,10.1,2.8,1.7
232,천안,2025-01-22,1.2,-3.9,8.1,,.7,-3.1,1014.7,10.1,5.9,1.9
232,천안,2025-01-23,.3,-5.2,8.8,,.7,-7.1,1015.4,10.1,0,1.8
232,천안,2025-01-24,.2,-7.4,9.5,,.5,-8.3,1016.4,10.2,0,.8
232,천안,2025-01-25,2.9,-5.7,9.9,,1.5,-4.7,1018.5,10.2,3.4,1.5
232,천안,2025-01-26,4.5,.6,7.5,0,1.5,-4.1,1015.1,10.2,8.1,2.6
232,천안,2025-01-27,0,-2,3.6,2.5,2.4,-2.1,1006,10.2,8,2.9
232,천안,2025-01-28,-2.2,-3.9,.3,.2,3.6,-4.5,1006.8,10.3,8.6,1.7
232,천안,2025-01-29,-4.6,-8.8,-2,0,1.3,-7.2,1015.1,10.3,6.5,1.6
232,천안,2025-01-30,-4.3,-10.1,1.3,,.6,-9.2,1018.4,10.3,5.8,1.5
232,천안,2025-01-31,.3,-5.4,4.7,,.8,-3.4,1016.2,10.4,9.3,2.1
232,천안,2025-02-01,2.2,-1.8,7.1,0,.4,.4,1011.4,10.4,6.4,3.9
232,천안,2025-02-02,1.3,-3.3,7.8,,1,-2.4,1008.9,10.4,6.1,3.3
232,천안,2025-02-03,-2.5,-6.8,1.8,0,2.9,-10,1010.3,10.5,4.5,1.6
232,천안,2025-02-04,-7.4,-9.2,-5.3,0,2.2,-13,1009.6,10.5,7,-1
232,천안,2025-02-05,-7.9,-14.8,-3.4,,1.6,-14.3,1009.1,10.5,3.4,.2
232,천안,2025-02-06,-6.5,-15.3,.8,1.4,.9,-11.1,1011.4,10.6,6.8,.6
232,천안,2025-02-07,-7.1,-10.1,-2.4,6.1,2.3,-12.8,1011.1,10.6,9,.4
232,천안,2025-02-08,-9.1,-16.5,-3.6,,1.2,-14.4,1018.6,10.6,5.5,.3
232,천안,2025-02-09,-6.1,-14.1,.1,,.9,-10.2,1017.5,10.7,3.9,.2
232,천안,2025-02-10,-5.1,-11.2,1,.3,.6,-7.8,1017.4,10.7,3.1,0
232,천안,2025-02-11,-2.7,-11.2,6,,.6,-9.1,1018.3,10.7,3.9,-.3
232,천안,2025-02-12,.5,-2.8,4.1,4.6,1.7,-2.3,1007.6,10.8,8.4,.2
232,천안,2025-02-13,.3,-5.3,5.9,,1.9,-8.6,1014.1,10.8,0,.5
232,천안,2025-02-14,1,-6.3,10.1,,.6,-4.3,1012.6,10.8,.6,1.5
232,천안,2025-02-15,.9,-4.8,7.9,,.4,-3.1,1008.5,10.9,4.8,1.5
232,천안,2025-02-16,3.5,-3.4,11.3,,1.4,-1.3,1007,10.9,3.8,3.9
232,천안,2025-02-17,.3,-2.5,4.2,,2.3,-12.5,1014.2,10.9,.5,2
232,천안,2025-02-18,-1.5,-4.4,2.5,,2.3,-12.5,1016.5,11,0,.9
232,천안,2025-02-19,-3.1,-9.1,1.1,,1.8,-12.4,1018.8,11,.1,.6
232,천안,2025-02-20,-3.4,-10,1.9,,1.6,-12.6,1020.2,11.1,0,.4
232,천안,2025-02-21,-2.8,-9.7,2.4,,1.5,-12.5,1021.1,11.1,1.8,.5
232,천안,2025-02-22,-2.5,-9.2,2.7,.8,1.4,-9.4,1022.4,11.1,1.1,2.1
232,천안,2025-02-23,-3.5,-8.9,.6,,2,-11.6,1021.3,11.2,3.5,-.3
232,천안,2025-02-24,-3,-10.4,4.1,,1.3,-11.9,1021.9,11.2,0,.9
232,천안,2025-02-25,.3,-8.5,7.5,,1.1,-5.3,1017.5,11.2,4.5,1.8
232,천안,2025-02-26,2.5,-3.5,9.1,,1.1,-7.7,1014.7,11.3,1.1,3.7
232,천안,2025-02-27,3.3,-6.9,14.7,,.7,-11.1,1012.5,11.3,2,4.1
232,천안,2025-02-28,6.7,1.5,14,,.7,-.6,1010.7,11.4,4,7
232,천안,2025-03-01,5.4,-1.5,10.6,3.7,.6,3.7,1008.5,11.4,7.9,4.5
232,천안,2025-03-02,8.7,3.5,13.5,4.4,3,6.3,1005.4,11.4,9.5,7.7
232,천안,2025-03-03,2.9,1,5.3,30.7,5.2,-1.4,1011.8,11.5,9.6,2.7
232,천안,2025-03-04,2.4,.7,3.5,2.4,3.3,-1.2,1011.2,11.5,9.1,3.1
232,천안,2025-03-05,4.5,2,6.9,,1.2,-.4,1012.3,11.5,9.3,4.8
232,천안,2025-03-06,3.8,-1.4,10.3,,1.4,-2.9,1016,11.6,2.4,5.2
232,천안,2025-03-07,3.9,-3.6,10.9,,.9,-4.3,1017.6,11.6,4.9,5.5
232,천안,2025-03-08,4.7,0,11.1,,1,-2.4,1016.4,11.7,5.1,7
232,천안,2025-03-09,4.6,-2.8,13.1,,.9,-1.1,1019.9,11.7,1.4,6.2
232,천안,2025-03-10,6.2,-1.7,15.2,,.9,-1.6,1016.4,11.7,3.4,7.2
232,천안,2025-03-11,7.7,-1.6,16.9,,.8,-1.5,1011,11.8,2.6,8.2
232,천안,2025-03-12,8.1,1.7,14.9,,1,2.9,1007.3,11.8,7.9,8.4
232,천안,2025-03-13,8.3,1.4,15.8,,1.3,-3,1012.9,11.9,6.3,9.1
232,천안,2025-03-14,10.5,.4,19.5,,1.3,-4,1014.9,11.9,3,9.3
232,천안,2025-03-15,9.8,5.4,13.9,,3,-.3,1012.1,11.9,6.8,10.2
232,천안,2025-03-16,3.7,1.5,5.9,1.4,2.4,-2.9,1004.6,12,7.3,6.5
232,천안,2025-03-17,3.5,-.4,7.8,,2.2,-10.1,1007.2,12,4.5,5.1
232,천안,2025-03-18,1.7,-.4,3.6,4.5,1.7,-2.3,1005.8,12.1,8.1,4
232,천안,2025-03-19,1.6,-4.5,7.6,,1.5,-7.1,1014.3,12.1,.3,4.8
232,천안,2025-03-20,6.5,-3.1,16.3,,1.7,-.7,1009.3,12.1,.4,6.6
232,천안,2025-03-21,10.5,.1,21.8,,1.4,.9,1003.1,12.2,0,9.5
232,천안,2025-03-22,12.7,1.7,23.5,,1.7,.6,1001.2,12.2,0,10.5
232,천안,2025-03-23,14.1,2.5,25.1,,1.2,1.3,1000.6,12.3,4,11.5
232,천안,2025-03-24,15.8,9.7,22.6,0,2,6.2,994.6,12.3,3.9,13.7
232,천안,2025-03-25,14,7.5,25.4,,2.6,4.8,992.2,12.3,4,13.2
232,천안,2025-03-26,15.3,1.6,26.9,,1.4,1.3,994.6,12.4,1.5,13.1
232,천안,2025-03-27,13.8,6.3,20.4,.8,2.1,8.3,992.9,12.4,8.8,13.1
232,천안,2025-03-28,6.6,3.9,11,,2.6,-3.6,1005,12.4,5.5,10.6
232,천안,2025-03-29,2.3,-2.8,7.3,1.6,2,-6.7,1013.3,12.5,4.1,6.3
232,천안,2025-03-30,2.6,-4.5,8.3,,1.5,-7.2,1018.6,12.5,2.8,5.4
232,천안,2025-03-31,6.4,-1.5,14.1,,1,-2.7,1015.8,12.6,2.6,10.1
232,천안,2025-04-01,7.7,-1.4,17.2,,1,-2.5,1012.8,12.6,0,10.9
232,천안,2025-04-02,7.5,-.6,16.7,0,1.5,-1.5,1009.7,12.7,4.9,9.8
232,천안,2025-04-03,7.5,.1,16.1,,1.4,.8,1010.5,12.7,1.6,11.8
232,천안,2025-04-04,9.3,2.9,17.4,0,1,1.9,1010,12.7,4.8,11.4
232,천안,2025-04-05,8.7,5.2,11.6,6.2,1.3,6,1002.9,12.8,8.8,9.9
232,천안,2025-04-06,10,4.5,17.1,,2.4,1.1,1006.3,12.8,2.8,12.4
232,천안,2025-04-07,12.2,0,21.3,,1.4,.5,1007.3,12.8,.6,12.9
232,천안,2025-04-08,13.4,6.4,18.2,,1.9,1.7,1004.6,12.9,1.5,14.6
232,천안,2025-04-09,11.9,2.5,19.9,0,1.2,1.1,1001.6,12.9,7,13.1
232,천안,2025-04-10,12.9,7.9,18.7,0,1.5,3.3,997.8,12.9,1.8,15.6
232,천안,2025-04-11,14.4,3.3,24.6,,1,3.3,1001.1,13,1.8,16.2
232,천안,2025-04-12,12.4,1.3,22.9,14.6,2.1,5.3,996.8,13,9.3,13.3
232,천안,2025-04-13,4.4,.6,9.3,5,2.4,1.1,992,13.1,5.8,8.6
232,천안,2025-04-14,4.9,2.1,8.1,5,1.5,2.9,989.5,13.1,8.4,8.5
232,천안,2025-04-15,7.9,1,14.8,,2,2,997.3,13.1,2,11
232,천안,2025-04-16,14.7,2,24.7,,1.7,4.7,998.6,13.2,5.4,13.4
232,천안,2025-04-17,21.2,14.5,27.2,,2.1,12,996.3,13.2,4.4,17.7
232,천안,2025-04-18,20.7,15.7,27,,1.4,12.9,999.9,13.2,2.4,19
232,천안,2025-04-19,18.9,12.9,25.1,3.4,2.3,14.9,999.3,13.3,7.8,18.4
232,천안,2025-04-20,16.9,12.3,23.7,,1.1,12.2,1003.1,13.3,4,19.7
232,천안,2025-04-21,19,11.4,26.4,,1.3,12.8,1004.4,13.4,5.1,19.2
232,천안,2025-04-22,17.4,16.4,18.6,27.7,1,16.6,996.1,13.4,9.6,18.2
232,천안,2025-04-23,16.4,11.5,24.2,,1.3,10.4,997,13.4,2.5,19.7
232,천안,2025-04-24,13.6,8,21.9,,1.6,6,1000.2,13.5,5.4,16.3
232,천안,2025-04-25,10.7,3.2,17.4,,1.9,-3.3,1006.8,13.5,0,14.3
232,천안,2025-04-26,12.1,1,22.4,,1.7,.1,1009.2,13.5,.3,14.6
232,천안,2025-04-27,14.3,5.3,23.7,,1.3,-.8,1005.7,13.6,7,14.4
232,천안,2025-04-28,13.3,5.7,21,,1.7,2.3,1000.8,13.6,.6,16
232,천안,2025-04-29,12.7,2.8,22.1,,1,1.7,1003.6,13.6,0,16.7
232,천안,2025-04-30,16.2,4.7,26.9,,1.2,3.6,1004,13.7,.1,18.5
232,천안,2025-05-01,12.9,8.1,20.2,24.9,1.5,9.6,998.5,13.7,6.6,13.8
232,천안,2025-05-02,12.4,6.4,18.2,,1.7,4.4,1001.2,13.7,4.8,15.8
232,천안,2025-05-03,9.4,6.6,14.1,21.3,1.1,7.5,999.6,13.8,7.9,13.4
232,천안,2025-05-04,11.5,3.4,20.8,,1.8,2.5,1003.5,13.8,0,14.8
232,천안,2025-05-05,10.4,3.7,16.2,0,.7,5,1002.6,13.8,7.4,12.2
232,천안,2025-05-06,12.3,5.2,18.1,,1,6,997.9,13.9,3,13.9
232,천안,2025-05-07,13,4.9,21.3,,1.1,5.8,1004.2,13.9,3.1,16.6
232,천안,2025-05-08,16.3,6.3,24.7,,.9,6.5,1007.3,13.9,5.8,18.4
232,천안,2025-05-09,14.9,12.7,16.8,9.3,2.1,13,995.4,14,9.8,15.4
232,천안,2025-05-10,12.5,11.1,16.4,2,2.1,11.6,992.3,14,9.1,14
232,천안,2025-05-11,14.5,9.4,21,,1,10,996.9,14,5.6,17
232,천안,2025-05-12,15.2,6.3,24.1,,.9,8.5,1001.2,14,0,18.3
232,천안,2025-05-13,17.7,8.8,27.5,,1.1,8,1005.7,14.1,5.5,18.8
232,천안,2025-05-14,18.7,8.7,26.9,,1.1,9.8,1006.4,14.1,3.8,19.7
232,천안,2025-05-15,20.5,16.4,23.5,.6,.9,17.4,1005.2,14.1,9.3,21.4
232,천안,2025-05-16,20.3,17.1,23.7,14.8,1.3,18.7,1002.4,14.2,9.8,20.5
232,천안,2025-05-17,18.9,14.7,25.5,.9,1.7,15.6,996.7,14.2,5.9,22.3
232,천안,2025-05-18,15.1,9.1,21.7,,1.3,6.7,1001.7,14.2,5.6,19.8
232,천안,2025-05-19,17.2,6.8,22.5,,1.4,11.5,997.1,14.2,7.1,18.1
232,천안,2025-05-20,23.9,20.4,29.7,,1.6,19.8,998.8,14.3,3.5,24.1
232,천안,2025-05-21,24.6,20.2,30,,1.1,19.6,997.3,14.3,5.3,25.8
232,천안,2025-05-22,20.1,16.4,22.9,.3,1.2,18.6,998.2,14.3,7.8,21.4
232,천안,2025-05-23,18.2,13.6,23.3,2.2,2.3,8.5,1001.7,14.3,9.3,18.8
232,천안,2025-05-24,14.3,12.4,16.2,1.9,2.3,10,1000.3,14.4,9.3,16.7
232,천안,2025-05-25,15.8,9,22.8,,1.1,10.6,1005.1,14.4,.3,19.9
232,천안,2025-05-26,17.6,9.6,26.1,,.7,10.1,1007.7,14.4,2.3,21.7
232,천안,2025-05-27,19,10.6,26.5,,.9,12.1,1008.6,14.4,.9,22.6
232,천안,2025-05-28,19,12.3,26.6,,1,12,1008.4,14.4,1.5,23.2
232,천안,2025-05-29,19.2,11.3,26.9,0,1,12.1,1005.7,14.5,3.3,23.8
232,천안,2025-05-30,18.4,11.7,26.5,,1.1,9.7,1003.4,14.5,1.3,23.5
232,천안,2025-05-31,18.8,10.7,25.7,,1,11,1002.2,14.5,5.6,22.8
232,천안,2025-06-01,20.5,11.7,28.7,,1,12.3,1000.3,14.5,4.4,25.3
232,천안,2025-06-02,19,15.3,23.3,0,.6,13.2,994.6,14.5,9.8,21.6
232,천안,2025-06-03,20,14.3,25.6,,2,10.3,991.3,14.5,2.9,25.5
232,천안,2025-06-04,18.6,9.5,26.6,,2.1,8.9,995.9,14.6,.1,24.6
232,천안,2025-06-05,19.3,10.5,27.2,,1.1,10.5,1001.6,14.6,3.8,25.3
232,천안,2025-06-06,20.8,14.1,30.2,,1.2,11.4,999.9,14.6,6.8,25.1
232,천안,2025-06-07,22,13.7,29.7,,1,15.2,999.2,14.6,6.8,27.1
232,천안,2025-06-08,24,19.2,30.1,0,.9,19.2,998.7,14.6,4.4,28.7
232,천안,2025-06-09,24.1,20,30,,.9,18.8,997.9,14.6,4.3,29.8
232,천안,2025-06-10,21.9,16.9,26.9,,1.4,17.1,998.1,14.6,5.3,29.2
232,천안,2025-06-11,21.1,12.9,28.2,,1.3,11.2,1002.8,14.6,3.8,29.2
232,천안,2025-06-12,22.2,13.8,29.6,,.8,12.9,1005.3,14.7,8.4,28.6
232,천안,2025-06-13,20.6,16.2,26.4,9.5,.9,16.5,1003.5,14.7,9.6,24.4
232,천안,2025-06-14,23.1,18.9,29.4,10.6,.9,20.2,993,14.7,7,25.2
232,천안,2025-06-15,25.7,19.5,31,3.9,1.2,20.6,990.1,14.7,7.5,28.4
232,천안,2025-06-16,23.4,21.7,27,5.4,1.5,21,989.8,14.7,7.3,25.8
232,천안,2025-06-17,23.4,20.4,28.8,1.4,1,20.1,996,14.7,5.4,26.3
232,천안,2025-06-18,24.1,19.4,30.5,,.9,18.7,1001.9,14.7,1.4,27.6
232,천안,2025-06-19,25.3,18.2,31.3,0,.9,20.3,1003.2,14.7,5.9,27.5
232,천안,2025-06-20,24.2,22.6,26.6,43.4,2,22.8,996.7,14.7,10,24.6
232,천안,2025-06-21,21,18,23.2,56.6,.8,20.3,995.2,14.7,10,23.5
232,천안,2025-06-22,21.9,17.4,28.9,,.9,17.2,997.8,14.7,3,26.4
232,천안,2025-06-23,23.6,16,31,,.8,17.4,998.4,14.7,0,27.4
232,천안,2025-06-24,21.7,18.7,26.1,7.8,1.7,17.9,998.8,14.7,9.1,23.3
232,천안,2025-06-25,20.5,19.5,22.6,2,1.3,19.3,997.6,14.7,9.6,22
232,천안,2025-06-26,21.8,19.5,25.6,,.6,19.9,1000,14.7,9.3,24.1
232,천안,2025-06-27,23.5,19.3,28.7,,.6,20.6,999.7,14.7,7.4,26.3
232,천안,2025-06-28,25.7,22.1,29.7,0,.6,23.6,998.5,14.7,7.1,26.6
232,천안,2025-06-29,27.3,23.5,31.9,,1,23,999.2,14.7,2,29.4
232,천안,2025-06-30,27.1,21.8,32,,1,22.8,1001.8,14.7,3.1,29.5
232,천안,2025-07-01,27,22.5,32.8,.1,1,23.8,1003.6,14.6,4.1,29
232,천안,2025-07-02,27.2,22.4,32.3,,.8,24,1003.6,14.6,6.6,29.4
232,천안,2025-07-03,27.2,24.2,31.7,,.9,23.2,1001.4,14.6,4.8,29.5
232,천안,2025-07-04,25.9,22,30,,1,22.4,998.7,14.6,6,27.9
232,천안,2025-07-05,26.9,22.2,31.8,,.9,22.6,997.2,14.6,5,30.4
232,천안,2025-07-06,27.3,22.4,32.5,,.8,23.7,996.3,14.6,7.4,30.6
232,천안,2025-07-07,28.2,24.8,33.3,,.8,24.8,997.1,14.6,1.9,31.4
232,천안,2025-07-08,29.8,24.5,35.4,,1.2,24.1,998.7,14.6,.8,33.2
232,천안,2025-07-09,29.1,24.2,34.7,,2,20.6,1000.4,14.6,1.1,33.7
232,천안,2025-07-10,28.8,21.9,33.9,,2.2,16.7,1001.8,14.5,1,33.5
232,천안,2025-07-11,28,22.5,33.6,,3.1,15.3,1003,14.5,.4,33
232,천안,2025-07-12,26.4,19.4,32.9,,1.8,17.9,1000.1,14.5,3.1,33.6
232,천안,2025-07-13,23.6,19.9,30.1,1.8,.7,20.5,993.4,14.5,9.5,27.9
232,천안,2025-07-14,22.1,19.1,28.5,9.8,1,20.2,985.9,14.5,7.3,26.7
232,천안,2025-07-15,21.8,20.5,23.7,6.3,.8,20.8,987.4,14.5,8.3,24.5
232,천안,2025-07-16,22.4,20.9,24.2,63.2,1.6,21.4,993,14.4,10,23.9
232,천안,2025-07-17,21.9,20.7,23.4,301.1,2.2,21.4,995.6,14.4,10,22.7
232,천안,2025-07-18,24.3,20.9,27.5,.1,1.2,22.8,997.5,14.4,9.4,24.8
232,천안,2025-07-19,24.7,23.1,27.5,15.5,1.4,23.8,1000.1,14.4,9,25.2
232,천안,2025-07-20,26.5,22.7,31.6,0,.9,23.9,1003.3,14.3,6.8,27.6
232,천안,2025-07-21,26.4,22.9,32.3,5.6,.7,24.5,1004.9,14.3,5,28.3
232,천안,2025-07-22,26.3,22.8,32.2,.5,.3,23.9,1005.5,14.3,5.8,28.5
232,천안,2025-07-23,27,22.3,32,,,23.6,1004.1,14.3,4.6,30.3
232,천안,2025-07-24,27.8,22.9,33.8,,,23.8,1001.7,14.2,2.1,31.4
232,천안,2025-07-25,28.4,22.4,34.8,,.8,23.6,999.8,14.2,.1,32.3
232,천안,2025-07-26,28.8,23.3,34.9,,1,23.6,998.5,14.2,1.5,33.5
232,천안,2025-07-27,29.2,23.6,35,,1,23.6,996.5,14.2,.3,35
232,천안,2025-07-28,29.1,24.6,35.1,,.8,23.8,994.4,14.1,1.3,35.5
232,천안,2025-07-29,28.9,23.9,35.4,,.8,24,992,14.1,1,34.4
232,천안,2025-07-30,28.7,23.2,34.8,,1.3,22,992.1,14.1,6.1,36.6
232,천안,2025-07-31,28.2,24.7,33.4,,.9,22.6,994.2,14.1,8.6,34.1
232,천안,2025-08-01,28.5,23.1,34.8,,.7,22.9,994.2,14,3.6,35.4
232,천안,2025-08-02,28.9,24.2,34.3,0,.7,23.5,993.9,14,6.5,35.5
232,천안,2025-08-03,26,22.3,30.3,32.5,1,23.7,992.4,14,9.9,29.1
232,천안,2025-08-04,26.7,22.5,30.8,9.5,1.3,24.5,991.8,13.9,7.9,30.5
232,천안,2025-08-05,27.8,24,32.3,0,.7,23.7,995.8,13.9,5.5,32.4
232,천안,2025-08-06,26.7,24.7,29.4,5.1,1.1,25.3,993.4,13.9,7.9,28.2
232,천안,2025-08-07,25.8,21.6,30.2,,1.3,22.4,994,13.8,4.9,29.8
232,천안,2025-08-08,24.7,19.9,30,,.6,21.5,996,13.8,7.6,29.6
232,천안,2025-08-09,23.1,20.7,25.8,.8,.7,22.2,995.1,13.8,9.5,26.1
232,천안,2025-08-10,24.5,18,30.9,,.8,20.1,993.2,13.8,2.5,29.2
232,천안,2025-08-11,23.4,21.2,25.7,1.9,.6,22.6,996.4,13.7,8.3,25.8
232,천안,2025-08-12,24.5,19.2,29.3,0,1.6,21,1001.3,13.7,7.8,28.4
232,천안,2025-08-13,25.9,22.8,31,29.6,1.4,23.7,1004,13.6,9.3,28
232,천안,2025-08-14,26,23.5,29.6,12.4,.8,24.5,1006.1,13.6,7.9,28.5
232,천안,2025-08-15,26.3,22.8,31.4,12.3,.5,24.8,1006.3,13.6,4,30.4
232,천안,2025-08-16,26.9,22.4,32.6,,.7,23.3,1004.8,13.6,2.8,30.5
232,천안,2025-08-17,26.3,21.5,31.7,,.8,23.1,1005.9,13.5,6,29.6
232,천안,2025-08-18,27.4,23.8,32.4,,.9,23.9,1005.3,13.5,8,30
232,천안,2025-08-19,26.8,23.8,31.7,11.1,.9,24.3,1002.9,13.4,5.4,29.4
232,천안,2025-08-20,27.1,22.5,32.4,,.8,23.6,1001.3,13.4,4.4,29.8
232,천안,2025-08-21,28,24.1,33.4,0,.6,23.7,1001.5,13.4,5.8,31.6
232,천안,2025-08-22,27.7,23.2,32.9,,.9,23.5,1000.6,13.3,2.6,31.1
232,천안,2025-08-23,27.7,22.8,33,,.6,24.3,1001.9,13.3,2,31.3
232,천안,2025-08-24,28.6,25,33.4,,.7,24,1002.8,13.3,.5,32
232,천안,2025-08-25,28.5,23.8,33.3,,1.3,24,1001.4,13.2,3.8,32.1
232,천안,2025-08-26,24.8,22.8,28.5,105,.9,24.1,1000.2,13.2,6.9,27.6
232,천안,2025-08-27,24.9,21.3,30.9,,.6,21.5,1002.5,13.2,4.9,29.4
232,천안,2025-08-28,26.2,21.8,31.3,,.9,23.3,1003.6,13.1,7.4,29.3
232,천안,2025-08-29,27.6,23.3,32.3,,1.2,24.2,1004.9,13.1,5,30.2
232,천안,2025-08-30,27.4,23.9,32.7,18.5,.8,24.4,1005.1,13,3.6,30.5
232,천안,2025-08-31,27,23,32.6,,1,23.6,1001.2,13,4.8,30.7
232,천안,2025-09-01,26.2,24.2,31.2,2.9,1.2,24.4,997.6,13,8,29.1
232,천안,2025-09-02,24.3,19.9,28.9,,.6,21.4,1000.9,12.9,6.1,28.6
232,천안,2025-09-03,24.8,18.2,32.1,7.4,.9,21.2,1002.2,12.9,5.6,28.4
232,천안,2025-09-04,24.9,22.6,29.8,.7,1.2,23.4,1001,12.9,7.5,27.8
232,천안,2025-09-05,26.4,21.7,32,,1,22.6,1001.2,12.8,2.3,29
232,천안,2025-09-06,26.6,23.3,31.8,28.7,1.4,23.7,999.5,12.8,7.3,28.8
232,천안,2025-09-07,24,19.3,27.8,3.1,.8,22.5,999.4,12.7,7.9,27.3
232,천안,2025-09-08,21.9,18.1,25.4,,.7,20.3,1002.4,12.7,9.3,25.8
232,천안,2025-09-09,21.6,19.1,23.8,.2,.9,20,1004,12.7,9.5,25
232,천안,2025-09-10,22.1,16.7,29,,1,18.3,1004.1,12.6,1.3,26.3
232,천안,2025-09-11,23,15.8,29.9,,1.3,16.9,1006.7,12.6,2.8,25.7
232,천안,2025-09-12,22.1,20.5,24.8,25.8,2,18.8,1004.1,12.6,9.9,23.8
232,천안,2025-09-13,23.5,20.8,26.1,13.4,1.2,22.4,997.3,12.5,9.1,25.5
232,천안,2025-09-14,23.8,21,28.3,,.5,21.6,1002.7,12.5,8,27.3
232,천안,2025-09-15,23.6,19.4,28.8,,.6,21,1006.3,12.4,6.6,26.7
232,천안,2025-09-16,24.2,20.9,30.5,5.8,.9,22.9,1003.7,12.4,8.1,26.7
232,천안,2025-09-17,22.7,21,25.5,20.3,1,22.3,1001.3,12.4,9.5,25.9
232,천안,2025-09-18,21.6,18.6,25.3,,1.6,18.8,1006.4,12.3,7.5,24.4
232,천안,2025-09-19,19,17.5,21.6,16.4,2,16.9,1006.9,12.3,10,21.8
232,천안,2025-09-20,19.2,16.1,23.1,61.1,1.4,17.8,1000.4,12.2,7.3,22.2
232,천안,2025-09-21,20.3,15.8,25.8,,1.3,16.6,1008,12.2,5.4,23.9
232,천안,2025-09-22,20.4,17.3,24.5,,2,15.1,1011.3,12.2,9.5,22.5
232,천안,2025-09-23,21.5,16.9,26.1,0,2.2,14.5,1009.7,12.1,7.1,23.4
232,천안,2025-09-24,21.5,17,25.5,14.2,1,19.4,1005.1,12.1,9,22.9
232,천안,2025-09-25,21.2,18.7,24.5,4.3,.5,20.4,1008.8,12,9.6,23.9
232,천안,2025-09-26,19.7,16.6,25.7,,.7,16.9,1010.3,12,6.9,23.7
232,천안,2025-09-27,21.4,15.6,27.2,,1,18.3,1008,12,5.9,23.7
232,천안,2025-09-28,19.8,18.5,21.2,33.1,.9,19.3,1002.1,11.9,9.8,22.7
232,천안,2025-09-29,18.8,14.8,24.4,,.6,15.8,1003.9,11.9,4.6,22.6
232,천안,2025-09-30,17.6,13.6,23.5,,.5,15.7,1004.1,11.9,5.4,21.3
232,천안,2025-10-01,18.4,13.6,25.5,,.7,15.5,1005.2,11.8,7.1,22.2
232,천안,2025-10-02,19.7,16.1,25.5,.1,.6,17.3,1008.5,11.8,9.6,22.7
232,천안,2025-10-03,19.3,18,21.1,5.8,2.4,17.4,1006.8,11.7,9,21.5
232,천안,2025-10-04,20.8,18.3,24,2.2,.8,19.8,1004.4,11.7,9.1,22.7
232,천안,2025-10-05,20.7,18.8,23.6,1.5,.4,20.4,1005.1,11.7,9.3,22.8
232,천안,2025-10-06,19.1,17.1,21.5,13.2,2.6,18.7,1006,11.6,9.8,21.2
232,천안,2025-10-07,19.7,17.3,21.7,8.6,2.2,19.2,1005.6,11.6,9.4,20.8
232,천안,2025-10-08,20.9,18.7,25.6,.2,.9,19.5,1007.3,11.5,6,23
232,천안,2025-10-09,21,18.3,24.1,,2.1,16.9,1009.6,11.5,9.1,22.3
232,천안,2025-10-10,19.5,18.1,22.6,1.4,1.3,16.8,1008.1,11.5,9.9,20.9
232,천안,2025-10-11,22.2,18.5,27.5,.3,1,18.9,1003.6,11.4,8.3,23.6
232,천안,2025-10-12,19.8,17.6,22,.7,1.5,18.5,1004.3,11.4,9.3,22.3
232,천안,2025-10-13,17.2,15.5,18.2,31.6,2,16.9,1005.2,11.4,9.5,19.5
232,천안,2025-10-14,17.4,15.1,20.5,1.7,2.1,15.7,1007.9,11.3,6.9,19.5
232,천안,2025-10-15,19.3,14.7,25.1,44.6,2.2,16.2,1009.5,11.3,5.6,20.3
232,천안,2025-10-16,19.3,17.2,23.7,19.2,1,17.2,1009.1,11.2,4.9,21.3
232,천안,2025-10-17,18.9,14.3,24.5,23.1,1.9,16,1011.4,11.2,4.8,20.5
232,천안,2025-10-18,16.4,13.7,18.4,13.5,.9,15.4,1010.4,11.2,9.9,20
232,천안,2025-10-19,15.3,10.4,20.8,,1,11.6,1014.1,11.1,6.1,18.8
232,천안,2025-10-20,11,4.7,16.8,,1.2,6.3,1017.7,11.1,5.9,16.1
232,천안,2025-10-21,10,6.2,14.7,,1,5.8,1019.3,11.1,8.3,15.1
232,천안,2025-10-22,12,5.1,18.4,,1.1,9.3,1018.4,11,4.9,14.7
232,천안,2025-10-23,14.2,8.7,21,,.9,11.1,1017.3,11,2.9,16.9
232,천안,2025-10-24,13.8,8.3,20.6,,1.1,10.6,1015.9,11,4.3,16.4
232,천안,2025-10-25,13,9.4,18.7,,.8,10,1012.1,10.9,6.6,16.1
232,천안,2025-10-26,12,9.6,16.4,3.8,.8,9.9,1009.1,10.9,8.3,14.5
232,천안,2025-10-27,8.2,4.6,11.5,.1,1.5,0,1012.7,10.8,3.1,12.8
232,천안,2025-10-28,6.5,.1,14.1,,.7,1,1018.4,10.8,0,11.5
232,천안,2025-10-29,7.8,1.2,16.6,,.6,4.1,1019.5,10.8,0,11.7
232,천안,2025-10-30,9,2.3,16.4,,.5,5.7,1016.2,10.7,5.3,11.8
232,천안,2025-10-31,11.7,4.2,19.8,0,.6,7.1,1007.4,10.7,4.9,13.4
232,천안,2025-11-01,12.9,9.4,17.2,5.5,1.4,7.6,1004,10.7,4.6,14.7
232,천안,2025-11-02,8.6,4.5,12.4,0,1.6,2.5,1010,10.6,4.4,11.6
232,천안,2025-11-03,5.2,-1.7,13.4,,.7,.3,1018.6,10.6,0,9.7
232,천안,2025-11-04,8.5,2.5,16.8,,.5,4.4,1016.8,10.6,0,11.5
232,천안,2025-11-05,8.6,2.2,17.6,,.4,5,1014.7,10.5,.6,10.7
232,천안,2025-11-06,9.8,2.3,19.3,,.6,6.3,1014.6,10.5,2.8,11.7
232,천안,2025-11-07,11.2,4.8,19.8,,.7,7.5,1015.1,10.5,2.9,12.4
232,천안,2025-11-08,12.4,7.3,17.6,0,.8,9.3,1012.9,10.4,8.3,12.4
232,천안,2025-11-09,12.5,6.9,18.2,,1.3,6.4,1007.6,10.4,1.9,13.1
232,천안,2025-11-10,7.9,1.2,13.3,,1.5,-4.4,1010.7,10.4,1,10.1
232,천안,2025-11-11,6.9,-.4,15.3,,.7,1.1,1013.5,10.3,4.1,9.4
232,천안,2025-11-12,6.8,.3,16.5,,.5,1,1013.6,10.3,1,9.2
232,천안,2025-11-13,7.7,.7,17.3,,.8,2.5,1010.2,10.3,2.4,9.3
232,천안,2025-11-14,6.6,-.3,14.8,,.8,1.2,1012,10.3,0,8.6
232,천안,2025-11-15,6.4,-.4,15.4,,.5,1.4,1017.1,10.2,2.5,8.4
232,천안,2025-11-16,9.8,1.4,19.6,1.4,.8,1.8,1016.1,10.2,3.9,10
232,천안,2025-11-17,4.8,1.3,11.3,,2.4,-4.9,1018.9,10.2,5.4,7.6
232,천안,2025-11-18,2.5,-2.2,6.5,,1.7,-6.2,1017.3,10.2,4.6,5.7
232,천안,2025-11-19,2.2,-3.4,8.2,,.8,-3.3,1016.3,10.1,.3,5.5
232,천안,2025-11-20,7.2,-2.1,15.3,,1.6,1.1,1014.5,10.1,4.3,7.6
232,천안,2025-11-21,5.5,-.8,12.2,,1.2,-2.6,1015.9,10.1,0,6.7
232,천안,2025-11-22,6.7,.2,14.8,,.7,1.5,1015.9,10,1.8,8
232,천안,2025-11-23,7.9,1.9,14.6,,.7,4.5,1012.6,10,6.9,8.6
232,천안,2025-11-24,9.4,4.3,16.9,,.7,6.5,1007.9,10,1.9,8.9
232,천안,2025-11-25,6.5,4.1,9.5,2.6,1.2,4.3,1006.7,10,8.4,7.8
232,천안,2025-11-26,5.8,.1,11.1,,.6,1.6,1014.6,9.9,4.5,8.7
232,천안,2025-11-27,4.4,-.7,9,8.8,1.9,1.9,1006.3,9.9,7.1,5.5
232,천안,2025-11-28,2.1,-2.5,7.6,,1.1,-5.7,1011.8,9.9,.3,4.7
232,천안,2025-11-29,4.2,-4.5,13.5,,.8,0,1007.8,9.9,0,4.6
232,천안,2025-11-30,10,2.9,17.5,,.8,6.3,1006,9.9,3.1,8.2
232,천안,2025-12-01,5.8,-.6,11.3,,1.3,-1.4,1010.5,9.9,.8,6.6
232,천안,2025-12-02,1,-2.9,5.6,,1.6,-8.8,1014,9.8,4.8,3.2
232,천안,2025-12-03,-4.3,-7.6,-1.8,0,1.6,-13,1016.2,9.8,4.4,1.4
232,천안,2025-12-04,-3.4,-10.1,2.4,3.2,1.2,-8.9,1016.2,9.8,2.5,2.4
232,천안,2025-12-05,-3.6,-9.9,2.6,,1.1,-9.6,1018,9.8,0,2.3
232,천안,2025-12-06,1.6,-6.8,8.9,,.8,-2.6,1011.5,9.8,6,3
232,천안,2025-12-07,7.1,0,13.5,0,1,4.2,1010.8,9.7,3.1,6
232,천안,2025-12-08,3.6,-2.9,9,,1.5,-8.3,1017.2,9.7,.9,3.9
232,천안,2025-12-09,.1,-6.2,8.4,,.5,-4.4,1018.4,9.7,1.3,2.7
232,천안,2025-12-10,3.2,-2.9,11.1,,.5,-.1,1014.8,9.7,6.6,3.8
232,천안,2025-12-11,4.3,-1.8,9.9,9.9,1.4,.3,1011.9,9.7,5.1,5.6
232,천안,2025-12-12,1.2,-5,8.3,,1,-3.4,1020.1,9.7,2.8,3.3
232,천안,2025-12-13,2.7,.6,6.6,9.5,.9,.9,1012.5,9.7,9.8,3.7
232,천안,2025-12-14,.7,-1.4,3.8,.1,1.1,-1.8,1010.6,9.7,6.4,3.5
232,천안,2025-12-15,.4,-4.2,5.1,,.6,-1.6,1015.1,9.7,5,2.7
232,천안,2025-12-16,4.7,.7,8,.3,.9,3,1012.3,9.7,9.1,4.7
232,천안,2025-12-17,3.9,-2.2,8.2,,1.1,.1,1014,9.7,1.8,5.5
232,천안,2025-12-18,.3,-4.7,8.6,,.5,-4.3,1016.6,9.6,.5,3.2
232,천안,2025-12-19,2.9,-4.1,11.5,,.7,-.3,1011.9,9.7,5.4,3.2
232,천안,2025-12-20,6.4,2.7,11,.2,1.1,3.7,1009.8,9.6,8.6,5.6
232,천안,2025-12-21,-.3,-4.7,3.1,,1.9,-10.8,1019.1,9.7,1.5,2.5
232,천안,2025-12-22,-2,-8.8,6.4,,.6,-8.7,1020.6,9.6,1.1,1
232,천안,2025-12-23,.7,-4.9,5.2,10.2,.8,-1.6,1012.7,9.7,8,.3
232,천안,2025-12-24,2.8,.4,4.9,.4,.8,1,1008.6,9.6,8.6,3.3
232,천안,2025-12-25,-2,-6.8,2,,2.6,-8.9,1011,9.7,3.5,1.3
232,천안,2025-12-26,,-9.8,-5.2,0,1.6,,,9.7,1.3,-2.8
232,천안,2025-12-27,-3.4,-9.6,-.3,,1,-7.2,1016.1,9.7,8.4,-.6
232,천안,2025-12-28,2.2,-.9,7.3,.8,.9,1.1,1012,9.7,8,1.1
232,천안,2025-12-29,3.4,-1.3,9.6,2.2,.7,2,1008.8,9.7,2.9,1.9
232,천안,2025-12-30,-.6,-4.6,4.2,,1.1,-9.3,1015.3,9.7,1.9,1.8
232,천안,2025-12-31,-3.9,-7.1,-1.3,,1.9,-14.4,1017.7,9.7,1.4,-.3
235,보령,2025-01-01,2.5,-3.7,9.8,0,1.3,-2.4,1021.4,9.8,.8,2.5
235,보령,2025-01-02,1.3,-2.4,8.1,,1.5,-6,1023.6,9.8,1.1,2
235,보령,2025-01-03,.2,-4.8,5.2,.6,1.7,-6,1025.3,9.8,5.6,1
235,보령,2025-01-04,.4,-4,6.8,,1.2,-4.7,1025.3,9.8,1.8,2.3
235,보령,2025-01-05,4.6,.1,8.7,,3.1,.8,1017.9,9.8,6.1,3.5
235,보령,2025-01-06,2.9,-1.2,6.1,.7,1.9,-1.7,1016.2,9.8,7.1,2.5
235,보령,2025-01-07,-1.3,-5,2.1,2.9,1.1,-4.2,1018.1,9.8,6.6,1.5
235,보령,2025-01-08,-1.7,-5.5,1.6,4.6,1.7,-3.7,1019.5,9.8,9.1,1.5
235,보령,2025-01-09,-7.8,-11.1,-3.5,.4,3.5,-13.4,1025.5,9.8,8,1.1
235,보령,2025-01-10,-5.6,-12.3,.3,0,1.3,-10.4,1030.6,9.9,6,.6
235,보령,2025-01-11,-2.6,-5.2,.3,0,1.2,-6.9,1027.5,9.9,8.6,.9
235,보령,2025-01-12,-1.1,-6.1,3.8,.2,1.3,-4.4,1023.4,9.9,6,.6
235,보령,2025-01-13,1.8,-4.4,5.7,0,2.6,-2.4,1024.1,9.9,6.6,2.2
235,보령,2025-01-14,4.8,.8,9.8,0,1.9,-1.9,1023.5,9.9,6.1,3.7
235,보령,2025-01-15,-1.1,-3.1,2.3,,2.8,-9.6,1027.9,10,5.1,.5
235,보령,2025-01-16,1.9,-2.5,7.9,0,1.1,-5.2,1024,10,6.5,3.2
235,보령,2025-01-17,.2,-4.9,6.4,,1.4,-7,1025.5,10,0,1.6
235,보령,2025-01-18,.1,-6.2,7.5,,1.4,-6.4,1022.7,10,3.4,.9
235,보령,2025-01-19,2.8,-2.5,10.3,,1.8,-2,1016,10.1,3.8,2.2
235,보령,2025-01-20,3,-.3,8.7,,1.1,-.7,1015.4,10.1,2.9,3.3
235,보령,2025-01-21,2.2,-2.1,9.1,,1.2,-.5,1021.1,10.1,.3,2.7
235,보령,2025-01-22,2.9,-1.1,8.7,,.9,-.6,1023,10.1,7.1,3.3
235,보령,2025-01-23,1.7,-3.3,9.7,,1.3,-5.6,1023.6,10.2,.4,2.6
235,보령,2025-01-24,2.1,-4.8,9.9,,2.1,-8.8,1024.3,10.2,0,1.3
235,보령,2025-01-25,5.4,-1.6,11.3,,2.4,-3.7,1026,10.2,2.1,3
235,보령,2025-01-26,5.4,3.2,8,0,2.7,-4.3,1022.9,10.3,7.6,3.9
235,보령,2025-01-27,1.3,-.6,4.5,6,2.5,-3.5,1015.3,10.3,8.3,2.8
235,보령,2025-01-28,-.6,-1.7,2.3,16.3,1.9,-2.9,1016.8,10.3,9,.9
235,보령,2025-01-29,-2,-6.2,1.9,,1.7,-5.8,1024.2,10.3,7.5,1
235,보령,2025-01-30,-1.2,-5.9,4.9,0,1.7,-5.8,1026.3,10.4,5.5,1
235,보령,2025-01-31,3,-2.3,9.2,0,1.9,-2.2,1023.6,10.4,9,1.1
235,보령,2025-02-01,2.7,-.5,7.3,.4,2.1,.7,1019.1,10.4,6.8,3.6
235,보령,2025-02-02,2.2,-2.5,9.1,0,1.2,-2.7,1017.5,10.5,6.3,3
235,보령,2025-02-03,-1.2,-5,3.1,.1,3,-8.8,1019.9,10.5,6,1
235,보령,2025-02-04,-5,-6,-2.4,.3,3.2,-10.9,1018.9,10.5,8.1,-2.6
235,보령,2025-02-05,-5.7,-11,-1.3,.6,2.4,-11.2,1018,10.5,6.3,-.9
235,보령,2025-02-06,-4.2,-11.3,.2,.3,2,-8,1020.1,10.6,5.9,-.5
235,보령,2025-02-07,-4.9,-7.3,1,1.8,3.4,-10.3,1020.6,10.6,8.5,-.8
235,보령,2025-02-08,-4.5,-8.8,-.5,0,2.4,-10.6,1027.6,10.6,6.3,-.9
235,보령,2025-02-09,-2.7,-7.9,1.6,0,1.3,-7.4,1026.3,10.7,6,-.7
235,보령,2025-02-10,-2,-6.3,5.4,.3,1.3,-6.2,1026.1,10.7,3,-.5
235,보령,2025-02-11,1.2,-5.7,9.7,,1.6,-6.7,1026.1,10.7,1.6,1.1
235,보령,2025-02-12,2.3,-.2,5.2,5.6,1.6,-1.3,1016.4,10.8,8.3,1.7
235,보령,2025-02-13,.3,-5.4,5.7,,1.7,-6.7,1023.3,10.8,.5,1.7
235,보령,2025-02-14,2,-3.4,8.4,,1.5,-.3,1021.1,10.9,.6,2.3
235,보령,2025-02-15,2.8,-1.2,7.9,,1.4,-1.6,1016.7,10.9,6.4,2
235,보령,2025-02-16,4.2,.2,9.8,,2.1,1.3,1015.9,10.9,3.5,3.7
235,보령,2025-02-17,1.3,-2.2,6.9,,2.4,-9.4,1023.7,11,1,1.4
235,보령,2025-02-18,-.5,-4.4,4.3,,2.4,-10.5,1026.2,11,1.6,-.5
235,보령,2025-02-19,-2.1,-6.4,3,,1.9,-10.6,1028.1,11,1.4,.2
235,보령,2025-02-20,-1.8,-7.8,3.6,,1.8,-10.7,1029.4,11.1,.9,.1
235,보령,2025-02-21,-1.3,-8,4.2,,1.5,-9.8,1030.2,11.1,2.9,.9
235,보령,2025-02-22,-1,-6,4,.5,1.4,-8.4,1031.7,11.2,2.6,2.1
235,보령,2025-02-23,-1.7,-5.6,3.2,0,1.9,-10.2,1031,11.2,5.8,.9
235,보령,2025-02-24,-.9,-6,5.5,,1.3,-8.6,1031,11.2,1.8,2.1
235,보령,2025-02-25,1.3,-6,5.9,,2.5,-28.9,1026.8,11.2,4.8,2.2
235,보령,2025-02-26,3.2,-3.4,11.1,0,1,-2.9,1023.6,11.3,0,4.7
235,보령,2025-02-27,5.3,-5.6,15.2,,1.5,-9.8,1020.3,11.3,2.3,5
235,보령,2025-02-28,7.6,2.7,13.7,.1,1.4,3.2,1018.8,11.4,4.6,9
235,보령,2025-03-01,7.6,1.6,10.7,9.1,1.5,6.5,1015.6,11.4,7.1,6.2
235,보령,2025-03-02,11.1,6,17.1,8.8,3.4,9.1,1011,11.4,9.4,10.3
235,보령,2025-03-03,5.2,2.8,8.6,23.5,5.5,-.7,1016.8,11.5,8.8,5.7
235,보령,2025-03-04,4,1.9,6.6,.8,3.8,-.9,1017.4,11.5,9.5,4
235,보령,2025-03-05,5,2.1,7.2,,2.1,.1,1020.4,11.6,9.9,5.2
235,보령,2025-03-06,3.5,-1.9,10.5,,1.2,-1.5,1025,11.6,1.5,5.2
235,보령,2025-03-07,3.1,-3.1,9.4,,1.4,-2.5,1026,11.6,4.6,4.1
235,보령,2025-03-08,4.5,.2,10.7,,1.2,-.7,1025.1,11.7,3.9,6.8
235,보령,2025-03-09,5.6,-.2,12.9,,1.2,1.4,1028.2,11.7,.6,6.3
235,보령,2025-03-10,6.8,1,13.9,,1.8,.8,1024.5,11.8,1.8,7.4
235,보령,2025-03-11,7.7,1.9,15,,1.5,.6,1019.1,11.8,2.8,9.3
235,보령,2025-03-12,7.1,3.3,12.9,0,1.3,3,1016,11.8,7.3,9.3
235,보령,2025-03-13,9.1,1.9,16,,2.7,-3.3,1021.1,11.9,6,9.3
235,보령,2025-03-14,13.6,5.5,21.2,,3.5,-4.7,1022.1,11.9,3.1,11.9
235,보령,2025-03-15,10.7,5.3,15.9,,1.8,1.3,1019.3,11.9,7.6,13
235,보령,2025-03-16,4.5,1.5,7.9,.1,1.8,-3.3,1014.7,12,6.8,9.3
235,보령,2025-03-17,3.3,-.5,7.6,1.8,2.5,-6.3,1016.4,12,3.4,7.7
235,보령,2025-03-18,1.5,-.1,4.5,3.1,2.4,-3.6,1016,12.1,7.1,2.8
235,보령,2025-03-19,1.6,-4.1,8.3,,1.1,-5.8,1023.4,12.1,.3,5.3
235,보령,2025-03-20,7.8,-1.5,12.6,,4.8,3.5,1018,12.1,.5,9.6
235,보령,2025-03-21,9.8,5.3,15.3,,4.5,5.2,1012.3,12.2,0,12.5
235,보령,2025-03-22,11.7,5.6,16.7,,3.7,4.8,1010.4,12.2,0,13.7
235,보령,2025-03-23,12.8,7.2,16.9,,3.4,4.7,1008.9,12.3,4,13.7
235,보령,2025-03-24,13.9,10.2,17.4,,5.3,6.7,1003.3,12.3,3.3,15
235,보령,2025-03-25,11.6,4.6,21.6,,3.9,5.1,1001.2,12.3,2.5,14.4
235,보령,2025-03-26,16.2,3,26.8,,2.5,3.5,1002.1,12.4,2.1,15.6
235,보령,2025-03-27,12.1,5.8,20.4,1.5,3,8.2,1001.4,12.4,8.5,14.3
235,보령,2025-03-28,6,1.6,11.5,,1.9,-2.6,1014.8,12.4,6.1,11.5
235,보령,2025-03-29,3,-1.9,8.8,.8,1.8,-4.7,1022.7,12.5,5.4,8.5
235,보령,2025-03-30,3.2,-4.4,8.5,,1.9,-3.8,1027.6,12.5,2.9,9.1
235,보령,2025-03-31,6.3,.8,12.1,,1.8,1.8,1024.5,12.6,2.5,11.3
235,보령,2025-04-01,7.6,2,16.2,,1.2,1.1,1021.1,12.6,.1,12.6
235,보령,2025-04-02,7.4,1.2,14.1,.3,1.5,.7,1018.1,12.6,4.8,9.9
235,보령,2025-04-03,7.4,2.1,13.9,,1.1,3.3,1019,12.7,1.8,12.6
235,보령,2025-04-04,8.1,2.3,14.7,,1.6,2.6,1018.5,12.7,1.6,13.5
235,보령,2025-04-05,8.4,4.9,10.9,8,3,6.6,1011.5,12.7,8.4,9.1
235,보령,2025-04-06,7.7,1.7,13.7,,1.9,4.2,1015.3,12.8,0,11.5
235,보령,2025-04-07,12.5,2.4,18.6,,4.3,2.2,1015.4,12.8,1.8,13.2
235,보령,2025-04-08,11.4,4.4,18.6,,2.4,5.2,1013.5,12.9,.9,16.9
235,보령,2025-04-09,10.8,2.6,18,0,1.4,1.8,1009.6,12.9,6.4,12.1
235,보령,2025-04-10,11.7,7.4,17.7,,1.1,4.8,1006.2,12.9,2.9,16.9
235,보령,2025-04-11,10.7,3.9,19.6,,1.5,5.8,1009.5,13,2.6,16.8
235,보령,2025-04-12,13.8,.8,23.4,27.8,2.9,3,1004.5,13,9,14
235,보령,2025-04-13,6.4,.9,10.4,.2,2.6,.8,1000.8,13.1,6,8.4
235,보령,2025-04-14,6.3,4.3,8.5,10.9,3,3.2,997.5,13.1,9.3,7.7
235,보령,2025-04-15,8.1,2.5,13.4,0,1.4,4.8,1006.6,13.1,1.6,11.6
235,보령,2025-04-16,14.9,4.6,20.6,,4.3,7.1,1006.2,13.2,3,13.8
235,보령,2025-04-17,18.3,15,22.9,,4.8,13.5,1004.1,13.2,3.6,17.8
235,보령,2025-04-18,16,13.2,20.5,,3.6,12.8,1008.5,13.2,2.3,18.2
235,보령,2025-04-19,16.4,11.5,20.7,4,5,14.4,1007.7,13.3,4.6,17.9
235,보령,2025-04-20,14.4,10.6,22.9,,1.8,11.4,1010.9,13.3,3.4,18.4
235,보령,2025-04-21,19.2,10.1,26.5,,1.3,14.9,1012,13.3,7,21.3
235,보령,2025-04-22,18,13.8,20.6,32.8,1.8,15.8,1003.5,13.4,8.6,18.2
235,보령,2025-04-23,14.9,9.6,21.2,,1.8,11.8,1005.3,13.4,3.4,18.9
235,보령,2025-04-24,11.8,6.9,16.6,,2,7.1,1009.4,13.4,5.8,16.7
235,보령,2025-04-25,10.5,4.1,18.4,,1,2.8,1015.8,13.5,0,15.9
235,보령,2025-04-26,12.4,4.7,18.4,,3,3.3,1017.8,13.5,.9,16.6
235,보령,2025-04-27,15.5,10.6,21.7,,2.8,-.3,1014.3,13.5,6.1,18
235,보령,2025-04-28,11.9,5.6,19.9,,1,5.8,1009.8,13.6,0,19.8
235,보령,2025-04-29,10.8,4,17.6,,1.8,3.9,1012.2,13.6,0,18.7
235,보령,2025-04-30,17.5,9.2,23.4,,3.8,3.9,1011.8,13.7,0,21.2
235,보령,2025-05-01,13.9,7,19.8,32.8,2.9,9.3,1006.6,13.7,5.5,15
235,보령,2025-05-02,11.5,5.1,18.7,0,1,7.2,1010.1,13.7,4.8,14.6
235,보령,2025-05-03,10.4,7.8,16.6,15.1,1.8,7.9,1008.2,13.7,6.6,13.1
235,보령,2025-05-04,11.6,5.3,17.4,,1.6,6.7,1012.7,13.8,0,16.2
235,보령,2025-05-05,12.1,6.7,16.6,.2,1.3,5.8,1009.9,13.8,8.1,12.5
235,보령,2025-05-06,12.4,7.6,18.3,,1.4,6.3,1006,13.8,3.6,13.5
235,보령,2025-05-07,12.2,5.6,18.5,,1,6.5,1012.8,13.9,2.8,16.6
235,보령,2025-05-08,15.6,7.4,22,,1.5,7.4,1015.2,13.9,5.6,18.5
235,보령,2025-05-09,15.7,13.8,20.2,11.8,3.8,12.8,1001.8,13.9,9.6,15.7
235,보령,2025-05-10,12.2,11.4,14,.9,3.4,11.1,1001.9,14,9,13.5
235,보령,2025-05-11,13.6,9.8,17.5,,2.3,11.1,1005.5,14,4.1,17
235,보령,2025-05-12,17,9.3,21.9,,3.1,10,1009,14,.8,18.5
235,보령,2025-05-13,20.8,14,24.5,,3.8,8.2,1013.3,14.1,4.6,19.9
235,보령,2025-05-14,19.9,11.8,25.3,,2.8,11.7,1014,14.1,5.1,21.7
235,보령,2025-05-15,17.8,16.2,21.8,1.2,3.1,16.7,1013.5,14.1,9.4,19.1
235,보령,2025-05-16,20.8,17.7,24.3,9.8,2.4,18.3,1009.4,14.1,9.8,20.3
235,보령,2025-05-17,16.5,12.4,21.4,.2,2.8,14.9,1005.5,14.2,6.9,20.5
235,보령,2025-05-18,14.9,9.7,21.4,,1.1,10.1,1010.1,14.2,6.1,19.2
235,보령,2025-05-19,17.5,11.3,20.1,,4.6,13.3,1005.1,14.2,7.6,18.2
235,보령,2025-05-20,22.3,19,25.6,.3,4.6,20.5,1006.7,14.2,6.8,22
235,보령,2025-05-21,23.5,19,28.9,,1.5,19.4,1005.1,14.3,5.9,24.9
235,보령,2025-05-22,18.7,16.7,22,,1.3,16.9,1006,14.3,7.4,22.2
235,보령,2025-05-23,19.4,15.9,24.8,4.4,1.7,13.3,1008.6,14.3,9.4,21.5
235,보령,2025-05-24,16.5,14.3,20.1,0,3.4,9.8,1007.2,14.3,9,17.3
235,보령,2025-05-25,16,10.5,22.1,,1.2,10.3,1013.6,14.3,.1,21
235,보령,2025-05-26,16.9,11.5,22.2,,2.1,12.5,1015.7,14.4,3.9,22
235,보령,2025-05-27,17.5,13.8,21.7,,2.5,13.8,1016.9,14.4,.8,22.8
235,보령,2025-05-28,18.9,13.4,25.6,,1.2,14.1,1016.4,14.4,1.3,25
235,보령,2025-05-29,19.8,13.3,27.7,,1.1,12.5,1013.5,14.4,1.3,25.3
235,보령,2025-05-30,18.9,13,27.3,,1,12.1,1011.1,14.5,.5,24.8
235,보령,2025-05-31,17.6,13.3,23.2,,1.7,14,1010.2,14.5,6.6,23
235,보령,2025-06-01,19.3,13.4,25.2,,1.3,12.9,1008.3,14.5,5.3,25.2
235,보령,2025-06-02,18.7,16.6,21.8,0,.8,13.7,1002.6,14.5,9.9,21.6
235,보령,2025-06-03,18.2,13.8,24.2,,1.4,14.1,1000.4,14.5,2.6,23.8
235,보령,2025-06-04,17.9,12.1,24.8,,1.7,12.6,1004.9,14.5,0,27
235,보령,2025-06-05,19.2,11.4,24.7,,1.9,9.8,1009.8,14.5,3.3,26.8
235,보령,2025-06-06,24,20.6,28.4,,4.3,8.5,1007.5,14.6,5.9,26.1
235,보령,2025-06-07,23.6,21,27.1,,3.5,17.1,1007,14.6,5.1,30.8
235,보령,2025-06-08,23.1,19.8,27.2,0,1.9,19.5,1006.7,14.6,5.3,32.2
235,보령,2025-06-09,23.2,19.4,29.1,,1.5,19.4,1005.8,14.6,3,32.4
235,보령,2025-06-10,20.5,16.4,27.6,,1,17.1,1006.6,14.6,6.4,29
235,보령,2025-06-11,20.6,13.7,29,,.9,14.4,1011.1,14.6,5,30.5
235,보령,2025-06-12,22.4,15.2,30.2,,1.6,14.3,1013,14.6,7.9,29.3
235,보령,2025-06-13,20.9,17.6,23.9,21.1,1.1,17.7,1010.6,14.6,9.8,22.5
235,보령,2025-06-14,23.2,19.5,29.6,12.6,1.7,20.1,1000.4,14.6,6.9,25.3
235,보령,2025-06-15,23.5,18.2,28.9,.1,2.8,20.4,998,14.6,6.5,26.4
235,보령,2025-06-16,22.1,21,23.4,22.6,4.8,20.7,997.9,14.6,8.1,22.9
235,보령,2025-06-17,22.9,20.2,26.5,2.8,3.4,20.7,1003.7,14.6,4.5,25
235,보령,2025-06-18,22.8,19.5,28.1,,1.9,18,1009.8,14.6,2.4,27.1
235,보령,2025-06-19,26.4,18.8,32.1,2.1,2.3,21.4,1010.3,14.6,6.4,26.6
235,보령,2025-06-20,24.4,22.1,26.4,93.8,7.3,22.8,1004,14.7,10,24.3
235,보령,2025-06-21,20.3,18.2,23.1,80.4,1.9,19.5,1003.4,14.7,9.9,22.1
235,보령,2025-06-22,20.9,17.8,25.9,,1.2,18.3,1006.1,14.6,2.8,26.8
235,보령,2025-06-23,23.1,16.5,28.2,,1.6,19,1006,14.6,.5,26.6
235,보령,2025-06-24,22.7,20.3,27.3,9.1,1.8,18.9,1005,14.6,9.3,24
235,보령,2025-06-25,20.8,19.8,21.4,7.6,2.9,19.5,1005.1,14.6,9.8,21.7
235,보령,2025-06-26,21.7,19.7,25.5,0,1.3,19.5,1007.9,14.6,8.3,24.5
235,보령,2025-06-27,24.2,20.3,28.6,0,1.4,20.9,1007.1,14.6,7.6,27.1
235,보령,2025-06-28,25.6,23.1,28.6,0,2.4,23.6,1006.2,14.6,6.8,27.1
235,보령,2025-06-29,26.4,24.1,29.5,,2.9,23.2,1007,14.6,3.4,28.9
235,보령,2025-06-30,26.8,23.6,30.7,,2.7,23.7,1009.5,14.6,4,28.7
235,보령,2025-07-01,27.8,24.1,31.1,,3.3,24.9,1011.2,14.6,4.4,29.9
235,보령,2025-07-02,27.6,25.3,30.4,,2.9,24.7,1011.4,14.6,6.3,31
235,보령,2025-07-03,27,24.8,30.1,,3.2,24.1,1009.3,14.6,3.8,31.4
235,보령,2025-07-04,26.9,25.2,29.8,,4.7,23.8,1006.4,14.6,5.6,29.8
235,보령,2025-07-05,27.4,25.4,30.4,,4,24.3,1004.9,14.6,5.8,30.4
235,보령,2025-07-06,27.5,26,30.2,,3.9,24.9,1004.2,14.6,7.9,31.9
235,보령,2025-07-07,28.3,25.7,32.4,,1.7,24.7,1004.8,14.5,1.6,33
235,보령,2025-07-08,30.6,25.5,35.9,,1.4,25.9,1005.9,14.5,3.1,34.2
235,보령,2025-07-09,30.1,25.9,36.3,,1.1,22.7,1007,14.5,.5,35.4
235,보령,2025-07-10,30.4,23.8,36.1,,1.9,17.8,1008.3,14.5,1.8,35
235,보령,2025-07-11,30.7,26.8,35.3,,2.9,16.6,1009,14.5,.6,35
235,보령,2025-07-12,27.9,23.5,34.1,,1.7,17.2,1007.1,14.5,3.5,35
235,보령,2025-07-13,24.3,21.4,29.6,2.5,1,20.5,1000.8,14.5,8.3,27.2
235,보령,2025-07-14,24.3,20.3,29.6,1.4,1.8,20.8,993.6,14.4,6.1,29.4
235,보령,2025-07-15,23.7,21.1,27.3,3.2,2,20.7,995.4,14.4,8,27.7
235,보령,2025-07-16,23.5,21.9,25,133.8,3.1,21.8,999.9,14.4,9.9,23.8
235,보령,2025-07-17,24.7,22.3,27.3,113.9,3.7,23.3,1001.5,14.4,9.8,24.5
235,보령,2025-07-18,25.2,22.2,28.9,3.6,1.6,22.7,1004.3,14.3,10,25.3
235,보령,2025-07-19,25.9,22.9,27.9,15.6,3.9,24,1007,14.3,8.9,25.7
235,보령,2025-07-20,28.4,25.3,33.6,,2.4,24,1010.5,14.3,5.3,29.8
235,보령,2025-07-21,28.4,25.5,31.7,,2.6,24.4,1012.4,14.3,3.8,30.9
235,보령,2025-07-22,28,24.7,32.7,,1.3,24.1,1012.9,14.3,5.1,31.1
235,보령,2025-07-23,28.6,24.1,34.4,,1.2,23.9,1011.4,14.2,3.8,30.7
235,보령,2025-07-24,29,24.1,35.3,,1.2,24,1009,14.2,2.6,31.3
235,보령,2025-07-25,29.6,24.4,34.8,,1.2,24.5,1006.9,14.2,.1,32.4
235,보령,2025-07-26,30.2,25.1,36.3,,1,25,1005.4,14.2,1.9,32.5
235,보령,2025-07-27,30.2,24.9,36,1.2,1.1,24.2,1003.7,14.1,1.3,33.7
235,보령,2025-07-28,29.8,25.7,34.8,3.8,1.2,25,1002,14.1,2.4,32.7
235,보령,2025-07-29,29.7,26,34.4,,1.3,24.4,999.4,14.1,2.6,33.1
235,보령,2025-07-30,29.9,25.3,35.3,,1,25.4,999.2,14,7,34
235,보령,2025-07-31,30,25.2,36.6,,1.4,22.9,1001.1,14,7.4,33.9
235,보령,2025-08-01,29.3,24.4,35.6,,1.2,22.7,1001.6,14,6,34.3
235,보령,2025-08-02,29.6,24.8,36.3,,1,23.4,1001.4,14,7.1,34.4
235,보령,2025-08-03,26.8,24.1,30.3,78.4,1.7,23.9,998.9,13.9,10,28.3
235,보령,2025-08-04,27.1,24.6,31.2,18.6,1.5,24.7,999.5,13.9,6,29.9
235,보령,2025-08-05,27.9,23.6,32.7,.8,1.7,24,1003.4,13.9,4.5,31.1
235,보령,2025-08-06,27.4,25.1,29.2,3.8,3.3,26,1001.2,13.9,8.9,28.5
235,보령,2025-08-07,26.7,22.4,31.2,,.8,23.1,1002,13.8,5.1,30.4
235,보령,2025-08-08,25.3,21.8,29.8,,1.1,22.2,1003.5,13.8,8.5,27.9
235,보령,2025-08-09,24.4,22.9,27.2,1,1.3,22.2,1001.9,13.7,9.6,26.3
235,보령,2025-08-10,25.8,20.2,32.7,,1.6,20.8,1000.5,13.7,3.4,27.4
235,보령,2025-08-11,24.3,21.7,27.7,1.9,1.1,22.5,1003.5,13.7,8.6,26.1
235,보령,2025-08-12,25.4,20.7,31,.2,1.8,21.4,1008.3,13.7,7.9,26.4
235,보령,2025-08-13,27.8,24.4,30.7,14.6,5.1,24.9,1011.1,13.6,8.9,27.5
235,보령,2025-08-14,26.9,24.7,30.2,16.6,3.1,24.2,1013.8,13.6,6.9,28.3
235,보령,2025-08-15,27.8,24.8,31.9,,1.5,25.4,1013.9,13.6,1.9,29.8
235,보령,2025-08-16,27.3,23.9,32,,1.8,24.3,1012.5,13.5,.6,29.6
235,보령,2025-08-17,27.8,24.4,32.4,,1.6,24.7,1013.3,13.5,5.4,29.7
235,보령,2025-08-18,28.6,25.5,31.8,,2.4,25.2,1013,13.5,5.4,30.3
235,보령,2025-08-19,28.6,26.5,31.7,,3.3,25.9,1010.5,13.4,3.8,31.7
235,보령,2025-08-20,28.4,25.3,32.5,,2,24.9,1008.7,13.4,3.5,32.1
235,보령,2025-08-21,29,26.2,33.7,,1.2,25.1,1009,13.4,4.6,33
235,보령,2025-08-22,28.4,25.1,32.8,,1.4,24.5,1008.2,13.3,1.1,33.4
235,보령,2025-08-23,28.6,25,33.1,,1.5,24.7,1009.3,13.3,.5,33.4
235,보령,2025-08-24,29,24.9,33.5,,2,24.9,1010.3,13.2,.6,33.8
235,보령,2025-08-25,29.5,26.8,32.8,,4,25.8,1008.6,13.2,3.1,34
235,보령,2025-08-26,26.6,24.2,31,30.4,2.1,24.8,1007.7,13.2,7,29.5
235,보령,2025-08-27,25.9,22.4,32.1,,1,22.3,1009.9,13.1,4.5,29.3
235,보령,2025-08-28,27.3,21.5,31.8,,2.6,23.8,1010.9,13.1,7.1,29.7
235,보령,2025-08-29,28.9,27,31.9,0,3.7,26.1,1012.5,13.1,4.4,30.5
235,보령,2025-08-30,28.6,26,32.8,,1.6,25.2,1012.7,13,2.4,31.2
235,보령,2025-08-31,28.5,24.6,32.5,,2.5,24,1008.4,13,4.3,30.8
235,보령,2025-09-01,26.7,24.8,31.9,30,3,24.6,1005,13,8,28.3
235,보령,2025-09-02,25.2,22.1,31,0,.9,21.8,1008.4,12.9,5.4,28.4
235,보령,2025-09-03,26.7,20.7,32.8,,1.5,21.8,1009.3,12.9,5.3,27.7
235,보령,2025-09-04,26.3,24.3,31.7,6.2,1.5,23.2,1007.8,12.9,7.5,27.8
235,보령,2025-09-05,27.7,23.3,32.5,,1.3,23.9,1008.6,12.8,3.1,29.4
235,보령,2025-09-06,27.2,23,31.5,56.8,4.2,24.5,1007.5,12.8,7,29.1
235,보령,2025-09-07,24.7,19.7,29.3,5,1,22.2,1007.1,12.7,7.6,27.4
235,보령,2025-09-08,22.5,18.6,26,0,1.3,19.8,1009.7,12.7,9.1,24.7
235,보령,2025-09-09,21.6,19.5,25.2,2.1,1.6,18.4,1011.2,12.7,8.8,24
235,보령,2025-09-10,24.3,18.8,30.7,,2.2,18.3,1011.1,12.6,.5,25.1
235,보령,2025-09-11,25.8,19.2,31.3,,2.2,18.5,1013.2,12.6,2.9,25.6
235,보령,2025-09-12,23.8,22.2,26.1,15.1,2.1,19.9,1010.1,12.5,10,24
235,보령,2025-09-13,24.7,22,27.8,33.6,2.3,22.2,1004.9,12.5,8.6,26.2
235,보령,2025-09-14,24.7,21.9,29.2,,.9,21.9,1010.3,12.5,8.9,26.7
235,보령,2025-09-15,24.9,20.6,29.6,,1.3,21.4,1013.6,12.4,6.5,26.1
235,보령,2025-09-16,25.4,22.3,30.2,50.9,2.3,23.5,1011.2,12.4,7.8,26.8
235,보령,2025-09-17,23.3,20.5,25.9,35.5,1.6,22,1009.1,12.4,8.1,25.6
235,보령,2025-09-18,22.5,19.4,28.4,0,1,19.7,1013.6,12.3,6.6,24.8
235,보령,2025-09-19,20.9,18.5,23.8,20.4,2.3,17.2,1012.9,12.3,9.6,22.5
235,보령,2025-09-20,21,18.1,26.3,63.1,1.7,18.8,1008,12.2,5.8,23.8
235,보령,2025-09-21,21.9,17.2,26.8,,2.2,17.2,1015.1,12.2,6.1,22.9
235,보령,2025-09-22,22.8,20.5,25.1,0,2.3,14.8,1017.9,12.2,8.6,22.7
235,보령,2025-09-23,23.8,19.3,29.3,0,1.9,14.3,1016,12.1,7.5,23.7
235,보령,2025-09-24,23.8,19.7,27.2,19.7,2.4,19.9,1012.4,12.1,8.5,23.1
235,보령,2025-09-25,22.1,20.8,24.3,21.1,1,21.2,1016.2,12.1,9.5,23.5
235,보령,2025-09-26,21.7,17,27.4,,1.2,19.1,1017.6,12,7.6,23.5
235,보령,2025-09-27,23.1,17.8,28.7,3,1.4,19.6,1015.3,12,7.4,24
235,보령,2025-09-28,20.6,18.2,22.5,36.6,1.7,19.4,1009.8,11.9,9.3,23.1
235,보령,2025-09-29,20.4,16.4,26.2,,.9,16.6,1011.8,11.9,4.4,23.1
235,보령,2025-09-30,19.5,15.8,25.8,,1.4,16,1011.5,11.9,5.4,21.4
235,보령,2025-10-01,20.5,15.3,26.9,,1.3,16.1,1012.9,11.8,3,22
235,보령,2025-10-02,21.2,18.2,26.2,.1,1.6,17.4,1015.8,11.8,9.3,22.2
235,보령,2025-10-03,19.4,17.5,20.9,9.6,2,17.4,1012.9,11.8,9,20.9
235,보령,2025-10-04,22.6,19.4,27.6,0,1,20.4,1011.5,11.7,9,23.7
235,보령,2025-10-05,22.3,19.6,26,.2,.7,20.2,1012.7,11.7,8.3,23.9
235,보령,2025-10-06,21.7,19.5,24.1,17.8,1.8,19.9,1012.1,11.6,9.5,22.4
235,보령,2025-10-07,21.7,19.7,24.4,2.9,1.7,20.3,1012.2,11.6,9,23.5
235,보령,2025-10-08,21.9,19.7,26.5,0,2.5,19.2,1014.6,11.6,4.5,23.3
235,보령,2025-10-09,23.2,18.5,30.8,,1.3,18.2,1016.1,11.5,6.8,23.6
235,보령,2025-10-10,22.4,20.2,26.8,,1.7,17.1,1014.9,11.5,7.1,23.2
235,보령,2025-10-11,23.6,20.2,26.5,2.8,2.7,19.9,1011.4,11.4,5,24.3
235,보령,2025-10-12,20.9,18.7,22.8,1.6,.8,18.8,1011.6,11.4,8.3,23.3
235,보령,2025-10-13,19.5,17.5,22.1,8.6,1.5,18.5,1011.9,11.4,9.5,21.5
235,보령,2025-10-14,18.8,16.4,21.1,3.6,2.1,16.8,1014.8,11.3,7.4,20.5
235,보령,2025-10-15,21.2,18.3,26.5,52.2,2,17,1016.1,11.3,7.9,21
235,보령,2025-10-16,19.9,18,23.8,12.9,2,17.3,1016.4,11.3,5,20.8
235,보령,2025-10-17,20.7,15.9,27.2,34.5,1.5,16.2,1017.9,11.2,5.8,20.7
235,보령,2025-10-18,16.1,13.2,18.6,11.3,2.3,14.2,1018.4,11.2,9.8,18.8
235,보령,2025-10-19,15.4,11.4,21.9,,1.9,11.6,1022.2,11.2,6.9,17.8
235,보령,2025-10-20,11.6,5.3,17.1,,3.3,5.9,1026,11.1,4.5,14.1
235,보령,2025-10-21,10.1,6.3,14.4,,2.6,4.9,1027.4,11.1,8.6,13.2
235,보령,2025-10-22,13.2,5.4,20.7,,2.3,8.8,1025.7,11,1.5,13.8
235,보령,2025-10-23,16,11,23,,1.5,12,1024.9,11,2.6,16.4
235,보령,2025-10-24,15.4,10.6,23,,1.2,11.5,1023.2,11,4.3,16.3
235,보령,2025-10-25,14.8,10.8,21.3,,1.3,9.7,1020.1,10.9,7,16.5
235,보령,2025-10-26,13.6,11.2,17.8,3.6,1,9.8,1017.5,10.9,7.9,15.5
235,보령,2025-10-27,10.4,7.1,14.8,,2.3,1.2,1021.2,10.9,1.3,12.7
235,보령,2025-10-28,9.8,4,17.4,,1.4,2.3,1026.2,10.8,0,11.9
235,보령,2025-10-29,11.3,6.1,19.7,,1.3,5.1,1026.8,10.8,.5,12.5
235,보령,2025-10-30,12.5,7.4,19.5,,1.3,6.1,1023.3,10.8,5.5,13
235,보령,2025-10-31,14.4,7.8,21,.5,1.4,9.4,1015.2,10.7,4.4,14.3
235,보령,2025-11-01,14.5,9,19.5,1.8,1.1,9.1,1012.8,10.7,4.5,14.9
235,보령,2025-11-02,11.1,6,15.6,.3,1.9,2.1,1019,10.7,3.5,12.7
235,보령,2025-11-03,6.9,-.4,15.2,,1.4,.2,1026.7,10.6,.9,9.8
235,보령,2025-11-04,10.8,6,18.8,,1.2,5.2,1024.7,10.6,.3,11.5
235,보령,2025-11-05,11.8,6.3,19.5,,2,5.3,1022.1,10.6,.8,11.6
235,보령,2025-11-06,12.7,6.6,20.4,,1.7,7.1,1022.2,10.5,3.5,12.1
235,보령,2025-11-07,13.1,8.8,20.3,,1.1,9.6,1022.3,10.5,2.8,13.2
235,보령,2025-11-08,15.3,10.2,18.7,0,1.3,8.8,1020.1,10.5,9.3,13.9
235,보령,2025-11-09,14.3,9.9,20.5,,1.2,8.7,1016.1,10.4,2.4,14.4
235,보령,2025-11-10,9.1,4.6,15.5,,2,-1.4,1019.1,10.4,.5,10.7
235,보령,2025-11-11,9.6,4,15.7,,1.5,1.9,1021.4,10.4,5,10.2
235,보령,2025-11-12,10.4,4.7,18.7,,1.1,5.8,1021.4,10.3,2.6,10.5
235,보령,2025-11-13,10.7,5,18.9,,1.1,7,1018.2,10.3,.9,11.1
235,보령,2025-11-14,9.3,3.8,17.5,,1.1,3.7,1020.2,10.3,1,9.9
235,보령,2025-11-15,9.9,4.5,17.7,,1.1,3.5,1024.7,10.3,3.1,10.1
235,보령,2025-11-16,12.3,6.1,18.9,2.1,1.8,6.3,1024.2,10.2,4.3,11.1
235,보령,2025-11-17,6.4,4.3,11.9,,3.5,-2,1027.6,10.2,6.6,8.7
235,보령,2025-11-18,4.9,2.1,10.6,0,2.2,-1.9,1025.3,10.2,8.1,7.7
235,보령,2025-11-19,5.6,3,11.2,0,1.6,-.8,1024.3,10.1,6.4,7.8
235,보령,2025-11-20,9.6,4.1,16.4,,1.2,3.5,1022.9,10.1,3.9,9.6
235,보령,2025-11-21,6.8,2.5,13.5,,1.2,1.3,1024.3,10.1,0,8.1
235,보령,2025-11-22,8.8,2.6,15.1,,1.8,4.8,1024,10.1,.4,8.4
235,보령,2025-11-23,11.5,5.5,15.8,,2.6,6.8,1020.3,10,6.1,10.1
235,보령,2025-11-24,12.7,6.4,16.7,,2.7,9.7,1015.8,10,1.4,11.6
235,보령,2025-11-25,8.7,5.9,11.2,4.5,1.5,3.7,1015.6,10,8.3,9.4
235,보령,2025-11-26,6.9,3,12.8,,1.2,1.7,1022.6,10,4.9,9
235,보령,2025-11-27,8.2,2.9,12,9.5,2.1,2.4,1015,10,8.4,8
235,보령,2025-11-28,4.8,.6,10.5,,1.8,-4.8,1019.8,9.9,2.1,6.4
235,보령,2025-11-29,9.2,-.5,14.9,,4,2.5,1015.2,9.9,0,6.9
235,보령,2025-11-30,13.3,9,17,,3.2,10.7,1014,9.9,0,10.8
235,보령,2025-12-01,7,1.8,13,,1.4,-.4,1019.1,9.9,.5,7.9
235,보령,2025-12-02,3,-.6,6.2,0,3.3,-5.9,1022.4,9.9,6.5,4.8
235,보령,2025-12-03,-2.4,-5.2,1.6,.2,3.3,-8.8,1024.7,9.9,6.9,2.3
235,보령,2025-12-04,.7,-4.8,5.5,.8,2.7,-5.4,1024.6,9.8,7.1,4
235,보령,2025-12-05,.5,-4.2,6.7,,1.9,-6.8,1026.2,9.8,.6,3
235,보령,2025-12-06,6.7,-3.3,11.5,,3.6,.7,1019.2,9.8,5.3,4.4
235,보령,2025-12-07,10,3.7,14.3,,2.1,6.3,1019.1,9.8,4.9,8.2
235,보령,2025-12-08,5.2,.4,10.3,,1.9,-5.9,1025.9,9.8,2.1,6
235,보령,2025-12-09,3.7,-.9,11.3,,1.2,-2.3,1026.3,9.8,2,4.2
235,보령,2025-12-10,7.2,1.5,11.4,,1.5,.9,1022.5,9.8,7.3,6.3
235,보령,2025-12-11,6.8,-.1,11.9,6,3,2.2,1020.5,9.7,3.8,7.3
235,보령,2025-12-12,2,-3.5,10.2,,1.5,-4.6,1027.9,9.7,2.6,3.3
235,보령,2025-12-13,3.9,1.3,7,9.5,1.3,.9,1020.6,9.7,9.9,4.5
235,보령,2025-12-14,2.4,0,4.5,1.2,1.4,-1,1019.3,9.7,9,3.4
235,보령,2025-12-15,4.7,.5,9.3,,1.6,-.1,1022.7,9.7,7.4,5.4
235,보령,2025-12-16,7.8,5,10.3,0,1.9,4,1020.1,9.7,8,6.2
235,보령,2025-12-17,4.9,-.6,9.7,,1.6,-.4,1022.6,9.7,2,6.1
235,보령,2025-12-18,2.9,-1.5,10.5,,1.2,-2.3,1024.6,9.7,.3,4
235,보령,2025-12-19,8.9,-1.3,15.8,,1.7,3.4,1019,9.7,3,6.1
235,보령,2025-12-20,10.9,4,14.8,,2.6,6.8,1018,9.7,8.5,9.1
235,보령,2025-12-21,.5,-4.5,4.2,,2.9,-8,1027.9,9.7,2.5,3.5
235,보령,2025-12-22,.3,-5.9,7.1,,1.6,-9.5,1028.6,9.7,3.1,1.9
235,보령,2025-12-23,5.6,-.4,10.6,14.7,1.9,.1,1019.5,9.7,8.6,3.4
235,보령,2025-12-24,3.3,-1.1,6.4,.2,2.6,.3,1017.1,9.7,7.4,5.2
235,보령,2025-12-25,-1.3,-4.6,3.6,0,2.8,-7.3,1020.5,9.7,5.8,.9
235,보령,2025-12-26,-4.8,-7.8,-.3,,3.2,-14.1,1026.3,9.7,3.6,-1.8
235,보령,2025-12-27,-1.3,-7.4,3.3,2.4,1.6,-4.5,1023.9,9.7,8.8,-.6
235,보령,2025-12-28,4.9,.4,9.2,0,2.5,1.2,1019.7,9.7,5.3,2.4
235,보령,2025-12-29,6.5,.2,11.6,.6,2.1,3.4,1017.3,9.7,3.6,5.1
235,보령,2025-12-30,.7,-2.8,5.3,,2.3,-9.3,1023.7,9.7,1.9,1.8
235,보령,2025-12-31,-2.6,-5.6,.8,,3.1,-10.9,1026.8,9.7,2.9,.5
236,부여,2025-01-01,.1,-6.3,10.2,,.4,-4.1,1022.1,9.7,0,2.6
236,부여,2025-01-02,-.4,-5.8,8.4,,.5,-7.4,1023.8,9.8,.4,2
236,부여,2025-01-03,-.7,-5.6,5.3,0,.7,-6.6,1025.7,9.8,3.6,2.3
236,부여,2025-01-04,-1.4,-5.9,5.6,,.3,-4.6,1026,9.8,2.1,1.4
236,부여,2025-01-05,.6,-5,5.2,.5,.3,-.4,1019.2,9.8,8.6,1
236,부여,2025-01-06,1.6,-1.4,5.6,.8,1.4,-1.9,1016.3,9.8,3.9,3.1
236,부여,2025-01-07,-2.2,-6.5,2,1,.5,-4.5,1018.6,9.8,4.6,.6
236,부여,2025-01-08,-2.4,-5,.8,2.8,.6,-3.6,1020,9.8,7,.8
236,부여,2025-01-09,-8.3,-13.2,-3.4,0,1.7,-13.6,1025.8,9.9,6.3,.2
236,부여,2025-01-10,-7.4,-15,-.5,0,.4,-11.8,1031.3,9.9,6.1,-.5
236,부여,2025-01-11,-3.2,-5.7,.3,0,.5,-6.7,1028.1,9.9,7.5,.2
236,부여,2025-01-12,-2.7,-8.7,3.8,0,.4,-5.3,1024,9.9,5.5,1.2
236,부여,2025-01-13,-.6,-7.2,5.7,,.4,-3.5,1025.1,9.9,5.1,1.9
236,부여,2025-01-14,3.4,-1.2,9.9,0,.9,-2.6,1023.9,10,5.9,3.3
236,부여,2025-01-15,-1.6,-6.2,2.8,,1.5,-10.2,1028,10,.9,2.2
236,부여,2025-01-16,.6,-6,6.4,,.7,-5.3,1024.5,10,5.3,3.2
236,부여,2025-01-17,-.3,-5.7,6.6,,.4,-6,1025.7,10,0,2.6
236,부여,2025-01-18,-1.3,-7.9,7.8,,.2,-7.9,1023.3,10,2.9,.9
236,부여,2025-01-19,-.3,-6.7,8.9,,.2,-3.8,1016.9,10.1,3.1,1
236,부여,2025-01-20,.4,-3.9,8.9,,.3,-2.3,1015.9,10.1,2.4,2
236,부여,2025-01-21,-.2,-6.1,8.7,,.3,-2.8,1021.5,10.1,.1,2
236,부여,2025-01-22,1.6,-4.7,9.3,,.4,-1.1,1023.6,10.1,6.9,2
236,부여,2025-01-23,1.4,-4.9,10.4,,.4,-6.6,1024,10.2,.9,3.1
236,부여,2025-01-24,1.1,-6.3,10.6,,.6,-7.6,1024.7,10.2,.3,1.8
236,부여,2025-01-25,4.9,-4.3,11.9,,1.3,-3.6,1026.6,10.2,1.1,3
236,부여,2025-01-26,4.3,.4,8,0,.8,-3.4,1023.6,10.2,7.9,2.8
236,부여,2025-01-27,.3,-2.5,3.4,3.9,1.2,-2.6,1015.5,10.3,7,3.3
236,부여,2025-01-28,-1.4,-2.6,1.1,18.6,1.3,-2.4,1016.8,10.3,8.3,.8
236,부여,2025-01-29,-3.9,-10,.2,2.3,.8,-6.1,1024.5,10.3,4.4,1
236,부여,2025-01-30,-3.8,-10.8,2.3,0,.3,-6.4,1027.1,10.4,5,1.2
236,부여,2025-01-31,-.1,-7.2,6.6,,.3,-2.6,1024.6,10.4,9.4,.9
236,부여,2025-02-01,2.9,-.8,8.1,.8,1.2,1,1019.6,10.4,8,3
236,부여,2025-02-02,1.8,-4,8.7,0,.5,-1.8,1017.7,10.5,6.1,3.6
236,부여,2025-02-03,-1.2,-4.8,1.9,0,2.3,-9.1,1019.8,10.5,4.5,2.1
236,부여,2025-02-04,-5.4,-7.8,-2.4,,2.2,-12.5,1019,10.5,5.9,-1.4
236,부여,2025-02-05,-6.2,-10.8,-1.9,,1.1,-11.7,1018.3,10.6,1.9,-.4
236,부여,2025-02-06,-4.6,-11,1.3,.7,.8,-8,1020.7,10.6,4.9,.4
236,부여,2025-02-07,-5.8,-9.3,-.7,2.2,2.1,-9.9,1020.9,10.6,5.1,.3
236,부여,2025-02-08,-6.2,-13.2,-.9,,1,-11.3,1027.8,10.7,3.9,-.1
236,부여,2025-02-09,-4.5,-10.5,1.4,0,.5,-7.6,1026.8,10.7,4.1,.7
236,부여,2025-02-10,-3.4,-8.6,3.4,,.6,-6.4,1026.6,10.7,3.3,-.2
236,부여,2025-02-11,-.9,-8.6,8.4,,.4,-7,1026.9,10.8,1.6,2
236,부여,2025-02-12,1,-.8,4.7,7.6,1.2,-1.8,1016.7,10.8,8.6,.2
236,부여,2025-02-13,-.3,-7.1,7,,.9,-6.9,1023.7,10.8,0,2.5
236,부여,2025-02-14,1.2,-5.8,10.2,,.5,-2.5,1021.6,10.9,.1,3.3
236,부여,2025-02-15,.7,-5.5,8.1,,.2,-2.4,1017.3,10.9,6.5,2.1
236,부여,2025-02-16,3.5,-2.5,10.9,,1,.1,1016.2,10.9,.8,3.9
236,부여,2025-02-17,1.3,-2.9,6.4,,1.9,-10.2,1023.6,11,.5,2.8
236,부여,2025-02-18,-1,-7.3,4.7,,1.8,-10.4,1026.2,11,.5,1.1
236,부여,2025-02-19,-2.6,-8.4,3.4,,1.2,-11.2,1028.2,11,0,1.6
236,부여,2025-02-20,-2.8,-8.9,4,,1.1,-10.9,1029.6,11.1,.5,1.5
236,부여,2025-02-21,-2.2,-8.5,4.3,,1,-10.5,1030.5,11.1,2.5,1.9
236,부여,2025-02-22,-1.7,-8.4,4.4,.3,.9,-7.9,1031.7,11.1,1.1,3.4
236,부여,2025-02-23,-3.1,-8.3,1.9,,1.8,-10,1031,11.2,2.5,.6
236,부여,2025-02-24,-1.9,-8.6,6.4,,.9,-10.2,1031.3,11.2,.3,2.4
236,부여,2025-02-25,.1,-7.9,6.8,,.8,-3.8,1026.9,11.3,5.1,2.2
236,부여,2025-02-26,3.4,-3.5,11.4,,.8,-5.8,1023.7,11.3,0,4.9
236,부여,2025-02-27,4.3,-6.9,15.3,,.4,-9,1021.1,11.3,3,5
236,부여,2025-02-28,7.6,2.3,15.7,.1,.3,2.4,1019.2,11.4,5,10.1
236,부여,2025-03-01,4.9,-1.5,8.6,2.7,.6,4.4,1016.6,11.4,6.4,5
236,부여,2025-03-02,9.9,5.5,15.2,12.6,1.3,8.3,1012.3,11.4,9.3,9.5
236,부여,2025-03-03,4.6,1.7,7.6,31.8,2.4,-.7,1018.6,11.5,9.3,6.5
236,부여,2025-03-04,3.9,1.7,6.6,2,1.9,-.8,1018.6,11.5,9.5,4.9
236,부여,2025-03-05,5.2,3.3,7.7,.4,.9,.6,1020.8,11.6,10,6
236,부여,2025-03-06,4.2,-1.6,11.2,,1,-2.4,1024.9,11.6,1.4,6.8
236,부여,2025-03-07,3.6,-3.7,11.7,,.4,-3.7,1026.5,11.6,5.1,5.9
236,부여,2025-03-08,4.4,-.1,11,,.6,-.7,1025.3,11.7,4.8,7.6
236,부여,2025-03-09,5.1,-2.5,14,,.4,-.5,1028.5,11.7,.5,7
236,부여,2025-03-10,5.9,-1.5,15.4,,.5,-1,1025,11.7,2,7.9
236,부여,2025-03-11,7.9,-1.6,17.4,,.5,-.1,1019.5,11.8,3.4,10.2
236,부여,2025-03-12,7.5,1.8,15.4,,.7,4,1016.2,11.8,7,10.6
236,부여,2025-03-13,9.3,1.8,17.5,,.9,-2.5,1021.3,11.9,6.6,10
236,부여,2025-03-14,12.4,1.6,20.8,,1,-3.3,1022.7,11.9,4.1,12
236,부여,2025-03-15,10.1,5.6,14.3,,1.6,.8,1020.1,11.9,7.3,12.2
236,부여,2025-03-16,4.6,1.2,8,.1,2.3,-3.8,1014.3,12,5.9,8.4
236,부여,2025-03-17,3.1,-2.8,8.6,,1.4,-8.3,1016.4,12,2.4,7.6
236,부여,2025-03-18,1.6,-.6,4.4,4.7,1.9,-2.9,1015.7,12.1,7,4.1
236,부여,2025-03-19,1.5,-4.9,7.9,,.9,-5.4,1023.6,12.1,.5,5.8
236,부여,2025-03-20,5.4,-3.7,14.4,,.8,1.5,1018.8,12.1,.8,8.2
236,부여,2025-03-21,9.7,1.9,18.9,,1.2,4,1012.7,12.2,0,11.7
236,부여,2025-03-22,11.1,1.2,21.7,,.9,4,1010.8,12.2,0,12.6
236,부여,2025-03-23,12.4,2.1,25.2,,.5,4.1,1009.5,12.2,4.3,14
236,부여,2025-03-24,14,8.1,19.9,0,1.2,7.8,1003.8,12.3,2.4,15.5
236,부여,2025-03-25,13.4,5.9,25,,1.7,5.7,1001.5,12.3,4.8,15.3
236,부여,2025-03-26,16.3,1.8,27.8,,1,2.9,1002.8,12.4,2.1,16.2
236,부여,2025-03-27,14.4,5.9,20.5,1.4,1.4,9.8,1001.3,12.4,9,15.9
236,부여,2025-03-28,7,2.9,12.5,.1,1.8,-4.2,1014.4,12.4,6,12.7
236,부여,2025-03-29,2.6,-2.7,9.3,0,1.6,-5.6,1022.7,12.5,5.9,8.3
236,부여,2025-03-30,3.1,-4.5,9.7,,.9,-4.7,1027.9,12.5,2.4,9.9
236,부여,2025-03-31,6,-1.1,14,,.7,-.7,1024.9,12.6,2.8,11.7
236,부여,2025-04-01,8.3,1.3,18,,.8,-.1,1021.4,12.6,2.9,13.5
236,부여,2025-04-02,7.5,-.5,16.8,,.7,.7,1018.4,12.6,3.8,11.3
236,부여,2025-04-03,9.3,3.7,16.2,,.9,2.9,1018.9,12.7,2.9,14.3
236,부여,2025-04-04,10.1,3.7,17.6,,.7,3.5,1018.7,12.7,3.8,15.9
236,부여,2025-04-05,8.5,5.8,11,8.4,1,6.2,1011.8,12.8,7,9.8
236,부여,2025-04-06,9.1,2,16.9,,1,2.1,1015.4,12.8,0,13
236,부여,2025-04-07,11.4,0,20.3,,.9,2.8,1016.1,12.8,.9,14.5
236,부여,2025-04-08,13.8,5.7,20.9,,1.3,3.9,1013.3,12.9,.5,17
236,부여,2025-04-09,10.9,1.5,19.9,0,.6,2.5,1010.1,12.9,5.8,13.4
236,부여,2025-04-10,13.2,7.2,19.6,.1,.9,5.8,1006,12.9,4,16.9
236,부여,2025-04-11,13.1,3,24.9,,.5,4.8,1009.6,13,2.3,17.7
236,부여,2025-04-12,12.1,2.3,22.6,21.6,1.2,4.3,1005.2,13,8.8,13.9
236,부여,2025-04-13,6.1,1.4,10.4,2.2,1.6,.4,1001.2,13,5.9,9.7
236,부여,2025-04-14,5.7,2.7,8.9,7.4,1.1,2.6,998,13.1,8,8.5
236,부여,2025-04-15,7.8,1,14.6,,1.1,3.1,1006.6,13.1,.5,12.3
236,부여,2025-04-16,14.1,2.7,23.6,,1,6.5,1007.2,13.2,3.6,14.5
236,부여,2025-04-17,19.8,13.6,26.9,,1.3,13.1,1004.7,13.2,3.8,19.2
236,부여,2025-04-18,18.5,13.3,24.7,,1,13.9,1008.7,13.2,1.8,20.7
236,부여,2025-04-19,18.7,13.9,24.9,2,1.4,15.2,1007.8,13.3,6.4,19.6
236,부여,2025-04-20,17.4,13.1,24.4,.3,.7,13.3,1011,13.3,4.1,21
236,부여,2025-04-21,20,13.9,27.5,,.6,15,1012.3,13.3,7.3,22.3
236,부여,2025-04-22,17.7,15.6,18.7,36.9,.5,16.8,1003.9,13.4,8.3,19.1
236,부여,2025-04-23,16.7,11,24.1,,.9,13,1005.3,13.4,3.9,21.1
236,부여,2025-04-24,13.6,7.2,21,,1.2,5.8,1009.2,13.4,5.9,18.3
236,부여,2025-04-25,10.6,2.7,19.5,,1.2,-1.2,1015.7,13.5,.6,16.4
236,부여,2025-04-26,12.1,2,22.1,,1,2,1018.3,13.5,1,17.4
236,부여,2025-04-27,14.6,5.4,24.2,,.8,1.6,1014.5,13.5,7.3,18
236,부여,2025-04-28,13,6,22.3,,1.1,4.3,1009.5,13.6,.6,19.7
236,부여,2025-04-29,12.1,3.2,21.1,,.7,2.8,1012.4,13.6,0,19.1
236,부여,2025-04-30,15.6,4.6,27.1,,.6,5.5,1012.5,13.6,0,21.6
236,부여,2025-05-01,13.3,8,21.7,14.2,.8,10.6,1006.9,13.7,5.9,15.5
236,부여,2025-05-02,12.2,4.7,19.9,0,.9,4.9,1010.1,13.7,4.4,15.4
236,부여,2025-05-03,10,6.3,15.2,22.8,1,7.5,1008.4,13.8,7.1,13
236,부여,2025-05-04,12.5,5.5,21,,1.1,3.9,1012.7,13.8,0,16.2
236,부여,2025-05-05,10.8,4.1,16.8,.3,.5,7,1010.4,13.8,7.3,13.3
236,부여,2025-05-06,13,7.9,18.5,,1.1,6.9,1006.1,13.8,4.4,14.8
236,부여,2025-05-07,13,4.9,21.5,,.7,6.9,1012.8,13.9,3.9,17.8
236,부여,2025-05-08,16.1,6.6,24.9,,.6,8.7,1015.5,13.9,5.6,20.5
236,부여,2025-05-09,15,13,17.2,16.3,.9,13.9,1002.9,13.9,8.6,16.5
236,부여,2025-05-10,12.4,12,15.4,3,1.7,11.4,1001.9,14,9.8,14.3
236,부여,2025-05-11,14.3,9.3,20.2,,1,10.5,1005.8,14,4.9,18.2
236,부여,2025-05-12,16.4,8.8,24,,.7,10.2,1009.6,14,0,20.4
236,부여,2025-05-13,17.8,9.1,26.7,,.8,9.1,1014,14,5.4,21
236,부여,2025-05-14,19.4,9.3,26.9,,.7,11.5,1014.7,14.1,4.6,22.1
236,부여,2025-05-15,19.1,17.3,20.9,10.1,.7,17.9,1013.8,14.1,9.3,20.8
236,부여,2025-05-16,19.8,17.2,24.1,19.3,.7,18.4,1010.2,14.1,9.6,20.5
236,부여,2025-05-17,18.6,14.4,24.7,,1.3,15.6,1005.5,14.1,6.3,23
236,부여,2025-05-18,15.7,10.2,23.1,,.6,8.2,1010.1,14.2,6.4,20
236,부여,2025-05-19,17.7,10.2,22,,1.3,13.4,1005.5,14.2,5.3,19.5
236,부여,2025-05-20,23.8,17.8,29.3,,1,20.6,1007.1,14.2,6.9,24.7
236,부여,2025-05-21,24.4,19.3,31.1,,.5,19.8,1005.2,14.2,5.3,26.2
236,부여,2025-05-22,21.1,18.2,23.4,0,.6,18.8,1006.1,14.3,5.8,23.2
236,부여,2025-05-23,19.1,16.4,24.3,0,1,11.1,1009.1,14.3,9.3,21.6
236,부여,2025-05-24,16,14,18.1,.8,1.2,10.3,1007.7,14.3,9,19.5
236,부여,2025-05-25,16.5,9.6,24,,.8,10.7,1013.6,14.3,.4,23.2
236,부여,2025-05-26,17.9,11.1,25.8,,.6,10.8,1016.1,14.4,3.4,25.1
236,부여,2025-05-27,18.4,11.4,26.3,,.7,13.3,1017.1,14.4,.1,25
236,부여,2025-05-28,19.6,13.4,27.6,,.7,13.3,1016.6,14.4,.8,23.7
236,부여,2025-05-29,20,12.7,28,,.7,12.1,1013.6,14.4,1.3,25.3
236,부여,2025-05-30,19.6,12.1,27.2,,.4,11.4,1011.3,14.4,.1,24.7
236,부여,2025-05-31,18.6,11.5,25.6,,.6,13.4,1010.4,14.5,5.3,23.8
236,부여,2025-06-01,20.8,12.5,29.1,,.6,13.2,1008.4,14.5,3.8,27.4
236,부여,2025-06-02,19.6,16.5,23.3,0,.4,14.1,1002.7,14.5,9.8,23.8
236,부여,2025-06-03,19.7,13.5,26,,1.2,12.6,1000.2,14.5,1.9,26.8
236,부여,2025-06-04,19.5,12.4,27.3,,1.4,10.9,1004.9,14.5,0,26.8
236,부여,2025-06-05,19.2,10.5,27.4,,.6,11,1010.1,14.5,3.4,26.9
236,부여,2025-06-06,21.5,14.9,29.8,,.8,11.8,1008.2,14.5,5.9,26.2
236,부여,2025-06-07,22.5,13.8,30,,.8,15.8,1007.4,14.6,5.5,30.1
236,부여,2025-06-08,24.7,20.4,30,0,.9,19.7,1006.8,14.6,5.4,31.8
236,부여,2025-06-09,24.3,20,30.8,,.8,18.9,1005.9,14.6,5.3,31.7
236,부여,2025-06-10,21.9,17.1,27.5,,1.1,17.5,1006.6,14.6,5.9,30.4
236,부여,2025-06-11,21.7,13.5,30.6,,.8,12,1011,14.6,4.8,31
236,부여,2025-06-12,23.4,14.7,31.9,,.5,13,1013.3,14.6,7,32.5
236,부여,2025-06-13,20.3,17.2,24.4,30.3,.5,17.6,1011.5,14.6,9.8,23.4
236,부여,2025-06-14,23.5,19.7,29.3,31.9,1,20.7,1000.7,14.6,6.4,25.2
236,부여,2025-06-15,24.8,18.6,31.6,2.2,1,21,998.2,14.6,6.5,27.9
236,부여,2025-06-16,23.3,21.7,26,3.1,1.4,21.2,998.4,14.6,7.9,25.5
236,부여,2025-06-17,23.8,20.2,29.6,5.2,.7,20.8,1004.1,14.6,5.9,26.3
236,부여,2025-06-18,24.1,19.8,31,,.6,18.9,1010.1,14.6,3.1,27.5
236,부여,2025-06-19,25.2,17.9,31.5,3.9,.7,21,1011.1,14.6,6,26.6
236,부여,2025-06-20,24.5,23.2,26.2,105.9,2.3,22.9,1004.9,14.6,10,25.2
236,부여,2025-06-21,20.9,18.1,24.3,78.6,1,20.4,1003.6,14.6,10,23.2
236,부여,2025-06-22,21.9,17.3,28.8,,.6,18,1006.1,14.6,3.6,26.3
236,부여,2025-06-23,23.9,16,31.4,,.5,17.7,1006.2,14.6,.5,27.3
236,부여,2025-06-24,21.5,19.3,26.2,6,.8,19,1005.9,14.6,9.1,23.7
236,부여,2025-06-25,20.9,19.2,22.7,2.6,1.2,19.6,1005.8,14.6,9.5,22.7
236,부여,2025-06-26,22.7,20,27.8,.8,.7,19.9,1008.1,14.6,8.3,25.5
236,부여,2025-06-27,25.1,20.1,30.3,,.3,21.3,1007.4,14.6,6.8,28.2
236,부여,2025-06-28,26.7,23.4,31.8,0,.6,23.7,1006.4,14.6,6.4,29.6
236,부여,2025-06-29,27.3,24,31.7,,.9,23.3,1007.3,14.6,2.3,31.6
236,부여,2025-06-30,27.4,23,32.7,,.7,23.5,1009.8,14.6,3.6,31.2
236,부여,2025-07-01,27.5,22.9,32.6,0,.3,24.3,1011.6,14.6,3.8,31.6
236,부여,2025-07-02,27.9,23.8,32.5,,.3,24,1011.7,14.6,4.9,31.9
236,부여,2025-07-03,27.5,24,32.1,,.3,23.1,1009.6,14.6,4.3,32.5
236,부여,2025-07-04,26.8,24.2,30.4,,.4,23,1006.8,14.6,5.4,30.3
236,부여,2025-07-05,27.5,24.4,31.7,,.4,23.2,1005.4,14.6,4.4,33
236,부여,2025-07-06,27.9,25.2,31.7,,.3,24.2,1004.5,14.5,6.4,31.8
236,부여,2025-07-07,28.8,24.8,34.6,,.2,24.9,1004.9,14.5,2.1,34.3
236,부여,2025-07-08,30.1,25.8,36.3,,.2,25.9,1006.1,14.5,2.6,36.3
236,부여,2025-07-09,30.1,24.5,35.9,,.3,20.5,1007.7,14.5,.6,36.5
236,부여,2025-07-10,29.5,22.3,34.9,,.3,17.3,1009,14.5,1,35.7
236,부여,2025-07-11,29.2,23.8,34.5,,.3,17.2,1010,14.5,1.6,36.1
236,부여,2025-07-12,27.7,21.9,34.5,,.2,18.3,1007.6,14.5,3.3,35.6
236,부여,2025-07-13,24.2,21,28.5,3.2,.1,21.2,1001.2,14.4,8.4,28.3
236,부여,2025-07-14,22.7,19.8,29.8,10.3,.1,20.7,993.8,14.4,7.3,26.1
236,부여,2025-07-15,23.4,20.5,27.4,.4,.2,20.5,995.6,14.4,8.1,25.4
236,부여,2025-07-16,22.5,21.1,24.5,157.6,.3,21.5,1000.9,14.4,10,24
236,부여,2025-07-17,23.1,21.2,25.4,179.8,.5,22.4,1002.9,14.4,10,23.2
236,부여,2025-07-18,24.7,21.1,28.6,5.6,.2,23.1,1005.2,14.3,9.5,26.6
236,부여,2025-07-19,25.1,23,28,28.5,.3,23.9,1007.9,14.3,8.6,25.7
236,부여,2025-07-20,27.3,22.2,33,,.2,23.7,1011.2,14.3,5,29.3
236,부여,2025-07-21,27.9,22.8,32.8,0,.3,24.2,1012.9,14.3,5.6,30.5
236,부여,2025-07-22,27.8,23.4,33.1,0,.2,23.8,1013.3,14.3,5,31.9
236,부여,2025-07-23,28.3,23.2,34.5,,.2,23.7,1011.6,14.2,3.8,33.3
236,부여,2025-07-24,28.9,23.1,34.8,,.1,23.7,1009.3,14.2,2.1,34.5
236,부여,2025-07-25,29.5,23.4,35.7,,.1,24.2,1007.3,14.2,0,35.6
236,부여,2025-07-26,29.4,24.1,35.5,,.2,24.6,1005.9,14.2,2.9,34.7
236,부여,2025-07-27,30.1,23.9,36,,.1,24.4,1004,14.1,.8,36.5
236,부여,2025-07-28,29.7,25.3,35.4,,.2,25.2,1002.1,14.1,3.4,33.2
236,부여,2025-07-29,29.7,24.1,35.9,,.1,24.8,999.6,14.1,1.3,35.7
236,부여,2025-07-30,29.5,25.9,35.1,,.1,24.5,999.6,14.1,5.8,36.3
236,부여,2025-07-31,29.2,24.6,35.3,,.2,22.9,1001.6,14,7.5,37.5
236,부여,2025-08-01,29.2,23.2,35.9,,.2,23.2,1001.9,14,4,37.6
236,부여,2025-08-02,29.7,23.8,36.1,,.1,23.9,1001.6,14,6.8,35.6
236,부여,2025-08-03,26.4,22.9,29.9,81.9,.2,24.3,999.7,13.9,10,29.1
236,부여,2025-08-04,27.9,24,31.9,13.8,.4,25,999.6,13.9,5.6,29.6
236,부여,2025-08-05,27.9,23.3,33,,.3,23.9,1003.8,13.9,5,31.1
236,부여,2025-08-06,27.7,25.4,30.1,2.1,.6,25.8,1001.5,13.8,8.3,29.5
236,부여,2025-08-07,26.2,21.6,31.5,,.4,22.5,1002.2,13.8,5,29.8
236,부여,2025-08-08,24.7,21.1,29.3,,.2,22.1,1003.9,13.8,8.5,28.1
236,부여,2025-08-09,23.8,22.3,26.1,1.2,.3,22.8,1002.6,13.8,9.9,26.3
236,부여,2025-08-10,25.9,20.7,32,,.5,20.4,1000.8,13.7,4.3,28.7
236,부여,2025-08-11,23.8,20.7,27.3,3.1,.2,22.7,1004.1,13.7,9.1,25.8
236,부여,2025-08-12,24.1,20.9,28.7,0,.4,21.8,1009,13.7,9.3,26.1
236,부여,2025-08-13,27.3,23.5,31.6,1.7,.7,24.2,1011.9,13.6,8.1,28
236,부여,2025-08-14,27.5,24.5,31.2,0,.6,23.8,1014.3,13.6,5.9,29.3
236,부여,2025-08-15,27.9,23.9,33.7,,.3,24.5,1014.2,13.6,2.3,31.5
236,부여,2025-08-16,27.2,23.5,33,,.3,23.6,1012.9,13.5,1.8,31.4
236,부여,2025-08-17,27.6,23,33.2,,.3,24,1013.8,13.5,5.9,32.3
236,부여,2025-08-18,28.1,24,33.2,,.3,24,1013.5,13.4,4.1,33
236,부여,2025-08-19,28.4,25.3,33.1,,.5,24.6,1010.9,13.4,3.3,33.3
236,부여,2025-08-20,28,23.9,33.4,,.4,24,1009.1,13.4,3,32.6
236,부여,2025-08-21,28.9,24.6,34.8,,.3,24.5,1009.2,13.3,5.4,34
236,부여,2025-08-22,28.2,24.1,34.3,,.3,24.1,1008.6,13.3,1,34.1
236,부여,2025-08-23,28.3,23.6,34.2,,.2,24.1,1009.8,13.3,.8,33.9
236,부여,2025-08-24,28.8,23.9,34.7,,.3,24.3,1010.7,13.3,1.4,33.7
236,부여,2025-08-25,28.9,24.7,33.7,,.6,24.8,1009.3,13.2,3,33.5
236,부여,2025-08-26,25.7,23.4,29.7,8.6,.6,24.3,1008.2,13.2,6.5,27.5
236,부여,2025-08-27,25.6,22.2,32,,.2,22.5,1010.4,13.1,5.6,29.1
236,부여,2025-08-28,26.8,22,32.7,,.3,23.6,1011.5,13.1,7.6,29.6
236,부여,2025-08-29,28.5,25,33,,.5,25,1013,13.1,3.3,30.7
236,부여,2025-08-30,28.4,24.7,33.9,,.4,24.6,1013.1,13,2.5,31.2
236,부여,2025-08-31,27.3,24.1,32.8,,.4,23.8,1009.2,13,5.4,30.2
236,부여,2025-09-01,26.6,24.1,32.2,18.1,.6,24.2,1005.7,13,7.5,28.5
236,부여,2025-09-02,25,20.3,30.4,0,.2,21.5,1008.8,12.9,5.3,29
236,부여,2025-09-03,25.9,19.5,32.6,,.4,21.6,1009.9,12.9,5.3,28.6
236,부여,2025-09-04,25.5,23.5,30.8,1.2,.4,23.1,1008.4,12.8,6.6,28.6
236,부여,2025-09-05,27.3,22.4,33,,.3,23.4,1009.1,12.8,2.9,29.7
236,부여,2025-09-06,28,22.3,32.1,12.2,.8,24.7,1008.1,12.8,5.9,30.1
236,부여,2025-09-07,24,18.6,29.4,71.5,.4,22.1,1007.5,12.7,8,26.4
236,부여,2025-09-08,21.2,17.7,24.3,.3,.1,20.3,1010.2,12.7,9,24.5
236,부여,2025-09-09,20.8,18.9,23.1,4.4,.3,19,1012,12.7,8.8,23.8
236,부여,2025-09-10,23.8,19,29.8,,.4,19.2,1011.6,12.6,2,26.3
236,부여,2025-09-11,24.3,18.1,30.1,,.6,19.1,1014,12.6,3,26.2
236,부여,2025-09-12,22.7,21.1,25.8,27.7,.5,19.9,1011.1,12.5,9.9,23.9
236,부여,2025-09-13,25,21.6,28.9,50,.6,22.6,1005.3,12.5,8.3,26.7
236,부여,2025-09-14,24.7,22,29.3,0,.2,22,1010.8,12.5,8.8,27.4
236,부여,2025-09-15,24.4,20.9,29.2,,.2,21.5,1014.2,12.4,8.1,26.8
236,부여,2025-09-16,25.4,21.9,31.1,28.4,.4,23.2,1011.6,12.4,7,28
236,부여,2025-09-17,23.4,20.9,25.5,31.7,.4,22.4,1009.5,12.4,8.4,25.5
236,부여,2025-09-18,21.8,19.5,27.2,0,.3,19.1,1014.2,12.3,7,25
236,부여,2025-09-19,20,18.1,22.9,4.2,.5,17.4,1014.1,12.3,9.9,22.7
236,부여,2025-09-20,20.1,16.9,25.3,47,.4,18.1,1008.4,12.3,6.3,22.8
236,부여,2025-09-21,20.7,16.4,26.9,,.4,17.3,1015.7,12.2,5.6,23.2
236,부여,2025-09-22,20.8,17.4,24.1,0,.5,15.9,1018.9,12.2,8.8,22.5
236,부여,2025-09-23,21.8,17.8,27.8,0,.6,15.1,1017,12.1,7.8,24.4
236,부여,2025-09-24,22.1,17.1,26.4,6.5,.3,19.4,1013.1,12.1,8.6,23.7
236,부여,2025-09-25,22.4,20.7,24.3,16.7,.2,22.1,1016.6,12.1,9.9,24.2
236,부여,2025-09-26,20.9,17.9,26.6,,.3,18.7,1018.1,12,7.4,22.8
236,부여,2025-09-27,22.5,17.5,28.8,.7,.4,19.6,1015.8,12,7.6,23.9
236,부여,2025-09-28,20.6,17.1,22.3,26.9,.3,20,1010.2,11.9,9.3,22.7
236,부여,2025-09-29,20,16,25.2,0,.3,16.5,1012.1,11.9,5.6,23.2
236,부여,2025-09-30,18.7,15,24.8,,.2,16.3,1012.1,11.9,4.1,22.8
236,부여,2025-10-01,19.2,14.4,26.4,,.2,15.9,1013.3,11.8,5.5,22.7
236,부여,2025-10-02,19.8,15.9,26,.1,.2,17.4,1016.4,11.8,9.1,21.9
236,부여,2025-10-03,18.7,18.1,19.8,18.6,.4,18.1,1014.1,11.7,9.3,20.8
236,부여,2025-10-04,20.8,18.3,25.4,1.1,.3,19.8,1012.2,11.7,7.8,22.8
236,부여,2025-10-05,21.6,18.9,25.6,5.9,.2,20.1,1013.2,11.7,8.9,22.7
236,부여,2025-10-06,20,18.5,22.7,33.7,.5,19.6,1013.2,11.6,9.6,21.1
236,부여,2025-10-07,20.4,18.4,23.8,13,.7,20,1013,11.6,9.3,22.1
236,부여,2025-10-08,21.8,19.6,26.1,.3,.4,19.7,1014.9,11.6,5.3,23.7
236,부여,2025-10-09,21.6,18.3,27.1,,.6,17.8,1017,11.5,3.6,23.1
236,부여,2025-10-10,21.4,17.5,26.2,,.4,17.2,1015.7,11.5,7.1,23.1
236,부여,2025-10-11,22.5,17.7,27.9,,.4,19.1,1011.8,11.4,1.8,24.4
236,부여,2025-10-12,21.2,18.9,22.8,1.1,.4,19.2,1012,11.4,8.5,22.8
236,부여,2025-10-13,18.5,17.2,19.9,31.8,.6,18.1,1012.6,11.4,9.6,20.1
236,부여,2025-10-14,18.4,16.1,20.9,2.9,.7,16.7,1015.4,11.3,7,20.1
236,부여,2025-10-15,19.9,16.6,24.9,18.6,.7,17.1,1017,11.3,6.4,20.6
236,부여,2025-10-16,19.3,16.8,22.8,20.8,.3,17.7,1016.9,11.3,5.6,21.3
236,부여,2025-10-17,19.9,16.1,25.2,26,.6,16.7,1018.9,11.2,4.9,20.8
236,부여,2025-10-18,16.7,13.3,18.9,15.1,.5,14.9,1018.5,11.2,9.6,18.9
236,부여,2025-10-19,16.3,12.1,21.7,,.6,11.8,1022.3,11.1,7,17.6
236,부여,2025-10-20,11.9,5.5,17.5,,.6,6.5,1026.1,11.1,5,15.3
236,부여,2025-10-21,10.8,7.1,15.5,,.5,5.5,1027.6,11.1,7.9,13.5
236,부여,2025-10-22,13.3,5.7,20.9,,.5,9.5,1026.2,11,1.8,14.1
236,부여,2025-10-23,15.2,9.7,22,,.4,11.6,1025.4,11,3.4,16.6
236,부여,2025-10-24,15.2,11.2,21.7,,.5,11.5,1023.7,11,4,16.8
236,부여,2025-10-25,14.2,9.7,20.4,,.3,10.4,1020.3,10.9,7,16.4
236,부여,2025-10-26,12.2,9.5,18,.4,.3,10.1,1017.8,10.9,7.1,13.9
236,부여,2025-10-27,9.5,3.9,14.2,,.6,1.4,1021.5,10.9,1.3,11.9
236,부여,2025-10-28,7.8,1.8,15.7,,.2,2.6,1026.9,10.8,0,11.8
236,부여,2025-10-29,8.7,2.2,17.8,,.2,4.5,1027.8,10.8,.5,11.8
236,부여,2025-10-30,9.6,3,17.1,,.2,6.3,1024.3,10.8,5.1,11.4
236,부여,2025-10-31,12.4,4.3,20.4,0,.3,7.8,1015.7,10.7,3.9,13.9
236,부여,2025-11-01,12.6,7.9,18.3,2.3,.5,8.5,1012.9,10.7,3.4,14.3
236,부여,2025-11-02,9,4.7,14.5,.1,.7,3.4,1019.1,10.7,2.1,11.9
236,부여,2025-11-03,5.8,-1.3,14.1,,.2,.3,1027.3,10.6,0,9.5
236,부여,2025-11-04,9.5,3.5,17.7,,.2,5.6,1025.2,10.6,1.4,11.9
236,부여,2025-11-05,9.6,3.5,18.6,,.3,5.5,1022.7,10.6,1.3,11.1
236,부여,2025-11-06,11.1,3.3,20.5,,.3,6.8,1022.7,10.5,3.6,12.2
236,부여,2025-11-07,11.5,6.5,20,,.2,8.5,1023,10.5,3.5,12.9
236,부여,2025-11-08,13.1,7.2,18.3,.2,.2,9.9,1020.9,10.5,9.5,13
236,부여,2025-11-09,13.1,8.7,19.6,.3,.5,7.6,1016.3,10.4,3,15
236,부여,2025-11-10,7.8,1.5,15,,.4,-1.3,1019.4,10.4,.8,10.3
236,부여,2025-11-11,7.4,.7,16.2,,.2,2,1021.9,10.4,4.5,9.4
236,부여,2025-11-12,7.5,1,15.9,,.1,3.6,1022,10.3,4.3,8.7
236,부여,2025-11-13,7.9,1.1,18.5,,.2,4,1018.6,10.3,1.6,9.8
236,부여,2025-11-14,7,.1,16.4,,.3,2.8,1020.5,10.3,.4,9.3
236,부여,2025-11-15,7.2,1.5,16.8,,.2,1.6,1025.4,10.3,3,9.2
236,부여,2025-11-16,9.6,2.2,19.4,1.2,.3,5.1,1024.9,10.2,4.8,10.2
236,부여,2025-11-17,6.2,2.9,10.8,,.7,-2.5,1027.8,10.2,5.1,7.5
236,부여,2025-11-18,3.6,-1.5,7.7,,.4,-3,1025.9,10.2,6,6.2
236,부여,2025-11-19,4.2,-.2,9.5,,.3,-1.3,1024.9,10.2,4.4,6.5
236,부여,2025-11-20,7.1,-.3,15.2,,.3,2.9,1023.5,10.1,4,8.4
236,부여,2025-11-21,4.8,-.7,13.1,,.2,.3,1024.9,10.1,0,6.7
236,부여,2025-11-22,5.4,-1.3,15.4,,.2,1.9,1024.9,10.1,0,6.8
236,부여,2025-11-23,7.2,.7,15.6,,.2,4.4,1021.4,10.1,6.3,7.8
236,부여,2025-11-24,9.5,4.8,17.7,,.2,7,1016.6,10,2.1,9.9
236,부여,2025-11-25,8.4,6.1,11.5,4.3,.7,4.5,1015.8,10,7.5,9
236,부여,2025-11-26,6,.3,11.2,,.2,2.4,1023.3,10,4.5,8.4
236,부여,2025-11-27,5.3,-.8,10.7,7.5,.7,1.5,1015.6,10,7.6,5.5
236,부여,2025-11-28,3.9,-2.3,9.1,,.4,-4.4,1020.3,9.9,2.1,5.6
236,부여,2025-11-29,5.8,-4.1,14.9,,.3,1.8,1016.4,9.9,.5,5.9
236,부여,2025-11-30,11.1,4.7,18,,.4,8.1,1014.6,9.9,0,9.8
236,부여,2025-12-01,6.9,.1,12.5,,.4,-.4,1019,9.9,.8,7.1
236,부여,2025-12-02,2.4,-.9,6.9,,.5,-6,1022.8,9.9,6,3.8
236,부여,2025-12-03,-2.6,-6.6,1.2,0,.6,-10.4,1025.2,9.8,4.6,1.6
236,부여,2025-12-04,-1,-6.4,4.3,1.1,.5,-5.8,1025.4,9.8,5.4,2.7
236,부여,2025-12-05,-.7,-5.6,5.4,,.3,-7.3,1026.8,9.8,1,1.8
236,부여,2025-12-06,3.1,-6.7,9.9,,.3,-1.3,1020.5,9.8,4.1,2.5
236,부여,2025-12-07,8.1,.7,14.7,,.4,5.4,1019.6,9.8,4.4,6.8
236,부여,2025-12-08,3.9,-3.1,9.7,,.4,-6.5,1026.1,9.8,1,4.2
236,부여,2025-12-09,.7,-5.5,8.9,,.1,-3.9,1027.1,9.8,1.4,2.2
236,부여,2025-12-10,3.6,-2.5,11.8,,.1,.1,1023.5,9.8,8.1,4.2
236,부여,2025-12-11,5.9,-.4,12.7,6,.6,1.4,1020.6,9.8,4.4,6.2
236,부여,2025-12-12,1.4,-4.3,9,,.3,-4,1028.5,9.7,3,2.7
236,부여,2025-12-13,2.8,-.9,5.9,8.7,.2,1.4,1021.2,9.7,9.4,3.8
236,부여,2025-12-14,1.7,-.6,5,.6,.4,-.7,1019.7,9.7,7.4,2.7
236,부여,2025-12-15,1.9,-2.6,7.6,,.1,-.1,1023.7,9.7,6.3,3.4
236,부여,2025-12-16,4.2,.5,7.9,,.1,2.6,1021.1,9.7,8.6,4.5
236,부여,2025-12-17,4,-2.1,10.1,,.4,-.1,1022.8,9.7,1.3,4.3
236,부여,2025-12-18,.6,-5,9.3,,.1,-3.4,1025.3,9.7,0,2.8
236,부여,2025-12-19,3.9,-3.9,13.9,,.1,.7,1020.2,9.7,3.9,3.8
236,부여,2025-12-20,7.9,2.3,14.1,0,.4,4.4,1018.5,9.7,8.6,6.9
236,부여,2025-12-21,.6,-5.5,4.9,,.7,-9.3,1028.2,9.7,2.1,2.3
236,부여,2025-12-22,-1.5,-8,7.1,,.3,-9,1029.2,9.7,1,.6
236,부여,2025-12-23,1.2,-4.6,5.5,14.6,.3,-1,1020.9,9.7,8.5,1.3
236,부여,2025-12-24,3.2,-1.8,6,1.5,.5,.9,1017.3,9.7,8.8,4.4
236,부여,2025-12-25,-1.6,-4.9,4.1,,2.3,-6.9,1020.4,9.7,5,.1
236,부여,2025-12-26,-5.5,-8.7,-.9,,1.8,-14.8,1026.7,9.7,0,-2
236,부여,2025-12-27,-3.1,-9,1.3,.8,.4,-6.4,1025,9.7,7.6,-1.4
236,부여,2025-12-28,2.7,-.7,8.6,,.3,.5,1020.8,9.7,6.1,2.3
236,부여,2025-12-29,3.3,-1.7,11.3,.8,.6,1.6,1017.8,9.7,4.3,2.8
236,부여,2025-12-30,-.1,-4.3,5.9,,.9,-8.2,1024.1,9.7,1.1,1.3
236,부여,2025-12-31,-2.6,-7.8,.7,,1.8,-11.6,1027,9.7,1.1,-.2
238,금산,2025-01-01,.1,-6.9,9.1,,.7,-5,1001.9,9.8,0,1.2
238,금산,2025-01-02,-.3,-5.7,7.8,,.7,-7.2,1003.2,9.8,.4,.9
238,금산,2025-01-03,-1.3,-6.5,3.6,0,.9,-8.2,1005,9.8,4.8,0
238,금산,2025-01-04,-1.1,-6.3,5.9,,.7,-6.2,1005.5,9.8,1.4,.8
238,금산,2025-01-05,0,-5.9,4.5,1.2,.7,-1.3,999.6,9.8,7.1,-.1
238,금산,2025-01-06,1.2,-1.4,5.6,3.9,1.8,-2.3,995.7,9.8,7,2.2
238,금산,2025-01-07,-1.8,-6.2,2.2,.5,1.2,-6.3,997.7,9.8,4.9,.7
238,금산,2025-01-08,-2,-5.9,1.6,2.2,1.2,-4.1,999,9.9,7.9,1
238,금산,2025-01-09,-8.7,-13.5,-3.5,,2.2,-13.9,1004.2,9.9,9.1,-.6
238,금산,2025-01-10,-7.8,-15.5,-1.4,0,.8,-12.6,1010.2,9.9,5,-1.7
238,금산,2025-01-11,-3.7,-6.8,.5,0,.7,-7.7,1007.3,9.9,7.5,-.3
238,금산,2025-01-12,-3.4,-9.9,3.5,,.7,-7.4,1003.3,9.9,4.6,-.3
238,금산,2025-01-13,-.1,-7.3,5.3,,.8,-4.9,1004.8,9.9,3.6,.2
238,금산,2025-01-14,3.2,-1.6,8.9,.1,1.4,-2.9,1003.3,10,6.3,2.2
238,금산,2025-01-15,-1.8,-5,1.9,,2,-10.8,1006.8,10,.4,.5
238,금산,2025-01-16,-.4,-5.9,5.3,,1.1,-6,1004,10,7.8,.3
238,금산,2025-01-17,-.3,-5.4,6.9,,.6,-5.3,1005,10,1.1,1.9
238,금산,2025-01-18,-.8,-8.1,8.9,,.4,-8,1002.9,10.1,3.4,.7
238,금산,2025-01-19,-.1,-7.6,9.7,,.5,-4.8,997.1,10.1,2.5,1.3
238,금산,2025-01-20,.6,-4,7.5,,.6,-2.9,995.9,10.1,2.1,1.5
238,금산,2025-01-21,0,-5.8,8.8,,.5,-4.2,1001.2,10.1,0,1.6
238,금산,2025-01-22,1,-5.6,9.7,,.7,-2.3,1003.3,10.1,3.3,1.8
238,금산,2025-01-23,.1,-3.9,9.9,,.4,-4.5,1003.7,10.2,1.9,2.5
238,금산,2025-01-24,.3,-7.8,10.6,,.5,-9,1004.6,10.2,.6,1.1
238,금산,2025-01-25,1.7,-6.5,9.4,,1.2,-4.4,1006.8,10.2,3.3,1.8
238,금산,2025-01-26,2.7,-4,7.6,0,.8,-3.4,1003.6,10.3,6.9,1.7
238,금산,2025-01-27,-.4,-2.6,2.4,5.8,1.5,-2.1,995.1,10.3,9.3,2.3
238,금산,2025-01-28,-1.7,-2.9,.1,7.6,2.3,-4.6,995.9,10.3,8.9,1.4
238,금산,2025-01-29,-3.4,-9.3,.2,0,2.2,-7.6,1003.3,10.3,5.3,1.6
238,금산,2025-01-30,-4.5,-11,3.1,0,.5,-7.3,1006.5,10.4,5.9,1.3
238,금산,2025-01-31,.3,-6.7,8.1,0,.5,-2.5,1004.5,10.4,9.3,.6
238,금산,2025-02-01,2.8,-.5,7.2,1.9,.4,2,999.6,10.4,9.4,3.6
238,금산,2025-02-02,2.2,-.9,8.3,,.8,-1.1,997.5,10.5,7,4.2
238,금산,2025-02-03,-1.8,-5.8,1.7,.5,2.9,-9.4,998.4,10.5,4.6,2.4
238,금산,2025-02-04,-6.4,-8.2,-2.3,,2.4,-13.4,997.6,10.5,4,-.7
238,금산,2025-02-05,-6.7,-11.5,-2.2,,1.4,-13.3,997.2,10.6,1.5,-1.3
238,금산,2025-02-06,-4.7,-12,.9,.7,1.2,-11.3,999.9,10.6,4.9,-.5
238,금산,2025-02-07,-6.5,-9.6,-.3,1.9,2.5,-10.3,999.3,10.6,9.9,.1
238,금산,2025-02-08,-7.3,-12.4,-1.6,,1.3,-12.1,1006.5,10.7,4.6,0
238,금산,2025-02-09,-5.3,-12.8,.9,,.9,-9.8,1005.9,10.7,5.5,-.2
238,금산,2025-02-10,-3.6,-10.2,2.9,,.9,-7.3,1005.9,10.7,3,-.3
238,금산,2025-02-11,-1.6,-9.9,8.9,,.6,-8.4,1006.7,10.8,2.5,.6
238,금산,2025-02-12,.8,-1.6,4.2,9.6,1.3,-1.5,996.1,10.8,8.1,.1
238,금산,2025-02-13,-.2,-6.5,5.8,,1.5,-8.3,1003,10.8,0,1.4
238,금산,2025-02-14,1.1,-6.2,10.1,,.6,-4.7,1001.4,10.9,1.3,2.4
238,금산,2025-02-15,1.3,-5.2,8.8,,.4,-4.5,997.2,10.9,5.1,1.2
238,금산,2025-02-16,4.3,-2.5,11.5,,1.4,-.6,995.9,10.9,4.4,3.7
238,금산,2025-02-17,.8,-2.8,6,,2.9,-11.3,1002.4,11,.4,2.3
238,금산,2025-02-18,-1.3,-4.6,3.7,,2.3,-12.1,1004.9,11,.4,1.7
238,금산,2025-02-19,-2.3,-8.7,3.3,,1.7,-11.6,1006.9,11,.1,1.3
238,금산,2025-02-20,-2.8,-9.3,3.5,,1.5,-12,1008.4,11.1,1,1
238,금산,2025-02-21,-2.3,-8.2,3.4,,1.5,-11.7,1009.2,11.1,2.4,1.2
238,금산,2025-02-22,-1.4,-6.2,3.3,.2,1.4,-9,1010.4,11.1,2,2.3
238,금산,2025-02-23,-3.5,-8.8,.9,,2.1,-10.7,1009.7,11.2,4.1,-.4
238,금산,2025-02-24,-2.1,-10.2,5.3,,1.4,-11.3,1010.2,11.2,.4,1.2
238,금산,2025-02-25,.6,-8.9,7.7,,1.3,-5.8,1006.4,11.3,5,2.5
238,금산,2025-02-26,4.8,-2.9,10.8,0,1.8,-6.2,1003.3,11.3,1,4.2
238,금산,2025-02-27,4.8,-6.7,16,0,.8,-9.2,1001.2,11.3,2.9,4.3
238,금산,2025-02-28,7.2,1.2,15.1,.4,.7,3.3,999.6,11.4,5,8
238,금산,2025-03-01,4.4,-1.7,8.6,.1,.4,2.9,997.4,11.4,6.6,3.6
238,금산,2025-03-02,9.8,5.3,17,7.4,1.4,7.6,993.4,11.5,8.9,9.8
238,금산,2025-03-03,3.4,1.5,5.9,20.7,3.6,-1.5,999.8,11.5,9.6,3.6
238,금산,2025-03-04,2.5,1.1,4.4,2.6,2.5,-.5,999,11.5,9.9,3.2
238,금산,2025-03-05,4.6,1,8.3,0,.6,.6,1000.5,11.6,10,5.3
238,금산,2025-03-06,4.5,-.8,9.9,,1,-2.5,1004.3,11.6,4.4,5.8
238,금산,2025-03-07,4.3,-3.9,11.7,,1,-4.5,1006.1,11.6,5.3,7.1
238,금산,2025-03-08,4.9,.5,10.6,0,1,-1.3,1005,11.7,5,6.9
238,금산,2025-03-09,4.5,-3.1,14.3,,.7,-2.7,1008.4,11.7,0,8
238,금산,2025-03-10,6,-2.3,15.8,,.8,-2.5,1005.1,11.8,3.4,9.4
238,금산,2025-03-11,8.3,-2.1,18.2,,.7,-2.5,999.7,11.8,3,11.2
238,금산,2025-03-12,8.6,1.8,15.9,,1.1,1.8,996.1,11.8,5.8,9.7
238,금산,2025-03-13,8.1,1.6,16.2,,.9,-3.2,1001.4,11.9,6.9,8.9
238,금산,2025-03-14,11.2,-.3,20.6,,1.3,-4,1003.5,11.9,4.9,11.4
238,금산,2025-03-15,8,4.6,10.3,0,2.5,1.2,1001.2,11.9,9.4,8.9
238,금산,2025-03-16,3.6,-.2,6.8,.9,2.1,-2.5,993.7,12,7,6.6
238,금산,2025-03-17,2.6,-.8,8,,2.1,-9.6,996.2,12,1.5,5.1
238,금산,2025-03-18,.6,-1,2.2,4.8,2,-2.6,995,12.1,8.6,3.5
238,금산,2025-03-19,1,-5.6,7,,1.3,-5.6,1003.2,12.1,1.1,4.3
238,금산,2025-03-20,6.7,-3.9,14.5,,1.8,-.3,998.8,12.1,.1,6.3
238,금산,2025-03-21,12.3,3.6,21.1,,2,.6,992.8,12.2,0,10.8
238,금산,2025-03-22,13.6,2.6,22.5,,1.9,.2,991.1,12.2,0,12
238,금산,2025-03-23,15.2,2.5,26.2,,1.3,-.3,990,12.2,3.4,13.5
238,금산,2025-03-24,16.5,10.3,22.7,0,2.1,5.7,984.2,12.3,3.6,14.8
238,금산,2025-03-25,14.3,5.5,25.9,,2.1,4.4,981.7,12.3,1.8,13.7
238,금산,2025-03-26,17.1,1.9,28.6,,1.8,1.5,984,12.4,1.6,15.2
238,금산,2025-03-27,16.4,8.7,21.9,0,2.3,10.6,981.6,12.4,8.9,14.6
238,금산,2025-03-28,7.1,4.2,12.2,0,2.1,-4.9,993.8,12.4,8.4,11.7
238,금산,2025-03-29,3,-2.1,8.3,0,1.9,-6.7,1001.9,12.5,6,7.3
238,금산,2025-03-30,3,-2.7,9.2,,1.7,-7.1,1007.4,12.5,3.3,8.8
238,금산,2025-03-31,5.6,-2.9,13.6,,1,-2.7,1004.7,12.6,3.1,9
238,금산,2025-04-01,8.1,-2,18.2,,.8,-2.5,1001.3,12.6,.4,12.2
238,금산,2025-04-02,8.1,-.5,17.7,0,1.4,-.6,998.2,12.6,4.1,11.1
238,금산,2025-04-03,9.2,1.6,16.7,,1.1,1.3,998.9,12.7,4.1,12.7
238,금산,2025-04-04,10.9,5.8,18,,1,2.4,998.6,12.7,5,14.3
238,금산,2025-04-05,9.5,6,14.8,12.1,1.5,5.8,992.1,12.7,8.9,10.4
238,금산,2025-04-06,9.7,3.4,17.3,,1.5,.4,995.5,12.8,0,12.6
238,금산,2025-04-07,12.3,-.6,21.9,,1.3,-.4,996.5,12.8,.6,13.7
238,금산,2025-04-08,14.9,6.8,21.2,,2.2,2.5,993.4,12.9,.8,16.5
238,금산,2025-04-09,12.2,1.6,22.1,0,1.2,1.2,990.5,12.9,6.4,13.6
238,금산,2025-04-10,13.1,7,18.2,,1.2,5.5,986.5,12.9,3.9,14.7
238,금산,2025-04-11,14.4,2.6,25.4,,.9,3.4,990.1,13,1.5,19.2
238,금산,2025-04-12,13.4,3.1,24.1,13,1.9,3.7,986.1,13,8.3,14.1
238,금산,2025-04-13,6.2,2,10.2,3.7,2.8,-1.4,981.6,13,5.5,9.7
238,금산,2025-04-14,5.1,2.3,9.6,5.3,1.5,2,978.6,13.1,9.3,8.9
238,금산,2025-04-15,8.1,1.9,14.1,0,1.8,1.9,986.7,13.1,1.4,12.6
238,금산,2025-04-16,15.1,1.5,25.2,,1.4,4.3,988.1,13.2,2.3,15.1
238,금산,2025-04-17,21.8,15.3,27.8,,2.3,12.4,986,13.2,3.1,19.6
238,금산,2025-04-18,21,14.5,27,,1.7,14.4,989.2,13.2,2.3,21.8
238,금산,2025-04-19,20.3,14.5,27.4,2.1,1.6,14.4,988.7,13.3,6.5,19.8
238,금산,2025-04-20,17.8,14.8,24.5,.6,1.2,15.1,992,13.3,7.3,20.9
238,금산,2025-04-21,20.4,13.7,28.1,,1,13.6,993.5,13.3,7.1,22.4
238,금산,2025-04-22,16.8,16,18.1,19.1,.6,16.1,985.2,13.4,8.8,17.6
238,금산,2025-04-23,17.9,13.3,23.9,0,1.2,13.9,986.1,13.4,6.5,19.4
238,금산,2025-04-24,14.7,9.4,22.5,,1.3,6.3,989.4,13.4,3.8,19.1
238,금산,2025-04-25,11,3.3,18.8,,1.4,-2.8,995.8,13.5,2.4,16.8
238,금산,2025-04-26,12.3,.9,22.6,,1.4,-2.3,998.8,13.5,.8,17.5
238,금산,2025-04-27,15.4,4.9,24.2,,1.3,-1.4,995.1,13.5,7.4,16.9
238,금산,2025-04-28,14.7,8,22.2,,1.6,2.6,989.6,13.6,1.6,20.6
238,금산,2025-04-29,12.9,2.9,21.9,,1.1,1.1,992.9,13.6,0,19.9
238,금산,2025-04-30,17.1,4.7,28.1,,1.2,3.6,993.2,13.6,.1,20.7
238,금산,2025-05-01,14.5,9.6,22.7,20.7,1.7,10.2,987.7,13.7,6.9,14.5
238,금산,2025-05-02,12.9,5.3,19.2,0,1.4,5.2,990.4,13.7,4,16.3
238,금산,2025-05-03,10,7,13.2,18.2,.8,8.2,988.5,13.7,7.8,13.3
238,금산,2025-05-04,11.9,2.9,20.2,,1.4,1.8,993.1,13.8,0,15.3
238,금산,2025-05-05,10.4,2.9,17.7,1.2,.7,5.3,991.4,13.8,7.4,12.5
238,금산,2025-05-06,11.6,7.4,15.7,,.7,8.7,986.9,13.8,6.3,13.3
238,금산,2025-05-07,13.7,6.1,21.8,,1.1,7.4,993.3,13.9,2.9,17.5
238,금산,2025-05-08,17,6.6,25.8,,1,7,996.2,13.9,5.8,19
238,금산,2025-05-09,14.7,11.8,16.9,10.7,1,13.3,984.5,13.9,9.9,15.3
238,금산,2025-05-10,12.7,11.7,17.2,7.4,2.6,10.9,982.5,13.9,9.9,14.1
238,금산,2025-05-11,14.8,9.3,20.5,,1.1,9.4,986.4,14,5.1,17.6
238,금산,2025-05-12,15.6,5.9,24.3,,1,7.2,990.6,14,0,18.5
238,금산,2025-05-13,17.8,8,26.7,,1.1,8.4,995.2,14,5.9,19.4
238,금산,2025-05-14,19.9,9.3,28.6,,1.2,9.6,995.8,14.1,5,20.9
238,금산,2025-05-15,21.8,18,26,9.8,1.4,17.6,994.6,14.1,9.3,21.9
238,금산,2025-05-16,19.6,16.9,24,27.9,1,18,991.7,14.1,9.6,19.5
238,금산,2025-05-17,19.6,15.9,26.3,1.6,1.4,16.1,986.3,14.1,7.3,22.6
238,금산,2025-05-18,15.5,10.5,21.8,,1,7.7,990.8,14.2,6.5,20.2
238,금산,2025-05-19,18.6,8.8,24.3,,1.5,12.7,986.5,14.2,3.5,20.2
238,금산,2025-05-20,24.6,17.6,31.8,,1.4,19,988.4,14.2,1.3,24.8
238,금산,2025-05-21,24.5,18.3,29.4,,.8,19.9,986.6,14.2,6.5,23.8
238,금산,2025-05-22,21.5,18.2,26.5,1.9,1.2,17.9,987.4,14.3,7.1,23.8
238,금산,2025-05-23,19.4,15.9,24.1,,1.7,8.7,990.5,14.3,9.5,20.9
238,금산,2025-05-24,15.7,13.2,19.3,0,1.7,8.2,988.8,14.3,9.8,18
238,금산,2025-05-25,17,10.1,23.9,,1.2,10.4,994.2,14.3,1.3,22.2
238,금산,2025-05-26,18.1,10.2,26.7,,.9,9.7,996.9,14.4,3.4,23.1
238,금산,2025-05-27,19.1,10.5,26.5,,1,10.9,997.9,14.4,.1,23.4
238,금산,2025-05-28,19.4,11.5,27.6,,1,11.7,997.4,14.4,.8,24.9
238,금산,2025-05-29,18.6,12,27.3,4.6,1,13.3,994.8,14.4,3.3,25.2
238,금산,2025-05-30,18.6,13.2,26.5,,1.1,11.9,992.6,14.4,2.4,23.1
238,금산,2025-05-31,18.5,10,25.5,,.9,12.2,991.4,14.4,5.3,22.4
238,금산,2025-06-01,21.2,12.7,29.9,,.9,12.8,989.4,14.5,3.4,25.8
238,금산,2025-06-02,19.6,16.6,24.6,0,.7,14.7,983.8,14.5,10,21.8
238,금산,2025-06-03,20.1,15.6,25.6,,1.5,12.7,980.9,14.5,2.8,26.7
238,금산,2025-06-04,19.9,11.3,27,,2,7.5,985.7,14.5,0,26.2
238,금산,2025-06-05,19.3,10,27.1,,1,10.1,991.2,14.5,3.5,26.6
238,금산,2025-06-06,21.6,14.3,29.4,,1.2,11.3,989.7,14.5,7.5,25.2
238,금산,2025-06-07,23,13.3,31.7,,1.1,13.3,988.6,14.5,5.6,29.3
238,금산,2025-06-08,24.4,18.9,31.4,,1.1,18.3,988.1,14.6,4.8,29.3
238,금산,2025-06-09,24.9,19.7,31.8,,1.1,18.3,987.3,14.6,5.1,31.3
238,금산,2025-06-10,22.9,17.7,30.8,,1.4,16.4,987.4,14.6,5.5,29.1
238,금산,2025-06-11,22.3,14.6,29.8,,1.2,12,992,14.6,4.6,31
238,금산,2025-06-12,24.1,15.4,32.4,,1.1,12.6,994.4,14.6,6.8,32
238,금산,2025-06-13,19.8,17.4,23.4,59.2,.7,16.9,993.1,14.6,10,22.6
238,금산,2025-06-14,23.2,18.9,28.3,68.4,.8,20.7,982.2,14.6,7.9,24.3
238,금산,2025-06-15,26.6,20.6,32.4,0,1.4,21.4,979.7,14.6,5.1,27.7
238,금산,2025-06-16,24.5,21.8,28,6.8,1.6,20.9,979.7,14.6,6.4,26.2
238,금산,2025-06-17,25.5,20.4,30.4,.1,1.2,19.8,985.5,14.6,5.6,27
238,금산,2025-06-18,24.9,19.8,30.9,,1,18.3,991.3,14.6,.9,27.4
238,금산,2025-06-19,25.9,18.3,32.6,,1.2,19.5,992.8,14.6,5.6,26.7
238,금산,2025-06-20,25.5,23.3,27,11.4,2.6,21.8,987,14.6,10,24.5
238,금산,2025-06-21,20.9,17.6,24.8,100.3,1,20.5,984.8,14.6,10,21.2
238,금산,2025-06-22,21.8,17,28.1,.1,.8,17,987.4,14.6,5.1,24.4
238,금산,2025-06-23,23.4,15.8,31.5,,.9,17.5,987.7,14.6,.8,26.7
238,금산,2025-06-24,20.6,18.4,25.6,9.9,1.1,17.8,988,14.6,9.3,22.1
238,금산,2025-06-25,21.5,18.9,24.5,.7,1.3,18.4,987.3,14.6,8.6,22.8
238,금산,2025-06-26,23.3,20.3,28.3,0,1.2,18.9,989.3,14.6,9,25.1
238,금산,2025-06-27,25.1,19.6,30.9,,.7,20.9,988.9,14.6,5.6,27.6
238,금산,2025-06-28,26.9,22.3,33.5,5.4,.8,23.6,987.9,14.6,5.4,29
238,금산,2025-06-29,27.5,22.4,33.5,,.9,23.3,988.7,14.6,1.4,29.9
238,금산,2025-06-30,27.9,22.9,33.6,,.8,23.2,991.4,14.6,2,30.2
238,금산,2025-07-01,27.8,23.1,33.5,.8,1,24.3,993.3,14.6,3.9,30.5
238,금산,2025-07-02,28.2,23.2,33.7,,1,24.1,993.2,14.6,4.6,30.9
238,금산,2025-07-03,27.9,23.4,32.9,,1.1,22.9,991,14.6,2.3,31.7
238,금산,2025-07-04,27.2,22.6,31.9,,1.1,22.1,988.3,14.6,5.3,31.8
238,금산,2025-07-05,27.6,22.4,32.9,,1.2,22.6,987,14.5,3.3,32.8
238,금산,2025-07-06,28.1,23.9,32.4,,.9,23.4,986.1,14.5,5.5,32
238,금산,2025-07-07,29.5,24.6,35.6,.4,.9,25,986.4,14.5,5,35.2
238,금산,2025-07-08,30.3,26.2,36.1,,1.3,24.3,988.2,14.5,.4,35.3
238,금산,2025-07-09,29.9,24.2,35,,1.7,18.9,989.9,14.5,.6,36.4
238,금산,2025-07-10,28.5,21,34,,1.8,16.9,991.1,14.5,2,36
238,금산,2025-07-11,28.3,23.6,34,,2.2,16.6,992.2,14.5,2,35.9
238,금산,2025-07-12,27.1,21.6,34,,1.4,19.2,989.4,14.4,5,35.5
238,금산,2025-07-13,24.3,21.7,30.1,10.6,.7,22,982.8,14.4,9.1,27.7
238,금산,2025-07-14,23.4,19.7,30.1,0,1,20.1,975.3,14.4,7.3,28.1
238,금산,2025-07-15,22.5,20.6,25,.7,.9,19.9,977.2,14.4,8.9,25.1
238,금산,2025-07-16,21.7,19.9,23.5,15.1,.8,21,983.2,14.4,9.4,23
238,금산,2025-07-17,23.6,21.7,26.9,96.8,1.8,22.4,985.4,14.3,9.1,23.5
238,금산,2025-07-18,25,20.5,31.6,46.9,1.2,22.7,986.9,14.3,8.6,26.3
238,금산,2025-07-19,24,22.8,26.8,50,1.2,23.4,990.2,14.3,8.4,23.3
238,금산,2025-07-20,27,21.5,32.8,,.8,23.1,993,14.3,6,27.1
238,금산,2025-07-21,26.5,22.8,32.4,.8,.8,23.7,994.7,14.3,6.9,28.6
238,금산,2025-07-22,27.7,22.8,32.9,,.8,23.5,994.8,14.2,6,30.7
238,금산,2025-07-23,28,23.7,33.3,,.8,24,993.3,14.2,3.3,30.3
238,금산,2025-07-24,28.2,23.7,35,,.7,24.1,991.1,14.2,2.6,29.9
238,금산,2025-07-25,28.1,21.9,35.1,,.9,23.2,989.4,14.2,.6,30.1
238,금산,2025-07-26,28.4,21.8,35.1,,1.1,23,988,14.1,1.6,31.1
238,금산,2025-07-27,29.4,22.9,35.9,,1,23.4,986.2,14.1,.3,33.1
238,금산,2025-07-28,29.5,23.9,35.7,,.8,24,984.1,14.1,1.6,32.2
238,금산,2025-07-29,29.4,24.2,36.4,,.9,23.1,981.7,14.1,3.4,33.4
238,금산,2025-07-30,28.6,23.2,36,,1.1,21.4,981.9,14,5.1,34.7
238,금산,2025-07-31,28.6,23.3,35.8,0,1,21.7,983.6,14,6.5,34.5
238,금산,2025-08-01,28.7,21.8,35.6,,.9,21.9,983.8,14,2.1,35.5
238,금산,2025-08-02,29.7,24.4,36.4,,1,23.7,983.5,13.9,6.6,36.6
238,금산,2025-08-03,26.2,22.1,30.9,35.8,.8,23.3,982.1,13.9,9.9,29.5
238,금산,2025-08-04,27.4,22.8,32.7,25.7,1,24.9,981.6,13.9,7.6,29.3
238,금산,2025-08-05,28.4,23.4,32.9,0,1,24.1,985.5,13.9,5.5,31.2
238,금산,2025-08-06,27.8,25.9,31.5,2.2,1.2,24.7,983.3,13.8,8.8,29.5
238,금산,2025-08-07,26.3,21.1,31,,1,22.1,983.8,13.8,5.9,29.3
238,금산,2025-08-08,24.7,19.7,29.4,,.7,21.3,985.5,13.8,8,27.7
238,금산,2025-08-09,23.6,22.4,25.3,1.6,.6,22.3,984.4,13.7,9.8,25.4
238,금산,2025-08-10,25.3,21.4,31.8,2.5,.9,20.5,982.6,13.7,4,28.5
238,금산,2025-08-11,22.8,20,28.3,11.8,.6,21.1,985.9,13.7,9.1,25.9
238,금산,2025-08-12,23.1,19.9,26.5,,.9,21.2,990.9,13.6,9.8,25
238,금산,2025-08-13,26.6,22.5,32,5.1,1.1,23.9,993.8,13.6,8.4,27.2
238,금산,2025-08-14,27.4,22.8,32.2,,1.1,23.5,995.8,13.6,5.8,29.1
238,금산,2025-08-15,28,24.2,33.3,4,.7,24.3,995.7,13.6,3.4,30.7
238,금산,2025-08-16,27.6,23.9,32.8,,.9,23.1,994.4,13.5,1.1,30.7
238,금산,2025-08-17,27,21.6,32.6,,.7,22.8,995.4,13.5,5.4,30
238,금산,2025-08-18,28,23,33,,1,23.1,995.2,13.4,4.9,31.1
238,금산,2025-08-19,28,23.8,33,,1,23.3,992.6,13.4,4,30.5
238,금산,2025-08-20,28.1,22.8,33.8,,.9,23.2,990.9,13.4,3.5,32
238,금산,2025-08-21,28.5,24.2,34.2,,.9,23.6,991,13.3,4.9,32.5
238,금산,2025-08-22,28.5,24.1,34.4,,1,23.6,990.2,13.3,4.1,32.8
238,금산,2025-08-23,27.7,21.6,34.1,,.9,23.1,991.5,13.3,1.5,32.7
238,금산,2025-08-24,28.8,24.4,34.6,,.8,23.6,992.4,13.2,1.1,32.8
238,금산,2025-08-25,29.3,24.3,34.9,0,1.1,23.7,991.2,13.2,2.4,32.9
238,금산,2025-08-26,25.9,23.7,28.7,26.8,1.1,23.6,990.2,13.2,7,28
238,금산,2025-08-27,26.1,22,31.6,,.8,22.8,991.9,13.1,5.4,28.7
238,금산,2025-08-28,27,22.9,32.7,,.9,23.4,993.2,13.1,6.9,29
238,금산,2025-08-29,27.3,22.7,32.9,,1,23.3,994.8,13.1,4.3,29.1
238,금산,2025-08-30,27.9,22.1,34.2,,.8,23,994.8,13,2.9,30.2
238,금산,2025-08-31,26.2,23.5,32.9,3.6,1,23.5,991.1,13,6.5,28
238,금산,2025-09-01,26.4,22.6,32.8,46.6,1.4,23.4,987.6,12.9,6.3,28.5
238,금산,2025-09-02,25.1,20.3,29.9,5.3,.7,21.9,990.2,12.9,5.6,27.9
238,금산,2025-09-03,25.1,19.6,32.3,2.7,.9,21.6,991.7,12.9,5.8,28.2
238,금산,2025-09-04,26.2,22.6,30.4,,.8,23.1,990.2,12.8,6.5,28
238,금산,2025-09-05,26.6,22.1,32.1,0,.8,23.2,990.9,12.8,4.4,28.2
238,금산,2025-09-06,26.9,22.8,31.4,7.7,1.2,22.8,989.6,12.8,4.6,28.2
238,금산,2025-09-07,24.3,19.7,29.1,70.3,1,22.4,989.2,12.7,8.9,26.3
238,금산,2025-09-08,20.7,18.4,24.5,0,.7,18.9,991.8,12.7,9.4,24.8
238,금산,2025-09-09,19.9,18.1,21.6,2.7,.8,18.4,993.3,12.7,9.9,23.5
238,금산,2025-09-10,22.8,19.7,27.9,,.9,19.5,993.2,12.6,5.3,24.9
238,금산,2025-09-11,23.5,17.5,29.5,,1.3,18.9,995.9,12.6,3.3,25.7
238,금산,2025-09-12,22.3,20.1,26,12.5,1,20,993.1,12.5,9.9,24.1
238,금산,2025-09-13,25.3,21.7,29.1,30.1,1.3,22.2,987,12.5,8.1,26.1
238,금산,2025-09-14,24.6,20.9,29.3,,.8,21.2,992.3,12.5,8.6,26.6
238,금산,2025-09-15,25,21.5,29.9,,.7,22,995.7,12.4,9.1,26.5
238,금산,2025-09-16,26,22.6,31.1,.6,.9,23.4,993.2,12.4,5.9,26.8
238,금산,2025-09-17,24.6,22,29,39.1,1.1,22,990.9,12.4,8.3,26
238,금산,2025-09-18,22,19.6,27,0,1.1,18.3,995.6,12.3,7.8,25
238,금산,2025-09-19,20.5,18.4,23.5,4.4,1.1,16.7,995.8,12.3,9.5,23.4
238,금산,2025-09-20,20.7,17.4,23.4,43.6,1.3,19.1,989.6,12.2,8.4,23.1
238,금산,2025-09-21,20.3,16.8,26.4,,1,16.7,997,12.2,5.9,23.4
238,금산,2025-09-22,20.2,15.7,24.7,0,1.3,15.2,1000.3,12.2,9.1,22.6
238,금산,2025-09-23,20.8,16.6,27.4,.1,1.2,15.2,998.6,12.1,6.8,23.3
238,금산,2025-09-24,22,16.2,27.9,2.2,.8,19.6,994.8,12.1,9,23.1
238,금산,2025-09-25,22.7,21.2,25.7,9,.5,22,997.9,12.1,9.4,24
238,금산,2025-09-26,21.5,18.1,27.3,,.7,18.2,999.1,12,6.4,24.2
238,금산,2025-09-27,22.1,16.5,27.8,,.7,18.9,997.2,12,7.4,24
238,금산,2025-09-28,20.7,18.5,22.5,8.9,1,20,991.3,11.9,9.8,23.5
238,금산,2025-09-29,19.5,15.3,24.1,,.7,16,993.2,11.9,5.9,23.1
238,금산,2025-09-30,18.4,14.4,24.5,,.7,15.7,993.4,11.9,6,22.2
238,금산,2025-10-01,18.8,14.4,26,,.7,15,994.4,11.8,4.5,22.5
238,금산,2025-10-02,18.7,14.9,24.6,.5,.6,16.3,997.8,11.8,9.1,21.8
238,금산,2025-10-03,18.2,17.4,19.1,26.5,1.1,17.6,995.7,11.7,8.5,20.5
238,금산,2025-10-04,20.5,18.2,22.5,3.4,.4,20,993.6,11.7,8.6,22.2
238,금산,2025-10-05,21.9,20.4,25.6,0,.4,20.7,994.4,11.7,8.8,23.4
238,금산,2025-10-06,20.1,18.8,21.8,20.7,.8,19.5,995,11.6,9.9,22.2
238,금산,2025-10-07,20.1,18.7,22.9,13.1,.7,19.7,994.6,11.6,9.1,21.9
238,금산,2025-10-08,20.7,17.9,24.6,.5,.5,19.5,996.3,11.6,5.8,22.7
238,금산,2025-10-09,20.2,16.1,25.1,,1.3,16.9,998.6,11.5,6.6,22.8
238,금산,2025-10-10,20.7,15.9,27.2,,.8,16.7,997.3,11.5,7.9,22.6
238,금산,2025-10-11,21.5,16.7,27.7,,.9,17.9,993.2,11.5,4.8,23.7
238,금산,2025-10-12,20.7,18.7,22.8,.6,.7,19.7,993.2,11.4,9,22.2
238,금산,2025-10-13,18.9,17.4,21.3,24,.8,18.2,994,11.4,9,21
238,금산,2025-10-14,18.2,16.3,20.7,6.9,.8,16.8,996.6,11.3,7.5,20.3
238,금산,2025-10-15,19.6,15.6,24.3,.3,1.2,16.7,998.3,11.3,7.8,21
238,금산,2025-10-16,18.8,17,22,27.4,.8,17.5,998,11.3,6.3,20.5
238,금산,2025-10-17,19,13.1,24.8,5.7,1,16.2,1000.1,11.2,5.4,20.7
238,금산,2025-10-18,16.9,14.2,18.3,22,.8,16.1,999,11.2,9.9,19.5
238,금산,2025-10-19,16.3,11.8,22,,.9,13.4,1002.5,11.2,7.5,19.7
238,금산,2025-10-20,12.2,6.6,17.3,,1,7.8,1006,11.1,4.3,17.9
238,금산,2025-10-21,12.4,10.3,16,,1.1,8.9,1007.4,11.1,8.8,17
238,금산,2025-10-22,13.5,7.1,21.4,,.9,10.1,1006.7,11.1,3.9,17.5
238,금산,2025-10-23,13.9,8.5,21.5,,.6,11.1,1006.1,11,2.8,17
238,금산,2025-10-24,13.9,9.5,21,,.8,11,1004.6,11,5.6,18
238,금산,2025-10-25,13.7,10.3,19.7,,.8,10.8,1000.8,10.9,7.4,17.3
238,금산,2025-10-26,12.6,10.1,18.2,0,.8,9,998.1,10.9,8.1,16.5
238,금산,2025-10-27,9,3.5,12.7,,1.9,.3,1001.4,10.9,1.3,14.6
238,금산,2025-10-28,6.8,1.3,13.9,,.8,.6,1007.2,10.8,.3,13.1
238,금산,2025-10-29,7.2,.2,17.2,,.8,2.4,1008.4,10.8,.3,12.5
238,금산,2025-10-30,8.3,2.1,16.8,,.5,4.8,1005,10.8,5.5,12.5
238,금산,2025-10-31,10.7,4,20,0,.5,6.1,996.5,10.7,2.8,13.9
238,금산,2025-11-01,12.5,8.7,17.7,.7,1.4,7.9,993.3,10.7,4.4,14.7
238,금산,2025-11-02,9.6,4.6,15.1,1.2,2,3.2,998.8,10.7,3.3,13.2
238,금산,2025-11-03,5.8,-1.3,15,,.7,.9,1007,10.6,0,11
238,금산,2025-11-04,8.8,2.3,18.5,,.7,4.9,1005.6,10.6,1.5,12.3
238,금산,2025-11-05,9,3.6,19,,.5,5.7,1003.4,10.6,2.6,12.2
238,금산,2025-11-06,9.5,3.5,20,,.5,5.7,1003.5,10.5,4.4,12.6
238,금산,2025-11-07,10.5,3.7,20.9,,.5,6.9,1003.8,10.5,1.8,12.8
238,금산,2025-11-08,11.9,5.5,18.3,1.7,.4,9,1001.6,10.5,8.4,12.8
238,금산,2025-11-09,13.6,11.2,18.6,2.2,1.3,7.5,996.5,10.4,5.4,14.7
238,금산,2025-11-10,8.3,1.5,14.6,,1.4,-3.1,999.4,10.4,.9,9.8
238,금산,2025-11-11,6.1,-.3,15.6,,.7,-1,1002.2,10.4,3.5,7.8
238,금산,2025-11-12,6.3,-.8,14.8,,.5,2.2,1002.5,10.4,5.6,8
238,금산,2025-11-13,7.2,.3,17.5,,.6,4.1,999.1,10.3,.3,8.8
238,금산,2025-11-14,6.2,.8,15.3,,.6,2.2,1000.8,10.3,1.6,8.1
238,금산,2025-11-15,7.1,1.2,17.7,,.5,1.3,1005.8,10.3,2.9,8.2
238,금산,2025-11-16,9.7,1.4,20.3,,.8,3,1005.3,10.2,5.3,8.7
238,금산,2025-11-17,6.3,2.2,11.4,.6,1.7,-2.5,1006.9,10.2,5.5,7.5
238,금산,2025-11-18,2.7,-1.7,7.3,,1.2,-4,1005.6,10.2,5,4.9
238,금산,2025-11-19,4,-.3,9,,.9,-2.1,1004.8,10.2,2.8,5.6
238,금산,2025-11-20,7.5,-1.3,14.1,,1.3,1.7,1003.5,10.1,4.8,7.7
238,금산,2025-11-21,5.9,.7,12.2,,.9,-1.2,1004.8,10.1,.8,5.4
238,금산,2025-11-22,5.1,-1.7,14.9,,.6,.7,1005.1,10.1,.4,4.9
238,금산,2025-11-23,6.8,-.9,15.6,,.6,2.6,1001.9,10.1,4.6,6.8
238,금산,2025-11-24,10.3,4.5,18.5,,1.1,5.3,997.2,10,2.3,9.1
238,금산,2025-11-25,6.7,2.5,10.3,8.3,1.6,2.9,995.8,10,7.3,6.7
238,금산,2025-11-26,6.2,.5,12.3,,.7,1.5,1003.3,10,2.5,6.6
238,금산,2025-11-27,4.4,-.7,11,11,1.7,1.7,995.9,10,8.9,5.1
238,금산,2025-11-28,3.3,-2.3,8.7,,,-3.9,1000.1,10,2.5,4.8
238,금산,2025-11-29,4.3,-4.6,15.4,,,-.3,997,9.9,0,4.4
238,금산,2025-11-30,10.5,4.2,18.4,,1,5.4,995.2,9.9,1.3,8.2
238,금산,2025-12-01,7.5,.5,13.2,,1.3,-1,998.8,9.9,1,7.1
238,금산,2025-12-02,1.6,-1.5,7.2,,1.1,-6.4,1002.1,9.9,6,4
238,금산,2025-12-03,-2.8,-6,.6,0,1.7,-10.9,1004.1,9.9,3.6,1.6
238,금산,2025-12-04,-1.5,-7.8,3.6,1.3,1.1,-6.6,1004.6,9.8,5,1.4
238,금산,2025-12-05,-1.9,-6.2,3.9,,1.1,-7.5,1006.2,9.8,0,1.6
238,금산,2025-12-06,2.9,-8.1,10.8,,1.1,-2.5,1000.7,9.8,3.4,2.3
238,금산,2025-12-07,10.1,3.2,14.4,,1.4,4.5,999.8,9.8,3.9,6.8
238,금산,2025-12-08,4,-3.9,10.3,,1.3,-7.9,1005.5,9.8,1,3.9
238,금산,2025-12-09,-.1,-6.3,8.5,,.6,-5.3,1007,9.8,1.3,1.3
238,금산,2025-12-10,2.7,-3.6,11.3,,.4,-1.1,1003.9,9.8,7.4,3.1
238,금산,2025-12-11,6.1,-1.7,12.2,1.3,1.5,1.1,1000.1,9.8,5,5.6
238,금산,2025-12-12,1,-5.3,9.8,,.7,-3.4,1008.4,9.8,1.8,1.5
238,금산,2025-12-13,2.3,-1.3,7.9,7.1,.7,.7,1001,9.7,9.8,3.5
238,금산,2025-12-14,1.3,-.5,3.2,,1.1,-1.6,999.2,9.7,7.8,2.6
238,금산,2025-12-15,.9,-3.6,6.9,,.3,-1.3,1003.8,9.7,5.3,3.2
238,금산,2025-12-16,4.7,-1,9.2,0,.4,2.6,1001.3,9.7,8.9,4.6
238,금산,2025-12-17,4.7,-2.1,9,0,1.2,0,1002.4,9.7,3.6,5.2
238,금산,2025-12-18,.3,-4.3,10,,.5,-3.3,1005.3,9.7,1.3,1.4
238,금산,2025-12-19,3.1,-4.6,15.8,,.4,-.3,1000.9,9.7,3.9,2.5
238,금산,2025-12-20,6.9,1.1,14.1,1.4,1,5.1,998.5,9.7,7.6,5.9
238,금산,2025-12-21,-.1,-5,5.7,,1.6,-9.3,1007.3,9.7,4,.5
238,금산,2025-12-22,-2.5,-8.9,6.6,,.5,-8.8,1008.8,9.7,2.1,-1.5
238,금산,2025-12-23,.7,-5.8,5.8,8.3,.5,-1.9,1001.4,9.7,8,1.1
238,금산,2025-12-24,2.8,.1,4.2,3.6,.7,1.6,996.8,9.7,10,3.7
238,금산,2025-12-25,-1.6,-5.8,2.9,0,2.4,-7.2,999.1,9.7,5.4,.2
238,금산,2025-12-26,-6.3,-9.3,-1.9,,1.9,-16.5,1005.3,9.7,.5,-2.9
238,금산,2025-12-27,-2.5,-10.2,3.6,.3,.5,-6.2,1004.5,9.7,7.9,-.9
238,금산,2025-12-28,2.7,-1.6,8.6,.2,.5,.2,1000.8,9.7,7.1,2.4
238,금산,2025-12-29,3.7,-1.6,11,1.3,1,1.7,997.7,9.7,4.1,2.3
238,금산,2025-12-30,-.8,-4.6,5.1,,.8,-7,1003.5,9.7,0,-.4
238,금산,2025-12-31,-3.1,-7.1,.2,,1.5,-12.6,1005.6,9.7,3,-1.5
